'G6', 'tempo_meio', 'tempo_final', 'resultado'
'GFzvvW', 0.03751373291015625, 0.08896780014038086, True
'GQ~vvg', 0.01812744140625, 0.04552817344665527, True
'GUzvrw', 0.012369632720947266, 0.0923466682434082, True
