'G6', 'tempo_meio', 'tempo_final', 'resultado'
'GFzvvW', 0.23466086387634277, 0.22633862495422363, True
'GQ~vvg', 0.005543708801269531, 0.05182623863220215, True
'GUzvrw', 0.004535675048828125, 0.010978460311889648, True
