'G6', 'tempo_meio', 'tempo_final', 'resultado'
'GFzvvW', 0.4345829486846924, 0.04915213584899902, True
'GQ~vvg', 0.47199583053588867, 0.03859567642211914, True
'GUzvrw', 0.5464043617248535, 0.07443809509277344, True
