G6,emparelhamento,canonical_time,solve_time,qtde_moves,resultado,max_depth
W|fIIC`KGo@@@`?o_KG@`?CC?GG?WG?KC?@@??MG??X_??|,[(22-23)-(15-16)-(14-21)-(13-20)-(12-19)-(11-18)-(10-17)-(8-9)-(6-7)-(4-5)-(2-3)-(0-1)],8.726119995117188e-05,0.049312591552734375,7,True,0
W|fIIC`KGo@@@`?o_KG@`?CC?GG?WG?KC?@@??MG??X_??|,[(22-23)-(15-16)-(14-21)-(13-20)-(12-19)-(11-18)-(10-17)-(8-9)-(6-7)-(4-5)-(2-3)-(0-1)],9.417533874511719e-05,0.05205249786376953,5,False,0
W|fIIC`KGo@@@`?o_KG@`?CC?GG?WG?KC?@@??MG??X_??|,[(22-23)-(16-21)-(14-15)-(13-20)-(12-19)-(11-18)-(10-17)-(8-9)-(6-7)-(4-5)-(2-3)-(0-1)],9.083747863769531e-05,0.05277562141418457,5,True,0
W|fIIC`KGo@@@`?o_KG@`?CC?GG?WG?KC?@@??MG??X_??|,[(22-23)-(16-21)-(14-15)-(13-20)-(12-19)-(11-18)-(10-17)-(8-9)-(6-7)-(4-5)-(2-3)-(0-1)],9.393692016601562e-05,0.06138324737548828,6,True,0
W|fIIC`KGo@@@`?o_KG@`?CC?GG?WG?KC?@@??MG??X_??|,[(22-23)-(20-21)-(15-16)-(13-14)-(12-19)-(11-18)-(10-17)-(8-9)-(6-7)-(4-5)-(2-3)-(0-1)],0.0001010894775390625,0.04743552207946777,4,True,0
W|fIIC`KGo@@@`?o_KG@`?CC?GG?WG?KC?@@??MG??X_??|,[(22-23)-(20-21)-(15-16)-(13-14)-(12-19)-(11-18)-(10-17)-(8-9)-(6-7)-(4-5)-(2-3)-(0-1)],9.393692016601562e-05,0.06750822067260742,6,False,0
W|fIIC`KGo@@@`?o_KG@`?CC?GG?WG?KC?@@??MG??X_??|,[(21-22)-(20-23)-(15-16)-(13-14)-(12-19)-(11-18)-(10-17)-(8-9)-(6-7)-(4-5)-(2-3)-(0-1)],0.00010561943054199219,0.028847455978393555,2,False,0
W|fIIC`KGo@@@`?o_KG@`?CC?GG?WG?KC?@@??MG??X_??|,[(21-22)-(20-23)-(15-16)-(13-14)-(12-19)-(11-18)-(10-17)-(8-9)-(6-7)-(4-5)-(2-3)-(0-1)],8.940696716308594e-05,0.05144047737121582,5,False,0
W|fIIC`KGo@@@`?o_KG@`?CC?GG?WG?KC?@@??MG??X_??|,[(20-23)-(16-22)-(15-21)-(13-14)-(12-19)-(11-18)-(10-17)-(8-9)-(6-7)-(4-5)-(2-3)-(0-1)],9.179115295410156e-05,0.03963494300842285,4,True,0
W|fIIC`KGo@@@`?o_KG@`?CC?GG?WG?KC?@@??MG??X_??|,[(20-23)-(16-22)-(15-21)-(13-14)-(12-19)-(11-18)-(10-17)-(8-9)-(6-7)-(4-5)-(2-3)-(0-1)],9.942054748535156e-05,0.050134897232055664,5,True,0
W|fIIC`KGo@@@`?o_KG@`?CC?GG?WG?KC?@@??MG??X_??|,[(22-23)-(19-20)-(15-16)-(14-21)-(12-13)-(11-18)-(10-17)-(8-9)-(6-7)-(4-5)-(2-3)-(0-1)],9.059906005859375e-05,0.03993368148803711,3,False,0
W|fIIC`KGo@@@`?o_KG@`?CC?GG?WG?KC?@@??MG??X_??|,[(22-23)-(19-20)-(15-16)-(14-21)-(12-13)-(11-18)-(10-17)-(8-9)-(6-7)-(4-5)-(2-3)-(0-1)],9.298324584960938e-05,0.045408010482788086,4,True,0
W|fIIC`KGo@@@`?o_KG@`?CC?GG?WG?KC?@@??MG??X_??|,[(20-22)-(19-23)-(15-16)-(14-21)-(12-13)-(11-18)-(10-17)-(8-9)-(6-7)-(4-5)-(2-3)-(0-1)],9.083747863769531e-05,0.04459404945373535,4,False,0
W|fIIC`KGo@@@`?o_KG@`?CC?GG?WG?KC?@@??MG??X_??|,[(20-22)-(19-23)-(15-16)-(14-21)-(12-13)-(11-18)-(10-17)-(8-9)-(6-7)-(4-5)-(2-3)-(0-1)],9.5367431640625e-05,0.021397113800048828,1,True,0
W|fIIC`KGo@@@`?o_KG@`?CC?GG?WG?KC?@@??MG??X_??|,[(22-23)-(19-20)-(16-21)-(14-15)-(12-13)-(11-18)-(10-17)-(8-9)-(6-7)-(4-5)-(2-3)-(0-1)],8.940696716308594e-05,0.04834604263305664,4,False,0
W|fIIC`KGo@@@`?o_KG@`?CC?GG?WG?KC?@@??MG??X_??|,[(22-23)-(19-20)-(16-21)-(14-15)-(12-13)-(11-18)-(10-17)-(8-9)-(6-7)-(4-5)-(2-3)-(0-1)],0.00010609626770019531,0.02792501449584961,2,True,0
W|fIIC`KGo@@@`?o_KG@`?CC?GG?WG?KC?@@??MG??X_??|,[(20-22)-(19-23)-(16-21)-(14-15)-(12-13)-(11-18)-(10-17)-(8-9)-(6-7)-(4-5)-(2-3)-(0-1)],8.96453857421875e-05,0.0754542350769043,14,False,0
W|fIIC`KGo@@@`?o_KG@`?CC?GG?WG?KC?@@??MG??X_??|,[(20-22)-(19-23)-(16-21)-(14-15)-(12-13)-(11-18)-(10-17)-(8-9)-(6-7)-(4-5)-(2-3)-(0-1)],9.1552734375e-05,0.034525156021118164,3,True,0
W|fIIC`KGo@@@`?o_KG@`?CC?GG?WG?KC?@@??MG??X_??|,[(20-21)-(19-23)-(16-22)-(14-15)-(12-13)-(11-18)-(10-17)-(8-9)-(6-7)-(4-5)-(2-3)-(0-1)],9.1552734375e-05,0.04106903076171875,4,True,0
W|fIIC`KGo@@@`?o_KG@`?CC?GG?WG?KC?@@??MG??X_??|,[(20-21)-(19-23)-(16-22)-(14-15)-(12-13)-(11-18)-(10-17)-(8-9)-(6-7)-(4-5)-(2-3)-(0-1)],9.441375732421875e-05,0.03226137161254883,3,True,0
W|eIID_KGo@`@`?o_GGB@?KC?WG?OG?KC?@`??KG??[_??^,[(22-23)-(15-21)-(14-20)-(12-13)-(11-19)-(10-18)-(9-17)-(8-16)-(6-7)-(4-5)-(2-3)-(0-1)],8.821487426757812e-05,0.04828047752380371,4,True,0
W|eIID_KGo@`@`?o_GGB@?KC?WG?OG?KC?@`??KG??[_??^,[(22-23)-(15-21)-(14-20)-(12-13)-(11-19)-(10-18)-(9-17)-(8-16)-(6-7)-(4-5)-(2-3)-(0-1)],9.369850158691406e-05,0.02946329116821289,2,False,0
W|eIID_KGo@`@`?o_GGB@?KC?WG?OG?KC?@`??KG??[_??^,[(22-23)-(20-21)-(14-15)-(12-13)-(11-19)-(10-18)-(9-17)-(8-16)-(6-7)-(4-5)-(2-3)-(0-1)],8.869171142578125e-05,0.07352137565612793,16,False,0
W|eIID_KGo@`@`?o_GGB@?KC?WG?OG?KC?@`??KG??[_??^,[(22-23)-(20-21)-(14-15)-(12-13)-(11-19)-(10-18)-(9-17)-(8-16)-(6-7)-(4-5)-(2-3)-(0-1)],9.322166442871094e-05,0.05251884460449219,5,False,0
W|eIID_KGo@`@`?o_GGB@?KC?WG?OG?KC?@`??KG??[_??^,[(21-22)-(20-23)-(14-15)-(12-13)-(11-19)-(10-18)-(9-17)-(8-16)-(6-7)-(4-5)-(2-3)-(0-1)],8.96453857421875e-05,0.0264585018157959,2,True,0
W|eIID_KGo@`@`?o_GGB@?KC?WG?OG?KC?@`??KG??[_??^,[(21-22)-(20-23)-(14-15)-(12-13)-(11-19)-(10-18)-(9-17)-(8-16)-(6-7)-(4-5)-(2-3)-(0-1)],9.298324584960938e-05,0.04526495933532715,4,True,0
W|eIID_KGo@`@`?o_GGB@?KC?WG?OG?KC?@`??KG??[_??^,[(21-22)-(19-23)-(14-15)-(13-20)-(11-12)-(10-18)-(9-17)-(8-16)-(6-7)-(4-5)-(2-3)-(0-1)],9.107589721679688e-05,0.05030417442321777,5,True,0
W|eIID_KGo@`@`?o_GGB@?KC?WG?OG?KC?@`??KG??[_??^,[(21-22)-(19-23)-(14-15)-(13-20)-(11-12)-(10-18)-(9-17)-(8-16)-(6-7)-(4-5)-(2-3)-(0-1)],9.465217590332031e-05,0.03401923179626465,3,True,0
W|eIID_KGo@`@`?o_GGB@?KC?WG?OG?KC?@`??KG??[_??^,[(22-23)-(19-20)-(15-21)-(13-14)-(11-12)-(10-18)-(9-17)-(8-16)-(6-7)-(4-5)-(2-3)-(0-1)],8.7738037109375e-05,0.04085230827331543,4,True,0
W|eIID_KGo@`@`?o_GGB@?KC?WG?OG?KC?@`??KG??[_??^,[(22-23)-(19-20)-(15-21)-(13-14)-(11-12)-(10-18)-(9-17)-(8-16)-(6-7)-(4-5)-(2-3)-(0-1)],9.226799011230469e-05,0.02857685089111328,2,True,0
W|eIID_KGo@`@`?o_GGB@?KC?WG?OG?KC?@`??KG??[_??^,[(21-23)-(18-22)-(14-15)-(13-20)-(12-19)-(10-11)-(9-17)-(8-16)-(6-7)-(4-5)-(2-3)-(0-1)],8.797645568847656e-05,0.02750420570373535,3,False,0
W|eIID_KGo@`@`?o_GGB@?KC?WG?OG?KC?@`??KG??[_??^,[(21-23)-(18-22)-(14-15)-(13-20)-(12-19)-(10-11)-(9-17)-(8-16)-(6-7)-(4-5)-(2-3)-(0-1)],9.298324584960938e-05,0.07591819763183594,16,False,0
W|eIID_KGo@`@`?o_GGB@?KC?WG?OG?KC?@`??KG??[_??^,[(21-22)-(18-23)-(14-15)-(13-20)-(12-19)-(10-11)-(9-17)-(8-16)-(6-7)-(4-5)-(2-3)-(0-1)],0.00010061264038085938,0.13342499732971191,20,False,0
W|eIID_KGo@`@`?o_GGB@?KC?WG?OG?KC?@`??KG??[_??^,[(21-22)-(18-23)-(14-15)-(13-20)-(12-19)-(10-11)-(9-17)-(8-16)-(6-7)-(4-5)-(2-3)-(0-1)],9.799003601074219e-05,0.04564690589904785,5,True,0
W|eIID_KGo@`@`?o_GGB@?KC?WG?OG?KC?@`??KG??[_??^,[(20-23)-(18-22)-(15-21)-(13-14)-(12-19)-(10-11)-(9-17)-(8-16)-(6-7)-(4-5)-(2-3)-(0-1)],8.916854858398438e-05,0.04777812957763672,4,False,0
W|eIID_KGo@`@`?o_GGB@?KC?WG?OG?KC?@`??KG??[_??^,[(20-23)-(18-22)-(15-21)-(13-14)-(12-19)-(10-11)-(9-17)-(8-16)-(6-7)-(4-5)-(2-3)-(0-1)],9.393692016601562e-05,0.056154489517211914,5,True,0
W|eIID_KGo@`@`?o_GGB@?KC?WG?OG?KC?@`??KG??[_??^,[(22-23)-(18-19)-(15-21)-(14-20)-(12-13)-(10-11)-(9-17)-(8-16)-(6-7)-(4-5)-(2-3)-(0-1)],9.179115295410156e-05,0.03476905822753906,3,True,0
W|eIID_KGo@`@`?o_GGB@?KC?WG?OG?KC?@`??KG??[_??^,[(22-23)-(18-19)-(15-21)-(14-20)-(12-13)-(10-11)-(9-17)-(8-16)-(6-7)-(4-5)-(2-3)-(0-1)],0.00013828277587890625,0.019057512283325195,1,True,0
W|eIID_KGo@`@`?o_GGB@?KC?WG?OG?KC?@`??KG??[_??^,[(19-23)-(18-22)-(15-21)-(14-20)-(12-13)-(10-11)-(9-17)-(8-16)-(6-7)-(4-5)-(2-3)-(0-1)],0.00013780593872070312,0.04030156135559082,3,True,0
W|eIID_KGo@`@`?o_GGB@?KC?WG?OG?KC?@`??KG??[_??^,[(19-23)-(18-22)-(15-21)-(14-20)-(12-13)-(10-11)-(9-17)-(8-16)-(6-7)-(4-5)-(2-3)-(0-1)],0.00012874603271484375,0.04230380058288574,4,True,0
WtbIID`GH_a@E@A?`o?E@?WC?OG?wG?M??@@??[G??X_??|,[(22-23)-(20-21)-(14-15)-(12-13)-(11-19)-(10-18)-(9-17)-(8-16)-(6-7)-(4-5)-(2-3)-(0-1)],8.7738037109375e-05,0.1154024600982666,17,False,0
WtbIID`GH_a@E@A?`o?E@?WC?OG?wG?M??@@??[G??X_??|,[(22-23)-(20-21)-(14-15)-(12-13)-(11-19)-(10-18)-(9-17)-(8-16)-(6-7)-(4-5)-(2-3)-(0-1)],9.584426879882812e-05,0.0339663028717041,3,True,0
WtbIID`GH_a@E@A?`o?E@?WC?OG?wG?M??@@??[G??X_??|,[(21-22)-(20-23)-(14-15)-(12-13)-(11-19)-(10-18)-(9-17)-(8-16)-(6-7)-(4-5)-(2-3)-(0-1)],0.00010395050048828125,0.04187178611755371,4,True,0
WtbIID`GH_a@E@A?`o?E@?WC?OG?wG?M??@@??[G??X_??|,[(21-22)-(20-23)-(14-15)-(12-13)-(11-19)-(10-18)-(9-17)-(8-16)-(6-7)-(4-5)-(2-3)-(0-1)],9.512901306152344e-05,0.05469250679016113,5,True,0
WtbIID`GH_a@E@A?`o?E@?WC?OG?wG?M??@@??[G??X_??|,[(22-23)-(20-21)-(14-15)-(13-19)-(11-12)-(10-18)-(9-17)-(8-16)-(6-7)-(4-5)-(2-3)-(0-1)],9.417533874511719e-05,0.028668880462646484,3,True,0
WtbIID`GH_a@E@A?`o?E@?WC?OG?wG?M??@@??[G??X_??|,[(22-23)-(20-21)-(14-15)-(13-19)-(11-12)-(10-18)-(9-17)-(8-16)-(6-7)-(4-5)-(2-3)-(0-1)],0.00010848045349121094,0.05451059341430664,5,True,0
WtbIID`GH_a@E@A?`o?E@?WC?OG?wG?M??@@??[G??X_??|,[(21-22)-(20-23)-(14-15)-(13-19)-(11-12)-(10-18)-(9-17)-(8-16)-(6-7)-(4-5)-(2-3)-(0-1)],0.00010776519775390625,0.01675558090209961,1,True,0
WtbIID`GH_a@E@A?`o?E@?WC?OG?wG?M??@@??[G??X_??|,[(21-22)-(20-23)-(14-15)-(13-19)-(11-12)-(10-18)-(9-17)-(8-16)-(6-7)-(4-5)-(2-3)-(0-1)],8.845329284667969e-05,0.04767274856567383,4,True,0
WtbIID`GH_a@E@A?`o?E@?WC?OG?wG?M??@@??[G??X_??|,[(21-22)-(19-23)-(14-15)-(13-20)-(11-12)-(10-18)-(9-17)-(8-16)-(6-7)-(4-5)-(2-3)-(0-1)],9.489059448242188e-05,0.07031702995300293,6,True,0
WtbIID`GH_a@E@A?`o?E@?WC?OG?wG?M??@@??[G??X_??|,[(21-22)-(19-23)-(14-15)-(13-20)-(11-12)-(10-18)-(9-17)-(8-16)-(6-7)-(4-5)-(2-3)-(0-1)],9.441375732421875e-05,0.04304671287536621,4,True,0
WtbIID`GH_a@E@A?`o?E@?WC?OG?wG?M??@@??[G??X_??|,[(22-23)-(19-20)-(14-15)-(13-21)-(11-12)-(10-18)-(9-17)-(8-16)-(6-7)-(4-5)-(2-3)-(0-1)],9.202957153320312e-05,0.039764404296875,4,True,0
WtbIID`GH_a@E@A?`o?E@?WC?OG?wG?M??@@??[G??X_??|,[(22-23)-(19-20)-(14-15)-(13-21)-(11-12)-(10-18)-(9-17)-(8-16)-(6-7)-(4-5)-(2-3)-(0-1)],9.584426879882812e-05,0.04848790168762207,5,True,0
WtbIID`GH_a@E@A?`o?E@?WC?OG?wG?M??@@??[G??X_??|,[(20-22)-(19-23)-(14-15)-(13-21)-(11-12)-(10-18)-(9-17)-(8-16)-(6-7)-(4-5)-(2-3)-(0-1)],9.083747863769531e-05,0.15378165245056152,21,False,0
WtbIID`GH_a@E@A?`o?E@?WC?OG?wG?M??@@??[G??X_??|,[(20-22)-(19-23)-(14-15)-(13-21)-(11-12)-(10-18)-(9-17)-(8-16)-(6-7)-(4-5)-(2-3)-(0-1)],9.965896606445312e-05,0.0337529182434082,3,True,0
WtbIID`GH_a@E@A?`o?E@?WC?OG?wG?M??@@??[G??X_??|,[(21-22)-(18-23)-(14-15)-(13-20)-(12-19)-(10-11)-(9-17)-(8-16)-(6-7)-(4-5)-(2-3)-(0-1)],9.036064147949219e-05,0.02937173843383789,2,False,0
WtbIID`GH_a@E@A?`o?E@?WC?OG?wG?M??@@??[G??X_??|,[(21-22)-(18-23)-(14-15)-(13-20)-(12-19)-(10-11)-(9-17)-(8-16)-(6-7)-(4-5)-(2-3)-(0-1)],0.00015807151794433594,0.11751317977905273,13,True,0
WtbIID`GH_a@E@A?`o?E@?WC?OG?wG?M??@@??[G??X_??|,[(20-22)-(18-23)-(14-15)-(13-21)-(12-19)-(10-11)-(9-17)-(8-16)-(6-7)-(4-5)-(2-3)-(0-1)],9.441375732421875e-05,0.06773185729980469,7,True,0
WtbIID`GH_a@E@A?`o?E@?WC?OG?wG?M??@@??[G??X_??|,[(20-22)-(18-23)-(14-15)-(13-21)-(12-19)-(10-11)-(9-17)-(8-16)-(6-7)-(4-5)-(2-3)-(0-1)],0.00010204315185546875,0.044943809509277344,4,False,0
WtbIID`GH_a@E@A?`o?E@?WC?OG?wG?M??@@??[G??X_??|,[(21-22)-(19-20)-(18-23)-(14-15)-(12-13)-(10-11)-(9-17)-(8-16)-(6-7)-(4-5)-(2-3)-(0-1)],9.632110595703125e-05,0.047318220138549805,6,True,0
WtbIID`GH_a@E@A?`o?E@?WC?OG?wG?M??@@??[G??X_??|,[(21-22)-(19-20)-(18-23)-(14-15)-(12-13)-(10-11)-(9-17)-(8-16)-(6-7)-(4-5)-(2-3)-(0-1)],9.584426879882812e-05,0.027277469635009766,2,True,0
WtfIID`GH_b?B@?__WGA@?KC?WG?W??MC?@B??KG??w_??v,[(20-23)-(15-22)-(14-21)-(12-13)-(11-19)-(10-18)-(9-17)-(8-16)-(6-7)-(4-5)-(2-3)-(0-1)],8.916854858398438e-05,0.0755152702331543,15,False,0
WtfIID`GH_b?B@?__WGA@?KC?WG?W??MC?@B??KG??w_??v,[(20-23)-(15-22)-(14-21)-(12-13)-(11-19)-(10-18)-(9-17)-(8-16)-(6-7)-(4-5)-(2-3)-(0-1)],0.00014400482177734375,0.0317835807800293,3,True,0
WtfIID`GH_b?B@?__WGA@?KC?WG?W??MC?@B??KG??w_??v,[(22-23)-(20-21)-(14-15)-(12-13)-(11-19)-(10-18)-(9-17)-(8-16)-(6-7)-(4-5)-(2-3)-(0-1)],8.749961853027344e-05,0.04380607604980469,4,False,0
WtfIID`GH_b?B@?__WGA@?KC?WG?W??MC?@B??KG??w_??v,[(22-23)-(20-21)-(14-15)-(12-13)-(11-19)-(10-18)-(9-17)-(8-16)-(6-7)-(4-5)-(2-3)-(0-1)],9.131431579589844e-05,0.07489943504333496,7,True,0
WtfIID`GH_b?B@?__WGA@?KC?WG?W??MC?@B??KG??w_??v,[(21-22)-(20-23)-(14-15)-(12-13)-(11-19)-(10-18)-(9-17)-(8-16)-(6-7)-(4-5)-(2-3)-(0-1)],8.654594421386719e-05,0.028445720672607422,3,True,0
WtfIID`GH_b?B@?__WGA@?KC?WG?W??MC?@B??KG??w_??v,[(21-22)-(20-23)-(14-15)-(12-13)-(11-19)-(10-18)-(9-17)-(8-16)-(6-7)-(4-5)-(2-3)-(0-1)],9.393692016601562e-05,0.028808116912841797,2,False,0
WtfIID`GH_b?B@?__WGA@?KC?WG?W??MC?@B??KG??w_??v,[(20-23)-(15-22)-(14-21)-(13-19)-(11-12)-(10-18)-(9-17)-(8-16)-(6-7)-(4-5)-(2-3)-(0-1)],0.00011563301086425781,0.09020686149597168,20,False,0
WtfIID`GH_b?B@?__WGA@?KC?WG?W??MC?@B??KG??w_??v,[(20-23)-(15-22)-(14-21)-(13-19)-(11-12)-(10-18)-(9-17)-(8-16)-(6-7)-(4-5)-(2-3)-(0-1)],9.012222290039062e-05,0.06953310966491699,7,False,0
WtfIID`GH_b?B@?__WGA@?KC?WG?W??MC?@B??KG??w_??v,[(22-23)-(20-21)-(14-15)-(13-19)-(11-12)-(10-18)-(9-17)-(8-16)-(6-7)-(4-5)-(2-3)-(0-1)],9.512901306152344e-05,0.03187990188598633,3,True,0
WtfIID`GH_b?B@?__WGA@?KC?WG?W??MC?@B??KG??w_??v,[(22-23)-(20-21)-(14-15)-(13-19)-(11-12)-(10-18)-(9-17)-(8-16)-(6-7)-(4-5)-(2-3)-(0-1)],0.0001373291015625,0.0240480899810791,1,True,0
WtfIID`GH_b?B@?__WGA@?KC?WG?W??MC?@B??KG??w_??v,[(21-22)-(20-23)-(14-15)-(13-19)-(11-12)-(10-18)-(9-17)-(8-16)-(6-7)-(4-5)-(2-3)-(0-1)],8.702278137207031e-05,0.028828859329223633,2,True,0
WtfIID`GH_b?B@?__WGA@?KC?WG?W??MC?@B??KG??w_??v,[(21-22)-(20-23)-(14-15)-(13-19)-(11-12)-(10-18)-(9-17)-(8-16)-(6-7)-(4-5)-(2-3)-(0-1)],8.893013000488281e-05,0.08827733993530273,17,False,0
WtfIID`GH_b?B@?__WGA@?KC?WG?W??MC?@B??KG??w_??v,[(22-23)-(19-20)-(15-21)-(13-14)-(11-12)-(10-18)-(9-17)-(8-16)-(6-7)-(4-5)-(2-3)-(0-1)],8.654594421386719e-05,0.05279874801635742,5,False,0
WtfIID`GH_b?B@?__WGA@?KC?WG?W??MC?@B??KG??w_??v,[(22-23)-(19-20)-(15-21)-(13-14)-(11-12)-(10-18)-(9-17)-(8-16)-(6-7)-(4-5)-(2-3)-(0-1)],9.202957153320312e-05,0.041287899017333984,4,True,0
WtfIID`GH_b?B@?__WGA@?KC?WG?W??MC?@B??KG??w_??v,[(21-23)-(19-20)-(15-22)-(13-14)-(11-12)-(10-18)-(9-17)-(8-16)-(6-7)-(4-5)-(2-3)-(0-1)],0.00011444091796875,0.06157326698303223,13,False,0
WtfIID`GH_b?B@?__WGA@?KC?WG?W??MC?@B??KG??w_??v,[(21-23)-(19-20)-(15-22)-(13-14)-(11-12)-(10-18)-(9-17)-(8-16)-(6-7)-(4-5)-(2-3)-(0-1)],0.00010538101196289062,0.03017711639404297,3,True,0
WtfIID`GH_b?B@?__WGA@?KC?WG?W??MC?@B??KG??w_??v,[(17-23)-(15-22)-(14-21)-(13-20)-(12-19)-(11-18)-(9-10)-(8-16)-(6-7)-(4-5)-(2-3)-(0-1)],8.940696716308594e-05,0.07410669326782227,7,False,0
WtfIID`GH_b?B@?__WGA@?KC?WG?W??MC?@B??KG??w_??v,[(17-23)-(15-22)-(14-21)-(13-20)-(12-19)-(11-18)-(9-10)-(8-16)-(6-7)-(4-5)-(2-3)-(0-1)],9.393692016601562e-05,0.03447985649108887,3,True,0
WtfIID`GH_b?B@?__WGA@?KC?WG?W??MC?@B??KG??w_??v,[(21-23)-(17-22)-(14-15)-(13-20)-(12-19)-(11-18)-(9-10)-(8-16)-(6-7)-(4-5)-(2-3)-(0-1)],8.988380432128906e-05,0.031728267669677734,3,False,0
WtfIID`GH_b?B@?__WGA@?KC?WG?W??MC?@B??KG??w_??v,[(21-23)-(17-22)-(14-15)-(13-20)-(12-19)-(11-18)-(9-10)-(8-16)-(6-7)-(4-5)-(2-3)-(0-1)],9.083747863769531e-05,0.10181593894958496,17,False,0
WtfIID`GH_b@B@?__WGA@?KC?OG?OG?MC?@B??KG??w_??v,[(20-23)-(15-22)-(14-21)-(12-13)-(11-19)-(10-18)-(9-17)-(8-16)-(6-7)-(4-5)-(2-3)-(0-1)],8.463859558105469e-05,0.04615378379821777,4,True,0
WtfIID`GH_b@B@?__WGA@?KC?OG?OG?MC?@B??KG??w_??v,[(20-23)-(15-22)-(14-21)-(12-13)-(11-19)-(10-18)-(9-17)-(8-16)-(6-7)-(4-5)-(2-3)-(0-1)],9.417533874511719e-05,0.06229090690612793,7,True,0
WtfIID`GH_b@B@?__WGA@?KC?OG?OG?MC?@B??KG??w_??v,[(22-23)-(20-21)-(14-15)-(12-13)-(11-19)-(10-18)-(9-17)-(8-16)-(6-7)-(4-5)-(2-3)-(0-1)],8.988380432128906e-05,0.027988672256469727,2,True,0
WtfIID`GH_b@B@?__WGA@?KC?OG?OG?MC?@B??KG??w_??v,[(22-23)-(20-21)-(14-15)-(12-13)-(11-19)-(10-18)-(9-17)-(8-16)-(6-7)-(4-5)-(2-3)-(0-1)],9.34600830078125e-05,0.032962799072265625,3,False,0
WtfIID`GH_b@B@?__WGA@?KC?OG?OG?MC?@B??KG??w_??v,[(21-22)-(20-23)-(14-15)-(12-13)-(11-19)-(10-18)-(9-17)-(8-16)-(6-7)-(4-5)-(2-3)-(0-1)],0.00010037422180175781,0.08427071571350098,17,False,0
WtfIID`GH_b@B@?__WGA@?KC?OG?OG?MC?@B??KG??w_??v,[(21-22)-(20-23)-(14-15)-(12-13)-(11-19)-(10-18)-(9-17)-(8-16)-(6-7)-(4-5)-(2-3)-(0-1)],8.96453857421875e-05,0.03006720542907715,2,False,0
WtfIID`GH_b@B@?__WGA@?KC?OG?OG?MC?@B??KG??w_??v,[(20-23)-(15-22)-(14-21)-(13-19)-(11-12)-(10-18)-(9-17)-(8-16)-(6-7)-(4-5)-(2-3)-(0-1)],8.988380432128906e-05,0.03983926773071289,3,True,0
WtfIID`GH_b@B@?__WGA@?KC?OG?OG?MC?@B??KG??w_??v,[(20-23)-(15-22)-(14-21)-(13-19)-(11-12)-(10-18)-(9-17)-(8-16)-(6-7)-(4-5)-(2-3)-(0-1)],9.322166442871094e-05,0.04116702079772949,4,True,0
WtfIID`GH_b@B@?__WGA@?KC?OG?OG?MC?@B??KG??w_??v,[(22-23)-(20-21)-(14-15)-(13-19)-(11-12)-(10-18)-(9-17)-(8-16)-(6-7)-(4-5)-(2-3)-(0-1)],9.202957153320312e-05,0.037706851959228516,3,True,0
WtfIID`GH_b@B@?__WGA@?KC?OG?OG?MC?@B??KG??w_??v,[(22-23)-(20-21)-(14-15)-(13-19)-(11-12)-(10-18)-(9-17)-(8-16)-(6-7)-(4-5)-(2-3)-(0-1)],9.417533874511719e-05,0.12616395950317383,21,False,0
WtfIID`GH_b@B@?__WGA@?KC?OG?OG?MC?@B??KG??w_??v,[(21-22)-(20-23)-(14-15)-(13-19)-(11-12)-(10-18)-(9-17)-(8-16)-(6-7)-(4-5)-(2-3)-(0-1)],8.893013000488281e-05,0.019978761672973633,1,True,0
WtfIID`GH_b@B@?__WGA@?KC?OG?OG?MC?@B??KG??w_??v,[(21-22)-(20-23)-(14-15)-(13-19)-(11-12)-(10-18)-(9-17)-(8-16)-(6-7)-(4-5)-(2-3)-(0-1)],8.726119995117188e-05,0.06238889694213867,6,True,0
WtfIID`GH_b@B@?__WGA@?KC?OG?OG?MC?@B??KG??w_??v,[(22-23)-(19-20)-(15-21)-(13-14)-(11-12)-(10-18)-(9-17)-(8-16)-(6-7)-(4-5)-(2-3)-(0-1)],9.083747863769531e-05,0.028715133666992188,2,True,0
WtfIID`GH_b@B@?__WGA@?KC?OG?OG?MC?@B??KG??w_??v,[(22-23)-(19-20)-(15-21)-(13-14)-(11-12)-(10-18)-(9-17)-(8-16)-(6-7)-(4-5)-(2-3)-(0-1)],8.988380432128906e-05,0.03784012794494629,3,True,0
WtfIID`GH_b@B@?__WGA@?KC?OG?OG?MC?@B??KG??w_??v,[(21-23)-(19-20)-(15-22)-(13-14)-(11-12)-(10-18)-(9-17)-(8-16)-(6-7)-(4-5)-(2-3)-(0-1)],8.869171142578125e-05,0.039925336837768555,4,True,0
WtfIID`GH_b@B@?__WGA@?KC?OG?OG?MC?@B??KG??w_??v,[(21-23)-(19-20)-(15-22)-(13-14)-(11-12)-(10-18)-(9-17)-(8-16)-(6-7)-(4-5)-(2-3)-(0-1)],9.369850158691406e-05,0.025063514709472656,2,True,0
WtfIID`GH_b@B@?__WGA@?KC?OG?OG?MC?@B??KG??w_??v,[(18-23)-(15-22)-(14-21)-(13-20)-(12-19)-(10-11)-(9-17)-(8-16)-(6-7)-(4-5)-(2-3)-(0-1)],0.00012373924255371094,0.04957747459411621,5,False,0
WtfIID`GH_b@B@?__WGA@?KC?OG?OG?MC?@B??KG??w_??v,[(18-23)-(15-22)-(14-21)-(13-20)-(12-19)-(10-11)-(9-17)-(8-16)-(6-7)-(4-5)-(2-3)-(0-1)],9.512901306152344e-05,0.03746652603149414,3,False,0
WtfIID`GH_b@B@?__WGA@?KC?OG?OG?MC?@B??KG??w_??v,[(21-22)-(18-23)-(14-15)-(13-20)-(12-19)-(10-11)-(9-17)-(8-16)-(6-7)-(4-5)-(2-3)-(0-1)],0.00011587142944335938,0.027803897857666016,2,True,0
WtfIID`GH_b@B@?__WGA@?KC?OG?OG?MC?@B??KG??w_??v,[(21-22)-(18-23)-(14-15)-(13-20)-(12-19)-(10-11)-(9-17)-(8-16)-(6-7)-(4-5)-(2-3)-(0-1)],0.00010585784912109375,0.027322769165039062,3,True,0
WtfIID`GH_b?B@?_?WGB@?CC?WG?WG?KC?B@??QG?Bo_??},[(21-23)-(15-16)-(14-22)-(13-20)-(12-19)-(11-18)-(10-17)-(8-9)-(6-7)-(4-5)-(2-3)-(0-1)],8.797645568847656e-05,0.03224515914916992,3,True,0
WtfIID`GH_b?B@?_?WGB@?CC?WG?WG?KC?B@??QG?Bo_??},[(21-23)-(15-16)-(14-22)-(13-20)-(12-19)-(11-18)-(10-17)-(8-9)-(6-7)-(4-5)-(2-3)-(0-1)],9.202957153320312e-05,0.02726459503173828,2,True,0
WtfIID`GH_b?B@?_?WGB@?CC?WG?WG?KC?B@??QG?Bo_??},[(21-23)-(16-22)-(14-15)-(13-20)-(12-19)-(11-18)-(10-17)-(8-9)-(6-7)-(4-5)-(2-3)-(0-1)],8.940696716308594e-05,0.04421687126159668,4,True,0
WtfIID`GH_b?B@?_?WGB@?CC?WG?WG?KC?B@??QG?Bo_??},[(21-23)-(16-22)-(14-15)-(13-20)-(12-19)-(11-18)-(10-17)-(8-9)-(6-7)-(4-5)-(2-3)-(0-1)],9.322166442871094e-05,0.06569504737854004,7,True,0
WtfIID`GH_b?B@?_?WGB@?CC?WG?WG?KC?B@??QG?Bo_??},[(20-23)-(15-16)-(14-22)-(13-21)-(12-19)-(11-18)-(10-17)-(8-9)-(6-7)-(4-5)-(2-3)-(0-1)],9.107589721679688e-05,0.029052257537841797,2,False,0
WtfIID`GH_b?B@?_?WGB@?CC?WG?WG?KC?B@??QG?Bo_??},[(20-23)-(15-16)-(14-22)-(13-21)-(12-19)-(11-18)-(10-17)-(8-9)-(6-7)-(4-5)-(2-3)-(0-1)],0.00012946128845214844,0.034911155700683594,3,True,0
WtfIID`GH_b?B@?_?WGB@?CC?WG?WG?KC?B@??QG?Bo_??},[(20-23)-(16-22)-(14-15)-(13-21)-(12-19)-(11-18)-(10-17)-(8-9)-(6-7)-(4-5)-(2-3)-(0-1)],9.012222290039062e-05,0.02893519401550293,2,False,0
WtfIID`GH_b?B@?_?WGB@?CC?WG?WG?KC?B@??QG?Bo_??},[(20-23)-(16-22)-(14-15)-(13-21)-(12-19)-(11-18)-(10-17)-(8-9)-(6-7)-(4-5)-(2-3)-(0-1)],9.250640869140625e-05,0.03410935401916504,3,True,0
WtfIID`GH_b?B@?_?WGB@?CC?WG?WG?KC?B@??QG?Bo_??},[(20-23)-(16-21)-(14-15)-(13-22)-(12-19)-(11-18)-(10-17)-(8-9)-(6-7)-(4-5)-(2-3)-(0-1)],9.012222290039062e-05,0.02682018280029297,2,True,0
WtfIID`GH_b?B@?_?WGB@?CC?WG?WG?KC?B@??QG?Bo_??},[(20-23)-(16-21)-(14-15)-(13-22)-(12-19)-(11-18)-(10-17)-(8-9)-(6-7)-(4-5)-(2-3)-(0-1)],0.00010514259338378906,0.038941383361816406,4,True,0
WtfIID`GH_b?B@?_?WGB@?CC?WG?WG?KC?B@??QG?Bo_??},[(21-22)-(20-23)-(15-16)-(13-14)-(12-19)-(11-18)-(10-17)-(8-9)-(6-7)-(4-5)-(2-3)-(0-1)],8.940696716308594e-05,0.027022123336791992,3,True,0
WtfIID`GH_b?B@?_?WGB@?CC?WG?WG?KC?B@??QG?Bo_??},[(21-22)-(20-23)-(15-16)-(13-14)-(12-19)-(11-18)-(10-17)-(8-9)-(6-7)-(4-5)-(2-3)-(0-1)],9.083747863769531e-05,0.03197479248046875,3,True,0
WtfIID`GH_b?B@?_?WGB@?CC?WG?WG?KC?B@??QG?Bo_??},[(20-23)-(16-21)-(15-22)-(13-14)-(12-19)-(11-18)-(10-17)-(8-9)-(6-7)-(4-5)-(2-3)-(0-1)],9.131431579589844e-05,0.039113521575927734,3,False,0
WtfIID`GH_b?B@?_?WGB@?CC?WG?WG?KC?B@??QG?Bo_??},[(20-23)-(16-21)-(15-22)-(13-14)-(12-19)-(11-18)-(10-17)-(8-9)-(6-7)-(4-5)-(2-3)-(0-1)],9.298324584960938e-05,0.049196481704711914,5,True,0
WtfIID`GH_b?B@?_?WGB@?CC?WG?WG?KC?B@??QG?Bo_??},[(19-23)-(15-16)-(14-22)-(13-21)-(12-20)-(11-18)-(10-17)-(8-9)-(6-7)-(4-5)-(2-3)-(0-1)],9.131431579589844e-05,0.07084822654724121,15,False,0
WtfIID`GH_b?B@?_?WGB@?CC?WG?WG?KC?B@??QG?Bo_??},[(19-23)-(15-16)-(14-22)-(13-21)-(12-20)-(11-18)-(10-17)-(8-9)-(6-7)-(4-5)-(2-3)-(0-1)],0.00010633468627929688,0.05512213706970215,5,False,0
WtfIID`GH_b?B@?_?WGB@?CC?WG?WG?KC?B@??QG?Bo_??},[(19-23)-(16-22)-(14-15)-(13-21)-(12-20)-(11-18)-(10-17)-(8-9)-(6-7)-(4-5)-(2-3)-(0-1)],0.0001246929168701172,0.07155394554138184,7,True,0
WtfIID`GH_b?B@?_?WGB@?CC?WG?WG?KC?B@??QG?Bo_??},[(19-23)-(16-22)-(14-15)-(13-21)-(12-20)-(11-18)-(10-17)-(8-9)-(6-7)-(4-5)-(2-3)-(0-1)],9.226799011230469e-05,0.03493666648864746,3,False,0
WtfIID`GH_b?B@?_?WGB@?CC?WG?WG?KC?B@??QG?Bo_??},[(19-23)-(16-21)-(14-15)-(13-22)-(12-20)-(11-18)-(10-17)-(8-9)-(6-7)-(4-5)-(2-3)-(0-1)],0.00010538101196289062,0.09090566635131836,17,False,0
WtfIID`GH_b?B@?_?WGB@?CC?WG?WG?KC?B@??QG?Bo_??},[(19-23)-(16-21)-(14-15)-(13-22)-(12-20)-(11-18)-(10-17)-(8-9)-(6-7)-(4-5)-(2-3)-(0-1)],9.608268737792969e-05,0.03458738327026367,3,True,0
WtfIAD`GH_b@B?@__OGE@?WC?OG?wG?GK?A@??wG?@`_?@l,[(22-23)-(14-15)-(13-21)-(12-20)-(11-19)-(10-18)-(9-17)-(8-16)-(6-7)-(4-5)-(2-3)-(0-1)],9.298324584960938e-05,0.0526731014251709,5,False,0
WtfIAD`GH_b@B?@__OGE@?WC?OG?wG?GK?A@??wG?@`_?@l,[(22-23)-(14-15)-(13-21)-(12-20)-(11-19)-(10-18)-(9-17)-(8-16)-(6-7)-(4-5)-(2-3)-(0-1)],9.584426879882812e-05,0.029010534286499023,2,False,0
WtfIAD`GH_b@B?@__OGE@?WC?OG?wG?GK?A@??wG?@`_?@l,[(20-23)-(15-22)-(13-14)-(12-21)-(11-19)-(10-18)-(9-17)-(8-16)-(6-7)-(4-5)-(2-3)-(0-1)],9.131431579589844e-05,0.06708145141601562,7,False,0
WtfIAD`GH_b@B?@__OGE@?WC?OG?wG?GK?A@??wG?@`_?@l,[(20-23)-(15-22)-(13-14)-(12-21)-(11-19)-(10-18)-(9-17)-(8-16)-(6-7)-(4-5)-(2-3)-(0-1)],9.965896606445312e-05,0.02596282958984375,2,True,0
WtfIAD`GH_b@B?@__OGE@?WC?OG?wG?GK?A@??wG?@`_?@l,[(20-23)-(15-22)-(14-21)-(12-13)-(11-19)-(10-18)-(9-17)-(8-16)-(6-7)-(4-5)-(2-3)-(0-1)],8.96453857421875e-05,0.0468907356262207,5,True,0
WtfIAD`GH_b@B?@__OGE@?WC?OG?wG?GK?A@??wG?@`_?@l,[(20-23)-(15-22)-(14-21)-(12-13)-(11-19)-(10-18)-(9-17)-(8-16)-(6-7)-(4-5)-(2-3)-(0-1)],0.00010657310485839844,0.023628711700439453,1,False,0
WtfIAD`GH_b@B?@__OGE@?WC?OG?wG?GK?A@??wG?@`_?@l,[(22-23)-(20-21)-(14-15)-(12-13)-(11-19)-(10-18)-(9-17)-(8-16)-(6-7)-(4-5)-(2-3)-(0-1)],8.988380432128906e-05,0.04939579963684082,12,False,0
WtfIAD`GH_b@B?@__OGE@?WC?OG?wG?GK?A@??wG?@`_?@l,[(22-23)-(20-21)-(14-15)-(12-13)-(11-19)-(10-18)-(9-17)-(8-16)-(6-7)-(4-5)-(2-3)-(0-1)],9.179115295410156e-05,0.037720680236816406,3,False,0
WtfIAD`GH_b@B?@__OGE@?WC?OG?wG?GK?A@??wG?@`_?@l,[(21-22)-(20-23)-(14-15)-(12-13)-(11-19)-(10-18)-(9-17)-(8-16)-(6-7)-(4-5)-(2-3)-(0-1)],9.131431579589844e-05,0.05353212356567383,5,False,0
WtfIAD`GH_b@B?@__OGE@?WC?OG?wG?GK?A@??wG?@`_?@l,[(21-22)-(20-23)-(14-15)-(12-13)-(11-19)-(10-18)-(9-17)-(8-16)-(6-7)-(4-5)-(2-3)-(0-1)],9.560585021972656e-05,0.04273533821105957,4,False,0
WtfIAD`GH_b@B?@__OGE@?WC?OG?wG?GK?A@??wG?@`_?@l,[(22-23)-(18-19)-(14-15)-(13-21)-(12-20)-(10-11)-(9-17)-(8-16)-(6-7)-(4-5)-(2-3)-(0-1)],9.298324584960938e-05,0.08470892906188965,7,False,0
WtfIAD`GH_b@B?@__OGE@?WC?OG?wG?GK?A@??wG?@`_?@l,[(22-23)-(18-19)-(14-15)-(13-21)-(12-20)-(10-11)-(9-17)-(8-16)-(6-7)-(4-5)-(2-3)-(0-1)],0.00010061264038085938,0.025922060012817383,2,True,0
WtfIAD`GH_b@B?@__OGE@?WC?OG?wG?GK?A@??wG?@`_?@l,[(20-23)-(18-19)-(15-22)-(13-14)-(12-21)-(10-11)-(9-17)-(8-16)-(6-7)-(4-5)-(2-3)-(0-1)],0.0001304149627685547,0.026353120803833008,2,True,0
WtfIAD`GH_b@B?@__OGE@?WC?OG?wG?GK?A@??wG?@`_?@l,[(20-23)-(18-19)-(15-22)-(13-14)-(12-21)-(10-11)-(9-17)-(8-16)-(6-7)-(4-5)-(2-3)-(0-1)],9.250640869140625e-05,0.07358098030090332,15,False,0
WtfIAD`GH_b@B?@__OGE@?WC?OG?wG?GK?A@??wG?@`_?@l,[(20-23)-(18-19)-(15-22)-(14-21)-(12-13)-(10-11)-(9-17)-(8-16)-(6-7)-(4-5)-(2-3)-(0-1)],9.250640869140625e-05,0.026694297790527344,2,True,0
WtfIAD`GH_b@B?@__OGE@?WC?OG?wG?GK?A@??wG?@`_?@l,[(20-23)-(18-19)-(15-22)-(14-21)-(12-13)-(10-11)-(9-17)-(8-16)-(6-7)-(4-5)-(2-3)-(0-1)],9.5367431640625e-05,0.06377124786376953,6,False,0
WtfIAD`GH_b@B?@__OGE@?WC?OG?wG?GK?A@??wG?@`_?@l,[(22-23)-(20-21)-(18-19)-(14-15)-(12-13)-(10-11)-(9-17)-(8-16)-(6-7)-(4-5)-(2-3)-(0-1)],9.965896606445312e-05,0.04351377487182617,4,True,0
WtfIAD`GH_b@B?@__OGE@?WC?OG?wG?GK?A@??wG?@`_?@l,[(22-23)-(20-21)-(18-19)-(14-15)-(12-13)-(10-11)-(9-17)-(8-16)-(6-7)-(4-5)-(2-3)-(0-1)],0.00012063980102539062,0.026948928833007812,2,True,0
WtfIAD`GH_b@B?@__OGE@?WC?OG?wG?GK?A@??wG?@`_?@l,[(21-22)-(20-23)-(18-19)-(14-15)-(12-13)-(10-11)-(9-17)-(8-16)-(6-7)-(4-5)-(2-3)-(0-1)],9.441375732421875e-05,0.045603275299072266,4,True,0
WtfIAD`GH_b@B?@__OGE@?WC?OG?wG?GK?A@??wG?@`_?@l,[(21-22)-(20-23)-(18-19)-(14-15)-(12-13)-(10-11)-(9-17)-(8-16)-(6-7)-(4-5)-(2-3)-(0-1)],9.322166442871094e-05,0.07354044914245605,15,False,0
WtfIID_GH_a@A@B__WWA@?WC?_G?_G?wC?CB??cG??w_??v,[(17-23)-(15-22)-(13-14)-(12-21)-(11-20)-(10-19)-(9-18)-(8-16)-(6-7)-(4-5)-(2-3)-(0-1)],9.012222290039062e-05,0.05416607856750488,5,True,0
WtfIID_GH_a@A@B__WWA@?WC?_G?_G?wC?CB??cG??w_??v,[(17-23)-(15-22)-(13-14)-(12-21)-(11-20)-(10-19)-(9-18)-(8-16)-(6-7)-(4-5)-(2-3)-(0-1)],0.0001327991485595703,0.025133132934570312,1,False,0
WtfIID_GH_a@A@B__WWA@?WC?_G?_G?wC?CB??cG??w_??v,[(21-23)-(17-22)-(14-15)-(12-13)-(11-20)-(10-19)-(9-18)-(8-16)-(6-7)-(4-5)-(2-3)-(0-1)],8.916854858398438e-05,0.030930280685424805,2,False,0
WtfIID_GH_a@A@B__WWA@?WC?_G?_G?wC?CB??cG??w_??v,[(21-23)-(17-22)-(14-15)-(12-13)-(11-20)-(10-19)-(9-18)-(8-16)-(6-7)-(4-5)-(2-3)-(0-1)],9.274482727050781e-05,0.0566098690032959,5,True,0
WtfIID_GH_a@A@B__WWA@?WC?_G?_G?wC?CB??cG??w_??v,[(21-22)-(17-23)-(14-15)-(12-13)-(11-20)-(10-19)-(9-18)-(8-16)-(6-7)-(4-5)-(2-3)-(0-1)],9.942054748535156e-05,0.03144216537475586,2,True,0
WtfIID_GH_a@A@B__WWA@?WC?_G?_G?wC?CB??cG??w_??v,[(21-22)-(17-23)-(14-15)-(12-13)-(11-20)-(10-19)-(9-18)-(8-16)-(6-7)-(4-5)-(2-3)-(0-1)],0.00010561943054199219,0.030158519744873047,2,True,0
WtfIID_GH_a@A@B__WWA@?WC?_G?_G?wC?CB??cG??w_??v,[(20-23)-(17-22)-(15-21)-(13-14)-(11-12)-(10-19)-(9-18)-(8-16)-(6-7)-(4-5)-(2-3)-(0-1)],9.083747863769531e-05,0.034781694412231445,3,False,0
WtfIID_GH_a@A@B__WWA@?WC?_G?_G?wC?CB??cG??w_??v,[(20-23)-(17-22)-(15-21)-(13-14)-(11-12)-(10-19)-(9-18)-(8-16)-(6-7)-(4-5)-(2-3)-(0-1)],0.00010657310485839844,0.031287431716918945,2,True,0
WtfIID_GH_a@A@B__WWA@?WC?_G?_G?wC?CB??cG??w_??v,[(20-21)-(17-23)-(15-22)-(13-14)-(11-12)-(10-19)-(9-18)-(8-16)-(6-7)-(4-5)-(2-3)-(0-1)],8.845329284667969e-05,0.04830813407897949,5,True,0
WtfIID_GH_a@A@B__WWA@?WC?_G?_G?wC?CB??cG??w_??v,[(20-21)-(17-23)-(15-22)-(13-14)-(11-12)-(10-19)-(9-18)-(8-16)-(6-7)-(4-5)-(2-3)-(0-1)],9.369850158691406e-05,0.05724501609802246,5,True,0
WtfIID_GH_a@A@B__WWA@?WC?_G?_G?wC?CB??cG??w_??v,[(19-20)-(17-23)-(15-22)-(13-14)-(12-21)-(10-11)-(9-18)-(8-16)-(6-7)-(4-5)-(2-3)-(0-1)],9.250640869140625e-05,0.047170162200927734,4,False,0
WtfIID_GH_a@A@B__WWA@?WC?_G?_G?wC?CB??cG??w_??v,[(19-20)-(17-23)-(15-22)-(13-14)-(12-21)-(10-11)-(9-18)-(8-16)-(6-7)-(4-5)-(2-3)-(0-1)],9.465217590332031e-05,0.04029393196105957,4,True,0
WtfIID_GH_a@A@B__WWA@?WC?_G?_G?wC?CB??cG??w_??v,[(21-23)-(19-20)-(17-22)-(14-15)-(12-13)-(10-11)-(9-18)-(8-16)-(6-7)-(4-5)-(2-3)-(0-1)],0.0001575946807861328,0.04202866554260254,4,True,0
WtfIID_GH_a@A@B__WWA@?WC?_G?_G?wC?CB??cG??w_??v,[(21-23)-(19-20)-(17-22)-(14-15)-(12-13)-(10-11)-(9-18)-(8-16)-(6-7)-(4-5)-(2-3)-(0-1)],9.489059448242188e-05,0.0247652530670166,2,True,0
WtfIID_GH_a@A@B__WWA@?WC?_G?_G?wC?CB??cG??w_??v,[(21-22)-(19-20)-(17-23)-(14-15)-(12-13)-(10-11)-(9-18)-(8-16)-(6-7)-(4-5)-(2-3)-(0-1)],8.988380432128906e-05,0.02787017822265625,2,False,0
WtfIID_GH_a@A@B__WWA@?WC?_G?_G?wC?CB??cG??w_??v,[(21-22)-(19-20)-(17-23)-(14-15)-(12-13)-(10-11)-(9-18)-(8-16)-(6-7)-(4-5)-(2-3)-(0-1)],0.00010395050048828125,0.04692959785461426,4,False,0
WtfIID_GH_a@A@B__WWA@?WC?_G?_G?wC?CB??cG??w_??v,[(20-23)-(17-18)-(15-22)-(13-14)-(12-21)-(10-11)-(9-19)-(8-16)-(6-7)-(4-5)-(2-3)-(0-1)],9.5367431640625e-05,0.03522038459777832,3,True,0
WtfIID_GH_a@A@B__WWA@?WC?_G?_G?wC?CB??cG??w_??v,[(20-23)-(17-18)-(15-22)-(13-14)-(12-21)-(10-11)-(9-19)-(8-16)-(6-7)-(4-5)-(2-3)-(0-1)],9.465217590332031e-05,0.036154747009277344,3,False,0
WtfIID_GH_a@A@B__WWA@?WC?_G?_G?wC?CB??cG??w_??v,[(18-20)-(17-23)-(15-22)-(13-14)-(12-21)-(10-11)-(9-19)-(8-16)-(6-7)-(4-5)-(2-3)-(0-1)],9.083747863769531e-05,0.030036449432373047,2,True,0
WtfIID_GH_a@A@B__WWA@?WC?_G?_G?wC?CB??cG??w_??v,[(18-20)-(17-23)-(15-22)-(13-14)-(12-21)-(10-11)-(9-19)-(8-16)-(6-7)-(4-5)-(2-3)-(0-1)],9.298324584960938e-05,0.04044294357299805,4,True,0
WtfIID_GH_b?B`?p_GGB@?GC?OG?oG?WC??`??MG??X_??|,[(22-23)-(15-21)-(14-20)-(12-13)-(11-19)-(10-18)-(9-17)-(8-16)-(6-7)-(4-5)-(2-3)-(0-1)],8.893013000488281e-05,0.09267568588256836,16,False,0
WtfIID_GH_b?B`?p_GGB@?GC?OG?oG?WC??`??MG??X_??|,[(22-23)-(15-21)-(14-20)-(12-13)-(11-19)-(10-18)-(9-17)-(8-16)-(6-7)-(4-5)-(2-3)-(0-1)],9.202957153320312e-05,0.03507733345031738,3,True,0
WtfIID_GH_b?B`?p_GGB@?GC?OG?oG?WC??`??MG??X_??|,[(22-23)-(20-21)-(14-15)-(12-13)-(11-19)-(10-18)-(9-17)-(8-16)-(6-7)-(4-5)-(2-3)-(0-1)],9.512901306152344e-05,0.047888755798339844,5,True,0
WtfIID_GH_b?B`?p_GGB@?GC?OG?oG?WC??`??MG??X_??|,[(22-23)-(20-21)-(14-15)-(12-13)-(11-19)-(10-18)-(9-17)-(8-16)-(6-7)-(4-5)-(2-3)-(0-1)],0.00010085105895996094,0.05982017517089844,13,False,0
WtfIID_GH_b?B`?p_GGB@?GC?OG?oG?WC??`??MG??X_??|,[(21-22)-(20-23)-(14-15)-(12-13)-(11-19)-(10-18)-(9-17)-(8-16)-(6-7)-(4-5)-(2-3)-(0-1)],9.1552734375e-05,0.05752110481262207,5,True,0
WtfIID_GH_b?B`?p_GGB@?GC?OG?oG?WC??`??MG??X_??|,[(21-22)-(20-23)-(14-15)-(12-13)-(11-19)-(10-18)-(9-17)-(8-16)-(6-7)-(4-5)-(2-3)-(0-1)],9.34600830078125e-05,0.09004545211791992,17,False,0
WtfIID_GH_b?B`?p_GGB@?GC?OG?oG?WC??`??MG??X_??|,[(22-23)-(19-20)-(15-21)-(13-14)-(11-12)-(10-18)-(9-17)-(8-16)-(6-7)-(4-5)-(2-3)-(0-1)],9.107589721679688e-05,0.02204728126525879,1,True,0
WtfIID_GH_b?B`?p_GGB@?GC?OG?oG?WC??`??MG??X_??|,[(22-23)-(19-20)-(15-21)-(13-14)-(11-12)-(10-18)-(9-17)-(8-16)-(6-7)-(4-5)-(2-3)-(0-1)],9.298324584960938e-05,0.03596830368041992,3,True,0
WtfIID_GH_b?B`?p_GGB@?GC?OG?oG?WC??`??MG??X_??|,[(20-22)-(19-23)-(15-21)-(13-14)-(11-12)-(10-18)-(9-17)-(8-16)-(6-7)-(4-5)-(2-3)-(0-1)],9.465217590332031e-05,0.04875659942626953,4,True,0
WtfIID_GH_b?B`?p_GGB@?GC?OG?oG?WC??`??MG??X_??|,[(20-22)-(19-23)-(15-21)-(13-14)-(11-12)-(10-18)-(9-17)-(8-16)-(6-7)-(4-5)-(2-3)-(0-1)],9.417533874511719e-05,0.11245226860046387,19,False,0
WtfIID_GH_b?B`?p_GGB@?GC?OG?oG?WC??`??MG??X_??|,[(20-22)-(18-23)-(15-21)-(13-14)-(11-12)-(10-19)-(9-17)-(8-16)-(6-7)-(4-5)-(2-3)-(0-1)],0.00014472007751464844,0.027774572372436523,2,True,0
WtfIID_GH_b?B`?p_GGB@?GC?OG?oG?WC??`??MG??X_??|,[(20-22)-(18-23)-(15-21)-(13-14)-(11-12)-(10-19)-(9-17)-(8-16)-(6-7)-(4-5)-(2-3)-(0-1)],9.417533874511719e-05,0.06903505325317383,7,False,0
WtfIID_GH_b?B`?p_GGB@?GC?OG?oG?WC??`??MG??X_??|,[(20-23)-(17-22)-(15-21)-(13-14)-(11-12)-(10-19)-(9-18)-(8-16)-(6-7)-(4-5)-(2-3)-(0-1)],9.274482727050781e-05,0.04991483688354492,4,True,0
WtfIID_GH_b?B`?p_GGB@?GC?OG?oG?WC??`??MG??X_??|,[(20-23)-(17-22)-(15-21)-(13-14)-(11-12)-(10-19)-(9-18)-(8-16)-(6-7)-(4-5)-(2-3)-(0-1)],9.489059448242188e-05,0.04696035385131836,13,False,0
WtfIID_GH_b?B`?p_GGB@?GC?OG?oG?WC??`??MG??X_??|,[(20-22)-(17-23)-(15-21)-(13-14)-(11-12)-(10-19)-(9-18)-(8-16)-(6-7)-(4-5)-(2-3)-(0-1)],9.250640869140625e-05,0.07544970512390137,7,False,0
WtfIID_GH_b?B`?p_GGB@?GC?OG?oG?WC??`??MG??X_??|,[(20-22)-(17-23)-(15-21)-(13-14)-(11-12)-(10-19)-(9-18)-(8-16)-(6-7)-(4-5)-(2-3)-(0-1)],0.00010275840759277344,0.047678232192993164,4,True,0
WtfIID_GH_b?B`?p_GGB@?GC?OG?oG?WC??`??MG??X_??|,[(22-23)-(17-18)-(15-21)-(14-20)-(12-13)-(11-19)-(9-10)-(8-16)-(6-7)-(4-5)-(2-3)-(0-1)],8.96453857421875e-05,0.03360891342163086,3,True,0
WtfIID_GH_b?B`?p_GGB@?GC?OG?oG?WC??`??MG??X_??|,[(22-23)-(17-18)-(15-21)-(14-20)-(12-13)-(11-19)-(9-10)-(8-16)-(6-7)-(4-5)-(2-3)-(0-1)],9.34600830078125e-05,0.06598639488220215,8,True,0
WtfIID_GH_b?B`?p_GGB@?GC?OG?oG?WC??`??MG??X_??|,[(18-23)-(17-22)-(15-21)-(14-20)-(12-13)-(11-19)-(9-10)-(8-16)-(6-7)-(4-5)-(2-3)-(0-1)],9.107589721679688e-05,0.08464694023132324,15,False,0
WtfIID_GH_b?B`?p_GGB@?GC?OG?oG?WC??`??MG??X_??|,[(18-23)-(17-22)-(15-21)-(14-20)-(12-13)-(11-19)-(9-10)-(8-16)-(6-7)-(4-5)-(2-3)-(0-1)],0.00011372566223144531,0.0347437858581543,3,True,0
W|eII@`KGo@`@`?__WGA@?OC?oG?oG?[C?@@??[G??p_?@t,[(22-23)-(19-20)-(14-15)-(13-21)-(10-11)-(9-18)-(8-17)-(7-16)-(6-12)-(4-5)-(2-3)-(0-1)],8.96453857421875e-05,0.029747724533081055,3,True,0
W|eII@`KGo@`@`?__WGA@?OC?oG?oG?[C?@@??[G??p_?@t,[(22-23)-(19-20)-(14-15)-(13-21)-(10-11)-(9-18)-(8-17)-(7-16)-(6-12)-(4-5)-(2-3)-(0-1)],0.00010061264038085938,0.03995704650878906,4,True,0
W|eII@`KGo@`@`?__WGA@?OC?oG?oG?[C?@@??[G??p_?@t,[(22-23)-(19-20)-(15-21)-(13-14)-(10-11)-(9-18)-(8-17)-(7-16)-(6-12)-(4-5)-(2-3)-(0-1)],9.274482727050781e-05,0.045700788497924805,4,True,0
W|eII@`KGo@`@`?__WGA@?OC?oG?oG?[C?@@??[G??p_?@t,[(22-23)-(19-20)-(15-21)-(13-14)-(10-11)-(9-18)-(8-17)-(7-16)-(6-12)-(4-5)-(2-3)-(0-1)],9.441375732421875e-05,0.040502309799194336,3,True,0
W|eII@`KGo@`@`?__WGA@?OC?oG?oG?[C?@@??[G??p_?@t,[(17-23)-(15-22)-(14-21)-(13-20)-(11-19)-(10-18)-(8-9)-(7-16)-(6-12)-(4-5)-(2-3)-(0-1)],9.083747863769531e-05,0.10625696182250977,16,False,0
W|eII@`KGo@`@`?__WGA@?OC?oG?oG?[C?@@??[G??p_?@t,[(17-23)-(15-22)-(14-21)-(13-20)-(11-19)-(10-18)-(8-9)-(7-16)-(6-12)-(4-5)-(2-3)-(0-1)],9.202957153320312e-05,0.026064395904541016,2,True,0
W|eII@`KGo@`@`?__WGA@?OC?oG?oG?[C?@@??[G??p_?@t,[(21-22)-(17-23)-(14-15)-(13-20)-(11-19)-(10-18)-(8-9)-(7-16)-(6-12)-(4-5)-(2-3)-(0-1)],0.00010275840759277344,0.027415037155151367,2,True,0
W|eII@`KGo@`@`?__WGA@?OC?oG?oG?[C?@@??[G??p_?@t,[(21-22)-(17-23)-(14-15)-(13-20)-(11-19)-(10-18)-(8-9)-(7-16)-(6-12)-(4-5)-(2-3)-(0-1)],9.632110595703125e-05,0.045223236083984375,4,False,0
W|eII@`KGo@`@`?__WGA@?OC?oG?oG?[C?@@??[G??p_?@t,[(20-22)-(17-23)-(14-15)-(13-21)-(11-19)-(10-18)-(8-9)-(7-16)-(6-12)-(4-5)-(2-3)-(0-1)],9.512901306152344e-05,0.05864858627319336,6,True,0
W|eII@`KGo@`@`?__WGA@?OC?oG?oG?[C?@@??[G??p_?@t,[(20-22)-(17-23)-(14-15)-(13-21)-(11-19)-(10-18)-(8-9)-(7-16)-(6-12)-(4-5)-(2-3)-(0-1)],9.179115295410156e-05,0.054291725158691406,14,False,0
W|eII@`KGo@`@`?__WGA@?OC?oG?oG?[C?@@??[G??p_?@t,[(20-22)-(17-23)-(15-21)-(13-14)-(11-19)-(10-18)-(8-9)-(7-16)-(6-12)-(4-5)-(2-3)-(0-1)],9.298324584960938e-05,0.04256749153137207,4,True,0
W|eII@`KGo@`@`?__WGA@?OC?oG?oG?[C?@@??[G??p_?@t,[(20-22)-(17-23)-(15-21)-(13-14)-(11-19)-(10-18)-(8-9)-(7-16)-(6-12)-(4-5)-(2-3)-(0-1)],9.369850158691406e-05,0.03440713882446289,3,True,0
W|eII@`KGo@`@`?__WGA@?OC?oG?oG?[C?@@??[G??p_?@t,[(20-21)-(17-23)-(15-22)-(13-14)-(11-19)-(10-18)-(8-9)-(7-16)-(6-12)-(4-5)-(2-3)-(0-1)],9.202957153320312e-05,0.07210278511047363,7,True,0
W|eII@`KGo@`@`?__WGA@?OC?oG?oG?[C?@@??[G??p_?@t,[(20-21)-(17-23)-(15-22)-(13-14)-(11-19)-(10-18)-(8-9)-(7-16)-(6-12)-(4-5)-(2-3)-(0-1)],0.00011229515075683594,0.04346585273742676,4,True,0
W|eII@`KGo@`@`?__WGA@?OC?oG?oG?[C?@@??[G??p_?@t,[(18-19)-(17-23)-(15-22)-(14-21)-(13-20)-(10-11)-(8-9)-(7-16)-(6-12)-(4-5)-(2-3)-(0-1)],9.107589721679688e-05,0.06348586082458496,15,False,0
W|eII@`KGo@`@`?__WGA@?OC?oG?oG?[C?@@??[G??p_?@t,[(18-19)-(17-23)-(15-22)-(14-21)-(13-20)-(10-11)-(8-9)-(7-16)-(6-12)-(4-5)-(2-3)-(0-1)],9.202957153320312e-05,0.03532600402832031,3,True,0
W|eII@`KGo@`@`?__WGA@?OC?oG?oG?[C?@@??[G??p_?@t,[(21-22)-(18-19)-(17-23)-(14-15)-(13-20)-(10-11)-(8-9)-(7-16)-(6-12)-(4-5)-(2-3)-(0-1)],9.465217590332031e-05,0.027993202209472656,2,False,0
W|eII@`KGo@`@`?__WGA@?OC?oG?oG?[C?@@??[G??p_?@t,[(21-22)-(18-19)-(17-23)-(14-15)-(13-20)-(10-11)-(8-9)-(7-16)-(6-12)-(4-5)-(2-3)-(0-1)],9.489059448242188e-05,0.04763984680175781,4,False,0
W|eII@`KGo@`@`?__WGA@?OC?oG?oG?[C?@@??[G??p_?@t,[(22-23)-(19-20)-(17-18)-(14-15)-(13-21)-(10-11)-(8-9)-(7-16)-(6-12)-(4-5)-(2-3)-(0-1)],9.107589721679688e-05,0.08996105194091797,16,False,0
W|eII@`KGo@`@`?__WGA@?OC?oG?oG?[C?@@??[G??p_?@t,[(22-23)-(19-20)-(17-18)-(14-15)-(13-21)-(10-11)-(8-9)-(7-16)-(6-12)-(4-5)-(2-3)-(0-1)],0.00010466575622558594,0.10667753219604492,18,False,0
WtfIID`GH?a@E?B?_OGE??[C?WW?WG?GC?E@??wG?@B_?EX,[(15-23)-(14-22)-(13-21)-(12-20)-(11-19)-(10-18)-(9-17)-(8-16)-(6-7)-(4-5)-(2-3)-(0-1)],8.869171142578125e-05,0.0326535701751709,3,True,0
WtfIID`GH?a@E?B?_OGE??[C?WW?WG?GC?E@??wG?@B_?EX,[(15-23)-(14-22)-(13-21)-(12-20)-(11-19)-(10-18)-(9-17)-(8-16)-(6-7)-(4-5)-(2-3)-(0-1)],9.72747802734375e-05,0.04286932945251465,4,True,0
WtfIID`GH?a@E?B?_OGE??[C?WW?WG?GC?E@??wG?@B_?EX,[(21-22)-(15-23)-(13-14)-(12-20)-(11-19)-(10-18)-(9-17)-(8-16)-(6-7)-(4-5)-(2-3)-(0-1)],9.202957153320312e-05,0.05589938163757324,7,True,0
WtfIID`GH?a@E?B?_OGE??[C?WW?WG?GC?E@??wG?@B_?EX,[(21-22)-(15-23)-(13-14)-(12-20)-(11-19)-(10-18)-(9-17)-(8-16)-(6-7)-(4-5)-(2-3)-(0-1)],9.584426879882812e-05,0.051836490631103516,4,True,0
WtfIID`GH?a@E?B?_OGE??[C?WW?WG?GC?E@??wG?@B_?EX,[(20-22)-(15-23)-(13-14)-(12-21)-(11-19)-(10-18)-(9-17)-(8-16)-(6-7)-(4-5)-(2-3)-(0-1)],9.441375732421875e-05,0.07866883277893066,15,False,0
WtfIID`GH?a@E?B?_OGE??[C?WW?WG?GC?E@??wG?@B_?EX,[(20-22)-(15-23)-(13-14)-(12-21)-(11-19)-(10-18)-(9-17)-(8-16)-(6-7)-(4-5)-(2-3)-(0-1)],9.608268737792969e-05,0.02750110626220703,2,True,0
WtfIID`GH?a@E?B?_OGE??[C?WW?WG?GC?E@??wG?@B_?EX,[(20-22)-(15-23)-(14-21)-(12-13)-(11-19)-(10-18)-(9-17)-(8-16)-(6-7)-(4-5)-(2-3)-(0-1)],9.059906005859375e-05,0.06552386283874512,6,True,0
WtfIID`GH?a@E?B?_OGE??[C?WW?WG?GC?E@??wG?@B_?EX,[(20-22)-(15-23)-(14-21)-(12-13)-(11-19)-(10-18)-(9-17)-(8-16)-(6-7)-(4-5)-(2-3)-(0-1)],9.655952453613281e-05,0.06326937675476074,5,True,0
WtfIID`GH?a@E?B?_OGE??[C?WW?WG?GC?E@??wG?@B_?EX,[(20-21)-(15-23)-(14-22)-(12-13)-(11-19)-(10-18)-(9-17)-(8-16)-(6-7)-(4-5)-(2-3)-(0-1)],8.988380432128906e-05,0.04749035835266113,13,False,0
WtfIID`GH?a@E?B?_OGE??[C?WW?WG?GC?E@??wG?@B_?EX,[(20-21)-(15-23)-(14-22)-(12-13)-(11-19)-(10-18)-(9-17)-(8-16)-(6-7)-(4-5)-(2-3)-(0-1)],9.274482727050781e-05,0.04557013511657715,4,True,0
WtfIID`GH?a@E?B?_OGE??[C?WW?WG?GC?E@??wG?@B_?EX,[(19-22)-(15-23)-(13-14)-(12-21)-(11-20)-(10-18)-(9-17)-(8-16)-(6-7)-(4-5)-(2-3)-(0-1)],9.393692016601562e-05,0.05111265182495117,5,True,0
WtfIID`GH?a@E?B?_OGE??[C?WW?WG?GC?E@??wG?@B_?EX,[(19-22)-(15-23)-(13-14)-(12-21)-(11-20)-(10-18)-(9-17)-(8-16)-(6-7)-(4-5)-(2-3)-(0-1)],0.00011348724365234375,0.04445457458496094,4,True,0
WtfIID`GH?a@E?B?_OGE??[C?WW?WG?GC?E@??wG?@B_?EX,[(19-22)-(15-23)-(14-21)-(12-13)-(11-20)-(10-18)-(9-17)-(8-16)-(6-7)-(4-5)-(2-3)-(0-1)],0.00010204315185546875,0.038691043853759766,3,True,0
WtfIID`GH?a@E?B?_OGE??[C?WW?WG?GC?E@??wG?@B_?EX,[(19-22)-(15-23)-(14-21)-(12-13)-(11-20)-(10-18)-(9-17)-(8-16)-(6-7)-(4-5)-(2-3)-(0-1)],9.274482727050781e-05,0.020792484283447266,1,True,0
WtfIID`GH?a@E?B?_OGE??[C?WW?WG?GC?E@??wG?@B_?EX,[(18-19)-(15-23)-(14-22)-(13-21)-(12-20)-(10-11)-(9-17)-(8-16)-(6-7)-(4-5)-(2-3)-(0-1)],9.083747863769531e-05,0.05331754684448242,13,False,0
WtfIID`GH?a@E?B?_OGE??[C?WW?WG?GC?E@??wG?@B_?EX,[(18-19)-(15-23)-(14-22)-(13-21)-(12-20)-(10-11)-(9-17)-(8-16)-(6-7)-(4-5)-(2-3)-(0-1)],9.369850158691406e-05,0.02369236946105957,1,True,0
WtfIID`GH?a@E?B?_OGE??[C?WW?WG?GC?E@??wG?@B_?EX,[(21-22)-(18-19)-(15-23)-(13-14)-(12-20)-(10-11)-(9-17)-(8-16)-(6-7)-(4-5)-(2-3)-(0-1)],9.202957153320312e-05,0.07244348526000977,14,False,0
WtfIID`GH?a@E?B?_OGE??[C?WW?WG?GC?E@??wG?@B_?EX,[(21-22)-(18-19)-(15-23)-(13-14)-(12-20)-(10-11)-(9-17)-(8-16)-(6-7)-(4-5)-(2-3)-(0-1)],9.226799011230469e-05,0.021784067153930664,1,True,0
WtfIID`GH?a@E?B?_OGE??[C?WW?WG?GC?E@??wG?@B_?EX,[(20-22)-(18-19)-(15-23)-(13-14)-(12-21)-(10-11)-(9-17)-(8-16)-(6-7)-(4-5)-(2-3)-(0-1)],0.0001049041748046875,0.03255009651184082,3,False,0
WtfIID`GH?a@E?B?_OGE??[C?WW?WG?GC?E@??wG?@B_?EX,[(20-22)-(18-19)-(15-23)-(13-14)-(12-21)-(10-11)-(9-17)-(8-16)-(6-7)-(4-5)-(2-3)-(0-1)],9.465217590332031e-05,0.0825812816619873,8,False,0
W|eAID`K?o`@B@@?_oGE??WC?oG?wG?M??@`??KG??w_??^,[(22-23)-(15-21)-(14-20)-(12-13)-(11-19)-(9-18)-(8-17)-(7-16)-(5-6)-(4-10)-(2-3)-(0-1)],8.96453857421875e-05,0.0727531909942627,7,True,0
W|eAID`K?o`@B@@?_oGE??WC?oG?wG?M??@`??KG??w_??^,[(22-23)-(15-21)-(14-20)-(12-13)-(11-19)-(9-18)-(8-17)-(7-16)-(5-6)-(4-10)-(2-3)-(0-1)],9.870529174804688e-05,0.04802417755126953,4,True,0
W|eAID`K?o`@B@@?_oGE??WC?oG?wG?M??@`??KG??w_??^,[(21-23)-(15-22)-(14-20)-(12-13)-(11-19)-(9-18)-(8-17)-(7-16)-(5-6)-(4-10)-(2-3)-(0-1)],8.96453857421875e-05,0.043723106384277344,5,True,0
W|eAID`K?o`@B@@?_oGE??WC?oG?wG?M??@`??KG??w_??^,[(21-23)-(15-22)-(14-20)-(12-13)-(11-19)-(9-18)-(8-17)-(7-16)-(5-6)-(4-10)-(2-3)-(0-1)],9.489059448242188e-05,0.10556960105895996,15,False,0
W|eAID`K?o`@B@@?_oGE??WC?oG?wG?M??@`??KG??w_??^,[(20-23)-(15-22)-(14-21)-(12-13)-(11-19)-(9-18)-(8-17)-(7-16)-(5-6)-(4-10)-(2-3)-(0-1)],0.0001277923583984375,0.029878854751586914,2,True,0
W|eAID`K?o`@B@@?_oGE??WC?oG?wG?M??@`??KG??w_??^,[(20-23)-(15-22)-(14-21)-(12-13)-(11-19)-(9-18)-(8-17)-(7-16)-(5-6)-(4-10)-(2-3)-(0-1)],0.00010895729064941406,0.03811383247375488,3,True,0
W|eAID`K?o`@B@@?_oGE??WC?oG?wG?M??@`??KG??w_??^,[(22-23)-(15-21)-(14-20)-(13-19)-(11-12)-(9-18)-(8-17)-(7-16)-(5-6)-(4-10)-(2-3)-(0-1)],9.202957153320312e-05,0.04949069023132324,4,True,0
W|eAID`K?o`@B@@?_oGE??WC?oG?wG?M??@`??KG??w_??^,[(22-23)-(15-21)-(14-20)-(13-19)-(11-12)-(9-18)-(8-17)-(7-16)-(5-6)-(4-10)-(2-3)-(0-1)],0.0001277923583984375,0.03615212440490723,3,True,0
W|eAID`K?o`@B@@?_oGE??WC?oG?wG?M??@`??KG??w_??^,[(21-23)-(15-22)-(14-20)-(13-19)-(11-12)-(9-18)-(8-17)-(7-16)-(5-6)-(4-10)-(2-3)-(0-1)],0.00010752677917480469,0.037348031997680664,3,True,0
W|eAID`K?o`@B@@?_oGE??WC?oG?wG?M??@`??KG??w_??^,[(21-23)-(15-22)-(14-20)-(13-19)-(11-12)-(9-18)-(8-17)-(7-16)-(5-6)-(4-10)-(2-3)-(0-1)],9.5367431640625e-05,0.08943819999694824,16,False,0
W|eAID`K?o`@B@@?_oGE??WC?oG?wG?M??@`??KG??w_??^,[(20-23)-(15-22)-(14-21)-(13-19)-(11-12)-(9-18)-(8-17)-(7-16)-(5-6)-(4-10)-(2-3)-(0-1)],9.012222290039062e-05,0.07835984230041504,8,True,0
W|eAID`K?o`@B@@?_oGE??WC?oG?wG?M??@`??KG??w_??^,[(20-23)-(15-22)-(14-21)-(13-19)-(11-12)-(9-18)-(8-17)-(7-16)-(5-6)-(4-10)-(2-3)-(0-1)],9.34600830078125e-05,0.0827488899230957,15,False,0
W|eAID`K?o`@B@@?_oGE??WC?oG?wG?M??@`??KG??w_??^,[(19-23)-(15-22)-(14-21)-(13-20)-(11-12)-(9-18)-(8-17)-(7-16)-(5-6)-(4-10)-(2-3)-(0-1)],9.226799011230469e-05,0.04198050498962402,3,False,0
W|eAID`K?o`@B@@?_oGE??WC?oG?wG?M??@`??KG??w_??^,[(19-23)-(15-22)-(14-21)-(13-20)-(11-12)-(9-18)-(8-17)-(7-16)-(5-6)-(4-10)-(2-3)-(0-1)],9.393692016601562e-05,0.10396409034729004,11,True,0
W|eAID`K?o`@B@@?_oGE??WC?oG?wG?M??@`??KG??w_??^,[(22-23)-(19-20)-(15-21)-(13-14)-(11-12)-(9-18)-(8-17)-(7-16)-(5-6)-(4-10)-(2-3)-(0-1)],9.298324584960938e-05,0.029395103454589844,2,True,0
W|eAID`K?o`@B@@?_oGE??WC?oG?wG?M??@`??KG??w_??^,[(22-23)-(19-20)-(15-21)-(13-14)-(11-12)-(9-18)-(8-17)-(7-16)-(5-6)-(4-10)-(2-3)-(0-1)],9.083747863769531e-05,0.03984260559082031,3,True,0
W|eAID`K?o`@B@@?_oGE??WC?oG?wG?M??@`??KG??w_??^,[(21-23)-(19-20)-(15-22)-(13-14)-(11-12)-(9-18)-(8-17)-(7-16)-(5-6)-(4-10)-(2-3)-(0-1)],9.369850158691406e-05,0.04902911186218262,5,True,0
W|eAID`K?o`@B@@?_oGE??WC?oG?wG?M??@`??KG??w_??^,[(21-23)-(19-20)-(15-22)-(13-14)-(11-12)-(9-18)-(8-17)-(7-16)-(5-6)-(4-10)-(2-3)-(0-1)],9.560585021972656e-05,0.044762611389160156,4,True,0
W|eAID`K?o`@B@@?_oGE??WC?oG?wG?M??@`??KG??w_??^,[(20-21)-(19-23)-(15-22)-(13-14)-(11-12)-(9-18)-(8-17)-(7-16)-(5-6)-(4-10)-(2-3)-(0-1)],9.059906005859375e-05,0.033080339431762695,2,True,0
W|eAID`K?o`@B@@?_oGE??WC?oG?wG?M??@`??KG??w_??^,[(20-21)-(19-23)-(15-22)-(13-14)-(11-12)-(9-18)-(8-17)-(7-16)-(5-6)-(4-10)-(2-3)-(0-1)],9.179115295410156e-05,0.028038740158081055,2,True,0
WtbIID`GH_a@E@A?`?GK@?oC@oG?o??GC?F@??WW?@E_?Bp,[(15-23)-(14-22)-(13-21)-(12-20)-(11-19)-(10-18)-(8-9)-(7-17)-(6-16)-(4-5)-(2-3)-(0-1)],9.012222290039062e-05,0.04997754096984863,5,True,0
WtbIID`GH_a@E@A?`?GK@?oC@oG?o??GC?F@??WW?@E_?Bp,[(15-23)-(14-22)-(13-21)-(12-20)-(11-19)-(10-18)-(8-9)-(7-17)-(6-16)-(4-5)-(2-3)-(0-1)],9.512901306152344e-05,0.05276846885681152,5,True,0
WtbIID`GH_a@E@A?`?GK@?oC@oG?o??GC?F@??WW?@E_?Bp,[(22-23)-(14-15)-(13-21)-(12-20)-(11-19)-(10-18)-(8-9)-(7-17)-(6-16)-(4-5)-(2-3)-(0-1)],9.441375732421875e-05,0.02420330047607422,1,True,0
WtbIID`GH_a@E@A?`?GK@?oC@oG?o??GC?F@??WW?@E_?Bp,[(22-23)-(14-15)-(13-21)-(12-20)-(11-19)-(10-18)-(8-9)-(7-17)-(6-16)-(4-5)-(2-3)-(0-1)],9.608268737792969e-05,0.05412173271179199,5,False,0
WtbIID`GH_a@E@A?`?GK@?oC@oG?o??GC?F@??WW?@E_?Bp,[(21-22)-(15-23)-(13-14)-(12-20)-(11-19)-(10-18)-(8-9)-(7-17)-(6-16)-(4-5)-(2-3)-(0-1)],9.608268737792969e-05,0.04735565185546875,4,False,0
WtbIID`GH_a@E@A?`?GK@?oC@oG?o??GC?F@??WW?@E_?Bp,[(21-22)-(15-23)-(13-14)-(12-20)-(11-19)-(10-18)-(8-9)-(7-17)-(6-16)-(4-5)-(2-3)-(0-1)],0.00013685226440429688,0.05681109428405762,5,True,0
WtbIID`GH_a@E@A?`?GK@?oC@oG?o??GC?F@??WW?@E_?Bp,[(20-21)-(15-23)-(14-22)-(12-13)-(11-19)-(10-18)-(8-9)-(7-17)-(6-16)-(4-5)-(2-3)-(0-1)],9.274482727050781e-05,0.05273795127868652,4,False,0
WtbIID`GH_a@E@A?`?GK@?oC@oG?o??GC?F@??WW?@E_?Bp,[(20-21)-(15-23)-(14-22)-(12-13)-(11-19)-(10-18)-(8-9)-(7-17)-(6-16)-(4-5)-(2-3)-(0-1)],0.00011897087097167969,0.035192012786865234,3,True,0
WtbIID`GH_a@E@A?`?GK@?oC@oG?o??GC?F@??WW?@E_?Bp,[(22-23)-(20-21)-(14-15)-(12-13)-(11-19)-(10-18)-(8-9)-(7-17)-(6-16)-(4-5)-(2-3)-(0-1)],9.322166442871094e-05,0.04307389259338379,4,True,0
WtbIID`GH_a@E@A?`?GK@?oC@oG?o??GC?F@??WW?@E_?Bp,[(22-23)-(20-21)-(14-15)-(12-13)-(11-19)-(10-18)-(8-9)-(7-17)-(6-16)-(4-5)-(2-3)-(0-1)],9.512901306152344e-05,0.06076550483703613,5,True,0
WtbIID`GH_a@E@A?`?GK@?oC@oG?o??GC?F@??WW?@E_?Bp,[(19-22)-(15-23)-(14-21)-(12-13)-(11-20)-(10-18)-(8-9)-(7-17)-(6-16)-(4-5)-(2-3)-(0-1)],9.34600830078125e-05,0.0946962833404541,8,True,0
WtbIID`GH_a@E@A?`?GK@?oC@oG?o??GC?F@??WW?@E_?Bp,[(19-22)-(15-23)-(14-21)-(12-13)-(11-20)-(10-18)-(8-9)-(7-17)-(6-16)-(4-5)-(2-3)-(0-1)],9.679794311523438e-05,0.02851080894470215,1,True,0
WtbIID`GH_a@E@A?`?GK@?oC@oG?o??GC?F@??WW?@E_?Bp,[(19-21)-(15-23)-(14-22)-(12-13)-(11-20)-(10-18)-(8-9)-(7-17)-(6-16)-(4-5)-(2-3)-(0-1)],9.1552734375e-05,0.03972434997558594,4,True,0
WtbIID`GH_a@E@A?`?GK@?oC@oG?o??GC?F@??WW?@E_?Bp,[(19-21)-(15-23)-(14-22)-(12-13)-(11-20)-(10-18)-(8-9)-(7-17)-(6-16)-(4-5)-(2-3)-(0-1)],0.0001049041748046875,0.06662917137145996,14,False,0
WtbIID`GH_a@E@A?`?GK@?oC@oG?o??GC?F@??WW?@E_?Bp,[(22-23)-(19-21)-(14-15)-(12-13)-(11-20)-(10-18)-(8-9)-(7-17)-(6-16)-(4-5)-(2-3)-(0-1)],9.489059448242188e-05,0.040543556213378906,3,False,0
WtbIID`GH_a@E@A?`?GK@?oC@oG?o??GC?F@??WW?@E_?Bp,[(22-23)-(19-21)-(14-15)-(12-13)-(11-20)-(10-18)-(8-9)-(7-17)-(6-16)-(4-5)-(2-3)-(0-1)],0.00010132789611816406,0.05607461929321289,5,False,0
WtbIID`GH_a@E@A?`?GK@?oC@oG?o??GC?F@??WW?@E_?Bp,[(19-22)-(15-23)-(14-21)-(13-20)-(11-12)-(10-18)-(8-9)-(7-17)-(6-16)-(4-5)-(2-3)-(0-1)],9.465217590332031e-05,0.042966604232788086,3,True,0
WtbIID`GH_a@E@A?`?GK@?oC@oG?o??GC?F@??WW?@E_?Bp,[(19-22)-(15-23)-(14-21)-(13-20)-(11-12)-(10-18)-(8-9)-(7-17)-(6-16)-(4-5)-(2-3)-(0-1)],9.489059448242188e-05,0.02311563491821289,2,True,0
WtbIID`GH_a@E@A?`?GK@?oC@oG?o??GC?F@??WW?@E_?Bp,[(19-21)-(15-23)-(14-22)-(13-20)-(11-12)-(10-18)-(8-9)-(7-17)-(6-16)-(4-5)-(2-3)-(0-1)],9.107589721679688e-05,0.053182363510131836,4,False,0
WtbIID`GH_a@E@A?`?GK@?oC@oG?o??GC?F@??WW?@E_?Bp,[(19-21)-(15-23)-(14-22)-(13-20)-(11-12)-(10-18)-(8-9)-(7-17)-(6-16)-(4-5)-(2-3)-(0-1)],9.274482727050781e-05,0.04483318328857422,4,False,0
W|eIID_GG_a@A@B?_oGE@?O?@_G@_G?oC?KH?@e??F__?@{,[(16-23)-(14-15)-(13-22)-(12-21)-(11-20)-(10-19)-(9-18)-(8-17)-(6-7)-(4-5)-(2-3)-(0-1)],9.274482727050781e-05,0.054593801498413086,5,True,0
W|eIID_GG_a@A@B?_oGE@?O?@_G@_G?oC?KH?@e??F__?@{,[(16-23)-(14-15)-(13-22)-(12-21)-(11-20)-(10-19)-(9-18)-(8-17)-(6-7)-(4-5)-(2-3)-(0-1)],9.441375732421875e-05,0.0781869888305664,9,True,0
W|eIID_GG_a@A@B?_oGE@?O?@_G@_G?oC?KH?@e??F__?@{,[(16-23)-(15-22)-(13-14)-(12-21)-(11-20)-(10-19)-(9-18)-(8-17)-(6-7)-(4-5)-(2-3)-(0-1)],9.298324584960938e-05,0.02129840850830078,1,True,0
W|eIID_GG_a@A@B?_oGE@?O?@_G@_G?oC?KH?@e??F__?@{,[(16-23)-(15-22)-(13-14)-(12-21)-(11-20)-(10-19)-(9-18)-(8-17)-(6-7)-(4-5)-(2-3)-(0-1)],9.512901306152344e-05,0.025983572006225586,2,True,0
W|eIID_GG_a@A@B?_oGE@?O?@_G@_G?oC?KH?@e??F__?@{,[(16-23)-(15-21)-(13-14)-(12-22)-(11-20)-(10-19)-(9-18)-(8-17)-(6-7)-(4-5)-(2-3)-(0-1)],9.059906005859375e-05,0.03354597091674805,3,False,0
W|eIID_GG_a@A@B?_oGE@?O?@_G@_G?oC?KH?@e??F__?@{,[(16-23)-(15-21)-(13-14)-(12-22)-(11-20)-(10-19)-(9-18)-(8-17)-(6-7)-(4-5)-(2-3)-(0-1)],0.0001087188720703125,0.039212703704833984,3,True,0
W|eIID_GG_a@A@B?_oGE@?O?@_G@_G?oC?KH?@e??F__?@{,[(16-23)-(15-21)-(14-22)-(12-13)-(11-20)-(10-19)-(9-18)-(8-17)-(6-7)-(4-5)-(2-3)-(0-1)],9.179115295410156e-05,0.04303121566772461,5,True,0
W|eIID_GG_a@A@B?_oGE@?O?@_G@_G?oC?KH?@e??F__?@{,[(16-23)-(15-21)-(14-22)-(12-13)-(11-20)-(10-19)-(9-18)-(8-17)-(6-7)-(4-5)-(2-3)-(0-1)],9.465217590332031e-05,0.04307389259338379,4,True,0
W|eIID_GG_a@A@B?_oGE@?O?@_G@_G?oC?KH?@e??F__?@{,[(21-22)-(16-23)-(14-15)-(12-13)-(11-20)-(10-19)-(9-18)-(8-17)-(6-7)-(4-5)-(2-3)-(0-1)],9.274482727050781e-05,0.05701470375061035,6,True,0
W|eIID_GG_a@A@B?_oGE@?O?@_G@_G?oC?KH?@e??F__?@{,[(21-22)-(16-23)-(14-15)-(12-13)-(11-20)-(10-19)-(9-18)-(8-17)-(6-7)-(4-5)-(2-3)-(0-1)],0.00010633468627929688,0.04341316223144531,3,True,0
W|eIID_GG_a@A@B?_oGE@?O?@_G@_G?oC?KH?@e??F__?@{,[(20-23)-(16-21)-(14-15)-(13-22)-(11-12)-(10-19)-(9-18)-(8-17)-(6-7)-(4-5)-(2-3)-(0-1)],0.00011420249938964844,0.042057037353515625,3,False,0
W|eIID_GG_a@A@B?_oGE@?O?@_G@_G?oC?KH?@e??F__?@{,[(20-23)-(16-21)-(14-15)-(13-22)-(11-12)-(10-19)-(9-18)-(8-17)-(6-7)-(4-5)-(2-3)-(0-1)],9.393692016601562e-05,0.0400240421295166,4,True,0
W|eIID_GG_a@A@B?_oGE@?O?@_G@_G?oC?KH?@e??F__?@{,[(20-23)-(16-21)-(15-22)-(13-14)-(11-12)-(10-19)-(9-18)-(8-17)-(6-7)-(4-5)-(2-3)-(0-1)],0.00012183189392089844,0.04624128341674805,4,False,0
W|eIID_GG_a@A@B?_oGE@?O?@_G@_G?oC?KH?@e??F__?@{,[(20-23)-(16-21)-(15-22)-(13-14)-(11-12)-(10-19)-(9-18)-(8-17)-(6-7)-(4-5)-(2-3)-(0-1)],9.489059448242188e-05,0.03439474105834961,2,False,0
W|eIID_GG_a@A@B?_oGE@?O?@_G@_G?oC?KH?@e??F__?@{,[(19-23)-(16-21)-(14-15)-(13-22)-(11-12)-(10-20)-(9-18)-(8-17)-(6-7)-(4-5)-(2-3)-(0-1)],0.00010418891906738281,0.026561260223388672,2,True,0
W|eIID_GG_a@A@B?_oGE@?O?@_G@_G?oC?KH?@e??F__?@{,[(19-23)-(16-21)-(14-15)-(13-22)-(11-12)-(10-20)-(9-18)-(8-17)-(6-7)-(4-5)-(2-3)-(0-1)],0.00010251998901367188,0.06756281852722168,6,True,0
W|eIID_GG_a@A@B?_oGE@?O?@_G@_G?oC?KH?@e??F__?@{,[(19-23)-(16-21)-(15-22)-(13-14)-(11-12)-(10-20)-(9-18)-(8-17)-(6-7)-(4-5)-(2-3)-(0-1)],9.298324584960938e-05,0.031065702438354492,3,True,0
W|eIID_GG_a@A@B?_oGE@?O?@_G@_G?oC?KH?@e??F__?@{,[(19-23)-(16-21)-(15-22)-(13-14)-(11-12)-(10-20)-(9-18)-(8-17)-(6-7)-(4-5)-(2-3)-(0-1)],9.632110595703125e-05,0.03886699676513672,4,True,0
W|eIID_GG_a@A@B?_oGE@?O?@_G@_G?oC?KH?@e??F__?@{,[(19-23)-(16-20)-(14-15)-(13-22)-(12-21)-(10-11)-(9-18)-(8-17)-(6-7)-(4-5)-(2-3)-(0-1)],9.274482727050781e-05,0.06456375122070312,6,True,0
W|eIID_GG_a@A@B?_oGE@?O?@_G@_G?oC?KH?@e??F__?@{,[(19-23)-(16-20)-(14-15)-(13-22)-(12-21)-(10-11)-(9-18)-(8-17)-(6-7)-(4-5)-(2-3)-(0-1)],9.5367431640625e-05,0.049768924713134766,5,True,0
W|eIID_GG_a@A@B?_oGE@?Oc@_?@_G?oC?K@?@BG?Fo???},[(21-23)-(14-15)-(13-22)-(12-16)-(11-20)-(10-19)-(9-18)-(8-17)-(6-7)-(4-5)-(2-3)-(0-1)],8.726119995117188e-05,0.03409171104431152,2,True,0
W|eIID_GG_a@A@B?_oGE@?Oc@_?@_G?oC?K@?@BG?Fo???},[(21-23)-(14-15)-(13-22)-(12-16)-(11-20)-(10-19)-(9-18)-(8-17)-(6-7)-(4-5)-(2-3)-(0-1)],9.393692016601562e-05,0.07176613807678223,8,True,0
W|eIID_GG_a@A@B?_oGE@?Oc@_?@_G?oC?K@?@BG?Fo???},[(21-23)-(15-22)-(13-14)-(12-16)-(11-20)-(10-19)-(9-18)-(8-17)-(6-7)-(4-5)-(2-3)-(0-1)],9.179115295410156e-05,0.03284287452697754,3,True,0
W|eIID_GG_a@A@B?_oGE@?Oc@_?@_G?oC?K@?@BG?Fo???},[(21-23)-(15-22)-(13-14)-(12-16)-(11-20)-(10-19)-(9-18)-(8-17)-(6-7)-(4-5)-(2-3)-(0-1)],9.369850158691406e-05,0.08942675590515137,8,True,0
W|eIID_GG_a@A@B?_oGE@?Oc@_?@_G?oC?K@?@BG?Fo???},[(21-23)-(15-16)-(13-14)-(12-22)-(11-20)-(10-19)-(9-18)-(8-17)-(6-7)-(4-5)-(2-3)-(0-1)],9.250640869140625e-05,0.05912518501281738,5,True,0
W|eIID_GG_a@A@B?_oGE@?Oc@_?@_G?oC?K@?@BG?Fo???},[(21-23)-(15-16)-(13-14)-(12-22)-(11-20)-(10-19)-(9-18)-(8-17)-(6-7)-(4-5)-(2-3)-(0-1)],9.274482727050781e-05,0.044950008392333984,4,False,0
W|eIID_GG_a@A@B?_oGE@?Oc@_?@_G?oC?K@?@BG?Fo???},[(21-23)-(15-16)-(14-22)-(12-13)-(11-20)-(10-19)-(9-18)-(8-17)-(6-7)-(4-5)-(2-3)-(0-1)],9.679794311523438e-05,0.044844865798950195,4,True,0
W|eIID_GG_a@A@B?_oGE@?Oc@_?@_G?oC?K@?@BG?Fo???},[(21-23)-(15-16)-(14-22)-(12-13)-(11-20)-(10-19)-(9-18)-(8-17)-(6-7)-(4-5)-(2-3)-(0-1)],0.00011396408081054688,0.04625272750854492,4,False,0
W|eIID_GG_a@A@B?_oGE@?Oc@_?@_G?oC?K@?@BG?Fo???},[(21-23)-(16-22)-(14-15)-(12-13)-(11-20)-(10-19)-(9-18)-(8-17)-(6-7)-(4-5)-(2-3)-(0-1)],9.441375732421875e-05,0.0457611083984375,5,True,0
W|eIID_GG_a@A@B?_oGE@?Oc@_?@_G?oC?K@?@BG?Fo???},[(21-23)-(16-22)-(14-15)-(12-13)-(11-20)-(10-19)-(9-18)-(8-17)-(6-7)-(4-5)-(2-3)-(0-1)],9.369850158691406e-05,0.06474041938781738,6,True,0
W|eIID_GG_a@A@B?_oGE@?Oc@_?@_G?oC?K@?@BG?Fo???},[(20-23)-(14-15)-(13-22)-(12-16)-(11-21)-(10-19)-(9-18)-(8-17)-(6-7)-(4-5)-(2-3)-(0-1)],9.107589721679688e-05,0.07292914390563965,6,False,0
W|eIID_GG_a@A@B?_oGE@?Oc@_?@_G?oC?K@?@BG?Fo???},[(20-23)-(14-15)-(13-22)-(12-16)-(11-21)-(10-19)-(9-18)-(8-17)-(6-7)-(4-5)-(2-3)-(0-1)],9.799003601074219e-05,0.0566408634185791,4,False,0
W|eIID_GG_a@A@B?_oGE@?Oc@_?@_G?oC?K@?@BG?Fo???},[(20-23)-(15-22)-(13-14)-(12-16)-(11-21)-(10-19)-(9-18)-(8-17)-(6-7)-(4-5)-(2-3)-(0-1)],9.083747863769531e-05,0.10457372665405273,20,False,0
W|eIID_GG_a@A@B?_oGE@?Oc@_?@_G?oC?K@?@BG?Fo???},[(20-23)-(15-22)-(13-14)-(12-16)-(11-21)-(10-19)-(9-18)-(8-17)-(6-7)-(4-5)-(2-3)-(0-1)],9.465217590332031e-05,0.08861255645751953,16,False,0
W|eIID_GG_a@A@B?_oGE@?Oc@_?@_G?oC?K@?@BG?Fo???},[(20-23)-(15-16)-(13-14)-(12-22)-(11-21)-(10-19)-(9-18)-(8-17)-(6-7)-(4-5)-(2-3)-(0-1)],9.202957153320312e-05,0.04527997970581055,4,True,0
W|eIID_GG_a@A@B?_oGE@?Oc@_?@_G?oC?K@?@BG?Fo???},[(20-23)-(15-16)-(13-14)-(12-22)-(11-21)-(10-19)-(9-18)-(8-17)-(6-7)-(4-5)-(2-3)-(0-1)],9.417533874511719e-05,0.04560708999633789,4,True,0
W|eIID_GG_a@A@B?_oGE@?Oc@_?@_G?oC?K@?@BG?Fo???},[(20-23)-(15-16)-(14-22)-(12-13)-(11-21)-(10-19)-(9-18)-(8-17)-(6-7)-(4-5)-(2-3)-(0-1)],0.00010037422180175781,0.022589445114135742,1,True,0
W|eIID_GG_a@A@B?_oGE@?Oc@_?@_G?oC?K@?@BG?Fo???},[(20-23)-(15-16)-(14-22)-(12-13)-(11-21)-(10-19)-(9-18)-(8-17)-(6-7)-(4-5)-(2-3)-(0-1)],9.083747863769531e-05,0.031099319458007812,3,True,0
W|eIID_GG_a@A@B?_oGE@?Oc@_?@_G?oC?K@?@BG?Fo???},[(20-23)-(16-22)-(14-15)-(12-13)-(11-21)-(10-19)-(9-18)-(8-17)-(6-7)-(4-5)-(2-3)-(0-1)],9.465217590332031e-05,0.06386923789978027,5,False,0
W|eIID_GG_a@A@B?_oGE@?Oc@_?@_G?oC?K@?@BG?Fo???},[(20-23)-(16-22)-(14-15)-(12-13)-(11-21)-(10-19)-(9-18)-(8-17)-(6-7)-(4-5)-(2-3)-(0-1)],9.870529174804688e-05,0.021708965301513672,1,True,0
W|eIID_GG_a@A@B?_oGE@?OC@_G@_G?oC?K@?@aG?F__?@{,[(16-23)-(14-15)-(13-22)-(12-21)-(11-20)-(10-19)-(9-18)-(8-17)-(6-7)-(4-5)-(2-3)-(0-1)],9.131431579589844e-05,0.05790519714355469,5,False,0
W|eIID_GG_a@A@B?_oGE@?OC@_G@_G?oC?K@?@aG?F__?@{,[(16-23)-(14-15)-(13-22)-(12-21)-(11-20)-(10-19)-(9-18)-(8-17)-(6-7)-(4-5)-(2-3)-(0-1)],0.0001087188720703125,0.04305720329284668,4,False,0
W|eIID_GG_a@A@B?_oGE@?OC@_G@_G?oC?K@?@aG?F__?@{,[(16-23)-(15-22)-(13-14)-(12-21)-(11-20)-(10-19)-(9-18)-(8-17)-(6-7)-(4-5)-(2-3)-(0-1)],9.417533874511719e-05,0.030389070510864258,2,True,0
W|eIID_GG_a@A@B?_oGE@?OC@_G@_G?oC?K@?@aG?F__?@{,[(16-23)-(15-22)-(13-14)-(12-21)-(11-20)-(10-19)-(9-18)-(8-17)-(6-7)-(4-5)-(2-3)-(0-1)],9.489059448242188e-05,0.04773879051208496,5,True,0
W|eIID_GG_a@A@B?_oGE@?OC@_G@_G?oC?K@?@aG?F__?@{,[(21-22)-(16-23)-(14-15)-(12-13)-(11-20)-(10-19)-(9-18)-(8-17)-(6-7)-(4-5)-(2-3)-(0-1)],9.274482727050781e-05,0.022984981536865234,1,True,0
W|eIID_GG_a@A@B?_oGE@?OC@_G@_G?oC?K@?@aG?F__?@{,[(21-22)-(16-23)-(14-15)-(12-13)-(11-20)-(10-19)-(9-18)-(8-17)-(6-7)-(4-5)-(2-3)-(0-1)],9.584426879882812e-05,0.03433871269226074,3,True,0
W|eIID_GG_a@A@B?_oGE@?OC@_G@_G?oC?K@?@aG?F__?@{,[(20-23)-(15-16)-(13-14)-(12-22)-(11-21)-(10-19)-(9-18)-(8-17)-(6-7)-(4-5)-(2-3)-(0-1)],9.417533874511719e-05,0.03189420700073242,2,True,0
W|eIID_GG_a@A@B?_oGE@?OC@_G@_G?oC?K@?@aG?F__?@{,[(20-23)-(15-16)-(13-14)-(12-22)-(11-21)-(10-19)-(9-18)-(8-17)-(6-7)-(4-5)-(2-3)-(0-1)],9.441375732421875e-05,0.06951284408569336,7,True,0
W|eIID_GG_a@A@B?_oGE@?OC@_G@_G?oC?K@?@aG?F__?@{,[(20-23)-(15-16)-(14-22)-(12-13)-(11-21)-(10-19)-(9-18)-(8-17)-(6-7)-(4-5)-(2-3)-(0-1)],0.00010538101196289062,0.03606009483337402,3,True,0
W|eIID_GG_a@A@B?_oGE@?OC@_G@_G?oC?K@?@aG?F__?@{,[(20-23)-(15-16)-(14-22)-(12-13)-(11-21)-(10-19)-(9-18)-(8-17)-(6-7)-(4-5)-(2-3)-(0-1)],9.72747802734375e-05,0.08023452758789062,15,False,0
W|eIID_GG_a@A@B?_oGE@?OC@_G@_G?oC?K@?@aG?F__?@{,[(20-23)-(16-21)-(14-15)-(13-22)-(11-12)-(10-19)-(9-18)-(8-17)-(6-7)-(4-5)-(2-3)-(0-1)],9.751319885253906e-05,0.05075645446777344,4,True,0
W|eIID_GG_a@A@B?_oGE@?OC@_G@_G?oC?K@?@aG?F__?@{,[(20-23)-(16-21)-(14-15)-(13-22)-(11-12)-(10-19)-(9-18)-(8-17)-(6-7)-(4-5)-(2-3)-(0-1)],0.00011134147644042969,0.03409576416015625,3,True,0
W|eIID_GG_a@A@B?_oGE@?OC@_G@_G?oC?K@?@aG?F__?@{,[(20-21)-(16-23)-(14-15)-(13-22)-(11-12)-(10-19)-(9-18)-(8-17)-(6-7)-(4-5)-(2-3)-(0-1)],9.560585021972656e-05,0.050101280212402344,5,True,0
W|eIID_GG_a@A@B?_oGE@?OC@_G@_G?oC?K@?@aG?F__?@{,[(20-21)-(16-23)-(14-15)-(13-22)-(11-12)-(10-19)-(9-18)-(8-17)-(6-7)-(4-5)-(2-3)-(0-1)],9.584426879882812e-05,0.02335643768310547,1,True,0
W|eIID_GG_a@A@B?_oGE@?OC@_G@_G?oC?K@?@aG?F__?@{,[(21-22)-(20-23)-(15-16)-(13-14)-(11-12)-(10-19)-(9-18)-(8-17)-(6-7)-(4-5)-(2-3)-(0-1)],9.369850158691406e-05,0.032457828521728516,2,True,0
W|eIID_GG_a@A@B?_oGE@?OC@_G@_G?oC?K@?@aG?F__?@{,[(21-22)-(20-23)-(15-16)-(13-14)-(11-12)-(10-19)-(9-18)-(8-17)-(6-7)-(4-5)-(2-3)-(0-1)],9.298324584960938e-05,0.049794912338256836,4,True,0
W|eIID_GG_a@A@B?_oGE@?OC@_G@_G?oC?K@?@aG?F__?@{,[(20-23)-(16-21)-(15-22)-(13-14)-(11-12)-(10-19)-(9-18)-(8-17)-(6-7)-(4-5)-(2-3)-(0-1)],9.512901306152344e-05,0.05896425247192383,5,True,0
W|eIID_GG_a@A@B?_oGE@?OC@_G@_G?oC?K@?@aG?F__?@{,[(20-23)-(16-21)-(15-22)-(13-14)-(11-12)-(10-19)-(9-18)-(8-17)-(6-7)-(4-5)-(2-3)-(0-1)],9.775161743164062e-05,0.04116225242614746,3,True,0
W|eIID_GG_a@A@B?_oGE@?OC@_G@_G?oC?K@?@aG?F__?@{,[(20-21)-(16-23)-(15-22)-(13-14)-(11-12)-(10-19)-(9-18)-(8-17)-(6-7)-(4-5)-(2-3)-(0-1)],9.012222290039062e-05,0.05736732482910156,5,True,0
W|eIID_GG_a@A@B?_oGE@?OC@_G@_G?oC?K@?@aG?F__?@{,[(20-21)-(16-23)-(15-22)-(13-14)-(11-12)-(10-19)-(9-18)-(8-17)-(6-7)-(4-5)-(2-3)-(0-1)],9.393692016601562e-05,0.020283937454223633,1,False,0
W|bIB?pCGo`@B?@__OGC@?oC@o??wG?G[?E???wG?@`_?BL,[(15-23)-(14-22)-(13-21)-(12-20)-(11-19)-(10-18)-(8-9)-(7-17)-(6-16)-(4-5)-(2-3)-(0-1)],8.988380432128906e-05,0.0337529182434082,3,True,0
W|bIB?pCGo`@B?@__OGC@?oC@o??wG?G[?E???wG?@`_?BL,[(15-23)-(14-22)-(13-21)-(12-20)-(11-19)-(10-18)-(8-9)-(7-17)-(6-16)-(4-5)-(2-3)-(0-1)],9.560585021972656e-05,0.03884696960449219,3,True,0
W|bIB?pCGo`@B?@__OGC@?oC@o??wG?G[?E???wG?@`_?BL,[(22-23)-(14-15)-(13-21)-(12-20)-(11-19)-(10-18)-(8-9)-(7-17)-(6-16)-(4-5)-(2-3)-(0-1)],0.00010824203491210938,0.04525470733642578,4,True,0
W|bIB?pCGo`@B?@__OGC@?oC@o??wG?G[?E???wG?@`_?BL,[(22-23)-(14-15)-(13-21)-(12-20)-(11-19)-(10-18)-(8-9)-(7-17)-(6-16)-(4-5)-(2-3)-(0-1)],9.274482727050781e-05,0.048229217529296875,4,True,0
W|bIB?pCGo`@B?@__OGC@?oC@o??wG?G[?E???wG?@`_?BL,[(21-22)-(15-23)-(13-14)-(12-20)-(11-19)-(10-18)-(8-9)-(7-17)-(6-16)-(4-5)-(2-3)-(0-1)],0.00010347366333007812,0.03188323974609375,2,True,0
W|bIB?pCGo`@B?@__OGC@?oC@o??wG?G[?E???wG?@`_?BL,[(21-22)-(15-23)-(13-14)-(12-20)-(11-19)-(10-18)-(8-9)-(7-17)-(6-16)-(4-5)-(2-3)-(0-1)],9.34600830078125e-05,0.05109119415283203,5,True,0
W|bIB?pCGo`@B?@__OGC@?oC@o??wG?G[?E???wG?@`_?BL,[(20-23)-(15-22)-(13-14)-(12-21)-(11-19)-(10-18)-(8-9)-(7-17)-(6-16)-(4-5)-(2-3)-(0-1)],0.00012540817260742188,0.02039480209350586,1,False,0
W|bIB?pCGo`@B?@__OGC@?oC@o??wG?G[?E???wG?@`_?BL,[(20-23)-(15-22)-(13-14)-(12-21)-(11-19)-(10-18)-(8-9)-(7-17)-(6-16)-(4-5)-(2-3)-(0-1)],9.322166442871094e-05,0.038440704345703125,3,True,0
W|bIB?pCGo`@B?@__OGC@?oC@o??wG?G[?E???wG?@`_?BL,[(20-22)-(15-23)-(13-14)-(12-21)-(11-19)-(10-18)-(8-9)-(7-17)-(6-16)-(4-5)-(2-3)-(0-1)],9.393692016601562e-05,0.09685420989990234,18,False,0
W|bIB?pCGo`@B?@__OGC@?oC@o??wG?G[?E???wG?@`_?BL,[(20-22)-(15-23)-(13-14)-(12-21)-(11-19)-(10-18)-(8-9)-(7-17)-(6-16)-(4-5)-(2-3)-(0-1)],0.0001125335693359375,0.02766728401184082,2,True,0
W|bIB?pCGo`@B?@__OGC@?oC@o??wG?G[?E???wG?@`_?BL,[(20-23)-(15-22)-(14-21)-(12-13)-(11-19)-(10-18)-(8-9)-(7-17)-(6-16)-(4-5)-(2-3)-(0-1)],9.298324584960938e-05,0.04431891441345215,4,True,0
W|bIB?pCGo`@B?@__OGC@?oC@o??wG?G[?E???wG?@`_?BL,[(20-23)-(15-22)-(14-21)-(12-13)-(11-19)-(10-18)-(8-9)-(7-17)-(6-16)-(4-5)-(2-3)-(0-1)],9.584426879882812e-05,0.10046100616455078,18,False,0
W|bIB?pCGo`@B?@__OGC@?oC@o??wG?G[?E???wG?@`_?BL,[(20-22)-(15-23)-(14-21)-(12-13)-(11-19)-(10-18)-(8-9)-(7-17)-(6-16)-(4-5)-(2-3)-(0-1)],9.083747863769531e-05,0.06049919128417969,5,True,0
W|bIB?pCGo`@B?@__OGC@?oC@o??wG?G[?E???wG?@`_?BL,[(20-22)-(15-23)-(14-21)-(12-13)-(11-19)-(10-18)-(8-9)-(7-17)-(6-16)-(4-5)-(2-3)-(0-1)],9.441375732421875e-05,0.039927005767822266,3,False,0
W|bIB?pCGo`@B?@__OGC@?oC@o??wG?G[?E???wG?@`_?BL,[(20-21)-(15-23)-(14-22)-(12-13)-(11-19)-(10-18)-(8-9)-(7-17)-(6-16)-(4-5)-(2-3)-(0-1)],9.202957153320312e-05,0.06284403800964355,6,True,0
W|bIB?pCGo`@B?@__OGC@?oC@o??wG?G[?E???wG?@`_?BL,[(20-21)-(15-23)-(14-22)-(12-13)-(11-19)-(10-18)-(8-9)-(7-17)-(6-16)-(4-5)-(2-3)-(0-1)],9.822845458984375e-05,0.03456377983093262,3,True,0
W|bIB?pCGo`@B?@__OGC@?oC@o??wG?G[?E???wG?@`_?BL,[(22-23)-(20-21)-(14-15)-(12-13)-(11-19)-(10-18)-(8-9)-(7-17)-(6-16)-(4-5)-(2-3)-(0-1)],9.298324584960938e-05,0.08251237869262695,15,False,0
W|bIB?pCGo`@B?@__OGC@?oC@o??wG?G[?E???wG?@`_?BL,[(22-23)-(20-21)-(14-15)-(12-13)-(11-19)-(10-18)-(8-9)-(7-17)-(6-16)-(4-5)-(2-3)-(0-1)],9.441375732421875e-05,0.026342391967773438,2,True,0
W|bIB?pCGo`@B?@__OGC@?oC@o??wG?G[?E???wG?@`_?BL,[(21-22)-(20-23)-(14-15)-(12-13)-(11-19)-(10-18)-(8-9)-(7-17)-(6-16)-(4-5)-(2-3)-(0-1)],9.584426879882812e-05,0.02807331085205078,2,False,0
W|bIB?pCGo`@B?@__OGC@?oC@o??wG?G[?E???wG?@`_?BL,[(21-22)-(20-23)-(14-15)-(12-13)-(11-19)-(10-18)-(8-9)-(7-17)-(6-16)-(4-5)-(2-3)-(0-1)],9.655952453613281e-05,0.06104302406311035,6,True,0
W|eII@`GG_b?B@@__OGE@?O?@oG?oW?OS?K@?@w??@`_?BL,[(15-23)-(14-22)-(12-21)-(11-20)-(10-19)-(9-18)-(8-17)-(7-16)-(6-13)-(4-5)-(2-3)-(0-1)],9.1552734375e-05,0.054814815521240234,5,True,0
W|eII@`GG_b?B@@__OGE@?O?@oG?oW?OS?K@?@w??@`_?BL,[(15-23)-(14-22)-(12-21)-(11-20)-(10-19)-(9-18)-(8-17)-(7-16)-(6-13)-(4-5)-(2-3)-(0-1)],0.00010180473327636719,0.03873252868652344,3,True,0
W|eII@`GG_b?B@@__OGE@?O?@oG?oW?OS?K@?@w??@`_?BL,[(22-23)-(14-15)-(12-21)-(11-20)-(10-19)-(9-18)-(8-17)-(7-16)-(6-13)-(4-5)-(2-3)-(0-1)],9.036064147949219e-05,0.08007550239562988,14,False,0
W|eII@`GG_b?B@@__OGE@?O?@oG?oW?OS?K@?@w??@`_?BL,[(22-23)-(14-15)-(12-21)-(11-20)-(10-19)-(9-18)-(8-17)-(7-16)-(6-13)-(4-5)-(2-3)-(0-1)],9.632110595703125e-05,0.0256497859954834,2,True,0
W|eII@`GG_b?B@@__OGE@?O?@oG?oW?OS?K@?@w??@`_?BL,[(20-23)-(15-22)-(14-21)-(11-12)-(10-19)-(9-18)-(8-17)-(7-16)-(6-13)-(4-5)-(2-3)-(0-1)],9.441375732421875e-05,0.032308340072631836,3,False,0
W|eII@`GG_b?B@@__OGE@?O?@oG?oW?OS?K@?@w??@`_?BL,[(20-23)-(15-22)-(14-21)-(11-12)-(10-19)-(9-18)-(8-17)-(7-16)-(6-13)-(4-5)-(2-3)-(0-1)],0.00010204315185546875,0.024796247482299805,2,True,0
W|eII@`GG_b?B@@__OGE@?O?@oG?oW?OS?K@?@w??@`_?BL,[(20-22)-(15-23)-(14-21)-(11-12)-(10-19)-(9-18)-(8-17)-(7-16)-(6-13)-(4-5)-(2-3)-(0-1)],9.322166442871094e-05,0.07069253921508789,8,True,0
W|eII@`GG_b?B@@__OGE@?O?@oG?oW?OS?K@?@w??@`_?BL,[(20-22)-(15-23)-(14-21)-(11-12)-(10-19)-(9-18)-(8-17)-(7-16)-(6-13)-(4-5)-(2-3)-(0-1)],9.894371032714844e-05,0.03159618377685547,3,True,0
W|eII@`GG_b?B@@__OGE@?O?@oG?oW?OS?K@?@w??@`_?BL,[(21-22)-(20-23)-(14-15)-(11-12)-(10-19)-(9-18)-(8-17)-(7-16)-(6-13)-(4-5)-(2-3)-(0-1)],9.369850158691406e-05,0.04254746437072754,4,True,0
W|eII@`GG_b?B@@__OGE@?O?@oG?oW?OS?K@?@w??@`_?BL,[(21-22)-(20-23)-(14-15)-(11-12)-(10-19)-(9-18)-(8-17)-(7-16)-(6-13)-(4-5)-(2-3)-(0-1)],9.751319885253906e-05,0.029462099075317383,3,True,0
W|eII@`GG_b?B@@__OGE@?O?@oG?oW?OS?K@?@w??@`_?BL,[(19-23)-(15-22)-(14-21)-(11-12)-(10-20)-(9-18)-(8-17)-(7-16)-(6-13)-(4-5)-(2-3)-(0-1)],9.5367431640625e-05,0.04182124137878418,5,False,0
W|eII@`GG_b?B@@__OGE@?O?@oG?oW?OS?K@?@w??@`_?BL,[(19-23)-(15-22)-(14-21)-(11-12)-(10-20)-(9-18)-(8-17)-(7-16)-(6-13)-(4-5)-(2-3)-(0-1)],9.799003601074219e-05,0.0321965217590332,3,True,0
W|eII@`GG_b?B@@__OGE@?O?@oG?oW?OS?K@?@w??@`_?BL,[(21-22)-(19-23)-(14-15)-(11-12)-(10-20)-(9-18)-(8-17)-(7-16)-(6-13)-(4-5)-(2-3)-(0-1)],8.940696716308594e-05,0.025928020477294922,2,True,0
W|eII@`GG_b?B@@__OGE@?O?@oG?oW?OS?K@?@w??@`_?BL,[(21-22)-(19-23)-(14-15)-(11-12)-(10-20)-(9-18)-(8-17)-(7-16)-(6-13)-(4-5)-(2-3)-(0-1)],9.72747802734375e-05,0.049291133880615234,4,False,0
W|eII@`GG_b?B@@__OGE@?O?@oG?oW?OS?K@?@w??@`_?BL,[(18-19)-(15-23)-(14-22)-(12-21)-(11-20)-(9-10)-(8-17)-(7-16)-(6-13)-(4-5)-(2-3)-(0-1)],9.5367431640625e-05,0.033193349838256836,4,True,0
W|eII@`GG_b?B@@__OGE@?O?@oG?oW?OS?K@?@w??@`_?BL,[(18-19)-(15-23)-(14-22)-(12-21)-(11-20)-(9-10)-(8-17)-(7-16)-(6-13)-(4-5)-(2-3)-(0-1)],9.417533874511719e-05,0.05583500862121582,5,True,0
W|eII@`GG_b?B@@__OGE@?O?@oG?oW?OS?K@?@w??@`_?BL,[(22-23)-(18-19)-(14-15)-(12-21)-(11-20)-(9-10)-(8-17)-(7-16)-(6-13)-(4-5)-(2-3)-(0-1)],9.417533874511719e-05,0.04796910285949707,5,True,0
W|eII@`GG_b?B@@__OGE@?O?@oG?oW?OS?K@?@w??@`_?BL,[(22-23)-(18-19)-(14-15)-(12-21)-(11-20)-(9-10)-(8-17)-(7-16)-(6-13)-(4-5)-(2-3)-(0-1)],9.965896606445312e-05,0.03966689109802246,3,True,0
W|eII@`GG_b?B@@__OGE@?O?@oG?oW?OS?K@?@w??@`_?BL,[(20-23)-(18-19)-(15-22)-(14-21)-(11-12)-(9-10)-(8-17)-(7-16)-(6-13)-(4-5)-(2-3)-(0-1)],9.131431579589844e-05,0.036244869232177734,3,True,0
W|eII@`GG_b?B@@__OGE@?O?@oG?oW?OS?K@?@w??@`_?BL,[(20-23)-(18-19)-(15-22)-(14-21)-(11-12)-(9-10)-(8-17)-(7-16)-(6-13)-(4-5)-(2-3)-(0-1)],9.72747802734375e-05,0.04671430587768555,4,True,0
W|eIAD`KGo@@@@@?_oGC@?oC@oG?oW?WC?E@??oG?B__?AN,[(15-23)-(14-22)-(13-21)-(12-20)-(11-19)-(10-18)-(8-9)-(7-17)-(6-16)-(4-5)-(2-3)-(0-1)],9.059906005859375e-05,0.053009986877441406,5,True,0
W|eIAD`KGo@@@@@?_oGC@?oC@oG?oW?WC?E@??oG?B__?AN,[(15-23)-(14-22)-(13-21)-(12-20)-(11-19)-(10-18)-(8-9)-(7-17)-(6-16)-(4-5)-(2-3)-(0-1)],9.34600830078125e-05,0.03341484069824219,3,True,0
W|eIAD`KGo@@@@@?_oGC@?oC@oG?oW?WC?E@??oG?B__?AN,[(22-23)-(14-15)-(13-21)-(12-20)-(11-19)-(10-18)-(8-9)-(7-17)-(6-16)-(4-5)-(2-3)-(0-1)],9.441375732421875e-05,0.028016328811645508,3,True,0
W|eIAD`KGo@@@@@?_oGC@?oC@oG?oW?WC?E@??oG?B__?AN,[(22-23)-(14-15)-(13-21)-(12-20)-(11-19)-(10-18)-(8-9)-(7-17)-(6-16)-(4-5)-(2-3)-(0-1)],9.441375732421875e-05,0.03727388381958008,3,True,0
W|eIAD`KGo@@@@@?_oGC@?oC@oG?oW?WC?E@??oG?B__?AN,[(21-23)-(14-15)-(13-22)-(12-20)-(11-19)-(10-18)-(8-9)-(7-17)-(6-16)-(4-5)-(2-3)-(0-1)],9.131431579589844e-05,0.039200544357299805,4,True,0
W|eIAD`KGo@@@@@?_oGC@?oC@oG?oW?WC?E@??oG?B__?AN,[(21-23)-(14-15)-(13-22)-(12-20)-(11-19)-(10-18)-(8-9)-(7-17)-(6-16)-(4-5)-(2-3)-(0-1)],0.00015926361083984375,0.029020309448242188,2,False,0
W|eIAD`KGo@@@@@?_oGC@?oC@oG?oW?WC?E@??oG?B__?AN,[(21-23)-(15-22)-(13-14)-(12-20)-(11-19)-(10-18)-(8-9)-(7-17)-(6-16)-(4-5)-(2-3)-(0-1)],9.34600830078125e-05,0.04311537742614746,4,True,0
W|eIAD`KGo@@@@@?_oGC@?oC@oG?oW?WC?E@??oG?B__?AN,[(21-23)-(15-22)-(13-14)-(12-20)-(11-19)-(10-18)-(8-9)-(7-17)-(6-16)-(4-5)-(2-3)-(0-1)],9.679794311523438e-05,0.021741390228271484,1,True,0
W|eIAD`KGo@@@@@?_oGC@?oC@oG?oW?WC?E@??oG?B__?AN,[(21-22)-(15-23)-(13-14)-(12-20)-(11-19)-(10-18)-(8-9)-(7-17)-(6-16)-(4-5)-(2-3)-(0-1)],0.00010228157043457031,0.08559107780456543,7,False,0
W|eIAD`KGo@@@@@?_oGC@?oC@oG?oW?WC?E@??oG?B__?AN,[(21-22)-(15-23)-(13-14)-(12-20)-(11-19)-(10-18)-(8-9)-(7-17)-(6-16)-(4-5)-(2-3)-(0-1)],9.632110595703125e-05,0.0565791130065918,5,True,0
W|eIAD`KGo@@@@@?_oGC@?oC@oG?oW?WC?E@??oG?B__?AN,[(20-23)-(14-15)-(13-22)-(12-21)-(11-19)-(10-18)-(8-9)-(7-17)-(6-16)-(4-5)-(2-3)-(0-1)],9.34600830078125e-05,0.07851147651672363,16,False,0
W|eIAD`KGo@@@@@?_oGC@?oC@oG?oW?WC?E@??oG?B__?AN,[(20-23)-(14-15)-(13-22)-(12-21)-(11-19)-(10-18)-(8-9)-(7-17)-(6-16)-(4-5)-(2-3)-(0-1)],9.465217590332031e-05,0.03519630432128906,3,True,0
W|eIAD`KGo@@@@@?_oGC@?oC@oG?oW?WC?E@??oG?B__?AN,[(20-23)-(15-22)-(13-14)-(12-21)-(11-19)-(10-18)-(8-9)-(7-17)-(6-16)-(4-5)-(2-3)-(0-1)],0.00010585784912109375,0.016754150390625,1,True,0
W|eIAD`KGo@@@@@?_oGC@?oC@oG?oW?WC?E@??oG?B__?AN,[(20-23)-(15-22)-(13-14)-(12-21)-(11-19)-(10-18)-(8-9)-(7-17)-(6-16)-(4-5)-(2-3)-(0-1)],0.000102996826171875,0.029222965240478516,2,True,0
W|eIAD`KGo@@@@@?_oGC@?oC@oG?oW?WC?E@??oG?B__?AN,[(20-21)-(15-23)-(14-22)-(12-13)-(11-19)-(10-18)-(8-9)-(7-17)-(6-16)-(4-5)-(2-3)-(0-1)],9.393692016601562e-05,0.03932952880859375,3,False,0
W|eIAD`KGo@@@@@?_oGC@?oC@oG?oW?WC?E@??oG?B__?AN,[(20-21)-(15-23)-(14-22)-(12-13)-(11-19)-(10-18)-(8-9)-(7-17)-(6-16)-(4-5)-(2-3)-(0-1)],0.00011920928955078125,0.047182559967041016,4,True,0
W|eIAD`KGo@@@@@?_oGC@?oC@oG?oW?WC?E@??oG?B__?AN,[(22-23)-(20-21)-(14-15)-(12-13)-(11-19)-(10-18)-(8-9)-(7-17)-(6-16)-(4-5)-(2-3)-(0-1)],9.417533874511719e-05,0.04168105125427246,4,True,0
W|eIAD`KGo@@@@@?_oGC@?oC@oG?oW?WC?E@??oG?B__?AN,[(22-23)-(20-21)-(14-15)-(12-13)-(11-19)-(10-18)-(8-9)-(7-17)-(6-16)-(4-5)-(2-3)-(0-1)],9.72747802734375e-05,0.05071091651916504,5,True,0
W|eIAD`KGo@@@@@?_oGC@?oC@oG?oW?WC?E@??oG?B__?AN,[(21-22)-(20-23)-(14-15)-(12-13)-(11-19)-(10-18)-(8-9)-(7-17)-(6-16)-(4-5)-(2-3)-(0-1)],9.1552734375e-05,0.02342677116394043,1,True,0
W|eIAD`KGo@@@@@?_oGC@?oC@oG?oW?WC?E@??oG?B__?AN,[(21-22)-(20-23)-(14-15)-(12-13)-(11-19)-(10-18)-(8-9)-(7-17)-(6-16)-(4-5)-(2-3)-(0-1)],0.00010347366333007812,0.03585195541381836,3,True,0
WtfIAD`GH_b?A@@?_oGC@?oC@oG?oW?WC?E@??oG?B__?AN,[(15-23)-(14-22)-(13-21)-(12-20)-(11-19)-(10-18)-(8-9)-(7-17)-(6-16)-(4-5)-(2-3)-(0-1)],9.012222290039062e-05,0.0444488525390625,4,False,0
WtfIAD`GH_b?A@@?_oGC@?oC@oG?oW?WC?E@??oG?B__?AN,[(15-23)-(14-22)-(13-21)-(12-20)-(11-19)-(10-18)-(8-9)-(7-17)-(6-16)-(4-5)-(2-3)-(0-1)],9.822845458984375e-05,0.03273272514343262,3,True,0
WtfIAD`GH_b?A@@?_oGC@?oC@oG?oW?WC?E@??oG?B__?AN,[(22-23)-(14-15)-(13-21)-(12-20)-(11-19)-(10-18)-(8-9)-(7-17)-(6-16)-(4-5)-(2-3)-(0-1)],9.369850158691406e-05,0.07164669036865234,16,False,0
WtfIAD`GH_b?A@@?_oGC@?oC@oG?oW?WC?E@??oG?B__?AN,[(22-23)-(14-15)-(13-21)-(12-20)-(11-19)-(10-18)-(8-9)-(7-17)-(6-16)-(4-5)-(2-3)-(0-1)],9.393692016601562e-05,0.03717517852783203,4,False,0
WtfIAD`GH_b?A@@?_oGC@?oC@oG?oW?WC?E@??oG?B__?AN,[(21-23)-(14-15)-(13-22)-(12-20)-(11-19)-(10-18)-(8-9)-(7-17)-(6-16)-(4-5)-(2-3)-(0-1)],9.322166442871094e-05,0.10761737823486328,17,False,0
WtfIAD`GH_b?A@@?_oGC@?oC@oG?oW?WC?E@??oG?B__?AN,[(21-23)-(14-15)-(13-22)-(12-20)-(11-19)-(10-18)-(8-9)-(7-17)-(6-16)-(4-5)-(2-3)-(0-1)],9.632110595703125e-05,0.05555272102355957,5,True,0
WtfIAD`GH_b?A@@?_oGC@?oC@oG?oW?WC?E@??oG?B__?AN,[(21-23)-(15-22)-(13-14)-(12-20)-(11-19)-(10-18)-(8-9)-(7-17)-(6-16)-(4-5)-(2-3)-(0-1)],0.00010633468627929688,0.03901529312133789,3,True,0
WtfIAD`GH_b?A@@?_oGC@?oC@oG?oW?WC?E@??oG?B__?AN,[(21-23)-(15-22)-(13-14)-(12-20)-(11-19)-(10-18)-(8-9)-(7-17)-(6-16)-(4-5)-(2-3)-(0-1)],0.00011348724365234375,0.05237984657287598,5,True,0
WtfIAD`GH_b?A@@?_oGC@?oC@oG?oW?WC?E@??oG?B__?AN,[(21-22)-(15-23)-(13-14)-(12-20)-(11-19)-(10-18)-(8-9)-(7-17)-(6-16)-(4-5)-(2-3)-(0-1)],0.0001423358917236328,0.09008431434631348,9,True,0
WtfIAD`GH_b?A@@?_oGC@?oC@oG?oW?WC?E@??oG?B__?AN,[(21-22)-(15-23)-(13-14)-(12-20)-(11-19)-(10-18)-(8-9)-(7-17)-(6-16)-(4-5)-(2-3)-(0-1)],9.584426879882812e-05,0.07189106941223145,7,True,0
WtfIAD`GH_b?A@@?_oGC@?oC@oG?oW?WC?E@??oG?B__?AN,[(20-23)-(14-15)-(13-22)-(12-21)-(11-19)-(10-18)-(8-9)-(7-17)-(6-16)-(4-5)-(2-3)-(0-1)],0.00010180473327636719,0.03659677505493164,3,True,0
WtfIAD`GH_b?A@@?_oGC@?oC@oG?oW?WC?E@??oG?B__?AN,[(20-23)-(14-15)-(13-22)-(12-21)-(11-19)-(10-18)-(8-9)-(7-17)-(6-16)-(4-5)-(2-3)-(0-1)],9.584426879882812e-05,0.05092120170593262,4,True,0
WtfIAD`GH_b?A@@?_oGC@?oC@oG?oW?WC?E@??oG?B__?AN,[(20-23)-(15-22)-(13-14)-(12-21)-(11-19)-(10-18)-(8-9)-(7-17)-(6-16)-(4-5)-(2-3)-(0-1)],9.226799011230469e-05,0.035587310791015625,3,True,0
WtfIAD`GH_b?A@@?_oGC@?oC@oG?oW?WC?E@??oG?B__?AN,[(20-23)-(15-22)-(13-14)-(12-21)-(11-19)-(10-18)-(8-9)-(7-17)-(6-16)-(4-5)-(2-3)-(0-1)],9.870529174804688e-05,0.09145808219909668,16,False,0
WtfIAD`GH_b?A@@?_oGC@?oC@oG?oW?WC?E@??oG?B__?AN,[(20-21)-(15-23)-(14-22)-(12-13)-(11-19)-(10-18)-(8-9)-(7-17)-(6-16)-(4-5)-(2-3)-(0-1)],9.107589721679688e-05,0.07372307777404785,7,True,0
WtfIAD`GH_b?A@@?_oGC@?oC@oG?oW?WC?E@??oG?B__?AN,[(20-21)-(15-23)-(14-22)-(12-13)-(11-19)-(10-18)-(8-9)-(7-17)-(6-16)-(4-5)-(2-3)-(0-1)],9.34600830078125e-05,0.045604705810546875,4,True,0
WtfIAD`GH_b?A@@?_oGC@?oC@oG?oW?WC?E@??oG?B__?AN,[(22-23)-(20-21)-(14-15)-(12-13)-(11-19)-(10-18)-(8-9)-(7-17)-(6-16)-(4-5)-(2-3)-(0-1)],9.679794311523438e-05,0.02919292449951172,2,True,0
WtfIAD`GH_b?A@@?_oGC@?oC@oG?oW?WC?E@??oG?B__?AN,[(22-23)-(20-21)-(14-15)-(12-13)-(11-19)-(10-18)-(8-9)-(7-17)-(6-16)-(4-5)-(2-3)-(0-1)],9.489059448242188e-05,0.05262041091918945,5,True,0
WtfIAD`GH_b?A@@?_oGC@?oC@oG?oW?WC?E@??oG?B__?AN,[(21-22)-(20-23)-(14-15)-(12-13)-(11-19)-(10-18)-(8-9)-(7-17)-(6-16)-(4-5)-(2-3)-(0-1)],9.226799011230469e-05,0.02488541603088379,2,True,0
WtfIAD`GH_b?A@@?_oGC@?oC@oG?oW?WC?E@??oG?B__?AN,[(21-22)-(20-23)-(14-15)-(12-13)-(11-19)-(10-18)-(8-9)-(7-17)-(6-16)-(4-5)-(2-3)-(0-1)],9.703636169433594e-05,0.07033514976501465,7,True,0
WtfIAD`GH_b@B?@__OGE@?[??OG?WG?KC?B`??KG??w_??z,[(22-23)-(15-21)-(13-14)-(12-20)-(11-19)-(10-18)-(9-17)-(8-16)-(6-7)-(4-5)-(2-3)-(0-1)],9.179115295410156e-05,0.02633953094482422,2,True,0
WtfIAD`GH_b@B?@__OGE@?[??OG?WG?KC?B`??KG??w_??z,[(22-23)-(15-21)-(13-14)-(12-20)-(11-19)-(10-18)-(9-17)-(8-16)-(6-7)-(4-5)-(2-3)-(0-1)],9.632110595703125e-05,0.022090435028076172,1,True,0
WtfIAD`GH_b@B?@__OGE@?[??OG?WG?KC?B`??KG??w_??z,[(21-23)-(15-22)-(13-14)-(12-20)-(11-19)-(10-18)-(9-17)-(8-16)-(6-7)-(4-5)-(2-3)-(0-1)],9.274482727050781e-05,0.01902484893798828,1,True,0
WtfIAD`GH_b@B?@__OGE@?[??OG?WG?KC?B`??KG??w_??z,[(21-23)-(15-22)-(13-14)-(12-20)-(11-19)-(10-18)-(9-17)-(8-16)-(6-7)-(4-5)-(2-3)-(0-1)],0.00010156631469726562,0.03631711006164551,3,True,0
WtfIAD`GH_b@B?@__OGE@?[??OG?WG?KC?B`??KG??w_??z,[(22-23)-(15-21)-(14-20)-(12-13)-(11-19)-(10-18)-(9-17)-(8-16)-(6-7)-(4-5)-(2-3)-(0-1)],9.393692016601562e-05,0.05236244201660156,4,False,0
WtfIAD`GH_b@B?@__OGE@?[??OG?WG?KC?B`??KG??w_??z,[(22-23)-(15-21)-(14-20)-(12-13)-(11-19)-(10-18)-(9-17)-(8-16)-(6-7)-(4-5)-(2-3)-(0-1)],0.00010585784912109375,0.03399181365966797,3,True,0
WtfIAD`GH_b@B?@__OGE@?[??OG?WG?KC?B`??KG??w_??z,[(21-23)-(15-22)-(14-20)-(12-13)-(11-19)-(10-18)-(9-17)-(8-16)-(6-7)-(4-5)-(2-3)-(0-1)],8.988380432128906e-05,0.06225872039794922,6,True,0
WtfIAD`GH_b@B?@__OGE@?[??OG?WG?KC?B`??KG??w_??z,[(21-23)-(15-22)-(14-20)-(12-13)-(11-19)-(10-18)-(9-17)-(8-16)-(6-7)-(4-5)-(2-3)-(0-1)],9.799003601074219e-05,0.04720568656921387,4,False,0
WtfIAD`GH_b@B?@__OGE@?[??OG?WG?KC?B`??KG??w_??z,[(22-23)-(20-21)-(14-15)-(12-13)-(11-19)-(10-18)-(9-17)-(8-16)-(6-7)-(4-5)-(2-3)-(0-1)],9.250640869140625e-05,0.04667091369628906,4,False,0
WtfIAD`GH_b@B?@__OGE@?[??OG?WG?KC?B`??KG??w_??z,[(22-23)-(20-21)-(14-15)-(12-13)-(11-19)-(10-18)-(9-17)-(8-16)-(6-7)-(4-5)-(2-3)-(0-1)],9.679794311523438e-05,0.07596445083618164,7,True,0
WtfIAD`GH_b@B?@__OGE@?[??OG?WG?KC?B`??KG??w_??z,[(18-23)-(15-22)-(14-21)-(13-20)-(12-19)-(10-11)-(9-17)-(8-16)-(6-7)-(4-5)-(2-3)-(0-1)],9.72747802734375e-05,0.0697627067565918,6,True,0
WtfIAD`GH_b@B?@__OGE@?[??OG?WG?KC?B`??KG??w_??z,[(18-23)-(15-22)-(14-21)-(13-20)-(12-19)-(10-11)-(9-17)-(8-16)-(6-7)-(4-5)-(2-3)-(0-1)],9.489059448242188e-05,0.11375164985656738,21,False,0
WtfIAD`GH_b@B?@__OGE@?[??OG?WG?KC?B`??KG??w_??z,[(21-22)-(18-23)-(14-15)-(13-20)-(12-19)-(10-11)-(9-17)-(8-16)-(6-7)-(4-5)-(2-3)-(0-1)],9.274482727050781e-05,0.031267404556274414,2,True,0
WtfIAD`GH_b@B?@__OGE@?[??OG?WG?KC?B`??KG??w_??z,[(21-22)-(18-23)-(14-15)-(13-20)-(12-19)-(10-11)-(9-17)-(8-16)-(6-7)-(4-5)-(2-3)-(0-1)],9.250640869140625e-05,0.03689765930175781,3,True,0
WtfIAD`GH_b@B?@__OGE@?[??OG?WG?KC?B`??KG??w_??z,[(20-21)-(18-23)-(15-22)-(13-14)-(12-19)-(10-11)-(9-17)-(8-16)-(6-7)-(4-5)-(2-3)-(0-1)],9.5367431640625e-05,0.05364179611206055,5,False,0
WtfIAD`GH_b@B?@__OGE@?[??OG?WG?KC?B`??KG??w_??z,[(20-21)-(18-23)-(15-22)-(13-14)-(12-19)-(10-11)-(9-17)-(8-16)-(6-7)-(4-5)-(2-3)-(0-1)],9.632110595703125e-05,0.04851937294006348,5,True,0
WtfIAD`GH_b@B?@__OGE@?[??OG?WG?KC?B`??KG??w_??z,[(22-23)-(18-19)-(15-21)-(13-14)-(12-20)-(10-11)-(9-17)-(8-16)-(6-7)-(4-5)-(2-3)-(0-1)],0.00015115737915039062,0.035156965255737305,4,True,0
WtfIAD`GH_b@B?@__OGE@?[??OG?WG?KC?B`??KG??w_??z,[(22-23)-(18-19)-(15-21)-(13-14)-(12-20)-(10-11)-(9-17)-(8-16)-(6-7)-(4-5)-(2-3)-(0-1)],9.560585021972656e-05,0.0423436164855957,4,True,0
WtfIAD`GH_b@B?@__OGE@?[??OG?WG?KC?B`??KG??w_??z,[(21-23)-(18-19)-(15-22)-(13-14)-(12-20)-(10-11)-(9-17)-(8-16)-(6-7)-(4-5)-(2-3)-(0-1)],9.274482727050781e-05,0.03187131881713867,3,True,0
WtfIAD`GH_b@B?@__OGE@?[??OG?WG?KC?B`??KG??w_??z,[(21-23)-(18-19)-(15-22)-(13-14)-(12-20)-(10-11)-(9-17)-(8-16)-(6-7)-(4-5)-(2-3)-(0-1)],9.703636169433594e-05,0.06552505493164062,14,False,0
WtfII@`GH_b?B`?__WGA@?[C?OW?OG?WC?D@??WG??k_??^,[(22-23)-(15-17)-(14-21)-(13-20)-(11-19)-(10-18)-(8-9)-(7-16)-(6-12)-(4-5)-(2-3)-(0-1)],0.00015497207641601562,0.08879995346069336,17,False,0
WtfII@`GH_b?B`?__WGA@?[C?OW?OG?WC?D@??WG??k_??^,[(22-23)-(15-17)-(14-21)-(13-20)-(11-19)-(10-18)-(8-9)-(7-16)-(6-12)-(4-5)-(2-3)-(0-1)],9.441375732421875e-05,0.04582047462463379,4,True,0
WtfII@`GH_b?B`?__WGA@?[C?OW?OG?WC?D@??WG??k_??^,[(21-23)-(17-22)-(14-15)-(13-20)-(11-19)-(10-18)-(8-9)-(7-16)-(6-12)-(4-5)-(2-3)-(0-1)],9.179115295410156e-05,0.036119937896728516,3,True,0
WtfII@`GH_b?B`?__WGA@?[C?OW?OG?WC?D@??WG??k_??^,[(21-23)-(17-22)-(14-15)-(13-20)-(11-19)-(10-18)-(8-9)-(7-16)-(6-12)-(4-5)-(2-3)-(0-1)],0.00010609626770019531,0.027223825454711914,2,True,0
WtfII@`GH_b?B`?__WGA@?[C?OW?OG?WC?D@??WG??k_??^,[(20-23)-(17-22)-(14-15)-(13-21)-(11-19)-(10-18)-(8-9)-(7-16)-(6-12)-(4-5)-(2-3)-(0-1)],9.179115295410156e-05,0.03838825225830078,3,True,0
WtfII@`GH_b?B`?__WGA@?[C?OW?OG?WC?D@??WG??k_??^,[(20-23)-(17-22)-(14-15)-(13-21)-(11-19)-(10-18)-(8-9)-(7-16)-(6-12)-(4-5)-(2-3)-(0-1)],9.417533874511719e-05,0.06345081329345703,6,True,0
WtfII@`GH_b?B`?__WGA@?[C?OW?OG?WC?D@??WG??k_??^,[(22-23)-(20-21)-(15-17)-(13-14)-(11-19)-(10-18)-(8-9)-(7-16)-(6-12)-(4-5)-(2-3)-(0-1)],9.369850158691406e-05,0.10468196868896484,16,False,0
WtfII@`GH_b?B`?__WGA@?[C?OW?OG?WC?D@??WG??k_??^,[(22-23)-(20-21)-(15-17)-(13-14)-(11-19)-(10-18)-(8-9)-(7-16)-(6-12)-(4-5)-(2-3)-(0-1)],9.393692016601562e-05,0.09569144248962402,17,False,0
WtfII@`GH_b?B`?__WGA@?[C?OW?OG?WC?D@??WG??k_??^,[(21-22)-(20-23)-(15-17)-(13-14)-(11-19)-(10-18)-(8-9)-(7-16)-(6-12)-(4-5)-(2-3)-(0-1)],9.441375732421875e-05,0.04545187950134277,4,True,0
WtfII@`GH_b?B`?__WGA@?[C?OW?OG?WC?D@??WG??k_??^,[(21-22)-(20-23)-(15-17)-(13-14)-(11-19)-(10-18)-(8-9)-(7-16)-(6-12)-(4-5)-(2-3)-(0-1)],9.751319885253906e-05,0.027710914611816406,2,True,0
WtfII@`GH_b?B`?__WGA@?[C?OW?OG?WC?D@??WG??k_??^,[(19-23)-(17-22)-(14-15)-(13-21)-(11-20)-(10-18)-(8-9)-(7-16)-(6-12)-(4-5)-(2-3)-(0-1)],9.274482727050781e-05,0.0325770378112793,3,True,0
WtfII@`GH_b?B`?__WGA@?[C?OW?OG?WC?D@??WG??k_??^,[(19-23)-(17-22)-(14-15)-(13-21)-(11-20)-(10-18)-(8-9)-(7-16)-(6-12)-(4-5)-(2-3)-(0-1)],9.608268737792969e-05,0.03325939178466797,2,True,0
WtfII@`GH_b?B`?__WGA@?[C?OW?OG?WC?D@??WG??k_??^,[(21-22)-(19-23)-(15-17)-(13-14)-(11-20)-(10-18)-(8-9)-(7-16)-(6-12)-(4-5)-(2-3)-(0-1)],9.036064147949219e-05,0.026817798614501953,2,True,0
WtfII@`GH_b?B`?__WGA@?[C?OW?OG?WC?D@??WG??k_??^,[(21-22)-(19-23)-(15-17)-(13-14)-(11-20)-(10-18)-(8-9)-(7-16)-(6-12)-(4-5)-(2-3)-(0-1)],9.5367431640625e-05,0.03379988670349121,3,True,0
WtfII@`GH_b?B`?__WGA@?[C?OW?OG?WC?D@??WG??k_??^,[(22-23)-(17-18)-(14-15)-(13-21)-(11-20)-(10-19)-(8-9)-(7-16)-(6-12)-(4-5)-(2-3)-(0-1)],0.00010418891906738281,0.04503464698791504,4,True,0
WtfII@`GH_b?B`?__WGA@?[C?OW?OG?WC?D@??WG??k_??^,[(22-23)-(17-18)-(14-15)-(13-21)-(11-20)-(10-19)-(8-9)-(7-16)-(6-12)-(4-5)-(2-3)-(0-1)],9.489059448242188e-05,0.043381690979003906,4,True,0
WtfII@`GH_b?B`?__WGA@?[C?OW?OG?WC?D@??WG??k_??^,[(18-23)-(17-22)-(14-15)-(13-21)-(11-20)-(10-19)-(8-9)-(7-16)-(6-12)-(4-5)-(2-3)-(0-1)],9.608268737792969e-05,0.02162456512451172,1,True,0
WtfII@`GH_b?B`?__WGA@?[C?OW?OG?WC?D@??WG??k_??^,[(18-23)-(17-22)-(14-15)-(13-21)-(11-20)-(10-19)-(8-9)-(7-16)-(6-12)-(4-5)-(2-3)-(0-1)],9.632110595703125e-05,0.05364227294921875,5,True,0
WtfII@`GH_b?B`?__WGA@?[C?OW?OG?WC?D@??WG??k_??^,[(21-23)-(18-22)-(15-17)-(13-14)-(11-20)-(10-19)-(8-9)-(7-16)-(6-12)-(4-5)-(2-3)-(0-1)],9.226799011230469e-05,0.03454279899597168,3,True,0
WtfII@`GH_b?B`?__WGA@?[C?OW?OG?WC?D@??WG??k_??^,[(21-23)-(18-22)-(15-17)-(13-14)-(11-20)-(10-19)-(8-9)-(7-16)-(6-12)-(4-5)-(2-3)-(0-1)],9.5367431640625e-05,0.07403779029846191,7,False,0
W|fIIC`GG_a@A@B?_OGE@?WC?oG?oG?WC?E@??wG?@o_??|,[(22-23)-(14-15)-(13-21)-(12-20)-(11-19)-(10-18)-(9-17)-(8-16)-(6-7)-(4-5)-(2-3)-(0-1)],8.916854858398438e-05,0.036149024963378906,3,False,0
W|fIIC`GG_a@A@B?_OGE@?WC?oG?oG?WC?E@??wG?@o_??|,[(22-23)-(14-15)-(13-21)-(12-20)-(11-19)-(10-18)-(9-17)-(8-16)-(6-7)-(4-5)-(2-3)-(0-1)],9.417533874511719e-05,0.06521248817443848,7,True,0
W|fIIC`GG_a@A@B?_OGE@?WC?oG?oG?WC?E@??wG?@o_??|,[(20-23)-(15-22)-(13-14)-(12-21)-(11-19)-(10-18)-(9-17)-(8-16)-(6-7)-(4-5)-(2-3)-(0-1)],0.00010204315185546875,0.05428743362426758,13,False,0
W|fIIC`GG_a@A@B?_OGE@?WC?oG?oG?WC?E@??wG?@o_??|,[(20-23)-(15-22)-(13-14)-(12-21)-(11-19)-(10-18)-(9-17)-(8-16)-(6-7)-(4-5)-(2-3)-(0-1)],9.489059448242188e-05,0.0191802978515625,1,True,0
W|fIIC`GG_a@A@B?_OGE@?WC?oG?oG?WC?E@??wG?@o_??|,[(20-23)-(15-22)-(14-21)-(12-13)-(11-19)-(10-18)-(9-17)-(8-16)-(6-7)-(4-5)-(2-3)-(0-1)],0.00010943412780761719,0.036382436752319336,3,True,0
W|fIIC`GG_a@A@B?_OGE@?WC?oG?oG?WC?E@??wG?@o_??|,[(20-23)-(15-22)-(14-21)-(12-13)-(11-19)-(10-18)-(9-17)-(8-16)-(6-7)-(4-5)-(2-3)-(0-1)],9.989738464355469e-05,0.04610776901245117,4,False,0
W|fIIC`GG_a@A@B?_OGE@?WC?oG?oG?WC?E@??wG?@o_??|,[(22-23)-(20-21)-(14-15)-(12-13)-(11-19)-(10-18)-(9-17)-(8-16)-(6-7)-(4-5)-(2-3)-(0-1)],9.226799011230469e-05,0.05243945121765137,5,True,0
W|fIIC`GG_a@A@B?_OGE@?WC?oG?oG?WC?E@??wG?@o_??|,[(22-23)-(20-21)-(14-15)-(12-13)-(11-19)-(10-18)-(9-17)-(8-16)-(6-7)-(4-5)-(2-3)-(0-1)],0.00010275840759277344,0.08816742897033691,15,False,0
W|fIIC`GG_a@A@B?_OGE@?WC?oG?oG?WC?E@??wG?@o_??|,[(21-22)-(20-23)-(14-15)-(12-13)-(11-19)-(10-18)-(9-17)-(8-16)-(6-7)-(4-5)-(2-3)-(0-1)],9.298324584960938e-05,0.04043269157409668,4,True,0
W|fIIC`GG_a@A@B?_OGE@?WC?oG?oG?WC?E@??wG?@o_??|,[(21-22)-(20-23)-(14-15)-(12-13)-(11-19)-(10-18)-(9-17)-(8-16)-(6-7)-(4-5)-(2-3)-(0-1)],0.00011515617370605469,0.09986996650695801,16,False,0
W|fIIC`GG_a@A@B?_OGE@?WC?oG?oG?WC?E@??wG?@o_??|,[(19-23)-(15-22)-(13-14)-(12-21)-(11-20)-(10-18)-(9-17)-(8-16)-(6-7)-(4-5)-(2-3)-(0-1)],0.00010251998901367188,0.1161496639251709,15,True,0
W|fIIC`GG_a@A@B?_OGE@?WC?oG?oG?WC?E@??wG?@o_??|,[(19-23)-(15-22)-(13-14)-(12-21)-(11-20)-(10-18)-(9-17)-(8-16)-(6-7)-(4-5)-(2-3)-(0-1)],9.560585021972656e-05,0.02901434898376465,2,True,0
W|fIIC`GG_a@A@B?_OGE@?WC?oG?oG?WC?E@??wG?@o_??|,[(19-23)-(15-22)-(14-21)-(12-13)-(11-20)-(10-18)-(9-17)-(8-16)-(6-7)-(4-5)-(2-3)-(0-1)],9.250640869140625e-05,0.042627573013305664,4,True,0
W|fIIC`GG_a@A@B?_OGE@?WC?oG?oG?WC?E@??wG?@o_??|,[(19-23)-(15-22)-(14-21)-(12-13)-(11-20)-(10-18)-(9-17)-(8-16)-(6-7)-(4-5)-(2-3)-(0-1)],0.00011420249938964844,0.035765647888183594,3,True,0
W|fIIC`GG_a@A@B?_OGE@?WC?oG?oG?WC?E@??wG?@o_??|,[(21-22)-(19-23)-(14-15)-(12-13)-(11-20)-(10-18)-(9-17)-(8-16)-(6-7)-(4-5)-(2-3)-(0-1)],9.441375732421875e-05,0.09004855155944824,16,False,0
W|fIIC`GG_a@A@B?_OGE@?WC?oG?oG?WC?E@??wG?@o_??|,[(21-22)-(19-23)-(14-15)-(12-13)-(11-20)-(10-18)-(9-17)-(8-16)-(6-7)-(4-5)-(2-3)-(0-1)],9.584426879882812e-05,0.0346379280090332,3,True,0
W|fIIC`GG_a@A@B?_OGE@?WC?oG?oG?WC?E@??wG?@o_??|,[(22-23)-(19-20)-(14-15)-(13-21)-(11-12)-(10-18)-(9-17)-(8-16)-(6-7)-(4-5)-(2-3)-(0-1)],0.00010561943054199219,0.03450608253479004,2,False,0
W|fIIC`GG_a@A@B?_OGE@?WC?oG?oG?WC?E@??wG?@o_??|,[(22-23)-(19-20)-(14-15)-(13-21)-(11-12)-(10-18)-(9-17)-(8-16)-(6-7)-(4-5)-(2-3)-(0-1)],9.632110595703125e-05,0.04082226753234863,3,True,0
W|fIIC`GG_a@A@B?_OGE@?WC?oG?oG?WC?E@??wG?@o_??|,[(20-21)-(19-23)-(15-22)-(13-14)-(11-12)-(10-18)-(9-17)-(8-16)-(6-7)-(4-5)-(2-3)-(0-1)],9.202957153320312e-05,0.019433975219726562,1,True,0
W|fIIC`GG_a@A@B?_OGE@?WC?oG?oG?WC?E@??wG?@o_??|,[(20-21)-(19-23)-(15-22)-(13-14)-(11-12)-(10-18)-(9-17)-(8-16)-(6-7)-(4-5)-(2-3)-(0-1)],9.512901306152344e-05,0.13097167015075684,21,False,0
WtfIID`GH?a@E?B__WGB@?CC?WG?WG?GC?E@??kG??R_?@x,[(21-22)-(19-23)-(15-16)-(13-14)-(12-20)-(11-18)-(10-17)-(8-9)-(6-7)-(4-5)-(2-3)-(0-1)],0.00011491775512695312,0.07199645042419434,7,True,0
WtfIID`GH?a@E?B__WGB@?CC?WG?WG?GC?E@??kG??R_?@x,[(21-22)-(19-23)-(15-16)-(13-14)-(12-20)-(11-18)-(10-17)-(8-9)-(6-7)-(4-5)-(2-3)-(0-1)],9.632110595703125e-05,0.04106950759887695,4,True,0
WtfIID`GH?a@E?B__WGB@?CC?WG?WG?GC?E@??kG??R_?@x,[(19-23)-(16-22)-(15-21)-(13-14)-(12-20)-(11-18)-(10-17)-(8-9)-(6-7)-(4-5)-(2-3)-(0-1)],0.0001163482666015625,0.04188060760498047,4,True,0
WtfIID`GH?a@E?B__WGB@?CC?WG?WG?GC?E@??kG??R_?@x,[(19-23)-(16-22)-(15-21)-(13-14)-(12-20)-(11-18)-(10-17)-(8-9)-(6-7)-(4-5)-(2-3)-(0-1)],9.822845458984375e-05,0.06839251518249512,6,True,0
WtfIID`GH?a@E?B__WGB@?CC?WG?WG?GC?E@??kG??R_?@x,[(19-22)-(16-23)-(15-21)-(13-14)-(12-20)-(11-18)-(10-17)-(8-9)-(6-7)-(4-5)-(2-3)-(0-1)],9.34600830078125e-05,0.0632929801940918,6,True,0
WtfIID`GH?a@E?B__WGB@?CC?WG?WG?GC?E@??kG??R_?@x,[(19-22)-(16-23)-(15-21)-(13-14)-(12-20)-(11-18)-(10-17)-(8-9)-(6-7)-(4-5)-(2-3)-(0-1)],9.72747802734375e-05,0.04910445213317871,5,True,0
WtfIID`GH?a@E?B__WGB@?CC?WG?WG?GC?E@??kG??R_?@x,[(22-23)-(19-20)-(15-16)-(13-14)-(12-21)-(11-18)-(10-17)-(8-9)-(6-7)-(4-5)-(2-3)-(0-1)],9.059906005859375e-05,0.0350496768951416,3,True,0
WtfIID`GH?a@E?B__WGB@?CC?WG?WG?GC?E@??kG??R_?@x,[(22-23)-(19-20)-(15-16)-(13-14)-(12-21)-(11-18)-(10-17)-(8-9)-(6-7)-(4-5)-(2-3)-(0-1)],9.584426879882812e-05,0.05194282531738281,5,True,0
WtfIID`GH?a@E?B__WGB@?CC?WG?WG?GC?E@??kG??R_?@x,[(20-22)-(19-23)-(15-16)-(13-14)-(12-21)-(11-18)-(10-17)-(8-9)-(6-7)-(4-5)-(2-3)-(0-1)],9.298324584960938e-05,0.13316631317138672,20,False,0
WtfIID`GH?a@E?B__WGB@?CC?WG?WG?GC?E@??kG??R_?@x,[(20-22)-(19-23)-(15-16)-(13-14)-(12-21)-(11-18)-(10-17)-(8-9)-(6-7)-(4-5)-(2-3)-(0-1)],9.655952453613281e-05,0.07974457740783691,7,True,0
WtfIID`GH?a@E?B__WGB@?CC?WG?WG?GC?E@??kG??R_?@x,[(22-23)-(19-20)-(15-16)-(14-21)-(12-13)-(11-18)-(10-17)-(8-9)-(6-7)-(4-5)-(2-3)-(0-1)],9.465217590332031e-05,0.0517888069152832,5,True,0
WtfIID`GH?a@E?B__WGB@?CC?WG?WG?GC?E@??kG??R_?@x,[(22-23)-(19-20)-(15-16)-(14-21)-(12-13)-(11-18)-(10-17)-(8-9)-(6-7)-(4-5)-(2-3)-(0-1)],9.512901306152344e-05,0.03899693489074707,4,True,0
WtfIID`GH?a@E?B__WGB@?CC?WG?WG?GC?E@??kG??R_?@x,[(20-22)-(19-23)-(15-16)-(14-21)-(12-13)-(11-18)-(10-17)-(8-9)-(6-7)-(4-5)-(2-3)-(0-1)],9.298324584960938e-05,0.055768489837646484,5,True,0
WtfIID`GH?a@E?B__WGB@?CC?WG?WG?GC?E@??kG??R_?@x,[(20-22)-(19-23)-(15-16)-(14-21)-(12-13)-(11-18)-(10-17)-(8-9)-(6-7)-(4-5)-(2-3)-(0-1)],9.72747802734375e-05,0.13017773628234863,19,False,0
WtfIID`GH?a@E?B__WGB@?CC?WG?WG?GC?E@??kG??R_?@x,[(20-21)-(19-23)-(16-22)-(14-15)-(12-13)-(11-18)-(10-17)-(8-9)-(6-7)-(4-5)-(2-3)-(0-1)],9.179115295410156e-05,0.09740114212036133,10,True,0
WtfIID`GH?a@E?B__WGB@?CC?WG?WG?GC?E@??kG??R_?@x,[(20-21)-(19-23)-(16-22)-(14-15)-(12-13)-(11-18)-(10-17)-(8-9)-(6-7)-(4-5)-(2-3)-(0-1)],0.00011134147644042969,0.03612661361694336,3,True,0
WtfIID`GH?a@E?B__WGB@?CC?WG?WG?GC?E@??kG??R_?@x,[(21-22)-(19-20)-(16-23)-(14-15)-(12-13)-(11-18)-(10-17)-(8-9)-(6-7)-(4-5)-(2-3)-(0-1)],9.799003601074219e-05,0.0896615982055664,16,False,0
WtfIID`GH?a@E?B__WGB@?CC?WG?WG?GC?E@??kG??R_?@x,[(21-22)-(19-20)-(16-23)-(14-15)-(12-13)-(11-18)-(10-17)-(8-9)-(6-7)-(4-5)-(2-3)-(0-1)],9.655952453613281e-05,0.03218245506286621,3,True,0
WtfIID`GH?a@E?B__WGB@?CC?WG?WG?GC?E@??kG??R_?@x,[(20-21)-(19-22)-(16-23)-(14-15)-(12-13)-(11-18)-(10-17)-(8-9)-(6-7)-(4-5)-(2-3)-(0-1)],9.799003601074219e-05,0.030649900436401367,2,True,0
WtfIID`GH?a@E?B__WGB@?CC?WG?WG?GC?E@??kG??R_?@x,[(20-21)-(19-22)-(16-23)-(14-15)-(12-13)-(11-18)-(10-17)-(8-9)-(6-7)-(4-5)-(2-3)-(0-1)],0.00010967254638671875,0.12591814994812012,13,True,0
WtfIID`GH_a?A@B__WGB@?CC?WG?WG?GC?E@??kG??R_?@x,[(21-22)-(19-23)-(15-16)-(13-14)-(12-20)-(11-18)-(10-17)-(8-9)-(6-7)-(4-5)-(2-3)-(0-1)],8.845329284667969e-05,0.05747485160827637,6,True,0
WtfIID`GH_a?A@B__WGB@?CC?WG?WG?GC?E@??kG??R_?@x,[(21-22)-(19-23)-(15-16)-(13-14)-(12-20)-(11-18)-(10-17)-(8-9)-(6-7)-(4-5)-(2-3)-(0-1)],0.00010466575622558594,0.05845928192138672,5,False,0
WtfIID`GH_a?A@B__WGB@?CC?WG?WG?GC?E@??kG??R_?@x,[(19-23)-(16-22)-(15-21)-(13-14)-(12-20)-(11-18)-(10-17)-(8-9)-(6-7)-(4-5)-(2-3)-(0-1)],9.012222290039062e-05,0.02992391586303711,3,True,0
WtfIID`GH_a?A@B__WGB@?CC?WG?WG?GC?E@??kG??R_?@x,[(19-23)-(16-22)-(15-21)-(13-14)-(12-20)-(11-18)-(10-17)-(8-9)-(6-7)-(4-5)-(2-3)-(0-1)],9.584426879882812e-05,0.05141782760620117,5,True,0
WtfIID`GH_a?A@B__WGB@?CC?WG?WG?GC?E@??kG??R_?@x,[(19-22)-(16-23)-(15-21)-(13-14)-(12-20)-(11-18)-(10-17)-(8-9)-(6-7)-(4-5)-(2-3)-(0-1)],9.036064147949219e-05,0.06661558151245117,14,False,0
WtfIID`GH_a?A@B__WGB@?CC?WG?WG?GC?E@??kG??R_?@x,[(19-22)-(16-23)-(15-21)-(13-14)-(12-20)-(11-18)-(10-17)-(8-9)-(6-7)-(4-5)-(2-3)-(0-1)],0.00010800361633300781,0.04584455490112305,4,True,0
WtfIID`GH_a?A@B__WGB@?CC?WG?WG?GC?E@??kG??R_?@x,[(22-23)-(19-20)-(15-16)-(13-14)-(12-21)-(11-18)-(10-17)-(8-9)-(6-7)-(4-5)-(2-3)-(0-1)],9.250640869140625e-05,0.028444528579711914,2,True,0
WtfIID`GH_a?A@B__WGB@?CC?WG?WG?GC?E@??kG??R_?@x,[(22-23)-(19-20)-(15-16)-(13-14)-(12-21)-(11-18)-(10-17)-(8-9)-(6-7)-(4-5)-(2-3)-(0-1)],9.918212890625e-05,0.03635978698730469,3,True,0
WtfIID`GH_a?A@B__WGB@?CC?WG?WG?GC?E@??kG??R_?@x,[(20-22)-(19-23)-(15-16)-(13-14)-(12-21)-(11-18)-(10-17)-(8-9)-(6-7)-(4-5)-(2-3)-(0-1)],9.250640869140625e-05,0.021909475326538086,1,True,0
WtfIID`GH_a?A@B__WGB@?CC?WG?WG?GC?E@??kG??R_?@x,[(20-22)-(19-23)-(15-16)-(13-14)-(12-21)-(11-18)-(10-17)-(8-9)-(6-7)-(4-5)-(2-3)-(0-1)],0.00010585784912109375,0.04329490661621094,4,True,0
WtfIID`GH_a?A@B__WGB@?CC?WG?WG?GC?E@??kG??R_?@x,[(22-23)-(19-20)-(15-16)-(14-21)-(12-13)-(11-18)-(10-17)-(8-9)-(6-7)-(4-5)-(2-3)-(0-1)],0.00012350082397460938,0.04512357711791992,4,False,0
WtfIID`GH_a?A@B__WGB@?CC?WG?WG?GC?E@??kG??R_?@x,[(22-23)-(19-20)-(15-16)-(14-21)-(12-13)-(11-18)-(10-17)-(8-9)-(6-7)-(4-5)-(2-3)-(0-1)],9.703636169433594e-05,0.07982254028320312,17,False,0
WtfIID`GH_a?A@B__WGB@?CC?WG?WG?GC?E@??kG??R_?@x,[(20-22)-(19-23)-(15-16)-(14-21)-(12-13)-(11-18)-(10-17)-(8-9)-(6-7)-(4-5)-(2-3)-(0-1)],9.226799011230469e-05,0.06905364990234375,7,True,0
WtfIID`GH_a?A@B__WGB@?CC?WG?WG?GC?E@??kG??R_?@x,[(20-22)-(19-23)-(15-16)-(14-21)-(12-13)-(11-18)-(10-17)-(8-9)-(6-7)-(4-5)-(2-3)-(0-1)],0.00011706352233886719,0.057227134704589844,5,True,0
WtfIID`GH_a?A@B__WGB@?CC?WG?WG?GC?E@??kG??R_?@x,[(20-21)-(19-23)-(16-22)-(14-15)-(12-13)-(11-18)-(10-17)-(8-9)-(6-7)-(4-5)-(2-3)-(0-1)],9.369850158691406e-05,0.03440976142883301,3,True,0
WtfIID`GH_a?A@B__WGB@?CC?WG?WG?GC?E@??kG??R_?@x,[(20-21)-(19-23)-(16-22)-(14-15)-(12-13)-(11-18)-(10-17)-(8-9)-(6-7)-(4-5)-(2-3)-(0-1)],9.632110595703125e-05,0.03189206123352051,3,True,0
WtfIID`GH_a?A@B__WGB@?CC?WG?WG?GC?E@??kG??R_?@x,[(21-22)-(19-20)-(16-23)-(14-15)-(12-13)-(11-18)-(10-17)-(8-9)-(6-7)-(4-5)-(2-3)-(0-1)],9.393692016601562e-05,0.050286293029785156,4,True,0
WtfIID`GH_a?A@B__WGB@?CC?WG?WG?GC?E@??kG??R_?@x,[(21-22)-(19-20)-(16-23)-(14-15)-(12-13)-(11-18)-(10-17)-(8-9)-(6-7)-(4-5)-(2-3)-(0-1)],9.679794311523438e-05,0.055989980697631836,5,True,0
WtfIID`GH_a?A@B__WGB@?CC?WG?WG?GC?E@??kG??R_?@x,[(20-21)-(19-22)-(16-23)-(14-15)-(12-13)-(11-18)-(10-17)-(8-9)-(6-7)-(4-5)-(2-3)-(0-1)],9.274482727050781e-05,0.0404202938079834,5,True,0
WtfIID`GH_a?A@B__WGB@?CC?WG?WG?GC?E@??kG??R_?@x,[(20-21)-(19-22)-(16-23)-(14-15)-(12-13)-(11-18)-(10-17)-(8-9)-(6-7)-(4-5)-(2-3)-(0-1)],9.608268737792969e-05,0.03994941711425781,4,True,0
WtfIID`GH_a?A@B__WGA@?KC?WG?WG?GC?E@??kG??b_?@x,[(22-23)-(15-21)-(13-14)-(12-20)-(11-19)-(10-18)-(9-17)-(8-16)-(6-7)-(4-5)-(2-3)-(0-1)],8.845329284667969e-05,0.03658103942871094,3,True,0
WtfIID`GH_a?A@B__WGA@?KC?WG?WG?GC?E@??kG??b_?@x,[(22-23)-(15-21)-(13-14)-(12-20)-(11-19)-(10-18)-(9-17)-(8-16)-(6-7)-(4-5)-(2-3)-(0-1)],0.00010395050048828125,0.052291154861450195,5,True,0
WtfIID`GH_a?A@B__WGA@?KC?WG?WG?GC?E@??kG??b_?@x,[(22-23)-(20-21)-(14-15)-(12-13)-(11-19)-(10-18)-(9-17)-(8-16)-(6-7)-(4-5)-(2-3)-(0-1)],9.179115295410156e-05,0.12390828132629395,18,False,0
WtfIID`GH_a?A@B__WGA@?KC?WG?WG?GC?E@??kG??b_?@x,[(22-23)-(20-21)-(14-15)-(12-13)-(11-19)-(10-18)-(9-17)-(8-16)-(6-7)-(4-5)-(2-3)-(0-1)],9.34600830078125e-05,0.024672985076904297,2,True,0
WtfIID`GH_a?A@B__WGA@?KC?WG?WG?GC?E@??kG??b_?@x,[(19-23)-(15-22)-(13-14)-(12-21)-(11-20)-(10-18)-(9-17)-(8-16)-(6-7)-(4-5)-(2-3)-(0-1)],0.00011682510375976562,0.06121373176574707,7,True,0
WtfIID`GH_a?A@B__WGA@?KC?WG?WG?GC?E@??kG??b_?@x,[(19-23)-(15-22)-(13-14)-(12-21)-(11-20)-(10-18)-(9-17)-(8-16)-(6-7)-(4-5)-(2-3)-(0-1)],9.799003601074219e-05,0.0563960075378418,5,True,0
WtfIID`GH_a?A@B__WGA@?KC?WG?WG?GC?E@??kG??b_?@x,[(19-23)-(15-22)-(14-21)-(12-13)-(11-20)-(10-18)-(9-17)-(8-16)-(6-7)-(4-5)-(2-3)-(0-1)],9.274482727050781e-05,0.043816566467285156,5,True,0
WtfIID`GH_a?A@B__WGA@?KC?WG?WG?GC?E@??kG??b_?@x,[(19-23)-(15-22)-(14-21)-(12-13)-(11-20)-(10-18)-(9-17)-(8-16)-(6-7)-(4-5)-(2-3)-(0-1)],0.00010013580322265625,0.10802078247070312,21,False,0
WtfIID`GH_a?A@B__WGA@?KC?WG?WG?GC?E@??kG??b_?@x,[(21-22)-(19-23)-(14-15)-(12-13)-(11-20)-(10-18)-(9-17)-(8-16)-(6-7)-(4-5)-(2-3)-(0-1)],9.322166442871094e-05,0.02432990074157715,2,True,0
WtfIID`GH_a?A@B__WGA@?KC?WG?WG?GC?E@??kG??b_?@x,[(21-22)-(19-23)-(14-15)-(12-13)-(11-20)-(10-18)-(9-17)-(8-16)-(6-7)-(4-5)-(2-3)-(0-1)],9.369850158691406e-05,0.09228181838989258,18,False,0
WtfIID`GH_a?A@B__WGA@?KC?WG?WG?GC?E@??kG??b_?@x,[(22-23)-(19-20)-(15-21)-(13-14)-(11-12)-(10-18)-(9-17)-(8-16)-(6-7)-(4-5)-(2-3)-(0-1)],9.441375732421875e-05,0.07654690742492676,7,True,0
WtfIID`GH_a?A@B__WGA@?KC?WG?WG?GC?E@??kG??b_?@x,[(22-23)-(19-20)-(15-21)-(13-14)-(11-12)-(10-18)-(9-17)-(8-16)-(6-7)-(4-5)-(2-3)-(0-1)],9.751319885253906e-05,0.043494224548339844,4,True,0
WtfIID`GH_a?A@B__WGA@?KC?WG?WG?GC?E@??kG??b_?@x,[(20-22)-(19-23)-(15-21)-(13-14)-(11-12)-(10-18)-(9-17)-(8-16)-(6-7)-(4-5)-(2-3)-(0-1)],0.00011944770812988281,0.028292179107666016,2,True,0
WtfIID`GH_a?A@B__WGA@?KC?WG?WG?GC?E@??kG??b_?@x,[(20-22)-(19-23)-(15-21)-(13-14)-(11-12)-(10-18)-(9-17)-(8-16)-(6-7)-(4-5)-(2-3)-(0-1)],0.00010204315185546875,0.05014681816101074,6,True,0
WtfIID`GH_a?A@B__WGA@?KC?WG?WG?GC?E@??kG??b_?@x,[(20-21)-(19-23)-(15-22)-(13-14)-(11-12)-(10-18)-(9-17)-(8-16)-(6-7)-(4-5)-(2-3)-(0-1)],9.322166442871094e-05,0.03535652160644531,3,False,0
WtfIID`GH_a?A@B__WGA@?KC?WG?WG?GC?E@??kG??b_?@x,[(20-21)-(19-23)-(15-22)-(13-14)-(11-12)-(10-18)-(9-17)-(8-16)-(6-7)-(4-5)-(2-3)-(0-1)],9.775161743164062e-05,0.03324294090270996,2,False,0
WtfIID`GH_a?A@B__WGA@?KC?WG?WG?GC?E@??kG??b_?@x,[(19-22)-(17-23)-(15-21)-(13-14)-(12-20)-(11-18)-(9-10)-(8-16)-(6-7)-(4-5)-(2-3)-(0-1)],9.703636169433594e-05,0.028107643127441406,2,True,0
WtfIID`GH_a?A@B__WGA@?KC?WG?WG?GC?E@??kG??b_?@x,[(19-22)-(17-23)-(15-21)-(13-14)-(12-20)-(11-18)-(9-10)-(8-16)-(6-7)-(4-5)-(2-3)-(0-1)],9.584426879882812e-05,0.021688222885131836,1,True,0
WtfIID`GH_a?A@B__WGA@?KC?WG?WG?GC?E@??kG??b_?@x,[(19-20)-(17-23)-(15-22)-(13-14)-(12-21)-(11-18)-(9-10)-(8-16)-(6-7)-(4-5)-(2-3)-(0-1)],9.489059448242188e-05,0.024914979934692383,2,True,0
WtfIID`GH_a?A@B__WGA@?KC?WG?WG?GC?E@??kG??b_?@x,[(19-20)-(17-23)-(15-22)-(13-14)-(12-21)-(11-18)-(9-10)-(8-16)-(6-7)-(4-5)-(2-3)-(0-1)],9.799003601074219e-05,0.07798457145690918,9,True,0
WtbIID`GH_a@E?A?`oGE@?WC?OG?wG?GK?E@??oG?Ao_??n,[(22-23)-(14-15)-(13-21)-(12-20)-(11-19)-(10-18)-(9-17)-(8-16)-(6-7)-(4-5)-(2-3)-(0-1)],8.940696716308594e-05,0.03709769248962402,3,True,0
WtbIID`GH_a@E?A?`oGE@?WC?OG?wG?GK?E@??oG?Ao_??n,[(22-23)-(14-15)-(13-21)-(12-20)-(11-19)-(10-18)-(9-17)-(8-16)-(6-7)-(4-5)-(2-3)-(0-1)],0.000102996826171875,0.03802990913391113,3,False,0
WtbIID`GH_a@E?A?`oGE@?WC?OG?wG?GK?E@??oG?Ao_??n,[(21-23)-(14-15)-(13-22)-(12-20)-(11-19)-(10-18)-(9-17)-(8-16)-(6-7)-(4-5)-(2-3)-(0-1)],9.131431579589844e-05,0.05919599533081055,5,False,0
WtbIID`GH_a@E?A?`oGE@?WC?OG?wG?GK?E@??oG?Ao_??n,[(21-23)-(14-15)-(13-22)-(12-20)-(11-19)-(10-18)-(9-17)-(8-16)-(6-7)-(4-5)-(2-3)-(0-1)],9.584426879882812e-05,0.10906434059143066,17,False,0
WtbIID`GH_a@E?A?`oGE@?WC?OG?wG?GK?E@??oG?Ao_??n,[(21-23)-(15-22)-(13-14)-(12-20)-(11-19)-(10-18)-(9-17)-(8-16)-(6-7)-(4-5)-(2-3)-(0-1)],9.226799011230469e-05,0.045534610748291016,4,True,0
WtbIID`GH_a@E?A?`oGE@?WC?OG?wG?GK?E@??oG?Ao_??n,[(21-23)-(15-22)-(13-14)-(12-20)-(11-19)-(10-18)-(9-17)-(8-16)-(6-7)-(4-5)-(2-3)-(0-1)],9.632110595703125e-05,0.05188417434692383,5,True,0
WtbIID`GH_a@E?A?`oGE@?WC?OG?wG?GK?E@??oG?Ao_??n,[(20-23)-(14-15)-(13-22)-(12-21)-(11-19)-(10-18)-(9-17)-(8-16)-(6-7)-(4-5)-(2-3)-(0-1)],9.179115295410156e-05,0.021321773529052734,2,True,0
WtbIID`GH_a@E?A?`oGE@?WC?OG?wG?GK?E@??oG?Ao_??n,[(20-23)-(14-15)-(13-22)-(12-21)-(11-19)-(10-18)-(9-17)-(8-16)-(6-7)-(4-5)-(2-3)-(0-1)],9.894371032714844e-05,0.10638904571533203,18,False,0
WtbIID`GH_a@E?A?`oGE@?WC?OG?wG?GK?E@??oG?Ao_??n,[(20-23)-(15-22)-(13-14)-(12-21)-(11-19)-(10-18)-(9-17)-(8-16)-(6-7)-(4-5)-(2-3)-(0-1)],9.298324584960938e-05,0.02802586555480957,2,True,0
WtbIID`GH_a@E?A?`oGE@?WC?OG?wG?GK?E@??oG?Ao_??n,[(20-23)-(15-22)-(13-14)-(12-21)-(11-19)-(10-18)-(9-17)-(8-16)-(6-7)-(4-5)-(2-3)-(0-1)],9.465217590332031e-05,0.1009373664855957,18,False,0
WtbIID`GH_a@E?A?`oGE@?WC?OG?wG?GK?E@??oG?Ao_??n,[(22-23)-(20-21)-(14-15)-(12-13)-(11-19)-(10-18)-(9-17)-(8-16)-(6-7)-(4-5)-(2-3)-(0-1)],9.34600830078125e-05,0.046218156814575195,5,True,0
WtbIID`GH_a@E?A?`oGE@?WC?OG?wG?GK?E@??oG?Ao_??n,[(22-23)-(20-21)-(14-15)-(12-13)-(11-19)-(10-18)-(9-17)-(8-16)-(6-7)-(4-5)-(2-3)-(0-1)],0.00010848045349121094,0.06902599334716797,14,False,0
WtbIID`GH_a@E?A?`oGE@?WC?OG?wG?GK?E@??oG?Ao_??n,[(21-22)-(20-23)-(14-15)-(12-13)-(11-19)-(10-18)-(9-17)-(8-16)-(6-7)-(4-5)-(2-3)-(0-1)],9.202957153320312e-05,0.047937631607055664,4,False,0
WtbIID`GH_a@E?A?`oGE@?WC?OG?wG?GK?E@??oG?Ao_??n,[(21-22)-(20-23)-(14-15)-(12-13)-(11-19)-(10-18)-(9-17)-(8-16)-(6-7)-(4-5)-(2-3)-(0-1)],9.441375732421875e-05,0.02760004997253418,2,False,0
WtbIID`GH_a@E?A?`oGE@?WC?OG?wG?GK?E@??oG?Ao_??n,[(19-23)-(14-15)-(13-22)-(12-21)-(11-20)-(10-18)-(9-17)-(8-16)-(6-7)-(4-5)-(2-3)-(0-1)],9.703636169433594e-05,0.06730031967163086,14,False,0
WtbIID`GH_a@E?A?`oGE@?WC?OG?wG?GK?E@??oG?Ao_??n,[(19-23)-(14-15)-(13-22)-(12-21)-(11-20)-(10-18)-(9-17)-(8-16)-(6-7)-(4-5)-(2-3)-(0-1)],9.655952453613281e-05,0.03345179557800293,3,True,0
WtbIID`GH_a@E?A?`oGE@?WC?OG?wG?GK?E@??oG?Ao_??n,[(19-23)-(15-22)-(13-14)-(12-21)-(11-20)-(10-18)-(9-17)-(8-16)-(6-7)-(4-5)-(2-3)-(0-1)],9.584426879882812e-05,0.04231858253479004,4,True,0
WtbIID`GH_a@E?A?`oGE@?WC?OG?wG?GK?E@??oG?Ao_??n,[(19-23)-(15-22)-(13-14)-(12-21)-(11-20)-(10-18)-(9-17)-(8-16)-(6-7)-(4-5)-(2-3)-(0-1)],9.799003601074219e-05,0.04746270179748535,4,False,0
WtbIID`GH_a@E?A?`oGE@?WC?OG?wG?GK?E@??oG?Ao_??n,[(21-22)-(19-23)-(14-15)-(12-13)-(11-20)-(10-18)-(9-17)-(8-16)-(6-7)-(4-5)-(2-3)-(0-1)],9.369850158691406e-05,0.040465593338012695,3,True,0
WtbIID`GH_a@E?A?`oGE@?WC?OG?wG?GK?E@??oG?Ao_??n,[(21-22)-(19-23)-(14-15)-(12-13)-(11-20)-(10-18)-(9-17)-(8-16)-(6-7)-(4-5)-(2-3)-(0-1)],9.846687316894531e-05,0.026658296585083008,2,True,0
WtfAID_GH_b@A@B?_oGE@?OC@_G@_G?_C?M@??_W?Bo_?@y,[(19-23)-(14-15)-(13-22)-(12-21)-(10-20)-(9-18)-(8-17)-(7-16)-(5-6)-(4-11)-(2-3)-(0-1)],8.96453857421875e-05,0.06058073043823242,6,True,0
WtfAID_GH_b@A@B?_oGE@?OC@_G@_G?_C?M@??_W?Bo_?@y,[(19-23)-(14-15)-(13-22)-(12-21)-(10-20)-(9-18)-(8-17)-(7-16)-(5-6)-(4-11)-(2-3)-(0-1)],0.00010704994201660156,0.03173351287841797,3,True,0
WtfAID_GH_b@A@B?_oGE@?OC@_G@_G?_C?M@??_W?Bo_?@y,[(19-23)-(15-22)-(13-14)-(12-21)-(10-20)-(9-18)-(8-17)-(7-16)-(5-6)-(4-11)-(2-3)-(0-1)],0.00010132789611816406,0.05098748207092285,5,True,0
WtfAID_GH_b@A@B?_oGE@?OC@_G@_G?_C?M@??_W?Bo_?@y,[(19-23)-(15-22)-(13-14)-(12-21)-(10-20)-(9-18)-(8-17)-(7-16)-(5-6)-(4-11)-(2-3)-(0-1)],0.000133514404296875,0.04623770713806152,4,False,0
WtfAID_GH_b@A@B?_oGE@?OC@_G@_G?_C?M@??_W?Bo_?@y,[(21-22)-(19-23)-(14-15)-(12-13)-(10-20)-(9-18)-(8-17)-(7-16)-(5-6)-(4-11)-(2-3)-(0-1)],0.00010633468627929688,0.045070648193359375,4,True,0
WtfAID_GH_b@A@B?_oGE@?OC@_G@_G?_C?M@??_W?Bo_?@y,[(21-22)-(19-23)-(14-15)-(12-13)-(10-20)-(9-18)-(8-17)-(7-16)-(5-6)-(4-11)-(2-3)-(0-1)],0.00010013580322265625,0.06611013412475586,14,False,0
WtfAID_GH_b@A@B?_oGE@?OC@_G@_G?_C?M@??_W?Bo_?@y,[(18-23)-(14-15)-(13-22)-(12-21)-(10-20)-(9-19)-(8-17)-(7-16)-(5-6)-(4-11)-(2-3)-(0-1)],9.369850158691406e-05,0.021816492080688477,1,True,0
WtfAID_GH_b@A@B?_oGE@?OC@_G@_G?_C?M@??_W?Bo_?@y,[(18-23)-(14-15)-(13-22)-(12-21)-(10-20)-(9-19)-(8-17)-(7-16)-(5-6)-(4-11)-(2-3)-(0-1)],9.417533874511719e-05,0.07736706733703613,7,True,0
WtfAID_GH_b@A@B?_oGE@?OC@_G@_G?_C?M@??_W?Bo_?@y,[(18-23)-(15-22)-(13-14)-(12-21)-(10-20)-(9-19)-(8-17)-(7-16)-(5-6)-(4-11)-(2-3)-(0-1)],9.369850158691406e-05,0.052030324935913086,4,True,0
WtfAID_GH_b@A@B?_oGE@?OC@_G@_G?_C?M@??_W?Bo_?@y,[(18-23)-(15-22)-(13-14)-(12-21)-(10-20)-(9-19)-(8-17)-(7-16)-(5-6)-(4-11)-(2-3)-(0-1)],0.00010538101196289062,0.032225608825683594,3,True,0
WtfAID_GH_b@A@B?_oGE@?OC@_G@_G?_C?M@??_W?Bo_?@y,[(21-22)-(18-23)-(14-15)-(12-13)-(10-20)-(9-19)-(8-17)-(7-16)-(5-6)-(4-11)-(2-3)-(0-1)],9.34600830078125e-05,0.04838275909423828,5,True,0
WtfAID_GH_b@A@B?_oGE@?OC@_G@_G?_C?M@??_W?Bo_?@y,[(21-22)-(18-23)-(14-15)-(12-13)-(10-20)-(9-19)-(8-17)-(7-16)-(5-6)-(4-11)-(2-3)-(0-1)],9.679794311523438e-05,0.02553725242614746,2,True,0
WtfAID_GH_b@A@B?_oGE@?OC@_G@_G?_C?M@??_W?Bo_?@y,[(21-23)-(18-19)-(14-15)-(13-22)-(12-20)-(9-10)-(8-17)-(7-16)-(5-6)-(4-11)-(2-3)-(0-1)],0.0001068115234375,0.08328008651733398,8,False,0
WtfAID_GH_b@A@B?_oGE@?OC@_G@_G?_C?M@??_W?Bo_?@y,[(21-23)-(18-19)-(14-15)-(13-22)-(12-20)-(9-10)-(8-17)-(7-16)-(5-6)-(4-11)-(2-3)-(0-1)],0.00010037422180175781,0.08811664581298828,16,False,0
WtfAID_GH_b@A@B?_oGE@?OC@_G@_G?_C?M@??_W?Bo_?@y,[(19-21)-(18-23)-(14-15)-(13-22)-(12-20)-(9-10)-(8-17)-(7-16)-(5-6)-(4-11)-(2-3)-(0-1)],9.5367431640625e-05,0.06796050071716309,8,True,0
WtfAID_GH_b@A@B?_oGE@?OC@_G@_G?_C?M@??_W?Bo_?@y,[(19-21)-(18-23)-(14-15)-(13-22)-(12-20)-(9-10)-(8-17)-(7-16)-(5-6)-(4-11)-(2-3)-(0-1)],9.703636169433594e-05,0.08551764488220215,15,False,0
WtfAID_GH_b@A@B?_oGE@?OC@_G@_G?_C?M@??_W?Bo_?@y,[(21-23)-(18-19)-(15-22)-(13-14)-(12-20)-(9-10)-(8-17)-(7-16)-(5-6)-(4-11)-(2-3)-(0-1)],9.250640869140625e-05,0.047162771224975586,4,True,0
WtfAID_GH_b@A@B?_oGE@?OC@_G@_G?_C?M@??_W?Bo_?@y,[(21-23)-(18-19)-(15-22)-(13-14)-(12-20)-(9-10)-(8-17)-(7-16)-(5-6)-(4-11)-(2-3)-(0-1)],9.775161743164062e-05,0.04739642143249512,5,True,0
WtfAID_GH_b@A@B?_oGE@?OC@_G@_G?_C?M@??_W?Bo_?@y,[(19-21)-(18-23)-(15-22)-(13-14)-(12-20)-(9-10)-(8-17)-(7-16)-(5-6)-(4-11)-(2-3)-(0-1)],9.5367431640625e-05,0.0566561222076416,5,True,0
WtfAID_GH_b@A@B?_oGE@?OC@_G@_G?_C?M@??_W?Bo_?@y,[(19-21)-(18-23)-(15-22)-(13-14)-(12-20)-(9-10)-(8-17)-(7-16)-(5-6)-(4-11)-(2-3)-(0-1)],0.00018024444580078125,0.05464792251586914,5,False,0
WtfIID`GH_a?A@B__W?B`?E??KG?GG?KC?B`??M???[_??^,[(21-23)-(18-22)-(14-15)-(13-20)-(12-19)-(11-17)-(10-16)-(8-9)-(6-7)-(4-5)-(2-3)-(0-1)],9.036064147949219e-05,0.02935934066772461,2,False,0
WtfIID`GH_a?A@B__W?B`?E??KG?GG?KC?B`??M???[_??^,[(21-23)-(18-22)-(14-15)-(13-20)-(12-19)-(11-17)-(10-16)-(8-9)-(6-7)-(4-5)-(2-3)-(0-1)],9.512901306152344e-05,0.0500035285949707,5,False,0
WtfIID`GH_a?A@B__W?B`?E??KG?GG?KC?B`??M???[_??^,[(21-22)-(18-23)-(14-15)-(13-20)-(12-19)-(11-17)-(10-16)-(8-9)-(6-7)-(4-5)-(2-3)-(0-1)],9.417533874511719e-05,0.04613542556762695,4,True,0
WtfIID`GH_a?A@B__W?B`?E??KG?GG?KC?B`??M???[_??^,[(21-22)-(18-23)-(14-15)-(13-20)-(12-19)-(11-17)-(10-16)-(8-9)-(6-7)-(4-5)-(2-3)-(0-1)],0.0001468658447265625,0.058034658432006836,14,False,0
WtfIID`GH_a?A@B__W?B`?E??KG?GG?KC?B`??M???[_??^,[(22-23)-(18-19)-(15-21)-(14-20)-(12-13)-(11-17)-(10-16)-(8-9)-(6-7)-(4-5)-(2-3)-(0-1)],9.560585021972656e-05,0.09854912757873535,16,False,0
WtfIID`GH_a?A@B__W?B`?E??KG?GG?KC?B`??M???[_??^,[(22-23)-(18-19)-(15-21)-(14-20)-(12-13)-(11-17)-(10-16)-(8-9)-(6-7)-(4-5)-(2-3)-(0-1)],9.417533874511719e-05,0.03732013702392578,3,True,0
WtfIID`GH_a?A@B__W?B`?E??KG?GG?KC?B`??M???[_??^,[(19-23)-(18-22)-(15-21)-(14-20)-(12-13)-(11-17)-(10-16)-(8-9)-(6-7)-(4-5)-(2-3)-(0-1)],9.226799011230469e-05,0.10897397994995117,18,False,0
WtfIID`GH_a?A@B__W?B`?E??KG?GG?KC?B`??M???[_??^,[(19-23)-(18-22)-(15-21)-(14-20)-(12-13)-(11-17)-(10-16)-(8-9)-(6-7)-(4-5)-(2-3)-(0-1)],9.775161743164062e-05,0.019193172454833984,1,True,0
WtfIID`GH_a?A@B__W?B`?E??KG?GG?KC?B`??M???[_??^,[(21-22)-(20-23)-(18-19)-(14-15)-(12-13)-(11-17)-(10-16)-(8-9)-(6-7)-(4-5)-(2-3)-(0-1)],0.00010848045349121094,0.03870987892150879,4,True,0
WtfIID`GH_a?A@B__W?B`?E??KG?GG?KC?B`??M???[_??^,[(21-22)-(20-23)-(18-19)-(14-15)-(12-13)-(11-17)-(10-16)-(8-9)-(6-7)-(4-5)-(2-3)-(0-1)],9.703636169433594e-05,0.07223248481750488,6,False,0
WtfIID`GH_a?A@B__W?B`?E??KG?GG?KC?B`??M???[_??^,[(21-23)-(19-20)-(18-22)-(14-15)-(12-13)-(11-17)-(10-16)-(8-9)-(6-7)-(4-5)-(2-3)-(0-1)],9.369850158691406e-05,0.04822707176208496,5,True,0
WtfIID`GH_a?A@B__W?B`?E??KG?GG?KC?B`??M???[_??^,[(21-23)-(19-20)-(18-22)-(14-15)-(12-13)-(11-17)-(10-16)-(8-9)-(6-7)-(4-5)-(2-3)-(0-1)],9.942054748535156e-05,0.06652617454528809,7,True,0
WtfIID`GH_a?A@B__W?B`?E??KG?GG?KC?B`??M???[_??^,[(21-22)-(19-20)-(18-23)-(14-15)-(12-13)-(11-17)-(10-16)-(8-9)-(6-7)-(4-5)-(2-3)-(0-1)],9.393692016601562e-05,0.02345132827758789,1,True,0
WtfIID`GH_a?A@B__W?B`?E??KG?GG?KC?B`??M???[_??^,[(21-22)-(19-20)-(18-23)-(14-15)-(12-13)-(11-17)-(10-16)-(8-9)-(6-7)-(4-5)-(2-3)-(0-1)],9.465217590332031e-05,0.021167993545532227,1,True,0
WtfIID`GH_a?A@B__W?B`?E??KG?GG?KC?B`??M???[_??^,[(21-23)-(17-22)-(14-15)-(13-20)-(12-19)-(11-18)-(10-16)-(8-9)-(6-7)-(4-5)-(2-3)-(0-1)],9.250640869140625e-05,0.09091949462890625,9,False,0
WtfIID`GH_a?A@B__W?B`?E??KG?GG?KC?B`??M???[_??^,[(21-23)-(17-22)-(14-15)-(13-20)-(12-19)-(11-18)-(10-16)-(8-9)-(6-7)-(4-5)-(2-3)-(0-1)],9.608268737792969e-05,0.03292655944824219,3,True,0
WtfIID`GH_a?A@B__W?B`?E??KG?GG?KC?B`??M???[_??^,[(19-23)-(17-22)-(15-21)-(14-20)-(12-13)-(11-18)-(10-16)-(8-9)-(6-7)-(4-5)-(2-3)-(0-1)],9.250640869140625e-05,0.04544949531555176,4,True,0
WtfIID`GH_a?A@B__W?B`?E??KG?GG?KC?B`??M???[_??^,[(19-23)-(17-22)-(15-21)-(14-20)-(12-13)-(11-18)-(10-16)-(8-9)-(6-7)-(4-5)-(2-3)-(0-1)],0.00016188621520996094,0.031230449676513672,2,True,0
WtfIID`GH_a?A@B__W?B`?E??KG?GG?KC?B`??M???[_??^,[(21-23)-(19-20)-(17-22)-(14-15)-(12-13)-(11-18)-(10-16)-(8-9)-(6-7)-(4-5)-(2-3)-(0-1)],9.369850158691406e-05,0.019943714141845703,1,False,0
WtfIID`GH_a?A@B__W?B`?E??KG?GG?KC?B`??M???[_??^,[(21-23)-(19-20)-(17-22)-(14-15)-(12-13)-(11-18)-(10-16)-(8-9)-(6-7)-(4-5)-(2-3)-(0-1)],9.5367431640625e-05,0.023500680923461914,2,True,0
WtbIID`GH_a@E?A?`oGE??[C?[??GG?KC?B@??[G??{???^,[(18-23)-(15-22)-(14-21)-(13-20)-(12-19)-(10-11)-(9-17)-(8-16)-(6-7)-(4-5)-(2-3)-(0-1)],0.0001380443572998047,0.06959009170532227,8,True,0
WtbIID`GH_a@E?A?`oGE??[C?[??GG?KC?B@??[G??{???^,[(18-23)-(15-22)-(14-21)-(13-20)-(12-19)-(10-11)-(9-17)-(8-16)-(6-7)-(4-5)-(2-3)-(0-1)],9.703636169433594e-05,0.07038140296936035,6,True,0
WtbIID`GH_a@E?A?`oGE??[C?[??GG?KC?B@??[G??{???^,[(20-23)-(18-22)-(15-21)-(13-14)-(12-19)-(10-11)-(9-17)-(8-16)-(6-7)-(4-5)-(2-3)-(0-1)],0.0001354217529296875,0.045189619064331055,4,False,0
WtbIID`GH_a@E?A?`oGE??[C?[??GG?KC?B@??[G??{???^,[(20-23)-(18-22)-(15-21)-(13-14)-(12-19)-(10-11)-(9-17)-(8-16)-(6-7)-(4-5)-(2-3)-(0-1)],9.751319885253906e-05,0.03520464897155762,3,True,0
WtbIID`GH_a@E?A?`oGE??[C?[??GG?KC?B@??[G??{???^,[(20-21)-(18-23)-(15-22)-(13-14)-(12-19)-(10-11)-(9-17)-(8-16)-(6-7)-(4-5)-(2-3)-(0-1)],9.083747863769531e-05,0.03488969802856445,3,True,0
WtbIID`GH_a@E?A?`oGE??[C?[??GG?KC?B@??[G??{???^,[(20-21)-(18-23)-(15-22)-(13-14)-(12-19)-(10-11)-(9-17)-(8-16)-(6-7)-(4-5)-(2-3)-(0-1)],9.72747802734375e-05,0.05271100997924805,5,True,0
WtbIID`GH_a@E?A?`oGE??[C?[??GG?KC?B@??[G??{???^,[(22-23)-(18-19)-(15-21)-(13-14)-(12-20)-(10-11)-(9-17)-(8-16)-(6-7)-(4-5)-(2-3)-(0-1)],0.00013327598571777344,0.0344996452331543,3,True,0
WtbIID`GH_a@E?A?`oGE??[C?[??GG?KC?B@??[G??{???^,[(22-23)-(18-19)-(15-21)-(13-14)-(12-20)-(10-11)-(9-17)-(8-16)-(6-7)-(4-5)-(2-3)-(0-1)],9.608268737792969e-05,0.023160696029663086,1,True,0
WtbIID`GH_a@E?A?`oGE??[C?[??GG?KC?B@??[G??{???^,[(19-23)-(18-22)-(15-21)-(13-14)-(12-20)-(10-11)-(9-17)-(8-16)-(6-7)-(4-5)-(2-3)-(0-1)],9.131431579589844e-05,0.0702366828918457,6,True,0
WtbIID`GH_a@E?A?`oGE??[C?[??GG?KC?B@??[G??{???^,[(19-23)-(18-22)-(15-21)-(13-14)-(12-20)-(10-11)-(9-17)-(8-16)-(6-7)-(4-5)-(2-3)-(0-1)],9.799003601074219e-05,0.04896807670593262,4,True,0
WtbIID`GH_a@E?A?`oGE??[C?[??GG?KC?B@??[G??{???^,[(21-23)-(18-19)-(15-22)-(13-14)-(12-20)-(10-11)-(9-17)-(8-16)-(6-7)-(4-5)-(2-3)-(0-1)],9.226799011230469e-05,0.021025896072387695,1,True,0
WtbIID`GH_a@E?A?`oGE??[C?[??GG?KC?B@??[G??{???^,[(21-23)-(18-19)-(15-22)-(13-14)-(12-20)-(10-11)-(9-17)-(8-16)-(6-7)-(4-5)-(2-3)-(0-1)],0.00010013580322265625,0.05319046974182129,5,True,0
WtbIID`GH_a@E?A?`oGE??[C?[??GG?KC?B@??[G??{???^,[(20-23)-(18-19)-(15-22)-(14-21)-(12-13)-(10-11)-(9-17)-(8-16)-(6-7)-(4-5)-(2-3)-(0-1)],9.441375732421875e-05,0.06968426704406738,14,False,0
WtbIID`GH_a@E?A?`oGE??[C?[??GG?KC?B@??[G??{???^,[(20-23)-(18-19)-(15-22)-(14-21)-(12-13)-(10-11)-(9-17)-(8-16)-(6-7)-(4-5)-(2-3)-(0-1)],9.584426879882812e-05,0.04092526435852051,3,True,0
WtbIID`GH_a@E?A?`oGE??[C?[??GG?KC?B@??[G??{???^,[(19-20)-(18-23)-(15-22)-(14-21)-(12-13)-(10-11)-(9-17)-(8-16)-(6-7)-(4-5)-(2-3)-(0-1)],0.00010013580322265625,0.050298213958740234,4,True,0
WtbIID`GH_a@E?A?`oGE??[C?[??GG?KC?B@??[G??{???^,[(19-20)-(18-23)-(15-22)-(14-21)-(12-13)-(10-11)-(9-17)-(8-16)-(6-7)-(4-5)-(2-3)-(0-1)],9.584426879882812e-05,0.05067300796508789,4,True,0
WtbIID`GH_a@E?A?`oGE??[C?[??GG?KC?B@??[G??{???^,[(18-23)-(15-22)-(14-21)-(13-20)-(12-19)-(11-17)-(9-10)-(8-16)-(6-7)-(4-5)-(2-3)-(0-1)],9.560585021972656e-05,0.060502052307128906,6,False,0
WtbIID`GH_a@E?A?`oGE??[C?[??GG?KC?B@??[G??{???^,[(18-23)-(15-22)-(14-21)-(13-20)-(12-19)-(11-17)-(9-10)-(8-16)-(6-7)-(4-5)-(2-3)-(0-1)],9.679794311523438e-05,0.025108814239501953,1,False,0
WtbIID`GH_a@E?A?`oGE??[C?[??GG?KC?B@??[G??{???^,[(20-23)-(18-22)-(15-21)-(13-14)-(12-19)-(11-17)-(9-10)-(8-16)-(6-7)-(4-5)-(2-3)-(0-1)],0.00013399124145507812,0.04709053039550781,4,True,0
WtbIID`GH_a@E?A?`oGE??[C?[??GG?KC?B@??[G??{???^,[(20-23)-(18-22)-(15-21)-(13-14)-(12-19)-(11-17)-(9-10)-(8-16)-(6-7)-(4-5)-(2-3)-(0-1)],9.512901306152344e-05,0.061299800872802734,5,True,0
WtfIID?GH?e@E@B_?WGA@?WC?_G@_G?oC?M@??{???w_??|,[(17-23)-(15-22)-(13-14)-(12-21)-(11-20)-(10-19)-(9-18)-(8-16)-(6-7)-(4-5)-(2-3)-(0-1)],9.1552734375e-05,0.11319971084594727,20,False,0
WtfIID?GH?e@E@B_?WGA@?WC?_G@_G?oC?M@??{???w_??|,[(17-23)-(15-22)-(13-14)-(12-21)-(11-20)-(10-19)-(9-18)-(8-16)-(6-7)-(4-5)-(2-3)-(0-1)],9.465217590332031e-05,0.06680893898010254,8,True,0
WtfIID?GH?e@E@B_?WGA@?WC?_G@_G?oC?M@??{???w_??|,[(20-23)-(17-22)-(14-15)-(13-21)-(11-12)-(10-19)-(9-18)-(8-16)-(6-7)-(4-5)-(2-3)-(0-1)],9.512901306152344e-05,0.05547165870666504,5,False,0
WtfIID?GH?e@E@B_?WGA@?WC?_G@_G?oC?M@??{???w_??|,[(20-23)-(17-22)-(14-15)-(13-21)-(11-12)-(10-19)-(9-18)-(8-16)-(6-7)-(4-5)-(2-3)-(0-1)],9.465217590332031e-05,0.03414583206176758,3,True,0
WtfIID?GH?e@E@B_?WGA@?WC?_G@_G?oC?M@??{???w_??|,[(20-23)-(17-22)-(15-21)-(13-14)-(11-12)-(10-19)-(9-18)-(8-16)-(6-7)-(4-5)-(2-3)-(0-1)],9.417533874511719e-05,0.05701589584350586,5,True,0
WtfIID?GH?e@E@B_?WGA@?WC?_G@_G?oC?M@??{???w_??|,[(20-23)-(17-22)-(15-21)-(13-14)-(11-12)-(10-19)-(9-18)-(8-16)-(6-7)-(4-5)-(2-3)-(0-1)],9.608268737792969e-05,0.13711261749267578,21,False,0
WtfIID?GH?e@E@B_?WGA@?WC?_G@_G?oC?M@??{???w_??|,[(19-23)-(17-22)-(14-15)-(13-21)-(11-12)-(10-20)-(9-18)-(8-16)-(6-7)-(4-5)-(2-3)-(0-1)],9.1552734375e-05,0.07430768013000488,14,False,0
WtfIID?GH?e@E@B_?WGA@?WC?_G@_G?oC?M@??{???w_??|,[(19-23)-(17-22)-(14-15)-(13-21)-(11-12)-(10-20)-(9-18)-(8-16)-(6-7)-(4-5)-(2-3)-(0-1)],9.679794311523438e-05,0.03255128860473633,3,True,0
WtfIID?GH?e@E@B_?WGA@?WC?_G@_G?oC?M@??{???w_??|,[(19-23)-(17-22)-(15-21)-(13-14)-(11-12)-(10-20)-(9-18)-(8-16)-(6-7)-(4-5)-(2-3)-(0-1)],9.107589721679688e-05,0.03477334976196289,3,True,0
WtfIID?GH?e@E@B_?WGA@?WC?_G@_G?oC?M@??{???w_??|,[(19-23)-(17-22)-(15-21)-(13-14)-(11-12)-(10-20)-(9-18)-(8-16)-(6-7)-(4-5)-(2-3)-(0-1)],9.441375732421875e-05,0.031206130981445312,2,True,0
WtfIID?GH?e@E@B_?WGA@?WC?_G@_G?oC?M@??{???w_??|,[(19-23)-(17-22)-(14-15)-(13-21)-(12-20)-(10-11)-(9-18)-(8-16)-(6-7)-(4-5)-(2-3)-(0-1)],9.179115295410156e-05,0.027161598205566406,2,True,0
WtfIID?GH?e@E@B_?WGA@?WC?_G@_G?oC?M@??{???w_??|,[(19-23)-(17-22)-(14-15)-(13-21)-(12-20)-(10-11)-(9-18)-(8-16)-(6-7)-(4-5)-(2-3)-(0-1)],0.00010943412780761719,0.06744980812072754,6,True,0
WtfIID?GH?e@E@B_?WGA@?WC?_G@_G?oC?M@??{???w_??|,[(19-23)-(17-22)-(15-21)-(13-14)-(12-20)-(10-11)-(9-18)-(8-16)-(6-7)-(4-5)-(2-3)-(0-1)],9.393692016601562e-05,0.1022491455078125,10,True,0
WtfIID?GH?e@E@B_?WGA@?WC?_G@_G?oC?M@??{???w_??|,[(19-23)-(17-22)-(15-21)-(13-14)-(12-20)-(10-11)-(9-18)-(8-16)-(6-7)-(4-5)-(2-3)-(0-1)],9.751319885253906e-05,0.050696372985839844,5,True,0
WtfIID?GH?e@E@B_?WGA@?WC?_G@_G?oC?M@??{???w_??|,[(19-20)-(17-23)-(15-22)-(13-14)-(12-21)-(10-11)-(9-18)-(8-16)-(6-7)-(4-5)-(2-3)-(0-1)],8.797645568847656e-05,0.04855060577392578,4,True,0
WtfIID?GH?e@E@B_?WGA@?WC?_G@_G?oC?M@??{???w_??|,[(19-20)-(17-23)-(15-22)-(13-14)-(12-21)-(10-11)-(9-18)-(8-16)-(6-7)-(4-5)-(2-3)-(0-1)],9.965896606445312e-05,0.03187274932861328,3,True,0
WtfIID?GH?e@E@B_?WGA@?WC?_G@_G?oC?M@??{???w_??|,[(22-23)-(17-18)-(14-15)-(13-21)-(11-12)-(10-20)-(9-19)-(8-16)-(6-7)-(4-5)-(2-3)-(0-1)],9.894371032714844e-05,0.08979201316833496,16,False,0
WtfIID?GH?e@E@B_?WGA@?WC?_G@_G?oC?M@??{???w_??|,[(22-23)-(17-18)-(14-15)-(13-21)-(11-12)-(10-20)-(9-19)-(8-16)-(6-7)-(4-5)-(2-3)-(0-1)],0.00015544891357421875,0.0360720157623291,3,True,0
WtfIID?GH?e@E@B_?WGA@?WC?_G@_G?oC?M@??{???w_??|,[(18-23)-(17-22)-(14-15)-(13-21)-(11-12)-(10-20)-(9-19)-(8-16)-(6-7)-(4-5)-(2-3)-(0-1)],9.226799011230469e-05,0.07821059226989746,15,False,0
WtfIID?GH?e@E@B_?WGA@?WC?_G@_G?oC?M@??{???w_??|,[(18-23)-(17-22)-(14-15)-(13-21)-(11-12)-(10-20)-(9-19)-(8-16)-(6-7)-(4-5)-(2-3)-(0-1)],9.34600830078125e-05,0.06156015396118164,6,True,0
WtfII@_GH_b@B_?__WGA@?OC@_G@_G?wC?F???[G??p_?@x,[(22-23)-(14-15)-(13-21)-(11-20)-(10-19)-(9-18)-(8-17)-(7-16)-(6-12)-(4-5)-(2-3)-(0-1)],9.1552734375e-05,0.029326200485229492,2,False,0
WtfII@_GH_b@B_?__WGA@?OC@_G@_G?wC?F???[G??p_?@x,[(22-23)-(14-15)-(13-21)-(11-20)-(10-19)-(9-18)-(8-17)-(7-16)-(6-12)-(4-5)-(2-3)-(0-1)],0.00011014938354492188,0.05188775062561035,5,True,0
WtfII@_GH_b@B_?__WGA@?OC@_G@_G?wC?F???[G??p_?@x,[(22-23)-(15-21)-(13-14)-(11-20)-(10-19)-(9-18)-(8-17)-(7-16)-(6-12)-(4-5)-(2-3)-(0-1)],0.0001266002655029297,0.13711929321289062,19,False,0
WtfII@_GH_b@B_?__WGA@?OC@_G@_G?wC?F???[G??p_?@x,[(22-23)-(15-21)-(13-14)-(11-20)-(10-19)-(9-18)-(8-17)-(7-16)-(6-12)-(4-5)-(2-3)-(0-1)],9.632110595703125e-05,0.043747663497924805,4,True,0
WtfII@_GH_b@B_?__WGA@?OC@_G@_G?wC?F???[G??p_?@x,[(19-23)-(15-22)-(14-21)-(13-20)-(10-11)-(9-18)-(8-17)-(7-16)-(6-12)-(4-5)-(2-3)-(0-1)],0.00010752677917480469,0.0821676254272461,9,True,0
WtfII@_GH_b@B_?__WGA@?OC@_G@_G?wC?F???[G??p_?@x,[(19-23)-(15-22)-(14-21)-(13-20)-(10-11)-(9-18)-(8-17)-(7-16)-(6-12)-(4-5)-(2-3)-(0-1)],9.799003601074219e-05,0.02795720100402832,2,True,0
WtfII@_GH_b@B_?__WGA@?OC@_G@_G?wC?F???[G??p_?@x,[(21-22)-(19-23)-(14-15)-(13-20)-(10-11)-(9-18)-(8-17)-(7-16)-(6-12)-(4-5)-(2-3)-(0-1)],9.107589721679688e-05,0.04027199745178223,3,True,0
WtfII@_GH_b@B_?__WGA@?OC@_G@_G?wC?F???[G??p_?@x,[(21-22)-(19-23)-(14-15)-(13-20)-(10-11)-(9-18)-(8-17)-(7-16)-(6-12)-(4-5)-(2-3)-(0-1)],0.0001049041748046875,0.019916772842407227,1,True,0
WtfII@_GH_b@B_?__WGA@?OC@_G@_G?wC?F???[G??p_?@x,[(20-22)-(19-23)-(14-15)-(13-21)-(10-11)-(9-18)-(8-17)-(7-16)-(6-12)-(4-5)-(2-3)-(0-1)],9.608268737792969e-05,0.09603762626647949,16,False,0
WtfII@_GH_b@B_?__WGA@?OC@_G@_G?wC?F???[G??p_?@x,[(20-22)-(19-23)-(14-15)-(13-21)-(10-11)-(9-18)-(8-17)-(7-16)-(6-12)-(4-5)-(2-3)-(0-1)],9.822845458984375e-05,0.0189969539642334,1,True,0
WtfII@_GH_b@B_?__WGA@?OC@_G@_G?wC?F???[G??p_?@x,[(20-22)-(19-23)-(15-21)-(13-14)-(10-11)-(9-18)-(8-17)-(7-16)-(6-12)-(4-5)-(2-3)-(0-1)],9.369850158691406e-05,0.05935549736022949,5,True,0
WtfII@_GH_b@B_?__WGA@?OC@_G@_G?wC?F???[G??p_?@x,[(20-22)-(19-23)-(15-21)-(13-14)-(10-11)-(9-18)-(8-17)-(7-16)-(6-12)-(4-5)-(2-3)-(0-1)],0.00010013580322265625,0.02888941764831543,3,True,0
WtfII@_GH_b@B_?__WGA@?OC@_G@_G?wC?F???[G??p_?@x,[(20-21)-(19-23)-(15-22)-(13-14)-(10-11)-(9-18)-(8-17)-(7-16)-(6-12)-(4-5)-(2-3)-(0-1)],9.274482727050781e-05,0.13372588157653809,15,True,0
WtfII@_GH_b@B_?__WGA@?OC@_G@_G?wC?F???[G??p_?@x,[(20-21)-(19-23)-(15-22)-(13-14)-(10-11)-(9-18)-(8-17)-(7-16)-(6-12)-(4-5)-(2-3)-(0-1)],9.489059448242188e-05,0.040558815002441406,5,True,0
WtfII@_GH_b@B_?__WGA@?OC@_G@_G?wC?F???[G??p_?@x,[(18-23)-(15-22)-(14-21)-(13-20)-(10-11)-(9-19)-(8-17)-(7-16)-(6-12)-(4-5)-(2-3)-(0-1)],9.274482727050781e-05,0.03646278381347656,3,True,0
WtfII@_GH_b@B_?__WGA@?OC@_G@_G?wC?F???[G??p_?@x,[(18-23)-(15-22)-(14-21)-(13-20)-(10-11)-(9-19)-(8-17)-(7-16)-(6-12)-(4-5)-(2-3)-(0-1)],9.799003601074219e-05,0.022078990936279297,1,True,0
WtfII@_GH_b@B_?__WGA@?OC@_G@_G?wC?F???[G??p_?@x,[(21-22)-(18-23)-(14-15)-(13-20)-(10-11)-(9-19)-(8-17)-(7-16)-(6-12)-(4-5)-(2-3)-(0-1)],9.489059448242188e-05,0.039155006408691406,4,True,0
WtfII@_GH_b@B_?__WGA@?OC@_G@_G?wC?F???[G??p_?@x,[(21-22)-(18-23)-(14-15)-(13-20)-(10-11)-(9-19)-(8-17)-(7-16)-(6-12)-(4-5)-(2-3)-(0-1)],0.00010704994201660156,0.11445021629333496,10,False,0
WtfII@_GH_b@B_?__WGA@?OC@_G@_G?wC?F???[G??p_?@x,[(20-22)-(18-23)-(14-15)-(13-21)-(10-11)-(9-19)-(8-17)-(7-16)-(6-12)-(4-5)-(2-3)-(0-1)],9.632110595703125e-05,0.051624298095703125,5,True,0
WtfII@_GH_b@B_?__WGA@?OC@_G@_G?wC?F???[G??p_?@x,[(20-22)-(18-23)-(14-15)-(13-21)-(10-11)-(9-19)-(8-17)-(7-16)-(6-12)-(4-5)-(2-3)-(0-1)],9.679794311523438e-05,0.04127860069274902,4,True,0
W|eIAD`KGo`_@@@__OGE@?OC?wG?W??KC?B`??M???[_??^,[(22-23)-(15-16)-(14-21)-(13-20)-(12-19)-(11-18)-(9-10)-(8-17)-(6-7)-(4-5)-(2-3)-(0-1)],9.059906005859375e-05,0.05765485763549805,6,True,0
W|eIAD`KGo`_@@@__OGE@?OC?wG?W??KC?B`??M???[_??^,[(22-23)-(15-16)-(14-21)-(13-20)-(12-19)-(11-18)-(9-10)-(8-17)-(6-7)-(4-5)-(2-3)-(0-1)],0.00010752677917480469,0.01944112777709961,1,True,0
W|eIAD`KGo`_@@@__OGE@?OC?wG?W??KC?B`??M???[_??^,[(22-23)-(16-21)-(14-15)-(13-20)-(12-19)-(11-18)-(9-10)-(8-17)-(6-7)-(4-5)-(2-3)-(0-1)],9.036064147949219e-05,0.05819988250732422,13,False,0
W|eIAD`KGo`_@@@__OGE@?OC?wG?W??KC?B`??M???[_??^,[(22-23)-(16-21)-(14-15)-(13-20)-(12-19)-(11-18)-(9-10)-(8-17)-(6-7)-(4-5)-(2-3)-(0-1)],9.34600830078125e-05,0.05695796012878418,5,True,0
W|eIAD`KGo`_@@@__OGE@?OC?wG?W??KC?B`??M???[_??^,[(21-23)-(16-22)-(14-15)-(13-20)-(12-19)-(11-18)-(9-10)-(8-17)-(6-7)-(4-5)-(2-3)-(0-1)],0.0001010894775390625,0.08067512512207031,8,False,0
W|eIAD`KGo`_@@@__OGE@?OC?wG?W??KC?B`??M???[_??^,[(21-23)-(16-22)-(14-15)-(13-20)-(12-19)-(11-18)-(9-10)-(8-17)-(6-7)-(4-5)-(2-3)-(0-1)],9.703636169433594e-05,0.05911827087402344,4,False,0
W|eIAD`KGo`_@@@__OGE@?OC?wG?W??KC?B`??M???[_??^,[(21-22)-(20-23)-(15-16)-(13-14)-(12-19)-(11-18)-(9-10)-(8-17)-(6-7)-(4-5)-(2-3)-(0-1)],9.34600830078125e-05,0.0686185359954834,14,False,0
W|eIAD`KGo`_@@@__OGE@?OC?wG?W??KC?B`??M???[_??^,[(21-22)-(20-23)-(15-16)-(13-14)-(12-19)-(11-18)-(9-10)-(8-17)-(6-7)-(4-5)-(2-3)-(0-1)],0.00010180473327636719,0.07459378242492676,6,False,0
W|eIAD`KGo`_@@@__OGE@?OC?wG?W??KC?B`??M???[_??^,[(20-23)-(16-22)-(15-21)-(13-14)-(12-19)-(11-18)-(9-10)-(8-17)-(6-7)-(4-5)-(2-3)-(0-1)],0.00010347366333007812,0.0481562614440918,4,True,0
W|eIAD`KGo`_@@@__OGE@?OC?wG?W??KC?B`??M???[_??^,[(20-23)-(16-22)-(15-21)-(13-14)-(12-19)-(11-18)-(9-10)-(8-17)-(6-7)-(4-5)-(2-3)-(0-1)],9.608268737792969e-05,0.02056145668029785,2,True,0
W|eIAD`KGo`_@@@__OGE@?OC?wG?W??KC?B`??M???[_??^,[(21-22)-(19-23)-(15-16)-(13-14)-(12-20)-(11-18)-(9-10)-(8-17)-(6-7)-(4-5)-(2-3)-(0-1)],0.0001437664031982422,0.06548309326171875,14,False,0
W|eIAD`KGo`_@@@__OGE@?OC?wG?W??KC?B`??M???[_??^,[(21-22)-(19-23)-(15-16)-(13-14)-(12-20)-(11-18)-(9-10)-(8-17)-(6-7)-(4-5)-(2-3)-(0-1)],9.632110595703125e-05,0.03722739219665527,3,True,0
W|eIAD`KGo`_@@@__OGE@?OC?wG?W??KC?B`??M???[_??^,[(19-23)-(16-22)-(15-21)-(13-14)-(12-20)-(11-18)-(9-10)-(8-17)-(6-7)-(4-5)-(2-3)-(0-1)],9.34600830078125e-05,0.04251503944396973,4,True,0
W|eIAD`KGo`_@@@__OGE@?OC?wG?W??KC?B`??M???[_??^,[(19-23)-(16-22)-(15-21)-(13-14)-(12-20)-(11-18)-(9-10)-(8-17)-(6-7)-(4-5)-(2-3)-(0-1)],9.584426879882812e-05,0.025041818618774414,2,True,0
W|eIAD`KGo`_@@@__OGE@?OC?wG?W??KC?B`??M???[_??^,[(21-22)-(19-23)-(15-16)-(14-20)-(12-13)-(11-18)-(9-10)-(8-17)-(6-7)-(4-5)-(2-3)-(0-1)],9.036064147949219e-05,0.09981489181518555,21,False,0
W|eIAD`KGo`_@@@__OGE@?OC?wG?W??KC?B`??M???[_??^,[(21-22)-(19-23)-(15-16)-(14-20)-(12-13)-(11-18)-(9-10)-(8-17)-(6-7)-(4-5)-(2-3)-(0-1)],0.00011348724365234375,0.11188292503356934,19,False,0
W|eIAD`KGo`_@@@__OGE@?OC?wG?W??KC?B`??M???[_??^,[(19-23)-(16-22)-(15-21)-(14-20)-(12-13)-(11-18)-(9-10)-(8-17)-(6-7)-(4-5)-(2-3)-(0-1)],9.274482727050781e-05,0.05176734924316406,5,True,0
W|eIAD`KGo`_@@@__OGE@?OC?wG?W??KC?B`??M???[_??^,[(19-23)-(16-22)-(15-21)-(14-20)-(12-13)-(11-18)-(9-10)-(8-17)-(6-7)-(4-5)-(2-3)-(0-1)],9.5367431640625e-05,0.05441904067993164,5,False,0
W|eIAD`KGo`_@@@__OGE@?OC?wG?W??KC?B`??M???[_??^,[(22-23)-(19-20)-(15-16)-(14-21)-(12-13)-(11-18)-(9-10)-(8-17)-(6-7)-(4-5)-(2-3)-(0-1)],9.1552734375e-05,0.0287778377532959,2,True,0
W|eIAD`KGo`_@@@__OGE@?OC?wG?W??KC?B`??M???[_??^,[(22-23)-(19-20)-(15-16)-(14-21)-(12-13)-(11-18)-(9-10)-(8-17)-(6-7)-(4-5)-(2-3)-(0-1)],9.441375732421875e-05,0.07411766052246094,14,False,0
WtfIID`GH?a@E@B?_OGE@?[C?OW?OG?WC?E@??WG?@K_??^,[(22-23)-(14-15)-(13-21)-(12-20)-(11-19)-(10-18)-(9-17)-(8-16)-(6-7)-(4-5)-(2-3)-(0-1)],9.322166442871094e-05,0.016655921936035156,1,True,0
WtfIID`GH?a@E@B?_OGE@?[C?OW?OG?WC?E@??WG?@K_??^,[(22-23)-(14-15)-(13-21)-(12-20)-(11-19)-(10-18)-(9-17)-(8-16)-(6-7)-(4-5)-(2-3)-(0-1)],8.988380432128906e-05,0.04058408737182617,4,True,0
WtfIID`GH?a@E@B?_OGE@?[C?OW?OG?WC?E@??WG?@K_??^,[(22-23)-(20-21)-(14-15)-(12-13)-(11-19)-(10-18)-(9-17)-(8-16)-(6-7)-(4-5)-(2-3)-(0-1)],9.608268737792969e-05,0.03629112243652344,3,True,0
WtfIID`GH?a@E@B?_OGE@?[C?OW?OG?WC?E@??WG?@K_??^,[(22-23)-(20-21)-(14-15)-(12-13)-(11-19)-(10-18)-(9-17)-(8-16)-(6-7)-(4-5)-(2-3)-(0-1)],9.632110595703125e-05,0.06262040138244629,6,True,0
WtfIID`GH?a@E@B?_OGE@?[C?OW?OG?WC?E@??WG?@K_??^,[(21-22)-(20-23)-(14-15)-(12-13)-(11-19)-(10-18)-(9-17)-(8-16)-(6-7)-(4-5)-(2-3)-(0-1)],9.298324584960938e-05,0.050521135330200195,5,True,0
WtfIID`GH?a@E@B?_OGE@?[C?OW?OG?WC?E@??WG?@K_??^,[(21-22)-(20-23)-(14-15)-(12-13)-(11-19)-(10-18)-(9-17)-(8-16)-(6-7)-(4-5)-(2-3)-(0-1)],9.822845458984375e-05,0.020993947982788086,1,True,0
WtfIID`GH?a@E@B?_OGE@?[C?OW?OG?WC?E@??WG?@K_??^,[(21-22)-(19-23)-(14-15)-(12-13)-(11-20)-(10-18)-(9-17)-(8-16)-(6-7)-(4-5)-(2-3)-(0-1)],9.34600830078125e-05,0.026363611221313477,2,True,0
WtfIID`GH?a@E@B?_OGE@?[C?OW?OG?WC?E@??WG?@K_??^,[(21-22)-(19-23)-(14-15)-(12-13)-(11-20)-(10-18)-(9-17)-(8-16)-(6-7)-(4-5)-(2-3)-(0-1)],9.703636169433594e-05,0.019288063049316406,1,True,0
WtfIID`GH?a@E@B?_OGE@?[C?OW?OG?WC?E@??WG?@K_??^,[(22-23)-(19-20)-(14-15)-(13-21)-(11-12)-(10-18)-(9-17)-(8-16)-(6-7)-(4-5)-(2-3)-(0-1)],8.869171142578125e-05,0.06925201416015625,6,True,0
WtfIID`GH?a@E@B?_OGE@?[C?OW?OG?WC?E@??WG?@K_??^,[(22-23)-(19-20)-(14-15)-(13-21)-(11-12)-(10-18)-(9-17)-(8-16)-(6-7)-(4-5)-(2-3)-(0-1)],9.822845458984375e-05,0.03688859939575195,3,True,0
WtfIID`GH?a@E@B?_OGE@?[C?OW?OG?WC?E@??WG?@K_??^,[(21-23)-(18-22)-(14-15)-(12-13)-(11-20)-(10-19)-(9-17)-(8-16)-(6-7)-(4-5)-(2-3)-(0-1)],9.34600830078125e-05,0.0679473876953125,6,True,0
WtfIID`GH?a@E@B?_OGE@?[C?OW?OG?WC?E@??WG?@K_??^,[(21-23)-(18-22)-(14-15)-(12-13)-(11-20)-(10-19)-(9-17)-(8-16)-(6-7)-(4-5)-(2-3)-(0-1)],9.679794311523438e-05,0.034911394119262695,3,True,0
WtfIID`GH?a@E@B?_OGE@?[C?OW?OG?WC?E@??WG?@K_??^,[(21-22)-(18-23)-(14-15)-(12-13)-(11-20)-(10-19)-(9-17)-(8-16)-(6-7)-(4-5)-(2-3)-(0-1)],0.0001068115234375,0.059369564056396484,5,False,0
WtfIID`GH?a@E@B?_OGE@?[C?OW?OG?WC?E@??WG?@K_??^,[(21-22)-(18-23)-(14-15)-(12-13)-(11-20)-(10-19)-(9-17)-(8-16)-(6-7)-(4-5)-(2-3)-(0-1)],9.989738464355469e-05,0.022498607635498047,1,True,0
WtfIID`GH?a@E@B?_OGE@?[C?OW?OG?WC?E@??WG?@K_??^,[(20-23)-(18-22)-(14-15)-(13-21)-(11-12)-(10-19)-(9-17)-(8-16)-(6-7)-(4-5)-(2-3)-(0-1)],9.393692016601562e-05,0.06252789497375488,14,False,0
WtfIID`GH?a@E@B?_OGE@?[C?OW?OG?WC?E@??WG?@K_??^,[(20-23)-(18-22)-(14-15)-(13-21)-(11-12)-(10-19)-(9-17)-(8-16)-(6-7)-(4-5)-(2-3)-(0-1)],0.00010585784912109375,0.02674555778503418,2,False,0
WtfIID`GH?a@E@B?_OGE@?[C?OW?OG?WC?E@??WG?@K_??^,[(22-23)-(18-19)-(14-15)-(13-21)-(12-20)-(10-11)-(9-17)-(8-16)-(6-7)-(4-5)-(2-3)-(0-1)],9.298324584960938e-05,0.0352780818939209,3,True,0
WtfIID`GH?a@E@B?_OGE@?[C?OW?OG?WC?E@??WG?@K_??^,[(22-23)-(18-19)-(14-15)-(13-21)-(12-20)-(10-11)-(9-17)-(8-16)-(6-7)-(4-5)-(2-3)-(0-1)],9.942054748535156e-05,0.032869815826416016,4,True,0
WtfIID`GH?a@E@B?_OGE@?[C?OW?OG?WC?E@??WG?@K_??^,[(19-23)-(18-22)-(14-15)-(13-21)-(12-20)-(10-11)-(9-17)-(8-16)-(6-7)-(4-5)-(2-3)-(0-1)],9.489059448242188e-05,0.027385711669921875,2,True,0
WtfIID`GH?a@E@B?_OGE@?[C?OW?OG?WC?E@??WG?@K_??^,[(19-23)-(18-22)-(14-15)-(13-21)-(12-20)-(10-11)-(9-17)-(8-16)-(6-7)-(4-5)-(2-3)-(0-1)],9.679794311523438e-05,0.11404252052307129,12,True,0
WtfIID`GH_b?A@@__OGA@?[C?W??WG?KC?B`??KG??w_??z,[(22-23)-(15-21)-(13-14)-(12-20)-(11-19)-(10-18)-(9-17)-(8-16)-(6-7)-(4-5)-(2-3)-(0-1)],8.869171142578125e-05,0.04449272155761719,4,False,0
WtfIID`GH_b?A@@__OGA@?[C?W??WG?KC?B`??KG??w_??z,[(22-23)-(15-21)-(13-14)-(12-20)-(11-19)-(10-18)-(9-17)-(8-16)-(6-7)-(4-5)-(2-3)-(0-1)],0.00010728836059570312,0.05545616149902344,5,True,0
WtfIID`GH_b?A@@__OGA@?[C?W??WG?KC?B`??KG??w_??z,[(21-23)-(15-22)-(13-14)-(12-20)-(11-19)-(10-18)-(9-17)-(8-16)-(6-7)-(4-5)-(2-3)-(0-1)],9.250640869140625e-05,0.04218769073486328,3,True,0
WtfIID`GH_b?A@@__OGA@?[C?W??WG?KC?B`??KG??w_??z,[(21-23)-(15-22)-(13-14)-(12-20)-(11-19)-(10-18)-(9-17)-(8-16)-(6-7)-(4-5)-(2-3)-(0-1)],9.703636169433594e-05,0.029770612716674805,2,True,0
WtfIID`GH_b?A@@__OGA@?[C?W??WG?KC?B`??KG??w_??z,[(22-23)-(15-21)-(14-20)-(12-13)-(11-19)-(10-18)-(9-17)-(8-16)-(6-7)-(4-5)-(2-3)-(0-1)],9.465217590332031e-05,0.029972076416015625,2,True,0
WtfIID`GH_b?A@@__OGA@?[C?W??WG?KC?B`??KG??w_??z,[(22-23)-(15-21)-(14-20)-(12-13)-(11-19)-(10-18)-(9-17)-(8-16)-(6-7)-(4-5)-(2-3)-(0-1)],0.0001010894775390625,0.056921958923339844,6,True,0
WtfIID`GH_b?A@@__OGA@?[C?W??WG?KC?B`??KG??w_??z,[(21-23)-(15-22)-(14-20)-(12-13)-(11-19)-(10-18)-(9-17)-(8-16)-(6-7)-(4-5)-(2-3)-(0-1)],9.512901306152344e-05,0.05708885192871094,6,True,0
WtfIID`GH_b?A@@__OGA@?[C?W??WG?KC?B`??KG??w_??z,[(21-23)-(15-22)-(14-20)-(12-13)-(11-19)-(10-18)-(9-17)-(8-16)-(6-7)-(4-5)-(2-3)-(0-1)],9.822845458984375e-05,0.055478572845458984,5,True,0
WtfIID`GH_b?A@@__OGA@?[C?W??WG?KC?B`??KG??w_??z,[(22-23)-(20-21)-(14-15)-(12-13)-(11-19)-(10-18)-(9-17)-(8-16)-(6-7)-(4-5)-(2-3)-(0-1)],9.560585021972656e-05,0.036576032638549805,3,False,0
WtfIID`GH_b?A@@__OGA@?[C?W??WG?KC?B`??KG??w_??z,[(22-23)-(20-21)-(14-15)-(12-13)-(11-19)-(10-18)-(9-17)-(8-16)-(6-7)-(4-5)-(2-3)-(0-1)],9.584426879882812e-05,0.04488062858581543,4,True,0
WtfIID`GH_b?A@@__OGA@?[C?W??WG?KC?B`??KG??w_??z,[(19-23)-(15-22)-(14-21)-(13-20)-(11-12)-(10-18)-(9-17)-(8-16)-(6-7)-(4-5)-(2-3)-(0-1)],0.0001327991485595703,0.0702660083770752,6,False,0
WtfIID`GH_b?A@@__OGA@?[C?W??WG?KC?B`??KG??w_??z,[(19-23)-(15-22)-(14-21)-(13-20)-(11-12)-(10-18)-(9-17)-(8-16)-(6-7)-(4-5)-(2-3)-(0-1)],9.655952453613281e-05,0.028139591217041016,2,True,0
WtfIID`GH_b?A@@__OGA@?[C?W??WG?KC?B`??KG??w_??z,[(21-22)-(19-23)-(14-15)-(13-20)-(11-12)-(10-18)-(9-17)-(8-16)-(6-7)-(4-5)-(2-3)-(0-1)],9.512901306152344e-05,0.02798914909362793,2,True,0
WtfIID`GH_b?A@@__OGA@?[C?W??WG?KC?B`??KG??w_??z,[(21-22)-(19-23)-(14-15)-(13-20)-(11-12)-(10-18)-(9-17)-(8-16)-(6-7)-(4-5)-(2-3)-(0-1)],9.799003601074219e-05,0.1458275318145752,22,False,0
WtfIID`GH_b?A@@__OGA@?[C?W??WG?KC?B`??KG??w_??z,[(22-23)-(19-20)-(15-21)-(13-14)-(11-12)-(10-18)-(9-17)-(8-16)-(6-7)-(4-5)-(2-3)-(0-1)],9.34600830078125e-05,0.04342222213745117,4,True,0
WtfIID`GH_b?A@@__OGA@?[C?W??WG?KC?B`??KG??w_??z,[(22-23)-(19-20)-(15-21)-(13-14)-(11-12)-(10-18)-(9-17)-(8-16)-(6-7)-(4-5)-(2-3)-(0-1)],9.703636169433594e-05,0.05418682098388672,6,True,0
WtfIID`GH_b?A@@__OGA@?[C?W??WG?KC?B`??KG??w_??z,[(21-23)-(19-20)-(15-22)-(13-14)-(11-12)-(10-18)-(9-17)-(8-16)-(6-7)-(4-5)-(2-3)-(0-1)],0.00011038780212402344,0.05556774139404297,5,True,0
WtfIID`GH_b?A@@__OGA@?[C?W??WG?KC?B`??KG??w_??z,[(21-23)-(19-20)-(15-22)-(13-14)-(11-12)-(10-18)-(9-17)-(8-16)-(6-7)-(4-5)-(2-3)-(0-1)],9.72747802734375e-05,0.03735065460205078,3,True,0
WtfIID`GH_b?A@@__OGA@?[C?W??WG?KC?B`??KG??w_??z,[(20-21)-(19-23)-(15-22)-(13-14)-(11-12)-(10-18)-(9-17)-(8-16)-(6-7)-(4-5)-(2-3)-(0-1)],9.608268737792969e-05,0.04289579391479492,4,False,0
WtfIID`GH_b?A@@__OGA@?[C?W??WG?KC?B`??KG??w_??z,[(20-21)-(19-23)-(15-22)-(13-14)-(11-12)-(10-18)-(9-17)-(8-16)-(6-7)-(4-5)-(2-3)-(0-1)],9.822845458984375e-05,0.08278751373291016,8,True,0
WtfIID`GH?a@E@B?_OGE@?[??WG?WG?KC?@`??KG??w_??^,[(22-23)-(15-21)-(14-20)-(12-13)-(11-19)-(10-18)-(9-17)-(8-16)-(6-7)-(4-5)-(2-3)-(0-1)],9.083747863769531e-05,0.04536247253417969,4,True,0
WtfIID`GH?a@E@B?_OGE@?[??WG?WG?KC?@`??KG??w_??^,[(22-23)-(15-21)-(14-20)-(12-13)-(11-19)-(10-18)-(9-17)-(8-16)-(6-7)-(4-5)-(2-3)-(0-1)],9.799003601074219e-05,0.06265640258789062,6,False,0
WtfIID`GH?a@E@B?_OGE@?[??WG?WG?KC?@`??KG??w_??^,[(21-23)-(15-22)-(14-20)-(12-13)-(11-19)-(10-18)-(9-17)-(8-16)-(6-7)-(4-5)-(2-3)-(0-1)],0.00012540817260742188,0.07288885116577148,14,False,0
WtfIID`GH?a@E@B?_OGE@?[??WG?WG?KC?@`??KG??w_??^,[(21-23)-(15-22)-(14-20)-(12-13)-(11-19)-(10-18)-(9-17)-(8-16)-(6-7)-(4-5)-(2-3)-(0-1)],9.512901306152344e-05,0.02381587028503418,2,True,0
WtfIID`GH?a@E@B?_OGE@?[??WG?WG?KC?@`??KG??w_??^,[(20-23)-(15-22)-(14-21)-(12-13)-(11-19)-(10-18)-(9-17)-(8-16)-(6-7)-(4-5)-(2-3)-(0-1)],9.822845458984375e-05,0.051557302474975586,4,False,0
WtfIID`GH?a@E@B?_OGE@?[??WG?WG?KC?@`??KG??w_??^,[(20-23)-(15-22)-(14-21)-(12-13)-(11-19)-(10-18)-(9-17)-(8-16)-(6-7)-(4-5)-(2-3)-(0-1)],9.1552734375e-05,0.06306171417236328,6,False,0
WtfIID`GH?a@E@B?_OGE@?[??WG?WG?KC?@`??KG??w_??^,[(22-23)-(20-21)-(14-15)-(12-13)-(11-19)-(10-18)-(9-17)-(8-16)-(6-7)-(4-5)-(2-3)-(0-1)],0.0001068115234375,0.02197098731994629,2,True,0
WtfIID`GH?a@E@B?_OGE@?[??WG?WG?KC?@`??KG??w_??^,[(22-23)-(20-21)-(14-15)-(12-13)-(11-19)-(10-18)-(9-17)-(8-16)-(6-7)-(4-5)-(2-3)-(0-1)],0.0001087188720703125,0.02267599105834961,1,True,0
WtfIID`GH?a@E@B?_OGE@?[??WG?WG?KC?@`??KG??w_??^,[(21-22)-(20-23)-(14-15)-(12-13)-(11-19)-(10-18)-(9-17)-(8-16)-(6-7)-(4-5)-(2-3)-(0-1)],9.369850158691406e-05,0.09093046188354492,16,False,0
WtfIID`GH?a@E@B?_OGE@?[??WG?WG?KC?@`??KG??w_??^,[(21-22)-(20-23)-(14-15)-(12-13)-(11-19)-(10-18)-(9-17)-(8-16)-(6-7)-(4-5)-(2-3)-(0-1)],9.298324584960938e-05,0.04980301856994629,5,True,0
WtfIID`GH?a@E@B?_OGE@?[??WG?WG?KC?@`??KG??w_??^,[(19-23)-(15-22)-(14-21)-(13-20)-(11-12)-(10-18)-(9-17)-(8-16)-(6-7)-(4-5)-(2-3)-(0-1)],9.5367431640625e-05,0.04574394226074219,4,True,0
WtfIID`GH?a@E@B?_OGE@?[??WG?WG?KC?@`??KG??w_??^,[(19-23)-(15-22)-(14-21)-(13-20)-(11-12)-(10-18)-(9-17)-(8-16)-(6-7)-(4-5)-(2-3)-(0-1)],0.00010275840759277344,0.062239646911621094,6,True,0
WtfIID`GH?a@E@B?_OGE@?[??WG?WG?KC?@`??KG??w_??^,[(21-22)-(19-23)-(14-15)-(13-20)-(11-12)-(10-18)-(9-17)-(8-16)-(6-7)-(4-5)-(2-3)-(0-1)],0.00011491775512695312,0.02988576889038086,2,False,0
WtfIID`GH?a@E@B?_OGE@?[??WG?WG?KC?@`??KG??w_??^,[(21-22)-(19-23)-(14-15)-(13-20)-(11-12)-(10-18)-(9-17)-(8-16)-(6-7)-(4-5)-(2-3)-(0-1)],9.489059448242188e-05,0.06519699096679688,5,False,0
WtfIID`GH?a@E@B?_OGE@?[??WG?WG?KC?@`??KG??w_??^,[(22-23)-(19-20)-(15-21)-(13-14)-(11-12)-(10-18)-(9-17)-(8-16)-(6-7)-(4-5)-(2-3)-(0-1)],9.083747863769531e-05,0.02656078338623047,2,True,0
WtfIID`GH?a@E@B?_OGE@?[??WG?WG?KC?@`??KG??w_??^,[(22-23)-(19-20)-(15-21)-(13-14)-(11-12)-(10-18)-(9-17)-(8-16)-(6-7)-(4-5)-(2-3)-(0-1)],9.655952453613281e-05,0.020207881927490234,1,True,0
WtfIID`GH?a@E@B?_OGE@?[??WG?WG?KC?@`??KG??w_??^,[(21-23)-(19-20)-(15-22)-(13-14)-(11-12)-(10-18)-(9-17)-(8-16)-(6-7)-(4-5)-(2-3)-(0-1)],0.00016164779663085938,0.037192344665527344,3,True,0
WtfIID`GH?a@E@B?_OGE@?[??WG?WG?KC?@`??KG??w_??^,[(21-23)-(19-20)-(15-22)-(13-14)-(11-12)-(10-18)-(9-17)-(8-16)-(6-7)-(4-5)-(2-3)-(0-1)],0.00010895729064941406,0.07891321182250977,14,False,0
WtfIID`GH?a@E@B?_OGE@?[??WG?WG?KC?@`??KG??w_??^,[(20-21)-(19-23)-(15-22)-(13-14)-(11-12)-(10-18)-(9-17)-(8-16)-(6-7)-(4-5)-(2-3)-(0-1)],9.465217590332031e-05,0.03359365463256836,3,True,0
WtfIID`GH?a@E@B?_OGE@?[??WG?WG?KC?@`??KG??w_??^,[(20-21)-(19-23)-(15-22)-(13-14)-(11-12)-(10-18)-(9-17)-(8-16)-(6-7)-(4-5)-(2-3)-(0-1)],9.441375732421875e-05,0.02768731117248535,2,True,0
WtfIID`GH_b@A@@__WGA@?GC?OG?wG?CK?A@??[G??p_?@l,[(22-23)-(19-20)-(14-15)-(13-21)-(11-12)-(10-18)-(9-17)-(8-16)-(6-7)-(4-5)-(2-3)-(0-1)],9.202957153320312e-05,0.07632803916931152,8,True,0
WtfIID`GH_b@A@@__WGA@?GC?OG?wG?CK?A@??[G??p_?@l,[(22-23)-(19-20)-(14-15)-(13-21)-(11-12)-(10-18)-(9-17)-(8-16)-(6-7)-(4-5)-(2-3)-(0-1)],9.72747802734375e-05,0.026479244232177734,2,True,0
WtfIID`GH_b@A@@__WGA@?GC?OG?wG?CK?A@??[G??p_?@l,[(20-22)-(19-23)-(14-15)-(13-21)-(11-12)-(10-18)-(9-17)-(8-16)-(6-7)-(4-5)-(2-3)-(0-1)],9.441375732421875e-05,0.06884193420410156,7,True,0
WtfIID`GH_b@A@@__WGA@?GC?OG?wG?CK?A@??[G??p_?@l,[(20-22)-(19-23)-(14-15)-(13-21)-(11-12)-(10-18)-(9-17)-(8-16)-(6-7)-(4-5)-(2-3)-(0-1)],9.918212890625e-05,0.02644491195678711,2,True,0
WtfIID`GH_b@A@@__WGA@?GC?OG?wG?CK?A@??[G??p_?@l,[(22-23)-(19-20)-(15-21)-(13-14)-(11-12)-(10-18)-(9-17)-(8-16)-(6-7)-(4-5)-(2-3)-(0-1)],9.512901306152344e-05,0.04577994346618652,4,False,0
WtfIID`GH_b@A@@__WGA@?GC?OG?wG?CK?A@??[G??p_?@l,[(22-23)-(19-20)-(15-21)-(13-14)-(11-12)-(10-18)-(9-17)-(8-16)-(6-7)-(4-5)-(2-3)-(0-1)],9.775161743164062e-05,0.023212432861328125,1,True,0
WtfIID`GH_b@A@@__WGA@?GC?OG?wG?CK?A@??[G??p_?@l,[(20-22)-(19-23)-(15-21)-(13-14)-(11-12)-(10-18)-(9-17)-(8-16)-(6-7)-(4-5)-(2-3)-(0-1)],9.322166442871094e-05,0.03840804100036621,3,False,0
WtfIID`GH_b@A@@__WGA@?GC?OG?wG?CK?A@??[G??p_?@l,[(20-22)-(19-23)-(15-21)-(13-14)-(11-12)-(10-18)-(9-17)-(8-16)-(6-7)-(4-5)-(2-3)-(0-1)],0.00010156631469726562,0.01911473274230957,1,True,0
WtfIID`GH_b@A@@__WGA@?GC?OG?wG?CK?A@??[G??p_?@l,[(20-21)-(19-23)-(15-22)-(13-14)-(11-12)-(10-18)-(9-17)-(8-16)-(6-7)-(4-5)-(2-3)-(0-1)],9.298324584960938e-05,0.11625146865844727,19,False,0
WtfIID`GH_b@A@@__WGA@?GC?OG?wG?CK?A@??[G??p_?@l,[(20-21)-(19-23)-(15-22)-(13-14)-(11-12)-(10-18)-(9-17)-(8-16)-(6-7)-(4-5)-(2-3)-(0-1)],0.00010848045349121094,0.08837175369262695,18,False,0
WtfIID`GH_b@A@@__WGA@?GC?OG?wG?CK?A@??[G??p_?@l,[(22-23)-(18-19)-(14-15)-(13-21)-(12-20)-(10-11)-(9-17)-(8-16)-(6-7)-(4-5)-(2-3)-(0-1)],9.250640869140625e-05,0.033821821212768555,3,True,0
WtfIID`GH_b@A@@__WGA@?GC?OG?wG?CK?A@??[G??p_?@l,[(22-23)-(18-19)-(14-15)-(13-21)-(12-20)-(10-11)-(9-17)-(8-16)-(6-7)-(4-5)-(2-3)-(0-1)],9.751319885253906e-05,0.02814173698425293,2,True,0
WtfIID`GH_b@A@@__WGA@?GC?OG?wG?CK?A@??[G??p_?@l,[(22-23)-(18-19)-(15-21)-(13-14)-(12-20)-(10-11)-(9-17)-(8-16)-(6-7)-(4-5)-(2-3)-(0-1)],9.131431579589844e-05,0.0707099437713623,7,False,0
WtfIID`GH_b@A@@__WGA@?GC?OG?wG?CK?A@??[G??p_?@l,[(22-23)-(18-19)-(15-21)-(13-14)-(12-20)-(10-11)-(9-17)-(8-16)-(6-7)-(4-5)-(2-3)-(0-1)],0.0001392364501953125,0.09011554718017578,15,False,0
WtfIID`GH_b@A@@__WGA@?GC?OG?wG?CK?A@??[G??p_?@l,[(20-23)-(18-19)-(15-22)-(14-21)-(12-13)-(10-11)-(9-17)-(8-16)-(6-7)-(4-5)-(2-3)-(0-1)],9.202957153320312e-05,0.03555488586425781,3,True,0
WtfIID`GH_b@A@@__WGA@?GC?OG?wG?CK?A@??[G??p_?@l,[(20-23)-(18-19)-(15-22)-(14-21)-(12-13)-(10-11)-(9-17)-(8-16)-(6-7)-(4-5)-(2-3)-(0-1)],0.0001049041748046875,0.07285475730895996,16,False,0
WtfIID`GH_b@A@@__WGA@?GC?OG?wG?CK?A@??[G??p_?@l,[(22-23)-(20-21)-(18-19)-(14-15)-(12-13)-(10-11)-(9-17)-(8-16)-(6-7)-(4-5)-(2-3)-(0-1)],9.322166442871094e-05,0.04562020301818848,4,False,0
WtfIID`GH_b@A@@__WGA@?GC?OG?wG?CK?A@??[G??p_?@l,[(22-23)-(20-21)-(18-19)-(14-15)-(12-13)-(10-11)-(9-17)-(8-16)-(6-7)-(4-5)-(2-3)-(0-1)],9.918212890625e-05,0.13808703422546387,20,False,0
WtfIID`GH_b@A@@__WGA@?GC?OG?wG?CK?A@??[G??p_?@l,[(21-22)-(20-23)-(18-19)-(14-15)-(12-13)-(10-11)-(9-17)-(8-16)-(6-7)-(4-5)-(2-3)-(0-1)],9.179115295410156e-05,0.062131643295288086,6,True,0
WtfIID`GH_b@A@@__WGA@?GC?OG?wG?CK?A@??[G??p_?@l,[(21-22)-(20-23)-(18-19)-(14-15)-(12-13)-(10-11)-(9-17)-(8-16)-(6-7)-(4-5)-(2-3)-(0-1)],0.00030875205993652344,0.05881166458129883,13,False,0
WtfII@`GH_b@B@?__OGE@?OC@_G?_G?aC?N@??Go?@o_?@r,[(22-23)-(19-21)-(14-15)-(11-12)-(10-20)-(9-18)-(8-17)-(7-16)-(6-13)-(4-5)-(2-3)-(0-1)],9.441375732421875e-05,0.020340442657470703,1,False,0
WtfII@`GH_b@B@?__OGE@?OC@_G?_G?aC?N@??Go?@o_?@r,[(22-23)-(19-21)-(14-15)-(11-12)-(10-20)-(9-18)-(8-17)-(7-16)-(6-13)-(4-5)-(2-3)-(0-1)],9.655952453613281e-05,0.06808948516845703,7,True,0
WtfII@`GH_b@B@?__OGE@?OC@_G?_G?aC?N@??Go?@o_?@r,[(22-23)-(19-21)-(14-15)-(12-20)-(10-11)-(9-18)-(8-17)-(7-16)-(6-13)-(4-5)-(2-3)-(0-1)],9.322166442871094e-05,0.11096334457397461,17,False,0
WtfII@`GH_b@B@?__OGE@?OC@_G?_G?aC?N@??Go?@o_?@r,[(22-23)-(19-21)-(14-15)-(12-20)-(10-11)-(9-18)-(8-17)-(7-16)-(6-13)-(4-5)-(2-3)-(0-1)],9.34600830078125e-05,0.041115760803222656,4,True,0
WtfII@`GH_b@B@?__OGE@?OC@_G?_G?aC?N@??Go?@o_?@r,[(18-23)-(15-22)-(14-21)-(11-12)-(10-20)-(9-19)-(8-17)-(7-16)-(6-13)-(4-5)-(2-3)-(0-1)],9.226799011230469e-05,0.054158687591552734,5,True,0
WtfII@`GH_b@B@?__OGE@?OC@_G?_G?aC?N@??Go?@o_?@r,[(18-23)-(15-22)-(14-21)-(11-12)-(10-20)-(9-19)-(8-17)-(7-16)-(6-13)-(4-5)-(2-3)-(0-1)],0.00011014938354492188,0.02947402000427246,2,False,0
WtfII@`GH_b@B@?__OGE@?OC@_G?_G?aC?N@??Go?@o_?@r,[(22-23)-(18-21)-(14-15)-(11-12)-(10-20)-(9-19)-(8-17)-(7-16)-(6-13)-(4-5)-(2-3)-(0-1)],9.417533874511719e-05,0.05029010772705078,4,True,0
WtfII@`GH_b@B@?__OGE@?OC@_G?_G?aC?N@??Go?@o_?@r,[(22-23)-(18-21)-(14-15)-(11-12)-(10-20)-(9-19)-(8-17)-(7-16)-(6-13)-(4-5)-(2-3)-(0-1)],0.00011658668518066406,0.034389495849609375,2,True,0
WtfII@`GH_b@B@?__OGE@?OC@_G?_G?aC?N@??Go?@o_?@r,[(21-22)-(18-23)-(14-15)-(11-12)-(10-20)-(9-19)-(8-17)-(7-16)-(6-13)-(4-5)-(2-3)-(0-1)],9.322166442871094e-05,0.031981706619262695,3,True,0
WtfII@`GH_b@B@?__OGE@?OC@_G?_G?aC?N@??Go?@o_?@r,[(21-22)-(18-23)-(14-15)-(11-12)-(10-20)-(9-19)-(8-17)-(7-16)-(6-13)-(4-5)-(2-3)-(0-1)],9.703636169433594e-05,0.02832341194152832,2,True,0
WtfII@`GH_b@B@?__OGE@?OC@_G?_G?aC?N@??Go?@o_?@r,[(18-23)-(15-22)-(14-21)-(12-20)-(10-11)-(9-19)-(8-17)-(7-16)-(6-13)-(4-5)-(2-3)-(0-1)],0.0001270771026611328,0.03432583808898926,3,True,0
WtfII@`GH_b@B@?__OGE@?OC@_G?_G?aC?N@??Go?@o_?@r,[(18-23)-(15-22)-(14-21)-(12-20)-(10-11)-(9-19)-(8-17)-(7-16)-(6-13)-(4-5)-(2-3)-(0-1)],9.989738464355469e-05,0.06031680107116699,13,False,0
WtfII@`GH_b@B@?__OGE@?OC@_G?_G?aC?N@??Go?@o_?@r,[(22-23)-(18-21)-(14-15)-(12-20)-(10-11)-(9-19)-(8-17)-(7-16)-(6-13)-(4-5)-(2-3)-(0-1)],9.393692016601562e-05,0.03369140625,4,True,0
WtfII@`GH_b@B@?__OGE@?OC@_G?_G?aC?N@??Go?@o_?@r,[(22-23)-(18-21)-(14-15)-(12-20)-(10-11)-(9-19)-(8-17)-(7-16)-(6-13)-(4-5)-(2-3)-(0-1)],0.00010061264038085938,0.03646087646484375,3,True,0
WtfII@`GH_b@B@?__OGE@?OC@_G?_G?aC?N@??Go?@o_?@r,[(21-22)-(18-23)-(14-15)-(12-20)-(10-11)-(9-19)-(8-17)-(7-16)-(6-13)-(4-5)-(2-3)-(0-1)],9.489059448242188e-05,0.05694746971130371,5,True,0
WtfII@`GH_b@B@?__OGE@?OC@_G?_G?aC?N@??Go?@o_?@r,[(21-22)-(18-23)-(14-15)-(12-20)-(10-11)-(9-19)-(8-17)-(7-16)-(6-13)-(4-5)-(2-3)-(0-1)],0.00010180473327636719,0.06086111068725586,6,True,0
WtfII@`GH_b@B@?__OGE@?OC@_G?_G?aC?N@??Go?@o_?@r,[(19-20)-(18-23)-(15-22)-(14-21)-(11-12)-(9-10)-(8-17)-(7-16)-(6-13)-(4-5)-(2-3)-(0-1)],9.179115295410156e-05,0.021647930145263672,1,True,0
WtfII@`GH_b@B@?__OGE@?OC@_G?_G?aC?N@??Go?@o_?@r,[(19-20)-(18-23)-(15-22)-(14-21)-(11-12)-(9-10)-(8-17)-(7-16)-(6-13)-(4-5)-(2-3)-(0-1)],9.489059448242188e-05,0.032798051834106445,2,False,0
WtfII@`GH_b@B@?__OGE@?OC@_G?_G?aC?N@??Go?@o_?@r,[(22-23)-(19-20)-(18-21)-(14-15)-(11-12)-(9-10)-(8-17)-(7-16)-(6-13)-(4-5)-(2-3)-(0-1)],9.34600830078125e-05,0.036954641342163086,3,True,0
WtfII@`GH_b@B@?__OGE@?OC@_G?_G?aC?N@??Go?@o_?@r,[(22-23)-(19-20)-(18-21)-(14-15)-(11-12)-(9-10)-(8-17)-(7-16)-(6-13)-(4-5)-(2-3)-(0-1)],9.72747802734375e-05,0.0845339298248291,15,False,0
WtfII@`GH_a@A@B__OWE@?OC@?G@_G?wC?E???MG??X_??|,[(21-22)-(17-23)-(14-15)-(12-20)-(10-11)-(9-19)-(8-18)-(7-16)-(6-13)-(4-5)-(2-3)-(0-1)],9.083747863769531e-05,0.07259035110473633,16,False,0
WtfII@`GH_a@A@B__OWE@?OC@?G@_G?wC?E???MG??X_??|,[(21-22)-(17-23)-(14-15)-(12-20)-(10-11)-(9-19)-(8-18)-(7-16)-(6-13)-(4-5)-(2-3)-(0-1)],0.00010251998901367188,0.021869897842407227,1,True,0
WtfII@`GH_a@A@B__OWE@?OC@?G@_G?wC?E???MG??X_??|,[(20-23)-(17-22)-(15-21)-(12-14)-(10-11)-(9-19)-(8-18)-(7-16)-(6-13)-(4-5)-(2-3)-(0-1)],9.274482727050781e-05,0.02124190330505371,1,True,0
WtfII@`GH_a@A@B__OWE@?OC@?G@_G?wC?E???MG??X_??|,[(20-23)-(17-22)-(15-21)-(12-14)-(10-11)-(9-19)-(8-18)-(7-16)-(6-13)-(4-5)-(2-3)-(0-1)],9.393692016601562e-05,0.0448455810546875,5,True,0
WtfII@`GH_a@A@B__OWE@?OC@?G@_G?wC?E???MG??X_??|,[(20-22)-(17-23)-(15-21)-(12-14)-(10-11)-(9-19)-(8-18)-(7-16)-(6-13)-(4-5)-(2-3)-(0-1)],9.393692016601562e-05,0.0343785285949707,3,False,0
WtfII@`GH_a@A@B__OWE@?OC@?G@_G?wC?E???MG??X_??|,[(20-22)-(17-23)-(15-21)-(12-14)-(10-11)-(9-19)-(8-18)-(7-16)-(6-13)-(4-5)-(2-3)-(0-1)],9.608268737792969e-05,0.08409452438354492,14,True,0
WtfII@`GH_a@A@B__OWE@?OC@?G@_G?wC?E???MG??X_??|,[(21-22)-(17-23)-(14-15)-(12-20)-(11-19)-(9-10)-(8-18)-(7-16)-(6-13)-(4-5)-(2-3)-(0-1)],0.00010395050048828125,0.037148475646972656,3,True,0
WtfII@`GH_a@A@B__OWE@?OC@?G@_G?wC?E???MG??X_??|,[(21-22)-(17-23)-(14-15)-(12-20)-(11-19)-(9-10)-(8-18)-(7-16)-(6-13)-(4-5)-(2-3)-(0-1)],0.000102996826171875,0.06466865539550781,13,False,0
WtfII@`GH_a@A@B__OWE@?OC@?G@_G?wC?E???MG??X_??|,[(20-23)-(17-22)-(15-21)-(12-14)-(11-19)-(9-10)-(8-18)-(7-16)-(6-13)-(4-5)-(2-3)-(0-1)],9.441375732421875e-05,0.020685911178588867,1,False,0
WtfII@`GH_a@A@B__OWE@?OC@?G@_G?wC?E???MG??X_??|,[(20-23)-(17-22)-(15-21)-(12-14)-(11-19)-(9-10)-(8-18)-(7-16)-(6-13)-(4-5)-(2-3)-(0-1)],9.72747802734375e-05,0.03100752830505371,3,True,0
WtfII@`GH_a@A@B__OWE@?OC@?G@_G?wC?E???MG??X_??|,[(20-22)-(17-23)-(15-21)-(12-14)-(11-19)-(9-10)-(8-18)-(7-16)-(6-13)-(4-5)-(2-3)-(0-1)],9.417533874511719e-05,0.028347015380859375,2,True,0
WtfII@`GH_a@A@B__OWE@?OC@?G@_G?wC?E???MG??X_??|,[(20-22)-(17-23)-(15-21)-(12-14)-(11-19)-(9-10)-(8-18)-(7-16)-(6-13)-(4-5)-(2-3)-(0-1)],9.942054748535156e-05,0.02768564224243164,2,True,0
WtfII@`GH_a@A@B__OWE@?OC@?G@_G?wC?E???MG??X_??|,[(19-23)-(17-22)-(15-21)-(12-14)-(11-20)-(9-10)-(8-18)-(7-16)-(6-13)-(4-5)-(2-3)-(0-1)],9.226799011230469e-05,0.04102969169616699,3,False,0
WtfII@`GH_a@A@B__OWE@?OC@?G@_G?wC?E???MG??X_??|,[(19-23)-(17-22)-(15-21)-(12-14)-(11-20)-(9-10)-(8-18)-(7-16)-(6-13)-(4-5)-(2-3)-(0-1)],0.00010061264038085938,0.05692028999328613,5,True,0
WtfII@`GH_a@A@B__OWE@?OC@?G@_G?wC?E???MG??X_??|,[(20-21)-(19-23)-(17-22)-(14-15)-(11-12)-(9-10)-(8-18)-(7-16)-(6-13)-(4-5)-(2-3)-(0-1)],0.00011396408081054688,0.0602269172668457,5,False,0
WtfII@`GH_a@A@B__OWE@?OC@?G@_G?wC?E???MG??X_??|,[(20-21)-(19-23)-(17-22)-(14-15)-(11-12)-(9-10)-(8-18)-(7-16)-(6-13)-(4-5)-(2-3)-(0-1)],9.655952453613281e-05,0.034903526306152344,3,True,0
WtfII@`GH_a@A@B__OWE@?OC@?G@_G?wC?E???MG??X_??|,[(22-23)-(17-18)-(15-21)-(12-14)-(11-20)-(10-19)-(8-9)-(7-16)-(6-13)-(4-5)-(2-3)-(0-1)],9.322166442871094e-05,0.07126951217651367,6,True,0
WtfII@`GH_a@A@B__OWE@?OC@?G@_G?wC?E???MG??X_??|,[(22-23)-(17-18)-(15-21)-(12-14)-(11-20)-(10-19)-(8-9)-(7-16)-(6-13)-(4-5)-(2-3)-(0-1)],9.632110595703125e-05,0.028616905212402344,2,False,0
WtfII@`GH_a@A@B__OWE@?OC@?G@_G?wC?E???MG??X_??|,[(18-23)-(17-22)-(15-21)-(12-14)-(11-20)-(10-19)-(8-9)-(7-16)-(6-13)-(4-5)-(2-3)-(0-1)],9.512901306152344e-05,0.047087907791137695,5,True,0
WtfII@`GH_a@A@B__OWE@?OC@?G@_G?wC?E???MG??X_??|,[(18-23)-(17-22)-(15-21)-(12-14)-(11-20)-(10-19)-(8-9)-(7-16)-(6-13)-(4-5)-(2-3)-(0-1)],9.870529174804688e-05,0.03406691551208496,3,True,0
WtfII@`GH_b@B_?__WGA@?OC?oG?oG?GC?F@??[G??q_?@x,[(19-23)-(15-22)-(14-21)-(13-20)-(10-11)-(9-18)-(8-17)-(7-16)-(6-12)-(4-5)-(2-3)-(0-1)],8.988380432128906e-05,0.06537675857543945,5,True,0
WtfII@`GH_b@B_?__WGA@?OC?oG?oG?GC?F@??[G??q_?@x,[(19-23)-(15-22)-(14-21)-(13-20)-(10-11)-(9-18)-(8-17)-(7-16)-(6-12)-(4-5)-(2-3)-(0-1)],9.822845458984375e-05,0.035861968994140625,3,True,0
WtfII@`GH_b@B_?__WGA@?OC?oG?oG?GC?F@??[G??q_?@x,[(21-22)-(19-23)-(14-15)-(13-20)-(10-11)-(9-18)-(8-17)-(7-16)-(6-12)-(4-5)-(2-3)-(0-1)],9.632110595703125e-05,0.04979300498962402,5,True,0
WtfII@`GH_b@B_?__WGA@?OC?oG?oG?GC?F@??[G??q_?@x,[(21-22)-(19-23)-(14-15)-(13-20)-(10-11)-(9-18)-(8-17)-(7-16)-(6-12)-(4-5)-(2-3)-(0-1)],9.918212890625e-05,0.04878425598144531,4,True,0
WtfII@`GH_b@B_?__WGA@?OC?oG?oG?GC?F@??[G??q_?@x,[(22-23)-(19-20)-(14-15)-(13-21)-(10-11)-(9-18)-(8-17)-(7-16)-(6-12)-(4-5)-(2-3)-(0-1)],9.274482727050781e-05,0.03132915496826172,2,True,0
WtfII@`GH_b@B_?__WGA@?OC?oG?oG?GC?F@??[G??q_?@x,[(22-23)-(19-20)-(14-15)-(13-21)-(10-11)-(9-18)-(8-17)-(7-16)-(6-12)-(4-5)-(2-3)-(0-1)],0.00011110305786132812,0.03075265884399414,2,True,0
WtfII@`GH_b@B_?__WGA@?OC?oG?oG?GC?F@??[G??q_?@x,[(22-23)-(19-20)-(15-21)-(13-14)-(10-11)-(9-18)-(8-17)-(7-16)-(6-12)-(4-5)-(2-3)-(0-1)],9.298324584960938e-05,0.05399918556213379,12,False,0
WtfII@`GH_b@B_?__WGA@?OC?oG?oG?GC?F@??[G??q_?@x,[(22-23)-(19-20)-(15-21)-(13-14)-(10-11)-(9-18)-(8-17)-(7-16)-(6-12)-(4-5)-(2-3)-(0-1)],0.00010848045349121094,0.040426015853881836,4,True,0
WtfII@`GH_b@B_?__WGA@?OC?oG?oG?GC?F@??[G??q_?@x,[(20-21)-(19-23)-(15-22)-(13-14)-(10-11)-(9-18)-(8-17)-(7-16)-(6-12)-(4-5)-(2-3)-(0-1)],9.298324584960938e-05,0.05491471290588379,5,True,0
WtfII@`GH_b@B_?__WGA@?OC?oG?oG?GC?F@??[G??q_?@x,[(20-21)-(19-23)-(15-22)-(13-14)-(10-11)-(9-18)-(8-17)-(7-16)-(6-12)-(4-5)-(2-3)-(0-1)],9.584426879882812e-05,0.08527255058288574,7,True,0
WtfII@`GH_b@B_?__WGA@?OC?oG?oG?GC?F@??[G??q_?@x,[(18-23)-(15-22)-(14-21)-(13-20)-(11-19)-(9-10)-(8-17)-(7-16)-(6-12)-(4-5)-(2-3)-(0-1)],9.417533874511719e-05,0.09473562240600586,10,True,0
WtfII@`GH_b@B_?__WGA@?OC?oG?oG?GC?F@??[G??q_?@x,[(18-23)-(15-22)-(14-21)-(13-20)-(11-19)-(9-10)-(8-17)-(7-16)-(6-12)-(4-5)-(2-3)-(0-1)],9.918212890625e-05,0.021459579467773438,1,True,0
WtfII@`GH_b@B_?__WGA@?OC?oG?oG?GC?F@??[G??q_?@x,[(21-22)-(18-23)-(14-15)-(13-20)-(11-19)-(9-10)-(8-17)-(7-16)-(6-12)-(4-5)-(2-3)-(0-1)],9.751319885253906e-05,0.08324813842773438,15,False,0
WtfII@`GH_b@B_?__WGA@?OC?oG?oG?GC?F@??[G??q_?@x,[(21-22)-(18-23)-(14-15)-(13-20)-(11-19)-(9-10)-(8-17)-(7-16)-(6-12)-(4-5)-(2-3)-(0-1)],9.417533874511719e-05,0.10534167289733887,17,False,0
WtfII@`GH_b@B_?__WGA@?OC?oG?oG?GC?F@??[G??q_?@x,[(20-21)-(18-23)-(15-22)-(13-14)-(11-19)-(9-10)-(8-17)-(7-16)-(6-12)-(4-5)-(2-3)-(0-1)],9.322166442871094e-05,0.07202959060668945,7,False,0
WtfII@`GH_b@B_?__WGA@?OC?oG?oG?GC?F@??[G??q_?@x,[(20-21)-(18-23)-(15-22)-(13-14)-(11-19)-(9-10)-(8-17)-(7-16)-(6-12)-(4-5)-(2-3)-(0-1)],9.942054748535156e-05,0.05074143409729004,4,True,0
WtfII@`GH_b@B_?__WGA@?OC?oG?oG?GC?F@??[G??q_?@x,[(22-23)-(18-19)-(14-15)-(13-21)-(11-20)-(9-10)-(8-17)-(7-16)-(6-12)-(4-5)-(2-3)-(0-1)],0.00010514259338378906,0.04082012176513672,4,True,0
WtfII@`GH_b@B_?__WGA@?OC?oG?oG?GC?F@??[G??q_?@x,[(22-23)-(18-19)-(14-15)-(13-21)-(11-20)-(9-10)-(8-17)-(7-16)-(6-12)-(4-5)-(2-3)-(0-1)],9.632110595703125e-05,0.03728914260864258,3,True,0
WtfII@`GH_b@B_?__WGA@?OC?oG?oG?GC?F@??[G??q_?@x,[(19-22)-(18-23)-(14-15)-(13-21)-(11-20)-(9-10)-(8-17)-(7-16)-(6-12)-(4-5)-(2-3)-(0-1)],9.131431579589844e-05,0.032766103744506836,2,False,0
WtfII@`GH_b@B_?__WGA@?OC?oG?oG?GC?F@??[G??q_?@x,[(19-22)-(18-23)-(14-15)-(13-21)-(11-20)-(9-10)-(8-17)-(7-16)-(6-12)-(4-5)-(2-3)-(0-1)],0.00011229515075683594,0.07941555976867676,15,False,0
WtfIID@G@?e@E@B__WGB@?GC?oG?_G?oC?M@??M???[_??^,[(21-23)-(18-22)-(14-15)-(12-13)-(11-20)-(10-19)-(9-17)-(8-16)-(6-7)-(4-5)-(2-3)-(0-1)],9.846687316894531e-05,0.04187655448913574,4,True,0
WtfIID@G@?e@E@B__WGB@?GC?oG?_G?oC?M@??M???[_??^,[(21-23)-(18-22)-(14-15)-(12-13)-(11-20)-(10-19)-(9-17)-(8-16)-(6-7)-(4-5)-(2-3)-(0-1)],0.0001068115234375,0.02580547332763672,2,True,0
WtfIID@G@?e@E@B__WGB@?GC?oG?_G?oC?M@??M???[_??^,[(21-22)-(18-23)-(14-15)-(12-13)-(11-20)-(10-19)-(9-17)-(8-16)-(6-7)-(4-5)-(2-3)-(0-1)],9.5367431640625e-05,0.036690473556518555,3,True,0
WtfIID@G@?e@E@B__WGB@?GC?oG?_G?oC?M@??M???[_??^,[(21-22)-(18-23)-(14-15)-(12-13)-(11-20)-(10-19)-(9-17)-(8-16)-(6-7)-(4-5)-(2-3)-(0-1)],9.512901306152344e-05,0.06641960144042969,6,False,0
WtfIID@G@?e@E@B__WGB@?GC?oG?_G?oC?M@??M???[_??^,[(20-23)-(18-22)-(15-21)-(13-14)-(11-12)-(10-19)-(9-17)-(8-16)-(6-7)-(4-5)-(2-3)-(0-1)],0.00010776519775390625,0.08440804481506348,8,True,0
WtfIID@G@?e@E@B__WGB@?GC?oG?_G?oC?M@??M???[_??^,[(20-23)-(18-22)-(15-21)-(13-14)-(11-12)-(10-19)-(9-17)-(8-16)-(6-7)-(4-5)-(2-3)-(0-1)],9.822845458984375e-05,0.04301643371582031,4,True,0
WtfIID@G@?e@E@B__WGB@?GC?oG?_G?oC?M@??M???[_??^,[(22-23)-(18-19)-(15-21)-(13-14)-(11-12)-(10-20)-(9-17)-(8-16)-(6-7)-(4-5)-(2-3)-(0-1)],9.5367431640625e-05,0.09868860244750977,17,False,0
WtfIID@G@?e@E@B__WGB@?GC?oG?_G?oC?M@??M???[_??^,[(22-23)-(18-19)-(15-21)-(13-14)-(11-12)-(10-20)-(9-17)-(8-16)-(6-7)-(4-5)-(2-3)-(0-1)],9.512901306152344e-05,0.0442962646484375,4,False,0
WtfIID@G@?e@E@B__WGB@?GC?oG?_G?oC?M@??M???[_??^,[(19-23)-(18-22)-(15-21)-(13-14)-(11-12)-(10-20)-(9-17)-(8-16)-(6-7)-(4-5)-(2-3)-(0-1)],9.298324584960938e-05,0.05972123146057129,6,True,0
WtfIID@G@?e@E@B__WGB@?GC?oG?_G?oC?M@??M???[_??^,[(19-23)-(18-22)-(15-21)-(13-14)-(11-12)-(10-20)-(9-17)-(8-16)-(6-7)-(4-5)-(2-3)-(0-1)],9.846687316894531e-05,0.025119781494140625,2,True,0
WtfIID@G@?e@E@B__WGB@?GC?oG?_G?oC?M@??M???[_??^,[(22-23)-(18-19)-(15-21)-(13-14)-(12-20)-(10-11)-(9-17)-(8-16)-(6-7)-(4-5)-(2-3)-(0-1)],9.465217590332031e-05,0.03556227684020996,3,True,0
WtfIID@G@?e@E@B__WGB@?GC?oG?_G?oC?M@??M???[_??^,[(22-23)-(18-19)-(15-21)-(13-14)-(12-20)-(10-11)-(9-17)-(8-16)-(6-7)-(4-5)-(2-3)-(0-1)],9.679794311523438e-05,0.08566069602966309,8,False,0
WtfIID@G@?e@E@B__WGB@?GC?oG?_G?oC?M@??M???[_??^,[(19-23)-(18-22)-(15-21)-(13-14)-(12-20)-(10-11)-(9-17)-(8-16)-(6-7)-(4-5)-(2-3)-(0-1)],0.00011157989501953125,0.028342723846435547,2,False,0
WtfIID@G@?e@E@B__WGB@?GC?oG?_G?oC?M@??M???[_??^,[(19-23)-(18-22)-(15-21)-(13-14)-(12-20)-(10-11)-(9-17)-(8-16)-(6-7)-(4-5)-(2-3)-(0-1)],9.465217590332031e-05,0.03661918640136719,3,True,0
WtfIID@G@?e@E@B__WGB@?GC?oG?_G?oC?M@??M???[_??^,[(21-22)-(20-23)-(18-19)-(14-15)-(12-13)-(10-11)-(9-17)-(8-16)-(6-7)-(4-5)-(2-3)-(0-1)],9.393692016601562e-05,0.03480839729309082,3,True,0
WtfIID@G@?e@E@B__WGB@?GC?oG?_G?oC?M@??M???[_??^,[(21-22)-(20-23)-(18-19)-(14-15)-(12-13)-(10-11)-(9-17)-(8-16)-(6-7)-(4-5)-(2-3)-(0-1)],9.846687316894531e-05,0.02638721466064453,2,False,0
WtfIID@G@?e@E@B__WGB@?GC?oG?_G?oC?M@??M???[_??^,[(21-23)-(19-20)-(18-22)-(14-15)-(12-13)-(10-11)-(9-17)-(8-16)-(6-7)-(4-5)-(2-3)-(0-1)],9.489059448242188e-05,0.021062850952148438,1,True,0
WtfIID@G@?e@E@B__WGB@?GC?oG?_G?oC?M@??M???[_??^,[(21-23)-(19-20)-(18-22)-(14-15)-(12-13)-(10-11)-(9-17)-(8-16)-(6-7)-(4-5)-(2-3)-(0-1)],9.655952453613281e-05,0.025336265563964844,2,True,0
WtfIID@G@?e@E@B__WGB@?GC?oG?_G?oC?M@??M???[_??^,[(21-22)-(19-20)-(18-23)-(14-15)-(12-13)-(10-11)-(9-17)-(8-16)-(6-7)-(4-5)-(2-3)-(0-1)],9.250640869140625e-05,0.04718303680419922,4,True,0
WtfIID@G@?e@E@B__WGB@?GC?oG?_G?oC?M@??M???[_??^,[(21-22)-(19-20)-(18-23)-(14-15)-(12-13)-(10-11)-(9-17)-(8-16)-(6-7)-(4-5)-(2-3)-(0-1)],0.00010848045349121094,0.04928135871887207,4,True,0
W|eIAD`KGo@`@@@?_OGC@?oC@oG?_w?O??M@??oW?BA_?EX,[(15-18)-(14-23)-(13-22)-(12-21)-(11-20)-(10-19)-(8-9)-(7-17)-(6-16)-(4-5)-(2-3)-(0-1)],8.869171142578125e-05,0.08138799667358398,7,False,0
W|eIAD`KGo@`@@@?_OGC@?oC@oG?_w?O??M@??oW?BA_?EX,[(15-18)-(14-23)-(13-22)-(12-21)-(11-20)-(10-19)-(8-9)-(7-17)-(6-16)-(4-5)-(2-3)-(0-1)],9.799003601074219e-05,0.037514448165893555,3,True,0
W|eIAD`KGo@`@@@?_OGC@?oC@oG?_w?O??M@??oW?BA_?EX,[(18-23)-(14-15)-(13-22)-(12-21)-(11-20)-(10-19)-(8-9)-(7-17)-(6-16)-(4-5)-(2-3)-(0-1)],9.226799011230469e-05,0.11207818984985352,12,True,0
W|eIAD`KGo@`@@@?_OGC@?oC@oG?_w?O??M@??oW?BA_?EX,[(18-23)-(14-15)-(13-22)-(12-21)-(11-20)-(10-19)-(8-9)-(7-17)-(6-16)-(4-5)-(2-3)-(0-1)],9.775161743164062e-05,0.04303455352783203,4,True,0
W|eIAD`KGo@`@@@?_OGC@?oC@oG?_w?O??M@??oW?BA_?EX,[(22-23)-(15-18)-(13-14)-(12-21)-(11-20)-(10-19)-(8-9)-(7-17)-(6-16)-(4-5)-(2-3)-(0-1)],9.274482727050781e-05,0.07148218154907227,8,True,0
W|eIAD`KGo@`@@@?_OGC@?oC@oG?_w?O??M@??oW?BA_?EX,[(22-23)-(15-18)-(13-14)-(12-21)-(11-20)-(10-19)-(8-9)-(7-17)-(6-16)-(4-5)-(2-3)-(0-1)],9.989738464355469e-05,0.03470611572265625,3,True,0
W|eIAD`KGo@`@@@?_OGC@?oC@oG?_w?O??M@??oW?BA_?EX,[(21-22)-(15-18)-(14-23)-(12-13)-(11-20)-(10-19)-(8-9)-(7-17)-(6-16)-(4-5)-(2-3)-(0-1)],0.0001392364501953125,0.0319063663482666,3,True,0
W|eIAD`KGo@`@@@?_OGC@?oC@oG?_w?O??M@??oW?BA_?EX,[(21-22)-(15-18)-(14-23)-(12-13)-(11-20)-(10-19)-(8-9)-(7-17)-(6-16)-(4-5)-(2-3)-(0-1)],0.00010466575622558594,0.04692363739013672,4,True,0
W|eIAD`KGo@`@@@?_OGC@?oC@oG?_w?O??M@??oW?BA_?EX,[(21-22)-(18-23)-(14-15)-(12-13)-(11-20)-(10-19)-(8-9)-(7-17)-(6-16)-(4-5)-(2-3)-(0-1)],9.512901306152344e-05,0.08568763732910156,10,True,0
W|eIAD`KGo@`@@@?_OGC@?oC@oG?_w?O??M@??oW?BA_?EX,[(21-22)-(18-23)-(14-15)-(12-13)-(11-20)-(10-19)-(8-9)-(7-17)-(6-16)-(4-5)-(2-3)-(0-1)],0.00010418891906738281,0.031934499740600586,3,True,0
W|eIAD`KGo@`@@@?_OGC@?oC@oG?_w?O??M@??oW?BA_?EX,[(20-21)-(15-18)-(14-23)-(13-22)-(11-12)-(10-19)-(8-9)-(7-17)-(6-16)-(4-5)-(2-3)-(0-1)],9.179115295410156e-05,0.09229874610900879,8,False,0
W|eIAD`KGo@`@@@?_OGC@?oC@oG?_w?O??M@??oW?BA_?EX,[(20-21)-(15-18)-(14-23)-(13-22)-(11-12)-(10-19)-(8-9)-(7-17)-(6-16)-(4-5)-(2-3)-(0-1)],0.00010156631469726562,0.04476475715637207,4,True,0
W|eIAD`KGo@`@@@?_OGC@?oC@oG?_w?O??M@??oW?BA_?EX,[(20-21)-(18-23)-(14-15)-(13-22)-(11-12)-(10-19)-(8-9)-(7-17)-(6-16)-(4-5)-(2-3)-(0-1)],9.655952453613281e-05,0.05157780647277832,4,False,0
W|eIAD`KGo@`@@@?_OGC@?oC@oG?_w?O??M@??oW?BA_?EX,[(20-21)-(18-23)-(14-15)-(13-22)-(11-12)-(10-19)-(8-9)-(7-17)-(6-16)-(4-5)-(2-3)-(0-1)],9.751319885253906e-05,0.031279563903808594,2,True,0
W|eIAD`KGo@`@@@?_OGC@?oC@oG?_w?O??M@??oW?BA_?EX,[(22-23)-(20-21)-(15-18)-(13-14)-(11-12)-(10-19)-(8-9)-(7-17)-(6-16)-(4-5)-(2-3)-(0-1)],9.322166442871094e-05,0.05615997314453125,5,True,0
W|eIAD`KGo@`@@@?_OGC@?oC@oG?_w?O??M@??oW?BA_?EX,[(22-23)-(20-21)-(15-18)-(13-14)-(11-12)-(10-19)-(8-9)-(7-17)-(6-16)-(4-5)-(2-3)-(0-1)],9.608268737792969e-05,0.051474571228027344,5,True,0
W|eIAD`KGo@`@@@?_OGC@?oC@oG?_w?O??M@??oW?BA_?EX,[(19-23)-(15-18)-(14-22)-(13-21)-(11-12)-(10-20)-(8-9)-(7-17)-(6-16)-(4-5)-(2-3)-(0-1)],9.417533874511719e-05,0.04644489288330078,4,True,0
W|eIAD`KGo@`@@@?_OGC@?oC@oG?_w?O??M@??oW?BA_?EX,[(19-23)-(15-18)-(14-22)-(13-21)-(11-12)-(10-20)-(8-9)-(7-17)-(6-16)-(4-5)-(2-3)-(0-1)],9.846687316894531e-05,0.058350563049316406,5,True,0
W|eIAD`KGo@`@@@?_OGC@?oC@oG?_w?O??M@??oW?BA_?EX,[(19-22)-(15-18)-(14-23)-(13-21)-(11-12)-(10-20)-(8-9)-(7-17)-(6-16)-(4-5)-(2-3)-(0-1)],9.632110595703125e-05,0.03061389923095703,2,False,0
W|eIAD`KGo@`@@@?_OGC@?oC@oG?_w?O??M@??oW?BA_?EX,[(19-22)-(15-18)-(14-23)-(13-21)-(11-12)-(10-20)-(8-9)-(7-17)-(6-16)-(4-5)-(2-3)-(0-1)],9.5367431640625e-05,0.034133195877075195,3,True,0
W|fIIC`KGo`o?o?W?CG?p?BC?EG?CG?EC?@`??KG??[_??^,[(22-23)-(15-21)-(14-20)-(13-19)-(12-18)-(11-17)-(10-16)-(8-9)-(6-7)-(4-5)-(2-3)-(0-1)],9.059906005859375e-05,0.07692551612854004,16,False,0
W|fIIC`KGo`o?o?W?CG?p?BC?EG?CG?EC?@`??KG??[_??^,[(22-23)-(15-21)-(14-20)-(13-19)-(12-18)-(11-17)-(10-16)-(8-9)-(6-7)-(4-5)-(2-3)-(0-1)],9.679794311523438e-05,0.03714895248413086,3,False,0
W|fIIC`KGo`o?o?W?CG?p?BC?EG?CG?EC?@`??KG??[_??^,[(22-23)-(20-21)-(14-15)-(13-19)-(12-18)-(11-17)-(10-16)-(8-9)-(6-7)-(4-5)-(2-3)-(0-1)],9.012222290039062e-05,0.08498978614807129,9,True,0
W|fIIC`KGo`o?o?W?CG?p?BC?EG?CG?EC?@`??KG??[_??^,[(22-23)-(20-21)-(14-15)-(13-19)-(12-18)-(11-17)-(10-16)-(8-9)-(6-7)-(4-5)-(2-3)-(0-1)],0.00011301040649414062,0.035917043685913086,2,True,0
W|fIIC`KGo`o?o?W?CG?p?BC?EG?CG?EC?@`??KG??[_??^,[(21-22)-(20-23)-(14-15)-(13-19)-(12-18)-(11-17)-(10-16)-(8-9)-(6-7)-(4-5)-(2-3)-(0-1)],9.560585021972656e-05,0.08966708183288574,17,False,0
W|fIIC`KGo`o?o?W?CG?p?BC?EG?CG?EC?@`??KG??[_??^,[(21-22)-(20-23)-(14-15)-(13-19)-(12-18)-(11-17)-(10-16)-(8-9)-(6-7)-(4-5)-(2-3)-(0-1)],9.775161743164062e-05,0.07890033721923828,16,False,0
W|fIIC`KGo`o?o?W?CG?p?BC?EG?CG?EC?@`??KG??[_??^,[(21-22)-(19-23)-(14-15)-(13-20)-(12-18)-(11-17)-(10-16)-(8-9)-(6-7)-(4-5)-(2-3)-(0-1)],9.202957153320312e-05,0.029581308364868164,2,False,0
W|fIIC`KGo`o?o?W?CG?p?BC?EG?CG?EC?@`??KG??[_??^,[(21-22)-(19-23)-(14-15)-(13-20)-(12-18)-(11-17)-(10-16)-(8-9)-(6-7)-(4-5)-(2-3)-(0-1)],9.5367431640625e-05,0.08533954620361328,7,False,0
W|fIIC`KGo`o?o?W?CG?p?BC?EG?CG?EC?@`??KG??[_??^,[(22-23)-(19-20)-(15-21)-(13-14)-(12-18)-(11-17)-(10-16)-(8-9)-(6-7)-(4-5)-(2-3)-(0-1)],9.131431579589844e-05,0.12987160682678223,20,False,0
W|fIIC`KGo`o?o?W?CG?p?BC?EG?CG?EC?@`??KG??[_??^,[(22-23)-(19-20)-(15-21)-(13-14)-(12-18)-(11-17)-(10-16)-(8-9)-(6-7)-(4-5)-(2-3)-(0-1)],9.679794311523438e-05,0.035407304763793945,3,True,0
W|fIIC`KGo`o?o?W?CG?p?BC?EG?CG?EC?@`??KG??[_??^,[(21-23)-(18-22)-(14-15)-(13-20)-(12-19)-(11-17)-(10-16)-(8-9)-(6-7)-(4-5)-(2-3)-(0-1)],9.250640869140625e-05,0.03789877891540527,3,True,0
W|fIIC`KGo`o?o?W?CG?p?BC?EG?CG?EC?@`??KG??[_??^,[(21-23)-(18-22)-(14-15)-(13-20)-(12-19)-(11-17)-(10-16)-(8-9)-(6-7)-(4-5)-(2-3)-(0-1)],0.00010418891906738281,0.041022539138793945,4,True,0
W|fIIC`KGo`o?o?W?CG?p?BC?EG?CG?EC?@`??KG??[_??^,[(21-22)-(18-23)-(14-15)-(13-20)-(12-19)-(11-17)-(10-16)-(8-9)-(6-7)-(4-5)-(2-3)-(0-1)],0.00013899803161621094,0.03721165657043457,3,True,0
W|fIIC`KGo`o?o?W?CG?p?BC?EG?CG?EC?@`??KG??[_??^,[(21-22)-(18-23)-(14-15)-(13-20)-(12-19)-(11-17)-(10-16)-(8-9)-(6-7)-(4-5)-(2-3)-(0-1)],9.393692016601562e-05,0.07801198959350586,7,True,0
W|fIIC`KGo`o?o?W?CG?p?BC?EG?CG?EC?@`??KG??[_??^,[(20-23)-(18-22)-(15-21)-(13-14)-(12-19)-(11-17)-(10-16)-(8-9)-(6-7)-(4-5)-(2-3)-(0-1)],9.465217590332031e-05,0.04439878463745117,4,False,0
W|fIIC`KGo`o?o?W?CG?p?BC?EG?CG?EC?@`??KG??[_??^,[(20-23)-(18-22)-(15-21)-(13-14)-(12-19)-(11-17)-(10-16)-(8-9)-(6-7)-(4-5)-(2-3)-(0-1)],9.655952453613281e-05,0.03765273094177246,4,True,0
W|fIIC`KGo`o?o?W?CG?p?BC?EG?CG?EC?@`??KG??[_??^,[(21-23)-(18-22)-(14-20)-(13-19)-(12-17)-(11-16)-(10-15)-(8-9)-(6-7)-(4-5)-(2-3)-(0-1)],9.465217590332031e-05,0.07533645629882812,8,True,0
W|fIIC`KGo`o?o?W?CG?p?BC?EG?CG?EC?@`??KG??[_??^,[(21-23)-(18-22)-(14-20)-(13-19)-(12-17)-(11-16)-(10-15)-(8-9)-(6-7)-(4-5)-(2-3)-(0-1)],9.679794311523438e-05,0.050608158111572266,6,True,0
W|fIIC`KGo`o?o?W?CG?p?BC?EG?CG?EC?@`??KG??[_??^,[(21-22)-(18-23)-(14-20)-(13-19)-(12-17)-(11-16)-(10-15)-(8-9)-(6-7)-(4-5)-(2-3)-(0-1)],9.417533874511719e-05,0.03686118125915527,3,True,0
W|fIIC`KGo`o?o?W?CG?p?BC?EG?CG?EC?@`??KG??[_??^,[(21-22)-(18-23)-(14-20)-(13-19)-(12-17)-(11-16)-(10-15)-(8-9)-(6-7)-(4-5)-(2-3)-(0-1)],9.441375732421875e-05,0.04189181327819824,4,True,0
W|eIID`GG_b@B@@_?WGB`?E??KG?CG?EC?@`??EG??[_??^,[(22-23)-(15-21)-(14-20)-(13-19)-(12-18)-(11-17)-(10-16)-(8-9)-(6-7)-(4-5)-(2-3)-(0-1)],9.059906005859375e-05,0.042546987533569336,5,True,0
W|eIID`GG_b@B@@_?WGB`?E??KG?CG?EC?@`??EG??[_??^,[(22-23)-(15-21)-(14-20)-(13-19)-(12-18)-(11-17)-(10-16)-(8-9)-(6-7)-(4-5)-(2-3)-(0-1)],9.489059448242188e-05,0.03660321235656738,4,True,0
W|eIID`GG_b@B@@_?WGB`?E??KG?CG?EC?@`??EG??[_??^,[(22-23)-(20-21)-(14-15)-(13-19)-(12-18)-(11-17)-(10-16)-(8-9)-(6-7)-(4-5)-(2-3)-(0-1)],9.179115295410156e-05,0.04702925682067871,4,False,0
W|eIID`GG_b@B@@_?WGB`?E??KG?CG?EC?@`??EG??[_??^,[(22-23)-(20-21)-(14-15)-(13-19)-(12-18)-(11-17)-(10-16)-(8-9)-(6-7)-(4-5)-(2-3)-(0-1)],0.00011754035949707031,0.04088020324707031,4,True,0
W|eIID`GG_b@B@@_?WGB`?E??KG?CG?EC?@`??EG??[_??^,[(21-22)-(20-23)-(14-15)-(13-19)-(12-18)-(11-17)-(10-16)-(8-9)-(6-7)-(4-5)-(2-3)-(0-1)],9.179115295410156e-05,0.03708457946777344,3,True,0
W|eIID`GG_b@B@@_?WGB`?E??KG?CG?EC?@`??EG??[_??^,[(21-22)-(20-23)-(14-15)-(13-19)-(12-18)-(11-17)-(10-16)-(8-9)-(6-7)-(4-5)-(2-3)-(0-1)],0.00011754035949707031,0.05202531814575195,6,True,0
W|eIID`GG_b@B@@_?WGB`?E??KG?CG?EC?@`??EG??[_??^,[(21-22)-(19-23)-(14-15)-(13-20)-(12-18)-(11-17)-(10-16)-(8-9)-(6-7)-(4-5)-(2-3)-(0-1)],9.655952453613281e-05,0.0808560848236084,7,True,0
W|eIID`GG_b@B@@_?WGB`?E??KG?CG?EC?@`??EG??[_??^,[(21-22)-(19-23)-(14-15)-(13-20)-(12-18)-(11-17)-(10-16)-(8-9)-(6-7)-(4-5)-(2-3)-(0-1)],9.703636169433594e-05,0.11480259895324707,17,False,0
W|eIID`GG_b@B@@_?WGB`?E??KG?CG?EC?@`??EG??[_??^,[(22-23)-(19-20)-(15-21)-(13-14)-(12-18)-(11-17)-(10-16)-(8-9)-(6-7)-(4-5)-(2-3)-(0-1)],9.298324584960938e-05,0.054589271545410156,5,True,0
W|eIID`GG_b@B@@_?WGB`?E??KG?CG?EC?@`??EG??[_??^,[(22-23)-(19-20)-(15-21)-(13-14)-(12-18)-(11-17)-(10-16)-(8-9)-(6-7)-(4-5)-(2-3)-(0-1)],0.0001049041748046875,0.05934596061706543,5,False,0
W|eIID`GG_b@B@@_?WGB`?E??KG?CG?EC?@`??EG??[_??^,[(21-23)-(18-22)-(14-15)-(13-20)-(12-19)-(11-17)-(10-16)-(8-9)-(6-7)-(4-5)-(2-3)-(0-1)],9.942054748535156e-05,0.028140544891357422,2,True,0
W|eIID`GG_b@B@@_?WGB`?E??KG?CG?EC?@`??EG??[_??^,[(21-23)-(18-22)-(14-15)-(13-20)-(12-19)-(11-17)-(10-16)-(8-9)-(6-7)-(4-5)-(2-3)-(0-1)],9.5367431640625e-05,0.03313446044921875,3,True,0
W|eIID`GG_b@B@@_?WGB`?E??KG?CG?EC?@`??EG??[_??^,[(21-22)-(18-23)-(14-15)-(13-20)-(12-19)-(11-17)-(10-16)-(8-9)-(6-7)-(4-5)-(2-3)-(0-1)],9.202957153320312e-05,0.03499865531921387,3,True,0
W|eIID`GG_b@B@@_?WGB`?E??KG?CG?EC?@`??EG??[_??^,[(21-22)-(18-23)-(14-15)-(13-20)-(12-19)-(11-17)-(10-16)-(8-9)-(6-7)-(4-5)-(2-3)-(0-1)],9.584426879882812e-05,0.03410506248474121,3,True,0
W|eIID`GG_b@B@@_?WGB`?E??KG?CG?EC?@`??EG??[_??^,[(20-23)-(18-22)-(15-21)-(13-14)-(12-19)-(11-17)-(10-16)-(8-9)-(6-7)-(4-5)-(2-3)-(0-1)],9.417533874511719e-05,0.027622461318969727,2,True,0
W|eIID`GG_b@B@@_?WGB`?E??KG?CG?EC?@`??EG??[_??^,[(20-23)-(18-22)-(15-21)-(13-14)-(12-19)-(11-17)-(10-16)-(8-9)-(6-7)-(4-5)-(2-3)-(0-1)],9.34600830078125e-05,0.04970884323120117,5,True,0
W|eIID`GG_b@B@@_?WGB`?E??KG?CG?EC?@`??EG??[_??^,[(22-23)-(17-18)-(15-21)-(14-20)-(13-19)-(11-12)-(10-16)-(8-9)-(6-7)-(4-5)-(2-3)-(0-1)],9.250640869140625e-05,0.03768181800842285,3,True,0
W|eIID`GG_b@B@@_?WGB`?E??KG?CG?EC?@`??EG??[_??^,[(22-23)-(17-18)-(15-21)-(14-20)-(13-19)-(11-12)-(10-16)-(8-9)-(6-7)-(4-5)-(2-3)-(0-1)],9.799003601074219e-05,0.019278287887573242,1,True,0
W|eIID`GG_b@B@@_?WGB`?E??KG?CG?EC?@`??EG??[_??^,[(18-23)-(17-22)-(15-21)-(14-20)-(13-19)-(11-12)-(10-16)-(8-9)-(6-7)-(4-5)-(2-3)-(0-1)],9.560585021972656e-05,0.05126953125,5,True,0
W|eIID`GG_b@B@@_?WGB`?E??KG?CG?EC?@`??EG??[_??^,[(18-23)-(17-22)-(15-21)-(14-20)-(13-19)-(11-12)-(10-16)-(8-9)-(6-7)-(4-5)-(2-3)-(0-1)],9.775161743164062e-05,0.026163578033447266,2,True,0
W|fIJ?pCGO`@@`?__WGA@?KC?WG?W??MC?@B??KG??w_??v,[(20-23)-(15-22)-(14-21)-(13-19)-(11-18)-(10-17)-(9-16)-(7-8)-(6-12)-(4-5)-(2-3)-(0-1)],9.059906005859375e-05,0.10244560241699219,17,False,0
W|fIJ?pCGO`@@`?__WGA@?KC?WG?W??MC?@B??KG??w_??v,[(20-23)-(15-22)-(14-21)-(13-19)-(11-18)-(10-17)-(9-16)-(7-8)-(6-12)-(4-5)-(2-3)-(0-1)],0.00010728836059570312,0.07949256896972656,7,False,0
W|fIJ?pCGO`@@`?__WGA@?KC?WG?W??MC?@B??KG??w_??v,[(22-23)-(20-21)-(14-15)-(13-19)-(11-18)-(10-17)-(9-16)-(7-8)-(6-12)-(4-5)-(2-3)-(0-1)],9.202957153320312e-05,0.031165361404418945,2,True,0
W|fIJ?pCGO`@@`?__WGA@?KC?WG?W??MC?@B??KG??w_??v,[(22-23)-(20-21)-(14-15)-(13-19)-(11-18)-(10-17)-(9-16)-(7-8)-(6-12)-(4-5)-(2-3)-(0-1)],9.584426879882812e-05,0.05083179473876953,5,False,0
W|fIJ?pCGO`@@`?__WGA@?KC?WG?W??MC?@B??KG??w_??v,[(21-22)-(20-23)-(14-15)-(13-19)-(11-18)-(10-17)-(9-16)-(7-8)-(6-12)-(4-5)-(2-3)-(0-1)],9.1552734375e-05,0.04826617240905762,5,True,0
W|fIJ?pCGO`@@`?__WGA@?KC?WG?W??MC?@B??KG??w_??v,[(21-22)-(20-23)-(14-15)-(13-19)-(11-18)-(10-17)-(9-16)-(7-8)-(6-12)-(4-5)-(2-3)-(0-1)],9.560585021972656e-05,0.04172205924987793,3,False,0
W|fIJ?pCGO`@@`?__WGA@?KC?WG?W??MC?@B??KG??w_??v,[(22-23)-(19-20)-(15-21)-(13-14)-(11-18)-(10-17)-(9-16)-(7-8)-(6-12)-(4-5)-(2-3)-(0-1)],9.274482727050781e-05,0.03576946258544922,3,True,0
W|fIJ?pCGO`@@`?__WGA@?KC?WG?W??MC?@B??KG??w_??v,[(22-23)-(19-20)-(15-21)-(13-14)-(11-18)-(10-17)-(9-16)-(7-8)-(6-12)-(4-5)-(2-3)-(0-1)],0.000141143798828125,0.06900548934936523,6,False,0
W|fIJ?pCGO`@@`?__WGA@?KC?WG?W??MC?@B??KG??w_??v,[(21-23)-(19-20)-(15-22)-(13-14)-(11-18)-(10-17)-(9-16)-(7-8)-(6-12)-(4-5)-(2-3)-(0-1)],9.632110595703125e-05,0.06599187850952148,6,True,0
W|fIJ?pCGO`@@`?__WGA@?KC?WG?W??MC?@B??KG??w_??v,[(21-23)-(19-20)-(15-22)-(13-14)-(11-18)-(10-17)-(9-16)-(7-8)-(6-12)-(4-5)-(2-3)-(0-1)],9.608268737792969e-05,0.0276186466217041,2,True,0
W|fIJ?pCGO`@@`?__WGA@?KC?WG?W??MC?@B??KG??w_??v,[(18-23)-(15-22)-(14-21)-(13-20)-(11-19)-(10-17)-(9-16)-(7-8)-(6-12)-(4-5)-(2-3)-(0-1)],9.131431579589844e-05,0.0274200439453125,2,False,0
W|fIJ?pCGO`@@`?__WGA@?KC?WG?W??MC?@B??KG??w_??v,[(18-23)-(15-22)-(14-21)-(13-20)-(11-19)-(10-17)-(9-16)-(7-8)-(6-12)-(4-5)-(2-3)-(0-1)],0.00010156631469726562,0.042058706283569336,3,True,0
W|fIJ?pCGO`@@`?__WGA@?KC?WG?W??MC?@B??KG??w_??v,[(21-22)-(18-23)-(14-15)-(13-20)-(11-19)-(10-17)-(9-16)-(7-8)-(6-12)-(4-5)-(2-3)-(0-1)],9.894371032714844e-05,0.030059814453125,3,True,0
W|fIJ?pCGO`@@`?__WGA@?KC?WG?W??MC?@B??KG??w_??v,[(21-22)-(18-23)-(14-15)-(13-20)-(11-19)-(10-17)-(9-16)-(7-8)-(6-12)-(4-5)-(2-3)-(0-1)],0.00010132789611816406,0.06604790687561035,7,True,0
W|fIJ?pCGO`@@`?__WGA@?KC?WG?W??MC?@B??KG??w_??v,[(22-23)-(18-20)-(15-21)-(13-14)-(11-19)-(10-17)-(9-16)-(7-8)-(6-12)-(4-5)-(2-3)-(0-1)],9.441375732421875e-05,0.03788018226623535,3,True,0
W|fIJ?pCGO`@@`?__WGA@?KC?WG?W??MC?@B??KG??w_??v,[(22-23)-(18-20)-(15-21)-(13-14)-(11-19)-(10-17)-(9-16)-(7-8)-(6-12)-(4-5)-(2-3)-(0-1)],9.799003601074219e-05,0.03302764892578125,2,False,0
W|fIJ?pCGO`@@`?__WGA@?KC?WG?W??MC?@B??KG??w_??v,[(21-23)-(18-20)-(15-22)-(13-14)-(11-19)-(10-17)-(9-16)-(7-8)-(6-12)-(4-5)-(2-3)-(0-1)],9.322166442871094e-05,0.054877519607543945,5,False,0
W|fIJ?pCGO`@@`?__WGA@?KC?WG?W??MC?@B??KG??w_??v,[(21-23)-(18-20)-(15-22)-(13-14)-(11-19)-(10-17)-(9-16)-(7-8)-(6-12)-(4-5)-(2-3)-(0-1)],9.679794311523438e-05,0.04224896430969238,4,True,0
W|fIJ?pCGO`@@`?__WGA@?KC?WG?W??MC?@B??KG??w_??v,[(20-21)-(18-23)-(15-22)-(13-14)-(11-19)-(10-17)-(9-16)-(7-8)-(6-12)-(4-5)-(2-3)-(0-1)],9.489059448242188e-05,0.16540884971618652,27,False,0
W|fIJ?pCGO`@@`?__WGA@?KC?WG?W??MC?@B??KG??w_??v,[(20-21)-(18-23)-(15-22)-(13-14)-(11-19)-(10-17)-(9-16)-(7-8)-(6-12)-(4-5)-(2-3)-(0-1)],9.34600830078125e-05,0.03147172927856445,3,True,0
WtfIID_GH_b@A@@__WGA@?WC?oG?w??CC?B`??CW??w_??z,[(22-23)-(19-21)-(14-15)-(13-20)-(11-12)-(10-18)-(9-17)-(8-16)-(6-7)-(4-5)-(2-3)-(0-1)],9.131431579589844e-05,0.04305315017700195,4,True,0
WtfIID_GH_b@A@@__WGA@?WC?oG?w??CC?B`??CW??w_??z,[(22-23)-(19-21)-(14-15)-(13-20)-(11-12)-(10-18)-(9-17)-(8-16)-(6-7)-(4-5)-(2-3)-(0-1)],9.703636169433594e-05,0.04919934272766113,5,True,0
WtfIID_GH_b@A@@__WGA@?WC?oG?w??CC?B`??CW??w_??z,[(21-22)-(19-23)-(14-15)-(13-20)-(11-12)-(10-18)-(9-17)-(8-16)-(6-7)-(4-5)-(2-3)-(0-1)],9.202957153320312e-05,0.021185874938964844,1,True,0
WtfIID_GH_b@A@@__WGA@?WC?oG?w??CC?B`??CW??w_??z,[(21-22)-(19-23)-(14-15)-(13-20)-(11-12)-(10-18)-(9-17)-(8-16)-(6-7)-(4-5)-(2-3)-(0-1)],9.322166442871094e-05,0.04688549041748047,4,False,0
WtfIID_GH_b@A@@__WGA@?WC?oG?w??CC?B`??CW??w_??z,[(22-23)-(19-20)-(15-21)-(13-14)-(11-12)-(10-18)-(9-17)-(8-16)-(6-7)-(4-5)-(2-3)-(0-1)],9.5367431640625e-05,0.02397298812866211,1,False,0
WtfIID_GH_b@A@@__WGA@?WC?oG?w??CC?B`??CW??w_??z,[(22-23)-(19-20)-(15-21)-(13-14)-(11-12)-(10-18)-(9-17)-(8-16)-(6-7)-(4-5)-(2-3)-(0-1)],0.00011730194091796875,0.05491471290588379,6,True,0
WtfIID_GH_b@A@@__WGA@?WC?oG?w??CC?B`??CW??w_??z,[(21-23)-(19-20)-(15-22)-(13-14)-(11-12)-(10-18)-(9-17)-(8-16)-(6-7)-(4-5)-(2-3)-(0-1)],9.202957153320312e-05,0.1435105800628662,21,False,0
WtfIID_GH_b@A@@__WGA@?WC?oG?w??CC?B`??CW??w_??z,[(21-23)-(19-20)-(15-22)-(13-14)-(11-12)-(10-18)-(9-17)-(8-16)-(6-7)-(4-5)-(2-3)-(0-1)],9.799003601074219e-05,0.03569769859313965,3,False,0
WtfIID_GH_b@A@@__WGA@?WC?oG?w??CC?B`??CW??w_??z,[(20-21)-(19-23)-(15-22)-(13-14)-(11-12)-(10-18)-(9-17)-(8-16)-(6-7)-(4-5)-(2-3)-(0-1)],9.441375732421875e-05,0.05393671989440918,5,False,0
WtfIID_GH_b@A@@__WGA@?WC?oG?w??CC?B`??CW??w_??z,[(20-21)-(19-23)-(15-22)-(13-14)-(11-12)-(10-18)-(9-17)-(8-16)-(6-7)-(4-5)-(2-3)-(0-1)],9.512901306152344e-05,0.05329275131225586,5,True,0
WtfIID_GH_b@A@@__WGA@?WC?oG?w??CC?B`??CW??w_??z,[(21-22)-(18-23)-(14-15)-(13-20)-(12-19)-(10-11)-(9-17)-(8-16)-(6-7)-(4-5)-(2-3)-(0-1)],9.226799011230469e-05,0.046498775482177734,4,True,0
WtfIID_GH_b@A@@__WGA@?WC?oG?w??CC?B`??CW??w_??z,[(21-22)-(18-23)-(14-15)-(13-20)-(12-19)-(10-11)-(9-17)-(8-16)-(6-7)-(4-5)-(2-3)-(0-1)],0.00010609626770019531,0.07040023803710938,6,False,0
WtfIID_GH_b@A@@__WGA@?WC?oG?w??CC?B`??CW??w_??z,[(20-21)-(18-23)-(15-22)-(13-14)-(12-19)-(10-11)-(9-17)-(8-16)-(6-7)-(4-5)-(2-3)-(0-1)],9.393692016601562e-05,0.020221471786499023,1,True,0
WtfIID_GH_b@A@@__WGA@?WC?oG?w??CC?B`??CW??w_??z,[(20-21)-(18-23)-(15-22)-(13-14)-(12-19)-(10-11)-(9-17)-(8-16)-(6-7)-(4-5)-(2-3)-(0-1)],9.775161743164062e-05,0.043637752532958984,4,True,0
WtfIID_GH_b@A@@__WGA@?WC?oG?w??CC?B`??CW??w_??z,[(22-23)-(18-19)-(15-21)-(13-14)-(12-20)-(10-11)-(9-17)-(8-16)-(6-7)-(4-5)-(2-3)-(0-1)],9.965896606445312e-05,0.023106813430786133,1,True,0
WtfIID_GH_b@A@@__WGA@?WC?oG?w??CC?B`??CW??w_??z,[(22-23)-(18-19)-(15-21)-(13-14)-(12-20)-(10-11)-(9-17)-(8-16)-(6-7)-(4-5)-(2-3)-(0-1)],9.34600830078125e-05,0.020114421844482422,1,True,0
WtfIID_GH_b@A@@__WGA@?WC?oG?w??CC?B`??CW??w_??z,[(21-23)-(18-19)-(15-22)-(13-14)-(12-20)-(10-11)-(9-17)-(8-16)-(6-7)-(4-5)-(2-3)-(0-1)],9.274482727050781e-05,0.05021214485168457,5,True,0
WtfIID_GH_b@A@@__WGA@?WC?oG?w??CC?B`??CW??w_??z,[(21-23)-(18-19)-(15-22)-(13-14)-(12-20)-(10-11)-(9-17)-(8-16)-(6-7)-(4-5)-(2-3)-(0-1)],9.584426879882812e-05,0.021695375442504883,1,True,0
WtfIID_GH_b@A@@__WGA@?WC?oG?w??CC?B`??CW??w_??z,[(19-21)-(18-23)-(15-22)-(13-14)-(12-20)-(10-11)-(9-17)-(8-16)-(6-7)-(4-5)-(2-3)-(0-1)],9.655952453613281e-05,0.07140636444091797,6,False,0
WtfIID_GH_b@A@@__WGA@?WC?oG?w??CC?B`??CW??w_??z,[(19-21)-(18-23)-(15-22)-(13-14)-(12-20)-(10-11)-(9-17)-(8-16)-(6-7)-(4-5)-(2-3)-(0-1)],9.560585021972656e-05,0.05711627006530762,6,True,0
WtfIID@GH?c@C@E?`oGE@?WC?oG?oG?WC?E@??oG??w_??^,[(22-23)-(14-15)-(13-21)-(12-20)-(11-19)-(10-18)-(9-17)-(8-16)-(6-7)-(4-5)-(2-3)-(0-1)],9.1552734375e-05,0.03432011604309082,3,True,0
WtfIID@GH?c@C@E?`oGE@?WC?oG?oG?WC?E@??oG??w_??^,[(22-23)-(14-15)-(13-21)-(12-20)-(11-19)-(10-18)-(9-17)-(8-16)-(6-7)-(4-5)-(2-3)-(0-1)],0.0001087188720703125,0.035883188247680664,3,True,0
WtfIID@GH?c@C@E?`oGE@?WC?oG?oG?WC?E@??oG??w_??^,[(21-23)-(15-22)-(13-14)-(12-20)-(11-19)-(10-18)-(9-17)-(8-16)-(6-7)-(4-5)-(2-3)-(0-1)],9.393692016601562e-05,0.05624866485595703,5,True,0
WtfIID@GH?c@C@E?`oGE@?WC?oG?oG?WC?E@??oG??w_??^,[(21-23)-(15-22)-(13-14)-(12-20)-(11-19)-(10-18)-(9-17)-(8-16)-(6-7)-(4-5)-(2-3)-(0-1)],0.00011014938354492188,0.039459228515625,3,True,0
WtfIID@GH?c@C@E?`oGE@?WC?oG?oG?WC?E@??oG??w_??^,[(20-23)-(15-22)-(13-14)-(12-21)-(11-19)-(10-18)-(9-17)-(8-16)-(6-7)-(4-5)-(2-3)-(0-1)],9.417533874511719e-05,0.042536258697509766,4,False,0
WtfIID@GH?c@C@E?`oGE@?WC?oG?oG?WC?E@??oG??w_??^,[(20-23)-(15-22)-(13-14)-(12-21)-(11-19)-(10-18)-(9-17)-(8-16)-(6-7)-(4-5)-(2-3)-(0-1)],9.751319885253906e-05,0.10269379615783691,16,False,0
WtfIID@GH?c@C@E?`oGE@?WC?oG?oG?WC?E@??oG??w_??^,[(22-23)-(20-21)-(14-15)-(12-13)-(11-19)-(10-18)-(9-17)-(8-16)-(6-7)-(4-5)-(2-3)-(0-1)],9.393692016601562e-05,0.03461766242980957,3,True,0
WtfIID@GH?c@C@E?`oGE@?WC?oG?oG?WC?E@??oG??w_??^,[(22-23)-(20-21)-(14-15)-(12-13)-(11-19)-(10-18)-(9-17)-(8-16)-(6-7)-(4-5)-(2-3)-(0-1)],9.751319885253906e-05,0.058887481689453125,6,True,0
WtfIID@GH?c@C@E?`oGE@?WC?oG?oG?WC?E@??oG??w_??^,[(21-22)-(20-23)-(14-15)-(12-13)-(11-19)-(10-18)-(9-17)-(8-16)-(6-7)-(4-5)-(2-3)-(0-1)],9.250640869140625e-05,0.06332874298095703,6,True,0
WtfIID@GH?c@C@E?`oGE@?WC?oG?oG?WC?E@??oG??w_??^,[(21-22)-(20-23)-(14-15)-(12-13)-(11-19)-(10-18)-(9-17)-(8-16)-(6-7)-(4-5)-(2-3)-(0-1)],9.751319885253906e-05,0.04560971260070801,4,True,0
WtfIID@GH?c@C@E?`oGE@?WC?oG?oG?WC?E@??oG??w_??^,[(19-23)-(15-22)-(13-14)-(12-21)-(11-20)-(10-18)-(9-17)-(8-16)-(6-7)-(4-5)-(2-3)-(0-1)],9.5367431640625e-05,0.14723944664001465,21,False,0
WtfIID@GH?c@C@E?`oGE@?WC?oG?oG?WC?E@??oG??w_??^,[(19-23)-(15-22)-(13-14)-(12-21)-(11-20)-(10-18)-(9-17)-(8-16)-(6-7)-(4-5)-(2-3)-(0-1)],9.560585021972656e-05,0.05622363090515137,5,False,0
WtfIID@GH?c@C@E?`oGE@?WC?oG?oG?WC?E@??oG??w_??^,[(21-22)-(19-23)-(14-15)-(12-13)-(11-20)-(10-18)-(9-17)-(8-16)-(6-7)-(4-5)-(2-3)-(0-1)],9.322166442871094e-05,0.054067373275756836,5,True,0
WtfIID@GH?c@C@E?`oGE@?WC?oG?oG?WC?E@??oG??w_??^,[(21-22)-(19-23)-(14-15)-(12-13)-(11-20)-(10-18)-(9-17)-(8-16)-(6-7)-(4-5)-(2-3)-(0-1)],9.679794311523438e-05,0.047651052474975586,4,True,0
WtfIID@GH?c@C@E?`oGE@?WC?oG?oG?WC?E@??oG??w_??^,[(22-23)-(19-20)-(14-15)-(13-21)-(11-12)-(10-18)-(9-17)-(8-16)-(6-7)-(4-5)-(2-3)-(0-1)],9.393692016601562e-05,0.05013251304626465,6,True,0
WtfIID@GH?c@C@E?`oGE@?WC?oG?oG?WC?E@??oG??w_??^,[(22-23)-(19-20)-(14-15)-(13-21)-(11-12)-(10-18)-(9-17)-(8-16)-(6-7)-(4-5)-(2-3)-(0-1)],0.00010013580322265625,0.08183979988098145,9,False,0
WtfIID@GH?c@C@E?`oGE@?WC?oG?oG?WC?E@??oG??w_??^,[(21-23)-(19-20)-(15-22)-(13-14)-(11-12)-(10-18)-(9-17)-(8-16)-(6-7)-(4-5)-(2-3)-(0-1)],9.632110595703125e-05,0.03782916069030762,3,True,0
WtfIID@GH?c@C@E?`oGE@?WC?oG?oG?WC?E@??oG??w_??^,[(21-23)-(19-20)-(15-22)-(13-14)-(11-12)-(10-18)-(9-17)-(8-16)-(6-7)-(4-5)-(2-3)-(0-1)],9.775161743164062e-05,0.04081916809082031,4,True,0
WtfIID@GH?c@C@E?`oGE@?WC?oG?oG?WC?E@??oG??w_??^,[(20-21)-(19-23)-(15-22)-(13-14)-(11-12)-(10-18)-(9-17)-(8-16)-(6-7)-(4-5)-(2-3)-(0-1)],9.417533874511719e-05,0.044986724853515625,5,True,0
WtfIID@GH?c@C@E?`oGE@?WC?oG?oG?WC?E@??oG??w_??^,[(20-21)-(19-23)-(15-22)-(13-14)-(11-12)-(10-18)-(9-17)-(8-16)-(6-7)-(4-5)-(2-3)-(0-1)],0.00010251998901367188,0.07019567489624023,7,True,0
WtfII@`GH_B@B`?b_WGA@?OC?oG?_G?oC??p??EG??[_??^,[(22-23)-(15-21)-(14-20)-(11-13)-(10-19)-(9-18)-(8-17)-(7-16)-(6-12)-(4-5)-(2-3)-(0-1)],9.202957153320312e-05,0.05173611640930176,5,True,0
WtfII@`GH_B@B`?b_WGA@?OC?oG?_G?oC??p??EG??[_??^,[(22-23)-(15-21)-(14-20)-(11-13)-(10-19)-(9-18)-(8-17)-(7-16)-(6-12)-(4-5)-(2-3)-(0-1)],9.799003601074219e-05,0.04906821250915527,5,True,0
WtfII@`GH_B@B`?b_WGA@?OC?oG?_G?oC??p??EG??[_??^,[(22-23)-(20-21)-(14-15)-(11-13)-(10-19)-(9-18)-(8-17)-(7-16)-(6-12)-(4-5)-(2-3)-(0-1)],9.393692016601562e-05,0.14426183700561523,21,False,0
WtfII@`GH_B@B`?b_WGA@?OC?oG?_G?oC??p??EG??[_??^,[(22-23)-(20-21)-(14-15)-(11-13)-(10-19)-(9-18)-(8-17)-(7-16)-(6-12)-(4-5)-(2-3)-(0-1)],9.846687316894531e-05,0.0320734977722168,3,True,0
WtfII@`GH_B@B`?b_WGA@?OC?oG?_G?oC??p??EG??[_??^,[(21-22)-(20-23)-(14-15)-(11-13)-(10-19)-(9-18)-(8-17)-(7-16)-(6-12)-(4-5)-(2-3)-(0-1)],9.393692016601562e-05,0.049071311950683594,4,True,0
WtfII@`GH_B@B`?b_WGA@?OC?oG?_G?oC??p??EG??[_??^,[(21-22)-(20-23)-(14-15)-(11-13)-(10-19)-(9-18)-(8-17)-(7-16)-(6-12)-(4-5)-(2-3)-(0-1)],9.72747802734375e-05,0.05693197250366211,5,True,0
WtfII@`GH_B@B`?b_WGA@?OC?oG?_G?oC??p??EG??[_??^,[(21-22)-(19-23)-(15-20)-(13-14)-(10-11)-(9-18)-(8-17)-(7-16)-(6-12)-(4-5)-(2-3)-(0-1)],9.465217590332031e-05,0.04711461067199707,4,True,0
WtfII@`GH_B@B`?b_WGA@?OC?oG?_G?oC??p??EG??[_??^,[(21-22)-(19-23)-(15-20)-(13-14)-(10-11)-(9-18)-(8-17)-(7-16)-(6-12)-(4-5)-(2-3)-(0-1)],9.751319885253906e-05,0.07202672958374023,14,False,0
WtfII@`GH_B@B`?b_WGA@?OC?oG?_G?oC??p??EG??[_??^,[(22-23)-(19-20)-(15-21)-(13-14)-(10-11)-(9-18)-(8-17)-(7-16)-(6-12)-(4-5)-(2-3)-(0-1)],9.298324584960938e-05,0.02660346031188965,2,True,0
WtfII@`GH_B@B`?b_WGA@?OC?oG?_G?oC??p??EG??[_??^,[(22-23)-(19-20)-(15-21)-(13-14)-(10-11)-(9-18)-(8-17)-(7-16)-(6-12)-(4-5)-(2-3)-(0-1)],9.703636169433594e-05,0.14380908012390137,20,False,0
WtfII@`GH_B@B`?b_WGA@?OC?oG?_G?oC??p??EG??[_??^,[(21-23)-(18-22)-(15-20)-(13-14)-(10-11)-(9-19)-(8-17)-(7-16)-(6-12)-(4-5)-(2-3)-(0-1)],0.00010466575622558594,0.07901525497436523,16,False,0
WtfII@`GH_B@B`?b_WGA@?OC?oG?_G?oC??p??EG??[_??^,[(21-23)-(18-22)-(15-20)-(13-14)-(10-11)-(9-19)-(8-17)-(7-16)-(6-12)-(4-5)-(2-3)-(0-1)],0.00010967254638671875,0.0700984001159668,6,True,0
WtfII@`GH_B@B`?b_WGA@?OC?oG?_G?oC??p??EG??[_??^,[(21-22)-(18-23)-(15-20)-(13-14)-(10-11)-(9-19)-(8-17)-(7-16)-(6-12)-(4-5)-(2-3)-(0-1)],9.512901306152344e-05,0.05066037178039551,5,True,0
WtfII@`GH_B@B`?b_WGA@?OC?oG?_G?oC??p??EG??[_??^,[(21-22)-(18-23)-(15-20)-(13-14)-(10-11)-(9-19)-(8-17)-(7-16)-(6-12)-(4-5)-(2-3)-(0-1)],9.679794311523438e-05,0.021202802658081055,1,True,0
WtfII@`GH_B@B`?b_WGA@?OC?oG?_G?oC??p??EG??[_??^,[(20-23)-(18-22)-(15-21)-(13-14)-(10-11)-(9-19)-(8-17)-(7-16)-(6-12)-(4-5)-(2-3)-(0-1)],9.34600830078125e-05,0.028211593627929688,3,True,0
WtfII@`GH_B@B`?b_WGA@?OC?oG?_G?oC??p??EG??[_??^,[(20-23)-(18-22)-(15-21)-(13-14)-(10-11)-(9-19)-(8-17)-(7-16)-(6-12)-(4-5)-(2-3)-(0-1)],9.465217590332031e-05,0.0589601993560791,5,False,0
WtfII@`GH_B@B`?b_WGA@?OC?oG?_G?oC??p??EG??[_??^,[(22-23)-(17-18)-(15-21)-(14-20)-(11-13)-(10-19)-(8-9)-(7-16)-(6-12)-(4-5)-(2-3)-(0-1)],9.441375732421875e-05,0.03633618354797363,4,True,0
WtfII@`GH_B@B`?b_WGA@?OC?oG?_G?oC??p??EG??[_??^,[(22-23)-(17-18)-(15-21)-(14-20)-(11-13)-(10-19)-(8-9)-(7-16)-(6-12)-(4-5)-(2-3)-(0-1)],9.72747802734375e-05,0.08376049995422363,7,True,0
WtfII@`GH_B@B`?b_WGA@?OC?oG?_G?oC??p??EG??[_??^,[(18-23)-(17-22)-(15-21)-(14-20)-(11-13)-(10-19)-(8-9)-(7-16)-(6-12)-(4-5)-(2-3)-(0-1)],0.00011944770812988281,0.0395662784576416,3,True,0
WtfII@`GH_B@B`?b_WGA@?OC?oG?_G?oC??p??EG??[_??^,[(18-23)-(17-22)-(15-21)-(14-20)-(11-13)-(10-19)-(8-9)-(7-16)-(6-12)-(4-5)-(2-3)-(0-1)],9.799003601074219e-05,0.13558602333068848,21,False,0
WtfIID@GH?e?E@B__WWB@?K??WG?OG?WC?CP??EG??[_??^,[(22-23)-(20-21)-(14-15)-(12-13)-(11-19)-(10-18)-(9-17)-(8-16)-(6-7)-(4-5)-(2-3)-(0-1)],0.00011563301086425781,0.03266143798828125,3,True,0
WtfIID@GH?e?E@B__WWB@?K??WG?OG?WC?CP??EG??[_??^,[(22-23)-(20-21)-(14-15)-(12-13)-(11-19)-(10-18)-(9-17)-(8-16)-(6-7)-(4-5)-(2-3)-(0-1)],9.512901306152344e-05,0.1323833465576172,20,False,0
WtfIID@GH?e?E@B__WWB@?K??WG?OG?WC?CP??EG??[_??^,[(21-22)-(20-23)-(14-15)-(12-13)-(11-19)-(10-18)-(9-17)-(8-16)-(6-7)-(4-5)-(2-3)-(0-1)],9.298324584960938e-05,0.05646538734436035,5,True,0
WtfIID@GH?e?E@B__WWB@?K??WG?OG?WC?CP??EG??[_??^,[(21-22)-(20-23)-(14-15)-(12-13)-(11-19)-(10-18)-(9-17)-(8-16)-(6-7)-(4-5)-(2-3)-(0-1)],9.512901306152344e-05,0.04412269592285156,4,True,0
WtfIID@GH?e?E@B__WWB@?K??WG?OG?WC?CP??EG??[_??^,[(21-22)-(19-23)-(14-15)-(12-13)-(11-20)-(10-18)-(9-17)-(8-16)-(6-7)-(4-5)-(2-3)-(0-1)],9.441375732421875e-05,0.03624296188354492,3,False,0
WtfIID@GH?e?E@B__WWB@?K??WG?OG?WC?CP??EG??[_??^,[(21-22)-(19-23)-(14-15)-(12-13)-(11-20)-(10-18)-(9-17)-(8-16)-(6-7)-(4-5)-(2-3)-(0-1)],9.870529174804688e-05,0.027950525283813477,2,True,0
WtfIID@GH?e?E@B__WWB@?K??WG?OG?WC?CP??EG??[_??^,[(21-22)-(19-23)-(15-20)-(13-14)-(11-12)-(10-18)-(9-17)-(8-16)-(6-7)-(4-5)-(2-3)-(0-1)],0.00010800361633300781,0.04396533966064453,5,True,0
WtfIID@GH?e?E@B__WWB@?K??WG?OG?WC?CP??EG??[_??^,[(21-22)-(19-23)-(15-20)-(13-14)-(11-12)-(10-18)-(9-17)-(8-16)-(6-7)-(4-5)-(2-3)-(0-1)],0.00012445449829101562,0.03866124153137207,3,False,0
WtfIID@GH?e?E@B__WWB@?K??WG?OG?WC?CP??EG??[_??^,[(22-23)-(19-20)-(15-21)-(13-14)-(11-12)-(10-18)-(9-17)-(8-16)-(6-7)-(4-5)-(2-3)-(0-1)],9.34600830078125e-05,0.043992042541503906,4,True,0
WtfIID@GH?e?E@B__WWB@?K??WG?OG?WC?CP??EG??[_??^,[(22-23)-(19-20)-(15-21)-(13-14)-(11-12)-(10-18)-(9-17)-(8-16)-(6-7)-(4-5)-(2-3)-(0-1)],0.00010085105895996094,0.08382487297058105,8,True,0
WtfIID@GH?e?E@B__WWB@?K??WG?OG?WC?CP??EG??[_??^,[(21-23)-(18-22)-(14-15)-(12-13)-(11-20)-(10-19)-(9-17)-(8-16)-(6-7)-(4-5)-(2-3)-(0-1)],9.012222290039062e-05,0.027379274368286133,2,True,0
WtfIID@GH?e?E@B__WWB@?K??WG?OG?WC?CP??EG??[_??^,[(21-23)-(18-22)-(14-15)-(12-13)-(11-20)-(10-19)-(9-17)-(8-16)-(6-7)-(4-5)-(2-3)-(0-1)],9.584426879882812e-05,0.043660640716552734,4,False,0
WtfIID@GH?e?E@B__WWB@?K??WG?OG?WC?CP??EG??[_??^,[(21-22)-(18-23)-(14-15)-(12-13)-(11-20)-(10-19)-(9-17)-(8-16)-(6-7)-(4-5)-(2-3)-(0-1)],9.393692016601562e-05,0.04535365104675293,5,True,0
WtfIID@GH?e?E@B__WWB@?K??WG?OG?WC?CP??EG??[_??^,[(21-22)-(18-23)-(14-15)-(12-13)-(11-20)-(10-19)-(9-17)-(8-16)-(6-7)-(4-5)-(2-3)-(0-1)],9.655952453613281e-05,0.04486417770385742,4,True,0
WtfIID@GH?e?E@B__WWB@?K??WG?OG?WC?CP??EG??[_??^,[(21-23)-(18-22)-(15-20)-(13-14)-(11-12)-(10-19)-(9-17)-(8-16)-(6-7)-(4-5)-(2-3)-(0-1)],0.00010561943054199219,0.040808916091918945,4,True,0
WtfIID@GH?e?E@B__WWB@?K??WG?OG?WC?CP??EG??[_??^,[(21-23)-(18-22)-(15-20)-(13-14)-(11-12)-(10-19)-(9-17)-(8-16)-(6-7)-(4-5)-(2-3)-(0-1)],9.655952453613281e-05,0.06173968315124512,6,True,0
WtfIID@GH?e?E@B__WWB@?K??WG?OG?WC?CP??EG??[_??^,[(21-22)-(18-23)-(15-20)-(13-14)-(11-12)-(10-19)-(9-17)-(8-16)-(6-7)-(4-5)-(2-3)-(0-1)],9.465217590332031e-05,0.023344993591308594,2,True,0
WtfIID@GH?e?E@B__WWB@?K??WG?OG?WC?CP??EG??[_??^,[(21-22)-(18-23)-(15-20)-(13-14)-(11-12)-(10-19)-(9-17)-(8-16)-(6-7)-(4-5)-(2-3)-(0-1)],9.584426879882812e-05,0.04810595512390137,4,True,0
WtfIID@GH?e?E@B__WWB@?K??WG?OG?WC?CP??EG??[_??^,[(20-23)-(18-22)-(15-21)-(13-14)-(11-12)-(10-19)-(9-17)-(8-16)-(6-7)-(4-5)-(2-3)-(0-1)],9.608268737792969e-05,0.04264211654663086,4,True,0
WtfIID@GH?e?E@B__WWB@?K??WG?OG?WC?CP??EG??[_??^,[(20-23)-(18-22)-(15-21)-(13-14)-(11-12)-(10-19)-(9-17)-(8-16)-(6-7)-(4-5)-(2-3)-(0-1)],0.0001380443572998047,0.025027036666870117,1,True,0
W|fIB?pEGW_o?`?__WGA@?KC?GG?WG?KC?B@??[G??w_??|,[(18-23)-(15-22)-(14-21)-(13-20)-(12-19)-(10-17)-(9-16)-(7-8)-(6-11)-(4-5)-(2-3)-(0-1)],8.702278137207031e-05,0.03531503677368164,3,True,0
W|fIB?pEGW_o?`?__WGA@?KC?GG?WG?KC?B@??[G??w_??|,[(18-23)-(15-22)-(14-21)-(13-20)-(12-19)-(10-17)-(9-16)-(7-8)-(6-11)-(4-5)-(2-3)-(0-1)],9.5367431640625e-05,0.05382704734802246,5,True,0
W|fIB?pEGW_o?`?__WGA@?KC?GG?WG?KC?B@??[G??w_??|,[(21-22)-(18-23)-(14-15)-(13-20)-(12-19)-(10-17)-(9-16)-(7-8)-(6-11)-(4-5)-(2-3)-(0-1)],9.34600830078125e-05,0.07806205749511719,7,True,0
W|fIB?pEGW_o?`?__WGA@?KC?GG?WG?KC?B@??[G??w_??|,[(21-22)-(18-23)-(14-15)-(13-20)-(12-19)-(10-17)-(9-16)-(7-8)-(6-11)-(4-5)-(2-3)-(0-1)],9.894371032714844e-05,0.07496523857116699,12,False,0
W|fIB?pEGW_o?`?__WGA@?KC?GG?WG?KC?B@??[G??w_??|,[(20-21)-(18-23)-(15-22)-(13-14)-(12-19)-(10-17)-(9-16)-(7-8)-(6-11)-(4-5)-(2-3)-(0-1)],9.012222290039062e-05,0.02688288688659668,2,True,0
W|fIB?pEGW_o?`?__WGA@?KC?GG?WG?KC?B@??[G??w_??|,[(20-21)-(18-23)-(15-22)-(13-14)-(12-19)-(10-17)-(9-16)-(7-8)-(6-11)-(4-5)-(2-3)-(0-1)],9.441375732421875e-05,0.02846050262451172,2,True,0
W|fIB?pEGW_o?`?__WGA@?KC?GG?WG?KC?B@??[G??w_??|,[(22-23)-(18-19)-(14-15)-(13-21)-(12-20)-(10-17)-(9-16)-(7-8)-(6-11)-(4-5)-(2-3)-(0-1)],9.655952453613281e-05,0.07919812202453613,7,True,0
W|fIB?pEGW_o?`?__WGA@?KC?GG?WG?KC?B@??[G??w_??|,[(22-23)-(18-19)-(14-15)-(13-21)-(12-20)-(10-17)-(9-16)-(7-8)-(6-11)-(4-5)-(2-3)-(0-1)],9.560585021972656e-05,0.026936054229736328,2,True,0
W|fIB?pEGW_o?`?__WGA@?KC?GG?WG?KC?B@??[G??w_??|,[(22-23)-(18-19)-(15-21)-(13-14)-(12-20)-(10-17)-(9-16)-(7-8)-(6-11)-(4-5)-(2-3)-(0-1)],9.250640869140625e-05,0.03661847114562988,3,True,0
W|fIB?pEGW_o?`?__WGA@?KC?GG?WG?KC?B@??[G??w_??|,[(22-23)-(18-19)-(15-21)-(13-14)-(12-20)-(10-17)-(9-16)-(7-8)-(6-11)-(4-5)-(2-3)-(0-1)],9.489059448242188e-05,0.05759716033935547,6,False,0
W|fIB?pEGW_o?`?__WGA@?KC?GG?WG?KC?B@??[G??w_??|,[(20-23)-(18-19)-(15-22)-(14-21)-(12-13)-(10-17)-(9-16)-(7-8)-(6-11)-(4-5)-(2-3)-(0-1)],9.131431579589844e-05,0.03408336639404297,3,True,0
W|fIB?pEGW_o?`?__WGA@?KC?GG?WG?KC?B@??[G??w_??|,[(20-23)-(18-19)-(15-22)-(14-21)-(12-13)-(10-17)-(9-16)-(7-8)-(6-11)-(4-5)-(2-3)-(0-1)],9.942054748535156e-05,0.03480386734008789,3,True,0
W|fIB?pEGW_o?`?__WGA@?KC?GG?WG?KC?B@??[G??w_??|,[(19-20)-(18-23)-(15-22)-(14-21)-(12-13)-(10-17)-(9-16)-(7-8)-(6-11)-(4-5)-(2-3)-(0-1)],9.250640869140625e-05,0.04712677001953125,4,True,0
W|fIB?pEGW_o?`?__WGA@?KC?GG?WG?KC?B@??[G??w_??|,[(19-20)-(18-23)-(15-22)-(14-21)-(12-13)-(10-17)-(9-16)-(7-8)-(6-11)-(4-5)-(2-3)-(0-1)],0.00010061264038085938,0.039252519607543945,3,False,0
W|fIB?pEGW_o?`?__WGA@?KC?GG?WG?KC?B@??[G??w_??|,[(22-23)-(20-21)-(18-19)-(14-15)-(12-13)-(10-17)-(9-16)-(7-8)-(6-11)-(4-5)-(2-3)-(0-1)],9.5367431640625e-05,0.04418039321899414,4,True,0
W|fIB?pEGW_o?`?__WGA@?KC?GG?WG?KC?B@??[G??w_??|,[(22-23)-(20-21)-(18-19)-(14-15)-(12-13)-(10-17)-(9-16)-(7-8)-(6-11)-(4-5)-(2-3)-(0-1)],9.703636169433594e-05,0.02586221694946289,2,True,0
W|fIB?pEGW_o?`?__WGA@?KC?GG?WG?KC?B@??[G??w_??|,[(21-22)-(20-23)-(18-19)-(14-15)-(12-13)-(10-17)-(9-16)-(7-8)-(6-11)-(4-5)-(2-3)-(0-1)],9.441375732421875e-05,0.031258344650268555,2,False,0
W|fIB?pEGW_o?`?__WGA@?KC?GG?WG?KC?B@??[G??w_??|,[(21-22)-(20-23)-(18-19)-(14-15)-(12-13)-(10-17)-(9-16)-(7-8)-(6-11)-(4-5)-(2-3)-(0-1)],9.393692016601562e-05,0.10059571266174316,19,False,0
W|fIB?pEGW_o?`?__WGA@?KC?GG?WG?KC?B@??[G??w_??|,[(21-22)-(19-20)-(18-23)-(14-15)-(12-13)-(10-17)-(9-16)-(7-8)-(6-11)-(4-5)-(2-3)-(0-1)],9.441375732421875e-05,0.09699654579162598,16,False,0
W|fIB?pEGW_o?`?__WGA@?KC?GG?WG?KC?B@??[G??w_??|,[(21-22)-(19-20)-(18-23)-(14-15)-(12-13)-(10-17)-(9-16)-(7-8)-(6-11)-(4-5)-(2-3)-(0-1)],9.512901306152344e-05,0.029163837432861328,2,True,0
W|eII@`KGo``@_?__WGA@?WC?WG?GG?KC?B@??[G??{???^,[(19-23)-(15-22)-(14-21)-(13-20)-(11-18)-(10-17)-(8-9)-(7-16)-(6-12)-(4-5)-(2-3)-(0-1)],9.512901306152344e-05,0.07133603096008301,7,True,0
W|eII@`KGo``@_?__WGA@?WC?WG?GG?KC?B@??[G??{???^,[(19-23)-(15-22)-(14-21)-(13-20)-(11-18)-(10-17)-(8-9)-(7-16)-(6-12)-(4-5)-(2-3)-(0-1)],0.00010323524475097656,0.03427743911743164,3,True,0
W|eII@`KGo``@_?__WGA@?WC?WG?GG?KC?B@??[G??{???^,[(22-23)-(19-20)-(14-15)-(13-21)-(11-18)-(10-17)-(8-9)-(7-16)-(6-12)-(4-5)-(2-3)-(0-1)],9.250640869140625e-05,0.01702737808227539,1,True,0
W|eII@`KGo``@_?__WGA@?WC?WG?GG?KC?B@??[G??{???^,[(22-23)-(19-20)-(14-15)-(13-21)-(11-18)-(10-17)-(8-9)-(7-16)-(6-12)-(4-5)-(2-3)-(0-1)],9.441375732421875e-05,0.08015251159667969,9,True,0
W|eII@`KGo``@_?__WGA@?WC?WG?GG?KC?B@??[G??{???^,[(22-23)-(19-20)-(15-21)-(13-14)-(11-18)-(10-17)-(8-9)-(7-16)-(6-12)-(4-5)-(2-3)-(0-1)],9.202957153320312e-05,0.053548574447631836,5,True,0
W|eII@`KGo``@_?__WGA@?WC?WG?GG?KC?B@??[G??{???^,[(22-23)-(19-20)-(15-21)-(13-14)-(11-18)-(10-17)-(8-9)-(7-16)-(6-12)-(4-5)-(2-3)-(0-1)],9.417533874511719e-05,0.038982391357421875,2,True,0
W|eII@`KGo``@_?__WGA@?WC?WG?GG?KC?B@??[G??{???^,[(21-23)-(19-20)-(15-22)-(13-14)-(11-18)-(10-17)-(8-9)-(7-16)-(6-12)-(4-5)-(2-3)-(0-1)],0.00010442733764648438,0.02586674690246582,2,True,0
W|eII@`KGo``@_?__WGA@?WC?WG?GG?KC?B@??[G??{???^,[(21-23)-(19-20)-(15-22)-(13-14)-(11-18)-(10-17)-(8-9)-(7-16)-(6-12)-(4-5)-(2-3)-(0-1)],9.942054748535156e-05,0.0782926082611084,9,True,0
W|eII@`KGo``@_?__WGA@?WC?WG?GG?KC?B@??[G??{???^,[(20-21)-(19-23)-(15-22)-(13-14)-(11-18)-(10-17)-(8-9)-(7-16)-(6-12)-(4-5)-(2-3)-(0-1)],9.608268737792969e-05,0.06334376335144043,6,True,0
W|eII@`KGo``@_?__WGA@?WC?WG?GG?KC?B@??[G??{???^,[(20-21)-(19-23)-(15-22)-(13-14)-(11-18)-(10-17)-(8-9)-(7-16)-(6-12)-(4-5)-(2-3)-(0-1)],9.822845458984375e-05,0.17470359802246094,24,False,0
W|eII@`KGo``@_?__WGA@?WC?WG?GG?KC?B@??[G??{???^,[(18-23)-(15-22)-(14-21)-(13-20)-(11-19)-(10-17)-(8-9)-(7-16)-(6-12)-(4-5)-(2-3)-(0-1)],9.059906005859375e-05,0.0632929801940918,6,True,0
W|eII@`KGo``@_?__WGA@?WC?WG?GG?KC?B@??[G??{???^,[(18-23)-(15-22)-(14-21)-(13-20)-(11-19)-(10-17)-(8-9)-(7-16)-(6-12)-(4-5)-(2-3)-(0-1)],9.632110595703125e-05,0.04542112350463867,4,False,0
W|eII@`KGo``@_?__WGA@?WC?WG?GG?KC?B@??[G??{???^,[(21-23)-(18-22)-(14-15)-(13-20)-(11-19)-(10-17)-(8-9)-(7-16)-(6-12)-(4-5)-(2-3)-(0-1)],9.226799011230469e-05,0.06638097763061523,8,True,0
W|eII@`KGo``@_?__WGA@?WC?WG?GG?KC?B@??[G??{???^,[(21-23)-(18-22)-(14-15)-(13-20)-(11-19)-(10-17)-(8-9)-(7-16)-(6-12)-(4-5)-(2-3)-(0-1)],9.942054748535156e-05,0.04625892639160156,4,False,0
W|eII@`KGo``@_?__WGA@?WC?WG?GG?KC?B@??[G??{???^,[(20-23)-(18-22)-(14-15)-(13-21)-(11-19)-(10-17)-(8-9)-(7-16)-(6-12)-(4-5)-(2-3)-(0-1)],9.1552734375e-05,0.024753808975219727,2,True,0
W|eII@`KGo``@_?__WGA@?WC?WG?GG?KC?B@??[G??{???^,[(20-23)-(18-22)-(14-15)-(13-21)-(11-19)-(10-17)-(8-9)-(7-16)-(6-12)-(4-5)-(2-3)-(0-1)],9.703636169433594e-05,0.038042545318603516,3,True,0
W|eII@`KGo``@_?__WGA@?WC?WG?GG?KC?B@??[G??{???^,[(20-23)-(18-22)-(15-21)-(13-14)-(11-19)-(10-17)-(8-9)-(7-16)-(6-12)-(4-5)-(2-3)-(0-1)],9.179115295410156e-05,0.04436326026916504,5,True,0
W|eII@`KGo``@_?__WGA@?WC?WG?GG?KC?B@??[G??{???^,[(20-23)-(18-22)-(15-21)-(13-14)-(11-19)-(10-17)-(8-9)-(7-16)-(6-12)-(4-5)-(2-3)-(0-1)],9.72747802734375e-05,0.04401826858520508,4,False,0
W|eII@`KGo``@_?__WGA@?WC?WG?GG?KC?B@??[G??{???^,[(20-21)-(18-23)-(15-22)-(13-14)-(11-19)-(10-17)-(8-9)-(7-16)-(6-12)-(4-5)-(2-3)-(0-1)],9.369850158691406e-05,0.026613712310791016,2,True,0
W|eII@`KGo``@_?__WGA@?WC?WG?GG?KC?B@??[G??{???^,[(20-21)-(18-23)-(15-22)-(13-14)-(11-19)-(10-17)-(8-9)-(7-16)-(6-12)-(4-5)-(2-3)-(0-1)],9.512901306152344e-05,0.04445505142211914,4,True,0
W|fIB?pEGW_o?`?__WGA@?GC?WG?WG?KC?B@??[G??p_?@x,[(22-23)-(15-16)-(14-21)-(13-20)-(12-19)-(10-18)-(9-17)-(7-8)-(6-11)-(4-5)-(2-3)-(0-1)],0.00011706352233886719,0.058115243911743164,5,False,0
W|fIB?pEGW_o?`?__WGA@?GC?WG?WG?KC?B@??[G??p_?@x,[(22-23)-(15-16)-(14-21)-(13-20)-(12-19)-(10-18)-(9-17)-(7-8)-(6-11)-(4-5)-(2-3)-(0-1)],9.655952453613281e-05,0.0402836799621582,4,True,0
W|fIB?pEGW_o?`?__WGA@?GC?WG?WG?KC?B@??[G??p_?@x,[(16-23)-(15-22)-(14-21)-(13-20)-(12-19)-(10-18)-(9-17)-(7-8)-(6-11)-(4-5)-(2-3)-(0-1)],9.226799011230469e-05,0.03972196578979492,3,True,0
W|fIB?pEGW_o?`?__WGA@?GC?WG?WG?KC?B@??[G??p_?@x,[(16-23)-(15-22)-(14-21)-(13-20)-(12-19)-(10-18)-(9-17)-(7-8)-(6-11)-(4-5)-(2-3)-(0-1)],9.632110595703125e-05,0.019200801849365234,1,True,0
W|fIB?pEGW_o?`?__WGA@?GC?WG?WG?KC?B@??[G??p_?@x,[(21-22)-(16-23)-(14-15)-(13-20)-(12-19)-(10-18)-(9-17)-(7-8)-(6-11)-(4-5)-(2-3)-(0-1)],9.775161743164062e-05,0.03764224052429199,3,True,0
W|fIB?pEGW_o?`?__WGA@?GC?WG?WG?KC?B@??[G??p_?@x,[(21-22)-(16-23)-(14-15)-(13-20)-(12-19)-(10-18)-(9-17)-(7-8)-(6-11)-(4-5)-(2-3)-(0-1)],9.489059448242188e-05,0.03811812400817871,3,True,0
W|fIB?pEGW_o?`?__WGA@?GC?WG?WG?KC?B@??[G??p_?@x,[(20-22)-(16-23)-(14-15)-(13-21)-(12-19)-(10-18)-(9-17)-(7-8)-(6-11)-(4-5)-(2-3)-(0-1)],9.274482727050781e-05,0.0317225456237793,3,True,0
W|fIB?pEGW_o?`?__WGA@?GC?WG?WG?KC?B@??[G??p_?@x,[(20-22)-(16-23)-(14-15)-(13-21)-(12-19)-(10-18)-(9-17)-(7-8)-(6-11)-(4-5)-(2-3)-(0-1)],9.465217590332031e-05,0.0531618595123291,5,True,0
W|fIB?pEGW_o?`?__WGA@?GC?WG?WG?KC?B@??[G??p_?@x,[(22-23)-(20-21)-(15-16)-(13-14)-(12-19)-(10-18)-(9-17)-(7-8)-(6-11)-(4-5)-(2-3)-(0-1)],9.012222290039062e-05,0.03645634651184082,3,True,0
W|fIB?pEGW_o?`?__WGA@?GC?WG?WG?KC?B@??[G??p_?@x,[(22-23)-(20-21)-(15-16)-(13-14)-(12-19)-(10-18)-(9-17)-(7-8)-(6-11)-(4-5)-(2-3)-(0-1)],9.632110595703125e-05,0.03460264205932617,3,True,0
W|fIB?pEGW_o?`?__WGA@?GC?WG?WG?KC?B@??[G??p_?@x,[(20-22)-(16-23)-(15-21)-(13-14)-(12-19)-(10-18)-(9-17)-(7-8)-(6-11)-(4-5)-(2-3)-(0-1)],9.202957153320312e-05,0.045168399810791016,4,True,0
W|fIB?pEGW_o?`?__WGA@?GC?WG?WG?KC?B@??[G??p_?@x,[(20-22)-(16-23)-(15-21)-(13-14)-(12-19)-(10-18)-(9-17)-(7-8)-(6-11)-(4-5)-(2-3)-(0-1)],9.226799011230469e-05,0.036681175231933594,3,False,0
W|fIB?pEGW_o?`?__WGA@?GC?WG?WG?KC?B@??[G??p_?@x,[(20-21)-(16-23)-(15-22)-(13-14)-(12-19)-(10-18)-(9-17)-(7-8)-(6-11)-(4-5)-(2-3)-(0-1)],9.512901306152344e-05,0.03396892547607422,3,True,0
W|fIB?pEGW_o?`?__WGA@?GC?WG?WG?KC?B@??[G??p_?@x,[(20-21)-(16-23)-(15-22)-(13-14)-(12-19)-(10-18)-(9-17)-(7-8)-(6-11)-(4-5)-(2-3)-(0-1)],0.00010919570922851562,0.042932987213134766,4,True,0
W|fIB?pEGW_o?`?__WGA@?GC?WG?WG?KC?B@??[G??p_?@x,[(19-23)-(16-22)-(14-15)-(13-21)-(12-20)-(10-18)-(9-17)-(7-8)-(6-11)-(4-5)-(2-3)-(0-1)],9.322166442871094e-05,0.05819058418273926,5,True,0
W|fIB?pEGW_o?`?__WGA@?GC?WG?WG?KC?B@??[G??p_?@x,[(19-23)-(16-22)-(14-15)-(13-21)-(12-20)-(10-18)-(9-17)-(7-8)-(6-11)-(4-5)-(2-3)-(0-1)],9.679794311523438e-05,0.08962368965148926,17,False,0
W|fIB?pEGW_o?`?__WGA@?GC?WG?WG?KC?B@??[G??p_?@x,[(21-22)-(19-23)-(15-16)-(13-14)-(12-20)-(10-18)-(9-17)-(7-8)-(6-11)-(4-5)-(2-3)-(0-1)],0.00013947486877441406,0.03512144088745117,3,False,0
W|fIB?pEGW_o?`?__WGA@?GC?WG?WG?KC?B@??[G??p_?@x,[(21-22)-(19-23)-(15-16)-(13-14)-(12-20)-(10-18)-(9-17)-(7-8)-(6-11)-(4-5)-(2-3)-(0-1)],9.799003601074219e-05,0.05201077461242676,5,True,0
W|fIB?pEGW_o?`?__WGA@?GC?WG?WG?KC?B@??[G??p_?@x,[(19-23)-(16-22)-(15-21)-(13-14)-(12-20)-(10-18)-(9-17)-(7-8)-(6-11)-(4-5)-(2-3)-(0-1)],9.322166442871094e-05,0.033055782318115234,3,True,0
W|fIB?pEGW_o?`?__WGA@?GC?WG?WG?KC?B@??[G??p_?@x,[(19-23)-(16-22)-(15-21)-(13-14)-(12-20)-(10-18)-(9-17)-(7-8)-(6-11)-(4-5)-(2-3)-(0-1)],9.703636169433594e-05,0.05144977569580078,5,True,0
WtfIID_GH_b@B@?__WGA@?WC?oG?_G?OC?F@??WW??e_?Bp,[(18-23)-(15-22)-(14-21)-(12-13)-(11-20)-(10-19)-(9-17)-(8-16)-(6-7)-(4-5)-(2-3)-(0-1)],9.34600830078125e-05,0.025531768798828125,2,True,0
WtfIID_GH_b@B@?__WGA@?WC?oG?_G?OC?F@??WW??e_?Bp,[(18-23)-(15-22)-(14-21)-(12-13)-(11-20)-(10-19)-(9-17)-(8-16)-(6-7)-(4-5)-(2-3)-(0-1)],9.989738464355469e-05,0.048467397689819336,5,True,0
WtfIID_GH_b@B@?__WGA@?WC?oG?_G?OC?F@??WW??e_?Bp,[(18-22)-(15-23)-(14-21)-(12-13)-(11-20)-(10-19)-(9-17)-(8-16)-(6-7)-(4-5)-(2-3)-(0-1)],0.00011706352233886719,0.041046142578125,4,True,0
WtfIID_GH_b@B@?__WGA@?WC?oG?_G?OC?F@??WW??e_?Bp,[(18-22)-(15-23)-(14-21)-(12-13)-(11-20)-(10-19)-(9-17)-(8-16)-(6-7)-(4-5)-(2-3)-(0-1)],0.00011706352233886719,0.03601217269897461,3,True,0
WtfIID_GH_b@B@?__WGA@?WC?oG?_G?OC?F@??WW??e_?Bp,[(21-22)-(18-23)-(14-15)-(12-13)-(11-20)-(10-19)-(9-17)-(8-16)-(6-7)-(4-5)-(2-3)-(0-1)],9.608268737792969e-05,0.026880502700805664,2,True,0
WtfIID_GH_b@B@?__WGA@?WC?oG?_G?OC?F@??WW??e_?Bp,[(21-22)-(18-23)-(14-15)-(12-13)-(11-20)-(10-19)-(9-17)-(8-16)-(6-7)-(4-5)-(2-3)-(0-1)],9.72747802734375e-05,0.07683563232421875,15,False,0
WtfIID_GH_b@B@?__WGA@?WC?oG?_G?OC?F@??WW??e_?Bp,[(18-23)-(15-22)-(14-21)-(13-20)-(11-12)-(10-19)-(9-17)-(8-16)-(6-7)-(4-5)-(2-3)-(0-1)],0.00010728836059570312,0.03629708290100098,3,True,0
WtfIID_GH_b@B@?__WGA@?WC?oG?_G?OC?F@??WW??e_?Bp,[(18-23)-(15-22)-(14-21)-(13-20)-(11-12)-(10-19)-(9-17)-(8-16)-(6-7)-(4-5)-(2-3)-(0-1)],0.00010585784912109375,0.05994892120361328,5,False,0
WtfIID_GH_b@B@?__WGA@?WC?oG?_G?OC?F@??WW??e_?Bp,[(18-22)-(15-23)-(14-21)-(13-20)-(11-12)-(10-19)-(9-17)-(8-16)-(6-7)-(4-5)-(2-3)-(0-1)],9.179115295410156e-05,0.05816221237182617,5,True,0
WtfIID_GH_b@B@?__WGA@?WC?oG?_G?OC?F@??WW??e_?Bp,[(18-22)-(15-23)-(14-21)-(13-20)-(11-12)-(10-19)-(9-17)-(8-16)-(6-7)-(4-5)-(2-3)-(0-1)],9.608268737792969e-05,0.05679583549499512,5,False,0
WtfIID_GH_b@B@?__WGA@?WC?oG?_G?OC?F@??WW??e_?Bp,[(21-22)-(18-23)-(14-15)-(13-20)-(11-12)-(10-19)-(9-17)-(8-16)-(6-7)-(4-5)-(2-3)-(0-1)],9.250640869140625e-05,0.09925460815429688,17,False,0
WtfIID_GH_b@B@?__WGA@?WC?oG?_G?OC?F@??WW??e_?Bp,[(21-22)-(18-23)-(14-15)-(13-20)-(11-12)-(10-19)-(9-17)-(8-16)-(6-7)-(4-5)-(2-3)-(0-1)],9.679794311523438e-05,0.052556514739990234,5,True,0
WtfIID_GH_b@B@?__WGA@?WC?oG?_G?OC?F@??WW??e_?Bp,[(20-21)-(18-23)-(15-22)-(13-14)-(11-12)-(10-19)-(9-17)-(8-16)-(6-7)-(4-5)-(2-3)-(0-1)],9.369850158691406e-05,0.029677152633666992,2,True,0
WtfIID_GH_b@B@?__WGA@?WC?oG?_G?OC?F@??WW??e_?Bp,[(20-21)-(18-23)-(15-22)-(13-14)-(11-12)-(10-19)-(9-17)-(8-16)-(6-7)-(4-5)-(2-3)-(0-1)],9.369850158691406e-05,0.03515052795410156,3,True,0
WtfIID_GH_b@B@?__WGA@?WC?oG?_G?OC?F@??WW??e_?Bp,[(20-21)-(18-22)-(15-23)-(13-14)-(11-12)-(10-19)-(9-17)-(8-16)-(6-7)-(4-5)-(2-3)-(0-1)],9.489059448242188e-05,0.057923078536987305,5,True,0
WtfIID_GH_b@B@?__WGA@?WC?oG?_G?OC?F@??WW??e_?Bp,[(20-21)-(18-22)-(15-23)-(13-14)-(11-12)-(10-19)-(9-17)-(8-16)-(6-7)-(4-5)-(2-3)-(0-1)],9.703636169433594e-05,0.04243302345275879,4,True,0
WtfIID_GH_b@B@?__WGA@?WC?oG?_G?OC?F@??WW??e_?Bp,[(22-23)-(18-19)-(14-15)-(13-21)-(12-20)-(10-11)-(9-17)-(8-16)-(6-7)-(4-5)-(2-3)-(0-1)],9.298324584960938e-05,0.033017635345458984,3,True,0
WtfIID_GH_b@B@?__WGA@?WC?oG?_G?OC?F@??WW??e_?Bp,[(22-23)-(18-19)-(14-15)-(13-21)-(12-20)-(10-11)-(9-17)-(8-16)-(6-7)-(4-5)-(2-3)-(0-1)],0.0001125335693359375,0.027991771697998047,2,True,0
WtfIID_GH_b@B@?__WGA@?WC?oG?_G?OC?F@??WW??e_?Bp,[(19-22)-(18-23)-(14-15)-(13-21)-(12-20)-(10-11)-(9-17)-(8-16)-(6-7)-(4-5)-(2-3)-(0-1)],9.441375732421875e-05,0.06213235855102539,5,False,0
WtfIID_GH_b@B@?__WGA@?WC?oG?_G?OC?F@??WW??e_?Bp,[(19-22)-(18-23)-(14-15)-(13-21)-(12-20)-(10-11)-(9-17)-(8-16)-(6-7)-(4-5)-(2-3)-(0-1)],9.655952453613281e-05,0.05981779098510742,4,False,0
WtfIID`G@_b@B@?__WGB??KC?OG?_G?]C?@a??KG??w_??v,[(18-23)-(15-22)-(14-21)-(13-20)-(11-12)-(10-19)-(9-17)-(8-16)-(6-7)-(4-5)-(2-3)-(0-1)],0.00010275840759277344,0.07306480407714844,8,True,0
WtfIID`G@_b@B@?__WGB??KC?OG?_G?]C?@a??KG??w_??v,[(18-23)-(15-22)-(14-21)-(13-20)-(11-12)-(10-19)-(9-17)-(8-16)-(6-7)-(4-5)-(2-3)-(0-1)],0.00010085105895996094,0.03669595718383789,3,True,0
WtfIID`G@_b@B@?__WGB??KC?OG?_G?]C?@a??KG??w_??v,[(22-23)-(18-20)-(15-21)-(13-14)-(11-12)-(10-19)-(9-17)-(8-16)-(6-7)-(4-5)-(2-3)-(0-1)],9.274482727050781e-05,0.06443381309509277,6,True,0
WtfIID`G@_b@B@?__WGB??KC?OG?_G?]C?@a??KG??w_??v,[(22-23)-(18-20)-(15-21)-(13-14)-(11-12)-(10-19)-(9-17)-(8-16)-(6-7)-(4-5)-(2-3)-(0-1)],9.655952453613281e-05,0.045523643493652344,4,False,0
WtfIID`G@_b@B@?__WGB??KC?OG?_G?]C?@a??KG??w_??v,[(21-23)-(18-20)-(15-22)-(13-14)-(11-12)-(10-19)-(9-17)-(8-16)-(6-7)-(4-5)-(2-3)-(0-1)],9.393692016601562e-05,0.05116701126098633,6,False,0
WtfIID`G@_b@B@?__WGB??KC?OG?_G?]C?@a??KG??w_??v,[(21-23)-(18-20)-(15-22)-(13-14)-(11-12)-(10-19)-(9-17)-(8-16)-(6-7)-(4-5)-(2-3)-(0-1)],0.000110626220703125,0.0733497142791748,8,True,0
WtfIID`G@_b@B@?__WGB??KC?OG?_G?]C?@a??KG??w_??v,[(20-21)-(18-23)-(15-22)-(13-14)-(11-12)-(10-19)-(9-17)-(8-16)-(6-7)-(4-5)-(2-3)-(0-1)],0.00015211105346679688,0.026990652084350586,2,True,0
WtfIID`G@_b@B@?__WGB??KC?OG?_G?]C?@a??KG??w_??v,[(20-21)-(18-23)-(15-22)-(13-14)-(11-12)-(10-19)-(9-17)-(8-16)-(6-7)-(4-5)-(2-3)-(0-1)],9.655952453613281e-05,0.0506443977355957,5,True,0
WtfIID`G@_b@B@?__WGB??KC?OG?_G?]C?@a??KG??w_??v,[(18-23)-(15-22)-(14-21)-(13-20)-(12-19)-(10-11)-(9-17)-(8-16)-(6-7)-(4-5)-(2-3)-(0-1)],9.226799011230469e-05,0.03257131576538086,3,True,0
WtfIID`G@_b@B@?__WGB??KC?OG?_G?]C?@a??KG??w_??v,[(18-23)-(15-22)-(14-21)-(13-20)-(12-19)-(10-11)-(9-17)-(8-16)-(6-7)-(4-5)-(2-3)-(0-1)],0.00010418891906738281,0.0895545482635498,9,True,0
WtfIID`G@_b@B@?__WGB??KC?OG?_G?]C?@a??KG??w_??v,[(22-23)-(18-20)-(15-21)-(13-14)-(12-19)-(10-11)-(9-17)-(8-16)-(6-7)-(4-5)-(2-3)-(0-1)],0.00010895729064941406,0.04705643653869629,4,True,0
WtfIID`G@_b@B@?__WGB??KC?OG?_G?]C?@a??KG??w_??v,[(22-23)-(18-20)-(15-21)-(13-14)-(12-19)-(10-11)-(9-17)-(8-16)-(6-7)-(4-5)-(2-3)-(0-1)],9.655952453613281e-05,0.020100831985473633,1,False,0
WtfIID`G@_b@B@?__WGB??KC?OG?_G?]C?@a??KG??w_??v,[(21-23)-(18-20)-(15-22)-(13-14)-(12-19)-(10-11)-(9-17)-(8-16)-(6-7)-(4-5)-(2-3)-(0-1)],9.512901306152344e-05,0.025404691696166992,2,True,0
WtfIID`G@_b@B@?__WGB??KC?OG?_G?]C?@a??KG??w_??v,[(21-23)-(18-20)-(15-22)-(13-14)-(12-19)-(10-11)-(9-17)-(8-16)-(6-7)-(4-5)-(2-3)-(0-1)],9.799003601074219e-05,0.02357339859008789,1,False,0
WtfIID`G@_b@B@?__WGB??KC?OG?_G?]C?@a??KG??w_??v,[(20-21)-(18-23)-(15-22)-(13-14)-(12-19)-(10-11)-(9-17)-(8-16)-(6-7)-(4-5)-(2-3)-(0-1)],9.226799011230469e-05,0.05182480812072754,6,True,0
WtfIID`G@_b@B@?__WGB??KC?OG?_G?]C?@a??KG??w_??v,[(20-21)-(18-23)-(15-22)-(13-14)-(12-19)-(10-11)-(9-17)-(8-16)-(6-7)-(4-5)-(2-3)-(0-1)],9.846687316894531e-05,0.04225325584411621,3,False,0
WtfIID`G@_b@B@?__WGB??KC?OG?_G?]C?@a??KG??w_??v,[(22-23)-(18-19)-(15-21)-(14-20)-(12-13)-(10-11)-(9-17)-(8-16)-(6-7)-(4-5)-(2-3)-(0-1)],0.0001327991485595703,0.0676584243774414,6,True,0
WtfIID`G@_b@B@?__WGB??KC?OG?_G?]C?@a??KG??w_??v,[(22-23)-(18-19)-(15-21)-(14-20)-(12-13)-(10-11)-(9-17)-(8-16)-(6-7)-(4-5)-(2-3)-(0-1)],0.0001010894775390625,0.12686944007873535,19,False,0
WtfIID`G@_b@B@?__WGB??KC?OG?_G?]C?@a??KG??w_??v,[(21-23)-(18-19)-(15-22)-(14-20)-(12-13)-(10-11)-(9-17)-(8-16)-(6-7)-(4-5)-(2-3)-(0-1)],9.393692016601562e-05,0.0749216079711914,8,True,0
WtfIID`G@_b@B@?__WGB??KC?OG?_G?]C?@a??KG??w_??v,[(21-23)-(18-19)-(15-22)-(14-20)-(12-13)-(10-11)-(9-17)-(8-16)-(6-7)-(4-5)-(2-3)-(0-1)],0.00011086463928222656,0.0567471981048584,5,True,0
W|eIID@GH_b@B@@_?WGB??KC?OG?[G?EC?@`??KG??w_??n,[(22-23)-(15-21)-(14-20)-(13-19)-(11-12)-(10-18)-(9-17)-(8-16)-(6-7)-(4-5)-(2-3)-(0-1)],9.036064147949219e-05,0.03805065155029297,3,False,0
W|eIID@GH_b@B@@_?WGB??KC?OG?[G?EC?@`??KG??w_??n,[(22-23)-(15-21)-(14-20)-(13-19)-(11-12)-(10-18)-(9-17)-(8-16)-(6-7)-(4-5)-(2-3)-(0-1)],9.822845458984375e-05,0.03684496879577637,3,True,0
W|eIID@GH_b@B@@_?WGB??KC?OG?[G?EC?@`??KG??w_??n,[(21-23)-(15-22)-(14-20)-(13-19)-(11-12)-(10-18)-(9-17)-(8-16)-(6-7)-(4-5)-(2-3)-(0-1)],0.0001251697540283203,0.01841282844543457,1,True,0
W|eIID@GH_b@B@@_?WGB??KC?OG?[G?EC?@`??KG??w_??n,[(21-23)-(15-22)-(14-20)-(13-19)-(11-12)-(10-18)-(9-17)-(8-16)-(6-7)-(4-5)-(2-3)-(0-1)],9.512901306152344e-05,0.05474972724914551,6,True,0
W|eIID@GH_b@B@@_?WGB??KC?OG?[G?EC?@`??KG??w_??n,[(20-23)-(15-22)-(14-21)-(13-19)-(11-12)-(10-18)-(9-17)-(8-16)-(6-7)-(4-5)-(2-3)-(0-1)],9.894371032714844e-05,0.08261561393737793,10,True,0
W|eIID@GH_b@B@@_?WGB??KC?OG?[G?EC?@`??KG??w_??n,[(20-23)-(15-22)-(14-21)-(13-19)-(11-12)-(10-18)-(9-17)-(8-16)-(6-7)-(4-5)-(2-3)-(0-1)],0.000110626220703125,0.03418469429016113,3,True,0
W|eIID@GH_b@B@@_?WGB??KC?OG?[G?EC?@`??KG??w_??n,[(19-23)-(15-22)-(14-21)-(13-20)-(11-12)-(10-18)-(9-17)-(8-16)-(6-7)-(4-5)-(2-3)-(0-1)],9.465217590332031e-05,0.06409168243408203,6,True,0
W|eIID@GH_b@B@@_?WGB??KC?OG?[G?EC?@`??KG??w_??n,[(19-23)-(15-22)-(14-21)-(13-20)-(11-12)-(10-18)-(9-17)-(8-16)-(6-7)-(4-5)-(2-3)-(0-1)],9.632110595703125e-05,0.029871225357055664,2,False,0
W|eIID@GH_b@B@@_?WGB??KC?OG?[G?EC?@`??KG??w_??n,[(22-23)-(19-20)-(15-21)-(13-14)-(11-12)-(10-18)-(9-17)-(8-16)-(6-7)-(4-5)-(2-3)-(0-1)],0.00010466575622558594,0.042877912521362305,4,True,0
W|eIID@GH_b@B@@_?WGB??KC?OG?[G?EC?@`??KG??w_??n,[(22-23)-(19-20)-(15-21)-(13-14)-(11-12)-(10-18)-(9-17)-(8-16)-(6-7)-(4-5)-(2-3)-(0-1)],9.846687316894531e-05,0.07963943481445312,14,False,0
W|eIID@GH_b@B@@_?WGB??KC?OG?[G?EC?@`??KG??w_??n,[(21-23)-(19-20)-(15-22)-(13-14)-(11-12)-(10-18)-(9-17)-(8-16)-(6-7)-(4-5)-(2-3)-(0-1)],9.059906005859375e-05,0.02987837791442871,2,True,0
W|eIID@GH_b@B@@_?WGB??KC?OG?[G?EC?@`??KG??w_??n,[(21-23)-(19-20)-(15-22)-(13-14)-(11-12)-(10-18)-(9-17)-(8-16)-(6-7)-(4-5)-(2-3)-(0-1)],9.751319885253906e-05,0.020355701446533203,1,True,0
W|eIID@GH_b@B@@_?WGB??KC?OG?[G?EC?@`??KG??w_??n,[(20-21)-(19-23)-(15-22)-(13-14)-(11-12)-(10-18)-(9-17)-(8-16)-(6-7)-(4-5)-(2-3)-(0-1)],9.560585021972656e-05,0.18542957305908203,6,False,0
W|eIID@GH_b@B@@_?WGB??KC?OG?[G?EC?@`??KG??w_??n,[(20-21)-(19-23)-(15-22)-(13-14)-(11-12)-(10-18)-(9-17)-(8-16)-(6-7)-(4-5)-(2-3)-(0-1)],9.703636169433594e-05,0.05368661880493164,5,True,0
W|eIID@GH_b@B@@_?WGB??KC?OG?[G?EC?@`??KG??w_??n,[(22-23)-(15-21)-(14-20)-(13-19)-(12-18)-(10-11)-(9-17)-(8-16)-(6-7)-(4-5)-(2-3)-(0-1)],0.00010919570922851562,0.030880212783813477,2,True,0
W|eIID@GH_b@B@@_?WGB??KC?OG?[G?EC?@`??KG??w_??n,[(22-23)-(15-21)-(14-20)-(13-19)-(12-18)-(10-11)-(9-17)-(8-16)-(6-7)-(4-5)-(2-3)-(0-1)],9.489059448242188e-05,0.04904627799987793,5,True,0
W|eIID@GH_b@B@@_?WGB??KC?OG?[G?EC?@`??KG??w_??n,[(21-23)-(15-22)-(14-20)-(13-19)-(12-18)-(10-11)-(9-17)-(8-16)-(6-7)-(4-5)-(2-3)-(0-1)],9.250640869140625e-05,0.02849888801574707,2,True,0
W|eIID@GH_b@B@@_?WGB??KC?OG?[G?EC?@`??KG??w_??n,[(21-23)-(15-22)-(14-20)-(13-19)-(12-18)-(10-11)-(9-17)-(8-16)-(6-7)-(4-5)-(2-3)-(0-1)],0.00010752677917480469,0.09102749824523926,8,True,0
W|eIID@GH_b@B@@_?WGB??KC?OG?[G?EC?@`??KG??w_??n,[(20-23)-(15-22)-(14-21)-(13-19)-(12-18)-(10-11)-(9-17)-(8-16)-(6-7)-(4-5)-(2-3)-(0-1)],9.560585021972656e-05,0.03612875938415527,3,True,0
W|eIID@GH_b@B@@_?WGB??KC?OG?[G?EC?@`??KG??w_??n,[(20-23)-(15-22)-(14-21)-(13-19)-(12-18)-(10-11)-(9-17)-(8-16)-(6-7)-(4-5)-(2-3)-(0-1)],9.489059448242188e-05,0.028200864791870117,2,False,0
W|eIAD`KGo``@@@__OGE??WC?WG?K??FC??b??KG??w_??v,[(22-23)-(15-21)-(14-20)-(13-19)-(12-18)-(10-11)-(9-17)-(8-16)-(6-7)-(4-5)-(2-3)-(0-1)],8.988380432128906e-05,0.13002562522888184,19,False,0
W|eIAD`KGo``@@@__OGE??WC?WG?K??FC??b??KG??w_??v,[(22-23)-(15-21)-(14-20)-(13-19)-(12-18)-(10-11)-(9-17)-(8-16)-(6-7)-(4-5)-(2-3)-(0-1)],9.489059448242188e-05,0.026259660720825195,2,True,0
W|eIAD`KGo``@@@__OGE??WC?WG?K??FC??b??KG??w_??v,[(21-23)-(15-22)-(14-20)-(13-19)-(12-18)-(10-11)-(9-17)-(8-16)-(6-7)-(4-5)-(2-3)-(0-1)],9.822845458984375e-05,0.032645463943481445,3,True,0
W|eIAD`KGo``@@@__OGE??WC?WG?K??FC??b??KG??w_??v,[(21-23)-(15-22)-(14-20)-(13-19)-(12-18)-(10-11)-(9-17)-(8-16)-(6-7)-(4-5)-(2-3)-(0-1)],0.00011658668518066406,0.046704769134521484,4,False,0
W|eIAD`KGo``@@@__OGE??WC?WG?K??FC??b??KG??w_??v,[(20-23)-(15-22)-(14-21)-(13-19)-(12-18)-(10-11)-(9-17)-(8-16)-(6-7)-(4-5)-(2-3)-(0-1)],9.274482727050781e-05,0.06087994575500488,5,False,0
W|eIAD`KGo``@@@__OGE??WC?WG?K??FC??b??KG??w_??v,[(20-23)-(15-22)-(14-21)-(13-19)-(12-18)-(10-11)-(9-17)-(8-16)-(6-7)-(4-5)-(2-3)-(0-1)],9.632110595703125e-05,0.035425662994384766,3,True,0
W|eIAD`KGo``@@@__OGE??WC?WG?K??FC??b??KG??w_??v,[(22-23)-(19-20)-(15-21)-(13-14)-(12-18)-(10-11)-(9-17)-(8-16)-(6-7)-(4-5)-(2-3)-(0-1)],9.560585021972656e-05,0.023757219314575195,2,True,0
W|eIAD`KGo``@@@__OGE??WC?WG?K??FC??b??KG??w_??v,[(22-23)-(19-20)-(15-21)-(13-14)-(12-18)-(10-11)-(9-17)-(8-16)-(6-7)-(4-5)-(2-3)-(0-1)],9.608268737792969e-05,0.025832653045654297,2,True,0
W|eIAD`KGo``@@@__OGE??WC?WG?K??FC??b??KG??w_??v,[(21-23)-(19-20)-(15-22)-(13-14)-(12-18)-(10-11)-(9-17)-(8-16)-(6-7)-(4-5)-(2-3)-(0-1)],9.179115295410156e-05,0.04310727119445801,4,True,0
W|eIAD`KGo``@@@__OGE??WC?WG?K??FC??b??KG??w_??v,[(21-23)-(19-20)-(15-22)-(13-14)-(12-18)-(10-11)-(9-17)-(8-16)-(6-7)-(4-5)-(2-3)-(0-1)],9.5367431640625e-05,0.019478321075439453,1,True,0
W|eIAD`KGo``@@@__OGE??WC?WG?K??FC??b??KG??w_??v,[(22-23)-(18-20)-(15-21)-(13-14)-(12-19)-(10-11)-(9-17)-(8-16)-(6-7)-(4-5)-(2-3)-(0-1)],9.34600830078125e-05,0.04297780990600586,4,True,0
W|eIAD`KGo``@@@__OGE??WC?WG?K??FC??b??KG??w_??v,[(22-23)-(18-20)-(15-21)-(13-14)-(12-19)-(10-11)-(9-17)-(8-16)-(6-7)-(4-5)-(2-3)-(0-1)],0.00010943412780761719,0.07476592063903809,7,True,0
W|eIAD`KGo``@@@__OGE??WC?WG?K??FC??b??KG??w_??v,[(21-23)-(18-20)-(15-22)-(13-14)-(12-19)-(10-11)-(9-17)-(8-16)-(6-7)-(4-5)-(2-3)-(0-1)],9.489059448242188e-05,0.03128457069396973,2,True,0
W|eIAD`KGo``@@@__OGE??WC?WG?K??FC??b??KG??w_??v,[(21-23)-(18-20)-(15-22)-(13-14)-(12-19)-(10-11)-(9-17)-(8-16)-(6-7)-(4-5)-(2-3)-(0-1)],9.5367431640625e-05,0.08197236061096191,8,True,0
W|eIAD`KGo``@@@__OGE??WC?WG?K??FC??b??KG??w_??v,[(20-21)-(18-23)-(15-22)-(13-14)-(12-19)-(10-11)-(9-17)-(8-16)-(6-7)-(4-5)-(2-3)-(0-1)],9.489059448242188e-05,0.05108141899108887,4,True,0
W|eIAD`KGo``@@@__OGE??WC?WG?K??FC??b??KG??w_??v,[(20-21)-(18-23)-(15-22)-(13-14)-(12-19)-(10-11)-(9-17)-(8-16)-(6-7)-(4-5)-(2-3)-(0-1)],9.655952453613281e-05,0.0965418815612793,16,False,0
W|eIAD`KGo``@@@__OGE??WC?WG?K??FC??b??KG??w_??v,[(22-23)-(18-20)-(15-21)-(14-19)-(12-13)-(10-11)-(9-17)-(8-16)-(6-7)-(4-5)-(2-3)-(0-1)],9.179115295410156e-05,0.05244183540344238,6,True,0
W|eIAD`KGo``@@@__OGE??WC?WG?K??FC??b??KG??w_??v,[(22-23)-(18-20)-(15-21)-(14-19)-(12-13)-(10-11)-(9-17)-(8-16)-(6-7)-(4-5)-(2-3)-(0-1)],9.822845458984375e-05,0.07931184768676758,7,True,0
W|eIAD`KGo``@@@__OGE??WC?WG?K??FC??b??KG??w_??v,[(21-23)-(18-20)-(15-22)-(14-19)-(12-13)-(10-11)-(9-17)-(8-16)-(6-7)-(4-5)-(2-3)-(0-1)],9.584426879882812e-05,0.04275321960449219,4,True,0
W|eIAD`KGo``@@@__OGE??WC?WG?K??FC??b??KG??w_??v,[(21-23)-(18-20)-(15-22)-(14-19)-(12-13)-(10-11)-(9-17)-(8-16)-(6-7)-(4-5)-(2-3)-(0-1)],9.584426879882812e-05,0.02623748779296875,2,True,0
WtfII@`GH_B@B`?`_WGA@?[??OG?oG?OC?@p??CW??w_??z,[(19-23)-(17-22)-(15-21)-(14-20)-(11-13)-(10-18)-(8-9)-(7-16)-(6-12)-(4-5)-(2-3)-(0-1)],9.131431579589844e-05,0.04293990135192871,4,True,0
WtfII@`GH_B@B`?`_WGA@?[??OG?oG?OC?@p??CW??w_??z,[(19-23)-(17-22)-(15-21)-(14-20)-(11-13)-(10-18)-(8-9)-(7-16)-(6-12)-(4-5)-(2-3)-(0-1)],9.918212890625e-05,0.07437014579772949,7,True,0
WtfII@`GH_B@B`?`_WGA@?[??OG?oG?OC?@p??CW??w_??z,[(19-21)-(17-23)-(15-22)-(14-20)-(11-13)-(10-18)-(8-9)-(7-16)-(6-12)-(4-5)-(2-3)-(0-1)],9.322166442871094e-05,0.04189753532409668,4,True,0
WtfII@`GH_B@B`?`_WGA@?[??OG?oG?OC?@p??CW??w_??z,[(19-21)-(17-23)-(15-22)-(14-20)-(11-13)-(10-18)-(8-9)-(7-16)-(6-12)-(4-5)-(2-3)-(0-1)],9.679794311523438e-05,0.03358817100524902,3,True,0
WtfII@`GH_B@B`?`_WGA@?[??OG?oG?OC?@p??CW??w_??z,[(21-23)-(19-20)-(17-22)-(14-15)-(11-13)-(10-18)-(8-9)-(7-16)-(6-12)-(4-5)-(2-3)-(0-1)],9.226799011230469e-05,0.094696044921875,16,False,0
WtfII@`GH_B@B`?`_WGA@?[??OG?oG?OC?@p??CW??w_??z,[(21-23)-(19-20)-(17-22)-(14-15)-(11-13)-(10-18)-(8-9)-(7-16)-(6-12)-(4-5)-(2-3)-(0-1)],0.00010061264038085938,0.03282308578491211,2,False,0
WtfII@`GH_B@B`?`_WGA@?[??OG?oG?OC?@p??CW??w_??z,[(20-21)-(19-23)-(17-22)-(14-15)-(11-13)-(10-18)-(8-9)-(7-16)-(6-12)-(4-5)-(2-3)-(0-1)],9.441375732421875e-05,0.037483930587768555,3,True,0
WtfII@`GH_B@B`?`_WGA@?[??OG?oG?OC?@p??CW??w_??z,[(20-21)-(19-23)-(17-22)-(14-15)-(11-13)-(10-18)-(8-9)-(7-16)-(6-12)-(4-5)-(2-3)-(0-1)],0.00010085105895996094,0.02003765106201172,1,True,0
WtfII@`GH_B@B`?`_WGA@?[??OG?oG?OC?@p??CW??w_??z,[(21-22)-(19-20)-(17-23)-(14-15)-(11-13)-(10-18)-(8-9)-(7-16)-(6-12)-(4-5)-(2-3)-(0-1)],9.417533874511719e-05,0.045295000076293945,4,True,0
WtfII@`GH_B@B`?`_WGA@?[??OG?oG?OC?@p??CW??w_??z,[(21-22)-(19-20)-(17-23)-(14-15)-(11-13)-(10-18)-(8-9)-(7-16)-(6-12)-(4-5)-(2-3)-(0-1)],9.5367431640625e-05,0.05462217330932617,5,True,0
WtfII@`GH_B@B`?`_WGA@?[??OG?oG?OC?@p??CW??w_??z,[(22-23)-(17-18)-(15-21)-(14-20)-(11-13)-(10-19)-(8-9)-(7-16)-(6-12)-(4-5)-(2-3)-(0-1)],9.441375732421875e-05,0.029334545135498047,3,True,0
WtfII@`GH_B@B`?`_WGA@?[??OG?oG?OC?@p??CW??w_??z,[(22-23)-(17-18)-(15-21)-(14-20)-(11-13)-(10-19)-(8-9)-(7-16)-(6-12)-(4-5)-(2-3)-(0-1)],9.751319885253906e-05,0.045172929763793945,4,True,0
WtfII@`GH_B@B`?`_WGA@?[??OG?oG?OC?@p??CW??w_??z,[(18-23)-(17-22)-(15-21)-(14-20)-(11-13)-(10-19)-(8-9)-(7-16)-(6-12)-(4-5)-(2-3)-(0-1)],9.489059448242188e-05,0.0418245792388916,3,True,0
WtfII@`GH_B@B`?`_WGA@?[??OG?oG?OC?@p??CW??w_??z,[(18-23)-(17-22)-(15-21)-(14-20)-(11-13)-(10-19)-(8-9)-(7-16)-(6-12)-(4-5)-(2-3)-(0-1)],9.703636169433594e-05,0.04684758186340332,4,True,0
WtfII@`GH_B@B`?`_WGA@?[??OG?oG?OC?@p??CW??w_??z,[(21-23)-(17-18)-(15-22)-(14-20)-(11-13)-(10-19)-(8-9)-(7-16)-(6-12)-(4-5)-(2-3)-(0-1)],0.00013828277587890625,0.02991199493408203,2,True,0
WtfII@`GH_B@B`?`_WGA@?[??OG?oG?OC?@p??CW??w_??z,[(21-23)-(17-18)-(15-22)-(14-20)-(11-13)-(10-19)-(8-9)-(7-16)-(6-12)-(4-5)-(2-3)-(0-1)],9.775161743164062e-05,0.04091238975524902,4,True,0
WtfII@`GH_B@B`?`_WGA@?[??OG?oG?OC?@p??CW??w_??z,[(22-23)-(20-21)-(17-18)-(14-15)-(11-13)-(10-19)-(8-9)-(7-16)-(6-12)-(4-5)-(2-3)-(0-1)],9.274482727050781e-05,0.03706860542297363,3,False,0
WtfII@`GH_B@B`?`_WGA@?[??OG?oG?OC?@p??CW??w_??z,[(22-23)-(20-21)-(17-18)-(14-15)-(11-13)-(10-19)-(8-9)-(7-16)-(6-12)-(4-5)-(2-3)-(0-1)],9.584426879882812e-05,0.030083656311035156,3,True,0
WtfII@`GH_B@B`?`_WGA@?[??OG?oG?OC?@p??CW??w_??z,[(20-21)-(18-23)-(17-22)-(14-15)-(11-13)-(10-19)-(8-9)-(7-16)-(6-12)-(4-5)-(2-3)-(0-1)],9.322166442871094e-05,0.06089138984680176,15,False,0
WtfII@`GH_B@B`?`_WGA@?[??OG?oG?OC?@p??CW??w_??z,[(20-21)-(18-23)-(17-22)-(14-15)-(11-13)-(10-19)-(8-9)-(7-16)-(6-12)-(4-5)-(2-3)-(0-1)],0.00010013580322265625,0.0404052734375,3,True,0
W|eIID`KGo`@@@@?_OGC@?PC@wG?K??EC?@`??KG??s_??^,[(22-23)-(15-21)-(14-20)-(13-19)-(12-18)-(11-16)-(9-10)-(8-17)-(6-7)-(4-5)-(2-3)-(0-1)],8.916854858398438e-05,0.07008075714111328,14,False,0
W|eIID`KGo`@@@@?_OGC@?PC@wG?K??EC?@`??KG??s_??^,[(22-23)-(15-21)-(14-20)-(13-19)-(12-18)-(11-16)-(9-10)-(8-17)-(6-7)-(4-5)-(2-3)-(0-1)],9.584426879882812e-05,0.045885324478149414,4,True,0
W|eIID`KGo`@@@@?_OGC@?PC@wG?K??EC?@`??KG??s_??^,[(21-23)-(15-22)-(14-20)-(13-19)-(12-18)-(11-16)-(9-10)-(8-17)-(6-7)-(4-5)-(2-3)-(0-1)],9.393692016601562e-05,0.08739805221557617,8,True,0
W|eIID`KGo`@@@@?_OGC@?PC@wG?K??EC?@`??KG??s_??^,[(21-23)-(15-22)-(14-20)-(13-19)-(12-18)-(11-16)-(9-10)-(8-17)-(6-7)-(4-5)-(2-3)-(0-1)],0.00010848045349121094,0.0481874942779541,4,True,0
W|eIID`KGo`@@@@?_OGC@?PC@wG?K??EC?@`??KG??s_??^,[(20-23)-(15-22)-(14-21)-(13-19)-(12-18)-(11-16)-(9-10)-(8-17)-(6-7)-(4-5)-(2-3)-(0-1)],9.417533874511719e-05,0.037645578384399414,3,True,0
W|eIID`KGo`@@@@?_OGC@?PC@wG?K??EC?@`??KG??s_??^,[(20-23)-(15-22)-(14-21)-(13-19)-(12-18)-(11-16)-(9-10)-(8-17)-(6-7)-(4-5)-(2-3)-(0-1)],9.846687316894531e-05,0.048522233963012695,4,True,0
W|eIID`KGo`@@@@?_OGC@?PC@wG?K??EC?@`??KG??s_??^,[(22-23)-(20-21)-(14-15)-(13-19)-(12-18)-(11-16)-(9-10)-(8-17)-(6-7)-(4-5)-(2-3)-(0-1)],9.679794311523438e-05,0.02814936637878418,2,False,0
W|eIID`KGo`@@@@?_OGC@?PC@wG?K??EC?@`??KG??s_??^,[(22-23)-(20-21)-(14-15)-(13-19)-(12-18)-(11-16)-(9-10)-(8-17)-(6-7)-(4-5)-(2-3)-(0-1)],9.822845458984375e-05,0.05514645576477051,5,True,0
W|eIID`KGo`@@@@?_OGC@?PC@wG?K??EC?@`??KG??s_??^,[(21-22)-(20-23)-(14-15)-(13-19)-(12-18)-(11-16)-(9-10)-(8-17)-(6-7)-(4-5)-(2-3)-(0-1)],0.00010013580322265625,0.04788661003112793,4,True,0
W|eIID`KGo`@@@@?_OGC@?PC@wG?K??EC?@`??KG??s_??^,[(21-22)-(20-23)-(14-15)-(13-19)-(12-18)-(11-16)-(9-10)-(8-17)-(6-7)-(4-5)-(2-3)-(0-1)],9.846687316894531e-05,0.07901453971862793,7,True,0
W|eIID`KGo`@@@@?_OGC@?PC@wG?K??EC?@`??KG??s_??^,[(19-23)-(15-22)-(14-21)-(13-20)-(12-18)-(11-16)-(9-10)-(8-17)-(6-7)-(4-5)-(2-3)-(0-1)],9.322166442871094e-05,0.029857873916625977,2,True,0
W|eIID`KGo`@@@@?_OGC@?PC@wG?K??EC?@`??KG??s_??^,[(19-23)-(15-22)-(14-21)-(13-20)-(12-18)-(11-16)-(9-10)-(8-17)-(6-7)-(4-5)-(2-3)-(0-1)],9.679794311523438e-05,0.02004861831665039,1,True,0
W|eIID`KGo`@@@@?_OGC@?PC@wG?K??EC?@`??KG??s_??^,[(21-22)-(19-23)-(14-15)-(13-20)-(12-18)-(11-16)-(9-10)-(8-17)-(6-7)-(4-5)-(2-3)-(0-1)],9.751319885253906e-05,0.05866193771362305,5,False,0
W|eIID`KGo`@@@@?_OGC@?PC@wG?K??EC?@`??KG??s_??^,[(21-22)-(19-23)-(14-15)-(13-20)-(12-18)-(11-16)-(9-10)-(8-17)-(6-7)-(4-5)-(2-3)-(0-1)],0.00010132789611816406,0.0825958251953125,9,True,0
W|eIID`KGo`@@@@?_OGC@?PC@wG?K??EC?@`??KG??s_??^,[(22-23)-(19-20)-(15-21)-(13-14)-(12-18)-(11-16)-(9-10)-(8-17)-(6-7)-(4-5)-(2-3)-(0-1)],9.989738464355469e-05,0.035398006439208984,3,True,0
W|eIID`KGo`@@@@?_OGC@?PC@wG?K??EC?@`??KG??s_??^,[(22-23)-(19-20)-(15-21)-(13-14)-(12-18)-(11-16)-(9-10)-(8-17)-(6-7)-(4-5)-(2-3)-(0-1)],9.965896606445312e-05,0.051140546798706055,5,False,0
W|eIID`KGo`@@@@?_OGC@?PC@wG?K??EC?@`??KG??s_??^,[(21-23)-(19-20)-(15-22)-(13-14)-(12-18)-(11-16)-(9-10)-(8-17)-(6-7)-(4-5)-(2-3)-(0-1)],9.322166442871094e-05,0.0370023250579834,3,True,0
W|eIID`KGo`@@@@?_OGC@?PC@wG?K??EC?@`??KG??s_??^,[(21-23)-(19-20)-(15-22)-(13-14)-(12-18)-(11-16)-(9-10)-(8-17)-(6-7)-(4-5)-(2-3)-(0-1)],9.775161743164062e-05,0.046480417251586914,4,True,0
W|eIID`KGo`@@@@?_OGC@?PC@wG?K??EC?@`??KG??s_??^,[(20-21)-(19-23)-(15-22)-(13-14)-(12-18)-(11-16)-(9-10)-(8-17)-(6-7)-(4-5)-(2-3)-(0-1)],9.846687316894531e-05,0.03468775749206543,3,True,0
W|eIID`KGo`@@@@?_OGC@?PC@wG?K??EC?@`??KG??s_??^,[(20-21)-(19-23)-(15-22)-(13-14)-(12-18)-(11-16)-(9-10)-(8-17)-(6-7)-(4-5)-(2-3)-(0-1)],9.894371032714844e-05,0.027301311492919922,2,True,0
W|fIBCpEGW_`?`?__W?@p?@??EG?EG?AC?@`??MG??R_?@x,[(19-23)-(16-22)-(15-21)-(14-20)-(13-18)-(12-17)-(10-11)-(8-9)-(6-7)-(4-5)-(2-3)-(0-1)],9.775161743164062e-05,0.031131505966186523,2,True,0
W|fIBCpEGW_`?`?__W?@p?@??EG?EG?AC?@`??MG??R_?@x,[(19-23)-(16-22)-(15-21)-(14-20)-(13-18)-(12-17)-(10-11)-(8-9)-(6-7)-(4-5)-(2-3)-(0-1)],0.00010061264038085938,0.0218656063079834,1,False,0
W|fIBCpEGW_`?`?__W?@p?@??EG?EG?AC?@`??MG??R_?@x,[(19-22)-(16-23)-(15-21)-(14-20)-(13-18)-(12-17)-(10-11)-(8-9)-(6-7)-(4-5)-(2-3)-(0-1)],9.417533874511719e-05,0.04638957977294922,4,True,0
W|fIBCpEGW_`?`?__W?@p?@??EG?EG?AC?@`??MG??R_?@x,[(19-22)-(16-23)-(15-21)-(14-20)-(13-18)-(12-17)-(10-11)-(8-9)-(6-7)-(4-5)-(2-3)-(0-1)],9.489059448242188e-05,0.0727691650390625,8,True,0
W|fIBCpEGW_`?`?__W?@p?@??EG?EG?AC?@`??MG??R_?@x,[(22-23)-(19-20)-(16-21)-(14-15)-(13-18)-(12-17)-(10-11)-(8-9)-(6-7)-(4-5)-(2-3)-(0-1)],9.369850158691406e-05,0.03023362159729004,2,True,0
W|fIBCpEGW_`?`?__W?@p?@??EG?EG?AC?@`??MG??R_?@x,[(22-23)-(19-20)-(16-21)-(14-15)-(13-18)-(12-17)-(10-11)-(8-9)-(6-7)-(4-5)-(2-3)-(0-1)],9.584426879882812e-05,0.07208132743835449,7,False,0
W|fIBCpEGW_`?`?__W?@p?@??EG?EG?AC?@`??MG??R_?@x,[(20-22)-(19-23)-(16-21)-(14-15)-(13-18)-(12-17)-(10-11)-(8-9)-(6-7)-(4-5)-(2-3)-(0-1)],9.489059448242188e-05,0.12351489067077637,19,False,0
W|fIBCpEGW_`?`?__W?@p?@??EG?EG?AC?@`??MG??R_?@x,[(20-22)-(19-23)-(16-21)-(14-15)-(13-18)-(12-17)-(10-11)-(8-9)-(6-7)-(4-5)-(2-3)-(0-1)],9.632110595703125e-05,0.10391592979431152,17,False,0
W|fIBCpEGW_`?`?__W?@p?@??EG?EG?AC?@`??MG??R_?@x,[(20-21)-(19-23)-(16-22)-(14-15)-(13-18)-(12-17)-(10-11)-(8-9)-(6-7)-(4-5)-(2-3)-(0-1)],9.202957153320312e-05,0.0375216007232666,3,False,0
W|fIBCpEGW_`?`?__W?@p?@??EG?EG?AC?@`??MG??R_?@x,[(20-21)-(19-23)-(16-22)-(14-15)-(13-18)-(12-17)-(10-11)-(8-9)-(6-7)-(4-5)-(2-3)-(0-1)],9.632110595703125e-05,0.02610921859741211,2,True,0
W|fIBCpEGW_`?`?__W?@p?@??EG?EG?AC?@`??MG??R_?@x,[(21-22)-(19-20)-(16-23)-(14-15)-(13-18)-(12-17)-(10-11)-(8-9)-(6-7)-(4-5)-(2-3)-(0-1)],0.00010085105895996094,0.03600049018859863,3,True,0
W|fIBCpEGW_`?`?__W?@p?@??EG?EG?AC?@`??MG??R_?@x,[(21-22)-(19-20)-(16-23)-(14-15)-(13-18)-(12-17)-(10-11)-(8-9)-(6-7)-(4-5)-(2-3)-(0-1)],9.584426879882812e-05,0.11917877197265625,18,False,0
W|fIBCpEGW_`?`?__W?@p?@??EG?EG?AC?@`??MG??R_?@x,[(20-21)-(19-22)-(16-23)-(14-15)-(13-18)-(12-17)-(10-11)-(8-9)-(6-7)-(4-5)-(2-3)-(0-1)],9.417533874511719e-05,0.05135226249694824,5,True,0
W|fIBCpEGW_`?`?__W?@p?@??EG?EG?AC?@`??MG??R_?@x,[(20-21)-(19-22)-(16-23)-(14-15)-(13-18)-(12-17)-(10-11)-(8-9)-(6-7)-(4-5)-(2-3)-(0-1)],9.679794311523438e-05,0.05835461616516113,5,True,0
W|fIBCpEGW_`?`?__W?@p?@??EG?EG?AC?@`??MG??R_?@x,[(18-23)-(16-22)-(15-21)-(14-20)-(13-19)-(12-17)-(10-11)-(8-9)-(6-7)-(4-5)-(2-3)-(0-1)],9.1552734375e-05,0.05490708351135254,4,False,0
W|fIBCpEGW_`?`?__W?@p?@??EG?EG?AC?@`??MG??R_?@x,[(18-23)-(16-22)-(15-21)-(14-20)-(13-19)-(12-17)-(10-11)-(8-9)-(6-7)-(4-5)-(2-3)-(0-1)],9.632110595703125e-05,0.06140565872192383,5,False,0
W|fIBCpEGW_`?`?__W?@p?@??EG?EG?AC?@`??MG??R_?@x,[(20-22)-(18-23)-(16-21)-(14-15)-(13-19)-(12-17)-(10-11)-(8-9)-(6-7)-(4-5)-(2-3)-(0-1)],9.083747863769531e-05,0.11318087577819824,19,False,0
W|fIBCpEGW_`?`?__W?@p?@??EG?EG?AC?@`??MG??R_?@x,[(20-22)-(18-23)-(16-21)-(14-15)-(13-19)-(12-17)-(10-11)-(8-9)-(6-7)-(4-5)-(2-3)-(0-1)],0.00010275840759277344,0.03519105911254883,3,True,0
W|fIBCpEGW_`?`?__W?@p?@??EG?EG?AC?@`??MG??R_?@x,[(20-21)-(18-23)-(16-22)-(14-15)-(13-19)-(12-17)-(10-11)-(8-9)-(6-7)-(4-5)-(2-3)-(0-1)],9.369850158691406e-05,0.07162308692932129,7,True,0
W|fIBCpEGW_`?`?__W?@p?@??EG?EG?AC?@`??MG??R_?@x,[(20-21)-(18-23)-(16-22)-(14-15)-(13-19)-(12-17)-(10-11)-(8-9)-(6-7)-(4-5)-(2-3)-(0-1)],9.584426879882812e-05,0.03484797477722168,3,True,0
W|fII?_KGo`o?`?o_GGA@?WC?_G@oG?WK?A@??wG?@`_?Bd,[(15-23)-(14-22)-(13-21)-(12-20)-(10-19)-(9-18)-(8-17)-(7-16)-(6-11)-(4-5)-(2-3)-(0-1)],0.00010824203491210938,0.036757707595825195,3,True,0
W|fII?_KGo`o?`?o_GGA@?WC?_G@oG?WK?A@??wG?@`_?Bd,[(15-23)-(14-22)-(13-21)-(12-20)-(10-19)-(9-18)-(8-17)-(7-16)-(6-11)-(4-5)-(2-3)-(0-1)],9.942054748535156e-05,0.0460207462310791,4,True,0
W|fII?_KGo`o?`?o_GGA@?WC?_G@oG?WK?A@??wG?@`_?Bd,[(22-23)-(14-15)-(13-21)-(12-20)-(10-19)-(9-18)-(8-17)-(7-16)-(6-11)-(4-5)-(2-3)-(0-1)],9.512901306152344e-05,0.03740262985229492,3,False,0
W|fII?_KGo`o?`?o_GGA@?WC?_G@oG?WK?A@??wG?@`_?Bd,[(22-23)-(14-15)-(13-21)-(12-20)-(10-19)-(9-18)-(8-17)-(7-16)-(6-11)-(4-5)-(2-3)-(0-1)],9.799003601074219e-05,0.026412487030029297,2,False,0
W|fII?_KGo`o?`?o_GGA@?WC?_G@oG?WK?A@??wG?@`_?Bd,[(21-22)-(15-23)-(13-14)-(12-20)-(10-19)-(9-18)-(8-17)-(7-16)-(6-11)-(4-5)-(2-3)-(0-1)],9.679794311523438e-05,0.046251535415649414,4,False,0
W|fII?_KGo`o?`?o_GGA@?WC?_G@oG?WK?A@??wG?@`_?Bd,[(21-22)-(15-23)-(13-14)-(12-20)-(10-19)-(9-18)-(8-17)-(7-16)-(6-11)-(4-5)-(2-3)-(0-1)],0.00010085105895996094,0.020006179809570312,1,True,0
W|fII?_KGo`o?`?o_GGA@?WC?_G@oG?WK?A@??wG?@`_?Bd,[(20-23)-(15-22)-(13-14)-(12-21)-(10-19)-(9-18)-(8-17)-(7-16)-(6-11)-(4-5)-(2-3)-(0-1)],9.608268737792969e-05,0.08214116096496582,16,False,0
W|fII?_KGo`o?`?o_GGA@?WC?_G@oG?WK?A@??wG?@`_?Bd,[(20-23)-(15-22)-(13-14)-(12-21)-(10-19)-(9-18)-(8-17)-(7-16)-(6-11)-(4-5)-(2-3)-(0-1)],9.608268737792969e-05,0.05647873878479004,5,True,0
W|fII?_KGo`o?`?o_GGA@?WC?_G@oG?WK?A@??wG?@`_?Bd,[(20-22)-(15-23)-(13-14)-(12-21)-(10-19)-(9-18)-(8-17)-(7-16)-(6-11)-(4-5)-(2-3)-(0-1)],9.608268737792969e-05,0.03281259536743164,2,False,0
W|fII?_KGo`o?`?o_GGA@?WC?_G@oG?WK?A@??wG?@`_?Bd,[(20-22)-(15-23)-(13-14)-(12-21)-(10-19)-(9-18)-(8-17)-(7-16)-(6-11)-(4-5)-(2-3)-(0-1)],9.775161743164062e-05,0.03588414192199707,3,True,0
W|fII?_KGo`o?`?o_GGA@?WC?_G@oG?WK?A@??wG?@`_?Bd,[(20-23)-(15-22)-(14-21)-(12-13)-(10-19)-(9-18)-(8-17)-(7-16)-(6-11)-(4-5)-(2-3)-(0-1)],9.393692016601562e-05,0.04105949401855469,4,True,0
W|fII?_KGo`o?`?o_GGA@?WC?_G@oG?WK?A@??wG?@`_?Bd,[(20-23)-(15-22)-(14-21)-(12-13)-(10-19)-(9-18)-(8-17)-(7-16)-(6-11)-(4-5)-(2-3)-(0-1)],0.00010037422180175781,0.021636486053466797,1,True,0
W|fII?_KGo`o?`?o_GGA@?WC?_G@oG?WK?A@??wG?@`_?Bd,[(20-22)-(15-23)-(14-21)-(12-13)-(10-19)-(9-18)-(8-17)-(7-16)-(6-11)-(4-5)-(2-3)-(0-1)],9.465217590332031e-05,0.07638859748840332,8,True,0
W|fII?_KGo`o?`?o_GGA@?WC?_G@oG?WK?A@??wG?@`_?Bd,[(20-22)-(15-23)-(14-21)-(12-13)-(10-19)-(9-18)-(8-17)-(7-16)-(6-11)-(4-5)-(2-3)-(0-1)],9.822845458984375e-05,0.10881376266479492,18,False,0
W|fII?_KGo`o?`?o_GGA@?WC?_G@oG?WK?A@??wG?@`_?Bd,[(20-21)-(15-23)-(14-22)-(12-13)-(10-19)-(9-18)-(8-17)-(7-16)-(6-11)-(4-5)-(2-3)-(0-1)],9.560585021972656e-05,0.022948265075683594,1,True,0
W|fII?_KGo`o?`?o_GGA@?WC?_G@oG?WK?A@??wG?@`_?Bd,[(20-21)-(15-23)-(14-22)-(12-13)-(10-19)-(9-18)-(8-17)-(7-16)-(6-11)-(4-5)-(2-3)-(0-1)],9.632110595703125e-05,0.027154207229614258,2,True,0
W|fII?_KGo`o?`?o_GGA@?WC?_G@oG?WK?A@??wG?@`_?Bd,[(22-23)-(20-21)-(14-15)-(12-13)-(10-19)-(9-18)-(8-17)-(7-16)-(6-11)-(4-5)-(2-3)-(0-1)],9.298324584960938e-05,0.06745195388793945,6,True,0
W|fII?_KGo`o?`?o_GGA@?WC?_G@oG?WK?A@??wG?@`_?Bd,[(22-23)-(20-21)-(14-15)-(12-13)-(10-19)-(9-18)-(8-17)-(7-16)-(6-11)-(4-5)-(2-3)-(0-1)],0.00010085105895996094,0.02446746826171875,2,True,0
W|fII?_KGo`o?`?o_GGA@?WC?_G@oG?WK?A@??wG?@`_?Bd,[(21-22)-(20-23)-(14-15)-(12-13)-(10-19)-(9-18)-(8-17)-(7-16)-(6-11)-(4-5)-(2-3)-(0-1)],9.393692016601562e-05,0.021929264068603516,1,True,0
W|fII?_KGo`o?`?o_GGA@?WC?_G@oG?WK?A@??wG?@`_?Bd,[(21-22)-(20-23)-(14-15)-(12-13)-(10-19)-(9-18)-(8-17)-(7-16)-(6-11)-(4-5)-(2-3)-(0-1)],9.703636169433594e-05,0.05629777908325195,5,False,0
W|fIB?pEGW_o?`?__OGA@?]??KW?K??EC?@`??KG??k_??^,[(22-23)-(15-21)-(14-20)-(13-19)-(12-18)-(10-17)-(8-9)-(7-16)-(6-11)-(4-5)-(2-3)-(0-1)],9.274482727050781e-05,0.051988840103149414,5,True,0
W|fIB?pEGW_o?`?__OGA@?]??KW?K??EC?@`??KG??k_??^,[(22-23)-(15-21)-(14-20)-(13-19)-(12-18)-(10-17)-(8-9)-(7-16)-(6-11)-(4-5)-(2-3)-(0-1)],9.72747802734375e-05,0.09222173690795898,16,False,0
W|fIB?pEGW_o?`?__OGA@?]??KW?K??EC?@`??KG??k_??^,[(21-23)-(15-22)-(14-20)-(13-19)-(12-18)-(10-17)-(8-9)-(7-16)-(6-11)-(4-5)-(2-3)-(0-1)],9.369850158691406e-05,0.06274747848510742,14,False,0
W|fIB?pEGW_o?`?__OGA@?]??KW?K??EC?@`??KG??k_??^,[(21-23)-(15-22)-(14-20)-(13-19)-(12-18)-(10-17)-(8-9)-(7-16)-(6-11)-(4-5)-(2-3)-(0-1)],9.489059448242188e-05,0.055173397064208984,5,False,0
W|fIB?pEGW_o?`?__OGA@?]??KW?K??EC?@`??KG??k_??^,[(20-23)-(15-22)-(14-21)-(13-19)-(12-18)-(10-17)-(8-9)-(7-16)-(6-11)-(4-5)-(2-3)-(0-1)],9.465217590332031e-05,0.03375530242919922,3,True,0
W|fIB?pEGW_o?`?__OGA@?]??KW?K??EC?@`??KG??k_??^,[(20-23)-(15-22)-(14-21)-(13-19)-(12-18)-(10-17)-(8-9)-(7-16)-(6-11)-(4-5)-(2-3)-(0-1)],9.608268737792969e-05,0.04422402381896973,4,True,0
W|fIB?pEGW_o?`?__OGA@?]??KW?K??EC?@`??KG??k_??^,[(22-23)-(20-21)-(14-15)-(13-19)-(12-18)-(10-17)-(8-9)-(7-16)-(6-11)-(4-5)-(2-3)-(0-1)],9.274482727050781e-05,0.02118515968322754,1,True,0
W|fIB?pEGW_o?`?__OGA@?]??KW?K??EC?@`??KG??k_??^,[(22-23)-(20-21)-(14-15)-(13-19)-(12-18)-(10-17)-(8-9)-(7-16)-(6-11)-(4-5)-(2-3)-(0-1)],9.751319885253906e-05,0.0766305923461914,7,True,0
W|fIB?pEGW_o?`?__OGA@?]??KW?K??EC?@`??KG??k_??^,[(21-22)-(20-23)-(14-15)-(13-19)-(12-18)-(10-17)-(8-9)-(7-16)-(6-11)-(4-5)-(2-3)-(0-1)],9.465217590332031e-05,0.028198957443237305,2,True,0
W|fIB?pEGW_o?`?__OGA@?]??KW?K??EC?@`??KG??k_??^,[(21-22)-(20-23)-(14-15)-(13-19)-(12-18)-(10-17)-(8-9)-(7-16)-(6-11)-(4-5)-(2-3)-(0-1)],9.679794311523438e-05,0.06154131889343262,6,True,0
W|fIB?pEGW_o?`?__OGA@?]??KW?K??EC?@`??KG??k_??^,[(19-23)-(15-22)-(14-21)-(13-20)-(12-18)-(10-17)-(8-9)-(7-16)-(6-11)-(4-5)-(2-3)-(0-1)],9.584426879882812e-05,0.04253363609313965,3,False,0
W|fIB?pEGW_o?`?__OGA@?]??KW?K??EC?@`??KG??k_??^,[(19-23)-(15-22)-(14-21)-(13-20)-(12-18)-(10-17)-(8-9)-(7-16)-(6-11)-(4-5)-(2-3)-(0-1)],9.965896606445312e-05,0.03668475151062012,3,True,0
W|fIB?pEGW_o?`?__OGA@?]??KW?K??EC?@`??KG??k_??^,[(21-22)-(19-23)-(14-15)-(13-20)-(12-18)-(10-17)-(8-9)-(7-16)-(6-11)-(4-5)-(2-3)-(0-1)],0.00012636184692382812,0.032221078872680664,3,True,0
W|fIB?pEGW_o?`?__OGA@?]??KW?K??EC?@`??KG??k_??^,[(21-22)-(19-23)-(14-15)-(13-20)-(12-18)-(10-17)-(8-9)-(7-16)-(6-11)-(4-5)-(2-3)-(0-1)],9.751319885253906e-05,0.026543140411376953,2,True,0
W|fIB?pEGW_o?`?__OGA@?]??KW?K??EC?@`??KG??k_??^,[(22-23)-(19-20)-(15-21)-(13-14)-(12-18)-(10-17)-(8-9)-(7-16)-(6-11)-(4-5)-(2-3)-(0-1)],9.369850158691406e-05,0.04477095603942871,4,True,0
W|fIB?pEGW_o?`?__OGA@?]??KW?K??EC?@`??KG??k_??^,[(22-23)-(19-20)-(15-21)-(13-14)-(12-18)-(10-17)-(8-9)-(7-16)-(6-11)-(4-5)-(2-3)-(0-1)],9.870529174804688e-05,0.023377180099487305,1,False,0
W|fIB?pEGW_o?`?__OGA@?]??KW?K??EC?@`??KG??k_??^,[(21-23)-(19-20)-(15-22)-(13-14)-(12-18)-(10-17)-(8-9)-(7-16)-(6-11)-(4-5)-(2-3)-(0-1)],0.00010180473327636719,0.03920626640319824,2,True,0
W|fIB?pEGW_o?`?__OGA@?]??KW?K??EC?@`??KG??k_??^,[(21-23)-(19-20)-(15-22)-(13-14)-(12-18)-(10-17)-(8-9)-(7-16)-(6-11)-(4-5)-(2-3)-(0-1)],9.942054748535156e-05,0.06246757507324219,6,True,0
W|fIB?pEGW_o?`?__OGA@?]??KW?K??EC?@`??KG??k_??^,[(20-21)-(19-23)-(15-22)-(13-14)-(12-18)-(10-17)-(8-9)-(7-16)-(6-11)-(4-5)-(2-3)-(0-1)],9.560585021972656e-05,0.05333352088928223,5,True,0
W|fIB?pEGW_o?`?__OGA@?]??KW?K??EC?@`??KG??k_??^,[(20-21)-(19-23)-(15-22)-(13-14)-(12-18)-(10-17)-(8-9)-(7-16)-(6-11)-(4-5)-(2-3)-(0-1)],9.584426879882812e-05,0.03661155700683594,3,True,0
W|fIB?pEGW__?`?__OGC@?RC@wG?G_?KC?B@??WG?@c_??^,[(19-23)-(15-22)-(14-21)-(13-20)-(11-18)-(9-10)-(8-17)-(7-16)-(6-12)-(4-5)-(2-3)-(0-1)],8.988380432128906e-05,0.03258967399597168,3,True,0
W|fIB?pEGW__?`?__OGC@?RC@wG?G_?KC?B@??WG?@c_??^,[(19-23)-(15-22)-(14-21)-(13-20)-(11-18)-(9-10)-(8-17)-(7-16)-(6-12)-(4-5)-(2-3)-(0-1)],9.775161743164062e-05,0.07591128349304199,12,False,0
W|fIB?pEGW__?`?__OGC@?RC@wG?G_?KC?B@??WG?@c_??^,[(21-22)-(19-23)-(14-15)-(13-20)-(11-18)-(9-10)-(8-17)-(7-16)-(6-12)-(4-5)-(2-3)-(0-1)],0.00010204315185546875,0.038091421127319336,3,True,0
W|fIB?pEGW__?`?__OGC@?RC@wG?G_?KC?B@??WG?@c_??^,[(21-22)-(19-23)-(14-15)-(13-20)-(11-18)-(9-10)-(8-17)-(7-16)-(6-12)-(4-5)-(2-3)-(0-1)],9.989738464355469e-05,0.09985494613647461,17,False,0
W|fIB?pEGW__?`?__OGC@?RC@wG?G_?KC?B@??WG?@c_??^,[(22-23)-(19-20)-(14-15)-(13-21)-(11-18)-(9-10)-(8-17)-(7-16)-(6-12)-(4-5)-(2-3)-(0-1)],9.584426879882812e-05,0.0451200008392334,4,False,0
W|fIB?pEGW__?`?__OGC@?RC@wG?G_?KC?B@??WG?@c_??^,[(22-23)-(19-20)-(14-15)-(13-21)-(11-18)-(9-10)-(8-17)-(7-16)-(6-12)-(4-5)-(2-3)-(0-1)],9.584426879882812e-05,0.1423206329345703,21,False,0
W|fIB?pEGW__?`?__OGC@?RC@wG?G_?KC?B@??WG?@c_??^,[(21-23)-(19-20)-(15-22)-(13-14)-(11-18)-(9-10)-(8-17)-(7-16)-(6-12)-(4-5)-(2-3)-(0-1)],0.0001347064971923828,0.06743049621582031,13,False,0
W|fIB?pEGW__?`?__OGC@?RC@wG?G_?KC?B@??WG?@c_??^,[(21-23)-(19-20)-(15-22)-(13-14)-(11-18)-(9-10)-(8-17)-(7-16)-(6-12)-(4-5)-(2-3)-(0-1)],9.489059448242188e-05,0.02908468246459961,2,True,0
W|fIB?pEGW__?`?__OGC@?RC@wG?G_?KC?B@??WG?@c_??^,[(20-21)-(19-23)-(15-22)-(13-14)-(11-18)-(9-10)-(8-17)-(7-16)-(6-12)-(4-5)-(2-3)-(0-1)],9.298324584960938e-05,0.03375577926635742,3,True,0
W|fIB?pEGW__?`?__OGC@?RC@wG?G_?KC?B@??WG?@c_??^,[(20-21)-(19-23)-(15-22)-(13-14)-(11-18)-(9-10)-(8-17)-(7-16)-(6-12)-(4-5)-(2-3)-(0-1)],9.608268737792969e-05,0.03288412094116211,3,True,0
W|fIB?pEGW__?`?__OGC@?RC@wG?G_?KC?B@??WG?@c_??^,[(22-23)-(15-18)-(14-21)-(13-20)-(11-19)-(9-10)-(8-17)-(7-16)-(6-12)-(4-5)-(2-3)-(0-1)],9.822845458984375e-05,0.1029205322265625,17,False,0
W|fIB?pEGW__?`?__OGC@?RC@wG?G_?KC?B@??WG?@c_??^,[(22-23)-(15-18)-(14-21)-(13-20)-(11-19)-(9-10)-(8-17)-(7-16)-(6-12)-(4-5)-(2-3)-(0-1)],9.965896606445312e-05,0.021831274032592773,1,True,0
W|fIB?pEGW__?`?__OGC@?RC@wG?G_?KC?B@??WG?@c_??^,[(18-23)-(15-22)-(14-21)-(13-20)-(11-19)-(9-10)-(8-17)-(7-16)-(6-12)-(4-5)-(2-3)-(0-1)],0.00013327598571777344,0.07188034057617188,7,True,0
W|fIB?pEGW__?`?__OGC@?RC@wG?G_?KC?B@??WG?@c_??^,[(18-23)-(15-22)-(14-21)-(13-20)-(11-19)-(9-10)-(8-17)-(7-16)-(6-12)-(4-5)-(2-3)-(0-1)],9.989738464355469e-05,0.08465909957885742,11,True,0
W|fIB?pEGW__?`?__OGC@?RC@wG?G_?KC?B@??WG?@c_??^,[(21-23)-(15-18)-(14-22)-(13-20)-(11-19)-(9-10)-(8-17)-(7-16)-(6-12)-(4-5)-(2-3)-(0-1)],9.298324584960938e-05,0.06252479553222656,6,True,0
W|fIB?pEGW__?`?__OGC@?RC@wG?G_?KC?B@??WG?@c_??^,[(21-23)-(15-18)-(14-22)-(13-20)-(11-19)-(9-10)-(8-17)-(7-16)-(6-12)-(4-5)-(2-3)-(0-1)],9.298324584960938e-05,0.07880496978759766,15,False,0
W|fIB?pEGW__?`?__OGC@?RC@wG?G_?KC?B@??WG?@c_??^,[(21-23)-(18-22)-(14-15)-(13-20)-(11-19)-(9-10)-(8-17)-(7-16)-(6-12)-(4-5)-(2-3)-(0-1)],9.465217590332031e-05,0.025432586669921875,2,False,0
W|fIB?pEGW__?`?__OGC@?RC@wG?G_?KC?B@??WG?@c_??^,[(21-23)-(18-22)-(14-15)-(13-20)-(11-19)-(9-10)-(8-17)-(7-16)-(6-12)-(4-5)-(2-3)-(0-1)],9.822845458984375e-05,0.029590368270874023,3,True,0
W|fIB?pEGW__?`?__OGC@?RC@wG?G_?KC?B@??WG?@c_??^,[(21-22)-(18-23)-(14-15)-(13-20)-(11-19)-(9-10)-(8-17)-(7-16)-(6-12)-(4-5)-(2-3)-(0-1)],0.00014090538024902344,0.03941988945007324,3,True,0
W|fIB?pEGW__?`?__OGC@?RC@wG?G_?KC?B@??WG?@c_??^,[(21-22)-(18-23)-(14-15)-(13-20)-(11-19)-(9-10)-(8-17)-(7-16)-(6-12)-(4-5)-(2-3)-(0-1)],9.846687316894531e-05,0.03698611259460449,3,True,0
W|fII?_KGo`p?_?o_GGA@?WC?_G@oG?KK?A@??wG?@`_?Bd,[(18-19)-(15-23)-(14-22)-(13-21)-(12-20)-(9-10)-(8-17)-(7-16)-(6-11)-(4-5)-(2-3)-(0-1)],9.369850158691406e-05,0.05536770820617676,5,True,0
W|fII?_KGo`p?_?o_GGA@?WC?_G@oG?KK?A@??wG?@`_?Bd,[(18-19)-(15-23)-(14-22)-(13-21)-(12-20)-(9-10)-(8-17)-(7-16)-(6-11)-(4-5)-(2-3)-(0-1)],0.00011110305786132812,0.04496598243713379,4,True,0
W|fII?_KGo`p?_?o_GGA@?WC?_G@oG?KK?A@??wG?@`_?Bd,[(22-23)-(18-19)-(14-15)-(13-21)-(12-20)-(9-10)-(8-17)-(7-16)-(6-11)-(4-5)-(2-3)-(0-1)],9.775161743164062e-05,0.0644071102142334,6,True,0
W|fII?_KGo`p?_?o_GGA@?WC?_G@oG?KK?A@??wG?@`_?Bd,[(22-23)-(18-19)-(14-15)-(13-21)-(12-20)-(9-10)-(8-17)-(7-16)-(6-11)-(4-5)-(2-3)-(0-1)],9.989738464355469e-05,0.04415535926818848,4,True,0
W|fII?_KGo`p?_?o_GGA@?WC?_G@oG?KK?A@??wG?@`_?Bd,[(21-22)-(18-19)-(15-23)-(13-14)-(12-20)-(9-10)-(8-17)-(7-16)-(6-11)-(4-5)-(2-3)-(0-1)],9.608268737792969e-05,0.06761002540588379,6,True,0
W|fII?_KGo`p?_?o_GGA@?WC?_G@oG?KK?A@??wG?@`_?Bd,[(21-22)-(18-19)-(15-23)-(13-14)-(12-20)-(9-10)-(8-17)-(7-16)-(6-11)-(4-5)-(2-3)-(0-1)],0.00011157989501953125,0.058037757873535156,5,True,0
W|fII?_KGo`p?_?o_GGA@?WC?_G@oG?KK?A@??wG?@`_?Bd,[(20-23)-(18-19)-(15-22)-(13-14)-(12-21)-(9-10)-(8-17)-(7-16)-(6-11)-(4-5)-(2-3)-(0-1)],9.369850158691406e-05,0.08811306953430176,7,False,0
W|fII?_KGo`p?_?o_GGA@?WC?_G@oG?KK?A@??wG?@`_?Bd,[(20-23)-(18-19)-(15-22)-(13-14)-(12-21)-(9-10)-(8-17)-(7-16)-(6-11)-(4-5)-(2-3)-(0-1)],0.00010061264038085938,0.03889203071594238,3,True,0
W|fII?_KGo`p?_?o_GGA@?WC?_G@oG?KK?A@??wG?@`_?Bd,[(20-22)-(18-19)-(15-23)-(13-14)-(12-21)-(9-10)-(8-17)-(7-16)-(6-11)-(4-5)-(2-3)-(0-1)],9.226799011230469e-05,0.04782867431640625,4,False,0
W|fII?_KGo`p?_?o_GGA@?WC?_G@oG?KK?A@??wG?@`_?Bd,[(20-22)-(18-19)-(15-23)-(13-14)-(12-21)-(9-10)-(8-17)-(7-16)-(6-11)-(4-5)-(2-3)-(0-1)],0.00011944770812988281,0.08906054496765137,17,False,0
W|fII?_KGo`p?_?o_GGA@?WC?_G@oG?KK?A@??wG?@`_?Bd,[(20-23)-(18-19)-(15-22)-(14-21)-(12-13)-(9-10)-(8-17)-(7-16)-(6-11)-(4-5)-(2-3)-(0-1)],9.298324584960938e-05,0.020838499069213867,1,True,0
W|fII?_KGo`p?_?o_GGA@?WC?_G@oG?KK?A@??wG?@`_?Bd,[(20-23)-(18-19)-(15-22)-(14-21)-(12-13)-(9-10)-(8-17)-(7-16)-(6-11)-(4-5)-(2-3)-(0-1)],9.417533874511719e-05,0.044127464294433594,4,True,0
W|fII?_KGo`p?_?o_GGA@?WC?_G@oG?KK?A@??wG?@`_?Bd,[(20-22)-(18-19)-(15-23)-(14-21)-(12-13)-(9-10)-(8-17)-(7-16)-(6-11)-(4-5)-(2-3)-(0-1)],9.655952453613281e-05,0.05831003189086914,13,False,0
W|fII?_KGo`p?_?o_GGA@?WC?_G@oG?KK?A@??wG?@`_?Bd,[(20-22)-(18-19)-(15-23)-(14-21)-(12-13)-(9-10)-(8-17)-(7-16)-(6-11)-(4-5)-(2-3)-(0-1)],9.72747802734375e-05,0.03824806213378906,3,True,0
W|fII?_KGo`p?_?o_GGA@?WC?_G@oG?KK?A@??wG?@`_?Bd,[(20-21)-(18-19)-(15-23)-(14-22)-(12-13)-(9-10)-(8-17)-(7-16)-(6-11)-(4-5)-(2-3)-(0-1)],9.298324584960938e-05,0.040886878967285156,4,True,0
W|fII?_KGo`p?_?o_GGA@?WC?_G@oG?KK?A@??wG?@`_?Bd,[(20-21)-(18-19)-(15-23)-(14-22)-(12-13)-(9-10)-(8-17)-(7-16)-(6-11)-(4-5)-(2-3)-(0-1)],9.679794311523438e-05,0.08179974555969238,15,False,0
W|fII?_KGo`p?_?o_GGA@?WC?_G@oG?KK?A@??wG?@`_?Bd,[(22-23)-(20-21)-(18-19)-(14-15)-(12-13)-(9-10)-(8-17)-(7-16)-(6-11)-(4-5)-(2-3)-(0-1)],9.512901306152344e-05,0.03621339797973633,4,True,0
W|fII?_KGo`p?_?o_GGA@?WC?_G@oG?KK?A@??wG?@`_?Bd,[(22-23)-(20-21)-(18-19)-(14-15)-(12-13)-(9-10)-(8-17)-(7-16)-(6-11)-(4-5)-(2-3)-(0-1)],0.00010752677917480469,0.046343326568603516,4,True,0
W|fII?_KGo`p?_?o_GGA@?WC?_G@oG?KK?A@??wG?@`_?Bd,[(21-22)-(20-23)-(18-19)-(14-15)-(12-13)-(9-10)-(8-17)-(7-16)-(6-11)-(4-5)-(2-3)-(0-1)],9.679794311523438e-05,0.049164772033691406,5,False,0
W|fII?_KGo`p?_?o_GGA@?WC?_G@oG?KK?A@??wG?@`_?Bd,[(21-22)-(20-23)-(18-19)-(14-15)-(12-13)-(9-10)-(8-17)-(7-16)-(6-11)-(4-5)-(2-3)-(0-1)],9.822845458984375e-05,0.04397106170654297,4,True,0
W|fII?_KGo`@@`?__WGA@?OC@_G@GG@wC?B???[G??p_?@t,[(18-23)-(15-22)-(14-21)-(13-20)-(10-11)-(9-19)-(8-17)-(7-16)-(6-12)-(4-5)-(2-3)-(0-1)],9.322166442871094e-05,0.05804872512817383,5,True,0
W|fII?_KGo`@@`?__WGA@?OC@_G@GG@wC?B???[G??p_?@t,[(18-23)-(15-22)-(14-21)-(13-20)-(10-11)-(9-19)-(8-17)-(7-16)-(6-12)-(4-5)-(2-3)-(0-1)],9.822845458984375e-05,0.05901288986206055,5,True,0
W|fII?_KGo`@@`?__WGA@?OC@_G@GG@wC?B???[G??p_?@t,[(21-22)-(18-23)-(14-15)-(13-20)-(10-11)-(9-19)-(8-17)-(7-16)-(6-12)-(4-5)-(2-3)-(0-1)],9.584426879882812e-05,0.021500110626220703,1,True,0
W|fII?_KGo`@@`?__WGA@?OC@_G@GG@wC?B???[G??p_?@t,[(21-22)-(18-23)-(14-15)-(13-20)-(10-11)-(9-19)-(8-17)-(7-16)-(6-12)-(4-5)-(2-3)-(0-1)],0.00010609626770019531,0.10455560684204102,14,False,0
W|fII?_KGo`@@`?__WGA@?OC@_G@GG@wC?B???[G??p_?@t,[(20-22)-(18-23)-(14-15)-(13-21)-(10-11)-(9-19)-(8-17)-(7-16)-(6-12)-(4-5)-(2-3)-(0-1)],0.00014495849609375,0.038858652114868164,4,True,0
W|fII?_KGo`@@`?__WGA@?OC@_G@GG@wC?B???[G??p_?@t,[(20-22)-(18-23)-(14-15)-(13-21)-(10-11)-(9-19)-(8-17)-(7-16)-(6-12)-(4-5)-(2-3)-(0-1)],0.0001010894775390625,0.07317852973937988,14,False,0
W|fII?_KGo`@@`?__WGA@?OC@_G@GG@wC?B???[G??p_?@t,[(20-22)-(18-23)-(15-21)-(13-14)-(10-11)-(9-19)-(8-17)-(7-16)-(6-12)-(4-5)-(2-3)-(0-1)],0.00010585784912109375,0.04528212547302246,4,True,0
W|fII?_KGo`@@`?__WGA@?OC@_G@GG@wC?B???[G??p_?@t,[(20-22)-(18-23)-(15-21)-(13-14)-(10-11)-(9-19)-(8-17)-(7-16)-(6-12)-(4-5)-(2-3)-(0-1)],9.799003601074219e-05,0.03308582305908203,3,True,0
W|fII?_KGo`@@`?__WGA@?OC@_G@GG@wC?B???[G??p_?@t,[(20-21)-(18-23)-(15-22)-(13-14)-(10-11)-(9-19)-(8-17)-(7-16)-(6-12)-(4-5)-(2-3)-(0-1)],9.560585021972656e-05,0.03617238998413086,3,True,0
W|fII?_KGo`@@`?__WGA@?OC@_G@GG@wC?B???[G??p_?@t,[(20-21)-(18-23)-(15-22)-(13-14)-(10-11)-(9-19)-(8-17)-(7-16)-(6-12)-(4-5)-(2-3)-(0-1)],9.632110595703125e-05,0.03325629234313965,2,True,0
W|fII?_KGo`@@`?__WGA@?OC@_G@GG@wC?B???[G??p_?@t,[(18-23)-(15-22)-(14-21)-(13-20)-(11-19)-(9-10)-(8-17)-(7-16)-(6-12)-(4-5)-(2-3)-(0-1)],9.703636169433594e-05,0.0243072509765625,2,True,0
W|fII?_KGo`@@`?__WGA@?OC@_G@GG@wC?B???[G??p_?@t,[(18-23)-(15-22)-(14-21)-(13-20)-(11-19)-(9-10)-(8-17)-(7-16)-(6-12)-(4-5)-(2-3)-(0-1)],0.000110626220703125,0.03434014320373535,4,True,0
W|fII?_KGo`@@`?__WGA@?OC@_G@GG@wC?B???[G??p_?@t,[(21-22)-(18-23)-(14-15)-(13-20)-(11-19)-(9-10)-(8-17)-(7-16)-(6-12)-(4-5)-(2-3)-(0-1)],0.00010013580322265625,0.023329496383666992,2,True,0
W|fII?_KGo`@@`?__WGA@?OC@_G@GG@wC?B???[G??p_?@t,[(21-22)-(18-23)-(14-15)-(13-20)-(11-19)-(9-10)-(8-17)-(7-16)-(6-12)-(4-5)-(2-3)-(0-1)],9.965896606445312e-05,0.06886529922485352,6,True,0
W|fII?_KGo`@@`?__WGA@?OC@_G@GG@wC?B???[G??p_?@t,[(20-22)-(18-23)-(14-15)-(13-21)-(11-19)-(9-10)-(8-17)-(7-16)-(6-12)-(4-5)-(2-3)-(0-1)],9.465217590332031e-05,0.04181361198425293,4,True,0
W|fII?_KGo`@@`?__WGA@?OC@_G@GG@wC?B???[G??p_?@t,[(20-22)-(18-23)-(14-15)-(13-21)-(11-19)-(9-10)-(8-17)-(7-16)-(6-12)-(4-5)-(2-3)-(0-1)],0.00010633468627929688,0.0489809513092041,4,False,0
W|fII?_KGo`@@`?__WGA@?OC@_G@GG@wC?B???[G??p_?@t,[(20-22)-(18-23)-(15-21)-(13-14)-(11-19)-(9-10)-(8-17)-(7-16)-(6-12)-(4-5)-(2-3)-(0-1)],9.441375732421875e-05,0.057160377502441406,5,False,0
W|fII?_KGo`@@`?__WGA@?OC@_G@GG@wC?B???[G??p_?@t,[(20-22)-(18-23)-(15-21)-(13-14)-(11-19)-(9-10)-(8-17)-(7-16)-(6-12)-(4-5)-(2-3)-(0-1)],0.000110626220703125,0.045432090759277344,4,True,0
W|fII?_KGo`@@`?__WGA@?OC@_G@GG@wC?B???[G??p_?@t,[(20-21)-(18-23)-(15-22)-(13-14)-(11-19)-(9-10)-(8-17)-(7-16)-(6-12)-(4-5)-(2-3)-(0-1)],0.0001010894775390625,0.06843781471252441,7,True,0
W|fII?_KGo`@@`?__WGA@?OC@_G@GG@wC?B???[G??p_?@t,[(20-21)-(18-23)-(15-22)-(13-14)-(11-19)-(9-10)-(8-17)-(7-16)-(6-12)-(4-5)-(2-3)-(0-1)],9.846687316894531e-05,0.05465841293334961,4,False,0
W|eIID?GH_b@B@@_?WGA@?WC?_G@_G?{??BB??[???w_??v,[(17-23)-(15-22)-(14-21)-(13-20)-(11-12)-(10-19)-(9-18)-(8-16)-(6-7)-(4-5)-(2-3)-(0-1)],0.00010323524475097656,0.08646941184997559,17,False,0
W|eIID?GH_b@B@@_?WGA@?WC?_G@_G?{??BB??[???w_??v,[(17-23)-(15-22)-(14-21)-(13-20)-(11-12)-(10-19)-(9-18)-(8-16)-(6-7)-(4-5)-(2-3)-(0-1)],9.846687316894531e-05,0.037523746490478516,3,True,0
W|eIID?GH_b@B@@_?WGA@?WC?_G@_G?{??BB??[???w_??v,[(21-23)-(17-22)-(14-15)-(13-20)-(11-12)-(10-19)-(9-18)-(8-16)-(6-7)-(4-5)-(2-3)-(0-1)],9.441375732421875e-05,0.039778709411621094,3,True,0
W|eIID?GH_b@B@@_?WGA@?WC?_G@_G?{??BB??[???w_??v,[(21-23)-(17-22)-(14-15)-(13-20)-(11-12)-(10-19)-(9-18)-(8-16)-(6-7)-(4-5)-(2-3)-(0-1)],9.72747802734375e-05,0.043029069900512695,4,True,0
W|eIID?GH_b@B@@_?WGA@?WC?_G@_G?{??BB??[???w_??v,[(21-22)-(17-23)-(14-15)-(13-20)-(11-12)-(10-19)-(9-18)-(8-16)-(6-7)-(4-5)-(2-3)-(0-1)],9.417533874511719e-05,0.1125035285949707,19,False,0
W|eIID?GH_b@B@@_?WGA@?WC?_G@_G?{??BB??[???w_??v,[(21-22)-(17-23)-(14-15)-(13-20)-(11-12)-(10-19)-(9-18)-(8-16)-(6-7)-(4-5)-(2-3)-(0-1)],9.751319885253906e-05,0.051104068756103516,5,False,0
W|eIID?GH_b@B@@_?WGA@?WC?_G@_G?{??BB??[???w_??v,[(20-23)-(17-22)-(14-15)-(13-21)-(11-12)-(10-19)-(9-18)-(8-16)-(6-7)-(4-5)-(2-3)-(0-1)],9.608268737792969e-05,0.056189537048339844,6,False,0
W|eIID?GH_b@B@@_?WGA@?WC?_G@_G?{??BB??[???w_??v,[(20-23)-(17-22)-(14-15)-(13-21)-(11-12)-(10-19)-(9-18)-(8-16)-(6-7)-(4-5)-(2-3)-(0-1)],9.655952453613281e-05,0.03734087944030762,3,True,0
W|eIID?GH_b@B@@_?WGA@?WC?_G@_G?{??BB??[???w_??v,[(20-23)-(17-22)-(15-21)-(13-14)-(11-12)-(10-19)-(9-18)-(8-16)-(6-7)-(4-5)-(2-3)-(0-1)],9.751319885253906e-05,0.07776308059692383,15,False,0
W|eIID?GH_b@B@@_?WGA@?WC?_G@_G?{??BB??[???w_??v,[(20-23)-(17-22)-(15-21)-(13-14)-(11-12)-(10-19)-(9-18)-(8-16)-(6-7)-(4-5)-(2-3)-(0-1)],0.00010943412780761719,0.04794144630432129,5,True,0
W|eIID?GH_b@B@@_?WGA@?WC?_G@_G?{??BB??[???w_??v,[(17-23)-(15-22)-(14-21)-(13-20)-(12-19)-(10-11)-(9-18)-(8-16)-(6-7)-(4-5)-(2-3)-(0-1)],9.584426879882812e-05,0.038240909576416016,3,True,0
W|eIID?GH_b@B@@_?WGA@?WC?_G@_G?{??BB??[???w_??v,[(17-23)-(15-22)-(14-21)-(13-20)-(12-19)-(10-11)-(9-18)-(8-16)-(6-7)-(4-5)-(2-3)-(0-1)],9.846687316894531e-05,0.06480288505554199,6,True,0
W|eIID?GH_b@B@@_?WGA@?WC?_G@_G?{??BB??[???w_??v,[(21-23)-(17-22)-(14-15)-(13-20)-(12-19)-(10-11)-(9-18)-(8-16)-(6-7)-(4-5)-(2-3)-(0-1)],0.0001575946807861328,0.05175304412841797,4,True,0
W|eIID?GH_b@B@@_?WGA@?WC?_G@_G?{??BB??[???w_??v,[(21-23)-(17-22)-(14-15)-(13-20)-(12-19)-(10-11)-(9-18)-(8-16)-(6-7)-(4-5)-(2-3)-(0-1)],9.775161743164062e-05,0.022255420684814453,2,True,0
W|eIID?GH_b@B@@_?WGA@?WC?_G@_G?{??BB??[???w_??v,[(21-22)-(17-23)-(14-15)-(13-20)-(12-19)-(10-11)-(9-18)-(8-16)-(6-7)-(4-5)-(2-3)-(0-1)],9.870529174804688e-05,0.05224800109863281,5,True,0
W|eIID?GH_b@B@@_?WGA@?WC?_G@_G?{??BB??[???w_??v,[(21-22)-(17-23)-(14-15)-(13-20)-(12-19)-(10-11)-(9-18)-(8-16)-(6-7)-(4-5)-(2-3)-(0-1)],0.00010037422180175781,0.10830211639404297,8,True,0
W|eIID?GH_b@B@@_?WGA@?WC?_G@_G?{??BB??[???w_??v,[(20-23)-(17-22)-(14-15)-(13-21)-(12-19)-(10-11)-(9-18)-(8-16)-(6-7)-(4-5)-(2-3)-(0-1)],9.274482727050781e-05,0.02033519744873047,1,True,0
W|eIID?GH_b@B@@_?WGA@?WC?_G@_G?{??BB??[???w_??v,[(20-23)-(17-22)-(14-15)-(13-21)-(12-19)-(10-11)-(9-18)-(8-16)-(6-7)-(4-5)-(2-3)-(0-1)],9.799003601074219e-05,0.0364990234375,3,False,0
W|eIID?GH_b@B@@_?WGA@?WC?_G@_G?{??BB??[???w_??v,[(20-23)-(17-22)-(15-21)-(13-14)-(12-19)-(10-11)-(9-18)-(8-16)-(6-7)-(4-5)-(2-3)-(0-1)],0.00010037422180175781,0.0579533576965332,5,True,0
W|eIID?GH_b@B@@_?WGA@?WC?_G@_G?{??BB??[???w_??v,[(20-23)-(17-22)-(15-21)-(13-14)-(12-19)-(10-11)-(9-18)-(8-16)-(6-7)-(4-5)-(2-3)-(0-1)],9.870529174804688e-05,0.029296875,2,True,0
W|eII@@GH_b@B@@__OGE@?OC@_G@_G?wC?AB??WG?@o_?@f,[(20-23)-(15-22)-(14-21)-(11-12)-(10-19)-(9-18)-(8-17)-(7-16)-(6-13)-(4-5)-(2-3)-(0-1)],9.751319885253906e-05,0.11280989646911621,14,True,0
W|eII@@GH_b@B@@__OGE@?OC@_G@_G?wC?AB??WG?@o_?@f,[(20-23)-(15-22)-(14-21)-(11-12)-(10-19)-(9-18)-(8-17)-(7-16)-(6-13)-(4-5)-(2-3)-(0-1)],0.00010037422180175781,0.07958793640136719,16,False,0
W|eII@@GH_b@B@@__OGE@?OC@_G@_G?wC?AB??WG?@o_?@f,[(22-23)-(20-21)-(14-15)-(11-12)-(10-19)-(9-18)-(8-17)-(7-16)-(6-13)-(4-5)-(2-3)-(0-1)],9.489059448242188e-05,0.051514625549316406,5,False,0
W|eII@@GH_b@B@@__OGE@?OC@_G@_G?wC?AB??WG?@o_?@f,[(22-23)-(20-21)-(14-15)-(11-12)-(10-19)-(9-18)-(8-17)-(7-16)-(6-13)-(4-5)-(2-3)-(0-1)],9.5367431640625e-05,0.03325033187866211,3,True,0
W|eII@@GH_b@B@@__OGE@?OC@_G@_G?wC?AB??WG?@o_?@f,[(21-22)-(20-23)-(14-15)-(11-12)-(10-19)-(9-18)-(8-17)-(7-16)-(6-13)-(4-5)-(2-3)-(0-1)],9.34600830078125e-05,0.06397724151611328,6,True,0
W|eII@@GH_b@B@@__OGE@?OC@_G@_G?wC?AB??WG?@o_?@f,[(21-22)-(20-23)-(14-15)-(11-12)-(10-19)-(9-18)-(8-17)-(7-16)-(6-13)-(4-5)-(2-3)-(0-1)],0.00010037422180175781,0.0534975528717041,5,True,0
W|eII@@GH_b@B@@__OGE@?OC@_G@_G?wC?AB??WG?@o_?@f,[(20-23)-(18-19)-(15-22)-(14-21)-(11-12)-(9-10)-(8-17)-(7-16)-(6-13)-(4-5)-(2-3)-(0-1)],9.5367431640625e-05,0.14336228370666504,20,False,0
W|eII@@GH_b@B@@__OGE@?OC@_G@_G?wC?AB??WG?@o_?@f,[(20-23)-(18-19)-(15-22)-(14-21)-(11-12)-(9-10)-(8-17)-(7-16)-(6-13)-(4-5)-(2-3)-(0-1)],9.775161743164062e-05,0.08701968193054199,15,False,0
W|eII@@GH_b@B@@__OGE@?OC@_G@_G?wC?AB??WG?@o_?@f,[(22-23)-(20-21)-(18-19)-(14-15)-(11-12)-(9-10)-(8-17)-(7-16)-(6-13)-(4-5)-(2-3)-(0-1)],9.799003601074219e-05,0.03815269470214844,3,True,0
W|eII@@GH_b@B@@__OGE@?OC@_G@_G?wC?AB??WG?@o_?@f,[(22-23)-(20-21)-(18-19)-(14-15)-(11-12)-(9-10)-(8-17)-(7-16)-(6-13)-(4-5)-(2-3)-(0-1)],9.965896606445312e-05,0.07109928131103516,6,True,0
W|eII@@GH_b@B@@__OGE@?OC@_G@_G?wC?AB??WG?@o_?@f,[(21-22)-(20-23)-(18-19)-(14-15)-(11-12)-(9-10)-(8-17)-(7-16)-(6-13)-(4-5)-(2-3)-(0-1)],9.989738464355469e-05,0.03448629379272461,3,True,0
W|eII@@GH_b@B@@__OGE@?OC@_G@_G?wC?AB??WG?@o_?@f,[(21-22)-(20-23)-(18-19)-(14-15)-(11-12)-(9-10)-(8-17)-(7-16)-(6-13)-(4-5)-(2-3)-(0-1)],9.870529174804688e-05,0.03444218635559082,3,False,0
W|eII@@GH_b@B@@__OGE@?OC@_G@_G?wC?AB??WG?@o_?@f,[(17-23)-(15-22)-(14-21)-(12-20)-(10-11)-(9-19)-(8-18)-(7-16)-(6-13)-(4-5)-(2-3)-(0-1)],0.00010013580322265625,0.03202342987060547,2,True,0
W|eII@@GH_b@B@@__OGE@?OC@_G@_G?wC?AB??WG?@o_?@f,[(17-23)-(15-22)-(14-21)-(12-20)-(10-11)-(9-19)-(8-18)-(7-16)-(6-13)-(4-5)-(2-3)-(0-1)],0.00010776519775390625,0.08211779594421387,15,False,0
W|eII@@GH_b@B@@__OGE@?OC@_G@_G?wC?AB??WG?@o_?@f,[(21-22)-(17-23)-(14-15)-(12-20)-(10-11)-(9-19)-(8-18)-(7-16)-(6-13)-(4-5)-(2-3)-(0-1)],9.608268737792969e-05,0.03528094291687012,3,True,0
W|eII@@GH_b@B@@__OGE@?OC@_G@_G?wC?AB??WG?@o_?@f,[(21-22)-(17-23)-(14-15)-(12-20)-(10-11)-(9-19)-(8-18)-(7-16)-(6-13)-(4-5)-(2-3)-(0-1)],9.989738464355469e-05,0.03882431983947754,3,True,0
W|eII@@GH_b@B@@__OGE@?OC@_G@_G?wC?AB??WG?@o_?@f,[(17-23)-(15-22)-(14-21)-(12-20)-(11-19)-(9-10)-(8-18)-(7-16)-(6-13)-(4-5)-(2-3)-(0-1)],9.441375732421875e-05,0.029974699020385742,2,True,0
W|eII@@GH_b@B@@__OGE@?OC@_G@_G?wC?AB??WG?@o_?@f,[(17-23)-(15-22)-(14-21)-(12-20)-(11-19)-(9-10)-(8-18)-(7-16)-(6-13)-(4-5)-(2-3)-(0-1)],9.632110595703125e-05,0.0353703498840332,3,True,0
W|eII@@GH_b@B@@__OGE@?OC@_G@_G?wC?AB??WG?@o_?@f,[(21-22)-(17-23)-(14-15)-(12-20)-(11-19)-(9-10)-(8-18)-(7-16)-(6-13)-(4-5)-(2-3)-(0-1)],9.584426879882812e-05,0.036539316177368164,3,True,0
W|eII@@GH_b@B@@__OGE@?OC@_G@_G?wC?AB??WG?@o_?@f,[(21-22)-(17-23)-(14-15)-(12-20)-(11-19)-(9-10)-(8-18)-(7-16)-(6-13)-(4-5)-(2-3)-(0-1)],9.942054748535156e-05,0.02701568603515625,2,True,0
W|fIBCpEGW_`?_?__]G?W?@C?EG?CG?EC?@P??EG??[_??^,[(22-23)-(20-21)-(18-19)-(15-16)-(13-14)-(12-17)-(10-11)-(8-9)-(6-7)-(4-5)-(2-3)-(0-1)],9.202957153320312e-05,0.07274794578552246,14,False,0
W|fIBCpEGW_`?_?__]G?W?@C?EG?CG?EC?@P??EG??[_??^,[(22-23)-(20-21)-(18-19)-(15-16)-(13-14)-(12-17)-(10-11)-(8-9)-(6-7)-(4-5)-(2-3)-(0-1)],9.679794311523438e-05,0.07558155059814453,8,True,0
W|fIBCpEGW_`?_?__]G?W?@C?EG?CG?EC?@P??EG??[_??^,[(21-22)-(20-23)-(18-19)-(15-16)-(13-14)-(12-17)-(10-11)-(8-9)-(6-7)-(4-5)-(2-3)-(0-1)],9.72747802734375e-05,0.022691965103149414,1,True,0
W|fIBCpEGW_`?_?__]G?W?@C?EG?CG?EC?@P??EG??[_??^,[(21-22)-(20-23)-(18-19)-(15-16)-(13-14)-(12-17)-(10-11)-(8-9)-(6-7)-(4-5)-(2-3)-(0-1)],9.846687316894531e-05,0.0329439640045166,2,True,0
W|fIBCpEGW_`?_?__]G?W?@C?EG?CG?EC?@P??EG??[_??^,[(21-23)-(19-20)-(18-22)-(15-16)-(13-14)-(12-17)-(10-11)-(8-9)-(6-7)-(4-5)-(2-3)-(0-1)],9.417533874511719e-05,0.07903313636779785,6,False,0
W|fIBCpEGW_`?_?__]G?W?@C?EG?CG?EC?@P??EG??[_??^,[(21-23)-(19-20)-(18-22)-(15-16)-(13-14)-(12-17)-(10-11)-(8-9)-(6-7)-(4-5)-(2-3)-(0-1)],0.00011444091796875,0.02561497688293457,2,True,0
W|fIBCpEGW_`?_?__]G?W?@C?EG?CG?EC?@P??EG??[_??^,[(20-21)-(19-23)-(18-22)-(15-16)-(13-14)-(12-17)-(10-11)-(8-9)-(6-7)-(4-5)-(2-3)-(0-1)],9.870529174804688e-05,0.032989501953125,3,True,0
W|fIBCpEGW_`?_?__]G?W?@C?EG?CG?EC?@P??EG??[_??^,[(20-21)-(19-23)-(18-22)-(15-16)-(13-14)-(12-17)-(10-11)-(8-9)-(6-7)-(4-5)-(2-3)-(0-1)],0.00010776519775390625,0.053984642028808594,6,True,0
W|fIBCpEGW_`?_?__]G?W?@C?EG?CG?EC?@P??EG??[_??^,[(21-22)-(19-20)-(18-23)-(15-16)-(13-14)-(12-17)-(10-11)-(8-9)-(6-7)-(4-5)-(2-3)-(0-1)],9.703636169433594e-05,0.10888338088989258,11,True,0
W|fIBCpEGW_`?_?__]G?W?@C?EG?CG?EC?@P??EG??[_??^,[(21-22)-(19-20)-(18-23)-(15-16)-(13-14)-(12-17)-(10-11)-(8-9)-(6-7)-(4-5)-(2-3)-(0-1)],0.00010585784912109375,0.02807903289794922,2,True,0
W|fIBCpEGW_`?_?__]G?W?@C?EG?CG?EC?@P??EG??[_??^,[(22-23)-(18-19)-(16-21)-(15-20)-(13-14)-(12-17)-(10-11)-(8-9)-(6-7)-(4-5)-(2-3)-(0-1)],0.00011491775512695312,0.03083968162536621,2,True,0
W|fIBCpEGW_`?_?__]G?W?@C?EG?CG?EC?@P??EG??[_??^,[(22-23)-(18-19)-(16-21)-(15-20)-(13-14)-(12-17)-(10-11)-(8-9)-(6-7)-(4-5)-(2-3)-(0-1)],9.918212890625e-05,0.07146883010864258,6,True,0
W|fIBCpEGW_`?_?__]G?W?@C?EG?CG?EC?@P??EG??[_??^,[(19-23)-(18-22)-(16-21)-(15-20)-(13-14)-(12-17)-(10-11)-(8-9)-(6-7)-(4-5)-(2-3)-(0-1)],9.72747802734375e-05,0.031839609146118164,2,True,0
W|fIBCpEGW_`?_?__]G?W?@C?EG?CG?EC?@P??EG??[_??^,[(19-23)-(18-22)-(16-21)-(15-20)-(13-14)-(12-17)-(10-11)-(8-9)-(6-7)-(4-5)-(2-3)-(0-1)],0.00010061264038085938,0.06432080268859863,5,False,0
W|fIBCpEGW_`?_?__]G?W?@C?EG?CG?EC?@P??EG??[_??^,[(21-23)-(18-19)-(16-22)-(15-20)-(13-14)-(12-17)-(10-11)-(8-9)-(6-7)-(4-5)-(2-3)-(0-1)],9.512901306152344e-05,0.10168147087097168,10,True,0
W|fIBCpEGW_`?_?__]G?W?@C?EG?CG?EC?@P??EG??[_??^,[(21-23)-(18-19)-(16-22)-(15-20)-(13-14)-(12-17)-(10-11)-(8-9)-(6-7)-(4-5)-(2-3)-(0-1)],9.560585021972656e-05,0.039740562438964844,3,True,0
W|fIBCpEGW_`?_?__]G?W?@C?EG?CG?EC?@P??EG??[_??^,[(20-23)-(18-19)-(16-22)-(15-21)-(13-14)-(12-17)-(10-11)-(8-9)-(6-7)-(4-5)-(2-3)-(0-1)],9.512901306152344e-05,0.04119753837585449,5,True,0
W|fIBCpEGW_`?_?__]G?W?@C?EG?CG?EC?@P??EG??[_??^,[(20-23)-(18-19)-(16-22)-(15-21)-(13-14)-(12-17)-(10-11)-(8-9)-(6-7)-(4-5)-(2-3)-(0-1)],0.00010800361633300781,0.04534482955932617,4,False,0
W|fIBCpEGW_`?_?__]G?W?@C?EG?CG?EC?@P??EG??[_??^,[(19-20)-(18-23)-(16-22)-(15-21)-(13-14)-(12-17)-(10-11)-(8-9)-(6-7)-(4-5)-(2-3)-(0-1)],9.632110595703125e-05,0.05505013465881348,5,True,0
W|fIBCpEGW_`?_?__]G?W?@C?EG?CG?EC?@P??EG??[_??^,[(19-20)-(18-23)-(16-22)-(15-21)-(13-14)-(12-17)-(10-11)-(8-9)-(6-7)-(4-5)-(2-3)-(0-1)],9.965896606445312e-05,0.05079245567321777,4,False,0
W|fIBCpEGO_`@_?a?^??I?@C?EG?CG?EC?@P??EG??[_??^,[(21-23)-(18-22)-(15-20)-(13-19)-(12-17)-(11-16)-(10-14)-(8-9)-(6-7)-(4-5)-(2-3)-(0-1)],9.393692016601562e-05,0.05373263359069824,5,True,0
W|fIBCpEGO_`@_?a?^??I?@C?EG?CG?EC?@P??EG??[_??^,[(21-23)-(18-22)-(15-20)-(13-19)-(12-17)-(11-16)-(10-14)-(8-9)-(6-7)-(4-5)-(2-3)-(0-1)],9.989738464355469e-05,0.07575678825378418,8,False,0
W|fIBCpEGO_`@_?a?^??I?@C?EG?CG?EC?@P??EG??[_??^,[(21-22)-(18-23)-(15-20)-(13-19)-(12-17)-(11-16)-(10-14)-(8-9)-(6-7)-(4-5)-(2-3)-(0-1)],0.00011372566223144531,0.046086788177490234,4,True,0
W|fIBCpEGO_`@_?a?^??I?@C?EG?CG?EC?@P??EG??[_??^,[(21-22)-(18-23)-(15-20)-(13-19)-(12-17)-(11-16)-(10-14)-(8-9)-(6-7)-(4-5)-(2-3)-(0-1)],0.00010132789611816406,0.09325861930847168,16,False,0
W|fIBCpEGO_`@_?a?^??I?@C?EG?CG?EC?@P??EG??[_??^,[(20-23)-(18-22)-(15-21)-(13-19)-(12-17)-(11-16)-(10-14)-(8-9)-(6-7)-(4-5)-(2-3)-(0-1)],0.00012087821960449219,0.026350736618041992,2,True,0
W|fIBCpEGO_`@_?a?^??I?@C?EG?CG?EC?@P??EG??[_??^,[(20-23)-(18-22)-(15-21)-(13-19)-(12-17)-(11-16)-(10-14)-(8-9)-(6-7)-(4-5)-(2-3)-(0-1)],9.632110595703125e-05,0.027309179306030273,2,True,0
W|fIBCpEGO_`@_?a?^??I?@C?EG?CG?EC?@P??EG??[_??^,[(22-23)-(18-19)-(15-21)-(13-20)-(12-17)-(11-16)-(10-14)-(8-9)-(6-7)-(4-5)-(2-3)-(0-1)],0.00010967254638671875,0.027701139450073242,2,True,0
W|fIBCpEGO_`@_?a?^??I?@C?EG?CG?EC?@P??EG??[_??^,[(22-23)-(18-19)-(15-21)-(13-20)-(12-17)-(11-16)-(10-14)-(8-9)-(6-7)-(4-5)-(2-3)-(0-1)],9.751319885253906e-05,0.025285959243774414,2,True,0
W|fIBCpEGO_`@_?a?^??I?@C?EG?CG?EC?@P??EG??[_??^,[(19-23)-(18-22)-(15-21)-(13-20)-(12-17)-(11-16)-(10-14)-(8-9)-(6-7)-(4-5)-(2-3)-(0-1)],9.512901306152344e-05,0.03464484214782715,3,True,0
W|fIBCpEGO_`@_?a?^??I?@C?EG?CG?EC?@P??EG??[_??^,[(19-23)-(18-22)-(15-21)-(13-20)-(12-17)-(11-16)-(10-14)-(8-9)-(6-7)-(4-5)-(2-3)-(0-1)],9.989738464355469e-05,0.045516014099121094,4,True,0
W|fIBCpEGO_`@_?a?^??I?@C?EG?CG?EC?@P??EG??[_??^,[(22-23)-(20-21)-(18-19)-(13-15)-(12-17)-(11-16)-(10-14)-(8-9)-(6-7)-(4-5)-(2-3)-(0-1)],9.5367431640625e-05,0.0464475154876709,4,True,0
W|fIBCpEGO_`@_?a?^??I?@C?EG?CG?EC?@P??EG??[_??^,[(22-23)-(20-21)-(18-19)-(13-15)-(12-17)-(11-16)-(10-14)-(8-9)-(6-7)-(4-5)-(2-3)-(0-1)],0.00010323524475097656,0.034422874450683594,3,True,0
W|fIBCpEGO_`@_?a?^??I?@C?EG?CG?EC?@P??EG??[_??^,[(21-22)-(20-23)-(18-19)-(13-15)-(12-17)-(11-16)-(10-14)-(8-9)-(6-7)-(4-5)-(2-3)-(0-1)],0.00010013580322265625,0.03578686714172363,3,True,0
W|fIBCpEGO_`@_?a?^??I?@C?EG?CG?EC?@P??EG??[_??^,[(21-22)-(20-23)-(18-19)-(13-15)-(12-17)-(11-16)-(10-14)-(8-9)-(6-7)-(4-5)-(2-3)-(0-1)],9.679794311523438e-05,0.021665573120117188,1,True,0
W|fIBCpEGO_`@_?a?^??I?@C?EG?CG?EC?@P??EG??[_??^,[(21-23)-(19-20)-(18-22)-(13-15)-(12-17)-(11-16)-(10-14)-(8-9)-(6-7)-(4-5)-(2-3)-(0-1)],0.00010061264038085938,0.04956197738647461,5,True,0
W|fIBCpEGO_`@_?a?^??I?@C?EG?CG?EC?@P??EG??[_??^,[(21-23)-(19-20)-(18-22)-(13-15)-(12-17)-(11-16)-(10-14)-(8-9)-(6-7)-(4-5)-(2-3)-(0-1)],9.894371032714844e-05,0.1175236701965332,18,False,0
W|fIBCpEGO_`@_?a?^??I?@C?EG?CG?EC?@P??EG??[_??^,[(20-21)-(19-23)-(18-22)-(13-15)-(12-17)-(11-16)-(10-14)-(8-9)-(6-7)-(4-5)-(2-3)-(0-1)],9.5367431640625e-05,0.07123970985412598,6,True,0
W|fIBCpEGO_`@_?a?^??I?@C?EG?CG?EC?@P??EG??[_??^,[(20-21)-(19-23)-(18-22)-(13-15)-(12-17)-(11-16)-(10-14)-(8-9)-(6-7)-(4-5)-(2-3)-(0-1)],9.965896606445312e-05,0.07234001159667969,7,True,0
W|fIBCpEGO_`@_?a?^??I?@C?EG?CG?EC?@P??EG??[_??^,[(21-22)-(19-20)-(18-23)-(13-15)-(12-17)-(11-16)-(10-14)-(8-9)-(6-7)-(4-5)-(2-3)-(0-1)],9.512901306152344e-05,0.046479225158691406,5,False,0
W|fIBCpEGO_`@_?a?^??I?@C?EG?CG?EC?@P??EG??[_??^,[(21-22)-(19-20)-(18-23)-(13-15)-(12-17)-(11-16)-(10-14)-(8-9)-(6-7)-(4-5)-(2-3)-(0-1)],0.00010204315185546875,0.05346941947937012,5,False,0
W|eIID_KGo`_@`?__GGA@?WC?wG?WG?M??@`??KG??s_??^,[(22-23)-(15-21)-(14-20)-(12-13)-(11-19)-(10-18)-(9-17)-(8-16)-(6-7)-(4-5)-(2-3)-(0-1)],9.34600830078125e-05,0.06279730796813965,13,False,0
W|eIID_KGo`_@`?__GGA@?WC?wG?WG?M??@`??KG??s_??^,[(22-23)-(15-21)-(14-20)-(12-13)-(11-19)-(10-18)-(9-17)-(8-16)-(6-7)-(4-5)-(2-3)-(0-1)],9.751319885253906e-05,0.0454249382019043,5,True,0
W|eIID_KGo`_@`?__GGA@?WC?wG?WG?M??@`??KG??s_??^,[(21-23)-(15-22)-(14-20)-(12-13)-(11-19)-(10-18)-(9-17)-(8-16)-(6-7)-(4-5)-(2-3)-(0-1)],9.441375732421875e-05,0.03661179542541504,3,True,0
W|eIID_KGo`_@`?__GGA@?WC?wG?WG?M??@`??KG??s_??^,[(21-23)-(15-22)-(14-20)-(12-13)-(11-19)-(10-18)-(9-17)-(8-16)-(6-7)-(4-5)-(2-3)-(0-1)],9.751319885253906e-05,0.027263641357421875,2,True,0
W|eIID_KGo`_@`?__GGA@?WC?wG?WG?M??@`??KG??s_??^,[(20-23)-(15-22)-(14-21)-(12-13)-(11-19)-(10-18)-(9-17)-(8-16)-(6-7)-(4-5)-(2-3)-(0-1)],9.72747802734375e-05,0.08718657493591309,9,True,0
W|eIID_KGo`_@`?__GGA@?WC?wG?WG?M??@`??KG??s_??^,[(20-23)-(15-22)-(14-21)-(12-13)-(11-19)-(10-18)-(9-17)-(8-16)-(6-7)-(4-5)-(2-3)-(0-1)],9.989738464355469e-05,0.030374765396118164,3,True,0
W|eIID_KGo`_@`?__GGA@?WC?wG?WG?M??@`??KG??s_??^,[(22-23)-(20-21)-(14-15)-(12-13)-(11-19)-(10-18)-(9-17)-(8-16)-(6-7)-(4-5)-(2-3)-(0-1)],0.0001926422119140625,0.052549123764038086,4,False,0
W|eIID_KGo`_@`?__GGA@?WC?wG?WG?M??@`??KG??s_??^,[(22-23)-(20-21)-(14-15)-(12-13)-(11-19)-(10-18)-(9-17)-(8-16)-(6-7)-(4-5)-(2-3)-(0-1)],0.00010204315185546875,0.02928757667541504,3,True,0
W|eIID_KGo`_@`?__GGA@?WC?wG?WG?M??@`??KG??s_??^,[(21-22)-(20-23)-(14-15)-(12-13)-(11-19)-(10-18)-(9-17)-(8-16)-(6-7)-(4-5)-(2-3)-(0-1)],9.751319885253906e-05,0.05637359619140625,5,True,0
W|eIID_KGo`_@`?__GGA@?WC?wG?WG?M??@`??KG??s_??^,[(21-22)-(20-23)-(14-15)-(12-13)-(11-19)-(10-18)-(9-17)-(8-16)-(6-7)-(4-5)-(2-3)-(0-1)],0.00010061264038085938,0.04321885108947754,4,True,0
W|eIID_KGo`_@`?__GGA@?WC?wG?WG?M??@`??KG??s_??^,[(22-23)-(15-21)-(14-20)-(13-19)-(11-12)-(10-18)-(9-17)-(8-16)-(6-7)-(4-5)-(2-3)-(0-1)],9.608268737792969e-05,0.06366991996765137,6,True,0
W|eIID_KGo`_@`?__GGA@?WC?wG?WG?M??@`??KG??s_??^,[(22-23)-(15-21)-(14-20)-(13-19)-(11-12)-(10-18)-(9-17)-(8-16)-(6-7)-(4-5)-(2-3)-(0-1)],9.918212890625e-05,0.04688382148742676,5,True,0
W|eIID_KGo`_@`?__GGA@?WC?wG?WG?M??@`??KG??s_??^,[(21-23)-(15-22)-(14-20)-(13-19)-(11-12)-(10-18)-(9-17)-(8-16)-(6-7)-(4-5)-(2-3)-(0-1)],9.34600830078125e-05,0.023012638092041016,2,True,0
W|eIID_KGo`_@`?__GGA@?WC?wG?WG?M??@`??KG??s_??^,[(21-23)-(15-22)-(14-20)-(13-19)-(11-12)-(10-18)-(9-17)-(8-16)-(6-7)-(4-5)-(2-3)-(0-1)],0.00010085105895996094,0.0591583251953125,13,False,0
W|eIID_KGo`_@`?__GGA@?WC?wG?WG?M??@`??KG??s_??^,[(20-23)-(15-22)-(14-21)-(13-19)-(11-12)-(10-18)-(9-17)-(8-16)-(6-7)-(4-5)-(2-3)-(0-1)],9.512901306152344e-05,0.05953860282897949,13,False,0
W|eIID_KGo`_@`?__GGA@?WC?wG?WG?M??@`??KG??s_??^,[(20-23)-(15-22)-(14-21)-(13-19)-(11-12)-(10-18)-(9-17)-(8-16)-(6-7)-(4-5)-(2-3)-(0-1)],9.608268737792969e-05,0.03591132164001465,3,True,0
W|eIID_KGo`_@`?__GGA@?WC?wG?WG?M??@`??KG??s_??^,[(22-23)-(20-21)-(14-15)-(13-19)-(11-12)-(10-18)-(9-17)-(8-16)-(6-7)-(4-5)-(2-3)-(0-1)],9.584426879882812e-05,0.020914554595947266,1,True,0
W|eIID_KGo`_@`?__GGA@?WC?wG?WG?M??@`??KG??s_??^,[(22-23)-(20-21)-(14-15)-(13-19)-(11-12)-(10-18)-(9-17)-(8-16)-(6-7)-(4-5)-(2-3)-(0-1)],9.965896606445312e-05,0.053208112716674805,6,True,0
W|eIID_KGo`_@`?__GGA@?WC?wG?WG?M??@`??KG??s_??^,[(21-22)-(20-23)-(14-15)-(13-19)-(11-12)-(10-18)-(9-17)-(8-16)-(6-7)-(4-5)-(2-3)-(0-1)],0.00010728836059570312,0.03804731369018555,3,True,0
W|eIID_KGo`_@`?__GGA@?WC?wG?WG?M??@`??KG??s_??^,[(21-22)-(20-23)-(14-15)-(13-19)-(11-12)-(10-18)-(9-17)-(8-16)-(6-7)-(4-5)-(2-3)-(0-1)],9.72747802734375e-05,0.056765079498291016,5,True,0
W|fIIC`GG_b@B@?__W?B@?GC?OG?oG?]C?@E??WG?@o_?@f,[(20-23)-(15-22)-(14-21)-(12-13)-(11-19)-(10-18)-(9-17)-(8-16)-(6-7)-(4-5)-(2-3)-(0-1)],0.00011181831359863281,0.08765769004821777,9,True,0
W|fIIC`GG_b@B@?__W?B@?GC?OG?oG?]C?@E??WG?@o_?@f,[(20-23)-(15-22)-(14-21)-(12-13)-(11-19)-(10-18)-(9-17)-(8-16)-(6-7)-(4-5)-(2-3)-(0-1)],9.894371032714844e-05,0.03405022621154785,3,True,0
W|fIIC`GG_b@B@?__W?B@?GC?OG?oG?]C?@E??WG?@o_?@f,[(22-23)-(20-21)-(14-15)-(12-13)-(11-19)-(10-18)-(9-17)-(8-16)-(6-7)-(4-5)-(2-3)-(0-1)],9.5367431640625e-05,0.059853553771972656,5,False,0
W|fIIC`GG_b@B@?__W?B@?GC?OG?oG?]C?@E??WG?@o_?@f,[(22-23)-(20-21)-(14-15)-(12-13)-(11-19)-(10-18)-(9-17)-(8-16)-(6-7)-(4-5)-(2-3)-(0-1)],0.00010585784912109375,0.061650991439819336,5,True,0
W|fIIC`GG_b@B@?__W?B@?GC?OG?oG?]C?@E??WG?@o_?@f,[(21-22)-(20-23)-(14-15)-(12-13)-(11-19)-(10-18)-(9-17)-(8-16)-(6-7)-(4-5)-(2-3)-(0-1)],9.417533874511719e-05,0.046391963958740234,5,True,0
W|fIIC`GG_b@B@?__W?B@?GC?OG?oG?]C?@E??WG?@o_?@f,[(21-22)-(20-23)-(14-15)-(12-13)-(11-19)-(10-18)-(9-17)-(8-16)-(6-7)-(4-5)-(2-3)-(0-1)],0.00011587142944335938,0.024254560470581055,1,True,0
W|fIIC`GG_b@B@?__W?B@?GC?OG?oG?]C?@E??WG?@o_?@f,[(20-23)-(15-22)-(14-21)-(13-19)-(11-12)-(10-18)-(9-17)-(8-16)-(6-7)-(4-5)-(2-3)-(0-1)],9.584426879882812e-05,0.03566145896911621,3,False,0
W|fIIC`GG_b@B@?__W?B@?GC?OG?oG?]C?@E??WG?@o_?@f,[(20-23)-(15-22)-(14-21)-(13-19)-(11-12)-(10-18)-(9-17)-(8-16)-(6-7)-(4-5)-(2-3)-(0-1)],9.965896606445312e-05,0.026621580123901367,2,True,0
W|fIIC`GG_b@B@?__W?B@?GC?OG?oG?]C?@E??WG?@o_?@f,[(22-23)-(20-21)-(14-15)-(13-19)-(11-12)-(10-18)-(9-17)-(8-16)-(6-7)-(4-5)-(2-3)-(0-1)],9.608268737792969e-05,0.04103589057922363,5,True,0
W|fIIC`GG_b@B@?__W?B@?GC?OG?oG?]C?@E??WG?@o_?@f,[(22-23)-(20-21)-(14-15)-(13-19)-(11-12)-(10-18)-(9-17)-(8-16)-(6-7)-(4-5)-(2-3)-(0-1)],9.775161743164062e-05,0.04321098327636719,3,True,0
W|fIIC`GG_b@B@?__W?B@?GC?OG?oG?]C?@E??WG?@o_?@f,[(21-22)-(20-23)-(14-15)-(13-19)-(11-12)-(10-18)-(9-17)-(8-16)-(6-7)-(4-5)-(2-3)-(0-1)],9.72747802734375e-05,0.05186915397644043,5,True,0
W|fIIC`GG_b@B@?__W?B@?GC?OG?oG?]C?@E??WG?@o_?@f,[(21-22)-(20-23)-(14-15)-(13-19)-(11-12)-(10-18)-(9-17)-(8-16)-(6-7)-(4-5)-(2-3)-(0-1)],9.870529174804688e-05,0.06886100769042969,6,True,0
W|fIIC`GG_b@B@?__W?B@?GC?OG?oG?]C?@E??WG?@o_?@f,[(22-23)-(18-20)-(14-15)-(13-21)-(11-12)-(10-19)-(9-17)-(8-16)-(6-7)-(4-5)-(2-3)-(0-1)],9.989738464355469e-05,0.11903953552246094,12,False,0
W|fIIC`GG_b@B@?__W?B@?GC?OG?oG?]C?@E??WG?@o_?@f,[(22-23)-(18-20)-(14-15)-(13-21)-(11-12)-(10-19)-(9-17)-(8-16)-(6-7)-(4-5)-(2-3)-(0-1)],9.799003601074219e-05,0.021659135818481445,1,True,0
W|fIIC`GG_b@B@?__W?B@?GC?OG?oG?]C?@E??WG?@o_?@f,[(22-23)-(18-20)-(14-15)-(13-21)-(12-19)-(10-11)-(9-17)-(8-16)-(6-7)-(4-5)-(2-3)-(0-1)],9.512901306152344e-05,0.11617517471313477,16,False,0
W|fIIC`GG_b@B@?__W?B@?GC?OG?oG?]C?@E??WG?@o_?@f,[(22-23)-(18-20)-(14-15)-(13-21)-(12-19)-(10-11)-(9-17)-(8-16)-(6-7)-(4-5)-(2-3)-(0-1)],9.846687316894531e-05,0.034095048904418945,3,True,0
W|fIIC`GG_b@B@?__W?B@?GC?OG?oG?]C?@E??WG?@o_?@f,[(20-23)-(18-19)-(15-22)-(14-21)-(12-13)-(10-11)-(9-17)-(8-16)-(6-7)-(4-5)-(2-3)-(0-1)],9.72747802734375e-05,0.036872148513793945,3,True,0
W|fIIC`GG_b@B@?__W?B@?GC?OG?oG?]C?@E??WG?@o_?@f,[(20-23)-(18-19)-(15-22)-(14-21)-(12-13)-(10-11)-(9-17)-(8-16)-(6-7)-(4-5)-(2-3)-(0-1)],9.799003601074219e-05,0.04945230484008789,4,True,0
W|fIIC`GG_b@B@?__W?B@?GC?OG?oG?]C?@E??WG?@o_?@f,[(22-23)-(20-21)-(18-19)-(14-15)-(12-13)-(10-11)-(9-17)-(8-16)-(6-7)-(4-5)-(2-3)-(0-1)],0.000110626220703125,0.034993886947631836,3,True,0
W|fIIC`GG_b@B@?__W?B@?GC?OG?oG?]C?@E??WG?@o_?@f,[(22-23)-(20-21)-(18-19)-(14-15)-(12-13)-(10-11)-(9-17)-(8-16)-(6-7)-(4-5)-(2-3)-(0-1)],9.942054748535156e-05,0.03540468215942383,3,True,0
W|fIBCpEGO_`@`?_?WG@p?AC?CG?KG?EC?@@??YG??X_??|,[(22-23)-(20-21)-(14-15)-(13-19)-(12-18)-(11-17)-(10-16)-(8-9)-(6-7)-(4-5)-(2-3)-(0-1)],9.012222290039062e-05,0.04927515983581543,4,True,0
W|fIBCpEGO_`@`?_?WG@p?AC?CG?KG?EC?@@??YG??X_??|,[(22-23)-(20-21)-(14-15)-(13-19)-(12-18)-(11-17)-(10-16)-(8-9)-(6-7)-(4-5)-(2-3)-(0-1)],9.822845458984375e-05,0.10337162017822266,11,False,0
W|fIBCpEGO_`@`?_?WG@p?AC?CG?KG?EC?@@??YG??X_??|,[(21-22)-(20-23)-(14-15)-(13-19)-(12-18)-(11-17)-(10-16)-(8-9)-(6-7)-(4-5)-(2-3)-(0-1)],9.5367431640625e-05,0.12029838562011719,20,False,0
W|fIBCpEGO_`@`?_?WG@p?AC?CG?KG?EC?@@??YG??X_??|,[(21-22)-(20-23)-(14-15)-(13-19)-(12-18)-(11-17)-(10-16)-(8-9)-(6-7)-(4-5)-(2-3)-(0-1)],9.655952453613281e-05,0.03888750076293945,3,True,0
W|fIBCpEGO_`@`?_?WG@p?AC?CG?KG?EC?@@??YG??X_??|,[(21-22)-(19-23)-(14-15)-(13-20)-(12-18)-(11-17)-(10-16)-(8-9)-(6-7)-(4-5)-(2-3)-(0-1)],0.00010514259338378906,0.04369664192199707,4,False,0
W|fIBCpEGO_`@`?_?WG@p?AC?CG?KG?EC?@@??YG??X_??|,[(21-22)-(19-23)-(14-15)-(13-20)-(12-18)-(11-17)-(10-16)-(8-9)-(6-7)-(4-5)-(2-3)-(0-1)],9.846687316894531e-05,0.04221224784851074,3,True,0
W|fIBCpEGO_`@`?_?WG@p?AC?CG?KG?EC?@@??YG??X_??|,[(22-23)-(19-20)-(14-15)-(13-21)-(12-18)-(11-17)-(10-16)-(8-9)-(6-7)-(4-5)-(2-3)-(0-1)],9.560585021972656e-05,0.024103879928588867,1,True,0
W|fIBCpEGO_`@`?_?WG@p?AC?CG?KG?EC?@@??YG??X_??|,[(22-23)-(19-20)-(14-15)-(13-21)-(12-18)-(11-17)-(10-16)-(8-9)-(6-7)-(4-5)-(2-3)-(0-1)],0.0001068115234375,0.04265952110290527,4,True,0
W|fIBCpEGO_`@`?_?WG@p?AC?CG?KG?EC?@@??YG??X_??|,[(20-22)-(19-23)-(14-15)-(13-21)-(12-18)-(11-17)-(10-16)-(8-9)-(6-7)-(4-5)-(2-3)-(0-1)],9.632110595703125e-05,0.07121992111206055,14,False,0
W|fIBCpEGO_`@`?_?WG@p?AC?CG?KG?EC?@@??YG??X_??|,[(20-22)-(19-23)-(14-15)-(13-21)-(12-18)-(11-17)-(10-16)-(8-9)-(6-7)-(4-5)-(2-3)-(0-1)],9.846687316894531e-05,0.07747936248779297,6,False,0
W|fIBCpEGO_`@`?_?WG@p?AC?CG?KG?EC?@@??YG??X_??|,[(21-22)-(18-23)-(14-15)-(13-20)-(12-19)-(11-17)-(10-16)-(8-9)-(6-7)-(4-5)-(2-3)-(0-1)],9.679794311523438e-05,0.03364253044128418,3,True,0
W|fIBCpEGO_`@`?_?WG@p?AC?CG?KG?EC?@@??YG??X_??|,[(21-22)-(18-23)-(14-15)-(13-20)-(12-19)-(11-17)-(10-16)-(8-9)-(6-7)-(4-5)-(2-3)-(0-1)],9.822845458984375e-05,0.029412508010864258,2,True,0
W|fIBCpEGO_`@`?_?WG@p?AC?CG?KG?EC?@@??YG??X_??|,[(20-22)-(18-23)-(14-15)-(13-21)-(12-19)-(11-17)-(10-16)-(8-9)-(6-7)-(4-5)-(2-3)-(0-1)],9.489059448242188e-05,0.050859689712524414,5,True,0
W|fIBCpEGO_`@`?_?WG@p?AC?CG?KG?EC?@@??YG??X_??|,[(20-22)-(18-23)-(14-15)-(13-21)-(12-19)-(11-17)-(10-16)-(8-9)-(6-7)-(4-5)-(2-3)-(0-1)],0.00010323524475097656,0.041300296783447266,4,True,0
W|fIBCpEGO_`@`?_?WG@p?AC?CG?KG?EC?@@??YG??X_??|,[(21-22)-(17-23)-(14-15)-(13-20)-(12-19)-(11-18)-(10-16)-(8-9)-(6-7)-(4-5)-(2-3)-(0-1)],0.00010013580322265625,0.07251143455505371,7,True,0
W|fIBCpEGO_`@`?_?WG@p?AC?CG?KG?EC?@@??YG??X_??|,[(21-22)-(17-23)-(14-15)-(13-20)-(12-19)-(11-18)-(10-16)-(8-9)-(6-7)-(4-5)-(2-3)-(0-1)],9.918212890625e-05,0.05861020088195801,5,True,0
W|fIBCpEGO_`@`?_?WG@p?AC?CG?KG?EC?@@??YG??X_??|,[(20-23)-(17-22)-(14-15)-(13-21)-(12-19)-(11-18)-(10-16)-(8-9)-(6-7)-(4-5)-(2-3)-(0-1)],0.00010633468627929688,0.04685497283935547,4,True,0
W|fIBCpEGO_`@`?_?WG@p?AC?CG?KG?EC?@@??YG??X_??|,[(20-23)-(17-22)-(14-15)-(13-21)-(12-19)-(11-18)-(10-16)-(8-9)-(6-7)-(4-5)-(2-3)-(0-1)],9.942054748535156e-05,0.1063072681427002,19,False,0
W|fIBCpEGO_`@`?_?WG@p?AC?CG?KG?EC?@@??YG??X_??|,[(20-22)-(17-23)-(14-15)-(13-21)-(12-19)-(11-18)-(10-16)-(8-9)-(6-7)-(4-5)-(2-3)-(0-1)],9.679794311523438e-05,0.058502912521362305,6,True,0
W|fIBCpEGO_`@`?_?WG@p?AC?CG?KG?EC?@@??YG??X_??|,[(20-22)-(17-23)-(14-15)-(13-21)-(12-19)-(11-18)-(10-16)-(8-9)-(6-7)-(4-5)-(2-3)-(0-1)],0.00011396408081054688,0.05677056312561035,5,True,0
W|fIJ?pEG[_R?o?O?Cg?K??c?BG?AG?BC??p??EG??[_??^,[(21-23)-(18-22)-(15-20)-(14-19)-(13-17)-(12-16)-(9-11)-(7-8)-(6-10)-(4-5)-(2-3)-(0-1)],8.940696716308594e-05,0.036591529846191406,3,True,0
W|fIJ?pEG[_R?o?O?Cg?K??c?BG?AG?BC??p??EG??[_??^,[(21-23)-(18-22)-(15-20)-(14-19)-(13-17)-(12-16)-(9-11)-(7-8)-(6-10)-(4-5)-(2-3)-(0-1)],9.846687316894531e-05,0.10465073585510254,16,False,0
W|fIJ?pEG[_R?o?O?Cg?K??c?BG?AG?BC??p??EG??[_??^,[(21-22)-(18-23)-(15-20)-(14-19)-(13-17)-(12-16)-(9-11)-(7-8)-(6-10)-(4-5)-(2-3)-(0-1)],9.5367431640625e-05,0.06231856346130371,4,False,0
W|fIJ?pEG[_R?o?O?Cg?K??c?BG?AG?BC??p??EG??[_??^,[(21-22)-(18-23)-(15-20)-(14-19)-(13-17)-(12-16)-(9-11)-(7-8)-(6-10)-(4-5)-(2-3)-(0-1)],9.918212890625e-05,0.04990100860595703,5,True,0
W|fIJ?pEG[_R?o?O?Cg?K??c?BG?AG?BC??p??EG??[_??^,[(20-23)-(18-22)-(15-21)-(14-19)-(13-17)-(12-16)-(9-11)-(7-8)-(6-10)-(4-5)-(2-3)-(0-1)],9.560585021972656e-05,0.04088020324707031,4,True,0
W|fIJ?pEG[_R?o?O?Cg?K??c?BG?AG?BC??p??EG??[_??^,[(20-23)-(18-22)-(15-21)-(14-19)-(13-17)-(12-16)-(9-11)-(7-8)-(6-10)-(4-5)-(2-3)-(0-1)],9.703636169433594e-05,0.04530525207519531,4,True,0
W|fIJ?pEG[_R?o?O?Cg?K??c?BG?AG?BC??p??EG??[_??^,[(22-23)-(18-19)-(15-21)-(14-20)-(13-17)-(12-16)-(9-11)-(7-8)-(6-10)-(4-5)-(2-3)-(0-1)],0.00010395050048828125,0.04816460609436035,4,False,0
W|fIJ?pEG[_R?o?O?Cg?K??c?BG?AG?BC??p??EG??[_??^,[(22-23)-(18-19)-(15-21)-(14-20)-(13-17)-(12-16)-(9-11)-(7-8)-(6-10)-(4-5)-(2-3)-(0-1)],9.965896606445312e-05,0.03574967384338379,2,True,0
W|fIJ?pEG[_R?o?O?Cg?K??c?BG?AG?BC??p??EG??[_??^,[(19-23)-(18-22)-(15-21)-(14-20)-(13-17)-(12-16)-(9-11)-(7-8)-(6-10)-(4-5)-(2-3)-(0-1)],9.250640869140625e-05,0.06652021408081055,6,True,0
W|fIJ?pEG[_R?o?O?Cg?K??c?BG?AG?BC??p??EG??[_??^,[(19-23)-(18-22)-(15-21)-(14-20)-(13-17)-(12-16)-(9-11)-(7-8)-(6-10)-(4-5)-(2-3)-(0-1)],9.942054748535156e-05,0.036643028259277344,3,True,0
W|fIJ?pEG[_R?o?O?Cg?K??c?BG?AG?BC??p??EG??[_??^,[(21-23)-(17-22)-(15-20)-(14-19)-(13-18)-(12-16)-(9-11)-(7-8)-(6-10)-(4-5)-(2-3)-(0-1)],9.34600830078125e-05,0.04947257041931152,5,False,0
W|fIJ?pEG[_R?o?O?Cg?K??c?BG?AG?BC??p??EG??[_??^,[(21-23)-(17-22)-(15-20)-(14-19)-(13-18)-(12-16)-(9-11)-(7-8)-(6-10)-(4-5)-(2-3)-(0-1)],0.00010085105895996094,0.03226780891418457,3,False,0
W|fIJ?pEG[_R?o?O?Cg?K??c?BG?AG?BC??p??EG??[_??^,[(20-23)-(17-22)-(15-21)-(14-19)-(13-18)-(12-16)-(9-11)-(7-8)-(6-10)-(4-5)-(2-3)-(0-1)],9.870529174804688e-05,0.03159284591674805,4,True,0
W|fIJ?pEG[_R?o?O?Cg?K??c?BG?AG?BC??p??EG??[_??^,[(20-23)-(17-22)-(15-21)-(14-19)-(13-18)-(12-16)-(9-11)-(7-8)-(6-10)-(4-5)-(2-3)-(0-1)],0.00010395050048828125,0.05974006652832031,6,True,0
W|fIJ?pEG[_R?o?O?Cg?K??c?BG?AG?BC??p??EG??[_??^,[(19-23)-(17-22)-(15-21)-(14-20)-(13-18)-(12-16)-(9-11)-(7-8)-(6-10)-(4-5)-(2-3)-(0-1)],0.00011348724365234375,0.02666187286376953,2,True,0
W|fIJ?pEG[_R?o?O?Cg?K??c?BG?AG?BC??p??EG??[_??^,[(19-23)-(17-22)-(15-21)-(14-20)-(13-18)-(12-16)-(9-11)-(7-8)-(6-10)-(4-5)-(2-3)-(0-1)],0.00011157989501953125,0.02733325958251953,2,True,0
W|fIJ?pEG[_R?o?O?Cg?K??c?BG?AG?BC??p??EG??[_??^,[(22-23)-(17-18)-(15-21)-(14-20)-(13-19)-(12-16)-(9-11)-(7-8)-(6-10)-(4-5)-(2-3)-(0-1)],9.608268737792969e-05,0.04853320121765137,4,False,0
W|fIJ?pEG[_R?o?O?Cg?K??c?BG?AG?BC??p??EG??[_??^,[(22-23)-(17-18)-(15-21)-(14-20)-(13-19)-(12-16)-(9-11)-(7-8)-(6-10)-(4-5)-(2-3)-(0-1)],0.00010466575622558594,0.04880237579345703,4,True,0
W|fIJ?pEG[_R?o?O?Cg?K??c?BG?AG?BC??p??EG??[_??^,[(18-23)-(17-22)-(15-21)-(14-20)-(13-19)-(12-16)-(9-11)-(7-8)-(6-10)-(4-5)-(2-3)-(0-1)],9.894371032714844e-05,0.05899667739868164,5,False,0
W|fIJ?pEG[_R?o?O?Cg?K??c?BG?AG?BC??p??EG??[_??^,[(18-23)-(17-22)-(15-21)-(14-20)-(13-19)-(12-16)-(9-11)-(7-8)-(6-10)-(4-5)-(2-3)-(0-1)],9.989738464355469e-05,0.09389114379882812,16,False,0
W|eIID_KGo`@@@@__OGA@?OC@_G@wG?GW?A@??wG?@`_?BL,[(19-23)-(15-16)-(14-22)-(13-21)-(12-20)-(10-11)-(9-18)-(8-17)-(6-7)-(4-5)-(2-3)-(0-1)],9.202957153320312e-05,0.046582698822021484,5,True,0
W|eIID_KGo`@@@@__OGA@?OC@_G@wG?GW?A@??wG?@`_?BL,[(19-23)-(15-16)-(14-22)-(13-21)-(12-20)-(10-11)-(9-18)-(8-17)-(6-7)-(4-5)-(2-3)-(0-1)],0.00010061264038085938,0.03772926330566406,3,True,0
W|eIID_KGo`@@@@__OGA@?OC@_G@wG?GW?A@??wG?@`_?BL,[(16-19)-(15-23)-(14-22)-(13-21)-(12-20)-(10-11)-(9-18)-(8-17)-(6-7)-(4-5)-(2-3)-(0-1)],9.489059448242188e-05,0.05291175842285156,4,False,0
W|eIID_KGo`@@@@__OGA@?OC@_G@wG?GW?A@??wG?@`_?BL,[(16-19)-(15-23)-(14-22)-(13-21)-(12-20)-(10-11)-(9-18)-(8-17)-(6-7)-(4-5)-(2-3)-(0-1)],9.965896606445312e-05,0.08971023559570312,16,False,0
W|eIID_KGo`@@@@__OGA@?OC@_G@wG?GW?A@??wG?@`_?BL,[(22-23)-(16-19)-(14-15)-(13-21)-(12-20)-(10-11)-(9-18)-(8-17)-(6-7)-(4-5)-(2-3)-(0-1)],9.655952453613281e-05,0.04555010795593262,4,False,0
W|eIID_KGo`@@@@__OGA@?OC@_G@wG?GW?A@??wG?@`_?BL,[(22-23)-(16-19)-(14-15)-(13-21)-(12-20)-(10-11)-(9-18)-(8-17)-(6-7)-(4-5)-(2-3)-(0-1)],0.00010132789611816406,0.041156768798828125,3,False,0
W|eIID_KGo`@@@@__OGA@?OC@_G@wG?GW?A@??wG?@`_?BL,[(21-22)-(19-23)-(15-16)-(13-14)-(12-20)-(10-11)-(9-18)-(8-17)-(6-7)-(4-5)-(2-3)-(0-1)],9.441375732421875e-05,0.05167794227600098,5,False,0
W|eIID_KGo`@@@@__OGA@?OC@_G@wG?GW?A@??wG?@`_?BL,[(21-22)-(19-23)-(15-16)-(13-14)-(12-20)-(10-11)-(9-18)-(8-17)-(6-7)-(4-5)-(2-3)-(0-1)],0.00010085105895996094,0.025325775146484375,2,True,0
W|eIID_KGo`@@@@__OGA@?OC@_G@wG?GW?A@??wG?@`_?BL,[(21-22)-(16-19)-(15-23)-(13-14)-(12-20)-(10-11)-(9-18)-(8-17)-(6-7)-(4-5)-(2-3)-(0-1)],0.00011467933654785156,0.03630995750427246,3,True,0
W|eIID_KGo`@@@@__OGA@?OC@_G@wG?GW?A@??wG?@`_?BL,[(21-22)-(16-19)-(15-23)-(13-14)-(12-20)-(10-11)-(9-18)-(8-17)-(6-7)-(4-5)-(2-3)-(0-1)],9.799003601074219e-05,0.06062817573547363,4,False,0
W|eIID_KGo`@@@@__OGA@?OC@_G@wG?GW?A@??wG?@`_?BL,[(22-23)-(19-20)-(15-16)-(13-14)-(12-21)-(10-11)-(9-18)-(8-17)-(6-7)-(4-5)-(2-3)-(0-1)],0.00013756752014160156,0.07016944885253906,6,True,0
W|eIID_KGo`@@@@__OGA@?OC@_G@wG?GW?A@??wG?@`_?BL,[(22-23)-(19-20)-(15-16)-(13-14)-(12-21)-(10-11)-(9-18)-(8-17)-(6-7)-(4-5)-(2-3)-(0-1)],0.00010013580322265625,0.04580187797546387,5,True,0
W|eIID_KGo`@@@@__OGA@?OC@_G@wG?GW?A@??wG?@`_?BL,[(20-22)-(19-23)-(15-16)-(13-14)-(12-21)-(10-11)-(9-18)-(8-17)-(6-7)-(4-5)-(2-3)-(0-1)],9.989738464355469e-05,0.09442543983459473,19,False,0
W|eIID_KGo`@@@@__OGA@?OC@_G@wG?GW?A@??wG?@`_?BL,[(20-22)-(19-23)-(15-16)-(13-14)-(12-21)-(10-11)-(9-18)-(8-17)-(6-7)-(4-5)-(2-3)-(0-1)],9.799003601074219e-05,0.04041004180908203,4,True,0
W|eIID_KGo`@@@@__OGA@?OC@_G@wG?GW?A@??wG?@`_?BL,[(20-23)-(16-19)-(15-22)-(13-14)-(12-21)-(10-11)-(9-18)-(8-17)-(6-7)-(4-5)-(2-3)-(0-1)],9.608268737792969e-05,0.043363094329833984,4,False,0
W|eIID_KGo`@@@@__OGA@?OC@_G@wG?GW?A@??wG?@`_?BL,[(20-23)-(16-19)-(15-22)-(13-14)-(12-21)-(10-11)-(9-18)-(8-17)-(6-7)-(4-5)-(2-3)-(0-1)],0.00010037422180175781,0.04489541053771973,4,False,0
W|eIID_KGo`@@@@__OGA@?OC@_G@wG?GW?A@??wG?@`_?BL,[(19-20)-(16-23)-(15-22)-(13-14)-(12-21)-(10-11)-(9-18)-(8-17)-(6-7)-(4-5)-(2-3)-(0-1)],9.679794311523438e-05,0.03664803504943848,3,True,0
W|eIID_KGo`@@@@__OGA@?OC@_G@wG?GW?A@??wG?@`_?BL,[(19-20)-(16-23)-(15-22)-(13-14)-(12-21)-(10-11)-(9-18)-(8-17)-(6-7)-(4-5)-(2-3)-(0-1)],9.918212890625e-05,0.07807660102844238,8,True,0
W|eIID_KGo`@@@@__OGA@?OC@_G@wG?GW?A@??wG?@`_?BL,[(20-22)-(16-19)-(15-23)-(13-14)-(12-21)-(10-11)-(9-18)-(8-17)-(6-7)-(4-5)-(2-3)-(0-1)],9.655952453613281e-05,0.04432940483093262,4,True,0
W|eIID_KGo`@@@@__OGA@?OC@_G@wG?GW?A@??wG?@`_?BL,[(20-22)-(16-19)-(15-23)-(13-14)-(12-21)-(10-11)-(9-18)-(8-17)-(6-7)-(4-5)-(2-3)-(0-1)],0.00010323524475097656,0.03342032432556152,3,True,0
W|fIAC`KGo``@`?__OGA@?WC?wG?GG?EC?@`??KG??s_??^,[(18-23)-(15-22)-(14-21)-(13-20)-(12-19)-(10-11)-(9-17)-(8-16)-(6-7)-(4-5)-(2-3)-(0-1)],9.059906005859375e-05,0.02744913101196289,2,True,0
W|fIAC`KGo``@`?__OGA@?WC?wG?GG?EC?@`??KG??s_??^,[(18-23)-(15-22)-(14-21)-(13-20)-(12-19)-(10-11)-(9-17)-(8-16)-(6-7)-(4-5)-(2-3)-(0-1)],9.775161743164062e-05,0.02340245246887207,1,True,0
W|fIAC`KGo``@`?__OGA@?WC?wG?GG?EC?@`??KG??s_??^,[(21-23)-(18-22)-(14-15)-(13-20)-(12-19)-(10-11)-(9-17)-(8-16)-(6-7)-(4-5)-(2-3)-(0-1)],9.5367431640625e-05,0.039771318435668945,4,True,0
W|fIAC`KGo``@`?__OGA@?WC?wG?GG?EC?@`??KG??s_??^,[(21-23)-(18-22)-(14-15)-(13-20)-(12-19)-(10-11)-(9-17)-(8-16)-(6-7)-(4-5)-(2-3)-(0-1)],9.870529174804688e-05,0.023489952087402344,1,True,0
W|fIAC`KGo``@`?__OGA@?WC?wG?GG?EC?@`??KG??s_??^,[(21-22)-(18-23)-(14-15)-(13-20)-(12-19)-(10-11)-(9-17)-(8-16)-(6-7)-(4-5)-(2-3)-(0-1)],9.703636169433594e-05,0.0341489315032959,3,True,0
W|fIAC`KGo``@`?__OGA@?WC?wG?GG?EC?@`??KG??s_??^,[(21-22)-(18-23)-(14-15)-(13-20)-(12-19)-(10-11)-(9-17)-(8-16)-(6-7)-(4-5)-(2-3)-(0-1)],0.00012111663818359375,0.050470590591430664,5,True,0
W|fIAC`KGo``@`?__OGA@?WC?wG?GG?EC?@`??KG??s_??^,[(20-23)-(18-22)-(15-21)-(13-14)-(12-19)-(10-11)-(9-17)-(8-16)-(6-7)-(4-5)-(2-3)-(0-1)],9.489059448242188e-05,0.08380508422851562,8,True,0
W|fIAC`KGo``@`?__OGA@?WC?wG?GG?EC?@`??KG??s_??^,[(20-23)-(18-22)-(15-21)-(13-14)-(12-19)-(10-11)-(9-17)-(8-16)-(6-7)-(4-5)-(2-3)-(0-1)],9.465217590332031e-05,0.03560137748718262,3,True,0
W|fIAC`KGo``@`?__OGA@?WC?wG?GG?EC?@`??KG??s_??^,[(20-21)-(18-23)-(15-22)-(13-14)-(12-19)-(10-11)-(9-17)-(8-16)-(6-7)-(4-5)-(2-3)-(0-1)],9.107589721679688e-05,0.020622968673706055,1,True,0
W|fIAC`KGo``@`?__OGA@?WC?wG?GG?EC?@`??KG??s_??^,[(20-21)-(18-23)-(15-22)-(13-14)-(12-19)-(10-11)-(9-17)-(8-16)-(6-7)-(4-5)-(2-3)-(0-1)],9.918212890625e-05,0.05481362342834473,5,True,0
W|fIAC`KGo``@`?__OGA@?WC?wG?GG?EC?@`??KG??s_??^,[(22-23)-(18-19)-(15-21)-(14-20)-(12-13)-(10-11)-(9-17)-(8-16)-(6-7)-(4-5)-(2-3)-(0-1)],9.417533874511719e-05,0.036203622817993164,3,True,0
W|fIAC`KGo``@`?__OGA@?WC?wG?GG?EC?@`??KG??s_??^,[(22-23)-(18-19)-(15-21)-(14-20)-(12-13)-(10-11)-(9-17)-(8-16)-(6-7)-(4-5)-(2-3)-(0-1)],9.894371032714844e-05,0.038147926330566406,3,True,0
W|fIAC`KGo``@`?__OGA@?WC?wG?GG?EC?@`??KG??s_??^,[(19-23)-(18-22)-(15-21)-(14-20)-(12-13)-(10-11)-(9-17)-(8-16)-(6-7)-(4-5)-(2-3)-(0-1)],0.00012111663818359375,0.018122196197509766,1,True,0
W|fIAC`KGo``@`?__OGA@?WC?wG?GG?EC?@`??KG??s_??^,[(19-23)-(18-22)-(15-21)-(14-20)-(12-13)-(10-11)-(9-17)-(8-16)-(6-7)-(4-5)-(2-3)-(0-1)],9.942054748535156e-05,0.039022207260131836,3,False,0
W|fIAC`KGo``@`?__OGA@?WC?wG?GG?EC?@`??KG??s_??^,[(21-23)-(18-19)-(15-22)-(14-20)-(12-13)-(10-11)-(9-17)-(8-16)-(6-7)-(4-5)-(2-3)-(0-1)],9.608268737792969e-05,0.04408693313598633,4,True,0
W|fIAC`KGo``@`?__OGA@?WC?wG?GG?EC?@`??KG??s_??^,[(21-23)-(18-19)-(15-22)-(14-20)-(12-13)-(10-11)-(9-17)-(8-16)-(6-7)-(4-5)-(2-3)-(0-1)],9.918212890625e-05,0.0514979362487793,12,False,0
W|fIAC`KGo``@`?__OGA@?WC?wG?GG?EC?@`??KG??s_??^,[(20-23)-(18-19)-(15-22)-(14-21)-(12-13)-(10-11)-(9-17)-(8-16)-(6-7)-(4-5)-(2-3)-(0-1)],9.775161743164062e-05,0.03590655326843262,3,True,0
W|fIAC`KGo``@`?__OGA@?WC?wG?GG?EC?@`??KG??s_??^,[(20-23)-(18-19)-(15-22)-(14-21)-(12-13)-(10-11)-(9-17)-(8-16)-(6-7)-(4-5)-(2-3)-(0-1)],9.894371032714844e-05,0.04456782341003418,4,False,0
W|fIAC`KGo``@`?__OGA@?WC?wG?GG?EC?@`??KG??s_??^,[(19-20)-(18-23)-(15-22)-(14-21)-(12-13)-(10-11)-(9-17)-(8-16)-(6-7)-(4-5)-(2-3)-(0-1)],9.751319885253906e-05,0.059258460998535156,5,True,0
W|fIAC`KGo``@`?__OGA@?WC?wG?GG?EC?@`??KG??s_??^,[(19-20)-(18-23)-(15-22)-(14-21)-(12-13)-(10-11)-(9-17)-(8-16)-(6-7)-(4-5)-(2-3)-(0-1)],0.00010204315185546875,0.05734562873840332,5,False,0
W|fIAC`KGo``@_?__OGA@?WC?{G?K??EC?@`??KG??s_??^,[(22-23)-(15-21)-(14-20)-(13-19)-(12-18)-(10-11)-(9-17)-(8-16)-(6-7)-(4-5)-(2-3)-(0-1)],9.059906005859375e-05,0.01978754997253418,1,True,0
W|fIAC`KGo``@_?__OGA@?WC?{G?K??EC?@`??KG??s_??^,[(22-23)-(15-21)-(14-20)-(13-19)-(12-18)-(10-11)-(9-17)-(8-16)-(6-7)-(4-5)-(2-3)-(0-1)],0.00010156631469726562,0.03708767890930176,3,True,0
W|fIAC`KGo``@_?__OGA@?WC?{G?K??EC?@`??KG??s_??^,[(21-23)-(15-22)-(14-20)-(13-19)-(12-18)-(10-11)-(9-17)-(8-16)-(6-7)-(4-5)-(2-3)-(0-1)],0.00017905235290527344,0.03526735305786133,3,True,0
W|fIAC`KGo``@_?__OGA@?WC?{G?K??EC?@`??KG??s_??^,[(21-23)-(15-22)-(14-20)-(13-19)-(12-18)-(10-11)-(9-17)-(8-16)-(6-7)-(4-5)-(2-3)-(0-1)],9.942054748535156e-05,0.03779482841491699,3,True,0
W|fIAC`KGo``@_?__OGA@?WC?{G?K??EC?@`??KG??s_??^,[(20-23)-(15-22)-(14-21)-(13-19)-(12-18)-(10-11)-(9-17)-(8-16)-(6-7)-(4-5)-(2-3)-(0-1)],9.34600830078125e-05,0.09151768684387207,16,False,0
W|fIAC`KGo``@_?__OGA@?WC?{G?K??EC?@`??KG??s_??^,[(20-23)-(15-22)-(14-21)-(13-19)-(12-18)-(10-11)-(9-17)-(8-16)-(6-7)-(4-5)-(2-3)-(0-1)],0.0001068115234375,0.04813742637634277,4,False,0
W|fIAC`KGo``@_?__OGA@?WC?{G?K??EC?@`??KG??s_??^,[(22-23)-(20-21)-(14-15)-(13-19)-(12-18)-(10-11)-(9-17)-(8-16)-(6-7)-(4-5)-(2-3)-(0-1)],9.465217590332031e-05,0.08759307861328125,7,True,0
W|fIAC`KGo``@_?__OGA@?WC?{G?K??EC?@`??KG??s_??^,[(22-23)-(20-21)-(14-15)-(13-19)-(12-18)-(10-11)-(9-17)-(8-16)-(6-7)-(4-5)-(2-3)-(0-1)],9.894371032714844e-05,0.05380892753601074,4,False,0
W|fIAC`KGo``@_?__OGA@?WC?{G?K??EC?@`??KG??s_??^,[(21-22)-(20-23)-(14-15)-(13-19)-(12-18)-(10-11)-(9-17)-(8-16)-(6-7)-(4-5)-(2-3)-(0-1)],9.465217590332031e-05,0.02628159523010254,2,False,0
W|fIAC`KGo``@_?__OGA@?WC?{G?K??EC?@`??KG??s_??^,[(21-22)-(20-23)-(14-15)-(13-19)-(12-18)-(10-11)-(9-17)-(8-16)-(6-7)-(4-5)-(2-3)-(0-1)],9.751319885253906e-05,0.12044525146484375,18,False,0
W|fIAC`KGo``@_?__OGA@?WC?{G?K??EC?@`??KG??s_??^,[(19-23)-(15-22)-(14-21)-(13-20)-(12-18)-(10-11)-(9-17)-(8-16)-(6-7)-(4-5)-(2-3)-(0-1)],9.560585021972656e-05,0.020409345626831055,1,True,0
W|fIAC`KGo``@_?__OGA@?WC?{G?K??EC?@`??KG??s_??^,[(19-23)-(15-22)-(14-21)-(13-20)-(12-18)-(10-11)-(9-17)-(8-16)-(6-7)-(4-5)-(2-3)-(0-1)],0.00010371208190917969,0.09309577941894531,16,False,0
W|fIAC`KGo``@_?__OGA@?WC?{G?K??EC?@`??KG??s_??^,[(21-22)-(19-23)-(14-15)-(13-20)-(12-18)-(10-11)-(9-17)-(8-16)-(6-7)-(4-5)-(2-3)-(0-1)],9.465217590332031e-05,0.044469594955444336,4,True,0
W|fIAC`KGo``@_?__OGA@?WC?{G?K??EC?@`??KG??s_??^,[(21-22)-(19-23)-(14-15)-(13-20)-(12-18)-(10-11)-(9-17)-(8-16)-(6-7)-(4-5)-(2-3)-(0-1)],9.799003601074219e-05,0.026343345642089844,2,True,0
W|fIAC`KGo``@_?__OGA@?WC?{G?K??EC?@`??KG??s_??^,[(22-23)-(19-20)-(15-21)-(13-14)-(12-18)-(10-11)-(9-17)-(8-16)-(6-7)-(4-5)-(2-3)-(0-1)],9.632110595703125e-05,0.08878040313720703,8,False,0
W|fIAC`KGo``@_?__OGA@?WC?{G?K??EC?@`??KG??s_??^,[(22-23)-(19-20)-(15-21)-(13-14)-(12-18)-(10-11)-(9-17)-(8-16)-(6-7)-(4-5)-(2-3)-(0-1)],9.846687316894531e-05,0.021413803100585938,1,True,0
W|fIAC`KGo``@_?__OGA@?WC?{G?K??EC?@`??KG??s_??^,[(21-23)-(19-20)-(15-22)-(13-14)-(12-18)-(10-11)-(9-17)-(8-16)-(6-7)-(4-5)-(2-3)-(0-1)],9.274482727050781e-05,0.04942655563354492,4,True,0
W|fIAC`KGo``@_?__OGA@?WC?{G?K??EC?@`??KG??s_??^,[(21-23)-(19-20)-(15-22)-(13-14)-(12-18)-(10-11)-(9-17)-(8-16)-(6-7)-(4-5)-(2-3)-(0-1)],0.0001068115234375,0.07323002815246582,14,False,0
W|fIAC`KGo``@_?__OGA@?WC?{G?K??EC?@`??KG??s_??^,[(20-21)-(19-23)-(15-22)-(13-14)-(12-18)-(10-11)-(9-17)-(8-16)-(6-7)-(4-5)-(2-3)-(0-1)],0.00012230873107910156,0.044480323791503906,4,False,0
W|fIAC`KGo``@_?__OGA@?WC?{G?K??EC?@`??KG??s_??^,[(20-21)-(19-23)-(15-22)-(13-14)-(12-18)-(10-11)-(9-17)-(8-16)-(6-7)-(4-5)-(2-3)-(0-1)],9.584426879882812e-05,0.03330183029174805,3,False,0
WtfIID_GH?a@E@B__OwA??OC@_G@_G?_C?GP?BKG??r??@x,[(19-23)-(16-22)-(15-21)-(13-14)-(11-12)-(10-20)-(9-18)-(8-17)-(6-7)-(4-5)-(2-3)-(0-1)],9.465217590332031e-05,0.07671666145324707,7,True,0
WtfIID_GH?a@E@B__OwA??OC@_G@_G?_C?GP?BKG??r??@x,[(19-23)-(16-22)-(15-21)-(13-14)-(11-12)-(10-20)-(9-18)-(8-17)-(6-7)-(4-5)-(2-3)-(0-1)],0.00011396408081054688,0.03670787811279297,3,True,0
WtfIID_GH?a@E@B__OwA??OC@_G@_G?_C?GP?BKG??r??@x,[(19-22)-(16-23)-(15-21)-(13-14)-(11-12)-(10-20)-(9-18)-(8-17)-(6-7)-(4-5)-(2-3)-(0-1)],9.751319885253906e-05,0.03865504264831543,3,True,0
WtfIID_GH?a@E@B__OwA??OC@_G@_G?_C?GP?BKG??r??@x,[(19-22)-(16-23)-(15-21)-(13-14)-(11-12)-(10-20)-(9-18)-(8-17)-(6-7)-(4-5)-(2-3)-(0-1)],0.00010156631469726562,0.053725481033325195,5,True,0
WtfIID_GH?a@E@B__OwA??OC@_G@_G?_C?GP?BKG??r??@x,[(19-23)-(16-22)-(15-21)-(12-13)-(11-14)-(10-20)-(9-18)-(8-17)-(6-7)-(4-5)-(2-3)-(0-1)],0.00010561943054199219,0.06055021286010742,6,True,0
WtfIID_GH?a@E@B__OwA??OC@_G@_G?_C?GP?BKG??r??@x,[(19-23)-(16-22)-(15-21)-(12-13)-(11-14)-(10-20)-(9-18)-(8-17)-(6-7)-(4-5)-(2-3)-(0-1)],0.00011134147644042969,0.042893171310424805,4,True,0
WtfIID_GH?a@E@B__OwA??OC@_G@_G?_C?GP?BKG??r??@x,[(19-22)-(16-23)-(15-21)-(12-13)-(11-14)-(10-20)-(9-18)-(8-17)-(6-7)-(4-5)-(2-3)-(0-1)],9.5367431640625e-05,0.044378042221069336,4,True,0
WtfIID_GH?a@E@B__OwA??OC@_G@_G?_C?GP?BKG??r??@x,[(19-22)-(16-23)-(15-21)-(12-13)-(11-14)-(10-20)-(9-18)-(8-17)-(6-7)-(4-5)-(2-3)-(0-1)],0.00010228157043457031,0.05549430847167969,5,True,0
WtfIID_GH?a@E@B__OwA??OC@_G@_G?_C?GP?BKG??r??@x,[(22-23)-(19-20)-(15-16)-(13-14)-(11-12)-(10-21)-(9-18)-(8-17)-(6-7)-(4-5)-(2-3)-(0-1)],9.846687316894531e-05,0.03435063362121582,3,True,0
WtfIID_GH?a@E@B__OwA??OC@_G@_G?_C?GP?BKG??r??@x,[(22-23)-(19-20)-(15-16)-(13-14)-(11-12)-(10-21)-(9-18)-(8-17)-(6-7)-(4-5)-(2-3)-(0-1)],9.965896606445312e-05,0.04218792915344238,4,False,0
WtfIID_GH?a@E@B__OwA??OC@_G@_G?_C?GP?BKG??r??@x,[(20-22)-(19-23)-(15-16)-(13-14)-(11-12)-(10-21)-(9-18)-(8-17)-(6-7)-(4-5)-(2-3)-(0-1)],9.417533874511719e-05,0.048140525817871094,5,True,0
WtfIID_GH?a@E@B__OwA??OC@_G@_G?_C?GP?BKG??r??@x,[(20-22)-(19-23)-(15-16)-(13-14)-(11-12)-(10-21)-(9-18)-(8-17)-(6-7)-(4-5)-(2-3)-(0-1)],9.846687316894531e-05,0.06133246421813965,13,False,0
WtfIID_GH?a@E@B__OwA??OC@_G@_G?_C?GP?BKG??r??@x,[(19-23)-(16-22)-(15-20)-(13-14)-(11-12)-(10-21)-(9-18)-(8-17)-(6-7)-(4-5)-(2-3)-(0-1)],9.274482727050781e-05,0.06793856620788574,14,False,0
WtfIID_GH?a@E@B__OwA??OC@_G@_G?_C?GP?BKG??r??@x,[(19-23)-(16-22)-(15-20)-(13-14)-(11-12)-(10-21)-(9-18)-(8-17)-(6-7)-(4-5)-(2-3)-(0-1)],9.703636169433594e-05,0.02150726318359375,2,True,0
WtfIID_GH?a@E@B__OwA??OC@_G@_G?_C?GP?BKG??r??@x,[(19-22)-(16-23)-(15-20)-(13-14)-(11-12)-(10-21)-(9-18)-(8-17)-(6-7)-(4-5)-(2-3)-(0-1)],9.5367431640625e-05,0.04400134086608887,4,True,0
WtfIID_GH?a@E@B__OwA??OC@_G@_G?_C?GP?BKG??r??@x,[(19-22)-(16-23)-(15-20)-(13-14)-(11-12)-(10-21)-(9-18)-(8-17)-(6-7)-(4-5)-(2-3)-(0-1)],0.00010085105895996094,0.035817861557006836,3,True,0
WtfIID_GH?a@E@B__OwA??OC@_G@_G?_C?GP?BKG??r??@x,[(19-20)-(16-23)-(15-22)-(13-14)-(11-12)-(10-21)-(9-18)-(8-17)-(6-7)-(4-5)-(2-3)-(0-1)],9.822845458984375e-05,0.05562853813171387,5,True,0
WtfIID_GH?a@E@B__OwA??OC@_G@_G?_C?GP?BKG??r??@x,[(19-20)-(16-23)-(15-22)-(13-14)-(11-12)-(10-21)-(9-18)-(8-17)-(6-7)-(4-5)-(2-3)-(0-1)],0.00010204315185546875,0.03026604652404785,3,True,0
WtfIID_GH?a@E@B__OwA??OC@_G@_G?_C?GP?BKG??r??@x,[(22-23)-(19-20)-(15-16)-(12-13)-(11-14)-(10-21)-(9-18)-(8-17)-(6-7)-(4-5)-(2-3)-(0-1)],9.918212890625e-05,0.03471946716308594,3,True,0
WtfIID_GH?a@E@B__OwA??OC@_G@_G?_C?GP?BKG??r??@x,[(22-23)-(19-20)-(15-16)-(12-13)-(11-14)-(10-21)-(9-18)-(8-17)-(6-7)-(4-5)-(2-3)-(0-1)],9.989738464355469e-05,0.08699512481689453,16,False,0
W|eII@`GG_b@B@@__OGE@?OC@_G?_G?oC?N@??Go?@o_?@r,[(22-23)-(19-21)-(14-15)-(11-12)-(10-20)-(9-18)-(8-17)-(7-16)-(6-13)-(4-5)-(2-3)-(0-1)],9.107589721679688e-05,0.03881502151489258,3,True,0
W|eII@`GG_b@B@@__OGE@?OC@_G?_G?oC?N@??Go?@o_?@r,[(22-23)-(19-21)-(14-15)-(11-12)-(10-20)-(9-18)-(8-17)-(7-16)-(6-13)-(4-5)-(2-3)-(0-1)],0.00010704994201660156,0.08892250061035156,18,False,0
W|eII@`GG_b@B@@__OGE@?OC@_G?_G?oC?N@??Go?@o_?@r,[(22-23)-(19-21)-(14-15)-(12-20)-(10-11)-(9-18)-(8-17)-(7-16)-(6-13)-(4-5)-(2-3)-(0-1)],9.322166442871094e-05,0.061998605728149414,13,False,0
W|eII@`GG_b@B@@__OGE@?OC@_G?_G?oC?N@??Go?@o_?@r,[(22-23)-(19-21)-(14-15)-(12-20)-(10-11)-(9-18)-(8-17)-(7-16)-(6-13)-(4-5)-(2-3)-(0-1)],9.751319885253906e-05,0.05439472198486328,5,True,0
W|eII@`GG_b@B@@__OGE@?OC@_G?_G?oC?N@??Go?@o_?@r,[(18-23)-(15-22)-(14-21)-(11-12)-(10-20)-(9-19)-(8-17)-(7-16)-(6-13)-(4-5)-(2-3)-(0-1)],9.465217590332031e-05,0.02665233612060547,2,True,0
W|eII@`GG_b@B@@__OGE@?OC@_G?_G?oC?N@??Go?@o_?@r,[(18-23)-(15-22)-(14-21)-(11-12)-(10-20)-(9-19)-(8-17)-(7-16)-(6-13)-(4-5)-(2-3)-(0-1)],9.751319885253906e-05,0.08461451530456543,7,True,0
W|eII@`GG_b@B@@__OGE@?OC@_G?_G?oC?N@??Go?@o_?@r,[(22-23)-(18-21)-(14-15)-(11-12)-(10-20)-(9-19)-(8-17)-(7-16)-(6-13)-(4-5)-(2-3)-(0-1)],9.751319885253906e-05,0.03386044502258301,3,False,0
W|eII@`GG_b@B@@__OGE@?OC@_G?_G?oC?N@??Go?@o_?@r,[(22-23)-(18-21)-(14-15)-(11-12)-(10-20)-(9-19)-(8-17)-(7-16)-(6-13)-(4-5)-(2-3)-(0-1)],0.00010061264038085938,0.03081202507019043,3,True,0
W|eII@`GG_b@B@@__OGE@?OC@_G?_G?oC?N@??Go?@o_?@r,[(21-22)-(18-23)-(14-15)-(11-12)-(10-20)-(9-19)-(8-17)-(7-16)-(6-13)-(4-5)-(2-3)-(0-1)],9.655952453613281e-05,0.05735492706298828,5,True,0
W|eII@`GG_b@B@@__OGE@?OC@_G?_G?oC?N@??Go?@o_?@r,[(21-22)-(18-23)-(14-15)-(11-12)-(10-20)-(9-19)-(8-17)-(7-16)-(6-13)-(4-5)-(2-3)-(0-1)],0.00010061264038085938,0.07265043258666992,6,True,0
W|eII@`GG_b@B@@__OGE@?OC@_G?_G?oC?N@??Go?@o_?@r,[(18-23)-(15-22)-(14-21)-(12-20)-(10-11)-(9-19)-(8-17)-(7-16)-(6-13)-(4-5)-(2-3)-(0-1)],9.512901306152344e-05,0.05967235565185547,5,True,0
W|eII@`GG_b@B@@__OGE@?OC@_G?_G?oC?N@??Go?@o_?@r,[(18-23)-(15-22)-(14-21)-(12-20)-(10-11)-(9-19)-(8-17)-(7-16)-(6-13)-(4-5)-(2-3)-(0-1)],9.894371032714844e-05,0.03815770149230957,3,False,0
W|eII@`GG_b@B@@__OGE@?OC@_G?_G?oC?N@??Go?@o_?@r,[(22-23)-(18-21)-(14-15)-(12-20)-(10-11)-(9-19)-(8-17)-(7-16)-(6-13)-(4-5)-(2-3)-(0-1)],0.00016117095947265625,0.04412198066711426,4,False,0
W|eII@`GG_b@B@@__OGE@?OC@_G?_G?oC?N@??Go?@o_?@r,[(22-23)-(18-21)-(14-15)-(12-20)-(10-11)-(9-19)-(8-17)-(7-16)-(6-13)-(4-5)-(2-3)-(0-1)],9.918212890625e-05,0.029528141021728516,1,True,0
W|eII@`GG_b@B@@__OGE@?OC@_G?_G?oC?N@??Go?@o_?@r,[(21-22)-(18-23)-(14-15)-(12-20)-(10-11)-(9-19)-(8-17)-(7-16)-(6-13)-(4-5)-(2-3)-(0-1)],9.655952453613281e-05,0.04436898231506348,4,False,0
W|eII@`GG_b@B@@__OGE@?OC@_G?_G?oC?N@??Go?@o_?@r,[(21-22)-(18-23)-(14-15)-(12-20)-(10-11)-(9-19)-(8-17)-(7-16)-(6-13)-(4-5)-(2-3)-(0-1)],0.00010514259338378906,0.03653526306152344,3,False,0
W|eII@`GG_b@B@@__OGE@?OC@_G?_G?oC?N@??Go?@o_?@r,[(19-20)-(18-23)-(15-22)-(14-21)-(11-12)-(9-10)-(8-17)-(7-16)-(6-13)-(4-5)-(2-3)-(0-1)],9.441375732421875e-05,0.03569149971008301,3,True,0
W|eII@`GG_b@B@@__OGE@?OC@_G?_G?oC?N@??Go?@o_?@r,[(19-20)-(18-23)-(15-22)-(14-21)-(11-12)-(9-10)-(8-17)-(7-16)-(6-13)-(4-5)-(2-3)-(0-1)],9.989738464355469e-05,0.10188126564025879,17,False,0
W|eII@`GG_b@B@@__OGE@?OC@_G?_G?oC?N@??Go?@o_?@r,[(22-23)-(19-20)-(18-21)-(14-15)-(11-12)-(9-10)-(8-17)-(7-16)-(6-13)-(4-5)-(2-3)-(0-1)],0.0001010894775390625,0.031720638275146484,3,True,0
W|eII@`GG_b@B@@__OGE@?OC@_G?_G?oC?N@??Go?@o_?@r,[(22-23)-(19-20)-(18-21)-(14-15)-(11-12)-(9-10)-(8-17)-(7-16)-(6-13)-(4-5)-(2-3)-(0-1)],0.00011587142944335938,0.03254818916320801,3,True,0
W|fIJ?`C?o`p?`?__GGB@?GC?oG?_G?sC?BB??WG?@o_?@r,[(18-23)-(15-16)-(14-22)-(13-21)-(12-20)-(10-19)-(9-17)-(7-8)-(6-11)-(4-5)-(2-3)-(0-1)],9.107589721679688e-05,0.035507917404174805,3,True,0
W|fIJ?`C?o`p?`?__GGB@?GC?oG?_G?sC?BB??WG?@o_?@r,[(18-23)-(15-16)-(14-22)-(13-21)-(12-20)-(10-19)-(9-17)-(7-8)-(6-11)-(4-5)-(2-3)-(0-1)],9.703636169433594e-05,0.09128093719482422,8,True,0
W|fIJ?`C?o`p?`?__GGB@?GC?oG?_G?sC?BB??WG?@o_?@r,[(18-23)-(16-22)-(14-15)-(13-21)-(12-20)-(10-19)-(9-17)-(7-8)-(6-11)-(4-5)-(2-3)-(0-1)],9.417533874511719e-05,0.04265546798706055,4,True,0
W|fIJ?`C?o`p?`?__GGB@?GC?oG?_G?sC?BB??WG?@o_?@r,[(18-23)-(16-22)-(14-15)-(13-21)-(12-20)-(10-19)-(9-17)-(7-8)-(6-11)-(4-5)-(2-3)-(0-1)],0.000102996826171875,0.04639720916748047,4,True,0
W|fIJ?`C?o`p?`?__GGB@?GC?oG?_G?sC?BB??WG?@o_?@r,[(21-22)-(18-23)-(15-16)-(13-14)-(12-20)-(10-19)-(9-17)-(7-8)-(6-11)-(4-5)-(2-3)-(0-1)],9.202957153320312e-05,0.03974771499633789,3,True,0
W|fIJ?`C?o`p?`?__GGB@?GC?oG?_G?sC?BB??WG?@o_?@r,[(21-22)-(18-23)-(15-16)-(13-14)-(12-20)-(10-19)-(9-17)-(7-8)-(6-11)-(4-5)-(2-3)-(0-1)],0.00010061264038085938,0.044089555740356445,4,False,0
W|fIJ?`C?o`p?`?__GGB@?GC?oG?_G?sC?BB??WG?@o_?@r,[(22-23)-(18-20)-(15-16)-(14-21)-(12-13)-(10-19)-(9-17)-(7-8)-(6-11)-(4-5)-(2-3)-(0-1)],0.00010180473327636719,0.028110265731811523,2,True,0
W|fIJ?`C?o`p?`?__GGB@?GC?oG?_G?sC?BB??WG?@o_?@r,[(22-23)-(18-20)-(15-16)-(14-21)-(12-13)-(10-19)-(9-17)-(7-8)-(6-11)-(4-5)-(2-3)-(0-1)],9.965896606445312e-05,0.045020341873168945,4,True,0
W|fIJ?`C?o`p?`?__GGB@?GC?oG?_G?sC?BB??WG?@o_?@r,[(18-20)-(16-23)-(15-22)-(14-21)-(12-13)-(10-19)-(9-17)-(7-8)-(6-11)-(4-5)-(2-3)-(0-1)],9.584426879882812e-05,0.047652244567871094,4,False,0
W|fIJ?`C?o`p?`?__GGB@?GC?oG?_G?sC?BB??WG?@o_?@r,[(18-20)-(16-23)-(15-22)-(14-21)-(12-13)-(10-19)-(9-17)-(7-8)-(6-11)-(4-5)-(2-3)-(0-1)],9.918212890625e-05,0.02068018913269043,1,True,0
W|fIJ?`C?o`p?`?__GGB@?GC?oG?_G?sC?BB??WG?@o_?@r,[(21-23)-(18-20)-(15-16)-(14-22)-(12-13)-(10-19)-(9-17)-(7-8)-(6-11)-(4-5)-(2-3)-(0-1)],9.942054748535156e-05,0.020100831985473633,1,True,0
W|fIJ?`C?o`p?`?__GGB@?GC?oG?_G?sC?BB??WG?@o_?@r,[(21-23)-(18-20)-(15-16)-(14-22)-(12-13)-(10-19)-(9-17)-(7-8)-(6-11)-(4-5)-(2-3)-(0-1)],9.751319885253906e-05,0.049385786056518555,4,False,0
W|fIJ?`C?o`p?`?__GGB@?GC?oG?_G?sC?BB??WG?@o_?@r,[(20-21)-(18-23)-(15-16)-(14-22)-(12-13)-(10-19)-(9-17)-(7-8)-(6-11)-(4-5)-(2-3)-(0-1)],9.655952453613281e-05,0.08516073226928711,15,False,0
W|fIJ?`C?o`p?`?__GGB@?GC?oG?_G?sC?BB??WG?@o_?@r,[(20-21)-(18-23)-(15-16)-(14-22)-(12-13)-(10-19)-(9-17)-(7-8)-(6-11)-(4-5)-(2-3)-(0-1)],9.822845458984375e-05,0.06549906730651855,7,False,0
W|fIJ?`C?o`p?`?__GGB@?GC?oG?_G?sC?BB??WG?@o_?@r,[(21-23)-(18-20)-(16-22)-(14-15)-(12-13)-(10-19)-(9-17)-(7-8)-(6-11)-(4-5)-(2-3)-(0-1)],9.489059448242188e-05,0.034468889236450195,3,True,0
W|fIJ?`C?o`p?`?__GGB@?GC?oG?_G?sC?BB??WG?@o_?@r,[(21-23)-(18-20)-(16-22)-(14-15)-(12-13)-(10-19)-(9-17)-(7-8)-(6-11)-(4-5)-(2-3)-(0-1)],9.965896606445312e-05,0.03917980194091797,3,True,0
W|fIJ?`C?o`p?`?__GGB@?GC?oG?_G?sC?BB??WG?@o_?@r,[(20-21)-(18-23)-(16-22)-(14-15)-(12-13)-(10-19)-(9-17)-(7-8)-(6-11)-(4-5)-(2-3)-(0-1)],9.512901306152344e-05,0.033199310302734375,3,False,0
W|fIJ?`C?o`p?`?__GGB@?GC?oG?_G?sC?BB??WG?@o_?@r,[(20-21)-(18-23)-(16-22)-(14-15)-(12-13)-(10-19)-(9-17)-(7-8)-(6-11)-(4-5)-(2-3)-(0-1)],0.00010275840759277344,0.05201005935668945,5,True,0
W|fIJ?`C?o`p?`?__GGB@?GC?oG?_G?sC?BB??WG?@o_?@r,[(21-22)-(18-20)-(16-23)-(14-15)-(12-13)-(10-19)-(9-17)-(7-8)-(6-11)-(4-5)-(2-3)-(0-1)],9.489059448242188e-05,0.03639817237854004,3,False,0
W|fIJ?`C?o`p?`?__GGB@?GC?oG?_G?sC?BB??WG?@o_?@r,[(21-22)-(18-20)-(16-23)-(14-15)-(12-13)-(10-19)-(9-17)-(7-8)-(6-11)-(4-5)-(2-3)-(0-1)],9.965896606445312e-05,0.10067582130432129,9,True,0
W|eIID_K?o`_@`?o_GGB@?GC?oG?oG?WC?C@??wG?@p_?@{,[(20-23)-(15-22)-(13-14)-(12-21)-(11-19)-(10-18)-(9-17)-(8-16)-(6-7)-(4-5)-(2-3)-(0-1)],9.107589721679688e-05,0.07341480255126953,9,False,0
W|eIID_K?o`_@`?o_GGB@?GC?oG?oG?WC?C@??wG?@p_?@{,[(20-23)-(15-22)-(13-14)-(12-21)-(11-19)-(10-18)-(9-17)-(8-16)-(6-7)-(4-5)-(2-3)-(0-1)],0.00010466575622558594,0.08032965660095215,7,True,0
W|eIID_K?o`_@`?o_GGB@?GC?oG?oG?WC?C@??wG?@p_?@{,[(20-23)-(15-22)-(14-21)-(12-13)-(11-19)-(10-18)-(9-17)-(8-16)-(6-7)-(4-5)-(2-3)-(0-1)],9.465217590332031e-05,0.028265953063964844,3,False,0
W|eIID_K?o`_@`?o_GGB@?GC?oG?oG?WC?C@??wG?@p_?@{,[(20-23)-(15-22)-(14-21)-(12-13)-(11-19)-(10-18)-(9-17)-(8-16)-(6-7)-(4-5)-(2-3)-(0-1)],9.751319885253906e-05,0.02975630760192871,3,True,0
W|eIID_K?o`_@`?o_GGB@?GC?oG?oG?WC?C@??wG?@p_?@{,[(21-22)-(20-23)-(14-15)-(12-13)-(11-19)-(10-18)-(9-17)-(8-16)-(6-7)-(4-5)-(2-3)-(0-1)],9.632110595703125e-05,0.04541158676147461,3,False,0
W|eIID_K?o`_@`?o_GGB@?GC?oG?oG?WC?C@??wG?@p_?@{,[(21-22)-(20-23)-(14-15)-(12-13)-(11-19)-(10-18)-(9-17)-(8-16)-(6-7)-(4-5)-(2-3)-(0-1)],9.942054748535156e-05,0.08741092681884766,8,True,0
W|eIID_K?o`_@`?o_GGB@?GC?oG?oG?WC?C@??wG?@p_?@{,[(19-23)-(15-22)-(13-14)-(12-21)-(11-20)-(10-18)-(9-17)-(8-16)-(6-7)-(4-5)-(2-3)-(0-1)],0.00011157989501953125,0.04679989814758301,4,True,0
W|eIID_K?o`_@`?o_GGB@?GC?oG?oG?WC?C@??wG?@p_?@{,[(19-23)-(15-22)-(13-14)-(12-21)-(11-20)-(10-18)-(9-17)-(8-16)-(6-7)-(4-5)-(2-3)-(0-1)],0.000102996826171875,0.03849387168884277,3,True,0
W|eIID_K?o`_@`?o_GGB@?GC?oG?oG?WC?C@??wG?@p_?@{,[(19-23)-(15-22)-(14-21)-(12-13)-(11-20)-(10-18)-(9-17)-(8-16)-(6-7)-(4-5)-(2-3)-(0-1)],0.00010991096496582031,0.04211091995239258,4,True,0
W|eIID_K?o`_@`?o_GGB@?GC?oG?oG?WC?C@??wG?@p_?@{,[(19-23)-(15-22)-(14-21)-(12-13)-(11-20)-(10-18)-(9-17)-(8-16)-(6-7)-(4-5)-(2-3)-(0-1)],0.00010347366333007812,0.052568912506103516,4,False,0
W|eIID_K?o`_@`?o_GGB@?GC?oG?oG?WC?C@??wG?@p_?@{,[(21-22)-(19-23)-(14-15)-(12-13)-(11-20)-(10-18)-(9-17)-(8-16)-(6-7)-(4-5)-(2-3)-(0-1)],0.00010013580322265625,0.0909414291381836,17,False,0
W|eIID_K?o`_@`?o_GGB@?GC?oG?oG?WC?C@??wG?@p_?@{,[(21-22)-(19-23)-(14-15)-(12-13)-(11-20)-(10-18)-(9-17)-(8-16)-(6-7)-(4-5)-(2-3)-(0-1)],9.846687316894531e-05,0.0269777774810791,2,True,0
W|eIID_K?o`_@`?o_GGB@?GC?oG?oG?WC?C@??wG?@p_?@{,[(20-22)-(19-23)-(14-15)-(13-21)-(11-12)-(10-18)-(9-17)-(8-16)-(6-7)-(4-5)-(2-3)-(0-1)],9.751319885253906e-05,0.03021097183227539,2,True,0
W|eIID_K?o`_@`?o_GGB@?GC?oG?oG?WC?C@??wG?@p_?@{,[(20-22)-(19-23)-(14-15)-(13-21)-(11-12)-(10-18)-(9-17)-(8-16)-(6-7)-(4-5)-(2-3)-(0-1)],0.0001087188720703125,0.04448819160461426,4,True,0
W|eIID_K?o`_@`?o_GGB@?GC?oG?oG?WC?C@??wG?@p_?@{,[(20-21)-(19-23)-(15-22)-(13-14)-(11-12)-(10-18)-(9-17)-(8-16)-(6-7)-(4-5)-(2-3)-(0-1)],9.703636169433594e-05,0.09214258193969727,16,False,0
W|eIID_K?o`_@`?o_GGB@?GC?oG?oG?WC?C@??wG?@p_?@{,[(20-21)-(19-23)-(15-22)-(13-14)-(11-12)-(10-18)-(9-17)-(8-16)-(6-7)-(4-5)-(2-3)-(0-1)],0.00010061264038085938,0.04899954795837402,6,True,0
W|eIID_K?o`_@`?o_GGB@?GC?oG?oG?WC?C@??wG?@p_?@{,[(18-23)-(15-22)-(13-14)-(12-21)-(11-20)-(10-19)-(9-17)-(8-16)-(6-7)-(4-5)-(2-3)-(0-1)],9.942054748535156e-05,0.03293418884277344,2,False,0
W|eIID_K?o`_@`?o_GGB@?GC?oG?oG?WC?C@??wG?@p_?@{,[(18-23)-(15-22)-(13-14)-(12-21)-(11-20)-(10-19)-(9-17)-(8-16)-(6-7)-(4-5)-(2-3)-(0-1)],0.00010800361633300781,0.027919769287109375,2,True,0
W|eIID_K?o`_@`?o_GGB@?GC?oG?oG?WC?C@??wG?@p_?@{,[(18-23)-(15-22)-(14-21)-(12-13)-(11-20)-(10-19)-(9-17)-(8-16)-(6-7)-(4-5)-(2-3)-(0-1)],9.655952453613281e-05,0.09322690963745117,16,False,0
W|eIID_K?o`_@`?o_GGB@?GC?oG?oG?WC?C@??wG?@p_?@{,[(18-23)-(15-22)-(14-21)-(12-13)-(11-20)-(10-19)-(9-17)-(8-16)-(6-7)-(4-5)-(2-3)-(0-1)],9.846687316894531e-05,0.08793401718139648,9,True,0
WtfIID_GH?A@E@B__OwAX?O?@_G@_G?_C?W@?AEG??R_?@x,[(19-23)-(16-22)-(15-21)-(13-14)-(11-12)-(10-20)-(9-18)-(8-17)-(6-7)-(4-5)-(2-3)-(0-1)],9.226799011230469e-05,0.05387759208679199,5,True,0
WtfIID_GH?A@E@B__OwAX?O?@_G@_G?_C?W@?AEG??R_?@x,[(19-23)-(16-22)-(15-21)-(13-14)-(11-12)-(10-20)-(9-18)-(8-17)-(6-7)-(4-5)-(2-3)-(0-1)],0.00011968612670898438,0.027149200439453125,2,False,0
WtfIID_GH?A@E@B__OwAX?O?@_G@_G?_C?W@?AEG??R_?@x,[(19-22)-(16-23)-(15-21)-(13-14)-(11-12)-(10-20)-(9-18)-(8-17)-(6-7)-(4-5)-(2-3)-(0-1)],0.00010728836059570312,0.03430056571960449,3,True,0
WtfIID_GH?A@E@B__OwAX?O?@_G@_G?_C?W@?AEG??R_?@x,[(19-22)-(16-23)-(15-21)-(13-14)-(11-12)-(10-20)-(9-18)-(8-17)-(6-7)-(4-5)-(2-3)-(0-1)],0.00010347366333007812,0.030042409896850586,2,True,0
WtfIID_GH?A@E@B__OwAX?O?@_G@_G?_C?W@?AEG??R_?@x,[(19-23)-(16-22)-(15-21)-(12-13)-(11-14)-(10-20)-(9-18)-(8-17)-(6-7)-(4-5)-(2-3)-(0-1)],9.775161743164062e-05,0.04683685302734375,4,True,0
WtfIID_GH?A@E@B__OwAX?O?@_G@_G?_C?W@?AEG??R_?@x,[(19-23)-(16-22)-(15-21)-(12-13)-(11-14)-(10-20)-(9-18)-(8-17)-(6-7)-(4-5)-(2-3)-(0-1)],0.00010275840759277344,0.06334304809570312,6,True,0
WtfIID_GH?A@E@B__OwAX?O?@_G@_G?_C?W@?AEG??R_?@x,[(19-22)-(16-23)-(15-21)-(12-13)-(11-14)-(10-20)-(9-18)-(8-17)-(6-7)-(4-5)-(2-3)-(0-1)],0.00010943412780761719,0.026739120483398438,2,True,0
WtfIID_GH?A@E@B__OwAX?O?@_G@_G?_C?W@?AEG??R_?@x,[(19-22)-(16-23)-(15-21)-(12-13)-(11-14)-(10-20)-(9-18)-(8-17)-(6-7)-(4-5)-(2-3)-(0-1)],0.00010514259338378906,0.025527238845825195,2,True,0
WtfIID_GH?A@E@B__OwAX?O?@_G@_G?_C?W@?AEG??R_?@x,[(22-23)-(19-20)-(16-21)-(14-15)-(12-13)-(10-11)-(9-18)-(8-17)-(6-7)-(4-5)-(2-3)-(0-1)],9.894371032714844e-05,0.03837323188781738,3,True,0
WtfIID_GH?A@E@B__OwAX?O?@_G@_G?_C?W@?AEG??R_?@x,[(22-23)-(19-20)-(16-21)-(14-15)-(12-13)-(10-11)-(9-18)-(8-17)-(6-7)-(4-5)-(2-3)-(0-1)],0.00010824203491210938,0.030133724212646484,2,True,0
WtfIID_GH?A@E@B__OwAX?O?@_G@_G?_C?W@?AEG??R_?@x,[(20-22)-(19-23)-(16-21)-(14-15)-(12-13)-(10-11)-(9-18)-(8-17)-(6-7)-(4-5)-(2-3)-(0-1)],9.799003601074219e-05,0.0348360538482666,3,True,0
WtfIID_GH?A@E@B__OwAX?O?@_G@_G?_C?W@?AEG??R_?@x,[(20-22)-(19-23)-(16-21)-(14-15)-(12-13)-(10-11)-(9-18)-(8-17)-(6-7)-(4-5)-(2-3)-(0-1)],9.989738464355469e-05,0.057312726974487305,6,True,0
WtfIID_GH?A@E@B__OwAX?O?@_G@_G?_C?W@?AEG??R_?@x,[(20-21)-(19-23)-(16-22)-(14-15)-(12-13)-(10-11)-(9-18)-(8-17)-(6-7)-(4-5)-(2-3)-(0-1)],9.655952453613281e-05,0.05179166793823242,5,True,0
WtfIID_GH?A@E@B__OwAX?O?@_G@_G?_C?W@?AEG??R_?@x,[(20-21)-(19-23)-(16-22)-(14-15)-(12-13)-(10-11)-(9-18)-(8-17)-(6-7)-(4-5)-(2-3)-(0-1)],0.00011444091796875,0.0644690990447998,6,True,0
WtfIID_GH?A@E@B__OwAX?O?@_G@_G?_C?W@?AEG??R_?@x,[(21-22)-(19-20)-(16-23)-(14-15)-(12-13)-(10-11)-(9-18)-(8-17)-(6-7)-(4-5)-(2-3)-(0-1)],9.870529174804688e-05,0.03530287742614746,3,True,0
WtfIID_GH?A@E@B__OwAX?O?@_G@_G?_C?W@?AEG??R_?@x,[(21-22)-(19-20)-(16-23)-(14-15)-(12-13)-(10-11)-(9-18)-(8-17)-(6-7)-(4-5)-(2-3)-(0-1)],0.00010824203491210938,0.06268668174743652,6,True,0
WtfIID_GH?A@E@B__OwAX?O?@_G@_G?_C?W@?AEG??R_?@x,[(20-21)-(19-22)-(16-23)-(14-15)-(12-13)-(10-11)-(9-18)-(8-17)-(6-7)-(4-5)-(2-3)-(0-1)],0.000102996826171875,0.04860687255859375,4,False,0
WtfIID_GH?A@E@B__OwAX?O?@_G@_G?_C?W@?AEG??R_?@x,[(20-21)-(19-22)-(16-23)-(14-15)-(12-13)-(10-11)-(9-18)-(8-17)-(6-7)-(4-5)-(2-3)-(0-1)],0.00011014938354492188,0.050777435302734375,5,True,0
WtfIID_GH?A@E@B__OwAX?O?@_G@_G?_C?W@?AEG??R_?@x,[(22-23)-(19-20)-(16-21)-(13-14)-(11-12)-(10-15)-(9-18)-(8-17)-(6-7)-(4-5)-(2-3)-(0-1)],9.655952453613281e-05,0.053406476974487305,5,True,0
WtfIID_GH?A@E@B__OwAX?O?@_G@_G?_C?W@?AEG??R_?@x,[(22-23)-(19-20)-(16-21)-(13-14)-(11-12)-(10-15)-(9-18)-(8-17)-(6-7)-(4-5)-(2-3)-(0-1)],0.00012111663818359375,0.04781460762023926,4,True,0
WtfIID`GH?A@E@B__WGB_?CC?WG?OG?WC?E`??M???[_??^,[(21-23)-(18-22)-(15-16)-(13-14)-(12-20)-(11-19)-(10-17)-(8-9)-(6-7)-(4-5)-(2-3)-(0-1)],0.00010061264038085938,0.09190225601196289,17,False,0
WtfIID`GH?A@E@B__WGB_?CC?WG?OG?WC?E`??M???[_??^,[(21-23)-(18-22)-(15-16)-(13-14)-(12-20)-(11-19)-(10-17)-(8-9)-(6-7)-(4-5)-(2-3)-(0-1)],0.00010037422180175781,0.05825948715209961,5,False,0
WtfIID`GH?A@E@B__WGB_?CC?WG?OG?WC?E`??M???[_??^,[(21-22)-(18-23)-(15-16)-(13-14)-(12-20)-(11-19)-(10-17)-(8-9)-(6-7)-(4-5)-(2-3)-(0-1)],0.00010180473327636719,0.04723477363586426,4,True,0
WtfIID`GH?A@E@B__WGB_?CC?WG?OG?WC?E`??M???[_??^,[(21-22)-(18-23)-(15-16)-(13-14)-(12-20)-(11-19)-(10-17)-(8-9)-(6-7)-(4-5)-(2-3)-(0-1)],9.894371032714844e-05,0.043892621994018555,4,True,0
WtfIID`GH?A@E@B__WGB_?CC?WG?OG?WC?E`??M???[_??^,[(18-23)-(16-22)-(15-21)-(13-14)-(12-20)-(11-19)-(10-17)-(8-9)-(6-7)-(4-5)-(2-3)-(0-1)],9.799003601074219e-05,0.11133599281311035,11,True,0
WtfIID`GH?A@E@B__WGB_?CC?WG?OG?WC?E`??M???[_??^,[(18-23)-(16-22)-(15-21)-(13-14)-(12-20)-(11-19)-(10-17)-(8-9)-(6-7)-(4-5)-(2-3)-(0-1)],0.00011110305786132812,0.03982734680175781,3,False,0
WtfIID`GH?A@E@B__WGB_?CC?WG?OG?WC?E`??M???[_??^,[(21-23)-(18-22)-(15-16)-(14-20)-(12-13)-(11-19)-(10-17)-(8-9)-(6-7)-(4-5)-(2-3)-(0-1)],9.679794311523438e-05,0.08711004257202148,15,False,0
WtfIID`GH?A@E@B__WGB_?CC?WG?OG?WC?E`??M???[_??^,[(21-23)-(18-22)-(15-16)-(14-20)-(12-13)-(11-19)-(10-17)-(8-9)-(6-7)-(4-5)-(2-3)-(0-1)],9.870529174804688e-05,0.06022930145263672,5,False,0
WtfIID`GH?A@E@B__WGB_?CC?WG?OG?WC?E`??M???[_??^,[(21-22)-(18-23)-(15-16)-(14-20)-(12-13)-(11-19)-(10-17)-(8-9)-(6-7)-(4-5)-(2-3)-(0-1)],9.655952453613281e-05,0.034307003021240234,3,True,0
WtfIID`GH?A@E@B__WGB_?CC?WG?OG?WC?E`??M???[_??^,[(21-22)-(18-23)-(15-16)-(14-20)-(12-13)-(11-19)-(10-17)-(8-9)-(6-7)-(4-5)-(2-3)-(0-1)],0.0001010894775390625,0.0218503475189209,1,True,0
WtfIID`GH?A@E@B__WGB_?CC?WG?OG?WC?E`??M???[_??^,[(18-23)-(16-22)-(15-21)-(14-20)-(12-13)-(11-19)-(10-17)-(8-9)-(6-7)-(4-5)-(2-3)-(0-1)],0.00010442733764648438,0.12003874778747559,20,False,0
WtfIID`GH?A@E@B__WGB_?CC?WG?OG?WC?E`??M???[_??^,[(18-23)-(16-22)-(15-21)-(14-20)-(12-13)-(11-19)-(10-17)-(8-9)-(6-7)-(4-5)-(2-3)-(0-1)],9.632110595703125e-05,0.021813154220581055,1,False,0
WtfIID`GH?A@E@B__WGB_?CC?WG?OG?WC?E`??M???[_??^,[(20-23)-(18-22)-(15-16)-(14-21)-(12-13)-(11-19)-(10-17)-(8-9)-(6-7)-(4-5)-(2-3)-(0-1)],9.274482727050781e-05,0.030071258544921875,3,True,0
WtfIID`GH?A@E@B__WGB_?CC?WG?OG?WC?E`??M???[_??^,[(20-23)-(18-22)-(15-16)-(14-21)-(12-13)-(11-19)-(10-17)-(8-9)-(6-7)-(4-5)-(2-3)-(0-1)],0.00010180473327636719,0.09334492683410645,16,False,0
WtfIID`GH?A@E@B__WGB_?CC?WG?OG?WC?E`??M???[_??^,[(22-23)-(18-19)-(15-16)-(14-21)-(12-13)-(11-20)-(10-17)-(8-9)-(6-7)-(4-5)-(2-3)-(0-1)],9.489059448242188e-05,0.07331132888793945,6,False,0
WtfIID`GH?A@E@B__WGB_?CC?WG?OG?WC?E`??M???[_??^,[(22-23)-(18-19)-(15-16)-(14-21)-(12-13)-(11-20)-(10-17)-(8-9)-(6-7)-(4-5)-(2-3)-(0-1)],9.846687316894531e-05,0.02181243896484375,1,True,0
WtfIID`GH?A@E@B__WGB_?CC?WG?OG?WC?E`??M???[_??^,[(19-23)-(18-22)-(15-16)-(14-21)-(12-13)-(11-20)-(10-17)-(8-9)-(6-7)-(4-5)-(2-3)-(0-1)],9.465217590332031e-05,0.08942627906799316,10,True,0
WtfIID`GH?A@E@B__WGB_?CC?WG?OG?WC?E`??M???[_??^,[(19-23)-(18-22)-(15-16)-(14-21)-(12-13)-(11-20)-(10-17)-(8-9)-(6-7)-(4-5)-(2-3)-(0-1)],0.0001010894775390625,0.06016278266906738,13,False,0
WtfIID`GH?A@E@B__WGB_?CC?WG?OG?WC?E`??M???[_??^,[(21-22)-(20-23)-(18-19)-(15-16)-(13-14)-(11-12)-(10-17)-(8-9)-(6-7)-(4-5)-(2-3)-(0-1)],0.00010251998901367188,0.15262293815612793,21,False,0
WtfIID`GH?A@E@B__WGB_?CC?WG?OG?WC?E`??M???[_??^,[(21-22)-(20-23)-(18-19)-(15-16)-(13-14)-(11-12)-(10-17)-(8-9)-(6-7)-(4-5)-(2-3)-(0-1)],9.918212890625e-05,0.0474238395690918,4,True,0
WteIID@W@?e@E@B?_oGE@?WC?_G@_G?oC?K@??wG??w_??|,[(17-23)-(15-22)-(13-14)-(12-21)-(11-20)-(10-19)-(9-18)-(8-16)-(6-7)-(4-5)-(2-3)-(0-1)],9.393692016601562e-05,0.039179325103759766,4,True,0
WteIID@W@?e@E@B?_oGE@?WC?_G@_G?oC?K@??wG??w_??|,[(17-23)-(15-22)-(13-14)-(12-21)-(11-20)-(10-19)-(9-18)-(8-16)-(6-7)-(4-5)-(2-3)-(0-1)],0.0001270771026611328,0.09572267532348633,16,False,0
WteIID@W@?e@E@B?_oGE@?WC?_G@_G?oC?K@??wG??w_??|,[(17-23)-(15-22)-(14-21)-(12-13)-(11-20)-(10-19)-(9-18)-(8-16)-(6-7)-(4-5)-(2-3)-(0-1)],9.679794311523438e-05,0.06594228744506836,13,False,0
WteIID@W@?e@E@B?_oGE@?WC?_G@_G?oC?K@??wG??w_??|,[(17-23)-(15-22)-(14-21)-(12-13)-(11-20)-(10-19)-(9-18)-(8-16)-(6-7)-(4-5)-(2-3)-(0-1)],0.00010657310485839844,0.022638797760009766,1,True,0
WteIID@W@?e@E@B?_oGE@?WC?_G@_G?oC?K@??wG??w_??|,[(21-22)-(17-23)-(14-15)-(12-13)-(11-20)-(10-19)-(9-18)-(8-16)-(6-7)-(4-5)-(2-3)-(0-1)],9.441375732421875e-05,0.10860776901245117,19,False,0
WteIID@W@?e@E@B?_oGE@?WC?_G@_G?oC?K@??wG??w_??|,[(21-22)-(17-23)-(14-15)-(12-13)-(11-20)-(10-19)-(9-18)-(8-16)-(6-7)-(4-5)-(2-3)-(0-1)],0.00010752677917480469,0.03782916069030762,3,True,0
WteIID@W@?e@E@B?_oGE@?WC?_G@_G?oC?K@??wG??w_??|,[(20-23)-(17-22)-(14-15)-(13-21)-(11-12)-(10-19)-(9-18)-(8-16)-(6-7)-(4-5)-(2-3)-(0-1)],9.560585021972656e-05,0.0513148307800293,4,True,0
WteIID@W@?e@E@B?_oGE@?WC?_G@_G?oC?K@??wG??w_??|,[(20-23)-(17-22)-(14-15)-(13-21)-(11-12)-(10-19)-(9-18)-(8-16)-(6-7)-(4-5)-(2-3)-(0-1)],9.846687316894531e-05,0.03364872932434082,3,True,0
WteIID@W@?e@E@B?_oGE@?WC?_G@_G?oC?K@??wG??w_??|,[(20-21)-(17-23)-(15-22)-(13-14)-(11-12)-(10-19)-(9-18)-(8-16)-(6-7)-(4-5)-(2-3)-(0-1)],9.441375732421875e-05,0.039459228515625,4,False,0
WteIID@W@?e@E@B?_oGE@?WC?_G@_G?oC?K@??wG??w_??|,[(20-21)-(17-23)-(15-22)-(13-14)-(11-12)-(10-19)-(9-18)-(8-16)-(6-7)-(4-5)-(2-3)-(0-1)],0.00010085105895996094,0.07780814170837402,14,False,0
WteIID@W@?e@E@B?_oGE@?WC?_G@_G?oC?K@??wG??w_??|,[(19-23)-(17-22)-(14-15)-(13-21)-(11-12)-(10-20)-(9-18)-(8-16)-(6-7)-(4-5)-(2-3)-(0-1)],9.512901306152344e-05,0.04516148567199707,4,True,0
WteIID@W@?e@E@B?_oGE@?WC?_G@_G?oC?K@??wG??w_??|,[(19-23)-(17-22)-(14-15)-(13-21)-(11-12)-(10-20)-(9-18)-(8-16)-(6-7)-(4-5)-(2-3)-(0-1)],0.00010061264038085938,0.022118091583251953,2,True,0
WteIID@W@?e@E@B?_oGE@?WC?_G@_G?oC?K@??wG??w_??|,[(19-20)-(17-23)-(15-22)-(13-14)-(12-21)-(10-11)-(9-18)-(8-16)-(6-7)-(4-5)-(2-3)-(0-1)],9.72747802734375e-05,0.029308319091796875,2,True,0
WteIID@W@?e@E@B?_oGE@?WC?_G@_G?oC?K@??wG??w_??|,[(19-20)-(17-23)-(15-22)-(13-14)-(12-21)-(10-11)-(9-18)-(8-16)-(6-7)-(4-5)-(2-3)-(0-1)],9.965896606445312e-05,0.030823230743408203,2,True,0
WteIID@W@?e@E@B?_oGE@?WC?_G@_G?oC?K@??wG??w_??|,[(19-20)-(17-23)-(15-22)-(14-21)-(12-13)-(10-11)-(9-18)-(8-16)-(6-7)-(4-5)-(2-3)-(0-1)],9.608268737792969e-05,0.09588122367858887,8,True,0
WteIID@W@?e@E@B?_oGE@?WC?_G@_G?oC?K@??wG??w_??|,[(19-20)-(17-23)-(15-22)-(14-21)-(12-13)-(10-11)-(9-18)-(8-16)-(6-7)-(4-5)-(2-3)-(0-1)],0.00010395050048828125,0.04409050941467285,4,True,0
WteIID@W@?e@E@B?_oGE@?WC?_G@_G?oC?K@??wG??w_??|,[(20-21)-(19-23)-(17-22)-(14-15)-(12-13)-(10-11)-(9-18)-(8-16)-(6-7)-(4-5)-(2-3)-(0-1)],9.822845458984375e-05,0.04856610298156738,13,False,0
WteIID@W@?e@E@B?_oGE@?WC?_G@_G?oC?K@??wG??w_??|,[(20-21)-(19-23)-(17-22)-(14-15)-(12-13)-(10-11)-(9-18)-(8-16)-(6-7)-(4-5)-(2-3)-(0-1)],9.942054748535156e-05,0.05722236633300781,13,False,0
WteIID@W@?e@E@B?_oGE@?WC?_G@_G?oC?K@??wG??w_??|,[(21-22)-(19-20)-(17-23)-(14-15)-(12-13)-(10-11)-(9-18)-(8-16)-(6-7)-(4-5)-(2-3)-(0-1)],9.5367431640625e-05,0.0367281436920166,3,True,0
WteIID@W@?e@E@B?_oGE@?WC?_G@_G?oC?K@??wG??w_??|,[(21-22)-(19-20)-(17-23)-(14-15)-(12-13)-(10-11)-(9-18)-(8-16)-(6-7)-(4-5)-(2-3)-(0-1)],0.00010132789611816406,0.06640768051147461,6,True,0
W|fIB?pEGW_p?`?__WGA??MC?CW?CG?EC?@`??KG??k_??^,[(21-23)-(17-22)-(15-16)-(14-20)-(13-19)-(12-18)-(9-10)-(7-8)-(6-11)-(4-5)-(2-3)-(0-1)],9.274482727050781e-05,0.029619932174682617,2,True,0
W|fIB?pEGW_p?`?__WGA??MC?CW?CG?EC?@`??KG??k_??^,[(21-23)-(17-22)-(15-16)-(14-20)-(13-19)-(12-18)-(9-10)-(7-8)-(6-11)-(4-5)-(2-3)-(0-1)],9.918212890625e-05,0.06581330299377441,7,True,0
W|fIB?pEGW_p?`?__WGA??MC?CW?CG?EC?@`??KG??k_??^,[(22-23)-(16-17)-(15-21)-(14-20)-(13-19)-(12-18)-(9-10)-(7-8)-(6-11)-(4-5)-(2-3)-(0-1)],9.799003601074219e-05,0.060074806213378906,5,True,0
W|fIB?pEGW_p?`?__WGA??MC?CW?CG?EC?@`??KG??k_??^,[(22-23)-(16-17)-(15-21)-(14-20)-(13-19)-(12-18)-(9-10)-(7-8)-(6-11)-(4-5)-(2-3)-(0-1)],9.679794311523438e-05,0.09010457992553711,9,True,0
W|fIB?pEGW_p?`?__WGA??MC?CW?CG?EC?@`??KG??k_??^,[(21-23)-(16-17)-(15-22)-(14-20)-(13-19)-(12-18)-(9-10)-(7-8)-(6-11)-(4-5)-(2-3)-(0-1)],9.965896606445312e-05,0.034049272537231445,3,True,0
W|fIB?pEGW_p?`?__WGA??MC?CW?CG?EC?@`??KG??k_??^,[(21-23)-(16-17)-(15-22)-(14-20)-(13-19)-(12-18)-(9-10)-(7-8)-(6-11)-(4-5)-(2-3)-(0-1)],0.00011205673217773438,0.04722309112548828,4,True,0
W|fIB?pEGW_p?`?__WGA??MC?CW?CG?EC?@`??KG??k_??^,[(20-23)-(17-22)-(15-16)-(14-21)-(13-19)-(12-18)-(9-10)-(7-8)-(6-11)-(4-5)-(2-3)-(0-1)],9.560585021972656e-05,0.0220949649810791,1,True,0
W|fIB?pEGW_p?`?__WGA??MC?CW?CG?EC?@`??KG??k_??^,[(20-23)-(17-22)-(15-16)-(14-21)-(13-19)-(12-18)-(9-10)-(7-8)-(6-11)-(4-5)-(2-3)-(0-1)],9.894371032714844e-05,0.028095006942749023,3,True,0
W|fIB?pEGW_p?`?__WGA??MC?CW?CG?EC?@`??KG??k_??^,[(20-23)-(16-17)-(15-22)-(14-21)-(13-19)-(12-18)-(9-10)-(7-8)-(6-11)-(4-5)-(2-3)-(0-1)],9.703636169433594e-05,0.08059430122375488,7,True,0
W|fIB?pEGW_p?`?__WGA??MC?CW?CG?EC?@`??KG??k_??^,[(20-23)-(16-17)-(15-22)-(14-21)-(13-19)-(12-18)-(9-10)-(7-8)-(6-11)-(4-5)-(2-3)-(0-1)],0.00010037422180175781,0.040036678314208984,3,True,0
W|fIB?pEGW_p?`?__WGA??MC?CW?CG?EC?@`??KG??k_??^,[(19-23)-(17-22)-(15-16)-(14-21)-(13-20)-(12-18)-(9-10)-(7-8)-(6-11)-(4-5)-(2-3)-(0-1)],9.72747802734375e-05,0.0397799015045166,3,True,0
W|fIB?pEGW_p?`?__WGA??MC?CW?CG?EC?@`??KG??k_??^,[(19-23)-(17-22)-(15-16)-(14-21)-(13-20)-(12-18)-(9-10)-(7-8)-(6-11)-(4-5)-(2-3)-(0-1)],0.00010037422180175781,0.027058124542236328,2,True,0
W|fIB?pEGW_p?`?__WGA??MC?CW?CG?EC?@`??KG??k_??^,[(19-23)-(16-17)-(15-22)-(14-21)-(13-20)-(12-18)-(9-10)-(7-8)-(6-11)-(4-5)-(2-3)-(0-1)],0.00010061264038085938,0.03924989700317383,3,True,0
W|fIB?pEGW_p?`?__WGA??MC?CW?CG?EC?@`??KG??k_??^,[(19-23)-(16-17)-(15-22)-(14-21)-(13-20)-(12-18)-(9-10)-(7-8)-(6-11)-(4-5)-(2-3)-(0-1)],9.918212890625e-05,0.09848952293395996,10,False,0
W|fIB?pEGW_p?`?__WGA??MC?CW?CG?EC?@`??KG??k_??^,[(21-23)-(19-20)-(17-22)-(15-16)-(13-14)-(12-18)-(9-10)-(7-8)-(6-11)-(4-5)-(2-3)-(0-1)],9.775161743164062e-05,0.029436826705932617,2,True,0
W|fIB?pEGW_p?`?__WGA??MC?CW?CG?EC?@`??KG??k_??^,[(21-23)-(19-20)-(17-22)-(15-16)-(13-14)-(12-18)-(9-10)-(7-8)-(6-11)-(4-5)-(2-3)-(0-1)],9.822845458984375e-05,0.03140997886657715,3,True,0
W|fIB?pEGW_p?`?__WGA??MC?CW?CG?EC?@`??KG??k_??^,[(20-21)-(19-23)-(17-22)-(15-16)-(13-14)-(12-18)-(9-10)-(7-8)-(6-11)-(4-5)-(2-3)-(0-1)],9.489059448242188e-05,0.08838272094726562,10,True,0
W|fIB?pEGW_p?`?__WGA??MC?CW?CG?EC?@`??KG??k_??^,[(20-21)-(19-23)-(17-22)-(15-16)-(13-14)-(12-18)-(9-10)-(7-8)-(6-11)-(4-5)-(2-3)-(0-1)],9.918212890625e-05,0.03517293930053711,3,True,0
W|fIB?pEGW_p?`?__WGA??MC?CW?CG?EC?@`??KG??k_??^,[(22-23)-(19-20)-(16-17)-(15-21)-(13-14)-(12-18)-(9-10)-(7-8)-(6-11)-(4-5)-(2-3)-(0-1)],0.00011134147644042969,0.056304216384887695,5,False,0
W|fIB?pEGW_p?`?__WGA??MC?CW?CG?EC?@`??KG??k_??^,[(22-23)-(19-20)-(16-17)-(15-21)-(13-14)-(12-18)-(9-10)-(7-8)-(6-11)-(4-5)-(2-3)-(0-1)],0.00011348724365234375,0.028436660766601562,2,True,0
W|eII@_KGo``@`?__WGA@?OC@_G@w??CK?@@??[G??p_?@l,[(19-23)-(15-22)-(14-21)-(13-20)-(10-11)-(9-18)-(8-17)-(7-16)-(6-12)-(4-5)-(2-3)-(0-1)],9.870529174804688e-05,0.03916645050048828,3,True,0
W|eII@_KGo``@`?__WGA@?OC@_G@w??CK?@@??[G??p_?@l,[(19-23)-(15-22)-(14-21)-(13-20)-(10-11)-(9-18)-(8-17)-(7-16)-(6-12)-(4-5)-(2-3)-(0-1)],9.918212890625e-05,0.10008120536804199,9,True,0
W|eII@_KGo``@`?__WGA@?OC@_G@w??CK?@@??[G??p_?@l,[(21-22)-(19-23)-(14-15)-(13-20)-(10-11)-(9-18)-(8-17)-(7-16)-(6-12)-(4-5)-(2-3)-(0-1)],9.393692016601562e-05,0.028101205825805664,2,True,0
W|eII@_KGo``@`?__WGA@?OC@_G@w??CK?@@??[G??p_?@l,[(21-22)-(19-23)-(14-15)-(13-20)-(10-11)-(9-18)-(8-17)-(7-16)-(6-12)-(4-5)-(2-3)-(0-1)],9.989738464355469e-05,0.04098105430603027,4,True,0
W|eII@_KGo``@`?__WGA@?OC@_G@w??CK?@@??[G??p_?@l,[(22-23)-(19-20)-(14-15)-(13-21)-(10-11)-(9-18)-(8-17)-(7-16)-(6-12)-(4-5)-(2-3)-(0-1)],9.632110595703125e-05,0.08549237251281738,15,False,0
W|eII@_KGo``@`?__WGA@?OC@_G@w??CK?@@??[G??p_?@l,[(22-23)-(19-20)-(14-15)-(13-21)-(10-11)-(9-18)-(8-17)-(7-16)-(6-12)-(4-5)-(2-3)-(0-1)],9.655952453613281e-05,0.0509028434753418,5,True,0
W|eII@_KGo``@`?__WGA@?OC@_G@w??CK?@@??[G??p_?@l,[(20-22)-(19-23)-(14-15)-(13-21)-(10-11)-(9-18)-(8-17)-(7-16)-(6-12)-(4-5)-(2-3)-(0-1)],9.465217590332031e-05,0.03994011878967285,4,True,0
W|eII@_KGo``@`?__WGA@?OC@_G@w??CK?@@??[G??p_?@l,[(20-22)-(19-23)-(14-15)-(13-21)-(10-11)-(9-18)-(8-17)-(7-16)-(6-12)-(4-5)-(2-3)-(0-1)],0.00011229515075683594,0.09383320808410645,17,False,0
W|eII@_KGo``@`?__WGA@?OC@_G@w??CK?@@??[G??p_?@l,[(22-23)-(19-20)-(15-21)-(13-14)-(10-11)-(9-18)-(8-17)-(7-16)-(6-12)-(4-5)-(2-3)-(0-1)],9.441375732421875e-05,0.04388594627380371,4,False,0
W|eII@_KGo``@`?__WGA@?OC@_G@w??CK?@@??[G??p_?@l,[(22-23)-(19-20)-(15-21)-(13-14)-(10-11)-(9-18)-(8-17)-(7-16)-(6-12)-(4-5)-(2-3)-(0-1)],0.00010037422180175781,0.05753898620605469,5,True,0
W|eII@_KGo``@`?__WGA@?OC@_G@w??CK?@@??[G??p_?@l,[(20-22)-(19-23)-(15-21)-(13-14)-(10-11)-(9-18)-(8-17)-(7-16)-(6-12)-(4-5)-(2-3)-(0-1)],9.250640869140625e-05,0.07334208488464355,5,False,0
W|eII@_KGo``@`?__WGA@?OC@_G@w??CK?@@??[G??p_?@l,[(20-22)-(19-23)-(15-21)-(13-14)-(10-11)-(9-18)-(8-17)-(7-16)-(6-12)-(4-5)-(2-3)-(0-1)],0.00011873245239257812,0.0833439826965332,8,True,0
W|eII@_KGo``@`?__WGA@?OC@_G@w??CK?@@??[G??p_?@l,[(20-21)-(19-23)-(15-22)-(13-14)-(10-11)-(9-18)-(8-17)-(7-16)-(6-12)-(4-5)-(2-3)-(0-1)],9.34600830078125e-05,0.06951594352722168,14,False,0
W|eII@_KGo``@`?__WGA@?OC@_G@w??CK?@@??[G??p_?@l,[(20-21)-(19-23)-(15-22)-(13-14)-(10-11)-(9-18)-(8-17)-(7-16)-(6-12)-(4-5)-(2-3)-(0-1)],9.918212890625e-05,0.03774762153625488,3,False,0
W|eII@_KGo``@`?__WGA@?OC@_G@w??CK?@@??[G??p_?@l,[(19-23)-(15-22)-(14-21)-(13-20)-(11-18)-(9-10)-(8-17)-(7-16)-(6-12)-(4-5)-(2-3)-(0-1)],9.989738464355469e-05,0.037567853927612305,3,True,0
W|eII@_KGo``@`?__WGA@?OC@_G@w??CK?@@??[G??p_?@l,[(19-23)-(15-22)-(14-21)-(13-20)-(11-18)-(9-10)-(8-17)-(7-16)-(6-12)-(4-5)-(2-3)-(0-1)],9.989738464355469e-05,0.05721306800842285,6,True,0
W|eII@_KGo``@`?__WGA@?OC@_G@w??CK?@@??[G??p_?@l,[(21-22)-(19-23)-(14-15)-(13-20)-(11-18)-(9-10)-(8-17)-(7-16)-(6-12)-(4-5)-(2-3)-(0-1)],9.918212890625e-05,0.03828239440917969,3,True,0
W|eII@_KGo``@`?__WGA@?OC@_G@w??CK?@@??[G??p_?@l,[(21-22)-(19-23)-(14-15)-(13-20)-(11-18)-(9-10)-(8-17)-(7-16)-(6-12)-(4-5)-(2-3)-(0-1)],9.942054748535156e-05,0.03760862350463867,3,True,0
W|eII@_KGo``@`?__WGA@?OC@_G@w??CK?@@??[G??p_?@l,[(22-23)-(19-20)-(14-15)-(13-21)-(11-18)-(9-10)-(8-17)-(7-16)-(6-12)-(4-5)-(2-3)-(0-1)],9.441375732421875e-05,0.06241917610168457,6,True,0
W|eII@_KGo``@`?__WGA@?OC@_G@w??CK?@@??[G??p_?@l,[(22-23)-(19-20)-(14-15)-(13-21)-(11-18)-(9-10)-(8-17)-(7-16)-(6-12)-(4-5)-(2-3)-(0-1)],9.918212890625e-05,0.04862523078918457,5,True,0
W|eIID?GH_b@B@@__WGA@?WC?_G@_G?{??@B??KG??w_??v,[(17-23)-(15-22)-(14-21)-(13-20)-(11-12)-(10-19)-(9-18)-(8-16)-(6-7)-(4-5)-(2-3)-(0-1)],9.322166442871094e-05,0.07108402252197266,7,False,0
W|eIID?GH_b@B@@__WGA@?WC?_G@_G?{??@B??KG??w_??v,[(17-23)-(15-22)-(14-21)-(13-20)-(11-12)-(10-19)-(9-18)-(8-16)-(6-7)-(4-5)-(2-3)-(0-1)],9.846687316894531e-05,0.027940988540649414,2,False,0
W|eIID?GH_b@B@@__WGA@?WC?_G@_G?{??@B??KG??w_??v,[(21-23)-(17-22)-(14-15)-(13-20)-(11-12)-(10-19)-(9-18)-(8-16)-(6-7)-(4-5)-(2-3)-(0-1)],9.584426879882812e-05,0.06260037422180176,6,True,0
W|eIID?GH_b@B@@__WGA@?WC?_G@_G?{??@B??KG??w_??v,[(21-23)-(17-22)-(14-15)-(13-20)-(11-12)-(10-19)-(9-18)-(8-16)-(6-7)-(4-5)-(2-3)-(0-1)],0.00010442733764648438,0.03563690185546875,3,True,0
W|eIID?GH_b@B@@__WGA@?WC?_G@_G?{??@B??KG??w_??v,[(21-22)-(17-23)-(14-15)-(13-20)-(11-12)-(10-19)-(9-18)-(8-16)-(6-7)-(4-5)-(2-3)-(0-1)],9.393692016601562e-05,0.025641202926635742,2,True,0
W|eIID?GH_b@B@@__WGA@?WC?_G@_G?{??@B??KG??w_??v,[(21-22)-(17-23)-(14-15)-(13-20)-(11-12)-(10-19)-(9-18)-(8-16)-(6-7)-(4-5)-(2-3)-(0-1)],9.655952453613281e-05,0.02678060531616211,2,True,0
W|eIID?GH_b@B@@__WGA@?WC?_G@_G?{??@B??KG??w_??v,[(20-23)-(17-22)-(15-21)-(13-14)-(11-12)-(10-19)-(9-18)-(8-16)-(6-7)-(4-5)-(2-3)-(0-1)],9.560585021972656e-05,0.07094573974609375,7,True,0
W|eIID?GH_b@B@@__WGA@?WC?_G@_G?{??@B??KG??w_??v,[(20-23)-(17-22)-(15-21)-(13-14)-(11-12)-(10-19)-(9-18)-(8-16)-(6-7)-(4-5)-(2-3)-(0-1)],0.0001010894775390625,0.03940892219543457,3,True,0
W|eIID?GH_b@B@@__WGA@?WC?_G@_G?{??@B??KG??w_??v,[(20-21)-(17-23)-(15-22)-(13-14)-(11-12)-(10-19)-(9-18)-(8-16)-(6-7)-(4-5)-(2-3)-(0-1)],9.72747802734375e-05,0.04587841033935547,4,True,0
W|eIID?GH_b@B@@__WGA@?WC?_G@_G?{??@B??KG??w_??v,[(20-21)-(17-23)-(15-22)-(13-14)-(11-12)-(10-19)-(9-18)-(8-16)-(6-7)-(4-5)-(2-3)-(0-1)],0.00010776519775390625,0.07265353202819824,7,True,0
W|eIID?GH_b@B@@__WGA@?WC?_G@_G?{??@B??KG??w_??v,[(17-23)-(15-22)-(14-21)-(13-20)-(12-19)-(10-11)-(9-18)-(8-16)-(6-7)-(4-5)-(2-3)-(0-1)],0.00010013580322265625,0.12723398208618164,20,False,0
W|eIID?GH_b@B@@__WGA@?WC?_G@_G?{??@B??KG??w_??v,[(17-23)-(15-22)-(14-21)-(13-20)-(12-19)-(10-11)-(9-18)-(8-16)-(6-7)-(4-5)-(2-3)-(0-1)],0.00010037422180175781,0.1365964412689209,22,False,0
W|eIID?GH_b@B@@__WGA@?WC?_G@_G?{??@B??KG??w_??v,[(21-23)-(17-22)-(14-15)-(13-20)-(12-19)-(10-11)-(9-18)-(8-16)-(6-7)-(4-5)-(2-3)-(0-1)],0.00010204315185546875,0.041518449783325195,4,True,0
W|eIID?GH_b@B@@__WGA@?WC?_G@_G?{??@B??KG??w_??v,[(21-23)-(17-22)-(14-15)-(13-20)-(12-19)-(10-11)-(9-18)-(8-16)-(6-7)-(4-5)-(2-3)-(0-1)],9.894371032714844e-05,0.036014556884765625,3,True,0
W|eIID?GH_b@B@@__WGA@?WC?_G@_G?{??@B??KG??w_??v,[(21-22)-(17-23)-(14-15)-(13-20)-(12-19)-(10-11)-(9-18)-(8-16)-(6-7)-(4-5)-(2-3)-(0-1)],0.00010013580322265625,0.02803325653076172,2,True,0
W|eIID?GH_b@B@@__WGA@?WC?_G@_G?{??@B??KG??w_??v,[(21-22)-(17-23)-(14-15)-(13-20)-(12-19)-(10-11)-(9-18)-(8-16)-(6-7)-(4-5)-(2-3)-(0-1)],9.965896606445312e-05,0.04248237609863281,4,True,0
W|eIID?GH_b@B@@__WGA@?WC?_G@_G?{??@B??KG??w_??v,[(20-23)-(17-22)-(15-21)-(13-14)-(12-19)-(10-11)-(9-18)-(8-16)-(6-7)-(4-5)-(2-3)-(0-1)],0.00011944770812988281,0.09103703498840332,9,True,0
W|eIID?GH_b@B@@__WGA@?WC?_G@_G?{??@B??KG??w_??v,[(20-23)-(17-22)-(15-21)-(13-14)-(12-19)-(10-11)-(9-18)-(8-16)-(6-7)-(4-5)-(2-3)-(0-1)],9.989738464355469e-05,0.04032325744628906,4,True,0
W|eIID?GH_b@B@@__WGA@?WC?_G@_G?{??@B??KG??w_??v,[(20-21)-(17-23)-(15-22)-(13-14)-(12-19)-(10-11)-(9-18)-(8-16)-(6-7)-(4-5)-(2-3)-(0-1)],9.655952453613281e-05,0.04368472099304199,4,True,0
W|eIID?GH_b@B@@__WGA@?WC?_G@_G?{??@B??KG??w_??v,[(20-21)-(17-23)-(15-22)-(13-14)-(12-19)-(10-11)-(9-18)-(8-16)-(6-7)-(4-5)-(2-3)-(0-1)],0.00010251998901367188,0.0364222526550293,3,True,0
W|fIB?pEGW_`?`?__OGC@?PC@wG?K??EC?@`??KG??s_??^,[(22-23)-(15-21)-(14-20)-(13-19)-(11-18)-(9-10)-(8-17)-(7-16)-(6-12)-(4-5)-(2-3)-(0-1)],9.179115295410156e-05,0.04778552055358887,4,True,0
W|fIB?pEGW_`?`?__OGC@?PC@wG?K??EC?@`??KG??s_??^,[(22-23)-(15-21)-(14-20)-(13-19)-(11-18)-(9-10)-(8-17)-(7-16)-(6-12)-(4-5)-(2-3)-(0-1)],0.00017905235290527344,0.03960585594177246,4,False,0
W|fIB?pEGW_`?`?__OGC@?PC@wG?K??EC?@`??KG??s_??^,[(21-23)-(15-22)-(14-20)-(13-19)-(11-18)-(9-10)-(8-17)-(7-16)-(6-12)-(4-5)-(2-3)-(0-1)],9.655952453613281e-05,0.052301883697509766,4,False,0
W|fIB?pEGW_`?`?__OGC@?PC@wG?K??EC?@`??KG??s_??^,[(21-23)-(15-22)-(14-20)-(13-19)-(11-18)-(9-10)-(8-17)-(7-16)-(6-12)-(4-5)-(2-3)-(0-1)],0.00010013580322265625,0.04801011085510254,4,False,0
W|fIB?pEGW_`?`?__OGC@?PC@wG?K??EC?@`??KG??s_??^,[(20-23)-(15-22)-(14-21)-(13-19)-(11-18)-(9-10)-(8-17)-(7-16)-(6-12)-(4-5)-(2-3)-(0-1)],9.489059448242188e-05,0.04311323165893555,4,False,0
W|fIB?pEGW_`?`?__OGC@?PC@wG?K??EC?@`??KG??s_??^,[(20-23)-(15-22)-(14-21)-(13-19)-(11-18)-(9-10)-(8-17)-(7-16)-(6-12)-(4-5)-(2-3)-(0-1)],0.00010037422180175781,0.03888559341430664,3,True,0
W|fIB?pEGW_`?`?__OGC@?PC@wG?K??EC?@`??KG??s_??^,[(22-23)-(20-21)-(14-15)-(13-19)-(11-18)-(9-10)-(8-17)-(7-16)-(6-12)-(4-5)-(2-3)-(0-1)],9.179115295410156e-05,0.030338048934936523,2,True,0
W|fIB?pEGW_`?`?__OGC@?PC@wG?K??EC?@`??KG??s_??^,[(22-23)-(20-21)-(14-15)-(13-19)-(11-18)-(9-10)-(8-17)-(7-16)-(6-12)-(4-5)-(2-3)-(0-1)],9.775161743164062e-05,0.06439971923828125,6,True,0
W|fIB?pEGW_`?`?__OGC@?PC@wG?K??EC?@`??KG??s_??^,[(21-22)-(20-23)-(14-15)-(13-19)-(11-18)-(9-10)-(8-17)-(7-16)-(6-12)-(4-5)-(2-3)-(0-1)],9.5367431640625e-05,0.06145596504211426,13,False,0
W|fIB?pEGW_`?`?__OGC@?PC@wG?K??EC?@`??KG??s_??^,[(21-22)-(20-23)-(14-15)-(13-19)-(11-18)-(9-10)-(8-17)-(7-16)-(6-12)-(4-5)-(2-3)-(0-1)],9.703636169433594e-05,0.023819684982299805,1,False,0
W|fIB?pEGW_`?`?__OGC@?PC@wG?K??EC?@`??KG??s_??^,[(19-23)-(15-22)-(14-21)-(13-20)-(11-18)-(9-10)-(8-17)-(7-16)-(6-12)-(4-5)-(2-3)-(0-1)],0.00014662742614746094,0.16668915748596191,21,False,0
W|fIB?pEGW_`?`?__OGC@?PC@wG?K??EC?@`??KG??s_??^,[(19-23)-(15-22)-(14-21)-(13-20)-(11-18)-(9-10)-(8-17)-(7-16)-(6-12)-(4-5)-(2-3)-(0-1)],0.000102996826171875,0.13708996772766113,19,False,0
W|fIB?pEGW_`?`?__OGC@?PC@wG?K??EC?@`??KG??s_??^,[(21-22)-(19-23)-(14-15)-(13-20)-(11-18)-(9-10)-(8-17)-(7-16)-(6-12)-(4-5)-(2-3)-(0-1)],9.298324584960938e-05,0.07489490509033203,6,False,0
W|fIB?pEGW_`?`?__OGC@?PC@wG?K??EC?@`??KG??s_??^,[(21-22)-(19-23)-(14-15)-(13-20)-(11-18)-(9-10)-(8-17)-(7-16)-(6-12)-(4-5)-(2-3)-(0-1)],9.942054748535156e-05,0.09580278396606445,16,False,0
W|fIB?pEGW_`?`?__OGC@?PC@wG?K??EC?@`??KG??s_??^,[(22-23)-(19-20)-(15-21)-(13-14)-(11-18)-(9-10)-(8-17)-(7-16)-(6-12)-(4-5)-(2-3)-(0-1)],9.560585021972656e-05,0.05632615089416504,4,False,0
W|fIB?pEGW_`?`?__OGC@?PC@wG?K??EC?@`??KG??s_??^,[(22-23)-(19-20)-(15-21)-(13-14)-(11-18)-(9-10)-(8-17)-(7-16)-(6-12)-(4-5)-(2-3)-(0-1)],9.799003601074219e-05,0.03577470779418945,3,True,0
W|fIB?pEGW_`?`?__OGC@?PC@wG?K??EC?@`??KG??s_??^,[(21-23)-(19-20)-(15-22)-(13-14)-(11-18)-(9-10)-(8-17)-(7-16)-(6-12)-(4-5)-(2-3)-(0-1)],9.274482727050781e-05,0.05711984634399414,5,True,0
W|fIB?pEGW_`?`?__OGC@?PC@wG?K??EC?@`??KG??s_??^,[(21-23)-(19-20)-(15-22)-(13-14)-(11-18)-(9-10)-(8-17)-(7-16)-(6-12)-(4-5)-(2-3)-(0-1)],9.989738464355469e-05,0.051819801330566406,5,True,0
W|fIB?pEGW_`?`?__OGC@?PC@wG?K??EC?@`??KG??s_??^,[(20-21)-(19-23)-(15-22)-(13-14)-(11-18)-(9-10)-(8-17)-(7-16)-(6-12)-(4-5)-(2-3)-(0-1)],9.417533874511719e-05,0.04996490478515625,4,False,0
W|fIB?pEGW_`?`?__OGC@?PC@wG?K??EC?@`??KG??s_??^,[(20-21)-(19-23)-(15-22)-(13-14)-(11-18)-(9-10)-(8-17)-(7-16)-(6-12)-(4-5)-(2-3)-(0-1)],0.00011038780212402344,0.0309145450592041,3,True,0
WtfIID`G@_B@B`?o_K?@`?CC?OG?oG?YC?@_??MG??X_??|,[(20-23)-(17-22)-(15-21)-(12-13)-(11-19)-(10-18)-(9-16)-(8-14)-(6-7)-(4-5)-(2-3)-(0-1)],9.512901306152344e-05,0.035271406173706055,3,True,0
WtfIID`G@_B@B`?o_K?@`?CC?OG?oG?YC?@_??MG??X_??|,[(20-23)-(17-22)-(15-21)-(12-13)-(11-19)-(10-18)-(9-16)-(8-14)-(6-7)-(4-5)-(2-3)-(0-1)],0.00010442733764648438,0.06313180923461914,5,True,0
WtfIID`G@_B@B`?o_K?@`?CC?OG?oG?YC?@_??MG??X_??|,[(20-22)-(17-23)-(15-21)-(12-13)-(11-19)-(10-18)-(9-16)-(8-14)-(6-7)-(4-5)-(2-3)-(0-1)],9.751319885253906e-05,0.03888082504272461,3,True,0
WtfIID`G@_B@B`?o_K?@`?CC?OG?oG?YC?@_??MG??X_??|,[(20-22)-(17-23)-(15-21)-(12-13)-(11-19)-(10-18)-(9-16)-(8-14)-(6-7)-(4-5)-(2-3)-(0-1)],9.846687316894531e-05,0.04382801055908203,4,True,0
WtfIID`G@_B@B`?o_K?@`?CC?OG?oG?YC?@_??MG??X_??|,[(20-23)-(17-22)-(15-21)-(13-19)-(11-12)-(10-18)-(9-16)-(8-14)-(6-7)-(4-5)-(2-3)-(0-1)],9.822845458984375e-05,0.03954434394836426,3,True,0
WtfIID`G@_B@B`?o_K?@`?CC?OG?oG?YC?@_??MG??X_??|,[(20-23)-(17-22)-(15-21)-(13-19)-(11-12)-(10-18)-(9-16)-(8-14)-(6-7)-(4-5)-(2-3)-(0-1)],0.0001087188720703125,0.04251289367675781,4,True,0
WtfIID`G@_B@B`?o_K?@`?CC?OG?oG?YC?@_??MG??X_??|,[(20-22)-(17-23)-(15-21)-(13-19)-(11-12)-(10-18)-(9-16)-(8-14)-(6-7)-(4-5)-(2-3)-(0-1)],9.72747802734375e-05,0.08465790748596191,16,False,0
WtfIID`G@_B@B`?o_K?@`?CC?OG?oG?YC?@_??MG??X_??|,[(20-22)-(17-23)-(15-21)-(13-19)-(11-12)-(10-18)-(9-16)-(8-14)-(6-7)-(4-5)-(2-3)-(0-1)],9.632110595703125e-05,0.047795772552490234,4,False,0
WtfIID`G@_B@B`?o_K?@`?CC?OG?oG?YC?@_??MG??X_??|,[(19-23)-(17-22)-(15-21)-(13-20)-(11-12)-(10-18)-(9-16)-(8-14)-(6-7)-(4-5)-(2-3)-(0-1)],9.5367431640625e-05,0.03580474853515625,4,True,0
WtfIID`G@_B@B`?o_K?@`?CC?OG?oG?YC?@_??MG??X_??|,[(19-23)-(17-22)-(15-21)-(13-20)-(11-12)-(10-18)-(9-16)-(8-14)-(6-7)-(4-5)-(2-3)-(0-1)],9.894371032714844e-05,0.038697242736816406,4,False,0
WtfIID`G@_B@B`?o_K?@`?CC?OG?oG?YC?@_??MG??X_??|,[(22-23)-(17-18)-(15-21)-(13-20)-(11-12)-(10-19)-(9-16)-(8-14)-(6-7)-(4-5)-(2-3)-(0-1)],9.679794311523438e-05,0.029908418655395508,2,True,0
WtfIID`G@_B@B`?o_K?@`?CC?OG?oG?YC?@_??MG??X_??|,[(22-23)-(17-18)-(15-21)-(13-20)-(11-12)-(10-19)-(9-16)-(8-14)-(6-7)-(4-5)-(2-3)-(0-1)],9.608268737792969e-05,0.0735321044921875,6,False,0
WtfIID`G@_B@B`?o_K?@`?CC?OG?oG?YC?@_??MG??X_??|,[(18-23)-(17-22)-(15-21)-(13-20)-(11-12)-(10-19)-(9-16)-(8-14)-(6-7)-(4-5)-(2-3)-(0-1)],9.655952453613281e-05,0.13652491569519043,21,False,0
WtfIID`G@_B@B`?o_K?@`?CC?OG?oG?YC?@_??MG??X_??|,[(18-23)-(17-22)-(15-21)-(13-20)-(11-12)-(10-19)-(9-16)-(8-14)-(6-7)-(4-5)-(2-3)-(0-1)],0.00012493133544921875,0.12645721435546875,20,False,0
WtfIID`G@_B@B`?o_K?@`?CC?OG?oG?YC?@_??MG??X_??|,[(20-22)-(19-23)-(17-18)-(15-21)-(12-13)-(10-11)-(9-16)-(8-14)-(6-7)-(4-5)-(2-3)-(0-1)],9.465217590332031e-05,0.06584477424621582,5,False,0
WtfIID`G@_B@B`?o_K?@`?CC?OG?oG?YC?@_??MG??X_??|,[(20-22)-(19-23)-(17-18)-(15-21)-(12-13)-(10-11)-(9-16)-(8-14)-(6-7)-(4-5)-(2-3)-(0-1)],9.822845458984375e-05,0.1538710594177246,21,False,0
WtfIID`G@_B@B`?o_K?@`?CC?OG?oG?YC?@_??MG??X_??|,[(20-23)-(18-19)-(17-22)-(15-21)-(12-13)-(10-11)-(9-16)-(8-14)-(6-7)-(4-5)-(2-3)-(0-1)],9.441375732421875e-05,0.028891324996948242,2,True,0
WtfIID`G@_B@B`?o_K?@`?CC?OG?oG?YC?@_??MG??X_??|,[(20-23)-(18-19)-(17-22)-(15-21)-(12-13)-(10-11)-(9-16)-(8-14)-(6-7)-(4-5)-(2-3)-(0-1)],9.942054748535156e-05,0.0729379653930664,6,True,0
WtfIID`G@_B@B`?o_K?@`?CC?OG?oG?YC?@_??MG??X_??|,[(20-22)-(18-19)-(17-23)-(15-21)-(12-13)-(10-11)-(9-16)-(8-14)-(6-7)-(4-5)-(2-3)-(0-1)],9.5367431640625e-05,0.05245566368103027,5,True,0
WtfIID`G@_B@B`?o_K?@`?CC?OG?oG?YC?@_??MG??X_??|,[(20-22)-(18-19)-(17-23)-(15-21)-(12-13)-(10-11)-(9-16)-(8-14)-(6-7)-(4-5)-(2-3)-(0-1)],9.560585021972656e-05,0.05482316017150879,4,False,0
WtfIID_GH?a@E@B__WGA??WC?oG?oG?W??E`??KW??e_?Bp,[(22-23)-(15-21)-(13-14)-(12-20)-(11-19)-(10-18)-(9-17)-(8-16)-(6-7)-(4-5)-(2-3)-(0-1)],0.0001049041748046875,0.05446290969848633,5,True,0
WtfIID_GH?a@E@B__WGA??WC?oG?oG?W??E`??KW??e_?Bp,[(22-23)-(15-21)-(13-14)-(12-20)-(11-19)-(10-18)-(9-17)-(8-16)-(6-7)-(4-5)-(2-3)-(0-1)],0.00010275840759277344,0.04848909378051758,4,True,0
WtfIID_GH?a@E@B__WGA??WC?oG?oG?W??E`??KW??e_?Bp,[(21-22)-(15-23)-(13-14)-(12-20)-(11-19)-(10-18)-(9-17)-(8-16)-(6-7)-(4-5)-(2-3)-(0-1)],9.632110595703125e-05,0.21005773544311523,26,False,0
WtfIID_GH?a@E@B__WGA??WC?oG?oG?W??E`??KW??e_?Bp,[(21-22)-(15-23)-(13-14)-(12-20)-(11-19)-(10-18)-(9-17)-(8-16)-(6-7)-(4-5)-(2-3)-(0-1)],0.000102996826171875,0.08798456192016602,8,True,0
WtfIID_GH?a@E@B__WGA??WC?oG?oG?W??E`??KW??e_?Bp,[(22-23)-(15-21)-(14-20)-(12-13)-(11-19)-(10-18)-(9-17)-(8-16)-(6-7)-(4-5)-(2-3)-(0-1)],9.703636169433594e-05,0.038980960845947266,3,True,0
WtfIID_GH?a@E@B__WGA??WC?oG?oG?W??E`??KW??e_?Bp,[(22-23)-(15-21)-(14-20)-(12-13)-(11-19)-(10-18)-(9-17)-(8-16)-(6-7)-(4-5)-(2-3)-(0-1)],9.989738464355469e-05,0.03546333312988281,3,True,0
WtfIID_GH?a@E@B__WGA??WC?oG?oG?W??E`??KW??e_?Bp,[(21-22)-(15-23)-(14-20)-(12-13)-(11-19)-(10-18)-(9-17)-(8-16)-(6-7)-(4-5)-(2-3)-(0-1)],9.560585021972656e-05,0.07880973815917969,15,False,0
WtfIID_GH?a@E@B__WGA??WC?oG?oG?W??E`??KW??e_?Bp,[(21-22)-(15-23)-(14-20)-(12-13)-(11-19)-(10-18)-(9-17)-(8-16)-(6-7)-(4-5)-(2-3)-(0-1)],9.679794311523438e-05,0.04744601249694824,4,True,0
WtfIID_GH?a@E@B__WGA??WC?oG?oG?W??E`??KW??e_?Bp,[(19-22)-(15-23)-(14-21)-(12-13)-(11-20)-(10-18)-(9-17)-(8-16)-(6-7)-(4-5)-(2-3)-(0-1)],0.00010061264038085938,0.054430246353149414,4,False,0
WtfIID_GH?a@E@B__WGA??WC?oG?oG?W??E`??KW??e_?Bp,[(19-22)-(15-23)-(14-21)-(12-13)-(11-20)-(10-18)-(9-17)-(8-16)-(6-7)-(4-5)-(2-3)-(0-1)],0.00010418891906738281,0.03762078285217285,3,True,0
WtfIID_GH?a@E@B__WGA??WC?oG?oG?W??E`??KW??e_?Bp,[(22-23)-(19-20)-(15-21)-(13-14)-(11-12)-(10-18)-(9-17)-(8-16)-(6-7)-(4-5)-(2-3)-(0-1)],9.679794311523438e-05,0.04436635971069336,4,False,0
WtfIID_GH?a@E@B__WGA??WC?oG?oG?W??E`??KW??e_?Bp,[(22-23)-(19-20)-(15-21)-(13-14)-(11-12)-(10-18)-(9-17)-(8-16)-(6-7)-(4-5)-(2-3)-(0-1)],0.00010013580322265625,0.07143282890319824,6,True,0
WtfIID_GH?a@E@B__WGA??WC?oG?oG?W??E`??KW??e_?Bp,[(21-22)-(19-20)-(15-23)-(13-14)-(11-12)-(10-18)-(9-17)-(8-16)-(6-7)-(4-5)-(2-3)-(0-1)],0.00010323524475097656,0.057474374771118164,5,True,0
WtfIID_GH?a@E@B__WGA??WC?oG?oG?W??E`??KW??e_?Bp,[(21-22)-(19-20)-(15-23)-(13-14)-(11-12)-(10-18)-(9-17)-(8-16)-(6-7)-(4-5)-(2-3)-(0-1)],0.00010037422180175781,0.05577254295349121,5,True,0
WtfIID_GH?a@E@B__WGA??WC?oG?oG?W??E`??KW??e_?Bp,[(20-21)-(19-22)-(15-23)-(13-14)-(11-12)-(10-18)-(9-17)-(8-16)-(6-7)-(4-5)-(2-3)-(0-1)],0.00010609626770019531,0.04337024688720703,3,False,0
WtfIID_GH?a@E@B__WGA??WC?oG?oG?W??E`??KW??e_?Bp,[(20-21)-(19-22)-(15-23)-(13-14)-(11-12)-(10-18)-(9-17)-(8-16)-(6-7)-(4-5)-(2-3)-(0-1)],9.942054748535156e-05,0.05575895309448242,5,True,0
WtfIID_GH?a@E@B__WGA??WC?oG?oG?W??E`??KW??e_?Bp,[(18-23)-(15-22)-(14-21)-(12-13)-(11-20)-(10-19)-(9-17)-(8-16)-(6-7)-(4-5)-(2-3)-(0-1)],9.703636169433594e-05,0.03329062461853027,1,True,0
WtfIID_GH?a@E@B__WGA??WC?oG?oG?W??E`??KW??e_?Bp,[(18-23)-(15-22)-(14-21)-(12-13)-(11-20)-(10-19)-(9-17)-(8-16)-(6-7)-(4-5)-(2-3)-(0-1)],9.894371032714844e-05,0.05902290344238281,5,False,0
WtfIID_GH?a@E@B__WGA??WC?oG?oG?W??E`??KW??e_?Bp,[(18-22)-(15-23)-(14-21)-(12-13)-(11-20)-(10-19)-(9-17)-(8-16)-(6-7)-(4-5)-(2-3)-(0-1)],9.560585021972656e-05,0.03543519973754883,3,True,0
WtfIID_GH?a@E@B__WGA??WC?oG?oG?W??E`??KW??e_?Bp,[(18-22)-(15-23)-(14-21)-(12-13)-(11-20)-(10-19)-(9-17)-(8-16)-(6-7)-(4-5)-(2-3)-(0-1)],9.918212890625e-05,0.06798863410949707,7,True,0
W|fIJ?pCGO`_?`?__WGB`?E??GG?WG?KC?B@??]???X_??|,[(21-22)-(19-23)-(14-15)-(13-20)-(11-18)-(10-17)-(9-16)-(7-8)-(6-12)-(4-5)-(2-3)-(0-1)],0.0001308917999267578,0.054622650146484375,5,True,0
W|fIJ?pCGO`_?`?__WGB`?E??GG?WG?KC?B@??]???X_??|,[(21-22)-(19-23)-(14-15)-(13-20)-(11-18)-(10-17)-(9-16)-(7-8)-(6-12)-(4-5)-(2-3)-(0-1)],0.00010776519775390625,0.08878707885742188,16,False,0
W|fIJ?pCGO`_?`?__WGB`?E??GG?WG?KC?B@??]???X_??|,[(22-23)-(19-20)-(14-15)-(13-21)-(11-18)-(10-17)-(9-16)-(7-8)-(6-12)-(4-5)-(2-3)-(0-1)],9.632110595703125e-05,0.04239821434020996,3,False,0
W|fIJ?pCGO`_?`?__WGB`?E??GG?WG?KC?B@??]???X_??|,[(22-23)-(19-20)-(14-15)-(13-21)-(11-18)-(10-17)-(9-16)-(7-8)-(6-12)-(4-5)-(2-3)-(0-1)],9.918212890625e-05,0.042012929916381836,3,True,0
W|fIJ?pCGO`_?`?__WGB`?E??GG?WG?KC?B@??]???X_??|,[(20-22)-(19-23)-(14-15)-(13-21)-(11-18)-(10-17)-(9-16)-(7-8)-(6-12)-(4-5)-(2-3)-(0-1)],0.00010704994201660156,0.06039261817932129,6,True,0
W|fIJ?pCGO`_?`?__WGB`?E??GG?WG?KC?B@??]???X_??|,[(20-22)-(19-23)-(14-15)-(13-21)-(11-18)-(10-17)-(9-16)-(7-8)-(6-12)-(4-5)-(2-3)-(0-1)],9.894371032714844e-05,0.03560185432434082,3,True,0
W|fIJ?pCGO`_?`?__WGB`?E??GG?WG?KC?B@??]???X_??|,[(22-23)-(19-20)-(15-21)-(13-14)-(11-18)-(10-17)-(9-16)-(7-8)-(6-12)-(4-5)-(2-3)-(0-1)],9.584426879882812e-05,0.05759310722351074,5,False,0
W|fIJ?pCGO`_?`?__WGB`?E??GG?WG?KC?B@??]???X_??|,[(22-23)-(19-20)-(15-21)-(13-14)-(11-18)-(10-17)-(9-16)-(7-8)-(6-12)-(4-5)-(2-3)-(0-1)],0.00011014938354492188,0.10081601142883301,18,False,0
W|fIJ?pCGO`_?`?__WGB`?E??GG?WG?KC?B@??]???X_??|,[(20-22)-(19-23)-(15-21)-(13-14)-(11-18)-(10-17)-(9-16)-(7-8)-(6-12)-(4-5)-(2-3)-(0-1)],9.036064147949219e-05,0.06216859817504883,6,False,0
W|fIJ?pCGO`_?`?__WGB`?E??GG?WG?KC?B@??]???X_??|,[(20-22)-(19-23)-(15-21)-(13-14)-(11-18)-(10-17)-(9-16)-(7-8)-(6-12)-(4-5)-(2-3)-(0-1)],9.965896606445312e-05,0.05333232879638672,5,True,0
W|fIJ?pCGO`_?`?__WGB`?E??GG?WG?KC?B@??]???X_??|,[(21-22)-(18-23)-(14-15)-(13-20)-(11-19)-(10-17)-(9-16)-(7-8)-(6-12)-(4-5)-(2-3)-(0-1)],9.489059448242188e-05,0.028479576110839844,2,True,0
W|fIJ?pCGO`_?`?__WGB`?E??GG?WG?KC?B@??]???X_??|,[(21-22)-(18-23)-(14-15)-(13-20)-(11-19)-(10-17)-(9-16)-(7-8)-(6-12)-(4-5)-(2-3)-(0-1)],0.00011038780212402344,0.036087989807128906,3,True,0
W|fIJ?pCGO`_?`?__WGB`?E??GG?WG?KC?B@??]???X_??|,[(20-22)-(18-23)-(14-15)-(13-21)-(11-19)-(10-17)-(9-16)-(7-8)-(6-12)-(4-5)-(2-3)-(0-1)],0.00012373924255371094,0.0742948055267334,14,False,0
W|fIJ?pCGO`_?`?__WGB`?E??GG?WG?KC?B@??]???X_??|,[(20-22)-(18-23)-(14-15)-(13-21)-(11-19)-(10-17)-(9-16)-(7-8)-(6-12)-(4-5)-(2-3)-(0-1)],9.751319885253906e-05,0.028354883193969727,2,True,0
W|fIJ?pCGO`_?`?__WGB`?E??GG?WG?KC?B@??]???X_??|,[(20-22)-(18-23)-(15-21)-(13-14)-(11-19)-(10-17)-(9-16)-(7-8)-(6-12)-(4-5)-(2-3)-(0-1)],0.00012421607971191406,0.05195736885070801,5,True,0
W|fIJ?pCGO`_?`?__WGB`?E??GG?WG?KC?B@??]???X_??|,[(20-22)-(18-23)-(15-21)-(13-14)-(11-19)-(10-17)-(9-16)-(7-8)-(6-12)-(4-5)-(2-3)-(0-1)],9.894371032714844e-05,0.029469966888427734,2,True,0
W|fIJ?pCGO`_?`?__WGB`?E??GG?WG?KC?B@??]???X_??|,[(21-22)-(17-23)-(14-15)-(13-20)-(11-19)-(10-18)-(9-16)-(7-8)-(6-12)-(4-5)-(2-3)-(0-1)],0.00010704994201660156,0.06143450736999512,5,False,0
W|fIJ?pCGO`_?`?__WGB`?E??GG?WG?KC?B@??]???X_??|,[(21-22)-(17-23)-(14-15)-(13-20)-(11-19)-(10-18)-(9-16)-(7-8)-(6-12)-(4-5)-(2-3)-(0-1)],9.965896606445312e-05,0.07718348503112793,6,True,0
W|fIJ?pCGO`_?`?__WGB`?E??GG?WG?KC?B@??]???X_??|,[(20-23)-(17-22)-(14-15)-(13-21)-(11-19)-(10-18)-(9-16)-(7-8)-(6-12)-(4-5)-(2-3)-(0-1)],0.0001049041748046875,0.04336881637573242,4,False,0
W|fIJ?pCGO`_?`?__WGB`?E??GG?WG?KC?B@??]???X_??|,[(20-23)-(17-22)-(14-15)-(13-21)-(11-19)-(10-18)-(9-16)-(7-8)-(6-12)-(4-5)-(2-3)-(0-1)],0.00010895729064941406,0.07542204856872559,7,False,0
WtfIID`G@_b?B`?`_GGB??KC?OG?oG?Z???b??KG??w_??v,[(22-23)-(15-21)-(14-20)-(12-13)-(11-19)-(10-18)-(9-17)-(8-16)-(6-7)-(4-5)-(2-3)-(0-1)],9.512901306152344e-05,0.09099078178405762,8,True,0
WtfIID`G@_b?B`?`_GGB??KC?OG?oG?Z???b??KG??w_??v,[(22-23)-(15-21)-(14-20)-(12-13)-(11-19)-(10-18)-(9-17)-(8-16)-(6-7)-(4-5)-(2-3)-(0-1)],0.00010037422180175781,0.034250497817993164,3,True,0
WtfIID`G@_b?B`?`_GGB??KC?OG?oG?Z???b??KG??w_??v,[(21-23)-(15-22)-(14-20)-(12-13)-(11-19)-(10-18)-(9-17)-(8-16)-(6-7)-(4-5)-(2-3)-(0-1)],9.72747802734375e-05,0.03730297088623047,3,True,0
WtfIID`G@_b?B`?`_GGB??KC?OG?oG?Z???b??KG??w_??v,[(21-23)-(15-22)-(14-20)-(12-13)-(11-19)-(10-18)-(9-17)-(8-16)-(6-7)-(4-5)-(2-3)-(0-1)],0.0001010894775390625,0.023831844329833984,2,True,0
WtfIID`G@_b?B`?`_GGB??KC?OG?oG?Z???b??KG??w_??v,[(20-23)-(15-22)-(14-21)-(12-13)-(11-19)-(10-18)-(9-17)-(8-16)-(6-7)-(4-5)-(2-3)-(0-1)],0.00010132789611816406,0.04560685157775879,4,False,0
WtfIID`G@_b?B`?`_GGB??KC?OG?oG?Z???b??KG??w_??v,[(20-23)-(15-22)-(14-21)-(12-13)-(11-19)-(10-18)-(9-17)-(8-16)-(6-7)-(4-5)-(2-3)-(0-1)],0.00010538101196289062,0.1341993808746338,20,False,0
WtfIID`G@_b?B`?`_GGB??KC?OG?oG?Z???b??KG??w_??v,[(22-23)-(15-21)-(14-20)-(13-19)-(11-12)-(10-18)-(9-17)-(8-16)-(6-7)-(4-5)-(2-3)-(0-1)],0.00010418891906738281,0.030910491943359375,2,True,0
WtfIID`G@_b?B`?`_GGB??KC?OG?oG?Z???b??KG??w_??v,[(22-23)-(15-21)-(14-20)-(13-19)-(11-12)-(10-18)-(9-17)-(8-16)-(6-7)-(4-5)-(2-3)-(0-1)],0.00010132789611816406,0.05556344985961914,4,False,0
WtfIID`G@_b?B`?`_GGB??KC?OG?oG?Z???b??KG??w_??v,[(21-23)-(15-22)-(14-20)-(13-19)-(11-12)-(10-18)-(9-17)-(8-16)-(6-7)-(4-5)-(2-3)-(0-1)],0.00010561943054199219,0.039655447006225586,3,True,0
WtfIID`G@_b?B`?`_GGB??KC?OG?oG?Z???b??KG??w_??v,[(21-23)-(15-22)-(14-20)-(13-19)-(11-12)-(10-18)-(9-17)-(8-16)-(6-7)-(4-5)-(2-3)-(0-1)],0.00012159347534179688,0.08302545547485352,15,False,0
WtfIID`G@_b?B`?`_GGB??KC?OG?oG?Z???b??KG??w_??v,[(20-23)-(15-22)-(14-21)-(13-19)-(11-12)-(10-18)-(9-17)-(8-16)-(6-7)-(4-5)-(2-3)-(0-1)],0.00010609626770019531,0.10278987884521484,10,True,0
WtfIID`G@_b?B`?`_GGB??KC?OG?oG?Z???b??KG??w_??v,[(20-23)-(15-22)-(14-21)-(13-19)-(11-12)-(10-18)-(9-17)-(8-16)-(6-7)-(4-5)-(2-3)-(0-1)],0.00010776519775390625,0.03645825386047363,3,True,0
WtfIID`G@_b?B`?`_GGB??KC?OG?oG?Z???b??KG??w_??v,[(22-23)-(19-20)-(15-21)-(13-14)-(11-12)-(10-18)-(9-17)-(8-16)-(6-7)-(4-5)-(2-3)-(0-1)],0.0001049041748046875,0.04996824264526367,4,True,0
WtfIID`G@_b?B`?`_GGB??KC?OG?oG?Z???b??KG??w_??v,[(22-23)-(19-20)-(15-21)-(13-14)-(11-12)-(10-18)-(9-17)-(8-16)-(6-7)-(4-5)-(2-3)-(0-1)],0.00012230873107910156,0.04450058937072754,3,True,0
WtfIID`G@_b?B`?`_GGB??KC?OG?oG?Z???b??KG??w_??v,[(21-23)-(19-20)-(15-22)-(13-14)-(11-12)-(10-18)-(9-17)-(8-16)-(6-7)-(4-5)-(2-3)-(0-1)],0.00010943412780761719,0.030437231063842773,2,True,0
WtfIID`G@_b?B`?`_GGB??KC?OG?oG?Z???b??KG??w_??v,[(21-23)-(19-20)-(15-22)-(13-14)-(11-12)-(10-18)-(9-17)-(8-16)-(6-7)-(4-5)-(2-3)-(0-1)],0.00010943412780761719,0.02284860610961914,1,False,0
WtfIID`G@_b?B`?`_GGB??KC?OG?oG?Z???b??KG??w_??v,[(22-23)-(18-20)-(15-21)-(13-14)-(11-12)-(10-19)-(9-17)-(8-16)-(6-7)-(4-5)-(2-3)-(0-1)],0.00011229515075683594,0.09447407722473145,15,False,0
WtfIID`G@_b?B`?`_GGB??KC?OG?oG?Z???b??KG??w_??v,[(22-23)-(18-20)-(15-21)-(13-14)-(11-12)-(10-19)-(9-17)-(8-16)-(6-7)-(4-5)-(2-3)-(0-1)],0.0001087188720703125,0.02840900421142578,2,True,0
WtfIID`G@_b?B`?`_GGB??KC?OG?oG?Z???b??KG??w_??v,[(21-23)-(18-20)-(15-22)-(13-14)-(11-12)-(10-19)-(9-17)-(8-16)-(6-7)-(4-5)-(2-3)-(0-1)],0.00010943412780761719,0.03336906433105469,2,True,0
WtfIID`G@_b?B`?`_GGB??KC?OG?oG?Z???b??KG??w_??v,[(21-23)-(18-20)-(15-22)-(13-14)-(11-12)-(10-19)-(9-17)-(8-16)-(6-7)-(4-5)-(2-3)-(0-1)],0.00010895729064941406,0.030865192413330078,3,True,0
W|fIIC`G?_b@B`?b_HGB??GC?oG?_G?`C??p??EG??[_??^,[(21-23)-(18-22)-(15-20)-(14-19)-(12-13)-(10-11)-(9-17)-(8-16)-(6-7)-(4-5)-(2-3)-(0-1)],0.00010418891906738281,0.0922393798828125,10,True,0
W|fIIC`G?_b@B`?b_HGB??GC?oG?_G?`C??p??EG??[_??^,[(21-23)-(18-22)-(15-20)-(14-19)-(12-13)-(10-11)-(9-17)-(8-16)-(6-7)-(4-5)-(2-3)-(0-1)],0.00010824203491210938,0.028905153274536133,2,True,0
W|fIIC`G?_b@B`?b_HGB??GC?oG?_G?`C??p??EG??[_??^,[(21-22)-(18-23)-(15-20)-(14-19)-(12-13)-(10-11)-(9-17)-(8-16)-(6-7)-(4-5)-(2-3)-(0-1)],0.00011515617370605469,0.0953378677368164,8,True,0
W|fIIC`G?_b@B`?b_HGB??GC?oG?_G?`C??p??EG??[_??^,[(21-22)-(18-23)-(15-20)-(14-19)-(12-13)-(10-11)-(9-17)-(8-16)-(6-7)-(4-5)-(2-3)-(0-1)],0.0001068115234375,0.04238462448120117,3,True,0
W|fIIC`G?_b@B`?b_HGB??GC?oG?_G?`C??p??EG??[_??^,[(20-23)-(18-22)-(15-21)-(14-19)-(12-13)-(10-11)-(9-17)-(8-16)-(6-7)-(4-5)-(2-3)-(0-1)],0.00010585784912109375,0.0823361873626709,7,True,0
W|fIIC`G?_b@B`?b_HGB??GC?oG?_G?`C??p??EG??[_??^,[(20-23)-(18-22)-(15-21)-(14-19)-(12-13)-(10-11)-(9-17)-(8-16)-(6-7)-(4-5)-(2-3)-(0-1)],0.00010752677917480469,0.11604619026184082,17,False,0
W|fIIC`G?_b@B`?b_HGB??GC?oG?_G?`C??p??EG??[_??^,[(22-23)-(18-19)-(15-21)-(14-20)-(12-13)-(10-11)-(9-17)-(8-16)-(6-7)-(4-5)-(2-3)-(0-1)],0.00010466575622558594,0.033446550369262695,1,True,0
W|fIIC`G?_b@B`?b_HGB??GC?oG?_G?`C??p??EG??[_??^,[(22-23)-(18-19)-(15-21)-(14-20)-(12-13)-(10-11)-(9-17)-(8-16)-(6-7)-(4-5)-(2-3)-(0-1)],0.00011157989501953125,0.057019948959350586,5,True,0
W|fIIC`G?_b@B`?b_HGB??GC?oG?_G?`C??p??EG??[_??^,[(19-23)-(18-22)-(15-21)-(14-20)-(12-13)-(10-11)-(9-17)-(8-16)-(6-7)-(4-5)-(2-3)-(0-1)],0.00010776519775390625,0.04837226867675781,4,False,0
W|fIIC`G?_b@B`?b_HGB??GC?oG?_G?`C??p??EG??[_??^,[(19-23)-(18-22)-(15-21)-(14-20)-(12-13)-(10-11)-(9-17)-(8-16)-(6-7)-(4-5)-(2-3)-(0-1)],0.00011086463928222656,0.07376670837402344,6,True,0
W|fIIC`G?_b@B`?b_HGB??GC?oG?_G?`C??p??EG??[_??^,[(21-23)-(18-22)-(15-20)-(14-19)-(11-12)-(10-13)-(9-17)-(8-16)-(6-7)-(4-5)-(2-3)-(0-1)],0.00010848045349121094,0.045257568359375,4,True,0
W|fIIC`G?_b@B`?b_HGB??GC?oG?_G?`C??p??EG??[_??^,[(21-23)-(18-22)-(15-20)-(14-19)-(11-12)-(10-13)-(9-17)-(8-16)-(6-7)-(4-5)-(2-3)-(0-1)],0.00011086463928222656,0.04041337966918945,2,True,0
W|fIIC`G?_b@B`?b_HGB??GC?oG?_G?`C??p??EG??[_??^,[(21-22)-(18-23)-(15-20)-(14-19)-(11-12)-(10-13)-(9-17)-(8-16)-(6-7)-(4-5)-(2-3)-(0-1)],0.0001163482666015625,0.05203557014465332,4,True,0
W|fIIC`G?_b@B`?b_HGB??GC?oG?_G?`C??p??EG??[_??^,[(21-22)-(18-23)-(15-20)-(14-19)-(11-12)-(10-13)-(9-17)-(8-16)-(6-7)-(4-5)-(2-3)-(0-1)],0.00011849403381347656,0.03959035873413086,3,True,0
W|fIIC`G?_b@B`?b_HGB??GC?oG?_G?`C??p??EG??[_??^,[(20-23)-(18-22)-(15-21)-(14-19)-(11-12)-(10-13)-(9-17)-(8-16)-(6-7)-(4-5)-(2-3)-(0-1)],0.00010776519775390625,0.04205632209777832,4,True,0
W|fIIC`G?_b@B`?b_HGB??GC?oG?_G?`C??p??EG??[_??^,[(20-23)-(18-22)-(15-21)-(14-19)-(11-12)-(10-13)-(9-17)-(8-16)-(6-7)-(4-5)-(2-3)-(0-1)],0.00019502639770507812,0.03052234649658203,2,True,0
W|fIIC`G?_b@B`?b_HGB??GC?oG?_G?`C??p??EG??[_??^,[(22-23)-(18-19)-(15-21)-(14-20)-(11-12)-(10-13)-(9-17)-(8-16)-(6-7)-(4-5)-(2-3)-(0-1)],0.00010943412780761719,0.08329606056213379,7,True,0
W|fIIC`G?_b@B`?b_HGB??GC?oG?_G?`C??p??EG??[_??^,[(22-23)-(18-19)-(15-21)-(14-20)-(11-12)-(10-13)-(9-17)-(8-16)-(6-7)-(4-5)-(2-3)-(0-1)],0.00010776519775390625,0.03172612190246582,3,True,0
W|fIIC`G?_b@B`?b_HGB??GC?oG?_G?`C??p??EG??[_??^,[(19-23)-(18-22)-(15-21)-(14-20)-(11-12)-(10-13)-(9-17)-(8-16)-(6-7)-(4-5)-(2-3)-(0-1)],0.00011944770812988281,0.05551028251647949,5,True,0
W|fIIC`G?_b@B`?b_HGB??GC?oG?_G?`C??p??EG??[_??^,[(19-23)-(18-22)-(15-21)-(14-20)-(11-12)-(10-13)-(9-17)-(8-16)-(6-7)-(4-5)-(2-3)-(0-1)],0.00010967254638671875,0.07130289077758789,8,True,0
W|fII?_KGo`p?b?o_GGA@?WC?_G@?G?eC??b??KG??w_??v,[(22-23)-(18-20)-(15-21)-(13-14)-(10-12)-(9-19)-(8-17)-(7-16)-(6-11)-(4-5)-(2-3)-(0-1)],0.000102996826171875,0.09881758689880371,7,False,0
W|fII?_KGo`p?b?o_GGA@?WC?_G@?G?eC??b??KG??w_??v,[(22-23)-(18-20)-(15-21)-(13-14)-(10-12)-(9-19)-(8-17)-(7-16)-(6-11)-(4-5)-(2-3)-(0-1)],0.00010800361633300781,0.048804283142089844,4,True,0
W|fII?_KGo`p?b?o_GGA@?WC?_G@?G?eC??b??KG??w_??v,[(21-23)-(18-20)-(15-22)-(13-14)-(10-12)-(9-19)-(8-17)-(7-16)-(6-11)-(4-5)-(2-3)-(0-1)],0.00010633468627929688,0.04093313217163086,3,True,0
W|fII?_KGo`p?b?o_GGA@?WC?_G@?G?eC??b??KG??w_??v,[(21-23)-(18-20)-(15-22)-(13-14)-(10-12)-(9-19)-(8-17)-(7-16)-(6-11)-(4-5)-(2-3)-(0-1)],0.00010538101196289062,0.038666486740112305,3,True,0
W|fII?_KGo`p?b?o_GGA@?WC?_G@?G?eC??b??KG??w_??v,[(20-21)-(18-23)-(15-22)-(13-14)-(10-12)-(9-19)-(8-17)-(7-16)-(6-11)-(4-5)-(2-3)-(0-1)],0.0001087188720703125,0.07134461402893066,6,True,0
W|fII?_KGo`p?b?o_GGA@?WC?_G@?G?eC??b??KG??w_??v,[(20-21)-(18-23)-(15-22)-(13-14)-(10-12)-(9-19)-(8-17)-(7-16)-(6-11)-(4-5)-(2-3)-(0-1)],0.00010919570922851562,0.08725380897521973,7,True,0
W|fII?_KGo`p?b?o_GGA@?WC?_G@?G?eC??b??KG??w_??v,[(22-23)-(18-20)-(15-21)-(13-14)-(12-19)-(9-10)-(8-17)-(7-16)-(6-11)-(4-5)-(2-3)-(0-1)],0.00010442733764648438,0.05384993553161621,4,False,0
W|fII?_KGo`p?b?o_GGA@?WC?_G@?G?eC??b??KG??w_??v,[(22-23)-(18-20)-(15-21)-(13-14)-(12-19)-(9-10)-(8-17)-(7-16)-(6-11)-(4-5)-(2-3)-(0-1)],0.00010704994201660156,0.05985093116760254,5,True,0
W|fII?_KGo`p?b?o_GGA@?WC?_G@?G?eC??b??KG??w_??v,[(21-23)-(18-20)-(15-22)-(13-14)-(12-19)-(9-10)-(8-17)-(7-16)-(6-11)-(4-5)-(2-3)-(0-1)],0.00010609626770019531,0.04774737358093262,4,False,0
W|fII?_KGo`p?b?o_GGA@?WC?_G@?G?eC??b??KG??w_??v,[(21-23)-(18-20)-(15-22)-(13-14)-(12-19)-(9-10)-(8-17)-(7-16)-(6-11)-(4-5)-(2-3)-(0-1)],0.00010800361633300781,0.041922807693481445,3,True,0
W|fII?_KGo`p?b?o_GGA@?WC?_G@?G?eC??b??KG??w_??v,[(20-21)-(18-23)-(15-22)-(13-14)-(12-19)-(9-10)-(8-17)-(7-16)-(6-11)-(4-5)-(2-3)-(0-1)],0.00010585784912109375,0.1142725944519043,15,False,0
W|fII?_KGo`p?b?o_GGA@?WC?_G@?G?eC??b??KG??w_??v,[(20-21)-(18-23)-(15-22)-(13-14)-(12-19)-(9-10)-(8-17)-(7-16)-(6-11)-(4-5)-(2-3)-(0-1)],0.0001068115234375,0.03643512725830078,3,True,0
W|fII?_KGo`p?b?o_GGA@?WC?_G@?G?eC??b??KG??w_??v,[(22-23)-(18-19)-(15-21)-(14-20)-(12-13)-(9-10)-(8-17)-(7-16)-(6-11)-(4-5)-(2-3)-(0-1)],0.00010657310485839844,0.05045938491821289,4,True,0
W|fII?_KGo`p?b?o_GGA@?WC?_G@?G?eC??b??KG??w_??v,[(22-23)-(18-19)-(15-21)-(14-20)-(12-13)-(9-10)-(8-17)-(7-16)-(6-11)-(4-5)-(2-3)-(0-1)],0.00010824203491210938,0.06533145904541016,5,True,0
W|fII?_KGo`p?b?o_GGA@?WC?_G@?G?eC??b??KG??w_??v,[(21-23)-(18-19)-(15-22)-(14-20)-(12-13)-(9-10)-(8-17)-(7-16)-(6-11)-(4-5)-(2-3)-(0-1)],0.00010418891906738281,0.04773736000061035,4,False,0
W|fII?_KGo`p?b?o_GGA@?WC?_G@?G?eC??b??KG??w_??v,[(21-23)-(18-19)-(15-22)-(14-20)-(12-13)-(9-10)-(8-17)-(7-16)-(6-11)-(4-5)-(2-3)-(0-1)],0.00010752677917480469,0.048987627029418945,4,True,0
W|fII?_KGo`p?b?o_GGA@?WC?_G@?G?eC??b??KG??w_??v,[(20-23)-(18-19)-(15-22)-(14-21)-(12-13)-(9-10)-(8-17)-(7-16)-(6-11)-(4-5)-(2-3)-(0-1)],0.00010776519775390625,0.0439305305480957,3,True,0
W|fII?_KGo`p?b?o_GGA@?WC?_G@?G?eC??b??KG??w_??v,[(20-23)-(18-19)-(15-22)-(14-21)-(12-13)-(9-10)-(8-17)-(7-16)-(6-11)-(4-5)-(2-3)-(0-1)],0.00010848045349121094,0.06286311149597168,6,False,0
W|fII?_KGo`p?b?o_GGA@?WC?_G@?G?eC??b??KG??w_??v,[(19-20)-(18-23)-(15-22)-(14-21)-(12-13)-(9-10)-(8-17)-(7-16)-(6-11)-(4-5)-(2-3)-(0-1)],0.00010561943054199219,0.03442668914794922,2,True,0
W|fII?_KGo`p?b?o_GGA@?WC?_G@?G?eC??b??KG??w_??v,[(19-20)-(18-23)-(15-22)-(14-21)-(12-13)-(9-10)-(8-17)-(7-16)-(6-11)-(4-5)-(2-3)-(0-1)],0.000110626220703125,0.0642707347869873,5,True,0
W|fIAC`KGo``@@?__OGE@?WC?_G?oG?KC?B@??WG?@w_??},[(17-23)-(15-22)-(14-21)-(13-20)-(12-19)-(10-11)-(9-18)-(8-16)-(6-7)-(4-5)-(2-3)-(0-1)],0.00011587142944335938,0.0652012825012207,5,False,0
W|fIAC`KGo``@@?__OGE@?WC?_G?oG?KC?B@??WG?@w_??},[(17-23)-(15-22)-(14-21)-(13-20)-(12-19)-(10-11)-(9-18)-(8-16)-(6-7)-(4-5)-(2-3)-(0-1)],0.0001068115234375,0.03091740608215332,2,False,0
W|fIAC`KGo``@@?__OGE@?WC?_G?oG?KC?B@??WG?@w_??},[(21-23)-(17-22)-(14-15)-(13-20)-(12-19)-(10-11)-(9-18)-(8-16)-(6-7)-(4-5)-(2-3)-(0-1)],0.00011110305786132812,0.04217338562011719,3,True,0
W|fIAC`KGo``@@?__OGE@?WC?_G?oG?KC?B@??WG?@w_??},[(21-23)-(17-22)-(14-15)-(13-20)-(12-19)-(10-11)-(9-18)-(8-16)-(6-7)-(4-5)-(2-3)-(0-1)],0.00011086463928222656,0.05062603950500488,4,True,0
W|fIAC`KGo``@@?__OGE@?WC?_G?oG?KC?B@??WG?@w_??},[(21-22)-(17-23)-(14-15)-(13-20)-(12-19)-(10-11)-(9-18)-(8-16)-(6-7)-(4-5)-(2-3)-(0-1)],0.00010728836059570312,0.04143714904785156,3,True,0
W|fIAC`KGo``@@?__OGE@?WC?_G?oG?KC?B@??WG?@w_??},[(21-22)-(17-23)-(14-15)-(13-20)-(12-19)-(10-11)-(9-18)-(8-16)-(6-7)-(4-5)-(2-3)-(0-1)],0.00011849403381347656,0.06829023361206055,6,True,0
W|fIAC`KGo``@@?__OGE@?WC?_G?oG?KC?B@??WG?@w_??},[(20-23)-(17-22)-(14-15)-(13-21)-(12-19)-(10-11)-(9-18)-(8-16)-(6-7)-(4-5)-(2-3)-(0-1)],0.00010967254638671875,0.03228259086608887,2,True,0
W|fIAC`KGo``@@?__OGE@?WC?_G?oG?KC?B@??WG?@w_??},[(20-23)-(17-22)-(14-15)-(13-21)-(12-19)-(10-11)-(9-18)-(8-16)-(6-7)-(4-5)-(2-3)-(0-1)],0.0001246929168701172,0.03827023506164551,3,True,0
W|fIAC`KGo``@@?__OGE@?WC?_G?oG?KC?B@??WG?@w_??},[(20-21)-(17-23)-(15-22)-(13-14)-(12-19)-(10-11)-(9-18)-(8-16)-(6-7)-(4-5)-(2-3)-(0-1)],0.00010848045349121094,0.03227424621582031,2,True,0
W|fIAC`KGo``@@?__OGE@?WC?_G?oG?KC?B@??WG?@w_??},[(20-21)-(17-23)-(15-22)-(13-14)-(12-19)-(10-11)-(9-18)-(8-16)-(6-7)-(4-5)-(2-3)-(0-1)],0.00010895729064941406,0.02803516387939453,2,True,0
W|fIAC`KGo``@@?__OGE@?WC?_G?oG?KC?B@??WG?@w_??},[(19-23)-(17-22)-(14-15)-(13-21)-(12-20)-(10-11)-(9-18)-(8-16)-(6-7)-(4-5)-(2-3)-(0-1)],0.00010800361633300781,0.038208723068237305,3,True,0
W|fIAC`KGo``@@?__OGE@?WC?_G?oG?KC?B@??WG?@w_??},[(19-23)-(17-22)-(14-15)-(13-21)-(12-20)-(10-11)-(9-18)-(8-16)-(6-7)-(4-5)-(2-3)-(0-1)],0.00010800361633300781,0.05319857597351074,4,False,0
W|fIAC`KGo``@@?__OGE@?WC?_G?oG?KC?B@??WG?@w_??},[(19-20)-(17-23)-(15-22)-(14-21)-(12-13)-(10-11)-(9-18)-(8-16)-(6-7)-(4-5)-(2-3)-(0-1)],0.00010943412780761719,0.06436586380004883,5,False,0
W|fIAC`KGo``@@?__OGE@?WC?_G?oG?KC?B@??WG?@w_??},[(19-20)-(17-23)-(15-22)-(14-21)-(12-13)-(10-11)-(9-18)-(8-16)-(6-7)-(4-5)-(2-3)-(0-1)],0.00011157989501953125,0.055633544921875,4,False,0
W|fIAC`KGo``@@?__OGE@?WC?_G?oG?KC?B@??WG?@w_??},[(21-23)-(19-20)-(17-22)-(14-15)-(12-13)-(10-11)-(9-18)-(8-16)-(6-7)-(4-5)-(2-3)-(0-1)],0.00010919570922851562,0.0337834358215332,2,True,0
W|fIAC`KGo``@@?__OGE@?WC?_G?oG?KC?B@??WG?@w_??},[(21-23)-(19-20)-(17-22)-(14-15)-(12-13)-(10-11)-(9-18)-(8-16)-(6-7)-(4-5)-(2-3)-(0-1)],0.00010848045349121094,0.0508880615234375,4,True,0
W|fIAC`KGo``@@?__OGE@?WC?_G?oG?KC?B@??WG?@w_??},[(20-21)-(19-23)-(17-22)-(14-15)-(12-13)-(10-11)-(9-18)-(8-16)-(6-7)-(4-5)-(2-3)-(0-1)],0.0001087188720703125,0.04105091094970703,3,True,0
W|fIAC`KGo``@@?__OGE@?WC?_G?oG?KC?B@??WG?@w_??},[(20-21)-(19-23)-(17-22)-(14-15)-(12-13)-(10-11)-(9-18)-(8-16)-(6-7)-(4-5)-(2-3)-(0-1)],0.00011134147644042969,0.04718923568725586,4,True,0
W|fIAC`KGo``@@?__OGE@?WC?_G?oG?KC?B@??WG?@w_??},[(21-22)-(19-20)-(17-23)-(14-15)-(12-13)-(10-11)-(9-18)-(8-16)-(6-7)-(4-5)-(2-3)-(0-1)],0.00011181831359863281,0.07805204391479492,6,True,0
W|fIAC`KGo``@@?__OGE@?WC?_G?oG?KC?B@??WG?@w_??},[(21-22)-(19-20)-(17-23)-(14-15)-(12-13)-(10-11)-(9-18)-(8-16)-(6-7)-(4-5)-(2-3)-(0-1)],0.0001087188720703125,0.05100727081298828,4,True,0
W|fIB?pEGW?`?`?__OGE@?[C?WW?W??KC?B@??WG?@K_??^,[(21-22)-(19-23)-(14-15)-(13-20)-(11-18)-(10-17)-(8-9)-(7-16)-(6-12)-(4-5)-(2-3)-(0-1)],0.0001049041748046875,0.021712541580200195,1,True,0
W|fIB?pEGW?`?`?__OGE@?[C?WW?W??KC?B@??WG?@K_??^,[(21-22)-(19-23)-(14-15)-(13-20)-(11-18)-(10-17)-(8-9)-(7-16)-(6-12)-(4-5)-(2-3)-(0-1)],0.00010895729064941406,0.031340599060058594,2,True,0
W|fIB?pEGW?`?`?__OGE@?[C?WW?W??KC?B@??WG?@K_??^,[(22-23)-(19-20)-(14-15)-(13-21)-(11-18)-(10-17)-(8-9)-(7-16)-(6-12)-(4-5)-(2-3)-(0-1)],0.00010800361633300781,0.13518404960632324,14,True,0
W|fIB?pEGW?`?`?__OGE@?[C?WW?W??KC?B@??WG?@K_??^,[(22-23)-(19-20)-(14-15)-(13-21)-(11-18)-(10-17)-(8-9)-(7-16)-(6-12)-(4-5)-(2-3)-(0-1)],0.00010824203491210938,0.056969404220581055,5,True,0
W|fIB?pEGW?`?`?__OGE@?[C?WW?W??KC?B@??WG?@K_??^,[(21-23)-(18-22)-(14-15)-(13-20)-(11-19)-(10-17)-(8-9)-(7-16)-(6-12)-(4-5)-(2-3)-(0-1)],0.0001068115234375,0.028583526611328125,2,True,0
W|fIB?pEGW?`?`?__OGE@?[C?WW?W??KC?B@??WG?@K_??^,[(21-23)-(18-22)-(14-15)-(13-20)-(11-19)-(10-17)-(8-9)-(7-16)-(6-12)-(4-5)-(2-3)-(0-1)],0.00010633468627929688,0.02489948272705078,1,True,0
W|fIB?pEGW?`?`?__OGE@?[C?WW?W??KC?B@??WG?@K_??^,[(21-22)-(18-23)-(14-15)-(13-20)-(11-19)-(10-17)-(8-9)-(7-16)-(6-12)-(4-5)-(2-3)-(0-1)],0.0001068115234375,0.03716444969177246,3,True,0
W|fIB?pEGW?`?`?__OGE@?[C?WW?W??KC?B@??WG?@K_??^,[(21-22)-(18-23)-(14-15)-(13-20)-(11-19)-(10-17)-(8-9)-(7-16)-(6-12)-(4-5)-(2-3)-(0-1)],0.00011181831359863281,0.02601933479309082,1,True,0
W|fIB?pEGW?`?`?__OGE@?[C?WW?W??KC?B@??WG?@K_??^,[(20-23)-(18-22)-(14-15)-(13-21)-(11-19)-(10-17)-(8-9)-(7-16)-(6-12)-(4-5)-(2-3)-(0-1)],0.00010752677917480469,0.04017043113708496,3,True,0
W|fIB?pEGW?`?`?__OGE@?[C?WW?W??KC?B@??WG?@K_??^,[(20-23)-(18-22)-(14-15)-(13-21)-(11-19)-(10-17)-(8-9)-(7-16)-(6-12)-(4-5)-(2-3)-(0-1)],0.00010848045349121094,0.035559892654418945,3,True,0
W|fIB?pEGW?`?`?__OGE@?[C?WW?W??KC?B@??WG?@K_??^,[(22-23)-(15-17)-(14-21)-(13-20)-(11-19)-(10-18)-(8-9)-(7-16)-(6-12)-(4-5)-(2-3)-(0-1)],0.00010776519775390625,0.02731800079345703,1,True,0
W|fIB?pEGW?`?`?__OGE@?[C?WW?W??KC?B@??WG?@K_??^,[(22-23)-(15-17)-(14-21)-(13-20)-(11-19)-(10-18)-(8-9)-(7-16)-(6-12)-(4-5)-(2-3)-(0-1)],0.00010800361633300781,0.05020928382873535,4,False,0
W|fIB?pEGW?`?`?__OGE@?[C?WW?W??KC?B@??WG?@K_??^,[(21-23)-(15-17)-(14-22)-(13-20)-(11-19)-(10-18)-(8-9)-(7-16)-(6-12)-(4-5)-(2-3)-(0-1)],0.0001087188720703125,0.058264970779418945,4,False,0
W|fIB?pEGW?`?`?__OGE@?[C?WW?W??KC?B@??WG?@K_??^,[(21-23)-(15-17)-(14-22)-(13-20)-(11-19)-(10-18)-(8-9)-(7-16)-(6-12)-(4-5)-(2-3)-(0-1)],0.00010991096496582031,0.057539939880371094,5,True,0
W|fIB?pEGW?`?`?__OGE@?[C?WW?W??KC?B@??WG?@K_??^,[(21-23)-(17-22)-(14-15)-(13-20)-(11-19)-(10-18)-(8-9)-(7-16)-(6-12)-(4-5)-(2-3)-(0-1)],0.00010776519775390625,0.04842424392700195,4,True,0
W|fIB?pEGW?`?`?__OGE@?[C?WW?W??KC?B@??WG?@K_??^,[(21-23)-(17-22)-(14-15)-(13-20)-(11-19)-(10-18)-(8-9)-(7-16)-(6-12)-(4-5)-(2-3)-(0-1)],0.00010895729064941406,0.04339790344238281,3,False,0
W|fIB?pEGW?`?`?__OGE@?[C?WW?W??KC?B@??WG?@K_??^,[(20-23)-(15-17)-(14-22)-(13-21)-(11-19)-(10-18)-(8-9)-(7-16)-(6-12)-(4-5)-(2-3)-(0-1)],0.0001163482666015625,0.04066944122314453,3,True,0
W|fIB?pEGW?`?`?__OGE@?[C?WW?W??KC?B@??WG?@K_??^,[(20-23)-(15-17)-(14-22)-(13-21)-(11-19)-(10-18)-(8-9)-(7-16)-(6-12)-(4-5)-(2-3)-(0-1)],0.00011014938354492188,0.0500636100769043,4,True,0
W|fIB?pEGW?`?`?__OGE@?[C?WW?W??KC?B@??WG?@K_??^,[(20-23)-(17-22)-(14-15)-(13-21)-(11-19)-(10-18)-(8-9)-(7-16)-(6-12)-(4-5)-(2-3)-(0-1)],0.00010967254638671875,0.04169607162475586,3,True,0
W|fIB?pEGW?`?`?__OGE@?[C?WW?W??KC?B@??WG?@K_??^,[(20-23)-(17-22)-(14-15)-(13-21)-(11-19)-(10-18)-(8-9)-(7-16)-(6-12)-(4-5)-(2-3)-(0-1)],0.00010895729064941406,0.03970980644226074,3,True,0
W|fIAC`KGo``@??__OGE@?OC?e?@wG?CW?B@??WG?@o_?@N,[(22-23)-(15-16)-(14-21)-(13-20)-(12-19)-(10-11)-(9-18)-(8-17)-(6-7)-(4-5)-(2-3)-(0-1)],0.00010514259338378906,0.04985785484313965,4,True,0
W|fIAC`KGo``@??__OGE@?OC?e?@wG?CW?B@??WG?@o_?@N,[(22-23)-(15-16)-(14-21)-(13-20)-(12-19)-(10-11)-(9-18)-(8-17)-(6-7)-(4-5)-(2-3)-(0-1)],0.00012063980102539062,0.042585134506225586,4,False,0
W|fIAC`KGo``@??__OGE@?OC?e?@wG?CW?B@??WG?@o_?@N,[(16-23)-(15-22)-(14-21)-(13-20)-(12-19)-(10-11)-(9-18)-(8-17)-(6-7)-(4-5)-(2-3)-(0-1)],0.00011157989501953125,0.03822946548461914,3,True,0
W|fIAC`KGo``@??__OGE@?OC?e?@wG?CW?B@??WG?@o_?@N,[(16-23)-(15-22)-(14-21)-(13-20)-(12-19)-(10-11)-(9-18)-(8-17)-(6-7)-(4-5)-(2-3)-(0-1)],0.00010967254638671875,0.05242490768432617,5,True,0
W|fIAC`KGo``@??__OGE@?OC?e?@wG?CW?B@??WG?@o_?@N,[(21-23)-(15-16)-(14-22)-(13-20)-(12-19)-(10-11)-(9-18)-(8-17)-(6-7)-(4-5)-(2-3)-(0-1)],0.00011014938354492188,0.04006195068359375,3,False,0
W|fIAC`KGo``@??__OGE@?OC?e?@wG?CW?B@??WG?@o_?@N,[(21-23)-(15-16)-(14-22)-(13-20)-(12-19)-(10-11)-(9-18)-(8-17)-(6-7)-(4-5)-(2-3)-(0-1)],0.00011014938354492188,0.033278703689575195,2,True,0
W|fIAC`KGo``@??__OGE@?OC?e?@wG?CW?B@??WG?@o_?@N,[(21-23)-(16-22)-(14-15)-(13-20)-(12-19)-(10-11)-(9-18)-(8-17)-(6-7)-(4-5)-(2-3)-(0-1)],0.00010657310485839844,0.05125546455383301,4,False,0
W|fIAC`KGo``@??__OGE@?OC?e?@wG?CW?B@??WG?@o_?@N,[(21-23)-(16-22)-(14-15)-(13-20)-(12-19)-(10-11)-(9-18)-(8-17)-(6-7)-(4-5)-(2-3)-(0-1)],0.00011014938354492188,0.05111980438232422,4,True,0
W|fIAC`KGo``@??__OGE@?OC?e?@wG?CW?B@??WG?@o_?@N,[(21-22)-(16-23)-(14-15)-(13-20)-(12-19)-(10-11)-(9-18)-(8-17)-(6-7)-(4-5)-(2-3)-(0-1)],0.00010848045349121094,0.07587885856628418,7,True,0
W|fIAC`KGo``@??__OGE@?OC?e?@wG?CW?B@??WG?@o_?@N,[(21-22)-(16-23)-(14-15)-(13-20)-(12-19)-(10-11)-(9-18)-(8-17)-(6-7)-(4-5)-(2-3)-(0-1)],0.00011038780212402344,0.04507255554199219,3,True,0
W|fIAC`KGo``@??__OGE@?OC?e?@wG?CW?B@??WG?@o_?@N,[(20-23)-(15-16)-(14-22)-(13-21)-(12-19)-(10-11)-(9-18)-(8-17)-(6-7)-(4-5)-(2-3)-(0-1)],0.00010609626770019531,0.04861116409301758,4,True,0
W|fIAC`KGo``@??__OGE@?OC?e?@wG?CW?B@??WG?@o_?@N,[(20-23)-(15-16)-(14-22)-(13-21)-(12-19)-(10-11)-(9-18)-(8-17)-(6-7)-(4-5)-(2-3)-(0-1)],0.0001087188720703125,0.08282208442687988,7,False,0
W|fIAC`KGo``@??__OGE@?OC?e?@wG?CW?B@??WG?@o_?@N,[(20-23)-(16-22)-(14-15)-(13-21)-(12-19)-(10-11)-(9-18)-(8-17)-(6-7)-(4-5)-(2-3)-(0-1)],0.00010752677917480469,0.03995227813720703,3,False,0
W|fIAC`KGo``@??__OGE@?OC?e?@wG?CW?B@??WG?@o_?@N,[(20-23)-(16-22)-(14-15)-(13-21)-(12-19)-(10-11)-(9-18)-(8-17)-(6-7)-(4-5)-(2-3)-(0-1)],0.00010538101196289062,0.039414167404174805,3,True,0
W|fIAC`KGo``@??__OGE@?OC?e?@wG?CW?B@??WG?@o_?@N,[(22-23)-(20-21)-(15-16)-(13-14)-(12-19)-(10-11)-(9-18)-(8-17)-(6-7)-(4-5)-(2-3)-(0-1)],0.00010728836059570312,0.05013155937194824,4,False,0
W|fIAC`KGo``@??__OGE@?OC?e?@wG?CW?B@??WG?@o_?@N,[(22-23)-(20-21)-(15-16)-(13-14)-(12-19)-(10-11)-(9-18)-(8-17)-(6-7)-(4-5)-(2-3)-(0-1)],0.00010776519775390625,0.028352022171020508,2,True,0
W|fIAC`KGo``@??__OGE@?OC?e?@wG?CW?B@??WG?@o_?@N,[(21-22)-(20-23)-(15-16)-(13-14)-(12-19)-(10-11)-(9-18)-(8-17)-(6-7)-(4-5)-(2-3)-(0-1)],0.0001087188720703125,0.08160972595214844,7,True,0
W|fIAC`KGo``@??__OGE@?OC?e?@wG?CW?B@??WG?@o_?@N,[(21-22)-(20-23)-(15-16)-(13-14)-(12-19)-(10-11)-(9-18)-(8-17)-(6-7)-(4-5)-(2-3)-(0-1)],0.00011038780212402344,0.045996665954589844,4,True,0
W|fIAC`KGo``@??__OGE@?OC?e?@wG?CW?B@??WG?@o_?@N,[(20-21)-(16-23)-(15-22)-(13-14)-(12-19)-(10-11)-(9-18)-(8-17)-(6-7)-(4-5)-(2-3)-(0-1)],0.00010466575622558594,0.05768394470214844,13,False,0
W|fIAC`KGo``@??__OGE@?OC?e?@wG?CW?B@??WG?@o_?@N,[(20-21)-(16-23)-(15-22)-(13-14)-(12-19)-(10-11)-(9-18)-(8-17)-(6-7)-(4-5)-(2-3)-(0-1)],0.00011420249938964844,0.06254744529724121,5,False,0
W|eIID_KGo`@@@@__W?A@?WC?{G?K??EC?@`??KG??s_??^,[(22-23)-(15-21)-(14-20)-(13-19)-(12-18)-(10-11)-(9-17)-(8-16)-(6-7)-(4-5)-(2-3)-(0-1)],0.0001347064971923828,0.10884308815002441,17,False,0
W|eIID_KGo`@@@@__W?A@?WC?{G?K??EC?@`??KG??s_??^,[(22-23)-(15-21)-(14-20)-(13-19)-(12-18)-(10-11)-(9-17)-(8-16)-(6-7)-(4-5)-(2-3)-(0-1)],0.00010800361633300781,0.0657494068145752,6,True,0
W|eIID_KGo`@@@@__W?A@?WC?{G?K??EC?@`??KG??s_??^,[(21-23)-(15-22)-(14-20)-(13-19)-(12-18)-(10-11)-(9-17)-(8-16)-(6-7)-(4-5)-(2-3)-(0-1)],0.00010514259338378906,0.03577470779418945,2,False,0
W|eIID_KGo`@@@@__W?A@?WC?{G?K??EC?@`??KG??s_??^,[(21-23)-(15-22)-(14-20)-(13-19)-(12-18)-(10-11)-(9-17)-(8-16)-(6-7)-(4-5)-(2-3)-(0-1)],0.00010824203491210938,0.060328006744384766,5,True,0
W|eIID_KGo`@@@@__W?A@?WC?{G?K??EC?@`??KG??s_??^,[(20-23)-(15-22)-(14-21)-(13-19)-(12-18)-(10-11)-(9-17)-(8-16)-(6-7)-(4-5)-(2-3)-(0-1)],0.00010848045349121094,0.08717823028564453,16,False,0
W|eIID_KGo`@@@@__W?A@?WC?{G?K??EC?@`??KG??s_??^,[(20-23)-(15-22)-(14-21)-(13-19)-(12-18)-(10-11)-(9-17)-(8-16)-(6-7)-(4-5)-(2-3)-(0-1)],0.00010752677917480469,0.09211182594299316,7,False,0
W|eIID_KGo`@@@@__W?A@?WC?{G?K??EC?@`??KG??s_??^,[(22-23)-(20-21)-(14-15)-(13-19)-(12-18)-(10-11)-(9-17)-(8-16)-(6-7)-(4-5)-(2-3)-(0-1)],0.0001049041748046875,0.053369998931884766,4,True,0
W|eIID_KGo`@@@@__W?A@?WC?{G?K??EC?@`??KG??s_??^,[(22-23)-(20-21)-(14-15)-(13-19)-(12-18)-(10-11)-(9-17)-(8-16)-(6-7)-(4-5)-(2-3)-(0-1)],0.00014734268188476562,0.042572975158691406,3,False,0
W|eIID_KGo`@@@@__W?A@?WC?{G?K??EC?@`??KG??s_??^,[(21-22)-(20-23)-(14-15)-(13-19)-(12-18)-(10-11)-(9-17)-(8-16)-(6-7)-(4-5)-(2-3)-(0-1)],0.00010466575622558594,0.07391095161437988,6,True,0
W|eIID_KGo`@@@@__W?A@?WC?{G?K??EC?@`??KG??s_??^,[(21-22)-(20-23)-(14-15)-(13-19)-(12-18)-(10-11)-(9-17)-(8-16)-(6-7)-(4-5)-(2-3)-(0-1)],0.00020575523376464844,0.07209300994873047,14,False,0
W|eIID_KGo`@@@@__W?A@?WC?{G?K??EC?@`??KG??s_??^,[(19-23)-(15-22)-(14-21)-(13-20)-(12-18)-(10-11)-(9-17)-(8-16)-(6-7)-(4-5)-(2-3)-(0-1)],0.00010418891906738281,0.02428579330444336,1,False,0
W|eIID_KGo`@@@@__W?A@?WC?{G?K??EC?@`??KG??s_??^,[(19-23)-(15-22)-(14-21)-(13-20)-(12-18)-(10-11)-(9-17)-(8-16)-(6-7)-(4-5)-(2-3)-(0-1)],0.00011539459228515625,0.042840003967285156,3,False,0
W|eIID_KGo`@@@@__W?A@?WC?{G?K??EC?@`??KG??s_??^,[(21-22)-(19-23)-(14-15)-(13-20)-(12-18)-(10-11)-(9-17)-(8-16)-(6-7)-(4-5)-(2-3)-(0-1)],0.00010561943054199219,0.0627298355102539,5,True,0
W|eIID_KGo`@@@@__W?A@?WC?{G?K??EC?@`??KG??s_??^,[(21-22)-(19-23)-(14-15)-(13-20)-(12-18)-(10-11)-(9-17)-(8-16)-(6-7)-(4-5)-(2-3)-(0-1)],0.00010347366333007812,0.04470348358154297,4,True,0
W|eIID_KGo`@@@@__W?A@?WC?{G?K??EC?@`??KG??s_??^,[(18-23)-(15-22)-(14-21)-(13-20)-(12-19)-(10-11)-(9-17)-(8-16)-(6-7)-(4-5)-(2-3)-(0-1)],0.00010323524475097656,0.030223846435546875,2,True,0
W|eIID_KGo`@@@@__W?A@?WC?{G?K??EC?@`??KG??s_??^,[(18-23)-(15-22)-(14-21)-(13-20)-(12-19)-(10-11)-(9-17)-(8-16)-(6-7)-(4-5)-(2-3)-(0-1)],0.00010943412780761719,0.08528566360473633,7,True,0
W|eIID_KGo`@@@@__W?A@?WC?{G?K??EC?@`??KG??s_??^,[(21-23)-(18-22)-(14-15)-(13-20)-(12-19)-(10-11)-(9-17)-(8-16)-(6-7)-(4-5)-(2-3)-(0-1)],0.0001049041748046875,0.06101059913635254,5,False,0
W|eIID_KGo`@@@@__W?A@?WC?{G?K??EC?@`??KG??s_??^,[(21-23)-(18-22)-(14-15)-(13-20)-(12-19)-(10-11)-(9-17)-(8-16)-(6-7)-(4-5)-(2-3)-(0-1)],0.00010800361633300781,0.031944990158081055,2,True,0
W|eIID_KGo`@@@@__W?A@?WC?{G?K??EC?@`??KG??s_??^,[(21-22)-(18-23)-(14-15)-(13-20)-(12-19)-(10-11)-(9-17)-(8-16)-(6-7)-(4-5)-(2-3)-(0-1)],0.00010395050048828125,0.08947038650512695,15,False,0
W|eIID_KGo`@@@@__W?A@?WC?{G?K??EC?@`??KG??s_??^,[(21-22)-(18-23)-(14-15)-(13-20)-(12-19)-(10-11)-(9-17)-(8-16)-(6-7)-(4-5)-(2-3)-(0-1)],0.00010848045349121094,0.050963640213012695,4,True,0
