G6,emparelhamento,canonical_time,solve_time,qtde_moves,resultado,max_depth
{????????????????????????????????????????????????????????????????????????B?cG?A@COA?O??aKW?@AG?O?bA?C??GJ?a??gC?_A?cA??BG?g??IGB????COCg?@@_??g?CU???_??g?c?G??U?_O????W?AK???D??oG???A[_?????@`P????A`?C_???O__OA?????GPGG???W_C?G????_GL??????`AO?O???C?Q?Q??????YOC?????A?I?`?????G@CS?????AGE?_?????,[(29-46)-(28-37)-(27-42)-(26-40)-(25-31)-(24-57)-(23-59)-(22-45)-(21-44)-(20-36)-(19-34)-(18-58)-(17-30)-(16-51)-(15-43)-(14-47)-(13-55)-(12-56)-(11-48)-(10-53)-(9-38)-(8-54)-(7-41)-(6-52)-(5-39)-(4-49)-(3-32)-(2-35)-(1-33)-(0-50)],0.0002727508544921875,0.012630939483642578,2,True,2
{????????????????????????????????????????????????????????????????????????B?cG?A@COA?O??aKW?@AG?O?bA?C??GJ?a??gC?_A?cA??BG?g??IGB????COCg?@@_??g?CU???_??g?c?G??U?_O????W?AK???D??oG???A[_?????@`P????A`?C_???O__OA?????GPGG???W_C?G????_GL??????`AO?O???C?Q?Q??????YOC?????A?I?`?????G@CS?????AGE?_?????,[(29-46)-(28-37)-(27-42)-(26-40)-(25-31)-(24-57)-(23-59)-(22-45)-(21-44)-(20-36)-(19-34)-(18-58)-(17-30)-(16-51)-(15-43)-(14-47)-(13-55)-(12-56)-(11-48)-(10-53)-(9-38)-(8-54)-(7-41)-(6-52)-(5-39)-(4-49)-(3-32)-(2-35)-(1-33)-(0-50)],0.00026988983154296875,0.012230396270751953,2,True,2
{????????????????????????????????????????????????????????????????????????B?cG?A@COA?O??aKW?@AG?O?bA?C??GJ?a??gC?_A?cA??BG?g??IGB????COCg?@@_??g?CU???_??g?c?G??U?_O????W?AK???D??oG???A[_?????@`P????A`?C_???O__OA?????GPGG???W_C?G????_GL??????`AO?O???C?Q?Q??????YOC?????A?I?`?????G@CS?????AGE?_?????,[(29-57)-(28-37)-(27-42)-(26-45)-(25-31)-(24-40)-(23-59)-(22-46)-(21-44)-(20-36)-(19-34)-(18-58)-(17-30)-(16-51)-(15-43)-(14-47)-(13-55)-(12-56)-(11-48)-(10-53)-(9-38)-(8-54)-(7-41)-(6-52)-(5-39)-(4-49)-(3-32)-(2-35)-(1-33)-(0-50)],0.0002684593200683594,0.03015732765197754,5,True,5
{????????????????????????????????????????????????????????????????????????B?cG?A@COA?O??aKW?@AG?O?bA?C??GJ?a??gC?_A?cA??BG?g??IGB????COCg?@@_??g?CU???_??g?c?G??U?_O????W?AK???D??oG???A[_?????@`P????A`?C_???O__OA?????GPGG???W_C?G????_GL??????`AO?O???C?Q?Q??????YOC?????A?I?`?????G@CS?????AGE?_?????,[(29-57)-(28-37)-(27-42)-(26-45)-(25-31)-(24-40)-(23-59)-(22-46)-(21-44)-(20-36)-(19-34)-(18-58)-(17-30)-(16-51)-(15-43)-(14-47)-(13-55)-(12-56)-(11-48)-(10-53)-(9-38)-(8-54)-(7-41)-(6-52)-(5-39)-(4-49)-(3-32)-(2-35)-(1-33)-(0-50)],0.0002651214599609375,0.007561683654785156,1,True,1
{????????????????????????????????????????????????????????????????????????B?cG?A@COA?O??aKW?@AG?O?bA?C??GJ?a??gC?_A?cA??BG?g??IGB????COCg?@@_??g?CU???_??g?c?G??U?_O????W?AK???D??oG???A[_?????@`P????A`?C_???O__OA?????GPGG???W_C?G????_GL??????`AO?O???C?Q?Q??????YOC?????A?I?`?????G@CS?????AGE?_?????,[(29-46)-(28-37)-(27-42)-(26-45)-(25-31)-(24-40)-(23-59)-(22-58)-(21-44)-(20-51)-(19-34)-(18-36)-(17-30)-(16-57)-(15-43)-(14-47)-(13-55)-(12-56)-(11-48)-(10-53)-(9-38)-(8-54)-(7-41)-(6-52)-(5-39)-(4-49)-(3-32)-(2-35)-(1-33)-(0-50)],0.0002682209014892578,0.007637739181518555,1,True,1
{????????????????????????????????????????????????????????????????????????B?cG?A@COA?O??aKW?@AG?O?bA?C??GJ?a??gC?_A?cA??BG?g??IGB????COCg?@@_??g?CU???_??g?c?G??U?_O????W?AK???D??oG???A[_?????@`P????A`?C_???O__OA?????GPGG???W_C?G????_GL??????`AO?O???C?Q?Q??????YOC?????A?I?`?????G@CS?????AGE?_?????,[(29-46)-(28-37)-(27-42)-(26-45)-(25-31)-(24-40)-(23-59)-(22-58)-(21-44)-(20-51)-(19-34)-(18-36)-(17-30)-(16-57)-(15-43)-(14-47)-(13-55)-(12-56)-(11-48)-(10-53)-(9-38)-(8-54)-(7-41)-(6-52)-(5-39)-(4-49)-(3-32)-(2-35)-(1-33)-(0-50)],0.0002677440643310547,0.012191534042358398,2,True,2
{????????????????????????????????????????????????????????????????????????B?cG?A@COA?O??aKW?@AG?O?bA?C??GJ?a??gC?_A?cA??BG?g??IGB????COCg?@@_??g?CU???_??g?c?G??U?_O????W?AK???D??oG???A[_?????@`P????A`?C_???O__OA?????GPGG???W_C?G????_GL??????`AO?O???C?Q?Q??????YOC?????A?I?`?????G@CS?????AGE?_?????,[(29-46)-(28-37)-(27-42)-(26-40)-(25-31)-(24-58)-(23-59)-(22-45)-(21-44)-(20-51)-(19-34)-(18-36)-(17-30)-(16-57)-(15-43)-(14-47)-(13-55)-(12-56)-(11-48)-(10-53)-(9-38)-(8-54)-(7-41)-(6-52)-(5-39)-(4-49)-(3-32)-(2-35)-(1-33)-(0-50)],0.00027298927307128906,0.02356123924255371,4,True,4
{????????????????????????????????????????????????????????????????????????B?cG?A@COA?O??aKW?@AG?O?bA?C??GJ?a??gC?_A?cA??BG?g??IGB????COCg?@@_??g?CU???_??g?c?G??U?_O????W?AK???D??oG???A[_?????@`P????A`?C_???O__OA?????GPGG???W_C?G????_GL??????`AO?O???C?Q?Q??????YOC?????A?I?`?????G@CS?????AGE?_?????,[(29-46)-(28-37)-(27-42)-(26-40)-(25-31)-(24-58)-(23-59)-(22-45)-(21-44)-(20-51)-(19-34)-(18-36)-(17-30)-(16-57)-(15-43)-(14-47)-(13-55)-(12-56)-(11-48)-(10-53)-(9-38)-(8-54)-(7-41)-(6-52)-(5-39)-(4-49)-(3-32)-(2-35)-(1-33)-(0-50)],0.0002722740173339844,0.012201070785522461,2,True,2
{????????????????????????????????????????????????????????????????????????B?cG?A@COA?O??aKW?@AG?O?bA?C??GJ?a??gC?_A?cA??BG?g??IGB????COCg?@@_??g?CU???_??g?c?G??U?_O????W?AK???D??oG???A[_?????@`P????A`?C_???O__OA?????GPGG???W_C?G????_GL??????`AO?O???C?Q?Q??????YOC?????A?I?`?????G@CS?????AGE?_?????,[(29-51)-(28-37)-(27-42)-(26-45)-(25-31)-(24-40)-(23-59)-(22-46)-(21-44)-(20-36)-(19-34)-(18-58)-(17-30)-(16-57)-(15-43)-(14-47)-(13-55)-(12-56)-(11-48)-(10-53)-(9-38)-(8-54)-(7-41)-(6-52)-(5-39)-(4-49)-(3-32)-(2-35)-(1-33)-(0-50)],0.0002689361572265625,0.01761007308959961,3,True,3
{????????????????????????????????????????????????????????????????????????B?cG?A@COA?O??aKW?@AG?O?bA?C??GJ?a??gC?_A?cA??BG?g??IGB????COCg?@@_??g?CU???_??g?c?G??U?_O????W?AK???D??oG???A[_?????@`P????A`?C_???O__OA?????GPGG???W_C?G????_GL??????`AO?O???C?Q?Q??????YOC?????A?I?`?????G@CS?????AGE?_?????,[(29-51)-(28-37)-(27-42)-(26-45)-(25-31)-(24-40)-(23-59)-(22-46)-(21-44)-(20-36)-(19-34)-(18-58)-(17-30)-(16-57)-(15-43)-(14-47)-(13-55)-(12-56)-(11-48)-(10-53)-(9-38)-(8-54)-(7-41)-(6-52)-(5-39)-(4-49)-(3-32)-(2-35)-(1-33)-(0-50)],0.00026416778564453125,0.017525196075439453,3,True,3
{????????????????????????????????????????????????????????????????????????B?cG?A@COA?O??aKW?@AG?O?bA?C??GJ?a??gC?_A?cA??BG?g??IGB????COCg?@@_??g?CU???_??g?c?G??U?_O????W?AK???D??oG???A[_?????@`P????A`?C_???O__OA?????GPGG???W_C?G????_GL??????`AO?O???C?Q?Q??????YOC?????A?I?`?????G@CS?????AGE?_?????,[(29-43)-(28-37)-(27-42)-(26-45)-(25-31)-(24-40)-(23-51)-(22-46)-(21-44)-(20-36)-(19-34)-(18-58)-(17-30)-(16-57)-(15-59)-(14-47)-(13-55)-(12-56)-(11-48)-(10-53)-(9-38)-(8-54)-(7-41)-(6-52)-(5-39)-(4-49)-(3-32)-(2-35)-(1-33)-(0-50)],0.0002701282501220703,0.023569583892822266,4,True,4
{????????????????????????????????????????????????????????????????????????B?cG?A@COA?O??aKW?@AG?O?bA?C??GJ?a??gC?_A?cA??BG?g??IGB????COCg?@@_??g?CU???_??g?c?G??U?_O????W?AK???D??oG???A[_?????@`P????A`?C_???O__OA?????GPGG???W_C?G????_GL??????`AO?O???C?Q?Q??????YOC?????A?I?`?????G@CS?????AGE?_?????,[(29-43)-(28-37)-(27-42)-(26-45)-(25-31)-(24-40)-(23-51)-(22-46)-(21-44)-(20-36)-(19-34)-(18-58)-(17-30)-(16-57)-(15-59)-(14-47)-(13-55)-(12-56)-(11-48)-(10-53)-(9-38)-(8-54)-(7-41)-(6-52)-(5-39)-(4-49)-(3-32)-(2-35)-(1-33)-(0-50)],0.00027108192443847656,0.00753474235534668,1,True,1
{????????????????????????????????????????????????????????????????????????B?cG?A@COA?O??aKW?@AG?O?bA?C??GJ?a??gC?_A?cA??BG?g??IGB????COCg?@@_??g?CU???_??g?c?G??U?_O????W?AK???D??oG???A[_?????@`P????A`?C_???O__OA?????GPGG???W_C?G????_GL??????`AO?O???C?Q?Q??????YOC?????A?I?`?????G@CS?????AGE?_?????,[(29-46)-(28-37)-(27-42)-(26-45)-(25-31)-(24-40)-(23-51)-(22-58)-(21-44)-(20-36)-(19-34)-(18-43)-(17-30)-(16-57)-(15-59)-(14-47)-(13-55)-(12-56)-(11-48)-(10-53)-(9-38)-(8-54)-(7-41)-(6-52)-(5-39)-(4-49)-(3-32)-(2-35)-(1-33)-(0-50)],0.0002741813659667969,0.012308120727539062,2,True,2
{????????????????????????????????????????????????????????????????????????B?cG?A@COA?O??aKW?@AG?O?bA?C??GJ?a??gC?_A?cA??BG?g??IGB????COCg?@@_??g?CU???_??g?c?G??U?_O????W?AK???D??oG???A[_?????@`P????A`?C_???O__OA?????GPGG???W_C?G????_GL??????`AO?O???C?Q?Q??????YOC?????A?I?`?????G@CS?????AGE?_?????,[(29-46)-(28-37)-(27-42)-(26-45)-(25-31)-(24-40)-(23-51)-(22-58)-(21-44)-(20-36)-(19-34)-(18-43)-(17-30)-(16-57)-(15-59)-(14-47)-(13-55)-(12-56)-(11-48)-(10-53)-(9-38)-(8-54)-(7-41)-(6-52)-(5-39)-(4-49)-(3-32)-(2-35)-(1-33)-(0-50)],0.00026679039001464844,0.00351715087890625,0,True,0
{????????????????????????????????????????????????????????????????????????B?cG?A@COA?O??aKW?@AG?O?bA?C??GJ?a??gC?_A?cA??BG?g??IGB????COCg?@@_??g?CU???_??g?c?G??U?_O????W?AK???D??oG???A[_?????@`P????A`?C_???O__OA?????GPGG???W_C?G????_GL??????`AO?O???C?Q?Q??????YOC?????A?I?`?????G@CS?????AGE?_?????,[(29-46)-(28-37)-(27-42)-(26-40)-(25-31)-(24-58)-(23-51)-(22-45)-(21-44)-(20-36)-(19-34)-(18-43)-(17-30)-(16-57)-(15-59)-(14-47)-(13-55)-(12-56)-(11-48)-(10-53)-(9-38)-(8-54)-(7-41)-(6-52)-(5-39)-(4-49)-(3-32)-(2-35)-(1-33)-(0-50)],0.0002677440643310547,0.030548572540283203,5,True,5
{????????????????????????????????????????????????????????????????????????B?cG?A@COA?O??aKW?@AG?O?bA?C??GJ?a??gC?_A?cA??BG?g??IGB????COCg?@@_??g?CU???_??g?c?G??U?_O????W?AK???D??oG???A[_?????@`P????A`?C_???O__OA?????GPGG???W_C?G????_GL??????`AO?O???C?Q?Q??????YOC?????A?I?`?????G@CS?????AGE?_?????,[(29-46)-(28-37)-(27-42)-(26-40)-(25-31)-(24-58)-(23-51)-(22-45)-(21-44)-(20-36)-(19-34)-(18-43)-(17-30)-(16-57)-(15-59)-(14-47)-(13-55)-(12-56)-(11-48)-(10-53)-(9-38)-(8-54)-(7-41)-(6-52)-(5-39)-(4-49)-(3-32)-(2-35)-(1-33)-(0-50)],0.0002701282501220703,0.017765045166015625,3,True,3
{????????????????????????????????????????????????????????????????????????B?cG?A@COA?O??aKW?@AG?O?bA?C??GJ?a??gC?_A?cA??BG?g??IGB????COCg?@@_??g?CU???_??g?c?G??U?_O????W?AK???D??oG???A[_?????@`P????A`?C_???O__OA?????GPGG???W_C?G????_GL??????`AO?O???C?Q?Q??????YOC?????A?I?`?????G@CS?????AGE?_?????,[(29-46)-(28-37)-(27-42)-(26-45)-(25-31)-(24-57)-(23-59)-(22-55)-(21-44)-(20-36)-(19-34)-(18-58)-(17-30)-(16-51)-(15-43)-(14-47)-(13-40)-(12-56)-(11-48)-(10-53)-(9-38)-(8-54)-(7-41)-(6-52)-(5-39)-(4-49)-(3-32)-(2-35)-(1-33)-(0-50)],0.0002713203430175781,0.018017053604125977,3,True,3
{????????????????????????????????????????????????????????????????????????B?cG?A@COA?O??aKW?@AG?O?bA?C??GJ?a??gC?_A?cA??BG?g??IGB????COCg?@@_??g?CU???_??g?c?G??U?_O????W?AK???D??oG???A[_?????@`P????A`?C_???O__OA?????GPGG???W_C?G????_GL??????`AO?O???C?Q?Q??????YOC?????A?I?`?????G@CS?????AGE?_?????,[(29-46)-(28-37)-(27-42)-(26-45)-(25-31)-(24-57)-(23-59)-(22-55)-(21-44)-(20-36)-(19-34)-(18-58)-(17-30)-(16-51)-(15-43)-(14-47)-(13-40)-(12-56)-(11-48)-(10-53)-(9-38)-(8-54)-(7-41)-(6-52)-(5-39)-(4-49)-(3-32)-(2-35)-(1-33)-(0-50)],0.0002677440643310547,0.003513813018798828,0,True,0
{????????????????????????????????????????????????????????????????????????B?cG?A@COA?O??aKW?@AG?O?bA?C??GJ?a??gC?_A?cA??BG?g??IGB????COCg?@@_??g?CU???_??g?c?G??U?_O????W?AK???D??oG???A[_?????@`P????A`?C_???O__OA?????GPGG???W_C?G????_GL??????`AO?O???C?Q?Q??????YOC?????A?I?`?????G@CS?????AGE?_?????,[(29-46)-(28-37)-(27-42)-(26-45)-(25-31)-(24-58)-(23-59)-(22-55)-(21-44)-(20-51)-(19-34)-(18-36)-(17-30)-(16-57)-(15-43)-(14-47)-(13-40)-(12-56)-(11-48)-(10-53)-(9-38)-(8-54)-(7-41)-(6-52)-(5-39)-(4-49)-(3-32)-(2-35)-(1-33)-(0-50)],0.00026869773864746094,0.024190425872802734,4,True,4
{????????????????????????????????????????????????????????????????????????B?cG?A@COA?O??aKW?@AG?O?bA?C??GJ?a??gC?_A?cA??BG?g??IGB????COCg?@@_??g?CU???_??g?c?G??U?_O????W?AK???D??oG???A[_?????@`P????A`?C_???O__OA?????GPGG???W_C?G????_GL??????`AO?O???C?Q?Q??????YOC?????A?I?`?????G@CS?????AGE?_?????,[(29-46)-(28-37)-(27-42)-(26-45)-(25-31)-(24-58)-(23-59)-(22-55)-(21-44)-(20-51)-(19-34)-(18-36)-(17-30)-(16-57)-(15-43)-(14-47)-(13-40)-(12-56)-(11-48)-(10-53)-(9-38)-(8-54)-(7-41)-(6-52)-(5-39)-(4-49)-(3-32)-(2-35)-(1-33)-(0-50)],0.0002689361572265625,0.003759145736694336,0,True,0
{?????????????????????????????????????????????????????????????????????????I?a_DS?O??@Q?AC?E@G@??K?L?G@@CG??gH?G?D?W_??@C?_G_AA?CGO????d`?@O??WO?@PG?_???OEA@??@E??GG??AA??[??@?_B_???ODA?_???_?MG????CC?Ag????O`GA???DGA?A????HG_O??????Gq@??????gSG????Ca?G?_????@@C?K?????`_AC?????_@_OO????G?GCP?????,[(29-56)-(28-39)-(27-41)-(26-43)-(25-45)-(24-40)-(23-47)-(22-44)-(21-42)-(20-59)-(19-46)-(18-54)-(17-55)-(16-31)-(15-30)-(14-58)-(13-37)-(12-57)-(11-34)-(10-53)-(9-33)-(8-36)-(7-32)-(6-50)-(5-52)-(4-38)-(3-49)-(2-51)-(1-35)-(0-48)],0.00026869773864746094,0.018703937530517578,3,True,3
{?????????????????????????????????????????????????????????????????????????I?a_DS?O??@Q?AC?E@G@??K?L?G@@CG??gH?G?D?W_??@C?_G_AA?CGO????d`?@O??WO?@PG?_???OEA@??@E??GG??AA??[??@?_B_???ODA?_???_?MG????CC?Ag????O`GA???DGA?A????HG_O??????Gq@??????gSG????Ca?G?_????@@C?K?????`_AC?????_@_OO????G?GCP?????,[(29-56)-(28-39)-(27-41)-(26-43)-(25-45)-(24-40)-(23-47)-(22-44)-(21-42)-(20-59)-(19-46)-(18-54)-(17-55)-(16-31)-(15-30)-(14-58)-(13-37)-(12-57)-(11-34)-(10-53)-(9-33)-(8-36)-(7-32)-(6-50)-(5-52)-(4-38)-(3-49)-(2-51)-(1-35)-(0-48)],0.000278472900390625,0.01835489273071289,3,True,3
{?????????????????????????????????????????????????????????????????????????I?a_DS?O??@Q?AC?E@G@??K?L?G@@CG??gH?G?D?W_??@C?_G_AA?CGO????d`?@O??WO?@PG?_???OEA@??@E??GG??AA??[??@?_B_???ODA?_???_?MG????CC?Ag????O`GA???DGA?A????HG_O??????Gq@??????gSG????Ca?G?_????@@C?K?????`_AC?????_@_OO????G?GCP?????,[(29-56)-(28-59)-(27-41)-(26-43)-(25-45)-(24-40)-(23-39)-(22-44)-(21-42)-(20-46)-(19-30)-(18-54)-(17-55)-(16-31)-(15-47)-(14-58)-(13-37)-(12-57)-(11-34)-(10-53)-(9-33)-(8-36)-(7-32)-(6-50)-(5-52)-(4-38)-(3-49)-(2-51)-(1-35)-(0-48)],0.0002779960632324219,0.012070655822753906,1,True,1
{?????????????????????????????????????????????????????????????????????????I?a_DS?O??@Q?AC?E@G@??K?L?G@@CG??gH?G?D?W_??@C?_G_AA?CGO????d`?@O??WO?@PG?_???OEA@??@E??GG??AA??[??@?_B_???ODA?_???_?MG????CC?Ag????O`GA???DGA?A????HG_O??????Gq@??????gSG????Ca?G?_????@@C?K?????`_AC?????_@_OO????G?GCP?????,[(29-56)-(28-59)-(27-41)-(26-43)-(25-45)-(24-40)-(23-39)-(22-44)-(21-42)-(20-46)-(19-30)-(18-54)-(17-55)-(16-31)-(15-47)-(14-58)-(13-37)-(12-57)-(11-34)-(10-53)-(9-33)-(8-36)-(7-32)-(6-50)-(5-52)-(4-38)-(3-49)-(2-51)-(1-35)-(0-48)],0.0002675056457519531,0.017673015594482422,3,True,3
{?????????????????????????????????????????????????????????????????????????I?a_DS?O??@Q?AC?E@G@??K?L?G@@CG??gH?G?D?W_??@C?_G_AA?CGO????d`?@O??WO?@PG?_???OEA@??@E??GG??AA??[??@?_B_???ODA?_???_?MG????CC?Ag????O`GA???DGA?A????HG_O??????Gq@??????gSG????Ca?G?_????@@C?K?????`_AC?????_@_OO????G?GCP?????,[(29-40)-(28-56)-(27-41)-(26-43)-(25-45)-(24-59)-(23-39)-(22-44)-(21-42)-(20-46)-(19-30)-(18-54)-(17-55)-(16-31)-(15-47)-(14-58)-(13-37)-(12-57)-(11-34)-(10-53)-(9-33)-(8-36)-(7-32)-(6-50)-(5-52)-(4-38)-(3-49)-(2-51)-(1-35)-(0-48)],0.0002694129943847656,0.012355566024780273,2,True,2
{?????????????????????????????????????????????????????????????????????????I?a_DS?O??@Q?AC?E@G@??K?L?G@@CG??gH?G?D?W_??@C?_G_AA?CGO????d`?@O??WO?@PG?_???OEA@??@E??GG??AA??[??@?_B_???ODA?_???_?MG????CC?Ag????O`GA???DGA?A????HG_O??????Gq@??????gSG????Ca?G?_????@@C?K?????`_AC?????_@_OO????G?GCP?????,[(29-40)-(28-56)-(27-41)-(26-43)-(25-45)-(24-59)-(23-39)-(22-44)-(21-42)-(20-46)-(19-30)-(18-54)-(17-55)-(16-31)-(15-47)-(14-58)-(13-37)-(12-57)-(11-34)-(10-53)-(9-33)-(8-36)-(7-32)-(6-50)-(5-52)-(4-38)-(3-49)-(2-51)-(1-35)-(0-48)],0.0002696514129638672,0.0076084136962890625,1,True,1
{?????????????????????????????????????????????????????????????????????????I?a_DS?O??@Q?AC?E@G@??K?L?G@@CG??gH?G?D?W_??@C?_G_AA?CGO????d`?@O??WO?@PG?_???OEA@??@E??GG??AA??[??@?_B_???ODA?_???_?MG????CC?Ag????O`GA???DGA?A????HG_O??????Gq@??????gSG????Ca?G?_????@@C?K?????`_AC?????_@_OO????G?GCP?????,[(29-56)-(28-39)-(27-41)-(26-43)-(25-45)-(24-59)-(23-40)-(22-44)-(21-42)-(20-46)-(19-30)-(18-54)-(17-55)-(16-31)-(15-47)-(14-58)-(13-37)-(12-57)-(11-34)-(10-53)-(9-33)-(8-36)-(7-32)-(6-50)-(5-52)-(4-38)-(3-49)-(2-51)-(1-35)-(0-48)],0.000270843505859375,0.00761723518371582,1,True,1
{?????????????????????????????????????????????????????????????????????????I?a_DS?O??@Q?AC?E@G@??K?L?G@@CG??gH?G?D?W_??@C?_G_AA?CGO????d`?@O??WO?@PG?_???OEA@??@E??GG??AA??[??@?_B_???ODA?_???_?MG????CC?Ag????O`GA???DGA?A????HG_O??????Gq@??????gSG????Ca?G?_????@@C?K?????`_AC?????_@_OO????G?GCP?????,[(29-56)-(28-39)-(27-41)-(26-43)-(25-45)-(24-59)-(23-40)-(22-44)-(21-42)-(20-46)-(19-30)-(18-54)-(17-55)-(16-31)-(15-47)-(14-58)-(13-37)-(12-57)-(11-34)-(10-53)-(9-33)-(8-36)-(7-32)-(6-50)-(5-52)-(4-38)-(3-49)-(2-51)-(1-35)-(0-48)],0.0002663135528564453,0.007594585418701172,1,True,1
{?????????????????????????????????????????????????????????????????????????I?a_DS?O??@Q?AC?E@G@??K?L?G@@CG??gH?G?D?W_??@C?_G_AA?CGO????d`?@O??WO?@PG?_???OEA@??@E??GG??AA??[??@?_B_???ODA?_???_?MG????CC?Ag????O`GA???DGA?A????HG_O??????Gq@??????gSG????Ca?G?_????@@C?K?????`_AC?????_@_OO????G?GCP?????,[(29-56)-(28-59)-(27-41)-(26-43)-(25-45)-(24-40)-(23-54)-(22-44)-(21-42)-(20-46)-(19-30)-(18-39)-(17-55)-(16-31)-(15-47)-(14-58)-(13-37)-(12-57)-(11-34)-(10-53)-(9-33)-(8-36)-(7-32)-(6-50)-(5-52)-(4-38)-(3-49)-(2-51)-(1-35)-(0-48)],0.0002694129943847656,0.003631114959716797,0,True,0
{?????????????????????????????????????????????????????????????????????????I?a_DS?O??@Q?AC?E@G@??K?L?G@@CG??gH?G?D?W_??@C?_G_AA?CGO????d`?@O??WO?@PG?_???OEA@??@E??GG??AA??[??@?_B_???ODA?_???_?MG????CC?Ag????O`GA???DGA?A????HG_O??????Gq@??????gSG????Ca?G?_????@@C?K?????`_AC?????_@_OO????G?GCP?????,[(29-56)-(28-59)-(27-41)-(26-43)-(25-45)-(24-40)-(23-54)-(22-44)-(21-42)-(20-46)-(19-30)-(18-39)-(17-55)-(16-31)-(15-47)-(14-58)-(13-37)-(12-57)-(11-34)-(10-53)-(9-33)-(8-36)-(7-32)-(6-50)-(5-52)-(4-38)-(3-49)-(2-51)-(1-35)-(0-48)],0.00026917457580566406,0.017774105072021484,3,True,3
{?????????????????????????????????????????????????????????????????????????I?a_DS?O??@Q?AC?E@G@??K?L?G@@CG??gH?G?D?W_??@C?_G_AA?CGO????d`?@O??WO?@PG?_???OEA@??@E??GG??AA??[??@?_B_???ODA?_???_?MG????CC?Ag????O`GA???DGA?A????HG_O??????Gq@??????gSG????Ca?G?_????@@C?K?????`_AC?????_@_OO????G?GCP?????,[(29-40)-(28-56)-(27-41)-(26-43)-(25-45)-(24-59)-(23-54)-(22-44)-(21-42)-(20-46)-(19-30)-(18-39)-(17-55)-(16-31)-(15-47)-(14-58)-(13-37)-(12-57)-(11-34)-(10-53)-(9-33)-(8-36)-(7-32)-(6-50)-(5-52)-(4-38)-(3-49)-(2-51)-(1-35)-(0-48)],0.00026988983154296875,0.007619619369506836,1,True,1
{?????????????????????????????????????????????????????????????????????????I?a_DS?O??@Q?AC?E@G@??K?L?G@@CG??gH?G?D?W_??@C?_G_AA?CGO????d`?@O??WO?@PG?_???OEA@??@E??GG??AA??[??@?_B_???ODA?_???_?MG????CC?Ag????O`GA???DGA?A????HG_O??????Gq@??????gSG????Ca?G?_????@@C?K?????`_AC?????_@_OO????G?GCP?????,[(29-40)-(28-56)-(27-41)-(26-43)-(25-45)-(24-59)-(23-54)-(22-44)-(21-42)-(20-46)-(19-30)-(18-39)-(17-55)-(16-31)-(15-47)-(14-58)-(13-37)-(12-57)-(11-34)-(10-53)-(9-33)-(8-36)-(7-32)-(6-50)-(5-52)-(4-38)-(3-49)-(2-51)-(1-35)-(0-48)],0.0002689361572265625,0.003565073013305664,0,True,0
{?????????????????????????????????????????????????????????????????????????I?a_DS?O??@Q?AC?E@G@??K?L?G@@CG??gH?G?D?W_??@C?_G_AA?CGO????d`?@O??WO?@PG?_???OEA@??@E??GG??AA??[??@?_B_???ODA?_???_?MG????CC?Ag????O`GA???DGA?A????HG_O??????Gq@??????gSG????Ca?G?_????@@C?K?????`_AC?????_@_OO????G?GCP?????,[(29-56)-(28-39)-(27-41)-(26-43)-(25-45)-(24-59)-(23-54)-(22-44)-(21-42)-(20-46)-(19-30)-(18-40)-(17-55)-(16-31)-(15-47)-(14-58)-(13-37)-(12-57)-(11-34)-(10-53)-(9-33)-(8-36)-(7-32)-(6-50)-(5-52)-(4-38)-(3-49)-(2-51)-(1-35)-(0-48)],0.0002675056457519531,0.02369070053100586,4,True,4
{?????????????????????????????????????????????????????????????????????????I?a_DS?O??@Q?AC?E@G@??K?L?G@@CG??gH?G?D?W_??@C?_G_AA?CGO????d`?@O??WO?@PG?_???OEA@??@E??GG??AA??[??@?_B_???ODA?_???_?MG????CC?Ag????O`GA???DGA?A????HG_O??????Gq@??????gSG????Ca?G?_????@@C?K?????`_AC?????_@_OO????G?GCP?????,[(29-56)-(28-39)-(27-41)-(26-43)-(25-45)-(24-59)-(23-54)-(22-44)-(21-42)-(20-46)-(19-30)-(18-40)-(17-55)-(16-31)-(15-47)-(14-58)-(13-37)-(12-57)-(11-34)-(10-53)-(9-33)-(8-36)-(7-32)-(6-50)-(5-52)-(4-38)-(3-49)-(2-51)-(1-35)-(0-48)],0.00026917457580566406,0.012329339981079102,2,True,2
{?????????????????????????????????????????????????????????????????????????I?a_DS?O??@Q?AC?E@G@??K?L?G@@CG??gH?G?D?W_??@C?_G_AA?CGO????d`?@O??WO?@PG?_???OEA@??@E??GG??AA??[??@?_B_???ODA?_???_?MG????CC?Ag????O`GA???DGA?A????HG_O??????Gq@??????gSG????Ca?G?_????@@C?K?????`_AC?????_@_OO????G?GCP?????,[(29-40)-(28-44)-(27-55)-(26-43)-(25-45)-(24-59)-(23-39)-(22-41)-(21-42)-(20-46)-(19-30)-(18-54)-(17-56)-(16-31)-(15-47)-(14-58)-(13-37)-(12-57)-(11-34)-(10-53)-(9-33)-(8-36)-(7-32)-(6-50)-(5-52)-(4-38)-(3-49)-(2-51)-(1-35)-(0-48)],0.0002689361572265625,0.012314796447753906,2,True,2
{?????????????????????????????????????????????????????????????????????????I?a_DS?O??@Q?AC?E@G@??K?L?G@@CG??gH?G?D?W_??@C?_G_AA?CGO????d`?@O??WO?@PG?_???OEA@??@E??GG??AA??[??@?_B_???ODA?_???_?MG????CC?Ag????O`GA???DGA?A????HG_O??????Gq@??????gSG????Ca?G?_????@@C?K?????`_AC?????_@_OO????G?GCP?????,[(29-40)-(28-44)-(27-55)-(26-43)-(25-45)-(24-59)-(23-39)-(22-41)-(21-42)-(20-46)-(19-30)-(18-54)-(17-56)-(16-31)-(15-47)-(14-58)-(13-37)-(12-57)-(11-34)-(10-53)-(9-33)-(8-36)-(7-32)-(6-50)-(5-52)-(4-38)-(3-49)-(2-51)-(1-35)-(0-48)],0.0002677440643310547,0.007598161697387695,1,True,1
{?????????????????????????????????????????????????????????????????????????I?a_DS?O??@Q?AC?E@G@??K?L?G@@CG??gH?G?D?W_??@C?_G_AA?CGO????d`?@O??WO?@PG?_???OEA@??@E??GG??AA??[??@?_B_???ODA?_???_?MG????CC?Ag????O`GA???DGA?A????HG_O??????Gq@??????gSG????Ca?G?_????@@C?K?????`_AC?????_@_OO????G?GCP?????,[(29-40)-(28-44)-(27-55)-(26-43)-(25-45)-(24-59)-(23-54)-(22-41)-(21-42)-(20-46)-(19-30)-(18-39)-(17-56)-(16-31)-(15-47)-(14-58)-(13-37)-(12-57)-(11-34)-(10-53)-(9-33)-(8-36)-(7-32)-(6-50)-(5-52)-(4-38)-(3-49)-(2-51)-(1-35)-(0-48)],0.0002694129943847656,0.017659664154052734,3,True,3
{?????????????????????????????????????????????????????????????????????????I?a_DS?O??@Q?AC?E@G@??K?L?G@@CG??gH?G?D?W_??@C?_G_AA?CGO????d`?@O??WO?@PG?_???OEA@??@E??GG??AA??[??@?_B_???ODA?_???_?MG????CC?Ag????O`GA???DGA?A????HG_O??????Gq@??????gSG????Ca?G?_????@@C?K?????`_AC?????_@_OO????G?GCP?????,[(29-40)-(28-44)-(27-55)-(26-43)-(25-45)-(24-59)-(23-54)-(22-41)-(21-42)-(20-46)-(19-30)-(18-39)-(17-56)-(16-31)-(15-47)-(14-58)-(13-37)-(12-57)-(11-34)-(10-53)-(9-33)-(8-36)-(7-32)-(6-50)-(5-52)-(4-38)-(3-49)-(2-51)-(1-35)-(0-48)],0.0002694129943847656,0.0075991153717041016,1,True,1
{?????????????????????????????????????????????????????????????????????????I?a_DS?O??@Q?AC?E@G@??K?L?G@@CG??gH?G?D?W_??@C?_G_AA?CGO????d`?@O??WO?@PG?_???OEA@??@E??GG??AA??[??@?_B_???ODA?_???_?MG????CC?Ag????O`GA???DGA?A????HG_O??????Gq@??????gSG????Ca?G?_????@@C?K?????`_AC?????_@_OO????G?GCP?????,[(29-40)-(28-39)-(27-41)-(26-43)-(25-45)-(24-59)-(23-47)-(22-44)-(21-42)-(20-46)-(19-30)-(18-54)-(17-55)-(16-31)-(15-58)-(14-37)-(13-56)-(12-57)-(11-34)-(10-53)-(9-33)-(8-36)-(7-32)-(6-50)-(5-52)-(4-38)-(3-49)-(2-51)-(1-35)-(0-48)],0.00026726722717285156,0.012354373931884766,2,True,2
{?????????????????????????????????????????????????????????????????????????I?a_DS?O??@Q?AC?E@G@??K?L?G@@CG??gH?G?D?W_??@C?_G_AA?CGO????d`?@O??WO?@PG?_???OEA@??@E??GG??AA??[??@?_B_???ODA?_???_?MG????CC?Ag????O`GA???DGA?A????HG_O??????Gq@??????gSG????Ca?G?_????@@C?K?????`_AC?????_@_OO????G?GCP?????,[(29-40)-(28-39)-(27-41)-(26-43)-(25-45)-(24-59)-(23-47)-(22-44)-(21-42)-(20-46)-(19-30)-(18-54)-(17-55)-(16-31)-(15-58)-(14-37)-(13-56)-(12-57)-(11-34)-(10-53)-(9-33)-(8-36)-(7-32)-(6-50)-(5-52)-(4-38)-(3-49)-(2-51)-(1-35)-(0-48)],0.00026726722717285156,0.02201986312866211,2,True,2
{?????????????????????????????????????????????????????????????????????????H??EGGg?@G?_GOWS?AQ??GCT??O??oB??_`?E??DW?@???AEa?@D@?O??G@@_G?A??Ho??@C??KG?@FC????@??_d???@EC?G???OQC?_??Q_AA????AB??W???OCCGG????GDO?_??AAO_C????AE?OA???@_@c??????a?IA?????d??S?????HC?D?????a?oO?????C?E?S?????A??B`?????,[(29-42)-(28-59)-(27-38)-(26-31)-(25-30)-(24-58)-(23-56)-(22-55)-(21-47)-(20-44)-(19-52)-(18-46)-(17-40)-(16-41)-(15-45)-(14-39)-(13-57)-(12-43)-(11-37)-(10-51)-(9-49)-(8-32)-(7-50)-(6-36)-(5-34)-(4-48)-(3-54)-(2-53)-(1-33)-(0-35)],0.0002713203430175781,0.01309347152709961,2,True,2
{?????????????????????????????????????????????????????????????????????????H??EGGg?@G?_GOWS?AQ??GCT??O??oB??_`?E??DW?@???AEa?@D@?O??G@@_G?A??Ho??@C??KG?@FC????@??_d???@EC?G???OQC?_??Q_AA????AB??W???OCCGG????GDO?_??AAO_C????AE?OA???@_@c??????a?IA?????d??S?????HC?D?????a?oO?????C?E?S?????A??B`?????,[(29-42)-(28-59)-(27-38)-(26-31)-(25-30)-(24-58)-(23-56)-(22-55)-(21-47)-(20-44)-(19-52)-(18-46)-(17-40)-(16-41)-(15-45)-(14-39)-(13-57)-(12-43)-(11-37)-(10-51)-(9-49)-(8-32)-(7-50)-(6-36)-(5-34)-(4-48)-(3-54)-(2-53)-(1-33)-(0-35)],0.00038695335388183594,0.024478912353515625,4,True,4
{?????????????????????????????????????????????????????????????????????????H??EGGg?@G?_GOWS?AQ??GCT??O??oB??_`?E??DW?@???AEa?@D@?O??G@@_G?A??Ho??@C??KG?@FC????@??_d???@EC?G???OQC?_??Q_AA????AB??W???OCCGG????GDO?_??AAO_C????AE?OA???@_@c??????a?IA?????d??S?????HC?D?????a?oO?????C?E?S?????A??B`?????,[(29-30)-(28-59)-(27-38)-(26-31)-(25-56)-(24-58)-(23-42)-(22-55)-(21-47)-(20-44)-(19-52)-(18-46)-(17-40)-(16-41)-(15-45)-(14-39)-(13-57)-(12-43)-(11-37)-(10-51)-(9-49)-(8-32)-(7-50)-(6-36)-(5-34)-(4-48)-(3-54)-(2-53)-(1-33)-(0-35)],0.0003275871276855469,0.012786388397216797,2,True,2
{?????????????????????????????????????????????????????????????????????????H??EGGg?@G?_GOWS?AQ??GCT??O??oB??_`?E??DW?@???AEa?@D@?O??G@@_G?A??Ho??@C??KG?@FC????@??_d???@EC?G???OQC?_??Q_AA????AB??W???OCCGG????GDO?_??AAO_C????AE?OA???@_@c??????a?IA?????d??S?????HC?D?????a?oO?????C?E?S?????A??B`?????,[(29-30)-(28-59)-(27-38)-(26-31)-(25-56)-(24-58)-(23-42)-(22-55)-(21-47)-(20-44)-(19-52)-(18-46)-(17-40)-(16-41)-(15-45)-(14-39)-(13-57)-(12-43)-(11-37)-(10-51)-(9-49)-(8-32)-(7-50)-(6-36)-(5-34)-(4-48)-(3-54)-(2-53)-(1-33)-(0-35)],0.0002722740173339844,0.024194955825805664,4,True,4
{?????????????????????????????????????????????????????????????????????????H??EGGg?@G?_GOWS?AQ??GCT??O??oB??_`?E??DW?@???AEa?@D@?O??G@@_G?A??Ho??@C??KG?@FC????@??_d???@EC?G???OQC?_??Q_AA????AB??W???OCCGG????GDO?_??AAO_C????AE?OA???@_@c??????a?IA?????d??S?????HC?D?????a?oO?????C?E?S?????A??B`?????,[(29-42)-(28-59)-(27-38)-(26-31)-(25-30)-(24-55)-(23-56)-(22-58)-(21-47)-(20-44)-(19-52)-(18-46)-(17-40)-(16-41)-(15-45)-(14-39)-(13-57)-(12-43)-(11-37)-(10-51)-(9-49)-(8-32)-(7-50)-(6-36)-(5-34)-(4-48)-(3-54)-(2-53)-(1-33)-(0-35)],0.0002720355987548828,0.012330293655395508,2,True,2
{?????????????????????????????????????????????????????????????????????????H??EGGg?@G?_GOWS?AQ??GCT??O??oB??_`?E??DW?@???AEa?@D@?O??G@@_G?A??Ho??@C??KG?@FC????@??_d???@EC?G???OQC?_??Q_AA????AB??W???OCCGG????GDO?_??AAO_C????AE?OA???@_@c??????a?IA?????d??S?????HC?D?????a?oO?????C?E?S?????A??B`?????,[(29-42)-(28-59)-(27-38)-(26-31)-(25-30)-(24-55)-(23-56)-(22-58)-(21-47)-(20-44)-(19-52)-(18-46)-(17-40)-(16-41)-(15-45)-(14-39)-(13-57)-(12-43)-(11-37)-(10-51)-(9-49)-(8-32)-(7-50)-(6-36)-(5-34)-(4-48)-(3-54)-(2-53)-(1-33)-(0-35)],0.0002720355987548828,0.007590293884277344,1,True,1
{?????????????????????????????????????????????????????????????????????????H??EGGg?@G?_GOWS?AQ??GCT??O??oB??_`?E??DW?@???AEa?@D@?O??G@@_G?A??Ho??@C??KG?@FC????@??_d???@EC?G???OQC?_??Q_AA????AB??W???OCCGG????GDO?_??AAO_C????AE?OA???@_@c??????a?IA?????d??S?????HC?D?????a?oO?????C?E?S?????A??B`?????,[(29-30)-(28-59)-(27-38)-(26-31)-(25-56)-(24-55)-(23-42)-(22-58)-(21-47)-(20-44)-(19-52)-(18-46)-(17-40)-(16-41)-(15-45)-(14-39)-(13-57)-(12-43)-(11-37)-(10-51)-(9-49)-(8-32)-(7-50)-(6-36)-(5-34)-(4-48)-(3-54)-(2-53)-(1-33)-(0-35)],0.00026988983154296875,0.0035691261291503906,0,True,0
{?????????????????????????????????????????????????????????????????????????H??EGGg?@G?_GOWS?AQ??GCT??O??oB??_`?E??DW?@???AEa?@D@?O??G@@_G?A??Ho??@C??KG?@FC????@??_d???@EC?G???OQC?_??Q_AA????AB??W???OCCGG????GDO?_??AAO_C????AE?OA???@_@c??????a?IA?????d??S?????HC?D?????a?oO?????C?E?S?????A??B`?????,[(29-30)-(28-59)-(27-38)-(26-31)-(25-56)-(24-55)-(23-42)-(22-58)-(21-47)-(20-44)-(19-52)-(18-46)-(17-40)-(16-41)-(15-45)-(14-39)-(13-57)-(12-43)-(11-37)-(10-51)-(9-49)-(8-32)-(7-50)-(6-36)-(5-34)-(4-48)-(3-54)-(2-53)-(1-33)-(0-35)],0.00026917457580566406,0.01778721809387207,3,True,3
{?????????????????????????????????????????????????????????????????????????H??EGGg?@G?_GOWS?AQ??GCT??O??oB??_`?E??DW?@???AEa?@D@?O??G@@_G?A??Ho??@C??KG?@FC????@??_d???@EC?G???OQC?_??Q_AA????AB??W???OCCGG????GDO?_??AAO_C????AE?OA???@_@c??????a?IA?????d??S?????HC?D?????a?oO?????C?E?S?????A??B`?????,[(29-30)-(28-52)-(27-38)-(26-31)-(25-56)-(24-42)-(23-59)-(22-55)-(21-47)-(20-44)-(19-57)-(18-46)-(17-40)-(16-41)-(15-45)-(14-39)-(13-58)-(12-43)-(11-37)-(10-51)-(9-49)-(8-32)-(7-50)-(6-36)-(5-34)-(4-48)-(3-54)-(2-53)-(1-33)-(0-35)],0.0002694129943847656,0.012315750122070312,2,True,2
{?????????????????????????????????????????????????????????????????????????H??EGGg?@G?_GOWS?AQ??GCT??O??oB??_`?E??DW?@???AEa?@D@?O??G@@_G?A??Ho??@C??KG?@FC????@??_d???@EC?G???OQC?_??Q_AA????AB??W???OCCGG????GDO?_??AAO_C????AE?OA???@_@c??????a?IA?????d??S?????HC?D?????a?oO?????C?E?S?????A??B`?????,[(29-30)-(28-52)-(27-38)-(26-31)-(25-56)-(24-42)-(23-59)-(22-55)-(21-47)-(20-44)-(19-57)-(18-46)-(17-40)-(16-41)-(15-45)-(14-39)-(13-58)-(12-43)-(11-37)-(10-51)-(9-49)-(8-32)-(7-50)-(6-36)-(5-34)-(4-48)-(3-54)-(2-53)-(1-33)-(0-35)],0.0002715587615966797,0.017642498016357422,3,True,3
{?????????????????????????????????????????????????????????????????????????H??EGGg?@G?_GOWS?AQ??GCT??O??oB??_`?E??DW?@???AEa?@D@?O??G@@_G?A??Ho??@C??KG?@FC????@??_d???@EC?G???OQC?_??Q_AA????AB??W???OCCGG????GDO?_??AAO_C????AE?OA???@_@c??????a?IA?????d??S?????HC?D?????a?oO?????C?E?S?????A??B`?????,[(29-42)-(28-52)-(27-38)-(26-31)-(25-56)-(24-30)-(23-59)-(22-55)-(21-47)-(20-44)-(19-57)-(18-46)-(17-40)-(16-41)-(15-45)-(14-39)-(13-58)-(12-43)-(11-37)-(10-51)-(9-49)-(8-32)-(7-50)-(6-36)-(5-34)-(4-48)-(3-54)-(2-53)-(1-33)-(0-35)],0.0002701282501220703,0.030326128005981445,5,True,5
{?????????????????????????????????????????????????????????????????????????H??EGGg?@G?_GOWS?AQ??GCT??O??oB??_`?E??DW?@???AEa?@D@?O??G@@_G?A??Ho??@C??KG?@FC????@??_d???@EC?G???OQC?_??Q_AA????AB??W???OCCGG????GDO?_??AAO_C????AE?OA???@_@c??????a?IA?????d??S?????HC?D?????a?oO?????C?E?S?????A??B`?????,[(29-42)-(28-52)-(27-38)-(26-31)-(25-56)-(24-30)-(23-59)-(22-55)-(21-47)-(20-44)-(19-57)-(18-46)-(17-40)-(16-41)-(15-45)-(14-39)-(13-58)-(12-43)-(11-37)-(10-51)-(9-49)-(8-32)-(7-50)-(6-36)-(5-34)-(4-48)-(3-54)-(2-53)-(1-33)-(0-35)],0.0002701282501220703,0.01224660873413086,2,True,2
{?????????????????????????????????????????????????????????????????????????H??EGGg?@G?_GOWS?AQ??GCT??O??oB??_`?E??DW?@???AEa?@D@?O??G@@_G?A??Ho??@C??KG?@FC????@??_d???@EC?G???OQC?_??Q_AA????AB??W???OCCGG????GDO?_??AAO_C????AE?OA???@_@c??????a?IA?????d??S?????HC?D?????a?oO?????C?E?S?????A??B`?????,[(29-42)-(28-52)-(27-38)-(26-31)-(25-30)-(24-55)-(23-56)-(22-59)-(21-47)-(20-44)-(19-57)-(18-46)-(17-40)-(16-41)-(15-45)-(14-39)-(13-58)-(12-43)-(11-37)-(10-51)-(9-49)-(8-32)-(7-50)-(6-36)-(5-34)-(4-48)-(3-54)-(2-53)-(1-33)-(0-35)],0.00027179718017578125,0.0076694488525390625,1,True,1
{?????????????????????????????????????????????????????????????????????????H??EGGg?@G?_GOWS?AQ??GCT??O??oB??_`?E??DW?@???AEa?@D@?O??G@@_G?A??Ho??@C??KG?@FC????@??_d???@EC?G???OQC?_??Q_AA????AB??W???OCCGG????GDO?_??AAO_C????AE?OA???@_@c??????a?IA?????d??S?????HC?D?????a?oO?????C?E?S?????A??B`?????,[(29-42)-(28-52)-(27-38)-(26-31)-(25-30)-(24-55)-(23-56)-(22-59)-(21-47)-(20-44)-(19-57)-(18-46)-(17-40)-(16-41)-(15-45)-(14-39)-(13-58)-(12-43)-(11-37)-(10-51)-(9-49)-(8-32)-(7-50)-(6-36)-(5-34)-(4-48)-(3-54)-(2-53)-(1-33)-(0-35)],0.0002701282501220703,0.012296199798583984,2,True,2
{?????????????????????????????????????????????????????????????????????????H??EGGg?@G?_GOWS?AQ??GCT??O??oB??_`?E??DW?@???AEa?@D@?O??G@@_G?A??Ho??@C??KG?@FC????@??_d???@EC?G???OQC?_??Q_AA????AB??W???OCCGG????GDO?_??AAO_C????AE?OA???@_@c??????a?IA?????d??S?????HC?D?????a?oO?????C?E?S?????A??B`?????,[(29-30)-(28-52)-(27-38)-(26-31)-(25-56)-(24-55)-(23-42)-(22-59)-(21-47)-(20-44)-(19-57)-(18-46)-(17-40)-(16-41)-(15-45)-(14-39)-(13-58)-(12-43)-(11-37)-(10-51)-(9-49)-(8-32)-(7-50)-(6-36)-(5-34)-(4-48)-(3-54)-(2-53)-(1-33)-(0-35)],0.000270843505859375,0.01228785514831543,2,True,2
{?????????????????????????????????????????????????????????????????????????H??EGGg?@G?_GOWS?AQ??GCT??O??oB??_`?E??DW?@???AEa?@D@?O??G@@_G?A??Ho??@C??KG?@FC????@??_d???@EC?G???OQC?_??Q_AA????AB??W???OCCGG????GDO?_??AAO_C????AE?OA???@_@c??????a?IA?????d??S?????HC?D?????a?oO?????C?E?S?????A??B`?????,[(29-30)-(28-52)-(27-38)-(26-31)-(25-56)-(24-55)-(23-42)-(22-59)-(21-47)-(20-44)-(19-57)-(18-46)-(17-40)-(16-41)-(15-45)-(14-39)-(13-58)-(12-43)-(11-37)-(10-51)-(9-49)-(8-32)-(7-50)-(6-36)-(5-34)-(4-48)-(3-54)-(2-53)-(1-33)-(0-35)],0.00027370452880859375,0.007561922073364258,1,True,1
{?????????????????????????????????????????????????????????????????????????H??EGGg?@G?_GOWS?AQ??GCT??O??oB??_`?E??DW?@???AEa?@D@?O??G@@_G?A??Ho??@C??KG?@FC????@??_d???@EC?G???OQC?_??Q_AA????AB??W???OCCGG????GDO?_??AAO_C????AE?OA???@_@c??????a?IA?????d??S?????HC?D?????a?oO?????C?E?S?????A??B`?????,[(29-31)-(28-52)-(27-38)-(26-45)-(25-30)-(24-42)-(23-56)-(22-55)-(21-59)-(20-44)-(19-57)-(18-46)-(17-40)-(16-41)-(15-47)-(14-39)-(13-58)-(12-43)-(11-37)-(10-51)-(9-49)-(8-32)-(7-50)-(6-36)-(5-34)-(4-48)-(3-54)-(2-53)-(1-33)-(0-35)],0.0002696514129638672,0.0460057258605957,7,True,7
{?????????????????????????????????????????????????????????????????????????H??EGGg?@G?_GOWS?AQ??GCT??O??oB??_`?E??DW?@???AEa?@D@?O??G@@_G?A??Ho??@C??KG?@FC????@??_d???@EC?G???OQC?_??Q_AA????AB??W???OCCGG????GDO?_??AAO_C????AE?OA???@_@c??????a?IA?????d??S?????HC?D?????a?oO?????C?E?S?????A??B`?????,[(29-31)-(28-52)-(27-38)-(26-45)-(25-30)-(24-42)-(23-56)-(22-55)-(21-59)-(20-44)-(19-57)-(18-46)-(17-40)-(16-41)-(15-47)-(14-39)-(13-58)-(12-43)-(11-37)-(10-51)-(9-49)-(8-32)-(7-50)-(6-36)-(5-34)-(4-48)-(3-54)-(2-53)-(1-33)-(0-35)],0.0002701282501220703,0.017678260803222656,3,True,3
{?????????????????????????????????????????????????????????????????????????H??EGGg?@G?_GOWS?AQ??GCT??O??oB??_`?E??DW?@???AEa?@D@?O??G@@_G?A??Ho??@C??KG?@FC????@??_d???@EC?G???OQC?_??Q_AA????AB??W???OCCGG????GDO?_??AAO_C????AE?OA???@_@c??????a?IA?????d??S?????HC?D?????a?oO?????C?E?S?????A??B`?????,[(29-31)-(28-52)-(27-38)-(26-45)-(25-56)-(24-30)-(23-42)-(22-55)-(21-59)-(20-44)-(19-57)-(18-46)-(17-40)-(16-41)-(15-47)-(14-39)-(13-58)-(12-43)-(11-37)-(10-51)-(9-49)-(8-32)-(7-50)-(6-36)-(5-34)-(4-48)-(3-54)-(2-53)-(1-33)-(0-35)],0.0002720355987548828,0.012424707412719727,2,True,2
{?????????????????????????????????????????????????????????????????????????H??EGGg?@G?_GOWS?AQ??GCT??O??oB??_`?E??DW?@???AEa?@D@?O??G@@_G?A??Ho??@C??KG?@FC????@??_d???@EC?G???OQC?_??Q_AA????AB??W???OCCGG????GDO?_??AAO_C????AE?OA???@_@c??????a?IA?????d??S?????HC?D?????a?oO?????C?E?S?????A??B`?????,[(29-31)-(28-52)-(27-38)-(26-45)-(25-56)-(24-30)-(23-42)-(22-55)-(21-59)-(20-44)-(19-57)-(18-46)-(17-40)-(16-41)-(15-47)-(14-39)-(13-58)-(12-43)-(11-37)-(10-51)-(9-49)-(8-32)-(7-50)-(6-36)-(5-34)-(4-48)-(3-54)-(2-53)-(1-33)-(0-35)],0.00027060508728027344,0.012288808822631836,2,True,2
{?????????????????????????????????????????????????????????????????????????O_CDAc?_G?OKE??ICO?A?@?SCO?APAA?w?_?_?@AA?D??@OBG?@AH_???_??P`???_CD_?A?GAGO????IJ???A@_?c??a?KA????A_Ao???G__CG???@A_GC???IG_?_???EOG_?????i_??O???o@?CC????K?P?C????F?`???????OT_????A?@?HO?????_HGG?????BA?OG????A?DO@?????,[(29-44)-(28-42)-(27-56)-(26-43)-(25-47)-(24-30)-(23-31)-(22-45)-(21-46)-(20-54)-(19-40)-(18-59)-(17-41)-(16-55)-(15-53)-(14-57)-(13-58)-(12-38)-(11-39)-(10-37)-(9-35)-(8-34)-(7-51)-(6-50)-(5-48)-(4-49)-(3-32)-(2-33)-(1-52)-(0-36)],0.00027060508728027344,0.031876325607299805,5,True,5
{?????????????????????????????????????????????????????????????????????????O_CDAc?_G?OKE??ICO?A?@?SCO?APAA?w?_?_?@AA?D??@OBG?@AH_???_??P`???_CD_?A?GAGO????IJ???A@_?c??a?KA????A_Ao???G__CG???@A_GC???IG_?_???EOG_?????i_??O???o@?CC????K?P?C????F?`???????OT_????A?@?HO?????_HGG?????BA?OG????A?DO@?????,[(29-44)-(28-42)-(27-56)-(26-43)-(25-47)-(24-30)-(23-31)-(22-45)-(21-46)-(20-54)-(19-40)-(18-59)-(17-41)-(16-55)-(15-53)-(14-57)-(13-58)-(12-38)-(11-39)-(10-37)-(9-35)-(8-34)-(7-51)-(6-50)-(5-48)-(4-49)-(3-32)-(2-33)-(1-52)-(0-36)],0.0002720355987548828,0.01281428337097168,2,True,2
{?????????????????????????????????????????????????????????????????????????O_CDAc?_G?OKE??ICO?A?@?SCO?APAA?w?_?_?@AA?D??@OBG?@AH_???_??P`???_CD_?A?GAGO????IJ???A@_?c??a?KA????A_Ao???G__CG???@A_GC???IG_?_???EOG_?????i_??O???o@?CC????K?P?C????F?`???????OT_????A?@?HO?????_HGG?????BA?OG????A?DO@?????,[(29-44)-(28-42)-(27-56)-(26-30)-(25-47)-(24-40)-(23-31)-(22-45)-(21-46)-(20-54)-(19-43)-(18-59)-(17-41)-(16-55)-(15-53)-(14-57)-(13-58)-(12-38)-(11-39)-(10-37)-(9-35)-(8-34)-(7-51)-(6-50)-(5-48)-(4-49)-(3-32)-(2-33)-(1-52)-(0-36)],0.000274658203125,0.007647991180419922,1,True,1
{?????????????????????????????????????????????????????????????????????????O_CDAc?_G?OKE??ICO?A?@?SCO?APAA?w?_?_?@AA?D??@OBG?@AH_???_??P`???_CD_?A?GAGO????IJ???A@_?c??a?KA????A_Ao???G__CG???@A_GC???IG_?_???EOG_?????i_??O???o@?CC????K?P?C????F?`???????OT_????A?@?HO?????_HGG?????BA?OG????A?DO@?????,[(29-44)-(28-42)-(27-56)-(26-30)-(25-47)-(24-40)-(23-31)-(22-45)-(21-46)-(20-54)-(19-43)-(18-59)-(17-41)-(16-55)-(15-53)-(14-57)-(13-58)-(12-38)-(11-39)-(10-37)-(9-35)-(8-34)-(7-51)-(6-50)-(5-48)-(4-49)-(3-32)-(2-33)-(1-52)-(0-36)],0.0002682209014892578,0.012269020080566406,2,True,2
{?????????????????????????????????????????????????????????????????????????O_CDAc?_G?OKE??ICO?A?@?SCO?APAA?w?_?_?@AA?D??@OBG?@AH_???_??P`???_CD_?A?GAGO????IJ???A@_?c??a?KA????A_Ao???G__CG???@A_GC???IG_?_???EOG_?????i_??O???o@?CC????K?P?C????F?`???????OT_????A?@?HO?????_HGG?????BA?OG????A?DO@?????,[(29-40)-(28-42)-(27-56)-(26-44)-(25-47)-(24-30)-(23-31)-(22-45)-(21-46)-(20-54)-(19-43)-(18-59)-(17-41)-(16-55)-(15-53)-(14-57)-(13-58)-(12-38)-(11-39)-(10-37)-(9-35)-(8-34)-(7-51)-(6-50)-(5-48)-(4-49)-(3-32)-(2-33)-(1-52)-(0-36)],0.0002663135528564453,0.003550291061401367,0,True,0
{?????????????????????????????????????????????????????????????????????????O_CDAc?_G?OKE??ICO?A?@?SCO?APAA?w?_?_?@AA?D??@OBG?@AH_???_??P`???_CD_?A?GAGO????IJ???A@_?c??a?KA????A_Ao???G__CG???@A_GC???IG_?_???EOG_?????i_??O???o@?CC????K?P?C????F?`???????OT_????A?@?HO?????_HGG?????BA?OG????A?DO@?????,[(29-40)-(28-42)-(27-56)-(26-44)-(25-47)-(24-30)-(23-31)-(22-45)-(21-46)-(20-54)-(19-43)-(18-59)-(17-41)-(16-55)-(15-53)-(14-57)-(13-58)-(12-38)-(11-39)-(10-37)-(9-35)-(8-34)-(7-51)-(6-50)-(5-48)-(4-49)-(3-32)-(2-33)-(1-52)-(0-36)],0.00026726722717285156,0.017673730850219727,3,True,3
{?????????????????????????????????????????????????????????????????????????O_CDAc?_G?OKE??ICO?A?@?SCO?APAA?w?_?_?@AA?D??@OBG?@AH_???_??P`???_CD_?A?GAGO????IJ???A@_?c??a?KA????A_Ao???G__CG???@A_GC???IG_?_???EOG_?????i_??O???o@?CC????K?P?C????F?`???????OT_????A?@?HO?????_HGG?????BA?OG????A?DO@?????,[(29-44)-(28-59)-(27-56)-(26-43)-(25-47)-(24-40)-(23-31)-(22-45)-(21-46)-(20-54)-(19-42)-(18-30)-(17-41)-(16-55)-(15-53)-(14-57)-(13-58)-(12-38)-(11-39)-(10-37)-(9-35)-(8-34)-(7-51)-(6-50)-(5-48)-(4-49)-(3-32)-(2-33)-(1-52)-(0-36)],0.0002713203430175781,0.012330770492553711,2,True,2
{?????????????????????????????????????????????????????????????????????????O_CDAc?_G?OKE??ICO?A?@?SCO?APAA?w?_?_?@AA?D??@OBG?@AH_???_??P`???_CD_?A?GAGO????IJ???A@_?c??a?KA????A_Ao???G__CG???@A_GC???IG_?_???EOG_?????i_??O???o@?CC????K?P?C????F?`???????OT_????A?@?HO?????_HGG?????BA?OG????A?DO@?????,[(29-44)-(28-59)-(27-56)-(26-43)-(25-47)-(24-40)-(23-31)-(22-45)-(21-46)-(20-54)-(19-42)-(18-30)-(17-41)-(16-55)-(15-53)-(14-57)-(13-58)-(12-38)-(11-39)-(10-37)-(9-35)-(8-34)-(7-51)-(6-50)-(5-48)-(4-49)-(3-32)-(2-33)-(1-52)-(0-36)],0.00026798248291015625,0.051100969314575195,4,True,4
{?????????????????????????????????????????????????????????????????????????O_CDAc?_G?OKE??ICO?A?@?SCO?APAA?w?_?_?@AA?D??@OBG?@AH_???_??P`???_CD_?A?GAGO????IJ???A@_?c??a?KA????A_Ao???G__CG???@A_GC???IG_?_???EOG_?????i_??O???o@?CC????K?P?C????F?`???????OT_????A?@?HO?????_HGG?????BA?OG????A?DO@?????,[(29-44)-(28-42)-(27-56)-(26-41)-(25-47)-(24-30)-(23-31)-(22-45)-(21-46)-(20-54)-(19-40)-(18-59)-(17-43)-(16-55)-(15-53)-(14-57)-(13-58)-(12-38)-(11-39)-(10-37)-(9-35)-(8-34)-(7-51)-(6-50)-(5-48)-(4-49)-(3-32)-(2-33)-(1-52)-(0-36)],0.0002722740173339844,0.01280069351196289,2,True,2
{?????????????????????????????????????????????????????????????????????????O_CDAc?_G?OKE??ICO?A?@?SCO?APAA?w?_?_?@AA?D??@OBG?@AH_???_??P`???_CD_?A?GAGO????IJ???A@_?c??a?KA????A_Ao???G__CG???@A_GC???IG_?_???EOG_?????i_??O???o@?CC????K?P?C????F?`???????OT_????A?@?HO?????_HGG?????BA?OG????A?DO@?????,[(29-44)-(28-42)-(27-56)-(26-41)-(25-47)-(24-30)-(23-31)-(22-45)-(21-46)-(20-54)-(19-40)-(18-59)-(17-43)-(16-55)-(15-53)-(14-57)-(13-58)-(12-38)-(11-39)-(10-37)-(9-35)-(8-34)-(7-51)-(6-50)-(5-48)-(4-49)-(3-32)-(2-33)-(1-52)-(0-36)],0.0002689361572265625,0.0035266876220703125,0,True,0
{?????????????????????????????????????????????????????????????????????????O_CDAc?_G?OKE??ICO?A?@?SCO?APAA?w?_?_?@AA?D??@OBG?@AH_???_??P`???_CD_?A?GAGO????IJ???A@_?c??a?KA????A_Ao???G__CG???@A_GC???IG_?_???EOG_?????i_??O???o@?CC????K?P?C????F?`???????OT_????A?@?HO?????_HGG?????BA?OG????A?DO@?????,[(29-44)-(28-59)-(27-56)-(26-41)-(25-47)-(24-40)-(23-31)-(22-45)-(21-46)-(20-54)-(19-42)-(18-30)-(17-43)-(16-55)-(15-53)-(14-57)-(13-58)-(12-38)-(11-39)-(10-37)-(9-35)-(8-34)-(7-51)-(6-50)-(5-48)-(4-49)-(3-32)-(2-33)-(1-52)-(0-36)],0.00026869773864746094,0.0035409927368164062,0,True,0
{?????????????????????????????????????????????????????????????????????????O_CDAc?_G?OKE??ICO?A?@?SCO?APAA?w?_?_?@AA?D??@OBG?@AH_???_??P`???_CD_?A?GAGO????IJ???A@_?c??a?KA????A_Ao???G__CG???@A_GC???IG_?_???EOG_?????i_??O???o@?CC????K?P?C????F?`???????OT_????A?@?HO?????_HGG?????BA?OG????A?DO@?????,[(29-44)-(28-59)-(27-56)-(26-41)-(25-47)-(24-40)-(23-31)-(22-45)-(21-46)-(20-54)-(19-42)-(18-30)-(17-43)-(16-55)-(15-53)-(14-57)-(13-58)-(12-38)-(11-39)-(10-37)-(9-35)-(8-34)-(7-51)-(6-50)-(5-48)-(4-49)-(3-32)-(2-33)-(1-52)-(0-36)],0.0002682209014892578,0.012305021286010742,2,True,2
{?????????????????????????????????????????????????????????????????????????O_CDAc?_G?OKE??ICO?A?@?SCO?APAA?w?_?_?@AA?D??@OBG?@AH_???_??P`???_CD_?A?GAGO????IJ???A@_?c??a?KA????A_Ao???G__CG???@A_GC???IG_?_???EOG_?????i_??O???o@?CC????K?P?C????F?`???????OT_????A?@?HO?????_HGG?????BA?OG????A?DO@?????,[(29-44)-(28-42)-(27-56)-(26-43)-(25-47)-(24-30)-(23-31)-(22-45)-(21-46)-(20-54)-(19-40)-(18-55)-(17-41)-(16-59)-(15-53)-(14-57)-(13-58)-(12-38)-(11-39)-(10-37)-(9-35)-(8-34)-(7-51)-(6-50)-(5-48)-(4-49)-(3-32)-(2-33)-(1-52)-(0-36)],0.00026917457580566406,0.02428126335144043,4,True,4
{?????????????????????????????????????????????????????????????????????????O_CDAc?_G?OKE??ICO?A?@?SCO?APAA?w?_?_?@AA?D??@OBG?@AH_???_??P`???_CD_?A?GAGO????IJ???A@_?c??a?KA????A_Ao???G__CG???@A_GC???IG_?_???EOG_?????i_??O???o@?CC????K?P?C????F?`???????OT_????A?@?HO?????_HGG?????BA?OG????A?DO@?????,[(29-44)-(28-42)-(27-56)-(26-43)-(25-47)-(24-30)-(23-31)-(22-45)-(21-46)-(20-54)-(19-40)-(18-55)-(17-41)-(16-59)-(15-53)-(14-57)-(13-58)-(12-38)-(11-39)-(10-37)-(9-35)-(8-34)-(7-51)-(6-50)-(5-48)-(4-49)-(3-32)-(2-33)-(1-52)-(0-36)],0.0002682209014892578,0.012041807174682617,1,True,1
{?????????????????????????????????????????????????????????????????????????O_CDAc?_G?OKE??ICO?A?@?SCO?APAA?w?_?_?@AA?D??@OBG?@AH_???_??P`???_CD_?A?GAGO????IJ???A@_?c??a?KA????A_Ao???G__CG???@A_GC???IG_?_???EOG_?????i_??O???o@?CC????K?P?C????F?`???????OT_????A?@?HO?????_HGG?????BA?OG????A?DO@?????,[(29-44)-(28-42)-(27-56)-(26-30)-(25-47)-(24-40)-(23-31)-(22-45)-(21-46)-(20-54)-(19-43)-(18-55)-(17-41)-(16-59)-(15-53)-(14-57)-(13-58)-(12-38)-(11-39)-(10-37)-(9-35)-(8-34)-(7-51)-(6-50)-(5-48)-(4-49)-(3-32)-(2-33)-(1-52)-(0-36)],0.00026917457580566406,0.0076236724853515625,1,True,1
{?????????????????????????????????????????????????????????????????????????O_CDAc?_G?OKE??ICO?A?@?SCO?APAA?w?_?_?@AA?D??@OBG?@AH_???_??P`???_CD_?A?GAGO????IJ???A@_?c??a?KA????A_Ao???G__CG???@A_GC???IG_?_???EOG_?????i_??O???o@?CC????K?P?C????F?`???????OT_????A?@?HO?????_HGG?????BA?OG????A?DO@?????,[(29-44)-(28-42)-(27-56)-(26-30)-(25-47)-(24-40)-(23-31)-(22-45)-(21-46)-(20-54)-(19-43)-(18-55)-(17-41)-(16-59)-(15-53)-(14-57)-(13-58)-(12-38)-(11-39)-(10-37)-(9-35)-(8-34)-(7-51)-(6-50)-(5-48)-(4-49)-(3-32)-(2-33)-(1-52)-(0-36)],0.00026726722717285156,0.01761150360107422,3,True,3
{?????????????????????????????????????????????????????????????????????????O_CDAc?_G?OKE??ICO?A?@?SCO?APAA?w?_?_?@AA?D??@OBG?@AH_???_??P`???_CD_?A?GAGO????IJ???A@_?c??a?KA????A_Ao???G__CG???@A_GC???IG_?_???EOG_?????i_??O???o@?CC????K?P?C????F?`???????OT_????A?@?HO?????_HGG?????BA?OG????A?DO@?????,[(29-40)-(28-42)-(27-56)-(26-44)-(25-47)-(24-30)-(23-31)-(22-45)-(21-46)-(20-54)-(19-43)-(18-55)-(17-41)-(16-59)-(15-53)-(14-57)-(13-58)-(12-38)-(11-39)-(10-37)-(9-35)-(8-34)-(7-51)-(6-50)-(5-48)-(4-49)-(3-32)-(2-33)-(1-52)-(0-36)],0.000270843505859375,0.02387833595275879,4,True,4
{?????????????????????????????????????????????????????????????????????????O_CDAc?_G?OKE??ICO?A?@?SCO?APAA?w?_?_?@AA?D??@OBG?@AH_???_??P`???_CD_?A?GAGO????IJ???A@_?c??a?KA????A_Ao???G__CG???@A_GC???IG_?_???EOG_?????i_??O???o@?CC????K?P?C????F?`???????OT_????A?@?HO?????_HGG?????BA?OG????A?DO@?????,[(29-40)-(28-42)-(27-56)-(26-44)-(25-47)-(24-30)-(23-31)-(22-45)-(21-46)-(20-54)-(19-43)-(18-55)-(17-41)-(16-59)-(15-53)-(14-57)-(13-58)-(12-38)-(11-39)-(10-37)-(9-35)-(8-34)-(7-51)-(6-50)-(5-48)-(4-49)-(3-32)-(2-33)-(1-52)-(0-36)],0.0002677440643310547,0.01763606071472168,3,True,3
{?????????????????????????????????????????????????????????????????????????O_CDAc?_G?OKE??ICO?A?@?SCO?APAA?w?_?_?@AA?D??@OBG?@AH_???_??P`???_CD_?A?GAGO????IJ???A@_?c??a?KA????A_Ao???G__CG???@A_GC???IG_?_???EOG_?????i_??O???o@?CC????K?P?C????F?`???????OT_????A?@?HO?????_HGG?????BA?OG????A?DO@?????,[(29-44)-(28-42)-(27-56)-(26-43)-(25-47)-(24-40)-(23-31)-(22-45)-(21-55)-(20-54)-(19-46)-(18-30)-(17-41)-(16-59)-(15-53)-(14-57)-(13-58)-(12-38)-(11-39)-(10-37)-(9-35)-(8-34)-(7-51)-(6-50)-(5-48)-(4-49)-(3-32)-(2-33)-(1-52)-(0-36)],0.0002732276916503906,0.007624387741088867,1,True,1
{?????????????????????????????????????????????????????????????????????????O_CDAc?_G?OKE??ICO?A?@?SCO?APAA?w?_?_?@AA?D??@OBG?@AH_???_??P`???_CD_?A?GAGO????IJ???A@_?c??a?KA????A_Ao???G__CG???@A_GC???IG_?_???EOG_?????i_??O???o@?CC????K?P?C????F?`???????OT_????A?@?HO?????_HGG?????BA?OG????A?DO@?????,[(29-44)-(28-42)-(27-56)-(26-43)-(25-47)-(24-40)-(23-31)-(22-45)-(21-55)-(20-54)-(19-46)-(18-30)-(17-41)-(16-59)-(15-53)-(14-57)-(13-58)-(12-38)-(11-39)-(10-37)-(9-35)-(8-34)-(7-51)-(6-50)-(5-48)-(4-49)-(3-32)-(2-33)-(1-52)-(0-36)],0.00026869773864746094,0.018979549407958984,3,True,3
{?????????????????????????????????????????????????????????????????????????@?TO@?i?@?I?oA?c?A_A?OPD??G?BH??@AG?a??GBOO?@SO??_C??I__?@@?`@??O@?IC?C?A___???G?RO???ICCO??GOG?a??@S??AO??A?Q?S?????_DH???Qg?C?????@APG????IAA?_????VO?????B___?????A?_@I?????IKG??????OO@C_????c?@C@????AA?P?_????Cq?C??????,[(29-40)-(28-45)-(27-58)-(26-31)-(25-46)-(24-47)-(23-44)-(22-43)-(21-42)-(20-59)-(19-39)-(18-30)-(17-57)-(16-35)-(15-50)-(14-36)-(13-41)-(12-48)-(11-55)-(10-34)-(9-54)-(8-37)-(7-52)-(6-38)-(5-51)-(4-32)-(3-56)-(2-53)-(1-49)-(0-33)],0.0002713203430175781,0.026243209838867188,4,True,4
{?????????????????????????????????????????????????????????????????????????@?TO@?i?@?I?oA?c?A_A?OPD??G?BH??@AG?a??GBOO?@SO??_C??I__?@@?`@??O@?IC?C?A___???G?RO???ICCO??GOG?a??@S??AO??A?Q?S?????_DH???Qg?C?????@APG????IAA?_????VO?????B___?????A?_@I?????IKG??????OO@C_????c?@C@????AA?P?_????Cq?C??????,[(29-40)-(28-45)-(27-58)-(26-31)-(25-46)-(24-47)-(23-44)-(22-43)-(21-42)-(20-59)-(19-39)-(18-30)-(17-57)-(16-35)-(15-50)-(14-36)-(13-41)-(12-48)-(11-55)-(10-34)-(9-54)-(8-37)-(7-52)-(6-38)-(5-51)-(4-32)-(3-56)-(2-53)-(1-49)-(0-33)],0.000278472900390625,0.012576580047607422,2,True,2
{?????????????????????????????????????????????????????????????????????????@?TO@?i?@?I?oA?c?A_A?OPD??G?BH??@AG?a??GBOO?@SO??_C??I__?@@?`@??O@?IC?C?A___???G?RO???ICCO??GOG?a??@S??AO??A?Q?S?????_DH???Qg?C?????@APG????IAA?_????VO?????B___?????A?_@I?????IKG??????OO@C_????c?@C@????AA?P?_????Cq?C??????,[(29-57)-(28-45)-(27-58)-(26-31)-(25-46)-(24-47)-(23-40)-(22-43)-(21-42)-(20-59)-(19-39)-(18-30)-(17-44)-(16-35)-(15-50)-(14-36)-(13-41)-(12-48)-(11-55)-(10-34)-(9-54)-(8-37)-(7-52)-(6-38)-(5-51)-(4-32)-(3-56)-(2-53)-(1-49)-(0-33)],0.000278472900390625,0.019040346145629883,3,True,3
{?????????????????????????????????????????????????????????????????????????@?TO@?i?@?I?oA?c?A_A?OPD??G?BH??@AG?a??GBOO?@SO??_C??I__?@@?`@??O@?IC?C?A___???G?RO???ICCO??GOG?a??@S??AO??A?Q?S?????_DH???Qg?C?????@APG????IAA?_????VO?????B___?????A?_@I?????IKG??????OO@C_????c?@C@????AA?P?_????Cq?C??????,[(29-57)-(28-45)-(27-58)-(26-31)-(25-46)-(24-47)-(23-40)-(22-43)-(21-42)-(20-59)-(19-39)-(18-30)-(17-44)-(16-35)-(15-50)-(14-36)-(13-41)-(12-48)-(11-55)-(10-34)-(9-54)-(8-37)-(7-52)-(6-38)-(5-51)-(4-32)-(3-56)-(2-53)-(1-49)-(0-33)],0.0002696514129638672,0.007526874542236328,1,True,1
{?????????????????????????????????????????????????????????????????????????@?TO@?i?@?I?oA?c?A_A?OPD??G?BH??@AG?a??GBOO?@SO??_C??I__?@@?`@??O@?IC?C?A___???G?RO???ICCO??GOG?a??@S??AO??A?Q?S?????_DH???Qg?C?????@APG????IAA?_????VO?????B___?????A?_@I?????IKG??????OO@C_????c?@C@????AA?P?_????Cq?C??????,[(29-40)-(28-45)-(27-42)-(26-31)-(25-46)-(24-47)-(23-44)-(22-43)-(21-57)-(20-59)-(19-35)-(18-30)-(17-39)-(16-58)-(15-50)-(14-36)-(13-41)-(12-48)-(11-55)-(10-34)-(9-54)-(8-37)-(7-52)-(6-38)-(5-51)-(4-32)-(3-56)-(2-53)-(1-49)-(0-33)],0.00026917457580566406,0.04699897766113281,7,True,7
{?????????????????????????????????????????????????????????????????????????@?TO@?i?@?I?oA?c?A_A?OPD??G?BH??@AG?a??GBOO?@SO??_C??I__?@@?`@??O@?IC?C?A___???G?RO???ICCO??GOG?a??@S??AO??A?Q?S?????_DH???Qg?C?????@APG????IAA?_????VO?????B___?????A?_@I?????IKG??????OO@C_????c?@C@????AA?P?_????Cq?C??????,[(29-40)-(28-45)-(27-42)-(26-31)-(25-46)-(24-47)-(23-44)-(22-43)-(21-57)-(20-59)-(19-35)-(18-30)-(17-39)-(16-58)-(15-50)-(14-36)-(13-41)-(12-48)-(11-55)-(10-34)-(9-54)-(8-37)-(7-52)-(6-38)-(5-51)-(4-32)-(3-56)-(2-53)-(1-49)-(0-33)],0.00027370452880859375,0.02477240562438965,4,True,4
{?????????????????????????????????????????????????????????????????????????@?TO@?i?@?I?oA?c?A_A?OPD??G?BH??@AG?a??GBOO?@SO??_C??I__?@@?`@??O@?IC?C?A___???G?RO???ICCO??GOG?a??@S??AO??A?Q?S?????_DH???Qg?C?????@APG????IAA?_????VO?????B___?????A?_@I?????IKG??????OO@C_????c?@C@????AA?P?_????Cq?C??????,[(29-57)-(28-45)-(27-44)-(26-31)-(25-46)-(24-47)-(23-40)-(22-43)-(21-42)-(20-59)-(19-35)-(18-30)-(17-39)-(16-58)-(15-50)-(14-36)-(13-41)-(12-48)-(11-55)-(10-34)-(9-54)-(8-37)-(7-52)-(6-38)-(5-51)-(4-32)-(3-56)-(2-53)-(1-49)-(0-33)],0.00027298927307128906,0.007666349411010742,1,True,1
{?????????????????????????????????????????????????????????????????????????@?TO@?i?@?I?oA?c?A_A?OPD??G?BH??@AG?a??GBOO?@SO??_C??I__?@@?`@??O@?IC?C?A___???G?RO???ICCO??GOG?a??@S??AO??A?Q?S?????_DH???Qg?C?????@APG????IAA?_????VO?????B___?????A?_@I?????IKG??????OO@C_????c?@C@????AA?P?_????Cq?C??????,[(29-57)-(28-45)-(27-44)-(26-31)-(25-46)-(24-47)-(23-40)-(22-43)-(21-42)-(20-59)-(19-35)-(18-30)-(17-39)-(16-58)-(15-50)-(14-36)-(13-41)-(12-48)-(11-55)-(10-34)-(9-54)-(8-37)-(7-52)-(6-38)-(5-51)-(4-32)-(3-56)-(2-53)-(1-49)-(0-33)],0.0002701282501220703,0.038355112075805664,6,True,6
{?????????????????????????????????????????????????????????????????????????@?TO@?i?@?I?oA?c?A_A?OPD??G?BH??@AG?a??GBOO?@SO??_C??I__?@@?`@??O@?IC?C?A___???G?RO???ICCO??GOG?a??@S??AO??A?Q?S?????_DH???Qg?C?????@APG????IAA?_????VO?????B___?????A?_@I?????IKG??????OO@C_????c?@C@????AA?P?_????Cq?C??????,[(29-40)-(28-45)-(27-42)-(26-31)-(25-46)-(24-47)-(23-44)-(22-43)-(21-39)-(20-59)-(19-35)-(18-30)-(17-57)-(16-58)-(15-50)-(14-36)-(13-41)-(12-48)-(11-55)-(10-34)-(9-54)-(8-37)-(7-52)-(6-38)-(5-51)-(4-32)-(3-56)-(2-53)-(1-49)-(0-33)],0.0002701282501220703,0.017629623413085938,3,True,3
{?????????????????????????????????????????????????????????????????????????@?TO@?i?@?I?oA?c?A_A?OPD??G?BH??@AG?a??GBOO?@SO??_C??I__?@@?`@??O@?IC?C?A___???G?RO???ICCO??GOG?a??@S??AO??A?Q?S?????_DH???Qg?C?????@APG????IAA?_????VO?????B___?????A?_@I?????IKG??????OO@C_????c?@C@????AA?P?_????Cq?C??????,[(29-40)-(28-45)-(27-42)-(26-31)-(25-46)-(24-47)-(23-44)-(22-43)-(21-39)-(20-59)-(19-35)-(18-30)-(17-57)-(16-58)-(15-50)-(14-36)-(13-41)-(12-48)-(11-55)-(10-34)-(9-54)-(8-37)-(7-52)-(6-38)-(5-51)-(4-32)-(3-56)-(2-53)-(1-49)-(0-33)],0.0002684593200683594,0.02359294891357422,4,True,4
{?????????????????????????????????????????????????????????????????????????@?TO@?i?@?I?oA?c?A_A?OPD??G?BH??@AG?a??GBOO?@SO??_C??I__?@@?`@??O@?IC?C?A___???G?RO???ICCO??GOG?a??@S??AO??A?Q?S?????_DH???Qg?C?????@APG????IAA?_????VO?????B___?????A?_@I?????IKG??????OO@C_????c?@C@????AA?P?_????Cq?C??????,[(29-40)-(28-45)-(27-39)-(26-31)-(25-46)-(24-47)-(23-44)-(22-43)-(21-42)-(20-59)-(19-35)-(18-30)-(17-57)-(16-58)-(15-50)-(14-36)-(13-41)-(12-48)-(11-55)-(10-34)-(9-54)-(8-37)-(7-52)-(6-38)-(5-51)-(4-32)-(3-56)-(2-53)-(1-49)-(0-33)],0.0002696514129638672,0.01263737678527832,2,True,2
{?????????????????????????????????????????????????????????????????????????@?TO@?i?@?I?oA?c?A_A?OPD??G?BH??@AG?a??GBOO?@SO??_C??I__?@@?`@??O@?IC?C?A___???G?RO???ICCO??GOG?a??@S??AO??A?Q?S?????_DH???Qg?C?????@APG????IAA?_????VO?????B___?????A?_@I?????IKG??????OO@C_????c?@C@????AA?P?_????Cq?C??????,[(29-40)-(28-45)-(27-39)-(26-31)-(25-46)-(24-47)-(23-44)-(22-43)-(21-42)-(20-59)-(19-35)-(18-30)-(17-57)-(16-58)-(15-50)-(14-36)-(13-41)-(12-48)-(11-55)-(10-34)-(9-54)-(8-37)-(7-52)-(6-38)-(5-51)-(4-32)-(3-56)-(2-53)-(1-49)-(0-33)],0.0002684593200683594,0.01768779754638672,3,True,3
{?????????????????????????????????????????????????????????????????????????@?TO@?i?@?I?oA?c?A_A?OPD??G?BH??@AG?a??GBOO?@SO??_C??I__?@@?`@??O@?IC?C?A___???G?RO???ICCO??GOG?a??@S??AO??A?Q?S?????_DH???Qg?C?????@APG????IAA?_????VO?????B___?????A?_@I?????IKG??????OO@C_????c?@C@????AA?P?_????Cq?C??????,[(29-57)-(28-45)-(27-42)-(26-31)-(25-46)-(24-47)-(23-40)-(22-43)-(21-39)-(20-59)-(19-35)-(18-30)-(17-44)-(16-58)-(15-50)-(14-36)-(13-41)-(12-48)-(11-55)-(10-34)-(9-54)-(8-37)-(7-52)-(6-38)-(5-51)-(4-32)-(3-56)-(2-53)-(1-49)-(0-33)],0.00026988983154296875,0.0035567283630371094,0,True,0
{?????????????????????????????????????????????????????????????????????????@?TO@?i?@?I?oA?c?A_A?OPD??G?BH??@AG?a??GBOO?@SO??_C??I__?@@?`@??O@?IC?C?A___???G?RO???ICCO??GOG?a??@S??AO??A?Q?S?????_DH???Qg?C?????@APG????IAA?_????VO?????B___?????A?_@I?????IKG??????OO@C_????c?@C@????AA?P?_????Cq?C??????,[(29-57)-(28-45)-(27-42)-(26-31)-(25-46)-(24-47)-(23-40)-(22-43)-(21-39)-(20-59)-(19-35)-(18-30)-(17-44)-(16-58)-(15-50)-(14-36)-(13-41)-(12-48)-(11-55)-(10-34)-(9-54)-(8-37)-(7-52)-(6-38)-(5-51)-(4-32)-(3-56)-(2-53)-(1-49)-(0-33)],0.0002675056457519531,0.018436670303344727,3,True,3
{?????????????????????????????????????????????????????????????????????????@?TO@?i?@?I?oA?c?A_A?OPD??G?BH??@AG?a??GBOO?@SO??_C??I__?@@?`@??O@?IC?C?A___???G?RO???ICCO??GOG?a??@S??AO??A?Q?S?????_DH???Qg?C?????@APG????IAA?_????VO?????B___?????A?_@I?????IKG??????OO@C_????c?@C@????AA?P?_????Cq?C??????,[(29-57)-(28-45)-(27-39)-(26-31)-(25-46)-(24-47)-(23-40)-(22-43)-(21-42)-(20-59)-(19-35)-(18-30)-(17-44)-(16-58)-(15-50)-(14-36)-(13-41)-(12-48)-(11-55)-(10-34)-(9-54)-(8-37)-(7-52)-(6-38)-(5-51)-(4-32)-(3-56)-(2-53)-(1-49)-(0-33)],0.0002694129943847656,0.03163456916809082,5,True,5
{?????????????????????????????????????????????????????????????????????????@?TO@?i?@?I?oA?c?A_A?OPD??G?BH??@AG?a??GBOO?@SO??_C??I__?@@?`@??O@?IC?C?A___???G?RO???ICCO??GOG?a??@S??AO??A?Q?S?????_DH???Qg?C?????@APG????IAA?_????VO?????B___?????A?_@I?????IKG??????OO@C_????c?@C@????AA?P?_????Cq?C??????,[(29-57)-(28-45)-(27-39)-(26-31)-(25-46)-(24-47)-(23-40)-(22-43)-(21-42)-(20-59)-(19-35)-(18-30)-(17-44)-(16-58)-(15-50)-(14-36)-(13-41)-(12-48)-(11-55)-(10-34)-(9-54)-(8-37)-(7-52)-(6-38)-(5-51)-(4-32)-(3-56)-(2-53)-(1-49)-(0-33)],0.0002682209014892578,0.03782916069030762,6,True,6
{?????????????????????????????????????????????????????????????????????????@?TO@?i?@?I?oA?c?A_A?OPD??G?BH??@AG?a??GBOO?@SO??_C??I__?@@?`@??O@?IC?C?A___???G?RO???ICCO??GOG?a??@S??AO??A?Q?S?????_DH???Qg?C?????@APG????IAA?_????VO?????B___?????A?_@I?????IKG??????OO@C_????c?@C@????AA?P?_????Cq?C??????,[(29-57)-(28-45)-(27-58)-(26-31)-(25-46)-(24-47)-(23-44)-(22-43)-(21-42)-(20-59)-(19-35)-(18-40)-(17-39)-(16-30)-(15-50)-(14-36)-(13-41)-(12-48)-(11-55)-(10-34)-(9-54)-(8-37)-(7-52)-(6-38)-(5-51)-(4-32)-(3-56)-(2-53)-(1-49)-(0-33)],0.0002720355987548828,0.01789236068725586,3,True,3
{?????????????????????????????????????????????????????????????????????????@?TO@?i?@?I?oA?c?A_A?OPD??G?BH??@AG?a??GBOO?@SO??_C??I__?@@?`@??O@?IC?C?A___???G?RO???ICCO??GOG?a??@S??AO??A?Q?S?????_DH???Qg?C?????@APG????IAA?_????VO?????B___?????A?_@I?????IKG??????OO@C_????c?@C@????AA?P?_????Cq?C??????,[(29-57)-(28-45)-(27-58)-(26-31)-(25-46)-(24-47)-(23-44)-(22-43)-(21-42)-(20-59)-(19-35)-(18-40)-(17-39)-(16-30)-(15-50)-(14-36)-(13-41)-(12-48)-(11-55)-(10-34)-(9-54)-(8-37)-(7-52)-(6-38)-(5-51)-(4-32)-(3-56)-(2-53)-(1-49)-(0-33)],0.0002682209014892578,0.012264728546142578,2,True,2
{?????????????????????????????????????????????????????????????????????????@?TO@?i?@?I?oA?c?A_A?OPD??G?BH??@AG?a??GBOO?@SO??_C??I__?@@?`@??O@?IC?C?A___???G?RO???ICCO??GOG?a??@S??AO??A?Q?S?????_DH???Qg?C?????@APG????IAA?_????VO?????B___?????A?_@I?????IKG??????OO@C_????c?@C@????AA?P?_????Cq?C??????,[(29-40)-(28-45)-(27-58)-(26-31)-(25-46)-(24-47)-(23-44)-(22-43)-(21-42)-(20-59)-(19-39)-(18-50)-(17-57)-(16-30)-(15-35)-(14-36)-(13-41)-(12-48)-(11-55)-(10-34)-(9-54)-(8-37)-(7-52)-(6-38)-(5-51)-(4-32)-(3-56)-(2-53)-(1-49)-(0-33)],0.0002684593200683594,0.018485307693481445,3,True,3
{?????????????????????????????????????????????????????????????????????????@?TO@?i?@?I?oA?c?A_A?OPD??G?BH??@AG?a??GBOO?@SO??_C??I__?@@?`@??O@?IC?C?A___???G?RO???ICCO??GOG?a??@S??AO??A?Q?S?????_DH???Qg?C?????@APG????IAA?_????VO?????B___?????A?_@I?????IKG??????OO@C_????c?@C@????AA?P?_????Cq?C??????,[(29-40)-(28-45)-(27-58)-(26-31)-(25-46)-(24-47)-(23-44)-(22-43)-(21-42)-(20-59)-(19-39)-(18-50)-(17-57)-(16-30)-(15-35)-(14-36)-(13-41)-(12-48)-(11-55)-(10-34)-(9-54)-(8-37)-(7-52)-(6-38)-(5-51)-(4-32)-(3-56)-(2-53)-(1-49)-(0-33)],0.0002694129943847656,0.012270927429199219,2,True,2
{????????????????????????????????????????????????????????????????????????A??P`?AOG@_q??`??o_D?@G?__GOW?CA??HI?C???_Ha??@@_B??@GE?G?A?__W??w@?O??C`GA???@_O_C??BIG?????G?O?F????@AX????A?BS???QoO?????@C?Oo????I`_????C??`AO???_D??P??????[GC???AGEC??????@C?[?????Ko_??????SAO?A?????G@EG???????Ep??????,[(29-45)-(28-57)-(27-31)-(26-46)-(25-51)-(24-43)-(23-55)-(22-59)-(21-47)-(20-30)-(19-42)-(18-58)-(17-38)-(16-53)-(15-34)-(14-56)-(13-54)-(12-37)-(11-39)-(10-44)-(9-52)-(8-36)-(7-50)-(6-33)-(5-49)-(4-40)-(3-41)-(2-32)-(1-48)-(0-35)],0.00026917457580566406,0.018082380294799805,3,True,3
{????????????????????????????????????????????????????????????????????????A??P`?AOG@_q??`??o_D?@G?__GOW?CA??HI?C???_Ha??@@_B??@GE?G?A?__W??w@?O??C`GA???@_O_C??BIG?????G?O?F????@AX????A?BS???QoO?????@C?Oo????I`_????C??`AO???_D??P??????[GC???AGEC??????@C?[?????Ko_??????SAO?A?????G@EG???????Ep??????,[(29-45)-(28-57)-(27-31)-(26-46)-(25-51)-(24-43)-(23-55)-(22-59)-(21-47)-(20-30)-(19-42)-(18-58)-(17-38)-(16-53)-(15-34)-(14-56)-(13-54)-(12-37)-(11-39)-(10-44)-(9-52)-(8-36)-(7-50)-(6-33)-(5-49)-(4-40)-(3-41)-(2-32)-(1-48)-(0-35)],0.00027251243591308594,0.012273311614990234,2,True,2
{????????????????????????????????????????????????????????????????????????A??P`?AOG@_q??`??o_D?@G?__GOW?CA??HI?C???_Ha??@@_B??@GE?G?A?__W??w@?O??C`GA???@_O_C??BIG?????G?O?F????@AX????A?BS???QoO?????@C?Oo????I`_????C??`AO???_D??P??????[GC???AGEC??????@C?[?????Ko_??????SAO?A?????G@EG???????Ep??????,[(29-45)-(28-57)-(27-31)-(26-46)-(25-51)-(24-43)-(23-58)-(22-55)-(21-47)-(20-30)-(19-42)-(18-59)-(17-38)-(16-53)-(15-34)-(14-56)-(13-54)-(12-37)-(11-39)-(10-44)-(9-52)-(8-36)-(7-50)-(6-33)-(5-49)-(4-40)-(3-41)-(2-32)-(1-48)-(0-35)],0.000270843505859375,0.02388453483581543,4,True,4
{????????????????????????????????????????????????????????????????????????A??P`?AOG@_q??`??o_D?@G?__GOW?CA??HI?C???_Ha??@@_B??@GE?G?A?__W??w@?O??C`GA???@_O_C??BIG?????G?O?F????@AX????A?BS???QoO?????@C?Oo????I`_????C??`AO???_D??P??????[GC???AGEC??????@C?[?????Ko_??????SAO?A?????G@EG???????Ep??????,[(29-45)-(28-57)-(27-31)-(26-46)-(25-51)-(24-43)-(23-58)-(22-55)-(21-47)-(20-30)-(19-42)-(18-59)-(17-38)-(16-53)-(15-34)-(14-56)-(13-54)-(12-37)-(11-39)-(10-44)-(9-52)-(8-36)-(7-50)-(6-33)-(5-49)-(4-40)-(3-41)-(2-32)-(1-48)-(0-35)],0.0002682209014892578,0.0076639652252197266,1,True,1
{????????????????????????????????????????????????????????????????????????A??P`?AOG@_q??`??o_D?@G?__GOW?CA??HI?C???_Ha??@@_B??@GE?G?A?__W??w@?O??C`GA???@_O_C??BIG?????G?O?F????@AX????A?BS???QoO?????@C?Oo????I`_????C??`AO???_D??P??????[GC???AGEC??????@C?[?????Ko_??????SAO?A?????G@EG???????Ep??????,[(29-45)-(28-57)-(27-38)-(26-31)-(25-51)-(24-43)-(23-46)-(22-55)-(21-47)-(20-30)-(19-42)-(18-58)-(17-59)-(16-53)-(15-34)-(14-56)-(13-54)-(12-37)-(11-39)-(10-44)-(9-52)-(8-36)-(7-50)-(6-33)-(5-49)-(4-40)-(3-41)-(2-32)-(1-48)-(0-35)],0.00027060508728027344,0.007585287094116211,1,True,1
{????????????????????????????????????????????????????????????????????????A??P`?AOG@_q??`??o_D?@G?__GOW?CA??HI?C???_Ha??@@_B??@GE?G?A?__W??w@?O??C`GA???@_O_C??BIG?????G?O?F????@AX????A?BS???QoO?????@C?Oo????I`_????C??`AO???_D??P??????[GC???AGEC??????@C?[?????Ko_??????SAO?A?????G@EG???????Ep??????,[(29-45)-(28-57)-(27-38)-(26-31)-(25-51)-(24-43)-(23-46)-(22-55)-(21-47)-(20-30)-(19-42)-(18-58)-(17-59)-(16-53)-(15-34)-(14-56)-(13-54)-(12-37)-(11-39)-(10-44)-(9-52)-(8-36)-(7-50)-(6-33)-(5-49)-(4-40)-(3-41)-(2-32)-(1-48)-(0-35)],0.00026869773864746094,0.03812980651855469,6,True,6
{????????????????????????????????????????????????????????????????????????A??P`?AOG@_q??`??o_D?@G?__GOW?CA??HI?C???_Ha??@@_B??@GE?G?A?__W??w@?O??C`GA???@_O_C??BIG?????G?O?F????@AX????A?BS???QoO?????@C?Oo????I`_????C??`AO???_D??P??????[GC???AGEC??????@C?[?????Ko_??????SAO?A?????G@EG???????Ep??????,[(29-45)-(28-57)-(27-38)-(26-31)-(25-51)-(24-43)-(23-55)-(22-46)-(21-47)-(20-30)-(19-42)-(18-58)-(17-59)-(16-53)-(15-34)-(14-56)-(13-54)-(12-37)-(11-39)-(10-44)-(9-52)-(8-36)-(7-50)-(6-33)-(5-49)-(4-40)-(3-41)-(2-32)-(1-48)-(0-35)],0.00026988983154296875,0.031610965728759766,5,True,5
{????????????????????????????????????????????????????????????????????????A??P`?AOG@_q??`??o_D?@G?__GOW?CA??HI?C???_Ha??@@_B??@GE?G?A?__W??w@?O??C`GA???@_O_C??BIG?????G?O?F????@AX????A?BS???QoO?????@C?Oo????I`_????C??`AO???_D??P??????[GC???AGEC??????@C?[?????Ko_??????SAO?A?????G@EG???????Ep??????,[(29-45)-(28-57)-(27-38)-(26-31)-(25-51)-(24-43)-(23-55)-(22-46)-(21-47)-(20-30)-(19-42)-(18-58)-(17-59)-(16-53)-(15-34)-(14-56)-(13-54)-(12-37)-(11-39)-(10-44)-(9-52)-(8-36)-(7-50)-(6-33)-(5-49)-(4-40)-(3-41)-(2-32)-(1-48)-(0-35)],0.0002703666687011719,0.012533903121948242,2,True,2
{????????????????????????????????????????????????????????????????????????A??P`?AOG@_q??`??o_D?@G?__GOW?CA??HI?C???_Ha??@@_B??@GE?G?A?__W??w@?O??C`GA???@_O_C??BIG?????G?O?F????@AX????A?BS???QoO?????@C?Oo????I`_????C??`AO???_D??P??????[GC???AGEC??????@C?[?????Ko_??????SAO?A?????G@EG???????Ep??????,[(29-45)-(28-57)-(27-38)-(26-46)-(25-51)-(24-43)-(23-55)-(22-59)-(21-47)-(20-30)-(19-42)-(18-58)-(17-31)-(16-53)-(15-34)-(14-56)-(13-54)-(12-37)-(11-39)-(10-44)-(9-52)-(8-36)-(7-50)-(6-33)-(5-49)-(4-40)-(3-41)-(2-32)-(1-48)-(0-35)],0.0002696514129638672,0.012303590774536133,2,True,2
{????????????????????????????????????????????????????????????????????????A??P`?AOG@_q??`??o_D?@G?__GOW?CA??HI?C???_Ha??@@_B??@GE?G?A?__W??w@?O??C`GA???@_O_C??BIG?????G?O?F????@AX????A?BS???QoO?????@C?Oo????I`_????C??`AO???_D??P??????[GC???AGEC??????@C?[?????Ko_??????SAO?A?????G@EG???????Ep??????,[(29-45)-(28-57)-(27-38)-(26-46)-(25-51)-(24-43)-(23-55)-(22-59)-(21-47)-(20-30)-(19-42)-(18-58)-(17-31)-(16-53)-(15-34)-(14-56)-(13-54)-(12-37)-(11-39)-(10-44)-(9-52)-(8-36)-(7-50)-(6-33)-(5-49)-(4-40)-(3-41)-(2-32)-(1-48)-(0-35)],0.0002689361572265625,0.0178377628326416,3,True,3
{????????????????????????????????????????????????????????????????????????A??P`?AOG@_q??`??o_D?@G?__GOW?CA??HI?C???_Ha??@@_B??@GE?G?A?__W??w@?O??C`GA???@_O_C??BIG?????G?O?F????@AX????A?BS???QoO?????@C?Oo????I`_????C??`AO???_D??P??????[GC???AGEC??????@C?[?????Ko_??????SAO?A?????G@EG???????Ep??????,[(29-45)-(28-57)-(27-38)-(26-46)-(25-51)-(24-43)-(23-58)-(22-55)-(21-47)-(20-30)-(19-42)-(18-59)-(17-31)-(16-53)-(15-34)-(14-56)-(13-54)-(12-37)-(11-39)-(10-44)-(9-52)-(8-36)-(7-50)-(6-33)-(5-49)-(4-40)-(3-41)-(2-32)-(1-48)-(0-35)],0.0002734661102294922,0.024572134017944336,4,True,4
{????????????????????????????????????????????????????????????????????????A??P`?AOG@_q??`??o_D?@G?__GOW?CA??HI?C???_Ha??@@_B??@GE?G?A?__W??w@?O??C`GA???@_O_C??BIG?????G?O?F????@AX????A?BS???QoO?????@C?Oo????I`_????C??`AO???_D??P??????[GC???AGEC??????@C?[?????Ko_??????SAO?A?????G@EG???????Ep??????,[(29-45)-(28-57)-(27-38)-(26-46)-(25-51)-(24-43)-(23-58)-(22-55)-(21-47)-(20-30)-(19-42)-(18-59)-(17-31)-(16-53)-(15-34)-(14-56)-(13-54)-(12-37)-(11-39)-(10-44)-(9-52)-(8-36)-(7-50)-(6-33)-(5-49)-(4-40)-(3-41)-(2-32)-(1-48)-(0-35)],0.00027179718017578125,0.01782512664794922,3,True,3
{????????????????????????????????????????????????????????????????????????A??P`?AOG@_q??`??o_D?@G?__GOW?CA??HI?C???_Ha??@@_B??@GE?G?A?__W??w@?O??C`GA???@_O_C??BIG?????G?O?F????@AX????A?BS???QoO?????@C?Oo????I`_????C??`AO???_D??P??????[GC???AGEC??????@C?[?????Ko_??????SAO?A?????G@EG???????Ep??????,[(29-45)-(28-57)-(27-31)-(26-46)-(25-51)-(24-43)-(23-55)-(22-59)-(21-47)-(20-30)-(19-42)-(18-58)-(17-53)-(16-38)-(15-34)-(14-56)-(13-54)-(12-37)-(11-39)-(10-44)-(9-52)-(8-36)-(7-50)-(6-33)-(5-49)-(4-40)-(3-41)-(2-32)-(1-48)-(0-35)],0.0002713203430175781,0.01783466339111328,3,True,3
{????????????????????????????????????????????????????????????????????????A??P`?AOG@_q??`??o_D?@G?__GOW?CA??HI?C???_Ha??@@_B??@GE?G?A?__W??w@?O??C`GA???@_O_C??BIG?????G?O?F????@AX????A?BS???QoO?????@C?Oo????I`_????C??`AO???_D??P??????[GC???AGEC??????@C?[?????Ko_??????SAO?A?????G@EG???????Ep??????,[(29-45)-(28-57)-(27-31)-(26-46)-(25-51)-(24-43)-(23-55)-(22-59)-(21-47)-(20-30)-(19-42)-(18-58)-(17-53)-(16-38)-(15-34)-(14-56)-(13-54)-(12-37)-(11-39)-(10-44)-(9-52)-(8-36)-(7-50)-(6-33)-(5-49)-(4-40)-(3-41)-(2-32)-(1-48)-(0-35)],0.00026869773864746094,0.01789379119873047,3,True,3
{????????????????????????????????????????????????????????????????????????A??P`?AOG@_q??`??o_D?@G?__GOW?CA??HI?C???_Ha??@@_B??@GE?G?A?__W??w@?O??C`GA???@_O_C??BIG?????G?O?F????@AX????A?BS???QoO?????@C?Oo????I`_????C??`AO???_D??P??????[GC???AGEC??????@C?[?????Ko_??????SAO?A?????G@EG???????Ep??????,[(29-45)-(28-57)-(27-31)-(26-46)-(25-51)-(24-43)-(23-58)-(22-55)-(21-47)-(20-30)-(19-42)-(18-59)-(17-53)-(16-38)-(15-34)-(14-56)-(13-54)-(12-37)-(11-39)-(10-44)-(9-52)-(8-36)-(7-50)-(6-33)-(5-49)-(4-40)-(3-41)-(2-32)-(1-48)-(0-35)],0.0002715587615966797,0.024298429489135742,4,True,4
{????????????????????????????????????????????????????????????????????????A??P`?AOG@_q??`??o_D?@G?__GOW?CA??HI?C???_Ha??@@_B??@GE?G?A?__W??w@?O??C`GA???@_O_C??BIG?????G?O?F????@AX????A?BS???QoO?????@C?Oo????I`_????C??`AO???_D??P??????[GC???AGEC??????@C?[?????Ko_??????SAO?A?????G@EG???????Ep??????,[(29-45)-(28-57)-(27-31)-(26-46)-(25-51)-(24-43)-(23-58)-(22-55)-(21-47)-(20-30)-(19-42)-(18-59)-(17-53)-(16-38)-(15-34)-(14-56)-(13-54)-(12-37)-(11-39)-(10-44)-(9-52)-(8-36)-(7-50)-(6-33)-(5-49)-(4-40)-(3-41)-(2-32)-(1-48)-(0-35)],0.00026917457580566406,0.012579679489135742,2,True,2
{????????????????????????????????????????????????????????????????????????A??P`?AOG@_q??`??o_D?@G?__GOW?CA??HI?C???_Ha??@@_B??@GE?G?A?__W??w@?O??C`GA???@_O_C??BIG?????G?O?F????@AX????A?BS???QoO?????@C?Oo????I`_????C??`AO???_D??P??????[GC???AGEC??????@C?[?????Ko_??????SAO?A?????G@EG???????Ep??????,[(29-45)-(28-57)-(27-31)-(26-46)-(25-51)-(24-43)-(23-55)-(22-53)-(21-47)-(20-30)-(19-42)-(18-58)-(17-59)-(16-38)-(15-34)-(14-56)-(13-54)-(12-37)-(11-39)-(10-44)-(9-52)-(8-36)-(7-50)-(6-33)-(5-49)-(4-40)-(3-41)-(2-32)-(1-48)-(0-35)],0.00026917457580566406,0.007896900177001953,1,True,1
{????????????????????????????????????????????????????????????????????????A??P`?AOG@_q??`??o_D?@G?__GOW?CA??HI?C???_Ha??@@_B??@GE?G?A?__W??w@?O??C`GA???@_O_C??BIG?????G?O?F????@AX????A?BS???QoO?????@C?Oo????I`_????C??`AO???_D??P??????[GC???AGEC??????@C?[?????Ko_??????SAO?A?????G@EG???????Ep??????,[(29-45)-(28-57)-(27-31)-(26-46)-(25-51)-(24-43)-(23-55)-(22-53)-(21-47)-(20-30)-(19-42)-(18-58)-(17-59)-(16-38)-(15-34)-(14-56)-(13-54)-(12-37)-(11-39)-(10-44)-(9-52)-(8-36)-(7-50)-(6-33)-(5-49)-(4-40)-(3-41)-(2-32)-(1-48)-(0-35)],0.00026869773864746094,0.018016815185546875,3,True,3
{????????????????????????????????????????????????????????????????????????A??P`?AOG@_q??`??o_D?@G?__GOW?CA??HI?C???_Ha??@@_B??@GE?G?A?__W??w@?O??C`GA???@_O_C??BIG?????G?O?F????@AX????A?BS???QoO?????@C?Oo????I`_????C??`AO???_D??P??????[GC???AGEC??????@C?[?????Ko_??????SAO?A?????G@EG???????Ep??????,[(29-53)-(28-57)-(27-45)-(26-31)-(25-51)-(24-43)-(23-46)-(22-55)-(21-47)-(20-30)-(19-42)-(18-58)-(17-59)-(16-38)-(15-34)-(14-56)-(13-54)-(12-37)-(11-39)-(10-44)-(9-52)-(8-36)-(7-50)-(6-33)-(5-49)-(4-40)-(3-41)-(2-32)-(1-48)-(0-35)],0.00026917457580566406,0.012670755386352539,2,True,2
{????????????????????????????????????????????????????????????????????????A??P`?AOG@_q??`??o_D?@G?__GOW?CA??HI?C???_Ha??@@_B??@GE?G?A?__W??w@?O??C`GA???@_O_C??BIG?????G?O?F????@AX????A?BS???QoO?????@C?Oo????I`_????C??`AO???_D??P??????[GC???AGEC??????@C?[?????Ko_??????SAO?A?????G@EG???????Ep??????,[(29-53)-(28-57)-(27-45)-(26-31)-(25-51)-(24-43)-(23-46)-(22-55)-(21-47)-(20-30)-(19-42)-(18-58)-(17-59)-(16-38)-(15-34)-(14-56)-(13-54)-(12-37)-(11-39)-(10-44)-(9-52)-(8-36)-(7-50)-(6-33)-(5-49)-(4-40)-(3-41)-(2-32)-(1-48)-(0-35)],0.00026798248291015625,0.012459278106689453,2,True,2
{????????????????????????????????????????????????????????????????????????D?CS?C?Ge?@F??A?Ia??O?WOCA?G@A?D?A?o?P??C_S@???IIA??@?@H_???_KE??O@HA????OKD??C?IGA???@OGc???[?C_???@@??WG???QC@?_??O_?Aa????LGC????OUO?????CO@_?O???F?I??????O@?Gc????iG??_????A?Hc??????C@c_????H?I?C?????@OGQ?????GG?_`?????,[(29-47)-(28-59)-(27-57)-(26-39)-(25-43)-(24-41)-(23-46)-(22-58)-(21-40)-(20-44)-(19-31)-(18-45)-(17-42)-(16-30)-(15-38)-(14-51)-(13-53)-(12-36)-(11-56)-(10-35)-(9-37)-(8-49)-(7-55)-(6-48)-(5-54)-(4-34)-(3-52)-(2-33)-(1-32)-(0-50)],0.0002715587615966797,0.014167547225952148,2,True,2
{????????????????????????????????????????????????????????????????????????D?CS?C?Ge?@F??A?Ia??O?WOCA?G@A?D?A?o?P??C_S@???IIA??@?@H_???_KE??O@HA????OKD??C?IGA???@OGc???[?C_???@@??WG???QC@?_??O_?Aa????LGC????OUO?????CO@_?O???F?I??????O@?Gc????iG??_????A?Hc??????C@c_????H?I?C?????@OGQ?????GG?_`?????,[(29-47)-(28-59)-(27-57)-(26-39)-(25-43)-(24-41)-(23-46)-(22-58)-(21-40)-(20-44)-(19-31)-(18-45)-(17-42)-(16-30)-(15-38)-(14-51)-(13-53)-(12-36)-(11-56)-(10-35)-(9-37)-(8-49)-(7-55)-(6-48)-(5-54)-(4-34)-(3-52)-(2-33)-(1-32)-(0-50)],0.0002753734588623047,0.007812023162841797,1,True,1
{????????????????????????????????????????????????????????????????????????D?CS?C?Ge?@F??A?Ia??O?WOCA?G@A?D?A?o?P??C_S@???IIA??@?@H_???_KE??O@HA????OKD??C?IGA???@OGc???[?C_???@@??WG???QC@?_??O_?Aa????LGC????OUO?????CO@_?O???F?I??????O@?Gc????iG??_????A?Hc??????C@c_????H?I?C?????@OGQ?????GG?_`?????,[(29-47)-(28-59)-(27-57)-(26-42)-(25-43)-(24-41)-(23-44)-(22-46)-(21-40)-(20-39)-(19-31)-(18-45)-(17-58)-(16-30)-(15-38)-(14-51)-(13-53)-(12-36)-(11-56)-(10-35)-(9-37)-(8-49)-(7-55)-(6-48)-(5-54)-(4-34)-(3-52)-(2-33)-(1-32)-(0-50)],0.00027179718017578125,0.017884016036987305,3,True,3
{????????????????????????????????????????????????????????????????????????D?CS?C?Ge?@F??A?Ia??O?WOCA?G@A?D?A?o?P??C_S@???IIA??@?@H_???_KE??O@HA????OKD??C?IGA???@OGc???[?C_???@@??WG???QC@?_??O_?Aa????LGC????OUO?????CO@_?O???F?I??????O@?Gc????iG??_????A?Hc??????C@c_????H?I?C?????@OGQ?????GG?_`?????,[(29-47)-(28-59)-(27-57)-(26-42)-(25-43)-(24-41)-(23-44)-(22-46)-(21-40)-(20-39)-(19-31)-(18-45)-(17-58)-(16-30)-(15-38)-(14-51)-(13-53)-(12-36)-(11-56)-(10-35)-(9-37)-(8-49)-(7-55)-(6-48)-(5-54)-(4-34)-(3-52)-(2-33)-(1-32)-(0-50)],0.0002694129943847656,0.017908573150634766,3,True,3
{????????????????????????????????????????????????????????????????????????D?CS?C?Ge?@F??A?Ia??O?WOCA?G@A?D?A?o?P??C_S@???IIA??@?@H_???_KE??O@HA????OKD??C?IGA???@OGc???[?C_???@@??WG???QC@?_??O_?Aa????LGC????OUO?????CO@_?O???F?I??????O@?Gc????iG??_????A?Hc??????C@c_????H?I?C?????@OGQ?????GG?_`?????,[(29-46)-(28-59)-(27-57)-(26-42)-(25-43)-(24-41)-(23-44)-(22-47)-(21-40)-(20-39)-(19-31)-(18-45)-(17-58)-(16-30)-(15-38)-(14-51)-(13-53)-(12-36)-(11-56)-(10-35)-(9-37)-(8-49)-(7-55)-(6-48)-(5-54)-(4-34)-(3-52)-(2-33)-(1-32)-(0-50)],0.00026988983154296875,0.017949342727661133,3,True,3
{????????????????????????????????????????????????????????????????????????D?CS?C?Ge?@F??A?Ia??O?WOCA?G@A?D?A?o?P??C_S@???IIA??@?@H_???_KE??O@HA????OKD??C?IGA???@OGc???[?C_???@@??WG???QC@?_??O_?Aa????LGC????OUO?????CO@_?O???F?I??????O@?Gc????iG??_????A?Hc??????C@c_????H?I?C?????@OGQ?????GG?_`?????,[(29-46)-(28-59)-(27-57)-(26-42)-(25-43)-(24-41)-(23-44)-(22-47)-(21-40)-(20-39)-(19-31)-(18-45)-(17-58)-(16-30)-(15-38)-(14-51)-(13-53)-(12-36)-(11-56)-(10-35)-(9-37)-(8-49)-(7-55)-(6-48)-(5-54)-(4-34)-(3-52)-(2-33)-(1-32)-(0-50)],0.00026988983154296875,0.0075724124908447266,1,True,1
{????????????????????????????????????????????????????????????????????????D?CS?C?Ge?@F??A?Ia??O?WOCA?G@A?D?A?o?P??C_S@???IIA??@?@H_???_KE??O@HA????OKD??C?IGA???@OGc???[?C_???@@??WG???QC@?_??O_?Aa????LGC????OUO?????CO@_?O???F?I??????O@?Gc????iG??_????A?Hc??????C@c_????H?I?C?????@OGQ?????GG?_`?????,[(29-47)-(28-59)-(27-57)-(26-42)-(25-43)-(24-41)-(23-39)-(22-46)-(21-40)-(20-44)-(19-31)-(18-45)-(17-58)-(16-30)-(15-38)-(14-51)-(13-53)-(12-36)-(11-56)-(10-35)-(9-37)-(8-49)-(7-55)-(6-48)-(5-54)-(4-34)-(3-52)-(2-33)-(1-32)-(0-50)],0.00026917457580566406,0.007622718811035156,1,True,1
{????????????????????????????????????????????????????????????????????????D?CS?C?Ge?@F??A?Ia??O?WOCA?G@A?D?A?o?P??C_S@???IIA??@?@H_???_KE??O@HA????OKD??C?IGA???@OGc???[?C_???@@??WG???QC@?_??O_?Aa????LGC????OUO?????CO@_?O???F?I??????O@?Gc????iG??_????A?Hc??????C@c_????H?I?C?????@OGQ?????GG?_`?????,[(29-47)-(28-59)-(27-57)-(26-42)-(25-43)-(24-41)-(23-39)-(22-46)-(21-40)-(20-44)-(19-31)-(18-45)-(17-58)-(16-30)-(15-38)-(14-51)-(13-53)-(12-36)-(11-56)-(10-35)-(9-37)-(8-49)-(7-55)-(6-48)-(5-54)-(4-34)-(3-52)-(2-33)-(1-32)-(0-50)],0.000270843505859375,0.012271404266357422,2,True,2
{????????????????????????????????????????????????????????????????????????D?CS?C?Ge?@F??A?Ia??O?WOCA?G@A?D?A?o?P??C_S@???IIA??@?@H_???_KE??O@HA????OKD??C?IGA???@OGc???[?C_???@@??WG???QC@?_??O_?Aa????LGC????OUO?????CO@_?O???F?I??????O@?Gc????iG??_????A?Hc??????C@c_????H?I?C?????@OGQ?????GG?_`?????,[(29-46)-(28-59)-(27-57)-(26-42)-(25-43)-(24-41)-(23-39)-(22-47)-(21-40)-(20-44)-(19-31)-(18-45)-(17-58)-(16-30)-(15-38)-(14-51)-(13-53)-(12-36)-(11-56)-(10-35)-(9-37)-(8-49)-(7-55)-(6-48)-(5-54)-(4-34)-(3-52)-(2-33)-(1-32)-(0-50)],0.00026988983154296875,0.007623910903930664,1,True,1
{????????????????????????????????????????????????????????????????????????D?CS?C?Ge?@F??A?Ia??O?WOCA?G@A?D?A?o?P??C_S@???IIA??@?@H_???_KE??O@HA????OKD??C?IGA???@OGc???[?C_???@@??WG???QC@?_??O_?Aa????LGC????OUO?????CO@_?O???F?I??????O@?Gc????iG??_????A?Hc??????C@c_????H?I?C?????@OGQ?????GG?_`?????,[(29-46)-(28-59)-(27-57)-(26-42)-(25-43)-(24-41)-(23-39)-(22-47)-(21-40)-(20-44)-(19-31)-(18-45)-(17-58)-(16-30)-(15-38)-(14-51)-(13-53)-(12-36)-(11-56)-(10-35)-(9-37)-(8-49)-(7-55)-(6-48)-(5-54)-(4-34)-(3-52)-(2-33)-(1-32)-(0-50)],0.0002703666687011719,0.012433528900146484,2,True,2
{????????????????????????????????????????????????????????????????????????D?CS?C?Ge?@F??A?Ia??O?WOCA?G@A?D?A?o?P??C_S@???IIA??@?@H_???_KE??O@HA????OKD??C?IGA???@OGc???[?C_???@@??WG???QC@?_??O_?Aa????LGC????OUO?????CO@_?O???F?I??????O@?Gc????iG??_????A?Hc??????C@c_????H?I?C?????@OGQ?????GG?_`?????,[(29-47)-(28-59)-(27-57)-(26-42)-(25-58)-(24-41)-(23-44)-(22-46)-(21-40)-(20-39)-(19-31)-(18-45)-(17-43)-(16-30)-(15-38)-(14-51)-(13-53)-(12-36)-(11-56)-(10-35)-(9-37)-(8-49)-(7-55)-(6-48)-(5-54)-(4-34)-(3-52)-(2-33)-(1-32)-(0-50)],0.00026869773864746094,0.012339591979980469,2,True,2
{????????????????????????????????????????????????????????????????????????D?CS?C?Ge?@F??A?Ia??O?WOCA?G@A?D?A?o?P??C_S@???IIA??@?@H_???_KE??O@HA????OKD??C?IGA???@OGc???[?C_???@@??WG???QC@?_??O_?Aa????LGC????OUO?????CO@_?O???F?I??????O@?Gc????iG??_????A?Hc??????C@c_????H?I?C?????@OGQ?????GG?_`?????,[(29-47)-(28-59)-(27-57)-(26-42)-(25-58)-(24-41)-(23-44)-(22-46)-(21-40)-(20-39)-(19-31)-(18-45)-(17-43)-(16-30)-(15-38)-(14-51)-(13-53)-(12-36)-(11-56)-(10-35)-(9-37)-(8-49)-(7-55)-(6-48)-(5-54)-(4-34)-(3-52)-(2-33)-(1-32)-(0-50)],0.00027108192443847656,0.007600307464599609,1,True,1
{????????????????????????????????????????????????????????????????????????D?CS?C?Ge?@F??A?Ia??O?WOCA?G@A?D?A?o?P??C_S@???IIA??@?@H_???_KE??O@HA????OKD??C?IGA???@OGc???[?C_???@@??WG???QC@?_??O_?Aa????LGC????OUO?????CO@_?O???F?I??????O@?Gc????iG??_????A?Hc??????C@c_????H?I?C?????@OGQ?????GG?_`?????,[(29-46)-(28-59)-(27-57)-(26-42)-(25-58)-(24-41)-(23-44)-(22-47)-(21-40)-(20-39)-(19-31)-(18-45)-(17-43)-(16-30)-(15-38)-(14-51)-(13-53)-(12-36)-(11-56)-(10-35)-(9-37)-(8-49)-(7-55)-(6-48)-(5-54)-(4-34)-(3-52)-(2-33)-(1-32)-(0-50)],0.00027108192443847656,0.012432575225830078,2,True,2
{????????????????????????????????????????????????????????????????????????D?CS?C?Ge?@F??A?Ia??O?WOCA?G@A?D?A?o?P??C_S@???IIA??@?@H_???_KE??O@HA????OKD??C?IGA???@OGc???[?C_???@@??WG???QC@?_??O_?Aa????LGC????OUO?????CO@_?O???F?I??????O@?Gc????iG??_????A?Hc??????C@c_????H?I?C?????@OGQ?????GG?_`?????,[(29-46)-(28-59)-(27-57)-(26-42)-(25-58)-(24-41)-(23-44)-(22-47)-(21-40)-(20-39)-(19-31)-(18-45)-(17-43)-(16-30)-(15-38)-(14-51)-(13-53)-(12-36)-(11-56)-(10-35)-(9-37)-(8-49)-(7-55)-(6-48)-(5-54)-(4-34)-(3-52)-(2-33)-(1-32)-(0-50)],0.0002689361572265625,0.007639169692993164,1,True,1
{????????????????????????????????????????????????????????????????????????D?CS?C?Ge?@F??A?Ia??O?WOCA?G@A?D?A?o?P??C_S@???IIA??@?@H_???_KE??O@HA????OKD??C?IGA???@OGc???[?C_???@@??WG???QC@?_??O_?Aa????LGC????OUO?????CO@_?O???F?I??????O@?Gc????iG??_????A?Hc??????C@c_????H?I?C?????@OGQ?????GG?_`?????,[(29-47)-(28-59)-(27-57)-(26-42)-(25-58)-(24-41)-(23-39)-(22-46)-(21-40)-(20-44)-(19-31)-(18-45)-(17-43)-(16-30)-(15-38)-(14-51)-(13-53)-(12-36)-(11-56)-(10-35)-(9-37)-(8-49)-(7-55)-(6-48)-(5-54)-(4-34)-(3-52)-(2-33)-(1-32)-(0-50)],0.000270843505859375,0.007623195648193359,1,True,1
{????????????????????????????????????????????????????????????????????????D?CS?C?Ge?@F??A?Ia??O?WOCA?G@A?D?A?o?P??C_S@???IIA??@?@H_???_KE??O@HA????OKD??C?IGA???@OGc???[?C_???@@??WG???QC@?_??O_?Aa????LGC????OUO?????CO@_?O???F?I??????O@?Gc????iG??_????A?Hc??????C@c_????H?I?C?????@OGQ?????GG?_`?????,[(29-47)-(28-59)-(27-57)-(26-42)-(25-58)-(24-41)-(23-39)-(22-46)-(21-40)-(20-44)-(19-31)-(18-45)-(17-43)-(16-30)-(15-38)-(14-51)-(13-53)-(12-36)-(11-56)-(10-35)-(9-37)-(8-49)-(7-55)-(6-48)-(5-54)-(4-34)-(3-52)-(2-33)-(1-32)-(0-50)],0.00026917457580566406,0.012504339218139648,2,True,2
{????????????????????????????????????????????????????????????????????????D?CS?C?Ge?@F??A?Ia??O?WOCA?G@A?D?A?o?P??C_S@???IIA??@?@H_???_KE??O@HA????OKD??C?IGA???@OGc???[?C_???@@??WG???QC@?_??O_?Aa????LGC????OUO?????CO@_?O???F?I??????O@?Gc????iG??_????A?Hc??????C@c_????H?I?C?????@OGQ?????GG?_`?????,[(29-46)-(28-59)-(27-57)-(26-42)-(25-58)-(24-41)-(23-39)-(22-47)-(21-40)-(20-44)-(19-31)-(18-45)-(17-43)-(16-30)-(15-38)-(14-51)-(13-53)-(12-36)-(11-56)-(10-35)-(9-37)-(8-49)-(7-55)-(6-48)-(5-54)-(4-34)-(3-52)-(2-33)-(1-32)-(0-50)],0.0002715587615966797,0.007624387741088867,1,True,1
{????????????????????????????????????????????????????????????????????????D?CS?C?Ge?@F??A?Ia??O?WOCA?G@A?D?A?o?P??C_S@???IIA??@?@H_???_KE??O@HA????OKD??C?IGA???@OGc???[?C_???@@??WG???QC@?_??O_?Aa????LGC????OUO?????CO@_?O???F?I??????O@?Gc????iG??_????A?Hc??????C@c_????H?I?C?????@OGQ?????GG?_`?????,[(29-46)-(28-59)-(27-57)-(26-42)-(25-58)-(24-41)-(23-39)-(22-47)-(21-40)-(20-44)-(19-31)-(18-45)-(17-43)-(16-30)-(15-38)-(14-51)-(13-53)-(12-36)-(11-56)-(10-35)-(9-37)-(8-49)-(7-55)-(6-48)-(5-54)-(4-34)-(3-52)-(2-33)-(1-32)-(0-50)],0.0002703666687011719,0.01244664192199707,2,True,2
{????????????????????????????????????????????????????????????????????????D?CS?C?Ge?@F??A?Ia??O?WOCA?G@A?D?A?o?P??C_S@???IIA??@?@H_???_KE??O@HA????OKD??C?IGA???@OGc???[?C_???@@??WG???QC@?_??O_?Aa????LGC????OUO?????CO@_?O???F?I??????O@?Gc????iG??_????A?Hc??????C@c_????H?I?C?????@OGQ?????GG?_`?????,[(29-47)-(28-59)-(27-57)-(26-39)-(25-43)-(24-42)-(23-44)-(22-46)-(21-38)-(20-40)-(19-31)-(18-30)-(17-58)-(16-41)-(15-45)-(14-51)-(13-53)-(12-36)-(11-56)-(10-35)-(9-37)-(8-49)-(7-55)-(6-48)-(5-54)-(4-34)-(3-52)-(2-33)-(1-32)-(0-50)],0.0002703666687011719,0.012388229370117188,2,True,2
{????????????????????????????????????????????????????????????????????????D?CS?C?Ge?@F??A?Ia??O?WOCA?G@A?D?A?o?P??C_S@???IIA??@?@H_???_KE??O@HA????OKD??C?IGA???@OGc???[?C_???@@??WG???QC@?_??O_?Aa????LGC????OUO?????CO@_?O???F?I??????O@?Gc????iG??_????A?Hc??????C@c_????H?I?C?????@OGQ?????GG?_`?????,[(29-47)-(28-59)-(27-57)-(26-39)-(25-43)-(24-42)-(23-44)-(22-46)-(21-38)-(20-40)-(19-31)-(18-30)-(17-58)-(16-41)-(15-45)-(14-51)-(13-53)-(12-36)-(11-56)-(10-35)-(9-37)-(8-49)-(7-55)-(6-48)-(5-54)-(4-34)-(3-52)-(2-33)-(1-32)-(0-50)],0.0002703666687011719,0.02409195899963379,4,True,4
{?????????????????????????????????????????????????????????????????????????_@O_H?Bc??YC?@??I?QCB?O?c???_`Q??SB?@???c@P?@?EH???H?IG??A_?[???OW?AO?@?I?AO?CC??DO????QcG??POC?C??C`??`????@?QC_??@AoO????GPH?????GCP?C????G?OOW???w?_G????BA?C@?????P@@@??????GOQO????LO?C?????c_O@???????_DC_?????IWO??????,[(29-47)-(28-44)-(27-45)-(26-46)-(25-42)-(24-43)-(23-37)-(22-55)-(21-30)-(20-58)-(19-40)-(18-59)-(17-39)-(16-51)-(15-31)-(14-54)-(13-57)-(12-50)-(11-35)-(10-41)-(9-56)-(8-33)-(7-36)-(6-53)-(5-48)-(4-38)-(3-32)-(2-49)-(1-34)-(0-52)],0.000308990478515625,0.004304647445678711,0,True,0
{?????????????????????????????????????????????????????????????????????????_@O_H?Bc??YC?@??I?QCB?O?c???_`Q??SB?@???c@P?@?EH???H?IG??A_?[???OW?AO?@?I?AO?CC??DO????QcG??POC?C??C`??`????@?QC_??@AoO????GPH?????GCP?C????G?OOW???w?_G????BA?C@?????P@@@??????GOQO????LO?C?????c_O@???????_DC_?????IWO??????,[(29-47)-(28-44)-(27-45)-(26-46)-(25-42)-(24-43)-(23-37)-(22-55)-(21-30)-(20-58)-(19-40)-(18-59)-(17-39)-(16-51)-(15-31)-(14-54)-(13-57)-(12-50)-(11-35)-(10-41)-(9-56)-(8-33)-(7-36)-(6-53)-(5-48)-(4-38)-(3-32)-(2-49)-(1-34)-(0-52)],0.0004138946533203125,0.018300771713256836,3,True,3
{?????????????????????????????????????????????????????????????????????????_@O_H?Bc??YC?@??I?QCB?O?c???_`Q??SB?@???c@P?@?EH???H?IG??A_?[???OW?AO?@?I?AO?CC??DO????QcG??POC?C??C`??`????@?QC_??@AoO????GPH?????GCP?C????G?OOW???w?_G????BA?C@?????P@@@??????GOQO????LO?C?????c_O@???????_DC_?????IWO??????,[(29-47)-(28-42)-(27-45)-(26-46)-(25-37)-(24-43)-(23-44)-(22-55)-(21-30)-(20-58)-(19-40)-(18-59)-(17-39)-(16-51)-(15-31)-(14-54)-(13-57)-(12-50)-(11-35)-(10-41)-(9-56)-(8-33)-(7-36)-(6-53)-(5-48)-(4-38)-(3-32)-(2-49)-(1-34)-(0-52)],0.00027489662170410156,0.018015623092651367,3,True,3
{?????????????????????????????????????????????????????????????????????????_@O_H?Bc??YC?@??I?QCB?O?c???_`Q??SB?@???c@P?@?EH???H?IG??A_?[???OW?AO?@?I?AO?CC??DO????QcG??POC?C??C`??`????@?QC_??@AoO????GPH?????GCP?C????G?OOW???w?_G????BA?C@?????P@@@??????GOQO????LO?C?????c_O@???????_DC_?????IWO??????,[(29-47)-(28-42)-(27-45)-(26-46)-(25-37)-(24-43)-(23-44)-(22-55)-(21-30)-(20-58)-(19-40)-(18-59)-(17-39)-(16-51)-(15-31)-(14-54)-(13-57)-(12-50)-(11-35)-(10-41)-(9-56)-(8-33)-(7-36)-(6-53)-(5-48)-(4-38)-(3-32)-(2-49)-(1-34)-(0-52)],0.0002682209014892578,0.007729053497314453,1,True,1
{?????????????????????????????????????????????????????????????????????????_@O_H?Bc??YC?@??I?QCB?O?c???_`Q??SB?@???c@P?@?EH???H?IG??A_?[???OW?AO?@?I?AO?CC??DO????QcG??POC?C??C`??`????@?QC_??@AoO????GPH?????GCP?C????G?OOW???w?_G????BA?C@?????P@@@??????GOQO????LO?C?????c_O@???????_DC_?????IWO??????,[(29-30)-(28-44)-(27-45)-(26-47)-(25-42)-(24-43)-(23-37)-(22-55)-(21-46)-(20-58)-(19-40)-(18-59)-(17-39)-(16-51)-(15-31)-(14-54)-(13-57)-(12-50)-(11-35)-(10-41)-(9-56)-(8-33)-(7-36)-(6-53)-(5-48)-(4-38)-(3-32)-(2-49)-(1-34)-(0-52)],0.00030541419982910156,0.008600711822509766,1,True,1
{?????????????????????????????????????????????????????????????????????????_@O_H?Bc??YC?@??I?QCB?O?c???_`Q??SB?@???c@P?@?EH???H?IG??A_?[???OW?AO?@?I?AO?CC??DO????QcG??POC?C??C`??`????@?QC_??@AoO????GPH?????GCP?C????G?OOW???w?_G????BA?C@?????P@@@??????GOQO????LO?C?????c_O@???????_DC_?????IWO??????,[(29-30)-(28-44)-(27-45)-(26-47)-(25-42)-(24-43)-(23-37)-(22-55)-(21-46)-(20-58)-(19-40)-(18-59)-(17-39)-(16-51)-(15-31)-(14-54)-(13-57)-(12-50)-(11-35)-(10-41)-(9-56)-(8-33)-(7-36)-(6-53)-(5-48)-(4-38)-(3-32)-(2-49)-(1-34)-(0-52)],0.0003108978271484375,0.0076446533203125,1,True,1
{?????????????????????????????????????????????????????????????????????????_@O_H?Bc??YC?@??I?QCB?O?c???_`Q??SB?@???c@P?@?EH???H?IG??A_?[???OW?AO?@?I?AO?CC??DO????QcG??POC?C??C`??`????@?QC_??@AoO????GPH?????GCP?C????G?OOW???w?_G????BA?C@?????P@@@??????GOQO????LO?C?????c_O@???????_DC_?????IWO??????,[(29-30)-(28-42)-(27-45)-(26-47)-(25-37)-(24-43)-(23-44)-(22-55)-(21-46)-(20-58)-(19-40)-(18-59)-(17-39)-(16-51)-(15-31)-(14-54)-(13-57)-(12-50)-(11-35)-(10-41)-(9-56)-(8-33)-(7-36)-(6-53)-(5-48)-(4-38)-(3-32)-(2-49)-(1-34)-(0-52)],0.00026869773864746094,0.017954587936401367,3,True,3
{?????????????????????????????????????????????????????????????????????????_@O_H?Bc??YC?@??I?QCB?O?c???_`Q??SB?@???c@P?@?EH???H?IG??A_?[???OW?AO?@?I?AO?CC??DO????QcG??POC?C??C`??`????@?QC_??@AoO????GPH?????GCP?C????G?OOW???w?_G????BA?C@?????P@@@??????GOQO????LO?C?????c_O@???????_DC_?????IWO??????,[(29-30)-(28-42)-(27-45)-(26-47)-(25-37)-(24-43)-(23-44)-(22-55)-(21-46)-(20-58)-(19-40)-(18-59)-(17-39)-(16-51)-(15-31)-(14-54)-(13-57)-(12-50)-(11-35)-(10-41)-(9-56)-(8-33)-(7-36)-(6-53)-(5-48)-(4-38)-(3-32)-(2-49)-(1-34)-(0-52)],0.00026702880859375,0.0036351680755615234,0,True,0
{?????????????????????????????????????????????????????????????????????????_@O_H?Bc??YC?@??I?QCB?O?c???_`Q??SB?@???c@P?@?EH???H?IG??A_?[???OW?AO?@?I?AO?CC??DO????QcG??POC?C??C`??`????@?QC_??@AoO????GPH?????GCP?C????G?OOW???w?_G????BA?C@?????P@@@??????GOQO????LO?C?????c_O@???????_DC_?????IWO??????,[(29-30)-(28-44)-(27-45)-(26-46)-(25-42)-(24-43)-(23-37)-(22-55)-(21-47)-(20-58)-(19-40)-(18-59)-(17-39)-(16-51)-(15-31)-(14-54)-(13-57)-(12-50)-(11-35)-(10-41)-(9-56)-(8-33)-(7-36)-(6-53)-(5-48)-(4-38)-(3-32)-(2-49)-(1-34)-(0-52)],0.0002689361572265625,0.017879009246826172,3,True,3
{?????????????????????????????????????????????????????????????????????????_@O_H?Bc??YC?@??I?QCB?O?c???_`Q??SB?@???c@P?@?EH???H?IG??A_?[???OW?AO?@?I?AO?CC??DO????QcG??POC?C??C`??`????@?QC_??@AoO????GPH?????GCP?C????G?OOW???w?_G????BA?C@?????P@@@??????GOQO????LO?C?????c_O@???????_DC_?????IWO??????,[(29-30)-(28-44)-(27-45)-(26-46)-(25-42)-(24-43)-(23-37)-(22-55)-(21-47)-(20-58)-(19-40)-(18-59)-(17-39)-(16-51)-(15-31)-(14-54)-(13-57)-(12-50)-(11-35)-(10-41)-(9-56)-(8-33)-(7-36)-(6-53)-(5-48)-(4-38)-(3-32)-(2-49)-(1-34)-(0-52)],0.0002675056457519531,0.0035293102264404297,0,True,0
{?????????????????????????????????????????????????????????????????????????_@O_H?Bc??YC?@??I?QCB?O?c???_`Q??SB?@???c@P?@?EH???H?IG??A_?[???OW?AO?@?I?AO?CC??DO????QcG??POC?C??C`??`????@?QC_??@AoO????GPH?????GCP?C????G?OOW???w?_G????BA?C@?????P@@@??????GOQO????LO?C?????c_O@???????_DC_?????IWO??????,[(29-30)-(28-42)-(27-45)-(26-46)-(25-37)-(24-43)-(23-44)-(22-55)-(21-47)-(20-58)-(19-40)-(18-59)-(17-39)-(16-51)-(15-31)-(14-54)-(13-57)-(12-50)-(11-35)-(10-41)-(9-56)-(8-33)-(7-36)-(6-53)-(5-48)-(4-38)-(3-32)-(2-49)-(1-34)-(0-52)],0.00027298927307128906,0.017704248428344727,3,True,3
{?????????????????????????????????????????????????????????????????????????_@O_H?Bc??YC?@??I?QCB?O?c???_`Q??SB?@???c@P?@?EH???H?IG??A_?[???OW?AO?@?I?AO?CC??DO????QcG??POC?C??C`??`????@?QC_??@AoO????GPH?????GCP?C????G?OOW???w?_G????BA?C@?????P@@@??????GOQO????LO?C?????c_O@???????_DC_?????IWO??????,[(29-30)-(28-42)-(27-45)-(26-46)-(25-37)-(24-43)-(23-44)-(22-55)-(21-47)-(20-58)-(19-40)-(18-59)-(17-39)-(16-51)-(15-31)-(14-54)-(13-57)-(12-50)-(11-35)-(10-41)-(9-56)-(8-33)-(7-36)-(6-53)-(5-48)-(4-38)-(3-32)-(2-49)-(1-34)-(0-52)],0.0002675056457519531,0.007626533508300781,1,True,1
{?????????????????????????????????????????????????????????????????????????_@O_H?Bc??YC?@??I?QCB?O?c???_`Q??SB?@???c@P?@?EH???H?IG??A_?[???OW?AO?@?I?AO?CC??DO????QcG??POC?C??C`??`????@?QC_??@AoO????GPH?????GCP?C????G?OOW???w?_G????BA?C@?????P@@@??????GOQO????LO?C?????c_O@???????_DC_?????IWO??????,[(29-47)-(28-43)-(27-45)-(26-46)-(25-42)-(24-58)-(23-37)-(22-55)-(21-30)-(20-44)-(19-40)-(18-59)-(17-39)-(16-51)-(15-31)-(14-54)-(13-57)-(12-50)-(11-35)-(10-41)-(9-56)-(8-33)-(7-36)-(6-53)-(5-48)-(4-38)-(3-32)-(2-49)-(1-34)-(0-52)],0.0002701282501220703,0.012447118759155273,2,True,2
{?????????????????????????????????????????????????????????????????????????_@O_H?Bc??YC?@??I?QCB?O?c???_`Q??SB?@???c@P?@?EH???H?IG??A_?[???OW?AO?@?I?AO?CC??DO????QcG??POC?C??C`??`????@?QC_??@AoO????GPH?????GCP?C????G?OOW???w?_G????BA?C@?????P@@@??????GOQO????LO?C?????c_O@???????_DC_?????IWO??????,[(29-47)-(28-43)-(27-45)-(26-46)-(25-42)-(24-58)-(23-37)-(22-55)-(21-30)-(20-44)-(19-40)-(18-59)-(17-39)-(16-51)-(15-31)-(14-54)-(13-57)-(12-50)-(11-35)-(10-41)-(9-56)-(8-33)-(7-36)-(6-53)-(5-48)-(4-38)-(3-32)-(2-49)-(1-34)-(0-52)],0.00026702880859375,0.012497901916503906,2,True,2
{?????????????????????????????????????????????????????????????????????????_@O_H?Bc??YC?@??I?QCB?O?c???_`Q??SB?@???c@P?@?EH???H?IG??A_?[???OW?AO?@?I?AO?CC??DO????QcG??POC?C??C`??`????@?QC_??@AoO????GPH?????GCP?C????G?OOW???w?_G????BA?C@?????P@@@??????GOQO????LO?C?????c_O@???????_DC_?????IWO??????,[(29-30)-(28-43)-(27-45)-(26-47)-(25-42)-(24-58)-(23-37)-(22-55)-(21-46)-(20-44)-(19-40)-(18-59)-(17-39)-(16-51)-(15-31)-(14-54)-(13-57)-(12-50)-(11-35)-(10-41)-(9-56)-(8-33)-(7-36)-(6-53)-(5-48)-(4-38)-(3-32)-(2-49)-(1-34)-(0-52)],0.00026917457580566406,0.007659912109375,1,True,1
{?????????????????????????????????????????????????????????????????????????_@O_H?Bc??YC?@??I?QCB?O?c???_`Q??SB?@???c@P?@?EH???H?IG??A_?[???OW?AO?@?I?AO?CC??DO????QcG??POC?C??C`??`????@?QC_??@AoO????GPH?????GCP?C????G?OOW???w?_G????BA?C@?????P@@@??????GOQO????LO?C?????c_O@???????_DC_?????IWO??????,[(29-30)-(28-43)-(27-45)-(26-47)-(25-42)-(24-58)-(23-37)-(22-55)-(21-46)-(20-44)-(19-40)-(18-59)-(17-39)-(16-51)-(15-31)-(14-54)-(13-57)-(12-50)-(11-35)-(10-41)-(9-56)-(8-33)-(7-36)-(6-53)-(5-48)-(4-38)-(3-32)-(2-49)-(1-34)-(0-52)],0.00026917457580566406,0.012496471405029297,2,True,2
{?????????????????????????????????????????????????????????????????????????_@O_H?Bc??YC?@??I?QCB?O?c???_`Q??SB?@???c@P?@?EH???H?IG??A_?[???OW?AO?@?I?AO?CC??DO????QcG??POC?C??C`??`????@?QC_??@AoO????GPH?????GCP?C????G?OOW???w?_G????BA?C@?????P@@@??????GOQO????LO?C?????c_O@???????_DC_?????IWO??????,[(29-30)-(28-43)-(27-45)-(26-46)-(25-42)-(24-58)-(23-37)-(22-55)-(21-47)-(20-44)-(19-40)-(18-59)-(17-39)-(16-51)-(15-31)-(14-54)-(13-57)-(12-50)-(11-35)-(10-41)-(9-56)-(8-33)-(7-36)-(6-53)-(5-48)-(4-38)-(3-32)-(2-49)-(1-34)-(0-52)],0.0002684593200683594,0.012448549270629883,2,True,2
{?????????????????????????????????????????????????????????????????????????_@O_H?Bc??YC?@??I?QCB?O?c???_`Q??SB?@???c@P?@?EH???H?IG??A_?[???OW?AO?@?I?AO?CC??DO????QcG??POC?C??C`??`????@?QC_??@AoO????GPH?????GCP?C????G?OOW???w?_G????BA?C@?????P@@@??????GOQO????LO?C?????c_O@???????_DC_?????IWO??????,[(29-30)-(28-43)-(27-45)-(26-46)-(25-42)-(24-58)-(23-37)-(22-55)-(21-47)-(20-44)-(19-40)-(18-59)-(17-39)-(16-51)-(15-31)-(14-54)-(13-57)-(12-50)-(11-35)-(10-41)-(9-56)-(8-33)-(7-36)-(6-53)-(5-48)-(4-38)-(3-32)-(2-49)-(1-34)-(0-52)],0.00026798248291015625,0.012391328811645508,2,True,2
{?????????????????????????????????????????????????????????????????????????_@O_H?Bc??YC?@??I?QCB?O?c???_`Q??SB?@???c@P?@?EH???H?IG??A_?[???OW?AO?@?I?AO?CC??DO????QcG??POC?C??C`??`????@?QC_??@AoO????GPH?????GCP?C????G?OOW???w?_G????BA?C@?????P@@@??????GOQO????LO?C?????c_O@???????_DC_?????IWO??????,[(29-47)-(28-44)-(27-45)-(26-46)-(25-42)-(24-43)-(23-37)-(22-51)-(21-30)-(20-58)-(19-40)-(18-59)-(17-39)-(16-55)-(15-31)-(14-54)-(13-57)-(12-50)-(11-35)-(10-41)-(9-56)-(8-33)-(7-36)-(6-53)-(5-48)-(4-38)-(3-32)-(2-49)-(1-34)-(0-52)],0.0002689361572265625,0.007637977600097656,1,True,1
{?????????????????????????????????????????????????????????????????????????_@O_H?Bc??YC?@??I?QCB?O?c???_`Q??SB?@???c@P?@?EH???H?IG??A_?[???OW?AO?@?I?AO?CC??DO????QcG??POC?C??C`??`????@?QC_??@AoO????GPH?????GCP?C????G?OOW???w?_G????BA?C@?????P@@@??????GOQO????LO?C?????c_O@???????_DC_?????IWO??????,[(29-47)-(28-44)-(27-45)-(26-46)-(25-42)-(24-43)-(23-37)-(22-51)-(21-30)-(20-58)-(19-40)-(18-59)-(17-39)-(16-55)-(15-31)-(14-54)-(13-57)-(12-50)-(11-35)-(10-41)-(9-56)-(8-33)-(7-36)-(6-53)-(5-48)-(4-38)-(3-32)-(2-49)-(1-34)-(0-52)],0.0002684593200683594,0.012475967407226562,2,True,2
{?????????????????????????????????????????????????????????????????????????A?sA?_P_A?E_`???H?oCCOAO?O?@gG@?ACc?G?CC@Q??WC?OG?CoG?G??GCGI???@?_KG??A??gg??G_@D???aH??_??@?@Ag??E?S_??????xC?????OAgA???Ga?_@???K_?D?????b?GC????_G?D@???????RW???A?d?C?????S?o?G?????AC@o????S?@D??????KA?__????D?_G?_????,[(29-42)-(28-41)-(27-53)-(26-44)-(25-31)-(24-43)-(23-57)-(22-45)-(21-52)-(20-47)-(19-59)-(18-38)-(17-56)-(16-30)-(15-46)-(14-40)-(13-58)-(12-54)-(11-39)-(10-35)-(9-37)-(8-33)-(7-48)-(6-55)-(5-32)-(4-36)-(3-51)-(2-49)-(1-50)-(0-34)],0.00026988983154296875,0.024956226348876953,4,True,4
{?????????????????????????????????????????????????????????????????????????A?sA?_P_A?E_`???H?oCCOAO?O?@gG@?ACc?G?CC@Q??WC?OG?CoG?G??GCGI???@?_KG??A??gg??G_@D???aH??_??@?@Ag??E?S_??????xC?????OAgA???Ga?_@???K_?D?????b?GC????_G?D@???????RW???A?d?C?????S?o?G?????AC@o????S?@D??????KA?__????D?_G?_????,[(29-42)-(28-41)-(27-53)-(26-44)-(25-31)-(24-43)-(23-57)-(22-45)-(21-52)-(20-47)-(19-59)-(18-38)-(17-56)-(16-30)-(15-46)-(14-40)-(13-58)-(12-54)-(11-39)-(10-35)-(9-37)-(8-33)-(7-48)-(6-55)-(5-32)-(4-36)-(3-51)-(2-49)-(1-50)-(0-34)],0.0002753734588623047,0.017971277236938477,3,True,3
{?????????????????????????????????????????????????????????????????????????A?sA?_P_A?E_`???H?oCCOAO?O?@gG@?ACc?G?CC@Q??WC?OG?CoG?G??GCGI???@?_KG??A??gg??G_@D???aH??_??@?@Ag??E?S_??????xC?????OAgA???Ga?_@???K_?D?????b?GC????_G?D@???????RW???A?d?C?????S?o?G?????AC@o????S?@D??????KA?__????D?_G?_????,[(29-52)-(28-41)-(27-42)-(26-44)-(25-31)-(24-43)-(23-57)-(22-45)-(21-53)-(20-47)-(19-59)-(18-38)-(17-56)-(16-30)-(15-46)-(14-40)-(13-58)-(12-54)-(11-39)-(10-35)-(9-37)-(8-33)-(7-48)-(6-55)-(5-32)-(4-36)-(3-51)-(2-49)-(1-50)-(0-34)],0.0002751350402832031,0.01269078254699707,2,True,2
{?????????????????????????????????????????????????????????????????????????A?sA?_P_A?E_`???H?oCCOAO?O?@gG@?ACc?G?CC@Q??WC?OG?CoG?G??GCGI???@?_KG??A??gg??G_@D???aH??_??@?@Ag??E?S_??????xC?????OAgA???Ga?_@???K_?D?????b?GC????_G?D@???????RW???A?d?C?????S?o?G?????AC@o????S?@D??????KA?__????D?_G?_????,[(29-52)-(28-41)-(27-42)-(26-44)-(25-31)-(24-43)-(23-57)-(22-45)-(21-53)-(20-47)-(19-59)-(18-38)-(17-56)-(16-30)-(15-46)-(14-40)-(13-58)-(12-54)-(11-39)-(10-35)-(9-37)-(8-33)-(7-48)-(6-55)-(5-32)-(4-36)-(3-51)-(2-49)-(1-50)-(0-34)],0.0002727508544921875,0.01801013946533203,3,True,3
{?????????????????????????????????????????????????????????????????????????A?sA?_P_A?E_`???H?oCCOAO?O?@gG@?ACc?G?CC@Q??WC?OG?CoG?G??GCGI???@?_KG??A??gg??G_@D???aH??_??@?@Ag??E?S_??????xC?????OAgA???Ga?_@???K_?D?????b?GC????_G?D@???????RW???A?d?C?????S?o?G?????AC@o????S?@D??????KA?__????D?_G?_????,[(29-42)-(28-41)-(27-53)-(26-44)-(25-31)-(24-43)-(23-52)-(22-45)-(21-57)-(20-47)-(19-59)-(18-38)-(17-56)-(16-30)-(15-46)-(14-40)-(13-58)-(12-54)-(11-39)-(10-35)-(9-37)-(8-33)-(7-48)-(6-55)-(5-32)-(4-36)-(3-51)-(2-49)-(1-50)-(0-34)],0.00026988983154296875,0.017951011657714844,3,True,3
{?????????????????????????????????????????????????????????????????????????A?sA?_P_A?E_`???H?oCCOAO?O?@gG@?ACc?G?CC@Q??WC?OG?CoG?G??GCGI???@?_KG??A??gg??G_@D???aH??_??@?@Ag??E?S_??????xC?????OAgA???Ga?_@???K_?D?????b?GC????_G?D@???????RW???A?d?C?????S?o?G?????AC@o????S?@D??????KA?__????D?_G?_????,[(29-42)-(28-41)-(27-53)-(26-44)-(25-31)-(24-43)-(23-52)-(22-45)-(21-57)-(20-47)-(19-59)-(18-38)-(17-56)-(16-30)-(15-46)-(14-40)-(13-58)-(12-54)-(11-39)-(10-35)-(9-37)-(8-33)-(7-48)-(6-55)-(5-32)-(4-36)-(3-51)-(2-49)-(1-50)-(0-34)],0.0002684593200683594,0.01283717155456543,2,True,2
{?????????????????????????????????????????????????????????????????????????A?sA?_P_A?E_`???H?oCCOAO?O?@gG@?ACc?G?CC@Q??WC?OG?CoG?G??GCGI???@?_KG??A??gg??G_@D???aH??_??@?@Ag??E?S_??????xC?????OAgA???Ga?_@???K_?D?????b?GC????_G?D@???????RW???A?d?C?????S?o?G?????AC@o????S?@D??????KA?__????D?_G?_????,[(29-52)-(28-53)-(27-42)-(26-44)-(25-31)-(24-43)-(23-41)-(22-45)-(21-57)-(20-47)-(19-59)-(18-38)-(17-56)-(16-30)-(15-46)-(14-40)-(13-58)-(12-54)-(11-39)-(10-35)-(9-37)-(8-33)-(7-48)-(6-55)-(5-32)-(4-36)-(3-51)-(2-49)-(1-50)-(0-34)],0.00026988983154296875,0.01251673698425293,2,True,2
{?????????????????????????????????????????????????????????????????????????A?sA?_P_A?E_`???H?oCCOAO?O?@gG@?ACc?G?CC@Q??WC?OG?CoG?G??GCGI???@?_KG??A??gg??G_@D???aH??_??@?@Ag??E?S_??????xC?????OAgA???Ga?_@???K_?D?????b?GC????_G?D@???????RW???A?d?C?????S?o?G?????AC@o????S?@D??????KA?__????D?_G?_????,[(29-52)-(28-53)-(27-42)-(26-44)-(25-31)-(24-43)-(23-41)-(22-45)-(21-57)-(20-47)-(19-59)-(18-38)-(17-56)-(16-30)-(15-46)-(14-40)-(13-58)-(12-54)-(11-39)-(10-35)-(9-37)-(8-33)-(7-48)-(6-55)-(5-32)-(4-36)-(3-51)-(2-49)-(1-50)-(0-34)],0.00026869773864746094,0.01802682876586914,3,True,3
{?????????????????????????????????????????????????????????????????????????A?sA?_P_A?E_`???H?oCCOAO?O?@gG@?ACc?G?CC@Q??WC?OG?CoG?G??GCGI???@?_KG??A??gg??G_@D???aH??_??@?@Ag??E?S_??????xC?????OAgA???Ga?_@???K_?D?????b?GC????_G?D@???????RW???A?d?C?????S?o?G?????AC@o????S?@D??????KA?__????D?_G?_????,[(29-52)-(28-41)-(27-53)-(26-44)-(25-31)-(24-43)-(23-42)-(22-45)-(21-57)-(20-47)-(19-59)-(18-38)-(17-56)-(16-30)-(15-46)-(14-40)-(13-58)-(12-54)-(11-39)-(10-35)-(9-37)-(8-33)-(7-48)-(6-55)-(5-32)-(4-36)-(3-51)-(2-49)-(1-50)-(0-34)],0.00027251243591308594,0.007647275924682617,1,True,1
{?????????????????????????????????????????????????????????????????????????A?sA?_P_A?E_`???H?oCCOAO?O?@gG@?ACc?G?CC@Q??WC?OG?CoG?G??GCGI???@?_KG??A??gg??G_@D???aH??_??@?@Ag??E?S_??????xC?????OAgA???Ga?_@???K_?D?????b?GC????_G?D@???????RW???A?d?C?????S?o?G?????AC@o????S?@D??????KA?__????D?_G?_????,[(29-52)-(28-41)-(27-53)-(26-44)-(25-31)-(24-43)-(23-42)-(22-45)-(21-57)-(20-47)-(19-59)-(18-38)-(17-56)-(16-30)-(15-46)-(14-40)-(13-58)-(12-54)-(11-39)-(10-35)-(9-37)-(8-33)-(7-48)-(6-55)-(5-32)-(4-36)-(3-51)-(2-49)-(1-50)-(0-34)],0.0002682209014892578,0.007787942886352539,1,True,1
{?????????????????????????????????????????????????????????????????????????A?sA?_P_A?E_`???H?oCCOAO?O?@gG@?ACc?G?CC@Q??WC?OG?CoG?G??GCGI???@?_KG??A??gg??G_@D???aH??_??@?@Ag??E?S_??????xC?????OAgA???Ga?_@???K_?D?????b?GC????_G?D@???????RW???A?d?C?????S?o?G?????AC@o????S?@D??????KA?__????D?_G?_????,[(29-52)-(28-41)-(27-53)-(26-44)-(25-31)-(24-43)-(23-57)-(22-45)-(21-42)-(20-47)-(19-59)-(18-38)-(17-56)-(16-30)-(15-46)-(14-40)-(13-58)-(12-54)-(11-39)-(10-35)-(9-37)-(8-33)-(7-48)-(6-55)-(5-32)-(4-36)-(3-51)-(2-49)-(1-50)-(0-34)],0.00031948089599609375,0.012570381164550781,2,True,2
{?????????????????????????????????????????????????????????????????????????A?sA?_P_A?E_`???H?oCCOAO?O?@gG@?ACc?G?CC@Q??WC?OG?CoG?G??GCGI???@?_KG??A??gg??G_@D???aH??_??@?@Ag??E?S_??????xC?????OAgA???Ga?_@???K_?D?????b?GC????_G?D@???????RW???A?d?C?????S?o?G?????AC@o????S?@D??????KA?__????D?_G?_????,[(29-52)-(28-41)-(27-53)-(26-44)-(25-31)-(24-43)-(23-57)-(22-45)-(21-42)-(20-47)-(19-59)-(18-38)-(17-56)-(16-30)-(15-46)-(14-40)-(13-58)-(12-54)-(11-39)-(10-35)-(9-37)-(8-33)-(7-48)-(6-55)-(5-32)-(4-36)-(3-51)-(2-49)-(1-50)-(0-34)],0.00030612945556640625,0.008178949356079102,1,True,1
{?????????????????????????????????????????????????????????????????????????A?sA?_P_A?E_`???H?oCCOAO?O?@gG@?ACc?G?CC@Q??WC?OG?CoG?G??GCGI???@?_KG??A??gg??G_@D???aH??_??@?@Ag??E?S_??????xC?????OAgA???Ga?_@???K_?D?????b?GC????_G?D@???????RW???A?d?C?????S?o?G?????AC@o????S?@D??????KA?__????D?_G?_????,[(29-42)-(28-53)-(27-56)-(26-44)-(25-31)-(24-43)-(23-41)-(22-45)-(21-52)-(20-47)-(19-59)-(18-38)-(17-57)-(16-30)-(15-46)-(14-40)-(13-58)-(12-54)-(11-39)-(10-35)-(9-37)-(8-33)-(7-48)-(6-55)-(5-32)-(4-36)-(3-51)-(2-49)-(1-50)-(0-34)],0.0002741813659667969,0.012540578842163086,2,True,2
{?????????????????????????????????????????????????????????????????????????A?sA?_P_A?E_`???H?oCCOAO?O?@gG@?ACc?G?CC@Q??WC?OG?CoG?G??GCGI???@?_KG??A??gg??G_@D???aH??_??@?@Ag??E?S_??????xC?????OAgA???Ga?_@???K_?D?????b?GC????_G?D@???????RW???A?d?C?????S?o?G?????AC@o????S?@D??????KA?__????D?_G?_????,[(29-42)-(28-53)-(27-56)-(26-44)-(25-31)-(24-43)-(23-41)-(22-45)-(21-52)-(20-47)-(19-59)-(18-38)-(17-57)-(16-30)-(15-46)-(14-40)-(13-58)-(12-54)-(11-39)-(10-35)-(9-37)-(8-33)-(7-48)-(6-55)-(5-32)-(4-36)-(3-51)-(2-49)-(1-50)-(0-34)],0.00026988983154296875,0.017892837524414062,3,True,3
{?????????????????????????????????????????????????????????????????????????A?sA?_P_A?E_`???H?oCCOAO?O?@gG@?ACc?G?CC@Q??WC?OG?CoG?G??GCGI???@?_KG??A??gg??G_@D???aH??_??@?@Ag??E?S_??????xC?????OAgA???Ga?_@???K_?D?????b?GC????_G?D@???????RW???A?d?C?????S?o?G?????AC@o????S?@D??????KA?__????D?_G?_????,[(29-42)-(28-41)-(27-56)-(26-44)-(25-31)-(24-43)-(23-52)-(22-45)-(21-53)-(20-47)-(19-59)-(18-38)-(17-57)-(16-30)-(15-46)-(14-40)-(13-58)-(12-54)-(11-39)-(10-35)-(9-37)-(8-33)-(7-48)-(6-55)-(5-32)-(4-36)-(3-51)-(2-49)-(1-50)-(0-34)],0.00027060508728027344,0.007638216018676758,1,True,1
{?????????????????????????????????????????????????????????????????????????A?sA?_P_A?E_`???H?oCCOAO?O?@gG@?ACc?G?CC@Q??WC?OG?CoG?G??GCGI???@?_KG??A??gg??G_@D???aH??_??@?@Ag??E?S_??????xC?????OAgA???Ga?_@???K_?D?????b?GC????_G?D@???????RW???A?d?C?????S?o?G?????AC@o????S?@D??????KA?__????D?_G?_????,[(29-42)-(28-41)-(27-56)-(26-44)-(25-31)-(24-43)-(23-52)-(22-45)-(21-53)-(20-47)-(19-59)-(18-38)-(17-57)-(16-30)-(15-46)-(14-40)-(13-58)-(12-54)-(11-39)-(10-35)-(9-37)-(8-33)-(7-48)-(6-55)-(5-32)-(4-36)-(3-51)-(2-49)-(1-50)-(0-34)],0.00027108192443847656,0.0035474300384521484,0,True,0
{?????????????????????????????????????????????????????????????????????????A?sA?_P_A?E_`???H?oCCOAO?O?@gG@?ACc?G?CC@Q??WC?OG?CoG?G??GCGI???@?_KG??A??gg??G_@D???aH??_??@?@Ag??E?S_??????xC?????OAgA???Ga?_@???K_?D?????b?GC????_G?D@???????RW???A?d?C?????S?o?G?????AC@o????S?@D??????KA?__????D?_G?_????,[(29-52)-(28-41)-(27-56)-(26-44)-(25-31)-(24-43)-(23-42)-(22-45)-(21-53)-(20-47)-(19-59)-(18-38)-(17-57)-(16-30)-(15-46)-(14-40)-(13-58)-(12-54)-(11-39)-(10-35)-(9-37)-(8-33)-(7-48)-(6-55)-(5-32)-(4-36)-(3-51)-(2-49)-(1-50)-(0-34)],0.0002696514129638672,0.0076236724853515625,1,True,1
{?????????????????????????????????????????????????????????????????????????A?sA?_P_A?E_`???H?oCCOAO?O?@gG@?ACc?G?CC@Q??WC?OG?CoG?G??GCGI???@?_KG??A??gg??G_@D???aH??_??@?@Ag??E?S_??????xC?????OAgA???Ga?_@???K_?D?????b?GC????_G?D@???????RW???A?d?C?????S?o?G?????AC@o????S?@D??????KA?__????D?_G?_????,[(29-52)-(28-41)-(27-56)-(26-44)-(25-31)-(24-43)-(23-42)-(22-45)-(21-53)-(20-47)-(19-59)-(18-38)-(17-57)-(16-30)-(15-46)-(14-40)-(13-58)-(12-54)-(11-39)-(10-35)-(9-37)-(8-33)-(7-48)-(6-55)-(5-32)-(4-36)-(3-51)-(2-49)-(1-50)-(0-34)],0.0002701282501220703,0.007675647735595703,1,True,1
{?????????????????????????????????????????????????????????????????????????A?sA?_P_A?E_`???H?oCCOAO?O?@gG@?ACc?G?CC@Q??WC?OG?CoG?G??GCGI???@?_KG??A??gg??G_@D???aH??_??@?@Ag??E?S_??????xC?????OAgA???Ga?_@???K_?D?????b?GC????_G?D@???????RW???A?d?C?????S?o?G?????AC@o????S?@D??????KA?__????D?_G?_????,[(29-52)-(28-53)-(27-56)-(26-44)-(25-31)-(24-43)-(23-41)-(22-45)-(21-42)-(20-47)-(19-59)-(18-38)-(17-57)-(16-30)-(15-46)-(14-40)-(13-58)-(12-54)-(11-39)-(10-35)-(9-37)-(8-33)-(7-48)-(6-55)-(5-32)-(4-36)-(3-51)-(2-49)-(1-50)-(0-34)],0.0002701282501220703,0.012414932250976562,2,True,2
{?????????????????????????????????????????????????????????????????????????A?sA?_P_A?E_`???H?oCCOAO?O?@gG@?ACc?G?CC@Q??WC?OG?CoG?G??GCGI???@?_KG??A??gg??G_@D???aH??_??@?@Ag??E?S_??????xC?????OAgA???Ga?_@???K_?D?????b?GC????_G?D@???????RW???A?d?C?????S?o?G?????AC@o????S?@D??????KA?__????D?_G?_????,[(29-52)-(28-53)-(27-56)-(26-44)-(25-31)-(24-43)-(23-41)-(22-45)-(21-42)-(20-47)-(19-59)-(18-38)-(17-57)-(16-30)-(15-46)-(14-40)-(13-58)-(12-54)-(11-39)-(10-35)-(9-37)-(8-33)-(7-48)-(6-55)-(5-32)-(4-36)-(3-51)-(2-49)-(1-50)-(0-34)],0.00032210350036621094,0.017922639846801758,3,True,3
{????????????????????????????????????????????????????????????????????????BG?AC?G?b@??PG@Oc?CAG?_EP???b?@?_A?G`G?O?`c??IO_?_?@???gg?EOC?_??D`??_??GOq????C?Gb????A`GC???W_@O??CR?O????S?G`????G_?_D????SAI????@C_C@????CW?AO???AA??U?????Oa_G???A?SGC????C@H?C?????_?@OK????S@??c?????CbC??????O?Aa_?????,[(29-44)-(28-56)-(27-57)-(26-31)-(25-45)-(24-30)-(23-59)-(22-47)-(21-39)-(20-53)-(19-42)-(18-58)-(17-43)-(16-46)-(15-40)-(14-36)-(13-41)-(12-54)-(11-38)-(10-52)-(9-32)-(8-55)-(7-49)-(6-51)-(5-35)-(4-50)-(3-34)-(2-48)-(1-37)-(0-33)],0.0002701282501220703,0.019265174865722656,3,True,3
{????????????????????????????????????????????????????????????????????????BG?AC?G?b@??PG@Oc?CAG?_EP???b?@?_A?G`G?O?`c??IO_?_?@???gg?EOC?_??D`??_??GOq????C?Gb????A`GC???W_@O??CR?O????S?G`????G_?_D????SAI????@C_C@????CW?AO???AA??U?????Oa_G???A?SGC????C@H?C?????_?@OK????S@??c?????CbC??????O?Aa_?????,[(29-44)-(28-56)-(27-57)-(26-31)-(25-45)-(24-30)-(23-59)-(22-47)-(21-39)-(20-53)-(19-42)-(18-58)-(17-43)-(16-46)-(15-40)-(14-36)-(13-41)-(12-54)-(11-38)-(10-52)-(9-32)-(8-55)-(7-49)-(6-51)-(5-35)-(4-50)-(3-34)-(2-48)-(1-37)-(0-33)],0.00027298927307128906,0.01792621612548828,3,True,3
{????????????????????????????????????????????????????????????????????????BG?AC?G?b@??PG@Oc?CAG?_EP???b?@?_A?G`G?O?`c??IO_?_?@???gg?EOC?_??D`??_??GOq????C?Gb????A`GC???W_@O??CR?O????S?G`????G_?_D????SAI????@C_C@????CW?AO???AA??U?????Oa_G???A?SGC????C@H?C?????_?@OK????S@??c?????CbC??????O?Aa_?????,[(29-44)-(28-56)-(27-57)-(26-31)-(25-45)-(24-30)-(23-39)-(22-47)-(21-59)-(20-53)-(19-42)-(18-58)-(17-43)-(16-46)-(15-40)-(14-36)-(13-41)-(12-54)-(11-38)-(10-52)-(9-32)-(8-55)-(7-49)-(6-51)-(5-35)-(4-50)-(3-34)-(2-48)-(1-37)-(0-33)],0.00026917457580566406,0.007624149322509766,1,True,1
{????????????????????????????????????????????????????????????????????????BG?AC?G?b@??PG@Oc?CAG?_EP???b?@?_A?G`G?O?`c??IO_?_?@???gg?EOC?_??D`??_??GOq????C?Gb????A`GC???W_@O??CR?O????S?G`????G_?_D????SAI????@C_C@????CW?AO???AA??U?????Oa_G???A?SGC????C@H?C?????_?@OK????S@??c?????CbC??????O?Aa_?????,[(29-44)-(28-56)-(27-57)-(26-31)-(25-45)-(24-30)-(23-39)-(22-47)-(21-59)-(20-53)-(19-42)-(18-58)-(17-43)-(16-46)-(15-40)-(14-36)-(13-41)-(12-54)-(11-38)-(10-52)-(9-32)-(8-55)-(7-49)-(6-51)-(5-35)-(4-50)-(3-34)-(2-48)-(1-37)-(0-33)],0.00029778480529785156,0.012467145919799805,2,True,2
{????????????????????????????????????????????????????????????????????????BG?AC?G?b@??PG@Oc?CAG?_EP???b?@?_A?G`G?O?`c??IO_?_?@???gg?EOC?_??D`??_??GOq????C?Gb????A`GC???W_@O??CR?O????S?G`????G_?_D????SAI????@C_C@????CW?AO???AA??U?????Oa_G???A?SGC????C@H?C?????_?@OK????S@??c?????CbC??????O?Aa_?????,[(29-44)-(28-56)-(27-57)-(26-31)-(25-43)-(24-30)-(23-45)-(22-47)-(21-39)-(20-53)-(19-42)-(18-58)-(17-59)-(16-46)-(15-40)-(14-36)-(13-41)-(12-54)-(11-38)-(10-52)-(9-32)-(8-55)-(7-49)-(6-51)-(5-35)-(4-50)-(3-34)-(2-48)-(1-37)-(0-33)],0.00027108192443847656,0.007752895355224609,1,True,1
{????????????????????????????????????????????????????????????????????????BG?AC?G?b@??PG@Oc?CAG?_EP???b?@?_A?G`G?O?`c??IO_?_?@???gg?EOC?_??D`??_??GOq????C?Gb????A`GC???W_@O??CR?O????S?G`????G_?_D????SAI????@C_C@????CW?AO???AA??U?????Oa_G???A?SGC????C@H?C?????_?@OK????S@??c?????CbC??????O?Aa_?????,[(29-44)-(28-56)-(27-57)-(26-31)-(25-43)-(24-30)-(23-45)-(22-47)-(21-39)-(20-53)-(19-42)-(18-58)-(17-59)-(16-46)-(15-40)-(14-36)-(13-41)-(12-54)-(11-38)-(10-52)-(9-32)-(8-55)-(7-49)-(6-51)-(5-35)-(4-50)-(3-34)-(2-48)-(1-37)-(0-33)],0.0002675056457519531,0.0239865779876709,4,True,4
{????????????????????????????????????????????????????????????????????????BG?AC?G?b@??PG@Oc?CAG?_EP???b?@?_A?G`G?O?`c??IO_?_?@???gg?EOC?_??D`??_??GOq????C?Gb????A`GC???W_@O??CR?O????S?G`????G_?_D????SAI????@C_C@????CW?AO???AA??U?????Oa_G???A?SGC????C@H?C?????_?@OK????S@??c?????CbC??????O?Aa_?????,[(29-44)-(28-56)-(27-57)-(26-31)-(25-45)-(24-30)-(23-39)-(22-47)-(21-43)-(20-53)-(19-42)-(18-58)-(17-59)-(16-46)-(15-40)-(14-36)-(13-41)-(12-54)-(11-38)-(10-52)-(9-32)-(8-55)-(7-49)-(6-51)-(5-35)-(4-50)-(3-34)-(2-48)-(1-37)-(0-33)],0.0002703666687011719,0.01253509521484375,2,True,2
{????????????????????????????????????????????????????????????????????????BG?AC?G?b@??PG@Oc?CAG?_EP???b?@?_A?G`G?O?`c??IO_?_?@???gg?EOC?_??D`??_??GOq????C?Gb????A`GC???W_@O??CR?O????S?G`????G_?_D????SAI????@C_C@????CW?AO???AA??U?????Oa_G???A?SGC????C@H?C?????_?@OK????S@??c?????CbC??????O?Aa_?????,[(29-44)-(28-56)-(27-57)-(26-31)-(25-45)-(24-30)-(23-39)-(22-47)-(21-43)-(20-53)-(19-42)-(18-58)-(17-59)-(16-46)-(15-40)-(14-36)-(13-41)-(12-54)-(11-38)-(10-52)-(9-32)-(8-55)-(7-49)-(6-51)-(5-35)-(4-50)-(3-34)-(2-48)-(1-37)-(0-33)],0.00026917457580566406,0.007666110992431641,1,True,1
{????????????????????????????????????????????????????????????????????????BG?AC?G?b@??PG@Oc?CAG?_EP???b?@?_A?G`G?O?`c??IO_?_?@???gg?EOC?_??D`??_??GOq????C?Gb????A`GC???W_@O??CR?O????S?G`????G_?_D????SAI????@C_C@????CW?AO???AA??U?????Oa_G???A?SGC????C@H?C?????_?@OK????S@??c?????CbC??????O?Aa_?????,[(29-44)-(28-53)-(27-57)-(26-43)-(25-45)-(24-30)-(23-39)-(22-47)-(21-56)-(20-31)-(19-42)-(18-58)-(17-59)-(16-46)-(15-40)-(14-36)-(13-41)-(12-54)-(11-38)-(10-52)-(9-32)-(8-55)-(7-49)-(6-51)-(5-35)-(4-50)-(3-34)-(2-48)-(1-37)-(0-33)],0.0002701282501220703,0.007618904113769531,1,True,1
{????????????????????????????????????????????????????????????????????????BG?AC?G?b@??PG@Oc?CAG?_EP???b?@?_A?G`G?O?`c??IO_?_?@???gg?EOC?_??D`??_??GOq????C?Gb????A`GC???W_@O??CR?O????S?G`????G_?_D????SAI????@C_C@????CW?AO???AA??U?????Oa_G???A?SGC????C@H?C?????_?@OK????S@??c?????CbC??????O?Aa_?????,[(29-44)-(28-53)-(27-57)-(26-43)-(25-45)-(24-30)-(23-39)-(22-47)-(21-56)-(20-31)-(19-42)-(18-58)-(17-59)-(16-46)-(15-40)-(14-36)-(13-41)-(12-54)-(11-38)-(10-52)-(9-32)-(8-55)-(7-49)-(6-51)-(5-35)-(4-50)-(3-34)-(2-48)-(1-37)-(0-33)],0.0002715587615966797,0.01801013946533203,3,True,3
{????????????????????????????????????????????????????????????????????????BG?AC?G?b@??PG@Oc?CAG?_EP???b?@?_A?G`G?O?`c??IO_?_?@???gg?EOC?_??D`??_??GOq????C?Gb????A`GC???W_@O??CR?O????S?G`????G_?_D????SAI????@C_C@????CW?AO???AA??U?????Oa_G???A?SGC????C@H?C?????_?@OK????S@??c?????CbC??????O?Aa_?????,[(29-39)-(28-56)-(27-57)-(26-31)-(25-45)-(24-30)-(23-59)-(22-44)-(21-43)-(20-53)-(19-42)-(18-58)-(17-47)-(16-46)-(15-40)-(14-36)-(13-41)-(12-54)-(11-38)-(10-52)-(9-32)-(8-55)-(7-49)-(6-51)-(5-35)-(4-50)-(3-34)-(2-48)-(1-37)-(0-33)],0.00026869773864746094,0.007635354995727539,1,True,1
{????????????????????????????????????????????????????????????????????????BG?AC?G?b@??PG@Oc?CAG?_EP???b?@?_A?G`G?O?`c??IO_?_?@???gg?EOC?_??D`??_??GOq????C?Gb????A`GC???W_@O??CR?O????S?G`????G_?_D????SAI????@C_C@????CW?AO???AA??U?????Oa_G???A?SGC????C@H?C?????_?@OK????S@??c?????CbC??????O?Aa_?????,[(29-39)-(28-56)-(27-57)-(26-31)-(25-45)-(24-30)-(23-59)-(22-44)-(21-43)-(20-53)-(19-42)-(18-58)-(17-47)-(16-46)-(15-40)-(14-36)-(13-41)-(12-54)-(11-38)-(10-52)-(9-32)-(8-55)-(7-49)-(6-51)-(5-35)-(4-50)-(3-34)-(2-48)-(1-37)-(0-33)],0.00026798248291015625,0.007788896560668945,1,True,1
{????????????????????????????????????????????????????????????????????????BG?AC?G?b@??PG@Oc?CAG?_EP???b?@?_A?G`G?O?`c??IO_?_?@???gg?EOC?_??D`??_??GOq????C?Gb????A`GC???W_@O??CR?O????S?G`????G_?_D????SAI????@C_C@????CW?AO???AA??U?????Oa_G???A?SGC????C@H?C?????_?@OK????S@??c?????CbC??????O?Aa_?????,[(29-39)-(28-56)-(27-57)-(26-31)-(25-43)-(24-30)-(23-45)-(22-44)-(21-59)-(20-53)-(19-42)-(18-58)-(17-47)-(16-46)-(15-40)-(14-36)-(13-41)-(12-54)-(11-38)-(10-52)-(9-32)-(8-55)-(7-49)-(6-51)-(5-35)-(4-50)-(3-34)-(2-48)-(1-37)-(0-33)],0.0002684593200683594,0.003653287887573242,0,True,0
{????????????????????????????????????????????????????????????????????????BG?AC?G?b@??PG@Oc?CAG?_EP???b?@?_A?G`G?O?`c??IO_?_?@???gg?EOC?_??D`??_??GOq????C?Gb????A`GC???W_@O??CR?O????S?G`????G_?_D????SAI????@C_C@????CW?AO???AA??U?????Oa_G???A?SGC????C@H?C?????_?@OK????S@??c?????CbC??????O?Aa_?????,[(29-39)-(28-56)-(27-57)-(26-31)-(25-43)-(24-30)-(23-45)-(22-44)-(21-59)-(20-53)-(19-42)-(18-58)-(17-47)-(16-46)-(15-40)-(14-36)-(13-41)-(12-54)-(11-38)-(10-52)-(9-32)-(8-55)-(7-49)-(6-51)-(5-35)-(4-50)-(3-34)-(2-48)-(1-37)-(0-33)],0.00026869773864746094,0.017948627471923828,3,True,3
{????????????????????????????????????????????????????????????????????????BG?AC?G?b@??PG@Oc?CAG?_EP???b?@?_A?G`G?O?`c??IO_?_?@???gg?EOC?_??D`??_??GOq????C?Gb????A`GC???W_@O??CR?O????S?G`????G_?_D????SAI????@C_C@????CW?AO???AA??U?????Oa_G???A?SGC????C@H?C?????_?@OK????S@??c?????CbC??????O?Aa_?????,[(29-56)-(28-53)-(27-57)-(26-43)-(25-45)-(24-30)-(23-59)-(22-44)-(21-39)-(20-31)-(19-42)-(18-58)-(17-47)-(16-46)-(15-40)-(14-36)-(13-41)-(12-54)-(11-38)-(10-52)-(9-32)-(8-55)-(7-49)-(6-51)-(5-35)-(4-50)-(3-34)-(2-48)-(1-37)-(0-33)],0.000270843505859375,0.0035538673400878906,0,True,0
{????????????????????????????????????????????????????????????????????????BG?AC?G?b@??PG@Oc?CAG?_EP???b?@?_A?G`G?O?`c??IO_?_?@???gg?EOC?_??D`??_??GOq????C?Gb????A`GC???W_@O??CR?O????S?G`????G_?_D????SAI????@C_C@????CW?AO???AA??U?????Oa_G???A?SGC????C@H?C?????_?@OK????S@??c?????CbC??????O?Aa_?????,[(29-56)-(28-53)-(27-57)-(26-43)-(25-45)-(24-30)-(23-59)-(22-44)-(21-39)-(20-31)-(19-42)-(18-58)-(17-47)-(16-46)-(15-40)-(14-36)-(13-41)-(12-54)-(11-38)-(10-52)-(9-32)-(8-55)-(7-49)-(6-51)-(5-35)-(4-50)-(3-34)-(2-48)-(1-37)-(0-33)],0.00026798248291015625,0.018059730529785156,3,True,3
{????????????????????????????????????????????????????????????????????????BG?AC?G?b@??PG@Oc?CAG?_EP???b?@?_A?G`G?O?`c??IO_?_?@???gg?EOC?_??D`??_??GOq????C?Gb????A`GC???W_@O??CR?O????S?G`????G_?_D????SAI????@C_C@????CW?AO???AA??U?????Oa_G???A?SGC????C@H?C?????_?@OK????S@??c?????CbC??????O?Aa_?????,[(29-39)-(28-53)-(27-57)-(26-43)-(25-45)-(24-30)-(23-59)-(22-44)-(21-56)-(20-31)-(19-42)-(18-58)-(17-47)-(16-46)-(15-40)-(14-36)-(13-41)-(12-54)-(11-38)-(10-52)-(9-32)-(8-55)-(7-49)-(6-51)-(5-35)-(4-50)-(3-34)-(2-48)-(1-37)-(0-33)],0.0002689361572265625,0.007615327835083008,1,True,1
{????????????????????????????????????????????????????????????????????????BG?AC?G?b@??PG@Oc?CAG?_EP???b?@?_A?G`G?O?`c??IO_?_?@???gg?EOC?_??D`??_??GOq????C?Gb????A`GC???W_@O??CR?O????S?G`????G_?_D????SAI????@C_C@????CW?AO???AA??U?????Oa_G???A?SGC????C@H?C?????_?@OK????S@??c?????CbC??????O?Aa_?????,[(29-39)-(28-53)-(27-57)-(26-43)-(25-45)-(24-30)-(23-59)-(22-44)-(21-56)-(20-31)-(19-42)-(18-58)-(17-47)-(16-46)-(15-40)-(14-36)-(13-41)-(12-54)-(11-38)-(10-52)-(9-32)-(8-55)-(7-49)-(6-51)-(5-35)-(4-50)-(3-34)-(2-48)-(1-37)-(0-33)],0.0002663135528564453,0.01798534393310547,3,True,3
{????????????????????????????????????????????????????????????????????????BG?AC?G?b@??PG@Oc?CAG?_EP???b?@?_A?G`G?O?`c??IO_?_?@???gg?EOC?_??D`??_??GOq????C?Gb????A`GC???W_@O??CR?O????S?G`????G_?_D????SAI????@C_C@????CW?AO???AA??U?????Oa_G???A?SGC????C@H?C?????_?@OK????S@??c?????CbC??????O?Aa_?????,[(29-56)-(28-53)-(27-57)-(26-43)-(25-45)-(24-30)-(23-39)-(22-44)-(21-59)-(20-31)-(19-42)-(18-58)-(17-47)-(16-46)-(15-40)-(14-36)-(13-41)-(12-54)-(11-38)-(10-52)-(9-32)-(8-55)-(7-49)-(6-51)-(5-35)-(4-50)-(3-34)-(2-48)-(1-37)-(0-33)],0.0002720355987548828,0.017976999282836914,3,True,3
{????????????????????????????????????????????????????????????????????????BG?AC?G?b@??PG@Oc?CAG?_EP???b?@?_A?G`G?O?`c??IO_?_?@???gg?EOC?_??D`??_??GOq????C?Gb????A`GC???W_@O??CR?O????S?G`????G_?_D????SAI????@C_C@????CW?AO???AA??U?????Oa_G???A?SGC????C@H?C?????_?@OK????S@??c?????CbC??????O?Aa_?????,[(29-56)-(28-53)-(27-57)-(26-43)-(25-45)-(24-30)-(23-39)-(22-44)-(21-59)-(20-31)-(19-42)-(18-58)-(17-47)-(16-46)-(15-40)-(14-36)-(13-41)-(12-54)-(11-38)-(10-52)-(9-32)-(8-55)-(7-49)-(6-51)-(5-35)-(4-50)-(3-34)-(2-48)-(1-37)-(0-33)],0.00026679039001464844,0.024260520935058594,4,True,4
