G6,emparelhamento,canonical_time,solve_time,qtde_moves,resultado,max_depth
~?@E???????????????????????????????????????????????????????????????????????????????????????????????????A_AO?_?oAG?OA?C?cOOPC?_??_?F_???@CI_???SC@?OD?g?C???GA??@o?I??AAO?CO_A?A??C@COO???AAA_O????KT????I@_?C????G??Bo????_O@O_??_B@?O????c?@?O_???@?@?I_???b??W????@?A??S_????GOEG????@AOO?G?????AH?W?????OA@?OA????B???IA????U?G?_???????@C_E??????g@?OA??????@H?g?????E@CA????????OOC?B?????@C?C_?_?????O?g?G_??????,[(34-45)-(33-41)-(32-43)-(31-63)-(30-44)-(29-56)-(28-61)-(27-37)-(26-57)-(25-59)-(24-42)-(23-62)-(22-55)-(21-47)-(20-36)-(19-39)-(18-46)-(17-60)-(16-58)-(15-48)-(14-38)-(13-65)-(12-69)-(11-40)-(10-52)-(9-51)-(8-54)-(7-50)-(6-64)-(5-53)-(4-67)-(3-35)-(2-49)-(1-68)-(0-66)],0.00034236907958984375,0.014954805374145508,2,True,2
~?@E???????????????????????????????????????????????????????????????????????????????????????????????????A_AO?_?oAG?OA?C?cOOPC?_??_?F_???@CI_???SC@?OD?g?C???GA??@o?I??AAO?CO_A?A??C@COO???AAA_O????KT????I@_?C????G??Bo????_O@O_??_B@?O????c?@?O_???@?@?I_???b??W????@?A??S_????GOEG????@AOO?G?????AH?W?????OA@?OA????B???IA????U?G?_???????@C_E??????g@?OA??????@H?g?????E@CA????????OOC?B?????@C?C_?_?????O?g?G_??????,[(34-45)-(33-41)-(32-43)-(31-63)-(30-44)-(29-56)-(28-61)-(27-37)-(26-57)-(25-59)-(24-42)-(23-62)-(22-55)-(21-47)-(20-36)-(19-39)-(18-46)-(17-60)-(16-58)-(15-48)-(14-38)-(13-65)-(12-69)-(11-40)-(10-52)-(9-51)-(8-54)-(7-50)-(6-64)-(5-53)-(4-67)-(3-35)-(2-49)-(1-68)-(0-66)],0.0003368854522705078,0.00884246826171875,1,True,1
~?@E???????????????????????????????????????????????????????????????????????????????????????????????????A_AO?_?oAG?OA?C?cOOPC?_??_?F_???@CI_???SC@?OD?g?C???GA??@o?I??AAO?CO_A?A??C@COO???AAA_O????KT????I@_?C????G??Bo????_O@O_??_B@?O????c?@?O_???@?@?I_???b??W????@?A??S_????GOEG????@AOO?G?????AH?W?????OA@?OA????B???IA????U?G?_???????@C_E??????g@?OA??????@H?g?????E@CA????????OOC?B?????@C?C_?_?????O?g?G_??????,[(34-45)-(33-44)-(32-43)-(31-37)-(30-47)-(29-58)-(28-61)-(27-56)-(26-57)-(25-60)-(24-42)-(23-62)-(22-55)-(21-63)-(20-36)-(19-39)-(18-46)-(17-41)-(16-59)-(15-48)-(14-38)-(13-65)-(12-69)-(11-40)-(10-52)-(9-51)-(8-54)-(7-50)-(6-64)-(5-53)-(4-67)-(3-35)-(2-49)-(1-68)-(0-66)],0.0003371238708496094,0.014434099197387695,2,True,2
~?@E???????????????????????????????????????????????????????????????????????????????????????????????????A_AO?_?oAG?OA?C?cOOPC?_??_?F_???@CI_???SC@?OD?g?C???GA??@o?I??AAO?CO_A?A??C@COO???AAA_O????KT????I@_?C????G??Bo????_O@O_??_B@?O????c?@?O_???@?@?I_???b??W????@?A??S_????GOEG????@AOO?G?????AH?W?????OA@?OA????B???IA????U?G?_???????@C_E??????g@?OA??????@H?g?????E@CA????????OOC?B?????@C?C_?_?????O?g?G_??????,[(34-45)-(33-44)-(32-43)-(31-37)-(30-47)-(29-58)-(28-61)-(27-56)-(26-57)-(25-60)-(24-42)-(23-62)-(22-55)-(21-63)-(20-36)-(19-39)-(18-46)-(17-41)-(16-59)-(15-48)-(14-38)-(13-65)-(12-69)-(11-40)-(10-52)-(9-51)-(8-54)-(7-50)-(6-64)-(5-53)-(4-67)-(3-35)-(2-49)-(1-68)-(0-66)],0.00035190582275390625,0.014352560043334961,1,True,1
~?@E???????????????????????????????????????????????????????????????????????????????????????????????????A_AO?_?oAG?OA?C?cOOPC?_??_?F_???@CI_???SC@?OD?g?C???GA??@o?I??AAO?CO_A?A??C@COO???AAA_O????KT????I@_?C????G??Bo????_O@O_??_B@?O????c?@?O_???@?@?I_???b??W????@?A??S_????GOEG????@AOO?G?????AH?W?????OA@?OA????B???IA????U?G?_???????@C_E??????g@?OA??????@H?g?????E@CA????????OOC?B?????@C?C_?_?????O?g?G_??????,[(34-45)-(33-43)-(32-56)-(31-63)-(30-44)-(29-58)-(28-61)-(27-37)-(26-57)-(25-60)-(24-42)-(23-62)-(22-55)-(21-47)-(20-36)-(19-39)-(18-46)-(17-41)-(16-59)-(15-48)-(14-38)-(13-65)-(12-69)-(11-40)-(10-52)-(9-51)-(8-54)-(7-50)-(6-64)-(5-53)-(4-67)-(3-35)-(2-49)-(1-68)-(0-66)],0.00033354759216308594,0.008860111236572266,1,True,1
~?@E???????????????????????????????????????????????????????????????????????????????????????????????????A_AO?_?oAG?OA?C?cOOPC?_??_?F_???@CI_???SC@?OD?g?C???GA??@o?I??AAO?CO_A?A??C@COO???AAA_O????KT????I@_?C????G??Bo????_O@O_??_B@?O????c?@?O_???@?@?I_???b??W????@?A??S_????GOEG????@AOO?G?????AH?W?????OA@?OA????B???IA????U?G?_???????@C_E??????g@?OA??????@H?g?????E@CA????????OOC?B?????@C?C_?_?????O?g?G_??????,[(34-45)-(33-43)-(32-56)-(31-63)-(30-44)-(29-58)-(28-61)-(27-37)-(26-57)-(25-60)-(24-42)-(23-62)-(22-55)-(21-47)-(20-36)-(19-39)-(18-46)-(17-41)-(16-59)-(15-48)-(14-38)-(13-65)-(12-69)-(11-40)-(10-52)-(9-51)-(8-54)-(7-50)-(6-64)-(5-53)-(4-67)-(3-35)-(2-49)-(1-68)-(0-66)],0.0003814697265625,0.014315605163574219,2,True,2
~?@E???????????????????????????????????????????????????????????????????????????????????????????????????A_AO?_?oAG?OA?C?cOOPC?_??_?F_???@CI_???SC@?OD?g?C???GA??@o?I??AAO?CO_A?A??C@COO???AAA_O????KT????I@_?C????G??Bo????_O@O_??_B@?O????c?@?O_???@?@?I_???b??W????@?A??S_????GOEG????@AOO?G?????AH?W?????OA@?OA????B???IA????U?G?_???????@C_E??????g@?OA??????@H?g?????E@CA????????OOC?B?????@C?C_?_?????O?g?G_??????,[(34-45)-(33-44)-(32-43)-(31-37)-(30-63)-(29-58)-(28-61)-(27-56)-(26-57)-(25-60)-(24-42)-(23-62)-(22-55)-(21-47)-(20-36)-(19-39)-(18-46)-(17-41)-(16-59)-(15-48)-(14-38)-(13-65)-(12-69)-(11-40)-(10-52)-(9-51)-(8-54)-(7-50)-(6-64)-(5-53)-(4-67)-(3-35)-(2-49)-(1-68)-(0-66)],0.0003337860107421875,0.014474630355834961,2,True,2
~?@E???????????????????????????????????????????????????????????????????????????????????????????????????A_AO?_?oAG?OA?C?cOOPC?_??_?F_???@CI_???SC@?OD?g?C???GA??@o?I??AAO?CO_A?A??C@COO???AAA_O????KT????I@_?C????G??Bo????_O@O_??_B@?O????c?@?O_???@?@?I_???b??W????@?A??S_????GOEG????@AOO?G?????AH?W?????OA@?OA????B???IA????U?G?_???????@C_E??????g@?OA??????@H?g?????E@CA????????OOC?B?????@C?C_?_?????O?g?G_??????,[(34-45)-(33-44)-(32-43)-(31-37)-(30-63)-(29-58)-(28-61)-(27-56)-(26-57)-(25-60)-(24-42)-(23-62)-(22-55)-(21-47)-(20-36)-(19-39)-(18-46)-(17-41)-(16-59)-(15-48)-(14-38)-(13-65)-(12-69)-(11-40)-(10-52)-(9-51)-(8-54)-(7-50)-(6-64)-(5-53)-(4-67)-(3-35)-(2-49)-(1-68)-(0-66)],0.0003323554992675781,0.014531373977661133,2,True,2
~?@E???????????????????????????????????????????????????????????????????????????????????????????????????A_AO?_?oAG?OA?C?cOOPC?_??_?F_???@CI_???SC@?OD?g?C???GA??@o?I??AAO?CO_A?A??C@COO???AAA_O????KT????I@_?C????G??Bo????_O@O_??_B@?O????c?@?O_???@?@?I_???b??W????@?A??S_????GOEG????@AOO?G?????AH?W?????OA@?OA????B???IA????U?G?_???????@C_E??????g@?OA??????@H?g?????E@CA????????OOC?B?????@C?C_?_?????O?g?G_??????,[(34-45)-(33-44)-(32-43)-(31-37)-(30-47)-(29-58)-(28-46)-(27-56)-(26-61)-(25-60)-(24-42)-(23-62)-(22-55)-(21-57)-(20-36)-(19-39)-(18-63)-(17-41)-(16-59)-(15-48)-(14-38)-(13-65)-(12-69)-(11-40)-(10-52)-(9-51)-(8-54)-(7-50)-(6-64)-(5-53)-(4-67)-(3-35)-(2-49)-(1-68)-(0-66)],0.00033736228942871094,0.008853673934936523,1,True,1
~?@E???????????????????????????????????????????????????????????????????????????????????????????????????A_AO?_?oAG?OA?C?cOOPC?_??_?F_???@CI_???SC@?OD?g?C???GA??@o?I??AAO?CO_A?A??C@COO???AAA_O????KT????I@_?C????G??Bo????_O@O_??_B@?O????c?@?O_???@?@?I_???b??W????@?A??S_????GOEG????@AOO?G?????AH?W?????OA@?OA????B???IA????U?G?_???????@C_E??????g@?OA??????@H?g?????E@CA????????OOC?B?????@C?C_?_?????O?g?G_??????,[(34-45)-(33-44)-(32-43)-(31-37)-(30-47)-(29-58)-(28-46)-(27-56)-(26-61)-(25-60)-(24-42)-(23-62)-(22-55)-(21-57)-(20-36)-(19-39)-(18-63)-(17-41)-(16-59)-(15-48)-(14-38)-(13-65)-(12-69)-(11-40)-(10-52)-(9-51)-(8-54)-(7-50)-(6-64)-(5-53)-(4-67)-(3-35)-(2-49)-(1-68)-(0-66)],0.00033473968505859375,0.004177093505859375,0,True,0
~?@E???????????????????????????????????????????????????????????????????????????????????????????????????A_AO?_?oAG?OA?C?cOOPC?_??_?F_???@CI_???SC@?OD?g?C???GA??@o?I??AAO?CO_A?A??C@COO???AAA_O????KT????I@_?C????G??Bo????_O@O_??_B@?O????c?@?O_???@?@?I_???b??W????@?A??S_????GOEG????@AOO?G?????AH?W?????OA@?OA????B???IA????U?G?_???????@C_E??????g@?OA??????@H?g?????E@CA????????OOC?B?????@C?C_?_?????O?g?G_??????,[(34-45)-(33-44)-(32-43)-(31-37)-(30-47)-(29-58)-(28-61)-(27-56)-(26-57)-(25-41)-(24-42)-(23-62)-(22-55)-(21-63)-(20-36)-(19-39)-(18-46)-(17-60)-(16-59)-(15-48)-(14-38)-(13-65)-(12-69)-(11-40)-(10-52)-(9-51)-(8-54)-(7-50)-(6-64)-(5-53)-(4-67)-(3-35)-(2-49)-(1-68)-(0-66)],0.00033473968505859375,0.014327287673950195,2,True,2
~?@E???????????????????????????????????????????????????????????????????????????????????????????????????A_AO?_?oAG?OA?C?cOOPC?_??_?F_???@CI_???SC@?OD?g?C???GA??@o?I??AAO?CO_A?A??C@COO???AAA_O????KT????I@_?C????G??Bo????_O@O_??_B@?O????c?@?O_???@?@?I_???b??W????@?A??S_????GOEG????@AOO?G?????AH?W?????OA@?OA????B???IA????U?G?_???????@C_E??????g@?OA??????@H?g?????E@CA????????OOC?B?????@C?C_?_?????O?g?G_??????,[(34-45)-(33-44)-(32-43)-(31-37)-(30-47)-(29-58)-(28-61)-(27-56)-(26-57)-(25-41)-(24-42)-(23-62)-(22-55)-(21-63)-(20-36)-(19-39)-(18-46)-(17-60)-(16-59)-(15-48)-(14-38)-(13-65)-(12-69)-(11-40)-(10-52)-(9-51)-(8-54)-(7-50)-(6-64)-(5-53)-(4-67)-(3-35)-(2-49)-(1-68)-(0-66)],0.00033402442932128906,0.020779132843017578,3,True,3
~?@E???????????????????????????????????????????????????????????????????????????????????????????????????A_AO?_?oAG?OA?C?cOOPC?_??_?F_???@CI_???SC@?OD?g?C???GA??@o?I??AAO?CO_A?A??C@COO???AAA_O????KT????I@_?C????G??Bo????_O@O_??_B@?O????c?@?O_???@?@?I_???b??W????@?A??S_????GOEG????@AOO?G?????AH?W?????OA@?OA????B???IA????U?G?_???????@C_E??????g@?OA??????@H?g?????E@CA????????OOC?B?????@C?C_?_?????O?g?G_??????,[(34-45)-(33-43)-(32-56)-(31-63)-(30-44)-(29-58)-(28-61)-(27-37)-(26-57)-(25-41)-(24-42)-(23-62)-(22-55)-(21-47)-(20-36)-(19-39)-(18-46)-(17-60)-(16-59)-(15-48)-(14-38)-(13-65)-(12-69)-(11-40)-(10-52)-(9-51)-(8-54)-(7-50)-(6-64)-(5-53)-(4-67)-(3-35)-(2-49)-(1-68)-(0-66)],0.00033593177795410156,0.020766019821166992,3,True,3
~?@E???????????????????????????????????????????????????????????????????????????????????????????????????A_AO?_?oAG?OA?C?cOOPC?_??_?F_???@CI_???SC@?OD?g?C???GA??@o?I??AAO?CO_A?A??C@COO???AAA_O????KT????I@_?C????G??Bo????_O@O_??_B@?O????c?@?O_???@?@?I_???b??W????@?A??S_????GOEG????@AOO?G?????AH?W?????OA@?OA????B???IA????U?G?_???????@C_E??????g@?OA??????@H?g?????E@CA????????OOC?B?????@C?C_?_?????O?g?G_??????,[(34-45)-(33-43)-(32-56)-(31-63)-(30-44)-(29-58)-(28-61)-(27-37)-(26-57)-(25-41)-(24-42)-(23-62)-(22-55)-(21-47)-(20-36)-(19-39)-(18-46)-(17-60)-(16-59)-(15-48)-(14-38)-(13-65)-(12-69)-(11-40)-(10-52)-(9-51)-(8-54)-(7-50)-(6-64)-(5-53)-(4-67)-(3-35)-(2-49)-(1-68)-(0-66)],0.0003325939178466797,0.008908271789550781,1,True,1
~?@E???????????????????????????????????????????????????????????????????????????????????????????????????A_AO?_?oAG?OA?C?cOOPC?_??_?F_???@CI_???SC@?OD?g?C???GA??@o?I??AAO?CO_A?A??C@COO???AAA_O????KT????I@_?C????G??Bo????_O@O_??_B@?O????c?@?O_???@?@?I_???b??W????@?A??S_????GOEG????@AOO?G?????AH?W?????OA@?OA????B???IA????U?G?_???????@C_E??????g@?OA??????@H?g?????E@CA????????OOC?B?????@C?C_?_?????O?g?G_??????,[(34-45)-(33-44)-(32-43)-(31-37)-(30-63)-(29-58)-(28-61)-(27-56)-(26-57)-(25-41)-(24-42)-(23-62)-(22-55)-(21-47)-(20-36)-(19-39)-(18-46)-(17-60)-(16-59)-(15-48)-(14-38)-(13-65)-(12-69)-(11-40)-(10-52)-(9-51)-(8-54)-(7-50)-(6-64)-(5-53)-(4-67)-(3-35)-(2-49)-(1-68)-(0-66)],0.000339508056640625,0.009047269821166992,1,True,1
~?@E???????????????????????????????????????????????????????????????????????????????????????????????????A_AO?_?oAG?OA?C?cOOPC?_??_?F_???@CI_???SC@?OD?g?C???GA??@o?I??AAO?CO_A?A??C@COO???AAA_O????KT????I@_?C????G??Bo????_O@O_??_B@?O????c?@?O_???@?@?I_???b??W????@?A??S_????GOEG????@AOO?G?????AH?W?????OA@?OA????B???IA????U?G?_???????@C_E??????g@?OA??????@H?g?????E@CA????????OOC?B?????@C?C_?_?????O?g?G_??????,[(34-45)-(33-44)-(32-43)-(31-37)-(30-63)-(29-58)-(28-61)-(27-56)-(26-57)-(25-41)-(24-42)-(23-62)-(22-55)-(21-47)-(20-36)-(19-39)-(18-46)-(17-60)-(16-59)-(15-48)-(14-38)-(13-65)-(12-69)-(11-40)-(10-52)-(9-51)-(8-54)-(7-50)-(6-64)-(5-53)-(4-67)-(3-35)-(2-49)-(1-68)-(0-66)],0.00033211708068847656,0.03609919548034668,5,True,5
~?@E???????????????????????????????????????????????????????????????????????????????????????????????????A_AO?_?oAG?OA?C?cOOPC?_??_?F_???@CI_???SC@?OD?g?C???GA??@o?I??AAO?CO_A?A??C@COO???AAA_O????KT????I@_?C????G??Bo????_O@O_??_B@?O????c?@?O_???@?@?I_???b??W????@?A??S_????GOEG????@AOO?G?????AH?W?????OA@?OA????B???IA????U?G?_???????@C_E??????g@?OA??????@H?g?????E@CA????????OOC?B?????@C?C_?_?????O?g?G_??????,[(34-45)-(33-44)-(32-43)-(31-37)-(30-47)-(29-58)-(28-46)-(27-56)-(26-61)-(25-41)-(24-42)-(23-62)-(22-55)-(21-57)-(20-36)-(19-39)-(18-63)-(17-60)-(16-59)-(15-48)-(14-38)-(13-65)-(12-69)-(11-40)-(10-52)-(9-51)-(8-54)-(7-50)-(6-64)-(5-53)-(4-67)-(3-35)-(2-49)-(1-68)-(0-66)],0.00033736228942871094,0.014425992965698242,2,True,2
~?@E???????????????????????????????????????????????????????????????????????????????????????????????????A_AO?_?oAG?OA?C?cOOPC?_??_?F_???@CI_???SC@?OD?g?C???GA??@o?I??AAO?CO_A?A??C@COO???AAA_O????KT????I@_?C????G??Bo????_O@O_??_B@?O????c?@?O_???@?@?I_???b??W????@?A??S_????GOEG????@AOO?G?????AH?W?????OA@?OA????B???IA????U?G?_???????@C_E??????g@?OA??????@H?g?????E@CA????????OOC?B?????@C?C_?_?????O?g?G_??????,[(34-45)-(33-44)-(32-43)-(31-37)-(30-47)-(29-58)-(28-46)-(27-56)-(26-61)-(25-41)-(24-42)-(23-62)-(22-55)-(21-57)-(20-36)-(19-39)-(18-63)-(17-60)-(16-59)-(15-48)-(14-38)-(13-65)-(12-69)-(11-40)-(10-52)-(9-51)-(8-54)-(7-50)-(6-64)-(5-53)-(4-67)-(3-35)-(2-49)-(1-68)-(0-66)],0.00033354759216308594,0.020604372024536133,3,True,3
~?@E???????????????????????????????????????????????????????????????????????????????????????????????????A_AO?_?oAG?OA?C?cOOPC?_??_?F_???@CI_???SC@?OD?g?C???GA??@o?I??AAO?CO_A?A??C@COO???AAA_O????KT????I@_?C????G??Bo????_O@O_??_B@?O????c?@?O_???@?@?I_???b??W????@?A??S_????GOEG????@AOO?G?????AH?W?????OA@?OA????B???IA????U?G?_???????@C_E??????g@?OA??????@H?g?????E@CA????????OOC?B?????@C?C_?_?????O?g?G_??????,[(34-45)-(33-41)-(32-43)-(31-63)-(30-44)-(29-58)-(28-61)-(27-56)-(26-57)-(25-59)-(24-42)-(23-62)-(22-55)-(21-47)-(20-39)-(19-48)-(18-46)-(17-60)-(16-36)-(15-37)-(14-38)-(13-65)-(12-69)-(11-40)-(10-52)-(9-51)-(8-54)-(7-50)-(6-64)-(5-53)-(4-67)-(3-35)-(2-49)-(1-68)-(0-66)],0.0003349781036376953,0.02076101303100586,3,True,3
~?@E???????????????????????????????????????????????????????????????????????????????????????????????????A_AO?_?oAG?OA?C?cOOPC?_??_?F_???@CI_???SC@?OD?g?C???GA??@o?I??AAO?CO_A?A??C@COO???AAA_O????KT????I@_?C????G??Bo????_O@O_??_B@?O????c?@?O_???@?@?I_???b??W????@?A??S_????GOEG????@AOO?G?????AH?W?????OA@?OA????B???IA????U?G?_???????@C_E??????g@?OA??????@H?g?????E@CA????????OOC?B?????@C?C_?_?????O?g?G_??????,[(34-45)-(33-41)-(32-43)-(31-63)-(30-44)-(29-58)-(28-61)-(27-56)-(26-57)-(25-59)-(24-42)-(23-62)-(22-55)-(21-47)-(20-39)-(19-48)-(18-46)-(17-60)-(16-36)-(15-37)-(14-38)-(13-65)-(12-69)-(11-40)-(10-52)-(9-51)-(8-54)-(7-50)-(6-64)-(5-53)-(4-67)-(3-35)-(2-49)-(1-68)-(0-66)],0.00033354759216308594,0.008856773376464844,1,True,1
~?@E?????????????????????????????????????????????????????????????????????????????????????????????????????AX@?SO_?O?A??CAE@@??@D?I_?A?O?__?DG?_?C@Q??O__OG??gQ@????O__a???@?B??c?@ED?????O?@A?P??C?_Oa???g@GO??????`Og????HGo?????A?@GGO???Ad???_???cC?G?_???Z_????????@G?d?????A@A?K???C?A?@P??????I@S??????IG?c?????O??@@S????GA?P_?????C?@@_C?????W??gC?????@_O?P???????COC?I????????_hC???????CD?@G?????_O?Oc???????,[(34-47)-(33-37)-(32-40)-(31-61)-(30-41)-(29-42)-(28-58)-(27-60)-(26-59)-(25-39)-(24-44)-(23-67)-(22-57)-(21-63)-(20-43)-(19-69)-(18-62)-(17-68)-(16-45)-(15-35)-(14-46)-(13-56)-(12-54)-(11-50)-(10-38)-(9-55)-(8-53)-(7-36)-(6-66)-(5-51)-(4-52)-(3-48)-(2-65)-(1-64)-(0-49)],0.0003628730773925781,0.022644996643066406,3,True,3
~?@E?????????????????????????????????????????????????????????????????????????????????????????????????????AX@?SO_?O?A??CAE@@??@D?I_?A?O?__?DG?_?C@Q??O__OG??gQ@????O__a???@?B??c?@ED?????O?@A?P??C?_Oa???g@GO??????`Og????HGo?????A?@GGO???Ad???_???cC?G?_???Z_????????@G?d?????A@A?K???C?A?@P??????I@S??????IG?c?????O??@@S????GA?P_?????C?@@_C?????W??gC?????@_O?P???????COC?I????????_hC???????CD?@G?????_O?Oc???????,[(34-47)-(33-37)-(32-40)-(31-61)-(30-41)-(29-42)-(28-58)-(27-60)-(26-59)-(25-39)-(24-44)-(23-67)-(22-57)-(21-63)-(20-43)-(19-69)-(18-62)-(17-68)-(16-45)-(15-35)-(14-46)-(13-56)-(12-54)-(11-50)-(10-38)-(9-55)-(8-53)-(7-36)-(6-66)-(5-51)-(4-52)-(3-48)-(2-65)-(1-64)-(0-49)],0.00035691261291503906,0.009447813034057617,1,True,1
~?@E?????????????????????????????????????????????????????????????????????????????????????????????????????AX@?SO_?O?A??CAE@@??@D?I_?A?O?__?DG?_?C@Q??O__OG??gQ@????O__a???@?B??c?@ED?????O?@A?P??C?_Oa???g@GO??????`Og????HGo?????A?@GGO???Ad???_???cC?G?_???Z_????????@G?d?????A@A?K???C?A?@P??????I@S??????IG?c?????O??@@S????GA?P_?????C?@@_C?????W??gC?????@_O?P???????COC?I????????_hC???????CD?@G?????_O?Oc???????,[(34-39)-(33-37)-(32-40)-(31-61)-(30-47)-(29-42)-(28-58)-(27-60)-(26-59)-(25-41)-(24-44)-(23-67)-(22-57)-(21-63)-(20-43)-(19-69)-(18-62)-(17-68)-(16-45)-(15-35)-(14-46)-(13-56)-(12-54)-(11-50)-(10-38)-(9-55)-(8-53)-(7-36)-(6-66)-(5-51)-(4-52)-(3-48)-(2-65)-(1-64)-(0-49)],0.0003540515899658203,0.015497207641601562,2,True,2
~?@E?????????????????????????????????????????????????????????????????????????????????????????????????????AX@?SO_?O?A??CAE@@??@D?I_?A?O?__?DG?_?C@Q??O__OG??gQ@????O__a???@?B??c?@ED?????O?@A?P??C?_Oa???g@GO??????`Og????HGo?????A?@GGO???Ad???_???cC?G?_???Z_????????@G?d?????A@A?K???C?A?@P??????I@S??????IG?c?????O??@@S????GA?P_?????C?@@_C?????W??gC?????@_O?P???????COC?I????????_hC???????CD?@G?????_O?Oc???????,[(34-39)-(33-37)-(32-40)-(31-61)-(30-47)-(29-42)-(28-58)-(27-60)-(26-59)-(25-41)-(24-44)-(23-67)-(22-57)-(21-63)-(20-43)-(19-69)-(18-62)-(17-68)-(16-45)-(15-35)-(14-46)-(13-56)-(12-54)-(11-50)-(10-38)-(9-55)-(8-53)-(7-36)-(6-66)-(5-51)-(4-52)-(3-48)-(2-65)-(1-64)-(0-49)],0.00035691261291503906,0.009442806243896484,1,True,1
~?@E?????????????????????????????????????????????????????????????????????????????????????????????????????AX@?SO_?O?A??CAE@@??@D?I_?A?O?__?DG?_?C@Q??O__OG??gQ@????O__a???@?B??c?@ED?????O?@A?P??C?_Oa???g@GO??????`Og????HGo?????A?@GGO???Ad???_???cC?G?_???Z_????????@G?d?????A@A?K???C?A?@P??????I@S??????IG?c?????O??@@S????GA?P_?????C?@@_C?????W??gC?????@_O?P???????COC?I????????_hC???????CD?@G?????_O?Oc???????,[(34-47)-(33-57)-(32-58)-(31-61)-(30-41)-(29-40)-(28-37)-(27-60)-(26-59)-(25-39)-(24-44)-(23-67)-(22-42)-(21-63)-(20-43)-(19-69)-(18-62)-(17-68)-(16-45)-(15-35)-(14-46)-(13-56)-(12-54)-(11-50)-(10-38)-(9-55)-(8-53)-(7-36)-(6-66)-(5-51)-(4-52)-(3-48)-(2-65)-(1-64)-(0-49)],0.0003533363342285156,0.015547513961791992,2,True,2
~?@E?????????????????????????????????????????????????????????????????????????????????????????????????????AX@?SO_?O?A??CAE@@??@D?I_?A?O?__?DG?_?C@Q??O__OG??gQ@????O__a???@?B??c?@ED?????O?@A?P??C?_Oa???g@GO??????`Og????HGo?????A?@GGO???Ad???_???cC?G?_???Z_????????@G?d?????A@A?K???C?A?@P??????I@S??????IG?c?????O??@@S????GA?P_?????C?@@_C?????W??gC?????@_O?P???????COC?I????????_hC???????CD?@G?????_O?Oc???????,[(34-47)-(33-57)-(32-58)-(31-61)-(30-41)-(29-40)-(28-37)-(27-60)-(26-59)-(25-39)-(24-44)-(23-67)-(22-42)-(21-63)-(20-43)-(19-69)-(18-62)-(17-68)-(16-45)-(15-35)-(14-46)-(13-56)-(12-54)-(11-50)-(10-38)-(9-55)-(8-53)-(7-36)-(6-66)-(5-51)-(4-52)-(3-48)-(2-65)-(1-64)-(0-49)],0.00035834312438964844,0.022078275680541992,3,True,3
~?@E?????????????????????????????????????????????????????????????????????????????????????????????????????AX@?SO_?O?A??CAE@@??@D?I_?A?O?__?DG?_?C@Q??O__OG??gQ@????O__a???@?B??c?@ED?????O?@A?P??C?_Oa???g@GO??????`Og????HGo?????A?@GGO???Ad???_???cC?G?_???Z_????????@G?d?????A@A?K???C?A?@P??????I@S??????IG?c?????O??@@S????GA?P_?????C?@@_C?????W??gC?????@_O?P???????COC?I????????_hC???????CD?@G?????_O?Oc???????,[(34-47)-(33-37)-(32-57)-(31-61)-(30-41)-(29-40)-(28-58)-(27-60)-(26-59)-(25-39)-(24-44)-(23-67)-(22-42)-(21-63)-(20-43)-(19-69)-(18-62)-(17-68)-(16-45)-(15-35)-(14-46)-(13-56)-(12-54)-(11-50)-(10-38)-(9-55)-(8-53)-(7-36)-(6-66)-(5-51)-(4-52)-(3-48)-(2-65)-(1-64)-(0-49)],0.00036144256591796875,0.02974414825439453,4,True,4
~?@E?????????????????????????????????????????????????????????????????????????????????????????????????????AX@?SO_?O?A??CAE@@??@D?I_?A?O?__?DG?_?C@Q??O__OG??gQ@????O__a???@?B??c?@ED?????O?@A?P??C?_Oa???g@GO??????`Og????HGo?????A?@GGO???Ad???_???cC?G?_???Z_????????@G?d?????A@A?K???C?A?@P??????I@S??????IG?c?????O??@@S????GA?P_?????C?@@_C?????W??gC?????@_O?P???????COC?I????????_hC???????CD?@G?????_O?Oc???????,[(34-47)-(33-37)-(32-57)-(31-61)-(30-41)-(29-40)-(28-58)-(27-60)-(26-59)-(25-39)-(24-44)-(23-67)-(22-42)-(21-63)-(20-43)-(19-69)-(18-62)-(17-68)-(16-45)-(15-35)-(14-46)-(13-56)-(12-54)-(11-50)-(10-38)-(9-55)-(8-53)-(7-36)-(6-66)-(5-51)-(4-52)-(3-48)-(2-65)-(1-64)-(0-49)],0.00035071372985839844,0.022531986236572266,3,True,3
~?@E?????????????????????????????????????????????????????????????????????????????????????????????????????AX@?SO_?O?A??CAE@@??@D?I_?A?O?__?DG?_?C@Q??O__OG??gQ@????O__a???@?B??c?@ED?????O?@A?P??C?_Oa???g@GO??????`Og????HGo?????A?@GGO???Ad???_???cC?G?_???Z_????????@G?d?????A@A?K???C?A?@P??????I@S??????IG?c?????O??@@S????GA?P_?????C?@@_C?????W??gC?????@_O?P???????COC?I????????_hC???????CD?@G?????_O?Oc???????,[(34-39)-(33-57)-(32-58)-(31-61)-(30-47)-(29-40)-(28-37)-(27-60)-(26-59)-(25-41)-(24-44)-(23-67)-(22-42)-(21-63)-(20-43)-(19-69)-(18-62)-(17-68)-(16-45)-(15-35)-(14-46)-(13-56)-(12-54)-(11-50)-(10-38)-(9-55)-(8-53)-(7-36)-(6-66)-(5-51)-(4-52)-(3-48)-(2-65)-(1-64)-(0-49)],0.0003533363342285156,0.022300243377685547,3,True,3
~?@E?????????????????????????????????????????????????????????????????????????????????????????????????????AX@?SO_?O?A??CAE@@??@D?I_?A?O?__?DG?_?C@Q??O__OG??gQ@????O__a???@?B??c?@ED?????O?@A?P??C?_Oa???g@GO??????`Og????HGo?????A?@GGO???Ad???_???cC?G?_???Z_????????@G?d?????A@A?K???C?A?@P??????I@S??????IG?c?????O??@@S????GA?P_?????C?@@_C?????W??gC?????@_O?P???????COC?I????????_hC???????CD?@G?????_O?Oc???????,[(34-39)-(33-57)-(32-58)-(31-61)-(30-47)-(29-40)-(28-37)-(27-60)-(26-59)-(25-41)-(24-44)-(23-67)-(22-42)-(21-63)-(20-43)-(19-69)-(18-62)-(17-68)-(16-45)-(15-35)-(14-46)-(13-56)-(12-54)-(11-50)-(10-38)-(9-55)-(8-53)-(7-36)-(6-66)-(5-51)-(4-52)-(3-48)-(2-65)-(1-64)-(0-49)],0.0004093647003173828,0.015367269515991211,2,True,2
~?@E?????????????????????????????????????????????????????????????????????????????????????????????????????AX@?SO_?O?A??CAE@@??@D?I_?A?O?__?DG?_?C@Q??O__OG??gQ@????O__a???@?B??c?@ED?????O?@A?P??C?_Oa???g@GO??????`Og????HGo?????A?@GGO???Ad???_???cC?G?_???Z_????????@G?d?????A@A?K???C?A?@P??????I@S??????IG?c?????O??@@S????GA?P_?????C?@@_C?????W??gC?????@_O?P???????COC?I????????_hC???????CD?@G?????_O?Oc???????,[(34-39)-(33-37)-(32-57)-(31-61)-(30-47)-(29-40)-(28-58)-(27-60)-(26-59)-(25-41)-(24-44)-(23-67)-(22-42)-(21-63)-(20-43)-(19-69)-(18-62)-(17-68)-(16-45)-(15-35)-(14-46)-(13-56)-(12-54)-(11-50)-(10-38)-(9-55)-(8-53)-(7-36)-(6-66)-(5-51)-(4-52)-(3-48)-(2-65)-(1-64)-(0-49)],0.0003523826599121094,0.004433155059814453,0,True,0
~?@E?????????????????????????????????????????????????????????????????????????????????????????????????????AX@?SO_?O?A??CAE@@??@D?I_?A?O?__?DG?_?C@Q??O__OG??gQ@????O__a???@?B??c?@ED?????O?@A?P??C?_Oa???g@GO??????`Og????HGo?????A?@GGO???Ad???_???cC?G?_???Z_????????@G?d?????A@A?K???C?A?@P??????I@S??????IG?c?????O??@@S????GA?P_?????C?@@_C?????W??gC?????@_O?P???????COC?I????????_hC???????CD?@G?????_O?Oc???????,[(34-39)-(33-37)-(32-57)-(31-61)-(30-47)-(29-40)-(28-58)-(27-60)-(26-59)-(25-41)-(24-44)-(23-67)-(22-42)-(21-63)-(20-43)-(19-69)-(18-62)-(17-68)-(16-45)-(15-35)-(14-46)-(13-56)-(12-54)-(11-50)-(10-38)-(9-55)-(8-53)-(7-36)-(6-66)-(5-51)-(4-52)-(3-48)-(2-65)-(1-64)-(0-49)],0.00035762786865234375,0.009424209594726562,1,True,1
~?@E?????????????????????????????????????????????????????????????????????????????????????????????????????AX@?SO_?O?A??CAE@@??@D?I_?A?O?__?DG?_?C@Q??O__OG??gQ@????O__a???@?B??c?@ED?????O?@A?P??C?_Oa???g@GO??????`Og????HGo?????A?@GGO???Ad???_???cC?G?_???Z_????????@G?d?????A@A?K???C?A?@P??????I@S??????IG?c?????O??@@S????GA?P_?????C?@@_C?????W??gC?????@_O?P???????COC?I????????_hC???????CD?@G?????_O?Oc???????,[(34-47)-(33-57)-(32-40)-(31-61)-(30-41)-(29-42)-(28-37)-(27-60)-(26-58)-(25-39)-(24-44)-(23-67)-(22-59)-(21-63)-(20-43)-(19-69)-(18-62)-(17-68)-(16-45)-(15-35)-(14-46)-(13-56)-(12-54)-(11-50)-(10-38)-(9-55)-(8-53)-(7-36)-(6-66)-(5-51)-(4-52)-(3-48)-(2-65)-(1-64)-(0-49)],0.0003769397735595703,0.02211761474609375,3,True,3
~?@E?????????????????????????????????????????????????????????????????????????????????????????????????????AX@?SO_?O?A??CAE@@??@D?I_?A?O?__?DG?_?C@Q??O__OG??gQ@????O__a???@?B??c?@ED?????O?@A?P??C?_Oa???g@GO??????`Og????HGo?????A?@GGO???Ad???_???cC?G?_???Z_????????@G?d?????A@A?K???C?A?@P??????I@S??????IG?c?????O??@@S????GA?P_?????C?@@_C?????W??gC?????@_O?P???????COC?I????????_hC???????CD?@G?????_O?Oc???????,[(34-47)-(33-57)-(32-40)-(31-61)-(30-41)-(29-42)-(28-37)-(27-60)-(26-58)-(25-39)-(24-44)-(23-67)-(22-59)-(21-63)-(20-43)-(19-69)-(18-62)-(17-68)-(16-45)-(15-35)-(14-46)-(13-56)-(12-54)-(11-50)-(10-38)-(9-55)-(8-53)-(7-36)-(6-66)-(5-51)-(4-52)-(3-48)-(2-65)-(1-64)-(0-49)],0.00035858154296875,0.02223062515258789,3,True,3
~?@E?????????????????????????????????????????????????????????????????????????????????????????????????????AX@?SO_?O?A??CAE@@??@D?I_?A?O?__?DG?_?C@Q??O__OG??gQ@????O__a???@?B??c?@ED?????O?@A?P??C?_Oa???g@GO??????`Og????HGo?????A?@GGO???Ad???_???cC?G?_???Z_????????@G?d?????A@A?K???C?A?@P??????I@S??????IG?c?????O??@@S????GA?P_?????C?@@_C?????W??gC?????@_O?P???????COC?I????????_hC???????CD?@G?????_O?Oc???????,[(34-39)-(33-57)-(32-40)-(31-61)-(30-47)-(29-42)-(28-37)-(27-60)-(26-58)-(25-41)-(24-44)-(23-67)-(22-59)-(21-63)-(20-43)-(19-69)-(18-62)-(17-68)-(16-45)-(15-35)-(14-46)-(13-56)-(12-54)-(11-50)-(10-38)-(9-55)-(8-53)-(7-36)-(6-66)-(5-51)-(4-52)-(3-48)-(2-65)-(1-64)-(0-49)],0.0003771781921386719,0.009499073028564453,1,True,1
~?@E?????????????????????????????????????????????????????????????????????????????????????????????????????AX@?SO_?O?A??CAE@@??@D?I_?A?O?__?DG?_?C@Q??O__OG??gQ@????O__a???@?B??c?@ED?????O?@A?P??C?_Oa???g@GO??????`Og????HGo?????A?@GGO???Ad???_???cC?G?_???Z_????????@G?d?????A@A?K???C?A?@P??????I@S??????IG?c?????O??@@S????GA?P_?????C?@@_C?????W??gC?????@_O?P???????COC?I????????_hC???????CD?@G?????_O?Oc???????,[(34-39)-(33-57)-(32-40)-(31-61)-(30-47)-(29-42)-(28-37)-(27-60)-(26-58)-(25-41)-(24-44)-(23-67)-(22-59)-(21-63)-(20-43)-(19-69)-(18-62)-(17-68)-(16-45)-(15-35)-(14-46)-(13-56)-(12-54)-(11-50)-(10-38)-(9-55)-(8-53)-(7-36)-(6-66)-(5-51)-(4-52)-(3-48)-(2-65)-(1-64)-(0-49)],0.0003609657287597656,0.015475273132324219,2,True,2
~?@E?????????????????????????????????????????????????????????????????????????????????????????????????????AX@?SO_?O?A??CAE@@??@D?I_?A?O?__?DG?_?C@Q??O__OG??gQ@????O__a???@?B??c?@ED?????O?@A?P??C?_Oa???g@GO??????`Og????HGo?????A?@GGO???Ad???_???cC?G?_???Z_????????@G?d?????A@A?K???C?A?@P??????I@S??????IG?c?????O??@@S????GA?P_?????C?@@_C?????W??gC?????@_O?P???????COC?I????????_hC???????CD?@G?????_O?Oc???????,[(34-39)-(33-37)-(32-40)-(31-61)-(30-63)-(29-42)-(28-58)-(27-60)-(26-59)-(25-41)-(24-44)-(23-67)-(22-57)-(21-47)-(20-43)-(19-69)-(18-62)-(17-68)-(16-45)-(15-35)-(14-46)-(13-56)-(12-54)-(11-50)-(10-38)-(9-55)-(8-53)-(7-36)-(6-66)-(5-51)-(4-52)-(3-48)-(2-65)-(1-64)-(0-49)],0.0003578662872314453,0.015467405319213867,2,True,2
~?@E?????????????????????????????????????????????????????????????????????????????????????????????????????AX@?SO_?O?A??CAE@@??@D?I_?A?O?__?DG?_?C@Q??O__OG??gQ@????O__a???@?B??c?@ED?????O?@A?P??C?_Oa???g@GO??????`Og????HGo?????A?@GGO???Ad???_???cC?G?_???Z_????????@G?d?????A@A?K???C?A?@P??????I@S??????IG?c?????O??@@S????GA?P_?????C?@@_C?????W??gC?????@_O?P???????COC?I????????_hC???????CD?@G?????_O?Oc???????,[(34-39)-(33-37)-(32-40)-(31-61)-(30-63)-(29-42)-(28-58)-(27-60)-(26-59)-(25-41)-(24-44)-(23-67)-(22-57)-(21-47)-(20-43)-(19-69)-(18-62)-(17-68)-(16-45)-(15-35)-(14-46)-(13-56)-(12-54)-(11-50)-(10-38)-(9-55)-(8-53)-(7-36)-(6-66)-(5-51)-(4-52)-(3-48)-(2-65)-(1-64)-(0-49)],0.0003497600555419922,0.00962066650390625,1,True,1
~?@E?????????????????????????????????????????????????????????????????????????????????????????????????????AX@?SO_?O?A??CAE@@??@D?I_?A?O?__?DG?_?C@Q??O__OG??gQ@????O__a???@?B??c?@ED?????O?@A?P??C?_Oa???g@GO??????`Og????HGo?????A?@GGO???Ad???_???cC?G?_???Z_????????@G?d?????A@A?K???C?A?@P??????I@S??????IG?c?????O??@@S????GA?P_?????C?@@_C?????W??gC?????@_O?P???????COC?I????????_hC???????CD?@G?????_O?Oc???????,[(34-39)-(33-57)-(32-58)-(31-61)-(30-63)-(29-40)-(28-37)-(27-60)-(26-59)-(25-41)-(24-44)-(23-67)-(22-42)-(21-47)-(20-43)-(19-69)-(18-62)-(17-68)-(16-45)-(15-35)-(14-46)-(13-56)-(12-54)-(11-50)-(10-38)-(9-55)-(8-53)-(7-36)-(6-66)-(5-51)-(4-52)-(3-48)-(2-65)-(1-64)-(0-49)],0.00036263465881347656,0.022415876388549805,3,True,3
~?@E?????????????????????????????????????????????????????????????????????????????????????????????????????AX@?SO_?O?A??CAE@@??@D?I_?A?O?__?DG?_?C@Q??O__OG??gQ@????O__a???@?B??c?@ED?????O?@A?P??C?_Oa???g@GO??????`Og????HGo?????A?@GGO???Ad???_???cC?G?_???Z_????????@G?d?????A@A?K???C?A?@P??????I@S??????IG?c?????O??@@S????GA?P_?????C?@@_C?????W??gC?????@_O?P???????COC?I????????_hC???????CD?@G?????_O?Oc???????,[(34-39)-(33-57)-(32-58)-(31-61)-(30-63)-(29-40)-(28-37)-(27-60)-(26-59)-(25-41)-(24-44)-(23-67)-(22-42)-(21-47)-(20-43)-(19-69)-(18-62)-(17-68)-(16-45)-(15-35)-(14-46)-(13-56)-(12-54)-(11-50)-(10-38)-(9-55)-(8-53)-(7-36)-(6-66)-(5-51)-(4-52)-(3-48)-(2-65)-(1-64)-(0-49)],0.0004019737243652344,0.015512466430664062,2,True,2
~?@E???????????????????????????????????????????????????????????????????????????????????????????????????@O?C?S_A@@@?HAB???O??GT?EI???A???WB?A?QGQ?????G?Ga_??@c_?O??cO_?_?@?W?G_??`?C@@??G?@GK?????`p????CC?E?C??A?CO?I???C@?E_??????OqG???@?GG@G???E?@_G?????OoOA???AC???EG???G?O?SC????QC?GO?????CgC@?????G?OSA???????CEOG????L?_??_?????_c@??O????A?A?c_????@?UC???????BE_????????COOGC???????C_??e???????K_?CC??????,[(34-56)-(33-57)-(32-44)-(31-39)-(30-45)-(29-62)-(28-59)-(27-51)-(26-46)-(25-52)-(24-38)-(23-58)-(22-61)-(21-43)-(20-54)-(19-60)-(18-41)-(17-37)-(16-47)-(15-55)-(14-50)-(13-40)-(12-48)-(11-42)-(10-36)-(9-63)-(8-69)-(7-53)-(6-35)-(5-68)-(4-64)-(3-49)-(2-66)-(1-65)-(0-67)],0.0003800392150878906,0.010552406311035156,1,True,1
~?@E???????????????????????????????????????????????????????????????????????????????????????????????????@O?C?S_A@@@?HAB???O??GT?EI???A???WB?A?QGQ?????G?Ga_??@c_?O??cO_?_?@?W?G_??`?C@@??G?@GK?????`p????CC?E?C??A?CO?I???C@?E_??????OqG???@?GG@G???E?@_G?????OoOA???AC???EG???G?O?SC????QC?GO?????CgC@?????G?OSA???????CEOG????L?_??_?????_c@??O????A?A?c_????@?UC???????BE_????????COOGC???????C_??e???????K_?CC??????,[(34-56)-(33-57)-(32-44)-(31-39)-(30-45)-(29-62)-(28-59)-(27-51)-(26-46)-(25-52)-(24-38)-(23-58)-(22-61)-(21-43)-(20-54)-(19-60)-(18-41)-(17-37)-(16-47)-(15-55)-(14-50)-(13-40)-(12-48)-(11-42)-(10-36)-(9-63)-(8-69)-(7-53)-(6-35)-(5-68)-(4-64)-(3-49)-(2-66)-(1-65)-(0-67)],0.0003504753112792969,0.03009939193725586,4,True,4
~?@E???????????????????????????????????????????????????????????????????????????????????????????????????@O?C?S_A@@@?HAB???O??GT?EI???A???WB?A?QGQ?????G?Ga_??@c_?O??cO_?_?@?W?G_??`?C@@??G?@GK?????`p????CC?E?C??A?CO?I???C@?E_??????OqG???@?GG@G???E?@_G?????OoOA???AC???EG???G?O?SC????QC?GO?????CgC@?????G?OSA???????CEOG????L?_??_?????_c@??O????A?A?c_????@?UC???????BE_????????COOGC???????C_??e???????K_?CC??????,[(34-43)-(33-57)-(32-46)-(31-39)-(30-56)-(29-62)-(28-59)-(27-51)-(26-45)-(25-52)-(24-38)-(23-58)-(22-61)-(21-54)-(20-44)-(19-60)-(18-41)-(17-37)-(16-47)-(15-55)-(14-50)-(13-40)-(12-48)-(11-42)-(10-36)-(9-63)-(8-69)-(7-53)-(6-35)-(5-68)-(4-64)-(3-49)-(2-66)-(1-65)-(0-67)],0.00035452842712402344,0.01537013053894043,2,True,2
~?@E???????????????????????????????????????????????????????????????????????????????????????????????????@O?C?S_A@@@?HAB???O??GT?EI???A???WB?A?QGQ?????G?Ga_??@c_?O??cO_?_?@?W?G_??`?C@@??G?@GK?????`p????CC?E?C??A?CO?I???C@?E_??????OqG???@?GG@G???E?@_G?????OoOA???AC???EG???G?O?SC????QC?GO?????CgC@?????G?OSA???????CEOG????L?_??_?????_c@??O????A?A?c_????@?UC???????BE_????????COOGC???????C_??e???????K_?CC??????,[(34-43)-(33-57)-(32-46)-(31-39)-(30-56)-(29-62)-(28-59)-(27-51)-(26-45)-(25-52)-(24-38)-(23-58)-(22-61)-(21-54)-(20-44)-(19-60)-(18-41)-(17-37)-(16-47)-(15-55)-(14-50)-(13-40)-(12-48)-(11-42)-(10-36)-(9-63)-(8-69)-(7-53)-(6-35)-(5-68)-(4-64)-(3-49)-(2-66)-(1-65)-(0-67)],0.0003592967987060547,0.015398263931274414,2,True,2
~?@E???????????????????????????????????????????????????????????????????????????????????????????????????@O?C?S_A@@@?HAB???O??GT?EI???A???WB?A?QGQ?????G?Ga_??@c_?O??cO_?_?@?W?G_??`?C@@??G?@GK?????`p????CC?E?C??A?CO?I???C@?E_??????OqG???@?GG@G???E?@_G?????OoOA???AC???EG???G?O?SC????QC?GO?????CgC@?????G?OSA???????CEOG????L?_??_?????_c@??O????A?A?c_????@?UC???????BE_????????COOGC???????C_??e???????K_?CC??????,[(34-56)-(33-57)-(32-44)-(31-39)-(30-45)-(29-62)-(28-59)-(27-51)-(26-46)-(25-47)-(24-38)-(23-58)-(22-61)-(21-60)-(20-54)-(19-52)-(18-43)-(17-37)-(16-55)-(15-41)-(14-50)-(13-40)-(12-48)-(11-42)-(10-36)-(9-63)-(8-69)-(7-53)-(6-35)-(5-68)-(4-64)-(3-49)-(2-66)-(1-65)-(0-67)],0.00035262107849121094,0.009471654891967773,1,True,1
~?@E???????????????????????????????????????????????????????????????????????????????????????????????????@O?C?S_A@@@?HAB???O??GT?EI???A???WB?A?QGQ?????G?Ga_??@c_?O??cO_?_?@?W?G_??`?C@@??G?@GK?????`p????CC?E?C??A?CO?I???C@?E_??????OqG???@?GG@G???E?@_G?????OoOA???AC???EG???G?O?SC????QC?GO?????CgC@?????G?OSA???????CEOG????L?_??_?????_c@??O????A?A?c_????@?UC???????BE_????????COOGC???????C_??e???????K_?CC??????,[(34-56)-(33-57)-(32-44)-(31-39)-(30-45)-(29-62)-(28-59)-(27-51)-(26-46)-(25-47)-(24-38)-(23-58)-(22-61)-(21-60)-(20-54)-(19-52)-(18-43)-(17-37)-(16-55)-(15-41)-(14-50)-(13-40)-(12-48)-(11-42)-(10-36)-(9-63)-(8-69)-(7-53)-(6-35)-(5-68)-(4-64)-(3-49)-(2-66)-(1-65)-(0-67)],0.00035762786865234375,0.022414684295654297,3,True,3
~?@E???????????????????????????????????????????????????????????????????????????????????????????????????@O?C?S_A@@@?HAB???O??GT?EI???A???WB?A?QGQ?????G?Ga_??@c_?O??cO_?_?@?W?G_??`?C@@??G?@GK?????`p????CC?E?C??A?CO?I???C@?E_??????OqG???@?GG@G???E?@_G?????OoOA???AC???EG???G?O?SC????QC?GO?????CgC@?????G?OSA???????CEOG????L?_??_?????_c@??O????A?A?c_????@?UC???????BE_????????COOGC???????C_??e???????K_?CC??????,[(34-56)-(33-57)-(32-44)-(31-39)-(30-45)-(29-62)-(28-60)-(27-51)-(26-46)-(25-47)-(24-38)-(23-58)-(22-61)-(21-54)-(20-59)-(19-52)-(18-43)-(17-37)-(16-55)-(15-41)-(14-50)-(13-40)-(12-48)-(11-42)-(10-36)-(9-63)-(8-69)-(7-53)-(6-35)-(5-68)-(4-64)-(3-49)-(2-66)-(1-65)-(0-67)],0.00041174888610839844,0.00443720817565918,0,True,0
~?@E???????????????????????????????????????????????????????????????????????????????????????????????????@O?C?S_A@@@?HAB???O??GT?EI???A???WB?A?QGQ?????G?Ga_??@c_?O??cO_?_?@?W?G_??`?C@@??G?@GK?????`p????CC?E?C??A?CO?I???C@?E_??????OqG???@?GG@G???E?@_G?????OoOA???AC???EG???G?O?SC????QC?GO?????CgC@?????G?OSA???????CEOG????L?_??_?????_c@??O????A?A?c_????@?UC???????BE_????????COOGC???????C_??e???????K_?CC??????,[(34-56)-(33-57)-(32-44)-(31-39)-(30-45)-(29-62)-(28-60)-(27-51)-(26-46)-(25-47)-(24-38)-(23-58)-(22-61)-(21-54)-(20-59)-(19-52)-(18-43)-(17-37)-(16-55)-(15-41)-(14-50)-(13-40)-(12-48)-(11-42)-(10-36)-(9-63)-(8-69)-(7-53)-(6-35)-(5-68)-(4-64)-(3-49)-(2-66)-(1-65)-(0-67)],0.0003573894500732422,0.015539407730102539,2,True,2
~?@E???????????????????????????????????????????????????????????????????????????????????????????????????@O?C?S_A@@@?HAB???O??GT?EI???A???WB?A?QGQ?????G?Ga_??@c_?O??cO_?_?@?W?G_??`?C@@??G?@GK?????`p????CC?E?C??A?CO?I???C@?E_??????OqG???@?GG@G???E?@_G?????OoOA???AC???EG???G?O?SC????QC?GO?????CgC@?????G?OSA???????CEOG????L?_??_?????_c@??O????A?A?c_????@?UC???????BE_????????COOGC???????C_??e???????K_?CC??????,[(34-56)-(33-57)-(32-44)-(31-39)-(30-45)-(29-62)-(28-59)-(27-51)-(26-46)-(25-47)-(24-52)-(23-58)-(22-61)-(21-60)-(20-54)-(19-38)-(18-43)-(17-37)-(16-55)-(15-41)-(14-50)-(13-40)-(12-48)-(11-42)-(10-36)-(9-63)-(8-69)-(7-53)-(6-35)-(5-68)-(4-64)-(3-49)-(2-66)-(1-65)-(0-67)],0.0003504753112792969,0.058878183364868164,4,True,4
~?@E???????????????????????????????????????????????????????????????????????????????????????????????????@O?C?S_A@@@?HAB???O??GT?EI???A???WB?A?QGQ?????G?Ga_??@c_?O??cO_?_?@?W?G_??`?C@@??G?@GK?????`p????CC?E?C??A?CO?I???C@?E_??????OqG???@?GG@G???E?@_G?????OoOA???AC???EG???G?O?SC????QC?GO?????CgC@?????G?OSA???????CEOG????L?_??_?????_c@??O????A?A?c_????@?UC???????BE_????????COOGC???????C_??e???????K_?CC??????,[(34-56)-(33-57)-(32-44)-(31-39)-(30-45)-(29-62)-(28-59)-(27-51)-(26-46)-(25-47)-(24-52)-(23-58)-(22-61)-(21-60)-(20-54)-(19-38)-(18-43)-(17-37)-(16-55)-(15-41)-(14-50)-(13-40)-(12-48)-(11-42)-(10-36)-(9-63)-(8-69)-(7-53)-(6-35)-(5-68)-(4-64)-(3-49)-(2-66)-(1-65)-(0-67)],0.00037288665771484375,0.030098676681518555,4,True,4
~?@E???????????????????????????????????????????????????????????????????????????????????????????????????@O?C?S_A@@@?HAB???O??GT?EI???A???WB?A?QGQ?????G?Ga_??@c_?O??cO_?_?@?W?G_??`?C@@??G?@GK?????`p????CC?E?C??A?CO?I???C@?E_??????OqG???@?GG@G???E?@_G?????OoOA???AC???EG???G?O?SC????QC?GO?????CgC@?????G?OSA???????CEOG????L?_??_?????_c@??O????A?A?c_????@?UC???????BE_????????COOGC???????C_??e???????K_?CC??????,[(34-56)-(33-57)-(32-44)-(31-39)-(30-45)-(29-62)-(28-60)-(27-51)-(26-46)-(25-47)-(24-52)-(23-58)-(22-61)-(21-54)-(20-59)-(19-38)-(18-43)-(17-37)-(16-55)-(15-41)-(14-50)-(13-40)-(12-48)-(11-42)-(10-36)-(9-63)-(8-69)-(7-53)-(6-35)-(5-68)-(4-64)-(3-49)-(2-66)-(1-65)-(0-67)],0.00038886070251464844,0.009448051452636719,1,True,1
~?@E???????????????????????????????????????????????????????????????????????????????????????????????????@O?C?S_A@@@?HAB???O??GT?EI???A???WB?A?QGQ?????G?Ga_??@c_?O??cO_?_?@?W?G_??`?C@@??G?@GK?????`p????CC?E?C??A?CO?I???C@?E_??????OqG???@?GG@G???E?@_G?????OoOA???AC???EG???G?O?SC????QC?GO?????CgC@?????G?OSA???????CEOG????L?_??_?????_c@??O????A?A?c_????@?UC???????BE_????????COOGC???????C_??e???????K_?CC??????,[(34-56)-(33-57)-(32-44)-(31-39)-(30-45)-(29-62)-(28-60)-(27-51)-(26-46)-(25-47)-(24-52)-(23-58)-(22-61)-(21-54)-(20-59)-(19-38)-(18-43)-(17-37)-(16-55)-(15-41)-(14-50)-(13-40)-(12-48)-(11-42)-(10-36)-(9-63)-(8-69)-(7-53)-(6-35)-(5-68)-(4-64)-(3-49)-(2-66)-(1-65)-(0-67)],0.0003609657287597656,0.03856396675109863,5,True,5
~?@E???????????????????????????????????????????????????????????????????????????????????????????????????@O?C?S_A@@@?HAB???O??GT?EI???A???WB?A?QGQ?????G?Ga_??@c_?O??cO_?_?@?W?G_??`?C@@??G?@GK?????`p????CC?E?C??A?CO?I???C@?E_??????OqG???@?GG@G???E?@_G?????OoOA???AC???EG???G?O?SC????QC?GO?????CgC@?????G?OSA???????CEOG????L?_??_?????_c@??O????A?A?c_????@?UC???????BE_????????COOGC???????C_??e???????K_?CC??????,[(34-56)-(33-57)-(32-44)-(31-39)-(30-45)-(29-62)-(28-38)-(27-51)-(26-46)-(25-47)-(24-52)-(23-58)-(22-61)-(21-54)-(20-59)-(19-60)-(18-43)-(17-37)-(16-55)-(15-41)-(14-50)-(13-40)-(12-48)-(11-42)-(10-36)-(9-63)-(8-69)-(7-53)-(6-35)-(5-68)-(4-64)-(3-49)-(2-66)-(1-65)-(0-67)],0.00036025047302246094,0.009559392929077148,1,True,1
~?@E???????????????????????????????????????????????????????????????????????????????????????????????????@O?C?S_A@@@?HAB???O??GT?EI???A???WB?A?QGQ?????G?Ga_??@c_?O??cO_?_?@?W?G_??`?C@@??G?@GK?????`p????CC?E?C??A?CO?I???C@?E_??????OqG???@?GG@G???E?@_G?????OoOA???AC???EG???G?O?SC????QC?GO?????CgC@?????G?OSA???????CEOG????L?_??_?????_c@??O????A?A?c_????@?UC???????BE_????????COOGC???????C_??e???????K_?CC??????,[(34-56)-(33-57)-(32-44)-(31-39)-(30-45)-(29-62)-(28-38)-(27-51)-(26-46)-(25-47)-(24-52)-(23-58)-(22-61)-(21-54)-(20-59)-(19-60)-(18-43)-(17-37)-(16-55)-(15-41)-(14-50)-(13-40)-(12-48)-(11-42)-(10-36)-(9-63)-(8-69)-(7-53)-(6-35)-(5-68)-(4-64)-(3-49)-(2-66)-(1-65)-(0-67)],0.0003573894500732422,0.022348880767822266,3,True,3
~?@E???????????????????????????????????????????????????????????????????????????????????????????????????@O?C?S_A@@@?HAB???O??GT?EI???A???WB?A?QGQ?????G?Ga_??@c_?O??cO_?_?@?W?G_??`?C@@??G?@GK?????`p????CC?E?C??A?CO?I???C@?E_??????OqG???@?GG@G???E?@_G?????OoOA???AC???EG???G?O?SC????QC?GO?????CgC@?????G?OSA???????CEOG????L?_??_?????_c@??O????A?A?c_????@?UC???????BE_????????COOGC???????C_??e???????K_?CC??????,[(34-56)-(33-57)-(32-44)-(31-39)-(30-45)-(29-62)-(28-52)-(27-51)-(26-46)-(25-47)-(24-38)-(23-58)-(22-61)-(21-54)-(20-59)-(19-60)-(18-43)-(17-37)-(16-55)-(15-41)-(14-50)-(13-40)-(12-48)-(11-42)-(10-36)-(9-63)-(8-69)-(7-53)-(6-35)-(5-68)-(4-64)-(3-49)-(2-66)-(1-65)-(0-67)],0.0003514289855957031,0.0044901371002197266,0,True,0
~?@E???????????????????????????????????????????????????????????????????????????????????????????????????@O?C?S_A@@@?HAB???O??GT?EI???A???WB?A?QGQ?????G?Ga_??@c_?O??cO_?_?@?W?G_??`?C@@??G?@GK?????`p????CC?E?C??A?CO?I???C@?E_??????OqG???@?GG@G???E?@_G?????OoOA???AC???EG???G?O?SC????QC?GO?????CgC@?????G?OSA???????CEOG????L?_??_?????_c@??O????A?A?c_????@?UC???????BE_????????COOGC???????C_??e???????K_?CC??????,[(34-56)-(33-57)-(32-44)-(31-39)-(30-45)-(29-62)-(28-52)-(27-51)-(26-46)-(25-47)-(24-38)-(23-58)-(22-61)-(21-54)-(20-59)-(19-60)-(18-43)-(17-37)-(16-55)-(15-41)-(14-50)-(13-40)-(12-48)-(11-42)-(10-36)-(9-63)-(8-69)-(7-53)-(6-35)-(5-68)-(4-64)-(3-49)-(2-66)-(1-65)-(0-67)],0.00035762786865234375,0.01592230796813965,2,True,2
~?@E???????????????????????????????????????????????????????????????????????????????????????????????????@O?C?S_A@@@?HAB???O??GT?EI???A???WB?A?QGQ?????G?Ga_??@c_?O??cO_?_?@?W?G_??`?C@@??G?@GK?????`p????CC?E?C??A?CO?I???C@?E_??????OqG???@?GG@G???E?@_G?????OoOA???AC???EG???G?O?SC????QC?GO?????CgC@?????G?OSA???????CEOG????L?_??_?????_c@??O????A?A?c_????@?UC???????BE_????????COOGC???????C_??e???????K_?CC??????,[(34-56)-(33-57)-(32-46)-(31-39)-(30-45)-(29-62)-(28-59)-(27-51)-(26-38)-(25-47)-(24-52)-(23-58)-(22-61)-(21-54)-(20-44)-(19-60)-(18-43)-(17-37)-(16-55)-(15-41)-(14-50)-(13-40)-(12-48)-(11-42)-(10-36)-(9-63)-(8-69)-(7-53)-(6-35)-(5-68)-(4-64)-(3-49)-(2-66)-(1-65)-(0-67)],0.0003643035888671875,0.004418134689331055,0,True,0
~?@E???????????????????????????????????????????????????????????????????????????????????????????????????@O?C?S_A@@@?HAB???O??GT?EI???A???WB?A?QGQ?????G?Ga_??@c_?O??cO_?_?@?W?G_??`?C@@??G?@GK?????`p????CC?E?C??A?CO?I???C@?E_??????OqG???@?GG@G???E?@_G?????OoOA???AC???EG???G?O?SC????QC?GO?????CgC@?????G?OSA???????CEOG????L?_??_?????_c@??O????A?A?c_????@?UC???????BE_????????COOGC???????C_??e???????K_?CC??????,[(34-56)-(33-57)-(32-46)-(31-39)-(30-45)-(29-62)-(28-59)-(27-51)-(26-38)-(25-47)-(24-52)-(23-58)-(22-61)-(21-54)-(20-44)-(19-60)-(18-43)-(17-37)-(16-55)-(15-41)-(14-50)-(13-40)-(12-48)-(11-42)-(10-36)-(9-63)-(8-69)-(7-53)-(6-35)-(5-68)-(4-64)-(3-49)-(2-66)-(1-65)-(0-67)],0.0003571510314941406,0.02231907844543457,3,True,3
~?@E???????????????????????????????????????????????????????????????????????????????????????????????????@O?C?S_A@@@?HAB???O??GT?EI???A???WB?A?QGQ?????G?Ga_??@c_?O??cO_?_?@?W?G_??`?C@@??G?@GK?????`p????CC?E?C??A?CO?I???C@?E_??????OqG???@?GG@G???E?@_G?????OoOA???AC???EG???G?O?SC????QC?GO?????CgC@?????G?OSA???????CEOG????L?_??_?????_c@??O????A?A?c_????@?UC???????BE_????????COOGC???????C_??e???????K_?CC??????,[(34-56)-(33-57)-(32-46)-(31-39)-(30-45)-(29-62)-(28-59)-(27-51)-(26-47)-(25-52)-(24-38)-(23-58)-(22-61)-(21-54)-(20-44)-(19-60)-(18-43)-(17-37)-(16-55)-(15-41)-(14-50)-(13-40)-(12-48)-(11-42)-(10-36)-(9-63)-(8-69)-(7-53)-(6-35)-(5-68)-(4-64)-(3-49)-(2-66)-(1-65)-(0-67)],0.00035119056701660156,0.009616851806640625,1,True,1
~?@E???????????????????????????????????????????????????????????????????????????????????????????????????@O?C?S_A@@@?HAB???O??GT?EI???A???WB?A?QGQ?????G?Ga_??@c_?O??cO_?_?@?W?G_??`?C@@??G?@GK?????`p????CC?E?C??A?CO?I???C@?E_??????OqG???@?GG@G???E?@_G?????OoOA???AC???EG???G?O?SC????QC?GO?????CgC@?????G?OSA???????CEOG????L?_??_?????_c@??O????A?A?c_????@?UC???????BE_????????COOGC???????C_??e???????K_?CC??????,[(34-56)-(33-57)-(32-46)-(31-39)-(30-45)-(29-62)-(28-59)-(27-51)-(26-47)-(25-52)-(24-38)-(23-58)-(22-61)-(21-54)-(20-44)-(19-60)-(18-43)-(17-37)-(16-55)-(15-41)-(14-50)-(13-40)-(12-48)-(11-42)-(10-36)-(9-63)-(8-69)-(7-53)-(6-35)-(5-68)-(4-64)-(3-49)-(2-66)-(1-65)-(0-67)],0.0003566741943359375,0.00949239730834961,1,True,1
~?@E???????????????????????????????????????????????????????????????????????????????????????????????????S?@?CAOQO??AC?_AOGA_o??_?@`?AC???CSD??AH??@_??oAGA??@GGE???OQ?O?_?GC?g?A??WO??W??D?O@?_???_A@CA???_KG_???O??BB????G??_T???@??@CS??@?OA?_O???A?cCG???D???X?????G_CA_????O?@@__?????W??Q_???@S@?@???????D?WA????S??c?A??????KSG??????E?Q?C?????A?GACO?????@@W_??????D?K???_?????GIA?@?????@?_D_???????cOG??_??????,[(34-60)-(33-58)-(32-51)-(31-42)-(30-69)-(29-40)-(28-46)-(27-52)-(26-55)-(25-39)-(24-43)-(23-57)-(22-47)-(21-50)-(20-45)-(19-63)-(18-61)-(17-56)-(16-59)-(15-54)-(14-49)-(13-62)-(12-44)-(11-38)-(10-41)-(9-53)-(8-68)-(7-65)-(6-48)-(5-67)-(4-64)-(3-37)-(2-35)-(1-36)-(0-66)],0.0004086494445800781,0.005419731140136719,0,True,0
~?@E???????????????????????????????????????????????????????????????????????????????????????????????????S?@?CAOQO??AC?_AOGA_o??_?@`?AC???CSD??AH??@_??oAGA??@GGE???OQ?O?_?GC?g?A??WO??W??D?O@?_???_A@CA???_KG_???O??BB????G??_T???@??@CS??@?OA?_O???A?cCG???D???X?????G_CA_????O?@@__?????W??Q_???@S@?@???????D?WA????S??c?A??????KSG??????E?Q?C?????A?GACO?????@@W_??????D?K???_?????GIA?@?????@?_D_???????cOG??_??????,[(34-60)-(33-58)-(32-51)-(31-42)-(30-69)-(29-40)-(28-46)-(27-52)-(26-55)-(25-39)-(24-43)-(23-57)-(22-47)-(21-50)-(20-45)-(19-63)-(18-61)-(17-56)-(16-59)-(15-54)-(14-49)-(13-62)-(12-44)-(11-38)-(10-41)-(9-53)-(8-68)-(7-65)-(6-48)-(5-67)-(4-64)-(3-37)-(2-35)-(1-36)-(0-66)],0.0003681182861328125,0.015797138214111328,2,True,2
~?@E???????????????????????????????????????????????????????????????????????????????????????????????????S?@?CAOQO??AC?_AOGA_o??_?@`?AC???CSD??AH??@_??oAGA??@GGE???OQ?O?_?GC?g?A??WO??W??D?O@?_???_A@CA???_KG_???O??BB????G??_T???@??@CS??@?OA?_O???A?cCG???D???X?????G_CA_????O?@@__?????W??Q_???@S@?@???????D?WA????S??c?A??????KSG??????E?Q?C?????A?GACO?????@@W_??????D?K???_?????GIA?@?????@?_D_???????cOG??_??????,[(34-60)-(33-52)-(32-51)-(31-42)-(30-69)-(29-46)-(28-58)-(27-40)-(26-55)-(25-39)-(24-43)-(23-57)-(22-47)-(21-50)-(20-45)-(19-63)-(18-61)-(17-56)-(16-59)-(15-54)-(14-49)-(13-62)-(12-44)-(11-38)-(10-41)-(9-53)-(8-68)-(7-65)-(6-48)-(5-67)-(4-64)-(3-37)-(2-35)-(1-36)-(0-66)],0.0003705024719238281,0.015448570251464844,2,True,2
~?@E???????????????????????????????????????????????????????????????????????????????????????????????????S?@?CAOQO??AC?_AOGA_o??_?@`?AC???CSD??AH??@_??oAGA??@GGE???OQ?O?_?GC?g?A??WO??W??D?O@?_???_A@CA???_KG_???O??BB????G??_T???@??@CS??@?OA?_O???A?cCG???D???X?????G_CA_????O?@@__?????W??Q_???@S@?@???????D?WA????S??c?A??????KSG??????E?Q?C?????A?GACO?????@@W_??????D?K???_?????GIA?@?????@?_D_???????cOG??_??????,[(34-60)-(33-52)-(32-51)-(31-42)-(30-69)-(29-46)-(28-58)-(27-40)-(26-55)-(25-39)-(24-43)-(23-57)-(22-47)-(21-50)-(20-45)-(19-63)-(18-61)-(17-56)-(16-59)-(15-54)-(14-49)-(13-62)-(12-44)-(11-38)-(10-41)-(9-53)-(8-68)-(7-65)-(6-48)-(5-67)-(4-64)-(3-37)-(2-35)-(1-36)-(0-66)],0.0003590583801269531,0.015523433685302734,2,True,2
~?@E???????????????????????????????????????????????????????????????????????????????????????????????????S?@?CAOQO??AC?_AOGA_o??_?@`?AC???CSD??AH??@_??oAGA??@GGE???OQ?O?_?GC?g?A??WO??W??D?O@?_???_A@CA???_KG_???O??BB????G??_T???@??@CS??@?OA?_O???A?cCG???D???X?????G_CA_????O?@@__?????W??Q_???@S@?@???????D?WA????S??c?A??????KSG??????E?Q?C?????A?GACO?????@@W_??????D?K???_?????GIA?@?????@?_D_???????cOG??_??????,[(34-60)-(33-58)-(32-51)-(31-42)-(30-69)-(29-47)-(28-46)-(27-52)-(26-55)-(25-39)-(24-43)-(23-57)-(22-50)-(21-40)-(20-45)-(19-63)-(18-61)-(17-56)-(16-59)-(15-54)-(14-49)-(13-62)-(12-44)-(11-38)-(10-41)-(9-53)-(8-68)-(7-65)-(6-48)-(5-67)-(4-64)-(3-37)-(2-35)-(1-36)-(0-66)],0.0003974437713623047,0.015569210052490234,2,True,2
~?@E???????????????????????????????????????????????????????????????????????????????????????????????????S?@?CAOQO??AC?_AOGA_o??_?@`?AC???CSD??AH??@_??oAGA??@GGE???OQ?O?_?GC?g?A??WO??W??D?O@?_???_A@CA???_KG_???O??BB????G??_T???@??@CS??@?OA?_O???A?cCG???D???X?????G_CA_????O?@@__?????W??Q_???@S@?@???????D?WA????S??c?A??????KSG??????E?Q?C?????A?GACO?????@@W_??????D?K???_?????GIA?@?????@?_D_???????cOG??_??????,[(34-60)-(33-58)-(32-51)-(31-42)-(30-69)-(29-47)-(28-46)-(27-52)-(26-55)-(25-39)-(24-43)-(23-57)-(22-50)-(21-40)-(20-45)-(19-63)-(18-61)-(17-56)-(16-59)-(15-54)-(14-49)-(13-62)-(12-44)-(11-38)-(10-41)-(9-53)-(8-68)-(7-65)-(6-48)-(5-67)-(4-64)-(3-37)-(2-35)-(1-36)-(0-66)],0.0003516674041748047,0.015507936477661133,2,True,2
~?@E???????????????????????????????????????????????????????????????????????????????????????????????????S?@?CAOQO??AC?_AOGA_o??_?@`?AC???CSD??AH??@_??oAGA??@GGE???OQ?O?_?GC?g?A??WO??W??D?O@?_???_A@CA???_KG_???O??BB????G??_T???@??@CS??@?OA?_O???A?cCG???D???X?????G_CA_????O?@@__?????W??Q_???@S@?@???????D?WA????S??c?A??????KSG??????E?Q?C?????A?GACO?????@@W_??????D?K???_?????GIA?@?????@?_D_???????cOG??_??????,[(34-60)-(33-52)-(32-51)-(31-42)-(30-69)-(29-46)-(28-58)-(27-50)-(26-55)-(25-39)-(24-43)-(23-57)-(22-47)-(21-40)-(20-45)-(19-63)-(18-61)-(17-56)-(16-59)-(15-54)-(14-49)-(13-62)-(12-44)-(11-38)-(10-41)-(9-53)-(8-68)-(7-65)-(6-48)-(5-67)-(4-64)-(3-37)-(2-35)-(1-36)-(0-66)],0.0003509521484375,0.015606880187988281,2,True,2
~?@E???????????????????????????????????????????????????????????????????????????????????????????????????S?@?CAOQO??AC?_AOGA_o??_?@`?AC???CSD??AH??@_??oAGA??@GGE???OQ?O?_?GC?g?A??WO??W??D?O@?_???_A@CA???_KG_???O??BB????G??_T???@??@CS??@?OA?_O???A?cCG???D???X?????G_CA_????O?@@__?????W??Q_???@S@?@???????D?WA????S??c?A??????KSG??????E?Q?C?????A?GACO?????@@W_??????D?K???_?????GIA?@?????@?_D_???????cOG??_??????,[(34-60)-(33-52)-(32-51)-(31-42)-(30-69)-(29-46)-(28-58)-(27-50)-(26-55)-(25-39)-(24-43)-(23-57)-(22-47)-(21-40)-(20-45)-(19-63)-(18-61)-(17-56)-(16-59)-(15-54)-(14-49)-(13-62)-(12-44)-(11-38)-(10-41)-(9-53)-(8-68)-(7-65)-(6-48)-(5-67)-(4-64)-(3-37)-(2-35)-(1-36)-(0-66)],0.0003960132598876953,0.009609222412109375,1,True,1
~?@E???????????????????????????????????????????????????????????????????????????????????????????????????S?@?CAOQO??AC?_AOGA_o??_?@`?AC???CSD??AH??@_??oAGA??@GGE???OQ?O?_?GC?g?A??WO??W??D?O@?_???_A@CA???_KG_???O??BB????G??_T???@??@CS??@?OA?_O???A?cCG???D???X?????G_CA_????O?@@__?????W??Q_???@S@?@???????D?WA????S??c?A??????KSG??????E?Q?C?????A?GACO?????@@W_??????D?K???_?????GIA?@?????@?_D_???????cOG??_??????,[(34-60)-(33-58)-(32-51)-(31-42)-(30-69)-(29-46)-(28-50)-(27-52)-(26-55)-(25-39)-(24-43)-(23-57)-(22-47)-(21-40)-(20-45)-(19-63)-(18-61)-(17-56)-(16-59)-(15-54)-(14-49)-(13-62)-(12-44)-(11-38)-(10-41)-(9-53)-(8-68)-(7-65)-(6-48)-(5-67)-(4-64)-(3-37)-(2-35)-(1-36)-(0-66)],0.00035190582275390625,0.015566587448120117,2,True,2
~?@E???????????????????????????????????????????????????????????????????????????????????????????????????S?@?CAOQO??AC?_AOGA_o??_?@`?AC???CSD??AH??@_??oAGA??@GGE???OQ?O?_?GC?g?A??WO??W??D?O@?_???_A@CA???_KG_???O??BB????G??_T???@??@CS??@?OA?_O???A?cCG???D???X?????G_CA_????O?@@__?????W??Q_???@S@?@???????D?WA????S??c?A??????KSG??????E?Q?C?????A?GACO?????@@W_??????D?K???_?????GIA?@?????@?_D_???????cOG??_??????,[(34-60)-(33-58)-(32-51)-(31-42)-(30-69)-(29-46)-(28-50)-(27-52)-(26-55)-(25-39)-(24-43)-(23-57)-(22-47)-(21-40)-(20-45)-(19-63)-(18-61)-(17-56)-(16-59)-(15-54)-(14-49)-(13-62)-(12-44)-(11-38)-(10-41)-(9-53)-(8-68)-(7-65)-(6-48)-(5-67)-(4-64)-(3-37)-(2-35)-(1-36)-(0-66)],0.00035881996154785156,0.009603261947631836,1,True,1
~?@E???????????????????????????????????????????????????????????????????????????????????????????????????S?@?CAOQO??AC?_AOGA_o??_?@`?AC???CSD??AH??@_??oAGA??@GGE???OQ?O?_?GC?g?A??WO??W??D?O@?_???_A@CA???_KG_???O??BB????G??_T???@??@CS??@?OA?_O???A?cCG???D???X?????G_CA_????O?@@__?????W??Q_???@S@?@???????D?WA????S??c?A??????KSG??????E?Q?C?????A?GACO?????@@W_??????D?K???_?????GIA?@?????@?_D_???????cOG??_??????,[(34-60)-(33-58)-(32-51)-(31-42)-(30-69)-(29-47)-(28-46)-(27-40)-(26-56)-(25-39)-(24-43)-(23-52)-(22-55)-(21-50)-(20-45)-(19-63)-(18-61)-(17-57)-(16-59)-(15-54)-(14-49)-(13-62)-(12-44)-(11-38)-(10-41)-(9-53)-(8-68)-(7-65)-(6-48)-(5-67)-(4-64)-(3-37)-(2-35)-(1-36)-(0-66)],0.0003597736358642578,0.015558004379272461,2,True,2
~?@E???????????????????????????????????????????????????????????????????????????????????????????????????S?@?CAOQO??AC?_AOGA_o??_?@`?AC???CSD??AH??@_??oAGA??@GGE???OQ?O?_?GC?g?A??WO??W??D?O@?_???_A@CA???_KG_???O??BB????G??_T???@??@CS??@?OA?_O???A?cCG???D???X?????G_CA_????O?@@__?????W??Q_???@S@?@???????D?WA????S??c?A??????KSG??????E?Q?C?????A?GACO?????@@W_??????D?K???_?????GIA?@?????@?_D_???????cOG??_??????,[(34-60)-(33-58)-(32-51)-(31-42)-(30-69)-(29-47)-(28-46)-(27-40)-(26-56)-(25-39)-(24-43)-(23-52)-(22-55)-(21-50)-(20-45)-(19-63)-(18-61)-(17-57)-(16-59)-(15-54)-(14-49)-(13-62)-(12-44)-(11-38)-(10-41)-(9-53)-(8-68)-(7-65)-(6-48)-(5-67)-(4-64)-(3-37)-(2-35)-(1-36)-(0-66)],0.0003609657287597656,0.015618085861206055,2,True,2
~?@E???????????????????????????????????????????????????????????????????????????????????????????????????S?@?CAOQO??AC?_AOGA_o??_?@`?AC???CSD??AH??@_??oAGA??@GGE???OQ?O?_?GC?g?A??WO??W??D?O@?_???_A@CA???_KG_???O??BB????G??_T???@??@CS??@?OA?_O???A?cCG???D???X?????G_CA_????O?@@__?????W??Q_???@S@?@???????D?WA????S??c?A??????KSG??????E?Q?C?????A?GACO?????@@W_??????D?K???_?????GIA?@?????@?_D_???????cOG??_??????,[(34-60)-(33-58)-(32-51)-(31-52)-(30-69)-(29-47)-(28-46)-(27-40)-(26-56)-(25-39)-(24-43)-(23-42)-(22-55)-(21-50)-(20-45)-(19-63)-(18-61)-(17-57)-(16-59)-(15-54)-(14-49)-(13-62)-(12-44)-(11-38)-(10-41)-(9-53)-(8-68)-(7-65)-(6-48)-(5-67)-(4-64)-(3-37)-(2-35)-(1-36)-(0-66)],0.0003533363342285156,0.015519142150878906,2,True,2
~?@E???????????????????????????????????????????????????????????????????????????????????????????????????S?@?CAOQO??AC?_AOGA_o??_?@`?AC???CSD??AH??@_??oAGA??@GGE???OQ?O?_?GC?g?A??WO??W??D?O@?_???_A@CA???_KG_???O??BB????G??_T???@??@CS??@?OA?_O???A?cCG???D???X?????G_CA_????O?@@__?????W??Q_???@S@?@???????D?WA????S??c?A??????KSG??????E?Q?C?????A?GACO?????@@W_??????D?K???_?????GIA?@?????@?_D_???????cOG??_??????,[(34-60)-(33-58)-(32-51)-(31-52)-(30-69)-(29-47)-(28-46)-(27-40)-(26-56)-(25-39)-(24-43)-(23-42)-(22-55)-(21-50)-(20-45)-(19-63)-(18-61)-(17-57)-(16-59)-(15-54)-(14-49)-(13-62)-(12-44)-(11-38)-(10-41)-(9-53)-(8-68)-(7-65)-(6-48)-(5-67)-(4-64)-(3-37)-(2-35)-(1-36)-(0-66)],0.0003597736358642578,0.009552717208862305,1,True,1
~?@E???????????????????????????????????????????????????????????????????????????????????????????????????S?@?CAOQO??AC?_AOGA_o??_?@`?AC???CSD??AH??@_??oAGA??@GGE???OQ?O?_?GC?g?A??WO??W??D?O@?_???_A@CA???_KG_???O??BB????G??_T???@??@CS??@?OA?_O???A?cCG???D???X?????G_CA_????O?@@__?????W??Q_???@S@?@???????D?WA????S??c?A??????KSG??????E?Q?C?????A?GACO?????@@W_??????D?K???_?????GIA?@?????@?_D_???????cOG??_??????,[(34-60)-(33-52)-(32-51)-(31-58)-(30-69)-(29-47)-(28-46)-(27-40)-(26-56)-(25-39)-(24-43)-(23-42)-(22-55)-(21-50)-(20-45)-(19-63)-(18-61)-(17-57)-(16-59)-(15-54)-(14-49)-(13-62)-(12-44)-(11-38)-(10-41)-(9-53)-(8-68)-(7-65)-(6-48)-(5-67)-(4-64)-(3-37)-(2-35)-(1-36)-(0-66)],0.00039839744567871094,0.015727758407592773,2,True,2
~?@E???????????????????????????????????????????????????????????????????????????????????????????????????S?@?CAOQO??AC?_AOGA_o??_?@`?AC???CSD??AH??@_??oAGA??@GGE???OQ?O?_?GC?g?A??WO??W??D?O@?_???_A@CA???_KG_???O??BB????G??_T???@??@CS??@?OA?_O???A?cCG???D???X?????G_CA_????O?@@__?????W??Q_???@S@?@???????D?WA????S??c?A??????KSG??????E?Q?C?????A?GACO?????@@W_??????D?K???_?????GIA?@?????@?_D_???????cOG??_??????,[(34-60)-(33-52)-(32-51)-(31-58)-(30-69)-(29-47)-(28-46)-(27-40)-(26-56)-(25-39)-(24-43)-(23-42)-(22-55)-(21-50)-(20-45)-(19-63)-(18-61)-(17-57)-(16-59)-(15-54)-(14-49)-(13-62)-(12-44)-(11-38)-(10-41)-(9-53)-(8-68)-(7-65)-(6-48)-(5-67)-(4-64)-(3-37)-(2-35)-(1-36)-(0-66)],0.0003666877746582031,0.004483461380004883,0,True,0
~?@E???????????????????????????????????????????????????????????????????????????????????????????????????S?@?CAOQO??AC?_AOGA_o??_?@`?AC???CSD??AH??@_??oAGA??@GGE???OQ?O?_?GC?g?A??WO??W??D?O@?_???_A@CA???_KG_???O??BB????G??_T???@??@CS??@?OA?_O???A?cCG???D???X?????G_CA_????O?@@__?????W??Q_???@S@?@???????D?WA????S??c?A??????KSG??????E?Q?C?????A?GACO?????@@W_??????D?K???_?????GIA?@?????@?_D_???????cOG??_??????,[(34-60)-(33-58)-(32-51)-(31-42)-(30-69)-(29-40)-(28-46)-(27-52)-(26-56)-(25-39)-(24-43)-(23-55)-(22-47)-(21-50)-(20-45)-(19-63)-(18-61)-(17-57)-(16-59)-(15-54)-(14-49)-(13-62)-(12-44)-(11-38)-(10-41)-(9-53)-(8-68)-(7-65)-(6-48)-(5-67)-(4-64)-(3-37)-(2-35)-(1-36)-(0-66)],0.0003592967987060547,0.009493827819824219,1,True,1
~?@E???????????????????????????????????????????????????????????????????????????????????????????????????S?@?CAOQO??AC?_AOGA_o??_?@`?AC???CSD??AH??@_??oAGA??@GGE???OQ?O?_?GC?g?A??WO??W??D?O@?_???_A@CA???_KG_???O??BB????G??_T???@??@CS??@?OA?_O???A?cCG???D???X?????G_CA_????O?@@__?????W??Q_???@S@?@???????D?WA????S??c?A??????KSG??????E?Q?C?????A?GACO?????@@W_??????D?K???_?????GIA?@?????@?_D_???????cOG??_??????,[(34-60)-(33-58)-(32-51)-(31-42)-(30-69)-(29-40)-(28-46)-(27-52)-(26-56)-(25-39)-(24-43)-(23-55)-(22-47)-(21-50)-(20-45)-(19-63)-(18-61)-(17-57)-(16-59)-(15-54)-(14-49)-(13-62)-(12-44)-(11-38)-(10-41)-(9-53)-(8-68)-(7-65)-(6-48)-(5-67)-(4-64)-(3-37)-(2-35)-(1-36)-(0-66)],0.00035762786865234375,0.015615701675415039,2,True,2
~?@E???????????????????????????????????????????????????????????????????????????????????????????????????S?@?CAOQO??AC?_AOGA_o??_?@`?AC???CSD??AH??@_??oAGA??@GGE???OQ?O?_?GC?g?A??WO??W??D?O@?_???_A@CA???_KG_???O??BB????G??_T???@??@CS??@?OA?_O???A?cCG???D???X?????G_CA_????O?@@__?????W??Q_???@S@?@???????D?WA????S??c?A??????KSG??????E?Q?C?????A?GACO?????@@W_??????D?K???_?????GIA?@?????@?_D_???????cOG??_??????,[(34-60)-(33-52)-(32-51)-(31-42)-(30-69)-(29-46)-(28-58)-(27-40)-(26-56)-(25-39)-(24-43)-(23-55)-(22-47)-(21-50)-(20-45)-(19-63)-(18-61)-(17-57)-(16-59)-(15-54)-(14-49)-(13-62)-(12-44)-(11-38)-(10-41)-(9-53)-(8-68)-(7-65)-(6-48)-(5-67)-(4-64)-(3-37)-(2-35)-(1-36)-(0-66)],0.0003619194030761719,0.01539754867553711,2,True,2
~?@E???????????????????????????????????????????????????????????????????????????????????????????????????S?@?CAOQO??AC?_AOGA_o??_?@`?AC???CSD??AH??@_??oAGA??@GGE???OQ?O?_?GC?g?A??WO??W??D?O@?_???_A@CA???_KG_???O??BB????G??_T???@??@CS??@?OA?_O???A?cCG???D???X?????G_CA_????O?@@__?????W??Q_???@S@?@???????D?WA????S??c?A??????KSG??????E?Q?C?????A?GACO?????@@W_??????D?K???_?????GIA?@?????@?_D_???????cOG??_??????,[(34-60)-(33-52)-(32-51)-(31-42)-(30-69)-(29-46)-(28-58)-(27-40)-(26-56)-(25-39)-(24-43)-(23-55)-(22-47)-(21-50)-(20-45)-(19-63)-(18-61)-(17-57)-(16-59)-(15-54)-(14-49)-(13-62)-(12-44)-(11-38)-(10-41)-(9-53)-(8-68)-(7-65)-(6-48)-(5-67)-(4-64)-(3-37)-(2-35)-(1-36)-(0-66)],0.0003573894500732422,0.009576797485351562,1,True,1
~?@E?????????????????????????????????????????????????????????????????????????????????????????????????????cP_?_??So??O?S_A?_?CQ_?COO?o?C?aH??????Lo??@Co?A?C_?_G?_A_?c?O??@d?_????@_AC@??O??_?U??G?_g?G??WA??I???S?P??@??B?P_?????CT???_???@_P??G???S??OG_???C@W?@?????O?CIO???A?@?@o???AG?G`?????@?CB?C?????_Oa_?????@POG??????GAO?GG?????OG?_?o????A?CGGA?????O@??L??????GAC?Q??????@OAB??????@@??@E??????CIO?C???????,[(34-63)-(33-43)-(32-46)-(31-42)-(30-47)-(29-38)-(28-56)-(27-44)-(26-58)-(25-62)-(24-60)-(23-41)-(22-59)-(21-37)-(20-61)-(19-36)-(18-45)-(17-57)-(16-39)-(15-53)-(14-55)-(13-69)-(12-40)-(11-35)-(10-51)-(9-52)-(8-67)-(7-68)-(6-54)-(5-66)-(4-64)-(3-65)-(2-48)-(1-49)-(0-50)],0.00036525726318359375,0.005108356475830078,0,True,0
~?@E?????????????????????????????????????????????????????????????????????????????????????????????????????cP_?_??So??O?S_A?_?CQ_?COO?o?C?aH??????Lo??@Co?A?C_?_G?_A_?c?O??@d?_????@_AC@??O??_?U??G?_g?G??WA??I???S?P??@??B?P_?????CT???_???@_P??G???S??OG_???C@W?@?????O?CIO???A?@?@o???AG?G`?????@?CB?C?????_Oa_?????@POG??????GAO?GG?????OG?_?o????A?CGGA?????O@??L??????GAC?Q??????@OAB??????@@??@E??????CIO?C???????,[(34-63)-(33-43)-(32-46)-(31-42)-(30-47)-(29-38)-(28-56)-(27-44)-(26-58)-(25-62)-(24-60)-(23-41)-(22-59)-(21-37)-(20-61)-(19-36)-(18-45)-(17-57)-(16-39)-(15-53)-(14-55)-(13-69)-(12-40)-(11-35)-(10-51)-(9-52)-(8-67)-(7-68)-(6-54)-(5-66)-(4-64)-(3-65)-(2-48)-(1-49)-(0-50)],0.00041222572326660156,0.004400968551635742,0,True,0
~?@E?????????????????????????????????????????????????????????????????????????????????????????????????????cP_?_??So??O?S_A?_?CQ_?COO?o?C?aH??????Lo??@Co?A?C_?_G?_A_?c?O??@d?_????@_AC@??O??_?U??G?_g?G??WA??I???S?P??@??B?P_?????CT???_???@_P??G???S??OG_???C@W?@?????O?CIO???A?@?@o???AG?G`?????@?CB?C?????_Oa_?????@POG??????GAO?GG?????OG?_?o????A?CGGA?????O@??L??????GAC?Q??????@OAB??????@@??@E??????CIO?C???????,[(34-63)-(33-43)-(32-59)-(31-42)-(30-47)-(29-38)-(28-56)-(27-44)-(26-58)-(25-62)-(24-46)-(23-41)-(22-60)-(21-37)-(20-61)-(19-36)-(18-45)-(17-57)-(16-39)-(15-53)-(14-55)-(13-69)-(12-40)-(11-35)-(10-51)-(9-52)-(8-67)-(7-68)-(6-54)-(5-66)-(4-64)-(3-65)-(2-48)-(1-49)-(0-50)],0.0004069805145263672,0.009575366973876953,1,True,1
~?@E?????????????????????????????????????????????????????????????????????????????????????????????????????cP_?_??So??O?S_A?_?CQ_?COO?o?C?aH??????Lo??@Co?A?C_?_G?_A_?c?O??@d?_????@_AC@??O??_?U??G?_g?G??WA??I???S?P??@??B?P_?????CT???_???@_P??G???S??OG_???C@W?@?????O?CIO???A?@?@o???AG?G`?????@?CB?C?????_Oa_?????@POG??????GAO?GG?????OG?_?o????A?CGGA?????O@??L??????GAC?Q??????@OAB??????@@??@E??????CIO?C???????,[(34-63)-(33-43)-(32-59)-(31-42)-(30-47)-(29-38)-(28-56)-(27-44)-(26-58)-(25-62)-(24-46)-(23-41)-(22-60)-(21-37)-(20-61)-(19-36)-(18-45)-(17-57)-(16-39)-(15-53)-(14-55)-(13-69)-(12-40)-(11-35)-(10-51)-(9-52)-(8-67)-(7-68)-(6-54)-(5-66)-(4-64)-(3-65)-(2-48)-(1-49)-(0-50)],0.0003578662872314453,0.01541447639465332,2,True,2
~?@E?????????????????????????????????????????????????????????????????????????????????????????????????????cP_?_??So??O?S_A?_?CQ_?COO?o?C?aH??????Lo??@Co?A?C_?_G?_A_?c?O??@d?_????@_AC@??O??_?U??G?_g?G??WA??I???S?P??@??B?P_?????CT???_???@_P??G???S??OG_???C@W?@?????O?CIO???A?@?@o???AG?G`?????@?CB?C?????_Oa_?????@POG??????GAO?GG?????OG?_?o????A?CGGA?????O@??L??????GAC?Q??????@OAB??????@@??@E??????CIO?C???????,[(34-37)-(33-63)-(32-46)-(31-42)-(30-47)-(29-38)-(28-56)-(27-44)-(26-41)-(25-62)-(24-60)-(23-43)-(22-59)-(21-58)-(20-61)-(19-36)-(18-45)-(17-57)-(16-39)-(15-53)-(14-55)-(13-69)-(12-40)-(11-35)-(10-51)-(9-52)-(8-67)-(7-68)-(6-54)-(5-66)-(4-64)-(3-65)-(2-48)-(1-49)-(0-50)],0.0003631114959716797,0.010190248489379883,1,True,1
~?@E?????????????????????????????????????????????????????????????????????????????????????????????????????cP_?_??So??O?S_A?_?CQ_?COO?o?C?aH??????Lo??@Co?A?C_?_G?_A_?c?O??@d?_????@_AC@??O??_?U??G?_g?G??WA??I???S?P??@??B?P_?????CT???_???@_P??G???S??OG_???C@W?@?????O?CIO???A?@?@o???AG?G`?????@?CB?C?????_Oa_?????@POG??????GAO?GG?????OG?_?o????A?CGGA?????O@??L??????GAC?Q??????@OAB??????@@??@E??????CIO?C???????,[(34-37)-(33-63)-(32-46)-(31-42)-(30-47)-(29-38)-(28-56)-(27-44)-(26-41)-(25-62)-(24-60)-(23-43)-(22-59)-(21-58)-(20-61)-(19-36)-(18-45)-(17-57)-(16-39)-(15-53)-(14-55)-(13-69)-(12-40)-(11-35)-(10-51)-(9-52)-(8-67)-(7-68)-(6-54)-(5-66)-(4-64)-(3-65)-(2-48)-(1-49)-(0-50)],0.0003619194030761719,0.016277313232421875,2,True,2
~?@E?????????????????????????????????????????????????????????????????????????????????????????????????????cP_?_??So??O?S_A?_?CQ_?COO?o?C?aH??????Lo??@Co?A?C_?_G?_A_?c?O??@d?_????@_AC@??O??_?U??G?_g?G??WA??I???S?P??@??B?P_?????CT???_???@_P??G???S??OG_???C@W?@?????O?CIO???A?@?@o???AG?G`?????@?CB?C?????_Oa_?????@POG??????GAO?GG?????OG?_?o????A?CGGA?????O@??L??????GAC?Q??????@OAB??????@@??@E??????CIO?C???????,[(34-37)-(33-63)-(32-59)-(31-42)-(30-47)-(29-38)-(28-56)-(27-44)-(26-41)-(25-62)-(24-46)-(23-43)-(22-60)-(21-58)-(20-61)-(19-36)-(18-45)-(17-57)-(16-39)-(15-53)-(14-55)-(13-69)-(12-40)-(11-35)-(10-51)-(9-52)-(8-67)-(7-68)-(6-54)-(5-66)-(4-64)-(3-65)-(2-48)-(1-49)-(0-50)],0.0003597736358642578,0.01550436019897461,2,True,2
~?@E?????????????????????????????????????????????????????????????????????????????????????????????????????cP_?_??So??O?S_A?_?CQ_?COO?o?C?aH??????Lo??@Co?A?C_?_G?_A_?c?O??@d?_????@_AC@??O??_?U??G?_g?G??WA??I???S?P??@??B?P_?????CT???_???@_P??G???S??OG_???C@W?@?????O?CIO???A?@?@o???AG?G`?????@?CB?C?????_Oa_?????@POG??????GAO?GG?????OG?_?o????A?CGGA?????O@??L??????GAC?Q??????@OAB??????@@??@E??????CIO?C???????,[(34-37)-(33-63)-(32-59)-(31-42)-(30-47)-(29-38)-(28-56)-(27-44)-(26-41)-(25-62)-(24-46)-(23-43)-(22-60)-(21-58)-(20-61)-(19-36)-(18-45)-(17-57)-(16-39)-(15-53)-(14-55)-(13-69)-(12-40)-(11-35)-(10-51)-(9-52)-(8-67)-(7-68)-(6-54)-(5-66)-(4-64)-(3-65)-(2-48)-(1-49)-(0-50)],0.00036072731018066406,0.0045664310455322266,0,True,0
~?@E?????????????????????????????????????????????????????????????????????????????????????????????????????cP_?_??So??O?S_A?_?CQ_?COO?o?C?aH??????Lo??@Co?A?C_?_G?_A_?c?O??@d?_????@_AC@??O??_?U??G?_g?G??WA??I???S?P??@??B?P_?????CT???_???@_P??G???S??OG_???C@W?@?????O?CIO???A?@?@o???AG?G`?????@?CB?C?????_Oa_?????@POG??????GAO?GG?????OG?_?o????A?CGGA?????O@??L??????GAC?Q??????@OAB??????@@??@E??????CIO?C???????,[(34-37)-(33-63)-(32-46)-(31-42)-(30-47)-(29-38)-(28-56)-(27-44)-(26-58)-(25-62)-(24-60)-(23-43)-(22-41)-(21-59)-(20-61)-(19-36)-(18-45)-(17-57)-(16-39)-(15-53)-(14-55)-(13-69)-(12-40)-(11-35)-(10-51)-(9-52)-(8-67)-(7-68)-(6-54)-(5-66)-(4-64)-(3-65)-(2-48)-(1-49)-(0-50)],0.0003726482391357422,0.009575128555297852,1,True,1
~?@E?????????????????????????????????????????????????????????????????????????????????????????????????????cP_?_??So??O?S_A?_?CQ_?COO?o?C?aH??????Lo??@Co?A?C_?_G?_A_?c?O??@d?_????@_AC@??O??_?U??G?_g?G??WA??I???S?P??@??B?P_?????CT???_???@_P??G???S??OG_???C@W?@?????O?CIO???A?@?@o???AG?G`?????@?CB?C?????_Oa_?????@POG??????GAO?GG?????OG?_?o????A?CGGA?????O@??L??????GAC?Q??????@OAB??????@@??@E??????CIO?C???????,[(34-37)-(33-63)-(32-46)-(31-42)-(30-47)-(29-38)-(28-56)-(27-44)-(26-58)-(25-62)-(24-60)-(23-43)-(22-41)-(21-59)-(20-61)-(19-36)-(18-45)-(17-57)-(16-39)-(15-53)-(14-55)-(13-69)-(12-40)-(11-35)-(10-51)-(9-52)-(8-67)-(7-68)-(6-54)-(5-66)-(4-64)-(3-65)-(2-48)-(1-49)-(0-50)],0.00036072731018066406,0.009554624557495117,1,True,1
~?@E?????????????????????????????????????????????????????????????????????????????????????????????????????cP_?_??So??O?S_A?_?CQ_?COO?o?C?aH??????Lo??@Co?A?C_?_G?_A_?c?O??@d?_????@_AC@??O??_?U??G?_g?G??WA??I???S?P??@??B?P_?????CT???_???@_P??G???S??OG_???C@W?@?????O?CIO???A?@?@o???AG?G`?????@?CB?C?????_Oa_?????@POG??????GAO?GG?????OG?_?o????A?CGGA?????O@??L??????GAC?Q??????@OAB??????@@??@E??????CIO?C???????,[(34-63)-(33-43)-(32-46)-(31-42)-(30-47)-(29-38)-(28-56)-(27-44)-(26-58)-(25-62)-(24-37)-(23-41)-(22-60)-(21-59)-(20-61)-(19-36)-(18-45)-(17-57)-(16-39)-(15-53)-(14-55)-(13-69)-(12-40)-(11-35)-(10-51)-(9-52)-(8-67)-(7-68)-(6-54)-(5-66)-(4-64)-(3-65)-(2-48)-(1-49)-(0-50)],0.0003597736358642578,0.030045509338378906,4,True,4
~?@E?????????????????????????????????????????????????????????????????????????????????????????????????????cP_?_??So??O?S_A?_?CQ_?COO?o?C?aH??????Lo??@Co?A?C_?_G?_A_?c?O??@d?_????@_AC@??O??_?U??G?_g?G??WA??I???S?P??@??B?P_?????CT???_???@_P??G???S??OG_???C@W?@?????O?CIO???A?@?@o???AG?G`?????@?CB?C?????_Oa_?????@POG??????GAO?GG?????OG?_?o????A?CGGA?????O@??L??????GAC?Q??????@OAB??????@@??@E??????CIO?C???????,[(34-63)-(33-43)-(32-46)-(31-42)-(30-47)-(29-38)-(28-56)-(27-44)-(26-58)-(25-62)-(24-37)-(23-41)-(22-60)-(21-59)-(20-61)-(19-36)-(18-45)-(17-57)-(16-39)-(15-53)-(14-55)-(13-69)-(12-40)-(11-35)-(10-51)-(9-52)-(8-67)-(7-68)-(6-54)-(5-66)-(4-64)-(3-65)-(2-48)-(1-49)-(0-50)],0.000423431396484375,0.009533882141113281,1,True,1
~?@E?????????????????????????????????????????????????????????????????????????????????????????????????????cP_?_??So??O?S_A?_?CQ_?COO?o?C?aH??????Lo??@Co?A?C_?_G?_A_?c?O??@d?_????@_AC@??O??_?U??G?_g?G??WA??I???S?P??@??B?P_?????CT???_???@_P??G???S??OG_???C@W?@?????O?CIO???A?@?@o???AG?G`?????@?CB?C?????_Oa_?????@POG??????GAO?GG?????OG?_?o????A?CGGA?????O@??L??????GAC?Q??????@OAB??????@@??@E??????CIO?C???????,[(34-37)-(33-43)-(32-46)-(31-42)-(30-47)-(29-38)-(28-56)-(27-44)-(26-58)-(25-62)-(24-60)-(23-41)-(22-59)-(21-63)-(20-61)-(19-36)-(18-45)-(17-57)-(16-39)-(15-53)-(14-55)-(13-69)-(12-40)-(11-35)-(10-51)-(9-52)-(8-67)-(7-68)-(6-54)-(5-66)-(4-64)-(3-65)-(2-48)-(1-49)-(0-50)],0.0003635883331298828,0.009521484375,1,True,1
~?@E?????????????????????????????????????????????????????????????????????????????????????????????????????cP_?_??So??O?S_A?_?CQ_?COO?o?C?aH??????Lo??@Co?A?C_?_G?_A_?c?O??@d?_????@_AC@??O??_?U??G?_g?G??WA??I???S?P??@??B?P_?????CT???_???@_P??G???S??OG_???C@W?@?????O?CIO???A?@?@o???AG?G`?????@?CB?C?????_Oa_?????@POG??????GAO?GG?????OG?_?o????A?CGGA?????O@??L??????GAC?Q??????@OAB??????@@??@E??????CIO?C???????,[(34-37)-(33-43)-(32-46)-(31-42)-(30-47)-(29-38)-(28-56)-(27-44)-(26-58)-(25-62)-(24-60)-(23-41)-(22-59)-(21-63)-(20-61)-(19-36)-(18-45)-(17-57)-(16-39)-(15-53)-(14-55)-(13-69)-(12-40)-(11-35)-(10-51)-(9-52)-(8-67)-(7-68)-(6-54)-(5-66)-(4-64)-(3-65)-(2-48)-(1-49)-(0-50)],0.0003631114959716797,0.009608030319213867,1,True,1
~?@E?????????????????????????????????????????????????????????????????????????????????????????????????????cP_?_??So??O?S_A?_?CQ_?COO?o?C?aH??????Lo??@Co?A?C_?_G?_A_?c?O??@d?_????@_AC@??O??_?U??G?_g?G??WA??I???S?P??@??B?P_?????CT???_???@_P??G???S??OG_???C@W?@?????O?CIO???A?@?@o???AG?G`?????@?CB?C?????_Oa_?????@POG??????GAO?GG?????OG?_?o????A?CGGA?????O@??L??????GAC?Q??????@OAB??????@@??@E??????CIO?C???????,[(34-37)-(33-43)-(32-59)-(31-42)-(30-47)-(29-38)-(28-56)-(27-44)-(26-58)-(25-62)-(24-46)-(23-41)-(22-60)-(21-63)-(20-61)-(19-36)-(18-45)-(17-57)-(16-39)-(15-53)-(14-55)-(13-69)-(12-40)-(11-35)-(10-51)-(9-52)-(8-67)-(7-68)-(6-54)-(5-66)-(4-64)-(3-65)-(2-48)-(1-49)-(0-50)],0.0003609657287597656,0.022408485412597656,3,True,3
~?@E?????????????????????????????????????????????????????????????????????????????????????????????????????cP_?_??So??O?S_A?_?CQ_?COO?o?C?aH??????Lo??@Co?A?C_?_G?_A_?c?O??@d?_????@_AC@??O??_?U??G?_g?G??WA??I???S?P??@??B?P_?????CT???_???@_P??G???S??OG_???C@W?@?????O?CIO???A?@?@o???AG?G`?????@?CB?C?????_Oa_?????@POG??????GAO?GG?????OG?_?o????A?CGGA?????O@??L??????GAC?Q??????@OAB??????@@??@E??????CIO?C???????,[(34-37)-(33-43)-(32-59)-(31-42)-(30-47)-(29-38)-(28-56)-(27-44)-(26-58)-(25-62)-(24-46)-(23-41)-(22-60)-(21-63)-(20-61)-(19-36)-(18-45)-(17-57)-(16-39)-(15-53)-(14-55)-(13-69)-(12-40)-(11-35)-(10-51)-(9-52)-(8-67)-(7-68)-(6-54)-(5-66)-(4-64)-(3-65)-(2-48)-(1-49)-(0-50)],0.00036025047302246094,0.009677410125732422,1,True,1
~?@E?????????????????????????????????????????????????????????????????????????????????????????????????????cP_?_??So??O?S_A?_?CQ_?COO?o?C?aH??????Lo??@Co?A?C_?_G?_A_?c?O??@d?_????@_AC@??O??_?U??G?_g?G??WA??I???S?P??@??B?P_?????CT???_???@_P??G???S??OG_???C@W?@?????O?CIO???A?@?@o???AG?G`?????@?CB?C?????_Oa_?????@POG??????GAO?GG?????OG?_?o????A?CGGA?????O@??L??????GAC?Q??????@OAB??????@@??@E??????CIO?C???????,[(34-63)-(33-43)-(32-46)-(31-42)-(30-47)-(29-38)-(28-56)-(27-44)-(26-58)-(25-62)-(24-60)-(23-41)-(22-59)-(21-36)-(20-61)-(19-37)-(18-45)-(17-57)-(16-39)-(15-53)-(14-55)-(13-69)-(12-40)-(11-35)-(10-51)-(9-52)-(8-67)-(7-68)-(6-54)-(5-66)-(4-64)-(3-65)-(2-48)-(1-49)-(0-50)],0.00041365623474121094,0.004410743713378906,0,True,0
~?@E?????????????????????????????????????????????????????????????????????????????????????????????????????cP_?_??So??O?S_A?_?CQ_?COO?o?C?aH??????Lo??@Co?A?C_?_G?_A_?c?O??@d?_????@_AC@??O??_?U??G?_g?G??WA??I???S?P??@??B?P_?????CT???_???@_P??G???S??OG_???C@W?@?????O?CIO???A?@?@o???AG?G`?????@?CB?C?????_Oa_?????@POG??????GAO?GG?????OG?_?o????A?CGGA?????O@??L??????GAC?Q??????@OAB??????@@??@E??????CIO?C???????,[(34-63)-(33-43)-(32-46)-(31-42)-(30-47)-(29-38)-(28-56)-(27-44)-(26-58)-(25-62)-(24-60)-(23-41)-(22-59)-(21-36)-(20-61)-(19-37)-(18-45)-(17-57)-(16-39)-(15-53)-(14-55)-(13-69)-(12-40)-(11-35)-(10-51)-(9-52)-(8-67)-(7-68)-(6-54)-(5-66)-(4-64)-(3-65)-(2-48)-(1-49)-(0-50)],0.00035881996154785156,0.01564311981201172,2,True,2
~?@E?????????????????????????????????????????????????????????????????????????????????????????????????????cP_?_??So??O?S_A?_?CQ_?COO?o?C?aH??????Lo??@Co?A?C_?_G?_A_?c?O??@d?_????@_AC@??O??_?U??G?_g?G??WA??I???S?P??@??B?P_?????CT???_???@_P??G???S??OG_???C@W?@?????O?CIO???A?@?@o???AG?G`?????@?CB?C?????_Oa_?????@POG??????GAO?GG?????OG?_?o????A?CGGA?????O@??L??????GAC?Q??????@OAB??????@@??@E??????CIO?C???????,[(34-63)-(33-43)-(32-59)-(31-42)-(30-47)-(29-38)-(28-56)-(27-44)-(26-58)-(25-62)-(24-46)-(23-41)-(22-60)-(21-36)-(20-61)-(19-37)-(18-45)-(17-57)-(16-39)-(15-53)-(14-55)-(13-69)-(12-40)-(11-35)-(10-51)-(9-52)-(8-67)-(7-68)-(6-54)-(5-66)-(4-64)-(3-65)-(2-48)-(1-49)-(0-50)],0.0003528594970703125,0.004460573196411133,0,True,0
~?@E?????????????????????????????????????????????????????????????????????????????????????????????????????cP_?_??So??O?S_A?_?CQ_?COO?o?C?aH??????Lo??@Co?A?C_?_G?_A_?c?O??@d?_????@_AC@??O??_?U??G?_g?G??WA??I???S?P??@??B?P_?????CT???_???@_P??G???S??OG_???C@W?@?????O?CIO???A?@?@o???AG?G`?????@?CB?C?????_Oa_?????@POG??????GAO?GG?????OG?_?o????A?CGGA?????O@??L??????GAC?Q??????@OAB??????@@??@E??????CIO?C???????,[(34-63)-(33-43)-(32-59)-(31-42)-(30-47)-(29-38)-(28-56)-(27-44)-(26-58)-(25-62)-(24-46)-(23-41)-(22-60)-(21-36)-(20-61)-(19-37)-(18-45)-(17-57)-(16-39)-(15-53)-(14-55)-(13-69)-(12-40)-(11-35)-(10-51)-(9-52)-(8-67)-(7-68)-(6-54)-(5-66)-(4-64)-(3-65)-(2-48)-(1-49)-(0-50)],0.00035953521728515625,0.015598535537719727,2,True,2
~?@E???????????????????????????????????????????????????????????????????????????????????????????????????GE??_A?@A?EAC_@_?_?GEAO?Cg??A?O?OoO?A??C@_`??OOA__?AW???B??AS?@@???G@@GG?EOO?O???AQOG????@OOA?C???GKC?_????A`?a???SG?CC???OA?CGA????IC?D????g`??@????C?cG?_????_A@GG???OOI@??????@U?@?????@A?E?O??????_AF?????_?C_P?????O???Wg????@_AO?O?????g??AE????????Cco?????@GGO?@?????@AA@C?????????gAA_?????G??w?C??????,[(34-39)-(33-69)-(32-43)-(31-44)-(30-59)-(29-60)-(28-63)-(27-42)-(26-58)-(25-61)-(24-62)-(23-45)-(22-46)-(21-38)-(20-41)-(19-47)-(18-56)-(17-65)-(16-57)-(15-50)-(14-68)-(13-40)-(12-53)-(11-36)-(10-52)-(9-54)-(8-49)-(7-67)-(6-55)-(5-48)-(4-51)-(3-37)-(2-66)-(1-35)-(0-64)],0.0003609657287597656,0.009992599487304688,1,True,1
~?@E???????????????????????????????????????????????????????????????????????????????????????????????????GE??_A?@A?EAC_@_?_?GEAO?Cg??A?O?OoO?A??C@_`??OOA__?AW???B??AS?@@???G@@GG?EOO?O???AQOG????@OOA?C???GKC?_????A`?a???SG?CC???OA?CGA????IC?D????g`??@????C?cG?_????_A@GG???OOI@??????@U?@?????@A?E?O??????_AF?????_?C_P?????O???Wg????@_AO?O?????g??AE????????Cco?????@GGO?@?????@AA@C?????????gAA_?????G??w?C??????,[(34-39)-(33-69)-(32-43)-(31-44)-(30-59)-(29-60)-(28-63)-(27-42)-(26-58)-(25-61)-(24-62)-(23-45)-(22-46)-(21-38)-(20-41)-(19-47)-(18-56)-(17-65)-(16-57)-(15-50)-(14-68)-(13-40)-(12-53)-(11-36)-(10-52)-(9-54)-(8-49)-(7-67)-(6-55)-(5-48)-(4-51)-(3-37)-(2-66)-(1-35)-(0-64)],0.0003635883331298828,0.030125856399536133,4,True,4
~?@E???????????????????????????????????????????????????????????????????????????????????????????????????GE??_A?@A?EAC_@_?_?GEAO?Cg??A?O?OoO?A??C@_`??OOA__?AW???B??AS?@@???G@@GG?EOO?O???AQOG????@OOA?C???GKC?_????A`?a???SG?CC???OA?CGA????IC?D????g`??@????C?cG?_????_A@GG???OOI@??????@U?@?????@A?E?O??????_AF?????_?C_P?????O???Wg????@_AO?O?????g??AE????????Cco?????@GGO?@?????@AA@C?????????gAA_?????G??w?C??????,[(34-39)-(33-69)-(32-43)-(31-62)-(30-59)-(29-61)-(28-63)-(27-60)-(26-58)-(25-44)-(24-38)-(23-45)-(22-46)-(21-42)-(20-41)-(19-47)-(18-56)-(17-65)-(16-57)-(15-50)-(14-68)-(13-40)-(12-53)-(11-36)-(10-52)-(9-54)-(8-49)-(7-67)-(6-55)-(5-48)-(4-51)-(3-37)-(2-66)-(1-35)-(0-64)],0.0003523826599121094,0.004437446594238281,0,True,0
~?@E???????????????????????????????????????????????????????????????????????????????????????????????????GE??_A?@A?EAC_@_?_?GEAO?Cg??A?O?OoO?A??C@_`??OOA__?AW???B??AS?@@???G@@GG?EOO?O???AQOG????@OOA?C???GKC?_????A`?a???SG?CC???OA?CGA????IC?D????g`??@????C?cG?_????_A@GG???OOI@??????@U?@?????@A?E?O??????_AF?????_?C_P?????O???Wg????@_AO?O?????g??AE????????Cco?????@GGO?@?????@AA@C?????????gAA_?????G??w?C??????,[(34-39)-(33-69)-(32-43)-(31-62)-(30-59)-(29-61)-(28-63)-(27-60)-(26-58)-(25-44)-(24-38)-(23-45)-(22-46)-(21-42)-(20-41)-(19-47)-(18-56)-(17-65)-(16-57)-(15-50)-(14-68)-(13-40)-(12-53)-(11-36)-(10-52)-(9-54)-(8-49)-(7-67)-(6-55)-(5-48)-(4-51)-(3-37)-(2-66)-(1-35)-(0-64)],0.00035858154296875,0.022354602813720703,3,True,3
~?@E???????????????????????????????????????????????????????????????????????????????????????????????????GE??_A?@A?EAC_@_?_?GEAO?Cg??A?O?OoO?A??C@_`??OOA__?AW???B??AS?@@???G@@GG?EOO?O???AQOG????@OOA?C???GKC?_????A`?a???SG?CC???OA?CGA????IC?D????g`??@????C?cG?_????_A@GG???OOI@??????@U?@?????@A?E?O??????_AF?????_?C_P?????O???Wg????@_AO?O?????g??AE????????Cco?????@GGO?@?????@AA@C?????????gAA_?????G??w?C??????,[(34-39)-(33-69)-(32-43)-(31-44)-(30-59)-(29-62)-(28-63)-(27-60)-(26-58)-(25-61)-(24-38)-(23-45)-(22-46)-(21-42)-(20-41)-(19-47)-(18-56)-(17-65)-(16-57)-(15-50)-(14-68)-(13-40)-(12-53)-(11-36)-(10-52)-(9-54)-(8-49)-(7-67)-(6-55)-(5-48)-(4-51)-(3-37)-(2-66)-(1-35)-(0-64)],0.0003681182861328125,0.028728246688842773,2,True,2
~?@E???????????????????????????????????????????????????????????????????????????????????????????????????GE??_A?@A?EAC_@_?_?GEAO?Cg??A?O?OoO?A??C@_`??OOA__?AW???B??AS?@@???G@@GG?EOO?O???AQOG????@OOA?C???GKC?_????A`?a???SG?CC???OA?CGA????IC?D????g`??@????C?cG?_????_A@GG???OOI@??????@U?@?????@A?E?O??????_AF?????_?C_P?????O???Wg????@_AO?O?????g??AE????????Cco?????@GGO?@?????@AA@C?????????gAA_?????G??w?C??????,[(34-39)-(33-69)-(32-43)-(31-44)-(30-59)-(29-62)-(28-63)-(27-60)-(26-58)-(25-61)-(24-38)-(23-45)-(22-46)-(21-42)-(20-41)-(19-47)-(18-56)-(17-65)-(16-57)-(15-50)-(14-68)-(13-40)-(12-53)-(11-36)-(10-52)-(9-54)-(8-49)-(7-67)-(6-55)-(5-48)-(4-51)-(3-37)-(2-66)-(1-35)-(0-64)],0.00035858154296875,0.022620677947998047,3,True,3
~?@E???????????????????????????????????????????????????????????????????????????????????????????????????GE??_A?@A?EAC_@_?_?GEAO?Cg??A?O?OoO?A??C@_`??OOA__?AW???B??AS?@@???G@@GG?EOO?O???AQOG????@OOA?C???GKC?_????A`?a???SG?CC???OA?CGA????IC?D????g`??@????C?cG?_????_A@GG???OOI@??????@U?@?????@A?E?O??????_AF?????_?C_P?????O???Wg????@_AO?O?????g??AE????????Cco?????@GGO?@?????@AA@C?????????gAA_?????G??w?C??????,[(34-39)-(33-69)-(32-43)-(31-44)-(30-59)-(29-61)-(28-63)-(27-60)-(26-58)-(25-62)-(24-38)-(23-45)-(22-46)-(21-42)-(20-41)-(19-47)-(18-56)-(17-65)-(16-57)-(15-50)-(14-68)-(13-40)-(12-53)-(11-36)-(10-52)-(9-54)-(8-49)-(7-67)-(6-55)-(5-48)-(4-51)-(3-37)-(2-66)-(1-35)-(0-64)],0.0003504753112792969,0.004515886306762695,0,True,0
~?@E???????????????????????????????????????????????????????????????????????????????????????????????????GE??_A?@A?EAC_@_?_?GEAO?Cg??A?O?OoO?A??C@_`??OOA__?AW???B??AS?@@???G@@GG?EOO?O???AQOG????@OOA?C???GKC?_????A`?a???SG?CC???OA?CGA????IC?D????g`??@????C?cG?_????_A@GG???OOI@??????@U?@?????@A?E?O??????_AF?????_?C_P?????O???Wg????@_AO?O?????g??AE????????Cco?????@GGO?@?????@AA@C?????????gAA_?????G??w?C??????,[(34-39)-(33-69)-(32-43)-(31-44)-(30-59)-(29-61)-(28-63)-(27-60)-(26-58)-(25-62)-(24-38)-(23-45)-(22-46)-(21-42)-(20-41)-(19-47)-(18-56)-(17-65)-(16-57)-(15-50)-(14-68)-(13-40)-(12-53)-(11-36)-(10-52)-(9-54)-(8-49)-(7-67)-(6-55)-(5-48)-(4-51)-(3-37)-(2-66)-(1-35)-(0-64)],0.00035953521728515625,0.03881430625915527,5,True,5
~?@E???????????????????????????????????????????????????????????????????????????????????????????????????GE??_A?@A?EAC_@_?_?GEAO?Cg??A?O?OoO?A??C@_`??OOA__?AW???B??AS?@@???G@@GG?EOO?O???AQOG????@OOA?C???GKC?_????A`?a???SG?CC???OA?CGA????IC?D????g`??@????C?cG?_????_A@GG???OOI@??????@U?@?????@A?E?O??????_AF?????_?C_P?????O???Wg????@_AO?O?????g??AE????????Cco?????@GGO?@?????@AA@C?????????gAA_?????G??w?C??????,[(34-56)-(33-69)-(32-43)-(31-44)-(30-59)-(29-60)-(28-63)-(27-42)-(26-58)-(25-39)-(24-62)-(23-45)-(22-46)-(21-38)-(20-41)-(19-47)-(18-61)-(17-65)-(16-57)-(15-50)-(14-68)-(13-40)-(12-53)-(11-36)-(10-52)-(9-54)-(8-49)-(7-67)-(6-55)-(5-48)-(4-51)-(3-37)-(2-66)-(1-35)-(0-64)],0.000457763671875,0.01616048812866211,2,True,2
~?@E???????????????????????????????????????????????????????????????????????????????????????????????????GE??_A?@A?EAC_@_?_?GEAO?Cg??A?O?OoO?A??C@_`??OOA__?AW???B??AS?@@???G@@GG?EOO?O???AQOG????@OOA?C???GKC?_????A`?a???SG?CC???OA?CGA????IC?D????g`??@????C?cG?_????_A@GG???OOI@??????@U?@?????@A?E?O??????_AF?????_?C_P?????O???Wg????@_AO?O?????g??AE????????Cco?????@GGO?@?????@AA@C?????????gAA_?????G??w?C??????,[(34-56)-(33-69)-(32-43)-(31-44)-(30-59)-(29-60)-(28-63)-(27-42)-(26-58)-(25-39)-(24-62)-(23-45)-(22-46)-(21-38)-(20-41)-(19-47)-(18-61)-(17-65)-(16-57)-(15-50)-(14-68)-(13-40)-(12-53)-(11-36)-(10-52)-(9-54)-(8-49)-(7-67)-(6-55)-(5-48)-(4-51)-(3-37)-(2-66)-(1-35)-(0-64)],0.0003638267517089844,0.02247905731201172,3,True,3
~?@E???????????????????????????????????????????????????????????????????????????????????????????????????GE??_A?@A?EAC_@_?_?GEAO?Cg??A?O?OoO?A??C@_`??OOA__?AW???B??AS?@@???G@@GG?EOO?O???AQOG????@OOA?C???GKC?_????A`?a???SG?CC???OA?CGA????IC?D????g`??@????C?cG?_????_A@GG???OOI@??????@U?@?????@A?E?O??????_AF?????_?C_P?????O???Wg????@_AO?O?????g??AE????????Cco?????@GGO?@?????@AA@C?????????gAA_?????G??w?C??????,[(34-39)-(33-69)-(32-43)-(31-44)-(30-59)-(29-60)-(28-63)-(27-42)-(26-58)-(25-56)-(24-62)-(23-45)-(22-46)-(21-38)-(20-41)-(19-47)-(18-61)-(17-65)-(16-57)-(15-50)-(14-68)-(13-40)-(12-53)-(11-36)-(10-52)-(9-54)-(8-49)-(7-67)-(6-55)-(5-48)-(4-51)-(3-37)-(2-66)-(1-35)-(0-64)],0.0003914833068847656,0.0045435428619384766,0,True,0
~?@E???????????????????????????????????????????????????????????????????????????????????????????????????GE??_A?@A?EAC_@_?_?GEAO?Cg??A?O?OoO?A??C@_`??OOA__?AW???B??AS?@@???G@@GG?EOO?O???AQOG????@OOA?C???GKC?_????A`?a???SG?CC???OA?CGA????IC?D????g`??@????C?cG?_????_A@GG???OOI@??????@U?@?????@A?E?O??????_AF?????_?C_P?????O???Wg????@_AO?O?????g??AE????????Cco?????@GGO?@?????@AA@C?????????gAA_?????G??w?C??????,[(34-39)-(33-69)-(32-43)-(31-44)-(30-59)-(29-60)-(28-63)-(27-42)-(26-58)-(25-56)-(24-62)-(23-45)-(22-46)-(21-38)-(20-41)-(19-47)-(18-61)-(17-65)-(16-57)-(15-50)-(14-68)-(13-40)-(12-53)-(11-36)-(10-52)-(9-54)-(8-49)-(7-67)-(6-55)-(5-48)-(4-51)-(3-37)-(2-66)-(1-35)-(0-64)],0.00035881996154785156,0.004465341567993164,0,True,0
~?@E???????????????????????????????????????????????????????????????????????????????????????????????????GE??_A?@A?EAC_@_?_?GEAO?Cg??A?O?OoO?A??C@_`??OOA__?AW???B??AS?@@???G@@GG?EOO?O???AQOG????@OOA?C???GKC?_????A`?a???SG?CC???OA?CGA????IC?D????g`??@????C?cG?_????_A@GG???OOI@??????@U?@?????@A?E?O??????_AF?????_?C_P?????O???Wg????@_AO?O?????g??AE????????Cco?????@GGO?@?????@AA@C?????????gAA_?????G??w?C??????,[(34-56)-(33-69)-(32-43)-(31-44)-(30-59)-(29-62)-(28-63)-(27-60)-(26-58)-(25-39)-(24-38)-(23-45)-(22-46)-(21-42)-(20-41)-(19-47)-(18-61)-(17-65)-(16-57)-(15-50)-(14-68)-(13-40)-(12-53)-(11-36)-(10-52)-(9-54)-(8-49)-(7-67)-(6-55)-(5-48)-(4-51)-(3-37)-(2-66)-(1-35)-(0-64)],0.0003590583801269531,0.015359640121459961,2,True,2
~?@E???????????????????????????????????????????????????????????????????????????????????????????????????GE??_A?@A?EAC_@_?_?GEAO?Cg??A?O?OoO?A??C@_`??OOA__?AW???B??AS?@@???G@@GG?EOO?O???AQOG????@OOA?C???GKC?_????A`?a???SG?CC???OA?CGA????IC?D????g`??@????C?cG?_????_A@GG???OOI@??????@U?@?????@A?E?O??????_AF?????_?C_P?????O???Wg????@_AO?O?????g??AE????????Cco?????@GGO?@?????@AA@C?????????gAA_?????G??w?C??????,[(34-56)-(33-69)-(32-43)-(31-44)-(30-59)-(29-62)-(28-63)-(27-60)-(26-58)-(25-39)-(24-38)-(23-45)-(22-46)-(21-42)-(20-41)-(19-47)-(18-61)-(17-65)-(16-57)-(15-50)-(14-68)-(13-40)-(12-53)-(11-36)-(10-52)-(9-54)-(8-49)-(7-67)-(6-55)-(5-48)-(4-51)-(3-37)-(2-66)-(1-35)-(0-64)],0.00035762786865234375,0.009618043899536133,1,True,1
~?@E???????????????????????????????????????????????????????????????????????????????????????????????????GE??_A?@A?EAC_@_?_?GEAO?Cg??A?O?OoO?A??C@_`??OOA__?AW???B??AS?@@???G@@GG?EOO?O???AQOG????@OOA?C???GKC?_????A`?a???SG?CC???OA?CGA????IC?D????g`??@????C?cG?_????_A@GG???OOI@??????@U?@?????@A?E?O??????_AF?????_?C_P?????O???Wg????@_AO?O?????g??AE????????Cco?????@GGO?@?????@AA@C?????????gAA_?????G??w?C??????,[(34-39)-(33-69)-(32-43)-(31-44)-(30-59)-(29-62)-(28-63)-(27-60)-(26-58)-(25-56)-(24-38)-(23-45)-(22-46)-(21-42)-(20-41)-(19-47)-(18-61)-(17-65)-(16-57)-(15-50)-(14-68)-(13-40)-(12-53)-(11-36)-(10-52)-(9-54)-(8-49)-(7-67)-(6-55)-(5-48)-(4-51)-(3-37)-(2-66)-(1-35)-(0-64)],0.0003571510314941406,0.030385732650756836,4,True,4
~?@E???????????????????????????????????????????????????????????????????????????????????????????????????GE??_A?@A?EAC_@_?_?GEAO?Cg??A?O?OoO?A??C@_`??OOA__?AW???B??AS?@@???G@@GG?EOO?O???AQOG????@OOA?C???GKC?_????A`?a???SG?CC???OA?CGA????IC?D????g`??@????C?cG?_????_A@GG???OOI@??????@U?@?????@A?E?O??????_AF?????_?C_P?????O???Wg????@_AO?O?????g??AE????????Cco?????@GGO?@?????@AA@C?????????gAA_?????G??w?C??????,[(34-39)-(33-69)-(32-43)-(31-44)-(30-59)-(29-62)-(28-63)-(27-60)-(26-58)-(25-56)-(24-38)-(23-45)-(22-46)-(21-42)-(20-41)-(19-47)-(18-61)-(17-65)-(16-57)-(15-50)-(14-68)-(13-40)-(12-53)-(11-36)-(10-52)-(9-54)-(8-49)-(7-67)-(6-55)-(5-48)-(4-51)-(3-37)-(2-66)-(1-35)-(0-64)],0.00035262107849121094,0.038687705993652344,5,True,5
~?@E???????????????????????????????????????????????????????????????????????????????????????????????????GE??_A?@A?EAC_@_?_?GEAO?Cg??A?O?OoO?A??C@_`??OOA__?AW???B??AS?@@???G@@GG?EOO?O???AQOG????@OOA?C???GKC?_????A`?a???SG?CC???OA?CGA????IC?D????g`??@????C?cG?_????_A@GG???OOI@??????@U?@?????@A?E?O??????_AF?????_?C_P?????O???Wg????@_AO?O?????g??AE????????Cco?????@GGO?@?????@AA@C?????????gAA_?????G??w?C??????,[(34-39)-(33-69)-(32-43)-(31-44)-(30-59)-(29-60)-(28-63)-(27-42)-(26-58)-(25-61)-(24-62)-(23-65)-(22-46)-(21-38)-(20-41)-(19-47)-(18-56)-(17-45)-(16-57)-(15-50)-(14-68)-(13-40)-(12-53)-(11-36)-(10-52)-(9-54)-(8-49)-(7-67)-(6-55)-(5-48)-(4-51)-(3-37)-(2-66)-(1-35)-(0-64)],0.00036835670471191406,0.0224611759185791,3,True,3
~?@E???????????????????????????????????????????????????????????????????????????????????????????????????GE??_A?@A?EAC_@_?_?GEAO?Cg??A?O?OoO?A??C@_`??OOA__?AW???B??AS?@@???G@@GG?EOO?O???AQOG????@OOA?C???GKC?_????A`?a???SG?CC???OA?CGA????IC?D????g`??@????C?cG?_????_A@GG???OOI@??????@U?@?????@A?E?O??????_AF?????_?C_P?????O???Wg????@_AO?O?????g??AE????????Cco?????@GGO?@?????@AA@C?????????gAA_?????G??w?C??????,[(34-39)-(33-69)-(32-43)-(31-44)-(30-59)-(29-60)-(28-63)-(27-42)-(26-58)-(25-61)-(24-62)-(23-65)-(22-46)-(21-38)-(20-41)-(19-47)-(18-56)-(17-45)-(16-57)-(15-50)-(14-68)-(13-40)-(12-53)-(11-36)-(10-52)-(9-54)-(8-49)-(7-67)-(6-55)-(5-48)-(4-51)-(3-37)-(2-66)-(1-35)-(0-64)],0.0004038810729980469,0.03867602348327637,5,True,5
~?@E???????????????????????????????????????????????????????????????????????????????????????????????????GE??_A?@A?EAC_@_?_?GEAO?Cg??A?O?OoO?A??C@_`??OOA__?AW???B??AS?@@???G@@GG?EOO?O???AQOG????@OOA?C???GKC?_????A`?a???SG?CC???OA?CGA????IC?D????g`??@????C?cG?_????_A@GG???OOI@??????@U?@?????@A?E?O??????_AF?????_?C_P?????O???Wg????@_AO?O?????g??AE????????Cco?????@GGO?@?????@AA@C?????????gAA_?????G??w?C??????,[(34-39)-(33-69)-(32-43)-(31-62)-(30-59)-(29-61)-(28-63)-(27-60)-(26-58)-(25-44)-(24-38)-(23-65)-(22-46)-(21-42)-(20-41)-(19-47)-(18-56)-(17-45)-(16-57)-(15-50)-(14-68)-(13-40)-(12-53)-(11-36)-(10-52)-(9-54)-(8-49)-(7-67)-(6-55)-(5-48)-(4-51)-(3-37)-(2-66)-(1-35)-(0-64)],0.00036334991455078125,0.01551508903503418,2,True,2
~?@E???????????????????????????????????????????????????????????????????????????????????????????????????GE??_A?@A?EAC_@_?_?GEAO?Cg??A?O?OoO?A??C@_`??OOA__?AW???B??AS?@@???G@@GG?EOO?O???AQOG????@OOA?C???GKC?_????A`?a???SG?CC???OA?CGA????IC?D????g`??@????C?cG?_????_A@GG???OOI@??????@U?@?????@A?E?O??????_AF?????_?C_P?????O???Wg????@_AO?O?????g??AE????????Cco?????@GGO?@?????@AA@C?????????gAA_?????G??w?C??????,[(34-39)-(33-69)-(32-43)-(31-62)-(30-59)-(29-61)-(28-63)-(27-60)-(26-58)-(25-44)-(24-38)-(23-65)-(22-46)-(21-42)-(20-41)-(19-47)-(18-56)-(17-45)-(16-57)-(15-50)-(14-68)-(13-40)-(12-53)-(11-36)-(10-52)-(9-54)-(8-49)-(7-67)-(6-55)-(5-48)-(4-51)-(3-37)-(2-66)-(1-35)-(0-64)],0.0003693103790283203,0.022391080856323242,3,True,3
~?@E???????????????????????????????????????????????????????????????????????????????????????????????????BC?@O?_AGAO?GCK??A@??G_B????`M??_@ACA?aA??O_A???d?_?B??@I??_@AA?O??B?Ga??C?AG??o??_@A`????IC?@_??CA_?C_??@?_?CK??Ag?A?_????C`g?????__C?GO??C?O?WG????O?c?OO??ADO_???????PIG?????AE?OA?????O?p@??????E_?`??????CGo??O?????A?GGK?????GA`?@?????GC@?O_????@@CH???????A???i@????????@cK??????C?o?g???????_OoC???????,[(34-46)-(33-42)-(32-63)-(31-61)-(30-67)-(29-43)-(28-47)-(27-40)-(26-39)-(25-62)-(24-35)-(23-60)-(22-59)-(21-66)-(20-45)-(19-38)-(18-55)-(17-53)-(16-58)-(15-37)-(14-68)-(13-44)-(12-41)-(11-57)-(10-54)-(9-52)-(8-48)-(7-56)-(6-69)-(5-51)-(4-50)-(3-49)-(2-64)-(1-65)-(0-36)],0.0004875659942626953,0.016840457916259766,2,True,2
~?@E???????????????????????????????????????????????????????????????????????????????????????????????????BC?@O?_AGAO?GCK??A@??G_B????`M??_@ACA?aA??O_A???d?_?B??@I??_@AA?O??B?Ga??C?AG??o??_@A`????IC?@_??CA_?C_??@?_?CK??Ag?A?_????C`g?????__C?GO??C?O?WG????O?c?OO??ADO_???????PIG?????AE?OA?????O?p@??????E_?`??????CGo??O?????A?GGK?????GA`?@?????GC@?O_????@@CH???????A???i@????????@cK??????C?o?g???????_OoC???????,[(34-46)-(33-42)-(32-63)-(31-61)-(30-67)-(29-43)-(28-47)-(27-40)-(26-39)-(25-62)-(24-35)-(23-60)-(22-59)-(21-66)-(20-45)-(19-38)-(18-55)-(17-53)-(16-58)-(15-37)-(14-68)-(13-44)-(12-41)-(11-57)-(10-54)-(9-52)-(8-48)-(7-56)-(6-69)-(5-51)-(4-50)-(3-49)-(2-64)-(1-65)-(0-36)],0.0005476474761962891,0.029674053192138672,3,True,3
~?@E???????????????????????????????????????????????????????????????????????????????????????????????????BC?@O?_AGAO?GCK??A@??G_B????`M??_@ACA?aA??O_A???d?_?B??@I??_@AA?O??B?Ga??C?AG??o??_@A`????IC?@_??CA_?C_??@?_?CK??Ag?A?_????C`g?????__C?GO??C?O?WG????O?c?OO??ADO_???????PIG?????AE?OA?????O?p@??????E_?`??????CGo??O?????A?GGK?????GA`?@?????GC@?O_????@@CH???????A???i@????????@cK??????C?o?g???????_OoC???????,[(34-46)-(33-42)-(32-63)-(31-61)-(30-39)-(29-67)-(28-47)-(27-40)-(26-43)-(25-62)-(24-35)-(23-60)-(22-59)-(21-66)-(20-45)-(19-38)-(18-55)-(17-53)-(16-58)-(15-37)-(14-68)-(13-44)-(12-41)-(11-57)-(10-54)-(9-52)-(8-48)-(7-56)-(6-69)-(5-51)-(4-50)-(3-49)-(2-64)-(1-65)-(0-36)],0.00036597251892089844,0.022222518920898438,3,True,3
~?@E???????????????????????????????????????????????????????????????????????????????????????????????????BC?@O?_AGAO?GCK??A@??G_B????`M??_@ACA?aA??O_A???d?_?B??@I??_@AA?O??B?Ga??C?AG??o??_@A`????IC?@_??CA_?C_??@?_?CK??Ag?A?_????C`g?????__C?GO??C?O?WG????O?c?OO??ADO_???????PIG?????AE?OA?????O?p@??????E_?`??????CGo??O?????A?GGK?????GA`?@?????GC@?O_????@@CH???????A???i@????????@cK??????C?o?g???????_OoC???????,[(34-46)-(33-42)-(32-63)-(31-61)-(30-39)-(29-67)-(28-47)-(27-40)-(26-43)-(25-62)-(24-35)-(23-60)-(22-59)-(21-66)-(20-45)-(19-38)-(18-55)-(17-53)-(16-58)-(15-37)-(14-68)-(13-44)-(12-41)-(11-57)-(10-54)-(9-52)-(8-48)-(7-56)-(6-69)-(5-51)-(4-50)-(3-49)-(2-64)-(1-65)-(0-36)],0.00036835670471191406,0.015522956848144531,2,True,2
~?@E???????????????????????????????????????????????????????????????????????????????????????????????????BC?@O?_AGAO?GCK??A@??G_B????`M??_@ACA?aA??O_A???d?_?B??@I??_@AA?O??B?Ga??C?AG??o??_@A`????IC?@_??CA_?C_??@?_?CK??Ag?A?_????C`g?????__C?GO??C?O?WG????O?c?OO??ADO_???????PIG?????AE?OA?????O?p@??????E_?`??????CGo??O?????A?GGK?????GA`?@?????GC@?O_????@@CH???????A???i@????????@cK??????C?o?g???????_OoC???????,[(34-46)-(33-42)-(32-63)-(31-61)-(30-67)-(29-39)-(28-47)-(27-40)-(26-43)-(25-62)-(24-35)-(23-60)-(22-59)-(21-66)-(20-45)-(19-38)-(18-55)-(17-53)-(16-58)-(15-37)-(14-68)-(13-44)-(12-41)-(11-57)-(10-54)-(9-52)-(8-48)-(7-56)-(6-69)-(5-51)-(4-50)-(3-49)-(2-64)-(1-65)-(0-36)],0.0003604888916015625,0.015475749969482422,2,True,2
~?@E???????????????????????????????????????????????????????????????????????????????????????????????????BC?@O?_AGAO?GCK??A@??G_B????`M??_@ACA?aA??O_A???d?_?B??@I??_@AA?O??B?Ga??C?AG??o??_@A`????IC?@_??CA_?C_??@?_?CK??Ag?A?_????C`g?????__C?GO??C?O?WG????O?c?OO??ADO_???????PIG?????AE?OA?????O?p@??????E_?`??????CGo??O?????A?GGK?????GA`?@?????GC@?O_????@@CH???????A???i@????????@cK??????C?o?g???????_OoC???????,[(34-46)-(33-42)-(32-63)-(31-61)-(30-67)-(29-39)-(28-47)-(27-40)-(26-43)-(25-62)-(24-35)-(23-60)-(22-59)-(21-66)-(20-45)-(19-38)-(18-55)-(17-53)-(16-58)-(15-37)-(14-68)-(13-44)-(12-41)-(11-57)-(10-54)-(9-52)-(8-48)-(7-56)-(6-69)-(5-51)-(4-50)-(3-49)-(2-64)-(1-65)-(0-36)],0.00038123130798339844,0.03076910972595215,4,True,4
~?@E???????????????????????????????????????????????????????????????????????????????????????????????????BC?@O?_AGAO?GCK??A@??G_B????`M??_@ACA?aA??O_A???d?_?B??@I??_@AA?O??B?Ga??C?AG??o??_@A`????IC?@_??CA_?C_??@?_?CK??Ag?A?_????C`g?????__C?GO??C?O?WG????O?c?OO??ADO_???????PIG?????AE?OA?????O?p@??????E_?`??????CGo??O?????A?GGK?????GA`?@?????GC@?O_????@@CH???????A???i@????????@cK??????C?o?g???????_OoC???????,[(34-46)-(33-42)-(32-62)-(31-61)-(30-67)-(29-43)-(28-45)-(27-40)-(26-39)-(25-66)-(24-35)-(23-60)-(22-59)-(21-47)-(20-63)-(19-38)-(18-55)-(17-53)-(16-58)-(15-37)-(14-68)-(13-44)-(12-41)-(11-57)-(10-54)-(9-52)-(8-48)-(7-56)-(6-69)-(5-51)-(4-50)-(3-49)-(2-64)-(1-65)-(0-36)],0.0003650188446044922,0.0044841766357421875,0,True,0
~?@E???????????????????????????????????????????????????????????????????????????????????????????????????BC?@O?_AGAO?GCK??A@??G_B????`M??_@ACA?aA??O_A???d?_?B??@I??_@AA?O??B?Ga??C?AG??o??_@A`????IC?@_??CA_?C_??@?_?CK??Ag?A?_????C`g?????__C?GO??C?O?WG????O?c?OO??ADO_???????PIG?????AE?OA?????O?p@??????E_?`??????CGo??O?????A?GGK?????GA`?@?????GC@?O_????@@CH???????A???i@????????@cK??????C?o?g???????_OoC???????,[(34-46)-(33-42)-(32-62)-(31-61)-(30-67)-(29-43)-(28-45)-(27-40)-(26-39)-(25-66)-(24-35)-(23-60)-(22-59)-(21-47)-(20-63)-(19-38)-(18-55)-(17-53)-(16-58)-(15-37)-(14-68)-(13-44)-(12-41)-(11-57)-(10-54)-(9-52)-(8-48)-(7-56)-(6-69)-(5-51)-(4-50)-(3-49)-(2-64)-(1-65)-(0-36)],0.00040030479431152344,0.0222623348236084,3,True,3
~?@E???????????????????????????????????????????????????????????????????????????????????????????????????BC?@O?_AGAO?GCK??A@??G_B????`M??_@ACA?aA??O_A???d?_?B??@I??_@AA?O??B?Ga??C?AG??o??_@A`????IC?@_??CA_?C_??@?_?CK??Ag?A?_????C`g?????__C?GO??C?O?WG????O?c?OO??ADO_???????PIG?????AE?OA?????O?p@??????E_?`??????CGo??O?????A?GGK?????GA`?@?????GC@?O_????@@CH???????A???i@????????@cK??????C?o?g???????_OoC???????,[(34-46)-(33-42)-(32-62)-(31-61)-(30-39)-(29-67)-(28-45)-(27-40)-(26-43)-(25-66)-(24-35)-(23-60)-(22-59)-(21-47)-(20-63)-(19-38)-(18-55)-(17-53)-(16-58)-(15-37)-(14-68)-(13-44)-(12-41)-(11-57)-(10-54)-(9-52)-(8-48)-(7-56)-(6-69)-(5-51)-(4-50)-(3-49)-(2-64)-(1-65)-(0-36)],0.0003628730773925781,0.009631633758544922,1,True,1
~?@E???????????????????????????????????????????????????????????????????????????????????????????????????BC?@O?_AGAO?GCK??A@??G_B????`M??_@ACA?aA??O_A???d?_?B??@I??_@AA?O??B?Ga??C?AG??o??_@A`????IC?@_??CA_?C_??@?_?CK??Ag?A?_????C`g?????__C?GO??C?O?WG????O?c?OO??ADO_???????PIG?????AE?OA?????O?p@??????E_?`??????CGo??O?????A?GGK?????GA`?@?????GC@?O_????@@CH???????A???i@????????@cK??????C?o?g???????_OoC???????,[(34-46)-(33-42)-(32-62)-(31-61)-(30-39)-(29-67)-(28-45)-(27-40)-(26-43)-(25-66)-(24-35)-(23-60)-(22-59)-(21-47)-(20-63)-(19-38)-(18-55)-(17-53)-(16-58)-(15-37)-(14-68)-(13-44)-(12-41)-(11-57)-(10-54)-(9-52)-(8-48)-(7-56)-(6-69)-(5-51)-(4-50)-(3-49)-(2-64)-(1-65)-(0-36)],0.00036144256591796875,0.015506267547607422,2,True,2
~?@E???????????????????????????????????????????????????????????????????????????????????????????????????BC?@O?_AGAO?GCK??A@??G_B????`M??_@ACA?aA??O_A???d?_?B??@I??_@AA?O??B?Ga??C?AG??o??_@A`????IC?@_??CA_?C_??@?_?CK??Ag?A?_????C`g?????__C?GO??C?O?WG????O?c?OO??ADO_???????PIG?????AE?OA?????O?p@??????E_?`??????CGo??O?????A?GGK?????GA`?@?????GC@?O_????@@CH???????A???i@????????@cK??????C?o?g???????_OoC???????,[(34-46)-(33-42)-(32-62)-(31-61)-(30-67)-(29-39)-(28-45)-(27-40)-(26-43)-(25-66)-(24-35)-(23-60)-(22-59)-(21-47)-(20-63)-(19-38)-(18-55)-(17-53)-(16-58)-(15-37)-(14-68)-(13-44)-(12-41)-(11-57)-(10-54)-(9-52)-(8-48)-(7-56)-(6-69)-(5-51)-(4-50)-(3-49)-(2-64)-(1-65)-(0-36)],0.00038170814514160156,0.009572982788085938,1,True,1
~?@E???????????????????????????????????????????????????????????????????????????????????????????????????BC?@O?_AGAO?GCK??A@??G_B????`M??_@ACA?aA??O_A???d?_?B??@I??_@AA?O??B?Ga??C?AG??o??_@A`????IC?@_??CA_?C_??@?_?CK??Ag?A?_????C`g?????__C?GO??C?O?WG????O?c?OO??ADO_???????PIG?????AE?OA?????O?p@??????E_?`??????CGo??O?????A?GGK?????GA`?@?????GC@?O_????@@CH???????A???i@????????@cK??????C?o?g???????_OoC???????,[(34-46)-(33-42)-(32-62)-(31-61)-(30-67)-(29-39)-(28-45)-(27-40)-(26-43)-(25-66)-(24-35)-(23-60)-(22-59)-(21-47)-(20-63)-(19-38)-(18-55)-(17-53)-(16-58)-(15-37)-(14-68)-(13-44)-(12-41)-(11-57)-(10-54)-(9-52)-(8-48)-(7-56)-(6-69)-(5-51)-(4-50)-(3-49)-(2-64)-(1-65)-(0-36)],0.0003619194030761719,0.02235269546508789,3,True,3
~?@E???????????????????????????????????????????????????????????????????????????????????????????????????BC?@O?_AGAO?GCK??A@??G_B????`M??_@ACA?aA??O_A???d?_?B??@I??_@AA?O??B?Ga??C?AG??o??_@A`????IC?@_??CA_?C_??@?_?CK??Ag?A?_????C`g?????__C?GO??C?O?WG????O?c?OO??ADO_???????PIG?????AE?OA?????O?p@??????E_?`??????CGo??O?????A?GGK?????GA`?@?????GC@?O_????@@CH???????A???i@????????@cK??????C?o?g???????_OoC???????,[(34-46)-(33-42)-(32-66)-(31-61)-(30-67)-(29-43)-(28-45)-(27-40)-(26-39)-(25-62)-(24-35)-(23-60)-(22-59)-(21-47)-(20-63)-(19-38)-(18-55)-(17-53)-(16-58)-(15-37)-(14-68)-(13-44)-(12-41)-(11-57)-(10-54)-(9-52)-(8-48)-(7-56)-(6-69)-(5-51)-(4-50)-(3-49)-(2-64)-(1-65)-(0-36)],0.0003612041473388672,0.009476184844970703,1,True,1
~?@E???????????????????????????????????????????????????????????????????????????????????????????????????BC?@O?_AGAO?GCK??A@??G_B????`M??_@ACA?aA??O_A???d?_?B??@I??_@AA?O??B?Ga??C?AG??o??_@A`????IC?@_??CA_?C_??@?_?CK??Ag?A?_????C`g?????__C?GO??C?O?WG????O?c?OO??ADO_???????PIG?????AE?OA?????O?p@??????E_?`??????CGo??O?????A?GGK?????GA`?@?????GC@?O_????@@CH???????A???i@????????@cK??????C?o?g???????_OoC???????,[(34-46)-(33-42)-(32-66)-(31-61)-(30-67)-(29-43)-(28-45)-(27-40)-(26-39)-(25-62)-(24-35)-(23-60)-(22-59)-(21-47)-(20-63)-(19-38)-(18-55)-(17-53)-(16-58)-(15-37)-(14-68)-(13-44)-(12-41)-(11-57)-(10-54)-(9-52)-(8-48)-(7-56)-(6-69)-(5-51)-(4-50)-(3-49)-(2-64)-(1-65)-(0-36)],0.0003590583801269531,0.022310972213745117,3,True,3
~?@E???????????????????????????????????????????????????????????????????????????????????????????????????BC?@O?_AGAO?GCK??A@??G_B????`M??_@ACA?aA??O_A???d?_?B??@I??_@AA?O??B?Ga??C?AG??o??_@A`????IC?@_??CA_?C_??@?_?CK??Ag?A?_????C`g?????__C?GO??C?O?WG????O?c?OO??ADO_???????PIG?????AE?OA?????O?p@??????E_?`??????CGo??O?????A?GGK?????GA`?@?????GC@?O_????@@CH???????A???i@????????@cK??????C?o?g???????_OoC???????,[(34-46)-(33-42)-(32-66)-(31-61)-(30-39)-(29-67)-(28-45)-(27-40)-(26-43)-(25-62)-(24-35)-(23-60)-(22-59)-(21-47)-(20-63)-(19-38)-(18-55)-(17-53)-(16-58)-(15-37)-(14-68)-(13-44)-(12-41)-(11-57)-(10-54)-(9-52)-(8-48)-(7-56)-(6-69)-(5-51)-(4-50)-(3-49)-(2-64)-(1-65)-(0-36)],0.00035858154296875,0.015588045120239258,2,True,2
~?@E???????????????????????????????????????????????????????????????????????????????????????????????????BC?@O?_AGAO?GCK??A@??G_B????`M??_@ACA?aA??O_A???d?_?B??@I??_@AA?O??B?Ga??C?AG??o??_@A`????IC?@_??CA_?C_??@?_?CK??Ag?A?_????C`g?????__C?GO??C?O?WG????O?c?OO??ADO_???????PIG?????AE?OA?????O?p@??????E_?`??????CGo??O?????A?GGK?????GA`?@?????GC@?O_????@@CH???????A???i@????????@cK??????C?o?g???????_OoC???????,[(34-46)-(33-42)-(32-66)-(31-61)-(30-39)-(29-67)-(28-45)-(27-40)-(26-43)-(25-62)-(24-35)-(23-60)-(22-59)-(21-47)-(20-63)-(19-38)-(18-55)-(17-53)-(16-58)-(15-37)-(14-68)-(13-44)-(12-41)-(11-57)-(10-54)-(9-52)-(8-48)-(7-56)-(6-69)-(5-51)-(4-50)-(3-49)-(2-64)-(1-65)-(0-36)],0.00036406517028808594,0.015644073486328125,2,True,2
~?@E???????????????????????????????????????????????????????????????????????????????????????????????????BC?@O?_AGAO?GCK??A@??G_B????`M??_@ACA?aA??O_A???d?_?B??@I??_@AA?O??B?Ga??C?AG??o??_@A`????IC?@_??CA_?C_??@?_?CK??Ag?A?_????C`g?????__C?GO??C?O?WG????O?c?OO??ADO_???????PIG?????AE?OA?????O?p@??????E_?`??????CGo??O?????A?GGK?????GA`?@?????GC@?O_????@@CH???????A???i@????????@cK??????C?o?g???????_OoC???????,[(34-46)-(33-42)-(32-66)-(31-61)-(30-67)-(29-39)-(28-45)-(27-40)-(26-43)-(25-62)-(24-35)-(23-60)-(22-59)-(21-47)-(20-63)-(19-38)-(18-55)-(17-53)-(16-58)-(15-37)-(14-68)-(13-44)-(12-41)-(11-57)-(10-54)-(9-52)-(8-48)-(7-56)-(6-69)-(5-51)-(4-50)-(3-49)-(2-64)-(1-65)-(0-36)],0.00036072731018066406,0.02230072021484375,3,True,3
~?@E???????????????????????????????????????????????????????????????????????????????????????????????????BC?@O?_AGAO?GCK??A@??G_B????`M??_@ACA?aA??O_A???d?_?B??@I??_@AA?O??B?Ga??C?AG??o??_@A`????IC?@_??CA_?C_??@?_?CK??Ag?A?_????C`g?????__C?GO??C?O?WG????O?c?OO??ADO_???????PIG?????AE?OA?????O?p@??????E_?`??????CGo??O?????A?GGK?????GA`?@?????GC@?O_????@@CH???????A???i@????????@cK??????C?o?g???????_OoC???????,[(34-46)-(33-42)-(32-66)-(31-61)-(30-67)-(29-39)-(28-45)-(27-40)-(26-43)-(25-62)-(24-35)-(23-60)-(22-59)-(21-47)-(20-63)-(19-38)-(18-55)-(17-53)-(16-58)-(15-37)-(14-68)-(13-44)-(12-41)-(11-57)-(10-54)-(9-52)-(8-48)-(7-56)-(6-69)-(5-51)-(4-50)-(3-49)-(2-64)-(1-65)-(0-36)],0.00036716461181640625,0.02241992950439453,3,True,3
~?@E???????????????????????????????????????????????????????????????????????????????????????????????????BC?@O?_AGAO?GCK??A@??G_B????`M??_@ACA?aA??O_A???d?_?B??@I??_@AA?O??B?Ga??C?AG??o??_@A`????IC?@_??CA_?C_??@?_?CK??Ag?A?_????C`g?????__C?GO??C?O?WG????O?c?OO??ADO_???????PIG?????AE?OA?????O?p@??????E_?`??????CGo??O?????A?GGK?????GA`?@?????GC@?O_????@@CH???????A???i@????????@cK??????C?o?g???????_OoC???????,[(34-46)-(33-38)-(32-63)-(31-61)-(30-39)-(29-43)-(28-45)-(27-40)-(26-42)-(25-66)-(24-35)-(23-60)-(22-59)-(21-47)-(20-67)-(19-62)-(18-55)-(17-53)-(16-58)-(15-37)-(14-68)-(13-44)-(12-41)-(11-57)-(10-54)-(9-52)-(8-48)-(7-56)-(6-69)-(5-51)-(4-50)-(3-49)-(2-64)-(1-65)-(0-36)],0.00036525726318359375,0.009537696838378906,1,True,1
~?@E???????????????????????????????????????????????????????????????????????????????????????????????????BC?@O?_AGAO?GCK??A@??G_B????`M??_@ACA?aA??O_A???d?_?B??@I??_@AA?O??B?Ga??C?AG??o??_@A`????IC?@_??CA_?C_??@?_?CK??Ag?A?_????C`g?????__C?GO??C?O?WG????O?c?OO??ADO_???????PIG?????AE?OA?????O?p@??????E_?`??????CGo??O?????A?GGK?????GA`?@?????GC@?O_????@@CH???????A???i@????????@cK??????C?o?g???????_OoC???????,[(34-46)-(33-38)-(32-63)-(31-61)-(30-39)-(29-43)-(28-45)-(27-40)-(26-42)-(25-66)-(24-35)-(23-60)-(22-59)-(21-47)-(20-67)-(19-62)-(18-55)-(17-53)-(16-58)-(15-37)-(14-68)-(13-44)-(12-41)-(11-57)-(10-54)-(9-52)-(8-48)-(7-56)-(6-69)-(5-51)-(4-50)-(3-49)-(2-64)-(1-65)-(0-36)],0.00035858154296875,0.004553318023681641,0,True,0
~?@E???????????????????????????????????????????????????????????????????????????????????????????????????CA?__C??@?EE??W??eG?OGS?E@CA???AO?_OO?G_O?Q??EAAG??C??OcG??O?OW_??h?O??A??_@GOA??C@AO?_?????GHc????@x????@PC@????@?K??@O??A_AK?????C?_@_O??A?P??A_???AC?QO???AP?C?A????_?O??Y????@G?H@????IH??_?????C_??s?????@?AgC??????A_AO_?????CI?a??????GC_GA???????WGAC???????g??p?????AG?_?S??????K_OG????????GAo?O??????,[(34-45)-(33-48)-(32-35)-(31-57)-(30-41)-(29-47)-(28-36)-(27-60)-(26-58)-(25-63)-(24-38)-(23-59)-(22-46)-(21-62)-(20-61)-(19-42)-(18-40)-(17-49)-(16-43)-(15-44)-(14-53)-(13-37)-(12-51)-(11-66)-(10-54)-(9-65)-(8-69)-(7-55)-(6-52)-(5-68)-(4-50)-(3-56)-(2-64)-(1-67)-(0-39)],0.00036072731018066406,0.015913724899291992,2,True,2
~?@E???????????????????????????????????????????????????????????????????????????????????????????????????CA?__C??@?EE??W??eG?OGS?E@CA???AO?_OO?G_O?Q??EAAG??C??OcG??O?OW_??h?O??A??_@GOA??C@AO?_?????GHc????@x????@PC@????@?K??@O??A_AK?????C?_@_O??A?P??A_???AC?QO???AP?C?A????_?O??Y????@G?H@????IH??_?????C_??s?????@?AgC??????A_AO_?????CI?a??????GC_GA???????WGAC???????g??p?????AG?_?S??????K_OG????????GAo?O??????,[(34-45)-(33-48)-(32-35)-(31-57)-(30-41)-(29-47)-(28-36)-(27-60)-(26-58)-(25-63)-(24-38)-(23-59)-(22-46)-(21-62)-(20-61)-(19-42)-(18-40)-(17-49)-(16-43)-(15-44)-(14-53)-(13-37)-(12-51)-(11-66)-(10-54)-(9-65)-(8-69)-(7-55)-(6-52)-(5-68)-(4-50)-(3-56)-(2-64)-(1-67)-(0-39)],0.0003991127014160156,0.02240896224975586,3,True,3
~?@E???????????????????????????????????????????????????????????????????????????????????????????????????CA?__C??@?EE??W??eG?OGS?E@CA???AO?_OO?G_O?Q??EAAG??C??OcG??O?OW_??h?O??A??_@GOA??C@AO?_?????GHc????@x????@PC@????@?K??@O??A_AK?????C?_@_O??A?P??A_???AC?QO???AP?C?A????_?O??Y????@G?H@????IH??_?????C_??s?????@?AgC??????A_AO_?????CI?a??????GC_GA???????WGAC???????g??p?????AG?_?S??????K_OG????????GAo?O??????,[(34-45)-(33-48)-(32-35)-(31-57)-(30-41)-(29-62)-(28-36)-(27-60)-(26-58)-(25-40)-(24-38)-(23-59)-(22-46)-(21-63)-(20-61)-(19-42)-(18-47)-(17-49)-(16-43)-(15-44)-(14-53)-(13-37)-(12-51)-(11-66)-(10-54)-(9-65)-(8-69)-(7-55)-(6-52)-(5-68)-(4-50)-(3-56)-(2-64)-(1-67)-(0-39)],0.0003733634948730469,0.015774011611938477,2,True,2
~?@E???????????????????????????????????????????????????????????????????????????????????????????????????CA?__C??@?EE??W??eG?OGS?E@CA???AO?_OO?G_O?Q??EAAG??C??OcG??O?OW_??h?O??A??_@GOA??C@AO?_?????GHc????@x????@PC@????@?K??@O??A_AK?????C?_@_O??A?P??A_???AC?QO???AP?C?A????_?O??Y????@G?H@????IH??_?????C_??s?????@?AgC??????A_AO_?????CI?a??????GC_GA???????WGAC???????g??p?????AG?_?S??????K_OG????????GAo?O??????,[(34-45)-(33-48)-(32-35)-(31-57)-(30-41)-(29-62)-(28-36)-(27-60)-(26-58)-(25-40)-(24-38)-(23-59)-(22-46)-(21-63)-(20-61)-(19-42)-(18-47)-(17-49)-(16-43)-(15-44)-(14-53)-(13-37)-(12-51)-(11-66)-(10-54)-(9-65)-(8-69)-(7-55)-(6-52)-(5-68)-(4-50)-(3-56)-(2-64)-(1-67)-(0-39)],0.0003826618194580078,0.022540569305419922,3,True,3
~?@E???????????????????????????????????????????????????????????????????????????????????????????????????CA?__C??@?EE??W??eG?OGS?E@CA???AO?_OO?G_O?Q??EAAG??C??OcG??O?OW_??h?O??A??_@GOA??C@AO?_?????GHc????@x????@PC@????@?K??@O??A_AK?????C?_@_O??A?P??A_???AC?QO???AP?C?A????_?O??Y????@G?H@????IH??_?????C_??s?????@?AgC??????A_AO_?????CI?a??????GC_GA???????WGAC???????g??p?????AG?_?S??????K_OG????????GAo?O??????,[(34-45)-(33-48)-(32-57)-(31-40)-(30-41)-(29-47)-(28-36)-(27-60)-(26-58)-(25-63)-(24-38)-(23-59)-(22-46)-(21-62)-(20-61)-(19-42)-(18-49)-(17-35)-(16-43)-(15-44)-(14-53)-(13-37)-(12-51)-(11-66)-(10-54)-(9-65)-(8-69)-(7-55)-(6-52)-(5-68)-(4-50)-(3-56)-(2-64)-(1-67)-(0-39)],0.0003688335418701172,0.0045223236083984375,0,True,0
~?@E???????????????????????????????????????????????????????????????????????????????????????????????????CA?__C??@?EE??W??eG?OGS?E@CA???AO?_OO?G_O?Q??EAAG??C??OcG??O?OW_??h?O??A??_@GOA??C@AO?_?????GHc????@x????@PC@????@?K??@O??A_AK?????C?_@_O??A?P??A_???AC?QO???AP?C?A????_?O??Y????@G?H@????IH??_?????C_??s?????@?AgC??????A_AO_?????CI?a??????GC_GA???????WGAC???????g??p?????AG?_?S??????K_OG????????GAo?O??????,[(34-45)-(33-48)-(32-57)-(31-40)-(30-41)-(29-47)-(28-36)-(27-60)-(26-58)-(25-63)-(24-38)-(23-59)-(22-46)-(21-62)-(20-61)-(19-42)-(18-49)-(17-35)-(16-43)-(15-44)-(14-53)-(13-37)-(12-51)-(11-66)-(10-54)-(9-65)-(8-69)-(7-55)-(6-52)-(5-68)-(4-50)-(3-56)-(2-64)-(1-67)-(0-39)],0.00035381317138671875,0.015545845031738281,2,True,2
~?@E???????????????????????????????????????????????????????????????????????????????????????????????????CA?__C??@?EE??W??eG?OGS?E@CA???AO?_OO?G_O?Q??EAAG??C??OcG??O?OW_??h?O??A??_@GOA??C@AO?_?????GHc????@x????@PC@????@?K??@O??A_AK?????C?_@_O??A?P??A_???AC?QO???AP?C?A????_?O??Y????@G?H@????IH??_?????C_??s?????@?AgC??????A_AO_?????CI?a??????GC_GA???????WGAC???????g??p?????AG?_?S??????K_OG????????GAo?O??????,[(34-45)-(33-48)-(32-58)-(31-57)-(30-41)-(29-47)-(28-36)-(27-60)-(26-38)-(25-40)-(24-62)-(23-59)-(22-46)-(21-63)-(20-61)-(19-42)-(18-49)-(17-35)-(16-43)-(15-44)-(14-53)-(13-37)-(12-51)-(11-66)-(10-54)-(9-65)-(8-69)-(7-55)-(6-52)-(5-68)-(4-50)-(3-56)-(2-64)-(1-67)-(0-39)],0.0003960132598876953,0.009619951248168945,1,True,1
~?@E???????????????????????????????????????????????????????????????????????????????????????????????????CA?__C??@?EE??W??eG?OGS?E@CA???AO?_OO?G_O?Q??EAAG??C??OcG??O?OW_??h?O??A??_@GOA??C@AO?_?????GHc????@x????@PC@????@?K??@O??A_AK?????C?_@_O??A?P??A_???AC?QO???AP?C?A????_?O??Y????@G?H@????IH??_?????C_??s?????@?AgC??????A_AO_?????CI?a??????GC_GA???????WGAC???????g??p?????AG?_?S??????K_OG????????GAo?O??????,[(34-45)-(33-48)-(32-58)-(31-57)-(30-41)-(29-47)-(28-36)-(27-60)-(26-38)-(25-40)-(24-62)-(23-59)-(22-46)-(21-63)-(20-61)-(19-42)-(18-49)-(17-35)-(16-43)-(15-44)-(14-53)-(13-37)-(12-51)-(11-66)-(10-54)-(9-65)-(8-69)-(7-55)-(6-52)-(5-68)-(4-50)-(3-56)-(2-64)-(1-67)-(0-39)],0.0003581047058105469,0.009622812271118164,1,True,1
~?@E???????????????????????????????????????????????????????????????????????????????????????????????????CA?__C??@?EE??W??eG?OGS?E@CA???AO?_OO?G_O?Q??EAAG??C??OcG??O?OW_??h?O??A??_@GOA??C@AO?_?????GHc????@x????@PC@????@?K??@O??A_AK?????C?_@_O??A?P??A_???AC?QO???AP?C?A????_?O??Y????@G?H@????IH??_?????C_??s?????@?AgC??????A_AO_?????CI?a??????GC_GA???????WGAC???????g??p?????AG?_?S??????K_OG????????GAo?O??????,[(34-45)-(33-48)-(32-58)-(31-57)-(30-41)-(29-47)-(28-36)-(27-61)-(26-38)-(25-63)-(24-60)-(23-59)-(22-46)-(21-62)-(20-49)-(19-42)-(18-40)-(17-35)-(16-43)-(15-44)-(14-53)-(13-37)-(12-51)-(11-66)-(10-54)-(9-65)-(8-69)-(7-55)-(6-52)-(5-68)-(4-50)-(3-56)-(2-64)-(1-67)-(0-39)],0.0003535747528076172,0.02376389503479004,3,True,3
~?@E???????????????????????????????????????????????????????????????????????????????????????????????????CA?__C??@?EE??W??eG?OGS?E@CA???AO?_OO?G_O?Q??EAAG??C??OcG??O?OW_??h?O??A??_@GOA??C@AO?_?????GHc????@x????@PC@????@?K??@O??A_AK?????C?_@_O??A?P??A_???AC?QO???AP?C?A????_?O??Y????@G?H@????IH??_?????C_??s?????@?AgC??????A_AO_?????CI?a??????GC_GA???????WGAC???????g??p?????AG?_?S??????K_OG????????GAo?O??????,[(34-45)-(33-48)-(32-58)-(31-57)-(30-41)-(29-47)-(28-36)-(27-61)-(26-38)-(25-63)-(24-60)-(23-59)-(22-46)-(21-62)-(20-49)-(19-42)-(18-40)-(17-35)-(16-43)-(15-44)-(14-53)-(13-37)-(12-51)-(11-66)-(10-54)-(9-65)-(8-69)-(7-55)-(6-52)-(5-68)-(4-50)-(3-56)-(2-64)-(1-67)-(0-39)],0.00035119056701660156,0.009767532348632812,1,True,1
~?@E???????????????????????????????????????????????????????????????????????????????????????????????????CA?__C??@?EE??W??eG?OGS?E@CA???AO?_OO?G_O?Q??EAAG??C??OcG??O?OW_??h?O??A??_@GOA??C@AO?_?????GHc????@x????@PC@????@?K??@O??A_AK?????C?_@_O??A?P??A_???AC?QO???AP?C?A????_?O??Y????@G?H@????IH??_?????C_??s?????@?AgC??????A_AO_?????CI?a??????GC_GA???????WGAC???????g??p?????AG?_?S??????K_OG????????GAo?O??????,[(34-45)-(33-48)-(32-58)-(31-57)-(30-41)-(29-47)-(28-36)-(27-61)-(26-38)-(25-60)-(24-62)-(23-59)-(22-46)-(21-63)-(20-49)-(19-42)-(18-40)-(17-35)-(16-43)-(15-44)-(14-53)-(13-37)-(12-51)-(11-66)-(10-54)-(9-65)-(8-69)-(7-55)-(6-52)-(5-68)-(4-50)-(3-56)-(2-64)-(1-67)-(0-39)],0.0003609657287597656,0.004509687423706055,0,True,0
~?@E???????????????????????????????????????????????????????????????????????????????????????????????????CA?__C??@?EE??W??eG?OGS?E@CA???AO?_OO?G_O?Q??EAAG??C??OcG??O?OW_??h?O??A??_@GOA??C@AO?_?????GHc????@x????@PC@????@?K??@O??A_AK?????C?_@_O??A?P??A_???AC?QO???AP?C?A????_?O??Y????@G?H@????IH??_?????C_??s?????@?AgC??????A_AO_?????CI?a??????GC_GA???????WGAC???????g??p?????AG?_?S??????K_OG????????GAo?O??????,[(34-45)-(33-48)-(32-58)-(31-57)-(30-41)-(29-47)-(28-36)-(27-61)-(26-38)-(25-60)-(24-62)-(23-59)-(22-46)-(21-63)-(20-49)-(19-42)-(18-40)-(17-35)-(16-43)-(15-44)-(14-53)-(13-37)-(12-51)-(11-66)-(10-54)-(9-65)-(8-69)-(7-55)-(6-52)-(5-68)-(4-50)-(3-56)-(2-64)-(1-67)-(0-39)],0.0003578662872314453,0.016420841217041016,2,True,2
~?@E???????????????????????????????????????????????????????????????????????????????????????????????????CA?__C??@?EE??W??eG?OGS?E@CA???AO?_OO?G_O?Q??EAAG??C??OcG??O?OW_??h?O??A??_@GOA??C@AO?_?????GHc????@x????@PC@????@?K??@O??A_AK?????C?_@_O??A?P??A_???AC?QO???AP?C?A????_?O??Y????@G?H@????IH??_?????C_??s?????@?AgC??????A_AO_?????CI?a??????GC_GA???????WGAC???????g??p?????AG?_?S??????K_OG????????GAo?O??????,[(34-45)-(33-48)-(32-57)-(31-40)-(30-41)-(29-47)-(28-36)-(27-60)-(26-58)-(25-63)-(24-38)-(23-59)-(22-46)-(21-62)-(20-49)-(19-42)-(18-61)-(17-35)-(16-43)-(15-44)-(14-53)-(13-37)-(12-51)-(11-66)-(10-54)-(9-65)-(8-69)-(7-55)-(6-52)-(5-68)-(4-50)-(3-56)-(2-64)-(1-67)-(0-39)],0.00035071372985839844,0.01571822166442871,2,True,2
~?@E???????????????????????????????????????????????????????????????????????????????????????????????????CA?__C??@?EE??W??eG?OGS?E@CA???AO?_OO?G_O?Q??EAAG??C??OcG??O?OW_??h?O??A??_@GOA??C@AO?_?????GHc????@x????@PC@????@?K??@O??A_AK?????C?_@_O??A?P??A_???AC?QO???AP?C?A????_?O??Y????@G?H@????IH??_?????C_??s?????@?AgC??????A_AO_?????CI?a??????GC_GA???????WGAC???????g??p?????AG?_?S??????K_OG????????GAo?O??????,[(34-45)-(33-48)-(32-57)-(31-40)-(30-41)-(29-47)-(28-36)-(27-60)-(26-58)-(25-63)-(24-38)-(23-59)-(22-46)-(21-62)-(20-49)-(19-42)-(18-61)-(17-35)-(16-43)-(15-44)-(14-53)-(13-37)-(12-51)-(11-66)-(10-54)-(9-65)-(8-69)-(7-55)-(6-52)-(5-68)-(4-50)-(3-56)-(2-64)-(1-67)-(0-39)],0.0003991127014160156,0.009590625762939453,1,True,1
~?@E???????????????????????????????????????????????????????????????????????????????????????????????????CA?__C??@?EE??W??eG?OGS?E@CA???AO?_OO?G_O?Q??EAAG??C??OcG??O?OW_??h?O??A??_@GOA??C@AO?_?????GHc????@x????@PC@????@?K??@O??A_AK?????C?_@_O??A?P??A_???AC?QO???AP?C?A????_?O??Y????@G?H@????IH??_?????C_??s?????@?AgC??????A_AO_?????CI?a??????GC_GA???????WGAC???????g??p?????AG?_?S??????K_OG????????GAo?O??????,[(34-45)-(33-48)-(32-58)-(31-57)-(30-41)-(29-47)-(28-36)-(27-60)-(26-38)-(25-40)-(24-62)-(23-59)-(22-46)-(21-63)-(20-49)-(19-42)-(18-61)-(17-35)-(16-43)-(15-44)-(14-53)-(13-37)-(12-51)-(11-66)-(10-54)-(9-65)-(8-69)-(7-55)-(6-52)-(5-68)-(4-50)-(3-56)-(2-64)-(1-67)-(0-39)],0.00035881996154785156,0.015607118606567383,2,True,2
~?@E???????????????????????????????????????????????????????????????????????????????????????????????????CA?__C??@?EE??W??eG?OGS?E@CA???AO?_OO?G_O?Q??EAAG??C??OcG??O?OW_??h?O??A??_@GOA??C@AO?_?????GHc????@x????@PC@????@?K??@O??A_AK?????C?_@_O??A?P??A_???AC?QO???AP?C?A????_?O??Y????@G?H@????IH??_?????C_??s?????@?AgC??????A_AO_?????CI?a??????GC_GA???????WGAC???????g??p?????AG?_?S??????K_OG????????GAo?O??????,[(34-45)-(33-48)-(32-58)-(31-57)-(30-41)-(29-47)-(28-36)-(27-60)-(26-38)-(25-40)-(24-62)-(23-59)-(22-46)-(21-63)-(20-49)-(19-42)-(18-61)-(17-35)-(16-43)-(15-44)-(14-53)-(13-37)-(12-51)-(11-66)-(10-54)-(9-65)-(8-69)-(7-55)-(6-52)-(5-68)-(4-50)-(3-56)-(2-64)-(1-67)-(0-39)],0.00035834312438964844,0.09707307815551758,4,True,4
~?@E???????????????????????????????????????????????????????????????????????????????????????????????????CA?__C??@?EE??W??eG?OGS?E@CA???AO?_OO?G_O?Q??EAAG??C??OcG??O?OW_??h?O??A??_@GOA??C@AO?_?????GHc????@x????@PC@????@?K??@O??A_AK?????C?_@_O??A?P??A_???AC?QO???AP?C?A????_?O??Y????@G?H@????IH??_?????C_??s?????@?AgC??????A_AO_?????CI?a??????GC_GA???????WGAC???????g??p?????AG?_?S??????K_OG????????GAo?O??????,[(34-45)-(33-48)-(32-57)-(31-40)-(30-41)-(29-62)-(28-36)-(27-61)-(26-58)-(25-60)-(24-38)-(23-59)-(22-46)-(21-63)-(20-49)-(19-42)-(18-47)-(17-35)-(16-43)-(15-44)-(14-53)-(13-37)-(12-51)-(11-66)-(10-54)-(9-65)-(8-69)-(7-55)-(6-52)-(5-68)-(4-50)-(3-56)-(2-64)-(1-67)-(0-39)],0.0003597736358642578,0.009603261947631836,1,True,1
~?@E???????????????????????????????????????????????????????????????????????????????????????????????????CA?__C??@?EE??W??eG?OGS?E@CA???AO?_OO?G_O?Q??EAAG??C??OcG??O?OW_??h?O??A??_@GOA??C@AO?_?????GHc????@x????@PC@????@?K??@O??A_AK?????C?_@_O??A?P??A_???AC?QO???AP?C?A????_?O??Y????@G?H@????IH??_?????C_??s?????@?AgC??????A_AO_?????CI?a??????GC_GA???????WGAC???????g??p?????AG?_?S??????K_OG????????GAo?O??????,[(34-45)-(33-48)-(32-57)-(31-40)-(30-41)-(29-62)-(28-36)-(27-61)-(26-58)-(25-60)-(24-38)-(23-59)-(22-46)-(21-63)-(20-49)-(19-42)-(18-47)-(17-35)-(16-43)-(15-44)-(14-53)-(13-37)-(12-51)-(11-66)-(10-54)-(9-65)-(8-69)-(7-55)-(6-52)-(5-68)-(4-50)-(3-56)-(2-64)-(1-67)-(0-39)],0.0003590583801269531,0.01565861701965332,2,True,2
~?@E???????????????????????????????????????????????????????????????????????????????????????????????????CA?__C??@?EE??W??eG?OGS?E@CA???AO?_OO?G_O?Q??EAAG??C??OcG??O?OW_??h?O??A??_@GOA??C@AO?_?????GHc????@x????@PC@????@?K??@O??A_AK?????C?_@_O??A?P??A_???AC?QO???AP?C?A????_?O??Y????@G?H@????IH??_?????C_??s?????@?AgC??????A_AO_?????CI?a??????GC_GA???????WGAC???????g??p?????AG?_?S??????K_OG????????GAo?O??????,[(34-45)-(33-48)-(32-58)-(31-57)-(30-41)-(29-62)-(28-36)-(27-61)-(26-38)-(25-40)-(24-60)-(23-59)-(22-46)-(21-63)-(20-49)-(19-42)-(18-47)-(17-35)-(16-43)-(15-44)-(14-53)-(13-37)-(12-51)-(11-66)-(10-54)-(9-65)-(8-69)-(7-55)-(6-52)-(5-68)-(4-50)-(3-56)-(2-64)-(1-67)-(0-39)],0.00038433074951171875,0.03016209602355957,4,True,4
~?@E???????????????????????????????????????????????????????????????????????????????????????????????????CA?__C??@?EE??W??eG?OGS?E@CA???AO?_OO?G_O?Q??EAAG??C??OcG??O?OW_??h?O??A??_@GOA??C@AO?_?????GHc????@x????@PC@????@?K??@O??A_AK?????C?_@_O??A?P??A_???AC?QO???AP?C?A????_?O??Y????@G?H@????IH??_?????C_??s?????@?AgC??????A_AO_?????CI?a??????GC_GA???????WGAC???????g??p?????AG?_?S??????K_OG????????GAo?O??????,[(34-45)-(33-48)-(32-58)-(31-57)-(30-41)-(29-62)-(28-36)-(27-61)-(26-38)-(25-40)-(24-60)-(23-59)-(22-46)-(21-63)-(20-49)-(19-42)-(18-47)-(17-35)-(16-43)-(15-44)-(14-53)-(13-37)-(12-51)-(11-66)-(10-54)-(9-65)-(8-69)-(7-55)-(6-52)-(5-68)-(4-50)-(3-56)-(2-64)-(1-67)-(0-39)],0.00039768218994140625,0.009718179702758789,1,True,1
~?@E???????????????????????????????????????????????????????????????????????????????????????????????????P?O?_@OOGc???KI?_?C?S?GC???qK??ACOa????_?GCo@???Ba?C?OC?B??G?S_C??CC?GOA?@G??Oa??GGGAC????Q?AAC??O_OW????AOO?@A???A?E`????C@aO?????g???aO???GOC?`???C?G??J????KG?CO?????O@?Ca?????@?@Y????OS??OO????C?CD?_????CDQ???????CCOC?O?????@_G?GO????O?@Co??????AC_GG??????G?r???????A?G_?O_?????C?CF???????_aO??A??????,[(34-45)-(33-41)-(32-43)-(31-55)-(30-62)-(29-63)-(28-58)-(27-57)-(26-42)-(25-38)-(24-59)-(23-56)-(22-46)-(21-47)-(20-44)-(19-51)-(18-54)-(17-68)-(16-39)-(15-60)-(14-36)-(13-49)-(12-52)-(11-67)-(10-69)-(9-61)-(8-37)-(7-48)-(6-65)-(5-66)-(4-40)-(3-50)-(2-53)-(1-64)-(0-35)],0.00035452842712402344,0.023745298385620117,3,True,3
~?@E???????????????????????????????????????????????????????????????????????????????????????????????????P?O?_@OOGc???KI?_?C?S?GC???qK??ACOa????_?GCo@???Ba?C?OC?B??G?S_C??CC?GOA?@G??Oa??GGGAC????Q?AAC??O_OW????AOO?@A???A?E`????C@aO?????g???aO???GOC?`???C?G??J????KG?CO?????O@?Ca?????@?@Y????OS??OO????C?CD?_????CDQ???????CCOC?O?????@_G?GO????O?@Co??????AC_GG??????G?r???????A?G_?O_?????C?CF???????_aO??A??????,[(34-45)-(33-41)-(32-43)-(31-55)-(30-62)-(29-63)-(28-58)-(27-57)-(26-42)-(25-38)-(24-59)-(23-56)-(22-46)-(21-47)-(20-44)-(19-51)-(18-54)-(17-68)-(16-39)-(15-60)-(14-36)-(13-49)-(12-52)-(11-67)-(10-69)-(9-61)-(8-37)-(7-48)-(6-65)-(5-66)-(4-40)-(3-50)-(2-53)-(1-64)-(0-35)],0.0003597736358642578,0.03024768829345703,4,True,4
~?@E???????????????????????????????????????????????????????????????????????????????????????????????????P?O?_@OOGc???KI?_?C?S?GC???qK??ACOa????_?GCo@???Ba?C?OC?B??G?S_C??CC?GOA?@G??Oa??GGGAC????Q?AAC??O_OW????AOO?@A???A?E`????C@aO?????g???aO???GOC?`???C?G??J????KG?CO?????O@?Ca?????@?@Y????OS??OO????C?CD?_????CDQ???????CCOC?O?????@_G?GO????O?@Co??????AC_GG??????G?r???????A?G_?O_?????C?CF???????_aO??A??????,[(34-45)-(33-41)-(32-55)-(31-43)-(30-62)-(29-63)-(28-58)-(27-57)-(26-42)-(25-38)-(24-59)-(23-56)-(22-46)-(21-47)-(20-44)-(19-51)-(18-54)-(17-68)-(16-39)-(15-60)-(14-36)-(13-49)-(12-52)-(11-67)-(10-69)-(9-61)-(8-37)-(7-48)-(6-65)-(5-66)-(4-40)-(3-50)-(2-53)-(1-64)-(0-35)],0.0003616809844970703,0.015600442886352539,2,True,2
~?@E???????????????????????????????????????????????????????????????????????????????????????????????????P?O?_@OOGc???KI?_?C?S?GC???qK??ACOa????_?GCo@???Ba?C?OC?B??G?S_C??CC?GOA?@G??Oa??GGGAC????Q?AAC??O_OW????AOO?@A???A?E`????C@aO?????g???aO???GOC?`???C?G??J????KG?CO?????O@?Ca?????@?@Y????OS??OO????C?CD?_????CDQ???????CCOC?O?????@_G?GO????O?@Co??????AC_GG??????G?r???????A?G_?O_?????C?CF???????_aO??A??????,[(34-45)-(33-41)-(32-55)-(31-43)-(30-62)-(29-63)-(28-58)-(27-57)-(26-42)-(25-38)-(24-59)-(23-56)-(22-46)-(21-47)-(20-44)-(19-51)-(18-54)-(17-68)-(16-39)-(15-60)-(14-36)-(13-49)-(12-52)-(11-67)-(10-69)-(9-61)-(8-37)-(7-48)-(6-65)-(5-66)-(4-40)-(3-50)-(2-53)-(1-64)-(0-35)],0.0003485679626464844,0.0157163143157959,2,True,2
~?@E???????????????????????????????????????????????????????????????????????????????????????????????????P?O?_@OOGc???KI?_?C?S?GC???qK??ACOa????_?GCo@???Ba?C?OC?B??G?S_C??CC?GOA?@G??Oa??GGGAC????Q?AAC??O_OW????AOO?@A???A?E`????C@aO?????g???aO???GOC?`???C?G??J????KG?CO?????O@?Ca?????@?@Y????OS??OO????C?CD?_????CDQ???????CCOC?O?????@_G?GO????O?@Co??????AC_GG??????G?r???????A?G_?O_?????C?CF???????_aO??A??????,[(34-63)-(33-41)-(32-38)-(31-43)-(30-62)-(29-55)-(28-58)-(27-57)-(26-42)-(25-45)-(24-59)-(23-56)-(22-46)-(21-47)-(20-44)-(19-51)-(18-54)-(17-68)-(16-39)-(15-60)-(14-36)-(13-49)-(12-52)-(11-67)-(10-69)-(9-61)-(8-37)-(7-48)-(6-65)-(5-66)-(4-40)-(3-50)-(2-53)-(1-64)-(0-35)],0.0003581047058105469,0.015546083450317383,2,True,2
~?@E???????????????????????????????????????????????????????????????????????????????????????????????????P?O?_@OOGc???KI?_?C?S?GC???qK??ACOa????_?GCo@???Ba?C?OC?B??G?S_C??CC?GOA?@G??Oa??GGGAC????Q?AAC??O_OW????AOO?@A???A?E`????C@aO?????g???aO???GOC?`???C?G??J????KG?CO?????O@?Ca?????@?@Y????OS??OO????C?CD?_????CDQ???????CCOC?O?????@_G?GO????O?@Co??????AC_GG??????G?r???????A?G_?O_?????C?CF???????_aO??A??????,[(34-63)-(33-41)-(32-38)-(31-43)-(30-62)-(29-55)-(28-58)-(27-57)-(26-42)-(25-45)-(24-59)-(23-56)-(22-46)-(21-47)-(20-44)-(19-51)-(18-54)-(17-68)-(16-39)-(15-60)-(14-36)-(13-49)-(12-52)-(11-67)-(10-69)-(9-61)-(8-37)-(7-48)-(6-65)-(5-66)-(4-40)-(3-50)-(2-53)-(1-64)-(0-35)],0.0003631114959716797,0.015627384185791016,2,True,2
~?@E???????????????????????????????????????????????????????????????????????????????????????????????????P?O?_@OOGc???KI?_?C?S?GC???qK??ACOa????_?GCo@???Ba?C?OC?B??G?S_C??CC?GOA?@G??Oa??GGGAC????Q?AAC??O_OW????AOO?@A???A?E`????C@aO?????g???aO???GOC?`???C?G??J????KG?CO?????O@?Ca?????@?@Y????OS??OO????C?CD?_????CDQ???????CCOC?O?????@_G?GO????O?@Co??????AC_GG??????G?r???????A?G_?O_?????C?CF???????_aO??A??????,[(34-63)-(33-41)-(32-43)-(31-55)-(30-62)-(29-44)-(28-58)-(27-57)-(26-42)-(25-38)-(24-59)-(23-56)-(22-46)-(21-47)-(20-45)-(19-51)-(18-54)-(17-68)-(16-39)-(15-60)-(14-36)-(13-49)-(12-52)-(11-67)-(10-69)-(9-61)-(8-37)-(7-48)-(6-65)-(5-66)-(4-40)-(3-50)-(2-53)-(1-64)-(0-35)],0.0004093647003173828,0.015508413314819336,2,True,2
~?@E???????????????????????????????????????????????????????????????????????????????????????????????????P?O?_@OOGc???KI?_?C?S?GC???qK??ACOa????_?GCo@???Ba?C?OC?B??G?S_C??CC?GOA?@G??Oa??GGGAC????Q?AAC??O_OW????AOO?@A???A?E`????C@aO?????g???aO???GOC?`???C?G??J????KG?CO?????O@?Ca?????@?@Y????OS??OO????C?CD?_????CDQ???????CCOC?O?????@_G?GO????O?@Co??????AC_GG??????G?r???????A?G_?O_?????C?CF???????_aO??A??????,[(34-63)-(33-41)-(32-43)-(31-55)-(30-62)-(29-44)-(28-58)-(27-57)-(26-42)-(25-38)-(24-59)-(23-56)-(22-46)-(21-47)-(20-45)-(19-51)-(18-54)-(17-68)-(16-39)-(15-60)-(14-36)-(13-49)-(12-52)-(11-67)-(10-69)-(9-61)-(8-37)-(7-48)-(6-65)-(5-66)-(4-40)-(3-50)-(2-53)-(1-64)-(0-35)],0.00036525726318359375,0.015548467636108398,2,True,2
~?@E???????????????????????????????????????????????????????????????????????????????????????????????????P?O?_@OOGc???KI?_?C?S?GC???qK??ACOa????_?GCo@???Ba?C?OC?B??G?S_C??CC?GOA?@G??Oa??GGGAC????Q?AAC??O_OW????AOO?@A???A?E`????C@aO?????g???aO???GOC?`???C?G??J????KG?CO?????O@?Ca?????@?@Y????OS??OO????C?CD?_????CDQ???????CCOC?O?????@_G?GO????O?@Co??????AC_GG??????G?r???????A?G_?O_?????C?CF???????_aO??A??????,[(34-63)-(33-41)-(32-55)-(31-43)-(30-62)-(29-44)-(28-58)-(27-57)-(26-42)-(25-38)-(24-59)-(23-56)-(22-46)-(21-47)-(20-45)-(19-51)-(18-54)-(17-68)-(16-39)-(15-60)-(14-36)-(13-49)-(12-52)-(11-67)-(10-69)-(9-61)-(8-37)-(7-48)-(6-65)-(5-66)-(4-40)-(3-50)-(2-53)-(1-64)-(0-35)],0.00035762786865234375,0.00961446762084961,1,True,1
~?@E???????????????????????????????????????????????????????????????????????????????????????????????????P?O?_@OOGc???KI?_?C?S?GC???qK??ACOa????_?GCo@???Ba?C?OC?B??G?S_C??CC?GOA?@G??Oa??GGGAC????Q?AAC??O_OW????AOO?@A???A?E`????C@aO?????g???aO???GOC?`???C?G??J????KG?CO?????O@?Ca?????@?@Y????OS??OO????C?CD?_????CDQ???????CCOC?O?????@_G?GO????O?@Co??????AC_GG??????G?r???????A?G_?O_?????C?CF???????_aO??A??????,[(34-63)-(33-41)-(32-55)-(31-43)-(30-62)-(29-44)-(28-58)-(27-57)-(26-42)-(25-38)-(24-59)-(23-56)-(22-46)-(21-47)-(20-45)-(19-51)-(18-54)-(17-68)-(16-39)-(15-60)-(14-36)-(13-49)-(12-52)-(11-67)-(10-69)-(9-61)-(8-37)-(7-48)-(6-65)-(5-66)-(4-40)-(3-50)-(2-53)-(1-64)-(0-35)],0.0003573894500732422,0.00966191291809082,1,True,1
~?@E???????????????????????????????????????????????????????????????????????????????????????????????????P?O?_@OOGc???KI?_?C?S?GC???qK??ACOa????_?GCo@???Ba?C?OC?B??G?S_C??CC?GOA?@G??Oa??GGGAC????Q?AAC??O_OW????AOO?@A???A?E`????C@aO?????g???aO???GOC?`???C?G??J????KG?CO?????O@?Ca?????@?@Y????OS??OO????C?CD?_????CDQ???????CCOC?O?????@_G?GO????O?@Co??????AC_GG??????G?r???????A?G_?O_?????C?CF???????_aO??A??????,[(34-45)-(33-41)-(32-54)-(31-55)-(30-62)-(29-63)-(28-58)-(27-57)-(26-42)-(25-38)-(24-59)-(23-56)-(22-46)-(21-47)-(20-44)-(19-51)-(18-43)-(17-68)-(16-39)-(15-60)-(14-36)-(13-49)-(12-52)-(11-67)-(10-69)-(9-61)-(8-37)-(7-48)-(6-65)-(5-66)-(4-40)-(3-50)-(2-53)-(1-64)-(0-35)],0.00034737586975097656,0.009567022323608398,1,True,1
~?@E???????????????????????????????????????????????????????????????????????????????????????????????????P?O?_@OOGc???KI?_?C?S?GC???qK??ACOa????_?GCo@???Ba?C?OC?B??G?S_C??CC?GOA?@G??Oa??GGGAC????Q?AAC??O_OW????AOO?@A???A?E`????C@aO?????g???aO???GOC?`???C?G??J????KG?CO?????O@?Ca?????@?@Y????OS??OO????C?CD?_????CDQ???????CCOC?O?????@_G?GO????O?@Co??????AC_GG??????G?r???????A?G_?O_?????C?CF???????_aO??A??????,[(34-45)-(33-41)-(32-54)-(31-55)-(30-62)-(29-63)-(28-58)-(27-57)-(26-42)-(25-38)-(24-59)-(23-56)-(22-46)-(21-47)-(20-44)-(19-51)-(18-43)-(17-68)-(16-39)-(15-60)-(14-36)-(13-49)-(12-52)-(11-67)-(10-69)-(9-61)-(8-37)-(7-48)-(6-65)-(5-66)-(4-40)-(3-50)-(2-53)-(1-64)-(0-35)],0.0003590583801269531,0.00962972640991211,1,True,1
~?@E???????????????????????????????????????????????????????????????????????????????????????????????????P?O?_@OOGc???KI?_?C?S?GC???qK??ACOa????_?GCo@???Ba?C?OC?B??G?S_C??CC?GOA?@G??Oa??GGGAC????Q?AAC??O_OW????AOO?@A???A?E`????C@aO?????g???aO???GOC?`???C?G??J????KG?CO?????O@?Ca?????@?@Y????OS??OO????C?CD?_????CDQ???????CCOC?O?????@_G?GO????O?@Co??????AC_GG??????G?r???????A?G_?O_?????C?CF???????_aO??A??????,[(34-57)-(33-41)-(32-38)-(31-55)-(30-62)-(29-63)-(28-58)-(27-54)-(26-42)-(25-45)-(24-59)-(23-56)-(22-46)-(21-47)-(20-44)-(19-51)-(18-43)-(17-68)-(16-39)-(15-60)-(14-36)-(13-49)-(12-52)-(11-67)-(10-69)-(9-61)-(8-37)-(7-48)-(6-65)-(5-66)-(4-40)-(3-50)-(2-53)-(1-64)-(0-35)],0.00035881996154785156,0.015613555908203125,2,True,2
~?@E???????????????????????????????????????????????????????????????????????????????????????????????????P?O?_@OOGc???KI?_?C?S?GC???qK??ACOa????_?GCo@???Ba?C?OC?B??G?S_C??CC?GOA?@G??Oa??GGGAC????Q?AAC??O_OW????AOO?@A???A?E`????C@aO?????g???aO???GOC?`???C?G??J????KG?CO?????O@?Ca?????@?@Y????OS??OO????C?CD?_????CDQ???????CCOC?O?????@_G?GO????O?@Co??????AC_GG??????G?r???????A?G_?O_?????C?CF???????_aO??A??????,[(34-57)-(33-41)-(32-38)-(31-55)-(30-62)-(29-63)-(28-58)-(27-54)-(26-42)-(25-45)-(24-59)-(23-56)-(22-46)-(21-47)-(20-44)-(19-51)-(18-43)-(17-68)-(16-39)-(15-60)-(14-36)-(13-49)-(12-52)-(11-67)-(10-69)-(9-61)-(8-37)-(7-48)-(6-65)-(5-66)-(4-40)-(3-50)-(2-53)-(1-64)-(0-35)],0.0004050731658935547,0.015605688095092773,1,True,1
~?@E???????????????????????????????????????????????????????????????????????????????????????????????????P?O?_@OOGc???KI?_?C?S?GC???qK??ACOa????_?GCo@???Ba?C?OC?B??G?S_C??CC?GOA?@G??Oa??GGGAC????Q?AAC??O_OW????AOO?@A???A?E`????C@aO?????g???aO???GOC?`???C?G??J????KG?CO?????O@?Ca?????@?@Y????OS??OO????C?CD?_????CDQ???????CCOC?O?????@_G?GO????O?@Co??????AC_GG??????G?r???????A?G_?O_?????C?CF???????_aO??A??????,[(34-63)-(33-41)-(32-54)-(31-55)-(30-62)-(29-44)-(28-58)-(27-57)-(26-42)-(25-38)-(24-59)-(23-56)-(22-46)-(21-47)-(20-45)-(19-51)-(18-43)-(17-68)-(16-39)-(15-60)-(14-36)-(13-49)-(12-52)-(11-67)-(10-69)-(9-61)-(8-37)-(7-48)-(6-65)-(5-66)-(4-40)-(3-50)-(2-53)-(1-64)-(0-35)],0.0003616809844970703,0.015394449234008789,2,True,2
~?@E???????????????????????????????????????????????????????????????????????????????????????????????????P?O?_@OOGc???KI?_?C?S?GC???qK??ACOa????_?GCo@???Ba?C?OC?B??G?S_C??CC?GOA?@G??Oa??GGGAC????Q?AAC??O_OW????AOO?@A???A?E`????C@aO?????g???aO???GOC?`???C?G??J????KG?CO?????O@?Ca?????@?@Y????OS??OO????C?CD?_????CDQ???????CCOC?O?????@_G?GO????O?@Co??????AC_GG??????G?r???????A?G_?O_?????C?CF???????_aO??A??????,[(34-63)-(33-41)-(32-54)-(31-55)-(30-62)-(29-44)-(28-58)-(27-57)-(26-42)-(25-38)-(24-59)-(23-56)-(22-46)-(21-47)-(20-45)-(19-51)-(18-43)-(17-68)-(16-39)-(15-60)-(14-36)-(13-49)-(12-52)-(11-67)-(10-69)-(9-61)-(8-37)-(7-48)-(6-65)-(5-66)-(4-40)-(3-50)-(2-53)-(1-64)-(0-35)],0.0003612041473388672,0.015629053115844727,2,True,2
~?@E???????????????????????????????????????????????????????????????????????????????????????????????????P?O?_@OOGc???KI?_?C?S?GC???qK??ACOa????_?GCo@???Ba?C?OC?B??G?S_C??CC?GOA?@G??Oa??GGGAC????Q?AAC??O_OW????AOO?@A???A?E`????C@aO?????g???aO???GOC?`???C?G??J????KG?CO?????O@?Ca?????@?@Y????OS??OO????C?CD?_????CDQ???????CCOC?O?????@_G?GO????O?@Co??????AC_GG??????G?r???????A?G_?O_?????C?CF???????_aO??A??????,[(34-63)-(33-41)-(32-38)-(31-55)-(30-57)-(29-44)-(28-58)-(27-54)-(26-42)-(25-45)-(24-59)-(23-56)-(22-46)-(21-47)-(20-62)-(19-51)-(18-43)-(17-68)-(16-39)-(15-60)-(14-36)-(13-49)-(12-52)-(11-67)-(10-69)-(9-61)-(8-37)-(7-48)-(6-65)-(5-66)-(4-40)-(3-50)-(2-53)-(1-64)-(0-35)],0.0003638267517089844,0.015465259552001953,2,True,2
~?@E???????????????????????????????????????????????????????????????????????????????????????????????????P?O?_@OOGc???KI?_?C?S?GC???qK??ACOa????_?GCo@???Ba?C?OC?B??G?S_C??CC?GOA?@G??Oa??GGGAC????Q?AAC??O_OW????AOO?@A???A?E`????C@aO?????g???aO???GOC?`???C?G??J????KG?CO?????O@?Ca?????@?@Y????OS??OO????C?CD?_????CDQ???????CCOC?O?????@_G?GO????O?@Co??????AC_GG??????G?r???????A?G_?O_?????C?CF???????_aO??A??????,[(34-63)-(33-41)-(32-38)-(31-55)-(30-57)-(29-44)-(28-58)-(27-54)-(26-42)-(25-45)-(24-59)-(23-56)-(22-46)-(21-47)-(20-62)-(19-51)-(18-43)-(17-68)-(16-39)-(15-60)-(14-36)-(13-49)-(12-52)-(11-67)-(10-69)-(9-61)-(8-37)-(7-48)-(6-65)-(5-66)-(4-40)-(3-50)-(2-53)-(1-64)-(0-35)],0.0003981590270996094,0.009530305862426758,1,True,1
~?@E???????????????????????????????????????????????????????????????????????????????????????????????????P?O?_@OOGc???KI?_?C?S?GC???qK??ACOa????_?GCo@???Ba?C?OC?B??G?S_C??CC?GOA?@G??Oa??GGGAC????Q?AAC??O_OW????AOO?@A???A?E`????C@aO?????g???aO???GOC?`???C?G??J????KG?CO?????O@?Ca?????@?@Y????OS??OO????C?CD?_????CDQ???????CCOC?O?????@_G?GO????O?@Co??????AC_GG??????G?r???????A?G_?O_?????C?CF???????_aO??A??????,[(34-45)-(33-41)-(32-43)-(31-55)-(30-62)-(29-63)-(28-58)-(27-56)-(26-42)-(25-38)-(24-59)-(23-68)-(22-46)-(21-47)-(20-44)-(19-51)-(18-54)-(17-57)-(16-39)-(15-60)-(14-36)-(13-49)-(12-52)-(11-67)-(10-69)-(9-61)-(8-37)-(7-48)-(6-65)-(5-66)-(4-40)-(3-50)-(2-53)-(1-64)-(0-35)],0.0004134178161621094,0.015504598617553711,2,True,2
~?@E???????????????????????????????????????????????????????????????????????????????????????????????????P?O?_@OOGc???KI?_?C?S?GC???qK??ACOa????_?GCo@???Ba?C?OC?B??G?S_C??CC?GOA?@G??Oa??GGGAC????Q?AAC??O_OW????AOO?@A???A?E`????C@aO?????g???aO???GOC?`???C?G??J????KG?CO?????O@?Ca?????@?@Y????OS??OO????C?CD?_????CDQ???????CCOC?O?????@_G?GO????O?@Co??????AC_GG??????G?r???????A?G_?O_?????C?CF???????_aO??A??????,[(34-45)-(33-41)-(32-43)-(31-55)-(30-62)-(29-63)-(28-58)-(27-56)-(26-42)-(25-38)-(24-59)-(23-68)-(22-46)-(21-47)-(20-44)-(19-51)-(18-54)-(17-57)-(16-39)-(15-60)-(14-36)-(13-49)-(12-52)-(11-67)-(10-69)-(9-61)-(8-37)-(7-48)-(6-65)-(5-66)-(4-40)-(3-50)-(2-53)-(1-64)-(0-35)],0.00034928321838378906,0.009641647338867188,1,True,1
~?@E???????????????????????????????????????????????????????????????????????????????????????????????????@???C[cc???C__??OQ?HCG@?CQA?A??GKg????@E_?O??@COA?_?S?DO???_?I__????GS?I???GEOG????@_CK??GW?O?_??A?PCG???I??A@O?????HGB???ABC?_?????@?GM????gAK?????CH?A??O?????W?W_???@`C@??????_G??W_???CA?cO??????G?@d?????OAC?_A?????oCAC??????aE???_????P??@?c?????_QW???????A?OCW????????o??i?????B???PO?????????IoA??????,[(34-61)-(33-63)-(32-47)-(31-67)-(30-35)-(29-60)-(28-58)-(27-68)-(26-44)-(25-39)-(24-59)-(23-57)-(22-46)-(21-62)-(20-69)-(19-45)-(18-43)-(17-51)-(16-42)-(15-56)-(14-41)-(13-53)-(12-40)-(11-52)-(10-66)-(9-65)-(8-55)-(7-38)-(6-37)-(5-54)-(4-49)-(3-50)-(2-48)-(1-64)-(0-36)],0.0003509521484375,0.02414536476135254,3,True,3
~?@E???????????????????????????????????????????????????????????????????????????????????????????????????@???C[cc???C__??OQ?HCG@?CQA?A??GKg????@E_?O??@COA?_?S?DO???_?I__????GS?I???GEOG????@_CK??GW?O?_??A?PCG???I??A@O?????HGB???ABC?_?????@?GM????gAK?????CH?A??O?????W?W_???@`C@??????_G??W_???CA?cO??????G?@d?????OAC?_A?????oCAC??????aE???_????P??@?c?????_QW???????A?OCW????????o??i?????B???PO?????????IoA??????,[(34-61)-(33-63)-(32-47)-(31-67)-(30-35)-(29-60)-(28-58)-(27-68)-(26-44)-(25-39)-(24-59)-(23-57)-(22-46)-(21-62)-(20-69)-(19-45)-(18-43)-(17-51)-(16-42)-(15-56)-(14-41)-(13-53)-(12-40)-(11-52)-(10-66)-(9-65)-(8-55)-(7-38)-(6-37)-(5-54)-(4-49)-(3-50)-(2-48)-(1-64)-(0-36)],0.0003676414489746094,0.015559673309326172,2,True,2
~?@E???????????????????????????????????????????????????????????????????????????????????????????????????@???C[cc???C__??OQ?HCG@?CQA?A??GKg????@E_?O??@COA?_?S?DO???_?I__????GS?I???GEOG????@_CK??GW?O?_??A?PCG???I??A@O?????HGB???ABC?_?????@?GM????gAK?????CH?A??O?????W?W_???@`C@??????_G??W_???CA?cO??????G?@d?????OAC?_A?????oCAC??????aE???_????P??@?c?????_QW???????A?OCW????????o??i?????B???PO?????????IoA??????,[(34-61)-(33-63)-(32-47)-(31-67)-(30-35)-(29-46)-(28-58)-(27-68)-(26-44)-(25-39)-(24-60)-(23-57)-(22-69)-(21-62)-(20-59)-(19-45)-(18-43)-(17-51)-(16-42)-(15-56)-(14-41)-(13-53)-(12-40)-(11-52)-(10-66)-(9-65)-(8-55)-(7-38)-(6-37)-(5-54)-(4-49)-(3-50)-(2-48)-(1-64)-(0-36)],0.00036072731018066406,0.004511356353759766,0,True,0
~?@E???????????????????????????????????????????????????????????????????????????????????????????????????@???C[cc???C__??OQ?HCG@?CQA?A??GKg????@E_?O??@COA?_?S?DO???_?I__????GS?I???GEOG????@_CK??GW?O?_??A?PCG???I??A@O?????HGB???ABC?_?????@?GM????gAK?????CH?A??O?????W?W_???@`C@??????_G??W_???CA?cO??????G?@d?????OAC?_A?????oCAC??????aE???_????P??@?c?????_QW???????A?OCW????????o??i?????B???PO?????????IoA??????,[(34-61)-(33-63)-(32-47)-(31-67)-(30-35)-(29-46)-(28-58)-(27-68)-(26-44)-(25-39)-(24-60)-(23-57)-(22-69)-(21-62)-(20-59)-(19-45)-(18-43)-(17-51)-(16-42)-(15-56)-(14-41)-(13-53)-(12-40)-(11-52)-(10-66)-(9-65)-(8-55)-(7-38)-(6-37)-(5-54)-(4-49)-(3-50)-(2-48)-(1-64)-(0-36)],0.0003688335418701172,0.07710409164428711,7,True,7
~?@E???????????????????????????????????????????????????????????????????????????????????????????????????@???C[cc???C__??OQ?HCG@?CQA?A??GKg????@E_?O??@COA?_?S?DO???_?I__????GS?I???GEOG????@_CK??GW?O?_??A?PCG???I??A@O?????HGB???ABC?_?????@?GM????gAK?????CH?A??O?????W?W_???@`C@??????_G??W_???CA?cO??????G?@d?????OAC?_A?????oCAC??????aE???_????P??@?c?????_QW???????A?OCW????????o??i?????B???PO?????????IoA??????,[(34-61)-(33-63)-(32-47)-(31-67)-(30-35)-(29-60)-(28-58)-(27-68)-(26-44)-(25-39)-(24-69)-(23-57)-(22-46)-(21-62)-(20-59)-(19-45)-(18-43)-(17-51)-(16-42)-(15-56)-(14-41)-(13-53)-(12-40)-(11-52)-(10-66)-(9-65)-(8-55)-(7-38)-(6-37)-(5-54)-(4-49)-(3-50)-(2-48)-(1-64)-(0-36)],0.00036025047302246094,0.009636878967285156,1,True,1
~?@E???????????????????????????????????????????????????????????????????????????????????????????????????@???C[cc???C__??OQ?HCG@?CQA?A??GKg????@E_?O??@COA?_?S?DO???_?I__????GS?I???GEOG????@_CK??GW?O?_??A?PCG???I??A@O?????HGB???ABC?_?????@?GM????gAK?????CH?A??O?????W?W_???@`C@??????_G??W_???CA?cO??????G?@d?????OAC?_A?????oCAC??????aE???_????P??@?c?????_QW???????A?OCW????????o??i?????B???PO?????????IoA??????,[(34-61)-(33-63)-(32-47)-(31-67)-(30-35)-(29-60)-(28-58)-(27-68)-(26-44)-(25-39)-(24-69)-(23-57)-(22-46)-(21-62)-(20-59)-(19-45)-(18-43)-(17-51)-(16-42)-(15-56)-(14-41)-(13-53)-(12-40)-(11-52)-(10-66)-(9-65)-(8-55)-(7-38)-(6-37)-(5-54)-(4-49)-(3-50)-(2-48)-(1-64)-(0-36)],0.00041174888610839844,0.05853700637817383,7,True,7
~?@E???????????????????????????????????????????????????????????????????????????????????????????????????@???C[cc???C__??OQ?HCG@?CQA?A??GKg????@E_?O??@COA?_?S?DO???_?I__????GS?I???GEOG????@_CK??GW?O?_??A?PCG???I??A@O?????HGB???ABC?_?????@?GM????gAK?????CH?A??O?????W?W_???@`C@??????_G??W_???CA?cO??????G?@d?????OAC?_A?????oCAC??????aE???_????P??@?c?????_QW???????A?OCW????????o??i?????B???PO?????????IoA??????,[(34-69)-(33-63)-(32-47)-(31-67)-(30-35)-(29-60)-(28-58)-(27-68)-(26-44)-(25-39)-(24-61)-(23-57)-(22-46)-(21-62)-(20-59)-(19-45)-(18-43)-(17-51)-(16-42)-(15-56)-(14-41)-(13-53)-(12-40)-(11-52)-(10-66)-(9-65)-(8-55)-(7-38)-(6-37)-(5-54)-(4-49)-(3-50)-(2-48)-(1-64)-(0-36)],0.0003612041473388672,0.015711069107055664,2,True,2
~?@E???????????????????????????????????????????????????????????????????????????????????????????????????@???C[cc???C__??OQ?HCG@?CQA?A??GKg????@E_?O??@COA?_?S?DO???_?I__????GS?I???GEOG????@_CK??GW?O?_??A?PCG???I??A@O?????HGB???ABC?_?????@?GM????gAK?????CH?A??O?????W?W_???@`C@??????_G??W_???CA?cO??????G?@d?????OAC?_A?????oCAC??????aE???_????P??@?c?????_QW???????A?OCW????????o??i?????B???PO?????????IoA??????,[(34-69)-(33-63)-(32-47)-(31-67)-(30-35)-(29-60)-(28-58)-(27-68)-(26-44)-(25-39)-(24-61)-(23-57)-(22-46)-(21-62)-(20-59)-(19-45)-(18-43)-(17-51)-(16-42)-(15-56)-(14-41)-(13-53)-(12-40)-(11-52)-(10-66)-(9-65)-(8-55)-(7-38)-(6-37)-(5-54)-(4-49)-(3-50)-(2-48)-(1-64)-(0-36)],0.0003535747528076172,0.03026604652404785,4,True,4
~?@E???????????????????????????????????????????????????????????????????????????????????????????????????@???C[cc???C__??OQ?HCG@?CQA?A??GKg????@E_?O??@COA?_?S?DO???_?I__????GS?I???GEOG????@_CK??GW?O?_??A?PCG???I??A@O?????HGB???ABC?_?????@?GM????gAK?????CH?A??O?????W?W_???@`C@??????_G??W_???CA?cO??????G?@d?????OAC?_A?????oCAC??????aE???_????P??@?c?????_QW???????A?OCW????????o??i?????B???PO?????????IoA??????,[(34-61)-(33-63)-(32-47)-(31-67)-(30-35)-(29-46)-(28-58)-(27-60)-(26-62)-(25-39)-(24-59)-(23-57)-(22-69)-(21-68)-(20-44)-(19-45)-(18-43)-(17-51)-(16-42)-(15-56)-(14-41)-(13-53)-(12-40)-(11-52)-(10-66)-(9-65)-(8-55)-(7-38)-(6-37)-(5-54)-(4-49)-(3-50)-(2-48)-(1-64)-(0-36)],0.00039505958557128906,0.029982805252075195,4,True,4
~?@E???????????????????????????????????????????????????????????????????????????????????????????????????@???C[cc???C__??OQ?HCG@?CQA?A??GKg????@E_?O??@COA?_?S?DO???_?I__????GS?I???GEOG????@_CK??GW?O?_??A?PCG???I??A@O?????HGB???ABC?_?????@?GM????gAK?????CH?A??O?????W?W_???@`C@??????_G??W_???CA?cO??????G?@d?????OAC?_A?????oCAC??????aE???_????P??@?c?????_QW???????A?OCW????????o??i?????B???PO?????????IoA??????,[(34-61)-(33-63)-(32-47)-(31-67)-(30-35)-(29-46)-(28-58)-(27-60)-(26-62)-(25-39)-(24-59)-(23-57)-(22-69)-(21-68)-(20-44)-(19-45)-(18-43)-(17-51)-(16-42)-(15-56)-(14-41)-(13-53)-(12-40)-(11-52)-(10-66)-(9-65)-(8-55)-(7-38)-(6-37)-(5-54)-(4-49)-(3-50)-(2-48)-(1-64)-(0-36)],0.00039458274841308594,0.004406929016113281,0,True,0
~?@E???????????????????????????????????????????????????????????????????????????????????????????????????@???C[cc???C__??OQ?HCG@?CQA?A??GKg????@E_?O??@COA?_?S?DO???_?I__????GS?I???GEOG????@_CK??GW?O?_??A?PCG???I??A@O?????HGB???ABC?_?????@?GM????gAK?????CH?A??O?????W?W_???@`C@??????_G??W_???CA?cO??????G?@d?????OAC?_A?????oCAC??????aE???_????P??@?c?????_QW???????A?OCW????????o??i?????B???PO?????????IoA??????,[(34-61)-(33-63)-(32-45)-(31-47)-(30-35)-(29-67)-(28-58)-(27-68)-(26-44)-(25-39)-(24-60)-(23-57)-(22-69)-(21-62)-(20-59)-(19-46)-(18-43)-(17-51)-(16-42)-(15-56)-(14-41)-(13-53)-(12-40)-(11-52)-(10-66)-(9-65)-(8-55)-(7-38)-(6-37)-(5-54)-(4-49)-(3-50)-(2-48)-(1-64)-(0-36)],0.00036597251892089844,0.031111717224121094,4,True,4
~?@E???????????????????????????????????????????????????????????????????????????????????????????????????@???C[cc???C__??OQ?HCG@?CQA?A??GKg????@E_?O??@COA?_?S?DO???_?I__????GS?I???GEOG????@_CK??GW?O?_??A?PCG???I??A@O?????HGB???ABC?_?????@?GM????gAK?????CH?A??O?????W?W_???@`C@??????_G??W_???CA?cO??????G?@d?????OAC?_A?????oCAC??????aE???_????P??@?c?????_QW???????A?OCW????????o??i?????B???PO?????????IoA??????,[(34-61)-(33-63)-(32-45)-(31-47)-(30-35)-(29-67)-(28-58)-(27-68)-(26-44)-(25-39)-(24-60)-(23-57)-(22-69)-(21-62)-(20-59)-(19-46)-(18-43)-(17-51)-(16-42)-(15-56)-(14-41)-(13-53)-(12-40)-(11-52)-(10-66)-(9-65)-(8-55)-(7-38)-(6-37)-(5-54)-(4-49)-(3-50)-(2-48)-(1-64)-(0-36)],0.0004127025604248047,0.009598255157470703,1,True,1
~?@E???????????????????????????????????????????????????????????????????????????????????????????????????@???C[cc???C__??OQ?HCG@?CQA?A??GKg????@E_?O??@COA?_?S?DO???_?I__????GS?I???GEOG????@_CK??GW?O?_??A?PCG???I??A@O?????HGB???ABC?_?????@?GM????gAK?????CH?A??O?????W?W_???@`C@??????_G??W_???CA?cO??????G?@d?????OAC?_A?????oCAC??????aE???_????P??@?c?????_QW???????A?OCW????????o??i?????B???PO?????????IoA??????,[(34-45)-(33-63)-(32-47)-(31-67)-(30-35)-(29-60)-(28-58)-(27-68)-(26-44)-(25-39)-(24-61)-(23-57)-(22-69)-(21-62)-(20-59)-(19-46)-(18-43)-(17-51)-(16-42)-(15-56)-(14-41)-(13-53)-(12-40)-(11-52)-(10-66)-(9-65)-(8-55)-(7-38)-(6-37)-(5-54)-(4-49)-(3-50)-(2-48)-(1-64)-(0-36)],0.0003654956817626953,0.015540838241577148,2,True,2
~?@E???????????????????????????????????????????????????????????????????????????????????????????????????@???C[cc???C__??OQ?HCG@?CQA?A??GKg????@E_?O??@COA?_?S?DO???_?I__????GS?I???GEOG????@_CK??GW?O?_??A?PCG???I??A@O?????HGB???ABC?_?????@?GM????gAK?????CH?A??O?????W?W_???@`C@??????_G??W_???CA?cO??????G?@d?????OAC?_A?????oCAC??????aE???_????P??@?c?????_QW???????A?OCW????????o??i?????B???PO?????????IoA??????,[(34-45)-(33-63)-(32-47)-(31-67)-(30-35)-(29-60)-(28-58)-(27-68)-(26-44)-(25-39)-(24-61)-(23-57)-(22-69)-(21-62)-(20-59)-(19-46)-(18-43)-(17-51)-(16-42)-(15-56)-(14-41)-(13-53)-(12-40)-(11-52)-(10-66)-(9-65)-(8-55)-(7-38)-(6-37)-(5-54)-(4-49)-(3-50)-(2-48)-(1-64)-(0-36)],0.00036025047302246094,0.009684324264526367,1,True,1
~?@E???????????????????????????????????????????????????????????????????????????????????????????????????@???C[cc???C__??OQ?HCG@?CQA?A??GKg????@E_?O??@COA?_?S?DO???_?I__????GS?I???GEOG????@_CK??GW?O?_??A?PCG???I??A@O?????HGB???ABC?_?????@?GM????gAK?????CH?A??O?????W?W_???@`C@??????_G??W_???CA?cO??????G?@d?????OAC?_A?????oCAC??????aE???_????P??@?c?????_QW???????A?OCW????????o??i?????B???PO?????????IoA??????,[(34-61)-(33-63)-(32-45)-(31-47)-(30-35)-(29-60)-(28-58)-(27-67)-(26-62)-(25-39)-(24-59)-(23-57)-(22-69)-(21-68)-(20-44)-(19-46)-(18-43)-(17-51)-(16-42)-(15-56)-(14-41)-(13-53)-(12-40)-(11-52)-(10-66)-(9-65)-(8-55)-(7-38)-(6-37)-(5-54)-(4-49)-(3-50)-(2-48)-(1-64)-(0-36)],0.00035953521728515625,0.038778066635131836,5,True,5
~?@E???????????????????????????????????????????????????????????????????????????????????????????????????@???C[cc???C__??OQ?HCG@?CQA?A??GKg????@E_?O??@COA?_?S?DO???_?I__????GS?I???GEOG????@_CK??GW?O?_??A?PCG???I??A@O?????HGB???ABC?_?????@?GM????gAK?????CH?A??O?????W?W_???@`C@??????_G??W_???CA?cO??????G?@d?????OAC?_A?????oCAC??????aE???_????P??@?c?????_QW???????A?OCW????????o??i?????B???PO?????????IoA??????,[(34-61)-(33-63)-(32-45)-(31-47)-(30-35)-(29-60)-(28-58)-(27-67)-(26-62)-(25-39)-(24-59)-(23-57)-(22-69)-(21-68)-(20-44)-(19-46)-(18-43)-(17-51)-(16-42)-(15-56)-(14-41)-(13-53)-(12-40)-(11-52)-(10-66)-(9-65)-(8-55)-(7-38)-(6-37)-(5-54)-(4-49)-(3-50)-(2-48)-(1-64)-(0-36)],0.00035762786865234375,0.022602558135986328,3,True,3
~?@E???????????????????????????????????????????????????????????????????????????????????????????????????@???C[cc???C__??OQ?HCG@?CQA?A??GKg????@E_?O??@COA?_?S?DO???_?I__????GS?I???GEOG????@_CK??GW?O?_??A?PCG???I??A@O?????HGB???ABC?_?????@?GM????gAK?????CH?A??O?????W?W_???@`C@??????_G??W_???CA?cO??????G?@d?????OAC?_A?????oCAC??????aE???_????P??@?c?????_QW???????A?OCW????????o??i?????B???PO?????????IoA??????,[(34-61)-(33-63)-(32-45)-(31-47)-(30-35)-(29-67)-(28-58)-(27-60)-(26-62)-(25-39)-(24-59)-(23-57)-(22-69)-(21-68)-(20-44)-(19-46)-(18-43)-(17-51)-(16-42)-(15-56)-(14-41)-(13-53)-(12-40)-(11-52)-(10-66)-(9-65)-(8-55)-(7-38)-(6-37)-(5-54)-(4-49)-(3-50)-(2-48)-(1-64)-(0-36)],0.000362396240234375,0.004409074783325195,0,True,0
~?@E???????????????????????????????????????????????????????????????????????????????????????????????????@???C[cc???C__??OQ?HCG@?CQA?A??GKg????@E_?O??@COA?_?S?DO???_?I__????GS?I???GEOG????@_CK??GW?O?_??A?PCG???I??A@O?????HGB???ABC?_?????@?GM????gAK?????CH?A??O?????W?W_???@`C@??????_G??W_???CA?cO??????G?@d?????OAC?_A?????oCAC??????aE???_????P??@?c?????_QW???????A?OCW????????o??i?????B???PO?????????IoA??????,[(34-61)-(33-63)-(32-45)-(31-47)-(30-35)-(29-67)-(28-58)-(27-60)-(26-62)-(25-39)-(24-59)-(23-57)-(22-69)-(21-68)-(20-44)-(19-46)-(18-43)-(17-51)-(16-42)-(15-56)-(14-41)-(13-53)-(12-40)-(11-52)-(10-66)-(9-65)-(8-55)-(7-38)-(6-37)-(5-54)-(4-49)-(3-50)-(2-48)-(1-64)-(0-36)],0.00035953521728515625,0.022482633590698242,3,True,3
~?@E???????????????????????????????????????????????????????????????????????????????????????????????????@???C[cc???C__??OQ?HCG@?CQA?A??GKg????@E_?O??@COA?_?S?DO???_?I__????GS?I???GEOG????@_CK??GW?O?_??A?PCG???I??A@O?????HGB???ABC?_?????@?GM????gAK?????CH?A??O?????W?W_???@`C@??????_G??W_???CA?cO??????G?@d?????OAC?_A?????oCAC??????aE???_????P??@?c?????_QW???????A?OCW????????o??i?????B???PO?????????IoA??????,[(34-61)-(33-63)-(32-47)-(31-67)-(30-35)-(29-60)-(28-58)-(27-68)-(26-62)-(25-39)-(24-59)-(23-57)-(22-69)-(21-45)-(20-44)-(19-46)-(18-43)-(17-51)-(16-42)-(15-56)-(14-41)-(13-53)-(12-40)-(11-52)-(10-66)-(9-65)-(8-55)-(7-38)-(6-37)-(5-54)-(4-49)-(3-50)-(2-48)-(1-64)-(0-36)],0.0003509521484375,0.009651660919189453,1,True,1
~?@E???????????????????????????????????????????????????????????????????????????????????????????????????@???C[cc???C__??OQ?HCG@?CQA?A??GKg????@E_?O??@COA?_?S?DO???_?I__????GS?I???GEOG????@_CK??GW?O?_??A?PCG???I??A@O?????HGB???ABC?_?????@?GM????gAK?????CH?A??O?????W?W_???@`C@??????_G??W_???CA?cO??????G?@d?????OAC?_A?????oCAC??????aE???_????P??@?c?????_QW???????A?OCW????????o??i?????B???PO?????????IoA??????,[(34-61)-(33-63)-(32-47)-(31-67)-(30-35)-(29-60)-(28-58)-(27-68)-(26-62)-(25-39)-(24-59)-(23-57)-(22-69)-(21-45)-(20-44)-(19-46)-(18-43)-(17-51)-(16-42)-(15-56)-(14-41)-(13-53)-(12-40)-(11-52)-(10-66)-(9-65)-(8-55)-(7-38)-(6-37)-(5-54)-(4-49)-(3-50)-(2-48)-(1-64)-(0-36)],0.00037384033203125,0.03922700881958008,5,True,5
