G6,emparelhamento,canonical_time,solve_time,qtde_moves,resultado,max_depth
W|fIIC`KGo@@@`?o_KG@`?CC?GG?WG?KC?@@??MG??X_??|,[(22-23)-(15-16)-(14-21)-(13-20)-(12-19)-(11-18)-(10-17)-(8-9)-(6-7)-(4-5)-(2-3)-(0-1)],8.940696716308594e-05,0.044367313385009766,5,True,0
W|fIIC`KGo@@@`?o_KG@`?CC?GG?WG?KC?@@??MG??X_??|,[(22-23)-(15-16)-(14-21)-(13-20)-(12-19)-(11-18)-(10-17)-(8-9)-(6-7)-(4-5)-(2-3)-(0-1)],9.1552734375e-05,0.04945111274719238,5,True,0
W|fIIC`KGo@@@`?o_KG@`?CC?GG?WG?KC?@@??MG??X_??|,[(22-23)-(16-21)-(14-15)-(13-20)-(12-19)-(11-18)-(10-17)-(8-9)-(6-7)-(4-5)-(2-3)-(0-1)],8.821487426757812e-05,0.034888267517089844,4,True,0
W|fIIC`KGo@@@`?o_KG@`?CC?GG?WG?KC?@@??MG??X_??|,[(22-23)-(16-21)-(14-15)-(13-20)-(12-19)-(11-18)-(10-17)-(8-9)-(6-7)-(4-5)-(2-3)-(0-1)],9.465217590332031e-05,0.12370681762695312,20,False,0
W|fIIC`KGo@@@`?o_KG@`?CC?GG?WG?KC?@@??MG??X_??|,[(22-23)-(20-21)-(15-16)-(13-14)-(12-19)-(11-18)-(10-17)-(8-9)-(6-7)-(4-5)-(2-3)-(0-1)],0.00010085105895996094,0.028695344924926758,3,True,0
W|fIIC`KGo@@@`?o_KG@`?CC?GG?WG?KC?@@??MG??X_??|,[(22-23)-(20-21)-(15-16)-(13-14)-(12-19)-(11-18)-(10-17)-(8-9)-(6-7)-(4-5)-(2-3)-(0-1)],9.5367431640625e-05,0.054784536361694336,7,True,0
W|fIIC`KGo@@@`?o_KG@`?CC?GG?WG?KC?@@??MG??X_??|,[(21-22)-(20-23)-(15-16)-(13-14)-(12-19)-(11-18)-(10-17)-(8-9)-(6-7)-(4-5)-(2-3)-(0-1)],8.7738037109375e-05,0.03697991371154785,4,True,0
W|fIIC`KGo@@@`?o_KG@`?CC?GG?WG?KC?@@??MG??X_??|,[(21-22)-(20-23)-(15-16)-(13-14)-(12-19)-(11-18)-(10-17)-(8-9)-(6-7)-(4-5)-(2-3)-(0-1)],9.012222290039062e-05,0.03562760353088379,4,True,0
W|fIIC`KGo@@@`?o_KG@`?CC?GG?WG?KC?@@??MG??X_??|,[(20-23)-(16-22)-(15-21)-(13-14)-(12-19)-(11-18)-(10-17)-(8-9)-(6-7)-(4-5)-(2-3)-(0-1)],9.989738464355469e-05,0.028580665588378906,3,True,0
W|fIIC`KGo@@@`?o_KG@`?CC?GG?WG?KC?@@??MG??X_??|,[(20-23)-(16-22)-(15-21)-(13-14)-(12-19)-(11-18)-(10-17)-(8-9)-(6-7)-(4-5)-(2-3)-(0-1)],9.1552734375e-05,0.049945831298828125,6,False,0
W|fIIC`KGo@@@`?o_KG@`?CC?GG?WG?KC?@@??MG??X_??|,[(22-23)-(19-20)-(15-16)-(14-21)-(12-13)-(11-18)-(10-17)-(8-9)-(6-7)-(4-5)-(2-3)-(0-1)],8.749961853027344e-05,0.046597957611083984,5,True,0
W|fIIC`KGo@@@`?o_KG@`?CC?GG?WG?KC?@@??MG??X_??|,[(22-23)-(19-20)-(15-16)-(14-21)-(12-13)-(11-18)-(10-17)-(8-9)-(6-7)-(4-5)-(2-3)-(0-1)],9.131431579589844e-05,0.04780316352844238,5,True,0
W|fIIC`KGo@@@`?o_KG@`?CC?GG?WG?KC?@@??MG??X_??|,[(20-22)-(19-23)-(15-16)-(14-21)-(12-13)-(11-18)-(10-17)-(8-9)-(6-7)-(4-5)-(2-3)-(0-1)],8.988380432128906e-05,0.06871271133422852,15,False,0
W|fIIC`KGo@@@`?o_KG@`?CC?GG?WG?KC?@@??MG??X_??|,[(20-22)-(19-23)-(15-16)-(14-21)-(12-13)-(11-18)-(10-17)-(8-9)-(6-7)-(4-5)-(2-3)-(0-1)],9.083747863769531e-05,0.027817726135253906,3,True,0
W|fIIC`KGo@@@`?o_KG@`?CC?GG?WG?KC?@@??MG??X_??|,[(22-23)-(19-20)-(16-21)-(14-15)-(12-13)-(11-18)-(10-17)-(8-9)-(6-7)-(4-5)-(2-3)-(0-1)],0.00011563301086425781,0.057325124740600586,6,True,0
W|fIIC`KGo@@@`?o_KG@`?CC?GG?WG?KC?@@??MG??X_??|,[(22-23)-(19-20)-(16-21)-(14-15)-(12-13)-(11-18)-(10-17)-(8-9)-(6-7)-(4-5)-(2-3)-(0-1)],9.107589721679688e-05,0.020693302154541016,2,True,0
W|fIIC`KGo@@@`?o_KG@`?CC?GG?WG?KC?@@??MG??X_??|,[(20-22)-(19-23)-(16-21)-(14-15)-(12-13)-(11-18)-(10-17)-(8-9)-(6-7)-(4-5)-(2-3)-(0-1)],8.606910705566406e-05,0.04524707794189453,5,True,0
W|fIIC`KGo@@@`?o_KG@`?CC?GG?WG?KC?@@??MG??X_??|,[(20-22)-(19-23)-(16-21)-(14-15)-(12-13)-(11-18)-(10-17)-(8-9)-(6-7)-(4-5)-(2-3)-(0-1)],0.00010395050048828125,0.0691382884979248,15,False,0
W|fIIC`KGo@@@`?o_KG@`?CC?GG?WG?KC?@@??MG??X_??|,[(20-21)-(19-23)-(16-22)-(14-15)-(12-13)-(11-18)-(10-17)-(8-9)-(6-7)-(4-5)-(2-3)-(0-1)],0.00011229515075683594,0.08602356910705566,16,False,0
W|fIIC`KGo@@@`?o_KG@`?CC?GG?WG?KC?@@??MG??X_??|,[(20-21)-(19-23)-(16-22)-(14-15)-(12-13)-(11-18)-(10-17)-(8-9)-(6-7)-(4-5)-(2-3)-(0-1)],9.751319885253906e-05,0.04631519317626953,12,False,0
W|eIID_KGo@`@`?o_GGB@?KC?WG?OG?KC?@`??KG??[_??^,[(22-23)-(15-21)-(14-20)-(12-13)-(11-19)-(10-18)-(9-17)-(8-16)-(6-7)-(4-5)-(2-3)-(0-1)],0.00010180473327636719,0.036431312561035156,4,True,0
W|eIID_KGo@`@`?o_GGB@?KC?WG?OG?KC?@`??KG??[_??^,[(22-23)-(15-21)-(14-20)-(12-13)-(11-19)-(10-18)-(9-17)-(8-16)-(6-7)-(4-5)-(2-3)-(0-1)],9.560585021972656e-05,0.06452655792236328,7,True,0
W|eIID_KGo@`@`?o_GGB@?KC?WG?OG?KC?@`??KG??[_??^,[(22-23)-(20-21)-(14-15)-(12-13)-(11-19)-(10-18)-(9-17)-(8-16)-(6-7)-(4-5)-(2-3)-(0-1)],0.00012135505676269531,0.07880949974060059,15,False,0
W|eIID_KGo@`@`?o_GGB@?KC?WG?OG?KC?@`??KG??[_??^,[(22-23)-(20-21)-(14-15)-(12-13)-(11-19)-(10-18)-(9-17)-(8-16)-(6-7)-(4-5)-(2-3)-(0-1)],9.226799011230469e-05,0.02794170379638672,3,True,0
W|eIID_KGo@`@`?o_GGB@?KC?WG?OG?KC?@`??KG??[_??^,[(21-22)-(20-23)-(14-15)-(12-13)-(11-19)-(10-18)-(9-17)-(8-16)-(6-7)-(4-5)-(2-3)-(0-1)],8.702278137207031e-05,0.02089524269104004,2,True,0
W|eIID_KGo@`@`?o_GGB@?KC?WG?OG?KC?@`??KG??[_??^,[(21-22)-(20-23)-(14-15)-(12-13)-(11-19)-(10-18)-(9-17)-(8-16)-(6-7)-(4-5)-(2-3)-(0-1)],9.226799011230469e-05,0.040699005126953125,5,True,0
W|eIID_KGo@`@`?o_GGB@?KC?WG?OG?KC?@`??KG??[_??^,[(21-22)-(19-23)-(14-15)-(13-20)-(11-12)-(10-18)-(9-17)-(8-16)-(6-7)-(4-5)-(2-3)-(0-1)],8.749961853027344e-05,0.028043746948242188,3,True,0
W|eIID_KGo@`@`?o_GGB@?KC?WG?OG?KC?@`??KG??[_??^,[(21-22)-(19-23)-(14-15)-(13-20)-(11-12)-(10-18)-(9-17)-(8-16)-(6-7)-(4-5)-(2-3)-(0-1)],9.202957153320312e-05,0.04308271408081055,4,False,0
W|eIID_KGo@`@`?o_GGB@?KC?WG?OG?KC?@`??KG??[_??^,[(22-23)-(19-20)-(15-21)-(13-14)-(11-12)-(10-18)-(9-17)-(8-16)-(6-7)-(4-5)-(2-3)-(0-1)],9.1552734375e-05,0.048163414001464844,5,True,0
W|eIID_KGo@`@`?o_GGB@?KC?WG?OG?KC?@`??KG??[_??^,[(22-23)-(19-20)-(15-21)-(13-14)-(11-12)-(10-18)-(9-17)-(8-16)-(6-7)-(4-5)-(2-3)-(0-1)],9.131431579589844e-05,0.021207571029663086,2,True,0
W|eIID_KGo@`@`?o_GGB@?KC?WG?OG?KC?@`??KG??[_??^,[(21-23)-(18-22)-(14-15)-(13-20)-(12-19)-(10-11)-(9-17)-(8-16)-(6-7)-(4-5)-(2-3)-(0-1)],8.702278137207031e-05,0.020729780197143555,2,True,0
W|eIID_KGo@`@`?o_GGB@?KC?WG?OG?KC?@`??KG??[_??^,[(21-23)-(18-22)-(14-15)-(13-20)-(12-19)-(10-11)-(9-17)-(8-16)-(6-7)-(4-5)-(2-3)-(0-1)],8.940696716308594e-05,0.031477928161621094,3,True,0
W|eIID_KGo@`@`?o_GGB@?KC?WG?OG?KC?@`??KG??[_??^,[(21-22)-(18-23)-(14-15)-(13-20)-(12-19)-(10-11)-(9-17)-(8-16)-(6-7)-(4-5)-(2-3)-(0-1)],8.869171142578125e-05,0.02778172492980957,3,True,0
W|eIID_KGo@`@`?o_GGB@?KC?WG?OG?KC?@`??KG??[_??^,[(21-22)-(18-23)-(14-15)-(13-20)-(12-19)-(10-11)-(9-17)-(8-16)-(6-7)-(4-5)-(2-3)-(0-1)],9.036064147949219e-05,0.03748893737792969,4,True,0
W|eIID_KGo@`@`?o_GGB@?KC?WG?OG?KC?@`??KG??[_??^,[(20-23)-(18-22)-(15-21)-(13-14)-(12-19)-(10-11)-(9-17)-(8-16)-(6-7)-(4-5)-(2-3)-(0-1)],8.726119995117188e-05,0.014342069625854492,1,True,0
W|eIID_KGo@`@`?o_GGB@?KC?WG?OG?KC?@`??KG??[_??^,[(20-23)-(18-22)-(15-21)-(13-14)-(12-19)-(10-11)-(9-17)-(8-16)-(6-7)-(4-5)-(2-3)-(0-1)],9.107589721679688e-05,0.05225658416748047,5,True,0
W|eIID_KGo@`@`?o_GGB@?KC?WG?OG?KC?@`??KG??[_??^,[(22-23)-(18-19)-(15-21)-(14-20)-(12-13)-(10-11)-(9-17)-(8-16)-(6-7)-(4-5)-(2-3)-(0-1)],0.00010633468627929688,0.04882407188415527,6,True,0
W|eIID_KGo@`@`?o_GGB@?KC?WG?OG?KC?@`??KG??[_??^,[(22-23)-(18-19)-(15-21)-(14-20)-(12-13)-(10-11)-(9-17)-(8-16)-(6-7)-(4-5)-(2-3)-(0-1)],9.1552734375e-05,0.021091222763061523,2,True,0
W|eIID_KGo@`@`?o_GGB@?KC?WG?OG?KC?@`??KG??[_??^,[(19-23)-(18-22)-(15-21)-(14-20)-(12-13)-(10-11)-(9-17)-(8-16)-(6-7)-(4-5)-(2-3)-(0-1)],8.96453857421875e-05,0.02919173240661621,3,True,0
W|eIID_KGo@`@`?o_GGB@?KC?WG?OG?KC?@`??KG??[_??^,[(19-23)-(18-22)-(15-21)-(14-20)-(12-13)-(10-11)-(9-17)-(8-16)-(6-7)-(4-5)-(2-3)-(0-1)],9.131431579589844e-05,0.0379338264465332,4,True,0
WtbIID`GH_a@E@A?`o?E@?WC?OG?wG?M??@@??[G??X_??|,[(22-23)-(20-21)-(14-15)-(12-13)-(11-19)-(10-18)-(9-17)-(8-16)-(6-7)-(4-5)-(2-3)-(0-1)],0.00013756752014160156,0.04135584831237793,4,False,0
WtbIID`GH_a@E@A?`o?E@?WC?OG?wG?M??@@??[G??X_??|,[(22-23)-(20-21)-(14-15)-(12-13)-(11-19)-(10-18)-(9-17)-(8-16)-(6-7)-(4-5)-(2-3)-(0-1)],9.202957153320312e-05,0.010351181030273438,1,True,0
WtbIID`GH_a@E@A?`o?E@?WC?OG?wG?M??@@??[G??X_??|,[(21-22)-(20-23)-(14-15)-(12-13)-(11-19)-(10-18)-(9-17)-(8-16)-(6-7)-(4-5)-(2-3)-(0-1)],8.916854858398438e-05,0.04591059684753418,5,True,0
WtbIID`GH_a@E@A?`o?E@?WC?OG?wG?M??@@??[G??X_??|,[(21-22)-(20-23)-(14-15)-(12-13)-(11-19)-(10-18)-(9-17)-(8-16)-(6-7)-(4-5)-(2-3)-(0-1)],0.00010943412780761719,0.060096025466918945,14,False,0
WtbIID`GH_a@E@A?`o?E@?WC?OG?wG?M??@@??[G??X_??|,[(22-23)-(20-21)-(14-15)-(13-19)-(11-12)-(10-18)-(9-17)-(8-16)-(6-7)-(4-5)-(2-3)-(0-1)],0.00012993812561035156,0.010693550109863281,1,True,0
WtbIID`GH_a@E@A?`o?E@?WC?OG?wG?M??@@??[G??X_??|,[(22-23)-(20-21)-(14-15)-(13-19)-(11-12)-(10-18)-(9-17)-(8-16)-(6-7)-(4-5)-(2-3)-(0-1)],9.298324584960938e-05,0.049817800521850586,5,False,0
WtbIID`GH_a@E@A?`o?E@?WC?OG?wG?M??@@??[G??X_??|,[(21-22)-(20-23)-(14-15)-(13-19)-(11-12)-(10-18)-(9-17)-(8-16)-(6-7)-(4-5)-(2-3)-(0-1)],8.940696716308594e-05,0.03160285949707031,3,True,0
WtbIID`GH_a@E@A?`o?E@?WC?OG?wG?M??@@??[G??X_??|,[(21-22)-(20-23)-(14-15)-(13-19)-(11-12)-(10-18)-(9-17)-(8-16)-(6-7)-(4-5)-(2-3)-(0-1)],9.322166442871094e-05,0.07237434387207031,14,False,0
WtbIID`GH_a@E@A?`o?E@?WC?OG?wG?M??@@??[G??X_??|,[(21-22)-(19-23)-(14-15)-(13-20)-(11-12)-(10-18)-(9-17)-(8-16)-(6-7)-(4-5)-(2-3)-(0-1)],9.441375732421875e-05,0.041225433349609375,4,False,0
WtbIID`GH_a@E@A?`o?E@?WC?OG?wG?M??@@??[G??X_??|,[(21-22)-(19-23)-(14-15)-(13-20)-(11-12)-(10-18)-(9-17)-(8-16)-(6-7)-(4-5)-(2-3)-(0-1)],9.107589721679688e-05,0.07996273040771484,17,False,0
WtbIID`GH_a@E@A?`o?E@?WC?OG?wG?M??@@??[G??X_??|,[(22-23)-(19-20)-(14-15)-(13-21)-(11-12)-(10-18)-(9-17)-(8-16)-(6-7)-(4-5)-(2-3)-(0-1)],8.845329284667969e-05,0.10637116432189941,17,False,0
WtbIID`GH_a@E@A?`o?E@?WC?OG?wG?M??@@??[G??X_??|,[(22-23)-(19-20)-(14-15)-(13-21)-(11-12)-(10-18)-(9-17)-(8-16)-(6-7)-(4-5)-(2-3)-(0-1)],9.34600830078125e-05,0.010204792022705078,1,True,0
WtbIID`GH_a@E@A?`o?E@?WC?OG?wG?M??@@??[G??X_??|,[(20-22)-(19-23)-(14-15)-(13-21)-(11-12)-(10-18)-(9-17)-(8-16)-(6-7)-(4-5)-(2-3)-(0-1)],9.202957153320312e-05,0.0312197208404541,3,False,0
WtbIID`GH_a@E@A?`o?E@?WC?OG?wG?M??@@??[G??X_??|,[(20-22)-(19-23)-(14-15)-(13-21)-(11-12)-(10-18)-(9-17)-(8-16)-(6-7)-(4-5)-(2-3)-(0-1)],9.322166442871094e-05,0.010815620422363281,1,True,0
WtbIID`GH_a@E@A?`o?E@?WC?OG?wG?M??@@??[G??X_??|,[(21-22)-(18-23)-(14-15)-(13-20)-(12-19)-(10-11)-(9-17)-(8-16)-(6-7)-(4-5)-(2-3)-(0-1)],8.702278137207031e-05,0.05093884468078613,5,False,0
WtbIID`GH_a@E@A?`o?E@?WC?OG?wG?M??@@??[G??X_??|,[(21-22)-(18-23)-(14-15)-(13-20)-(12-19)-(10-11)-(9-17)-(8-16)-(6-7)-(4-5)-(2-3)-(0-1)],9.107589721679688e-05,0.06925225257873535,15,False,0
WtbIID`GH_a@E@A?`o?E@?WC?OG?wG?M??@@??[G??X_??|,[(20-22)-(18-23)-(14-15)-(13-21)-(12-19)-(10-11)-(9-17)-(8-16)-(6-7)-(4-5)-(2-3)-(0-1)],8.988380432128906e-05,0.05044984817504883,5,True,0
WtbIID`GH_a@E@A?`o?E@?WC?OG?wG?M??@@??[G??X_??|,[(20-22)-(18-23)-(14-15)-(13-21)-(12-19)-(10-11)-(9-17)-(8-16)-(6-7)-(4-5)-(2-3)-(0-1)],0.00010800361633300781,0.06403899192810059,14,False,0
WtbIID`GH_a@E@A?`o?E@?WC?OG?wG?M??@@??[G??X_??|,[(21-22)-(19-20)-(18-23)-(14-15)-(12-13)-(10-11)-(9-17)-(8-16)-(6-7)-(4-5)-(2-3)-(0-1)],8.940696716308594e-05,0.0565335750579834,6,True,0
WtbIID`GH_a@E@A?`o?E@?WC?OG?wG?M??@@??[G??X_??|,[(21-22)-(19-20)-(18-23)-(14-15)-(12-13)-(10-11)-(9-17)-(8-16)-(6-7)-(4-5)-(2-3)-(0-1)],0.00010466575622558594,0.07300710678100586,15,False,0
WtfIID`GH_b?B@?__WGA@?KC?WG?W??MC?@B??KG??w_??v,[(20-23)-(15-22)-(14-21)-(12-13)-(11-19)-(10-18)-(9-17)-(8-16)-(6-7)-(4-5)-(2-3)-(0-1)],0.00014710426330566406,0.04816842079162598,5,False,0
WtfIID`GH_b?B@?__WGA@?KC?WG?W??MC?@B??KG??w_??v,[(20-23)-(15-22)-(14-21)-(12-13)-(11-19)-(10-18)-(9-17)-(8-16)-(6-7)-(4-5)-(2-3)-(0-1)],9.298324584960938e-05,0.049385786056518555,5,True,0
WtfIID`GH_b?B@?__WGA@?KC?WG?W??MC?@B??KG??w_??v,[(22-23)-(20-21)-(14-15)-(12-13)-(11-19)-(10-18)-(9-17)-(8-16)-(6-7)-(4-5)-(2-3)-(0-1)],9.274482727050781e-05,0.021402597427368164,2,True,0
WtfIID`GH_b?B@?__WGA@?KC?WG?W??MC?@B??KG??w_??v,[(22-23)-(20-21)-(14-15)-(12-13)-(11-19)-(10-18)-(9-17)-(8-16)-(6-7)-(4-5)-(2-3)-(0-1)],0.00010776519775390625,0.029906034469604492,3,False,0
WtfIID`GH_b?B@?__WGA@?KC?WG?W??MC?@B??KG??w_??v,[(21-22)-(20-23)-(14-15)-(12-13)-(11-19)-(10-18)-(9-17)-(8-16)-(6-7)-(4-5)-(2-3)-(0-1)],9.226799011230469e-05,0.04093289375305176,4,True,0
WtfIID`GH_b?B@?__WGA@?KC?WG?W??MC?@B??KG??w_??v,[(21-22)-(20-23)-(14-15)-(12-13)-(11-19)-(10-18)-(9-17)-(8-16)-(6-7)-(4-5)-(2-3)-(0-1)],9.34600830078125e-05,0.03841423988342285,4,True,0
WtfIID`GH_b?B@?__WGA@?KC?WG?W??MC?@B??KG??w_??v,[(20-23)-(15-22)-(14-21)-(13-19)-(11-12)-(10-18)-(9-17)-(8-16)-(6-7)-(4-5)-(2-3)-(0-1)],9.393692016601562e-05,0.014204740524291992,1,True,0
WtfIID`GH_b?B@?__WGA@?KC?WG?W??MC?@B??KG??w_??v,[(20-23)-(15-22)-(14-21)-(13-19)-(11-12)-(10-18)-(9-17)-(8-16)-(6-7)-(4-5)-(2-3)-(0-1)],9.107589721679688e-05,0.047490835189819336,5,True,0
WtfIID`GH_b?B@?__WGA@?KC?WG?W??MC?@B??KG??w_??v,[(22-23)-(20-21)-(14-15)-(13-19)-(11-12)-(10-18)-(9-17)-(8-16)-(6-7)-(4-5)-(2-3)-(0-1)],8.940696716308594e-05,0.037631988525390625,4,True,0
WtfIID`GH_b?B@?__WGA@?KC?WG?W??MC?@B??KG??w_??v,[(22-23)-(20-21)-(14-15)-(13-19)-(11-12)-(10-18)-(9-17)-(8-16)-(6-7)-(4-5)-(2-3)-(0-1)],9.179115295410156e-05,0.020873546600341797,2,True,0
WtfIID`GH_b?B@?__WGA@?KC?WG?W??MC?@B??KG??w_??v,[(21-22)-(20-23)-(14-15)-(13-19)-(11-12)-(10-18)-(9-17)-(8-16)-(6-7)-(4-5)-(2-3)-(0-1)],9.298324584960938e-05,0.03723716735839844,4,True,0
WtfIID`GH_b?B@?__WGA@?KC?WG?W??MC?@B??KG??w_??v,[(21-22)-(20-23)-(14-15)-(13-19)-(11-12)-(10-18)-(9-17)-(8-16)-(6-7)-(4-5)-(2-3)-(0-1)],9.226799011230469e-05,0.02179694175720215,2,False,0
WtfIID`GH_b?B@?__WGA@?KC?WG?W??MC?@B??KG??w_??v,[(22-23)-(19-20)-(15-21)-(13-14)-(11-12)-(10-18)-(9-17)-(8-16)-(6-7)-(4-5)-(2-3)-(0-1)],8.726119995117188e-05,0.02855682373046875,3,True,0
WtfIID`GH_b?B@?__WGA@?KC?WG?W??MC?@B??KG??w_??v,[(22-23)-(19-20)-(15-21)-(13-14)-(11-12)-(10-18)-(9-17)-(8-16)-(6-7)-(4-5)-(2-3)-(0-1)],9.036064147949219e-05,0.05050182342529297,5,False,0
WtfIID`GH_b?B@?__WGA@?KC?WG?W??MC?@B??KG??w_??v,[(21-23)-(19-20)-(15-22)-(13-14)-(11-12)-(10-18)-(9-17)-(8-16)-(6-7)-(4-5)-(2-3)-(0-1)],0.00012874603271484375,0.02856278419494629,3,True,0
WtfIID`GH_b?B@?__WGA@?KC?WG?W??MC?@B??KG??w_??v,[(21-23)-(19-20)-(15-22)-(13-14)-(11-12)-(10-18)-(9-17)-(8-16)-(6-7)-(4-5)-(2-3)-(0-1)],8.96453857421875e-05,0.047791481018066406,5,False,0
WtfIID`GH_b?B@?__WGA@?KC?WG?W??MC?@B??KG??w_??v,[(17-23)-(15-22)-(14-21)-(13-20)-(12-19)-(11-18)-(9-10)-(8-16)-(6-7)-(4-5)-(2-3)-(0-1)],0.00010418891906738281,0.03670048713684082,4,True,0
WtfIID`GH_b?B@?__WGA@?KC?WG?W??MC?@B??KG??w_??v,[(17-23)-(15-22)-(14-21)-(13-20)-(12-19)-(11-18)-(9-10)-(8-16)-(6-7)-(4-5)-(2-3)-(0-1)],9.107589721679688e-05,0.05991244316101074,6,False,0
WtfIID`GH_b?B@?__WGA@?KC?WG?W??MC?@B??KG??w_??v,[(21-23)-(17-22)-(14-15)-(13-20)-(12-19)-(11-18)-(9-10)-(8-16)-(6-7)-(4-5)-(2-3)-(0-1)],9.131431579589844e-05,0.05493474006652832,13,False,0
WtfIID`GH_b?B@?__WGA@?KC?WG?W??MC?@B??KG??w_??v,[(21-23)-(17-22)-(14-15)-(13-20)-(12-19)-(11-18)-(9-10)-(8-16)-(6-7)-(4-5)-(2-3)-(0-1)],9.012222290039062e-05,0.05957388877868652,6,False,0
WtfIID`GH_b@B@?__WGA@?KC?OG?OG?MC?@B??KG??w_??v,[(20-23)-(15-22)-(14-21)-(12-13)-(11-19)-(10-18)-(9-17)-(8-16)-(6-7)-(4-5)-(2-3)-(0-1)],9.322166442871094e-05,0.0269320011138916,3,True,0
WtfIID`GH_b@B@?__WGA@?KC?OG?OG?MC?@B??KG??w_??v,[(20-23)-(15-22)-(14-21)-(12-13)-(11-19)-(10-18)-(9-17)-(8-16)-(6-7)-(4-5)-(2-3)-(0-1)],9.1552734375e-05,0.05410146713256836,6,True,0
WtfIID`GH_b@B@?__WGA@?KC?OG?OG?MC?@B??KG??w_??v,[(22-23)-(20-21)-(14-15)-(12-13)-(11-19)-(10-18)-(9-17)-(8-16)-(6-7)-(4-5)-(2-3)-(0-1)],9.441375732421875e-05,0.020505666732788086,2,True,0
WtfIID`GH_b@B@?__WGA@?KC?OG?OG?MC?@B??KG??w_??v,[(22-23)-(20-21)-(14-15)-(12-13)-(11-19)-(10-18)-(9-17)-(8-16)-(6-7)-(4-5)-(2-3)-(0-1)],9.107589721679688e-05,0.04682159423828125,5,True,0
WtfIID`GH_b@B@?__WGA@?KC?OG?OG?MC?@B??KG??w_??v,[(21-22)-(20-23)-(14-15)-(12-13)-(11-19)-(10-18)-(9-17)-(8-16)-(6-7)-(4-5)-(2-3)-(0-1)],8.96453857421875e-05,0.03911852836608887,4,False,0
WtfIID`GH_b@B@?__WGA@?KC?OG?OG?MC?@B??KG??w_??v,[(21-22)-(20-23)-(14-15)-(12-13)-(11-19)-(10-18)-(9-17)-(8-16)-(6-7)-(4-5)-(2-3)-(0-1)],9.107589721679688e-05,0.03686952590942383,4,True,0
WtfIID`GH_b@B@?__WGA@?KC?OG?OG?MC?@B??KG??w_??v,[(20-23)-(15-22)-(14-21)-(13-19)-(11-12)-(10-18)-(9-17)-(8-16)-(6-7)-(4-5)-(2-3)-(0-1)],9.131431579589844e-05,0.014140605926513672,1,True,0
WtfIID`GH_b@B@?__WGA@?KC?OG?OG?MC?@B??KG??w_??v,[(20-23)-(15-22)-(14-21)-(13-19)-(11-12)-(10-18)-(9-17)-(8-16)-(6-7)-(4-5)-(2-3)-(0-1)],0.00010013580322265625,0.08777141571044922,16,False,0
WtfIID`GH_b@B@?__WGA@?KC?OG?OG?MC?@B??KG??w_??v,[(22-23)-(20-21)-(14-15)-(13-19)-(11-12)-(10-18)-(9-17)-(8-16)-(6-7)-(4-5)-(2-3)-(0-1)],8.916854858398438e-05,0.04962301254272461,5,True,0
WtfIID`GH_b@B@?__WGA@?KC?OG?OG?MC?@B??KG??w_??v,[(22-23)-(20-21)-(14-15)-(13-19)-(11-12)-(10-18)-(9-17)-(8-16)-(6-7)-(4-5)-(2-3)-(0-1)],0.00010538101196289062,0.013933897018432617,1,True,0
WtfIID`GH_b@B@?__WGA@?KC?OG?OG?MC?@B??KG??w_??v,[(21-22)-(20-23)-(14-15)-(13-19)-(11-12)-(10-18)-(9-17)-(8-16)-(6-7)-(4-5)-(2-3)-(0-1)],8.916854858398438e-05,0.051628828048706055,5,True,0
WtfIID`GH_b@B@?__WGA@?KC?OG?OG?MC?@B??KG??w_??v,[(21-22)-(20-23)-(14-15)-(13-19)-(11-12)-(10-18)-(9-17)-(8-16)-(6-7)-(4-5)-(2-3)-(0-1)],9.036064147949219e-05,0.021013736724853516,2,True,0
WtfIID`GH_b@B@?__WGA@?KC?OG?OG?MC?@B??KG??w_??v,[(22-23)-(19-20)-(15-21)-(13-14)-(11-12)-(10-18)-(9-17)-(8-16)-(6-7)-(4-5)-(2-3)-(0-1)],9.179115295410156e-05,0.09006333351135254,17,False,0
WtfIID`GH_b@B@?__WGA@?KC?OG?OG?MC?@B??KG??w_??v,[(22-23)-(19-20)-(15-21)-(13-14)-(11-12)-(10-18)-(9-17)-(8-16)-(6-7)-(4-5)-(2-3)-(0-1)],9.894371032714844e-05,0.028414487838745117,3,True,0
WtfIID`GH_b@B@?__WGA@?KC?OG?OG?MC?@B??KG??w_??v,[(21-23)-(19-20)-(15-22)-(13-14)-(11-12)-(10-18)-(9-17)-(8-16)-(6-7)-(4-5)-(2-3)-(0-1)],0.00013256072998046875,0.03867816925048828,4,False,0
WtfIID`GH_b@B@?__WGA@?KC?OG?OG?MC?@B??KG??w_??v,[(21-23)-(19-20)-(15-22)-(13-14)-(11-12)-(10-18)-(9-17)-(8-16)-(6-7)-(4-5)-(2-3)-(0-1)],9.202957153320312e-05,0.03850722312927246,4,True,0
WtfIID`GH_b@B@?__WGA@?KC?OG?OG?MC?@B??KG??w_??v,[(18-23)-(15-22)-(14-21)-(13-20)-(12-19)-(10-11)-(9-17)-(8-16)-(6-7)-(4-5)-(2-3)-(0-1)],9.036064147949219e-05,0.046471595764160156,5,False,0
WtfIID`GH_b@B@?__WGA@?KC?OG?OG?MC?@B??KG??w_??v,[(18-23)-(15-22)-(14-21)-(13-20)-(12-19)-(10-11)-(9-17)-(8-16)-(6-7)-(4-5)-(2-3)-(0-1)],9.202957153320312e-05,0.028235673904418945,3,True,0
WtfIID`GH_b@B@?__WGA@?KC?OG?OG?MC?@B??KG??w_??v,[(21-22)-(18-23)-(14-15)-(13-20)-(12-19)-(10-11)-(9-17)-(8-16)-(6-7)-(4-5)-(2-3)-(0-1)],0.0001304149627685547,0.06918048858642578,15,False,0
WtfIID`GH_b@B@?__WGA@?KC?OG?OG?MC?@B??KG??w_??v,[(21-22)-(18-23)-(14-15)-(13-20)-(12-19)-(10-11)-(9-17)-(8-16)-(6-7)-(4-5)-(2-3)-(0-1)],8.96453857421875e-05,0.03862619400024414,4,True,0
WtfIID`GH_b?B@?_?WGB@?CC?WG?WG?KC?B@??QG?Bo_??},[(21-23)-(15-16)-(14-22)-(13-20)-(12-19)-(11-18)-(10-17)-(8-9)-(6-7)-(4-5)-(2-3)-(0-1)],9.131431579589844e-05,0.03549599647521973,4,True,0
WtfIID`GH_b?B@?_?WGB@?CC?WG?WG?KC?B@??QG?Bo_??},[(21-23)-(15-16)-(14-22)-(13-20)-(12-19)-(11-18)-(10-17)-(8-9)-(6-7)-(4-5)-(2-3)-(0-1)],9.918212890625e-05,0.029920578002929688,3,False,0
WtfIID`GH_b?B@?_?WGB@?CC?WG?WG?KC?B@??QG?Bo_??},[(21-23)-(16-22)-(14-15)-(13-20)-(12-19)-(11-18)-(10-17)-(8-9)-(6-7)-(4-5)-(2-3)-(0-1)],8.96453857421875e-05,0.028058767318725586,3,True,0
WtfIID`GH_b?B@?_?WGB@?CC?WG?WG?KC?B@??QG?Bo_??},[(21-23)-(16-22)-(14-15)-(13-20)-(12-19)-(11-18)-(10-17)-(8-9)-(6-7)-(4-5)-(2-3)-(0-1)],9.417533874511719e-05,0.05036664009094238,5,False,0
WtfIID`GH_b?B@?_?WGB@?CC?WG?WG?KC?B@??QG?Bo_??},[(20-23)-(15-16)-(14-22)-(13-21)-(12-19)-(11-18)-(10-17)-(8-9)-(6-7)-(4-5)-(2-3)-(0-1)],8.893013000488281e-05,0.02840900421142578,3,True,0
WtfIID`GH_b?B@?_?WGB@?CC?WG?WG?KC?B@??QG?Bo_??},[(20-23)-(15-16)-(14-22)-(13-21)-(12-19)-(11-18)-(10-17)-(8-9)-(6-7)-(4-5)-(2-3)-(0-1)],9.274482727050781e-05,0.04025411605834961,4,False,0
WtfIID`GH_b?B@?_?WGB@?CC?WG?WG?KC?B@??QG?Bo_??},[(20-23)-(16-22)-(14-15)-(13-21)-(12-19)-(11-18)-(10-17)-(8-9)-(6-7)-(4-5)-(2-3)-(0-1)],0.00010204315185546875,0.027981281280517578,3,True,0
WtfIID`GH_b?B@?_?WGB@?CC?WG?WG?KC?B@??QG?Bo_??},[(20-23)-(16-22)-(14-15)-(13-21)-(12-19)-(11-18)-(10-17)-(8-9)-(6-7)-(4-5)-(2-3)-(0-1)],9.393692016601562e-05,0.10340237617492676,19,False,0
WtfIID`GH_b?B@?_?WGB@?CC?WG?WG?KC?B@??QG?Bo_??},[(20-23)-(16-21)-(14-15)-(13-22)-(12-19)-(11-18)-(10-17)-(8-9)-(6-7)-(4-5)-(2-3)-(0-1)],8.726119995117188e-05,0.04338812828063965,5,True,0
WtfIID`GH_b?B@?_?WGB@?CC?WG?WG?KC?B@??QG?Bo_??},[(20-23)-(16-21)-(14-15)-(13-22)-(12-19)-(11-18)-(10-17)-(8-9)-(6-7)-(4-5)-(2-3)-(0-1)],9.369850158691406e-05,0.09274506568908691,18,False,0
WtfIID`GH_b?B@?_?WGB@?CC?WG?WG?KC?B@??QG?Bo_??},[(21-22)-(20-23)-(15-16)-(13-14)-(12-19)-(11-18)-(10-17)-(8-9)-(6-7)-(4-5)-(2-3)-(0-1)],8.893013000488281e-05,0.03855752944946289,4,True,0
WtfIID`GH_b?B@?_?WGB@?CC?WG?WG?KC?B@??QG?Bo_??},[(21-22)-(20-23)-(15-16)-(13-14)-(12-19)-(11-18)-(10-17)-(8-9)-(6-7)-(4-5)-(2-3)-(0-1)],0.0001049041748046875,0.04014754295349121,5,True,0
WtfIID`GH_b?B@?_?WGB@?CC?WG?WG?KC?B@??QG?Bo_??},[(20-23)-(16-21)-(15-22)-(13-14)-(12-19)-(11-18)-(10-17)-(8-9)-(6-7)-(4-5)-(2-3)-(0-1)],0.00013303756713867188,0.05583691596984863,6,True,0
WtfIID`GH_b?B@?_?WGB@?CC?WG?WG?KC?B@??QG?Bo_??},[(20-23)-(16-21)-(15-22)-(13-14)-(12-19)-(11-18)-(10-17)-(8-9)-(6-7)-(4-5)-(2-3)-(0-1)],0.00010752677917480469,0.036676645278930664,4,True,0
WtfIID`GH_b?B@?_?WGB@?CC?WG?WG?KC?B@??QG?Bo_??},[(19-23)-(15-16)-(14-22)-(13-21)-(12-20)-(11-18)-(10-17)-(8-9)-(6-7)-(4-5)-(2-3)-(0-1)],0.00011038780212402344,0.020589590072631836,2,True,0
WtfIID`GH_b?B@?_?WGB@?CC?WG?WG?KC?B@??QG?Bo_??},[(19-23)-(15-16)-(14-22)-(13-21)-(12-20)-(11-18)-(10-17)-(8-9)-(6-7)-(4-5)-(2-3)-(0-1)],0.00010204315185546875,0.03797578811645508,4,True,0
WtfIID`GH_b?B@?_?WGB@?CC?WG?WG?KC?B@??QG?Bo_??},[(19-23)-(16-22)-(14-15)-(13-21)-(12-20)-(11-18)-(10-17)-(8-9)-(6-7)-(4-5)-(2-3)-(0-1)],9.417533874511719e-05,0.013976335525512695,1,True,0
WtfIID`GH_b?B@?_?WGB@?CC?WG?WG?KC?B@??QG?Bo_??},[(19-23)-(16-22)-(14-15)-(13-21)-(12-20)-(11-18)-(10-17)-(8-9)-(6-7)-(4-5)-(2-3)-(0-1)],9.202957153320312e-05,0.04674816131591797,5,True,0
WtfIID`GH_b?B@?_?WGB@?CC?WG?WG?KC?B@??QG?Bo_??},[(19-23)-(16-21)-(14-15)-(13-22)-(12-20)-(11-18)-(10-17)-(8-9)-(6-7)-(4-5)-(2-3)-(0-1)],9.441375732421875e-05,0.04639029502868652,12,False,0
WtfIID`GH_b?B@?_?WGB@?CC?WG?WG?KC?B@??QG?Bo_??},[(19-23)-(16-21)-(14-15)-(13-22)-(12-20)-(11-18)-(10-17)-(8-9)-(6-7)-(4-5)-(2-3)-(0-1)],9.584426879882812e-05,0.047976016998291016,5,False,0
WtfIAD`GH_b@B?@__OGE@?WC?OG?wG?GK?A@??wG?@`_?@l,[(22-23)-(14-15)-(13-21)-(12-20)-(11-19)-(10-18)-(9-17)-(8-16)-(6-7)-(4-5)-(2-3)-(0-1)],9.298324584960938e-05,0.03070378303527832,3,True,0
WtfIAD`GH_b@B?@__OGE@?WC?OG?wG?GK?A@??wG?@`_?@l,[(22-23)-(14-15)-(13-21)-(12-20)-(11-19)-(10-18)-(9-17)-(8-16)-(6-7)-(4-5)-(2-3)-(0-1)],9.250640869140625e-05,0.04826760292053223,5,True,0
WtfIAD`GH_b@B?@__OGE@?WC?OG?wG?GK?A@??wG?@`_?@l,[(20-23)-(15-22)-(13-14)-(12-21)-(11-19)-(10-18)-(9-17)-(8-16)-(6-7)-(4-5)-(2-3)-(0-1)],9.34600830078125e-05,0.020502328872680664,2,True,0
WtfIAD`GH_b@B?@__OGE@?WC?OG?wG?GK?A@??wG?@`_?@l,[(20-23)-(15-22)-(13-14)-(12-21)-(11-19)-(10-18)-(9-17)-(8-16)-(6-7)-(4-5)-(2-3)-(0-1)],9.226799011230469e-05,0.0422515869140625,4,False,0
WtfIAD`GH_b@B?@__OGE@?WC?OG?wG?GK?A@??wG?@`_?@l,[(20-23)-(15-22)-(14-21)-(12-13)-(11-19)-(10-18)-(9-17)-(8-16)-(6-7)-(4-5)-(2-3)-(0-1)],9.1552734375e-05,0.029276371002197266,3,True,0
WtfIAD`GH_b@B?@__OGE@?WC?OG?wG?GK?A@??wG?@`_?@l,[(20-23)-(15-22)-(14-21)-(12-13)-(11-19)-(10-18)-(9-17)-(8-16)-(6-7)-(4-5)-(2-3)-(0-1)],9.083747863769531e-05,0.03146529197692871,3,False,0
WtfIAD`GH_b@B?@__OGE@?WC?OG?wG?GK?A@??wG?@`_?@l,[(22-23)-(20-21)-(14-15)-(12-13)-(11-19)-(10-18)-(9-17)-(8-16)-(6-7)-(4-5)-(2-3)-(0-1)],9.131431579589844e-05,0.03737902641296387,4,True,0
WtfIAD`GH_b@B?@__OGE@?WC?OG?wG?GK?A@??wG?@`_?@l,[(22-23)-(20-21)-(14-15)-(12-13)-(11-19)-(10-18)-(9-17)-(8-16)-(6-7)-(4-5)-(2-3)-(0-1)],9.560585021972656e-05,0.04080510139465332,4,False,0
WtfIAD`GH_b@B?@__OGE@?WC?OG?wG?GK?A@??wG?@`_?@l,[(21-22)-(20-23)-(14-15)-(12-13)-(11-19)-(10-18)-(9-17)-(8-16)-(6-7)-(4-5)-(2-3)-(0-1)],8.988380432128906e-05,0.02848219871520996,3,True,0
WtfIAD`GH_b@B?@__OGE@?WC?OG?wG?GK?A@??wG?@`_?@l,[(21-22)-(20-23)-(14-15)-(12-13)-(11-19)-(10-18)-(9-17)-(8-16)-(6-7)-(4-5)-(2-3)-(0-1)],9.131431579589844e-05,0.040162086486816406,4,False,0
WtfIAD`GH_b@B?@__OGE@?WC?OG?wG?GK?A@??wG?@`_?@l,[(22-23)-(18-19)-(14-15)-(13-21)-(12-20)-(10-11)-(9-17)-(8-16)-(6-7)-(4-5)-(2-3)-(0-1)],0.00011372566223144531,0.04724431037902832,12,False,0
WtfIAD`GH_b@B?@__OGE@?WC?OG?wG?GK?A@??wG?@`_?@l,[(22-23)-(18-19)-(14-15)-(13-21)-(12-20)-(10-11)-(9-17)-(8-16)-(6-7)-(4-5)-(2-3)-(0-1)],9.560585021972656e-05,0.09307718276977539,11,False,0
WtfIAD`GH_b@B?@__OGE@?WC?OG?wG?GK?A@??wG?@`_?@l,[(20-23)-(18-19)-(15-22)-(13-14)-(12-21)-(10-11)-(9-17)-(8-16)-(6-7)-(4-5)-(2-3)-(0-1)],9.250640869140625e-05,0.01494598388671875,1,True,0
WtfIAD`GH_b@B?@__OGE@?WC?OG?wG?GK?A@??wG?@`_?@l,[(20-23)-(18-19)-(15-22)-(13-14)-(12-21)-(10-11)-(9-17)-(8-16)-(6-7)-(4-5)-(2-3)-(0-1)],9.1552734375e-05,0.05883026123046875,7,True,0
WtfIAD`GH_b@B?@__OGE@?WC?OG?wG?GK?A@??wG?@`_?@l,[(20-23)-(18-19)-(15-22)-(14-21)-(12-13)-(10-11)-(9-17)-(8-16)-(6-7)-(4-5)-(2-3)-(0-1)],9.059906005859375e-05,0.0764155387878418,15,False,0
WtfIAD`GH_b@B?@__OGE@?WC?OG?wG?GK?A@??wG?@`_?@l,[(20-23)-(18-19)-(15-22)-(14-21)-(12-13)-(10-11)-(9-17)-(8-16)-(6-7)-(4-5)-(2-3)-(0-1)],9.512901306152344e-05,0.08992552757263184,17,False,0
WtfIAD`GH_b@B?@__OGE@?WC?OG?wG?GK?A@??wG?@`_?@l,[(22-23)-(20-21)-(18-19)-(14-15)-(12-13)-(10-11)-(9-17)-(8-16)-(6-7)-(4-5)-(2-3)-(0-1)],0.00014090538024902344,0.06119942665100098,14,False,0
WtfIAD`GH_b@B?@__OGE@?WC?OG?wG?GK?A@??wG?@`_?@l,[(22-23)-(20-21)-(18-19)-(14-15)-(12-13)-(10-11)-(9-17)-(8-16)-(6-7)-(4-5)-(2-3)-(0-1)],9.107589721679688e-05,0.04724860191345215,5,False,0
WtfIAD`GH_b@B?@__OGE@?WC?OG?wG?GK?A@??wG?@`_?@l,[(21-22)-(20-23)-(18-19)-(14-15)-(12-13)-(10-11)-(9-17)-(8-16)-(6-7)-(4-5)-(2-3)-(0-1)],8.988380432128906e-05,0.06164216995239258,14,False,0
WtfIAD`GH_b@B?@__OGE@?WC?OG?wG?GK?A@??wG?@`_?@l,[(21-22)-(20-23)-(18-19)-(14-15)-(12-13)-(10-11)-(9-17)-(8-16)-(6-7)-(4-5)-(2-3)-(0-1)],8.726119995117188e-05,0.04571819305419922,5,True,0
WtfIID_GH_a@A@B__WWA@?WC?_G?_G?wC?CB??cG??w_??v,[(17-23)-(15-22)-(13-14)-(12-21)-(11-20)-(10-19)-(9-18)-(8-16)-(6-7)-(4-5)-(2-3)-(0-1)],9.250640869140625e-05,0.04824948310852051,5,True,0
WtfIID_GH_a@A@B__WWA@?WC?_G?_G?wC?CB??cG??w_??v,[(17-23)-(15-22)-(13-14)-(12-21)-(11-20)-(10-19)-(9-18)-(8-16)-(6-7)-(4-5)-(2-3)-(0-1)],9.441375732421875e-05,0.02910590171813965,3,True,0
WtfIID_GH_a@A@B__WWA@?WC?_G?_G?wC?CB??cG??w_??v,[(21-23)-(17-22)-(14-15)-(12-13)-(11-20)-(10-19)-(9-18)-(8-16)-(6-7)-(4-5)-(2-3)-(0-1)],9.083747863769531e-05,0.0644540786743164,8,True,0
WtfIID_GH_a@A@B__WWA@?WC?_G?_G?wC?CB??cG??w_??v,[(21-23)-(17-22)-(14-15)-(12-13)-(11-20)-(10-19)-(9-18)-(8-16)-(6-7)-(4-5)-(2-3)-(0-1)],9.369850158691406e-05,0.03937339782714844,4,True,0
WtfIID_GH_a@A@B__WWA@?WC?_G?_G?wC?CB??cG??w_??v,[(21-22)-(17-23)-(14-15)-(12-13)-(11-20)-(10-19)-(9-18)-(8-16)-(6-7)-(4-5)-(2-3)-(0-1)],8.869171142578125e-05,0.02185344696044922,2,True,0
WtfIID_GH_a@A@B__WWA@?WC?_G?_G?wC?CB??cG??w_??v,[(21-22)-(17-23)-(14-15)-(12-13)-(11-20)-(10-19)-(9-18)-(8-16)-(6-7)-(4-5)-(2-3)-(0-1)],9.34600830078125e-05,0.03573775291442871,4,True,0
WtfIID_GH_a@A@B__WWA@?WC?_G?_G?wC?CB??cG??w_??v,[(20-23)-(17-22)-(15-21)-(13-14)-(11-12)-(10-19)-(9-18)-(8-16)-(6-7)-(4-5)-(2-3)-(0-1)],9.179115295410156e-05,0.027525901794433594,3,True,0
WtfIID_GH_a@A@B__WWA@?WC?_G?_G?wC?CB??cG??w_??v,[(20-23)-(17-22)-(15-21)-(13-14)-(11-12)-(10-19)-(9-18)-(8-16)-(6-7)-(4-5)-(2-3)-(0-1)],9.512901306152344e-05,0.03926849365234375,4,False,0
WtfIID_GH_a@A@B__WWA@?WC?_G?_G?wC?CB??cG??w_??v,[(20-21)-(17-23)-(15-22)-(13-14)-(11-12)-(10-19)-(9-18)-(8-16)-(6-7)-(4-5)-(2-3)-(0-1)],9.250640869140625e-05,0.03709554672241211,4,True,0
WtfIID_GH_a@A@B__WWA@?WC?_G?_G?wC?CB??cG??w_??v,[(20-21)-(17-23)-(15-22)-(13-14)-(11-12)-(10-19)-(9-18)-(8-16)-(6-7)-(4-5)-(2-3)-(0-1)],9.5367431640625e-05,0.0549166202545166,7,True,0
WtfIID_GH_a@A@B__WWA@?WC?_G?_G?wC?CB??cG??w_??v,[(19-20)-(17-23)-(15-22)-(13-14)-(12-21)-(10-11)-(9-18)-(8-16)-(6-7)-(4-5)-(2-3)-(0-1)],8.869171142578125e-05,0.02853679656982422,3,True,0
WtfIID_GH_a@A@B__WWA@?WC?_G?_G?wC?CB??cG??w_??v,[(19-20)-(17-23)-(15-22)-(13-14)-(12-21)-(10-11)-(9-18)-(8-16)-(6-7)-(4-5)-(2-3)-(0-1)],9.369850158691406e-05,0.04070305824279785,4,False,0
WtfIID_GH_a@A@B__WWA@?WC?_G?_G?wC?CB??cG??w_??v,[(21-23)-(19-20)-(17-22)-(14-15)-(12-13)-(10-11)-(9-18)-(8-16)-(6-7)-(4-5)-(2-3)-(0-1)],0.00011777877807617188,0.10116386413574219,19,False,0
WtfIID_GH_a@A@B__WWA@?WC?_G?_G?wC?CB??cG??w_??v,[(21-23)-(19-20)-(17-22)-(14-15)-(12-13)-(10-11)-(9-18)-(8-16)-(6-7)-(4-5)-(2-3)-(0-1)],9.083747863769531e-05,0.04066157341003418,4,False,0
WtfIID_GH_a@A@B__WWA@?WC?_G?_G?wC?CB??cG??w_??v,[(21-22)-(19-20)-(17-23)-(14-15)-(12-13)-(10-11)-(9-18)-(8-16)-(6-7)-(4-5)-(2-3)-(0-1)],9.250640869140625e-05,0.021918058395385742,2,True,0
WtfIID_GH_a@A@B__WWA@?WC?_G?_G?wC?CB??cG??w_??v,[(21-22)-(19-20)-(17-23)-(14-15)-(12-13)-(10-11)-(9-18)-(8-16)-(6-7)-(4-5)-(2-3)-(0-1)],9.179115295410156e-05,0.04360651969909668,5,True,0
WtfIID_GH_a@A@B__WWA@?WC?_G?_G?wC?CB??cG??w_??v,[(20-23)-(17-18)-(15-22)-(13-14)-(12-21)-(10-11)-(9-19)-(8-16)-(6-7)-(4-5)-(2-3)-(0-1)],9.012222290039062e-05,0.06340289115905762,6,False,0
WtfIID_GH_a@A@B__WWA@?WC?_G?_G?wC?CB??cG??w_??v,[(20-23)-(17-18)-(15-22)-(13-14)-(12-21)-(10-11)-(9-19)-(8-16)-(6-7)-(4-5)-(2-3)-(0-1)],9.274482727050781e-05,0.021033763885498047,2,True,0
WtfIID_GH_a@A@B__WWA@?WC?_G?_G?wC?CB??cG??w_??v,[(18-20)-(17-23)-(15-22)-(13-14)-(12-21)-(10-11)-(9-19)-(8-16)-(6-7)-(4-5)-(2-3)-(0-1)],9.036064147949219e-05,0.0769503116607666,8,True,0
WtfIID_GH_a@A@B__WWA@?WC?_G?_G?wC?CB??cG??w_??v,[(18-20)-(17-23)-(15-22)-(13-14)-(12-21)-(10-11)-(9-19)-(8-16)-(6-7)-(4-5)-(2-3)-(0-1)],9.393692016601562e-05,0.02840113639831543,3,True,0
WtfIID_GH_b?B`?p_GGB@?GC?OG?oG?WC??`??MG??X_??|,[(22-23)-(15-21)-(14-20)-(12-13)-(11-19)-(10-18)-(9-17)-(8-16)-(6-7)-(4-5)-(2-3)-(0-1)],9.250640869140625e-05,0.07506251335144043,15,False,0
WtfIID_GH_b?B`?p_GGB@?GC?OG?oG?WC??`??MG??X_??|,[(22-23)-(15-21)-(14-20)-(12-13)-(11-19)-(10-18)-(9-17)-(8-16)-(6-7)-(4-5)-(2-3)-(0-1)],9.632110595703125e-05,0.04703402519226074,5,True,0
WtfIID_GH_b?B`?p_GGB@?GC?OG?oG?WC??`??MG??X_??|,[(22-23)-(20-21)-(14-15)-(12-13)-(11-19)-(10-18)-(9-17)-(8-16)-(6-7)-(4-5)-(2-3)-(0-1)],9.632110595703125e-05,0.0799257755279541,16,False,0
WtfIID_GH_b?B`?p_GGB@?GC?OG?oG?WC??`??MG??X_??|,[(22-23)-(20-21)-(14-15)-(12-13)-(11-19)-(10-18)-(9-17)-(8-16)-(6-7)-(4-5)-(2-3)-(0-1)],0.0001010894775390625,0.05390119552612305,6,True,0
WtfIID_GH_b?B`?p_GGB@?GC?OG?oG?WC??`??MG??X_??|,[(21-22)-(20-23)-(14-15)-(12-13)-(11-19)-(10-18)-(9-17)-(8-16)-(6-7)-(4-5)-(2-3)-(0-1)],9.72747802734375e-05,0.07117342948913574,10,True,0
WtfIID_GH_b?B`?p_GGB@?GC?OG?oG?WC??`??MG??X_??|,[(21-22)-(20-23)-(14-15)-(12-13)-(11-19)-(10-18)-(9-17)-(8-16)-(6-7)-(4-5)-(2-3)-(0-1)],9.298324584960938e-05,0.04624629020690918,5,True,0
WtfIID_GH_b?B`?p_GGB@?GC?OG?oG?WC??`??MG??X_??|,[(22-23)-(19-20)-(15-21)-(13-14)-(11-12)-(10-18)-(9-17)-(8-16)-(6-7)-(4-5)-(2-3)-(0-1)],9.059906005859375e-05,0.06033921241760254,7,True,0
WtfIID_GH_b?B`?p_GGB@?GC?OG?oG?WC??`??MG??X_??|,[(22-23)-(19-20)-(15-21)-(13-14)-(11-12)-(10-18)-(9-17)-(8-16)-(6-7)-(4-5)-(2-3)-(0-1)],9.584426879882812e-05,0.04047989845275879,5,True,0
WtfIID_GH_b?B`?p_GGB@?GC?OG?oG?WC??`??MG??X_??|,[(20-22)-(19-23)-(15-21)-(13-14)-(11-12)-(10-18)-(9-17)-(8-16)-(6-7)-(4-5)-(2-3)-(0-1)],9.274482727050781e-05,0.05651354789733887,6,True,0
WtfIID_GH_b?B`?p_GGB@?GC?OG?oG?WC??`??MG??X_??|,[(20-22)-(19-23)-(15-21)-(13-14)-(11-12)-(10-18)-(9-17)-(8-16)-(6-7)-(4-5)-(2-3)-(0-1)],9.512901306152344e-05,0.030666112899780273,3,False,0
WtfIID_GH_b?B`?p_GGB@?GC?OG?oG?WC??`??MG??X_??|,[(20-22)-(18-23)-(15-21)-(13-14)-(11-12)-(10-19)-(9-17)-(8-16)-(6-7)-(4-5)-(2-3)-(0-1)],0.00010323524475097656,0.02949357032775879,3,True,0
WtfIID_GH_b?B`?p_GGB@?GC?OG?oG?WC??`??MG??X_??|,[(20-22)-(18-23)-(15-21)-(13-14)-(11-12)-(10-19)-(9-17)-(8-16)-(6-7)-(4-5)-(2-3)-(0-1)],9.202957153320312e-05,0.06783318519592285,8,True,0
WtfIID_GH_b?B`?p_GGB@?GC?OG?oG?WC??`??MG??X_??|,[(20-23)-(17-22)-(15-21)-(13-14)-(11-12)-(10-19)-(9-18)-(8-16)-(6-7)-(4-5)-(2-3)-(0-1)],9.179115295410156e-05,0.06364560127258301,7,True,0
WtfIID_GH_b?B`?p_GGB@?GC?OG?oG?WC??`??MG??X_??|,[(20-23)-(17-22)-(15-21)-(13-14)-(11-12)-(10-19)-(9-18)-(8-16)-(6-7)-(4-5)-(2-3)-(0-1)],0.00011372566223144531,0.02089548110961914,2,True,0
WtfIID_GH_b?B`?p_GGB@?GC?OG?oG?WC??`??MG??X_??|,[(20-22)-(17-23)-(15-21)-(13-14)-(11-12)-(10-19)-(9-18)-(8-16)-(6-7)-(4-5)-(2-3)-(0-1)],9.012222290039062e-05,0.1281280517578125,22,False,0
WtfIID_GH_b?B`?p_GGB@?GC?OG?oG?WC??`??MG??X_??|,[(20-22)-(17-23)-(15-21)-(13-14)-(11-12)-(10-19)-(9-18)-(8-16)-(6-7)-(4-5)-(2-3)-(0-1)],0.00013780593872070312,0.055808305740356445,7,True,0
WtfIID_GH_b?B`?p_GGB@?GC?OG?oG?WC??`??MG??X_??|,[(22-23)-(17-18)-(15-21)-(14-20)-(12-13)-(11-19)-(9-10)-(8-16)-(6-7)-(4-5)-(2-3)-(0-1)],9.012222290039062e-05,0.07794618606567383,10,True,0
WtfIID_GH_b?B`?p_GGB@?GC?OG?oG?WC??`??MG??X_??|,[(22-23)-(17-18)-(15-21)-(14-20)-(12-13)-(11-19)-(9-10)-(8-16)-(6-7)-(4-5)-(2-3)-(0-1)],0.0001671314239501953,0.04662132263183594,5,True,0
WtfIID_GH_b?B`?p_GGB@?GC?OG?oG?WC??`??MG??X_??|,[(18-23)-(17-22)-(15-21)-(14-20)-(12-13)-(11-19)-(9-10)-(8-16)-(6-7)-(4-5)-(2-3)-(0-1)],9.274482727050781e-05,0.05259442329406738,6,True,0
WtfIID_GH_b?B`?p_GGB@?GC?OG?oG?WC??`??MG??X_??|,[(18-23)-(17-22)-(15-21)-(14-20)-(12-13)-(11-19)-(9-10)-(8-16)-(6-7)-(4-5)-(2-3)-(0-1)],9.465217590332031e-05,0.04804277420043945,5,True,0
W|eII@`KGo@`@`?__WGA@?OC?oG?oG?[C?@@??[G??p_?@t,[(22-23)-(19-20)-(14-15)-(13-21)-(10-11)-(9-18)-(8-17)-(7-16)-(6-12)-(4-5)-(2-3)-(0-1)],9.5367431640625e-05,0.013787031173706055,1,True,0
W|eII@`KGo@`@`?__WGA@?OC?oG?oG?[C?@@??[G??p_?@t,[(22-23)-(19-20)-(14-15)-(13-21)-(10-11)-(9-18)-(8-17)-(7-16)-(6-12)-(4-5)-(2-3)-(0-1)],9.34600830078125e-05,0.02753472328186035,3,True,0
W|eII@`KGo@`@`?__WGA@?OC?oG?oG?[C?@@??[G??p_?@t,[(22-23)-(19-20)-(15-21)-(13-14)-(10-11)-(9-18)-(8-17)-(7-16)-(6-12)-(4-5)-(2-3)-(0-1)],9.083747863769531e-05,0.02066636085510254,2,True,0
W|eII@`KGo@`@`?__WGA@?OC?oG?oG?[C?@@??[G??p_?@t,[(22-23)-(19-20)-(15-21)-(13-14)-(10-11)-(9-18)-(8-17)-(7-16)-(6-12)-(4-5)-(2-3)-(0-1)],9.441375732421875e-05,0.04314017295837402,5,True,0
W|eII@`KGo@`@`?__WGA@?OC?oG?oG?[C?@@??[G??p_?@t,[(17-23)-(15-22)-(14-21)-(13-20)-(11-19)-(10-18)-(8-9)-(7-16)-(6-12)-(4-5)-(2-3)-(0-1)],0.000110626220703125,0.015136003494262695,1,True,0
W|eII@`KGo@`@`?__WGA@?OC?oG?oG?[C?@@??[G??p_?@t,[(17-23)-(15-22)-(14-21)-(13-20)-(11-19)-(10-18)-(8-9)-(7-16)-(6-12)-(4-5)-(2-3)-(0-1)],9.250640869140625e-05,0.11095094680786133,19,False,0
W|eII@`KGo@`@`?__WGA@?OC?oG?oG?[C?@@??[G??p_?@t,[(21-22)-(17-23)-(14-15)-(13-20)-(11-19)-(10-18)-(8-9)-(7-16)-(6-12)-(4-5)-(2-3)-(0-1)],8.96453857421875e-05,0.05782485008239746,13,False,0
W|eII@`KGo@`@`?__WGA@?OC?oG?oG?[C?@@??[G??p_?@t,[(21-22)-(17-23)-(14-15)-(13-20)-(11-19)-(10-18)-(8-9)-(7-16)-(6-12)-(4-5)-(2-3)-(0-1)],9.226799011230469e-05,0.13270998001098633,21,False,0
W|eII@`KGo@`@`?__WGA@?OC?oG?oG?[C?@@??[G??p_?@t,[(20-22)-(17-23)-(14-15)-(13-21)-(11-19)-(10-18)-(8-9)-(7-16)-(6-12)-(4-5)-(2-3)-(0-1)],8.96453857421875e-05,0.07122611999511719,15,False,0
W|eII@`KGo@`@`?__WGA@?OC?oG?oG?[C?@@??[G??p_?@t,[(20-22)-(17-23)-(14-15)-(13-21)-(11-19)-(10-18)-(8-9)-(7-16)-(6-12)-(4-5)-(2-3)-(0-1)],9.322166442871094e-05,0.07145524024963379,8,True,0
W|eII@`KGo@`@`?__WGA@?OC?oG?oG?[C?@@??[G??p_?@t,[(20-22)-(17-23)-(15-21)-(13-14)-(11-19)-(10-18)-(8-9)-(7-16)-(6-12)-(4-5)-(2-3)-(0-1)],9.107589721679688e-05,0.051238059997558594,5,False,0
W|eII@`KGo@`@`?__WGA@?OC?oG?oG?[C?@@??[G??p_?@t,[(20-22)-(17-23)-(15-21)-(13-14)-(11-19)-(10-18)-(8-9)-(7-16)-(6-12)-(4-5)-(2-3)-(0-1)],9.512901306152344e-05,0.06177473068237305,6,True,0
W|eII@`KGo@`@`?__WGA@?OC?oG?oG?[C?@@??[G??p_?@t,[(20-21)-(17-23)-(15-22)-(13-14)-(11-19)-(10-18)-(8-9)-(7-16)-(6-12)-(4-5)-(2-3)-(0-1)],9.083747863769531e-05,0.03955388069152832,4,True,0
W|eII@`KGo@`@`?__WGA@?OC?oG?oG?[C?@@??[G??p_?@t,[(20-21)-(17-23)-(15-22)-(13-14)-(11-19)-(10-18)-(8-9)-(7-16)-(6-12)-(4-5)-(2-3)-(0-1)],9.393692016601562e-05,0.054490089416503906,6,True,0
W|eII@`KGo@`@`?__WGA@?OC?oG?oG?[C?@@??[G??p_?@t,[(18-19)-(17-23)-(15-22)-(14-21)-(13-20)-(10-11)-(8-9)-(7-16)-(6-12)-(4-5)-(2-3)-(0-1)],9.107589721679688e-05,0.015799760818481445,1,True,0
W|eII@`KGo@`@`?__WGA@?OC?oG?oG?[C?@@??[G??p_?@t,[(18-19)-(17-23)-(15-22)-(14-21)-(13-20)-(10-11)-(8-9)-(7-16)-(6-12)-(4-5)-(2-3)-(0-1)],0.00010371208190917969,0.11631441116333008,19,False,0
W|eII@`KGo@`@`?__WGA@?OC?oG?oG?[C?@@??[G??p_?@t,[(21-22)-(18-19)-(17-23)-(14-15)-(13-20)-(10-11)-(8-9)-(7-16)-(6-12)-(4-5)-(2-3)-(0-1)],9.799003601074219e-05,0.057074785232543945,13,False,0
W|eII@`KGo@`@`?__WGA@?OC?oG?oG?[C?@@??[G??p_?@t,[(21-22)-(18-19)-(17-23)-(14-15)-(13-20)-(10-11)-(8-9)-(7-16)-(6-12)-(4-5)-(2-3)-(0-1)],9.489059448242188e-05,0.12181639671325684,19,False,0
W|eII@`KGo@`@`?__WGA@?OC?oG?oG?[C?@@??[G??p_?@t,[(22-23)-(19-20)-(17-18)-(14-15)-(13-21)-(10-11)-(8-9)-(7-16)-(6-12)-(4-5)-(2-3)-(0-1)],9.226799011230469e-05,0.02236318588256836,2,True,0
W|eII@`KGo@`@`?__WGA@?OC?oG?oG?[C?@@??[G??p_?@t,[(22-23)-(19-20)-(17-18)-(14-15)-(13-21)-(10-11)-(8-9)-(7-16)-(6-12)-(4-5)-(2-3)-(0-1)],9.489059448242188e-05,0.04230141639709473,4,False,0
WtfIID`GH?a@E?B?_OGE??[C?WW?WG?GC?E@??wG?@B_?EX,[(15-23)-(14-22)-(13-21)-(12-20)-(11-19)-(10-18)-(9-17)-(8-16)-(6-7)-(4-5)-(2-3)-(0-1)],9.298324584960938e-05,0.022972583770751953,2,True,0
WtfIID`GH?a@E?B?_OGE??[C?WW?WG?GC?E@??wG?@B_?EX,[(15-23)-(14-22)-(13-21)-(12-20)-(11-19)-(10-18)-(9-17)-(8-16)-(6-7)-(4-5)-(2-3)-(0-1)],9.250640869140625e-05,0.052397727966308594,5,False,0
WtfIID`GH?a@E?B?_OGE??[C?WW?WG?GC?E@??wG?@B_?EX,[(21-22)-(15-23)-(13-14)-(12-20)-(11-19)-(10-18)-(9-17)-(8-16)-(6-7)-(4-5)-(2-3)-(0-1)],0.00011610984802246094,0.02318716049194336,2,True,0
WtfIID`GH?a@E?B?_OGE??[C?WW?WG?GC?E@??wG?@B_?EX,[(21-22)-(15-23)-(13-14)-(12-20)-(11-19)-(10-18)-(9-17)-(8-16)-(6-7)-(4-5)-(2-3)-(0-1)],9.107589721679688e-05,0.04309201240539551,4,False,0
WtfIID`GH?a@E?B?_OGE??[C?WW?WG?GC?E@??wG?@B_?EX,[(20-22)-(15-23)-(13-14)-(12-21)-(11-19)-(10-18)-(9-17)-(8-16)-(6-7)-(4-5)-(2-3)-(0-1)],9.202957153320312e-05,0.032791852951049805,3,True,0
WtfIID`GH?a@E?B?_OGE??[C?WW?WG?GC?E@??wG?@B_?EX,[(20-22)-(15-23)-(13-14)-(12-21)-(11-19)-(10-18)-(9-17)-(8-16)-(6-7)-(4-5)-(2-3)-(0-1)],9.393692016601562e-05,0.039788246154785156,4,True,0
WtfIID`GH?a@E?B?_OGE??[C?WW?WG?GC?E@??wG?@B_?EX,[(20-22)-(15-23)-(14-21)-(12-13)-(11-19)-(10-18)-(9-17)-(8-16)-(6-7)-(4-5)-(2-3)-(0-1)],9.441375732421875e-05,0.06764101982116699,14,False,0
WtfIID`GH?a@E?B?_OGE??[C?WW?WG?GC?E@??wG?@B_?EX,[(20-22)-(15-23)-(14-21)-(12-13)-(11-19)-(10-18)-(9-17)-(8-16)-(6-7)-(4-5)-(2-3)-(0-1)],9.34600830078125e-05,0.03467249870300293,4,False,0
WtfIID`GH?a@E?B?_OGE??[C?WW?WG?GC?E@??wG?@B_?EX,[(20-21)-(15-23)-(14-22)-(12-13)-(11-19)-(10-18)-(9-17)-(8-16)-(6-7)-(4-5)-(2-3)-(0-1)],8.940696716308594e-05,0.03089118003845215,3,True,0
WtfIID`GH?a@E?B?_OGE??[C?WW?WG?GC?E@??wG?@B_?EX,[(20-21)-(15-23)-(14-22)-(12-13)-(11-19)-(10-18)-(9-17)-(8-16)-(6-7)-(4-5)-(2-3)-(0-1)],9.417533874511719e-05,0.030482769012451172,3,True,0
WtfIID`GH?a@E?B?_OGE??[C?WW?WG?GC?E@??wG?@B_?EX,[(19-22)-(15-23)-(13-14)-(12-21)-(11-20)-(10-18)-(9-17)-(8-16)-(6-7)-(4-5)-(2-3)-(0-1)],0.00013256072998046875,0.03765225410461426,4,True,0
WtfIID`GH?a@E?B?_OGE??[C?WW?WG?GC?E@??wG?@B_?EX,[(19-22)-(15-23)-(13-14)-(12-21)-(11-20)-(10-18)-(9-17)-(8-16)-(6-7)-(4-5)-(2-3)-(0-1)],9.751319885253906e-05,0.038213253021240234,4,True,0
WtfIID`GH?a@E?B?_OGE??[C?WW?WG?GC?E@??wG?@B_?EX,[(19-22)-(15-23)-(14-21)-(12-13)-(11-20)-(10-18)-(9-17)-(8-16)-(6-7)-(4-5)-(2-3)-(0-1)],9.1552734375e-05,0.04488945007324219,5,True,0
WtfIID`GH?a@E?B?_OGE??[C?WW?WG?GC?E@??wG?@B_?EX,[(19-22)-(15-23)-(14-21)-(12-13)-(11-20)-(10-18)-(9-17)-(8-16)-(6-7)-(4-5)-(2-3)-(0-1)],9.560585021972656e-05,0.05349230766296387,6,True,0
WtfIID`GH?a@E?B?_OGE??[C?WW?WG?GC?E@??wG?@B_?EX,[(18-19)-(15-23)-(14-22)-(13-21)-(12-20)-(10-11)-(9-17)-(8-16)-(6-7)-(4-5)-(2-3)-(0-1)],8.893013000488281e-05,0.03057408332824707,3,True,0
WtfIID`GH?a@E?B?_OGE??[C?WW?WG?GC?E@??wG?@B_?EX,[(18-19)-(15-23)-(14-22)-(13-21)-(12-20)-(10-11)-(9-17)-(8-16)-(6-7)-(4-5)-(2-3)-(0-1)],9.369850158691406e-05,0.05147671699523926,5,False,0
WtfIID`GH?a@E?B?_OGE??[C?WW?WG?GC?E@??wG?@B_?EX,[(21-22)-(18-19)-(15-23)-(13-14)-(12-20)-(10-11)-(9-17)-(8-16)-(6-7)-(4-5)-(2-3)-(0-1)],9.226799011230469e-05,0.030663728713989258,3,True,0
WtfIID`GH?a@E?B?_OGE??[C?WW?WG?GC?E@??wG?@B_?EX,[(21-22)-(18-19)-(15-23)-(13-14)-(12-20)-(10-11)-(9-17)-(8-16)-(6-7)-(4-5)-(2-3)-(0-1)],0.00010085105895996094,0.04207563400268555,4,False,0
WtfIID`GH?a@E?B?_OGE??[C?WW?WG?GC?E@??wG?@B_?EX,[(20-22)-(18-19)-(15-23)-(13-14)-(12-21)-(10-11)-(9-17)-(8-16)-(6-7)-(4-5)-(2-3)-(0-1)],0.00010156631469726562,0.04330849647521973,4,True,0
WtfIID`GH?a@E?B?_OGE??[C?WW?WG?GC?E@??wG?@B_?EX,[(20-22)-(18-19)-(15-23)-(13-14)-(12-21)-(10-11)-(9-17)-(8-16)-(6-7)-(4-5)-(2-3)-(0-1)],9.250640869140625e-05,0.038584232330322266,4,True,0
W|eAID`K?o`@B@@?_oGE??WC?oG?wG?M??@`??KG??w_??^,[(22-23)-(15-21)-(14-20)-(12-13)-(11-19)-(9-18)-(8-17)-(7-16)-(5-6)-(4-10)-(2-3)-(0-1)],9.298324584960938e-05,0.0161287784576416,1,True,0
W|eAID`K?o`@B@@?_oGE??WC?oG?wG?M??@`??KG??w_??^,[(22-23)-(15-21)-(14-20)-(12-13)-(11-19)-(9-18)-(8-17)-(7-16)-(5-6)-(4-10)-(2-3)-(0-1)],0.00010204315185546875,0.06412124633789062,6,False,0
W|eAID`K?o`@B@@?_oGE??WC?oG?wG?M??@`??KG??w_??^,[(21-23)-(15-22)-(14-20)-(12-13)-(11-19)-(9-18)-(8-17)-(7-16)-(5-6)-(4-10)-(2-3)-(0-1)],9.250640869140625e-05,0.024017810821533203,2,False,0
W|eAID`K?o`@B@@?_oGE??WC?oG?wG?M??@`??KG??w_??^,[(21-23)-(15-22)-(14-20)-(12-13)-(11-19)-(9-18)-(8-17)-(7-16)-(5-6)-(4-10)-(2-3)-(0-1)],9.226799011230469e-05,0.17292571067810059,23,False,0
W|eAID`K?o`@B@@?_oGE??WC?oG?wG?M??@`??KG??w_??^,[(20-23)-(15-22)-(14-21)-(12-13)-(11-19)-(9-18)-(8-17)-(7-16)-(5-6)-(4-10)-(2-3)-(0-1)],9.107589721679688e-05,0.02875375747680664,3,True,0
W|eAID`K?o`@B@@?_oGE??WC?oG?wG?M??@`??KG??w_??^,[(20-23)-(15-22)-(14-21)-(12-13)-(11-19)-(9-18)-(8-17)-(7-16)-(5-6)-(4-10)-(2-3)-(0-1)],9.489059448242188e-05,0.05228090286254883,5,True,0
W|eAID`K?o`@B@@?_oGE??WC?oG?wG?M??@`??KG??w_??^,[(22-23)-(15-21)-(14-20)-(13-19)-(11-12)-(9-18)-(8-17)-(7-16)-(5-6)-(4-10)-(2-3)-(0-1)],9.655952453613281e-05,0.02194523811340332,2,True,0
W|eAID`K?o`@B@@?_oGE??WC?oG?wG?M??@`??KG??w_??^,[(22-23)-(15-21)-(14-20)-(13-19)-(11-12)-(9-18)-(8-17)-(7-16)-(5-6)-(4-10)-(2-3)-(0-1)],9.298324584960938e-05,0.07690739631652832,7,False,0
W|eAID`K?o`@B@@?_oGE??WC?oG?wG?M??@`??KG??w_??^,[(21-23)-(15-22)-(14-20)-(13-19)-(11-12)-(9-18)-(8-17)-(7-16)-(5-6)-(4-10)-(2-3)-(0-1)],9.298324584960938e-05,0.07639765739440918,7,False,0
W|eAID`K?o`@B@@?_oGE??WC?oG?wG?M??@`??KG??w_??^,[(21-23)-(15-22)-(14-20)-(13-19)-(11-12)-(9-18)-(8-17)-(7-16)-(5-6)-(4-10)-(2-3)-(0-1)],9.655952453613281e-05,0.0285031795501709,3,True,0
W|eAID`K?o`@B@@?_oGE??WC?oG?wG?M??@`??KG??w_??^,[(20-23)-(15-22)-(14-21)-(13-19)-(11-12)-(9-18)-(8-17)-(7-16)-(5-6)-(4-10)-(2-3)-(0-1)],9.1552734375e-05,0.06757926940917969,6,False,0
W|eAID`K?o`@B@@?_oGE??WC?oG?wG?M??@`??KG??w_??^,[(20-23)-(15-22)-(14-21)-(13-19)-(11-12)-(9-18)-(8-17)-(7-16)-(5-6)-(4-10)-(2-3)-(0-1)],9.608268737792969e-05,0.047272682189941406,5,True,0
W|eAID`K?o`@B@@?_oGE??WC?oG?wG?M??@`??KG??w_??^,[(19-23)-(15-22)-(14-21)-(13-20)-(11-12)-(9-18)-(8-17)-(7-16)-(5-6)-(4-10)-(2-3)-(0-1)],8.96453857421875e-05,0.0794529914855957,16,False,0
W|eAID`K?o`@B@@?_oGE??WC?oG?wG?M??@`??KG??w_??^,[(19-23)-(15-22)-(14-21)-(13-20)-(11-12)-(9-18)-(8-17)-(7-16)-(5-6)-(4-10)-(2-3)-(0-1)],9.465217590332031e-05,0.03676629066467285,4,True,0
W|eAID`K?o`@B@@?_oGE??WC?oG?wG?M??@`??KG??w_??^,[(22-23)-(19-20)-(15-21)-(13-14)-(11-12)-(9-18)-(8-17)-(7-16)-(5-6)-(4-10)-(2-3)-(0-1)],9.107589721679688e-05,0.09527039527893066,10,False,0
W|eAID`K?o`@B@@?_oGE??WC?oG?wG?M??@`??KG??w_??^,[(22-23)-(19-20)-(15-21)-(13-14)-(11-12)-(9-18)-(8-17)-(7-16)-(5-6)-(4-10)-(2-3)-(0-1)],9.441375732421875e-05,0.010644912719726562,1,True,0
W|eAID`K?o`@B@@?_oGE??WC?oG?wG?M??@`??KG??w_??^,[(21-23)-(19-20)-(15-22)-(13-14)-(11-12)-(9-18)-(8-17)-(7-16)-(5-6)-(4-10)-(2-3)-(0-1)],9.226799011230469e-05,0.07869267463684082,16,False,0
W|eAID`K?o`@B@@?_oGE??WC?oG?wG?M??@`??KG??w_??^,[(21-23)-(19-20)-(15-22)-(13-14)-(11-12)-(9-18)-(8-17)-(7-16)-(5-6)-(4-10)-(2-3)-(0-1)],9.965896606445312e-05,0.03958320617675781,4,False,0
W|eAID`K?o`@B@@?_oGE??WC?oG?wG?M??@`??KG??w_??^,[(20-21)-(19-23)-(15-22)-(13-14)-(11-12)-(9-18)-(8-17)-(7-16)-(5-6)-(4-10)-(2-3)-(0-1)],8.916854858398438e-05,0.028566837310791016,3,True,0
W|eAID`K?o`@B@@?_oGE??WC?oG?wG?M??@`??KG??w_??^,[(20-21)-(19-23)-(15-22)-(13-14)-(11-12)-(9-18)-(8-17)-(7-16)-(5-6)-(4-10)-(2-3)-(0-1)],0.00010204315185546875,0.0755763053894043,7,False,0
WtbIID`GH_a@E@A?`?GK@?oC@oG?o??GC?F@??WW?@E_?Bp,[(15-23)-(14-22)-(13-21)-(12-20)-(11-19)-(10-18)-(8-9)-(7-17)-(6-16)-(4-5)-(2-3)-(0-1)],9.775161743164062e-05,0.04900956153869629,5,True,0
WtbIID`GH_a@E@A?`?GK@?oC@oG?o??GC?F@??WW?@E_?Bp,[(15-23)-(14-22)-(13-21)-(12-20)-(11-19)-(10-18)-(8-9)-(7-17)-(6-16)-(4-5)-(2-3)-(0-1)],9.560585021972656e-05,0.07097768783569336,15,False,0
WtbIID`GH_a@E@A?`?GK@?oC@oG?o??GC?F@??WW?@E_?Bp,[(22-23)-(14-15)-(13-21)-(12-20)-(11-19)-(10-18)-(8-9)-(7-17)-(6-16)-(4-5)-(2-3)-(0-1)],0.00013303756713867188,0.038800954818725586,4,True,0
WtbIID`GH_a@E@A?`?GK@?oC@oG?o??GC?F@??WW?@E_?Bp,[(22-23)-(14-15)-(13-21)-(12-20)-(11-19)-(10-18)-(8-9)-(7-17)-(6-16)-(4-5)-(2-3)-(0-1)],9.584426879882812e-05,0.0850520133972168,16,False,0
WtbIID`GH_a@E@A?`?GK@?oC@oG?o??GC?F@??WW?@E_?Bp,[(21-22)-(15-23)-(13-14)-(12-20)-(11-19)-(10-18)-(8-9)-(7-17)-(6-16)-(4-5)-(2-3)-(0-1)],9.1552734375e-05,0.06418800354003906,7,True,0
WtbIID`GH_a@E@A?`?GK@?oC@oG?o??GC?F@??WW?@E_?Bp,[(21-22)-(15-23)-(13-14)-(12-20)-(11-19)-(10-18)-(8-9)-(7-17)-(6-16)-(4-5)-(2-3)-(0-1)],9.059906005859375e-05,0.04433131217956543,4,True,0
WtbIID`GH_a@E@A?`?GK@?oC@oG?o??GC?F@??WW?@E_?Bp,[(20-21)-(15-23)-(14-22)-(12-13)-(11-19)-(10-18)-(8-9)-(7-17)-(6-16)-(4-5)-(2-3)-(0-1)],9.036064147949219e-05,0.07970690727233887,16,False,0
WtbIID`GH_a@E@A?`?GK@?oC@oG?o??GC?F@??WW?@E_?Bp,[(20-21)-(15-23)-(14-22)-(12-13)-(11-19)-(10-18)-(8-9)-(7-17)-(6-16)-(4-5)-(2-3)-(0-1)],9.083747863769531e-05,0.09717440605163574,19,False,0
WtbIID`GH_a@E@A?`?GK@?oC@oG?o??GC?F@??WW?@E_?Bp,[(22-23)-(20-21)-(14-15)-(12-13)-(11-19)-(10-18)-(8-9)-(7-17)-(6-16)-(4-5)-(2-3)-(0-1)],9.1552734375e-05,0.0222623348236084,2,False,0
WtbIID`GH_a@E@A?`?GK@?oC@oG?o??GC?F@??WW?@E_?Bp,[(22-23)-(20-21)-(14-15)-(12-13)-(11-19)-(10-18)-(8-9)-(7-17)-(6-16)-(4-5)-(2-3)-(0-1)],9.465217590332031e-05,0.10864543914794922,20,False,0
WtbIID`GH_a@E@A?`?GK@?oC@oG?o??GC?F@??WW?@E_?Bp,[(19-22)-(15-23)-(14-21)-(12-13)-(11-20)-(10-18)-(8-9)-(7-17)-(6-16)-(4-5)-(2-3)-(0-1)],9.202957153320312e-05,0.02920389175415039,3,True,0
WtbIID`GH_a@E@A?`?GK@?oC@oG?o??GC?F@??WW?@E_?Bp,[(19-22)-(15-23)-(14-21)-(12-13)-(11-20)-(10-18)-(8-9)-(7-17)-(6-16)-(4-5)-(2-3)-(0-1)],9.608268737792969e-05,0.05863380432128906,6,True,0
WtbIID`GH_a@E@A?`?GK@?oC@oG?o??GC?F@??WW?@E_?Bp,[(19-21)-(15-23)-(14-22)-(12-13)-(11-20)-(10-18)-(8-9)-(7-17)-(6-16)-(4-5)-(2-3)-(0-1)],9.369850158691406e-05,0.028581619262695312,3,True,0
WtbIID`GH_a@E@A?`?GK@?oC@oG?o??GC?F@??WW?@E_?Bp,[(19-21)-(15-23)-(14-22)-(12-13)-(11-20)-(10-18)-(8-9)-(7-17)-(6-16)-(4-5)-(2-3)-(0-1)],9.512901306152344e-05,0.0915215015411377,18,False,0
WtbIID`GH_a@E@A?`?GK@?oC@oG?o??GC?F@??WW?@E_?Bp,[(22-23)-(19-21)-(14-15)-(12-13)-(11-20)-(10-18)-(8-9)-(7-17)-(6-16)-(4-5)-(2-3)-(0-1)],9.655952453613281e-05,0.05558419227600098,6,True,0
WtbIID`GH_a@E@A?`?GK@?oC@oG?o??GC?F@??WW?@E_?Bp,[(22-23)-(19-21)-(14-15)-(12-13)-(11-20)-(10-18)-(8-9)-(7-17)-(6-16)-(4-5)-(2-3)-(0-1)],9.393692016601562e-05,0.053595542907714844,5,False,0
WtbIID`GH_a@E@A?`?GK@?oC@oG?o??GC?F@??WW?@E_?Bp,[(19-22)-(15-23)-(14-21)-(13-20)-(11-12)-(10-18)-(8-9)-(7-17)-(6-16)-(4-5)-(2-3)-(0-1)],0.00013256072998046875,0.049715518951416016,5,True,0
WtbIID`GH_a@E@A?`?GK@?oC@oG?o??GC?F@??WW?@E_?Bp,[(19-22)-(15-23)-(14-21)-(13-20)-(11-12)-(10-18)-(8-9)-(7-17)-(6-16)-(4-5)-(2-3)-(0-1)],9.489059448242188e-05,0.037370920181274414,4,True,0
WtbIID`GH_a@E@A?`?GK@?oC@oG?o??GC?F@??WW?@E_?Bp,[(19-21)-(15-23)-(14-22)-(13-20)-(11-12)-(10-18)-(8-9)-(7-17)-(6-16)-(4-5)-(2-3)-(0-1)],9.1552734375e-05,0.02094554901123047,2,True,0
WtbIID`GH_a@E@A?`?GK@?oC@oG?o??GC?F@??WW?@E_?Bp,[(19-21)-(15-23)-(14-22)-(13-20)-(11-12)-(10-18)-(8-9)-(7-17)-(6-16)-(4-5)-(2-3)-(0-1)],9.179115295410156e-05,0.08500266075134277,17,False,0
W|eIID_GG_a@A@B?_oGE@?O?@_G@_G?oC?KH?@e??F__?@{,[(16-23)-(14-15)-(13-22)-(12-21)-(11-20)-(10-19)-(9-18)-(8-17)-(6-7)-(4-5)-(2-3)-(0-1)],9.059906005859375e-05,0.030609130859375,3,False,0
W|eIID_GG_a@A@B?_oGE@?O?@_G@_G?oC?KH?@e??F__?@{,[(16-23)-(14-15)-(13-22)-(12-21)-(11-20)-(10-19)-(9-18)-(8-17)-(6-7)-(4-5)-(2-3)-(0-1)],9.1552734375e-05,0.014003276824951172,1,True,0
W|eIID_GG_a@A@B?_oGE@?O?@_G@_G?oC?KH?@e??F__?@{,[(16-23)-(15-22)-(13-14)-(12-21)-(11-20)-(10-19)-(9-18)-(8-17)-(6-7)-(4-5)-(2-3)-(0-1)],9.34600830078125e-05,0.03829050064086914,4,True,0
W|eIID_GG_a@A@B?_oGE@?O?@_G@_G?oC?KH?@e??F__?@{,[(16-23)-(15-22)-(13-14)-(12-21)-(11-20)-(10-19)-(9-18)-(8-17)-(6-7)-(4-5)-(2-3)-(0-1)],9.489059448242188e-05,0.02069401741027832,2,True,0
W|eIID_GG_a@A@B?_oGE@?O?@_G@_G?oC?KH?@e??F__?@{,[(16-23)-(15-21)-(13-14)-(12-22)-(11-20)-(10-19)-(9-18)-(8-17)-(6-7)-(4-5)-(2-3)-(0-1)],9.560585021972656e-05,0.03620028495788574,4,True,0
W|eIID_GG_a@A@B?_oGE@?O?@_G@_G?oC?KH?@e??F__?@{,[(16-23)-(15-21)-(13-14)-(12-22)-(11-20)-(10-19)-(9-18)-(8-17)-(6-7)-(4-5)-(2-3)-(0-1)],9.894371032714844e-05,0.021844863891601562,2,False,0
W|eIID_GG_a@A@B?_oGE@?O?@_G@_G?oC?KH?@e??F__?@{,[(16-23)-(15-21)-(14-22)-(12-13)-(11-20)-(10-19)-(9-18)-(8-17)-(6-7)-(4-5)-(2-3)-(0-1)],9.5367431640625e-05,0.103790283203125,19,False,0
W|eIID_GG_a@A@B?_oGE@?O?@_G@_G?oC?KH?@e??F__?@{,[(16-23)-(15-21)-(14-22)-(12-13)-(11-20)-(10-19)-(9-18)-(8-17)-(6-7)-(4-5)-(2-3)-(0-1)],9.298324584960938e-05,0.04105377197265625,5,True,0
W|eIID_GG_a@A@B?_oGE@?O?@_G@_G?oC?KH?@e??F__?@{,[(21-22)-(16-23)-(14-15)-(12-13)-(11-20)-(10-19)-(9-18)-(8-17)-(6-7)-(4-5)-(2-3)-(0-1)],9.083747863769531e-05,0.020477771759033203,2,True,0
W|eIID_GG_a@A@B?_oGE@?O?@_G@_G?oC?KH?@e??F__?@{,[(21-22)-(16-23)-(14-15)-(12-13)-(11-20)-(10-19)-(9-18)-(8-17)-(6-7)-(4-5)-(2-3)-(0-1)],9.465217590332031e-05,0.014932632446289062,1,True,0
W|eIID_GG_a@A@B?_oGE@?O?@_G@_G?oC?KH?@e??F__?@{,[(20-23)-(16-21)-(14-15)-(13-22)-(11-12)-(10-19)-(9-18)-(8-17)-(6-7)-(4-5)-(2-3)-(0-1)],8.845329284667969e-05,0.045058250427246094,5,True,0
W|eIID_GG_a@A@B?_oGE@?O?@_G@_G?oC?KH?@e??F__?@{,[(20-23)-(16-21)-(14-15)-(13-22)-(11-12)-(10-19)-(9-18)-(8-17)-(6-7)-(4-5)-(2-3)-(0-1)],9.441375732421875e-05,0.020755290985107422,2,True,0
W|eIID_GG_a@A@B?_oGE@?O?@_G@_G?oC?KH?@e??F__?@{,[(20-23)-(16-21)-(15-22)-(13-14)-(11-12)-(10-19)-(9-18)-(8-17)-(6-7)-(4-5)-(2-3)-(0-1)],8.940696716308594e-05,0.06006264686584473,7,True,0
W|eIID_GG_a@A@B?_oGE@?O?@_G@_G?oC?KH?@e??F__?@{,[(20-23)-(16-21)-(15-22)-(13-14)-(11-12)-(10-19)-(9-18)-(8-17)-(6-7)-(4-5)-(2-3)-(0-1)],9.489059448242188e-05,0.03911876678466797,4,False,0
W|eIID_GG_a@A@B?_oGE@?O?@_G@_G?oC?KH?@e??F__?@{,[(19-23)-(16-21)-(14-15)-(13-22)-(11-12)-(10-20)-(9-18)-(8-17)-(6-7)-(4-5)-(2-3)-(0-1)],9.131431579589844e-05,0.036606788635253906,4,True,0
W|eIID_GG_a@A@B?_oGE@?O?@_G@_G?oC?KH?@e??F__?@{,[(19-23)-(16-21)-(14-15)-(13-22)-(11-12)-(10-20)-(9-18)-(8-17)-(6-7)-(4-5)-(2-3)-(0-1)],9.512901306152344e-05,0.02200937271118164,2,False,0
W|eIID_GG_a@A@B?_oGE@?O?@_G@_G?oC?KH?@e??F__?@{,[(19-23)-(16-21)-(15-22)-(13-14)-(11-12)-(10-20)-(9-18)-(8-17)-(6-7)-(4-5)-(2-3)-(0-1)],9.1552734375e-05,0.03800845146179199,4,True,0
W|eIID_GG_a@A@B?_oGE@?O?@_G@_G?oC?KH?@e??F__?@{,[(19-23)-(16-21)-(15-22)-(13-14)-(11-12)-(10-20)-(9-18)-(8-17)-(6-7)-(4-5)-(2-3)-(0-1)],0.00010561943054199219,0.03677487373352051,4,True,0
W|eIID_GG_a@A@B?_oGE@?O?@_G@_G?oC?KH?@e??F__?@{,[(19-23)-(16-20)-(14-15)-(13-22)-(12-21)-(10-11)-(9-18)-(8-17)-(6-7)-(4-5)-(2-3)-(0-1)],0.00011086463928222656,0.04047226905822754,4,True,0
W|eIID_GG_a@A@B?_oGE@?O?@_G@_G?oC?KH?@e??F__?@{,[(19-23)-(16-20)-(14-15)-(13-22)-(12-21)-(10-11)-(9-18)-(8-17)-(6-7)-(4-5)-(2-3)-(0-1)],9.751319885253906e-05,0.021244049072265625,2,True,0
W|eIID_GG_a@A@B?_oGE@?Oc@_?@_G?oC?K@?@BG?Fo???},[(21-23)-(14-15)-(13-22)-(12-16)-(11-20)-(10-19)-(9-18)-(8-17)-(6-7)-(4-5)-(2-3)-(0-1)],9.441375732421875e-05,0.046301841735839844,5,False,0
W|eIID_GG_a@A@B?_oGE@?Oc@_?@_G?oC?K@?@BG?Fo???},[(21-23)-(14-15)-(13-22)-(12-16)-(11-20)-(10-19)-(9-18)-(8-17)-(6-7)-(4-5)-(2-3)-(0-1)],9.393692016601562e-05,0.014991998672485352,1,True,0
W|eIID_GG_a@A@B?_oGE@?Oc@_?@_G?oC?K@?@BG?Fo???},[(21-23)-(15-22)-(13-14)-(12-16)-(11-20)-(10-19)-(9-18)-(8-17)-(6-7)-(4-5)-(2-3)-(0-1)],8.916854858398438e-05,0.07542753219604492,15,False,0
W|eIID_GG_a@A@B?_oGE@?Oc@_?@_G?oC?K@?@BG?Fo???},[(21-23)-(15-22)-(13-14)-(12-16)-(11-20)-(10-19)-(9-18)-(8-17)-(6-7)-(4-5)-(2-3)-(0-1)],9.298324584960938e-05,0.02066349983215332,2,True,0
W|eIID_GG_a@A@B?_oGE@?Oc@_?@_G?oC?K@?@BG?Fo???},[(21-23)-(15-16)-(13-14)-(12-22)-(11-20)-(10-19)-(9-18)-(8-17)-(6-7)-(4-5)-(2-3)-(0-1)],8.988380432128906e-05,0.029139995574951172,3,False,0
W|eIID_GG_a@A@B?_oGE@?Oc@_?@_G?oC?K@?@BG?Fo???},[(21-23)-(15-16)-(13-14)-(12-22)-(11-20)-(10-19)-(9-18)-(8-17)-(6-7)-(4-5)-(2-3)-(0-1)],9.465217590332031e-05,0.02272629737854004,2,False,0
W|eIID_GG_a@A@B?_oGE@?Oc@_?@_G?oC?K@?@BG?Fo???},[(21-23)-(15-16)-(14-22)-(12-13)-(11-20)-(10-19)-(9-18)-(8-17)-(6-7)-(4-5)-(2-3)-(0-1)],9.131431579589844e-05,0.037729501724243164,4,True,0
W|eIID_GG_a@A@B?_oGE@?Oc@_?@_G?oC?K@?@BG?Fo???},[(21-23)-(15-16)-(14-22)-(12-13)-(11-20)-(10-19)-(9-18)-(8-17)-(6-7)-(4-5)-(2-3)-(0-1)],9.441375732421875e-05,0.027571678161621094,3,True,0
W|eIID_GG_a@A@B?_oGE@?Oc@_?@_G?oC?K@?@BG?Fo???},[(21-23)-(16-22)-(14-15)-(12-13)-(11-20)-(10-19)-(9-18)-(8-17)-(6-7)-(4-5)-(2-3)-(0-1)],9.751319885253906e-05,0.05749249458312988,13,False,0
W|eIID_GG_a@A@B?_oGE@?Oc@_?@_G?oC?K@?@BG?Fo???},[(21-23)-(16-22)-(14-15)-(12-13)-(11-20)-(10-19)-(9-18)-(8-17)-(6-7)-(4-5)-(2-3)-(0-1)],9.059906005859375e-05,0.013999700546264648,1,True,0
W|eIID_GG_a@A@B?_oGE@?Oc@_?@_G?oC?K@?@BG?Fo???},[(20-23)-(14-15)-(13-22)-(12-16)-(11-21)-(10-19)-(9-18)-(8-17)-(6-7)-(4-5)-(2-3)-(0-1)],9.226799011230469e-05,0.030933618545532227,3,False,0
W|eIID_GG_a@A@B?_oGE@?Oc@_?@_G?oC?K@?@BG?Fo???},[(20-23)-(14-15)-(13-22)-(12-16)-(11-21)-(10-19)-(9-18)-(8-17)-(6-7)-(4-5)-(2-3)-(0-1)],9.441375732421875e-05,0.0148773193359375,1,True,0
W|eIID_GG_a@A@B?_oGE@?Oc@_?@_G?oC?K@?@BG?Fo???},[(20-23)-(15-22)-(13-14)-(12-16)-(11-21)-(10-19)-(9-18)-(8-17)-(6-7)-(4-5)-(2-3)-(0-1)],9.322166442871094e-05,0.0800323486328125,16,False,0
W|eIID_GG_a@A@B?_oGE@?Oc@_?@_G?oC?K@?@BG?Fo???},[(20-23)-(15-22)-(13-14)-(12-16)-(11-21)-(10-19)-(9-18)-(8-17)-(6-7)-(4-5)-(2-3)-(0-1)],9.632110595703125e-05,0.020865678787231445,2,True,0
W|eIID_GG_a@A@B?_oGE@?Oc@_?@_G?oC?K@?@BG?Fo???},[(20-23)-(15-16)-(13-14)-(12-22)-(11-21)-(10-19)-(9-18)-(8-17)-(6-7)-(4-5)-(2-3)-(0-1)],0.00010728836059570312,0.03355216979980469,4,True,0
W|eIID_GG_a@A@B?_oGE@?Oc@_?@_G?oC?K@?@BG?Fo???},[(20-23)-(15-16)-(13-14)-(12-22)-(11-21)-(10-19)-(9-18)-(8-17)-(6-7)-(4-5)-(2-3)-(0-1)],9.560585021972656e-05,0.023772478103637695,2,False,0
W|eIID_GG_a@A@B?_oGE@?Oc@_?@_G?oC?K@?@BG?Fo???},[(20-23)-(15-16)-(14-22)-(12-13)-(11-21)-(10-19)-(9-18)-(8-17)-(6-7)-(4-5)-(2-3)-(0-1)],9.274482727050781e-05,0.022969961166381836,2,True,0
W|eIID_GG_a@A@B?_oGE@?Oc@_?@_G?oC?K@?@BG?Fo???},[(20-23)-(15-16)-(14-22)-(12-13)-(11-21)-(10-19)-(9-18)-(8-17)-(6-7)-(4-5)-(2-3)-(0-1)],9.369850158691406e-05,0.0299074649810791,3,True,0
W|eIID_GG_a@A@B?_oGE@?Oc@_?@_G?oC?K@?@BG?Fo???},[(20-23)-(16-22)-(14-15)-(12-13)-(11-21)-(10-19)-(9-18)-(8-17)-(6-7)-(4-5)-(2-3)-(0-1)],9.059906005859375e-05,0.06089162826538086,14,False,0
W|eIID_GG_a@A@B?_oGE@?Oc@_?@_G?oC?K@?@BG?Fo???},[(20-23)-(16-22)-(14-15)-(12-13)-(11-21)-(10-19)-(9-18)-(8-17)-(6-7)-(4-5)-(2-3)-(0-1)],9.34600830078125e-05,0.015540361404418945,1,True,0
W|eIID_GG_a@A@B?_oGE@?OC@_G@_G?oC?K@?@aG?F__?@{,[(16-23)-(14-15)-(13-22)-(12-21)-(11-20)-(10-19)-(9-18)-(8-17)-(6-7)-(4-5)-(2-3)-(0-1)],9.512901306152344e-05,0.05090641975402832,6,True,0
W|eIID_GG_a@A@B?_oGE@?OC@_G@_G?oC?K@?@aG?F__?@{,[(16-23)-(14-15)-(13-22)-(12-21)-(11-20)-(10-19)-(9-18)-(8-17)-(6-7)-(4-5)-(2-3)-(0-1)],9.560585021972656e-05,0.022451162338256836,2,True,0
W|eIID_GG_a@A@B?_oGE@?OC@_G@_G?oC?K@?@aG?F__?@{,[(16-23)-(15-22)-(13-14)-(12-21)-(11-20)-(10-19)-(9-18)-(8-17)-(6-7)-(4-5)-(2-3)-(0-1)],9.1552734375e-05,0.03757643699645996,4,True,0
W|eIID_GG_a@A@B?_oGE@?OC@_G@_G?oC?K@?@aG?F__?@{,[(16-23)-(15-22)-(13-14)-(12-21)-(11-20)-(10-19)-(9-18)-(8-17)-(6-7)-(4-5)-(2-3)-(0-1)],9.369850158691406e-05,0.022934675216674805,2,True,0
W|eIID_GG_a@A@B?_oGE@?OC@_G@_G?oC?K@?@aG?F__?@{,[(21-22)-(16-23)-(14-15)-(12-13)-(11-20)-(10-19)-(9-18)-(8-17)-(6-7)-(4-5)-(2-3)-(0-1)],9.274482727050781e-05,0.03131604194641113,3,False,0
W|eIID_GG_a@A@B?_oGE@?OC@_G@_G?oC?K@?@aG?F__?@{,[(21-22)-(16-23)-(14-15)-(12-13)-(11-20)-(10-19)-(9-18)-(8-17)-(6-7)-(4-5)-(2-3)-(0-1)],9.131431579589844e-05,0.030323505401611328,3,True,0
W|eIID_GG_a@A@B?_oGE@?OC@_G@_G?oC?K@?@aG?F__?@{,[(20-23)-(15-16)-(13-14)-(12-22)-(11-21)-(10-19)-(9-18)-(8-17)-(6-7)-(4-5)-(2-3)-(0-1)],9.226799011230469e-05,0.03311014175415039,4,True,0
W|eIID_GG_a@A@B?_oGE@?OC@_G@_G?oC?K@?@aG?F__?@{,[(20-23)-(15-16)-(13-14)-(12-22)-(11-21)-(10-19)-(9-18)-(8-17)-(6-7)-(4-5)-(2-3)-(0-1)],9.34600830078125e-05,0.02989053726196289,3,True,0
W|eIID_GG_a@A@B?_oGE@?OC@_G@_G?oC?K@?@aG?F__?@{,[(20-23)-(15-16)-(14-22)-(12-13)-(11-21)-(10-19)-(9-18)-(8-17)-(6-7)-(4-5)-(2-3)-(0-1)],0.00012111663818359375,0.030742645263671875,3,True,0
W|eIID_GG_a@A@B?_oGE@?OC@_G@_G?oC?K@?@aG?F__?@{,[(20-23)-(15-16)-(14-22)-(12-13)-(11-21)-(10-19)-(9-18)-(8-17)-(6-7)-(4-5)-(2-3)-(0-1)],0.00010514259338378906,0.020818710327148438,2,True,0
W|eIID_GG_a@A@B?_oGE@?OC@_G@_G?oC?K@?@aG?F__?@{,[(20-23)-(16-21)-(14-15)-(13-22)-(11-12)-(10-19)-(9-18)-(8-17)-(6-7)-(4-5)-(2-3)-(0-1)],9.918212890625e-05,0.06846117973327637,9,True,0
W|eIID_GG_a@A@B?_oGE@?OC@_G@_G?oC?K@?@aG?F__?@{,[(20-23)-(16-21)-(14-15)-(13-22)-(11-12)-(10-19)-(9-18)-(8-17)-(6-7)-(4-5)-(2-3)-(0-1)],9.632110595703125e-05,0.028597116470336914,3,True,0
W|eIID_GG_a@A@B?_oGE@?OC@_G@_G?oC?K@?@aG?F__?@{,[(20-21)-(16-23)-(14-15)-(13-22)-(11-12)-(10-19)-(9-18)-(8-17)-(6-7)-(4-5)-(2-3)-(0-1)],9.179115295410156e-05,0.03611350059509277,4,True,0
W|eIID_GG_a@A@B?_oGE@?OC@_G@_G?oC?K@?@aG?F__?@{,[(20-21)-(16-23)-(14-15)-(13-22)-(11-12)-(10-19)-(9-18)-(8-17)-(6-7)-(4-5)-(2-3)-(0-1)],9.5367431640625e-05,0.021240949630737305,2,True,0
W|eIID_GG_a@A@B?_oGE@?OC@_G@_G?oC?K@?@aG?F__?@{,[(21-22)-(20-23)-(15-16)-(13-14)-(11-12)-(10-19)-(9-18)-(8-17)-(6-7)-(4-5)-(2-3)-(0-1)],9.083747863769531e-05,0.027884483337402344,3,True,0
W|eIID_GG_a@A@B?_oGE@?OC@_G@_G?oC?K@?@aG?F__?@{,[(21-22)-(20-23)-(15-16)-(13-14)-(11-12)-(10-19)-(9-18)-(8-17)-(6-7)-(4-5)-(2-3)-(0-1)],9.608268737792969e-05,0.028079986572265625,3,True,0
W|eIID_GG_a@A@B?_oGE@?OC@_G@_G?oC?K@?@aG?F__?@{,[(20-23)-(16-21)-(15-22)-(13-14)-(11-12)-(10-19)-(9-18)-(8-17)-(6-7)-(4-5)-(2-3)-(0-1)],0.00010156631469726562,0.09050655364990234,17,False,0
W|eIID_GG_a@A@B?_oGE@?OC@_G@_G?oC?K@?@aG?F__?@{,[(20-23)-(16-21)-(15-22)-(13-14)-(11-12)-(10-19)-(9-18)-(8-17)-(6-7)-(4-5)-(2-3)-(0-1)],9.250640869140625e-05,0.028241872787475586,3,True,0
W|eIID_GG_a@A@B?_oGE@?OC@_G@_G?oC?K@?@aG?F__?@{,[(20-21)-(16-23)-(15-22)-(13-14)-(11-12)-(10-19)-(9-18)-(8-17)-(6-7)-(4-5)-(2-3)-(0-1)],9.012222290039062e-05,0.08064961433410645,16,False,0
W|eIID_GG_a@A@B?_oGE@?OC@_G@_G?oC?K@?@aG?F__?@{,[(20-21)-(16-23)-(15-22)-(13-14)-(11-12)-(10-19)-(9-18)-(8-17)-(6-7)-(4-5)-(2-3)-(0-1)],9.036064147949219e-05,0.022338390350341797,2,True,0
W|bIB?pCGo`@B?@__OGC@?oC@o??wG?G[?E???wG?@`_?BL,[(15-23)-(14-22)-(13-21)-(12-20)-(11-19)-(10-18)-(8-9)-(7-17)-(6-16)-(4-5)-(2-3)-(0-1)],9.5367431640625e-05,0.030045747756958008,3,False,0
W|bIB?pCGo`@B?@__OGC@?oC@o??wG?G[?E???wG?@`_?BL,[(15-23)-(14-22)-(13-21)-(12-20)-(11-19)-(10-18)-(8-9)-(7-17)-(6-16)-(4-5)-(2-3)-(0-1)],9.489059448242188e-05,0.030895233154296875,3,True,0
W|bIB?pCGo`@B?@__OGC@?oC@o??wG?G[?E???wG?@`_?BL,[(22-23)-(14-15)-(13-21)-(12-20)-(11-19)-(10-18)-(8-9)-(7-17)-(6-16)-(4-5)-(2-3)-(0-1)],9.465217590332031e-05,0.0569608211517334,5,False,0
W|bIB?pCGo`@B?@__OGC@?oC@o??wG?G[?E???wG?@`_?BL,[(22-23)-(14-15)-(13-21)-(12-20)-(11-19)-(10-18)-(8-9)-(7-17)-(6-16)-(4-5)-(2-3)-(0-1)],0.00011539459228515625,0.029934406280517578,3,True,0
W|bIB?pCGo`@B?@__OGC@?oC@o??wG?G[?E???wG?@`_?BL,[(21-22)-(15-23)-(13-14)-(12-20)-(11-19)-(10-18)-(8-9)-(7-17)-(6-16)-(4-5)-(2-3)-(0-1)],0.00010824203491210938,0.04290437698364258,5,True,0
W|bIB?pCGo`@B?@__OGC@?oC@o??wG?G[?E???wG?@`_?BL,[(21-22)-(15-23)-(13-14)-(12-20)-(11-19)-(10-18)-(8-9)-(7-17)-(6-16)-(4-5)-(2-3)-(0-1)],9.417533874511719e-05,0.038944244384765625,4,True,0
W|bIB?pCGo`@B?@__OGC@?oC@o??wG?G[?E???wG?@`_?BL,[(20-23)-(15-22)-(13-14)-(12-21)-(11-19)-(10-18)-(8-9)-(7-17)-(6-16)-(4-5)-(2-3)-(0-1)],9.441375732421875e-05,0.04231429100036621,4,False,0
W|bIB?pCGo`@B?@__OGC@?oC@o??wG?G[?E???wG?@`_?BL,[(20-23)-(15-22)-(13-14)-(12-21)-(11-19)-(10-18)-(8-9)-(7-17)-(6-16)-(4-5)-(2-3)-(0-1)],9.202957153320312e-05,0.02237725257873535,2,True,0
W|bIB?pCGo`@B?@__OGC@?oC@o??wG?G[?E???wG?@`_?BL,[(20-22)-(15-23)-(13-14)-(12-21)-(11-19)-(10-18)-(8-9)-(7-17)-(6-16)-(4-5)-(2-3)-(0-1)],9.059906005859375e-05,0.03326082229614258,3,False,0
W|bIB?pCGo`@B?@__OGC@?oC@o??wG?G[?E???wG?@`_?BL,[(20-22)-(15-23)-(13-14)-(12-21)-(11-19)-(10-18)-(8-9)-(7-17)-(6-16)-(4-5)-(2-3)-(0-1)],0.00010776519775390625,0.0223848819732666,2,True,0
W|bIB?pCGo`@B?@__OGC@?oC@o??wG?G[?E???wG?@`_?BL,[(20-23)-(15-22)-(14-21)-(12-13)-(11-19)-(10-18)-(8-9)-(7-17)-(6-16)-(4-5)-(2-3)-(0-1)],9.131431579589844e-05,0.040282487869262695,4,True,0
W|bIB?pCGo`@B?@__OGC@?oC@o??wG?G[?E???wG?@`_?BL,[(20-23)-(15-22)-(14-21)-(12-13)-(11-19)-(10-18)-(8-9)-(7-17)-(6-16)-(4-5)-(2-3)-(0-1)],0.0001049041748046875,0.03299760818481445,3,False,0
W|bIB?pCGo`@B?@__OGC@?oC@o??wG?G[?E???wG?@`_?BL,[(20-22)-(15-23)-(14-21)-(12-13)-(11-19)-(10-18)-(8-9)-(7-17)-(6-16)-(4-5)-(2-3)-(0-1)],9.298324584960938e-05,0.03398895263671875,3,False,0
W|bIB?pCGo`@B?@__OGC@?oC@o??wG?G[?E???wG?@`_?BL,[(20-22)-(15-23)-(14-21)-(12-13)-(11-19)-(10-18)-(8-9)-(7-17)-(6-16)-(4-5)-(2-3)-(0-1)],9.5367431640625e-05,0.030495882034301758,3,True,0
W|bIB?pCGo`@B?@__OGC@?oC@o??wG?G[?E???wG?@`_?BL,[(20-21)-(15-23)-(14-22)-(12-13)-(11-19)-(10-18)-(8-9)-(7-17)-(6-16)-(4-5)-(2-3)-(0-1)],9.059906005859375e-05,0.06012320518493652,6,True,0
W|bIB?pCGo`@B?@__OGC@?oC@o??wG?G[?E???wG?@`_?BL,[(20-21)-(15-23)-(14-22)-(12-13)-(11-19)-(10-18)-(8-9)-(7-17)-(6-16)-(4-5)-(2-3)-(0-1)],9.560585021972656e-05,0.06294441223144531,7,True,0
W|bIB?pCGo`@B?@__OGC@?oC@o??wG?G[?E???wG?@`_?BL,[(22-23)-(20-21)-(14-15)-(12-13)-(11-19)-(10-18)-(8-9)-(7-17)-(6-16)-(4-5)-(2-3)-(0-1)],9.226799011230469e-05,0.06356358528137207,6,False,0
W|bIB?pCGo`@B?@__OGC@?oC@o??wG?G[?E???wG?@`_?BL,[(22-23)-(20-21)-(14-15)-(12-13)-(11-19)-(10-18)-(8-9)-(7-17)-(6-16)-(4-5)-(2-3)-(0-1)],9.465217590332031e-05,0.049817562103271484,6,True,0
W|bIB?pCGo`@B?@__OGC@?oC@o??wG?G[?E???wG?@`_?BL,[(21-22)-(20-23)-(14-15)-(12-13)-(11-19)-(10-18)-(8-9)-(7-17)-(6-16)-(4-5)-(2-3)-(0-1)],9.083747863769531e-05,0.04073381423950195,4,False,0
W|bIB?pCGo`@B?@__OGC@?oC@o??wG?G[?E???wG?@`_?BL,[(21-22)-(20-23)-(14-15)-(12-13)-(11-19)-(10-18)-(8-9)-(7-17)-(6-16)-(4-5)-(2-3)-(0-1)],9.274482727050781e-05,0.04565238952636719,5,True,0
W|eII@`GG_b?B@@__OGE@?O?@oG?oW?OS?K@?@w??@`_?BL,[(15-23)-(14-22)-(12-21)-(11-20)-(10-19)-(9-18)-(8-17)-(7-16)-(6-13)-(4-5)-(2-3)-(0-1)],0.00017118453979492188,0.02909374237060547,3,True,0
W|eII@`GG_b?B@@__OGE@?O?@oG?oW?OS?K@?@w??@`_?BL,[(15-23)-(14-22)-(12-21)-(11-20)-(10-19)-(9-18)-(8-17)-(7-16)-(6-13)-(4-5)-(2-3)-(0-1)],9.655952453613281e-05,0.029670238494873047,3,True,0
W|eII@`GG_b?B@@__OGE@?O?@oG?oW?OS?K@?@w??@`_?BL,[(22-23)-(14-15)-(12-21)-(11-20)-(10-19)-(9-18)-(8-17)-(7-16)-(6-13)-(4-5)-(2-3)-(0-1)],9.608268737792969e-05,0.02867579460144043,3,True,0
W|eII@`GG_b?B@@__OGE@?O?@oG?oW?OS?K@?@w??@`_?BL,[(22-23)-(14-15)-(12-21)-(11-20)-(10-19)-(9-18)-(8-17)-(7-16)-(6-13)-(4-5)-(2-3)-(0-1)],9.441375732421875e-05,0.029532909393310547,3,True,0
W|eII@`GG_b?B@@__OGE@?O?@oG?oW?OS?K@?@w??@`_?BL,[(20-23)-(15-22)-(14-21)-(11-12)-(10-19)-(9-18)-(8-17)-(7-16)-(6-13)-(4-5)-(2-3)-(0-1)],9.250640869140625e-05,0.048206329345703125,5,True,0
W|eII@`GG_b?B@@__OGE@?O?@oG?oW?OS?K@?@w??@`_?BL,[(20-23)-(15-22)-(14-21)-(11-12)-(10-19)-(9-18)-(8-17)-(7-16)-(6-13)-(4-5)-(2-3)-(0-1)],9.489059448242188e-05,0.15294718742370605,28,False,0
W|eII@`GG_b?B@@__OGE@?O?@oG?oW?OS?K@?@w??@`_?BL,[(20-22)-(15-23)-(14-21)-(11-12)-(10-19)-(9-18)-(8-17)-(7-16)-(6-13)-(4-5)-(2-3)-(0-1)],8.940696716308594e-05,0.06525683403015137,7,True,0
W|eII@`GG_b?B@@__OGE@?O?@oG?oW?OS?K@?@w??@`_?BL,[(20-22)-(15-23)-(14-21)-(11-12)-(10-19)-(9-18)-(8-17)-(7-16)-(6-13)-(4-5)-(2-3)-(0-1)],9.369850158691406e-05,0.03554701805114746,4,True,0
W|eII@`GG_b?B@@__OGE@?O?@oG?oW?OS?K@?@w??@`_?BL,[(21-22)-(20-23)-(14-15)-(11-12)-(10-19)-(9-18)-(8-17)-(7-16)-(6-13)-(4-5)-(2-3)-(0-1)],9.226799011230469e-05,0.08098816871643066,8,True,0
W|eII@`GG_b?B@@__OGE@?O?@oG?oW?OS?K@?@w??@`_?BL,[(21-22)-(20-23)-(14-15)-(11-12)-(10-19)-(9-18)-(8-17)-(7-16)-(6-13)-(4-5)-(2-3)-(0-1)],9.560585021972656e-05,0.06136894226074219,8,True,0
W|eII@`GG_b?B@@__OGE@?O?@oG?oW?OS?K@?@w??@`_?BL,[(19-23)-(15-22)-(14-21)-(11-12)-(10-20)-(9-18)-(8-17)-(7-16)-(6-13)-(4-5)-(2-3)-(0-1)],0.00012564659118652344,0.027812719345092773,3,True,0
W|eII@`GG_b?B@@__OGE@?O?@oG?oW?OS?K@?@w??@`_?BL,[(19-23)-(15-22)-(14-21)-(11-12)-(10-20)-(9-18)-(8-17)-(7-16)-(6-13)-(4-5)-(2-3)-(0-1)],9.1552734375e-05,0.054917097091674805,6,True,0
W|eII@`GG_b?B@@__OGE@?O?@oG?oW?OS?K@?@w??@`_?BL,[(21-22)-(19-23)-(14-15)-(11-12)-(10-20)-(9-18)-(8-17)-(7-16)-(6-13)-(4-5)-(2-3)-(0-1)],0.00010824203491210938,0.038788557052612305,4,True,0
W|eII@`GG_b?B@@__OGE@?O?@oG?oW?OS?K@?@w??@`_?BL,[(21-22)-(19-23)-(14-15)-(11-12)-(10-20)-(9-18)-(8-17)-(7-16)-(6-13)-(4-5)-(2-3)-(0-1)],0.00010013580322265625,0.05550026893615723,6,True,0
W|eII@`GG_b?B@@__OGE@?O?@oG?oW?OS?K@?@w??@`_?BL,[(18-19)-(15-23)-(14-22)-(12-21)-(11-20)-(9-10)-(8-17)-(7-16)-(6-13)-(4-5)-(2-3)-(0-1)],9.012222290039062e-05,0.08651137351989746,9,False,0
W|eII@`GG_b?B@@__OGE@?O?@oG?oW?OS?K@?@w??@`_?BL,[(18-19)-(15-23)-(14-22)-(12-21)-(11-20)-(9-10)-(8-17)-(7-16)-(6-13)-(4-5)-(2-3)-(0-1)],9.250640869140625e-05,0.044495582580566406,5,True,0
W|eII@`GG_b?B@@__OGE@?O?@oG?oW?OS?K@?@w??@`_?BL,[(22-23)-(18-19)-(14-15)-(12-21)-(11-20)-(9-10)-(8-17)-(7-16)-(6-13)-(4-5)-(2-3)-(0-1)],8.869171142578125e-05,0.030882835388183594,3,True,0
W|eII@`GG_b?B@@__OGE@?O?@oG?oW?OS?K@?@w??@`_?BL,[(22-23)-(18-19)-(14-15)-(12-21)-(11-20)-(9-10)-(8-17)-(7-16)-(6-13)-(4-5)-(2-3)-(0-1)],9.441375732421875e-05,0.06070542335510254,7,True,0
W|eII@`GG_b?B@@__OGE@?O?@oG?oW?OS?K@?@w??@`_?BL,[(20-23)-(18-19)-(15-22)-(14-21)-(11-12)-(9-10)-(8-17)-(7-16)-(6-13)-(4-5)-(2-3)-(0-1)],0.00010442733764648438,0.03668642044067383,4,True,0
W|eII@`GG_b?B@@__OGE@?O?@oG?oW?OS?K@?@w??@`_?BL,[(20-23)-(18-19)-(15-22)-(14-21)-(11-12)-(9-10)-(8-17)-(7-16)-(6-13)-(4-5)-(2-3)-(0-1)],9.560585021972656e-05,0.02035379409790039,2,True,0
W|eIAD`KGo@@@@@?_oGC@?oC@oG?oW?WC?E@??oG?B__?AN,[(15-23)-(14-22)-(13-21)-(12-20)-(11-19)-(10-18)-(8-9)-(7-17)-(6-16)-(4-5)-(2-3)-(0-1)],9.417533874511719e-05,0.07346582412719727,15,False,0
W|eIAD`KGo@@@@@?_oGC@?oC@oG?oW?WC?E@??oG?B__?AN,[(15-23)-(14-22)-(13-21)-(12-20)-(11-19)-(10-18)-(8-9)-(7-17)-(6-16)-(4-5)-(2-3)-(0-1)],9.322166442871094e-05,0.030226707458496094,3,False,0
W|eIAD`KGo@@@@@?_oGC@?oC@oG?oW?WC?E@??oG?B__?AN,[(22-23)-(14-15)-(13-21)-(12-20)-(11-19)-(10-18)-(8-9)-(7-17)-(6-16)-(4-5)-(2-3)-(0-1)],9.1552734375e-05,0.07625770568847656,15,False,0
W|eIAD`KGo@@@@@?_oGC@?oC@oG?oW?WC?E@??oG?B__?AN,[(22-23)-(14-15)-(13-21)-(12-20)-(11-19)-(10-18)-(8-9)-(7-17)-(6-16)-(4-5)-(2-3)-(0-1)],0.00010347366333007812,0.08461952209472656,16,False,0
W|eIAD`KGo@@@@@?_oGC@?oC@oG?oW?WC?E@??oG?B__?AN,[(21-23)-(14-15)-(13-22)-(12-20)-(11-19)-(10-18)-(8-9)-(7-17)-(6-16)-(4-5)-(2-3)-(0-1)],9.298324584960938e-05,0.028851747512817383,3,True,0
W|eIAD`KGo@@@@@?_oGC@?oC@oG?oW?WC?E@??oG?B__?AN,[(21-23)-(14-15)-(13-22)-(12-20)-(11-19)-(10-18)-(8-9)-(7-17)-(6-16)-(4-5)-(2-3)-(0-1)],9.679794311523438e-05,0.05576038360595703,13,False,0
W|eIAD`KGo@@@@@?_oGC@?oC@oG?oW?WC?E@??oG?B__?AN,[(21-23)-(15-22)-(13-14)-(12-20)-(11-19)-(10-18)-(8-9)-(7-17)-(6-16)-(4-5)-(2-3)-(0-1)],9.059906005859375e-05,0.09901237487792969,18,False,0
W|eIAD`KGo@@@@@?_oGC@?oC@oG?oW?WC?E@??oG?B__?AN,[(21-23)-(15-22)-(13-14)-(12-20)-(11-19)-(10-18)-(8-9)-(7-17)-(6-16)-(4-5)-(2-3)-(0-1)],9.655952453613281e-05,0.0802617073059082,15,False,0
W|eIAD`KGo@@@@@?_oGC@?oC@oG?oW?WC?E@??oG?B__?AN,[(21-22)-(15-23)-(13-14)-(12-20)-(11-19)-(10-18)-(8-9)-(7-17)-(6-16)-(4-5)-(2-3)-(0-1)],9.274482727050781e-05,0.08866167068481445,17,False,0
W|eIAD`KGo@@@@@?_oGC@?oC@oG?oW?WC?E@??oG?B__?AN,[(21-22)-(15-23)-(13-14)-(12-20)-(11-19)-(10-18)-(8-9)-(7-17)-(6-16)-(4-5)-(2-3)-(0-1)],9.179115295410156e-05,0.09885954856872559,15,False,0
W|eIAD`KGo@@@@@?_oGC@?oC@oG?oW?WC?E@??oG?B__?AN,[(20-23)-(14-15)-(13-22)-(12-21)-(11-19)-(10-18)-(8-9)-(7-17)-(6-16)-(4-5)-(2-3)-(0-1)],9.107589721679688e-05,0.08324837684631348,17,False,0
W|eIAD`KGo@@@@@?_oGC@?oC@oG?oW?WC?E@??oG?B__?AN,[(20-23)-(14-15)-(13-22)-(12-21)-(11-19)-(10-18)-(8-9)-(7-17)-(6-16)-(4-5)-(2-3)-(0-1)],9.179115295410156e-05,0.08657336235046387,16,False,0
W|eIAD`KGo@@@@@?_oGC@?oC@oG?oW?WC?E@??oG?B__?AN,[(20-23)-(15-22)-(13-14)-(12-21)-(11-19)-(10-18)-(8-9)-(7-17)-(6-16)-(4-5)-(2-3)-(0-1)],9.202957153320312e-05,0.06160402297973633,14,False,0
W|eIAD`KGo@@@@@?_oGC@?oC@oG?oW?WC?E@??oG?B__?AN,[(20-23)-(15-22)-(13-14)-(12-21)-(11-19)-(10-18)-(8-9)-(7-17)-(6-16)-(4-5)-(2-3)-(0-1)],9.322166442871094e-05,0.04855513572692871,5,False,0
W|eIAD`KGo@@@@@?_oGC@?oC@oG?oW?WC?E@??oG?B__?AN,[(20-21)-(15-23)-(14-22)-(12-13)-(11-19)-(10-18)-(8-9)-(7-17)-(6-16)-(4-5)-(2-3)-(0-1)],8.916854858398438e-05,0.07854318618774414,16,False,0
W|eIAD`KGo@@@@@?_oGC@?oC@oG?oW?WC?E@??oG?B__?AN,[(20-21)-(15-23)-(14-22)-(12-13)-(11-19)-(10-18)-(8-9)-(7-17)-(6-16)-(4-5)-(2-3)-(0-1)],9.298324584960938e-05,0.040801286697387695,4,False,0
W|eIAD`KGo@@@@@?_oGC@?oC@oG?oW?WC?E@??oG?B__?AN,[(22-23)-(20-21)-(14-15)-(12-13)-(11-19)-(10-18)-(8-9)-(7-17)-(6-16)-(4-5)-(2-3)-(0-1)],8.916854858398438e-05,0.08301973342895508,14,False,0
W|eIAD`KGo@@@@@?_oGC@?oC@oG?oW?WC?E@??oG?B__?AN,[(22-23)-(20-21)-(14-15)-(12-13)-(11-19)-(10-18)-(8-9)-(7-17)-(6-16)-(4-5)-(2-3)-(0-1)],9.703636169433594e-05,0.048024892807006836,5,False,0
W|eIAD`KGo@@@@@?_oGC@?oC@oG?oW?WC?E@??oG?B__?AN,[(21-22)-(20-23)-(14-15)-(12-13)-(11-19)-(10-18)-(8-9)-(7-17)-(6-16)-(4-5)-(2-3)-(0-1)],8.940696716308594e-05,0.08340668678283691,17,False,0
W|eIAD`KGo@@@@@?_oGC@?oC@oG?oW?WC?E@??oG?B__?AN,[(21-22)-(20-23)-(14-15)-(12-13)-(11-19)-(10-18)-(8-9)-(7-17)-(6-16)-(4-5)-(2-3)-(0-1)],0.000102996826171875,0.07996821403503418,15,False,0
WtfIAD`GH_b?A@@?_oGC@?oC@oG?oW?WC?E@??oG?B__?AN,[(15-23)-(14-22)-(13-21)-(12-20)-(11-19)-(10-18)-(8-9)-(7-17)-(6-16)-(4-5)-(2-3)-(0-1)],9.274482727050781e-05,0.04487299919128418,5,True,0
WtfIAD`GH_b?A@@?_oGC@?oC@oG?oW?WC?E@??oG?B__?AN,[(15-23)-(14-22)-(13-21)-(12-20)-(11-19)-(10-18)-(8-9)-(7-17)-(6-16)-(4-5)-(2-3)-(0-1)],9.608268737792969e-05,0.04464864730834961,5,True,0
WtfIAD`GH_b?A@@?_oGC@?oC@oG?oW?WC?E@??oG?B__?AN,[(22-23)-(14-15)-(13-21)-(12-20)-(11-19)-(10-18)-(8-9)-(7-17)-(6-16)-(4-5)-(2-3)-(0-1)],9.107589721679688e-05,0.028981924057006836,3,True,0
WtfIAD`GH_b?A@@?_oGC@?oC@oG?oW?WC?E@??oG?B__?AN,[(22-23)-(14-15)-(13-21)-(12-20)-(11-19)-(10-18)-(8-9)-(7-17)-(6-16)-(4-5)-(2-3)-(0-1)],9.655952453613281e-05,0.07797598838806152,16,False,0
WtfIAD`GH_b?A@@?_oGC@?oC@oG?oW?WC?E@??oG?B__?AN,[(21-23)-(14-15)-(13-22)-(12-20)-(11-19)-(10-18)-(8-9)-(7-17)-(6-16)-(4-5)-(2-3)-(0-1)],9.226799011230469e-05,0.020890235900878906,2,True,0
WtfIAD`GH_b?A@@?_oGC@?oC@oG?oW?WC?E@??oG?B__?AN,[(21-23)-(14-15)-(13-22)-(12-20)-(11-19)-(10-18)-(8-9)-(7-17)-(6-16)-(4-5)-(2-3)-(0-1)],9.226799011230469e-05,0.10141420364379883,19,False,0
WtfIAD`GH_b?A@@?_oGC@?oC@oG?oW?WC?E@??oG?B__?AN,[(21-23)-(15-22)-(13-14)-(12-20)-(11-19)-(10-18)-(8-9)-(7-17)-(6-16)-(4-5)-(2-3)-(0-1)],9.1552734375e-05,0.03715157508850098,4,True,0
WtfIAD`GH_b?A@@?_oGC@?oC@oG?oW?WC?E@??oG?B__?AN,[(21-23)-(15-22)-(13-14)-(12-20)-(11-19)-(10-18)-(8-9)-(7-17)-(6-16)-(4-5)-(2-3)-(0-1)],9.202957153320312e-05,0.06502842903137207,6,False,0
WtfIAD`GH_b?A@@?_oGC@?oC@oG?oW?WC?E@??oG?B__?AN,[(21-22)-(15-23)-(13-14)-(12-20)-(11-19)-(10-18)-(8-9)-(7-17)-(6-16)-(4-5)-(2-3)-(0-1)],9.012222290039062e-05,0.058507442474365234,5,True,0
WtfIAD`GH_b?A@@?_oGC@?oC@oG?oW?WC?E@??oG?B__?AN,[(21-22)-(15-23)-(13-14)-(12-20)-(11-19)-(10-18)-(8-9)-(7-17)-(6-16)-(4-5)-(2-3)-(0-1)],9.226799011230469e-05,0.04713630676269531,5,True,0
WtfIAD`GH_b?A@@?_oGC@?oC@oG?oW?WC?E@??oG?B__?AN,[(20-23)-(14-15)-(13-22)-(12-21)-(11-19)-(10-18)-(8-9)-(7-17)-(6-16)-(4-5)-(2-3)-(0-1)],9.322166442871094e-05,0.03016042709350586,3,False,0
WtfIAD`GH_b?A@@?_oGC@?oC@oG?oW?WC?E@??oG?B__?AN,[(20-23)-(14-15)-(13-22)-(12-21)-(11-19)-(10-18)-(8-9)-(7-17)-(6-16)-(4-5)-(2-3)-(0-1)],9.632110595703125e-05,0.08095312118530273,16,False,0
WtfIAD`GH_b?A@@?_oGC@?oC@oG?oW?WC?E@??oG?B__?AN,[(20-23)-(15-22)-(13-14)-(12-21)-(11-19)-(10-18)-(8-9)-(7-17)-(6-16)-(4-5)-(2-3)-(0-1)],0.00010585784912109375,0.041225433349609375,4,True,0
WtfIAD`GH_b?A@@?_oGC@?oC@oG?oW?WC?E@??oG?B__?AN,[(20-23)-(15-22)-(13-14)-(12-21)-(11-19)-(10-18)-(8-9)-(7-17)-(6-16)-(4-5)-(2-3)-(0-1)],0.00011134147644042969,0.10624051094055176,17,False,0
WtfIAD`GH_b?A@@?_oGC@?oC@oG?oW?WC?E@??oG?B__?AN,[(20-21)-(15-23)-(14-22)-(12-13)-(11-19)-(10-18)-(8-9)-(7-17)-(6-16)-(4-5)-(2-3)-(0-1)],0.000133514404296875,0.032525062561035156,4,True,0
WtfIAD`GH_b?A@@?_oGC@?oC@oG?oW?WC?E@??oG?B__?AN,[(20-21)-(15-23)-(14-22)-(12-13)-(11-19)-(10-18)-(8-9)-(7-17)-(6-16)-(4-5)-(2-3)-(0-1)],9.512901306152344e-05,0.037496089935302734,4,True,0
WtfIAD`GH_b?A@@?_oGC@?oC@oG?oW?WC?E@??oG?B__?AN,[(22-23)-(20-21)-(14-15)-(12-13)-(11-19)-(10-18)-(8-9)-(7-17)-(6-16)-(4-5)-(2-3)-(0-1)],8.893013000488281e-05,0.03714299201965332,4,True,0
WtfIAD`GH_b?A@@?_oGC@?oC@oG?oW?WC?E@??oG?B__?AN,[(22-23)-(20-21)-(14-15)-(12-13)-(11-19)-(10-18)-(8-9)-(7-17)-(6-16)-(4-5)-(2-3)-(0-1)],9.560585021972656e-05,0.09968161582946777,18,False,0
WtfIAD`GH_b?A@@?_oGC@?oC@oG?oW?WC?E@??oG?B__?AN,[(21-22)-(20-23)-(14-15)-(12-13)-(11-19)-(10-18)-(8-9)-(7-17)-(6-16)-(4-5)-(2-3)-(0-1)],9.1552734375e-05,0.028887510299682617,3,True,0
WtfIAD`GH_b?A@@?_oGC@?oC@oG?oW?WC?E@??oG?B__?AN,[(21-22)-(20-23)-(14-15)-(12-13)-(11-19)-(10-18)-(8-9)-(7-17)-(6-16)-(4-5)-(2-3)-(0-1)],9.179115295410156e-05,0.05313396453857422,5,False,0
WtfIAD`GH_b@B?@__OGE@?[??OG?WG?KC?B`??KG??w_??z,[(22-23)-(15-21)-(13-14)-(12-20)-(11-19)-(10-18)-(9-17)-(8-16)-(6-7)-(4-5)-(2-3)-(0-1)],0.00010085105895996094,0.03899860382080078,4,False,0
WtfIAD`GH_b@B?@__OGE@?[??OG?WG?KC?B`??KG??w_??z,[(22-23)-(15-21)-(13-14)-(12-20)-(11-19)-(10-18)-(9-17)-(8-16)-(6-7)-(4-5)-(2-3)-(0-1)],9.441375732421875e-05,0.0391688346862793,5,True,0
WtfIAD`GH_b@B?@__OGE@?[??OG?WG?KC?B`??KG??w_??z,[(21-23)-(15-22)-(13-14)-(12-20)-(11-19)-(10-18)-(9-17)-(8-16)-(6-7)-(4-5)-(2-3)-(0-1)],8.726119995117188e-05,0.021090984344482422,2,True,0
WtfIAD`GH_b@B?@__OGE@?[??OG?WG?KC?B`??KG??w_??z,[(21-23)-(15-22)-(13-14)-(12-20)-(11-19)-(10-18)-(9-17)-(8-16)-(6-7)-(4-5)-(2-3)-(0-1)],9.34600830078125e-05,0.060559988021850586,7,True,0
WtfIAD`GH_b@B?@__OGE@?[??OG?WG?KC?B`??KG??w_??z,[(22-23)-(15-21)-(14-20)-(12-13)-(11-19)-(10-18)-(9-17)-(8-16)-(6-7)-(4-5)-(2-3)-(0-1)],9.417533874511719e-05,0.16370487213134766,25,False,0
WtfIAD`GH_b@B?@__OGE@?[??OG?WG?KC?B`??KG??w_??z,[(22-23)-(15-21)-(14-20)-(12-13)-(11-19)-(10-18)-(9-17)-(8-16)-(6-7)-(4-5)-(2-3)-(0-1)],0.0001010894775390625,0.014170408248901367,1,True,0
WtfIAD`GH_b@B?@__OGE@?[??OG?WG?KC?B`??KG??w_??z,[(21-23)-(15-22)-(14-20)-(12-13)-(11-19)-(10-18)-(9-17)-(8-16)-(6-7)-(4-5)-(2-3)-(0-1)],0.00010609626770019531,0.07076168060302734,8,True,0
WtfIAD`GH_b@B?@__OGE@?[??OG?WG?KC?B`??KG??w_??z,[(21-23)-(15-22)-(14-20)-(12-13)-(11-19)-(10-18)-(9-17)-(8-16)-(6-7)-(4-5)-(2-3)-(0-1)],0.00017309188842773438,0.03241586685180664,4,False,0
WtfIAD`GH_b@B?@__OGE@?[??OG?WG?KC?B`??KG??w_??z,[(22-23)-(20-21)-(14-15)-(12-13)-(11-19)-(10-18)-(9-17)-(8-16)-(6-7)-(4-5)-(2-3)-(0-1)],9.274482727050781e-05,0.1193704605102539,15,True,0
WtfIAD`GH_b@B?@__OGE@?[??OG?WG?KC?B`??KG??w_??z,[(22-23)-(20-21)-(14-15)-(12-13)-(11-19)-(10-18)-(9-17)-(8-16)-(6-7)-(4-5)-(2-3)-(0-1)],9.989738464355469e-05,0.015974044799804688,1,True,0
WtfIAD`GH_b@B?@__OGE@?[??OG?WG?KC?B`??KG??w_??z,[(18-23)-(15-22)-(14-21)-(13-20)-(12-19)-(10-11)-(9-17)-(8-16)-(6-7)-(4-5)-(2-3)-(0-1)],9.226799011230469e-05,0.05563688278198242,6,True,0
WtfIAD`GH_b@B?@__OGE@?[??OG?WG?KC?B`??KG??w_??z,[(18-23)-(15-22)-(14-21)-(13-20)-(12-19)-(10-11)-(9-17)-(8-16)-(6-7)-(4-5)-(2-3)-(0-1)],9.655952453613281e-05,0.029875516891479492,3,True,0
WtfIAD`GH_b@B?@__OGE@?[??OG?WG?KC?B`??KG??w_??z,[(21-22)-(18-23)-(14-15)-(13-20)-(12-19)-(10-11)-(9-17)-(8-16)-(6-7)-(4-5)-(2-3)-(0-1)],9.107589721679688e-05,0.04828906059265137,5,True,0
WtfIAD`GH_b@B?@__OGE@?[??OG?WG?KC?B`??KG??w_??z,[(21-22)-(18-23)-(14-15)-(13-20)-(12-19)-(10-11)-(9-17)-(8-16)-(6-7)-(4-5)-(2-3)-(0-1)],9.34600830078125e-05,0.038496971130371094,4,True,0
WtfIAD`GH_b@B?@__OGE@?[??OG?WG?KC?B`??KG??w_??z,[(20-21)-(18-23)-(15-22)-(13-14)-(12-19)-(10-11)-(9-17)-(8-16)-(6-7)-(4-5)-(2-3)-(0-1)],9.107589721679688e-05,0.031280517578125,3,True,0
WtfIAD`GH_b@B?@__OGE@?[??OG?WG?KC?B`??KG??w_??z,[(20-21)-(18-23)-(15-22)-(13-14)-(12-19)-(10-11)-(9-17)-(8-16)-(6-7)-(4-5)-(2-3)-(0-1)],8.940696716308594e-05,0.049474477767944336,5,True,0
WtfIAD`GH_b@B?@__OGE@?[??OG?WG?KC?B`??KG??w_??z,[(22-23)-(18-19)-(15-21)-(13-14)-(12-20)-(10-11)-(9-17)-(8-16)-(6-7)-(4-5)-(2-3)-(0-1)],8.940696716308594e-05,0.022234678268432617,2,True,0
WtfIAD`GH_b@B?@__OGE@?[??OG?WG?KC?B`??KG??w_??z,[(22-23)-(18-19)-(15-21)-(13-14)-(12-20)-(10-11)-(9-17)-(8-16)-(6-7)-(4-5)-(2-3)-(0-1)],0.0001010894775390625,0.09123611450195312,16,False,0
WtfIAD`GH_b@B?@__OGE@?[??OG?WG?KC?B`??KG??w_??z,[(21-23)-(18-19)-(15-22)-(13-14)-(12-20)-(10-11)-(9-17)-(8-16)-(6-7)-(4-5)-(2-3)-(0-1)],9.202957153320312e-05,0.015726327896118164,1,True,0
WtfIAD`GH_b@B?@__OGE@?[??OG?WG?KC?B`??KG??w_??z,[(21-23)-(18-19)-(15-22)-(13-14)-(12-20)-(10-11)-(9-17)-(8-16)-(6-7)-(4-5)-(2-3)-(0-1)],0.00010657310485839844,0.1258563995361328,20,False,0
WtfII@`GH_b?B`?__WGA@?[C?OW?OG?WC?D@??WG??k_??^,[(22-23)-(15-17)-(14-21)-(13-20)-(11-19)-(10-18)-(8-9)-(7-16)-(6-12)-(4-5)-(2-3)-(0-1)],9.417533874511719e-05,0.03254842758178711,3,False,0
WtfII@`GH_b?B`?__WGA@?[C?OW?OG?WC?D@??WG??k_??^,[(22-23)-(15-17)-(14-21)-(13-20)-(11-19)-(10-18)-(8-9)-(7-16)-(6-12)-(4-5)-(2-3)-(0-1)],9.441375732421875e-05,0.03848123550415039,4,True,0
WtfII@`GH_b?B`?__WGA@?[C?OW?OG?WC?D@??WG??k_??^,[(21-23)-(17-22)-(14-15)-(13-20)-(11-19)-(10-18)-(8-9)-(7-16)-(6-12)-(4-5)-(2-3)-(0-1)],9.012222290039062e-05,0.03902864456176758,4,True,0
WtfII@`GH_b?B`?__WGA@?[C?OW?OG?WC?D@??WG??k_??^,[(21-23)-(17-22)-(14-15)-(13-20)-(11-19)-(10-18)-(8-9)-(7-16)-(6-12)-(4-5)-(2-3)-(0-1)],9.202957153320312e-05,0.022976398468017578,2,True,0
WtfII@`GH_b?B`?__WGA@?[C?OW?OG?WC?D@??WG??k_??^,[(20-23)-(17-22)-(14-15)-(13-21)-(11-19)-(10-18)-(8-9)-(7-16)-(6-12)-(4-5)-(2-3)-(0-1)],9.989738464355469e-05,0.032422542572021484,3,False,0
WtfII@`GH_b?B`?__WGA@?[C?OW?OG?WC?D@??WG??k_??^,[(20-23)-(17-22)-(14-15)-(13-21)-(11-19)-(10-18)-(8-9)-(7-16)-(6-12)-(4-5)-(2-3)-(0-1)],9.417533874511719e-05,0.03919076919555664,4,True,0
WtfII@`GH_b?B`?__WGA@?[C?OW?OG?WC?D@??WG??k_??^,[(22-23)-(20-21)-(15-17)-(13-14)-(11-19)-(10-18)-(8-9)-(7-16)-(6-12)-(4-5)-(2-3)-(0-1)],8.916854858398438e-05,0.030115127563476562,3,True,0
WtfII@`GH_b?B`?__WGA@?[C?OW?OG?WC?D@??WG??k_??^,[(22-23)-(20-21)-(15-17)-(13-14)-(11-19)-(10-18)-(8-9)-(7-16)-(6-12)-(4-5)-(2-3)-(0-1)],9.322166442871094e-05,0.03144550323486328,3,False,0
WtfII@`GH_b?B`?__WGA@?[C?OW?OG?WC?D@??WG??k_??^,[(21-22)-(20-23)-(15-17)-(13-14)-(11-19)-(10-18)-(8-9)-(7-16)-(6-12)-(4-5)-(2-3)-(0-1)],8.821487426757812e-05,0.031583309173583984,3,True,0
WtfII@`GH_b?B`?__WGA@?[C?OW?OG?WC?D@??WG??k_??^,[(21-22)-(20-23)-(15-17)-(13-14)-(11-19)-(10-18)-(8-9)-(7-16)-(6-12)-(4-5)-(2-3)-(0-1)],9.489059448242188e-05,0.022594690322875977,2,True,0
WtfII@`GH_b?B`?__WGA@?[C?OW?OG?WC?D@??WG??k_??^,[(19-23)-(17-22)-(14-15)-(13-21)-(11-20)-(10-18)-(8-9)-(7-16)-(6-12)-(4-5)-(2-3)-(0-1)],8.726119995117188e-05,0.038254499435424805,4,True,0
WtfII@`GH_b?B`?__WGA@?[C?OW?OG?WC?D@??WG??k_??^,[(19-23)-(17-22)-(14-15)-(13-21)-(11-20)-(10-18)-(8-9)-(7-16)-(6-12)-(4-5)-(2-3)-(0-1)],9.72747802734375e-05,0.04178571701049805,4,False,0
WtfII@`GH_b?B`?__WGA@?[C?OW?OG?WC?D@??WG??k_??^,[(21-22)-(19-23)-(15-17)-(13-14)-(11-20)-(10-18)-(8-9)-(7-16)-(6-12)-(4-5)-(2-3)-(0-1)],8.893013000488281e-05,0.039069414138793945,4,True,0
WtfII@`GH_b?B`?__WGA@?[C?OW?OG?WC?D@??WG??k_??^,[(21-22)-(19-23)-(15-17)-(13-14)-(11-20)-(10-18)-(8-9)-(7-16)-(6-12)-(4-5)-(2-3)-(0-1)],9.369850158691406e-05,0.042491912841796875,5,True,0
WtfII@`GH_b?B`?__WGA@?[C?OW?OG?WC?D@??WG??k_??^,[(22-23)-(17-18)-(14-15)-(13-21)-(11-20)-(10-19)-(8-9)-(7-16)-(6-12)-(4-5)-(2-3)-(0-1)],9.322166442871094e-05,0.05644106864929199,7,True,0
WtfII@`GH_b?B`?__WGA@?[C?OW?OG?WC?D@??WG??k_??^,[(22-23)-(17-18)-(14-15)-(13-21)-(11-20)-(10-19)-(8-9)-(7-16)-(6-12)-(4-5)-(2-3)-(0-1)],0.00010514259338378906,0.057706356048583984,6,True,0
WtfII@`GH_b?B`?__WGA@?[C?OW?OG?WC?D@??WG??k_??^,[(18-23)-(17-22)-(14-15)-(13-21)-(11-20)-(10-19)-(8-9)-(7-16)-(6-12)-(4-5)-(2-3)-(0-1)],0.00010585784912109375,0.04956412315368652,5,False,0
WtfII@`GH_b?B`?__WGA@?[C?OW?OG?WC?D@??WG??k_??^,[(18-23)-(17-22)-(14-15)-(13-21)-(11-20)-(10-19)-(8-9)-(7-16)-(6-12)-(4-5)-(2-3)-(0-1)],9.393692016601562e-05,0.05804109573364258,7,True,0
WtfII@`GH_b?B`?__WGA@?[C?OW?OG?WC?D@??WG??k_??^,[(21-23)-(18-22)-(15-17)-(13-14)-(11-20)-(10-19)-(8-9)-(7-16)-(6-12)-(4-5)-(2-3)-(0-1)],9.179115295410156e-05,0.03246617317199707,3,False,0
WtfII@`GH_b?B`?__WGA@?[C?OW?OG?WC?D@??WG??k_??^,[(21-23)-(18-22)-(15-17)-(13-14)-(11-20)-(10-19)-(8-9)-(7-16)-(6-12)-(4-5)-(2-3)-(0-1)],9.965896606445312e-05,0.07459115982055664,16,False,0
W|fIIC`GG_a@A@B?_OGE@?WC?oG?oG?WC?E@??wG?@o_??|,[(22-23)-(14-15)-(13-21)-(12-20)-(11-19)-(10-18)-(9-17)-(8-16)-(6-7)-(4-5)-(2-3)-(0-1)],9.202957153320312e-05,0.030530452728271484,3,True,0
W|fIIC`GG_a@A@B?_OGE@?WC?oG?oG?WC?E@??wG?@o_??|,[(22-23)-(14-15)-(13-21)-(12-20)-(11-19)-(10-18)-(9-17)-(8-16)-(6-7)-(4-5)-(2-3)-(0-1)],0.00010371208190917969,0.0225675106048584,2,True,0
W|fIIC`GG_a@A@B?_OGE@?WC?oG?oG?WC?E@??wG?@o_??|,[(20-23)-(15-22)-(13-14)-(12-21)-(11-19)-(10-18)-(9-17)-(8-16)-(6-7)-(4-5)-(2-3)-(0-1)],9.226799011230469e-05,0.04773139953613281,5,True,0
W|fIIC`GG_a@A@B?_OGE@?WC?oG?oG?WC?E@??wG?@o_??|,[(20-23)-(15-22)-(13-14)-(12-21)-(11-19)-(10-18)-(9-17)-(8-16)-(6-7)-(4-5)-(2-3)-(0-1)],9.489059448242188e-05,0.09911084175109863,19,False,0
W|fIIC`GG_a@A@B?_OGE@?WC?oG?oG?WC?E@??wG?@o_??|,[(20-23)-(15-22)-(14-21)-(12-13)-(11-19)-(10-18)-(9-17)-(8-16)-(6-7)-(4-5)-(2-3)-(0-1)],9.179115295410156e-05,0.05007672309875488,5,False,0
W|fIIC`GG_a@A@B?_OGE@?WC?oG?oG?WC?E@??wG?@o_??|,[(20-23)-(15-22)-(14-21)-(12-13)-(11-19)-(10-18)-(9-17)-(8-16)-(6-7)-(4-5)-(2-3)-(0-1)],9.059906005859375e-05,0.016198158264160156,1,True,0
W|fIIC`GG_a@A@B?_OGE@?WC?oG?oG?WC?E@??wG?@o_??|,[(22-23)-(20-21)-(14-15)-(12-13)-(11-19)-(10-18)-(9-17)-(8-16)-(6-7)-(4-5)-(2-3)-(0-1)],0.00010347366333007812,0.030663728713989258,3,True,0
W|fIIC`GG_a@A@B?_OGE@?WC?oG?oG?WC?E@??wG?@o_??|,[(22-23)-(20-21)-(14-15)-(12-13)-(11-19)-(10-18)-(9-17)-(8-16)-(6-7)-(4-5)-(2-3)-(0-1)],0.00010538101196289062,0.030193567276000977,3,True,0
W|fIIC`GG_a@A@B?_OGE@?WC?oG?oG?WC?E@??wG?@o_??|,[(21-22)-(20-23)-(14-15)-(12-13)-(11-19)-(10-18)-(9-17)-(8-16)-(6-7)-(4-5)-(2-3)-(0-1)],0.00010228157043457031,0.028838396072387695,3,True,0
W|fIIC`GG_a@A@B?_OGE@?WC?oG?oG?WC?E@??wG?@o_??|,[(21-22)-(20-23)-(14-15)-(12-13)-(11-19)-(10-18)-(9-17)-(8-16)-(6-7)-(4-5)-(2-3)-(0-1)],9.441375732421875e-05,0.031854867935180664,3,False,0
W|fIIC`GG_a@A@B?_OGE@?WC?oG?oG?WC?E@??wG?@o_??|,[(19-23)-(15-22)-(13-14)-(12-21)-(11-20)-(10-18)-(9-17)-(8-16)-(6-7)-(4-5)-(2-3)-(0-1)],9.1552734375e-05,0.03730344772338867,4,True,0
W|fIIC`GG_a@A@B?_OGE@?WC?oG?oG?WC?E@??wG?@o_??|,[(19-23)-(15-22)-(13-14)-(12-21)-(11-20)-(10-18)-(9-17)-(8-16)-(6-7)-(4-5)-(2-3)-(0-1)],9.512901306152344e-05,0.04658079147338867,5,True,0
W|fIIC`GG_a@A@B?_OGE@?WC?oG?oG?WC?E@??wG?@o_??|,[(19-23)-(15-22)-(14-21)-(12-13)-(11-20)-(10-18)-(9-17)-(8-16)-(6-7)-(4-5)-(2-3)-(0-1)],9.5367431640625e-05,0.06133842468261719,6,False,0
W|fIIC`GG_a@A@B?_OGE@?WC?oG?oG?WC?E@??wG?@o_??|,[(19-23)-(15-22)-(14-21)-(12-13)-(11-20)-(10-18)-(9-17)-(8-16)-(6-7)-(4-5)-(2-3)-(0-1)],9.822845458984375e-05,0.022548675537109375,2,True,0
W|fIIC`GG_a@A@B?_OGE@?WC?oG?oG?WC?E@??wG?@o_??|,[(21-22)-(19-23)-(14-15)-(12-13)-(11-20)-(10-18)-(9-17)-(8-16)-(6-7)-(4-5)-(2-3)-(0-1)],9.179115295410156e-05,0.031613826751708984,3,False,0
W|fIIC`GG_a@A@B?_OGE@?WC?oG?oG?WC?E@??wG?@o_??|,[(21-22)-(19-23)-(14-15)-(12-13)-(11-20)-(10-18)-(9-17)-(8-16)-(6-7)-(4-5)-(2-3)-(0-1)],9.369850158691406e-05,0.03774595260620117,4,True,0
W|fIIC`GG_a@A@B?_OGE@?WC?oG?oG?WC?E@??wG?@o_??|,[(22-23)-(19-20)-(14-15)-(13-21)-(11-12)-(10-18)-(9-17)-(8-16)-(6-7)-(4-5)-(2-3)-(0-1)],9.107589721679688e-05,0.06074023246765137,6,False,0
W|fIIC`GG_a@A@B?_OGE@?WC?oG?oG?WC?E@??wG?@o_??|,[(22-23)-(19-20)-(14-15)-(13-21)-(11-12)-(10-18)-(9-17)-(8-16)-(6-7)-(4-5)-(2-3)-(0-1)],9.512901306152344e-05,0.011355400085449219,1,True,0
W|fIIC`GG_a@A@B?_OGE@?WC?oG?oG?WC?E@??wG?@o_??|,[(20-21)-(19-23)-(15-22)-(13-14)-(11-12)-(10-18)-(9-17)-(8-16)-(6-7)-(4-5)-(2-3)-(0-1)],9.417533874511719e-05,0.02303338050842285,2,True,0
W|fIIC`GG_a@A@B?_OGE@?WC?oG?oG?WC?E@??wG?@o_??|,[(20-21)-(19-23)-(15-22)-(13-14)-(11-12)-(10-18)-(9-17)-(8-16)-(6-7)-(4-5)-(2-3)-(0-1)],9.131431579589844e-05,0.03894948959350586,4,True,0
WtfIID`GH?a@E?B__WGB@?CC?WG?WG?GC?E@??kG??R_?@x,[(21-22)-(19-23)-(15-16)-(13-14)-(12-20)-(11-18)-(10-17)-(8-9)-(6-7)-(4-5)-(2-3)-(0-1)],9.465217590332031e-05,0.02325272560119629,2,False,0
WtfIID`GH?a@E?B__WGB@?CC?WG?WG?GC?E@??kG??R_?@x,[(21-22)-(19-23)-(15-16)-(13-14)-(12-20)-(11-18)-(10-17)-(8-9)-(6-7)-(4-5)-(2-3)-(0-1)],9.465217590332031e-05,0.05293917655944824,5,False,0
WtfIID`GH?a@E?B__WGB@?CC?WG?WG?GC?E@??kG??R_?@x,[(19-23)-(16-22)-(15-21)-(13-14)-(12-20)-(11-18)-(10-17)-(8-9)-(6-7)-(4-5)-(2-3)-(0-1)],0.00010538101196289062,0.04626178741455078,5,True,0
WtfIID`GH?a@E?B__WGB@?CC?WG?WG?GC?E@??kG??R_?@x,[(19-23)-(16-22)-(15-21)-(13-14)-(12-20)-(11-18)-(10-17)-(8-9)-(6-7)-(4-5)-(2-3)-(0-1)],9.5367431640625e-05,0.1341538429260254,21,False,0
WtfIID`GH?a@E?B__WGB@?CC?WG?WG?GC?E@??kG??R_?@x,[(19-22)-(16-23)-(15-21)-(13-14)-(12-20)-(11-18)-(10-17)-(8-9)-(6-7)-(4-5)-(2-3)-(0-1)],9.012222290039062e-05,0.03700089454650879,4,True,0
WtfIID`GH?a@E?B__WGB@?CC?WG?WG?GC?E@??kG??R_?@x,[(19-22)-(16-23)-(15-21)-(13-14)-(12-20)-(11-18)-(10-17)-(8-9)-(6-7)-(4-5)-(2-3)-(0-1)],0.00010776519775390625,0.06069540977478027,6,True,0
WtfIID`GH?a@E?B__WGB@?CC?WG?WG?GC?E@??kG??R_?@x,[(22-23)-(19-20)-(15-16)-(13-14)-(12-21)-(11-18)-(10-17)-(8-9)-(6-7)-(4-5)-(2-3)-(0-1)],9.083747863769531e-05,0.01584482192993164,1,True,0
WtfIID`GH?a@E?B__WGB@?CC?WG?WG?GC?E@??kG??R_?@x,[(22-23)-(19-20)-(15-16)-(13-14)-(12-21)-(11-18)-(10-17)-(8-9)-(6-7)-(4-5)-(2-3)-(0-1)],9.179115295410156e-05,0.04074716567993164,4,False,0
WtfIID`GH?a@E?B__WGB@?CC?WG?WG?GC?E@??kG??R_?@x,[(20-22)-(19-23)-(15-16)-(13-14)-(12-21)-(11-18)-(10-17)-(8-9)-(6-7)-(4-5)-(2-3)-(0-1)],9.179115295410156e-05,0.016631126403808594,1,False,0
WtfIID`GH?a@E?B__WGB@?CC?WG?WG?GC?E@??kG??R_?@x,[(20-22)-(19-23)-(15-16)-(13-14)-(12-21)-(11-18)-(10-17)-(8-9)-(6-7)-(4-5)-(2-3)-(0-1)],9.441375732421875e-05,0.0405120849609375,4,False,0
WtfIID`GH?a@E?B__WGB@?CC?WG?WG?GC?E@??kG??R_?@x,[(22-23)-(19-20)-(15-16)-(14-21)-(12-13)-(11-18)-(10-17)-(8-9)-(6-7)-(4-5)-(2-3)-(0-1)],0.00010538101196289062,0.030170917510986328,3,True,0
WtfIID`GH?a@E?B__WGB@?CC?WG?WG?GC?E@??kG??R_?@x,[(22-23)-(19-20)-(15-16)-(14-21)-(12-13)-(11-18)-(10-17)-(8-9)-(6-7)-(4-5)-(2-3)-(0-1)],9.5367431640625e-05,0.022666215896606445,2,True,0
WtfIID`GH?a@E?B__WGB@?CC?WG?WG?GC?E@??kG??R_?@x,[(20-22)-(19-23)-(15-16)-(14-21)-(12-13)-(11-18)-(10-17)-(8-9)-(6-7)-(4-5)-(2-3)-(0-1)],0.00011801719665527344,0.030226945877075195,3,True,0
WtfIID`GH?a@E?B__WGB@?CC?WG?WG?GC?E@??kG??R_?@x,[(20-22)-(19-23)-(15-16)-(14-21)-(12-13)-(11-18)-(10-17)-(8-9)-(6-7)-(4-5)-(2-3)-(0-1)],9.393692016601562e-05,0.022726058959960938,2,True,0
WtfIID`GH?a@E?B__WGB@?CC?WG?WG?GC?E@??kG??R_?@x,[(20-21)-(19-23)-(16-22)-(14-15)-(12-13)-(11-18)-(10-17)-(8-9)-(6-7)-(4-5)-(2-3)-(0-1)],8.845329284667969e-05,0.01587200164794922,1,True,0
WtfIID`GH?a@E?B__WGB@?CC?WG?WG?GC?E@??kG??R_?@x,[(20-21)-(19-23)-(16-22)-(14-15)-(12-13)-(11-18)-(10-17)-(8-9)-(6-7)-(4-5)-(2-3)-(0-1)],9.489059448242188e-05,0.1680450439453125,23,False,0
WtfIID`GH?a@E?B__WGB@?CC?WG?WG?GC?E@??kG??R_?@x,[(21-22)-(19-20)-(16-23)-(14-15)-(12-13)-(11-18)-(10-17)-(8-9)-(6-7)-(4-5)-(2-3)-(0-1)],0.00011491775512695312,0.0763087272644043,9,True,0
WtfIID`GH?a@E?B__WGB@?CC?WG?WG?GC?E@??kG??R_?@x,[(21-22)-(19-20)-(16-23)-(14-15)-(12-13)-(11-18)-(10-17)-(8-9)-(6-7)-(4-5)-(2-3)-(0-1)],0.0001049041748046875,0.015817880630493164,1,True,0
WtfIID`GH?a@E?B__WGB@?CC?WG?WG?GC?E@??kG??R_?@x,[(20-21)-(19-22)-(16-23)-(14-15)-(12-13)-(11-18)-(10-17)-(8-9)-(6-7)-(4-5)-(2-3)-(0-1)],9.250640869140625e-05,0.058133840560913086,7,True,0
WtfIID`GH?a@E?B__WGB@?CC?WG?WG?GC?E@??kG??R_?@x,[(20-21)-(19-22)-(16-23)-(14-15)-(12-13)-(11-18)-(10-17)-(8-9)-(6-7)-(4-5)-(2-3)-(0-1)],9.584426879882812e-05,0.07926225662231445,15,False,0
WtfIID`GH_a?A@B__WGB@?CC?WG?WG?GC?E@??kG??R_?@x,[(21-22)-(19-23)-(15-16)-(13-14)-(12-20)-(11-18)-(10-17)-(8-9)-(6-7)-(4-5)-(2-3)-(0-1)],9.369850158691406e-05,0.0955512523651123,17,False,0
WtfIID`GH_a?A@B__WGB@?CC?WG?WG?GC?E@??kG??R_?@x,[(21-22)-(19-23)-(15-16)-(13-14)-(12-20)-(11-18)-(10-17)-(8-9)-(6-7)-(4-5)-(2-3)-(0-1)],9.202957153320312e-05,0.02231574058532715,2,True,0
WtfIID`GH_a?A@B__WGB@?CC?WG?WG?GC?E@??kG??R_?@x,[(19-23)-(16-22)-(15-21)-(13-14)-(12-20)-(11-18)-(10-17)-(8-9)-(6-7)-(4-5)-(2-3)-(0-1)],9.322166442871094e-05,0.036702632904052734,4,True,0
WtfIID`GH_a?A@B__WGB@?CC?WG?WG?GC?E@??kG??R_?@x,[(19-23)-(16-22)-(15-21)-(13-14)-(12-20)-(11-18)-(10-17)-(8-9)-(6-7)-(4-5)-(2-3)-(0-1)],9.512901306152344e-05,0.09438729286193848,11,False,0
WtfIID`GH_a?A@B__WGB@?CC?WG?WG?GC?E@??kG??R_?@x,[(19-22)-(16-23)-(15-21)-(13-14)-(12-20)-(11-18)-(10-17)-(8-9)-(6-7)-(4-5)-(2-3)-(0-1)],9.34600830078125e-05,0.0363764762878418,4,True,0
WtfIID`GH_a?A@B__WGB@?CC?WG?WG?GC?E@??kG??R_?@x,[(19-22)-(16-23)-(15-21)-(13-14)-(12-20)-(11-18)-(10-17)-(8-9)-(6-7)-(4-5)-(2-3)-(0-1)],9.250640869140625e-05,0.1217501163482666,19,False,0
WtfIID`GH_a?A@B__WGB@?CC?WG?WG?GC?E@??kG??R_?@x,[(22-23)-(19-20)-(15-16)-(13-14)-(12-21)-(11-18)-(10-17)-(8-9)-(6-7)-(4-5)-(2-3)-(0-1)],9.107589721679688e-05,0.0775606632232666,9,True,0
WtfIID`GH_a?A@B__WGB@?CC?WG?WG?GC?E@??kG??R_?@x,[(22-23)-(19-20)-(15-16)-(13-14)-(12-21)-(11-18)-(10-17)-(8-9)-(6-7)-(4-5)-(2-3)-(0-1)],9.274482727050781e-05,0.0389094352722168,4,True,0
WtfIID`GH_a?A@B__WGB@?CC?WG?WG?GC?E@??kG??R_?@x,[(20-22)-(19-23)-(15-16)-(13-14)-(12-21)-(11-18)-(10-17)-(8-9)-(6-7)-(4-5)-(2-3)-(0-1)],8.916854858398438e-05,0.06197237968444824,8,True,0
WtfIID`GH_a?A@B__WGB@?CC?WG?WG?GC?E@??kG??R_?@x,[(20-22)-(19-23)-(15-16)-(13-14)-(12-21)-(11-18)-(10-17)-(8-9)-(6-7)-(4-5)-(2-3)-(0-1)],8.988380432128906e-05,0.02397775650024414,2,False,0
WtfIID`GH_a?A@B__WGB@?CC?WG?WG?GC?E@??kG??R_?@x,[(22-23)-(19-20)-(15-16)-(14-21)-(12-13)-(11-18)-(10-17)-(8-9)-(6-7)-(4-5)-(2-3)-(0-1)],8.916854858398438e-05,0.03795003890991211,4,True,0
WtfIID`GH_a?A@B__WGB@?CC?WG?WG?GC?E@??kG??R_?@x,[(22-23)-(19-20)-(15-16)-(14-21)-(12-13)-(11-18)-(10-17)-(8-9)-(6-7)-(4-5)-(2-3)-(0-1)],9.107589721679688e-05,0.02335214614868164,2,False,0
WtfIID`GH_a?A@B__WGB@?CC?WG?WG?GC?E@??kG??R_?@x,[(20-22)-(19-23)-(15-16)-(14-21)-(12-13)-(11-18)-(10-17)-(8-9)-(6-7)-(4-5)-(2-3)-(0-1)],9.107589721679688e-05,0.0488276481628418,5,True,0
WtfIID`GH_a?A@B__WGB@?CC?WG?WG?GC?E@??kG??R_?@x,[(20-22)-(19-23)-(15-16)-(14-21)-(12-13)-(11-18)-(10-17)-(8-9)-(6-7)-(4-5)-(2-3)-(0-1)],9.417533874511719e-05,0.023030757904052734,2,True,0
WtfIID`GH_a?A@B__WGB@?CC?WG?WG?GC?E@??kG??R_?@x,[(20-21)-(19-23)-(16-22)-(14-15)-(12-13)-(11-18)-(10-17)-(8-9)-(6-7)-(4-5)-(2-3)-(0-1)],8.988380432128906e-05,0.0374298095703125,4,True,0
WtfIID`GH_a?A@B__WGB@?CC?WG?WG?GC?E@??kG??R_?@x,[(20-21)-(19-23)-(16-22)-(14-15)-(12-13)-(11-18)-(10-17)-(8-9)-(6-7)-(4-5)-(2-3)-(0-1)],9.441375732421875e-05,0.0738976001739502,9,True,0
WtfIID`GH_a?A@B__WGB@?CC?WG?WG?GC?E@??kG??R_?@x,[(21-22)-(19-20)-(16-23)-(14-15)-(12-13)-(11-18)-(10-17)-(8-9)-(6-7)-(4-5)-(2-3)-(0-1)],9.560585021972656e-05,0.051239728927612305,6,True,0
WtfIID`GH_a?A@B__WGB@?CC?WG?WG?GC?E@??kG??R_?@x,[(21-22)-(19-20)-(16-23)-(14-15)-(12-13)-(11-18)-(10-17)-(8-9)-(6-7)-(4-5)-(2-3)-(0-1)],9.417533874511719e-05,0.07145357131958008,14,False,0
WtfIID`GH_a?A@B__WGB@?CC?WG?WG?GC?E@??kG??R_?@x,[(20-21)-(19-22)-(16-23)-(14-15)-(12-13)-(11-18)-(10-17)-(8-9)-(6-7)-(4-5)-(2-3)-(0-1)],0.00013136863708496094,0.04459381103515625,5,True,0
WtfIID`GH_a?A@B__WGB@?CC?WG?WG?GC?E@??kG??R_?@x,[(20-21)-(19-22)-(16-23)-(14-15)-(12-13)-(11-18)-(10-17)-(8-9)-(6-7)-(4-5)-(2-3)-(0-1)],9.72747802734375e-05,0.06293654441833496,7,False,0
WtfIID`GH_a?A@B__WGA@?KC?WG?WG?GC?E@??kG??b_?@x,[(22-23)-(15-21)-(13-14)-(12-20)-(11-19)-(10-18)-(9-17)-(8-16)-(6-7)-(4-5)-(2-3)-(0-1)],9.322166442871094e-05,0.04156970977783203,5,True,0
WtfIID`GH_a?A@B__WGA@?KC?WG?WG?GC?E@??kG??b_?@x,[(22-23)-(15-21)-(13-14)-(12-20)-(11-19)-(10-18)-(9-17)-(8-16)-(6-7)-(4-5)-(2-3)-(0-1)],9.441375732421875e-05,0.047944068908691406,5,True,0
WtfIID`GH_a?A@B__WGA@?KC?WG?WG?GC?E@??kG??b_?@x,[(22-23)-(20-21)-(14-15)-(12-13)-(11-19)-(10-18)-(9-17)-(8-16)-(6-7)-(4-5)-(2-3)-(0-1)],8.988380432128906e-05,0.029083728790283203,3,True,0
WtfIID`GH_a?A@B__WGA@?KC?WG?WG?GC?E@??kG??b_?@x,[(22-23)-(20-21)-(14-15)-(12-13)-(11-19)-(10-18)-(9-17)-(8-16)-(6-7)-(4-5)-(2-3)-(0-1)],0.00010633468627929688,0.12955474853515625,21,False,0
WtfIID`GH_a?A@B__WGA@?KC?WG?WG?GC?E@??kG??b_?@x,[(19-23)-(15-22)-(13-14)-(12-21)-(11-20)-(10-18)-(9-17)-(8-16)-(6-7)-(4-5)-(2-3)-(0-1)],9.083747863769531e-05,0.04348397254943848,5,False,0
WtfIID`GH_a?A@B__WGA@?KC?WG?WG?GC?E@??kG??b_?@x,[(19-23)-(15-22)-(13-14)-(12-21)-(11-20)-(10-18)-(9-17)-(8-16)-(6-7)-(4-5)-(2-3)-(0-1)],9.608268737792969e-05,0.03004598617553711,3,True,0
WtfIID`GH_a?A@B__WGA@?KC?WG?WG?GC?E@??kG??b_?@x,[(19-23)-(15-22)-(14-21)-(12-13)-(11-20)-(10-18)-(9-17)-(8-16)-(6-7)-(4-5)-(2-3)-(0-1)],8.940696716308594e-05,0.029723405838012695,3,True,0
WtfIID`GH_a?A@B__WGA@?KC?WG?WG?GC?E@??kG??b_?@x,[(19-23)-(15-22)-(14-21)-(12-13)-(11-20)-(10-18)-(9-17)-(8-16)-(6-7)-(4-5)-(2-3)-(0-1)],9.226799011230469e-05,0.058089494705200195,6,True,0
WtfIID`GH_a?A@B__WGA@?KC?WG?WG?GC?E@??kG??b_?@x,[(21-22)-(19-23)-(14-15)-(12-13)-(11-20)-(10-18)-(9-17)-(8-16)-(6-7)-(4-5)-(2-3)-(0-1)],0.00010275840759277344,0.030004024505615234,3,True,0
WtfIID`GH_a?A@B__WGA@?KC?WG?WG?GC?E@??kG??b_?@x,[(21-22)-(19-23)-(14-15)-(12-13)-(11-20)-(10-18)-(9-17)-(8-16)-(6-7)-(4-5)-(2-3)-(0-1)],9.202957153320312e-05,0.03167414665222168,3,False,0
WtfIID`GH_a?A@B__WGA@?KC?WG?WG?GC?E@??kG??b_?@x,[(22-23)-(19-20)-(15-21)-(13-14)-(11-12)-(10-18)-(9-17)-(8-16)-(6-7)-(4-5)-(2-3)-(0-1)],9.632110595703125e-05,0.02268195152282715,2,True,0
WtfIID`GH_a?A@B__WGA@?KC?WG?WG?GC?E@??kG??b_?@x,[(22-23)-(19-20)-(15-21)-(13-14)-(11-12)-(10-18)-(9-17)-(8-16)-(6-7)-(4-5)-(2-3)-(0-1)],9.202957153320312e-05,0.044213056564331055,5,True,0
WtfIID`GH_a?A@B__WGA@?KC?WG?WG?GC?E@??kG??b_?@x,[(20-22)-(19-23)-(15-21)-(13-14)-(11-12)-(10-18)-(9-17)-(8-16)-(6-7)-(4-5)-(2-3)-(0-1)],9.226799011230469e-05,0.03822660446166992,4,True,0
WtfIID`GH_a?A@B__WGA@?KC?WG?WG?GC?E@??kG??b_?@x,[(20-22)-(19-23)-(15-21)-(13-14)-(11-12)-(10-18)-(9-17)-(8-16)-(6-7)-(4-5)-(2-3)-(0-1)],9.417533874511719e-05,0.048198699951171875,5,True,0
WtfIID`GH_a?A@B__WGA@?KC?WG?WG?GC?E@??kG??b_?@x,[(20-21)-(19-23)-(15-22)-(13-14)-(11-12)-(10-18)-(9-17)-(8-16)-(6-7)-(4-5)-(2-3)-(0-1)],0.00010013580322265625,0.04580235481262207,5,True,0
WtfIID`GH_a?A@B__WGA@?KC?WG?WG?GC?E@??kG??b_?@x,[(20-21)-(19-23)-(15-22)-(13-14)-(11-12)-(10-18)-(9-17)-(8-16)-(6-7)-(4-5)-(2-3)-(0-1)],9.34600830078125e-05,0.022791385650634766,2,True,0
WtfIID`GH_a?A@B__WGA@?KC?WG?WG?GC?E@??kG??b_?@x,[(19-22)-(17-23)-(15-21)-(13-14)-(12-20)-(11-18)-(9-10)-(8-16)-(6-7)-(4-5)-(2-3)-(0-1)],0.00014066696166992188,0.08028483390808105,8,True,0
WtfIID`GH_a?A@B__WGA@?KC?WG?WG?GC?E@??kG??b_?@x,[(19-22)-(17-23)-(15-21)-(13-14)-(12-20)-(11-18)-(9-10)-(8-16)-(6-7)-(4-5)-(2-3)-(0-1)],9.465217590332031e-05,0.06905031204223633,8,True,0
WtfIID`GH_a?A@B__WGA@?KC?WG?WG?GC?E@??kG??b_?@x,[(19-20)-(17-23)-(15-22)-(13-14)-(12-21)-(11-18)-(9-10)-(8-16)-(6-7)-(4-5)-(2-3)-(0-1)],9.131431579589844e-05,0.02994561195373535,3,True,0
WtfIID`GH_a?A@B__WGA@?KC?WG?WG?GC?E@??kG??b_?@x,[(19-20)-(17-23)-(15-22)-(13-14)-(12-21)-(11-18)-(9-10)-(8-16)-(6-7)-(4-5)-(2-3)-(0-1)],9.417533874511719e-05,0.07255053520202637,8,True,0
WtbIID`GH_a@E?A?`oGE@?WC?OG?wG?GK?E@??oG?Ao_??n,[(22-23)-(14-15)-(13-21)-(12-20)-(11-19)-(10-18)-(9-17)-(8-16)-(6-7)-(4-5)-(2-3)-(0-1)],9.179115295410156e-05,0.03917837142944336,4,True,0
WtbIID`GH_a@E?A?`oGE@?WC?OG?wG?GK?E@??oG?Ao_??n,[(22-23)-(14-15)-(13-21)-(12-20)-(11-19)-(10-18)-(9-17)-(8-16)-(6-7)-(4-5)-(2-3)-(0-1)],9.393692016601562e-05,0.04639625549316406,5,True,0
WtbIID`GH_a@E?A?`oGE@?WC?OG?wG?GK?E@??oG?Ao_??n,[(21-23)-(14-15)-(13-22)-(12-20)-(11-19)-(10-18)-(9-17)-(8-16)-(6-7)-(4-5)-(2-3)-(0-1)],8.988380432128906e-05,0.023006916046142578,2,True,0
WtbIID`GH_a@E?A?`oGE@?WC?OG?wG?GK?E@??oG?Ao_??n,[(21-23)-(14-15)-(13-22)-(12-20)-(11-19)-(10-18)-(9-17)-(8-16)-(6-7)-(4-5)-(2-3)-(0-1)],9.322166442871094e-05,0.03248405456542969,3,False,0
WtbIID`GH_a@E?A?`oGE@?WC?OG?wG?GK?E@??oG?Ao_??n,[(21-23)-(15-22)-(13-14)-(12-20)-(11-19)-(10-18)-(9-17)-(8-16)-(6-7)-(4-5)-(2-3)-(0-1)],8.988380432128906e-05,0.0407412052154541,5,True,0
WtbIID`GH_a@E?A?`oGE@?WC?OG?wG?GK?E@??oG?Ao_??n,[(21-23)-(15-22)-(13-14)-(12-20)-(11-19)-(10-18)-(9-17)-(8-16)-(6-7)-(4-5)-(2-3)-(0-1)],0.00010633468627929688,0.03177833557128906,3,True,0
WtbIID`GH_a@E?A?`oGE@?WC?OG?wG?GK?E@??oG?Ao_??n,[(20-23)-(14-15)-(13-22)-(12-21)-(11-19)-(10-18)-(9-17)-(8-16)-(6-7)-(4-5)-(2-3)-(0-1)],8.845329284667969e-05,0.11998748779296875,23,False,0
WtbIID`GH_a@E?A?`oGE@?WC?OG?wG?GK?E@??oG?Ao_??n,[(20-23)-(14-15)-(13-22)-(12-21)-(11-19)-(10-18)-(9-17)-(8-16)-(6-7)-(4-5)-(2-3)-(0-1)],9.298324584960938e-05,0.041977882385253906,5,True,0
WtbIID`GH_a@E?A?`oGE@?WC?OG?wG?GK?E@??oG?Ao_??n,[(20-23)-(15-22)-(13-14)-(12-21)-(11-19)-(10-18)-(9-17)-(8-16)-(6-7)-(4-5)-(2-3)-(0-1)],9.202957153320312e-05,0.04995298385620117,5,True,0
WtbIID`GH_a@E?A?`oGE@?WC?OG?wG?GK?E@??oG?Ao_??n,[(20-23)-(15-22)-(13-14)-(12-21)-(11-19)-(10-18)-(9-17)-(8-16)-(6-7)-(4-5)-(2-3)-(0-1)],9.465217590332031e-05,0.0727694034576416,16,False,0
WtbIID`GH_a@E?A?`oGE@?WC?OG?wG?GK?E@??oG?Ao_??n,[(22-23)-(20-21)-(14-15)-(12-13)-(11-19)-(10-18)-(9-17)-(8-16)-(6-7)-(4-5)-(2-3)-(0-1)],8.988380432128906e-05,0.03822469711303711,4,True,0
WtbIID`GH_a@E?A?`oGE@?WC?OG?wG?GK?E@??oG?Ao_??n,[(22-23)-(20-21)-(14-15)-(12-13)-(11-19)-(10-18)-(9-17)-(8-16)-(6-7)-(4-5)-(2-3)-(0-1)],9.489059448242188e-05,0.050470590591430664,5,True,0
WtbIID`GH_a@E?A?`oGE@?WC?OG?wG?GK?E@??oG?Ao_??n,[(21-22)-(20-23)-(14-15)-(12-13)-(11-19)-(10-18)-(9-17)-(8-16)-(6-7)-(4-5)-(2-3)-(0-1)],9.036064147949219e-05,0.04945254325866699,5,True,0
WtbIID`GH_a@E?A?`oGE@?WC?OG?wG?GK?E@??oG?Ao_??n,[(21-22)-(20-23)-(14-15)-(12-13)-(11-19)-(10-18)-(9-17)-(8-16)-(6-7)-(4-5)-(2-3)-(0-1)],9.441375732421875e-05,0.030683040618896484,3,True,0
WtbIID`GH_a@E?A?`oGE@?WC?OG?wG?GK?E@??oG?Ao_??n,[(19-23)-(14-15)-(13-22)-(12-21)-(11-20)-(10-18)-(9-17)-(8-16)-(6-7)-(4-5)-(2-3)-(0-1)],9.202957153320312e-05,0.03794097900390625,4,True,0
WtbIID`GH_a@E?A?`oGE@?WC?OG?wG?GK?E@??oG?Ao_??n,[(19-23)-(14-15)-(13-22)-(12-21)-(11-20)-(10-18)-(9-17)-(8-16)-(6-7)-(4-5)-(2-3)-(0-1)],0.00010895729064941406,0.03903031349182129,4,True,0
WtbIID`GH_a@E?A?`oGE@?WC?OG?wG?GK?E@??oG?Ao_??n,[(19-23)-(15-22)-(13-14)-(12-21)-(11-20)-(10-18)-(9-17)-(8-16)-(6-7)-(4-5)-(2-3)-(0-1)],0.00010728836059570312,0.08166718482971191,16,False,0
WtbIID`GH_a@E?A?`oGE@?WC?OG?wG?GK?E@??oG?Ao_??n,[(19-23)-(15-22)-(13-14)-(12-21)-(11-20)-(10-18)-(9-17)-(8-16)-(6-7)-(4-5)-(2-3)-(0-1)],9.393692016601562e-05,0.030605077743530273,3,True,0
WtbIID`GH_a@E?A?`oGE@?WC?OG?wG?GK?E@??oG?Ao_??n,[(21-22)-(19-23)-(14-15)-(12-13)-(11-20)-(10-18)-(9-17)-(8-16)-(6-7)-(4-5)-(2-3)-(0-1)],0.00012612342834472656,0.031141996383666992,3,True,0
WtbIID`GH_a@E?A?`oGE@?WC?OG?wG?GK?E@??oG?Ao_??n,[(21-22)-(19-23)-(14-15)-(12-13)-(11-20)-(10-18)-(9-17)-(8-16)-(6-7)-(4-5)-(2-3)-(0-1)],9.298324584960938e-05,0.0384831428527832,4,True,0
WtfAID_GH_b@A@B?_oGE@?OC@_G@_G?_C?M@??_W?Bo_?@y,[(19-23)-(14-15)-(13-22)-(12-21)-(10-20)-(9-18)-(8-17)-(7-16)-(5-6)-(4-11)-(2-3)-(0-1)],9.489059448242188e-05,0.06114697456359863,6,False,0
WtfAID_GH_b@A@B?_oGE@?OC@_G@_G?_C?M@??_W?Bo_?@y,[(19-23)-(14-15)-(13-22)-(12-21)-(10-20)-(9-18)-(8-17)-(7-16)-(5-6)-(4-11)-(2-3)-(0-1)],9.322166442871094e-05,0.023037433624267578,2,True,0
WtfAID_GH_b@A@B?_oGE@?OC@_G@_G?_C?M@??_W?Bo_?@y,[(19-23)-(15-22)-(13-14)-(12-21)-(10-20)-(9-18)-(8-17)-(7-16)-(5-6)-(4-11)-(2-3)-(0-1)],9.202957153320312e-05,0.05632495880126953,6,True,0
WtfAID_GH_b@A@B?_oGE@?OC@_G@_G?_C?M@??_W?Bo_?@y,[(19-23)-(15-22)-(13-14)-(12-21)-(10-20)-(9-18)-(8-17)-(7-16)-(5-6)-(4-11)-(2-3)-(0-1)],9.560585021972656e-05,0.031139850616455078,3,True,0
WtfAID_GH_b@A@B?_oGE@?OC@_G@_G?_C?M@??_W?Bo_?@y,[(21-22)-(19-23)-(14-15)-(12-13)-(10-20)-(9-18)-(8-17)-(7-16)-(5-6)-(4-11)-(2-3)-(0-1)],9.036064147949219e-05,0.05102038383483887,5,False,0
WtfAID_GH_b@A@B?_oGE@?OC@_G@_G?_C?M@??_W?Bo_?@y,[(21-22)-(19-23)-(14-15)-(12-13)-(10-20)-(9-18)-(8-17)-(7-16)-(5-6)-(4-11)-(2-3)-(0-1)],9.703636169433594e-05,0.03938484191894531,4,False,0
WtfAID_GH_b@A@B?_oGE@?OC@_G@_G?_C?M@??_W?Bo_?@y,[(18-23)-(14-15)-(13-22)-(12-21)-(10-20)-(9-19)-(8-17)-(7-16)-(5-6)-(4-11)-(2-3)-(0-1)],9.012222290039062e-05,0.03703498840332031,4,True,0
WtfAID_GH_b@A@B?_oGE@?OC@_G@_G?_C?M@??_W?Bo_?@y,[(18-23)-(14-15)-(13-22)-(12-21)-(10-20)-(9-19)-(8-17)-(7-16)-(5-6)-(4-11)-(2-3)-(0-1)],0.00010609626770019531,0.024081945419311523,2,False,0
WtfAID_GH_b@A@B?_oGE@?OC@_G@_G?_C?M@??_W?Bo_?@y,[(18-23)-(15-22)-(13-14)-(12-21)-(10-20)-(9-19)-(8-17)-(7-16)-(5-6)-(4-11)-(2-3)-(0-1)],9.012222290039062e-05,0.04503965377807617,5,True,0
WtfAID_GH_b@A@B?_oGE@?OC@_G@_G?_C?M@??_W?Bo_?@y,[(18-23)-(15-22)-(13-14)-(12-21)-(10-20)-(9-19)-(8-17)-(7-16)-(5-6)-(4-11)-(2-3)-(0-1)],0.00010967254638671875,0.0713348388671875,15,False,0
WtfAID_GH_b@A@B?_oGE@?OC@_G@_G?_C?M@??_W?Bo_?@y,[(21-22)-(18-23)-(14-15)-(12-13)-(10-20)-(9-19)-(8-17)-(7-16)-(5-6)-(4-11)-(2-3)-(0-1)],9.059906005859375e-05,0.030373334884643555,3,True,0
WtfAID_GH_b@A@B?_oGE@?OC@_G@_G?_C?M@??_W?Bo_?@y,[(21-22)-(18-23)-(14-15)-(12-13)-(10-20)-(9-19)-(8-17)-(7-16)-(5-6)-(4-11)-(2-3)-(0-1)],9.369850158691406e-05,0.030349254608154297,3,True,0
WtfAID_GH_b@A@B?_oGE@?OC@_G@_G?_C?M@??_W?Bo_?@y,[(21-23)-(18-19)-(14-15)-(13-22)-(12-20)-(9-10)-(8-17)-(7-16)-(5-6)-(4-11)-(2-3)-(0-1)],9.179115295410156e-05,0.04013395309448242,4,True,0
WtfAID_GH_b@A@B?_oGE@?OC@_G@_G?_C?M@??_W?Bo_?@y,[(21-23)-(18-19)-(14-15)-(13-22)-(12-20)-(9-10)-(8-17)-(7-16)-(5-6)-(4-11)-(2-3)-(0-1)],9.72747802734375e-05,0.0472414493560791,5,True,0
WtfAID_GH_b@A@B?_oGE@?OC@_G@_G?_C?M@??_W?Bo_?@y,[(19-21)-(18-23)-(14-15)-(13-22)-(12-20)-(9-10)-(8-17)-(7-16)-(5-6)-(4-11)-(2-3)-(0-1)],9.107589721679688e-05,0.04442930221557617,4,False,0
WtfAID_GH_b@A@B?_oGE@?OC@_G@_G?_C?M@??_W?Bo_?@y,[(19-21)-(18-23)-(14-15)-(13-22)-(12-20)-(9-10)-(8-17)-(7-16)-(5-6)-(4-11)-(2-3)-(0-1)],9.179115295410156e-05,0.04645133018493652,5,True,0
WtfAID_GH_b@A@B?_oGE@?OC@_G@_G?_C?M@??_W?Bo_?@y,[(21-23)-(18-19)-(15-22)-(13-14)-(12-20)-(9-10)-(8-17)-(7-16)-(5-6)-(4-11)-(2-3)-(0-1)],9.441375732421875e-05,0.033331871032714844,3,True,0
WtfAID_GH_b@A@B?_oGE@?OC@_G@_G?_C?M@??_W?Bo_?@y,[(21-23)-(18-19)-(15-22)-(13-14)-(12-20)-(9-10)-(8-17)-(7-16)-(5-6)-(4-11)-(2-3)-(0-1)],9.489059448242188e-05,0.03910374641418457,4,True,0
WtfAID_GH_b@A@B?_oGE@?OC@_G@_G?_C?M@??_W?Bo_?@y,[(19-21)-(18-23)-(15-22)-(13-14)-(12-20)-(9-10)-(8-17)-(7-16)-(5-6)-(4-11)-(2-3)-(0-1)],9.012222290039062e-05,0.04801344871520996,12,False,0
WtfAID_GH_b@A@B?_oGE@?OC@_G@_G?_C?M@??_W?Bo_?@y,[(19-21)-(18-23)-(15-22)-(13-14)-(12-20)-(9-10)-(8-17)-(7-16)-(5-6)-(4-11)-(2-3)-(0-1)],9.226799011230469e-05,0.06044340133666992,6,False,0
WtfIID`GH_a?A@B__W?B`?E??KG?GG?KC?B`??M???[_??^,[(21-23)-(18-22)-(14-15)-(13-20)-(12-19)-(11-17)-(10-16)-(8-9)-(6-7)-(4-5)-(2-3)-(0-1)],9.393692016601562e-05,0.03751420974731445,4,True,0
WtfIID`GH_a?A@B__W?B`?E??KG?GG?KC?B`??M???[_??^,[(21-23)-(18-22)-(14-15)-(13-20)-(12-19)-(11-17)-(10-16)-(8-9)-(6-7)-(4-5)-(2-3)-(0-1)],9.107589721679688e-05,0.041547298431396484,5,True,0
WtfIID`GH_a?A@B__W?B`?E??KG?GG?KC?B`??M???[_??^,[(21-22)-(18-23)-(14-15)-(13-20)-(12-19)-(11-17)-(10-16)-(8-9)-(6-7)-(4-5)-(2-3)-(0-1)],0.00010132789611816406,0.029117584228515625,3,True,0
WtfIID`GH_a?A@B__W?B`?E??KG?GG?KC?B`??M???[_??^,[(21-22)-(18-23)-(14-15)-(13-20)-(12-19)-(11-17)-(10-16)-(8-9)-(6-7)-(4-5)-(2-3)-(0-1)],9.393692016601562e-05,0.0649867057800293,7,True,0
WtfIID`GH_a?A@B__W?B`?E??KG?GG?KC?B`??M???[_??^,[(22-23)-(18-19)-(15-21)-(14-20)-(12-13)-(11-17)-(10-16)-(8-9)-(6-7)-(4-5)-(2-3)-(0-1)],9.131431579589844e-05,0.024168014526367188,2,False,0
WtfIID`GH_a?A@B__W?B`?E??KG?GG?KC?B`??M???[_??^,[(22-23)-(18-19)-(15-21)-(14-20)-(12-13)-(11-17)-(10-16)-(8-9)-(6-7)-(4-5)-(2-3)-(0-1)],9.274482727050781e-05,0.02894878387451172,3,True,0
WtfIID`GH_a?A@B__W?B`?E??KG?GG?KC?B`??M???[_??^,[(19-23)-(18-22)-(15-21)-(14-20)-(12-13)-(11-17)-(10-16)-(8-9)-(6-7)-(4-5)-(2-3)-(0-1)],8.940696716308594e-05,0.03730273246765137,4,True,0
WtfIID`GH_a?A@B__W?B`?E??KG?GG?KC?B`??M???[_??^,[(19-23)-(18-22)-(15-21)-(14-20)-(12-13)-(11-17)-(10-16)-(8-9)-(6-7)-(4-5)-(2-3)-(0-1)],9.703636169433594e-05,0.059645891189575195,8,True,0
WtfIID`GH_a?A@B__W?B`?E??KG?GG?KC?B`??M???[_??^,[(21-22)-(20-23)-(18-19)-(14-15)-(12-13)-(11-17)-(10-16)-(8-9)-(6-7)-(4-5)-(2-3)-(0-1)],8.821487426757812e-05,0.022372722625732422,2,True,0
WtfIID`GH_a?A@B__W?B`?E??KG?GG?KC?B`??M???[_??^,[(21-22)-(20-23)-(18-19)-(14-15)-(12-13)-(11-17)-(10-16)-(8-9)-(6-7)-(4-5)-(2-3)-(0-1)],9.298324584960938e-05,0.037750959396362305,4,True,0
WtfIID`GH_a?A@B__W?B`?E??KG?GG?KC?B`??M???[_??^,[(21-23)-(19-20)-(18-22)-(14-15)-(12-13)-(11-17)-(10-16)-(8-9)-(6-7)-(4-5)-(2-3)-(0-1)],8.869171142578125e-05,0.03825974464416504,4,True,0
WtfIID`GH_a?A@B__W?B`?E??KG?GG?KC?B`??M???[_??^,[(21-23)-(19-20)-(18-22)-(14-15)-(12-13)-(11-17)-(10-16)-(8-9)-(6-7)-(4-5)-(2-3)-(0-1)],9.441375732421875e-05,0.056829214096069336,13,False,0
WtfIID`GH_a?A@B__W?B`?E??KG?GG?KC?B`??M???[_??^,[(21-22)-(19-20)-(18-23)-(14-15)-(12-13)-(11-17)-(10-16)-(8-9)-(6-7)-(4-5)-(2-3)-(0-1)],0.00010323524475097656,0.022345542907714844,2,True,0
WtfIID`GH_a?A@B__W?B`?E??KG?GG?KC?B`??M???[_??^,[(21-22)-(19-20)-(18-23)-(14-15)-(12-13)-(11-17)-(10-16)-(8-9)-(6-7)-(4-5)-(2-3)-(0-1)],9.298324584960938e-05,0.03731489181518555,4,True,0
WtfIID`GH_a?A@B__W?B`?E??KG?GG?KC?B`??M???[_??^,[(21-23)-(17-22)-(14-15)-(13-20)-(12-19)-(11-18)-(10-16)-(8-9)-(6-7)-(4-5)-(2-3)-(0-1)],9.441375732421875e-05,0.0375673770904541,4,True,0
WtfIID`GH_a?A@B__W?B`?E??KG?GG?KC?B`??M???[_??^,[(21-23)-(17-22)-(14-15)-(13-20)-(12-19)-(11-18)-(10-16)-(8-9)-(6-7)-(4-5)-(2-3)-(0-1)],9.250640869140625e-05,0.030641555786132812,3,True,0
WtfIID`GH_a?A@B__W?B`?E??KG?GG?KC?B`??M???[_??^,[(19-23)-(17-22)-(15-21)-(14-20)-(12-13)-(11-18)-(10-16)-(8-9)-(6-7)-(4-5)-(2-3)-(0-1)],9.083747863769531e-05,0.05289101600646973,6,True,0
WtfIID`GH_a?A@B__W?B`?E??KG?GG?KC?B`??M???[_??^,[(19-23)-(17-22)-(15-21)-(14-20)-(12-13)-(11-18)-(10-16)-(8-9)-(6-7)-(4-5)-(2-3)-(0-1)],9.5367431640625e-05,0.0828547477722168,17,False,0
WtfIID`GH_a?A@B__W?B`?E??KG?GG?KC?B`??M???[_??^,[(21-23)-(19-20)-(17-22)-(14-15)-(12-13)-(11-18)-(10-16)-(8-9)-(6-7)-(4-5)-(2-3)-(0-1)],0.00010395050048828125,0.022993087768554688,2,True,0
WtfIID`GH_a?A@B__W?B`?E??KG?GG?KC?B`??M???[_??^,[(21-23)-(19-20)-(17-22)-(14-15)-(12-13)-(11-18)-(10-16)-(8-9)-(6-7)-(4-5)-(2-3)-(0-1)],9.298324584960938e-05,0.04799914360046387,5,False,0
WtbIID`GH_a@E?A?`oGE??[C?[??GG?KC?B@??[G??{???^,[(18-23)-(15-22)-(14-21)-(13-20)-(12-19)-(10-11)-(9-17)-(8-16)-(6-7)-(4-5)-(2-3)-(0-1)],9.083747863769531e-05,0.061630964279174805,7,True,0
WtbIID`GH_a@E?A?`oGE??[C?[??GG?KC?B@??[G??{???^,[(18-23)-(15-22)-(14-21)-(13-20)-(12-19)-(10-11)-(9-17)-(8-16)-(6-7)-(4-5)-(2-3)-(0-1)],9.393692016601562e-05,0.15361785888671875,20,False,0
WtbIID`GH_a@E?A?`oGE??[C?[??GG?KC?B@??[G??{???^,[(20-23)-(18-22)-(15-21)-(13-14)-(12-19)-(10-11)-(9-17)-(8-16)-(6-7)-(4-5)-(2-3)-(0-1)],9.083747863769531e-05,0.11075544357299805,18,False,0
WtbIID`GH_a@E?A?`oGE??[C?[??GG?KC?B@??[G??{???^,[(20-23)-(18-22)-(15-21)-(13-14)-(12-19)-(10-11)-(9-17)-(8-16)-(6-7)-(4-5)-(2-3)-(0-1)],9.202957153320312e-05,0.03637862205505371,4,True,0
WtbIID`GH_a@E?A?`oGE??[C?[??GG?KC?B@??[G??{???^,[(20-21)-(18-23)-(15-22)-(13-14)-(12-19)-(10-11)-(9-17)-(8-16)-(6-7)-(4-5)-(2-3)-(0-1)],8.821487426757812e-05,0.04285764694213867,5,False,0
WtbIID`GH_a@E?A?`oGE??[C?[??GG?KC?B@??[G??{???^,[(20-21)-(18-23)-(15-22)-(13-14)-(12-19)-(10-11)-(9-17)-(8-16)-(6-7)-(4-5)-(2-3)-(0-1)],9.417533874511719e-05,0.08687257766723633,16,False,0
WtbIID`GH_a@E?A?`oGE??[C?[??GG?KC?B@??[G??{???^,[(22-23)-(18-19)-(15-21)-(13-14)-(12-20)-(10-11)-(9-17)-(8-16)-(6-7)-(4-5)-(2-3)-(0-1)],8.988380432128906e-05,0.06252694129943848,6,True,0
WtbIID`GH_a@E?A?`oGE??[C?[??GG?KC?B@??[G??{???^,[(22-23)-(18-19)-(15-21)-(13-14)-(12-20)-(10-11)-(9-17)-(8-16)-(6-7)-(4-5)-(2-3)-(0-1)],9.417533874511719e-05,0.02109217643737793,2,True,0
WtbIID`GH_a@E?A?`oGE??[C?[??GG?KC?B@??[G??{???^,[(19-23)-(18-22)-(15-21)-(13-14)-(12-20)-(10-11)-(9-17)-(8-16)-(6-7)-(4-5)-(2-3)-(0-1)],8.916854858398438e-05,0.021059036254882812,2,True,0
WtbIID`GH_a@E?A?`oGE??[C?[??GG?KC?B@??[G??{???^,[(19-23)-(18-22)-(15-21)-(13-14)-(12-20)-(10-11)-(9-17)-(8-16)-(6-7)-(4-5)-(2-3)-(0-1)],9.393692016601562e-05,0.021398544311523438,2,True,0
WtbIID`GH_a@E?A?`oGE??[C?[??GG?KC?B@??[G??{???^,[(21-23)-(18-19)-(15-22)-(13-14)-(12-20)-(10-11)-(9-17)-(8-16)-(6-7)-(4-5)-(2-3)-(0-1)],9.131431579589844e-05,0.03806781768798828,4,True,0
WtbIID`GH_a@E?A?`oGE??[C?[??GG?KC?B@??[G??{???^,[(21-23)-(18-19)-(15-22)-(13-14)-(12-20)-(10-11)-(9-17)-(8-16)-(6-7)-(4-5)-(2-3)-(0-1)],9.560585021972656e-05,0.11048340797424316,19,False,0
WtbIID`GH_a@E?A?`oGE??[C?[??GG?KC?B@??[G??{???^,[(20-23)-(18-19)-(15-22)-(14-21)-(12-13)-(10-11)-(9-17)-(8-16)-(6-7)-(4-5)-(2-3)-(0-1)],9.036064147949219e-05,0.0883488655090332,16,False,0
WtbIID`GH_a@E?A?`oGE??[C?[??GG?KC?B@??[G??{???^,[(20-23)-(18-19)-(15-22)-(14-21)-(12-13)-(10-11)-(9-17)-(8-16)-(6-7)-(4-5)-(2-3)-(0-1)],9.107589721679688e-05,0.1116786003112793,19,False,0
WtbIID`GH_a@E?A?`oGE??[C?[??GG?KC?B@??[G??{???^,[(19-20)-(18-23)-(15-22)-(14-21)-(12-13)-(10-11)-(9-17)-(8-16)-(6-7)-(4-5)-(2-3)-(0-1)],8.797645568847656e-05,0.08853459358215332,16,False,0
WtbIID`GH_a@E?A?`oGE??[C?[??GG?KC?B@??[G??{???^,[(19-20)-(18-23)-(15-22)-(14-21)-(12-13)-(10-11)-(9-17)-(8-16)-(6-7)-(4-5)-(2-3)-(0-1)],9.036064147949219e-05,0.08023929595947266,8,False,0
WtbIID`GH_a@E?A?`oGE??[C?[??GG?KC?B@??[G??{???^,[(18-23)-(15-22)-(14-21)-(13-20)-(12-19)-(11-17)-(9-10)-(8-16)-(6-7)-(4-5)-(2-3)-(0-1)],8.940696716308594e-05,0.0558009147644043,7,True,0
WtbIID`GH_a@E?A?`oGE??[C?[??GG?KC?B@??[G??{???^,[(18-23)-(15-22)-(14-21)-(13-20)-(12-19)-(11-17)-(9-10)-(8-16)-(6-7)-(4-5)-(2-3)-(0-1)],9.274482727050781e-05,0.02911686897277832,3,True,0
WtbIID`GH_a@E?A?`oGE??[C?[??GG?KC?B@??[G??{???^,[(20-23)-(18-22)-(15-21)-(13-14)-(12-19)-(11-17)-(9-10)-(8-16)-(6-7)-(4-5)-(2-3)-(0-1)],8.654594421386719e-05,0.04519844055175781,5,True,0
WtbIID`GH_a@E?A?`oGE??[C?[??GG?KC?B@??[G??{???^,[(20-23)-(18-22)-(15-21)-(13-14)-(12-19)-(11-17)-(9-10)-(8-16)-(6-7)-(4-5)-(2-3)-(0-1)],9.489059448242188e-05,0.07267904281616211,9,False,0
WtfIID?GH?e@E@B_?WGA@?WC?_G@_G?oC?M@??{???w_??|,[(17-23)-(15-22)-(13-14)-(12-21)-(11-20)-(10-19)-(9-18)-(8-16)-(6-7)-(4-5)-(2-3)-(0-1)],0.00011777877807617188,0.03848123550415039,4,True,0
WtfIID?GH?e@E@B_?WGA@?WC?_G@_G?oC?M@??{???w_??|,[(17-23)-(15-22)-(13-14)-(12-21)-(11-20)-(10-19)-(9-18)-(8-16)-(6-7)-(4-5)-(2-3)-(0-1)],9.298324584960938e-05,0.06434321403503418,14,False,0
WtfIID?GH?e@E@B_?WGA@?WC?_G@_G?oC?M@??{???w_??|,[(20-23)-(17-22)-(14-15)-(13-21)-(11-12)-(10-19)-(9-18)-(8-16)-(6-7)-(4-5)-(2-3)-(0-1)],9.012222290039062e-05,0.05623459815979004,6,True,0
WtfIID?GH?e@E@B_?WGA@?WC?_G@_G?oC?M@??{???w_??|,[(20-23)-(17-22)-(14-15)-(13-21)-(11-12)-(10-19)-(9-18)-(8-16)-(6-7)-(4-5)-(2-3)-(0-1)],0.00010132789611816406,0.0465550422668457,5,True,0
WtfIID?GH?e@E@B_?WGA@?WC?_G@_G?oC?M@??{???w_??|,[(20-23)-(17-22)-(15-21)-(13-14)-(11-12)-(10-19)-(9-18)-(8-16)-(6-7)-(4-5)-(2-3)-(0-1)],8.630752563476562e-05,0.03696179389953613,4,True,0
WtfIID?GH?e@E@B_?WGA@?WC?_G@_G?oC?M@??{???w_??|,[(20-23)-(17-22)-(15-21)-(13-14)-(11-12)-(10-19)-(9-18)-(8-16)-(6-7)-(4-5)-(2-3)-(0-1)],9.274482727050781e-05,0.0850687026977539,9,True,0
WtfIID?GH?e@E@B_?WGA@?WC?_G@_G?oC?M@??{???w_??|,[(19-23)-(17-22)-(14-15)-(13-21)-(11-12)-(10-20)-(9-18)-(8-16)-(6-7)-(4-5)-(2-3)-(0-1)],9.083747863769531e-05,0.05648612976074219,6,False,0
WtfIID?GH?e@E@B_?WGA@?WC?_G@_G?oC?M@??{???w_??|,[(19-23)-(17-22)-(14-15)-(13-21)-(11-12)-(10-20)-(9-18)-(8-16)-(6-7)-(4-5)-(2-3)-(0-1)],9.34600830078125e-05,0.037004947662353516,4,True,0
WtfIID?GH?e@E@B_?WGA@?WC?_G@_G?oC?M@??{???w_??|,[(19-23)-(17-22)-(15-21)-(13-14)-(11-12)-(10-20)-(9-18)-(8-16)-(6-7)-(4-5)-(2-3)-(0-1)],8.869171142578125e-05,0.03742218017578125,4,True,0
WtfIID?GH?e@E@B_?WGA@?WC?_G@_G?oC?M@??{???w_??|,[(19-23)-(17-22)-(15-21)-(13-14)-(11-12)-(10-20)-(9-18)-(8-16)-(6-7)-(4-5)-(2-3)-(0-1)],9.584426879882812e-05,0.044019460678100586,5,True,0
WtfIID?GH?e@E@B_?WGA@?WC?_G@_G?oC?M@??{???w_??|,[(19-23)-(17-22)-(14-15)-(13-21)-(12-20)-(10-11)-(9-18)-(8-16)-(6-7)-(4-5)-(2-3)-(0-1)],8.726119995117188e-05,0.06712055206298828,7,True,0
WtfIID?GH?e@E@B_?WGA@?WC?_G@_G?oC?M@??{???w_??|,[(19-23)-(17-22)-(14-15)-(13-21)-(12-20)-(10-11)-(9-18)-(8-16)-(6-7)-(4-5)-(2-3)-(0-1)],0.00016570091247558594,0.060594797134399414,7,True,0
WtfIID?GH?e@E@B_?WGA@?WC?_G@_G?oC?M@??{???w_??|,[(19-23)-(17-22)-(15-21)-(13-14)-(12-20)-(10-11)-(9-18)-(8-16)-(6-7)-(4-5)-(2-3)-(0-1)],9.417533874511719e-05,0.03695988655090332,4,True,0
WtfIID?GH?e@E@B_?WGA@?WC?_G@_G?oC?M@??{???w_??|,[(19-23)-(17-22)-(15-21)-(13-14)-(12-20)-(10-11)-(9-18)-(8-16)-(6-7)-(4-5)-(2-3)-(0-1)],9.5367431640625e-05,0.06438326835632324,8,True,0
WtfIID?GH?e@E@B_?WGA@?WC?_G@_G?oC?M@??{???w_??|,[(19-20)-(17-23)-(15-22)-(13-14)-(12-21)-(10-11)-(9-18)-(8-16)-(6-7)-(4-5)-(2-3)-(0-1)],8.726119995117188e-05,0.08672523498535156,14,False,0
WtfIID?GH?e@E@B_?WGA@?WC?_G@_G?oC?M@??{???w_??|,[(19-20)-(17-23)-(15-22)-(13-14)-(12-21)-(10-11)-(9-18)-(8-16)-(6-7)-(4-5)-(2-3)-(0-1)],8.96453857421875e-05,0.028479576110839844,3,True,0
WtfIID?GH?e@E@B_?WGA@?WC?_G@_G?oC?M@??{???w_??|,[(22-23)-(17-18)-(14-15)-(13-21)-(11-12)-(10-20)-(9-19)-(8-16)-(6-7)-(4-5)-(2-3)-(0-1)],9.202957153320312e-05,0.028122663497924805,3,True,0
WtfIID?GH?e@E@B_?WGA@?WC?_G@_G?oC?M@??{???w_??|,[(22-23)-(17-18)-(14-15)-(13-21)-(11-12)-(10-20)-(9-19)-(8-16)-(6-7)-(4-5)-(2-3)-(0-1)],8.988380432128906e-05,0.028419971466064453,3,True,0
WtfIID?GH?e@E@B_?WGA@?WC?_G@_G?oC?M@??{???w_??|,[(18-23)-(17-22)-(14-15)-(13-21)-(11-12)-(10-20)-(9-19)-(8-16)-(6-7)-(4-5)-(2-3)-(0-1)],9.059906005859375e-05,0.07234025001525879,8,False,0
WtfIID?GH?e@E@B_?WGA@?WC?_G@_G?oC?M@??{???w_??|,[(18-23)-(17-22)-(14-15)-(13-21)-(11-12)-(10-20)-(9-19)-(8-16)-(6-7)-(4-5)-(2-3)-(0-1)],9.34600830078125e-05,0.11255121231079102,21,False,0
WtfII@_GH_b@B_?__WGA@?OC@_G@_G?wC?F???[G??p_?@x,[(22-23)-(14-15)-(13-21)-(11-20)-(10-19)-(9-18)-(8-17)-(7-16)-(6-12)-(4-5)-(2-3)-(0-1)],9.369850158691406e-05,0.04533028602600098,5,True,0
WtfII@_GH_b@B_?__WGA@?OC@_G@_G?wC?F???[G??p_?@x,[(22-23)-(14-15)-(13-21)-(11-20)-(10-19)-(9-18)-(8-17)-(7-16)-(6-12)-(4-5)-(2-3)-(0-1)],9.512901306152344e-05,0.08772158622741699,16,False,0
WtfII@_GH_b@B_?__WGA@?OC@_G@_G?wC?F???[G??p_?@x,[(22-23)-(15-21)-(13-14)-(11-20)-(10-19)-(9-18)-(8-17)-(7-16)-(6-12)-(4-5)-(2-3)-(0-1)],8.821487426757812e-05,0.04692673683166504,6,True,0
WtfII@_GH_b@B_?__WGA@?OC@_G@_G?wC?F???[G??p_?@x,[(22-23)-(15-21)-(13-14)-(11-20)-(10-19)-(9-18)-(8-17)-(7-16)-(6-12)-(4-5)-(2-3)-(0-1)],9.441375732421875e-05,0.08676290512084961,16,False,0
WtfII@_GH_b@B_?__WGA@?OC@_G@_G?wC?F???[G??p_?@x,[(19-23)-(15-22)-(14-21)-(13-20)-(10-11)-(9-18)-(8-17)-(7-16)-(6-12)-(4-5)-(2-3)-(0-1)],8.845329284667969e-05,0.028878450393676758,3,False,0
WtfII@_GH_b@B_?__WGA@?OC@_G@_G?wC?F???[G??p_?@x,[(19-23)-(15-22)-(14-21)-(13-20)-(10-11)-(9-18)-(8-17)-(7-16)-(6-12)-(4-5)-(2-3)-(0-1)],9.107589721679688e-05,0.03036189079284668,3,False,0
WtfII@_GH_b@B_?__WGA@?OC@_G@_G?wC?F???[G??p_?@x,[(21-22)-(19-23)-(14-15)-(13-20)-(10-11)-(9-18)-(8-17)-(7-16)-(6-12)-(4-5)-(2-3)-(0-1)],8.916854858398438e-05,0.04883265495300293,5,False,0
WtfII@_GH_b@B_?__WGA@?OC@_G@_G?wC?F???[G??p_?@x,[(21-22)-(19-23)-(14-15)-(13-20)-(10-11)-(9-18)-(8-17)-(7-16)-(6-12)-(4-5)-(2-3)-(0-1)],0.00011014938354492188,0.05514168739318848,6,True,0
WtfII@_GH_b@B_?__WGA@?OC@_G@_G?wC?F???[G??p_?@x,[(20-22)-(19-23)-(14-15)-(13-21)-(10-11)-(9-18)-(8-17)-(7-16)-(6-12)-(4-5)-(2-3)-(0-1)],8.845329284667969e-05,0.0440220832824707,5,True,0
WtfII@_GH_b@B_?__WGA@?OC@_G@_G?wC?F???[G??p_?@x,[(20-22)-(19-23)-(14-15)-(13-21)-(10-11)-(9-18)-(8-17)-(7-16)-(6-12)-(4-5)-(2-3)-(0-1)],9.298324584960938e-05,0.028356075286865234,3,True,0
WtfII@_GH_b@B_?__WGA@?OC@_G@_G?wC?F???[G??p_?@x,[(20-22)-(19-23)-(15-21)-(13-14)-(10-11)-(9-18)-(8-17)-(7-16)-(6-12)-(4-5)-(2-3)-(0-1)],8.869171142578125e-05,0.03589677810668945,4,True,0
WtfII@_GH_b@B_?__WGA@?OC@_G@_G?wC?F???[G??p_?@x,[(20-22)-(19-23)-(15-21)-(13-14)-(10-11)-(9-18)-(8-17)-(7-16)-(6-12)-(4-5)-(2-3)-(0-1)],9.441375732421875e-05,0.05929255485534668,6,False,0
WtfII@_GH_b@B_?__WGA@?OC@_G@_G?wC?F???[G??p_?@x,[(20-21)-(19-23)-(15-22)-(13-14)-(10-11)-(9-18)-(8-17)-(7-16)-(6-12)-(4-5)-(2-3)-(0-1)],9.012222290039062e-05,0.035523176193237305,4,True,0
WtfII@_GH_b@B_?__WGA@?OC@_G@_G?wC?F???[G??p_?@x,[(20-21)-(19-23)-(15-22)-(13-14)-(10-11)-(9-18)-(8-17)-(7-16)-(6-12)-(4-5)-(2-3)-(0-1)],9.417533874511719e-05,0.05921173095703125,6,False,0
WtfII@_GH_b@B_?__WGA@?OC@_G@_G?wC?F???[G??p_?@x,[(18-23)-(15-22)-(14-21)-(13-20)-(10-11)-(9-19)-(8-17)-(7-16)-(6-12)-(4-5)-(2-3)-(0-1)],8.940696716308594e-05,0.03530120849609375,4,True,0
WtfII@_GH_b@B_?__WGA@?OC@_G@_G?wC?F???[G??p_?@x,[(18-23)-(15-22)-(14-21)-(13-20)-(10-11)-(9-19)-(8-17)-(7-16)-(6-12)-(4-5)-(2-3)-(0-1)],9.942054748535156e-05,0.03933095932006836,4,False,0
WtfII@_GH_b@B_?__WGA@?OC@_G@_G?wC?F???[G??p_?@x,[(21-22)-(18-23)-(14-15)-(13-20)-(10-11)-(9-19)-(8-17)-(7-16)-(6-12)-(4-5)-(2-3)-(0-1)],9.632110595703125e-05,0.030057191848754883,3,False,0
WtfII@_GH_b@B_?__WGA@?OC@_G@_G?wC?F???[G??p_?@x,[(21-22)-(18-23)-(14-15)-(13-20)-(10-11)-(9-19)-(8-17)-(7-16)-(6-12)-(4-5)-(2-3)-(0-1)],9.322166442871094e-05,0.07312893867492676,15,False,0
WtfII@_GH_b@B_?__WGA@?OC@_G@_G?wC?F???[G??p_?@x,[(20-22)-(18-23)-(14-15)-(13-21)-(10-11)-(9-19)-(8-17)-(7-16)-(6-12)-(4-5)-(2-3)-(0-1)],9.465217590332031e-05,0.07346081733703613,9,True,0
WtfII@_GH_b@B_?__WGA@?OC@_G@_G?wC?F???[G??p_?@x,[(20-22)-(18-23)-(14-15)-(13-21)-(10-11)-(9-19)-(8-17)-(7-16)-(6-12)-(4-5)-(2-3)-(0-1)],9.369850158691406e-05,0.0753488540649414,15,False,0
W|eIAD`KGo`_@@@__OGE@?OC?wG?W??KC?B`??M???[_??^,[(22-23)-(15-16)-(14-21)-(13-20)-(12-19)-(11-18)-(9-10)-(8-17)-(6-7)-(4-5)-(2-3)-(0-1)],9.1552734375e-05,0.02877664566040039,3,True,0
W|eIAD`KGo`_@@@__OGE@?OC?wG?W??KC?B`??M???[_??^,[(22-23)-(15-16)-(14-21)-(13-20)-(12-19)-(11-18)-(9-10)-(8-17)-(6-7)-(4-5)-(2-3)-(0-1)],9.655952453613281e-05,0.0138397216796875,1,True,0
W|eIAD`KGo`_@@@__OGE@?OC?wG?W??KC?B`??M???[_??^,[(22-23)-(16-21)-(14-15)-(13-20)-(12-19)-(11-18)-(9-10)-(8-17)-(6-7)-(4-5)-(2-3)-(0-1)],9.1552734375e-05,0.04783272743225098,5,True,0
W|eIAD`KGo`_@@@__OGE@?OC?wG?W??KC?B`??M???[_??^,[(22-23)-(16-21)-(14-15)-(13-20)-(12-19)-(11-18)-(9-10)-(8-17)-(6-7)-(4-5)-(2-3)-(0-1)],9.489059448242188e-05,0.07540154457092285,9,False,0
W|eIAD`KGo`_@@@__OGE@?OC?wG?W??KC?B`??M???[_??^,[(21-23)-(16-22)-(14-15)-(13-20)-(12-19)-(11-18)-(9-10)-(8-17)-(6-7)-(4-5)-(2-3)-(0-1)],8.749961853027344e-05,0.04914498329162598,5,True,0
W|eIAD`KGo`_@@@__OGE@?OC?wG?W??KC?B`??M???[_??^,[(21-23)-(16-22)-(14-15)-(13-20)-(12-19)-(11-18)-(9-10)-(8-17)-(6-7)-(4-5)-(2-3)-(0-1)],9.5367431640625e-05,0.055937767028808594,6,True,0
W|eIAD`KGo`_@@@__OGE@?OC?wG?W??KC?B`??M???[_??^,[(21-22)-(20-23)-(15-16)-(13-14)-(12-19)-(11-18)-(9-10)-(8-17)-(6-7)-(4-5)-(2-3)-(0-1)],9.131431579589844e-05,0.037331581115722656,4,True,0
W|eIAD`KGo`_@@@__OGE@?OC?wG?W??KC?B`??M???[_??^,[(21-22)-(20-23)-(15-16)-(13-14)-(12-19)-(11-18)-(9-10)-(8-17)-(6-7)-(4-5)-(2-3)-(0-1)],0.00010013580322265625,0.02111649513244629,2,True,0
W|eIAD`KGo`_@@@__OGE@?OC?wG?W??KC?B`??M???[_??^,[(20-23)-(16-22)-(15-21)-(13-14)-(12-19)-(11-18)-(9-10)-(8-17)-(6-7)-(4-5)-(2-3)-(0-1)],9.1552734375e-05,0.028968334197998047,3,True,0
W|eIAD`KGo`_@@@__OGE@?OC?wG?W??KC?B`??M???[_??^,[(20-23)-(16-22)-(15-21)-(13-14)-(12-19)-(11-18)-(9-10)-(8-17)-(6-7)-(4-5)-(2-3)-(0-1)],0.00010752677917480469,0.0462799072265625,5,True,0
W|eIAD`KGo`_@@@__OGE@?OC?wG?W??KC?B`??M???[_??^,[(21-22)-(19-23)-(15-16)-(13-14)-(12-20)-(11-18)-(9-10)-(8-17)-(6-7)-(4-5)-(2-3)-(0-1)],9.083747863769531e-05,0.03857588768005371,4,False,0
W|eIAD`KGo`_@@@__OGE@?OC?wG?W??KC?B`??M???[_??^,[(21-22)-(19-23)-(15-16)-(13-14)-(12-20)-(11-18)-(9-10)-(8-17)-(6-7)-(4-5)-(2-3)-(0-1)],0.00010037422180175781,0.02924633026123047,3,True,0
W|eIAD`KGo`_@@@__OGE@?OC?wG?W??KC?B`??M???[_??^,[(19-23)-(16-22)-(15-21)-(13-14)-(12-20)-(11-18)-(9-10)-(8-17)-(6-7)-(4-5)-(2-3)-(0-1)],8.749961853027344e-05,0.022085189819335938,2,False,0
W|eIAD`KGo`_@@@__OGE@?OC?wG?W??KC?B`??M???[_??^,[(19-23)-(16-22)-(15-21)-(13-14)-(12-20)-(11-18)-(9-10)-(8-17)-(6-7)-(4-5)-(2-3)-(0-1)],9.441375732421875e-05,0.08355355262756348,17,False,0
W|eIAD`KGo`_@@@__OGE@?OC?wG?W??KC?B`??M???[_??^,[(21-22)-(19-23)-(15-16)-(14-20)-(12-13)-(11-18)-(9-10)-(8-17)-(6-7)-(4-5)-(2-3)-(0-1)],9.036064147949219e-05,0.0953981876373291,17,False,0
W|eIAD`KGo`_@@@__OGE@?OC?wG?W??KC?B`??M???[_??^,[(21-22)-(19-23)-(15-16)-(14-20)-(12-13)-(11-18)-(9-10)-(8-17)-(6-7)-(4-5)-(2-3)-(0-1)],9.179115295410156e-05,0.026916980743408203,3,True,0
W|eIAD`KGo`_@@@__OGE@?OC?wG?W??KC?B`??M???[_??^,[(19-23)-(16-22)-(15-21)-(14-20)-(12-13)-(11-18)-(9-10)-(8-17)-(6-7)-(4-5)-(2-3)-(0-1)],9.72747802734375e-05,0.035544633865356445,4,True,0
W|eIAD`KGo`_@@@__OGE@?OC?wG?W??KC?B`??M???[_??^,[(19-23)-(16-22)-(15-21)-(14-20)-(12-13)-(11-18)-(9-10)-(8-17)-(6-7)-(4-5)-(2-3)-(0-1)],9.5367431640625e-05,0.10066890716552734,11,True,0
W|eIAD`KGo`_@@@__OGE@?OC?wG?W??KC?B`??M???[_??^,[(22-23)-(19-20)-(15-16)-(14-21)-(12-13)-(11-18)-(9-10)-(8-17)-(6-7)-(4-5)-(2-3)-(0-1)],8.7738037109375e-05,0.01416015625,1,True,0
W|eIAD`KGo`_@@@__OGE@?OC?wG?W??KC?B`??M???[_??^,[(22-23)-(19-20)-(15-16)-(14-21)-(12-13)-(11-18)-(9-10)-(8-17)-(6-7)-(4-5)-(2-3)-(0-1)],9.202957153320312e-05,0.12722158432006836,22,False,0
WtfIID`GH?a@E@B?_OGE@?[C?OW?OG?WC?E@??WG?@K_??^,[(22-23)-(14-15)-(13-21)-(12-20)-(11-19)-(10-18)-(9-17)-(8-16)-(6-7)-(4-5)-(2-3)-(0-1)],9.226799011230469e-05,0.0660390853881836,7,True,0
WtfIID`GH?a@E@B?_OGE@?[C?OW?OG?WC?E@??WG?@K_??^,[(22-23)-(14-15)-(13-21)-(12-20)-(11-19)-(10-18)-(9-17)-(8-16)-(6-7)-(4-5)-(2-3)-(0-1)],9.489059448242188e-05,0.04518914222717285,5,True,0
WtfIID`GH?a@E@B?_OGE@?[C?OW?OG?WC?E@??WG?@K_??^,[(22-23)-(20-21)-(14-15)-(12-13)-(11-19)-(10-18)-(9-17)-(8-16)-(6-7)-(4-5)-(2-3)-(0-1)],9.036064147949219e-05,0.014545917510986328,1,True,0
WtfIID`GH?a@E@B?_OGE@?[C?OW?OG?WC?E@??WG?@K_??^,[(22-23)-(20-21)-(14-15)-(12-13)-(11-19)-(10-18)-(9-17)-(8-16)-(6-7)-(4-5)-(2-3)-(0-1)],8.940696716308594e-05,0.09990501403808594,17,False,0
WtfIID`GH?a@E@B?_OGE@?[C?OW?OG?WC?E@??WG?@K_??^,[(21-22)-(20-23)-(14-15)-(12-13)-(11-19)-(10-18)-(9-17)-(8-16)-(6-7)-(4-5)-(2-3)-(0-1)],9.059906005859375e-05,0.021023035049438477,2,True,0
WtfIID`GH?a@E@B?_OGE@?[C?OW?OG?WC?E@??WG?@K_??^,[(21-22)-(20-23)-(14-15)-(12-13)-(11-19)-(10-18)-(9-17)-(8-16)-(6-7)-(4-5)-(2-3)-(0-1)],8.821487426757812e-05,0.06996417045593262,7,False,0
WtfIID`GH?a@E@B?_OGE@?[C?OW?OG?WC?E@??WG?@K_??^,[(21-22)-(19-23)-(14-15)-(12-13)-(11-20)-(10-18)-(9-17)-(8-16)-(6-7)-(4-5)-(2-3)-(0-1)],9.560585021972656e-05,0.04078865051269531,5,True,0
WtfIID`GH?a@E@B?_OGE@?[C?OW?OG?WC?E@??WG?@K_??^,[(21-22)-(19-23)-(14-15)-(12-13)-(11-20)-(10-18)-(9-17)-(8-16)-(6-7)-(4-5)-(2-3)-(0-1)],9.202957153320312e-05,0.07771801948547363,8,False,0
WtfIID`GH?a@E@B?_OGE@?[C?OW?OG?WC?E@??WG?@K_??^,[(22-23)-(19-20)-(14-15)-(13-21)-(11-12)-(10-18)-(9-17)-(8-16)-(6-7)-(4-5)-(2-3)-(0-1)],8.96453857421875e-05,0.036390066146850586,4,True,0
WtfIID`GH?a@E@B?_OGE@?[C?OW?OG?WC?E@??WG?@K_??^,[(22-23)-(19-20)-(14-15)-(13-21)-(11-12)-(10-18)-(9-17)-(8-16)-(6-7)-(4-5)-(2-3)-(0-1)],0.00010633468627929688,0.023656845092773438,2,False,0
WtfIID`GH?a@E@B?_OGE@?[C?OW?OG?WC?E@??WG?@K_??^,[(21-23)-(18-22)-(14-15)-(12-13)-(11-20)-(10-19)-(9-17)-(8-16)-(6-7)-(4-5)-(2-3)-(0-1)],8.869171142578125e-05,0.0364532470703125,4,True,0
WtfIID`GH?a@E@B?_OGE@?[C?OW?OG?WC?E@??WG?@K_??^,[(21-23)-(18-22)-(14-15)-(12-13)-(11-20)-(10-19)-(9-17)-(8-16)-(6-7)-(4-5)-(2-3)-(0-1)],9.179115295410156e-05,0.05335712432861328,6,True,0
WtfIID`GH?a@E@B?_OGE@?[C?OW?OG?WC?E@??WG?@K_??^,[(21-22)-(18-23)-(14-15)-(12-13)-(11-20)-(10-19)-(9-17)-(8-16)-(6-7)-(4-5)-(2-3)-(0-1)],9.012222290039062e-05,0.027411460876464844,3,True,0
WtfIID`GH?a@E@B?_OGE@?[C?OW?OG?WC?E@??WG?@K_??^,[(21-22)-(18-23)-(14-15)-(12-13)-(11-20)-(10-19)-(9-17)-(8-16)-(6-7)-(4-5)-(2-3)-(0-1)],9.679794311523438e-05,0.05981159210205078,7,True,0
WtfIID`GH?a@E@B?_OGE@?[C?OW?OG?WC?E@??WG?@K_??^,[(20-23)-(18-22)-(14-15)-(13-21)-(11-12)-(10-19)-(9-17)-(8-16)-(6-7)-(4-5)-(2-3)-(0-1)],0.00010180473327636719,0.03645920753479004,4,True,0
WtfIID`GH?a@E@B?_OGE@?[C?OW?OG?WC?E@??WG?@K_??^,[(20-23)-(18-22)-(14-15)-(13-21)-(11-12)-(10-19)-(9-17)-(8-16)-(6-7)-(4-5)-(2-3)-(0-1)],9.274482727050781e-05,0.021735191345214844,2,True,0
WtfIID`GH?a@E@B?_OGE@?[C?OW?OG?WC?E@??WG?@K_??^,[(22-23)-(18-19)-(14-15)-(13-21)-(12-20)-(10-11)-(9-17)-(8-16)-(6-7)-(4-5)-(2-3)-(0-1)],8.845329284667969e-05,0.04668760299682617,5,True,0
WtfIID`GH?a@E@B?_OGE@?[C?OW?OG?WC?E@??WG?@K_??^,[(22-23)-(18-19)-(14-15)-(13-21)-(12-20)-(10-11)-(9-17)-(8-16)-(6-7)-(4-5)-(2-3)-(0-1)],9.202957153320312e-05,0.014333724975585938,1,True,0
WtfIID`GH?a@E@B?_OGE@?[C?OW?OG?WC?E@??WG?@K_??^,[(19-23)-(18-22)-(14-15)-(13-21)-(12-20)-(10-11)-(9-17)-(8-16)-(6-7)-(4-5)-(2-3)-(0-1)],9.679794311523438e-05,0.03611326217651367,4,True,0
WtfIID`GH?a@E@B?_OGE@?[C?OW?OG?WC?E@??WG?@K_??^,[(19-23)-(18-22)-(14-15)-(13-21)-(12-20)-(10-11)-(9-17)-(8-16)-(6-7)-(4-5)-(2-3)-(0-1)],9.250640869140625e-05,0.039435386657714844,5,True,0
WtfIID`GH_b?A@@__OGA@?[C?W??WG?KC?B`??KG??w_??z,[(22-23)-(15-21)-(13-14)-(12-20)-(11-19)-(10-18)-(9-17)-(8-16)-(6-7)-(4-5)-(2-3)-(0-1)],9.131431579589844e-05,0.05491518974304199,6,True,0
WtfIID`GH_b?A@@__OGA@?[C?W??WG?KC?B`??KG??w_??z,[(22-23)-(15-21)-(13-14)-(12-20)-(11-19)-(10-18)-(9-17)-(8-16)-(6-7)-(4-5)-(2-3)-(0-1)],9.298324584960938e-05,0.021532535552978516,2,True,0
WtfIID`GH_b?A@@__OGA@?[C?W??WG?KC?B`??KG??w_??z,[(21-23)-(15-22)-(13-14)-(12-20)-(11-19)-(10-18)-(9-17)-(8-16)-(6-7)-(4-5)-(2-3)-(0-1)],8.797645568847656e-05,0.0723416805267334,16,False,0
WtfIID`GH_b?A@@__OGA@?[C?W??WG?KC?B`??KG??w_??z,[(21-23)-(15-22)-(13-14)-(12-20)-(11-19)-(10-18)-(9-17)-(8-16)-(6-7)-(4-5)-(2-3)-(0-1)],9.107589721679688e-05,0.06843352317810059,9,True,0
WtfIID`GH_b?A@@__OGA@?[C?W??WG?KC?B`??KG??w_??z,[(22-23)-(15-21)-(14-20)-(12-13)-(11-19)-(10-18)-(9-17)-(8-16)-(6-7)-(4-5)-(2-3)-(0-1)],9.107589721679688e-05,0.0538630485534668,6,True,0
WtfIID`GH_b?A@@__OGA@?[C?W??WG?KC?B`??KG??w_??z,[(22-23)-(15-21)-(14-20)-(12-13)-(11-19)-(10-18)-(9-17)-(8-16)-(6-7)-(4-5)-(2-3)-(0-1)],9.274482727050781e-05,0.021370410919189453,2,True,0
WtfIID`GH_b?A@@__OGA@?[C?W??WG?KC?B`??KG??w_??z,[(21-23)-(15-22)-(14-20)-(12-13)-(11-19)-(10-18)-(9-17)-(8-16)-(6-7)-(4-5)-(2-3)-(0-1)],8.797645568847656e-05,0.05537152290344238,6,True,0
WtfIID`GH_b?A@@__OGA@?[C?W??WG?KC?B`??KG??w_??z,[(21-23)-(15-22)-(14-20)-(12-13)-(11-19)-(10-18)-(9-17)-(8-16)-(6-7)-(4-5)-(2-3)-(0-1)],9.250640869140625e-05,0.0495607852935791,6,True,0
WtfIID`GH_b?A@@__OGA@?[C?W??WG?KC?B`??KG??w_??z,[(22-23)-(20-21)-(14-15)-(12-13)-(11-19)-(10-18)-(9-17)-(8-16)-(6-7)-(4-5)-(2-3)-(0-1)],8.940696716308594e-05,0.04657697677612305,5,True,0
WtfIID`GH_b?A@@__OGA@?[C?W??WG?KC?B`??KG??w_??z,[(22-23)-(20-21)-(14-15)-(12-13)-(11-19)-(10-18)-(9-17)-(8-16)-(6-7)-(4-5)-(2-3)-(0-1)],9.250640869140625e-05,0.020914554595947266,2,True,0
WtfIID`GH_b?A@@__OGA@?[C?W??WG?KC?B`??KG??w_??z,[(19-23)-(15-22)-(14-21)-(13-20)-(11-12)-(10-18)-(9-17)-(8-16)-(6-7)-(4-5)-(2-3)-(0-1)],8.869171142578125e-05,0.05582022666931152,6,True,0
WtfIID`GH_b?A@@__OGA@?[C?W??WG?KC?B`??KG??w_??z,[(19-23)-(15-22)-(14-21)-(13-20)-(11-12)-(10-18)-(9-17)-(8-16)-(6-7)-(4-5)-(2-3)-(0-1)],9.512901306152344e-05,0.11712050437927246,17,False,0
WtfIID`GH_b?A@@__OGA@?[C?W??WG?KC?B`??KG??w_??z,[(21-22)-(19-23)-(14-15)-(13-20)-(11-12)-(10-18)-(9-17)-(8-16)-(6-7)-(4-5)-(2-3)-(0-1)],9.107589721679688e-05,0.04411458969116211,5,True,0
WtfIID`GH_b?A@@__OGA@?[C?W??WG?KC?B`??KG??w_??z,[(21-22)-(19-23)-(14-15)-(13-20)-(11-12)-(10-18)-(9-17)-(8-16)-(6-7)-(4-5)-(2-3)-(0-1)],0.00010633468627929688,0.022531747817993164,2,True,0
WtfIID`GH_b?A@@__OGA@?[C?W??WG?KC?B`??KG??w_??z,[(22-23)-(19-20)-(15-21)-(13-14)-(11-12)-(10-18)-(9-17)-(8-16)-(6-7)-(4-5)-(2-3)-(0-1)],8.916854858398438e-05,0.0628502368927002,8,True,0
WtfIID`GH_b?A@@__OGA@?[C?W??WG?KC?B`??KG??w_??z,[(22-23)-(19-20)-(15-21)-(13-14)-(11-12)-(10-18)-(9-17)-(8-16)-(6-7)-(4-5)-(2-3)-(0-1)],9.250640869140625e-05,0.03979635238647461,4,False,0
WtfIID`GH_b?A@@__OGA@?[C?W??WG?KC?B`??KG??w_??z,[(21-23)-(19-20)-(15-22)-(13-14)-(11-12)-(10-18)-(9-17)-(8-16)-(6-7)-(4-5)-(2-3)-(0-1)],8.821487426757812e-05,0.0980367660522461,18,False,0
WtfIID`GH_b?A@@__OGA@?[C?W??WG?KC?B`??KG??w_??z,[(21-23)-(19-20)-(15-22)-(13-14)-(11-12)-(10-18)-(9-17)-(8-16)-(6-7)-(4-5)-(2-3)-(0-1)],9.107589721679688e-05,0.06747245788574219,7,False,0
WtfIID`GH_b?A@@__OGA@?[C?W??WG?KC?B`??KG??w_??z,[(20-21)-(19-23)-(15-22)-(13-14)-(11-12)-(10-18)-(9-17)-(8-16)-(6-7)-(4-5)-(2-3)-(0-1)],9.441375732421875e-05,0.1015625,18,False,0
WtfIID`GH_b?A@@__OGA@?[C?W??WG?KC?B`??KG??w_??z,[(20-21)-(19-23)-(15-22)-(13-14)-(11-12)-(10-18)-(9-17)-(8-16)-(6-7)-(4-5)-(2-3)-(0-1)],9.775161743164062e-05,0.022156715393066406,2,True,0
WtfIID`GH?a@E@B?_OGE@?[??WG?WG?KC?@`??KG??w_??^,[(22-23)-(15-21)-(14-20)-(12-13)-(11-19)-(10-18)-(9-17)-(8-16)-(6-7)-(4-5)-(2-3)-(0-1)],9.179115295410156e-05,0.021888017654418945,2,False,0
WtfIID`GH?a@E@B?_OGE@?[??WG?WG?KC?@`??KG??w_??^,[(22-23)-(15-21)-(14-20)-(12-13)-(11-19)-(10-18)-(9-17)-(8-16)-(6-7)-(4-5)-(2-3)-(0-1)],9.083747863769531e-05,0.03898787498474121,4,True,0
WtfIID`GH?a@E@B?_OGE@?[??WG?WG?KC?@`??KG??w_??^,[(21-23)-(15-22)-(14-20)-(12-13)-(11-19)-(10-18)-(9-17)-(8-16)-(6-7)-(4-5)-(2-3)-(0-1)],8.988380432128906e-05,0.06164884567260742,14,False,0
WtfIID`GH?a@E@B?_OGE@?[??WG?WG?KC?@`??KG??w_??^,[(21-23)-(15-22)-(14-20)-(12-13)-(11-19)-(10-18)-(9-17)-(8-16)-(6-7)-(4-5)-(2-3)-(0-1)],9.012222290039062e-05,0.05551004409790039,6,True,0
WtfIID`GH?a@E@B?_OGE@?[??WG?WG?KC?@`??KG??w_??^,[(20-23)-(15-22)-(14-21)-(12-13)-(11-19)-(10-18)-(9-17)-(8-16)-(6-7)-(4-5)-(2-3)-(0-1)],9.274482727050781e-05,0.014530658721923828,1,True,0
WtfIID`GH?a@E@B?_OGE@?[??WG?WG?KC?@`??KG??w_??^,[(20-23)-(15-22)-(14-21)-(12-13)-(11-19)-(10-18)-(9-17)-(8-16)-(6-7)-(4-5)-(2-3)-(0-1)],9.1552734375e-05,0.0777750015258789,15,False,0
WtfIID`GH?a@E@B?_OGE@?[??WG?WG?KC?@`??KG??w_??^,[(22-23)-(20-21)-(14-15)-(12-13)-(11-19)-(10-18)-(9-17)-(8-16)-(6-7)-(4-5)-(2-3)-(0-1)],8.797645568847656e-05,0.06627273559570312,14,False,0
WtfIID`GH?a@E@B?_OGE@?[??WG?WG?KC?@`??KG??w_??^,[(22-23)-(20-21)-(14-15)-(12-13)-(11-19)-(10-18)-(9-17)-(8-16)-(6-7)-(4-5)-(2-3)-(0-1)],9.608268737792969e-05,0.04410409927368164,5,True,0
WtfIID`GH?a@E@B?_OGE@?[??WG?WG?KC?@`??KG??w_??^,[(21-22)-(20-23)-(14-15)-(12-13)-(11-19)-(10-18)-(9-17)-(8-16)-(6-7)-(4-5)-(2-3)-(0-1)],8.749961853027344e-05,0.045815229415893555,5,True,0
WtfIID`GH?a@E@B?_OGE@?[??WG?WG?KC?@`??KG??w_??^,[(21-22)-(20-23)-(14-15)-(12-13)-(11-19)-(10-18)-(9-17)-(8-16)-(6-7)-(4-5)-(2-3)-(0-1)],0.00011324882507324219,0.06497693061828613,14,False,0
WtfIID`GH?a@E@B?_OGE@?[??WG?WG?KC?@`??KG??w_??^,[(19-23)-(15-22)-(14-21)-(13-20)-(11-12)-(10-18)-(9-17)-(8-16)-(6-7)-(4-5)-(2-3)-(0-1)],8.7738037109375e-05,0.02831745147705078,3,True,0
WtfIID`GH?a@E@B?_OGE@?[??WG?WG?KC?@`??KG??w_??^,[(19-23)-(15-22)-(14-21)-(13-20)-(11-12)-(10-18)-(9-17)-(8-16)-(6-7)-(4-5)-(2-3)-(0-1)],9.5367431640625e-05,0.05203557014465332,6,True,0
WtfIID`GH?a@E@B?_OGE@?[??WG?WG?KC?@`??KG??w_??^,[(21-22)-(19-23)-(14-15)-(13-20)-(11-12)-(10-18)-(9-17)-(8-16)-(6-7)-(4-5)-(2-3)-(0-1)],9.465217590332031e-05,0.038019418716430664,4,False,0
WtfIID`GH?a@E@B?_OGE@?[??WG?WG?KC?@`??KG??w_??^,[(21-22)-(19-23)-(14-15)-(13-20)-(11-12)-(10-18)-(9-17)-(8-16)-(6-7)-(4-5)-(2-3)-(0-1)],9.179115295410156e-05,0.04142284393310547,4,False,0
WtfIID`GH?a@E@B?_OGE@?[??WG?WG?KC?@`??KG??w_??^,[(22-23)-(19-20)-(15-21)-(13-14)-(11-12)-(10-18)-(9-17)-(8-16)-(6-7)-(4-5)-(2-3)-(0-1)],9.1552734375e-05,0.07544064521789551,15,False,0
WtfIID`GH?a@E@B?_OGE@?[??WG?WG?KC?@`??KG??w_??^,[(22-23)-(19-20)-(15-21)-(13-14)-(11-12)-(10-18)-(9-17)-(8-16)-(6-7)-(4-5)-(2-3)-(0-1)],8.96453857421875e-05,0.04529571533203125,5,True,0
WtfIID`GH?a@E@B?_OGE@?[??WG?WG?KC?@`??KG??w_??^,[(21-23)-(19-20)-(15-22)-(13-14)-(11-12)-(10-18)-(9-17)-(8-16)-(6-7)-(4-5)-(2-3)-(0-1)],9.179115295410156e-05,0.02956843376159668,3,True,0
WtfIID`GH?a@E@B?_OGE@?[??WG?WG?KC?@`??KG??w_??^,[(21-23)-(19-20)-(15-22)-(13-14)-(11-12)-(10-18)-(9-17)-(8-16)-(6-7)-(4-5)-(2-3)-(0-1)],9.775161743164062e-05,0.08832573890686035,17,False,0
WtfIID`GH?a@E@B?_OGE@?[??WG?WG?KC?@`??KG??w_??^,[(20-21)-(19-23)-(15-22)-(13-14)-(11-12)-(10-18)-(9-17)-(8-16)-(6-7)-(4-5)-(2-3)-(0-1)],8.797645568847656e-05,0.03725123405456543,4,True,0
WtfIID`GH?a@E@B?_OGE@?[??WG?WG?KC?@`??KG??w_??^,[(20-21)-(19-23)-(15-22)-(13-14)-(11-12)-(10-18)-(9-17)-(8-16)-(6-7)-(4-5)-(2-3)-(0-1)],9.417533874511719e-05,0.0736989974975586,9,True,0
WtfIID`GH_b@A@@__WGA@?GC?OG?wG?CK?A@??[G??p_?@l,[(22-23)-(19-20)-(14-15)-(13-21)-(11-12)-(10-18)-(9-17)-(8-16)-(6-7)-(4-5)-(2-3)-(0-1)],9.226799011230469e-05,0.09287428855895996,15,False,0
WtfIID`GH_b@A@@__WGA@?GC?OG?wG?CK?A@??[G??p_?@l,[(22-23)-(19-20)-(14-15)-(13-21)-(11-12)-(10-18)-(9-17)-(8-16)-(6-7)-(4-5)-(2-3)-(0-1)],9.179115295410156e-05,0.02898693084716797,3,True,0
WtfIID`GH_b@A@@__WGA@?GC?OG?wG?CK?A@??[G??p_?@l,[(20-22)-(19-23)-(14-15)-(13-21)-(11-12)-(10-18)-(9-17)-(8-16)-(6-7)-(4-5)-(2-3)-(0-1)],0.00011014938354492188,0.047379493713378906,5,True,0
WtfIID`GH_b@A@@__WGA@?GC?OG?wG?CK?A@??[G??p_?@l,[(20-22)-(19-23)-(14-15)-(13-21)-(11-12)-(10-18)-(9-17)-(8-16)-(6-7)-(4-5)-(2-3)-(0-1)],9.512901306152344e-05,0.01415562629699707,1,True,0
WtfIID`GH_b@A@@__WGA@?GC?OG?wG?CK?A@??[G??p_?@l,[(22-23)-(19-20)-(15-21)-(13-14)-(11-12)-(10-18)-(9-17)-(8-16)-(6-7)-(4-5)-(2-3)-(0-1)],8.893013000488281e-05,0.03732943534851074,4,True,0
WtfIID`GH_b@A@@__WGA@?GC?OG?wG?CK?A@??[G??p_?@l,[(22-23)-(19-20)-(15-21)-(13-14)-(11-12)-(10-18)-(9-17)-(8-16)-(6-7)-(4-5)-(2-3)-(0-1)],9.131431579589844e-05,0.08898115158081055,17,False,0
WtfIID`GH_b@A@@__WGA@?GC?OG?wG?CK?A@??[G??p_?@l,[(20-22)-(19-23)-(15-21)-(13-14)-(11-12)-(10-18)-(9-17)-(8-16)-(6-7)-(4-5)-(2-3)-(0-1)],8.7738037109375e-05,0.02080678939819336,2,True,0
WtfIID`GH_b@A@@__WGA@?GC?OG?wG?CK?A@??[G??p_?@l,[(20-22)-(19-23)-(15-21)-(13-14)-(11-12)-(10-18)-(9-17)-(8-16)-(6-7)-(4-5)-(2-3)-(0-1)],9.34600830078125e-05,0.032598018646240234,3,False,0
WtfIID`GH_b@A@@__WGA@?GC?OG?wG?CK?A@??[G??p_?@l,[(20-21)-(19-23)-(15-22)-(13-14)-(11-12)-(10-18)-(9-17)-(8-16)-(6-7)-(4-5)-(2-3)-(0-1)],9.322166442871094e-05,0.03774237632751465,4,True,0
WtfIID`GH_b@A@@__WGA@?GC?OG?wG?CK?A@??[G??p_?@l,[(20-21)-(19-23)-(15-22)-(13-14)-(11-12)-(10-18)-(9-17)-(8-16)-(6-7)-(4-5)-(2-3)-(0-1)],9.775161743164062e-05,0.029148340225219727,3,True,0
WtfIID`GH_b@A@@__WGA@?GC?OG?wG?CK?A@??[G??p_?@l,[(22-23)-(18-19)-(14-15)-(13-21)-(12-20)-(10-11)-(9-17)-(8-16)-(6-7)-(4-5)-(2-3)-(0-1)],8.988380432128906e-05,0.023316621780395508,2,True,0
WtfIID`GH_b@A@@__WGA@?GC?OG?wG?CK?A@??[G??p_?@l,[(22-23)-(18-19)-(14-15)-(13-21)-(12-20)-(10-11)-(9-17)-(8-16)-(6-7)-(4-5)-(2-3)-(0-1)],0.00010323524475097656,0.02712726593017578,3,True,0
WtfIID`GH_b@A@@__WGA@?GC?OG?wG?CK?A@??[G??p_?@l,[(22-23)-(18-19)-(15-21)-(13-14)-(12-20)-(10-11)-(9-17)-(8-16)-(6-7)-(4-5)-(2-3)-(0-1)],8.916854858398438e-05,0.05003857612609863,6,True,0
WtfIID`GH_b@A@@__WGA@?GC?OG?wG?CK?A@??[G??p_?@l,[(22-23)-(18-19)-(15-21)-(13-14)-(12-20)-(10-11)-(9-17)-(8-16)-(6-7)-(4-5)-(2-3)-(0-1)],9.489059448242188e-05,0.04708147048950195,5,True,0
WtfIID`GH_b@A@@__WGA@?GC?OG?wG?CK?A@??[G??p_?@l,[(20-23)-(18-19)-(15-22)-(14-21)-(12-13)-(10-11)-(9-17)-(8-16)-(6-7)-(4-5)-(2-3)-(0-1)],9.274482727050781e-05,0.028925418853759766,3,True,0
WtfIID`GH_b@A@@__WGA@?GC?OG?wG?CK?A@??[G??p_?@l,[(20-23)-(18-19)-(15-22)-(14-21)-(12-13)-(10-11)-(9-17)-(8-16)-(6-7)-(4-5)-(2-3)-(0-1)],0.00017261505126953125,0.038550615310668945,4,False,0
WtfIID`GH_b@A@@__WGA@?GC?OG?wG?CK?A@??[G??p_?@l,[(22-23)-(20-21)-(18-19)-(14-15)-(12-13)-(10-11)-(9-17)-(8-16)-(6-7)-(4-5)-(2-3)-(0-1)],9.036064147949219e-05,0.013763666152954102,1,True,0
WtfIID`GH_b@A@@__WGA@?GC?OG?wG?CK?A@??[G??p_?@l,[(22-23)-(20-21)-(18-19)-(14-15)-(12-13)-(10-11)-(9-17)-(8-16)-(6-7)-(4-5)-(2-3)-(0-1)],9.822845458984375e-05,0.041088104248046875,4,False,0
WtfIID`GH_b@A@@__WGA@?GC?OG?wG?CK?A@??[G??p_?@l,[(21-22)-(20-23)-(18-19)-(14-15)-(12-13)-(10-11)-(9-17)-(8-16)-(6-7)-(4-5)-(2-3)-(0-1)],9.131431579589844e-05,0.040762901306152344,5,True,0
WtfIID`GH_b@A@@__WGA@?GC?OG?wG?CK?A@??[G??p_?@l,[(21-22)-(20-23)-(18-19)-(14-15)-(12-13)-(10-11)-(9-17)-(8-16)-(6-7)-(4-5)-(2-3)-(0-1)],9.369850158691406e-05,0.056555986404418945,7,True,0
WtfII@`GH_b@B@?__OGE@?OC@_G?_G?aC?N@??Go?@o_?@r,[(22-23)-(19-21)-(14-15)-(11-12)-(10-20)-(9-18)-(8-17)-(7-16)-(6-13)-(4-5)-(2-3)-(0-1)],9.226799011230469e-05,0.014416933059692383,1,True,0
WtfII@`GH_b@B@?__OGE@?OC@_G?_G?aC?N@??Go?@o_?@r,[(22-23)-(19-21)-(14-15)-(11-12)-(10-20)-(9-18)-(8-17)-(7-16)-(6-13)-(4-5)-(2-3)-(0-1)],9.322166442871094e-05,0.07541418075561523,8,True,0
WtfII@`GH_b@B@?__OGE@?OC@_G?_G?aC?N@??Go?@o_?@r,[(22-23)-(19-21)-(14-15)-(12-20)-(10-11)-(9-18)-(8-17)-(7-16)-(6-13)-(4-5)-(2-3)-(0-1)],9.083747863769531e-05,0.07145857810974121,15,False,0
WtfII@`GH_b@B@?__OGE@?OC@_G?_G?aC?N@??Go?@o_?@r,[(22-23)-(19-21)-(14-15)-(12-20)-(10-11)-(9-18)-(8-17)-(7-16)-(6-13)-(4-5)-(2-3)-(0-1)],9.036064147949219e-05,0.0478358268737793,5,True,0
WtfII@`GH_b@B@?__OGE@?OC@_G?_G?aC?N@??Go?@o_?@r,[(18-23)-(15-22)-(14-21)-(11-12)-(10-20)-(9-19)-(8-17)-(7-16)-(6-13)-(4-5)-(2-3)-(0-1)],9.751319885253906e-05,0.014123916625976562,1,True,0
WtfII@`GH_b@B@?__OGE@?OC@_G?_G?aC?N@??Go?@o_?@r,[(18-23)-(15-22)-(14-21)-(11-12)-(10-20)-(9-19)-(8-17)-(7-16)-(6-13)-(4-5)-(2-3)-(0-1)],9.202957153320312e-05,0.08327317237854004,8,False,0
WtfII@`GH_b@B@?__OGE@?OC@_G?_G?aC?N@??Go?@o_?@r,[(22-23)-(18-21)-(14-15)-(11-12)-(10-20)-(9-19)-(8-17)-(7-16)-(6-13)-(4-5)-(2-3)-(0-1)],9.250640869140625e-05,0.026905059814453125,3,True,0
WtfII@`GH_b@B@?__OGE@?OC@_G?_G?aC?N@??Go?@o_?@r,[(22-23)-(18-21)-(14-15)-(11-12)-(10-20)-(9-19)-(8-17)-(7-16)-(6-13)-(4-5)-(2-3)-(0-1)],9.34600830078125e-05,0.060196876525878906,6,False,0
WtfII@`GH_b@B@?__OGE@?OC@_G?_G?aC?N@??Go?@o_?@r,[(21-22)-(18-23)-(14-15)-(11-12)-(10-20)-(9-19)-(8-17)-(7-16)-(6-13)-(4-5)-(2-3)-(0-1)],9.298324584960938e-05,0.020522356033325195,2,True,0
WtfII@`GH_b@B@?__OGE@?OC@_G?_G?aC?N@??Go?@o_?@r,[(21-22)-(18-23)-(14-15)-(11-12)-(10-20)-(9-19)-(8-17)-(7-16)-(6-13)-(4-5)-(2-3)-(0-1)],9.417533874511719e-05,0.05828976631164551,6,True,0
WtfII@`GH_b@B@?__OGE@?OC@_G?_G?aC?N@??Go?@o_?@r,[(18-23)-(15-22)-(14-21)-(12-20)-(10-11)-(9-19)-(8-17)-(7-16)-(6-13)-(4-5)-(2-3)-(0-1)],9.274482727050781e-05,0.020569324493408203,2,True,0
WtfII@`GH_b@B@?__OGE@?OC@_G?_G?aC?N@??Go?@o_?@r,[(18-23)-(15-22)-(14-21)-(12-20)-(10-11)-(9-19)-(8-17)-(7-16)-(6-13)-(4-5)-(2-3)-(0-1)],9.083747863769531e-05,0.0932307243347168,9,True,0
WtfII@`GH_b@B@?__OGE@?OC@_G?_G?aC?N@??Go?@o_?@r,[(22-23)-(18-21)-(14-15)-(12-20)-(10-11)-(9-19)-(8-17)-(7-16)-(6-13)-(4-5)-(2-3)-(0-1)],0.00011014938354492188,0.044005393981933594,5,True,0
WtfII@`GH_b@B@?__OGE@?OC@_G?_G?aC?N@??Go?@o_?@r,[(22-23)-(18-21)-(14-15)-(12-20)-(10-11)-(9-19)-(8-17)-(7-16)-(6-13)-(4-5)-(2-3)-(0-1)],9.250640869140625e-05,0.031945228576660156,3,True,0
WtfII@`GH_b@B@?__OGE@?OC@_G?_G?aC?N@??Go?@o_?@r,[(21-22)-(18-23)-(14-15)-(12-20)-(10-11)-(9-19)-(8-17)-(7-16)-(6-13)-(4-5)-(2-3)-(0-1)],9.036064147949219e-05,0.028075218200683594,3,True,0
WtfII@`GH_b@B@?__OGE@?OC@_G?_G?aC?N@??Go?@o_?@r,[(21-22)-(18-23)-(14-15)-(12-20)-(10-11)-(9-19)-(8-17)-(7-16)-(6-13)-(4-5)-(2-3)-(0-1)],9.393692016601562e-05,0.06667375564575195,7,True,0
WtfII@`GH_b@B@?__OGE@?OC@_G?_G?aC?N@??Go?@o_?@r,[(19-20)-(18-23)-(15-22)-(14-21)-(11-12)-(9-10)-(8-17)-(7-16)-(6-13)-(4-5)-(2-3)-(0-1)],9.274482727050781e-05,0.02119302749633789,2,True,0
WtfII@`GH_b@B@?__OGE@?OC@_G?_G?aC?N@??Go?@o_?@r,[(19-20)-(18-23)-(15-22)-(14-21)-(11-12)-(9-10)-(8-17)-(7-16)-(6-13)-(4-5)-(2-3)-(0-1)],9.226799011230469e-05,0.05064082145690918,6,True,0
WtfII@`GH_b@B@?__OGE@?OC@_G?_G?aC?N@??Go?@o_?@r,[(22-23)-(19-20)-(18-21)-(14-15)-(11-12)-(9-10)-(8-17)-(7-16)-(6-13)-(4-5)-(2-3)-(0-1)],8.916854858398438e-05,0.038678884506225586,4,False,0
WtfII@`GH_b@B@?__OGE@?OC@_G?_G?aC?N@??Go?@o_?@r,[(22-23)-(19-20)-(18-21)-(14-15)-(11-12)-(9-10)-(8-17)-(7-16)-(6-13)-(4-5)-(2-3)-(0-1)],9.608268737792969e-05,0.056668758392333984,7,True,0
WtfII@`GH_a@A@B__OWE@?OC@?G@_G?wC?E???MG??X_??|,[(21-22)-(17-23)-(14-15)-(12-20)-(10-11)-(9-19)-(8-18)-(7-16)-(6-13)-(4-5)-(2-3)-(0-1)],9.083747863769531e-05,0.030446529388427734,3,False,0
WtfII@`GH_a@A@B__OWE@?OC@?G@_G?wC?E???MG??X_??|,[(21-22)-(17-23)-(14-15)-(12-20)-(10-11)-(9-19)-(8-18)-(7-16)-(6-13)-(4-5)-(2-3)-(0-1)],9.083747863769531e-05,0.1067197322845459,20,False,0
WtfII@`GH_a@A@B__OWE@?OC@?G@_G?wC?E???MG??X_??|,[(20-23)-(17-22)-(15-21)-(12-14)-(10-11)-(9-19)-(8-18)-(7-16)-(6-13)-(4-5)-(2-3)-(0-1)],8.940696716308594e-05,0.049576759338378906,6,True,0
WtfII@`GH_a@A@B__OWE@?OC@?G@_G?wC?E???MG??X_??|,[(20-23)-(17-22)-(15-21)-(12-14)-(10-11)-(9-19)-(8-18)-(7-16)-(6-13)-(4-5)-(2-3)-(0-1)],9.274482727050781e-05,0.03707289695739746,4,True,0
WtfII@`GH_a@A@B__OWE@?OC@?G@_G?wC?E???MG??X_??|,[(20-22)-(17-23)-(15-21)-(12-14)-(10-11)-(9-19)-(8-18)-(7-16)-(6-13)-(4-5)-(2-3)-(0-1)],9.083747863769531e-05,0.043528079986572266,5,True,0
WtfII@`GH_a@A@B__OWE@?OC@?G@_G?wC?E???MG??X_??|,[(20-22)-(17-23)-(15-21)-(12-14)-(10-11)-(9-19)-(8-18)-(7-16)-(6-13)-(4-5)-(2-3)-(0-1)],9.179115295410156e-05,0.04992485046386719,6,True,0
WtfII@`GH_a@A@B__OWE@?OC@?G@_G?wC?E???MG??X_??|,[(21-22)-(17-23)-(14-15)-(12-20)-(11-19)-(9-10)-(8-18)-(7-16)-(6-13)-(4-5)-(2-3)-(0-1)],9.036064147949219e-05,0.022016525268554688,2,False,0
WtfII@`GH_a@A@B__OWE@?OC@?G@_G?wC?E???MG??X_??|,[(21-22)-(17-23)-(14-15)-(12-20)-(11-19)-(9-10)-(8-18)-(7-16)-(6-13)-(4-5)-(2-3)-(0-1)],9.274482727050781e-05,0.03831982612609863,4,False,0
WtfII@`GH_a@A@B__OWE@?OC@?G@_G?wC?E???MG??X_??|,[(20-23)-(17-22)-(15-21)-(12-14)-(11-19)-(9-10)-(8-18)-(7-16)-(6-13)-(4-5)-(2-3)-(0-1)],9.560585021972656e-05,0.04474020004272461,5,True,0
WtfII@`GH_a@A@B__OWE@?OC@?G@_G?wC?E???MG??X_??|,[(20-23)-(17-22)-(15-21)-(12-14)-(11-19)-(9-10)-(8-18)-(7-16)-(6-13)-(4-5)-(2-3)-(0-1)],9.298324584960938e-05,0.037017107009887695,4,True,0
WtfII@`GH_a@A@B__OWE@?OC@?G@_G?wC?E???MG??X_??|,[(20-22)-(17-23)-(15-21)-(12-14)-(11-19)-(9-10)-(8-18)-(7-16)-(6-13)-(4-5)-(2-3)-(0-1)],8.797645568847656e-05,0.05510592460632324,13,False,0
WtfII@`GH_a@A@B__OWE@?OC@?G@_G?wC?E???MG??X_??|,[(20-22)-(17-23)-(15-21)-(12-14)-(11-19)-(9-10)-(8-18)-(7-16)-(6-13)-(4-5)-(2-3)-(0-1)],9.393692016601562e-05,0.03624439239501953,4,True,0
WtfII@`GH_a@A@B__OWE@?OC@?G@_G?wC?E???MG??X_??|,[(19-23)-(17-22)-(15-21)-(12-14)-(11-20)-(9-10)-(8-18)-(7-16)-(6-13)-(4-5)-(2-3)-(0-1)],0.00010967254638671875,0.027986526489257812,3,True,0
WtfII@`GH_a@A@B__OWE@?OC@?G@_G?wC?E???MG??X_??|,[(19-23)-(17-22)-(15-21)-(12-14)-(11-20)-(9-10)-(8-18)-(7-16)-(6-13)-(4-5)-(2-3)-(0-1)],9.274482727050781e-05,0.07407593727111816,15,False,0
WtfII@`GH_a@A@B__OWE@?OC@?G@_G?wC?E???MG??X_??|,[(20-21)-(19-23)-(17-22)-(14-15)-(11-12)-(9-10)-(8-18)-(7-16)-(6-13)-(4-5)-(2-3)-(0-1)],9.059906005859375e-05,0.06022167205810547,7,False,0
WtfII@`GH_a@A@B__OWE@?OC@?G@_G?wC?E???MG??X_??|,[(20-21)-(19-23)-(17-22)-(14-15)-(11-12)-(9-10)-(8-18)-(7-16)-(6-13)-(4-5)-(2-3)-(0-1)],9.1552734375e-05,0.035297393798828125,4,True,0
WtfII@`GH_a@A@B__OWE@?OC@?G@_G?wC?E???MG??X_??|,[(22-23)-(17-18)-(15-21)-(12-14)-(11-20)-(10-19)-(8-9)-(7-16)-(6-13)-(4-5)-(2-3)-(0-1)],8.893013000488281e-05,0.05809617042541504,7,True,0
WtfII@`GH_a@A@B__OWE@?OC@?G@_G?wC?E???MG??X_??|,[(22-23)-(17-18)-(15-21)-(12-14)-(11-20)-(10-19)-(8-9)-(7-16)-(6-13)-(4-5)-(2-3)-(0-1)],9.5367431640625e-05,0.03693246841430664,4,True,0
WtfII@`GH_a@A@B__OWE@?OC@?G@_G?wC?E???MG??X_??|,[(18-23)-(17-22)-(15-21)-(12-14)-(11-20)-(10-19)-(8-9)-(7-16)-(6-13)-(4-5)-(2-3)-(0-1)],0.00015616416931152344,0.020534753799438477,2,True,0
WtfII@`GH_a@A@B__OWE@?OC@?G@_G?wC?E???MG??X_??|,[(18-23)-(17-22)-(15-21)-(12-14)-(11-20)-(10-19)-(8-9)-(7-16)-(6-13)-(4-5)-(2-3)-(0-1)],9.250640869140625e-05,0.039961814880371094,4,False,0
WtfII@`GH_b@B_?__WGA@?OC?oG?oG?GC?F@??[G??q_?@x,[(19-23)-(15-22)-(14-21)-(13-20)-(10-11)-(9-18)-(8-17)-(7-16)-(6-12)-(4-5)-(2-3)-(0-1)],9.274482727050781e-05,0.02952098846435547,3,False,0
WtfII@`GH_b@B_?__WGA@?OC?oG?oG?GC?F@??[G??q_?@x,[(19-23)-(15-22)-(14-21)-(13-20)-(10-11)-(9-18)-(8-17)-(7-16)-(6-12)-(4-5)-(2-3)-(0-1)],0.00011444091796875,0.03627753257751465,4,True,0
WtfII@`GH_b@B_?__WGA@?OC?oG?oG?GC?F@??[G??q_?@x,[(21-22)-(19-23)-(14-15)-(13-20)-(10-11)-(9-18)-(8-17)-(7-16)-(6-12)-(4-5)-(2-3)-(0-1)],8.726119995117188e-05,0.06699776649475098,14,False,0
WtfII@`GH_b@B_?__WGA@?OC?oG?oG?GC?F@??[G??q_?@x,[(21-22)-(19-23)-(14-15)-(13-20)-(10-11)-(9-18)-(8-17)-(7-16)-(6-12)-(4-5)-(2-3)-(0-1)],8.916854858398438e-05,0.05586528778076172,7,True,0
WtfII@`GH_b@B_?__WGA@?OC?oG?oG?GC?F@??[G??q_?@x,[(22-23)-(19-20)-(14-15)-(13-21)-(10-11)-(9-18)-(8-17)-(7-16)-(6-12)-(4-5)-(2-3)-(0-1)],9.036064147949219e-05,0.03493976593017578,4,True,0
WtfII@`GH_b@B_?__WGA@?OC?oG?oG?GC?F@??[G??q_?@x,[(22-23)-(19-20)-(14-15)-(13-21)-(10-11)-(9-18)-(8-17)-(7-16)-(6-12)-(4-5)-(2-3)-(0-1)],9.489059448242188e-05,0.03792381286621094,4,True,0
WtfII@`GH_b@B_?__WGA@?OC?oG?oG?GC?F@??[G??q_?@x,[(22-23)-(19-20)-(15-21)-(13-14)-(10-11)-(9-18)-(8-17)-(7-16)-(6-12)-(4-5)-(2-3)-(0-1)],8.988380432128906e-05,0.028706073760986328,3,True,0
WtfII@`GH_b@B_?__WGA@?OC?oG?oG?GC?F@??[G??q_?@x,[(22-23)-(19-20)-(15-21)-(13-14)-(10-11)-(9-18)-(8-17)-(7-16)-(6-12)-(4-5)-(2-3)-(0-1)],9.369850158691406e-05,0.044209957122802734,5,True,0
WtfII@`GH_b@B_?__WGA@?OC?oG?oG?GC?F@??[G??q_?@x,[(20-21)-(19-23)-(15-22)-(13-14)-(10-11)-(9-18)-(8-17)-(7-16)-(6-12)-(4-5)-(2-3)-(0-1)],9.131431579589844e-05,0.028233051300048828,3,True,0
WtfII@`GH_b@B_?__WGA@?OC?oG?oG?GC?F@??[G??q_?@x,[(20-21)-(19-23)-(15-22)-(13-14)-(10-11)-(9-18)-(8-17)-(7-16)-(6-12)-(4-5)-(2-3)-(0-1)],9.441375732421875e-05,0.03522849082946777,4,True,0
WtfII@`GH_b@B_?__WGA@?OC?oG?oG?GC?F@??[G??q_?@x,[(18-23)-(15-22)-(14-21)-(13-20)-(11-19)-(9-10)-(8-17)-(7-16)-(6-12)-(4-5)-(2-3)-(0-1)],9.036064147949219e-05,0.03899669647216797,4,True,0
WtfII@`GH_b@B_?__WGA@?OC?oG?oG?GC?F@??[G??q_?@x,[(18-23)-(15-22)-(14-21)-(13-20)-(11-19)-(9-10)-(8-17)-(7-16)-(6-12)-(4-5)-(2-3)-(0-1)],9.417533874511719e-05,0.036977291107177734,4,True,0
WtfII@`GH_b@B_?__WGA@?OC?oG?oG?GC?F@??[G??q_?@x,[(21-22)-(18-23)-(14-15)-(13-20)-(11-19)-(9-10)-(8-17)-(7-16)-(6-12)-(4-5)-(2-3)-(0-1)],9.012222290039062e-05,0.030787229537963867,3,False,0
WtfII@`GH_b@B_?__WGA@?OC?oG?oG?GC?F@??[G??q_?@x,[(21-22)-(18-23)-(14-15)-(13-20)-(11-19)-(9-10)-(8-17)-(7-16)-(6-12)-(4-5)-(2-3)-(0-1)],9.298324584960938e-05,0.038421630859375,5,True,0
WtfII@`GH_b@B_?__WGA@?OC?oG?oG?GC?F@??[G??q_?@x,[(20-21)-(18-23)-(15-22)-(13-14)-(11-19)-(9-10)-(8-17)-(7-16)-(6-12)-(4-5)-(2-3)-(0-1)],9.5367431640625e-05,0.05403017997741699,6,True,0
WtfII@`GH_b@B_?__WGA@?OC?oG?oG?GC?F@??[G??q_?@x,[(20-21)-(18-23)-(15-22)-(13-14)-(11-19)-(9-10)-(8-17)-(7-16)-(6-12)-(4-5)-(2-3)-(0-1)],9.489059448242188e-05,0.056066036224365234,6,True,0
WtfII@`GH_b@B_?__WGA@?OC?oG?oG?GC?F@??[G??q_?@x,[(22-23)-(18-19)-(14-15)-(13-21)-(11-20)-(9-10)-(8-17)-(7-16)-(6-12)-(4-5)-(2-3)-(0-1)],9.393692016601562e-05,0.03520393371582031,4,True,0
WtfII@`GH_b@B_?__WGA@?OC?oG?oG?GC?F@??[G??q_?@x,[(22-23)-(18-19)-(14-15)-(13-21)-(11-20)-(9-10)-(8-17)-(7-16)-(6-12)-(4-5)-(2-3)-(0-1)],9.465217590332031e-05,0.021007061004638672,2,True,0
WtfII@`GH_b@B_?__WGA@?OC?oG?oG?GC?F@??[G??q_?@x,[(19-22)-(18-23)-(14-15)-(13-21)-(11-20)-(9-10)-(8-17)-(7-16)-(6-12)-(4-5)-(2-3)-(0-1)],9.1552734375e-05,0.035321712493896484,4,True,0
WtfII@`GH_b@B_?__WGA@?OC?oG?oG?GC?F@??[G??q_?@x,[(19-22)-(18-23)-(14-15)-(13-21)-(11-20)-(9-10)-(8-17)-(7-16)-(6-12)-(4-5)-(2-3)-(0-1)],9.655952453613281e-05,0.037119150161743164,4,True,0
WtfIID@G@?e@E@B__WGB@?GC?oG?_G?oC?M@??M???[_??^,[(21-23)-(18-22)-(14-15)-(12-13)-(11-20)-(10-19)-(9-17)-(8-16)-(6-7)-(4-5)-(2-3)-(0-1)],9.083747863769531e-05,0.10307788848876953,20,False,0
WtfIID@G@?e@E@B__WGB@?GC?oG?_G?oC?M@??M???[_??^,[(21-23)-(18-22)-(14-15)-(12-13)-(11-20)-(10-19)-(9-17)-(8-16)-(6-7)-(4-5)-(2-3)-(0-1)],9.34600830078125e-05,0.05286526679992676,5,False,0
WtfIID@G@?e@E@B__WGB@?GC?oG?_G?oC?M@??M???[_??^,[(21-22)-(18-23)-(14-15)-(12-13)-(11-20)-(10-19)-(9-17)-(8-16)-(6-7)-(4-5)-(2-3)-(0-1)],9.059906005859375e-05,0.036553144454956055,4,True,0
WtfIID@G@?e@E@B__WGB@?GC?oG?_G?oC?M@??M???[_??^,[(21-22)-(18-23)-(14-15)-(12-13)-(11-20)-(10-19)-(9-17)-(8-16)-(6-7)-(4-5)-(2-3)-(0-1)],9.226799011230469e-05,0.11358928680419922,19,False,0
WtfIID@G@?e@E@B__WGB@?GC?oG?_G?oC?M@??M???[_??^,[(20-23)-(18-22)-(15-21)-(13-14)-(11-12)-(10-19)-(9-17)-(8-16)-(6-7)-(4-5)-(2-3)-(0-1)],8.678436279296875e-05,0.1060628890991211,19,False,0
WtfIID@G@?e@E@B__WGB@?GC?oG?_G?oC?M@??M???[_??^,[(20-23)-(18-22)-(15-21)-(13-14)-(11-12)-(10-19)-(9-17)-(8-16)-(6-7)-(4-5)-(2-3)-(0-1)],9.107589721679688e-05,0.05856728553771973,7,True,0
WtfIID@G@?e@E@B__WGB@?GC?oG?_G?oC?M@??M???[_??^,[(22-23)-(18-19)-(15-21)-(13-14)-(11-12)-(10-20)-(9-17)-(8-16)-(6-7)-(4-5)-(2-3)-(0-1)],8.7738037109375e-05,0.045514583587646484,5,True,0
WtfIID@G@?e@E@B__WGB@?GC?oG?_G?oC?M@??M???[_??^,[(22-23)-(18-19)-(15-21)-(13-14)-(11-12)-(10-20)-(9-17)-(8-16)-(6-7)-(4-5)-(2-3)-(0-1)],9.322166442871094e-05,0.043840885162353516,5,True,0
WtfIID@G@?e@E@B__WGB@?GC?oG?_G?oC?M@??M???[_??^,[(19-23)-(18-22)-(15-21)-(13-14)-(11-12)-(10-20)-(9-17)-(8-16)-(6-7)-(4-5)-(2-3)-(0-1)],8.797645568847656e-05,0.07226824760437012,15,False,0
WtfIID@G@?e@E@B__WGB@?GC?oG?_G?oC?M@??M???[_??^,[(19-23)-(18-22)-(15-21)-(13-14)-(11-12)-(10-20)-(9-17)-(8-16)-(6-7)-(4-5)-(2-3)-(0-1)],8.821487426757812e-05,0.0610201358795166,7,True,0
WtfIID@G@?e@E@B__WGB@?GC?oG?_G?oC?M@??M???[_??^,[(22-23)-(18-19)-(15-21)-(13-14)-(12-20)-(10-11)-(9-17)-(8-16)-(6-7)-(4-5)-(2-3)-(0-1)],8.988380432128906e-05,0.04556584358215332,5,True,0
WtfIID@G@?e@E@B__WGB@?GC?oG?_G?oC?M@??M???[_??^,[(22-23)-(18-19)-(15-21)-(13-14)-(12-20)-(10-11)-(9-17)-(8-16)-(6-7)-(4-5)-(2-3)-(0-1)],9.679794311523438e-05,0.07497096061706543,9,True,0
WtfIID@G@?e@E@B__WGB@?GC?oG?_G?oC?M@??M???[_??^,[(19-23)-(18-22)-(15-21)-(13-14)-(12-20)-(10-11)-(9-17)-(8-16)-(6-7)-(4-5)-(2-3)-(0-1)],8.797645568847656e-05,0.12447309494018555,22,False,0
WtfIID@G@?e@E@B__WGB@?GC?oG?_G?oC?M@??M???[_??^,[(19-23)-(18-22)-(15-21)-(13-14)-(12-20)-(10-11)-(9-17)-(8-16)-(6-7)-(4-5)-(2-3)-(0-1)],9.202957153320312e-05,0.05299234390258789,6,True,0
WtfIID@G@?e@E@B__WGB@?GC?oG?_G?oC?M@??M???[_??^,[(21-22)-(20-23)-(18-19)-(14-15)-(12-13)-(10-11)-(9-17)-(8-16)-(6-7)-(4-5)-(2-3)-(0-1)],0.00017333030700683594,0.06500720977783203,6,False,0
WtfIID@G@?e@E@B__WGB@?GC?oG?_G?oC?M@??M???[_??^,[(21-22)-(20-23)-(18-19)-(14-15)-(12-13)-(10-11)-(9-17)-(8-16)-(6-7)-(4-5)-(2-3)-(0-1)],0.00010037422180175781,0.036533355712890625,4,True,0
WtfIID@G@?e@E@B__WGB@?GC?oG?_G?oC?M@??M???[_??^,[(21-23)-(19-20)-(18-22)-(14-15)-(12-13)-(10-11)-(9-17)-(8-16)-(6-7)-(4-5)-(2-3)-(0-1)],8.96453857421875e-05,0.0649261474609375,14,False,0
WtfIID@G@?e@E@B__WGB@?GC?oG?_G?oC?M@??M???[_??^,[(21-23)-(19-20)-(18-22)-(14-15)-(12-13)-(10-11)-(9-17)-(8-16)-(6-7)-(4-5)-(2-3)-(0-1)],9.107589721679688e-05,0.05397772789001465,5,False,0
WtfIID@G@?e@E@B__WGB@?GC?oG?_G?oC?M@??M???[_??^,[(21-22)-(19-20)-(18-23)-(14-15)-(12-13)-(10-11)-(9-17)-(8-16)-(6-7)-(4-5)-(2-3)-(0-1)],9.1552734375e-05,0.052352190017700195,13,False,0
WtfIID@G@?e@E@B__WGB@?GC?oG?_G?oC?M@??M???[_??^,[(21-22)-(19-20)-(18-23)-(14-15)-(12-13)-(10-11)-(9-17)-(8-16)-(6-7)-(4-5)-(2-3)-(0-1)],9.989738464355469e-05,0.06906986236572266,7,True,0
W|eIAD`KGo@`@@@?_OGC@?oC@oG?_w?O??M@??oW?BA_?EX,[(15-18)-(14-23)-(13-22)-(12-21)-(11-20)-(10-19)-(8-9)-(7-17)-(6-16)-(4-5)-(2-3)-(0-1)],9.107589721679688e-05,0.1107025146484375,18,False,0
W|eIAD`KGo@`@@@?_OGC@?oC@oG?_w?O??M@??oW?BA_?EX,[(15-18)-(14-23)-(13-22)-(12-21)-(11-20)-(10-19)-(8-9)-(7-17)-(6-16)-(4-5)-(2-3)-(0-1)],0.00010347366333007812,0.0567626953125,6,True,0
W|eIAD`KGo@`@@@?_OGC@?oC@oG?_w?O??M@??oW?BA_?EX,[(18-23)-(14-15)-(13-22)-(12-21)-(11-20)-(10-19)-(8-9)-(7-17)-(6-16)-(4-5)-(2-3)-(0-1)],8.821487426757812e-05,0.038428306579589844,4,True,0
W|eIAD`KGo@`@@@?_OGC@?oC@oG?_w?O??M@??oW?BA_?EX,[(18-23)-(14-15)-(13-22)-(12-21)-(11-20)-(10-19)-(8-9)-(7-17)-(6-16)-(4-5)-(2-3)-(0-1)],0.00010061264038085938,0.032060861587524414,3,False,0
W|eIAD`KGo@`@@@?_OGC@?oC@oG?_w?O??M@??oW?BA_?EX,[(22-23)-(15-18)-(13-14)-(12-21)-(11-20)-(10-19)-(8-9)-(7-17)-(6-16)-(4-5)-(2-3)-(0-1)],8.678436279296875e-05,0.08648157119750977,8,False,0
W|eIAD`KGo@`@@@?_OGC@?oC@oG?_w?O??M@??oW?BA_?EX,[(22-23)-(15-18)-(13-14)-(12-21)-(11-20)-(10-19)-(8-9)-(7-17)-(6-16)-(4-5)-(2-3)-(0-1)],9.369850158691406e-05,0.05934643745422363,6,False,0
W|eIAD`KGo@`@@@?_OGC@?oC@oG?_w?O??M@??oW?BA_?EX,[(21-22)-(15-18)-(14-23)-(12-13)-(11-20)-(10-19)-(8-9)-(7-17)-(6-16)-(4-5)-(2-3)-(0-1)],8.988380432128906e-05,0.11891913414001465,20,False,0
W|eIAD`KGo@`@@@?_OGC@?oC@oG?_w?O??M@??oW?BA_?EX,[(21-22)-(15-18)-(14-23)-(12-13)-(11-20)-(10-19)-(8-9)-(7-17)-(6-16)-(4-5)-(2-3)-(0-1)],9.107589721679688e-05,0.06689786911010742,7,True,0
W|eIAD`KGo@`@@@?_OGC@?oC@oG?_w?O??M@??oW?BA_?EX,[(21-22)-(18-23)-(14-15)-(12-13)-(11-20)-(10-19)-(8-9)-(7-17)-(6-16)-(4-5)-(2-3)-(0-1)],9.059906005859375e-05,0.051511526107788086,5,True,0
W|eIAD`KGo@`@@@?_OGC@?oC@oG?_w?O??M@??oW?BA_?EX,[(21-22)-(18-23)-(14-15)-(12-13)-(11-20)-(10-19)-(8-9)-(7-17)-(6-16)-(4-5)-(2-3)-(0-1)],9.393692016601562e-05,0.03739523887634277,4,True,0
W|eIAD`KGo@`@@@?_OGC@?oC@oG?_w?O??M@??oW?BA_?EX,[(20-21)-(15-18)-(14-23)-(13-22)-(11-12)-(10-19)-(8-9)-(7-17)-(6-16)-(4-5)-(2-3)-(0-1)],0.00010180473327636719,0.039786577224731445,4,False,0
W|eIAD`KGo@`@@@?_OGC@?oC@oG?_w?O??M@??oW?BA_?EX,[(20-21)-(15-18)-(14-23)-(13-22)-(11-12)-(10-19)-(8-9)-(7-17)-(6-16)-(4-5)-(2-3)-(0-1)],9.608268737792969e-05,0.04977726936340332,6,True,0
W|eIAD`KGo@`@@@?_OGC@?oC@oG?_w?O??M@??oW?BA_?EX,[(20-21)-(18-23)-(14-15)-(13-22)-(11-12)-(10-19)-(8-9)-(7-17)-(6-16)-(4-5)-(2-3)-(0-1)],9.679794311523438e-05,0.03946852684020996,4,False,0
W|eIAD`KGo@`@@@?_OGC@?oC@oG?_w?O??M@??oW?BA_?EX,[(20-21)-(18-23)-(14-15)-(13-22)-(11-12)-(10-19)-(8-9)-(7-17)-(6-16)-(4-5)-(2-3)-(0-1)],9.322166442871094e-05,0.05878281593322754,7,True,0
W|eIAD`KGo@`@@@?_OGC@?oC@oG?_w?O??M@??oW?BA_?EX,[(22-23)-(20-21)-(15-18)-(13-14)-(11-12)-(10-19)-(8-9)-(7-17)-(6-16)-(4-5)-(2-3)-(0-1)],9.441375732421875e-05,0.03979372978210449,4,False,0
W|eIAD`KGo@`@@@?_OGC@?oC@oG?_w?O??M@??oW?BA_?EX,[(22-23)-(20-21)-(15-18)-(13-14)-(11-12)-(10-19)-(8-9)-(7-17)-(6-16)-(4-5)-(2-3)-(0-1)],9.393692016601562e-05,0.03838539123535156,4,True,0
W|eIAD`KGo@`@@@?_OGC@?oC@oG?_w?O??M@??oW?BA_?EX,[(19-23)-(15-18)-(14-22)-(13-21)-(11-12)-(10-20)-(8-9)-(7-17)-(6-16)-(4-5)-(2-3)-(0-1)],8.726119995117188e-05,0.1017155647277832,19,False,0
W|eIAD`KGo@`@@@?_OGC@?oC@oG?_w?O??M@??oW?BA_?EX,[(19-23)-(15-18)-(14-22)-(13-21)-(11-12)-(10-20)-(8-9)-(7-17)-(6-16)-(4-5)-(2-3)-(0-1)],8.869171142578125e-05,0.0740823745727539,9,True,0
W|eIAD`KGo@`@@@?_OGC@?oC@oG?_w?O??M@??oW?BA_?EX,[(19-22)-(15-18)-(14-23)-(13-21)-(11-12)-(10-20)-(8-9)-(7-17)-(6-16)-(4-5)-(2-3)-(0-1)],9.369850158691406e-05,0.029443979263305664,3,False,0
W|eIAD`KGo@`@@@?_OGC@?oC@oG?_w?O??M@??oW?BA_?EX,[(19-22)-(15-18)-(14-23)-(13-21)-(11-12)-(10-20)-(8-9)-(7-17)-(6-16)-(4-5)-(2-3)-(0-1)],9.1552734375e-05,0.013854265213012695,1,True,0
W|fIIC`KGo`o?o?W?CG?p?BC?EG?CG?EC?@`??KG??[_??^,[(22-23)-(15-21)-(14-20)-(13-19)-(12-18)-(11-17)-(10-16)-(8-9)-(6-7)-(4-5)-(2-3)-(0-1)],9.34600830078125e-05,0.03647899627685547,4,True,0
W|fIIC`KGo`o?o?W?CG?p?BC?EG?CG?EC?@`??KG??[_??^,[(22-23)-(15-21)-(14-20)-(13-19)-(12-18)-(11-17)-(10-16)-(8-9)-(6-7)-(4-5)-(2-3)-(0-1)],9.584426879882812e-05,0.020801305770874023,2,True,0
W|fIIC`KGo`o?o?W?CG?p?BC?EG?CG?EC?@`??KG??[_??^,[(22-23)-(20-21)-(14-15)-(13-19)-(12-18)-(11-17)-(10-16)-(8-9)-(6-7)-(4-5)-(2-3)-(0-1)],9.250640869140625e-05,0.038323163986206055,4,True,0
W|fIIC`KGo`o?o?W?CG?p?BC?EG?CG?EC?@`??KG??[_??^,[(22-23)-(20-21)-(14-15)-(13-19)-(12-18)-(11-17)-(10-16)-(8-9)-(6-7)-(4-5)-(2-3)-(0-1)],9.298324584960938e-05,0.028275012969970703,3,True,0
W|fIIC`KGo`o?o?W?CG?p?BC?EG?CG?EC?@`??KG??[_??^,[(21-22)-(20-23)-(14-15)-(13-19)-(12-18)-(11-17)-(10-16)-(8-9)-(6-7)-(4-5)-(2-3)-(0-1)],8.487701416015625e-05,0.02877068519592285,3,True,0
W|fIIC`KGo`o?o?W?CG?p?BC?EG?CG?EC?@`??KG??[_??^,[(21-22)-(20-23)-(14-15)-(13-19)-(12-18)-(11-17)-(10-16)-(8-9)-(6-7)-(4-5)-(2-3)-(0-1)],9.322166442871094e-05,0.0393061637878418,4,True,0
W|fIIC`KGo`o?o?W?CG?p?BC?EG?CG?EC?@`??KG??[_??^,[(21-22)-(19-23)-(14-15)-(13-20)-(12-18)-(11-17)-(10-16)-(8-9)-(6-7)-(4-5)-(2-3)-(0-1)],9.012222290039062e-05,0.04783368110656738,5,True,0
W|fIIC`KGo`o?o?W?CG?p?BC?EG?CG?EC?@`??KG??[_??^,[(21-22)-(19-23)-(14-15)-(13-20)-(12-18)-(11-17)-(10-16)-(8-9)-(6-7)-(4-5)-(2-3)-(0-1)],9.274482727050781e-05,0.014070272445678711,1,True,0
W|fIIC`KGo`o?o?W?CG?p?BC?EG?CG?EC?@`??KG??[_??^,[(22-23)-(19-20)-(15-21)-(13-14)-(12-18)-(11-17)-(10-16)-(8-9)-(6-7)-(4-5)-(2-3)-(0-1)],0.0001933574676513672,0.022212743759155273,2,True,0
W|fIIC`KGo`o?o?W?CG?p?BC?EG?CG?EC?@`??KG??[_??^,[(22-23)-(19-20)-(15-21)-(13-14)-(12-18)-(11-17)-(10-16)-(8-9)-(6-7)-(4-5)-(2-3)-(0-1)],9.179115295410156e-05,0.09514951705932617,18,False,0
W|fIIC`KGo`o?o?W?CG?p?BC?EG?CG?EC?@`??KG??[_??^,[(21-23)-(18-22)-(14-15)-(13-20)-(12-19)-(11-17)-(10-16)-(8-9)-(6-7)-(4-5)-(2-3)-(0-1)],8.821487426757812e-05,0.02844834327697754,3,True,0
W|fIIC`KGo`o?o?W?CG?p?BC?EG?CG?EC?@`??KG??[_??^,[(21-23)-(18-22)-(14-15)-(13-20)-(12-19)-(11-17)-(10-16)-(8-9)-(6-7)-(4-5)-(2-3)-(0-1)],9.250640869140625e-05,0.04003453254699707,4,True,0
W|fIIC`KGo`o?o?W?CG?p?BC?EG?CG?EC?@`??KG??[_??^,[(21-22)-(18-23)-(14-15)-(13-20)-(12-19)-(11-17)-(10-16)-(8-9)-(6-7)-(4-5)-(2-3)-(0-1)],9.036064147949219e-05,0.028690814971923828,3,True,0
W|fIIC`KGo`o?o?W?CG?p?BC?EG?CG?EC?@`??KG??[_??^,[(21-22)-(18-23)-(14-15)-(13-20)-(12-19)-(11-17)-(10-16)-(8-9)-(6-7)-(4-5)-(2-3)-(0-1)],9.226799011230469e-05,0.03528904914855957,4,True,0
W|fIIC`KGo`o?o?W?CG?p?BC?EG?CG?EC?@`??KG??[_??^,[(20-23)-(18-22)-(15-21)-(13-14)-(12-19)-(11-17)-(10-16)-(8-9)-(6-7)-(4-5)-(2-3)-(0-1)],8.726119995117188e-05,0.020653724670410156,2,True,0
W|fIIC`KGo`o?o?W?CG?p?BC?EG?CG?EC?@`??KG??[_??^,[(20-23)-(18-22)-(15-21)-(13-14)-(12-19)-(11-17)-(10-16)-(8-9)-(6-7)-(4-5)-(2-3)-(0-1)],9.179115295410156e-05,0.038388967514038086,4,True,0
W|fIIC`KGo`o?o?W?CG?p?BC?EG?CG?EC?@`??KG??[_??^,[(21-23)-(18-22)-(14-20)-(13-19)-(12-17)-(11-16)-(10-15)-(8-9)-(6-7)-(4-5)-(2-3)-(0-1)],9.822845458984375e-05,0.03987860679626465,4,False,0
W|fIIC`KGo`o?o?W?CG?p?BC?EG?CG?EC?@`??KG??[_??^,[(21-23)-(18-22)-(14-20)-(13-19)-(12-17)-(11-16)-(10-15)-(8-9)-(6-7)-(4-5)-(2-3)-(0-1)],9.226799011230469e-05,0.03748464584350586,4,True,0
W|fIIC`KGo`o?o?W?CG?p?BC?EG?CG?EC?@`??KG??[_??^,[(21-22)-(18-23)-(14-20)-(13-19)-(12-17)-(11-16)-(10-15)-(8-9)-(6-7)-(4-5)-(2-3)-(0-1)],8.821487426757812e-05,0.05812478065490723,8,True,0
W|fIIC`KGo`o?o?W?CG?p?BC?EG?CG?EC?@`??KG??[_??^,[(21-22)-(18-23)-(14-20)-(13-19)-(12-17)-(11-16)-(10-15)-(8-9)-(6-7)-(4-5)-(2-3)-(0-1)],9.226799011230469e-05,0.04863142967224121,6,True,0
W|eIID`GG_b@B@@_?WGB`?E??KG?CG?EC?@`??EG??[_??^,[(22-23)-(15-21)-(14-20)-(13-19)-(12-18)-(11-17)-(10-16)-(8-9)-(6-7)-(4-5)-(2-3)-(0-1)],8.96453857421875e-05,0.05634117126464844,7,True,0
W|eIID`GG_b@B@@_?WGB`?E??KG?CG?EC?@`??EG??[_??^,[(22-23)-(15-21)-(14-20)-(13-19)-(12-18)-(11-17)-(10-16)-(8-9)-(6-7)-(4-5)-(2-3)-(0-1)],9.107589721679688e-05,0.020346879959106445,2,True,0
W|eIID`GG_b@B@@_?WGB`?E??KG?CG?EC?@`??EG??[_??^,[(22-23)-(20-21)-(14-15)-(13-19)-(12-18)-(11-17)-(10-16)-(8-9)-(6-7)-(4-5)-(2-3)-(0-1)],0.00010442733764648438,0.09332489967346191,12,True,0
W|eIID`GG_b@B@@_?WGB`?E??KG?CG?EC?@`??EG??[_??^,[(22-23)-(20-21)-(14-15)-(13-19)-(12-18)-(11-17)-(10-16)-(8-9)-(6-7)-(4-5)-(2-3)-(0-1)],0.00011086463928222656,0.04625654220581055,5,True,0
W|eIID`GG_b@B@@_?WGB`?E??KG?CG?EC?@`??EG??[_??^,[(21-22)-(20-23)-(14-15)-(13-19)-(12-18)-(11-17)-(10-16)-(8-9)-(6-7)-(4-5)-(2-3)-(0-1)],8.726119995117188e-05,0.05179882049560547,6,True,0
W|eIID`GG_b@B@@_?WGB`?E??KG?CG?EC?@`??EG??[_??^,[(21-22)-(20-23)-(14-15)-(13-19)-(12-18)-(11-17)-(10-16)-(8-9)-(6-7)-(4-5)-(2-3)-(0-1)],9.179115295410156e-05,0.047705888748168945,5,True,0
W|eIID`GG_b@B@@_?WGB`?E??KG?CG?EC?@`??EG??[_??^,[(21-22)-(19-23)-(14-15)-(13-20)-(12-18)-(11-17)-(10-16)-(8-9)-(6-7)-(4-5)-(2-3)-(0-1)],8.7738037109375e-05,0.06308579444885254,7,True,0
W|eIID`GG_b@B@@_?WGB`?E??KG?CG?EC?@`??EG??[_??^,[(21-22)-(19-23)-(14-15)-(13-20)-(12-18)-(11-17)-(10-16)-(8-9)-(6-7)-(4-5)-(2-3)-(0-1)],9.417533874511719e-05,0.028180360794067383,3,True,0
W|eIID`GG_b@B@@_?WGB`?E??KG?CG?EC?@`??EG??[_??^,[(22-23)-(19-20)-(15-21)-(13-14)-(12-18)-(11-17)-(10-16)-(8-9)-(6-7)-(4-5)-(2-3)-(0-1)],8.845329284667969e-05,0.08179688453674316,9,True,0
W|eIID`GG_b@B@@_?WGB`?E??KG?CG?EC?@`??EG??[_??^,[(22-23)-(19-20)-(15-21)-(13-14)-(12-18)-(11-17)-(10-16)-(8-9)-(6-7)-(4-5)-(2-3)-(0-1)],9.298324584960938e-05,0.03612494468688965,4,True,0
W|eIID`GG_b@B@@_?WGB`?E??KG?CG?EC?@`??EG??[_??^,[(21-23)-(18-22)-(14-15)-(13-20)-(12-19)-(11-17)-(10-16)-(8-9)-(6-7)-(4-5)-(2-3)-(0-1)],9.036064147949219e-05,0.06217527389526367,7,True,0
W|eIID`GG_b@B@@_?WGB`?E??KG?CG?EC?@`??EG??[_??^,[(21-23)-(18-22)-(14-15)-(13-20)-(12-19)-(11-17)-(10-16)-(8-9)-(6-7)-(4-5)-(2-3)-(0-1)],9.202957153320312e-05,0.028261184692382812,3,True,0
W|eIID`GG_b@B@@_?WGB`?E??KG?CG?EC?@`??EG??[_??^,[(21-22)-(18-23)-(14-15)-(13-20)-(12-19)-(11-17)-(10-16)-(8-9)-(6-7)-(4-5)-(2-3)-(0-1)],9.942054748535156e-05,0.06784892082214355,8,True,0
W|eIID`GG_b@B@@_?WGB`?E??KG?CG?EC?@`??EG??[_??^,[(21-22)-(18-23)-(14-15)-(13-20)-(12-19)-(11-17)-(10-16)-(8-9)-(6-7)-(4-5)-(2-3)-(0-1)],9.226799011230469e-05,0.07265210151672363,15,False,0
W|eIID`GG_b@B@@_?WGB`?E??KG?CG?EC?@`??EG??[_??^,[(20-23)-(18-22)-(15-21)-(13-14)-(12-19)-(11-17)-(10-16)-(8-9)-(6-7)-(4-5)-(2-3)-(0-1)],8.749961853027344e-05,0.11034297943115234,12,True,0
W|eIID`GG_b@B@@_?WGB`?E??KG?CG?EC?@`??EG??[_??^,[(20-23)-(18-22)-(15-21)-(13-14)-(12-19)-(11-17)-(10-16)-(8-9)-(6-7)-(4-5)-(2-3)-(0-1)],9.202957153320312e-05,0.036922454833984375,4,True,0
W|eIID`GG_b@B@@_?WGB`?E??KG?CG?EC?@`??EG??[_??^,[(22-23)-(17-18)-(15-21)-(14-20)-(13-19)-(11-12)-(10-16)-(8-9)-(6-7)-(4-5)-(2-3)-(0-1)],9.298324584960938e-05,0.07237410545349121,15,False,0
W|eIID`GG_b@B@@_?WGB`?E??KG?CG?EC?@`??EG??[_??^,[(22-23)-(17-18)-(15-21)-(14-20)-(13-19)-(11-12)-(10-16)-(8-9)-(6-7)-(4-5)-(2-3)-(0-1)],9.179115295410156e-05,0.045845746994018555,5,True,0
W|eIID`GG_b@B@@_?WGB`?E??KG?CG?EC?@`??EG??[_??^,[(18-23)-(17-22)-(15-21)-(14-20)-(13-19)-(11-12)-(10-16)-(8-9)-(6-7)-(4-5)-(2-3)-(0-1)],0.00011682510375976562,0.046133995056152344,5,True,0
W|eIID`GG_b@B@@_?WGB`?E??KG?CG?EC?@`??EG??[_??^,[(18-23)-(17-22)-(15-21)-(14-20)-(13-19)-(11-12)-(10-16)-(8-9)-(6-7)-(4-5)-(2-3)-(0-1)],9.417533874511719e-05,0.035053253173828125,4,True,0
W|fIJ?pCGO`@@`?__WGA@?KC?WG?W??MC?@B??KG??w_??v,[(20-23)-(15-22)-(14-21)-(13-19)-(11-18)-(10-17)-(9-16)-(7-8)-(6-12)-(4-5)-(2-3)-(0-1)],8.821487426757812e-05,0.03648114204406738,4,True,0
W|fIJ?pCGO`@@`?__WGA@?KC?WG?W??MC?@B??KG??w_??v,[(20-23)-(15-22)-(14-21)-(13-19)-(11-18)-(10-17)-(9-16)-(7-8)-(6-12)-(4-5)-(2-3)-(0-1)],0.00010013580322265625,0.05389094352722168,6,True,0
W|fIJ?pCGO`@@`?__WGA@?KC?WG?W??MC?@B??KG??w_??v,[(22-23)-(20-21)-(14-15)-(13-19)-(11-18)-(10-17)-(9-16)-(7-8)-(6-12)-(4-5)-(2-3)-(0-1)],9.012222290039062e-05,0.045755624771118164,5,True,0
W|fIJ?pCGO`@@`?__WGA@?KC?WG?W??MC?@B??KG??w_??v,[(22-23)-(20-21)-(14-15)-(13-19)-(11-18)-(10-17)-(9-16)-(7-8)-(6-12)-(4-5)-(2-3)-(0-1)],9.274482727050781e-05,0.03660702705383301,4,True,0
W|fIJ?pCGO`@@`?__WGA@?KC?WG?W??MC?@B??KG??w_??v,[(21-22)-(20-23)-(14-15)-(13-19)-(11-18)-(10-17)-(9-16)-(7-8)-(6-12)-(4-5)-(2-3)-(0-1)],8.797645568847656e-05,0.04612565040588379,5,True,0
W|fIJ?pCGO`@@`?__WGA@?KC?WG?W??MC?@B??KG??w_??v,[(21-22)-(20-23)-(14-15)-(13-19)-(11-18)-(10-17)-(9-16)-(7-8)-(6-12)-(4-5)-(2-3)-(0-1)],9.179115295410156e-05,0.03850150108337402,4,False,0
W|fIJ?pCGO`@@`?__WGA@?KC?WG?W??MC?@B??KG??w_??v,[(22-23)-(19-20)-(15-21)-(13-14)-(11-18)-(10-17)-(9-16)-(7-8)-(6-12)-(4-5)-(2-3)-(0-1)],8.940696716308594e-05,0.037303924560546875,4,True,0
W|fIJ?pCGO`@@`?__WGA@?KC?WG?W??MC?@B??KG??w_??v,[(22-23)-(19-20)-(15-21)-(13-14)-(11-18)-(10-17)-(9-16)-(7-8)-(6-12)-(4-5)-(2-3)-(0-1)],9.322166442871094e-05,0.07147002220153809,7,False,0
W|fIJ?pCGO`@@`?__WGA@?KC?WG?W??MC?@B??KG??w_??v,[(21-23)-(19-20)-(15-22)-(13-14)-(11-18)-(10-17)-(9-16)-(7-8)-(6-12)-(4-5)-(2-3)-(0-1)],9.059906005859375e-05,0.02819061279296875,3,True,0
W|fIJ?pCGO`@@`?__WGA@?KC?WG?W??MC?@B??KG??w_??v,[(21-23)-(19-20)-(15-22)-(13-14)-(11-18)-(10-17)-(9-16)-(7-8)-(6-12)-(4-5)-(2-3)-(0-1)],9.059906005859375e-05,0.05946993827819824,6,False,0
W|fIJ?pCGO`@@`?__WGA@?KC?WG?W??MC?@B??KG??w_??v,[(18-23)-(15-22)-(14-21)-(13-20)-(11-19)-(10-17)-(9-16)-(7-8)-(6-12)-(4-5)-(2-3)-(0-1)],0.00010085105895996094,0.021253347396850586,2,True,0
W|fIJ?pCGO`@@`?__WGA@?KC?WG?W??MC?@B??KG??w_??v,[(18-23)-(15-22)-(14-21)-(13-20)-(11-19)-(10-17)-(9-16)-(7-8)-(6-12)-(4-5)-(2-3)-(0-1)],9.250640869140625e-05,0.10447907447814941,19,False,0
W|fIJ?pCGO`@@`?__WGA@?KC?WG?W??MC?@B??KG??w_??v,[(21-22)-(18-23)-(14-15)-(13-20)-(11-19)-(10-17)-(9-16)-(7-8)-(6-12)-(4-5)-(2-3)-(0-1)],0.00011539459228515625,0.02062702178955078,2,True,0
W|fIJ?pCGO`@@`?__WGA@?KC?WG?W??MC?@B??KG??w_??v,[(21-22)-(18-23)-(14-15)-(13-20)-(11-19)-(10-17)-(9-16)-(7-8)-(6-12)-(4-5)-(2-3)-(0-1)],9.1552734375e-05,0.1162569522857666,21,False,0
W|fIJ?pCGO`@@`?__WGA@?KC?WG?W??MC?@B??KG??w_??v,[(22-23)-(18-20)-(15-21)-(13-14)-(11-19)-(10-17)-(9-16)-(7-8)-(6-12)-(4-5)-(2-3)-(0-1)],8.869171142578125e-05,0.02118515968322754,2,True,0
W|fIJ?pCGO`@@`?__WGA@?KC?WG?W??MC?@B??KG??w_??v,[(22-23)-(18-20)-(15-21)-(13-14)-(11-19)-(10-17)-(9-16)-(7-8)-(6-12)-(4-5)-(2-3)-(0-1)],9.1552734375e-05,0.12637567520141602,22,False,0
W|fIJ?pCGO`@@`?__WGA@?KC?WG?W??MC?@B??KG??w_??v,[(21-23)-(18-20)-(15-22)-(13-14)-(11-19)-(10-17)-(9-16)-(7-8)-(6-12)-(4-5)-(2-3)-(0-1)],9.036064147949219e-05,0.02144312858581543,2,True,0
W|fIJ?pCGO`@@`?__WGA@?KC?WG?W??MC?@B??KG??w_??v,[(21-23)-(18-20)-(15-22)-(13-14)-(11-19)-(10-17)-(9-16)-(7-8)-(6-12)-(4-5)-(2-3)-(0-1)],9.083747863769531e-05,0.14298415184020996,24,False,0
W|fIJ?pCGO`@@`?__WGA@?KC?WG?W??MC?@B??KG??w_??v,[(20-21)-(18-23)-(15-22)-(13-14)-(11-19)-(10-17)-(9-16)-(7-8)-(6-12)-(4-5)-(2-3)-(0-1)],8.726119995117188e-05,0.05579686164855957,7,True,0
W|fIJ?pCGO`@@`?__WGA@?KC?WG?W??MC?@B??KG??w_??v,[(20-21)-(18-23)-(15-22)-(13-14)-(11-19)-(10-17)-(9-16)-(7-8)-(6-12)-(4-5)-(2-3)-(0-1)],9.179115295410156e-05,0.08108210563659668,17,False,0
WtfIID_GH_b@A@@__WGA@?WC?oG?w??CC?B`??CW??w_??z,[(22-23)-(19-21)-(14-15)-(13-20)-(11-12)-(10-18)-(9-17)-(8-16)-(6-7)-(4-5)-(2-3)-(0-1)],9.107589721679688e-05,0.038471221923828125,4,True,0
WtfIID_GH_b@A@@__WGA@?WC?oG?w??CC?B`??CW??w_??z,[(22-23)-(19-21)-(14-15)-(13-20)-(11-12)-(10-18)-(9-17)-(8-16)-(6-7)-(4-5)-(2-3)-(0-1)],9.322166442871094e-05,0.03788399696350098,4,True,0
WtfIID_GH_b@A@@__WGA@?WC?oG?w??CC?B`??CW??w_??z,[(21-22)-(19-23)-(14-15)-(13-20)-(11-12)-(10-18)-(9-17)-(8-16)-(6-7)-(4-5)-(2-3)-(0-1)],8.845329284667969e-05,0.03058934211730957,3,True,0
WtfIID_GH_b@A@@__WGA@?WC?oG?w??CC?B`??CW??w_??z,[(21-22)-(19-23)-(14-15)-(13-20)-(11-12)-(10-18)-(9-17)-(8-16)-(6-7)-(4-5)-(2-3)-(0-1)],9.131431579589844e-05,0.028948545455932617,3,True,0
WtfIID_GH_b@A@@__WGA@?WC?oG?w??CC?B`??CW??w_??z,[(22-23)-(19-20)-(15-21)-(13-14)-(11-12)-(10-18)-(9-17)-(8-16)-(6-7)-(4-5)-(2-3)-(0-1)],8.893013000488281e-05,0.03527069091796875,4,True,0
WtfIID_GH_b@A@@__WGA@?WC?oG?w??CC?B`??CW??w_??z,[(22-23)-(19-20)-(15-21)-(13-14)-(11-12)-(10-18)-(9-17)-(8-16)-(6-7)-(4-5)-(2-3)-(0-1)],9.226799011230469e-05,0.04799628257751465,4,False,0
WtfIID_GH_b@A@@__WGA@?WC?oG?w??CC?B`??CW??w_??z,[(21-23)-(19-20)-(15-22)-(13-14)-(11-12)-(10-18)-(9-17)-(8-16)-(6-7)-(4-5)-(2-3)-(0-1)],0.00010037422180175781,0.055214643478393555,5,False,0
WtfIID_GH_b@A@@__WGA@?WC?oG?w??CC?B`??CW??w_??z,[(21-23)-(19-20)-(15-22)-(13-14)-(11-12)-(10-18)-(9-17)-(8-16)-(6-7)-(4-5)-(2-3)-(0-1)],9.369850158691406e-05,0.01383662223815918,1,True,0
WtfIID_GH_b@A@@__WGA@?WC?oG?w??CC?B`??CW??w_??z,[(20-21)-(19-23)-(15-22)-(13-14)-(11-12)-(10-18)-(9-17)-(8-16)-(6-7)-(4-5)-(2-3)-(0-1)],8.893013000488281e-05,0.020699739456176758,2,True,0
WtfIID_GH_b@A@@__WGA@?WC?oG?w??CC?B`??CW??w_??z,[(20-21)-(19-23)-(15-22)-(13-14)-(11-12)-(10-18)-(9-17)-(8-16)-(6-7)-(4-5)-(2-3)-(0-1)],9.489059448242188e-05,0.04265642166137695,4,False,0
WtfIID_GH_b@A@@__WGA@?WC?oG?w??CC?B`??CW??w_??z,[(21-22)-(18-23)-(14-15)-(13-20)-(12-19)-(10-11)-(9-17)-(8-16)-(6-7)-(4-5)-(2-3)-(0-1)],0.0001010894775390625,0.013807296752929688,1,True,0
WtfIID_GH_b@A@@__WGA@?WC?oG?w??CC?B`??CW??w_??z,[(21-22)-(18-23)-(14-15)-(13-20)-(12-19)-(10-11)-(9-17)-(8-16)-(6-7)-(4-5)-(2-3)-(0-1)],9.012222290039062e-05,0.04253506660461426,4,False,0
WtfIID_GH_b@A@@__WGA@?WC?oG?w??CC?B`??CW??w_??z,[(20-21)-(18-23)-(15-22)-(13-14)-(12-19)-(10-11)-(9-17)-(8-16)-(6-7)-(4-5)-(2-3)-(0-1)],9.417533874511719e-05,0.0394747257232666,4,True,0
WtfIID_GH_b@A@@__WGA@?WC?oG?w??CC?B`??CW??w_??z,[(20-21)-(18-23)-(15-22)-(13-14)-(12-19)-(10-11)-(9-17)-(8-16)-(6-7)-(4-5)-(2-3)-(0-1)],0.00010395050048828125,0.12769842147827148,21,False,0
WtfIID_GH_b@A@@__WGA@?WC?oG?w??CC?B`??CW??w_??z,[(22-23)-(18-19)-(15-21)-(13-14)-(12-20)-(10-11)-(9-17)-(8-16)-(6-7)-(4-5)-(2-3)-(0-1)],8.96453857421875e-05,0.03723454475402832,4,True,0
WtfIID_GH_b@A@@__WGA@?WC?oG?w??CC?B`??CW??w_??z,[(22-23)-(18-19)-(15-21)-(13-14)-(12-20)-(10-11)-(9-17)-(8-16)-(6-7)-(4-5)-(2-3)-(0-1)],9.250640869140625e-05,0.020702600479125977,2,True,0
WtfIID_GH_b@A@@__WGA@?WC?oG?w??CC?B`??CW??w_??z,[(21-23)-(18-19)-(15-22)-(13-14)-(12-20)-(10-11)-(9-17)-(8-16)-(6-7)-(4-5)-(2-3)-(0-1)],9.036064147949219e-05,0.020484209060668945,2,True,0
WtfIID_GH_b@A@@__WGA@?WC?oG?w??CC?B`??CW??w_??z,[(21-23)-(18-19)-(15-22)-(13-14)-(12-20)-(10-11)-(9-17)-(8-16)-(6-7)-(4-5)-(2-3)-(0-1)],9.131431579589844e-05,0.05731201171875,6,True,0
WtfIID_GH_b@A@@__WGA@?WC?oG?w??CC?B`??CW??w_??z,[(19-21)-(18-23)-(15-22)-(13-14)-(12-20)-(10-11)-(9-17)-(8-16)-(6-7)-(4-5)-(2-3)-(0-1)],8.797645568847656e-05,0.02862691879272461,3,True,0
WtfIID_GH_b@A@@__WGA@?WC?oG?w??CC?B`??CW??w_??z,[(19-21)-(18-23)-(15-22)-(13-14)-(12-20)-(10-11)-(9-17)-(8-16)-(6-7)-(4-5)-(2-3)-(0-1)],9.226799011230469e-05,0.14616155624389648,23,False,0
WtfIID@GH?c@C@E?`oGE@?WC?oG?oG?WC?E@??oG??w_??^,[(22-23)-(14-15)-(13-21)-(12-20)-(11-19)-(10-18)-(9-17)-(8-16)-(6-7)-(4-5)-(2-3)-(0-1)],9.1552734375e-05,0.04703116416931152,6,True,0
WtfIID@GH?c@C@E?`oGE@?WC?oG?oG?WC?E@??oG??w_??^,[(22-23)-(14-15)-(13-21)-(12-20)-(11-19)-(10-18)-(9-17)-(8-16)-(6-7)-(4-5)-(2-3)-(0-1)],9.417533874511719e-05,0.05242443084716797,6,True,0
WtfIID@GH?c@C@E?`oGE@?WC?oG?oG?WC?E@??oG??w_??^,[(21-23)-(15-22)-(13-14)-(12-20)-(11-19)-(10-18)-(9-17)-(8-16)-(6-7)-(4-5)-(2-3)-(0-1)],9.465217590332031e-05,0.03393864631652832,4,True,0
WtfIID@GH?c@C@E?`oGE@?WC?oG?oG?WC?E@??oG??w_??^,[(21-23)-(15-22)-(13-14)-(12-20)-(11-19)-(10-18)-(9-17)-(8-16)-(6-7)-(4-5)-(2-3)-(0-1)],9.083747863769531e-05,0.08136892318725586,9,False,0
WtfIID@GH?c@C@E?`oGE@?WC?oG?oG?WC?E@??oG??w_??^,[(20-23)-(15-22)-(13-14)-(12-21)-(11-19)-(10-18)-(9-17)-(8-16)-(6-7)-(4-5)-(2-3)-(0-1)],8.845329284667969e-05,0.05690622329711914,7,True,0
WtfIID@GH?c@C@E?`oGE@?WC?oG?oG?WC?E@??oG??w_??^,[(20-23)-(15-22)-(13-14)-(12-21)-(11-19)-(10-18)-(9-17)-(8-16)-(6-7)-(4-5)-(2-3)-(0-1)],9.226799011230469e-05,0.06975793838500977,8,True,0
WtfIID@GH?c@C@E?`oGE@?WC?oG?oG?WC?E@??oG??w_??^,[(22-23)-(20-21)-(14-15)-(12-13)-(11-19)-(10-18)-(9-17)-(8-16)-(6-7)-(4-5)-(2-3)-(0-1)],9.34600830078125e-05,0.07305765151977539,15,False,0
WtfIID@GH?c@C@E?`oGE@?WC?oG?oG?WC?E@??oG??w_??^,[(22-23)-(20-21)-(14-15)-(12-13)-(11-19)-(10-18)-(9-17)-(8-16)-(6-7)-(4-5)-(2-3)-(0-1)],9.202957153320312e-05,0.04166817665100098,5,False,0
WtfIID@GH?c@C@E?`oGE@?WC?oG?oG?WC?E@??oG??w_??^,[(21-22)-(20-23)-(14-15)-(12-13)-(11-19)-(10-18)-(9-17)-(8-16)-(6-7)-(4-5)-(2-3)-(0-1)],9.083747863769531e-05,0.061921119689941406,8,True,0
WtfIID@GH?c@C@E?`oGE@?WC?oG?oG?WC?E@??oG??w_??^,[(21-22)-(20-23)-(14-15)-(12-13)-(11-19)-(10-18)-(9-17)-(8-16)-(6-7)-(4-5)-(2-3)-(0-1)],0.00010180473327636719,0.042897701263427734,5,True,0
WtfIID@GH?c@C@E?`oGE@?WC?oG?oG?WC?E@??oG??w_??^,[(19-23)-(15-22)-(13-14)-(12-21)-(11-20)-(10-18)-(9-17)-(8-16)-(6-7)-(4-5)-(2-3)-(0-1)],8.845329284667969e-05,0.042629241943359375,5,True,0
WtfIID@GH?c@C@E?`oGE@?WC?oG?oG?WC?E@??oG??w_??^,[(19-23)-(15-22)-(13-14)-(12-21)-(11-20)-(10-18)-(9-17)-(8-16)-(6-7)-(4-5)-(2-3)-(0-1)],9.274482727050781e-05,0.040069580078125,4,False,0
WtfIID@GH?c@C@E?`oGE@?WC?oG?oG?WC?E@??oG??w_??^,[(21-22)-(19-23)-(14-15)-(12-13)-(11-20)-(10-18)-(9-17)-(8-16)-(6-7)-(4-5)-(2-3)-(0-1)],9.059906005859375e-05,0.05240154266357422,6,True,0
WtfIID@GH?c@C@E?`oGE@?WC?oG?oG?WC?E@??oG??w_??^,[(21-22)-(19-23)-(14-15)-(12-13)-(11-20)-(10-18)-(9-17)-(8-16)-(6-7)-(4-5)-(2-3)-(0-1)],9.417533874511719e-05,0.021979808807373047,2,False,0
WtfIID@GH?c@C@E?`oGE@?WC?oG?oG?WC?E@??oG??w_??^,[(22-23)-(19-20)-(14-15)-(13-21)-(11-12)-(10-18)-(9-17)-(8-16)-(6-7)-(4-5)-(2-3)-(0-1)],9.822845458984375e-05,0.05461478233337402,6,True,0
WtfIID@GH?c@C@E?`oGE@?WC?oG?oG?WC?E@??oG??w_??^,[(22-23)-(19-20)-(14-15)-(13-21)-(11-12)-(10-18)-(9-17)-(8-16)-(6-7)-(4-5)-(2-3)-(0-1)],9.298324584960938e-05,0.01427459716796875,1,True,0
WtfIID@GH?c@C@E?`oGE@?WC?oG?oG?WC?E@??oG??w_??^,[(21-23)-(19-20)-(15-22)-(13-14)-(11-12)-(10-18)-(9-17)-(8-16)-(6-7)-(4-5)-(2-3)-(0-1)],8.988380432128906e-05,0.03803849220275879,4,True,0
WtfIID@GH?c@C@E?`oGE@?WC?oG?oG?WC?E@??oG??w_??^,[(21-23)-(19-20)-(15-22)-(13-14)-(11-12)-(10-18)-(9-17)-(8-16)-(6-7)-(4-5)-(2-3)-(0-1)],9.489059448242188e-05,0.04347586631774902,5,True,0
WtfIID@GH?c@C@E?`oGE@?WC?oG?oG?WC?E@??oG??w_??^,[(20-21)-(19-23)-(15-22)-(13-14)-(11-12)-(10-18)-(9-17)-(8-16)-(6-7)-(4-5)-(2-3)-(0-1)],8.988380432128906e-05,0.04498767852783203,5,True,0
WtfIID@GH?c@C@E?`oGE@?WC?oG?oG?WC?E@??oG??w_??^,[(20-21)-(19-23)-(15-22)-(13-14)-(11-12)-(10-18)-(9-17)-(8-16)-(6-7)-(4-5)-(2-3)-(0-1)],9.965896606445312e-05,0.03771567344665527,4,True,0
WtfII@`GH_B@B`?b_WGA@?OC?oG?_G?oC??p??EG??[_??^,[(22-23)-(15-21)-(14-20)-(11-13)-(10-19)-(9-18)-(8-17)-(7-16)-(6-12)-(4-5)-(2-3)-(0-1)],9.202957153320312e-05,0.06968212127685547,15,False,0
WtfII@`GH_B@B`?b_WGA@?OC?oG?_G?oC??p??EG??[_??^,[(22-23)-(15-21)-(14-20)-(11-13)-(10-19)-(9-18)-(8-17)-(7-16)-(6-12)-(4-5)-(2-3)-(0-1)],9.083747863769531e-05,0.09183120727539062,11,True,0
WtfII@`GH_B@B`?b_WGA@?OC?oG?_G?oC??p??EG??[_??^,[(22-23)-(20-21)-(14-15)-(11-13)-(10-19)-(9-18)-(8-17)-(7-16)-(6-12)-(4-5)-(2-3)-(0-1)],8.821487426757812e-05,0.04956221580505371,6,False,0
WtfII@`GH_B@B`?b_WGA@?OC?oG?_G?oC??p??EG??[_??^,[(22-23)-(20-21)-(14-15)-(11-13)-(10-19)-(9-18)-(8-17)-(7-16)-(6-12)-(4-5)-(2-3)-(0-1)],9.202957153320312e-05,0.0357663631439209,4,True,0
WtfII@`GH_B@B`?b_WGA@?OC?oG?_G?oC??p??EG??[_??^,[(21-22)-(20-23)-(14-15)-(11-13)-(10-19)-(9-18)-(8-17)-(7-16)-(6-12)-(4-5)-(2-3)-(0-1)],8.749961853027344e-05,0.10286831855773926,19,False,0
WtfII@`GH_B@B`?b_WGA@?OC?oG?_G?oC??p??EG??[_??^,[(21-22)-(20-23)-(14-15)-(11-13)-(10-19)-(9-18)-(8-17)-(7-16)-(6-12)-(4-5)-(2-3)-(0-1)],9.059906005859375e-05,0.10241222381591797,19,False,0
WtfII@`GH_B@B`?b_WGA@?OC?oG?_G?oC??p??EG??[_??^,[(21-22)-(19-23)-(15-20)-(13-14)-(10-11)-(9-18)-(8-17)-(7-16)-(6-12)-(4-5)-(2-3)-(0-1)],8.726119995117188e-05,0.020369529724121094,2,True,0
WtfII@`GH_B@B`?b_WGA@?OC?oG?_G?oC??p??EG??[_??^,[(21-22)-(19-23)-(15-20)-(13-14)-(10-11)-(9-18)-(8-17)-(7-16)-(6-12)-(4-5)-(2-3)-(0-1)],8.988380432128906e-05,0.11331915855407715,13,False,0
WtfII@`GH_B@B`?b_WGA@?OC?oG?_G?oC??p??EG??[_??^,[(22-23)-(19-20)-(15-21)-(13-14)-(10-11)-(9-18)-(8-17)-(7-16)-(6-12)-(4-5)-(2-3)-(0-1)],9.560585021972656e-05,0.027962684631347656,3,True,0
WtfII@`GH_B@B`?b_WGA@?OC?oG?_G?oC??p??EG??[_??^,[(22-23)-(19-20)-(15-21)-(13-14)-(10-11)-(9-18)-(8-17)-(7-16)-(6-12)-(4-5)-(2-3)-(0-1)],9.489059448242188e-05,0.08705568313598633,10,True,0
WtfII@`GH_B@B`?b_WGA@?OC?oG?_G?oC??p??EG??[_??^,[(21-23)-(18-22)-(15-20)-(13-14)-(10-11)-(9-19)-(8-17)-(7-16)-(6-12)-(4-5)-(2-3)-(0-1)],9.250640869140625e-05,0.027216434478759766,3,True,0
WtfII@`GH_B@B`?b_WGA@?OC?oG?_G?oC??p??EG??[_??^,[(21-23)-(18-22)-(15-20)-(13-14)-(10-11)-(9-19)-(8-17)-(7-16)-(6-12)-(4-5)-(2-3)-(0-1)],9.226799011230469e-05,0.04906797409057617,5,False,0
WtfII@`GH_B@B`?b_WGA@?OC?oG?_G?oC??p??EG??[_??^,[(21-22)-(18-23)-(15-20)-(13-14)-(10-11)-(9-19)-(8-17)-(7-16)-(6-12)-(4-5)-(2-3)-(0-1)],8.96453857421875e-05,0.052570343017578125,13,False,0
WtfII@`GH_B@B`?b_WGA@?OC?oG?_G?oC??p??EG??[_??^,[(21-22)-(18-23)-(15-20)-(13-14)-(10-11)-(9-19)-(8-17)-(7-16)-(6-12)-(4-5)-(2-3)-(0-1)],9.655952453613281e-05,0.02086925506591797,2,True,0
WtfII@`GH_B@B`?b_WGA@?OC?oG?_G?oC??p??EG??[_??^,[(20-23)-(18-22)-(15-21)-(13-14)-(10-11)-(9-19)-(8-17)-(7-16)-(6-12)-(4-5)-(2-3)-(0-1)],9.226799011230469e-05,0.03540849685668945,4,True,0
WtfII@`GH_B@B`?b_WGA@?OC?oG?_G?oC??p??EG??[_??^,[(20-23)-(18-22)-(15-21)-(13-14)-(10-11)-(9-19)-(8-17)-(7-16)-(6-12)-(4-5)-(2-3)-(0-1)],9.369850158691406e-05,0.05401253700256348,6,True,0
WtfII@`GH_B@B`?b_WGA@?OC?oG?_G?oC??p??EG??[_??^,[(22-23)-(17-18)-(15-21)-(14-20)-(11-13)-(10-19)-(8-9)-(7-16)-(6-12)-(4-5)-(2-3)-(0-1)],8.988380432128906e-05,0.074737548828125,15,False,0
WtfII@`GH_B@B`?b_WGA@?OC?oG?_G?oC??p??EG??[_??^,[(22-23)-(17-18)-(15-21)-(14-20)-(11-13)-(10-19)-(8-9)-(7-16)-(6-12)-(4-5)-(2-3)-(0-1)],9.465217590332031e-05,0.036247968673706055,4,True,0
WtfII@`GH_B@B`?b_WGA@?OC?oG?_G?oC??p??EG??[_??^,[(18-23)-(17-22)-(15-21)-(14-20)-(11-13)-(10-19)-(8-9)-(7-16)-(6-12)-(4-5)-(2-3)-(0-1)],9.059906005859375e-05,0.12424564361572266,22,False,0
WtfII@`GH_B@B`?b_WGA@?OC?oG?_G?oC??p??EG??[_??^,[(18-23)-(17-22)-(15-21)-(14-20)-(11-13)-(10-19)-(8-9)-(7-16)-(6-12)-(4-5)-(2-3)-(0-1)],0.000102996826171875,0.028099536895751953,3,True,0
WtfIID@GH?e?E@B__WWB@?K??WG?OG?WC?CP??EG??[_??^,[(22-23)-(20-21)-(14-15)-(12-13)-(11-19)-(10-18)-(9-17)-(8-16)-(6-7)-(4-5)-(2-3)-(0-1)],9.512901306152344e-05,0.021235942840576172,2,True,0
WtfIID@GH?e?E@B__WWB@?K??WG?OG?WC?CP??EG??[_??^,[(22-23)-(20-21)-(14-15)-(12-13)-(11-19)-(10-18)-(9-17)-(8-16)-(6-7)-(4-5)-(2-3)-(0-1)],9.274482727050781e-05,0.04669189453125,5,True,0
WtfIID@GH?e?E@B__WWB@?K??WG?OG?WC?CP??EG??[_??^,[(21-22)-(20-23)-(14-15)-(12-13)-(11-19)-(10-18)-(9-17)-(8-16)-(6-7)-(4-5)-(2-3)-(0-1)],8.940696716308594e-05,0.044981956481933594,5,True,0
WtfIID@GH?e?E@B__WWB@?K??WG?OG?WC?CP??EG??[_??^,[(21-22)-(20-23)-(14-15)-(12-13)-(11-19)-(10-18)-(9-17)-(8-16)-(6-7)-(4-5)-(2-3)-(0-1)],9.179115295410156e-05,0.0510258674621582,5,True,0
WtfIID@GH?e?E@B__WWB@?K??WG?OG?WC?CP??EG??[_??^,[(21-22)-(19-23)-(14-15)-(12-13)-(11-20)-(10-18)-(9-17)-(8-16)-(6-7)-(4-5)-(2-3)-(0-1)],9.560585021972656e-05,0.013871431350708008,1,True,0
WtfIID@GH?e?E@B__WWB@?K??WG?OG?WC?CP??EG??[_??^,[(21-22)-(19-23)-(14-15)-(12-13)-(11-20)-(10-18)-(9-17)-(8-16)-(6-7)-(4-5)-(2-3)-(0-1)],9.417533874511719e-05,0.048375606536865234,5,False,0
WtfIID@GH?e?E@B__WWB@?K??WG?OG?WC?CP??EG??[_??^,[(21-22)-(19-23)-(15-20)-(13-14)-(11-12)-(10-18)-(9-17)-(8-16)-(6-7)-(4-5)-(2-3)-(0-1)],9.202957153320312e-05,0.0398406982421875,4,False,0
WtfIID@GH?e?E@B__WWB@?K??WG?OG?WC?CP??EG??[_??^,[(21-22)-(19-23)-(15-20)-(13-14)-(11-12)-(10-18)-(9-17)-(8-16)-(6-7)-(4-5)-(2-3)-(0-1)],9.1552734375e-05,0.06510519981384277,7,True,0
WtfIID@GH?e?E@B__WWB@?K??WG?OG?WC?CP??EG??[_??^,[(22-23)-(19-20)-(15-21)-(13-14)-(11-12)-(10-18)-(9-17)-(8-16)-(6-7)-(4-5)-(2-3)-(0-1)],8.7738037109375e-05,0.10043835639953613,17,False,0
WtfIID@GH?e?E@B__WWB@?K??WG?OG?WC?CP??EG??[_??^,[(22-23)-(19-20)-(15-21)-(13-14)-(11-12)-(10-18)-(9-17)-(8-16)-(6-7)-(4-5)-(2-3)-(0-1)],9.441375732421875e-05,0.07111787796020508,7,True,0
WtfIID@GH?e?E@B__WWB@?K??WG?OG?WC?CP??EG??[_??^,[(21-23)-(18-22)-(14-15)-(12-13)-(11-20)-(10-19)-(9-17)-(8-16)-(6-7)-(4-5)-(2-3)-(0-1)],8.845329284667969e-05,0.014638185501098633,1,True,0
WtfIID@GH?e?E@B__WWB@?K??WG?OG?WC?CP??EG??[_??^,[(21-23)-(18-22)-(14-15)-(12-13)-(11-20)-(10-19)-(9-17)-(8-16)-(6-7)-(4-5)-(2-3)-(0-1)],9.846687316894531e-05,0.04572343826293945,5,True,0
WtfIID@GH?e?E@B__WWB@?K??WG?OG?WC?CP??EG??[_??^,[(21-22)-(18-23)-(14-15)-(12-13)-(11-20)-(10-19)-(9-17)-(8-16)-(6-7)-(4-5)-(2-3)-(0-1)],8.940696716308594e-05,0.03684663772583008,4,True,0
WtfIID@GH?e?E@B__WWB@?K??WG?OG?WC?CP??EG??[_??^,[(21-22)-(18-23)-(14-15)-(12-13)-(11-20)-(10-19)-(9-17)-(8-16)-(6-7)-(4-5)-(2-3)-(0-1)],9.1552734375e-05,0.051217079162597656,5,True,0
WtfIID@GH?e?E@B__WWB@?K??WG?OG?WC?CP??EG??[_??^,[(21-23)-(18-22)-(15-20)-(13-14)-(11-12)-(10-19)-(9-17)-(8-16)-(6-7)-(4-5)-(2-3)-(0-1)],9.083747863769531e-05,0.057276010513305664,6,True,0
WtfIID@GH?e?E@B__WWB@?K??WG?OG?WC?CP??EG??[_??^,[(21-23)-(18-22)-(15-20)-(13-14)-(11-12)-(10-19)-(9-17)-(8-16)-(6-7)-(4-5)-(2-3)-(0-1)],9.369850158691406e-05,0.050713539123535156,6,True,0
WtfIID@GH?e?E@B__WWB@?K??WG?OG?WC?CP??EG??[_??^,[(21-22)-(18-23)-(15-20)-(13-14)-(11-12)-(10-19)-(9-17)-(8-16)-(6-7)-(4-5)-(2-3)-(0-1)],9.059906005859375e-05,0.04578065872192383,5,True,0
WtfIID@GH?e?E@B__WWB@?K??WG?OG?WC?CP??EG??[_??^,[(21-22)-(18-23)-(15-20)-(13-14)-(11-12)-(10-19)-(9-17)-(8-16)-(6-7)-(4-5)-(2-3)-(0-1)],9.226799011230469e-05,0.046608924865722656,5,True,0
WtfIID@GH?e?E@B__WWB@?K??WG?OG?WC?CP??EG??[_??^,[(20-23)-(18-22)-(15-21)-(13-14)-(11-12)-(10-19)-(9-17)-(8-16)-(6-7)-(4-5)-(2-3)-(0-1)],8.821487426757812e-05,0.08048152923583984,16,False,0
WtfIID@GH?e?E@B__WWB@?K??WG?OG?WC?CP??EG??[_??^,[(20-23)-(18-22)-(15-21)-(13-14)-(11-12)-(10-19)-(9-17)-(8-16)-(6-7)-(4-5)-(2-3)-(0-1)],9.250640869140625e-05,0.028410911560058594,3,True,0
W|fIB?pEGW_o?`?__WGA@?KC?GG?WG?KC?B@??[G??w_??|,[(18-23)-(15-22)-(14-21)-(13-20)-(12-19)-(10-17)-(9-16)-(7-8)-(6-11)-(4-5)-(2-3)-(0-1)],9.179115295410156e-05,0.1063389778137207,20,False,0
W|fIB?pEGW_o?`?__WGA@?KC?GG?WG?KC?B@??[G??w_??|,[(18-23)-(15-22)-(14-21)-(13-20)-(12-19)-(10-17)-(9-16)-(7-8)-(6-11)-(4-5)-(2-3)-(0-1)],9.250640869140625e-05,0.08348298072814941,9,True,0
W|fIB?pEGW_o?`?__WGA@?KC?GG?WG?KC?B@??[G??w_??|,[(21-22)-(18-23)-(14-15)-(13-20)-(12-19)-(10-17)-(9-16)-(7-8)-(6-11)-(4-5)-(2-3)-(0-1)],8.988380432128906e-05,0.1283855438232422,18,False,0
W|fIB?pEGW_o?`?__WGA@?KC?GG?WG?KC?B@??[G??w_??|,[(21-22)-(18-23)-(14-15)-(13-20)-(12-19)-(10-17)-(9-16)-(7-8)-(6-11)-(4-5)-(2-3)-(0-1)],9.226799011230469e-05,0.02026987075805664,2,True,0
W|fIB?pEGW_o?`?__WGA@?KC?GG?WG?KC?B@??[G??w_??|,[(20-21)-(18-23)-(15-22)-(13-14)-(12-19)-(10-17)-(9-16)-(7-8)-(6-11)-(4-5)-(2-3)-(0-1)],9.965896606445312e-05,0.12448596954345703,21,False,0
W|fIB?pEGW_o?`?__WGA@?KC?GG?WG?KC?B@??[G??w_??|,[(20-21)-(18-23)-(15-22)-(13-14)-(12-19)-(10-17)-(9-16)-(7-8)-(6-11)-(4-5)-(2-3)-(0-1)],0.00010085105895996094,0.03947305679321289,4,False,0
W|fIB?pEGW_o?`?__WGA@?KC?GG?WG?KC?B@??[G??w_??|,[(22-23)-(18-19)-(14-15)-(13-21)-(12-20)-(10-17)-(9-16)-(7-8)-(6-11)-(4-5)-(2-3)-(0-1)],8.821487426757812e-05,0.07048988342285156,15,False,0
W|fIB?pEGW_o?`?__WGA@?KC?GG?WG?KC?B@??[G??w_??|,[(22-23)-(18-19)-(14-15)-(13-21)-(12-20)-(10-17)-(9-16)-(7-8)-(6-11)-(4-5)-(2-3)-(0-1)],0.0001316070556640625,0.0535736083984375,6,True,0
W|fIB?pEGW_o?`?__WGA@?KC?GG?WG?KC?B@??[G??w_??|,[(22-23)-(18-19)-(15-21)-(13-14)-(12-20)-(10-17)-(9-16)-(7-8)-(6-11)-(4-5)-(2-3)-(0-1)],9.1552734375e-05,0.09414839744567871,19,False,0
W|fIB?pEGW_o?`?__WGA@?KC?GG?WG?KC?B@??[G??w_??|,[(22-23)-(18-19)-(15-21)-(13-14)-(12-20)-(10-17)-(9-16)-(7-8)-(6-11)-(4-5)-(2-3)-(0-1)],9.393692016601562e-05,0.08475351333618164,9,True,0
W|fIB?pEGW_o?`?__WGA@?KC?GG?WG?KC?B@??[G??w_??|,[(20-23)-(18-19)-(15-22)-(14-21)-(12-13)-(10-17)-(9-16)-(7-8)-(6-11)-(4-5)-(2-3)-(0-1)],8.7738037109375e-05,0.07201600074768066,8,True,0
W|fIB?pEGW_o?`?__WGA@?KC?GG?WG?KC?B@??[G??w_??|,[(20-23)-(18-19)-(15-22)-(14-21)-(12-13)-(10-17)-(9-16)-(7-8)-(6-11)-(4-5)-(2-3)-(0-1)],9.918212890625e-05,0.035738468170166016,3,False,0
W|fIB?pEGW_o?`?__WGA@?KC?GG?WG?KC?B@??[G??w_??|,[(19-20)-(18-23)-(15-22)-(14-21)-(12-13)-(10-17)-(9-16)-(7-8)-(6-11)-(4-5)-(2-3)-(0-1)],8.988380432128906e-05,0.10084128379821777,18,False,0
W|fIB?pEGW_o?`?__WGA@?KC?GG?WG?KC?B@??[G??w_??|,[(19-20)-(18-23)-(15-22)-(14-21)-(12-13)-(10-17)-(9-16)-(7-8)-(6-11)-(4-5)-(2-3)-(0-1)],9.298324584960938e-05,0.02850508689880371,3,True,0
W|fIB?pEGW_o?`?__WGA@?KC?GG?WG?KC?B@??[G??w_??|,[(22-23)-(20-21)-(18-19)-(14-15)-(12-13)-(10-17)-(9-16)-(7-8)-(6-11)-(4-5)-(2-3)-(0-1)],9.322166442871094e-05,0.03125643730163574,3,True,0
W|fIB?pEGW_o?`?__WGA@?KC?GG?WG?KC?B@??[G??w_??|,[(22-23)-(20-21)-(18-19)-(14-15)-(12-13)-(10-17)-(9-16)-(7-8)-(6-11)-(4-5)-(2-3)-(0-1)],9.393692016601562e-05,0.054837942123413086,6,True,0
W|fIB?pEGW_o?`?__WGA@?KC?GG?WG?KC?B@??[G??w_??|,[(21-22)-(20-23)-(18-19)-(14-15)-(12-13)-(10-17)-(9-16)-(7-8)-(6-11)-(4-5)-(2-3)-(0-1)],9.036064147949219e-05,0.03724193572998047,4,True,0
W|fIB?pEGW_o?`?__WGA@?KC?GG?WG?KC?B@??[G??w_??|,[(21-22)-(20-23)-(18-19)-(14-15)-(12-13)-(10-17)-(9-16)-(7-8)-(6-11)-(4-5)-(2-3)-(0-1)],9.489059448242188e-05,0.020869970321655273,2,True,0
W|fIB?pEGW_o?`?__WGA@?KC?GG?WG?KC?B@??[G??w_??|,[(21-22)-(19-20)-(18-23)-(14-15)-(12-13)-(10-17)-(9-16)-(7-8)-(6-11)-(4-5)-(2-3)-(0-1)],8.916854858398438e-05,0.02856898307800293,3,True,0
W|fIB?pEGW_o?`?__WGA@?KC?GG?WG?KC?B@??[G??w_??|,[(21-22)-(19-20)-(18-23)-(14-15)-(12-13)-(10-17)-(9-16)-(7-8)-(6-11)-(4-5)-(2-3)-(0-1)],9.489059448242188e-05,0.09909439086914062,18,False,0
W|eII@`KGo``@_?__WGA@?WC?WG?GG?KC?B@??[G??{???^,[(19-23)-(15-22)-(14-21)-(13-20)-(11-18)-(10-17)-(8-9)-(7-16)-(6-12)-(4-5)-(2-3)-(0-1)],9.036064147949219e-05,0.014391899108886719,1,True,0
W|eII@`KGo``@_?__WGA@?WC?WG?GG?KC?B@??[G??{???^,[(19-23)-(15-22)-(14-21)-(13-20)-(11-18)-(10-17)-(8-9)-(7-16)-(6-12)-(4-5)-(2-3)-(0-1)],0.00014829635620117188,0.09619545936584473,18,False,0
W|eII@`KGo``@_?__WGA@?WC?WG?GG?KC?B@??[G??{???^,[(22-23)-(19-20)-(14-15)-(13-21)-(11-18)-(10-17)-(8-9)-(7-16)-(6-12)-(4-5)-(2-3)-(0-1)],8.845329284667969e-05,0.1400754451751709,21,False,0
W|eII@`KGo``@_?__WGA@?WC?WG?GG?KC?B@??[G??{???^,[(22-23)-(19-20)-(14-15)-(13-21)-(11-18)-(10-17)-(8-9)-(7-16)-(6-12)-(4-5)-(2-3)-(0-1)],8.7738037109375e-05,0.03552365303039551,4,True,0
W|eII@`KGo``@_?__WGA@?WC?WG?GG?KC?B@??[G??{???^,[(22-23)-(19-20)-(15-21)-(13-14)-(11-18)-(10-17)-(8-9)-(7-16)-(6-12)-(4-5)-(2-3)-(0-1)],0.00010538101196289062,0.028960227966308594,3,True,0
W|eII@`KGo``@_?__WGA@?WC?WG?GG?KC?B@??[G??{???^,[(22-23)-(19-20)-(15-21)-(13-14)-(11-18)-(10-17)-(8-9)-(7-16)-(6-12)-(4-5)-(2-3)-(0-1)],9.131431579589844e-05,0.044745683670043945,5,True,0
W|eII@`KGo``@_?__WGA@?WC?WG?GG?KC?B@??[G??{???^,[(21-23)-(19-20)-(15-22)-(13-14)-(11-18)-(10-17)-(8-9)-(7-16)-(6-12)-(4-5)-(2-3)-(0-1)],9.250640869140625e-05,0.028353214263916016,3,True,0
W|eII@`KGo``@_?__WGA@?WC?WG?GG?KC?B@??[G??{???^,[(21-23)-(19-20)-(15-22)-(13-14)-(11-18)-(10-17)-(8-9)-(7-16)-(6-12)-(4-5)-(2-3)-(0-1)],9.369850158691406e-05,0.16647911071777344,25,False,0
W|eII@`KGo``@_?__WGA@?WC?WG?GG?KC?B@??[G??{???^,[(20-21)-(19-23)-(15-22)-(13-14)-(11-18)-(10-17)-(8-9)-(7-16)-(6-12)-(4-5)-(2-3)-(0-1)],0.00010228157043457031,0.020568370819091797,2,True,0
W|eII@`KGo``@_?__WGA@?WC?WG?GG?KC?B@??[G??{???^,[(20-21)-(19-23)-(15-22)-(13-14)-(11-18)-(10-17)-(8-9)-(7-16)-(6-12)-(4-5)-(2-3)-(0-1)],9.059906005859375e-05,0.1201486587524414,13,True,0
W|eII@`KGo``@_?__WGA@?WC?WG?GG?KC?B@??[G??{???^,[(18-23)-(15-22)-(14-21)-(13-20)-(11-19)-(10-17)-(8-9)-(7-16)-(6-12)-(4-5)-(2-3)-(0-1)],8.702278137207031e-05,0.03697776794433594,4,True,0
W|eII@`KGo``@_?__WGA@?WC?WG?GG?KC?B@??[G??{???^,[(18-23)-(15-22)-(14-21)-(13-20)-(11-19)-(10-17)-(8-9)-(7-16)-(6-12)-(4-5)-(2-3)-(0-1)],9.274482727050781e-05,0.035974740982055664,4,True,0
W|eII@`KGo``@_?__WGA@?WC?WG?GG?KC?B@??[G??{???^,[(21-23)-(18-22)-(14-15)-(13-20)-(11-19)-(10-17)-(8-9)-(7-16)-(6-12)-(4-5)-(2-3)-(0-1)],8.845329284667969e-05,0.045217037200927734,5,True,0
W|eII@`KGo``@_?__WGA@?WC?WG?GG?KC?B@??[G??{???^,[(21-23)-(18-22)-(14-15)-(13-20)-(11-19)-(10-17)-(8-9)-(7-16)-(6-12)-(4-5)-(2-3)-(0-1)],9.274482727050781e-05,0.0489957332611084,5,False,0
W|eII@`KGo``@_?__WGA@?WC?WG?GG?KC?B@??[G??{???^,[(20-23)-(18-22)-(14-15)-(13-21)-(11-19)-(10-17)-(8-9)-(7-16)-(6-12)-(4-5)-(2-3)-(0-1)],8.893013000488281e-05,0.038777828216552734,4,False,0
W|eII@`KGo``@_?__WGA@?WC?WG?GG?KC?B@??[G??{???^,[(20-23)-(18-22)-(14-15)-(13-21)-(11-19)-(10-17)-(8-9)-(7-16)-(6-12)-(4-5)-(2-3)-(0-1)],9.965896606445312e-05,0.020957231521606445,2,True,0
W|eII@`KGo``@_?__WGA@?WC?WG?GG?KC?B@??[G??{???^,[(20-23)-(18-22)-(15-21)-(13-14)-(11-19)-(10-17)-(8-9)-(7-16)-(6-12)-(4-5)-(2-3)-(0-1)],9.465217590332031e-05,0.035811662673950195,4,True,0
W|eII@`KGo``@_?__WGA@?WC?WG?GG?KC?B@??[G??{???^,[(20-23)-(18-22)-(15-21)-(13-14)-(11-19)-(10-17)-(8-9)-(7-16)-(6-12)-(4-5)-(2-3)-(0-1)],0.00016760826110839844,0.03332686424255371,3,False,0
W|eII@`KGo``@_?__WGA@?WC?WG?GG?KC?B@??[G??{???^,[(20-21)-(18-23)-(15-22)-(13-14)-(11-19)-(10-17)-(8-9)-(7-16)-(6-12)-(4-5)-(2-3)-(0-1)],9.059906005859375e-05,0.028593063354492188,3,True,0
W|eII@`KGo``@_?__WGA@?WC?WG?GG?KC?B@??[G??{???^,[(20-21)-(18-23)-(15-22)-(13-14)-(11-19)-(10-17)-(8-9)-(7-16)-(6-12)-(4-5)-(2-3)-(0-1)],9.34600830078125e-05,0.06668996810913086,7,True,0
W|fIB?pEGW_o?`?__WGA@?GC?WG?WG?KC?B@??[G??p_?@x,[(22-23)-(15-16)-(14-21)-(13-20)-(12-19)-(10-18)-(9-17)-(7-8)-(6-11)-(4-5)-(2-3)-(0-1)],8.988380432128906e-05,0.07667374610900879,9,True,0
W|fIB?pEGW_o?`?__WGA@?GC?WG?WG?KC?B@??[G??p_?@x,[(22-23)-(15-16)-(14-21)-(13-20)-(12-19)-(10-18)-(9-17)-(7-8)-(6-11)-(4-5)-(2-3)-(0-1)],9.417533874511719e-05,0.08344459533691406,16,False,0
W|fIB?pEGW_o?`?__WGA@?GC?WG?WG?KC?B@??[G??p_?@x,[(16-23)-(15-22)-(14-21)-(13-20)-(12-19)-(10-18)-(9-17)-(7-8)-(6-11)-(4-5)-(2-3)-(0-1)],9.202957153320312e-05,0.10295343399047852,18,False,0
W|fIB?pEGW_o?`?__WGA@?GC?WG?WG?KC?B@??[G??p_?@x,[(16-23)-(15-22)-(14-21)-(13-20)-(12-19)-(10-18)-(9-17)-(7-8)-(6-11)-(4-5)-(2-3)-(0-1)],8.96453857421875e-05,0.04468250274658203,5,True,0
W|fIB?pEGW_o?`?__WGA@?GC?WG?WG?KC?B@??[G??p_?@x,[(21-22)-(16-23)-(14-15)-(13-20)-(12-19)-(10-18)-(9-17)-(7-8)-(6-11)-(4-5)-(2-3)-(0-1)],8.893013000488281e-05,0.02060842514038086,2,True,0
W|fIB?pEGW_o?`?__WGA@?GC?WG?WG?KC?B@??[G??p_?@x,[(21-22)-(16-23)-(14-15)-(13-20)-(12-19)-(10-18)-(9-17)-(7-8)-(6-11)-(4-5)-(2-3)-(0-1)],9.1552734375e-05,0.027965545654296875,3,True,0
W|fIB?pEGW_o?`?__WGA@?GC?WG?WG?KC?B@??[G??p_?@x,[(20-22)-(16-23)-(14-15)-(13-21)-(12-19)-(10-18)-(9-17)-(7-8)-(6-11)-(4-5)-(2-3)-(0-1)],8.96453857421875e-05,0.021041393280029297,2,True,0
W|fIB?pEGW_o?`?__WGA@?GC?WG?WG?KC?B@??[G??p_?@x,[(20-22)-(16-23)-(14-15)-(13-21)-(12-19)-(10-18)-(9-17)-(7-8)-(6-11)-(4-5)-(2-3)-(0-1)],9.72747802734375e-05,0.02858424186706543,3,True,0
W|fIB?pEGW_o?`?__WGA@?GC?WG?WG?KC?B@??[G??p_?@x,[(22-23)-(20-21)-(15-16)-(13-14)-(12-19)-(10-18)-(9-17)-(7-8)-(6-11)-(4-5)-(2-3)-(0-1)],8.916854858398438e-05,0.05594682693481445,6,True,0
W|fIB?pEGW_o?`?__WGA@?GC?WG?WG?KC?B@??[G??p_?@x,[(22-23)-(20-21)-(15-16)-(13-14)-(12-19)-(10-18)-(9-17)-(7-8)-(6-11)-(4-5)-(2-3)-(0-1)],9.512901306152344e-05,0.1068108081817627,18,False,0
W|fIB?pEGW_o?`?__WGA@?GC?WG?WG?KC?B@??[G??p_?@x,[(20-22)-(16-23)-(15-21)-(13-14)-(12-19)-(10-18)-(9-17)-(7-8)-(6-11)-(4-5)-(2-3)-(0-1)],8.940696716308594e-05,0.07783389091491699,10,True,0
W|fIB?pEGW_o?`?__WGA@?GC?WG?WG?KC?B@??[G??p_?@x,[(20-22)-(16-23)-(15-21)-(13-14)-(12-19)-(10-18)-(9-17)-(7-8)-(6-11)-(4-5)-(2-3)-(0-1)],9.322166442871094e-05,0.05072426795959473,5,False,0
W|fIB?pEGW_o?`?__WGA@?GC?WG?WG?KC?B@??[G??p_?@x,[(20-21)-(16-23)-(15-22)-(13-14)-(12-19)-(10-18)-(9-17)-(7-8)-(6-11)-(4-5)-(2-3)-(0-1)],8.940696716308594e-05,0.11062169075012207,19,False,0
W|fIB?pEGW_o?`?__WGA@?GC?WG?WG?KC?B@??[G??p_?@x,[(20-21)-(16-23)-(15-22)-(13-14)-(12-19)-(10-18)-(9-17)-(7-8)-(6-11)-(4-5)-(2-3)-(0-1)],9.417533874511719e-05,0.05928325653076172,6,True,0
W|fIB?pEGW_o?`?__WGA@?GC?WG?WG?KC?B@??[G??p_?@x,[(19-23)-(16-22)-(14-15)-(13-21)-(12-20)-(10-18)-(9-17)-(7-8)-(6-11)-(4-5)-(2-3)-(0-1)],9.274482727050781e-05,0.06576704978942871,8,True,0
W|fIB?pEGW_o?`?__WGA@?GC?WG?WG?KC?B@??[G??p_?@x,[(19-23)-(16-22)-(14-15)-(13-21)-(12-20)-(10-18)-(9-17)-(7-8)-(6-11)-(4-5)-(2-3)-(0-1)],9.34600830078125e-05,0.07846856117248535,16,False,0
W|fIB?pEGW_o?`?__WGA@?GC?WG?WG?KC?B@??[G??p_?@x,[(21-22)-(19-23)-(15-16)-(13-14)-(12-20)-(10-18)-(9-17)-(7-8)-(6-11)-(4-5)-(2-3)-(0-1)],8.893013000488281e-05,0.037757158279418945,4,True,0
W|fIB?pEGW_o?`?__WGA@?GC?WG?WG?KC?B@??[G??p_?@x,[(21-22)-(19-23)-(15-16)-(13-14)-(12-20)-(10-18)-(9-17)-(7-8)-(6-11)-(4-5)-(2-3)-(0-1)],0.00010156631469726562,0.10388612747192383,16,False,0
W|fIB?pEGW_o?`?__WGA@?GC?WG?WG?KC?B@??[G??p_?@x,[(19-23)-(16-22)-(15-21)-(13-14)-(12-20)-(10-18)-(9-17)-(7-8)-(6-11)-(4-5)-(2-3)-(0-1)],8.869171142578125e-05,0.03881192207336426,4,False,0
W|fIB?pEGW_o?`?__WGA@?GC?WG?WG?KC?B@??[G??p_?@x,[(19-23)-(16-22)-(15-21)-(13-14)-(12-20)-(10-18)-(9-17)-(7-8)-(6-11)-(4-5)-(2-3)-(0-1)],9.179115295410156e-05,0.11866521835327148,20,False,0
WtfIID_GH_b@B@?__WGA@?WC?oG?_G?OC?F@??WW??e_?Bp,[(18-23)-(15-22)-(14-21)-(12-13)-(11-20)-(10-19)-(9-17)-(8-16)-(6-7)-(4-5)-(2-3)-(0-1)],9.012222290039062e-05,0.03563070297241211,4,True,0
WtfIID_GH_b@B@?__WGA@?WC?oG?_G?OC?F@??WW??e_?Bp,[(18-23)-(15-22)-(14-21)-(12-13)-(11-20)-(10-19)-(9-17)-(8-16)-(6-7)-(4-5)-(2-3)-(0-1)],9.679794311523438e-05,0.037127017974853516,4,True,0
WtfIID_GH_b@B@?__WGA@?WC?oG?_G?OC?F@??WW??e_?Bp,[(18-22)-(15-23)-(14-21)-(12-13)-(11-20)-(10-19)-(9-17)-(8-16)-(6-7)-(4-5)-(2-3)-(0-1)],8.893013000488281e-05,0.0837862491607666,11,False,0
WtfIID_GH_b@B@?__WGA@?WC?oG?_G?OC?F@??WW??e_?Bp,[(18-22)-(15-23)-(14-21)-(12-13)-(11-20)-(10-19)-(9-17)-(8-16)-(6-7)-(4-5)-(2-3)-(0-1)],9.274482727050781e-05,0.045755624771118164,5,True,0
WtfIID_GH_b@B@?__WGA@?WC?oG?_G?OC?F@??WW??e_?Bp,[(21-22)-(18-23)-(14-15)-(12-13)-(11-20)-(10-19)-(9-17)-(8-16)-(6-7)-(4-5)-(2-3)-(0-1)],9.059906005859375e-05,0.061385393142700195,7,True,0
WtfIID_GH_b@B@?__WGA@?WC?oG?_G?OC?F@??WW??e_?Bp,[(21-22)-(18-23)-(14-15)-(12-13)-(11-20)-(10-19)-(9-17)-(8-16)-(6-7)-(4-5)-(2-3)-(0-1)],9.34600830078125e-05,0.06955981254577637,9,False,0
WtfIID_GH_b@B@?__WGA@?WC?oG?_G?OC?F@??WW??e_?Bp,[(18-23)-(15-22)-(14-21)-(13-20)-(11-12)-(10-19)-(9-17)-(8-16)-(6-7)-(4-5)-(2-3)-(0-1)],9.012222290039062e-05,0.03705573081970215,4,True,0
WtfIID_GH_b@B@?__WGA@?WC?oG?_G?OC?F@??WW??e_?Bp,[(18-23)-(15-22)-(14-21)-(13-20)-(11-12)-(10-19)-(9-17)-(8-16)-(6-7)-(4-5)-(2-3)-(0-1)],9.417533874511719e-05,0.041196584701538086,4,True,0
WtfIID_GH_b@B@?__WGA@?WC?oG?_G?OC?F@??WW??e_?Bp,[(18-22)-(15-23)-(14-21)-(13-20)-(11-12)-(10-19)-(9-17)-(8-16)-(6-7)-(4-5)-(2-3)-(0-1)],0.0001087188720703125,0.05166959762573242,5,True,0
WtfIID_GH_b@B@?__WGA@?WC?oG?_G?OC?F@??WW??e_?Bp,[(18-22)-(15-23)-(14-21)-(13-20)-(11-12)-(10-19)-(9-17)-(8-16)-(6-7)-(4-5)-(2-3)-(0-1)],9.5367431640625e-05,0.023974895477294922,2,False,0
WtfIID_GH_b@B@?__WGA@?WC?oG?_G?OC?F@??WW??e_?Bp,[(21-22)-(18-23)-(14-15)-(13-20)-(11-12)-(10-19)-(9-17)-(8-16)-(6-7)-(4-5)-(2-3)-(0-1)],9.465217590332031e-05,0.030600547790527344,3,False,0
WtfIID_GH_b@B@?__WGA@?WC?oG?_G?OC?F@??WW??e_?Bp,[(21-22)-(18-23)-(14-15)-(13-20)-(11-12)-(10-19)-(9-17)-(8-16)-(6-7)-(4-5)-(2-3)-(0-1)],9.584426879882812e-05,0.1248781681060791,14,False,0
WtfIID_GH_b@B@?__WGA@?WC?oG?_G?OC?F@??WW??e_?Bp,[(20-21)-(18-23)-(15-22)-(13-14)-(11-12)-(10-19)-(9-17)-(8-16)-(6-7)-(4-5)-(2-3)-(0-1)],8.916854858398438e-05,0.03885841369628906,4,True,0
WtfIID_GH_b@B@?__WGA@?WC?oG?_G?OC?F@??WW??e_?Bp,[(20-21)-(18-23)-(15-22)-(13-14)-(11-12)-(10-19)-(9-17)-(8-16)-(6-7)-(4-5)-(2-3)-(0-1)],9.465217590332031e-05,0.02264237403869629,2,False,0
WtfIID_GH_b@B@?__WGA@?WC?oG?_G?OC?F@??WW??e_?Bp,[(20-21)-(18-22)-(15-23)-(13-14)-(11-12)-(10-19)-(9-17)-(8-16)-(6-7)-(4-5)-(2-3)-(0-1)],9.012222290039062e-05,0.12155961990356445,12,False,0
WtfIID_GH_b@B@?__WGA@?WC?oG?_G?OC?F@??WW??e_?Bp,[(20-21)-(18-22)-(15-23)-(13-14)-(11-12)-(10-19)-(9-17)-(8-16)-(6-7)-(4-5)-(2-3)-(0-1)],9.465217590332031e-05,0.02885150909423828,3,True,0
WtfIID_GH_b@B@?__WGA@?WC?oG?_G?OC?F@??WW??e_?Bp,[(22-23)-(18-19)-(14-15)-(13-21)-(12-20)-(10-11)-(9-17)-(8-16)-(6-7)-(4-5)-(2-3)-(0-1)],9.036064147949219e-05,0.02876734733581543,3,True,0
WtfIID_GH_b@B@?__WGA@?WC?oG?_G?OC?F@??WW??e_?Bp,[(22-23)-(18-19)-(14-15)-(13-21)-(12-20)-(10-11)-(9-17)-(8-16)-(6-7)-(4-5)-(2-3)-(0-1)],9.417533874511719e-05,0.05830192565917969,6,False,0
WtfIID_GH_b@B@?__WGA@?WC?oG?_G?OC?F@??WW??e_?Bp,[(19-22)-(18-23)-(14-15)-(13-21)-(12-20)-(10-11)-(9-17)-(8-16)-(6-7)-(4-5)-(2-3)-(0-1)],9.274482727050781e-05,0.05882406234741211,6,False,0
WtfIID_GH_b@B@?__WGA@?WC?oG?_G?OC?F@??WW??e_?Bp,[(19-22)-(18-23)-(14-15)-(13-21)-(12-20)-(10-11)-(9-17)-(8-16)-(6-7)-(4-5)-(2-3)-(0-1)],9.34600830078125e-05,0.0815889835357666,9,False,0
WtfIID`G@_b@B@?__WGB??KC?OG?_G?]C?@a??KG??w_??v,[(18-23)-(15-22)-(14-21)-(13-20)-(11-12)-(10-19)-(9-17)-(8-16)-(6-7)-(4-5)-(2-3)-(0-1)],9.083747863769531e-05,0.02084803581237793,2,True,0
WtfIID`G@_b@B@?__WGB??KC?OG?_G?]C?@a??KG??w_??v,[(18-23)-(15-22)-(14-21)-(13-20)-(11-12)-(10-19)-(9-17)-(8-16)-(6-7)-(4-5)-(2-3)-(0-1)],9.608268737792969e-05,0.015322208404541016,1,False,0
WtfIID`G@_b@B@?__WGB??KC?OG?_G?]C?@a??KG??w_??v,[(22-23)-(18-20)-(15-21)-(13-14)-(11-12)-(10-19)-(9-17)-(8-16)-(6-7)-(4-5)-(2-3)-(0-1)],9.107589721679688e-05,0.01432490348815918,1,True,0
WtfIID`G@_b@B@?__WGB??KC?OG?_G?]C?@a??KG??w_??v,[(22-23)-(18-20)-(15-21)-(13-14)-(11-12)-(10-19)-(9-17)-(8-16)-(6-7)-(4-5)-(2-3)-(0-1)],9.179115295410156e-05,0.07306885719299316,15,False,0
WtfIID`G@_b@B@?__WGB??KC?OG?_G?]C?@a??KG??w_??v,[(21-23)-(18-20)-(15-22)-(13-14)-(11-12)-(10-19)-(9-17)-(8-16)-(6-7)-(4-5)-(2-3)-(0-1)],9.226799011230469e-05,0.02754044532775879,3,True,0
WtfIID`G@_b@B@?__WGB??KC?OG?_G?]C?@a??KG??w_??v,[(21-23)-(18-20)-(15-22)-(13-14)-(11-12)-(10-19)-(9-17)-(8-16)-(6-7)-(4-5)-(2-3)-(0-1)],9.250640869140625e-05,0.02208256721496582,2,True,0
WtfIID`G@_b@B@?__WGB??KC?OG?_G?]C?@a??KG??w_??v,[(20-21)-(18-23)-(15-22)-(13-14)-(11-12)-(10-19)-(9-17)-(8-16)-(6-7)-(4-5)-(2-3)-(0-1)],9.083747863769531e-05,0.022225379943847656,2,True,0
WtfIID`G@_b@B@?__WGB??KC?OG?_G?]C?@a??KG??w_??v,[(20-21)-(18-23)-(15-22)-(13-14)-(11-12)-(10-19)-(9-17)-(8-16)-(6-7)-(4-5)-(2-3)-(0-1)],9.369850158691406e-05,0.0372316837310791,4,True,0
WtfIID`G@_b@B@?__WGB??KC?OG?_G?]C?@a??KG??w_??v,[(18-23)-(15-22)-(14-21)-(13-20)-(12-19)-(10-11)-(9-17)-(8-16)-(6-7)-(4-5)-(2-3)-(0-1)],8.988380432128906e-05,0.02791142463684082,3,True,0
WtfIID`G@_b@B@?__WGB??KC?OG?_G?]C?@a??KG??w_??v,[(18-23)-(15-22)-(14-21)-(13-20)-(12-19)-(10-11)-(9-17)-(8-16)-(6-7)-(4-5)-(2-3)-(0-1)],9.441375732421875e-05,0.03879141807556152,4,True,0
WtfIID`G@_b@B@?__WGB??KC?OG?_G?]C?@a??KG??w_??v,[(22-23)-(18-20)-(15-21)-(13-14)-(12-19)-(10-11)-(9-17)-(8-16)-(6-7)-(4-5)-(2-3)-(0-1)],0.00010180473327636719,0.04723787307739258,5,True,0
WtfIID`G@_b@B@?__WGB??KC?OG?_G?]C?@a??KG??w_??v,[(22-23)-(18-20)-(15-21)-(13-14)-(12-19)-(10-11)-(9-17)-(8-16)-(6-7)-(4-5)-(2-3)-(0-1)],9.34600830078125e-05,0.09105849266052246,18,False,0
WtfIID`G@_b@B@?__WGB??KC?OG?_G?]C?@a??KG??w_??v,[(21-23)-(18-20)-(15-22)-(13-14)-(12-19)-(10-11)-(9-17)-(8-16)-(6-7)-(4-5)-(2-3)-(0-1)],8.916854858398438e-05,0.03758072853088379,4,True,0
WtfIID`G@_b@B@?__WGB??KC?OG?_G?]C?@a??KG??w_??v,[(21-23)-(18-20)-(15-22)-(13-14)-(12-19)-(10-11)-(9-17)-(8-16)-(6-7)-(4-5)-(2-3)-(0-1)],9.703636169433594e-05,0.01439213752746582,1,True,0
WtfIID`G@_b@B@?__WGB??KC?OG?_G?]C?@a??KG??w_??v,[(20-21)-(18-23)-(15-22)-(13-14)-(12-19)-(10-11)-(9-17)-(8-16)-(6-7)-(4-5)-(2-3)-(0-1)],8.869171142578125e-05,0.04889273643493652,5,True,0
WtfIID`G@_b@B@?__WGB??KC?OG?_G?]C?@a??KG??w_??v,[(20-21)-(18-23)-(15-22)-(13-14)-(12-19)-(10-11)-(9-17)-(8-16)-(6-7)-(4-5)-(2-3)-(0-1)],9.5367431640625e-05,0.022490978240966797,2,True,0
WtfIID`G@_b@B@?__WGB??KC?OG?_G?]C?@a??KG??w_??v,[(22-23)-(18-19)-(15-21)-(14-20)-(12-13)-(10-11)-(9-17)-(8-16)-(6-7)-(4-5)-(2-3)-(0-1)],9.202957153320312e-05,0.020746469497680664,2,True,0
WtfIID`G@_b@B@?__WGB??KC?OG?_G?]C?@a??KG??w_??v,[(22-23)-(18-19)-(15-21)-(14-20)-(12-13)-(10-11)-(9-17)-(8-16)-(6-7)-(4-5)-(2-3)-(0-1)],9.751319885253906e-05,0.030413389205932617,3,False,0
WtfIID`G@_b@B@?__WGB??KC?OG?_G?]C?@a??KG??w_??v,[(21-23)-(18-19)-(15-22)-(14-20)-(12-13)-(10-11)-(9-17)-(8-16)-(6-7)-(4-5)-(2-3)-(0-1)],9.012222290039062e-05,0.05966806411743164,14,False,0
WtfIID`G@_b@B@?__WGB??KC?OG?_G?]C?@a??KG??w_??v,[(21-23)-(18-19)-(15-22)-(14-20)-(12-13)-(10-11)-(9-17)-(8-16)-(6-7)-(4-5)-(2-3)-(0-1)],9.1552734375e-05,0.029036283493041992,3,True,0
W|eIID@GH_b@B@@_?WGB??KC?OG?[G?EC?@`??KG??w_??n,[(22-23)-(15-21)-(14-20)-(13-19)-(11-12)-(10-18)-(9-17)-(8-16)-(6-7)-(4-5)-(2-3)-(0-1)],0.00010371208190917969,0.02053070068359375,2,True,0
W|eIID@GH_b@B@@_?WGB??KC?OG?[G?EC?@`??KG??w_??n,[(22-23)-(15-21)-(14-20)-(13-19)-(11-12)-(10-18)-(9-17)-(8-16)-(6-7)-(4-5)-(2-3)-(0-1)],9.560585021972656e-05,0.040518999099731445,4,True,0
W|eIID@GH_b@B@@_?WGB??KC?OG?[G?EC?@`??KG??w_??n,[(21-23)-(15-22)-(14-20)-(13-19)-(11-12)-(10-18)-(9-17)-(8-16)-(6-7)-(4-5)-(2-3)-(0-1)],9.512901306152344e-05,0.042060136795043945,4,True,0
W|eIID@GH_b@B@@_?WGB??KC?OG?[G?EC?@`??KG??w_??n,[(21-23)-(15-22)-(14-20)-(13-19)-(11-12)-(10-18)-(9-17)-(8-16)-(6-7)-(4-5)-(2-3)-(0-1)],9.560585021972656e-05,0.029145002365112305,3,True,0
W|eIID@GH_b@B@@_?WGB??KC?OG?[G?EC?@`??KG??w_??n,[(20-23)-(15-22)-(14-21)-(13-19)-(11-12)-(10-18)-(9-17)-(8-16)-(6-7)-(4-5)-(2-3)-(0-1)],9.131431579589844e-05,0.047525882720947266,5,True,0
W|eIID@GH_b@B@@_?WGB??KC?OG?[G?EC?@`??KG??w_??n,[(20-23)-(15-22)-(14-21)-(13-19)-(11-12)-(10-18)-(9-17)-(8-16)-(6-7)-(4-5)-(2-3)-(0-1)],9.202957153320312e-05,0.03864860534667969,4,True,0
W|eIID@GH_b@B@@_?WGB??KC?OG?[G?EC?@`??KG??w_??n,[(19-23)-(15-22)-(14-21)-(13-20)-(11-12)-(10-18)-(9-17)-(8-16)-(6-7)-(4-5)-(2-3)-(0-1)],8.869171142578125e-05,0.029395341873168945,3,True,0
W|eIID@GH_b@B@@_?WGB??KC?OG?[G?EC?@`??KG??w_??n,[(19-23)-(15-22)-(14-21)-(13-20)-(11-12)-(10-18)-(9-17)-(8-16)-(6-7)-(4-5)-(2-3)-(0-1)],9.441375732421875e-05,0.03269004821777344,4,True,0
W|eIID@GH_b@B@@_?WGB??KC?OG?[G?EC?@`??KG??w_??n,[(22-23)-(19-20)-(15-21)-(13-14)-(11-12)-(10-18)-(9-17)-(8-16)-(6-7)-(4-5)-(2-3)-(0-1)],9.441375732421875e-05,0.04713296890258789,5,True,0
W|eIID@GH_b@B@@_?WGB??KC?OG?[G?EC?@`??KG??w_??n,[(22-23)-(19-20)-(15-21)-(13-14)-(11-12)-(10-18)-(9-17)-(8-16)-(6-7)-(4-5)-(2-3)-(0-1)],9.72747802734375e-05,0.04134345054626465,4,False,0
W|eIID@GH_b@B@@_?WGB??KC?OG?[G?EC?@`??KG??w_??n,[(21-23)-(19-20)-(15-22)-(13-14)-(11-12)-(10-18)-(9-17)-(8-16)-(6-7)-(4-5)-(2-3)-(0-1)],9.036064147949219e-05,0.020812034606933594,2,True,0
W|eIID@GH_b@B@@_?WGB??KC?OG?[G?EC?@`??KG??w_??n,[(21-23)-(19-20)-(15-22)-(13-14)-(11-12)-(10-18)-(9-17)-(8-16)-(6-7)-(4-5)-(2-3)-(0-1)],0.00010156631469726562,0.024051904678344727,2,True,0
W|eIID@GH_b@B@@_?WGB??KC?OG?[G?EC?@`??KG??w_??n,[(20-21)-(19-23)-(15-22)-(13-14)-(11-12)-(10-18)-(9-17)-(8-16)-(6-7)-(4-5)-(2-3)-(0-1)],9.226799011230469e-05,0.031682729721069336,3,False,0
W|eIID@GH_b@B@@_?WGB??KC?OG?[G?EC?@`??KG??w_??n,[(20-21)-(19-23)-(15-22)-(13-14)-(11-12)-(10-18)-(9-17)-(8-16)-(6-7)-(4-5)-(2-3)-(0-1)],9.250640869140625e-05,0.08325600624084473,9,True,0
W|eIID@GH_b@B@@_?WGB??KC?OG?[G?EC?@`??KG??w_??n,[(22-23)-(15-21)-(14-20)-(13-19)-(12-18)-(10-11)-(9-17)-(8-16)-(6-7)-(4-5)-(2-3)-(0-1)],8.988380432128906e-05,0.02852463722229004,3,True,0
W|eIID@GH_b@B@@_?WGB??KC?OG?[G?EC?@`??KG??w_??n,[(22-23)-(15-21)-(14-20)-(13-19)-(12-18)-(10-11)-(9-17)-(8-16)-(6-7)-(4-5)-(2-3)-(0-1)],9.965896606445312e-05,0.07393789291381836,9,True,0
W|eIID@GH_b@B@@_?WGB??KC?OG?[G?EC?@`??KG??w_??n,[(21-23)-(15-22)-(14-20)-(13-19)-(12-18)-(10-11)-(9-17)-(8-16)-(6-7)-(4-5)-(2-3)-(0-1)],8.96453857421875e-05,0.05435919761657715,6,True,0
W|eIID@GH_b@B@@_?WGB??KC?OG?[G?EC?@`??KG??w_??n,[(21-23)-(15-22)-(14-20)-(13-19)-(12-18)-(10-11)-(9-17)-(8-16)-(6-7)-(4-5)-(2-3)-(0-1)],9.512901306152344e-05,0.03819990158081055,4,True,0
W|eIID@GH_b@B@@_?WGB??KC?OG?[G?EC?@`??KG??w_??n,[(20-23)-(15-22)-(14-21)-(13-19)-(12-18)-(10-11)-(9-17)-(8-16)-(6-7)-(4-5)-(2-3)-(0-1)],9.608268737792969e-05,0.03731203079223633,4,False,0
W|eIID@GH_b@B@@_?WGB??KC?OG?[G?EC?@`??KG??w_??n,[(20-23)-(15-22)-(14-21)-(13-19)-(12-18)-(10-11)-(9-17)-(8-16)-(6-7)-(4-5)-(2-3)-(0-1)],9.226799011230469e-05,0.04759550094604492,5,True,0
W|eIAD`KGo``@@@__OGE??WC?WG?K??FC??b??KG??w_??v,[(22-23)-(15-21)-(14-20)-(13-19)-(12-18)-(10-11)-(9-17)-(8-16)-(6-7)-(4-5)-(2-3)-(0-1)],9.036064147949219e-05,0.02064967155456543,2,True,0
W|eIAD`KGo``@@@__OGE??WC?WG?K??FC??b??KG??w_??v,[(22-23)-(15-21)-(14-20)-(13-19)-(12-18)-(10-11)-(9-17)-(8-16)-(6-7)-(4-5)-(2-3)-(0-1)],0.00010275840759277344,0.07723116874694824,15,False,0
W|eIAD`KGo``@@@__OGE??WC?WG?K??FC??b??KG??w_??v,[(21-23)-(15-22)-(14-20)-(13-19)-(12-18)-(10-11)-(9-17)-(8-16)-(6-7)-(4-5)-(2-3)-(0-1)],9.036064147949219e-05,0.062018632888793945,6,True,0
W|eIAD`KGo``@@@__OGE??WC?WG?K??FC??b??KG??w_??v,[(21-23)-(15-22)-(14-20)-(13-19)-(12-18)-(10-11)-(9-17)-(8-16)-(6-7)-(4-5)-(2-3)-(0-1)],9.608268737792969e-05,0.047690391540527344,12,False,0
W|eIAD`KGo``@@@__OGE??WC?WG?K??FC??b??KG??w_??v,[(20-23)-(15-22)-(14-21)-(13-19)-(12-18)-(10-11)-(9-17)-(8-16)-(6-7)-(4-5)-(2-3)-(0-1)],9.059906005859375e-05,0.04345965385437012,5,True,0
W|eIAD`KGo``@@@__OGE??WC?WG?K??FC??b??KG??w_??v,[(20-23)-(15-22)-(14-21)-(13-19)-(12-18)-(10-11)-(9-17)-(8-16)-(6-7)-(4-5)-(2-3)-(0-1)],0.00010251998901367188,0.05031847953796387,5,True,0
W|eIAD`KGo``@@@__OGE??WC?WG?K??FC??b??KG??w_??v,[(22-23)-(19-20)-(15-21)-(13-14)-(12-18)-(10-11)-(9-17)-(8-16)-(6-7)-(4-5)-(2-3)-(0-1)],9.226799011230469e-05,0.028368473052978516,3,True,0
W|eIAD`KGo``@@@__OGE??WC?WG?K??FC??b??KG??w_??v,[(22-23)-(19-20)-(15-21)-(13-14)-(12-18)-(10-11)-(9-17)-(8-16)-(6-7)-(4-5)-(2-3)-(0-1)],9.202957153320312e-05,0.04285836219787598,4,False,0
W|eIAD`KGo``@@@__OGE??WC?WG?K??FC??b??KG??w_??v,[(21-23)-(19-20)-(15-22)-(13-14)-(12-18)-(10-11)-(9-17)-(8-16)-(6-7)-(4-5)-(2-3)-(0-1)],8.988380432128906e-05,0.02162456512451172,2,True,0
W|eIAD`KGo``@@@__OGE??WC?WG?K??FC??b??KG??w_??v,[(21-23)-(19-20)-(15-22)-(13-14)-(12-18)-(10-11)-(9-17)-(8-16)-(6-7)-(4-5)-(2-3)-(0-1)],0.0001010894775390625,0.030397653579711914,3,True,0
W|eIAD`KGo``@@@__OGE??WC?WG?K??FC??b??KG??w_??v,[(22-23)-(18-20)-(15-21)-(13-14)-(12-19)-(10-11)-(9-17)-(8-16)-(6-7)-(4-5)-(2-3)-(0-1)],9.274482727050781e-05,0.028691530227661133,3,True,0
W|eIAD`KGo``@@@__OGE??WC?WG?K??FC??b??KG??w_??v,[(22-23)-(18-20)-(15-21)-(13-14)-(12-19)-(10-11)-(9-17)-(8-16)-(6-7)-(4-5)-(2-3)-(0-1)],9.34600830078125e-05,0.0632638931274414,14,False,0
W|eIAD`KGo``@@@__OGE??WC?WG?K??FC??b??KG??w_??v,[(21-23)-(18-20)-(15-22)-(13-14)-(12-19)-(10-11)-(9-17)-(8-16)-(6-7)-(4-5)-(2-3)-(0-1)],9.107589721679688e-05,0.021126270294189453,2,True,0
W|eIAD`KGo``@@@__OGE??WC?WG?K??FC??b??KG??w_??v,[(21-23)-(18-20)-(15-22)-(13-14)-(12-19)-(10-11)-(9-17)-(8-16)-(6-7)-(4-5)-(2-3)-(0-1)],9.417533874511719e-05,0.021610021591186523,2,False,0
W|eIAD`KGo``@@@__OGE??WC?WG?K??FC??b??KG??w_??v,[(20-21)-(18-23)-(15-22)-(13-14)-(12-19)-(10-11)-(9-17)-(8-16)-(6-7)-(4-5)-(2-3)-(0-1)],9.441375732421875e-05,0.06841659545898438,6,False,0
W|eIAD`KGo``@@@__OGE??WC?WG?K??FC??b??KG??w_??v,[(20-21)-(18-23)-(15-22)-(13-14)-(12-19)-(10-11)-(9-17)-(8-16)-(6-7)-(4-5)-(2-3)-(0-1)],9.870529174804688e-05,0.021294116973876953,2,True,0
W|eIAD`KGo``@@@__OGE??WC?WG?K??FC??b??KG??w_??v,[(22-23)-(18-20)-(15-21)-(14-19)-(12-13)-(10-11)-(9-17)-(8-16)-(6-7)-(4-5)-(2-3)-(0-1)],9.107589721679688e-05,0.027558088302612305,3,True,0
W|eIAD`KGo``@@@__OGE??WC?WG?K??FC??b??KG??w_??v,[(22-23)-(18-20)-(15-21)-(14-19)-(12-13)-(10-11)-(9-17)-(8-16)-(6-7)-(4-5)-(2-3)-(0-1)],9.250640869140625e-05,0.04481792449951172,5,True,0
W|eIAD`KGo``@@@__OGE??WC?WG?K??FC??b??KG??w_??v,[(21-23)-(18-20)-(15-22)-(14-19)-(12-13)-(10-11)-(9-17)-(8-16)-(6-7)-(4-5)-(2-3)-(0-1)],9.179115295410156e-05,0.027950286865234375,3,True,0
W|eIAD`KGo``@@@__OGE??WC?WG?K??FC??b??KG??w_??v,[(21-23)-(18-20)-(15-22)-(14-19)-(12-13)-(10-11)-(9-17)-(8-16)-(6-7)-(4-5)-(2-3)-(0-1)],9.489059448242188e-05,0.04487323760986328,5,True,0
WtfII@`GH_B@B`?`_WGA@?[??OG?oG?OC?@p??CW??w_??z,[(19-23)-(17-22)-(15-21)-(14-20)-(11-13)-(10-18)-(8-9)-(7-16)-(6-12)-(4-5)-(2-3)-(0-1)],9.226799011230469e-05,0.06546425819396973,14,False,0
WtfII@`GH_B@B`?`_WGA@?[??OG?oG?OC?@p??CW??w_??z,[(19-23)-(17-22)-(15-21)-(14-20)-(11-13)-(10-18)-(8-9)-(7-16)-(6-12)-(4-5)-(2-3)-(0-1)],9.489059448242188e-05,0.02868485450744629,3,True,0
WtfII@`GH_B@B`?`_WGA@?[??OG?oG?OC?@p??CW??w_??z,[(19-21)-(17-23)-(15-22)-(14-20)-(11-13)-(10-18)-(8-9)-(7-16)-(6-12)-(4-5)-(2-3)-(0-1)],8.869171142578125e-05,0.08818316459655762,10,False,0
WtfII@`GH_B@B`?`_WGA@?[??OG?oG?OC?@p??CW??w_??z,[(19-21)-(17-23)-(15-22)-(14-20)-(11-13)-(10-18)-(8-9)-(7-16)-(6-12)-(4-5)-(2-3)-(0-1)],9.393692016601562e-05,0.0634911060333252,14,False,0
WtfII@`GH_B@B`?`_WGA@?[??OG?oG?OC?@p??CW??w_??z,[(21-23)-(19-20)-(17-22)-(14-15)-(11-13)-(10-18)-(8-9)-(7-16)-(6-12)-(4-5)-(2-3)-(0-1)],8.940696716308594e-05,0.03671073913574219,4,True,0
WtfII@`GH_B@B`?`_WGA@?[??OG?oG?OC?@p??CW??w_??z,[(21-23)-(19-20)-(17-22)-(14-15)-(11-13)-(10-18)-(8-9)-(7-16)-(6-12)-(4-5)-(2-3)-(0-1)],9.298324584960938e-05,0.037790775299072266,4,True,0
WtfII@`GH_B@B`?`_WGA@?[??OG?oG?OC?@p??CW??w_??z,[(20-21)-(19-23)-(17-22)-(14-15)-(11-13)-(10-18)-(8-9)-(7-16)-(6-12)-(4-5)-(2-3)-(0-1)],8.845329284667969e-05,0.06665873527526855,8,True,0
WtfII@`GH_B@B`?`_WGA@?[??OG?oG?OC?@p??CW??w_??z,[(20-21)-(19-23)-(17-22)-(14-15)-(11-13)-(10-18)-(8-9)-(7-16)-(6-12)-(4-5)-(2-3)-(0-1)],0.00010085105895996094,0.03708219528198242,4,True,0
WtfII@`GH_B@B`?`_WGA@?[??OG?oG?OC?@p??CW??w_??z,[(21-22)-(19-20)-(17-23)-(14-15)-(11-13)-(10-18)-(8-9)-(7-16)-(6-12)-(4-5)-(2-3)-(0-1)],9.512901306152344e-05,0.09124422073364258,16,False,0
WtfII@`GH_B@B`?`_WGA@?[??OG?oG?OC?@p??CW??w_??z,[(21-22)-(19-20)-(17-23)-(14-15)-(11-13)-(10-18)-(8-9)-(7-16)-(6-12)-(4-5)-(2-3)-(0-1)],0.00010633468627929688,0.02805805206298828,3,True,0
WtfII@`GH_B@B`?`_WGA@?[??OG?oG?OC?@p??CW??w_??z,[(22-23)-(17-18)-(15-21)-(14-20)-(11-13)-(10-19)-(8-9)-(7-16)-(6-12)-(4-5)-(2-3)-(0-1)],0.00012183189392089844,0.05567193031311035,13,False,0
WtfII@`GH_B@B`?`_WGA@?[??OG?oG?OC?@p??CW??w_??z,[(22-23)-(17-18)-(15-21)-(14-20)-(11-13)-(10-19)-(8-9)-(7-16)-(6-12)-(4-5)-(2-3)-(0-1)],9.679794311523438e-05,0.04666471481323242,5,True,0
WtfII@`GH_B@B`?`_WGA@?[??OG?oG?OC?@p??CW??w_??z,[(18-23)-(17-22)-(15-21)-(14-20)-(11-13)-(10-19)-(8-9)-(7-16)-(6-12)-(4-5)-(2-3)-(0-1)],9.083747863769531e-05,0.06554770469665527,14,False,0
WtfII@`GH_B@B`?`_WGA@?[??OG?oG?OC?@p??CW??w_??z,[(18-23)-(17-22)-(15-21)-(14-20)-(11-13)-(10-19)-(8-9)-(7-16)-(6-12)-(4-5)-(2-3)-(0-1)],9.512901306152344e-05,0.027895689010620117,3,True,0
WtfII@`GH_B@B`?`_WGA@?[??OG?oG?OC?@p??CW??w_??z,[(21-23)-(17-18)-(15-22)-(14-20)-(11-13)-(10-19)-(8-9)-(7-16)-(6-12)-(4-5)-(2-3)-(0-1)],9.870529174804688e-05,0.0551605224609375,13,False,0
WtfII@`GH_B@B`?`_WGA@?[??OG?oG?OC?@p??CW??w_??z,[(21-23)-(17-18)-(15-22)-(14-20)-(11-13)-(10-19)-(8-9)-(7-16)-(6-12)-(4-5)-(2-3)-(0-1)],9.465217590332031e-05,0.0469362735748291,5,True,0
WtfII@`GH_B@B`?`_WGA@?[??OG?oG?OC?@p??CW??w_??z,[(22-23)-(20-21)-(17-18)-(14-15)-(11-13)-(10-19)-(8-9)-(7-16)-(6-12)-(4-5)-(2-3)-(0-1)],9.059906005859375e-05,0.0811607837677002,9,True,0
WtfII@`GH_B@B`?`_WGA@?[??OG?oG?OC?@p??CW??w_??z,[(22-23)-(20-21)-(17-18)-(14-15)-(11-13)-(10-19)-(8-9)-(7-16)-(6-12)-(4-5)-(2-3)-(0-1)],0.00010061264038085938,0.06112837791442871,6,False,0
WtfII@`GH_B@B`?`_WGA@?[??OG?oG?OC?@p??CW??w_??z,[(20-21)-(18-23)-(17-22)-(14-15)-(11-13)-(10-19)-(8-9)-(7-16)-(6-12)-(4-5)-(2-3)-(0-1)],8.988380432128906e-05,0.06318020820617676,7,True,0
WtfII@`GH_B@B`?`_WGA@?[??OG?oG?OC?@p??CW??w_??z,[(20-21)-(18-23)-(17-22)-(14-15)-(11-13)-(10-19)-(8-9)-(7-16)-(6-12)-(4-5)-(2-3)-(0-1)],9.751319885253906e-05,0.03710651397705078,4,True,0
W|eIID`KGo`@@@@?_OGC@?PC@wG?K??EC?@`??KG??s_??^,[(22-23)-(15-21)-(14-20)-(13-19)-(12-18)-(11-16)-(9-10)-(8-17)-(6-7)-(4-5)-(2-3)-(0-1)],0.0001010894775390625,0.039636850357055664,5,True,0
W|eIID`KGo`@@@@?_OGC@?PC@wG?K??EC?@`??KG??s_??^,[(22-23)-(15-21)-(14-20)-(13-19)-(12-18)-(11-16)-(9-10)-(8-17)-(6-7)-(4-5)-(2-3)-(0-1)],9.5367431640625e-05,0.03495168685913086,4,False,0
W|eIID`KGo`@@@@?_OGC@?PC@wG?K??EC?@`??KG??s_??^,[(21-23)-(15-22)-(14-20)-(13-19)-(12-18)-(11-16)-(9-10)-(8-17)-(6-7)-(4-5)-(2-3)-(0-1)],8.988380432128906e-05,0.02921605110168457,3,True,0
W|eIID`KGo`@@@@?_OGC@?PC@wG?K??EC?@`??KG??s_??^,[(21-23)-(15-22)-(14-20)-(13-19)-(12-18)-(11-16)-(9-10)-(8-17)-(6-7)-(4-5)-(2-3)-(0-1)],9.489059448242188e-05,0.029881954193115234,3,False,0
W|eIID`KGo`@@@@?_OGC@?PC@wG?K??EC?@`??KG??s_??^,[(20-23)-(15-22)-(14-21)-(13-19)-(12-18)-(11-16)-(9-10)-(8-17)-(6-7)-(4-5)-(2-3)-(0-1)],8.940696716308594e-05,0.028532743453979492,3,True,0
W|eIID`KGo`@@@@?_OGC@?PC@wG?K??EC?@`??KG??s_??^,[(20-23)-(15-22)-(14-21)-(13-19)-(12-18)-(11-16)-(9-10)-(8-17)-(6-7)-(4-5)-(2-3)-(0-1)],0.00010728836059570312,0.021967411041259766,2,False,0
W|eIID`KGo`@@@@?_OGC@?PC@wG?K??EC?@`??KG??s_??^,[(22-23)-(20-21)-(14-15)-(13-19)-(12-18)-(11-16)-(9-10)-(8-17)-(6-7)-(4-5)-(2-3)-(0-1)],9.608268737792969e-05,0.032446861267089844,3,False,0
W|eIID`KGo`@@@@?_OGC@?PC@wG?K??EC?@`??KG??s_??^,[(22-23)-(20-21)-(14-15)-(13-19)-(12-18)-(11-16)-(9-10)-(8-17)-(6-7)-(4-5)-(2-3)-(0-1)],9.441375732421875e-05,0.02067852020263672,2,True,0
W|eIID`KGo`@@@@?_OGC@?PC@wG?K??EC?@`??KG??s_??^,[(21-22)-(20-23)-(14-15)-(13-19)-(12-18)-(11-16)-(9-10)-(8-17)-(6-7)-(4-5)-(2-3)-(0-1)],8.845329284667969e-05,0.029983997344970703,3,False,0
W|eIID`KGo`@@@@?_OGC@?PC@wG?K??EC?@`??KG??s_??^,[(21-22)-(20-23)-(14-15)-(13-19)-(12-18)-(11-16)-(9-10)-(8-17)-(6-7)-(4-5)-(2-3)-(0-1)],9.679794311523438e-05,0.030118465423583984,3,False,0
W|eIID`KGo`@@@@?_OGC@?PC@wG?K??EC?@`??KG??s_??^,[(19-23)-(15-22)-(14-21)-(13-20)-(12-18)-(11-16)-(9-10)-(8-17)-(6-7)-(4-5)-(2-3)-(0-1)],8.96453857421875e-05,0.028413057327270508,3,True,0
W|eIID`KGo`@@@@?_OGC@?PC@wG?K??EC?@`??KG??s_??^,[(19-23)-(15-22)-(14-21)-(13-20)-(12-18)-(11-16)-(9-10)-(8-17)-(6-7)-(4-5)-(2-3)-(0-1)],9.655952453613281e-05,0.029761552810668945,3,False,0
W|eIID`KGo`@@@@?_OGC@?PC@wG?K??EC?@`??KG??s_??^,[(21-22)-(19-23)-(14-15)-(13-20)-(12-18)-(11-16)-(9-10)-(8-17)-(6-7)-(4-5)-(2-3)-(0-1)],9.012222290039062e-05,0.02198505401611328,2,False,0
W|eIID`KGo`@@@@?_OGC@?PC@wG?K??EC?@`??KG??s_??^,[(21-22)-(19-23)-(14-15)-(13-20)-(12-18)-(11-16)-(9-10)-(8-17)-(6-7)-(4-5)-(2-3)-(0-1)],9.369850158691406e-05,0.03850126266479492,4,True,0
W|eIID`KGo`@@@@?_OGC@?PC@wG?K??EC?@`??KG??s_??^,[(22-23)-(19-20)-(15-21)-(13-14)-(12-18)-(11-16)-(9-10)-(8-17)-(6-7)-(4-5)-(2-3)-(0-1)],8.988380432128906e-05,0.020898818969726562,2,True,0
W|eIID`KGo`@@@@?_OGC@?PC@wG?K??EC?@`??KG??s_??^,[(22-23)-(19-20)-(15-21)-(13-14)-(12-18)-(11-16)-(9-10)-(8-17)-(6-7)-(4-5)-(2-3)-(0-1)],9.369850158691406e-05,0.03827643394470215,4,False,0
W|eIID`KGo`@@@@?_OGC@?PC@wG?K??EC?@`??KG??s_??^,[(21-23)-(19-20)-(15-22)-(13-14)-(12-18)-(11-16)-(9-10)-(8-17)-(6-7)-(4-5)-(2-3)-(0-1)],9.751319885253906e-05,0.014173269271850586,1,True,0
W|eIID`KGo`@@@@?_OGC@?PC@wG?K??EC?@`??KG??s_??^,[(21-23)-(19-20)-(15-22)-(13-14)-(12-18)-(11-16)-(9-10)-(8-17)-(6-7)-(4-5)-(2-3)-(0-1)],9.250640869140625e-05,0.07394099235534668,15,False,0
W|eIID`KGo`@@@@?_OGC@?PC@wG?K??EC?@`??KG??s_??^,[(20-21)-(19-23)-(15-22)-(13-14)-(12-18)-(11-16)-(9-10)-(8-17)-(6-7)-(4-5)-(2-3)-(0-1)],9.036064147949219e-05,0.028635501861572266,3,True,0
W|eIID`KGo`@@@@?_OGC@?PC@wG?K??EC?@`??KG??s_??^,[(20-21)-(19-23)-(15-22)-(13-14)-(12-18)-(11-16)-(9-10)-(8-17)-(6-7)-(4-5)-(2-3)-(0-1)],9.632110595703125e-05,0.09301972389221191,8,False,0
W|fIBCpEGW_`?`?__W?@p?@??EG?EG?AC?@`??MG??R_?@x,[(19-23)-(16-22)-(15-21)-(14-20)-(13-18)-(12-17)-(10-11)-(8-9)-(6-7)-(4-5)-(2-3)-(0-1)],9.393692016601562e-05,0.04827237129211426,5,True,0
W|fIBCpEGW_`?`?__W?@p?@??EG?EG?AC?@`??MG??R_?@x,[(19-23)-(16-22)-(15-21)-(14-20)-(13-18)-(12-17)-(10-11)-(8-9)-(6-7)-(4-5)-(2-3)-(0-1)],9.298324584960938e-05,0.02283787727355957,2,False,0
W|fIBCpEGW_`?`?__W?@p?@??EG?EG?AC?@`??MG??R_?@x,[(19-22)-(16-23)-(15-21)-(14-20)-(13-18)-(12-17)-(10-11)-(8-9)-(6-7)-(4-5)-(2-3)-(0-1)],8.940696716308594e-05,0.021311044692993164,2,True,0
W|fIBCpEGW_`?`?__W?@p?@??EG?EG?AC?@`??MG??R_?@x,[(19-22)-(16-23)-(15-21)-(14-20)-(13-18)-(12-17)-(10-11)-(8-9)-(6-7)-(4-5)-(2-3)-(0-1)],9.179115295410156e-05,0.10942363739013672,18,False,0
W|fIBCpEGW_`?`?__W?@p?@??EG?EG?AC?@`??MG??R_?@x,[(22-23)-(19-20)-(16-21)-(14-15)-(13-18)-(12-17)-(10-11)-(8-9)-(6-7)-(4-5)-(2-3)-(0-1)],9.083747863769531e-05,0.028392553329467773,3,True,0
W|fIBCpEGW_`?`?__W?@p?@??EG?EG?AC?@`??MG??R_?@x,[(22-23)-(19-20)-(16-21)-(14-15)-(13-18)-(12-17)-(10-11)-(8-9)-(6-7)-(4-5)-(2-3)-(0-1)],9.274482727050781e-05,0.05018353462219238,6,True,0
W|fIBCpEGW_`?`?__W?@p?@??EG?EG?AC?@`??MG??R_?@x,[(20-22)-(19-23)-(16-21)-(14-15)-(13-18)-(12-17)-(10-11)-(8-9)-(6-7)-(4-5)-(2-3)-(0-1)],8.96453857421875e-05,0.045865774154663086,5,True,0
W|fIBCpEGW_`?`?__W?@p?@??EG?EG?AC?@`??MG??R_?@x,[(20-22)-(19-23)-(16-21)-(14-15)-(13-18)-(12-17)-(10-11)-(8-9)-(6-7)-(4-5)-(2-3)-(0-1)],0.00011181831359863281,0.046881914138793945,5,True,0
W|fIBCpEGW_`?`?__W?@p?@??EG?EG?AC?@`??MG??R_?@x,[(20-21)-(19-23)-(16-22)-(14-15)-(13-18)-(12-17)-(10-11)-(8-9)-(6-7)-(4-5)-(2-3)-(0-1)],0.00010943412780761719,0.04686856269836426,5,True,0
W|fIBCpEGW_`?`?__W?@p?@??EG?EG?AC?@`??MG??R_?@x,[(20-21)-(19-23)-(16-22)-(14-15)-(13-18)-(12-17)-(10-11)-(8-9)-(6-7)-(4-5)-(2-3)-(0-1)],9.369850158691406e-05,0.029304981231689453,3,True,0
W|fIBCpEGW_`?`?__W?@p?@??EG?EG?AC?@`??MG??R_?@x,[(21-22)-(19-20)-(16-23)-(14-15)-(13-18)-(12-17)-(10-11)-(8-9)-(6-7)-(4-5)-(2-3)-(0-1)],8.916854858398438e-05,0.07506608963012695,16,False,0
W|fIBCpEGW_`?`?__W?@p?@??EG?EG?AC?@`??MG??R_?@x,[(21-22)-(19-20)-(16-23)-(14-15)-(13-18)-(12-17)-(10-11)-(8-9)-(6-7)-(4-5)-(2-3)-(0-1)],8.988380432128906e-05,0.027645349502563477,3,True,0
W|fIBCpEGW_`?`?__W?@p?@??EG?EG?AC?@`??MG??R_?@x,[(20-21)-(19-22)-(16-23)-(14-15)-(13-18)-(12-17)-(10-11)-(8-9)-(6-7)-(4-5)-(2-3)-(0-1)],9.059906005859375e-05,0.0751948356628418,10,True,0
W|fIBCpEGW_`?`?__W?@p?@??EG?EG?AC?@`??MG??R_?@x,[(20-21)-(19-22)-(16-23)-(14-15)-(13-18)-(12-17)-(10-11)-(8-9)-(6-7)-(4-5)-(2-3)-(0-1)],9.417533874511719e-05,0.04582357406616211,5,True,0
W|fIBCpEGW_`?`?__W?@p?@??EG?EG?AC?@`??MG??R_?@x,[(18-23)-(16-22)-(15-21)-(14-20)-(13-19)-(12-17)-(10-11)-(8-9)-(6-7)-(4-5)-(2-3)-(0-1)],9.012222290039062e-05,0.03881502151489258,4,True,0
W|fIBCpEGW_`?`?__W?@p?@??EG?EG?AC?@`??MG??R_?@x,[(18-23)-(16-22)-(15-21)-(14-20)-(13-19)-(12-17)-(10-11)-(8-9)-(6-7)-(4-5)-(2-3)-(0-1)],9.441375732421875e-05,0.03954172134399414,4,True,0
W|fIBCpEGW_`?`?__W?@p?@??EG?EG?AC?@`??MG??R_?@x,[(20-22)-(18-23)-(16-21)-(14-15)-(13-19)-(12-17)-(10-11)-(8-9)-(6-7)-(4-5)-(2-3)-(0-1)],9.512901306152344e-05,0.059388160705566406,6,True,0
W|fIBCpEGW_`?`?__W?@p?@??EG?EG?AC?@`??MG??R_?@x,[(20-22)-(18-23)-(16-21)-(14-15)-(13-19)-(12-17)-(10-11)-(8-9)-(6-7)-(4-5)-(2-3)-(0-1)],9.608268737792969e-05,0.058348894119262695,7,True,0
W|fIBCpEGW_`?`?__W?@p?@??EG?EG?AC?@`??MG??R_?@x,[(20-21)-(18-23)-(16-22)-(14-15)-(13-19)-(12-17)-(10-11)-(8-9)-(6-7)-(4-5)-(2-3)-(0-1)],9.417533874511719e-05,0.0285031795501709,3,True,0
W|fIBCpEGW_`?`?__W?@p?@??EG?EG?AC?@`??MG??R_?@x,[(20-21)-(18-23)-(16-22)-(14-15)-(13-19)-(12-17)-(10-11)-(8-9)-(6-7)-(4-5)-(2-3)-(0-1)],9.131431579589844e-05,0.029690265655517578,3,False,0
W|fII?_KGo`o?`?o_GGA@?WC?_G@oG?WK?A@??wG?@`_?Bd,[(15-23)-(14-22)-(13-21)-(12-20)-(10-19)-(9-18)-(8-17)-(7-16)-(6-11)-(4-5)-(2-3)-(0-1)],9.369850158691406e-05,0.0404200553894043,4,True,0
W|fII?_KGo`o?`?o_GGA@?WC?_G@oG?WK?A@??wG?@`_?Bd,[(15-23)-(14-22)-(13-21)-(12-20)-(10-19)-(9-18)-(8-17)-(7-16)-(6-11)-(4-5)-(2-3)-(0-1)],9.584426879882812e-05,0.03799176216125488,4,True,0
W|fII?_KGo`o?`?o_GGA@?WC?_G@oG?WK?A@??wG?@`_?Bd,[(22-23)-(14-15)-(13-21)-(12-20)-(10-19)-(9-18)-(8-17)-(7-16)-(6-11)-(4-5)-(2-3)-(0-1)],8.988380432128906e-05,0.02943897247314453,3,True,0
W|fII?_KGo`o?`?o_GGA@?WC?_G@oG?WK?A@??wG?@`_?Bd,[(22-23)-(14-15)-(13-21)-(12-20)-(10-19)-(9-18)-(8-17)-(7-16)-(6-11)-(4-5)-(2-3)-(0-1)],9.465217590332031e-05,0.02773284912109375,3,True,0
W|fII?_KGo`o?`?o_GGA@?WC?_G@oG?WK?A@??wG?@`_?Bd,[(21-22)-(15-23)-(13-14)-(12-20)-(10-19)-(9-18)-(8-17)-(7-16)-(6-11)-(4-5)-(2-3)-(0-1)],8.893013000488281e-05,0.04169034957885742,4,False,0
W|fII?_KGo`o?`?o_GGA@?WC?_G@oG?WK?A@??wG?@`_?Bd,[(21-22)-(15-23)-(13-14)-(12-20)-(10-19)-(9-18)-(8-17)-(7-16)-(6-11)-(4-5)-(2-3)-(0-1)],9.465217590332031e-05,0.02076888084411621,2,True,0
W|fII?_KGo`o?`?o_GGA@?WC?_G@oG?WK?A@??wG?@`_?Bd,[(20-23)-(15-22)-(13-14)-(12-21)-(10-19)-(9-18)-(8-17)-(7-16)-(6-11)-(4-5)-(2-3)-(0-1)],9.369850158691406e-05,0.04991555213928223,5,True,0
W|fII?_KGo`o?`?o_GGA@?WC?_G@oG?WK?A@??wG?@`_?Bd,[(20-23)-(15-22)-(13-14)-(12-21)-(10-19)-(9-18)-(8-17)-(7-16)-(6-11)-(4-5)-(2-3)-(0-1)],9.799003601074219e-05,0.04794907569885254,5,True,0
W|fII?_KGo`o?`?o_GGA@?WC?_G@oG?WK?A@??wG?@`_?Bd,[(20-22)-(15-23)-(13-14)-(12-21)-(10-19)-(9-18)-(8-17)-(7-16)-(6-11)-(4-5)-(2-3)-(0-1)],9.107589721679688e-05,0.047594308853149414,5,True,0
W|fII?_KGo`o?`?o_GGA@?WC?_G@oG?WK?A@??wG?@`_?Bd,[(20-22)-(15-23)-(13-14)-(12-21)-(10-19)-(9-18)-(8-17)-(7-16)-(6-11)-(4-5)-(2-3)-(0-1)],9.679794311523438e-05,0.03810310363769531,4,True,0
W|fII?_KGo`o?`?o_GGA@?WC?_G@oG?WK?A@??wG?@`_?Bd,[(20-23)-(15-22)-(14-21)-(12-13)-(10-19)-(9-18)-(8-17)-(7-16)-(6-11)-(4-5)-(2-3)-(0-1)],9.179115295410156e-05,0.024201393127441406,2,False,0
W|fII?_KGo`o?`?o_GGA@?WC?_G@oG?WK?A@??wG?@`_?Bd,[(20-23)-(15-22)-(14-21)-(12-13)-(10-19)-(9-18)-(8-17)-(7-16)-(6-11)-(4-5)-(2-3)-(0-1)],9.441375732421875e-05,0.04084491729736328,4,True,0
W|fII?_KGo`o?`?o_GGA@?WC?_G@oG?WK?A@??wG?@`_?Bd,[(20-22)-(15-23)-(14-21)-(12-13)-(10-19)-(9-18)-(8-17)-(7-16)-(6-11)-(4-5)-(2-3)-(0-1)],9.107589721679688e-05,0.056760549545288086,13,False,0
W|fII?_KGo`o?`?o_GGA@?WC?_G@oG?WK?A@??wG?@`_?Bd,[(20-22)-(15-23)-(14-21)-(12-13)-(10-19)-(9-18)-(8-17)-(7-16)-(6-11)-(4-5)-(2-3)-(0-1)],9.274482727050781e-05,0.06580376625061035,7,True,0
W|fII?_KGo`o?`?o_GGA@?WC?_G@oG?WK?A@??wG?@`_?Bd,[(20-21)-(15-23)-(14-22)-(12-13)-(10-19)-(9-18)-(8-17)-(7-16)-(6-11)-(4-5)-(2-3)-(0-1)],9.584426879882812e-05,0.03902482986450195,4,True,0
W|fII?_KGo`o?`?o_GGA@?WC?_G@oG?WK?A@??wG?@`_?Bd,[(20-21)-(15-23)-(14-22)-(12-13)-(10-19)-(9-18)-(8-17)-(7-16)-(6-11)-(4-5)-(2-3)-(0-1)],0.00011587142944335938,0.03843379020690918,4,True,0
W|fII?_KGo`o?`?o_GGA@?WC?_G@oG?WK?A@??wG?@`_?Bd,[(22-23)-(20-21)-(14-15)-(12-13)-(10-19)-(9-18)-(8-17)-(7-16)-(6-11)-(4-5)-(2-3)-(0-1)],8.988380432128906e-05,0.028226613998413086,3,True,0
W|fII?_KGo`o?`?o_GGA@?WC?_G@oG?WK?A@??wG?@`_?Bd,[(22-23)-(20-21)-(14-15)-(12-13)-(10-19)-(9-18)-(8-17)-(7-16)-(6-11)-(4-5)-(2-3)-(0-1)],9.417533874511719e-05,0.01033329963684082,1,True,0
W|fII?_KGo`o?`?o_GGA@?WC?_G@oG?WK?A@??wG?@`_?Bd,[(21-22)-(20-23)-(14-15)-(12-13)-(10-19)-(9-18)-(8-17)-(7-16)-(6-11)-(4-5)-(2-3)-(0-1)],9.489059448242188e-05,0.029296159744262695,3,True,0
W|fII?_KGo`o?`?o_GGA@?WC?_G@oG?WK?A@??wG?@`_?Bd,[(21-22)-(20-23)-(14-15)-(12-13)-(10-19)-(9-18)-(8-17)-(7-16)-(6-11)-(4-5)-(2-3)-(0-1)],9.465217590332031e-05,0.04802060127258301,5,True,0
W|fIB?pEGW_o?`?__OGA@?]??KW?K??EC?@`??KG??k_??^,[(22-23)-(15-21)-(14-20)-(13-19)-(12-18)-(10-17)-(8-9)-(7-16)-(6-11)-(4-5)-(2-3)-(0-1)],9.179115295410156e-05,0.0358123779296875,4,True,0
W|fIB?pEGW_o?`?__OGA@?]??KW?K??EC?@`??KG??k_??^,[(22-23)-(15-21)-(14-20)-(13-19)-(12-18)-(10-17)-(8-9)-(7-16)-(6-11)-(4-5)-(2-3)-(0-1)],9.5367431640625e-05,0.020844221115112305,2,True,0
W|fIB?pEGW_o?`?__OGA@?]??KW?K??EC?@`??KG??k_??^,[(21-23)-(15-22)-(14-20)-(13-19)-(12-18)-(10-17)-(8-9)-(7-16)-(6-11)-(4-5)-(2-3)-(0-1)],0.00012350082397460938,0.014356374740600586,1,True,0
W|fIB?pEGW_o?`?__OGA@?]??KW?K??EC?@`??KG??k_??^,[(21-23)-(15-22)-(14-20)-(13-19)-(12-18)-(10-17)-(8-9)-(7-16)-(6-11)-(4-5)-(2-3)-(0-1)],9.417533874511719e-05,0.02861166000366211,3,True,0
W|fIB?pEGW_o?`?__OGA@?]??KW?K??EC?@`??KG??k_??^,[(20-23)-(15-22)-(14-21)-(13-19)-(12-18)-(10-17)-(8-9)-(7-16)-(6-11)-(4-5)-(2-3)-(0-1)],9.107589721679688e-05,0.028708219528198242,3,True,0
W|fIB?pEGW_o?`?__OGA@?]??KW?K??EC?@`??KG??k_??^,[(20-23)-(15-22)-(14-21)-(13-19)-(12-18)-(10-17)-(8-9)-(7-16)-(6-11)-(4-5)-(2-3)-(0-1)],9.441375732421875e-05,0.02209162712097168,2,False,0
W|fIB?pEGW_o?`?__OGA@?]??KW?K??EC?@`??KG??k_??^,[(22-23)-(20-21)-(14-15)-(13-19)-(12-18)-(10-17)-(8-9)-(7-16)-(6-11)-(4-5)-(2-3)-(0-1)],9.083747863769531e-05,0.0214841365814209,2,True,0
W|fIB?pEGW_o?`?__OGA@?]??KW?K??EC?@`??KG??k_??^,[(22-23)-(20-21)-(14-15)-(13-19)-(12-18)-(10-17)-(8-9)-(7-16)-(6-11)-(4-5)-(2-3)-(0-1)],9.512901306152344e-05,0.030733823776245117,3,False,0
W|fIB?pEGW_o?`?__OGA@?]??KW?K??EC?@`??KG??k_??^,[(21-22)-(20-23)-(14-15)-(13-19)-(12-18)-(10-17)-(8-9)-(7-16)-(6-11)-(4-5)-(2-3)-(0-1)],9.250640869140625e-05,0.04778289794921875,5,True,0
W|fIB?pEGW_o?`?__OGA@?]??KW?K??EC?@`??KG??k_??^,[(21-22)-(20-23)-(14-15)-(13-19)-(12-18)-(10-17)-(8-9)-(7-16)-(6-11)-(4-5)-(2-3)-(0-1)],9.34600830078125e-05,0.05296921730041504,6,False,0
W|fIB?pEGW_o?`?__OGA@?]??KW?K??EC?@`??KG??k_??^,[(19-23)-(15-22)-(14-21)-(13-20)-(12-18)-(10-17)-(8-9)-(7-16)-(6-11)-(4-5)-(2-3)-(0-1)],8.916854858398438e-05,0.02867412567138672,3,True,0
W|fIB?pEGW_o?`?__OGA@?]??KW?K??EC?@`??KG??k_??^,[(19-23)-(15-22)-(14-21)-(13-20)-(12-18)-(10-17)-(8-9)-(7-16)-(6-11)-(4-5)-(2-3)-(0-1)],9.489059448242188e-05,0.030138254165649414,3,False,0
W|fIB?pEGW_o?`?__OGA@?]??KW?K??EC?@`??KG??k_??^,[(21-22)-(19-23)-(14-15)-(13-20)-(12-18)-(10-17)-(8-9)-(7-16)-(6-11)-(4-5)-(2-3)-(0-1)],9.012222290039062e-05,0.031369924545288086,3,False,0
W|fIB?pEGW_o?`?__OGA@?]??KW?K??EC?@`??KG??k_??^,[(21-22)-(19-23)-(14-15)-(13-20)-(12-18)-(10-17)-(8-9)-(7-16)-(6-11)-(4-5)-(2-3)-(0-1)],9.1552734375e-05,0.028515100479125977,3,True,0
W|fIB?pEGW_o?`?__OGA@?]??KW?K??EC?@`??KG??k_??^,[(22-23)-(19-20)-(15-21)-(13-14)-(12-18)-(10-17)-(8-9)-(7-16)-(6-11)-(4-5)-(2-3)-(0-1)],0.00013685226440429688,0.029171466827392578,3,True,0
W|fIB?pEGW_o?`?__OGA@?]??KW?K??EC?@`??KG??k_??^,[(22-23)-(19-20)-(15-21)-(13-14)-(12-18)-(10-17)-(8-9)-(7-16)-(6-11)-(4-5)-(2-3)-(0-1)],9.298324584960938e-05,0.0719449520111084,9,True,0
W|fIB?pEGW_o?`?__OGA@?]??KW?K??EC?@`??KG??k_??^,[(21-23)-(19-20)-(15-22)-(13-14)-(12-18)-(10-17)-(8-9)-(7-16)-(6-11)-(4-5)-(2-3)-(0-1)],9.393692016601562e-05,0.03826642036437988,4,False,0
W|fIB?pEGW_o?`?__OGA@?]??KW?K??EC?@`??KG??k_??^,[(21-23)-(19-20)-(15-22)-(13-14)-(12-18)-(10-17)-(8-9)-(7-16)-(6-11)-(4-5)-(2-3)-(0-1)],9.393692016601562e-05,0.02074122428894043,2,True,0
W|fIB?pEGW_o?`?__OGA@?]??KW?K??EC?@`??KG??k_??^,[(20-21)-(19-23)-(15-22)-(13-14)-(12-18)-(10-17)-(8-9)-(7-16)-(6-11)-(4-5)-(2-3)-(0-1)],9.298324584960938e-05,0.02938079833984375,3,True,0
W|fIB?pEGW_o?`?__OGA@?]??KW?K??EC?@`??KG??k_??^,[(20-21)-(19-23)-(15-22)-(13-14)-(12-18)-(10-17)-(8-9)-(7-16)-(6-11)-(4-5)-(2-3)-(0-1)],9.560585021972656e-05,0.029685258865356445,3,False,0
W|fIB?pEGW__?`?__OGC@?RC@wG?G_?KC?B@??WG?@c_??^,[(19-23)-(15-22)-(14-21)-(13-20)-(11-18)-(9-10)-(8-17)-(7-16)-(6-12)-(4-5)-(2-3)-(0-1)],9.369850158691406e-05,0.11372661590576172,20,False,0
W|fIB?pEGW__?`?__OGC@?RC@wG?G_?KC?B@??WG?@c_??^,[(19-23)-(15-22)-(14-21)-(13-20)-(11-18)-(9-10)-(8-17)-(7-16)-(6-12)-(4-5)-(2-3)-(0-1)],9.274482727050781e-05,0.021107912063598633,2,True,0
W|fIB?pEGW__?`?__OGC@?RC@wG?G_?KC?B@??WG?@c_??^,[(21-22)-(19-23)-(14-15)-(13-20)-(11-18)-(9-10)-(8-17)-(7-16)-(6-12)-(4-5)-(2-3)-(0-1)],0.00010251998901367188,0.021016597747802734,2,True,0
W|fIB?pEGW__?`?__OGC@?RC@wG?G_?KC?B@??WG?@c_??^,[(21-22)-(19-23)-(14-15)-(13-20)-(11-18)-(9-10)-(8-17)-(7-16)-(6-12)-(4-5)-(2-3)-(0-1)],0.0001361370086669922,0.06556200981140137,7,True,0
W|fIB?pEGW__?`?__OGC@?RC@wG?G_?KC?B@??WG?@c_??^,[(22-23)-(19-20)-(14-15)-(13-21)-(11-18)-(9-10)-(8-17)-(7-16)-(6-12)-(4-5)-(2-3)-(0-1)],8.988380432128906e-05,0.028095483779907227,3,True,0
W|fIB?pEGW__?`?__OGC@?RC@wG?G_?KC?B@??WG?@c_??^,[(22-23)-(19-20)-(14-15)-(13-21)-(11-18)-(9-10)-(8-17)-(7-16)-(6-12)-(4-5)-(2-3)-(0-1)],9.560585021972656e-05,0.12784671783447266,20,False,0
W|fIB?pEGW__?`?__OGC@?RC@wG?G_?KC?B@??WG?@c_??^,[(21-23)-(19-20)-(15-22)-(13-14)-(11-18)-(9-10)-(8-17)-(7-16)-(6-12)-(4-5)-(2-3)-(0-1)],9.012222290039062e-05,0.02112579345703125,2,True,0
W|fIB?pEGW__?`?__OGC@?RC@wG?G_?KC?B@??WG?@c_??^,[(21-23)-(19-20)-(15-22)-(13-14)-(11-18)-(9-10)-(8-17)-(7-16)-(6-12)-(4-5)-(2-3)-(0-1)],9.465217590332031e-05,0.14365506172180176,22,False,0
W|fIB?pEGW__?`?__OGC@?RC@wG?G_?KC?B@??WG?@c_??^,[(20-21)-(19-23)-(15-22)-(13-14)-(11-18)-(9-10)-(8-17)-(7-16)-(6-12)-(4-5)-(2-3)-(0-1)],9.131431579589844e-05,0.04480242729187012,5,True,0
W|fIB?pEGW__?`?__OGC@?RC@wG?G_?KC?B@??WG?@c_??^,[(20-21)-(19-23)-(15-22)-(13-14)-(11-18)-(9-10)-(8-17)-(7-16)-(6-12)-(4-5)-(2-3)-(0-1)],9.298324584960938e-05,0.049344778060913086,6,True,0
W|fIB?pEGW__?`?__OGC@?RC@wG?G_?KC?B@??WG?@c_??^,[(22-23)-(15-18)-(14-21)-(13-20)-(11-19)-(9-10)-(8-17)-(7-16)-(6-12)-(4-5)-(2-3)-(0-1)],8.988380432128906e-05,0.03802347183227539,4,True,0
W|fIB?pEGW__?`?__OGC@?RC@wG?G_?KC?B@??WG?@c_??^,[(22-23)-(15-18)-(14-21)-(13-20)-(11-19)-(9-10)-(8-17)-(7-16)-(6-12)-(4-5)-(2-3)-(0-1)],9.34600830078125e-05,0.08123970031738281,10,True,0
W|fIB?pEGW__?`?__OGC@?RC@wG?G_?KC?B@??WG?@c_??^,[(18-23)-(15-22)-(14-21)-(13-20)-(11-19)-(9-10)-(8-17)-(7-16)-(6-12)-(4-5)-(2-3)-(0-1)],9.465217590332031e-05,0.05034804344177246,6,True,0
W|fIB?pEGW__?`?__OGC@?RC@wG?G_?KC?B@??WG?@c_??^,[(18-23)-(15-22)-(14-21)-(13-20)-(11-19)-(9-10)-(8-17)-(7-16)-(6-12)-(4-5)-(2-3)-(0-1)],9.989738464355469e-05,0.029503822326660156,3,True,0
W|fIB?pEGW__?`?__OGC@?RC@wG?G_?KC?B@??WG?@c_??^,[(21-23)-(15-18)-(14-22)-(13-20)-(11-19)-(9-10)-(8-17)-(7-16)-(6-12)-(4-5)-(2-3)-(0-1)],9.202957153320312e-05,0.02121567726135254,2,True,0
W|fIB?pEGW__?`?__OGC@?RC@wG?G_?KC?B@??WG?@c_??^,[(21-23)-(15-18)-(14-22)-(13-20)-(11-19)-(9-10)-(8-17)-(7-16)-(6-12)-(4-5)-(2-3)-(0-1)],9.226799011230469e-05,0.056496381759643555,6,True,0
W|fIB?pEGW__?`?__OGC@?RC@wG?G_?KC?B@??WG?@c_??^,[(21-23)-(18-22)-(14-15)-(13-20)-(11-19)-(9-10)-(8-17)-(7-16)-(6-12)-(4-5)-(2-3)-(0-1)],9.202957153320312e-05,0.053688764572143555,6,True,0
W|fIB?pEGW__?`?__OGC@?RC@wG?G_?KC?B@??WG?@c_??^,[(21-23)-(18-22)-(14-15)-(13-20)-(11-19)-(9-10)-(8-17)-(7-16)-(6-12)-(4-5)-(2-3)-(0-1)],0.00010156631469726562,0.15623688697814941,3,True,0
W|fIB?pEGW__?`?__OGC@?RC@wG?G_?KC?B@??WG?@c_??^,[(21-22)-(18-23)-(14-15)-(13-20)-(11-19)-(9-10)-(8-17)-(7-16)-(6-12)-(4-5)-(2-3)-(0-1)],0.00010228157043457031,0.05581855773925781,6,True,0
W|fIB?pEGW__?`?__OGC@?RC@wG?G_?KC?B@??WG?@c_??^,[(21-22)-(18-23)-(14-15)-(13-20)-(11-19)-(9-10)-(8-17)-(7-16)-(6-12)-(4-5)-(2-3)-(0-1)],9.393692016601562e-05,0.020891666412353516,2,True,0
W|fII?_KGo`p?_?o_GGA@?WC?_G@oG?KK?A@??wG?@`_?Bd,[(18-19)-(15-23)-(14-22)-(13-21)-(12-20)-(9-10)-(8-17)-(7-16)-(6-11)-(4-5)-(2-3)-(0-1)],9.274482727050781e-05,0.05664682388305664,6,True,0
W|fII?_KGo`p?_?o_GGA@?WC?_G@oG?KK?A@??wG?@`_?Bd,[(18-19)-(15-23)-(14-22)-(13-21)-(12-20)-(9-10)-(8-17)-(7-16)-(6-11)-(4-5)-(2-3)-(0-1)],9.298324584960938e-05,0.0218813419342041,2,False,0
W|fII?_KGo`p?_?o_GGA@?WC?_G@oG?KK?A@??wG?@`_?Bd,[(22-23)-(18-19)-(14-15)-(13-21)-(12-20)-(9-10)-(8-17)-(7-16)-(6-11)-(4-5)-(2-3)-(0-1)],9.822845458984375e-05,0.04466700553894043,5,True,0
W|fII?_KGo`p?_?o_GGA@?WC?_G@oG?KK?A@??wG?@`_?Bd,[(22-23)-(18-19)-(14-15)-(13-21)-(12-20)-(9-10)-(8-17)-(7-16)-(6-11)-(4-5)-(2-3)-(0-1)],9.512901306152344e-05,0.014078378677368164,1,True,0
W|fII?_KGo`p?_?o_GGA@?WC?_G@oG?KK?A@??wG?@`_?Bd,[(21-22)-(18-19)-(15-23)-(13-14)-(12-20)-(9-10)-(8-17)-(7-16)-(6-11)-(4-5)-(2-3)-(0-1)],9.202957153320312e-05,0.028595447540283203,3,True,0
W|fII?_KGo`p?_?o_GGA@?WC?_G@oG?KK?A@??wG?@`_?Bd,[(21-22)-(18-19)-(15-23)-(13-14)-(12-20)-(9-10)-(8-17)-(7-16)-(6-11)-(4-5)-(2-3)-(0-1)],9.870529174804688e-05,0.049507856369018555,5,True,0
W|fII?_KGo`p?_?o_GGA@?WC?_G@oG?KK?A@??wG?@`_?Bd,[(20-23)-(18-19)-(15-22)-(13-14)-(12-21)-(9-10)-(8-17)-(7-16)-(6-11)-(4-5)-(2-3)-(0-1)],9.441375732421875e-05,0.030089855194091797,3,False,0
W|fII?_KGo`p?_?o_GGA@?WC?_G@oG?KK?A@??wG?@`_?Bd,[(20-23)-(18-19)-(15-22)-(13-14)-(12-21)-(9-10)-(8-17)-(7-16)-(6-11)-(4-5)-(2-3)-(0-1)],9.560585021972656e-05,0.04948616027832031,5,True,0
W|fII?_KGo`p?_?o_GGA@?WC?_G@oG?KK?A@??wG?@`_?Bd,[(20-22)-(18-19)-(15-23)-(13-14)-(12-21)-(9-10)-(8-17)-(7-16)-(6-11)-(4-5)-(2-3)-(0-1)],8.916854858398438e-05,0.021038055419921875,2,True,0
W|fII?_KGo`p?_?o_GGA@?WC?_G@oG?KK?A@??wG?@`_?Bd,[(20-22)-(18-19)-(15-23)-(13-14)-(12-21)-(9-10)-(8-17)-(7-16)-(6-11)-(4-5)-(2-3)-(0-1)],9.107589721679688e-05,0.03955245018005371,4,True,0
W|fII?_KGo`p?_?o_GGA@?WC?_G@oG?KK?A@??wG?@`_?Bd,[(20-23)-(18-19)-(15-22)-(14-21)-(12-13)-(9-10)-(8-17)-(7-16)-(6-11)-(4-5)-(2-3)-(0-1)],9.417533874511719e-05,0.0219419002532959,2,False,0
W|fII?_KGo`p?_?o_GGA@?WC?_G@oG?KK?A@??wG?@`_?Bd,[(20-23)-(18-19)-(15-22)-(14-21)-(12-13)-(9-10)-(8-17)-(7-16)-(6-11)-(4-5)-(2-3)-(0-1)],9.655952453613281e-05,0.0505068302154541,6,True,0
W|fII?_KGo`p?_?o_GGA@?WC?_G@oG?KK?A@??wG?@`_?Bd,[(20-22)-(18-19)-(15-23)-(14-21)-(12-13)-(9-10)-(8-17)-(7-16)-(6-11)-(4-5)-(2-3)-(0-1)],8.893013000488281e-05,0.06781005859375,7,True,0
W|fII?_KGo`p?_?o_GGA@?WC?_G@oG?KK?A@??wG?@`_?Bd,[(20-22)-(18-19)-(15-23)-(14-21)-(12-13)-(9-10)-(8-17)-(7-16)-(6-11)-(4-5)-(2-3)-(0-1)],9.465217590332031e-05,0.014323234558105469,1,True,0
W|fII?_KGo`p?_?o_GGA@?WC?_G@oG?KK?A@??wG?@`_?Bd,[(20-21)-(18-19)-(15-23)-(14-22)-(12-13)-(9-10)-(8-17)-(7-16)-(6-11)-(4-5)-(2-3)-(0-1)],9.036064147949219e-05,0.047786712646484375,5,True,0
W|fII?_KGo`p?_?o_GGA@?WC?_G@oG?KK?A@??wG?@`_?Bd,[(20-21)-(18-19)-(15-23)-(14-22)-(12-13)-(9-10)-(8-17)-(7-16)-(6-11)-(4-5)-(2-3)-(0-1)],9.489059448242188e-05,0.029526710510253906,3,True,0
W|fII?_KGo`p?_?o_GGA@?WC?_G@oG?KK?A@??wG?@`_?Bd,[(22-23)-(20-21)-(18-19)-(14-15)-(12-13)-(9-10)-(8-17)-(7-16)-(6-11)-(4-5)-(2-3)-(0-1)],9.298324584960938e-05,0.15836596488952637,26,False,0
W|fII?_KGo`p?_?o_GGA@?WC?_G@oG?KK?A@??wG?@`_?Bd,[(22-23)-(20-21)-(18-19)-(14-15)-(12-13)-(9-10)-(8-17)-(7-16)-(6-11)-(4-5)-(2-3)-(0-1)],9.441375732421875e-05,0.02066779136657715,2,True,0
W|fII?_KGo`p?_?o_GGA@?WC?_G@oG?KK?A@??wG?@`_?Bd,[(21-22)-(20-23)-(18-19)-(14-15)-(12-13)-(9-10)-(8-17)-(7-16)-(6-11)-(4-5)-(2-3)-(0-1)],9.202957153320312e-05,0.04909563064575195,5,False,0
W|fII?_KGo`p?_?o_GGA@?WC?_G@oG?KK?A@??wG?@`_?Bd,[(21-22)-(20-23)-(18-19)-(14-15)-(12-13)-(9-10)-(8-17)-(7-16)-(6-11)-(4-5)-(2-3)-(0-1)],9.417533874511719e-05,0.04852128028869629,5,True,0
W|fII?_KGo`@@`?__WGA@?OC@_G@GG@wC?B???[G??p_?@t,[(18-23)-(15-22)-(14-21)-(13-20)-(10-11)-(9-19)-(8-17)-(7-16)-(6-12)-(4-5)-(2-3)-(0-1)],9.250640869140625e-05,0.028474092483520508,3,True,0
W|fII?_KGo`@@`?__WGA@?OC@_G@GG@wC?B???[G??p_?@t,[(18-23)-(15-22)-(14-21)-(13-20)-(10-11)-(9-19)-(8-17)-(7-16)-(6-12)-(4-5)-(2-3)-(0-1)],9.560585021972656e-05,0.06915044784545898,15,False,0
W|fII?_KGo`@@`?__WGA@?OC@_G@GG@wC?B???[G??p_?@t,[(21-22)-(18-23)-(14-15)-(13-20)-(10-11)-(9-19)-(8-17)-(7-16)-(6-12)-(4-5)-(2-3)-(0-1)],9.059906005859375e-05,0.03828573226928711,4,True,0
W|fII?_KGo`@@`?__WGA@?OC@_G@GG@wC?B???[G??p_?@t,[(21-22)-(18-23)-(14-15)-(13-20)-(10-11)-(9-19)-(8-17)-(7-16)-(6-12)-(4-5)-(2-3)-(0-1)],9.465217590332031e-05,0.027514219284057617,3,True,0
W|fII?_KGo`@@`?__WGA@?OC@_G@GG@wC?B???[G??p_?@t,[(20-22)-(18-23)-(14-15)-(13-21)-(10-11)-(9-19)-(8-17)-(7-16)-(6-12)-(4-5)-(2-3)-(0-1)],0.0001087188720703125,0.12481570243835449,21,False,0
W|fII?_KGo`@@`?__WGA@?OC@_G@GG@wC?B???[G??p_?@t,[(20-22)-(18-23)-(14-15)-(13-21)-(10-11)-(9-19)-(8-17)-(7-16)-(6-12)-(4-5)-(2-3)-(0-1)],9.441375732421875e-05,0.053867340087890625,6,True,0
W|fII?_KGo`@@`?__WGA@?OC@_G@GG@wC?B???[G??p_?@t,[(20-22)-(18-23)-(15-21)-(13-14)-(10-11)-(9-19)-(8-17)-(7-16)-(6-12)-(4-5)-(2-3)-(0-1)],9.012222290039062e-05,0.03665351867675781,4,True,0
W|fII?_KGo`@@`?__WGA@?OC@_G@GG@wC?B???[G??p_?@t,[(20-22)-(18-23)-(15-21)-(13-14)-(10-11)-(9-19)-(8-17)-(7-16)-(6-12)-(4-5)-(2-3)-(0-1)],9.894371032714844e-05,0.04932403564453125,6,True,0
W|fII?_KGo`@@`?__WGA@?OC@_G@GG@wC?B???[G??p_?@t,[(20-21)-(18-23)-(15-22)-(13-14)-(10-11)-(9-19)-(8-17)-(7-16)-(6-12)-(4-5)-(2-3)-(0-1)],0.00011205673217773438,0.05665469169616699,7,True,0
W|fII?_KGo`@@`?__WGA@?OC@_G@GG@wC?B???[G??p_?@t,[(20-21)-(18-23)-(15-22)-(13-14)-(10-11)-(9-19)-(8-17)-(7-16)-(6-12)-(4-5)-(2-3)-(0-1)],9.5367431640625e-05,0.031235456466674805,3,True,0
W|fII?_KGo`@@`?__WGA@?OC@_G@GG@wC?B???[G??p_?@t,[(18-23)-(15-22)-(14-21)-(13-20)-(11-19)-(9-10)-(8-17)-(7-16)-(6-12)-(4-5)-(2-3)-(0-1)],9.226799011230469e-05,0.03403520584106445,4,True,0
W|fII?_KGo`@@`?__WGA@?OC@_G@GG@wC?B???[G??p_?@t,[(18-23)-(15-22)-(14-21)-(13-20)-(11-19)-(9-10)-(8-17)-(7-16)-(6-12)-(4-5)-(2-3)-(0-1)],9.560585021972656e-05,0.06510281562805176,8,False,0
W|fII?_KGo`@@`?__WGA@?OC@_G@GG@wC?B???[G??p_?@t,[(21-22)-(18-23)-(14-15)-(13-20)-(11-19)-(9-10)-(8-17)-(7-16)-(6-12)-(4-5)-(2-3)-(0-1)],9.012222290039062e-05,0.06886029243469238,15,False,0
W|fII?_KGo`@@`?__WGA@?OC@_G@GG@wC?B???[G??p_?@t,[(21-22)-(18-23)-(14-15)-(13-20)-(11-19)-(9-10)-(8-17)-(7-16)-(6-12)-(4-5)-(2-3)-(0-1)],9.369850158691406e-05,0.024266719818115234,2,False,0
W|fII?_KGo`@@`?__WGA@?OC@_G@GG@wC?B???[G??p_?@t,[(20-22)-(18-23)-(14-15)-(13-21)-(11-19)-(9-10)-(8-17)-(7-16)-(6-12)-(4-5)-(2-3)-(0-1)],9.417533874511719e-05,0.0835564136505127,17,False,0
W|fII?_KGo`@@`?__WGA@?OC@_G@GG@wC?B???[G??p_?@t,[(20-22)-(18-23)-(14-15)-(13-21)-(11-19)-(9-10)-(8-17)-(7-16)-(6-12)-(4-5)-(2-3)-(0-1)],9.417533874511719e-05,0.04978752136230469,5,False,0
W|fII?_KGo`@@`?__WGA@?OC@_G@GG@wC?B???[G??p_?@t,[(20-22)-(18-23)-(15-21)-(13-14)-(11-19)-(9-10)-(8-17)-(7-16)-(6-12)-(4-5)-(2-3)-(0-1)],9.202957153320312e-05,0.01607680320739746,1,True,0
W|fII?_KGo`@@`?__WGA@?OC@_G@GG@wC?B???[G??p_?@t,[(20-22)-(18-23)-(15-21)-(13-14)-(11-19)-(9-10)-(8-17)-(7-16)-(6-12)-(4-5)-(2-3)-(0-1)],9.489059448242188e-05,0.10336899757385254,12,False,0
W|fII?_KGo`@@`?__WGA@?OC@_G@GG@wC?B???[G??p_?@t,[(20-21)-(18-23)-(15-22)-(13-14)-(11-19)-(9-10)-(8-17)-(7-16)-(6-12)-(4-5)-(2-3)-(0-1)],9.250640869140625e-05,0.058850765228271484,7,True,0
W|fII?_KGo`@@`?__WGA@?OC@_G@GG@wC?B???[G??p_?@t,[(20-21)-(18-23)-(15-22)-(13-14)-(11-19)-(9-10)-(8-17)-(7-16)-(6-12)-(4-5)-(2-3)-(0-1)],0.00010085105895996094,0.05279898643493652,6,False,0
W|eIID?GH_b@B@@_?WGA@?WC?_G@_G?{??BB??[???w_??v,[(17-23)-(15-22)-(14-21)-(13-20)-(11-12)-(10-19)-(9-18)-(8-16)-(6-7)-(4-5)-(2-3)-(0-1)],9.1552734375e-05,0.023530244827270508,2,True,0
W|eIID?GH_b@B@@_?WGA@?WC?_G@_G?{??BB??[???w_??v,[(17-23)-(15-22)-(14-21)-(13-20)-(11-12)-(10-19)-(9-18)-(8-16)-(6-7)-(4-5)-(2-3)-(0-1)],9.679794311523438e-05,0.05768227577209473,5,False,0
W|eIID?GH_b@B@@_?WGA@?WC?_G@_G?{??BB??[???w_??v,[(21-23)-(17-22)-(14-15)-(13-20)-(11-12)-(10-19)-(9-18)-(8-16)-(6-7)-(4-5)-(2-3)-(0-1)],9.1552734375e-05,0.05756783485412598,13,False,0
W|eIID?GH_b@B@@_?WGA@?WC?_G@_G?{??BB??[???w_??v,[(21-23)-(17-22)-(14-15)-(13-20)-(11-12)-(10-19)-(9-18)-(8-16)-(6-7)-(4-5)-(2-3)-(0-1)],9.489059448242188e-05,0.0587458610534668,6,False,0
W|eIID?GH_b@B@@_?WGA@?WC?_G@_G?{??BB??[???w_??v,[(21-22)-(17-23)-(14-15)-(13-20)-(11-12)-(10-19)-(9-18)-(8-16)-(6-7)-(4-5)-(2-3)-(0-1)],9.036064147949219e-05,0.022797822952270508,2,True,0
W|eIID?GH_b@B@@_?WGA@?WC?_G@_G?{??BB??[???w_??v,[(21-22)-(17-23)-(14-15)-(13-20)-(11-12)-(10-19)-(9-18)-(8-16)-(6-7)-(4-5)-(2-3)-(0-1)],9.5367431640625e-05,0.03144216537475586,3,True,0
W|eIID?GH_b@B@@_?WGA@?WC?_G@_G?{??BB??[???w_??v,[(20-23)-(17-22)-(14-15)-(13-21)-(11-12)-(10-19)-(9-18)-(8-16)-(6-7)-(4-5)-(2-3)-(0-1)],9.179115295410156e-05,0.022809267044067383,2,True,0
W|eIID?GH_b@B@@_?WGA@?WC?_G@_G?{??BB??[???w_??v,[(20-23)-(17-22)-(14-15)-(13-21)-(11-12)-(10-19)-(9-18)-(8-16)-(6-7)-(4-5)-(2-3)-(0-1)],0.00010085105895996094,0.11757922172546387,20,False,0
W|eIID?GH_b@B@@_?WGA@?WC?_G@_G?{??BB??[???w_??v,[(20-23)-(17-22)-(15-21)-(13-14)-(11-12)-(10-19)-(9-18)-(8-16)-(6-7)-(4-5)-(2-3)-(0-1)],9.012222290039062e-05,0.05219125747680664,5,False,0
W|eIID?GH_b@B@@_?WGA@?WC?_G@_G?{??BB??[???w_??v,[(20-23)-(17-22)-(15-21)-(13-14)-(11-12)-(10-19)-(9-18)-(8-16)-(6-7)-(4-5)-(2-3)-(0-1)],9.489059448242188e-05,0.023009300231933594,2,True,0
W|eIID?GH_b@B@@_?WGA@?WC?_G@_G?{??BB??[???w_??v,[(17-23)-(15-22)-(14-21)-(13-20)-(12-19)-(10-11)-(9-18)-(8-16)-(6-7)-(4-5)-(2-3)-(0-1)],9.369850158691406e-05,0.0895082950592041,16,False,0
W|eIID?GH_b@B@@_?WGA@?WC?_G@_G?{??BB??[???w_??v,[(17-23)-(15-22)-(14-21)-(13-20)-(12-19)-(10-11)-(9-18)-(8-16)-(6-7)-(4-5)-(2-3)-(0-1)],9.274482727050781e-05,0.02379631996154785,2,True,0
W|eIID?GH_b@B@@_?WGA@?WC?_G@_G?{??BB??[???w_??v,[(21-23)-(17-22)-(14-15)-(13-20)-(12-19)-(10-11)-(9-18)-(8-16)-(6-7)-(4-5)-(2-3)-(0-1)],8.869171142578125e-05,0.07275128364562988,15,False,0
W|eIID?GH_b@B@@_?WGA@?WC?_G@_G?{??BB??[???w_??v,[(21-23)-(17-22)-(14-15)-(13-20)-(12-19)-(10-11)-(9-18)-(8-16)-(6-7)-(4-5)-(2-3)-(0-1)],9.369850158691406e-05,0.05646800994873047,6,True,0
W|eIID?GH_b@B@@_?WGA@?WC?_G@_G?{??BB??[???w_??v,[(21-22)-(17-23)-(14-15)-(13-20)-(12-19)-(10-11)-(9-18)-(8-16)-(6-7)-(4-5)-(2-3)-(0-1)],9.274482727050781e-05,0.02279210090637207,2,True,0
W|eIID?GH_b@B@@_?WGA@?WC?_G@_G?{??BB??[???w_??v,[(21-22)-(17-23)-(14-15)-(13-20)-(12-19)-(10-11)-(9-18)-(8-16)-(6-7)-(4-5)-(2-3)-(0-1)],9.512901306152344e-05,0.039273977279663086,4,True,0
W|eIID?GH_b@B@@_?WGA@?WC?_G@_G?{??BB??[???w_??v,[(20-23)-(17-22)-(14-15)-(13-21)-(12-19)-(10-11)-(9-18)-(8-16)-(6-7)-(4-5)-(2-3)-(0-1)],9.131431579589844e-05,0.03066277503967285,3,True,0
W|eIID?GH_b@B@@_?WGA@?WC?_G@_G?{??BB??[???w_??v,[(20-23)-(17-22)-(14-15)-(13-21)-(12-19)-(10-11)-(9-18)-(8-16)-(6-7)-(4-5)-(2-3)-(0-1)],9.417533874511719e-05,0.05966067314147949,6,True,0
W|eIID?GH_b@B@@_?WGA@?WC?_G@_G?{??BB??[???w_??v,[(20-23)-(17-22)-(15-21)-(13-14)-(12-19)-(10-11)-(9-18)-(8-16)-(6-7)-(4-5)-(2-3)-(0-1)],9.083747863769531e-05,0.02336430549621582,2,True,0
W|eIID?GH_b@B@@_?WGA@?WC?_G@_G?{??BB??[???w_??v,[(20-23)-(17-22)-(15-21)-(13-14)-(12-19)-(10-11)-(9-18)-(8-16)-(6-7)-(4-5)-(2-3)-(0-1)],9.34600830078125e-05,0.04858756065368652,5,True,0
W|eII@@GH_b@B@@__OGE@?OC@_G@_G?wC?AB??WG?@o_?@f,[(20-23)-(15-22)-(14-21)-(11-12)-(10-19)-(9-18)-(8-17)-(7-16)-(6-13)-(4-5)-(2-3)-(0-1)],9.965896606445312e-05,0.011585712432861328,1,True,0
W|eII@@GH_b@B@@__OGE@?OC@_G@_G?wC?AB??WG?@o_?@f,[(20-23)-(15-22)-(14-21)-(11-12)-(10-19)-(9-18)-(8-17)-(7-16)-(6-13)-(4-5)-(2-3)-(0-1)],0.0001246929168701172,0.051810264587402344,5,True,0
W|eII@@GH_b@B@@__OGE@?OC@_G@_G?wC?AB??WG?@o_?@f,[(22-23)-(20-21)-(14-15)-(11-12)-(10-19)-(9-18)-(8-17)-(7-16)-(6-13)-(4-5)-(2-3)-(0-1)],9.179115295410156e-05,0.02270054817199707,2,True,0
W|eII@@GH_b@B@@__OGE@?OC@_G@_G?wC?AB??WG?@o_?@f,[(22-23)-(20-21)-(14-15)-(11-12)-(10-19)-(9-18)-(8-17)-(7-16)-(6-13)-(4-5)-(2-3)-(0-1)],9.417533874511719e-05,0.051433563232421875,5,True,0
W|eII@@GH_b@B@@__OGE@?OC@_G@_G?wC?AB??WG?@o_?@f,[(21-22)-(20-23)-(14-15)-(11-12)-(10-19)-(9-18)-(8-17)-(7-16)-(6-13)-(4-5)-(2-3)-(0-1)],8.96453857421875e-05,0.022966623306274414,2,True,0
W|eII@@GH_b@B@@__OGE@?OC@_G@_G?wC?AB??WG?@o_?@f,[(21-22)-(20-23)-(14-15)-(11-12)-(10-19)-(9-18)-(8-17)-(7-16)-(6-13)-(4-5)-(2-3)-(0-1)],9.655952453613281e-05,0.04273390769958496,4,False,0
W|eII@@GH_b@B@@__OGE@?OC@_G@_G?wC?AB??WG?@o_?@f,[(20-23)-(18-19)-(15-22)-(14-21)-(11-12)-(9-10)-(8-17)-(7-16)-(6-13)-(4-5)-(2-3)-(0-1)],9.393692016601562e-05,0.022436857223510742,2,True,0
W|eII@@GH_b@B@@__OGE@?OC@_G@_G?wC?AB??WG?@o_?@f,[(20-23)-(18-19)-(15-22)-(14-21)-(11-12)-(9-10)-(8-17)-(7-16)-(6-13)-(4-5)-(2-3)-(0-1)],9.751319885253906e-05,0.10254120826721191,19,False,0
W|eII@@GH_b@B@@__OGE@?OC@_G@_G?wC?AB??WG?@o_?@f,[(22-23)-(20-21)-(18-19)-(14-15)-(11-12)-(9-10)-(8-17)-(7-16)-(6-13)-(4-5)-(2-3)-(0-1)],9.1552734375e-05,0.043239593505859375,5,True,0
W|eII@@GH_b@B@@__OGE@?OC@_G@_G?wC?AB??WG?@o_?@f,[(22-23)-(20-21)-(18-19)-(14-15)-(11-12)-(9-10)-(8-17)-(7-16)-(6-13)-(4-5)-(2-3)-(0-1)],9.799003601074219e-05,0.10990381240844727,19,False,0
W|eII@@GH_b@B@@__OGE@?OC@_G@_G?wC?AB??WG?@o_?@f,[(21-22)-(20-23)-(18-19)-(14-15)-(11-12)-(9-10)-(8-17)-(7-16)-(6-13)-(4-5)-(2-3)-(0-1)],9.059906005859375e-05,0.03794217109680176,4,True,0
W|eII@@GH_b@B@@__OGE@?OC@_G@_G?wC?AB??WG?@o_?@f,[(21-22)-(20-23)-(18-19)-(14-15)-(11-12)-(9-10)-(8-17)-(7-16)-(6-13)-(4-5)-(2-3)-(0-1)],9.72747802734375e-05,0.07632827758789062,16,False,0
W|eII@@GH_b@B@@__OGE@?OC@_G@_G?wC?AB??WG?@o_?@f,[(17-23)-(15-22)-(14-21)-(12-20)-(10-11)-(9-19)-(8-18)-(7-16)-(6-13)-(4-5)-(2-3)-(0-1)],9.012222290039062e-05,0.030796051025390625,3,True,0
W|eII@@GH_b@B@@__OGE@?OC@_G@_G?wC?AB??WG?@o_?@f,[(17-23)-(15-22)-(14-21)-(12-20)-(10-11)-(9-19)-(8-18)-(7-16)-(6-13)-(4-5)-(2-3)-(0-1)],9.34600830078125e-05,0.0546727180480957,6,True,0
W|eII@@GH_b@B@@__OGE@?OC@_G@_G?wC?AB??WG?@o_?@f,[(21-22)-(17-23)-(14-15)-(12-20)-(10-11)-(9-19)-(8-18)-(7-16)-(6-13)-(4-5)-(2-3)-(0-1)],8.988380432128906e-05,0.02325153350830078,2,True,0
W|eII@@GH_b@B@@__OGE@?OC@_G@_G?wC?AB??WG?@o_?@f,[(21-22)-(17-23)-(14-15)-(12-20)-(10-11)-(9-19)-(8-18)-(7-16)-(6-13)-(4-5)-(2-3)-(0-1)],9.369850158691406e-05,0.05535006523132324,6,True,0
W|eII@@GH_b@B@@__OGE@?OC@_G@_G?wC?AB??WG?@o_?@f,[(17-23)-(15-22)-(14-21)-(12-20)-(11-19)-(9-10)-(8-18)-(7-16)-(6-13)-(4-5)-(2-3)-(0-1)],9.298324584960938e-05,0.04325127601623535,5,True,0
W|eII@@GH_b@B@@__OGE@?OC@_G@_G?wC?AB??WG?@o_?@f,[(17-23)-(15-22)-(14-21)-(12-20)-(11-19)-(9-10)-(8-18)-(7-16)-(6-13)-(4-5)-(2-3)-(0-1)],9.465217590332031e-05,0.04669046401977539,5,True,0
W|eII@@GH_b@B@@__OGE@?OC@_G@_G?wC?AB??WG?@o_?@f,[(21-22)-(17-23)-(14-15)-(12-20)-(11-19)-(9-10)-(8-18)-(7-16)-(6-13)-(4-5)-(2-3)-(0-1)],9.036064147949219e-05,0.04701733589172363,5,True,0
W|eII@@GH_b@B@@__OGE@?OC@_G@_G?wC?AB??WG?@o_?@f,[(21-22)-(17-23)-(14-15)-(12-20)-(11-19)-(9-10)-(8-18)-(7-16)-(6-13)-(4-5)-(2-3)-(0-1)],9.655952453613281e-05,0.048300981521606445,5,True,0
W|fIBCpEGW_`?_?__]G?W?@C?EG?CG?EC?@P??EG??[_??^,[(22-23)-(20-21)-(18-19)-(15-16)-(13-14)-(12-17)-(10-11)-(8-9)-(6-7)-(4-5)-(2-3)-(0-1)],9.655952453613281e-05,0.07217884063720703,7,True,0
W|fIBCpEGW_`?_?__]G?W?@C?EG?CG?EC?@P??EG??[_??^,[(22-23)-(20-21)-(18-19)-(15-16)-(13-14)-(12-17)-(10-11)-(8-9)-(6-7)-(4-5)-(2-3)-(0-1)],9.369850158691406e-05,0.046198368072509766,5,False,0
W|fIBCpEGW_`?_?__]G?W?@C?EG?CG?EC?@P??EG??[_??^,[(21-22)-(20-23)-(18-19)-(15-16)-(13-14)-(12-17)-(10-11)-(8-9)-(6-7)-(4-5)-(2-3)-(0-1)],8.845329284667969e-05,0.04804635047912598,5,True,0
W|fIBCpEGW_`?_?__]G?W?@C?EG?CG?EC?@P??EG??[_??^,[(21-22)-(20-23)-(18-19)-(15-16)-(13-14)-(12-17)-(10-11)-(8-9)-(6-7)-(4-5)-(2-3)-(0-1)],9.870529174804688e-05,0.08457756042480469,14,False,0
W|fIBCpEGW_`?_?__]G?W?@C?EG?CG?EC?@P??EG??[_??^,[(21-23)-(19-20)-(18-22)-(15-16)-(13-14)-(12-17)-(10-11)-(8-9)-(6-7)-(4-5)-(2-3)-(0-1)],9.179115295410156e-05,0.056502342224121094,7,True,0
W|fIBCpEGW_`?_?__]G?W?@C?EG?CG?EC?@P??EG??[_??^,[(21-23)-(19-20)-(18-22)-(15-16)-(13-14)-(12-17)-(10-11)-(8-9)-(6-7)-(4-5)-(2-3)-(0-1)],9.465217590332031e-05,0.050893306732177734,5,True,0
W|fIBCpEGW_`?_?__]G?W?@C?EG?CG?EC?@P??EG??[_??^,[(20-21)-(19-23)-(18-22)-(15-16)-(13-14)-(12-17)-(10-11)-(8-9)-(6-7)-(4-5)-(2-3)-(0-1)],9.5367431640625e-05,0.031991004943847656,3,False,0
W|fIBCpEGW_`?_?__]G?W?@C?EG?CG?EC?@P??EG??[_??^,[(20-21)-(19-23)-(18-22)-(15-16)-(13-14)-(12-17)-(10-11)-(8-9)-(6-7)-(4-5)-(2-3)-(0-1)],9.584426879882812e-05,0.05216670036315918,5,False,0
W|fIBCpEGW_`?_?__]G?W?@C?EG?CG?EC?@P??EG??[_??^,[(21-22)-(19-20)-(18-23)-(15-16)-(13-14)-(12-17)-(10-11)-(8-9)-(6-7)-(4-5)-(2-3)-(0-1)],9.131431579589844e-05,0.03812885284423828,4,True,0
W|fIBCpEGW_`?_?__]G?W?@C?EG?CG?EC?@P??EG??[_??^,[(21-22)-(19-20)-(18-23)-(15-16)-(13-14)-(12-17)-(10-11)-(8-9)-(6-7)-(4-5)-(2-3)-(0-1)],9.632110595703125e-05,0.12268185615539551,20,False,0
W|fIBCpEGW_`?_?__]G?W?@C?EG?CG?EC?@P??EG??[_??^,[(22-23)-(18-19)-(16-21)-(15-20)-(13-14)-(12-17)-(10-11)-(8-9)-(6-7)-(4-5)-(2-3)-(0-1)],8.845329284667969e-05,0.04874253273010254,5,True,0
W|fIBCpEGW_`?_?__]G?W?@C?EG?CG?EC?@P??EG??[_??^,[(22-23)-(18-19)-(16-21)-(15-20)-(13-14)-(12-17)-(10-11)-(8-9)-(6-7)-(4-5)-(2-3)-(0-1)],0.00010657310485839844,0.028601646423339844,3,True,0
W|fIBCpEGW_`?_?__]G?W?@C?EG?CG?EC?@P??EG??[_??^,[(19-23)-(18-22)-(16-21)-(15-20)-(13-14)-(12-17)-(10-11)-(8-9)-(6-7)-(4-5)-(2-3)-(0-1)],9.512901306152344e-05,0.028573989868164062,3,True,0
W|fIBCpEGW_`?_?__]G?W?@C?EG?CG?EC?@P??EG??[_??^,[(19-23)-(18-22)-(16-21)-(15-20)-(13-14)-(12-17)-(10-11)-(8-9)-(6-7)-(4-5)-(2-3)-(0-1)],9.131431579589844e-05,0.0592191219329834,6,True,0
W|fIBCpEGW_`?_?__]G?W?@C?EG?CG?EC?@P??EG??[_??^,[(21-23)-(18-19)-(16-22)-(15-20)-(13-14)-(12-17)-(10-11)-(8-9)-(6-7)-(4-5)-(2-3)-(0-1)],9.393692016601562e-05,0.05159783363342285,5,True,0
W|fIBCpEGW_`?_?__]G?W?@C?EG?CG?EC?@P??EG??[_??^,[(21-23)-(18-19)-(16-22)-(15-20)-(13-14)-(12-17)-(10-11)-(8-9)-(6-7)-(4-5)-(2-3)-(0-1)],9.441375732421875e-05,0.02081298828125,2,True,0
W|fIBCpEGW_`?_?__]G?W?@C?EG?CG?EC?@P??EG??[_??^,[(20-23)-(18-19)-(16-22)-(15-21)-(13-14)-(12-17)-(10-11)-(8-9)-(6-7)-(4-5)-(2-3)-(0-1)],9.012222290039062e-05,0.03970956802368164,4,True,0
W|fIBCpEGW_`?_?__]G?W?@C?EG?CG?EC?@P??EG??[_??^,[(20-23)-(18-19)-(16-22)-(15-21)-(13-14)-(12-17)-(10-11)-(8-9)-(6-7)-(4-5)-(2-3)-(0-1)],9.393692016601562e-05,0.0559239387512207,6,True,0
W|fIBCpEGW_`?_?__]G?W?@C?EG?CG?EC?@P??EG??[_??^,[(19-20)-(18-23)-(16-22)-(15-21)-(13-14)-(12-17)-(10-11)-(8-9)-(6-7)-(4-5)-(2-3)-(0-1)],8.869171142578125e-05,0.06703734397888184,14,False,0
W|fIBCpEGW_`?_?__]G?W?@C?EG?CG?EC?@P??EG??[_??^,[(19-20)-(18-23)-(16-22)-(15-21)-(13-14)-(12-17)-(10-11)-(8-9)-(6-7)-(4-5)-(2-3)-(0-1)],0.00010037422180175781,0.087860107421875,16,False,0
W|fIBCpEGO_`@_?a?^??I?@C?EG?CG?EC?@P??EG??[_??^,[(21-23)-(18-22)-(15-20)-(13-19)-(12-17)-(11-16)-(10-14)-(8-9)-(6-7)-(4-5)-(2-3)-(0-1)],9.012222290039062e-05,0.10374855995178223,18,False,0
W|fIBCpEGO_`@_?a?^??I?@C?EG?CG?EC?@P??EG??[_??^,[(21-23)-(18-22)-(15-20)-(13-19)-(12-17)-(11-16)-(10-14)-(8-9)-(6-7)-(4-5)-(2-3)-(0-1)],9.441375732421875e-05,0.07424330711364746,15,False,0
W|fIBCpEGO_`@_?a?^??I?@C?EG?CG?EC?@P??EG??[_??^,[(21-22)-(18-23)-(15-20)-(13-19)-(12-17)-(11-16)-(10-14)-(8-9)-(6-7)-(4-5)-(2-3)-(0-1)],8.916854858398438e-05,0.10194802284240723,18,False,0
W|fIBCpEGO_`@_?a?^??I?@C?EG?CG?EC?@P??EG??[_??^,[(21-22)-(18-23)-(15-20)-(13-19)-(12-17)-(11-16)-(10-14)-(8-9)-(6-7)-(4-5)-(2-3)-(0-1)],9.584426879882812e-05,0.06672501564025879,15,False,0
W|fIBCpEGO_`@_?a?^??I?@C?EG?CG?EC?@P??EG??[_??^,[(20-23)-(18-22)-(15-21)-(13-19)-(12-17)-(11-16)-(10-14)-(8-9)-(6-7)-(4-5)-(2-3)-(0-1)],8.869171142578125e-05,0.05009722709655762,5,False,0
W|fIBCpEGO_`@_?a?^??I?@C?EG?CG?EC?@P??EG??[_??^,[(20-23)-(18-22)-(15-21)-(13-19)-(12-17)-(11-16)-(10-14)-(8-9)-(6-7)-(4-5)-(2-3)-(0-1)],9.560585021972656e-05,0.0753486156463623,15,False,0
W|fIBCpEGO_`@_?a?^??I?@C?EG?CG?EC?@P??EG??[_??^,[(22-23)-(18-19)-(15-21)-(13-20)-(12-17)-(11-16)-(10-14)-(8-9)-(6-7)-(4-5)-(2-3)-(0-1)],8.988380432128906e-05,0.07537531852722168,15,False,0
W|fIBCpEGO_`@_?a?^??I?@C?EG?CG?EC?@P??EG??[_??^,[(22-23)-(18-19)-(15-21)-(13-20)-(12-17)-(11-16)-(10-14)-(8-9)-(6-7)-(4-5)-(2-3)-(0-1)],9.870529174804688e-05,0.03894829750061035,4,True,0
W|fIBCpEGO_`@_?a?^??I?@C?EG?CG?EC?@P??EG??[_??^,[(19-23)-(18-22)-(15-21)-(13-20)-(12-17)-(11-16)-(10-14)-(8-9)-(6-7)-(4-5)-(2-3)-(0-1)],9.012222290039062e-05,0.04294586181640625,4,False,0
W|fIBCpEGO_`@_?a?^??I?@C?EG?CG?EC?@P??EG??[_??^,[(19-23)-(18-22)-(15-21)-(13-20)-(12-17)-(11-16)-(10-14)-(8-9)-(6-7)-(4-5)-(2-3)-(0-1)],9.584426879882812e-05,0.022926807403564453,2,False,0
W|fIBCpEGO_`@_?a?^??I?@C?EG?CG?EC?@P??EG??[_??^,[(22-23)-(20-21)-(18-19)-(13-15)-(12-17)-(11-16)-(10-14)-(8-9)-(6-7)-(4-5)-(2-3)-(0-1)],9.083747863769531e-05,0.021335124969482422,2,True,0
W|fIBCpEGO_`@_?a?^??I?@C?EG?CG?EC?@P??EG??[_??^,[(22-23)-(20-21)-(18-19)-(13-15)-(12-17)-(11-16)-(10-14)-(8-9)-(6-7)-(4-5)-(2-3)-(0-1)],9.560585021972656e-05,0.0425419807434082,4,False,0
W|fIBCpEGO_`@_?a?^??I?@C?EG?CG?EC?@P??EG??[_??^,[(21-22)-(20-23)-(18-19)-(13-15)-(12-17)-(11-16)-(10-14)-(8-9)-(6-7)-(4-5)-(2-3)-(0-1)],9.226799011230469e-05,0.029440879821777344,3,True,0
W|fIBCpEGO_`@_?a?^??I?@C?EG?CG?EC?@P??EG??[_??^,[(21-22)-(20-23)-(18-19)-(13-15)-(12-17)-(11-16)-(10-14)-(8-9)-(6-7)-(4-5)-(2-3)-(0-1)],9.489059448242188e-05,0.04908037185668945,5,True,0
W|fIBCpEGO_`@_?a?^??I?@C?EG?CG?EC?@P??EG??[_??^,[(21-23)-(19-20)-(18-22)-(13-15)-(12-17)-(11-16)-(10-14)-(8-9)-(6-7)-(4-5)-(2-3)-(0-1)],0.00010323524475097656,0.020866870880126953,2,True,0
W|fIBCpEGO_`@_?a?^??I?@C?EG?CG?EC?@P??EG??[_??^,[(21-23)-(19-20)-(18-22)-(13-15)-(12-17)-(11-16)-(10-14)-(8-9)-(6-7)-(4-5)-(2-3)-(0-1)],9.107589721679688e-05,0.05136370658874512,5,True,0
W|fIBCpEGO_`@_?a?^??I?@C?EG?CG?EC?@P??EG??[_??^,[(20-21)-(19-23)-(18-22)-(13-15)-(12-17)-(11-16)-(10-14)-(8-9)-(6-7)-(4-5)-(2-3)-(0-1)],9.059906005859375e-05,0.04123044013977051,5,True,0
W|fIBCpEGO_`@_?a?^??I?@C?EG?CG?EC?@P??EG??[_??^,[(20-21)-(19-23)-(18-22)-(13-15)-(12-17)-(11-16)-(10-14)-(8-9)-(6-7)-(4-5)-(2-3)-(0-1)],9.465217590332031e-05,0.05218863487243652,5,True,0
W|fIBCpEGO_`@_?a?^??I?@C?EG?CG?EC?@P??EG??[_??^,[(21-22)-(19-20)-(18-23)-(13-15)-(12-17)-(11-16)-(10-14)-(8-9)-(6-7)-(4-5)-(2-3)-(0-1)],0.00010323524475097656,0.020998477935791016,2,True,0
W|fIBCpEGO_`@_?a?^??I?@C?EG?CG?EC?@P??EG??[_??^,[(21-22)-(19-20)-(18-23)-(13-15)-(12-17)-(11-16)-(10-14)-(8-9)-(6-7)-(4-5)-(2-3)-(0-1)],9.393692016601562e-05,0.0491940975189209,5,True,0
W|eIID_KGo`_@`?__GGA@?WC?wG?WG?M??@`??KG??s_??^,[(22-23)-(15-21)-(14-20)-(12-13)-(11-19)-(10-18)-(9-17)-(8-16)-(6-7)-(4-5)-(2-3)-(0-1)],9.34600830078125e-05,0.10369014739990234,17,False,0
W|eIID_KGo`_@`?__GGA@?WC?wG?WG?M??@`??KG??s_??^,[(22-23)-(15-21)-(14-20)-(12-13)-(11-19)-(10-18)-(9-17)-(8-16)-(6-7)-(4-5)-(2-3)-(0-1)],8.916854858398438e-05,0.07813310623168945,13,False,0
W|eIID_KGo`_@`?__GGA@?WC?wG?WG?M??@`??KG??s_??^,[(21-23)-(15-22)-(14-20)-(12-13)-(11-19)-(10-18)-(9-17)-(8-16)-(6-7)-(4-5)-(2-3)-(0-1)],9.083747863769531e-05,0.08141326904296875,17,False,0
W|eIID_KGo`_@`?__GGA@?WC?wG?WG?M??@`??KG??s_??^,[(21-23)-(15-22)-(14-20)-(12-13)-(11-19)-(10-18)-(9-17)-(8-16)-(6-7)-(4-5)-(2-3)-(0-1)],9.012222290039062e-05,0.04059910774230957,4,False,0
W|eIID_KGo`_@`?__GGA@?WC?wG?WG?M??@`??KG??s_??^,[(20-23)-(15-22)-(14-21)-(12-13)-(11-19)-(10-18)-(9-17)-(8-16)-(6-7)-(4-5)-(2-3)-(0-1)],9.179115295410156e-05,0.02164292335510254,2,False,0
W|eIID_KGo`_@`?__GGA@?WC?wG?WG?M??@`??KG??s_??^,[(20-23)-(15-22)-(14-21)-(12-13)-(11-19)-(10-18)-(9-17)-(8-16)-(6-7)-(4-5)-(2-3)-(0-1)],9.179115295410156e-05,0.055829524993896484,6,False,0
W|eIID_KGo`_@`?__GGA@?WC?wG?WG?M??@`??KG??s_??^,[(22-23)-(20-21)-(14-15)-(12-13)-(11-19)-(10-18)-(9-17)-(8-16)-(6-7)-(4-5)-(2-3)-(0-1)],9.012222290039062e-05,0.04625248908996582,5,True,0
W|eIID_KGo`_@`?__GGA@?WC?wG?WG?M??@`??KG??s_??^,[(22-23)-(20-21)-(14-15)-(12-13)-(11-19)-(10-18)-(9-17)-(8-16)-(6-7)-(4-5)-(2-3)-(0-1)],9.417533874511719e-05,0.06261324882507324,6,True,0
W|eIID_KGo`_@`?__GGA@?WC?wG?WG?M??@`??KG??s_??^,[(21-22)-(20-23)-(14-15)-(12-13)-(11-19)-(10-18)-(9-17)-(8-16)-(6-7)-(4-5)-(2-3)-(0-1)],9.012222290039062e-05,0.02091526985168457,2,True,0
W|eIID_KGo`_@`?__GGA@?WC?wG?WG?M??@`??KG??s_??^,[(21-22)-(20-23)-(14-15)-(12-13)-(11-19)-(10-18)-(9-17)-(8-16)-(6-7)-(4-5)-(2-3)-(0-1)],9.179115295410156e-05,0.07801961898803711,9,True,0
W|eIID_KGo`_@`?__GGA@?WC?wG?WG?M??@`??KG??s_??^,[(22-23)-(15-21)-(14-20)-(13-19)-(11-12)-(10-18)-(9-17)-(8-16)-(6-7)-(4-5)-(2-3)-(0-1)],9.441375732421875e-05,0.06930804252624512,8,True,0
W|eIID_KGo`_@`?__GGA@?WC?wG?WG?M??@`??KG??s_??^,[(22-23)-(15-21)-(14-20)-(13-19)-(11-12)-(10-18)-(9-17)-(8-16)-(6-7)-(4-5)-(2-3)-(0-1)],0.00011181831359863281,0.08111000061035156,16,False,0
W|eIID_KGo`_@`?__GGA@?WC?wG?WG?M??@`??KG??s_??^,[(21-23)-(15-22)-(14-20)-(13-19)-(11-12)-(10-18)-(9-17)-(8-16)-(6-7)-(4-5)-(2-3)-(0-1)],8.940696716308594e-05,0.07785344123840332,16,False,0
W|eIID_KGo`_@`?__GGA@?WC?wG?WG?M??@`??KG??s_??^,[(21-23)-(15-22)-(14-20)-(13-19)-(11-12)-(10-18)-(9-17)-(8-16)-(6-7)-(4-5)-(2-3)-(0-1)],9.226799011230469e-05,0.03736448287963867,4,True,0
W|eIID_KGo`_@`?__GGA@?WC?wG?WG?M??@`??KG??s_??^,[(20-23)-(15-22)-(14-21)-(13-19)-(11-12)-(10-18)-(9-17)-(8-16)-(6-7)-(4-5)-(2-3)-(0-1)],9.34600830078125e-05,0.021884918212890625,2,False,0
W|eIID_KGo`_@`?__GGA@?WC?wG?WG?M??@`??KG??s_??^,[(20-23)-(15-22)-(14-21)-(13-19)-(11-12)-(10-18)-(9-17)-(8-16)-(6-7)-(4-5)-(2-3)-(0-1)],9.012222290039062e-05,0.042943716049194336,4,False,0
W|eIID_KGo`_@`?__GGA@?WC?wG?WG?M??@`??KG??s_??^,[(22-23)-(20-21)-(14-15)-(13-19)-(11-12)-(10-18)-(9-17)-(8-16)-(6-7)-(4-5)-(2-3)-(0-1)],8.940696716308594e-05,0.08036947250366211,16,False,0
W|eIID_KGo`_@`?__GGA@?WC?wG?WG?M??@`??KG??s_??^,[(22-23)-(20-21)-(14-15)-(13-19)-(11-12)-(10-18)-(9-17)-(8-16)-(6-7)-(4-5)-(2-3)-(0-1)],9.655952453613281e-05,0.07487320899963379,7,False,0
W|eIID_KGo`_@`?__GGA@?WC?wG?WG?M??@`??KG??s_??^,[(21-22)-(20-23)-(14-15)-(13-19)-(11-12)-(10-18)-(9-17)-(8-16)-(6-7)-(4-5)-(2-3)-(0-1)],8.821487426757812e-05,0.020839691162109375,2,True,0
W|eIID_KGo`_@`?__GGA@?WC?wG?WG?M??@`??KG??s_??^,[(21-22)-(20-23)-(14-15)-(13-19)-(11-12)-(10-18)-(9-17)-(8-16)-(6-7)-(4-5)-(2-3)-(0-1)],9.179115295410156e-05,0.07402586936950684,9,True,0
W|fIIC`GG_b@B@?__W?B@?GC?OG?oG?]C?@E??WG?@o_?@f,[(20-23)-(15-22)-(14-21)-(12-13)-(11-19)-(10-18)-(9-17)-(8-16)-(6-7)-(4-5)-(2-3)-(0-1)],9.560585021972656e-05,0.05589938163757324,13,False,0
W|fIIC`GG_b@B@?__W?B@?GC?OG?oG?]C?@E??WG?@o_?@f,[(20-23)-(15-22)-(14-21)-(12-13)-(11-19)-(10-18)-(9-17)-(8-16)-(6-7)-(4-5)-(2-3)-(0-1)],9.226799011230469e-05,0.05186271667480469,5,False,0
W|fIIC`GG_b@B@?__W?B@?GC?OG?oG?]C?@E??WG?@o_?@f,[(22-23)-(20-21)-(14-15)-(12-13)-(11-19)-(10-18)-(9-17)-(8-16)-(6-7)-(4-5)-(2-3)-(0-1)],9.1552734375e-05,0.022004365921020508,2,True,0
W|fIIC`GG_b@B@?__W?B@?GC?OG?oG?]C?@E??WG?@o_?@f,[(22-23)-(20-21)-(14-15)-(12-13)-(11-19)-(10-18)-(9-17)-(8-16)-(6-7)-(4-5)-(2-3)-(0-1)],9.72747802734375e-05,0.07051563262939453,15,False,0
W|fIIC`GG_b@B@?__W?B@?GC?OG?oG?]C?@E??WG?@o_?@f,[(21-22)-(20-23)-(14-15)-(12-13)-(11-19)-(10-18)-(9-17)-(8-16)-(6-7)-(4-5)-(2-3)-(0-1)],9.1552734375e-05,0.021133899688720703,2,True,0
W|fIIC`GG_b@B@?__W?B@?GC?OG?oG?]C?@E??WG?@o_?@f,[(21-22)-(20-23)-(14-15)-(12-13)-(11-19)-(10-18)-(9-17)-(8-16)-(6-7)-(4-5)-(2-3)-(0-1)],9.441375732421875e-05,0.0730743408203125,16,False,0
W|fIIC`GG_b@B@?__W?B@?GC?OG?oG?]C?@E??WG?@o_?@f,[(20-23)-(15-22)-(14-21)-(13-19)-(11-12)-(10-18)-(9-17)-(8-16)-(6-7)-(4-5)-(2-3)-(0-1)],9.012222290039062e-05,0.03605389595031738,4,True,0
W|fIIC`GG_b@B@?__W?B@?GC?OG?oG?]C?@E??WG?@o_?@f,[(20-23)-(15-22)-(14-21)-(13-19)-(11-12)-(10-18)-(9-17)-(8-16)-(6-7)-(4-5)-(2-3)-(0-1)],9.393692016601562e-05,0.021472692489624023,2,True,0
W|fIIC`GG_b@B@?__W?B@?GC?OG?oG?]C?@E??WG?@o_?@f,[(22-23)-(20-21)-(14-15)-(13-19)-(11-12)-(10-18)-(9-17)-(8-16)-(6-7)-(4-5)-(2-3)-(0-1)],9.226799011230469e-05,0.029981374740600586,3,True,0
W|fIIC`GG_b@B@?__W?B@?GC?OG?oG?]C?@E??WG?@o_?@f,[(22-23)-(20-21)-(14-15)-(13-19)-(11-12)-(10-18)-(9-17)-(8-16)-(6-7)-(4-5)-(2-3)-(0-1)],9.5367431640625e-05,0.0637505054473877,14,False,0
W|fIIC`GG_b@B@?__W?B@?GC?OG?oG?]C?@E??WG?@o_?@f,[(21-22)-(20-23)-(14-15)-(13-19)-(11-12)-(10-18)-(9-17)-(8-16)-(6-7)-(4-5)-(2-3)-(0-1)],9.322166442871094e-05,0.029911518096923828,3,True,0
W|fIIC`GG_b@B@?__W?B@?GC?OG?oG?]C?@E??WG?@o_?@f,[(21-22)-(20-23)-(14-15)-(13-19)-(11-12)-(10-18)-(9-17)-(8-16)-(6-7)-(4-5)-(2-3)-(0-1)],9.5367431640625e-05,0.06345820426940918,14,False,0
W|fIIC`GG_b@B@?__W?B@?GC?OG?oG?]C?@E??WG?@o_?@f,[(22-23)-(18-20)-(14-15)-(13-21)-(11-12)-(10-19)-(9-17)-(8-16)-(6-7)-(4-5)-(2-3)-(0-1)],9.012222290039062e-05,0.03840160369873047,4,True,0
W|fIIC`GG_b@B@?__W?B@?GC?OG?oG?]C?@E??WG?@o_?@f,[(22-23)-(18-20)-(14-15)-(13-21)-(11-12)-(10-19)-(9-17)-(8-16)-(6-7)-(4-5)-(2-3)-(0-1)],9.679794311523438e-05,0.048819780349731445,5,True,0
W|fIIC`GG_b@B@?__W?B@?GC?OG?oG?]C?@E??WG?@o_?@f,[(22-23)-(18-20)-(14-15)-(13-21)-(12-19)-(10-11)-(9-17)-(8-16)-(6-7)-(4-5)-(2-3)-(0-1)],9.250640869140625e-05,0.028926372528076172,3,True,0
W|fIIC`GG_b@B@?__W?B@?GC?OG?oG?]C?@E??WG?@o_?@f,[(22-23)-(18-20)-(14-15)-(13-21)-(12-19)-(10-11)-(9-17)-(8-16)-(6-7)-(4-5)-(2-3)-(0-1)],9.417533874511719e-05,0.04008626937866211,4,False,0
W|fIIC`GG_b@B@?__W?B@?GC?OG?oG?]C?@E??WG?@o_?@f,[(20-23)-(18-19)-(15-22)-(14-21)-(12-13)-(10-11)-(9-17)-(8-16)-(6-7)-(4-5)-(2-3)-(0-1)],8.940696716308594e-05,0.0205533504486084,2,True,0
W|fIIC`GG_b@B@?__W?B@?GC?OG?oG?]C?@E??WG?@o_?@f,[(20-23)-(18-19)-(15-22)-(14-21)-(12-13)-(10-11)-(9-17)-(8-16)-(6-7)-(4-5)-(2-3)-(0-1)],9.655952453613281e-05,0.03715157508850098,4,True,0
W|fIIC`GG_b@B@?__W?B@?GC?OG?oG?]C?@E??WG?@o_?@f,[(22-23)-(20-21)-(18-19)-(14-15)-(12-13)-(10-11)-(9-17)-(8-16)-(6-7)-(4-5)-(2-3)-(0-1)],8.940696716308594e-05,0.028978586196899414,3,True,0
W|fIIC`GG_b@B@?__W?B@?GC?OG?oG?]C?@E??WG?@o_?@f,[(22-23)-(20-21)-(18-19)-(14-15)-(12-13)-(10-11)-(9-17)-(8-16)-(6-7)-(4-5)-(2-3)-(0-1)],9.584426879882812e-05,0.06199288368225098,14,False,0
W|fIBCpEGO_`@`?_?WG@p?AC?CG?KG?EC?@@??YG??X_??|,[(22-23)-(20-21)-(14-15)-(13-19)-(12-18)-(11-17)-(10-16)-(8-9)-(6-7)-(4-5)-(2-3)-(0-1)],9.059906005859375e-05,0.020694255828857422,2,True,0
W|fIBCpEGO_`@`?_?WG@p?AC?CG?KG?EC?@@??YG??X_??|,[(22-23)-(20-21)-(14-15)-(13-19)-(12-18)-(11-17)-(10-16)-(8-9)-(6-7)-(4-5)-(2-3)-(0-1)],9.250640869140625e-05,0.02835822105407715,3,True,0
W|fIBCpEGO_`@`?_?WG@p?AC?CG?KG?EC?@@??YG??X_??|,[(21-22)-(20-23)-(14-15)-(13-19)-(12-18)-(11-17)-(10-16)-(8-9)-(6-7)-(4-5)-(2-3)-(0-1)],0.00010704994201660156,0.030204057693481445,3,False,0
W|fIBCpEGO_`@`?_?WG@p?AC?CG?KG?EC?@@??YG??X_??|,[(21-22)-(20-23)-(14-15)-(13-19)-(12-18)-(11-17)-(10-16)-(8-9)-(6-7)-(4-5)-(2-3)-(0-1)],9.512901306152344e-05,0.02138519287109375,2,True,0
W|fIBCpEGO_`@`?_?WG@p?AC?CG?KG?EC?@@??YG??X_??|,[(21-22)-(19-23)-(14-15)-(13-20)-(12-18)-(11-17)-(10-16)-(8-9)-(6-7)-(4-5)-(2-3)-(0-1)],9.059906005859375e-05,0.02013683319091797,2,True,0
W|fIBCpEGO_`@`?_?WG@p?AC?CG?KG?EC?@@??YG??X_??|,[(21-22)-(19-23)-(14-15)-(13-20)-(12-18)-(11-17)-(10-16)-(8-9)-(6-7)-(4-5)-(2-3)-(0-1)],9.751319885253906e-05,0.04239964485168457,4,False,0
W|fIBCpEGO_`@`?_?WG@p?AC?CG?KG?EC?@@??YG??X_??|,[(22-23)-(19-20)-(14-15)-(13-21)-(12-18)-(11-17)-(10-16)-(8-9)-(6-7)-(4-5)-(2-3)-(0-1)],9.179115295410156e-05,0.02061176300048828,2,True,0
W|fIBCpEGO_`@`?_?WG@p?AC?CG?KG?EC?@@??YG??X_??|,[(22-23)-(19-20)-(14-15)-(13-21)-(12-18)-(11-17)-(10-16)-(8-9)-(6-7)-(4-5)-(2-3)-(0-1)],9.512901306152344e-05,0.040486812591552734,4,False,0
W|fIBCpEGO_`@`?_?WG@p?AC?CG?KG?EC?@@??YG??X_??|,[(20-22)-(19-23)-(14-15)-(13-21)-(12-18)-(11-17)-(10-16)-(8-9)-(6-7)-(4-5)-(2-3)-(0-1)],8.893013000488281e-05,0.013935327529907227,1,True,0
W|fIBCpEGO_`@`?_?WG@p?AC?CG?KG?EC?@@??YG??X_??|,[(20-22)-(19-23)-(14-15)-(13-21)-(12-18)-(11-17)-(10-16)-(8-9)-(6-7)-(4-5)-(2-3)-(0-1)],9.441375732421875e-05,0.056531667709350586,13,False,0
W|fIBCpEGO_`@`?_?WG@p?AC?CG?KG?EC?@@??YG??X_??|,[(21-22)-(18-23)-(14-15)-(13-20)-(12-19)-(11-17)-(10-16)-(8-9)-(6-7)-(4-5)-(2-3)-(0-1)],9.036064147949219e-05,0.031684160232543945,4,True,0
W|fIBCpEGO_`@`?_?WG@p?AC?CG?KG?EC?@@??YG??X_??|,[(21-22)-(18-23)-(14-15)-(13-20)-(12-19)-(11-17)-(10-16)-(8-9)-(6-7)-(4-5)-(2-3)-(0-1)],9.703636169433594e-05,0.02220296859741211,2,False,0
W|fIBCpEGO_`@`?_?WG@p?AC?CG?KG?EC?@@??YG??X_??|,[(20-22)-(18-23)-(14-15)-(13-21)-(12-19)-(11-17)-(10-16)-(8-9)-(6-7)-(4-5)-(2-3)-(0-1)],8.869171142578125e-05,0.062005043029785156,14,False,0
W|fIBCpEGO_`@`?_?WG@p?AC?CG?KG?EC?@@??YG??X_??|,[(20-22)-(18-23)-(14-15)-(13-21)-(12-19)-(11-17)-(10-16)-(8-9)-(6-7)-(4-5)-(2-3)-(0-1)],9.632110595703125e-05,0.02046489715576172,2,True,0
W|fIBCpEGO_`@`?_?WG@p?AC?CG?KG?EC?@@??YG??X_??|,[(21-22)-(17-23)-(14-15)-(13-20)-(12-19)-(11-18)-(10-16)-(8-9)-(6-7)-(4-5)-(2-3)-(0-1)],8.96453857421875e-05,0.010465621948242188,1,True,0
W|fIBCpEGO_`@`?_?WG@p?AC?CG?KG?EC?@@??YG??X_??|,[(21-22)-(17-23)-(14-15)-(13-20)-(12-19)-(11-18)-(10-16)-(8-9)-(6-7)-(4-5)-(2-3)-(0-1)],0.00011444091796875,0.06704521179199219,7,True,0
W|fIBCpEGO_`@`?_?WG@p?AC?CG?KG?EC?@@??YG??X_??|,[(20-23)-(17-22)-(14-15)-(13-21)-(12-19)-(11-18)-(10-16)-(8-9)-(6-7)-(4-5)-(2-3)-(0-1)],8.940696716308594e-05,0.020883560180664062,2,True,0
W|fIBCpEGO_`@`?_?WG@p?AC?CG?KG?EC?@@??YG??X_??|,[(20-23)-(17-22)-(14-15)-(13-21)-(12-19)-(11-18)-(10-16)-(8-9)-(6-7)-(4-5)-(2-3)-(0-1)],9.34600830078125e-05,0.045668840408325195,5,True,0
W|fIBCpEGO_`@`?_?WG@p?AC?CG?KG?EC?@@??YG??X_??|,[(20-22)-(17-23)-(14-15)-(13-21)-(12-19)-(11-18)-(10-16)-(8-9)-(6-7)-(4-5)-(2-3)-(0-1)],9.179115295410156e-05,0.05554318428039551,13,False,0
W|fIBCpEGO_`@`?_?WG@p?AC?CG?KG?EC?@@??YG??X_??|,[(20-22)-(17-23)-(14-15)-(13-21)-(12-19)-(11-18)-(10-16)-(8-9)-(6-7)-(4-5)-(2-3)-(0-1)],9.34600830078125e-05,0.02167510986328125,2,True,0
W|fIJ?pEG[_R?o?O?Cg?K??c?BG?AG?BC??p??EG??[_??^,[(21-23)-(18-22)-(15-20)-(14-19)-(13-17)-(12-16)-(9-11)-(7-8)-(6-10)-(4-5)-(2-3)-(0-1)],9.34600830078125e-05,0.15010690689086914,24,False,0
W|fIJ?pEG[_R?o?O?Cg?K??c?BG?AG?BC??p??EG??[_??^,[(21-23)-(18-22)-(15-20)-(14-19)-(13-17)-(12-16)-(9-11)-(7-8)-(6-10)-(4-5)-(2-3)-(0-1)],9.322166442871094e-05,0.03676342964172363,4,True,0
W|fIJ?pEG[_R?o?O?Cg?K??c?BG?AG?BC??p??EG??[_??^,[(21-22)-(18-23)-(15-20)-(14-19)-(13-17)-(12-16)-(9-11)-(7-8)-(6-10)-(4-5)-(2-3)-(0-1)],9.298324584960938e-05,0.0698697566986084,8,True,0
W|fIJ?pEG[_R?o?O?Cg?K??c?BG?AG?BC??p??EG??[_??^,[(21-22)-(18-23)-(15-20)-(14-19)-(13-17)-(12-16)-(9-11)-(7-8)-(6-10)-(4-5)-(2-3)-(0-1)],9.34600830078125e-05,0.0849306583404541,17,False,0
W|fIJ?pEG[_R?o?O?Cg?K??c?BG?AG?BC??p??EG??[_??^,[(20-23)-(18-22)-(15-21)-(14-19)-(13-17)-(12-16)-(9-11)-(7-8)-(6-10)-(4-5)-(2-3)-(0-1)],8.869171142578125e-05,0.06815886497497559,8,True,0
W|fIJ?pEG[_R?o?O?Cg?K??c?BG?AG?BC??p??EG??[_??^,[(20-23)-(18-22)-(15-21)-(14-19)-(13-17)-(12-16)-(9-11)-(7-8)-(6-10)-(4-5)-(2-3)-(0-1)],9.489059448242188e-05,0.054909467697143555,6,True,0
W|fIJ?pEG[_R?o?O?Cg?K??c?BG?AG?BC??p??EG??[_??^,[(22-23)-(18-19)-(15-21)-(14-20)-(13-17)-(12-16)-(9-11)-(7-8)-(6-10)-(4-5)-(2-3)-(0-1)],9.012222290039062e-05,0.09688639640808105,11,True,0
W|fIJ?pEG[_R?o?O?Cg?K??c?BG?AG?BC??p??EG??[_??^,[(22-23)-(18-19)-(15-21)-(14-20)-(13-17)-(12-16)-(9-11)-(7-8)-(6-10)-(4-5)-(2-3)-(0-1)],9.465217590332031e-05,0.04480338096618652,5,True,0
W|fIJ?pEG[_R?o?O?Cg?K??c?BG?AG?BC??p??EG??[_??^,[(19-23)-(18-22)-(15-21)-(14-20)-(13-17)-(12-16)-(9-11)-(7-8)-(6-10)-(4-5)-(2-3)-(0-1)],9.179115295410156e-05,0.05561113357543945,6,True,0
W|fIJ?pEG[_R?o?O?Cg?K??c?BG?AG?BC??p??EG??[_??^,[(19-23)-(18-22)-(15-21)-(14-20)-(13-17)-(12-16)-(9-11)-(7-8)-(6-10)-(4-5)-(2-3)-(0-1)],9.560585021972656e-05,0.04613351821899414,5,True,0
W|fIJ?pEG[_R?o?O?Cg?K??c?BG?AG?BC??p??EG??[_??^,[(21-23)-(17-22)-(15-20)-(14-19)-(13-18)-(12-16)-(9-11)-(7-8)-(6-10)-(4-5)-(2-3)-(0-1)],0.00010514259338378906,0.06814980506896973,8,True,0
W|fIJ?pEG[_R?o?O?Cg?K??c?BG?AG?BC??p??EG??[_??^,[(21-23)-(17-22)-(15-20)-(14-19)-(13-18)-(12-16)-(9-11)-(7-8)-(6-10)-(4-5)-(2-3)-(0-1)],9.417533874511719e-05,0.029016733169555664,3,True,0
W|fIJ?pEG[_R?o?O?Cg?K??c?BG?AG?BC??p??EG??[_??^,[(20-23)-(17-22)-(15-21)-(14-19)-(13-18)-(12-16)-(9-11)-(7-8)-(6-10)-(4-5)-(2-3)-(0-1)],8.869171142578125e-05,0.05015969276428223,6,True,0
W|fIJ?pEG[_R?o?O?Cg?K??c?BG?AG?BC??p??EG??[_??^,[(20-23)-(17-22)-(15-21)-(14-19)-(13-18)-(12-16)-(9-11)-(7-8)-(6-10)-(4-5)-(2-3)-(0-1)],9.489059448242188e-05,0.07141351699829102,8,True,0
W|fIJ?pEG[_R?o?O?Cg?K??c?BG?AG?BC??p??EG??[_??^,[(19-23)-(17-22)-(15-21)-(14-20)-(13-18)-(12-16)-(9-11)-(7-8)-(6-10)-(4-5)-(2-3)-(0-1)],9.298324584960938e-05,0.05627632141113281,6,True,0
W|fIJ?pEG[_R?o?O?Cg?K??c?BG?AG?BC??p??EG??[_??^,[(19-23)-(17-22)-(15-21)-(14-20)-(13-18)-(12-16)-(9-11)-(7-8)-(6-10)-(4-5)-(2-3)-(0-1)],9.846687316894531e-05,0.05624675750732422,6,True,0
W|fIJ?pEG[_R?o?O?Cg?K??c?BG?AG?BC??p??EG??[_??^,[(22-23)-(17-18)-(15-21)-(14-20)-(13-19)-(12-16)-(9-11)-(7-8)-(6-10)-(4-5)-(2-3)-(0-1)],8.893013000488281e-05,0.1007680892944336,19,False,0
W|fIJ?pEG[_R?o?O?Cg?K??c?BG?AG?BC??p??EG??[_??^,[(22-23)-(17-18)-(15-21)-(14-20)-(13-19)-(12-16)-(9-11)-(7-8)-(6-10)-(4-5)-(2-3)-(0-1)],9.274482727050781e-05,0.0466313362121582,5,True,0
W|fIJ?pEG[_R?o?O?Cg?K??c?BG?AG?BC??p??EG??[_??^,[(18-23)-(17-22)-(15-21)-(14-20)-(13-19)-(12-16)-(9-11)-(7-8)-(6-10)-(4-5)-(2-3)-(0-1)],8.988380432128906e-05,0.0454096794128418,5,True,0
W|fIJ?pEG[_R?o?O?Cg?K??c?BG?AG?BC??p??EG??[_??^,[(18-23)-(17-22)-(15-21)-(14-20)-(13-19)-(12-16)-(9-11)-(7-8)-(6-10)-(4-5)-(2-3)-(0-1)],9.751319885253906e-05,0.04634594917297363,5,True,0
W|eIID_KGo`@@@@__OGA@?OC@_G@wG?GW?A@??wG?@`_?BL,[(19-23)-(15-16)-(14-22)-(13-21)-(12-20)-(10-11)-(9-18)-(8-17)-(6-7)-(4-5)-(2-3)-(0-1)],9.417533874511719e-05,0.030907154083251953,3,True,0
W|eIID_KGo`@@@@__OGA@?OC@_G@wG?GW?A@??wG?@`_?BL,[(19-23)-(15-16)-(14-22)-(13-21)-(12-20)-(10-11)-(9-18)-(8-17)-(6-7)-(4-5)-(2-3)-(0-1)],9.703636169433594e-05,0.06667566299438477,6,True,0
W|eIID_KGo`@@@@__OGA@?OC@_G@wG?GW?A@??wG?@`_?BL,[(16-19)-(15-23)-(14-22)-(13-21)-(12-20)-(10-11)-(9-18)-(8-17)-(6-7)-(4-5)-(2-3)-(0-1)],9.369850158691406e-05,0.03578495979309082,4,True,0
W|eIID_KGo`@@@@__OGA@?OC@_G@wG?GW?A@??wG?@`_?BL,[(16-19)-(15-23)-(14-22)-(13-21)-(12-20)-(10-11)-(9-18)-(8-17)-(6-7)-(4-5)-(2-3)-(0-1)],9.560585021972656e-05,0.03718400001525879,4,True,0
W|eIID_KGo`@@@@__OGA@?OC@_G@wG?GW?A@??wG?@`_?BL,[(22-23)-(16-19)-(14-15)-(13-21)-(12-20)-(10-11)-(9-18)-(8-17)-(6-7)-(4-5)-(2-3)-(0-1)],9.226799011230469e-05,0.03506875038146973,4,True,0
W|eIID_KGo`@@@@__OGA@?OC@_G@wG?GW?A@??wG?@`_?BL,[(22-23)-(16-19)-(14-15)-(13-21)-(12-20)-(10-11)-(9-18)-(8-17)-(6-7)-(4-5)-(2-3)-(0-1)],9.655952453613281e-05,0.03849983215332031,4,True,0
W|eIID_KGo`@@@@__OGA@?OC@_G@wG?GW?A@??wG?@`_?BL,[(21-22)-(19-23)-(15-16)-(13-14)-(12-20)-(10-11)-(9-18)-(8-17)-(6-7)-(4-5)-(2-3)-(0-1)],9.083747863769531e-05,0.03699493408203125,4,True,0
W|eIID_KGo`@@@@__OGA@?OC@_G@wG?GW?A@??wG?@`_?BL,[(21-22)-(19-23)-(15-16)-(13-14)-(12-20)-(10-11)-(9-18)-(8-17)-(6-7)-(4-5)-(2-3)-(0-1)],9.584426879882812e-05,0.045688629150390625,5,True,0
W|eIID_KGo`@@@@__OGA@?OC@_G@wG?GW?A@??wG?@`_?BL,[(21-22)-(16-19)-(15-23)-(13-14)-(12-20)-(10-11)-(9-18)-(8-17)-(6-7)-(4-5)-(2-3)-(0-1)],9.083747863769531e-05,0.028427600860595703,3,True,0
W|eIID_KGo`@@@@__OGA@?OC@_G@wG?GW?A@??wG?@`_?BL,[(21-22)-(16-19)-(15-23)-(13-14)-(12-20)-(10-11)-(9-18)-(8-17)-(6-7)-(4-5)-(2-3)-(0-1)],9.918212890625e-05,0.029530763626098633,3,False,0
W|eIID_KGo`@@@@__OGA@?OC@_G@wG?GW?A@??wG?@`_?BL,[(22-23)-(19-20)-(15-16)-(13-14)-(12-21)-(10-11)-(9-18)-(8-17)-(6-7)-(4-5)-(2-3)-(0-1)],9.34600830078125e-05,0.037262678146362305,4,False,0
W|eIID_KGo`@@@@__OGA@?OC@_G@wG?GW?A@??wG?@`_?BL,[(22-23)-(19-20)-(15-16)-(13-14)-(12-21)-(10-11)-(9-18)-(8-17)-(6-7)-(4-5)-(2-3)-(0-1)],0.00010204315185546875,0.029257774353027344,3,True,0
W|eIID_KGo`@@@@__OGA@?OC@_G@wG?GW?A@??wG?@`_?BL,[(20-22)-(19-23)-(15-16)-(13-14)-(12-21)-(10-11)-(9-18)-(8-17)-(6-7)-(4-5)-(2-3)-(0-1)],9.489059448242188e-05,0.03769111633300781,4,False,0
W|eIID_KGo`@@@@__OGA@?OC@_G@wG?GW?A@??wG?@`_?BL,[(20-22)-(19-23)-(15-16)-(13-14)-(12-21)-(10-11)-(9-18)-(8-17)-(6-7)-(4-5)-(2-3)-(0-1)],9.655952453613281e-05,0.028937578201293945,3,True,0
W|eIID_KGo`@@@@__OGA@?OC@_G@wG?GW?A@??wG?@`_?BL,[(20-23)-(16-19)-(15-22)-(13-14)-(12-21)-(10-11)-(9-18)-(8-17)-(6-7)-(4-5)-(2-3)-(0-1)],9.131431579589844e-05,0.03743410110473633,4,True,0
W|eIID_KGo`@@@@__OGA@?OC@_G@wG?GW?A@??wG?@`_?BL,[(20-23)-(16-19)-(15-22)-(13-14)-(12-21)-(10-11)-(9-18)-(8-17)-(6-7)-(4-5)-(2-3)-(0-1)],9.870529174804688e-05,0.028398752212524414,3,True,0
W|eIID_KGo`@@@@__OGA@?OC@_G@wG?GW?A@??wG?@`_?BL,[(19-20)-(16-23)-(15-22)-(13-14)-(12-21)-(10-11)-(9-18)-(8-17)-(6-7)-(4-5)-(2-3)-(0-1)],9.226799011230469e-05,0.030220508575439453,3,False,0
W|eIID_KGo`@@@@__OGA@?OC@_G@wG?GW?A@??wG?@`_?BL,[(19-20)-(16-23)-(15-22)-(13-14)-(12-21)-(10-11)-(9-18)-(8-17)-(6-7)-(4-5)-(2-3)-(0-1)],9.584426879882812e-05,0.02784252166748047,3,True,0
W|eIID_KGo`@@@@__OGA@?OC@_G@wG?GW?A@??wG?@`_?BL,[(20-22)-(16-19)-(15-23)-(13-14)-(12-21)-(10-11)-(9-18)-(8-17)-(6-7)-(4-5)-(2-3)-(0-1)],9.226799011230469e-05,0.046479225158691406,5,True,0
W|eIID_KGo`@@@@__OGA@?OC@_G@wG?GW?A@??wG?@`_?BL,[(20-22)-(16-19)-(15-23)-(13-14)-(12-21)-(10-11)-(9-18)-(8-17)-(6-7)-(4-5)-(2-3)-(0-1)],9.632110595703125e-05,0.04381871223449707,5,True,0
W|fIAC`KGo``@`?__OGA@?WC?wG?GG?EC?@`??KG??s_??^,[(18-23)-(15-22)-(14-21)-(13-20)-(12-19)-(10-11)-(9-17)-(8-16)-(6-7)-(4-5)-(2-3)-(0-1)],9.417533874511719e-05,0.028178691864013672,3,True,0
W|fIAC`KGo``@`?__OGA@?WC?wG?GG?EC?@`??KG??s_??^,[(18-23)-(15-22)-(14-21)-(13-20)-(12-19)-(10-11)-(9-17)-(8-16)-(6-7)-(4-5)-(2-3)-(0-1)],0.00011396408081054688,0.029459238052368164,3,True,0
W|fIAC`KGo``@`?__OGA@?WC?wG?GG?EC?@`??KG??s_??^,[(21-23)-(18-22)-(14-15)-(13-20)-(12-19)-(10-11)-(9-17)-(8-16)-(6-7)-(4-5)-(2-3)-(0-1)],9.036064147949219e-05,0.029110431671142578,3,True,0
W|fIAC`KGo``@`?__OGA@?WC?wG?GG?EC?@`??KG??s_??^,[(21-23)-(18-22)-(14-15)-(13-20)-(12-19)-(10-11)-(9-17)-(8-16)-(6-7)-(4-5)-(2-3)-(0-1)],9.226799011230469e-05,0.08674955368041992,16,False,0
W|fIAC`KGo``@`?__OGA@?WC?wG?GG?EC?@`??KG??s_??^,[(21-22)-(18-23)-(14-15)-(13-20)-(12-19)-(10-11)-(9-17)-(8-16)-(6-7)-(4-5)-(2-3)-(0-1)],8.940696716308594e-05,0.02917957305908203,3,False,0
W|fIAC`KGo``@`?__OGA@?WC?wG?GG?EC?@`??KG??s_??^,[(21-22)-(18-23)-(14-15)-(13-20)-(12-19)-(10-11)-(9-17)-(8-16)-(6-7)-(4-5)-(2-3)-(0-1)],9.489059448242188e-05,0.030016660690307617,3,True,0
W|fIAC`KGo``@`?__OGA@?WC?wG?GG?EC?@`??KG??s_??^,[(20-23)-(18-22)-(15-21)-(13-14)-(12-19)-(10-11)-(9-17)-(8-16)-(6-7)-(4-5)-(2-3)-(0-1)],0.00012350082397460938,0.049233436584472656,5,True,0
W|fIAC`KGo``@`?__OGA@?WC?wG?GG?EC?@`??KG??s_??^,[(20-23)-(18-22)-(15-21)-(13-14)-(12-19)-(10-11)-(9-17)-(8-16)-(6-7)-(4-5)-(2-3)-(0-1)],9.34600830078125e-05,0.02874612808227539,3,True,0
W|fIAC`KGo``@`?__OGA@?WC?wG?GG?EC?@`??KG??s_??^,[(20-21)-(18-23)-(15-22)-(13-14)-(12-19)-(10-11)-(9-17)-(8-16)-(6-7)-(4-5)-(2-3)-(0-1)],9.059906005859375e-05,0.02800297737121582,3,True,0
W|fIAC`KGo``@`?__OGA@?WC?wG?GG?EC?@`??KG??s_??^,[(20-21)-(18-23)-(15-22)-(13-14)-(12-19)-(10-11)-(9-17)-(8-16)-(6-7)-(4-5)-(2-3)-(0-1)],9.393692016601562e-05,0.04090738296508789,4,True,0
W|fIAC`KGo``@`?__OGA@?WC?wG?GG?EC?@`??KG??s_??^,[(22-23)-(18-19)-(15-21)-(14-20)-(12-13)-(10-11)-(9-17)-(8-16)-(6-7)-(4-5)-(2-3)-(0-1)],9.036064147949219e-05,0.029064178466796875,3,True,0
W|fIAC`KGo``@`?__OGA@?WC?wG?GG?EC?@`??KG??s_??^,[(22-23)-(18-19)-(15-21)-(14-20)-(12-13)-(10-11)-(9-17)-(8-16)-(6-7)-(4-5)-(2-3)-(0-1)],9.417533874511719e-05,0.0691993236541748,14,False,0
W|fIAC`KGo``@`?__OGA@?WC?wG?GG?EC?@`??KG??s_??^,[(19-23)-(18-22)-(15-21)-(14-20)-(12-13)-(10-11)-(9-17)-(8-16)-(6-7)-(4-5)-(2-3)-(0-1)],8.845329284667969e-05,0.02126288414001465,2,True,0
W|fIAC`KGo``@`?__OGA@?WC?wG?GG?EC?@`??KG??s_??^,[(19-23)-(18-22)-(15-21)-(14-20)-(12-13)-(10-11)-(9-17)-(8-16)-(6-7)-(4-5)-(2-3)-(0-1)],9.489059448242188e-05,0.02907395362854004,3,True,0
W|fIAC`KGo``@`?__OGA@?WC?wG?GG?EC?@`??KG??s_??^,[(21-23)-(18-19)-(15-22)-(14-20)-(12-13)-(10-11)-(9-17)-(8-16)-(6-7)-(4-5)-(2-3)-(0-1)],9.369850158691406e-05,0.02884078025817871,3,True,0
W|fIAC`KGo``@`?__OGA@?WC?wG?GG?EC?@`??KG??s_??^,[(21-23)-(18-19)-(15-22)-(14-20)-(12-13)-(10-11)-(9-17)-(8-16)-(6-7)-(4-5)-(2-3)-(0-1)],9.822845458984375e-05,0.0392301082611084,4,True,0
W|fIAC`KGo``@`?__OGA@?WC?wG?GG?EC?@`??KG??s_??^,[(20-23)-(18-19)-(15-22)-(14-21)-(12-13)-(10-11)-(9-17)-(8-16)-(6-7)-(4-5)-(2-3)-(0-1)],8.988380432128906e-05,0.0630037784576416,6,True,0
W|fIAC`KGo``@`?__OGA@?WC?wG?GG?EC?@`??KG??s_??^,[(20-23)-(18-19)-(15-22)-(14-21)-(12-13)-(10-11)-(9-17)-(8-16)-(6-7)-(4-5)-(2-3)-(0-1)],0.00010728836059570312,0.03132796287536621,3,True,0
W|fIAC`KGo``@`?__OGA@?WC?wG?GG?EC?@`??KG??s_??^,[(19-20)-(18-23)-(15-22)-(14-21)-(12-13)-(10-11)-(9-17)-(8-16)-(6-7)-(4-5)-(2-3)-(0-1)],9.441375732421875e-05,0.030876874923706055,3,True,0
W|fIAC`KGo``@`?__OGA@?WC?wG?GG?EC?@`??KG??s_??^,[(19-20)-(18-23)-(15-22)-(14-21)-(12-13)-(10-11)-(9-17)-(8-16)-(6-7)-(4-5)-(2-3)-(0-1)],9.655952453613281e-05,0.029144763946533203,3,True,0
W|fIAC`KGo``@_?__OGA@?WC?{G?K??EC?@`??KG??s_??^,[(22-23)-(15-21)-(14-20)-(13-19)-(12-18)-(10-11)-(9-17)-(8-16)-(6-7)-(4-5)-(2-3)-(0-1)],9.250640869140625e-05,0.0302278995513916,3,False,0
W|fIAC`KGo``@_?__OGA@?WC?{G?K??EC?@`??KG??s_??^,[(22-23)-(15-21)-(14-20)-(13-19)-(12-18)-(10-11)-(9-17)-(8-16)-(6-7)-(4-5)-(2-3)-(0-1)],9.5367431640625e-05,0.020807504653930664,2,True,0
W|fIAC`KGo``@_?__OGA@?WC?{G?K??EC?@`??KG??s_??^,[(21-23)-(15-22)-(14-20)-(13-19)-(12-18)-(10-11)-(9-17)-(8-16)-(6-7)-(4-5)-(2-3)-(0-1)],9.703636169433594e-05,0.021837472915649414,2,False,0
W|fIAC`KGo``@_?__OGA@?WC?{G?K??EC?@`??KG??s_??^,[(21-23)-(15-22)-(14-20)-(13-19)-(12-18)-(10-11)-(9-17)-(8-16)-(6-7)-(4-5)-(2-3)-(0-1)],9.5367431640625e-05,0.030780553817749023,3,False,0
W|fIAC`KGo``@_?__OGA@?WC?{G?K??EC?@`??KG??s_??^,[(20-23)-(15-22)-(14-21)-(13-19)-(12-18)-(10-11)-(9-17)-(8-16)-(6-7)-(4-5)-(2-3)-(0-1)],9.822845458984375e-05,0.037709951400756836,4,True,0
W|fIAC`KGo``@_?__OGA@?WC?{G?K??EC?@`??KG??s_??^,[(20-23)-(15-22)-(14-21)-(13-19)-(12-18)-(10-11)-(9-17)-(8-16)-(6-7)-(4-5)-(2-3)-(0-1)],9.465217590332031e-05,0.030194520950317383,3,False,0
W|fIAC`KGo``@_?__OGA@?WC?{G?K??EC?@`??KG??s_??^,[(22-23)-(20-21)-(14-15)-(13-19)-(12-18)-(10-11)-(9-17)-(8-16)-(6-7)-(4-5)-(2-3)-(0-1)],9.512901306152344e-05,0.05611300468444824,7,True,0
W|fIAC`KGo``@_?__OGA@?WC?{G?K??EC?@`??KG??s_??^,[(22-23)-(20-21)-(14-15)-(13-19)-(12-18)-(10-11)-(9-17)-(8-16)-(6-7)-(4-5)-(2-3)-(0-1)],0.00010204315185546875,0.05024981498718262,5,False,0
W|fIAC`KGo``@_?__OGA@?WC?{G?K??EC?@`??KG??s_??^,[(21-22)-(20-23)-(14-15)-(13-19)-(12-18)-(10-11)-(9-17)-(8-16)-(6-7)-(4-5)-(2-3)-(0-1)],9.679794311523438e-05,0.031313419342041016,3,False,0
W|fIAC`KGo``@_?__OGA@?WC?{G?K??EC?@`??KG??s_??^,[(21-22)-(20-23)-(14-15)-(13-19)-(12-18)-(10-11)-(9-17)-(8-16)-(6-7)-(4-5)-(2-3)-(0-1)],0.00011157989501953125,0.03806757926940918,4,True,0
W|fIAC`KGo``@_?__OGA@?WC?{G?K??EC?@`??KG??s_??^,[(19-23)-(15-22)-(14-21)-(13-20)-(12-18)-(10-11)-(9-17)-(8-16)-(6-7)-(4-5)-(2-3)-(0-1)],9.322166442871094e-05,0.036789894104003906,4,True,0
W|fIAC`KGo``@_?__OGA@?WC?{G?K??EC?@`??KG??s_??^,[(19-23)-(15-22)-(14-21)-(13-20)-(12-18)-(10-11)-(9-17)-(8-16)-(6-7)-(4-5)-(2-3)-(0-1)],9.679794311523438e-05,0.030112743377685547,3,True,0
W|fIAC`KGo``@_?__OGA@?WC?{G?K??EC?@`??KG??s_??^,[(21-22)-(19-23)-(14-15)-(13-20)-(12-18)-(10-11)-(9-17)-(8-16)-(6-7)-(4-5)-(2-3)-(0-1)],9.1552734375e-05,0.06782007217407227,14,False,0
W|fIAC`KGo``@_?__OGA@?WC?{G?K??EC?@`??KG??s_??^,[(21-22)-(19-23)-(14-15)-(13-20)-(12-18)-(10-11)-(9-17)-(8-16)-(6-7)-(4-5)-(2-3)-(0-1)],9.107589721679688e-05,0.03782176971435547,4,True,0
W|fIAC`KGo``@_?__OGA@?WC?{G?K??EC?@`??KG??s_??^,[(22-23)-(19-20)-(15-21)-(13-14)-(12-18)-(10-11)-(9-17)-(8-16)-(6-7)-(4-5)-(2-3)-(0-1)],9.226799011230469e-05,0.0283203125,3,True,0
W|fIAC`KGo``@_?__OGA@?WC?{G?K??EC?@`??KG??s_??^,[(22-23)-(19-20)-(15-21)-(13-14)-(12-18)-(10-11)-(9-17)-(8-16)-(6-7)-(4-5)-(2-3)-(0-1)],9.918212890625e-05,0.11095619201660156,19,False,0
W|fIAC`KGo``@_?__OGA@?WC?{G?K??EC?@`??KG??s_??^,[(21-23)-(19-20)-(15-22)-(13-14)-(12-18)-(10-11)-(9-17)-(8-16)-(6-7)-(4-5)-(2-3)-(0-1)],8.940696716308594e-05,0.04678487777709961,5,True,0
W|fIAC`KGo``@_?__OGA@?WC?{G?K??EC?@`??KG??s_??^,[(21-23)-(19-20)-(15-22)-(13-14)-(12-18)-(10-11)-(9-17)-(8-16)-(6-7)-(4-5)-(2-3)-(0-1)],9.632110595703125e-05,0.021622896194458008,2,True,0
W|fIAC`KGo``@_?__OGA@?WC?{G?K??EC?@`??KG??s_??^,[(20-21)-(19-23)-(15-22)-(13-14)-(12-18)-(10-11)-(9-17)-(8-16)-(6-7)-(4-5)-(2-3)-(0-1)],0.00010704994201660156,0.014394521713256836,1,True,0
W|fIAC`KGo``@_?__OGA@?WC?{G?K??EC?@`??KG??s_??^,[(20-21)-(19-23)-(15-22)-(13-14)-(12-18)-(10-11)-(9-17)-(8-16)-(6-7)-(4-5)-(2-3)-(0-1)],9.560585021972656e-05,0.07849788665771484,15,False,0
WtfIID_GH?a@E@B__OwA??OC@_G@_G?_C?GP?BKG??r??@x,[(19-23)-(16-22)-(15-21)-(13-14)-(11-12)-(10-20)-(9-18)-(8-17)-(6-7)-(4-5)-(2-3)-(0-1)],9.202957153320312e-05,0.05335426330566406,6,True,0
WtfIID_GH?a@E@B__OwA??OC@_G@_G?_C?GP?BKG??r??@x,[(19-23)-(16-22)-(15-21)-(13-14)-(11-12)-(10-20)-(9-18)-(8-17)-(6-7)-(4-5)-(2-3)-(0-1)],9.584426879882812e-05,0.040140390396118164,4,False,0
WtfIID_GH?a@E@B__OwA??OC@_G@_G?_C?GP?BKG??r??@x,[(19-22)-(16-23)-(15-21)-(13-14)-(11-12)-(10-20)-(9-18)-(8-17)-(6-7)-(4-5)-(2-3)-(0-1)],9.870529174804688e-05,0.06664562225341797,7,True,0
WtfIID_GH?a@E@B__OwA??OC@_G@_G?_C?GP?BKG??r??@x,[(19-22)-(16-23)-(15-21)-(13-14)-(11-12)-(10-20)-(9-18)-(8-17)-(6-7)-(4-5)-(2-3)-(0-1)],0.00011610984802246094,0.04233694076538086,4,False,0
WtfIID_GH?a@E@B__OwA??OC@_G@_G?_C?GP?BKG??r??@x,[(19-23)-(16-22)-(15-21)-(12-13)-(11-14)-(10-20)-(9-18)-(8-17)-(6-7)-(4-5)-(2-3)-(0-1)],8.96453857421875e-05,0.08698558807373047,16,False,0
WtfIID_GH?a@E@B__OwA??OC@_G@_G?_C?GP?BKG??r??@x,[(19-23)-(16-22)-(15-21)-(12-13)-(11-14)-(10-20)-(9-18)-(8-17)-(6-7)-(4-5)-(2-3)-(0-1)],9.250640869140625e-05,0.028626441955566406,3,True,0
WtfIID_GH?a@E@B__OwA??OC@_G@_G?_C?GP?BKG??r??@x,[(19-22)-(16-23)-(15-21)-(12-13)-(11-14)-(10-20)-(9-18)-(8-17)-(6-7)-(4-5)-(2-3)-(0-1)],9.131431579589844e-05,0.1115880012512207,19,False,0
WtfIID_GH?a@E@B__OwA??OC@_G@_G?_C?GP?BKG??r??@x,[(19-22)-(16-23)-(15-21)-(12-13)-(11-14)-(10-20)-(9-18)-(8-17)-(6-7)-(4-5)-(2-3)-(0-1)],9.512901306152344e-05,0.02977752685546875,3,True,0
WtfIID_GH?a@E@B__OwA??OC@_G@_G?_C?GP?BKG??r??@x,[(22-23)-(19-20)-(15-16)-(13-14)-(11-12)-(10-21)-(9-18)-(8-17)-(6-7)-(4-5)-(2-3)-(0-1)],9.655952453613281e-05,0.03543376922607422,4,True,0
WtfIID_GH?a@E@B__OwA??OC@_G@_G?_C?GP?BKG??r??@x,[(22-23)-(19-20)-(15-16)-(13-14)-(11-12)-(10-21)-(9-18)-(8-17)-(6-7)-(4-5)-(2-3)-(0-1)],9.632110595703125e-05,0.10810017585754395,11,True,0
WtfIID_GH?a@E@B__OwA??OC@_G@_G?_C?GP?BKG??r??@x,[(20-22)-(19-23)-(15-16)-(13-14)-(11-12)-(10-21)-(9-18)-(8-17)-(6-7)-(4-5)-(2-3)-(0-1)],9.036064147949219e-05,0.02094268798828125,2,True,0
WtfIID_GH?a@E@B__OwA??OC@_G@_G?_C?GP?BKG??r??@x,[(20-22)-(19-23)-(15-16)-(13-14)-(11-12)-(10-21)-(9-18)-(8-17)-(6-7)-(4-5)-(2-3)-(0-1)],9.465217590332031e-05,0.029065847396850586,3,True,0
WtfIID_GH?a@E@B__OwA??OC@_G@_G?_C?GP?BKG??r??@x,[(19-23)-(16-22)-(15-20)-(13-14)-(11-12)-(10-21)-(9-18)-(8-17)-(6-7)-(4-5)-(2-3)-(0-1)],9.226799011230469e-05,0.047205448150634766,5,True,0
WtfIID_GH?a@E@B__OwA??OC@_G@_G?_C?GP?BKG??r??@x,[(19-23)-(16-22)-(15-20)-(13-14)-(11-12)-(10-21)-(9-18)-(8-17)-(6-7)-(4-5)-(2-3)-(0-1)],9.512901306152344e-05,0.05052804946899414,5,False,0
WtfIID_GH?a@E@B__OwA??OC@_G@_G?_C?GP?BKG??r??@x,[(19-22)-(16-23)-(15-20)-(13-14)-(11-12)-(10-21)-(9-18)-(8-17)-(6-7)-(4-5)-(2-3)-(0-1)],8.940696716308594e-05,0.05350637435913086,6,True,0
WtfIID_GH?a@E@B__OwA??OC@_G@_G?_C?GP?BKG??r??@x,[(19-22)-(16-23)-(15-20)-(13-14)-(11-12)-(10-21)-(9-18)-(8-17)-(6-7)-(4-5)-(2-3)-(0-1)],0.00010013580322265625,0.02977585792541504,3,True,0
WtfIID_GH?a@E@B__OwA??OC@_G@_G?_C?GP?BKG??r??@x,[(19-20)-(16-23)-(15-22)-(13-14)-(11-12)-(10-21)-(9-18)-(8-17)-(6-7)-(4-5)-(2-3)-(0-1)],8.940696716308594e-05,0.03900337219238281,5,True,0
WtfIID_GH?a@E@B__OwA??OC@_G@_G?_C?GP?BKG??r??@x,[(19-20)-(16-23)-(15-22)-(13-14)-(11-12)-(10-21)-(9-18)-(8-17)-(6-7)-(4-5)-(2-3)-(0-1)],9.679794311523438e-05,0.10505461692810059,18,False,0
WtfIID_GH?a@E@B__OwA??OC@_G@_G?_C?GP?BKG??r??@x,[(22-23)-(19-20)-(15-16)-(12-13)-(11-14)-(10-21)-(9-18)-(8-17)-(6-7)-(4-5)-(2-3)-(0-1)],9.131431579589844e-05,0.06417036056518555,14,False,0
WtfIID_GH?a@E@B__OwA??OC@_G@_G?_C?GP?BKG??r??@x,[(22-23)-(19-20)-(15-16)-(12-13)-(11-14)-(10-21)-(9-18)-(8-17)-(6-7)-(4-5)-(2-3)-(0-1)],9.322166442871094e-05,0.029349088668823242,3,True,0
W|eII@`GG_b@B@@__OGE@?OC@_G?_G?oC?N@??Go?@o_?@r,[(22-23)-(19-21)-(14-15)-(11-12)-(10-20)-(9-18)-(8-17)-(7-16)-(6-13)-(4-5)-(2-3)-(0-1)],0.00010037422180175781,0.0291290283203125,3,True,0
W|eII@`GG_b@B@@__OGE@?OC@_G?_G?oC?N@??Go?@o_?@r,[(22-23)-(19-21)-(14-15)-(11-12)-(10-20)-(9-18)-(8-17)-(7-16)-(6-13)-(4-5)-(2-3)-(0-1)],9.679794311523438e-05,0.0481724739074707,5,True,0
W|eII@`GG_b@B@@__OGE@?OC@_G?_G?oC?N@??Go?@o_?@r,[(22-23)-(19-21)-(14-15)-(12-20)-(10-11)-(9-18)-(8-17)-(7-16)-(6-13)-(4-5)-(2-3)-(0-1)],9.059906005859375e-05,0.07850003242492676,8,True,0
W|eII@`GG_b@B@@__OGE@?OC@_G?_G?oC?N@??Go?@o_?@r,[(22-23)-(19-21)-(14-15)-(12-20)-(10-11)-(9-18)-(8-17)-(7-16)-(6-13)-(4-5)-(2-3)-(0-1)],0.00016021728515625,0.014482498168945312,1,True,0
W|eII@`GG_b@B@@__OGE@?OC@_G?_G?oC?N@??Go?@o_?@r,[(18-23)-(15-22)-(14-21)-(11-12)-(10-20)-(9-19)-(8-17)-(7-16)-(6-13)-(4-5)-(2-3)-(0-1)],9.179115295410156e-05,0.036345720291137695,4,True,0
W|eII@`GG_b@B@@__OGE@?OC@_G?_G?oC?N@??Go?@o_?@r,[(18-23)-(15-22)-(14-21)-(11-12)-(10-20)-(9-19)-(8-17)-(7-16)-(6-13)-(4-5)-(2-3)-(0-1)],9.655952453613281e-05,0.05998659133911133,6,False,0
W|eII@`GG_b@B@@__OGE@?OC@_G?_G?oC?N@??Go?@o_?@r,[(22-23)-(18-21)-(14-15)-(11-12)-(10-20)-(9-19)-(8-17)-(7-16)-(6-13)-(4-5)-(2-3)-(0-1)],9.250640869140625e-05,0.021589994430541992,2,True,0
W|eII@`GG_b@B@@__OGE@?OC@_G?_G?oC?N@??Go?@o_?@r,[(22-23)-(18-21)-(14-15)-(11-12)-(10-20)-(9-19)-(8-17)-(7-16)-(6-13)-(4-5)-(2-3)-(0-1)],9.5367431640625e-05,0.029888629913330078,3,True,0
W|eII@`GG_b@B@@__OGE@?OC@_G?_G?oC?N@??Go?@o_?@r,[(21-22)-(18-23)-(14-15)-(11-12)-(10-20)-(9-19)-(8-17)-(7-16)-(6-13)-(4-5)-(2-3)-(0-1)],9.131431579589844e-05,0.02948141098022461,3,True,0
W|eII@`GG_b@B@@__OGE@?OC@_G?_G?oC?N@??Go?@o_?@r,[(21-22)-(18-23)-(14-15)-(11-12)-(10-20)-(9-19)-(8-17)-(7-16)-(6-13)-(4-5)-(2-3)-(0-1)],0.00010251998901367188,0.03041839599609375,3,True,0
W|eII@`GG_b@B@@__OGE@?OC@_G?_G?oC?N@??Go?@o_?@r,[(18-23)-(15-22)-(14-21)-(12-20)-(10-11)-(9-19)-(8-17)-(7-16)-(6-13)-(4-5)-(2-3)-(0-1)],9.679794311523438e-05,0.08176684379577637,17,False,0
W|eII@`GG_b@B@@__OGE@?OC@_G?_G?oC?N@??Go?@o_?@r,[(18-23)-(15-22)-(14-21)-(12-20)-(10-11)-(9-19)-(8-17)-(7-16)-(6-13)-(4-5)-(2-3)-(0-1)],9.34600830078125e-05,0.051152706146240234,5,False,0
W|eII@`GG_b@B@@__OGE@?OC@_G?_G?oC?N@??Go?@o_?@r,[(22-23)-(18-21)-(14-15)-(12-20)-(10-11)-(9-19)-(8-17)-(7-16)-(6-13)-(4-5)-(2-3)-(0-1)],9.274482727050781e-05,0.029538869857788086,3,True,0
W|eII@`GG_b@B@@__OGE@?OC@_G?_G?oC?N@??Go?@o_?@r,[(22-23)-(18-21)-(14-15)-(12-20)-(10-11)-(9-19)-(8-17)-(7-16)-(6-13)-(4-5)-(2-3)-(0-1)],9.584426879882812e-05,0.02209949493408203,2,True,0
W|eII@`GG_b@B@@__OGE@?OC@_G?_G?oC?N@??Go?@o_?@r,[(21-22)-(18-23)-(14-15)-(12-20)-(10-11)-(9-19)-(8-17)-(7-16)-(6-13)-(4-5)-(2-3)-(0-1)],9.274482727050781e-05,0.029695510864257812,3,True,0
W|eII@`GG_b@B@@__OGE@?OC@_G?_G?oC?N@??Go?@o_?@r,[(21-22)-(18-23)-(14-15)-(12-20)-(10-11)-(9-19)-(8-17)-(7-16)-(6-13)-(4-5)-(2-3)-(0-1)],9.870529174804688e-05,0.030190229415893555,3,True,0
W|eII@`GG_b@B@@__OGE@?OC@_G?_G?oC?N@??Go?@o_?@r,[(19-20)-(18-23)-(15-22)-(14-21)-(11-12)-(9-10)-(8-17)-(7-16)-(6-13)-(4-5)-(2-3)-(0-1)],9.036064147949219e-05,0.014591455459594727,1,True,0
W|eII@`GG_b@B@@__OGE@?OC@_G?_G?oC?N@??Go?@o_?@r,[(19-20)-(18-23)-(15-22)-(14-21)-(11-12)-(9-10)-(8-17)-(7-16)-(6-13)-(4-5)-(2-3)-(0-1)],9.703636169433594e-05,0.04676651954650879,5,True,0
W|eII@`GG_b@B@@__OGE@?OC@_G?_G?oC?N@??Go?@o_?@r,[(22-23)-(19-20)-(18-21)-(14-15)-(11-12)-(9-10)-(8-17)-(7-16)-(6-13)-(4-5)-(2-3)-(0-1)],9.274482727050781e-05,0.06621360778808594,7,True,0
W|eII@`GG_b@B@@__OGE@?OC@_G?_G?oC?N@??Go?@o_?@r,[(22-23)-(19-20)-(18-21)-(14-15)-(11-12)-(9-10)-(8-17)-(7-16)-(6-13)-(4-5)-(2-3)-(0-1)],9.72747802734375e-05,0.0356137752532959,4,True,0
W|fIJ?`C?o`p?`?__GGB@?GC?oG?_G?sC?BB??WG?@o_?@r,[(18-23)-(15-16)-(14-22)-(13-21)-(12-20)-(10-19)-(9-17)-(7-8)-(6-11)-(4-5)-(2-3)-(0-1)],9.5367431640625e-05,0.09497690200805664,10,True,0
W|fIJ?`C?o`p?`?__GGB@?GC?oG?_G?sC?BB??WG?@o_?@r,[(18-23)-(15-16)-(14-22)-(13-21)-(12-20)-(10-19)-(9-17)-(7-8)-(6-11)-(4-5)-(2-3)-(0-1)],9.465217590332031e-05,0.014117240905761719,1,True,0
W|fIJ?`C?o`p?`?__GGB@?GC?oG?_G?sC?BB??WG?@o_?@r,[(18-23)-(16-22)-(14-15)-(13-21)-(12-20)-(10-19)-(9-17)-(7-8)-(6-11)-(4-5)-(2-3)-(0-1)],0.000102996826171875,0.10592460632324219,19,False,0
W|fIJ?`C?o`p?`?__GGB@?GC?oG?_G?sC?BB??WG?@o_?@r,[(18-23)-(16-22)-(14-15)-(13-21)-(12-20)-(10-19)-(9-17)-(7-8)-(6-11)-(4-5)-(2-3)-(0-1)],9.226799011230469e-05,0.0222933292388916,2,False,0
W|fIJ?`C?o`p?`?__GGB@?GC?oG?_G?sC?BB??WG?@o_?@r,[(21-22)-(18-23)-(15-16)-(13-14)-(12-20)-(10-19)-(9-17)-(7-8)-(6-11)-(4-5)-(2-3)-(0-1)],0.0001049041748046875,0.07248830795288086,8,True,0
W|fIJ?`C?o`p?`?__GGB@?GC?oG?_G?sC?BB??WG?@o_?@r,[(21-22)-(18-23)-(15-16)-(13-14)-(12-20)-(10-19)-(9-17)-(7-8)-(6-11)-(4-5)-(2-3)-(0-1)],9.393692016601562e-05,0.03764629364013672,4,False,0
W|fIJ?`C?o`p?`?__GGB@?GC?oG?_G?sC?BB??WG?@o_?@r,[(22-23)-(18-20)-(15-16)-(14-21)-(12-13)-(10-19)-(9-17)-(7-8)-(6-11)-(4-5)-(2-3)-(0-1)],9.34600830078125e-05,0.022274017333984375,2,False,0
W|fIJ?`C?o`p?`?__GGB@?GC?oG?_G?sC?BB??WG?@o_?@r,[(22-23)-(18-20)-(15-16)-(14-21)-(12-13)-(10-19)-(9-17)-(7-8)-(6-11)-(4-5)-(2-3)-(0-1)],0.00010824203491210938,0.04684615135192871,5,True,0
W|fIJ?`C?o`p?`?__GGB@?GC?oG?_G?sC?BB??WG?@o_?@r,[(18-20)-(16-23)-(15-22)-(14-21)-(12-13)-(10-19)-(9-17)-(7-8)-(6-11)-(4-5)-(2-3)-(0-1)],8.96453857421875e-05,0.030472517013549805,3,False,0
W|fIJ?`C?o`p?`?__GGB@?GC?oG?_G?sC?BB??WG?@o_?@r,[(18-20)-(16-23)-(15-22)-(14-21)-(12-13)-(10-19)-(9-17)-(7-8)-(6-11)-(4-5)-(2-3)-(0-1)],9.465217590332031e-05,0.0229489803314209,2,False,0
W|fIJ?`C?o`p?`?__GGB@?GC?oG?_G?sC?BB??WG?@o_?@r,[(21-23)-(18-20)-(15-16)-(14-22)-(12-13)-(10-19)-(9-17)-(7-8)-(6-11)-(4-5)-(2-3)-(0-1)],9.131431579589844e-05,0.0487213134765625,5,True,0
W|fIJ?`C?o`p?`?__GGB@?GC?oG?_G?sC?BB??WG?@o_?@r,[(21-23)-(18-20)-(15-16)-(14-22)-(12-13)-(10-19)-(9-17)-(7-8)-(6-11)-(4-5)-(2-3)-(0-1)],9.632110595703125e-05,0.020966291427612305,2,True,0
W|fIJ?`C?o`p?`?__GGB@?GC?oG?_G?sC?BB??WG?@o_?@r,[(20-21)-(18-23)-(15-16)-(14-22)-(12-13)-(10-19)-(9-17)-(7-8)-(6-11)-(4-5)-(2-3)-(0-1)],9.34600830078125e-05,0.05494976043701172,6,True,0
W|fIJ?`C?o`p?`?__GGB@?GC?oG?_G?sC?BB??WG?@o_?@r,[(20-21)-(18-23)-(15-16)-(14-22)-(12-13)-(10-19)-(9-17)-(7-8)-(6-11)-(4-5)-(2-3)-(0-1)],9.5367431640625e-05,0.07120537757873535,15,False,0
W|fIJ?`C?o`p?`?__GGB@?GC?oG?_G?sC?BB??WG?@o_?@r,[(21-23)-(18-20)-(16-22)-(14-15)-(12-13)-(10-19)-(9-17)-(7-8)-(6-11)-(4-5)-(2-3)-(0-1)],9.202957153320312e-05,0.0289614200592041,3,True,0
W|fIJ?`C?o`p?`?__GGB@?GC?oG?_G?sC?BB??WG?@o_?@r,[(21-23)-(18-20)-(16-22)-(14-15)-(12-13)-(10-19)-(9-17)-(7-8)-(6-11)-(4-5)-(2-3)-(0-1)],9.512901306152344e-05,0.028804540634155273,3,True,0
W|fIJ?`C?o`p?`?__GGB@?GC?oG?_G?sC?BB??WG?@o_?@r,[(20-21)-(18-23)-(16-22)-(14-15)-(12-13)-(10-19)-(9-17)-(7-8)-(6-11)-(4-5)-(2-3)-(0-1)],0.00010061264038085938,0.10053348541259766,18,False,0
W|fIJ?`C?o`p?`?__GGB@?GC?oG?_G?sC?BB??WG?@o_?@r,[(20-21)-(18-23)-(16-22)-(14-15)-(12-13)-(10-19)-(9-17)-(7-8)-(6-11)-(4-5)-(2-3)-(0-1)],9.226799011230469e-05,0.03636598587036133,4,True,0
W|fIJ?`C?o`p?`?__GGB@?GC?oG?_G?sC?BB??WG?@o_?@r,[(21-22)-(18-20)-(16-23)-(14-15)-(12-13)-(10-19)-(9-17)-(7-8)-(6-11)-(4-5)-(2-3)-(0-1)],9.632110595703125e-05,0.04530620574951172,5,True,0
W|fIJ?`C?o`p?`?__GGB@?GC?oG?_G?sC?BB??WG?@o_?@r,[(21-22)-(18-20)-(16-23)-(14-15)-(12-13)-(10-19)-(9-17)-(7-8)-(6-11)-(4-5)-(2-3)-(0-1)],9.5367431640625e-05,0.028202295303344727,3,True,0
W|eIID_K?o`_@`?o_GGB@?GC?oG?oG?WC?C@??wG?@p_?@{,[(20-23)-(15-22)-(13-14)-(12-21)-(11-19)-(10-18)-(9-17)-(8-16)-(6-7)-(4-5)-(2-3)-(0-1)],9.417533874511719e-05,0.03678011894226074,4,True,0
W|eIID_K?o`_@`?o_GGB@?GC?oG?oG?WC?C@??wG?@p_?@{,[(20-23)-(15-22)-(13-14)-(12-21)-(11-19)-(10-18)-(9-17)-(8-16)-(6-7)-(4-5)-(2-3)-(0-1)],9.846687316894531e-05,0.0500643253326416,5,True,0
W|eIID_K?o`_@`?o_GGB@?GC?oG?oG?WC?C@??wG?@p_?@{,[(20-23)-(15-22)-(14-21)-(12-13)-(11-19)-(10-18)-(9-17)-(8-16)-(6-7)-(4-5)-(2-3)-(0-1)],9.107589721679688e-05,0.029088258743286133,3,True,0
W|eIID_K?o`_@`?o_GGB@?GC?oG?oG?WC?C@??wG?@p_?@{,[(20-23)-(15-22)-(14-21)-(12-13)-(11-19)-(10-18)-(9-17)-(8-16)-(6-7)-(4-5)-(2-3)-(0-1)],9.34600830078125e-05,0.0296633243560791,3,True,0
W|eIID_K?o`_@`?o_GGB@?GC?oG?oG?WC?C@??wG?@p_?@{,[(21-22)-(20-23)-(14-15)-(12-13)-(11-19)-(10-18)-(9-17)-(8-16)-(6-7)-(4-5)-(2-3)-(0-1)],9.059906005859375e-05,0.03774380683898926,4,True,0
W|eIID_K?o`_@`?o_GGB@?GC?oG?oG?WC?C@??wG?@p_?@{,[(21-22)-(20-23)-(14-15)-(12-13)-(11-19)-(10-18)-(9-17)-(8-16)-(6-7)-(4-5)-(2-3)-(0-1)],9.608268737792969e-05,0.06088376045227051,7,True,0
W|eIID_K?o`_@`?o_GGB@?GC?oG?oG?WC?C@??wG?@p_?@{,[(19-23)-(15-22)-(13-14)-(12-21)-(11-20)-(10-18)-(9-17)-(8-16)-(6-7)-(4-5)-(2-3)-(0-1)],9.036064147949219e-05,0.022011280059814453,2,False,0
W|eIID_K?o`_@`?o_GGB@?GC?oG?oG?WC?C@??wG?@p_?@{,[(19-23)-(15-22)-(13-14)-(12-21)-(11-20)-(10-18)-(9-17)-(8-16)-(6-7)-(4-5)-(2-3)-(0-1)],9.775161743164062e-05,0.048219919204711914,5,True,0
W|eIID_K?o`_@`?o_GGB@?GC?oG?oG?WC?C@??wG?@p_?@{,[(19-23)-(15-22)-(14-21)-(12-13)-(11-20)-(10-18)-(9-17)-(8-16)-(6-7)-(4-5)-(2-3)-(0-1)],9.226799011230469e-05,0.03804278373718262,4,True,0
W|eIID_K?o`_@`?o_GGB@?GC?oG?oG?WC?C@??wG?@p_?@{,[(19-23)-(15-22)-(14-21)-(12-13)-(11-20)-(10-18)-(9-17)-(8-16)-(6-7)-(4-5)-(2-3)-(0-1)],9.512901306152344e-05,0.06970334053039551,15,False,0
W|eIID_K?o`_@`?o_GGB@?GC?oG?oG?WC?C@??wG?@p_?@{,[(21-22)-(19-23)-(14-15)-(12-13)-(11-20)-(10-18)-(9-17)-(8-16)-(6-7)-(4-5)-(2-3)-(0-1)],9.632110595703125e-05,0.029903411865234375,3,True,0
W|eIID_K?o`_@`?o_GGB@?GC?oG?oG?WC?C@??wG?@p_?@{,[(21-22)-(19-23)-(14-15)-(12-13)-(11-20)-(10-18)-(9-17)-(8-16)-(6-7)-(4-5)-(2-3)-(0-1)],9.512901306152344e-05,0.11709880828857422,17,False,0
W|eIID_K?o`_@`?o_GGB@?GC?oG?oG?WC?C@??wG?@p_?@{,[(20-22)-(19-23)-(14-15)-(13-21)-(11-12)-(10-18)-(9-17)-(8-16)-(6-7)-(4-5)-(2-3)-(0-1)],8.988380432128906e-05,0.04736518859863281,5,True,0
W|eIID_K?o`_@`?o_GGB@?GC?oG?oG?WC?C@??wG?@p_?@{,[(20-22)-(19-23)-(14-15)-(13-21)-(11-12)-(10-18)-(9-17)-(8-16)-(6-7)-(4-5)-(2-3)-(0-1)],9.5367431640625e-05,0.02965712547302246,3,True,0
W|eIID_K?o`_@`?o_GGB@?GC?oG?oG?WC?C@??wG?@p_?@{,[(20-21)-(19-23)-(15-22)-(13-14)-(11-12)-(10-18)-(9-17)-(8-16)-(6-7)-(4-5)-(2-3)-(0-1)],9.036064147949219e-05,0.02941751480102539,3,True,0
W|eIID_K?o`_@`?o_GGB@?GC?oG?oG?WC?C@??wG?@p_?@{,[(20-21)-(19-23)-(15-22)-(13-14)-(11-12)-(10-18)-(9-17)-(8-16)-(6-7)-(4-5)-(2-3)-(0-1)],9.465217590332031e-05,0.037645816802978516,4,True,0
W|eIID_K?o`_@`?o_GGB@?GC?oG?oG?WC?C@??wG?@p_?@{,[(18-23)-(15-22)-(13-14)-(12-21)-(11-20)-(10-19)-(9-17)-(8-16)-(6-7)-(4-5)-(2-3)-(0-1)],9.775161743164062e-05,0.021010637283325195,2,True,0
W|eIID_K?o`_@`?o_GGB@?GC?oG?oG?WC?C@??wG?@p_?@{,[(18-23)-(15-22)-(13-14)-(12-21)-(11-20)-(10-19)-(9-17)-(8-16)-(6-7)-(4-5)-(2-3)-(0-1)],9.512901306152344e-05,0.04855632781982422,5,True,0
W|eIID_K?o`_@`?o_GGB@?GC?oG?oG?WC?C@??wG?@p_?@{,[(18-23)-(15-22)-(14-21)-(12-13)-(11-20)-(10-19)-(9-17)-(8-16)-(6-7)-(4-5)-(2-3)-(0-1)],8.988380432128906e-05,0.04783749580383301,5,True,0
W|eIID_K?o`_@`?o_GGB@?GC?oG?oG?WC?C@??wG?@p_?@{,[(18-23)-(15-22)-(14-21)-(12-13)-(11-20)-(10-19)-(9-17)-(8-16)-(6-7)-(4-5)-(2-3)-(0-1)],9.584426879882812e-05,0.014711380004882812,1,True,0
WtfIID_GH?A@E@B__OwAX?O?@_G@_G?_C?W@?AEG??R_?@x,[(19-23)-(16-22)-(15-21)-(13-14)-(11-12)-(10-20)-(9-18)-(8-17)-(6-7)-(4-5)-(2-3)-(0-1)],9.1552734375e-05,0.028274059295654297,3,True,0
WtfIID_GH?A@E@B__OwAX?O?@_G@_G?_C?W@?AEG??R_?@x,[(19-23)-(16-22)-(15-21)-(13-14)-(11-12)-(10-20)-(9-18)-(8-17)-(6-7)-(4-5)-(2-3)-(0-1)],9.655952453613281e-05,0.050933837890625,6,True,0
WtfIID_GH?A@E@B__OwAX?O?@_G@_G?_C?W@?AEG??R_?@x,[(19-22)-(16-23)-(15-21)-(13-14)-(11-12)-(10-20)-(9-18)-(8-17)-(6-7)-(4-5)-(2-3)-(0-1)],9.250640869140625e-05,0.044149160385131836,5,True,0
WtfIID_GH?A@E@B__OwAX?O?@_G@_G?_C?W@?AEG??R_?@x,[(19-22)-(16-23)-(15-21)-(13-14)-(11-12)-(10-20)-(9-18)-(8-17)-(6-7)-(4-5)-(2-3)-(0-1)],9.584426879882812e-05,0.02965259552001953,3,True,0
WtfIID_GH?A@E@B__OwAX?O?@_G@_G?_C?W@?AEG??R_?@x,[(19-23)-(16-22)-(15-21)-(12-13)-(11-14)-(10-20)-(9-18)-(8-17)-(6-7)-(4-5)-(2-3)-(0-1)],8.96453857421875e-05,0.07770347595214844,15,False,0
WtfIID_GH?A@E@B__OwAX?O?@_G@_G?_C?W@?AEG??R_?@x,[(19-23)-(16-22)-(15-21)-(12-13)-(11-14)-(10-20)-(9-18)-(8-17)-(6-7)-(4-5)-(2-3)-(0-1)],9.179115295410156e-05,0.02860713005065918,3,True,0
WtfIID_GH?A@E@B__OwAX?O?@_G@_G?_C?W@?AEG??R_?@x,[(19-22)-(16-23)-(15-21)-(12-13)-(11-14)-(10-20)-(9-18)-(8-17)-(6-7)-(4-5)-(2-3)-(0-1)],8.821487426757812e-05,0.11611533164978027,18,False,0
WtfIID_GH?A@E@B__OwAX?O?@_G@_G?_C?W@?AEG??R_?@x,[(19-22)-(16-23)-(15-21)-(12-13)-(11-14)-(10-20)-(9-18)-(8-17)-(6-7)-(4-5)-(2-3)-(0-1)],9.5367431640625e-05,0.03629350662231445,4,True,0
WtfIID_GH?A@E@B__OwAX?O?@_G@_G?_C?W@?AEG??R_?@x,[(22-23)-(19-20)-(16-21)-(14-15)-(12-13)-(10-11)-(9-18)-(8-17)-(6-7)-(4-5)-(2-3)-(0-1)],9.393692016601562e-05,0.020418643951416016,2,True,0
WtfIID_GH?A@E@B__OwAX?O?@_G@_G?_C?W@?AEG??R_?@x,[(22-23)-(19-20)-(16-21)-(14-15)-(12-13)-(10-11)-(9-18)-(8-17)-(6-7)-(4-5)-(2-3)-(0-1)],9.679794311523438e-05,0.050775766372680664,6,True,0
WtfIID_GH?A@E@B__OwAX?O?@_G@_G?_C?W@?AEG??R_?@x,[(20-22)-(19-23)-(16-21)-(14-15)-(12-13)-(10-11)-(9-18)-(8-17)-(6-7)-(4-5)-(2-3)-(0-1)],9.012222290039062e-05,0.04834389686584473,12,False,0
WtfIID_GH?A@E@B__OwAX?O?@_G@_G?_C?W@?AEG??R_?@x,[(20-22)-(19-23)-(16-21)-(14-15)-(12-13)-(10-11)-(9-18)-(8-17)-(6-7)-(4-5)-(2-3)-(0-1)],9.655952453613281e-05,0.04473257064819336,5,True,0
WtfIID_GH?A@E@B__OwAX?O?@_G@_G?_C?W@?AEG??R_?@x,[(20-21)-(19-23)-(16-22)-(14-15)-(12-13)-(10-11)-(9-18)-(8-17)-(6-7)-(4-5)-(2-3)-(0-1)],9.059906005859375e-05,0.014322757720947266,1,True,0
WtfIID_GH?A@E@B__OwAX?O?@_G@_G?_C?W@?AEG??R_?@x,[(20-21)-(19-23)-(16-22)-(14-15)-(12-13)-(10-11)-(9-18)-(8-17)-(6-7)-(4-5)-(2-3)-(0-1)],9.608268737792969e-05,0.06048703193664551,6,False,0
WtfIID_GH?A@E@B__OwAX?O?@_G@_G?_C?W@?AEG??R_?@x,[(21-22)-(19-20)-(16-23)-(14-15)-(12-13)-(10-11)-(9-18)-(8-17)-(6-7)-(4-5)-(2-3)-(0-1)],8.988380432128906e-05,0.05823945999145508,7,True,0
WtfIID_GH?A@E@B__OwAX?O?@_G@_G?_C?W@?AEG??R_?@x,[(21-22)-(19-20)-(16-23)-(14-15)-(12-13)-(10-11)-(9-18)-(8-17)-(6-7)-(4-5)-(2-3)-(0-1)],9.584426879882812e-05,0.027997970581054688,3,True,0
WtfIID_GH?A@E@B__OwAX?O?@_G@_G?_C?W@?AEG??R_?@x,[(20-21)-(19-22)-(16-23)-(14-15)-(12-13)-(10-11)-(9-18)-(8-17)-(6-7)-(4-5)-(2-3)-(0-1)],9.298324584960938e-05,0.03636479377746582,4,True,0
WtfIID_GH?A@E@B__OwAX?O?@_G@_G?_C?W@?AEG??R_?@x,[(20-21)-(19-22)-(16-23)-(14-15)-(12-13)-(10-11)-(9-18)-(8-17)-(6-7)-(4-5)-(2-3)-(0-1)],0.000102996826171875,0.13794565200805664,22,False,0
WtfIID_GH?A@E@B__OwAX?O?@_G@_G?_C?W@?AEG??R_?@x,[(22-23)-(19-20)-(16-21)-(13-14)-(11-12)-(10-15)-(9-18)-(8-17)-(6-7)-(4-5)-(2-3)-(0-1)],9.059906005859375e-05,0.03759646415710449,4,False,0
WtfIID_GH?A@E@B__OwAX?O?@_G@_G?_C?W@?AEG??R_?@x,[(22-23)-(19-20)-(16-21)-(13-14)-(11-12)-(10-15)-(9-18)-(8-17)-(6-7)-(4-5)-(2-3)-(0-1)],9.226799011230469e-05,0.021466970443725586,2,True,0
WtfIID`GH?A@E@B__WGB_?CC?WG?OG?WC?E`??M???[_??^,[(21-23)-(18-22)-(15-16)-(13-14)-(12-20)-(11-19)-(10-17)-(8-9)-(6-7)-(4-5)-(2-3)-(0-1)],9.012222290039062e-05,0.0441594123840332,5,True,0
WtfIID`GH?A@E@B__WGB_?CC?WG?OG?WC?E`??M???[_??^,[(21-23)-(18-22)-(15-16)-(13-14)-(12-20)-(11-19)-(10-17)-(8-9)-(6-7)-(4-5)-(2-3)-(0-1)],9.512901306152344e-05,0.0363461971282959,4,True,0
WtfIID`GH?A@E@B__WGB_?CC?WG?OG?WC?E`??M???[_??^,[(21-22)-(18-23)-(15-16)-(13-14)-(12-20)-(11-19)-(10-17)-(8-9)-(6-7)-(4-5)-(2-3)-(0-1)],9.34600830078125e-05,0.021230697631835938,2,True,0
WtfIID`GH?A@E@B__WGB_?CC?WG?OG?WC?E`??M???[_??^,[(21-22)-(18-23)-(15-16)-(13-14)-(12-20)-(11-19)-(10-17)-(8-9)-(6-7)-(4-5)-(2-3)-(0-1)],9.560585021972656e-05,0.031815290451049805,3,False,0
WtfIID`GH?A@E@B__WGB_?CC?WG?OG?WC?E`??M???[_??^,[(18-23)-(16-22)-(15-21)-(13-14)-(12-20)-(11-19)-(10-17)-(8-9)-(6-7)-(4-5)-(2-3)-(0-1)],9.846687316894531e-05,0.11155104637145996,12,False,0
WtfIID`GH?A@E@B__WGB_?CC?WG?OG?WC?E`??M???[_??^,[(18-23)-(16-22)-(15-21)-(13-14)-(12-20)-(11-19)-(10-17)-(8-9)-(6-7)-(4-5)-(2-3)-(0-1)],9.584426879882812e-05,0.010467290878295898,1,True,0
WtfIID`GH?A@E@B__WGB_?CC?WG?OG?WC?E`??M???[_??^,[(21-23)-(18-22)-(15-16)-(14-20)-(12-13)-(11-19)-(10-17)-(8-9)-(6-7)-(4-5)-(2-3)-(0-1)],9.441375732421875e-05,0.06722569465637207,7,True,0
WtfIID`GH?A@E@B__WGB_?CC?WG?OG?WC?E`??M???[_??^,[(21-23)-(18-22)-(15-16)-(14-20)-(12-13)-(11-19)-(10-17)-(8-9)-(6-7)-(4-5)-(2-3)-(0-1)],9.226799011230469e-05,0.03128170967102051,3,False,0
WtfIID`GH?A@E@B__WGB_?CC?WG?OG?WC?E`??M???[_??^,[(21-22)-(18-23)-(15-16)-(14-20)-(12-13)-(11-19)-(10-17)-(8-9)-(6-7)-(4-5)-(2-3)-(0-1)],9.107589721679688e-05,0.027969837188720703,3,True,0
WtfIID`GH?A@E@B__WGB_?CC?WG?OG?WC?E`??M???[_??^,[(21-22)-(18-23)-(15-16)-(14-20)-(12-13)-(11-19)-(10-17)-(8-9)-(6-7)-(4-5)-(2-3)-(0-1)],9.5367431640625e-05,0.06902527809143066,8,True,0
WtfIID`GH?A@E@B__WGB_?CC?WG?OG?WC?E`??M???[_??^,[(18-23)-(16-22)-(15-21)-(14-20)-(12-13)-(11-19)-(10-17)-(8-9)-(6-7)-(4-5)-(2-3)-(0-1)],9.059906005859375e-05,0.05466651916503906,6,True,0
WtfIID`GH?A@E@B__WGB_?CC?WG?OG?WC?E`??M???[_??^,[(18-23)-(16-22)-(15-21)-(14-20)-(12-13)-(11-19)-(10-17)-(8-9)-(6-7)-(4-5)-(2-3)-(0-1)],9.775161743164062e-05,0.08462095260620117,16,False,0
WtfIID`GH?A@E@B__WGB_?CC?WG?OG?WC?E`??M???[_??^,[(20-23)-(18-22)-(15-16)-(14-21)-(12-13)-(11-19)-(10-17)-(8-9)-(6-7)-(4-5)-(2-3)-(0-1)],8.916854858398438e-05,0.03962278366088867,5,True,0
WtfIID`GH?A@E@B__WGB_?CC?WG?OG?WC?E`??M???[_??^,[(20-23)-(18-22)-(15-16)-(14-21)-(12-13)-(11-19)-(10-17)-(8-9)-(6-7)-(4-5)-(2-3)-(0-1)],9.274482727050781e-05,0.029384374618530273,3,True,0
WtfIID`GH?A@E@B__WGB_?CC?WG?OG?WC?E`??M???[_??^,[(22-23)-(18-19)-(15-16)-(14-21)-(12-13)-(11-20)-(10-17)-(8-9)-(6-7)-(4-5)-(2-3)-(0-1)],8.797645568847656e-05,0.05251884460449219,6,True,0
WtfIID`GH?A@E@B__WGB_?CC?WG?OG?WC?E`??M???[_??^,[(22-23)-(18-19)-(15-16)-(14-21)-(12-13)-(11-20)-(10-17)-(8-9)-(6-7)-(4-5)-(2-3)-(0-1)],0.00010991096496582031,0.014129400253295898,1,True,0
WtfIID`GH?A@E@B__WGB_?CC?WG?OG?WC?E`??M???[_??^,[(19-23)-(18-22)-(15-16)-(14-21)-(12-13)-(11-20)-(10-17)-(8-9)-(6-7)-(4-5)-(2-3)-(0-1)],9.107589721679688e-05,0.02810192108154297,3,True,0
WtfIID`GH?A@E@B__WGB_?CC?WG?OG?WC?E`??M???[_??^,[(19-23)-(18-22)-(15-16)-(14-21)-(12-13)-(11-20)-(10-17)-(8-9)-(6-7)-(4-5)-(2-3)-(0-1)],9.512901306152344e-05,0.11359906196594238,16,False,0
WtfIID`GH?A@E@B__WGB_?CC?WG?OG?WC?E`??M???[_??^,[(21-22)-(20-23)-(18-19)-(15-16)-(13-14)-(11-12)-(10-17)-(8-9)-(6-7)-(4-5)-(2-3)-(0-1)],9.632110595703125e-05,0.021273136138916016,2,True,0
WtfIID`GH?A@E@B__WGB_?CC?WG?OG?WC?E`??M???[_??^,[(21-22)-(20-23)-(18-19)-(15-16)-(13-14)-(11-12)-(10-17)-(8-9)-(6-7)-(4-5)-(2-3)-(0-1)],9.441375732421875e-05,0.020927906036376953,2,True,0
WteIID@W@?e@E@B?_oGE@?WC?_G@_G?oC?K@??wG??w_??|,[(17-23)-(15-22)-(13-14)-(12-21)-(11-20)-(10-19)-(9-18)-(8-16)-(6-7)-(4-5)-(2-3)-(0-1)],9.34600830078125e-05,0.06105756759643555,7,True,0
WteIID@W@?e@E@B?_oGE@?WC?_G@_G?oC?K@??wG??w_??|,[(17-23)-(15-22)-(13-14)-(12-21)-(11-20)-(10-19)-(9-18)-(8-16)-(6-7)-(4-5)-(2-3)-(0-1)],9.512901306152344e-05,0.04712319374084473,5,True,0
WteIID@W@?e@E@B?_oGE@?WC?_G@_G?oC?K@??wG??w_??|,[(17-23)-(15-22)-(14-21)-(12-13)-(11-20)-(10-19)-(9-18)-(8-16)-(6-7)-(4-5)-(2-3)-(0-1)],0.00011277198791503906,0.09300589561462402,17,False,0
WteIID@W@?e@E@B?_oGE@?WC?_G@_G?oC?K@??wG??w_??|,[(17-23)-(15-22)-(14-21)-(12-13)-(11-20)-(10-19)-(9-18)-(8-16)-(6-7)-(4-5)-(2-3)-(0-1)],9.560585021972656e-05,0.04824399948120117,6,True,0
WteIID@W@?e@E@B?_oGE@?WC?_G@_G?oC?K@??wG??w_??|,[(21-22)-(17-23)-(14-15)-(12-13)-(11-20)-(10-19)-(9-18)-(8-16)-(6-7)-(4-5)-(2-3)-(0-1)],8.7738037109375e-05,0.03636622428894043,4,True,0
WteIID@W@?e@E@B?_oGE@?WC?_G@_G?oC?K@??wG??w_??|,[(21-22)-(17-23)-(14-15)-(12-13)-(11-20)-(10-19)-(9-18)-(8-16)-(6-7)-(4-5)-(2-3)-(0-1)],9.655952453613281e-05,0.06850028038024902,14,False,0
WteIID@W@?e@E@B?_oGE@?WC?_G@_G?oC?K@??wG??w_??|,[(20-23)-(17-22)-(14-15)-(13-21)-(11-12)-(10-19)-(9-18)-(8-16)-(6-7)-(4-5)-(2-3)-(0-1)],9.179115295410156e-05,0.12751483917236328,23,False,0
WteIID@W@?e@E@B?_oGE@?WC?_G@_G?oC?K@??wG??w_??|,[(20-23)-(17-22)-(14-15)-(13-21)-(11-12)-(10-19)-(9-18)-(8-16)-(6-7)-(4-5)-(2-3)-(0-1)],9.226799011230469e-05,0.02873086929321289,3,True,0
WteIID@W@?e@E@B?_oGE@?WC?_G@_G?oC?K@??wG??w_??|,[(20-21)-(17-23)-(15-22)-(13-14)-(11-12)-(10-19)-(9-18)-(8-16)-(6-7)-(4-5)-(2-3)-(0-1)],9.083747863769531e-05,0.014118194580078125,1,True,0
WteIID@W@?e@E@B?_oGE@?WC?_G@_G?oC?K@??wG??w_??|,[(20-21)-(17-23)-(15-22)-(13-14)-(11-12)-(10-19)-(9-18)-(8-16)-(6-7)-(4-5)-(2-3)-(0-1)],9.393692016601562e-05,0.03824329376220703,4,True,0
WteIID@W@?e@E@B?_oGE@?WC?_G@_G?oC?K@??wG??w_??|,[(19-23)-(17-22)-(14-15)-(13-21)-(11-12)-(10-20)-(9-18)-(8-16)-(6-7)-(4-5)-(2-3)-(0-1)],0.00012373924255371094,0.06384754180908203,7,True,0
WteIID@W@?e@E@B?_oGE@?WC?_G@_G?oC?K@??wG??w_??|,[(19-23)-(17-22)-(14-15)-(13-21)-(11-12)-(10-20)-(9-18)-(8-16)-(6-7)-(4-5)-(2-3)-(0-1)],9.512901306152344e-05,0.031159639358520508,3,True,0
WteIID@W@?e@E@B?_oGE@?WC?_G@_G?oC?K@??wG??w_??|,[(19-20)-(17-23)-(15-22)-(13-14)-(12-21)-(10-11)-(9-18)-(8-16)-(6-7)-(4-5)-(2-3)-(0-1)],9.202957153320312e-05,0.02876138687133789,3,True,0
WteIID@W@?e@E@B?_oGE@?WC?_G@_G?oC?K@??wG??w_??|,[(19-20)-(17-23)-(15-22)-(13-14)-(12-21)-(10-11)-(9-18)-(8-16)-(6-7)-(4-5)-(2-3)-(0-1)],9.489059448242188e-05,0.05817246437072754,6,True,0
WteIID@W@?e@E@B?_oGE@?WC?_G@_G?oC?K@??wG??w_??|,[(19-20)-(17-23)-(15-22)-(14-21)-(12-13)-(10-11)-(9-18)-(8-16)-(6-7)-(4-5)-(2-3)-(0-1)],9.1552734375e-05,0.03976798057556152,4,True,0
WteIID@W@?e@E@B?_oGE@?WC?_G@_G?oC?K@??wG??w_??|,[(19-20)-(17-23)-(15-22)-(14-21)-(12-13)-(10-11)-(9-18)-(8-16)-(6-7)-(4-5)-(2-3)-(0-1)],9.799003601074219e-05,0.03146648406982422,3,True,0
WteIID@W@?e@E@B?_oGE@?WC?_G@_G?oC?K@??wG??w_??|,[(20-21)-(19-23)-(17-22)-(14-15)-(12-13)-(10-11)-(9-18)-(8-16)-(6-7)-(4-5)-(2-3)-(0-1)],9.489059448242188e-05,0.03630232810974121,4,True,0
WteIID@W@?e@E@B?_oGE@?WC?_G@_G?oC?K@??wG??w_??|,[(20-21)-(19-23)-(17-22)-(14-15)-(12-13)-(10-11)-(9-18)-(8-16)-(6-7)-(4-5)-(2-3)-(0-1)],0.00010943412780761719,0.03682684898376465,4,True,0
WteIID@W@?e@E@B?_oGE@?WC?_G@_G?oC?K@??wG??w_??|,[(21-22)-(19-20)-(17-23)-(14-15)-(12-13)-(10-11)-(9-18)-(8-16)-(6-7)-(4-5)-(2-3)-(0-1)],8.893013000488281e-05,0.020991086959838867,2,True,0
WteIID@W@?e@E@B?_oGE@?WC?_G@_G?oC?K@??wG??w_??|,[(21-22)-(19-20)-(17-23)-(14-15)-(12-13)-(10-11)-(9-18)-(8-16)-(6-7)-(4-5)-(2-3)-(0-1)],9.5367431640625e-05,0.022855043411254883,2,True,0
W|fIB?pEGW_p?`?__WGA??MC?CW?CG?EC?@`??KG??k_??^,[(21-23)-(17-22)-(15-16)-(14-20)-(13-19)-(12-18)-(9-10)-(7-8)-(6-11)-(4-5)-(2-3)-(0-1)],9.489059448242188e-05,0.10675740242004395,14,True,0
W|fIB?pEGW_p?`?__WGA??MC?CW?CG?EC?@`??KG??k_??^,[(21-23)-(17-22)-(15-16)-(14-20)-(13-19)-(12-18)-(9-10)-(7-8)-(6-11)-(4-5)-(2-3)-(0-1)],9.465217590332031e-05,0.0751035213470459,10,True,0
W|fIB?pEGW_p?`?__WGA??MC?CW?CG?EC?@`??KG??k_??^,[(22-23)-(16-17)-(15-21)-(14-20)-(13-19)-(12-18)-(9-10)-(7-8)-(6-11)-(4-5)-(2-3)-(0-1)],8.988380432128906e-05,0.03778409957885742,4,True,0
W|fIB?pEGW_p?`?__WGA??MC?CW?CG?EC?@`??KG??k_??^,[(22-23)-(16-17)-(15-21)-(14-20)-(13-19)-(12-18)-(9-10)-(7-8)-(6-11)-(4-5)-(2-3)-(0-1)],0.00010561943054199219,0.028417110443115234,3,True,0
W|fIB?pEGW_p?`?__WGA??MC?CW?CG?EC?@`??KG??k_??^,[(21-23)-(16-17)-(15-22)-(14-20)-(13-19)-(12-18)-(9-10)-(7-8)-(6-11)-(4-5)-(2-3)-(0-1)],8.940696716308594e-05,0.03735613822937012,4,True,0
W|fIB?pEGW_p?`?__WGA??MC?CW?CG?EC?@`??KG??k_??^,[(21-23)-(16-17)-(15-22)-(14-20)-(13-19)-(12-18)-(9-10)-(7-8)-(6-11)-(4-5)-(2-3)-(0-1)],9.584426879882812e-05,0.036112308502197266,4,True,0
W|fIB?pEGW_p?`?__WGA??MC?CW?CG?EC?@`??KG??k_??^,[(20-23)-(17-22)-(15-16)-(14-21)-(13-19)-(12-18)-(9-10)-(7-8)-(6-11)-(4-5)-(2-3)-(0-1)],9.1552734375e-05,0.027932167053222656,3,True,0
W|fIB?pEGW_p?`?__WGA??MC?CW?CG?EC?@`??KG??k_??^,[(20-23)-(17-22)-(15-16)-(14-21)-(13-19)-(12-18)-(9-10)-(7-8)-(6-11)-(4-5)-(2-3)-(0-1)],9.489059448242188e-05,0.057691335678100586,7,True,0
W|fIB?pEGW_p?`?__WGA??MC?CW?CG?EC?@`??KG??k_??^,[(20-23)-(16-17)-(15-22)-(14-21)-(13-19)-(12-18)-(9-10)-(7-8)-(6-11)-(4-5)-(2-3)-(0-1)],9.1552734375e-05,0.028565645217895508,3,True,0
W|fIB?pEGW_p?`?__WGA??MC?CW?CG?EC?@`??KG??k_??^,[(20-23)-(16-17)-(15-22)-(14-21)-(13-19)-(12-18)-(9-10)-(7-8)-(6-11)-(4-5)-(2-3)-(0-1)],9.5367431640625e-05,0.0418095588684082,5,True,0
W|fIB?pEGW_p?`?__WGA??MC?CW?CG?EC?@`??KG??k_??^,[(19-23)-(17-22)-(15-16)-(14-21)-(13-20)-(12-18)-(9-10)-(7-8)-(6-11)-(4-5)-(2-3)-(0-1)],9.1552734375e-05,0.0898590087890625,17,False,0
W|fIB?pEGW_p?`?__WGA??MC?CW?CG?EC?@`??KG??k_??^,[(19-23)-(17-22)-(15-16)-(14-21)-(13-20)-(12-18)-(9-10)-(7-8)-(6-11)-(4-5)-(2-3)-(0-1)],9.226799011230469e-05,0.06332874298095703,8,True,0
W|fIB?pEGW_p?`?__WGA??MC?CW?CG?EC?@`??KG??k_??^,[(19-23)-(16-17)-(15-22)-(14-21)-(13-20)-(12-18)-(9-10)-(7-8)-(6-11)-(4-5)-(2-3)-(0-1)],0.00011134147644042969,0.02843952178955078,3,True,0
W|fIB?pEGW_p?`?__WGA??MC?CW?CG?EC?@`??KG??k_??^,[(19-23)-(16-17)-(15-22)-(14-21)-(13-20)-(12-18)-(9-10)-(7-8)-(6-11)-(4-5)-(2-3)-(0-1)],9.393692016601562e-05,0.03743600845336914,4,False,0
W|fIB?pEGW_p?`?__WGA??MC?CW?CG?EC?@`??KG??k_??^,[(21-23)-(19-20)-(17-22)-(15-16)-(13-14)-(12-18)-(9-10)-(7-8)-(6-11)-(4-5)-(2-3)-(0-1)],9.512901306152344e-05,0.04493212699890137,5,True,0
W|fIB?pEGW_p?`?__WGA??MC?CW?CG?EC?@`??KG??k_??^,[(21-23)-(19-20)-(17-22)-(15-16)-(13-14)-(12-18)-(9-10)-(7-8)-(6-11)-(4-5)-(2-3)-(0-1)],9.918212890625e-05,0.04897141456604004,6,True,0
W|fIB?pEGW_p?`?__WGA??MC?CW?CG?EC?@`??KG??k_??^,[(20-21)-(19-23)-(17-22)-(15-16)-(13-14)-(12-18)-(9-10)-(7-8)-(6-11)-(4-5)-(2-3)-(0-1)],8.988380432128906e-05,0.0396876335144043,4,True,0
W|fIB?pEGW_p?`?__WGA??MC?CW?CG?EC?@`??KG??k_??^,[(20-21)-(19-23)-(17-22)-(15-16)-(13-14)-(12-18)-(9-10)-(7-8)-(6-11)-(4-5)-(2-3)-(0-1)],9.465217590332031e-05,0.06260442733764648,7,True,0
W|fIB?pEGW_p?`?__WGA??MC?CW?CG?EC?@`??KG??k_??^,[(22-23)-(19-20)-(16-17)-(15-21)-(13-14)-(12-18)-(9-10)-(7-8)-(6-11)-(4-5)-(2-3)-(0-1)],9.441375732421875e-05,0.04578351974487305,5,True,0
W|fIB?pEGW_p?`?__WGA??MC?CW?CG?EC?@`??KG??k_??^,[(22-23)-(19-20)-(16-17)-(15-21)-(13-14)-(12-18)-(9-10)-(7-8)-(6-11)-(4-5)-(2-3)-(0-1)],9.512901306152344e-05,0.11029195785522461,20,False,0
W|eII@_KGo``@`?__WGA@?OC@_G@w??CK?@@??[G??p_?@l,[(19-23)-(15-22)-(14-21)-(13-20)-(10-11)-(9-18)-(8-17)-(7-16)-(6-12)-(4-5)-(2-3)-(0-1)],9.250640869140625e-05,0.027733802795410156,3,True,0
W|eII@_KGo``@`?__WGA@?OC@_G@w??CK?@@??[G??p_?@l,[(19-23)-(15-22)-(14-21)-(13-20)-(10-11)-(9-18)-(8-17)-(7-16)-(6-12)-(4-5)-(2-3)-(0-1)],9.322166442871094e-05,0.048954010009765625,6,True,0
W|eII@_KGo``@`?__WGA@?OC@_G@w??CK?@@??[G??p_?@l,[(21-22)-(19-23)-(14-15)-(13-20)-(10-11)-(9-18)-(8-17)-(7-16)-(6-12)-(4-5)-(2-3)-(0-1)],0.00013875961303710938,0.10808086395263672,19,False,0
W|eII@_KGo``@`?__WGA@?OC@_G@w??CK?@@??[G??p_?@l,[(21-22)-(19-23)-(14-15)-(13-20)-(10-11)-(9-18)-(8-17)-(7-16)-(6-12)-(4-5)-(2-3)-(0-1)],9.441375732421875e-05,0.021280288696289062,2,True,0
W|eII@_KGo``@`?__WGA@?OC@_G@w??CK?@@??[G??p_?@l,[(22-23)-(19-20)-(14-15)-(13-21)-(10-11)-(9-18)-(8-17)-(7-16)-(6-12)-(4-5)-(2-3)-(0-1)],0.00010466575622558594,0.02096247673034668,2,True,0
W|eII@_KGo``@`?__WGA@?OC@_G@w??CK?@@??[G??p_?@l,[(22-23)-(19-20)-(14-15)-(13-21)-(10-11)-(9-18)-(8-17)-(7-16)-(6-12)-(4-5)-(2-3)-(0-1)],9.72747802734375e-05,0.05538678169250488,6,True,0
W|eII@_KGo``@`?__WGA@?OC@_G@w??CK?@@??[G??p_?@l,[(20-22)-(19-23)-(14-15)-(13-21)-(10-11)-(9-18)-(8-17)-(7-16)-(6-12)-(4-5)-(2-3)-(0-1)],0.00010514259338378906,0.028231382369995117,3,True,0
W|eII@_KGo``@`?__WGA@?OC@_G@w??CK?@@??[G??p_?@l,[(20-22)-(19-23)-(14-15)-(13-21)-(10-11)-(9-18)-(8-17)-(7-16)-(6-12)-(4-5)-(2-3)-(0-1)],9.393692016601562e-05,0.04583454132080078,5,True,0
W|eII@_KGo``@`?__WGA@?OC@_G@w??CK?@@??[G??p_?@l,[(22-23)-(19-20)-(15-21)-(13-14)-(10-11)-(9-18)-(8-17)-(7-16)-(6-12)-(4-5)-(2-3)-(0-1)],0.00010347366333007812,0.0593869686126709,7,True,0
W|eII@_KGo``@`?__WGA@?OC@_G@w??CK?@@??[G??p_?@l,[(22-23)-(19-20)-(15-21)-(13-14)-(10-11)-(9-18)-(8-17)-(7-16)-(6-12)-(4-5)-(2-3)-(0-1)],9.679794311523438e-05,0.028952360153198242,3,True,0
W|eII@_KGo``@`?__WGA@?OC@_G@w??CK?@@??[G??p_?@l,[(20-22)-(19-23)-(15-21)-(13-14)-(10-11)-(9-18)-(8-17)-(7-16)-(6-12)-(4-5)-(2-3)-(0-1)],8.988380432128906e-05,0.03878903388977051,4,True,0
W|eII@_KGo``@`?__WGA@?OC@_G@w??CK?@@??[G??p_?@l,[(20-22)-(19-23)-(15-21)-(13-14)-(10-11)-(9-18)-(8-17)-(7-16)-(6-12)-(4-5)-(2-3)-(0-1)],9.870529174804688e-05,0.06596612930297852,8,True,0
W|eII@_KGo``@`?__WGA@?OC@_G@w??CK?@@??[G??p_?@l,[(20-21)-(19-23)-(15-22)-(13-14)-(10-11)-(9-18)-(8-17)-(7-16)-(6-12)-(4-5)-(2-3)-(0-1)],9.441375732421875e-05,0.0377812385559082,4,True,0
W|eII@_KGo``@`?__WGA@?OC@_G@w??CK?@@??[G??p_?@l,[(20-21)-(19-23)-(15-22)-(13-14)-(10-11)-(9-18)-(8-17)-(7-16)-(6-12)-(4-5)-(2-3)-(0-1)],9.512901306152344e-05,0.04696345329284668,5,True,0
W|eII@_KGo``@`?__WGA@?OC@_G@w??CK?@@??[G??p_?@l,[(19-23)-(15-22)-(14-21)-(13-20)-(11-18)-(9-10)-(8-17)-(7-16)-(6-12)-(4-5)-(2-3)-(0-1)],9.274482727050781e-05,0.10093927383422852,11,True,0
W|eII@_KGo``@`?__WGA@?OC@_G@w??CK?@@??[G??p_?@l,[(19-23)-(15-22)-(14-21)-(13-20)-(11-18)-(9-10)-(8-17)-(7-16)-(6-12)-(4-5)-(2-3)-(0-1)],9.632110595703125e-05,0.010370969772338867,1,True,0
W|eII@_KGo``@`?__WGA@?OC@_G@w??CK?@@??[G??p_?@l,[(21-22)-(19-23)-(14-15)-(13-20)-(11-18)-(9-10)-(8-17)-(7-16)-(6-12)-(4-5)-(2-3)-(0-1)],9.107589721679688e-05,0.04857921600341797,5,True,0
W|eII@_KGo``@`?__WGA@?OC@_G@w??CK?@@??[G??p_?@l,[(21-22)-(19-23)-(14-15)-(13-20)-(11-18)-(9-10)-(8-17)-(7-16)-(6-12)-(4-5)-(2-3)-(0-1)],9.5367431640625e-05,0.08549785614013672,18,False,0
W|eII@_KGo``@`?__WGA@?OC@_G@w??CK?@@??[G??p_?@l,[(22-23)-(19-20)-(14-15)-(13-21)-(11-18)-(9-10)-(8-17)-(7-16)-(6-12)-(4-5)-(2-3)-(0-1)],9.131431579589844e-05,0.021363258361816406,2,True,0
W|eII@_KGo``@`?__WGA@?OC@_G@w??CK?@@??[G??p_?@l,[(22-23)-(19-20)-(14-15)-(13-21)-(11-18)-(9-10)-(8-17)-(7-16)-(6-12)-(4-5)-(2-3)-(0-1)],9.34600830078125e-05,0.0680999755859375,8,True,0
W|eIID?GH_b@B@@__WGA@?WC?_G@_G?{??@B??KG??w_??v,[(17-23)-(15-22)-(14-21)-(13-20)-(11-12)-(10-19)-(9-18)-(8-16)-(6-7)-(4-5)-(2-3)-(0-1)],9.560585021972656e-05,0.06036972999572754,6,False,0
W|eIID?GH_b@B@@__WGA@?WC?_G@_G?{??@B??KG??w_??v,[(17-23)-(15-22)-(14-21)-(13-20)-(11-12)-(10-19)-(9-18)-(8-16)-(6-7)-(4-5)-(2-3)-(0-1)],9.489059448242188e-05,0.015137910842895508,1,True,0
W|eIID?GH_b@B@@__WGA@?WC?_G@_G?{??@B??KG??w_??v,[(21-23)-(17-22)-(14-15)-(13-20)-(11-12)-(10-19)-(9-18)-(8-16)-(6-7)-(4-5)-(2-3)-(0-1)],9.608268737792969e-05,0.03310656547546387,4,True,0
W|eIID?GH_b@B@@__WGA@?WC?_G@_G?{??@B??KG??w_??v,[(21-23)-(17-22)-(14-15)-(13-20)-(11-12)-(10-19)-(9-18)-(8-16)-(6-7)-(4-5)-(2-3)-(0-1)],0.00010442733764648438,0.11884593963623047,18,False,0
W|eIID?GH_b@B@@__WGA@?WC?_G@_G?{??@B??KG??w_??v,[(21-22)-(17-23)-(14-15)-(13-20)-(11-12)-(10-19)-(9-18)-(8-16)-(6-7)-(4-5)-(2-3)-(0-1)],9.918212890625e-05,0.015441417694091797,1,True,0
W|eIID?GH_b@B@@__WGA@?WC?_G@_G?{??@B??KG??w_??v,[(21-22)-(17-23)-(14-15)-(13-20)-(11-12)-(10-19)-(9-18)-(8-16)-(6-7)-(4-5)-(2-3)-(0-1)],9.822845458984375e-05,0.03101181983947754,3,True,0
W|eIID?GH_b@B@@__WGA@?WC?_G@_G?{??@B??KG??w_??v,[(20-23)-(17-22)-(15-21)-(13-14)-(11-12)-(10-19)-(9-18)-(8-16)-(6-7)-(4-5)-(2-3)-(0-1)],9.918212890625e-05,0.07421612739562988,7,False,0
W|eIID?GH_b@B@@__WGA@?WC?_G@_G?{??@B??KG??w_??v,[(20-23)-(17-22)-(15-21)-(13-14)-(11-12)-(10-19)-(9-18)-(8-16)-(6-7)-(4-5)-(2-3)-(0-1)],0.00010251998901367188,0.02329230308532715,2,True,0
W|eIID?GH_b@B@@__WGA@?WC?_G@_G?{??@B??KG??w_??v,[(20-21)-(17-23)-(15-22)-(13-14)-(11-12)-(10-19)-(9-18)-(8-16)-(6-7)-(4-5)-(2-3)-(0-1)],0.00010204315185546875,0.031987905502319336,3,True,0
W|eIID?GH_b@B@@__WGA@?WC?_G@_G?{??@B??KG??w_??v,[(20-21)-(17-23)-(15-22)-(13-14)-(11-12)-(10-19)-(9-18)-(8-16)-(6-7)-(4-5)-(2-3)-(0-1)],0.000102996826171875,0.05721116065979004,5,False,0
W|eIID?GH_b@B@@__WGA@?WC?_G@_G?{??@B??KG??w_??v,[(17-23)-(15-22)-(14-21)-(13-20)-(12-19)-(10-11)-(9-18)-(8-16)-(6-7)-(4-5)-(2-3)-(0-1)],0.00010085105895996094,0.031481266021728516,3,True,0
W|eIID?GH_b@B@@__WGA@?WC?_G@_G?{??@B??KG??w_??v,[(17-23)-(15-22)-(14-21)-(13-20)-(12-19)-(10-11)-(9-18)-(8-16)-(6-7)-(4-5)-(2-3)-(0-1)],0.00010275840759277344,0.041439056396484375,4,True,0
W|eIID?GH_b@B@@__WGA@?WC?_G@_G?{??@B??KG??w_??v,[(21-23)-(17-22)-(14-15)-(13-20)-(12-19)-(10-11)-(9-18)-(8-16)-(6-7)-(4-5)-(2-3)-(0-1)],0.00010251998901367188,0.0731344223022461,14,False,0
W|eIID?GH_b@B@@__WGA@?WC?_G@_G?{??@B??KG??w_??v,[(21-23)-(17-22)-(14-15)-(13-20)-(12-19)-(10-11)-(9-18)-(8-16)-(6-7)-(4-5)-(2-3)-(0-1)],0.00010704994201660156,0.08215641975402832,8,True,0
W|eIID?GH_b@B@@__WGA@?WC?_G@_G?{??@B??KG??w_??v,[(21-22)-(17-23)-(14-15)-(13-20)-(12-19)-(10-11)-(9-18)-(8-16)-(6-7)-(4-5)-(2-3)-(0-1)],0.00010180473327636719,0.023245811462402344,2,True,0
W|eIID?GH_b@B@@__WGA@?WC?_G@_G?{??@B??KG??w_??v,[(21-22)-(17-23)-(14-15)-(13-20)-(12-19)-(10-11)-(9-18)-(8-16)-(6-7)-(4-5)-(2-3)-(0-1)],0.00010466575622558594,0.041182756423950195,4,True,0
W|eIID?GH_b@B@@__WGA@?WC?_G@_G?{??@B??KG??w_??v,[(20-23)-(17-22)-(15-21)-(13-14)-(12-19)-(10-11)-(9-18)-(8-16)-(6-7)-(4-5)-(2-3)-(0-1)],0.00010561943054199219,0.04069805145263672,4,True,0
W|eIID?GH_b@B@@__WGA@?WC?_G@_G?{??@B??KG??w_??v,[(20-23)-(17-22)-(15-21)-(13-14)-(12-19)-(10-11)-(9-18)-(8-16)-(6-7)-(4-5)-(2-3)-(0-1)],0.00010824203491210938,0.05234217643737793,5,True,0
W|eIID?GH_b@B@@__WGA@?WC?_G@_G?{??@B??KG??w_??v,[(20-21)-(17-23)-(15-22)-(13-14)-(12-19)-(10-11)-(9-18)-(8-16)-(6-7)-(4-5)-(2-3)-(0-1)],0.00010395050048828125,0.09610724449157715,16,False,0
W|eIID?GH_b@B@@__WGA@?WC?_G@_G?{??@B??KG??w_??v,[(20-21)-(17-23)-(15-22)-(13-14)-(12-19)-(10-11)-(9-18)-(8-16)-(6-7)-(4-5)-(2-3)-(0-1)],0.00010156631469726562,0.03171229362487793,3,True,0
W|fIB?pEGW_`?`?__OGC@?PC@wG?K??EC?@`??KG??s_??^,[(22-23)-(15-21)-(14-20)-(13-19)-(11-18)-(9-10)-(8-17)-(7-16)-(6-12)-(4-5)-(2-3)-(0-1)],0.00010442733764648438,0.052465200424194336,5,True,0
W|fIB?pEGW_`?`?__OGC@?PC@wG?K??EC?@`??KG??s_??^,[(22-23)-(15-21)-(14-20)-(13-19)-(11-18)-(9-10)-(8-17)-(7-16)-(6-12)-(4-5)-(2-3)-(0-1)],0.00010418891906738281,0.0750739574432373,7,True,0
W|fIB?pEGW_`?`?__OGC@?PC@wG?K??EC?@`??KG??s_??^,[(21-23)-(15-22)-(14-20)-(13-19)-(11-18)-(9-10)-(8-17)-(7-16)-(6-12)-(4-5)-(2-3)-(0-1)],0.00010228157043457031,0.15188121795654297,24,False,0
W|fIB?pEGW_`?`?__OGC@?PC@wG?K??EC?@`??KG??s_??^,[(21-23)-(15-22)-(14-20)-(13-19)-(11-18)-(9-10)-(8-17)-(7-16)-(6-12)-(4-5)-(2-3)-(0-1)],0.0001010894775390625,0.040819406509399414,4,True,0
W|fIB?pEGW_`?`?__OGC@?PC@wG?K??EC?@`??KG??s_??^,[(20-23)-(15-22)-(14-21)-(13-19)-(11-18)-(9-10)-(8-17)-(7-16)-(6-12)-(4-5)-(2-3)-(0-1)],9.989738464355469e-05,0.0839378833770752,15,False,0
W|fIB?pEGW_`?`?__OGC@?PC@wG?K??EC?@`??KG??s_??^,[(20-23)-(15-22)-(14-21)-(13-19)-(11-18)-(9-10)-(8-17)-(7-16)-(6-12)-(4-5)-(2-3)-(0-1)],0.00010156631469726562,0.10284852981567383,18,False,0
W|fIB?pEGW_`?`?__OGC@?PC@wG?K??EC?@`??KG??s_??^,[(22-23)-(20-21)-(14-15)-(13-19)-(11-18)-(9-10)-(8-17)-(7-16)-(6-12)-(4-5)-(2-3)-(0-1)],0.00011587142944335938,0.0405421257019043,4,True,0
W|fIB?pEGW_`?`?__OGC@?PC@wG?K??EC?@`??KG??s_??^,[(22-23)-(20-21)-(14-15)-(13-19)-(11-18)-(9-10)-(8-17)-(7-16)-(6-12)-(4-5)-(2-3)-(0-1)],0.00010347366333007812,0.11586308479309082,16,False,0
W|fIB?pEGW_`?`?__OGC@?PC@wG?K??EC?@`??KG??s_??^,[(21-22)-(20-23)-(14-15)-(13-19)-(11-18)-(9-10)-(8-17)-(7-16)-(6-12)-(4-5)-(2-3)-(0-1)],9.846687316894531e-05,0.02185845375061035,2,True,0
W|fIB?pEGW_`?`?__OGC@?PC@wG?K??EC?@`??KG??s_??^,[(21-22)-(20-23)-(14-15)-(13-19)-(11-18)-(9-10)-(8-17)-(7-16)-(6-12)-(4-5)-(2-3)-(0-1)],9.965896606445312e-05,0.0497896671295166,5,False,0
W|fIB?pEGW_`?`?__OGC@?PC@wG?K??EC?@`??KG??s_??^,[(19-23)-(15-22)-(14-21)-(13-20)-(11-18)-(9-10)-(8-17)-(7-16)-(6-12)-(4-5)-(2-3)-(0-1)],0.00010132789611816406,0.050771474838256836,5,True,0
W|fIB?pEGW_`?`?__OGC@?PC@wG?K??EC?@`??KG??s_??^,[(19-23)-(15-22)-(14-21)-(13-20)-(11-18)-(9-10)-(8-17)-(7-16)-(6-12)-(4-5)-(2-3)-(0-1)],0.00010180473327636719,0.04147481918334961,4,True,0
W|fIB?pEGW_`?`?__OGC@?PC@wG?K??EC?@`??KG??s_??^,[(21-22)-(19-23)-(14-15)-(13-20)-(11-18)-(9-10)-(8-17)-(7-16)-(6-12)-(4-5)-(2-3)-(0-1)],0.00010180473327636719,0.0437014102935791,5,True,0
W|fIB?pEGW_`?`?__OGC@?PC@wG?K??EC?@`??KG??s_??^,[(21-22)-(19-23)-(14-15)-(13-20)-(11-18)-(9-10)-(8-17)-(7-16)-(6-12)-(4-5)-(2-3)-(0-1)],0.00010442733764648438,0.09018373489379883,8,True,0
W|fIB?pEGW_`?`?__OGC@?PC@wG?K??EC?@`??KG??s_??^,[(22-23)-(19-20)-(15-21)-(13-14)-(11-18)-(9-10)-(8-17)-(7-16)-(6-12)-(4-5)-(2-3)-(0-1)],0.00010132789611816406,0.07640266418457031,8,True,0
W|fIB?pEGW_`?`?__OGC@?PC@wG?K??EC?@`??KG??s_??^,[(22-23)-(19-20)-(15-21)-(13-14)-(11-18)-(9-10)-(8-17)-(7-16)-(6-12)-(4-5)-(2-3)-(0-1)],0.00010275840759277344,0.056668996810913086,5,True,0
W|fIB?pEGW_`?`?__OGC@?PC@wG?K??EC?@`??KG??s_??^,[(21-23)-(19-20)-(15-22)-(13-14)-(11-18)-(9-10)-(8-17)-(7-16)-(6-12)-(4-5)-(2-3)-(0-1)],0.00010156631469726562,0.040880680084228516,4,True,0
W|fIB?pEGW_`?`?__OGC@?PC@wG?K??EC?@`??KG??s_??^,[(21-23)-(19-20)-(15-22)-(13-14)-(11-18)-(9-10)-(8-17)-(7-16)-(6-12)-(4-5)-(2-3)-(0-1)],0.00010156631469726562,0.11951994895935059,13,True,0
W|fIB?pEGW_`?`?__OGC@?PC@wG?K??EC?@`??KG??s_??^,[(20-21)-(19-23)-(15-22)-(13-14)-(11-18)-(9-10)-(8-17)-(7-16)-(6-12)-(4-5)-(2-3)-(0-1)],0.0001010894775390625,0.06435823440551758,6,False,0
W|fIB?pEGW_`?`?__OGC@?PC@wG?K??EC?@`??KG??s_??^,[(20-21)-(19-23)-(15-22)-(13-14)-(11-18)-(9-10)-(8-17)-(7-16)-(6-12)-(4-5)-(2-3)-(0-1)],0.00010180473327636719,0.02301025390625,2,True,0
WtfIID`G@_B@B`?o_K?@`?CC?OG?oG?YC?@_??MG??X_??|,[(20-23)-(17-22)-(15-21)-(12-13)-(11-19)-(10-18)-(9-16)-(8-14)-(6-7)-(4-5)-(2-3)-(0-1)],0.00010466575622558594,0.05028128623962402,5,True,0
WtfIID`G@_B@B`?o_K?@`?CC?OG?oG?YC?@_??MG??X_??|,[(20-23)-(17-22)-(15-21)-(12-13)-(11-19)-(10-18)-(9-16)-(8-14)-(6-7)-(4-5)-(2-3)-(0-1)],0.00010752677917480469,0.12413239479064941,18,False,0
WtfIID`G@_B@B`?o_K?@`?CC?OG?oG?YC?@_??MG??X_??|,[(20-22)-(17-23)-(15-21)-(12-13)-(11-19)-(10-18)-(9-16)-(8-14)-(6-7)-(4-5)-(2-3)-(0-1)],0.00010180473327636719,0.048531293869018555,5,True,0
WtfIID`G@_B@B`?o_K?@`?CC?OG?oG?YC?@_??MG??X_??|,[(20-22)-(17-23)-(15-21)-(12-13)-(11-19)-(10-18)-(9-16)-(8-14)-(6-7)-(4-5)-(2-3)-(0-1)],0.00010967254638671875,0.10086321830749512,18,False,0
WtfIID`G@_B@B`?o_K?@`?CC?OG?oG?YC?@_??MG??X_??|,[(20-23)-(17-22)-(15-21)-(13-19)-(11-12)-(10-18)-(9-16)-(8-14)-(6-7)-(4-5)-(2-3)-(0-1)],0.00010228157043457031,0.08912777900695801,15,False,0
WtfIID`G@_B@B`?o_K?@`?CC?OG?oG?YC?@_??MG??X_??|,[(20-23)-(17-22)-(15-21)-(13-19)-(11-12)-(10-18)-(9-16)-(8-14)-(6-7)-(4-5)-(2-3)-(0-1)],0.0001087188720703125,0.09302902221679688,17,False,0
WtfIID`G@_B@B`?o_K?@`?CC?OG?oG?YC?@_??MG??X_??|,[(20-22)-(17-23)-(15-21)-(13-19)-(11-12)-(10-18)-(9-16)-(8-14)-(6-7)-(4-5)-(2-3)-(0-1)],9.942054748535156e-05,0.07612943649291992,14,False,0
WtfIID`G@_B@B`?o_K?@`?CC?OG?oG?YC?@_??MG??X_??|,[(20-22)-(17-23)-(15-21)-(13-19)-(11-12)-(10-18)-(9-16)-(8-14)-(6-7)-(4-5)-(2-3)-(0-1)],9.965896606445312e-05,0.04083871841430664,4,True,0
WtfIID`G@_B@B`?o_K?@`?CC?OG?oG?YC?@_??MG??X_??|,[(19-23)-(17-22)-(15-21)-(13-20)-(11-12)-(10-18)-(9-16)-(8-14)-(6-7)-(4-5)-(2-3)-(0-1)],0.00011134147644042969,0.10302305221557617,18,False,0
WtfIID`G@_B@B`?o_K?@`?CC?OG?oG?YC?@_??MG??X_??|,[(19-23)-(17-22)-(15-21)-(13-20)-(11-12)-(10-18)-(9-16)-(8-14)-(6-7)-(4-5)-(2-3)-(0-1)],0.00010275840759277344,0.04895138740539551,5,True,0
WtfIID`G@_B@B`?o_K?@`?CC?OG?oG?YC?@_??MG??X_??|,[(22-23)-(17-18)-(15-21)-(13-20)-(11-12)-(10-19)-(9-16)-(8-14)-(6-7)-(4-5)-(2-3)-(0-1)],0.00010275840759277344,0.14265036582946777,20,False,0
WtfIID`G@_B@B`?o_K?@`?CC?OG?oG?YC?@_??MG??X_??|,[(22-23)-(17-18)-(15-21)-(13-20)-(11-12)-(10-19)-(9-16)-(8-14)-(6-7)-(4-5)-(2-3)-(0-1)],0.00010037422180175781,0.02216315269470215,2,True,0
WtfIID`G@_B@B`?o_K?@`?CC?OG?oG?YC?@_??MG??X_??|,[(18-23)-(17-22)-(15-21)-(13-20)-(11-12)-(10-19)-(9-16)-(8-14)-(6-7)-(4-5)-(2-3)-(0-1)],0.00010037422180175781,0.14819622039794922,19,False,0
WtfIID`G@_B@B`?o_K?@`?CC?OG?oG?YC?@_??MG??X_??|,[(18-23)-(17-22)-(15-21)-(13-20)-(11-12)-(10-19)-(9-16)-(8-14)-(6-7)-(4-5)-(2-3)-(0-1)],0.00010156631469726562,0.030341625213623047,3,True,0
WtfIID`G@_B@B`?o_K?@`?CC?OG?oG?YC?@_??MG??X_??|,[(20-22)-(19-23)-(17-18)-(15-21)-(12-13)-(10-11)-(9-16)-(8-14)-(6-7)-(4-5)-(2-3)-(0-1)],0.00010228157043457031,0.03144049644470215,3,True,0
WtfIID`G@_B@B`?o_K?@`?CC?OG?oG?YC?@_??MG??X_??|,[(20-22)-(19-23)-(17-18)-(15-21)-(12-13)-(10-11)-(9-16)-(8-14)-(6-7)-(4-5)-(2-3)-(0-1)],0.00010228157043457031,0.0729820728302002,8,True,0
WtfIID`G@_B@B`?o_K?@`?CC?OG?oG?YC?@_??MG??X_??|,[(20-23)-(18-19)-(17-22)-(15-21)-(12-13)-(10-11)-(9-16)-(8-14)-(6-7)-(4-5)-(2-3)-(0-1)],0.00010085105895996094,0.09347772598266602,16,False,0
WtfIID`G@_B@B`?o_K?@`?CC?OG?oG?YC?@_??MG??X_??|,[(20-23)-(18-19)-(17-22)-(15-21)-(12-13)-(10-11)-(9-16)-(8-14)-(6-7)-(4-5)-(2-3)-(0-1)],0.00010204315185546875,0.10591697692871094,20,False,0
WtfIID`G@_B@B`?o_K?@`?CC?OG?oG?YC?@_??MG??X_??|,[(20-22)-(18-19)-(17-23)-(15-21)-(12-13)-(10-11)-(9-16)-(8-14)-(6-7)-(4-5)-(2-3)-(0-1)],9.72747802734375e-05,0.07748651504516602,9,True,0
WtfIID`G@_B@B`?o_K?@`?CC?OG?oG?YC?@_??MG??X_??|,[(20-22)-(18-19)-(17-23)-(15-21)-(12-13)-(10-11)-(9-16)-(8-14)-(6-7)-(4-5)-(2-3)-(0-1)],0.00010037422180175781,0.02206254005432129,2,True,0
WtfIID_GH?a@E@B__WGA??WC?oG?oG?W??E`??KW??e_?Bp,[(22-23)-(15-21)-(13-14)-(12-20)-(11-19)-(10-18)-(9-17)-(8-16)-(6-7)-(4-5)-(2-3)-(0-1)],0.00010251998901367188,0.022474050521850586,2,True,0
WtfIID_GH?a@E@B__WGA??WC?oG?oG?W??E`??KW??e_?Bp,[(22-23)-(15-21)-(13-14)-(12-20)-(11-19)-(10-18)-(9-17)-(8-16)-(6-7)-(4-5)-(2-3)-(0-1)],0.00011515617370605469,0.05014634132385254,5,True,0
WtfIID_GH?a@E@B__WGA??WC?oG?oG?W??E`??KW??e_?Bp,[(21-22)-(15-23)-(13-14)-(12-20)-(11-19)-(10-18)-(9-17)-(8-16)-(6-7)-(4-5)-(2-3)-(0-1)],9.989738464355469e-05,0.07054519653320312,14,False,0
WtfIID_GH?a@E@B__WGA??WC?oG?oG?W??E`??KW??e_?Bp,[(21-22)-(15-23)-(13-14)-(12-20)-(11-19)-(10-18)-(9-17)-(8-16)-(6-7)-(4-5)-(2-3)-(0-1)],0.00010061264038085938,0.11290121078491211,19,False,0
WtfIID_GH?a@E@B__WGA??WC?oG?oG?W??E`??KW??e_?Bp,[(22-23)-(15-21)-(14-20)-(12-13)-(11-19)-(10-18)-(9-17)-(8-16)-(6-7)-(4-5)-(2-3)-(0-1)],0.00010061264038085938,0.05886244773864746,6,True,0
WtfIID_GH?a@E@B__WGA??WC?oG?oG?W??E`??KW??e_?Bp,[(22-23)-(15-21)-(14-20)-(12-13)-(11-19)-(10-18)-(9-17)-(8-16)-(6-7)-(4-5)-(2-3)-(0-1)],0.00010037422180175781,0.015387296676635742,1,True,0
WtfIID_GH?a@E@B__WGA??WC?oG?oG?W??E`??KW??e_?Bp,[(21-22)-(15-23)-(14-20)-(12-13)-(11-19)-(10-18)-(9-17)-(8-16)-(6-7)-(4-5)-(2-3)-(0-1)],0.00011038780212402344,0.03098893165588379,3,True,0
WtfIID_GH?a@E@B__WGA??WC?oG?oG?W??E`??KW??e_?Bp,[(21-22)-(15-23)-(14-20)-(12-13)-(11-19)-(10-18)-(9-17)-(8-16)-(6-7)-(4-5)-(2-3)-(0-1)],0.00010204315185546875,0.07744169235229492,7,False,0
WtfIID_GH?a@E@B__WGA??WC?oG?oG?W??E`??KW??e_?Bp,[(19-22)-(15-23)-(14-21)-(12-13)-(11-20)-(10-18)-(9-17)-(8-16)-(6-7)-(4-5)-(2-3)-(0-1)],0.00010609626770019531,0.08615756034851074,8,True,0
WtfIID_GH?a@E@B__WGA??WC?oG?oG?W??E`??KW??e_?Bp,[(19-22)-(15-23)-(14-21)-(12-13)-(11-20)-(10-18)-(9-17)-(8-16)-(6-7)-(4-5)-(2-3)-(0-1)],0.00012636184692382812,0.02225041389465332,2,True,0
WtfIID_GH?a@E@B__WGA??WC?oG?oG?W??E`??KW??e_?Bp,[(22-23)-(19-20)-(15-21)-(13-14)-(11-12)-(10-18)-(9-17)-(8-16)-(6-7)-(4-5)-(2-3)-(0-1)],9.965896606445312e-05,0.030937671661376953,3,True,0
WtfIID_GH?a@E@B__WGA??WC?oG?oG?W??E`??KW??e_?Bp,[(22-23)-(19-20)-(15-21)-(13-14)-(11-12)-(10-18)-(9-17)-(8-16)-(6-7)-(4-5)-(2-3)-(0-1)],0.00010323524475097656,0.09347867965698242,11,True,0
WtfIID_GH?a@E@B__WGA??WC?oG?oG?W??E`??KW??e_?Bp,[(21-22)-(19-20)-(15-23)-(13-14)-(11-12)-(10-18)-(9-17)-(8-16)-(6-7)-(4-5)-(2-3)-(0-1)],0.00010609626770019531,0.07667398452758789,9,False,0
WtfIID_GH?a@E@B__WGA??WC?oG?oG?W??E`??KW??e_?Bp,[(21-22)-(19-20)-(15-23)-(13-14)-(11-12)-(10-18)-(9-17)-(8-16)-(6-7)-(4-5)-(2-3)-(0-1)],0.00010037422180175781,0.022428274154663086,2,True,0
WtfIID_GH?a@E@B__WGA??WC?oG?oG?W??E`??KW??e_?Bp,[(20-21)-(19-22)-(15-23)-(13-14)-(11-12)-(10-18)-(9-17)-(8-16)-(6-7)-(4-5)-(2-3)-(0-1)],0.00010037422180175781,0.04041266441345215,4,True,0
WtfIID_GH?a@E@B__WGA??WC?oG?oG?W??E`??KW??e_?Bp,[(20-21)-(19-22)-(15-23)-(13-14)-(11-12)-(10-18)-(9-17)-(8-16)-(6-7)-(4-5)-(2-3)-(0-1)],0.00010991096496582031,0.05921792984008789,6,True,0
WtfIID_GH?a@E@B__WGA??WC?oG?oG?W??E`??KW??e_?Bp,[(18-23)-(15-22)-(14-21)-(12-13)-(11-20)-(10-19)-(9-17)-(8-16)-(6-7)-(4-5)-(2-3)-(0-1)],0.00010275840759277344,0.06600356101989746,6,True,0
WtfIID_GH?a@E@B__WGA??WC?oG?oG?W??E`??KW??e_?Bp,[(18-23)-(15-22)-(14-21)-(12-13)-(11-20)-(10-19)-(9-17)-(8-16)-(6-7)-(4-5)-(2-3)-(0-1)],0.00010204315185546875,0.031122684478759766,3,True,0
WtfIID_GH?a@E@B__WGA??WC?oG?oG?W??E`??KW??e_?Bp,[(18-22)-(15-23)-(14-21)-(12-13)-(11-20)-(10-19)-(9-17)-(8-16)-(6-7)-(4-5)-(2-3)-(0-1)],0.0001010894775390625,0.12431025505065918,19,False,0
WtfIID_GH?a@E@B__WGA??WC?oG?oG?W??E`??KW??e_?Bp,[(18-22)-(15-23)-(14-21)-(12-13)-(11-20)-(10-19)-(9-17)-(8-16)-(6-7)-(4-5)-(2-3)-(0-1)],0.00010085105895996094,0.015072345733642578,1,True,0
W|fIJ?pCGO`_?`?__WGB`?E??GG?WG?KC?B@??]???X_??|,[(21-22)-(19-23)-(14-15)-(13-20)-(11-18)-(10-17)-(9-16)-(7-8)-(6-12)-(4-5)-(2-3)-(0-1)],0.00010061264038085938,0.03073596954345703,3,True,0
W|fIJ?pCGO`_?`?__WGB`?E??GG?WG?KC?B@??]???X_??|,[(21-22)-(19-23)-(14-15)-(13-20)-(11-18)-(10-17)-(9-16)-(7-8)-(6-12)-(4-5)-(2-3)-(0-1)],0.0001010894775390625,0.03929495811462402,4,True,0
W|fIJ?pCGO`_?`?__WGB`?E??GG?WG?KC?B@??]???X_??|,[(22-23)-(19-20)-(14-15)-(13-21)-(11-18)-(10-17)-(9-16)-(7-8)-(6-12)-(4-5)-(2-3)-(0-1)],0.00010156631469726562,0.05892038345336914,5,False,0
W|fIJ?pCGO`_?`?__WGB`?E??GG?WG?KC?B@??]???X_??|,[(22-23)-(19-20)-(14-15)-(13-21)-(11-18)-(10-17)-(9-16)-(7-8)-(6-12)-(4-5)-(2-3)-(0-1)],0.00010085105895996094,0.0863029956817627,10,True,0
W|fIJ?pCGO`_?`?__WGB`?E??GG?WG?KC?B@??]???X_??|,[(20-22)-(19-23)-(14-15)-(13-21)-(11-18)-(10-17)-(9-16)-(7-8)-(6-12)-(4-5)-(2-3)-(0-1)],9.751319885253906e-05,0.0346522331237793,3,False,0
W|fIJ?pCGO`_?`?__WGB`?E??GG?WG?KC?B@??]???X_??|,[(20-22)-(19-23)-(14-15)-(13-21)-(11-18)-(10-17)-(9-16)-(7-8)-(6-12)-(4-5)-(2-3)-(0-1)],9.989738464355469e-05,0.059187889099121094,6,True,0
W|fIJ?pCGO`_?`?__WGB`?E??GG?WG?KC?B@??]???X_??|,[(22-23)-(19-20)-(15-21)-(13-14)-(11-18)-(10-17)-(9-16)-(7-8)-(6-12)-(4-5)-(2-3)-(0-1)],0.00010561943054199219,0.05433225631713867,5,True,0
W|fIJ?pCGO`_?`?__WGB`?E??GG?WG?KC?B@??]???X_??|,[(22-23)-(19-20)-(15-21)-(13-14)-(11-18)-(10-17)-(9-16)-(7-8)-(6-12)-(4-5)-(2-3)-(0-1)],0.00010323524475097656,0.03903532028198242,4,True,0
W|fIJ?pCGO`_?`?__WGB`?E??GG?WG?KC?B@??]???X_??|,[(20-22)-(19-23)-(15-21)-(13-14)-(11-18)-(10-17)-(9-16)-(7-8)-(6-12)-(4-5)-(2-3)-(0-1)],0.00010275840759277344,0.032958984375,3,True,0
W|fIJ?pCGO`_?`?__WGB`?E??GG?WG?KC?B@??]???X_??|,[(20-22)-(19-23)-(15-21)-(13-14)-(11-18)-(10-17)-(9-16)-(7-8)-(6-12)-(4-5)-(2-3)-(0-1)],0.00010228157043457031,0.04498863220214844,5,True,0
W|fIJ?pCGO`_?`?__WGB`?E??GG?WG?KC?B@??]???X_??|,[(21-22)-(18-23)-(14-15)-(13-20)-(11-19)-(10-17)-(9-16)-(7-8)-(6-12)-(4-5)-(2-3)-(0-1)],0.00010704994201660156,0.01541590690612793,1,True,0
W|fIJ?pCGO`_?`?__WGB`?E??GG?WG?KC?B@??]???X_??|,[(21-22)-(18-23)-(14-15)-(13-20)-(11-19)-(10-17)-(9-16)-(7-8)-(6-12)-(4-5)-(2-3)-(0-1)],0.00010323524475097656,0.032723426818847656,3,False,0
W|fIJ?pCGO`_?`?__WGB`?E??GG?WG?KC?B@??]???X_??|,[(20-22)-(18-23)-(14-15)-(13-21)-(11-19)-(10-17)-(9-16)-(7-8)-(6-12)-(4-5)-(2-3)-(0-1)],0.00010156631469726562,0.0722806453704834,8,True,0
W|fIJ?pCGO`_?`?__WGB`?E??GG?WG?KC?B@??]???X_??|,[(20-22)-(18-23)-(14-15)-(13-21)-(11-19)-(10-17)-(9-16)-(7-8)-(6-12)-(4-5)-(2-3)-(0-1)],0.00010204315185546875,0.02288055419921875,2,True,0
W|fIJ?pCGO`_?`?__WGB`?E??GG?WG?KC?B@??]???X_??|,[(20-22)-(18-23)-(15-21)-(13-14)-(11-19)-(10-17)-(9-16)-(7-8)-(6-12)-(4-5)-(2-3)-(0-1)],0.00010347366333007812,0.030533552169799805,3,True,0
W|fIJ?pCGO`_?`?__WGB`?E??GG?WG?KC?B@??]???X_??|,[(20-22)-(18-23)-(15-21)-(13-14)-(11-19)-(10-17)-(9-16)-(7-8)-(6-12)-(4-5)-(2-3)-(0-1)],0.00010418891906738281,0.04160666465759277,4,True,0
W|fIJ?pCGO`_?`?__WGB`?E??GG?WG?KC?B@??]???X_??|,[(21-22)-(17-23)-(14-15)-(13-20)-(11-19)-(10-18)-(9-16)-(7-8)-(6-12)-(4-5)-(2-3)-(0-1)],0.00010418891906738281,0.07191681861877441,15,False,0
W|fIJ?pCGO`_?`?__WGB`?E??GG?WG?KC?B@??]???X_??|,[(21-22)-(17-23)-(14-15)-(13-20)-(11-19)-(10-18)-(9-16)-(7-8)-(6-12)-(4-5)-(2-3)-(0-1)],0.00010180473327636719,0.02281498908996582,2,True,0
W|fIJ?pCGO`_?`?__WGB`?E??GG?WG?KC?B@??]???X_??|,[(20-23)-(17-22)-(14-15)-(13-21)-(11-19)-(10-18)-(9-16)-(7-8)-(6-12)-(4-5)-(2-3)-(0-1)],0.00010514259338378906,0.05501914024353027,5,False,0
W|fIJ?pCGO`_?`?__WGB`?E??GG?WG?KC?B@??]???X_??|,[(20-23)-(17-22)-(14-15)-(13-21)-(11-19)-(10-18)-(9-16)-(7-8)-(6-12)-(4-5)-(2-3)-(0-1)],0.0001049041748046875,0.02379775047302246,2,True,0
WtfIID`G@_b?B`?`_GGB??KC?OG?oG?Z???b??KG??w_??v,[(22-23)-(15-21)-(14-20)-(12-13)-(11-19)-(10-18)-(9-17)-(8-16)-(6-7)-(4-5)-(2-3)-(0-1)],0.00010609626770019531,0.0318753719329834,3,True,0
WtfIID`G@_b?B`?`_GGB??KC?OG?oG?Z???b??KG??w_??v,[(22-23)-(15-21)-(14-20)-(12-13)-(11-19)-(10-18)-(9-17)-(8-16)-(6-7)-(4-5)-(2-3)-(0-1)],0.00010585784912109375,0.10193562507629395,18,False,0
WtfIID`G@_b?B`?`_GGB??KC?OG?oG?Z???b??KG??w_??v,[(21-23)-(15-22)-(14-20)-(12-13)-(11-19)-(10-18)-(9-17)-(8-16)-(6-7)-(4-5)-(2-3)-(0-1)],0.00010180473327636719,0.02320694923400879,2,True,0
WtfIID`G@_b?B`?`_GGB??KC?OG?oG?Z???b??KG??w_??v,[(21-23)-(15-22)-(14-20)-(12-13)-(11-19)-(10-18)-(9-17)-(8-16)-(6-7)-(4-5)-(2-3)-(0-1)],0.00011610984802246094,0.03588509559631348,4,True,0
WtfIID`G@_b?B`?`_GGB??KC?OG?oG?Z???b??KG??w_??v,[(20-23)-(15-22)-(14-21)-(12-13)-(11-19)-(10-18)-(9-17)-(8-16)-(6-7)-(4-5)-(2-3)-(0-1)],0.00010943412780761719,0.03200817108154297,3,True,0
WtfIID`G@_b?B`?`_GGB??KC?OG?oG?Z???b??KG??w_??v,[(20-23)-(15-22)-(14-21)-(12-13)-(11-19)-(10-18)-(9-17)-(8-16)-(6-7)-(4-5)-(2-3)-(0-1)],0.00010728836059570312,0.03307962417602539,3,True,0
WtfIID`G@_b?B`?`_GGB??KC?OG?oG?Z???b??KG??w_??v,[(22-23)-(15-21)-(14-20)-(13-19)-(11-12)-(10-18)-(9-17)-(8-16)-(6-7)-(4-5)-(2-3)-(0-1)],0.0001049041748046875,0.02388596534729004,2,True,0
WtfIID`G@_b?B`?`_GGB??KC?OG?oG?Z???b??KG??w_??v,[(22-23)-(15-21)-(14-20)-(13-19)-(11-12)-(10-18)-(9-17)-(8-16)-(6-7)-(4-5)-(2-3)-(0-1)],0.00010609626770019531,0.09686803817749023,16,False,0
WtfIID`G@_b?B`?`_GGB??KC?OG?oG?Z???b??KG??w_??v,[(21-23)-(15-22)-(14-20)-(13-19)-(11-12)-(10-18)-(9-17)-(8-16)-(6-7)-(4-5)-(2-3)-(0-1)],0.00010371208190917969,0.023247957229614258,2,True,0
WtfIID`G@_b?B`?`_GGB??KC?OG?oG?Z???b??KG??w_??v,[(21-23)-(15-22)-(14-20)-(13-19)-(11-12)-(10-18)-(9-17)-(8-16)-(6-7)-(4-5)-(2-3)-(0-1)],0.00010442733764648438,0.05997753143310547,6,True,0
WtfIID`G@_b?B`?`_GGB??KC?OG?oG?Z???b??KG??w_??v,[(20-23)-(15-22)-(14-21)-(13-19)-(11-12)-(10-18)-(9-17)-(8-16)-(6-7)-(4-5)-(2-3)-(0-1)],0.00017833709716796875,0.06477594375610352,7,True,0
WtfIID`G@_b?B`?`_GGB??KC?OG?oG?Z???b??KG??w_??v,[(20-23)-(15-22)-(14-21)-(13-19)-(11-12)-(10-18)-(9-17)-(8-16)-(6-7)-(4-5)-(2-3)-(0-1)],0.000102996826171875,0.03167223930358887,3,True,0
WtfIID`G@_b?B`?`_GGB??KC?OG?oG?Z???b??KG??w_??v,[(22-23)-(19-20)-(15-21)-(13-14)-(11-12)-(10-18)-(9-17)-(8-16)-(6-7)-(4-5)-(2-3)-(0-1)],0.00010371208190917969,0.05049777030944824,5,True,0
WtfIID`G@_b?B`?`_GGB??KC?OG?oG?Z???b??KG??w_??v,[(22-23)-(19-20)-(15-21)-(13-14)-(11-12)-(10-18)-(9-17)-(8-16)-(6-7)-(4-5)-(2-3)-(0-1)],0.00010657310485839844,0.016408205032348633,1,True,0
WtfIID`G@_b?B`?`_GGB??KC?OG?oG?Z???b??KG??w_??v,[(21-23)-(19-20)-(15-22)-(13-14)-(11-12)-(10-18)-(9-17)-(8-16)-(6-7)-(4-5)-(2-3)-(0-1)],0.00010371208190917969,0.03228330612182617,3,True,0
WtfIID`G@_b?B`?`_GGB??KC?OG?oG?Z???b??KG??w_??v,[(21-23)-(19-20)-(15-22)-(13-14)-(11-12)-(10-18)-(9-17)-(8-16)-(6-7)-(4-5)-(2-3)-(0-1)],0.00010752677917480469,0.06091427803039551,6,True,0
WtfIID`G@_b?B`?`_GGB??KC?OG?oG?Z???b??KG??w_??v,[(22-23)-(18-20)-(15-21)-(13-14)-(11-12)-(10-19)-(9-17)-(8-16)-(6-7)-(4-5)-(2-3)-(0-1)],0.00010514259338378906,0.052838802337646484,5,True,0
WtfIID`G@_b?B`?`_GGB??KC?OG?oG?Z???b??KG??w_??v,[(22-23)-(18-20)-(15-21)-(13-14)-(11-12)-(10-19)-(9-17)-(8-16)-(6-7)-(4-5)-(2-3)-(0-1)],0.00011014938354492188,0.08569526672363281,16,False,0
WtfIID`G@_b?B`?`_GGB??KC?OG?oG?Z???b??KG??w_??v,[(21-23)-(18-20)-(15-22)-(13-14)-(11-12)-(10-19)-(9-17)-(8-16)-(6-7)-(4-5)-(2-3)-(0-1)],0.00010180473327636719,0.07048702239990234,8,True,0
WtfIID`G@_b?B`?`_GGB??KC?OG?oG?Z???b??KG??w_??v,[(21-23)-(18-20)-(15-22)-(13-14)-(11-12)-(10-19)-(9-17)-(8-16)-(6-7)-(4-5)-(2-3)-(0-1)],0.00010180473327636719,0.022834062576293945,2,True,0
W|fIIC`G?_b@B`?b_HGB??GC?oG?_G?`C??p??EG??[_??^,[(21-23)-(18-22)-(15-20)-(14-19)-(12-13)-(10-11)-(9-17)-(8-16)-(6-7)-(4-5)-(2-3)-(0-1)],0.00010395050048828125,0.09459710121154785,11,True,0
W|fIIC`G?_b@B`?b_HGB??GC?oG?_G?`C??p??EG??[_??^,[(21-23)-(18-22)-(15-20)-(14-19)-(12-13)-(10-11)-(9-17)-(8-16)-(6-7)-(4-5)-(2-3)-(0-1)],0.000102996826171875,0.023085594177246094,2,True,0
W|fIIC`G?_b@B`?b_HGB??GC?oG?_G?`C??p??EG??[_??^,[(21-22)-(18-23)-(15-20)-(14-19)-(12-13)-(10-11)-(9-17)-(8-16)-(6-7)-(4-5)-(2-3)-(0-1)],0.00010085105895996094,0.09735727310180664,18,False,0
W|fIIC`G?_b@B`?b_HGB??GC?oG?_G?`C??p??EG??[_??^,[(21-22)-(18-23)-(15-20)-(14-19)-(12-13)-(10-11)-(9-17)-(8-16)-(6-7)-(4-5)-(2-3)-(0-1)],0.00010752677917480469,0.023243188858032227,2,True,0
W|fIIC`G?_b@B`?b_HGB??GC?oG?_G?`C??p??EG??[_??^,[(20-23)-(18-22)-(15-21)-(14-19)-(12-13)-(10-11)-(9-17)-(8-16)-(6-7)-(4-5)-(2-3)-(0-1)],0.00011420249938964844,0.0631871223449707,7,True,0
W|fIIC`G?_b@B`?b_HGB??GC?oG?_G?`C??p??EG??[_??^,[(20-23)-(18-22)-(15-21)-(14-19)-(12-13)-(10-11)-(9-17)-(8-16)-(6-7)-(4-5)-(2-3)-(0-1)],0.00010418891906738281,0.022598981857299805,2,True,0
W|fIIC`G?_b@B`?b_HGB??GC?oG?_G?`C??p??EG??[_??^,[(22-23)-(18-19)-(15-21)-(14-20)-(12-13)-(10-11)-(9-17)-(8-16)-(6-7)-(4-5)-(2-3)-(0-1)],0.00010657310485839844,0.039769887924194336,4,True,0
W|fIIC`G?_b@B`?b_HGB??GC?oG?_G?`C??p??EG??[_??^,[(22-23)-(18-19)-(15-21)-(14-20)-(12-13)-(10-11)-(9-17)-(8-16)-(6-7)-(4-5)-(2-3)-(0-1)],0.00011992454528808594,0.01173257827758789,1,True,0
W|fIIC`G?_b@B`?b_HGB??GC?oG?_G?`C??p??EG??[_??^,[(19-23)-(18-22)-(15-21)-(14-20)-(12-13)-(10-11)-(9-17)-(8-16)-(6-7)-(4-5)-(2-3)-(0-1)],0.00010323524475097656,0.023474931716918945,2,True,0
W|fIIC`G?_b@B`?b_HGB??GC?oG?_G?`C??p??EG??[_??^,[(19-23)-(18-22)-(15-21)-(14-20)-(12-13)-(10-11)-(9-17)-(8-16)-(6-7)-(4-5)-(2-3)-(0-1)],0.00010538101196289062,0.032807350158691406,3,False,0
W|fIIC`G?_b@B`?b_HGB??GC?oG?_G?`C??p??EG??[_??^,[(21-23)-(18-22)-(15-20)-(14-19)-(11-12)-(10-13)-(9-17)-(8-16)-(6-7)-(4-5)-(2-3)-(0-1)],0.00010418891906738281,0.09948348999023438,17,False,0
W|fIIC`G?_b@B`?b_HGB??GC?oG?_G?`C??p??EG??[_??^,[(21-23)-(18-22)-(15-20)-(14-19)-(11-12)-(10-13)-(9-17)-(8-16)-(6-7)-(4-5)-(2-3)-(0-1)],0.00010418891906738281,0.02531576156616211,2,False,0
W|fIIC`G?_b@B`?b_HGB??GC?oG?_G?`C??p??EG??[_??^,[(21-22)-(18-23)-(15-20)-(14-19)-(11-12)-(10-13)-(9-17)-(8-16)-(6-7)-(4-5)-(2-3)-(0-1)],0.0001220703125,0.07408308982849121,15,False,0
W|fIIC`G?_b@B`?b_HGB??GC?oG?_G?`C??p??EG??[_??^,[(21-22)-(18-23)-(15-20)-(14-19)-(11-12)-(10-13)-(9-17)-(8-16)-(6-7)-(4-5)-(2-3)-(0-1)],0.00010633468627929688,0.10684871673583984,18,False,0
W|fIIC`G?_b@B`?b_HGB??GC?oG?_G?`C??p??EG??[_??^,[(20-23)-(18-22)-(15-21)-(14-19)-(11-12)-(10-13)-(9-17)-(8-16)-(6-7)-(4-5)-(2-3)-(0-1)],0.00010085105895996094,0.03014087677001953,3,True,0
W|fIIC`G?_b@B`?b_HGB??GC?oG?_G?`C??p??EG??[_??^,[(20-23)-(18-22)-(15-21)-(14-19)-(11-12)-(10-13)-(9-17)-(8-16)-(6-7)-(4-5)-(2-3)-(0-1)],0.00011324882507324219,0.05810904502868652,6,True,0
W|fIIC`G?_b@B`?b_HGB??GC?oG?_G?`C??p??EG??[_??^,[(22-23)-(18-19)-(15-21)-(14-20)-(11-12)-(10-13)-(9-17)-(8-16)-(6-7)-(4-5)-(2-3)-(0-1)],0.00010514259338378906,0.09122967720031738,16,False,0
W|fIIC`G?_b@B`?b_HGB??GC?oG?_G?`C??p??EG??[_??^,[(22-23)-(18-19)-(15-21)-(14-20)-(11-12)-(10-13)-(9-17)-(8-16)-(6-7)-(4-5)-(2-3)-(0-1)],0.00010371208190917969,0.011251688003540039,1,True,0
W|fIIC`G?_b@B`?b_HGB??GC?oG?_G?`C??p??EG??[_??^,[(19-23)-(18-22)-(15-21)-(14-20)-(11-12)-(10-13)-(9-17)-(8-16)-(6-7)-(4-5)-(2-3)-(0-1)],0.00010251998901367188,0.10624337196350098,18,False,0
W|fIIC`G?_b@B`?b_HGB??GC?oG?_G?`C??p??EG??[_??^,[(19-23)-(18-22)-(15-21)-(14-20)-(11-12)-(10-13)-(9-17)-(8-16)-(6-7)-(4-5)-(2-3)-(0-1)],0.00010275840759277344,0.01533961296081543,1,True,0
W|fII?_KGo`p?b?o_GGA@?WC?_G@?G?eC??b??KG??w_??v,[(22-23)-(18-20)-(15-21)-(13-14)-(10-12)-(9-19)-(8-17)-(7-16)-(6-11)-(4-5)-(2-3)-(0-1)],0.00010371208190917969,0.04752063751220703,5,True,0
W|fII?_KGo`p?b?o_GGA@?WC?_G@?G?eC??b??KG??w_??v,[(22-23)-(18-20)-(15-21)-(13-14)-(10-12)-(9-19)-(8-17)-(7-16)-(6-11)-(4-5)-(2-3)-(0-1)],0.00010156631469726562,0.05252647399902344,5,True,0
W|fII?_KGo`p?b?o_GGA@?WC?_G@?G?eC??b??KG??w_??v,[(21-23)-(18-20)-(15-22)-(13-14)-(10-12)-(9-19)-(8-17)-(7-16)-(6-11)-(4-5)-(2-3)-(0-1)],0.00010466575622558594,0.07847046852111816,14,False,0
W|fII?_KGo`p?b?o_GGA@?WC?_G@?G?eC??b??KG??w_??v,[(21-23)-(18-20)-(15-22)-(13-14)-(10-12)-(9-19)-(8-17)-(7-16)-(6-11)-(4-5)-(2-3)-(0-1)],0.0001010894775390625,0.04048633575439453,4,True,0
W|fII?_KGo`p?b?o_GGA@?WC?_G@?G?eC??b??KG??w_??v,[(20-21)-(18-23)-(15-22)-(13-14)-(10-12)-(9-19)-(8-17)-(7-16)-(6-11)-(4-5)-(2-3)-(0-1)],0.00010895729064941406,0.09660911560058594,16,False,0
W|fII?_KGo`p?b?o_GGA@?WC?_G@?G?eC??b??KG??w_??v,[(20-21)-(18-23)-(15-22)-(13-14)-(10-12)-(9-19)-(8-17)-(7-16)-(6-11)-(4-5)-(2-3)-(0-1)],0.00010371208190917969,0.04559159278869629,4,True,0
W|fII?_KGo`p?b?o_GGA@?WC?_G@?G?eC??b??KG??w_??v,[(22-23)-(18-20)-(15-21)-(13-14)-(12-19)-(9-10)-(8-17)-(7-16)-(6-11)-(4-5)-(2-3)-(0-1)],0.00010180473327636719,0.03646683692932129,4,False,0
W|fII?_KGo`p?b?o_GGA@?WC?_G@?G?eC??b??KG??w_??v,[(22-23)-(18-20)-(15-21)-(13-14)-(12-19)-(9-10)-(8-17)-(7-16)-(6-11)-(4-5)-(2-3)-(0-1)],0.00010251998901367188,0.05160164833068848,5,True,0
W|fII?_KGo`p?b?o_GGA@?WC?_G@?G?eC??b??KG??w_??v,[(21-23)-(18-20)-(15-22)-(13-14)-(12-19)-(9-10)-(8-17)-(7-16)-(6-11)-(4-5)-(2-3)-(0-1)],0.00010204315185546875,0.04245758056640625,4,False,0
W|fII?_KGo`p?b?o_GGA@?WC?_G@?G?eC??b??KG??w_??v,[(21-23)-(18-20)-(15-22)-(13-14)-(12-19)-(9-10)-(8-17)-(7-16)-(6-11)-(4-5)-(2-3)-(0-1)],0.00010347366333007812,0.041847944259643555,4,True,0
W|fII?_KGo`p?b?o_GGA@?WC?_G@?G?eC??b??KG??w_??v,[(20-21)-(18-23)-(15-22)-(13-14)-(12-19)-(9-10)-(8-17)-(7-16)-(6-11)-(4-5)-(2-3)-(0-1)],0.00010323524475097656,0.07838702201843262,7,True,0
W|fII?_KGo`p?b?o_GGA@?WC?_G@?G?eC??b??KG??w_??v,[(20-21)-(18-23)-(15-22)-(13-14)-(12-19)-(9-10)-(8-17)-(7-16)-(6-11)-(4-5)-(2-3)-(0-1)],0.00010395050048828125,0.023536205291748047,2,True,0
W|fII?_KGo`p?b?o_GGA@?WC?_G@?G?eC??b??KG??w_??v,[(22-23)-(18-19)-(15-21)-(14-20)-(12-13)-(9-10)-(8-17)-(7-16)-(6-11)-(4-5)-(2-3)-(0-1)],0.00010085105895996094,0.0323641300201416,3,True,0
W|fII?_KGo`p?b?o_GGA@?WC?_G@?G?eC??b??KG??w_??v,[(22-23)-(18-19)-(15-21)-(14-20)-(12-13)-(9-10)-(8-17)-(7-16)-(6-11)-(4-5)-(2-3)-(0-1)],0.00010442733764648438,0.05192899703979492,5,False,0
W|fII?_KGo`p?b?o_GGA@?WC?_G@?G?eC??b??KG??w_??v,[(21-23)-(18-19)-(15-22)-(14-20)-(12-13)-(9-10)-(8-17)-(7-16)-(6-11)-(4-5)-(2-3)-(0-1)],0.00010919570922851562,0.03238654136657715,3,True,0
W|fII?_KGo`p?b?o_GGA@?WC?_G@?G?eC??b??KG??w_??v,[(21-23)-(18-19)-(15-22)-(14-20)-(12-13)-(9-10)-(8-17)-(7-16)-(6-11)-(4-5)-(2-3)-(0-1)],0.00010442733764648438,0.040525197982788086,4,True,0
W|fII?_KGo`p?b?o_GGA@?WC?_G@?G?eC??b??KG??w_??v,[(20-23)-(18-19)-(15-22)-(14-21)-(12-13)-(9-10)-(8-17)-(7-16)-(6-11)-(4-5)-(2-3)-(0-1)],0.00010323524475097656,0.04097604751586914,4,True,0
W|fII?_KGo`p?b?o_GGA@?WC?_G@?G?eC??b??KG??w_??v,[(20-23)-(18-19)-(15-22)-(14-21)-(12-13)-(9-10)-(8-17)-(7-16)-(6-11)-(4-5)-(2-3)-(0-1)],0.00010561943054199219,0.06391000747680664,7,True,0
W|fII?_KGo`p?b?o_GGA@?WC?_G@?G?eC??b??KG??w_??v,[(19-20)-(18-23)-(15-22)-(14-21)-(12-13)-(9-10)-(8-17)-(7-16)-(6-11)-(4-5)-(2-3)-(0-1)],0.00010395050048828125,0.049714088439941406,5,True,0
W|fII?_KGo`p?b?o_GGA@?WC?_G@?G?eC??b??KG??w_??v,[(19-20)-(18-23)-(15-22)-(14-21)-(12-13)-(9-10)-(8-17)-(7-16)-(6-11)-(4-5)-(2-3)-(0-1)],0.00010466575622558594,0.03970479965209961,4,True,0
W|fIAC`KGo``@@?__OGE@?WC?_G?oG?KC?B@??WG?@w_??},[(17-23)-(15-22)-(14-21)-(13-20)-(12-19)-(10-11)-(9-18)-(8-16)-(6-7)-(4-5)-(2-3)-(0-1)],0.00010251998901367188,0.023349285125732422,2,True,0
W|fIAC`KGo``@@?__OGE@?WC?_G?oG?KC?B@??WG?@w_??},[(17-23)-(15-22)-(14-21)-(13-20)-(12-19)-(10-11)-(9-18)-(8-16)-(6-7)-(4-5)-(2-3)-(0-1)],0.00010418891906738281,0.040273427963256836,4,True,0
W|fIAC`KGo``@@?__OGE@?WC?_G?oG?KC?B@??WG?@w_??},[(21-23)-(17-22)-(14-15)-(13-20)-(12-19)-(10-11)-(9-18)-(8-16)-(6-7)-(4-5)-(2-3)-(0-1)],0.00016450881958007812,0.02342391014099121,2,True,0
W|fIAC`KGo``@@?__OGE@?WC?_G?oG?KC?B@??WG?@w_??},[(21-23)-(17-22)-(14-15)-(13-20)-(12-19)-(10-11)-(9-18)-(8-16)-(6-7)-(4-5)-(2-3)-(0-1)],0.00010466575622558594,0.0705111026763916,6,False,0
W|fIAC`KGo``@@?__OGE@?WC?_G?oG?KC?B@??WG?@w_??},[(21-22)-(17-23)-(14-15)-(13-20)-(12-19)-(10-11)-(9-18)-(8-16)-(6-7)-(4-5)-(2-3)-(0-1)],0.00010824203491210938,0.041840314865112305,4,True,0
W|fIAC`KGo``@@?__OGE@?WC?_G?oG?KC?B@??WG?@w_??},[(21-22)-(17-23)-(14-15)-(13-20)-(12-19)-(10-11)-(9-18)-(8-16)-(6-7)-(4-5)-(2-3)-(0-1)],0.00010418891906738281,0.02338242530822754,2,True,0
W|fIAC`KGo``@@?__OGE@?WC?_G?oG?KC?B@??WG?@w_??},[(20-23)-(17-22)-(14-15)-(13-21)-(12-19)-(10-11)-(9-18)-(8-16)-(6-7)-(4-5)-(2-3)-(0-1)],0.00010204315185546875,0.10266709327697754,17,False,0
W|fIAC`KGo``@@?__OGE@?WC?_G?oG?KC?B@??WG?@w_??},[(20-23)-(17-22)-(14-15)-(13-21)-(12-19)-(10-11)-(9-18)-(8-16)-(6-7)-(4-5)-(2-3)-(0-1)],0.00010204315185546875,0.015746593475341797,1,True,0
W|fIAC`KGo``@@?__OGE@?WC?_G?oG?KC?B@??WG?@w_??},[(20-21)-(17-23)-(15-22)-(13-14)-(12-19)-(10-11)-(9-18)-(8-16)-(6-7)-(4-5)-(2-3)-(0-1)],0.00010228157043457031,0.022527217864990234,2,True,0
W|fIAC`KGo``@@?__OGE@?WC?_G?oG?KC?B@??WG?@w_??},[(20-21)-(17-23)-(15-22)-(13-14)-(12-19)-(10-11)-(9-18)-(8-16)-(6-7)-(4-5)-(2-3)-(0-1)],0.00010323524475097656,0.06467819213867188,6,True,0
W|fIAC`KGo``@@?__OGE@?WC?_G?oG?KC?B@??WG?@w_??},[(19-23)-(17-22)-(14-15)-(13-21)-(12-20)-(10-11)-(9-18)-(8-16)-(6-7)-(4-5)-(2-3)-(0-1)],0.00010132789611816406,0.03153371810913086,3,True,0
W|fIAC`KGo``@@?__OGE@?WC?_G?oG?KC?B@??WG?@w_??},[(19-23)-(17-22)-(14-15)-(13-21)-(12-20)-(10-11)-(9-18)-(8-16)-(6-7)-(4-5)-(2-3)-(0-1)],0.00010251998901367188,0.11674165725708008,20,False,0
W|fIAC`KGo``@@?__OGE@?WC?_G?oG?KC?B@??WG?@w_??},[(19-20)-(17-23)-(15-22)-(14-21)-(12-13)-(10-11)-(9-18)-(8-16)-(6-7)-(4-5)-(2-3)-(0-1)],0.00010228157043457031,0.016543149948120117,1,True,0
W|fIAC`KGo``@@?__OGE@?WC?_G?oG?KC?B@??WG?@w_??},[(19-20)-(17-23)-(15-22)-(14-21)-(12-13)-(10-11)-(9-18)-(8-16)-(6-7)-(4-5)-(2-3)-(0-1)],0.00010251998901367188,0.0345149040222168,3,True,0
W|fIAC`KGo``@@?__OGE@?WC?_G?oG?KC?B@??WG?@w_??},[(21-23)-(19-20)-(17-22)-(14-15)-(12-13)-(10-11)-(9-18)-(8-16)-(6-7)-(4-5)-(2-3)-(0-1)],0.000102996826171875,0.053260087966918945,5,True,0
W|fIAC`KGo``@@?__OGE@?WC?_G?oG?KC?B@??WG?@w_??},[(21-23)-(19-20)-(17-22)-(14-15)-(12-13)-(10-11)-(9-18)-(8-16)-(6-7)-(4-5)-(2-3)-(0-1)],0.00010418891906738281,0.03217935562133789,3,True,0
W|fIAC`KGo``@@?__OGE@?WC?_G?oG?KC?B@??WG?@w_??},[(20-21)-(19-23)-(17-22)-(14-15)-(12-13)-(10-11)-(9-18)-(8-16)-(6-7)-(4-5)-(2-3)-(0-1)],0.00010204315185546875,0.04105257987976074,4,True,0
W|fIAC`KGo``@@?__OGE@?WC?_G?oG?KC?B@??WG?@w_??},[(20-21)-(19-23)-(17-22)-(14-15)-(12-13)-(10-11)-(9-18)-(8-16)-(6-7)-(4-5)-(2-3)-(0-1)],0.00010442733764648438,0.04210853576660156,4,False,0
W|fIAC`KGo``@@?__OGE@?WC?_G?oG?KC?B@??WG?@w_??},[(21-22)-(19-20)-(17-23)-(14-15)-(12-13)-(10-11)-(9-18)-(8-16)-(6-7)-(4-5)-(2-3)-(0-1)],0.00010204315185546875,0.03906440734863281,4,True,0
W|fIAC`KGo``@@?__OGE@?WC?_G?oG?KC?B@??WG?@w_??},[(21-22)-(19-20)-(17-23)-(14-15)-(12-13)-(10-11)-(9-18)-(8-16)-(6-7)-(4-5)-(2-3)-(0-1)],0.00010442733764648438,0.02283501625061035,2,True,0
W|fIB?pEGW?`?`?__OGE@?[C?WW?W??KC?B@??WG?@K_??^,[(21-22)-(19-23)-(14-15)-(13-20)-(11-18)-(10-17)-(8-9)-(7-16)-(6-12)-(4-5)-(2-3)-(0-1)],0.00010776519775390625,0.060622453689575195,6,True,0
W|fIB?pEGW?`?`?__OGE@?[C?WW?W??KC?B@??WG?@K_??^,[(21-22)-(19-23)-(14-15)-(13-20)-(11-18)-(10-17)-(8-9)-(7-16)-(6-12)-(4-5)-(2-3)-(0-1)],0.00010156631469726562,0.08118462562561035,16,False,0
W|fIB?pEGW?`?`?__OGE@?[C?WW?W??KC?B@??WG?@K_??^,[(22-23)-(19-20)-(14-15)-(13-21)-(11-18)-(10-17)-(8-9)-(7-16)-(6-12)-(4-5)-(2-3)-(0-1)],0.00010514259338378906,0.04309964179992676,4,False,0
W|fIB?pEGW?`?`?__OGE@?[C?WW?W??KC?B@??WG?@K_??^,[(22-23)-(19-20)-(14-15)-(13-21)-(11-18)-(10-17)-(8-9)-(7-16)-(6-12)-(4-5)-(2-3)-(0-1)],0.00010085105895996094,0.030019760131835938,3,True,0
W|fIB?pEGW?`?`?__OGE@?[C?WW?W??KC?B@??WG?@K_??^,[(21-23)-(18-22)-(14-15)-(13-20)-(11-19)-(10-17)-(8-9)-(7-16)-(6-12)-(4-5)-(2-3)-(0-1)],9.870529174804688e-05,0.0318753719329834,3,True,0
W|fIB?pEGW?`?`?__OGE@?[C?WW?W??KC?B@??WG?@K_??^,[(21-23)-(18-22)-(14-15)-(13-20)-(11-19)-(10-17)-(8-9)-(7-16)-(6-12)-(4-5)-(2-3)-(0-1)],0.00010228157043457031,0.06613469123840332,7,True,0
W|fIB?pEGW?`?`?__OGE@?[C?WW?W??KC?B@??WG?@K_??^,[(21-22)-(18-23)-(14-15)-(13-20)-(11-19)-(10-17)-(8-9)-(7-16)-(6-12)-(4-5)-(2-3)-(0-1)],0.00010156631469726562,0.023212432861328125,2,True,0
W|fIB?pEGW?`?`?__OGE@?[C?WW?W??KC?B@??WG?@K_??^,[(21-22)-(18-23)-(14-15)-(13-20)-(11-19)-(10-17)-(8-9)-(7-16)-(6-12)-(4-5)-(2-3)-(0-1)],0.00010204315185546875,0.05978107452392578,6,True,0
W|fIB?pEGW?`?`?__OGE@?[C?WW?W??KC?B@??WG?@K_??^,[(20-23)-(18-22)-(14-15)-(13-21)-(11-19)-(10-17)-(8-9)-(7-16)-(6-12)-(4-5)-(2-3)-(0-1)],0.00010204315185546875,0.06111288070678711,6,True,0
W|fIB?pEGW?`?`?__OGE@?[C?WW?W??KC?B@??WG?@K_??^,[(20-23)-(18-22)-(14-15)-(13-21)-(11-19)-(10-17)-(8-9)-(7-16)-(6-12)-(4-5)-(2-3)-(0-1)],0.00010085105895996094,0.02265453338623047,2,True,0
W|fIB?pEGW?`?`?__OGE@?[C?WW?W??KC?B@??WG?@K_??^,[(22-23)-(15-17)-(14-21)-(13-20)-(11-19)-(10-18)-(8-9)-(7-16)-(6-12)-(4-5)-(2-3)-(0-1)],9.918212890625e-05,0.040563106536865234,4,True,0
W|fIB?pEGW?`?`?__OGE@?[C?WW?W??KC?B@??WG?@K_??^,[(22-23)-(15-17)-(14-21)-(13-20)-(11-19)-(10-18)-(8-9)-(7-16)-(6-12)-(4-5)-(2-3)-(0-1)],0.00010275840759277344,0.03219008445739746,3,True,0
W|fIB?pEGW?`?`?__OGE@?[C?WW?W??KC?B@??WG?@K_??^,[(21-23)-(15-17)-(14-22)-(13-20)-(11-19)-(10-18)-(8-9)-(7-16)-(6-12)-(4-5)-(2-3)-(0-1)],0.00010418891906738281,0.04625988006591797,4,True,0
W|fIB?pEGW?`?`?__OGE@?[C?WW?W??KC?B@??WG?@K_??^,[(21-23)-(15-17)-(14-22)-(13-20)-(11-19)-(10-18)-(8-9)-(7-16)-(6-12)-(4-5)-(2-3)-(0-1)],0.00010323524475097656,0.03245663642883301,3,True,0
W|fIB?pEGW?`?`?__OGE@?[C?WW?W??KC?B@??WG?@K_??^,[(21-23)-(17-22)-(14-15)-(13-20)-(11-19)-(10-18)-(8-9)-(7-16)-(6-12)-(4-5)-(2-3)-(0-1)],0.00010156631469726562,0.0412445068359375,4,True,0
W|fIB?pEGW?`?`?__OGE@?[C?WW?W??KC?B@??WG?@K_??^,[(21-23)-(17-22)-(14-15)-(13-20)-(11-19)-(10-18)-(8-9)-(7-16)-(6-12)-(4-5)-(2-3)-(0-1)],0.00010347366333007812,0.05084109306335449,5,True,0
W|fIB?pEGW?`?`?__OGE@?[C?WW?W??KC?B@??WG?@K_??^,[(20-23)-(15-17)-(14-22)-(13-21)-(11-19)-(10-18)-(8-9)-(7-16)-(6-12)-(4-5)-(2-3)-(0-1)],0.00011229515075683594,0.02286219596862793,2,True,0
W|fIB?pEGW?`?`?__OGE@?[C?WW?W??KC?B@??WG?@K_??^,[(20-23)-(15-17)-(14-22)-(13-21)-(11-19)-(10-18)-(8-9)-(7-16)-(6-12)-(4-5)-(2-3)-(0-1)],0.00010132789611816406,0.04151630401611328,4,True,0
W|fIB?pEGW?`?`?__OGE@?[C?WW?W??KC?B@??WG?@K_??^,[(20-23)-(17-22)-(14-15)-(13-21)-(11-19)-(10-18)-(8-9)-(7-16)-(6-12)-(4-5)-(2-3)-(0-1)],0.00010251998901367188,0.039340972900390625,4,True,0
W|fIB?pEGW?`?`?__OGE@?[C?WW?W??KC?B@??WG?@K_??^,[(20-23)-(17-22)-(14-15)-(13-21)-(11-19)-(10-18)-(8-9)-(7-16)-(6-12)-(4-5)-(2-3)-(0-1)],0.00010228157043457031,0.031900644302368164,3,True,0
W|fIAC`KGo``@??__OGE@?OC?e?@wG?CW?B@??WG?@o_?@N,[(22-23)-(15-16)-(14-21)-(13-20)-(12-19)-(10-11)-(9-18)-(8-17)-(6-7)-(4-5)-(2-3)-(0-1)],0.00011420249938964844,0.01693248748779297,1,False,0
W|fIAC`KGo``@??__OGE@?OC?e?@wG?CW?B@??WG?@o_?@N,[(22-23)-(15-16)-(14-21)-(13-20)-(12-19)-(10-11)-(9-18)-(8-17)-(6-7)-(4-5)-(2-3)-(0-1)],0.00010180473327636719,0.035514116287231445,3,False,0
W|fIAC`KGo``@??__OGE@?OC?e?@wG?CW?B@??WG?@o_?@N,[(16-23)-(15-22)-(14-21)-(13-20)-(12-19)-(10-11)-(9-18)-(8-17)-(6-7)-(4-5)-(2-3)-(0-1)],0.000102996826171875,0.08589529991149902,15,False,0
W|fIAC`KGo``@??__OGE@?OC?e?@wG?CW?B@??WG?@o_?@N,[(16-23)-(15-22)-(14-21)-(13-20)-(12-19)-(10-11)-(9-18)-(8-17)-(6-7)-(4-5)-(2-3)-(0-1)],0.00010657310485839844,0.015342950820922852,1,True,0
W|fIAC`KGo``@??__OGE@?OC?e?@wG?CW?B@??WG?@o_?@N,[(21-23)-(15-16)-(14-22)-(13-20)-(12-19)-(10-11)-(9-18)-(8-17)-(6-7)-(4-5)-(2-3)-(0-1)],9.989738464355469e-05,0.06243109703063965,6,True,0
W|fIAC`KGo``@??__OGE@?OC?e?@wG?CW?B@??WG?@o_?@N,[(21-23)-(15-16)-(14-22)-(13-20)-(12-19)-(10-11)-(9-18)-(8-17)-(6-7)-(4-5)-(2-3)-(0-1)],0.000102996826171875,0.025295734405517578,2,False,0
W|fIAC`KGo``@??__OGE@?OC?e?@wG?CW?B@??WG?@o_?@N,[(21-23)-(16-22)-(14-15)-(13-20)-(12-19)-(10-11)-(9-18)-(8-17)-(6-7)-(4-5)-(2-3)-(0-1)],0.00010395050048828125,0.07152032852172852,15,False,0
W|fIAC`KGo``@??__OGE@?OC?e?@wG?CW?B@??WG?@o_?@N,[(21-23)-(16-22)-(14-15)-(13-20)-(12-19)-(10-11)-(9-18)-(8-17)-(6-7)-(4-5)-(2-3)-(0-1)],9.822845458984375e-05,0.08490133285522461,8,True,0
W|fIAC`KGo``@??__OGE@?OC?e?@wG?CW?B@??WG?@o_?@N,[(21-22)-(16-23)-(14-15)-(13-20)-(12-19)-(10-11)-(9-18)-(8-17)-(6-7)-(4-5)-(2-3)-(0-1)],9.989738464355469e-05,0.03070354461669922,3,True,0
W|fIAC`KGo``@??__OGE@?OC?e?@wG?CW?B@??WG?@o_?@N,[(21-22)-(16-23)-(14-15)-(13-20)-(12-19)-(10-11)-(9-18)-(8-17)-(6-7)-(4-5)-(2-3)-(0-1)],0.00010061264038085938,0.048148393630981445,5,True,0
W|fIAC`KGo``@??__OGE@?OC?e?@wG?CW?B@??WG?@o_?@N,[(20-23)-(15-16)-(14-22)-(13-21)-(12-19)-(10-11)-(9-18)-(8-17)-(6-7)-(4-5)-(2-3)-(0-1)],0.00010156631469726562,0.11066126823425293,11,True,0
W|fIAC`KGo``@??__OGE@?OC?e?@wG?CW?B@??WG?@o_?@N,[(20-23)-(15-16)-(14-22)-(13-21)-(12-19)-(10-11)-(9-18)-(8-17)-(6-7)-(4-5)-(2-3)-(0-1)],0.00010466575622558594,0.030858516693115234,3,True,0
W|fIAC`KGo``@??__OGE@?OC?e?@wG?CW?B@??WG?@o_?@N,[(20-23)-(16-22)-(14-15)-(13-21)-(12-19)-(10-11)-(9-18)-(8-17)-(6-7)-(4-5)-(2-3)-(0-1)],0.00010728836059570312,0.0539853572845459,6,True,0
W|fIAC`KGo``@??__OGE@?OC?e?@wG?CW?B@??WG?@o_?@N,[(20-23)-(16-22)-(14-15)-(13-21)-(12-19)-(10-11)-(9-18)-(8-17)-(6-7)-(4-5)-(2-3)-(0-1)],0.0001049041748046875,0.053781747817993164,5,True,0
W|fIAC`KGo``@??__OGE@?OC?e?@wG?CW?B@??WG?@o_?@N,[(22-23)-(20-21)-(15-16)-(13-14)-(12-19)-(10-11)-(9-18)-(8-17)-(6-7)-(4-5)-(2-3)-(0-1)],0.00010228157043457031,0.03150820732116699,3,True,0
W|fIAC`KGo``@??__OGE@?OC?e?@wG?CW?B@??WG?@o_?@N,[(22-23)-(20-21)-(15-16)-(13-14)-(12-19)-(10-11)-(9-18)-(8-17)-(6-7)-(4-5)-(2-3)-(0-1)],0.00010085105895996094,0.08164429664611816,7,False,0
W|fIAC`KGo``@??__OGE@?OC?e?@wG?CW?B@??WG?@o_?@N,[(21-22)-(20-23)-(15-16)-(13-14)-(12-19)-(10-11)-(9-18)-(8-17)-(6-7)-(4-5)-(2-3)-(0-1)],0.00010013580322265625,0.03130507469177246,3,True,0
W|fIAC`KGo``@??__OGE@?OC?e?@wG?CW?B@??WG?@o_?@N,[(21-22)-(20-23)-(15-16)-(13-14)-(12-19)-(10-11)-(9-18)-(8-17)-(6-7)-(4-5)-(2-3)-(0-1)],9.870529174804688e-05,0.06348037719726562,6,True,0
W|fIAC`KGo``@??__OGE@?OC?e?@wG?CW?B@??WG?@o_?@N,[(20-21)-(16-23)-(15-22)-(13-14)-(12-19)-(10-11)-(9-18)-(8-17)-(6-7)-(4-5)-(2-3)-(0-1)],0.00010442733764648438,0.02234959602355957,2,True,0
W|fIAC`KGo``@??__OGE@?OC?e?@wG?CW?B@??WG?@o_?@N,[(20-21)-(16-23)-(15-22)-(13-14)-(12-19)-(10-11)-(9-18)-(8-17)-(6-7)-(4-5)-(2-3)-(0-1)],0.00010013580322265625,0.07610869407653809,7,True,0
W|eIID_KGo`@@@@__W?A@?WC?{G?K??EC?@`??KG??s_??^,[(22-23)-(15-21)-(14-20)-(13-19)-(12-18)-(10-11)-(9-17)-(8-16)-(6-7)-(4-5)-(2-3)-(0-1)],0.0001010894775390625,0.03889179229736328,4,True,0
W|eIID_KGo`@@@@__W?A@?WC?{G?K??EC?@`??KG??s_??^,[(22-23)-(15-21)-(14-20)-(13-19)-(12-18)-(10-11)-(9-17)-(8-16)-(6-7)-(4-5)-(2-3)-(0-1)],0.00012540817260742188,0.04018664360046387,4,True,0
W|eIID_KGo`@@@@__W?A@?WC?{G?K??EC?@`??KG??s_??^,[(21-23)-(15-22)-(14-20)-(13-19)-(12-18)-(10-11)-(9-17)-(8-16)-(6-7)-(4-5)-(2-3)-(0-1)],0.00010156631469726562,0.03219270706176758,3,True,0
W|eIID_KGo`@@@@__W?A@?WC?{G?K??EC?@`??KG??s_??^,[(21-23)-(15-22)-(14-20)-(13-19)-(12-18)-(10-11)-(9-17)-(8-16)-(6-7)-(4-5)-(2-3)-(0-1)],0.00010800361633300781,0.03059697151184082,3,True,0
W|eIID_KGo`@@@@__W?A@?WC?{G?K??EC?@`??KG??s_??^,[(20-23)-(15-22)-(14-21)-(13-19)-(12-18)-(10-11)-(9-17)-(8-16)-(6-7)-(4-5)-(2-3)-(0-1)],9.918212890625e-05,0.023134469985961914,2,True,0
W|eIID_KGo`@@@@__W?A@?WC?{G?K??EC?@`??KG??s_??^,[(20-23)-(15-22)-(14-21)-(13-19)-(12-18)-(10-11)-(9-17)-(8-16)-(6-7)-(4-5)-(2-3)-(0-1)],0.00010752677917480469,0.04735827445983887,5,True,0
W|eIID_KGo`@@@@__W?A@?WC?{G?K??EC?@`??KG??s_??^,[(22-23)-(20-21)-(14-15)-(13-19)-(12-18)-(10-11)-(9-17)-(8-16)-(6-7)-(4-5)-(2-3)-(0-1)],0.00010633468627929688,0.06285977363586426,5,False,0
W|eIID_KGo`@@@@__W?A@?WC?{G?K??EC?@`??KG??s_??^,[(22-23)-(20-21)-(14-15)-(13-19)-(12-18)-(10-11)-(9-17)-(8-16)-(6-7)-(4-5)-(2-3)-(0-1)],0.00010251998901367188,0.03197360038757324,3,True,0
W|eIID_KGo`@@@@__W?A@?WC?{G?K??EC?@`??KG??s_??^,[(21-22)-(20-23)-(14-15)-(13-19)-(12-18)-(10-11)-(9-17)-(8-16)-(6-7)-(4-5)-(2-3)-(0-1)],0.00010061264038085938,0.023626327514648438,2,True,0
W|eIID_KGo`@@@@__W?A@?WC?{G?K??EC?@`??KG??s_??^,[(21-22)-(20-23)-(14-15)-(13-19)-(12-18)-(10-11)-(9-17)-(8-16)-(6-7)-(4-5)-(2-3)-(0-1)],0.00010347366333007812,0.04023027420043945,4,True,0
W|eIID_KGo`@@@@__W?A@?WC?{G?K??EC?@`??KG??s_??^,[(19-23)-(15-22)-(14-21)-(13-20)-(12-18)-(10-11)-(9-17)-(8-16)-(6-7)-(4-5)-(2-3)-(0-1)],0.00010132789611816406,0.09770417213439941,17,False,0
W|eIID_KGo`@@@@__W?A@?WC?{G?K??EC?@`??KG??s_??^,[(19-23)-(15-22)-(14-21)-(13-20)-(12-18)-(10-11)-(9-17)-(8-16)-(6-7)-(4-5)-(2-3)-(0-1)],0.00011301040649414062,0.03139495849609375,3,True,0
W|eIID_KGo`@@@@__W?A@?WC?{G?K??EC?@`??KG??s_??^,[(21-22)-(19-23)-(14-15)-(13-20)-(12-18)-(10-11)-(9-17)-(8-16)-(6-7)-(4-5)-(2-3)-(0-1)],0.00010466575622558594,0.030604124069213867,3,True,0
W|eIID_KGo`@@@@__W?A@?WC?{G?K??EC?@`??KG??s_??^,[(21-22)-(19-23)-(14-15)-(13-20)-(12-18)-(10-11)-(9-17)-(8-16)-(6-7)-(4-5)-(2-3)-(0-1)],0.00010347366333007812,0.04147982597351074,4,True,0
W|eIID_KGo`@@@@__W?A@?WC?{G?K??EC?@`??KG??s_??^,[(18-23)-(15-22)-(14-21)-(13-20)-(12-19)-(10-11)-(9-17)-(8-16)-(6-7)-(4-5)-(2-3)-(0-1)],9.942054748535156e-05,0.0778658390045166,15,False,0
W|eIID_KGo`@@@@__W?A@?WC?{G?K??EC?@`??KG??s_??^,[(18-23)-(15-22)-(14-21)-(13-20)-(12-19)-(10-11)-(9-17)-(8-16)-(6-7)-(4-5)-(2-3)-(0-1)],0.00010442733764648438,0.07233190536499023,14,False,0
W|eIID_KGo`@@@@__W?A@?WC?{G?K??EC?@`??KG??s_??^,[(21-23)-(18-22)-(14-15)-(13-20)-(12-19)-(10-11)-(9-17)-(8-16)-(6-7)-(4-5)-(2-3)-(0-1)],9.894371032714844e-05,0.030707836151123047,3,True,0
W|eIID_KGo`@@@@__W?A@?WC?{G?K??EC?@`??KG??s_??^,[(21-23)-(18-22)-(14-15)-(13-20)-(12-19)-(10-11)-(9-17)-(8-16)-(6-7)-(4-5)-(2-3)-(0-1)],9.870529174804688e-05,0.02971649169921875,3,True,0
W|eIID_KGo`@@@@__W?A@?WC?{G?K??EC?@`??KG??s_??^,[(21-22)-(18-23)-(14-15)-(13-20)-(12-19)-(10-11)-(9-17)-(8-16)-(6-7)-(4-5)-(2-3)-(0-1)],9.751319885253906e-05,0.04056835174560547,4,True,0
W|eIID_KGo`@@@@__W?A@?WC?{G?K??EC?@`??KG??s_??^,[(21-22)-(18-23)-(14-15)-(13-20)-(12-19)-(10-11)-(9-17)-(8-16)-(6-7)-(4-5)-(2-3)-(0-1)],0.00010395050048828125,0.022468090057373047,2,True,0
