G6,emparelhamento,canonical_time,solve_time,qtde_moves,resultado,max_depth
~?@E???_?_?@@??O????C?C???A??O??O??????G?G_?Gp??_?_P??@O???@OS?C??AG?????O?@CA???OO???P?P??Pa?????G@??????GAA?@?C?AO?@??CA??_??A?C??_A?CG??O????aC????_C?A?_?O????C????????GG??@???@G??B??G???_A????@??G?o????_G??OO?@_A???O??CAC?????_CB??D??G?C?Co???C?@????A??OO???o@????@???O@????_?O?G?A?A??C_????C?A??_????A__O???@G???@AGCA?_??O????_?A????@GA?_??????C?C???GO_???GAO???@??O?O_OQ??????_??@B?C???@?????E???@??S?,[(63-69)-(55-60)-(53-61)-(46-52)-(45-47)-(44-54)-(43-51)-(42-62)-(38-59)-(37-39)-(31-58)-(29-48)-(28-30)-(25-27)-(24-41)-(23-57)-(20-22)-(19-35)-(16-18)-(15-17)-(14-34)-(13-68)-(12-50)-(11-36)-(10-26)-(9-40)-(8-56)-(7-66)-(6-49)-(5-65)-(4-64)-(3-67)-(2-21)-(1-32)-(0-33)],0.0003590583801269531,0.03796052932739258,5,True,5
~?@E???_?_?@@??O????C?C???A??O??O??????G?G_?Gp??_?_P??@O???@OS?C??AG?????O?@CA???OO???P?P??Pa?????G@??????GAA?@?C?AO?@??CA??_??A?C??_A?CG??O????aC????_C?A?_?O????C????????GG??@???@G??B??G???_A????@??G?o????_G??OO?@_A???O??CAC?????_CB??D??G?C?Co???C?@????A??OO???o@????@???O@????_?O?G?A?A??C_????C?A??_????A__O???@G???@AGCA?_??O????_?A????@GA?_??????C?C???GO_???GAO???@??O?O_OQ??????_??@B?C???@?????E???@??S?,[(63-69)-(55-60)-(53-61)-(46-52)-(45-47)-(44-54)-(43-51)-(42-62)-(38-59)-(37-39)-(31-58)-(29-48)-(28-30)-(25-27)-(24-41)-(23-57)-(20-22)-(19-35)-(16-18)-(15-17)-(14-34)-(13-68)-(12-50)-(11-36)-(10-26)-(9-40)-(8-56)-(7-66)-(6-49)-(5-65)-(4-64)-(3-67)-(2-21)-(1-32)-(0-33)],0.00035953521728515625,0.014919281005859375,2,True,2
~?@E???_?_?@@??O????C?C???A??O??O??????G?G_?Gp??_?_P??@O???@OS?C??AG?????O?@CA???OO???P?P??Pa?????G@??????GAA?@?C?AO?@??CA??_??A?C??_A?CG??O????aC????_C?A?_?O????C????????GG??@???@G??B??G???_A????@??G?o????_G??OO?@_A???O??CAC?????_CB??D??G?C?Co???C?@????A??OO???o@????@???O@????_?O?G?A?A??C_????C?A??_????A__O???@G???@AGCA?_??O????_?A????@GA?_??????C?C???GO_???GAO???@??O?O_OQ??????_??@B?C???@?????E???@??S?,[(63-69)-(55-60)-(53-61)-(48-57)-(46-52)-(45-47)-(44-54)-(43-51)-(38-59)-(37-42)-(31-58)-(28-30)-(27-39)-(25-29)-(24-41)-(23-62)-(20-22)-(19-35)-(16-18)-(15-17)-(14-34)-(13-68)-(12-50)-(11-36)-(10-26)-(9-40)-(8-56)-(7-66)-(6-49)-(5-65)-(4-64)-(3-67)-(2-21)-(1-32)-(0-33)],0.0003561973571777344,0.029352188110351562,4,True,4
~?@E???_?_?@@??O????C?C???A??O??O??????G?G_?Gp??_?_P??@O???@OS?C??AG?????O?@CA???OO???P?P??Pa?????G@??????GAA?@?C?AO?@??CA??_??A?C??_A?CG??O????aC????_C?A?_?O????C????????GG??@???@G??B??G???_A????@??G?o????_G??OO?@_A???O??CAC?????_CB??D??G?C?Co???C?@????A??OO???o@????@???O@????_?O?G?A?A??C_????C?A??_????A__O???@G???@AGCA?_??O????_?A????@GA?_??????C?C???GO_???GAO???@??O?O_OQ??????_??@B?C???@?????E???@??S?,[(63-69)-(55-60)-(53-61)-(48-57)-(46-52)-(45-47)-(44-54)-(43-51)-(38-59)-(37-42)-(31-58)-(28-30)-(27-39)-(25-29)-(24-41)-(23-62)-(20-22)-(19-35)-(16-18)-(15-17)-(14-34)-(13-68)-(12-50)-(11-36)-(10-26)-(9-40)-(8-56)-(7-66)-(6-49)-(5-65)-(4-64)-(3-67)-(2-21)-(1-32)-(0-33)],0.0003628730773925781,0.015139341354370117,2,True,2
~?@E???_?_?@@??O????C?C???A??O??O??????G?G_?Gp??_?_P??@O???@OS?C??AG?????O?@CA???OO???P?P??Pa?????G@??????GAA?@?C?AO?@??CA??_??A?C??_A?CG??O????aC????_C?A?_?O????C????????GG??@???@G??B??G???_A????@??G?o????_G??OO?@_A???O??CAC?????_CB??D??G?C?Co???C?@????A??OO???o@????@???O@????_?O?G?A?A??C_????C?A??_????A__O???@G???@AGCA?_??O????_?A????@GA?_??????C?C???GO_???GAO???@??O?O_OQ??????_??@B?C???@?????E???@??S?,[(63-69)-(55-60)-(53-61)-(48-57)-(46-52)-(45-47)-(44-54)-(43-51)-(38-59)-(37-39)-(31-58)-(29-41)-(28-30)-(25-27)-(24-42)-(23-62)-(20-22)-(19-35)-(16-18)-(15-17)-(14-34)-(13-68)-(12-50)-(11-36)-(10-26)-(9-40)-(8-56)-(7-66)-(6-49)-(5-65)-(4-64)-(3-67)-(2-21)-(1-32)-(0-33)],0.0003466606140136719,0.009241819381713867,1,True,1
~?@E???_?_?@@??O????C?C???A??O??O??????G?G_?Gp??_?_P??@O???@OS?C??AG?????O?@CA???OO???P?P??Pa?????G@??????GAA?@?C?AO?@??CA??_??A?C??_A?CG??O????aC????_C?A?_?O????C????????GG??@???@G??B??G???_A????@??G?o????_G??OO?@_A???O??CAC?????_CB??D??G?C?Co???C?@????A??OO???o@????@???O@????_?O?G?A?A??C_????C?A??_????A__O???@G???@AGCA?_??O????_?A????@GA?_??????C?C???GO_???GAO???@??O?O_OQ??????_??@B?C???@?????E???@??S?,[(63-69)-(55-60)-(53-61)-(48-57)-(46-52)-(45-47)-(44-54)-(43-51)-(38-59)-(37-39)-(31-58)-(29-41)-(28-30)-(25-27)-(24-42)-(23-62)-(20-22)-(19-35)-(16-18)-(15-17)-(14-34)-(13-68)-(12-50)-(11-36)-(10-26)-(9-40)-(8-56)-(7-66)-(6-49)-(5-65)-(4-64)-(3-67)-(2-21)-(1-32)-(0-33)],0.0003571510314941406,0.014996767044067383,2,True,2
~?@E???_?_?@@??O????C?C???A??O??O??????G?G_?Gp??_?_P??@O???@OS?C??AG?????O?@CA???OO???P?P??Pa?????G@??????GAA?@?C?AO?@??CA??_??A?C??_A?CG??O????aC????_C?A?_?O????C????????GG??@???@G??B??G???_A????@??G?o????_G??OO?@_A???O??CAC?????_CB??D??G?C?Co???C?@????A??OO???o@????@???O@????_?O?G?A?A??C_????C?A??_????A__O???@G???@AGCA?_??O????_?A????@GA?_??????C?C???GO_???GAO???@??O?O_OQ??????_??@B?C???@?????E???@??S?,[(63-69)-(53-61)-(48-60)-(46-52)-(45-47)-(44-54)-(43-51)-(42-62)-(38-59)-(37-39)-(31-58)-(28-30)-(27-35)-(25-29)-(24-41)-(23-57)-(20-22)-(19-55)-(16-18)-(15-17)-(14-34)-(13-68)-(12-50)-(11-36)-(10-26)-(9-40)-(8-56)-(7-66)-(6-49)-(5-65)-(4-64)-(3-67)-(2-21)-(1-32)-(0-33)],0.00037407875061035156,0.015533447265625,2,True,2
~?@E???_?_?@@??O????C?C???A??O??O??????G?G_?Gp??_?_P??@O???@OS?C??AG?????O?@CA???OO???P?P??Pa?????G@??????GAA?@?C?AO?@??CA??_??A?C??_A?CG??O????aC????_C?A?_?O????C????????GG??@???@G??B??G???_A????@??G?o????_G??OO?@_A???O??CAC?????_CB??D??G?C?Co???C?@????A??OO???o@????@???O@????_?O?G?A?A??C_????C?A??_????A__O???@G???@AGCA?_??O????_?A????@GA?_??????C?C???GO_???GAO???@??O?O_OQ??????_??@B?C???@?????E???@??S?,[(63-69)-(53-61)-(48-60)-(46-52)-(45-47)-(44-54)-(43-51)-(42-62)-(38-59)-(37-39)-(31-58)-(28-30)-(27-35)-(25-29)-(24-41)-(23-57)-(20-22)-(19-55)-(16-18)-(15-17)-(14-34)-(13-68)-(12-50)-(11-36)-(10-26)-(9-40)-(8-56)-(7-66)-(6-49)-(5-65)-(4-64)-(3-67)-(2-21)-(1-32)-(0-33)],0.00035381317138671875,0.009222269058227539,1,True,1
~?@E???_?_?@@??O????C?C???A??O??O??????G?G_?Gp??_?_P??@O???@OS?C??AG?????O?@CA???OO???P?P??Pa?????G@??????GAA?@?C?AO?@??CA??_??A?C??_A?CG??O????aC????_C?A?_?O????C????????GG??@???@G??B??G???_A????@??G?o????_G??OO?@_A???O??CAC?????_CB??D??G?C?Co???C?@????A??OO???o@????@???O@????_?O?G?A?A??C_????C?A??_????A__O???@G???@AGCA?_??O????_?A????@GA?_??????C?C???GO_???GAO???@??O?O_OQ??????_??@B?C???@?????E???@??S?,[(63-69)-(53-61)-(48-57)-(46-52)-(45-47)-(44-54)-(43-51)-(42-60)-(38-59)-(37-39)-(31-58)-(28-30)-(27-35)-(25-29)-(24-41)-(23-62)-(20-22)-(19-55)-(16-18)-(15-17)-(14-34)-(13-68)-(12-50)-(11-36)-(10-26)-(9-40)-(8-56)-(7-66)-(6-49)-(5-65)-(4-64)-(3-67)-(2-21)-(1-32)-(0-33)],0.0003566741943359375,0.015060901641845703,2,True,2
~?@E???_?_?@@??O????C?C???A??O??O??????G?G_?Gp??_?_P??@O???@OS?C??AG?????O?@CA???OO???P?P??Pa?????G@??????GAA?@?C?AO?@??CA??_??A?C??_A?CG??O????aC????_C?A?_?O????C????????GG??@???@G??B??G???_A????@??G?o????_G??OO?@_A???O??CAC?????_CB??D??G?C?Co???C?@????A??OO???o@????@???O@????_?O?G?A?A??C_????C?A??_????A__O???@G???@AGCA?_??O????_?A????@GA?_??????C?C???GO_???GAO???@??O?O_OQ??????_??@B?C???@?????E???@??S?,[(63-69)-(53-61)-(48-57)-(46-52)-(45-47)-(44-54)-(43-51)-(42-60)-(38-59)-(37-39)-(31-58)-(28-30)-(27-35)-(25-29)-(24-41)-(23-62)-(20-22)-(19-55)-(16-18)-(15-17)-(14-34)-(13-68)-(12-50)-(11-36)-(10-26)-(9-40)-(8-56)-(7-66)-(6-49)-(5-65)-(4-64)-(3-67)-(2-21)-(1-32)-(0-33)],0.0003521442413330078,0.015122175216674805,2,True,2
~?@E???_?_?@@??O????C?C???A??O??O??????G?G_?Gp??_?_P??@O???@OS?C??AG?????O?@CA???OO???P?P??Pa?????G@??????GAA?@?C?AO?@??CA??_??A?C??_A?CG??O????aC????_C?A?_?O????C????????GG??@???@G??B??G???_A????@??G?o????_G??OO?@_A???O??CAC?????_CB??D??G?C?Co???C?@????A??OO???o@????@???O@????_?O?G?A?A??C_????C?A??_????A__O???@G???@AGCA?_??O????_?A????@GA?_??????C?C???GO_???GAO???@??O?O_OQ??????_??@B?C???@?????E???@??S?,[(63-69)-(55-60)-(53-61)-(48-57)-(46-52)-(45-47)-(44-54)-(43-51)-(38-59)-(31-58)-(28-30)-(27-39)-(25-29)-(24-42)-(23-62)-(20-41)-(19-35)-(17-37)-(16-18)-(15-22)-(14-34)-(13-68)-(12-50)-(11-36)-(10-26)-(9-40)-(8-56)-(7-66)-(6-49)-(5-65)-(4-64)-(3-67)-(2-21)-(1-32)-(0-33)],0.0006504058837890625,0.012032508850097656,1,True,1
~?@E???_?_?@@??O????C?C???A??O??O??????G?G_?Gp??_?_P??@O???@OS?C??AG?????O?@CA???OO???P?P??Pa?????G@??????GAA?@?C?AO?@??CA??_??A?C??_A?CG??O????aC????_C?A?_?O????C????????GG??@???@G??B??G???_A????@??G?o????_G??OO?@_A???O??CAC?????_CB??D??G?C?Co???C?@????A??OO???o@????@???O@????_?O?G?A?A??C_????C?A??_????A__O???@G???@AGCA?_??O????_?A????@GA?_??????C?C???GO_???GAO???@??O?O_OQ??????_??@B?C???@?????E???@??S?,[(63-69)-(55-60)-(53-61)-(48-57)-(46-52)-(45-47)-(44-54)-(43-51)-(38-59)-(31-58)-(28-30)-(27-39)-(25-29)-(24-42)-(23-62)-(20-41)-(19-35)-(17-37)-(16-18)-(15-22)-(14-34)-(13-68)-(12-50)-(11-36)-(10-26)-(9-40)-(8-56)-(7-66)-(6-49)-(5-65)-(4-64)-(3-67)-(2-21)-(1-32)-(0-33)],0.0003528594970703125,0.015033960342407227,2,True,2
~?@E???_?_?@@??O????C?C???A??O??O??????G?G_?Gp??_?_P??@O???@OS?C??AG?????O?@CA???OO???P?P??Pa?????G@??????GAA?@?C?AO?@??CA??_??A?C??_A?CG??O????aC????_C?A?_?O????C????????GG??@???@G??B??G???_A????@??G?o????_G??OO?@_A???O??CAC?????_CB??D??G?C?Co???C?@????A??OO???o@????@???O@????_?O?G?A?A??C_????C?A??_????A__O???@G???@AGCA?_??O????_?A????@GA?_??????C?C???GO_???GAO???@??O?O_OQ??????_??@B?C???@?????E???@??S?,[(63-69)-(55-60)-(53-61)-(48-51)-(47-52)-(44-54)-(43-46)-(42-62)-(38-59)-(31-58)-(28-30)-(27-39)-(25-29)-(24-41)-(23-57)-(20-45)-(19-35)-(17-37)-(16-18)-(15-22)-(14-34)-(13-68)-(12-50)-(11-36)-(10-26)-(9-40)-(8-56)-(7-66)-(6-49)-(5-65)-(4-64)-(3-67)-(2-21)-(1-32)-(0-33)],0.0003566741943359375,0.004254341125488281,0,True,0
~?@E???_?_?@@??O????C?C???A??O??O??????G?G_?Gp??_?_P??@O???@OS?C??AG?????O?@CA???OO???P?P??Pa?????G@??????GAA?@?C?AO?@??CA??_??A?C??_A?CG??O????aC????_C?A?_?O????C????????GG??@???@G??B??G???_A????@??G?o????_G??OO?@_A???O??CAC?????_CB??D??G?C?Co???C?@????A??OO???o@????@???O@????_?O?G?A?A??C_????C?A??_????A__O???@G???@AGCA?_??O????_?A????@GA?_??????C?C???GO_???GAO???@??O?O_OQ??????_??@B?C???@?????E???@??S?,[(63-69)-(55-60)-(53-61)-(48-51)-(47-52)-(44-54)-(43-46)-(42-62)-(38-59)-(31-58)-(28-30)-(27-39)-(25-29)-(24-41)-(23-57)-(20-45)-(19-35)-(17-37)-(16-18)-(15-22)-(14-34)-(13-68)-(12-50)-(11-36)-(10-26)-(9-40)-(8-56)-(7-66)-(6-49)-(5-65)-(4-64)-(3-67)-(2-21)-(1-32)-(0-33)],0.00035381317138671875,0.009205818176269531,1,True,1
~?@E???_?_?@@??O????C?C???A??O??O??????G?G_?Gp??_?_P??@O???@OS?C??AG?????O?@CA???OO???P?P??Pa?????G@??????GAA?@?C?AO?@??CA??_??A?C??_A?CG??O????aC????_C?A?_?O????C????????GG??@???@G??B??G???_A????@??G?o????_G??OO?@_A???O??CAC?????_CB??D??G?C?Co???C?@????A??OO???o@????@???O@????_?O?G?A?A??C_????C?A??_????A__O???@G???@AGCA?_??O????_?A????@GA?_??????C?C???GO_???GAO???@??O?O_OQ??????_??@B?C???@?????E???@??S?,[(63-69)-(55-60)-(53-61)-(48-51)-(47-52)-(44-46)-(43-58)-(42-62)-(38-59)-(30-54)-(28-31)-(27-39)-(25-29)-(24-41)-(23-57)-(20-45)-(19-35)-(17-37)-(16-18)-(15-22)-(14-34)-(13-68)-(12-50)-(11-36)-(10-26)-(9-40)-(8-56)-(7-66)-(6-49)-(5-65)-(4-64)-(3-67)-(2-21)-(1-32)-(0-33)],0.0004010200500488281,0.00937342643737793,1,True,1
~?@E???_?_?@@??O????C?C???A??O??O??????G?G_?Gp??_?_P??@O???@OS?C??AG?????O?@CA???OO???P?P??Pa?????G@??????GAA?@?C?AO?@??CA??_??A?C??_A?CG??O????aC????_C?A?_?O????C????????GG??@???@G??B??G???_A????@??G?o????_G??OO?@_A???O??CAC?????_CB??D??G?C?Co???C?@????A??OO???o@????@???O@????_?O?G?A?A??C_????C?A??_????A__O???@G???@AGCA?_??O????_?A????@GA?_??????C?C???GO_???GAO???@??O?O_OQ??????_??@B?C???@?????E???@??S?,[(63-69)-(55-60)-(53-61)-(48-51)-(47-52)-(44-46)-(43-58)-(42-62)-(38-59)-(30-54)-(28-31)-(27-39)-(25-29)-(24-41)-(23-57)-(20-45)-(19-35)-(17-37)-(16-18)-(15-22)-(14-34)-(13-68)-(12-50)-(11-36)-(10-26)-(9-40)-(8-56)-(7-66)-(6-49)-(5-65)-(4-64)-(3-67)-(2-21)-(1-32)-(0-33)],0.0003552436828613281,0.01495051383972168,2,True,2
~?@E???_?_?@@??O????C?C???A??O??O??????G?G_?Gp??_?_P??@O???@OS?C??AG?????O?@CA???OO???P?P??Pa?????G@??????GAA?@?C?AO?@??CA??_??A?C??_A?CG??O????aC????_C?A?_?O????C????????GG??@???@G??B??G???_A????@??G?o????_G??OO?@_A???O??CAC?????_CB??D??G?C?Co???C?@????A??OO???o@????@???O@????_?O?G?A?A??C_????C?A??_????A__O???@G???@AGCA?_??O????_?A????@GA?_??????C?C???GO_???GAO???@??O?O_OQ??????_??@B?C???@?????E???@??S?,[(61-69)-(55-60)-(47-52)-(44-46)-(43-51)-(42-62)-(38-59)-(31-58)-(30-54)-(29-48)-(28-53)-(27-39)-(25-63)-(24-41)-(23-57)-(20-45)-(19-35)-(17-37)-(16-18)-(15-22)-(14-34)-(13-68)-(12-50)-(11-36)-(10-26)-(9-40)-(8-56)-(7-66)-(6-49)-(5-65)-(4-64)-(3-67)-(2-21)-(1-32)-(0-33)],0.0003933906555175781,0.004355192184448242,0,True,0
~?@E???_?_?@@??O????C?C???A??O??O??????G?G_?Gp??_?_P??@O???@OS?C??AG?????O?@CA???OO???P?P??Pa?????G@??????GAA?@?C?AO?@??CA??_??A?C??_A?CG??O????aC????_C?A?_?O????C????????GG??@???@G??B??G???_A????@??G?o????_G??OO?@_A???O??CAC?????_CB??D??G?C?Co???C?@????A??OO???o@????@???O@????_?O?G?A?A??C_????C?A??_????A__O???@G???@AGCA?_??O????_?A????@GA?_??????C?C???GO_???GAO???@??O?O_OQ??????_??@B?C???@?????E???@??S?,[(61-69)-(55-60)-(47-52)-(44-46)-(43-51)-(42-62)-(38-59)-(31-58)-(30-54)-(29-48)-(28-53)-(27-39)-(25-63)-(24-41)-(23-57)-(20-45)-(19-35)-(17-37)-(16-18)-(15-22)-(14-34)-(13-68)-(12-50)-(11-36)-(10-26)-(9-40)-(8-56)-(7-66)-(6-49)-(5-65)-(4-64)-(3-67)-(2-21)-(1-32)-(0-33)],0.0003540515899658203,0.01496124267578125,2,True,2
~?@E???_?_?@@??O????C?C???A??O??O??????G?G_?Gp??_?_P??@O???@OS?C??AG?????O?@CA???OO???P?P??Pa?????G@??????GAA?@?C?AO?@??CA??_??A?C??_A?CG??O????aC????_C?A?_?O????C????????GG??@???@G??B??G???_A????@??G?o????_G??OO?@_A???O??CAC?????_CB??D??G?C?Co???C?@????A??OO???o@????@???O@????_?O?G?A?A??C_????C?A??_????A__O???@G???@AGCA?_??O????_?A????@GA?_??????C?C???GO_???GAO???@??O?O_OQ??????_??@B?C???@?????E???@??S?,[(55-60)-(53-61)-(47-69)-(46-52)-(44-54)-(43-51)-(42-62)-(38-59)-(31-58)-(29-48)-(28-30)-(27-39)-(25-63)-(24-41)-(23-57)-(20-45)-(19-35)-(17-37)-(16-18)-(15-22)-(14-34)-(13-68)-(12-50)-(11-36)-(10-26)-(9-40)-(8-56)-(7-66)-(6-49)-(5-65)-(4-64)-(3-67)-(2-21)-(1-32)-(0-33)],0.0003483295440673828,0.015052318572998047,2,True,2
~?@E???_?_?@@??O????C?C???A??O??O??????G?G_?Gp??_?_P??@O???@OS?C??AG?????O?@CA???OO???P?P??Pa?????G@??????GAA?@?C?AO?@??CA??_??A?C??_A?CG??O????aC????_C?A?_?O????C????????GG??@???@G??B??G???_A????@??G?o????_G??OO?@_A???O??CAC?????_CB??D??G?C?Co???C?@????A??OO???o@????@???O@????_?O?G?A?A??C_????C?A??_????A__O???@G???@AGCA?_??O????_?A????@GA?_??????C?C???GO_???GAO???@??O?O_OQ??????_??@B?C???@?????E???@??S?,[(55-60)-(53-61)-(47-69)-(46-52)-(44-54)-(43-51)-(42-62)-(38-59)-(31-58)-(29-48)-(28-30)-(27-39)-(25-63)-(24-41)-(23-57)-(20-45)-(19-35)-(17-37)-(16-18)-(15-22)-(14-34)-(13-68)-(12-50)-(11-36)-(10-26)-(9-40)-(8-56)-(7-66)-(6-49)-(5-65)-(4-64)-(3-67)-(2-21)-(1-32)-(0-33)],0.00036263465881347656,0.009976625442504883,1,True,1
~?@E@?@B?O??_@A_??C??_@???A??O?_?A?_AO?A??C??g?P?CD_???GP???_?????_?A???????_???G?_??????__???_?C?????O?????A?O?????A???HG?C@??????@@?G??GG?O?AG@A??O???AC?@@??@@?CD?O????O???C??GC??????A??G???A?O_???G??A?A__????GOGCG@???_GO???G?OA@???????AI?@???O@??CK?C?O?g???AC?O????OCO??ACC??????C??O?O?g??G?G__??o???A??A???A????OD??????A?A?@????GC?G__????Q_?????OG?AA?CG????????G???W?P?O??_A?O?_????_?C?A??AC@????_c???O?,[(65-68)-(57-58)-(47-61)-(46-60)-(45-56)-(43-50)-(40-67)-(39-62)-(36-53)-(35-59)-(31-42)-(30-49)-(29-51)-(28-34)-(27-55)-(25-41)-(24-63)-(23-66)-(21-44)-(16-54)-(15-22)-(14-32)-(13-64)-(12-33)-(11-26)-(10-37)-(9-18)-(8-52)-(7-19)-(6-20)-(5-69)-(4-48)-(2-3)-(1-38)-(0-17)],0.00035572052001953125,0.00951385498046875,1,True,1
~?@E@?@B?O??_@A_??C??_@???A??O?_?A?_AO?A??C??g?P?CD_???GP???_?????_?A???????_???G?_??????__???_?C?????O?????A?O?????A???HG?C@??????@@?G??GG?O?AG@A??O???AC?@@??@@?CD?O????O???C??GC??????A??G???A?O_???G??A?A__????GOGCG@???_GO???G?OA@???????AI?@???O@??CK?C?O?g???AC?O????OCO??ACC??????C??O?O?g??G?G__??o???A??A???A????OD??????A?A?@????GC?G__????Q_?????OG?AA?CG????????G???W?P?O??_A?O?_????_?C?A??AC@????_c???O?,[(65-68)-(57-58)-(47-61)-(46-60)-(45-56)-(43-50)-(40-67)-(39-62)-(36-53)-(35-59)-(31-42)-(30-49)-(29-51)-(28-34)-(27-55)-(25-41)-(24-63)-(23-66)-(21-44)-(16-54)-(15-22)-(14-32)-(13-64)-(12-33)-(11-26)-(10-37)-(9-18)-(8-52)-(7-19)-(6-20)-(5-69)-(4-48)-(2-3)-(1-38)-(0-17)],0.0003581047058105469,0.009321928024291992,1,True,1
~?@E@?@B?O??_@A_??C??_@???A??O?_?A?_AO?A??C??g?P?CD_???GP???_?????_?A???????_???G?_??????__???_?C?????O?????A?O?????A???HG?C@??????@@?G??GG?O?AG@A??O???AC?@@??@@?CD?O????O???C??GC??????A??G???A?O_???G??A?A__????GOGCG@???_GO???G?OA@???????AI?@???O@??CK?C?O?g???AC?O????OCO??ACC??????C??O?O?g??G?G__??o???A??A???A????OD??????A?A?@????GC?G__????Q_?????OG?AA?CG????????G???W?P?O??_A?O?_????_?C?A??AC@????_c???O?,[(65-68)-(57-58)-(47-61)-(46-60)-(45-56)-(43-50)-(40-67)-(39-62)-(36-49)-(35-59)-(31-42)-(30-53)-(29-51)-(28-34)-(27-55)-(25-41)-(24-63)-(23-66)-(21-44)-(16-54)-(15-22)-(14-32)-(13-64)-(12-33)-(11-26)-(10-37)-(9-18)-(8-52)-(7-19)-(6-20)-(5-69)-(4-48)-(2-3)-(1-38)-(0-17)],0.00038433074951171875,0.009487390518188477,1,True,1
~?@E@?@B?O??_@A_??C??_@???A??O?_?A?_AO?A??C??g?P?CD_???GP???_?????_?A???????_???G?_??????__???_?C?????O?????A?O?????A???HG?C@??????@@?G??GG?O?AG@A??O???AC?@@??@@?CD?O????O???C??GC??????A??G???A?O_???G??A?A__????GOGCG@???_GO???G?OA@???????AI?@???O@??CK?C?O?g???AC?O????OCO??ACC??????C??O?O?g??G?G__??o???A??A???A????OD??????A?A?@????GC?G__????Q_?????OG?AA?CG????????G???W?P?O??_A?O?_????_?C?A??AC@????_c???O?,[(65-68)-(57-58)-(47-61)-(46-60)-(45-56)-(43-50)-(40-67)-(39-62)-(36-49)-(35-59)-(31-42)-(30-53)-(29-51)-(28-34)-(27-55)-(25-41)-(24-63)-(23-66)-(21-44)-(16-54)-(15-22)-(14-32)-(13-64)-(12-33)-(11-26)-(10-37)-(9-18)-(8-52)-(7-19)-(6-20)-(5-69)-(4-48)-(2-3)-(1-38)-(0-17)],0.00035858154296875,0.020910024642944336,3,True,3
~?@E@?@B?O??_@A_??C??_@???A??O?_?A?_AO?A??C??g?P?CD_???GP???_?????_?A???????_???G?_??????__???_?C?????O?????A?O?????A???HG?C@??????@@?G??GG?O?AG@A??O???AC?@@??@@?CD?O????O???C??GC??????A??G???A?O_???G??A?A__????GOGCG@???_GO???G?OA@???????AI?@???O@??CK?C?O?g???AC?O????OCO??ACC??????C??O?O?g??G?G__??o???A??A???A????OD??????A?A?@????GC?G__????Q_?????OG?AA?CG????????G???W?P?O??_A?O?_????_?C?A??AC@????_c???O?,[(65-68)-(47-61)-(46-58)-(45-56)-(43-50)-(40-67)-(39-62)-(36-53)-(35-59)-(34-51)-(31-42)-(30-49)-(29-55)-(28-60)-(27-57)-(25-41)-(24-63)-(23-66)-(21-44)-(16-54)-(15-22)-(14-32)-(13-64)-(12-33)-(11-26)-(10-37)-(9-18)-(8-52)-(7-19)-(6-20)-(5-69)-(4-48)-(2-3)-(1-38)-(0-17)],0.0005152225494384766,0.010276317596435547,1,True,1
~?@E@?@B?O??_@A_??C??_@???A??O?_?A?_AO?A??C??g?P?CD_???GP???_?????_?A???????_???G?_??????__???_?C?????O?????A?O?????A???HG?C@??????@@?G??GG?O?AG@A??O???AC?@@??@@?CD?O????O???C??GC??????A??G???A?O_???G??A?A__????GOGCG@???_GO???G?OA@???????AI?@???O@??CK?C?O?g???AC?O????OCO??ACC??????C??O?O?g??G?G__??o???A??A???A????OD??????A?A?@????GC?G__????Q_?????OG?AA?CG????????G???W?P?O??_A?O?_????_?C?A??AC@????_c???O?,[(65-68)-(47-61)-(46-58)-(45-56)-(43-50)-(40-67)-(39-62)-(36-53)-(35-59)-(34-51)-(31-42)-(30-49)-(29-55)-(28-60)-(27-57)-(25-41)-(24-63)-(23-66)-(21-44)-(16-54)-(15-22)-(14-32)-(13-64)-(12-33)-(11-26)-(10-37)-(9-18)-(8-52)-(7-19)-(6-20)-(5-69)-(4-48)-(2-3)-(1-38)-(0-17)],0.00035762786865234375,0.02187657356262207,3,True,3
~?@E@?@B?O??_@A_??C??_@???A??O?_?A?_AO?A??C??g?P?CD_???GP???_?????_?A???????_???G?_??????__???_?C?????O?????A?O?????A???HG?C@??????@@?G??GG?O?AG@A??O???AC?@@??@@?CD?O????O???C??GC??????A??G???A?O_???G??A?A__????GOGCG@???_GO???G?OA@???????AI?@???O@??CK?C?O?g???AC?O????OCO??ACC??????C??O?O?g??G?G__??o???A??A???A????OD??????A?A?@????GC?G__????Q_?????OG?AA?CG????????G???W?P?O??_A?O?_????_?C?A??AC@????_c???O?,[(65-68)-(47-61)-(46-58)-(45-56)-(43-50)-(40-67)-(39-62)-(36-49)-(35-59)-(34-51)-(31-42)-(30-53)-(29-55)-(28-60)-(27-57)-(25-41)-(24-63)-(23-66)-(21-44)-(16-54)-(15-22)-(14-32)-(13-64)-(12-33)-(11-26)-(10-37)-(9-18)-(8-52)-(7-19)-(6-20)-(5-69)-(4-48)-(2-3)-(1-38)-(0-17)],0.00036907196044921875,0.015378475189208984,2,True,2
~?@E@?@B?O??_@A_??C??_@???A??O?_?A?_AO?A??C??g?P?CD_???GP???_?????_?A???????_???G?_??????__???_?C?????O?????A?O?????A???HG?C@??????@@?G??GG?O?AG@A??O???AC?@@??@@?CD?O????O???C??GC??????A??G???A?O_???G??A?A__????GOGCG@???_GO???G?OA@???????AI?@???O@??CK?C?O?g???AC?O????OCO??ACC??????C??O?O?g??G?G__??o???A??A???A????OD??????A?A?@????GC?G__????Q_?????OG?AA?CG????????G???W?P?O??_A?O?_????_?C?A??AC@????_c???O?,[(65-68)-(47-61)-(46-58)-(45-56)-(43-50)-(40-67)-(39-62)-(36-49)-(35-59)-(34-51)-(31-42)-(30-53)-(29-55)-(28-60)-(27-57)-(25-41)-(24-63)-(23-66)-(21-44)-(16-54)-(15-22)-(14-32)-(13-64)-(12-33)-(11-26)-(10-37)-(9-18)-(8-52)-(7-19)-(6-20)-(5-69)-(4-48)-(2-3)-(1-38)-(0-17)],0.0003628730773925781,0.03588581085205078,5,True,5
~?@E@?@B?O??_@A_??C??_@???A??O?_?A?_AO?A??C??g?P?CD_???GP???_?????_?A???????_???G?_??????__???_?C?????O?????A?O?????A???HG?C@??????@@?G??GG?O?AG@A??O???AC?@@??@@?CD?O????O???C??GC??????A??G???A?O_???G??A?A__????GOGCG@???_GO???G?OA@???????AI?@???O@??CK?C?O?g???AC?O????OCO??ACC??????C??O?O?g??G?G__??o???A??A???A????OD??????A?A?@????GC?G__????Q_?????OG?AA?CG????????G???W?P?O??_A?O?_????_?C?A??AC@????_c???O?,[(65-68)-(57-58)-(53-56)-(46-60)-(45-61)-(43-50)-(40-67)-(39-62)-(36-49)-(35-59)-(31-42)-(30-41)-(29-51)-(28-34)-(27-55)-(25-47)-(24-63)-(23-66)-(21-44)-(16-54)-(15-22)-(14-32)-(13-64)-(12-33)-(11-26)-(10-37)-(9-18)-(8-52)-(7-19)-(6-20)-(5-69)-(4-48)-(2-3)-(1-38)-(0-17)],0.0003502368927001953,0.04340720176696777,6,True,6
~?@E@?@B?O??_@A_??C??_@???A??O?_?A?_AO?A??C??g?P?CD_???GP???_?????_?A???????_???G?_??????__???_?C?????O?????A?O?????A???HG?C@??????@@?G??GG?O?AG@A??O???AC?@@??@@?CD?O????O???C??GC??????A??G???A?O_???G??A?A__????GOGCG@???_GO???G?OA@???????AI?@???O@??CK?C?O?g???AC?O????OCO??ACC??????C??O?O?g??G?G__??o???A??A???A????OD??????A?A?@????GC?G__????Q_?????OG?AA?CG????????G???W?P?O??_A?O?_????_?C?A??AC@????_c???O?,[(65-68)-(57-58)-(53-56)-(46-60)-(45-61)-(43-50)-(40-67)-(39-62)-(36-49)-(35-59)-(31-42)-(30-41)-(29-51)-(28-34)-(27-55)-(25-47)-(24-63)-(23-66)-(21-44)-(16-54)-(15-22)-(14-32)-(13-64)-(12-33)-(11-26)-(10-37)-(9-18)-(8-52)-(7-19)-(6-20)-(5-69)-(4-48)-(2-3)-(1-38)-(0-17)],0.0003590583801269531,0.01503896713256836,2,True,2
~?@E@?@B?O??_@A_??C??_@???A??O?_?A?_AO?A??C??g?P?CD_???GP???_?????_?A???????_???G?_??????__???_?C?????O?????A?O?????A???HG?C@??????@@?G??GG?O?AG@A??O???AC?@@??@@?CD?O????O???C??GC??????A??G???A?O_???G??A?A__????GOGCG@???_GO???G?OA@???????AI?@???O@??CK?C?O?g???AC?O????OCO??ACC??????C??O?O?g??G?G__??o???A??A???A????OD??????A?A?@????GC?G__????Q_?????OG?AA?CG????????G???W?P?O??_A?O?_????_?C?A??AC@????_c???O?,[(65-68)-(53-56)-(46-58)-(45-61)-(43-50)-(40-67)-(39-62)-(36-49)-(35-59)-(34-51)-(31-42)-(30-41)-(29-55)-(28-60)-(27-57)-(25-47)-(24-63)-(23-66)-(21-44)-(16-54)-(15-22)-(14-32)-(13-64)-(12-33)-(11-26)-(10-37)-(9-18)-(8-52)-(7-19)-(6-20)-(5-69)-(4-48)-(2-3)-(1-38)-(0-17)],0.00036406517028808594,0.057000160217285156,7,True,7
~?@E@?@B?O??_@A_??C??_@???A??O?_?A?_AO?A??C??g?P?CD_???GP???_?????_?A???????_???G?_??????__???_?C?????O?????A?O?????A???HG?C@??????@@?G??GG?O?AG@A??O???AC?@@??@@?CD?O????O???C??GC??????A??G???A?O_???G??A?A__????GOGCG@???_GO???G?OA@???????AI?@???O@??CK?C?O?g???AC?O????OCO??ACC??????C??O?O?g??G?G__??o???A??A???A????OD??????A?A?@????GC?G__????Q_?????OG?AA?CG????????G???W?P?O??_A?O?_????_?C?A??AC@????_c???O?,[(65-68)-(53-56)-(46-58)-(45-61)-(43-50)-(40-67)-(39-62)-(36-49)-(35-59)-(34-51)-(31-42)-(30-41)-(29-55)-(28-60)-(27-57)-(25-47)-(24-63)-(23-66)-(21-44)-(16-54)-(15-22)-(14-32)-(13-64)-(12-33)-(11-26)-(10-37)-(9-18)-(8-52)-(7-19)-(6-20)-(5-69)-(4-48)-(2-3)-(1-38)-(0-17)],0.0003578662872314453,0.02182936668395996,3,True,3
~?@E@?@B?O??_@A_??C??_@???A??O?_?A?_AO?A??C??g?P?CD_???GP???_?????_?A???????_???G?_??????__???_?C?????O?????A?O?????A???HG?C@??????@@?G??GG?O?AG@A??O???AC?@@??@@?CD?O????O???C??GC??????A??G???A?O_???G??A?A__????GOGCG@???_GO???G?OA@???????AI?@???O@??CK?C?O?g???AC?O????OCO??ACC??????C??O?O?g??G?G__??o???A??A???A????OD??????A?A?@????GC?G__????Q_?????OG?AA?CG????????G???W?P?O??_A?O?_????_?C?A??AC@????_c???O?,[(60-68)-(57-58)-(47-61)-(46-66)-(45-56)-(43-50)-(40-67)-(39-62)-(36-53)-(35-59)-(34-51)-(31-42)-(29-65)-(28-49)-(27-55)-(25-41)-(24-63)-(23-30)-(21-44)-(16-54)-(15-22)-(14-32)-(13-64)-(12-33)-(11-26)-(10-37)-(9-18)-(8-52)-(7-19)-(6-20)-(5-69)-(4-48)-(2-3)-(1-38)-(0-17)],0.0003666877746582031,0.015630245208740234,2,True,2
~?@E@?@B?O??_@A_??C??_@???A??O?_?A?_AO?A??C??g?P?CD_???GP???_?????_?A???????_???G?_??????__???_?C?????O?????A?O?????A???HG?C@??????@@?G??GG?O?AG@A??O???AC?@@??@@?CD?O????O???C??GC??????A??G???A?O_???G??A?A__????GOGCG@???_GO???G?OA@???????AI?@???O@??CK?C?O?g???AC?O????OCO??ACC??????C??O?O?g??G?G__??o???A??A???A????OD??????A?A?@????GC?G__????Q_?????OG?AA?CG????????G???W?P?O??_A?O?_????_?C?A??AC@????_c???O?,[(60-68)-(57-58)-(47-61)-(46-66)-(45-56)-(43-50)-(40-67)-(39-62)-(36-53)-(35-59)-(34-51)-(31-42)-(29-65)-(28-49)-(27-55)-(25-41)-(24-63)-(23-30)-(21-44)-(16-54)-(15-22)-(14-32)-(13-64)-(12-33)-(11-26)-(10-37)-(9-18)-(8-52)-(7-19)-(6-20)-(5-69)-(4-48)-(2-3)-(1-38)-(0-17)],0.0003554821014404297,0.009323358535766602,1,True,1
~?@E@?@B?O??_@A_??C??_@???A??O?_?A?_AO?A??C??g?P?CD_???GP???_?????_?A???????_???G?_??????__???_?C?????O?????A?O?????A???HG?C@??????@@?G??GG?O?AG@A??O???AC?@@??@@?CD?O????O???C??GC??????A??G???A?O_???G??A?A__????GOGCG@???_GO???G?OA@???????AI?@???O@??CK?C?O?g???AC?O????OCO??ACC??????C??O?O?g??G?G__??o???A??A???A????OD??????A?A?@????GC?G__????Q_?????OG?AA?CG????????G???W?P?O??_A?O?_????_?C?A??AC@????_c???O?,[(60-68)-(57-58)-(47-61)-(46-66)-(45-56)-(43-50)-(40-67)-(39-62)-(36-53)-(35-59)-(34-65)-(31-42)-(29-51)-(28-49)-(27-55)-(25-41)-(24-63)-(23-30)-(21-44)-(16-54)-(15-22)-(14-32)-(13-64)-(12-33)-(11-26)-(10-37)-(9-18)-(8-52)-(7-19)-(6-20)-(5-69)-(4-48)-(2-3)-(1-38)-(0-17)],0.00036454200744628906,0.02855992317199707,4,True,4
~?@E@?@B?O??_@A_??C??_@???A??O?_?A?_AO?A??C??g?P?CD_???GP???_?????_?A???????_???G?_??????__???_?C?????O?????A?O?????A???HG?C@??????@@?G??GG?O?AG@A??O???AC?@@??@@?CD?O????O???C??GC??????A??G???A?O_???G??A?A__????GOGCG@???_GO???G?OA@???????AI?@???O@??CK?C?O?g???AC?O????OCO??ACC??????C??O?O?g??G?G__??o???A??A???A????OD??????A?A?@????GC?G__????Q_?????OG?AA?CG????????G???W?P?O??_A?O?_????_?C?A??AC@????_c???O?,[(60-68)-(57-58)-(47-61)-(46-66)-(45-56)-(43-50)-(40-67)-(39-62)-(36-53)-(35-59)-(34-65)-(31-42)-(29-51)-(28-49)-(27-55)-(25-41)-(24-63)-(23-30)-(21-44)-(16-54)-(15-22)-(14-32)-(13-64)-(12-33)-(11-26)-(10-37)-(9-18)-(8-52)-(7-19)-(6-20)-(5-69)-(4-48)-(2-3)-(1-38)-(0-17)],0.00035643577575683594,0.009234428405761719,1,True,1
~?@E@?@B?O??_@A_??C??_@???A??O?_?A?_AO?A??C??g?P?CD_???GP???_?????_?A???????_???G?_??????__???_?C?????O?????A?O?????A???HG?C@??????@@?G??GG?O?AG@A??O???AC?@@??@@?CD?O????O???C??GC??????A??G???A?O_???G??A?A__????GOGCG@???_GO???G?OA@???????AI?@???O@??CK?C?O?g???AC?O????OCO??ACC??????C??O?O?g??G?G__??o???A??A???A????OD??????A?A?@????GC?G__????Q_?????OG?AA?CG????????G???W?P?O??_A?O?_????_?C?A??AC@????_c???O?,[(65-68)-(57-58)-(53-56)-(47-66)-(46-60)-(45-61)-(43-50)-(40-67)-(39-62)-(36-49)-(35-59)-(31-42)-(29-51)-(28-34)-(27-55)-(25-41)-(24-63)-(23-30)-(21-44)-(16-54)-(15-22)-(14-32)-(13-64)-(12-33)-(11-26)-(10-37)-(9-18)-(8-52)-(7-19)-(6-20)-(5-69)-(4-48)-(2-3)-(1-38)-(0-17)],0.0003490447998046875,0.0431058406829834,6,True,6
~?@E@?@B?O??_@A_??C??_@???A??O?_?A?_AO?A??C??g?P?CD_???GP???_?????_?A???????_???G?_??????__???_?C?????O?????A?O?????A???HG?C@??????@@?G??GG?O?AG@A??O???AC?@@??@@?CD?O????O???C??GC??????A??G???A?O_???G??A?A__????GOGCG@???_GO???G?OA@???????AI?@???O@??CK?C?O?g???AC?O????OCO??ACC??????C??O?O?g??G?G__??o???A??A???A????OD??????A?A?@????GC?G__????Q_?????OG?AA?CG????????G???W?P?O??_A?O?_????_?C?A??AC@????_c???O?,[(65-68)-(57-58)-(53-56)-(47-66)-(46-60)-(45-61)-(43-50)-(40-67)-(39-62)-(36-49)-(35-59)-(31-42)-(29-51)-(28-34)-(27-55)-(25-41)-(24-63)-(23-30)-(21-44)-(16-54)-(15-22)-(14-32)-(13-64)-(12-33)-(11-26)-(10-37)-(9-18)-(8-52)-(7-19)-(6-20)-(5-69)-(4-48)-(2-3)-(1-38)-(0-17)],0.0003681182861328125,0.009242057800292969,1,True,1
~?@E@?@B?O??_@A_??C??_@???A??O?_?A?_AO?A??C??g?P?CD_???GP???_?????_?A???????_???G?_??????__???_?C?????O?????A?O?????A???HG?C@??????@@?G??GG?O?AG@A??O???AC?@@??@@?CD?O????O???C??GC??????A??G???A?O_???G??A?A__????GOGCG@???_GO???G?OA@???????AI?@???O@??CK?C?O?g???AC?O????OCO??ACC??????C??O?O?g??G?G__??o???A??A???A????OD??????A?A?@????GC?G__????Q_?????OG?AA?CG????????G???W?P?O??_A?O?_????_?C?A??AC@????_c???O?,[(65-68)-(57-58)-(47-61)-(46-66)-(45-56)-(43-50)-(40-67)-(39-62)-(36-49)-(35-59)-(34-53)-(31-42)-(29-51)-(28-60)-(27-55)-(25-41)-(24-63)-(23-30)-(21-44)-(16-54)-(15-22)-(14-32)-(13-64)-(12-33)-(11-26)-(10-37)-(9-18)-(8-52)-(7-19)-(6-20)-(5-69)-(4-48)-(2-3)-(1-38)-(0-17)],0.0003533363342285156,0.03712344169616699,5,True,5
~?@E@?@B?O??_@A_??C??_@???A??O?_?A?_AO?A??C??g?P?CD_???GP???_?????_?A???????_???G?_??????__???_?C?????O?????A?O?????A???HG?C@??????@@?G??GG?O?AG@A??O???AC?@@??@@?CD?O????O???C??GC??????A??G???A?O_???G??A?A__????GOGCG@???_GO???G?OA@???????AI?@???O@??CK?C?O?g???AC?O????OCO??ACC??????C??O?O?g??G?G__??o???A??A???A????OD??????A?A?@????GC?G__????Q_?????OG?AA?CG????????G???W?P?O??_A?O?_????_?C?A??AC@????_c???O?,[(65-68)-(57-58)-(47-61)-(46-66)-(45-56)-(43-50)-(40-67)-(39-62)-(36-49)-(35-59)-(34-53)-(31-42)-(29-51)-(28-60)-(27-55)-(25-41)-(24-63)-(23-30)-(21-44)-(16-54)-(15-22)-(14-32)-(13-64)-(12-33)-(11-26)-(10-37)-(9-18)-(8-52)-(7-19)-(6-20)-(5-69)-(4-48)-(2-3)-(1-38)-(0-17)],0.00041985511779785156,0.021713972091674805,3,True,3
~?@EO??YO??@A?????C??a?h???OC?W?C?@??@??A??`?C__@?O??C????G_OG??@G???O??HG??O??_@?_?A?B???G???A@_?O?O??????@??????AG@???????AO?_`A??????B????A???CQ??????K?_?@??G??O??G??G???C?CO???AO?C??O???A???_G?@?G????C?a??G????G?G???????K??A_?O?A?????GO?C@??????P@???CAA??O_C?Cc????_?????_?GA??CA??C??????AGOG?A??AO?_GO????h??????O?OE???????oC???I?@???O??_??AAC????O???G?C?P?C???A???G?O????@@K???C?_??A?A?OG???GGO??O?C??,[(58-63)-(53-62)-(51-59)-(50-54)-(44-57)-(43-45)-(42-67)-(40-49)-(39-47)-(36-41)-(35-48)-(31-52)-(28-46)-(27-29)-(25-55)-(24-38)-(23-56)-(21-22)-(19-26)-(16-33)-(15-30)-(14-69)-(13-20)-(12-64)-(11-61)-(10-60)-(9-65)-(8-68)-(6-66)-(5-18)-(4-34)-(3-17)-(2-37)-(1-7)-(0-32)],0.0003685951232910156,0.015596151351928711,2,True,2
~?@EO??YO??@A?????C??a?h???OC?W?C?@??@??A??`?C__@?O??C????G_OG??@G???O??HG??O??_@?_?A?B???G???A@_?O?O??????@??????AG@???????AO?_`A??????B????A???CQ??????K?_?@??G??O??G??G???C?CO???AO?C??O???A???_G?@?G????C?a??G????G?G???????K??A_?O?A?????GO?C@??????P@???CAA??O_C?Cc????_?????_?GA??CA??C??????AGOG?A??AO?_GO????h??????O?OE???????oC???I?@???O??_??AAC????O???G?C?P?C???A???G?O????@@K???C?_??A?A?OG???GGO??O?C??,[(58-63)-(53-62)-(51-59)-(50-54)-(44-57)-(43-45)-(42-67)-(40-49)-(39-47)-(36-41)-(35-48)-(31-52)-(28-46)-(27-29)-(25-55)-(24-38)-(23-56)-(21-22)-(19-26)-(16-33)-(15-30)-(14-69)-(13-20)-(12-64)-(11-61)-(10-60)-(9-65)-(8-68)-(6-66)-(5-18)-(4-34)-(3-17)-(2-37)-(1-7)-(0-32)],0.00036454200744628906,0.009331703186035156,1,True,1
~?@EO??YO??@A?????C??a?h???OC?W?C?@??@??A??`?C__@?O??C????G_OG??@G???O??HG??O??_@?_?A?B???G???A@_?O?O??????@??????AG@???????AO?_`A??????B????A???CQ??????K?_?@??G??O??G??G???C?CO???AO?C??O???A???_G?@?G????C?a??G????G?G???????K??A_?O?A?????GO?C@??????P@???CAA??O_C?Cc????_?????_?GA??CA??C??????AGOG?A??AO?_GO????h??????O?OE???????oC???I?@???O??_??AAC????O???G?C?P?C???A???G?O????@@K???C?_??A?A?OG???GGO??O?C??,[(58-63)-(53-62)-(51-59)-(49-50)-(44-57)-(43-45)-(42-67)-(40-54)-(39-47)-(36-41)-(35-48)-(31-52)-(28-46)-(27-29)-(25-55)-(24-38)-(23-56)-(21-22)-(19-26)-(16-33)-(15-30)-(14-69)-(13-20)-(12-64)-(11-61)-(10-60)-(9-65)-(8-68)-(6-66)-(5-18)-(4-34)-(3-17)-(2-37)-(1-7)-(0-32)],0.00035309791564941406,0.014962911605834961,2,True,2
~?@EO??YO??@A?????C??a?h???OC?W?C?@??@??A??`?C__@?O??C????G_OG??@G???O??HG??O??_@?_?A?B???G???A@_?O?O??????@??????AG@???????AO?_`A??????B????A???CQ??????K?_?@??G??O??G??G???C?CO???AO?C??O???A???_G?@?G????C?a??G????G?G???????K??A_?O?A?????GO?C@??????P@???CAA??O_C?Cc????_?????_?GA??CA??C??????AGOG?A??AO?_GO????h??????O?OE???????oC???I?@???O??_??AAC????O???G?C?P?C???A???G?O????@@K???C?_??A?A?OG???GGO??O?C??,[(58-63)-(53-62)-(51-59)-(49-50)-(44-57)-(43-45)-(42-67)-(40-54)-(39-47)-(36-41)-(35-48)-(31-52)-(28-46)-(27-29)-(25-55)-(24-38)-(23-56)-(21-22)-(19-26)-(16-33)-(15-30)-(14-69)-(13-20)-(12-64)-(11-61)-(10-60)-(9-65)-(8-68)-(6-66)-(5-18)-(4-34)-(3-17)-(2-37)-(1-7)-(0-32)],0.00034689903259277344,0.00920248031616211,1,True,1
~?@EO??YO??@A?????C??a?h???OC?W?C?@??@??A??`?C__@?O??C????G_OG??@G???O??HG??O??_@?_?A?B???G???A@_?O?O??????@??????AG@???????AO?_`A??????B????A???CQ??????K?_?@??G??O??G??G???C?CO???AO?C??O???A???_G?@?G????C?a??G????G?G???????K??A_?O?A?????GO?C@??????P@???CAA??O_C?Cc????_?????_?GA??CA??C??????AGOG?A??AO?_GO????h??????O?OE???????oC???I?@???O??_??AAC????O???G?C?P?C???A???G?O????@@K???C?_??A?A?OG???GGO??O?C??,[(58-63)-(53-62)-(51-59)-(50-54)-(44-57)-(43-45)-(41-67)-(40-49)-(39-47)-(36-42)-(35-48)-(31-52)-(28-46)-(27-29)-(25-55)-(24-38)-(23-56)-(21-22)-(19-26)-(16-33)-(15-30)-(14-69)-(13-20)-(12-64)-(11-61)-(10-60)-(9-65)-(8-68)-(6-66)-(5-18)-(4-34)-(3-17)-(2-37)-(1-7)-(0-32)],0.0003724098205566406,0.0047533512115478516,0,True,0
~?@EO??YO??@A?????C??a?h???OC?W?C?@??@??A??`?C__@?O??C????G_OG??@G???O??HG??O??_@?_?A?B???G???A@_?O?O??????@??????AG@???????AO?_`A??????B????A???CQ??????K?_?@??G??O??G??G???C?CO???AO?C??O???A???_G?@?G????C?a??G????G?G???????K??A_?O?A?????GO?C@??????P@???CAA??O_C?Cc????_?????_?GA??CA??C??????AGOG?A??AO?_GO????h??????O?OE???????oC???I?@???O??_??AAC????O???G?C?P?C???A???G?O????@@K???C?_??A?A?OG???GGO??O?C??,[(58-63)-(53-62)-(51-59)-(50-54)-(44-57)-(43-45)-(41-67)-(40-49)-(39-47)-(36-42)-(35-48)-(31-52)-(28-46)-(27-29)-(25-55)-(24-38)-(23-56)-(21-22)-(19-26)-(16-33)-(15-30)-(14-69)-(13-20)-(12-64)-(11-61)-(10-60)-(9-65)-(8-68)-(6-66)-(5-18)-(4-34)-(3-17)-(2-37)-(1-7)-(0-32)],0.0003464221954345703,0.009440898895263672,1,True,1
~?@EO??YO??@A?????C??a?h???OC?W?C?@??@??A??`?C__@?O??C????G_OG??@G???O??HG??O??_@?_?A?B???G???A@_?O?O??????@??????AG@???????AO?_`A??????B????A???CQ??????K?_?@??G??O??G??G???C?CO???AO?C??O???A???_G?@?G????C?a??G????G?G???????K??A_?O?A?????GO?C@??????P@???CAA??O_C?Cc????_?????_?GA??CA??C??????AGOG?A??AO?_GO????h??????O?OE???????oC???I?@???O??_??AAC????O???G?C?P?C???A???G?O????@@K???C?_??A?A?OG???GGO??O?C??,[(58-63)-(53-62)-(51-59)-(49-50)-(44-57)-(43-45)-(41-67)-(40-54)-(39-47)-(36-42)-(35-48)-(31-52)-(28-46)-(27-29)-(25-55)-(24-38)-(23-56)-(21-22)-(19-26)-(16-33)-(15-30)-(14-69)-(13-20)-(12-64)-(11-61)-(10-60)-(9-65)-(8-68)-(6-66)-(5-18)-(4-34)-(3-17)-(2-37)-(1-7)-(0-32)],0.0003566741943359375,0.015287637710571289,2,True,2
~?@EO??YO??@A?????C??a?h???OC?W?C?@??@??A??`?C__@?O??C????G_OG??@G???O??HG??O??_@?_?A?B???G???A@_?O?O??????@??????AG@???????AO?_`A??????B????A???CQ??????K?_?@??G??O??G??G???C?CO???AO?C??O???A???_G?@?G????C?a??G????G?G???????K??A_?O?A?????GO?C@??????P@???CAA??O_C?Cc????_?????_?GA??CA??C??????AGOG?A??AO?_GO????h??????O?OE???????oC???I?@???O??_??AAC????O???G?C?P?C???A???G?O????@@K???C?_??A?A?OG???GGO??O?C??,[(58-63)-(53-62)-(51-59)-(49-50)-(44-57)-(43-45)-(41-67)-(40-54)-(39-47)-(36-42)-(35-48)-(31-52)-(28-46)-(27-29)-(25-55)-(24-38)-(23-56)-(21-22)-(19-26)-(16-33)-(15-30)-(14-69)-(13-20)-(12-64)-(11-61)-(10-60)-(9-65)-(8-68)-(6-66)-(5-18)-(4-34)-(3-17)-(2-37)-(1-7)-(0-32)],0.00040650367736816406,0.02236318588256836,3,True,3
~?@EO??YO??@A?????C??a?h???OC?W?C?@??@??A??`?C__@?O??C????G_OG??@G???O??HG??O??_@?_?A?B???G???A@_?O?O??????@??????AG@???????AO?_`A??????B????A???CQ??????K?_?@??G??O??G??G???C?CO???AO?C??O???A???_G?@?G????C?a??G????G?G???????K??A_?O?A?????GO?C@??????P@???CAA??O_C?Cc????_?????_?GA??CA??C??????AGOG?A??AO?_GO????h??????O?OE???????oC???I?@???O??_??AAC????O???G?C?P?C???A???G?O????@@K???C?_??A?A?OG???GGO??O?C??,[(58-63)-(53-62)-(50-54)-(48-51)-(46-55)-(44-57)-(43-45)-(42-67)-(40-49)-(39-47)-(36-41)-(31-52)-(28-35)-(27-29)-(25-59)-(24-38)-(23-56)-(21-22)-(19-26)-(16-33)-(15-30)-(14-69)-(13-20)-(12-64)-(11-61)-(10-60)-(9-65)-(8-68)-(6-66)-(5-18)-(4-34)-(3-17)-(2-37)-(1-7)-(0-32)],0.00038433074951171875,0.00958871841430664,1,True,1
~?@EO??YO??@A?????C??a?h???OC?W?C?@??@??A??`?C__@?O??C????G_OG??@G???O??HG??O??_@?_?A?B???G???A@_?O?O??????@??????AG@???????AO?_`A??????B????A???CQ??????K?_?@??G??O??G??G???C?CO???AO?C??O???A???_G?@?G????C?a??G????G?G???????K??A_?O?A?????GO?C@??????P@???CAA??O_C?Cc????_?????_?GA??CA??C??????AGOG?A??AO?_GO????h??????O?OE???????oC???I?@???O??_??AAC????O???G?C?P?C???A???G?O????@@K???C?_??A?A?OG???GGO??O?C??,[(58-63)-(53-62)-(50-54)-(48-51)-(46-55)-(44-57)-(43-45)-(42-67)-(40-49)-(39-47)-(36-41)-(31-52)-(28-35)-(27-29)-(25-59)-(24-38)-(23-56)-(21-22)-(19-26)-(16-33)-(15-30)-(14-69)-(13-20)-(12-64)-(11-61)-(10-60)-(9-65)-(8-68)-(6-66)-(5-18)-(4-34)-(3-17)-(2-37)-(1-7)-(0-32)],0.00036406517028808594,0.015125274658203125,2,True,2
~?@EO??YO??@A?????C??a?h???OC?W?C?@??@??A??`?C__@?O??C????G_OG??@G???O??HG??O??_@?_?A?B???G???A@_?O?O??????@??????AG@???????AO?_`A??????B????A???CQ??????K?_?@??G??O??G??G???C?CO???AO?C??O???A???_G?@?G????C?a??G????G?G???????K??A_?O?A?????GO?C@??????P@???CAA??O_C?Cc????_?????_?GA??CA??C??????AGOG?A??AO?_GO????h??????O?OE???????oC???I?@???O??_??AAC????O???G?C?P?C???A???G?O????@@K???C?_??A?A?OG???GGO??O?C??,[(58-63)-(53-62)-(49-50)-(48-51)-(46-55)-(44-57)-(43-45)-(42-67)-(40-54)-(39-47)-(36-41)-(31-52)-(28-35)-(27-29)-(25-59)-(24-38)-(23-56)-(21-22)-(19-26)-(16-33)-(15-30)-(14-69)-(13-20)-(12-64)-(11-61)-(10-60)-(9-65)-(8-68)-(6-66)-(5-18)-(4-34)-(3-17)-(2-37)-(1-7)-(0-32)],0.00036787986755371094,0.015165567398071289,2,True,2
~?@EO??YO??@A?????C??a?h???OC?W?C?@??@??A??`?C__@?O??C????G_OG??@G???O??HG??O??_@?_?A?B???G???A@_?O?O??????@??????AG@???????AO?_`A??????B????A???CQ??????K?_?@??G??O??G??G???C?CO???AO?C??O???A???_G?@?G????C?a??G????G?G???????K??A_?O?A?????GO?C@??????P@???CAA??O_C?Cc????_?????_?GA??CA??C??????AGOG?A??AO?_GO????h??????O?OE???????oC???I?@???O??_??AAC????O???G?C?P?C???A???G?O????@@K???C?_??A?A?OG???GGO??O?C??,[(58-63)-(53-62)-(49-50)-(48-51)-(46-55)-(44-57)-(43-45)-(42-67)-(40-54)-(39-47)-(36-41)-(31-52)-(28-35)-(27-29)-(25-59)-(24-38)-(23-56)-(21-22)-(19-26)-(16-33)-(15-30)-(14-69)-(13-20)-(12-64)-(11-61)-(10-60)-(9-65)-(8-68)-(6-66)-(5-18)-(4-34)-(3-17)-(2-37)-(1-7)-(0-32)],0.00036525726318359375,0.015073537826538086,2,True,2
~?@EO??YO??@A?????C??a?h???OC?W?C?@??@??A??`?C__@?O??C????G_OG??@G???O??HG??O??_@?_?A?B???G???A@_?O?O??????@??????AG@???????AO?_`A??????B????A???CQ??????K?_?@??G??O??G??G???C?CO???AO?C??O???A???_G?@?G????C?a??G????G?G???????K??A_?O?A?????GO?C@??????P@???CAA??O_C?Cc????_?????_?GA??CA??C??????AGOG?A??AO?_GO????h??????O?OE???????oC???I?@???O??_??AAC????O???G?C?P?C???A???G?O????@@K???C?_??A?A?OG???GGO??O?C??,[(58-63)-(53-62)-(50-54)-(48-51)-(46-55)-(44-57)-(43-45)-(41-67)-(40-49)-(39-47)-(36-42)-(31-52)-(28-35)-(27-29)-(25-59)-(24-38)-(23-56)-(21-22)-(19-26)-(16-33)-(15-30)-(14-69)-(13-20)-(12-64)-(11-61)-(10-60)-(9-65)-(8-68)-(6-66)-(5-18)-(4-34)-(3-17)-(2-37)-(1-7)-(0-32)],0.00036835670471191406,0.009415388107299805,1,True,1
~?@EO??YO??@A?????C??a?h???OC?W?C?@??@??A??`?C__@?O??C????G_OG??@G???O??HG??O??_@?_?A?B???G???A@_?O?O??????@??????AG@???????AO?_`A??????B????A???CQ??????K?_?@??G??O??G??G???C?CO???AO?C??O???A???_G?@?G????C?a??G????G?G???????K??A_?O?A?????GO?C@??????P@???CAA??O_C?Cc????_?????_?GA??CA??C??????AGOG?A??AO?_GO????h??????O?OE???????oC???I?@???O??_??AAC????O???G?C?P?C???A???G?O????@@K???C?_??A?A?OG???GGO??O?C??,[(58-63)-(53-62)-(50-54)-(48-51)-(46-55)-(44-57)-(43-45)-(41-67)-(40-49)-(39-47)-(36-42)-(31-52)-(28-35)-(27-29)-(25-59)-(24-38)-(23-56)-(21-22)-(19-26)-(16-33)-(15-30)-(14-69)-(13-20)-(12-64)-(11-61)-(10-60)-(9-65)-(8-68)-(6-66)-(5-18)-(4-34)-(3-17)-(2-37)-(1-7)-(0-32)],0.0003561973571777344,0.015050649642944336,2,True,2
~?@EO??YO??@A?????C??a?h???OC?W?C?@??@??A??`?C__@?O??C????G_OG??@G???O??HG??O??_@?_?A?B???G???A@_?O?O??????@??????AG@???????AO?_`A??????B????A???CQ??????K?_?@??G??O??G??G???C?CO???AO?C??O???A???_G?@?G????C?a??G????G?G???????K??A_?O?A?????GO?C@??????P@???CAA??O_C?Cc????_?????_?GA??CA??C??????AGOG?A??AO?_GO????h??????O?OE???????oC???I?@???O??_??AAC????O???G?C?P?C???A???G?O????@@K???C?_??A?A?OG???GGO??O?C??,[(58-63)-(53-62)-(49-50)-(48-51)-(46-55)-(44-57)-(43-45)-(41-67)-(40-54)-(39-47)-(36-42)-(31-52)-(28-35)-(27-29)-(25-59)-(24-38)-(23-56)-(21-22)-(19-26)-(16-33)-(15-30)-(14-69)-(13-20)-(12-64)-(11-61)-(10-60)-(9-65)-(8-68)-(6-66)-(5-18)-(4-34)-(3-17)-(2-37)-(1-7)-(0-32)],0.00036525726318359375,0.00943756103515625,1,True,1
~?@EO??YO??@A?????C??a?h???OC?W?C?@??@??A??`?C__@?O??C????G_OG??@G???O??HG??O??_@?_?A?B???G???A@_?O?O??????@??????AG@???????AO?_`A??????B????A???CQ??????K?_?@??G??O??G??G???C?CO???AO?C??O???A???_G?@?G????C?a??G????G?G???????K??A_?O?A?????GO?C@??????P@???CAA??O_C?Cc????_?????_?GA??CA??C??????AGOG?A??AO?_GO????h??????O?OE???????oC???I?@???O??_??AAC????O???G?C?P?C???A???G?O????@@K???C?_??A?A?OG???GGO??O?C??,[(58-63)-(53-62)-(49-50)-(48-51)-(46-55)-(44-57)-(43-45)-(41-67)-(40-54)-(39-47)-(36-42)-(31-52)-(28-35)-(27-29)-(25-59)-(24-38)-(23-56)-(21-22)-(19-26)-(16-33)-(15-30)-(14-69)-(13-20)-(12-64)-(11-61)-(10-60)-(9-65)-(8-68)-(6-66)-(5-18)-(4-34)-(3-17)-(2-37)-(1-7)-(0-32)],0.0003561973571777344,0.009332418441772461,1,True,1
~?@EO??YO??@A?????C??a?h???OC?W?C?@??@??A??`?C__@?O??C????G_OG??@G???O??HG??O??_@?_?A?B???G???A@_?O?O??????@??????AG@???????AO?_`A??????B????A???CQ??????K?_?@??G??O??G??G???C?CO???AO?C??O???A???_G?@?G????C?a??G????G?G???????K??A_?O?A?????GO?C@??????P@???CAA??O_C?Cc????_?????_?GA??CA??C??????AGOG?A??AO?_GO????h??????O?OE???????oC???I?@???O??_??AAC????O???G?C?P?C???A???G?O????@@K???C?_??A?A?OG???GGO??O?C??,[(58-63)-(53-62)-(50-54)-(48-51)-(46-52)-(44-57)-(43-45)-(42-67)-(40-49)-(39-47)-(36-41)-(31-55)-(28-35)-(27-29)-(25-59)-(24-38)-(23-56)-(21-22)-(19-26)-(16-33)-(15-30)-(14-69)-(13-20)-(12-64)-(11-61)-(10-60)-(9-65)-(8-68)-(6-66)-(5-18)-(4-34)-(3-17)-(2-37)-(1-7)-(0-32)],0.0003631114959716797,0.009556770324707031,1,True,1
~?@EO??YO??@A?????C??a?h???OC?W?C?@??@??A??`?C__@?O??C????G_OG??@G???O??HG??O??_@?_?A?B???G???A@_?O?O??????@??????AG@???????AO?_`A??????B????A???CQ??????K?_?@??G??O??G??G???C?CO???AO?C??O???A???_G?@?G????C?a??G????G?G???????K??A_?O?A?????GO?C@??????P@???CAA??O_C?Cc????_?????_?GA??CA??C??????AGOG?A??AO?_GO????h??????O?OE???????oC???I?@???O??_??AAC????O???G?C?P?C???A???G?O????@@K???C?_??A?A?OG???GGO??O?C??,[(58-63)-(53-62)-(50-54)-(48-51)-(46-52)-(44-57)-(43-45)-(42-67)-(40-49)-(39-47)-(36-41)-(31-55)-(28-35)-(27-29)-(25-59)-(24-38)-(23-56)-(21-22)-(19-26)-(16-33)-(15-30)-(14-69)-(13-20)-(12-64)-(11-61)-(10-60)-(9-65)-(8-68)-(6-66)-(5-18)-(4-34)-(3-17)-(2-37)-(1-7)-(0-32)],0.00034737586975097656,0.004378080368041992,0,True,0
~?@EO??YO??@A?????C??a?h???OC?W?C?@??@??A??`?C__@?O??C????G_OG??@G???O??HG??O??_@?_?A?B???G???A@_?O?O??????@??????AG@???????AO?_`A??????B????A???CQ??????K?_?@??G??O??G??G???C?CO???AO?C??O???A???_G?@?G????C?a??G????G?G???????K??A_?O?A?????GO?C@??????P@???CAA??O_C?Cc????_?????_?GA??CA??C??????AGOG?A??AO?_GO????h??????O?OE???????oC???I?@???O??_??AAC????O???G?C?P?C???A???G?O????@@K???C?_??A?A?OG???GGO??O?C??,[(58-63)-(53-62)-(49-50)-(48-51)-(46-52)-(44-57)-(43-45)-(42-67)-(40-54)-(39-47)-(36-41)-(31-55)-(28-35)-(27-29)-(25-59)-(24-38)-(23-56)-(21-22)-(19-26)-(16-33)-(15-30)-(14-69)-(13-20)-(12-64)-(11-61)-(10-60)-(9-65)-(8-68)-(6-66)-(5-18)-(4-34)-(3-17)-(2-37)-(1-7)-(0-32)],0.00036454200744628906,0.01533055305480957,2,True,2
~?@EO??YO??@A?????C??a?h???OC?W?C?@??@??A??`?C__@?O??C????G_OG??@G???O??HG??O??_@?_?A?B???G???A@_?O?O??????@??????AG@???????AO?_`A??????B????A???CQ??????K?_?@??G??O??G??G???C?CO???AO?C??O???A???_G?@?G????C?a??G????G?G???????K??A_?O?A?????GO?C@??????P@???CAA??O_C?Cc????_?????_?GA??CA??C??????AGOG?A??AO?_GO????h??????O?OE???????oC???I?@???O??_??AAC????O???G?C?P?C???A???G?O????@@K???C?_??A?A?OG???GGO??O?C??,[(58-63)-(53-62)-(49-50)-(48-51)-(46-52)-(44-57)-(43-45)-(42-67)-(40-54)-(39-47)-(36-41)-(31-55)-(28-35)-(27-29)-(25-59)-(24-38)-(23-56)-(21-22)-(19-26)-(16-33)-(15-30)-(14-69)-(13-20)-(12-64)-(11-61)-(10-60)-(9-65)-(8-68)-(6-66)-(5-18)-(4-34)-(3-17)-(2-37)-(1-7)-(0-32)],0.0003457069396972656,0.015350580215454102,2,True,2
~?@EEO?G????????O??cAGGGA?A?@???O????O?a???C?G?_O?G?P?@G??@?CO?CO?K????S???????A??@???G?????G?CC??_?O?A???O?C??C@?G??_O??????H??_I???_?@?c?@??????_C?W??GC???O?K?G?????A???????GA@??G???GAO??A???O????@??K???OGC???G@_G??CO??G?@O?????AC??G????_?A??W?O???_?G?Q?@O???_??_?@CC?C?GI??????A???C?G?C?G?B??@????W????GGA??A?G????@?G??_G???O_?C?@?O??O?A????_@?CG????A?@?@A?C??_?@??@_?AD????CI?????????_??_GW???CO?_??A?A?,[(53-62)-(52-69)-(47-56)-(46-63)-(44-60)-(41-43)-(38-45)-(35-67)-(32-55)-(31-34)-(30-58)-(29-42)-(26-68)-(25-28)-(24-64)-(23-27)-(22-59)-(21-40)-(20-61)-(19-50)-(18-65)-(15-36)-(14-57)-(13-39)-(12-37)-(11-54)-(10-51)-(9-66)-(8-49)-(7-48)-(5-6)-(4-16)-(2-33)-(1-3)-(0-17)],0.0003762245178222656,0.022418737411499023,3,True,3
~?@EEO?G????????O??cAGGGA?A?@???O????O?a???C?G?_O?G?P?@G??@?CO?CO?K????S???????A??@???G?????G?CC??_?O?A???O?C??C@?G??_O??????H??_I???_?@?c?@??????_C?W??GC???O?K?G?????A???????GA@??G???GAO??A???O????@??K???OGC???G@_G??CO??G?@O?????AC??G????_?A??W?O???_?G?Q?@O???_??_?@CC?C?GI??????A???C?G?C?G?B??@????W????GGA??A?G????@?G??_G???O_?C?@?O??O?A????_@?CG????A?@?@A?C??_?@??@_?AD????CI?????????_??_GW???CO?_??A?A?,[(53-62)-(52-69)-(47-56)-(46-63)-(44-60)-(41-43)-(38-45)-(35-67)-(32-55)-(31-34)-(30-58)-(29-42)-(26-68)-(25-28)-(24-64)-(23-27)-(22-59)-(21-40)-(20-61)-(19-50)-(18-65)-(15-36)-(14-57)-(13-39)-(12-37)-(11-54)-(10-51)-(9-66)-(8-49)-(7-48)-(5-6)-(4-16)-(2-33)-(1-3)-(0-17)],0.0003604888916015625,0.009300708770751953,1,True,1
~?@EEO?G????????O??cAGGGA?A?@???O????O?a???C?G?_O?G?P?@G??@?CO?CO?K????S???????A??@???G?????G?CC??_?O?A???O?C??C@?G??_O??????H??_I???_?@?c?@??????_C?W??GC???O?K?G?????A???????GA@??G???GAO??A???O????@??K???OGC???G@_G??CO??G?@O?????AC??G????_?A??W?O???_?G?Q?@O???_??_?@CC?C?GI??????A???C?G?C?G?B??@????W????GGA??A?G????@?G??_G???O_?C?@?O??O?A????_@?CG????A?@?@A?C??_?@??@_?AD????CI?????????_??_GW???CO?_??A?A?,[(53-62)-(52-69)-(47-56)-(46-63)-(44-60)-(41-58)-(38-45)-(35-67)-(32-55)-(31-34)-(30-43)-(29-42)-(26-68)-(25-28)-(24-64)-(23-27)-(22-59)-(21-40)-(20-61)-(19-50)-(18-65)-(15-36)-(14-57)-(13-39)-(12-37)-(11-54)-(10-51)-(9-66)-(8-49)-(7-48)-(5-6)-(4-16)-(2-33)-(1-3)-(0-17)],0.000354766845703125,0.015014410018920898,2,True,2
~?@EEO?G????????O??cAGGGA?A?@???O????O?a???C?G?_O?G?P?@G??@?CO?CO?K????S???????A??@???G?????G?CC??_?O?A???O?C??C@?G??_O??????H??_I???_?@?c?@??????_C?W??GC???O?K?G?????A???????GA@??G???GAO??A???O????@??K???OGC???G@_G??CO??G?@O?????AC??G????_?A??W?O???_?G?Q?@O???_??_?@CC?C?GI??????A???C?G?C?G?B??@????W????GGA??A?G????@?G??_G???O_?C?@?O??O?A????_@?CG????A?@?@A?C??_?@??@_?AD????CI?????????_??_GW???CO?_??A?A?,[(53-62)-(52-69)-(47-56)-(46-63)-(44-60)-(41-58)-(38-45)-(35-67)-(32-55)-(31-34)-(30-43)-(29-42)-(26-68)-(25-28)-(24-64)-(23-27)-(22-59)-(21-40)-(20-61)-(19-50)-(18-65)-(15-36)-(14-57)-(13-39)-(12-37)-(11-54)-(10-51)-(9-66)-(8-49)-(7-48)-(5-6)-(4-16)-(2-33)-(1-3)-(0-17)],0.00036263465881347656,0.009287357330322266,1,True,1
~?@EEO?G????????O??cAGGGA?A?@???O????O?a???C?G?_O?G?P?@G??@?CO?CO?K????S???????A??@???G?????G?CC??_?O?A???O?C??C@?G??_O??????H??_I???_?@?c?@??????_C?W??GC???O?K?G?????A???????GA@??G???GAO??A???O????@??K???OGC???G@_G??CO??G?@O?????AC??G????_?A??W?O???_?G?Q?@O???_??_?@CC?C?GI??????A???C?G?C?G?B??@????W????GGA??A?G????@?G??_G???O_?C?@?O??O?A????_@?CG????A?@?@A?C??_?@??@_?AD????CI?????????_??_GW???CO?_??A?A?,[(53-62)-(52-69)-(47-56)-(45-64)-(44-60)-(41-43)-(35-67)-(32-55)-(31-34)-(30-58)-(29-42)-(28-63)-(26-68)-(25-38)-(24-27)-(23-46)-(22-59)-(21-40)-(20-61)-(19-50)-(18-65)-(15-36)-(14-57)-(13-39)-(12-37)-(11-54)-(10-51)-(9-66)-(8-49)-(7-48)-(5-6)-(4-16)-(2-33)-(1-3)-(0-17)],0.0003631114959716797,0.021470308303833008,3,True,3
~?@EEO?G????????O??cAGGGA?A?@???O????O?a???C?G?_O?G?P?@G??@?CO?CO?K????S???????A??@???G?????G?CC??_?O?A???O?C??C@?G??_O??????H??_I???_?@?c?@??????_C?W??GC???O?K?G?????A???????GA@??G???GAO??A???O????@??K???OGC???G@_G??CO??G?@O?????AC??G????_?A??W?O???_?G?Q?@O???_??_?@CC?C?GI??????A???C?G?C?G?B??@????W????GGA??A?G????@?G??_G???O_?C?@?O??O?A????_@?CG????A?@?@A?C??_?@??@_?AD????CI?????????_??_GW???CO?_??A?A?,[(53-62)-(52-69)-(47-56)-(45-64)-(44-60)-(41-43)-(35-67)-(32-55)-(31-34)-(30-58)-(29-42)-(28-63)-(26-68)-(25-38)-(24-27)-(23-46)-(22-59)-(21-40)-(20-61)-(19-50)-(18-65)-(15-36)-(14-57)-(13-39)-(12-37)-(11-54)-(10-51)-(9-66)-(8-49)-(7-48)-(5-6)-(4-16)-(2-33)-(1-3)-(0-17)],0.00036787986755371094,0.009325504302978516,1,True,1
~?@EEO?G????????O??cAGGGA?A?@???O????O?a???C?G?_O?G?P?@G??@?CO?CO?K????S???????A??@???G?????G?CC??_?O?A???O?C??C@?G??_O??????H??_I???_?@?c?@??????_C?W??GC???O?K?G?????A???????GA@??G???GAO??A???O????@??K???OGC???G@_G??CO??G?@O?????AC??G????_?A??W?O???_?G?Q?@O???_??_?@CC?C?GI??????A???C?G?C?G?B??@????W????GGA??A?G????@?G??_G???O_?C?@?O??O?A????_@?CG????A?@?@A?C??_?@??@_?AD????CI?????????_??_GW???CO?_??A?A?,[(53-62)-(52-69)-(47-56)-(45-64)-(44-60)-(41-58)-(35-67)-(32-55)-(31-34)-(30-43)-(29-42)-(28-63)-(26-68)-(25-38)-(24-27)-(23-46)-(22-59)-(21-40)-(20-61)-(19-50)-(18-65)-(15-36)-(14-57)-(13-39)-(12-37)-(11-54)-(10-51)-(9-66)-(8-49)-(7-48)-(5-6)-(4-16)-(2-33)-(1-3)-(0-17)],0.0006055831909179688,0.009881019592285156,1,True,1
~?@EEO?G????????O??cAGGGA?A?@???O????O?a???C?G?_O?G?P?@G??@?CO?CO?K????S???????A??@???G?????G?CC??_?O?A???O?C??C@?G??_O??????H??_I???_?@?c?@??????_C?W??GC???O?K?G?????A???????GA@??G???GAO??A???O????@??K???OGC???G@_G??CO??G?@O?????AC??G????_?A??W?O???_?G?Q?@O???_??_?@CC?C?GI??????A???C?G?C?G?B??@????W????GGA??A?G????@?G??_G???O_?C?@?O??O?A????_@?CG????A?@?@A?C??_?@??@_?AD????CI?????????_??_GW???CO?_??A?A?,[(53-62)-(52-69)-(47-56)-(45-64)-(44-60)-(41-58)-(35-67)-(32-55)-(31-34)-(30-43)-(29-42)-(28-63)-(26-68)-(25-38)-(24-27)-(23-46)-(22-59)-(21-40)-(20-61)-(19-50)-(18-65)-(15-36)-(14-57)-(13-39)-(12-37)-(11-54)-(10-51)-(9-66)-(8-49)-(7-48)-(5-6)-(4-16)-(2-33)-(1-3)-(0-17)],0.0003552436828613281,0.009305000305175781,1,True,1
~?@EEO?G????????O??cAGGGA?A?@???O????O?a???C?G?_O?G?P?@G??@?CO?CO?K????S???????A??@???G?????G?CC??_?O?A???O?C??C@?G??_O??????H??_I???_?@?c?@??????_C?W??GC???O?K?G?????A???????GA@??G???GAO??A???O????@??K???OGC???G@_G??CO??G?@O?????AC??G????_?A??W?O???_?G?Q?@O???_??_?@CC?C?GI??????A???C?G?C?G?B??@????W????GGA??A?G????@?G??_G???O_?C?@?O??O?A????_@?CG????A?@?@A?C??_?@??@_?AD????CI?????????_??_GW???CO?_??A?A?,[(53-61)-(52-69)-(47-56)-(44-60)-(41-43)-(38-45)-(35-67)-(32-55)-(31-34)-(30-58)-(29-42)-(27-28)-(26-68)-(25-62)-(24-64)-(23-46)-(22-59)-(21-40)-(20-63)-(19-50)-(18-65)-(15-36)-(14-57)-(13-39)-(12-37)-(11-54)-(10-51)-(9-66)-(8-49)-(7-48)-(5-6)-(4-16)-(2-33)-(1-3)-(0-17)],0.0003662109375,0.004654884338378906,0,True,0
~?@EEO?G????????O??cAGGGA?A?@???O????O?a???C?G?_O?G?P?@G??@?CO?CO?K????S???????A??@???G?????G?CC??_?O?A???O?C??C@?G??_O??????H??_I???_?@?c?@??????_C?W??GC???O?K?G?????A???????GA@??G???GAO??A???O????@??K???OGC???G@_G??CO??G?@O?????AC??G????_?A??W?O???_?G?Q?@O???_??_?@CC?C?GI??????A???C?G?C?G?B??@????W????GGA??A?G????@?G??_G???O_?C?@?O??O?A????_@?CG????A?@?@A?C??_?@??@_?AD????CI?????????_??_GW???CO?_??A?A?,[(53-61)-(52-69)-(47-56)-(44-60)-(41-43)-(38-45)-(35-67)-(32-55)-(31-34)-(30-58)-(29-42)-(27-28)-(26-68)-(25-62)-(24-64)-(23-46)-(22-59)-(21-40)-(20-63)-(19-50)-(18-65)-(15-36)-(14-57)-(13-39)-(12-37)-(11-54)-(10-51)-(9-66)-(8-49)-(7-48)-(5-6)-(4-16)-(2-33)-(1-3)-(0-17)],0.00035452842712402344,0.021781206130981445,3,True,3
~?@EEO?G????????O??cAGGGA?A?@???O????O?a???C?G?_O?G?P?@G??@?CO?CO?K????S???????A??@???G?????G?CC??_?O?A???O?C??C@?G??_O??????H??_I???_?@?c?@??????_C?W??GC???O?K?G?????A???????GA@??G???GAO??A???O????@??K???OGC???G@_G??CO??G?@O?????AC??G????_?A??W?O???_?G?Q?@O???_??_?@CC?C?GI??????A???C?G?C?G?B??@????W????GGA??A?G????@?G??_G???O_?C?@?O??O?A????_@?CG????A?@?@A?C??_?@??@_?AD????CI?????????_??_GW???CO?_??A?A?,[(53-61)-(52-69)-(47-56)-(44-60)-(41-58)-(38-45)-(35-67)-(32-55)-(31-34)-(30-43)-(29-42)-(27-28)-(26-68)-(25-62)-(24-64)-(23-46)-(22-59)-(21-40)-(20-63)-(19-50)-(18-65)-(15-36)-(14-57)-(13-39)-(12-37)-(11-54)-(10-51)-(9-66)-(8-49)-(7-48)-(5-6)-(4-16)-(2-33)-(1-3)-(0-17)],0.0003783702850341797,0.015231132507324219,2,True,2
~?@EEO?G????????O??cAGGGA?A?@???O????O?a???C?G?_O?G?P?@G??@?CO?CO?K????S???????A??@???G?????G?CC??_?O?A???O?C??C@?G??_O??????H??_I???_?@?c?@??????_C?W??GC???O?K?G?????A???????GA@??G???GAO??A???O????@??K???OGC???G@_G??CO??G?@O?????AC??G????_?A??W?O???_?G?Q?@O???_??_?@CC?C?GI??????A???C?G?C?G?B??@????W????GGA??A?G????@?G??_G???O_?C?@?O??O?A????_@?CG????A?@?@A?C??_?@??@_?AD????CI?????????_??_GW???CO?_??A?A?,[(53-61)-(52-69)-(47-56)-(44-60)-(41-58)-(38-45)-(35-67)-(32-55)-(31-34)-(30-43)-(29-42)-(27-28)-(26-68)-(25-62)-(24-64)-(23-46)-(22-59)-(21-40)-(20-63)-(19-50)-(18-65)-(15-36)-(14-57)-(13-39)-(12-37)-(11-54)-(10-51)-(9-66)-(8-49)-(7-48)-(5-6)-(4-16)-(2-33)-(1-3)-(0-17)],0.0004076957702636719,0.009385824203491211,1,True,1
~?@EEO?G????????O??cAGGGA?A?@???O????O?a???C?G?_O?G?P?@G??@?CO?CO?K????S???????A??@???G?????G?CC??_?O?A???O?C??C@?G??_O??????H??_I???_?@?c?@??????_C?W??GC???O?K?G?????A???????GA@??G???GAO??A???O????@??K???OGC???G@_G??CO??G?@O?????AC??G????_?A??W?O???_?G?Q?@O???_??_?@CC?C?GI??????A???C?G?C?G?B??@????W????GGA??A?G????@?G??_G???O_?C?@?O??O?A????_@?CG????A?@?@A?C??_?@??@_?AD????CI?????????_??_GW???CO?_??A?A?,[(53-61)-(52-69)-(47-56)-(45-64)-(44-60)-(41-43)-(35-67)-(32-55)-(31-34)-(30-58)-(29-42)-(28-38)-(26-68)-(25-62)-(24-27)-(23-46)-(22-59)-(21-40)-(20-63)-(19-50)-(18-65)-(15-36)-(14-57)-(13-39)-(12-37)-(11-54)-(10-51)-(9-66)-(8-49)-(7-48)-(5-6)-(4-16)-(2-33)-(1-3)-(0-17)],0.0003707408905029297,0.015385150909423828,2,True,2
~?@EEO?G????????O??cAGGGA?A?@???O????O?a???C?G?_O?G?P?@G??@?CO?CO?K????S???????A??@???G?????G?CC??_?O?A???O?C??C@?G??_O??????H??_I???_?@?c?@??????_C?W??GC???O?K?G?????A???????GA@??G???GAO??A???O????@??K???OGC???G@_G??CO??G?@O?????AC??G????_?A??W?O???_?G?Q?@O???_??_?@CC?C?GI??????A???C?G?C?G?B??@????W????GGA??A?G????@?G??_G???O_?C?@?O??O?A????_@?CG????A?@?@A?C??_?@??@_?AD????CI?????????_??_GW???CO?_??A?A?,[(53-61)-(52-69)-(47-56)-(45-64)-(44-60)-(41-43)-(35-67)-(32-55)-(31-34)-(30-58)-(29-42)-(28-38)-(26-68)-(25-62)-(24-27)-(23-46)-(22-59)-(21-40)-(20-63)-(19-50)-(18-65)-(15-36)-(14-57)-(13-39)-(12-37)-(11-54)-(10-51)-(9-66)-(8-49)-(7-48)-(5-6)-(4-16)-(2-33)-(1-3)-(0-17)],0.0003523826599121094,0.021991729736328125,3,True,3
~?@EEO?G????????O??cAGGGA?A?@???O????O?a???C?G?_O?G?P?@G??@?CO?CO?K????S???????A??@???G?????G?CC??_?O?A???O?C??C@?G??_O??????H??_I???_?@?c?@??????_C?W??GC???O?K?G?????A???????GA@??G???GAO??A???O????@??K???OGC???G@_G??CO??G?@O?????AC??G????_?A??W?O???_?G?Q?@O???_??_?@CC?C?GI??????A???C?G?C?G?B??@????W????GGA??A?G????@?G??_G???O_?C?@?O??O?A????_@?CG????A?@?@A?C??_?@??@_?AD????CI?????????_??_GW???CO?_??A?A?,[(53-61)-(52-69)-(47-56)-(45-64)-(44-60)-(41-58)-(35-67)-(32-55)-(31-34)-(30-43)-(29-42)-(28-38)-(26-68)-(25-62)-(24-27)-(23-46)-(22-59)-(21-40)-(20-63)-(19-50)-(18-65)-(15-36)-(14-57)-(13-39)-(12-37)-(11-54)-(10-51)-(9-66)-(8-49)-(7-48)-(5-6)-(4-16)-(2-33)-(1-3)-(0-17)],0.00036978721618652344,0.009541511535644531,1,True,1
~?@EEO?G????????O??cAGGGA?A?@???O????O?a???C?G?_O?G?P?@G??@?CO?CO?K????S???????A??@???G?????G?CC??_?O?A???O?C??C@?G??_O??????H??_I???_?@?c?@??????_C?W??GC???O?K?G?????A???????GA@??G???GAO??A???O????@??K???OGC???G@_G??CO??G?@O?????AC??G????_?A??W?O???_?G?Q?@O???_??_?@CC?C?GI??????A???C?G?C?G?B??@????W????GGA??A?G????@?G??_G???O_?C?@?O??O?A????_@?CG????A?@?@A?C??_?@??@_?AD????CI?????????_??_GW???CO?_??A?A?,[(53-61)-(52-69)-(47-56)-(45-64)-(44-60)-(41-58)-(35-67)-(32-55)-(31-34)-(30-43)-(29-42)-(28-38)-(26-68)-(25-62)-(24-27)-(23-46)-(22-59)-(21-40)-(20-63)-(19-50)-(18-65)-(15-36)-(14-57)-(13-39)-(12-37)-(11-54)-(10-51)-(9-66)-(8-49)-(7-48)-(5-6)-(4-16)-(2-33)-(1-3)-(0-17)],0.00034737586975097656,0.015185117721557617,2,True,2
~?@EEO?G????????O??cAGGGA?A?@???O????O?a???C?G?_O?G?P?@G??@?CO?CO?K????S???????A??@???G?????G?CC??_?O?A???O?C??C@?G??_O??????H??_I???_?@?c?@??????_C?W??GC???O?K?G?????A???????GA@??G???GAO??A???O????@??K???OGC???G@_G??CO??G?@O?????AC??G????_?A??W?O???_?G?Q?@O???_??_?@CC?C?GI??????A???C?G?C?G?B??@????W????GGA??A?G????@?G??_G???O_?C?@?O??O?A????_@?CG????A?@?@A?C??_?@??@_?AD????CI?????????_??_GW???CO?_??A?A?,[(52-69)-(47-56)-(46-63)-(44-60)-(41-43)-(38-45)-(35-67)-(32-53)-(31-34)-(30-58)-(29-42)-(28-50)-(26-68)-(25-62)-(24-64)-(23-27)-(22-59)-(21-40)-(20-61)-(19-55)-(18-65)-(15-36)-(14-57)-(13-39)-(12-37)-(11-54)-(10-51)-(9-66)-(8-49)-(7-48)-(5-6)-(4-16)-(2-33)-(1-3)-(0-17)],0.00035500526428222656,0.009649038314819336,1,True,1
~?@EEO?G????????O??cAGGGA?A?@???O????O?a???C?G?_O?G?P?@G??@?CO?CO?K????S???????A??@???G?????G?CC??_?O?A???O?C??C@?G??_O??????H??_I???_?@?c?@??????_C?W??GC???O?K?G?????A???????GA@??G???GAO??A???O????@??K???OGC???G@_G??CO??G?@O?????AC??G????_?A??W?O???_?G?Q?@O???_??_?@CC?C?GI??????A???C?G?C?G?B??@????W????GGA??A?G????@?G??_G???O_?C?@?O??O?A????_@?CG????A?@?@A?C??_?@??@_?AD????CI?????????_??_GW???CO?_??A?A?,[(52-69)-(47-56)-(46-63)-(44-60)-(41-43)-(38-45)-(35-67)-(32-53)-(31-34)-(30-58)-(29-42)-(28-50)-(26-68)-(25-62)-(24-64)-(23-27)-(22-59)-(21-40)-(20-61)-(19-55)-(18-65)-(15-36)-(14-57)-(13-39)-(12-37)-(11-54)-(10-51)-(9-66)-(8-49)-(7-48)-(5-6)-(4-16)-(2-33)-(1-3)-(0-17)],0.0003616809844970703,0.004346370697021484,0,True,0
~?@EEO?G????????O??cAGGGA?A?@???O????O?a???C?G?_O?G?P?@G??@?CO?CO?K????S???????A??@???G?????G?CC??_?O?A???O?C??C@?G??_O??????H??_I???_?@?c?@??????_C?W??GC???O?K?G?????A???????GA@??G???GAO??A???O????@??K???OGC???G@_G??CO??G?@O?????AC??G????_?A??W?O???_?G?Q?@O???_??_?@CC?C?GI??????A???C?G?C?G?B??@????W????GGA??A?G????@?G??_G???O_?C?@?O??O?A????_@?CG????A?@?@A?C??_?@??@_?AD????CI?????????_??_GW???CO?_??A?A?,[(52-69)-(47-56)-(46-63)-(44-60)-(41-58)-(38-45)-(35-67)-(32-53)-(31-34)-(30-43)-(29-42)-(28-50)-(26-68)-(25-62)-(24-64)-(23-27)-(22-59)-(21-40)-(20-61)-(19-55)-(18-65)-(15-36)-(14-57)-(13-39)-(12-37)-(11-54)-(10-51)-(9-66)-(8-49)-(7-48)-(5-6)-(4-16)-(2-33)-(1-3)-(0-17)],0.0003693103790283203,0.009137392044067383,1,True,1
~?@EEO?G????????O??cAGGGA?A?@???O????O?a???C?G?_O?G?P?@G??@?CO?CO?K????S???????A??@???G?????G?CC??_?O?A???O?C??C@?G??_O??????H??_I???_?@?c?@??????_C?W??GC???O?K?G?????A???????GA@??G???GAO??A???O????@??K???OGC???G@_G??CO??G?@O?????AC??G????_?A??W?O???_?G?Q?@O???_??_?@CC?C?GI??????A???C?G?C?G?B??@????W????GGA??A?G????@?G??_G???O_?C?@?O??O?A????_@?CG????A?@?@A?C??_?@??@_?AD????CI?????????_??_GW???CO?_??A?A?,[(52-69)-(47-56)-(46-63)-(44-60)-(41-58)-(38-45)-(35-67)-(32-53)-(31-34)-(30-43)-(29-42)-(28-50)-(26-68)-(25-62)-(24-64)-(23-27)-(22-59)-(21-40)-(20-61)-(19-55)-(18-65)-(15-36)-(14-57)-(13-39)-(12-37)-(11-54)-(10-51)-(9-66)-(8-49)-(7-48)-(5-6)-(4-16)-(2-33)-(1-3)-(0-17)],0.0003542900085449219,0.009517192840576172,1,True,1
~?@EG???GO??C?O???@???????O?_??????CE@???????GD?_???G?G??_?@????@_??C??C??O?FO?A?E????O???@_?C?S??@P??@O???C??Ka???????G?@G?_O??AA??A??@???D??ACG@@?_A???????A?_C?G??A?OA@???X???_???GG?????????_?C?C????C?@O?OC?GO@?_?????c???O?G?G?????CA???G??K??H?_G???C@_O??????Q??O??OA????G?I?????S`?????G?G?O???G_?O?A???A@C????A??GO?C?_?@O??C?GA?????ACO??E??c????A?????C?`??a??G??_???G?G_??I???_G?_??AG????AG@??A??a@?_????,[(61-68)-(57-67)-(55-62)-(53-58)-(47-60)-(46-63)-(43-59)-(42-44)-(37-49)-(35-40)-(31-39)-(29-45)-(27-28)-(26-32)-(24-69)-(23-65)-(22-41)-(21-56)-(19-30)-(18-25)-(15-51)-(14-52)-(13-16)-(12-36)-(11-54)-(10-34)-(9-33)-(8-17)-(7-50)-(6-20)-(5-66)-(4-38)-(3-64)-(1-2)-(0-48)],0.00037741661071777344,0.00992131233215332,1,True,1
~?@EG???GO??C?O???@???????O?_??????CE@???????GD?_???G?G??_?@????@_??C??C??O?FO?A?E????O???@_?C?S??@P??@O???C??Ka???????G?@G?_O??AA??A??@???D??ACG@@?_A???????A?_C?G??A?OA@???X???_???GG?????????_?C?C????C?@O?OC?GO@?_?????c???O?G?G?????CA???G??K??H?_G???C@_O??????Q??O??OA????G?I?????S`?????G?G?O???G_?O?A???A@C????A??GO?C?_?@O??C?GA?????ACO??E??c????A?????C?`??a??G??_???G?G_??I???_G?_??AG????AG@??A??a@?_????,[(61-68)-(57-67)-(55-62)-(53-58)-(47-60)-(46-63)-(43-59)-(42-44)-(37-49)-(35-40)-(31-39)-(29-45)-(27-28)-(26-32)-(24-69)-(23-65)-(22-41)-(21-56)-(19-30)-(18-25)-(15-51)-(14-52)-(13-16)-(12-36)-(11-54)-(10-34)-(9-33)-(8-17)-(7-50)-(6-20)-(5-66)-(4-38)-(3-64)-(1-2)-(0-48)],0.0003788471221923828,0.009390115737915039,1,True,1
~?@EG???GO??C?O???@???????O?_??????CE@???????GD?_???G?G??_?@????@_??C??C??O?FO?A?E????O???@_?C?S??@P??@O???C??Ka???????G?@G?_O??AA??A??@???D??ACG@@?_A???????A?_C?G??A?OA@???X???_???GG?????????_?C?C????C?@O?OC?GO@?_?????c???O?G?G?????CA???G??K??H?_G???C@_O??????Q??O??OA????G?I?????S`?????G?G?O???G_?O?A???A@C????A??GO?C?_?@O??C?GA?????ACO??E??c????A?????C?`??a??G??_???G?G_??I???_G?_??AG????AG@??A??a@?_????,[(61-68)-(57-67)-(55-62)-(53-58)-(47-60)-(45-49)-(43-59)-(42-44)-(37-63)-(35-40)-(31-39)-(29-46)-(27-28)-(26-32)-(24-69)-(23-65)-(22-41)-(21-56)-(19-30)-(18-25)-(15-51)-(14-52)-(13-16)-(12-36)-(11-54)-(10-34)-(9-33)-(8-17)-(7-50)-(6-20)-(5-66)-(4-38)-(3-64)-(1-2)-(0-48)],0.0003533363342285156,0.004251003265380859,0,True,0
~?@EG???GO??C?O???@???????O?_??????CE@???????GD?_???G?G??_?@????@_??C??C??O?FO?A?E????O???@_?C?S??@P??@O???C??Ka???????G?@G?_O??AA??A??@???D??ACG@@?_A???????A?_C?G??A?OA@???X???_???GG?????????_?C?C????C?@O?OC?GO@?_?????c???O?G?G?????CA???G??K??H?_G???C@_O??????Q??O??OA????G?I?????S`?????G?G?O???G_?O?A???A@C????A??GO?C?_?@O??C?GA?????ACO??E??c????A?????C?`??a??G??_???G?G_??I???_G?_??AG????AG@??A??a@?_????,[(61-68)-(57-67)-(55-62)-(53-58)-(47-60)-(45-49)-(43-59)-(42-44)-(37-63)-(35-40)-(31-39)-(29-46)-(27-28)-(26-32)-(24-69)-(23-65)-(22-41)-(21-56)-(19-30)-(18-25)-(15-51)-(14-52)-(13-16)-(12-36)-(11-54)-(10-34)-(9-33)-(8-17)-(7-50)-(6-20)-(5-66)-(4-38)-(3-64)-(1-2)-(0-48)],0.0003554821014404297,0.004360198974609375,0,True,0
~?@EG???GO??C?O???@???????O?_??????CE@???????GD?_???G?G??_?@????@_??C??C??O?FO?A?E????O???@_?C?S??@P??@O???C??Ka???????G?@G?_O??AA??A??@???D??ACG@@?_A???????A?_C?G??A?OA@???X???_???GG?????????_?C?C????C?@O?OC?GO@?_?????c???O?G?G?????CA???G??K??H?_G???C@_O??????Q??O??OA????G?I?????S`?????G?G?O???G_?O?A???A@C????A??GO?C?_?@O??C?GA?????ACO??E??c????A?????C?`??a??G??_???G?G_??I???_G?_??AG????AG@??A??a@?_????,[(61-68)-(55-62)-(53-58)-(47-59)-(46-63)-(42-44)-(40-60)-(39-67)-(37-49)-(32-57)-(29-45)-(28-31)-(27-43)-(26-35)-(24-69)-(23-65)-(22-41)-(21-56)-(19-30)-(18-25)-(15-51)-(14-52)-(13-16)-(12-36)-(11-54)-(10-34)-(9-33)-(8-17)-(7-50)-(6-20)-(5-66)-(4-38)-(3-64)-(1-2)-(0-48)],0.00039196014404296875,0.004283428192138672,0,True,0
~?@EG???GO??C?O???@???????O?_??????CE@???????GD?_???G?G??_?@????@_??C??C??O?FO?A?E????O???@_?C?S??@P??@O???C??Ka???????G?@G?_O??AA??A??@???D??ACG@@?_A???????A?_C?G??A?OA@???X???_???GG?????????_?C?C????C?@O?OC?GO@?_?????c???O?G?G?????CA???G??K??H?_G???C@_O??????Q??O??OA????G?I?????S`?????G?G?O???G_?O?A???A@C????A??GO?C?_?@O??C?GA?????ACO??E??c????A?????C?`??a??G??_???G?G_??I???_G?_??AG????AG@??A??a@?_????,[(61-68)-(55-62)-(53-58)-(47-59)-(46-63)-(42-44)-(40-60)-(39-67)-(37-49)-(32-57)-(29-45)-(28-31)-(27-43)-(26-35)-(24-69)-(23-65)-(22-41)-(21-56)-(19-30)-(18-25)-(15-51)-(14-52)-(13-16)-(12-36)-(11-54)-(10-34)-(9-33)-(8-17)-(7-50)-(6-20)-(5-66)-(4-38)-(3-64)-(1-2)-(0-48)],0.00036263465881347656,0.009275197982788086,1,True,1
~?@EG???GO??C?O???@???????O?_??????CE@???????GD?_???G?G??_?@????@_??C??C??O?FO?A?E????O???@_?C?S??@P??@O???C??Ka???????G?@G?_O??AA??A??@???D??ACG@@?_A???????A?_C?G??A?OA@???X???_???GG?????????_?C?C????C?@O?OC?GO@?_?????c???O?G?G?????CA???G??K??H?_G???C@_O??????Q??O??OA????G?I?????S`?????G?G?O???G_?O?A???A@C????A??GO?C?_?@O??C?GA?????ACO??E??c????A?????C?`??a??G??_???G?G_??I???_G?_??AG????AG@??A??a@?_????,[(61-68)-(55-62)-(53-58)-(47-59)-(45-49)-(42-44)-(40-60)-(39-67)-(37-63)-(32-57)-(29-46)-(28-31)-(27-43)-(26-35)-(24-69)-(23-65)-(22-41)-(21-56)-(19-30)-(18-25)-(15-51)-(14-52)-(13-16)-(12-36)-(11-54)-(10-34)-(9-33)-(8-17)-(7-50)-(6-20)-(5-66)-(4-38)-(3-64)-(1-2)-(0-48)],0.00035500526428222656,0.015674114227294922,2,True,2
~?@EG???GO??C?O???@???????O?_??????CE@???????GD?_???G?G??_?@????@_??C??C??O?FO?A?E????O???@_?C?S??@P??@O???C??Ka???????G?@G?_O??AA??A??@???D??ACG@@?_A???????A?_C?G??A?OA@???X???_???GG?????????_?C?C????C?@O?OC?GO@?_?????c???O?G?G?????CA???G??K??H?_G???C@_O??????Q??O??OA????G?I?????S`?????G?G?O???G_?O?A???A@C????A??GO?C?_?@O??C?GA?????ACO??E??c????A?????C?`??a??G??_???G?G_??I???_G?_??AG????AG@??A??a@?_????,[(61-68)-(55-62)-(53-58)-(47-59)-(45-49)-(42-44)-(40-60)-(39-67)-(37-63)-(32-57)-(29-46)-(28-31)-(27-43)-(26-35)-(24-69)-(23-65)-(22-41)-(21-56)-(19-30)-(18-25)-(15-51)-(14-52)-(13-16)-(12-36)-(11-54)-(10-34)-(9-33)-(8-17)-(7-50)-(6-20)-(5-66)-(4-38)-(3-64)-(1-2)-(0-48)],0.0003540515899658203,0.009601354598999023,1,True,1
~?@EG???GO??C?O???@???????O?_??????CE@???????GD?_???G?G??_?@????@_??C??C??O?FO?A?E????O???@_?C?S??@P??@O???C??Ka???????G?@G?_O??AA??A??@???D??ACG@@?_A???????A?_C?G??A?OA@???X???_???GG?????????_?C?C????C?@O?OC?GO@?_?????c???O?G?G?????CA???G??K??H?_G???C@_O??????Q??O??OA????G?I?????S`?????G?G?O???G_?O?A???A@C????A??GO?C?_?@O??C?GA?????ACO??E??c????A?????C?`??a??G??_???G?G_??I???_G?_??AG????AG@??A??a@?_????,[(61-68)-(55-62)-(53-58)-(47-67)-(46-63)-(43-59)-(42-44)-(40-60)-(37-49)-(32-57)-(31-39)-(29-45)-(27-28)-(26-35)-(24-69)-(23-65)-(22-41)-(21-56)-(19-30)-(18-25)-(15-51)-(14-52)-(13-16)-(12-36)-(11-54)-(10-34)-(9-33)-(8-17)-(7-50)-(6-20)-(5-66)-(4-38)-(3-64)-(1-2)-(0-48)],0.0003726482391357422,0.009717941284179688,1,True,1
~?@EG???GO??C?O???@???????O?_??????CE@???????GD?_???G?G??_?@????@_??C??C??O?FO?A?E????O???@_?C?S??@P??@O???C??Ka???????G?@G?_O??AA??A??@???D??ACG@@?_A???????A?_C?G??A?OA@???X???_???GG?????????_?C?C????C?@O?OC?GO@?_?????c???O?G?G?????CA???G??K??H?_G???C@_O??????Q??O??OA????G?I?????S`?????G?G?O???G_?O?A???A@C????A??GO?C?_?@O??C?GA?????ACO??E??c????A?????C?`??a??G??_???G?G_??I???_G?_??AG????AG@??A??a@?_????,[(61-68)-(55-62)-(53-58)-(47-67)-(46-63)-(43-59)-(42-44)-(40-60)-(37-49)-(32-57)-(31-39)-(29-45)-(27-28)-(26-35)-(24-69)-(23-65)-(22-41)-(21-56)-(19-30)-(18-25)-(15-51)-(14-52)-(13-16)-(12-36)-(11-54)-(10-34)-(9-33)-(8-17)-(7-50)-(6-20)-(5-66)-(4-38)-(3-64)-(1-2)-(0-48)],0.0003800392150878906,0.004378795623779297,0,True,0
~?@EG???GO??C?O???@???????O?_??????CE@???????GD?_???G?G??_?@????@_??C??C??O?FO?A?E????O???@_?C?S??@P??@O???C??Ka???????G?@G?_O??AA??A??@???D??ACG@@?_A???????A?_C?G??A?OA@???X???_???GG?????????_?C?C????C?@O?OC?GO@?_?????c???O?G?G?????CA???G??K??H?_G???C@_O??????Q??O??OA????G?I?????S`?????G?G?O???G_?O?A???A@C????A??GO?C?_?@O??C?GA?????ACO??E??c????A?????C?`??a??G??_???G?G_??I???_G?_??AG????AG@??A??a@?_????,[(61-68)-(55-62)-(53-58)-(47-67)-(45-49)-(43-59)-(42-44)-(40-60)-(37-63)-(32-57)-(31-39)-(29-46)-(27-28)-(26-35)-(24-69)-(23-65)-(22-41)-(21-56)-(19-30)-(18-25)-(15-51)-(14-52)-(13-16)-(12-36)-(11-54)-(10-34)-(9-33)-(8-17)-(7-50)-(6-20)-(5-66)-(4-38)-(3-64)-(1-2)-(0-48)],0.0003662109375,0.009634017944335938,1,True,1
~?@EG???GO??C?O???@???????O?_??????CE@???????GD?_???G?G??_?@????@_??C??C??O?FO?A?E????O???@_?C?S??@P??@O???C??Ka???????G?@G?_O??AA??A??@???D??ACG@@?_A???????A?_C?G??A?OA@???X???_???GG?????????_?C?C????C?@O?OC?GO@?_?????c???O?G?G?????CA???G??K??H?_G???C@_O??????Q??O??OA????G?I?????S`?????G?G?O???G_?O?A???A@C????A??GO?C?_?@O??C?GA?????ACO??E??c????A?????C?`??a??G??_???G?G_??I???_G?_??AG????AG@??A??a@?_????,[(61-68)-(55-62)-(53-58)-(47-67)-(45-49)-(43-59)-(42-44)-(40-60)-(37-63)-(32-57)-(31-39)-(29-46)-(27-28)-(26-35)-(24-69)-(23-65)-(22-41)-(21-56)-(19-30)-(18-25)-(15-51)-(14-52)-(13-16)-(12-36)-(11-54)-(10-34)-(9-33)-(8-17)-(7-50)-(6-20)-(5-66)-(4-38)-(3-64)-(1-2)-(0-48)],0.0003533363342285156,0.009304046630859375,1,True,1
~?@EG???GO??C?O???@???????O?_??????CE@???????GD?_???G?G??_?@????@_??C??C??O?FO?A?E????O???@_?C?S??@P??@O???C??Ka???????G?@G?_O??AA??A??@???D??ACG@@?_A???????A?_C?G??A?OA@???X???_???GG?????????_?C?C????C?@O?OC?GO@?_?????c???O?G?G?????CA???G??K??H?_G???C@_O??????Q??O??OA????G?I?????S`?????G?G?O???G_?O?A???A@C????A??GO?C?_?@O??C?GA?????ACO??E??c????A?????C?`??a??G??_???G?G_??I???_G?_??AG????AG@??A??a@?_????,[(61-68)-(57-67)-(55-62)-(53-58)-(47-59)-(42-63)-(40-60)-(37-49)-(35-46)-(31-39)-(29-45)-(28-69)-(27-43)-(26-32)-(24-44)-(23-65)-(22-41)-(21-56)-(19-30)-(18-25)-(15-51)-(14-52)-(13-16)-(12-36)-(11-54)-(10-34)-(9-33)-(8-17)-(7-50)-(6-20)-(5-66)-(4-38)-(3-64)-(1-2)-(0-48)],0.0003578662872314453,0.00922846794128418,1,True,1
~?@EG???GO??C?O???@???????O?_??????CE@???????GD?_???G?G??_?@????@_??C??C??O?FO?A?E????O???@_?C?S??@P??@O???C??Ka???????G?@G?_O??AA??A??@???D??ACG@@?_A???????A?_C?G??A?OA@???X???_???GG?????????_?C?C????C?@O?OC?GO@?_?????c???O?G?G?????CA???G??K??H?_G???C@_O??????Q??O??OA????G?I?????S`?????G?G?O???G_?O?A???A@C????A??GO?C?_?@O??C?GA?????ACO??E??c????A?????C?`??a??G??_???G?G_??I???_G?_??AG????AG@??A??a@?_????,[(61-68)-(57-67)-(55-62)-(53-58)-(47-59)-(42-63)-(40-60)-(37-49)-(35-46)-(31-39)-(29-45)-(28-69)-(27-43)-(26-32)-(24-44)-(23-65)-(22-41)-(21-56)-(19-30)-(18-25)-(15-51)-(14-52)-(13-16)-(12-36)-(11-54)-(10-34)-(9-33)-(8-17)-(7-50)-(6-20)-(5-66)-(4-38)-(3-64)-(1-2)-(0-48)],0.0003604888916015625,0.021734952926635742,3,True,3
~?@EG???GO??C?O???@???????O?_??????CE@???????GD?_???G?G??_?@????@_??C??C??O?FO?A?E????O???@_?C?S??@P??@O???C??Ka???????G?@G?_O??AA??A??@???D??ACG@@?_A???????A?_C?G??A?OA@???X???_???GG?????????_?C?C????C?@O?OC?GO@?_?????c???O?G?G?????CA???G??K??H?_G???C@_O??????Q??O??OA????G?I?????S`?????G?G?O???G_?O?A???A@C????A??GO?C?_?@O??C?GA?????ACO??E??c????A?????C?`??a??G??_???G?G_??I???_G?_??AG????AG@??A??a@?_????,[(61-68)-(57-67)-(55-62)-(53-58)-(47-60)-(46-63)-(43-59)-(42-69)-(37-49)-(35-40)-(31-39)-(29-45)-(27-28)-(26-32)-(24-44)-(23-65)-(22-41)-(21-56)-(19-30)-(18-25)-(15-51)-(14-52)-(13-16)-(12-36)-(11-54)-(10-34)-(9-33)-(8-17)-(7-50)-(6-20)-(5-66)-(4-38)-(3-64)-(1-2)-(0-48)],0.000370025634765625,0.028954029083251953,3,True,3
~?@EG???GO??C?O???@???????O?_??????CE@???????GD?_???G?G??_?@????@_??C??C??O?FO?A?E????O???@_?C?S??@P??@O???C??Ka???????G?@G?_O??AA??A??@???D??ACG@@?_A???????A?_C?G??A?OA@???X???_???GG?????????_?C?C????C?@O?OC?GO@?_?????c???O?G?G?????CA???G??K??H?_G???C@_O??????Q??O??OA????G?I?????S`?????G?G?O???G_?O?A???A@C????A??GO?C?_?@O??C?GA?????ACO??E??c????A?????C?`??a??G??_???G?G_??I???_G?_??AG????AG@??A??a@?_????,[(61-68)-(57-67)-(55-62)-(53-58)-(47-60)-(46-63)-(43-59)-(42-69)-(37-49)-(35-40)-(31-39)-(29-45)-(27-28)-(26-32)-(24-44)-(23-65)-(22-41)-(21-56)-(19-30)-(18-25)-(15-51)-(14-52)-(13-16)-(12-36)-(11-54)-(10-34)-(9-33)-(8-17)-(7-50)-(6-20)-(5-66)-(4-38)-(3-64)-(1-2)-(0-48)],0.0003592967987060547,0.009383440017700195,1,True,1
~?@EG???GO??C?O???@???????O?_??????CE@???????GD?_???G?G??_?@????@_??C??C??O?FO?A?E????O???@_?C?S??@P??@O???C??Ka???????G?@G?_O??AA??A??@???D??ACG@@?_A???????A?_C?G??A?OA@???X???_???GG?????????_?C?C????C?@O?OC?GO@?_?????c???O?G?G?????CA???G??K??H?_G???C@_O??????Q??O??OA????G?I?????S`?????G?G?O???G_?O?A???A@C????A??GO?C?_?@O??C?GA?????ACO??E??c????A?????C?`??a??G??_???G?G_??I???_G?_??AG????AG@??A??a@?_????,[(61-68)-(57-67)-(55-62)-(53-58)-(47-60)-(45-49)-(43-59)-(42-69)-(37-63)-(35-40)-(31-39)-(29-46)-(27-28)-(26-32)-(24-44)-(23-65)-(22-41)-(21-56)-(19-30)-(18-25)-(15-51)-(14-52)-(13-16)-(12-36)-(11-54)-(10-34)-(9-33)-(8-17)-(7-50)-(6-20)-(5-66)-(4-38)-(3-64)-(1-2)-(0-48)],0.00037860870361328125,0.009632349014282227,1,True,1
~?@EG???GO??C?O???@???????O?_??????CE@???????GD?_???G?G??_?@????@_??C??C??O?FO?A?E????O???@_?C?S??@P??@O???C??Ka???????G?@G?_O??AA??A??@???D??ACG@@?_A???????A?_C?G??A?OA@???X???_???GG?????????_?C?C????C?@O?OC?GO@?_?????c???O?G?G?????CA???G??K??H?_G???C@_O??????Q??O??OA????G?I?????S`?????G?G?O???G_?O?A???A@C????A??GO?C?_?@O??C?GA?????ACO??E??c????A?????C?`??a??G??_???G?G_??I???_G?_??AG????AG@??A??a@?_????,[(61-68)-(57-67)-(55-62)-(53-58)-(47-60)-(45-49)-(43-59)-(42-69)-(37-63)-(35-40)-(31-39)-(29-46)-(27-28)-(26-32)-(24-44)-(23-65)-(22-41)-(21-56)-(19-30)-(18-25)-(15-51)-(14-52)-(13-16)-(12-36)-(11-54)-(10-34)-(9-33)-(8-17)-(7-50)-(6-20)-(5-66)-(4-38)-(3-64)-(1-2)-(0-48)],0.00036144256591796875,0.009377717971801758,1,True,1
~?@EG???GO??C?O???@???????O?_??????CE@???????GD?_???G?G??_?@????@_??C??C??O?FO?A?E????O???@_?C?S??@P??@O???C??Ka???????G?@G?_O??AA??A??@???D??ACG@@?_A???????A?_C?G??A?OA@???X???_???GG?????????_?C?C????C?@O?OC?GO@?_?????c???O?G?G?????CA???G??K??H?_G???C@_O??????Q??O??OA????G?I?????S`?????G?G?O???G_?O?A???A@C????A??GO?C?_?@O??C?GA?????ACO??E??c????A?????C?`??a??G??_???G?G_??I???_G?_??AG????AG@??A??a@?_????,[(61-68)-(55-62)-(53-58)-(47-59)-(46-63)-(42-69)-(40-60)-(39-67)-(37-49)-(32-57)-(29-45)-(28-31)-(27-43)-(26-35)-(24-44)-(23-65)-(22-41)-(21-56)-(19-30)-(18-25)-(15-51)-(14-52)-(13-16)-(12-36)-(11-54)-(10-34)-(9-33)-(8-17)-(7-50)-(6-20)-(5-66)-(4-38)-(3-64)-(1-2)-(0-48)],0.00037550926208496094,0.015456676483154297,2,True,2
~?@EG???GO??C?O???@???????O?_??????CE@???????GD?_???G?G??_?@????@_??C??C??O?FO?A?E????O???@_?C?S??@P??@O???C??Ka???????G?@G?_O??AA??A??@???D??ACG@@?_A???????A?_C?G??A?OA@???X???_???GG?????????_?C?C????C?@O?OC?GO@?_?????c???O?G?G?????CA???G??K??H?_G???C@_O??????Q??O??OA????G?I?????S`?????G?G?O???G_?O?A???A@C????A??GO?C?_?@O??C?GA?????ACO??E??c????A?????C?`??a??G??_???G?G_??I???_G?_??AG????AG@??A??a@?_????,[(61-68)-(55-62)-(53-58)-(47-59)-(46-63)-(42-69)-(40-60)-(39-67)-(37-49)-(32-57)-(29-45)-(28-31)-(27-43)-(26-35)-(24-44)-(23-65)-(22-41)-(21-56)-(19-30)-(18-25)-(15-51)-(14-52)-(13-16)-(12-36)-(11-54)-(10-34)-(9-33)-(8-17)-(7-50)-(6-20)-(5-66)-(4-38)-(3-64)-(1-2)-(0-48)],0.0003554821014404297,0.015165090560913086,2,True,2
~?@E??CO??????OC???OO?????A??A?A????CG???PA@O?_?HCG?O???_?O?_OA????G??_?????__?Q??___????a?COoO???@?@O??A_?O?K?????????????ACA?????CGAAG????O_A????OGGI????G????G??a???C???E??????????@`_G?G??O??E??_???D??????????_CC???????EO????@CQ?????AG?OA_??O?O??A?@???AG`A???G???W??O??@?DA??O??O?_???CA?C?A???@?O??W???O??O???????B@O??G???O?GCO??O?A??@__????OO?OA?G??G???W???DC???AG?G?_?A?@??G?A??C?CO_??A?C????S??????aA??,[(47-61)-(45-63)-(44-46)-(43-62)-(42-58)-(41-66)-(40-59)-(37-55)-(31-60)-(30-51)-(29-67)-(28-57)-(27-56)-(26-50)-(25-52)-(24-39)-(21-22)-(20-23)-(19-64)-(16-54)-(15-38)-(14-32)-(13-18)-(12-53)-(11-35)-(10-65)-(9-48)-(8-34)-(7-69)-(5-68)-(4-6)-(3-49)-(2-36)-(1-33)-(0-17)],0.0004165172576904297,0.004949092864990234,0,True,0
~?@E??CO??????OC???OO?????A??A?A????CG???PA@O?_?HCG?O???_?O?_OA????G??_?????__?Q??___????a?COoO???@?@O??A_?O?K?????????????ACA?????CGAAG????O_A????OGGI????G????G??a???C???E??????????@`_G?G??O??E??_???D??????????_CC???????EO????@CQ?????AG?OA_??O?O??A?@???AG`A???G???W??O??@?DA??O??O?_???CA?C?A???@?O??W???O??O???????B@O??G???O?GCO??O?A??@__????OO?OA?G??G???W???DC???AG?G?_?A?@??G?A??C?CO_??A?C????S??????aA??,[(47-61)-(45-63)-(44-46)-(43-62)-(42-58)-(41-66)-(40-59)-(37-55)-(31-60)-(30-51)-(29-67)-(28-57)-(27-56)-(26-50)-(25-52)-(24-39)-(21-22)-(20-23)-(19-64)-(16-54)-(15-38)-(14-32)-(13-18)-(12-53)-(11-35)-(10-65)-(9-48)-(8-34)-(7-69)-(5-68)-(4-6)-(3-49)-(2-36)-(1-33)-(0-17)],0.00036787986755371094,0.009766101837158203,1,True,1
~?@E??CO??????OC???OO?????A??A?A????CG???PA@O?_?HCG?O???_?O?_OA????G??_?????__?Q??___????a?COoO???@?@O??A_?O?K?????????????ACA?????CGAAG????O_A????OGGI????G????G??a???C???E??????????@`_G?G??O??E??_???D??????????_CC???????EO????@CQ?????AG?OA_??O?O??A?@???AG`A???G???W??O??@?DA??O??O?_???CA?C?A???@?O??W???O??O???????B@O??G???O?GCO??O?A??@__????OO?OA?G??G???W???DC???AG?G?_?A?@??G?A??C?CO_??A?C????S??????aA??,[(47-61)-(45-46)-(44-63)-(43-62)-(42-58)-(41-66)-(40-59)-(37-55)-(31-60)-(30-51)-(29-67)-(28-57)-(27-56)-(26-50)-(25-52)-(24-39)-(21-22)-(20-23)-(19-64)-(16-54)-(15-38)-(14-32)-(13-18)-(12-53)-(11-35)-(10-65)-(9-48)-(8-34)-(7-69)-(5-68)-(4-6)-(3-49)-(2-36)-(1-33)-(0-17)],0.00036072731018066406,0.004631996154785156,0,True,0
~?@E??CO??????OC???OO?????A??A?A????CG???PA@O?_?HCG?O???_?O?_OA????G??_?????__?Q??___????a?COoO???@?@O??A_?O?K?????????????ACA?????CGAAG????O_A????OGGI????G????G??a???C???E??????????@`_G?G??O??E??_???D??????????_CC???????EO????@CQ?????AG?OA_??O?O??A?@???AG`A???G???W??O??@?DA??O??O?_???CA?C?A???@?O??W???O??O???????B@O??G???O?GCO??O?A??@__????OO?OA?G??G???W???DC???AG?G?_?A?@??G?A??C?CO_??A?C????S??????aA??,[(47-61)-(45-46)-(44-63)-(43-62)-(42-58)-(41-66)-(40-59)-(37-55)-(31-60)-(30-51)-(29-67)-(28-57)-(27-56)-(26-50)-(25-52)-(24-39)-(21-22)-(20-23)-(19-64)-(16-54)-(15-38)-(14-32)-(13-18)-(12-53)-(11-35)-(10-65)-(9-48)-(8-34)-(7-69)-(5-68)-(4-6)-(3-49)-(2-36)-(1-33)-(0-17)],0.0003573894500732422,0.009242057800292969,1,True,1
~?@E??CO??????OC???OO?????A??A?A????CG???PA@O?_?HCG?O???_?O?_OA????G??_?????__?Q??___????a?COoO???@?@O??A_?O?K?????????????ACA?????CGAAG????O_A????OGGI????G????G??a???C???E??????????@`_G?G??O??E??_???D??????????_CC???????EO????@CQ?????AG?OA_??O?O??A?@???AG`A???G???W??O??@?DA??O??O?_???CA?C?A???@?O??W???O??O???????B@O??G???O?GCO??O?A??@__????OO?OA?G??G???W???DC???AG?G?_?A?@??G?A??C?CO_??A?C????S??????aA??,[(50-62)-(47-61)-(45-63)-(44-46)-(43-67)-(42-58)-(41-66)-(40-59)-(37-55)-(31-60)-(30-51)-(28-57)-(27-56)-(26-29)-(25-52)-(24-39)-(21-22)-(20-23)-(19-64)-(16-54)-(15-38)-(14-32)-(13-18)-(12-53)-(11-35)-(10-65)-(9-48)-(8-34)-(7-69)-(5-68)-(4-6)-(3-49)-(2-36)-(1-33)-(0-17)],0.0003681182861328125,0.009503602981567383,1,True,1
~?@E??CO??????OC???OO?????A??A?A????CG???PA@O?_?HCG?O???_?O?_OA????G??_?????__?Q??___????a?COoO???@?@O??A_?O?K?????????????ACA?????CGAAG????O_A????OGGI????G????G??a???C???E??????????@`_G?G??O??E??_???D??????????_CC???????EO????@CQ?????AG?OA_??O?O??A?@???AG`A???G???W??O??@?DA??O??O?_???CA?C?A???@?O??W???O??O???????B@O??G???O?GCO??O?A??@__????OO?OA?G??G???W???DC???AG?G?_?A?@??G?A??C?CO_??A?C????S??????aA??,[(50-62)-(47-61)-(45-63)-(44-46)-(43-67)-(42-58)-(41-66)-(40-59)-(37-55)-(31-60)-(30-51)-(28-57)-(27-56)-(26-29)-(25-52)-(24-39)-(21-22)-(20-23)-(19-64)-(16-54)-(15-38)-(14-32)-(13-18)-(12-53)-(11-35)-(10-65)-(9-48)-(8-34)-(7-69)-(5-68)-(4-6)-(3-49)-(2-36)-(1-33)-(0-17)],0.0003657341003417969,0.009279727935791016,1,True,1
~?@E??CO??????OC???OO?????A??A?A????CG???PA@O?_?HCG?O???_?O?_OA????G??_?????__?Q??___????a?COoO???@?@O??A_?O?K?????????????ACA?????CGAAG????O_A????OGGI????G????G??a???C???E??????????@`_G?G??O??E??_???D??????????_CC???????EO????@CQ?????AG?OA_??O?O??A?@???AG`A???G???W??O??@?DA??O??O?_???CA?C?A???@?O??W???O??O???????B@O??G???O?GCO??O?A??@__????OO?OA?G??G???W???DC???AG?G?_?A?@??G?A??C?CO_??A?C????S??????aA??,[(50-62)-(47-61)-(45-46)-(44-63)-(43-67)-(42-58)-(41-66)-(40-59)-(37-55)-(31-60)-(30-51)-(28-57)-(27-56)-(26-29)-(25-52)-(24-39)-(21-22)-(20-23)-(19-64)-(16-54)-(15-38)-(14-32)-(13-18)-(12-53)-(11-35)-(10-65)-(9-48)-(8-34)-(7-69)-(5-68)-(4-6)-(3-49)-(2-36)-(1-33)-(0-17)],0.00035858154296875,0.01515507698059082,2,True,2
~?@E??CO??????OC???OO?????A??A?A????CG???PA@O?_?HCG?O???_?O?_OA????G??_?????__?Q??___????a?COoO???@?@O??A_?O?K?????????????ACA?????CGAAG????O_A????OGGI????G????G??a???C???E??????????@`_G?G??O??E??_???D??????????_CC???????EO????@CQ?????AG?OA_??O?O??A?@???AG`A???G???W??O??@?DA??O??O?_???CA?C?A???@?O??W???O??O???????B@O??G???O?GCO??O?A??@__????OO?OA?G??G???W???DC???AG?G?_?A?@??G?A??C?CO_??A?C????S??????aA??,[(50-62)-(47-61)-(45-46)-(44-63)-(43-67)-(42-58)-(41-66)-(40-59)-(37-55)-(31-60)-(30-51)-(28-57)-(27-56)-(26-29)-(25-52)-(24-39)-(21-22)-(20-23)-(19-64)-(16-54)-(15-38)-(14-32)-(13-18)-(12-53)-(11-35)-(10-65)-(9-48)-(8-34)-(7-69)-(5-68)-(4-6)-(3-49)-(2-36)-(1-33)-(0-17)],0.0003638267517089844,0.009270191192626953,1,True,1
~?@E??CO??????OC???OO?????A??A?A????CG???PA@O?_?HCG?O???_?O?_OA????G??_?????__?Q??___????a?COoO???@?@O??A_?O?K?????????????ACA?????CGAAG????O_A????OGGI????G????G??a???C???E??????????@`_G?G??O??E??_???D??????????_CC???????EO????@CQ?????AG?OA_??O?O??A?@???AG`A???G???W??O??@?DA??O??O?_???CA?C?A???@?O??W???O??O???????B@O??G???O?GCO??O?A??@__????OO?OA?G??G???W???DC???AG?G?_?A?@??G?A??C?CO_??A?C????S??????aA??,[(47-61)-(45-63)-(44-46)-(43-62)-(42-58)-(41-66)-(40-59)-(37-64)-(31-60)-(30-51)-(29-67)-(28-57)-(27-56)-(26-50)-(25-52)-(24-39)-(21-22)-(20-23)-(19-55)-(16-54)-(15-38)-(14-32)-(13-18)-(12-53)-(11-35)-(10-65)-(9-48)-(8-34)-(7-69)-(5-68)-(4-6)-(3-49)-(2-36)-(1-33)-(0-17)],0.000408172607421875,0.005621194839477539,0,True,0
~?@E??CO??????OC???OO?????A??A?A????CG???PA@O?_?HCG?O???_?O?_OA????G??_?????__?Q??___????a?COoO???@?@O??A_?O?K?????????????ACA?????CGAAG????O_A????OGGI????G????G??a???C???E??????????@`_G?G??O??E??_???D??????????_CC???????EO????@CQ?????AG?OA_??O?O??A?@???AG`A???G???W??O??@?DA??O??O?_???CA?C?A???@?O??W???O??O???????B@O??G???O?GCO??O?A??@__????OO?OA?G??G???W???DC???AG?G?_?A?@??G?A??C?CO_??A?C????S??????aA??,[(47-61)-(45-63)-(44-46)-(43-62)-(42-58)-(41-66)-(40-59)-(37-64)-(31-60)-(30-51)-(29-67)-(28-57)-(27-56)-(26-50)-(25-52)-(24-39)-(21-22)-(20-23)-(19-55)-(16-54)-(15-38)-(14-32)-(13-18)-(12-53)-(11-35)-(10-65)-(9-48)-(8-34)-(7-69)-(5-68)-(4-6)-(3-49)-(2-36)-(1-33)-(0-17)],0.0005018711090087891,0.005935192108154297,0,True,0
~?@E??CO??????OC???OO?????A??A?A????CG???PA@O?_?HCG?O???_?O?_OA????G??_?????__?Q??___????a?COoO???@?@O??A_?O?K?????????????ACA?????CGAAG????O_A????OGGI????G????G??a???C???E??????????@`_G?G??O??E??_???D??????????_CC???????EO????@CQ?????AG?OA_??O?O??A?@???AG`A???G???W??O??@?DA??O??O?_???CA?C?A???@?O??W???O??O???????B@O??G???O?GCO??O?A??@__????OO?OA?G??G???W???DC???AG?G?_?A?@??G?A??C?CO_??A?C????S??????aA??,[(47-61)-(45-46)-(44-63)-(43-62)-(42-58)-(41-66)-(40-59)-(37-64)-(31-60)-(30-51)-(29-67)-(28-57)-(27-56)-(26-50)-(25-52)-(24-39)-(21-22)-(20-23)-(19-55)-(16-54)-(15-38)-(14-32)-(13-18)-(12-53)-(11-35)-(10-65)-(9-48)-(8-34)-(7-69)-(5-68)-(4-6)-(3-49)-(2-36)-(1-33)-(0-17)],0.0003695487976074219,0.004305601119995117,0,True,0
~?@E??CO??????OC???OO?????A??A?A????CG???PA@O?_?HCG?O???_?O?_OA????G??_?????__?Q??___????a?COoO???@?@O??A_?O?K?????????????ACA?????CGAAG????O_A????OGGI????G????G??a???C???E??????????@`_G?G??O??E??_???D??????????_CC???????EO????@CQ?????AG?OA_??O?O??A?@???AG`A???G???W??O??@?DA??O??O?_???CA?C?A???@?O??W???O??O???????B@O??G???O?GCO??O?A??@__????OO?OA?G??G???W???DC???AG?G?_?A?@??G?A??C?CO_??A?C????S??????aA??,[(47-61)-(45-46)-(44-63)-(43-62)-(42-58)-(41-66)-(40-59)-(37-64)-(31-60)-(30-51)-(29-67)-(28-57)-(27-56)-(26-50)-(25-52)-(24-39)-(21-22)-(20-23)-(19-55)-(16-54)-(15-38)-(14-32)-(13-18)-(12-53)-(11-35)-(10-65)-(9-48)-(8-34)-(7-69)-(5-68)-(4-6)-(3-49)-(2-36)-(1-33)-(0-17)],0.0003628730773925781,0.004297971725463867,0,True,0
~?@E??CO??????OC???OO?????A??A?A????CG???PA@O?_?HCG?O???_?O?_OA????G??_?????__?Q??___????a?COoO???@?@O??A_?O?K?????????????ACA?????CGAAG????O_A????OGGI????G????G??a???C???E??????????@`_G?G??O??E??_???D??????????_CC???????EO????@CQ?????AG?OA_??O?O??A?@???AG`A???G???W??O??@?DA??O??O?_???CA?C?A???@?O??W???O??O???????B@O??G???O?GCO??O?A??@__????OO?OA?G??G???W???DC???AG?G?_?A?@??G?A??C?CO_??A?C????S??????aA??,[(50-62)-(47-61)-(45-63)-(44-46)-(43-67)-(42-58)-(41-66)-(40-59)-(37-64)-(31-60)-(30-51)-(28-57)-(27-56)-(26-29)-(25-52)-(24-39)-(21-22)-(20-23)-(19-55)-(16-54)-(15-38)-(14-32)-(13-18)-(12-53)-(11-35)-(10-65)-(9-48)-(8-34)-(7-69)-(5-68)-(4-6)-(3-49)-(2-36)-(1-33)-(0-17)],0.0003573894500732422,0.009178876876831055,1,True,1
~?@E??CO??????OC???OO?????A??A?A????CG???PA@O?_?HCG?O???_?O?_OA????G??_?????__?Q??___????a?COoO???@?@O??A_?O?K?????????????ACA?????CGAAG????O_A????OGGI????G????G??a???C???E??????????@`_G?G??O??E??_???D??????????_CC???????EO????@CQ?????AG?OA_??O?O??A?@???AG`A???G???W??O??@?DA??O??O?_???CA?C?A???@?O??W???O??O???????B@O??G???O?GCO??O?A??@__????OO?OA?G??G???W???DC???AG?G?_?A?@??G?A??C?CO_??A?C????S??????aA??,[(50-62)-(47-61)-(45-63)-(44-46)-(43-67)-(42-58)-(41-66)-(40-59)-(37-64)-(31-60)-(30-51)-(28-57)-(27-56)-(26-29)-(25-52)-(24-39)-(21-22)-(20-23)-(19-55)-(16-54)-(15-38)-(14-32)-(13-18)-(12-53)-(11-35)-(10-65)-(9-48)-(8-34)-(7-69)-(5-68)-(4-6)-(3-49)-(2-36)-(1-33)-(0-17)],0.0003619194030761719,0.009164810180664062,1,True,1
~?@E??CO??????OC???OO?????A??A?A????CG???PA@O?_?HCG?O???_?O?_OA????G??_?????__?Q??___????a?COoO???@?@O??A_?O?K?????????????ACA?????CGAAG????O_A????OGGI????G????G??a???C???E??????????@`_G?G??O??E??_???D??????????_CC???????EO????@CQ?????AG?OA_??O?O??A?@???AG`A???G???W??O??@?DA??O??O?_???CA?C?A???@?O??W???O??O???????B@O??G???O?GCO??O?A??@__????OO?OA?G??G???W???DC???AG?G?_?A?@??G?A??C?CO_??A?C????S??????aA??,[(50-62)-(47-61)-(45-46)-(44-63)-(43-67)-(42-58)-(41-66)-(40-59)-(37-64)-(31-60)-(30-51)-(28-57)-(27-56)-(26-29)-(25-52)-(24-39)-(21-22)-(20-23)-(19-55)-(16-54)-(15-38)-(14-32)-(13-18)-(12-53)-(11-35)-(10-65)-(9-48)-(8-34)-(7-69)-(5-68)-(4-6)-(3-49)-(2-36)-(1-33)-(0-17)],0.0003559589385986328,0.004267692565917969,0,True,0
~?@E??CO??????OC???OO?????A??A?A????CG???PA@O?_?HCG?O???_?O?_OA????G??_?????__?Q??___????a?COoO???@?@O??A_?O?K?????????????ACA?????CGAAG????O_A????OGGI????G????G??a???C???E??????????@`_G?G??O??E??_???D??????????_CC???????EO????@CQ?????AG?OA_??O?O??A?@???AG`A???G???W??O??@?DA??O??O?_???CA?C?A???@?O??W???O??O???????B@O??G???O?GCO??O?A??@__????OO?OA?G??G???W???DC???AG?G?_?A?@??G?A??C?CO_??A?C????S??????aA??,[(50-62)-(47-61)-(45-46)-(44-63)-(43-67)-(42-58)-(41-66)-(40-59)-(37-64)-(31-60)-(30-51)-(28-57)-(27-56)-(26-29)-(25-52)-(24-39)-(21-22)-(20-23)-(19-55)-(16-54)-(15-38)-(14-32)-(13-18)-(12-53)-(11-35)-(10-65)-(9-48)-(8-34)-(7-69)-(5-68)-(4-6)-(3-49)-(2-36)-(1-33)-(0-17)],0.0003561973571777344,0.03642535209655762,3,True,3
~?@E??CO??????OC???OO?????A??A?A????CG???PA@O?_?HCG?O???_?O?_OA????G??_?????__?Q??___????a?COoO???@?@O??A_?O?K?????????????ACA?????CGAAG????O_A????OGGI????G????G??a???C???E??????????@`_G?G??O??E??_???D??????????_CC???????EO????@CQ?????AG?OA_??O?O??A?@???AG`A???G???W??O??@?DA??O??O?_???CA?C?A???@?O??W???O??O???????B@O??G???O?GCO??O?A??@__????OO?OA?G??G???W???DC???AG?G?_?A?@??G?A??C?CO_??A?C????S??????aA??,[(60-67)-(50-62)-(47-61)-(45-63)-(44-46)-(43-57)-(42-58)-(41-66)-(40-59)-(37-55)-(31-51)-(28-52)-(27-56)-(26-29)-(25-64)-(24-39)-(21-22)-(20-23)-(19-30)-(16-54)-(15-38)-(14-32)-(13-18)-(12-53)-(11-35)-(10-65)-(9-48)-(8-34)-(7-69)-(5-68)-(4-6)-(3-49)-(2-36)-(1-33)-(0-17)],0.00036787986755371094,0.021937131881713867,3,True,3
~?@E??CO??????OC???OO?????A??A?A????CG???PA@O?_?HCG?O???_?O?_OA????G??_?????__?Q??___????a?COoO???@?@O??A_?O?K?????????????ACA?????CGAAG????O_A????OGGI????G????G??a???C???E??????????@`_G?G??O??E??_???D??????????_CC???????EO????@CQ?????AG?OA_??O?O??A?@???AG`A???G???W??O??@?DA??O??O?_???CA?C?A???@?O??W???O??O???????B@O??G???O?GCO??O?A??@__????OO?OA?G??G???W???DC???AG?G?_?A?@??G?A??C?CO_??A?C????S??????aA??,[(60-67)-(50-62)-(47-61)-(45-63)-(44-46)-(43-57)-(42-58)-(41-66)-(40-59)-(37-55)-(31-51)-(28-52)-(27-56)-(26-29)-(25-64)-(24-39)-(21-22)-(20-23)-(19-30)-(16-54)-(15-38)-(14-32)-(13-18)-(12-53)-(11-35)-(10-65)-(9-48)-(8-34)-(7-69)-(5-68)-(4-6)-(3-49)-(2-36)-(1-33)-(0-17)],0.0003559589385986328,0.009240865707397461,1,True,1
~?@E??CO??????OC???OO?????A??A?A????CG???PA@O?_?HCG?O???_?O?_OA????G??_?????__?Q??___????a?COoO???@?@O??A_?O?K?????????????ACA?????CGAAG????O_A????OGGI????G????G??a???C???E??????????@`_G?G??O??E??_???D??????????_CC???????EO????@CQ?????AG?OA_??O?O??A?@???AG`A???G???W??O??@?DA??O??O?_???CA?C?A???@?O??W???O??O???????B@O??G???O?GCO??O?A??@__????OO?OA?G??G???W???DC???AG?G?_?A?@??G?A??C?CO_??A?C????S??????aA??,[(60-67)-(50-62)-(47-61)-(45-46)-(44-63)-(43-57)-(42-58)-(41-66)-(40-59)-(37-55)-(31-51)-(28-52)-(27-56)-(26-29)-(25-64)-(24-39)-(21-22)-(20-23)-(19-30)-(16-54)-(15-38)-(14-32)-(13-18)-(12-53)-(11-35)-(10-65)-(9-48)-(8-34)-(7-69)-(5-68)-(4-6)-(3-49)-(2-36)-(1-33)-(0-17)],0.0003459453582763672,0.02166581153869629,3,True,3
~?@E??CO??????OC???OO?????A??A?A????CG???PA@O?_?HCG?O???_?O?_OA????G??_?????__?Q??___????a?COoO???@?@O??A_?O?K?????????????ACA?????CGAAG????O_A????OGGI????G????G??a???C???E??????????@`_G?G??O??E??_???D??????????_CC???????EO????@CQ?????AG?OA_??O?O??A?@???AG`A???G???W??O??@?DA??O??O?_???CA?C?A???@?O??W???O??O???????B@O??G???O?GCO??O?A??@__????OO?OA?G??G???W???DC???AG?G?_?A?@??G?A??C?CO_??A?C????S??????aA??,[(60-67)-(50-62)-(47-61)-(45-46)-(44-63)-(43-57)-(42-58)-(41-66)-(40-59)-(37-55)-(31-51)-(28-52)-(27-56)-(26-29)-(25-64)-(24-39)-(21-22)-(20-23)-(19-30)-(16-54)-(15-38)-(14-32)-(13-18)-(12-53)-(11-35)-(10-65)-(9-48)-(8-34)-(7-69)-(5-68)-(4-6)-(3-49)-(2-36)-(1-33)-(0-17)],0.0003612041473388672,0.009255647659301758,1,True,1
~?@E??????C?_C???@???O_A_???G?G?@G?@A????G?C????_?????A?C?I?H??`?C????g????C?B??CCOAO??DG?A???CO?GA_?????@G???C???????OAAC??C?_??@@A?C?G@@?????Q?O@?CP?????O?G?GQ???????E?O????GGO??_OW???p?G????O?@__?????A?`?@???????UBC???????o?O???_???__A??????O?@????????QG???O???OG???????A???C?k???__???_?a???g??????_???A?@a??`@??????G??O??????gOG???_?@?@G?_?_???P??A??G??O?o???G???C@?A_C@????_O?@???OC??A?AA?????C?@G??GO?,[(61-62)-(56-57)-(50-63)-(47-49)-(42-44)-(38-45)-(36-68)-(34-46)-(31-59)-(29-43)-(28-37)-(27-58)-(26-54)-(24-30)-(23-40)-(22-55)-(21-69)-(20-39)-(19-35)-(18-41)-(15-33)-(14-53)-(13-52)-(12-60)-(11-66)-(10-17)-(8-67)-(7-48)-(6-65)-(5-32)-(4-25)-(3-9)-(2-64)-(1-51)-(0-16)],0.0003783702850341797,0.009684562683105469,1,True,1
~?@E??????C?_C???@???O_A_???G?G?@G?@A????G?C????_?????A?C?I?H??`?C????g????C?B??CCOAO??DG?A???CO?GA_?????@G???C???????OAAC??C?_??@@A?C?G@@?????Q?O@?CP?????O?G?GQ???????E?O????GGO??_OW???p?G????O?@__?????A?`?@???????UBC???????o?O???_???__A??????O?@????????QG???O???OG???????A???C?k???__???_?a???g??????_???A?@a??`@??????G??O??????gOG???_?@?@G?_?_???P??A??G??O?o???G???C@?A_C@????_O?@???OC??A?AA?????C?@G??GO?,[(61-62)-(56-57)-(50-63)-(47-49)-(42-44)-(38-45)-(36-68)-(34-46)-(31-59)-(29-43)-(28-37)-(27-58)-(26-54)-(24-30)-(23-40)-(22-55)-(21-69)-(20-39)-(19-35)-(18-41)-(15-33)-(14-53)-(13-52)-(12-60)-(11-66)-(10-17)-(8-67)-(7-48)-(6-65)-(5-32)-(4-25)-(3-9)-(2-64)-(1-51)-(0-16)],0.00035691261291503906,0.021898984909057617,3,True,3
~?@E??????C?_C???@???O_A_???G?G?@G?@A????G?C????_?????A?C?I?H??`?C????g????C?B??CCOAO??DG?A???CO?GA_?????@G???C???????OAAC??C?_??@@A?C?G@@?????Q?O@?CP?????O?G?GQ???????E?O????GGO??_OW???p?G????O?@__?????A?`?@???????UBC???????o?O???_???__A??????O?@????????QG???O???OG???????A???C?k???__???_?a???g??????_???A?@a??`@??????G??O??????gOG???_?@?@G?_?_???P??A??G??O?o???G???C@?A_C@????_O?@???OC??A?AA?????C?@G??GO?,[(61-62)-(50-63)-(47-49)-(45-57)-(42-44)-(37-43)-(36-68)-(34-46)-(31-59)-(29-38)-(28-56)-(27-58)-(26-54)-(24-30)-(23-40)-(22-55)-(21-69)-(20-39)-(19-35)-(18-41)-(15-33)-(14-53)-(13-52)-(12-60)-(11-66)-(10-17)-(8-67)-(7-48)-(6-65)-(5-32)-(4-25)-(3-9)-(2-64)-(1-51)-(0-16)],0.0003712177276611328,0.029812335968017578,4,True,4
~?@E??????C?_C???@???O_A_???G?G?@G?@A????G?C????_?????A?C?I?H??`?C????g????C?B??CCOAO??DG?A???CO?GA_?????@G???C???????OAAC??C?_??@@A?C?G@@?????Q?O@?CP?????O?G?GQ???????E?O????GGO??_OW???p?G????O?@__?????A?`?@???????UBC???????o?O???_???__A??????O?@????????QG???O???OG???????A???C?k???__???_?a???g??????_???A?@a??`@??????G??O??????gOG???_?@?@G?_?_???P??A??G??O?o???G???C@?A_C@????_O?@???OC??A?AA?????C?@G??GO?,[(61-62)-(50-63)-(47-49)-(45-57)-(42-44)-(37-43)-(36-68)-(34-46)-(31-59)-(29-38)-(28-56)-(27-58)-(26-54)-(24-30)-(23-40)-(22-55)-(21-69)-(20-39)-(19-35)-(18-41)-(15-33)-(14-53)-(13-52)-(12-60)-(11-66)-(10-17)-(8-67)-(7-48)-(6-65)-(5-32)-(4-25)-(3-9)-(2-64)-(1-51)-(0-16)],0.00035643577575683594,0.029511690139770508,4,True,4
~?@E??????C?_C???@???O_A_???G?G?@G?@A????G?C????_?????A?C?I?H??`?C????g????C?B??CCOAO??DG?A???CO?GA_?????@G???C???????OAAC??C?_??@@A?C?G@@?????Q?O@?CP?????O?G?GQ???????E?O????GGO??_OW???p?G????O?@__?????A?`?@???????UBC???????o?O???_???__A??????O?@????????QG???O???OG???????A???C?k???__???_?a???g??????_???A?@a??`@??????G??O??????gOG???_?@?@G?_?_???P??A??G??O?o???G???C@?A_C@????_O?@???OC??A?AA?????C?@G??GO?,[(61-62)-(56-57)-(50-63)-(47-49)-(42-44)-(38-45)-(36-68)-(34-37)-(31-59)-(29-43)-(28-46)-(27-58)-(26-54)-(24-30)-(23-40)-(22-55)-(21-69)-(20-39)-(19-35)-(18-41)-(15-33)-(14-53)-(13-52)-(12-60)-(11-66)-(10-17)-(8-67)-(7-48)-(6-65)-(5-32)-(4-25)-(3-9)-(2-64)-(1-51)-(0-16)],0.00037097930908203125,0.015796899795532227,2,True,2
~?@E??????C?_C???@???O_A_???G?G?@G?@A????G?C????_?????A?C?I?H??`?C????g????C?B??CCOAO??DG?A???CO?GA_?????@G???C???????OAAC??C?_??@@A?C?G@@?????Q?O@?CP?????O?G?GQ???????E?O????GGO??_OW???p?G????O?@__?????A?`?@???????UBC???????o?O???_???__A??????O?@????????QG???O???OG???????A???C?k???__???_?a???g??????_???A?@a??`@??????G??O??????gOG???_?@?@G?_?_???P??A??G??O?o???G???C@?A_C@????_O?@???OC??A?AA?????C?@G??GO?,[(61-62)-(56-57)-(50-63)-(47-49)-(42-44)-(38-45)-(36-68)-(34-37)-(31-59)-(29-43)-(28-46)-(27-58)-(26-54)-(24-30)-(23-40)-(22-55)-(21-69)-(20-39)-(19-35)-(18-41)-(15-33)-(14-53)-(13-52)-(12-60)-(11-66)-(10-17)-(8-67)-(7-48)-(6-65)-(5-32)-(4-25)-(3-9)-(2-64)-(1-51)-(0-16)],0.0003497600555419922,0.035521745681762695,5,True,5
~?@E??????C?_C???@???O_A_???G?G?@G?@A????G?C????_?????A?C?I?H??`?C????g????C?B??CCOAO??DG?A???CO?GA_?????@G???C???????OAAC??C?_??@@A?C?G@@?????Q?O@?CP?????O?G?GQ???????E?O????GGO??_OW???p?G????O?@__?????A?`?@???????UBC???????o?O???_???__A??????O?@????????QG???O???OG???????A???C?k???__???_?a???g??????_???A?@a??`@??????G??O??????gOG???_?@?@G?_?_???P??A??G??O?o???G???C@?A_C@????_O?@???OC??A?AA?????C?@G??GO?,[(61-62)-(50-63)-(47-49)-(42-44)-(38-45)-(37-43)-(36-68)-(34-46)-(31-59)-(29-55)-(28-56)-(27-58)-(26-54)-(24-30)-(23-40)-(22-57)-(21-69)-(20-39)-(19-35)-(18-41)-(15-33)-(14-53)-(13-52)-(12-60)-(11-66)-(10-17)-(8-67)-(7-48)-(6-65)-(5-32)-(4-25)-(3-9)-(2-64)-(1-51)-(0-16)],0.00037741661071777344,0.03823494911193848,5,True,5
~?@E??????C?_C???@???O_A_???G?G?@G?@A????G?C????_?????A?C?I?H??`?C????g????C?B??CCOAO??DG?A???CO?GA_?????@G???C???????OAAC??C?_??@@A?C?G@@?????Q?O@?CP?????O?G?GQ???????E?O????GGO??_OW???p?G????O?@__?????A?`?@???????UBC???????o?O???_???__A??????O?@????????QG???O???OG???????A???C?k???__???_?a???g??????_???A?@a??`@??????G??O??????gOG???_?@?@G?_?_???P??A??G??O?o???G???C@?A_C@????_O?@???OC??A?AA?????C?@G??GO?,[(61-62)-(50-63)-(47-49)-(42-44)-(38-45)-(37-43)-(36-68)-(34-46)-(31-59)-(29-55)-(28-56)-(27-58)-(26-54)-(24-30)-(23-40)-(22-57)-(21-69)-(20-39)-(19-35)-(18-41)-(15-33)-(14-53)-(13-52)-(12-60)-(11-66)-(10-17)-(8-67)-(7-48)-(6-65)-(5-32)-(4-25)-(3-9)-(2-64)-(1-51)-(0-16)],0.00038695335388183594,0.021964550018310547,3,True,3
~?@E??????C?_C???@???O_A_???G?G?@G?@A????G?C????_?????A?C?I?H??`?C????g????C?B??CCOAO??DG?A???CO?GA_?????@G???C???????OAAC??C?_??@@A?C?G@@?????Q?O@?CP?????O?G?GQ???????E?O????GGO??_OW???p?G????O?@__?????A?`?@???????UBC???????o?O???_???__A??????O?@????????QG???O???OG???????A???C?k???__???_?a???g??????_???A?@a??`@??????G??O??????gOG???_?@?@G?_?_???P??A??G??O?o???G???C@?A_C@????_O?@???OC??A?AA?????C?@G??GO?,[(61-62)-(50-63)-(47-49)-(45-57)-(42-44)-(38-69)-(36-68)-(34-46)-(31-59)-(29-43)-(28-37)-(27-58)-(26-54)-(24-30)-(23-40)-(22-55)-(21-56)-(20-39)-(19-35)-(18-41)-(15-33)-(14-53)-(13-52)-(12-60)-(11-66)-(10-17)-(8-67)-(7-48)-(6-65)-(5-32)-(4-25)-(3-9)-(2-64)-(1-51)-(0-16)],0.00034618377685546875,0.02182626724243164,3,True,3
~?@E??????C?_C???@???O_A_???G?G?@G?@A????G?C????_?????A?C?I?H??`?C????g????C?B??CCOAO??DG?A???CO?GA_?????@G???C???????OAAC??C?_??@@A?C?G@@?????Q?O@?CP?????O?G?GQ???????E?O????GGO??_OW???p?G????O?@__?????A?`?@???????UBC???????o?O???_???__A??????O?@????????QG???O???OG???????A???C?k???__???_?a???g??????_???A?@a??`@??????G??O??????gOG???_?@?@G?_?_???P??A??G??O?o???G???C@?A_C@????_O?@???OC??A?AA?????C?@G??GO?,[(61-62)-(50-63)-(47-49)-(45-57)-(42-44)-(38-69)-(36-68)-(34-46)-(31-59)-(29-43)-(28-37)-(27-58)-(26-54)-(24-30)-(23-40)-(22-55)-(21-56)-(20-39)-(19-35)-(18-41)-(15-33)-(14-53)-(13-52)-(12-60)-(11-66)-(10-17)-(8-67)-(7-48)-(6-65)-(5-32)-(4-25)-(3-9)-(2-64)-(1-51)-(0-16)],0.0003476142883300781,0.14380121231079102,7,True,7
~?@E??????C?_C???@???O_A_???G?G?@G?@A????G?C????_?????A?C?I?H??`?C????g????C?B??CCOAO??DG?A???CO?GA_?????@G???C???????OAAC??C?_??@@A?C?G@@?????Q?O@?CP?????O?G?GQ???????E?O????GGO??_OW???p?G????O?@__?????A?`?@???????UBC???????o?O???_???__A??????O?@????????QG???O???OG???????A???C?k???__???_?a???g??????_???A?@a??`@??????G??O??????gOG???_?@?@G?_?_???P??A??G??O?o???G???C@?A_C@????_O?@???OC??A?AA?????C?@G??GO?,[(61-62)-(50-63)-(47-49)-(45-57)-(42-44)-(38-69)-(36-68)-(34-37)-(31-59)-(29-43)-(28-46)-(27-58)-(26-54)-(24-30)-(23-40)-(22-55)-(21-56)-(20-39)-(19-35)-(18-41)-(15-33)-(14-53)-(13-52)-(12-60)-(11-66)-(10-17)-(8-67)-(7-48)-(6-65)-(5-32)-(4-25)-(3-9)-(2-64)-(1-51)-(0-16)],0.0003693103790283203,0.029693126678466797,4,True,4
~?@E??????C?_C???@???O_A_???G?G?@G?@A????G?C????_?????A?C?I?H??`?C????g????C?B??CCOAO??DG?A???CO?GA_?????@G???C???????OAAC??C?_??@@A?C?G@@?????Q?O@?CP?????O?G?GQ???????E?O????GGO??_OW???p?G????O?@__?????A?`?@???????UBC???????o?O???_???__A??????O?@????????QG???O???OG???????A???C?k???__???_?a???g??????_???A?@a??`@??????G??O??????gOG???_?@?@G?_?_???P??A??G??O?o???G???C@?A_C@????_O?@???OC??A?AA?????C?@G??GO?,[(61-62)-(50-63)-(47-49)-(45-57)-(42-44)-(38-69)-(36-68)-(34-37)-(31-59)-(29-43)-(28-46)-(27-58)-(26-54)-(24-30)-(23-40)-(22-55)-(21-56)-(20-39)-(19-35)-(18-41)-(15-33)-(14-53)-(13-52)-(12-60)-(11-66)-(10-17)-(8-67)-(7-48)-(6-65)-(5-32)-(4-25)-(3-9)-(2-64)-(1-51)-(0-16)],0.0003979206085205078,0.021755218505859375,3,True,3
~?@E??????C?_C???@???O_A_???G?G?@G?@A????G?C????_?????A?C?I?H??`?C????g????C?B??CCOAO??DG?A???CO?GA_?????@G???C???????OAAC??C?_??@@A?C?G@@?????Q?O@?CP?????O?G?GQ???????E?O????GGO??_OW???p?G????O?@__?????A?`?@???????UBC???????o?O???_???__A??????O?@????????QG???O???OG???????A???C?k???__???_?a???g??????_???A?@a??`@??????G??O??????gOG???_?@?@G?_?_???P??A??G??O?o???G???C@?A_C@????_O?@???OC??A?AA?????C?@G??GO?,[(62-63)-(61-69)-(56-57)-(47-49)-(44-45)-(42-50)-(36-68)-(34-43)-(31-59)-(29-38)-(28-37)-(27-58)-(26-54)-(24-30)-(23-40)-(22-55)-(21-46)-(20-39)-(19-35)-(18-41)-(15-33)-(14-53)-(13-52)-(12-60)-(11-66)-(10-17)-(8-67)-(7-48)-(6-65)-(5-32)-(4-25)-(3-9)-(2-64)-(1-51)-(0-16)],0.00036907196044921875,0.05014300346374512,3,True,3
~?@E??????C?_C???@???O_A_???G?G?@G?@A????G?C????_?????A?C?I?H??`?C????g????C?B??CCOAO??DG?A???CO?GA_?????@G???C???????OAAC??C?_??@@A?C?G@@?????Q?O@?CP?????O?G?GQ???????E?O????GGO??_OW???p?G????O?@__?????A?`?@???????UBC???????o?O???_???__A??????O?@????????QG???O???OG???????A???C?k???__???_?a???g??????_???A?@a??`@??????G??O??????gOG???_?@?@G?_?_???P??A??G??O?o???G???C@?A_C@????_O?@???OC??A?AA?????C?@G??GO?,[(62-63)-(61-69)-(56-57)-(47-49)-(44-45)-(42-50)-(36-68)-(34-43)-(31-59)-(29-38)-(28-37)-(27-58)-(26-54)-(24-30)-(23-40)-(22-55)-(21-46)-(20-39)-(19-35)-(18-41)-(15-33)-(14-53)-(13-52)-(12-60)-(11-66)-(10-17)-(8-67)-(7-48)-(6-65)-(5-32)-(4-25)-(3-9)-(2-64)-(1-51)-(0-16)],0.00035691261291503906,0.015328407287597656,2,True,2
~?@E??????C?_C???@???O_A_???G?G?@G?@A????G?C????_?????A?C?I?H??`?C????g????C?B??CCOAO??DG?A???CO?GA_?????@G???C???????OAAC??C?_??@@A?C?G@@?????Q?O@?CP?????O?G?GQ???????E?O????GGO??_OW???p?G????O?@__?????A?`?@???????UBC???????o?O???_???__A??????O?@????????QG???O???OG???????A???C?k???__???_?a???g??????_???A?@a??`@??????G??O??????gOG???_?@?@G?_?_???P??A??G??O?o???G???C@?A_C@????_O?@???OC??A?AA?????C?@G??GO?,[(62-63)-(61-69)-(56-57)-(47-49)-(45-50)-(42-44)-(36-68)-(34-43)-(31-59)-(29-38)-(28-37)-(27-58)-(26-54)-(24-30)-(23-40)-(22-55)-(21-46)-(20-39)-(19-35)-(18-41)-(15-33)-(14-53)-(13-52)-(12-60)-(11-66)-(10-17)-(8-67)-(7-48)-(6-65)-(5-32)-(4-25)-(3-9)-(2-64)-(1-51)-(0-16)],0.00034928321838378906,0.1098635196685791,12,True,12
~?@E??????C?_C???@???O_A_???G?G?@G?@A????G?C????_?????A?C?I?H??`?C????g????C?B??CCOAO??DG?A???CO?GA_?????@G???C???????OAAC??C?_??@@A?C?G@@?????Q?O@?CP?????O?G?GQ???????E?O????GGO??_OW???p?G????O?@__?????A?`?@???????UBC???????o?O???_???__A??????O?@????????QG???O???OG???????A???C?k???__???_?a???g??????_???A?@a??`@??????G??O??????gOG???_?@?@G?_?_???P??A??G??O?o???G???C@?A_C@????_O?@???OC??A?AA?????C?@G??GO?,[(62-63)-(61-69)-(56-57)-(47-49)-(45-50)-(42-44)-(36-68)-(34-43)-(31-59)-(29-38)-(28-37)-(27-58)-(26-54)-(24-30)-(23-40)-(22-55)-(21-46)-(20-39)-(19-35)-(18-41)-(15-33)-(14-53)-(13-52)-(12-60)-(11-66)-(10-17)-(8-67)-(7-48)-(6-65)-(5-32)-(4-25)-(3-9)-(2-64)-(1-51)-(0-16)],0.0003757476806640625,0.029967308044433594,4,True,4
~?@E??????C?_C???@???O_A_???G?G?@G?@A????G?C????_?????A?C?I?H??`?C????g????C?B??CCOAO??DG?A???CO?GA_?????@G???C???????OAAC??C?_??@@A?C?G@@?????Q?O@?CP?????O?G?GQ???????E?O????GGO??_OW???p?G????O?@__?????A?`?@???????UBC???????o?O???_???__A??????O?@????????QG???O???OG???????A???C?k???__???_?a???g??????_???A?@a??`@??????G??O??????gOG???_?@?@G?_?_???P??A??G??O?o???G???C@?A_C@????_O?@???OC??A?AA?????C?@G??GO?,[(61-62)-(56-69)-(50-63)-(47-49)-(45-57)-(42-44)-(36-68)-(34-43)-(31-59)-(29-38)-(28-37)-(27-58)-(26-54)-(24-30)-(23-40)-(22-55)-(21-46)-(20-39)-(19-35)-(18-41)-(15-33)-(14-53)-(13-52)-(12-60)-(11-66)-(10-17)-(8-67)-(7-48)-(6-65)-(5-32)-(4-25)-(3-9)-(2-64)-(1-51)-(0-16)],0.00040268898010253906,0.021612882614135742,3,True,3
~?@E??????C?_C???@???O_A_???G?G?@G?@A????G?C????_?????A?C?I?H??`?C????g????C?B??CCOAO??DG?A???CO?GA_?????@G???C???????OAAC??C?_??@@A?C?G@@?????Q?O@?CP?????O?G?GQ???????E?O????GGO??_OW???p?G????O?@__?????A?`?@???????UBC???????o?O???_???__A??????O?@????????QG???O???OG???????A???C?k???__???_?a???g??????_???A?@a??`@??????G??O??????gOG???_?@?@G?_?_???P??A??G??O?o???G???C@?A_C@????_O?@???OC??A?AA?????C?@G??GO?,[(61-62)-(56-69)-(50-63)-(47-49)-(45-57)-(42-44)-(36-68)-(34-43)-(31-59)-(29-38)-(28-37)-(27-58)-(26-54)-(24-30)-(23-40)-(22-55)-(21-46)-(20-39)-(19-35)-(18-41)-(15-33)-(14-53)-(13-52)-(12-60)-(11-66)-(10-17)-(8-67)-(7-48)-(6-65)-(5-32)-(4-25)-(3-9)-(2-64)-(1-51)-(0-16)],0.00035572052001953125,0.02176046371459961,3,True,3
~?@E??????C?_C???@???O_A_???G?G?@G?@A????G?C????_?????A?C?I?H??`?C????g????C?B??CCOAO??DG?A???CO?GA_?????@G???C???????OAAC??C?_??@@A?C?G@@?????Q?O@?CP?????O?G?GQ???????E?O????GGO??_OW???p?G????O?@__?????A?`?@???????UBC???????o?O???_???__A??????O?@????????QG???O???OG???????A???C?k???__???_?a???g??????_???A?@a??`@??????G??O??????gOG???_?@?@G?_?_???P??A??G??O?o???G???C@?A_C@????_O?@???OC??A?AA?????C?@G??GO?,[(61-62)-(50-63)-(47-49)-(45-57)-(42-44)-(38-69)-(36-68)-(34-37)-(31-59)-(29-43)-(28-56)-(27-58)-(26-54)-(24-30)-(23-40)-(22-55)-(21-46)-(20-39)-(19-35)-(18-41)-(15-33)-(14-53)-(13-52)-(12-60)-(11-66)-(10-17)-(8-67)-(7-48)-(6-65)-(5-32)-(4-25)-(3-9)-(2-64)-(1-51)-(0-16)],0.0003781318664550781,0.038060665130615234,5,True,5
~?@E??????C?_C???@???O_A_???G?G?@G?@A????G?C????_?????A?C?I?H??`?C????g????C?B??CCOAO??DG?A???CO?GA_?????@G???C???????OAAC??C?_??@@A?C?G@@?????Q?O@?CP?????O?G?GQ???????E?O????GGO??_OW???p?G????O?@__?????A?`?@???????UBC???????o?O???_???__A??????O?@????????QG???O???OG???????A???C?k???__???_?a???g??????_???A?@a??`@??????G??O??????gOG???_?@?@G?_?_???P??A??G??O?o???G???C@?A_C@????_O?@???OC??A?AA?????C?@G??GO?,[(61-62)-(50-63)-(47-49)-(45-57)-(42-44)-(38-69)-(36-68)-(34-37)-(31-59)-(29-43)-(28-56)-(27-58)-(26-54)-(24-30)-(23-40)-(22-55)-(21-46)-(20-39)-(19-35)-(18-41)-(15-33)-(14-53)-(13-52)-(12-60)-(11-66)-(10-17)-(8-67)-(7-48)-(6-65)-(5-32)-(4-25)-(3-9)-(2-64)-(1-51)-(0-16)],0.00039887428283691406,0.02156996726989746,3,True,3
~?@E?a???A???????G_???`?@H?CCq??@?A?GO??B?C?C???C?@C??O??O??????????CG??W?????W??A???@??E??????_?X?A?C?????C??????O??O_?@????A?_A??O????AC??G?A????W?_@O???@?A?_AE???C?C?????D?a?C??G????@?OC??C??C?IG??@CG???G?GG??????@A?OC?O??_??A????@?A?@C??A???cG??_??A??????O?????@??Ch??_??@@?G????AS??@O????_oC@??A???OC???O?_?????_OS????@?W?@?@o???@??O???Q?C??D????Q?C??????A_??B@__?????@@?_?O@????OG??OA??A?????G___C????,[(55-56)-(50-57)-(46-63)-(44-47)-(42-61)-(40-45)-(39-41)-(37-43)-(33-60)-(31-36)-(30-69)-(29-59)-(28-62)-(27-38)-(26-35)-(25-58)-(24-51)-(23-54)-(22-52)-(21-67)-(20-66)-(15-48)-(14-17)-(13-19)-(12-53)-(11-32)-(10-68)-(9-49)-(7-64)-(6-8)-(5-16)-(3-65)-(2-34)-(1-18)-(0-4)],0.0003445148468017578,0.01594686508178711,2,True,2
~?@E?a???A???????G_???`?@H?CCq??@?A?GO??B?C?C???C?@C??O??O??????????CG??W?????W??A???@??E??????_?X?A?C?????C??????O??O_?@????A?_A??O????AC??G?A????W?_@O???@?A?_AE???C?C?????D?a?C??G????@?OC??C??C?IG??@CG???G?GG??????@A?OC?O??_??A????@?A?@C??A???cG??_??A??????O?????@??Ch??_??@@?G????AS??@O????_oC@??A???OC???O?_?????_OS????@?W?@?@o???@??O???Q?C??D????Q?C??????A_??B@__?????@@?_?O@????OG??OA??A?????G___C????,[(55-56)-(50-57)-(46-63)-(44-47)-(42-61)-(40-45)-(39-41)-(37-43)-(33-60)-(31-36)-(30-69)-(29-59)-(28-62)-(27-38)-(26-35)-(25-58)-(24-51)-(23-54)-(22-52)-(21-67)-(20-66)-(15-48)-(14-17)-(13-19)-(12-53)-(11-32)-(10-68)-(9-49)-(7-64)-(6-8)-(5-16)-(3-65)-(2-34)-(1-18)-(0-4)],0.0003802776336669922,0.015624523162841797,2,True,2
~?@E?a???A???????G_???`?@H?CCq??@?A?GO??B?C?C???C?@C??O??O??????????CG??W?????W??A???@??E??????_?X?A?C?????C??????O??O_?@????A?_A??O????AC??G?A????W?_@O???@?A?_AE???C?C?????D?a?C??G????@?OC??C??C?IG??@CG???G?GG??????@A?OC?O??_??A????@?A?@C??A???cG??_??A??????O?????@??Ch??_??@@?G????AS??@O????_oC@??A???OC???O?_?????_OS????@?W?@?@o???@??O???Q?C??D????Q?C??????A_??B@__?????@@?_?O@????OG??OA??A?????G___C????,[(55-56)-(50-57)-(46-63)-(44-47)-(42-61)-(39-41)-(38-40)-(37-43)-(33-60)-(31-36)-(30-69)-(29-59)-(28-62)-(27-45)-(26-35)-(25-58)-(24-51)-(23-54)-(22-52)-(21-67)-(20-66)-(15-48)-(14-17)-(13-19)-(12-53)-(11-32)-(10-68)-(9-49)-(7-64)-(6-8)-(5-16)-(3-65)-(2-34)-(1-18)-(0-4)],0.0004124641418457031,0.004672050476074219,0,True,0
~?@E?a???A???????G_???`?@H?CCq??@?A?GO??B?C?C???C?@C??O??O??????????CG??W?????W??A???@??E??????_?X?A?C?????C??????O??O_?@????A?_A??O????AC??G?A????W?_@O???@?A?_AE???C?C?????D?a?C??G????@?OC??C??C?IG??@CG???G?GG??????@A?OC?O??_??A????@?A?@C??A???cG??_??A??????O?????@??Ch??_??@@?G????AS??@O????_oC@??A???OC???O?_?????_OS????@?W?@?@o???@??O???Q?C??D????Q?C??????A_??B@__?????@@?_?O@????OG??OA??A?????G___C????,[(55-56)-(50-57)-(46-63)-(44-47)-(42-61)-(39-41)-(38-40)-(37-43)-(33-60)-(31-36)-(30-69)-(29-59)-(28-62)-(27-45)-(26-35)-(25-58)-(24-51)-(23-54)-(22-52)-(21-67)-(20-66)-(15-48)-(14-17)-(13-19)-(12-53)-(11-32)-(10-68)-(9-49)-(7-64)-(6-8)-(5-16)-(3-65)-(2-34)-(1-18)-(0-4)],0.00035452842712402344,0.06365680694580078,3,True,4
~?@E?a???A???????G_???`?@H?CCq??@?A?GO??B?C?C???C?@C??O??O??????????CG??W?????W??A???@??E??????_?X?A?C?????C??????O??O_?@????A?_A??O????AC??G?A????W?_@O???@?A?_AE???C?C?????D?a?C??G????@?OC??C??C?IG??@CG???G?GG??????@A?OC?O??_??A????@?A?@C??A???cG??_??A??????O?????@??Ch??_??@@?G????AS??@O????_oC@??A???OC???O?_?????_OS????@?W?@?@o???@??O???Q?C??D????Q?C??????A_??B@__?????@@?_?O@????OG??OA??A?????G___C????,[(55-56)-(50-57)-(46-63)-(44-47)-(42-61)-(39-41)-(38-40)-(36-45)-(35-37)-(33-60)-(30-69)-(29-59)-(28-62)-(27-43)-(26-31)-(25-58)-(24-51)-(23-54)-(22-52)-(21-67)-(20-66)-(15-48)-(14-17)-(13-19)-(12-53)-(11-32)-(10-68)-(9-49)-(7-64)-(6-8)-(5-16)-(3-65)-(2-34)-(1-18)-(0-4)],0.00037288665771484375,0.015485525131225586,2,True,2
~?@E?a???A???????G_???`?@H?CCq??@?A?GO??B?C?C???C?@C??O??O??????????CG??W?????W??A???@??E??????_?X?A?C?????C??????O??O_?@????A?_A??O????AC??G?A????W?_@O???@?A?_AE???C?C?????D?a?C??G????@?OC??C??C?IG??@CG???G?GG??????@A?OC?O??_??A????@?A?@C??A???cG??_??A??????O?????@??Ch??_??@@?G????AS??@O????_oC@??A???OC???O?_?????_OS????@?W?@?@o???@??O???Q?C??D????Q?C??????A_??B@__?????@@?_?O@????OG??OA??A?????G___C????,[(55-56)-(50-57)-(46-63)-(44-47)-(42-61)-(39-41)-(38-40)-(36-45)-(35-37)-(33-60)-(30-69)-(29-59)-(28-62)-(27-43)-(26-31)-(25-58)-(24-51)-(23-54)-(22-52)-(21-67)-(20-66)-(15-48)-(14-17)-(13-19)-(12-53)-(11-32)-(10-68)-(9-49)-(7-64)-(6-8)-(5-16)-(3-65)-(2-34)-(1-18)-(0-4)],0.0003712177276611328,0.02802753448486328,3,True,3
~?@E?a???A???????G_???`?@H?CCq??@?A?GO??B?C?C???C?@C??O??O??????????CG??W?????W??A???@??E??????_?X?A?C?????C??????O??O_?@????A?_A??O????AC??G?A????W?_@O???@?A?_AE???C?C?????D?a?C??G????@?OC??C??C?IG??@CG???G?GG??????@A?OC?O??_??A????@?A?@C??A???cG??_??A??????O?????@??Ch??_??@@?G????AS??@O????_oC@??A???OC???O?_?????_OS????@?W?@?@o???@??O???Q?C??D????Q?C??????A_??B@__?????@@?_?O@????OG??OA??A?????G___C????,[(55-56)-(50-57)-(46-63)-(44-47)-(42-61)-(39-41)-(38-40)-(36-69)-(35-37)-(33-60)-(30-59)-(29-45)-(28-62)-(27-43)-(26-31)-(25-58)-(24-51)-(23-54)-(22-52)-(21-67)-(20-66)-(15-48)-(14-17)-(13-19)-(12-53)-(11-32)-(10-68)-(9-49)-(7-64)-(6-8)-(5-16)-(3-65)-(2-34)-(1-18)-(0-4)],0.0003821849822998047,0.015652179718017578,2,True,2
~?@E?a???A???????G_???`?@H?CCq??@?A?GO??B?C?C???C?@C??O??O??????????CG??W?????W??A???@??E??????_?X?A?C?????C??????O??O_?@????A?_A??O????AC??G?A????W?_@O???@?A?_AE???C?C?????D?a?C??G????@?OC??C??C?IG??@CG???G?GG??????@A?OC?O??_??A????@?A?@C??A???cG??_??A??????O?????@??Ch??_??@@?G????AS??@O????_oC@??A???OC???O?_?????_OS????@?W?@?@o???@??O???Q?C??D????Q?C??????A_??B@__?????@@?_?O@????OG??OA??A?????G___C????,[(55-56)-(50-57)-(46-63)-(44-47)-(42-61)-(39-41)-(38-40)-(36-69)-(35-37)-(33-60)-(30-59)-(29-45)-(28-62)-(27-43)-(26-31)-(25-58)-(24-51)-(23-54)-(22-52)-(21-67)-(20-66)-(15-48)-(14-17)-(13-19)-(12-53)-(11-32)-(10-68)-(9-49)-(7-64)-(6-8)-(5-16)-(3-65)-(2-34)-(1-18)-(0-4)],0.0003561973571777344,0.009346485137939453,1,True,1
~?@E?a???A???????G_???`?@H?CCq??@?A?GO??B?C?C???C?@C??O??O??????????CG??W?????W??A???@??E??????_?X?A?C?????C??????O??O_?@????A?_A??O????AC??G?A????W?_@O???@?A?_AE???C?C?????D?a?C??G????@?OC??C??C?IG??@CG???G?GG??????@A?OC?O??_??A????@?A?@C??A???cG??_??A??????O?????@??Ch??_??@@?G????AS??@O????_oC@??A???OC???O?_?????_OS????@?W?@?@o???@??O???Q?C??D????Q?C??????A_??B@__?????@@?_?O@????OG??OA??A?????G___C????,[(55-56)-(50-57)-(46-63)-(42-61)-(40-45)-(39-41)-(37-43)-(35-44)-(33-60)-(31-36)-(30-69)-(29-59)-(28-62)-(27-38)-(26-47)-(25-58)-(24-51)-(23-54)-(22-52)-(21-67)-(20-66)-(15-48)-(14-17)-(13-19)-(12-53)-(11-32)-(10-68)-(9-49)-(7-64)-(6-8)-(5-16)-(3-65)-(2-34)-(1-18)-(0-4)],0.00037479400634765625,0.00958251953125,1,True,1
~?@E?a???A???????G_???`?@H?CCq??@?A?GO??B?C?C???C?@C??O??O??????????CG??W?????W??A???@??E??????_?X?A?C?????C??????O??O_?@????A?_A??O????AC??G?A????W?_@O???@?A?_AE???C?C?????D?a?C??G????@?OC??C??C?IG??@CG???G?GG??????@A?OC?O??_??A????@?A?@C??A???cG??_??A??????O?????@??Ch??_??@@?G????AS??@O????_oC@??A???OC???O?_?????_OS????@?W?@?@o???@??O???Q?C??D????Q?C??????A_??B@__?????@@?_?O@????OG??OA??A?????G___C????,[(55-56)-(50-57)-(46-63)-(42-61)-(40-45)-(39-41)-(37-43)-(35-44)-(33-60)-(31-36)-(30-69)-(29-59)-(28-62)-(27-38)-(26-47)-(25-58)-(24-51)-(23-54)-(22-52)-(21-67)-(20-66)-(15-48)-(14-17)-(13-19)-(12-53)-(11-32)-(10-68)-(9-49)-(7-64)-(6-8)-(5-16)-(3-65)-(2-34)-(1-18)-(0-4)],0.00036835670471191406,0.014974594116210938,2,True,2
~?@E?a???A???????G_???`?@H?CCq??@?A?GO??B?C?C???C?@C??O??O??????????CG??W?????W??A???@??E??????_?X?A?C?????C??????O??O_?@????A?_A??O????AC??G?A????W?_@O???@?A?_AE???C?C?????D?a?C??G????@?OC??C??C?IG??@CG???G?GG??????@A?OC?O??_??A????@?A?@C??A???cG??_??A??????O?????@??Ch??_??@@?G????AS??@O????_oC@??A???OC???O?_?????_OS????@?W?@?@o???@??O???Q?C??D????Q?C??????A_??B@__?????@@?_?O@????OG??OA??A?????G___C????,[(55-56)-(50-57)-(46-63)-(42-61)-(39-41)-(38-40)-(37-43)-(35-44)-(33-60)-(31-36)-(30-69)-(29-59)-(28-62)-(27-45)-(26-47)-(25-58)-(24-51)-(23-54)-(22-52)-(21-67)-(20-66)-(15-48)-(14-17)-(13-19)-(12-53)-(11-32)-(10-68)-(9-49)-(7-64)-(6-8)-(5-16)-(3-65)-(2-34)-(1-18)-(0-4)],0.00036978721618652344,0.004604339599609375,0,True,0
~?@E?a???A???????G_???`?@H?CCq??@?A?GO??B?C?C???C?@C??O??O??????????CG??W?????W??A???@??E??????_?X?A?C?????C??????O??O_?@????A?_A??O????AC??G?A????W?_@O???@?A?_AE???C?C?????D?a?C??G????@?OC??C??C?IG??@CG???G?GG??????@A?OC?O??_??A????@?A?@C??A???cG??_??A??????O?????@??Ch??_??@@?G????AS??@O????_oC@??A???OC???O?_?????_OS????@?W?@?@o???@??O???Q?C??D????Q?C??????A_??B@__?????@@?_?O@????OG??OA??A?????G___C????,[(55-56)-(50-57)-(46-63)-(42-61)-(39-41)-(38-40)-(37-43)-(35-44)-(33-60)-(31-36)-(30-69)-(29-59)-(28-62)-(27-45)-(26-47)-(25-58)-(24-51)-(23-54)-(22-52)-(21-67)-(20-66)-(15-48)-(14-17)-(13-19)-(12-53)-(11-32)-(10-68)-(9-49)-(7-64)-(6-8)-(5-16)-(3-65)-(2-34)-(1-18)-(0-4)],0.00035452842712402344,0.009279489517211914,1,True,1
~?@E?a???A???????G_???`?@H?CCq??@?A?GO??B?C?C???C?@C??O??O??????????CG??W?????W??A???@??E??????_?X?A?C?????C??????O??O_?@????A?_A??O????AC??G?A????W?_@O???@?A?_AE???C?C?????D?a?C??G????@?OC??C??C?IG??@CG???G?GG??????@A?OC?O??_??A????@?A?@C??A???cG??_??A??????O?????@??Ch??_??@@?G????AS??@O????_oC@??A???OC???O?_?????_OS????@?W?@?@o???@??O???Q?C??D????Q?C??????A_??B@__?????@@?_?O@????OG??OA??A?????G___C????,[(55-56)-(50-57)-(46-63)-(44-47)-(42-61)-(40-45)-(39-41)-(37-43)-(36-62)-(31-33)-(30-69)-(29-59)-(28-58)-(27-38)-(26-35)-(25-60)-(24-51)-(23-54)-(22-52)-(21-67)-(20-66)-(15-48)-(14-17)-(13-19)-(12-53)-(11-32)-(10-68)-(9-49)-(7-64)-(6-8)-(5-16)-(3-65)-(2-34)-(1-18)-(0-4)],0.0003631114959716797,0.009398698806762695,1,True,1
~?@E?a???A???????G_???`?@H?CCq??@?A?GO??B?C?C???C?@C??O??O??????????CG??W?????W??A???@??E??????_?X?A?C?????C??????O??O_?@????A?_A??O????AC??G?A????W?_@O???@?A?_AE???C?C?????D?a?C??G????@?OC??C??C?IG??@CG???G?GG??????@A?OC?O??_??A????@?A?@C??A???cG??_??A??????O?????@??Ch??_??@@?G????AS??@O????_oC@??A???OC???O?_?????_OS????@?W?@?@o???@??O???Q?C??D????Q?C??????A_??B@__?????@@?_?O@????OG??OA??A?????G___C????,[(55-56)-(50-57)-(46-63)-(44-47)-(42-61)-(40-45)-(39-41)-(37-43)-(36-62)-(31-33)-(30-69)-(29-59)-(28-58)-(27-38)-(26-35)-(25-60)-(24-51)-(23-54)-(22-52)-(21-67)-(20-66)-(15-48)-(14-17)-(13-19)-(12-53)-(11-32)-(10-68)-(9-49)-(7-64)-(6-8)-(5-16)-(3-65)-(2-34)-(1-18)-(0-4)],0.00035262107849121094,0.015193939208984375,2,True,2
~?@E?a???A???????G_???`?@H?CCq??@?A?GO??B?C?C???C?@C??O??O??????????CG??W?????W??A???@??E??????_?X?A?C?????C??????O??O_?@????A?_A??O????AC??G?A????W?_@O???@?A?_AE???C?C?????D?a?C??G????@?OC??C??C?IG??@CG???G?GG??????@A?OC?O??_??A????@?A?@C??A???cG??_??A??????O?????@??Ch??_??@@?G????AS??@O????_oC@??A???OC???O?_?????_OS????@?W?@?@o???@??O???Q?C??D????Q?C??????A_??B@__?????@@?_?O@????OG??OA??A?????G___C????,[(55-56)-(50-57)-(46-63)-(44-47)-(42-61)-(40-45)-(39-41)-(37-43)-(36-69)-(31-33)-(30-58)-(29-59)-(28-62)-(27-38)-(26-35)-(25-60)-(24-51)-(23-54)-(22-52)-(21-67)-(20-66)-(15-48)-(14-17)-(13-19)-(12-53)-(11-32)-(10-68)-(9-49)-(7-64)-(6-8)-(5-16)-(3-65)-(2-34)-(1-18)-(0-4)],0.00035500526428222656,0.009412050247192383,1,True,1
~?@E?a???A???????G_???`?@H?CCq??@?A?GO??B?C?C???C?@C??O??O??????????CG??W?????W??A???@??E??????_?X?A?C?????C??????O??O_?@????A?_A??O????AC??G?A????W?_@O???@?A?_AE???C?C?????D?a?C??G????@?OC??C??C?IG??@CG???G?GG??????@A?OC?O??_??A????@?A?@C??A???cG??_??A??????O?????@??Ch??_??@@?G????AS??@O????_oC@??A???OC???O?_?????_OS????@?W?@?@o???@??O???Q?C??D????Q?C??????A_??B@__?????@@?_?O@????OG??OA??A?????G___C????,[(55-56)-(50-57)-(46-63)-(44-47)-(42-61)-(40-45)-(39-41)-(37-43)-(36-69)-(31-33)-(30-58)-(29-59)-(28-62)-(27-38)-(26-35)-(25-60)-(24-51)-(23-54)-(22-52)-(21-67)-(20-66)-(15-48)-(14-17)-(13-19)-(12-53)-(11-32)-(10-68)-(9-49)-(7-64)-(6-8)-(5-16)-(3-65)-(2-34)-(1-18)-(0-4)],0.0003662109375,0.015122413635253906,2,True,2
~?@E?a???A???????G_???`?@H?CCq??@?A?GO??B?C?C???C?@C??O??O??????????CG??W?????W??A???@??E??????_?X?A?C?????C??????O??O_?@????A?_A??O????AC??G?A????W?_@O???@?A?_AE???C?C?????D?a?C??G????@?OC??C??C?IG??@CG???G?GG??????@A?OC?O??_??A????@?A?@C??A???cG??_??A??????O?????@??Ch??_??@@?G????AS??@O????_oC@??A???OC???O?_?????_OS????@?W?@?@o???@??O???Q?C??D????Q?C??????A_??B@__?????@@?_?O@????OG??OA??A?????G___C????,[(55-56)-(50-57)-(46-63)-(44-47)-(42-61)-(39-41)-(38-40)-(37-62)-(36-45)-(31-33)-(30-69)-(29-59)-(28-58)-(27-43)-(26-35)-(25-60)-(24-51)-(23-54)-(22-52)-(21-67)-(20-66)-(15-48)-(14-17)-(13-19)-(12-53)-(11-32)-(10-68)-(9-49)-(7-64)-(6-8)-(5-16)-(3-65)-(2-34)-(1-18)-(0-4)],0.00036334991455078125,0.0045435428619384766,0,True,0
~?@E?a???A???????G_???`?@H?CCq??@?A?GO??B?C?C???C?@C??O??O??????????CG??W?????W??A???@??E??????_?X?A?C?????C??????O??O_?@????A?_A??O????AC??G?A????W?_@O???@?A?_AE???C?C?????D?a?C??G????@?OC??C??C?IG??@CG???G?GG??????@A?OC?O??_??A????@?A?@C??A???cG??_??A??????O?????@??Ch??_??@@?G????AS??@O????_oC@??A???OC???O?_?????_OS????@?W?@?@o???@??O???Q?C??D????Q?C??????A_??B@__?????@@?_?O@????OG??OA??A?????G___C????,[(55-56)-(50-57)-(46-63)-(44-47)-(42-61)-(39-41)-(38-40)-(37-62)-(36-45)-(31-33)-(30-69)-(29-59)-(28-58)-(27-43)-(26-35)-(25-60)-(24-51)-(23-54)-(22-52)-(21-67)-(20-66)-(15-48)-(14-17)-(13-19)-(12-53)-(11-32)-(10-68)-(9-49)-(7-64)-(6-8)-(5-16)-(3-65)-(2-34)-(1-18)-(0-4)],0.00035452842712402344,0.022836685180664062,3,True,3
~?@E?a???A???????G_???`?@H?CCq??@?A?GO??B?C?C???C?@C??O??O??????????CG??W?????W??A???@??E??????_?X?A?C?????C??????O??O_?@????A?_A??O????AC??G?A????W?_@O???@?A?_AE???C?C?????D?a?C??G????@?OC??C??C?IG??@CG???G?GG??????@A?OC?O??_??A????@?A?@C??A???cG??_??A??????O?????@??Ch??_??@@?G????AS??@O????_oC@??A???OC???O?_?????_OS????@?W?@?@o???@??O???Q?C??D????Q?C??????A_??B@__?????@@?_?O@????OG??OA??A?????G___C????,[(55-56)-(50-57)-(46-63)-(44-47)-(42-61)-(39-41)-(38-40)-(37-62)-(36-69)-(31-33)-(30-59)-(29-45)-(28-58)-(27-43)-(26-35)-(25-60)-(24-51)-(23-54)-(22-52)-(21-67)-(20-66)-(15-48)-(14-17)-(13-19)-(12-53)-(11-32)-(10-68)-(9-49)-(7-64)-(6-8)-(5-16)-(3-65)-(2-34)-(1-18)-(0-4)],0.0003616809844970703,0.054291725158691406,3,True,3
~?@E?a???A???????G_???`?@H?CCq??@?A?GO??B?C?C???C?@C??O??O??????????CG??W?????W??A???@??E??????_?X?A?C?????C??????O??O_?@????A?_A??O????AC??G?A????W?_@O???@?A?_AE???C?C?????D?a?C??G????@?OC??C??C?IG??@CG???G?GG??????@A?OC?O??_??A????@?A?@C??A???cG??_??A??????O?????@??Ch??_??@@?G????AS??@O????_oC@??A???OC???O?_?????_OS????@?W?@?@o???@??O???Q?C??D????Q?C??????A_??B@__?????@@?_?O@????OG??OA??A?????G___C????,[(55-56)-(50-57)-(46-63)-(44-47)-(42-61)-(39-41)-(38-40)-(37-62)-(36-69)-(31-33)-(30-59)-(29-45)-(28-58)-(27-43)-(26-35)-(25-60)-(24-51)-(23-54)-(22-52)-(21-67)-(20-66)-(15-48)-(14-17)-(13-19)-(12-53)-(11-32)-(10-68)-(9-49)-(7-64)-(6-8)-(5-16)-(3-65)-(2-34)-(1-18)-(0-4)],0.0003540515899658203,0.0213162899017334,3,True,3
~?@EO???C?@?O?A@???IOC?o?O?CAO@?A??G???C?O_A???O????A????@O?G????CC?O?????@????O?C??_O?C??A?O`?G????C?GCC???O??O????A@?C?C???@A?_?@???A???WG????OC??????QD_?E???@_?CAG?A?`????O???K?A????CO?O??????G?_C?????Pg@??A??C???A?O@C?????G?S?A???Q?????G?_?@?O??G??_O??@????G???C???GO?G@??_C?@?G??O???GC???I???????O@???@?H?????A?PG_????????CK_@?O??G??c??O?G??@C??G????GC?I??????W?C?O?O?O???cA????GGO@????A@????A?GAOG????,[(56-60)-(55-62)-(46-65)-(45-57)-(43-61)-(39-42)-(35-63)-(34-52)-(30-49)-(29-41)-(28-38)-(27-37)-(26-40)-(25-59)-(24-47)-(23-66)-(22-44)-(20-48)-(19-68)-(16-69)-(15-31)-(14-54)-(13-36)-(12-17)-(11-58)-(10-51)-(9-50)-(8-18)-(7-64)-(6-53)-(5-32)-(4-67)-(3-21)-(1-33)-(0-2)],0.00043654441833496094,0.022116661071777344,3,True,3
~?@EO???C?@?O?A@???IOC?o?O?CAO@?A??G???C?O_A???O????A????@O?G????CC?O?????@????O?C??_O?C??A?O`?G????C?GCC???O??O????A@?C?C???@A?_?@???A???WG????OC??????QD_?E???@_?CAG?A?`????O???K?A????CO?O??????G?_C?????Pg@??A??C???A?O@C?????G?S?A???Q?????G?_?@?O??G??_O??@????G???C???GO?G@??_C?@?G??O???GC???I???????O@???@?H?????A?PG_????????CK_@?O??G??c??O?G??@C??G????GC?I??????W?C?O?O?O???cA????GGO@????A@????A?GAOG????,[(56-60)-(55-62)-(46-65)-(45-57)-(43-61)-(39-42)-(35-63)-(34-52)-(30-49)-(29-41)-(28-38)-(27-37)-(26-40)-(25-59)-(24-47)-(23-66)-(22-44)-(20-48)-(19-68)-(16-69)-(15-31)-(14-54)-(13-36)-(12-17)-(11-58)-(10-51)-(9-50)-(8-18)-(7-64)-(6-53)-(5-32)-(4-67)-(3-21)-(1-33)-(0-2)],0.00037097930908203125,0.01542520523071289,2,True,2
~?@EO???C?@?O?A@???IOC?o?O?CAO@?A??G???C?O_A???O????A????@O?G????CC?O?????@????O?C??_O?C??A?O`?G????C?GCC???O??O????A@?C?C???@A?_?@???A???WG????OC??????QD_?E???@_?CAG?A?`????O???K?A????CO?O??????G?_C?????Pg@??A??C???A?O@C?????G?S?A???Q?????G?_?@?O??G??_O??@????G???C???GO?G@??_C?@?G??O???GC???I???????O@???@?H?????A?PG_????????CK_@?O??G??c??O?G??@C??G????GC?I??????W?C?O?O?O???cA????GGO@????A@????A?GAOG????,[(59-60)-(55-62)-(52-56)-(45-57)-(39-43)-(38-42)-(35-63)-(34-61)-(30-49)-(29-41)-(28-65)-(27-37)-(26-40)-(25-46)-(24-47)-(23-66)-(22-44)-(20-48)-(19-68)-(16-69)-(15-31)-(14-54)-(13-36)-(12-17)-(11-58)-(10-51)-(9-50)-(8-18)-(7-64)-(6-53)-(5-32)-(4-67)-(3-21)-(1-33)-(0-2)],0.0003745555877685547,0.015442848205566406,2,True,2
~?@EO???C?@?O?A@???IOC?o?O?CAO@?A??G???C?O_A???O????A????@O?G????CC?O?????@????O?C??_O?C??A?O`?G????C?GCC???O??O????A@?C?C???@A?_?@???A???WG????OC??????QD_?E???@_?CAG?A?`????O???K?A????CO?O??????G?_C?????Pg@??A??C???A?O@C?????G?S?A???Q?????G?_?@?O??G??_O??@????G???C???GO?G@??_C?@?G??O???GC???I???????O@???@?H?????A?PG_????????CK_@?O??G??c??O?G??@C??G????GC?I??????W?C?O?O?O???cA????GGO@????A@????A?GAOG????,[(59-60)-(55-62)-(52-56)-(45-57)-(39-43)-(38-42)-(35-63)-(34-61)-(30-49)-(29-41)-(28-65)-(27-37)-(26-40)-(25-46)-(24-47)-(23-66)-(22-44)-(20-48)-(19-68)-(16-69)-(15-31)-(14-54)-(13-36)-(12-17)-(11-58)-(10-51)-(9-50)-(8-18)-(7-64)-(6-53)-(5-32)-(4-67)-(3-21)-(1-33)-(0-2)],0.0003657341003417969,0.009320974349975586,1,True,1
~?@EO???C?@?O?A@???IOC?o?O?CAO@?A??G???C?O_A???O????A????@O?G????CC?O?????@????O?C??_O?C??A?O`?G????C?GCC???O??O????A@?C?C???@A?_?@???A???WG????OC??????QD_?E???@_?CAG?A?`????O???K?A????CO?O??????G?_C?????Pg@??A??C???A?O@C?????G?S?A???Q?????G?_?@?O??G??_O??@????G???C???GO?G@??_C?@?G??O???GC???I???????O@???@?H?????A?PG_????????CK_@?O??G??c??O?G??@C??G????GC?I??????W?C?O?O?O???cA????GGO@????A@????A?GAOG????,[(59-60)-(55-62)-(52-56)-(45-57)-(39-42)-(38-43)-(35-63)-(34-61)-(30-49)-(29-41)-(28-65)-(27-37)-(26-40)-(25-46)-(24-47)-(23-66)-(22-44)-(20-48)-(19-68)-(16-69)-(15-31)-(14-54)-(13-36)-(12-17)-(11-58)-(10-51)-(9-50)-(8-18)-(7-64)-(6-53)-(5-32)-(4-67)-(3-21)-(1-33)-(0-2)],0.0003561973571777344,0.0217440128326416,3,True,3
~?@EO???C?@?O?A@???IOC?o?O?CAO@?A??G???C?O_A???O????A????@O?G????CC?O?????@????O?C??_O?C??A?O`?G????C?GCC???O??O????A@?C?C???@A?_?@???A???WG????OC??????QD_?E???@_?CAG?A?`????O???K?A????CO?O??????G?_C?????Pg@??A??C???A?O@C?????G?S?A???Q?????G?_?@?O??G??_O??@????G???C???GO?G@??_C?@?G??O???GC???I???????O@???@?H?????A?PG_????????CK_@?O??G??c??O?G??@C??G????GC?I??????W?C?O?O?O???cA????GGO@????A@????A?GAOG????,[(59-60)-(55-62)-(52-56)-(45-57)-(39-42)-(38-43)-(35-63)-(34-61)-(30-49)-(29-41)-(28-65)-(27-37)-(26-40)-(25-46)-(24-47)-(23-66)-(22-44)-(20-48)-(19-68)-(16-69)-(15-31)-(14-54)-(13-36)-(12-17)-(11-58)-(10-51)-(9-50)-(8-18)-(7-64)-(6-53)-(5-32)-(4-67)-(3-21)-(1-33)-(0-2)],0.0003559589385986328,0.004355669021606445,0,True,0
~?@EO???C?@?O?A@???IOC?o?O?CAO@?A??G???C?O_A???O????A????@O?G????CC?O?????@????O?C??_O?C??A?O`?G????C?GCC???O??O????A@?C?C???@A?_?@???A???WG????OC??????QD_?E???@_?CAG?A?`????O???K?A????CO?O??????G?_C?????Pg@??A??C???A?O@C?????G?S?A???Q?????G?_?@?O??G??_O??@????G???C???GO?G@??_C?@?G??O???GC???I???????O@???@?H?????A?PG_????????CK_@?O??G??c??O?G??@C??G????GC?I??????W?C?O?O?O???cA????GGO@????A@????A?GAOG????,[(59-60)-(55-62)-(52-56)-(46-66)-(45-57)-(39-43)-(38-42)-(35-63)-(34-61)-(30-49)-(29-41)-(28-65)-(27-37)-(26-40)-(24-47)-(23-25)-(22-44)-(20-48)-(19-68)-(16-69)-(15-31)-(14-54)-(13-36)-(12-17)-(11-58)-(10-51)-(9-50)-(8-18)-(7-64)-(6-53)-(5-32)-(4-67)-(3-21)-(1-33)-(0-2)],0.0003790855407714844,0.0044934749603271484,0,True,0
~?@EO???C?@?O?A@???IOC?o?O?CAO@?A??G???C?O_A???O????A????@O?G????CC?O?????@????O?C??_O?C??A?O`?G????C?GCC???O??O????A@?C?C???@A?_?@???A???WG????OC??????QD_?E???@_?CAG?A?`????O???K?A????CO?O??????G?_C?????Pg@??A??C???A?O@C?????G?S?A???Q?????G?_?@?O??G??_O??@????G???C???GO?G@??_C?@?G??O???GC???I???????O@???@?H?????A?PG_????????CK_@?O??G??c??O?G??@C??G????GC?I??????W?C?O?O?O???cA????GGO@????A@????A?GAOG????,[(59-60)-(55-62)-(52-56)-(46-66)-(45-57)-(39-43)-(38-42)-(35-63)-(34-61)-(30-49)-(29-41)-(28-65)-(27-37)-(26-40)-(24-47)-(23-25)-(22-44)-(20-48)-(19-68)-(16-69)-(15-31)-(14-54)-(13-36)-(12-17)-(11-58)-(10-51)-(9-50)-(8-18)-(7-64)-(6-53)-(5-32)-(4-67)-(3-21)-(1-33)-(0-2)],0.00035500526428222656,0.004328489303588867,0,True,0
~?@EO???C?@?O?A@???IOC?o?O?CAO@?A??G???C?O_A???O????A????@O?G????CC?O?????@????O?C??_O?C??A?O`?G????C?GCC???O??O????A@?C?C???@A?_?@???A???WG????OC??????QD_?E???@_?CAG?A?`????O???K?A????CO?O??????G?_C?????Pg@??A??C???A?O@C?????G?S?A???Q?????G?_?@?O??G??_O??@????G???C???GO?G@??_C?@?G??O???GC???I???????O@???@?H?????A?PG_????????CK_@?O??G??c??O?G??@C??G????GC?I??????W?C?O?O?O???cA????GGO@????A@????A?GAOG????,[(59-60)-(55-62)-(52-56)-(46-66)-(45-57)-(39-42)-(38-43)-(35-63)-(34-61)-(30-49)-(29-41)-(28-65)-(27-37)-(26-40)-(24-47)-(23-25)-(22-44)-(20-48)-(19-68)-(16-69)-(15-31)-(14-54)-(13-36)-(12-17)-(11-58)-(10-51)-(9-50)-(8-18)-(7-64)-(6-53)-(5-32)-(4-67)-(3-21)-(1-33)-(0-2)],0.0003654956817626953,0.01532602310180664,2,True,2
~?@EO???C?@?O?A@???IOC?o?O?CAO@?A??G???C?O_A???O????A????@O?G????CC?O?????@????O?C??_O?C??A?O`?G????C?GCC???O??O????A@?C?C???@A?_?@???A???WG????OC??????QD_?E???@_?CAG?A?`????O???K?A????CO?O??????G?_C?????Pg@??A??C???A?O@C?????G?S?A???Q?????G?_?@?O??G??_O??@????G???C???GO?G@??_C?@?G??O???GC???I???????O@???@?H?????A?PG_????????CK_@?O??G??c??O?G??@C??G????GC?I??????W?C?O?O?O???cA????GGO@????A@????A?GAOG????,[(59-60)-(55-62)-(52-56)-(46-66)-(45-57)-(39-42)-(38-43)-(35-63)-(34-61)-(30-49)-(29-41)-(28-65)-(27-37)-(26-40)-(24-47)-(23-25)-(22-44)-(20-48)-(19-68)-(16-69)-(15-31)-(14-54)-(13-36)-(12-17)-(11-58)-(10-51)-(9-50)-(8-18)-(7-64)-(6-53)-(5-32)-(4-67)-(3-21)-(1-33)-(0-2)],0.0003581047058105469,0.004342555999755859,0,True,0
~?@EO???C?@?O?A@???IOC?o?O?CAO@?A??G???C?O_A???O????A????@O?G????CC?O?????@????O?C??_O?C??A?O`?G????C?GCC???O??O????A@?C?C???@A?_?@???A???WG????OC??????QD_?E???@_?CAG?A?`????O???K?A????CO?O??????G?_C?????Pg@??A??C???A?O@C?????G?S?A???Q?????G?_?@?O??G??_O??@????G???C???GO?G@??_C?@?G??O???GC???I???????O@???@?H?????A?PG_????????CK_@?O??G??c??O?G??@C??G????GC?I??????W?C?O?O?O???cA????GGO@????A@????A?GAOG????,[(55-62)-(52-56)-(46-66)-(45-57)-(39-43)-(38-42)-(35-63)-(34-61)-(30-49)-(29-41)-(28-65)-(27-37)-(26-40)-(25-59)-(24-47)-(23-60)-(22-44)-(20-48)-(19-68)-(16-69)-(15-31)-(14-54)-(13-36)-(12-17)-(11-58)-(10-51)-(9-50)-(8-18)-(7-64)-(6-53)-(5-32)-(4-67)-(3-21)-(1-33)-(0-2)],0.00036406517028808594,0.009551763534545898,1,True,1
~?@EO???C?@?O?A@???IOC?o?O?CAO@?A??G???C?O_A???O????A????@O?G????CC?O?????@????O?C??_O?C??A?O`?G????C?GCC???O??O????A@?C?C???@A?_?@???A???WG????OC??????QD_?E???@_?CAG?A?`????O???K?A????CO?O??????G?_C?????Pg@??A??C???A?O@C?????G?S?A???Q?????G?_?@?O??G??_O??@????G???C???GO?G@??_C?@?G??O???GC???I???????O@???@?H?????A?PG_????????CK_@?O??G??c??O?G??@C??G????GC?I??????W?C?O?O?O???cA????GGO@????A@????A?GAOG????,[(55-62)-(52-56)-(46-66)-(45-57)-(39-43)-(38-42)-(35-63)-(34-61)-(30-49)-(29-41)-(28-65)-(27-37)-(26-40)-(25-59)-(24-47)-(23-60)-(22-44)-(20-48)-(19-68)-(16-69)-(15-31)-(14-54)-(13-36)-(12-17)-(11-58)-(10-51)-(9-50)-(8-18)-(7-64)-(6-53)-(5-32)-(4-67)-(3-21)-(1-33)-(0-2)],0.00035500526428222656,0.009271621704101562,1,True,1
~?@EO???C?@?O?A@???IOC?o?O?CAO@?A??G???C?O_A???O????A????@O?G????CC?O?????@????O?C??_O?C??A?O`?G????C?GCC???O??O????A@?C?C???@A?_?@???A???WG????OC??????QD_?E???@_?CAG?A?`????O???K?A????CO?O??????G?_C?????Pg@??A??C???A?O@C?????G?S?A???Q?????G?_?@?O??G??_O??@????G???C???GO?G@??_C?@?G??O???GC???I???????O@???@?H?????A?PG_????????CK_@?O??G??c??O?G??@C??G????GC?I??????W?C?O?O?O???cA????GGO@????A@????A?GAOG????,[(55-62)-(52-56)-(46-66)-(45-57)-(39-42)-(38-43)-(35-63)-(34-61)-(30-49)-(29-41)-(28-65)-(27-37)-(26-40)-(25-59)-(24-47)-(23-60)-(22-44)-(20-48)-(19-68)-(16-69)-(15-31)-(14-54)-(13-36)-(12-17)-(11-58)-(10-51)-(9-50)-(8-18)-(7-64)-(6-53)-(5-32)-(4-67)-(3-21)-(1-33)-(0-2)],0.00037169456481933594,0.009556770324707031,1,True,1
~?@EO???C?@?O?A@???IOC?o?O?CAO@?A??G???C?O_A???O????A????@O?G????CC?O?????@????O?C??_O?C??A?O`?G????C?GCC???O??O????A@?C?C???@A?_?@???A???WG????OC??????QD_?E???@_?CAG?A?`????O???K?A????CO?O??????G?_C?????Pg@??A??C???A?O@C?????G?S?A???Q?????G?_?@?O??G??_O??@????G???C???GO?G@??_C?@?G??O???GC???I???????O@???@?H?????A?PG_????????CK_@?O??G??c??O?G??@C??G????GC?I??????W?C?O?O?O???cA????GGO@????A@????A?GAOG????,[(55-62)-(52-56)-(46-66)-(45-57)-(39-42)-(38-43)-(35-63)-(34-61)-(30-49)-(29-41)-(28-65)-(27-37)-(26-40)-(25-59)-(24-47)-(23-60)-(22-44)-(20-48)-(19-68)-(16-69)-(15-31)-(14-54)-(13-36)-(12-17)-(11-58)-(10-51)-(9-50)-(8-18)-(7-64)-(6-53)-(5-32)-(4-67)-(3-21)-(1-33)-(0-2)],0.00036454200744628906,0.01529836654663086,2,True,2
~?@EO???C?@?O?A@???IOC?o?O?CAO@?A??G???C?O_A???O????A????@O?G????CC?O?????@????O?C??_O?C??A?O`?G????C?GCC???O??O????A@?C?C???@A?_?@???A???WG????OC??????QD_?E???@_?CAG?A?`????O???K?A????CO?O??????G?_C?????Pg@??A??C???A?O@C?????G?S?A???Q?????G?_?@?O??G??_O??@????G???C???GO?G@??_C?@?G??O???GC???I???????O@???@?H?????A?PG_????????CK_@?O??G??c??O?G??@C??G????GC?I??????W?C?O?O?O???cA????GGO@????A@????A?GAOG????,[(59-60)-(55-62)-(52-56)-(46-65)-(45-57)-(38-43)-(35-63)-(34-61)-(30-48)-(29-41)-(28-42)-(27-37)-(26-40)-(25-49)-(24-47)-(23-66)-(22-44)-(20-39)-(19-68)-(16-69)-(15-31)-(14-54)-(13-36)-(12-17)-(11-58)-(10-51)-(9-50)-(8-18)-(7-64)-(6-53)-(5-32)-(4-67)-(3-21)-(1-33)-(0-2)],0.00035834312438964844,0.022874116897583008,3,True,3
~?@EO???C?@?O?A@???IOC?o?O?CAO@?A??G???C?O_A???O????A????@O?G????CC?O?????@????O?C??_O?C??A?O`?G????C?GCC???O??O????A@?C?C???@A?_?@???A???WG????OC??????QD_?E???@_?CAG?A?`????O???K?A????CO?O??????G?_C?????Pg@??A??C???A?O@C?????G?S?A???Q?????G?_?@?O??G??_O??@????G???C???GO?G@??_C?@?G??O???GC???I???????O@???@?H?????A?PG_????????CK_@?O??G??c??O?G??@C??G????GC?I??????W?C?O?O?O???cA????GGO@????A@????A?GAOG????,[(59-60)-(55-62)-(52-56)-(46-65)-(45-57)-(38-43)-(35-63)-(34-61)-(30-48)-(29-41)-(28-42)-(27-37)-(26-40)-(25-49)-(24-47)-(23-66)-(22-44)-(20-39)-(19-68)-(16-69)-(15-31)-(14-54)-(13-36)-(12-17)-(11-58)-(10-51)-(9-50)-(8-18)-(7-64)-(6-53)-(5-32)-(4-67)-(3-21)-(1-33)-(0-2)],0.0003578662872314453,0.037145137786865234,5,True,5
~?@EO???C?@?O?A@???IOC?o?O?CAO@?A??G???C?O_A???O????A????@O?G????CC?O?????@????O?C??_O?C??A?O`?G????C?GCC???O??O????A@?C?C???@A?_?@???A???WG????OC??????QD_?E???@_?CAG?A?`????O???K?A????CO?O??????G?_C?????Pg@??A??C???A?O@C?????G?S?A???Q?????G?_?@?O??G??_O??@????G???C???GO?G@??_C?@?G??O???GC???I???????O@???@?H?????A?PG_????????CK_@?O??G??c??O?G??@C??G????GC?I??????W?C?O?O?O???cA????GGO@????A@????A?GAOG????,[(59-60)-(55-62)-(52-56)-(45-57)-(43-61)-(41-49)-(38-42)-(35-63)-(30-48)-(29-34)-(28-65)-(27-37)-(26-40)-(25-46)-(24-47)-(23-66)-(22-44)-(20-39)-(19-68)-(16-69)-(15-31)-(14-54)-(13-36)-(12-17)-(11-58)-(10-51)-(9-50)-(8-18)-(7-64)-(6-53)-(5-32)-(4-67)-(3-21)-(1-33)-(0-2)],0.0003578662872314453,0.029714345932006836,4,True,4
~?@EO???C?@?O?A@???IOC?o?O?CAO@?A??G???C?O_A???O????A????@O?G????CC?O?????@????O?C??_O?C??A?O`?G????C?GCC???O??O????A@?C?C???@A?_?@???A???WG????OC??????QD_?E???@_?CAG?A?`????O???K?A????CO?O??????G?_C?????Pg@??A??C???A?O@C?????G?S?A???Q?????G?_?@?O??G??_O??@????G???C???GO?G@??_C?@?G??O???GC???I???????O@???@?H?????A?PG_????????CK_@?O??G??c??O?G??@C??G????GC?I??????W?C?O?O?O???cA????GGO@????A@????A?GAOG????,[(59-60)-(55-62)-(52-56)-(45-57)-(43-61)-(41-49)-(38-42)-(35-63)-(30-48)-(29-34)-(28-65)-(27-37)-(26-40)-(25-46)-(24-47)-(23-66)-(22-44)-(20-39)-(19-68)-(16-69)-(15-31)-(14-54)-(13-36)-(12-17)-(11-58)-(10-51)-(9-50)-(8-18)-(7-64)-(6-53)-(5-32)-(4-67)-(3-21)-(1-33)-(0-2)],0.00035452842712402344,0.03731894493103027,5,True,5
~?@EO???C?@?O?A@???IOC?o?O?CAO@?A??G???C?O_A???O????A????@O?G????CC?O?????@????O?C??_O?C??A?O`?G????C?GCC???O??O????A@?C?C???@A?_?@???A???WG????OC??????QD_?E???@_?CAG?A?`????O???K?A????CO?O??????G?_C?????Pg@??A??C???A?O@C?????G?S?A???Q?????G?_?@?O??G??_O??@????G???C???GO?G@??_C?@?G??O???GC???I???????O@???@?H?????A?PG_????????CK_@?O??G??c??O?G??@C??G????GC?I??????W?C?O?O?O???cA????GGO@????A@????A?GAOG????,[(59-60)-(55-62)-(45-57)-(43-61)-(41-49)-(38-42)-(35-63)-(34-52)-(30-48)-(29-56)-(28-65)-(27-37)-(26-40)-(25-46)-(24-47)-(23-66)-(22-44)-(20-39)-(19-68)-(16-69)-(15-31)-(14-54)-(13-36)-(12-17)-(11-58)-(10-51)-(9-50)-(8-18)-(7-64)-(6-53)-(5-32)-(4-67)-(3-21)-(1-33)-(0-2)],0.0003559589385986328,0.009337663650512695,1,True,1
~?@EO???C?@?O?A@???IOC?o?O?CAO@?A??G???C?O_A???O????A????@O?G????CC?O?????@????O?C??_O?C??A?O`?G????C?GCC???O??O????A@?C?C???@A?_?@???A???WG????OC??????QD_?E???@_?CAG?A?`????O???K?A????CO?O??????G?_C?????Pg@??A??C???A?O@C?????G?S?A???Q?????G?_?@?O??G??_O??@????G???C???GO?G@??_C?@?G??O???GC???I???????O@???@?H?????A?PG_????????CK_@?O??G??c??O?G??@C??G????GC?I??????W?C?O?O?O???cA????GGO@????A@????A?GAOG????,[(59-60)-(55-62)-(45-57)-(43-61)-(41-49)-(38-42)-(35-63)-(34-52)-(30-48)-(29-56)-(28-65)-(27-37)-(26-40)-(25-46)-(24-47)-(23-66)-(22-44)-(20-39)-(19-68)-(16-69)-(15-31)-(14-54)-(13-36)-(12-17)-(11-58)-(10-51)-(9-50)-(8-18)-(7-64)-(6-53)-(5-32)-(4-67)-(3-21)-(1-33)-(0-2)],0.000362396240234375,0.009235858917236328,1,True,1
~?@E??A??O??OO@QGG?@?C?????O?@?GOG??A??_@O??@?G?????????@??_??GO???O???_??Gc_???P_e????@?W?A??@???@??GO?A??A???c?_?@????G_AC????A?G???O??o????S?A??_?O?C?O_??aO??????H?C@?AG????@?O?C??C?AAA@??????G?C?CI?????S??O??C?G?G??AO??A_??@C?c_??O????C??_A?P?G?????A??O?????_?C?CC??????????@T?????O????_??G?D?O????OS????Q?_A`??A?????O??G??A???A??_???L??C???CK???G????@??I???a?@????G?@??A???_?_?_I??_????_@O?@G???????E@?,[(62-66)-(58-60)-(57-69)-(53-63)-(45-51)-(41-56)-(40-61)-(39-42)-(37-50)-(33-52)-(31-65)-(28-55)-(27-35)-(26-30)-(25-59)-(24-46)-(23-29)-(22-44)-(21-47)-(20-48)-(16-54)-(15-43)-(14-38)-(13-67)-(12-36)-(11-18)-(9-64)-(8-34)-(7-32)-(5-19)-(4-10)-(3-17)-(2-49)-(1-6)-(0-68)],0.0003566741943359375,0.03527045249938965,3,True,3
~?@E??A??O??OO@QGG?@?C?????O?@?GOG??A??_@O??@?G?????????@??_??GO???O???_??Gc_???P_e????@?W?A??@???@??GO?A??A???c?_?@????G_AC????A?G???O??o????S?A??_?O?C?O_??aO??????H?C@?AG????@?O?C??C?AAA@??????G?C?CI?????S??O??C?G?G??AO??A_??@C?c_??O????C??_A?P?G?????A??O?????_?C?CC??????????@T?????O????_??G?D?O????OS????Q?_A`??A?????O??G??A???A??_???L??C???CK???G????@??I???a?@????G?@??A???_?_?_I??_????_@O?@G???????E@?,[(62-66)-(58-60)-(57-69)-(53-63)-(45-51)-(41-56)-(40-61)-(39-42)-(37-50)-(33-52)-(31-65)-(28-55)-(27-35)-(26-30)-(25-59)-(24-46)-(23-29)-(22-44)-(21-47)-(20-48)-(16-54)-(15-43)-(14-38)-(13-67)-(12-36)-(11-18)-(9-64)-(8-34)-(7-32)-(5-19)-(4-10)-(3-17)-(2-49)-(1-6)-(0-68)],0.0003991127014160156,0.029268741607666016,4,True,4
~?@E??A??O??OO@QGG?@?C?????O?@?GOG??A??_@O??@?G?????????@??_??GO???O???_??Gc_???P_e????@?W?A??@???@??GO?A??A???c?_?@????G_AC????A?G???O??o????S?A??_?O?C?O_??aO??????H?C@?AG????@?O?C??C?AAA@??????G?C?CI?????S??O??C?G?G??AO??A_??@C?c_??O????C??_A?P?G?????A??O?????_?C?CC??????????@T?????O????_??G?D?O????OS????Q?_A`??A?????O??G??A???A??_???L??C???CK???G????@??I???a?@????G?@??A???_?_?_I??_????_@O?@G???????E@?,[(62-66)-(58-60)-(57-69)-(45-51)-(41-56)-(40-61)-(39-42)-(37-50)-(35-53)-(33-52)-(31-65)-(28-55)-(27-63)-(26-30)-(25-59)-(24-46)-(23-29)-(22-44)-(21-47)-(20-48)-(16-54)-(15-43)-(14-38)-(13-67)-(12-36)-(11-18)-(9-64)-(8-34)-(7-32)-(5-19)-(4-10)-(3-17)-(2-49)-(1-6)-(0-68)],0.0003528594970703125,0.021703720092773438,3,True,3
~?@E??A??O??OO@QGG?@?C?????O?@?GOG??A??_@O??@?G?????????@??_??GO???O???_??Gc_???P_e????@?W?A??@???@??GO?A??A???c?_?@????G_AC????A?G???O??o????S?A??_?O?C?O_??aO??????H?C@?AG????@?O?C??C?AAA@??????G?C?CI?????S??O??C?G?G??AO??A_??@C?c_??O????C??_A?P?G?????A??O?????_?C?CC??????????@T?????O????_??G?D?O????OS????Q?_A`??A?????O??G??A???A??_???L??C???CK???G????@??I???a?@????G?@??A???_?_?_I??_????_@O?@G???????E@?,[(62-66)-(58-60)-(57-69)-(45-51)-(41-56)-(40-61)-(39-42)-(37-50)-(35-53)-(33-52)-(31-65)-(28-55)-(27-63)-(26-30)-(25-59)-(24-46)-(23-29)-(22-44)-(21-47)-(20-48)-(16-54)-(15-43)-(14-38)-(13-67)-(12-36)-(11-18)-(9-64)-(8-34)-(7-32)-(5-19)-(4-10)-(3-17)-(2-49)-(1-6)-(0-68)],0.00036025047302246094,0.021673917770385742,3,True,3
~?@E??A??O??OO@QGG?@?C?????O?@?GOG??A??_@O??@?G?????????@??_??GO???O???_??Gc_???P_e????@?W?A??@???@??GO?A??A???c?_?@????G_AC????A?G???O??o????S?A??_?O?C?O_??aO??????H?C@?AG????@?O?C??C?AAA@??????G?C?CI?????S??O??C?G?G??AO??A_??@C?c_??O????C??_A?P?G?????A??O?????_?C?CC??????????@T?????O????_??G?D?O????OS????Q?_A`??A?????O??G??A???A??_???L??C???CK???G????@??I???a?@????G?@??A???_?_?_I??_????_@O?@G???????E@?,[(62-66)-(58-69)-(53-57)-(45-51)-(41-56)-(40-59)-(39-42)-(37-50)-(35-44)-(33-52)-(31-65)-(28-55)-(27-63)-(26-29)-(25-60)-(24-46)-(23-61)-(22-30)-(21-47)-(20-48)-(16-54)-(15-43)-(14-38)-(13-67)-(12-36)-(11-18)-(9-64)-(8-34)-(7-32)-(5-19)-(4-10)-(3-17)-(2-49)-(1-6)-(0-68)],0.0003616809844970703,0.015332937240600586,2,True,2
~?@E??A??O??OO@QGG?@?C?????O?@?GOG??A??_@O??@?G?????????@??_??GO???O???_??Gc_???P_e????@?W?A??@???@??GO?A??A???c?_?@????G_AC????A?G???O??o????S?A??_?O?C?O_??aO??????H?C@?AG????@?O?C??C?AAA@??????G?C?CI?????S??O??C?G?G??AO??A_??@C?c_??O????C??_A?P?G?????A??O?????_?C?CC??????????@T?????O????_??G?D?O????OS????Q?_A`??A?????O??G??A???A??_???L??C???CK???G????@??I???a?@????G?@??A???_?_?_I??_????_@O?@G???????E@?,[(62-66)-(58-69)-(53-57)-(45-51)-(41-56)-(40-59)-(39-42)-(37-50)-(35-44)-(33-52)-(31-65)-(28-55)-(27-63)-(26-29)-(25-60)-(24-46)-(23-61)-(22-30)-(21-47)-(20-48)-(16-54)-(15-43)-(14-38)-(13-67)-(12-36)-(11-18)-(9-64)-(8-34)-(7-32)-(5-19)-(4-10)-(3-17)-(2-49)-(1-6)-(0-68)],0.0003533363342285156,0.0218503475189209,3,True,3
~?@E??A??O??OO@QGG?@?C?????O?@?GOG??A??_@O??@?G?????????@??_??GO???O???_??Gc_???P_e????@?W?A??@???@??GO?A??A???c?_?@????G_AC????A?G???O??o????S?A??_?O?C?O_??aO??????H?C@?AG????@?O?C??C?AAA@??????G?C?CI?????S??O??C?G?G??AO??A_??@C?c_??O????C??_A?P?G?????A??O?????_?C?CC??????????@T?????O????_??G?D?O????OS????Q?_A`??A?????O??G??A???A??_???L??C???CK???G????@??I???a?@????G?@??A???_?_?_I??_????_@O?@G???????E@?,[(62-66)-(58-60)-(57-69)-(53-63)-(45-51)-(41-56)-(40-59)-(39-42)-(37-50)-(33-52)-(31-65)-(28-55)-(27-35)-(26-29)-(25-44)-(24-46)-(23-61)-(22-30)-(21-47)-(20-48)-(16-54)-(15-43)-(14-38)-(13-67)-(12-36)-(11-18)-(9-64)-(8-34)-(7-32)-(5-19)-(4-10)-(3-17)-(2-49)-(1-6)-(0-68)],0.0003647804260253906,0.009455442428588867,1,True,1
~?@E??A??O??OO@QGG?@?C?????O?@?GOG??A??_@O??@?G?????????@??_??GO???O???_??Gc_???P_e????@?W?A??@???@??GO?A??A???c?_?@????G_AC????A?G???O??o????S?A??_?O?C?O_??aO??????H?C@?AG????@?O?C??C?AAA@??????G?C?CI?????S??O??C?G?G??AO??A_??@C?c_??O????C??_A?P?G?????A??O?????_?C?CC??????????@T?????O????_??G?D?O????OS????Q?_A`??A?????O??G??A???A??_???L??C???CK???G????@??I???a?@????G?@??A???_?_?_I??_????_@O?@G???????E@?,[(62-66)-(58-60)-(57-69)-(53-63)-(45-51)-(41-56)-(40-59)-(39-42)-(37-50)-(33-52)-(31-65)-(28-55)-(27-35)-(26-29)-(25-44)-(24-46)-(23-61)-(22-30)-(21-47)-(20-48)-(16-54)-(15-43)-(14-38)-(13-67)-(12-36)-(11-18)-(9-64)-(8-34)-(7-32)-(5-19)-(4-10)-(3-17)-(2-49)-(1-6)-(0-68)],0.00036406517028808594,0.022161245346069336,3,True,3
~?@E??A??O??OO@QGG?@?C?????O?@?GOG??A??_@O??@?G?????????@??_??GO???O???_??Gc_???P_e????@?W?A??@???@??GO?A??A???c?_?@????G_AC????A?G???O??o????S?A??_?O?C?O_??aO??????H?C@?AG????@?O?C??C?AAA@??????G?C?CI?????S??O??C?G?G??AO??A_??@C?c_??O????C??_A?P?G?????A??O?????_?C?CC??????????@T?????O????_??G?D?O????OS????Q?_A`??A?????O??G??A???A??_???L??C???CK???G????@??I???a?@????G?@??A???_?_?_I??_????_@O?@G???????E@?,[(62-66)-(58-60)-(57-69)-(45-51)-(41-56)-(40-59)-(39-42)-(37-50)-(35-53)-(33-52)-(31-65)-(28-55)-(27-63)-(26-29)-(25-44)-(24-46)-(23-61)-(22-30)-(21-47)-(20-48)-(16-54)-(15-43)-(14-38)-(13-67)-(12-36)-(11-18)-(9-64)-(8-34)-(7-32)-(5-19)-(4-10)-(3-17)-(2-49)-(1-6)-(0-68)],0.00037288665771484375,0.004668474197387695,0,True,0
~?@E??A??O??OO@QGG?@?C?????O?@?GOG??A??_@O??@?G?????????@??_??GO???O???_??Gc_???P_e????@?W?A??@???@??GO?A??A???c?_?@????G_AC????A?G???O??o????S?A??_?O?C?O_??aO??????H?C@?AG????@?O?C??C?AAA@??????G?C?CI?????S??O??C?G?G??AO??A_??@C?c_??O????C??_A?P?G?????A??O?????_?C?CC??????????@T?????O????_??G?D?O????OS????Q?_A`??A?????O??G??A???A??_???L??C???CK???G????@??I???a?@????G?@??A???_?_?_I??_????_@O?@G???????E@?,[(62-66)-(58-60)-(57-69)-(45-51)-(41-56)-(40-59)-(39-42)-(37-50)-(35-53)-(33-52)-(31-65)-(28-55)-(27-63)-(26-29)-(25-44)-(24-46)-(23-61)-(22-30)-(21-47)-(20-48)-(16-54)-(15-43)-(14-38)-(13-67)-(12-36)-(11-18)-(9-64)-(8-34)-(7-32)-(5-19)-(4-10)-(3-17)-(2-49)-(1-6)-(0-68)],0.0003457069396972656,0.029677867889404297,4,True,4
~?@E??A??O??OO@QGG?@?C?????O?@?GOG??A??_@O??@?G?????????@??_??GO???O???_??Gc_???P_e????@?W?A??@???@??GO?A??A???c?_?@????G_AC????A?G???O??o????S?A??_?O?C?O_??aO??????H?C@?AG????@?O?C??C?AAA@??????G?C?CI?????S??O??C?G?G??AO??A_??@C?c_??O????C??_A?P?G?????A??O?????_?C?CC??????????@T?????O????_??G?D?O????OS????Q?_A`??A?????O??G??A???A??_???L??C???CK???G????@??I???a?@????G?@??A???_?_?_I??_????_@O?@G???????E@?,[(58-69)-(56-63)-(55-57)-(46-65)-(45-51)-(40-59)-(39-42)-(37-50)-(35-53)-(33-48)-(31-62)-(28-47)-(27-30)-(26-29)-(25-60)-(24-41)-(23-61)-(22-44)-(21-52)-(20-66)-(16-54)-(15-43)-(14-38)-(13-67)-(12-36)-(11-18)-(9-64)-(8-34)-(7-32)-(5-19)-(4-10)-(3-17)-(2-49)-(1-6)-(0-68)],0.0003643035888671875,0.026844263076782227,3,True,3
~?@E??A??O??OO@QGG?@?C?????O?@?GOG??A??_@O??@?G?????????@??_??GO???O???_??Gc_???P_e????@?W?A??@???@??GO?A??A???c?_?@????G_AC????A?G???O??o????S?A??_?O?C?O_??aO??????H?C@?AG????@?O?C??C?AAA@??????G?C?CI?????S??O??C?G?G??AO??A_??@C?c_??O????C??_A?P?G?????A??O?????_?C?CC??????????@T?????O????_??G?D?O????OS????Q?_A`??A?????O??G??A???A??_???L??C???CK???G????@??I???a?@????G?@??A???_?_?_I??_????_@O?@G???????E@?,[(58-69)-(56-63)-(55-57)-(46-65)-(45-51)-(40-59)-(39-42)-(37-50)-(35-53)-(33-48)-(31-62)-(28-47)-(27-30)-(26-29)-(25-60)-(24-41)-(23-61)-(22-44)-(21-52)-(20-66)-(16-54)-(15-43)-(14-38)-(13-67)-(12-36)-(11-18)-(9-64)-(8-34)-(7-32)-(5-19)-(4-10)-(3-17)-(2-49)-(1-6)-(0-68)],0.0003540515899658203,0.014647960662841797,2,True,2
~?@E??A??O??OO@QGG?@?C?????O?@?GOG??A??_@O??@?G?????????@??_??GO???O???_??Gc_???P_e????@?W?A??@???@??GO?A??A???c?_?@????G_AC????A?G???O??o????S?A??_?O?C?O_??aO??????H?C@?AG????@?O?C??C?AAA@??????G?C?CI?????S??O??C?G?G??AO??A_??@C?c_??O????C??_A?P?G?????A??O?????_?C?CC??????????@T?????O????_??G?D?O????OS????Q?_A`??A?????O??G??A???A??_???L??C???CK???G????@??I???a?@????G?@??A???_?_?_I??_????_@O?@G???????E@?,[(58-69)-(55-57)-(53-63)-(46-65)-(45-51)-(40-59)-(39-42)-(37-50)-(35-56)-(33-48)-(31-62)-(28-47)-(27-30)-(26-29)-(25-60)-(24-41)-(23-61)-(22-44)-(21-52)-(20-66)-(16-54)-(15-43)-(14-38)-(13-67)-(12-36)-(11-18)-(9-64)-(8-34)-(7-32)-(5-19)-(4-10)-(3-17)-(2-49)-(1-6)-(0-68)],0.0003757476806640625,0.015442609786987305,2,True,2
~?@E??A??O??OO@QGG?@?C?????O?@?GOG??A??_@O??@?G?????????@??_??GO???O???_??Gc_???P_e????@?W?A??@???@??GO?A??A???c?_?@????G_AC????A?G???O??o????S?A??_?O?C?O_??aO??????H?C@?AG????@?O?C??C?AAA@??????G?C?CI?????S??O??C?G?G??AO??A_??@C?c_??O????C??_A?P?G?????A??O?????_?C?CC??????????@T?????O????_??G?D?O????OS????Q?_A`??A?????O??G??A???A??_???L??C???CK???G????@??I???a?@????G?@??A???_?_?_I??_????_@O?@G???????E@?,[(58-69)-(55-57)-(53-63)-(46-65)-(45-51)-(40-59)-(39-42)-(37-50)-(35-56)-(33-48)-(31-62)-(28-47)-(27-30)-(26-29)-(25-60)-(24-41)-(23-61)-(22-44)-(21-52)-(20-66)-(16-54)-(15-43)-(14-38)-(13-67)-(12-36)-(11-18)-(9-64)-(8-34)-(7-32)-(5-19)-(4-10)-(3-17)-(2-49)-(1-6)-(0-68)],0.00035572052001953125,0.009349346160888672,1,True,1
~?@E??A??O??OO@QGG?@?C?????O?@?GOG??A??_@O??@?G?????????@??_??GO???O???_??Gc_???P_e????@?W?A??@???@??GO?A??A???c?_?@????G_AC????A?G???O??o????S?A??_?O?C?O_??aO??????H?C@?AG????@?O?C??C?AAA@??????G?C?CI?????S??O??C?G?G??AO??A_??@C?c_??O????C??_A?P?G?????A??O?????_?C?CC??????????@T?????O????_??G?D?O????OS????Q?_A`??A?????O??G??A???A??_???L??C???CK???G????@??I???a?@????G?@??A???_?_?_I??_????_@O?@G???????E@?,[(58-69)-(56-63)-(55-60)-(53-57)-(46-65)-(45-51)-(40-61)-(39-42)-(37-50)-(33-48)-(31-62)-(28-47)-(27-35)-(26-30)-(25-59)-(24-41)-(23-29)-(22-44)-(21-52)-(20-66)-(16-54)-(15-43)-(14-38)-(13-67)-(12-36)-(11-18)-(9-64)-(8-34)-(7-32)-(5-19)-(4-10)-(3-17)-(2-49)-(1-6)-(0-68)],0.00034689903259277344,0.009289741516113281,1,True,1
~?@E??A??O??OO@QGG?@?C?????O?@?GOG??A??_@O??@?G?????????@??_??GO???O???_??Gc_???P_e????@?W?A??@???@??GO?A??A???c?_?@????G_AC????A?G???O??o????S?A??_?O?C?O_??aO??????H?C@?AG????@?O?C??C?AAA@??????G?C?CI?????S??O??C?G?G??AO??A_??@C?c_??O????C??_A?P?G?????A??O?????_?C?CC??????????@T?????O????_??G?D?O????OS????Q?_A`??A?????O??G??A???A??_???L??C???CK???G????@??I???a?@????G?@??A???_?_?_I??_????_@O?@G???????E@?,[(58-69)-(56-63)-(55-60)-(53-57)-(46-65)-(45-51)-(40-61)-(39-42)-(37-50)-(33-48)-(31-62)-(28-47)-(27-35)-(26-30)-(25-59)-(24-41)-(23-29)-(22-44)-(21-52)-(20-66)-(16-54)-(15-43)-(14-38)-(13-67)-(12-36)-(11-18)-(9-64)-(8-34)-(7-32)-(5-19)-(4-10)-(3-17)-(2-49)-(1-6)-(0-68)],0.0003535747528076172,0.021869897842407227,3,True,3
~?@E??A??O??OO@QGG?@?C?????O?@?GOG??A??_@O??@?G?????????@??_??GO???O???_??Gc_???P_e????@?W?A??@???@??GO?A??A???c?_?@????G_AC????A?G???O??o????S?A??_?O?C?O_??aO??????H?C@?AG????@?O?C??C?AAA@??????G?C?CI?????S??O??C?G?G??AO??A_??@C?c_??O????C??_A?P?G?????A??O?????_?C?CC??????????@T?????O????_??G?D?O????OS????Q?_A`??A?????O??G??A???A??_???L??C???CK???G????@??I???a?@????G?@??A???_?_?_I??_????_@O?@G???????E@?,[(58-69)-(56-63)-(55-57)-(46-65)-(45-51)-(40-61)-(39-42)-(37-50)-(35-53)-(33-48)-(31-62)-(28-47)-(27-60)-(26-30)-(25-59)-(24-41)-(23-29)-(22-44)-(21-52)-(20-66)-(16-54)-(15-43)-(14-38)-(13-67)-(12-36)-(11-18)-(9-64)-(8-34)-(7-32)-(5-19)-(4-10)-(3-17)-(2-49)-(1-6)-(0-68)],0.0004563331604003906,0.004676103591918945,0,True,0
~?@E??A??O??OO@QGG?@?C?????O?@?GOG??A??_@O??@?G?????????@??_??GO???O???_??Gc_???P_e????@?W?A??@???@??GO?A??A???c?_?@????G_AC????A?G???O??o????S?A??_?O?C?O_??aO??????H?C@?AG????@?O?C??C?AAA@??????G?C?CI?????S??O??C?G?G??AO??A_??@C?c_??O????C??_A?P?G?????A??O?????_?C?CC??????????@T?????O????_??G?D?O????OS????Q?_A`??A?????O??G??A???A??_???L??C???CK???G????@??I???a?@????G?@??A???_?_?_I??_????_@O?@G???????E@?,[(58-69)-(56-63)-(55-57)-(46-65)-(45-51)-(40-61)-(39-42)-(37-50)-(35-53)-(33-48)-(31-62)-(28-47)-(27-60)-(26-30)-(25-59)-(24-41)-(23-29)-(22-44)-(21-52)-(20-66)-(16-54)-(15-43)-(14-38)-(13-67)-(12-36)-(11-18)-(9-64)-(8-34)-(7-32)-(5-19)-(4-10)-(3-17)-(2-49)-(1-6)-(0-68)],0.0003533363342285156,0.0436704158782959,6,True,6
~?@E??A??O??OO@QGG?@?C?????O?@?GOG??A??_@O??@?G?????????@??_??GO???O???_??Gc_???P_e????@?W?A??@???@??GO?A??A???c?_?@????G_AC????A?G???O??o????S?A??_?O?C?O_??aO??????H?C@?AG????@?O?C??C?AAA@??????G?C?CI?????S??O??C?G?G??AO??A_??@C?c_??O????C??_A?P?G?????A??O?????_?C?CC??????????@T?????O????_??G?D?O????OS????Q?_A`??A?????O??G??A???A??_???L??C???CK???G????@??I???a?@????G?@??A???_?_?_I??_????_@O?@G???????E@?,[(58-69)-(55-57)-(53-63)-(46-65)-(45-51)-(40-61)-(39-42)-(37-50)-(35-56)-(33-48)-(31-62)-(28-47)-(27-60)-(26-30)-(25-59)-(24-41)-(23-29)-(22-44)-(21-52)-(20-66)-(16-54)-(15-43)-(14-38)-(13-67)-(12-36)-(11-18)-(9-64)-(8-34)-(7-32)-(5-19)-(4-10)-(3-17)-(2-49)-(1-6)-(0-68)],0.00035071372985839844,0.02897787094116211,4,True,4
~?@E??A??O??OO@QGG?@?C?????O?@?GOG??A??_@O??@?G?????????@??_??GO???O???_??Gc_???P_e????@?W?A??@???@??GO?A??A???c?_?@????G_AC????A?G???O??o????S?A??_?O?C?O_??aO??????H?C@?AG????@?O?C??C?AAA@??????G?C?CI?????S??O??C?G?G??AO??A_??@C?c_??O????C??_A?P?G?????A??O?????_?C?CC??????????@T?????O????_??G?D?O????OS????Q?_A`??A?????O??G??A???A??_???L??C???CK???G????@??I???a?@????G?@??A???_?_?_I??_????_@O?@G???????E@?,[(58-69)-(55-57)-(53-63)-(46-65)-(45-51)-(40-61)-(39-42)-(37-50)-(35-56)-(33-48)-(31-62)-(28-47)-(27-60)-(26-30)-(25-59)-(24-41)-(23-29)-(22-44)-(21-52)-(20-66)-(16-54)-(15-43)-(14-38)-(13-67)-(12-36)-(11-18)-(9-64)-(8-34)-(7-32)-(5-19)-(4-10)-(3-17)-(2-49)-(1-6)-(0-68)],0.0003533363342285156,0.015026569366455078,2,True,2
