G6,emparelhamento,canonical_time,solve_time,qtde_moves,resultado,max_depth
O????Bw}FKWwlOUoDw?}?,[(7-15)-(6-14)-(5-11)-(4-13)-(3-12)-(2-10)-(1-9)-(0-8)],5.364418029785156e-05,0.0021834373474121094,1,True,1
O????Bw}FKWwlOUoDw?}?,[(7-15)-(6-14)-(5-11)-(4-13)-(3-12)-(2-10)-(1-9)-(0-8)],5.245208740234375e-05,0.003994941711425781,2,True,2
O????Bw}FKWwlOUoDw?}?,[(7-14)-(6-15)-(5-11)-(4-13)-(3-12)-(2-10)-(1-9)-(0-8)],5.3882598876953125e-05,0.0009467601776123047,0,True,0
O????Bw}FKWwlOUoDw?}?,[(7-14)-(6-15)-(5-11)-(4-13)-(3-12)-(2-10)-(1-9)-(0-8)],5.173683166503906e-05,0.002087116241455078,1,True,1
O????Bw}FKWwlOUoDw?}?,[(7-15)-(6-11)-(5-14)-(4-13)-(3-12)-(2-10)-(1-9)-(0-8)],5.269050598144531e-05,0.002195119857788086,1,True,1
O????Bw}FKWwlOUoDw?}?,[(7-15)-(6-11)-(5-14)-(4-13)-(3-12)-(2-10)-(1-9)-(0-8)],5.817413330078125e-05,0.0012276172637939453,0,True,0
O????Bw}FKWwlOUoDw?}?,[(7-11)-(6-15)-(5-14)-(4-13)-(3-12)-(2-10)-(1-9)-(0-8)],5.459785461425781e-05,0.0036249160766601562,2,True,2
O????Bw}FKWwlOUoDw?}?,[(7-11)-(6-15)-(5-14)-(4-13)-(3-12)-(2-10)-(1-9)-(0-8)],5.1975250244140625e-05,0.002126932144165039,1,True,1
O????Bw}FKWwlOUoDw?}?,[(7-14)-(6-11)-(5-15)-(4-13)-(3-12)-(2-10)-(1-9)-(0-8)],5.245208740234375e-05,0.0037336349487304688,2,True,2
O????Bw}FKWwlOUoDw?}?,[(7-14)-(6-11)-(5-15)-(4-13)-(3-12)-(2-10)-(1-9)-(0-8)],5.125999450683594e-05,0.0009198188781738281,0,True,0
O????Bw}FKWwlOUoDw?}?,[(7-11)-(6-14)-(5-15)-(4-13)-(3-12)-(2-10)-(1-9)-(0-8)],5.1975250244140625e-05,0.0020885467529296875,1,True,1
O????Bw}FKWwlOUoDw?}?,[(7-11)-(6-14)-(5-15)-(4-13)-(3-12)-(2-10)-(1-9)-(0-8)],5.125999450683594e-05,0.0021321773529052734,1,True,1
O????Bw}FKWwlOUoDw?}?,[(7-15)-(6-13)-(5-11)-(4-14)-(3-12)-(2-10)-(1-9)-(0-8)],5.125999450683594e-05,0.0021011829376220703,1,True,1
O????Bw}FKWwlOUoDw?}?,[(7-15)-(6-13)-(5-11)-(4-14)-(3-12)-(2-10)-(1-9)-(0-8)],5.078315734863281e-05,0.003556489944458008,2,True,2
O????Bw}FKWwlOUoDw?}?,[(7-13)-(6-15)-(5-11)-(4-14)-(3-12)-(2-10)-(1-9)-(0-8)],5.1975250244140625e-05,0.008499383926391602,2,True,2
O????Bw}FKWwlOUoDw?}?,[(7-13)-(6-15)-(5-11)-(4-14)-(3-12)-(2-10)-(1-9)-(0-8)],5.078315734863281e-05,0.0009191036224365234,0,True,0
O????Bw}FKWwlOUoDw?}?,[(7-13)-(6-11)-(5-15)-(4-14)-(3-12)-(2-10)-(1-9)-(0-8)],5.245208740234375e-05,0.005761861801147461,3,True,3
O????Bw}FKWwlOUoDw?}?,[(7-13)-(6-11)-(5-15)-(4-14)-(3-12)-(2-10)-(1-9)-(0-8)],5.14984130859375e-05,0.0021576881408691406,1,True,1
O????Bw}FKWwlOUoDw?}?,[(7-11)-(6-13)-(5-15)-(4-14)-(3-12)-(2-10)-(1-9)-(0-8)],5.316734313964844e-05,0.020535707473754883,0,False,2
O????Bw}FKWwlOUoDw?}?,[(7-11)-(6-13)-(5-15)-(4-14)-(3-12)-(2-10)-(1-9)-(0-8)],5.340576171875e-05,0.0035588741302490234,2,True,2
O????Bw}FKWwfOUoEw@]?,[(7-15)-(6-14)-(5-11)-(4-13)-(3-12)-(2-10)-(1-9)-(0-8)],4.982948303222656e-05,0.005282878875732422,3,True,3
O????Bw}FKWwfOUoEw@]?,[(7-15)-(6-14)-(5-11)-(4-13)-(3-12)-(2-10)-(1-9)-(0-8)],5.030632019042969e-05,0.002336740493774414,1,True,1
O????Bw}FKWwfOUoEw@]?,[(7-14)-(6-15)-(5-11)-(4-13)-(3-12)-(2-10)-(1-9)-(0-8)],5.269050598144531e-05,0.0009505748748779297,0,True,0
O????Bw}FKWwfOUoEw@]?,[(7-14)-(6-15)-(5-11)-(4-13)-(3-12)-(2-10)-(1-9)-(0-8)],5.0067901611328125e-05,0.0020766258239746094,1,True,1
O????Bw}FKWwfOUoEw@]?,[(7-15)-(6-11)-(5-14)-(4-13)-(3-12)-(2-10)-(1-9)-(0-8)],5.054473876953125e-05,0.003637075424194336,1,True,1
O????Bw}FKWwfOUoEw@]?,[(7-15)-(6-11)-(5-14)-(4-13)-(3-12)-(2-10)-(1-9)-(0-8)],5.221366882324219e-05,0.00594329833984375,3,True,3
O????Bw}FKWwfOUoEw@]?,[(7-11)-(6-15)-(5-14)-(4-13)-(3-12)-(2-10)-(1-9)-(0-8)],5.269050598144531e-05,0.0021486282348632812,1,True,1
O????Bw}FKWwfOUoEw@]?,[(7-11)-(6-15)-(5-14)-(4-13)-(3-12)-(2-10)-(1-9)-(0-8)],5.1021575927734375e-05,0.0022084712982177734,1,True,1
O????Bw}FKWwfOUoEw@]?,[(7-14)-(6-11)-(5-15)-(4-13)-(3-12)-(2-10)-(1-9)-(0-8)],5.173683166503906e-05,0.003551006317138672,2,True,2
O????Bw}FKWwfOUoEw@]?,[(7-14)-(6-11)-(5-15)-(4-13)-(3-12)-(2-10)-(1-9)-(0-8)],5.030632019042969e-05,0.0053632259368896484,3,True,3
O????Bw}FKWwfOUoEw@]?,[(7-11)-(6-14)-(5-15)-(4-13)-(3-12)-(2-10)-(1-9)-(0-8)],5.054473876953125e-05,0.005831480026245117,3,True,3
O????Bw}FKWwfOUoEw@]?,[(7-11)-(6-14)-(5-15)-(4-13)-(3-12)-(2-10)-(1-9)-(0-8)],5.14984130859375e-05,0.003514528274536133,2,True,2
O????Bw}FKWwfOUoEw@]?,[(7-14)-(6-13)-(5-11)-(4-15)-(3-12)-(2-10)-(1-9)-(0-8)],5.125999450683594e-05,0.0022430419921875,1,True,1
O????Bw}FKWwfOUoEw@]?,[(7-14)-(6-13)-(5-11)-(4-15)-(3-12)-(2-10)-(1-9)-(0-8)],5.0067901611328125e-05,0.0036237239837646484,2,True,2
O????Bw}FKWwfOUoEw@]?,[(7-13)-(6-14)-(5-11)-(4-15)-(3-12)-(2-10)-(1-9)-(0-8)],5.030632019042969e-05,0.0021071434020996094,1,True,1
O????Bw}FKWwfOUoEw@]?,[(7-13)-(6-14)-(5-11)-(4-15)-(3-12)-(2-10)-(1-9)-(0-8)],5.364418029785156e-05,0.0034949779510498047,2,True,2
O????Bw}FKWwfOUoEw@]?,[(7-13)-(6-11)-(5-14)-(4-15)-(3-12)-(2-10)-(1-9)-(0-8)],5.030632019042969e-05,0.0021016597747802734,1,True,1
O????Bw}FKWwfOUoEw@]?,[(7-13)-(6-11)-(5-14)-(4-15)-(3-12)-(2-10)-(1-9)-(0-8)],5.0067901611328125e-05,0.0009181499481201172,0,True,0
O????Bw}FKWwfOUoEw@]?,[(7-11)-(6-13)-(5-14)-(4-15)-(3-12)-(2-10)-(1-9)-(0-8)],5.030632019042969e-05,0.007279157638549805,4,True,4
O????Bw}FKWwfOUoEw@]?,[(7-11)-(6-13)-(5-14)-(4-15)-(3-12)-(2-10)-(1-9)-(0-8)],5.0067901611328125e-05,0.005225181579589844,3,True,3
O????Bw|Fo[WpoJoBw?}?,[(7-15)-(6-11)-(5-12)-(4-13)-(3-14)-(2-10)-(1-9)-(0-8)],5.030632019042969e-05,0.0035505294799804688,2,True,2
O????Bw|Fo[WpoJoBw?}?,[(7-15)-(6-11)-(5-12)-(4-13)-(3-14)-(2-10)-(1-9)-(0-8)],5.078315734863281e-05,0.008986473083496094,3,True,3
O????Bw|Fo[WpoJoBw?}?,[(7-11)-(6-15)-(5-12)-(4-13)-(3-14)-(2-10)-(1-9)-(0-8)],5.3882598876953125e-05,0.003626585006713867,2,True,2
O????Bw|Fo[WpoJoBw?}?,[(7-11)-(6-15)-(5-12)-(4-13)-(3-14)-(2-10)-(1-9)-(0-8)],8.296966552734375e-05,0.008812189102172852,3,True,3
O????Bw|Fo[WpoJoBw?}?,[(7-12)-(6-11)-(5-15)-(4-13)-(3-14)-(2-10)-(1-9)-(0-8)],5.412101745605469e-05,0.0037674903869628906,2,True,2
O????Bw|Fo[WpoJoBw?}?,[(7-12)-(6-11)-(5-15)-(4-13)-(3-14)-(2-10)-(1-9)-(0-8)],5.173683166503906e-05,0.008667469024658203,3,True,3
O????Bw|Fo[WpoJoBw?}?,[(7-11)-(6-12)-(5-15)-(4-13)-(3-14)-(2-10)-(1-9)-(0-8)],7.271766662597656e-05,0.0064547061920166016,2,True,2
O????Bw|Fo[WpoJoBw?}?,[(7-11)-(6-12)-(5-15)-(4-13)-(3-14)-(2-10)-(1-9)-(0-8)],5.078315734863281e-05,0.007169246673583984,3,True,3
O????Bw|Fo[WpoJoBw?}?,[(7-13)-(6-11)-(5-12)-(4-15)-(3-14)-(2-10)-(1-9)-(0-8)],5.1975250244140625e-05,0.0021028518676757812,1,True,1
O????Bw|Fo[WpoJoBw?}?,[(7-13)-(6-11)-(5-12)-(4-15)-(3-14)-(2-10)-(1-9)-(0-8)],5.078315734863281e-05,0.0035500526428222656,2,True,2
O????Bw|Fo[WpoJoBw?}?,[(7-11)-(6-13)-(5-12)-(4-15)-(3-14)-(2-10)-(1-9)-(0-8)],5.173683166503906e-05,0.0021352767944335938,1,True,1
O????Bw|Fo[WpoJoBw?}?,[(7-11)-(6-13)-(5-12)-(4-15)-(3-14)-(2-10)-(1-9)-(0-8)],5.0067901611328125e-05,0.005234241485595703,3,True,3
O????Bw|Fo[WpoJoBw?}?,[(7-12)-(6-11)-(5-13)-(4-15)-(3-14)-(2-10)-(1-9)-(0-8)],5.173683166503906e-05,0.003527402877807617,2,True,2
O????Bw|Fo[WpoJoBw?}?,[(7-12)-(6-11)-(5-13)-(4-15)-(3-14)-(2-10)-(1-9)-(0-8)],5.078315734863281e-05,0.0052280426025390625,3,True,3
O????Bw|Fo[WpoJoBw?}?,[(7-11)-(6-12)-(5-13)-(4-15)-(3-14)-(2-10)-(1-9)-(0-8)],5.173683166503906e-05,0.003533601760864258,2,True,2
O????Bw|Fo[WpoJoBw?}?,[(7-11)-(6-12)-(5-13)-(4-15)-(3-14)-(2-10)-(1-9)-(0-8)],5.078315734863281e-05,0.005237579345703125,3,True,3
O????Bw|Fo[WpoJoBw?}?,[(7-14)-(6-11)-(5-12)-(4-13)-(3-15)-(2-10)-(1-9)-(0-8)],5.1975250244140625e-05,0.005284547805786133,3,True,3
O????Bw|Fo[WpoJoBw?}?,[(7-14)-(6-11)-(5-12)-(4-13)-(3-15)-(2-10)-(1-9)-(0-8)],5.125999450683594e-05,0.005381584167480469,3,True,3
O????Bw|Fo[WpoJoBw?}?,[(7-11)-(6-14)-(5-12)-(4-13)-(3-15)-(2-10)-(1-9)-(0-8)],5.14984130859375e-05,0.005264997482299805,3,True,3
O????Bw|Fo[WpoJoBw?}?,[(7-11)-(6-14)-(5-12)-(4-13)-(3-15)-(2-10)-(1-9)-(0-8)],5.1021575927734375e-05,0.011803627014160156,3,True,3
O????Bw|FcPw{ORoDw?}?,[(7-15)-(6-14)-(5-13)-(4-11)-(3-12)-(2-10)-(1-9)-(0-8)],5.0067901611328125e-05,0.0009367465972900391,0,True,0
O????Bw|FcPw{ORoDw?}?,[(7-15)-(6-14)-(5-13)-(4-11)-(3-12)-(2-10)-(1-9)-(0-8)],4.982948303222656e-05,0.0009160041809082031,0,True,0
O????Bw|FcPw{ORoDw?}?,[(7-14)-(6-15)-(5-13)-(4-11)-(3-12)-(2-10)-(1-9)-(0-8)],5.0067901611328125e-05,0.0054531097412109375,2,True,2
O????Bw|FcPw{ORoDw?}?,[(7-14)-(6-15)-(5-13)-(4-11)-(3-12)-(2-10)-(1-9)-(0-8)],5.054473876953125e-05,0.007009744644165039,2,True,2
O????Bw|FcPw{ORoDw?}?,[(7-15)-(6-13)-(5-14)-(4-11)-(3-12)-(2-10)-(1-9)-(0-8)],5.1975250244140625e-05,0.003719329833984375,2,True,2
O????Bw|FcPw{ORoDw?}?,[(7-15)-(6-13)-(5-14)-(4-11)-(3-12)-(2-10)-(1-9)-(0-8)],5.125999450683594e-05,0.0009253025054931641,0,True,0
O????Bw|FcPw{ORoDw?}?,[(7-13)-(6-15)-(5-14)-(4-11)-(3-12)-(2-10)-(1-9)-(0-8)],5.173683166503906e-05,0.005997180938720703,3,True,3
O????Bw|FcPw{ORoDw?}?,[(7-13)-(6-15)-(5-14)-(4-11)-(3-12)-(2-10)-(1-9)-(0-8)],5.1021575927734375e-05,0.003724336624145508,2,True,2
O????Bw|FcPw{ORoDw?}?,[(7-14)-(6-13)-(5-15)-(4-11)-(3-12)-(2-10)-(1-9)-(0-8)],5.1021575927734375e-05,0.0052797794342041016,2,True,2
O????Bw|FcPw{ORoDw?}?,[(7-14)-(6-13)-(5-15)-(4-11)-(3-12)-(2-10)-(1-9)-(0-8)],5.054473876953125e-05,0.009023427963256836,3,True,3
O????Bw|FcPw{ORoDw?}?,[(7-13)-(6-14)-(5-15)-(4-11)-(3-12)-(2-10)-(1-9)-(0-8)],5.078315734863281e-05,0.006665229797363281,2,True,2
O????Bw|FcPw{ORoDw?}?,[(7-13)-(6-14)-(5-15)-(4-11)-(3-12)-(2-10)-(1-9)-(0-8)],5.054473876953125e-05,0.005964994430541992,3,True,3
O????Bw|FcPw{ORoDw?}?,[(7-15)-(6-14)-(5-11)-(4-13)-(3-12)-(2-10)-(1-9)-(0-8)],5.054473876953125e-05,0.0035321712493896484,2,True,2
O????Bw|FcPw{ORoDw?}?,[(7-15)-(6-14)-(5-11)-(4-13)-(3-12)-(2-10)-(1-9)-(0-8)],5.054473876953125e-05,0.003495454788208008,2,True,2
O????Bw|FcPw{ORoDw?}?,[(7-14)-(6-15)-(5-11)-(4-13)-(3-12)-(2-10)-(1-9)-(0-8)],5.054473876953125e-05,0.0020809173583984375,1,True,1
O????Bw|FcPw{ORoDw?}?,[(7-14)-(6-15)-(5-11)-(4-13)-(3-12)-(2-10)-(1-9)-(0-8)],5.0067901611328125e-05,0.006635189056396484,2,True,2
O????Bw|FcPw{ORoDw?}?,[(7-15)-(6-11)-(5-14)-(4-13)-(3-12)-(2-10)-(1-9)-(0-8)],5.1021575927734375e-05,0.005237102508544922,3,True,3
O????Bw|FcPw{ORoDw?}?,[(7-15)-(6-11)-(5-14)-(4-13)-(3-12)-(2-10)-(1-9)-(0-8)],5.054473876953125e-05,0.0009267330169677734,0,True,0
O????Bw|FcPw{ORoDw?}?,[(7-11)-(6-15)-(5-14)-(4-13)-(3-12)-(2-10)-(1-9)-(0-8)],5.030632019042969e-05,0.0009429454803466797,0,True,0
O????Bw|FcPw{ORoDw?}?,[(7-11)-(6-15)-(5-14)-(4-13)-(3-12)-(2-10)-(1-9)-(0-8)],4.935264587402344e-05,0.0009343624114990234,0,True,0
O????Bw|FSWwdoVOFW@]?,[(7-15)-(6-14)-(5-11)-(4-13)-(3-12)-(2-10)-(1-9)-(0-8)],5.078315734863281e-05,0.0035545825958251953,2,True,2
O????Bw|FSWwdoVOFW@]?,[(7-15)-(6-14)-(5-11)-(4-13)-(3-12)-(2-10)-(1-9)-(0-8)],5.054473876953125e-05,0.000926971435546875,0,True,0
O????Bw|FSWwdoVOFW@]?,[(7-14)-(6-15)-(5-11)-(4-13)-(3-12)-(2-10)-(1-9)-(0-8)],5.221366882324219e-05,0.0053212642669677734,3,True,3
O????Bw|FSWwdoVOFW@]?,[(7-14)-(6-15)-(5-11)-(4-13)-(3-12)-(2-10)-(1-9)-(0-8)],5.1021575927734375e-05,0.002193927764892578,1,True,1
O????Bw|FSWwdoVOFW@]?,[(7-14)-(6-11)-(5-15)-(4-13)-(3-12)-(2-10)-(1-9)-(0-8)],6.0558319091796875e-05,0.0021822452545166016,1,True,1
O????Bw|FSWwdoVOFW@]?,[(7-14)-(6-11)-(5-15)-(4-13)-(3-12)-(2-10)-(1-9)-(0-8)],5.14984130859375e-05,0.0022907257080078125,1,True,1
O????Bw|FSWwdoVOFW@]?,[(7-11)-(6-14)-(5-15)-(4-13)-(3-12)-(2-10)-(1-9)-(0-8)],5.221366882324219e-05,0.0037119388580322266,2,True,2
O????Bw|FSWwdoVOFW@]?,[(7-11)-(6-14)-(5-15)-(4-13)-(3-12)-(2-10)-(1-9)-(0-8)],5.125999450683594e-05,0.004138946533203125,2,True,2
O????Bw|FSWwdoVOFW@]?,[(7-13)-(6-15)-(5-11)-(4-14)-(3-12)-(2-10)-(1-9)-(0-8)],5.245208740234375e-05,0.005333900451660156,3,True,3
O????Bw|FSWwdoVOFW@]?,[(7-13)-(6-15)-(5-11)-(4-14)-(3-12)-(2-10)-(1-9)-(0-8)],6.866455078125e-05,0.003911495208740234,2,True,2
O????Bw|FSWwdoVOFW@]?,[(7-15)-(6-11)-(5-13)-(4-14)-(3-12)-(2-10)-(1-9)-(0-8)],5.173683166503906e-05,0.0035965442657470703,2,True,2
O????Bw|FSWwdoVOFW@]?,[(7-15)-(6-11)-(5-13)-(4-14)-(3-12)-(2-10)-(1-9)-(0-8)],5.125999450683594e-05,0.0009198188781738281,0,True,0
O????Bw|FSWwdoVOFW@]?,[(7-11)-(6-15)-(5-13)-(4-14)-(3-12)-(2-10)-(1-9)-(0-8)],5.1021575927734375e-05,0.0020995140075683594,1,True,1
O????Bw|FSWwdoVOFW@]?,[(7-11)-(6-15)-(5-13)-(4-14)-(3-12)-(2-10)-(1-9)-(0-8)],5.054473876953125e-05,0.0052258968353271484,3,True,3
O????Bw|FSWwdoVOFW@]?,[(7-13)-(6-11)-(5-15)-(4-14)-(3-12)-(2-10)-(1-9)-(0-8)],5.125999450683594e-05,0.0035371780395507812,2,True,2
O????Bw|FSWwdoVOFW@]?,[(7-13)-(6-11)-(5-15)-(4-14)-(3-12)-(2-10)-(1-9)-(0-8)],5.1021575927734375e-05,0.002203226089477539,1,True,1
O????Bw|FSWwdoVOFW@]?,[(7-13)-(6-14)-(5-11)-(4-15)-(3-12)-(2-10)-(1-9)-(0-8)],5.173683166503906e-05,0.0021038055419921875,1,True,1
O????Bw|FSWwdoVOFW@]?,[(7-13)-(6-14)-(5-11)-(4-15)-(3-12)-(2-10)-(1-9)-(0-8)],5.030632019042969e-05,0.0020804405212402344,1,True,1
O????Bw|FSWwdoVOFW@]?,[(7-14)-(6-11)-(5-13)-(4-15)-(3-12)-(2-10)-(1-9)-(0-8)],5.173683166503906e-05,0.003551959991455078,2,True,2
O????Bw|FSWwdoVOFW@]?,[(7-14)-(6-11)-(5-13)-(4-15)-(3-12)-(2-10)-(1-9)-(0-8)],5.078315734863281e-05,0.002074003219604492,1,True,1
O????Bw|FSWwdoRoFg@u?,[(7-14)-(6-15)-(5-11)-(4-13)-(3-12)-(2-10)-(1-9)-(0-8)],4.9591064453125e-05,0.0020904541015625,1,True,1
O????Bw|FSWwdoRoFg@u?,[(7-14)-(6-15)-(5-11)-(4-13)-(3-12)-(2-10)-(1-9)-(0-8)],4.9591064453125e-05,0.0034825801849365234,1,True,1
O????Bw|FSWwdoRoFg@u?,[(7-15)-(6-11)-(5-14)-(4-13)-(3-12)-(2-10)-(1-9)-(0-8)],5.14984130859375e-05,0.0009441375732421875,0,True,0
O????Bw|FSWwdoRoFg@u?,[(7-15)-(6-11)-(5-14)-(4-13)-(3-12)-(2-10)-(1-9)-(0-8)],4.982948303222656e-05,0.002130746841430664,1,True,1
O????Bw|FSWwdoRoFg@u?,[(7-11)-(6-15)-(5-14)-(4-13)-(3-12)-(2-10)-(1-9)-(0-8)],7.2479248046875e-05,0.001068115234375,0,True,0
O????Bw|FSWwdoRoFg@u?,[(7-11)-(6-15)-(5-14)-(4-13)-(3-12)-(2-10)-(1-9)-(0-8)],5.030632019042969e-05,0.0009641647338867188,0,True,0
O????Bw|FSWwdoRoFg@u?,[(7-15)-(6-13)-(5-11)-(4-14)-(3-12)-(2-10)-(1-9)-(0-8)],5.14984130859375e-05,0.0021686553955078125,1,True,1
O????Bw|FSWwdoRoFg@u?,[(7-15)-(6-13)-(5-11)-(4-14)-(3-12)-(2-10)-(1-9)-(0-8)],5.054473876953125e-05,0.005429744720458984,3,True,3
O????Bw|FSWwdoRoFg@u?,[(7-13)-(6-15)-(5-11)-(4-14)-(3-12)-(2-10)-(1-9)-(0-8)],5.173683166503906e-05,0.003599405288696289,2,True,2
O????Bw|FSWwdoRoFg@u?,[(7-13)-(6-15)-(5-11)-(4-14)-(3-12)-(2-10)-(1-9)-(0-8)],7.43865966796875e-05,0.0035614967346191406,2,True,2
O????Bw|FSWwdoRoFg@u?,[(7-15)-(6-11)-(5-13)-(4-14)-(3-12)-(2-10)-(1-9)-(0-8)],5.125999450683594e-05,0.0021696090698242188,1,True,1
O????Bw|FSWwdoRoFg@u?,[(7-15)-(6-11)-(5-13)-(4-14)-(3-12)-(2-10)-(1-9)-(0-8)],4.982948303222656e-05,0.005257844924926758,3,True,3
O????Bw|FSWwdoRoFg@u?,[(7-11)-(6-15)-(5-13)-(4-14)-(3-12)-(2-10)-(1-9)-(0-8)],5.14984130859375e-05,0.0009334087371826172,0,True,0
O????Bw|FSWwdoRoFg@u?,[(7-11)-(6-15)-(5-13)-(4-14)-(3-12)-(2-10)-(1-9)-(0-8)],5.0067901611328125e-05,0.003529071807861328,2,True,2
O????Bw|FSWwdoRoFg@u?,[(7-14)-(6-13)-(5-11)-(4-15)-(3-12)-(2-10)-(1-9)-(0-8)],5.078315734863281e-05,0.002100229263305664,1,True,1
O????Bw|FSWwdoRoFg@u?,[(7-14)-(6-13)-(5-11)-(4-15)-(3-12)-(2-10)-(1-9)-(0-8)],4.9591064453125e-05,0.0052721500396728516,3,True,3
O????Bw|FSWwdoRoFg@u?,[(7-14)-(6-11)-(5-13)-(4-15)-(3-12)-(2-10)-(1-9)-(0-8)],5.078315734863281e-05,0.002107381820678711,1,True,1
O????Bw|FSWwdoRoFg@u?,[(7-14)-(6-11)-(5-13)-(4-15)-(3-12)-(2-10)-(1-9)-(0-8)],4.9114227294921875e-05,0.0020880699157714844,1,True,1
O????Bw|FSWwdoRoFg@u?,[(7-13)-(6-11)-(5-14)-(4-15)-(3-12)-(2-10)-(1-9)-(0-8)],5.030632019042969e-05,0.0052759647369384766,3,True,3
O????Bw|FSWwdoRoFg@u?,[(7-13)-(6-11)-(5-14)-(4-15)-(3-12)-(2-10)-(1-9)-(0-8)],5.1021575927734375e-05,0.005234718322753906,3,True,3
O????Bw|FEZ_woJoBw?}?,[(7-15)-(6-12)-(5-14)-(4-13)-(3-11)-(2-10)-(1-9)-(0-8)],5.030632019042969e-05,0.0035483837127685547,2,True,2
O????Bw|FEZ_woJoBw?}?,[(7-15)-(6-12)-(5-14)-(4-13)-(3-11)-(2-10)-(1-9)-(0-8)],5.054473876953125e-05,0.002070188522338867,1,True,1
O????Bw|FEZ_woJoBw?}?,[(7-12)-(6-15)-(5-14)-(4-13)-(3-11)-(2-10)-(1-9)-(0-8)],5.125999450683594e-05,0.003597259521484375,2,True,2
O????Bw|FEZ_woJoBw?}?,[(7-12)-(6-15)-(5-14)-(4-13)-(3-11)-(2-10)-(1-9)-(0-8)],5.173683166503906e-05,0.0021228790283203125,1,True,1
O????Bw|FEZ_woJoBw?}?,[(7-14)-(6-12)-(5-15)-(4-13)-(3-11)-(2-10)-(1-9)-(0-8)],5.245208740234375e-05,0.003693103790283203,2,True,2
O????Bw|FEZ_woJoBw?}?,[(7-14)-(6-12)-(5-15)-(4-13)-(3-11)-(2-10)-(1-9)-(0-8)],5.316734313964844e-05,0.002062559127807617,1,True,1
O????Bw|FEZ_woJoBw?}?,[(7-12)-(6-14)-(5-15)-(4-13)-(3-11)-(2-10)-(1-9)-(0-8)],5.245208740234375e-05,0.0036835670471191406,2,True,2
O????Bw|FEZ_woJoBw?}?,[(7-12)-(6-14)-(5-15)-(4-13)-(3-11)-(2-10)-(1-9)-(0-8)],5.125999450683594e-05,0.002537250518798828,1,True,1
O????Bw|FEZ_woJoBw?}?,[(7-15)-(6-12)-(5-13)-(4-14)-(3-11)-(2-10)-(1-9)-(0-8)],5.221366882324219e-05,0.0036034584045410156,2,True,2
O????Bw|FEZ_woJoBw?}?,[(7-15)-(6-12)-(5-13)-(4-14)-(3-11)-(2-10)-(1-9)-(0-8)],5.1975250244140625e-05,0.002210378646850586,1,True,1
O????Bw|FEZ_woJoBw?}?,[(7-12)-(6-15)-(5-13)-(4-14)-(3-11)-(2-10)-(1-9)-(0-8)],5.459785461425781e-05,0.0035779476165771484,2,True,2
O????Bw|FEZ_woJoBw?}?,[(7-12)-(6-15)-(5-13)-(4-14)-(3-11)-(2-10)-(1-9)-(0-8)],5.078315734863281e-05,0.0034983158111572266,1,True,1
O????Bw|FEZ_woJoBw?}?,[(7-13)-(6-12)-(5-15)-(4-14)-(3-11)-(2-10)-(1-9)-(0-8)],5.1975250244140625e-05,0.0021164417266845703,1,True,1
O????Bw|FEZ_woJoBw?}?,[(7-13)-(6-12)-(5-15)-(4-14)-(3-11)-(2-10)-(1-9)-(0-8)],6.270408630371094e-05,0.0020668506622314453,1,True,1
O????Bw|FEZ_woJoBw?}?,[(7-12)-(6-13)-(5-15)-(4-14)-(3-11)-(2-10)-(1-9)-(0-8)],5.2928924560546875e-05,0.002434968948364258,1,True,1
O????Bw|FEZ_woJoBw?}?,[(7-12)-(6-13)-(5-15)-(4-14)-(3-11)-(2-10)-(1-9)-(0-8)],5.078315734863281e-05,0.003436565399169922,1,True,1
O????Bw|FEZ_woJoBw?}?,[(7-14)-(6-12)-(5-13)-(4-15)-(3-11)-(2-10)-(1-9)-(0-8)],5.1975250244140625e-05,0.007400035858154297,4,True,4
O????Bw|FEZ_woJoBw?}?,[(7-14)-(6-12)-(5-13)-(4-15)-(3-11)-(2-10)-(1-9)-(0-8)],5.078315734863281e-05,0.0009253025054931641,0,True,0
O????Bw|FEZ_woJoBw?}?,[(7-12)-(6-14)-(5-13)-(4-15)-(3-11)-(2-10)-(1-9)-(0-8)],5.1975250244140625e-05,0.007235288619995117,4,True,4
O????Bw|FEZ_woJoBw?}?,[(7-12)-(6-14)-(5-13)-(4-15)-(3-11)-(2-10)-(1-9)-(0-8)],5.054473876953125e-05,0.0009257793426513672,0,True,0
O????Bw|FE\\OxOFoBw?}?,[(7-15)-(6-14)-(5-12)-(4-11)-(3-13)-(2-10)-(1-9)-(0-8)],5.030632019042969e-05,0.005267143249511719,3,True,3
O????Bw|FE\\OxOFoBw?}?,[(7-15)-(6-14)-(5-12)-(4-11)-(3-13)-(2-10)-(1-9)-(0-8)],5.078315734863281e-05,0.0038199424743652344,2,True,2
O????Bw|FE\\OxOFoBw?}?,[(7-14)-(6-15)-(5-12)-(4-11)-(3-13)-(2-10)-(1-9)-(0-8)],5.269050598144531e-05,0.0020983219146728516,1,True,1
O????Bw|FE\\OxOFoBw?}?,[(7-14)-(6-15)-(5-12)-(4-11)-(3-13)-(2-10)-(1-9)-(0-8)],5.030632019042969e-05,0.001203298568725586,0,True,0
O????Bw|FE\\OxOFoBw?}?,[(7-12)-(6-15)-(5-14)-(4-11)-(3-13)-(2-10)-(1-9)-(0-8)],5.173683166503906e-05,0.0009989738464355469,0,True,0
O????Bw|FE\\OxOFoBw?}?,[(7-12)-(6-15)-(5-14)-(4-11)-(3-13)-(2-10)-(1-9)-(0-8)],5.054473876953125e-05,0.0056879520416259766,3,True,3
O????Bw|FE\\OxOFoBw?}?,[(7-12)-(6-14)-(5-15)-(4-11)-(3-13)-(2-10)-(1-9)-(0-8)],5.245208740234375e-05,0.003991842269897461,1,True,1
O????Bw|FE\\OxOFoBw?}?,[(7-12)-(6-14)-(5-15)-(4-11)-(3-13)-(2-10)-(1-9)-(0-8)],5.14984130859375e-05,0.0021250247955322266,1,True,1
O????Bw|FE\\OxOFoBw?}?,[(7-15)-(6-11)-(5-12)-(4-14)-(3-13)-(2-10)-(1-9)-(0-8)],6.914138793945312e-05,0.007391452789306641,4,True,4
O????Bw|FE\\OxOFoBw?}?,[(7-15)-(6-11)-(5-12)-(4-14)-(3-13)-(2-10)-(1-9)-(0-8)],5.125999450683594e-05,0.005204916000366211,3,True,3
O????Bw|FE\\OxOFoBw?}?,[(7-12)-(6-11)-(5-15)-(4-14)-(3-13)-(2-10)-(1-9)-(0-8)],5.173683166503906e-05,0.0020923614501953125,1,True,1
O????Bw|FE\\OxOFoBw?}?,[(7-12)-(6-11)-(5-15)-(4-14)-(3-13)-(2-10)-(1-9)-(0-8)],5.054473876953125e-05,0.003505706787109375,2,True,2
O????Bw|FE\\OxOFoBw?}?,[(7-14)-(6-11)-(5-12)-(4-15)-(3-13)-(2-10)-(1-9)-(0-8)],5.125999450683594e-05,0.007263898849487305,4,True,4
O????Bw|FE\\OxOFoBw?}?,[(7-14)-(6-11)-(5-12)-(4-15)-(3-13)-(2-10)-(1-9)-(0-8)],5.078315734863281e-05,0.0052378177642822266,3,True,3
O????Bw|FE\\OxOFoBw?}?,[(7-12)-(6-11)-(5-14)-(4-15)-(3-13)-(2-10)-(1-9)-(0-8)],5.1021575927734375e-05,0.002230405807495117,1,True,1
O????Bw|FE\\OxOFoBw?}?,[(7-12)-(6-11)-(5-14)-(4-15)-(3-13)-(2-10)-(1-9)-(0-8)],5.0067901611328125e-05,0.007660865783691406,4,True,4
O????Bw|FE\\OxOFoBw?}?,[(7-15)-(6-13)-(5-12)-(4-11)-(3-14)-(2-10)-(1-9)-(0-8)],5.173683166503906e-05,0.0021004676818847656,1,True,1
O????Bw|FE\\OxOFoBw?}?,[(7-15)-(6-13)-(5-12)-(4-11)-(3-14)-(2-10)-(1-9)-(0-8)],5.0067901611328125e-05,0.003517627716064453,2,True,2
O????Bw|FE\\OxOFoBw?}?,[(7-13)-(6-15)-(5-12)-(4-11)-(3-14)-(2-10)-(1-9)-(0-8)],5.1975250244140625e-05,0.000942230224609375,0,True,0
O????Bw|FE\\OxOFoBw?}?,[(7-13)-(6-15)-(5-12)-(4-11)-(3-14)-(2-10)-(1-9)-(0-8)],5.078315734863281e-05,0.0035157203674316406,2,True,2
O????Bw|FEZOtOFoDw@]?,[(7-15)-(6-14)-(5-12)-(4-13)-(3-11)-(2-10)-(1-9)-(0-8)],5.125999450683594e-05,0.0035567283630371094,2,True,2
O????Bw|FEZOtOFoDw@]?,[(7-15)-(6-14)-(5-12)-(4-13)-(3-11)-(2-10)-(1-9)-(0-8)],5.054473876953125e-05,0.002081155776977539,1,True,1
O????Bw|FEZOtOFoDw@]?,[(7-14)-(6-15)-(5-12)-(4-13)-(3-11)-(2-10)-(1-9)-(0-8)],5.435943603515625e-05,0.0022122859954833984,1,True,1
O????Bw|FEZOtOFoDw@]?,[(7-14)-(6-15)-(5-12)-(4-13)-(3-11)-(2-10)-(1-9)-(0-8)],5.054473876953125e-05,0.002227306365966797,1,True,1
O????Bw|FEZOtOFoDw@]?,[(7-12)-(6-15)-(5-14)-(4-13)-(3-11)-(2-10)-(1-9)-(0-8)],5.173683166503906e-05,0.005608320236206055,2,True,2
O????Bw|FEZOtOFoDw@]?,[(7-12)-(6-15)-(5-14)-(4-13)-(3-11)-(2-10)-(1-9)-(0-8)],9.369850158691406e-05,0.003571748733520508,2,True,2
O????Bw|FEZOtOFoDw@]?,[(7-12)-(6-14)-(5-15)-(4-13)-(3-11)-(2-10)-(1-9)-(0-8)],5.2928924560546875e-05,0.012510299682617188,3,True,3
O????Bw|FEZOtOFoDw@]?,[(7-12)-(6-14)-(5-15)-(4-13)-(3-11)-(2-10)-(1-9)-(0-8)],5.221366882324219e-05,0.0009236335754394531,0,True,0
O????Bw|FEZOtOFoDw@]?,[(7-15)-(6-13)-(5-12)-(4-14)-(3-11)-(2-10)-(1-9)-(0-8)],5.221366882324219e-05,0.007845401763916016,4,True,4
O????Bw|FEZOtOFoDw@]?,[(7-15)-(6-13)-(5-12)-(4-14)-(3-11)-(2-10)-(1-9)-(0-8)],5.173683166503906e-05,0.003510713577270508,2,True,2
O????Bw|FEZOtOFoDw@]?,[(7-13)-(6-15)-(5-12)-(4-14)-(3-11)-(2-10)-(1-9)-(0-8)],5.1975250244140625e-05,0.0054094791412353516,3,True,3
O????Bw|FEZOtOFoDw@]?,[(7-13)-(6-15)-(5-12)-(4-14)-(3-11)-(2-10)-(1-9)-(0-8)],5.125999450683594e-05,0.0035102367401123047,2,True,2
O????Bw|FEZOtOFoDw@]?,[(7-12)-(6-15)-(5-13)-(4-14)-(3-11)-(2-10)-(1-9)-(0-8)],5.221366882324219e-05,0.007216691970825195,4,True,4
O????Bw|FEZOtOFoDw@]?,[(7-12)-(6-15)-(5-13)-(4-14)-(3-11)-(2-10)-(1-9)-(0-8)],5.14984130859375e-05,0.0009260177612304688,0,True,0
O????Bw|FEZOtOFoDw@]?,[(7-12)-(6-13)-(5-15)-(4-14)-(3-11)-(2-10)-(1-9)-(0-8)],5.173683166503906e-05,0.0052487850189208984,3,True,3
O????Bw|FEZOtOFoDw@]?,[(7-12)-(6-13)-(5-15)-(4-14)-(3-11)-(2-10)-(1-9)-(0-8)],5.078315734863281e-05,0.0009224414825439453,0,True,0
O????Bw|FEZOtOFoDw@]?,[(7-14)-(6-13)-(5-12)-(4-15)-(3-11)-(2-10)-(1-9)-(0-8)],5.1975250244140625e-05,0.005281925201416016,3,True,3
O????Bw|FEZOtOFoDw@]?,[(7-14)-(6-13)-(5-12)-(4-15)-(3-11)-(2-10)-(1-9)-(0-8)],5.1021575927734375e-05,0.003541707992553711,2,True,2
O????Bw|FEZOtOFoDw@]?,[(7-13)-(6-14)-(5-12)-(4-15)-(3-11)-(2-10)-(1-9)-(0-8)],5.221366882324219e-05,0.003529071807861328,2,True,2
O????Bw|FEZOtOFoDw@]?,[(7-13)-(6-14)-(5-12)-(4-15)-(3-11)-(2-10)-(1-9)-(0-8)],5.054473876953125e-05,0.0020618438720703125,1,True,1
O????Bw|FEXojOUoBw@m?,[(7-15)-(6-14)-(5-12)-(4-11)-(3-13)-(2-10)-(1-9)-(0-8)],5.054473876953125e-05,0.005248308181762695,3,True,3
O????Bw|FEXojOUoBw@m?,[(7-15)-(6-14)-(5-12)-(4-11)-(3-13)-(2-10)-(1-9)-(0-8)],5.0067901611328125e-05,0.0023059844970703125,1,True,1
O????Bw|FEXojOUoBw@m?,[(7-14)-(6-15)-(5-12)-(4-11)-(3-13)-(2-10)-(1-9)-(0-8)],9.989738464355469e-05,0.003926515579223633,2,True,2
O????Bw|FEXojOUoBw@m?,[(7-14)-(6-15)-(5-12)-(4-11)-(3-13)-(2-10)-(1-9)-(0-8)],5.316734313964844e-05,0.003590822219848633,2,True,2
O????Bw|FEXojOUoBw@m?,[(7-12)-(6-15)-(5-14)-(4-11)-(3-13)-(2-10)-(1-9)-(0-8)],5.459785461425781e-05,0.0021848678588867188,1,True,1
O????Bw|FEXojOUoBw@m?,[(7-12)-(6-15)-(5-14)-(4-11)-(3-13)-(2-10)-(1-9)-(0-8)],5.14984130859375e-05,0.002209901809692383,1,True,1
O????Bw|FEXojOUoBw@m?,[(7-12)-(6-14)-(5-15)-(4-11)-(3-13)-(2-10)-(1-9)-(0-8)],5.245208740234375e-05,0.0022246837615966797,1,True,1
O????Bw|FEXojOUoBw@m?,[(7-12)-(6-14)-(5-15)-(4-11)-(3-13)-(2-10)-(1-9)-(0-8)],5.1021575927734375e-05,0.003576040267944336,2,True,2
O????Bw|FEXojOUoBw@m?,[(7-15)-(6-14)-(5-11)-(4-12)-(3-13)-(2-10)-(1-9)-(0-8)],5.14984130859375e-05,0.0009300708770751953,0,True,0
O????Bw|FEXojOUoBw@m?,[(7-15)-(6-14)-(5-11)-(4-12)-(3-13)-(2-10)-(1-9)-(0-8)],5.1021575927734375e-05,0.0036773681640625,2,True,2
O????Bw|FEXojOUoBw@m?,[(7-14)-(6-15)-(5-11)-(4-12)-(3-13)-(2-10)-(1-9)-(0-8)],5.1975250244140625e-05,0.0021009445190429688,1,True,1
O????Bw|FEXojOUoBw@m?,[(7-14)-(6-15)-(5-11)-(4-12)-(3-13)-(2-10)-(1-9)-(0-8)],5.078315734863281e-05,0.0020635128021240234,1,True,1
O????Bw|FEXojOUoBw@m?,[(7-15)-(6-11)-(5-14)-(4-12)-(3-13)-(2-10)-(1-9)-(0-8)],5.1021575927734375e-05,0.002102375030517578,1,True,1
O????Bw|FEXojOUoBw@m?,[(7-15)-(6-11)-(5-14)-(4-12)-(3-13)-(2-10)-(1-9)-(0-8)],5.078315734863281e-05,0.0020742416381835938,1,True,1
O????Bw|FEXojOUoBw@m?,[(7-14)-(6-11)-(5-15)-(4-12)-(3-13)-(2-10)-(1-9)-(0-8)],5.078315734863281e-05,0.0020875930786132812,1,True,1
O????Bw|FEXojOUoBw@m?,[(7-14)-(6-11)-(5-15)-(4-12)-(3-13)-(2-10)-(1-9)-(0-8)],5.030632019042969e-05,0.0034999847412109375,2,True,2
O????Bw|FEXojOUoBw@m?,[(7-12)-(6-15)-(5-11)-(4-14)-(3-13)-(2-10)-(1-9)-(0-8)],5.125999450683594e-05,0.0021696090698242188,1,True,1
O????Bw|FEXojOUoBw@m?,[(7-12)-(6-15)-(5-11)-(4-14)-(3-13)-(2-10)-(1-9)-(0-8)],5.054473876953125e-05,0.0020568370819091797,1,True,1
O????Bw|FEXojOUoBw@m?,[(7-15)-(6-11)-(5-12)-(4-14)-(3-13)-(2-10)-(1-9)-(0-8)],5.14984130859375e-05,0.0035867691040039062,2,True,2
O????Bw|FEXojOUoBw@m?,[(7-15)-(6-11)-(5-12)-(4-14)-(3-13)-(2-10)-(1-9)-(0-8)],5.0067901611328125e-05,0.0038568973541259766,2,True,2
O????Bw|FEXofOMoDwAm?,[(7-15)-(6-13)-(5-14)-(4-11)-(3-12)-(2-10)-(1-9)-(0-8)],5.030632019042969e-05,0.002103567123413086,1,True,1
O????Bw|FEXofOMoDwAm?,[(7-15)-(6-13)-(5-14)-(4-11)-(3-12)-(2-10)-(1-9)-(0-8)],5.030632019042969e-05,0.0020706653594970703,1,True,1
O????Bw|FEXofOMoDwAm?,[(7-13)-(6-15)-(5-14)-(4-11)-(3-12)-(2-10)-(1-9)-(0-8)],5.125999450683594e-05,0.0020978450775146484,1,True,1
O????Bw|FEXofOMoDwAm?,[(7-13)-(6-15)-(5-14)-(4-11)-(3-12)-(2-10)-(1-9)-(0-8)],5.1021575927734375e-05,0.0020575523376464844,1,True,1
O????Bw|FEXofOMoDwAm?,[(7-14)-(6-13)-(5-15)-(4-11)-(3-12)-(2-10)-(1-9)-(0-8)],5.1021575927734375e-05,0.004003047943115234,2,True,2
O????Bw|FEXofOMoDwAm?,[(7-14)-(6-13)-(5-15)-(4-11)-(3-12)-(2-10)-(1-9)-(0-8)],5.078315734863281e-05,0.0009174346923828125,0,True,0
O????Bw|FEXofOMoDwAm?,[(7-13)-(6-14)-(5-15)-(4-11)-(3-12)-(2-10)-(1-9)-(0-8)],5.269050598144531e-05,0.0021665096282958984,1,True,1
O????Bw|FEXofOMoDwAm?,[(7-13)-(6-14)-(5-15)-(4-11)-(3-12)-(2-10)-(1-9)-(0-8)],5.054473876953125e-05,0.00091552734375,0,True,0
O????Bw|FEXofOMoDwAm?,[(7-15)-(6-14)-(5-11)-(4-13)-(3-12)-(2-10)-(1-9)-(0-8)],5.221366882324219e-05,0.004607200622558594,2,True,2
O????Bw|FEXofOMoDwAm?,[(7-15)-(6-14)-(5-11)-(4-13)-(3-12)-(2-10)-(1-9)-(0-8)],5.173683166503906e-05,0.0035665035247802734,2,True,2
O????Bw|FEXofOMoDwAm?,[(7-14)-(6-15)-(5-11)-(4-13)-(3-12)-(2-10)-(1-9)-(0-8)],5.1975250244140625e-05,0.0022563934326171875,1,True,1
O????Bw|FEXofOMoDwAm?,[(7-14)-(6-15)-(5-11)-(4-13)-(3-12)-(2-10)-(1-9)-(0-8)],5.1021575927734375e-05,0.005293369293212891,3,True,3
O????Bw|FEXofOMoDwAm?,[(7-15)-(6-11)-(5-14)-(4-13)-(3-12)-(2-10)-(1-9)-(0-8)],5.173683166503906e-05,0.0035271644592285156,2,True,2
O????Bw|FEXofOMoDwAm?,[(7-15)-(6-11)-(5-14)-(4-13)-(3-12)-(2-10)-(1-9)-(0-8)],5.459785461425781e-05,0.0034978389739990234,2,True,2
O????Bw|FEXofOMoDwAm?,[(7-14)-(6-11)-(5-15)-(4-13)-(3-12)-(2-10)-(1-9)-(0-8)],5.53131103515625e-05,0.003530740737915039,2,True,2
O????Bw|FEXofOMoDwAm?,[(7-14)-(6-11)-(5-15)-(4-13)-(3-12)-(2-10)-(1-9)-(0-8)],5.1021575927734375e-05,0.002070188522338867,1,True,1
O????Bw|FEXofOMoDwAm?,[(7-15)-(6-13)-(5-11)-(4-14)-(3-12)-(2-10)-(1-9)-(0-8)],5.173683166503906e-05,0.005156040191650391,2,True,2
O????Bw|FEXofOMoDwAm?,[(7-15)-(6-13)-(5-11)-(4-14)-(3-12)-(2-10)-(1-9)-(0-8)],5.125999450683594e-05,0.002074003219604492,1,True,1
O????Bw|FEXofOMoDwAm?,[(7-13)-(6-15)-(5-11)-(4-14)-(3-12)-(2-10)-(1-9)-(0-8)],5.173683166503906e-05,0.005434513092041016,3,True,3
O????Bw|FEXofOMoDwAm?,[(7-13)-(6-15)-(5-11)-(4-14)-(3-12)-(2-10)-(1-9)-(0-8)],5.078315734863281e-05,0.005221366882324219,3,True,3
O????Bw|FEXokoVODw?}?,[(7-15)-(6-14)-(5-13)-(4-11)-(3-12)-(2-10)-(1-9)-(0-8)],5.054473876953125e-05,0.0035238265991210938,2,True,2
O????Bw|FEXokoVODw?}?,[(7-15)-(6-14)-(5-13)-(4-11)-(3-12)-(2-10)-(1-9)-(0-8)],5.1021575927734375e-05,0.0020797252655029297,1,True,1
O????Bw|FEXokoVODw?}?,[(7-14)-(6-15)-(5-13)-(4-11)-(3-12)-(2-10)-(1-9)-(0-8)],5.245208740234375e-05,0.0020928382873535156,1,True,1
O????Bw|FEXokoVODw?}?,[(7-14)-(6-15)-(5-13)-(4-11)-(3-12)-(2-10)-(1-9)-(0-8)],4.9591064453125e-05,0.002081632614135742,1,True,1
O????Bw|FEXokoVODw?}?,[(7-13)-(6-15)-(5-14)-(4-11)-(3-12)-(2-10)-(1-9)-(0-8)],0.0001308917999267578,0.003945827484130859,2,True,2
O????Bw|FEXokoVODw?}?,[(7-13)-(6-15)-(5-14)-(4-11)-(3-12)-(2-10)-(1-9)-(0-8)],5.054473876953125e-05,0.002158641815185547,1,True,1
O????Bw|FEXokoVODw?}?,[(7-13)-(6-14)-(5-15)-(4-11)-(3-12)-(2-10)-(1-9)-(0-8)],5.269050598144531e-05,0.0036978721618652344,2,True,2
O????Bw|FEXokoVODw?}?,[(7-13)-(6-14)-(5-15)-(4-11)-(3-12)-(2-10)-(1-9)-(0-8)],5.054473876953125e-05,0.002149343490600586,1,True,1
O????Bw|FEXokoVODw?}?,[(7-15)-(6-14)-(5-11)-(4-13)-(3-12)-(2-10)-(1-9)-(0-8)],5.1975250244140625e-05,0.003882884979248047,2,True,2
O????Bw|FEXokoVODw?}?,[(7-15)-(6-14)-(5-11)-(4-13)-(3-12)-(2-10)-(1-9)-(0-8)],5.054473876953125e-05,0.006768465042114258,2,True,2
O????Bw|FEXokoVODw?}?,[(7-14)-(6-15)-(5-11)-(4-13)-(3-12)-(2-10)-(1-9)-(0-8)],5.078315734863281e-05,0.0054187774658203125,3,True,3
O????Bw|FEXokoVODw?}?,[(7-14)-(6-15)-(5-11)-(4-13)-(3-12)-(2-10)-(1-9)-(0-8)],5.078315734863281e-05,0.003663778305053711,2,True,2
O????Bw|FEXokoVODw?}?,[(7-15)-(6-11)-(5-14)-(4-13)-(3-12)-(2-10)-(1-9)-(0-8)],5.14984130859375e-05,0.005883932113647461,3,True,3
O????Bw|FEXokoVODw?}?,[(7-15)-(6-11)-(5-14)-(4-13)-(3-12)-(2-10)-(1-9)-(0-8)],5.2928924560546875e-05,0.002066373825073242,1,True,1
O????Bw|FEXokoVODw?}?,[(7-14)-(6-11)-(5-15)-(4-13)-(3-12)-(2-10)-(1-9)-(0-8)],5.054473876953125e-05,0.0035266876220703125,2,True,2
O????Bw|FEXokoVODw?}?,[(7-14)-(6-11)-(5-15)-(4-13)-(3-12)-(2-10)-(1-9)-(0-8)],5.030632019042969e-05,0.00350189208984375,2,True,2
O????Bw|FEXokoVODw?}?,[(7-13)-(6-15)-(5-11)-(4-14)-(3-12)-(2-10)-(1-9)-(0-8)],5.14984130859375e-05,0.0022521018981933594,1,True,1
O????Bw|FEXokoVODw?}?,[(7-13)-(6-15)-(5-11)-(4-14)-(3-12)-(2-10)-(1-9)-(0-8)],5.054473876953125e-05,0.0022237300872802734,1,True,1
O????Bw|FEXokoVODw?}?,[(7-15)-(6-11)-(5-13)-(4-14)-(3-12)-(2-10)-(1-9)-(0-8)],5.125999450683594e-05,0.0052683353424072266,3,True,3
O????Bw|FEXokoVODw?}?,[(7-15)-(6-11)-(5-13)-(4-14)-(3-12)-(2-10)-(1-9)-(0-8)],5.030632019042969e-05,0.0009162425994873047,0,True,0
O????Bw|FEXokoNOHw?}?,[(7-15)-(6-14)-(5-13)-(4-11)-(3-12)-(2-10)-(1-9)-(0-8)],5.054473876953125e-05,0.0009367465972900391,0,True,0
O????Bw|FEXokoNOHw?}?,[(7-15)-(6-14)-(5-13)-(4-11)-(3-12)-(2-10)-(1-9)-(0-8)],4.982948303222656e-05,0.0035161972045898438,2,True,2
O????Bw|FEXokoNOHw?}?,[(7-14)-(6-15)-(5-13)-(4-11)-(3-12)-(2-10)-(1-9)-(0-8)],5.1975250244140625e-05,0.0020914077758789062,1,True,1
O????Bw|FEXokoNOHw?}?,[(7-14)-(6-15)-(5-13)-(4-11)-(3-12)-(2-10)-(1-9)-(0-8)],5.1021575927734375e-05,0.0039556026458740234,2,True,2
O????Bw|FEXokoNOHw?}?,[(7-13)-(6-15)-(5-14)-(4-11)-(3-12)-(2-10)-(1-9)-(0-8)],5.1975250244140625e-05,0.0034809112548828125,1,True,1
O????Bw|FEXokoNOHw?}?,[(7-13)-(6-15)-(5-14)-(4-11)-(3-12)-(2-10)-(1-9)-(0-8)],5.1021575927734375e-05,0.0023643970489501953,1,True,1
O????Bw|FEXokoNOHw?}?,[(7-13)-(6-14)-(5-15)-(4-11)-(3-12)-(2-10)-(1-9)-(0-8)],5.2928924560546875e-05,0.006857633590698242,2,True,2
O????Bw|FEXokoNOHw?}?,[(7-13)-(6-14)-(5-15)-(4-11)-(3-12)-(2-10)-(1-9)-(0-8)],5.173683166503906e-05,0.002071380615234375,1,True,1
O????Bw|FEXokoNOHw?}?,[(7-15)-(6-14)-(5-11)-(4-13)-(3-12)-(2-10)-(1-9)-(0-8)],5.1975250244140625e-05,0.005367279052734375,3,True,3
O????Bw|FEXokoNOHw?}?,[(7-15)-(6-14)-(5-11)-(4-13)-(3-12)-(2-10)-(1-9)-(0-8)],5.078315734863281e-05,0.0020813941955566406,1,True,1
O????Bw|FEXokoNOHw?}?,[(7-14)-(6-15)-(5-11)-(4-13)-(3-12)-(2-10)-(1-9)-(0-8)],5.1021575927734375e-05,0.003541707992553711,2,True,2
O????Bw|FEXokoNOHw?}?,[(7-14)-(6-15)-(5-11)-(4-13)-(3-12)-(2-10)-(1-9)-(0-8)],5.030632019042969e-05,0.012104272842407227,3,True,3
O????Bw|FEXokoNOHw?}?,[(7-15)-(6-11)-(5-14)-(4-13)-(3-12)-(2-10)-(1-9)-(0-8)],5.221366882324219e-05,0.003545522689819336,2,True,2
O????Bw|FEXokoNOHw?}?,[(7-15)-(6-11)-(5-14)-(4-13)-(3-12)-(2-10)-(1-9)-(0-8)],5.14984130859375e-05,0.0020699501037597656,1,True,1
O????Bw|FEXokoNOHw?}?,[(7-14)-(6-11)-(5-15)-(4-13)-(3-12)-(2-10)-(1-9)-(0-8)],5.1021575927734375e-05,0.002096414566040039,1,True,1
O????Bw|FEXokoNOHw?}?,[(7-14)-(6-11)-(5-15)-(4-13)-(3-12)-(2-10)-(1-9)-(0-8)],5.054473876953125e-05,0.003509998321533203,2,True,2
O????Bw|FEXokoNOHw?}?,[(7-13)-(6-15)-(5-11)-(4-14)-(3-12)-(2-10)-(1-9)-(0-8)],5.221366882324219e-05,0.005247354507446289,3,True,3
O????Bw|FEXokoNOHw?}?,[(7-13)-(6-15)-(5-11)-(4-14)-(3-12)-(2-10)-(1-9)-(0-8)],5.0067901611328125e-05,0.002070903778076172,1,True,1
O????Bw|FEXokoNOHw?}?,[(7-15)-(6-11)-(5-13)-(4-14)-(3-12)-(2-10)-(1-9)-(0-8)],5.14984130859375e-05,0.0035333633422851562,2,True,2
O????Bw|FEXokoNOHw?}?,[(7-15)-(6-11)-(5-13)-(4-14)-(3-12)-(2-10)-(1-9)-(0-8)],5.125999450683594e-05,0.0020711421966552734,1,True,1
O????Bw|FEXoeoToFg@]?,[(7-14)-(6-15)-(5-13)-(4-11)-(3-12)-(2-10)-(1-9)-(0-8)],5.078315734863281e-05,0.002089977264404297,1,True,1
O????Bw|FEXoeoToFg@]?,[(7-14)-(6-15)-(5-13)-(4-11)-(3-12)-(2-10)-(1-9)-(0-8)],5.078315734863281e-05,0.003515005111694336,2,True,2
O????Bw|FEXoeoToFg@]?,[(7-15)-(6-13)-(5-14)-(4-11)-(3-12)-(2-10)-(1-9)-(0-8)],5.173683166503906e-05,0.0021021366119384766,1,True,1
O????Bw|FEXoeoToFg@]?,[(7-15)-(6-13)-(5-14)-(4-11)-(3-12)-(2-10)-(1-9)-(0-8)],5.1021575927734375e-05,0.005476951599121094,3,True,3
O????Bw|FEXoeoToFg@]?,[(7-13)-(6-15)-(5-14)-(4-11)-(3-12)-(2-10)-(1-9)-(0-8)],5.1975250244140625e-05,0.003696918487548828,2,True,2
O????Bw|FEXoeoToFg@]?,[(7-13)-(6-15)-(5-14)-(4-11)-(3-12)-(2-10)-(1-9)-(0-8)],5.555152893066406e-05,0.005225658416748047,3,True,3
O????Bw|FEXoeoToFg@]?,[(7-14)-(6-13)-(5-15)-(4-11)-(3-12)-(2-10)-(1-9)-(0-8)],6.914138793945312e-05,0.0024297237396240234,1,True,1
O????Bw|FEXoeoToFg@]?,[(7-14)-(6-13)-(5-15)-(4-11)-(3-12)-(2-10)-(1-9)-(0-8)],5.1021575927734375e-05,0.0020563602447509766,1,True,1
O????Bw|FEXoeoToFg@]?,[(7-15)-(6-13)-(5-11)-(4-14)-(3-12)-(2-10)-(1-9)-(0-8)],5.14984130859375e-05,0.007332801818847656,4,True,4
O????Bw|FEXoeoToFg@]?,[(7-15)-(6-13)-(5-11)-(4-14)-(3-12)-(2-10)-(1-9)-(0-8)],5.14984130859375e-05,0.0034105777740478516,1,True,1
O????Bw|FEXoeoToFg@]?,[(7-13)-(6-15)-(5-11)-(4-14)-(3-12)-(2-10)-(1-9)-(0-8)],5.14984130859375e-05,0.012224197387695312,3,True,3
O????Bw|FEXoeoToFg@]?,[(7-13)-(6-15)-(5-11)-(4-14)-(3-12)-(2-10)-(1-9)-(0-8)],5.078315734863281e-05,0.003505706787109375,2,True,2
O????Bw|FEXoeoToFg@]?,[(7-15)-(6-11)-(5-13)-(4-14)-(3-12)-(2-10)-(1-9)-(0-8)],5.125999450683594e-05,0.005224943161010742,3,True,3
O????Bw|FEXoeoToFg@]?,[(7-15)-(6-11)-(5-13)-(4-14)-(3-12)-(2-10)-(1-9)-(0-8)],5.078315734863281e-05,0.003500699996948242,2,True,2
O????Bw|FEXoeoToFg@]?,[(7-13)-(6-11)-(5-15)-(4-14)-(3-12)-(2-10)-(1-9)-(0-8)],5.078315734863281e-05,0.0052297115325927734,3,True,3
O????Bw|FEXoeoToFg@]?,[(7-13)-(6-11)-(5-15)-(4-14)-(3-12)-(2-10)-(1-9)-(0-8)],5.054473876953125e-05,0.0020606517791748047,1,True,1
O????Bw|FEXoeoToFg@]?,[(7-14)-(6-13)-(5-11)-(4-15)-(3-12)-(2-10)-(1-9)-(0-8)],5.1021575927734375e-05,0.005316734313964844,3,True,3
O????Bw|FEXoeoToFg@]?,[(7-14)-(6-13)-(5-11)-(4-15)-(3-12)-(2-10)-(1-9)-(0-8)],5.078315734863281e-05,0.0020630359649658203,1,True,1
O????Bw|FEXoeoToFg@]?,[(7-14)-(6-11)-(5-13)-(4-15)-(3-12)-(2-10)-(1-9)-(0-8)],5.125999450683594e-05,0.007291078567504883,4,True,4
O????Bw|FEXoeoToFg@]?,[(7-14)-(6-11)-(5-13)-(4-15)-(3-12)-(2-10)-(1-9)-(0-8)],5.125999450683594e-05,0.003799915313720703,2,True,2
O????Bw|FE[Wz?FoBw?}?,[(7-15)-(6-11)-(5-14)-(4-12)-(3-13)-(2-10)-(1-9)-(0-8)],5.0067901611328125e-05,0.0009322166442871094,0,True,0
O????Bw|FE[Wz?FoBw?}?,[(7-15)-(6-11)-(5-14)-(4-12)-(3-13)-(2-10)-(1-9)-(0-8)],5.030632019042969e-05,0.005807161331176758,3,True,3
O????Bw|FE[Wz?FoBw?}?,[(7-11)-(6-15)-(5-14)-(4-12)-(3-13)-(2-10)-(1-9)-(0-8)],5.412101745605469e-05,0.0009448528289794922,0,True,0
O????Bw|FE[Wz?FoBw?}?,[(7-11)-(6-15)-(5-14)-(4-12)-(3-13)-(2-10)-(1-9)-(0-8)],5.054473876953125e-05,0.00568699836730957,3,True,3
O????Bw|FE[Wz?FoBw?}?,[(7-14)-(6-11)-(5-15)-(4-12)-(3-13)-(2-10)-(1-9)-(0-8)],5.221366882324219e-05,0.0040819644927978516,1,True,1
O????Bw|FE[Wz?FoBw?}?,[(7-14)-(6-11)-(5-15)-(4-12)-(3-13)-(2-10)-(1-9)-(0-8)],5.316734313964844e-05,0.0034437179565429688,1,True,1
O????Bw|FE[Wz?FoBw?}?,[(7-11)-(6-14)-(5-15)-(4-12)-(3-13)-(2-10)-(1-9)-(0-8)],5.245208740234375e-05,0.0034742355346679688,1,True,1
O????Bw|FE[Wz?FoBw?}?,[(7-11)-(6-14)-(5-15)-(4-12)-(3-13)-(2-10)-(1-9)-(0-8)],5.1021575927734375e-05,0.002322673797607422,1,True,1
O????Bw|FE[Wz?FoBw?}?,[(7-15)-(6-11)-(5-12)-(4-14)-(3-13)-(2-10)-(1-9)-(0-8)],5.125999450683594e-05,0.0009350776672363281,0,True,0
O????Bw|FE[Wz?FoBw?}?,[(7-15)-(6-11)-(5-12)-(4-14)-(3-13)-(2-10)-(1-9)-(0-8)],5.078315734863281e-05,0.011737823486328125,3,True,3
O????Bw|FE[Wz?FoBw?}?,[(7-11)-(6-15)-(5-12)-(4-14)-(3-13)-(2-10)-(1-9)-(0-8)],5.14984130859375e-05,0.0009348392486572266,0,True,0
O????Bw|FE[Wz?FoBw?}?,[(7-11)-(6-15)-(5-12)-(4-14)-(3-13)-(2-10)-(1-9)-(0-8)],5.030632019042969e-05,0.011699914932250977,3,True,3
O????Bw|FE[Wz?FoBw?}?,[(7-14)-(6-11)-(5-12)-(4-15)-(3-13)-(2-10)-(1-9)-(0-8)],5.221366882324219e-05,0.0009410381317138672,0,True,0
O????Bw|FE[Wz?FoBw?}?,[(7-14)-(6-11)-(5-12)-(4-15)-(3-13)-(2-10)-(1-9)-(0-8)],5.078315734863281e-05,0.022968053817749023,4,True,4
O????Bw|FE[Wz?FoBw?}?,[(7-11)-(6-14)-(5-12)-(4-15)-(3-13)-(2-10)-(1-9)-(0-8)],5.221366882324219e-05,0.0009462833404541016,0,True,0
O????Bw|FE[Wz?FoBw?}?,[(7-11)-(6-14)-(5-12)-(4-15)-(3-13)-(2-10)-(1-9)-(0-8)],5.054473876953125e-05,0.02288198471069336,4,True,4
O????Bw|FE[Wz?FoBw?}?,[(7-15)-(6-11)-(5-13)-(4-12)-(3-14)-(2-10)-(1-9)-(0-8)],5.221366882324219e-05,0.0034346580505371094,1,True,1
O????Bw|FE[Wz?FoBw?}?,[(7-15)-(6-11)-(5-13)-(4-12)-(3-14)-(2-10)-(1-9)-(0-8)],5.030632019042969e-05,0.0034966468811035156,2,True,2
O????Bw|FE[Wz?FoBw?}?,[(7-11)-(6-15)-(5-13)-(4-12)-(3-14)-(2-10)-(1-9)-(0-8)],5.173683166503906e-05,0.0022363662719726562,1,True,1
O????Bw|FE[Wz?FoBw?}?,[(7-11)-(6-15)-(5-13)-(4-12)-(3-14)-(2-10)-(1-9)-(0-8)],5.078315734863281e-05,0.0034906864166259766,2,True,2
O????Bw|FE[Wf_VODw?}?,[(7-15)-(6-11)-(5-14)-(4-13)-(3-12)-(2-10)-(1-9)-(0-8)],4.9591064453125e-05,0.006554841995239258,2,True,2
O????Bw|FE[Wf_VODw?}?,[(7-15)-(6-11)-(5-14)-(4-13)-(3-12)-(2-10)-(1-9)-(0-8)],5.0067901611328125e-05,0.004288911819458008,2,True,2
O????Bw|FE[Wf_VODw?}?,[(7-11)-(6-15)-(5-14)-(4-13)-(3-12)-(2-10)-(1-9)-(0-8)],5.2928924560546875e-05,0.002142667770385742,1,True,1
O????Bw|FE[Wf_VODw?}?,[(7-11)-(6-15)-(5-14)-(4-13)-(3-12)-(2-10)-(1-9)-(0-8)],5.0067901611328125e-05,0.002051830291748047,1,True,1
O????Bw|FE[Wf_VODw?}?,[(7-14)-(6-11)-(5-15)-(4-13)-(3-12)-(2-10)-(1-9)-(0-8)],5.269050598144531e-05,0.0026869773864746094,1,True,1
O????Bw|FE[Wf_VODw?}?,[(7-14)-(6-11)-(5-15)-(4-13)-(3-12)-(2-10)-(1-9)-(0-8)],5.078315734863281e-05,0.0009212493896484375,0,True,0
O????Bw|FE[Wf_VODw?}?,[(7-11)-(6-14)-(5-15)-(4-13)-(3-12)-(2-10)-(1-9)-(0-8)],5.1975250244140625e-05,0.005330562591552734,3,True,3
O????Bw|FE[Wf_VODw?}?,[(7-11)-(6-14)-(5-15)-(4-13)-(3-12)-(2-10)-(1-9)-(0-8)],5.125999450683594e-05,0.0022153854370117188,1,True,1
O????Bw|FE[Wf_VODw?}?,[(7-15)-(6-11)-(5-13)-(4-14)-(3-12)-(2-10)-(1-9)-(0-8)],5.1021575927734375e-05,0.0020952224731445312,1,True,1
O????Bw|FE[Wf_VODw?}?,[(7-15)-(6-11)-(5-13)-(4-14)-(3-12)-(2-10)-(1-9)-(0-8)],5.054473876953125e-05,0.003496885299682617,2,True,2
O????Bw|FE[Wf_VODw?}?,[(7-11)-(6-15)-(5-13)-(4-14)-(3-12)-(2-10)-(1-9)-(0-8)],5.14984130859375e-05,0.0009303092956542969,0,True,0
O????Bw|FE[Wf_VODw?}?,[(7-11)-(6-15)-(5-13)-(4-14)-(3-12)-(2-10)-(1-9)-(0-8)],5.054473876953125e-05,0.0020835399627685547,1,True,1
O????Bw|FE[Wf_VODw?}?,[(7-13)-(6-11)-(5-15)-(4-14)-(3-12)-(2-10)-(1-9)-(0-8)],5.14984130859375e-05,0.0009291172027587891,0,True,0
O????Bw|FE[Wf_VODw?}?,[(7-13)-(6-11)-(5-15)-(4-14)-(3-12)-(2-10)-(1-9)-(0-8)],5.030632019042969e-05,0.0009100437164306641,0,True,0
O????Bw|FE[Wf_VODw?}?,[(7-14)-(6-11)-(5-13)-(4-15)-(3-12)-(2-10)-(1-9)-(0-8)],5.078315734863281e-05,0.0035228729248046875,2,True,2
O????Bw|FE[Wf_VODw?}?,[(7-14)-(6-11)-(5-13)-(4-15)-(3-12)-(2-10)-(1-9)-(0-8)],5.030632019042969e-05,0.00206756591796875,1,True,1
O????Bw|FE[Wf_VODw?}?,[(7-11)-(6-14)-(5-13)-(4-15)-(3-12)-(2-10)-(1-9)-(0-8)],5.1975250244140625e-05,0.0035054683685302734,2,True,2
O????Bw|FE[Wf_VODw?}?,[(7-11)-(6-14)-(5-13)-(4-15)-(3-12)-(2-10)-(1-9)-(0-8)],5.1021575927734375e-05,0.002059459686279297,1,True,1
O????Bw|FE[Wf_VODw?}?,[(7-13)-(6-11)-(5-14)-(4-15)-(3-12)-(2-10)-(1-9)-(0-8)],5.14984130859375e-05,0.000934600830078125,0,True,0
O????Bw|FE[Wf_VODw?}?,[(7-13)-(6-11)-(5-14)-(4-15)-(3-12)-(2-10)-(1-9)-(0-8)],5.030632019042969e-05,0.005261898040771484,3,True,3
O????Bw|FEXWl_VOBw@]?,[(7-15)-(6-14)-(5-13)-(4-11)-(3-12)-(2-10)-(1-9)-(0-8)],7.605552673339844e-05,0.002116680145263672,1,True,1
O????Bw|FEXWl_VOBw@]?,[(7-15)-(6-14)-(5-13)-(4-11)-(3-12)-(2-10)-(1-9)-(0-8)],5.0067901611328125e-05,0.005547046661376953,3,True,3
O????Bw|FEXWl_VOBw@]?,[(7-14)-(6-15)-(5-13)-(4-11)-(3-12)-(2-10)-(1-9)-(0-8)],5.173683166503906e-05,0.0035550594329833984,2,True,2
O????Bw|FEXWl_VOBw@]?,[(7-14)-(6-15)-(5-13)-(4-11)-(3-12)-(2-10)-(1-9)-(0-8)],5.1021575927734375e-05,0.002524852752685547,1,True,1
O????Bw|FEXWl_VOBw@]?,[(7-13)-(6-15)-(5-14)-(4-11)-(3-12)-(2-10)-(1-9)-(0-8)],5.125999450683594e-05,0.005406379699707031,3,True,3
O????Bw|FEXWl_VOBw@]?,[(7-13)-(6-15)-(5-14)-(4-11)-(3-12)-(2-10)-(1-9)-(0-8)],5.602836608886719e-05,0.0009145736694335938,0,True,0
O????Bw|FEXWl_VOBw@]?,[(7-13)-(6-14)-(5-15)-(4-11)-(3-12)-(2-10)-(1-9)-(0-8)],5.14984130859375e-05,0.004018068313598633,2,True,2
O????Bw|FEXWl_VOBw@]?,[(7-13)-(6-14)-(5-15)-(4-11)-(3-12)-(2-10)-(1-9)-(0-8)],5.1975250244140625e-05,0.003576993942260742,2,True,2
O????Bw|FEXWl_VOBw@]?,[(7-15)-(6-11)-(5-14)-(4-13)-(3-12)-(2-10)-(1-9)-(0-8)],5.125999450683594e-05,0.0036962032318115234,2,True,2
O????Bw|FEXWl_VOBw@]?,[(7-15)-(6-11)-(5-14)-(4-13)-(3-12)-(2-10)-(1-9)-(0-8)],6.318092346191406e-05,0.0020685195922851562,1,True,1
O????Bw|FEXWl_VOBw@]?,[(7-11)-(6-15)-(5-14)-(4-13)-(3-12)-(2-10)-(1-9)-(0-8)],5.125999450683594e-05,0.007305145263671875,4,True,4
O????Bw|FEXWl_VOBw@]?,[(7-11)-(6-15)-(5-14)-(4-13)-(3-12)-(2-10)-(1-9)-(0-8)],5.269050598144531e-05,0.0009326934814453125,0,True,0
O????Bw|FEXWl_VOBw@]?,[(7-14)-(6-11)-(5-15)-(4-13)-(3-12)-(2-10)-(1-9)-(0-8)],5.078315734863281e-05,0.024334430694580078,3,True,3
O????Bw|FEXWl_VOBw@]?,[(7-14)-(6-11)-(5-15)-(4-13)-(3-12)-(2-10)-(1-9)-(0-8)],5.078315734863281e-05,0.003512144088745117,2,True,2
O????Bw|FEXWl_VOBw@]?,[(7-11)-(6-14)-(5-15)-(4-13)-(3-12)-(2-10)-(1-9)-(0-8)],5.173683166503906e-05,0.0035352706909179688,2,True,2
O????Bw|FEXWl_VOBw@]?,[(7-11)-(6-14)-(5-15)-(4-13)-(3-12)-(2-10)-(1-9)-(0-8)],5.125999450683594e-05,0.0034956932067871094,2,True,2
O????Bw|FEXWl_VOBw@]?,[(7-15)-(6-11)-(5-13)-(4-14)-(3-12)-(2-10)-(1-9)-(0-8)],5.14984130859375e-05,0.003531217575073242,2,True,2
O????Bw|FEXWl_VOBw@]?,[(7-15)-(6-11)-(5-13)-(4-14)-(3-12)-(2-10)-(1-9)-(0-8)],5.1021575927734375e-05,0.002071380615234375,1,True,1
O????Bw|FEXWl_VOBw@]?,[(7-11)-(6-15)-(5-13)-(4-14)-(3-12)-(2-10)-(1-9)-(0-8)],5.1021575927734375e-05,0.003732442855834961,2,True,2
O????Bw|FEXWl_VOBw@]?,[(7-11)-(6-15)-(5-13)-(4-14)-(3-12)-(2-10)-(1-9)-(0-8)],5.1021575927734375e-05,0.0009198188781738281,0,True,0
O????Bwxei^?woJoBw?}?,[(7-15)-(6-12)-(5-14)-(4-13)-(3-10)-(2-11)-(1-9)-(0-8)],5.078315734863281e-05,0.007492542266845703,4,True,4
O????Bwxei^?woJoBw?}?,[(7-15)-(6-12)-(5-14)-(4-13)-(3-10)-(2-11)-(1-9)-(0-8)],9.584426879882812e-05,0.0012655258178710938,0,True,0
O????Bwxei^?woJoBw?}?,[(7-12)-(6-15)-(5-14)-(4-13)-(3-10)-(2-11)-(1-9)-(0-8)],5.245208740234375e-05,0.00731968879699707,4,True,4
O????Bwxei^?woJoBw?}?,[(7-12)-(6-15)-(5-14)-(4-13)-(3-10)-(2-11)-(1-9)-(0-8)],5.1021575927734375e-05,0.001043081283569336,0,True,0
O????Bwxei^?woJoBw?}?,[(7-14)-(6-12)-(5-15)-(4-13)-(3-10)-(2-11)-(1-9)-(0-8)],5.340576171875e-05,0.007321834564208984,4,True,4
O????Bwxei^?woJoBw?}?,[(7-14)-(6-12)-(5-15)-(4-13)-(3-10)-(2-11)-(1-9)-(0-8)],5.221366882324219e-05,0.0035400390625,2,True,2
O????Bwxei^?woJoBw?}?,[(7-12)-(6-14)-(5-15)-(4-13)-(3-10)-(2-11)-(1-9)-(0-8)],5.245208740234375e-05,0.026867151260375977,5,True,5
O????Bwxei^?woJoBw?}?,[(7-12)-(6-14)-(5-15)-(4-13)-(3-10)-(2-11)-(1-9)-(0-8)],5.1975250244140625e-05,0.0064465999603271484,2,True,2
O????Bwxei^?woJoBw?}?,[(7-15)-(6-12)-(5-13)-(4-14)-(3-10)-(2-11)-(1-9)-(0-8)],5.269050598144531e-05,0.005219221115112305,3,True,3
O????Bwxei^?woJoBw?}?,[(7-15)-(6-12)-(5-13)-(4-14)-(3-10)-(2-11)-(1-9)-(0-8)],5.14984130859375e-05,0.0009148120880126953,0,True,0
O????Bwxei^?woJoBw?}?,[(7-12)-(6-15)-(5-13)-(4-14)-(3-10)-(2-11)-(1-9)-(0-8)],5.14984130859375e-05,0.0064160823822021484,2,True,2
O????Bwxei^?woJoBw?}?,[(7-12)-(6-15)-(5-13)-(4-14)-(3-10)-(2-11)-(1-9)-(0-8)],5.125999450683594e-05,0.0009169578552246094,0,True,0
O????Bwxei^?woJoBw?}?,[(7-13)-(6-12)-(5-15)-(4-14)-(3-10)-(2-11)-(1-9)-(0-8)],5.173683166503906e-05,0.008606195449829102,3,True,3
O????Bwxei^?woJoBw?}?,[(7-13)-(6-12)-(5-15)-(4-14)-(3-10)-(2-11)-(1-9)-(0-8)],5.269050598144531e-05,0.005799055099487305,3,True,3
O????Bwxei^?woJoBw?}?,[(7-12)-(6-13)-(5-15)-(4-14)-(3-10)-(2-11)-(1-9)-(0-8)],5.412101745605469e-05,0.00558924674987793,3,True,3
O????Bwxei^?woJoBw?}?,[(7-12)-(6-13)-(5-15)-(4-14)-(3-10)-(2-11)-(1-9)-(0-8)],5.221366882324219e-05,0.0009105205535888672,0,True,0
O????Bwxei^?woJoBw?}?,[(7-14)-(6-12)-(5-13)-(4-15)-(3-10)-(2-11)-(1-9)-(0-8)],6.842613220214844e-05,0.007328987121582031,4,True,4
O????Bwxei^?woJoBw?}?,[(7-14)-(6-12)-(5-13)-(4-15)-(3-10)-(2-11)-(1-9)-(0-8)],5.125999450683594e-05,0.0021355152130126953,1,True,1
O????Bwxei^?woJoBw?}?,[(7-12)-(6-14)-(5-13)-(4-15)-(3-10)-(2-11)-(1-9)-(0-8)],5.173683166503906e-05,0.0052585601806640625,3,True,3
O????Bwxei^?woJoBw?}?,[(7-12)-(6-14)-(5-13)-(4-15)-(3-10)-(2-11)-(1-9)-(0-8)],5.125999450683594e-05,0.0009157657623291016,0,True,0
O????BwxeiRotOYoFW@]?,[(7-15)-(6-14)-(5-12)-(4-11)-(3-10)-(2-13)-(1-9)-(0-8)],5.0067901611328125e-05,0.0020971298217773438,1,True,1
O????BwxeiRotOYoFW@]?,[(7-15)-(6-14)-(5-12)-(4-11)-(3-10)-(2-13)-(1-9)-(0-8)],5.0067901611328125e-05,0.005668163299560547,3,True,3
O????BwxeiRotOYoFW@]?,[(7-14)-(6-15)-(5-12)-(4-11)-(3-10)-(2-13)-(1-9)-(0-8)],5.269050598144531e-05,0.0035927295684814453,2,True,2
O????BwxeiRotOYoFW@]?,[(7-14)-(6-15)-(5-12)-(4-11)-(3-10)-(2-13)-(1-9)-(0-8)],5.0067901611328125e-05,0.0009174346923828125,0,True,0
O????BwxeiRotOYoFW@]?,[(7-12)-(6-14)-(5-15)-(4-11)-(3-10)-(2-13)-(1-9)-(0-8)],5.173683166503906e-05,0.0042188167572021484,2,True,2
O????BwxeiRotOYoFW@]?,[(7-12)-(6-14)-(5-15)-(4-11)-(3-10)-(2-13)-(1-9)-(0-8)],9.703636169433594e-05,0.0010554790496826172,0,True,0
O????BwxeiRotOYoFW@]?,[(7-12)-(6-15)-(5-11)-(4-14)-(3-10)-(2-13)-(1-9)-(0-8)],8.296966552734375e-05,0.006486654281616211,2,True,2
O????BwxeiRotOYoFW@]?,[(7-12)-(6-15)-(5-11)-(4-14)-(3-10)-(2-13)-(1-9)-(0-8)],5.078315734863281e-05,0.002133607864379883,1,True,1
O????BwxeiRotOYoFW@]?,[(7-15)-(6-11)-(5-12)-(4-14)-(3-10)-(2-13)-(1-9)-(0-8)],5.173683166503906e-05,0.00356292724609375,2,True,2
O????BwxeiRotOYoFW@]?,[(7-15)-(6-11)-(5-12)-(4-14)-(3-10)-(2-13)-(1-9)-(0-8)],7.271766662597656e-05,0.0009260177612304688,0,True,0
O????BwxeiRotOYoFW@]?,[(7-12)-(6-11)-(5-15)-(4-14)-(3-10)-(2-13)-(1-9)-(0-8)],5.078315734863281e-05,0.0052487850189208984,3,True,3
O????BwxeiRotOYoFW@]?,[(7-12)-(6-11)-(5-15)-(4-14)-(3-10)-(2-13)-(1-9)-(0-8)],5.078315734863281e-05,0.0009112358093261719,0,True,0
O????BwxeiRotOYoFW@]?,[(7-12)-(6-14)-(5-11)-(4-15)-(3-10)-(2-13)-(1-9)-(0-8)],5.14984130859375e-05,0.005400657653808594,3,True,3
O????BwxeiRotOYoFW@]?,[(7-12)-(6-14)-(5-11)-(4-15)-(3-10)-(2-13)-(1-9)-(0-8)],5.078315734863281e-05,0.0009109973907470703,0,True,0
O????BwxeiRotOYoFW@]?,[(7-14)-(6-11)-(5-12)-(4-15)-(3-10)-(2-13)-(1-9)-(0-8)],5.14984130859375e-05,0.005251169204711914,3,True,3
O????BwxeiRotOYoFW@]?,[(7-14)-(6-11)-(5-12)-(4-15)-(3-10)-(2-13)-(1-9)-(0-8)],5.1021575927734375e-05,0.0009119510650634766,0,True,0
O????BwxeiRotOYoFW@]?,[(7-12)-(6-15)-(5-10)-(4-14)-(3-11)-(2-13)-(1-9)-(0-8)],5.125999450683594e-05,0.0075380802154541016,4,True,4
O????BwxeiRotOYoFW@]?,[(7-12)-(6-15)-(5-10)-(4-14)-(3-11)-(2-13)-(1-9)-(0-8)],5.14984130859375e-05,0.007492542266845703,4,True,4
O????BwxeiRotOYoFW@]?,[(7-10)-(6-15)-(5-12)-(4-14)-(3-11)-(2-13)-(1-9)-(0-8)],5.1975250244140625e-05,0.007542848587036133,4,True,4
O????BwxeiRotOYoFW@]?,[(7-10)-(6-15)-(5-12)-(4-14)-(3-11)-(2-13)-(1-9)-(0-8)],5.1021575927734375e-05,0.00720977783203125,4,True,4
O????BwxeiXW}?LoDw?}?,[(7-15)-(6-14)-(5-13)-(4-11)-(3-10)-(2-12)-(1-9)-(0-8)],4.982948303222656e-05,0.0036764144897460938,2,True,2
O????BwxeiXW}?LoDw?}?,[(7-15)-(6-14)-(5-13)-(4-11)-(3-10)-(2-12)-(1-9)-(0-8)],5.125999450683594e-05,0.0020744800567626953,1,True,1
O????BwxeiXW}?LoDw?}?,[(7-14)-(6-15)-(5-13)-(4-11)-(3-10)-(2-12)-(1-9)-(0-8)],5.269050598144531e-05,0.002199411392211914,1,True,1
O????BwxeiXW}?LoDw?}?,[(7-14)-(6-15)-(5-13)-(4-11)-(3-10)-(2-12)-(1-9)-(0-8)],7.534027099609375e-05,0.0009224414825439453,0,True,0
O????BwxeiXW}?LoDw?}?,[(7-15)-(6-13)-(5-14)-(4-11)-(3-10)-(2-12)-(1-9)-(0-8)],5.125999450683594e-05,0.0055887699127197266,3,True,3
O????BwxeiXW}?LoDw?}?,[(7-15)-(6-13)-(5-14)-(4-11)-(3-10)-(2-12)-(1-9)-(0-8)],5.2928924560546875e-05,0.003880023956298828,2,True,2
O????BwxeiXW}?LoDw?}?,[(7-13)-(6-15)-(5-14)-(4-11)-(3-10)-(2-12)-(1-9)-(0-8)],5.2928924560546875e-05,0.0035860538482666016,2,True,2
O????BwxeiXW}?LoDw?}?,[(7-13)-(6-15)-(5-14)-(4-11)-(3-10)-(2-12)-(1-9)-(0-8)],5.125999450683594e-05,0.005408287048339844,3,True,3
O????BwxeiXW}?LoDw?}?,[(7-14)-(6-13)-(5-15)-(4-11)-(3-10)-(2-12)-(1-9)-(0-8)],5.173683166503906e-05,0.005273580551147461,3,True,3
O????BwxeiXW}?LoDw?}?,[(7-14)-(6-13)-(5-15)-(4-11)-(3-10)-(2-12)-(1-9)-(0-8)],5.125999450683594e-05,0.0009140968322753906,0,True,0
O????BwxeiXW}?LoDw?}?,[(7-13)-(6-14)-(5-15)-(4-11)-(3-10)-(2-12)-(1-9)-(0-8)],5.1975250244140625e-05,0.0009427070617675781,0,True,0
O????BwxeiXW}?LoDw?}?,[(7-13)-(6-14)-(5-15)-(4-11)-(3-10)-(2-12)-(1-9)-(0-8)],5.173683166503906e-05,0.0020737648010253906,1,True,1
O????BwxeiXW}?LoDw?}?,[(7-15)-(6-11)-(5-13)-(4-14)-(3-10)-(2-12)-(1-9)-(0-8)],5.936622619628906e-05,0.0020914077758789062,1,True,1
O????BwxeiXW}?LoDw?}?,[(7-15)-(6-11)-(5-13)-(4-14)-(3-10)-(2-12)-(1-9)-(0-8)],5.078315734863281e-05,0.0020830631256103516,1,True,1
O????BwxeiXW}?LoDw?}?,[(7-11)-(6-15)-(5-13)-(4-14)-(3-10)-(2-12)-(1-9)-(0-8)],5.173683166503906e-05,0.005154132843017578,2,True,2
O????BwxeiXW}?LoDw?}?,[(7-11)-(6-15)-(5-13)-(4-14)-(3-10)-(2-12)-(1-9)-(0-8)],5.1021575927734375e-05,0.002063751220703125,1,True,1
O????BwxeiXW}?LoDw?}?,[(7-13)-(6-11)-(5-15)-(4-14)-(3-10)-(2-12)-(1-9)-(0-8)],5.1975250244140625e-05,0.006427288055419922,2,True,2
O????BwxeiXW}?LoDw?}?,[(7-13)-(6-11)-(5-15)-(4-14)-(3-10)-(2-12)-(1-9)-(0-8)],5.1021575927734375e-05,0.0034203529357910156,1,True,1
O????BwxeiXW}?LoDw?}?,[(7-11)-(6-13)-(5-15)-(4-14)-(3-10)-(2-12)-(1-9)-(0-8)],5.4836273193359375e-05,0.0067043304443359375,2,True,2
O????BwxeiXW}?LoDw?}?,[(7-11)-(6-13)-(5-15)-(4-14)-(3-10)-(2-12)-(1-9)-(0-8)],5.054473876953125e-05,0.003504037857055664,2,True,2
O????BwxeiXWn?XoFW?}?,[(7-15)-(6-14)-(5-13)-(4-11)-(3-10)-(2-12)-(1-9)-(0-8)],5.054473876953125e-05,0.002238035202026367,1,True,1
O????BwxeiXWn?XoFW?}?,[(7-15)-(6-14)-(5-13)-(4-11)-(3-10)-(2-12)-(1-9)-(0-8)],5.14984130859375e-05,0.005548954010009766,3,True,3
O????BwxeiXWn?XoFW?}?,[(7-14)-(6-15)-(5-13)-(4-11)-(3-10)-(2-12)-(1-9)-(0-8)],5.245208740234375e-05,0.0009315013885498047,0,True,0
O????BwxeiXWn?XoFW?}?,[(7-14)-(6-15)-(5-13)-(4-11)-(3-10)-(2-12)-(1-9)-(0-8)],5.1021575927734375e-05,0.0035042762756347656,2,True,2
O????BwxeiXWn?XoFW?}?,[(7-14)-(6-13)-(5-15)-(4-11)-(3-10)-(2-12)-(1-9)-(0-8)],5.245208740234375e-05,0.003716707229614258,2,True,2
O????BwxeiXWn?XoFW?}?,[(7-14)-(6-13)-(5-15)-(4-11)-(3-10)-(2-12)-(1-9)-(0-8)],5.245208740234375e-05,0.0035653114318847656,2,True,2
O????BwxeiXWn?XoFW?}?,[(7-13)-(6-14)-(5-15)-(4-11)-(3-10)-(2-12)-(1-9)-(0-8)],5.245208740234375e-05,0.004000425338745117,2,True,2
O????BwxeiXWn?XoFW?}?,[(7-13)-(6-14)-(5-15)-(4-11)-(3-10)-(2-12)-(1-9)-(0-8)],5.221366882324219e-05,0.005266666412353516,3,True,3
O????BwxeiXWn?XoFW?}?,[(7-15)-(6-11)-(5-13)-(4-14)-(3-10)-(2-12)-(1-9)-(0-8)],5.245208740234375e-05,0.003699064254760742,2,True,2
O????BwxeiXWn?XoFW?}?,[(7-15)-(6-11)-(5-13)-(4-14)-(3-10)-(2-12)-(1-9)-(0-8)],5.1021575927734375e-05,0.003518342971801758,2,True,2
O????BwxeiXWn?XoFW?}?,[(7-11)-(6-15)-(5-13)-(4-14)-(3-10)-(2-12)-(1-9)-(0-8)],5.173683166503906e-05,0.004503726959228516,2,True,2
O????BwxeiXWn?XoFW?}?,[(7-11)-(6-15)-(5-13)-(4-14)-(3-10)-(2-12)-(1-9)-(0-8)],5.841255187988281e-05,0.003960132598876953,2,True,2
O????BwxeiXWn?XoFW?}?,[(7-13)-(6-11)-(5-15)-(4-14)-(3-10)-(2-12)-(1-9)-(0-8)],5.8650970458984375e-05,0.006389617919921875,3,True,3
O????BwxeiXWn?XoFW?}?,[(7-13)-(6-11)-(5-15)-(4-14)-(3-10)-(2-12)-(1-9)-(0-8)],5.698204040527344e-05,0.0010271072387695312,0,True,0
O????BwxeiXWn?XoFW?}?,[(7-11)-(6-13)-(5-15)-(4-14)-(3-10)-(2-12)-(1-9)-(0-8)],5.745887756347656e-05,0.008409500122070312,4,True,4
O????BwxeiXWn?XoFW?}?,[(7-11)-(6-13)-(5-15)-(4-14)-(3-10)-(2-12)-(1-9)-(0-8)],5.698204040527344e-05,0.012092828750610352,3,True,3
O????BwxeiXWn?XoFW?}?,[(7-14)-(6-11)-(5-13)-(4-15)-(3-10)-(2-12)-(1-9)-(0-8)],5.173683166503906e-05,0.0052607059478759766,3,True,3
O????BwxeiXWn?XoFW?}?,[(7-14)-(6-11)-(5-13)-(4-15)-(3-10)-(2-12)-(1-9)-(0-8)],5.078315734863281e-05,0.003501415252685547,2,True,2
O????BwxeiXWn?XoFW?}?,[(7-11)-(6-14)-(5-13)-(4-15)-(3-10)-(2-12)-(1-9)-(0-8)],5.14984130859375e-05,0.005272388458251953,3,True,3
O????BwxeiXWn?XoFW?}?,[(7-11)-(6-14)-(5-13)-(4-15)-(3-10)-(2-12)-(1-9)-(0-8)],5.125999450683594e-05,0.0009186267852783203,0,True,0
O????BwxeiXWf_ZOFW@m?,[(7-15)-(6-14)-(5-12)-(4-11)-(3-10)-(2-13)-(1-9)-(0-8)],5.054473876953125e-05,0.0035364627838134766,2,True,2
O????BwxeiXWf_ZOFW@m?,[(7-15)-(6-14)-(5-12)-(4-11)-(3-10)-(2-13)-(1-9)-(0-8)],5.125999450683594e-05,0.003721952438354492,2,True,2
O????BwxeiXWf_ZOFW@m?,[(7-14)-(6-15)-(5-12)-(4-11)-(3-10)-(2-13)-(1-9)-(0-8)],5.316734313964844e-05,0.007287502288818359,4,True,4
O????BwxeiXWf_ZOFW@m?,[(7-14)-(6-15)-(5-12)-(4-11)-(3-10)-(2-13)-(1-9)-(0-8)],5.173683166503906e-05,0.005953073501586914,3,True,3
O????BwxeiXWf_ZOFW@m?,[(7-14)-(6-12)-(5-15)-(4-11)-(3-10)-(2-13)-(1-9)-(0-8)],5.2928924560546875e-05,0.0021369457244873047,1,True,1
O????BwxeiXWf_ZOFW@m?,[(7-14)-(6-12)-(5-15)-(4-11)-(3-10)-(2-13)-(1-9)-(0-8)],5.125999450683594e-05,0.005394697189331055,3,True,3
O????BwxeiXWf_ZOFW@m?,[(7-14)-(6-11)-(5-15)-(4-12)-(3-10)-(2-13)-(1-9)-(0-8)],5.245208740234375e-05,0.0020742416381835938,1,True,1
O????BwxeiXWf_ZOFW@m?,[(7-14)-(6-11)-(5-15)-(4-12)-(3-10)-(2-13)-(1-9)-(0-8)],5.1021575927734375e-05,0.005201101303100586,3,True,3
O????BwxeiXWf_ZOFW@m?,[(7-11)-(6-14)-(5-15)-(4-12)-(3-10)-(2-13)-(1-9)-(0-8)],5.14984130859375e-05,0.002088308334350586,1,True,1
O????BwxeiXWf_ZOFW@m?,[(7-11)-(6-14)-(5-15)-(4-12)-(3-10)-(2-13)-(1-9)-(0-8)],5.0067901611328125e-05,0.005352020263671875,3,True,3
O????BwxeiXWf_ZOFW@m?,[(7-15)-(6-11)-(5-12)-(4-14)-(3-10)-(2-13)-(1-9)-(0-8)],5.173683166503906e-05,0.0035102367401123047,2,True,2
O????BwxeiXWf_ZOFW@m?,[(7-15)-(6-11)-(5-12)-(4-14)-(3-10)-(2-13)-(1-9)-(0-8)],5.1021575927734375e-05,0.003383159637451172,1,True,1
O????BwxeiXWf_ZOFW@m?,[(7-11)-(6-15)-(5-12)-(4-14)-(3-10)-(2-13)-(1-9)-(0-8)],5.173683166503906e-05,0.003810405731201172,2,True,2
O????BwxeiXWf_ZOFW@m?,[(7-11)-(6-15)-(5-12)-(4-14)-(3-10)-(2-13)-(1-9)-(0-8)],4.982948303222656e-05,0.0020630359649658203,1,True,1
O????BwxeiXWf_ZOFW@m?,[(7-11)-(6-12)-(5-15)-(4-14)-(3-10)-(2-13)-(1-9)-(0-8)],5.507469177246094e-05,0.0020864009857177734,1,True,1
O????BwxeiXWf_ZOFW@m?,[(7-11)-(6-12)-(5-15)-(4-14)-(3-10)-(2-13)-(1-9)-(0-8)],5.054473876953125e-05,0.0052335262298583984,3,True,3
O????BwxeiXWf_ZOFW@m?,[(7-15)-(6-14)-(5-10)-(4-11)-(3-12)-(2-13)-(1-9)-(0-8)],5.14984130859375e-05,0.0035135746002197266,2,True,2
O????BwxeiXWf_ZOFW@m?,[(7-15)-(6-14)-(5-10)-(4-11)-(3-12)-(2-13)-(1-9)-(0-8)],5.030632019042969e-05,0.005227088928222656,3,True,3
O????BwxeiXWf_ZOFW@m?,[(7-14)-(6-15)-(5-10)-(4-11)-(3-12)-(2-13)-(1-9)-(0-8)],5.173683166503906e-05,0.007261037826538086,4,True,4
O????BwxeiXWf_ZOFW@m?,[(7-14)-(6-15)-(5-10)-(4-11)-(3-12)-(2-13)-(1-9)-(0-8)],5.14984130859375e-05,0.005539655685424805,3,True,3
O????BwpvoWwl_ZOFW?}?,[(7-15)-(6-14)-(5-11)-(4-13)-(3-12)-(2-10)-(1-9)-(0-8)],8.106231689453125e-05,0.005856037139892578,3,True,3
O????BwpvoWwl_ZOFW?}?,[(7-15)-(6-14)-(5-11)-(4-13)-(3-12)-(2-10)-(1-9)-(0-8)],5.1975250244140625e-05,0.003679037094116211,2,True,2
O????BwpvoWwl_ZOFW?}?,[(7-14)-(6-15)-(5-11)-(4-13)-(3-12)-(2-10)-(1-9)-(0-8)],5.316734313964844e-05,0.005802154541015625,3,True,3
O????BwpvoWwl_ZOFW?}?,[(7-14)-(6-15)-(5-11)-(4-13)-(3-12)-(2-10)-(1-9)-(0-8)],5.1021575927734375e-05,0.003571748733520508,2,True,2
O????BwpvoWwl_ZOFW?}?,[(7-14)-(6-11)-(5-15)-(4-13)-(3-12)-(2-10)-(1-9)-(0-8)],5.269050598144531e-05,0.002162933349609375,1,True,1
O????BwpvoWwl_ZOFW?}?,[(7-14)-(6-11)-(5-15)-(4-13)-(3-12)-(2-10)-(1-9)-(0-8)],5.030632019042969e-05,0.0036830902099609375,2,True,2
O????BwpvoWwl_ZOFW?}?,[(7-11)-(6-14)-(5-15)-(4-13)-(3-12)-(2-10)-(1-9)-(0-8)],5.269050598144531e-05,0.005239725112915039,3,True,3
O????BwpvoWwl_ZOFW?}?,[(7-11)-(6-14)-(5-15)-(4-13)-(3-12)-(2-10)-(1-9)-(0-8)],5.125999450683594e-05,0.003510713577270508,2,True,2
O????BwpvoWwl_ZOFW?}?,[(7-13)-(6-15)-(5-11)-(4-14)-(3-12)-(2-10)-(1-9)-(0-8)],5.173683166503906e-05,0.0022399425506591797,1,True,1
O????BwpvoWwl_ZOFW?}?,[(7-13)-(6-15)-(5-11)-(4-14)-(3-12)-(2-10)-(1-9)-(0-8)],5.054473876953125e-05,0.002054929733276367,1,True,1
O????BwpvoWwl_ZOFW?}?,[(7-15)-(6-11)-(5-13)-(4-14)-(3-12)-(2-10)-(1-9)-(0-8)],5.125999450683594e-05,0.005113363265991211,2,True,2
O????BwpvoWwl_ZOFW?}?,[(7-15)-(6-11)-(5-13)-(4-14)-(3-12)-(2-10)-(1-9)-(0-8)],5.030632019042969e-05,0.002057313919067383,1,True,1
O????BwpvoWwl_ZOFW?}?,[(7-11)-(6-15)-(5-13)-(4-14)-(3-12)-(2-10)-(1-9)-(0-8)],5.1021575927734375e-05,0.007233381271362305,4,True,4
O????BwpvoWwl_ZOFW?}?,[(7-11)-(6-15)-(5-13)-(4-14)-(3-12)-(2-10)-(1-9)-(0-8)],5.1021575927734375e-05,0.003467559814453125,2,True,2
O????BwpvoWwl_ZOFW?}?,[(7-13)-(6-11)-(5-15)-(4-14)-(3-12)-(2-10)-(1-9)-(0-8)],5.125999450683594e-05,0.0035097599029541016,2,True,2
O????BwpvoWwl_ZOFW?}?,[(7-13)-(6-11)-(5-15)-(4-14)-(3-12)-(2-10)-(1-9)-(0-8)],5.078315734863281e-05,0.0020728111267089844,1,True,1
O????BwpvoWwl_ZOFW?}?,[(7-13)-(6-14)-(5-11)-(4-15)-(3-12)-(2-10)-(1-9)-(0-8)],5.125999450683594e-05,0.005251646041870117,3,True,3
O????BwpvoWwl_ZOFW?}?,[(7-13)-(6-14)-(5-11)-(4-15)-(3-12)-(2-10)-(1-9)-(0-8)],5.125999450683594e-05,0.0034852027893066406,2,True,2
O????BwpvoWwl_ZOFW?}?,[(7-14)-(6-11)-(5-13)-(4-15)-(3-12)-(2-10)-(1-9)-(0-8)],5.14984130859375e-05,0.003532886505126953,2,True,2
O????BwpvoWwl_ZOFW?}?,[(7-14)-(6-11)-(5-13)-(4-15)-(3-12)-(2-10)-(1-9)-(0-8)],5.1021575927734375e-05,0.0020606517791748047,1,True,1
O????BwpvgToxOUoFW?}?,[(7-15)-(6-14)-(5-12)-(4-11)-(3-13)-(2-10)-(1-9)-(0-8)],4.9591064453125e-05,0.0009284019470214844,0,True,0
O????BwpvgToxOUoFW?}?,[(7-15)-(6-14)-(5-12)-(4-11)-(3-13)-(2-10)-(1-9)-(0-8)],4.9591064453125e-05,0.0052068233489990234,3,True,3
O????BwpvgToxOUoFW?}?,[(7-14)-(6-15)-(5-12)-(4-11)-(3-13)-(2-10)-(1-9)-(0-8)],5.245208740234375e-05,0.005233287811279297,3,True,3
O????BwpvgToxOUoFW?}?,[(7-14)-(6-15)-(5-12)-(4-11)-(3-13)-(2-10)-(1-9)-(0-8)],5.054473876953125e-05,0.003731966018676758,2,True,2
O????BwpvgToxOUoFW?}?,[(7-12)-(6-14)-(5-15)-(4-11)-(3-13)-(2-10)-(1-9)-(0-8)],6.914138793945312e-05,0.0036203861236572266,2,True,2
O????BwpvgToxOUoFW?}?,[(7-12)-(6-14)-(5-15)-(4-11)-(3-13)-(2-10)-(1-9)-(0-8)],5.1975250244140625e-05,0.0052683353424072266,3,True,3
O????BwpvgToxOUoFW?}?,[(7-12)-(6-15)-(5-11)-(4-14)-(3-13)-(2-10)-(1-9)-(0-8)],5.340576171875e-05,0.0037949085235595703,2,True,2
O????BwpvgToxOUoFW?}?,[(7-12)-(6-15)-(5-11)-(4-14)-(3-13)-(2-10)-(1-9)-(0-8)],5.125999450683594e-05,0.0020685195922851562,1,True,1
O????BwpvgToxOUoFW?}?,[(7-15)-(6-11)-(5-12)-(4-14)-(3-13)-(2-10)-(1-9)-(0-8)],5.125999450683594e-05,0.003604888916015625,2,True,2
O????BwpvgToxOUoFW?}?,[(7-15)-(6-11)-(5-12)-(4-14)-(3-13)-(2-10)-(1-9)-(0-8)],5.14984130859375e-05,0.0020656585693359375,1,True,1
O????BwpvgToxOUoFW?}?,[(7-12)-(6-11)-(5-15)-(4-14)-(3-13)-(2-10)-(1-9)-(0-8)],5.1021575927734375e-05,0.005277156829833984,3,True,3
O????BwpvgToxOUoFW?}?,[(7-12)-(6-11)-(5-15)-(4-14)-(3-13)-(2-10)-(1-9)-(0-8)],5.054473876953125e-05,0.0055048465728759766,3,True,3
O????BwpvgToxOUoFW?}?,[(7-12)-(6-14)-(5-11)-(4-15)-(3-13)-(2-10)-(1-9)-(0-8)],5.14984130859375e-05,0.007218360900878906,4,True,4
O????BwpvgToxOUoFW?}?,[(7-12)-(6-14)-(5-11)-(4-15)-(3-13)-(2-10)-(1-9)-(0-8)],5.078315734863281e-05,0.003501415252685547,2,True,2
O????BwpvgToxOUoFW?}?,[(7-14)-(6-11)-(5-12)-(4-15)-(3-13)-(2-10)-(1-9)-(0-8)],5.125999450683594e-05,0.007244586944580078,4,True,4
O????BwpvgToxOUoFW?}?,[(7-14)-(6-11)-(5-12)-(4-15)-(3-13)-(2-10)-(1-9)-(0-8)],5.054473876953125e-05,0.0035049915313720703,2,True,2
O????BwpvgToxOUoFW?}?,[(7-15)-(6-13)-(5-12)-(4-11)-(3-14)-(2-10)-(1-9)-(0-8)],5.173683166503906e-05,0.0009293556213378906,0,True,0
O????BwpvgToxOUoFW?}?,[(7-15)-(6-13)-(5-12)-(4-11)-(3-14)-(2-10)-(1-9)-(0-8)],5.078315734863281e-05,0.003513813018798828,2,True,2
O????BwpvgToxOUoFW?}?,[(7-13)-(6-15)-(5-12)-(4-11)-(3-14)-(2-10)-(1-9)-(0-8)],5.173683166503906e-05,0.0052492618560791016,3,True,3
O????BwpvgToxOUoFW?}?,[(7-13)-(6-15)-(5-12)-(4-11)-(3-14)-(2-10)-(1-9)-(0-8)],5.1021575927734375e-05,0.005233287811279297,3,True,3
O????BwpvgXWm_ZOEw?}?,[(7-15)-(6-14)-(5-13)-(4-11)-(3-12)-(2-10)-(1-9)-(0-8)],5.054473876953125e-05,0.0035169124603271484,2,True,2
O????BwpvgXWm_ZOEw?}?,[(7-15)-(6-14)-(5-13)-(4-11)-(3-12)-(2-10)-(1-9)-(0-8)],5.1021575927734375e-05,0.003581523895263672,1,True,1
O????BwpvgXWm_ZOEw?}?,[(7-14)-(6-15)-(5-13)-(4-11)-(3-12)-(2-10)-(1-9)-(0-8)],5.2928924560546875e-05,0.0021483898162841797,1,True,1
O????BwpvgXWm_ZOEw?}?,[(7-14)-(6-15)-(5-13)-(4-11)-(3-12)-(2-10)-(1-9)-(0-8)],5.125999450683594e-05,0.0009186267852783203,0,True,0
O????BwpvgXWm_ZOEw?}?,[(7-13)-(6-15)-(5-14)-(4-11)-(3-12)-(2-10)-(1-9)-(0-8)],5.2928924560546875e-05,0.003553628921508789,2,True,2
O????BwpvgXWm_ZOEw?}?,[(7-13)-(6-15)-(5-14)-(4-11)-(3-12)-(2-10)-(1-9)-(0-8)],5.078315734863281e-05,0.0037872791290283203,2,True,2
O????BwpvgXWm_ZOEw?}?,[(7-13)-(6-14)-(5-15)-(4-11)-(3-12)-(2-10)-(1-9)-(0-8)],5.2928924560546875e-05,0.002324342727661133,1,True,1
O????BwpvgXWm_ZOEw?}?,[(7-13)-(6-14)-(5-15)-(4-11)-(3-12)-(2-10)-(1-9)-(0-8)],6.413459777832031e-05,0.003627777099609375,2,True,2
O????BwpvgXWm_ZOEw?}?,[(7-15)-(6-11)-(5-14)-(4-13)-(3-12)-(2-10)-(1-9)-(0-8)],5.221366882324219e-05,0.0035636425018310547,2,True,2
O????BwpvgXWm_ZOEw?}?,[(7-15)-(6-11)-(5-14)-(4-13)-(3-12)-(2-10)-(1-9)-(0-8)],5.030632019042969e-05,0.007900238037109375,4,True,4
O????BwpvgXWm_ZOEw?}?,[(7-11)-(6-15)-(5-14)-(4-13)-(3-12)-(2-10)-(1-9)-(0-8)],5.173683166503906e-05,0.003503561019897461,2,True,2
O????BwpvgXWm_ZOEw?}?,[(7-11)-(6-15)-(5-14)-(4-13)-(3-12)-(2-10)-(1-9)-(0-8)],5.054473876953125e-05,0.006357669830322266,2,True,2
O????BwpvgXWm_ZOEw?}?,[(7-14)-(6-11)-(5-15)-(4-13)-(3-12)-(2-10)-(1-9)-(0-8)],5.173683166503906e-05,0.0035338401794433594,2,True,2
O????BwpvgXWm_ZOEw?}?,[(7-14)-(6-11)-(5-15)-(4-13)-(3-12)-(2-10)-(1-9)-(0-8)],5.1021575927734375e-05,0.003495931625366211,2,True,2
O????BwpvgXWm_ZOEw?}?,[(7-11)-(6-14)-(5-15)-(4-13)-(3-12)-(2-10)-(1-9)-(0-8)],5.14984130859375e-05,0.003522157669067383,2,True,2
O????BwpvgXWm_ZOEw?}?,[(7-11)-(6-14)-(5-15)-(4-13)-(3-12)-(2-10)-(1-9)-(0-8)],5.078315734863281e-05,0.003486156463623047,2,True,2
O????BwpvgXWm_ZOEw?}?,[(7-14)-(6-11)-(5-13)-(4-15)-(3-12)-(2-10)-(1-9)-(0-8)],5.221366882324219e-05,0.0035257339477539062,2,True,2
O????BwpvgXWm_ZOEw?}?,[(7-14)-(6-11)-(5-13)-(4-15)-(3-12)-(2-10)-(1-9)-(0-8)],5.1021575927734375e-05,0.0020601749420166016,1,True,1
O????BwpvgXWm_ZOEw?}?,[(7-11)-(6-14)-(5-13)-(4-15)-(3-12)-(2-10)-(1-9)-(0-8)],5.1975250244140625e-05,0.0035347938537597656,2,True,2
O????BwpvgXWm_ZOEw?}?,[(7-11)-(6-14)-(5-13)-(4-15)-(3-12)-(2-10)-(1-9)-(0-8)],5.1021575927734375e-05,0.00523686408996582,3,True,3
O????BwpvgXWj_VOFW@m?,[(7-15)-(6-14)-(5-12)-(4-11)-(3-13)-(2-10)-(1-9)-(0-8)],4.982948303222656e-05,0.005251646041870117,3,True,3
O????BwpvgXWj_VOFW@m?,[(7-15)-(6-14)-(5-12)-(4-11)-(3-13)-(2-10)-(1-9)-(0-8)],5.1021575927734375e-05,0.005939006805419922,3,True,3
O????BwpvgXWj_VOFW@m?,[(7-14)-(6-15)-(5-12)-(4-11)-(3-13)-(2-10)-(1-9)-(0-8)],5.173683166503906e-05,0.005392313003540039,3,True,3
O????BwpvgXWj_VOFW@m?,[(7-14)-(6-15)-(5-12)-(4-11)-(3-13)-(2-10)-(1-9)-(0-8)],5.1021575927734375e-05,0.004089832305908203,2,True,2
O????BwpvgXWj_VOFW@m?,[(7-14)-(6-12)-(5-15)-(4-11)-(3-13)-(2-10)-(1-9)-(0-8)],5.269050598144531e-05,0.003540515899658203,2,True,2
O????BwpvgXWj_VOFW@m?,[(7-14)-(6-12)-(5-15)-(4-11)-(3-13)-(2-10)-(1-9)-(0-8)],5.125999450683594e-05,0.005336761474609375,3,True,3
O????BwpvgXWj_VOFW@m?,[(7-14)-(6-11)-(5-15)-(4-12)-(3-13)-(2-10)-(1-9)-(0-8)],5.221366882324219e-05,0.003430604934692383,1,True,1
O????BwpvgXWj_VOFW@m?,[(7-14)-(6-11)-(5-15)-(4-12)-(3-13)-(2-10)-(1-9)-(0-8)],5.1021575927734375e-05,0.0035026073455810547,2,True,2
O????BwpvgXWj_VOFW@m?,[(7-11)-(6-14)-(5-15)-(4-12)-(3-13)-(2-10)-(1-9)-(0-8)],5.221366882324219e-05,0.003536701202392578,2,True,2
O????BwpvgXWj_VOFW@m?,[(7-11)-(6-14)-(5-15)-(4-12)-(3-13)-(2-10)-(1-9)-(0-8)],5.078315734863281e-05,0.012322425842285156,3,True,3
O????BwpvgXWj_VOFW@m?,[(7-15)-(6-11)-(5-12)-(4-14)-(3-13)-(2-10)-(1-9)-(0-8)],5.125999450683594e-05,0.005158662796020508,2,True,2
O????BwpvgXWj_VOFW@m?,[(7-15)-(6-11)-(5-12)-(4-14)-(3-13)-(2-10)-(1-9)-(0-8)],5.078315734863281e-05,0.0035157203674316406,2,True,2
O????BwpvgXWj_VOFW@m?,[(7-11)-(6-15)-(5-12)-(4-14)-(3-13)-(2-10)-(1-9)-(0-8)],5.173683166503906e-05,0.0055582523345947266,3,True,3
O????BwpvgXWj_VOFW@m?,[(7-11)-(6-15)-(5-12)-(4-14)-(3-13)-(2-10)-(1-9)-(0-8)],5.14984130859375e-05,0.0035130977630615234,2,True,2
O????BwpvgXWj_VOFW@m?,[(7-11)-(6-12)-(5-15)-(4-14)-(3-13)-(2-10)-(1-9)-(0-8)],5.1021575927734375e-05,0.007292032241821289,4,True,4
O????BwpvgXWj_VOFW@m?,[(7-11)-(6-12)-(5-15)-(4-14)-(3-13)-(2-10)-(1-9)-(0-8)],5.078315734863281e-05,0.0020787715911865234,1,True,1
O????BwpvgXWj_VOFW@m?,[(7-13)-(6-15)-(5-12)-(4-11)-(3-14)-(2-10)-(1-9)-(0-8)],5.14984130859375e-05,0.005251169204711914,3,True,3
O????BwpvgXWj_VOFW@m?,[(7-13)-(6-15)-(5-12)-(4-11)-(3-14)-(2-10)-(1-9)-(0-8)],5.078315734863281e-05,0.007839441299438477,4,True,4
O????BwpvgXWj_VOFW@m?,[(7-15)-(6-12)-(5-13)-(4-11)-(3-14)-(2-10)-(1-9)-(0-8)],5.221366882324219e-05,0.002103090286254883,1,True,1
O????BwpvgXWj_VOFW@m?,[(7-15)-(6-12)-(5-13)-(4-11)-(3-14)-(2-10)-(1-9)-(0-8)],5.030632019042969e-05,0.005248546600341797,3,True,3
O????BwpvgXWj_[oFg?}?,[(7-14)-(6-15)-(5-12)-(4-11)-(3-13)-(2-10)-(1-9)-(0-8)],5.030632019042969e-05,0.0009479522705078125,0,True,0
O????BwpvgXWj_[oFg?}?,[(7-14)-(6-15)-(5-12)-(4-11)-(3-13)-(2-10)-(1-9)-(0-8)],5.054473876953125e-05,0.002065896987915039,1,True,1
O????BwpvgXWj_[oFg?}?,[(7-15)-(6-12)-(5-14)-(4-11)-(3-13)-(2-10)-(1-9)-(0-8)],5.078315734863281e-05,0.0024216175079345703,1,True,1
O????BwpvgXWj_[oFg?}?,[(7-15)-(6-12)-(5-14)-(4-11)-(3-13)-(2-10)-(1-9)-(0-8)],5.1021575927734375e-05,0.0035691261291503906,2,True,2
O????BwpvgXWj_[oFg?}?,[(7-14)-(6-12)-(5-15)-(4-11)-(3-13)-(2-10)-(1-9)-(0-8)],5.221366882324219e-05,0.003787517547607422,2,True,2
O????BwpvgXWj_[oFg?}?,[(7-14)-(6-12)-(5-15)-(4-11)-(3-13)-(2-10)-(1-9)-(0-8)],5.173683166503906e-05,0.0009095668792724609,0,True,0
O????BwpvgXWj_[oFg?}?,[(7-15)-(6-11)-(5-14)-(4-12)-(3-13)-(2-10)-(1-9)-(0-8)],5.173683166503906e-05,0.0037233829498291016,2,True,2
O????BwpvgXWj_[oFg?}?,[(7-15)-(6-11)-(5-14)-(4-12)-(3-13)-(2-10)-(1-9)-(0-8)],5.078315734863281e-05,0.002159595489501953,1,True,1
O????BwpvgXWj_[oFg?}?,[(7-11)-(6-15)-(5-14)-(4-12)-(3-13)-(2-10)-(1-9)-(0-8)],5.221366882324219e-05,0.007294178009033203,4,True,4
O????BwpvgXWj_[oFg?}?,[(7-11)-(6-15)-(5-14)-(4-12)-(3-13)-(2-10)-(1-9)-(0-8)],5.14984130859375e-05,0.0021796226501464844,1,True,1
O????BwpvgXWj_[oFg?}?,[(7-14)-(6-11)-(5-15)-(4-12)-(3-13)-(2-10)-(1-9)-(0-8)],5.14984130859375e-05,0.0036864280700683594,2,True,2
O????BwpvgXWj_[oFg?}?,[(7-14)-(6-11)-(5-15)-(4-12)-(3-13)-(2-10)-(1-9)-(0-8)],5.1021575927734375e-05,0.0065631866455078125,2,True,2
O????BwpvgXWj_[oFg?}?,[(7-15)-(6-11)-(5-12)-(4-14)-(3-13)-(2-10)-(1-9)-(0-8)],5.173683166503906e-05,0.005246400833129883,3,True,3
O????BwpvgXWj_[oFg?}?,[(7-15)-(6-11)-(5-12)-(4-14)-(3-13)-(2-10)-(1-9)-(0-8)],5.030632019042969e-05,0.0035021305084228516,2,True,2
O????BwpvgXWj_[oFg?}?,[(7-11)-(6-15)-(5-12)-(4-14)-(3-13)-(2-10)-(1-9)-(0-8)],5.173683166503906e-05,0.007227897644042969,4,True,4
O????BwpvgXWj_[oFg?}?,[(7-11)-(6-15)-(5-12)-(4-14)-(3-13)-(2-10)-(1-9)-(0-8)],5.054473876953125e-05,0.0009622573852539062,0,True,0
O????BwpvgXWj_[oFg?}?,[(7-11)-(6-12)-(5-15)-(4-14)-(3-13)-(2-10)-(1-9)-(0-8)],5.14984130859375e-05,0.013375043869018555,4,True,4
O????BwpvgXWj_[oFg?}?,[(7-11)-(6-12)-(5-15)-(4-14)-(3-13)-(2-10)-(1-9)-(0-8)],5.125999450683594e-05,0.002069711685180664,1,True,1
O????BwpvgXWj_[oFg?}?,[(7-14)-(6-11)-(5-12)-(4-15)-(3-13)-(2-10)-(1-9)-(0-8)],5.078315734863281e-05,0.003828287124633789,2,True,2
O????BwpvgXWj_[oFg?}?,[(7-14)-(6-11)-(5-12)-(4-15)-(3-13)-(2-10)-(1-9)-(0-8)],5.125999450683594e-05,0.005712032318115234,3,True,3
O????Bwptw[W}?ToDw?}?,[(7-15)-(6-11)-(5-13)-(4-14)-(3-12)-(2-10)-(1-9)-(0-8)],5.078315734863281e-05,0.0057108402252197266,3,True,3
O????Bwptw[W}?ToDw?}?,[(7-15)-(6-11)-(5-13)-(4-14)-(3-12)-(2-10)-(1-9)-(0-8)],5.1021575927734375e-05,0.0024633407592773438,1,True,1
O????Bwptw[W}?ToDw?}?,[(7-11)-(6-15)-(5-13)-(4-14)-(3-12)-(2-10)-(1-9)-(0-8)],5.2928924560546875e-05,0.005738258361816406,3,True,3
O????Bwptw[W}?ToDw?}?,[(7-11)-(6-15)-(5-13)-(4-14)-(3-12)-(2-10)-(1-9)-(0-8)],7.939338684082031e-05,0.0020813941955566406,1,True,1
O????Bwptw[W}?ToDw?}?,[(7-13)-(6-11)-(5-15)-(4-14)-(3-12)-(2-10)-(1-9)-(0-8)],5.340576171875e-05,0.003983736038208008,2,True,2
O????Bwptw[W}?ToDw?}?,[(7-13)-(6-11)-(5-15)-(4-14)-(3-12)-(2-10)-(1-9)-(0-8)],5.269050598144531e-05,0.0052547454833984375,3,True,3
O????Bwptw[W}?ToDw?}?,[(7-11)-(6-13)-(5-15)-(4-14)-(3-12)-(2-10)-(1-9)-(0-8)],5.221366882324219e-05,0.008805990219116211,3,True,3
O????Bwptw[W}?ToDw?}?,[(7-11)-(6-13)-(5-15)-(4-14)-(3-12)-(2-10)-(1-9)-(0-8)],5.1975250244140625e-05,0.005208730697631836,3,True,3
O????Bwptw[W}?ToDw?}?,[(7-14)-(6-11)-(5-13)-(4-15)-(3-12)-(2-10)-(1-9)-(0-8)],5.173683166503906e-05,0.0052394866943359375,3,True,3
O????Bwptw[W}?ToDw?}?,[(7-14)-(6-11)-(5-13)-(4-15)-(3-12)-(2-10)-(1-9)-(0-8)],5.14984130859375e-05,0.009542703628540039,5,True,5
O????Bwptw[W}?ToDw?}?,[(7-11)-(6-14)-(5-13)-(4-15)-(3-12)-(2-10)-(1-9)-(0-8)],5.221366882324219e-05,0.005243778228759766,3,True,3
O????Bwptw[W}?ToDw?}?,[(7-11)-(6-14)-(5-13)-(4-15)-(3-12)-(2-10)-(1-9)-(0-8)],5.054473876953125e-05,0.009475946426391602,5,True,5
O????Bwptw[W}?ToDw?}?,[(7-13)-(6-11)-(5-14)-(4-15)-(3-12)-(2-10)-(1-9)-(0-8)],5.221366882324219e-05,0.0036830902099609375,2,True,2
O????Bwptw[W}?ToDw?}?,[(7-13)-(6-11)-(5-14)-(4-15)-(3-12)-(2-10)-(1-9)-(0-8)],5.054473876953125e-05,0.005222797393798828,3,True,3
O????Bwptw[W}?ToDw?}?,[(7-11)-(6-13)-(5-14)-(4-15)-(3-12)-(2-10)-(1-9)-(0-8)],5.1975250244140625e-05,0.005259513854980469,3,True,3
O????Bwptw[W}?ToDw?}?,[(7-11)-(6-13)-(5-14)-(4-15)-(3-12)-(2-10)-(1-9)-(0-8)],5.1021575927734375e-05,0.007227897644042969,4,True,4
O????Bwptw[W}?ToDw?}?,[(7-15)-(6-11)-(5-14)-(4-12)-(3-13)-(2-10)-(1-9)-(0-8)],5.1975250244140625e-05,0.00522303581237793,3,True,3
O????Bwptw[W}?ToDw?}?,[(7-15)-(6-11)-(5-14)-(4-12)-(3-13)-(2-10)-(1-9)-(0-8)],5.078315734863281e-05,0.0072994232177734375,4,True,4
O????Bwptw[W}?ToDw?}?,[(7-11)-(6-15)-(5-14)-(4-12)-(3-13)-(2-10)-(1-9)-(0-8)],5.173683166503906e-05,0.00533747673034668,3,True,3
O????Bwptw[W}?ToDw?}?,[(7-11)-(6-15)-(5-14)-(4-12)-(3-13)-(2-10)-(1-9)-(0-8)],5.173683166503906e-05,0.007209300994873047,4,True,4
O????Bwptw[W{_VODw?}?,[(7-15)-(6-11)-(5-14)-(4-13)-(3-12)-(2-10)-(1-9)-(0-8)],5.0067901611328125e-05,0.005374908447265625,3,True,3
O????Bwptw[W{_VODw?}?,[(7-15)-(6-11)-(5-14)-(4-13)-(3-12)-(2-10)-(1-9)-(0-8)],5.125999450683594e-05,0.00418853759765625,2,True,2
O????Bwptw[W{_VODw?}?,[(7-11)-(6-15)-(5-14)-(4-13)-(3-12)-(2-10)-(1-9)-(0-8)],5.269050598144531e-05,0.0020933151245117188,1,True,1
O????Bwptw[W{_VODw?}?,[(7-11)-(6-15)-(5-14)-(4-13)-(3-12)-(2-10)-(1-9)-(0-8)],5.0067901611328125e-05,0.003549814224243164,2,True,2
O????Bwptw[W{_VODw?}?,[(7-14)-(6-11)-(5-15)-(4-13)-(3-12)-(2-10)-(1-9)-(0-8)],7.843971252441406e-05,0.001024484634399414,0,True,0
O????Bwptw[W{_VODw?}?,[(7-14)-(6-11)-(5-15)-(4-13)-(3-12)-(2-10)-(1-9)-(0-8)],5.125999450683594e-05,0.005249738693237305,3,True,3
O????Bwptw[W{_VODw?}?,[(7-11)-(6-14)-(5-15)-(4-13)-(3-12)-(2-10)-(1-9)-(0-8)],5.269050598144531e-05,0.006810903549194336,2,True,2
O????Bwptw[W{_VODw?}?,[(7-11)-(6-14)-(5-15)-(4-13)-(3-12)-(2-10)-(1-9)-(0-8)],5.125999450683594e-05,0.0035054683685302734,2,True,2
O????Bwptw[W{_VODw?}?,[(7-15)-(6-11)-(5-13)-(4-14)-(3-12)-(2-10)-(1-9)-(0-8)],5.1975250244140625e-05,0.0035262107849121094,2,True,2
O????Bwptw[W{_VODw?}?,[(7-15)-(6-11)-(5-13)-(4-14)-(3-12)-(2-10)-(1-9)-(0-8)],5.054473876953125e-05,0.002084970474243164,1,True,1
O????Bwptw[W{_VODw?}?,[(7-11)-(6-15)-(5-13)-(4-14)-(3-12)-(2-10)-(1-9)-(0-8)],5.054473876953125e-05,0.0020809173583984375,1,True,1
O????Bwptw[W{_VODw?}?,[(7-11)-(6-15)-(5-13)-(4-14)-(3-12)-(2-10)-(1-9)-(0-8)],5.0067901611328125e-05,0.005656003952026367,3,True,3
O????Bwptw[W{_VODw?}?,[(7-13)-(6-11)-(5-15)-(4-14)-(3-12)-(2-10)-(1-9)-(0-8)],5.14984130859375e-05,0.002087116241455078,1,True,1
O????Bwptw[W{_VODw?}?,[(7-13)-(6-11)-(5-15)-(4-14)-(3-12)-(2-10)-(1-9)-(0-8)],4.9591064453125e-05,0.0020771026611328125,1,True,1
O????Bwptw[W{_VODw?}?,[(7-14)-(6-11)-(5-13)-(4-15)-(3-12)-(2-10)-(1-9)-(0-8)],5.125999450683594e-05,0.003444671630859375,1,True,1
O????Bwptw[W{_VODw?}?,[(7-14)-(6-11)-(5-13)-(4-15)-(3-12)-(2-10)-(1-9)-(0-8)],5.078315734863281e-05,0.005507707595825195,3,True,3
O????Bwptw[W{_VODw?}?,[(7-11)-(6-14)-(5-13)-(4-15)-(3-12)-(2-10)-(1-9)-(0-8)],5.1021575927734375e-05,0.0035185813903808594,2,True,2
O????Bwptw[W{_VODw?}?,[(7-11)-(6-14)-(5-13)-(4-15)-(3-12)-(2-10)-(1-9)-(0-8)],5.1021575927734375e-05,0.00950169563293457,5,True,5
O????Bwptw[W{_VODw?}?,[(7-13)-(6-11)-(5-14)-(4-15)-(3-12)-(2-10)-(1-9)-(0-8)],5.125999450683594e-05,0.0009303092956542969,0,True,0
O????Bwptw[W{_VODw?}?,[(7-13)-(6-11)-(5-14)-(4-15)-(3-12)-(2-10)-(1-9)-(0-8)],5.0067901611328125e-05,0.005242586135864258,3,True,3
O????Bwptw[W{_NOHw?}?,[(7-15)-(6-11)-(5-14)-(4-13)-(3-12)-(2-10)-(1-9)-(0-8)],5.0067901611328125e-05,0.005242824554443359,3,True,3
O????Bwptw[W{_NOHw?}?,[(7-15)-(6-11)-(5-14)-(4-13)-(3-12)-(2-10)-(1-9)-(0-8)],5.1021575927734375e-05,0.004199981689453125,2,True,2
O????Bwptw[W{_NOHw?}?,[(7-11)-(6-15)-(5-14)-(4-13)-(3-12)-(2-10)-(1-9)-(0-8)],5.412101745605469e-05,0.0020799636840820312,1,True,1
O????Bwptw[W{_NOHw?}?,[(7-11)-(6-15)-(5-14)-(4-13)-(3-12)-(2-10)-(1-9)-(0-8)],5.078315734863281e-05,0.003459453582763672,1,True,1
O????Bwptw[W{_NOHw?}?,[(7-14)-(6-11)-(5-15)-(4-13)-(3-12)-(2-10)-(1-9)-(0-8)],5.698204040527344e-05,0.00136566162109375,0,True,0
O????Bwptw[W{_NOHw?}?,[(7-14)-(6-11)-(5-15)-(4-13)-(3-12)-(2-10)-(1-9)-(0-8)],5.2928924560546875e-05,0.003762483596801758,2,True,2
O????Bwptw[W{_NOHw?}?,[(7-11)-(6-14)-(5-15)-(4-13)-(3-12)-(2-10)-(1-9)-(0-8)],5.173683166503906e-05,0.005202054977416992,2,True,2
O????Bwptw[W{_NOHw?}?,[(7-11)-(6-14)-(5-15)-(4-13)-(3-12)-(2-10)-(1-9)-(0-8)],5.078315734863281e-05,0.002336263656616211,1,True,1
O????Bwptw[W{_NOHw?}?,[(7-15)-(6-11)-(5-13)-(4-14)-(3-12)-(2-10)-(1-9)-(0-8)],5.125999450683594e-05,0.00525212287902832,3,True,3
O????Bwptw[W{_NOHw?}?,[(7-15)-(6-11)-(5-13)-(4-14)-(3-12)-(2-10)-(1-9)-(0-8)],5.078315734863281e-05,0.0020689964294433594,1,True,1
O????Bwptw[W{_NOHw?}?,[(7-11)-(6-15)-(5-13)-(4-14)-(3-12)-(2-10)-(1-9)-(0-8)],5.1021575927734375e-05,0.0020754337310791016,1,True,1
O????Bwptw[W{_NOHw?}?,[(7-11)-(6-15)-(5-13)-(4-14)-(3-12)-(2-10)-(1-9)-(0-8)],5.030632019042969e-05,0.0038030147552490234,2,True,2
O????Bwptw[W{_NOHw?}?,[(7-13)-(6-11)-(5-15)-(4-14)-(3-12)-(2-10)-(1-9)-(0-8)],5.125999450683594e-05,0.002084016799926758,1,True,1
O????Bwptw[W{_NOHw?}?,[(7-13)-(6-11)-(5-15)-(4-14)-(3-12)-(2-10)-(1-9)-(0-8)],5.054473876953125e-05,0.005197286605834961,3,True,3
O????Bwptw[W{_NOHw?}?,[(7-14)-(6-11)-(5-13)-(4-15)-(3-12)-(2-10)-(1-9)-(0-8)],5.1021575927734375e-05,0.0020949840545654297,1,True,1
O????Bwptw[W{_NOHw?}?,[(7-14)-(6-11)-(5-13)-(4-15)-(3-12)-(2-10)-(1-9)-(0-8)],4.935264587402344e-05,0.0020685195922851562,1,True,1
O????Bwptw[W{_NOHw?}?,[(7-11)-(6-14)-(5-13)-(4-15)-(3-12)-(2-10)-(1-9)-(0-8)],5.030632019042969e-05,0.0035309791564941406,2,True,2
O????Bwptw[W{_NOHw?}?,[(7-11)-(6-14)-(5-13)-(4-15)-(3-12)-(2-10)-(1-9)-(0-8)],5.054473876953125e-05,0.007218360900878906,4,True,4
O????Bwptw[W{_NOHw?}?,[(7-13)-(6-11)-(5-14)-(4-15)-(3-12)-(2-10)-(1-9)-(0-8)],5.1021575927734375e-05,0.0009322166442871094,0,True,0
O????Bwptw[W{_NOHw?}?,[(7-13)-(6-11)-(5-14)-(4-15)-(3-12)-(2-10)-(1-9)-(0-8)],4.982948303222656e-05,0.0020656585693359375,1,True,1
O????BwptwUW}?XoBwA]?,[(7-15)-(6-14)-(5-13)-(4-12)-(3-11)-(2-10)-(1-9)-(0-8)],5.030632019042969e-05,0.00382232666015625,2,True,2
O????BwptwUW}?XoBwA]?,[(7-15)-(6-14)-(5-13)-(4-12)-(3-11)-(2-10)-(1-9)-(0-8)],5.078315734863281e-05,0.0020782947540283203,1,True,1
O????BwptwUW}?XoBwA]?,[(7-14)-(6-15)-(5-13)-(4-12)-(3-11)-(2-10)-(1-9)-(0-8)],5.364418029785156e-05,0.0038192272186279297,2,True,2
O????BwptwUW}?XoBwA]?,[(7-14)-(6-15)-(5-13)-(4-12)-(3-11)-(2-10)-(1-9)-(0-8)],5.125999450683594e-05,0.002203226089477539,1,True,1
O????BwptwUW}?XoBwA]?,[(7-15)-(6-13)-(5-14)-(4-12)-(3-11)-(2-10)-(1-9)-(0-8)],5.7697296142578125e-05,0.005799055099487305,2,True,2
O????BwptwUW}?XoBwA]?,[(7-15)-(6-13)-(5-14)-(4-12)-(3-11)-(2-10)-(1-9)-(0-8)],5.221366882324219e-05,0.007471799850463867,4,True,4
O????BwptwUW}?XoBwA]?,[(7-13)-(6-15)-(5-14)-(4-12)-(3-11)-(2-10)-(1-9)-(0-8)],5.1975250244140625e-05,0.003679990768432617,2,True,2
O????BwptwUW}?XoBwA]?,[(7-13)-(6-15)-(5-14)-(4-12)-(3-11)-(2-10)-(1-9)-(0-8)],5.078315734863281e-05,0.007325410842895508,4,True,4
O????BwptwUW}?XoBwA]?,[(7-14)-(6-13)-(5-15)-(4-12)-(3-11)-(2-10)-(1-9)-(0-8)],5.14984130859375e-05,0.0035202503204345703,2,True,2
O????BwptwUW}?XoBwA]?,[(7-14)-(6-13)-(5-15)-(4-12)-(3-11)-(2-10)-(1-9)-(0-8)],5.459785461425781e-05,0.005244016647338867,3,True,3
O????BwptwUW}?XoBwA]?,[(7-13)-(6-14)-(5-15)-(4-12)-(3-11)-(2-10)-(1-9)-(0-8)],5.173683166503906e-05,0.003515481948852539,2,True,2
O????BwptwUW}?XoBwA]?,[(7-13)-(6-14)-(5-15)-(4-12)-(3-11)-(2-10)-(1-9)-(0-8)],5.054473876953125e-05,0.005213737487792969,3,True,3
O????BwptwUW}?XoBwA]?,[(7-15)-(6-11)-(5-13)-(4-14)-(3-12)-(2-10)-(1-9)-(0-8)],5.125999450683594e-05,0.003671884536743164,2,True,2
O????BwptwUW}?XoBwA]?,[(7-15)-(6-11)-(5-13)-(4-14)-(3-12)-(2-10)-(1-9)-(0-8)],5.054473876953125e-05,0.0035037994384765625,2,True,2
O????BwptwUW}?XoBwA]?,[(7-11)-(6-15)-(5-13)-(4-14)-(3-12)-(2-10)-(1-9)-(0-8)],5.173683166503906e-05,0.003810882568359375,2,True,2
O????BwptwUW}?XoBwA]?,[(7-11)-(6-15)-(5-13)-(4-14)-(3-12)-(2-10)-(1-9)-(0-8)],5.1021575927734375e-05,0.0035114288330078125,2,True,2
O????BwptwUW}?XoBwA]?,[(7-13)-(6-11)-(5-15)-(4-14)-(3-12)-(2-10)-(1-9)-(0-8)],5.14984130859375e-05,0.007645130157470703,4,True,4
O????BwptwUW}?XoBwA]?,[(7-13)-(6-11)-(5-15)-(4-14)-(3-12)-(2-10)-(1-9)-(0-8)],5.078315734863281e-05,0.005372285842895508,3,True,3
O????BwptwUW}?XoBwA]?,[(7-11)-(6-13)-(5-15)-(4-14)-(3-12)-(2-10)-(1-9)-(0-8)],5.173683166503906e-05,0.007371187210083008,4,True,4
O????BwptwUW}?XoBwA]?,[(7-11)-(6-13)-(5-15)-(4-14)-(3-12)-(2-10)-(1-9)-(0-8)],5.125999450683594e-05,0.003499269485473633,2,True,2
O????BwptwUWm_XoJgA]?,[(7-14)-(6-15)-(5-13)-(4-12)-(3-11)-(2-10)-(1-9)-(0-8)],4.982948303222656e-05,0.005257368087768555,3,True,3
O????BwptwUWm_XoJgA]?,[(7-14)-(6-15)-(5-13)-(4-12)-(3-11)-(2-10)-(1-9)-(0-8)],4.982948303222656e-05,0.005930423736572266,3,True,3
O????BwptwUWm_XoJgA]?,[(7-15)-(6-13)-(5-14)-(4-12)-(3-11)-(2-10)-(1-9)-(0-8)],5.221366882324219e-05,0.01566004753112793,4,True,4
O????BwptwUWm_XoJgA]?,[(7-15)-(6-13)-(5-14)-(4-12)-(3-11)-(2-10)-(1-9)-(0-8)],5.245208740234375e-05,0.005399227142333984,3,True,3
O????BwptwUWm_XoJgA]?,[(7-13)-(6-15)-(5-14)-(4-12)-(3-11)-(2-10)-(1-9)-(0-8)],6.961822509765625e-05,0.005549907684326172,3,True,3
O????BwptwUWm_XoJgA]?,[(7-13)-(6-15)-(5-14)-(4-12)-(3-11)-(2-10)-(1-9)-(0-8)],5.1021575927734375e-05,0.007352352142333984,4,True,4
O????BwptwUWm_XoJgA]?,[(7-14)-(6-13)-(5-15)-(4-12)-(3-11)-(2-10)-(1-9)-(0-8)],5.173683166503906e-05,0.00523829460144043,3,True,3
O????BwptwUWm_XoJgA]?,[(7-14)-(6-13)-(5-15)-(4-12)-(3-11)-(2-10)-(1-9)-(0-8)],5.054473876953125e-05,0.005371809005737305,3,True,3
O????BwptwUWm_XoJgA]?,[(7-15)-(6-12)-(5-13)-(4-14)-(3-11)-(2-10)-(1-9)-(0-8)],5.14984130859375e-05,0.0022563934326171875,1,True,1
O????BwptwUWm_XoJgA]?,[(7-15)-(6-12)-(5-13)-(4-14)-(3-11)-(2-10)-(1-9)-(0-8)],5.1021575927734375e-05,0.0009188652038574219,0,True,0
O????BwptwUWm_XoJgA]?,[(7-13)-(6-12)-(5-15)-(4-14)-(3-11)-(2-10)-(1-9)-(0-8)],5.173683166503906e-05,0.003523111343383789,2,True,2
O????BwptwUWm_XoJgA]?,[(7-13)-(6-12)-(5-15)-(4-14)-(3-11)-(2-10)-(1-9)-(0-8)],5.1021575927734375e-05,0.008320808410644531,4,True,4
O????BwptwUWm_XoJgA]?,[(7-14)-(6-12)-(5-13)-(4-15)-(3-11)-(2-10)-(1-9)-(0-8)],5.221366882324219e-05,0.009623289108276367,5,True,5
O????BwptwUWm_XoJgA]?,[(7-14)-(6-12)-(5-13)-(4-15)-(3-11)-(2-10)-(1-9)-(0-8)],5.14984130859375e-05,0.00522303581237793,3,True,3
O????BwptwUWm_XoJgA]?,[(7-13)-(6-12)-(5-14)-(4-15)-(3-11)-(2-10)-(1-9)-(0-8)],5.221366882324219e-05,0.003803253173828125,2,True,2
O????BwptwUWm_XoJgA]?,[(7-13)-(6-12)-(5-14)-(4-15)-(3-11)-(2-10)-(1-9)-(0-8)],5.125999450683594e-05,0.0034942626953125,2,True,2
O????BwptwUWm_XoJgA]?,[(7-15)-(6-11)-(5-13)-(4-14)-(3-12)-(2-10)-(1-9)-(0-8)],5.14984130859375e-05,0.0009405612945556641,0,True,0
O????BwptwUWm_XoJgA]?,[(7-15)-(6-11)-(5-13)-(4-14)-(3-12)-(2-10)-(1-9)-(0-8)],5.054473876953125e-05,0.0009253025054931641,0,True,0
O????BwptwUWm_XoJgA]?,[(7-11)-(6-15)-(5-13)-(4-14)-(3-12)-(2-10)-(1-9)-(0-8)],5.125999450683594e-05,0.0052433013916015625,3,True,3
O????BwptwUWm_XoJgA]?,[(7-11)-(6-15)-(5-13)-(4-14)-(3-12)-(2-10)-(1-9)-(0-8)],5.1975250244140625e-05,0.0034906864166259766,2,True,2
O????BwptwUWioXoJoAy?,[(7-15)-(6-14)-(5-13)-(4-12)-(3-11)-(2-10)-(1-9)-(0-8)],5.030632019042969e-05,0.0052449703216552734,3,True,3
O????BwptwUWioXoJoAy?,[(7-15)-(6-14)-(5-13)-(4-12)-(3-11)-(2-10)-(1-9)-(0-8)],5.14984130859375e-05,0.0009195804595947266,0,True,0
O????BwptwUWioXoJoAy?,[(7-15)-(6-13)-(5-14)-(4-12)-(3-11)-(2-10)-(1-9)-(0-8)],5.221366882324219e-05,0.007803201675415039,4,True,4
O????BwptwUWioXoJoAy?,[(7-15)-(6-13)-(5-14)-(4-12)-(3-11)-(2-10)-(1-9)-(0-8)],5.173683166503906e-05,0.005399465560913086,3,True,3
O????BwptwUWioXoJoAy?,[(7-13)-(6-14)-(5-15)-(4-12)-(3-11)-(2-10)-(1-9)-(0-8)],5.340576171875e-05,0.005736351013183594,3,True,3
O????BwptwUWioXoJoAy?,[(7-13)-(6-14)-(5-15)-(4-12)-(3-11)-(2-10)-(1-9)-(0-8)],5.1975250244140625e-05,0.003850698471069336,2,True,2
O????BwptwUWioXoJoAy?,[(7-15)-(6-12)-(5-13)-(4-14)-(3-11)-(2-10)-(1-9)-(0-8)],5.245208740234375e-05,0.003654003143310547,2,True,2
O????BwptwUWioXoJoAy?,[(7-15)-(6-12)-(5-13)-(4-14)-(3-11)-(2-10)-(1-9)-(0-8)],5.054473876953125e-05,0.0035123825073242188,2,True,2
O????BwptwUWioXoJoAy?,[(7-13)-(6-12)-(5-15)-(4-14)-(3-11)-(2-10)-(1-9)-(0-8)],5.221366882324219e-05,0.0036878585815429688,2,True,2
O????BwptwUWioXoJoAy?,[(7-13)-(6-12)-(5-15)-(4-14)-(3-11)-(2-10)-(1-9)-(0-8)],5.054473876953125e-05,0.005571126937866211,3,True,3
O????BwptwUWioXoJoAy?,[(7-12)-(6-13)-(5-15)-(4-14)-(3-11)-(2-10)-(1-9)-(0-8)],5.221366882324219e-05,0.002237558364868164,1,True,1
O????BwptwUWioXoJoAy?,[(7-12)-(6-13)-(5-15)-(4-14)-(3-11)-(2-10)-(1-9)-(0-8)],5.0067901611328125e-05,0.0036394596099853516,2,True,2
O????BwptwUWioXoJoAy?,[(7-12)-(6-14)-(5-13)-(4-15)-(3-11)-(2-10)-(1-9)-(0-8)],5.14984130859375e-05,0.003541707992553711,2,True,2
O????BwptwUWioXoJoAy?,[(7-12)-(6-14)-(5-13)-(4-15)-(3-11)-(2-10)-(1-9)-(0-8)],5.125999450683594e-05,0.003504514694213867,2,True,2
O????BwptwUWioXoJoAy?,[(7-13)-(6-12)-(5-14)-(4-15)-(3-11)-(2-10)-(1-9)-(0-8)],5.125999450683594e-05,0.005252838134765625,3,True,3
O????BwptwUWioXoJoAy?,[(7-13)-(6-12)-(5-14)-(4-15)-(3-11)-(2-10)-(1-9)-(0-8)],5.1021575927734375e-05,0.0038008689880371094,2,True,2
O????BwptwUWioXoJoAy?,[(7-12)-(6-13)-(5-14)-(4-15)-(3-11)-(2-10)-(1-9)-(0-8)],5.1021575927734375e-05,0.005235910415649414,3,True,3
O????BwptwUWioXoJoAy?,[(7-12)-(6-13)-(5-14)-(4-15)-(3-11)-(2-10)-(1-9)-(0-8)],5.1021575927734375e-05,0.007227182388305664,4,True,4
O????BwptwUWioXoJoAy?,[(7-15)-(6-11)-(5-13)-(4-12)-(3-14)-(2-10)-(1-9)-(0-8)],5.1975250244140625e-05,0.0051577091217041016,2,True,2
O????BwptwUWioXoJoAy?,[(7-15)-(6-11)-(5-13)-(4-12)-(3-14)-(2-10)-(1-9)-(0-8)],5.078315734863281e-05,0.003510713577270508,2,True,2
O????BwptwWw|?YoBw@u?,[(7-15)-(6-14)-(5-11)-(4-13)-(3-12)-(2-10)-(1-9)-(0-8)],5.054473876953125e-05,0.0020825862884521484,1,True,1
O????BwptwWw|?YoBw@u?,[(7-15)-(6-14)-(5-11)-(4-13)-(3-12)-(2-10)-(1-9)-(0-8)],4.982948303222656e-05,0.002077817916870117,1,True,1
O????BwptwWw|?YoBw@u?,[(7-14)-(6-15)-(5-11)-(4-13)-(3-12)-(2-10)-(1-9)-(0-8)],5.2928924560546875e-05,0.0021271705627441406,1,True,1
O????BwptwWw|?YoBw@u?,[(7-14)-(6-15)-(5-11)-(4-13)-(3-12)-(2-10)-(1-9)-(0-8)],5.1021575927734375e-05,0.0021228790283203125,1,True,1
O????BwptwWw|?YoBw@u?,[(7-15)-(6-11)-(5-14)-(4-13)-(3-12)-(2-10)-(1-9)-(0-8)],5.125999450683594e-05,0.002077817916870117,1,True,1
O????BwptwWw|?YoBw@u?,[(7-15)-(6-11)-(5-14)-(4-13)-(3-12)-(2-10)-(1-9)-(0-8)],5.030632019042969e-05,0.0039806365966796875,2,True,2
O????BwptwWw|?YoBw@u?,[(7-11)-(6-15)-(5-14)-(4-13)-(3-12)-(2-10)-(1-9)-(0-8)],5.3882598876953125e-05,0.002086162567138672,1,True,1
O????BwptwWw|?YoBw@u?,[(7-11)-(6-15)-(5-14)-(4-13)-(3-12)-(2-10)-(1-9)-(0-8)],5.0067901611328125e-05,0.0036783218383789062,2,True,2
O????BwptwWw|?YoBw@u?,[(7-15)-(6-13)-(5-11)-(4-14)-(3-12)-(2-10)-(1-9)-(0-8)],5.1975250244140625e-05,0.0035271644592285156,2,True,2
O????BwptwWw|?YoBw@u?,[(7-15)-(6-13)-(5-11)-(4-14)-(3-12)-(2-10)-(1-9)-(0-8)],5.1021575927734375e-05,0.002056598663330078,1,True,1
O????BwptwWw|?YoBw@u?,[(7-13)-(6-15)-(5-11)-(4-14)-(3-12)-(2-10)-(1-9)-(0-8)],5.173683166503906e-05,0.0035305023193359375,2,True,2
O????BwptwWw|?YoBw@u?,[(7-13)-(6-15)-(5-11)-(4-14)-(3-12)-(2-10)-(1-9)-(0-8)],5.078315734863281e-05,0.0020551681518554688,1,True,1
O????BwptwWw|?YoBw@u?,[(7-14)-(6-13)-(5-11)-(4-15)-(3-12)-(2-10)-(1-9)-(0-8)],5.221366882324219e-05,0.0035314559936523438,2,True,2
O????BwptwWw|?YoBw@u?,[(7-14)-(6-13)-(5-11)-(4-15)-(3-12)-(2-10)-(1-9)-(0-8)],5.1021575927734375e-05,0.003488302230834961,2,True,2
O????BwptwWw|?YoBw@u?,[(7-13)-(6-14)-(5-11)-(4-15)-(3-12)-(2-10)-(1-9)-(0-8)],5.125999450683594e-05,0.003496408462524414,2,True,2
O????BwptwWw|?YoBw@u?,[(7-13)-(6-14)-(5-11)-(4-15)-(3-12)-(2-10)-(1-9)-(0-8)],5.054473876953125e-05,0.003473043441772461,2,True,2
O????BwptwWw|?YoBw@u?,[(7-13)-(6-11)-(5-14)-(4-15)-(3-12)-(2-10)-(1-9)-(0-8)],5.078315734863281e-05,0.0020842552185058594,1,True,1
O????BwptwWw|?YoBw@u?,[(7-13)-(6-11)-(5-14)-(4-15)-(3-12)-(2-10)-(1-9)-(0-8)],5.1021575927734375e-05,0.0035088062286376953,2,True,2
O????BwptwWw|?YoBw@u?,[(7-11)-(6-13)-(5-14)-(4-15)-(3-12)-(2-10)-(1-9)-(0-8)],5.14984130859375e-05,0.0009248256683349609,0,True,0
O????BwptwWw|?YoBw@u?,[(7-11)-(6-13)-(5-14)-(4-15)-(3-12)-(2-10)-(1-9)-(0-8)],5.030632019042969e-05,0.003538370132446289,2,True,2
O????Bwptk\\G|?MoHw?}?,[(7-15)-(6-13)-(5-14)-(4-11)-(3-12)-(2-10)-(1-9)-(0-8)],5.030632019042969e-05,0.003537893295288086,2,True,2
O????Bwptk\\G|?MoHw?}?,[(7-15)-(6-13)-(5-14)-(4-11)-(3-12)-(2-10)-(1-9)-(0-8)],5.14984130859375e-05,0.0060536861419677734,3,True,3
O????Bwptk\\G|?MoHw?}?,[(7-13)-(6-15)-(5-14)-(4-11)-(3-12)-(2-10)-(1-9)-(0-8)],8.416175842285156e-05,0.0038344860076904297,2,True,2
O????Bwptk\\G|?MoHw?}?,[(7-13)-(6-15)-(5-14)-(4-11)-(3-12)-(2-10)-(1-9)-(0-8)],9.1552734375e-05,0.0035665035247802734,2,True,2
O????Bwptk\\G|?MoHw?}?,[(7-14)-(6-13)-(5-15)-(4-11)-(3-12)-(2-10)-(1-9)-(0-8)],8.034706115722656e-05,0.0034875869750976562,1,True,1
O????Bwptk\\G|?MoHw?}?,[(7-14)-(6-13)-(5-15)-(4-11)-(3-12)-(2-10)-(1-9)-(0-8)],5.14984130859375e-05,0.005331754684448242,3,True,3
O????Bwptk\\G|?MoHw?}?,[(7-13)-(6-14)-(5-15)-(4-11)-(3-12)-(2-10)-(1-9)-(0-8)],5.2928924560546875e-05,0.003675699234008789,2,True,2
O????Bwptk\\G|?MoHw?}?,[(7-13)-(6-14)-(5-15)-(4-11)-(3-12)-(2-10)-(1-9)-(0-8)],5.173683166503906e-05,0.005224943161010742,3,True,3
O????Bwptk\\G|?MoHw?}?,[(7-11)-(6-15)-(5-14)-(4-13)-(3-12)-(2-10)-(1-9)-(0-8)],5.1975250244140625e-05,0.0009348392486572266,0,True,0
O????Bwptk\\G|?MoHw?}?,[(7-11)-(6-15)-(5-14)-(4-13)-(3-12)-(2-10)-(1-9)-(0-8)],5.1021575927734375e-05,0.0035648345947265625,2,True,2
O????Bwptk\\G|?MoHw?}?,[(7-11)-(6-14)-(5-15)-(4-13)-(3-12)-(2-10)-(1-9)-(0-8)],5.1975250244140625e-05,0.0020825862884521484,1,True,1
O????Bwptk\\G|?MoHw?}?,[(7-11)-(6-14)-(5-15)-(4-13)-(3-12)-(2-10)-(1-9)-(0-8)],5.030632019042969e-05,0.0034897327423095703,2,True,2
O????Bwptk\\G|?MoHw?}?,[(7-11)-(6-13)-(5-15)-(4-14)-(3-12)-(2-10)-(1-9)-(0-8)],5.14984130859375e-05,0.0055103302001953125,3,True,3
O????Bwptk\\G|?MoHw?}?,[(7-11)-(6-13)-(5-15)-(4-14)-(3-12)-(2-10)-(1-9)-(0-8)],5.125999450683594e-05,0.0034923553466796875,2,True,2
O????Bwptk\\G|?MoHw?}?,[(7-11)-(6-13)-(5-14)-(4-15)-(3-12)-(2-10)-(1-9)-(0-8)],5.269050598144531e-05,0.0035288333892822266,2,True,2
O????Bwptk\\G|?MoHw?}?,[(7-11)-(6-13)-(5-14)-(4-15)-(3-12)-(2-10)-(1-9)-(0-8)],5.1021575927734375e-05,0.007379770278930664,4,True,4
O????Bwptk\\G|?MoHw?}?,[(7-15)-(6-14)-(5-12)-(4-11)-(3-13)-(2-10)-(1-9)-(0-8)],5.14984130859375e-05,0.005214691162109375,3,True,3
O????Bwptk\\G|?MoHw?}?,[(7-15)-(6-14)-(5-12)-(4-11)-(3-13)-(2-10)-(1-9)-(0-8)],5.078315734863281e-05,0.007212162017822266,4,True,4
O????Bwptk\\G|?MoHw?}?,[(7-14)-(6-15)-(5-12)-(4-11)-(3-13)-(2-10)-(1-9)-(0-8)],5.221366882324219e-05,0.0022363662719726562,1,True,1
O????Bwptk\\G|?MoHw?}?,[(7-14)-(6-15)-(5-12)-(4-11)-(3-13)-(2-10)-(1-9)-(0-8)],5.054473876953125e-05,0.0020599365234375,1,True,1
O????BwptkTg|?YoJW?}?,[(7-14)-(6-13)-(5-15)-(4-11)-(3-12)-(2-10)-(1-9)-(0-8)],5.125999450683594e-05,0.003432750701904297,1,True,1
O????BwptkTg|?YoJW?}?,[(7-14)-(6-13)-(5-15)-(4-11)-(3-12)-(2-10)-(1-9)-(0-8)],5.054473876953125e-05,0.008060932159423828,4,True,4
O????BwptkTg|?YoJW?}?,[(7-13)-(6-14)-(5-15)-(4-11)-(3-12)-(2-10)-(1-9)-(0-8)],5.2928924560546875e-05,0.013055801391601562,3,True,3
O????BwptkTg|?YoJW?}?,[(7-13)-(6-14)-(5-15)-(4-11)-(3-12)-(2-10)-(1-9)-(0-8)],5.316734313964844e-05,0.007459402084350586,4,True,4
O????BwptkTg|?YoJW?}?,[(7-15)-(6-14)-(5-11)-(4-13)-(3-12)-(2-10)-(1-9)-(0-8)],5.364418029785156e-05,0.005251884460449219,3,True,3
O????BwptkTg|?YoJW?}?,[(7-15)-(6-14)-(5-11)-(4-13)-(3-12)-(2-10)-(1-9)-(0-8)],6.127357482910156e-05,0.0035195350646972656,2,True,2
O????BwptkTg|?YoJW?}?,[(7-14)-(6-15)-(5-11)-(4-13)-(3-12)-(2-10)-(1-9)-(0-8)],5.1975250244140625e-05,0.007676601409912109,4,True,4
O????BwptkTg|?YoJW?}?,[(7-14)-(6-15)-(5-11)-(4-13)-(3-12)-(2-10)-(1-9)-(0-8)],5.1021575927734375e-05,0.005234479904174805,3,True,3
O????BwptkTg|?YoJW?}?,[(7-11)-(6-14)-(5-15)-(4-13)-(3-12)-(2-10)-(1-9)-(0-8)],5.173683166503906e-05,0.003531217575073242,2,True,2
O????BwptkTg|?YoJW?}?,[(7-11)-(6-14)-(5-15)-(4-13)-(3-12)-(2-10)-(1-9)-(0-8)],5.054473876953125e-05,0.003643512725830078,2,True,2
O????BwptkTg|?YoJW?}?,[(7-15)-(6-13)-(5-11)-(4-14)-(3-12)-(2-10)-(1-9)-(0-8)],5.173683166503906e-05,0.002210855484008789,1,True,1
O????BwptkTg|?YoJW?}?,[(7-15)-(6-13)-(5-11)-(4-14)-(3-12)-(2-10)-(1-9)-(0-8)],5.030632019042969e-05,0.0009315013885498047,0,True,0
O????BwptkTg|?YoJW?}?,[(7-13)-(6-15)-(5-11)-(4-14)-(3-12)-(2-10)-(1-9)-(0-8)],5.1021575927734375e-05,0.005698680877685547,3,True,3
O????BwptkTg|?YoJW?}?,[(7-13)-(6-15)-(5-11)-(4-14)-(3-12)-(2-10)-(1-9)-(0-8)],5.1021575927734375e-05,0.0021088123321533203,1,True,1
O????BwptkTg|?YoJW?}?,[(7-11)-(6-13)-(5-15)-(4-14)-(3-12)-(2-10)-(1-9)-(0-8)],5.14984130859375e-05,0.015974760055541992,3,True,3
O????BwptkTg|?YoJW?}?,[(7-11)-(6-13)-(5-15)-(4-14)-(3-12)-(2-10)-(1-9)-(0-8)],5.078315734863281e-05,0.005364179611206055,3,True,3
O????BwptkTg|?YoJW?}?,[(7-14)-(6-13)-(5-11)-(4-15)-(3-12)-(2-10)-(1-9)-(0-8)],5.14984130859375e-05,0.0035371780395507812,2,True,2
O????BwptkTg|?YoJW?}?,[(7-14)-(6-13)-(5-11)-(4-15)-(3-12)-(2-10)-(1-9)-(0-8)],5.030632019042969e-05,0.0009217262268066406,0,True,0
O????BwptkTg|?YoJW?}?,[(7-13)-(6-14)-(5-11)-(4-15)-(3-12)-(2-10)-(1-9)-(0-8)],5.078315734863281e-05,0.0035583972930908203,2,True,2
O????BwptkTg|?YoJW?}?,[(7-13)-(6-14)-(5-11)-(4-15)-(3-12)-(2-10)-(1-9)-(0-8)],5.0067901611328125e-05,0.002072572708129883,1,True,1
O????BwptkTg|?RoJW@u?,[(7-15)-(6-14)-(5-13)-(4-11)-(3-12)-(2-10)-(1-9)-(0-8)],4.982948303222656e-05,0.003421783447265625,1,True,1
O????BwptkTg|?RoJW@u?,[(7-15)-(6-14)-(5-13)-(4-11)-(3-12)-(2-10)-(1-9)-(0-8)],5.1021575927734375e-05,0.002123117446899414,1,True,1
O????BwptkTg|?RoJW@u?,[(7-14)-(6-15)-(5-13)-(4-11)-(3-12)-(2-10)-(1-9)-(0-8)],5.245208740234375e-05,0.0020897388458251953,1,True,1
O????BwptkTg|?RoJW@u?,[(7-14)-(6-15)-(5-13)-(4-11)-(3-12)-(2-10)-(1-9)-(0-8)],5.1021575927734375e-05,0.0009868144989013672,0,True,0
O????BwptkTg|?RoJW@u?,[(7-15)-(6-14)-(5-11)-(4-13)-(3-12)-(2-10)-(1-9)-(0-8)],5.1975250244140625e-05,0.005288362503051758,3,True,3
O????BwptkTg|?RoJW@u?,[(7-15)-(6-14)-(5-11)-(4-13)-(3-12)-(2-10)-(1-9)-(0-8)],5.173683166503906e-05,0.0036039352416992188,2,True,2
O????BwptkTg|?RoJW@u?,[(7-14)-(6-15)-(5-11)-(4-13)-(3-12)-(2-10)-(1-9)-(0-8)],5.245208740234375e-05,0.007811069488525391,4,True,4
O????BwptkTg|?RoJW@u?,[(7-14)-(6-15)-(5-11)-(4-13)-(3-12)-(2-10)-(1-9)-(0-8)],7.557868957519531e-05,0.0052449703216552734,3,True,3
O????BwptkTg|?RoJW@u?,[(7-15)-(6-13)-(5-11)-(4-14)-(3-12)-(2-10)-(1-9)-(0-8)],5.245208740234375e-05,0.003992557525634766,2,True,2
O????BwptkTg|?RoJW@u?,[(7-15)-(6-13)-(5-11)-(4-14)-(3-12)-(2-10)-(1-9)-(0-8)],5.173683166503906e-05,0.005297183990478516,3,True,3
O????BwptkTg|?RoJW@u?,[(7-13)-(6-15)-(5-11)-(4-14)-(3-12)-(2-10)-(1-9)-(0-8)],5.245208740234375e-05,0.003709077835083008,2,True,2
O????BwptkTg|?RoJW@u?,[(7-13)-(6-15)-(5-11)-(4-14)-(3-12)-(2-10)-(1-9)-(0-8)],7.605552673339844e-05,0.023757457733154297,4,True,4
O????BwptkTg|?RoJW@u?,[(7-11)-(6-15)-(5-13)-(4-14)-(3-12)-(2-10)-(1-9)-(0-8)],5.2928924560546875e-05,0.024015188217163086,3,True,3
O????BwptkTg|?RoJW@u?,[(7-11)-(6-15)-(5-13)-(4-14)-(3-12)-(2-10)-(1-9)-(0-8)],5.221366882324219e-05,0.023118972778320312,4,True,4
O????BwptkTg|?RoJW@u?,[(7-14)-(6-13)-(5-11)-(4-15)-(3-12)-(2-10)-(1-9)-(0-8)],5.221366882324219e-05,0.005265235900878906,3,True,3
O????BwptkTg|?RoJW@u?,[(7-14)-(6-13)-(5-11)-(4-15)-(3-12)-(2-10)-(1-9)-(0-8)],5.125999450683594e-05,0.0034112930297851562,1,True,1
O????BwptkTg|?RoJW@u?,[(7-13)-(6-14)-(5-11)-(4-15)-(3-12)-(2-10)-(1-9)-(0-8)],5.173683166503906e-05,0.0052433013916015625,3,True,3
O????BwptkTg|?RoJW@u?,[(7-13)-(6-14)-(5-11)-(4-15)-(3-12)-(2-10)-(1-9)-(0-8)],5.1021575927734375e-05,0.023118257522583008,4,True,4
O????BwptkTg|?RoJW@u?,[(7-11)-(6-14)-(5-13)-(4-15)-(3-12)-(2-10)-(1-9)-(0-8)],5.1975250244140625e-05,0.012076139450073242,3,True,3
O????BwptkTg|?RoJW@u?,[(7-11)-(6-14)-(5-13)-(4-15)-(3-12)-(2-10)-(1-9)-(0-8)],5.078315734863281e-05,0.007807016372680664,4,True,4
O????BwptkTgl_]OJWA]?,[(7-13)-(6-14)-(5-15)-(4-11)-(3-12)-(2-10)-(1-9)-(0-8)],5.078315734863281e-05,0.003524303436279297,2,True,2
O????BwptkTgl_]OJWA]?,[(7-13)-(6-14)-(5-15)-(4-11)-(3-12)-(2-10)-(1-9)-(0-8)],5.054473876953125e-05,0.003883838653564453,2,True,2
O????BwptkTgl_]OJWA]?,[(7-15)-(6-14)-(5-11)-(4-13)-(3-12)-(2-10)-(1-9)-(0-8)],5.316734313964844e-05,0.003580331802368164,2,True,2
O????BwptkTgl_]OJWA]?,[(7-15)-(6-14)-(5-11)-(4-13)-(3-12)-(2-10)-(1-9)-(0-8)],5.078315734863281e-05,0.0036635398864746094,2,True,2
O????BwptkTgl_]OJWA]?,[(7-14)-(6-15)-(5-11)-(4-13)-(3-12)-(2-10)-(1-9)-(0-8)],5.53131103515625e-05,0.0054798126220703125,3,True,3
O????BwptkTgl_]OJWA]?,[(7-14)-(6-15)-(5-11)-(4-13)-(3-12)-(2-10)-(1-9)-(0-8)],5.1975250244140625e-05,0.003520965576171875,2,True,2
O????BwptkTgl_]OJWA]?,[(7-11)-(6-14)-(5-15)-(4-13)-(3-12)-(2-10)-(1-9)-(0-8)],5.245208740234375e-05,0.005254507064819336,3,True,3
O????BwptkTgl_]OJWA]?,[(7-11)-(6-14)-(5-15)-(4-13)-(3-12)-(2-10)-(1-9)-(0-8)],5.078315734863281e-05,0.0052530765533447266,3,True,3
O????BwptkTgl_]OJWA]?,[(7-13)-(6-15)-(5-11)-(4-14)-(3-12)-(2-10)-(1-9)-(0-8)],5.8650970458984375e-05,0.002088785171508789,1,True,1
O????BwptkTgl_]OJWA]?,[(7-13)-(6-15)-(5-11)-(4-14)-(3-12)-(2-10)-(1-9)-(0-8)],5.1021575927734375e-05,0.003509998321533203,2,True,2
O????BwptkTgl_]OJWA]?,[(7-13)-(6-14)-(5-11)-(4-15)-(3-12)-(2-10)-(1-9)-(0-8)],5.14984130859375e-05,0.0036690235137939453,2,True,2
O????BwptkTgl_]OJWA]?,[(7-13)-(6-14)-(5-11)-(4-15)-(3-12)-(2-10)-(1-9)-(0-8)],5.1021575927734375e-05,0.0022122859954833984,1,True,1
O????BwptkTgl_]OJWA]?,[(7-15)-(6-14)-(5-12)-(4-11)-(3-13)-(2-10)-(1-9)-(0-8)],5.14984130859375e-05,0.0022497177124023438,1,True,1
O????BwptkTgl_]OJWA]?,[(7-15)-(6-14)-(5-12)-(4-11)-(3-13)-(2-10)-(1-9)-(0-8)],5.1021575927734375e-05,0.0020618438720703125,1,True,1
O????BwptkTgl_]OJWA]?,[(7-14)-(6-15)-(5-12)-(4-11)-(3-13)-(2-10)-(1-9)-(0-8)],5.054473876953125e-05,0.007666587829589844,4,True,4
O????BwptkTgl_]OJWA]?,[(7-14)-(6-15)-(5-12)-(4-11)-(3-13)-(2-10)-(1-9)-(0-8)],5.1021575927734375e-05,0.02548980712890625,5,True,5
O????BwptkTgl_]OJWA]?,[(7-14)-(6-12)-(5-15)-(4-11)-(3-13)-(2-10)-(1-9)-(0-8)],5.14984130859375e-05,0.007250070571899414,4,True,4
O????BwptkTgl_]OJWA]?,[(7-14)-(6-12)-(5-15)-(4-11)-(3-13)-(2-10)-(1-9)-(0-8)],5.412101745605469e-05,0.005293130874633789,3,True,3
O????BwptkTgl_]OJWA]?,[(7-15)-(6-12)-(5-11)-(4-14)-(3-13)-(2-10)-(1-9)-(0-8)],5.221366882324219e-05,0.009509086608886719,5,True,5
O????BwptkTgl_]OJWA]?,[(7-15)-(6-12)-(5-11)-(4-14)-(3-13)-(2-10)-(1-9)-(0-8)],5.14984130859375e-05,0.0020630359649658203,1,True,1
O????BwptkTgl_VOJWBU?,[(7-15)-(6-14)-(5-13)-(4-11)-(3-12)-(2-10)-(1-9)-(0-8)],5.054473876953125e-05,0.003529787063598633,2,True,2
O????BwptkTgl_VOJWBU?,[(7-15)-(6-14)-(5-13)-(4-11)-(3-12)-(2-10)-(1-9)-(0-8)],5.054473876953125e-05,0.003559589385986328,1,True,1
O????BwptkTgl_VOJWBU?,[(7-14)-(6-15)-(5-13)-(4-11)-(3-12)-(2-10)-(1-9)-(0-8)],9.512901306152344e-05,0.0036966800689697266,2,True,2
O????BwptkTgl_VOJWBU?,[(7-14)-(6-15)-(5-13)-(4-11)-(3-12)-(2-10)-(1-9)-(0-8)],5.1021575927734375e-05,0.0020852088928222656,1,True,1
O????BwptkTgl_VOJWBU?,[(7-15)-(6-14)-(5-11)-(4-13)-(3-12)-(2-10)-(1-9)-(0-8)],5.221366882324219e-05,0.004071235656738281,2,True,2
O????BwptkTgl_VOJWBU?,[(7-15)-(6-14)-(5-11)-(4-13)-(3-12)-(2-10)-(1-9)-(0-8)],5.2928924560546875e-05,0.0020737648010253906,1,True,1
O????BwptkTgl_VOJWBU?,[(7-14)-(6-15)-(5-11)-(4-13)-(3-12)-(2-10)-(1-9)-(0-8)],5.173683166503906e-05,0.00588226318359375,3,True,3
O????BwptkTgl_VOJWBU?,[(7-14)-(6-15)-(5-11)-(4-13)-(3-12)-(2-10)-(1-9)-(0-8)],5.173683166503906e-05,0.005242109298706055,3,True,3
O????BwptkTgl_VOJWBU?,[(7-13)-(6-15)-(5-11)-(4-14)-(3-12)-(2-10)-(1-9)-(0-8)],5.173683166503906e-05,0.0038237571716308594,2,True,2
O????BwptkTgl_VOJWBU?,[(7-13)-(6-15)-(5-11)-(4-14)-(3-12)-(2-10)-(1-9)-(0-8)],5.125999450683594e-05,0.007234334945678711,4,True,4
O????BwptkTgl_VOJWBU?,[(7-11)-(6-15)-(5-13)-(4-14)-(3-12)-(2-10)-(1-9)-(0-8)],5.1975250244140625e-05,0.005665302276611328,3,True,3
O????BwptkTgl_VOJWBU?,[(7-11)-(6-15)-(5-13)-(4-14)-(3-12)-(2-10)-(1-9)-(0-8)],5.173683166503906e-05,0.0035109519958496094,2,True,2
O????BwptkTgl_VOJWBU?,[(7-13)-(6-14)-(5-11)-(4-15)-(3-12)-(2-10)-(1-9)-(0-8)],5.125999450683594e-05,0.00727391242980957,4,True,4
O????BwptkTgl_VOJWBU?,[(7-13)-(6-14)-(5-11)-(4-15)-(3-12)-(2-10)-(1-9)-(0-8)],5.125999450683594e-05,0.0072438716888427734,4,True,4
O????BwptkTgl_VOJWBU?,[(7-11)-(6-14)-(5-13)-(4-15)-(3-12)-(2-10)-(1-9)-(0-8)],5.173683166503906e-05,0.049941301345825195,5,True,5
O????BwptkTgl_VOJWBU?,[(7-11)-(6-14)-(5-13)-(4-15)-(3-12)-(2-10)-(1-9)-(0-8)],5.173683166503906e-05,0.005359649658203125,3,True,3
O????BwptkTgl_VOJWBU?,[(7-15)-(6-14)-(5-12)-(4-11)-(3-13)-(2-10)-(1-9)-(0-8)],5.269050598144531e-05,0.0020875930786132812,1,True,1
O????BwptkTgl_VOJWBU?,[(7-15)-(6-14)-(5-12)-(4-11)-(3-13)-(2-10)-(1-9)-(0-8)],5.030632019042969e-05,0.0035583972930908203,2,True,2
O????BwptkTgl_VOJWBU?,[(7-14)-(6-15)-(5-12)-(4-11)-(3-13)-(2-10)-(1-9)-(0-8)],5.221366882324219e-05,0.0064046382904052734,2,True,2
O????BwptkTgl_VOJWBU?,[(7-14)-(6-15)-(5-12)-(4-11)-(3-13)-(2-10)-(1-9)-(0-8)],5.1021575927734375e-05,0.0035119056701660156,2,True,2
O????BwptkTgj_VOJWBe?,[(7-15)-(6-14)-(5-12)-(4-11)-(3-13)-(2-10)-(1-9)-(0-8)],5.054473876953125e-05,0.0020956993103027344,1,True,1
O????BwptkTgj_VOJWBe?,[(7-15)-(6-14)-(5-12)-(4-11)-(3-13)-(2-10)-(1-9)-(0-8)],5.054473876953125e-05,0.00751948356628418,4,True,4
O????BwptkTgj_VOJWBe?,[(7-14)-(6-15)-(5-12)-(4-11)-(3-13)-(2-10)-(1-9)-(0-8)],5.173683166503906e-05,0.004041433334350586,2,True,2
O????BwptkTgj_VOJWBe?,[(7-14)-(6-15)-(5-12)-(4-11)-(3-13)-(2-10)-(1-9)-(0-8)],5.14984130859375e-05,0.0035326480865478516,2,True,2
O????BwptkTgj_VOJWBe?,[(7-15)-(6-14)-(5-11)-(4-12)-(3-13)-(2-10)-(1-9)-(0-8)],5.316734313964844e-05,0.002092123031616211,1,True,1
O????BwptkTgj_VOJWBe?,[(7-15)-(6-14)-(5-11)-(4-12)-(3-13)-(2-10)-(1-9)-(0-8)],7.557868957519531e-05,0.003955841064453125,2,True,2
O????BwptkTgj_VOJWBe?,[(7-14)-(6-15)-(5-11)-(4-12)-(3-13)-(2-10)-(1-9)-(0-8)],5.269050598144531e-05,0.0037391185760498047,2,True,2
O????BwptkTgj_VOJWBe?,[(7-14)-(6-15)-(5-11)-(4-12)-(3-13)-(2-10)-(1-9)-(0-8)],5.14984130859375e-05,0.0020842552185058594,1,True,1
O????BwptkTgj_VOJWBe?,[(7-15)-(6-12)-(5-11)-(4-14)-(3-13)-(2-10)-(1-9)-(0-8)],5.221366882324219e-05,0.005526542663574219,3,True,3
O????BwptkTgj_VOJWBe?,[(7-15)-(6-12)-(5-11)-(4-14)-(3-13)-(2-10)-(1-9)-(0-8)],5.1021575927734375e-05,0.002225637435913086,1,True,1
O????BwptkTgj_VOJWBe?,[(7-11)-(6-15)-(5-12)-(4-14)-(3-13)-(2-10)-(1-9)-(0-8)],5.1975250244140625e-05,0.0022439956665039062,1,True,1
O????BwptkTgj_VOJWBe?,[(7-11)-(6-15)-(5-12)-(4-14)-(3-13)-(2-10)-(1-9)-(0-8)],5.054473876953125e-05,0.003493070602416992,2,True,2
O????BwptkTgj_VOJWBe?,[(7-13)-(6-15)-(5-12)-(4-11)-(3-14)-(2-10)-(1-9)-(0-8)],5.14984130859375e-05,0.009804487228393555,5,True,5
O????BwptkTgj_VOJWBe?,[(7-13)-(6-15)-(5-12)-(4-11)-(3-14)-(2-10)-(1-9)-(0-8)],5.078315734863281e-05,0.005217790603637695,3,True,3
O????BwptkTgj_VOJWBe?,[(7-15)-(6-12)-(5-13)-(4-11)-(3-14)-(2-10)-(1-9)-(0-8)],5.173683166503906e-05,0.0009348392486572266,0,True,0
O????BwptkTgj_VOJWBe?,[(7-15)-(6-12)-(5-13)-(4-11)-(3-14)-(2-10)-(1-9)-(0-8)],5.030632019042969e-05,0.0020668506622314453,1,True,1
O????BwptkTgj_VOJWBe?,[(7-13)-(6-15)-(5-11)-(4-12)-(3-14)-(2-10)-(1-9)-(0-8)],5.14984130859375e-05,0.025203943252563477,5,True,5
O????BwptkTgj_VOJWBe?,[(7-13)-(6-15)-(5-11)-(4-12)-(3-14)-(2-10)-(1-9)-(0-8)],5.1021575927734375e-05,0.007211208343505859,4,True,4
O????BwptkTgj_VOJWBe?,[(7-11)-(6-15)-(5-13)-(4-12)-(3-14)-(2-10)-(1-9)-(0-8)],5.173683166503906e-05,0.004081010818481445,2,True,2
O????BwptkTgj_VOJWBe?,[(7-11)-(6-15)-(5-13)-(4-12)-(3-14)-(2-10)-(1-9)-(0-8)],5.125999450683594e-05,0.0035026073455810547,2,True,2
O????BwptkTgeoZ_JgBe?,[(7-14)-(6-15)-(5-13)-(4-11)-(3-12)-(2-10)-(1-9)-(0-8)],5.0067901611328125e-05,0.0035600662231445312,2,True,2
O????BwptkTgeoZ_JgBe?,[(7-14)-(6-15)-(5-13)-(4-11)-(3-12)-(2-10)-(1-9)-(0-8)],5.054473876953125e-05,0.006060123443603516,2,True,2
O????BwptkTgeoZ_JgBe?,[(7-15)-(6-13)-(5-14)-(4-11)-(3-12)-(2-10)-(1-9)-(0-8)],8.225440979003906e-05,0.0035605430603027344,2,True,2
O????BwptkTgeoZ_JgBe?,[(7-15)-(6-13)-(5-14)-(4-11)-(3-12)-(2-10)-(1-9)-(0-8)],5.054473876953125e-05,0.0021164417266845703,1,True,1
O????BwptkTgeoZ_JgBe?,[(7-14)-(6-15)-(5-11)-(4-13)-(3-12)-(2-10)-(1-9)-(0-8)],7.009506225585938e-05,0.004324197769165039,2,True,2
O????BwptkTgeoZ_JgBe?,[(7-14)-(6-15)-(5-11)-(4-13)-(3-12)-(2-10)-(1-9)-(0-8)],5.125999450683594e-05,0.005264997482299805,3,True,3
O????BwptkTgeoZ_JgBe?,[(7-11)-(6-15)-(5-14)-(4-13)-(3-12)-(2-10)-(1-9)-(0-8)],5.1975250244140625e-05,0.003686189651489258,2,True,2
O????BwptkTgeoZ_JgBe?,[(7-11)-(6-15)-(5-14)-(4-13)-(3-12)-(2-10)-(1-9)-(0-8)],5.1021575927734375e-05,0.0021011829376220703,1,True,1
O????BwptkTgeoZ_JgBe?,[(7-15)-(6-13)-(5-11)-(4-14)-(3-12)-(2-10)-(1-9)-(0-8)],5.1975250244140625e-05,0.0035436153411865234,2,True,2
O????BwptkTgeoZ_JgBe?,[(7-15)-(6-13)-(5-11)-(4-14)-(3-12)-(2-10)-(1-9)-(0-8)],5.1975250244140625e-05,0.0034890174865722656,2,True,2
O????BwptkTgeoZ_JgBe?,[(7-11)-(6-15)-(5-13)-(4-14)-(3-12)-(2-10)-(1-9)-(0-8)],5.14984130859375e-05,0.007794618606567383,4,True,4
O????BwptkTgeoZ_JgBe?,[(7-11)-(6-15)-(5-13)-(4-14)-(3-12)-(2-10)-(1-9)-(0-8)],5.1021575927734375e-05,0.0009202957153320312,0,True,0
O????BwptkTgeoZ_JgBe?,[(7-15)-(6-12)-(5-13)-(4-11)-(3-14)-(2-10)-(1-9)-(0-8)],5.14984130859375e-05,0.0022487640380859375,1,True,1
O????BwptkTgeoZ_JgBe?,[(7-15)-(6-12)-(5-13)-(4-11)-(3-14)-(2-10)-(1-9)-(0-8)],5.030632019042969e-05,0.0071752071380615234,3,True,3
O????BwptkTgeoZ_JgBe?,[(7-12)-(6-15)-(5-13)-(4-11)-(3-14)-(2-10)-(1-9)-(0-8)],5.1975250244140625e-05,0.0009379386901855469,0,True,0
O????BwptkTgeoZ_JgBe?,[(7-12)-(6-15)-(5-13)-(4-11)-(3-14)-(2-10)-(1-9)-(0-8)],5.125999450683594e-05,0.0035486221313476562,2,True,2
O????BwptkTgeoZ_JgBe?,[(7-15)-(6-13)-(5-11)-(4-12)-(3-14)-(2-10)-(1-9)-(0-8)],5.245208740234375e-05,0.0035707950592041016,2,True,2
O????BwptkTgeoZ_JgBe?,[(7-15)-(6-13)-(5-11)-(4-12)-(3-14)-(2-10)-(1-9)-(0-8)],5.078315734863281e-05,0.0052661895751953125,3,True,3
O????BwptkTgeoZ_JgBe?,[(7-11)-(6-15)-(5-13)-(4-12)-(3-14)-(2-10)-(1-9)-(0-8)],5.125999450683594e-05,0.0009407997131347656,0,True,0
O????BwptkTgeoZ_JgBe?,[(7-11)-(6-15)-(5-13)-(4-12)-(3-14)-(2-10)-(1-9)-(0-8)],5.030632019042969e-05,0.0065691471099853516,2,True,2
