G6,PLI_create_time,solve_time,result,counter,break_type
Q??????}Fo^?popgC{@N?FW?Z_?,2.384185791015625e-07,0.8522624969482422,True,15,None
Q??????}Fo^?pohgKk?v?Dw?N_?,2.384185791015625e-07,0.5959470272064209,True,4,None
Q??????}Fo^?pohgIk?^?Bw?r_?,4.76837158203125e-07,0.34964561462402344,True,2,None
Q??????}Fo[oxOfGI[@f?Bw?N_?,4.76837158203125e-07,0.40051817893981934,True,7,None
Q??????}Fo[oxOfGI[@V?Dw?N_?,2.384185791015625e-07,0.5009760856628418,True,4,None
Q??????}Fo[oxOfGI[?v?Bw?f_?,2.384185791015625e-07,1.3148694038391113,True,16,None
Q??????}Fo[oxOdgJK?v?Bw?f_?,2.384185791015625e-07,1.6389527320861816,True,17,None
Q??????}Fo[oxOdgJK?^?Bw?r_?,2.384185791015625e-07,0.863163948059082,True,12,None
Q??????}Fo[oxOdgHk?n?Iw?Z_?,7.152557373046875e-07,0.6343381404876709,True,3,None
Q??????}Fo[oxOdgH[?v?Bw?t_?,4.76837158203125e-07,0.6019845008850098,True,2,None
Q??????}Fo[oxOowFc?v?Dw?N_?,2.384185791015625e-07,1.4064702987670898,True,8,None
Q??????}Fo[oxOowFS?z?Dw?N_?,4.76837158203125e-07,0.36496567726135254,True,2,None
Q??????}Fo[oxOowEs?z?Bw?Z_?,2.384185791015625e-07,0.7167868614196777,True,3,None
Q??????}Fo[otOawDs?^?Dw@p_?,2.384185791015625e-07,0.5576834678649902,True,5,None
Q??????}Fo[otOawH[?|?LW?f_?,2.384185791015625e-07,0.3642549514770508,True,5,None
Q??????}Fo[otOawC{@l?Bw@X_?,2.384185791015625e-07,0.9221580028533936,True,10,None
Q??????}Fo[otOawC{@N?UW?]_?,7.152557373046875e-07,0.5464034080505371,True,6,None
Q??????}Fo[otO`wEs@Z?Ew@J_?,2.384185791015625e-07,0.123809814453125,True,1,None
Q??????}Fo[otO`wDs@j?Qw?Z_?,2.384185791015625e-07,0.6181166172027588,True,7,None
Q??????}Fo[otO`wE[@\\?Qw?\\_?,0.0,2.984004020690918,True,28,None
Q??????}Fo[otO`wE[@\\?Bw@X_?,2.384185791015625e-07,0.6793355941772461,True,5,None
Q??????}Fo[otO`wH[@f?Fg?l_?,4.76837158203125e-07,0.46085619926452637,True,5,None
Q??????}Fo[ofO{GH[?n?Hw?N_?,2.384185791015625e-07,0.5879132747650146,True,7,None
Q??????}Fo[ofO`wJS@j?Pw?j_?,2.384185791015625e-07,0.5959923267364502,True,5,None
Q??????}Fo[ofO`wBsAN?Kw@h_?,2.384185791015625e-07,0.5397236347198486,True,2,None
Q??????}Fo[osW|?C{?v?Bw?N_?,2.384185791015625e-07,0.5669307708740234,True,7,None
Q??????}Fo[osW|?A{@V?Bw?N_?,2.384185791015625e-07,0.19549965858459473,True,1,None
Q??????}Fo[osWx_FK?n?Bw?N_?,2.384185791015625e-07,0.4913923740386963,True,8,None
Q??????}Fo[osWx_Dk?v?Dw?N_?,4.76837158203125e-07,0.7044863700866699,True,15,None
Q??????}Fo[osWt_Dk@N?Bw?Z_?,2.384185791015625e-07,0.575141191482544,True,11,None
Q??????}Fo[osWr_Dk@V?Dw?V_?,4.76837158203125e-07,0.055850982666015625,True,1,None
Q??????}Fo[osWj_DkAf?Dw?N_?,2.384185791015625e-07,0.31925106048583984,True,6,None
Q??????}Fo[osWj_Dk?v?Dw@F_?,2.384185791015625e-07,0.9132180213928223,True,17,None
Q??????}Fo[osWxODs?v?Dw?N_?,2.384185791015625e-07,2.3199687004089355,True,39,None
Q??????}Fo[osWxOD[?|?Dw?N_?,2.384185791015625e-07,0.18229174613952637,True,2,None
Q??????}Fo[osWjOE[A\\?Bw?V_?,2.384185791015625e-07,0.516564130783081,True,7,None
Q??????}Fo[osWjOE[?|?Bw@F_?,4.76837158203125e-07,0.0507657527923584,True,1,None
Q??????}Fo[osWpoBs?z?Hw?j_?,4.76837158203125e-07,0.42197227478027344,True,4,None
Q??????}Fo[osWpoDk@V?Fg?V_?,2.384185791015625e-07,0.5058460235595703,True,1,None
Q??????}Fo[osWhoFcAf?Bw?N_?,2.384185791015625e-07,1.0850167274475098,True,5,None
Q??????}Fo[osWdoFc@V?Bw@F_?,2.384185791015625e-07,0.5373139381408691,True,3,None
Q??????}Fo[osWdoBsBR?Bw?f_?,2.384185791015625e-07,0.6838579177856445,True,9,None
Q??????}Fo[osWdoBsAZ?Hw?j_?,2.384185791015625e-07,0.5019066333770752,True,4,None
Q??????}Fo[osWdoJK@\\?Bw?f_?,2.384185791015625e-07,0.3010880947113037,True,3,None
Q??????}Fo[osWboLc?v?Dw?f_?,2.384185791015625e-07,0.5245904922485352,True,4,None
Q??????}Fo[osWboLc?n?Dw?j_?,2.384185791015625e-07,0.4702770709991455,True,5,None
Q??????}Fo[osWboIs@r?Bw?f_?,2.384185791015625e-07,0.049629926681518555,True,2,None
Q??????}Fo[osWboIs?z?Hw?j_?,2.384185791015625e-07,0.36830997467041016,True,4,None
Q??????}Fo[osWboJK@\\?Hw?V_?,0.0,0.2371201515197754,True,1,None
Q??????}Fo[osWboJK?|?Hw?f_?,2.384185791015625e-07,0.5744292736053467,True,12,None
Q??????}Fo[osWboIk@V?Hw?]_?,4.76837158203125e-07,0.9068648815155029,True,18,None
Q??????}FoWw{G|?E[?^?Bw?N_?,2.384185791015625e-07,0.4995090961456299,True,3,None
Q??????}FoWw{Gr_FK@N?Dw?N_?,4.76837158203125e-07,0.3284449577331543,True,4,None
Q??????}FoWw{GpoFc@V?Dw?N_?,2.384185791015625e-07,0.8212270736694336,True,4,None
Q??????}FoWw{GboNC?^?Hw?V_?,2.384185791015625e-07,0.5945830345153809,True,7,None
Q??????}FoWw{GxGE[?}?Bw?N_?,2.384185791015625e-07,0.9526431560516357,True,19,None
Q??????}FoWw{GxGC{?v?Fo?N_?,0.0,1.0630285739898682,True,16,None
Q??????}FoWw{GlGKw?v?Bw?N_?,2.384185791015625e-07,0.9141273498535156,True,13,None
Q??????}FoWw{GlGD[AN?Fo?N_?,2.384185791015625e-07,0.7893805503845215,True,12,None
Q??????}FoWw{GlGC{?v?Ro?N_?,2.384185791015625e-07,0.405454158782959,True,4,None
Q??????}FoWw{GrGD[@m?Bw?V_?,2.384185791015625e-07,0.45139050483703613,True,3,None
Q??????}FoWw{GrGC{@N?Fo?Z_?,4.76837158203125e-07,0.4917891025543213,True,9,None
Q??????}FoWw{GjGIw?v?Hw?N_?,2.384185791015625e-07,1.2950680255889893,True,24,None
Q??????}FoWw{GpgFK@N?Fo?N_?,4.76837158203125e-07,0.13820314407348633,True,1,None
Q??????}FoWw{GpgDk@u?Dw?N_?,2.384185791015625e-07,0.5717043876647949,True,3,None
Q??????}FoWw{GbgNG@N?Dw?N_?,2.384185791015625e-07,1.6045053005218506,True,15,None
Q??????}FoWw{GbgMg@V?Dw?N_?,0.0,0.5185720920562744,True,1,None
Q??????}FoWw{GbgMK@N?Fo?N_?,2.384185791015625e-07,1.0016634464263916,True,14,None
Q??????}FoWw{GbgLK@m?Bw?V_?,2.384185791015625e-07,0.419039249420166,True,1,None
Q??????}FoWw{GbgKk@u?Dw?N_?,2.384185791015625e-07,0.3381209373474121,True,2,None
Q??????}FoWw`wxGJc?}?Kw?j_?,2.384185791015625e-07,0.043997764587402344,True,1,None
Q??????}FoWw`wxGIs@y?Ew?j_?,2.384185791015625e-07,0.6785969734191895,True,3,None
Q??????}FoWw`wxGG{@{?MW?Z_?,2.384185791015625e-07,1.4053354263305664,True,16,None
Q??????}FoWw`wlGHwBX?Ew?r_?,2.384185791015625e-07,1.276036262512207,True,21,None
Q??????}FoWw`wlGMc@]?Ew@J_?,2.384185791015625e-07,0.822272539138794,True,14,None
Q??????}FoWw`wlGLc@]?Ew@R_?,4.76837158203125e-07,0.48540616035461426,True,6,None
Q??????}FoWw`wlGMS@Z?Bw@Z??,2.384185791015625e-07,0.383042573928833,True,3,None
Q??????}FoWw`wlGD[BX?Fo@R_?,2.384185791015625e-07,0.25026631355285645,True,2,None
Q??????}FoWw`whgBkBJ?Mo@Y_?,4.76837158203125e-07,0.771470308303833,True,19,None
Q??????}Fg^?{_wWA{?^?Bw?N_?,4.76837158203125e-07,2.1614327430725098,True,47,None
Q??????}Fg^?wobgIk?n?Bw?j_?,2.384185791015625e-07,0.5256764888763428,True,2,None
Q??????}Fg^?wobgHk?n?Dw?j_?,4.76837158203125e-07,0.9418401718139648,True,13,None
Q??????}Fg^?wobgHk?^?Dw?r_?,2.384185791015625e-07,0.41011929512023926,True,4,None
Q??????}Fg^?wobgI[?^?Bw?t_?,4.76837158203125e-07,0.4058389663696289,True,3,None
Q??????}Fg^?woowFc?n?Bw?N_?,2.384185791015625e-07,0.6244821548461914,True,7,None
Q??????}Fg^?woowBs?z?Bw?f_?,2.384185791015625e-07,0.2101297378540039,True,1,None
Q??????}Fg^?qo{GC{?n?Bw?N_?,2.384185791015625e-07,0.5437469482421875,True,7,None
Q??????}Fg^?qoyGA{?n?Bw?f_?,4.76837158203125e-07,1.0537171363830566,True,40,None
Q??????}Fg^?qohgMK?n?Bw?N_?,2.384185791015625e-07,0.6557877063751221,True,7,None
Q??????}Fg^?qohgK[?z?Bw?V_?,2.384185791015625e-07,0.3356456756591797,True,2,None
Q??????}Fg^?qobgHk@f?Hw?V_?,2.384185791015625e-07,0.398669958114624,True,1,None
Q??????}Fg^?qobgK[?n?Dw?l_?,2.384185791015625e-07,0.555769681930542,True,5,None
Q??????}Fg^?boyGI[?n?Hw?N_?,2.384185791015625e-07,1.2256224155426025,True,27,None
Q??????}Fg\\_}?cwI[@N?Bw?N_?,7.152557373046875e-07,0.8942828178405762,True,15,None
Q??????}Fg\\_wouGA{?n?Iw?N_?,2.384185791015625e-07,1.4379172325134277,True,23,None
Q??????}Fg\\_wofGI[?v?Bw?f_?,0.0,0.627798318862915,True,12,None
Q??????}Fg\\_woegIk?v?Bw?f_?,4.76837158203125e-07,1.1431753635406494,True,12,None
Q??????}Fg\\_woegG{@f?Bw?\\_?,2.384185791015625e-07,0.06537747383117676,True,1,None
Q??????}Fg\\_woowFc?v?Dw?N_?,4.76837158203125e-07,0.1696643829345703,True,1,None
Q??????}Fg]O{OrGE[?^?Bw?N_?,2.384185791015625e-07,0.9485793113708496,True,14,None
Q??????}Fg]O{OrGD[?n?Bw?N_?,2.384185791015625e-07,0.038941144943237305,True,1,None
Q??????}Fg]O{ObgHk@V?Bw?V_?,2.384185791015625e-07,0.593977689743042,True,6,None
Q??????}Fg]OrOawFc@V?Pw?V_?,4.76837158203125e-07,0.4828000068664551,True,2,None
Q??????}Fg]OwWf_BkAV?Bw?f_?,4.76837158203125e-07,0.665916919708252,True,9,None
Q??????}Fg]OwWfOJS@N?Bw?N_?,4.76837158203125e-07,0.9828226566314697,True,14,None
Q??????}Fg]OwWfOB[AN?Jg?N_?,4.76837158203125e-07,0.7828400135040283,True,11,None
Q??????}Fg]OwWsWDw?|?Bw?N_?,7.152557373046875e-07,0.573702335357666,True,3,None
Q??????}Fg]OwWqWC{?}?Fg?N_?,2.384185791015625e-07,0.5274288654327393,True,1,None
Q??????}Fg]OwWeWJo@N?Bw?N_?,4.76837158203125e-07,0.4669170379638672,True,10,None
Q??????}Fg]OwWeWIw@\\?Bw?N_?,2.384185791015625e-07,0.4613354206085205,True,3,None
Q??????}Fg]OwWeWHw@\\?Bw?V_?,2.384185791015625e-07,0.8982489109039307,True,5,None
Q??????}Fg]OwWeWG{?}?Jg?N_?,2.384185791015625e-07,0.5119709968566895,True,9,None
Q??????}Fg]OwWbWH[@N?Fo?]_?,2.384185791015625e-07,0.9112803936004639,True,6,None
Q??????}Fg]OwWbWB[?}?Rg?f_?,4.76837158203125e-07,0.6604700088500977,True,5,None
Q??????}Fg]ObWbWH[BM?Fg?r_?,2.384185791015625e-07,1.1029188632965088,True,16,None
Q??????}Fg\\O{O{GA{?^?Bw?N_?,2.384185791015625e-07,1.8017354011535645,True,22,None
Q??????}Fg\\O{OpgD[?n?FW?N_?,7.152557373046875e-07,0.12758922576904297,True,1,None
Q??????}Fg\\O{OpgB[?n?JW?N_?,2.384185791015625e-07,0.5078444480895996,True,5,None
Q??????}Fg\\O{ObgI[@N?FW?N_?,4.76837158203125e-07,0.5817861557006836,True,12,None
Q??????}Fg\\O{ObgH[@j?Dw?N_?,2.384185791015625e-07,0.5860898494720459,True,7,None
Q??????}Fg\\O{OdWBsAV?Hw?N_?,2.384185791015625e-07,0.069091796875,True,1,None
Q??????}Fg\\OuOpgBk?v?Hw?f_?,2.384185791015625e-07,1.2508516311645508,True,33,None
Q??????}Fg\\OuOhgHk@N?Dw?Z_?,4.76837158203125e-07,1.070216178894043,True,11,None
Q??????}Fg\\OuOhgHk?n?Dw?j_?,2.384185791015625e-07,1.0300588607788086,True,14,None
Q??????}Fg\\OuOdgIk@N?Bw?j_?,4.291534423828125e-06,0.36104774475097656,True,2,None
Q??????}Fg\\OuOdgBk?^?Hw@b_?,2.384185791015625e-07,0.47937607765197754,True,4,None
Q??????}Fg\\OuOdgI[@N?JW?N_?,2.384185791015625e-07,0.4954860210418701,True,2,None
Q??????}Fg\\OuOdgG{?z?Hw?j_?,2.384185791015625e-07,0.41329455375671387,True,3,None
Q??????}Fg\\OxOuGC{?^?Ew?V_?,4.76837158203125e-07,0.43797826766967773,True,2,None
Q??????}Fg\\OxOrGD[?v?Dw?V_?,2.384185791015625e-07,0.45583176612854004,True,3,None
Q??????}Fg\\OxOfGH[@N?Ew?V_?,2.384185791015625e-07,0.10980677604675293,True,1,None
Q??????}Fg\\OxOfGH[?^?Kw?V_?,2.384185791015625e-07,0.45308494567871094,True,13,None
Q??????}Fg\\OxOegHk@N?Ew?V_?,2.384185791015625e-07,0.4953036308288574,True,1,None
Q??????}Fg\\OxOegHk?^?Dw?r_?,4.76837158203125e-07,0.44217801094055176,True,5,None
Q??????}Fg\\OxOegI[@N?Bw?\\_?,2.384185791015625e-07,1.1513121128082275,True,16,None
Q??????}Fg\\OxOegG{@N?Ew?\\_?,7.152557373046875e-07,0.5521585941314697,True,4,None
Q??????}Fg\\OxOegA{?n?RW?j_?,4.76837158203125e-07,0.4011993408203125,True,1,None
Q??????}Fg\\OxObgI[?n?FW?j_?,2.384185791015625e-07,0.6643126010894775,True,6,None
Q??????}Fg\\OxObgG{?z?Ew?r_?,4.76837158203125e-07,1.6646065711975098,True,20,None
Q??????}Fg\\OxObgG{?n?MW?Z_?,4.76837158203125e-07,0.490372896194458,True,2,None
Q??????}Fg\\OxOowDs?z?Ew?V_?,4.76837158203125e-07,0.5579478740692139,True,10,None
Q??????}Fg\\OtOawFS?z?Pw?f_?,4.76837158203125e-07,0.4163064956665039,True,1,None
Q??????}Fg\\OtOawE[@\\?Pw?\\_?,2.384185791015625e-07,0.3959071636199951,True,4,None
Q??????}Fg\\OtOawG{@f?Fg?l_?,2.384185791015625e-07,0.38892412185668945,True,2,None
Q??????}Fg\\OrOcwFS?z?Pw?f_?,4.76837158203125e-07,0.4528176784515381,True,4,None
Q??????}Fg\\OrOcwFK?|?Pw?f_?,2.384185791015625e-07,0.12920045852661133,True,1,None
Q??????}Fg\\OrOcwB[?z?Hw@e_?,2.384185791015625e-07,0.4364931583404541,True,4,None
Q??????}Fg\\OrO`wEs?z?Iw@R_?,1.1920928955078125e-06,0.4908773899078369,True,3,None
Q??????}Fg[WqoegC{@l?RW?\\_?,2.384185791015625e-07,0.7606544494628906,True,9,None
Q??????}Fg[WqoawEs@l?FW@L_?,2.384185791015625e-07,0.37403178215026855,True,1,None
Q??????}Fg[WrG}?@{?^?Dw?r_?,2.384185791015625e-07,0.8675265312194824,True,7,None
Q??????}Fg[WrGu_FK?n?Hw?N_?,2.384185791015625e-07,0.5192463397979736,True,2,None
Q??????}Fg[WrGu_Ek?n?Bw?j_?,4.76837158203125e-07,0.7217020988464355,True,3,None
Q??????}Fg[WrGm_JK?^?Dw?f_?,7.152557373046875e-07,0.1887226104736328,True,1,None
Q??????}Fg[WrGm_Ik?v?Bw?f_?,4.76837158203125e-07,1.3265562057495117,True,19,None
Q??????}Fg[WrGm_Ik?n?Bw?j_?,2.384185791015625e-07,1.5825276374816895,True,15,None
Q??????}Fg[WrGm_E[?n?Bw@L_?,2.384185791015625e-07,0.5133934020996094,True,1,None
Q??????}Fg[WrGm_D[?z?Dw@F_?,2.384185791015625e-07,0.3903474807739258,True,2,None
Q??????}Fg[WrGsoFc@V?Dw?N_?,2.384185791015625e-07,0.43020176887512207,True,2,None
Q??????}Fg[WrGsoFS@N?FW?N_?,4.76837158203125e-07,0.546593189239502,True,5,None
Q??????}Fg[WrGsoDs@Z?Ew?V_?,4.76837158203125e-07,0.41915440559387207,True,3,None
Q??????}Fg[WrGeoJc@f?Bw?f_?,2.384185791015625e-07,0.058503150939941406,True,1,None
Q??????}Fg[WrGeoJc@V?Dw?f_?,2.384185791015625e-07,0.6474556922912598,True,4,None
Q??????}Fg[WrGeoFc@V?Dw@F_?,4.76837158203125e-07,0.7677032947540283,True,13,None
Q??????}Fg[WrGeoHs?z?Hw?r_?,2.384185791015625e-07,0.7396173477172852,True,10,None
Q??????}Fg[WrGeoDs@V?TW?V_?,4.76837158203125e-07,0.3051767349243164,True,1,None
Q??????}Fg[WrGeoBs?n?Hw@h_?,2.384185791015625e-07,0.5469479560852051,True,1,None
Q??????}Fg[WrGboJc?v?Hw?r_?,2.384185791015625e-07,0.6009507179260254,True,2,None
Q??????}Fg[WrGrGE[@f?Fo?N_?,2.384185791015625e-07,0.6562442779541016,True,5,None
Q??????}Fg[WrGrGB[@u?Hw?V_?,2.384185791015625e-07,0.24485111236572266,True,1,None
Q??????}Fg[WrGrGB[?v?Hw?v??,2.384185791015625e-07,0.8333108425140381,True,18,None
Q??????}Fg[WrGqgFW@Z?Dw?V_?,4.76837158203125e-07,0.4643847942352295,True,9,None
Q??????}Fg[WrGqgFK@N?Dw?^??,2.384185791015625e-07,0.8751778602600098,True,3,None
Q??????}Fg[WrGqgFK?^?Dw?v??,4.76837158203125e-07,0.6090843677520752,True,6,None
Q??????}Fg[WrGqgEk@m?Bw?Z_?,4.76837158203125e-07,1.6946516036987305,True,19,None
Q??????}Fg[WrGegJg@V?Dw?f_?,4.76837158203125e-07,0.44002532958984375,True,4,None
Q??????}Fg[WrGegHw?z?Kw?f_?,4.76837158203125e-07,0.5977978706359863,True,4,None
Q??????}Fg[WrGegDw@V?Dw@T_?,4.76837158203125e-07,0.6406667232513428,True,2,None
Q??????}Fg[WrGegJK@m?Hw?N_?,4.76837158203125e-07,0.4806950092315674,True,5,None
Q??????}Fg[WrGegJK@]?Hw?V_?,2.384185791015625e-07,0.8085792064666748,True,1,None
Q??????}Fg[WrGegFK?n?Hw@N??,2.384185791015625e-07,0.18480563163757324,True,2,None
Q??????}Fg[WrGegIk@f?Jo?N_?,9.5367431640625e-07,0.6640117168426514,True,4,None
Q??????}Fg[WrGegHk?v?Hw?v??,7.152557373046875e-07,0.781123161315918,True,9,None
Q??????}Fg[WrGegC{@V?TW?^??,4.76837158203125e-07,0.40151214599609375,True,1,None
Q??????}Fg[WrGbgJg@V?Dw?r_?,2.384185791015625e-07,1.8115906715393066,True,13,None
Q??????}Fg[WrGbgHk@u?Kw?V_?,4.76837158203125e-07,0.06742525100708008,True,2,None
Q??????}Fg[WfGv?H[@V?Dw?f_?,4.76837158203125e-07,0.5907316207885742,True,7,None
Q??????}Fg[WfGu_Hk?^?Hw?r_?,9.5367431640625e-07,0.1658792495727539,True,5,None
Q??????}Fg[WfGegMWAN?JW?N_?,2.384185791015625e-07,0.5870921611785889,True,4,None
Q??????}Fg[WfGegLWAZ?Hw?V_?,4.76837158203125e-07,0.630652666091919,True,10,None
Q??????}Fg[WfGegMKAN?Bw?n??,2.384185791015625e-07,0.9160089492797852,True,10,None
Q??????}Fg[WfGegIkBM?Iw?N_?,2.384185791015625e-07,0.6394321918487549,True,2,None
Q??????}Fg[WfGbgLgAV?Dw?r_?,4.76837158203125e-07,0.9410052299499512,True,7,None
Q??????}Fg[WfGbgLKAV?Lo?V_?,4.76837158203125e-07,0.300612211227417,True,3,None
Q??????}Fg[WfGbgJKA]?Hw?r_?,2.384185791015625e-07,0.5793077945709229,True,7,None
Q??????}Fg[Wwgv?D[?z?Bw?V_?,2.384185791015625e-07,0.4252750873565674,True,6,None
Q??????}Fg[Wwgf_I[?z?JW?N_?,2.384185791015625e-07,0.9641618728637695,True,14,None
Q??????}Fg[WwgrOFc?v?Dw?N_?,4.76837158203125e-07,1.4678423404693604,True,22,None
Q??????}Fg[WwgfOJc?v?Hw?N_?,2.384185791015625e-07,0.9331603050231934,True,13,None
Q??????}Fg[WwgfOJS?n?Bw?l_?,2.384185791015625e-07,1.3814291954040527,True,26,None
Q??????}Fg[WwgfOH[@l?FW?N_?,4.76837158203125e-07,1.34861421585083,True,15,None
Q??????}Fg[WwgboHs?v?LW?\\_?,4.76837158203125e-07,0.6717262268066406,True,6,None
Q??????}Fg[WwgboJK@l?FW?N_?,4.76837158203125e-07,0.562511682510376,True,11,None
Q??????}Fg[Wqg}?Bk?^?Dw?f_?,4.76837158203125e-07,0.6201837062835693,True,9,None
Q??????}Fg[Wqgv?C{@Z?Dw?Z_?,2.384185791015625e-07,0.5639133453369141,True,5,None
Q??????}Fg[Wqgv?A{@r?Hw?N_?,2.384185791015625e-07,0.7683308124542236,True,8,None
Q??????}Fg[Wqgv?A{?n?JW?j_?,7.152557373046875e-07,0.8345339298248291,True,8,None
Q??????}Fg[Wqgn?Bk?^?Hw@R_?,2.384185791015625e-07,0.9480524063110352,True,11,None
Q??????}Fg[Wqgu_Ek@N?FW?N_?,2.384185791015625e-07,0.4499073028564453,True,1,None
Q??????}Fg[Wqgu_Bk@Z?Hw?V_?,2.384185791015625e-07,0.5281472206115723,True,6,None
Q??????}Fg[Wqgu_C{@N?FW?\\_?,9.5367431640625e-07,1.237361192703247,True,9,None
Q??????}Fg[Wqgl_EkAV?FW?N_?,2.384185791015625e-07,0.597944974899292,True,12,None
Q??????}Fg[WqgtOFc?v?Bw?f_?,7.152557373046875e-07,0.48358607292175293,True,3,None
Q??????}Fg[WqgtOC{@Z?Ew?]_?,7.152557373046875e-07,1.1859276294708252,True,15,None
Q??????}Fg[WqgtOA{@x?Bw?j_?,2.384185791015625e-07,0.5728178024291992,True,4,None
Q??????}Fg[WqgtOA{@t?JW?N_?,7.152557373046875e-07,1.0287768840789795,True,18,None
Q??????}Fg[WqgtOA{@r?Bw?m_?,2.384185791015625e-07,0.5901827812194824,True,9,None
Q??????}Fg[WqgfOFS@Z?Dw@F_?,2.384185791015625e-07,0.4733920097351074,True,5,None
Q??????}Fg[WqgkoBk?z?Jg@F_?,2.384185791015625e-07,0.6417248249053955,True,3,None
Q??????}Fg[WqgkoC{?|?FW@L_?,2.384185791015625e-07,0.5769195556640625,True,4,None
Q??????}Fg[WqgioBk?z?Lg@F_?,7.152557373046875e-07,0.7395436763763428,True,12,None
Q??????}Fg[WqgdoJc@j?Iw?N_?,7.152557373046875e-07,0.4763016700744629,True,4,None
Q??????}Fg[WqgdoFc?v?Hw@L_?,4.76837158203125e-07,0.5859034061431885,True,4,None
Q??????}Fg[WqgdoJS?z?JW?f_?,2.384185791015625e-07,0.051871538162231445,True,1,None
Q??????}Fg[WqgdoJS?^?JW?t_?,4.76837158203125e-07,0.6016857624053955,True,6,None
Q??????}Fg[WqgdoIs?^?JW?x_?,2.384185791015625e-07,1.0133142471313477,True,19,None
Q??????}Fg[WqgdoBs@V?LW@L_?,4.76837158203125e-07,0.4966011047363281,True,3,None
Q??????}Fg[WqgdoI[@\\?JW?\\_?,2.384185791015625e-07,0.6464180946350098,True,7,None
Q??????}Fg[WqgdoI[?|?JW?l_?,2.384185791015625e-07,0.43869662284851074,True,4,None
Q??????}Fg[WqgboJc@V?LW?V_?,2.384185791015625e-07,0.42980170249938965,True,2,None
Q??????}Fg[WqgboJS?z?Hw?t_?,2.384185791015625e-07,1.28281831741333,True,13,None
Q??????}Fg[WqgboI[@\\?LW?\\_?,7.152557373046875e-07,0.6405839920043945,True,6,None
Q??????}Fg[WqgboI[@j?JW?]_?,4.76837158203125e-07,0.6772689819335938,True,10,None
Q??????}Fg[WqgboI[@Z?FW?u_?,2.384185791015625e-07,0.5000555515289307,True,2,None
Q??????}Fg[WqgboE[?|?TW?l_?,4.76837158203125e-07,0.5059425830841064,True,5,None
Q??????}Fg[WqgboH[?z?Lg?t_?,7.152557373046875e-07,0.06231284141540527,True,1,None
Q??????}Fg[WqgfGFg@V?Pw?V_?,4.76837158203125e-07,0.12424874305725098,True,1,None
Q??????}Fg[WqgfGFW@Z?Dw@F_?,2.384185791015625e-07,0.3235204219818115,True,2,None
Q??????}Fg[WqgfGEw@Z?Ew@F_?,2.384185791015625e-07,0.6361777782440186,True,4,None
Q??????}Fg[WqgfGEk@]?Pw?Z_?,2.384185791015625e-07,1.2091283798217773,True,15,None
Q??????}Fg[WqgpgFK@y?Dw?N_?,2.384185791015625e-07,0.7235114574432373,True,8,None
Q??????}Fg[WqgdgJg@f?JW?N_?,2.384185791015625e-07,0.8553674221038818,True,11,None
Q??????}Fg[WqgdgJK@j?Jo?N_?,4.76837158203125e-07,1.3078763484954834,True,16,None
Q??????}Fg[WqgdgJK?n?JW?n??,2.384185791015625e-07,0.7098178863525391,True,6,None
Q??????}Fg[WqgdgI[?}?JW?l_?,2.384185791015625e-07,0.1469109058380127,True,1,None
Q??????}Fg[WqgbgIw@V?LW?\\_?,4.76837158203125e-07,0.5379157066345215,True,1,None
Q??????}Fg[WqgbgI[@]?LW?\\_?,2.384185791015625e-07,0.419872522354126,True,2,None
Q??????}Fg[WqgeWJo@j?Hw?N_?,2.384185791015625e-07,0.7494523525238037,True,13,None
Q??????}Fg[WqgeWFo@Z?Dw@F_?,2.384185791015625e-07,0.8544182777404785,True,10,None
Q??????}Fg[WqgeWFg@\\?Dw@F_?,2.384185791015625e-07,0.4383668899536133,True,3,None
Q??????}Fg[WqgeWEw@N?RW?]_?,2.384185791015625e-07,0.06080794334411621,True,1,None
Q??????}Fg[WqgeWFc@]?Dw@F_?,0.0,0.3962726593017578,True,8,None
Q??????}Fg[WqgeWEs?n?JW@N??,2.384185791015625e-07,0.6389682292938232,True,3,None
Q??????}Fg[WqgeWDk@\\?Dw@V??,2.384185791015625e-07,0.6208970546722412,True,6,None
Q??????}Fg[WqgpWFc@]?Ew?V_?,2.384185791015625e-07,0.565110445022583,True,7,None
Q??????}Fg[WqgpWE[@]?Fg?\\_?,2.384185791015625e-07,0.6962058544158936,True,4,None
Q??????}Fg[WqgcwJg@l?JW?N_?,2.384185791015625e-07,0.48809242248535156,True,5,None
Q??????}Fg[WqgcwJg?|?JW?f_?,2.384185791015625e-07,0.5418224334716797,True,2,None
Q??????}Fg[WqgcwEw@\\?FW@L_?,2.384185791015625e-07,1.548323631286621,True,19,None
Q??????}Fg[WqgcwJc@m?JW?N_?,2.384185791015625e-07,0.47569823265075684,True,5,None
Q??????}Fg[WqgcwJc?}?JW?f_?,2.384185791015625e-07,0.5557219982147217,True,5,None
Q??????}Fg[WqgcwEk@]?RW?]_?,2.384185791015625e-07,0.4085202217102051,True,1,None
Q??????}Fg[WqgcwEk@Z?Rg?^??,4.76837158203125e-07,0.4916815757751465,True,2,None
Q??????}Fg[WqgcwC{@{?FW@L_?,4.76837158203125e-07,0.18651485443115234,True,3,None
Q??????}Fg[WqgawJg@\\?LW?V_?,2.384185791015625e-07,0.5719919204711914,True,4,None
Q??????}Fg[WqgawEw?|?TW?l_?,2.384185791015625e-07,0.8578510284423828,True,10,None
Q??????}Fg[WqgawJc@]?Dw?t_?,2.384185791015625e-07,0.7648472785949707,True,3,None
Q??????}Fg[WqgawJc?}?Hw?t_?,2.384185791015625e-07,0.7000093460083008,True,6,None
Q??????}Fg[WqgawJc?z?Lo?f_?,4.76837158203125e-07,0.5445337295532227,True,5,None
Q??????}Fg[WqgawEs?}?TW?l_?,2.384185791015625e-07,0.46024012565612793,True,3,None
Q??????}Fg[Wegv?Ik@V?Hw?N_?,2.384185791015625e-07,0.47612714767456055,True,1,None
Q??????}Fg[Wegv?G{?n?JW?j_?,4.76837158203125e-07,0.7012767791748047,True,12,None
Q??????}Fg[WegxOJS?n?Bw?l_?,2.384185791015625e-07,0.8843913078308105,True,6,None
Q??????}Fg[WegtOJc@V?Bw?f_?,4.76837158203125e-07,0.5706379413604736,True,5,None
Q??????}Fg[WegtOEsAV?Bw?l_?,4.76837158203125e-07,0.5898752212524414,True,7,None
Q??????}Fg[WegtOE[BX?Bw?N_?,4.76837158203125e-07,1.17338228225708,True,17,None
Q??????}Fg[WegtOE[A\\?JW?N_?,2.384185791015625e-07,0.5653486251831055,True,1,None
Q??????}Fg[WegtOA{BX?Bw?j_?,7.152557373046875e-07,0.9263579845428467,True,10,None
Q??????}Fg[WegtOA{BT?Bw?l_?,7.152557373046875e-07,0.9601030349731445,True,14,None
Q??????}Fg[WegpoMc?v?Bw?l_?,7.152557373046875e-07,1.2347123622894287,True,9,None
Q??????}Fg[WegpoIs?^?JW?x_?,4.76837158203125e-07,0.8969979286193848,True,11,None
Q??????}Fg[WegpoJK@l?JW?N_?,7.152557373046875e-07,0.16327452659606934,True,3,None
Q??????}Fg[WegpoIk@r?Jg?N_?,4.76837158203125e-07,0.458251953125,True,7,None
Q??????}Fg[WegpoIk?v?Jg?l_?,2.384185791015625e-07,0.5084989070892334,True,2,None
Q??????}Fg[WegpoI[@x?JW?N_?,2.384185791015625e-07,0.0562136173248291,True,1,None
Q??????}Fg[WegpoI[?z?JW?m_?,2.384185791015625e-07,0.1930866241455078,True,2,None
Q??????}Fg[WegpoH[?^?NG?t_?,2.384185791015625e-07,0.5154862403869629,True,3,None
Q??????}Fg[WegpoG{@V?FW?{_?,9.5367431640625e-07,0.6706151962280273,True,8,None
Q??????}Fg[WegpoG{?^?MW?{_?,4.76837158203125e-07,0.4702901840209961,True,3,None
Q??????}Fg[WegdoJcAZ?Hw?j_?,2.384185791015625e-07,0.04666590690612793,True,1,None
Q??????}Fg[WegdoH[AZ?LW?m_?,4.76837158203125e-07,0.5181465148925781,True,5,None
Q??????}Fg[WegboHkA\\?Kw?t_?,2.384185791015625e-07,0.07204675674438477,True,1,None
Q??????}Fg[WegboH[Al?LW?l_?,2.384185791015625e-07,0.6344394683837891,True,2,None
Q??????}Fg[WegdgJgAZ?Iw?f_?,2.384185791015625e-07,0.19156503677368164,True,1,None
Q??????}Fg[WegdgMKA]?Bw?l_?,9.5367431640625e-07,1.0510146617889404,True,13,None
Q??????}Fg[WegdgJK@N?Bw@l??,2.384185791015625e-07,1.410520315170288,True,17,None
Q??????}Fg[WegdgI[BY?JW?N_?,2.384185791015625e-07,0.8029766082763672,True,12,None
Q??????}Fg[WegbgMgAZ?Ew?f_?,7.152557373046875e-07,0.507338285446167,True,1,None
Q??????}Fg[WegbgMKAZ?Dw?n??,4.76837158203125e-07,0.45453524589538574,True,1,None
Q??????}Fg[WegcwLgAN?FW?m_?,2.384185791015625e-07,1.2545380592346191,True,14,None
Q??????}Fg[WegawKwAZ?Fg?t_?,4.76837158203125e-07,0.5957903861999512,True,3,None
Q??????}Fg[WegawIsAZ?Jo?t_?,2.384185791015625e-07,0.5212748050689697,True,5,None
Q??????}Fg[WegawKkA\\?LW?^??,4.76837158203125e-07,0.5375425815582275,True,2,None
Q??????}Fg[WegawIk?n?ZG?n??,7.152557373046875e-07,0.7315967082977295,True,11,None
Q??????}Fg[WbgbgJgAV?Kw?t_?,4.76837158203125e-07,0.5785329341888428,True,1,None
Q??????}Fg[WbgwWHw@f?Fg?\\_?,2.384185791015625e-07,0.39214015007019043,True,2,None
Q??????}Fg[WbgwWHs@y?Ew?V_?,4.76837158203125e-07,0.6536226272583008,True,5,None
Q??????}Fg[WbgwWHs@u?FW?V_?,4.76837158203125e-07,0.19823217391967773,True,2,None
Q??????}Fg[Wowv?FS@N?FW?N_?,2.384185791015625e-07,0.46933841705322266,True,5,None
Q??????}Fg[Wowv?Bs?z?Iw?f_?,2.384185791015625e-07,0.992398738861084,True,13,None
Q??????}Fg[Wowv?D[@\\?Dw?\\_?,4.76837158203125e-07,0.6122009754180908,True,3,None
Q??????}Fg[Wowv?B[@x?Bw?f_?,2.384185791015625e-07,0.8033945560455322,True,10,None
Q??????}Fg[Wowm_Fc?n?Bw@L_?,2.384185791015625e-07,0.8235912322998047,True,7,None
Q??????}Fg[Wowm_Ik?|?Bw?l_?,4.76837158203125e-07,0.5041444301605225,True,2,None
Q??????}Fg[Wowm_Ik?z?Bw?m_?,4.76837158203125e-07,0.7206292152404785,True,6,None
Q??????}Fg[Wowm_EkAx?Bw?N_?,2.384185791015625e-07,0.6649050712585449,True,8,None
Q??????}Fg[Wowm_G{@\\?FW?\\_?,2.384185791015625e-07,0.43183112144470215,True,2,None
Q??????}Fg[Wowr_FK@N?Fg?\\_?,2.384185791015625e-07,0.6614539623260498,True,6,None
Q??????}Fg[Wowr_E[@Z?Fg?\\_?,2.384185791015625e-07,0.8737618923187256,True,7,None
Q??????}Fg[Wowr_D[@l?FW?\\_?,2.384185791015625e-07,0.5222723484039307,True,3,None
Q??????}Fg[Wowr_@{?|?MW?t_?,2.384185791015625e-07,0.23077034950256348,True,3,None
Q??????}Fg[Wowf_H[?|?LW?l_?,2.384185791015625e-07,0.6274440288543701,True,3,None
Q??????}Fg[Wowf_H[?n?JW?{_?,4.76837158203125e-07,0.5513758659362793,True,2,None
Q??????}Fg[Wowf_B[@j?Jg@L_?,2.384185791015625e-07,0.6150283813476562,True,3,None
Q??????}Fg[WowkoLc?^?Fg?\\_?,4.76837158203125e-07,0.20838665962219238,True,3,None
Q??????}Fg[WowboFS@\\?FW@T_?,2.384185791015625e-07,0.5314016342163086,True,4,None
Q??????}Fg[WowrGFc@u?Bw?V_?,4.76837158203125e-07,0.4905359745025635,True,2,None
Q??????}Fg[WowrGE[@{?FW?N_?,2.384185791015625e-07,0.9045565128326416,True,6,None
Q??????}Fg[WowegJg@l?Bw?l_?,4.76837158203125e-07,3.3186047077178955,True,36,None
Q??????}Fg[WowegJg?^?Hw?{_?,4.76837158203125e-07,1.3724076747894287,True,12,None
Q??????}Fg[WowegFg@\\?Dw@L_?,2.384185791015625e-07,0.9829306602478027,True,12,None
Q??????}Fg[WowegHw?n?JW?{_?,4.76837158203125e-07,0.6735758781433105,True,6,None
Q??????}Fg[WowegHw?^?NG?t_?,7.152557373046875e-07,0.7841885089874268,True,5,None
Q??????}Fg[WowegIk@{?Bw?l_?,2.384185791015625e-07,0.7499842643737793,True,5,None
Q??????}Fg[WowegG{@{?JW?\\_?,4.76837158203125e-07,0.5123472213745117,True,5,None
Q??????}Fg[WowegG{?}?JW?{_?,7.152557373046875e-07,0.5461208820343018,True,6,None
Q??????}Fg[WowegG{?^?NO?{_?,2.384185791015625e-07,0.8505294322967529,True,9,None
Q??????}Fg[WowegC{@{?RW?\\_?,4.76837158203125e-07,0.6537878513336182,True,4,None
Q??????}Fg[WowowFc@x?Fo?N_?,2.384185791015625e-07,0.46906423568725586,True,4,None
Q??????}Fg[WowowBs?|?JW?|??,4.76837158203125e-07,0.6899204254150391,True,6,None
Q??????}Fg[WowgwLc?}?Fg?\\_?,2.384185791015625e-07,0.4846165180206299,True,3,None
Q??????}Fg[WowawEw@\\?FW@[_?,2.384185791015625e-07,0.36148619651794434,True,1,None
Q??????}Fg[WowawEs@{?FW@L_?,2.384185791015625e-07,1.0417909622192383,True,13,None
Q??????}Fg[WowawG{?|?NO?{_?,2.384185791015625e-07,0.8182201385498047,True,10,None
Q??????}Fg[WawsoC{@\\?VG?\\_?,2.384185791015625e-07,0.9347848892211914,True,9,None
Q??????}FgXW{Gl_K[?z?Bw?N_?,4.76837158203125e-07,0.5277996063232422,True,3,None
Q??????}FgXW{Gj_I[@N?FW?N_?,4.76837158203125e-07,0.834622859954834,True,5,None
Q??????}FgXW{Gqo@{@x?Hw?V_?,4.76837158203125e-07,0.0799112319946289,True,1,None
Q??????}FgXW{GioMc?n?Bw?N_?,7.152557373046875e-07,0.6982214450836182,True,5,None
Q??????}FgXW{GboHs@r?Hw?V_?,2.384185791015625e-07,0.623121976852417,True,2,None
Q??????}FgXW{GboC{@l?RW?Z_?,2.384185791015625e-07,0.1280045509338379,True,1,None
Q??????}FgXW{GxGEw?^?Bw?Z_?,2.384185791015625e-07,0.43467140197753906,True,4,None
Q??????}FgXW{GrGC{@N?Fo?Z_?,7.152557373046875e-07,0.8247377872467041,True,9,None
Q??????}FgXW{GrG@{?^?Lo?r_?,7.152557373046875e-07,0.6781289577484131,True,5,None
Q??????}FgXW{GjGIw@N?Bw?Z_?,4.76837158203125e-07,1.2969412803649902,True,11,None
Q??????}FgXW{GjGIw?^?Bw?r_?,4.76837158203125e-07,0.4515244960784912,True,2,None
Q??????}FgXW{GhgKk?}?Bw?Z_?,4.76837158203125e-07,1.3287508487701416,True,11,None
Q??????}FgXWyGx_FK?^?Dw?V_?,4.76837158203125e-07,0.5619404315948486,True,4,None
Q??????}FgXWyGx_Ek?^?Dw?Z_?,4.76837158203125e-07,0.438568115234375,True,4,None
Q??????}FgXWyGx_Dk?v?Dw?V_?,2.384185791015625e-07,0.669586181640625,True,6,None
Q??????}FgXWyGx_C{?z?Dw?Z_?,4.76837158203125e-07,0.21928858757019043,True,1,None
Q??????}FgXWyGt_Ek?n?Bw?j_?,4.76837158203125e-07,1.1556556224822998,True,13,None
Q??????}FgXWyGt_C{@j?Bw?Z_?,2.384185791015625e-07,2.2093756198883057,True,55,None
Q??????}FgXWyGl_LK?^?Dw?V_?,2.384185791015625e-07,0.8737099170684814,True,9,None
Q??????}FgXWyGl_Dk?^?Dw@R_?,7.152557373046875e-07,0.5079665184020996,True,2,None
Q??????}FgXWyGl_H[@N?Dw?\\_?,2.384185791015625e-07,0.6190814971923828,True,3,None
Q??????}FgXWyGl_H[?^?LW?V_?,4.76837158203125e-07,0.2820467948913574,True,1,None
Q??????}FgXWyGr_Bk?n?Hw?r_?,2.384185791015625e-07,0.5593438148498535,True,17,None
Q??????}FgXWyGr_D[@j?Dw?V_?,4.76837158203125e-07,1.0802347660064697,True,14,None
Q??????}FgXWyGf_Kk@N?Dw?Z_?,4.76837158203125e-07,1.2125234603881836,True,12,None
Q??????}FgXWyGf_K[@N?Dw?\\_?,4.76837158203125e-07,0.7488102912902832,True,6,None
Q??????}FgXWyGf_H[@N?Dw?t_?,2.384185791015625e-07,1.0828964710235596,True,23,None
Q??????}FgXWyGf_D[@N?Dw@T_?,4.76837158203125e-07,0.4980454444885254,True,2,None
Q??????}FgXWyGwoC{?n?Fg?\\_?,2.384185791015625e-07,0.24642682075500488,True,2,None
Q??????}FgXWyGsoC{@x?Dw?N_?,2.384185791015625e-07,0.4955456256866455,True,3,None
Q??????}FgXWyGkoG{@\\?Dw?\\_?,2.384185791015625e-07,0.9222087860107422,True,19,None
Q??????}FgXWyGeoKs@N?Dw?\\_?,2.384185791015625e-07,0.5394589900970459,True,2,None
Q??????}FgXWyGhoNC?n?Dw?N_?,2.384185791015625e-07,0.44682884216308594,True,2,None
Q??????}FgXWyGhoMS?^?Dw?\\_?,2.384185791015625e-07,0.6365694999694824,True,6,None
Q??????}FgXWyGhoFSAN?Dw?\\_?,2.384185791015625e-07,0.059088706970214844,True,1,None
Q??????}FgXWyGhoFS?^?Dw@T_?,7.152557373046875e-07,0.543980598449707,True,4,None
Q??????}FgXWyGhoDs?z?Dw@R_?,2.384185791015625e-07,0.46962475776672363,True,2,None
Q??????}FgXWyGhoDs?v?Dw@T_?,7.152557373046875e-07,0.07632160186767578,True,1,None
Q??????}FgXWyGhoK[?n?Fg?\\_?,2.384185791015625e-07,0.5636777877807617,True,8,None
Q??????}FgXWyGhoH[@l?Dw?\\_?,2.384185791015625e-07,0.5276951789855957,True,2,None
Q??????}FgXWyGhoC{Ax?Dw?Z_?,7.152557373046875e-07,0.7706058025360107,True,17,None
Q??????}FgXWyGdoMS@N?Bw?\\_?,4.76837158203125e-07,0.7468738555908203,True,7,None
Q??????}FgXWyGdoJS@j?Hw?N_?,4.76837158203125e-07,0.8689730167388916,True,12,None
Q??????}FgXWyGdoFS?z?Hw@F_?,2.384185791015625e-07,0.5535476207733154,True,2,None
Q??????}FgXWyGdoKs@r?Dw?N_?,2.384185791015625e-07,1.479691505432129,True,12,None
Q??????}FgXWyGdoKs@V?Dw?\\_?,7.152557373046875e-07,0.6311967372894287,True,6,None
Q??????}FgXWyGdoIs?v?JW?f_?,2.384185791015625e-07,0.45645666122436523,True,3,None
Q??????}FgXWyGdoHs?z?Hw?r_?,2.384185791015625e-07,0.47785234451293945,True,1,None
Q??????}FgXWyGdoBs?z?Ww?f_?,2.384185791015625e-07,0.6252343654632568,True,3,None
Q??????}FgXWyGdoK[@l?Bw?\\_?,2.384185791015625e-07,0.43735337257385254,True,6,None
Q??????}FgXWyGdoK[@\\?Dw?\\_?,2.384185791015625e-07,0.6446080207824707,True,7,None
Q??????}FgXWyGdoD[@l?Bw@T_?,4.76837158203125e-07,0.20465302467346191,True,2,None
Q??????}FgXWyGdoD[?|?Hw@T_?,7.152557373046875e-07,0.5861072540283203,True,8,None
Q??????}FgXWyGdoC{@N?Fg@X_?,2.384185791015625e-07,0.45659828186035156,True,3,None
Q??????}FgXWyGboFS@N?Dw@T_?,7.152557373046875e-07,0.6614303588867188,True,9,None
Q??????}FgXWyGboHs@j?Kw?V_?,2.384185791015625e-07,0.48447632789611816,True,5,None
Q??????}FgXWyGboBsAf?LW?f_?,4.76837158203125e-07,1.4223663806915283,True,17,None
Q??????}FgXWyGboD[@l?Dw@T_?,2.384185791015625e-07,0.9926056861877441,True,16,None
Q??????}FgXWyGtGEw@V?Dw?N_?,4.76837158203125e-07,0.807744026184082,True,9,None
Q??????}FgXWyGtGC{@N?Fo?Z_?,4.76837158203125e-07,0.6959731578826904,True,5,None
Q??????}FgXWyGtGA{?n?Iw?n??,4.76837158203125e-07,1.8100745677947998,True,22,None
Q??????}FgXWyGfGFW?n?Hw@F_?,4.76837158203125e-07,0.4382176399230957,True,2,None
Q??????}FgXWyGfGK[?}?Dw?f_?,2.384185791015625e-07,0.638279914855957,True,5,None
Q??????}FgXWyGfGD[@N?Dw@V??,2.384185791015625e-07,0.9556944370269775,True,10,None
Q??????}FgXWyGwgC{?}?FW?V_?,1.1920928955078125e-06,0.4914124011993408,True,4,None
Q??????}FgXWyGkgDw?^?Dw@T_?,4.76837158203125e-07,0.8142204284667969,True,9,None
Q??????}FgXWyGkgKk?^?Dw?^??,2.384185791015625e-07,0.6396925449371338,True,6,None
Q??????}FgXWyGkgC{Aj?Fo?N_?,4.76837158203125e-07,0.18005013465881348,True,1,None
Q??????}FgXWyGkgA{?n?Jo@L_?,2.384185791015625e-07,0.6269650459289551,True,2,None
Q??????}FgXWyGqgFg?n?Dw?f_?,2.384185791015625e-07,0.8314356803894043,True,3,None
Q??????}FgXWyGqgDk@m?Dw?V_?,4.76837158203125e-07,0.07821154594421387,True,1,None
Q??????}FgXWyGegKw@N?Dw?\\_?,4.76837158203125e-07,1.369936466217041,True,13,None
Q??????}FgXWyGegA{?n?Jo@d_?,7.152557373046875e-07,0.571418046951294,True,1,None
Q??????}FgXWyGpgDk@u?Dw?V_?,4.76837158203125e-07,1.0820181369781494,True,17,None
Q??????}FgXWyGpgDk?}?Kw?V_?,7.152557373046875e-07,0.779914140701294,True,15,None
Q??????}FgXWyGhgFgAN?Dw?Z_?,2.384185791015625e-07,0.607724666595459,True,1,None
Q??????}FgXWyGhgFg?^?Dw@R_?,4.76837158203125e-07,0.5935959815979004,True,4,None
Q??????}FgXWyGhgFWAN?Dw?\\_?,2.384185791015625e-07,0.416607141494751,True,3,None
Q??????}FgXWyGhgEwAZ?Dw?Z_?,2.384185791015625e-07,1.435624599456787,True,8,None
Q??????}FgXWyGhgEwAV?Dw?\\_?,4.76837158203125e-07,0.7313849925994873,True,4,None
Q??????}FgXWyGhgDw?z?Dw@R_?,4.76837158203125e-07,0.13569998741149902,True,1,None
Q??????}FgXWyGdgJg@f?Hw?N_?,2.384185791015625e-07,0.9918923377990723,True,11,None
Q??????}FgXWyGdgIk?v?Jo?f_?,2.384185791015625e-07,0.1987290382385254,True,3,None
Q??????}FgXWyGdgHk@m?Hw?Z_?,2.384185791015625e-07,0.47593069076538086,True,6,None
Q??????}FgXWyGdgDk?v?Pw?v??,7.152557373046875e-07,0.43337368965148926,True,2,None
Q??????}FgXWyGdgG{?n?Mo?l_?,4.76837158203125e-07,0.8271651268005371,True,6,None
Q??????}FgXWyGbgFgAN?Kw?V_?,2.384185791015625e-07,0.25760555267333984,True,2,None
Q??????}FgXWyGbgJW?n?Hw?t_?,2.384185791015625e-07,0.649561882019043,True,10,None
Q??????}FgXWyGbgFWAN?LW?V_?,4.76837158203125e-07,0.3960733413696289,True,1,None
Q??????}FgXWyGbgDw@f?Dw@T_?,2.384185791015625e-07,0.6982667446136475,True,5,None
Q??????}FgXWyGbgBwAf?LW?f_?,4.76837158203125e-07,0.566300630569458,True,4,None
Q??????}FgXWyGbgH[?n?Lo?t_?,2.384185791015625e-07,0.7553174495697021,True,6,None
Q??????}FgXWyGbgD[@m?Dw@T_?,4.76837158203125e-07,1.216991662979126,True,21,None
Q??????}FgXWyGowFo@N?FW?V_?,4.76837158203125e-07,0.3439347743988037,True,1,None
Q??????}FgXWyGowEw@x?Dw?N_?,4.76837158203125e-07,0.9119100570678711,True,11,None
Q??????}FgXWyGowC{@x?Dw?^??,2.384185791015625e-07,0.4884018898010254,True,5,None
Q??????}FgXWyGgwN_?^?Dw?V_?,2.384185791015625e-07,0.9118351936340332,True,11,None
Q??????}FgXWyGgwMo?n?Bw?\\_?,2.384185791015625e-07,0.5812506675720215,True,4,None
Q??????}FgXWyGgwHw@l?Dw?\\_?,7.152557373046875e-07,0.9873673915863037,True,22,None
Q??????}FgXWyGgwKs?z?Dw?^??,2.384185791015625e-07,0.9997923374176025,True,7,None
Q??????}FgXWyGcwFo@N?Pw?\\_?,4.76837158203125e-07,0.477323055267334,True,4,None
Q??????}FgXWyGcwDw@l?Pw?\\_?,2.384185791015625e-07,0.6665921211242676,True,6,None
Q??????}FgXWyGcwBw?|?XW?f_?,4.76837158203125e-07,2.842242956161499,True,16,None
Q??????}FgXWyGcwMc@m?Bw?N_?,4.76837158203125e-07,1.1450722217559814,True,9,None
Q??????}FgXWyGcwKs?z?Bw?v??,2.384185791015625e-07,1.2731001377105713,True,11,None
Q??????}FgXWyGcwIs@Z?Bw?v??,4.76837158203125e-07,0.8629872798919678,True,9,None
Q??????}FgXWyGawFo@N?Dw@T_?,2.384185791015625e-07,0.5340836048126221,True,4,None
Q??????}FgXWyGawDw@l?Dw@T_?,2.384185791015625e-07,0.5650889873504639,True,1,None
Q??????}FgXWyGawFc@N?To?V_?,2.384185791015625e-07,0.8903617858886719,True,10,None
Q??????}FgXWyGawDs@m?Dw@T_?,7.152557373046875e-07,0.7124571800231934,True,1,None
Q??????}FgXWyGaw@{Am?Lg?t_?,2.384185791015625e-07,1.2363560199737549,True,16,None
Q??????}FgXWyGaw@{Al?Lo?t_?,2.384185791015625e-07,0.786566972732544,True,3,None
Q??????}FgXW`w{GMo@Z?Bw?Z_?,2.384185791015625e-07,1.5165669918060303,True,16,None
Q??????}FgXW`w{GKw?|?FW?j_?,7.152557373046875e-07,0.42258644104003906,True,2,None
Q??????}FgXW`wxGN_@N?Ew?Z_?,2.384185791015625e-07,0.6469206809997559,True,3,None
Q??????}FgXW`wxGMo@V?Ew?\\_?,4.76837158203125e-07,0.274761438369751,True,1,None
Q??????}FgXW`wxGLo?n?Ew?x_?,2.384185791015625e-07,0.9354715347290039,True,17,None
Q??????}FgXW`wxGHw@l?Ew?x_?,2.384185791015625e-07,0.7426581382751465,True,7,None
Q??????}FgXW`wxGMc@u?Ew?N_?,2.384185791015625e-07,0.8886866569519043,True,9,None
Q??????}FgXW`wxGMc@V?Fo?Z_?,4.76837158203125e-07,0.46846580505371094,True,5,None
Q??????}FgXW`wxGLc@m?Ew?Z_?,2.384185791015625e-07,2.7930755615234375,True,41,None
Q??????}FgXW`wxGJc@m?Iw?Z_?,4.76837158203125e-07,0.6798977851867676,True,10,None
Q??????}FgXW`wxGHs@y?Kw?Z_?,4.76837158203125e-07,0.7636539936065674,True,9,None
Q??????}FgXW`wxGHs@m?Ew?x_?,2.384185791015625e-07,0.1543254852294922,True,1,None
Q??????}FgXW`wxGI[@V?N_?\\_?,4.76837158203125e-07,1.2701189517974854,True,18,None
Q??????}FgXW`wxGG{@x?Mo?Z_?,2.384185791015625e-07,0.8804521560668945,True,8,None
Q??????}FgXW`wxGC{@u?Ug?\\_?,2.384185791015625e-07,0.18803000450134277,True,1,None
Q??????}FgXW`wrGMo@Z?Kw?Z_?,2.384185791015625e-07,0.9846498966217041,True,11,None
Q??????}FgXW`wrGFo@j?Ww?Z_?,2.384185791015625e-07,0.24210667610168457,True,1,None
Q??????}FgXW`wrGEw@x?Ww?Z_?,2.384185791015625e-07,0.4336843490600586,True,2,None
Q??????}FgXW`wrGFc@]?Kw@R_?,4.76837158203125e-07,0.4183781147003174,True,2,None
Q??????}FgXW`wrGKs@m?Ew?x_?,2.384185791015625e-07,0.8577816486358643,True,12,None
Q??????}FgXW`wrGKs@f?Mo?\\_?,7.152557373046875e-07,1.5780832767486572,True,21,None
Q??????}FgXW`wrGDs?}?[W?r_?,2.384185791015625e-07,0.7767632007598877,True,8,None
Q??????}FgXW`wrGDs?n?MW@r??,4.76837158203125e-07,1.40494704246521,True,28,None
Q??????}FgXW`wrGG{@{?MW?r_?,4.76837158203125e-07,0.5618855953216553,True,4,None
Q??????}FgXW`wrGG{@m?Mg?x_?,2.384185791015625e-07,0.5029928684234619,True,7,None
Q??????}FgXW`wrGG{@x?Mo?r_?,2.384185791015625e-07,1.2326078414916992,True,13,None
Q??????}FgXW`wrG@{@{?Kw@p_?,4.76837158203125e-07,0.6710188388824463,True,9,None
Q??????}FgXW`wwgNO@N?FW?\\_?,2.384185791015625e-07,0.7967569828033447,True,6,None
Q??????}FgXW`wwgJo@f?JW?\\_?,2.384185791015625e-07,1.032848596572876,True,11,None
Q??????}FgXW`wwgJW@N?FW?{_?,2.384185791015625e-07,0.07721209526062012,True,1,None
Q??????}FgXW`wwgIs@V?NO?\\_?,2.384185791015625e-07,0.08078932762145996,True,1,None
Q??????}FgXW`wwgEs@]?FW@X_?,2.384185791015625e-07,0.6481845378875732,True,6,None
Q??????}FgXW`wwgHs?z?NO?r_?,2.384185791015625e-07,0.6206037998199463,True,1,None
Q??????}FgXW`wwgIk@u?FW?m_?,4.76837158203125e-07,0.2889833450317383,True,1,None
Q??????}FgXW`wwgIk@Z?Mo?]_?,4.76837158203125e-07,0.6493608951568604,True,2,None
Q??????}FgXW`wwgI[@{?JW?\\_?,2.384185791015625e-07,0.613746166229248,True,3,None
Q??????}FgXW`wwgI[?z?NO?m_?,4.76837158203125e-07,0.547330379486084,True,3,None
Q??????}FgXW`wwgE[@{?RW?\\_?,4.76837158203125e-07,0.6629629135131836,True,5,None
Q??????}FgXW`wwgE[@]?FW@[_?,2.384185791015625e-07,0.46808671951293945,True,6,None
Q??????}FgXW`wwgH[@m?FW?{_?,9.5367431640625e-07,0.4127161502838135,True,2,None
Q??????}FgXW`wwgD[@{?FW@T_?,2.384185791015625e-07,0.4740564823150635,True,3,None
Q??????}FgXW`wwgD[@l?VO?\\_?,2.384185791015625e-07,0.6090238094329834,True,5,None
Q??????}FgXW`wwgC{@u?VG?\\_?,7.152557373046875e-07,0.7936992645263672,True,10,None
Q??????}FgXW`wqgMo@N?MW?\\_?,2.384185791015625e-07,0.49262499809265137,True,1,None
Q??????}FgXW`wqgLo?z?LW?r_?,2.384185791015625e-07,1.5148723125457764,True,13,None
Q??????}FgXW`wqgLW@l?LW?\\_?,2.384185791015625e-07,0.9633281230926514,True,10,None
Q??????}FgXW`wqgKk?}?NG?r_?,4.76837158203125e-07,1.3066184520721436,True,21,None
Q??????}FgXW`wqgK[@{?LW?\\_?,4.76837158203125e-07,0.7303166389465332,True,7,None
Q??????}FgXW`wqgK[@j?NO?]_?,2.384185791015625e-07,0.07071542739868164,True,1,None
Q??????}FgXW`wqg@{@y?\\G?r_?,2.384185791015625e-07,0.5533530712127686,True,4,None
Q??????}FgXW`wigLg?v?Tg?t_?,2.384185791015625e-07,0.425945520401001,True,1,None
Q??????}FgXW`wigJg?z?Kw@e_?,4.76837158203125e-07,0.37508440017700195,True,1,None
Q??????}FgXW`wigKwAl?MW?\\_?,2.384185791015625e-07,0.15179944038391113,True,1,None
Q??????}FgXW`wigHwAl?MW?t_?,2.384185791015625e-07,0.5821144580841064,True,3,None
Q??????}FgXW`wigDwAr?Tg?t_?,2.384185791015625e-07,0.8450949192047119,True,9,None
Q??????}FgXW`wigLKAm?FW?u_?,2.384185791015625e-07,0.5935697555541992,True,4,None
Q??????}FgXW`wigHkAm?NG?r_?,2.384185791015625e-07,0.39007997512817383,True,2,None
Q??????}FgXW`whgMgAZ?Ew?y_?,2.384185791015625e-07,0.5173561573028564,True,4,None
Q??????}FgXW`whgBwAx?Kw@h_?,7.152557373046875e-07,0.9407007694244385,True,6,None
Q??????}FgXW`whgBwAj?Mg@h_?,2.384185791015625e-07,0.641042947769165,True,3,None
Q??????}FgXW`whgJc?n?Mo@h_?,2.384185791015625e-07,0.46833205223083496,True,5,None
Q??????}FgXW`whgBsBi?UW?j_?,2.384185791015625e-07,0.8239390850067139,True,10,None
Q??????}FgXW`whgBsAy?Ww?x_?,2.384185791015625e-07,0.5292444229125977,True,3,None
Q??????}FgXW`whgBsAj?YW?z??,2.384185791015625e-07,0.6344785690307617,True,12,None
Q??????}FKZ_}?eWE[@N?Pw?N_?,4.76837158203125e-07,1.7067091464996338,True,15,None
Q??????}FKZ_mOuGE[@N?Bw@F_?,2.384185791015625e-07,0.7495088577270508,True,11,None
Q??????}FKZ_mOmGC{?n?Qw@F_?,4.76837158203125e-07,2.1492130756378174,True,29,None
Q??????}FKZ_mOmGA{?^?Ww@F_?,2.384185791015625e-07,0.5361666679382324,True,4,None
Q??????}FKZ_mO`wFK@N?Sw@M_?,2.384185791015625e-07,0.0691831111907959,True,1,None
Q??????}FKZ_mO`wC{?|?Sw@h_?,2.384185791015625e-07,1.2662038803100586,True,10,None
Q??????}FKZ_mO`wA{?^?[g@h_?,2.384185791015625e-07,0.3509547710418701,True,1,None
Q??????}FKZ_lOgwMS?z?Qw?N_?,2.384185791015625e-07,0.9989972114562988,True,16,None
Q??????}FKZ_lOgwKsAV?FW?Z_?,2.384185791015625e-07,0.6348662376403809,True,2,None
Q??????}FKZ_lOgwC{At?Qw?\\_?,4.76837158203125e-07,0.8189620971679688,True,4,None
Q??????}FKYg{G}?D[?n?Bw?N_?,2.384185791015625e-07,0.9088892936706543,True,9,None
Q??????}FKYg{Gu_A{@V?Bw?l_?,2.384185791015625e-07,0.7661926746368408,True,14,None
Q??????}FKYg{Gm_MK?^?Bw?N_?,2.384185791015625e-07,1.5234565734863281,True,13,None
Q??????}FKYg{Gr_C{@V?Ew?\\_?,2.384185791015625e-07,0.48276233673095703,True,4,None
Q??????}FKYg{Gr_@{@N?Ew?x_?,2.384185791015625e-07,0.4353170394897461,True,1,None
Q??????}FKYg{Gf_FK@N?Bw@J_?,4.76837158203125e-07,1.6751558780670166,True,16,None
Q??????}FKYg{Gf_Ek@V?Qw?N_?,2.384185791015625e-07,0.8253686428070068,True,6,None
Q??????}FKYg{GqoFS@N?FW?N_?,2.384185791015625e-07,0.680189847946167,True,5,None
Q??????}FKYg{GioLc?v?Bw?V_?,2.384185791015625e-07,0.2611379623413086,True,1,None
Q??????}FKYg{GioEsAZ?Ew?N_?,2.384185791015625e-07,0.47796201705932617,True,6,None
Q??????}FKYg{GioEs?z?Qw?N_?,2.384185791015625e-07,1.1003260612487793,True,11,None
Q??????}FKYg{GioJK@N?Bw?]_?,4.76837158203125e-07,1.721729040145874,True,22,None
Q??????}FKYg{GioFKAN?Bw?]_?,4.76837158203125e-07,0.5574111938476562,True,5,None
Q??????}FKYg{GioFK?n?Bw@M_?,2.384185791015625e-07,0.3563499450683594,True,2,None
Q??????}FKYg{GioKk?|?Bw?Z_?,2.384185791015625e-07,2.3087737560272217,True,34,None
Q??????}FKYg{GioB[?|?RW?f_?,2.384185791015625e-07,0.760390043258667,True,9,None
Q??????}FKYg{GioA{?z?Qw?m_?,2.384185791015625e-07,0.4561145305633545,True,7,None
Q??????}FKYg{GpoFS@r?Bw?N_?,2.384185791015625e-07,1.7834100723266602,True,33,None
Q??????}FKYg{GpoFS@V?Bw?\\_?,2.384185791015625e-07,1.0876429080963135,True,17,None
Q??????}FKYg{GpoFS?v?Bw?l_?,2.384185791015625e-07,0.9643173217773438,True,9,None
Q??????}FKYg{GhoJc?v?Iw?N_?,4.76837158203125e-07,0.9837939739227295,True,12,None
Q??????}FKYg{GhoLS?^?Ew?\\_?,2.384185791015625e-07,0.49452733993530273,True,2,None
Q??????}FKYg{GhoJS@Z?Ew?N_?,2.384185791015625e-07,1.3808069229125977,True,27,None
Q??????}FKYg{GhoJS@V?Bw?\\_?,4.76837158203125e-07,0.039580345153808594,True,1,None
Q??????}FKYg{GhoFSAV?Bw?\\_?,2.384185791015625e-07,0.5555179119110107,True,4,None
Q??????}FKYg{GhoDsAZ?Ew?Z_?,2.384185791015625e-07,0.37769246101379395,True,3,None
Q??????}FKYg{GhoJK@\\?Ew?N_?,2.384185791015625e-07,0.11292076110839844,True,1,None
Q??????}FKYg{GhoJK@V?Bw?]_?,2.384185791015625e-07,0.6762113571166992,True,9,None
Q??????}FKYg{GhoH[@Z?Ew?]_?,4.76837158203125e-07,0.6494944095611572,True,6,None
Q??????}FKYg{GboLc?n?Ew?j_?,2.384185791015625e-07,0.9842932224273682,True,9,None
Q??????}FKYg{GboMS?z?Iw?N_?,4.76837158203125e-07,0.6297171115875244,True,3,None
Q??????}FKYg{GboHs?z?Kw?j_?,2.384185791015625e-07,0.47173261642456055,True,2,None
Q??????}FKYg{GboDs@j?Qw?Z_?,2.384185791015625e-07,1.029402494430542,True,28,None
Q??????}FKYg{GboDs@Z?Ew@R_?,4.76837158203125e-07,0.7098550796508789,True,4,None
Q??????}FKYg{GboG{@x?Iw?Z_?,4.76837158203125e-07,0.6131715774536133,True,3,None
Q??????}FKYg{GboG{@t?Iw?\\_?,4.76837158203125e-07,0.48580241203308105,True,2,None
Q??????}FKYg{GyGBw?n?Iw?N_?,4.76837158203125e-07,1.753614902496338,True,23,None
Q??????}FKYg{GrG@{?^?Mo?r_?,2.384185791015625e-07,0.7083041667938232,True,5,None
Q??????}FKYg{GjGB[?v?Ro?f_?,7.152557373046875e-07,0.46547436714172363,True,2,None
Q??????}FKYg{GqgFW?n?JW?N_?,2.384185791015625e-07,0.4908881187438965,True,5,None
Q??????}FKYg{GqgDw@N?FW?Z_?,2.384185791015625e-07,0.5816566944122314,True,6,None
Q??????}FKYg{GqgBw?n?Iw?l_?,2.384185791015625e-07,0.49564123153686523,True,2,None
Q??????}FKYg{GigFg?v?Bw@F_?,2.384185791015625e-07,0.6611833572387695,True,14,None
Q??????}FKYg{GigEwAr?Bw?N_?,4.76837158203125e-07,0.2704932689666748,True,3,None
Q??????}FKYg{GigEw?z?Qw?N_?,2.384185791015625e-07,0.506403923034668,True,7,None
Q??????}FKYg{GigB[?z?Ro?f_?,7.152557373046875e-07,0.6713323593139648,True,7,None
Q??????}FKYg{GegJg?^?Hw?j_?,4.76837158203125e-07,0.5947399139404297,True,5,None
Q??????}FKYg{GegFgAN?Iw?N_?,4.76837158203125e-07,0.9868009090423584,True,16,None
Q??????}FKYg{GegFWAN?Bw?l_?,4.76837158203125e-07,0.4768989086151123,True,3,None
Q??????}FKYg{GegEwBR?Bw?N_?,4.76837158203125e-07,0.3671751022338867,True,2,None
Q??????}FKYg{GegD[@Z?Fo@F_?,2.384185791015625e-07,0.4810616970062256,True,4,None
Q??????}FKYg{GbgMW?z?Iw?N_?,7.152557373046875e-07,0.8364179134368896,True,6,None
Q??????}FKYg{GbgDw?^?MW@R_?,4.76837158203125e-07,0.15960454940795898,True,1,None
Q??????}FKYg{GbgHk@m?Iw?Z_?,2.384185791015625e-07,0.41721653938293457,True,2,None
Q??????}FKYglGu_Bk?^?Iw@b_?,2.384185791015625e-07,0.3708174228668213,True,3,None
Q??????}FKYglGqoLc@V?Ew?V_?,2.384185791015625e-07,0.5965704917907715,True,4,None
Q??????}FKYglGqoLS?z?Ew?f_?,2.384185791015625e-07,0.5842630863189697,True,5,None
Q??????}FKYglGioLSAj?Ew?N_?,4.76837158203125e-07,0.6045377254486084,True,6,None
Q??????}FKYglGioFS?n?RW@J_?,2.384185791015625e-07,0.7629358768463135,True,16,None
Q??????}FKYglGioBkAN?Qw?y_?,4.76837158203125e-07,0.5937149524688721,True,6,None
Q??????}FKYgaw{GEw@\\?Qw?\\_?,4.76837158203125e-07,0.0639960765838623,True,1,None
Q??????}FKYgaw{GEw?|?Qw?l_?,2.384185791015625e-07,0.4257011413574219,True,1,None
Q??????}FKYgaw{GFS@Z?Fo@F_?,2.384185791015625e-07,0.5695209503173828,True,4,None
Q??????}FKYgawyGNG?^?Dw?u_?,4.76837158203125e-07,0.46420884132385254,True,4,None
Q??????}FKYgawyGMg@f?Bw?]_?,4.76837158203125e-07,0.7543075084686279,True,12,None
Q??????}FKYgawyGFg?^?Sw?u_?,2.384185791015625e-07,0.9501552581787109,True,16,None
Q??????}FKYgawyGFg?^?Kw@U_?,2.384185791015625e-07,0.21384811401367188,True,4,None
Q??????}FKYgawyGJW@x?Dw?f_?,2.384185791015625e-07,0.6580488681793213,True,6,None
Q??????}FKYgawyGHw@r?Lg?V_?,2.384185791015625e-07,0.40953540802001953,True,3,None
Q??????}FKYgawyGHw?z?Lg?r_?,2.384185791015625e-07,0.5963032245635986,True,1,None
Q??????}FKYgawyGDw@l?Sw?\\_?,2.384185791015625e-07,1.0946028232574463,True,22,None
Q??????}FKYgawyGMc@f?Bw?^??,4.76837158203125e-07,0.5898921489715576,True,4,None
Q??????}FKYgawyGLc?}?Dw?r_?,7.152557373046875e-07,0.8857302665710449,True,14,None
Q??????}FKYgawyGJc?^?Lo?r_?,4.76837158203125e-07,0.8232479095458984,True,7,None
Q??????}FKYgawyGJS@y?Hw?V_?,2.384185791015625e-07,0.6632406711578369,True,6,None
Q??????}FKYgawyGJS@Z?Lo?V_?,7.152557373046875e-07,0.7222864627838135,True,6,None
Q??????}FKYgawyGJS?^?Lo?t_?,2.384185791015625e-07,0.5113124847412109,True,4,None
Q??????}FKYgawyGHs@y?Kw?V_?,4.76837158203125e-07,0.5854036808013916,True,4,None
Q??????}FKYgawyGHs@r?Lo?V_?,4.76837158203125e-07,0.4121131896972656,True,2,None
Q??????}FKYgawyGHs?z?Lo?r_?,2.384185791015625e-07,0.5153651237487793,True,3,None
Q??????}FKYgawyGJK@\\?Lo?V_?,2.384185791015625e-07,1.0598115921020508,True,14,None
Q??????}FKYgawyGIk@t?Fo?f_?,4.76837158203125e-07,1.0307157039642334,True,15,None
Q??????}FKYgawyGHk?}?Kw?u_?,2.384185791015625e-07,0.37643909454345703,True,1,None
Q??????}FKYgawyGHk@t?Lo?V_?,2.384185791015625e-07,1.3785526752471924,True,24,None
Q??????}FKYgawyGDk@f?Fo@U_?,4.76837158203125e-07,0.06584477424621582,True,1,None
Q??????}FKYgawyGH[?|?Lo?t_?,4.76837158203125e-07,0.2127084732055664,True,2,None
Q??????}FKYgawyGD[@m?TW?]_?,2.384185791015625e-07,0.5095188617706299,True,4,None
Q??????}FKYgawlGLW@t?FW@F_?,2.384185791015625e-07,0.40121960639953613,True,1,None
Q??????}FKYgawlGFWBT?RW?V_?,2.384185791015625e-07,0.5187814235687256,True,7,None
Q??????}FKYgawrGN_?^?Kw?r_?,2.384185791015625e-07,0.9615383148193359,True,8,None
Q??????}FKYgawrGFW?|?Kw@d_?,2.384185791015625e-07,0.32236552238464355,True,2,None
Q??????}FKYgawrGFW@V?LW@U_?,2.384185791015625e-07,0.22328400611877441,True,1,None
Q??????}FKYgawrGDw?v?[W?u_?,4.76837158203125e-07,0.41951441764831543,True,5,None
Q??????}FKYgawrGNC@u?Hw?V_?,2.384185791015625e-07,0.5737969875335693,True,2,None
Q??????}FKYgawrGMS@N?Fo?x_?,2.384185791015625e-07,0.48760318756103516,True,3,None
Q??????}FKYgawrGLS@y?Dw?r_?,2.384185791015625e-07,0.4644625186920166,True,11,None
Q??????}FKYgawrGLS@u?Dw?t_?,4.76837158203125e-07,0.6232609748840332,True,4,None
Q??????}FKYgawrGJS@u?Hw?t_?,2.384185791015625e-07,0.2311408519744873,True,1,None
Q??????}FKYgawrGJS@f?Lo?l_?,4.76837158203125e-07,1.6986725330352783,True,18,None
Q??????}FKYgawrGDs@y?Sw?r_?,2.384185791015625e-07,0.2855973243713379,True,2,None
Q??????}FKYgawrGDs?z?[o?r_?,2.384185791015625e-07,0.9695894718170166,True,11,None
Q??????}FKYgawrGK[@{?Dw?x_?,2.384185791015625e-07,0.07422637939453125,True,1,None
Q??????}FKYgawrGH[@u?Lg?t_?,7.152557373046875e-07,0.7065327167510986,True,3,None
Q??????}FKYgawjGNOAV?Dw?t_?,2.384185791015625e-07,0.6851186752319336,True,5,None
Q??????}FKYgawjGLW@l?Dw@X_?,2.384185791015625e-07,0.5914583206176758,True,3,None
Q??????}FKYgawjGJW@x?Ww?V_?,2.384185791015625e-07,1.4629688262939453,True,28,None
Q??????}FKYgawjGJW@t?LW@F_?,2.384185791015625e-07,1.7023653984069824,True,18,None
Q??????}FKYgawjGBwAt?Kw@d_?,2.384185791015625e-07,0.7862040996551514,True,6,None
Q??????}FKYgawjGJcAV?Kw?v??,7.152557373046875e-07,0.9703543186187744,True,12,None
Q??????}FKYgawjGLK@f?Fo@U_?,2.384185791015625e-07,0.6781575679779053,True,2,None
Q??????}FKYgawjGEkBF?Ug?^??,2.384185791015625e-07,0.5331919193267822,True,2,None
Q??????}FKYgawjGHk?}?Kw@q_?,2.384185791015625e-07,0.7333285808563232,True,10,None
Q??????}FKYgawjGBk@u?Ww@U_?,2.384185791015625e-07,0.47533679008483887,True,7,None
Q??????}FKYgawjGK[@{?Dw@X_?,2.384185791015625e-07,0.5676240921020508,True,2,None
Q??????}FKYgawjGC{Bp?Fo@R_?,2.384185791015625e-07,0.5628867149353027,True,3,None
Q??????}FKYgawjG@{Ay?Kw@q_?,2.384185791015625e-07,0.6420409679412842,True,5,None
Q??????}FKYgawjG@{At?Lo@p_?,7.152557373046875e-07,0.5303494930267334,True,3,None
Q??????}FKYgawawFSBw?Dw@d_?,2.384185791015625e-07,0.05630803108215332,True,1,None
Q??????}FKYgawawFSAm?\\G?l_?,4.76837158203125e-07,0.6927580833435059,True,4,None
Q??????}FK[K}?}?A{?n?Bw?N_?,2.384185791015625e-07,0.057450056076049805,True,1,None
Q??????}FK[K}?f_JK?n?Bw?f_?,2.384185791015625e-07,0.7739336490631104,True,14,None
Q??????}FK[K}?tOEs?v?Bw?N_?,4.76837158203125e-07,0.5684309005737305,True,5,None
Q??????}FK[K}?tODs?v?Dw?N_?,7.152557373046875e-07,0.7245841026306152,True,6,None
Q??????}FK[K}?fOJS?n?Bw?f_?,2.384185791015625e-07,0.6525299549102783,True,10,None
Q??????}FK[K}?poEk?^?Ew?]_?,2.384185791015625e-07,0.45844554901123047,True,6,None
Q??????}FK[K}?doJc?v?Bw?f_?,4.76837158203125e-07,2.081665515899658,True,36,None
Q??????}FK[K}?doJc?^?Bw?r_?,2.384185791015625e-07,0.0999608039855957,True,2,None
Q??????}FK[K}?doIs?z?Iw?N_?,4.76837158203125e-07,1.8021979331970215,True,31,None
Q??????}FK[K}?doHk@t?Dw?N_?,2.384185791015625e-07,0.5854232311248779,True,5,None
Q??????}FK[K}?doBk?n?Rg?j_?,4.76837158203125e-07,1.9353468418121338,True,20,None
Q??????}FK[K|?uOD[?n?Fg?N_?,2.384185791015625e-07,0.6387729644775391,True,5,None
Q??????}FK[K|?fOIs?v?Iw?N_?,2.384185791015625e-07,0.5023257732391357,True,4,None
Q??????}FK[K|?eoIs?v?Bw?l_?,2.384185791015625e-07,0.5730595588684082,True,3,None
Q??????}FK[K|?eoIk?v?Jg?N_?,7.152557373046875e-07,0.6731677055358887,True,9,None
Q??????}FK[K|?eoBk?n?Rg?j_?,2.384185791015625e-07,1.0566682815551758,True,11,None
Q??????}FK[K|?eoBk?n?Bw@i_?,4.76837158203125e-07,1.5383589267730713,True,11,None
Q??????}FK[K|?qWFW?|?Bw?V_?,7.152557373046875e-07,0.2707698345184326,True,1,None
Q??????}FK[K|?eWJo?v?Bw?f_?,2.384185791015625e-07,0.8207423686981201,True,9,None
Q??????}FK[K|?eWJo?n?Bw?j_?,4.76837158203125e-07,0.6474721431732178,True,2,None
Q??????}FK[K|?eWJW?n?Bw?m_?,2.384185791015625e-07,0.6707289218902588,True,4,None
Q??????}FK[K|?eWI[?}?Bw?m_?,4.76837158203125e-07,0.4006960391998291,True,3,None
Q??????}FK[K|?eWG{@u?Bw?]_?,2.384185791015625e-07,0.49744439125061035,True,3,None
Q??????}FK[K|?bWJo?^?Ew?r_?,2.384185791015625e-07,0.7309224605560303,True,2,None
Q??????}FK[K|?bWHw?|?Ew?r_?,4.76837158203125e-07,0.35051965713500977,True,1,None
Q??????}FK[K|?bWHw?n?Ew?y_?,4.76837158203125e-07,0.5662171840667725,True,5,None
Q??????}FK[Kv?}?E[?^?Bw?V_?,2.384185791015625e-07,0.7108798027038574,True,7,None
Q??????}FK[Kv?t_Bk?n?Iw?j_?,2.384185791015625e-07,1.0054917335510254,True,11,None
Q??????}FK[Kv?t_B[@f?Bw?l_?,2.384185791015625e-07,1.5944676399230957,True,21,None
Q??????}FK[Kv?uOBs?n?Hw?j_?,2.384185791015625e-07,0.247908353805542,True,1,None
Q??????}FK[Kv?tOA{@\\?Ew?j_?,2.384185791015625e-07,0.7299020290374756,True,6,None
Q??????}FK[Kv?soFc@V?Dw?N_?,7.152557373046875e-07,0.6754579544067383,True,9,None
Q??????}FK[Kv?soFS@Z?Dw?N_?,2.384185791015625e-07,0.8347790241241455,True,10,None
Q??????}FK[Kv?eoEs@f?RW?N_?,4.76837158203125e-07,0.6983561515808105,True,13,None
Q??????}FK[Kv?eoIk?|?Iw?f_?,4.76837158203125e-07,0.7256293296813965,True,9,None
Q??????}FK[Kv?eoIk?v?Hw?m_?,4.76837158203125e-07,0.3515644073486328,True,3,None
Q??????}FK[Kv?eoEk@f?Bw@M_?,2.384185791015625e-07,0.6139969825744629,True,5,None
Q??????}FK[Kv?eoC{@N?FW@Y_?,4.76837158203125e-07,0.16038751602172852,True,1,None
Q??????}FK[Kv?doJc@f?Iw?N_?,2.384185791015625e-07,0.9076664447784424,True,4,None
Q??????}FK[Kv?doJS@r?Bw?f_?,2.384185791015625e-07,1.059910535812378,True,11,None
Q??????}FK[Kv?doJS@j?Bw?j_?,4.76837158203125e-07,0.8711645603179932,True,5,None
Q??????}FK[Kv?doJS?v?Hw?l_?,2.384185791015625e-07,0.5369083881378174,True,4,None
Q??????}FK[Kv?doFS@f?RW?N_?,4.76837158203125e-07,0.9332225322723389,True,8,None
Q??????}FK[Kv?doEs@Z?Ew@J_?,4.76837158203125e-07,0.9969727993011475,True,12,None
Q??????}FK[Kv?doJK@t?Bw?f_?,4.76837158203125e-07,0.6945104598999023,True,9,None
Q??????}FK[Kv?doJK?v?Hw?m_?,4.76837158203125e-07,0.6878609657287598,True,5,None
Q??????}FK[Kv?doHk@\\?Ew?r_?,2.384185791015625e-07,0.17032837867736816,True,1,None
Q??????}FK[Kv?doC{@V?Ug?\\_?,4.76837158203125e-07,0.8098490238189697,True,13,None
Q??????}FK[Kv?doA{@Z?Mg@J_?,2.384185791015625e-07,0.4425196647644043,True,3,None
Q??????}FK[Kv?sWFW@\\?Dw?N_?,7.152557373046875e-07,0.24756908416748047,True,2,None
Q??????}FK[Kv?sWDw@\\?Ew?V_?,2.384185791015625e-07,0.511554479598999,True,5,None
Q??????}FK[Kv?sWBw?|?Iw?f_?,2.384185791015625e-07,0.8353986740112305,True,18,None
Q??????}FK[Kv?eWJo@f?Bw?f_?,2.384185791015625e-07,0.8530611991882324,True,11,None
Q??????}FK[Kv?eWEw@l?Qw?N_?,4.76837158203125e-07,0.642155647277832,True,5,None
Q??????}FK[Kv?eWEw@f?Rg?N_?,2.384185791015625e-07,0.7606282234191895,True,17,None
Q??????}FK[Kv?eWEw@N?Bw@Y_?,2.384185791015625e-07,0.5668601989746094,True,2,None
Q??????}FK[Kv?eWA{@m?Jg@J_?,2.384185791015625e-07,1.3160226345062256,True,16,None
Q??????}FK[Kv?pWFW@t?Dw?N_?,2.384185791015625e-07,0.5749976634979248,True,4,None
Q??????}FK[Kv?owFo@N?FW?Z_?,4.76837158203125e-07,0.675875186920166,True,8,None
Q??????}FK[Kv?owFg@N?Fg?Z_?,4.76837158203125e-07,0.5954852104187012,True,10,None
Q??????}FK[Kv?owFW@j?Fg?N_?,2.384185791015625e-07,0.4853084087371826,True,2,None
Q??????}FK[Kv?owEw@\\?FW?Z_?,2.384185791015625e-07,0.5554659366607666,True,1,None
Q??????}FK[Kf_v?FK@f?Bw@F_?,2.384185791015625e-07,1.0231633186340332,True,8,None
Q??????}FK[Kf_v?Ek@f?Bw@J_?,7.152557373046875e-07,0.7475831508636475,True,3,None
Q??????}FK[Kf_v?E[@f?RW?N_?,2.384185791015625e-07,0.9439959526062012,True,17,None
Q??????}FK[Kf_v?C{@j?Ew@J_?,2.384185791015625e-07,0.49471378326416016,True,2,None
Q??????}FK[Kf_f_JKAj?Iw?f_?,2.384185791015625e-07,0.14321255683898926,True,1,None
Q??????}FK[Kf_f_IkAZ?Kw?j_?,2.384185791015625e-07,0.3967604637145996,True,3,None
Q??????}FK[Kf_fONCAf?Bw?f_?,4.76837158203125e-07,0.5640742778778076,True,4,None
Q??????}FK[Kf_fOMcAf?Bw?j_?,7.152557373046875e-07,1.496774673461914,True,20,None
Q??????}FK[Kf_fOMSAj?Bw?j_?,4.76837158203125e-07,0.47049498558044434,True,2,None
Q??????}FK[Kf_fOMKAf?Bw?m_?,2.384185791015625e-07,0.5946207046508789,True,8,None
Q??????}FK[Kf_fOJKAl?Iw?f_?,4.76837158203125e-07,0.5400090217590332,True,2,None
Q??????}FK[Kf_fOJKAf?Jg?f_?,2.384185791015625e-07,0.4447288513183594,True,5,None
Q??????}FK[Kf_fOI[@f?Rg?l_?,2.384185791015625e-07,0.45212650299072266,True,3,None
Q??????}FK[Kf_wWJo@j?Ew?N_?,2.384185791015625e-07,0.33921194076538086,True,2,None
Q??????}FK[KtOf_Fc@f?Bw@J_?,4.76837158203125e-07,0.5992217063903809,True,4,None
Q??????}FK[KtOf_JK@\\?Iw?V_?,2.384185791015625e-07,0.45923757553100586,True,5,None
Q??????}FK[KtOf_JK@N?Bw?y_?,2.384185791015625e-07,0.9253404140472412,True,10,None
Q??????}FK[KtOqoFK?n?Fg?m_?,4.76837158203125e-07,0.06941103935241699,True,1,None
Q??????}FK[KtOeoJc@l?Iw?N_?,4.76837158203125e-07,0.38308048248291016,True,1,None
Q??????}FK[KtOeoJc@\\?Iw?V_?,2.384185791015625e-07,0.4368100166320801,True,4,None
Q??????}FK[KtOeoJc@N?Bw?y_?,7.152557373046875e-07,1.0013902187347412,True,12,None
Q??????}FK[KtOeoDs@t?RW?V_?,4.76837158203125e-07,0.4660344123840332,True,1,None
Q??????}FK[KtOeoFK@l?Bw@M_?,2.384185791015625e-07,0.5231714248657227,True,5,None
Q??????}FK[KtOeoIk@V?Jg?]_?,2.384185791015625e-07,0.7242028713226318,True,16,None
Q??????}FK[KtOeoHk@V?Lg?]_?,4.76837158203125e-07,0.8197226524353027,True,9,None
Q??????}FK[KtOqgFg@t?Dw?N_?,4.76837158203125e-07,0.5188665390014648,True,3,None
Q??????}FK[KfOv?Es@f?Qw?N_?,2.384185791015625e-07,0.9705638885498047,True,12,None
Q??????}FK[KfOv?E[@f?Bw@M_?,2.384185791015625e-07,0.9699110984802246,True,9,None
Q??????}FK[KfOdoJKAl?Iw?m_?,4.76837158203125e-07,0.23270249366760254,True,1,None
Q??????}FK[KfOdoJK?^?Yg?u_?,7.152557373046875e-07,0.5466547012329102,True,5,None
Q??????}FK[KfOwgJo@j?Bw?Z_?,2.384185791015625e-07,0.511756420135498,True,3,None
Q??????}FK[KfOwgJg@l?Bw?Z_?,2.384185791015625e-07,0.32329845428466797,True,1,None
Q??????}FK[KfOwgJW@j?Bw?]_?,2.384185791015625e-07,0.6875672340393066,True,3,None
Q??????}FK[KfOwgIw@t?FW?N_?,2.384185791015625e-07,0.8435063362121582,True,20,None
Q??????}FK[KfOwgIw@V?FW?]_?,2.384185791015625e-07,0.48900628089904785,True,3,None
Q??????}EM]Cn?poMS@Z?Bw?Z_?,4.76837158203125e-07,1.0342381000518799,True,11,None
Q??????}EM]Cn?poK[@x?Bw?Z_?,2.384185791015625e-07,0.9079046249389648,True,9,None
Q??????}EM]Cn?boLcAV?Dw?r_?,2.384185791015625e-07,0.9502828121185303,True,15,None
Q??????}EM]Cn?boEs@N?UW@J_?,4.76837158203125e-07,0.5749297142028809,True,3,None
Q??????}EM]Cn?lGLWAV?Bw?V_?,2.384185791015625e-07,1.6430160999298096,True,14,None
Q??????}EM]Cn?wgJg@f?Bw?N_?,4.76837158203125e-07,0.6227583885192871,True,2,None
Q??????}EM]Cn?wgLW?n?Bw?\\_?,4.76837158203125e-07,0.5456340312957764,True,1,None
Q??????}EM]Cn?wgEw?z?Qw?N_?,2.384185791015625e-07,0.6090383529663086,True,10,None
Q??????}EM]Cn?wgJK?}?Hw?N_?,2.384185791015625e-07,0.6639401912689209,True,7,None
Q??????}EM]Cn?wgHk@m?Ew?N_?,2.384185791015625e-07,0.5782186985015869,True,3,None
Q??????}EM]Cn?wgHk?n?Ew?n??,4.76837158203125e-07,0.5792877674102783,True,7,None
Q??????}EM]Cn?wgK[?^?Fo?\\_?,2.384185791015625e-07,2.090043067932129,True,22,None
Q??????}EM]Cn?wgC{?}?Ew@L_?,7.152557373046875e-07,0.42196130752563477,True,2,None
Q??????}EM]Cn?pgDk@N?Uo?Z_?,7.152557373046875e-07,0.4922177791595459,True,3,None
Q??????}EM]Cn?hgNGAf?Bw?N_?,4.76837158203125e-07,0.6272299289703369,True,3,None
Q??????}EM]Cn?hgNGAN?Bw?Z_?,2.384185791015625e-07,1.708761215209961,True,22,None
Q??????}EM]Cn?hgMgAV?Ew?N_?,2.384185791015625e-07,0.6311235427856445,True,6,None
Q??????}EM]Cn?hgLgAN?Ew?Z_?,4.76837158203125e-07,0.08445334434509277,True,1,None
Q??????}EM]Cn?hgJW?n?Iw@L_?,2.384185791015625e-07,0.751561164855957,True,16,None
Q??????}EM]Cn?hgLKAu?Dw?N_?,2.384185791015625e-07,0.5898594856262207,True,2,None
Q??????}EM]Cn?hgLKAV?Dw?^??,2.384185791015625e-07,1.240060567855835,True,14,None
Q??????}EM]Cn?hgKkAu?Ew?N_?,2.384185791015625e-07,0.5951499938964844,True,4,None
Q??????}EM]Cn?bgNGAV?Hw?V_?,2.384185791015625e-07,0.7951614856719971,True,5,None
Q??????}EM]Cn?bgMg?^?Iw@R_?,4.76837158203125e-07,1.5095796585083008,True,14,None
Q??????}EM]Cn?bgEk@N?Qw@Z??,2.384185791015625e-07,0.23898053169250488,True,2,None
Q??????}EM]Cl_boNC@N?FW@J_?,2.384185791015625e-07,0.8984851837158203,True,14,None
Q??????}EM]Cl_boLc@Z?Sw?Z_?,4.76837158203125e-07,0.555668830871582,True,2,None
Q??????}EM]Cl_boFc@V?Pw@X_?,2.384185791015625e-07,0.42292165756225586,True,1,None
Q??????}EM]Cl_boKs@Z?Ew@X_?,2.384185791015625e-07,0.5810708999633789,True,3,None
Q??????}EM]Cl_boEs@Z?UW@J_?,2.384185791015625e-07,0.42994189262390137,True,3,None
Q??????}EM]Cl_boMK@\\?FW@J_?,2.384185791015625e-07,0.8048853874206543,True,5,None
Q??????}EM]Cl_boEkBX?Qw?Z_?,4.76837158203125e-07,0.49254417419433594,True,3,None
Q??????}EM]Cl_boEk@V?Rg@X_?,2.384185791015625e-07,0.6750960350036621,True,8,None
Q??????}EM]Cl_yGNG?n?Bw?N_?,2.384185791015625e-07,0.7252025604248047,True,11,None
Q??????}EM]Cl_yGLg?n?Ew?N_?,4.76837158203125e-07,0.302234411239624,True,1,None
Q??????}EM]Cl_yGJg?n?Iw?N_?,4.76837158203125e-07,0.7086145877838135,True,8,None
Q??????}EM]Cl_rGNG@N?Bw?Z_?,4.76837158203125e-07,0.7153398990631104,True,16,None
Q??????}EM]Cl_rGDw@Z?Sw?Z_?,2.384185791015625e-07,1.1902949810028076,True,20,None
Q??????}EM]Cl_rGLK@]?Ew?V_?,2.384185791015625e-07,1.101870059967041,True,11,None
Q??????}EM]Cl_rGLK@V?Fo?V_?,2.384185791015625e-07,0.6109824180603027,True,9,None
Q??????}EM]Cl_jGNGAN?Bw?Z_?,2.384185791015625e-07,0.5809645652770996,True,5,None
Q??????}EM]Cl_jGNG?n?Bw@J_?,2.384185791015625e-07,0.5635707378387451,True,4,None
Q??????}EM]Cl_jGLgAf?Bw?Z_?,2.384185791015625e-07,0.2976648807525635,True,1,None
Q??????}EM]Cl_jGLWAj?Bw?Z_?,2.384185791015625e-07,0.442058801651001,True,3,None
Q??????}EM]Cl_jGLWAZ?Dw?Z_?,4.76837158203125e-07,0.598569393157959,True,5,None
Q??????}EM]Cl_jGLWAf?Bw?\\_?,4.76837158203125e-07,0.1540074348449707,True,3,None
Q??????}EM]Cl_jGJW?n?Iw@L_?,2.384185791015625e-07,0.5916392803192139,True,2,None
Q??????}EM]Cl_jGKwAr?Ew?N_?,2.384185791015625e-07,0.9265186786651611,True,10,None
Q??????}EM]Cl_jGKwAV?FW?Z_?,2.384185791015625e-07,1.0051212310791016,True,6,None
Q??????}EM]Cl_jGIw?z?Iw@J_?,2.384185791015625e-07,1.7433648109436035,True,19,None
Q??????}EM]Cl_bgLg@Z?Sw?Z_?,2.384185791015625e-07,0.5449531078338623,True,5,None
Q??????}EM]Cl_bgKw?z?UW?j_?,2.384185791015625e-07,0.6088204383850098,True,1,None
Q??????}EM]Cl_bgDwBJ?Ew@X_?,4.76837158203125e-07,0.6955645084381104,True,6,None
Q??????}EM]Cr_l_Dk@Z?Ew@R_?,2.384185791015625e-07,0.4289679527282715,True,4,None
Q??????}EM]Cr_kWLo@r?Dw?N_?,2.384185791015625e-07,1.026641607284546,True,10,None
Q??????}EM]Cr_kWNG@N?Fg?N_?,2.384185791015625e-07,2.171391487121582,True,32,None
Q??????}EM]Cr_kWMg@V?Bw?]_?,7.152557373046875e-07,1.1224238872528076,True,11,None
Q??????}EM]Cr_kWLg@l?Ew?N_?,4.76837158203125e-07,0.5353808403015137,True,3,None
Q??????}EM]Cr_kWNC@]?Dw?N_?,2.384185791015625e-07,0.5965197086334229,True,4,None
Q??????}EM]Cr_kWMc@u?Bw?N_?,2.384185791015625e-07,0.9228239059448242,True,6,None
Q??????}EM]Cr_kWLc@u?Bw?V_?,4.76837158203125e-07,0.47311854362487793,True,6,None
Q??????}EM]Cr_kWKk@V?Fg?^??,2.384185791015625e-07,1.3718886375427246,True,14,None
Q??????}EM]Cr_iWMo@r?Bw?V_?,4.76837158203125e-07,0.3851487636566162,True,2,None
Q??????}EM]Cr_iWNG@l?Bw?V_?,2.384185791015625e-07,0.46134281158447266,True,3,None
Q??????}EM]Cr_iWNG?|?Dw?f_?,2.384185791015625e-07,0.8497753143310547,True,10,None
Q??????}EM]Cr_iWJg@\\?Dw?r_?,4.76837158203125e-07,0.9021937847137451,True,6,None
Q??????}EM]Cr_iWJg?|?Kw?f_?,2.384185791015625e-07,0.6618759632110596,True,2,None
Q??????}EM]Cr_iWHw?|?LW?r_?,2.384185791015625e-07,0.1829357147216797,True,1,None
Q??????}EM]Cr_iWNC?}?Hw?V_?,2.384185791015625e-07,0.8152861595153809,True,4,None
Q??????}EM]Cr_iWMc@V?Dw?^??,4.76837158203125e-07,0.14536619186401367,True,2,None
Q??????}EM]Cr_iWLc?v?Lo?V_?,4.76837158203125e-07,0.2429811954498291,True,1,None
Q??????}EM]Cr_iWJc@]?Kw?V_?,4.76837158203125e-07,1.2124824523925781,True,17,None
Q??????}EM]Cr_iWJc?}?Kw?f_?,4.76837158203125e-07,0.4898405075073242,True,1,None
Q??????}EM]Cr_iWJc?^?Lo?r_?,2.384185791015625e-07,1.1451659202575684,True,15,None
Q??????}EM]Cr_iWMK@]?Fg?V_?,4.76837158203125e-07,0.9425292015075684,True,6,None
Q??????}EM]Cr_iWMK@\\?Dw?^??,2.384185791015625e-07,1.2561659812927246,True,27,None
Q??????}EM]Cr_iWLK?|?Lo?V_?,2.384185791015625e-07,1.393068552017212,True,29,None
Q??????}EM]Cr_iWKk@u?Fg?V_?,2.384185791015625e-07,0.4661378860473633,True,1,None
Q??????}EM]Cr_iWKk@t?Fo?V_?,2.384185791015625e-07,0.6956884860992432,True,4,None
Q??????}EM]Cr_iWIk@]?Kw?]_?,4.76837158203125e-07,0.8207767009735107,True,9,None
Q??????}EM]Cr_iWHk@{?Kw?V_?,2.384185791015625e-07,1.369067668914795,True,14,None
Q??????}EM]Cr_iWHk@u?Lg?V_?,2.384185791015625e-07,0.5725572109222412,True,3,None
Q??????}EM]Cr_iWHk@m?Lg?Z_?,2.384185791015625e-07,0.8990697860717773,True,9,None
Q??????}EM]Cr_iWHk?}?Lg?r_?,2.384185791015625e-07,0.461362361907959,True,2,None
Q??????}EM]Cr_hWN_@N?Ew?Z_?,2.384185791015625e-07,0.5931780338287354,True,7,None
Q??????}EM]Cr_hWNG@f?Bw?]_?,2.384185791015625e-07,1.1094653606414795,True,12,None
Q??????}EM]Cr_hWNG@V?Fg?V_?,2.384185791015625e-07,0.6073215007781982,True,5,None
Q??????}EM]Cr_hWMg?^?Ew?y_?,2.384185791015625e-07,0.34151291847229004,True,3,None
Q??????}EM]Cr_hWMW@x?Ew?N_?,4.76837158203125e-07,0.4527273178100586,True,10,None
Q??????}EM]Cr_hWKw@r?Ew?]_?,2.384185791015625e-07,0.6044411659240723,True,3,None
Q??????}EM]Cr_hWIw@x?Ew?j_?,2.384185791015625e-07,0.4097583293914795,True,3,None
Q??????}EM]Cr_hWKk@{?Ew?Z_?,2.384185791015625e-07,0.47005128860473633,True,1,None
Q??????}EM]Cr_hWIk?^?Mo?y_?,2.384185791015625e-07,0.6553585529327393,True,5,None
Q??????}EM]Cr_hWI[@]?MW?]_?,2.384185791015625e-07,0.8978073596954346,True,11,None
Q??????}EM]Cr_hWE[@]?UW?]_?,2.384185791015625e-07,0.7798900604248047,True,9,None
Q??????}EM]Cj_v?A{?n?YW?j_?,2.384185791015625e-07,0.7568323612213135,True,7,None
Q??????}EM]Cj_t_Bk?z?Iw@b_?,2.384185791015625e-07,1.0639019012451172,True,15,None
Q??????}EM]Cj_wWN_?v?Bw?V_?,2.384185791015625e-07,0.9816532135009766,True,7,None
Q??????}EM]Cj_wWFoAr?Dw?N_?,2.384185791015625e-07,0.7967731952667236,True,8,None
Q??????}EM]Cj_wWFoAj?Ew?N_?,2.384185791015625e-07,0.625664472579956,True,7,None
Q??????}EM]Cj_wWJc@u?Dw?N_?,2.384185791015625e-07,0.6068527698516846,True,4,None
Q??????}EM]Cj_wWJc@f?Fo?N_?,2.384185791015625e-07,0.4929695129394531,True,3,None
Q??????}EM]Cj_wWFcAu?Dw?N_?,2.384185791015625e-07,0.9244298934936523,True,15,None
Q??????}EM]CpohoFc@x?Ew@J_?,2.384185791015625e-07,0.7831575870513916,True,11,None
Q??????}EM]CpomGKw@\\?FW?Z_?,2.384185791015625e-07,0.36393284797668457,True,1,None
Q??????}EM]CpomGDw@N?Fg@X_?,4.76837158203125e-07,1.0235702991485596,True,18,None
Q??????}EM]CpomGNC@]?Bw?V_?,4.76837158203125e-07,1.1813406944274902,True,12,None
Q??????}EM]CpomGLc@m?Bw?Z_?,2.384185791015625e-07,0.7926826477050781,True,5,None
Q??????}EM]CpomGHs@y?Hw?Z_?,2.384185791015625e-07,1.2239093780517578,True,9,None
Q??????}EM]CpojGN_@N?Ew?Z_?,2.384185791015625e-07,0.6419885158538818,True,3,None
Q??????}EM]CpojGLo@j?Ew?Z_?,2.384185791015625e-07,1.5666415691375732,True,18,None
Q??????}EM]CpojGLo?n?Ew?x_?,7.152557373046875e-07,0.5001523494720459,True,3,None
Q??????}EM]CpojGJo@N?MW?Z_?,2.384185791015625e-07,0.9738759994506836,True,9,None
Q??????}EM]CpojGJo?n?MW?j_?,4.76837158203125e-07,0.5355267524719238,True,4,None
Q??????}EM]CpojGMW@x?Bw?Z_?,2.384185791015625e-07,4.023053169250488,True,36,None
Q??????}EM]CpojGLW@f?Fg?\\_?,2.384185791015625e-07,1.4385573863983154,True,24,None
Q??????}EM]CpojGLc@u?Ew?V_?,4.76837158203125e-07,1.046355962753296,True,8,None
Q??????}EM]CpojGJc@]?Kw?Z_?,4.76837158203125e-07,1.6469850540161133,True,16,None
Q??????}EM]CpobgNG@x?Iw?V_?,4.76837158203125e-07,0.5669314861297607,True,3,None
Q??????}EM]CpobgHw@j?Mg?x_?,2.384185791015625e-07,0.6123983860015869,True,3,None
Q??????}EM]CpobgHs@y?Kw?x_?,2.384185791015625e-07,0.4943506717681885,True,2,None
Q??????}EM]CpobgHk@x?Mo?r_?,2.384185791015625e-07,0.5506436824798584,True,3,None
Q??????}EM]Chot_Dk@x?Qw?Z_?,2.384185791015625e-07,0.9855961799621582,True,8,None
Q??????}EM]Chof_Jc@j?Qw?j_?,4.76837158203125e-07,0.756192684173584,True,6,None
Q??????}EM]Chof_JK?n?YW?m_?,4.76837158203125e-07,0.6398978233337402,True,6,None
Q??????}EM]Chof_KkAx?Iw?Z_?,2.384185791015625e-07,0.35735034942626953,True,1,None
Q??????}EM]Chof_HkBX?Ew?r_?,2.384185791015625e-07,0.061557769775390625,True,1,None
Q??????}EM]Chof_HkAr?Lg?j_?,2.384185791015625e-07,0.4740571975708008,True,2,None
Q??????}EM]ChoyGKw?|?FW?Z_?,2.384185791015625e-07,1.0199682712554932,True,7,None
Q??????}EM]ChoyGIw@x?Ew?N_?,2.384185791015625e-07,0.630267858505249,True,2,None
Q??????}EM]CboyGN_?^?Kw?V_?,4.76837158203125e-07,1.253636121749878,True,15,None
Q??????}EM]CboyGJo@r?Hw?V_?,4.76837158203125e-07,0.635082483291626,True,6,None
Q??????}EM]CboyGJc@u?Hw?V_?,2.384185791015625e-07,0.16740655899047852,True,2,None
Q??????}EM]CboxGJo@j?Iw?Z_?,2.384185791015625e-07,0.6617627143859863,True,6,None
Q??????}EM]CboxGLc?n?Mo?Z_?,2.384185791015625e-07,0.3078584671020508,True,2,None
Q??????}EM]CboxGJc@m?Iw?Z_?,2.384185791015625e-07,0.7015588283538818,True,8,None
Q??????}EM]CboxGJc@N?Mo?Z_?,2.384185791015625e-07,1.4629790782928467,True,19,None
Q??????}EM]CboxGFc@]?Sw?Z_?,4.76837158203125e-07,1.0195307731628418,True,7,None
Q??????}EM]CboxGIs?z?Iw?z??,2.384185791015625e-07,0.5763986110687256,True,5,None
Q??????}EM]CboxGH[@u?Lg?\\_?,7.152557373046875e-07,0.5075547695159912,True,4,None
Q??????}EM]CbojGMo@f?Qw?\\_?,4.76837158203125e-07,0.6208281517028809,True,6,None
Q??????}EM]CbojGJW@x?Pw?r_?,2.384185791015625e-07,0.7620759010314941,True,11,None
Q??????}EM]CbojGJS@u?Pw?t_?,7.152557373046875e-07,0.6985280513763428,True,9,None
Q??????}EM]CbojGEsBe?RW?Z_?,2.384185791015625e-07,0.6477639675140381,True,5,None
Q??????}EM]CbojGH[Bd?Dw?|??,2.384185791015625e-07,0.5269989967346191,True,1,None
Q??????}EM]CbojGG{Bd?Ew?|??,2.384185791015625e-07,0.856234073638916,True,6,None
Q??????}EM]CbojGG{At?NO?r_?,4.76837158203125e-07,0.5758168697357178,True,2,None
Q??????}EM]CbojGC{Bk?Ew@X_?,4.76837158203125e-07,0.6731669902801514,True,10,None
Q??????}EM]CbojGC{Be?VG?Z_?,2.384185791015625e-07,0.5900158882141113,True,11,None
Q??????}EM]CbojGC{@t?VO@R_?,9.5367431640625e-07,0.581660270690918,True,7,None
Q??????}EM]CbohgEsBY?Ew@X_?,2.384185791015625e-07,1.0815584659576416,True,15,None
Q??????}EM]CbohgDs@y?Sw@X_?,2.384185791015625e-07,0.7820043563842773,True,6,None
Q??????}EM]CbohgJKBb?Bw?}??,4.76837158203125e-07,0.6734020709991455,True,2,None
Q??????}EM]CbohgIkBT?Ew?|??,4.76837158203125e-07,0.45349550247192383,True,3,None
Q??????}EM]CbohgIkBR?N_?Z_?,2.384185791015625e-07,0.8117711544036865,True,8,None
Q??????}EM]CbohgHkAt?LW?z??,2.384185791015625e-07,0.7707762718200684,True,4,None
Q??????}EM]CbohgDkAx?Uo?r_?,2.384185791015625e-07,0.6025087833404541,True,1,None
Q??????}EM]CbohgDkAx?Sw?z??,4.76837158203125e-07,0.5883195400238037,True,9,None
Q??????}EM]CbohgBkBX?Uo?r_?,2.384185791015625e-07,0.5163631439208984,True,3,None
Q??????}EM]CbobgMoBb?JW?Z_?,2.384185791015625e-07,0.596651554107666,True,5,None
Q??????}EM]CbobgKkBe?NG?Z_?,4.76837158203125e-07,1.025209665298462,True,14,None
Q??????}EM]CbobgKkAu?NG?r_?,2.384185791015625e-07,0.43068504333496094,True,4,None
Q??????}EM]CbobgKkAr?Kw?}??,2.384185791015625e-07,0.5644032955169678,True,2,None
Q??????}EM]CbobgHkBe?Lg?x_?,2.384185791015625e-07,0.4527750015258789,True,6,None
Q??????}EM]CbobgG{Bq?LW?y_?,2.384185791015625e-07,1.0336875915527344,True,3,None
Q??????}EM]CyG}?C{?n?Bw?^??,2.384185791015625e-07,1.0836403369903564,True,9,None
Q??????}EM]CyGv?Ew?n?Iw?N_?,2.384185791015625e-07,0.8372108936309814,True,18,None
Q??????}EM]CyGv?C{@f?Fo?N_?,2.384185791015625e-07,1.196000337600708,True,15,None
Q??????}EM]CyGn?JW?n?Hw?N_?,2.384185791015625e-07,0.5390181541442871,True,2,None
Q??????}EM]CyGn?Ew?n?Qw?N_?,2.384185791015625e-07,0.3913235664367676,True,2,None
Q??????}EM]CyGf_Jg@f?Hw?N_?,4.76837158203125e-07,0.14005637168884277,True,1,None
Q??????}EM]CyGpoFo@j?Ew?N_?,2.384185791015625e-07,0.6032161712646484,True,10,None
Q??????}EM]CyGpoEw@x?Ew?N_?,2.384185791015625e-07,0.829667329788208,True,14,None
Q??????}EM]CmGn?KwAN?Bw?Z_?,2.384185791015625e-07,0.6769430637359619,True,5,None
Q??????}EM]CmGx_Lg?^?Dw?Z_?,4.76837158203125e-07,0.46875643730163574,True,1,None
Q??????}EM]CmGx_Kw?^?FW?Z_?,4.76837158203125e-07,0.7098424434661865,True,8,None
Q??????}EM]CmGx_Hw@N?FW?Z_?,7.152557373046875e-07,1.5007293224334717,True,20,None
Q??????}EM]CmGx_JK?}?Bw?f_?,4.76837158203125e-07,0.5117676258087158,True,1,None
Q??????}EM]CjGf_FW?n?Qw@d_?,2.384185791015625e-07,0.8068773746490479,True,16,None
Q??????}EM]CjGf_Iw@N?YW?Z_?,4.76837158203125e-07,1.4798650741577148,True,20,None
Q??????}EM]CjGf_Iw?^?Kw@h_?,4.76837158203125e-07,0.4740111827850342,True,4,None
Q??????}EM]CjGf_Dw@f?TW@J_?,4.76837158203125e-07,0.6475100517272949,True,2,None
Q??????}EM]CjGf_EkBM?Qw?Z_?,2.384185791015625e-07,1.8746066093444824,True,18,None
Q??????}EM]CjGf_G{@Z?Uo?r_?,2.384185791015625e-07,0.6693685054779053,True,6,None
Q??????}EM]CjGf_C{Be?FW@J_?,2.384185791015625e-07,0.8515486717224121,True,16,None
Q??????}EM]CjGf_C{@u?TW@J_?,2.384185791015625e-07,0.4813077449798584,True,1,None
Q??????}EM]CjGf_A{@]?[W@J_?,2.384185791015625e-07,0.25759243965148926,True,1,None
Q??????}EM]CjGf_A{@]?UW@b_?,2.384185791015625e-07,0.4203810691833496,True,5,None
Q??????}EM]CjGf_A{@N?]O@J_?,4.76837158203125e-07,0.6303205490112305,True,3,None
Q??????}EM]CjGwoFoAr?Bw?V_?,2.384185791015625e-07,0.6455085277557373,True,7,None
Q??????}EM]CjGwoFWA\\?FW?V_?,4.76837158203125e-07,0.6307787895202637,True,4,None
Q??????}EM]CjGwoEwA\\?Ew?\\_?,2.384185791015625e-07,0.6060197353363037,True,4,None
Q??????}EM]CjGwoJS@Z?Fo?V_?,2.384185791015625e-07,0.6897647380828857,True,2,None
Q??????}EM]CjGwoFSA]?Dw?\\_?,4.76837158203125e-07,0.5160262584686279,True,10,None
Q??????}EM]CjGjGMWAu?Bw?V_?,4.76837158203125e-07,0.29366183280944824,True,2,None
Q??????}EM]CjGjGKwAu?Ew?V_?,2.384185791015625e-07,1.3202307224273682,True,23,None
Q??????}EM]CjGbgFgAu?Pw?r_?,4.76837158203125e-07,0.5823533535003662,True,5,None
Q??????}EM]CjGbgDw@f?TW@Z??,2.384185791015625e-07,0.7512021064758301,True,8,None
Q??????}EM]CjGbgBkAu?Xo?r_?,4.76837158203125e-07,0.0651540756225586,True,1,None
Q??????}EM]CbgyON_@V?Dw?V_?,4.76837158203125e-07,0.6470627784729004,True,6,None
Q??????}EM]CbgyON_?^?Dw?r_?,2.384185791015625e-07,0.5323259830474854,True,12,None
Q??????}EM]CbgyOJo@Z?Kw?V_?,9.5367431640625e-07,0.5834271907806396,True,7,None
Q??????}EM]CbgyONG?^?Lg?V_?,2.384185791015625e-07,1.0108966827392578,True,9,None
Q??????}EM]CbgyOJg@\\?Dw?r_?,4.76837158203125e-07,0.8809752464294434,True,9,None
Q??????}EM]CbgyOJg?v?Hw?u_?,2.384185791015625e-07,0.26500368118286133,True,2,None
Q??????}EM]CbgyOHw@x?Dw?r_?,2.384185791015625e-07,0.556372880935669,True,7,None
Q??????}EM]CbgyOHw?|?LW?r_?,2.384185791015625e-07,0.983731746673584,True,5,None
Q??????}EM]CbgyOHw@r?Lg?V_?,2.384185791015625e-07,2.6567606925964355,True,38,None
Q??????}EM]CbgyOJc@]?Dw?r_?,2.384185791015625e-07,0.6273937225341797,True,12,None
Q??????}EM]CbgyOJc?}?Kw?f_?,2.384185791015625e-07,0.6412708759307861,True,5,None
Q??????}EM]CbgyOJc@V?Lo?V_?,2.384185791015625e-07,0.251828670501709,True,1,None
Q??????}EM]CbgyOHs@y?Kw?V_?,2.384185791015625e-07,0.540869951248169,True,4,None
Q??????}EM]CbgyOMK@]?Dw?]_?,2.384185791015625e-07,0.40436410903930664,True,2,None
Q??????}EM]CbgyOLK@{?Dw?V_?,2.384185791015625e-07,0.8744959831237793,True,6,None
Q??????}EM]CbgyOJK@]?Lg?V_?,4.76837158203125e-07,0.6463346481323242,True,10,None
Q??????}EM]CbgyOJK?|?Lo?f_?,2.384185791015625e-07,0.6469664573669434,True,4,None
Q??????}EM]CbgyOHk@{?Dw?r_?,4.76837158203125e-07,0.6191644668579102,True,3,None
Q??????}EM]CbgyOHk@u?Lg?V_?,2.384185791015625e-07,0.8485128879547119,True,15,None
Q??????}EM]CbgxOJo@Z?Kw?Z_?,4.76837158203125e-07,0.2843468189239502,True,1,None
Q??????}EM]CbgxOMg@V?Fg?Z_?,2.384185791015625e-07,1.9650356769561768,True,17,None
Q??????}EM]CbgxOMW@Z?Fg?Z_?,2.384185791015625e-07,0.9047689437866211,True,10,None
Q??????}EM]CbgxOMW@V?Fg?\\_?,2.384185791015625e-07,0.8256392478942871,True,10,None
Q??????}EM]CbgxOIw@Z?Ew?y_?,4.76837158203125e-07,1.3232488632202148,True,21,None
Q??????}EM]CbgxOEw@x?Qw?Z_?,4.76837158203125e-07,0.47989535331726074,True,3,None
Q??????}EM]CbgxOHw@x?Kw?Z_?,2.384185791015625e-07,0.32614588737487793,True,1,None
Q??????}EM]CbgxOHw?n?MW?y_?,2.384185791015625e-07,1.0547327995300293,True,16,None
Q??????}EM]CbgxOHs@m?Ew?x_?,2.384185791015625e-07,0.6813414096832275,True,7,None
Q??????}EM]CbgxOJK@t?Bw?v??,2.384185791015625e-07,0.6891241073608398,True,3,None
Q??????}EM]CbgxOHk@m?Mg?Z_?,2.384185791015625e-07,0.6918063163757324,True,4,None
Q??????}EM]CbgxOHk?}?Mg?r_?,2.384185791015625e-07,0.5996990203857422,True,3,None
Q??????}EM]CbgxOH[@t?Lo?\\_?,2.384185791015625e-07,0.7590742111206055,True,6,None
Q??????}EM]CbgjONGAV?Lg?V_?,2.384185791015625e-07,0.3026235103607178,True,1,None
Q??????}EM]CbgjOFg@l?Qw@R_?,4.76837158203125e-07,0.838869571685791,True,4,None
Q??????}EM]CbgjOIwBR?Ew?u_?,4.76837158203125e-07,0.906536340713501,True,6,None
Q??????}EM]CbgjOMS@N?VO?Z_?,4.76837158203125e-07,0.5118350982666016,True,4,None
Q??????}EM]CbgjOKsAr?Fo?r_?,2.384185791015625e-07,0.5311734676361084,True,6,None
Q??????}EM]CbgjOIsBb?Iw?^??,2.384185791015625e-07,0.5280537605285645,True,4,None
Q??????}EM]CbgjOIsAr?Jo?r_?,7.152557373046875e-07,0.4785881042480469,True,3,None
Q??????}EM]CbgjOKkAt?Fo?r_?,2.384185791015625e-07,0.5483009815216064,True,5,None
Q??????}EM]CbgjOKk@l?Uo?Z_?,4.76837158203125e-07,0.4841005802154541,True,3,None
Q??????}EM]CbgjOIkAt?Iw?v??,4.76837158203125e-07,0.9477863311767578,True,12,None
Q??????}EM]CbgjOG{Ar?N_?r_?,4.76837158203125e-07,0.6007699966430664,True,8,None
Q??????}EM]CbghoMgAx?Iw?Z_?,2.384185791015625e-07,2.6888129711151123,True,43,None
Q??????}EM]CbghoJgBp?Hw?Z_?,2.384185791015625e-07,0.47635436058044434,True,1,None
Q??????}EM]CbghoJgBF?Ew?{_?,2.384185791015625e-07,0.620081901550293,True,3,None
Q??????}EM]CbghoJgAf?NG?j_?,2.384185791015625e-07,0.562140703201294,True,2,None
Q??????}EM]CbghoLKAx?Fo?r_?,2.384185791015625e-07,0.553706169128418,True,3,None
Q??????}EM]CbghoHkAx?Mo?r_?,2.384185791015625e-07,0.4651377201080322,True,2,None
Q??????}EM]CbgbWMo@y?Qw?r_?,2.384185791015625e-07,0.39206457138061523,True,1,None
Q??????}EM]CbgbWKwBw?Kw?Z_?,2.384185791015625e-07,0.8338618278503418,True,15,None
Q??????}EM]CbgbWNCA]?Lo?r_?,4.76837158203125e-07,0.3212897777557373,True,2,None
Q??????}EM]CbgbWLSBi?Fo?r_?,2.384185791015625e-07,0.5607271194458008,True,4,None
Q??????}EM[c}?v?E[@f?Bw?N_?,2.384185791015625e-07,1.2094988822937012,True,14,None
Q??????}EM[c}?v?E[?v?Hw?N_?,4.76837158203125e-07,1.4258952140808105,True,18,None
Q??????}EM[c}?t_FK@N?Bw?Z_?,2.384185791015625e-07,0.7504596710205078,True,2,None
Q??????}EM[c}?t_Dk@N?Ew?Z_?,2.384185791015625e-07,0.6558079719543457,True,6,None
Q??????}EM[c}?t_E[?z?Iw?N_?,4.76837158203125e-07,0.4786946773529053,True,4,None
Q??????}EM[c}?t_D[@j?Bw?Z_?,2.384185791015625e-07,0.4492802619934082,True,7,None
Q??????}EM[c}?t_B[?z?Hw?j_?,4.76837158203125e-07,0.11316108703613281,True,1,None
Q??????}EM[c}?t_A{?z?Iw?j_?,2.384185791015625e-07,2.086649179458618,True,23,None
Q??????}EM[c}?l_JK@f?Bw?N_?,2.384185791015625e-07,0.9100766181945801,True,11,None
Q??????}EM[c}?l_Hk@N?Ew?Z_?,2.384185791015625e-07,0.6975429058074951,True,5,None
Q??????}EM[c}?l_Dk?n?Qw?Z_?,2.384185791015625e-07,0.9325258731842041,True,10,None
Q??????}EM[c}?poFc@N?Ew?Z_?,2.384185791015625e-07,0.49115920066833496,True,2,None
Q??????}EM[c}?poFS@N?FW?Z_?,4.76837158203125e-07,0.6006731986999512,True,1,None
Q??????}EM[c}?lGJW@V?Bw?V_?,2.384185791015625e-07,0.9690001010894775,True,12,None
Q??????}EM[c}?lGJW?v?Hw?N_?,2.384185791015625e-07,0.4524660110473633,True,3,None
Q??????}EM[c}?lGIw?v?Iw?N_?,2.384185791015625e-07,1.0461761951446533,True,15,None
Q??????}EM[c}?lGD[AN?Ew?^??,2.384185791015625e-07,0.564626932144165,True,9,None
Q??????}EM[c}?sgBk?}?Iw?f_?,2.384185791015625e-07,0.48760485649108887,True,5,None
Q??????}EM[c}?sgBk@f?Jo?N_?,4.76837158203125e-07,1.2216615676879883,True,19,None
Q??????}EM[c}?egJg@f?Hw?N_?,4.76837158203125e-07,0.7701821327209473,True,10,None
Q??????}EM[c}?egJW@j?Bw?f_?,4.76837158203125e-07,0.3807566165924072,True,2,None
Q??????}EM[c}?egIw@f?JW?N_?,2.384185791015625e-07,0.14575743675231934,True,4,None
Q??????}EM[c}?egJK@m?Hw?N_?,2.384185791015625e-07,0.47193169593811035,True,3,None
Q??????}EM[c}?dgJW@r?Bw?f_?,2.384185791015625e-07,1.400036096572876,True,31,None
Q??????}EM[c}?dgJK@u?Bw?f_?,2.384185791015625e-07,0.7322721481323242,True,13,None
Q??????}EM[c}?dgIk@u?Iw?N_?,2.384185791015625e-07,0.21529483795166016,True,4,None
Q??????}EM[c}?dgIk?}?Iw?j_?,2.384185791015625e-07,0.5115852355957031,True,2,None
Q??????}EM[c}?dgIk?v?Iw?n??,7.152557373046875e-07,0.5398097038269043,True,2,None
Q??????}EM[c}?owFW@N?Fg?\\_?,2.384185791015625e-07,1.0480680465698242,True,11,None
Q??????}EM[cn?woIs?z?Iw?Z_?,4.76837158203125e-07,0.6820480823516846,True,6,None
Q??????}EM[cn?soMc@V?Ew?N_?,2.384185791015625e-07,0.4348940849304199,True,2,None
Q??????}EM[cn?soIs?z?Iw?j_?,4.76837158203125e-07,0.4579472541809082,True,3,None
Q??????}EM[cn?soBs?n?YW?j_?,2.384185791015625e-07,0.39119529724121094,True,1,None
Q??????}EM[cn?eoJSAf?JW?f_?,2.384185791015625e-07,0.5796616077423096,True,2,None
Q??????}EM[cn?poJc@f?Ew?j_?,2.384185791015625e-07,0.29219603538513184,True,2,None
Q??????}EM[cn?poIs@r?Iw?Z_?,2.384185791015625e-07,0.821925163269043,True,9,None
Q??????}EM[cn?poK[@t?FW?Z_?,2.384185791015625e-07,1.2500622272491455,True,15,None
Q??????}EM[cn?poG{?v?Mg?x_?,4.76837158203125e-07,0.5196049213409424,True,2,None
Q??????}EM[cn?sgBw?n?YW?j_?,2.384185791015625e-07,0.9462804794311523,True,15,None
Q??????}EM[cn?sgBk?n?Yo?j_?,2.384185791015625e-07,0.5909430980682373,True,4,None
Q??????}EM[cn?kgJWAf?Bw?l_?,2.384185791015625e-07,0.657050371170044,True,10,None
Q??????}EM[cn?kgLK?}?Bw@R_?,2.384185791015625e-07,0.8289730548858643,True,15,None
Q??????}EM[cn?egJWAf?JW?f_?,4.76837158203125e-07,0.7720446586608887,True,5,None
Q??????}EM[cn?egIwAf?Iw?l_?,4.76837158203125e-07,0.6491982936859131,True,1,None
Q??????}EM[cn?egMKAf?Bw?n??,2.384185791015625e-07,0.6660404205322266,True,4,None
Q??????}EM[cn?egFKAm?Ww?N_?,2.384185791015625e-07,0.6069674491882324,True,3,None
Q??????}EM[cn?egI[Af?Jo?l_?,2.384185791015625e-07,0.5512487888336182,True,5,None
Q??????}EM[cn?pgNG@f?Bw?Z_?,2.384185791015625e-07,0.26944923400878906,True,1,None
Q??????}EM[cn?pgJK@N?Mo?Z_?,2.384185791015625e-07,0.6941471099853516,True,7,None
Q??????}EM[cn?pgIk@u?Ew?j_?,2.384185791015625e-07,1.219367265701294,True,24,None
Q??????}EM[cn?pgK[@r?Fo?Z_?,2.384185791015625e-07,1.2858736515045166,True,18,None
Q??????}EM[cn?pgI[@]?MW?Z_?,2.384185791015625e-07,1.0397603511810303,True,6,None
Q??????}EM[cu_n?A{?n?Iw@h_?,2.384185791015625e-07,1.1463127136230469,True,11,None
Q??????}EM[cu_m_E[@N?RW?\\_?,2.384185791015625e-07,0.6699647903442383,True,5,None
Q??????}EM[cu_l_Bk?z?Iw@b_?,2.384185791015625e-07,0.2391810417175293,True,3,None
Q??????}EM[cu_l_D[@V?FW@T_?,2.384185791015625e-07,0.6825535297393799,True,7,None
Q??????}EM[cu_l_C{@V?UW?\\_?,4.76837158203125e-07,0.4643135070800781,True,7,None
Q??????}EM[cu_kWMo?v?JW?N_?,2.384185791015625e-07,0.6463010311126709,True,6,None
Q??????}EM[cu_kWLo@r?Dw?N_?,4.76837158203125e-07,0.6002795696258545,True,4,None
Q??????}EM[cu_kWLo@f?FW?N_?,2.384185791015625e-07,0.8619256019592285,True,14,None
Q??????}EM[cu_kWJo@j?Iw?N_?,4.76837158203125e-07,0.6616930961608887,True,3,None
Q??????}EM[cu_kWJW@j?Bw?m_?,4.76837158203125e-07,0.7920353412628174,True,8,None
Q??????}EM[cu_kWKw?^?Ew?{_?,2.384185791015625e-07,1.5871312618255615,True,35,None
Q??????}EM[cu_kWIw@t?JW?N_?,4.76837158203125e-07,0.15971112251281738,True,1,None
Q??????}EM[cu_kWIw?z?Jg?j_?,2.384185791015625e-07,0.6363019943237305,True,6,None
Q??????}EM[cu_kWMc@V?Fo?N_?,2.384185791015625e-07,1.2599406242370605,True,15,None
Q??????}EM[cu_kWLc@V?Fo?V_?,4.76837158203125e-07,0.8430969715118408,True,4,None
Q??????}EM[cu_kWJc?}?Iw?f_?,2.384185791015625e-07,0.9185383319854736,True,12,None
Q??????}EM[cu_kWKs@u?FW?N_?,2.384185791015625e-07,0.523165225982666,True,4,None
Q??????}EM[cu_kWIs@y?Iw?N_?,2.384185791015625e-07,0.26659512519836426,True,1,None
Q??????}EM[cu_kWEs@Z?Qw?^??,4.76837158203125e-07,0.05833101272583008,True,1,None
Q??????}EM[cu_kWEs?z?Jo@J_?,2.384185791015625e-07,0.6919727325439453,True,9,None
Q??????}EM[cu_kWI[@{?JW?N_?,2.384185791015625e-07,0.6042988300323486,True,5,None
Q??????}EM[cu_kWH[@N?NO?]_?,2.384185791015625e-07,0.39917850494384766,True,2,None
Q??????}EM[cu_eWMo@j?Bw?j_?,2.384185791015625e-07,0.1696479320526123,True,2,None
Q??????}EM[cu_eWNG?|?Hw?f_?,2.384185791015625e-07,0.5814461708068848,True,10,None
Q??????}EM[cu_eWMg?v?Jg?f_?,4.76837158203125e-07,1.6673665046691895,True,24,None
Q??????}EM[cu_eWMW@l?JW?N_?,4.76837158203125e-07,0.8627498149871826,True,7,None
Q??????}EM[cu_eWIw@r?Hw?m_?,4.76837158203125e-07,0.5364627838134766,True,4,None
Q??????}EM[cu_eWJK@m?Hw?m_?,2.384185791015625e-07,0.9718117713928223,True,13,None
Q??????}EM[cu_hWNO@f?FW?N_?,4.76837158203125e-07,0.6403999328613281,True,4,None
Q??????}EM[cu_hWJg@N?Ew?y_?,2.384185791015625e-07,0.9396328926086426,True,8,None
Q??????}EM[cu_hWKw@r?Fg?Z_?,7.152557373046875e-07,0.4679839611053467,True,1,None
Q??????}EM[cu_hWIw?z?Iw?y_?,2.384185791015625e-07,0.04932737350463867,True,2,None
Q??????}EM[cu_hWNC@N?Ew?^??,2.384185791015625e-07,0.6718380451202393,True,5,None
Q??????}EM[cu_hWKk@t?Fo?Z_?,2.384185791015625e-07,0.8093082904815674,True,13,None
Q??????}EM[cu_hWKk?|?Mo?Z_?,2.384185791015625e-07,2.638084888458252,True,19,None
Q??????}EM[cu_hWEk@u?Ew@M_?,2.384185791015625e-07,1.138641357421875,True,15,None
Q??????}EM[cu_hWK[@t?Fo?\\_?,2.384185791015625e-07,1.5993983745574951,True,24,None
Q??????}EM[cu_hWE[@{?FW@J_?,4.792213439941406e-05,0.4566819667816162,True,4,None
Q??????}EM[cu_hWE[@y?Ew@M_?,4.76837158203125e-07,0.6169488430023193,True,12,None
Q??????}EM[cu_hWG{@{?MW?Z_?,4.76837158203125e-07,0.6044795513153076,True,3,None
Q??????}EM[cu_hWG{?z?Mo?y_?,2.384185791015625e-07,0.5375127792358398,True,13,None
Q??????}EM[cu_dWN_?v?Iw?f_?,9.5367431640625e-07,0.5816209316253662,True,2,None
Q??????}EM[cu_dWN_?n?Iw?j_?,4.76837158203125e-07,0.5262196063995361,True,1,None
Q??????}EM[cu_dWMo@Z?Iw?Z_?,2.384185791015625e-07,0.48429322242736816,True,3,None
Q??????}EM[cu_dWNG?v?Jg?f_?,2.384185791015625e-07,0.6427023410797119,True,4,None
Q??????}EM[cu_dWMg@t?Iw?N_?,2.384185791015625e-07,0.6883223056793213,True,5,None
Q??????}EM[cu_dWMg?v?Iw?m_?,4.76837158203125e-07,0.8565142154693604,True,5,None
Q??????}EM[cu_dWLg?v?Iw?u_?,4.76837158203125e-07,0.6230788230895996,True,6,None
Q??????}EM[cu_dWMW@x?Iw?N_?,2.384185791015625e-07,0.9084312915802002,True,13,None
Q??????}EM[cu_dWMW@t?JW?N_?,4.76837158203125e-07,0.6076347827911377,True,2,None
Q??????}EM[cu_dWMW?|?Iw?l_?,4.76837158203125e-07,0.6071701049804688,True,5,None
Q??????}EM[cu_dWJW@t?JW?f_?,2.384185791015625e-07,0.5850553512573242,True,2,None
Q??????}EM[cu_dWJW@l?Iw?l_?,2.384185791015625e-07,0.8605499267578125,True,4,None
Q??????}EM[cu_dWJW@j?Iw?m_?,4.76837158203125e-07,0.4767904281616211,True,3,None
Q??????}EM[cu_dWLK?v?Jo?u_?,4.76837158203125e-07,0.7528421878814697,True,5,None
Q??????}EM[cu_dWJK@{?Hw?j_?,4.76837158203125e-07,0.06894445419311523,True,1,None
Q??????}EM[cu_dWKk@]?Ew?y_?,2.384185791015625e-07,0.6005630493164062,True,6,None
Q??????}EM[cu_dWEk@u?Iw@M_?,4.76837158203125e-07,0.5451161861419678,True,11,None
Q??????}EM[cu_dWHk@{?Kw?j_?,2.384185791015625e-07,0.5002031326293945,True,3,None
Q??????}EM[cu_dWHk@m?Mg?j_?,4.76837158203125e-07,0.1695244312286377,True,1,None
Q??????}EM[cu_dWK[?}?Iw?{_?,2.384185791015625e-07,1.0059306621551514,True,6,None
Q??????}EM[cu_gwNO@j?FW?N_?,2.384185791015625e-07,0.9124071598052979,True,4,None
Q??????}EM[cu_gwMo@Z?FW?Z_?,4.76837158203125e-07,0.5041794776916504,True,4,None
Q??????}EM[cu_gwJg@r?Dw?m_?,2.384185791015625e-07,0.7209322452545166,True,3,None
Q??????}EM[cu_gwJg@j?Ew?m_?,7.152557373046875e-07,0.4398620128631592,True,3,None
Q??????}EM[cu_gwFg@f?RW?]_?,7.152557373046875e-07,0.3539271354675293,True,2,None
Q??????}EM[cu_gwJW?n?NG?l_?,2.384185791015625e-07,0.10914802551269531,True,1,None
Q??????}EM[cu_gwKw?v?FW?{_?,2.384185791015625e-07,0.12107181549072266,True,1,None
Q??????}EM[cu_gwK[@{?FW?\\_?,2.384185791015625e-07,0.28160738945007324,True,3,None
Q??????}EM[cu_gwE[@{?RW?\\_?,4.76837158203125e-07,0.3722054958343506,True,1,None
Q??????}EM[cm_n?K[Aj?Ew?N_?,2.384185791015625e-07,0.6693384647369385,True,3,None
Q??????}EM[cm_doJSAj?Iw?l_?,2.384185791015625e-07,1.31526780128479,True,12,None
Q??????}EM[cm_doFKBT?Bw@T_?,2.384185791015625e-07,0.42661428451538086,True,4,None
Q??????}EM[cm_doBk@x?Qw@b_?,2.384185791015625e-07,0.4820127487182617,True,2,None
Q??????}EM[cl_yOJc?^?Kw?Z_?,4.76837158203125e-07,0.6136059761047363,True,9,None
Q??????}EM[cl_yOMS?^?FW?Z_?,2.384185791015625e-07,0.9187116622924805,True,16,None
Q??????}EM[cl_yOJS@Z?Ew?V_?,2.384185791015625e-07,0.15056991577148438,True,1,None
Q??????}EM[cl_yOBs?z?Iw@R_?,2.384185791015625e-07,0.46002864837646484,True,3,None
Q??????}EM[cl_yOI[?^?FW?y_?,2.384185791015625e-07,0.595137357711792,True,3,None
Q??????}EM[cl_jOMS?v?Ew@L_?,2.384185791015625e-07,0.7204921245574951,True,6,None
Q??????}EM[cl_jODsAr?Sw?Z_?,2.384185791015625e-07,0.6123485565185547,True,7,None
Q??????}EM[cl_jOBsAf?Ew@h_?,2.384185791015625e-07,0.5288782119750977,True,3,None
Q??????}EM[cl_fOJKAf?Iw?m_?,2.384185791015625e-07,0.7472994327545166,True,7,None
Q??????}EM[cl_fOD[@t?Sw@L_?,7.152557373046875e-07,0.6541988849639893,True,7,None
Q??????}EM[cl_eoLc?n?Iw@X_?,2.384185791015625e-07,0.7442753314971924,True,9,None
Q??????}EM[cl_eoJc?z?Ww?j_?,2.384185791015625e-07,0.6316986083984375,True,5,None
Q??????}EM[cl_eoJcAf?Iw?l_?,4.76837158203125e-07,0.6863608360290527,True,8,None
Q??????}EM[cl_eoFcAj?Iw@J_?,4.76837158203125e-07,1.1927168369293213,True,16,None
Q??????}EM[cl_eoFcAN?Iw@X_?,2.384185791015625e-07,1.3773210048675537,True,17,None
Q??????}EM[cl_eoFc?n?YW@J_?,2.384185791015625e-07,0.8049154281616211,True,23,None
Q??????}EM[cl_eoFSBF?RW?\\_?,4.76837158203125e-07,0.6423771381378174,True,6,None
Q??????}EM[cl_eoDs?z?Sw@h_?,4.76837158203125e-07,0.4949662685394287,True,3,None
Q??????}EM[cl_eoBsBJ?Iw@X_?,2.384185791015625e-07,0.7084097862243652,True,4,None
Q??????}EM[cl_eoJKAj?Iw?m_?,2.384185791015625e-07,1.3143115043640137,True,10,None
Q??????}EM[cl_eoDk@t?RW@R_?,2.384185791015625e-07,1.1677420139312744,True,17,None
Q??????}EM[cl_uGMg@V?Ew?N_?,4.76837158203125e-07,0.8819839954376221,True,13,None
Q??????}EM[cl_uGBw?z?Iw@b_?,4.76837158203125e-07,0.753986120223999,True,16,None
Q??????}EM[cl_uGMK@V?Fo?N_?,2.384185791015625e-07,0.7280552387237549,True,19,None
Q??????}EM[cl_uGJK?}?Iw?f_?,4.76837158203125e-07,1.0130374431610107,True,20,None
Q??????}EM[cl_uGJK@f?Bw?n??,2.384185791015625e-07,1.0306510925292969,True,8,None
Q??????}EM[cl_uGIk@u?Bw?j_?,2.384185791015625e-07,0.6157019138336182,True,3,None
Q??????}EM[cl_mGLgAV?Dw?Z_?,2.384185791015625e-07,0.7948455810546875,True,3,None
Q??????}EM[cl_mGIw?z?Qw?j_?,2.384185791015625e-07,0.4850914478302002,True,5,None
Q??????}EM[cl_mGBw?z?Qw@b_?,4.76837158203125e-07,0.40599894523620605,True,2,None
Q??????}EM[cl_mGMK?^?Bw@Z??,2.384185791015625e-07,0.5053222179412842,True,1,None
Q??????}EM[cl_mGG{?z?Qw?z??,4.76837158203125e-07,0.9853963851928711,True,14,None
Q??????}EM[cl_mGC{Au?Ew@L_?,2.384185791015625e-07,0.6055543422698975,True,3,None
Q??????}EM[cl_mGC{AV?UW?^??,4.76837158203125e-07,0.5717251300811768,True,3,None
Q??????}EM[cl_rGFg@V?Sw?Z_?,2.384185791015625e-07,0.052558183670043945,True,1,None
Q??????}EM[cl_rGFW@V?FW@R_?,2.384185791015625e-07,0.9910767078399658,True,16,None
Q??????}EM[cl_rGHw?v?Kw?x_?,2.384185791015625e-07,0.6905395984649658,True,4,None
Q??????}EM[cl_rGBkBF?Ew?z??,2.384185791015625e-07,0.6340594291687012,True,2,None
Q??????}EM[cl_rGBk@V?Kw@Z??,2.384185791015625e-07,0.36832547187805176,True,2,None
Q??????}EM[cl_rGI[?^?Mo?x_?,4.76837158203125e-07,0.7666330337524414,True,10,None
Q??????}EM[cl_rGE[@V?Ew@\\??,2.384185791015625e-07,0.6670153141021729,True,14,None
Q??????}EM[cl_rGA{BR?Mo?Z_?,4.76837158203125e-07,0.6461479663848877,True,4,None
Q??????}EM[cl_fGMgAV?Iw?Z_?,2.384185791015625e-07,0.29442572593688965,True,1,None
Q??????}EM[cl_fGLW@V?Ew@T_?,4.76837158203125e-07,0.4669811725616455,True,5,None
Q??????}EM[cl_fGJWAf?Iw?l_?,2.384185791015625e-07,0.7048184871673584,True,11,None
Q??????}EM[cl_fGIwBR?Iw?Z_?,2.384185791015625e-07,0.6264803409576416,True,1,None
Q??????}EM[cl_fGIwAr?Iw?j_?,2.384185791015625e-07,0.9231836795806885,True,14,None
Q??????}EM[cl_fGIwAV?MW?j_?,2.384185791015625e-07,1.1725730895996094,True,11,None
Q??????}EM[cl_fGIkAu?Iw?j_?,7.152557373046875e-07,0.5591974258422852,True,6,None
Q??????}EM[cl_fGIk@u?Iw@J_?,2.384185791015625e-07,1.1203901767730713,True,10,None
Q??????}EM[cl_fGEk@V?Uo@J_?,4.76837158203125e-07,0.6667158603668213,True,5,None
Q??????}EM[cl_fGG{Au?Iw?x_?,2.384185791015625e-07,0.6877777576446533,True,8,None
Q??????}EM[cl_fGC{Au?Ew@h_?,2.384185791015625e-07,1.1407926082611084,True,5,None
Q??????}EM[cl_fGC{Ar?Qw?z??,4.76837158203125e-07,0.258502721786499,True,1,None
Q??????}EM[cl_igMKAr?Fo?N_?,2.384185791015625e-07,0.31609225273132324,True,1,None
Q??????}EM[cl_igMKAZ?Ew?^??,2.384185791015625e-07,0.365692138671875,True,1,None
Q??????}EM[cl_igEkAu?Ew@L_?,2.384185791015625e-07,0.4207580089569092,True,4,None
Q??????}EM[cl_egLg?z?Iw@R_?,2.384185791015625e-07,0.6165351867675781,True,6,None
Q??????}EM[cl_egLg?n?Iw@X_?,2.384185791015625e-07,0.5538277626037598,True,3,None
Q??????}EM[cl_egFgAZ?Iw@R_?,2.384185791015625e-07,0.2560596466064453,True,1,None
Q??????}EM[cl_egLW?^?UW?t_?,4.76837158203125e-07,0.6165575981140137,True,4,None
Q??????}EM[cl_egJWAj?JW?j_?,2.384185791015625e-07,0.5092573165893555,True,2,None
Q??????}EM[cl_egHw@j?Iw@X_?,4.76837158203125e-07,0.48859190940856934,True,3,None
Q??????}EM[cl_egBw?z?YW@b_?,2.384185791015625e-07,0.5140063762664795,True,4,None
Q??????}EM[cl_egIk?z?Yo?j_?,4.76837158203125e-07,0.5002326965332031,True,3,None
Q??????}EM[cl_egHk@j?Iw@Z??,2.384185791015625e-07,0.07217240333557129,True,1,None
Q??????}EM[cl_egK[@V?VO?\\_?,2.384185791015625e-07,0.6098430156707764,True,4,None
Q??????}EM[cl_egE[BU?FW@L_?,2.384185791015625e-07,0.4937779903411865,True,4,None
Q??????}EM[cl_egD[?}?[W@L_?,2.384185791015625e-07,0.6236362457275391,True,4,None
Q??????}EM[cl_egD[?n?]O@L_?,2.384185791015625e-07,0.41419053077697754,True,2,None
Q??????}EM[cl_egC{@V?UW@\\??,2.384185791015625e-07,0.7054436206817627,True,6,None
Q??????}EM[cf_m_MKAf?Bw?l_?,2.384185791015625e-07,0.6065399646759033,True,3,None
Q??????}EM[cf_koJcAf?JW?j_?,2.384185791015625e-07,0.7820253372192383,True,9,None
Q??????}EM[cf_koBkA\\?Iw@p_?,2.384185791015625e-07,0.6291439533233643,True,3,None
Q??????}EM[ceotGNO?z?Iw?f_?,4.76837158203125e-07,0.5835211277008057,True,4,None
Q??????}EM[ceotGLW@t?Hw?\\_?,2.384185791015625e-07,0.6107873916625977,True,7,None
Q??????}EM[ceotGJW@l?JW?j_?,2.384185791015625e-07,0.5987331867218018,True,1,None
Q??????}EM[ceotGNC@m?Iw?N_?,4.76837158203125e-07,1.2719545364379883,True,7,None
Q??????}EM[ceotGNC?}?Iw?f_?,2.384185791015625e-07,0.7144815921783447,True,8,None
Q??????}EM[ceotGNC@f?Jo?N_?,2.384185791015625e-07,0.6471297740936279,True,9,None
Q??????}EM[ceotGNC?n?Iw?n??,4.76837158203125e-07,1.6259357929229736,True,22,None
Q??????}EM[ceotGMS@y?Bw?j_?,4.76837158203125e-07,1.093073844909668,True,13,None
Q??????}EM[ceotGLS@V?FW?v??,2.384185791015625e-07,0.36185526847839355,True,1,None
Q??????}EM[ceotGK[@t?Fo?l_?,2.384185791015625e-07,0.5169839859008789,True,3,None
Q??????}EM[ceolGMW?|?Bw@h_?,2.384185791015625e-07,0.5489170551300049,True,8,None
Q??????}EM[ceolGNCAm?Bw?j_?,4.76837158203125e-07,0.6050088405609131,True,3,None
Q??????}EM[ceolGJc@f?Jo@J_?,2.384185791015625e-07,0.5143430233001709,True,4,None
Q??????}EM[ceolGMS?z?Bw@j??,4.76837158203125e-07,0.11936688423156738,True,1,None
Q??????}EM[ceolGJS@f?Jo@L_?,2.384185791015625e-07,0.8383941650390625,True,6,None
Q??????}EM[ceolGA{Bp?Ro?j_?,2.384185791015625e-07,0.6672756671905518,True,6,None
Q??????}EM[ceolGA{Bp?Jo@J_?,2.384185791015625e-07,0.706010103225708,True,1,None
Q??????}EM[ceofGMoAf?Iw?l_?,2.384185791015625e-07,0.18272113800048828,True,2,None
Q??????}EM[ceofGMWBX?Kw?N_?,4.76837158203125e-07,0.507807731628418,True,3,None
Q??????}EM[ceofGFWBh?Hw@J_?,2.384185791015625e-07,0.5537164211273193,True,9,None
Q??????}EM[ceofGEwBX?Iw@R_?,2.384185791015625e-07,2.400067090988159,True,18,None
Q??????}EM[ceofGNCAm?Iw?f_?,2.384185791015625e-07,0.2386014461517334,True,1,None
Q??????}EM[ceofGMSBU?JW?V_?,2.384185791015625e-07,0.13097882270812988,True,1,None
Q??????}EM[ceofGE[Bk?Iw@L_?,4.76837158203125e-07,0.6937911510467529,True,2,None
Q??????}EM[ceokgFg@\\?TW@J_?,2.384185791015625e-07,0.5093135833740234,True,2,None
Q??????}EM[ceokgFg@Z?Qw@U_?,2.384185791015625e-07,0.592644214630127,True,8,None
Q??????}EM[ceokgHwBd?JW?\\_?,2.384185791015625e-07,0.7656445503234863,True,5,None
Q??????}EM[ceokgHw@N?]G?\\_?,4.76837158203125e-07,0.6250386238098145,True,3,None
Q??????}EM[ceokgJcBU?JW?V_?,2.384185791015625e-07,0.4668419361114502,True,1,None
Q??????}EM[ceokgLS?n?FW@l??,4.76837158203125e-07,0.4896671772003174,True,2,None
Q??????}EM[ceokgHs@V?FW@t??,2.384185791015625e-07,0.6691529750823975,True,8,None
Q??????}EM[ceokgHs?^?MW@t??,7.152557373046875e-07,0.4493129253387451,True,2,None
Q??????}EM[ceokgDs?^?UW@t??,4.76837158203125e-07,0.4052867889404297,True,5,None
Q??????}EM[ceokgBsAN?]O?l_?,2.384185791015625e-07,0.5383627414703369,True,2,None
Q??????}EM[ceokgBs@N?YW@\\??,2.384185791015625e-07,0.13804244995117188,True,2,None
Q??????}EM[ceokgHkBX?Ew?v??,2.384185791015625e-07,0.7056818008422852,True,7,None
Q??????}EM[ceoegN_Aj?Hw?j_?,2.384185791015625e-07,0.7691431045532227,True,5,None
Q??????}EM[ceoegN_Af?Hw?l_?,2.384185791015625e-07,0.6354568004608154,True,7,None
Q??????}EM[ceoegFoBb?RW?f_?,2.384185791015625e-07,1.0636115074157715,True,14,None
Q??????}EM[ceoegNGAj?Jg?f_?,4.76837158203125e-07,0.7844424247741699,True,8,None
Q??????}EM[ceoegBwBb?Xg?l_?,2.384185791015625e-07,1.0892531871795654,True,14,None
Q??????}EM[ceoegNCBJ?Lo?N_?,2.384185791015625e-07,0.521730899810791,True,2,None
Q??????}EM[ceoegFcBi?Bw@b_?,2.384185791015625e-07,0.5738508701324463,True,13,None
Q??????}EM[ceoegKkBk?FW?j_?,2.384185791015625e-07,0.5052220821380615,True,3,None
Q??????}EM[ceoegIkBY?Lg?j_?,2.384185791015625e-07,0.18278264999389648,True,1,None
Q??????}EM[ceoegBkBi?Jg@b_?,2.384185791015625e-07,0.04172110557556152,True,2,None
Q??????}EM[ceoegK[Aj?JW?}??,2.384185791015625e-07,0.9962253570556641,True,8,None
Q??????}EM[ceoegG{Bq?Lg?l_?,4.76837158203125e-07,0.6337766647338867,True,5,None
Q??????}EM[c{G|?B[?v?Jo?N_?,2.384185791015625e-07,0.7167055606842041,True,6,None
Q??????}EM[c{Gn?I[@u?Bw?N_?,2.384185791015625e-07,0.5749099254608154,True,3,None
Q??????}EM[c{Gn?I[?v?Bw?n??,2.384185791015625e-07,0.481276273727417,True,5,None
Q??????}EM[c{Gu_Fg@f?Bw?N_?,2.384185791015625e-07,0.8825991153717041,True,12,None
Q??????}EM[c{Gu_FW@j?Bw?N_?,2.384185791015625e-07,0.529414176940918,True,4,None
Q??????}EM[c{Gu_Ew@Z?Ew?N_?,2.384185791015625e-07,1.189734697341919,True,15,None
Q??????}EM[c{Gu_Dw@Z?Dw?Z_?,4.76837158203125e-07,0.3828582763671875,True,1,None
Q??????}EM[c{Gu_Bk@m?Iw?N_?,2.384185791015625e-07,0.6559107303619385,True,6,None
Q??????}EM[c{Gu_Bk?}?Hw?j_?,2.384185791015625e-07,0.39529848098754883,True,1,None
Q??????}EM[c{Gt_Bw?v?JW?j_?,2.384185791015625e-07,0.4547708034515381,True,1,None
Q??????}EM[c{Gt_FK@]?Ew?N_?,2.384185791015625e-07,0.31141233444213867,True,3,None
Q??????}EM[c{Gt_Dk@]?Ew?Z_?,2.384185791015625e-07,0.4933891296386719,True,4,None
Q??????}EM[c{Gl_JK@]?Bw?Z_?,2.384185791015625e-07,0.7827835083007812,True,7,None
Q??????}EM[c{Gl_JK?}?Iw?N_?,2.384185791015625e-07,0.4477853775024414,True,1,None
Q??????}EM[c{Gr_Bw?z?Kw?j_?,2.384185791015625e-07,0.7547504901885986,True,6,None
Q??????}EM[c{Gr_Dk@m?Ew?Z_?,2.384185791015625e-07,0.5781464576721191,True,5,None
Q??????}EM[c{Gf_Iw?z?Iw?j_?,7.152557373046875e-07,0.643704891204834,True,5,None
Q??????}EM[c{Gf_JK@m?Iw?N_?,7.152557373046875e-07,0.7197065353393555,True,5,None
Q??????}EM[c{Gf_JK?n?Iw?n??,2.384185791015625e-07,0.7629458904266357,True,7,None
Q??????}EM[c{Gf_Ik?v?Iw?n??,4.76837158203125e-07,0.5130929946899414,True,2,None
Q??????}EM[c{Gf_G{@y?Ew?j_?,2.384185791015625e-07,0.34325718879699707,True,3,None
Q??????}EM[c{Gf_G{@]?MW?Z_?,2.384185791015625e-07,0.5044083595275879,True,9,None
Q??????}EM[c{Gf_C{@]?UW?Z_?,2.384185791015625e-07,1.1925005912780762,True,11,None
Q??????}EM[c{GqoDw@x?Ew?V_?,2.384185791015625e-07,0.46355700492858887,True,2,None
Q??????}EM[c{GqoFS@]?FW?V_?,0.0,0.1783432960510254,True,2,None
Q??????}EM[c{GpoFo?^?Ew?x_?,2.384185791015625e-07,0.24254059791564941,True,3,None
Q??????}EM[c{GpoBw@\\?Ew?x_?,4.76837158203125e-07,0.14108514785766602,True,3,None
Q??????}EM[c{GpoFS@r?Fo?N_?,2.384185791015625e-07,0.3462824821472168,True,1,None
Q??????}EM[c{GpoBs@]?MW?Z_?,2.384185791015625e-07,0.7780101299285889,True,12,None
Q??????}EM[c{GpoD[@x?Fo?Z_?,2.384185791015625e-07,0.7024619579315186,True,6,None
Q??????}EM[c{Gpo@{@x?Mo?Z_?,2.384185791015625e-07,0.7941124439239502,True,10,None
Q??????}EM[c{GdoJc@u?Bw?j_?,2.384185791015625e-07,0.9811596870422363,True,7,None
Q??????}EM[c{GdoJc@]?Iw?Z_?,4.76837158203125e-07,0.729468822479248,True,5,None
Q??????}EM[c{GdoJc?}?Iw?j_?,2.384185791015625e-07,0.2500174045562744,True,3,None
Q??????}EM[c{GdoFc@]?Qw?Z_?,2.384185791015625e-07,0.4601099491119385,True,4,None
Q??????}EM[c{GmGIw@]?Ew?N_?,2.384185791015625e-07,0.8695745468139648,True,21,None
Q??????}EM[c{GmGIw?}?Iw?N_?,2.384185791015625e-07,0.6727826595306396,True,5,None
Q??????}EM[c{GmGI[?^?Jo?^??,4.76837158203125e-07,0.587212324142456,True,6,None
Q??????}EM[c{GxGD[?v?Fo?^??,4.76837158203125e-07,0.4793660640716553,True,6,None
Q??????}EM[c{GtGD[@]?Ew?^??,2.384185791015625e-07,0.6724803447723389,True,19,None
Q??????}EM[c{GtG@{@V?Mo?^??,4.76837158203125e-07,0.8549537658691406,True,15,None
Q??????}EM[c{GegIw@u?Bw?l_?,2.384185791015625e-07,1.0409190654754639,True,10,None
Q??????}EM[c{GegJK@N?Fo?n??,2.384185791015625e-07,0.4888436794281006,True,5,None
Q??????}EM[c{GegIk@V?Fo?n??,2.384185791015625e-07,0.4196140766143799,True,4,None
Q??????}EM[c{GegG{@Z?Mo?^??,2.384185791015625e-07,0.5511140823364258,True,5,None
Q??????}EM[c{GegG{@V?Fo?|??,4.76837158203125e-07,0.5089309215545654,True,4,None
Q??????}EM[c{GpgFW@Z?Fo?Z_?,2.384185791015625e-07,0.48511457443237305,True,2,None
Q??????}EM[c{GpgFK?v?Fo?n??,4.76837158203125e-07,0.4710376262664795,True,2,None
Q??????}EM[c{GhgLg?}?Ew?Z_?,2.384185791015625e-07,0.49025440216064453,True,1,None
Q??????}EM[c{GhgFKA]?Fo?Z_?,4.76837158203125e-07,0.8315343856811523,True,10,None
Q??????}EM[c{GhgD[Au?FW?^??,4.76837158203125e-07,0.5590019226074219,True,7,None
Q??????}EM[c{GhgD[?v?VO?^??,2.384185791015625e-07,1.5113677978515625,True,17,None
Q??????}EM[c{GbgEw@]?UW?Z_?,2.384185791015625e-07,0.282942533493042,True,1,None
Q??????}EM[c{GbgBw?}?YW?r_?,2.384185791015625e-07,0.5635335445404053,True,1,None
Q??????}EM[c{GbgIk?^?Mo?z??,2.384185791015625e-07,0.9978575706481934,True,12,None
Q??????}EM[c{GbgI[@V?Fo?|??,2.384185791015625e-07,0.5967192649841309,True,6,None
Q??????}EM[c{G`wFo@]?UW?Z_?,2.384185791015625e-07,0.21753764152526855,True,3,None
Q??????}EM[c{G`wFc@]?Uo?Z_?,2.384185791015625e-07,0.4658331871032715,True,2,None
Q??????}EM[cuGkoNO?^?Bw?t_?,2.384185791015625e-07,0.7988288402557373,True,15,None
Q??????}EM[cuGkoLo@j?Bw?Z_?,4.76837158203125e-07,0.7311532497406006,True,10,None
Q??????}EM[cuGkoJo@r?Bw?f_?,2.384185791015625e-07,0.6099259853363037,True,10,None
Q??????}EM[cuGkoJW@x?Hw?N_?,2.384185791015625e-07,0.497572660446167,True,1,None
Q??????}EM[cuGkoNC?n?Bw?n??,2.384185791015625e-07,0.8816428184509277,True,4,None
Q??????}EM[cuGkoLc@N?Fo?Z_?,2.384185791015625e-07,3.652296304702759,True,39,None
Q??????}EM[cuGkoJc@f?Jo?N_?,2.384185791015625e-07,0.5694506168365479,True,4,None
Q??????}EM[cuGkoLS@]?FW?V_?,2.384185791015625e-07,0.650615930557251,True,7,None
Q??????}EM[cuGkoKs@]?FW?Z_?,2.384185791015625e-07,0.6099510192871094,True,8,None
Q??????}EM[cuGkoKs@V?FW?^??,2.384185791015625e-07,0.4604802131652832,True,2,None
Q??????}EM[cuGkoIs?}?JW?j_?,2.384185791015625e-07,0.0766446590423584,True,2,None
Q??????}EM[cuGeoNO?n?Hw?l_?,2.384185791015625e-07,0.42597174644470215,True,6,None
Q??????}EM[cuGeoMo?v?JW?f_?,2.384185791015625e-07,0.2041177749633789,True,1,None
Q??????}EM[cuGhoJW?n?NG?j_?,2.384185791015625e-07,0.6020474433898926,True,4,None
Q??????}EM[cuGhoKs?z?Mo?Z_?,2.384185791015625e-07,0.5665898323059082,True,3,None
Q??????}EM[cuGhoIs@u?Ew?l_?,7.152557373046875e-07,2.652587890625,True,36,None
Q??????}EM[cuGhoIs@V?MW?^??,7.152557373046875e-07,0.24720335006713867,True,1,None
Q??????}EM[cuGhoI[?}?NG?j_?,2.384185791015625e-07,0.7747647762298584,True,13,None
Q??????}EM[cuGdoN_@N?Iw?Z_?,4.76837158203125e-07,1.5705690383911133,True,17,None
Q??????}EM[cuGdoN_?n?Iw?j_?,2.384185791015625e-07,0.658646821975708,True,6,None
Q??????}EM[cuGdoN_?^?Iw?r_?,4.76837158203125e-07,1.021179437637329,True,6,None
Q??????}EM[cuGdoMo@r?Iw?N_?,2.384185791015625e-07,1.2888402938842773,True,9,None
Q??????}EM[cuGdoMo?v?Iw?l_?,2.384185791015625e-07,1.4100899696350098,True,31,None
Q??????}EM[cuGdoMW?|?Iw?l_?,2.384185791015625e-07,0.6856751441955566,True,3,None
Q??????}EM[cuGdoLW@t?Dw?l_?,4.76837158203125e-07,0.8987753391265869,True,8,None
Q??????}EM[cuGdoLW?|?JW?r_?,2.384185791015625e-07,0.33826303482055664,True,3,None
Q??????}EM[cuGdoJW@x?Hw?j_?,4.76837158203125e-07,1.4715356826782227,True,20,None
Q??????}EM[cuGdoJW@l?Iw?l_?,4.76837158203125e-07,1.0859427452087402,True,16,None
Q??????}EM[cuGdoJW@f?Jg?l_?,4.76837158203125e-07,0.31319737434387207,True,3,None
Q??????}EM[cuGdoIw@t?JW?j_?,2.384185791015625e-07,0.5447158813476562,True,9,None
Q??????}EM[cuGdoEw@t?Iw@L_?,4.76837158203125e-07,1.4018645286560059,True,15,None
Q??????}EM[cuGdoHw@N?Mg?x_?,4.76837158203125e-07,0.4892284870147705,True,4,None
Q??????}EM[cuGdoNC@u?Bw?f_?,2.384185791015625e-07,0.5293078422546387,True,7,None
Q??????}EM[cuGdoMc@u?Iw?N_?,4.76837158203125e-07,0.5278608798980713,True,2,None
Q??????}EM[cuGdoMS?}?JW?j_?,2.384185791015625e-07,0.11702680587768555,True,1,None
Q??????}EM[cuGdoKs?}?Iw?x_?,2.384185791015625e-07,0.6640236377716064,True,9,None
Q??????}EM[cuGlGBw@f?Jo@J_?,2.384185791015625e-07,0.6804413795471191,True,9,None
Q??????}EM[cuGgwN_@f?Fo?N_?,2.384185791015625e-07,1.3680882453918457,True,22,None
Q??????}EM[cuGgwN_@N?Ew?^??,7.152557373046875e-07,0.4479095935821533,True,1,None
Q??????}EM[cuGgwNO@j?Fo?N_?,2.384185791015625e-07,0.29784107208251953,True,3,None
Q??????}EM[cuGgwMo@r?Bw?^??,2.384185791015625e-07,1.0832266807556152,True,19,None
Q??????}EM[cuGgwMo?^?FW?z??,2.384185791015625e-07,1.2739958763122559,True,17,None
Q??????}EM[cuGgwMW@\\?FW?^??,4.76837158203125e-07,0.44475507736206055,True,1,None
Q??????}EM[cuGgwNC@m?Fo?N_?,4.76837158203125e-07,0.4898538589477539,True,1,None
Q??????}EM[cuGgwK[@{?Fo?\\_?,2.384185791015625e-07,0.5667903423309326,True,3,None
Q??????}EM[cmGn?KwAf?Ew?N_?,2.384185791015625e-07,0.6875669956207275,True,5,None
Q??????}EM[cmGn?K[Am?Ew?N_?,4.76837158203125e-07,0.2606933116912842,True,2,None
Q??????}EM[cmGf_Ew@V?RW@R_?,2.384185791015625e-07,0.8202500343322754,True,8,None
Q??????}EM[cmGf_JK?n?Xo?j_?,4.76837158203125e-07,0.5289287567138672,True,3,None
Q??????}EM[cmGf_Ek@]?Qw@R_?,2.384185791015625e-07,1.0877113342285156,True,11,None
Q??????}EM[cmGf_E[?n?Qw@l??,2.384185791015625e-07,0.734025239944458,True,8,None
Q??????}EM[cmGf_A{Af?Iw@l??,4.76837158203125e-07,0.43724846839904785,True,1,None
Q??????}EM[cmGwoNO?n?Bw?\\_?,4.76837158203125e-07,1.1815922260284424,True,12,None
Q??????}EM[cmGwoJo@N?FW?Z_?,7.152557373046875e-07,0.2774937152862549,True,2,None
Q??????}EM[cmGwoIw@t?FW?N_?,7.152557373046875e-07,0.6064119338989258,True,6,None
Q??????}EM[cmGwoIw@V?Fg?\\_?,2.384185791015625e-07,0.657630205154419,True,1,None
Q??????}EM[cmGwoEwAx?Bw?Z_?,2.384185791015625e-07,0.39126062393188477,True,1,None
Q??????}EM[cmGwoEwAt?FW?N_?,4.76837158203125e-07,0.7304668426513672,True,8,None
Q??????}EM[cmGwoIs@]?Ew?\\_?,2.384185791015625e-07,1.9588463306427002,True,41,None
Q??????}EM[cmGtGEw@]?Ew@J_?,2.384185791015625e-07,0.7151501178741455,True,6,None
Q??????}EM[cmGtGDw@]?Sw?Z_?,2.384185791015625e-07,0.508650541305542,True,2,None
Q??????}EM[cmGtGC{@]?Ew@Z??,4.76837158203125e-07,0.08331990242004395,True,1,None
Q??????}EM[cmGlGLWA]?Ew?V_?,2.384185791015625e-07,0.7469303607940674,True,13,None
Q??????}EM[cmGlGH[AV?Fo?v??,4.76837158203125e-07,1.6130609512329102,True,24,None
Q??????}EM[cmGdgNGAf?Bw?n??,2.384185791015625e-07,0.5254051685333252,True,5,None
Q??????}EM[cmGdgMg@]?Ew@J_?,4.76837158203125e-07,0.674447774887085,True,12,None
Q??????}EM[cmGdgJWBU?Hw?\\_?,2.384185791015625e-07,1.2569594383239746,True,17,None
Q??????}EM[cmGdgJWBR?Fo?f_?,7.152557373046875e-07,1.7612683773040771,True,14,None
Q??????}EM[cmGdgEw@]?UW@J_?,4.76837158203125e-07,0.7500166893005371,True,3,None
Q??????}EM[cmGdgDw@u?TW@J_?,2.384185791015625e-07,0.822805643081665,True,6,None
Q??????}EM[cmGdgBwAy?Iw@b_?,2.384185791015625e-07,0.8329818248748779,True,10,None
Q??????}EM[cmGdgLKAf?Fo?n??,2.384185791015625e-07,0.19388508796691895,True,2,None
Q??????}EM[cmGdgJKBU?Lo?N_?,2.384185791015625e-07,0.5269007682800293,True,2,None
Q??????}EM[cmGdgKk@]?Ew@Z??,2.384185791015625e-07,0.14371538162231445,True,3,None
Q??????}EM[cmGdgHk@m?Yo?Z_?,4.76837158203125e-07,0.7267165184020996,True,12,None
Q??????}EM[cmGdgHk@m?Iw@Z??,2.384185791015625e-07,0.5240850448608398,True,1,None
Q??????}EM[cmGdgH[BM?FW?z??,2.384185791015625e-07,0.31053900718688965,True,2,None
Q??????}EM[cmGdgC{BY?Uo?Z_?,2.384185791015625e-07,0.43993377685546875,True,6,None
Q??????}EM[clGy_FWAN?Ew?\\_?,4.76837158203125e-07,0.5039832592010498,True,2,None
Q??????}EM[clGy_DwAf?FW?Z_?,4.76837158203125e-07,0.8268778324127197,True,10,None
Q??????}EM[clGy_JK@]?Dw?Z_?,2.384185791015625e-07,0.7664346694946289,True,8,None
Q??????}EM[clGy_JK@f?Fo?N_?,2.384185791015625e-07,0.5691537857055664,True,3,None
Q??????}EM[clGy_FKAu?Bw?V_?,2.384185791015625e-07,0.663917064666748,True,4,None
Q??????}EM[clGy_FKAf?Fo?N_?,2.384185791015625e-07,0.26979589462280273,True,1,None
Q??????}EM[clGy_FKAV?Fo?V_?,2.384185791015625e-07,0.519378662109375,True,1,None
Q??????}EM[clGy_H[@y?Ew?V_?,2.384185791015625e-07,0.6498632431030273,True,9,None
Q??????}EM[clGy_C{?z?Uo?Z_?,7.152557373046875e-07,0.6141810417175293,True,8,None
Q??????}EM[clGu_LW@r?Dw?N_?,2.384185791015625e-07,0.6080281734466553,True,5,None
Q??????}EM[clGu_LW@f?FW?N_?,2.384185791015625e-07,1.2838361263275146,True,16,None
Q??????}EM[clGu_LW@N?FW?Z_?,2.384185791015625e-07,1.0046641826629639,True,7,None
Q??????}EM[clGu_Bk?}?Iw@b_?,2.384185791015625e-07,0.5371134281158447,True,1,None
Q??????}EM[clGu_A{?}?YW?j_?,7.152557373046875e-07,0.2445828914642334,True,1,None
Q??????}EM[clGm_JgAf?Iw?N_?,2.384185791015625e-07,0.5469799041748047,True,4,None
Q??????}EM[clGm_Fg?^?Qw@R_?,2.384185791015625e-07,0.5549266338348389,True,4,None
Q??????}EM[clGm_JWAj?Iw?N_?,2.384185791015625e-07,0.8021962642669678,True,10,None
Q??????}EM[clGm_KkAu?Ew?N_?,2.384185791015625e-07,0.6945116519927979,True,5,None
Q??????}EM[clGm_Kk?}?Ew@J_?,2.384185791015625e-07,0.607811689376831,True,3,None
Q??????}EM[clGm_Ik?}?Iw@J_?,2.384185791015625e-07,1.4071078300476074,True,14,None
Q??????}EM[clGm_Ek?^?Uo@J_?,2.384185791015625e-07,0.6167073249816895,True,1,None
Q??????}EM[clGm_Dk?^?Uo@R_?,2.384185791015625e-07,0.6741085052490234,True,9,None
Q??????}EM[clGm_BkAf?Bw@j??,2.384185791015625e-07,0.23338675498962402,True,1,None
Q??????}EM[clGm_@{?}?YW@R_?,2.384185791015625e-07,0.5483298301696777,True,2,None
Q??????}EM[clGr_Jg@f?Iw?Z_?,2.384185791015625e-07,0.18362951278686523,True,1,None
Q??????}EM[clGr_Fg@f?Qw?Z_?,2.384185791015625e-07,0.6623649597167969,True,5,None
Q??????}EM[clGr_JW?z?Kw?j_?,4.76837158203125e-07,0.26569461822509766,True,1,None
Q??????}EM[clGr_Ew@r?Qw?Z_?,2.384185791015625e-07,1.243488073348999,True,14,None
Q??????}EM[clGr_BwBb?Ew?j_?,2.384185791015625e-07,0.8018832206726074,True,9,None
Q??????}EM[clGr_BwBF?Ew?x_?,2.384185791015625e-07,0.7060904502868652,True,5,None
Q??????}EM[clGr_BwAV?MW?r_?,2.384185791015625e-07,0.650679349899292,True,5,None
Q??????}EM[clGr_Kk@u?Ew?Z_?,2.384185791015625e-07,0.7838659286499023,True,5,None
Q??????}EM[clGr_Ek@V?Uo?Z_?,2.384185791015625e-07,0.590630292892456,True,5,None
Q??????}EM[clGr_I[@]?MW?Z_?,2.384185791015625e-07,1.1446528434753418,True,15,None
Q??????}EM[clGr_I[?}?MW?j_?,4.76837158203125e-07,1.1724023818969727,True,10,None
Q??????}EM[clGr_I[?z?Mo?j_?,7.152557373046875e-07,0.4329817295074463,True,3,None
Q??????}EM[clGr_I[?^?MW?z??,2.384185791015625e-07,0.4853050708770752,True,2,None
Q??????}EM[clGr_C{@r?Uo?Z_?,2.384185791015625e-07,0.5164928436279297,True,12,None
Q??????}EM[clGr_A{Au?MW?j_?,2.384185791015625e-07,0.40801048278808594,True,3,None
Q??????}EM[clGr_A{AV?Mo?x_?,4.76837158203125e-07,0.4960501194000244,True,3,None
Q??????}EM[clGr_@{Bb?Ew?z??,2.384185791015625e-07,2.23476505279541,True,14,None
Q??????}EM[clGr_@{Ar?Kw?z??,2.384185791015625e-07,0.5590412616729736,True,2,None
Q??????}EM[clGj_NGAf?Bw?Z_?,2.384185791015625e-07,0.5012531280517578,True,2,None
Q??????}EM[clGj_FK?}?Qw@R_?,4.76837158203125e-07,1.2053446769714355,True,10,None
Q??????}EM[clGj_FK?n?Qw@Z??,2.384185791015625e-07,0.5762169361114502,True,2,None
Q??????}EM[clGj_D[Au?Sw?\\_?,2.384185791015625e-07,0.4777812957763672,True,6,None
Q??????}EM[clGj_@{Bb?Uo?Z_?,7.152557373046875e-07,0.4357271194458008,True,5,None
Q??????}EM[clGj_@{?v?UW@r??,4.76837158203125e-07,0.46588778495788574,True,1,None
Q??????}EM[clGf_IkAu?Iw?j_?,2.384185791015625e-07,0.8183858394622803,True,13,None
Q??????}EM[clGwoNO?z?Bw?Z_?,2.384185791015625e-07,0.6752808094024658,True,2,None
Q??????}EM[clGwoFo?z?Qw?Z_?,2.384185791015625e-07,0.49974513053894043,True,2,None
Q??????}EM[clGwoDwAt?Ew?\\_?,2.384185791015625e-07,0.6343691349029541,True,6,None
Q??????}EM[clGwoJS@V?FW?^??,2.384185791015625e-07,0.6402754783630371,True,2,None
Q??????}EM[clGwoFSAr?Bw?^??,2.384185791015625e-07,0.05660820007324219,True,1,None
Q??????}EM[clGpoFo@r?Qw?Z_?,2.384185791015625e-07,0.2485048770904541,True,2,None
Q??????}EM[clGpoJW?|?Iw?x_?,4.76837158203125e-07,0.4529755115509033,True,3,None
Q??????}EM[clGpoNC@V?Fo?Z_?,4.76837158203125e-07,0.6377527713775635,True,9,None
Q??????}EM[clGpoLc@u?Ew?Z_?,7.152557373046875e-07,1.1284456253051758,True,12,None
Q??????}EM[clGpoJS?^?Mo?x_?,4.76837158203125e-07,0.5766196250915527,True,4,None
Q??????}EM[clGpoBsAr?Iw?z??,2.384185791015625e-07,0.49178457260131836,True,3,None
Q??????}EM[clGpoBsAV?MW?z??,2.384185791015625e-07,0.4991796016693115,True,2,None
Q??????}EM[clGhoJcAV?Mo?Z_?,4.76837158203125e-07,2.3740694522857666,True,28,None
Q??????}EM[clGhoLSAr?Fo?Z_?,2.384185791015625e-07,0.6634862422943115,True,1,None
Q??????}EM[clGhoHsBq?Ew?Z_?,2.384185791015625e-07,0.11573266983032227,True,1,None
Q??????}EM[clGhoBsBR?Ew@Z??,2.384185791015625e-07,0.6156482696533203,True,5,None
Q??????}EM[clGhoBsAr?Uo?j_?,2.384185791015625e-07,0.20839405059814453,True,1,None
Q??????}EM[clGho@{@t?UW@Z??,2.384185791015625e-07,0.0426328182220459,True,1,None
Q??????}EM[clGdoN_AV?Iw?Z_?,2.384185791015625e-07,0.6939375400543213,True,16,None
Q??????}EM[clGdoLo@r?Qw?Z_?,2.384185791015625e-07,0.5025544166564941,True,5,None
Q??????}EM[clGdoDwBT?UW?Z_?,4.76837158203125e-07,0.6316063404083252,True,17,None
Q??????}EM[clGdoJcAu?Iw?j_?,4.76837158203125e-07,0.5084073543548584,True,3,None
Q??????}EM[clGigMgAV?Ew?^??,2.384185791015625e-07,0.6324021816253662,True,3,None
Q??????}EM[clGigMg?^?Ew@Z??,2.384185791015625e-07,0.5446267127990723,True,2,None
Q??????}EM[clGigJg?n?Ew@j??,7.152557373046875e-07,0.6385855674743652,True,4,None
Q??????}EM[clGigFgAN?Uo?Z_?,4.76837158203125e-07,0.4444425106048584,True,1,None
Q??????}EM[clGigFg?n?Qw@Z??,2.384185791015625e-07,0.5857148170471191,True,3,None
Q??????}EM[clGigMWAZ?Ew?^??,0.0,1.3030879497528076,True,18,None
Q??????}EM[clGigFW?^?Sw@\\??,2.384185791015625e-07,1.411949872970581,True,21,None
Q??????}EM[clGigKwAr?Fo?Z_?,2.384185791015625e-07,0.6910886764526367,True,6,None
Q??????}EM[clGigJKAf?Fo?n??,4.76837158203125e-07,0.5908539295196533,True,8,None
Q??????}EM[clGigIkAV?Mo?^??,4.76837158203125e-07,0.6475620269775391,True,5,None
Q??????}EM[clGigEk?}?Uo@J_?,2.384185791015625e-07,1.4861061573028564,True,17,None
Q??????}EM[clGigDk?}?Uo@R_?,4.76837158203125e-07,0.45734238624572754,True,1,None
Q??????}EM[clGigG{Ar?Fo?z??,2.384185791015625e-07,0.33757710456848145,True,2,None
Q??????}EM[clGigA{Ar?Fo@j??,4.76837158203125e-07,0.7400429248809814,True,8,None
Q??????}EM[clGegJg@N?Ew@j??,2.384185791015625e-07,0.9417881965637207,True,15,None
Q??????}EM[clGegJWBY?Iw?V_?,2.384185791015625e-07,0.6124894618988037,True,5,None
Q??????}EM[clGegJKAm?Jo?j_?,4.76837158203125e-07,0.7762196063995361,True,9,None
Q??????}EM[clGegBkBM?Qw?z??,4.76837158203125e-07,0.717261791229248,True,9,None
Q??????}EM[clGegK[AV?Fo?|??,2.384185791015625e-07,0.5133001804351807,True,2,None
Q??????}EM[clGegI[AV?Jo?|??,4.76837158203125e-07,0.6499149799346924,True,3,None
Q??????}EM[clGegG{AV?Mo?|??,2.384185791015625e-07,2.51615571975708,True,8,None
Q??????}EM[clGowFo?}?Ew@h_?,4.76837158203125e-07,0.44627904891967773,True,2,None
Q??????}EM[clGowHs?z?Mo?z??,2.384185791015625e-07,0.8529961109161377,True,8,None
Q??????}EM[clGcwJo@r?Jo@J_?,4.76837158203125e-07,0.9594120979309082,True,12,None
Q??????}EM[clG`wN_AV?Mo?Z_?,2.384185791015625e-07,0.43717503547668457,True,2,None
Q??????}EM[clG`wN_@V?Uo?Z_?,4.76837158203125e-07,0.41610240936279297,True,6,None
Q??????}EM[clG`wJoBR?Ew?z??,4.76837158203125e-07,2.3684325218200684,True,23,None
Q??????}EM[clG`wJoAV?MW?z??,2.384185791015625e-07,0.7593815326690674,True,14,None
Q??????}EM[clG`wFoBR?Ew@Z??,2.384185791015625e-07,0.7641279697418213,True,4,None
Q??????}EM[clG`wFo@V?UW@Z??,2.384185791015625e-07,0.5914902687072754,True,4,None
Q??????}EM[clG`wDwBs?UW?Z_?,2.384185791015625e-07,0.4538896083831787,True,2,None
Q??????}EM[clG`wDw@t?UW@Z??,4.76837158203125e-07,0.36470556259155273,True,6,None
Q??????}EM[clG`wNCAV?Fo?z??,4.76837158203125e-07,1.0101335048675537,True,10,None
Q??????}EM[clG`wDs@u?Uo@X_?,2.384185791015625e-07,0.639146089553833,True,8,None
Q??????}EM[cfGm_MW@N?FW@J_?,2.384185791015625e-07,0.48622989654541016,True,5,None
Q??????}EM[cfGm_Ew?^?YW@R_?,4.76837158203125e-07,0.7321133613586426,True,2,None
Q??????}EM[cfGm_K[@N?UW?^??,2.384185791015625e-07,0.6888034343719482,True,8,None
Q??????}EM[cfGm_C{@m?UW@J_?,2.384185791015625e-07,0.3125801086425781,True,1,None
Q??????}EM[cfGm_C{?n?]O@J_?,2.384185791015625e-07,0.5602574348449707,True,2,None
Q??????}EM[cfGm_A{Am?Iw@h_?,2.384185791015625e-07,1.0895075798034668,True,11,None
Q??????}EM[cfG{GDw@]?Sw?Z_?,2.384185791015625e-07,0.6591858863830566,True,2,None
Q??????}EM[cfGkgJgBU?Iw?V_?,2.384185791015625e-07,0.0691828727722168,True,1,None
Q??????}EM[cfGkgFgAm?Iw@J_?,2.384185791015625e-07,0.8784689903259277,True,8,None
Q??????}EM[cfGkgFgAN?Yo?Z_?,2.384185791015625e-07,0.49669432640075684,True,2,None
Q??????}EM[cfGkgJWAN?NO?j_?,4.76837158203125e-07,2.6656742095947266,True,21,None
Q??????}EM[cfGkgKw@]?Ew@X_?,2.384185791015625e-07,0.8231124877929688,True,4,None
Q??????}EM[cfGkgEw@]?Qw@X_?,2.384185791015625e-07,0.9974894523620605,True,11,None
Q??????}EM[cfGkgK[Ar?Jo?^??,2.384185791015625e-07,0.6950156688690186,True,3,None
Q??????}EM[cfGkgK[AV?Fo?|??,2.384185791015625e-07,0.465914249420166,True,7,None
Q??????}EM[cfGkgE[@]?VO@J_?,2.384185791015625e-07,0.8632755279541016,True,10,None
Q??????}EM[cfGkgE[@]?Uo@L_?,4.76837158203125e-07,0.787013053894043,True,5,None
Q??????}EM[csgl_Fg?z?Iw@J_?,7.152557373046875e-07,0.65110182762146,True,1,None
Q??????}EM[csgl_Bk?z?Iw@j??,4.76837158203125e-07,0.5791008472442627,True,3,None
Q??????}EM[csgmON_?v?Bw?f_?,2.384185791015625e-07,1.2084848880767822,True,11,None
Q??????}EM[csgmOLo@f?FW?N_?,2.384185791015625e-07,0.6643426418304443,True,6,None
Q??????}EM[csgmOLg@f?Fg?N_?,2.384185791015625e-07,1.3787198066711426,True,26,None
Q??????}EM[csgmOLg@V?Dw?]_?,4.76837158203125e-07,1.0472326278686523,True,15,None
Q??????}EM[csgmOLg?v?Fg?f_?,2.384185791015625e-07,1.4246933460235596,True,20,None
Q??????}EM[csgmOLg?n?Ew?m_?,4.76837158203125e-07,0.6268224716186523,True,7,None
Q??????}EM[csgmOHw?z?Lg?j_?,2.384185791015625e-07,0.7953307628631592,True,4,None
Q??????}EM[csgmOFc@N?Bw@Z??,2.384185791015625e-07,1.0677039623260498,True,9,None
Q??????}EM[csgmOEs@Z?Ro?Z_?,2.384185791015625e-07,0.2528269290924072,True,1,None
Q??????}EM[csgjOMo@r?Bw?Z_?,2.384185791015625e-07,0.7399060726165771,True,13,None
Q??????}EM[csgjONC@]?Ew?V_?,2.384185791015625e-07,0.480039119720459,True,1,None
Q??????}EM[csgjOLc@f?Fo?Z_?,2.384185791015625e-07,0.6222398281097412,True,4,None
Q??????}EM[csgfON_@f?Iw?N_?,4.76837158203125e-07,0.5259723663330078,True,4,None
Q??????}EM[csgfONO@j?Iw?N_?,2.384185791015625e-07,0.813624382019043,True,5,None
Q??????}EM[csgfOLo@j?Iw?Z_?,2.384185791015625e-07,0.6017401218414307,True,5,None
Q??????}EM[csgfOJg@l?Iw?j_?,4.76837158203125e-07,0.47985243797302246,True,2,None
Q??????}EM[csgfOJg@\\?Iw?r_?,4.76837158203125e-07,1.3607113361358643,True,22,None
Q??????}EM[csgfOMc@u?Bw?j_?,2.384185791015625e-07,0.6336913108825684,True,5,None
Q??????}EM[csgfOMS@u?Bw?l_?,2.384185791015625e-07,0.5854640007019043,True,7,None
Q??????}EM[csgiWN_@m?Ew?N_?,2.384185791015625e-07,0.7359135150909424,True,6,None
Q??????}EM[csgiWNG@l?Bw?^??,2.384185791015625e-07,0.49753427505493164,True,5,None
Q??????}EM[csgiWNG@\\?Fo?V_?,7.152557373046875e-07,0.7820556163787842,True,4,None
Q??????}EM[csgiWFW@m?Rg?\\_?,4.76837158203125e-07,0.0500485897064209,True,1,None
Q??????}EM[csgiWMc?v?Fo?n??,2.384185791015625e-07,0.43135881423950195,True,2,None
Q??????}EM[csgiWLc?v?Fo?v??,2.384185791015625e-07,0.058913469314575195,True,1,None
Q??????}EM[csgiWJS?n?NO?n??,2.384185791015625e-07,0.0584416389465332,True,1,None
Q??????}EM[csgiWIs?v?Jo?|??,2.384185791015625e-07,0.5550541877746582,True,5,None
Q??????}EM[csgiWHs@r?Lo?^??,2.384185791015625e-07,0.1682600975036621,True,1,None
Q??????}EM[csgiWLK@{?Dw?^??,2.384185791015625e-07,0.43402862548828125,True,2,None
Q??????}EM[csgiWLK?|?Lo?^??,2.384185791015625e-07,0.628997802734375,True,6,None
Q??????}EM[csgiWHk@l?Mo?^??,2.384185791015625e-07,0.9612681865692139,True,15,None
Q??????}EM[csgiWH[@l?NO?^??,7.152557373046875e-07,0.7827668190002441,True,8,None
Q??????}EM[ckgdoJg@x?Qw?j_?,2.384185791015625e-07,0.536846399307251,True,7,None
Q??????}EM[ckgdoBkBq?Jg@J_?,2.384185791015625e-07,0.5306878089904785,True,5,None
Q??????}EM[ckgdoBkBq?Iw@M_?,2.384185791015625e-07,0.7849240303039551,True,8,None
Q??????}EM[ckglGFW?^?Qw@\\??,2.384185791015625e-07,1.1626770496368408,True,8,None
Q??????}EM[ckglGH[AV?Fo?|??,2.384185791015625e-07,0.27962207794189453,True,1,None
Q??????}EM[ckgkgHkAr?Jo?^??,2.384185791015625e-07,0.6451971530914307,True,4,None
Q??????}EM[ckgkgB[Ay?RW?n??,2.384185791015625e-07,0.5216968059539795,True,4,None
Q??????}EM[ckgdgFWBU?FW@L_?,2.384185791015625e-07,0.8608884811401367,True,8,None
Q??????}EM[cegxON_@f?Ew?N_?,2.384185791015625e-07,1.0676374435424805,True,8,None
Q??????}EM[cegxONO@r?Dw?N_?,2.384185791015625e-07,0.5414257049560547,True,1,None
Q??????}EM[cegxONO@f?FW?N_?,2.384185791015625e-07,0.14157629013061523,True,1,None
Q??????}EM[cegxOMo@r?Ew?N_?,2.384185791015625e-07,0.6502792835235596,True,10,None
Q??????}EM[cegxOMo@V?Ew?\\_?,4.76837158203125e-07,1.2264049053192139,True,6,None
Q??????}EM[cegxOJo@N?MW?Z_?,2.384185791015625e-07,0.5099906921386719,True,2,None
Q??????}EM[cegxOJo?n?MW?j_?,2.384185791015625e-07,0.5882306098937988,True,8,None
Q??????}EM[cegxOFg?n?Ug?j_?,4.76837158203125e-07,0.9263858795166016,True,11,None
Q??????}EM[cegxONC@u?Dw?N_?,2.384185791015625e-07,0.7505037784576416,True,2,None
Q??????}EM[cegxOJc?n?Mo?j_?,4.76837158203125e-07,0.47135448455810547,True,5,None
Q??????}EM[cegtONO?n?JW?j_?,2.384185791015625e-07,0.6313292980194092,True,1,None
Q??????}EM[cegtONG@l?Iw?N_?,2.384185791015625e-07,0.5811049938201904,True,3,None
Q??????}EM[cegtOFg?v?Ww?m_?,7.152557373046875e-07,0.9238688945770264,True,11,None
Q??????}EM[cegtOMW@x?Iw?N_?,4.76837158203125e-07,0.9704470634460449,True,9,None
Q??????}EM[cegtOLW?n?MW?m_?,2.384185791015625e-07,0.6164090633392334,True,6,None
Q??????}EM[cegtOLW?n?Iw?{_?,4.76837158203125e-07,0.23404407501220703,True,2,None
Q??????}EM[cegtOJW@x?Hw?j_?,2.384185791015625e-07,0.15027308464050293,True,1,None
Q??????}EM[cegtOJW@l?JW?j_?,2.384185791015625e-07,0.5525622367858887,True,3,None
Q??????}EM[cegtOJW@N?Jg?x_?,2.384185791015625e-07,0.6266491413116455,True,2,None
Q??????}EM[cegtOEw@x?Qw?j_?,2.384185791015625e-07,0.2156386375427246,True,2,None
Q??????}EM[cegtOBw@x?Ww?j_?,2.384185791015625e-07,0.5560750961303711,True,4,None
Q??????}EM[cegtONC@m?Bw?j_?,2.384185791015625e-07,0.6958131790161133,True,13,None
Q??????}EM[cegtOJS@m?JW?j_?,2.384185791015625e-07,0.5805008411407471,True,1,None
Q??????}EM[cegtOEs?v?YW?n??,2.384185791015625e-07,0.20227646827697754,True,1,None
Q??????}EM[cegtOLK@l?Iw?^??,2.384185791015625e-07,0.61521315574646,True,7,None
Q??????}EM[cegtOJK@l?Jo?j_?,2.384185791015625e-07,0.23168706893920898,True,1,None
Q??????}EM[cegtOEk?v?Yo?m_?,4.76837158203125e-07,1.3918311595916748,True,14,None
Q??????}EM[cegtODk@{?Kw@J_?,4.76837158203125e-07,0.6217081546783447,True,4,None
Q??????}EM[cegtOBk@{?Ww?j_?,2.384185791015625e-07,0.38377904891967773,True,1,None
Q??????}EM[cegtOI[@y?Jg?j_?,4.76837158203125e-07,0.44519972801208496,True,3,None
Q??????}EM[cegtOE[?z?Yo?m_?,2.384185791015625e-07,0.5374009609222412,True,8,None
Q??????}EM[cegtOH[@\\?NO?r_?,2.384185791015625e-07,1.7063438892364502,True,18,None
Q??????}EM[cegfOMW@l?JW@J_?,2.384185791015625e-07,0.46782398223876953,True,2,None
Q??????}EM[cegfOMW@j?Jg@J_?,4.76837158203125e-07,0.6583292484283447,True,7,None
Q??????}EM[cegfOMSAm?JW?j_?,7.152557373046875e-07,0.2724320888519287,True,1,None
Q??????}EM[cegfOJS@f?Xo?l_?,2.384185791015625e-07,0.41314697265625,True,3,None
Q??????}EM[cegfOK[Bs?LW?N_?,2.384185791015625e-07,0.42450833320617676,True,1,None
Q??????}EM[cegwoMg@t?Bw?\\_?,2.384185791015625e-07,0.8450355529785156,True,3,None
Q??????}EM[cegwoJW@N?NG?\\_?,4.76837158203125e-07,3.196246385574341,True,33,None
Q??????}EM[cegwoKw?|?FW?x_?,2.384185791015625e-07,0.7953989505767822,True,7,None
Q??????}EM[cegwoIw@V?FW?{_?,2.384185791015625e-07,0.6292564868927002,True,4,None
Q??????}EM[cegwoIw?^?MW?{_?,2.384185791015625e-07,0.5958631038665771,True,1,None
Q??????}EM[cegwoKs?}?MW?\\_?,2.384185791015625e-07,0.8457901477813721,True,11,None
Q??????}EM[cegwoIs@]?MW?\\_?,4.76837158203125e-07,0.1807258129119873,True,1,None
Q??????}EM[cegwoBs@m?FW@h_?,4.76837158203125e-07,0.3173854351043701,True,3,None
Q??????}EM[cegwoIk@x?Iw?^??,7.152557373046875e-07,0.5394268035888672,True,9,None
Q??????}EM[cegwoI[@{?JW?\\_?,4.76837158203125e-07,0.1359264850616455,True,3,None
Q??????}EM[cegwoG{@{?FW?x_?,2.384185791015625e-07,0.6734538078308105,True,14,None
Q??????}EM[cegwoG{@u?FW?{_?,2.384185791015625e-07,0.5170454978942871,True,3,None
Q??????}EM[cegwoG{@t?FW?|??,2.384185791015625e-07,0.5590288639068604,True,5,None
Q??????}EM[cegkoN_?n?Qw?l_?,2.384185791015625e-07,0.5740385055541992,True,8,None
Q??????}EM[cegkoJgAl?JW?j_?,2.384185791015625e-07,0.7764649391174316,True,15,None
Q??????}EM[cegkoFgAf?RW?m_?,4.76837158203125e-07,1.0394597053527832,True,14,None
Q??????}EM[cegkoKwAt?FW?l_?,7.152557373046875e-07,0.650005578994751,True,11,None
Q??????}EM[cegkoKw?|?UW?l_?,9.5367431640625e-07,0.1945807933807373,True,1,None
Q??????}EM[cegkoKw?^?UW?{_?,4.76837158203125e-07,0.6711266040802002,True,11,None
Q??????}EM[cegkoEwBT?FW@L_?,4.76837158203125e-07,0.4909250736236572,True,2,None
Q??????}EM[cegkoEw@\\?UW@L_?,4.76837158203125e-07,0.5573410987854004,True,4,None
Q??????}EM[cegkoHwBT?LW?\\_?,2.384185791015625e-07,0.31539273262023926,True,1,None
Q??????}EM[cegkoDwAl?FW@h_?,4.76837158203125e-07,0.5836751461029053,True,8,None
Q??????}EM[cegkoDwBb?Bw@[_?,2.384185791015625e-07,1.7490277290344238,True,19,None
Q??????}EM[cegkoDwAV?\\G?\\_?,2.384185791015625e-07,0.4619889259338379,True,1,None
Q??????}EM[cegkoJcBY?Kw?N_?,4.76837158203125e-07,0.45653414726257324,True,3,None
Q??????}EM[cegkoJcAm?JW?j_?,2.384185791015625e-07,0.575631856918335,True,5,None
Q??????}EM[cegkoFcAy?Qw?f_?,4.76837158203125e-07,0.4770982265472412,True,2,None
Q??????}EM[cegkoJS?^?JW@t??,2.384185791015625e-07,0.5712888240814209,True,1,None
Q??????}EM[cegkoFS?^?TW@l??,2.384185791015625e-07,0.7813339233398438,True,6,None
Q??????}EM[cegkoFS?^?RW@t??,2.384185791015625e-07,0.5459973812103271,True,2,None
Q??????}EM[cegkoEsA]?UW?l_?,7.152557373046875e-07,0.6441125869750977,True,6,None
Q??????}EM[cegkoDs@j?VO@J_?,2.384185791015625e-07,1.4789366722106934,True,14,None
Q??????}EM[cegkoBsAy?Ww?l_?,4.76837158203125e-07,0.07929134368896484,True,1,None
Q??????}EM[cegkoBsAr?Hw@l??,2.384185791015625e-07,0.4875984191894531,True,6,None
Q??????}EM[cegkoDkBq?Bw@U_?,2.384185791015625e-07,0.40487098693847656,True,7,None
Q??????}EM[cegkoDkBh?Qw?^??,2.384185791015625e-07,0.8094887733459473,True,3,None
Q??????}EM[cegkoDk@j?Qw@]??,4.76837158203125e-07,0.5052924156188965,True,2,None
Q??????}EM[cegkoE[B[?FW@L_?,4.76837158203125e-07,0.4681665897369385,True,5,None
Q??????}EM[cegkoD[A]?\\G?\\_?,2.384185791015625e-07,0.9352016448974609,True,10,None
Q??????}EM[cegko@{@m?YW@[_?,4.76837158203125e-07,0.5145034790039062,True,5,None
Q??????}EM[cegpoNO@f?JW?\\_?,2.384185791015625e-07,1.1401939392089844,True,19,None
Q??????}EM[cegpoNG@r?Dw?m_?,2.384185791015625e-07,0.05194401741027832,True,1,None
Q??????}EM[cegpoNG?z?Kw?m_?,2.384185791015625e-07,1.1462600231170654,True,13,None
Q??????}EM[cegpoMW?|?JW?x_?,2.384185791015625e-07,0.49619460105895996,True,6,None
Q??????}EM[cegpoJW@l?JW?x_?,2.384185791015625e-07,1.0296261310577393,True,8,None
Q??????}EM[cegpoBw@x?[W?j_?,2.384185791015625e-07,0.6156723499298096,True,1,None
Q??????}EM[cegpoFc@N?MW@Z??,2.384185791015625e-07,0.8494718074798584,True,10,None
Q??????}EM[cegpoMK@r?Fo?m_?,4.76837158203125e-07,1.0224378108978271,True,10,None
Q??????}EM[cegpoJK@x?Lo?j_?,2.384185791015625e-07,1.0439913272857666,True,9,None
Q??????}EM[cegpoKk@y?Ew?y_?,2.384185791015625e-07,0.48056817054748535,True,3,None
Q??????}EM[cegpoKk@x?Ew?z??,4.76837158203125e-07,0.5068075656890869,True,4,None
Q??????}EM[cegpoBk@{?[W?j_?,2.384185791015625e-07,0.4298405647277832,True,4,None
Q??????}EM[cegpoK[@t?NO?\\_?,2.384185791015625e-07,0.4843001365661621,True,1,None
Q??????}EM[cegpoI[@Z?MW?}??,2.384185791015625e-07,0.6204166412353516,True,4,None
Q??????}EM[cegpoG{@y?Mg?x_?,4.76837158203125e-07,0.0613255500793457,True,1,None
Q??????}EM[cegdoN_Af?Iw?l_?,2.384185791015625e-07,0.5751256942749023,True,2,None
Q??????}EM[cegdoJg@x?Ww?j_?,2.384185791015625e-07,1.0703456401824951,True,16,None
Q??????}EM[cegdoFg@\\?[W@J_?,2.384185791015625e-07,1.0459563732147217,True,11,None
Q??????}EM[cegdoEw@V?YW@[_?,2.384185791015625e-07,0.502063512802124,True,4,None
Q??????}EM[cegdoFcAu?XW?j_?,4.76837158203125e-07,0.6634583473205566,True,4,None
Q??????}EM[cegdoDs@j?]O@J_?,2.384185791015625e-07,0.7446193695068359,True,7,None
Q??????}EM[cegdoIk@x?Yo?j_?,4.76837158203125e-07,1.011533260345459,True,13,None
Q??????}EM[cegdoHkBs?LW?j_?,2.384185791015625e-07,0.710411787033081,True,7,None
Q??????}EM[cegdoDk@\\?UW@r??,2.384185791015625e-07,0.6340222358703613,True,7,None
Q??????}EM[cegdoC{@t?ZO@X_?,2.384185791015625e-07,0.6188805103302002,True,7,None
Q??????}EM[cegwWMc@u?Fo?N_?,2.384185791015625e-07,1.1438744068145752,True,14,None
Q??????}EM[cegwWMc?v?Fo?n??,2.384185791015625e-07,1.251016616821289,True,10,None
Q??????}EM[cegwWJS?z?Lo?n??,4.76837158203125e-07,0.7991516590118408,True,4,None
Q??????}EM[cegwWIs@r?Fo?n??,4.76837158203125e-07,1.2613084316253662,True,13,None
Q??????}EM[cegwWIs@Z?Fo?z??,2.384185791015625e-07,0.9674112796783447,True,8,None
Q??????}EM[cegwWKk?|?Fo?z??,2.384185791015625e-07,0.9923033714294434,True,9,None
Q??????}EM[cegwWG{@x?Fo?z??,2.384185791015625e-07,0.5866062641143799,True,7,None
Q??????}EM[cegeWN_Af?Jo?f_?,2.384185791015625e-07,0.7591605186462402,True,14,None
Q??????}EM[cegeWMcAV?Lo?n??,4.76837158203125e-07,1.5344140529632568,True,15,None
Q??????}EM[cegeWFcBe?Ro?f_?,2.384185791015625e-07,0.8062715530395508,True,6,None
Q??????}EM[cegeWFc@m?Ro@b_?,7.152557373046875e-07,0.41992998123168945,True,3,None
Q??????}EM[cegeWG{BM?Mo?{_?,2.384185791015625e-07,0.5241682529449463,True,4,None
Q??????}EM[ceggwJo@u?XW?\\_?,4.76837158203125e-07,0.1228785514831543,True,1,None
Q??????}EM[ceggwMW@{?FW@L_?,4.76837158203125e-07,0.7238764762878418,True,4,None
Q??????}EM[ceggwFWAN?NG@\\??,2.384185791015625e-07,0.851315975189209,True,7,None
Q??????}EM[ceggwFW?n?ZG@\\??,2.384185791015625e-07,0.5366137027740479,True,6,None
Q??????}EM[ceggwKwAt?NO?\\_?,2.384185791015625e-07,0.7479174137115479,True,9,None
Q??????}EM[ceggwEwBq?Rg?\\_?,2.384185791015625e-07,1.1352519989013672,True,15,None
Q??????}EM[ceggwEwAu?ZG?\\_?,2.384185791015625e-07,0.585101842880249,True,5,None
Q??????}EM[ceggwMcAV?NO?^??,2.384185791015625e-07,0.6183829307556152,True,11,None
Q??????}EM[cegcwNGAj?Jg?n??,2.384185791015625e-07,0.1944139003753662,True,1,None
Q??????}EM[cegcwNCAm?JW?n??,2.384185791015625e-07,0.5626261234283447,True,3,None
Q??????}EM[cegcwHsBi?Mo?l_?,2.384185791015625e-07,0.6363592147827148,True,5,None
Q??????}EM[cegcwDk@l?VO@j??,2.384185791015625e-07,0.8388125896453857,True,10,None
Q??????}EM[cegcwDk@\\?VO@r??,2.384185791015625e-07,0.138901948928833,True,1,None
Q??????}EM[cegcwDk?|?\\O@j??,2.384185791015625e-07,0.6261193752288818,True,5,None
Q??????}EMUc}?}?G{@V?Dw?N_?,4.76837158203125e-07,0.8784289360046387,True,9,None
Q??????}EMUc}?z?K[?v?Dw?N_?,2.384185791015625e-07,1.130192756652832,True,12,None
Q??????}EMUc}?z?I[@V?Dw?N_?,2.384185791015625e-07,0.5157351493835449,True,3,None
Q??????}EMUc}?x_D[AZ?Dw?Z_?,2.384185791015625e-07,0.5322208404541016,True,5,None
Q??????}EMUc}?poMc@V?Bw?Z_?,4.76837158203125e-07,0.20419621467590332,True,3,None
Q??????}EMUc}?poLc@f?Ew?N_?,4.76837158203125e-07,1.0877106189727783,True,24,None
Q??????}EMUc}?poLc@N?Ew?Z_?,2.384185791015625e-07,0.48086118698120117,True,7,None
Q??????}EMUc}?boG{?^?]G?r_?,2.384185791015625e-07,0.5510561466217041,True,4,None
Q??????}EMUc}?lGLWAV?Bw?V_?,2.384185791015625e-07,1.781700611114502,True,9,None
Q??????}EMUc}?lGDwAN?Qw?Z_?,2.384185791015625e-07,0.9134538173675537,True,5,None
Q??????}EMUc}?wgLW?z?Dw?N_?,2.384185791015625e-07,0.6347527503967285,True,9,None
Q??????}EMUc}?wgHw@V?Dw?\\_?,2.384185791015625e-07,0.44538402557373047,True,2,None
Q??????}EMUc}?wgDwAr?Dw?N_?,2.384185791015625e-07,0.5196933746337891,True,5,None
Q??????}EMUc}?wgJK?}?Hw?N_?,2.384185791015625e-07,0.739884614944458,True,4,None
Q??????}EMUc}?wgIk?v?Jo?N_?,2.384185791015625e-07,0.7094318866729736,True,6,None
Q??????}EMUc}?wgHk@f?Fo?N_?,4.76837158203125e-07,0.16265606880187988,True,2,None
Q??????}EMUc}?wgHk?v?Dw?n??,2.384185791015625e-07,0.6350138187408447,True,19,None
Q??????}EMUc}?wgI[?z?Jo?N_?,2.384185791015625e-07,0.5129172801971436,True,7,None
Q??????}EMUc}?wgH[?n?Bw?|??,2.384185791015625e-07,0.9691910743713379,True,9,None
Q??????}EMUc}?wgG{?v?Bw?|??,2.384185791015625e-07,1.1078722476959229,True,9,None
Q??????}EMUc}?kgKwAZ?Ew?N_?,2.384185791015625e-07,0.7132425308227539,True,13,None
Q??????}EMUc}?pgMg@V?Bw?Z_?,2.384185791015625e-07,0.7037069797515869,True,10,None
Q??????}EMUc}?pgLg@f?Ew?N_?,2.384185791015625e-07,0.5989401340484619,True,5,None
Q??????}EMUc}?pgLW@Z?Ew?V_?,2.384185791015625e-07,0.4616837501525879,True,4,None
Q??????}EMUc}?hgLgAN?Ew?Z_?,4.76837158203125e-07,0.4151768684387207,True,8,None
Q??????}EMUc}?hgLWAZ?Dw?Z_?,2.384185791015625e-07,0.4199247360229492,True,2,None
Q??????}EMUc}?hgDwAj?Ew@J_?,4.76837158203125e-07,0.4671456813812256,True,11,None
Q??????}EMUc}?hgDw?n?UW@J_?,2.384185791015625e-07,0.5409665107727051,True,8,None
Q??????}EMUc}?hgFKAf?Bw@N??,2.384185791015625e-07,0.663642406463623,True,12,None
Q??????}EMUc}?hgHkAu?Iw?V_?,2.384185791015625e-07,0.736473798751831,True,4,None
Q??????}EMUc}?hgD[AN?UW?^??,4.76837158203125e-07,0.05729365348815918,True,1,None
Q??????}EMUc}?hg@{?n?UW@j??,2.384185791015625e-07,0.24033212661743164,True,4,None
Q??????}EMUc}?bgDw?n?UW@b_?,2.384185791015625e-07,0.7394733428955078,True,6,None
Q??????}EMUc}?bgH[?^?\\O?r_?,2.384185791015625e-07,0.49112534523010254,True,4,None
Q??????}EMUc}?bgC{BM?UW?Z_?,7.152557373046875e-07,1.8156609535217285,True,20,None
Q??????}EMUc|?y_FKAV?Bw?V_?,2.384185791015625e-07,1.081777811050415,True,13,None
Q??????}EMUc|?y_FK?v?Bw@F_?,2.384185791015625e-07,1.3900015354156494,True,13,None
Q??????}EMUc|?y_Dk?n?Ew@J_?,2.384185791015625e-07,1.114997386932373,True,12,None
Q??????}EMUc|?m_LKAV?Bw?V_?,2.384185791015625e-07,0.585639476776123,True,3,None
Q??????}EMUc|?m_K[AV?Bw?\\_?,7.152557373046875e-07,0.5819339752197266,True,2,None
Q??????}EMUc|?r_C{BR?Ew?Z_?,2.384185791015625e-07,0.601783275604248,True,1,None
Q??????}EMUc|?r_C{AV?Ew?x_?,2.384185791015625e-07,0.5094215869903564,True,3,None
Q??????}EMUc|?j_JKAV?Iw?V_?,4.76837158203125e-07,0.6431252956390381,True,4,None
Q??????}EMUc|?j_FK?v?Qw@F_?,2.384185791015625e-07,0.7385833263397217,True,9,None
Q??????}EMUc|?j_E[?v?Qw@L_?,2.384185791015625e-07,0.6395678520202637,True,6,None
Q??????}EMUc|?qoLc@V?Ew?V_?,4.76837158203125e-07,0.6419901847839355,True,6,None
Q??????}EMUc|?qoLc?^?Ew?r_?,2.384185791015625e-07,0.5137386322021484,True,2,None
Q??????}EMUc|?qoMS@V?Bw?\\_?,2.384185791015625e-07,0.6280062198638916,True,2,None
Q??????}EMUc|?qoK[@\\?FW?Z_?,2.384185791015625e-07,0.6150953769683838,True,5,None
Q??????}EMUc|?boMc@V?Qw?Z_?,2.384185791015625e-07,1.9170513153076172,True,25,None
Q??????}EMUc|?boC{@t?UW@J_?,4.76837158203125e-07,1.3186142444610596,True,8,None
Q??????}EMUc|?rGLW?v?Ew?f_?,4.76837158203125e-07,0.5860536098480225,True,2,None
Q??????}EMUc|?qgNG@V?Bw?V_?,2.384185791015625e-07,0.41107869148254395,True,3,None
Q??????}EMUc|?qgLg@f?Bw?Z_?,2.384185791015625e-07,0.6630754470825195,True,2,None
Q??????}EMUc|?qgHw@Z?Kw?Z_?,2.384185791015625e-07,0.33966827392578125,True,3,None
Q??????}EMUc|?qgDk?n?Ew@j??,2.384185791015625e-07,0.5300166606903076,True,5,None
Q??????}EMUc|?igNGAV?Dw?N_?,7.152557373046875e-07,0.5433290004730225,True,3,None
Q??????}EMUc|?igMgAV?Ew?N_?,2.384185791015625e-07,0.6665704250335693,True,5,None
Q??????}EMUc|?igLgAV?Ew?V_?,2.384185791015625e-07,1.5443034172058105,True,17,None
Q??????}EMUc|?igLg?^?Ew@R_?,2.384185791015625e-07,1.1749792098999023,True,18,None
Q??????}EMUc|?igFg?^?Sw@J_?,2.384185791015625e-07,1.0742692947387695,True,11,None
Q??????}EMUc|?igKwAV?Ew?\\_?,2.384185791015625e-07,0.6820104122161865,True,1,None
Q??????}EMUc|?igLKAN?Fo?Z_?,2.384185791015625e-07,0.5011930465698242,True,2,None
Q??????}EMUc|?igFKAm?Qw?N_?,2.384185791015625e-07,0.6283884048461914,True,5,None
Q??????}EMUcy_n?KkAV?Ew?V_?,2.384185791015625e-07,0.6822655200958252,True,4,None
Q??????}EMUcy_n?K[Ar?Bw?V_?,2.384185791015625e-07,1.1003656387329102,True,14,None
Q??????}EMUcy_n?K[Af?FW?N_?,2.384185791015625e-07,0.44617629051208496,True,1,None
Q??????}EMUcy_n?C{?n?Qw@X_?,2.384185791015625e-07,0.5805697441101074,True,5,None
Q??????}EMUcy_n?@{AZ?Kw@R_?,2.384185791015625e-07,0.8029556274414062,True,8,None
Q??????}EMUcy_u_MK@N?Bw?\\_?,2.384185791015625e-07,1.1753122806549072,True,15,None
Q??????}EMUcy_u_D[@N?TW?\\_?,2.384185791015625e-07,0.5450031757354736,True,5,None
Q??????}EMUcy_u_C{@N?FW@X_?,2.384185791015625e-07,1.362565279006958,True,19,None
Q??????}EMUcy_wWMW?|?FW?N_?,2.384185791015625e-07,0.5140290260314941,True,2,None
Q??????}EMUcy_wWJW@N?FW?]_?,4.76837158203125e-07,0.8695929050445557,True,10,None
Q??????}EMUcy_wWEw?v?Fg@L_?,7.152557373046875e-07,0.18172574043273926,True,1,None
Q??????}EMUcy_wWHw@x?Ew?V_?,4.76837158203125e-07,0.8235776424407959,True,7,None
Q??????}EMUcy_wWDwAx?Ew?V_?,2.384185791015625e-07,1.0460331439971924,True,12,None
Q??????}EMUcy_wWDwAl?FW?Z_?,4.76837158203125e-07,1.0474014282226562,True,14,None
Q??????}EMUcy_wWDwAr?Dw?]_?,2.384185791015625e-07,1.283299446105957,True,9,None
Q??????}EMUcy_wWDwAj?Ew?]_?,7.152557373046875e-07,0.6676485538482666,True,6,None
Q??????}EMUcy_wWJK@m?Bw?]_?,2.384185791015625e-07,1.470815896987915,True,17,None
Q??????}EMUcy_wWHk@t?Dw?^??,2.384185791015625e-07,0.07144403457641602,True,1,None
Q??????}EMUcy_wWHk?|?Fo?r_?,2.384185791015625e-07,1.0537405014038086,True,28,None
Q??????}EMUcx_{_FK?z?Bw@J_?,2.384185791015625e-07,0.5384547710418701,True,2,None
Q??????}EMUcx_t_H[@Z?MW?Z_?,2.384185791015625e-07,0.9031310081481934,True,21,None
Q??????}EMUcx_uONC@N?Bw?Z_?,2.384185791015625e-07,0.23528218269348145,True,1,None
Q??????}EMUcx_uONC?n?Bw?j_?,2.384185791015625e-07,0.7016253471374512,True,8,None
Q??????}EMUcx_uOMc@V?Ew?N_?,2.384185791015625e-07,0.5827953815460205,True,2,None
Q??????}EMUcx_uOH[?|?MW?f_?,2.384185791015625e-07,0.1700294017791748,True,1,None
Q??????}EMUcx_rOMS?^?Ew?x_?,2.384185791015625e-07,0.5276925563812256,True,3,None
Q??????}EMUcx_rOJS?z?Iw?r_?,2.384185791015625e-07,0.7006673812866211,True,4,None
Q??????}EMUcx_rOEsAV?Ew?x_?,4.76837158203125e-07,0.5667059421539307,True,4,None
Q??????}EMUcx_rOBsBF?MW?Z_?,2.384185791015625e-07,0.6584334373474121,True,3,None
Q??????}EMUcx_rOBsAV?MW?r_?,2.384185791015625e-07,0.9106144905090332,True,9,None
Q??????}EMUcx_rOBkBF?Ew?y_?,2.384185791015625e-07,0.27886462211608887,True,1,None
Q??????}EMUcx_rOI[@r?Iw?]_?,2.384185791015625e-07,0.6034953594207764,True,10,None
Q??????}EMUcx_rOC{@t?UW?Z_?,4.76837158203125e-07,0.5466818809509277,True,3,None
Q??????}EMUcx_rOA{At?Iw?x_?,2.384185791015625e-07,0.30566930770874023,True,4,None
Q??????}EMUcx_rOA{Ar?Iw?y_?,4.76837158203125e-07,0.8151826858520508,True,8,None
Q??????}EMUcx_jOJc@V?Sw?Z_?,2.384185791015625e-07,0.5363750457763672,True,1,None
Q??????}EMUcx_jOJSAr?Iw?V_?,2.384185791015625e-07,0.7476599216461182,True,5,None
Q??????}EMUcx_jOIsAV?Ew?x_?,2.384185791015625e-07,0.41799354553222656,True,1,None
Q??????}EMUcx_jOHsAf?Ew?x_?,2.384185791015625e-07,0.2792019844055176,True,2,None
Q??????}EMUcx_jODsAf?UW?Z_?,4.76837158203125e-07,0.05045795440673828,True,1,None
Q??????}EMUcx_jOEkAV?Ug?Z_?,2.384185791015625e-07,0.6073975563049316,True,4,None
Q??????}EMUcx_jOBkAV?Ew@q_?,4.76837158203125e-07,0.673682689666748,True,10,None
Q??????}EMUcx_jOK[At?FW?Z_?,2.384185791015625e-07,0.7170727252960205,True,12,None
Q??????}EMUcx_jOG{Ar?Ew?y_?,2.384185791015625e-07,0.4324679374694824,True,8,None
Q??????}EMUcx_fOKsAV?MW?Z_?,2.384185791015625e-07,1.2337150573730469,True,24,None
Q??????}EMUcx_fOG{At?Iw?x_?,4.76837158203125e-07,0.8389873504638672,True,9,None
Q??????}EMUcx_fOG{Ar?Iw?y_?,2.384185791015625e-07,0.6750533580780029,True,6,None
Q??????}EMUcx_fOC{Bp?Qw?Z_?,7.152557373046875e-07,0.5264244079589844,True,3,None
Q??????}EMUcx_ioNCAf?FW?N_?,2.384185791015625e-07,0.5010786056518555,True,3,None
Q??????}EMUcx_ioLS?n?UW?\\_?,2.384185791015625e-07,0.4530503749847412,True,5,None
Q??????}EMUcx_ioFSAf?RW?\\_?,4.76837158203125e-07,0.6876006126403809,True,4,None
Q??????}EMUcx_ioFSAV?TW?\\_?,4.76837158203125e-07,0.7440264225006104,True,4,None
Q??????}EMUcx_ioBs?z?Sw@h_?,2.384185791015625e-07,4.088614225387573,True,34,None
Q??????}EMUcx_io@{Aj?UW?y_?,2.384185791015625e-07,1.0741465091705322,True,9,None
Q??????}EMUcx_eoJcAf?Iw?l_?,2.384185791015625e-07,1.142648458480835,True,7,None
Q??????}EMUcx_eoHs?z?MW@b_?,2.384185791015625e-07,0.4259450435638428,True,4,None
Q??????}EMUcx_eoJK@x?Ww?N_?,2.384185791015625e-07,0.6014409065246582,True,7,None
Q??????}EMUcx_eoFKBX?Sw?N_?,4.76837158203125e-07,0.7211298942565918,True,10,None
Q??????}EMUcx_eoKk@V?UW?]_?,2.384185791015625e-07,0.8682024478912354,True,8,None
Q??????}EMUcx_eoIk?v?Yg?l_?,2.384185791015625e-07,0.43081188201904297,True,1,None
Q??????}EMUcx_eoHk?|?Ww?x_?,2.384185791015625e-07,0.4821510314941406,True,5,None
Q??????}EMUcx_eoC{@t?RW@X_?,2.384185791015625e-07,0.12229609489440918,True,1,None
Q??????}EMUcx_eo@{Ax?Ww?x_?,2.384185791015625e-07,0.0488886833190918,True,1,None
Q??????}EMUcx_eo@{Aj?Yg?x_?,2.384185791015625e-07,0.364091157913208,True,2,None
Q??????}EMUcx_poHs@r?MW?Z_?,2.384185791015625e-07,0.5548574924468994,True,2,None
Q??????}EMUcx_poJK?z?Mg?j_?,2.384185791015625e-07,1.4150264263153076,True,22,None
Q??????}EMUcx_yGFWAZ?Ew?V_?,4.76837158203125e-07,0.518721342086792,True,4,None
Q??????}EMUcx_yGJK@f?Fo?N_?,2.384185791015625e-07,0.5963423252105713,True,3,None
Q??????}EMUcx_yGFKAf?Fo?N_?,2.384185791015625e-07,0.6968138217926025,True,6,None
Q??????}EMUcx_uGMg@V?Ew?N_?,4.76837158203125e-07,0.4620473384857178,True,1,None
Q??????}EMUcx_uGLW@j?Bw?Z_?,7.152557373046875e-07,0.5507586002349854,True,3,None
Q??????}EMUcx_uGLW@Z?Ew?V_?,4.76837158203125e-07,0.5165667533874512,True,13,None
Q??????}EMUcx_uGLW@f?FW?N_?,2.384185791015625e-07,0.728201150894165,True,6,None
Q??????}EMUcx_uGHw?z?Iw?r_?,2.384185791015625e-07,0.18350672721862793,True,1,None
Q??????}EMUcx_mGDw?n?UW@J_?,4.76837158203125e-07,0.5308578014373779,True,6,None
Q??????}EMUcx_rGMg@V?Ew?Z_?,2.384185791015625e-07,0.3633458614349365,True,2,None
Q??????}EMUcx_igKwAr?FW?Z_?,4.76837158203125e-07,0.4547910690307617,True,5,None
Q??????}EMUcx_egNGAj?Iw?N_?,2.384185791015625e-07,0.6968579292297363,True,5,None
Q??????}EMUcx_egNGAf?JW?N_?,4.76837158203125e-07,0.5707876682281494,True,4,None
Q??????}EMUcx_egHw?z?YW?r_?,4.76837158203125e-07,0.311931848526001,True,3,None
Q??????}EMUcx_egLKAu?JW?V_?,2.384185791015625e-07,1.3353967666625977,True,17,None
Q??????}EMUcx_egHkAu?Hw?x_?,2.384185791015625e-07,0.9544885158538818,True,12,None
Q??????}EMUcpowoNC@t?Bw?\\_?,2.384185791015625e-07,0.746392011642456,True,6,None
Q??????}EMUcpowoJS?|?JW?x_?,2.384185791015625e-07,0.8127069473266602,True,13,None
Q??????}EMUcporGLS@f?Ew?|??,2.384185791015625e-07,0.09732413291931152,True,1,None
Q??????}EMUcmGr_FW?^?XW@R_?,2.384185791015625e-07,0.8588285446166992,True,6,None
Q??????}EMUcmGr_Ek@]?Qw@R_?,2.384185791015625e-07,1.1780166625976562,True,13,None
Q??????}EMUcmGr_DkBM?Sw?Z_?,2.384185791015625e-07,1.043102502822876,True,6,None
Q??????}EMUcmGyGKwAu?Bw?V_?,2.384185791015625e-07,1.391855239868164,True,22,None
Q??????}EMUcmGyGDwAu?Dw@F_?,4.76837158203125e-07,1.1585311889648438,True,24,None
Q??????}EMUcaw}?Dw?^?[g@T_?,2.384185791015625e-07,0.6226825714111328,True,3,None
Q??????}EMUcaw}?C{BX?Fo@R_?,4.76837158203125e-07,1.1605994701385498,True,11,None
Q??????}EMUcawz?N_?^?Kw@R_?,4.76837158203125e-07,0.6503496170043945,True,1,None
Q??????}EMUcawz?IsBF?Mo?\\_?,7.152557373046875e-07,0.5009984970092773,True,1,None
Q??????}EMUcawz?K[Af?NG?^??,2.384185791015625e-07,0.5512382984161377,True,5,None
Q??????}EMUcawz?B[BT?Lo@T_?,2.384185791015625e-07,0.3569808006286621,True,1,None
Q??????}EMUcawz?A{BL?UW?z??,2.384185791015625e-07,0.6517341136932373,True,12,None
Q??????}EMUcawn?LoAZ?Sw?r_?,4.76837158203125e-07,0.5726242065429688,True,8,None
Q??????}EMUcawn?FoAZ?Ww@R_?,2.384185791015625e-07,0.061482906341552734,True,3,None
Q??????}EMUcawn?FWBF?Rg@T_?,2.384185791015625e-07,0.21543049812316895,True,1,None
Q??????}EMUcawn?MSBF?Fo@L_?,0.0,0.6126968860626221,True,7,None
Q??????}EMUcaw{_Fo@N?UW@L_?,4.76837158203125e-07,1.5130503177642822,True,17,None
Q??????}EMUcaw{_Mg@V?Rg?\\_?,2.384185791015625e-07,2.105064868927002,True,30,None
Q??????}EMUcaw{_Mg@V?Fg@L_?,7.152557373046875e-07,0.6045362949371338,True,3,None
Q??????}EMUcaw{_Ew@V?VG@L_?,2.384185791015625e-07,0.9840714931488037,True,9,None
Q??????}EMUcaw{_FS@]?TW@L_?,7.152557373046875e-07,0.7521297931671143,True,5,None
Q??????}EMUcaw{_DsAf?ZO?\\_?,2.384185791015625e-07,0.9233853816986084,True,6,None
Q??????}EMUcaw{_FK@]?TW@M_?,4.76837158203125e-07,2.7266926765441895,True,51,None
Q??????}EMUcaw{_K[Ax?FW?n??,2.384185791015625e-07,0.9358398914337158,True,3,None
Q??????}EMUcaw{_G{AZ?NO?y_?,2.384185791015625e-07,0.23746085166931152,True,1,None
Q??????}EMUcaw{_@{BF?NO@[_?,2.384185791015625e-07,0.6020233631134033,True,7,None
Q??????}EMUcawy_Jg@Z?[g?V_?,2.384185791015625e-07,0.24668288230895996,True,3,None
Q??????}EMUcawy_Jg@Z?Kw@U_?,2.384185791015625e-07,1.0160400867462158,True,11,None
Q??????}EMUcawy_Bw@N?[W@[_?,4.76837158203125e-07,0.6115350723266602,True,3,None
Q??????}EMUcawy_McAu?Hw?\\_?,2.384185791015625e-07,0.9082846641540527,True,11,None
Q??????}EMUcawy_JcBJ?Fo?r_?,2.384185791015625e-07,0.29329919815063477,True,2,None
Q??????}EMUcawy_Hs@y?Dw@p_?,4.76837158203125e-07,0.996009111404419,True,8,None
Q??????}EMUcawy_IkAm?Jg?x_?,4.76837158203125e-07,0.5294201374053955,True,3,None
Q??????}EMUcawy_A{@N?]O@[_?,2.384185791015625e-07,2.40250301361084,True,40,None
Q??????}EMUcawj_N_@f?Qw@T_?,2.384185791015625e-07,0.5749518871307373,True,5,None
Q??????}EMUcawj_Lo?z?[W@R_?,4.76837158203125e-07,0.6756727695465088,True,3,None
Q??????}EMUcawj_Jo?z?Ww@p_?,4.76837158203125e-07,0.4857633113861084,True,1,None
Q??????}EMUcawj_NGBd?RW?V_?,2.384185791015625e-07,0.39844751358032227,True,3,None
Q??????}EMUcawj_NGBL?Ew@T_?,2.384185791015625e-07,0.5249974727630615,True,6,None
Q??????}EMUcawj_MgBT?Dw@X_?,2.384185791015625e-07,0.5930781364440918,True,3,None
Q??????}EMUcawj_JgBT?LW@R_?,2.384185791015625e-07,0.3215317726135254,True,2,None
Q??????}EMUcawj_JgAt?Kw@d_?,2.384185791015625e-07,0.6330602169036865,True,6,None
Q??????}EMUcawj_Jg@l?YW@R_?,2.384185791015625e-07,0.4456636905670166,True,3,None
Q??????}EMUcawj_FgAx?Ww@R_?,2.384185791015625e-07,0.654365062713623,True,9,None
Q??????}EMUcawj_MKBs?RW?V_?,4.76837158203125e-07,0.5905637741088867,True,2,None
Q??????}EMUcawj_JKBs?TW?f_?,4.76837158203125e-07,0.8580701351165771,True,4,None
Q??????}EMUcawj_JKB[?TW?r_?,2.384185791015625e-07,0.9475054740905762,True,12,None
Q??????}EMUcawj_JK@u?Tg@d_?,4.76837158203125e-07,1.1546924114227295,True,15,None
Q??????}EMUcawj_JKBT?TW?v??,2.384185791015625e-07,0.2879176139831543,True,2,None
Q??????}EMUcawkoMoBT?FW@L_?,2.384185791015625e-07,0.4751584529876709,True,2,None
Q??????}EMUcawkoMoBR?FW@M_?,2.384185791015625e-07,0.5627570152282715,True,5,None
Q??????}EMUcawkoLoAl?YW?\\_?,2.384185791015625e-07,0.14566659927368164,True,1,None
Q??????}EMUcawrGFoAV?LW@r??,2.384185791015625e-07,0.116851806640625,True,2,None
Q??????}CN^?}?}?G{@N?Dw?N_?,4.76837158203125e-07,4.179858446121216,True,62,None
Q??????}CN^?|?x_G{@r?Bw?Z_?,4.76837158203125e-07,1.823786735534668,True,42,None
Q??????}CN^?|?x_G{?z?Ew?j_?,2.384185791015625e-07,1.4582891464233398,True,20,None
Q??????}CN^?|?boLcAN?Kw?Z_?,2.384185791015625e-07,0.48943305015563965,True,5,None
Q??????}CN^?|?boHsAN?Kw?x_?,2.384185791015625e-07,0.7253437042236328,True,6,None
Q??????}CN^?`w}?G{BM?Fg?x_?,7.152557373046875e-07,1.3470327854156494,True,21,None
Q??????}CN^?`w|?LoAr?Dw?j_?,2.384185791015625e-07,1.6404447555541992,True,10,None
Q??????}CN^?`wx_MgAZ?Mg?Z_?,4.76837158203125e-07,0.1776580810546875,True,1,None
Q??????}CN]_|?y_Ik?^?Ew?j_?,2.384185791015625e-07,0.5201351642608643,True,13,None
Q??????}CN]_|?r_MK?^?Iw?Z_?,4.76837158203125e-07,0.555229663848877,True,11,None
Q??????}CN]_|?r_LK?n?Ew?j_?,2.384185791015625e-07,0.5055866241455078,True,9,None
Q??????}CN]_|?r_Ek@V?Ew@J_?,2.384185791015625e-07,0.5466089248657227,True,2,None
Q??????}CN]_|?r_D[@f?Ew@L_?,2.384185791015625e-07,0.7105448246002197,True,7,None
Q??????}CN]_|?qoFc?^?Qw?r_?,2.384185791015625e-07,0.5262267589569092,True,3,None
Q??????}CN]_|?qoG{@x?Iw?Z_?,2.384185791015625e-07,0.48882579803466797,True,2,None
Q??????}CN]_|?qoG{@\\?MW?Z_?,2.384185791015625e-07,2.1555514335632324,True,31,None
Q??????}CN]_|?`wN_AV?Iw?Z_?,7.152557373046875e-07,0.8432612419128418,True,35,None
Q??????}CN]_awz?Lo?z?Sw?r_?,2.384185791015625e-07,0.8460738658905029,True,6,None
Q??????}CN]_awz?Jo?^?Kw@p_?,2.384185791015625e-07,0.7424361705780029,True,5,None
Q??????}CN]_aw{_MKA]?Jg?\\_?,4.76837158203125e-07,0.6905946731567383,True,12,None
Q??????}CN]_awy_MoAN?MW?\\_?,7.152557373046875e-07,0.7680187225341797,True,6,None
Q??????}CN]_awr_MWBX?Ew?t_?,2.384185791015625e-07,0.7779724597930908,True,12,None
Q??????}CN]_awr_MWAZ?Mg?t_?,2.384185791015625e-07,0.4839766025543213,True,3,None
Q??????}CN]_awr_MW?^?]G?t_?,2.384185791015625e-07,1.222071886062622,True,11,None
Q??????}CN]_awr_FKBU?Lg@T_?,0.0,0.25050854682922363,True,1,None
Q??????}CN]_awwoNOA\\?LW?\\_?,2.384185791015625e-07,0.6053497791290283,True,5,None
Q??????}CN[o}?v?G{@j?Ew?j_?,4.76837158203125e-07,0.533088207244873,True,4,None
Q??????}CN[o}?v?A{@f?Qw?l_?,2.384185791015625e-07,0.7220981121063232,True,11,None
Q??????}CN[o}?doMcAZ?Ew?j_?,4.76837158203125e-07,0.6697707176208496,True,4,None
Q??????}CN[o|?|?Bk?v?Qw?j_?,4.76837158203125e-07,0.8230741024017334,True,8,None
Q??????}CN[o|?|?H[?^?Ew?x_?,2.384185791015625e-07,0.6541366577148438,True,12,None
Q??????}CN[o|?x_Hk@r?Ew?Z_?,2.384185791015625e-07,0.4526791572570801,True,2,None
Q??????}CN[o|?rOFcAV?Ew?r_?,2.384185791015625e-07,0.15025854110717773,True,1,None
Q??????}CN[o|?rOFc@V?Ew@R_?,2.384185791015625e-07,0.49276041984558105,True,5,None
Q??????}CN[o|?rOEs@V?UW?Z_?,2.384185791015625e-07,1.3650081157684326,True,21,None
Q??????}CN[o|?rOHs@r?Ew?r_?,2.384185791015625e-07,0.5581192970275879,True,4,None
Q??????}CN[o|?rODs@r?Ew@R_?,7.152557373046875e-07,0.5260257720947266,True,5,None
Q??????}CN[o|?rOK[?z?Mg?Z_?,2.384185791015625e-07,0.82662034034729,True,7,None
Q??????}CN[o|?rOC{@r?Ew@Y_?,2.384185791015625e-07,1.0624032020568848,True,14,None
Q??????}CN[o|?fOKsAr?Ew?j_?,4.76837158203125e-07,1.243948221206665,True,8,None
Q??????}CN[o|?fOIs@r?Qw?j_?,2.384185791015625e-07,0.9066665172576904,True,8,None
Q??????}CN[o|?fOI[BT?Ew?l_?,2.384185791015625e-07,0.3533158302307129,True,2,None
Q??????}CN[o|?fOH[At?Iw?t_?,4.76837158203125e-07,0.49059438705444336,True,1,None
Q??????}CN[o|?fOA{Ar?Iw@i_?,2.384185791015625e-07,1.0505943298339844,True,9,None
Q??????}CN[o|?qoMc@r?Bw?Z_?,2.384185791015625e-07,0.5023486614227295,True,2,None
Q??????}CN[o|?qoJc@Z?Kw?Z_?,2.384185791015625e-07,0.05860018730163574,True,1,None
Q??????}CN[o|?qoMS?^?MW?\\_?,4.76837158203125e-07,0.5623013973236084,True,7,None
Q??????}CN[o|?qoLS@f?FW?\\_?,4.76837158203125e-07,0.6814212799072266,True,6,None
Q??????}CN[o|?qoKs?z?MW?Z_?,2.384185791015625e-07,0.4234776496887207,True,3,None
Q??????}CN[o|?qoEs@V?UW?\\_?,2.384185791015625e-07,0.5076160430908203,True,6,None
Q??????}CN[o|?qoIk@x?Iw?Z_?,2.384185791015625e-07,0.5172808170318604,True,4,None
Q??????}CN[o|?qoHk@l?MW?Z_?,4.76837158203125e-07,0.4887118339538574,True,2,None
Q??????}CN[o|?qoHk@j?Ew?y_?,2.384185791015625e-07,0.4929966926574707,True,7,None
Q??????}CN[o|?qoI[@V?NG?\\_?,7.152557373046875e-07,0.7270150184631348,True,13,None
Q??????}CN[o|?qoC{@t?FW@X_?,2.384185791015625e-07,1.1731438636779785,True,7,None
Q??????}CN[o|?eoLSAf?FW?l_?,2.384185791015625e-07,0.47441864013671875,True,3,None
Q??????}CN[o|?eoIsAV?MW?l_?,7.152557373046875e-07,0.45145726203918457,True,8,None
Q??????}CN[o|?eoHs@j?Iw@X_?,4.76837158203125e-07,0.565352201461792,True,2,None
Q??????}CN[o|?eoKk?z?Qw?y_?,2.384185791015625e-07,0.7520534992218018,True,5,None
Q??????}CN[o|?eoK[AV?NG?\\_?,7.152557373046875e-07,0.7911889553070068,True,12,None
Q??????}CN[o|?poNC@r?Ew?N_?,2.384185791015625e-07,1.5583763122558594,True,18,None
Q??????}CN[o|?`wN_Ar?Ew?j_?,4.76837158203125e-07,0.8622536659240723,True,3,None
Q??????}CN[o|?`wLgAr?Ew?y_?,2.384185791015625e-07,0.5059401988983154,True,8,None
Q??????}CN[o|?`wJgBT?MW?Z_?,2.384185791015625e-07,0.7953448295593262,True,13,None
Q??????}CN[o|?`wJgAV?Mg?x_?,2.384185791015625e-07,0.7752597332000732,True,5,None
Q??????}CN[o|?`wHwBp?MW?Z_?,2.384185791015625e-07,0.7226057052612305,True,3,None
Q??????}CN[o|?`wHkBs?MW?Z_?,4.76837158203125e-07,0.5465066432952881,True,4,None
Q??????}CN[ox_}?G{?z?Ew?x_?,2.384185791015625e-07,1.3541271686553955,True,14,None
Q??????}CN[ox_{OHs?z?MW?Z_?,4.76837158203125e-07,0.8608038425445557,True,5,None
Q??????}CN[ox_{OHk?|?Ew?x_?,2.384185791015625e-07,0.5083286762237549,True,2,None
Q??????}CN[ox_uOMc@V?FW?Z_?,2.384185791015625e-07,0.8815808296203613,True,11,None
Q??????}CN[ox_uOIs?z?MW?j_?,4.76837158203125e-07,0.6007499694824219,True,4,None
Q??????}CN[ox_uOG{@x?MW?Z_?,2.384185791015625e-07,0.39298582077026367,True,2,None
Q??????}CN[ox_tOFc@V?Ew@X_?,4.76837158203125e-07,0.5737426280975342,True,9,None
Q??????}CN[otO{_FS?v?JW@L_?,2.384185791015625e-07,0.8450677394866943,True,15,None
Q??????}CN[otO{_Hs@V?FW?x_?,2.384185791015625e-07,0.9579014778137207,True,8,None
Q??????}CN[otO{_LK@x?Ew?N_?,4.76837158203125e-07,0.2499852180480957,True,2,None
Q??????}CN[otO{_LK@r?Bw?]_?,2.384185791015625e-07,0.6690292358398438,True,2,None
Q??????}CN[otO{_JK?|?Iw?l_?,2.384185791015625e-07,0.8230748176574707,True,3,None
Q??????}CN[otOkoLc@Z?Ug?Z_?,2.384185791015625e-07,1.291679859161377,True,24,None
Q??????}CN[otOrGMo@V?Ew?x_?,2.384185791015625e-07,1.4333646297454834,True,11,None
Q??????}CN[otOrGJo@r?Kw?j_?,2.384185791015625e-07,1.0189917087554932,True,24,None
Q??????}CN[otOrGFoAr?Kw?j_?,2.384185791015625e-07,0.5788967609405518,True,6,None
Q??????}CN[otOrGFoBF?MW?Z_?,2.384185791015625e-07,0.6522364616394043,True,6,None
Q??????}CN[oeW}?N_?n?Bw@b_?,2.384185791015625e-07,0.7192971706390381,True,5,None
Q??????}CN[oeW}?Iw@j?Rg?j_?,2.384185791015625e-07,0.6445248126983643,True,4,None
Q??????}CN[oeW|?Jg?|?Ww?j_?,2.384185791015625e-07,0.5742969512939453,True,8,None
Q??????}CN[oeW|?LWAV?LW?]_?,4.76837158203125e-07,0.608595609664917,True,5,None
Q??????}CN[oeW|?JW?z?Jg@b_?,2.384185791015625e-07,1.2755348682403564,True,12,None
Q??????}CN[oeW|?MKA]?Iw?]_?,4.76837158203125e-07,0.414264440536499,True,2,None
Q??????}CN[oeW|?HkAu?Hw?y_?,2.384185791015625e-07,0.42682528495788574,True,3,None
Q??????}CN[oeW|?H[Au?Lg?l_?,4.76837158203125e-07,1.0306382179260254,True,15,None
Q??????}CN[oeWv?Fo?n?YW@b_?,2.384185791015625e-07,0.5545732975006104,True,1,None
Q??????}CN[oeWv?JW@f?Xg?l_?,4.76837158203125e-07,0.6789116859436035,True,4,None
Q??????}CN[oeWv?MK@m?Qw?m_?,2.384185791015625e-07,0.8099887371063232,True,7,None
Q??????}CN[oeWv?I[@f?Z_?l_?,2.384185791015625e-07,0.4985167980194092,True,3,None
Q??????}CN[oeWv?E[@m?YW@M_?,2.384185791015625e-07,0.6254479885101318,True,2,None
Q??????}CN[oeWf_MKBi?Qw?m_?,2.384185791015625e-07,1.025965690612793,True,26,None
Q??????}CN[oeWf_MKAm?YW?m_?,2.384185791015625e-07,0.3029937744140625,True,2,None
Q??????}CN[oeWtON_AV?Kw?m_?,2.384185791015625e-07,1.0592772960662842,True,12,None
Q??????}CN[oeWtON_?n?Yg?j_?,2.384185791015625e-07,0.40912532806396484,True,5,None
Q??????}CN[oeWtOLSBs?Bw?t_?,2.384185791015625e-07,0.7680838108062744,True,11,None
Q??????}CN[oeWtOLSBU?Fg?t_?,2.384185791015625e-07,0.4808194637298584,True,3,None
