G6,emparelhamento,canonical_time,solve_time,qtde_moves,resultado,max_depth
O????Bw}FKWwlOUoDw?}?,[(7-15)-(6-14)-(5-11)-(4-13)-(3-12)-(2-10)-(1-9)-(0-8)],5.793571472167969e-05,0.012838363647460938,1,True,0
O????Bw}FKWwlOUoDw?}?,[(7-15)-(6-14)-(5-11)-(4-13)-(3-12)-(2-10)-(1-9)-(0-8)],5.650520324707031e-05,0.017262935638427734,2,True,0
O????Bw}FKWwlOUoDw?}?,[(7-14)-(6-15)-(5-11)-(4-13)-(3-12)-(2-10)-(1-9)-(0-8)],5.1975250244140625e-05,0.01019597053527832,1,True,0
O????Bw}FKWwlOUoDw?}?,[(7-14)-(6-15)-(5-11)-(4-13)-(3-12)-(2-10)-(1-9)-(0-8)],6.222724914550781e-05,0.011838674545288086,1,True,0
O????Bw}FKWwlOUoDw?}?,[(7-15)-(6-11)-(5-14)-(4-13)-(3-12)-(2-10)-(1-9)-(0-8)],5.412101745605469e-05,0.012946128845214844,1,True,0
O????Bw}FKWwlOUoDw?}?,[(7-15)-(6-11)-(5-14)-(4-13)-(3-12)-(2-10)-(1-9)-(0-8)],5.7697296142578125e-05,0.00946044921875,1,True,0
O????Bw}FKWwlOUoDw?}?,[(7-11)-(6-15)-(5-14)-(4-13)-(3-12)-(2-10)-(1-9)-(0-8)],5.8650970458984375e-05,0.017920970916748047,2,True,0
O????Bw}FKWwlOUoDw?}?,[(7-11)-(6-15)-(5-14)-(4-13)-(3-12)-(2-10)-(1-9)-(0-8)],5.1021575927734375e-05,0.011715173721313477,1,True,0
O????Bw}FKWwlOUoDw?}?,[(7-14)-(6-11)-(5-15)-(4-13)-(3-12)-(2-10)-(1-9)-(0-8)],0.00016999244689941406,0.017774581909179688,2,True,0
O????Bw}FKWwlOUoDw?}?,[(7-14)-(6-11)-(5-15)-(4-13)-(3-12)-(2-10)-(1-9)-(0-8)],8.96453857421875e-05,0.009055614471435547,1,True,0
O????Bw}FKWwlOUoDw?}?,[(7-11)-(6-14)-(5-15)-(4-13)-(3-12)-(2-10)-(1-9)-(0-8)],6.985664367675781e-05,0.012363433837890625,1,True,0
O????Bw}FKWwlOUoDw?}?,[(7-11)-(6-14)-(5-15)-(4-13)-(3-12)-(2-10)-(1-9)-(0-8)],5.7220458984375e-05,0.01185464859008789,1,True,0
O????Bw}FKWwlOUoDw?}?,[(7-15)-(6-13)-(5-11)-(4-14)-(3-12)-(2-10)-(1-9)-(0-8)],8.082389831542969e-05,0.01310586929321289,1,True,0
O????Bw}FKWwlOUoDw?}?,[(7-15)-(6-13)-(5-11)-(4-14)-(3-12)-(2-10)-(1-9)-(0-8)],5.7220458984375e-05,0.016740083694458008,2,True,0
O????Bw}FKWwlOUoDw?}?,[(7-13)-(6-15)-(5-11)-(4-14)-(3-12)-(2-10)-(1-9)-(0-8)],5.269050598144531e-05,0.018913984298706055,2,True,0
O????Bw}FKWwlOUoDw?}?,[(7-13)-(6-15)-(5-11)-(4-14)-(3-12)-(2-10)-(1-9)-(0-8)],5.125999450683594e-05,0.009532451629638672,1,True,0
O????Bw}FKWwlOUoDw?}?,[(7-13)-(6-11)-(5-15)-(4-14)-(3-12)-(2-10)-(1-9)-(0-8)],5.91278076171875e-05,0.023805856704711914,3,True,0
O????Bw}FKWwlOUoDw?}?,[(7-13)-(6-11)-(5-15)-(4-14)-(3-12)-(2-10)-(1-9)-(0-8)],5.221366882324219e-05,0.01310873031616211,1,True,0
O????Bw}FKWwlOUoDw?}?,[(7-11)-(6-13)-(5-15)-(4-14)-(3-12)-(2-10)-(1-9)-(0-8)],5.054473876953125e-05,0.019914865493774414,2,False,0
O????Bw}FKWwlOUoDw?}?,[(7-11)-(6-13)-(5-15)-(4-14)-(3-12)-(2-10)-(1-9)-(0-8)],5.2928924560546875e-05,0.016759634017944336,2,True,0
O????Bw}FKWwfOUoEw@]?,[(7-15)-(6-14)-(5-11)-(4-13)-(3-12)-(2-10)-(1-9)-(0-8)],5.125999450683594e-05,0.02286052703857422,3,True,0
O????Bw}FKWwfOUoEw@]?,[(7-15)-(6-14)-(5-11)-(4-13)-(3-12)-(2-10)-(1-9)-(0-8)],4.935264587402344e-05,0.011717081069946289,1,True,0
O????Bw}FKWwfOUoEw@]?,[(7-14)-(6-15)-(5-11)-(4-13)-(3-12)-(2-10)-(1-9)-(0-8)],5.316734313964844e-05,0.009377002716064453,1,True,0
O????Bw}FKWwfOUoEw@]?,[(7-14)-(6-15)-(5-11)-(4-13)-(3-12)-(2-10)-(1-9)-(0-8)],5.745887756347656e-05,0.01195979118347168,1,True,0
O????Bw}FKWwfOUoEw@]?,[(7-15)-(6-11)-(5-14)-(4-13)-(3-12)-(2-10)-(1-9)-(0-8)],5.0067901611328125e-05,0.013579845428466797,1,True,0
O????Bw}FKWwfOUoEw@]?,[(7-15)-(6-11)-(5-14)-(4-13)-(3-12)-(2-10)-(1-9)-(0-8)],5.555152893066406e-05,0.022448062896728516,3,True,0
O????Bw}FKWwfOUoEw@]?,[(7-11)-(6-15)-(5-14)-(4-13)-(3-12)-(2-10)-(1-9)-(0-8)],6.771087646484375e-05,0.012025117874145508,1,True,0
O????Bw}FKWwfOUoEw@]?,[(7-11)-(6-15)-(5-14)-(4-13)-(3-12)-(2-10)-(1-9)-(0-8)],5.53131103515625e-05,0.012243270874023438,1,True,0
O????Bw}FKWwfOUoEw@]?,[(7-14)-(6-11)-(5-15)-(4-13)-(3-12)-(2-10)-(1-9)-(0-8)],5.054473876953125e-05,0.017775535583496094,2,True,0
O????Bw}FKWwfOUoEw@]?,[(7-14)-(6-11)-(5-15)-(4-13)-(3-12)-(2-10)-(1-9)-(0-8)],5.030632019042969e-05,0.02401566505432129,3,True,0
O????Bw}FKWwfOUoEw@]?,[(7-11)-(6-14)-(5-15)-(4-13)-(3-12)-(2-10)-(1-9)-(0-8)],4.9114227294921875e-05,0.02267146110534668,3,True,0
O????Bw}FKWwfOUoEw@]?,[(7-11)-(6-14)-(5-15)-(4-13)-(3-12)-(2-10)-(1-9)-(0-8)],5.8650970458984375e-05,0.01761913299560547,2,True,0
O????Bw}FKWwfOUoEw@]?,[(7-14)-(6-13)-(5-11)-(4-15)-(3-12)-(2-10)-(1-9)-(0-8)],5.364418029785156e-05,0.01271820068359375,1,True,0
O????Bw}FKWwfOUoEw@]?,[(7-14)-(6-13)-(5-11)-(4-15)-(3-12)-(2-10)-(1-9)-(0-8)],5.5789947509765625e-05,0.017668962478637695,2,True,0
O????Bw}FKWwfOUoEw@]?,[(7-13)-(6-14)-(5-11)-(4-15)-(3-12)-(2-10)-(1-9)-(0-8)],5.054473876953125e-05,0.011963129043579102,1,True,0
O????Bw}FKWwfOUoEw@]?,[(7-13)-(6-14)-(5-11)-(4-15)-(3-12)-(2-10)-(1-9)-(0-8)],5.435943603515625e-05,0.01797175407409668,2,True,0
O????Bw}FKWwfOUoEw@]?,[(7-13)-(6-11)-(5-14)-(4-15)-(3-12)-(2-10)-(1-9)-(0-8)],5.030632019042969e-05,0.011990785598754883,1,True,0
O????Bw}FKWwfOUoEw@]?,[(7-13)-(6-11)-(5-14)-(4-15)-(3-12)-(2-10)-(1-9)-(0-8)],5.507469177246094e-05,0.009760856628417969,1,True,0
O????Bw}FKWwfOUoEw@]?,[(7-11)-(6-13)-(5-14)-(4-15)-(3-12)-(2-10)-(1-9)-(0-8)],5.8650970458984375e-05,0.028186559677124023,4,True,0
O????Bw}FKWwfOUoEw@]?,[(7-11)-(6-13)-(5-14)-(4-15)-(3-12)-(2-10)-(1-9)-(0-8)],5.1021575927734375e-05,0.02297687530517578,3,True,0
O????Bw|Fo[WpoJoBw?}?,[(7-15)-(6-11)-(5-12)-(4-13)-(3-14)-(2-10)-(1-9)-(0-8)],7.081031799316406e-05,0.018067598342895508,2,True,0
O????Bw|Fo[WpoJoBw?}?,[(7-15)-(6-11)-(5-12)-(4-13)-(3-14)-(2-10)-(1-9)-(0-8)],5.054473876953125e-05,0.023977279663085938,3,True,0
O????Bw|Fo[WpoJoBw?}?,[(7-11)-(6-15)-(5-12)-(4-13)-(3-14)-(2-10)-(1-9)-(0-8)],5.0067901611328125e-05,0.017197847366333008,2,True,0
O????Bw|Fo[WpoJoBw?}?,[(7-11)-(6-15)-(5-12)-(4-13)-(3-14)-(2-10)-(1-9)-(0-8)],9.608268737792969e-05,0.02274322509765625,3,True,0
O????Bw|Fo[WpoJoBw?}?,[(7-12)-(6-11)-(5-15)-(4-13)-(3-14)-(2-10)-(1-9)-(0-8)],5.030632019042969e-05,0.018275737762451172,2,True,0
O????Bw|Fo[WpoJoBw?}?,[(7-12)-(6-11)-(5-15)-(4-13)-(3-14)-(2-10)-(1-9)-(0-8)],5.125999450683594e-05,0.02304816246032715,3,True,0
O????Bw|Fo[WpoJoBw?}?,[(7-11)-(6-12)-(5-15)-(4-13)-(3-14)-(2-10)-(1-9)-(0-8)],5.125999450683594e-05,0.017143726348876953,2,True,0
O????Bw|Fo[WpoJoBw?}?,[(7-11)-(6-12)-(5-15)-(4-13)-(3-14)-(2-10)-(1-9)-(0-8)],5.173683166503906e-05,0.023713111877441406,3,True,0
O????Bw|Fo[WpoJoBw?}?,[(7-13)-(6-11)-(5-12)-(4-15)-(3-14)-(2-10)-(1-9)-(0-8)],5.030632019042969e-05,0.013316631317138672,1,True,0
O????Bw|Fo[WpoJoBw?}?,[(7-13)-(6-11)-(5-12)-(4-15)-(3-14)-(2-10)-(1-9)-(0-8)],5.9604644775390625e-05,0.017035722732543945,2,True,0
O????Bw|Fo[WpoJoBw?}?,[(7-11)-(6-13)-(5-12)-(4-15)-(3-14)-(2-10)-(1-9)-(0-8)],7.796287536621094e-05,0.012727975845336914,1,True,0
O????Bw|Fo[WpoJoBw?}?,[(7-11)-(6-13)-(5-12)-(4-15)-(3-14)-(2-10)-(1-9)-(0-8)],5.7220458984375e-05,0.023819923400878906,3,True,0
O????Bw|Fo[WpoJoBw?}?,[(7-12)-(6-11)-(5-13)-(4-15)-(3-14)-(2-10)-(1-9)-(0-8)],5.14984130859375e-05,0.0167086124420166,2,True,0
O????Bw|Fo[WpoJoBw?}?,[(7-12)-(6-11)-(5-13)-(4-15)-(3-14)-(2-10)-(1-9)-(0-8)],5.1021575927734375e-05,0.023228883743286133,3,True,0
O????Bw|Fo[WpoJoBw?}?,[(7-11)-(6-12)-(5-13)-(4-15)-(3-14)-(2-10)-(1-9)-(0-8)],5.435943603515625e-05,0.017641544342041016,2,True,0
O????Bw|Fo[WpoJoBw?}?,[(7-11)-(6-12)-(5-13)-(4-15)-(3-14)-(2-10)-(1-9)-(0-8)],5.173683166503906e-05,0.022490262985229492,3,True,0
O????Bw|Fo[WpoJoBw?}?,[(7-14)-(6-11)-(5-12)-(4-13)-(3-15)-(2-10)-(1-9)-(0-8)],5.841255187988281e-05,0.022238492965698242,3,True,0
O????Bw|Fo[WpoJoBw?}?,[(7-14)-(6-11)-(5-12)-(4-13)-(3-15)-(2-10)-(1-9)-(0-8)],8.940696716308594e-05,0.023662567138671875,3,True,0
O????Bw|Fo[WpoJoBw?}?,[(7-11)-(6-14)-(5-12)-(4-13)-(3-15)-(2-10)-(1-9)-(0-8)],5.1021575927734375e-05,0.02353835105895996,3,True,0
O????Bw|Fo[WpoJoBw?}?,[(7-11)-(6-14)-(5-12)-(4-13)-(3-15)-(2-10)-(1-9)-(0-8)],5.316734313964844e-05,0.0238037109375,3,True,0
O????Bw|FcPw{ORoDw?}?,[(7-15)-(6-14)-(5-13)-(4-11)-(3-12)-(2-10)-(1-9)-(0-8)],5.221366882324219e-05,0.009285449981689453,1,True,0
O????Bw|FcPw{ORoDw?}?,[(7-15)-(6-14)-(5-13)-(4-11)-(3-12)-(2-10)-(1-9)-(0-8)],5.817413330078125e-05,0.010515928268432617,1,True,0
O????Bw|FcPw{ORoDw?}?,[(7-14)-(6-15)-(5-13)-(4-11)-(3-12)-(2-10)-(1-9)-(0-8)],5.698204040527344e-05,0.017170429229736328,2,True,0
O????Bw|FcPw{ORoDw?}?,[(7-14)-(6-15)-(5-13)-(4-11)-(3-12)-(2-10)-(1-9)-(0-8)],5.0067901611328125e-05,0.018662691116333008,2,True,0
O????Bw|FcPw{ORoDw?}?,[(7-15)-(6-13)-(5-14)-(4-11)-(3-12)-(2-10)-(1-9)-(0-8)],4.887580871582031e-05,0.01770162582397461,2,True,0
O????Bw|FcPw{ORoDw?}?,[(7-15)-(6-13)-(5-14)-(4-11)-(3-12)-(2-10)-(1-9)-(0-8)],9.965896606445312e-05,0.009491682052612305,1,True,0
O????Bw|FcPw{ORoDw?}?,[(7-13)-(6-15)-(5-14)-(4-11)-(3-12)-(2-10)-(1-9)-(0-8)],5.745887756347656e-05,0.019066572189331055,2,False,0
O????Bw|FcPw{ORoDw?}?,[(7-13)-(6-15)-(5-14)-(4-11)-(3-12)-(2-10)-(1-9)-(0-8)],5.125999450683594e-05,0.017111539840698242,2,True,0
O????Bw|FcPw{ORoDw?}?,[(7-14)-(6-13)-(5-15)-(4-11)-(3-12)-(2-10)-(1-9)-(0-8)],8.034706115722656e-05,0.018232345581054688,2,True,0
O????Bw|FcPw{ORoDw?}?,[(7-14)-(6-13)-(5-15)-(4-11)-(3-12)-(2-10)-(1-9)-(0-8)],5.245208740234375e-05,0.024621963500976562,3,True,0
O????Bw|FcPw{ORoDw?}?,[(7-13)-(6-14)-(5-15)-(4-11)-(3-12)-(2-10)-(1-9)-(0-8)],5.078315734863281e-05,0.01804637908935547,2,True,0
O????Bw|FcPw{ORoDw?}?,[(7-13)-(6-14)-(5-15)-(4-11)-(3-12)-(2-10)-(1-9)-(0-8)],5.078315734863281e-05,0.023935794830322266,3,True,0
O????Bw|FcPw{ORoDw?}?,[(7-15)-(6-14)-(5-11)-(4-13)-(3-12)-(2-10)-(1-9)-(0-8)],6.651878356933594e-05,0.018143415451049805,2,True,0
O????Bw|FcPw{ORoDw?}?,[(7-15)-(6-14)-(5-11)-(4-13)-(3-12)-(2-10)-(1-9)-(0-8)],5.078315734863281e-05,0.017524242401123047,2,True,0
O????Bw|FcPw{ORoDw?}?,[(7-14)-(6-15)-(5-11)-(4-13)-(3-12)-(2-10)-(1-9)-(0-8)],5.7220458984375e-05,0.012887239456176758,1,True,0
O????Bw|FcPw{ORoDw?}?,[(7-14)-(6-15)-(5-11)-(4-13)-(3-12)-(2-10)-(1-9)-(0-8)],5.745887756347656e-05,0.01834559440612793,2,True,0
O????Bw|FcPw{ORoDw?}?,[(7-15)-(6-11)-(5-14)-(4-13)-(3-12)-(2-10)-(1-9)-(0-8)],4.9591064453125e-05,0.02355360984802246,3,True,0
O????Bw|FcPw{ORoDw?}?,[(7-15)-(6-11)-(5-14)-(4-13)-(3-12)-(2-10)-(1-9)-(0-8)],5.1975250244140625e-05,0.009655475616455078,1,True,0
O????Bw|FcPw{ORoDw?}?,[(7-11)-(6-15)-(5-14)-(4-13)-(3-12)-(2-10)-(1-9)-(0-8)],5.817413330078125e-05,0.009341955184936523,1,True,0
O????Bw|FcPw{ORoDw?}?,[(7-11)-(6-15)-(5-14)-(4-13)-(3-12)-(2-10)-(1-9)-(0-8)],9.131431579589844e-05,0.010629653930664062,1,True,0
O????Bw|FSWwdoVOFW@]?,[(7-15)-(6-14)-(5-11)-(4-13)-(3-12)-(2-10)-(1-9)-(0-8)],5.936622619628906e-05,0.01747584342956543,2,True,0
O????Bw|FSWwdoVOFW@]?,[(7-15)-(6-14)-(5-11)-(4-13)-(3-12)-(2-10)-(1-9)-(0-8)],5.2928924560546875e-05,0.010120630264282227,1,True,0
O????Bw|FSWwdoVOFW@]?,[(7-14)-(6-15)-(5-11)-(4-13)-(3-12)-(2-10)-(1-9)-(0-8)],5.817413330078125e-05,0.023512840270996094,3,True,0
O????Bw|FSWwdoVOFW@]?,[(7-14)-(6-15)-(5-11)-(4-13)-(3-12)-(2-10)-(1-9)-(0-8)],5.173683166503906e-05,0.01181340217590332,1,True,0
O????Bw|FSWwdoVOFW@]?,[(7-14)-(6-11)-(5-15)-(4-13)-(3-12)-(2-10)-(1-9)-(0-8)],4.9591064453125e-05,0.012594938278198242,1,True,0
O????Bw|FSWwdoVOFW@]?,[(7-14)-(6-11)-(5-15)-(4-13)-(3-12)-(2-10)-(1-9)-(0-8)],5.7697296142578125e-05,0.012362003326416016,1,True,0
O????Bw|FSWwdoVOFW@]?,[(7-11)-(6-14)-(5-15)-(4-13)-(3-12)-(2-10)-(1-9)-(0-8)],4.9114227294921875e-05,0.017786264419555664,2,True,0
O????Bw|FSWwdoVOFW@]?,[(7-11)-(6-14)-(5-15)-(4-13)-(3-12)-(2-10)-(1-9)-(0-8)],5.14984130859375e-05,0.016823291778564453,2,True,0
O????Bw|FSWwdoVOFW@]?,[(7-13)-(6-15)-(5-11)-(4-14)-(3-12)-(2-10)-(1-9)-(0-8)],5.364418029785156e-05,0.022904396057128906,3,True,0
O????Bw|FSWwdoVOFW@]?,[(7-13)-(6-15)-(5-11)-(4-14)-(3-12)-(2-10)-(1-9)-(0-8)],5.078315734863281e-05,0.018292665481567383,2,True,0
O????Bw|FSWwdoVOFW@]?,[(7-15)-(6-11)-(5-13)-(4-14)-(3-12)-(2-10)-(1-9)-(0-8)],5.030632019042969e-05,0.01712179183959961,2,True,0
O????Bw|FSWwdoVOFW@]?,[(7-15)-(6-11)-(5-13)-(4-14)-(3-12)-(2-10)-(1-9)-(0-8)],5.14984130859375e-05,0.010407447814941406,1,True,0
O????Bw|FSWwdoVOFW@]?,[(7-11)-(6-15)-(5-13)-(4-14)-(3-12)-(2-10)-(1-9)-(0-8)],5.841255187988281e-05,0.011990547180175781,1,True,0
O????Bw|FSWwdoVOFW@]?,[(7-11)-(6-15)-(5-13)-(4-14)-(3-12)-(2-10)-(1-9)-(0-8)],5.602836608886719e-05,0.02321147918701172,3,True,0
O????Bw|FSWwdoVOFW@]?,[(7-13)-(6-11)-(5-15)-(4-14)-(3-12)-(2-10)-(1-9)-(0-8)],6.818771362304688e-05,0.017817974090576172,2,True,0
O????Bw|FSWwdoVOFW@]?,[(7-13)-(6-11)-(5-15)-(4-14)-(3-12)-(2-10)-(1-9)-(0-8)],5.1975250244140625e-05,0.012262344360351562,1,True,0
O????Bw|FSWwdoVOFW@]?,[(7-13)-(6-14)-(5-11)-(4-15)-(3-12)-(2-10)-(1-9)-(0-8)],4.9591064453125e-05,0.013620138168334961,1,True,0
O????Bw|FSWwdoVOFW@]?,[(7-13)-(6-14)-(5-11)-(4-15)-(3-12)-(2-10)-(1-9)-(0-8)],5.6743621826171875e-05,0.012102603912353516,1,True,0
O????Bw|FSWwdoVOFW@]?,[(7-14)-(6-11)-(5-13)-(4-15)-(3-12)-(2-10)-(1-9)-(0-8)],5.030632019042969e-05,0.01794147491455078,2,True,0
O????Bw|FSWwdoVOFW@]?,[(7-14)-(6-11)-(5-13)-(4-15)-(3-12)-(2-10)-(1-9)-(0-8)],8.702278137207031e-05,0.011729955673217773,1,True,0
O????Bw|FSWwdoRoFg@u?,[(7-14)-(6-15)-(5-11)-(4-13)-(3-12)-(2-10)-(1-9)-(0-8)],5.53131103515625e-05,0.012923717498779297,1,True,0
O????Bw|FSWwdoRoFg@u?,[(7-14)-(6-15)-(5-11)-(4-13)-(3-12)-(2-10)-(1-9)-(0-8)],5.555152893066406e-05,0.012459278106689453,1,True,0
O????Bw|FSWwdoRoFg@u?,[(7-15)-(6-11)-(5-14)-(4-13)-(3-12)-(2-10)-(1-9)-(0-8)],6.222724914550781e-05,0.01084589958190918,1,True,0
O????Bw|FSWwdoRoFg@u?,[(7-15)-(6-11)-(5-14)-(4-13)-(3-12)-(2-10)-(1-9)-(0-8)],6.031990051269531e-05,0.012009620666503906,1,True,0
O????Bw|FSWwdoRoFg@u?,[(7-11)-(6-15)-(5-14)-(4-13)-(3-12)-(2-10)-(1-9)-(0-8)],4.9591064453125e-05,0.010097503662109375,1,True,0
O????Bw|FSWwdoRoFg@u?,[(7-11)-(6-15)-(5-14)-(4-13)-(3-12)-(2-10)-(1-9)-(0-8)],5.817413330078125e-05,0.009988069534301758,1,True,0
O????Bw|FSWwdoRoFg@u?,[(7-15)-(6-13)-(5-11)-(4-14)-(3-12)-(2-10)-(1-9)-(0-8)],5.817413330078125e-05,0.012207746505737305,1,True,0
O????Bw|FSWwdoRoFg@u?,[(7-15)-(6-13)-(5-11)-(4-14)-(3-12)-(2-10)-(1-9)-(0-8)],5.650520324707031e-05,0.023052215576171875,3,True,0
O????Bw|FSWwdoRoFg@u?,[(7-13)-(6-15)-(5-11)-(4-14)-(3-12)-(2-10)-(1-9)-(0-8)],4.9114227294921875e-05,0.01804518699645996,2,True,0
O????Bw|FSWwdoRoFg@u?,[(7-13)-(6-15)-(5-11)-(4-14)-(3-12)-(2-10)-(1-9)-(0-8)],5.1021575927734375e-05,0.017206907272338867,2,True,0
O????Bw|FSWwdoRoFg@u?,[(7-15)-(6-11)-(5-13)-(4-14)-(3-12)-(2-10)-(1-9)-(0-8)],5.0067901611328125e-05,0.01204061508178711,1,True,0
O????Bw|FSWwdoRoFg@u?,[(7-15)-(6-11)-(5-13)-(4-14)-(3-12)-(2-10)-(1-9)-(0-8)],5.602836608886719e-05,0.023046016693115234,3,True,0
O????Bw|FSWwdoRoFg@u?,[(7-11)-(6-15)-(5-13)-(4-14)-(3-12)-(2-10)-(1-9)-(0-8)],5.5789947509765625e-05,0.00933527946472168,1,True,0
O????Bw|FSWwdoRoFg@u?,[(7-11)-(6-15)-(5-13)-(4-14)-(3-12)-(2-10)-(1-9)-(0-8)],5.888938903808594e-05,0.017570018768310547,2,True,0
O????Bw|FSWwdoRoFg@u?,[(7-14)-(6-13)-(5-11)-(4-15)-(3-12)-(2-10)-(1-9)-(0-8)],8.487701416015625e-05,0.011816024780273438,1,True,0
O????Bw|FSWwdoRoFg@u?,[(7-14)-(6-13)-(5-11)-(4-15)-(3-12)-(2-10)-(1-9)-(0-8)],5.555152893066406e-05,0.0234529972076416,3,True,0
O????Bw|FSWwdoRoFg@u?,[(7-14)-(6-11)-(5-13)-(4-15)-(3-12)-(2-10)-(1-9)-(0-8)],4.9591064453125e-05,0.012302637100219727,1,True,0
O????Bw|FSWwdoRoFg@u?,[(7-14)-(6-11)-(5-13)-(4-15)-(3-12)-(2-10)-(1-9)-(0-8)],5.602836608886719e-05,0.013050317764282227,1,True,0
O????Bw|FSWwdoRoFg@u?,[(7-13)-(6-11)-(5-14)-(4-15)-(3-12)-(2-10)-(1-9)-(0-8)],4.9114227294921875e-05,0.023101806640625,3,True,0
O????Bw|FSWwdoRoFg@u?,[(7-13)-(6-11)-(5-14)-(4-15)-(3-12)-(2-10)-(1-9)-(0-8)],5.7220458984375e-05,0.023354053497314453,3,True,0
O????Bw|FEZ_woJoBw?}?,[(7-15)-(6-12)-(5-14)-(4-13)-(3-11)-(2-10)-(1-9)-(0-8)],5.1975250244140625e-05,0.016780853271484375,2,True,0
O????Bw|FEZ_woJoBw?}?,[(7-15)-(6-12)-(5-14)-(4-13)-(3-11)-(2-10)-(1-9)-(0-8)],7.390975952148438e-05,0.013211488723754883,1,True,0
O????Bw|FEZ_woJoBw?}?,[(7-12)-(6-15)-(5-14)-(4-13)-(3-11)-(2-10)-(1-9)-(0-8)],4.982948303222656e-05,0.01763749122619629,2,True,0
O????Bw|FEZ_woJoBw?}?,[(7-12)-(6-15)-(5-14)-(4-13)-(3-11)-(2-10)-(1-9)-(0-8)],5.364418029785156e-05,0.011986970901489258,1,True,0
O????Bw|FEZ_woJoBw?}?,[(7-14)-(6-12)-(5-15)-(4-13)-(3-11)-(2-10)-(1-9)-(0-8)],4.9114227294921875e-05,0.01776123046875,2,True,0
O????Bw|FEZ_woJoBw?}?,[(7-14)-(6-12)-(5-15)-(4-13)-(3-11)-(2-10)-(1-9)-(0-8)],5.1975250244140625e-05,0.01184701919555664,1,True,0
O????Bw|FEZ_woJoBw?}?,[(7-12)-(6-14)-(5-15)-(4-13)-(3-11)-(2-10)-(1-9)-(0-8)],4.9114227294921875e-05,0.01763176918029785,2,True,0
O????Bw|FEZ_woJoBw?}?,[(7-12)-(6-14)-(5-15)-(4-13)-(3-11)-(2-10)-(1-9)-(0-8)],5.1021575927734375e-05,0.012055635452270508,1,True,0
O????Bw|FEZ_woJoBw?}?,[(7-15)-(6-12)-(5-13)-(4-14)-(3-11)-(2-10)-(1-9)-(0-8)],4.935264587402344e-05,0.018045425415039062,2,True,0
O????Bw|FEZ_woJoBw?}?,[(7-15)-(6-12)-(5-13)-(4-14)-(3-11)-(2-10)-(1-9)-(0-8)],4.982948303222656e-05,0.012188434600830078,1,True,0
O????Bw|FEZ_woJoBw?}?,[(7-12)-(6-15)-(5-13)-(4-14)-(3-11)-(2-10)-(1-9)-(0-8)],4.982948303222656e-05,0.01797652244567871,2,True,0
O????Bw|FEZ_woJoBw?}?,[(7-12)-(6-15)-(5-13)-(4-14)-(3-11)-(2-10)-(1-9)-(0-8)],5.125999450683594e-05,0.012496709823608398,1,True,0
O????Bw|FEZ_woJoBw?}?,[(7-13)-(6-12)-(5-15)-(4-14)-(3-11)-(2-10)-(1-9)-(0-8)],5.364418029785156e-05,0.01236581802368164,1,True,0
O????Bw|FEZ_woJoBw?}?,[(7-13)-(6-12)-(5-15)-(4-14)-(3-11)-(2-10)-(1-9)-(0-8)],6.461143493652344e-05,0.011818647384643555,1,True,0
O????Bw|FEZ_woJoBw?}?,[(7-12)-(6-13)-(5-15)-(4-14)-(3-11)-(2-10)-(1-9)-(0-8)],6.914138793945312e-05,0.012130260467529297,1,True,0
O????Bw|FEZ_woJoBw?}?,[(7-12)-(6-13)-(5-15)-(4-14)-(3-11)-(2-10)-(1-9)-(0-8)],5.5789947509765625e-05,0.012284994125366211,1,True,0
O????Bw|FEZ_woJoBw?}?,[(7-14)-(6-12)-(5-13)-(4-15)-(3-11)-(2-10)-(1-9)-(0-8)],5.221366882324219e-05,0.02873516082763672,4,True,0
O????Bw|FEZ_woJoBw?}?,[(7-14)-(6-12)-(5-13)-(4-15)-(3-11)-(2-10)-(1-9)-(0-8)],6.67572021484375e-05,0.010520696640014648,1,True,0
O????Bw|FEZ_woJoBw?}?,[(7-12)-(6-14)-(5-13)-(4-15)-(3-11)-(2-10)-(1-9)-(0-8)],5.698204040527344e-05,0.028954267501831055,4,True,0
O????Bw|FEZ_woJoBw?}?,[(7-12)-(6-14)-(5-13)-(4-15)-(3-11)-(2-10)-(1-9)-(0-8)],5.173683166503906e-05,0.009507179260253906,1,True,0
O????Bw|FE\\OxOFoBw?}?,[(7-15)-(6-14)-(5-12)-(4-11)-(3-13)-(2-10)-(1-9)-(0-8)],5.936622619628906e-05,0.022975444793701172,3,True,0
O????Bw|FE\\OxOFoBw?}?,[(7-15)-(6-14)-(5-12)-(4-11)-(3-13)-(2-10)-(1-9)-(0-8)],8.96453857421875e-05,0.017906904220581055,2,True,0
O????Bw|FE\\OxOFoBw?}?,[(7-14)-(6-15)-(5-12)-(4-11)-(3-13)-(2-10)-(1-9)-(0-8)],5.030632019042969e-05,0.012058258056640625,1,True,0
O????Bw|FE\\OxOFoBw?}?,[(7-14)-(6-15)-(5-12)-(4-11)-(3-13)-(2-10)-(1-9)-(0-8)],5.7220458984375e-05,0.009949922561645508,1,True,0
O????Bw|FE\\OxOFoBw?}?,[(7-12)-(6-15)-(5-14)-(4-11)-(3-13)-(2-10)-(1-9)-(0-8)],5.793571472167969e-05,0.009531736373901367,1,True,0
O????Bw|FE\\OxOFoBw?}?,[(7-12)-(6-15)-(5-14)-(4-11)-(3-13)-(2-10)-(1-9)-(0-8)],5.888938903808594e-05,0.023583412170410156,3,True,0
O????Bw|FE\\OxOFoBw?}?,[(7-12)-(6-14)-(5-15)-(4-11)-(3-13)-(2-10)-(1-9)-(0-8)],4.9114227294921875e-05,0.012545585632324219,1,True,0
O????Bw|FE\\OxOFoBw?}?,[(7-12)-(6-14)-(5-15)-(4-11)-(3-13)-(2-10)-(1-9)-(0-8)],5.7220458984375e-05,0.012951374053955078,1,True,0
O????Bw|FE\\OxOFoBw?}?,[(7-15)-(6-11)-(5-12)-(4-14)-(3-13)-(2-10)-(1-9)-(0-8)],4.935264587402344e-05,0.02917337417602539,4,True,0
O????Bw|FE\\OxOFoBw?}?,[(7-15)-(6-11)-(5-12)-(4-14)-(3-13)-(2-10)-(1-9)-(0-8)],5.2928924560546875e-05,0.02247476577758789,3,True,0
O????Bw|FE\\OxOFoBw?}?,[(7-12)-(6-11)-(5-15)-(4-14)-(3-13)-(2-10)-(1-9)-(0-8)],5.125999450683594e-05,0.012960672378540039,1,True,0
O????Bw|FE\\OxOFoBw?}?,[(7-12)-(6-11)-(5-15)-(4-14)-(3-13)-(2-10)-(1-9)-(0-8)],5.936622619628906e-05,0.017139673233032227,2,True,0
O????Bw|FE\\OxOFoBw?}?,[(7-14)-(6-11)-(5-12)-(4-15)-(3-13)-(2-10)-(1-9)-(0-8)],6.318092346191406e-05,0.030058860778808594,4,True,0
O????Bw|FE\\OxOFoBw?}?,[(7-14)-(6-11)-(5-12)-(4-15)-(3-13)-(2-10)-(1-9)-(0-8)],5.14984130859375e-05,0.022192001342773438,3,True,0
O????Bw|FE\\OxOFoBw?}?,[(7-12)-(6-11)-(5-14)-(4-15)-(3-13)-(2-10)-(1-9)-(0-8)],5.602836608886719e-05,0.012760400772094727,1,True,0
O????Bw|FE\\OxOFoBw?}?,[(7-12)-(6-11)-(5-14)-(4-15)-(3-13)-(2-10)-(1-9)-(0-8)],5.6743621826171875e-05,0.02954697608947754,4,True,0
O????Bw|FE\\OxOFoBw?}?,[(7-15)-(6-13)-(5-12)-(4-11)-(3-14)-(2-10)-(1-9)-(0-8)],4.9591064453125e-05,0.011929035186767578,1,True,0
O????Bw|FE\\OxOFoBw?}?,[(7-15)-(6-13)-(5-12)-(4-11)-(3-14)-(2-10)-(1-9)-(0-8)],5.7697296142578125e-05,0.01777195930480957,2,True,0
O????Bw|FE\\OxOFoBw?}?,[(7-13)-(6-15)-(5-12)-(4-11)-(3-14)-(2-10)-(1-9)-(0-8)],4.982948303222656e-05,0.009464740753173828,1,True,0
O????Bw|FE\\OxOFoBw?}?,[(7-13)-(6-15)-(5-12)-(4-11)-(3-14)-(2-10)-(1-9)-(0-8)],8.96453857421875e-05,0.017499208450317383,2,True,0
O????Bw|FEZOtOFoDw@]?,[(7-15)-(6-14)-(5-12)-(4-13)-(3-11)-(2-10)-(1-9)-(0-8)],5.14984130859375e-05,0.01785731315612793,2,True,0
O????Bw|FEZOtOFoDw@]?,[(7-15)-(6-14)-(5-12)-(4-13)-(3-11)-(2-10)-(1-9)-(0-8)],5.793571472167969e-05,0.011988401412963867,1,True,0
O????Bw|FEZOtOFoDw@]?,[(7-14)-(6-15)-(5-12)-(4-13)-(3-11)-(2-10)-(1-9)-(0-8)],8.273124694824219e-05,0.012462615966796875,1,True,0
O????Bw|FEZOtOFoDw@]?,[(7-14)-(6-15)-(5-12)-(4-13)-(3-11)-(2-10)-(1-9)-(0-8)],5.7697296142578125e-05,0.01327061653137207,1,True,0
O????Bw|FEZOtOFoDw@]?,[(7-12)-(6-15)-(5-14)-(4-13)-(3-11)-(2-10)-(1-9)-(0-8)],6.890296936035156e-05,0.018139362335205078,2,True,0
O????Bw|FEZOtOFoDw@]?,[(7-12)-(6-15)-(5-14)-(4-13)-(3-11)-(2-10)-(1-9)-(0-8)],5.221366882324219e-05,0.016697168350219727,2,True,0
O????Bw|FEZOtOFoDw@]?,[(7-12)-(6-14)-(5-15)-(4-13)-(3-11)-(2-10)-(1-9)-(0-8)],6.723403930664062e-05,0.02240157127380371,3,True,0
O????Bw|FEZOtOFoDw@]?,[(7-12)-(6-14)-(5-15)-(4-13)-(3-11)-(2-10)-(1-9)-(0-8)],7.43865966796875e-05,0.010396242141723633,1,True,0
O????Bw|FEZOtOFoDw@]?,[(7-15)-(6-13)-(5-12)-(4-14)-(3-11)-(2-10)-(1-9)-(0-8)],5.6743621826171875e-05,0.029965877532958984,4,True,0
O????Bw|FEZOtOFoDw@]?,[(7-15)-(6-13)-(5-12)-(4-14)-(3-11)-(2-10)-(1-9)-(0-8)],5.14984130859375e-05,0.01674175262451172,2,True,0
O????Bw|FEZOtOFoDw@]?,[(7-13)-(6-15)-(5-12)-(4-14)-(3-11)-(2-10)-(1-9)-(0-8)],5.53131103515625e-05,0.023529052734375,3,True,0
O????Bw|FEZOtOFoDw@]?,[(7-13)-(6-15)-(5-12)-(4-14)-(3-11)-(2-10)-(1-9)-(0-8)],5.125999450683594e-05,0.017724990844726562,2,True,0
O????Bw|FEZOtOFoDw@]?,[(7-12)-(6-15)-(5-13)-(4-14)-(3-11)-(2-10)-(1-9)-(0-8)],5.125999450683594e-05,0.02849411964416504,4,True,0
O????Bw|FEZOtOFoDw@]?,[(7-12)-(6-15)-(5-13)-(4-14)-(3-11)-(2-10)-(1-9)-(0-8)],6.318092346191406e-05,0.009973764419555664,1,True,0
O????Bw|FEZOtOFoDw@]?,[(7-12)-(6-13)-(5-15)-(4-14)-(3-11)-(2-10)-(1-9)-(0-8)],5.7220458984375e-05,0.022762537002563477,3,True,0
O????Bw|FEZOtOFoDw@]?,[(7-12)-(6-13)-(5-15)-(4-14)-(3-11)-(2-10)-(1-9)-(0-8)],5.1021575927734375e-05,0.009253263473510742,1,True,0
O????Bw|FEZOtOFoDw@]?,[(7-14)-(6-13)-(5-12)-(4-15)-(3-11)-(2-10)-(1-9)-(0-8)],6.365776062011719e-05,0.0226285457611084,3,True,0
O????Bw|FEZOtOFoDw@]?,[(7-14)-(6-13)-(5-12)-(4-15)-(3-11)-(2-10)-(1-9)-(0-8)],5.030632019042969e-05,0.01762676239013672,2,True,0
O????Bw|FEZOtOFoDw@]?,[(7-13)-(6-14)-(5-12)-(4-15)-(3-11)-(2-10)-(1-9)-(0-8)],8.392333984375e-05,0.01719975471496582,2,True,0
O????Bw|FEZOtOFoDw@]?,[(7-13)-(6-14)-(5-12)-(4-15)-(3-11)-(2-10)-(1-9)-(0-8)],9.202957153320312e-05,0.013049125671386719,1,True,0
O????Bw|FEXojOUoBw@m?,[(7-15)-(6-14)-(5-12)-(4-11)-(3-13)-(2-10)-(1-9)-(0-8)],5.245208740234375e-05,0.02361607551574707,3,True,0
O????Bw|FEXojOUoBw@m?,[(7-15)-(6-14)-(5-12)-(4-11)-(3-13)-(2-10)-(1-9)-(0-8)],5.173683166503906e-05,0.011981725692749023,1,True,0
O????Bw|FEXojOUoBw@m?,[(7-14)-(6-15)-(5-12)-(4-11)-(3-13)-(2-10)-(1-9)-(0-8)],5.054473876953125e-05,0.017996788024902344,2,True,0
O????Bw|FEXojOUoBw@m?,[(7-14)-(6-15)-(5-12)-(4-11)-(3-13)-(2-10)-(1-9)-(0-8)],5.1975250244140625e-05,0.01735854148864746,2,True,0
O????Bw|FEXojOUoBw@m?,[(7-12)-(6-15)-(5-14)-(4-11)-(3-13)-(2-10)-(1-9)-(0-8)],5.125999450683594e-05,0.012751340866088867,1,True,0
O????Bw|FEXojOUoBw@m?,[(7-12)-(6-15)-(5-14)-(4-11)-(3-13)-(2-10)-(1-9)-(0-8)],5.7697296142578125e-05,0.012593507766723633,1,True,0
O????Bw|FEXojOUoBw@m?,[(7-12)-(6-14)-(5-15)-(4-11)-(3-13)-(2-10)-(1-9)-(0-8)],5.221366882324219e-05,0.01194310188293457,1,True,0
O????Bw|FEXojOUoBw@m?,[(7-12)-(6-14)-(5-15)-(4-11)-(3-13)-(2-10)-(1-9)-(0-8)],5.6743621826171875e-05,0.017896652221679688,2,True,0
O????Bw|FEXojOUoBw@m?,[(7-15)-(6-14)-(5-11)-(4-12)-(3-13)-(2-10)-(1-9)-(0-8)],5.0067901611328125e-05,0.009399175643920898,1,True,0
O????Bw|FEXojOUoBw@m?,[(7-15)-(6-14)-(5-11)-(4-12)-(3-13)-(2-10)-(1-9)-(0-8)],5.888938903808594e-05,0.017939329147338867,2,True,0
O????Bw|FEXojOUoBw@m?,[(7-14)-(6-15)-(5-11)-(4-12)-(3-13)-(2-10)-(1-9)-(0-8)],5.0067901611328125e-05,0.011989116668701172,1,True,0
O????Bw|FEXojOUoBw@m?,[(7-14)-(6-15)-(5-11)-(4-12)-(3-13)-(2-10)-(1-9)-(0-8)],5.698204040527344e-05,0.012636423110961914,1,True,0
O????Bw|FEXojOUoBw@m?,[(7-15)-(6-11)-(5-14)-(4-12)-(3-13)-(2-10)-(1-9)-(0-8)],5.054473876953125e-05,0.011934757232666016,1,True,0
O????Bw|FEXojOUoBw@m?,[(7-15)-(6-11)-(5-14)-(4-12)-(3-13)-(2-10)-(1-9)-(0-8)],5.7220458984375e-05,0.012380123138427734,1,True,0
O????Bw|FEXojOUoBw@m?,[(7-14)-(6-11)-(5-15)-(4-12)-(3-13)-(2-10)-(1-9)-(0-8)],0.00011372566223144531,0.012720823287963867,1,True,0
O????Bw|FEXojOUoBw@m?,[(7-14)-(6-11)-(5-15)-(4-12)-(3-13)-(2-10)-(1-9)-(0-8)],5.602836608886719e-05,0.01719832420349121,2,True,0
O????Bw|FEXojOUoBw@m?,[(7-12)-(6-15)-(5-11)-(4-14)-(3-13)-(2-10)-(1-9)-(0-8)],5.269050598144531e-05,0.012218713760375977,1,True,0
O????Bw|FEXojOUoBw@m?,[(7-12)-(6-15)-(5-11)-(4-14)-(3-13)-(2-10)-(1-9)-(0-8)],5.650520324707031e-05,0.012187719345092773,1,True,0
O????Bw|FEXojOUoBw@m?,[(7-15)-(6-11)-(5-12)-(4-14)-(3-13)-(2-10)-(1-9)-(0-8)],5.054473876953125e-05,0.017648696899414062,2,True,0
O????Bw|FEXojOUoBw@m?,[(7-15)-(6-11)-(5-12)-(4-14)-(3-13)-(2-10)-(1-9)-(0-8)],5.030632019042969e-05,0.0181884765625,2,True,0
O????Bw|FEXofOMoDwAm?,[(7-15)-(6-13)-(5-14)-(4-11)-(3-12)-(2-10)-(1-9)-(0-8)],5.173683166503906e-05,0.01184844970703125,1,True,0
O????Bw|FEXofOMoDwAm?,[(7-15)-(6-13)-(5-14)-(4-11)-(3-12)-(2-10)-(1-9)-(0-8)],5.602836608886719e-05,0.01315164566040039,1,True,0
O????Bw|FEXofOMoDwAm?,[(7-13)-(6-15)-(5-14)-(4-11)-(3-12)-(2-10)-(1-9)-(0-8)],4.9591064453125e-05,0.011704206466674805,1,True,0
O????Bw|FEXofOMoDwAm?,[(7-13)-(6-15)-(5-14)-(4-11)-(3-12)-(2-10)-(1-9)-(0-8)],5.6743621826171875e-05,0.012923955917358398,1,True,0
O????Bw|FEXofOMoDwAm?,[(7-14)-(6-13)-(5-15)-(4-11)-(3-12)-(2-10)-(1-9)-(0-8)],7.891654968261719e-05,0.016832590103149414,2,True,0
O????Bw|FEXofOMoDwAm?,[(7-14)-(6-13)-(5-15)-(4-11)-(3-12)-(2-10)-(1-9)-(0-8)],5.14984130859375e-05,0.010675668716430664,1,True,0
O????Bw|FEXofOMoDwAm?,[(7-13)-(6-14)-(5-15)-(4-11)-(3-12)-(2-10)-(1-9)-(0-8)],5.745887756347656e-05,0.01222681999206543,1,True,0
O????Bw|FEXofOMoDwAm?,[(7-13)-(6-14)-(5-15)-(4-11)-(3-12)-(2-10)-(1-9)-(0-8)],5.650520324707031e-05,0.010007381439208984,1,True,0
O????Bw|FEXofOMoDwAm?,[(7-15)-(6-14)-(5-11)-(4-13)-(3-12)-(2-10)-(1-9)-(0-8)],5.8650970458984375e-05,0.018175840377807617,2,True,0
O????Bw|FEXofOMoDwAm?,[(7-15)-(6-14)-(5-11)-(4-13)-(3-12)-(2-10)-(1-9)-(0-8)],5.14984130859375e-05,0.018297672271728516,2,True,0
O????Bw|FEXofOMoDwAm?,[(7-14)-(6-15)-(5-11)-(4-13)-(3-12)-(2-10)-(1-9)-(0-8)],4.9114227294921875e-05,0.012938261032104492,1,True,0
O????Bw|FEXofOMoDwAm?,[(7-14)-(6-15)-(5-11)-(4-13)-(3-12)-(2-10)-(1-9)-(0-8)],5.793571472167969e-05,0.022861480712890625,3,True,0
O????Bw|FEXofOMoDwAm?,[(7-15)-(6-11)-(5-14)-(4-13)-(3-12)-(2-10)-(1-9)-(0-8)],4.982948303222656e-05,0.017856121063232422,2,True,0
O????Bw|FEXofOMoDwAm?,[(7-15)-(6-11)-(5-14)-(4-13)-(3-12)-(2-10)-(1-9)-(0-8)],5.125999450683594e-05,0.0173189640045166,2,True,0
O????Bw|FEXofOMoDwAm?,[(7-14)-(6-11)-(5-15)-(4-13)-(3-12)-(2-10)-(1-9)-(0-8)],5.054473876953125e-05,0.016850948333740234,2,True,0
O????Bw|FEXofOMoDwAm?,[(7-14)-(6-11)-(5-15)-(4-13)-(3-12)-(2-10)-(1-9)-(0-8)],5.125999450683594e-05,0.012857198715209961,1,True,0
O????Bw|FEXofOMoDwAm?,[(7-15)-(6-13)-(5-11)-(4-14)-(3-12)-(2-10)-(1-9)-(0-8)],5.030632019042969e-05,0.017102956771850586,2,True,0
O????Bw|FEXofOMoDwAm?,[(7-15)-(6-13)-(5-11)-(4-14)-(3-12)-(2-10)-(1-9)-(0-8)],5.14984130859375e-05,0.012996673583984375,1,True,0
O????Bw|FEXofOMoDwAm?,[(7-13)-(6-15)-(5-11)-(4-14)-(3-12)-(2-10)-(1-9)-(0-8)],4.982948303222656e-05,0.023678302764892578,3,True,0
O????Bw|FEXofOMoDwAm?,[(7-13)-(6-15)-(5-11)-(4-14)-(3-12)-(2-10)-(1-9)-(0-8)],5.2928924560546875e-05,0.022254228591918945,3,True,0
O????Bw|FEXokoVODw?}?,[(7-15)-(6-14)-(5-13)-(4-11)-(3-12)-(2-10)-(1-9)-(0-8)],5.3882598876953125e-05,0.017701387405395508,2,True,0
O????Bw|FEXokoVODw?}?,[(7-15)-(6-14)-(5-13)-(4-11)-(3-12)-(2-10)-(1-9)-(0-8)],5.078315734863281e-05,0.012759685516357422,1,True,0
O????Bw|FEXokoVODw?}?,[(7-14)-(6-15)-(5-13)-(4-11)-(3-12)-(2-10)-(1-9)-(0-8)],8.893013000488281e-05,0.011987447738647461,1,True,0
O????Bw|FEXokoVODw?}?,[(7-14)-(6-15)-(5-13)-(4-11)-(3-12)-(2-10)-(1-9)-(0-8)],5.650520324707031e-05,0.012483596801757812,1,True,0
O????Bw|FEXokoVODw?}?,[(7-13)-(6-15)-(5-14)-(4-11)-(3-12)-(2-10)-(1-9)-(0-8)],7.843971252441406e-05,0.016714811325073242,2,True,0
O????Bw|FEXokoVODw?}?,[(7-13)-(6-15)-(5-14)-(4-11)-(3-12)-(2-10)-(1-9)-(0-8)],5.125999450683594e-05,0.01252889633178711,1,True,0
O????Bw|FEXokoVODw?}?,[(7-13)-(6-14)-(5-15)-(4-11)-(3-12)-(2-10)-(1-9)-(0-8)],5.0067901611328125e-05,0.01682424545288086,2,True,0
O????Bw|FEXokoVODw?}?,[(7-13)-(6-14)-(5-15)-(4-11)-(3-12)-(2-10)-(1-9)-(0-8)],5.078315734863281e-05,0.013036966323852539,1,True,0
O????Bw|FEXokoVODw?}?,[(7-15)-(6-14)-(5-11)-(4-13)-(3-12)-(2-10)-(1-9)-(0-8)],4.982948303222656e-05,0.017184972763061523,2,True,0
O????Bw|FEXokoVODw?}?,[(7-15)-(6-14)-(5-11)-(4-13)-(3-12)-(2-10)-(1-9)-(0-8)],5.125999450683594e-05,0.01866602897644043,2,True,0
O????Bw|FEXokoVODw?}?,[(7-14)-(6-15)-(5-11)-(4-13)-(3-12)-(2-10)-(1-9)-(0-8)],4.982948303222656e-05,0.023217201232910156,3,True,0
O????Bw|FEXokoVODw?}?,[(7-14)-(6-15)-(5-11)-(4-13)-(3-12)-(2-10)-(1-9)-(0-8)],5.173683166503906e-05,0.017537832260131836,2,True,0
O????Bw|FEXokoVODw?}?,[(7-15)-(6-11)-(5-14)-(4-13)-(3-12)-(2-10)-(1-9)-(0-8)],5.030632019042969e-05,0.024352550506591797,3,True,0
O????Bw|FEXokoVODw?}?,[(7-15)-(6-11)-(5-14)-(4-13)-(3-12)-(2-10)-(1-9)-(0-8)],5.054473876953125e-05,0.012935400009155273,1,True,0
O????Bw|FEXokoVODw?}?,[(7-14)-(6-11)-(5-15)-(4-13)-(3-12)-(2-10)-(1-9)-(0-8)],4.982948303222656e-05,0.017470121383666992,2,True,0
O????Bw|FEXokoVODw?}?,[(7-14)-(6-11)-(5-15)-(4-13)-(3-12)-(2-10)-(1-9)-(0-8)],5.173683166503906e-05,0.017116546630859375,2,True,0
O????Bw|FEXokoVODw?}?,[(7-13)-(6-15)-(5-11)-(4-14)-(3-12)-(2-10)-(1-9)-(0-8)],4.982948303222656e-05,0.01334691047668457,1,True,0
O????Bw|FEXokoVODw?}?,[(7-13)-(6-15)-(5-11)-(4-14)-(3-12)-(2-10)-(1-9)-(0-8)],5.6743621826171875e-05,0.012664318084716797,1,True,0
O????Bw|FEXokoVODw?}?,[(7-15)-(6-11)-(5-13)-(4-14)-(3-12)-(2-10)-(1-9)-(0-8)],6.127357482910156e-05,0.022800922393798828,3,True,0
O????Bw|FEXokoVODw?}?,[(7-15)-(6-11)-(5-13)-(4-14)-(3-12)-(2-10)-(1-9)-(0-8)],5.1021575927734375e-05,0.009546756744384766,1,True,0
O????Bw|FEXokoNOHw?}?,[(7-15)-(6-14)-(5-13)-(4-11)-(3-12)-(2-10)-(1-9)-(0-8)],7.510185241699219e-05,0.010601997375488281,1,True,0
O????Bw|FEXokoNOHw?}?,[(7-15)-(6-14)-(5-13)-(4-11)-(3-12)-(2-10)-(1-9)-(0-8)],5.936622619628906e-05,0.016848087310791016,2,True,0
O????Bw|FEXokoNOHw?}?,[(7-14)-(6-15)-(5-13)-(4-11)-(3-12)-(2-10)-(1-9)-(0-8)],5.316734313964844e-05,0.012899160385131836,1,True,0
O????Bw|FEXokoNOHw?}?,[(7-14)-(6-15)-(5-13)-(4-11)-(3-12)-(2-10)-(1-9)-(0-8)],5.745887756347656e-05,0.01704239845275879,2,True,0
O????Bw|FEXokoNOHw?}?,[(7-13)-(6-15)-(5-14)-(4-11)-(3-12)-(2-10)-(1-9)-(0-8)],5.555152893066406e-05,0.013458728790283203,1,True,0
O????Bw|FEXokoNOHw?}?,[(7-13)-(6-15)-(5-14)-(4-11)-(3-12)-(2-10)-(1-9)-(0-8)],5.7697296142578125e-05,0.012769460678100586,1,True,0
O????Bw|FEXokoNOHw?}?,[(7-13)-(6-14)-(5-15)-(4-11)-(3-12)-(2-10)-(1-9)-(0-8)],5.125999450683594e-05,0.017330408096313477,2,True,0
O????Bw|FEXokoNOHw?}?,[(7-13)-(6-14)-(5-15)-(4-11)-(3-12)-(2-10)-(1-9)-(0-8)],5.125999450683594e-05,0.012290477752685547,1,True,0
O????Bw|FEXokoNOHw?}?,[(7-15)-(6-14)-(5-11)-(4-13)-(3-12)-(2-10)-(1-9)-(0-8)],4.9591064453125e-05,0.021923542022705078,3,True,0
O????Bw|FEXokoNOHw?}?,[(7-15)-(6-14)-(5-11)-(4-13)-(3-12)-(2-10)-(1-9)-(0-8)],5.078315734863281e-05,0.01298832893371582,1,True,0
O????Bw|FEXokoNOHw?}?,[(7-14)-(6-15)-(5-11)-(4-13)-(3-12)-(2-10)-(1-9)-(0-8)],4.9591064453125e-05,0.01674175262451172,2,True,0
O????Bw|FEXokoNOHw?}?,[(7-14)-(6-15)-(5-11)-(4-13)-(3-12)-(2-10)-(1-9)-(0-8)],5.030632019042969e-05,0.023320913314819336,3,True,0
O????Bw|FEXokoNOHw?}?,[(7-15)-(6-11)-(5-14)-(4-13)-(3-12)-(2-10)-(1-9)-(0-8)],5.793571472167969e-05,0.0177001953125,2,True,0
O????Bw|FEXokoNOHw?}?,[(7-15)-(6-11)-(5-14)-(4-13)-(3-12)-(2-10)-(1-9)-(0-8)],5.125999450683594e-05,0.012123823165893555,1,True,0
O????Bw|FEXokoNOHw?}?,[(7-14)-(6-11)-(5-15)-(4-13)-(3-12)-(2-10)-(1-9)-(0-8)],5.364418029785156e-05,0.01240992546081543,1,True,0
O????Bw|FEXokoNOHw?}?,[(7-14)-(6-11)-(5-15)-(4-13)-(3-12)-(2-10)-(1-9)-(0-8)],5.650520324707031e-05,0.01772594451904297,2,True,0
O????Bw|FEXokoNOHw?}?,[(7-13)-(6-15)-(5-11)-(4-14)-(3-12)-(2-10)-(1-9)-(0-8)],4.9591064453125e-05,0.022173166275024414,3,True,0
O????Bw|FEXokoNOHw?}?,[(7-13)-(6-15)-(5-11)-(4-14)-(3-12)-(2-10)-(1-9)-(0-8)],0.00010037422180175781,0.01309823989868164,1,True,0
O????Bw|FEXokoNOHw?}?,[(7-15)-(6-11)-(5-13)-(4-14)-(3-12)-(2-10)-(1-9)-(0-8)],5.0067901611328125e-05,0.017351865768432617,2,True,0
O????Bw|FEXokoNOHw?}?,[(7-15)-(6-11)-(5-13)-(4-14)-(3-12)-(2-10)-(1-9)-(0-8)],5.1975250244140625e-05,0.012211322784423828,1,True,0
O????Bw|FEXoeoToFg@]?,[(7-14)-(6-15)-(5-13)-(4-11)-(3-12)-(2-10)-(1-9)-(0-8)],5.2928924560546875e-05,0.011965036392211914,1,True,0
O????Bw|FEXoeoToFg@]?,[(7-14)-(6-15)-(5-13)-(4-11)-(3-12)-(2-10)-(1-9)-(0-8)],5.817413330078125e-05,0.017663002014160156,2,True,0
O????Bw|FEXoeoToFg@]?,[(7-15)-(6-13)-(5-14)-(4-11)-(3-12)-(2-10)-(1-9)-(0-8)],4.863739013671875e-05,0.012085676193237305,1,True,0
O????Bw|FEXoeoToFg@]?,[(7-15)-(6-13)-(5-14)-(4-11)-(3-12)-(2-10)-(1-9)-(0-8)],5.650520324707031e-05,0.022898435592651367,3,True,0
O????Bw|FEXoeoToFg@]?,[(7-13)-(6-15)-(5-14)-(4-11)-(3-12)-(2-10)-(1-9)-(0-8)],9.202957153320312e-05,0.017804861068725586,2,True,0
O????Bw|FEXoeoToFg@]?,[(7-13)-(6-15)-(5-14)-(4-11)-(3-12)-(2-10)-(1-9)-(0-8)],5.221366882324219e-05,0.022391080856323242,3,True,0
O????Bw|FEXoeoToFg@]?,[(7-14)-(6-13)-(5-15)-(4-11)-(3-12)-(2-10)-(1-9)-(0-8)],5.125999450683594e-05,0.01212310791015625,1,True,0
O????Bw|FEXoeoToFg@]?,[(7-14)-(6-13)-(5-15)-(4-11)-(3-12)-(2-10)-(1-9)-(0-8)],6.532669067382812e-05,0.013090133666992188,1,True,0
O????Bw|FEXoeoToFg@]?,[(7-15)-(6-13)-(5-11)-(4-14)-(3-12)-(2-10)-(1-9)-(0-8)],4.9114227294921875e-05,0.028656959533691406,4,True,0
O????Bw|FEXoeoToFg@]?,[(7-15)-(6-13)-(5-11)-(4-14)-(3-12)-(2-10)-(1-9)-(0-8)],5.1021575927734375e-05,0.01243734359741211,1,True,0
O????Bw|FEXoeoToFg@]?,[(7-13)-(6-15)-(5-11)-(4-14)-(3-12)-(2-10)-(1-9)-(0-8)],4.9114227294921875e-05,0.0237274169921875,3,True,0
O????Bw|FEXoeoToFg@]?,[(7-13)-(6-15)-(5-11)-(4-14)-(3-12)-(2-10)-(1-9)-(0-8)],5.14984130859375e-05,0.017610549926757812,2,True,0
O????Bw|FEXoeoToFg@]?,[(7-15)-(6-11)-(5-13)-(4-14)-(3-12)-(2-10)-(1-9)-(0-8)],5.1021575927734375e-05,0.022684812545776367,3,True,0
O????Bw|FEXoeoToFg@]?,[(7-15)-(6-11)-(5-13)-(4-14)-(3-12)-(2-10)-(1-9)-(0-8)],5.14984130859375e-05,0.019358396530151367,2,True,0
O????Bw|FEXoeoToFg@]?,[(7-13)-(6-11)-(5-15)-(4-14)-(3-12)-(2-10)-(1-9)-(0-8)],4.9591064453125e-05,0.024402141571044922,3,True,0
O????Bw|FEXoeoToFg@]?,[(7-13)-(6-11)-(5-15)-(4-14)-(3-12)-(2-10)-(1-9)-(0-8)],5.030632019042969e-05,0.013887643814086914,1,True,0
O????Bw|FEXoeoToFg@]?,[(7-14)-(6-13)-(5-11)-(4-15)-(3-12)-(2-10)-(1-9)-(0-8)],0.00010848045349121094,0.024225950241088867,3,True,0
O????Bw|FEXoeoToFg@]?,[(7-14)-(6-13)-(5-11)-(4-15)-(3-12)-(2-10)-(1-9)-(0-8)],5.316734313964844e-05,0.013700723648071289,1,True,0
O????Bw|FEXoeoToFg@]?,[(7-14)-(6-11)-(5-13)-(4-15)-(3-12)-(2-10)-(1-9)-(0-8)],4.935264587402344e-05,0.03018474578857422,4,True,0
O????Bw|FEXoeoToFg@]?,[(7-14)-(6-11)-(5-13)-(4-15)-(3-12)-(2-10)-(1-9)-(0-8)],5.1021575927734375e-05,0.019472360610961914,2,True,0
O????Bw|FE[Wz?FoBw?}?,[(7-15)-(6-11)-(5-14)-(4-12)-(3-13)-(2-10)-(1-9)-(0-8)],5.1021575927734375e-05,0.010142326354980469,1,True,0
O????Bw|FE[Wz?FoBw?}?,[(7-15)-(6-11)-(5-14)-(4-12)-(3-13)-(2-10)-(1-9)-(0-8)],7.295608520507812e-05,0.025791168212890625,3,True,0
O????Bw|FE[Wz?FoBw?}?,[(7-11)-(6-15)-(5-14)-(4-12)-(3-13)-(2-10)-(1-9)-(0-8)],4.935264587402344e-05,0.010370254516601562,1,True,0
O????Bw|FE[Wz?FoBw?}?,[(7-11)-(6-15)-(5-14)-(4-12)-(3-13)-(2-10)-(1-9)-(0-8)],7.534027099609375e-05,0.026154518127441406,3,True,0
O????Bw|FE[Wz?FoBw?}?,[(7-14)-(6-11)-(5-15)-(4-12)-(3-13)-(2-10)-(1-9)-(0-8)],5.221366882324219e-05,0.014614105224609375,1,True,0
O????Bw|FE[Wz?FoBw?}?,[(7-14)-(6-11)-(5-15)-(4-12)-(3-13)-(2-10)-(1-9)-(0-8)],7.128715515136719e-05,0.01396632194519043,1,True,0
O????Bw|FE[Wz?FoBw?}?,[(7-11)-(6-14)-(5-15)-(4-12)-(3-13)-(2-10)-(1-9)-(0-8)],5.340576171875e-05,0.013957738876342773,1,True,0
O????Bw|FE[Wz?FoBw?}?,[(7-11)-(6-14)-(5-15)-(4-12)-(3-13)-(2-10)-(1-9)-(0-8)],6.985664367675781e-05,0.013754844665527344,1,True,0
O????Bw|FE[Wz?FoBw?}?,[(7-15)-(6-11)-(5-12)-(4-14)-(3-13)-(2-10)-(1-9)-(0-8)],5.125999450683594e-05,0.010610818862915039,1,True,0
O????Bw|FE[Wz?FoBw?}?,[(7-15)-(6-11)-(5-12)-(4-14)-(3-13)-(2-10)-(1-9)-(0-8)],7.343292236328125e-05,0.025171518325805664,3,True,0
O????Bw|FE[Wz?FoBw?}?,[(7-11)-(6-15)-(5-12)-(4-14)-(3-13)-(2-10)-(1-9)-(0-8)],4.982948303222656e-05,0.010091304779052734,1,True,0
O????Bw|FE[Wz?FoBw?}?,[(7-11)-(6-15)-(5-12)-(4-14)-(3-13)-(2-10)-(1-9)-(0-8)],7.2479248046875e-05,0.024899721145629883,3,True,0
O????Bw|FE[Wz?FoBw?}?,[(7-14)-(6-11)-(5-12)-(4-15)-(3-13)-(2-10)-(1-9)-(0-8)],4.9591064453125e-05,0.010381460189819336,1,True,0
O????Bw|FE[Wz?FoBw?}?,[(7-14)-(6-11)-(5-12)-(4-15)-(3-13)-(2-10)-(1-9)-(0-8)],7.414817810058594e-05,0.03134608268737793,4,True,0
O????Bw|FE[Wz?FoBw?}?,[(7-11)-(6-14)-(5-12)-(4-15)-(3-13)-(2-10)-(1-9)-(0-8)],5.030632019042969e-05,0.011138200759887695,1,True,0
O????Bw|FE[Wz?FoBw?}?,[(7-11)-(6-14)-(5-12)-(4-15)-(3-13)-(2-10)-(1-9)-(0-8)],7.271766662597656e-05,0.031178951263427734,4,True,0
O????Bw|FE[Wz?FoBw?}?,[(7-15)-(6-11)-(5-13)-(4-12)-(3-14)-(2-10)-(1-9)-(0-8)],5.078315734863281e-05,0.015200376510620117,1,True,0
O????Bw|FE[Wz?FoBw?}?,[(7-15)-(6-11)-(5-13)-(4-12)-(3-14)-(2-10)-(1-9)-(0-8)],7.2479248046875e-05,0.018696069717407227,2,True,0
O????Bw|FE[Wz?FoBw?}?,[(7-11)-(6-15)-(5-13)-(4-12)-(3-14)-(2-10)-(1-9)-(0-8)],9.322166442871094e-05,0.014725446701049805,1,True,0
O????Bw|FE[Wz?FoBw?}?,[(7-11)-(6-15)-(5-13)-(4-12)-(3-14)-(2-10)-(1-9)-(0-8)],7.486343383789062e-05,0.019219398498535156,2,True,0
O????Bw|FE[Wf_VODw?}?,[(7-15)-(6-11)-(5-14)-(4-13)-(3-12)-(2-10)-(1-9)-(0-8)],5.316734313964844e-05,0.018950223922729492,2,True,0
O????Bw|FE[Wf_VODw?}?,[(7-15)-(6-11)-(5-14)-(4-13)-(3-12)-(2-10)-(1-9)-(0-8)],4.982948303222656e-05,0.018985271453857422,2,True,0
O????Bw|FE[Wf_VODw?}?,[(7-11)-(6-15)-(5-14)-(4-13)-(3-12)-(2-10)-(1-9)-(0-8)],5.054473876953125e-05,0.013297557830810547,1,True,0
O????Bw|FE[Wf_VODw?}?,[(7-11)-(6-15)-(5-14)-(4-13)-(3-12)-(2-10)-(1-9)-(0-8)],7.152557373046875e-05,0.01327967643737793,1,True,0
O????Bw|FE[Wf_VODw?}?,[(7-14)-(6-11)-(5-15)-(4-13)-(3-12)-(2-10)-(1-9)-(0-8)],4.935264587402344e-05,0.011996030807495117,1,True,0
O????Bw|FE[Wf_VODw?}?,[(7-14)-(6-11)-(5-15)-(4-13)-(3-12)-(2-10)-(1-9)-(0-8)],5.698204040527344e-05,0.010389566421508789,1,True,0
O????Bw|FE[Wf_VODw?}?,[(7-11)-(6-14)-(5-15)-(4-13)-(3-12)-(2-10)-(1-9)-(0-8)],5.7220458984375e-05,0.02292943000793457,3,True,0
O????Bw|FE[Wf_VODw?}?,[(7-11)-(6-14)-(5-15)-(4-13)-(3-12)-(2-10)-(1-9)-(0-8)],5.14984130859375e-05,0.01270604133605957,1,True,0
O????Bw|FE[Wf_VODw?}?,[(7-15)-(6-11)-(5-13)-(4-14)-(3-12)-(2-10)-(1-9)-(0-8)],5.0067901611328125e-05,0.013137578964233398,1,True,0
O????Bw|FE[Wf_VODw?}?,[(7-15)-(6-11)-(5-13)-(4-14)-(3-12)-(2-10)-(1-9)-(0-8)],6.103515625e-05,0.016683578491210938,2,True,0
O????Bw|FE[Wf_VODw?}?,[(7-11)-(6-15)-(5-13)-(4-14)-(3-12)-(2-10)-(1-9)-(0-8)],4.9591064453125e-05,0.01030421257019043,1,True,0
O????Bw|FE[Wf_VODw?}?,[(7-11)-(6-15)-(5-13)-(4-14)-(3-12)-(2-10)-(1-9)-(0-8)],7.390975952148438e-05,0.011821269989013672,1,True,0
O????Bw|FE[Wf_VODw?}?,[(7-13)-(6-11)-(5-15)-(4-14)-(3-12)-(2-10)-(1-9)-(0-8)],4.982948303222656e-05,0.009667396545410156,1,True,0
O????Bw|FE[Wf_VODw?}?,[(7-13)-(6-11)-(5-15)-(4-14)-(3-12)-(2-10)-(1-9)-(0-8)],6.103515625e-05,0.010390996932983398,1,True,0
O????Bw|FE[Wf_VODw?}?,[(7-14)-(6-11)-(5-13)-(4-15)-(3-12)-(2-10)-(1-9)-(0-8)],5.745887756347656e-05,0.017145633697509766,2,True,0
O????Bw|FE[Wf_VODw?}?,[(7-14)-(6-11)-(5-13)-(4-15)-(3-12)-(2-10)-(1-9)-(0-8)],5.125999450683594e-05,0.01277017593383789,1,True,0
O????Bw|FE[Wf_VODw?}?,[(7-11)-(6-14)-(5-13)-(4-15)-(3-12)-(2-10)-(1-9)-(0-8)],5.626678466796875e-05,0.017259597778320312,2,True,0
O????Bw|FE[Wf_VODw?}?,[(7-11)-(6-14)-(5-13)-(4-15)-(3-12)-(2-10)-(1-9)-(0-8)],6.818771362304688e-05,0.012862682342529297,1,True,0
O????Bw|FE[Wf_VODw?}?,[(7-13)-(6-11)-(5-14)-(4-15)-(3-12)-(2-10)-(1-9)-(0-8)],5.0067901611328125e-05,0.00964045524597168,1,True,0
O????Bw|FE[Wf_VODw?}?,[(7-13)-(6-11)-(5-14)-(4-15)-(3-12)-(2-10)-(1-9)-(0-8)],5.9604644775390625e-05,0.022676706314086914,3,True,0
O????Bw|FEXWl_VOBw@]?,[(7-15)-(6-14)-(5-13)-(4-11)-(3-12)-(2-10)-(1-9)-(0-8)],5.2928924560546875e-05,0.013048887252807617,1,True,0
O????Bw|FEXWl_VOBw@]?,[(7-15)-(6-14)-(5-13)-(4-11)-(3-12)-(2-10)-(1-9)-(0-8)],5.6743621826171875e-05,0.02321481704711914,3,True,0
O????Bw|FEXWl_VOBw@]?,[(7-14)-(6-15)-(5-13)-(4-11)-(3-12)-(2-10)-(1-9)-(0-8)],5.0067901611328125e-05,0.01705169677734375,2,True,0
O????Bw|FEXWl_VOBw@]?,[(7-14)-(6-15)-(5-13)-(4-11)-(3-12)-(2-10)-(1-9)-(0-8)],5.125999450683594e-05,0.012955188751220703,1,True,0
O????Bw|FEXWl_VOBw@]?,[(7-13)-(6-15)-(5-14)-(4-11)-(3-12)-(2-10)-(1-9)-(0-8)],5.0067901611328125e-05,0.023168325424194336,3,True,0
O????Bw|FEXWl_VOBw@]?,[(7-13)-(6-15)-(5-14)-(4-11)-(3-12)-(2-10)-(1-9)-(0-8)],5.245208740234375e-05,0.009650707244873047,1,True,0
O????Bw|FEXWl_VOBw@]?,[(7-13)-(6-14)-(5-15)-(4-11)-(3-12)-(2-10)-(1-9)-(0-8)],5.817413330078125e-05,0.01745748519897461,2,True,0
O????Bw|FEXWl_VOBw@]?,[(7-13)-(6-14)-(5-15)-(4-11)-(3-12)-(2-10)-(1-9)-(0-8)],5.245208740234375e-05,0.017738819122314453,2,True,0
O????Bw|FEXWl_VOBw@]?,[(7-15)-(6-11)-(5-14)-(4-13)-(3-12)-(2-10)-(1-9)-(0-8)],4.9591064453125e-05,0.01804637908935547,2,True,0
O????Bw|FEXWl_VOBw@]?,[(7-15)-(6-11)-(5-14)-(4-13)-(3-12)-(2-10)-(1-9)-(0-8)],5.078315734863281e-05,0.012075424194335938,1,True,0
O????Bw|FEXWl_VOBw@]?,[(7-11)-(6-15)-(5-14)-(4-13)-(3-12)-(2-10)-(1-9)-(0-8)],7.462501525878906e-05,0.029010295867919922,4,True,0
O????Bw|FEXWl_VOBw@]?,[(7-11)-(6-15)-(5-14)-(4-13)-(3-12)-(2-10)-(1-9)-(0-8)],5.125999450683594e-05,0.010427474975585938,1,True,0
O????Bw|FEXWl_VOBw@]?,[(7-14)-(6-11)-(5-15)-(4-13)-(3-12)-(2-10)-(1-9)-(0-8)],6.318092346191406e-05,0.02527594566345215,3,True,0
O????Bw|FEXWl_VOBw@]?,[(7-14)-(6-11)-(5-15)-(4-13)-(3-12)-(2-10)-(1-9)-(0-8)],5.245208740234375e-05,0.01706242561340332,2,True,0
O????Bw|FEXWl_VOBw@]?,[(7-11)-(6-14)-(5-15)-(4-13)-(3-12)-(2-10)-(1-9)-(0-8)],5.125999450683594e-05,0.018183231353759766,2,True,0
O????Bw|FEXWl_VOBw@]?,[(7-11)-(6-14)-(5-15)-(4-13)-(3-12)-(2-10)-(1-9)-(0-8)],5.1021575927734375e-05,0.017067432403564453,2,True,0
O????Bw|FEXWl_VOBw@]?,[(7-15)-(6-11)-(5-13)-(4-14)-(3-12)-(2-10)-(1-9)-(0-8)],5.2928924560546875e-05,0.017122268676757812,2,True,0
O????Bw|FEXWl_VOBw@]?,[(7-15)-(6-11)-(5-13)-(4-14)-(3-12)-(2-10)-(1-9)-(0-8)],5.173683166503906e-05,0.01252436637878418,1,True,0
O????Bw|FEXWl_VOBw@]?,[(7-11)-(6-15)-(5-13)-(4-14)-(3-12)-(2-10)-(1-9)-(0-8)],5.054473876953125e-05,0.017468690872192383,2,True,0
O????Bw|FEXWl_VOBw@]?,[(7-11)-(6-15)-(5-13)-(4-14)-(3-12)-(2-10)-(1-9)-(0-8)],5.078315734863281e-05,0.009883642196655273,1,True,0
O????Bwxei^?woJoBw?}?,[(7-15)-(6-12)-(5-14)-(4-13)-(3-10)-(2-11)-(1-9)-(0-8)],6.198883056640625e-05,0.028611421585083008,4,True,0
O????Bwxei^?woJoBw?}?,[(7-15)-(6-12)-(5-14)-(4-13)-(3-10)-(2-11)-(1-9)-(0-8)],7.224082946777344e-05,0.010449409484863281,1,True,0
O????Bwxei^?woJoBw?}?,[(7-12)-(6-15)-(5-14)-(4-13)-(3-10)-(2-11)-(1-9)-(0-8)],5.8650970458984375e-05,0.02940058708190918,4,True,0
O????Bwxei^?woJoBw?}?,[(7-12)-(6-15)-(5-14)-(4-13)-(3-10)-(2-11)-(1-9)-(0-8)],5.316734313964844e-05,0.01026296615600586,1,True,0
O????Bwxei^?woJoBw?}?,[(7-14)-(6-12)-(5-15)-(4-13)-(3-10)-(2-11)-(1-9)-(0-8)],5.817413330078125e-05,0.029267311096191406,4,True,0
O????Bwxei^?woJoBw?}?,[(7-14)-(6-12)-(5-15)-(4-13)-(3-10)-(2-11)-(1-9)-(0-8)],5.221366882324219e-05,0.016890287399291992,2,True,0
O????Bwxei^?woJoBw?}?,[(7-12)-(6-14)-(5-15)-(4-13)-(3-10)-(2-11)-(1-9)-(0-8)],4.887580871582031e-05,0.03617978096008301,5,True,0
O????Bwxei^?woJoBw?}?,[(7-12)-(6-14)-(5-15)-(4-13)-(3-10)-(2-11)-(1-9)-(0-8)],5.340576171875e-05,0.018221378326416016,2,True,0
O????Bwxei^?woJoBw?}?,[(7-15)-(6-12)-(5-13)-(4-14)-(3-10)-(2-11)-(1-9)-(0-8)],6.604194641113281e-05,0.023230314254760742,3,True,0
O????Bwxei^?woJoBw?}?,[(7-15)-(6-12)-(5-13)-(4-14)-(3-10)-(2-11)-(1-9)-(0-8)],5.1975250244140625e-05,0.009423017501831055,1,True,0
O????Bwxei^?woJoBw?}?,[(7-12)-(6-15)-(5-13)-(4-14)-(3-10)-(2-11)-(1-9)-(0-8)],6.175041198730469e-05,0.017580032348632812,2,True,0
O????Bwxei^?woJoBw?}?,[(7-12)-(6-15)-(5-13)-(4-14)-(3-10)-(2-11)-(1-9)-(0-8)],5.1975250244140625e-05,0.009104013442993164,1,True,0
O????Bwxei^?woJoBw?}?,[(7-13)-(6-12)-(5-15)-(4-14)-(3-10)-(2-11)-(1-9)-(0-8)],6.127357482910156e-05,0.022885560989379883,3,True,0
O????Bwxei^?woJoBw?}?,[(7-13)-(6-12)-(5-15)-(4-14)-(3-10)-(2-11)-(1-9)-(0-8)],9.083747863769531e-05,0.022624492645263672,3,True,0
O????Bwxei^?woJoBw?}?,[(7-12)-(6-13)-(5-15)-(4-14)-(3-10)-(2-11)-(1-9)-(0-8)],4.9114227294921875e-05,0.023443222045898438,3,True,0
O????Bwxei^?woJoBw?}?,[(7-12)-(6-13)-(5-15)-(4-14)-(3-10)-(2-11)-(1-9)-(0-8)],6.103515625e-05,0.009382247924804688,1,True,0
O????Bwxei^?woJoBw?}?,[(7-14)-(6-12)-(5-13)-(4-15)-(3-10)-(2-11)-(1-9)-(0-8)],5.7220458984375e-05,0.02921915054321289,4,True,0
O????Bwxei^?woJoBw?}?,[(7-14)-(6-12)-(5-13)-(4-15)-(3-10)-(2-11)-(1-9)-(0-8)],7.43865966796875e-05,0.012590646743774414,1,True,0
O????Bwxei^?woJoBw?}?,[(7-12)-(6-14)-(5-13)-(4-15)-(3-10)-(2-11)-(1-9)-(0-8)],5.125999450683594e-05,0.022822856903076172,3,True,0
O????Bwxei^?woJoBw?}?,[(7-12)-(6-14)-(5-13)-(4-15)-(3-10)-(2-11)-(1-9)-(0-8)],5.173683166503906e-05,0.009814262390136719,1,True,0
O????BwxeiRotOYoFW@]?,[(7-15)-(6-14)-(5-12)-(4-11)-(3-10)-(2-13)-(1-9)-(0-8)],6.461143493652344e-05,0.011968851089477539,1,True,0
O????BwxeiRotOYoFW@]?,[(7-15)-(6-14)-(5-12)-(4-11)-(3-10)-(2-13)-(1-9)-(0-8)],6.389617919921875e-05,0.023107528686523438,3,True,0
O????BwxeiRotOYoFW@]?,[(7-14)-(6-15)-(5-12)-(4-11)-(3-10)-(2-13)-(1-9)-(0-8)],5.269050598144531e-05,0.01759505271911621,2,True,0
O????BwxeiRotOYoFW@]?,[(7-14)-(6-15)-(5-12)-(4-11)-(3-10)-(2-13)-(1-9)-(0-8)],5.14984130859375e-05,0.009211063385009766,1,True,0
O????BwxeiRotOYoFW@]?,[(7-12)-(6-14)-(5-15)-(4-11)-(3-10)-(2-13)-(1-9)-(0-8)],5.650520324707031e-05,0.018419742584228516,2,True,0
O????BwxeiRotOYoFW@]?,[(7-12)-(6-14)-(5-15)-(4-11)-(3-10)-(2-13)-(1-9)-(0-8)],5.1975250244140625e-05,0.009340047836303711,1,True,0
O????BwxeiRotOYoFW@]?,[(7-12)-(6-15)-(5-11)-(4-14)-(3-10)-(2-13)-(1-9)-(0-8)],5.745887756347656e-05,0.018431901931762695,2,True,0
O????BwxeiRotOYoFW@]?,[(7-12)-(6-15)-(5-11)-(4-14)-(3-10)-(2-13)-(1-9)-(0-8)],5.221366882324219e-05,0.012102365493774414,1,True,0
O????BwxeiRotOYoFW@]?,[(7-15)-(6-11)-(5-12)-(4-14)-(3-10)-(2-13)-(1-9)-(0-8)],5.1975250244140625e-05,0.017878055572509766,2,True,0
O????BwxeiRotOYoFW@]?,[(7-15)-(6-11)-(5-12)-(4-14)-(3-10)-(2-13)-(1-9)-(0-8)],5.1975250244140625e-05,0.009185314178466797,1,True,0
O????BwxeiRotOYoFW@]?,[(7-12)-(6-11)-(5-15)-(4-14)-(3-10)-(2-13)-(1-9)-(0-8)],5.936622619628906e-05,0.0231020450592041,3,True,0
O????BwxeiRotOYoFW@]?,[(7-12)-(6-11)-(5-15)-(4-14)-(3-10)-(2-13)-(1-9)-(0-8)],5.173683166503906e-05,0.01021265983581543,1,True,0
O????BwxeiRotOYoFW@]?,[(7-12)-(6-14)-(5-11)-(4-15)-(3-10)-(2-13)-(1-9)-(0-8)],5.841255187988281e-05,0.023472309112548828,3,True,0
O????BwxeiRotOYoFW@]?,[(7-12)-(6-14)-(5-11)-(4-15)-(3-10)-(2-13)-(1-9)-(0-8)],5.245208740234375e-05,0.009613752365112305,1,True,0
O????BwxeiRotOYoFW@]?,[(7-14)-(6-11)-(5-12)-(4-15)-(3-10)-(2-13)-(1-9)-(0-8)],5.7697296142578125e-05,0.023062467575073242,3,True,0
O????BwxeiRotOYoFW@]?,[(7-14)-(6-11)-(5-12)-(4-15)-(3-10)-(2-13)-(1-9)-(0-8)],5.1975250244140625e-05,0.009433269500732422,1,True,0
O????BwxeiRotOYoFW@]?,[(7-12)-(6-15)-(5-10)-(4-14)-(3-11)-(2-13)-(1-9)-(0-8)],5.817413330078125e-05,0.02940511703491211,4,True,0
O????BwxeiRotOYoFW@]?,[(7-12)-(6-15)-(5-10)-(4-14)-(3-11)-(2-13)-(1-9)-(0-8)],5.602836608886719e-05,0.028957366943359375,4,True,0
O????BwxeiRotOYoFW@]?,[(7-10)-(6-15)-(5-12)-(4-14)-(3-11)-(2-13)-(1-9)-(0-8)],5.078315734863281e-05,0.02948284149169922,4,True,0
O????BwxeiRotOYoFW@]?,[(7-10)-(6-15)-(5-12)-(4-14)-(3-11)-(2-13)-(1-9)-(0-8)],5.507469177246094e-05,0.028967857360839844,4,True,0
O????BwxeiXW}?LoDw?}?,[(7-15)-(6-14)-(5-13)-(4-11)-(3-10)-(2-12)-(1-9)-(0-8)],5.316734313964844e-05,0.018032550811767578,2,True,0
O????BwxeiXW}?LoDw?}?,[(7-15)-(6-14)-(5-13)-(4-11)-(3-10)-(2-12)-(1-9)-(0-8)],5.125999450683594e-05,0.011759042739868164,1,True,0
O????BwxeiXW}?LoDw?}?,[(7-14)-(6-15)-(5-13)-(4-11)-(3-10)-(2-12)-(1-9)-(0-8)],4.9591064453125e-05,0.012827634811401367,1,True,0
O????BwxeiXW}?LoDw?}?,[(7-14)-(6-15)-(5-13)-(4-11)-(3-10)-(2-12)-(1-9)-(0-8)],5.626678466796875e-05,0.009481191635131836,1,True,0
O????BwxeiXW}?LoDw?}?,[(7-15)-(6-13)-(5-14)-(4-11)-(3-10)-(2-12)-(1-9)-(0-8)],5.698204040527344e-05,0.022838115692138672,3,True,0
O????BwxeiXW}?LoDw?}?,[(7-15)-(6-13)-(5-14)-(4-11)-(3-10)-(2-12)-(1-9)-(0-8)],5.14984130859375e-05,0.01756596565246582,2,True,0
O????BwxeiXW}?LoDw?}?,[(7-13)-(6-15)-(5-14)-(4-11)-(3-10)-(2-12)-(1-9)-(0-8)],5.054473876953125e-05,0.017042875289916992,2,True,0
O????BwxeiXW}?LoDw?}?,[(7-13)-(6-15)-(5-14)-(4-11)-(3-10)-(2-12)-(1-9)-(0-8)],8.749961853027344e-05,0.02267932891845703,3,True,0
O????BwxeiXW}?LoDw?}?,[(7-14)-(6-13)-(5-15)-(4-11)-(3-10)-(2-12)-(1-9)-(0-8)],4.982948303222656e-05,0.02321791648864746,3,True,0
O????BwxeiXW}?LoDw?}?,[(7-14)-(6-13)-(5-15)-(4-11)-(3-10)-(2-12)-(1-9)-(0-8)],7.176399230957031e-05,0.009431600570678711,1,True,0
O????BwxeiXW}?LoDw?}?,[(7-13)-(6-14)-(5-15)-(4-11)-(3-10)-(2-12)-(1-9)-(0-8)],5.817413330078125e-05,0.010848045349121094,1,True,0
O????BwxeiXW}?LoDw?}?,[(7-13)-(6-14)-(5-15)-(4-11)-(3-10)-(2-12)-(1-9)-(0-8)],5.8650970458984375e-05,0.011868000030517578,1,True,0
O????BwxeiXW}?LoDw?}?,[(7-15)-(6-11)-(5-13)-(4-14)-(3-10)-(2-12)-(1-9)-(0-8)],4.9591064453125e-05,0.01265406608581543,1,True,0
O????BwxeiXW}?LoDw?}?,[(7-15)-(6-11)-(5-13)-(4-14)-(3-10)-(2-12)-(1-9)-(0-8)],5.698204040527344e-05,0.011942625045776367,1,True,0
O????BwxeiXW}?LoDw?}?,[(7-11)-(6-15)-(5-13)-(4-14)-(3-10)-(2-12)-(1-9)-(0-8)],9.059906005859375e-05,0.01797318458557129,2,True,0
O????BwxeiXW}?LoDw?}?,[(7-11)-(6-15)-(5-13)-(4-14)-(3-10)-(2-12)-(1-9)-(0-8)],5.030632019042969e-05,0.011933326721191406,1,True,0
O????BwxeiXW}?LoDw?}?,[(7-13)-(6-11)-(5-15)-(4-14)-(3-10)-(2-12)-(1-9)-(0-8)],4.935264587402344e-05,0.018410682678222656,2,True,0
O????BwxeiXW}?LoDw?}?,[(7-13)-(6-11)-(5-15)-(4-14)-(3-10)-(2-12)-(1-9)-(0-8)],5.1021575927734375e-05,0.012531280517578125,1,True,0
O????BwxeiXW}?LoDw?}?,[(7-11)-(6-13)-(5-15)-(4-14)-(3-10)-(2-12)-(1-9)-(0-8)],5.269050598144531e-05,0.018176794052124023,2,True,0
O????BwxeiXW}?LoDw?}?,[(7-11)-(6-13)-(5-15)-(4-14)-(3-10)-(2-12)-(1-9)-(0-8)],5.173683166503906e-05,0.017345666885375977,2,True,0
O????BwxeiXWn?XoFW?}?,[(7-15)-(6-14)-(5-13)-(4-11)-(3-10)-(2-12)-(1-9)-(0-8)],5.435943603515625e-05,0.012554407119750977,1,True,0
O????BwxeiXWn?XoFW?}?,[(7-15)-(6-14)-(5-13)-(4-11)-(3-10)-(2-12)-(1-9)-(0-8)],5.650520324707031e-05,0.023565053939819336,3,True,0
O????BwxeiXWn?XoFW?}?,[(7-14)-(6-15)-(5-13)-(4-11)-(3-10)-(2-12)-(1-9)-(0-8)],4.9591064453125e-05,0.009623289108276367,1,True,0
O????BwxeiXWn?XoFW?}?,[(7-14)-(6-15)-(5-13)-(4-11)-(3-10)-(2-12)-(1-9)-(0-8)],0.00011110305786132812,0.01767706871032715,2,True,0
O????BwxeiXWn?XoFW?}?,[(7-14)-(6-13)-(5-15)-(4-11)-(3-10)-(2-12)-(1-9)-(0-8)],4.982948303222656e-05,0.017764568328857422,2,True,0
O????BwxeiXWn?XoFW?}?,[(7-14)-(6-13)-(5-15)-(4-11)-(3-10)-(2-12)-(1-9)-(0-8)],5.173683166503906e-05,0.01731395721435547,2,True,0
O????BwxeiXWn?XoFW?}?,[(7-13)-(6-14)-(5-15)-(4-11)-(3-10)-(2-12)-(1-9)-(0-8)],7.82012939453125e-05,0.018228769302368164,2,True,0
O????BwxeiXWn?XoFW?}?,[(7-13)-(6-14)-(5-15)-(4-11)-(3-10)-(2-12)-(1-9)-(0-8)],5.030632019042969e-05,0.023314714431762695,3,True,0
O????BwxeiXWn?XoFW?}?,[(7-15)-(6-11)-(5-13)-(4-14)-(3-10)-(2-12)-(1-9)-(0-8)],4.982948303222656e-05,0.01764678955078125,2,True,0
O????BwxeiXWn?XoFW?}?,[(7-15)-(6-11)-(5-13)-(4-14)-(3-10)-(2-12)-(1-9)-(0-8)],5.245208740234375e-05,0.01748943328857422,2,True,0
O????BwxeiXWn?XoFW?}?,[(7-11)-(6-15)-(5-13)-(4-14)-(3-10)-(2-12)-(1-9)-(0-8)],5.078315734863281e-05,0.01790452003479004,2,True,0
O????BwxeiXWn?XoFW?}?,[(7-11)-(6-15)-(5-13)-(4-14)-(3-10)-(2-12)-(1-9)-(0-8)],8.416175842285156e-05,0.017140626907348633,2,True,0
O????BwxeiXWn?XoFW?}?,[(7-13)-(6-11)-(5-15)-(4-14)-(3-10)-(2-12)-(1-9)-(0-8)],6.4849853515625e-05,0.0236208438873291,3,True,0
O????BwxeiXWn?XoFW?}?,[(7-13)-(6-11)-(5-15)-(4-14)-(3-10)-(2-12)-(1-9)-(0-8)],7.271766662597656e-05,0.010466814041137695,1,True,0
O????BwxeiXWn?XoFW?}?,[(7-11)-(6-13)-(5-15)-(4-14)-(3-10)-(2-12)-(1-9)-(0-8)],5.7220458984375e-05,0.029651403427124023,4,True,0
O????BwxeiXWn?XoFW?}?,[(7-11)-(6-13)-(5-15)-(4-14)-(3-10)-(2-12)-(1-9)-(0-8)],5.245208740234375e-05,0.022429227828979492,3,True,0
O????BwxeiXWn?XoFW?}?,[(7-14)-(6-11)-(5-13)-(4-15)-(3-10)-(2-12)-(1-9)-(0-8)],5.412101745605469e-05,0.02228713035583496,3,True,0
O????BwxeiXWn?XoFW?}?,[(7-14)-(6-11)-(5-13)-(4-15)-(3-10)-(2-12)-(1-9)-(0-8)],5.054473876953125e-05,0.017668724060058594,2,True,0
O????BwxeiXWn?XoFW?}?,[(7-11)-(6-14)-(5-13)-(4-15)-(3-10)-(2-12)-(1-9)-(0-8)],4.935264587402344e-05,0.023316621780395508,3,True,0
O????BwxeiXWn?XoFW?}?,[(7-11)-(6-14)-(5-13)-(4-15)-(3-10)-(2-12)-(1-9)-(0-8)],5.078315734863281e-05,0.009539604187011719,1,True,0
O????BwxeiXWf_ZOFW@m?,[(7-15)-(6-14)-(5-12)-(4-11)-(3-10)-(2-13)-(1-9)-(0-8)],6.127357482910156e-05,0.017435789108276367,2,True,0
O????BwxeiXWf_ZOFW@m?,[(7-15)-(6-14)-(5-12)-(4-11)-(3-10)-(2-13)-(1-9)-(0-8)],5.173683166503906e-05,0.0171658992767334,2,True,0
O????BwxeiXWf_ZOFW@m?,[(7-14)-(6-15)-(5-12)-(4-11)-(3-10)-(2-13)-(1-9)-(0-8)],7.915496826171875e-05,0.028612613677978516,4,True,0
O????BwxeiXWf_ZOFW@m?,[(7-14)-(6-15)-(5-12)-(4-11)-(3-10)-(2-13)-(1-9)-(0-8)],5.1021575927734375e-05,0.023551464080810547,3,True,0
O????BwxeiXWf_ZOFW@m?,[(7-14)-(6-12)-(5-15)-(4-11)-(3-10)-(2-13)-(1-9)-(0-8)],5.3882598876953125e-05,0.01272130012512207,1,True,0
O????BwxeiXWf_ZOFW@m?,[(7-14)-(6-12)-(5-15)-(4-11)-(3-10)-(2-13)-(1-9)-(0-8)],5.698204040527344e-05,0.022081613540649414,3,True,0
O????BwxeiXWf_ZOFW@m?,[(7-14)-(6-11)-(5-15)-(4-12)-(3-10)-(2-13)-(1-9)-(0-8)],5.507469177246094e-05,0.012259483337402344,1,True,0
O????BwxeiXWf_ZOFW@m?,[(7-14)-(6-11)-(5-15)-(4-12)-(3-10)-(2-13)-(1-9)-(0-8)],5.602836608886719e-05,0.023557662963867188,3,True,0
O????BwxeiXWf_ZOFW@m?,[(7-11)-(6-14)-(5-15)-(4-12)-(3-10)-(2-13)-(1-9)-(0-8)],4.9591064453125e-05,0.012001276016235352,1,True,0
O????BwxeiXWf_ZOFW@m?,[(7-11)-(6-14)-(5-15)-(4-12)-(3-10)-(2-13)-(1-9)-(0-8)],5.5789947509765625e-05,0.02362370491027832,3,True,0
O????BwxeiXWf_ZOFW@m?,[(7-15)-(6-11)-(5-12)-(4-14)-(3-10)-(2-13)-(1-9)-(0-8)],5.078315734863281e-05,0.017625808715820312,2,True,0
O????BwxeiXWf_ZOFW@m?,[(7-15)-(6-11)-(5-12)-(4-14)-(3-10)-(2-13)-(1-9)-(0-8)],6.580352783203125e-05,0.013361215591430664,1,True,0
O????BwxeiXWf_ZOFW@m?,[(7-11)-(6-15)-(5-12)-(4-14)-(3-10)-(2-13)-(1-9)-(0-8)],5.0067901611328125e-05,0.018375396728515625,2,True,0
O????BwxeiXWf_ZOFW@m?,[(7-11)-(6-15)-(5-12)-(4-14)-(3-10)-(2-13)-(1-9)-(0-8)],5.1021575927734375e-05,0.012131690979003906,1,True,0
O????BwxeiXWf_ZOFW@m?,[(7-11)-(6-12)-(5-15)-(4-14)-(3-10)-(2-13)-(1-9)-(0-8)],9.036064147949219e-05,0.013292312622070312,1,True,0
O????BwxeiXWf_ZOFW@m?,[(7-11)-(6-12)-(5-15)-(4-14)-(3-10)-(2-13)-(1-9)-(0-8)],5.888938903808594e-05,0.02328014373779297,3,True,0
O????BwxeiXWf_ZOFW@m?,[(7-15)-(6-14)-(5-10)-(4-11)-(3-12)-(2-13)-(1-9)-(0-8)],5.030632019042969e-05,0.016878604888916016,2,True,0
O????BwxeiXWf_ZOFW@m?,[(7-15)-(6-14)-(5-10)-(4-11)-(3-12)-(2-13)-(1-9)-(0-8)],5.078315734863281e-05,0.02295231819152832,3,True,0
O????BwxeiXWf_ZOFW@m?,[(7-14)-(6-15)-(5-10)-(4-11)-(3-12)-(2-13)-(1-9)-(0-8)],5.078315734863281e-05,0.02869105339050293,4,True,0
O????BwxeiXWf_ZOFW@m?,[(7-14)-(6-15)-(5-10)-(4-11)-(3-12)-(2-13)-(1-9)-(0-8)],5.14984130859375e-05,0.02340388298034668,3,True,0
O????BwpvoWwl_ZOFW?}?,[(7-15)-(6-14)-(5-11)-(4-13)-(3-12)-(2-10)-(1-9)-(0-8)],5.1975250244140625e-05,0.023398637771606445,3,True,0
O????BwpvoWwl_ZOFW?}?,[(7-15)-(6-14)-(5-11)-(4-13)-(3-12)-(2-10)-(1-9)-(0-8)],5.245208740234375e-05,0.017257213592529297,2,True,0
O????BwpvoWwl_ZOFW?}?,[(7-14)-(6-15)-(5-11)-(4-13)-(3-12)-(2-10)-(1-9)-(0-8)],5.364418029785156e-05,0.022861957550048828,3,True,0
O????BwpvoWwl_ZOFW?}?,[(7-14)-(6-15)-(5-11)-(4-13)-(3-12)-(2-10)-(1-9)-(0-8)],5.125999450683594e-05,0.017833709716796875,2,True,0
O????BwpvoWwl_ZOFW?}?,[(7-14)-(6-11)-(5-15)-(4-13)-(3-12)-(2-10)-(1-9)-(0-8)],4.9114227294921875e-05,0.012017965316772461,1,True,0
O????BwpvoWwl_ZOFW?}?,[(7-14)-(6-11)-(5-15)-(4-13)-(3-12)-(2-10)-(1-9)-(0-8)],5.6743621826171875e-05,0.017837047576904297,2,True,0
O????BwpvoWwl_ZOFW?}?,[(7-11)-(6-14)-(5-15)-(4-13)-(3-12)-(2-10)-(1-9)-(0-8)],4.9591064453125e-05,0.02293252944946289,3,True,0
O????BwpvoWwl_ZOFW?}?,[(7-11)-(6-14)-(5-15)-(4-13)-(3-12)-(2-10)-(1-9)-(0-8)],5.173683166503906e-05,0.01687335968017578,2,True,0
O????BwpvoWwl_ZOFW?}?,[(7-13)-(6-15)-(5-11)-(4-14)-(3-12)-(2-10)-(1-9)-(0-8)],5.245208740234375e-05,0.01337575912475586,1,True,0
O????BwpvoWwl_ZOFW?}?,[(7-13)-(6-15)-(5-11)-(4-14)-(3-12)-(2-10)-(1-9)-(0-8)],5.698204040527344e-05,0.012102365493774414,1,True,0
O????BwpvoWwl_ZOFW?}?,[(7-15)-(6-11)-(5-13)-(4-14)-(3-12)-(2-10)-(1-9)-(0-8)],6.198883056640625e-05,0.018295764923095703,2,True,0
O????BwpvoWwl_ZOFW?}?,[(7-15)-(6-11)-(5-13)-(4-14)-(3-12)-(2-10)-(1-9)-(0-8)],5.030632019042969e-05,0.012186050415039062,1,True,0
O????BwpvoWwl_ZOFW?}?,[(7-11)-(6-15)-(5-13)-(4-14)-(3-12)-(2-10)-(1-9)-(0-8)],5.173683166503906e-05,0.029666423797607422,4,True,0
O????BwpvoWwl_ZOFW?}?,[(7-11)-(6-15)-(5-13)-(4-14)-(3-12)-(2-10)-(1-9)-(0-8)],5.698204040527344e-05,0.017623424530029297,2,True,0
O????BwpvoWwl_ZOFW?}?,[(7-13)-(6-11)-(5-15)-(4-14)-(3-12)-(2-10)-(1-9)-(0-8)],5.0067901611328125e-05,0.017429828643798828,2,True,0
O????BwpvoWwl_ZOFW?}?,[(7-13)-(6-11)-(5-15)-(4-14)-(3-12)-(2-10)-(1-9)-(0-8)],5.1021575927734375e-05,0.011799335479736328,1,True,0
O????BwpvoWwl_ZOFW?}?,[(7-13)-(6-14)-(5-11)-(4-15)-(3-12)-(2-10)-(1-9)-(0-8)],5.030632019042969e-05,0.022693157196044922,3,True,0
O????BwpvoWwl_ZOFW?}?,[(7-13)-(6-14)-(5-11)-(4-15)-(3-12)-(2-10)-(1-9)-(0-8)],5.078315734863281e-05,0.017216205596923828,2,True,0
O????BwpvoWwl_ZOFW?}?,[(7-14)-(6-11)-(5-13)-(4-15)-(3-12)-(2-10)-(1-9)-(0-8)],5.0067901611328125e-05,0.016891002655029297,2,True,0
O????BwpvoWwl_ZOFW?}?,[(7-14)-(6-11)-(5-13)-(4-15)-(3-12)-(2-10)-(1-9)-(0-8)],5.125999450683594e-05,0.01285862922668457,1,True,0
O????BwpvgToxOUoFW?}?,[(7-15)-(6-14)-(5-12)-(4-11)-(3-13)-(2-10)-(1-9)-(0-8)],6.628036499023438e-05,0.009176254272460938,1,True,0
O????BwpvgToxOUoFW?}?,[(7-15)-(6-14)-(5-12)-(4-11)-(3-13)-(2-10)-(1-9)-(0-8)],5.793571472167969e-05,0.022590160369873047,3,True,0
O????BwpvgToxOUoFW?}?,[(7-14)-(6-15)-(5-12)-(4-11)-(3-13)-(2-10)-(1-9)-(0-8)],7.677078247070312e-05,0.023291349411010742,3,True,0
O????BwpvgToxOUoFW?}?,[(7-14)-(6-15)-(5-12)-(4-11)-(3-13)-(2-10)-(1-9)-(0-8)],5.1975250244140625e-05,0.017027616500854492,2,True,0
O????BwpvgToxOUoFW?}?,[(7-12)-(6-14)-(5-15)-(4-11)-(3-13)-(2-10)-(1-9)-(0-8)],5.269050598144531e-05,0.017445802688598633,2,True,0
O????BwpvgToxOUoFW?}?,[(7-12)-(6-14)-(5-15)-(4-11)-(3-13)-(2-10)-(1-9)-(0-8)],5.125999450683594e-05,0.022717714309692383,3,True,0
O????BwpvgToxOUoFW?}?,[(7-12)-(6-15)-(5-11)-(4-14)-(3-13)-(2-10)-(1-9)-(0-8)],5.0067901611328125e-05,0.017246246337890625,2,True,0
O????BwpvgToxOUoFW?}?,[(7-12)-(6-15)-(5-11)-(4-14)-(3-13)-(2-10)-(1-9)-(0-8)],5.435943603515625e-05,0.01233530044555664,1,True,0
O????BwpvgToxOUoFW?}?,[(7-15)-(6-11)-(5-12)-(4-14)-(3-13)-(2-10)-(1-9)-(0-8)],4.982948303222656e-05,0.01735520362854004,2,True,0
O????BwpvgToxOUoFW?}?,[(7-15)-(6-11)-(5-12)-(4-14)-(3-13)-(2-10)-(1-9)-(0-8)],5.14984130859375e-05,0.012124300003051758,1,True,0
O????BwpvgToxOUoFW?}?,[(7-12)-(6-11)-(5-15)-(4-14)-(3-13)-(2-10)-(1-9)-(0-8)],4.935264587402344e-05,0.02250218391418457,3,True,0
O????BwpvgToxOUoFW?}?,[(7-12)-(6-11)-(5-15)-(4-14)-(3-13)-(2-10)-(1-9)-(0-8)],5.245208740234375e-05,0.022855520248413086,3,True,0
O????BwpvgToxOUoFW?}?,[(7-12)-(6-14)-(5-11)-(4-15)-(3-13)-(2-10)-(1-9)-(0-8)],5.14984130859375e-05,0.02876448631286621,4,True,0
O????BwpvgToxOUoFW?}?,[(7-12)-(6-14)-(5-11)-(4-15)-(3-13)-(2-10)-(1-9)-(0-8)],7.462501525878906e-05,0.017719030380249023,2,True,0
O????BwpvgToxOUoFW?}?,[(7-14)-(6-11)-(5-12)-(4-15)-(3-13)-(2-10)-(1-9)-(0-8)],5.650520324707031e-05,0.028490066528320312,4,True,0
O????BwpvgToxOUoFW?}?,[(7-14)-(6-11)-(5-12)-(4-15)-(3-13)-(2-10)-(1-9)-(0-8)],5.1021575927734375e-05,0.017702341079711914,2,True,0
O????BwpvgToxOUoFW?}?,[(7-15)-(6-13)-(5-12)-(4-11)-(3-14)-(2-10)-(1-9)-(0-8)],5.030632019042969e-05,0.009234905242919922,1,True,0
O????BwpvgToxOUoFW?}?,[(7-15)-(6-13)-(5-12)-(4-11)-(3-14)-(2-10)-(1-9)-(0-8)],5.7697296142578125e-05,0.017704010009765625,2,True,0
O????BwpvgToxOUoFW?}?,[(7-13)-(6-15)-(5-12)-(4-11)-(3-14)-(2-10)-(1-9)-(0-8)],6.67572021484375e-05,0.023007869720458984,3,True,0
O????BwpvgToxOUoFW?}?,[(7-13)-(6-15)-(5-12)-(4-11)-(3-14)-(2-10)-(1-9)-(0-8)],5.173683166503906e-05,0.0225217342376709,3,True,0
O????BwpvgXWm_ZOEw?}?,[(7-15)-(6-14)-(5-13)-(4-11)-(3-12)-(2-10)-(1-9)-(0-8)],5.459785461425781e-05,0.017012357711791992,2,True,0
O????BwpvgXWm_ZOEw?}?,[(7-15)-(6-14)-(5-13)-(4-11)-(3-12)-(2-10)-(1-9)-(0-8)],5.507469177246094e-05,0.012593746185302734,1,True,0
O????BwpvgXWm_ZOEw?}?,[(7-14)-(6-15)-(5-13)-(4-11)-(3-12)-(2-10)-(1-9)-(0-8)],5.078315734863281e-05,0.01208949089050293,1,True,0
O????BwpvgXWm_ZOEw?}?,[(7-14)-(6-15)-(5-13)-(4-11)-(3-12)-(2-10)-(1-9)-(0-8)],5.698204040527344e-05,0.009977579116821289,1,True,0
O????BwpvgXWm_ZOEw?}?,[(7-13)-(6-15)-(5-14)-(4-11)-(3-12)-(2-10)-(1-9)-(0-8)],5.7697296142578125e-05,0.017794132232666016,2,True,0
O????BwpvgXWm_ZOEw?}?,[(7-13)-(6-15)-(5-14)-(4-11)-(3-12)-(2-10)-(1-9)-(0-8)],5.173683166503906e-05,0.018126964569091797,2,True,0
O????BwpvgXWm_ZOEw?}?,[(7-13)-(6-14)-(5-15)-(4-11)-(3-12)-(2-10)-(1-9)-(0-8)],5.316734313964844e-05,0.011858224868774414,1,True,0
O????BwpvgXWm_ZOEw?}?,[(7-13)-(6-14)-(5-15)-(4-11)-(3-12)-(2-10)-(1-9)-(0-8)],5.650520324707031e-05,0.018047094345092773,2,True,0
O????BwpvgXWm_ZOEw?}?,[(7-15)-(6-11)-(5-14)-(4-13)-(3-12)-(2-10)-(1-9)-(0-8)],4.887580871582031e-05,0.017698049545288086,2,True,0
O????BwpvgXWm_ZOEw?}?,[(7-15)-(6-11)-(5-14)-(4-13)-(3-12)-(2-10)-(1-9)-(0-8)],5.14984130859375e-05,0.029412031173706055,4,True,0
O????BwpvgXWm_ZOEw?}?,[(7-11)-(6-15)-(5-14)-(4-13)-(3-12)-(2-10)-(1-9)-(0-8)],4.982948303222656e-05,0.017105817794799805,2,True,0
O????BwpvgXWm_ZOEw?}?,[(7-11)-(6-15)-(5-14)-(4-13)-(3-12)-(2-10)-(1-9)-(0-8)],5.054473876953125e-05,0.018389225006103516,2,True,0
O????BwpvgXWm_ZOEw?}?,[(7-14)-(6-11)-(5-15)-(4-13)-(3-12)-(2-10)-(1-9)-(0-8)],4.982948303222656e-05,0.01737189292907715,2,True,0
O????BwpvgXWm_ZOEw?}?,[(7-14)-(6-11)-(5-15)-(4-13)-(3-12)-(2-10)-(1-9)-(0-8)],5.1975250244140625e-05,0.017455577850341797,2,True,0
O????BwpvgXWm_ZOEw?}?,[(7-11)-(6-14)-(5-15)-(4-13)-(3-12)-(2-10)-(1-9)-(0-8)],5.0067901611328125e-05,0.018360137939453125,2,True,0
O????BwpvgXWm_ZOEw?}?,[(7-11)-(6-14)-(5-15)-(4-13)-(3-12)-(2-10)-(1-9)-(0-8)],5.1975250244140625e-05,0.01692485809326172,2,True,0
O????BwpvgXWm_ZOEw?}?,[(7-14)-(6-11)-(5-13)-(4-15)-(3-12)-(2-10)-(1-9)-(0-8)],5.245208740234375e-05,0.01708817481994629,2,True,0
O????BwpvgXWm_ZOEw?}?,[(7-14)-(6-11)-(5-13)-(4-15)-(3-12)-(2-10)-(1-9)-(0-8)],5.078315734863281e-05,0.012746572494506836,1,True,0
O????BwpvgXWm_ZOEw?}?,[(7-11)-(6-14)-(5-13)-(4-15)-(3-12)-(2-10)-(1-9)-(0-8)],5.054473876953125e-05,0.016755104064941406,2,True,0
O????BwpvgXWm_ZOEw?}?,[(7-11)-(6-14)-(5-13)-(4-15)-(3-12)-(2-10)-(1-9)-(0-8)],5.173683166503906e-05,0.022882461547851562,3,True,0
O????BwpvgXWj_VOFW@m?,[(7-15)-(6-14)-(5-12)-(4-11)-(3-13)-(2-10)-(1-9)-(0-8)],5.125999450683594e-05,0.022816896438598633,3,True,0
O????BwpvgXWj_VOFW@m?,[(7-15)-(6-14)-(5-12)-(4-11)-(3-13)-(2-10)-(1-9)-(0-8)],5.4836273193359375e-05,0.022852420806884766,3,True,0
O????BwpvgXWj_VOFW@m?,[(7-14)-(6-15)-(5-12)-(4-11)-(3-13)-(2-10)-(1-9)-(0-8)],5.054473876953125e-05,0.023021697998046875,3,True,0
O????BwpvgXWj_VOFW@m?,[(7-14)-(6-15)-(5-12)-(4-11)-(3-13)-(2-10)-(1-9)-(0-8)],5.1975250244140625e-05,0.017358064651489258,2,True,0
O????BwpvgXWj_VOFW@m?,[(7-14)-(6-12)-(5-15)-(4-11)-(3-13)-(2-10)-(1-9)-(0-8)],5.1021575927734375e-05,0.017608642578125,2,True,0
O????BwpvgXWj_VOFW@m?,[(7-14)-(6-12)-(5-15)-(4-11)-(3-13)-(2-10)-(1-9)-(0-8)],5.221366882324219e-05,0.022870779037475586,3,True,0
O????BwpvgXWj_VOFW@m?,[(7-14)-(6-11)-(5-15)-(4-12)-(3-13)-(2-10)-(1-9)-(0-8)],4.9591064453125e-05,0.012558937072753906,1,True,0
O????BwpvgXWj_VOFW@m?,[(7-14)-(6-11)-(5-15)-(4-12)-(3-13)-(2-10)-(1-9)-(0-8)],5.626678466796875e-05,0.01794719696044922,2,True,0
O????BwpvgXWj_VOFW@m?,[(7-11)-(6-14)-(5-15)-(4-12)-(3-13)-(2-10)-(1-9)-(0-8)],4.9114227294921875e-05,0.01685786247253418,2,True,0
O????BwpvgXWj_VOFW@m?,[(7-11)-(6-14)-(5-15)-(4-12)-(3-13)-(2-10)-(1-9)-(0-8)],5.078315734863281e-05,0.023023366928100586,3,True,0
O????BwpvgXWj_VOFW@m?,[(7-15)-(6-11)-(5-12)-(4-14)-(3-13)-(2-10)-(1-9)-(0-8)],4.9114227294921875e-05,0.018044233322143555,2,True,0
O????BwpvgXWj_VOFW@m?,[(7-15)-(6-11)-(5-12)-(4-14)-(3-13)-(2-10)-(1-9)-(0-8)],5.245208740234375e-05,0.01668715476989746,2,True,0
O????BwpvgXWj_VOFW@m?,[(7-11)-(6-15)-(5-12)-(4-14)-(3-13)-(2-10)-(1-9)-(0-8)],5.340576171875e-05,0.02331256866455078,3,True,0
O????BwpvgXWj_VOFW@m?,[(7-11)-(6-15)-(5-12)-(4-14)-(3-13)-(2-10)-(1-9)-(0-8)],5.173683166503906e-05,0.017527341842651367,2,True,0
O????BwpvgXWj_VOFW@m?,[(7-11)-(6-12)-(5-15)-(4-14)-(3-13)-(2-10)-(1-9)-(0-8)],5.1975250244140625e-05,0.028395652770996094,4,True,0
O????BwpvgXWj_VOFW@m?,[(7-11)-(6-12)-(5-15)-(4-14)-(3-13)-(2-10)-(1-9)-(0-8)],5.221366882324219e-05,0.011745214462280273,1,True,0
O????BwpvgXWj_VOFW@m?,[(7-13)-(6-15)-(5-12)-(4-11)-(3-14)-(2-10)-(1-9)-(0-8)],5.0067901611328125e-05,0.022990942001342773,3,True,0
O????BwpvgXWj_VOFW@m?,[(7-13)-(6-15)-(5-12)-(4-11)-(3-14)-(2-10)-(1-9)-(0-8)],5.0067901611328125e-05,0.029189586639404297,4,True,0
O????BwpvgXWj_VOFW@m?,[(7-15)-(6-12)-(5-13)-(4-11)-(3-14)-(2-10)-(1-9)-(0-8)],5.412101745605469e-05,0.012429952621459961,1,True,0
O????BwpvgXWj_VOFW@m?,[(7-15)-(6-12)-(5-13)-(4-11)-(3-14)-(2-10)-(1-9)-(0-8)],5.745887756347656e-05,0.022181272506713867,3,True,0
O????BwpvgXWj_[oFg?}?,[(7-14)-(6-15)-(5-12)-(4-11)-(3-13)-(2-10)-(1-9)-(0-8)],6.318092346191406e-05,0.009949445724487305,1,True,0
O????BwpvgXWj_[oFg?}?,[(7-14)-(6-15)-(5-12)-(4-11)-(3-13)-(2-10)-(1-9)-(0-8)],5.91278076171875e-05,0.011923789978027344,1,True,0
O????BwpvgXWj_[oFg?}?,[(7-15)-(6-12)-(5-14)-(4-11)-(3-13)-(2-10)-(1-9)-(0-8)],4.839897155761719e-05,0.01299905776977539,1,True,0
O????BwpvgXWj_[oFg?}?,[(7-15)-(6-12)-(5-14)-(4-11)-(3-13)-(2-10)-(1-9)-(0-8)],5.7220458984375e-05,0.017136335372924805,2,True,0
O????BwpvgXWj_[oFg?}?,[(7-14)-(6-12)-(5-15)-(4-11)-(3-13)-(2-10)-(1-9)-(0-8)],5.269050598144531e-05,0.0182802677154541,2,True,0
O????BwpvgXWj_[oFg?}?,[(7-14)-(6-12)-(5-15)-(4-11)-(3-13)-(2-10)-(1-9)-(0-8)],5.173683166503906e-05,0.009315967559814453,1,True,0
O????BwpvgXWj_[oFg?}?,[(7-15)-(6-11)-(5-14)-(4-12)-(3-13)-(2-10)-(1-9)-(0-8)],6.198883056640625e-05,0.017166614532470703,2,True,0
O????BwpvgXWj_[oFg?}?,[(7-15)-(6-11)-(5-14)-(4-12)-(3-13)-(2-10)-(1-9)-(0-8)],5.173683166503906e-05,0.012491703033447266,1,True,0
O????BwpvgXWj_[oFg?}?,[(7-11)-(6-15)-(5-14)-(4-12)-(3-13)-(2-10)-(1-9)-(0-8)],5.1021575927734375e-05,0.029239892959594727,4,True,0
O????BwpvgXWj_[oFg?}?,[(7-11)-(6-15)-(5-14)-(4-12)-(3-13)-(2-10)-(1-9)-(0-8)],5.078315734863281e-05,0.012292623519897461,1,True,0
O????BwpvgXWj_[oFg?}?,[(7-14)-(6-11)-(5-15)-(4-12)-(3-13)-(2-10)-(1-9)-(0-8)],5.0067901611328125e-05,0.018290281295776367,2,True,0
O????BwpvgXWj_[oFg?}?,[(7-14)-(6-11)-(5-15)-(4-12)-(3-13)-(2-10)-(1-9)-(0-8)],5.817413330078125e-05,0.017220258712768555,2,True,0
O????BwpvgXWj_[oFg?}?,[(7-15)-(6-11)-(5-12)-(4-14)-(3-13)-(2-10)-(1-9)-(0-8)],5.412101745605469e-05,0.023072481155395508,3,True,0
O????BwpvgXWj_[oFg?}?,[(7-15)-(6-11)-(5-12)-(4-14)-(3-13)-(2-10)-(1-9)-(0-8)],5.078315734863281e-05,0.01789689064025879,2,True,0
O????BwpvgXWj_[oFg?}?,[(7-11)-(6-15)-(5-12)-(4-14)-(3-13)-(2-10)-(1-9)-(0-8)],4.9591064453125e-05,0.02936530113220215,4,True,0
O????BwpvgXWj_[oFg?}?,[(7-11)-(6-15)-(5-12)-(4-14)-(3-13)-(2-10)-(1-9)-(0-8)],5.173683166503906e-05,0.009257316589355469,1,True,0
O????BwpvgXWj_[oFg?}?,[(7-11)-(6-12)-(5-15)-(4-14)-(3-13)-(2-10)-(1-9)-(0-8)],5.745887756347656e-05,0.030559062957763672,4,True,0
O????BwpvgXWj_[oFg?}?,[(7-11)-(6-12)-(5-15)-(4-14)-(3-13)-(2-10)-(1-9)-(0-8)],8.463859558105469e-05,0.012952804565429688,1,True,0
O????BwpvgXWj_[oFg?}?,[(7-14)-(6-11)-(5-12)-(4-15)-(3-13)-(2-10)-(1-9)-(0-8)],4.9591064453125e-05,0.01750779151916504,2,True,0
O????BwpvgXWj_[oFg?}?,[(7-14)-(6-11)-(5-12)-(4-15)-(3-13)-(2-10)-(1-9)-(0-8)],6.628036499023438e-05,0.022986650466918945,3,True,0
O????Bwptw[W}?ToDw?}?,[(7-15)-(6-11)-(5-13)-(4-14)-(3-12)-(2-10)-(1-9)-(0-8)],5.14984130859375e-05,0.02401590347290039,3,True,0
O????Bwptw[W}?ToDw?}?,[(7-15)-(6-11)-(5-13)-(4-14)-(3-12)-(2-10)-(1-9)-(0-8)],5.173683166503906e-05,0.012271881103515625,1,True,0
O????Bwptw[W}?ToDw?}?,[(7-11)-(6-15)-(5-13)-(4-14)-(3-12)-(2-10)-(1-9)-(0-8)],6.365776062011719e-05,0.023775577545166016,3,True,0
O????Bwptw[W}?ToDw?}?,[(7-11)-(6-15)-(5-13)-(4-14)-(3-12)-(2-10)-(1-9)-(0-8)],5.316734313964844e-05,0.01275944709777832,1,True,0
O????Bwptw[W}?ToDw?}?,[(7-13)-(6-11)-(5-15)-(4-14)-(3-12)-(2-10)-(1-9)-(0-8)],6.365776062011719e-05,0.017544984817504883,2,True,0
O????Bwptw[W}?ToDw?}?,[(7-13)-(6-11)-(5-15)-(4-14)-(3-12)-(2-10)-(1-9)-(0-8)],5.340576171875e-05,0.02198958396911621,3,True,0
O????Bwptw[W}?ToDw?}?,[(7-11)-(6-13)-(5-15)-(4-14)-(3-12)-(2-10)-(1-9)-(0-8)],8.702278137207031e-05,0.024020671844482422,3,True,0
O????Bwptw[W}?ToDw?}?,[(7-11)-(6-13)-(5-15)-(4-14)-(3-12)-(2-10)-(1-9)-(0-8)],8.463859558105469e-05,0.022797107696533203,3,True,0
O????Bwptw[W}?ToDw?}?,[(7-14)-(6-11)-(5-13)-(4-15)-(3-12)-(2-10)-(1-9)-(0-8)],5.364418029785156e-05,0.02303791046142578,3,True,0
O????Bwptw[W}?ToDw?}?,[(7-14)-(6-11)-(5-13)-(4-15)-(3-12)-(2-10)-(1-9)-(0-8)],7.772445678710938e-05,0.03544449806213379,5,True,0
O????Bwptw[W}?ToDw?}?,[(7-11)-(6-14)-(5-13)-(4-15)-(3-12)-(2-10)-(1-9)-(0-8)],5.0067901611328125e-05,0.023243427276611328,3,True,0
O????Bwptw[W}?ToDw?}?,[(7-11)-(6-14)-(5-13)-(4-15)-(3-12)-(2-10)-(1-9)-(0-8)],7.62939453125e-05,0.03550267219543457,5,True,0
O????Bwptw[W}?ToDw?}?,[(7-13)-(6-11)-(5-14)-(4-15)-(3-12)-(2-10)-(1-9)-(0-8)],5.054473876953125e-05,0.018602371215820312,2,True,0
O????Bwptw[W}?ToDw?}?,[(7-13)-(6-11)-(5-14)-(4-15)-(3-12)-(2-10)-(1-9)-(0-8)],5.245208740234375e-05,0.022253751754760742,3,True,0
O????Bwptw[W}?ToDw?}?,[(7-11)-(6-13)-(5-14)-(4-15)-(3-12)-(2-10)-(1-9)-(0-8)],5.1975250244140625e-05,0.022243976593017578,3,True,0
O????Bwptw[W}?ToDw?}?,[(7-11)-(6-13)-(5-14)-(4-15)-(3-12)-(2-10)-(1-9)-(0-8)],5.14984130859375e-05,0.029067039489746094,4,True,0
O????Bwptw[W}?ToDw?}?,[(7-15)-(6-11)-(5-14)-(4-12)-(3-13)-(2-10)-(1-9)-(0-8)],5.078315734863281e-05,0.023574352264404297,3,True,0
O????Bwptw[W}?ToDw?}?,[(7-15)-(6-11)-(5-14)-(4-12)-(3-13)-(2-10)-(1-9)-(0-8)],5.054473876953125e-05,0.028787851333618164,4,True,0
O????Bwptw[W}?ToDw?}?,[(7-11)-(6-15)-(5-14)-(4-12)-(3-13)-(2-10)-(1-9)-(0-8)],4.982948303222656e-05,0.023318052291870117,3,True,0
O????Bwptw[W}?ToDw?}?,[(7-11)-(6-15)-(5-14)-(4-12)-(3-13)-(2-10)-(1-9)-(0-8)],5.14984130859375e-05,0.029271364212036133,4,True,0
O????Bwptw[W{_VODw?}?,[(7-15)-(6-11)-(5-14)-(4-13)-(3-12)-(2-10)-(1-9)-(0-8)],5.173683166503906e-05,0.02392268180847168,3,True,0
O????Bwptw[W{_VODw?}?,[(7-15)-(6-11)-(5-14)-(4-13)-(3-12)-(2-10)-(1-9)-(0-8)],5.1021575927734375e-05,0.017218351364135742,2,True,0
O????Bwptw[W{_VODw?}?,[(7-11)-(6-15)-(5-14)-(4-13)-(3-12)-(2-10)-(1-9)-(0-8)],0.00010943412780761719,0.011664152145385742,1,True,0
O????Bwptw[W{_VODw?}?,[(7-11)-(6-15)-(5-14)-(4-13)-(3-12)-(2-10)-(1-9)-(0-8)],5.650520324707031e-05,0.0174407958984375,2,True,0
O????Bwptw[W{_VODw?}?,[(7-14)-(6-11)-(5-15)-(4-13)-(3-12)-(2-10)-(1-9)-(0-8)],5.125999450683594e-05,0.009459972381591797,1,True,0
O????Bwptw[W{_VODw?}?,[(7-14)-(6-11)-(5-15)-(4-13)-(3-12)-(2-10)-(1-9)-(0-8)],5.817413330078125e-05,0.02455449104309082,3,True,0
O????Bwptw[W{_VODw?}?,[(7-11)-(6-14)-(5-15)-(4-13)-(3-12)-(2-10)-(1-9)-(0-8)],4.9591064453125e-05,0.01796698570251465,2,True,0
O????Bwptw[W{_VODw?}?,[(7-11)-(6-14)-(5-15)-(4-13)-(3-12)-(2-10)-(1-9)-(0-8)],5.173683166503906e-05,0.01816391944885254,2,True,0
O????Bwptw[W{_VODw?}?,[(7-15)-(6-11)-(5-13)-(4-14)-(3-12)-(2-10)-(1-9)-(0-8)],4.982948303222656e-05,0.017872333526611328,2,True,0
O????Bwptw[W{_VODw?}?,[(7-15)-(6-11)-(5-13)-(4-14)-(3-12)-(2-10)-(1-9)-(0-8)],5.14984130859375e-05,0.011598587036132812,1,True,0
O????Bwptw[W{_VODw?}?,[(7-11)-(6-15)-(5-13)-(4-14)-(3-12)-(2-10)-(1-9)-(0-8)],4.9591064453125e-05,0.012856721878051758,1,True,0
O????Bwptw[W{_VODw?}?,[(7-11)-(6-15)-(5-13)-(4-14)-(3-12)-(2-10)-(1-9)-(0-8)],6.699562072753906e-05,0.024449825286865234,3,True,0
O????Bwptw[W{_VODw?}?,[(7-13)-(6-11)-(5-15)-(4-14)-(3-12)-(2-10)-(1-9)-(0-8)],4.935264587402344e-05,0.012298822402954102,1,True,0
O????Bwptw[W{_VODw?}?,[(7-13)-(6-11)-(5-15)-(4-14)-(3-12)-(2-10)-(1-9)-(0-8)],5.555152893066406e-05,0.012507915496826172,1,True,0
O????Bwptw[W{_VODw?}?,[(7-14)-(6-11)-(5-13)-(4-15)-(3-12)-(2-10)-(1-9)-(0-8)],5.14984130859375e-05,0.01265859603881836,1,True,0
O????Bwptw[W{_VODw?}?,[(7-14)-(6-11)-(5-13)-(4-15)-(3-12)-(2-10)-(1-9)-(0-8)],5.555152893066406e-05,0.023400306701660156,3,True,0
O????Bwptw[W{_VODw?}?,[(7-11)-(6-14)-(5-13)-(4-15)-(3-12)-(2-10)-(1-9)-(0-8)],5.054473876953125e-05,0.017158031463623047,2,True,0
O????Bwptw[W{_VODw?}?,[(7-11)-(6-14)-(5-13)-(4-15)-(3-12)-(2-10)-(1-9)-(0-8)],5.125999450683594e-05,0.036016225814819336,5,True,0
O????Bwptw[W{_VODw?}?,[(7-13)-(6-11)-(5-14)-(4-15)-(3-12)-(2-10)-(1-9)-(0-8)],5.030632019042969e-05,0.009423017501831055,1,True,0
O????Bwptw[W{_VODw?}?,[(7-13)-(6-11)-(5-14)-(4-15)-(3-12)-(2-10)-(1-9)-(0-8)],5.7697296142578125e-05,0.023460865020751953,3,True,0
O????Bwptw[W{_NOHw?}?,[(7-15)-(6-11)-(5-14)-(4-13)-(3-12)-(2-10)-(1-9)-(0-8)],5.173683166503906e-05,0.02251720428466797,3,True,0
O????Bwptw[W{_NOHw?}?,[(7-15)-(6-11)-(5-14)-(4-13)-(3-12)-(2-10)-(1-9)-(0-8)],5.14984130859375e-05,0.017826318740844727,2,True,0
O????Bwptw[W{_NOHw?}?,[(7-11)-(6-15)-(5-14)-(4-13)-(3-12)-(2-10)-(1-9)-(0-8)],5.984306335449219e-05,0.012880086898803711,1,True,0
O????Bwptw[W{_NOHw?}?,[(7-11)-(6-15)-(5-14)-(4-13)-(3-12)-(2-10)-(1-9)-(0-8)],8.153915405273438e-05,0.013072967529296875,1,True,0
O????Bwptw[W{_NOHw?}?,[(7-14)-(6-11)-(5-15)-(4-13)-(3-12)-(2-10)-(1-9)-(0-8)],4.935264587402344e-05,0.010696887969970703,1,True,0
O????Bwptw[W{_NOHw?}?,[(7-14)-(6-11)-(5-15)-(4-13)-(3-12)-(2-10)-(1-9)-(0-8)],5.793571472167969e-05,0.01666092872619629,2,True,0
O????Bwptw[W{_NOHw?}?,[(7-11)-(6-14)-(5-15)-(4-13)-(3-12)-(2-10)-(1-9)-(0-8)],4.9591064453125e-05,0.018379688262939453,2,True,0
O????Bwptw[W{_NOHw?}?,[(7-11)-(6-14)-(5-15)-(4-13)-(3-12)-(2-10)-(1-9)-(0-8)],5.1975250244140625e-05,0.012165069580078125,1,True,0
O????Bwptw[W{_NOHw?}?,[(7-15)-(6-11)-(5-13)-(4-14)-(3-12)-(2-10)-(1-9)-(0-8)],7.200241088867188e-05,0.022107362747192383,3,True,0
O????Bwptw[W{_NOHw?}?,[(7-15)-(6-11)-(5-13)-(4-14)-(3-12)-(2-10)-(1-9)-(0-8)],5.14984130859375e-05,0.01304483413696289,1,True,0
O????Bwptw[W{_NOHw?}?,[(7-11)-(6-15)-(5-13)-(4-14)-(3-12)-(2-10)-(1-9)-(0-8)],4.9591064453125e-05,0.012112855911254883,1,True,0
O????Bwptw[W{_NOHw?}?,[(7-11)-(6-15)-(5-13)-(4-14)-(3-12)-(2-10)-(1-9)-(0-8)],5.626678466796875e-05,0.018171072006225586,2,True,0
O????Bwptw[W{_NOHw?}?,[(7-13)-(6-11)-(5-15)-(4-14)-(3-12)-(2-10)-(1-9)-(0-8)],4.982948303222656e-05,0.012102842330932617,1,True,0
O????Bwptw[W{_NOHw?}?,[(7-13)-(6-11)-(5-15)-(4-14)-(3-12)-(2-10)-(1-9)-(0-8)],5.602836608886719e-05,0.023153305053710938,3,True,0
O????Bwptw[W{_NOHw?}?,[(7-14)-(6-11)-(5-13)-(4-15)-(3-12)-(2-10)-(1-9)-(0-8)],5.054473876953125e-05,0.012970447540283203,1,True,0
O????Bwptw[W{_NOHw?}?,[(7-14)-(6-11)-(5-13)-(4-15)-(3-12)-(2-10)-(1-9)-(0-8)],5.626678466796875e-05,0.011921405792236328,1,True,0
O????Bwptw[W{_NOHw?}?,[(7-11)-(6-14)-(5-13)-(4-15)-(3-12)-(2-10)-(1-9)-(0-8)],4.9591064453125e-05,0.01768207550048828,2,True,0
O????Bwptw[W{_NOHw?}?,[(7-11)-(6-14)-(5-13)-(4-15)-(3-12)-(2-10)-(1-9)-(0-8)],5.1975250244140625e-05,0.02958846092224121,4,True,0
O????Bwptw[W{_NOHw?}?,[(7-13)-(6-11)-(5-14)-(4-15)-(3-12)-(2-10)-(1-9)-(0-8)],4.982948303222656e-05,0.009569883346557617,1,True,0
O????Bwptw[W{_NOHw?}?,[(7-13)-(6-11)-(5-14)-(4-15)-(3-12)-(2-10)-(1-9)-(0-8)],5.7697296142578125e-05,0.01275491714477539,1,True,0
O????BwptwUW}?XoBwA]?,[(7-15)-(6-14)-(5-13)-(4-12)-(3-11)-(2-10)-(1-9)-(0-8)],5.2928924560546875e-05,0.017203807830810547,2,True,0
O????BwptwUW}?XoBwA]?,[(7-15)-(6-14)-(5-13)-(4-12)-(3-11)-(2-10)-(1-9)-(0-8)],5.054473876953125e-05,0.013092041015625,1,True,0
O????BwptwUW}?XoBwA]?,[(7-14)-(6-15)-(5-13)-(4-12)-(3-11)-(2-10)-(1-9)-(0-8)],5.030632019042969e-05,0.017511844635009766,2,True,0
O????BwptwUW}?XoBwA]?,[(7-14)-(6-15)-(5-13)-(4-12)-(3-11)-(2-10)-(1-9)-(0-8)],6.914138793945312e-05,0.012809276580810547,1,True,0
O????BwptwUW}?XoBwA]?,[(7-15)-(6-13)-(5-14)-(4-12)-(3-11)-(2-10)-(1-9)-(0-8)],5.054473876953125e-05,0.017708539962768555,2,True,0
O????BwptwUW}?XoBwA]?,[(7-15)-(6-13)-(5-14)-(4-12)-(3-11)-(2-10)-(1-9)-(0-8)],5.1975250244140625e-05,0.030133962631225586,4,True,0
O????BwptwUW}?XoBwA]?,[(7-13)-(6-15)-(5-14)-(4-12)-(3-11)-(2-10)-(1-9)-(0-8)],4.935264587402344e-05,0.01745152473449707,2,True,0
O????BwptwUW}?XoBwA]?,[(7-13)-(6-15)-(5-14)-(4-12)-(3-11)-(2-10)-(1-9)-(0-8)],5.125999450683594e-05,0.0286867618560791,4,True,0
O????BwptwUW}?XoBwA]?,[(7-14)-(6-13)-(5-15)-(4-12)-(3-11)-(2-10)-(1-9)-(0-8)],4.982948303222656e-05,0.017954111099243164,2,True,0
O????BwptwUW}?XoBwA]?,[(7-14)-(6-13)-(5-15)-(4-12)-(3-11)-(2-10)-(1-9)-(0-8)],5.125999450683594e-05,0.022971630096435547,3,True,0
O????BwptwUW}?XoBwA]?,[(7-13)-(6-14)-(5-15)-(4-12)-(3-11)-(2-10)-(1-9)-(0-8)],5.030632019042969e-05,0.016855478286743164,2,True,0
O????BwptwUW}?XoBwA]?,[(7-13)-(6-14)-(5-15)-(4-12)-(3-11)-(2-10)-(1-9)-(0-8)],5.054473876953125e-05,0.023110389709472656,3,True,0
O????BwptwUW}?XoBwA]?,[(7-15)-(6-11)-(5-13)-(4-14)-(3-12)-(2-10)-(1-9)-(0-8)],6.580352783203125e-05,0.01872730255126953,2,True,0
O????BwptwUW}?XoBwA]?,[(7-15)-(6-11)-(5-13)-(4-14)-(3-12)-(2-10)-(1-9)-(0-8)],7.605552673339844e-05,0.01776599884033203,2,True,0
O????BwptwUW}?XoBwA]?,[(7-11)-(6-15)-(5-13)-(4-14)-(3-12)-(2-10)-(1-9)-(0-8)],6.556510925292969e-05,0.017527341842651367,2,True,0
O????BwptwUW}?XoBwA]?,[(7-11)-(6-15)-(5-13)-(4-14)-(3-12)-(2-10)-(1-9)-(0-8)],5.125999450683594e-05,0.017636537551879883,2,True,0
O????BwptwUW}?XoBwA]?,[(7-13)-(6-11)-(5-15)-(4-14)-(3-12)-(2-10)-(1-9)-(0-8)],5.054473876953125e-05,0.031082630157470703,4,True,0
O????BwptwUW}?XoBwA]?,[(7-13)-(6-11)-(5-15)-(4-14)-(3-12)-(2-10)-(1-9)-(0-8)],5.1975250244140625e-05,0.02406764030456543,3,True,0
O????BwptwUW}?XoBwA]?,[(7-11)-(6-13)-(5-15)-(4-14)-(3-12)-(2-10)-(1-9)-(0-8)],5.459785461425781e-05,0.029934167861938477,4,True,0
O????BwptwUW}?XoBwA]?,[(7-11)-(6-13)-(5-15)-(4-14)-(3-12)-(2-10)-(1-9)-(0-8)],5.221366882324219e-05,0.01693129539489746,2,True,0
O????BwptwUWm_XoJgA]?,[(7-14)-(6-15)-(5-13)-(4-12)-(3-11)-(2-10)-(1-9)-(0-8)],7.510185241699219e-05,0.02252674102783203,3,True,0
O????BwptwUWm_XoJgA]?,[(7-14)-(6-15)-(5-13)-(4-12)-(3-11)-(2-10)-(1-9)-(0-8)],5.125999450683594e-05,0.023063182830810547,3,True,0
O????BwptwUWm_XoJgA]?,[(7-15)-(6-13)-(5-14)-(4-12)-(3-11)-(2-10)-(1-9)-(0-8)],4.9591064453125e-05,0.029087305068969727,4,True,0
O????BwptwUWm_XoJgA]?,[(7-15)-(6-13)-(5-14)-(4-12)-(3-11)-(2-10)-(1-9)-(0-8)],5.650520324707031e-05,0.022849559783935547,3,True,0
O????BwptwUWm_XoJgA]?,[(7-13)-(6-15)-(5-14)-(4-12)-(3-11)-(2-10)-(1-9)-(0-8)],5.030632019042969e-05,0.023830890655517578,3,True,0
O????BwptwUWm_XoJgA]?,[(7-13)-(6-15)-(5-14)-(4-12)-(3-11)-(2-10)-(1-9)-(0-8)],5.745887756347656e-05,0.02383255958557129,3,False,0
O????BwptwUWm_XoJgA]?,[(7-14)-(6-13)-(5-15)-(4-12)-(3-11)-(2-10)-(1-9)-(0-8)],5.173683166503906e-05,0.022141456604003906,3,True,0
O????BwptwUWm_XoJgA]?,[(7-14)-(6-13)-(5-15)-(4-12)-(3-11)-(2-10)-(1-9)-(0-8)],8.535385131835938e-05,0.023672819137573242,3,True,0
O????BwptwUWm_XoJgA]?,[(7-15)-(6-12)-(5-13)-(4-14)-(3-11)-(2-10)-(1-9)-(0-8)],4.9591064453125e-05,0.012948989868164062,1,True,0
O????BwptwUWm_XoJgA]?,[(7-15)-(6-12)-(5-13)-(4-14)-(3-11)-(2-10)-(1-9)-(0-8)],5.793571472167969e-05,0.00957179069519043,1,True,0
O????BwptwUWm_XoJgA]?,[(7-13)-(6-12)-(5-15)-(4-14)-(3-11)-(2-10)-(1-9)-(0-8)],5.936622619628906e-05,0.017524003982543945,2,True,0
O????BwptwUWm_XoJgA]?,[(7-13)-(6-12)-(5-15)-(4-14)-(3-11)-(2-10)-(1-9)-(0-8)],5.14984130859375e-05,0.030707120895385742,4,True,0
O????BwptwUWm_XoJgA]?,[(7-14)-(6-12)-(5-13)-(4-15)-(3-11)-(2-10)-(1-9)-(0-8)],5.054473876953125e-05,0.03563117980957031,5,True,0
O????BwptwUWm_XoJgA]?,[(7-14)-(6-12)-(5-13)-(4-15)-(3-11)-(2-10)-(1-9)-(0-8)],5.1021575927734375e-05,0.023195505142211914,3,True,0
O????BwptwUWm_XoJgA]?,[(7-13)-(6-12)-(5-14)-(4-15)-(3-11)-(2-10)-(1-9)-(0-8)],5.030632019042969e-05,0.01794600486755371,2,True,0
O????BwptwUWm_XoJgA]?,[(7-13)-(6-12)-(5-14)-(4-15)-(3-11)-(2-10)-(1-9)-(0-8)],5.340576171875e-05,0.017729759216308594,2,True,0
O????BwptwUWm_XoJgA]?,[(7-15)-(6-11)-(5-13)-(4-14)-(3-12)-(2-10)-(1-9)-(0-8)],5.269050598144531e-05,0.010169029235839844,1,True,0
O????BwptwUWm_XoJgA]?,[(7-15)-(6-11)-(5-13)-(4-14)-(3-12)-(2-10)-(1-9)-(0-8)],5.984306335449219e-05,0.010323286056518555,1,True,0
O????BwptwUWm_XoJgA]?,[(7-11)-(6-15)-(5-13)-(4-14)-(3-12)-(2-10)-(1-9)-(0-8)],5.745887756347656e-05,0.02264094352722168,3,True,0
O????BwptwUWm_XoJgA]?,[(7-11)-(6-15)-(5-13)-(4-14)-(3-12)-(2-10)-(1-9)-(0-8)],7.605552673339844e-05,0.017418861389160156,2,True,0
O????BwptwUWioXoJoAy?,[(7-15)-(6-14)-(5-13)-(4-12)-(3-11)-(2-10)-(1-9)-(0-8)],0.00010442733764648438,0.022987842559814453,3,True,0
O????BwptwUWioXoJoAy?,[(7-15)-(6-14)-(5-13)-(4-12)-(3-11)-(2-10)-(1-9)-(0-8)],5.173683166503906e-05,0.010294437408447266,1,True,0
O????BwptwUWioXoJoAy?,[(7-15)-(6-13)-(5-14)-(4-12)-(3-11)-(2-10)-(1-9)-(0-8)],5.7220458984375e-05,0.02939128875732422,4,True,0
O????BwptwUWioXoJoAy?,[(7-15)-(6-13)-(5-14)-(4-12)-(3-11)-(2-10)-(1-9)-(0-8)],5.221366882324219e-05,0.02201247215270996,3,True,0
O????BwptwUWioXoJoAy?,[(7-13)-(6-14)-(5-15)-(4-12)-(3-11)-(2-10)-(1-9)-(0-8)],5.5789947509765625e-05,0.022081613540649414,3,True,0
O????BwptwUWioXoJoAy?,[(7-13)-(6-14)-(5-15)-(4-12)-(3-11)-(2-10)-(1-9)-(0-8)],5.173683166503906e-05,0.018178939819335938,2,True,0
O????BwptwUWioXoJoAy?,[(7-15)-(6-12)-(5-13)-(4-14)-(3-11)-(2-10)-(1-9)-(0-8)],5.030632019042969e-05,0.017409801483154297,2,True,0
O????BwptwUWioXoJoAy?,[(7-15)-(6-12)-(5-13)-(4-14)-(3-11)-(2-10)-(1-9)-(0-8)],5.364418029785156e-05,0.017952442169189453,2,True,0
O????BwptwUWioXoJoAy?,[(7-13)-(6-12)-(5-15)-(4-14)-(3-11)-(2-10)-(1-9)-(0-8)],4.935264587402344e-05,0.018297433853149414,2,True,0
O????BwptwUWioXoJoAy?,[(7-13)-(6-12)-(5-15)-(4-14)-(3-11)-(2-10)-(1-9)-(0-8)],5.1021575927734375e-05,0.024051427841186523,3,True,0
O????BwptwUWioXoJoAy?,[(7-12)-(6-13)-(5-15)-(4-14)-(3-11)-(2-10)-(1-9)-(0-8)],4.9591064453125e-05,0.013147830963134766,1,True,0
O????BwptwUWioXoJoAy?,[(7-12)-(6-13)-(5-15)-(4-14)-(3-11)-(2-10)-(1-9)-(0-8)],6.318092346191406e-05,0.018347978591918945,2,True,0
O????BwptwUWioXoJoAy?,[(7-12)-(6-14)-(5-13)-(4-15)-(3-11)-(2-10)-(1-9)-(0-8)],5.054473876953125e-05,0.016861438751220703,2,True,0
O????BwptwUWioXoJoAy?,[(7-12)-(6-14)-(5-13)-(4-15)-(3-11)-(2-10)-(1-9)-(0-8)],9.107589721679688e-05,0.0181121826171875,2,True,0
O????BwptwUWioXoJoAy?,[(7-13)-(6-12)-(5-14)-(4-15)-(3-11)-(2-10)-(1-9)-(0-8)],6.0558319091796875e-05,0.02258896827697754,3,True,0
O????BwptwUWioXoJoAy?,[(7-13)-(6-12)-(5-14)-(4-15)-(3-11)-(2-10)-(1-9)-(0-8)],5.14984130859375e-05,0.017409324645996094,2,True,0
O????BwptwUWioXoJoAy?,[(7-12)-(6-13)-(5-14)-(4-15)-(3-11)-(2-10)-(1-9)-(0-8)],7.581710815429688e-05,0.022223949432373047,3,True,0
O????BwptwUWioXoJoAy?,[(7-12)-(6-13)-(5-14)-(4-15)-(3-11)-(2-10)-(1-9)-(0-8)],5.125999450683594e-05,0.028545379638671875,4,True,0
O????BwptwUWioXoJoAy?,[(7-15)-(6-11)-(5-13)-(4-12)-(3-14)-(2-10)-(1-9)-(0-8)],4.982948303222656e-05,0.018116235733032227,2,True,0
O????BwptwUWioXoJoAy?,[(7-15)-(6-11)-(5-13)-(4-12)-(3-14)-(2-10)-(1-9)-(0-8)],6.914138793945312e-05,0.017301082611083984,2,True,0
O????BwptwWw|?YoBw@u?,[(7-15)-(6-14)-(5-11)-(4-13)-(3-12)-(2-10)-(1-9)-(0-8)],5.245208740234375e-05,0.01276397705078125,1,True,0
O????BwptwWw|?YoBw@u?,[(7-15)-(6-14)-(5-11)-(4-13)-(3-12)-(2-10)-(1-9)-(0-8)],5.650520324707031e-05,0.012451171875,1,True,0
O????BwptwWw|?YoBw@u?,[(7-14)-(6-15)-(5-11)-(4-13)-(3-12)-(2-10)-(1-9)-(0-8)],5.14984130859375e-05,0.01184391975402832,1,True,0
O????BwptwWw|?YoBw@u?,[(7-14)-(6-15)-(5-11)-(4-13)-(3-12)-(2-10)-(1-9)-(0-8)],5.626678466796875e-05,0.011944770812988281,1,True,0
O????BwptwWw|?YoBw@u?,[(7-15)-(6-11)-(5-14)-(4-13)-(3-12)-(2-10)-(1-9)-(0-8)],5.3882598876953125e-05,0.012326478958129883,1,True,0
O????BwptwWw|?YoBw@u?,[(7-15)-(6-11)-(5-14)-(4-13)-(3-12)-(2-10)-(1-9)-(0-8)],5.793571472167969e-05,0.0176236629486084,2,True,0
O????BwptwWw|?YoBw@u?,[(7-11)-(6-15)-(5-14)-(4-13)-(3-12)-(2-10)-(1-9)-(0-8)],5.030632019042969e-05,0.012003421783447266,1,True,0
O????BwptwWw|?YoBw@u?,[(7-11)-(6-15)-(5-14)-(4-13)-(3-12)-(2-10)-(1-9)-(0-8)],5.6743621826171875e-05,0.017620086669921875,2,True,0
O????BwptwWw|?YoBw@u?,[(7-15)-(6-13)-(5-11)-(4-14)-(3-12)-(2-10)-(1-9)-(0-8)],5.0067901611328125e-05,0.01683521270751953,2,True,0
O????BwptwWw|?YoBw@u?,[(7-15)-(6-13)-(5-11)-(4-14)-(3-12)-(2-10)-(1-9)-(0-8)],5.030632019042969e-05,0.012861251831054688,1,True,0
O????BwptwWw|?YoBw@u?,[(7-13)-(6-15)-(5-11)-(4-14)-(3-12)-(2-10)-(1-9)-(0-8)],5.0067901611328125e-05,0.01712799072265625,2,True,0
O????BwptwWw|?YoBw@u?,[(7-13)-(6-15)-(5-11)-(4-14)-(3-12)-(2-10)-(1-9)-(0-8)],5.2928924560546875e-05,0.012929201126098633,1,True,0
O????BwptwWw|?YoBw@u?,[(7-14)-(6-13)-(5-11)-(4-15)-(3-12)-(2-10)-(1-9)-(0-8)],5.0067901611328125e-05,0.017592906951904297,2,True,0
O????BwptwWw|?YoBw@u?,[(7-14)-(6-13)-(5-11)-(4-15)-(3-12)-(2-10)-(1-9)-(0-8)],5.173683166503906e-05,0.017281293869018555,2,True,0
O????BwptwWw|?YoBw@u?,[(7-13)-(6-14)-(5-11)-(4-15)-(3-12)-(2-10)-(1-9)-(0-8)],5.078315734863281e-05,0.017749309539794922,2,True,0
O????BwptwWw|?YoBw@u?,[(7-13)-(6-14)-(5-11)-(4-15)-(3-12)-(2-10)-(1-9)-(0-8)],5.125999450683594e-05,0.017168760299682617,2,True,0
O????BwptwWw|?YoBw@u?,[(7-13)-(6-11)-(5-14)-(4-15)-(3-12)-(2-10)-(1-9)-(0-8)],5.888938903808594e-05,0.012140512466430664,1,True,0
O????BwptwWw|?YoBw@u?,[(7-13)-(6-11)-(5-14)-(4-15)-(3-12)-(2-10)-(1-9)-(0-8)],5.6743621826171875e-05,0.017994403839111328,2,True,0
O????BwptwWw|?YoBw@u?,[(7-11)-(6-13)-(5-14)-(4-15)-(3-12)-(2-10)-(1-9)-(0-8)],5.054473876953125e-05,0.009422540664672852,1,True,0
O????BwptwWw|?YoBw@u?,[(7-11)-(6-13)-(5-14)-(4-15)-(3-12)-(2-10)-(1-9)-(0-8)],5.888938903808594e-05,0.01739954948425293,2,True,0
O????Bwptk\\G|?MoHw?}?,[(7-15)-(6-13)-(5-14)-(4-11)-(3-12)-(2-10)-(1-9)-(0-8)],5.412101745605469e-05,0.016908884048461914,2,True,0
O????Bwptk\\G|?MoHw?}?,[(7-15)-(6-13)-(5-14)-(4-11)-(3-12)-(2-10)-(1-9)-(0-8)],5.1021575927734375e-05,0.022831201553344727,3,True,0
O????Bwptk\\G|?MoHw?}?,[(7-13)-(6-15)-(5-14)-(4-11)-(3-12)-(2-10)-(1-9)-(0-8)],5.030632019042969e-05,0.017651796340942383,2,True,0
O????Bwptk\\G|?MoHw?}?,[(7-13)-(6-15)-(5-14)-(4-11)-(3-12)-(2-10)-(1-9)-(0-8)],8.893013000488281e-05,0.017681121826171875,2,True,0
O????Bwptk\\G|?MoHw?}?,[(7-14)-(6-13)-(5-15)-(4-11)-(3-12)-(2-10)-(1-9)-(0-8)],6.079673767089844e-05,0.013828754425048828,1,True,0
O????Bwptk\\G|?MoHw?}?,[(7-14)-(6-13)-(5-15)-(4-11)-(3-12)-(2-10)-(1-9)-(0-8)],5.745887756347656e-05,0.023574113845825195,3,True,0
O????Bwptk\\G|?MoHw?}?,[(7-13)-(6-14)-(5-15)-(4-11)-(3-12)-(2-10)-(1-9)-(0-8)],5.054473876953125e-05,0.017359256744384766,2,True,0
O????Bwptk\\G|?MoHw?}?,[(7-13)-(6-14)-(5-15)-(4-11)-(3-12)-(2-10)-(1-9)-(0-8)],5.1021575927734375e-05,0.023654937744140625,3,True,0
O????Bwptk\\G|?MoHw?}?,[(7-11)-(6-15)-(5-14)-(4-13)-(3-12)-(2-10)-(1-9)-(0-8)],5.030632019042969e-05,0.010314226150512695,1,True,0
O????Bwptk\\G|?MoHw?}?,[(7-11)-(6-15)-(5-14)-(4-13)-(3-12)-(2-10)-(1-9)-(0-8)],6.031990051269531e-05,0.01700305938720703,2,True,0
O????Bwptk\\G|?MoHw?}?,[(7-11)-(6-14)-(5-15)-(4-13)-(3-12)-(2-10)-(1-9)-(0-8)],4.982948303222656e-05,0.012978076934814453,1,True,0
O????Bwptk\\G|?MoHw?}?,[(7-11)-(6-14)-(5-15)-(4-13)-(3-12)-(2-10)-(1-9)-(0-8)],5.793571472167969e-05,0.017164230346679688,2,True,0
O????Bwptk\\G|?MoHw?}?,[(7-11)-(6-13)-(5-15)-(4-14)-(3-12)-(2-10)-(1-9)-(0-8)],5.0067901611328125e-05,0.023958921432495117,3,True,0
O????Bwptk\\G|?MoHw?}?,[(7-11)-(6-13)-(5-15)-(4-14)-(3-12)-(2-10)-(1-9)-(0-8)],5.125999450683594e-05,0.01720452308654785,2,True,0
O????Bwptk\\G|?MoHw?}?,[(7-11)-(6-13)-(5-14)-(4-15)-(3-12)-(2-10)-(1-9)-(0-8)],5.1021575927734375e-05,0.017409563064575195,2,True,0
O????Bwptk\\G|?MoHw?}?,[(7-11)-(6-13)-(5-14)-(4-15)-(3-12)-(2-10)-(1-9)-(0-8)],0.00010895729064941406,0.028841495513916016,4,True,0
O????Bwptk\\G|?MoHw?}?,[(7-15)-(6-14)-(5-12)-(4-11)-(3-13)-(2-10)-(1-9)-(0-8)],5.459785461425781e-05,0.022133827209472656,3,True,0
O????Bwptk\\G|?MoHw?}?,[(7-15)-(6-14)-(5-12)-(4-11)-(3-13)-(2-10)-(1-9)-(0-8)],5.054473876953125e-05,0.028613805770874023,4,True,0
O????Bwptk\\G|?MoHw?}?,[(7-14)-(6-15)-(5-12)-(4-11)-(3-13)-(2-10)-(1-9)-(0-8)],7.987022399902344e-05,0.013978242874145508,1,True,0
O????Bwptk\\G|?MoHw?}?,[(7-14)-(6-15)-(5-12)-(4-11)-(3-13)-(2-10)-(1-9)-(0-8)],5.6743621826171875e-05,0.01191401481628418,1,True,0
O????BwptkTg|?YoJW?}?,[(7-14)-(6-13)-(5-15)-(4-11)-(3-12)-(2-10)-(1-9)-(0-8)],5.221366882324219e-05,0.013825416564941406,1,True,0
O????BwptkTg|?YoJW?}?,[(7-14)-(6-13)-(5-15)-(4-11)-(3-12)-(2-10)-(1-9)-(0-8)],5.698204040527344e-05,0.02945566177368164,4,True,0
O????BwptkTg|?YoJW?}?,[(7-13)-(6-14)-(5-15)-(4-11)-(3-12)-(2-10)-(1-9)-(0-8)],5.0067901611328125e-05,0.023906230926513672,3,True,0
O????BwptkTg|?YoJW?}?,[(7-13)-(6-14)-(5-15)-(4-11)-(3-12)-(2-10)-(1-9)-(0-8)],9.036064147949219e-05,0.02906489372253418,4,True,0
O????BwptkTg|?YoJW?}?,[(7-15)-(6-14)-(5-11)-(4-13)-(3-12)-(2-10)-(1-9)-(0-8)],4.935264587402344e-05,0.02287912368774414,3,True,0
O????BwptkTg|?YoJW?}?,[(7-15)-(6-14)-(5-11)-(4-13)-(3-12)-(2-10)-(1-9)-(0-8)],5.245208740234375e-05,0.017080068588256836,2,True,0
O????BwptkTg|?YoJW?}?,[(7-14)-(6-15)-(5-11)-(4-13)-(3-12)-(2-10)-(1-9)-(0-8)],4.887580871582031e-05,0.029202938079833984,4,True,0
O????BwptkTg|?YoJW?}?,[(7-14)-(6-15)-(5-11)-(4-13)-(3-12)-(2-10)-(1-9)-(0-8)],5.173683166503906e-05,0.02304220199584961,3,True,0
O????BwptkTg|?YoJW?}?,[(7-11)-(6-14)-(5-15)-(4-13)-(3-12)-(2-10)-(1-9)-(0-8)],4.9591064453125e-05,0.017513036727905273,2,True,0
O????BwptkTg|?YoJW?}?,[(7-11)-(6-14)-(5-15)-(4-13)-(3-12)-(2-10)-(1-9)-(0-8)],5.14984130859375e-05,0.018325090408325195,2,True,0
O????BwptkTg|?YoJW?}?,[(7-15)-(6-13)-(5-11)-(4-14)-(3-12)-(2-10)-(1-9)-(0-8)],4.9591064453125e-05,0.013262271881103516,1,True,0
O????BwptkTg|?YoJW?}?,[(7-15)-(6-13)-(5-11)-(4-14)-(3-12)-(2-10)-(1-9)-(0-8)],6.937980651855469e-05,0.010070085525512695,1,True,0
O????BwptkTg|?YoJW?}?,[(7-13)-(6-15)-(5-11)-(4-14)-(3-12)-(2-10)-(1-9)-(0-8)],6.175041198730469e-05,0.024007797241210938,3,True,0
O????BwptkTg|?YoJW?}?,[(7-13)-(6-15)-(5-11)-(4-14)-(3-12)-(2-10)-(1-9)-(0-8)],5.030632019042969e-05,0.011941909790039062,1,True,0
O????BwptkTg|?YoJW?}?,[(7-11)-(6-13)-(5-15)-(4-14)-(3-12)-(2-10)-(1-9)-(0-8)],5.412101745605469e-05,0.02351069450378418,3,True,0
O????BwptkTg|?YoJW?}?,[(7-11)-(6-13)-(5-15)-(4-14)-(3-12)-(2-10)-(1-9)-(0-8)],4.982948303222656e-05,0.02322697639465332,3,True,0
O????BwptkTg|?YoJW?}?,[(7-14)-(6-13)-(5-11)-(4-15)-(3-12)-(2-10)-(1-9)-(0-8)],4.9591064453125e-05,0.017696857452392578,2,True,0
O????BwptkTg|?YoJW?}?,[(7-14)-(6-13)-(5-11)-(4-15)-(3-12)-(2-10)-(1-9)-(0-8)],6.29425048828125e-05,0.009381532669067383,1,True,0
O????BwptkTg|?YoJW?}?,[(7-13)-(6-14)-(5-11)-(4-15)-(3-12)-(2-10)-(1-9)-(0-8)],5.698204040527344e-05,0.017872095108032227,2,True,0
O????BwptkTg|?YoJW?}?,[(7-13)-(6-14)-(5-11)-(4-15)-(3-12)-(2-10)-(1-9)-(0-8)],5.14984130859375e-05,0.011841297149658203,1,True,0
O????BwptkTg|?RoJW@u?,[(7-15)-(6-14)-(5-13)-(4-11)-(3-12)-(2-10)-(1-9)-(0-8)],5.125999450683594e-05,0.013476848602294922,1,True,0
O????BwptkTg|?RoJW@u?,[(7-15)-(6-14)-(5-13)-(4-11)-(3-12)-(2-10)-(1-9)-(0-8)],5.6743621826171875e-05,0.012264728546142578,1,True,0
O????BwptkTg|?RoJW@u?,[(7-14)-(6-15)-(5-13)-(4-11)-(3-12)-(2-10)-(1-9)-(0-8)],4.9114227294921875e-05,0.01272273063659668,1,True,0
O????BwptkTg|?RoJW@u?,[(7-14)-(6-15)-(5-13)-(4-11)-(3-12)-(2-10)-(1-9)-(0-8)],5.7220458984375e-05,0.010132551193237305,1,True,0
O????BwptkTg|?RoJW@u?,[(7-15)-(6-14)-(5-11)-(4-13)-(3-12)-(2-10)-(1-9)-(0-8)],5.745887756347656e-05,0.02289414405822754,3,True,0
O????BwptkTg|?RoJW@u?,[(7-15)-(6-14)-(5-11)-(4-13)-(3-12)-(2-10)-(1-9)-(0-8)],5.221366882324219e-05,0.017704248428344727,2,True,0
O????BwptkTg|?RoJW@u?,[(7-14)-(6-15)-(5-11)-(4-13)-(3-12)-(2-10)-(1-9)-(0-8)],5.030632019042969e-05,0.029044151306152344,4,True,0
O????BwptkTg|?RoJW@u?,[(7-14)-(6-15)-(5-11)-(4-13)-(3-12)-(2-10)-(1-9)-(0-8)],9.942054748535156e-05,0.021994590759277344,3,True,0
O????BwptkTg|?RoJW@u?,[(7-15)-(6-13)-(5-11)-(4-14)-(3-12)-(2-10)-(1-9)-(0-8)],7.128715515136719e-05,0.01952815055847168,2,False,0
O????BwptkTg|?RoJW@u?,[(7-15)-(6-13)-(5-11)-(4-14)-(3-12)-(2-10)-(1-9)-(0-8)],5.173683166503906e-05,0.023019075393676758,3,True,0
O????BwptkTg|?RoJW@u?,[(7-13)-(6-15)-(5-11)-(4-14)-(3-12)-(2-10)-(1-9)-(0-8)],4.9591064453125e-05,0.01724100112915039,2,True,0
O????BwptkTg|?RoJW@u?,[(7-13)-(6-15)-(5-11)-(4-14)-(3-12)-(2-10)-(1-9)-(0-8)],5.1975250244140625e-05,0.02953052520751953,4,True,0
O????BwptkTg|?RoJW@u?,[(7-11)-(6-15)-(5-13)-(4-14)-(3-12)-(2-10)-(1-9)-(0-8)],5.125999450683594e-05,0.024271249771118164,3,True,0
O????BwptkTg|?RoJW@u?,[(7-11)-(6-15)-(5-13)-(4-14)-(3-12)-(2-10)-(1-9)-(0-8)],5.14984130859375e-05,0.029735326766967773,4,True,0
O????BwptkTg|?RoJW@u?,[(7-14)-(6-13)-(5-11)-(4-15)-(3-12)-(2-10)-(1-9)-(0-8)],0.0001227855682373047,0.022363662719726562,3,True,0
O????BwptkTg|?RoJW@u?,[(7-14)-(6-13)-(5-11)-(4-15)-(3-12)-(2-10)-(1-9)-(0-8)],5.054473876953125e-05,0.013026714324951172,1,True,0
O????BwptkTg|?RoJW@u?,[(7-13)-(6-14)-(5-11)-(4-15)-(3-12)-(2-10)-(1-9)-(0-8)],5.030632019042969e-05,0.02268075942993164,3,True,0
O????BwptkTg|?RoJW@u?,[(7-13)-(6-14)-(5-11)-(4-15)-(3-12)-(2-10)-(1-9)-(0-8)],9.655952453613281e-05,0.029271602630615234,4,True,0
O????BwptkTg|?RoJW@u?,[(7-11)-(6-14)-(5-13)-(4-15)-(3-12)-(2-10)-(1-9)-(0-8)],5.221366882324219e-05,0.022651195526123047,3,True,0
O????BwptkTg|?RoJW@u?,[(7-11)-(6-14)-(5-13)-(4-15)-(3-12)-(2-10)-(1-9)-(0-8)],5.030632019042969e-05,0.029648303985595703,4,True,0
O????BwptkTgl_]OJWA]?,[(7-13)-(6-14)-(5-15)-(4-11)-(3-12)-(2-10)-(1-9)-(0-8)],5.7220458984375e-05,0.017529010772705078,2,True,0
O????BwptkTgl_]OJWA]?,[(7-13)-(6-14)-(5-15)-(4-11)-(3-12)-(2-10)-(1-9)-(0-8)],5.14984130859375e-05,0.01786184310913086,2,True,0
O????BwptkTgl_]OJWA]?,[(7-15)-(6-14)-(5-11)-(4-13)-(3-12)-(2-10)-(1-9)-(0-8)],4.9591064453125e-05,0.016845703125,2,True,0
O????BwptkTgl_]OJWA]?,[(7-15)-(6-14)-(5-11)-(4-13)-(3-12)-(2-10)-(1-9)-(0-8)],5.030632019042969e-05,0.01795172691345215,2,True,0
O????BwptkTgl_]OJWA]?,[(7-14)-(6-15)-(5-11)-(4-13)-(3-12)-(2-10)-(1-9)-(0-8)],4.9591064453125e-05,0.02301645278930664,3,True,0
O????BwptkTgl_]OJWA]?,[(7-14)-(6-15)-(5-11)-(4-13)-(3-12)-(2-10)-(1-9)-(0-8)],5.221366882324219e-05,0.017063617706298828,2,True,0
O????BwptkTgl_]OJWA]?,[(7-11)-(6-14)-(5-15)-(4-13)-(3-12)-(2-10)-(1-9)-(0-8)],5.364418029785156e-05,0.023026227951049805,3,True,0
O????BwptkTgl_]OJWA]?,[(7-11)-(6-14)-(5-15)-(4-13)-(3-12)-(2-10)-(1-9)-(0-8)],5.078315734863281e-05,0.022688627243041992,3,True,0
O????BwptkTgl_]OJWA]?,[(7-13)-(6-15)-(5-11)-(4-14)-(3-12)-(2-10)-(1-9)-(0-8)],5.0067901611328125e-05,0.012263298034667969,1,True,0
O????BwptkTgl_]OJWA]?,[(7-13)-(6-15)-(5-11)-(4-14)-(3-12)-(2-10)-(1-9)-(0-8)],5.7220458984375e-05,0.017963886260986328,2,True,0
O????BwptkTgl_]OJWA]?,[(7-13)-(6-14)-(5-11)-(4-15)-(3-12)-(2-10)-(1-9)-(0-8)],4.935264587402344e-05,0.018160343170166016,2,True,0
O????BwptkTgl_]OJWA]?,[(7-13)-(6-14)-(5-11)-(4-15)-(3-12)-(2-10)-(1-9)-(0-8)],5.1975250244140625e-05,0.012652873992919922,1,True,0
O????BwptkTgl_]OJWA]?,[(7-15)-(6-14)-(5-12)-(4-11)-(3-13)-(2-10)-(1-9)-(0-8)],5.3882598876953125e-05,0.013672828674316406,1,True,0
O????BwptkTgl_]OJWA]?,[(7-15)-(6-14)-(5-12)-(4-11)-(3-13)-(2-10)-(1-9)-(0-8)],5.602836608886719e-05,0.01199483871459961,1,True,0
O????BwptkTgl_]OJWA]?,[(7-14)-(6-15)-(5-12)-(4-11)-(3-13)-(2-10)-(1-9)-(0-8)],4.9591064453125e-05,0.02947831153869629,4,True,0
O????BwptkTgl_]OJWA]?,[(7-14)-(6-15)-(5-12)-(4-11)-(3-13)-(2-10)-(1-9)-(0-8)],5.1021575927734375e-05,0.035834550857543945,5,True,0
O????BwptkTgl_]OJWA]?,[(7-14)-(6-12)-(5-15)-(4-11)-(3-13)-(2-10)-(1-9)-(0-8)],5.173683166503906e-05,0.0290071964263916,4,True,0
O????BwptkTgl_]OJWA]?,[(7-14)-(6-12)-(5-15)-(4-11)-(3-13)-(2-10)-(1-9)-(0-8)],5.626678466796875e-05,0.022599220275878906,3,True,0
O????BwptkTgl_]OJWA]?,[(7-15)-(6-12)-(5-11)-(4-14)-(3-13)-(2-10)-(1-9)-(0-8)],5.221366882324219e-05,0.035765886306762695,5,True,0
O????BwptkTgl_]OJWA]?,[(7-15)-(6-12)-(5-11)-(4-14)-(3-13)-(2-10)-(1-9)-(0-8)],5.054473876953125e-05,0.012579679489135742,1,True,0
O????BwptkTgl_VOJWBU?,[(7-15)-(6-14)-(5-13)-(4-11)-(3-12)-(2-10)-(1-9)-(0-8)],5.221366882324219e-05,0.017503023147583008,2,True,0
O????BwptkTgl_VOJWBU?,[(7-15)-(6-14)-(5-13)-(4-11)-(3-12)-(2-10)-(1-9)-(0-8)],5.125999450683594e-05,0.012401342391967773,1,True,0
O????BwptkTgl_VOJWBU?,[(7-14)-(6-15)-(5-13)-(4-11)-(3-12)-(2-10)-(1-9)-(0-8)],4.887580871582031e-05,0.018625736236572266,2,True,0
O????BwptkTgl_VOJWBU?,[(7-14)-(6-15)-(5-13)-(4-11)-(3-12)-(2-10)-(1-9)-(0-8)],5.054473876953125e-05,0.01168513298034668,1,True,0
O????BwptkTgl_VOJWBU?,[(7-15)-(6-14)-(5-11)-(4-13)-(3-12)-(2-10)-(1-9)-(0-8)],5.173683166503906e-05,0.017709016799926758,2,True,0
O????BwptkTgl_VOJWBU?,[(7-15)-(6-14)-(5-11)-(4-13)-(3-12)-(2-10)-(1-9)-(0-8)],5.1021575927734375e-05,0.012107133865356445,1,True,0
O????BwptkTgl_VOJWBU?,[(7-14)-(6-15)-(5-11)-(4-13)-(3-12)-(2-10)-(1-9)-(0-8)],6.0558319091796875e-05,0.0230557918548584,3,True,0
O????BwptkTgl_VOJWBU?,[(7-14)-(6-15)-(5-11)-(4-13)-(3-12)-(2-10)-(1-9)-(0-8)],5.1021575927734375e-05,0.02367687225341797,3,True,0
O????BwptkTgl_VOJWBU?,[(7-13)-(6-15)-(5-11)-(4-14)-(3-12)-(2-10)-(1-9)-(0-8)],4.935264587402344e-05,0.018344879150390625,2,True,0
O????BwptkTgl_VOJWBU?,[(7-13)-(6-15)-(5-11)-(4-14)-(3-12)-(2-10)-(1-9)-(0-8)],6.508827209472656e-05,0.02944326400756836,4,True,0
O????BwptkTgl_VOJWBU?,[(7-11)-(6-15)-(5-13)-(4-14)-(3-12)-(2-10)-(1-9)-(0-8)],4.982948303222656e-05,0.023758649826049805,3,True,0
O????BwptkTgl_VOJWBU?,[(7-11)-(6-15)-(5-13)-(4-14)-(3-12)-(2-10)-(1-9)-(0-8)],5.1975250244140625e-05,0.016911745071411133,2,True,0
O????BwptkTgl_VOJWBU?,[(7-13)-(6-14)-(5-11)-(4-15)-(3-12)-(2-10)-(1-9)-(0-8)],4.9591064453125e-05,0.028733015060424805,4,True,0
O????BwptkTgl_VOJWBU?,[(7-13)-(6-14)-(5-11)-(4-15)-(3-12)-(2-10)-(1-9)-(0-8)],5.0067901611328125e-05,0.029237747192382812,4,True,0
O????BwptkTgl_VOJWBU?,[(7-11)-(6-14)-(5-13)-(4-15)-(3-12)-(2-10)-(1-9)-(0-8)],7.319450378417969e-05,0.03696393966674805,5,True,0
O????BwptkTgl_VOJWBU?,[(7-11)-(6-14)-(5-13)-(4-15)-(3-12)-(2-10)-(1-9)-(0-8)],5.1975250244140625e-05,0.02322077751159668,3,True,0
O????BwptkTgl_VOJWBU?,[(7-15)-(6-14)-(5-12)-(4-11)-(3-13)-(2-10)-(1-9)-(0-8)],5.269050598144531e-05,0.012649297714233398,1,True,0
O????BwptkTgl_VOJWBU?,[(7-15)-(6-14)-(5-12)-(4-11)-(3-13)-(2-10)-(1-9)-(0-8)],5.745887756347656e-05,0.017773151397705078,2,True,0
O????BwptkTgl_VOJWBU?,[(7-14)-(6-15)-(5-12)-(4-11)-(3-13)-(2-10)-(1-9)-(0-8)],5.054473876953125e-05,0.01754927635192871,2,True,0
O????BwptkTgl_VOJWBU?,[(7-14)-(6-15)-(5-12)-(4-11)-(3-13)-(2-10)-(1-9)-(0-8)],5.14984130859375e-05,0.01747584342956543,2,True,0
O????BwptkTgj_VOJWBe?,[(7-15)-(6-14)-(5-12)-(4-11)-(3-13)-(2-10)-(1-9)-(0-8)],5.245208740234375e-05,0.011861085891723633,1,True,0
O????BwptkTgj_VOJWBe?,[(7-15)-(6-14)-(5-12)-(4-11)-(3-13)-(2-10)-(1-9)-(0-8)],5.626678466796875e-05,0.02882695198059082,4,True,0
O????BwptkTgj_VOJWBe?,[(7-14)-(6-15)-(5-12)-(4-11)-(3-13)-(2-10)-(1-9)-(0-8)],5.173683166503906e-05,0.01785755157470703,2,True,0
O????BwptkTgj_VOJWBe?,[(7-14)-(6-15)-(5-12)-(4-11)-(3-13)-(2-10)-(1-9)-(0-8)],5.14984130859375e-05,0.0170290470123291,2,True,0
O????BwptkTgj_VOJWBe?,[(7-15)-(6-14)-(5-11)-(4-12)-(3-13)-(2-10)-(1-9)-(0-8)],5.030632019042969e-05,0.012313127517700195,1,True,0
O????BwptkTgj_VOJWBe?,[(7-15)-(6-14)-(5-11)-(4-12)-(3-13)-(2-10)-(1-9)-(0-8)],5.841255187988281e-05,0.01714920997619629,2,True,0
O????BwptkTgj_VOJWBe?,[(7-14)-(6-15)-(5-11)-(4-12)-(3-13)-(2-10)-(1-9)-(0-8)],6.651878356933594e-05,0.017407655715942383,2,True,0
O????BwptkTgj_VOJWBe?,[(7-14)-(6-15)-(5-11)-(4-12)-(3-13)-(2-10)-(1-9)-(0-8)],5.173683166503906e-05,0.013123750686645508,1,True,0
O????BwptkTgj_VOJWBe?,[(7-15)-(6-12)-(5-11)-(4-14)-(3-13)-(2-10)-(1-9)-(0-8)],4.9591064453125e-05,0.023322343826293945,3,True,0
O????BwptkTgj_VOJWBe?,[(7-15)-(6-12)-(5-11)-(4-14)-(3-13)-(2-10)-(1-9)-(0-8)],6.723403930664062e-05,0.012520313262939453,1,True,0
O????BwptkTgj_VOJWBe?,[(7-11)-(6-15)-(5-12)-(4-14)-(3-13)-(2-10)-(1-9)-(0-8)],4.935264587402344e-05,0.013323307037353516,1,True,0
O????BwptkTgj_VOJWBe?,[(7-11)-(6-15)-(5-12)-(4-14)-(3-13)-(2-10)-(1-9)-(0-8)],5.841255187988281e-05,0.016770601272583008,2,True,0
O????BwptkTgj_VOJWBe?,[(7-13)-(6-15)-(5-12)-(4-11)-(3-14)-(2-10)-(1-9)-(0-8)],4.982948303222656e-05,0.030544042587280273,4,False,0
O????BwptkTgj_VOJWBe?,[(7-13)-(6-15)-(5-12)-(4-11)-(3-14)-(2-10)-(1-9)-(0-8)],5.221366882324219e-05,0.023311138153076172,3,True,0
O????BwptkTgj_VOJWBe?,[(7-15)-(6-12)-(5-13)-(4-11)-(3-14)-(2-10)-(1-9)-(0-8)],4.935264587402344e-05,0.009731531143188477,1,True,0
O????BwptkTgj_VOJWBe?,[(7-15)-(6-12)-(5-13)-(4-11)-(3-14)-(2-10)-(1-9)-(0-8)],6.008148193359375e-05,0.01311802864074707,1,True,0
O????BwptkTgj_VOJWBe?,[(7-13)-(6-15)-(5-11)-(4-12)-(3-14)-(2-10)-(1-9)-(0-8)],5.0067901611328125e-05,0.030818700790405273,4,False,0
O????BwptkTgj_VOJWBe?,[(7-13)-(6-15)-(5-11)-(4-12)-(3-14)-(2-10)-(1-9)-(0-8)],5.14984130859375e-05,0.028882741928100586,4,True,0
O????BwptkTgj_VOJWBe?,[(7-11)-(6-15)-(5-13)-(4-12)-(3-14)-(2-10)-(1-9)-(0-8)],4.9114227294921875e-05,0.01764225959777832,2,True,0
O????BwptkTgj_VOJWBe?,[(7-11)-(6-15)-(5-13)-(4-12)-(3-14)-(2-10)-(1-9)-(0-8)],5.1975250244140625e-05,0.016791343688964844,2,True,0
O????BwptkTgeoZ_JgBe?,[(7-14)-(6-15)-(5-13)-(4-11)-(3-12)-(2-10)-(1-9)-(0-8)],5.745887756347656e-05,0.016958951950073242,2,True,0
O????BwptkTgeoZ_JgBe?,[(7-14)-(6-15)-(5-13)-(4-11)-(3-12)-(2-10)-(1-9)-(0-8)],5.0067901611328125e-05,0.01781177520751953,2,True,0
O????BwptkTgeoZ_JgBe?,[(7-15)-(6-13)-(5-14)-(4-11)-(3-12)-(2-10)-(1-9)-(0-8)],5.030632019042969e-05,0.016903162002563477,2,True,0
O????BwptkTgeoZ_JgBe?,[(7-15)-(6-13)-(5-14)-(4-11)-(3-12)-(2-10)-(1-9)-(0-8)],5.1021575927734375e-05,0.013097047805786133,1,True,0
O????BwptkTgeoZ_JgBe?,[(7-14)-(6-15)-(5-11)-(4-13)-(3-12)-(2-10)-(1-9)-(0-8)],4.9591064453125e-05,0.01746225357055664,2,True,0
O????BwptkTgeoZ_JgBe?,[(7-14)-(6-15)-(5-11)-(4-13)-(3-12)-(2-10)-(1-9)-(0-8)],5.269050598144531e-05,0.023016691207885742,3,True,0
O????BwptkTgeoZ_JgBe?,[(7-11)-(6-15)-(5-14)-(4-13)-(3-12)-(2-10)-(1-9)-(0-8)],4.9114227294921875e-05,0.0180513858795166,2,True,0
O????BwptkTgeoZ_JgBe?,[(7-11)-(6-15)-(5-14)-(4-13)-(3-12)-(2-10)-(1-9)-(0-8)],5.1975250244140625e-05,0.011790275573730469,1,True,0
O????BwptkTgeoZ_JgBe?,[(7-15)-(6-13)-(5-11)-(4-14)-(3-12)-(2-10)-(1-9)-(0-8)],5.412101745605469e-05,0.017307043075561523,2,True,0
O????BwptkTgeoZ_JgBe?,[(7-15)-(6-13)-(5-11)-(4-14)-(3-12)-(2-10)-(1-9)-(0-8)],6.175041198730469e-05,0.017745018005371094,2,True,0
O????BwptkTgeoZ_JgBe?,[(7-11)-(6-15)-(5-13)-(4-14)-(3-12)-(2-10)-(1-9)-(0-8)],5.459785461425781e-05,0.02989053726196289,4,True,0
O????BwptkTgeoZ_JgBe?,[(7-11)-(6-15)-(5-13)-(4-14)-(3-12)-(2-10)-(1-9)-(0-8)],5.245208740234375e-05,0.009356260299682617,1,True,0
O????BwptkTgeoZ_JgBe?,[(7-15)-(6-12)-(5-13)-(4-11)-(3-14)-(2-10)-(1-9)-(0-8)],5.7697296142578125e-05,0.013342857360839844,1,True,0
O????BwptkTgeoZ_JgBe?,[(7-15)-(6-12)-(5-13)-(4-11)-(3-14)-(2-10)-(1-9)-(0-8)],5.817413330078125e-05,0.022755146026611328,3,True,0
O????BwptkTgeoZ_JgBe?,[(7-12)-(6-15)-(5-13)-(4-11)-(3-14)-(2-10)-(1-9)-(0-8)],5.340576171875e-05,0.010475397109985352,1,True,0
O????BwptkTgeoZ_JgBe?,[(7-12)-(6-15)-(5-13)-(4-11)-(3-14)-(2-10)-(1-9)-(0-8)],5.793571472167969e-05,0.016576766967773438,2,True,0
O????BwptkTgeoZ_JgBe?,[(7-15)-(6-13)-(5-11)-(4-12)-(3-14)-(2-10)-(1-9)-(0-8)],5.340576171875e-05,0.01776576042175293,2,True,0
O????BwptkTgeoZ_JgBe?,[(7-15)-(6-13)-(5-11)-(4-12)-(3-14)-(2-10)-(1-9)-(0-8)],5.125999450683594e-05,0.022987842559814453,3,True,0
O????BwptkTgeoZ_JgBe?,[(7-11)-(6-15)-(5-13)-(4-12)-(3-14)-(2-10)-(1-9)-(0-8)],5.030632019042969e-05,0.009222030639648438,1,True,0
O????BwptkTgeoZ_JgBe?,[(7-11)-(6-15)-(5-13)-(4-12)-(3-14)-(2-10)-(1-9)-(0-8)],5.8650970458984375e-05,0.01830577850341797,2,True,0
