G6,emparelhamento,canonical_time,solve_time,qtde_moves,resultado,max_depth
{????????????????????????????????????????????????????????????????????????B?cG?A@COA?O??aKW?@AG?O?bA?C??GJ?a??gC?_A?cA??BG?g??IGB????COCg?@@_??g?CU???_??g?c?G??U?_O????W?AK???D??oG???A[_?????@`P????A`?C_???O__OA?????GPGG???W_C?G????_GL??????`AO?O???C?Q?Q??????YOC?????A?I?`?????G@CS?????AGE?_?????,[(29-46)-(28-37)-(27-42)-(26-40)-(25-31)-(24-57)-(23-59)-(22-45)-(21-44)-(20-36)-(19-34)-(18-58)-(17-30)-(16-51)-(15-43)-(14-47)-(13-55)-(12-56)-(11-48)-(10-53)-(9-38)-(8-54)-(7-41)-(6-52)-(5-39)-(4-49)-(3-32)-(2-35)-(1-33)-(0-50)],0.00031876564025878906,0.040503501892089844,2,True,0
{????????????????????????????????????????????????????????????????????????B?cG?A@COA?O??aKW?@AG?O?bA?C??GJ?a??gC?_A?cA??BG?g??IGB????COCg?@@_??g?CU???_??g?c?G??U?_O????W?AK???D??oG???A[_?????@`P????A`?C_???O__OA?????GPGG???W_C?G????_GL??????`AO?O???C?Q?Q??????YOC?????A?I?`?????G@CS?????AGE?_?????,[(29-46)-(28-37)-(27-42)-(26-40)-(25-31)-(24-57)-(23-59)-(22-45)-(21-44)-(20-36)-(19-34)-(18-58)-(17-30)-(16-51)-(15-43)-(14-47)-(13-55)-(12-56)-(11-48)-(10-53)-(9-38)-(8-54)-(7-41)-(6-52)-(5-39)-(4-49)-(3-32)-(2-35)-(1-33)-(0-50)],0.0002899169921875,0.038750648498535156,2,True,0
{????????????????????????????????????????????????????????????????????????B?cG?A@COA?O??aKW?@AG?O?bA?C??GJ?a??gC?_A?cA??BG?g??IGB????COCg?@@_??g?CU???_??g?c?G??U?_O????W?AK???D??oG???A[_?????@`P????A`?C_???O__OA?????GPGG???W_C?G????_GL??????`AO?O???C?Q?Q??????YOC?????A?I?`?????G@CS?????AGE?_?????,[(29-57)-(28-37)-(27-42)-(26-45)-(25-31)-(24-40)-(23-59)-(22-46)-(21-44)-(20-36)-(19-34)-(18-58)-(17-30)-(16-51)-(15-43)-(14-47)-(13-55)-(12-56)-(11-48)-(10-53)-(9-38)-(8-54)-(7-41)-(6-52)-(5-39)-(4-49)-(3-32)-(2-35)-(1-33)-(0-50)],0.00027441978454589844,0.09030961990356445,5,True,0
{????????????????????????????????????????????????????????????????????????B?cG?A@COA?O??aKW?@AG?O?bA?C??GJ?a??gC?_A?cA??BG?g??IGB????COCg?@@_??g?CU???_??g?c?G??U?_O????W?AK???D??oG???A[_?????@`P????A`?C_???O__OA?????GPGG???W_C?G????_GL??????`AO?O???C?Q?Q??????YOC?????A?I?`?????G@CS?????AGE?_?????,[(29-57)-(28-37)-(27-42)-(26-45)-(25-31)-(24-40)-(23-59)-(22-46)-(21-44)-(20-36)-(19-34)-(18-58)-(17-30)-(16-51)-(15-43)-(14-47)-(13-55)-(12-56)-(11-48)-(10-53)-(9-38)-(8-54)-(7-41)-(6-52)-(5-39)-(4-49)-(3-32)-(2-35)-(1-33)-(0-50)],0.00042724609375,0.025052309036254883,1,True,0
{????????????????????????????????????????????????????????????????????????B?cG?A@COA?O??aKW?@AG?O?bA?C??GJ?a??gC?_A?cA??BG?g??IGB????COCg?@@_??g?CU???_??g?c?G??U?_O????W?AK???D??oG???A[_?????@`P????A`?C_???O__OA?????GPGG???W_C?G????_GL??????`AO?O???C?Q?Q??????YOC?????A?I?`?????G@CS?????AGE?_?????,[(29-46)-(28-37)-(27-42)-(26-45)-(25-31)-(24-40)-(23-59)-(22-58)-(21-44)-(20-51)-(19-34)-(18-36)-(17-30)-(16-57)-(15-43)-(14-47)-(13-55)-(12-56)-(11-48)-(10-53)-(9-38)-(8-54)-(7-41)-(6-52)-(5-39)-(4-49)-(3-32)-(2-35)-(1-33)-(0-50)],0.00028252601623535156,0.024466753005981445,1,True,0
{????????????????????????????????????????????????????????????????????????B?cG?A@COA?O??aKW?@AG?O?bA?C??GJ?a??gC?_A?cA??BG?g??IGB????COCg?@@_??g?CU???_??g?c?G??U?_O????W?AK???D??oG???A[_?????@`P????A`?C_???O__OA?????GPGG???W_C?G????_GL??????`AO?O???C?Q?Q??????YOC?????A?I?`?????G@CS?????AGE?_?????,[(29-46)-(28-37)-(27-42)-(26-45)-(25-31)-(24-40)-(23-59)-(22-58)-(21-44)-(20-51)-(19-34)-(18-36)-(17-30)-(16-57)-(15-43)-(14-47)-(13-55)-(12-56)-(11-48)-(10-53)-(9-38)-(8-54)-(7-41)-(6-52)-(5-39)-(4-49)-(3-32)-(2-35)-(1-33)-(0-50)],0.00027370452880859375,0.03887748718261719,2,True,0
{????????????????????????????????????????????????????????????????????????B?cG?A@COA?O??aKW?@AG?O?bA?C??GJ?a??gC?_A?cA??BG?g??IGB????COCg?@@_??g?CU???_??g?c?G??U?_O????W?AK???D??oG???A[_?????@`P????A`?C_???O__OA?????GPGG???W_C?G????_GL??????`AO?O???C?Q?Q??????YOC?????A?I?`?????G@CS?????AGE?_?????,[(29-46)-(28-37)-(27-42)-(26-40)-(25-31)-(24-58)-(23-59)-(22-45)-(21-44)-(20-51)-(19-34)-(18-36)-(17-30)-(16-57)-(15-43)-(14-47)-(13-55)-(12-56)-(11-48)-(10-53)-(9-38)-(8-54)-(7-41)-(6-52)-(5-39)-(4-49)-(3-32)-(2-35)-(1-33)-(0-50)],0.0002655982971191406,0.0737009048461914,4,True,0
{????????????????????????????????????????????????????????????????????????B?cG?A@COA?O??aKW?@AG?O?bA?C??GJ?a??gC?_A?cA??BG?g??IGB????COCg?@@_??g?CU???_??g?c?G??U?_O????W?AK???D??oG???A[_?????@`P????A`?C_???O__OA?????GPGG???W_C?G????_GL??????`AO?O???C?Q?Q??????YOC?????A?I?`?????G@CS?????AGE?_?????,[(29-46)-(28-37)-(27-42)-(26-40)-(25-31)-(24-58)-(23-59)-(22-45)-(21-44)-(20-51)-(19-34)-(18-36)-(17-30)-(16-57)-(15-43)-(14-47)-(13-55)-(12-56)-(11-48)-(10-53)-(9-38)-(8-54)-(7-41)-(6-52)-(5-39)-(4-49)-(3-32)-(2-35)-(1-33)-(0-50)],0.00028204917907714844,0.04172778129577637,2,True,0
{????????????????????????????????????????????????????????????????????????B?cG?A@COA?O??aKW?@AG?O?bA?C??GJ?a??gC?_A?cA??BG?g??IGB????COCg?@@_??g?CU???_??g?c?G??U?_O????W?AK???D??oG???A[_?????@`P????A`?C_???O__OA?????GPGG???W_C?G????_GL??????`AO?O???C?Q?Q??????YOC?????A?I?`?????G@CS?????AGE?_?????,[(29-51)-(28-37)-(27-42)-(26-45)-(25-31)-(24-40)-(23-59)-(22-46)-(21-44)-(20-36)-(19-34)-(18-58)-(17-30)-(16-57)-(15-43)-(14-47)-(13-55)-(12-56)-(11-48)-(10-53)-(9-38)-(8-54)-(7-41)-(6-52)-(5-39)-(4-49)-(3-32)-(2-35)-(1-33)-(0-50)],0.0006072521209716797,0.05367755889892578,3,True,0
{????????????????????????????????????????????????????????????????????????B?cG?A@COA?O??aKW?@AG?O?bA?C??GJ?a??gC?_A?cA??BG?g??IGB????COCg?@@_??g?CU???_??g?c?G??U?_O????W?AK???D??oG???A[_?????@`P????A`?C_???O__OA?????GPGG???W_C?G????_GL??????`AO?O???C?Q?Q??????YOC?????A?I?`?????G@CS?????AGE?_?????,[(29-51)-(28-37)-(27-42)-(26-45)-(25-31)-(24-40)-(23-59)-(22-46)-(21-44)-(20-36)-(19-34)-(18-58)-(17-30)-(16-57)-(15-43)-(14-47)-(13-55)-(12-56)-(11-48)-(10-53)-(9-38)-(8-54)-(7-41)-(6-52)-(5-39)-(4-49)-(3-32)-(2-35)-(1-33)-(0-50)],0.0002772808074951172,0.05503964424133301,3,True,0
{????????????????????????????????????????????????????????????????????????B?cG?A@COA?O??aKW?@AG?O?bA?C??GJ?a??gC?_A?cA??BG?g??IGB????COCg?@@_??g?CU???_??g?c?G??U?_O????W?AK???D??oG???A[_?????@`P????A`?C_???O__OA?????GPGG???W_C?G????_GL??????`AO?O???C?Q?Q??????YOC?????A?I?`?????G@CS?????AGE?_?????,[(29-43)-(28-37)-(27-42)-(26-45)-(25-31)-(24-40)-(23-51)-(22-46)-(21-44)-(20-36)-(19-34)-(18-58)-(17-30)-(16-57)-(15-59)-(14-47)-(13-55)-(12-56)-(11-48)-(10-53)-(9-38)-(8-54)-(7-41)-(6-52)-(5-39)-(4-49)-(3-32)-(2-35)-(1-33)-(0-50)],0.00027298927307128906,0.07220029830932617,4,True,0
{????????????????????????????????????????????????????????????????????????B?cG?A@COA?O??aKW?@AG?O?bA?C??GJ?a??gC?_A?cA??BG?g??IGB????COCg?@@_??g?CU???_??g?c?G??U?_O????W?AK???D??oG???A[_?????@`P????A`?C_???O__OA?????GPGG???W_C?G????_GL??????`AO?O???C?Q?Q??????YOC?????A?I?`?????G@CS?????AGE?_?????,[(29-43)-(28-37)-(27-42)-(26-45)-(25-31)-(24-40)-(23-51)-(22-46)-(21-44)-(20-36)-(19-34)-(18-58)-(17-30)-(16-57)-(15-59)-(14-47)-(13-55)-(12-56)-(11-48)-(10-53)-(9-38)-(8-54)-(7-41)-(6-52)-(5-39)-(4-49)-(3-32)-(2-35)-(1-33)-(0-50)],0.00027060508728027344,0.025065898895263672,1,True,0
{????????????????????????????????????????????????????????????????????????B?cG?A@COA?O??aKW?@AG?O?bA?C??GJ?a??gC?_A?cA??BG?g??IGB????COCg?@@_??g?CU???_??g?c?G??U?_O????W?AK???D??oG???A[_?????@`P????A`?C_???O__OA?????GPGG???W_C?G????_GL??????`AO?O???C?Q?Q??????YOC?????A?I?`?????G@CS?????AGE?_?????,[(29-46)-(28-37)-(27-42)-(26-45)-(25-31)-(24-40)-(23-51)-(22-58)-(21-44)-(20-36)-(19-34)-(18-43)-(17-30)-(16-57)-(15-59)-(14-47)-(13-55)-(12-56)-(11-48)-(10-53)-(9-38)-(8-54)-(7-41)-(6-52)-(5-39)-(4-49)-(3-32)-(2-35)-(1-33)-(0-50)],0.0002644062042236328,0.038625240325927734,2,True,0
{????????????????????????????????????????????????????????????????????????B?cG?A@COA?O??aKW?@AG?O?bA?C??GJ?a??gC?_A?cA??BG?g??IGB????COCg?@@_??g?CU???_??g?c?G??U?_O????W?AK???D??oG???A[_?????@`P????A`?C_???O__OA?????GPGG???W_C?G????_GL??????`AO?O???C?Q?Q??????YOC?????A?I?`?????G@CS?????AGE?_?????,[(29-46)-(28-37)-(27-42)-(26-45)-(25-31)-(24-40)-(23-51)-(22-58)-(21-44)-(20-36)-(19-34)-(18-43)-(17-30)-(16-57)-(15-59)-(14-47)-(13-55)-(12-56)-(11-48)-(10-53)-(9-38)-(8-54)-(7-41)-(6-52)-(5-39)-(4-49)-(3-32)-(2-35)-(1-33)-(0-50)],0.000278472900390625,0.017894268035888672,1,True,0
{????????????????????????????????????????????????????????????????????????B?cG?A@COA?O??aKW?@AG?O?bA?C??GJ?a??gC?_A?cA??BG?g??IGB????COCg?@@_??g?CU???_??g?c?G??U?_O????W?AK???D??oG???A[_?????@`P????A`?C_???O__OA?????GPGG???W_C?G????_GL??????`AO?O???C?Q?Q??????YOC?????A?I?`?????G@CS?????AGE?_?????,[(29-46)-(28-37)-(27-42)-(26-40)-(25-31)-(24-58)-(23-51)-(22-45)-(21-44)-(20-36)-(19-34)-(18-43)-(17-30)-(16-57)-(15-59)-(14-47)-(13-55)-(12-56)-(11-48)-(10-53)-(9-38)-(8-54)-(7-41)-(6-52)-(5-39)-(4-49)-(3-32)-(2-35)-(1-33)-(0-50)],0.00029087066650390625,0.09392070770263672,5,True,0
{????????????????????????????????????????????????????????????????????????B?cG?A@COA?O??aKW?@AG?O?bA?C??GJ?a??gC?_A?cA??BG?g??IGB????COCg?@@_??g?CU???_??g?c?G??U?_O????W?AK???D??oG???A[_?????@`P????A`?C_???O__OA?????GPGG???W_C?G????_GL??????`AO?O???C?Q?Q??????YOC?????A?I?`?????G@CS?????AGE?_?????,[(29-46)-(28-37)-(27-42)-(26-40)-(25-31)-(24-58)-(23-51)-(22-45)-(21-44)-(20-36)-(19-34)-(18-43)-(17-30)-(16-57)-(15-59)-(14-47)-(13-55)-(12-56)-(11-48)-(10-53)-(9-38)-(8-54)-(7-41)-(6-52)-(5-39)-(4-49)-(3-32)-(2-35)-(1-33)-(0-50)],0.0003170967102050781,0.0537114143371582,3,True,0
{????????????????????????????????????????????????????????????????????????B?cG?A@COA?O??aKW?@AG?O?bA?C??GJ?a??gC?_A?cA??BG?g??IGB????COCg?@@_??g?CU???_??g?c?G??U?_O????W?AK???D??oG???A[_?????@`P????A`?C_???O__OA?????GPGG???W_C?G????_GL??????`AO?O???C?Q?Q??????YOC?????A?I?`?????G@CS?????AGE?_?????,[(29-46)-(28-37)-(27-42)-(26-45)-(25-31)-(24-57)-(23-59)-(22-55)-(21-44)-(20-36)-(19-34)-(18-58)-(17-30)-(16-51)-(15-43)-(14-47)-(13-40)-(12-56)-(11-48)-(10-53)-(9-38)-(8-54)-(7-41)-(6-52)-(5-39)-(4-49)-(3-32)-(2-35)-(1-33)-(0-50)],0.00027370452880859375,0.05373191833496094,3,True,0
{????????????????????????????????????????????????????????????????????????B?cG?A@COA?O??aKW?@AG?O?bA?C??GJ?a??gC?_A?cA??BG?g??IGB????COCg?@@_??g?CU???_??g?c?G??U?_O????W?AK???D??oG???A[_?????@`P????A`?C_???O__OA?????GPGG???W_C?G????_GL??????`AO?O???C?Q?Q??????YOC?????A?I?`?????G@CS?????AGE?_?????,[(29-46)-(28-37)-(27-42)-(26-45)-(25-31)-(24-57)-(23-59)-(22-55)-(21-44)-(20-36)-(19-34)-(18-58)-(17-30)-(16-51)-(15-43)-(14-47)-(13-40)-(12-56)-(11-48)-(10-53)-(9-38)-(8-54)-(7-41)-(6-52)-(5-39)-(4-49)-(3-32)-(2-35)-(1-33)-(0-50)],0.0004897117614746094,0.017578840255737305,1,True,0
{????????????????????????????????????????????????????????????????????????B?cG?A@COA?O??aKW?@AG?O?bA?C??GJ?a??gC?_A?cA??BG?g??IGB????COCg?@@_??g?CU???_??g?c?G??U?_O????W?AK???D??oG???A[_?????@`P????A`?C_???O__OA?????GPGG???W_C?G????_GL??????`AO?O???C?Q?Q??????YOC?????A?I?`?????G@CS?????AGE?_?????,[(29-46)-(28-37)-(27-42)-(26-45)-(25-31)-(24-58)-(23-59)-(22-55)-(21-44)-(20-51)-(19-34)-(18-36)-(17-30)-(16-57)-(15-43)-(14-47)-(13-40)-(12-56)-(11-48)-(10-53)-(9-38)-(8-54)-(7-41)-(6-52)-(5-39)-(4-49)-(3-32)-(2-35)-(1-33)-(0-50)],0.0003666877746582031,0.07164573669433594,4,True,0
{????????????????????????????????????????????????????????????????????????B?cG?A@COA?O??aKW?@AG?O?bA?C??GJ?a??gC?_A?cA??BG?g??IGB????COCg?@@_??g?CU???_??g?c?G??U?_O????W?AK???D??oG???A[_?????@`P????A`?C_???O__OA?????GPGG???W_C?G????_GL??????`AO?O???C?Q?Q??????YOC?????A?I?`?????G@CS?????AGE?_?????,[(29-46)-(28-37)-(27-42)-(26-45)-(25-31)-(24-58)-(23-59)-(22-55)-(21-44)-(20-51)-(19-34)-(18-36)-(17-30)-(16-57)-(15-43)-(14-47)-(13-40)-(12-56)-(11-48)-(10-53)-(9-38)-(8-54)-(7-41)-(6-52)-(5-39)-(4-49)-(3-32)-(2-35)-(1-33)-(0-50)],0.00027489662170410156,0.01663684844970703,1,True,0
{?????????????????????????????????????????????????????????????????????????I?a_DS?O??@Q?AC?E@G@??K?L?G@@CG??gH?G?D?W_??@C?_G_AA?CGO????d`?@O??WO?@PG?_???OEA@??@E??GG??AA??[??@?_B_???ODA?_???_?MG????CC?Ag????O`GA???DGA?A????HG_O??????Gq@??????gSG????Ca?G?_????@@C?K?????`_AC?????_@_OO????G?GCP?????,[(29-56)-(28-39)-(27-41)-(26-43)-(25-45)-(24-40)-(23-47)-(22-44)-(21-42)-(20-59)-(19-46)-(18-54)-(17-55)-(16-31)-(15-30)-(14-58)-(13-37)-(12-57)-(11-34)-(10-53)-(9-33)-(8-36)-(7-32)-(6-50)-(5-52)-(4-38)-(3-49)-(2-51)-(1-35)-(0-48)],0.000392913818359375,0.05721592903137207,3,True,0
{?????????????????????????????????????????????????????????????????????????I?a_DS?O??@Q?AC?E@G@??K?L?G@@CG??gH?G?D?W_??@C?_G_AA?CGO????d`?@O??WO?@PG?_???OEA@??@E??GG??AA??[??@?_B_???ODA?_???_?MG????CC?Ag????O`GA???DGA?A????HG_O??????Gq@??????gSG????Ca?G?_????@@C?K?????`_AC?????_@_OO????G?GCP?????,[(29-56)-(28-39)-(27-41)-(26-43)-(25-45)-(24-40)-(23-47)-(22-44)-(21-42)-(20-59)-(19-46)-(18-54)-(17-55)-(16-31)-(15-30)-(14-58)-(13-37)-(12-57)-(11-34)-(10-53)-(9-33)-(8-36)-(7-32)-(6-50)-(5-52)-(4-38)-(3-49)-(2-51)-(1-35)-(0-48)],0.0003323554992675781,0.056210994720458984,3,True,0
{?????????????????????????????????????????????????????????????????????????I?a_DS?O??@Q?AC?E@G@??K?L?G@@CG??gH?G?D?W_??@C?_G_AA?CGO????d`?@O??WO?@PG?_???OEA@??@E??GG??AA??[??@?_B_???ODA?_???_?MG????CC?Ag????O`GA???DGA?A????HG_O??????Gq@??????gSG????Ca?G?_????@@C?K?????`_AC?????_@_OO????G?GCP?????,[(29-56)-(28-59)-(27-41)-(26-43)-(25-45)-(24-40)-(23-39)-(22-44)-(21-42)-(20-46)-(19-30)-(18-54)-(17-55)-(16-31)-(15-47)-(14-58)-(13-37)-(12-57)-(11-34)-(10-53)-(9-33)-(8-36)-(7-32)-(6-50)-(5-52)-(4-38)-(3-49)-(2-51)-(1-35)-(0-48)],0.0002772808074951172,0.026398420333862305,1,True,0
{?????????????????????????????????????????????????????????????????????????I?a_DS?O??@Q?AC?E@G@??K?L?G@@CG??gH?G?D?W_??@C?_G_AA?CGO????d`?@O??WO?@PG?_???OEA@??@E??GG??AA??[??@?_B_???ODA?_???_?MG????CC?Ag????O`GA???DGA?A????HG_O??????Gq@??????gSG????Ca?G?_????@@C?K?????`_AC?????_@_OO????G?GCP?????,[(29-56)-(28-59)-(27-41)-(26-43)-(25-45)-(24-40)-(23-39)-(22-44)-(21-42)-(20-46)-(19-30)-(18-54)-(17-55)-(16-31)-(15-47)-(14-58)-(13-37)-(12-57)-(11-34)-(10-53)-(9-33)-(8-36)-(7-32)-(6-50)-(5-52)-(4-38)-(3-49)-(2-51)-(1-35)-(0-48)],0.0002760887145996094,0.055098772048950195,3,True,0
{?????????????????????????????????????????????????????????????????????????I?a_DS?O??@Q?AC?E@G@??K?L?G@@CG??gH?G?D?W_??@C?_G_AA?CGO????d`?@O??WO?@PG?_???OEA@??@E??GG??AA??[??@?_B_???ODA?_???_?MG????CC?Ag????O`GA???DGA?A????HG_O??????Gq@??????gSG????Ca?G?_????@@C?K?????`_AC?????_@_OO????G?GCP?????,[(29-40)-(28-56)-(27-41)-(26-43)-(25-45)-(24-59)-(23-39)-(22-44)-(21-42)-(20-46)-(19-30)-(18-54)-(17-55)-(16-31)-(15-47)-(14-58)-(13-37)-(12-57)-(11-34)-(10-53)-(9-33)-(8-36)-(7-32)-(6-50)-(5-52)-(4-38)-(3-49)-(2-51)-(1-35)-(0-48)],0.00032806396484375,0.039826393127441406,2,True,0
{?????????????????????????????????????????????????????????????????????????I?a_DS?O??@Q?AC?E@G@??K?L?G@@CG??gH?G?D?W_??@C?_G_AA?CGO????d`?@O??WO?@PG?_???OEA@??@E??GG??AA??[??@?_B_???ODA?_???_?MG????CC?Ag????O`GA???DGA?A????HG_O??????Gq@??????gSG????Ca?G?_????@@C?K?????`_AC?????_@_OO????G?GCP?????,[(29-40)-(28-56)-(27-41)-(26-43)-(25-45)-(24-59)-(23-39)-(22-44)-(21-42)-(20-46)-(19-30)-(18-54)-(17-55)-(16-31)-(15-47)-(14-58)-(13-37)-(12-57)-(11-34)-(10-53)-(9-33)-(8-36)-(7-32)-(6-50)-(5-52)-(4-38)-(3-49)-(2-51)-(1-35)-(0-48)],0.0002675056457519531,0.02516007423400879,1,True,0
{?????????????????????????????????????????????????????????????????????????I?a_DS?O??@Q?AC?E@G@??K?L?G@@CG??gH?G?D?W_??@C?_G_AA?CGO????d`?@O??WO?@PG?_???OEA@??@E??GG??AA??[??@?_B_???ODA?_???_?MG????CC?Ag????O`GA???DGA?A????HG_O??????Gq@??????gSG????Ca?G?_????@@C?K?????`_AC?????_@_OO????G?GCP?????,[(29-56)-(28-39)-(27-41)-(26-43)-(25-45)-(24-59)-(23-40)-(22-44)-(21-42)-(20-46)-(19-30)-(18-54)-(17-55)-(16-31)-(15-47)-(14-58)-(13-37)-(12-57)-(11-34)-(10-53)-(9-33)-(8-36)-(7-32)-(6-50)-(5-52)-(4-38)-(3-49)-(2-51)-(1-35)-(0-48)],0.0002765655517578125,0.025574684143066406,1,True,0
{?????????????????????????????????????????????????????????????????????????I?a_DS?O??@Q?AC?E@G@??K?L?G@@CG??gH?G?D?W_??@C?_G_AA?CGO????d`?@O??WO?@PG?_???OEA@??@E??GG??AA??[??@?_B_???ODA?_???_?MG????CC?Ag????O`GA???DGA?A????HG_O??????Gq@??????gSG????Ca?G?_????@@C?K?????`_AC?????_@_OO????G?GCP?????,[(29-56)-(28-39)-(27-41)-(26-43)-(25-45)-(24-59)-(23-40)-(22-44)-(21-42)-(20-46)-(19-30)-(18-54)-(17-55)-(16-31)-(15-47)-(14-58)-(13-37)-(12-57)-(11-34)-(10-53)-(9-33)-(8-36)-(7-32)-(6-50)-(5-52)-(4-38)-(3-49)-(2-51)-(1-35)-(0-48)],0.0003108978271484375,0.02537679672241211,1,True,0
{?????????????????????????????????????????????????????????????????????????I?a_DS?O??@Q?AC?E@G@??K?L?G@@CG??gH?G?D?W_??@C?_G_AA?CGO????d`?@O??WO?@PG?_???OEA@??@E??GG??AA??[??@?_B_???ODA?_???_?MG????CC?Ag????O`GA???DGA?A????HG_O??????Gq@??????gSG????Ca?G?_????@@C?K?????`_AC?????_@_OO????G?GCP?????,[(29-56)-(28-59)-(27-41)-(26-43)-(25-45)-(24-40)-(23-54)-(22-44)-(21-42)-(20-46)-(19-30)-(18-39)-(17-55)-(16-31)-(15-47)-(14-58)-(13-37)-(12-57)-(11-34)-(10-53)-(9-33)-(8-36)-(7-32)-(6-50)-(5-52)-(4-38)-(3-49)-(2-51)-(1-35)-(0-48)],0.00027108192443847656,0.01745319366455078,1,True,0
{?????????????????????????????????????????????????????????????????????????I?a_DS?O??@Q?AC?E@G@??K?L?G@@CG??gH?G?D?W_??@C?_G_AA?CGO????d`?@O??WO?@PG?_???OEA@??@E??GG??AA??[??@?_B_???ODA?_???_?MG????CC?Ag????O`GA???DGA?A????HG_O??????Gq@??????gSG????Ca?G?_????@@C?K?????`_AC?????_@_OO????G?GCP?????,[(29-56)-(28-59)-(27-41)-(26-43)-(25-45)-(24-40)-(23-54)-(22-44)-(21-42)-(20-46)-(19-30)-(18-39)-(17-55)-(16-31)-(15-47)-(14-58)-(13-37)-(12-57)-(11-34)-(10-53)-(9-33)-(8-36)-(7-32)-(6-50)-(5-52)-(4-38)-(3-49)-(2-51)-(1-35)-(0-48)],0.0002639293670654297,0.05391669273376465,3,True,0
{?????????????????????????????????????????????????????????????????????????I?a_DS?O??@Q?AC?E@G@??K?L?G@@CG??gH?G?D?W_??@C?_G_AA?CGO????d`?@O??WO?@PG?_???OEA@??@E??GG??AA??[??@?_B_???ODA?_???_?MG????CC?Ag????O`GA???DGA?A????HG_O??????Gq@??????gSG????Ca?G?_????@@C?K?????`_AC?????_@_OO????G?GCP?????,[(29-40)-(28-56)-(27-41)-(26-43)-(25-45)-(24-59)-(23-54)-(22-44)-(21-42)-(20-46)-(19-30)-(18-39)-(17-55)-(16-31)-(15-47)-(14-58)-(13-37)-(12-57)-(11-34)-(10-53)-(9-33)-(8-36)-(7-32)-(6-50)-(5-52)-(4-38)-(3-49)-(2-51)-(1-35)-(0-48)],0.0002818107604980469,0.026352643966674805,1,True,0
{?????????????????????????????????????????????????????????????????????????I?a_DS?O??@Q?AC?E@G@??K?L?G@@CG??gH?G?D?W_??@C?_G_AA?CGO????d`?@O??WO?@PG?_???OEA@??@E??GG??AA??[??@?_B_???ODA?_???_?MG????CC?Ag????O`GA???DGA?A????HG_O??????Gq@??????gSG????Ca?G?_????@@C?K?????`_AC?????_@_OO????G?GCP?????,[(29-40)-(28-56)-(27-41)-(26-43)-(25-45)-(24-59)-(23-54)-(22-44)-(21-42)-(20-46)-(19-30)-(18-39)-(17-55)-(16-31)-(15-47)-(14-58)-(13-37)-(12-57)-(11-34)-(10-53)-(9-33)-(8-36)-(7-32)-(6-50)-(5-52)-(4-38)-(3-49)-(2-51)-(1-35)-(0-48)],0.0002799034118652344,0.016865968704223633,1,True,0
{?????????????????????????????????????????????????????????????????????????I?a_DS?O??@Q?AC?E@G@??K?L?G@@CG??gH?G?D?W_??@C?_G_AA?CGO????d`?@O??WO?@PG?_???OEA@??@E??GG??AA??[??@?_B_???ODA?_???_?MG????CC?Ag????O`GA???DGA?A????HG_O??????Gq@??????gSG????Ca?G?_????@@C?K?????`_AC?????_@_OO????G?GCP?????,[(29-56)-(28-39)-(27-41)-(26-43)-(25-45)-(24-59)-(23-54)-(22-44)-(21-42)-(20-46)-(19-30)-(18-40)-(17-55)-(16-31)-(15-47)-(14-58)-(13-37)-(12-57)-(11-34)-(10-53)-(9-33)-(8-36)-(7-32)-(6-50)-(5-52)-(4-38)-(3-49)-(2-51)-(1-35)-(0-48)],0.000278472900390625,0.07123112678527832,4,True,0
{?????????????????????????????????????????????????????????????????????????I?a_DS?O??@Q?AC?E@G@??K?L?G@@CG??gH?G?D?W_??@C?_G_AA?CGO????d`?@O??WO?@PG?_???OEA@??@E??GG??AA??[??@?_B_???ODA?_???_?MG????CC?Ag????O`GA???DGA?A????HG_O??????Gq@??????gSG????Ca?G?_????@@C?K?????`_AC?????_@_OO????G?GCP?????,[(29-56)-(28-39)-(27-41)-(26-43)-(25-45)-(24-59)-(23-54)-(22-44)-(21-42)-(20-46)-(19-30)-(18-40)-(17-55)-(16-31)-(15-47)-(14-58)-(13-37)-(12-57)-(11-34)-(10-53)-(9-33)-(8-36)-(7-32)-(6-50)-(5-52)-(4-38)-(3-49)-(2-51)-(1-35)-(0-48)],0.00027441978454589844,0.039530277252197266,2,True,0
{?????????????????????????????????????????????????????????????????????????I?a_DS?O??@Q?AC?E@G@??K?L?G@@CG??gH?G?D?W_??@C?_G_AA?CGO????d`?@O??WO?@PG?_???OEA@??@E??GG??AA??[??@?_B_???ODA?_???_?MG????CC?Ag????O`GA???DGA?A????HG_O??????Gq@??????gSG????Ca?G?_????@@C?K?????`_AC?????_@_OO????G?GCP?????,[(29-40)-(28-44)-(27-55)-(26-43)-(25-45)-(24-59)-(23-39)-(22-41)-(21-42)-(20-46)-(19-30)-(18-54)-(17-56)-(16-31)-(15-47)-(14-58)-(13-37)-(12-57)-(11-34)-(10-53)-(9-33)-(8-36)-(7-32)-(6-50)-(5-52)-(4-38)-(3-49)-(2-51)-(1-35)-(0-48)],0.00031566619873046875,0.03889751434326172,2,True,0
{?????????????????????????????????????????????????????????????????????????I?a_DS?O??@Q?AC?E@G@??K?L?G@@CG??gH?G?D?W_??@C?_G_AA?CGO????d`?@O??WO?@PG?_???OEA@??@E??GG??AA??[??@?_B_???ODA?_???_?MG????CC?Ag????O`GA???DGA?A????HG_O??????Gq@??????gSG????Ca?G?_????@@C?K?????`_AC?????_@_OO????G?GCP?????,[(29-40)-(28-44)-(27-55)-(26-43)-(25-45)-(24-59)-(23-39)-(22-41)-(21-42)-(20-46)-(19-30)-(18-54)-(17-56)-(16-31)-(15-47)-(14-58)-(13-37)-(12-57)-(11-34)-(10-53)-(9-33)-(8-36)-(7-32)-(6-50)-(5-52)-(4-38)-(3-49)-(2-51)-(1-35)-(0-48)],0.00027060508728027344,0.025107860565185547,1,True,0
{?????????????????????????????????????????????????????????????????????????I?a_DS?O??@Q?AC?E@G@??K?L?G@@CG??gH?G?D?W_??@C?_G_AA?CGO????d`?@O??WO?@PG?_???OEA@??@E??GG??AA??[??@?_B_???ODA?_???_?MG????CC?Ag????O`GA???DGA?A????HG_O??????Gq@??????gSG????Ca?G?_????@@C?K?????`_AC?????_@_OO????G?GCP?????,[(29-40)-(28-44)-(27-55)-(26-43)-(25-45)-(24-59)-(23-54)-(22-41)-(21-42)-(20-46)-(19-30)-(18-39)-(17-56)-(16-31)-(15-47)-(14-58)-(13-37)-(12-57)-(11-34)-(10-53)-(9-33)-(8-36)-(7-32)-(6-50)-(5-52)-(4-38)-(3-49)-(2-51)-(1-35)-(0-48)],0.00028228759765625,0.05546855926513672,3,True,0
{?????????????????????????????????????????????????????????????????????????I?a_DS?O??@Q?AC?E@G@??K?L?G@@CG??gH?G?D?W_??@C?_G_AA?CGO????d`?@O??WO?@PG?_???OEA@??@E??GG??AA??[??@?_B_???ODA?_???_?MG????CC?Ag????O`GA???DGA?A????HG_O??????Gq@??????gSG????Ca?G?_????@@C?K?????`_AC?????_@_OO????G?GCP?????,[(29-40)-(28-44)-(27-55)-(26-43)-(25-45)-(24-59)-(23-54)-(22-41)-(21-42)-(20-46)-(19-30)-(18-39)-(17-56)-(16-31)-(15-47)-(14-58)-(13-37)-(12-57)-(11-34)-(10-53)-(9-33)-(8-36)-(7-32)-(6-50)-(5-52)-(4-38)-(3-49)-(2-51)-(1-35)-(0-48)],0.0003070831298828125,0.023868083953857422,1,True,0
{?????????????????????????????????????????????????????????????????????????I?a_DS?O??@Q?AC?E@G@??K?L?G@@CG??gH?G?D?W_??@C?_G_AA?CGO????d`?@O??WO?@PG?_???OEA@??@E??GG??AA??[??@?_B_???ODA?_???_?MG????CC?Ag????O`GA???DGA?A????HG_O??????Gq@??????gSG????Ca?G?_????@@C?K?????`_AC?????_@_OO????G?GCP?????,[(29-40)-(28-39)-(27-41)-(26-43)-(25-45)-(24-59)-(23-47)-(22-44)-(21-42)-(20-46)-(19-30)-(18-54)-(17-55)-(16-31)-(15-58)-(14-37)-(13-56)-(12-57)-(11-34)-(10-53)-(9-33)-(8-36)-(7-32)-(6-50)-(5-52)-(4-38)-(3-49)-(2-51)-(1-35)-(0-48)],0.00027370452880859375,0.04042553901672363,2,True,0
{?????????????????????????????????????????????????????????????????????????I?a_DS?O??@Q?AC?E@G@??K?L?G@@CG??gH?G?D?W_??@C?_G_AA?CGO????d`?@O??WO?@PG?_???OEA@??@E??GG??AA??[??@?_B_???ODA?_???_?MG????CC?Ag????O`GA???DGA?A????HG_O??????Gq@??????gSG????Ca?G?_????@@C?K?????`_AC?????_@_OO????G?GCP?????,[(29-40)-(28-39)-(27-41)-(26-43)-(25-45)-(24-59)-(23-47)-(22-44)-(21-42)-(20-46)-(19-30)-(18-54)-(17-55)-(16-31)-(15-58)-(14-37)-(13-56)-(12-57)-(11-34)-(10-53)-(9-33)-(8-36)-(7-32)-(6-50)-(5-52)-(4-38)-(3-49)-(2-51)-(1-35)-(0-48)],0.00027370452880859375,0.039788007736206055,2,True,0
{?????????????????????????????????????????????????????????????????????????H??EGGg?@G?_GOWS?AQ??GCT??O??oB??_`?E??DW?@???AEa?@D@?O??G@@_G?A??Ho??@C??KG?@FC????@??_d???@EC?G???OQC?_??Q_AA????AB??W???OCCGG????GDO?_??AAO_C????AE?OA???@_@c??????a?IA?????d??S?????HC?D?????a?oO?????C?E?S?????A??B`?????,[(29-42)-(28-59)-(27-38)-(26-31)-(25-30)-(24-58)-(23-56)-(22-55)-(21-47)-(20-44)-(19-52)-(18-46)-(17-40)-(16-41)-(15-45)-(14-39)-(13-57)-(12-43)-(11-37)-(10-51)-(9-49)-(8-32)-(7-50)-(6-36)-(5-34)-(4-48)-(3-54)-(2-53)-(1-33)-(0-35)],0.00030350685119628906,0.03993535041809082,2,True,0
{?????????????????????????????????????????????????????????????????????????H??EGGg?@G?_GOWS?AQ??GCT??O??oB??_`?E??DW?@???AEa?@D@?O??G@@_G?A??Ho??@C??KG?@FC????@??_d???@EC?G???OQC?_??Q_AA????AB??W???OCCGG????GDO?_??AAO_C????AE?OA???@_@c??????a?IA?????d??S?????HC?D?????a?oO?????C?E?S?????A??B`?????,[(29-42)-(28-59)-(27-38)-(26-31)-(25-30)-(24-58)-(23-56)-(22-55)-(21-47)-(20-44)-(19-52)-(18-46)-(17-40)-(16-41)-(15-45)-(14-39)-(13-57)-(12-43)-(11-37)-(10-51)-(9-49)-(8-32)-(7-50)-(6-36)-(5-34)-(4-48)-(3-54)-(2-53)-(1-33)-(0-35)],0.0003211498260498047,0.07077670097351074,4,True,0
{?????????????????????????????????????????????????????????????????????????H??EGGg?@G?_GOWS?AQ??GCT??O??oB??_`?E??DW?@???AEa?@D@?O??G@@_G?A??Ho??@C??KG?@FC????@??_d???@EC?G???OQC?_??Q_AA????AB??W???OCCGG????GDO?_??AAO_C????AE?OA???@_@c??????a?IA?????d??S?????HC?D?????a?oO?????C?E?S?????A??B`?????,[(29-30)-(28-59)-(27-38)-(26-31)-(25-56)-(24-58)-(23-42)-(22-55)-(21-47)-(20-44)-(19-52)-(18-46)-(17-40)-(16-41)-(15-45)-(14-39)-(13-57)-(12-43)-(11-37)-(10-51)-(9-49)-(8-32)-(7-50)-(6-36)-(5-34)-(4-48)-(3-54)-(2-53)-(1-33)-(0-35)],0.0002727508544921875,0.038962364196777344,2,True,0
{?????????????????????????????????????????????????????????????????????????H??EGGg?@G?_GOWS?AQ??GCT??O??oB??_`?E??DW?@???AEa?@D@?O??G@@_G?A??Ho??@C??KG?@FC????@??_d???@EC?G???OQC?_??Q_AA????AB??W???OCCGG????GDO?_??AAO_C????AE?OA???@_@c??????a?IA?????d??S?????HC?D?????a?oO?????C?E?S?????A??B`?????,[(29-30)-(28-59)-(27-38)-(26-31)-(25-56)-(24-58)-(23-42)-(22-55)-(21-47)-(20-44)-(19-52)-(18-46)-(17-40)-(16-41)-(15-45)-(14-39)-(13-57)-(12-43)-(11-37)-(10-51)-(9-49)-(8-32)-(7-50)-(6-36)-(5-34)-(4-48)-(3-54)-(2-53)-(1-33)-(0-35)],0.0002834796905517578,0.0710909366607666,4,True,0
{?????????????????????????????????????????????????????????????????????????H??EGGg?@G?_GOWS?AQ??GCT??O??oB??_`?E??DW?@???AEa?@D@?O??G@@_G?A??Ho??@C??KG?@FC????@??_d???@EC?G???OQC?_??Q_AA????AB??W???OCCGG????GDO?_??AAO_C????AE?OA???@_@c??????a?IA?????d??S?????HC?D?????a?oO?????C?E?S?????A??B`?????,[(29-42)-(28-59)-(27-38)-(26-31)-(25-30)-(24-55)-(23-56)-(22-58)-(21-47)-(20-44)-(19-52)-(18-46)-(17-40)-(16-41)-(15-45)-(14-39)-(13-57)-(12-43)-(11-37)-(10-51)-(9-49)-(8-32)-(7-50)-(6-36)-(5-34)-(4-48)-(3-54)-(2-53)-(1-33)-(0-35)],0.0002853870391845703,0.0388946533203125,2,True,0
{?????????????????????????????????????????????????????????????????????????H??EGGg?@G?_GOWS?AQ??GCT??O??oB??_`?E??DW?@???AEa?@D@?O??G@@_G?A??Ho??@C??KG?@FC????@??_d???@EC?G???OQC?_??Q_AA????AB??W???OCCGG????GDO?_??AAO_C????AE?OA???@_@c??????a?IA?????d??S?????HC?D?????a?oO?????C?E?S?????A??B`?????,[(29-42)-(28-59)-(27-38)-(26-31)-(25-30)-(24-55)-(23-56)-(22-58)-(21-47)-(20-44)-(19-52)-(18-46)-(17-40)-(16-41)-(15-45)-(14-39)-(13-57)-(12-43)-(11-37)-(10-51)-(9-49)-(8-32)-(7-50)-(6-36)-(5-34)-(4-48)-(3-54)-(2-53)-(1-33)-(0-35)],0.0002803802490234375,0.024944305419921875,1,True,0
{?????????????????????????????????????????????????????????????????????????H??EGGg?@G?_GOWS?AQ??GCT??O??oB??_`?E??DW?@???AEa?@D@?O??G@@_G?A??Ho??@C??KG?@FC????@??_d???@EC?G???OQC?_??Q_AA????AB??W???OCCGG????GDO?_??AAO_C????AE?OA???@_@c??????a?IA?????d??S?????HC?D?????a?oO?????C?E?S?????A??B`?????,[(29-30)-(28-59)-(27-38)-(26-31)-(25-56)-(24-55)-(23-42)-(22-58)-(21-47)-(20-44)-(19-52)-(18-46)-(17-40)-(16-41)-(15-45)-(14-39)-(13-57)-(12-43)-(11-37)-(10-51)-(9-49)-(8-32)-(7-50)-(6-36)-(5-34)-(4-48)-(3-54)-(2-53)-(1-33)-(0-35)],0.0002689361572265625,0.01803302764892578,1,True,0
{?????????????????????????????????????????????????????????????????????????H??EGGg?@G?_GOWS?AQ??GCT??O??oB??_`?E??DW?@???AEa?@D@?O??G@@_G?A??Ho??@C??KG?@FC????@??_d???@EC?G???OQC?_??Q_AA????AB??W???OCCGG????GDO?_??AAO_C????AE?OA???@_@c??????a?IA?????d??S?????HC?D?????a?oO?????C?E?S?????A??B`?????,[(29-30)-(28-59)-(27-38)-(26-31)-(25-56)-(24-55)-(23-42)-(22-58)-(21-47)-(20-44)-(19-52)-(18-46)-(17-40)-(16-41)-(15-45)-(14-39)-(13-57)-(12-43)-(11-37)-(10-51)-(9-49)-(8-32)-(7-50)-(6-36)-(5-34)-(4-48)-(3-54)-(2-53)-(1-33)-(0-35)],0.00026416778564453125,0.05447673797607422,3,True,0
{?????????????????????????????????????????????????????????????????????????H??EGGg?@G?_GOWS?AQ??GCT??O??oB??_`?E??DW?@???AEa?@D@?O??G@@_G?A??Ho??@C??KG?@FC????@??_d???@EC?G???OQC?_??Q_AA????AB??W???OCCGG????GDO?_??AAO_C????AE?OA???@_@c??????a?IA?????d??S?????HC?D?????a?oO?????C?E?S?????A??B`?????,[(29-30)-(28-52)-(27-38)-(26-31)-(25-56)-(24-42)-(23-59)-(22-55)-(21-47)-(20-44)-(19-57)-(18-46)-(17-40)-(16-41)-(15-45)-(14-39)-(13-58)-(12-43)-(11-37)-(10-51)-(9-49)-(8-32)-(7-50)-(6-36)-(5-34)-(4-48)-(3-54)-(2-53)-(1-33)-(0-35)],0.0003368854522705078,0.039460182189941406,2,True,0
{?????????????????????????????????????????????????????????????????????????H??EGGg?@G?_GOWS?AQ??GCT??O??oB??_`?E??DW?@???AEa?@D@?O??G@@_G?A??Ho??@C??KG?@FC????@??_d???@EC?G???OQC?_??Q_AA????AB??W???OCCGG????GDO?_??AAO_C????AE?OA???@_@c??????a?IA?????d??S?????HC?D?????a?oO?????C?E?S?????A??B`?????,[(29-30)-(28-52)-(27-38)-(26-31)-(25-56)-(24-42)-(23-59)-(22-55)-(21-47)-(20-44)-(19-57)-(18-46)-(17-40)-(16-41)-(15-45)-(14-39)-(13-58)-(12-43)-(11-37)-(10-51)-(9-49)-(8-32)-(7-50)-(6-36)-(5-34)-(4-48)-(3-54)-(2-53)-(1-33)-(0-35)],0.0002732276916503906,0.054136037826538086,3,True,0
{?????????????????????????????????????????????????????????????????????????H??EGGg?@G?_GOWS?AQ??GCT??O??oB??_`?E??DW?@???AEa?@D@?O??G@@_G?A??Ho??@C??KG?@FC????@??_d???@EC?G???OQC?_??Q_AA????AB??W???OCCGG????GDO?_??AAO_C????AE?OA???@_@c??????a?IA?????d??S?????HC?D?????a?oO?????C?E?S?????A??B`?????,[(29-42)-(28-52)-(27-38)-(26-31)-(25-56)-(24-30)-(23-59)-(22-55)-(21-47)-(20-44)-(19-57)-(18-46)-(17-40)-(16-41)-(15-45)-(14-39)-(13-58)-(12-43)-(11-37)-(10-51)-(9-49)-(8-32)-(7-50)-(6-36)-(5-34)-(4-48)-(3-54)-(2-53)-(1-33)-(0-35)],0.00027751922607421875,0.08957767486572266,5,True,0
{?????????????????????????????????????????????????????????????????????????H??EGGg?@G?_GOWS?AQ??GCT??O??oB??_`?E??DW?@???AEa?@D@?O??G@@_G?A??Ho??@C??KG?@FC????@??_d???@EC?G???OQC?_??Q_AA????AB??W???OCCGG????GDO?_??AAO_C????AE?OA???@_@c??????a?IA?????d??S?????HC?D?????a?oO?????C?E?S?????A??B`?????,[(29-42)-(28-52)-(27-38)-(26-31)-(25-56)-(24-30)-(23-59)-(22-55)-(21-47)-(20-44)-(19-57)-(18-46)-(17-40)-(16-41)-(15-45)-(14-39)-(13-58)-(12-43)-(11-37)-(10-51)-(9-49)-(8-32)-(7-50)-(6-36)-(5-34)-(4-48)-(3-54)-(2-53)-(1-33)-(0-35)],0.000274658203125,0.03823995590209961,2,True,0
{?????????????????????????????????????????????????????????????????????????H??EGGg?@G?_GOWS?AQ??GCT??O??oB??_`?E??DW?@???AEa?@D@?O??G@@_G?A??Ho??@C??KG?@FC????@??_d???@EC?G???OQC?_??Q_AA????AB??W???OCCGG????GDO?_??AAO_C????AE?OA???@_@c??????a?IA?????d??S?????HC?D?????a?oO?????C?E?S?????A??B`?????,[(29-42)-(28-52)-(27-38)-(26-31)-(25-30)-(24-55)-(23-56)-(22-59)-(21-47)-(20-44)-(19-57)-(18-46)-(17-40)-(16-41)-(15-45)-(14-39)-(13-58)-(12-43)-(11-37)-(10-51)-(9-49)-(8-32)-(7-50)-(6-36)-(5-34)-(4-48)-(3-54)-(2-53)-(1-33)-(0-35)],0.00026988983154296875,0.024352312088012695,1,True,0
{?????????????????????????????????????????????????????????????????????????H??EGGg?@G?_GOWS?AQ??GCT??O??oB??_`?E??DW?@???AEa?@D@?O??G@@_G?A??Ho??@C??KG?@FC????@??_d???@EC?G???OQC?_??Q_AA????AB??W???OCCGG????GDO?_??AAO_C????AE?OA???@_@c??????a?IA?????d??S?????HC?D?????a?oO?????C?E?S?????A??B`?????,[(29-42)-(28-52)-(27-38)-(26-31)-(25-30)-(24-55)-(23-56)-(22-59)-(21-47)-(20-44)-(19-57)-(18-46)-(17-40)-(16-41)-(15-45)-(14-39)-(13-58)-(12-43)-(11-37)-(10-51)-(9-49)-(8-32)-(7-50)-(6-36)-(5-34)-(4-48)-(3-54)-(2-53)-(1-33)-(0-35)],0.00032639503479003906,0.042528629302978516,2,True,0
{?????????????????????????????????????????????????????????????????????????H??EGGg?@G?_GOWS?AQ??GCT??O??oB??_`?E??DW?@???AEa?@D@?O??G@@_G?A??Ho??@C??KG?@FC????@??_d???@EC?G???OQC?_??Q_AA????AB??W???OCCGG????GDO?_??AAO_C????AE?OA???@_@c??????a?IA?????d??S?????HC?D?????a?oO?????C?E?S?????A??B`?????,[(29-30)-(28-52)-(27-38)-(26-31)-(25-56)-(24-55)-(23-42)-(22-59)-(21-47)-(20-44)-(19-57)-(18-46)-(17-40)-(16-41)-(15-45)-(14-39)-(13-58)-(12-43)-(11-37)-(10-51)-(9-49)-(8-32)-(7-50)-(6-36)-(5-34)-(4-48)-(3-54)-(2-53)-(1-33)-(0-35)],0.0002646446228027344,0.039351463317871094,2,True,0
{?????????????????????????????????????????????????????????????????????????H??EGGg?@G?_GOWS?AQ??GCT??O??oB??_`?E??DW?@???AEa?@D@?O??G@@_G?A??Ho??@C??KG?@FC????@??_d???@EC?G???OQC?_??Q_AA????AB??W???OCCGG????GDO?_??AAO_C????AE?OA???@_@c??????a?IA?????d??S?????HC?D?????a?oO?????C?E?S?????A??B`?????,[(29-30)-(28-52)-(27-38)-(26-31)-(25-56)-(24-55)-(23-42)-(22-59)-(21-47)-(20-44)-(19-57)-(18-46)-(17-40)-(16-41)-(15-45)-(14-39)-(13-58)-(12-43)-(11-37)-(10-51)-(9-49)-(8-32)-(7-50)-(6-36)-(5-34)-(4-48)-(3-54)-(2-53)-(1-33)-(0-35)],0.0002810955047607422,0.025083541870117188,1,True,0
{?????????????????????????????????????????????????????????????????????????H??EGGg?@G?_GOWS?AQ??GCT??O??oB??_`?E??DW?@???AEa?@D@?O??G@@_G?A??Ho??@C??KG?@FC????@??_d???@EC?G???OQC?_??Q_AA????AB??W???OCCGG????GDO?_??AAO_C????AE?OA???@_@c??????a?IA?????d??S?????HC?D?????a?oO?????C?E?S?????A??B`?????,[(29-31)-(28-52)-(27-38)-(26-45)-(25-30)-(24-42)-(23-56)-(22-55)-(21-59)-(20-44)-(19-57)-(18-46)-(17-40)-(16-41)-(15-47)-(14-39)-(13-58)-(12-43)-(11-37)-(10-51)-(9-49)-(8-32)-(7-50)-(6-36)-(5-34)-(4-48)-(3-54)-(2-53)-(1-33)-(0-35)],0.0002791881561279297,0.12999582290649414,7,True,0
{?????????????????????????????????????????????????????????????????????????H??EGGg?@G?_GOWS?AQ??GCT??O??oB??_`?E??DW?@???AEa?@D@?O??G@@_G?A??Ho??@C??KG?@FC????@??_d???@EC?G???OQC?_??Q_AA????AB??W???OCCGG????GDO?_??AAO_C????AE?OA???@_@c??????a?IA?????d??S?????HC?D?????a?oO?????C?E?S?????A??B`?????,[(29-31)-(28-52)-(27-38)-(26-45)-(25-30)-(24-42)-(23-56)-(22-55)-(21-59)-(20-44)-(19-57)-(18-46)-(17-40)-(16-41)-(15-47)-(14-39)-(13-58)-(12-43)-(11-37)-(10-51)-(9-49)-(8-32)-(7-50)-(6-36)-(5-34)-(4-48)-(3-54)-(2-53)-(1-33)-(0-35)],0.0002944469451904297,0.053804874420166016,3,True,0
{?????????????????????????????????????????????????????????????????????????H??EGGg?@G?_GOWS?AQ??GCT??O??oB??_`?E??DW?@???AEa?@D@?O??G@@_G?A??Ho??@C??KG?@FC????@??_d???@EC?G???OQC?_??Q_AA????AB??W???OCCGG????GDO?_??AAO_C????AE?OA???@_@c??????a?IA?????d??S?????HC?D?????a?oO?????C?E?S?????A??B`?????,[(29-31)-(28-52)-(27-38)-(26-45)-(25-56)-(24-30)-(23-42)-(22-55)-(21-59)-(20-44)-(19-57)-(18-46)-(17-40)-(16-41)-(15-47)-(14-39)-(13-58)-(12-43)-(11-37)-(10-51)-(9-49)-(8-32)-(7-50)-(6-36)-(5-34)-(4-48)-(3-54)-(2-53)-(1-33)-(0-35)],0.0002906322479248047,0.039306640625,2,True,0
{?????????????????????????????????????????????????????????????????????????H??EGGg?@G?_GOWS?AQ??GCT??O??oB??_`?E??DW?@???AEa?@D@?O??G@@_G?A??Ho??@C??KG?@FC????@??_d???@EC?G???OQC?_??Q_AA????AB??W???OCCGG????GDO?_??AAO_C????AE?OA???@_@c??????a?IA?????d??S?????HC?D?????a?oO?????C?E?S?????A??B`?????,[(29-31)-(28-52)-(27-38)-(26-45)-(25-56)-(24-30)-(23-42)-(22-55)-(21-59)-(20-44)-(19-57)-(18-46)-(17-40)-(16-41)-(15-47)-(14-39)-(13-58)-(12-43)-(11-37)-(10-51)-(9-49)-(8-32)-(7-50)-(6-36)-(5-34)-(4-48)-(3-54)-(2-53)-(1-33)-(0-35)],0.0002779960632324219,0.04018974304199219,2,True,0
{?????????????????????????????????????????????????????????????????????????O_CDAc?_G?OKE??ICO?A?@?SCO?APAA?w?_?_?@AA?D??@OBG?@AH_???_??P`???_CD_?A?GAGO????IJ???A@_?c??a?KA????A_Ao???G__CG???@A_GC???IG_?_???EOG_?????i_??O???o@?CC????K?P?C????F?`???????OT_????A?@?HO?????_HGG?????BA?OG????A?DO@?????,[(29-44)-(28-42)-(27-56)-(26-43)-(25-47)-(24-30)-(23-31)-(22-45)-(21-46)-(20-54)-(19-40)-(18-59)-(17-41)-(16-55)-(15-53)-(14-57)-(13-58)-(12-38)-(11-39)-(10-37)-(9-35)-(8-34)-(7-51)-(6-50)-(5-48)-(4-49)-(3-32)-(2-33)-(1-52)-(0-36)],0.00033926963806152344,0.09154915809631348,5,True,0
{?????????????????????????????????????????????????????????????????????????O_CDAc?_G?OKE??ICO?A?@?SCO?APAA?w?_?_?@AA?D??@OBG?@AH_???_??P`???_CD_?A?GAGO????IJ???A@_?c??a?KA????A_Ao???G__CG???@A_GC???IG_?_???EOG_?????i_??O???o@?CC????K?P?C????F?`???????OT_????A?@?HO?????_HGG?????BA?OG????A?DO@?????,[(29-44)-(28-42)-(27-56)-(26-43)-(25-47)-(24-30)-(23-31)-(22-45)-(21-46)-(20-54)-(19-40)-(18-59)-(17-41)-(16-55)-(15-53)-(14-57)-(13-58)-(12-38)-(11-39)-(10-37)-(9-35)-(8-34)-(7-51)-(6-50)-(5-48)-(4-49)-(3-32)-(2-33)-(1-52)-(0-36)],0.00038361549377441406,0.03945589065551758,2,True,0
{?????????????????????????????????????????????????????????????????????????O_CDAc?_G?OKE??ICO?A?@?SCO?APAA?w?_?_?@AA?D??@OBG?@AH_???_??P`???_CD_?A?GAGO????IJ???A@_?c??a?KA????A_Ao???G__CG???@A_GC???IG_?_???EOG_?????i_??O???o@?CC????K?P?C????F?`???????OT_????A?@?HO?????_HGG?????BA?OG????A?DO@?????,[(29-44)-(28-42)-(27-56)-(26-30)-(25-47)-(24-40)-(23-31)-(22-45)-(21-46)-(20-54)-(19-43)-(18-59)-(17-41)-(16-55)-(15-53)-(14-57)-(13-58)-(12-38)-(11-39)-(10-37)-(9-35)-(8-34)-(7-51)-(6-50)-(5-48)-(4-49)-(3-32)-(2-33)-(1-52)-(0-36)],0.00027680397033691406,0.025015830993652344,1,True,0
{?????????????????????????????????????????????????????????????????????????O_CDAc?_G?OKE??ICO?A?@?SCO?APAA?w?_?_?@AA?D??@OBG?@AH_???_??P`???_CD_?A?GAGO????IJ???A@_?c??a?KA????A_Ao???G__CG???@A_GC???IG_?_???EOG_?????i_??O???o@?CC????K?P?C????F?`???????OT_????A?@?HO?????_HGG?????BA?OG????A?DO@?????,[(29-44)-(28-42)-(27-56)-(26-30)-(25-47)-(24-40)-(23-31)-(22-45)-(21-46)-(20-54)-(19-43)-(18-59)-(17-41)-(16-55)-(15-53)-(14-57)-(13-58)-(12-38)-(11-39)-(10-37)-(9-35)-(8-34)-(7-51)-(6-50)-(5-48)-(4-49)-(3-32)-(2-33)-(1-52)-(0-36)],0.0002694129943847656,0.03890085220336914,2,True,0
{?????????????????????????????????????????????????????????????????????????O_CDAc?_G?OKE??ICO?A?@?SCO?APAA?w?_?_?@AA?D??@OBG?@AH_???_??P`???_CD_?A?GAGO????IJ???A@_?c??a?KA????A_Ao???G__CG???@A_GC???IG_?_???EOG_?????i_??O???o@?CC????K?P?C????F?`???????OT_????A?@?HO?????_HGG?????BA?OG????A?DO@?????,[(29-40)-(28-42)-(27-56)-(26-44)-(25-47)-(24-30)-(23-31)-(22-45)-(21-46)-(20-54)-(19-43)-(18-59)-(17-41)-(16-55)-(15-53)-(14-57)-(13-58)-(12-38)-(11-39)-(10-37)-(9-35)-(8-34)-(7-51)-(6-50)-(5-48)-(4-49)-(3-32)-(2-33)-(1-52)-(0-36)],0.0002884864807128906,0.016579627990722656,1,True,0
{?????????????????????????????????????????????????????????????????????????O_CDAc?_G?OKE??ICO?A?@?SCO?APAA?w?_?_?@AA?D??@OBG?@AH_???_??P`???_CD_?A?GAGO????IJ???A@_?c??a?KA????A_Ao???G__CG???@A_GC???IG_?_???EOG_?????i_??O???o@?CC????K?P?C????F?`???????OT_????A?@?HO?????_HGG?????BA?OG????A?DO@?????,[(29-40)-(28-42)-(27-56)-(26-44)-(25-47)-(24-30)-(23-31)-(22-45)-(21-46)-(20-54)-(19-43)-(18-59)-(17-41)-(16-55)-(15-53)-(14-57)-(13-58)-(12-38)-(11-39)-(10-37)-(9-35)-(8-34)-(7-51)-(6-50)-(5-48)-(4-49)-(3-32)-(2-33)-(1-52)-(0-36)],0.00026416778564453125,0.054892539978027344,3,True,0
{?????????????????????????????????????????????????????????????????????????O_CDAc?_G?OKE??ICO?A?@?SCO?APAA?w?_?_?@AA?D??@OBG?@AH_???_??P`???_CD_?A?GAGO????IJ???A@_?c??a?KA????A_Ao???G__CG???@A_GC???IG_?_???EOG_?????i_??O???o@?CC????K?P?C????F?`???????OT_????A?@?HO?????_HGG?????BA?OG????A?DO@?????,[(29-44)-(28-59)-(27-56)-(26-43)-(25-47)-(24-40)-(23-31)-(22-45)-(21-46)-(20-54)-(19-42)-(18-30)-(17-41)-(16-55)-(15-53)-(14-57)-(13-58)-(12-38)-(11-39)-(10-37)-(9-35)-(8-34)-(7-51)-(6-50)-(5-48)-(4-49)-(3-32)-(2-33)-(1-52)-(0-36)],0.000274658203125,0.03854250907897949,2,True,0
{?????????????????????????????????????????????????????????????????????????O_CDAc?_G?OKE??ICO?A?@?SCO?APAA?w?_?_?@AA?D??@OBG?@AH_???_??P`???_CD_?A?GAGO????IJ???A@_?c??a?KA????A_Ao???G__CG???@A_GC???IG_?_???EOG_?????i_??O???o@?CC????K?P?C????F?`???????OT_????A?@?HO?????_HGG?????BA?OG????A?DO@?????,[(29-44)-(28-59)-(27-56)-(26-43)-(25-47)-(24-40)-(23-31)-(22-45)-(21-46)-(20-54)-(19-42)-(18-30)-(17-41)-(16-55)-(15-53)-(14-57)-(13-58)-(12-38)-(11-39)-(10-37)-(9-35)-(8-34)-(7-51)-(6-50)-(5-48)-(4-49)-(3-32)-(2-33)-(1-52)-(0-36)],0.0003039836883544922,0.07524371147155762,4,True,0
{?????????????????????????????????????????????????????????????????????????O_CDAc?_G?OKE??ICO?A?@?SCO?APAA?w?_?_?@AA?D??@OBG?@AH_???_??P`???_CD_?A?GAGO????IJ???A@_?c??a?KA????A_Ao???G__CG???@A_GC???IG_?_???EOG_?????i_??O???o@?CC????K?P?C????F?`???????OT_????A?@?HO?????_HGG?????BA?OG????A?DO@?????,[(29-44)-(28-42)-(27-56)-(26-41)-(25-47)-(24-30)-(23-31)-(22-45)-(21-46)-(20-54)-(19-40)-(18-59)-(17-43)-(16-55)-(15-53)-(14-57)-(13-58)-(12-38)-(11-39)-(10-37)-(9-35)-(8-34)-(7-51)-(6-50)-(5-48)-(4-49)-(3-32)-(2-33)-(1-52)-(0-36)],0.00027298927307128906,0.03888964653015137,2,True,0
{?????????????????????????????????????????????????????????????????????????O_CDAc?_G?OKE??ICO?A?@?SCO?APAA?w?_?_?@AA?D??@OBG?@AH_???_??P`???_CD_?A?GAGO????IJ???A@_?c??a?KA????A_Ao???G__CG???@A_GC???IG_?_???EOG_?????i_??O???o@?CC????K?P?C????F?`???????OT_????A?@?HO?????_HGG?????BA?OG????A?DO@?????,[(29-44)-(28-42)-(27-56)-(26-41)-(25-47)-(24-30)-(23-31)-(22-45)-(21-46)-(20-54)-(19-40)-(18-59)-(17-43)-(16-55)-(15-53)-(14-57)-(13-58)-(12-38)-(11-39)-(10-37)-(9-35)-(8-34)-(7-51)-(6-50)-(5-48)-(4-49)-(3-32)-(2-33)-(1-52)-(0-36)],0.0002732276916503906,0.017392396926879883,1,True,0
{?????????????????????????????????????????????????????????????????????????O_CDAc?_G?OKE??ICO?A?@?SCO?APAA?w?_?_?@AA?D??@OBG?@AH_???_??P`???_CD_?A?GAGO????IJ???A@_?c??a?KA????A_Ao???G__CG???@A_GC???IG_?_???EOG_?????i_??O???o@?CC????K?P?C????F?`???????OT_????A?@?HO?????_HGG?????BA?OG????A?DO@?????,[(29-44)-(28-59)-(27-56)-(26-41)-(25-47)-(24-40)-(23-31)-(22-45)-(21-46)-(20-54)-(19-42)-(18-30)-(17-43)-(16-55)-(15-53)-(14-57)-(13-58)-(12-38)-(11-39)-(10-37)-(9-35)-(8-34)-(7-51)-(6-50)-(5-48)-(4-49)-(3-32)-(2-33)-(1-52)-(0-36)],0.0002765655517578125,0.0172731876373291,1,True,0
{?????????????????????????????????????????????????????????????????????????O_CDAc?_G?OKE??ICO?A?@?SCO?APAA?w?_?_?@AA?D??@OBG?@AH_???_??P`???_CD_?A?GAGO????IJ???A@_?c??a?KA????A_Ao???G__CG???@A_GC???IG_?_???EOG_?????i_??O???o@?CC????K?P?C????F?`???????OT_????A?@?HO?????_HGG?????BA?OG????A?DO@?????,[(29-44)-(28-59)-(27-56)-(26-41)-(25-47)-(24-40)-(23-31)-(22-45)-(21-46)-(20-54)-(19-42)-(18-30)-(17-43)-(16-55)-(15-53)-(14-57)-(13-58)-(12-38)-(11-39)-(10-37)-(9-35)-(8-34)-(7-51)-(6-50)-(5-48)-(4-49)-(3-32)-(2-33)-(1-52)-(0-36)],0.0002644062042236328,0.03855252265930176,2,True,0
{?????????????????????????????????????????????????????????????????????????O_CDAc?_G?OKE??ICO?A?@?SCO?APAA?w?_?_?@AA?D??@OBG?@AH_???_??P`???_CD_?A?GAGO????IJ???A@_?c??a?KA????A_Ao???G__CG???@A_GC???IG_?_???EOG_?????i_??O???o@?CC????K?P?C????F?`???????OT_????A?@?HO?????_HGG?????BA?OG????A?DO@?????,[(29-44)-(28-42)-(27-56)-(26-43)-(25-47)-(24-30)-(23-31)-(22-45)-(21-46)-(20-54)-(19-40)-(18-55)-(17-41)-(16-59)-(15-53)-(14-57)-(13-58)-(12-38)-(11-39)-(10-37)-(9-35)-(8-34)-(7-51)-(6-50)-(5-48)-(4-49)-(3-32)-(2-33)-(1-52)-(0-36)],0.00028824806213378906,0.07381749153137207,4,True,0
{?????????????????????????????????????????????????????????????????????????O_CDAc?_G?OKE??ICO?A?@?SCO?APAA?w?_?_?@AA?D??@OBG?@AH_???_??P`???_CD_?A?GAGO????IJ???A@_?c??a?KA????A_Ao???G__CG???@A_GC???IG_?_???EOG_?????i_??O???o@?CC????K?P?C????F?`???????OT_????A?@?HO?????_HGG?????BA?OG????A?DO@?????,[(29-44)-(28-42)-(27-56)-(26-43)-(25-47)-(24-30)-(23-31)-(22-45)-(21-46)-(20-54)-(19-40)-(18-55)-(17-41)-(16-59)-(15-53)-(14-57)-(13-58)-(12-38)-(11-39)-(10-37)-(9-35)-(8-34)-(7-51)-(6-50)-(5-48)-(4-49)-(3-32)-(2-33)-(1-52)-(0-36)],0.0002741813659667969,0.02542424201965332,1,True,0
{?????????????????????????????????????????????????????????????????????????O_CDAc?_G?OKE??ICO?A?@?SCO?APAA?w?_?_?@AA?D??@OBG?@AH_???_??P`???_CD_?A?GAGO????IJ???A@_?c??a?KA????A_Ao???G__CG???@A_GC???IG_?_???EOG_?????i_??O???o@?CC????K?P?C????F?`???????OT_????A?@?HO?????_HGG?????BA?OG????A?DO@?????,[(29-44)-(28-42)-(27-56)-(26-30)-(25-47)-(24-40)-(23-31)-(22-45)-(21-46)-(20-54)-(19-43)-(18-55)-(17-41)-(16-59)-(15-53)-(14-57)-(13-58)-(12-38)-(11-39)-(10-37)-(9-35)-(8-34)-(7-51)-(6-50)-(5-48)-(4-49)-(3-32)-(2-33)-(1-52)-(0-36)],0.0003464221954345703,0.02495741844177246,1,True,0
{?????????????????????????????????????????????????????????????????????????O_CDAc?_G?OKE??ICO?A?@?SCO?APAA?w?_?_?@AA?D??@OBG?@AH_???_??P`???_CD_?A?GAGO????IJ???A@_?c??a?KA????A_Ao???G__CG???@A_GC???IG_?_???EOG_?????i_??O???o@?CC????K?P?C????F?`???????OT_????A?@?HO?????_HGG?????BA?OG????A?DO@?????,[(29-44)-(28-42)-(27-56)-(26-30)-(25-47)-(24-40)-(23-31)-(22-45)-(21-46)-(20-54)-(19-43)-(18-55)-(17-41)-(16-59)-(15-53)-(14-57)-(13-58)-(12-38)-(11-39)-(10-37)-(9-35)-(8-34)-(7-51)-(6-50)-(5-48)-(4-49)-(3-32)-(2-33)-(1-52)-(0-36)],0.00027251243591308594,0.058930158615112305,3,True,0
{?????????????????????????????????????????????????????????????????????????O_CDAc?_G?OKE??ICO?A?@?SCO?APAA?w?_?_?@AA?D??@OBG?@AH_???_??P`???_CD_?A?GAGO????IJ???A@_?c??a?KA????A_Ao???G__CG???@A_GC???IG_?_???EOG_?????i_??O???o@?CC????K?P?C????F?`???????OT_????A?@?HO?????_HGG?????BA?OG????A?DO@?????,[(29-40)-(28-42)-(27-56)-(26-44)-(25-47)-(24-30)-(23-31)-(22-45)-(21-46)-(20-54)-(19-43)-(18-55)-(17-41)-(16-59)-(15-53)-(14-57)-(13-58)-(12-38)-(11-39)-(10-37)-(9-35)-(8-34)-(7-51)-(6-50)-(5-48)-(4-49)-(3-32)-(2-33)-(1-52)-(0-36)],0.00029969215393066406,0.07361841201782227,4,True,0
{?????????????????????????????????????????????????????????????????????????O_CDAc?_G?OKE??ICO?A?@?SCO?APAA?w?_?_?@AA?D??@OBG?@AH_???_??P`???_CD_?A?GAGO????IJ???A@_?c??a?KA????A_Ao???G__CG???@A_GC???IG_?_???EOG_?????i_??O???o@?CC????K?P?C????F?`???????OT_????A?@?HO?????_HGG?????BA?OG????A?DO@?????,[(29-40)-(28-42)-(27-56)-(26-44)-(25-47)-(24-30)-(23-31)-(22-45)-(21-46)-(20-54)-(19-43)-(18-55)-(17-41)-(16-59)-(15-53)-(14-57)-(13-58)-(12-38)-(11-39)-(10-37)-(9-35)-(8-34)-(7-51)-(6-50)-(5-48)-(4-49)-(3-32)-(2-33)-(1-52)-(0-36)],0.0002739429473876953,0.05471301078796387,3,True,0
{?????????????????????????????????????????????????????????????????????????O_CDAc?_G?OKE??ICO?A?@?SCO?APAA?w?_?_?@AA?D??@OBG?@AH_???_??P`???_CD_?A?GAGO????IJ???A@_?c??a?KA????A_Ao???G__CG???@A_GC???IG_?_???EOG_?????i_??O???o@?CC????K?P?C????F?`???????OT_????A?@?HO?????_HGG?????BA?OG????A?DO@?????,[(29-44)-(28-42)-(27-56)-(26-43)-(25-47)-(24-40)-(23-31)-(22-45)-(21-55)-(20-54)-(19-46)-(18-30)-(17-41)-(16-59)-(15-53)-(14-57)-(13-58)-(12-38)-(11-39)-(10-37)-(9-35)-(8-34)-(7-51)-(6-50)-(5-48)-(4-49)-(3-32)-(2-33)-(1-52)-(0-36)],0.00031828880310058594,0.024675846099853516,1,True,0
{?????????????????????????????????????????????????????????????????????????O_CDAc?_G?OKE??ICO?A?@?SCO?APAA?w?_?_?@AA?D??@OBG?@AH_???_??P`???_CD_?A?GAGO????IJ???A@_?c??a?KA????A_Ao???G__CG???@A_GC???IG_?_???EOG_?????i_??O???o@?CC????K?P?C????F?`???????OT_????A?@?HO?????_HGG?????BA?OG????A?DO@?????,[(29-44)-(28-42)-(27-56)-(26-43)-(25-47)-(24-40)-(23-31)-(22-45)-(21-55)-(20-54)-(19-46)-(18-30)-(17-41)-(16-59)-(15-53)-(14-57)-(13-58)-(12-38)-(11-39)-(10-37)-(9-35)-(8-34)-(7-51)-(6-50)-(5-48)-(4-49)-(3-32)-(2-33)-(1-52)-(0-36)],0.0002696514129638672,0.055408477783203125,3,True,0
{?????????????????????????????????????????????????????????????????????????@?TO@?i?@?I?oA?c?A_A?OPD??G?BH??@AG?a??GBOO?@SO??_C??I__?@@?`@??O@?IC?C?A___???G?RO???ICCO??GOG?a??@S??AO??A?Q?S?????_DH???Qg?C?????@APG????IAA?_????VO?????B___?????A?_@I?????IKG??????OO@C_????c?@C@????AA?P?_????Cq?C??????,[(29-40)-(28-45)-(27-58)-(26-31)-(25-46)-(24-47)-(23-44)-(22-43)-(21-42)-(20-59)-(19-39)-(18-30)-(17-57)-(16-35)-(15-50)-(14-36)-(13-41)-(12-48)-(11-55)-(10-34)-(9-54)-(8-37)-(7-52)-(6-38)-(5-51)-(4-32)-(3-56)-(2-53)-(1-49)-(0-33)],0.0002758502960205078,0.07249808311462402,4,True,0
{?????????????????????????????????????????????????????????????????????????@?TO@?i?@?I?oA?c?A_A?OPD??G?BH??@AG?a??GBOO?@SO??_C??I__?@@?`@??O@?IC?C?A___???G?RO???ICCO??GOG?a??@S??AO??A?Q?S?????_DH???Qg?C?????@APG????IAA?_????VO?????B___?????A?_@I?????IKG??????OO@C_????c?@C@????AA?P?_????Cq?C??????,[(29-40)-(28-45)-(27-58)-(26-31)-(25-46)-(24-47)-(23-44)-(22-43)-(21-42)-(20-59)-(19-39)-(18-30)-(17-57)-(16-35)-(15-50)-(14-36)-(13-41)-(12-48)-(11-55)-(10-34)-(9-54)-(8-37)-(7-52)-(6-38)-(5-51)-(4-32)-(3-56)-(2-53)-(1-49)-(0-33)],0.00027871131896972656,0.03895306587219238,2,True,0
{?????????????????????????????????????????????????????????????????????????@?TO@?i?@?I?oA?c?A_A?OPD??G?BH??@AG?a??GBOO?@SO??_C??I__?@@?`@??O@?IC?C?A___???G?RO???ICCO??GOG?a??@S??AO??A?Q?S?????_DH???Qg?C?????@APG????IAA?_????VO?????B___?????A?_@I?????IKG??????OO@C_????c?@C@????AA?P?_????Cq?C??????,[(29-57)-(28-45)-(27-58)-(26-31)-(25-46)-(24-47)-(23-40)-(22-43)-(21-42)-(20-59)-(19-39)-(18-30)-(17-44)-(16-35)-(15-50)-(14-36)-(13-41)-(12-48)-(11-55)-(10-34)-(9-54)-(8-37)-(7-52)-(6-38)-(5-51)-(4-32)-(3-56)-(2-53)-(1-49)-(0-33)],0.0002684593200683594,0.056397438049316406,3,True,0
{?????????????????????????????????????????????????????????????????????????@?TO@?i?@?I?oA?c?A_A?OPD??G?BH??@AG?a??GBOO?@SO??_C??I__?@@?`@??O@?IC?C?A___???G?RO???ICCO??GOG?a??@S??AO??A?Q?S?????_DH???Qg?C?????@APG????IAA?_????VO?????B___?????A?_@I?????IKG??????OO@C_????c?@C@????AA?P?_????Cq?C??????,[(29-57)-(28-45)-(27-58)-(26-31)-(25-46)-(24-47)-(23-40)-(22-43)-(21-42)-(20-59)-(19-39)-(18-30)-(17-44)-(16-35)-(15-50)-(14-36)-(13-41)-(12-48)-(11-55)-(10-34)-(9-54)-(8-37)-(7-52)-(6-38)-(5-51)-(4-32)-(3-56)-(2-53)-(1-49)-(0-33)],0.0002791881561279297,0.026117801666259766,1,True,0
{?????????????????????????????????????????????????????????????????????????@?TO@?i?@?I?oA?c?A_A?OPD??G?BH??@AG?a??GBOO?@SO??_C??I__?@@?`@??O@?IC?C?A___???G?RO???ICCO??GOG?a??@S??AO??A?Q?S?????_DH???Qg?C?????@APG????IAA?_????VO?????B___?????A?_@I?????IKG??????OO@C_????c?@C@????AA?P?_????Cq?C??????,[(29-40)-(28-45)-(27-42)-(26-31)-(25-46)-(24-47)-(23-44)-(22-43)-(21-57)-(20-59)-(19-35)-(18-30)-(17-39)-(16-58)-(15-50)-(14-36)-(13-41)-(12-48)-(11-55)-(10-34)-(9-54)-(8-37)-(7-52)-(6-38)-(5-51)-(4-32)-(3-56)-(2-53)-(1-49)-(0-33)],0.0002770423889160156,0.1322479248046875,7,True,0
{?????????????????????????????????????????????????????????????????????????@?TO@?i?@?I?oA?c?A_A?OPD??G?BH??@AG?a??GBOO?@SO??_C??I__?@@?`@??O@?IC?C?A___???G?RO???ICCO??GOG?a??@S??AO??A?Q?S?????_DH???Qg?C?????@APG????IAA?_????VO?????B___?????A?_@I?????IKG??????OO@C_????c?@C@????AA?P?_????Cq?C??????,[(29-40)-(28-45)-(27-42)-(26-31)-(25-46)-(24-47)-(23-44)-(22-43)-(21-57)-(20-59)-(19-35)-(18-30)-(17-39)-(16-58)-(15-50)-(14-36)-(13-41)-(12-48)-(11-55)-(10-34)-(9-54)-(8-37)-(7-52)-(6-38)-(5-51)-(4-32)-(3-56)-(2-53)-(1-49)-(0-33)],0.0002739429473876953,0.07088422775268555,4,True,0
{?????????????????????????????????????????????????????????????????????????@?TO@?i?@?I?oA?c?A_A?OPD??G?BH??@AG?a??GBOO?@SO??_C??I__?@@?`@??O@?IC?C?A___???G?RO???ICCO??GOG?a??@S??AO??A?Q?S?????_DH???Qg?C?????@APG????IAA?_????VO?????B___?????A?_@I?????IKG??????OO@C_????c?@C@????AA?P?_????Cq?C??????,[(29-57)-(28-45)-(27-44)-(26-31)-(25-46)-(24-47)-(23-40)-(22-43)-(21-42)-(20-59)-(19-35)-(18-30)-(17-39)-(16-58)-(15-50)-(14-36)-(13-41)-(12-48)-(11-55)-(10-34)-(9-54)-(8-37)-(7-52)-(6-38)-(5-51)-(4-32)-(3-56)-(2-53)-(1-49)-(0-33)],0.00028967857360839844,0.024942636489868164,1,True,0
{?????????????????????????????????????????????????????????????????????????@?TO@?i?@?I?oA?c?A_A?OPD??G?BH??@AG?a??GBOO?@SO??_C??I__?@@?`@??O@?IC?C?A___???G?RO???ICCO??GOG?a??@S??AO??A?Q?S?????_DH???Qg?C?????@APG????IAA?_????VO?????B___?????A?_@I?????IKG??????OO@C_????c?@C@????AA?P?_????Cq?C??????,[(29-57)-(28-45)-(27-44)-(26-31)-(25-46)-(24-47)-(23-40)-(22-43)-(21-42)-(20-59)-(19-35)-(18-30)-(17-39)-(16-58)-(15-50)-(14-36)-(13-41)-(12-48)-(11-55)-(10-34)-(9-54)-(8-37)-(7-52)-(6-38)-(5-51)-(4-32)-(3-56)-(2-53)-(1-49)-(0-33)],0.00026535987854003906,0.11181282997131348,6,True,0
{?????????????????????????????????????????????????????????????????????????@?TO@?i?@?I?oA?c?A_A?OPD??G?BH??@AG?a??GBOO?@SO??_C??I__?@@?`@??O@?IC?C?A___???G?RO???ICCO??GOG?a??@S??AO??A?Q?S?????_DH???Qg?C?????@APG????IAA?_????VO?????B___?????A?_@I?????IKG??????OO@C_????c?@C@????AA?P?_????Cq?C??????,[(29-40)-(28-45)-(27-42)-(26-31)-(25-46)-(24-47)-(23-44)-(22-43)-(21-39)-(20-59)-(19-35)-(18-30)-(17-57)-(16-58)-(15-50)-(14-36)-(13-41)-(12-48)-(11-55)-(10-34)-(9-54)-(8-37)-(7-52)-(6-38)-(5-51)-(4-32)-(3-56)-(2-53)-(1-49)-(0-33)],0.00032782554626464844,0.05399322509765625,3,True,0
{?????????????????????????????????????????????????????????????????????????@?TO@?i?@?I?oA?c?A_A?OPD??G?BH??@AG?a??GBOO?@SO??_C??I__?@@?`@??O@?IC?C?A___???G?RO???ICCO??GOG?a??@S??AO??A?Q?S?????_DH???Qg?C?????@APG????IAA?_????VO?????B___?????A?_@I?????IKG??????OO@C_????c?@C@????AA?P?_????Cq?C??????,[(29-40)-(28-45)-(27-42)-(26-31)-(25-46)-(24-47)-(23-44)-(22-43)-(21-39)-(20-59)-(19-35)-(18-30)-(17-57)-(16-58)-(15-50)-(14-36)-(13-41)-(12-48)-(11-55)-(10-34)-(9-54)-(8-37)-(7-52)-(6-38)-(5-51)-(4-32)-(3-56)-(2-53)-(1-49)-(0-33)],0.0002734661102294922,0.07139968872070312,4,True,0
{?????????????????????????????????????????????????????????????????????????@?TO@?i?@?I?oA?c?A_A?OPD??G?BH??@AG?a??GBOO?@SO??_C??I__?@@?`@??O@?IC?C?A___???G?RO???ICCO??GOG?a??@S??AO??A?Q?S?????_DH???Qg?C?????@APG????IAA?_????VO?????B___?????A?_@I?????IKG??????OO@C_????c?@C@????AA?P?_????Cq?C??????,[(29-40)-(28-45)-(27-39)-(26-31)-(25-46)-(24-47)-(23-44)-(22-43)-(21-42)-(20-59)-(19-35)-(18-30)-(17-57)-(16-58)-(15-50)-(14-36)-(13-41)-(12-48)-(11-55)-(10-34)-(9-54)-(8-37)-(7-52)-(6-38)-(5-51)-(4-32)-(3-56)-(2-53)-(1-49)-(0-33)],0.0002682209014892578,0.04016709327697754,2,True,0
{?????????????????????????????????????????????????????????????????????????@?TO@?i?@?I?oA?c?A_A?OPD??G?BH??@AG?a??GBOO?@SO??_C??I__?@@?`@??O@?IC?C?A___???G?RO???ICCO??GOG?a??@S??AO??A?Q?S?????_DH???Qg?C?????@APG????IAA?_????VO?????B___?????A?_@I?????IKG??????OO@C_????c?@C@????AA?P?_????Cq?C??????,[(29-40)-(28-45)-(27-39)-(26-31)-(25-46)-(24-47)-(23-44)-(22-43)-(21-42)-(20-59)-(19-35)-(18-30)-(17-57)-(16-58)-(15-50)-(14-36)-(13-41)-(12-48)-(11-55)-(10-34)-(9-54)-(8-37)-(7-52)-(6-38)-(5-51)-(4-32)-(3-56)-(2-53)-(1-49)-(0-33)],0.0002982616424560547,0.05511951446533203,3,True,0
{?????????????????????????????????????????????????????????????????????????@?TO@?i?@?I?oA?c?A_A?OPD??G?BH??@AG?a??GBOO?@SO??_C??I__?@@?`@??O@?IC?C?A___???G?RO???ICCO??GOG?a??@S??AO??A?Q?S?????_DH???Qg?C?????@APG????IAA?_????VO?????B___?????A?_@I?????IKG??????OO@C_????c?@C@????AA?P?_????Cq?C??????,[(29-57)-(28-45)-(27-42)-(26-31)-(25-46)-(24-47)-(23-40)-(22-43)-(21-39)-(20-59)-(19-35)-(18-30)-(17-44)-(16-58)-(15-50)-(14-36)-(13-41)-(12-48)-(11-55)-(10-34)-(9-54)-(8-37)-(7-52)-(6-38)-(5-51)-(4-32)-(3-56)-(2-53)-(1-49)-(0-33)],0.000278472900390625,0.01656317710876465,1,True,0
{?????????????????????????????????????????????????????????????????????????@?TO@?i?@?I?oA?c?A_A?OPD??G?BH??@AG?a??GBOO?@SO??_C??I__?@@?`@??O@?IC?C?A___???G?RO???ICCO??GOG?a??@S??AO??A?Q?S?????_DH???Qg?C?????@APG????IAA?_????VO?????B___?????A?_@I?????IKG??????OO@C_????c?@C@????AA?P?_????Cq?C??????,[(29-57)-(28-45)-(27-42)-(26-31)-(25-46)-(24-47)-(23-40)-(22-43)-(21-39)-(20-59)-(19-35)-(18-30)-(17-44)-(16-58)-(15-50)-(14-36)-(13-41)-(12-48)-(11-55)-(10-34)-(9-54)-(8-37)-(7-52)-(6-38)-(5-51)-(4-32)-(3-56)-(2-53)-(1-49)-(0-33)],0.000263214111328125,0.05591297149658203,3,True,0
{?????????????????????????????????????????????????????????????????????????@?TO@?i?@?I?oA?c?A_A?OPD??G?BH??@AG?a??GBOO?@SO??_C??I__?@@?`@??O@?IC?C?A___???G?RO???ICCO??GOG?a??@S??AO??A?Q?S?????_DH???Qg?C?????@APG????IAA?_????VO?????B___?????A?_@I?????IKG??????OO@C_????c?@C@????AA?P?_????Cq?C??????,[(29-57)-(28-45)-(27-39)-(26-31)-(25-46)-(24-47)-(23-40)-(22-43)-(21-42)-(20-59)-(19-35)-(18-30)-(17-44)-(16-58)-(15-50)-(14-36)-(13-41)-(12-48)-(11-55)-(10-34)-(9-54)-(8-37)-(7-52)-(6-38)-(5-51)-(4-32)-(3-56)-(2-53)-(1-49)-(0-33)],0.0003364086151123047,0.09687209129333496,5,True,0
{?????????????????????????????????????????????????????????????????????????@?TO@?i?@?I?oA?c?A_A?OPD??G?BH??@AG?a??GBOO?@SO??_C??I__?@@?`@??O@?IC?C?A___???G?RO???ICCO??GOG?a??@S??AO??A?Q?S?????_DH???Qg?C?????@APG????IAA?_????VO?????B___?????A?_@I?????IKG??????OO@C_????c?@C@????AA?P?_????Cq?C??????,[(29-57)-(28-45)-(27-39)-(26-31)-(25-46)-(24-47)-(23-40)-(22-43)-(21-42)-(20-59)-(19-35)-(18-30)-(17-44)-(16-58)-(15-50)-(14-36)-(13-41)-(12-48)-(11-55)-(10-34)-(9-54)-(8-37)-(7-52)-(6-38)-(5-51)-(4-32)-(3-56)-(2-53)-(1-49)-(0-33)],0.0002689361572265625,0.1090703010559082,6,True,0
{?????????????????????????????????????????????????????????????????????????@?TO@?i?@?I?oA?c?A_A?OPD??G?BH??@AG?a??GBOO?@SO??_C??I__?@@?`@??O@?IC?C?A___???G?RO???ICCO??GOG?a??@S??AO??A?Q?S?????_DH???Qg?C?????@APG????IAA?_????VO?????B___?????A?_@I?????IKG??????OO@C_????c?@C@????AA?P?_????Cq?C??????,[(29-57)-(28-45)-(27-58)-(26-31)-(25-46)-(24-47)-(23-44)-(22-43)-(21-42)-(20-59)-(19-35)-(18-40)-(17-39)-(16-30)-(15-50)-(14-36)-(13-41)-(12-48)-(11-55)-(10-34)-(9-54)-(8-37)-(7-52)-(6-38)-(5-51)-(4-32)-(3-56)-(2-53)-(1-49)-(0-33)],0.00027680397033691406,0.055820465087890625,3,True,0
{?????????????????????????????????????????????????????????????????????????@?TO@?i?@?I?oA?c?A_A?OPD??G?BH??@AG?a??GBOO?@SO??_C??I__?@@?`@??O@?IC?C?A___???G?RO???ICCO??GOG?a??@S??AO??A?Q?S?????_DH???Qg?C?????@APG????IAA?_????VO?????B___?????A?_@I?????IKG??????OO@C_????c?@C@????AA?P?_????Cq?C??????,[(29-57)-(28-45)-(27-58)-(26-31)-(25-46)-(24-47)-(23-44)-(22-43)-(21-42)-(20-59)-(19-35)-(18-40)-(17-39)-(16-30)-(15-50)-(14-36)-(13-41)-(12-48)-(11-55)-(10-34)-(9-54)-(8-37)-(7-52)-(6-38)-(5-51)-(4-32)-(3-56)-(2-53)-(1-49)-(0-33)],0.000270843505859375,0.03899717330932617,2,True,0
{?????????????????????????????????????????????????????????????????????????@?TO@?i?@?I?oA?c?A_A?OPD??G?BH??@AG?a??GBOO?@SO??_C??I__?@@?`@??O@?IC?C?A___???G?RO???ICCO??GOG?a??@S??AO??A?Q?S?????_DH???Qg?C?????@APG????IAA?_????VO?????B___?????A?_@I?????IKG??????OO@C_????c?@C@????AA?P?_????Cq?C??????,[(29-40)-(28-45)-(27-58)-(26-31)-(25-46)-(24-47)-(23-44)-(22-43)-(21-42)-(20-59)-(19-39)-(18-50)-(17-57)-(16-30)-(15-35)-(14-36)-(13-41)-(12-48)-(11-55)-(10-34)-(9-54)-(8-37)-(7-52)-(6-38)-(5-51)-(4-32)-(3-56)-(2-53)-(1-49)-(0-33)],0.0002970695495605469,0.054276227951049805,3,True,0
{?????????????????????????????????????????????????????????????????????????@?TO@?i?@?I?oA?c?A_A?OPD??G?BH??@AG?a??GBOO?@SO??_C??I__?@@?`@??O@?IC?C?A___???G?RO???ICCO??GOG?a??@S??AO??A?Q?S?????_DH???Qg?C?????@APG????IAA?_????VO?????B___?????A?_@I?????IKG??????OO@C_????c?@C@????AA?P?_????Cq?C??????,[(29-40)-(28-45)-(27-58)-(26-31)-(25-46)-(24-47)-(23-44)-(22-43)-(21-42)-(20-59)-(19-39)-(18-50)-(17-57)-(16-30)-(15-35)-(14-36)-(13-41)-(12-48)-(11-55)-(10-34)-(9-54)-(8-37)-(7-52)-(6-38)-(5-51)-(4-32)-(3-56)-(2-53)-(1-49)-(0-33)],0.00027823448181152344,0.03904151916503906,2,True,0
{????????????????????????????????????????????????????????????????????????A??P`?AOG@_q??`??o_D?@G?__GOW?CA??HI?C???_Ha??@@_B??@GE?G?A?__W??w@?O??C`GA???@_O_C??BIG?????G?O?F????@AX????A?BS???QoO?????@C?Oo????I`_????C??`AO???_D??P??????[GC???AGEC??????@C?[?????Ko_??????SAO?A?????G@EG???????Ep??????,[(29-45)-(28-57)-(27-31)-(26-46)-(25-51)-(24-43)-(23-55)-(22-59)-(21-47)-(20-30)-(19-42)-(18-58)-(17-38)-(16-53)-(15-34)-(14-56)-(13-54)-(12-37)-(11-39)-(10-44)-(9-52)-(8-36)-(7-50)-(6-33)-(5-49)-(4-40)-(3-41)-(2-32)-(1-48)-(0-35)],0.00028324127197265625,0.053533315658569336,3,True,0
{????????????????????????????????????????????????????????????????????????A??P`?AOG@_q??`??o_D?@G?__GOW?CA??HI?C???_Ha??@@_B??@GE?G?A?__W??w@?O??C`GA???@_O_C??BIG?????G?O?F????@AX????A?BS???QoO?????@C?Oo????I`_????C??`AO???_D??P??????[GC???AGEC??????@C?[?????Ko_??????SAO?A?????G@EG???????Ep??????,[(29-45)-(28-57)-(27-31)-(26-46)-(25-51)-(24-43)-(23-55)-(22-59)-(21-47)-(20-30)-(19-42)-(18-58)-(17-38)-(16-53)-(15-34)-(14-56)-(13-54)-(12-37)-(11-39)-(10-44)-(9-52)-(8-36)-(7-50)-(6-33)-(5-49)-(4-40)-(3-41)-(2-32)-(1-48)-(0-35)],0.0002753734588623047,0.03869271278381348,2,True,0
{????????????????????????????????????????????????????????????????????????A??P`?AOG@_q??`??o_D?@G?__GOW?CA??HI?C???_Ha??@@_B??@GE?G?A?__W??w@?O??C`GA???@_O_C??BIG?????G?O?F????@AX????A?BS???QoO?????@C?Oo????I`_????C??`AO???_D??P??????[GC???AGEC??????@C?[?????Ko_??????SAO?A?????G@EG???????Ep??????,[(29-45)-(28-57)-(27-31)-(26-46)-(25-51)-(24-43)-(23-58)-(22-55)-(21-47)-(20-30)-(19-42)-(18-59)-(17-38)-(16-53)-(15-34)-(14-56)-(13-54)-(12-37)-(11-39)-(10-44)-(9-52)-(8-36)-(7-50)-(6-33)-(5-49)-(4-40)-(3-41)-(2-32)-(1-48)-(0-35)],0.000274658203125,0.0706322193145752,4,True,0
{????????????????????????????????????????????????????????????????????????A??P`?AOG@_q??`??o_D?@G?__GOW?CA??HI?C???_Ha??@@_B??@GE?G?A?__W??w@?O??C`GA???@_O_C??BIG?????G?O?F????@AX????A?BS???QoO?????@C?Oo????I`_????C??`AO???_D??P??????[GC???AGEC??????@C?[?????Ko_??????SAO?A?????G@EG???????Ep??????,[(29-45)-(28-57)-(27-31)-(26-46)-(25-51)-(24-43)-(23-58)-(22-55)-(21-47)-(20-30)-(19-42)-(18-59)-(17-38)-(16-53)-(15-34)-(14-56)-(13-54)-(12-37)-(11-39)-(10-44)-(9-52)-(8-36)-(7-50)-(6-33)-(5-49)-(4-40)-(3-41)-(2-32)-(1-48)-(0-35)],0.00031256675720214844,0.0249178409576416,1,True,0
{????????????????????????????????????????????????????????????????????????A??P`?AOG@_q??`??o_D?@G?__GOW?CA??HI?C???_Ha??@@_B??@GE?G?A?__W??w@?O??C`GA???@_O_C??BIG?????G?O?F????@AX????A?BS???QoO?????@C?Oo????I`_????C??`AO???_D??P??????[GC???AGEC??????@C?[?????Ko_??????SAO?A?????G@EG???????Ep??????,[(29-45)-(28-57)-(27-38)-(26-31)-(25-51)-(24-43)-(23-46)-(22-55)-(21-47)-(20-30)-(19-42)-(18-58)-(17-59)-(16-53)-(15-34)-(14-56)-(13-54)-(12-37)-(11-39)-(10-44)-(9-52)-(8-36)-(7-50)-(6-33)-(5-49)-(4-40)-(3-41)-(2-32)-(1-48)-(0-35)],0.0002753734588623047,0.023953914642333984,1,True,0
{????????????????????????????????????????????????????????????????????????A??P`?AOG@_q??`??o_D?@G?__GOW?CA??HI?C???_Ha??@@_B??@GE?G?A?__W??w@?O??C`GA???@_O_C??BIG?????G?O?F????@AX????A?BS???QoO?????@C?Oo????I`_????C??`AO???_D??P??????[GC???AGEC??????@C?[?????Ko_??????SAO?A?????G@EG???????Ep??????,[(29-45)-(28-57)-(27-38)-(26-31)-(25-51)-(24-43)-(23-46)-(22-55)-(21-47)-(20-30)-(19-42)-(18-58)-(17-59)-(16-53)-(15-34)-(14-56)-(13-54)-(12-37)-(11-39)-(10-44)-(9-52)-(8-36)-(7-50)-(6-33)-(5-49)-(4-40)-(3-41)-(2-32)-(1-48)-(0-35)],0.0003097057342529297,0.11143612861633301,6,True,0
{????????????????????????????????????????????????????????????????????????A??P`?AOG@_q??`??o_D?@G?__GOW?CA??HI?C???_Ha??@@_B??@GE?G?A?__W??w@?O??C`GA???@_O_C??BIG?????G?O?F????@AX????A?BS???QoO?????@C?Oo????I`_????C??`AO???_D??P??????[GC???AGEC??????@C?[?????Ko_??????SAO?A?????G@EG???????Ep??????,[(29-45)-(28-57)-(27-38)-(26-31)-(25-51)-(24-43)-(23-55)-(22-46)-(21-47)-(20-30)-(19-42)-(18-58)-(17-59)-(16-53)-(15-34)-(14-56)-(13-54)-(12-37)-(11-39)-(10-44)-(9-52)-(8-36)-(7-50)-(6-33)-(5-49)-(4-40)-(3-41)-(2-32)-(1-48)-(0-35)],0.0003082752227783203,0.09011077880859375,5,True,0
{????????????????????????????????????????????????????????????????????????A??P`?AOG@_q??`??o_D?@G?__GOW?CA??HI?C???_Ha??@@_B??@GE?G?A?__W??w@?O??C`GA???@_O_C??BIG?????G?O?F????@AX????A?BS???QoO?????@C?Oo????I`_????C??`AO???_D??P??????[GC???AGEC??????@C?[?????Ko_??????SAO?A?????G@EG???????Ep??????,[(29-45)-(28-57)-(27-38)-(26-31)-(25-51)-(24-43)-(23-55)-(22-46)-(21-47)-(20-30)-(19-42)-(18-58)-(17-59)-(16-53)-(15-34)-(14-56)-(13-54)-(12-37)-(11-39)-(10-44)-(9-52)-(8-36)-(7-50)-(6-33)-(5-49)-(4-40)-(3-41)-(2-32)-(1-48)-(0-35)],0.0002741813659667969,0.03906059265136719,2,True,0
{????????????????????????????????????????????????????????????????????????A??P`?AOG@_q??`??o_D?@G?__GOW?CA??HI?C???_Ha??@@_B??@GE?G?A?__W??w@?O??C`GA???@_O_C??BIG?????G?O?F????@AX????A?BS???QoO?????@C?Oo????I`_????C??`AO???_D??P??????[GC???AGEC??????@C?[?????Ko_??????SAO?A?????G@EG???????Ep??????,[(29-45)-(28-57)-(27-38)-(26-46)-(25-51)-(24-43)-(23-55)-(22-59)-(21-47)-(20-30)-(19-42)-(18-58)-(17-31)-(16-53)-(15-34)-(14-56)-(13-54)-(12-37)-(11-39)-(10-44)-(9-52)-(8-36)-(7-50)-(6-33)-(5-49)-(4-40)-(3-41)-(2-32)-(1-48)-(0-35)],0.0002734661102294922,0.03960680961608887,2,True,0
{????????????????????????????????????????????????????????????????????????A??P`?AOG@_q??`??o_D?@G?__GOW?CA??HI?C???_Ha??@@_B??@GE?G?A?__W??w@?O??C`GA???@_O_C??BIG?????G?O?F????@AX????A?BS???QoO?????@C?Oo????I`_????C??`AO???_D??P??????[GC???AGEC??????@C?[?????Ko_??????SAO?A?????G@EG???????Ep??????,[(29-45)-(28-57)-(27-38)-(26-46)-(25-51)-(24-43)-(23-55)-(22-59)-(21-47)-(20-30)-(19-42)-(18-58)-(17-31)-(16-53)-(15-34)-(14-56)-(13-54)-(12-37)-(11-39)-(10-44)-(9-52)-(8-36)-(7-50)-(6-33)-(5-49)-(4-40)-(3-41)-(2-32)-(1-48)-(0-35)],0.0003025531768798828,0.05300450325012207,3,True,0
{????????????????????????????????????????????????????????????????????????A??P`?AOG@_q??`??o_D?@G?__GOW?CA??HI?C???_Ha??@@_B??@GE?G?A?__W??w@?O??C`GA???@_O_C??BIG?????G?O?F????@AX????A?BS???QoO?????@C?Oo????I`_????C??`AO???_D??P??????[GC???AGEC??????@C?[?????Ko_??????SAO?A?????G@EG???????Ep??????,[(29-45)-(28-57)-(27-38)-(26-46)-(25-51)-(24-43)-(23-58)-(22-55)-(21-47)-(20-30)-(19-42)-(18-59)-(17-31)-(16-53)-(15-34)-(14-56)-(13-54)-(12-37)-(11-39)-(10-44)-(9-52)-(8-36)-(7-50)-(6-33)-(5-49)-(4-40)-(3-41)-(2-32)-(1-48)-(0-35)],0.0002758502960205078,0.07012534141540527,4,True,0
{????????????????????????????????????????????????????????????????????????A??P`?AOG@_q??`??o_D?@G?__GOW?CA??HI?C???_Ha??@@_B??@GE?G?A?__W??w@?O??C`GA???@_O_C??BIG?????G?O?F????@AX????A?BS???QoO?????@C?Oo????I`_????C??`AO???_D??P??????[GC???AGEC??????@C?[?????Ko_??????SAO?A?????G@EG???????Ep??????,[(29-45)-(28-57)-(27-38)-(26-46)-(25-51)-(24-43)-(23-58)-(22-55)-(21-47)-(20-30)-(19-42)-(18-59)-(17-31)-(16-53)-(15-34)-(14-56)-(13-54)-(12-37)-(11-39)-(10-44)-(9-52)-(8-36)-(7-50)-(6-33)-(5-49)-(4-40)-(3-41)-(2-32)-(1-48)-(0-35)],0.0002982616424560547,0.05319547653198242,3,True,0
{????????????????????????????????????????????????????????????????????????A??P`?AOG@_q??`??o_D?@G?__GOW?CA??HI?C???_Ha??@@_B??@GE?G?A?__W??w@?O??C`GA???@_O_C??BIG?????G?O?F????@AX????A?BS???QoO?????@C?Oo????I`_????C??`AO???_D??P??????[GC???AGEC??????@C?[?????Ko_??????SAO?A?????G@EG???????Ep??????,[(29-45)-(28-57)-(27-31)-(26-46)-(25-51)-(24-43)-(23-55)-(22-59)-(21-47)-(20-30)-(19-42)-(18-58)-(17-53)-(16-38)-(15-34)-(14-56)-(13-54)-(12-37)-(11-39)-(10-44)-(9-52)-(8-36)-(7-50)-(6-33)-(5-49)-(4-40)-(3-41)-(2-32)-(1-48)-(0-35)],0.00027823448181152344,0.058428287506103516,3,True,0
{????????????????????????????????????????????????????????????????????????A??P`?AOG@_q??`??o_D?@G?__GOW?CA??HI?C???_Ha??@@_B??@GE?G?A?__W??w@?O??C`GA???@_O_C??BIG?????G?O?F????@AX????A?BS???QoO?????@C?Oo????I`_????C??`AO???_D??P??????[GC???AGEC??????@C?[?????Ko_??????SAO?A?????G@EG???????Ep??????,[(29-45)-(28-57)-(27-31)-(26-46)-(25-51)-(24-43)-(23-55)-(22-59)-(21-47)-(20-30)-(19-42)-(18-58)-(17-53)-(16-38)-(15-34)-(14-56)-(13-54)-(12-37)-(11-39)-(10-44)-(9-52)-(8-36)-(7-50)-(6-33)-(5-49)-(4-40)-(3-41)-(2-32)-(1-48)-(0-35)],0.0002772808074951172,0.05363202095031738,3,True,0
{????????????????????????????????????????????????????????????????????????A??P`?AOG@_q??`??o_D?@G?__GOW?CA??HI?C???_Ha??@@_B??@GE?G?A?__W??w@?O??C`GA???@_O_C??BIG?????G?O?F????@AX????A?BS???QoO?????@C?Oo????I`_????C??`AO???_D??P??????[GC???AGEC??????@C?[?????Ko_??????SAO?A?????G@EG???????Ep??????,[(29-45)-(28-57)-(27-31)-(26-46)-(25-51)-(24-43)-(23-58)-(22-55)-(21-47)-(20-30)-(19-42)-(18-59)-(17-53)-(16-38)-(15-34)-(14-56)-(13-54)-(12-37)-(11-39)-(10-44)-(9-52)-(8-36)-(7-50)-(6-33)-(5-49)-(4-40)-(3-41)-(2-32)-(1-48)-(0-35)],0.00027751922607421875,0.07326102256774902,4,True,0
{????????????????????????????????????????????????????????????????????????A??P`?AOG@_q??`??o_D?@G?__GOW?CA??HI?C???_Ha??@@_B??@GE?G?A?__W??w@?O??C`GA???@_O_C??BIG?????G?O?F????@AX????A?BS???QoO?????@C?Oo????I`_????C??`AO???_D??P??????[GC???AGEC??????@C?[?????Ko_??????SAO?A?????G@EG???????Ep??????,[(29-45)-(28-57)-(27-31)-(26-46)-(25-51)-(24-43)-(23-58)-(22-55)-(21-47)-(20-30)-(19-42)-(18-59)-(17-53)-(16-38)-(15-34)-(14-56)-(13-54)-(12-37)-(11-39)-(10-44)-(9-52)-(8-36)-(7-50)-(6-33)-(5-49)-(4-40)-(3-41)-(2-32)-(1-48)-(0-35)],0.0002923011779785156,0.03964376449584961,2,True,0
{????????????????????????????????????????????????????????????????????????A??P`?AOG@_q??`??o_D?@G?__GOW?CA??HI?C???_Ha??@@_B??@GE?G?A?__W??w@?O??C`GA???@_O_C??BIG?????G?O?F????@AX????A?BS???QoO?????@C?Oo????I`_????C??`AO???_D??P??????[GC???AGEC??????@C?[?????Ko_??????SAO?A?????G@EG???????Ep??????,[(29-45)-(28-57)-(27-31)-(26-46)-(25-51)-(24-43)-(23-55)-(22-53)-(21-47)-(20-30)-(19-42)-(18-58)-(17-59)-(16-38)-(15-34)-(14-56)-(13-54)-(12-37)-(11-39)-(10-44)-(9-52)-(8-36)-(7-50)-(6-33)-(5-49)-(4-40)-(3-41)-(2-32)-(1-48)-(0-35)],0.00028443336486816406,0.025069713592529297,1,True,0
{????????????????????????????????????????????????????????????????????????A??P`?AOG@_q??`??o_D?@G?__GOW?CA??HI?C???_Ha??@@_B??@GE?G?A?__W??w@?O??C`GA???@_O_C??BIG?????G?O?F????@AX????A?BS???QoO?????@C?Oo????I`_????C??`AO???_D??P??????[GC???AGEC??????@C?[?????Ko_??????SAO?A?????G@EG???????Ep??????,[(29-45)-(28-57)-(27-31)-(26-46)-(25-51)-(24-43)-(23-55)-(22-53)-(21-47)-(20-30)-(19-42)-(18-58)-(17-59)-(16-38)-(15-34)-(14-56)-(13-54)-(12-37)-(11-39)-(10-44)-(9-52)-(8-36)-(7-50)-(6-33)-(5-49)-(4-40)-(3-41)-(2-32)-(1-48)-(0-35)],0.0003249645233154297,0.05440855026245117,3,True,0
{????????????????????????????????????????????????????????????????????????A??P`?AOG@_q??`??o_D?@G?__GOW?CA??HI?C???_Ha??@@_B??@GE?G?A?__W??w@?O??C`GA???@_O_C??BIG?????G?O?F????@AX????A?BS???QoO?????@C?Oo????I`_????C??`AO???_D??P??????[GC???AGEC??????@C?[?????Ko_??????SAO?A?????G@EG???????Ep??????,[(29-53)-(28-57)-(27-45)-(26-31)-(25-51)-(24-43)-(23-46)-(22-55)-(21-47)-(20-30)-(19-42)-(18-58)-(17-59)-(16-38)-(15-34)-(14-56)-(13-54)-(12-37)-(11-39)-(10-44)-(9-52)-(8-36)-(7-50)-(6-33)-(5-49)-(4-40)-(3-41)-(2-32)-(1-48)-(0-35)],0.00027871131896972656,0.04024791717529297,2,True,0
{????????????????????????????????????????????????????????????????????????A??P`?AOG@_q??`??o_D?@G?__GOW?CA??HI?C???_Ha??@@_B??@GE?G?A?__W??w@?O??C`GA???@_O_C??BIG?????G?O?F????@AX????A?BS???QoO?????@C?Oo????I`_????C??`AO???_D??P??????[GC???AGEC??????@C?[?????Ko_??????SAO?A?????G@EG???????Ep??????,[(29-53)-(28-57)-(27-45)-(26-31)-(25-51)-(24-43)-(23-46)-(22-55)-(21-47)-(20-30)-(19-42)-(18-58)-(17-59)-(16-38)-(15-34)-(14-56)-(13-54)-(12-37)-(11-39)-(10-44)-(9-52)-(8-36)-(7-50)-(6-33)-(5-49)-(4-40)-(3-41)-(2-32)-(1-48)-(0-35)],0.00027179718017578125,0.04266047477722168,2,True,0
{????????????????????????????????????????????????????????????????????????D?CS?C?Ge?@F??A?Ia??O?WOCA?G@A?D?A?o?P??C_S@???IIA??@?@H_???_KE??O@HA????OKD??C?IGA???@OGc???[?C_???@@??WG???QC@?_??O_?Aa????LGC????OUO?????CO@_?O???F?I??????O@?Gc????iG??_????A?Hc??????C@c_????H?I?C?????@OGQ?????GG?_`?????,[(29-47)-(28-59)-(27-57)-(26-39)-(25-43)-(24-41)-(23-46)-(22-58)-(21-40)-(20-44)-(19-31)-(18-45)-(17-42)-(16-30)-(15-38)-(14-51)-(13-53)-(12-36)-(11-56)-(10-35)-(9-37)-(8-49)-(7-55)-(6-48)-(5-54)-(4-34)-(3-52)-(2-33)-(1-32)-(0-50)],0.0003342628479003906,0.039394378662109375,2,True,0
{????????????????????????????????????????????????????????????????????????D?CS?C?Ge?@F??A?Ia??O?WOCA?G@A?D?A?o?P??C_S@???IIA??@?@H_???_KE??O@HA????OKD??C?IGA???@OGc???[?C_???@@??WG???QC@?_??O_?Aa????LGC????OUO?????CO@_?O???F?I??????O@?Gc????iG??_????A?Hc??????C@c_????H?I?C?????@OGQ?????GG?_`?????,[(29-47)-(28-59)-(27-57)-(26-39)-(25-43)-(24-41)-(23-46)-(22-58)-(21-40)-(20-44)-(19-31)-(18-45)-(17-42)-(16-30)-(15-38)-(14-51)-(13-53)-(12-36)-(11-56)-(10-35)-(9-37)-(8-49)-(7-55)-(6-48)-(5-54)-(4-34)-(3-52)-(2-33)-(1-32)-(0-50)],0.00028777122497558594,0.023674488067626953,1,True,0
{????????????????????????????????????????????????????????????????????????D?CS?C?Ge?@F??A?Ia??O?WOCA?G@A?D?A?o?P??C_S@???IIA??@?@H_???_KE??O@HA????OKD??C?IGA???@OGc???[?C_???@@??WG???QC@?_??O_?Aa????LGC????OUO?????CO@_?O???F?I??????O@?Gc????iG??_????A?Hc??????C@c_????H?I?C?????@OGQ?????GG?_`?????,[(29-47)-(28-59)-(27-57)-(26-42)-(25-43)-(24-41)-(23-44)-(22-46)-(21-40)-(20-39)-(19-31)-(18-45)-(17-58)-(16-30)-(15-38)-(14-51)-(13-53)-(12-36)-(11-56)-(10-35)-(9-37)-(8-49)-(7-55)-(6-48)-(5-54)-(4-34)-(3-52)-(2-33)-(1-32)-(0-50)],0.0002791881561279297,0.05502510070800781,3,True,0
{????????????????????????????????????????????????????????????????????????D?CS?C?Ge?@F??A?Ia??O?WOCA?G@A?D?A?o?P??C_S@???IIA??@?@H_???_KE??O@HA????OKD??C?IGA???@OGc???[?C_???@@??WG???QC@?_??O_?Aa????LGC????OUO?????CO@_?O???F?I??????O@?Gc????iG??_????A?Hc??????C@c_????H?I?C?????@OGQ?????GG?_`?????,[(29-47)-(28-59)-(27-57)-(26-42)-(25-43)-(24-41)-(23-44)-(22-46)-(21-40)-(20-39)-(19-31)-(18-45)-(17-58)-(16-30)-(15-38)-(14-51)-(13-53)-(12-36)-(11-56)-(10-35)-(9-37)-(8-49)-(7-55)-(6-48)-(5-54)-(4-34)-(3-52)-(2-33)-(1-32)-(0-50)],0.0003216266632080078,0.05458521842956543,3,True,0
{????????????????????????????????????????????????????????????????????????D?CS?C?Ge?@F??A?Ia??O?WOCA?G@A?D?A?o?P??C_S@???IIA??@?@H_???_KE??O@HA????OKD??C?IGA???@OGc???[?C_???@@??WG???QC@?_??O_?Aa????LGC????OUO?????CO@_?O???F?I??????O@?Gc????iG??_????A?Hc??????C@c_????H?I?C?????@OGQ?????GG?_`?????,[(29-46)-(28-59)-(27-57)-(26-42)-(25-43)-(24-41)-(23-44)-(22-47)-(21-40)-(20-39)-(19-31)-(18-45)-(17-58)-(16-30)-(15-38)-(14-51)-(13-53)-(12-36)-(11-56)-(10-35)-(9-37)-(8-49)-(7-55)-(6-48)-(5-54)-(4-34)-(3-52)-(2-33)-(1-32)-(0-50)],0.0002715587615966797,0.05421733856201172,3,True,0
{????????????????????????????????????????????????????????????????????????D?CS?C?Ge?@F??A?Ia??O?WOCA?G@A?D?A?o?P??C_S@???IIA??@?@H_???_KE??O@HA????OKD??C?IGA???@OGc???[?C_???@@??WG???QC@?_??O_?Aa????LGC????OUO?????CO@_?O???F?I??????O@?Gc????iG??_????A?Hc??????C@c_????H?I?C?????@OGQ?????GG?_`?????,[(29-46)-(28-59)-(27-57)-(26-42)-(25-43)-(24-41)-(23-44)-(22-47)-(21-40)-(20-39)-(19-31)-(18-45)-(17-58)-(16-30)-(15-38)-(14-51)-(13-53)-(12-36)-(11-56)-(10-35)-(9-37)-(8-49)-(7-55)-(6-48)-(5-54)-(4-34)-(3-52)-(2-33)-(1-32)-(0-50)],0.0002841949462890625,0.02418231964111328,1,True,0
{????????????????????????????????????????????????????????????????????????D?CS?C?Ge?@F??A?Ia??O?WOCA?G@A?D?A?o?P??C_S@???IIA??@?@H_???_KE??O@HA????OKD??C?IGA???@OGc???[?C_???@@??WG???QC@?_??O_?Aa????LGC????OUO?????CO@_?O???F?I??????O@?Gc????iG??_????A?Hc??????C@c_????H?I?C?????@OGQ?????GG?_`?????,[(29-47)-(28-59)-(27-57)-(26-42)-(25-43)-(24-41)-(23-39)-(22-46)-(21-40)-(20-44)-(19-31)-(18-45)-(17-58)-(16-30)-(15-38)-(14-51)-(13-53)-(12-36)-(11-56)-(10-35)-(9-37)-(8-49)-(7-55)-(6-48)-(5-54)-(4-34)-(3-52)-(2-33)-(1-32)-(0-50)],0.0002777576446533203,0.02495574951171875,1,True,0
{????????????????????????????????????????????????????????????????????????D?CS?C?Ge?@F??A?Ia??O?WOCA?G@A?D?A?o?P??C_S@???IIA??@?@H_???_KE??O@HA????OKD??C?IGA???@OGc???[?C_???@@??WG???QC@?_??O_?Aa????LGC????OUO?????CO@_?O???F?I??????O@?Gc????iG??_????A?Hc??????C@c_????H?I?C?????@OGQ?????GG?_`?????,[(29-47)-(28-59)-(27-57)-(26-42)-(25-43)-(24-41)-(23-39)-(22-46)-(21-40)-(20-44)-(19-31)-(18-45)-(17-58)-(16-30)-(15-38)-(14-51)-(13-53)-(12-36)-(11-56)-(10-35)-(9-37)-(8-49)-(7-55)-(6-48)-(5-54)-(4-34)-(3-52)-(2-33)-(1-32)-(0-50)],0.0003275871276855469,0.04176497459411621,2,True,0
{????????????????????????????????????????????????????????????????????????D?CS?C?Ge?@F??A?Ia??O?WOCA?G@A?D?A?o?P??C_S@???IIA??@?@H_???_KE??O@HA????OKD??C?IGA???@OGc???[?C_???@@??WG???QC@?_??O_?Aa????LGC????OUO?????CO@_?O???F?I??????O@?Gc????iG??_????A?Hc??????C@c_????H?I?C?????@OGQ?????GG?_`?????,[(29-46)-(28-59)-(27-57)-(26-42)-(25-43)-(24-41)-(23-39)-(22-47)-(21-40)-(20-44)-(19-31)-(18-45)-(17-58)-(16-30)-(15-38)-(14-51)-(13-53)-(12-36)-(11-56)-(10-35)-(9-37)-(8-49)-(7-55)-(6-48)-(5-54)-(4-34)-(3-52)-(2-33)-(1-32)-(0-50)],0.00033092498779296875,0.024688005447387695,1,True,0
{????????????????????????????????????????????????????????????????????????D?CS?C?Ge?@F??A?Ia??O?WOCA?G@A?D?A?o?P??C_S@???IIA??@?@H_???_KE??O@HA????OKD??C?IGA???@OGc???[?C_???@@??WG???QC@?_??O_?Aa????LGC????OUO?????CO@_?O???F?I??????O@?Gc????iG??_????A?Hc??????C@c_????H?I?C?????@OGQ?????GG?_`?????,[(29-46)-(28-59)-(27-57)-(26-42)-(25-43)-(24-41)-(23-39)-(22-47)-(21-40)-(20-44)-(19-31)-(18-45)-(17-58)-(16-30)-(15-38)-(14-51)-(13-53)-(12-36)-(11-56)-(10-35)-(9-37)-(8-49)-(7-55)-(6-48)-(5-54)-(4-34)-(3-52)-(2-33)-(1-32)-(0-50)],0.0002732276916503906,0.03886246681213379,2,True,0
{????????????????????????????????????????????????????????????????????????D?CS?C?Ge?@F??A?Ia??O?WOCA?G@A?D?A?o?P??C_S@???IIA??@?@H_???_KE??O@HA????OKD??C?IGA???@OGc???[?C_???@@??WG???QC@?_??O_?Aa????LGC????OUO?????CO@_?O???F?I??????O@?Gc????iG??_????A?Hc??????C@c_????H?I?C?????@OGQ?????GG?_`?????,[(29-47)-(28-59)-(27-57)-(26-42)-(25-58)-(24-41)-(23-44)-(22-46)-(21-40)-(20-39)-(19-31)-(18-45)-(17-43)-(16-30)-(15-38)-(14-51)-(13-53)-(12-36)-(11-56)-(10-35)-(9-37)-(8-49)-(7-55)-(6-48)-(5-54)-(4-34)-(3-52)-(2-33)-(1-32)-(0-50)],0.00027060508728027344,0.03916645050048828,2,True,0
{????????????????????????????????????????????????????????????????????????D?CS?C?Ge?@F??A?Ia??O?WOCA?G@A?D?A?o?P??C_S@???IIA??@?@H_???_KE??O@HA????OKD??C?IGA???@OGc???[?C_???@@??WG???QC@?_??O_?Aa????LGC????OUO?????CO@_?O???F?I??????O@?Gc????iG??_????A?Hc??????C@c_????H?I?C?????@OGQ?????GG?_`?????,[(29-47)-(28-59)-(27-57)-(26-42)-(25-58)-(24-41)-(23-44)-(22-46)-(21-40)-(20-39)-(19-31)-(18-45)-(17-43)-(16-30)-(15-38)-(14-51)-(13-53)-(12-36)-(11-56)-(10-35)-(9-37)-(8-49)-(7-55)-(6-48)-(5-54)-(4-34)-(3-52)-(2-33)-(1-32)-(0-50)],0.0003840923309326172,0.024971723556518555,1,True,0
{????????????????????????????????????????????????????????????????????????D?CS?C?Ge?@F??A?Ia??O?WOCA?G@A?D?A?o?P??C_S@???IIA??@?@H_???_KE??O@HA????OKD??C?IGA???@OGc???[?C_???@@??WG???QC@?_??O_?Aa????LGC????OUO?????CO@_?O???F?I??????O@?Gc????iG??_????A?Hc??????C@c_????H?I?C?????@OGQ?????GG?_`?????,[(29-46)-(28-59)-(27-57)-(26-42)-(25-58)-(24-41)-(23-44)-(22-47)-(21-40)-(20-39)-(19-31)-(18-45)-(17-43)-(16-30)-(15-38)-(14-51)-(13-53)-(12-36)-(11-56)-(10-35)-(9-37)-(8-49)-(7-55)-(6-48)-(5-54)-(4-34)-(3-52)-(2-33)-(1-32)-(0-50)],0.0003151893615722656,0.03863859176635742,2,True,0
{????????????????????????????????????????????????????????????????????????D?CS?C?Ge?@F??A?Ia??O?WOCA?G@A?D?A?o?P??C_S@???IIA??@?@H_???_KE??O@HA????OKD??C?IGA???@OGc???[?C_???@@??WG???QC@?_??O_?Aa????LGC????OUO?????CO@_?O???F?I??????O@?Gc????iG??_????A?Hc??????C@c_????H?I?C?????@OGQ?????GG?_`?????,[(29-46)-(28-59)-(27-57)-(26-42)-(25-58)-(24-41)-(23-44)-(22-47)-(21-40)-(20-39)-(19-31)-(18-45)-(17-43)-(16-30)-(15-38)-(14-51)-(13-53)-(12-36)-(11-56)-(10-35)-(9-37)-(8-49)-(7-55)-(6-48)-(5-54)-(4-34)-(3-52)-(2-33)-(1-32)-(0-50)],0.00029587745666503906,0.02512073516845703,1,True,0
{????????????????????????????????????????????????????????????????????????D?CS?C?Ge?@F??A?Ia??O?WOCA?G@A?D?A?o?P??C_S@???IIA??@?@H_???_KE??O@HA????OKD??C?IGA???@OGc???[?C_???@@??WG???QC@?_??O_?Aa????LGC????OUO?????CO@_?O???F?I??????O@?Gc????iG??_????A?Hc??????C@c_????H?I?C?????@OGQ?????GG?_`?????,[(29-47)-(28-59)-(27-57)-(26-42)-(25-58)-(24-41)-(23-39)-(22-46)-(21-40)-(20-44)-(19-31)-(18-45)-(17-43)-(16-30)-(15-38)-(14-51)-(13-53)-(12-36)-(11-56)-(10-35)-(9-37)-(8-49)-(7-55)-(6-48)-(5-54)-(4-34)-(3-52)-(2-33)-(1-32)-(0-50)],0.0003256797790527344,0.02417612075805664,1,True,0
{????????????????????????????????????????????????????????????????????????D?CS?C?Ge?@F??A?Ia??O?WOCA?G@A?D?A?o?P??C_S@???IIA??@?@H_???_KE??O@HA????OKD??C?IGA???@OGc???[?C_???@@??WG???QC@?_??O_?Aa????LGC????OUO?????CO@_?O???F?I??????O@?Gc????iG??_????A?Hc??????C@c_????H?I?C?????@OGQ?????GG?_`?????,[(29-47)-(28-59)-(27-57)-(26-42)-(25-58)-(24-41)-(23-39)-(22-46)-(21-40)-(20-44)-(19-31)-(18-45)-(17-43)-(16-30)-(15-38)-(14-51)-(13-53)-(12-36)-(11-56)-(10-35)-(9-37)-(8-49)-(7-55)-(6-48)-(5-54)-(4-34)-(3-52)-(2-33)-(1-32)-(0-50)],0.0002727508544921875,0.03985857963562012,2,True,0
{????????????????????????????????????????????????????????????????????????D?CS?C?Ge?@F??A?Ia??O?WOCA?G@A?D?A?o?P??C_S@???IIA??@?@H_???_KE??O@HA????OKD??C?IGA???@OGc???[?C_???@@??WG???QC@?_??O_?Aa????LGC????OUO?????CO@_?O???F?I??????O@?Gc????iG??_????A?Hc??????C@c_????H?I?C?????@OGQ?????GG?_`?????,[(29-46)-(28-59)-(27-57)-(26-42)-(25-58)-(24-41)-(23-39)-(22-47)-(21-40)-(20-44)-(19-31)-(18-45)-(17-43)-(16-30)-(15-38)-(14-51)-(13-53)-(12-36)-(11-56)-(10-35)-(9-37)-(8-49)-(7-55)-(6-48)-(5-54)-(4-34)-(3-52)-(2-33)-(1-32)-(0-50)],0.00027370452880859375,0.027347564697265625,1,True,0
{????????????????????????????????????????????????????????????????????????D?CS?C?Ge?@F??A?Ia??O?WOCA?G@A?D?A?o?P??C_S@???IIA??@?@H_???_KE??O@HA????OKD??C?IGA???@OGc???[?C_???@@??WG???QC@?_??O_?Aa????LGC????OUO?????CO@_?O???F?I??????O@?Gc????iG??_????A?Hc??????C@c_????H?I?C?????@OGQ?????GG?_`?????,[(29-46)-(28-59)-(27-57)-(26-42)-(25-58)-(24-41)-(23-39)-(22-47)-(21-40)-(20-44)-(19-31)-(18-45)-(17-43)-(16-30)-(15-38)-(14-51)-(13-53)-(12-36)-(11-56)-(10-35)-(9-37)-(8-49)-(7-55)-(6-48)-(5-54)-(4-34)-(3-52)-(2-33)-(1-32)-(0-50)],0.0002834796905517578,0.040254831314086914,2,True,0
{????????????????????????????????????????????????????????????????????????D?CS?C?Ge?@F??A?Ia??O?WOCA?G@A?D?A?o?P??C_S@???IIA??@?@H_???_KE??O@HA????OKD??C?IGA???@OGc???[?C_???@@??WG???QC@?_??O_?Aa????LGC????OUO?????CO@_?O???F?I??????O@?Gc????iG??_????A?Hc??????C@c_????H?I?C?????@OGQ?????GG?_`?????,[(29-47)-(28-59)-(27-57)-(26-39)-(25-43)-(24-42)-(23-44)-(22-46)-(21-38)-(20-40)-(19-31)-(18-30)-(17-58)-(16-41)-(15-45)-(14-51)-(13-53)-(12-36)-(11-56)-(10-35)-(9-37)-(8-49)-(7-55)-(6-48)-(5-54)-(4-34)-(3-52)-(2-33)-(1-32)-(0-50)],0.0002799034118652344,0.03977680206298828,2,True,0
{????????????????????????????????????????????????????????????????????????D?CS?C?Ge?@F??A?Ia??O?WOCA?G@A?D?A?o?P??C_S@???IIA??@?@H_???_KE??O@HA????OKD??C?IGA???@OGc???[?C_???@@??WG???QC@?_??O_?Aa????LGC????OUO?????CO@_?O???F?I??????O@?Gc????iG??_????A?Hc??????C@c_????H?I?C?????@OGQ?????GG?_`?????,[(29-47)-(28-59)-(27-57)-(26-39)-(25-43)-(24-42)-(23-44)-(22-46)-(21-38)-(20-40)-(19-31)-(18-30)-(17-58)-(16-41)-(15-45)-(14-51)-(13-53)-(12-36)-(11-56)-(10-35)-(9-37)-(8-49)-(7-55)-(6-48)-(5-54)-(4-34)-(3-52)-(2-33)-(1-32)-(0-50)],0.000278472900390625,0.07268762588500977,4,True,0
{?????????????????????????????????????????????????????????????????????????_@O_H?Bc??YC?@??I?QCB?O?c???_`Q??SB?@???c@P?@?EH???H?IG??A_?[???OW?AO?@?I?AO?CC??DO????QcG??POC?C??C`??`????@?QC_??@AoO????GPH?????GCP?C????G?OOW???w?_G????BA?C@?????P@@@??????GOQO????LO?C?????c_O@???????_DC_?????IWO??????,[(29-47)-(28-44)-(27-45)-(26-46)-(25-42)-(24-43)-(23-37)-(22-55)-(21-30)-(20-58)-(19-40)-(18-59)-(17-39)-(16-51)-(15-31)-(14-54)-(13-57)-(12-50)-(11-35)-(10-41)-(9-56)-(8-33)-(7-36)-(6-53)-(5-48)-(4-38)-(3-32)-(2-49)-(1-34)-(0-52)],0.00032329559326171875,0.017436504364013672,1,True,0
{?????????????????????????????????????????????????????????????????????????_@O_H?Bc??YC?@??I?QCB?O?c???_`Q??SB?@???c@P?@?EH???H?IG??A_?[???OW?AO?@?I?AO?CC??DO????QcG??POC?C??C`??`????@?QC_??@AoO????GPH?????GCP?C????G?OOW???w?_G????BA?C@?????P@@@??????GOQO????LO?C?????c_O@???????_DC_?????IWO??????,[(29-47)-(28-44)-(27-45)-(26-46)-(25-42)-(24-43)-(23-37)-(22-55)-(21-30)-(20-58)-(19-40)-(18-59)-(17-39)-(16-51)-(15-31)-(14-54)-(13-57)-(12-50)-(11-35)-(10-41)-(9-56)-(8-33)-(7-36)-(6-53)-(5-48)-(4-38)-(3-32)-(2-49)-(1-34)-(0-52)],0.0002617835998535156,0.05403327941894531,3,True,0
{?????????????????????????????????????????????????????????????????????????_@O_H?Bc??YC?@??I?QCB?O?c???_`Q??SB?@???c@P?@?EH???H?IG??A_?[???OW?AO?@?I?AO?CC??DO????QcG??POC?C??C`??`????@?QC_??@AoO????GPH?????GCP?C????G?OOW???w?_G????BA?C@?????P@@@??????GOQO????LO?C?????c_O@???????_DC_?????IWO??????,[(29-47)-(28-42)-(27-45)-(26-46)-(25-37)-(24-43)-(23-44)-(22-55)-(21-30)-(20-58)-(19-40)-(18-59)-(17-39)-(16-51)-(15-31)-(14-54)-(13-57)-(12-50)-(11-35)-(10-41)-(9-56)-(8-33)-(7-36)-(6-53)-(5-48)-(4-38)-(3-32)-(2-49)-(1-34)-(0-52)],0.0002765655517578125,0.0545651912689209,3,True,0
{?????????????????????????????????????????????????????????????????????????_@O_H?Bc??YC?@??I?QCB?O?c???_`Q??SB?@???c@P?@?EH???H?IG??A_?[???OW?AO?@?I?AO?CC??DO????QcG??POC?C??C`??`????@?QC_??@AoO????GPH?????GCP?C????G?OOW???w?_G????BA?C@?????P@@@??????GOQO????LO?C?????c_O@???????_DC_?????IWO??????,[(29-47)-(28-42)-(27-45)-(26-46)-(25-37)-(24-43)-(23-44)-(22-55)-(21-30)-(20-58)-(19-40)-(18-59)-(17-39)-(16-51)-(15-31)-(14-54)-(13-57)-(12-50)-(11-35)-(10-41)-(9-56)-(8-33)-(7-36)-(6-53)-(5-48)-(4-38)-(3-32)-(2-49)-(1-34)-(0-52)],0.0002799034118652344,0.024819374084472656,1,True,0
{?????????????????????????????????????????????????????????????????????????_@O_H?Bc??YC?@??I?QCB?O?c???_`Q??SB?@???c@P?@?EH???H?IG??A_?[???OW?AO?@?I?AO?CC??DO????QcG??POC?C??C`??`????@?QC_??@AoO????GPH?????GCP?C????G?OOW???w?_G????BA?C@?????P@@@??????GOQO????LO?C?????c_O@???????_DC_?????IWO??????,[(29-30)-(28-44)-(27-45)-(26-47)-(25-42)-(24-43)-(23-37)-(22-55)-(21-46)-(20-58)-(19-40)-(18-59)-(17-39)-(16-51)-(15-31)-(14-54)-(13-57)-(12-50)-(11-35)-(10-41)-(9-56)-(8-33)-(7-36)-(6-53)-(5-48)-(4-38)-(3-32)-(2-49)-(1-34)-(0-52)],0.0002741813659667969,0.0252377986907959,1,True,0
{?????????????????????????????????????????????????????????????????????????_@O_H?Bc??YC?@??I?QCB?O?c???_`Q??SB?@???c@P?@?EH???H?IG??A_?[???OW?AO?@?I?AO?CC??DO????QcG??POC?C??C`??`????@?QC_??@AoO????GPH?????GCP?C????G?OOW???w?_G????BA?C@?????P@@@??????GOQO????LO?C?????c_O@???????_DC_?????IWO??????,[(29-30)-(28-44)-(27-45)-(26-47)-(25-42)-(24-43)-(23-37)-(22-55)-(21-46)-(20-58)-(19-40)-(18-59)-(17-39)-(16-51)-(15-31)-(14-54)-(13-57)-(12-50)-(11-35)-(10-41)-(9-56)-(8-33)-(7-36)-(6-53)-(5-48)-(4-38)-(3-32)-(2-49)-(1-34)-(0-52)],0.00030112266540527344,0.025086164474487305,1,True,0
{?????????????????????????????????????????????????????????????????????????_@O_H?Bc??YC?@??I?QCB?O?c???_`Q??SB?@???c@P?@?EH???H?IG??A_?[???OW?AO?@?I?AO?CC??DO????QcG??POC?C??C`??`????@?QC_??@AoO????GPH?????GCP?C????G?OOW???w?_G????BA?C@?????P@@@??????GOQO????LO?C?????c_O@???????_DC_?????IWO??????,[(29-30)-(28-42)-(27-45)-(26-47)-(25-37)-(24-43)-(23-44)-(22-55)-(21-46)-(20-58)-(19-40)-(18-59)-(17-39)-(16-51)-(15-31)-(14-54)-(13-57)-(12-50)-(11-35)-(10-41)-(9-56)-(8-33)-(7-36)-(6-53)-(5-48)-(4-38)-(3-32)-(2-49)-(1-34)-(0-52)],0.00028324127197265625,0.05681347846984863,3,True,0
{?????????????????????????????????????????????????????????????????????????_@O_H?Bc??YC?@??I?QCB?O?c???_`Q??SB?@???c@P?@?EH???H?IG??A_?[???OW?AO?@?I?AO?CC??DO????QcG??POC?C??C`??`????@?QC_??@AoO????GPH?????GCP?C????G?OOW???w?_G????BA?C@?????P@@@??????GOQO????LO?C?????c_O@???????_DC_?????IWO??????,[(29-30)-(28-42)-(27-45)-(26-47)-(25-37)-(24-43)-(23-44)-(22-55)-(21-46)-(20-58)-(19-40)-(18-59)-(17-39)-(16-51)-(15-31)-(14-54)-(13-57)-(12-50)-(11-35)-(10-41)-(9-56)-(8-33)-(7-36)-(6-53)-(5-48)-(4-38)-(3-32)-(2-49)-(1-34)-(0-52)],0.0003178119659423828,0.017482757568359375,1,True,0
{?????????????????????????????????????????????????????????????????????????_@O_H?Bc??YC?@??I?QCB?O?c???_`Q??SB?@???c@P?@?EH???H?IG??A_?[???OW?AO?@?I?AO?CC??DO????QcG??POC?C??C`??`????@?QC_??@AoO????GPH?????GCP?C????G?OOW???w?_G????BA?C@?????P@@@??????GOQO????LO?C?????c_O@???????_DC_?????IWO??????,[(29-30)-(28-44)-(27-45)-(26-46)-(25-42)-(24-43)-(23-37)-(22-55)-(21-47)-(20-58)-(19-40)-(18-59)-(17-39)-(16-51)-(15-31)-(14-54)-(13-57)-(12-50)-(11-35)-(10-41)-(9-56)-(8-33)-(7-36)-(6-53)-(5-48)-(4-38)-(3-32)-(2-49)-(1-34)-(0-52)],0.0002911090850830078,0.05492687225341797,3,True,0
{?????????????????????????????????????????????????????????????????????????_@O_H?Bc??YC?@??I?QCB?O?c???_`Q??SB?@???c@P?@?EH???H?IG??A_?[???OW?AO?@?I?AO?CC??DO????QcG??POC?C??C`??`????@?QC_??@AoO????GPH?????GCP?C????G?OOW???w?_G????BA?C@?????P@@@??????GOQO????LO?C?????c_O@???????_DC_?????IWO??????,[(29-30)-(28-44)-(27-45)-(26-46)-(25-42)-(24-43)-(23-37)-(22-55)-(21-47)-(20-58)-(19-40)-(18-59)-(17-39)-(16-51)-(15-31)-(14-54)-(13-57)-(12-50)-(11-35)-(10-41)-(9-56)-(8-33)-(7-36)-(6-53)-(5-48)-(4-38)-(3-32)-(2-49)-(1-34)-(0-52)],0.0002772808074951172,0.017380952835083008,1,True,0
{?????????????????????????????????????????????????????????????????????????_@O_H?Bc??YC?@??I?QCB?O?c???_`Q??SB?@???c@P?@?EH???H?IG??A_?[???OW?AO?@?I?AO?CC??DO????QcG??POC?C??C`??`????@?QC_??@AoO????GPH?????GCP?C????G?OOW???w?_G????BA?C@?????P@@@??????GOQO????LO?C?????c_O@???????_DC_?????IWO??????,[(29-30)-(28-42)-(27-45)-(26-46)-(25-37)-(24-43)-(23-44)-(22-55)-(21-47)-(20-58)-(19-40)-(18-59)-(17-39)-(16-51)-(15-31)-(14-54)-(13-57)-(12-50)-(11-35)-(10-41)-(9-56)-(8-33)-(7-36)-(6-53)-(5-48)-(4-38)-(3-32)-(2-49)-(1-34)-(0-52)],0.0002727508544921875,0.05485868453979492,3,True,0
{?????????????????????????????????????????????????????????????????????????_@O_H?Bc??YC?@??I?QCB?O?c???_`Q??SB?@???c@P?@?EH???H?IG??A_?[???OW?AO?@?I?AO?CC??DO????QcG??POC?C??C`??`????@?QC_??@AoO????GPH?????GCP?C????G?OOW???w?_G????BA?C@?????P@@@??????GOQO????LO?C?????c_O@???????_DC_?????IWO??????,[(29-30)-(28-42)-(27-45)-(26-46)-(25-37)-(24-43)-(23-44)-(22-55)-(21-47)-(20-58)-(19-40)-(18-59)-(17-39)-(16-51)-(15-31)-(14-54)-(13-57)-(12-50)-(11-35)-(10-41)-(9-56)-(8-33)-(7-36)-(6-53)-(5-48)-(4-38)-(3-32)-(2-49)-(1-34)-(0-52)],0.0002841949462890625,0.025030136108398438,1,True,0
{?????????????????????????????????????????????????????????????????????????_@O_H?Bc??YC?@??I?QCB?O?c???_`Q??SB?@???c@P?@?EH???H?IG??A_?[???OW?AO?@?I?AO?CC??DO????QcG??POC?C??C`??`????@?QC_??@AoO????GPH?????GCP?C????G?OOW???w?_G????BA?C@?????P@@@??????GOQO????LO?C?????c_O@???????_DC_?????IWO??????,[(29-47)-(28-43)-(27-45)-(26-46)-(25-42)-(24-58)-(23-37)-(22-55)-(21-30)-(20-44)-(19-40)-(18-59)-(17-39)-(16-51)-(15-31)-(14-54)-(13-57)-(12-50)-(11-35)-(10-41)-(9-56)-(8-33)-(7-36)-(6-53)-(5-48)-(4-38)-(3-32)-(2-49)-(1-34)-(0-52)],0.0002758502960205078,0.038805484771728516,2,True,0
{?????????????????????????????????????????????????????????????????????????_@O_H?Bc??YC?@??I?QCB?O?c???_`Q??SB?@???c@P?@?EH???H?IG??A_?[???OW?AO?@?I?AO?CC??DO????QcG??POC?C??C`??`????@?QC_??@AoO????GPH?????GCP?C????G?OOW???w?_G????BA?C@?????P@@@??????GOQO????LO?C?????c_O@???????_DC_?????IWO??????,[(29-47)-(28-43)-(27-45)-(26-46)-(25-42)-(24-58)-(23-37)-(22-55)-(21-30)-(20-44)-(19-40)-(18-59)-(17-39)-(16-51)-(15-31)-(14-54)-(13-57)-(12-50)-(11-35)-(10-41)-(9-56)-(8-33)-(7-36)-(6-53)-(5-48)-(4-38)-(3-32)-(2-49)-(1-34)-(0-52)],0.0003192424774169922,0.03896188735961914,2,True,0
{?????????????????????????????????????????????????????????????????????????_@O_H?Bc??YC?@??I?QCB?O?c???_`Q??SB?@???c@P?@?EH???H?IG??A_?[???OW?AO?@?I?AO?CC??DO????QcG??POC?C??C`??`????@?QC_??@AoO????GPH?????GCP?C????G?OOW???w?_G????BA?C@?????P@@@??????GOQO????LO?C?????c_O@???????_DC_?????IWO??????,[(29-30)-(28-43)-(27-45)-(26-47)-(25-42)-(24-58)-(23-37)-(22-55)-(21-46)-(20-44)-(19-40)-(18-59)-(17-39)-(16-51)-(15-31)-(14-54)-(13-57)-(12-50)-(11-35)-(10-41)-(9-56)-(8-33)-(7-36)-(6-53)-(5-48)-(4-38)-(3-32)-(2-49)-(1-34)-(0-52)],0.00028204917907714844,0.0250701904296875,1,True,0
{?????????????????????????????????????????????????????????????????????????_@O_H?Bc??YC?@??I?QCB?O?c???_`Q??SB?@???c@P?@?EH???H?IG??A_?[???OW?AO?@?I?AO?CC??DO????QcG??POC?C??C`??`????@?QC_??@AoO????GPH?????GCP?C????G?OOW???w?_G????BA?C@?????P@@@??????GOQO????LO?C?????c_O@???????_DC_?????IWO??????,[(29-30)-(28-43)-(27-45)-(26-47)-(25-42)-(24-58)-(23-37)-(22-55)-(21-46)-(20-44)-(19-40)-(18-59)-(17-39)-(16-51)-(15-31)-(14-54)-(13-57)-(12-50)-(11-35)-(10-41)-(9-56)-(8-33)-(7-36)-(6-53)-(5-48)-(4-38)-(3-32)-(2-49)-(1-34)-(0-52)],0.00027751922607421875,0.04459714889526367,2,True,0
{?????????????????????????????????????????????????????????????????????????_@O_H?Bc??YC?@??I?QCB?O?c???_`Q??SB?@???c@P?@?EH???H?IG??A_?[???OW?AO?@?I?AO?CC??DO????QcG??POC?C??C`??`????@?QC_??@AoO????GPH?????GCP?C????G?OOW???w?_G????BA?C@?????P@@@??????GOQO????LO?C?????c_O@???????_DC_?????IWO??????,[(29-30)-(28-43)-(27-45)-(26-46)-(25-42)-(24-58)-(23-37)-(22-55)-(21-47)-(20-44)-(19-40)-(18-59)-(17-39)-(16-51)-(15-31)-(14-54)-(13-57)-(12-50)-(11-35)-(10-41)-(9-56)-(8-33)-(7-36)-(6-53)-(5-48)-(4-38)-(3-32)-(2-49)-(1-34)-(0-52)],0.0002796649932861328,0.03846287727355957,2,True,0
{?????????????????????????????????????????????????????????????????????????_@O_H?Bc??YC?@??I?QCB?O?c???_`Q??SB?@???c@P?@?EH???H?IG??A_?[???OW?AO?@?I?AO?CC??DO????QcG??POC?C??C`??`????@?QC_??@AoO????GPH?????GCP?C????G?OOW???w?_G????BA?C@?????P@@@??????GOQO????LO?C?????c_O@???????_DC_?????IWO??????,[(29-30)-(28-43)-(27-45)-(26-46)-(25-42)-(24-58)-(23-37)-(22-55)-(21-47)-(20-44)-(19-40)-(18-59)-(17-39)-(16-51)-(15-31)-(14-54)-(13-57)-(12-50)-(11-35)-(10-41)-(9-56)-(8-33)-(7-36)-(6-53)-(5-48)-(4-38)-(3-32)-(2-49)-(1-34)-(0-52)],0.00027942657470703125,0.03834676742553711,2,True,0
{?????????????????????????????????????????????????????????????????????????_@O_H?Bc??YC?@??I?QCB?O?c???_`Q??SB?@???c@P?@?EH???H?IG??A_?[???OW?AO?@?I?AO?CC??DO????QcG??POC?C??C`??`????@?QC_??@AoO????GPH?????GCP?C????G?OOW???w?_G????BA?C@?????P@@@??????GOQO????LO?C?????c_O@???????_DC_?????IWO??????,[(29-47)-(28-44)-(27-45)-(26-46)-(25-42)-(24-43)-(23-37)-(22-51)-(21-30)-(20-58)-(19-40)-(18-59)-(17-39)-(16-55)-(15-31)-(14-54)-(13-57)-(12-50)-(11-35)-(10-41)-(9-56)-(8-33)-(7-36)-(6-53)-(5-48)-(4-38)-(3-32)-(2-49)-(1-34)-(0-52)],0.0002799034118652344,0.02720928192138672,1,True,0
{?????????????????????????????????????????????????????????????????????????_@O_H?Bc??YC?@??I?QCB?O?c???_`Q??SB?@???c@P?@?EH???H?IG??A_?[???OW?AO?@?I?AO?CC??DO????QcG??POC?C??C`??`????@?QC_??@AoO????GPH?????GCP?C????G?OOW???w?_G????BA?C@?????P@@@??????GOQO????LO?C?????c_O@???????_DC_?????IWO??????,[(29-47)-(28-44)-(27-45)-(26-46)-(25-42)-(24-43)-(23-37)-(22-51)-(21-30)-(20-58)-(19-40)-(18-59)-(17-39)-(16-55)-(15-31)-(14-54)-(13-57)-(12-50)-(11-35)-(10-41)-(9-56)-(8-33)-(7-36)-(6-53)-(5-48)-(4-38)-(3-32)-(2-49)-(1-34)-(0-52)],0.0002875328063964844,0.039026737213134766,2,True,0
{?????????????????????????????????????????????????????????????????????????A?sA?_P_A?E_`???H?oCCOAO?O?@gG@?ACc?G?CC@Q??WC?OG?CoG?G??GCGI???@?_KG??A??gg??G_@D???aH??_??@?@Ag??E?S_??????xC?????OAgA???Ga?_@???K_?D?????b?GC????_G?D@???????RW???A?d?C?????S?o?G?????AC@o????S?@D??????KA?__????D?_G?_????,[(29-42)-(28-41)-(27-53)-(26-44)-(25-31)-(24-43)-(23-57)-(22-45)-(21-52)-(20-47)-(19-59)-(18-38)-(17-56)-(16-30)-(15-46)-(14-40)-(13-58)-(12-54)-(11-39)-(10-35)-(9-37)-(8-33)-(7-48)-(6-55)-(5-32)-(4-36)-(3-51)-(2-49)-(1-50)-(0-34)],0.00030040740966796875,0.07177329063415527,4,True,0
{?????????????????????????????????????????????????????????????????????????A?sA?_P_A?E_`???H?oCCOAO?O?@gG@?ACc?G?CC@Q??WC?OG?CoG?G??GCGI???@?_KG??A??gg??G_@D???aH??_??@?@Ag??E?S_??????xC?????OAgA???Ga?_@???K_?D?????b?GC????_G?D@???????RW???A?d?C?????S?o?G?????AC@o????S?@D??????KA?__????D?_G?_????,[(29-42)-(28-41)-(27-53)-(26-44)-(25-31)-(24-43)-(23-57)-(22-45)-(21-52)-(20-47)-(19-59)-(18-38)-(17-56)-(16-30)-(15-46)-(14-40)-(13-58)-(12-54)-(11-39)-(10-35)-(9-37)-(8-33)-(7-48)-(6-55)-(5-32)-(4-36)-(3-51)-(2-49)-(1-50)-(0-34)],0.0002818107604980469,0.053736209869384766,3,True,0
{?????????????????????????????????????????????????????????????????????????A?sA?_P_A?E_`???H?oCCOAO?O?@gG@?ACc?G?CC@Q??WC?OG?CoG?G??GCGI???@?_KG??A??gg??G_@D???aH??_??@?@Ag??E?S_??????xC?????OAgA???Ga?_@???K_?D?????b?GC????_G?D@???????RW???A?d?C?????S?o?G?????AC@o????S?@D??????KA?__????D?_G?_????,[(29-52)-(28-41)-(27-42)-(26-44)-(25-31)-(24-43)-(23-57)-(22-45)-(21-53)-(20-47)-(19-59)-(18-38)-(17-56)-(16-30)-(15-46)-(14-40)-(13-58)-(12-54)-(11-39)-(10-35)-(9-37)-(8-33)-(7-48)-(6-55)-(5-32)-(4-36)-(3-51)-(2-49)-(1-50)-(0-34)],0.00027680397033691406,0.04118633270263672,2,True,0
{?????????????????????????????????????????????????????????????????????????A?sA?_P_A?E_`???H?oCCOAO?O?@gG@?ACc?G?CC@Q??WC?OG?CoG?G??GCGI???@?_KG??A??gg??G_@D???aH??_??@?@Ag??E?S_??????xC?????OAgA???Ga?_@???K_?D?????b?GC????_G?D@???????RW???A?d?C?????S?o?G?????AC@o????S?@D??????KA?__????D?_G?_????,[(29-52)-(28-41)-(27-42)-(26-44)-(25-31)-(24-43)-(23-57)-(22-45)-(21-53)-(20-47)-(19-59)-(18-38)-(17-56)-(16-30)-(15-46)-(14-40)-(13-58)-(12-54)-(11-39)-(10-35)-(9-37)-(8-33)-(7-48)-(6-55)-(5-32)-(4-36)-(3-51)-(2-49)-(1-50)-(0-34)],0.0003399848937988281,0.057347774505615234,3,True,0
{?????????????????????????????????????????????????????????????????????????A?sA?_P_A?E_`???H?oCCOAO?O?@gG@?ACc?G?CC@Q??WC?OG?CoG?G??GCGI???@?_KG??A??gg??G_@D???aH??_??@?@Ag??E?S_??????xC?????OAgA???Ga?_@???K_?D?????b?GC????_G?D@???????RW???A?d?C?????S?o?G?????AC@o????S?@D??????KA?__????D?_G?_????,[(29-42)-(28-41)-(27-53)-(26-44)-(25-31)-(24-43)-(23-52)-(22-45)-(21-57)-(20-47)-(19-59)-(18-38)-(17-56)-(16-30)-(15-46)-(14-40)-(13-58)-(12-54)-(11-39)-(10-35)-(9-37)-(8-33)-(7-48)-(6-55)-(5-32)-(4-36)-(3-51)-(2-49)-(1-50)-(0-34)],0.0002789497375488281,0.05451488494873047,3,True,0
{?????????????????????????????????????????????????????????????????????????A?sA?_P_A?E_`???H?oCCOAO?O?@gG@?ACc?G?CC@Q??WC?OG?CoG?G??GCGI???@?_KG??A??gg??G_@D???aH??_??@?@Ag??E?S_??????xC?????OAgA???Ga?_@???K_?D?????b?GC????_G?D@???????RW???A?d?C?????S?o?G?????AC@o????S?@D??????KA?__????D?_G?_????,[(29-42)-(28-41)-(27-53)-(26-44)-(25-31)-(24-43)-(23-52)-(22-45)-(21-57)-(20-47)-(19-59)-(18-38)-(17-56)-(16-30)-(15-46)-(14-40)-(13-58)-(12-54)-(11-39)-(10-35)-(9-37)-(8-33)-(7-48)-(6-55)-(5-32)-(4-36)-(3-51)-(2-49)-(1-50)-(0-34)],0.0002791881561279297,0.039450883865356445,2,True,0
{?????????????????????????????????????????????????????????????????????????A?sA?_P_A?E_`???H?oCCOAO?O?@gG@?ACc?G?CC@Q??WC?OG?CoG?G??GCGI???@?_KG??A??gg??G_@D???aH??_??@?@Ag??E?S_??????xC?????OAgA???Ga?_@???K_?D?????b?GC????_G?D@???????RW???A?d?C?????S?o?G?????AC@o????S?@D??????KA?__????D?_G?_????,[(29-52)-(28-53)-(27-42)-(26-44)-(25-31)-(24-43)-(23-41)-(22-45)-(21-57)-(20-47)-(19-59)-(18-38)-(17-56)-(16-30)-(15-46)-(14-40)-(13-58)-(12-54)-(11-39)-(10-35)-(9-37)-(8-33)-(7-48)-(6-55)-(5-32)-(4-36)-(3-51)-(2-49)-(1-50)-(0-34)],0.0002899169921875,0.03949880599975586,2,True,0
{?????????????????????????????????????????????????????????????????????????A?sA?_P_A?E_`???H?oCCOAO?O?@gG@?ACc?G?CC@Q??WC?OG?CoG?G??GCGI???@?_KG??A??gg??G_@D???aH??_??@?@Ag??E?S_??????xC?????OAgA???Ga?_@???K_?D?????b?GC????_G?D@???????RW???A?d?C?????S?o?G?????AC@o????S?@D??????KA?__????D?_G?_????,[(29-52)-(28-53)-(27-42)-(26-44)-(25-31)-(24-43)-(23-41)-(22-45)-(21-57)-(20-47)-(19-59)-(18-38)-(17-56)-(16-30)-(15-46)-(14-40)-(13-58)-(12-54)-(11-39)-(10-35)-(9-37)-(8-33)-(7-48)-(6-55)-(5-32)-(4-36)-(3-51)-(2-49)-(1-50)-(0-34)],0.00031757354736328125,0.05538058280944824,3,True,0
{?????????????????????????????????????????????????????????????????????????A?sA?_P_A?E_`???H?oCCOAO?O?@gG@?ACc?G?CC@Q??WC?OG?CoG?G??GCGI???@?_KG??A??gg??G_@D???aH??_??@?@Ag??E?S_??????xC?????OAgA???Ga?_@???K_?D?????b?GC????_G?D@???????RW???A?d?C?????S?o?G?????AC@o????S?@D??????KA?__????D?_G?_????,[(29-52)-(28-41)-(27-53)-(26-44)-(25-31)-(24-43)-(23-42)-(22-45)-(21-57)-(20-47)-(19-59)-(18-38)-(17-56)-(16-30)-(15-46)-(14-40)-(13-58)-(12-54)-(11-39)-(10-35)-(9-37)-(8-33)-(7-48)-(6-55)-(5-32)-(4-36)-(3-51)-(2-49)-(1-50)-(0-34)],0.00027942657470703125,0.025269508361816406,1,True,0
{?????????????????????????????????????????????????????????????????????????A?sA?_P_A?E_`???H?oCCOAO?O?@gG@?ACc?G?CC@Q??WC?OG?CoG?G??GCGI???@?_KG??A??gg??G_@D???aH??_??@?@Ag??E?S_??????xC?????OAgA???Ga?_@???K_?D?????b?GC????_G?D@???????RW???A?d?C?????S?o?G?????AC@o????S?@D??????KA?__????D?_G?_????,[(29-52)-(28-41)-(27-53)-(26-44)-(25-31)-(24-43)-(23-42)-(22-45)-(21-57)-(20-47)-(19-59)-(18-38)-(17-56)-(16-30)-(15-46)-(14-40)-(13-58)-(12-54)-(11-39)-(10-35)-(9-37)-(8-33)-(7-48)-(6-55)-(5-32)-(4-36)-(3-51)-(2-49)-(1-50)-(0-34)],0.0002732276916503906,0.02498173713684082,1,True,0
{?????????????????????????????????????????????????????????????????????????A?sA?_P_A?E_`???H?oCCOAO?O?@gG@?ACc?G?CC@Q??WC?OG?CoG?G??GCGI???@?_KG??A??gg??G_@D???aH??_??@?@Ag??E?S_??????xC?????OAgA???Ga?_@???K_?D?????b?GC????_G?D@???????RW???A?d?C?????S?o?G?????AC@o????S?@D??????KA?__????D?_G?_????,[(29-52)-(28-41)-(27-53)-(26-44)-(25-31)-(24-43)-(23-57)-(22-45)-(21-42)-(20-47)-(19-59)-(18-38)-(17-56)-(16-30)-(15-46)-(14-40)-(13-58)-(12-54)-(11-39)-(10-35)-(9-37)-(8-33)-(7-48)-(6-55)-(5-32)-(4-36)-(3-51)-(2-49)-(1-50)-(0-34)],0.0002760887145996094,0.03821301460266113,2,True,0
{?????????????????????????????????????????????????????????????????????????A?sA?_P_A?E_`???H?oCCOAO?O?@gG@?ACc?G?CC@Q??WC?OG?CoG?G??GCGI???@?_KG??A??gg??G_@D???aH??_??@?@Ag??E?S_??????xC?????OAgA???Ga?_@???K_?D?????b?GC????_G?D@???????RW???A?d?C?????S?o?G?????AC@o????S?@D??????KA?__????D?_G?_????,[(29-52)-(28-41)-(27-53)-(26-44)-(25-31)-(24-43)-(23-57)-(22-45)-(21-42)-(20-47)-(19-59)-(18-38)-(17-56)-(16-30)-(15-46)-(14-40)-(13-58)-(12-54)-(11-39)-(10-35)-(9-37)-(8-33)-(7-48)-(6-55)-(5-32)-(4-36)-(3-51)-(2-49)-(1-50)-(0-34)],0.0004067420959472656,0.025809764862060547,1,True,0
{?????????????????????????????????????????????????????????????????????????A?sA?_P_A?E_`???H?oCCOAO?O?@gG@?ACc?G?CC@Q??WC?OG?CoG?G??GCGI???@?_KG??A??gg??G_@D???aH??_??@?@Ag??E?S_??????xC?????OAgA???Ga?_@???K_?D?????b?GC????_G?D@???????RW???A?d?C?????S?o?G?????AC@o????S?@D??????KA?__????D?_G?_????,[(29-42)-(28-53)-(27-56)-(26-44)-(25-31)-(24-43)-(23-41)-(22-45)-(21-52)-(20-47)-(19-59)-(18-38)-(17-57)-(16-30)-(15-46)-(14-40)-(13-58)-(12-54)-(11-39)-(10-35)-(9-37)-(8-33)-(7-48)-(6-55)-(5-32)-(4-36)-(3-51)-(2-49)-(1-50)-(0-34)],0.00029969215393066406,0.03987741470336914,2,True,0
{?????????????????????????????????????????????????????????????????????????A?sA?_P_A?E_`???H?oCCOAO?O?@gG@?ACc?G?CC@Q??WC?OG?CoG?G??GCGI???@?_KG??A??gg??G_@D???aH??_??@?@Ag??E?S_??????xC?????OAgA???Ga?_@???K_?D?????b?GC????_G?D@???????RW???A?d?C?????S?o?G?????AC@o????S?@D??????KA?__????D?_G?_????,[(29-42)-(28-53)-(27-56)-(26-44)-(25-31)-(24-43)-(23-41)-(22-45)-(21-52)-(20-47)-(19-59)-(18-38)-(17-57)-(16-30)-(15-46)-(14-40)-(13-58)-(12-54)-(11-39)-(10-35)-(9-37)-(8-33)-(7-48)-(6-55)-(5-32)-(4-36)-(3-51)-(2-49)-(1-50)-(0-34)],0.00027942657470703125,0.055103302001953125,3,True,0
{?????????????????????????????????????????????????????????????????????????A?sA?_P_A?E_`???H?oCCOAO?O?@gG@?ACc?G?CC@Q??WC?OG?CoG?G??GCGI???@?_KG??A??gg??G_@D???aH??_??@?@Ag??E?S_??????xC?????OAgA???Ga?_@???K_?D?????b?GC????_G?D@???????RW???A?d?C?????S?o?G?????AC@o????S?@D??????KA?__????D?_G?_????,[(29-42)-(28-41)-(27-56)-(26-44)-(25-31)-(24-43)-(23-52)-(22-45)-(21-53)-(20-47)-(19-59)-(18-38)-(17-57)-(16-30)-(15-46)-(14-40)-(13-58)-(12-54)-(11-39)-(10-35)-(9-37)-(8-33)-(7-48)-(6-55)-(5-32)-(4-36)-(3-51)-(2-49)-(1-50)-(0-34)],0.00035190582275390625,0.025051593780517578,1,True,0
{?????????????????????????????????????????????????????????????????????????A?sA?_P_A?E_`???H?oCCOAO?O?@gG@?ACc?G?CC@Q??WC?OG?CoG?G??GCGI???@?_KG??A??gg??G_@D???aH??_??@?@Ag??E?S_??????xC?????OAgA???Ga?_@???K_?D?????b?GC????_G?D@???????RW???A?d?C?????S?o?G?????AC@o????S?@D??????KA?__????D?_G?_????,[(29-42)-(28-41)-(27-56)-(26-44)-(25-31)-(24-43)-(23-52)-(22-45)-(21-53)-(20-47)-(19-59)-(18-38)-(17-57)-(16-30)-(15-46)-(14-40)-(13-58)-(12-54)-(11-39)-(10-35)-(9-37)-(8-33)-(7-48)-(6-55)-(5-32)-(4-36)-(3-51)-(2-49)-(1-50)-(0-34)],0.0002760887145996094,0.017153501510620117,1,True,0
{?????????????????????????????????????????????????????????????????????????A?sA?_P_A?E_`???H?oCCOAO?O?@gG@?ACc?G?CC@Q??WC?OG?CoG?G??GCGI???@?_KG??A??gg??G_@D???aH??_??@?@Ag??E?S_??????xC?????OAgA???Ga?_@???K_?D?????b?GC????_G?D@???????RW???A?d?C?????S?o?G?????AC@o????S?@D??????KA?__????D?_G?_????,[(29-52)-(28-41)-(27-56)-(26-44)-(25-31)-(24-43)-(23-42)-(22-45)-(21-53)-(20-47)-(19-59)-(18-38)-(17-57)-(16-30)-(15-46)-(14-40)-(13-58)-(12-54)-(11-39)-(10-35)-(9-37)-(8-33)-(7-48)-(6-55)-(5-32)-(4-36)-(3-51)-(2-49)-(1-50)-(0-34)],0.0003018379211425781,0.024993181228637695,1,True,0
{?????????????????????????????????????????????????????????????????????????A?sA?_P_A?E_`???H?oCCOAO?O?@gG@?ACc?G?CC@Q??WC?OG?CoG?G??GCGI???@?_KG??A??gg??G_@D???aH??_??@?@Ag??E?S_??????xC?????OAgA???Ga?_@???K_?D?????b?GC????_G?D@???????RW???A?d?C?????S?o?G?????AC@o????S?@D??????KA?__????D?_G?_????,[(29-52)-(28-41)-(27-56)-(26-44)-(25-31)-(24-43)-(23-42)-(22-45)-(21-53)-(20-47)-(19-59)-(18-38)-(17-57)-(16-30)-(15-46)-(14-40)-(13-58)-(12-54)-(11-39)-(10-35)-(9-37)-(8-33)-(7-48)-(6-55)-(5-32)-(4-36)-(3-51)-(2-49)-(1-50)-(0-34)],0.0002765655517578125,0.024937868118286133,1,True,0
{?????????????????????????????????????????????????????????????????????????A?sA?_P_A?E_`???H?oCCOAO?O?@gG@?ACc?G?CC@Q??WC?OG?CoG?G??GCGI???@?_KG??A??gg??G_@D???aH??_??@?@Ag??E?S_??????xC?????OAgA???Ga?_@???K_?D?????b?GC????_G?D@???????RW???A?d?C?????S?o?G?????AC@o????S?@D??????KA?__????D?_G?_????,[(29-52)-(28-53)-(27-56)-(26-44)-(25-31)-(24-43)-(23-41)-(22-45)-(21-42)-(20-47)-(19-59)-(18-38)-(17-57)-(16-30)-(15-46)-(14-40)-(13-58)-(12-54)-(11-39)-(10-35)-(9-37)-(8-33)-(7-48)-(6-55)-(5-32)-(4-36)-(3-51)-(2-49)-(1-50)-(0-34)],0.0002753734588623047,0.03974032402038574,2,True,0
{?????????????????????????????????????????????????????????????????????????A?sA?_P_A?E_`???H?oCCOAO?O?@gG@?ACc?G?CC@Q??WC?OG?CoG?G??GCGI???@?_KG??A??gg??G_@D???aH??_??@?@Ag??E?S_??????xC?????OAgA???Ga?_@???K_?D?????b?GC????_G?D@???????RW???A?d?C?????S?o?G?????AC@o????S?@D??????KA?__????D?_G?_????,[(29-52)-(28-53)-(27-56)-(26-44)-(25-31)-(24-43)-(23-41)-(22-45)-(21-42)-(20-47)-(19-59)-(18-38)-(17-57)-(16-30)-(15-46)-(14-40)-(13-58)-(12-54)-(11-39)-(10-35)-(9-37)-(8-33)-(7-48)-(6-55)-(5-32)-(4-36)-(3-51)-(2-49)-(1-50)-(0-34)],0.00028133392333984375,0.05782723426818848,3,True,0
{????????????????????????????????????????????????????????????????????????BG?AC?G?b@??PG@Oc?CAG?_EP???b?@?_A?G`G?O?`c??IO_?_?@???gg?EOC?_??D`??_??GOq????C?Gb????A`GC???W_@O??CR?O????S?G`????G_?_D????SAI????@C_C@????CW?AO???AA??U?????Oa_G???A?SGC????C@H?C?????_?@OK????S@??c?????CbC??????O?Aa_?????,[(29-44)-(28-56)-(27-57)-(26-31)-(25-45)-(24-30)-(23-59)-(22-47)-(21-39)-(20-53)-(19-42)-(18-58)-(17-43)-(16-46)-(15-40)-(14-36)-(13-41)-(12-54)-(11-38)-(10-52)-(9-32)-(8-55)-(7-49)-(6-51)-(5-35)-(4-50)-(3-34)-(2-48)-(1-37)-(0-33)],0.00028252601623535156,0.05785202980041504,3,True,0
{????????????????????????????????????????????????????????????????????????BG?AC?G?b@??PG@Oc?CAG?_EP???b?@?_A?G`G?O?`c??IO_?_?@???gg?EOC?_??D`??_??GOq????C?Gb????A`GC???W_@O??CR?O????S?G`????G_?_D????SAI????@C_C@????CW?AO???AA??U?????Oa_G???A?SGC????C@H?C?????_?@OK????S@??c?????CbC??????O?Aa_?????,[(29-44)-(28-56)-(27-57)-(26-31)-(25-45)-(24-30)-(23-59)-(22-47)-(21-39)-(20-53)-(19-42)-(18-58)-(17-43)-(16-46)-(15-40)-(14-36)-(13-41)-(12-54)-(11-38)-(10-52)-(9-32)-(8-55)-(7-49)-(6-51)-(5-35)-(4-50)-(3-34)-(2-48)-(1-37)-(0-33)],0.0002911090850830078,0.05567359924316406,3,True,0
{????????????????????????????????????????????????????????????????????????BG?AC?G?b@??PG@Oc?CAG?_EP???b?@?_A?G`G?O?`c??IO_?_?@???gg?EOC?_??D`??_??GOq????C?Gb????A`GC???W_@O??CR?O????S?G`????G_?_D????SAI????@C_C@????CW?AO???AA??U?????Oa_G???A?SGC????C@H?C?????_?@OK????S@??c?????CbC??????O?Aa_?????,[(29-44)-(28-56)-(27-57)-(26-31)-(25-45)-(24-30)-(23-39)-(22-47)-(21-59)-(20-53)-(19-42)-(18-58)-(17-43)-(16-46)-(15-40)-(14-36)-(13-41)-(12-54)-(11-38)-(10-52)-(9-32)-(8-55)-(7-49)-(6-51)-(5-35)-(4-50)-(3-34)-(2-48)-(1-37)-(0-33)],0.00031495094299316406,0.02406001091003418,1,True,0
{????????????????????????????????????????????????????????????????????????BG?AC?G?b@??PG@Oc?CAG?_EP???b?@?_A?G`G?O?`c??IO_?_?@???gg?EOC?_??D`??_??GOq????C?Gb????A`GC???W_@O??CR?O????S?G`????G_?_D????SAI????@C_C@????CW?AO???AA??U?????Oa_G???A?SGC????C@H?C?????_?@OK????S@??c?????CbC??????O?Aa_?????,[(29-44)-(28-56)-(27-57)-(26-31)-(25-45)-(24-30)-(23-39)-(22-47)-(21-59)-(20-53)-(19-42)-(18-58)-(17-43)-(16-46)-(15-40)-(14-36)-(13-41)-(12-54)-(11-38)-(10-52)-(9-32)-(8-55)-(7-49)-(6-51)-(5-35)-(4-50)-(3-34)-(2-48)-(1-37)-(0-33)],0.00027632713317871094,0.03903841972351074,2,True,0
{????????????????????????????????????????????????????????????????????????BG?AC?G?b@??PG@Oc?CAG?_EP???b?@?_A?G`G?O?`c??IO_?_?@???gg?EOC?_??D`??_??GOq????C?Gb????A`GC???W_@O??CR?O????S?G`????G_?_D????SAI????@C_C@????CW?AO???AA??U?????Oa_G???A?SGC????C@H?C?????_?@OK????S@??c?????CbC??????O?Aa_?????,[(29-44)-(28-56)-(27-57)-(26-31)-(25-43)-(24-30)-(23-45)-(22-47)-(21-39)-(20-53)-(19-42)-(18-58)-(17-59)-(16-46)-(15-40)-(14-36)-(13-41)-(12-54)-(11-38)-(10-52)-(9-32)-(8-55)-(7-49)-(6-51)-(5-35)-(4-50)-(3-34)-(2-48)-(1-37)-(0-33)],0.00028395652770996094,0.02500009536743164,1,True,0
{????????????????????????????????????????????????????????????????????????BG?AC?G?b@??PG@Oc?CAG?_EP???b?@?_A?G`G?O?`c??IO_?_?@???gg?EOC?_??D`??_??GOq????C?Gb????A`GC???W_@O??CR?O????S?G`????G_?_D????SAI????@C_C@????CW?AO???AA??U?????Oa_G???A?SGC????C@H?C?????_?@OK????S@??c?????CbC??????O?Aa_?????,[(29-44)-(28-56)-(27-57)-(26-31)-(25-43)-(24-30)-(23-45)-(22-47)-(21-39)-(20-53)-(19-42)-(18-58)-(17-59)-(16-46)-(15-40)-(14-36)-(13-41)-(12-54)-(11-38)-(10-52)-(9-32)-(8-55)-(7-49)-(6-51)-(5-35)-(4-50)-(3-34)-(2-48)-(1-37)-(0-33)],0.00027871131896972656,0.0716550350189209,4,True,0
{????????????????????????????????????????????????????????????????????????BG?AC?G?b@??PG@Oc?CAG?_EP???b?@?_A?G`G?O?`c??IO_?_?@???gg?EOC?_??D`??_??GOq????C?Gb????A`GC???W_@O??CR?O????S?G`????G_?_D????SAI????@C_C@????CW?AO???AA??U?????Oa_G???A?SGC????C@H?C?????_?@OK????S@??c?????CbC??????O?Aa_?????,[(29-44)-(28-56)-(27-57)-(26-31)-(25-45)-(24-30)-(23-39)-(22-47)-(21-43)-(20-53)-(19-42)-(18-58)-(17-59)-(16-46)-(15-40)-(14-36)-(13-41)-(12-54)-(11-38)-(10-52)-(9-32)-(8-55)-(7-49)-(6-51)-(5-35)-(4-50)-(3-34)-(2-48)-(1-37)-(0-33)],0.0003108978271484375,0.0390324592590332,2,True,0
{????????????????????????????????????????????????????????????????????????BG?AC?G?b@??PG@Oc?CAG?_EP???b?@?_A?G`G?O?`c??IO_?_?@???gg?EOC?_??D`??_??GOq????C?Gb????A`GC???W_@O??CR?O????S?G`????G_?_D????SAI????@C_C@????CW?AO???AA??U?????Oa_G???A?SGC????C@H?C?????_?@OK????S@??c?????CbC??????O?Aa_?????,[(29-44)-(28-56)-(27-57)-(26-31)-(25-45)-(24-30)-(23-39)-(22-47)-(21-43)-(20-53)-(19-42)-(18-58)-(17-59)-(16-46)-(15-40)-(14-36)-(13-41)-(12-54)-(11-38)-(10-52)-(9-32)-(8-55)-(7-49)-(6-51)-(5-35)-(4-50)-(3-34)-(2-48)-(1-37)-(0-33)],0.0002944469451904297,0.0251920223236084,1,True,0
{????????????????????????????????????????????????????????????????????????BG?AC?G?b@??PG@Oc?CAG?_EP???b?@?_A?G`G?O?`c??IO_?_?@???gg?EOC?_??D`??_??GOq????C?Gb????A`GC???W_@O??CR?O????S?G`????G_?_D????SAI????@C_C@????CW?AO???AA??U?????Oa_G???A?SGC????C@H?C?????_?@OK????S@??c?????CbC??????O?Aa_?????,[(29-44)-(28-53)-(27-57)-(26-43)-(25-45)-(24-30)-(23-39)-(22-47)-(21-56)-(20-31)-(19-42)-(18-58)-(17-59)-(16-46)-(15-40)-(14-36)-(13-41)-(12-54)-(11-38)-(10-52)-(9-32)-(8-55)-(7-49)-(6-51)-(5-35)-(4-50)-(3-34)-(2-48)-(1-37)-(0-33)],0.0002853870391845703,0.027141332626342773,1,True,0
{????????????????????????????????????????????????????????????????????????BG?AC?G?b@??PG@Oc?CAG?_EP???b?@?_A?G`G?O?`c??IO_?_?@???gg?EOC?_??D`??_??GOq????C?Gb????A`GC???W_@O??CR?O????S?G`????G_?_D????SAI????@C_C@????CW?AO???AA??U?????Oa_G???A?SGC????C@H?C?????_?@OK????S@??c?????CbC??????O?Aa_?????,[(29-44)-(28-53)-(27-57)-(26-43)-(25-45)-(24-30)-(23-39)-(22-47)-(21-56)-(20-31)-(19-42)-(18-58)-(17-59)-(16-46)-(15-40)-(14-36)-(13-41)-(12-54)-(11-38)-(10-52)-(9-32)-(8-55)-(7-49)-(6-51)-(5-35)-(4-50)-(3-34)-(2-48)-(1-37)-(0-33)],0.0002887248992919922,0.055855751037597656,3,True,0
{????????????????????????????????????????????????????????????????????????BG?AC?G?b@??PG@Oc?CAG?_EP???b?@?_A?G`G?O?`c??IO_?_?@???gg?EOC?_??D`??_??GOq????C?Gb????A`GC???W_@O??CR?O????S?G`????G_?_D????SAI????@C_C@????CW?AO???AA??U?????Oa_G???A?SGC????C@H?C?????_?@OK????S@??c?????CbC??????O?Aa_?????,[(29-39)-(28-56)-(27-57)-(26-31)-(25-45)-(24-30)-(23-59)-(22-44)-(21-43)-(20-53)-(19-42)-(18-58)-(17-47)-(16-46)-(15-40)-(14-36)-(13-41)-(12-54)-(11-38)-(10-52)-(9-32)-(8-55)-(7-49)-(6-51)-(5-35)-(4-50)-(3-34)-(2-48)-(1-37)-(0-33)],0.0006246566772460938,0.024550676345825195,1,True,0
{????????????????????????????????????????????????????????????????????????BG?AC?G?b@??PG@Oc?CAG?_EP???b?@?_A?G`G?O?`c??IO_?_?@???gg?EOC?_??D`??_??GOq????C?Gb????A`GC???W_@O??CR?O????S?G`????G_?_D????SAI????@C_C@????CW?AO???AA??U?????Oa_G???A?SGC????C@H?C?????_?@OK????S@??c?????CbC??????O?Aa_?????,[(29-39)-(28-56)-(27-57)-(26-31)-(25-45)-(24-30)-(23-59)-(22-44)-(21-43)-(20-53)-(19-42)-(18-58)-(17-47)-(16-46)-(15-40)-(14-36)-(13-41)-(12-54)-(11-38)-(10-52)-(9-32)-(8-55)-(7-49)-(6-51)-(5-35)-(4-50)-(3-34)-(2-48)-(1-37)-(0-33)],0.0002899169921875,0.025196552276611328,1,True,0
{????????????????????????????????????????????????????????????????????????BG?AC?G?b@??PG@Oc?CAG?_EP???b?@?_A?G`G?O?`c??IO_?_?@???gg?EOC?_??D`??_??GOq????C?Gb????A`GC???W_@O??CR?O????S?G`????G_?_D????SAI????@C_C@????CW?AO???AA??U?????Oa_G???A?SGC????C@H?C?????_?@OK????S@??c?????CbC??????O?Aa_?????,[(29-39)-(28-56)-(27-57)-(26-31)-(25-43)-(24-30)-(23-45)-(22-44)-(21-59)-(20-53)-(19-42)-(18-58)-(17-47)-(16-46)-(15-40)-(14-36)-(13-41)-(12-54)-(11-38)-(10-52)-(9-32)-(8-55)-(7-49)-(6-51)-(5-35)-(4-50)-(3-34)-(2-48)-(1-37)-(0-33)],0.00029087066650390625,0.01708245277404785,1,True,0
{????????????????????????????????????????????????????????????????????????BG?AC?G?b@??PG@Oc?CAG?_EP???b?@?_A?G`G?O?`c??IO_?_?@???gg?EOC?_??D`??_??GOq????C?Gb????A`GC???W_@O??CR?O????S?G`????G_?_D????SAI????@C_C@????CW?AO???AA??U?????Oa_G???A?SGC????C@H?C?????_?@OK????S@??c?????CbC??????O?Aa_?????,[(29-39)-(28-56)-(27-57)-(26-31)-(25-43)-(24-30)-(23-45)-(22-44)-(21-59)-(20-53)-(19-42)-(18-58)-(17-47)-(16-46)-(15-40)-(14-36)-(13-41)-(12-54)-(11-38)-(10-52)-(9-32)-(8-55)-(7-49)-(6-51)-(5-35)-(4-50)-(3-34)-(2-48)-(1-37)-(0-33)],0.00026106834411621094,0.05461001396179199,3,True,0
{????????????????????????????????????????????????????????????????????????BG?AC?G?b@??PG@Oc?CAG?_EP???b?@?_A?G`G?O?`c??IO_?_?@???gg?EOC?_??D`??_??GOq????C?Gb????A`GC???W_@O??CR?O????S?G`????G_?_D????SAI????@C_C@????CW?AO???AA??U?????Oa_G???A?SGC????C@H?C?????_?@OK????S@??c?????CbC??????O?Aa_?????,[(29-56)-(28-53)-(27-57)-(26-43)-(25-45)-(24-30)-(23-59)-(22-44)-(21-39)-(20-31)-(19-42)-(18-58)-(17-47)-(16-46)-(15-40)-(14-36)-(13-41)-(12-54)-(11-38)-(10-52)-(9-32)-(8-55)-(7-49)-(6-51)-(5-35)-(4-50)-(3-34)-(2-48)-(1-37)-(0-33)],0.0002944469451904297,0.016575336456298828,1,True,0
{????????????????????????????????????????????????????????????????????????BG?AC?G?b@??PG@Oc?CAG?_EP???b?@?_A?G`G?O?`c??IO_?_?@???gg?EOC?_??D`??_??GOq????C?Gb????A`GC???W_@O??CR?O????S?G`????G_?_D????SAI????@C_C@????CW?AO???AA??U?????Oa_G???A?SGC????C@H?C?????_?@OK????S@??c?????CbC??????O?Aa_?????,[(29-56)-(28-53)-(27-57)-(26-43)-(25-45)-(24-30)-(23-59)-(22-44)-(21-39)-(20-31)-(19-42)-(18-58)-(17-47)-(16-46)-(15-40)-(14-36)-(13-41)-(12-54)-(11-38)-(10-52)-(9-32)-(8-55)-(7-49)-(6-51)-(5-35)-(4-50)-(3-34)-(2-48)-(1-37)-(0-33)],0.0002663135528564453,0.054625749588012695,3,True,0
{????????????????????????????????????????????????????????????????????????BG?AC?G?b@??PG@Oc?CAG?_EP???b?@?_A?G`G?O?`c??IO_?_?@???gg?EOC?_??D`??_??GOq????C?Gb????A`GC???W_@O??CR?O????S?G`????G_?_D????SAI????@C_C@????CW?AO???AA??U?????Oa_G???A?SGC????C@H?C?????_?@OK????S@??c?????CbC??????O?Aa_?????,[(29-39)-(28-53)-(27-57)-(26-43)-(25-45)-(24-30)-(23-59)-(22-44)-(21-56)-(20-31)-(19-42)-(18-58)-(17-47)-(16-46)-(15-40)-(14-36)-(13-41)-(12-54)-(11-38)-(10-52)-(9-32)-(8-55)-(7-49)-(6-51)-(5-35)-(4-50)-(3-34)-(2-48)-(1-37)-(0-33)],0.00027489662170410156,0.025302648544311523,1,True,0
{????????????????????????????????????????????????????????????????????????BG?AC?G?b@??PG@Oc?CAG?_EP???b?@?_A?G`G?O?`c??IO_?_?@???gg?EOC?_??D`??_??GOq????C?Gb????A`GC???W_@O??CR?O????S?G`????G_?_D????SAI????@C_C@????CW?AO???AA??U?????Oa_G???A?SGC????C@H?C?????_?@OK????S@??c?????CbC??????O?Aa_?????,[(29-39)-(28-53)-(27-57)-(26-43)-(25-45)-(24-30)-(23-59)-(22-44)-(21-56)-(20-31)-(19-42)-(18-58)-(17-47)-(16-46)-(15-40)-(14-36)-(13-41)-(12-54)-(11-38)-(10-52)-(9-32)-(8-55)-(7-49)-(6-51)-(5-35)-(4-50)-(3-34)-(2-48)-(1-37)-(0-33)],0.0002770423889160156,0.05519819259643555,3,True,0
{????????????????????????????????????????????????????????????????????????BG?AC?G?b@??PG@Oc?CAG?_EP???b?@?_A?G`G?O?`c??IO_?_?@???gg?EOC?_??D`??_??GOq????C?Gb????A`GC???W_@O??CR?O????S?G`????G_?_D????SAI????@C_C@????CW?AO???AA??U?????Oa_G???A?SGC????C@H?C?????_?@OK????S@??c?????CbC??????O?Aa_?????,[(29-56)-(28-53)-(27-57)-(26-43)-(25-45)-(24-30)-(23-39)-(22-44)-(21-59)-(20-31)-(19-42)-(18-58)-(17-47)-(16-46)-(15-40)-(14-36)-(13-41)-(12-54)-(11-38)-(10-52)-(9-32)-(8-55)-(7-49)-(6-51)-(5-35)-(4-50)-(3-34)-(2-48)-(1-37)-(0-33)],0.0002913475036621094,0.05517721176147461,3,True,0
{????????????????????????????????????????????????????????????????????????BG?AC?G?b@??PG@Oc?CAG?_EP???b?@?_A?G`G?O?`c??IO_?_?@???gg?EOC?_??D`??_??GOq????C?Gb????A`GC???W_@O??CR?O????S?G`????G_?_D????SAI????@C_C@????CW?AO???AA??U?????Oa_G???A?SGC????C@H?C?????_?@OK????S@??c?????CbC??????O?Aa_?????,[(29-56)-(28-53)-(27-57)-(26-43)-(25-45)-(24-30)-(23-39)-(22-44)-(21-59)-(20-31)-(19-42)-(18-58)-(17-47)-(16-46)-(15-40)-(14-36)-(13-41)-(12-54)-(11-38)-(10-52)-(9-32)-(8-55)-(7-49)-(6-51)-(5-35)-(4-50)-(3-34)-(2-48)-(1-37)-(0-33)],0.0002760887145996094,0.07579159736633301,4,True,0
