G6,emparelhamento,canonical_time,solve_time,qtde_moves,resultado,max_depth
~?@E???????????????????????????????????????????????????????????????????????????????????????????????????A_AO?_?oAG?OA?C?cOOPC?_??_?F_???@CI_???SC@?OD?g?C???GA??@o?I??AAO?CO_A?A??C@COO???AAA_O????KT????I@_?C????G??Bo????_O@O_??_B@?O????c?@?O_???@?@?I_???b??W????@?A??S_????GOEG????@AOO?G?????AH?W?????OA@?OA????B???IA????U?G?_???????@C_E??????g@?OA??????@H?g?????E@CA????????OOC?B?????@C?C_?_?????O?g?G_??????,[(34-45)-(33-41)-(32-43)-(31-63)-(30-44)-(29-56)-(28-61)-(27-37)-(26-57)-(25-59)-(24-42)-(23-62)-(22-55)-(21-47)-(20-36)-(19-39)-(18-46)-(17-60)-(16-58)-(15-48)-(14-38)-(13-65)-(12-69)-(11-40)-(10-52)-(9-51)-(8-54)-(7-50)-(6-64)-(5-53)-(4-67)-(3-35)-(2-49)-(1-68)-(0-66)],0.000362396240234375,0.04286837577819824,2,True,0
~?@E???????????????????????????????????????????????????????????????????????????????????????????????????A_AO?_?oAG?OA?C?cOOPC?_??_?F_???@CI_???SC@?OD?g?C???GA??@o?I??AAO?CO_A?A??C@COO???AAA_O????KT????I@_?C????G??Bo????_O@O_??_B@?O????c?@?O_???@?@?I_???b??W????@?A??S_????GOEG????@AOO?G?????AH?W?????OA@?OA????B???IA????U?G?_???????@C_E??????g@?OA??????@H?g?????E@CA????????OOC?B?????@C?C_?_?????O?g?G_??????,[(34-45)-(33-41)-(32-43)-(31-63)-(30-44)-(29-56)-(28-61)-(27-37)-(26-57)-(25-59)-(24-42)-(23-62)-(22-55)-(21-47)-(20-36)-(19-39)-(18-46)-(17-60)-(16-58)-(15-48)-(14-38)-(13-65)-(12-69)-(11-40)-(10-52)-(9-51)-(8-54)-(7-50)-(6-64)-(5-53)-(4-67)-(3-35)-(2-49)-(1-68)-(0-66)],0.00034999847412109375,0.027812480926513672,1,True,0
~?@E???????????????????????????????????????????????????????????????????????????????????????????????????A_AO?_?oAG?OA?C?cOOPC?_??_?F_???@CI_???SC@?OD?g?C???GA??@o?I??AAO?CO_A?A??C@COO???AAA_O????KT????I@_?C????G??Bo????_O@O_??_B@?O????c?@?O_???@?@?I_???b??W????@?A??S_????GOEG????@AOO?G?????AH?W?????OA@?OA????B???IA????U?G?_???????@C_E??????g@?OA??????@H?g?????E@CA????????OOC?B?????@C?C_?_?????O?g?G_??????,[(34-45)-(33-44)-(32-43)-(31-37)-(30-47)-(29-58)-(28-61)-(27-56)-(26-57)-(25-60)-(24-42)-(23-62)-(22-55)-(21-63)-(20-36)-(19-39)-(18-46)-(17-41)-(16-59)-(15-48)-(14-38)-(13-65)-(12-69)-(11-40)-(10-52)-(9-51)-(8-54)-(7-50)-(6-64)-(5-53)-(4-67)-(3-35)-(2-49)-(1-68)-(0-66)],0.00035381317138671875,0.0445404052734375,2,True,0
~?@E???????????????????????????????????????????????????????????????????????????????????????????????????A_AO?_?oAG?OA?C?cOOPC?_??_?F_???@CI_???SC@?OD?g?C???GA??@o?I??AAO?CO_A?A??C@COO???AAA_O????KT????I@_?C????G??Bo????_O@O_??_B@?O????c?@?O_???@?@?I_???b??W????@?A??S_????GOEG????@AOO?G?????AH?W?????OA@?OA????B???IA????U?G?_???????@C_E??????g@?OA??????@H?g?????E@CA????????OOC?B?????@C?C_?_?????O?g?G_??????,[(34-45)-(33-44)-(32-43)-(31-37)-(30-47)-(29-58)-(28-61)-(27-56)-(26-57)-(25-60)-(24-42)-(23-62)-(22-55)-(21-63)-(20-36)-(19-39)-(18-46)-(17-41)-(16-59)-(15-48)-(14-38)-(13-65)-(12-69)-(11-40)-(10-52)-(9-51)-(8-54)-(7-50)-(6-64)-(5-53)-(4-67)-(3-35)-(2-49)-(1-68)-(0-66)],0.00035309791564941406,0.031194210052490234,1,True,0
~?@E???????????????????????????????????????????????????????????????????????????????????????????????????A_AO?_?oAG?OA?C?cOOPC?_??_?F_???@CI_???SC@?OD?g?C???GA??@o?I??AAO?CO_A?A??C@COO???AAA_O????KT????I@_?C????G??Bo????_O@O_??_B@?O????c?@?O_???@?@?I_???b??W????@?A??S_????GOEG????@AOO?G?????AH?W?????OA@?OA????B???IA????U?G?_???????@C_E??????g@?OA??????@H?g?????E@CA????????OOC?B?????@C?C_?_?????O?g?G_??????,[(34-45)-(33-43)-(32-56)-(31-63)-(30-44)-(29-58)-(28-61)-(27-37)-(26-57)-(25-60)-(24-42)-(23-62)-(22-55)-(21-47)-(20-36)-(19-39)-(18-46)-(17-41)-(16-59)-(15-48)-(14-38)-(13-65)-(12-69)-(11-40)-(10-52)-(9-51)-(8-54)-(7-50)-(6-64)-(5-53)-(4-67)-(3-35)-(2-49)-(1-68)-(0-66)],0.0003418922424316406,0.027434349060058594,1,True,0
~?@E???????????????????????????????????????????????????????????????????????????????????????????????????A_AO?_?oAG?OA?C?cOOPC?_??_?F_???@CI_???SC@?OD?g?C???GA??@o?I??AAO?CO_A?A??C@COO???AAA_O????KT????I@_?C????G??Bo????_O@O_??_B@?O????c?@?O_???@?@?I_???b??W????@?A??S_????GOEG????@AOO?G?????AH?W?????OA@?OA????B???IA????U?G?_???????@C_E??????g@?OA??????@H?g?????E@CA????????OOC?B?????@C?C_?_?????O?g?G_??????,[(34-45)-(33-43)-(32-56)-(31-63)-(30-44)-(29-58)-(28-61)-(27-37)-(26-57)-(25-60)-(24-42)-(23-62)-(22-55)-(21-47)-(20-36)-(19-39)-(18-46)-(17-41)-(16-59)-(15-48)-(14-38)-(13-65)-(12-69)-(11-40)-(10-52)-(9-51)-(8-54)-(7-50)-(6-64)-(5-53)-(4-67)-(3-35)-(2-49)-(1-68)-(0-66)],0.0003466606140136719,0.04377007484436035,2,True,0
~?@E???????????????????????????????????????????????????????????????????????????????????????????????????A_AO?_?oAG?OA?C?cOOPC?_??_?F_???@CI_???SC@?OD?g?C???GA??@o?I??AAO?CO_A?A??C@COO???AAA_O????KT????I@_?C????G??Bo????_O@O_??_B@?O????c?@?O_???@?@?I_???b??W????@?A??S_????GOEG????@AOO?G?????AH?W?????OA@?OA????B???IA????U?G?_???????@C_E??????g@?OA??????@H?g?????E@CA????????OOC?B?????@C?C_?_?????O?g?G_??????,[(34-45)-(33-44)-(32-43)-(31-37)-(30-63)-(29-58)-(28-61)-(27-56)-(26-57)-(25-60)-(24-42)-(23-62)-(22-55)-(21-47)-(20-36)-(19-39)-(18-46)-(17-41)-(16-59)-(15-48)-(14-38)-(13-65)-(12-69)-(11-40)-(10-52)-(9-51)-(8-54)-(7-50)-(6-64)-(5-53)-(4-67)-(3-35)-(2-49)-(1-68)-(0-66)],0.0003578662872314453,0.04492616653442383,2,True,0
~?@E???????????????????????????????????????????????????????????????????????????????????????????????????A_AO?_?oAG?OA?C?cOOPC?_??_?F_???@CI_???SC@?OD?g?C???GA??@o?I??AAO?CO_A?A??C@COO???AAA_O????KT????I@_?C????G??Bo????_O@O_??_B@?O????c?@?O_???@?@?I_???b??W????@?A??S_????GOEG????@AOO?G?????AH?W?????OA@?OA????B???IA????U?G?_???????@C_E??????g@?OA??????@H?g?????E@CA????????OOC?B?????@C?C_?_?????O?g?G_??????,[(34-45)-(33-44)-(32-43)-(31-37)-(30-63)-(29-58)-(28-61)-(27-56)-(26-57)-(25-60)-(24-42)-(23-62)-(22-55)-(21-47)-(20-36)-(19-39)-(18-46)-(17-41)-(16-59)-(15-48)-(14-38)-(13-65)-(12-69)-(11-40)-(10-52)-(9-51)-(8-54)-(7-50)-(6-64)-(5-53)-(4-67)-(3-35)-(2-49)-(1-68)-(0-66)],0.00034880638122558594,0.0438838005065918,2,True,0
~?@E???????????????????????????????????????????????????????????????????????????????????????????????????A_AO?_?oAG?OA?C?cOOPC?_??_?F_???@CI_???SC@?OD?g?C???GA??@o?I??AAO?CO_A?A??C@COO???AAA_O????KT????I@_?C????G??Bo????_O@O_??_B@?O????c?@?O_???@?@?I_???b??W????@?A??S_????GOEG????@AOO?G?????AH?W?????OA@?OA????B???IA????U?G?_???????@C_E??????g@?OA??????@H?g?????E@CA????????OOC?B?????@C?C_?_?????O?g?G_??????,[(34-45)-(33-44)-(32-43)-(31-37)-(30-47)-(29-58)-(28-46)-(27-56)-(26-61)-(25-60)-(24-42)-(23-62)-(22-55)-(21-57)-(20-36)-(19-39)-(18-63)-(17-41)-(16-59)-(15-48)-(14-38)-(13-65)-(12-69)-(11-40)-(10-52)-(9-51)-(8-54)-(7-50)-(6-64)-(5-53)-(4-67)-(3-35)-(2-49)-(1-68)-(0-66)],0.0003502368927001953,0.02723407745361328,1,True,0
~?@E???????????????????????????????????????????????????????????????????????????????????????????????????A_AO?_?oAG?OA?C?cOOPC?_??_?F_???@CI_???SC@?OD?g?C???GA??@o?I??AAO?CO_A?A??C@COO???AAA_O????KT????I@_?C????G??Bo????_O@O_??_B@?O????c?@?O_???@?@?I_???b??W????@?A??S_????GOEG????@AOO?G?????AH?W?????OA@?OA????B???IA????U?G?_???????@C_E??????g@?OA??????@H?g?????E@CA????????OOC?B?????@C?C_?_?????O?g?G_??????,[(34-45)-(33-44)-(32-43)-(31-37)-(30-47)-(29-58)-(28-46)-(27-56)-(26-61)-(25-60)-(24-42)-(23-62)-(22-55)-(21-57)-(20-36)-(19-39)-(18-63)-(17-41)-(16-59)-(15-48)-(14-38)-(13-65)-(12-69)-(11-40)-(10-52)-(9-51)-(8-54)-(7-50)-(6-64)-(5-53)-(4-67)-(3-35)-(2-49)-(1-68)-(0-66)],0.00034737586975097656,0.01786494255065918,1,True,0
~?@E???????????????????????????????????????????????????????????????????????????????????????????????????A_AO?_?oAG?OA?C?cOOPC?_??_?F_???@CI_???SC@?OD?g?C???GA??@o?I??AAO?CO_A?A??C@COO???AAA_O????KT????I@_?C????G??Bo????_O@O_??_B@?O????c?@?O_???@?@?I_???b??W????@?A??S_????GOEG????@AOO?G?????AH?W?????OA@?OA????B???IA????U?G?_???????@C_E??????g@?OA??????@H?g?????E@CA????????OOC?B?????@C?C_?_?????O?g?G_??????,[(34-45)-(33-44)-(32-43)-(31-37)-(30-47)-(29-58)-(28-61)-(27-56)-(26-57)-(25-41)-(24-42)-(23-62)-(22-55)-(21-63)-(20-36)-(19-39)-(18-46)-(17-60)-(16-59)-(15-48)-(14-38)-(13-65)-(12-69)-(11-40)-(10-52)-(9-51)-(8-54)-(7-50)-(6-64)-(5-53)-(4-67)-(3-35)-(2-49)-(1-68)-(0-66)],0.00040435791015625,0.043448448181152344,2,True,0
~?@E???????????????????????????????????????????????????????????????????????????????????????????????????A_AO?_?oAG?OA?C?cOOPC?_??_?F_???@CI_???SC@?OD?g?C???GA??@o?I??AAO?CO_A?A??C@COO???AAA_O????KT????I@_?C????G??Bo????_O@O_??_B@?O????c?@?O_???@?@?I_???b??W????@?A??S_????GOEG????@AOO?G?????AH?W?????OA@?OA????B???IA????U?G?_???????@C_E??????g@?OA??????@H?g?????E@CA????????OOC?B?????@C?C_?_?????O?g?G_??????,[(34-45)-(33-44)-(32-43)-(31-37)-(30-47)-(29-58)-(28-61)-(27-56)-(26-57)-(25-41)-(24-42)-(23-62)-(22-55)-(21-63)-(20-36)-(19-39)-(18-46)-(17-60)-(16-59)-(15-48)-(14-38)-(13-65)-(12-69)-(11-40)-(10-52)-(9-51)-(8-54)-(7-50)-(6-64)-(5-53)-(4-67)-(3-35)-(2-49)-(1-68)-(0-66)],0.0003604888916015625,0.06415700912475586,3,True,0
~?@E???????????????????????????????????????????????????????????????????????????????????????????????????A_AO?_?oAG?OA?C?cOOPC?_??_?F_???@CI_???SC@?OD?g?C???GA??@o?I??AAO?CO_A?A??C@COO???AAA_O????KT????I@_?C????G??Bo????_O@O_??_B@?O????c?@?O_???@?@?I_???b??W????@?A??S_????GOEG????@AOO?G?????AH?W?????OA@?OA????B???IA????U?G?_???????@C_E??????g@?OA??????@H?g?????E@CA????????OOC?B?????@C?C_?_?????O?g?G_??????,[(34-45)-(33-43)-(32-56)-(31-63)-(30-44)-(29-58)-(28-61)-(27-37)-(26-57)-(25-41)-(24-42)-(23-62)-(22-55)-(21-47)-(20-36)-(19-39)-(18-46)-(17-60)-(16-59)-(15-48)-(14-38)-(13-65)-(12-69)-(11-40)-(10-52)-(9-51)-(8-54)-(7-50)-(6-64)-(5-53)-(4-67)-(3-35)-(2-49)-(1-68)-(0-66)],0.0003936290740966797,0.06260156631469727,3,True,0
~?@E???????????????????????????????????????????????????????????????????????????????????????????????????A_AO?_?oAG?OA?C?cOOPC?_??_?F_???@CI_???SC@?OD?g?C???GA??@o?I??AAO?CO_A?A??C@COO???AAA_O????KT????I@_?C????G??Bo????_O@O_??_B@?O????c?@?O_???@?@?I_???b??W????@?A??S_????GOEG????@AOO?G?????AH?W?????OA@?OA????B???IA????U?G?_???????@C_E??????g@?OA??????@H?g?????E@CA????????OOC?B?????@C?C_?_?????O?g?G_??????,[(34-45)-(33-43)-(32-56)-(31-63)-(30-44)-(29-58)-(28-61)-(27-37)-(26-57)-(25-41)-(24-42)-(23-62)-(22-55)-(21-47)-(20-36)-(19-39)-(18-46)-(17-60)-(16-59)-(15-48)-(14-38)-(13-65)-(12-69)-(11-40)-(10-52)-(9-51)-(8-54)-(7-50)-(6-64)-(5-53)-(4-67)-(3-35)-(2-49)-(1-68)-(0-66)],0.0003933906555175781,0.027576446533203125,1,True,0
~?@E???????????????????????????????????????????????????????????????????????????????????????????????????A_AO?_?oAG?OA?C?cOOPC?_??_?F_???@CI_???SC@?OD?g?C???GA??@o?I??AAO?CO_A?A??C@COO???AAA_O????KT????I@_?C????G??Bo????_O@O_??_B@?O????c?@?O_???@?@?I_???b??W????@?A??S_????GOEG????@AOO?G?????AH?W?????OA@?OA????B???IA????U?G?_???????@C_E??????g@?OA??????@H?g?????E@CA????????OOC?B?????@C?C_?_?????O?g?G_??????,[(34-45)-(33-44)-(32-43)-(31-37)-(30-63)-(29-58)-(28-61)-(27-56)-(26-57)-(25-41)-(24-42)-(23-62)-(22-55)-(21-47)-(20-36)-(19-39)-(18-46)-(17-60)-(16-59)-(15-48)-(14-38)-(13-65)-(12-69)-(11-40)-(10-52)-(9-51)-(8-54)-(7-50)-(6-64)-(5-53)-(4-67)-(3-35)-(2-49)-(1-68)-(0-66)],0.0003604888916015625,0.027672529220581055,1,True,0
~?@E???????????????????????????????????????????????????????????????????????????????????????????????????A_AO?_?oAG?OA?C?cOOPC?_??_?F_???@CI_???SC@?OD?g?C???GA??@o?I??AAO?CO_A?A??C@COO???AAA_O????KT????I@_?C????G??Bo????_O@O_??_B@?O????c?@?O_???@?@?I_???b??W????@?A??S_????GOEG????@AOO?G?????AH?W?????OA@?OA????B???IA????U?G?_???????@C_E??????g@?OA??????@H?g?????E@CA????????OOC?B?????@C?C_?_?????O?g?G_??????,[(34-45)-(33-44)-(32-43)-(31-37)-(30-63)-(29-58)-(28-61)-(27-56)-(26-57)-(25-41)-(24-42)-(23-62)-(22-55)-(21-47)-(20-36)-(19-39)-(18-46)-(17-60)-(16-59)-(15-48)-(14-38)-(13-65)-(12-69)-(11-40)-(10-52)-(9-51)-(8-54)-(7-50)-(6-64)-(5-53)-(4-67)-(3-35)-(2-49)-(1-68)-(0-66)],0.0003390312194824219,0.10140442848205566,5,True,0
~?@E???????????????????????????????????????????????????????????????????????????????????????????????????A_AO?_?oAG?OA?C?cOOPC?_??_?F_???@CI_???SC@?OD?g?C???GA??@o?I??AAO?CO_A?A??C@COO???AAA_O????KT????I@_?C????G??Bo????_O@O_??_B@?O????c?@?O_???@?@?I_???b??W????@?A??S_????GOEG????@AOO?G?????AH?W?????OA@?OA????B???IA????U?G?_???????@C_E??????g@?OA??????@H?g?????E@CA????????OOC?B?????@C?C_?_?????O?g?G_??????,[(34-45)-(33-44)-(32-43)-(31-37)-(30-47)-(29-58)-(28-46)-(27-56)-(26-61)-(25-41)-(24-42)-(23-62)-(22-55)-(21-57)-(20-36)-(19-39)-(18-63)-(17-60)-(16-59)-(15-48)-(14-38)-(13-65)-(12-69)-(11-40)-(10-52)-(9-51)-(8-54)-(7-50)-(6-64)-(5-53)-(4-67)-(3-35)-(2-49)-(1-68)-(0-66)],0.00039005279541015625,0.04292750358581543,2,True,0
~?@E???????????????????????????????????????????????????????????????????????????????????????????????????A_AO?_?oAG?OA?C?cOOPC?_??_?F_???@CI_???SC@?OD?g?C???GA??@o?I??AAO?CO_A?A??C@COO???AAA_O????KT????I@_?C????G??Bo????_O@O_??_B@?O????c?@?O_???@?@?I_???b??W????@?A??S_????GOEG????@AOO?G?????AH?W?????OA@?OA????B???IA????U?G?_???????@C_E??????g@?OA??????@H?g?????E@CA????????OOC?B?????@C?C_?_?????O?g?G_??????,[(34-45)-(33-44)-(32-43)-(31-37)-(30-47)-(29-58)-(28-46)-(27-56)-(26-61)-(25-41)-(24-42)-(23-62)-(22-55)-(21-57)-(20-36)-(19-39)-(18-63)-(17-60)-(16-59)-(15-48)-(14-38)-(13-65)-(12-69)-(11-40)-(10-52)-(9-51)-(8-54)-(7-50)-(6-64)-(5-53)-(4-67)-(3-35)-(2-49)-(1-68)-(0-66)],0.0003666877746582031,0.06578326225280762,3,True,0
~?@E???????????????????????????????????????????????????????????????????????????????????????????????????A_AO?_?oAG?OA?C?cOOPC?_??_?F_???@CI_???SC@?OD?g?C???GA??@o?I??AAO?CO_A?A??C@COO???AAA_O????KT????I@_?C????G??Bo????_O@O_??_B@?O????c?@?O_???@?@?I_???b??W????@?A??S_????GOEG????@AOO?G?????AH?W?????OA@?OA????B???IA????U?G?_???????@C_E??????g@?OA??????@H?g?????E@CA????????OOC?B?????@C?C_?_?????O?g?G_??????,[(34-45)-(33-41)-(32-43)-(31-63)-(30-44)-(29-58)-(28-61)-(27-56)-(26-57)-(25-59)-(24-42)-(23-62)-(22-55)-(21-47)-(20-39)-(19-48)-(18-46)-(17-60)-(16-36)-(15-37)-(14-38)-(13-65)-(12-69)-(11-40)-(10-52)-(9-51)-(8-54)-(7-50)-(6-64)-(5-53)-(4-67)-(3-35)-(2-49)-(1-68)-(0-66)],0.00035762786865234375,0.0628807544708252,3,True,0
~?@E???????????????????????????????????????????????????????????????????????????????????????????????????A_AO?_?oAG?OA?C?cOOPC?_??_?F_???@CI_???SC@?OD?g?C???GA??@o?I??AAO?CO_A?A??C@COO???AAA_O????KT????I@_?C????G??Bo????_O@O_??_B@?O????c?@?O_???@?@?I_???b??W????@?A??S_????GOEG????@AOO?G?????AH?W?????OA@?OA????B???IA????U?G?_???????@C_E??????g@?OA??????@H?g?????E@CA????????OOC?B?????@C?C_?_?????O?g?G_??????,[(34-45)-(33-41)-(32-43)-(31-63)-(30-44)-(29-58)-(28-61)-(27-56)-(26-57)-(25-59)-(24-42)-(23-62)-(22-55)-(21-47)-(20-39)-(19-48)-(18-46)-(17-60)-(16-36)-(15-37)-(14-38)-(13-65)-(12-69)-(11-40)-(10-52)-(9-51)-(8-54)-(7-50)-(6-64)-(5-53)-(4-67)-(3-35)-(2-49)-(1-68)-(0-66)],0.00036978721618652344,0.0281527042388916,1,True,0
~?@E?????????????????????????????????????????????????????????????????????????????????????????????????????AX@?SO_?O?A??CAE@@??@D?I_?A?O?__?DG?_?C@Q??O__OG??gQ@????O__a???@?B??c?@ED?????O?@A?P??C?_Oa???g@GO??????`Og????HGo?????A?@GGO???Ad???_???cC?G?_???Z_????????@G?d?????A@A?K???C?A?@P??????I@S??????IG?c?????O??@@S????GA?P_?????C?@@_C?????W??gC?????@_O?P???????COC?I????????_hC???????CD?@G?????_O?Oc???????,[(34-47)-(33-37)-(32-40)-(31-61)-(30-41)-(29-42)-(28-58)-(27-60)-(26-59)-(25-39)-(24-44)-(23-67)-(22-57)-(21-63)-(20-43)-(19-69)-(18-62)-(17-68)-(16-45)-(15-35)-(14-46)-(13-56)-(12-54)-(11-50)-(10-38)-(9-55)-(8-53)-(7-36)-(6-66)-(5-51)-(4-52)-(3-48)-(2-65)-(1-64)-(0-49)],0.00041604042053222656,0.0650792121887207,3,True,0
~?@E?????????????????????????????????????????????????????????????????????????????????????????????????????AX@?SO_?O?A??CAE@@??@D?I_?A?O?__?DG?_?C@Q??O__OG??gQ@????O__a???@?B??c?@ED?????O?@A?P??C?_Oa???g@GO??????`Og????HGo?????A?@GGO???Ad???_???cC?G?_???Z_????????@G?d?????A@A?K???C?A?@P??????I@S??????IG?c?????O??@@S????GA?P_?????C?@@_C?????W??gC?????@_O?P???????COC?I????????_hC???????CD?@G?????_O?Oc???????,[(34-47)-(33-37)-(32-40)-(31-61)-(30-41)-(29-42)-(28-58)-(27-60)-(26-59)-(25-39)-(24-44)-(23-67)-(22-57)-(21-63)-(20-43)-(19-69)-(18-62)-(17-68)-(16-45)-(15-35)-(14-46)-(13-56)-(12-54)-(11-50)-(10-38)-(9-55)-(8-53)-(7-36)-(6-66)-(5-51)-(4-52)-(3-48)-(2-65)-(1-64)-(0-49)],0.0003936290740966797,0.03165435791015625,1,True,0
~?@E?????????????????????????????????????????????????????????????????????????????????????????????????????AX@?SO_?O?A??CAE@@??@D?I_?A?O?__?DG?_?C@Q??O__OG??gQ@????O__a???@?B??c?@ED?????O?@A?P??C?_Oa???g@GO??????`Og????HGo?????A?@GGO???Ad???_???cC?G?_???Z_????????@G?d?????A@A?K???C?A?@P??????I@S??????IG?c?????O??@@S????GA?P_?????C?@@_C?????W??gC?????@_O?P???????COC?I????????_hC???????CD?@G?????_O?Oc???????,[(34-39)-(33-37)-(32-40)-(31-61)-(30-47)-(29-42)-(28-58)-(27-60)-(26-59)-(25-41)-(24-44)-(23-67)-(22-57)-(21-63)-(20-43)-(19-69)-(18-62)-(17-68)-(16-45)-(15-35)-(14-46)-(13-56)-(12-54)-(11-50)-(10-38)-(9-55)-(8-53)-(7-36)-(6-66)-(5-51)-(4-52)-(3-48)-(2-65)-(1-64)-(0-49)],0.0003571510314941406,0.04614758491516113,2,True,0
~?@E?????????????????????????????????????????????????????????????????????????????????????????????????????AX@?SO_?O?A??CAE@@??@D?I_?A?O?__?DG?_?C@Q??O__OG??gQ@????O__a???@?B??c?@ED?????O?@A?P??C?_Oa???g@GO??????`Og????HGo?????A?@GGO???Ad???_???cC?G?_???Z_????????@G?d?????A@A?K???C?A?@P??????I@S??????IG?c?????O??@@S????GA?P_?????C?@@_C?????W??gC?????@_O?P???????COC?I????????_hC???????CD?@G?????_O?Oc???????,[(34-39)-(33-37)-(32-40)-(31-61)-(30-47)-(29-42)-(28-58)-(27-60)-(26-59)-(25-41)-(24-44)-(23-67)-(22-57)-(21-63)-(20-43)-(19-69)-(18-62)-(17-68)-(16-45)-(15-35)-(14-46)-(13-56)-(12-54)-(11-50)-(10-38)-(9-55)-(8-53)-(7-36)-(6-66)-(5-51)-(4-52)-(3-48)-(2-65)-(1-64)-(0-49)],0.0003757476806640625,0.029850482940673828,1,True,0
~?@E?????????????????????????????????????????????????????????????????????????????????????????????????????AX@?SO_?O?A??CAE@@??@D?I_?A?O?__?DG?_?C@Q??O__OG??gQ@????O__a???@?B??c?@ED?????O?@A?P??C?_Oa???g@GO??????`Og????HGo?????A?@GGO???Ad???_???cC?G?_???Z_????????@G?d?????A@A?K???C?A?@P??????I@S??????IG?c?????O??@@S????GA?P_?????C?@@_C?????W??gC?????@_O?P???????COC?I????????_hC???????CD?@G?????_O?Oc???????,[(34-47)-(33-57)-(32-58)-(31-61)-(30-41)-(29-40)-(28-37)-(27-60)-(26-59)-(25-39)-(24-44)-(23-67)-(22-42)-(21-63)-(20-43)-(19-69)-(18-62)-(17-68)-(16-45)-(15-35)-(14-46)-(13-56)-(12-54)-(11-50)-(10-38)-(9-55)-(8-53)-(7-36)-(6-66)-(5-51)-(4-52)-(3-48)-(2-65)-(1-64)-(0-49)],0.00035309791564941406,0.04609966278076172,2,True,0
~?@E?????????????????????????????????????????????????????????????????????????????????????????????????????AX@?SO_?O?A??CAE@@??@D?I_?A?O?__?DG?_?C@Q??O__OG??gQ@????O__a???@?B??c?@ED?????O?@A?P??C?_Oa???g@GO??????`Og????HGo?????A?@GGO???Ad???_???cC?G?_???Z_????????@G?d?????A@A?K???C?A?@P??????I@S??????IG?c?????O??@@S????GA?P_?????C?@@_C?????W??gC?????@_O?P???????COC?I????????_hC???????CD?@G?????_O?Oc???????,[(34-47)-(33-57)-(32-58)-(31-61)-(30-41)-(29-40)-(28-37)-(27-60)-(26-59)-(25-39)-(24-44)-(23-67)-(22-42)-(21-63)-(20-43)-(19-69)-(18-62)-(17-68)-(16-45)-(15-35)-(14-46)-(13-56)-(12-54)-(11-50)-(10-38)-(9-55)-(8-53)-(7-36)-(6-66)-(5-51)-(4-52)-(3-48)-(2-65)-(1-64)-(0-49)],0.00037789344787597656,0.06430387496948242,3,True,0
~?@E?????????????????????????????????????????????????????????????????????????????????????????????????????AX@?SO_?O?A??CAE@@??@D?I_?A?O?__?DG?_?C@Q??O__OG??gQ@????O__a???@?B??c?@ED?????O?@A?P??C?_Oa???g@GO??????`Og????HGo?????A?@GGO???Ad???_???cC?G?_???Z_????????@G?d?????A@A?K???C?A?@P??????I@S??????IG?c?????O??@@S????GA?P_?????C?@@_C?????W??gC?????@_O?P???????COC?I????????_hC???????CD?@G?????_O?Oc???????,[(34-47)-(33-37)-(32-57)-(31-61)-(30-41)-(29-40)-(28-58)-(27-60)-(26-59)-(25-39)-(24-44)-(23-67)-(22-42)-(21-63)-(20-43)-(19-69)-(18-62)-(17-68)-(16-45)-(15-35)-(14-46)-(13-56)-(12-54)-(11-50)-(10-38)-(9-55)-(8-53)-(7-36)-(6-66)-(5-51)-(4-52)-(3-48)-(2-65)-(1-64)-(0-49)],0.0005571842193603516,0.08732438087463379,4,True,0
~?@E?????????????????????????????????????????????????????????????????????????????????????????????????????AX@?SO_?O?A??CAE@@??@D?I_?A?O?__?DG?_?C@Q??O__OG??gQ@????O__a???@?B??c?@ED?????O?@A?P??C?_Oa???g@GO??????`Og????HGo?????A?@GGO???Ad???_???cC?G?_???Z_????????@G?d?????A@A?K???C?A?@P??????I@S??????IG?c?????O??@@S????GA?P_?????C?@@_C?????W??gC?????@_O?P???????COC?I????????_hC???????CD?@G?????_O?Oc???????,[(34-47)-(33-37)-(32-57)-(31-61)-(30-41)-(29-40)-(28-58)-(27-60)-(26-59)-(25-39)-(24-44)-(23-67)-(22-42)-(21-63)-(20-43)-(19-69)-(18-62)-(17-68)-(16-45)-(15-35)-(14-46)-(13-56)-(12-54)-(11-50)-(10-38)-(9-55)-(8-53)-(7-36)-(6-66)-(5-51)-(4-52)-(3-48)-(2-65)-(1-64)-(0-49)],0.0003647804260253906,0.0654296875,3,True,0
~?@E?????????????????????????????????????????????????????????????????????????????????????????????????????AX@?SO_?O?A??CAE@@??@D?I_?A?O?__?DG?_?C@Q??O__OG??gQ@????O__a???@?B??c?@ED?????O?@A?P??C?_Oa???g@GO??????`Og????HGo?????A?@GGO???Ad???_???cC?G?_???Z_????????@G?d?????A@A?K???C?A?@P??????I@S??????IG?c?????O??@@S????GA?P_?????C?@@_C?????W??gC?????@_O?P???????COC?I????????_hC???????CD?@G?????_O?Oc???????,[(34-39)-(33-57)-(32-58)-(31-61)-(30-47)-(29-40)-(28-37)-(27-60)-(26-59)-(25-41)-(24-44)-(23-67)-(22-42)-(21-63)-(20-43)-(19-69)-(18-62)-(17-68)-(16-45)-(15-35)-(14-46)-(13-56)-(12-54)-(11-50)-(10-38)-(9-55)-(8-53)-(7-36)-(6-66)-(5-51)-(4-52)-(3-48)-(2-65)-(1-64)-(0-49)],0.0003590583801269531,0.06381583213806152,3,True,0
~?@E?????????????????????????????????????????????????????????????????????????????????????????????????????AX@?SO_?O?A??CAE@@??@D?I_?A?O?__?DG?_?C@Q??O__OG??gQ@????O__a???@?B??c?@ED?????O?@A?P??C?_Oa???g@GO??????`Og????HGo?????A?@GGO???Ad???_???cC?G?_???Z_????????@G?d?????A@A?K???C?A?@P??????I@S??????IG?c?????O??@@S????GA?P_?????C?@@_C?????W??gC?????@_O?P???????COC?I????????_hC???????CD?@G?????_O?Oc???????,[(34-39)-(33-57)-(32-58)-(31-61)-(30-47)-(29-40)-(28-37)-(27-60)-(26-59)-(25-41)-(24-44)-(23-67)-(22-42)-(21-63)-(20-43)-(19-69)-(18-62)-(17-68)-(16-45)-(15-35)-(14-46)-(13-56)-(12-54)-(11-50)-(10-38)-(9-55)-(8-53)-(7-36)-(6-66)-(5-51)-(4-52)-(3-48)-(2-65)-(1-64)-(0-49)],0.000377655029296875,0.04562258720397949,2,True,0
~?@E?????????????????????????????????????????????????????????????????????????????????????????????????????AX@?SO_?O?A??CAE@@??@D?I_?A?O?__?DG?_?C@Q??O__OG??gQ@????O__a???@?B??c?@ED?????O?@A?P??C?_Oa???g@GO??????`Og????HGo?????A?@GGO???Ad???_???cC?G?_???Z_????????@G?d?????A@A?K???C?A?@P??????I@S??????IG?c?????O??@@S????GA?P_?????C?@@_C?????W??gC?????@_O?P???????COC?I????????_hC???????CD?@G?????_O?Oc???????,[(34-39)-(33-37)-(32-57)-(31-61)-(30-47)-(29-40)-(28-58)-(27-60)-(26-59)-(25-41)-(24-44)-(23-67)-(22-42)-(21-63)-(20-43)-(19-69)-(18-62)-(17-68)-(16-45)-(15-35)-(14-46)-(13-56)-(12-54)-(11-50)-(10-38)-(9-55)-(8-53)-(7-36)-(6-66)-(5-51)-(4-52)-(3-48)-(2-65)-(1-64)-(0-49)],0.00035881996154785156,0.020885705947875977,1,True,0
~?@E?????????????????????????????????????????????????????????????????????????????????????????????????????AX@?SO_?O?A??CAE@@??@D?I_?A?O?__?DG?_?C@Q??O__OG??gQ@????O__a???@?B??c?@ED?????O?@A?P??C?_Oa???g@GO??????`Og????HGo?????A?@GGO???Ad???_???cC?G?_???Z_????????@G?d?????A@A?K???C?A?@P??????I@S??????IG?c?????O??@@S????GA?P_?????C?@@_C?????W??gC?????@_O?P???????COC?I????????_hC???????CD?@G?????_O?Oc???????,[(34-39)-(33-37)-(32-57)-(31-61)-(30-47)-(29-40)-(28-58)-(27-60)-(26-59)-(25-41)-(24-44)-(23-67)-(22-42)-(21-63)-(20-43)-(19-69)-(18-62)-(17-68)-(16-45)-(15-35)-(14-46)-(13-56)-(12-54)-(11-50)-(10-38)-(9-55)-(8-53)-(7-36)-(6-66)-(5-51)-(4-52)-(3-48)-(2-65)-(1-64)-(0-49)],0.0004012584686279297,0.029305696487426758,1,True,0
~?@E?????????????????????????????????????????????????????????????????????????????????????????????????????AX@?SO_?O?A??CAE@@??@D?I_?A?O?__?DG?_?C@Q??O__OG??gQ@????O__a???@?B??c?@ED?????O?@A?P??C?_Oa???g@GO??????`Og????HGo?????A?@GGO???Ad???_???cC?G?_???Z_????????@G?d?????A@A?K???C?A?@P??????I@S??????IG?c?????O??@@S????GA?P_?????C?@@_C?????W??gC?????@_O?P???????COC?I????????_hC???????CD?@G?????_O?Oc???????,[(34-47)-(33-57)-(32-40)-(31-61)-(30-41)-(29-42)-(28-37)-(27-60)-(26-58)-(25-39)-(24-44)-(23-67)-(22-59)-(21-63)-(20-43)-(19-69)-(18-62)-(17-68)-(16-45)-(15-35)-(14-46)-(13-56)-(12-54)-(11-50)-(10-38)-(9-55)-(8-53)-(7-36)-(6-66)-(5-51)-(4-52)-(3-48)-(2-65)-(1-64)-(0-49)],0.00043320655822753906,0.06474924087524414,3,True,0
~?@E?????????????????????????????????????????????????????????????????????????????????????????????????????AX@?SO_?O?A??CAE@@??@D?I_?A?O?__?DG?_?C@Q??O__OG??gQ@????O__a???@?B??c?@ED?????O?@A?P??C?_Oa???g@GO??????`Og????HGo?????A?@GGO???Ad???_???cC?G?_???Z_????????@G?d?????A@A?K???C?A?@P??????I@S??????IG?c?????O??@@S????GA?P_?????C?@@_C?????W??gC?????@_O?P???????COC?I????????_hC???????CD?@G?????_O?Oc???????,[(34-47)-(33-57)-(32-40)-(31-61)-(30-41)-(29-42)-(28-37)-(27-60)-(26-58)-(25-39)-(24-44)-(23-67)-(22-59)-(21-63)-(20-43)-(19-69)-(18-62)-(17-68)-(16-45)-(15-35)-(14-46)-(13-56)-(12-54)-(11-50)-(10-38)-(9-55)-(8-53)-(7-36)-(6-66)-(5-51)-(4-52)-(3-48)-(2-65)-(1-64)-(0-49)],0.0005993843078613281,0.06727862358093262,3,True,0
~?@E?????????????????????????????????????????????????????????????????????????????????????????????????????AX@?SO_?O?A??CAE@@??@D?I_?A?O?__?DG?_?C@Q??O__OG??gQ@????O__a???@?B??c?@ED?????O?@A?P??C?_Oa???g@GO??????`Og????HGo?????A?@GGO???Ad???_???cC?G?_???Z_????????@G?d?????A@A?K???C?A?@P??????I@S??????IG?c?????O??@@S????GA?P_?????C?@@_C?????W??gC?????@_O?P???????COC?I????????_hC???????CD?@G?????_O?Oc???????,[(34-39)-(33-57)-(32-40)-(31-61)-(30-47)-(29-42)-(28-37)-(27-60)-(26-58)-(25-41)-(24-44)-(23-67)-(22-59)-(21-63)-(20-43)-(19-69)-(18-62)-(17-68)-(16-45)-(15-35)-(14-46)-(13-56)-(12-54)-(11-50)-(10-38)-(9-55)-(8-53)-(7-36)-(6-66)-(5-51)-(4-52)-(3-48)-(2-65)-(1-64)-(0-49)],0.0003802776336669922,0.029961824417114258,1,True,0
~?@E?????????????????????????????????????????????????????????????????????????????????????????????????????AX@?SO_?O?A??CAE@@??@D?I_?A?O?__?DG?_?C@Q??O__OG??gQ@????O__a???@?B??c?@ED?????O?@A?P??C?_Oa???g@GO??????`Og????HGo?????A?@GGO???Ad???_???cC?G?_???Z_????????@G?d?????A@A?K???C?A?@P??????I@S??????IG?c?????O??@@S????GA?P_?????C?@@_C?????W??gC?????@_O?P???????COC?I????????_hC???????CD?@G?????_O?Oc???????,[(34-39)-(33-57)-(32-40)-(31-61)-(30-47)-(29-42)-(28-37)-(27-60)-(26-58)-(25-41)-(24-44)-(23-67)-(22-59)-(21-63)-(20-43)-(19-69)-(18-62)-(17-68)-(16-45)-(15-35)-(14-46)-(13-56)-(12-54)-(11-50)-(10-38)-(9-55)-(8-53)-(7-36)-(6-66)-(5-51)-(4-52)-(3-48)-(2-65)-(1-64)-(0-49)],0.0003638267517089844,0.04639458656311035,2,True,0
~?@E?????????????????????????????????????????????????????????????????????????????????????????????????????AX@?SO_?O?A??CAE@@??@D?I_?A?O?__?DG?_?C@Q??O__OG??gQ@????O__a???@?B??c?@ED?????O?@A?P??C?_Oa???g@GO??????`Og????HGo?????A?@GGO???Ad???_???cC?G?_???Z_????????@G?d?????A@A?K???C?A?@P??????I@S??????IG?c?????O??@@S????GA?P_?????C?@@_C?????W??gC?????@_O?P???????COC?I????????_hC???????CD?@G?????_O?Oc???????,[(34-39)-(33-37)-(32-40)-(31-61)-(30-63)-(29-42)-(28-58)-(27-60)-(26-59)-(25-41)-(24-44)-(23-67)-(22-57)-(21-47)-(20-43)-(19-69)-(18-62)-(17-68)-(16-45)-(15-35)-(14-46)-(13-56)-(12-54)-(11-50)-(10-38)-(9-55)-(8-53)-(7-36)-(6-66)-(5-51)-(4-52)-(3-48)-(2-65)-(1-64)-(0-49)],0.0003902912139892578,0.04698348045349121,2,True,0
~?@E?????????????????????????????????????????????????????????????????????????????????????????????????????AX@?SO_?O?A??CAE@@??@D?I_?A?O?__?DG?_?C@Q??O__OG??gQ@????O__a???@?B??c?@ED?????O?@A?P??C?_Oa???g@GO??????`Og????HGo?????A?@GGO???Ad???_???cC?G?_???Z_????????@G?d?????A@A?K???C?A?@P??????I@S??????IG?c?????O??@@S????GA?P_?????C?@@_C?????W??gC?????@_O?P???????COC?I????????_hC???????CD?@G?????_O?Oc???????,[(34-39)-(33-37)-(32-40)-(31-61)-(30-63)-(29-42)-(28-58)-(27-60)-(26-59)-(25-41)-(24-44)-(23-67)-(22-57)-(21-47)-(20-43)-(19-69)-(18-62)-(17-68)-(16-45)-(15-35)-(14-46)-(13-56)-(12-54)-(11-50)-(10-38)-(9-55)-(8-53)-(7-36)-(6-66)-(5-51)-(4-52)-(3-48)-(2-65)-(1-64)-(0-49)],0.0003674030303955078,0.030294179916381836,1,True,0
~?@E?????????????????????????????????????????????????????????????????????????????????????????????????????AX@?SO_?O?A??CAE@@??@D?I_?A?O?__?DG?_?C@Q??O__OG??gQ@????O__a???@?B??c?@ED?????O?@A?P??C?_Oa???g@GO??????`Og????HGo?????A?@GGO???Ad???_???cC?G?_???Z_????????@G?d?????A@A?K???C?A?@P??????I@S??????IG?c?????O??@@S????GA?P_?????C?@@_C?????W??gC?????@_O?P???????COC?I????????_hC???????CD?@G?????_O?Oc???????,[(34-39)-(33-57)-(32-58)-(31-61)-(30-63)-(29-40)-(28-37)-(27-60)-(26-59)-(25-41)-(24-44)-(23-67)-(22-42)-(21-47)-(20-43)-(19-69)-(18-62)-(17-68)-(16-45)-(15-35)-(14-46)-(13-56)-(12-54)-(11-50)-(10-38)-(9-55)-(8-53)-(7-36)-(6-66)-(5-51)-(4-52)-(3-48)-(2-65)-(1-64)-(0-49)],0.00035881996154785156,0.06517410278320312,3,True,0
~?@E?????????????????????????????????????????????????????????????????????????????????????????????????????AX@?SO_?O?A??CAE@@??@D?I_?A?O?__?DG?_?C@Q??O__OG??gQ@????O__a???@?B??c?@ED?????O?@A?P??C?_Oa???g@GO??????`Og????HGo?????A?@GGO???Ad???_???cC?G?_???Z_????????@G?d?????A@A?K???C?A?@P??????I@S??????IG?c?????O??@@S????GA?P_?????C?@@_C?????W??gC?????@_O?P???????COC?I????????_hC???????CD?@G?????_O?Oc???????,[(34-39)-(33-57)-(32-58)-(31-61)-(30-63)-(29-40)-(28-37)-(27-60)-(26-59)-(25-41)-(24-44)-(23-67)-(22-42)-(21-47)-(20-43)-(19-69)-(18-62)-(17-68)-(16-45)-(15-35)-(14-46)-(13-56)-(12-54)-(11-50)-(10-38)-(9-55)-(8-53)-(7-36)-(6-66)-(5-51)-(4-52)-(3-48)-(2-65)-(1-64)-(0-49)],0.00036597251892089844,0.04636192321777344,2,True,0
~?@E???????????????????????????????????????????????????????????????????????????????????????????????????@O?C?S_A@@@?HAB???O??GT?EI???A???WB?A?QGQ?????G?Ga_??@c_?O??cO_?_?@?W?G_??`?C@@??G?@GK?????`p????CC?E?C??A?CO?I???C@?E_??????OqG???@?GG@G???E?@_G?????OoOA???AC???EG???G?O?SC????QC?GO?????CgC@?????G?OSA???????CEOG????L?_??_?????_c@??O????A?A?c_????@?UC???????BE_????????COOGC???????C_??e???????K_?CC??????,[(34-56)-(33-57)-(32-44)-(31-39)-(30-45)-(29-62)-(28-59)-(27-51)-(26-46)-(25-52)-(24-38)-(23-58)-(22-61)-(21-43)-(20-54)-(19-60)-(18-41)-(17-37)-(16-47)-(15-55)-(14-50)-(13-40)-(12-48)-(11-42)-(10-36)-(9-63)-(8-69)-(7-53)-(6-35)-(5-68)-(4-64)-(3-49)-(2-66)-(1-65)-(0-67)],0.00038552284240722656,0.030290603637695312,1,True,0
~?@E???????????????????????????????????????????????????????????????????????????????????????????????????@O?C?S_A@@@?HAB???O??GT?EI???A???WB?A?QGQ?????G?Ga_??@c_?O??cO_?_?@?W?G_??`?C@@??G?@GK?????`p????CC?E?C??A?CO?I???C@?E_??????OqG???@?GG@G???E?@_G?????OoOA???AC???EG???G?O?SC????QC?GO?????CgC@?????G?OSA???????CEOG????L?_??_?????_c@??O????A?A?c_????@?UC???????BE_????????COOGC???????C_??e???????K_?CC??????,[(34-56)-(33-57)-(32-44)-(31-39)-(30-45)-(29-62)-(28-59)-(27-51)-(26-46)-(25-52)-(24-38)-(23-58)-(22-61)-(21-43)-(20-54)-(19-60)-(18-41)-(17-37)-(16-47)-(15-55)-(14-50)-(13-40)-(12-48)-(11-42)-(10-36)-(9-63)-(8-69)-(7-53)-(6-35)-(5-68)-(4-64)-(3-49)-(2-66)-(1-65)-(0-67)],0.00033402442932128906,0.08323383331298828,4,True,0
~?@E???????????????????????????????????????????????????????????????????????????????????????????????????@O?C?S_A@@@?HAB???O??GT?EI???A???WB?A?QGQ?????G?Ga_??@c_?O??cO_?_?@?W?G_??`?C@@??G?@GK?????`p????CC?E?C??A?CO?I???C@?E_??????OqG???@?GG@G???E?@_G?????OoOA???AC???EG???G?O?SC????QC?GO?????CgC@?????G?OSA???????CEOG????L?_??_?????_c@??O????A?A?c_????@?UC???????BE_????????COOGC???????C_??e???????K_?CC??????,[(34-43)-(33-57)-(32-46)-(31-39)-(30-56)-(29-62)-(28-59)-(27-51)-(26-45)-(25-52)-(24-38)-(23-58)-(22-61)-(21-54)-(20-44)-(19-60)-(18-41)-(17-37)-(16-47)-(15-55)-(14-50)-(13-40)-(12-48)-(11-42)-(10-36)-(9-63)-(8-69)-(7-53)-(6-35)-(5-68)-(4-64)-(3-49)-(2-66)-(1-65)-(0-67)],0.0005676746368408203,0.04517531394958496,2,True,0
~?@E???????????????????????????????????????????????????????????????????????????????????????????????????@O?C?S_A@@@?HAB???O??GT?EI???A???WB?A?QGQ?????G?Ga_??@c_?O??cO_?_?@?W?G_??`?C@@??G?@GK?????`p????CC?E?C??A?CO?I???C@?E_??????OqG???@?GG@G???E?@_G?????OoOA???AC???EG???G?O?SC????QC?GO?????CgC@?????G?OSA???????CEOG????L?_??_?????_c@??O????A?A?c_????@?UC???????BE_????????COOGC???????C_??e???????K_?CC??????,[(34-43)-(33-57)-(32-46)-(31-39)-(30-56)-(29-62)-(28-59)-(27-51)-(26-45)-(25-52)-(24-38)-(23-58)-(22-61)-(21-54)-(20-44)-(19-60)-(18-41)-(17-37)-(16-47)-(15-55)-(14-50)-(13-40)-(12-48)-(11-42)-(10-36)-(9-63)-(8-69)-(7-53)-(6-35)-(5-68)-(4-64)-(3-49)-(2-66)-(1-65)-(0-67)],0.0003979206085205078,0.04444241523742676,2,True,0
~?@E???????????????????????????????????????????????????????????????????????????????????????????????????@O?C?S_A@@@?HAB???O??GT?EI???A???WB?A?QGQ?????G?Ga_??@c_?O??cO_?_?@?W?G_??`?C@@??G?@GK?????`p????CC?E?C??A?CO?I???C@?E_??????OqG???@?GG@G???E?@_G?????OoOA???AC???EG???G?O?SC????QC?GO?????CgC@?????G?OSA???????CEOG????L?_??_?????_c@??O????A?A?c_????@?UC???????BE_????????COOGC???????C_??e???????K_?CC??????,[(34-56)-(33-57)-(32-44)-(31-39)-(30-45)-(29-62)-(28-59)-(27-51)-(26-46)-(25-47)-(24-38)-(23-58)-(22-61)-(21-60)-(20-54)-(19-52)-(18-43)-(17-37)-(16-55)-(15-41)-(14-50)-(13-40)-(12-48)-(11-42)-(10-36)-(9-63)-(8-69)-(7-53)-(6-35)-(5-68)-(4-64)-(3-49)-(2-66)-(1-65)-(0-67)],0.00038242340087890625,0.028090715408325195,1,True,0
~?@E???????????????????????????????????????????????????????????????????????????????????????????????????@O?C?S_A@@@?HAB???O??GT?EI???A???WB?A?QGQ?????G?Ga_??@c_?O??cO_?_?@?W?G_??`?C@@??G?@GK?????`p????CC?E?C??A?CO?I???C@?E_??????OqG???@?GG@G???E?@_G?????OoOA???AC???EG???G?O?SC????QC?GO?????CgC@?????G?OSA???????CEOG????L?_??_?????_c@??O????A?A?c_????@?UC???????BE_????????COOGC???????C_??e???????K_?CC??????,[(34-56)-(33-57)-(32-44)-(31-39)-(30-45)-(29-62)-(28-59)-(27-51)-(26-46)-(25-47)-(24-38)-(23-58)-(22-61)-(21-60)-(20-54)-(19-52)-(18-43)-(17-37)-(16-55)-(15-41)-(14-50)-(13-40)-(12-48)-(11-42)-(10-36)-(9-63)-(8-69)-(7-53)-(6-35)-(5-68)-(4-64)-(3-49)-(2-66)-(1-65)-(0-67)],0.000385284423828125,0.06286787986755371,3,True,0
~?@E???????????????????????????????????????????????????????????????????????????????????????????????????@O?C?S_A@@@?HAB???O??GT?EI???A???WB?A?QGQ?????G?Ga_??@c_?O??cO_?_?@?W?G_??`?C@@??G?@GK?????`p????CC?E?C??A?CO?I???C@?E_??????OqG???@?GG@G???E?@_G?????OoOA???AC???EG???G?O?SC????QC?GO?????CgC@?????G?OSA???????CEOG????L?_??_?????_c@??O????A?A?c_????@?UC???????BE_????????COOGC???????C_??e???????K_?CC??????,[(34-56)-(33-57)-(32-44)-(31-39)-(30-45)-(29-62)-(28-60)-(27-51)-(26-46)-(25-47)-(24-38)-(23-58)-(22-61)-(21-54)-(20-59)-(19-52)-(18-43)-(17-37)-(16-55)-(15-41)-(14-50)-(13-40)-(12-48)-(11-42)-(10-36)-(9-63)-(8-69)-(7-53)-(6-35)-(5-68)-(4-64)-(3-49)-(2-66)-(1-65)-(0-67)],0.00039505958557128906,0.019200801849365234,1,True,0
~?@E???????????????????????????????????????????????????????????????????????????????????????????????????@O?C?S_A@@@?HAB???O??GT?EI???A???WB?A?QGQ?????G?Ga_??@c_?O??cO_?_?@?W?G_??`?C@@??G?@GK?????`p????CC?E?C??A?CO?I???C@?E_??????OqG???@?GG@G???E?@_G?????OoOA???AC???EG???G?O?SC????QC?GO?????CgC@?????G?OSA???????CEOG????L?_??_?????_c@??O????A?A?c_????@?UC???????BE_????????COOGC???????C_??e???????K_?CC??????,[(34-56)-(33-57)-(32-44)-(31-39)-(30-45)-(29-62)-(28-60)-(27-51)-(26-46)-(25-47)-(24-38)-(23-58)-(22-61)-(21-54)-(20-59)-(19-52)-(18-43)-(17-37)-(16-55)-(15-41)-(14-50)-(13-40)-(12-48)-(11-42)-(10-36)-(9-63)-(8-69)-(7-53)-(6-35)-(5-68)-(4-64)-(3-49)-(2-66)-(1-65)-(0-67)],0.0003838539123535156,0.04481625556945801,2,True,0
~?@E???????????????????????????????????????????????????????????????????????????????????????????????????@O?C?S_A@@@?HAB???O??GT?EI???A???WB?A?QGQ?????G?Ga_??@c_?O??cO_?_?@?W?G_??`?C@@??G?@GK?????`p????CC?E?C??A?CO?I???C@?E_??????OqG???@?GG@G???E?@_G?????OoOA???AC???EG???G?O?SC????QC?GO?????CgC@?????G?OSA???????CEOG????L?_??_?????_c@??O????A?A?c_????@?UC???????BE_????????COOGC???????C_??e???????K_?CC??????,[(34-56)-(33-57)-(32-44)-(31-39)-(30-45)-(29-62)-(28-59)-(27-51)-(26-46)-(25-47)-(24-52)-(23-58)-(22-61)-(21-60)-(20-54)-(19-38)-(18-43)-(17-37)-(16-55)-(15-41)-(14-50)-(13-40)-(12-48)-(11-42)-(10-36)-(9-63)-(8-69)-(7-53)-(6-35)-(5-68)-(4-64)-(3-49)-(2-66)-(1-65)-(0-67)],0.0003685951232910156,0.08571648597717285,4,True,0
~?@E???????????????????????????????????????????????????????????????????????????????????????????????????@O?C?S_A@@@?HAB???O??GT?EI???A???WB?A?QGQ?????G?Ga_??@c_?O??cO_?_?@?W?G_??`?C@@??G?@GK?????`p????CC?E?C??A?CO?I???C@?E_??????OqG???@?GG@G???E?@_G?????OoOA???AC???EG???G?O?SC????QC?GO?????CgC@?????G?OSA???????CEOG????L?_??_?????_c@??O????A?A?c_????@?UC???????BE_????????COOGC???????C_??e???????K_?CC??????,[(34-56)-(33-57)-(32-44)-(31-39)-(30-45)-(29-62)-(28-59)-(27-51)-(26-46)-(25-47)-(24-52)-(23-58)-(22-61)-(21-60)-(20-54)-(19-38)-(18-43)-(17-37)-(16-55)-(15-41)-(14-50)-(13-40)-(12-48)-(11-42)-(10-36)-(9-63)-(8-69)-(7-53)-(6-35)-(5-68)-(4-64)-(3-49)-(2-66)-(1-65)-(0-67)],0.0003581047058105469,0.08338117599487305,4,True,0
~?@E???????????????????????????????????????????????????????????????????????????????????????????????????@O?C?S_A@@@?HAB???O??GT?EI???A???WB?A?QGQ?????G?Ga_??@c_?O??cO_?_?@?W?G_??`?C@@??G?@GK?????`p????CC?E?C??A?CO?I???C@?E_??????OqG???@?GG@G???E?@_G?????OoOA???AC???EG???G?O?SC????QC?GO?????CgC@?????G?OSA???????CEOG????L?_??_?????_c@??O????A?A?c_????@?UC???????BE_????????COOGC???????C_??e???????K_?CC??????,[(34-56)-(33-57)-(32-44)-(31-39)-(30-45)-(29-62)-(28-60)-(27-51)-(26-46)-(25-47)-(24-52)-(23-58)-(22-61)-(21-54)-(20-59)-(19-38)-(18-43)-(17-37)-(16-55)-(15-41)-(14-50)-(13-40)-(12-48)-(11-42)-(10-36)-(9-63)-(8-69)-(7-53)-(6-35)-(5-68)-(4-64)-(3-49)-(2-66)-(1-65)-(0-67)],0.0004124641418457031,0.028306007385253906,1,True,0
~?@E???????????????????????????????????????????????????????????????????????????????????????????????????@O?C?S_A@@@?HAB???O??GT?EI???A???WB?A?QGQ?????G?Ga_??@c_?O??cO_?_?@?W?G_??`?C@@??G?@GK?????`p????CC?E?C??A?CO?I???C@?E_??????OqG???@?GG@G???E?@_G?????OoOA???AC???EG???G?O?SC????QC?GO?????CgC@?????G?OSA???????CEOG????L?_??_?????_c@??O????A?A?c_????@?UC???????BE_????????COOGC???????C_??e???????K_?CC??????,[(34-56)-(33-57)-(32-44)-(31-39)-(30-45)-(29-62)-(28-60)-(27-51)-(26-46)-(25-47)-(24-52)-(23-58)-(22-61)-(21-54)-(20-59)-(19-38)-(18-43)-(17-37)-(16-55)-(15-41)-(14-50)-(13-40)-(12-48)-(11-42)-(10-36)-(9-63)-(8-69)-(7-53)-(6-35)-(5-68)-(4-64)-(3-49)-(2-66)-(1-65)-(0-67)],0.00039887428283691406,0.10322356224060059,5,True,0
~?@E???????????????????????????????????????????????????????????????????????????????????????????????????@O?C?S_A@@@?HAB???O??GT?EI???A???WB?A?QGQ?????G?Ga_??@c_?O??cO_?_?@?W?G_??`?C@@??G?@GK?????`p????CC?E?C??A?CO?I???C@?E_??????OqG???@?GG@G???E?@_G?????OoOA???AC???EG???G?O?SC????QC?GO?????CgC@?????G?OSA???????CEOG????L?_??_?????_c@??O????A?A?c_????@?UC???????BE_????????COOGC???????C_??e???????K_?CC??????,[(34-56)-(33-57)-(32-44)-(31-39)-(30-45)-(29-62)-(28-38)-(27-51)-(26-46)-(25-47)-(24-52)-(23-58)-(22-61)-(21-54)-(20-59)-(19-60)-(18-43)-(17-37)-(16-55)-(15-41)-(14-50)-(13-40)-(12-48)-(11-42)-(10-36)-(9-63)-(8-69)-(7-53)-(6-35)-(5-68)-(4-64)-(3-49)-(2-66)-(1-65)-(0-67)],0.0003752708435058594,0.03007340431213379,1,True,0
~?@E???????????????????????????????????????????????????????????????????????????????????????????????????@O?C?S_A@@@?HAB???O??GT?EI???A???WB?A?QGQ?????G?Ga_??@c_?O??cO_?_?@?W?G_??`?C@@??G?@GK?????`p????CC?E?C??A?CO?I???C@?E_??????OqG???@?GG@G???E?@_G?????OoOA???AC???EG???G?O?SC????QC?GO?????CgC@?????G?OSA???????CEOG????L?_??_?????_c@??O????A?A?c_????@?UC???????BE_????????COOGC???????C_??e???????K_?CC??????,[(34-56)-(33-57)-(32-44)-(31-39)-(30-45)-(29-62)-(28-38)-(27-51)-(26-46)-(25-47)-(24-52)-(23-58)-(22-61)-(21-54)-(20-59)-(19-60)-(18-43)-(17-37)-(16-55)-(15-41)-(14-50)-(13-40)-(12-48)-(11-42)-(10-36)-(9-63)-(8-69)-(7-53)-(6-35)-(5-68)-(4-64)-(3-49)-(2-66)-(1-65)-(0-67)],0.00035881996154785156,0.06443595886230469,3,True,0
~?@E???????????????????????????????????????????????????????????????????????????????????????????????????@O?C?S_A@@@?HAB???O??GT?EI???A???WB?A?QGQ?????G?Ga_??@c_?O??cO_?_?@?W?G_??`?C@@??G?@GK?????`p????CC?E?C??A?CO?I???C@?E_??????OqG???@?GG@G???E?@_G?????OoOA???AC???EG???G?O?SC????QC?GO?????CgC@?????G?OSA???????CEOG????L?_??_?????_c@??O????A?A?c_????@?UC???????BE_????????COOGC???????C_??e???????K_?CC??????,[(34-56)-(33-57)-(32-44)-(31-39)-(30-45)-(29-62)-(28-52)-(27-51)-(26-46)-(25-47)-(24-38)-(23-58)-(22-61)-(21-54)-(20-59)-(19-60)-(18-43)-(17-37)-(16-55)-(15-41)-(14-50)-(13-40)-(12-48)-(11-42)-(10-36)-(9-63)-(8-69)-(7-53)-(6-35)-(5-68)-(4-64)-(3-49)-(2-66)-(1-65)-(0-67)],0.0003457069396972656,0.01899576187133789,1,True,0
~?@E???????????????????????????????????????????????????????????????????????????????????????????????????@O?C?S_A@@@?HAB???O??GT?EI???A???WB?A?QGQ?????G?Ga_??@c_?O??cO_?_?@?W?G_??`?C@@??G?@GK?????`p????CC?E?C??A?CO?I???C@?E_??????OqG???@?GG@G???E?@_G?????OoOA???AC???EG???G?O?SC????QC?GO?????CgC@?????G?OSA???????CEOG????L?_??_?????_c@??O????A?A?c_????@?UC???????BE_????????COOGC???????C_??e???????K_?CC??????,[(34-56)-(33-57)-(32-44)-(31-39)-(30-45)-(29-62)-(28-52)-(27-51)-(26-46)-(25-47)-(24-38)-(23-58)-(22-61)-(21-54)-(20-59)-(19-60)-(18-43)-(17-37)-(16-55)-(15-41)-(14-50)-(13-40)-(12-48)-(11-42)-(10-36)-(9-63)-(8-69)-(7-53)-(6-35)-(5-68)-(4-64)-(3-49)-(2-66)-(1-65)-(0-67)],0.00034308433532714844,0.046041250228881836,2,True,0
~?@E???????????????????????????????????????????????????????????????????????????????????????????????????@O?C?S_A@@@?HAB???O??GT?EI???A???WB?A?QGQ?????G?Ga_??@c_?O??cO_?_?@?W?G_??`?C@@??G?@GK?????`p????CC?E?C??A?CO?I???C@?E_??????OqG???@?GG@G???E?@_G?????OoOA???AC???EG???G?O?SC????QC?GO?????CgC@?????G?OSA???????CEOG????L?_??_?????_c@??O????A?A?c_????@?UC???????BE_????????COOGC???????C_??e???????K_?CC??????,[(34-56)-(33-57)-(32-46)-(31-39)-(30-45)-(29-62)-(28-59)-(27-51)-(26-38)-(25-47)-(24-52)-(23-58)-(22-61)-(21-54)-(20-44)-(19-60)-(18-43)-(17-37)-(16-55)-(15-41)-(14-50)-(13-40)-(12-48)-(11-42)-(10-36)-(9-63)-(8-69)-(7-53)-(6-35)-(5-68)-(4-64)-(3-49)-(2-66)-(1-65)-(0-67)],0.00038909912109375,0.018939971923828125,1,True,0
~?@E???????????????????????????????????????????????????????????????????????????????????????????????????@O?C?S_A@@@?HAB???O??GT?EI???A???WB?A?QGQ?????G?Ga_??@c_?O??cO_?_?@?W?G_??`?C@@??G?@GK?????`p????CC?E?C??A?CO?I???C@?E_??????OqG???@?GG@G???E?@_G?????OoOA???AC???EG???G?O?SC????QC?GO?????CgC@?????G?OSA???????CEOG????L?_??_?????_c@??O????A?A?c_????@?UC???????BE_????????COOGC???????C_??e???????K_?CC??????,[(34-56)-(33-57)-(32-46)-(31-39)-(30-45)-(29-62)-(28-59)-(27-51)-(26-38)-(25-47)-(24-52)-(23-58)-(22-61)-(21-54)-(20-44)-(19-60)-(18-43)-(17-37)-(16-55)-(15-41)-(14-50)-(13-40)-(12-48)-(11-42)-(10-36)-(9-63)-(8-69)-(7-53)-(6-35)-(5-68)-(4-64)-(3-49)-(2-66)-(1-65)-(0-67)],0.0004277229309082031,0.06267809867858887,3,True,0
~?@E???????????????????????????????????????????????????????????????????????????????????????????????????@O?C?S_A@@@?HAB???O??GT?EI???A???WB?A?QGQ?????G?Ga_??@c_?O??cO_?_?@?W?G_??`?C@@??G?@GK?????`p????CC?E?C??A?CO?I???C@?E_??????OqG???@?GG@G???E?@_G?????OoOA???AC???EG???G?O?SC????QC?GO?????CgC@?????G?OSA???????CEOG????L?_??_?????_c@??O????A?A?c_????@?UC???????BE_????????COOGC???????C_??e???????K_?CC??????,[(34-56)-(33-57)-(32-46)-(31-39)-(30-45)-(29-62)-(28-59)-(27-51)-(26-47)-(25-52)-(24-38)-(23-58)-(22-61)-(21-54)-(20-44)-(19-60)-(18-43)-(17-37)-(16-55)-(15-41)-(14-50)-(13-40)-(12-48)-(11-42)-(10-36)-(9-63)-(8-69)-(7-53)-(6-35)-(5-68)-(4-64)-(3-49)-(2-66)-(1-65)-(0-67)],0.00037384033203125,0.028223514556884766,1,True,0
~?@E???????????????????????????????????????????????????????????????????????????????????????????????????@O?C?S_A@@@?HAB???O??GT?EI???A???WB?A?QGQ?????G?Ga_??@c_?O??cO_?_?@?W?G_??`?C@@??G?@GK?????`p????CC?E?C??A?CO?I???C@?E_??????OqG???@?GG@G???E?@_G?????OoOA???AC???EG???G?O?SC????QC?GO?????CgC@?????G?OSA???????CEOG????L?_??_?????_c@??O????A?A?c_????@?UC???????BE_????????COOGC???????C_??e???????K_?CC??????,[(34-56)-(33-57)-(32-46)-(31-39)-(30-45)-(29-62)-(28-59)-(27-51)-(26-47)-(25-52)-(24-38)-(23-58)-(22-61)-(21-54)-(20-44)-(19-60)-(18-43)-(17-37)-(16-55)-(15-41)-(14-50)-(13-40)-(12-48)-(11-42)-(10-36)-(9-63)-(8-69)-(7-53)-(6-35)-(5-68)-(4-64)-(3-49)-(2-66)-(1-65)-(0-67)],0.000362396240234375,0.028261184692382812,1,True,0
~?@E???????????????????????????????????????????????????????????????????????????????????????????????????S?@?CAOQO??AC?_AOGA_o??_?@`?AC???CSD??AH??@_??oAGA??@GGE???OQ?O?_?GC?g?A??WO??W??D?O@?_???_A@CA???_KG_???O??BB????G??_T???@??@CS??@?OA?_O???A?cCG???D???X?????G_CA_????O?@@__?????W??Q_???@S@?@???????D?WA????S??c?A??????KSG??????E?Q?C?????A?GACO?????@@W_??????D?K???_?????GIA?@?????@?_D_???????cOG??_??????,[(34-60)-(33-58)-(32-51)-(31-42)-(30-69)-(29-40)-(28-46)-(27-52)-(26-55)-(25-39)-(24-43)-(23-57)-(22-47)-(21-50)-(20-45)-(19-63)-(18-61)-(17-56)-(16-59)-(15-54)-(14-49)-(13-62)-(12-44)-(11-38)-(10-41)-(9-53)-(8-68)-(7-65)-(6-48)-(5-67)-(4-64)-(3-37)-(2-35)-(1-36)-(0-66)],0.0004267692565917969,0.017992019653320312,1,True,0
~?@E???????????????????????????????????????????????????????????????????????????????????????????????????S?@?CAOQO??AC?_AOGA_o??_?@`?AC???CSD??AH??@_??oAGA??@GGE???OQ?O?_?GC?g?A??WO??W??D?O@?_???_A@CA???_KG_???O??BB????G??_T???@??@CS??@?OA?_O???A?cCG???D???X?????G_CA_????O?@@__?????W??Q_???@S@?@???????D?WA????S??c?A??????KSG??????E?Q?C?????A?GACO?????@@W_??????D?K???_?????GIA?@?????@?_D_???????cOG??_??????,[(34-60)-(33-58)-(32-51)-(31-42)-(30-69)-(29-40)-(28-46)-(27-52)-(26-55)-(25-39)-(24-43)-(23-57)-(22-47)-(21-50)-(20-45)-(19-63)-(18-61)-(17-56)-(16-59)-(15-54)-(14-49)-(13-62)-(12-44)-(11-38)-(10-41)-(9-53)-(8-68)-(7-65)-(6-48)-(5-67)-(4-64)-(3-37)-(2-35)-(1-36)-(0-66)],0.0003571510314941406,0.04600381851196289,2,True,0
~?@E???????????????????????????????????????????????????????????????????????????????????????????????????S?@?CAOQO??AC?_AOGA_o??_?@`?AC???CSD??AH??@_??oAGA??@GGE???OQ?O?_?GC?g?A??WO??W??D?O@?_???_A@CA???_KG_???O??BB????G??_T???@??@CS??@?OA?_O???A?cCG???D???X?????G_CA_????O?@@__?????W??Q_???@S@?@???????D?WA????S??c?A??????KSG??????E?Q?C?????A?GACO?????@@W_??????D?K???_?????GIA?@?????@?_D_???????cOG??_??????,[(34-60)-(33-52)-(32-51)-(31-42)-(30-69)-(29-46)-(28-58)-(27-40)-(26-55)-(25-39)-(24-43)-(23-57)-(22-47)-(21-50)-(20-45)-(19-63)-(18-61)-(17-56)-(16-59)-(15-54)-(14-49)-(13-62)-(12-44)-(11-38)-(10-41)-(9-53)-(8-68)-(7-65)-(6-48)-(5-67)-(4-64)-(3-37)-(2-35)-(1-36)-(0-66)],0.0004048347473144531,0.044838666915893555,2,True,0
~?@E???????????????????????????????????????????????????????????????????????????????????????????????????S?@?CAOQO??AC?_AOGA_o??_?@`?AC???CSD??AH??@_??oAGA??@GGE???OQ?O?_?GC?g?A??WO??W??D?O@?_???_A@CA???_KG_???O??BB????G??_T???@??@CS??@?OA?_O???A?cCG???D???X?????G_CA_????O?@@__?????W??Q_???@S@?@???????D?WA????S??c?A??????KSG??????E?Q?C?????A?GACO?????@@W_??????D?K???_?????GIA?@?????@?_D_???????cOG??_??????,[(34-60)-(33-52)-(32-51)-(31-42)-(30-69)-(29-46)-(28-58)-(27-40)-(26-55)-(25-39)-(24-43)-(23-57)-(22-47)-(21-50)-(20-45)-(19-63)-(18-61)-(17-56)-(16-59)-(15-54)-(14-49)-(13-62)-(12-44)-(11-38)-(10-41)-(9-53)-(8-68)-(7-65)-(6-48)-(5-67)-(4-64)-(3-37)-(2-35)-(1-36)-(0-66)],0.00037598609924316406,0.04463458061218262,2,True,0
~?@E???????????????????????????????????????????????????????????????????????????????????????????????????S?@?CAOQO??AC?_AOGA_o??_?@`?AC???CSD??AH??@_??oAGA??@GGE???OQ?O?_?GC?g?A??WO??W??D?O@?_???_A@CA???_KG_???O??BB????G??_T???@??@CS??@?OA?_O???A?cCG???D???X?????G_CA_????O?@@__?????W??Q_???@S@?@???????D?WA????S??c?A??????KSG??????E?Q?C?????A?GACO?????@@W_??????D?K???_?????GIA?@?????@?_D_???????cOG??_??????,[(34-60)-(33-58)-(32-51)-(31-42)-(30-69)-(29-47)-(28-46)-(27-52)-(26-55)-(25-39)-(24-43)-(23-57)-(22-50)-(21-40)-(20-45)-(19-63)-(18-61)-(17-56)-(16-59)-(15-54)-(14-49)-(13-62)-(12-44)-(11-38)-(10-41)-(9-53)-(8-68)-(7-65)-(6-48)-(5-67)-(4-64)-(3-37)-(2-35)-(1-36)-(0-66)],0.0003719329833984375,0.04451632499694824,2,True,0
~?@E???????????????????????????????????????????????????????????????????????????????????????????????????S?@?CAOQO??AC?_AOGA_o??_?@`?AC???CSD??AH??@_??oAGA??@GGE???OQ?O?_?GC?g?A??WO??W??D?O@?_???_A@CA???_KG_???O??BB????G??_T???@??@CS??@?OA?_O???A?cCG???D???X?????G_CA_????O?@@__?????W??Q_???@S@?@???????D?WA????S??c?A??????KSG??????E?Q?C?????A?GACO?????@@W_??????D?K???_?????GIA?@?????@?_D_???????cOG??_??????,[(34-60)-(33-58)-(32-51)-(31-42)-(30-69)-(29-47)-(28-46)-(27-52)-(26-55)-(25-39)-(24-43)-(23-57)-(22-50)-(21-40)-(20-45)-(19-63)-(18-61)-(17-56)-(16-59)-(15-54)-(14-49)-(13-62)-(12-44)-(11-38)-(10-41)-(9-53)-(8-68)-(7-65)-(6-48)-(5-67)-(4-64)-(3-37)-(2-35)-(1-36)-(0-66)],0.00035834312438964844,0.04478621482849121,2,True,0
~?@E???????????????????????????????????????????????????????????????????????????????????????????????????S?@?CAOQO??AC?_AOGA_o??_?@`?AC???CSD??AH??@_??oAGA??@GGE???OQ?O?_?GC?g?A??WO??W??D?O@?_???_A@CA???_KG_???O??BB????G??_T???@??@CS??@?OA?_O???A?cCG???D???X?????G_CA_????O?@@__?????W??Q_???@S@?@???????D?WA????S??c?A??????KSG??????E?Q?C?????A?GACO?????@@W_??????D?K???_?????GIA?@?????@?_D_???????cOG??_??????,[(34-60)-(33-52)-(32-51)-(31-42)-(30-69)-(29-46)-(28-58)-(27-50)-(26-55)-(25-39)-(24-43)-(23-57)-(22-47)-(21-40)-(20-45)-(19-63)-(18-61)-(17-56)-(16-59)-(15-54)-(14-49)-(13-62)-(12-44)-(11-38)-(10-41)-(9-53)-(8-68)-(7-65)-(6-48)-(5-67)-(4-64)-(3-37)-(2-35)-(1-36)-(0-66)],0.00037980079650878906,0.04561161994934082,2,True,0
~?@E???????????????????????????????????????????????????????????????????????????????????????????????????S?@?CAOQO??AC?_AOGA_o??_?@`?AC???CSD??AH??@_??oAGA??@GGE???OQ?O?_?GC?g?A??WO??W??D?O@?_???_A@CA???_KG_???O??BB????G??_T???@??@CS??@?OA?_O???A?cCG???D???X?????G_CA_????O?@@__?????W??Q_???@S@?@???????D?WA????S??c?A??????KSG??????E?Q?C?????A?GACO?????@@W_??????D?K???_?????GIA?@?????@?_D_???????cOG??_??????,[(34-60)-(33-52)-(32-51)-(31-42)-(30-69)-(29-46)-(28-58)-(27-50)-(26-55)-(25-39)-(24-43)-(23-57)-(22-47)-(21-40)-(20-45)-(19-63)-(18-61)-(17-56)-(16-59)-(15-54)-(14-49)-(13-62)-(12-44)-(11-38)-(10-41)-(9-53)-(8-68)-(7-65)-(6-48)-(5-67)-(4-64)-(3-37)-(2-35)-(1-36)-(0-66)],0.0004067420959472656,0.02935957908630371,1,True,0
~?@E???????????????????????????????????????????????????????????????????????????????????????????????????S?@?CAOQO??AC?_AOGA_o??_?@`?AC???CSD??AH??@_??oAGA??@GGE???OQ?O?_?GC?g?A??WO??W??D?O@?_???_A@CA???_KG_???O??BB????G??_T???@??@CS??@?OA?_O???A?cCG???D???X?????G_CA_????O?@@__?????W??Q_???@S@?@???????D?WA????S??c?A??????KSG??????E?Q?C?????A?GACO?????@@W_??????D?K???_?????GIA?@?????@?_D_???????cOG??_??????,[(34-60)-(33-58)-(32-51)-(31-42)-(30-69)-(29-46)-(28-50)-(27-52)-(26-55)-(25-39)-(24-43)-(23-57)-(22-47)-(21-40)-(20-45)-(19-63)-(18-61)-(17-56)-(16-59)-(15-54)-(14-49)-(13-62)-(12-44)-(11-38)-(10-41)-(9-53)-(8-68)-(7-65)-(6-48)-(5-67)-(4-64)-(3-37)-(2-35)-(1-36)-(0-66)],0.0003707408905029297,0.04596734046936035,2,True,0
~?@E???????????????????????????????????????????????????????????????????????????????????????????????????S?@?CAOQO??AC?_AOGA_o??_?@`?AC???CSD??AH??@_??oAGA??@GGE???OQ?O?_?GC?g?A??WO??W??D?O@?_???_A@CA???_KG_???O??BB????G??_T???@??@CS??@?OA?_O???A?cCG???D???X?????G_CA_????O?@@__?????W??Q_???@S@?@???????D?WA????S??c?A??????KSG??????E?Q?C?????A?GACO?????@@W_??????D?K???_?????GIA?@?????@?_D_???????cOG??_??????,[(34-60)-(33-58)-(32-51)-(31-42)-(30-69)-(29-46)-(28-50)-(27-52)-(26-55)-(25-39)-(24-43)-(23-57)-(22-47)-(21-40)-(20-45)-(19-63)-(18-61)-(17-56)-(16-59)-(15-54)-(14-49)-(13-62)-(12-44)-(11-38)-(10-41)-(9-53)-(8-68)-(7-65)-(6-48)-(5-67)-(4-64)-(3-37)-(2-35)-(1-36)-(0-66)],0.00038123130798339844,0.028310060501098633,1,True,0
~?@E???????????????????????????????????????????????????????????????????????????????????????????????????S?@?CAOQO??AC?_AOGA_o??_?@`?AC???CSD??AH??@_??oAGA??@GGE???OQ?O?_?GC?g?A??WO??W??D?O@?_???_A@CA???_KG_???O??BB????G??_T???@??@CS??@?OA?_O???A?cCG???D???X?????G_CA_????O?@@__?????W??Q_???@S@?@???????D?WA????S??c?A??????KSG??????E?Q?C?????A?GACO?????@@W_??????D?K???_?????GIA?@?????@?_D_???????cOG??_??????,[(34-60)-(33-58)-(32-51)-(31-42)-(30-69)-(29-47)-(28-46)-(27-40)-(26-56)-(25-39)-(24-43)-(23-52)-(22-55)-(21-50)-(20-45)-(19-63)-(18-61)-(17-57)-(16-59)-(15-54)-(14-49)-(13-62)-(12-44)-(11-38)-(10-41)-(9-53)-(8-68)-(7-65)-(6-48)-(5-67)-(4-64)-(3-37)-(2-35)-(1-36)-(0-66)],0.00038361549377441406,0.045383453369140625,2,True,0
~?@E???????????????????????????????????????????????????????????????????????????????????????????????????S?@?CAOQO??AC?_AOGA_o??_?@`?AC???CSD??AH??@_??oAGA??@GGE???OQ?O?_?GC?g?A??WO??W??D?O@?_???_A@CA???_KG_???O??BB????G??_T???@??@CS??@?OA?_O???A?cCG???D???X?????G_CA_????O?@@__?????W??Q_???@S@?@???????D?WA????S??c?A??????KSG??????E?Q?C?????A?GACO?????@@W_??????D?K???_?????GIA?@?????@?_D_???????cOG??_??????,[(34-60)-(33-58)-(32-51)-(31-42)-(30-69)-(29-47)-(28-46)-(27-40)-(26-56)-(25-39)-(24-43)-(23-52)-(22-55)-(21-50)-(20-45)-(19-63)-(18-61)-(17-57)-(16-59)-(15-54)-(14-49)-(13-62)-(12-44)-(11-38)-(10-41)-(9-53)-(8-68)-(7-65)-(6-48)-(5-67)-(4-64)-(3-37)-(2-35)-(1-36)-(0-66)],0.00041604042053222656,0.0445103645324707,2,True,0
~?@E???????????????????????????????????????????????????????????????????????????????????????????????????S?@?CAOQO??AC?_AOGA_o??_?@`?AC???CSD??AH??@_??oAGA??@GGE???OQ?O?_?GC?g?A??WO??W??D?O@?_???_A@CA???_KG_???O??BB????G??_T???@??@CS??@?OA?_O???A?cCG???D???X?????G_CA_????O?@@__?????W??Q_???@S@?@???????D?WA????S??c?A??????KSG??????E?Q?C?????A?GACO?????@@W_??????D?K???_?????GIA?@?????@?_D_???????cOG??_??????,[(34-60)-(33-58)-(32-51)-(31-52)-(30-69)-(29-47)-(28-46)-(27-40)-(26-56)-(25-39)-(24-43)-(23-42)-(22-55)-(21-50)-(20-45)-(19-63)-(18-61)-(17-57)-(16-59)-(15-54)-(14-49)-(13-62)-(12-44)-(11-38)-(10-41)-(9-53)-(8-68)-(7-65)-(6-48)-(5-67)-(4-64)-(3-37)-(2-35)-(1-36)-(0-66)],0.00036025047302246094,0.04658675193786621,2,True,0
~?@E???????????????????????????????????????????????????????????????????????????????????????????????????S?@?CAOQO??AC?_AOGA_o??_?@`?AC???CSD??AH??@_??oAGA??@GGE???OQ?O?_?GC?g?A??WO??W??D?O@?_???_A@CA???_KG_???O??BB????G??_T???@??@CS??@?OA?_O???A?cCG???D???X?????G_CA_????O?@@__?????W??Q_???@S@?@???????D?WA????S??c?A??????KSG??????E?Q?C?????A?GACO?????@@W_??????D?K???_?????GIA?@?????@?_D_???????cOG??_??????,[(34-60)-(33-58)-(32-51)-(31-52)-(30-69)-(29-47)-(28-46)-(27-40)-(26-56)-(25-39)-(24-43)-(23-42)-(22-55)-(21-50)-(20-45)-(19-63)-(18-61)-(17-57)-(16-59)-(15-54)-(14-49)-(13-62)-(12-44)-(11-38)-(10-41)-(9-53)-(8-68)-(7-65)-(6-48)-(5-67)-(4-64)-(3-37)-(2-35)-(1-36)-(0-66)],0.000370025634765625,0.028019189834594727,1,True,0
~?@E???????????????????????????????????????????????????????????????????????????????????????????????????S?@?CAOQO??AC?_AOGA_o??_?@`?AC???CSD??AH??@_??oAGA??@GGE???OQ?O?_?GC?g?A??WO??W??D?O@?_???_A@CA???_KG_???O??BB????G??_T???@??@CS??@?OA?_O???A?cCG???D???X?????G_CA_????O?@@__?????W??Q_???@S@?@???????D?WA????S??c?A??????KSG??????E?Q?C?????A?GACO?????@@W_??????D?K???_?????GIA?@?????@?_D_???????cOG??_??????,[(34-60)-(33-52)-(32-51)-(31-58)-(30-69)-(29-47)-(28-46)-(27-40)-(26-56)-(25-39)-(24-43)-(23-42)-(22-55)-(21-50)-(20-45)-(19-63)-(18-61)-(17-57)-(16-59)-(15-54)-(14-49)-(13-62)-(12-44)-(11-38)-(10-41)-(9-53)-(8-68)-(7-65)-(6-48)-(5-67)-(4-64)-(3-37)-(2-35)-(1-36)-(0-66)],0.0003724098205566406,0.04651594161987305,2,True,0
~?@E???????????????????????????????????????????????????????????????????????????????????????????????????S?@?CAOQO??AC?_AOGA_o??_?@`?AC???CSD??AH??@_??oAGA??@GGE???OQ?O?_?GC?g?A??WO??W??D?O@?_???_A@CA???_KG_???O??BB????G??_T???@??@CS??@?OA?_O???A?cCG???D???X?????G_CA_????O?@@__?????W??Q_???@S@?@???????D?WA????S??c?A??????KSG??????E?Q?C?????A?GACO?????@@W_??????D?K???_?????GIA?@?????@?_D_???????cOG??_??????,[(34-60)-(33-52)-(32-51)-(31-58)-(30-69)-(29-47)-(28-46)-(27-40)-(26-56)-(25-39)-(24-43)-(23-42)-(22-55)-(21-50)-(20-45)-(19-63)-(18-61)-(17-57)-(16-59)-(15-54)-(14-49)-(13-62)-(12-44)-(11-38)-(10-41)-(9-53)-(8-68)-(7-65)-(6-48)-(5-67)-(4-64)-(3-37)-(2-35)-(1-36)-(0-66)],0.00038695335388183594,0.01897740364074707,1,True,0
~?@E???????????????????????????????????????????????????????????????????????????????????????????????????S?@?CAOQO??AC?_AOGA_o??_?@`?AC???CSD??AH??@_??oAGA??@GGE???OQ?O?_?GC?g?A??WO??W??D?O@?_???_A@CA???_KG_???O??BB????G??_T???@??@CS??@?OA?_O???A?cCG???D???X?????G_CA_????O?@@__?????W??Q_???@S@?@???????D?WA????S??c?A??????KSG??????E?Q?C?????A?GACO?????@@W_??????D?K???_?????GIA?@?????@?_D_???????cOG??_??????,[(34-60)-(33-58)-(32-51)-(31-42)-(30-69)-(29-40)-(28-46)-(27-52)-(26-56)-(25-39)-(24-43)-(23-55)-(22-47)-(21-50)-(20-45)-(19-63)-(18-61)-(17-57)-(16-59)-(15-54)-(14-49)-(13-62)-(12-44)-(11-38)-(10-41)-(9-53)-(8-68)-(7-65)-(6-48)-(5-67)-(4-64)-(3-37)-(2-35)-(1-36)-(0-66)],0.00037980079650878906,0.028458356857299805,1,True,0
~?@E???????????????????????????????????????????????????????????????????????????????????????????????????S?@?CAOQO??AC?_AOGA_o??_?@`?AC???CSD??AH??@_??oAGA??@GGE???OQ?O?_?GC?g?A??WO??W??D?O@?_???_A@CA???_KG_???O??BB????G??_T???@??@CS??@?OA?_O???A?cCG???D???X?????G_CA_????O?@@__?????W??Q_???@S@?@???????D?WA????S??c?A??????KSG??????E?Q?C?????A?GACO?????@@W_??????D?K???_?????GIA?@?????@?_D_???????cOG??_??????,[(34-60)-(33-58)-(32-51)-(31-42)-(30-69)-(29-40)-(28-46)-(27-52)-(26-56)-(25-39)-(24-43)-(23-55)-(22-47)-(21-50)-(20-45)-(19-63)-(18-61)-(17-57)-(16-59)-(15-54)-(14-49)-(13-62)-(12-44)-(11-38)-(10-41)-(9-53)-(8-68)-(7-65)-(6-48)-(5-67)-(4-64)-(3-37)-(2-35)-(1-36)-(0-66)],0.0003705024719238281,0.044545888900756836,2,True,0
~?@E???????????????????????????????????????????????????????????????????????????????????????????????????S?@?CAOQO??AC?_AOGA_o??_?@`?AC???CSD??AH??@_??oAGA??@GGE???OQ?O?_?GC?g?A??WO??W??D?O@?_???_A@CA???_KG_???O??BB????G??_T???@??@CS??@?OA?_O???A?cCG???D???X?????G_CA_????O?@@__?????W??Q_???@S@?@???????D?WA????S??c?A??????KSG??????E?Q?C?????A?GACO?????@@W_??????D?K???_?????GIA?@?????@?_D_???????cOG??_??????,[(34-60)-(33-52)-(32-51)-(31-42)-(30-69)-(29-46)-(28-58)-(27-40)-(26-56)-(25-39)-(24-43)-(23-55)-(22-47)-(21-50)-(20-45)-(19-63)-(18-61)-(17-57)-(16-59)-(15-54)-(14-49)-(13-62)-(12-44)-(11-38)-(10-41)-(9-53)-(8-68)-(7-65)-(6-48)-(5-67)-(4-64)-(3-37)-(2-35)-(1-36)-(0-66)],0.00036263465881347656,0.04495668411254883,2,True,0
~?@E???????????????????????????????????????????????????????????????????????????????????????????????????S?@?CAOQO??AC?_AOGA_o??_?@`?AC???CSD??AH??@_??oAGA??@GGE???OQ?O?_?GC?g?A??WO??W??D?O@?_???_A@CA???_KG_???O??BB????G??_T???@??@CS??@?OA?_O???A?cCG???D???X?????G_CA_????O?@@__?????W??Q_???@S@?@???????D?WA????S??c?A??????KSG??????E?Q?C?????A?GACO?????@@W_??????D?K???_?????GIA?@?????@?_D_???????cOG??_??????,[(34-60)-(33-52)-(32-51)-(31-42)-(30-69)-(29-46)-(28-58)-(27-40)-(26-56)-(25-39)-(24-43)-(23-55)-(22-47)-(21-50)-(20-45)-(19-63)-(18-61)-(17-57)-(16-59)-(15-54)-(14-49)-(13-62)-(12-44)-(11-38)-(10-41)-(9-53)-(8-68)-(7-65)-(6-48)-(5-67)-(4-64)-(3-37)-(2-35)-(1-36)-(0-66)],0.0003654956817626953,0.028452157974243164,1,True,0
~?@E?????????????????????????????????????????????????????????????????????????????????????????????????????cP_?_??So??O?S_A?_?CQ_?COO?o?C?aH??????Lo??@Co?A?C_?_G?_A_?c?O??@d?_????@_AC@??O??_?U??G?_g?G??WA??I???S?P??@??B?P_?????CT???_???@_P??G???S??OG_???C@W?@?????O?CIO???A?@?@o???AG?G`?????@?CB?C?????_Oa_?????@POG??????GAO?GG?????OG?_?o????A?CGGA?????O@??L??????GAC?Q??????@OAB??????@@??@E??????CIO?C???????,[(34-63)-(33-43)-(32-46)-(31-42)-(30-47)-(29-38)-(28-56)-(27-44)-(26-58)-(25-62)-(24-60)-(23-41)-(22-59)-(21-37)-(20-61)-(19-36)-(18-45)-(17-57)-(16-39)-(15-53)-(14-55)-(13-69)-(12-40)-(11-35)-(10-51)-(9-52)-(8-67)-(7-68)-(6-54)-(5-66)-(4-64)-(3-65)-(2-48)-(1-49)-(0-50)],0.0004048347473144531,0.01845693588256836,1,True,0
~?@E?????????????????????????????????????????????????????????????????????????????????????????????????????cP_?_??So??O?S_A?_?CQ_?COO?o?C?aH??????Lo??@Co?A?C_?_G?_A_?c?O??@d?_????@_AC@??O??_?U??G?_g?G??WA??I???S?P??@??B?P_?????CT???_???@_P??G???S??OG_???C@W?@?????O?CIO???A?@?@o???AG?G`?????@?CB?C?????_Oa_?????@POG??????GAO?GG?????OG?_?o????A?CGGA?????O@??L??????GAC?Q??????@OAB??????@@??@E??????CIO?C???????,[(34-63)-(33-43)-(32-46)-(31-42)-(30-47)-(29-38)-(28-56)-(27-44)-(26-58)-(25-62)-(24-60)-(23-41)-(22-59)-(21-37)-(20-61)-(19-36)-(18-45)-(17-57)-(16-39)-(15-53)-(14-55)-(13-69)-(12-40)-(11-35)-(10-51)-(9-52)-(8-67)-(7-68)-(6-54)-(5-66)-(4-64)-(3-65)-(2-48)-(1-49)-(0-50)],0.00035762786865234375,0.018529891967773438,1,True,0
~?@E?????????????????????????????????????????????????????????????????????????????????????????????????????cP_?_??So??O?S_A?_?CQ_?COO?o?C?aH??????Lo??@Co?A?C_?_G?_A_?c?O??@d?_????@_AC@??O??_?U??G?_g?G??WA??I???S?P??@??B?P_?????CT???_???@_P??G???S??OG_???C@W?@?????O?CIO???A?@?@o???AG?G`?????@?CB?C?????_Oa_?????@POG??????GAO?GG?????OG?_?o????A?CGGA?????O@??L??????GAC?Q??????@OAB??????@@??@E??????CIO?C???????,[(34-63)-(33-43)-(32-59)-(31-42)-(30-47)-(29-38)-(28-56)-(27-44)-(26-58)-(25-62)-(24-46)-(23-41)-(22-60)-(21-37)-(20-61)-(19-36)-(18-45)-(17-57)-(16-39)-(15-53)-(14-55)-(13-69)-(12-40)-(11-35)-(10-51)-(9-52)-(8-67)-(7-68)-(6-54)-(5-66)-(4-64)-(3-65)-(2-48)-(1-49)-(0-50)],0.0003578662872314453,0.028551101684570312,1,True,0
~?@E?????????????????????????????????????????????????????????????????????????????????????????????????????cP_?_??So??O?S_A?_?CQ_?COO?o?C?aH??????Lo??@Co?A?C_?_G?_A_?c?O??@d?_????@_AC@??O??_?U??G?_g?G??WA??I???S?P??@??B?P_?????CT???_???@_P??G???S??OG_???C@W?@?????O?CIO???A?@?@o???AG?G`?????@?CB?C?????_Oa_?????@POG??????GAO?GG?????OG?_?o????A?CGGA?????O@??L??????GAC?Q??????@OAB??????@@??@E??????CIO?C???????,[(34-63)-(33-43)-(32-59)-(31-42)-(30-47)-(29-38)-(28-56)-(27-44)-(26-58)-(25-62)-(24-46)-(23-41)-(22-60)-(21-37)-(20-61)-(19-36)-(18-45)-(17-57)-(16-39)-(15-53)-(14-55)-(13-69)-(12-40)-(11-35)-(10-51)-(9-52)-(8-67)-(7-68)-(6-54)-(5-66)-(4-64)-(3-65)-(2-48)-(1-49)-(0-50)],0.00036978721618652344,0.04497027397155762,2,True,0
~?@E?????????????????????????????????????????????????????????????????????????????????????????????????????cP_?_??So??O?S_A?_?CQ_?COO?o?C?aH??????Lo??@Co?A?C_?_G?_A_?c?O??@d?_????@_AC@??O??_?U??G?_g?G??WA??I???S?P??@??B?P_?????CT???_???@_P??G???S??OG_???C@W?@?????O?CIO???A?@?@o???AG?G`?????@?CB?C?????_Oa_?????@POG??????GAO?GG?????OG?_?o????A?CGGA?????O@??L??????GAC?Q??????@OAB??????@@??@E??????CIO?C???????,[(34-37)-(33-63)-(32-46)-(31-42)-(30-47)-(29-38)-(28-56)-(27-44)-(26-41)-(25-62)-(24-60)-(23-43)-(22-59)-(21-58)-(20-61)-(19-36)-(18-45)-(17-57)-(16-39)-(15-53)-(14-55)-(13-69)-(12-40)-(11-35)-(10-51)-(9-52)-(8-67)-(7-68)-(6-54)-(5-66)-(4-64)-(3-65)-(2-48)-(1-49)-(0-50)],0.0003726482391357422,0.028867483139038086,1,True,0
~?@E?????????????????????????????????????????????????????????????????????????????????????????????????????cP_?_??So??O?S_A?_?CQ_?COO?o?C?aH??????Lo??@Co?A?C_?_G?_A_?c?O??@d?_????@_AC@??O??_?U??G?_g?G??WA??I???S?P??@??B?P_?????CT???_???@_P??G???S??OG_???C@W?@?????O?CIO???A?@?@o???AG?G`?????@?CB?C?????_Oa_?????@POG??????GAO?GG?????OG?_?o????A?CGGA?????O@??L??????GAC?Q??????@OAB??????@@??@E??????CIO?C???????,[(34-37)-(33-63)-(32-46)-(31-42)-(30-47)-(29-38)-(28-56)-(27-44)-(26-41)-(25-62)-(24-60)-(23-43)-(22-59)-(21-58)-(20-61)-(19-36)-(18-45)-(17-57)-(16-39)-(15-53)-(14-55)-(13-69)-(12-40)-(11-35)-(10-51)-(9-52)-(8-67)-(7-68)-(6-54)-(5-66)-(4-64)-(3-65)-(2-48)-(1-49)-(0-50)],0.00039505958557128906,0.047495365142822266,2,True,0
~?@E?????????????????????????????????????????????????????????????????????????????????????????????????????cP_?_??So??O?S_A?_?CQ_?COO?o?C?aH??????Lo??@Co?A?C_?_G?_A_?c?O??@d?_????@_AC@??O??_?U??G?_g?G??WA??I???S?P??@??B?P_?????CT???_???@_P??G???S??OG_???C@W?@?????O?CIO???A?@?@o???AG?G`?????@?CB?C?????_Oa_?????@POG??????GAO?GG?????OG?_?o????A?CGGA?????O@??L??????GAC?Q??????@OAB??????@@??@E??????CIO?C???????,[(34-37)-(33-63)-(32-59)-(31-42)-(30-47)-(29-38)-(28-56)-(27-44)-(26-41)-(25-62)-(24-46)-(23-43)-(22-60)-(21-58)-(20-61)-(19-36)-(18-45)-(17-57)-(16-39)-(15-53)-(14-55)-(13-69)-(12-40)-(11-35)-(10-51)-(9-52)-(8-67)-(7-68)-(6-54)-(5-66)-(4-64)-(3-65)-(2-48)-(1-49)-(0-50)],0.0003743171691894531,0.04524493217468262,2,True,0
~?@E?????????????????????????????????????????????????????????????????????????????????????????????????????cP_?_??So??O?S_A?_?CQ_?COO?o?C?aH??????Lo??@Co?A?C_?_G?_A_?c?O??@d?_????@_AC@??O??_?U??G?_g?G??WA??I???S?P??@??B?P_?????CT???_???@_P??G???S??OG_???C@W?@?????O?CIO???A?@?@o???AG?G`?????@?CB?C?????_Oa_?????@POG??????GAO?GG?????OG?_?o????A?CGGA?????O@??L??????GAC?Q??????@OAB??????@@??@E??????CIO?C???????,[(34-37)-(33-63)-(32-59)-(31-42)-(30-47)-(29-38)-(28-56)-(27-44)-(26-41)-(25-62)-(24-46)-(23-43)-(22-60)-(21-58)-(20-61)-(19-36)-(18-45)-(17-57)-(16-39)-(15-53)-(14-55)-(13-69)-(12-40)-(11-35)-(10-51)-(9-52)-(8-67)-(7-68)-(6-54)-(5-66)-(4-64)-(3-65)-(2-48)-(1-49)-(0-50)],0.00036525726318359375,0.018428564071655273,1,True,0
~?@E?????????????????????????????????????????????????????????????????????????????????????????????????????cP_?_??So??O?S_A?_?CQ_?COO?o?C?aH??????Lo??@Co?A?C_?_G?_A_?c?O??@d?_????@_AC@??O??_?U??G?_g?G??WA??I???S?P??@??B?P_?????CT???_???@_P??G???S??OG_???C@W?@?????O?CIO???A?@?@o???AG?G`?????@?CB?C?????_Oa_?????@POG??????GAO?GG?????OG?_?o????A?CGGA?????O@??L??????GAC?Q??????@OAB??????@@??@E??????CIO?C???????,[(34-37)-(33-63)-(32-46)-(31-42)-(30-47)-(29-38)-(28-56)-(27-44)-(26-58)-(25-62)-(24-60)-(23-43)-(22-41)-(21-59)-(20-61)-(19-36)-(18-45)-(17-57)-(16-39)-(15-53)-(14-55)-(13-69)-(12-40)-(11-35)-(10-51)-(9-52)-(8-67)-(7-68)-(6-54)-(5-66)-(4-64)-(3-65)-(2-48)-(1-49)-(0-50)],0.0003771781921386719,0.028455018997192383,1,True,0
~?@E?????????????????????????????????????????????????????????????????????????????????????????????????????cP_?_??So??O?S_A?_?CQ_?COO?o?C?aH??????Lo??@Co?A?C_?_G?_A_?c?O??@d?_????@_AC@??O??_?U??G?_g?G??WA??I???S?P??@??B?P_?????CT???_???@_P??G???S??OG_???C@W?@?????O?CIO???A?@?@o???AG?G`?????@?CB?C?????_Oa_?????@POG??????GAO?GG?????OG?_?o????A?CGGA?????O@??L??????GAC?Q??????@OAB??????@@??@E??????CIO?C???????,[(34-37)-(33-63)-(32-46)-(31-42)-(30-47)-(29-38)-(28-56)-(27-44)-(26-58)-(25-62)-(24-60)-(23-43)-(22-41)-(21-59)-(20-61)-(19-36)-(18-45)-(17-57)-(16-39)-(15-53)-(14-55)-(13-69)-(12-40)-(11-35)-(10-51)-(9-52)-(8-67)-(7-68)-(6-54)-(5-66)-(4-64)-(3-65)-(2-48)-(1-49)-(0-50)],0.0003654956817626953,0.028029441833496094,1,True,0
~?@E?????????????????????????????????????????????????????????????????????????????????????????????????????cP_?_??So??O?S_A?_?CQ_?COO?o?C?aH??????Lo??@Co?A?C_?_G?_A_?c?O??@d?_????@_AC@??O??_?U??G?_g?G??WA??I???S?P??@??B?P_?????CT???_???@_P??G???S??OG_???C@W?@?????O?CIO???A?@?@o???AG?G`?????@?CB?C?????_Oa_?????@POG??????GAO?GG?????OG?_?o????A?CGGA?????O@??L??????GAC?Q??????@OAB??????@@??@E??????CIO?C???????,[(34-63)-(33-43)-(32-46)-(31-42)-(30-47)-(29-38)-(28-56)-(27-44)-(26-58)-(25-62)-(24-37)-(23-41)-(22-60)-(21-59)-(20-61)-(19-36)-(18-45)-(17-57)-(16-39)-(15-53)-(14-55)-(13-69)-(12-40)-(11-35)-(10-51)-(9-52)-(8-67)-(7-68)-(6-54)-(5-66)-(4-64)-(3-65)-(2-48)-(1-49)-(0-50)],0.0003528594970703125,0.0849297046661377,4,True,0
~?@E?????????????????????????????????????????????????????????????????????????????????????????????????????cP_?_??So??O?S_A?_?CQ_?COO?o?C?aH??????Lo??@Co?A?C_?_G?_A_?c?O??@d?_????@_AC@??O??_?U??G?_g?G??WA??I???S?P??@??B?P_?????CT???_???@_P??G???S??OG_???C@W?@?????O?CIO???A?@?@o???AG?G`?????@?CB?C?????_Oa_?????@POG??????GAO?GG?????OG?_?o????A?CGGA?????O@??L??????GAC?Q??????@OAB??????@@??@E??????CIO?C???????,[(34-63)-(33-43)-(32-46)-(31-42)-(30-47)-(29-38)-(28-56)-(27-44)-(26-58)-(25-62)-(24-37)-(23-41)-(22-60)-(21-59)-(20-61)-(19-36)-(18-45)-(17-57)-(16-39)-(15-53)-(14-55)-(13-69)-(12-40)-(11-35)-(10-51)-(9-52)-(8-67)-(7-68)-(6-54)-(5-66)-(4-64)-(3-65)-(2-48)-(1-49)-(0-50)],0.0003666877746582031,0.028597116470336914,1,True,0
~?@E?????????????????????????????????????????????????????????????????????????????????????????????????????cP_?_??So??O?S_A?_?CQ_?COO?o?C?aH??????Lo??@Co?A?C_?_G?_A_?c?O??@d?_????@_AC@??O??_?U??G?_g?G??WA??I???S?P??@??B?P_?????CT???_???@_P??G???S??OG_???C@W?@?????O?CIO???A?@?@o???AG?G`?????@?CB?C?????_Oa_?????@POG??????GAO?GG?????OG?_?o????A?CGGA?????O@??L??????GAC?Q??????@OAB??????@@??@E??????CIO?C???????,[(34-37)-(33-43)-(32-46)-(31-42)-(30-47)-(29-38)-(28-56)-(27-44)-(26-58)-(25-62)-(24-60)-(23-41)-(22-59)-(21-63)-(20-61)-(19-36)-(18-45)-(17-57)-(16-39)-(15-53)-(14-55)-(13-69)-(12-40)-(11-35)-(10-51)-(9-52)-(8-67)-(7-68)-(6-54)-(5-66)-(4-64)-(3-65)-(2-48)-(1-49)-(0-50)],0.00036215782165527344,0.028413057327270508,1,True,0
~?@E?????????????????????????????????????????????????????????????????????????????????????????????????????cP_?_??So??O?S_A?_?CQ_?COO?o?C?aH??????Lo??@Co?A?C_?_G?_A_?c?O??@d?_????@_AC@??O??_?U??G?_g?G??WA??I???S?P??@??B?P_?????CT???_???@_P??G???S??OG_???C@W?@?????O?CIO???A?@?@o???AG?G`?????@?CB?C?????_Oa_?????@POG??????GAO?GG?????OG?_?o????A?CGGA?????O@??L??????GAC?Q??????@OAB??????@@??@E??????CIO?C???????,[(34-37)-(33-43)-(32-46)-(31-42)-(30-47)-(29-38)-(28-56)-(27-44)-(26-58)-(25-62)-(24-60)-(23-41)-(22-59)-(21-63)-(20-61)-(19-36)-(18-45)-(17-57)-(16-39)-(15-53)-(14-55)-(13-69)-(12-40)-(11-35)-(10-51)-(9-52)-(8-67)-(7-68)-(6-54)-(5-66)-(4-64)-(3-65)-(2-48)-(1-49)-(0-50)],0.0003788471221923828,0.030474424362182617,1,True,0
~?@E?????????????????????????????????????????????????????????????????????????????????????????????????????cP_?_??So??O?S_A?_?CQ_?COO?o?C?aH??????Lo??@Co?A?C_?_G?_A_?c?O??@d?_????@_AC@??O??_?U??G?_g?G??WA??I???S?P??@??B?P_?????CT???_???@_P??G???S??OG_???C@W?@?????O?CIO???A?@?@o???AG?G`?????@?CB?C?????_Oa_?????@POG??????GAO?GG?????OG?_?o????A?CGGA?????O@??L??????GAC?Q??????@OAB??????@@??@E??????CIO?C???????,[(34-37)-(33-43)-(32-59)-(31-42)-(30-47)-(29-38)-(28-56)-(27-44)-(26-58)-(25-62)-(24-46)-(23-41)-(22-60)-(21-63)-(20-61)-(19-36)-(18-45)-(17-57)-(16-39)-(15-53)-(14-55)-(13-69)-(12-40)-(11-35)-(10-51)-(9-52)-(8-67)-(7-68)-(6-54)-(5-66)-(4-64)-(3-65)-(2-48)-(1-49)-(0-50)],0.00036263465881347656,0.0670015811920166,3,True,0
~?@E?????????????????????????????????????????????????????????????????????????????????????????????????????cP_?_??So??O?S_A?_?CQ_?COO?o?C?aH??????Lo??@Co?A?C_?_G?_A_?c?O??@d?_????@_AC@??O??_?U??G?_g?G??WA??I???S?P??@??B?P_?????CT???_???@_P??G???S??OG_???C@W?@?????O?CIO???A?@?@o???AG?G`?????@?CB?C?????_Oa_?????@POG??????GAO?GG?????OG?_?o????A?CGGA?????O@??L??????GAC?Q??????@OAB??????@@??@E??????CIO?C???????,[(34-37)-(33-43)-(32-59)-(31-42)-(30-47)-(29-38)-(28-56)-(27-44)-(26-58)-(25-62)-(24-46)-(23-41)-(22-60)-(21-63)-(20-61)-(19-36)-(18-45)-(17-57)-(16-39)-(15-53)-(14-55)-(13-69)-(12-40)-(11-35)-(10-51)-(9-52)-(8-67)-(7-68)-(6-54)-(5-66)-(4-64)-(3-65)-(2-48)-(1-49)-(0-50)],0.00037860870361328125,0.027599096298217773,1,True,0
~?@E?????????????????????????????????????????????????????????????????????????????????????????????????????cP_?_??So??O?S_A?_?CQ_?COO?o?C?aH??????Lo??@Co?A?C_?_G?_A_?c?O??@d?_????@_AC@??O??_?U??G?_g?G??WA??I???S?P??@??B?P_?????CT???_???@_P??G???S??OG_???C@W?@?????O?CIO???A?@?@o???AG?G`?????@?CB?C?????_Oa_?????@POG??????GAO?GG?????OG?_?o????A?CGGA?????O@??L??????GAC?Q??????@OAB??????@@??@E??????CIO?C???????,[(34-63)-(33-43)-(32-46)-(31-42)-(30-47)-(29-38)-(28-56)-(27-44)-(26-58)-(25-62)-(24-60)-(23-41)-(22-59)-(21-36)-(20-61)-(19-37)-(18-45)-(17-57)-(16-39)-(15-53)-(14-55)-(13-69)-(12-40)-(11-35)-(10-51)-(9-52)-(8-67)-(7-68)-(6-54)-(5-66)-(4-64)-(3-65)-(2-48)-(1-49)-(0-50)],0.0003719329833984375,0.019454479217529297,1,True,0
~?@E?????????????????????????????????????????????????????????????????????????????????????????????????????cP_?_??So??O?S_A?_?CQ_?COO?o?C?aH??????Lo??@Co?A?C_?_G?_A_?c?O??@d?_????@_AC@??O??_?U??G?_g?G??WA??I???S?P??@??B?P_?????CT???_???@_P??G???S??OG_???C@W?@?????O?CIO???A?@?@o???AG?G`?????@?CB?C?????_Oa_?????@POG??????GAO?GG?????OG?_?o????A?CGGA?????O@??L??????GAC?Q??????@OAB??????@@??@E??????CIO?C???????,[(34-63)-(33-43)-(32-46)-(31-42)-(30-47)-(29-38)-(28-56)-(27-44)-(26-58)-(25-62)-(24-60)-(23-41)-(22-59)-(21-36)-(20-61)-(19-37)-(18-45)-(17-57)-(16-39)-(15-53)-(14-55)-(13-69)-(12-40)-(11-35)-(10-51)-(9-52)-(8-67)-(7-68)-(6-54)-(5-66)-(4-64)-(3-65)-(2-48)-(1-49)-(0-50)],0.00040340423583984375,0.04482221603393555,2,True,0
~?@E?????????????????????????????????????????????????????????????????????????????????????????????????????cP_?_??So??O?S_A?_?CQ_?COO?o?C?aH??????Lo??@Co?A?C_?_G?_A_?c?O??@d?_????@_AC@??O??_?U??G?_g?G??WA??I???S?P??@??B?P_?????CT???_???@_P??G???S??OG_???C@W?@?????O?CIO???A?@?@o???AG?G`?????@?CB?C?????_Oa_?????@POG??????GAO?GG?????OG?_?o????A?CGGA?????O@??L??????GAC?Q??????@OAB??????@@??@E??????CIO?C???????,[(34-63)-(33-43)-(32-59)-(31-42)-(30-47)-(29-38)-(28-56)-(27-44)-(26-58)-(25-62)-(24-46)-(23-41)-(22-60)-(21-36)-(20-61)-(19-37)-(18-45)-(17-57)-(16-39)-(15-53)-(14-55)-(13-69)-(12-40)-(11-35)-(10-51)-(9-52)-(8-67)-(7-68)-(6-54)-(5-66)-(4-64)-(3-65)-(2-48)-(1-49)-(0-50)],0.0003559589385986328,0.018830299377441406,1,True,0
~?@E?????????????????????????????????????????????????????????????????????????????????????????????????????cP_?_??So??O?S_A?_?CQ_?COO?o?C?aH??????Lo??@Co?A?C_?_G?_A_?c?O??@d?_????@_AC@??O??_?U??G?_g?G??WA??I???S?P??@??B?P_?????CT???_???@_P??G???S??OG_???C@W?@?????O?CIO???A?@?@o???AG?G`?????@?CB?C?????_Oa_?????@POG??????GAO?GG?????OG?_?o????A?CGGA?????O@??L??????GAC?Q??????@OAB??????@@??@E??????CIO?C???????,[(34-63)-(33-43)-(32-59)-(31-42)-(30-47)-(29-38)-(28-56)-(27-44)-(26-58)-(25-62)-(24-46)-(23-41)-(22-60)-(21-36)-(20-61)-(19-37)-(18-45)-(17-57)-(16-39)-(15-53)-(14-55)-(13-69)-(12-40)-(11-35)-(10-51)-(9-52)-(8-67)-(7-68)-(6-54)-(5-66)-(4-64)-(3-65)-(2-48)-(1-49)-(0-50)],0.00036263465881347656,0.045461177825927734,2,True,0
~?@E???????????????????????????????????????????????????????????????????????????????????????????????????GE??_A?@A?EAC_@_?_?GEAO?Cg??A?O?OoO?A??C@_`??OOA__?AW???B??AS?@@???G@@GG?EOO?O???AQOG????@OOA?C???GKC?_????A`?a???SG?CC???OA?CGA????IC?D????g`??@????C?cG?_????_A@GG???OOI@??????@U?@?????@A?E?O??????_AF?????_?C_P?????O???Wg????@_AO?O?????g??AE????????Cco?????@GGO?@?????@AA@C?????????gAA_?????G??w?C??????,[(34-39)-(33-69)-(32-43)-(31-44)-(30-59)-(29-60)-(28-63)-(27-42)-(26-58)-(25-61)-(24-62)-(23-45)-(22-46)-(21-38)-(20-41)-(19-47)-(18-56)-(17-65)-(16-57)-(15-50)-(14-68)-(13-40)-(12-53)-(11-36)-(10-52)-(9-54)-(8-49)-(7-67)-(6-55)-(5-48)-(4-51)-(3-37)-(2-66)-(1-35)-(0-64)],0.0003821849822998047,0.027727842330932617,1,True,0
~?@E???????????????????????????????????????????????????????????????????????????????????????????????????GE??_A?@A?EAC_@_?_?GEAO?Cg??A?O?OoO?A??C@_`??OOA__?AW???B??AS?@@???G@@GG?EOO?O???AQOG????@OOA?C???GKC?_????A`?a???SG?CC???OA?CGA????IC?D????g`??@????C?cG?_????_A@GG???OOI@??????@U?@?????@A?E?O??????_AF?????_?C_P?????O???Wg????@_AO?O?????g??AE????????Cco?????@GGO?@?????@AA@C?????????gAA_?????G??w?C??????,[(34-39)-(33-69)-(32-43)-(31-44)-(30-59)-(29-60)-(28-63)-(27-42)-(26-58)-(25-61)-(24-62)-(23-45)-(22-46)-(21-38)-(20-41)-(19-47)-(18-56)-(17-65)-(16-57)-(15-50)-(14-68)-(13-40)-(12-53)-(11-36)-(10-52)-(9-54)-(8-49)-(7-67)-(6-55)-(5-48)-(4-51)-(3-37)-(2-66)-(1-35)-(0-64)],0.0003666877746582031,0.08791661262512207,4,True,0
~?@E???????????????????????????????????????????????????????????????????????????????????????????????????GE??_A?@A?EAC_@_?_?GEAO?Cg??A?O?OoO?A??C@_`??OOA__?AW???B??AS?@@???G@@GG?EOO?O???AQOG????@OOA?C???GKC?_????A`?a???SG?CC???OA?CGA????IC?D????g`??@????C?cG?_????_A@GG???OOI@??????@U?@?????@A?E?O??????_AF?????_?C_P?????O???Wg????@_AO?O?????g??AE????????Cco?????@GGO?@?????@AA@C?????????gAA_?????G??w?C??????,[(34-39)-(33-69)-(32-43)-(31-62)-(30-59)-(29-61)-(28-63)-(27-60)-(26-58)-(25-44)-(24-38)-(23-45)-(22-46)-(21-42)-(20-41)-(19-47)-(18-56)-(17-65)-(16-57)-(15-50)-(14-68)-(13-40)-(12-53)-(11-36)-(10-52)-(9-54)-(8-49)-(7-67)-(6-55)-(5-48)-(4-51)-(3-37)-(2-66)-(1-35)-(0-64)],0.0004222393035888672,0.01893925666809082,1,True,0
~?@E???????????????????????????????????????????????????????????????????????????????????????????????????GE??_A?@A?EAC_@_?_?GEAO?Cg??A?O?OoO?A??C@_`??OOA__?AW???B??AS?@@???G@@GG?EOO?O???AQOG????@OOA?C???GKC?_????A`?a???SG?CC???OA?CGA????IC?D????g`??@????C?cG?_????_A@GG???OOI@??????@U?@?????@A?E?O??????_AF?????_?C_P?????O???Wg????@_AO?O?????g??AE????????Cco?????@GGO?@?????@AA@C?????????gAA_?????G??w?C??????,[(34-39)-(33-69)-(32-43)-(31-62)-(30-59)-(29-61)-(28-63)-(27-60)-(26-58)-(25-44)-(24-38)-(23-45)-(22-46)-(21-42)-(20-41)-(19-47)-(18-56)-(17-65)-(16-57)-(15-50)-(14-68)-(13-40)-(12-53)-(11-36)-(10-52)-(9-54)-(8-49)-(7-67)-(6-55)-(5-48)-(4-51)-(3-37)-(2-66)-(1-35)-(0-64)],0.0004229545593261719,0.0638737678527832,3,True,0
~?@E???????????????????????????????????????????????????????????????????????????????????????????????????GE??_A?@A?EAC_@_?_?GEAO?Cg??A?O?OoO?A??C@_`??OOA__?AW???B??AS?@@???G@@GG?EOO?O???AQOG????@OOA?C???GKC?_????A`?a???SG?CC???OA?CGA????IC?D????g`??@????C?cG?_????_A@GG???OOI@??????@U?@?????@A?E?O??????_AF?????_?C_P?????O???Wg????@_AO?O?????g??AE????????Cco?????@GGO?@?????@AA@C?????????gAA_?????G??w?C??????,[(34-39)-(33-69)-(32-43)-(31-44)-(30-59)-(29-62)-(28-63)-(27-60)-(26-58)-(25-61)-(24-38)-(23-45)-(22-46)-(21-42)-(20-41)-(19-47)-(18-56)-(17-65)-(16-57)-(15-50)-(14-68)-(13-40)-(12-53)-(11-36)-(10-52)-(9-54)-(8-49)-(7-67)-(6-55)-(5-48)-(4-51)-(3-37)-(2-66)-(1-35)-(0-64)],0.00035119056701660156,0.046499013900756836,2,True,0
~?@E???????????????????????????????????????????????????????????????????????????????????????????????????GE??_A?@A?EAC_@_?_?GEAO?Cg??A?O?OoO?A??C@_`??OOA__?AW???B??AS?@@???G@@GG?EOO?O???AQOG????@OOA?C???GKC?_????A`?a???SG?CC???OA?CGA????IC?D????g`??@????C?cG?_????_A@GG???OOI@??????@U?@?????@A?E?O??????_AF?????_?C_P?????O???Wg????@_AO?O?????g??AE????????Cco?????@GGO?@?????@AA@C?????????gAA_?????G??w?C??????,[(34-39)-(33-69)-(32-43)-(31-44)-(30-59)-(29-62)-(28-63)-(27-60)-(26-58)-(25-61)-(24-38)-(23-45)-(22-46)-(21-42)-(20-41)-(19-47)-(18-56)-(17-65)-(16-57)-(15-50)-(14-68)-(13-40)-(12-53)-(11-36)-(10-52)-(9-54)-(8-49)-(7-67)-(6-55)-(5-48)-(4-51)-(3-37)-(2-66)-(1-35)-(0-64)],0.0003681182861328125,0.0631098747253418,3,True,0
~?@E???????????????????????????????????????????????????????????????????????????????????????????????????GE??_A?@A?EAC_@_?_?GEAO?Cg??A?O?OoO?A??C@_`??OOA__?AW???B??AS?@@???G@@GG?EOO?O???AQOG????@OOA?C???GKC?_????A`?a???SG?CC???OA?CGA????IC?D????g`??@????C?cG?_????_A@GG???OOI@??????@U?@?????@A?E?O??????_AF?????_?C_P?????O???Wg????@_AO?O?????g??AE????????Cco?????@GGO?@?????@AA@C?????????gAA_?????G??w?C??????,[(34-39)-(33-69)-(32-43)-(31-44)-(30-59)-(29-61)-(28-63)-(27-60)-(26-58)-(25-62)-(24-38)-(23-45)-(22-46)-(21-42)-(20-41)-(19-47)-(18-56)-(17-65)-(16-57)-(15-50)-(14-68)-(13-40)-(12-53)-(11-36)-(10-52)-(9-54)-(8-49)-(7-67)-(6-55)-(5-48)-(4-51)-(3-37)-(2-66)-(1-35)-(0-64)],0.0003523826599121094,0.019374608993530273,1,True,0
~?@E???????????????????????????????????????????????????????????????????????????????????????????????????GE??_A?@A?EAC_@_?_?GEAO?Cg??A?O?OoO?A??C@_`??OOA__?AW???B??AS?@@???G@@GG?EOO?O???AQOG????@OOA?C???GKC?_????A`?a???SG?CC???OA?CGA????IC?D????g`??@????C?cG?_????_A@GG???OOI@??????@U?@?????@A?E?O??????_AF?????_?C_P?????O???Wg????@_AO?O?????g??AE????????Cco?????@GGO?@?????@AA@C?????????gAA_?????G??w?C??????,[(34-39)-(33-69)-(32-43)-(31-44)-(30-59)-(29-61)-(28-63)-(27-60)-(26-58)-(25-62)-(24-38)-(23-45)-(22-46)-(21-42)-(20-41)-(19-47)-(18-56)-(17-65)-(16-57)-(15-50)-(14-68)-(13-40)-(12-53)-(11-36)-(10-52)-(9-54)-(8-49)-(7-67)-(6-55)-(5-48)-(4-51)-(3-37)-(2-66)-(1-35)-(0-64)],0.00035309791564941406,0.11105895042419434,5,True,0
~?@E???????????????????????????????????????????????????????????????????????????????????????????????????GE??_A?@A?EAC_@_?_?GEAO?Cg??A?O?OoO?A??C@_`??OOA__?AW???B??AS?@@???G@@GG?EOO?O???AQOG????@OOA?C???GKC?_????A`?a???SG?CC???OA?CGA????IC?D????g`??@????C?cG?_????_A@GG???OOI@??????@U?@?????@A?E?O??????_AF?????_?C_P?????O???Wg????@_AO?O?????g??AE????????Cco?????@GGO?@?????@AA@C?????????gAA_?????G??w?C??????,[(34-56)-(33-69)-(32-43)-(31-44)-(30-59)-(29-60)-(28-63)-(27-42)-(26-58)-(25-39)-(24-62)-(23-45)-(22-46)-(21-38)-(20-41)-(19-47)-(18-61)-(17-65)-(16-57)-(15-50)-(14-68)-(13-40)-(12-53)-(11-36)-(10-52)-(9-54)-(8-49)-(7-67)-(6-55)-(5-48)-(4-51)-(3-37)-(2-66)-(1-35)-(0-64)],0.0004444122314453125,0.045127153396606445,2,True,0
~?@E???????????????????????????????????????????????????????????????????????????????????????????????????GE??_A?@A?EAC_@_?_?GEAO?Cg??A?O?OoO?A??C@_`??OOA__?AW???B??AS?@@???G@@GG?EOO?O???AQOG????@OOA?C???GKC?_????A`?a???SG?CC???OA?CGA????IC?D????g`??@????C?cG?_????_A@GG???OOI@??????@U?@?????@A?E?O??????_AF?????_?C_P?????O???Wg????@_AO?O?????g??AE????????Cco?????@GGO?@?????@AA@C?????????gAA_?????G??w?C??????,[(34-56)-(33-69)-(32-43)-(31-44)-(30-59)-(29-60)-(28-63)-(27-42)-(26-58)-(25-39)-(24-62)-(23-45)-(22-46)-(21-38)-(20-41)-(19-47)-(18-61)-(17-65)-(16-57)-(15-50)-(14-68)-(13-40)-(12-53)-(11-36)-(10-52)-(9-54)-(8-49)-(7-67)-(6-55)-(5-48)-(4-51)-(3-37)-(2-66)-(1-35)-(0-64)],0.00037288665771484375,0.06378030776977539,3,True,0
~?@E???????????????????????????????????????????????????????????????????????????????????????????????????GE??_A?@A?EAC_@_?_?GEAO?Cg??A?O?OoO?A??C@_`??OOA__?AW???B??AS?@@???G@@GG?EOO?O???AQOG????@OOA?C???GKC?_????A`?a???SG?CC???OA?CGA????IC?D????g`??@????C?cG?_????_A@GG???OOI@??????@U?@?????@A?E?O??????_AF?????_?C_P?????O???Wg????@_AO?O?????g??AE????????Cco?????@GGO?@?????@AA@C?????????gAA_?????G??w?C??????,[(34-39)-(33-69)-(32-43)-(31-44)-(30-59)-(29-60)-(28-63)-(27-42)-(26-58)-(25-56)-(24-62)-(23-45)-(22-46)-(21-38)-(20-41)-(19-47)-(18-61)-(17-65)-(16-57)-(15-50)-(14-68)-(13-40)-(12-53)-(11-36)-(10-52)-(9-54)-(8-49)-(7-67)-(6-55)-(5-48)-(4-51)-(3-37)-(2-66)-(1-35)-(0-64)],0.00035953521728515625,0.01901721954345703,1,True,0
~?@E???????????????????????????????????????????????????????????????????????????????????????????????????GE??_A?@A?EAC_@_?_?GEAO?Cg??A?O?OoO?A??C@_`??OOA__?AW???B??AS?@@???G@@GG?EOO?O???AQOG????@OOA?C???GKC?_????A`?a???SG?CC???OA?CGA????IC?D????g`??@????C?cG?_????_A@GG???OOI@??????@U?@?????@A?E?O??????_AF?????_?C_P?????O???Wg????@_AO?O?????g??AE????????Cco?????@GGO?@?????@AA@C?????????gAA_?????G??w?C??????,[(34-39)-(33-69)-(32-43)-(31-44)-(30-59)-(29-60)-(28-63)-(27-42)-(26-58)-(25-56)-(24-62)-(23-45)-(22-46)-(21-38)-(20-41)-(19-47)-(18-61)-(17-65)-(16-57)-(15-50)-(14-68)-(13-40)-(12-53)-(11-36)-(10-52)-(9-54)-(8-49)-(7-67)-(6-55)-(5-48)-(4-51)-(3-37)-(2-66)-(1-35)-(0-64)],0.00038552284240722656,0.01936817169189453,1,True,0
~?@E???????????????????????????????????????????????????????????????????????????????????????????????????GE??_A?@A?EAC_@_?_?GEAO?Cg??A?O?OoO?A??C@_`??OOA__?AW???B??AS?@@???G@@GG?EOO?O???AQOG????@OOA?C???GKC?_????A`?a???SG?CC???OA?CGA????IC?D????g`??@????C?cG?_????_A@GG???OOI@??????@U?@?????@A?E?O??????_AF?????_?C_P?????O???Wg????@_AO?O?????g??AE????????Cco?????@GGO?@?????@AA@C?????????gAA_?????G??w?C??????,[(34-56)-(33-69)-(32-43)-(31-44)-(30-59)-(29-62)-(28-63)-(27-60)-(26-58)-(25-39)-(24-38)-(23-45)-(22-46)-(21-42)-(20-41)-(19-47)-(18-61)-(17-65)-(16-57)-(15-50)-(14-68)-(13-40)-(12-53)-(11-36)-(10-52)-(9-54)-(8-49)-(7-67)-(6-55)-(5-48)-(4-51)-(3-37)-(2-66)-(1-35)-(0-64)],0.0004394054412841797,0.046276092529296875,2,True,0
~?@E???????????????????????????????????????????????????????????????????????????????????????????????????GE??_A?@A?EAC_@_?_?GEAO?Cg??A?O?OoO?A??C@_`??OOA__?AW???B??AS?@@???G@@GG?EOO?O???AQOG????@OOA?C???GKC?_????A`?a???SG?CC???OA?CGA????IC?D????g`??@????C?cG?_????_A@GG???OOI@??????@U?@?????@A?E?O??????_AF?????_?C_P?????O???Wg????@_AO?O?????g??AE????????Cco?????@GGO?@?????@AA@C?????????gAA_?????G??w?C??????,[(34-56)-(33-69)-(32-43)-(31-44)-(30-59)-(29-62)-(28-63)-(27-60)-(26-58)-(25-39)-(24-38)-(23-45)-(22-46)-(21-42)-(20-41)-(19-47)-(18-61)-(17-65)-(16-57)-(15-50)-(14-68)-(13-40)-(12-53)-(11-36)-(10-52)-(9-54)-(8-49)-(7-67)-(6-55)-(5-48)-(4-51)-(3-37)-(2-66)-(1-35)-(0-64)],0.0003719329833984375,0.028843402862548828,1,True,0
~?@E???????????????????????????????????????????????????????????????????????????????????????????????????GE??_A?@A?EAC_@_?_?GEAO?Cg??A?O?OoO?A??C@_`??OOA__?AW???B??AS?@@???G@@GG?EOO?O???AQOG????@OOA?C???GKC?_????A`?a???SG?CC???OA?CGA????IC?D????g`??@????C?cG?_????_A@GG???OOI@??????@U?@?????@A?E?O??????_AF?????_?C_P?????O???Wg????@_AO?O?????g??AE????????Cco?????@GGO?@?????@AA@C?????????gAA_?????G??w?C??????,[(34-39)-(33-69)-(32-43)-(31-44)-(30-59)-(29-62)-(28-63)-(27-60)-(26-58)-(25-56)-(24-38)-(23-45)-(22-46)-(21-42)-(20-41)-(19-47)-(18-61)-(17-65)-(16-57)-(15-50)-(14-68)-(13-40)-(12-53)-(11-36)-(10-52)-(9-54)-(8-49)-(7-67)-(6-55)-(5-48)-(4-51)-(3-37)-(2-66)-(1-35)-(0-64)],0.00037980079650878906,0.08466410636901855,4,True,0
~?@E???????????????????????????????????????????????????????????????????????????????????????????????????GE??_A?@A?EAC_@_?_?GEAO?Cg??A?O?OoO?A??C@_`??OOA__?AW???B??AS?@@???G@@GG?EOO?O???AQOG????@OOA?C???GKC?_????A`?a???SG?CC???OA?CGA????IC?D????g`??@????C?cG?_????_A@GG???OOI@??????@U?@?????@A?E?O??????_AF?????_?C_P?????O???Wg????@_AO?O?????g??AE????????Cco?????@GGO?@?????@AA@C?????????gAA_?????G??w?C??????,[(34-39)-(33-69)-(32-43)-(31-44)-(30-59)-(29-62)-(28-63)-(27-60)-(26-58)-(25-56)-(24-38)-(23-45)-(22-46)-(21-42)-(20-41)-(19-47)-(18-61)-(17-65)-(16-57)-(15-50)-(14-68)-(13-40)-(12-53)-(11-36)-(10-52)-(9-54)-(8-49)-(7-67)-(6-55)-(5-48)-(4-51)-(3-37)-(2-66)-(1-35)-(0-64)],0.00037789344787597656,0.10626697540283203,5,True,0
~?@E???????????????????????????????????????????????????????????????????????????????????????????????????GE??_A?@A?EAC_@_?_?GEAO?Cg??A?O?OoO?A??C@_`??OOA__?AW???B??AS?@@???G@@GG?EOO?O???AQOG????@OOA?C???GKC?_????A`?a???SG?CC???OA?CGA????IC?D????g`??@????C?cG?_????_A@GG???OOI@??????@U?@?????@A?E?O??????_AF?????_?C_P?????O???Wg????@_AO?O?????g??AE????????Cco?????@GGO?@?????@AA@C?????????gAA_?????G??w?C??????,[(34-39)-(33-69)-(32-43)-(31-44)-(30-59)-(29-60)-(28-63)-(27-42)-(26-58)-(25-61)-(24-62)-(23-65)-(22-46)-(21-38)-(20-41)-(19-47)-(18-56)-(17-45)-(16-57)-(15-50)-(14-68)-(13-40)-(12-53)-(11-36)-(10-52)-(9-54)-(8-49)-(7-67)-(6-55)-(5-48)-(4-51)-(3-37)-(2-66)-(1-35)-(0-64)],0.00036072731018066406,0.06778192520141602,3,True,0
~?@E???????????????????????????????????????????????????????????????????????????????????????????????????GE??_A?@A?EAC_@_?_?GEAO?Cg??A?O?OoO?A??C@_`??OOA__?AW???B??AS?@@???G@@GG?EOO?O???AQOG????@OOA?C???GKC?_????A`?a???SG?CC???OA?CGA????IC?D????g`??@????C?cG?_????_A@GG???OOI@??????@U?@?????@A?E?O??????_AF?????_?C_P?????O???Wg????@_AO?O?????g??AE????????Cco?????@GGO?@?????@AA@C?????????gAA_?????G??w?C??????,[(34-39)-(33-69)-(32-43)-(31-44)-(30-59)-(29-60)-(28-63)-(27-42)-(26-58)-(25-61)-(24-62)-(23-65)-(22-46)-(21-38)-(20-41)-(19-47)-(18-56)-(17-45)-(16-57)-(15-50)-(14-68)-(13-40)-(12-53)-(11-36)-(10-52)-(9-54)-(8-49)-(7-67)-(6-55)-(5-48)-(4-51)-(3-37)-(2-66)-(1-35)-(0-64)],0.0003647804260253906,0.10678386688232422,5,True,0
~?@E???????????????????????????????????????????????????????????????????????????????????????????????????GE??_A?@A?EAC_@_?_?GEAO?Cg??A?O?OoO?A??C@_`??OOA__?AW???B??AS?@@???G@@GG?EOO?O???AQOG????@OOA?C???GKC?_????A`?a???SG?CC???OA?CGA????IC?D????g`??@????C?cG?_????_A@GG???OOI@??????@U?@?????@A?E?O??????_AF?????_?C_P?????O???Wg????@_AO?O?????g??AE????????Cco?????@GGO?@?????@AA@C?????????gAA_?????G??w?C??????,[(34-39)-(33-69)-(32-43)-(31-62)-(30-59)-(29-61)-(28-63)-(27-60)-(26-58)-(25-44)-(24-38)-(23-65)-(22-46)-(21-42)-(20-41)-(19-47)-(18-56)-(17-45)-(16-57)-(15-50)-(14-68)-(13-40)-(12-53)-(11-36)-(10-52)-(9-54)-(8-49)-(7-67)-(6-55)-(5-48)-(4-51)-(3-37)-(2-66)-(1-35)-(0-64)],0.0003514289855957031,0.04582953453063965,2,True,0
~?@E???????????????????????????????????????????????????????????????????????????????????????????????????GE??_A?@A?EAC_@_?_?GEAO?Cg??A?O?OoO?A??C@_`??OOA__?AW???B??AS?@@???G@@GG?EOO?O???AQOG????@OOA?C???GKC?_????A`?a???SG?CC???OA?CGA????IC?D????g`??@????C?cG?_????_A@GG???OOI@??????@U?@?????@A?E?O??????_AF?????_?C_P?????O???Wg????@_AO?O?????g??AE????????Cco?????@GGO?@?????@AA@C?????????gAA_?????G??w?C??????,[(34-39)-(33-69)-(32-43)-(31-62)-(30-59)-(29-61)-(28-63)-(27-60)-(26-58)-(25-44)-(24-38)-(23-65)-(22-46)-(21-42)-(20-41)-(19-47)-(18-56)-(17-45)-(16-57)-(15-50)-(14-68)-(13-40)-(12-53)-(11-36)-(10-52)-(9-54)-(8-49)-(7-67)-(6-55)-(5-48)-(4-51)-(3-37)-(2-66)-(1-35)-(0-64)],0.0003833770751953125,0.06415414810180664,3,True,0
~?@E???????????????????????????????????????????????????????????????????????????????????????????????????BC?@O?_AGAO?GCK??A@??G_B????`M??_@ACA?aA??O_A???d?_?B??@I??_@AA?O??B?Ga??C?AG??o??_@A`????IC?@_??CA_?C_??@?_?CK??Ag?A?_????C`g?????__C?GO??C?O?WG????O?c?OO??ADO_???????PIG?????AE?OA?????O?p@??????E_?`??????CGo??O?????A?GGK?????GA`?@?????GC@?O_????@@CH???????A???i@????????@cK??????C?o?g???????_OoC???????,[(34-46)-(33-42)-(32-63)-(31-61)-(30-67)-(29-43)-(28-47)-(27-40)-(26-39)-(25-62)-(24-35)-(23-60)-(22-59)-(21-66)-(20-45)-(19-38)-(18-55)-(17-53)-(16-58)-(15-37)-(14-68)-(13-44)-(12-41)-(11-57)-(10-54)-(9-52)-(8-48)-(7-56)-(6-69)-(5-51)-(4-50)-(3-49)-(2-64)-(1-65)-(0-36)],0.0003802776336669922,0.044884681701660156,2,True,0
~?@E???????????????????????????????????????????????????????????????????????????????????????????????????BC?@O?_AGAO?GCK??A@??G_B????`M??_@ACA?aA??O_A???d?_?B??@I??_@AA?O??B?Ga??C?AG??o??_@A`????IC?@_??CA_?C_??@?_?CK??Ag?A?_????C`g?????__C?GO??C?O?WG????O?c?OO??ADO_???????PIG?????AE?OA?????O?p@??????E_?`??????CGo??O?????A?GGK?????GA`?@?????GC@?O_????@@CH???????A???i@????????@cK??????C?o?g???????_OoC???????,[(34-46)-(33-42)-(32-63)-(31-61)-(30-67)-(29-43)-(28-47)-(27-40)-(26-39)-(25-62)-(24-35)-(23-60)-(22-59)-(21-66)-(20-45)-(19-38)-(18-55)-(17-53)-(16-58)-(15-37)-(14-68)-(13-44)-(12-41)-(11-57)-(10-54)-(9-52)-(8-48)-(7-56)-(6-69)-(5-51)-(4-50)-(3-49)-(2-64)-(1-65)-(0-36)],0.0003666877746582031,0.06587433815002441,3,True,0
~?@E???????????????????????????????????????????????????????????????????????????????????????????????????BC?@O?_AGAO?GCK??A@??G_B????`M??_@ACA?aA??O_A???d?_?B??@I??_@AA?O??B?Ga??C?AG??o??_@A`????IC?@_??CA_?C_??@?_?CK??Ag?A?_????C`g?????__C?GO??C?O?WG????O?c?OO??ADO_???????PIG?????AE?OA?????O?p@??????E_?`??????CGo??O?????A?GGK?????GA`?@?????GC@?O_????@@CH???????A???i@????????@cK??????C?o?g???????_OoC???????,[(34-46)-(33-42)-(32-63)-(31-61)-(30-39)-(29-67)-(28-47)-(27-40)-(26-43)-(25-62)-(24-35)-(23-60)-(22-59)-(21-66)-(20-45)-(19-38)-(18-55)-(17-53)-(16-58)-(15-37)-(14-68)-(13-44)-(12-41)-(11-57)-(10-54)-(9-52)-(8-48)-(7-56)-(6-69)-(5-51)-(4-50)-(3-49)-(2-64)-(1-65)-(0-36)],0.0003657341003417969,0.06417155265808105,3,True,0
~?@E???????????????????????????????????????????????????????????????????????????????????????????????????BC?@O?_AGAO?GCK??A@??G_B????`M??_@ACA?aA??O_A???d?_?B??@I??_@AA?O??B?Ga??C?AG??o??_@A`????IC?@_??CA_?C_??@?_?CK??Ag?A?_????C`g?????__C?GO??C?O?WG????O?c?OO??ADO_???????PIG?????AE?OA?????O?p@??????E_?`??????CGo??O?????A?GGK?????GA`?@?????GC@?O_????@@CH???????A???i@????????@cK??????C?o?g???????_OoC???????,[(34-46)-(33-42)-(32-63)-(31-61)-(30-39)-(29-67)-(28-47)-(27-40)-(26-43)-(25-62)-(24-35)-(23-60)-(22-59)-(21-66)-(20-45)-(19-38)-(18-55)-(17-53)-(16-58)-(15-37)-(14-68)-(13-44)-(12-41)-(11-57)-(10-54)-(9-52)-(8-48)-(7-56)-(6-69)-(5-51)-(4-50)-(3-49)-(2-64)-(1-65)-(0-36)],0.0003750324249267578,0.04491782188415527,2,True,0
~?@E???????????????????????????????????????????????????????????????????????????????????????????????????BC?@O?_AGAO?GCK??A@??G_B????`M??_@ACA?aA??O_A???d?_?B??@I??_@AA?O??B?Ga??C?AG??o??_@A`????IC?@_??CA_?C_??@?_?CK??Ag?A?_????C`g?????__C?GO??C?O?WG????O?c?OO??ADO_???????PIG?????AE?OA?????O?p@??????E_?`??????CGo??O?????A?GGK?????GA`?@?????GC@?O_????@@CH???????A???i@????????@cK??????C?o?g???????_OoC???????,[(34-46)-(33-42)-(32-63)-(31-61)-(30-67)-(29-39)-(28-47)-(27-40)-(26-43)-(25-62)-(24-35)-(23-60)-(22-59)-(21-66)-(20-45)-(19-38)-(18-55)-(17-53)-(16-58)-(15-37)-(14-68)-(13-44)-(12-41)-(11-57)-(10-54)-(9-52)-(8-48)-(7-56)-(6-69)-(5-51)-(4-50)-(3-49)-(2-64)-(1-65)-(0-36)],0.0003681182861328125,0.044352054595947266,2,True,0
~?@E???????????????????????????????????????????????????????????????????????????????????????????????????BC?@O?_AGAO?GCK??A@??G_B????`M??_@ACA?aA??O_A???d?_?B??@I??_@AA?O??B?Ga??C?AG??o??_@A`????IC?@_??CA_?C_??@?_?CK??Ag?A?_????C`g?????__C?GO??C?O?WG????O?c?OO??ADO_???????PIG?????AE?OA?????O?p@??????E_?`??????CGo??O?????A?GGK?????GA`?@?????GC@?O_????@@CH???????A???i@????????@cK??????C?o?g???????_OoC???????,[(34-46)-(33-42)-(32-63)-(31-61)-(30-67)-(29-39)-(28-47)-(27-40)-(26-43)-(25-62)-(24-35)-(23-60)-(22-59)-(21-66)-(20-45)-(19-38)-(18-55)-(17-53)-(16-58)-(15-37)-(14-68)-(13-44)-(12-41)-(11-57)-(10-54)-(9-52)-(8-48)-(7-56)-(6-69)-(5-51)-(4-50)-(3-49)-(2-64)-(1-65)-(0-36)],0.0004630088806152344,0.08449459075927734,4,True,0
~?@E???????????????????????????????????????????????????????????????????????????????????????????????????BC?@O?_AGAO?GCK??A@??G_B????`M??_@ACA?aA??O_A???d?_?B??@I??_@AA?O??B?Ga??C?AG??o??_@A`????IC?@_??CA_?C_??@?_?CK??Ag?A?_????C`g?????__C?GO??C?O?WG????O?c?OO??ADO_???????PIG?????AE?OA?????O?p@??????E_?`??????CGo??O?????A?GGK?????GA`?@?????GC@?O_????@@CH???????A???i@????????@cK??????C?o?g???????_OoC???????,[(34-46)-(33-42)-(32-62)-(31-61)-(30-67)-(29-43)-(28-45)-(27-40)-(26-39)-(25-66)-(24-35)-(23-60)-(22-59)-(21-47)-(20-63)-(19-38)-(18-55)-(17-53)-(16-58)-(15-37)-(14-68)-(13-44)-(12-41)-(11-57)-(10-54)-(9-52)-(8-48)-(7-56)-(6-69)-(5-51)-(4-50)-(3-49)-(2-64)-(1-65)-(0-36)],0.0003955364227294922,0.018265247344970703,1,True,0
~?@E???????????????????????????????????????????????????????????????????????????????????????????????????BC?@O?_AGAO?GCK??A@??G_B????`M??_@ACA?aA??O_A???d?_?B??@I??_@AA?O??B?Ga??C?AG??o??_@A`????IC?@_??CA_?C_??@?_?CK??Ag?A?_????C`g?????__C?GO??C?O?WG????O?c?OO??ADO_???????PIG?????AE?OA?????O?p@??????E_?`??????CGo??O?????A?GGK?????GA`?@?????GC@?O_????@@CH???????A???i@????????@cK??????C?o?g???????_OoC???????,[(34-46)-(33-42)-(32-62)-(31-61)-(30-67)-(29-43)-(28-45)-(27-40)-(26-39)-(25-66)-(24-35)-(23-60)-(22-59)-(21-47)-(20-63)-(19-38)-(18-55)-(17-53)-(16-58)-(15-37)-(14-68)-(13-44)-(12-41)-(11-57)-(10-54)-(9-52)-(8-48)-(7-56)-(6-69)-(5-51)-(4-50)-(3-49)-(2-64)-(1-65)-(0-36)],0.0003807544708251953,0.06434035301208496,3,True,0
~?@E???????????????????????????????????????????????????????????????????????????????????????????????????BC?@O?_AGAO?GCK??A@??G_B????`M??_@ACA?aA??O_A???d?_?B??@I??_@AA?O??B?Ga??C?AG??o??_@A`????IC?@_??CA_?C_??@?_?CK??Ag?A?_????C`g?????__C?GO??C?O?WG????O?c?OO??ADO_???????PIG?????AE?OA?????O?p@??????E_?`??????CGo??O?????A?GGK?????GA`?@?????GC@?O_????@@CH???????A???i@????????@cK??????C?o?g???????_OoC???????,[(34-46)-(33-42)-(32-62)-(31-61)-(30-39)-(29-67)-(28-45)-(27-40)-(26-43)-(25-66)-(24-35)-(23-60)-(22-59)-(21-47)-(20-63)-(19-38)-(18-55)-(17-53)-(16-58)-(15-37)-(14-68)-(13-44)-(12-41)-(11-57)-(10-54)-(9-52)-(8-48)-(7-56)-(6-69)-(5-51)-(4-50)-(3-49)-(2-64)-(1-65)-(0-36)],0.00036978721618652344,0.029056549072265625,1,True,0
~?@E???????????????????????????????????????????????????????????????????????????????????????????????????BC?@O?_AGAO?GCK??A@??G_B????`M??_@ACA?aA??O_A???d?_?B??@I??_@AA?O??B?Ga??C?AG??o??_@A`????IC?@_??CA_?C_??@?_?CK??Ag?A?_????C`g?????__C?GO??C?O?WG????O?c?OO??ADO_???????PIG?????AE?OA?????O?p@??????E_?`??????CGo??O?????A?GGK?????GA`?@?????GC@?O_????@@CH???????A???i@????????@cK??????C?o?g???????_OoC???????,[(34-46)-(33-42)-(32-62)-(31-61)-(30-39)-(29-67)-(28-45)-(27-40)-(26-43)-(25-66)-(24-35)-(23-60)-(22-59)-(21-47)-(20-63)-(19-38)-(18-55)-(17-53)-(16-58)-(15-37)-(14-68)-(13-44)-(12-41)-(11-57)-(10-54)-(9-52)-(8-48)-(7-56)-(6-69)-(5-51)-(4-50)-(3-49)-(2-64)-(1-65)-(0-36)],0.00041675567626953125,0.04472041130065918,2,True,0
~?@E???????????????????????????????????????????????????????????????????????????????????????????????????BC?@O?_AGAO?GCK??A@??G_B????`M??_@ACA?aA??O_A???d?_?B??@I??_@AA?O??B?Ga??C?AG??o??_@A`????IC?@_??CA_?C_??@?_?CK??Ag?A?_????C`g?????__C?GO??C?O?WG????O?c?OO??ADO_???????PIG?????AE?OA?????O?p@??????E_?`??????CGo??O?????A?GGK?????GA`?@?????GC@?O_????@@CH???????A???i@????????@cK??????C?o?g???????_OoC???????,[(34-46)-(33-42)-(32-62)-(31-61)-(30-67)-(29-39)-(28-45)-(27-40)-(26-43)-(25-66)-(24-35)-(23-60)-(22-59)-(21-47)-(20-63)-(19-38)-(18-55)-(17-53)-(16-58)-(15-37)-(14-68)-(13-44)-(12-41)-(11-57)-(10-54)-(9-52)-(8-48)-(7-56)-(6-69)-(5-51)-(4-50)-(3-49)-(2-64)-(1-65)-(0-36)],0.0003714561462402344,0.028391122817993164,1,True,0
~?@E???????????????????????????????????????????????????????????????????????????????????????????????????BC?@O?_AGAO?GCK??A@??G_B????`M??_@ACA?aA??O_A???d?_?B??@I??_@AA?O??B?Ga??C?AG??o??_@A`????IC?@_??CA_?C_??@?_?CK??Ag?A?_????C`g?????__C?GO??C?O?WG????O?c?OO??ADO_???????PIG?????AE?OA?????O?p@??????E_?`??????CGo??O?????A?GGK?????GA`?@?????GC@?O_????@@CH???????A???i@????????@cK??????C?o?g???????_OoC???????,[(34-46)-(33-42)-(32-62)-(31-61)-(30-67)-(29-39)-(28-45)-(27-40)-(26-43)-(25-66)-(24-35)-(23-60)-(22-59)-(21-47)-(20-63)-(19-38)-(18-55)-(17-53)-(16-58)-(15-37)-(14-68)-(13-44)-(12-41)-(11-57)-(10-54)-(9-52)-(8-48)-(7-56)-(6-69)-(5-51)-(4-50)-(3-49)-(2-64)-(1-65)-(0-36)],0.0003657341003417969,0.06477522850036621,3,True,0
~?@E???????????????????????????????????????????????????????????????????????????????????????????????????BC?@O?_AGAO?GCK??A@??G_B????`M??_@ACA?aA??O_A???d?_?B??@I??_@AA?O??B?Ga??C?AG??o??_@A`????IC?@_??CA_?C_??@?_?CK??Ag?A?_????C`g?????__C?GO??C?O?WG????O?c?OO??ADO_???????PIG?????AE?OA?????O?p@??????E_?`??????CGo??O?????A?GGK?????GA`?@?????GC@?O_????@@CH???????A???i@????????@cK??????C?o?g???????_OoC???????,[(34-46)-(33-42)-(32-66)-(31-61)-(30-67)-(29-43)-(28-45)-(27-40)-(26-39)-(25-62)-(24-35)-(23-60)-(22-59)-(21-47)-(20-63)-(19-38)-(18-55)-(17-53)-(16-58)-(15-37)-(14-68)-(13-44)-(12-41)-(11-57)-(10-54)-(9-52)-(8-48)-(7-56)-(6-69)-(5-51)-(4-50)-(3-49)-(2-64)-(1-65)-(0-36)],0.0003681182861328125,0.028624296188354492,1,True,0
~?@E???????????????????????????????????????????????????????????????????????????????????????????????????BC?@O?_AGAO?GCK??A@??G_B????`M??_@ACA?aA??O_A???d?_?B??@I??_@AA?O??B?Ga??C?AG??o??_@A`????IC?@_??CA_?C_??@?_?CK??Ag?A?_????C`g?????__C?GO??C?O?WG????O?c?OO??ADO_???????PIG?????AE?OA?????O?p@??????E_?`??????CGo??O?????A?GGK?????GA`?@?????GC@?O_????@@CH???????A???i@????????@cK??????C?o?g???????_OoC???????,[(34-46)-(33-42)-(32-66)-(31-61)-(30-67)-(29-43)-(28-45)-(27-40)-(26-39)-(25-62)-(24-35)-(23-60)-(22-59)-(21-47)-(20-63)-(19-38)-(18-55)-(17-53)-(16-58)-(15-37)-(14-68)-(13-44)-(12-41)-(11-57)-(10-54)-(9-52)-(8-48)-(7-56)-(6-69)-(5-51)-(4-50)-(3-49)-(2-64)-(1-65)-(0-36)],0.00039005279541015625,0.06376194953918457,3,True,0
~?@E???????????????????????????????????????????????????????????????????????????????????????????????????BC?@O?_AGAO?GCK??A@??G_B????`M??_@ACA?aA??O_A???d?_?B??@I??_@AA?O??B?Ga??C?AG??o??_@A`????IC?@_??CA_?C_??@?_?CK??Ag?A?_????C`g?????__C?GO??C?O?WG????O?c?OO??ADO_???????PIG?????AE?OA?????O?p@??????E_?`??????CGo??O?????A?GGK?????GA`?@?????GC@?O_????@@CH???????A???i@????????@cK??????C?o?g???????_OoC???????,[(34-46)-(33-42)-(32-66)-(31-61)-(30-39)-(29-67)-(28-45)-(27-40)-(26-43)-(25-62)-(24-35)-(23-60)-(22-59)-(21-47)-(20-63)-(19-38)-(18-55)-(17-53)-(16-58)-(15-37)-(14-68)-(13-44)-(12-41)-(11-57)-(10-54)-(9-52)-(8-48)-(7-56)-(6-69)-(5-51)-(4-50)-(3-49)-(2-64)-(1-65)-(0-36)],0.0003604888916015625,0.045320987701416016,2,True,0
~?@E???????????????????????????????????????????????????????????????????????????????????????????????????BC?@O?_AGAO?GCK??A@??G_B????`M??_@ACA?aA??O_A???d?_?B??@I??_@AA?O??B?Ga??C?AG??o??_@A`????IC?@_??CA_?C_??@?_?CK??Ag?A?_????C`g?????__C?GO??C?O?WG????O?c?OO??ADO_???????PIG?????AE?OA?????O?p@??????E_?`??????CGo??O?????A?GGK?????GA`?@?????GC@?O_????@@CH???????A???i@????????@cK??????C?o?g???????_OoC???????,[(34-46)-(33-42)-(32-66)-(31-61)-(30-39)-(29-67)-(28-45)-(27-40)-(26-43)-(25-62)-(24-35)-(23-60)-(22-59)-(21-47)-(20-63)-(19-38)-(18-55)-(17-53)-(16-58)-(15-37)-(14-68)-(13-44)-(12-41)-(11-57)-(10-54)-(9-52)-(8-48)-(7-56)-(6-69)-(5-51)-(4-50)-(3-49)-(2-64)-(1-65)-(0-36)],0.0003695487976074219,0.047849416732788086,2,True,0
~?@E???????????????????????????????????????????????????????????????????????????????????????????????????BC?@O?_AGAO?GCK??A@??G_B????`M??_@ACA?aA??O_A???d?_?B??@I??_@AA?O??B?Ga??C?AG??o??_@A`????IC?@_??CA_?C_??@?_?CK??Ag?A?_????C`g?????__C?GO??C?O?WG????O?c?OO??ADO_???????PIG?????AE?OA?????O?p@??????E_?`??????CGo??O?????A?GGK?????GA`?@?????GC@?O_????@@CH???????A???i@????????@cK??????C?o?g???????_OoC???????,[(34-46)-(33-42)-(32-66)-(31-61)-(30-67)-(29-39)-(28-45)-(27-40)-(26-43)-(25-62)-(24-35)-(23-60)-(22-59)-(21-47)-(20-63)-(19-38)-(18-55)-(17-53)-(16-58)-(15-37)-(14-68)-(13-44)-(12-41)-(11-57)-(10-54)-(9-52)-(8-48)-(7-56)-(6-69)-(5-51)-(4-50)-(3-49)-(2-64)-(1-65)-(0-36)],0.0004994869232177734,0.06316494941711426,3,True,0
~?@E???????????????????????????????????????????????????????????????????????????????????????????????????BC?@O?_AGAO?GCK??A@??G_B????`M??_@ACA?aA??O_A???d?_?B??@I??_@AA?O??B?Ga??C?AG??o??_@A`????IC?@_??CA_?C_??@?_?CK??Ag?A?_????C`g?????__C?GO??C?O?WG????O?c?OO??ADO_???????PIG?????AE?OA?????O?p@??????E_?`??????CGo??O?????A?GGK?????GA`?@?????GC@?O_????@@CH???????A???i@????????@cK??????C?o?g???????_OoC???????,[(34-46)-(33-42)-(32-66)-(31-61)-(30-67)-(29-39)-(28-45)-(27-40)-(26-43)-(25-62)-(24-35)-(23-60)-(22-59)-(21-47)-(20-63)-(19-38)-(18-55)-(17-53)-(16-58)-(15-37)-(14-68)-(13-44)-(12-41)-(11-57)-(10-54)-(9-52)-(8-48)-(7-56)-(6-69)-(5-51)-(4-50)-(3-49)-(2-64)-(1-65)-(0-36)],0.0003674030303955078,0.06442642211914062,3,True,0
~?@E???????????????????????????????????????????????????????????????????????????????????????????????????BC?@O?_AGAO?GCK??A@??G_B????`M??_@ACA?aA??O_A???d?_?B??@I??_@AA?O??B?Ga??C?AG??o??_@A`????IC?@_??CA_?C_??@?_?CK??Ag?A?_????C`g?????__C?GO??C?O?WG????O?c?OO??ADO_???????PIG?????AE?OA?????O?p@??????E_?`??????CGo??O?????A?GGK?????GA`?@?????GC@?O_????@@CH???????A???i@????????@cK??????C?o?g???????_OoC???????,[(34-46)-(33-38)-(32-63)-(31-61)-(30-39)-(29-43)-(28-45)-(27-40)-(26-42)-(25-66)-(24-35)-(23-60)-(22-59)-(21-47)-(20-67)-(19-62)-(18-55)-(17-53)-(16-58)-(15-37)-(14-68)-(13-44)-(12-41)-(11-57)-(10-54)-(9-52)-(8-48)-(7-56)-(6-69)-(5-51)-(4-50)-(3-49)-(2-64)-(1-65)-(0-36)],0.0005536079406738281,0.02886509895324707,1,True,0
~?@E???????????????????????????????????????????????????????????????????????????????????????????????????BC?@O?_AGAO?GCK??A@??G_B????`M??_@ACA?aA??O_A???d?_?B??@I??_@AA?O??B?Ga??C?AG??o??_@A`????IC?@_??CA_?C_??@?_?CK??Ag?A?_????C`g?????__C?GO??C?O?WG????O?c?OO??ADO_???????PIG?????AE?OA?????O?p@??????E_?`??????CGo??O?????A?GGK?????GA`?@?????GC@?O_????@@CH???????A???i@????????@cK??????C?o?g???????_OoC???????,[(34-46)-(33-38)-(32-63)-(31-61)-(30-39)-(29-43)-(28-45)-(27-40)-(26-42)-(25-66)-(24-35)-(23-60)-(22-59)-(21-47)-(20-67)-(19-62)-(18-55)-(17-53)-(16-58)-(15-37)-(14-68)-(13-44)-(12-41)-(11-57)-(10-54)-(9-52)-(8-48)-(7-56)-(6-69)-(5-51)-(4-50)-(3-49)-(2-64)-(1-65)-(0-36)],0.0003612041473388672,0.019069194793701172,1,True,0
~?@E???????????????????????????????????????????????????????????????????????????????????????????????????CA?__C??@?EE??W??eG?OGS?E@CA???AO?_OO?G_O?Q??EAAG??C??OcG??O?OW_??h?O??A??_@GOA??C@AO?_?????GHc????@x????@PC@????@?K??@O??A_AK?????C?_@_O??A?P??A_???AC?QO???AP?C?A????_?O??Y????@G?H@????IH??_?????C_??s?????@?AgC??????A_AO_?????CI?a??????GC_GA???????WGAC???????g??p?????AG?_?S??????K_OG????????GAo?O??????,[(34-45)-(33-48)-(32-35)-(31-57)-(30-41)-(29-47)-(28-36)-(27-60)-(26-58)-(25-63)-(24-38)-(23-59)-(22-46)-(21-62)-(20-61)-(19-42)-(18-40)-(17-49)-(16-43)-(15-44)-(14-53)-(13-37)-(12-51)-(11-66)-(10-54)-(9-65)-(8-69)-(7-55)-(6-52)-(5-68)-(4-50)-(3-56)-(2-64)-(1-67)-(0-39)],0.0003731250762939453,0.04675555229187012,2,True,0
~?@E???????????????????????????????????????????????????????????????????????????????????????????????????CA?__C??@?EE??W??eG?OGS?E@CA???AO?_OO?G_O?Q??EAAG??C??OcG??O?OW_??h?O??A??_@GOA??C@AO?_?????GHc????@x????@PC@????@?K??@O??A_AK?????C?_@_O??A?P??A_???AC?QO???AP?C?A????_?O??Y????@G?H@????IH??_?????C_??s?????@?AgC??????A_AO_?????CI?a??????GC_GA???????WGAC???????g??p?????AG?_?S??????K_OG????????GAo?O??????,[(34-45)-(33-48)-(32-35)-(31-57)-(30-41)-(29-47)-(28-36)-(27-60)-(26-58)-(25-63)-(24-38)-(23-59)-(22-46)-(21-62)-(20-61)-(19-42)-(18-40)-(17-49)-(16-43)-(15-44)-(14-53)-(13-37)-(12-51)-(11-66)-(10-54)-(9-65)-(8-69)-(7-55)-(6-52)-(5-68)-(4-50)-(3-56)-(2-64)-(1-67)-(0-39)],0.0003731250762939453,0.0647134780883789,3,True,0
~?@E???????????????????????????????????????????????????????????????????????????????????????????????????CA?__C??@?EE??W??eG?OGS?E@CA???AO?_OO?G_O?Q??EAAG??C??OcG??O?OW_??h?O??A??_@GOA??C@AO?_?????GHc????@x????@PC@????@?K??@O??A_AK?????C?_@_O??A?P??A_???AC?QO???AP?C?A????_?O??Y????@G?H@????IH??_?????C_??s?????@?AgC??????A_AO_?????CI?a??????GC_GA???????WGAC???????g??p?????AG?_?S??????K_OG????????GAo?O??????,[(34-45)-(33-48)-(32-35)-(31-57)-(30-41)-(29-62)-(28-36)-(27-60)-(26-58)-(25-40)-(24-38)-(23-59)-(22-46)-(21-63)-(20-61)-(19-42)-(18-47)-(17-49)-(16-43)-(15-44)-(14-53)-(13-37)-(12-51)-(11-66)-(10-54)-(9-65)-(8-69)-(7-55)-(6-52)-(5-68)-(4-50)-(3-56)-(2-64)-(1-67)-(0-39)],0.0004146099090576172,0.04586958885192871,2,True,0
~?@E???????????????????????????????????????????????????????????????????????????????????????????????????CA?__C??@?EE??W??eG?OGS?E@CA???AO?_OO?G_O?Q??EAAG??C??OcG??O?OW_??h?O??A??_@GOA??C@AO?_?????GHc????@x????@PC@????@?K??@O??A_AK?????C?_@_O??A?P??A_???AC?QO???AP?C?A????_?O??Y????@G?H@????IH??_?????C_??s?????@?AgC??????A_AO_?????CI?a??????GC_GA???????WGAC???????g??p?????AG?_?S??????K_OG????????GAo?O??????,[(34-45)-(33-48)-(32-35)-(31-57)-(30-41)-(29-62)-(28-36)-(27-60)-(26-58)-(25-40)-(24-38)-(23-59)-(22-46)-(21-63)-(20-61)-(19-42)-(18-47)-(17-49)-(16-43)-(15-44)-(14-53)-(13-37)-(12-51)-(11-66)-(10-54)-(9-65)-(8-69)-(7-55)-(6-52)-(5-68)-(4-50)-(3-56)-(2-64)-(1-67)-(0-39)],0.00039958953857421875,0.06377148628234863,3,True,0
~?@E???????????????????????????????????????????????????????????????????????????????????????????????????CA?__C??@?EE??W??eG?OGS?E@CA???AO?_OO?G_O?Q??EAAG??C??OcG??O?OW_??h?O??A??_@GOA??C@AO?_?????GHc????@x????@PC@????@?K??@O??A_AK?????C?_@_O??A?P??A_???AC?QO???AP?C?A????_?O??Y????@G?H@????IH??_?????C_??s?????@?AgC??????A_AO_?????CI?a??????GC_GA???????WGAC???????g??p?????AG?_?S??????K_OG????????GAo?O??????,[(34-45)-(33-48)-(32-57)-(31-40)-(30-41)-(29-47)-(28-36)-(27-60)-(26-58)-(25-63)-(24-38)-(23-59)-(22-46)-(21-62)-(20-61)-(19-42)-(18-49)-(17-35)-(16-43)-(15-44)-(14-53)-(13-37)-(12-51)-(11-66)-(10-54)-(9-65)-(8-69)-(7-55)-(6-52)-(5-68)-(4-50)-(3-56)-(2-64)-(1-67)-(0-39)],0.0003669261932373047,0.018849849700927734,1,True,0
~?@E???????????????????????????????????????????????????????????????????????????????????????????????????CA?__C??@?EE??W??eG?OGS?E@CA???AO?_OO?G_O?Q??EAAG??C??OcG??O?OW_??h?O??A??_@GOA??C@AO?_?????GHc????@x????@PC@????@?K??@O??A_AK?????C?_@_O??A?P??A_???AC?QO???AP?C?A????_?O??Y????@G?H@????IH??_?????C_??s?????@?AgC??????A_AO_?????CI?a??????GC_GA???????WGAC???????g??p?????AG?_?S??????K_OG????????GAo?O??????,[(34-45)-(33-48)-(32-57)-(31-40)-(30-41)-(29-47)-(28-36)-(27-60)-(26-58)-(25-63)-(24-38)-(23-59)-(22-46)-(21-62)-(20-61)-(19-42)-(18-49)-(17-35)-(16-43)-(15-44)-(14-53)-(13-37)-(12-51)-(11-66)-(10-54)-(9-65)-(8-69)-(7-55)-(6-52)-(5-68)-(4-50)-(3-56)-(2-64)-(1-67)-(0-39)],0.00036716461181640625,0.0453495979309082,2,True,0
~?@E???????????????????????????????????????????????????????????????????????????????????????????????????CA?__C??@?EE??W??eG?OGS?E@CA???AO?_OO?G_O?Q??EAAG??C??OcG??O?OW_??h?O??A??_@GOA??C@AO?_?????GHc????@x????@PC@????@?K??@O??A_AK?????C?_@_O??A?P??A_???AC?QO???AP?C?A????_?O??Y????@G?H@????IH??_?????C_??s?????@?AgC??????A_AO_?????CI?a??????GC_GA???????WGAC???????g??p?????AG?_?S??????K_OG????????GAo?O??????,[(34-45)-(33-48)-(32-58)-(31-57)-(30-41)-(29-47)-(28-36)-(27-60)-(26-38)-(25-40)-(24-62)-(23-59)-(22-46)-(21-63)-(20-61)-(19-42)-(18-49)-(17-35)-(16-43)-(15-44)-(14-53)-(13-37)-(12-51)-(11-66)-(10-54)-(9-65)-(8-69)-(7-55)-(6-52)-(5-68)-(4-50)-(3-56)-(2-64)-(1-67)-(0-39)],0.00038886070251464844,0.02840447425842285,1,True,0
~?@E???????????????????????????????????????????????????????????????????????????????????????????????????CA?__C??@?EE??W??eG?OGS?E@CA???AO?_OO?G_O?Q??EAAG??C??OcG??O?OW_??h?O??A??_@GOA??C@AO?_?????GHc????@x????@PC@????@?K??@O??A_AK?????C?_@_O??A?P??A_???AC?QO???AP?C?A????_?O??Y????@G?H@????IH??_?????C_??s?????@?AgC??????A_AO_?????CI?a??????GC_GA???????WGAC???????g??p?????AG?_?S??????K_OG????????GAo?O??????,[(34-45)-(33-48)-(32-58)-(31-57)-(30-41)-(29-47)-(28-36)-(27-60)-(26-38)-(25-40)-(24-62)-(23-59)-(22-46)-(21-63)-(20-61)-(19-42)-(18-49)-(17-35)-(16-43)-(15-44)-(14-53)-(13-37)-(12-51)-(11-66)-(10-54)-(9-65)-(8-69)-(7-55)-(6-52)-(5-68)-(4-50)-(3-56)-(2-64)-(1-67)-(0-39)],0.0004055500030517578,0.029029369354248047,1,True,0
~?@E???????????????????????????????????????????????????????????????????????????????????????????????????CA?__C??@?EE??W??eG?OGS?E@CA???AO?_OO?G_O?Q??EAAG??C??OcG??O?OW_??h?O??A??_@GOA??C@AO?_?????GHc????@x????@PC@????@?K??@O??A_AK?????C?_@_O??A?P??A_???AC?QO???AP?C?A????_?O??Y????@G?H@????IH??_?????C_??s?????@?AgC??????A_AO_?????CI?a??????GC_GA???????WGAC???????g??p?????AG?_?S??????K_OG????????GAo?O??????,[(34-45)-(33-48)-(32-58)-(31-57)-(30-41)-(29-47)-(28-36)-(27-61)-(26-38)-(25-63)-(24-60)-(23-59)-(22-46)-(21-62)-(20-49)-(19-42)-(18-40)-(17-35)-(16-43)-(15-44)-(14-53)-(13-37)-(12-51)-(11-66)-(10-54)-(9-65)-(8-69)-(7-55)-(6-52)-(5-68)-(4-50)-(3-56)-(2-64)-(1-67)-(0-39)],0.0003952980041503906,0.06941366195678711,3,True,0
~?@E???????????????????????????????????????????????????????????????????????????????????????????????????CA?__C??@?EE??W??eG?OGS?E@CA???AO?_OO?G_O?Q??EAAG??C??OcG??O?OW_??h?O??A??_@GOA??C@AO?_?????GHc????@x????@PC@????@?K??@O??A_AK?????C?_@_O??A?P??A_???AC?QO???AP?C?A????_?O??Y????@G?H@????IH??_?????C_??s?????@?AgC??????A_AO_?????CI?a??????GC_GA???????WGAC???????g??p?????AG?_?S??????K_OG????????GAo?O??????,[(34-45)-(33-48)-(32-58)-(31-57)-(30-41)-(29-47)-(28-36)-(27-61)-(26-38)-(25-63)-(24-60)-(23-59)-(22-46)-(21-62)-(20-49)-(19-42)-(18-40)-(17-35)-(16-43)-(15-44)-(14-53)-(13-37)-(12-51)-(11-66)-(10-54)-(9-65)-(8-69)-(7-55)-(6-52)-(5-68)-(4-50)-(3-56)-(2-64)-(1-67)-(0-39)],0.0003724098205566406,0.02922368049621582,1,True,0
~?@E???????????????????????????????????????????????????????????????????????????????????????????????????CA?__C??@?EE??W??eG?OGS?E@CA???AO?_OO?G_O?Q??EAAG??C??OcG??O?OW_??h?O??A??_@GOA??C@AO?_?????GHc????@x????@PC@????@?K??@O??A_AK?????C?_@_O??A?P??A_???AC?QO???AP?C?A????_?O??Y????@G?H@????IH??_?????C_??s?????@?AgC??????A_AO_?????CI?a??????GC_GA???????WGAC???????g??p?????AG?_?S??????K_OG????????GAo?O??????,[(34-45)-(33-48)-(32-58)-(31-57)-(30-41)-(29-47)-(28-36)-(27-61)-(26-38)-(25-60)-(24-62)-(23-59)-(22-46)-(21-63)-(20-49)-(19-42)-(18-40)-(17-35)-(16-43)-(15-44)-(14-53)-(13-37)-(12-51)-(11-66)-(10-54)-(9-65)-(8-69)-(7-55)-(6-52)-(5-68)-(4-50)-(3-56)-(2-64)-(1-67)-(0-39)],0.00038313865661621094,0.018555402755737305,1,True,0
~?@E???????????????????????????????????????????????????????????????????????????????????????????????????CA?__C??@?EE??W??eG?OGS?E@CA???AO?_OO?G_O?Q??EAAG??C??OcG??O?OW_??h?O??A??_@GOA??C@AO?_?????GHc????@x????@PC@????@?K??@O??A_AK?????C?_@_O??A?P??A_???AC?QO???AP?C?A????_?O??Y????@G?H@????IH??_?????C_??s?????@?AgC??????A_AO_?????CI?a??????GC_GA???????WGAC???????g??p?????AG?_?S??????K_OG????????GAo?O??????,[(34-45)-(33-48)-(32-58)-(31-57)-(30-41)-(29-47)-(28-36)-(27-61)-(26-38)-(25-60)-(24-62)-(23-59)-(22-46)-(21-63)-(20-49)-(19-42)-(18-40)-(17-35)-(16-43)-(15-44)-(14-53)-(13-37)-(12-51)-(11-66)-(10-54)-(9-65)-(8-69)-(7-55)-(6-52)-(5-68)-(4-50)-(3-56)-(2-64)-(1-67)-(0-39)],0.00047516822814941406,0.047009944915771484,2,True,0
~?@E???????????????????????????????????????????????????????????????????????????????????????????????????CA?__C??@?EE??W??eG?OGS?E@CA???AO?_OO?G_O?Q??EAAG??C??OcG??O?OW_??h?O??A??_@GOA??C@AO?_?????GHc????@x????@PC@????@?K??@O??A_AK?????C?_@_O??A?P??A_???AC?QO???AP?C?A????_?O??Y????@G?H@????IH??_?????C_??s?????@?AgC??????A_AO_?????CI?a??????GC_GA???????WGAC???????g??p?????AG?_?S??????K_OG????????GAo?O??????,[(34-45)-(33-48)-(32-57)-(31-40)-(30-41)-(29-47)-(28-36)-(27-60)-(26-58)-(25-63)-(24-38)-(23-59)-(22-46)-(21-62)-(20-49)-(19-42)-(18-61)-(17-35)-(16-43)-(15-44)-(14-53)-(13-37)-(12-51)-(11-66)-(10-54)-(9-65)-(8-69)-(7-55)-(6-52)-(5-68)-(4-50)-(3-56)-(2-64)-(1-67)-(0-39)],0.0003952980041503906,0.04506278038024902,2,True,0
~?@E???????????????????????????????????????????????????????????????????????????????????????????????????CA?__C??@?EE??W??eG?OGS?E@CA???AO?_OO?G_O?Q??EAAG??C??OcG??O?OW_??h?O??A??_@GOA??C@AO?_?????GHc????@x????@PC@????@?K??@O??A_AK?????C?_@_O??A?P??A_???AC?QO???AP?C?A????_?O??Y????@G?H@????IH??_?????C_??s?????@?AgC??????A_AO_?????CI?a??????GC_GA???????WGAC???????g??p?????AG?_?S??????K_OG????????GAo?O??????,[(34-45)-(33-48)-(32-57)-(31-40)-(30-41)-(29-47)-(28-36)-(27-60)-(26-58)-(25-63)-(24-38)-(23-59)-(22-46)-(21-62)-(20-49)-(19-42)-(18-61)-(17-35)-(16-43)-(15-44)-(14-53)-(13-37)-(12-51)-(11-66)-(10-54)-(9-65)-(8-69)-(7-55)-(6-52)-(5-68)-(4-50)-(3-56)-(2-64)-(1-67)-(0-39)],0.0003726482391357422,0.028875350952148438,1,True,0
~?@E???????????????????????????????????????????????????????????????????????????????????????????????????CA?__C??@?EE??W??eG?OGS?E@CA???AO?_OO?G_O?Q??EAAG??C??OcG??O?OW_??h?O??A??_@GOA??C@AO?_?????GHc????@x????@PC@????@?K??@O??A_AK?????C?_@_O??A?P??A_???AC?QO???AP?C?A????_?O??Y????@G?H@????IH??_?????C_??s?????@?AgC??????A_AO_?????CI?a??????GC_GA???????WGAC???????g??p?????AG?_?S??????K_OG????????GAo?O??????,[(34-45)-(33-48)-(32-58)-(31-57)-(30-41)-(29-47)-(28-36)-(27-60)-(26-38)-(25-40)-(24-62)-(23-59)-(22-46)-(21-63)-(20-49)-(19-42)-(18-61)-(17-35)-(16-43)-(15-44)-(14-53)-(13-37)-(12-51)-(11-66)-(10-54)-(9-65)-(8-69)-(7-55)-(6-52)-(5-68)-(4-50)-(3-56)-(2-64)-(1-67)-(0-39)],0.000392913818359375,0.04567718505859375,2,True,0
~?@E???????????????????????????????????????????????????????????????????????????????????????????????????CA?__C??@?EE??W??eG?OGS?E@CA???AO?_OO?G_O?Q??EAAG??C??OcG??O?OW_??h?O??A??_@GOA??C@AO?_?????GHc????@x????@PC@????@?K??@O??A_AK?????C?_@_O??A?P??A_???AC?QO???AP?C?A????_?O??Y????@G?H@????IH??_?????C_??s?????@?AgC??????A_AO_?????CI?a??????GC_GA???????WGAC???????g??p?????AG?_?S??????K_OG????????GAo?O??????,[(34-45)-(33-48)-(32-58)-(31-57)-(30-41)-(29-47)-(28-36)-(27-60)-(26-38)-(25-40)-(24-62)-(23-59)-(22-46)-(21-63)-(20-49)-(19-42)-(18-61)-(17-35)-(16-43)-(15-44)-(14-53)-(13-37)-(12-51)-(11-66)-(10-54)-(9-65)-(8-69)-(7-55)-(6-52)-(5-68)-(4-50)-(3-56)-(2-64)-(1-67)-(0-39)],0.0004811286926269531,0.08527755737304688,4,True,0
~?@E???????????????????????????????????????????????????????????????????????????????????????????????????CA?__C??@?EE??W??eG?OGS?E@CA???AO?_OO?G_O?Q??EAAG??C??OcG??O?OW_??h?O??A??_@GOA??C@AO?_?????GHc????@x????@PC@????@?K??@O??A_AK?????C?_@_O??A?P??A_???AC?QO???AP?C?A????_?O??Y????@G?H@????IH??_?????C_??s?????@?AgC??????A_AO_?????CI?a??????GC_GA???????WGAC???????g??p?????AG?_?S??????K_OG????????GAo?O??????,[(34-45)-(33-48)-(32-57)-(31-40)-(30-41)-(29-62)-(28-36)-(27-61)-(26-58)-(25-60)-(24-38)-(23-59)-(22-46)-(21-63)-(20-49)-(19-42)-(18-47)-(17-35)-(16-43)-(15-44)-(14-53)-(13-37)-(12-51)-(11-66)-(10-54)-(9-65)-(8-69)-(7-55)-(6-52)-(5-68)-(4-50)-(3-56)-(2-64)-(1-67)-(0-39)],0.00036835670471191406,0.027529001235961914,1,True,0
~?@E???????????????????????????????????????????????????????????????????????????????????????????????????CA?__C??@?EE??W??eG?OGS?E@CA???AO?_OO?G_O?Q??EAAG??C??OcG??O?OW_??h?O??A??_@GOA??C@AO?_?????GHc????@x????@PC@????@?K??@O??A_AK?????C?_@_O??A?P??A_???AC?QO???AP?C?A????_?O??Y????@G?H@????IH??_?????C_??s?????@?AgC??????A_AO_?????CI?a??????GC_GA???????WGAC???????g??p?????AG?_?S??????K_OG????????GAo?O??????,[(34-45)-(33-48)-(32-57)-(31-40)-(30-41)-(29-62)-(28-36)-(27-61)-(26-58)-(25-60)-(24-38)-(23-59)-(22-46)-(21-63)-(20-49)-(19-42)-(18-47)-(17-35)-(16-43)-(15-44)-(14-53)-(13-37)-(12-51)-(11-66)-(10-54)-(9-65)-(8-69)-(7-55)-(6-52)-(5-68)-(4-50)-(3-56)-(2-64)-(1-67)-(0-39)],0.000370025634765625,0.04672646522521973,2,True,0
~?@E???????????????????????????????????????????????????????????????????????????????????????????????????CA?__C??@?EE??W??eG?OGS?E@CA???AO?_OO?G_O?Q??EAAG??C??OcG??O?OW_??h?O??A??_@GOA??C@AO?_?????GHc????@x????@PC@????@?K??@O??A_AK?????C?_@_O??A?P??A_???AC?QO???AP?C?A????_?O??Y????@G?H@????IH??_?????C_??s?????@?AgC??????A_AO_?????CI?a??????GC_GA???????WGAC???????g??p?????AG?_?S??????K_OG????????GAo?O??????,[(34-45)-(33-48)-(32-58)-(31-57)-(30-41)-(29-62)-(28-36)-(27-61)-(26-38)-(25-40)-(24-60)-(23-59)-(22-46)-(21-63)-(20-49)-(19-42)-(18-47)-(17-35)-(16-43)-(15-44)-(14-53)-(13-37)-(12-51)-(11-66)-(10-54)-(9-65)-(8-69)-(7-55)-(6-52)-(5-68)-(4-50)-(3-56)-(2-64)-(1-67)-(0-39)],0.0007641315460205078,0.08371472358703613,4,True,0
~?@E???????????????????????????????????????????????????????????????????????????????????????????????????CA?__C??@?EE??W??eG?OGS?E@CA???AO?_OO?G_O?Q??EAAG??C??OcG??O?OW_??h?O??A??_@GOA??C@AO?_?????GHc????@x????@PC@????@?K??@O??A_AK?????C?_@_O??A?P??A_???AC?QO???AP?C?A????_?O??Y????@G?H@????IH??_?????C_??s?????@?AgC??????A_AO_?????CI?a??????GC_GA???????WGAC???????g??p?????AG?_?S??????K_OG????????GAo?O??????,[(34-45)-(33-48)-(32-58)-(31-57)-(30-41)-(29-62)-(28-36)-(27-61)-(26-38)-(25-40)-(24-60)-(23-59)-(22-46)-(21-63)-(20-49)-(19-42)-(18-47)-(17-35)-(16-43)-(15-44)-(14-53)-(13-37)-(12-51)-(11-66)-(10-54)-(9-65)-(8-69)-(7-55)-(6-52)-(5-68)-(4-50)-(3-56)-(2-64)-(1-67)-(0-39)],0.0003631114959716797,0.02849721908569336,1,True,0
~?@E???????????????????????????????????????????????????????????????????????????????????????????????????P?O?_@OOGc???KI?_?C?S?GC???qK??ACOa????_?GCo@???Ba?C?OC?B??G?S_C??CC?GOA?@G??Oa??GGGAC????Q?AAC??O_OW????AOO?@A???A?E`????C@aO?????g???aO???GOC?`???C?G??J????KG?CO?????O@?Ca?????@?@Y????OS??OO????C?CD?_????CDQ???????CCOC?O?????@_G?GO????O?@Co??????AC_GG??????G?r???????A?G_?O_?????C?CF???????_aO??A??????,[(34-45)-(33-41)-(32-43)-(31-55)-(30-62)-(29-63)-(28-58)-(27-57)-(26-42)-(25-38)-(24-59)-(23-56)-(22-46)-(21-47)-(20-44)-(19-51)-(18-54)-(17-68)-(16-39)-(15-60)-(14-36)-(13-49)-(12-52)-(11-67)-(10-69)-(9-61)-(8-37)-(7-48)-(6-65)-(5-66)-(4-40)-(3-50)-(2-53)-(1-64)-(0-35)],0.00038886070251464844,0.06402873992919922,3,True,0
~?@E???????????????????????????????????????????????????????????????????????????????????????????????????P?O?_@OOGc???KI?_?C?S?GC???qK??ACOa????_?GCo@???Ba?C?OC?B??G?S_C??CC?GOA?@G??Oa??GGGAC????Q?AAC??O_OW????AOO?@A???A?E`????C@aO?????g???aO???GOC?`???C?G??J????KG?CO?????O@?Ca?????@?@Y????OS??OO????C?CD?_????CDQ???????CCOC?O?????@_G?GO????O?@Co??????AC_GG??????G?r???????A?G_?O_?????C?CF???????_aO??A??????,[(34-45)-(33-41)-(32-43)-(31-55)-(30-62)-(29-63)-(28-58)-(27-57)-(26-42)-(25-38)-(24-59)-(23-56)-(22-46)-(21-47)-(20-44)-(19-51)-(18-54)-(17-68)-(16-39)-(15-60)-(14-36)-(13-49)-(12-52)-(11-67)-(10-69)-(9-61)-(8-37)-(7-48)-(6-65)-(5-66)-(4-40)-(3-50)-(2-53)-(1-64)-(0-35)],0.0003750324249267578,0.08393287658691406,4,True,0
~?@E???????????????????????????????????????????????????????????????????????????????????????????????????P?O?_@OOGc???KI?_?C?S?GC???qK??ACOa????_?GCo@???Ba?C?OC?B??G?S_C??CC?GOA?@G??Oa??GGGAC????Q?AAC??O_OW????AOO?@A???A?E`????C@aO?????g???aO???GOC?`???C?G??J????KG?CO?????O@?Ca?????@?@Y????OS??OO????C?CD?_????CDQ???????CCOC?O?????@_G?GO????O?@Co??????AC_GG??????G?r???????A?G_?O_?????C?CF???????_aO??A??????,[(34-45)-(33-41)-(32-55)-(31-43)-(30-62)-(29-63)-(28-58)-(27-57)-(26-42)-(25-38)-(24-59)-(23-56)-(22-46)-(21-47)-(20-44)-(19-51)-(18-54)-(17-68)-(16-39)-(15-60)-(14-36)-(13-49)-(12-52)-(11-67)-(10-69)-(9-61)-(8-37)-(7-48)-(6-65)-(5-66)-(4-40)-(3-50)-(2-53)-(1-64)-(0-35)],0.0003647804260253906,0.047807931900024414,2,True,0
~?@E???????????????????????????????????????????????????????????????????????????????????????????????????P?O?_@OOGc???KI?_?C?S?GC???qK??ACOa????_?GCo@???Ba?C?OC?B??G?S_C??CC?GOA?@G??Oa??GGGAC????Q?AAC??O_OW????AOO?@A???A?E`????C@aO?????g???aO???GOC?`???C?G??J????KG?CO?????O@?Ca?????@?@Y????OS??OO????C?CD?_????CDQ???????CCOC?O?????@_G?GO????O?@Co??????AC_GG??????G?r???????A?G_?O_?????C?CF???????_aO??A??????,[(34-45)-(33-41)-(32-55)-(31-43)-(30-62)-(29-63)-(28-58)-(27-57)-(26-42)-(25-38)-(24-59)-(23-56)-(22-46)-(21-47)-(20-44)-(19-51)-(18-54)-(17-68)-(16-39)-(15-60)-(14-36)-(13-49)-(12-52)-(11-67)-(10-69)-(9-61)-(8-37)-(7-48)-(6-65)-(5-66)-(4-40)-(3-50)-(2-53)-(1-64)-(0-35)],0.0003643035888671875,0.044762372970581055,2,True,0
~?@E???????????????????????????????????????????????????????????????????????????????????????????????????P?O?_@OOGc???KI?_?C?S?GC???qK??ACOa????_?GCo@???Ba?C?OC?B??G?S_C??CC?GOA?@G??Oa??GGGAC????Q?AAC??O_OW????AOO?@A???A?E`????C@aO?????g???aO???GOC?`???C?G??J????KG?CO?????O@?Ca?????@?@Y????OS??OO????C?CD?_????CDQ???????CCOC?O?????@_G?GO????O?@Co??????AC_GG??????G?r???????A?G_?O_?????C?CF???????_aO??A??????,[(34-63)-(33-41)-(32-38)-(31-43)-(30-62)-(29-55)-(28-58)-(27-57)-(26-42)-(25-45)-(24-59)-(23-56)-(22-46)-(21-47)-(20-44)-(19-51)-(18-54)-(17-68)-(16-39)-(15-60)-(14-36)-(13-49)-(12-52)-(11-67)-(10-69)-(9-61)-(8-37)-(7-48)-(6-65)-(5-66)-(4-40)-(3-50)-(2-53)-(1-64)-(0-35)],0.0004062652587890625,0.04554176330566406,2,True,0
~?@E???????????????????????????????????????????????????????????????????????????????????????????????????P?O?_@OOGc???KI?_?C?S?GC???qK??ACOa????_?GCo@???Ba?C?OC?B??G?S_C??CC?GOA?@G??Oa??GGGAC????Q?AAC??O_OW????AOO?@A???A?E`????C@aO?????g???aO???GOC?`???C?G??J????KG?CO?????O@?Ca?????@?@Y????OS??OO????C?CD?_????CDQ???????CCOC?O?????@_G?GO????O?@Co??????AC_GG??????G?r???????A?G_?O_?????C?CF???????_aO??A??????,[(34-63)-(33-41)-(32-38)-(31-43)-(30-62)-(29-55)-(28-58)-(27-57)-(26-42)-(25-45)-(24-59)-(23-56)-(22-46)-(21-47)-(20-44)-(19-51)-(18-54)-(17-68)-(16-39)-(15-60)-(14-36)-(13-49)-(12-52)-(11-67)-(10-69)-(9-61)-(8-37)-(7-48)-(6-65)-(5-66)-(4-40)-(3-50)-(2-53)-(1-64)-(0-35)],0.0003600120544433594,0.045696258544921875,2,True,0
~?@E???????????????????????????????????????????????????????????????????????????????????????????????????P?O?_@OOGc???KI?_?C?S?GC???qK??ACOa????_?GCo@???Ba?C?OC?B??G?S_C??CC?GOA?@G??Oa??GGGAC????Q?AAC??O_OW????AOO?@A???A?E`????C@aO?????g???aO???GOC?`???C?G??J????KG?CO?????O@?Ca?????@?@Y????OS??OO????C?CD?_????CDQ???????CCOC?O?????@_G?GO????O?@Co??????AC_GG??????G?r???????A?G_?O_?????C?CF???????_aO??A??????,[(34-63)-(33-41)-(32-43)-(31-55)-(30-62)-(29-44)-(28-58)-(27-57)-(26-42)-(25-38)-(24-59)-(23-56)-(22-46)-(21-47)-(20-45)-(19-51)-(18-54)-(17-68)-(16-39)-(15-60)-(14-36)-(13-49)-(12-52)-(11-67)-(10-69)-(9-61)-(8-37)-(7-48)-(6-65)-(5-66)-(4-40)-(3-50)-(2-53)-(1-64)-(0-35)],0.00036144256591796875,0.0456385612487793,2,True,0
~?@E???????????????????????????????????????????????????????????????????????????????????????????????????P?O?_@OOGc???KI?_?C?S?GC???qK??ACOa????_?GCo@???Ba?C?OC?B??G?S_C??CC?GOA?@G??Oa??GGGAC????Q?AAC??O_OW????AOO?@A???A?E`????C@aO?????g???aO???GOC?`???C?G??J????KG?CO?????O@?Ca?????@?@Y????OS??OO????C?CD?_????CDQ???????CCOC?O?????@_G?GO????O?@Co??????AC_GG??????G?r???????A?G_?O_?????C?CF???????_aO??A??????,[(34-63)-(33-41)-(32-43)-(31-55)-(30-62)-(29-44)-(28-58)-(27-57)-(26-42)-(25-38)-(24-59)-(23-56)-(22-46)-(21-47)-(20-45)-(19-51)-(18-54)-(17-68)-(16-39)-(15-60)-(14-36)-(13-49)-(12-52)-(11-67)-(10-69)-(9-61)-(8-37)-(7-48)-(6-65)-(5-66)-(4-40)-(3-50)-(2-53)-(1-64)-(0-35)],0.0003826618194580078,0.045418500900268555,2,True,0
~?@E???????????????????????????????????????????????????????????????????????????????????????????????????P?O?_@OOGc???KI?_?C?S?GC???qK??ACOa????_?GCo@???Ba?C?OC?B??G?S_C??CC?GOA?@G??Oa??GGGAC????Q?AAC??O_OW????AOO?@A???A?E`????C@aO?????g???aO???GOC?`???C?G??J????KG?CO?????O@?Ca?????@?@Y????OS??OO????C?CD?_????CDQ???????CCOC?O?????@_G?GO????O?@Co??????AC_GG??????G?r???????A?G_?O_?????C?CF???????_aO??A??????,[(34-63)-(33-41)-(32-55)-(31-43)-(30-62)-(29-44)-(28-58)-(27-57)-(26-42)-(25-38)-(24-59)-(23-56)-(22-46)-(21-47)-(20-45)-(19-51)-(18-54)-(17-68)-(16-39)-(15-60)-(14-36)-(13-49)-(12-52)-(11-67)-(10-69)-(9-61)-(8-37)-(7-48)-(6-65)-(5-66)-(4-40)-(3-50)-(2-53)-(1-64)-(0-35)],0.0003724098205566406,0.028716564178466797,1,True,0
~?@E???????????????????????????????????????????????????????????????????????????????????????????????????P?O?_@OOGc???KI?_?C?S?GC???qK??ACOa????_?GCo@???Ba?C?OC?B??G?S_C??CC?GOA?@G??Oa??GGGAC????Q?AAC??O_OW????AOO?@A???A?E`????C@aO?????g???aO???GOC?`???C?G??J????KG?CO?????O@?Ca?????@?@Y????OS??OO????C?CD?_????CDQ???????CCOC?O?????@_G?GO????O?@Co??????AC_GG??????G?r???????A?G_?O_?????C?CF???????_aO??A??????,[(34-63)-(33-41)-(32-55)-(31-43)-(30-62)-(29-44)-(28-58)-(27-57)-(26-42)-(25-38)-(24-59)-(23-56)-(22-46)-(21-47)-(20-45)-(19-51)-(18-54)-(17-68)-(16-39)-(15-60)-(14-36)-(13-49)-(12-52)-(11-67)-(10-69)-(9-61)-(8-37)-(7-48)-(6-65)-(5-66)-(4-40)-(3-50)-(2-53)-(1-64)-(0-35)],0.0003750324249267578,0.027951717376708984,1,True,0
~?@E???????????????????????????????????????????????????????????????????????????????????????????????????P?O?_@OOGc???KI?_?C?S?GC???qK??ACOa????_?GCo@???Ba?C?OC?B??G?S_C??CC?GOA?@G??Oa??GGGAC????Q?AAC??O_OW????AOO?@A???A?E`????C@aO?????g???aO???GOC?`???C?G??J????KG?CO?????O@?Ca?????@?@Y????OS??OO????C?CD?_????CDQ???????CCOC?O?????@_G?GO????O?@Co??????AC_GG??????G?r???????A?G_?O_?????C?CF???????_aO??A??????,[(34-45)-(33-41)-(32-54)-(31-55)-(30-62)-(29-63)-(28-58)-(27-57)-(26-42)-(25-38)-(24-59)-(23-56)-(22-46)-(21-47)-(20-44)-(19-51)-(18-43)-(17-68)-(16-39)-(15-60)-(14-36)-(13-49)-(12-52)-(11-67)-(10-69)-(9-61)-(8-37)-(7-48)-(6-65)-(5-66)-(4-40)-(3-50)-(2-53)-(1-64)-(0-35)],0.0003619194030761719,0.030736446380615234,1,True,0
~?@E???????????????????????????????????????????????????????????????????????????????????????????????????P?O?_@OOGc???KI?_?C?S?GC???qK??ACOa????_?GCo@???Ba?C?OC?B??G?S_C??CC?GOA?@G??Oa??GGGAC????Q?AAC??O_OW????AOO?@A???A?E`????C@aO?????g???aO???GOC?`???C?G??J????KG?CO?????O@?Ca?????@?@Y????OS??OO????C?CD?_????CDQ???????CCOC?O?????@_G?GO????O?@Co??????AC_GG??????G?r???????A?G_?O_?????C?CF???????_aO??A??????,[(34-45)-(33-41)-(32-54)-(31-55)-(30-62)-(29-63)-(28-58)-(27-57)-(26-42)-(25-38)-(24-59)-(23-56)-(22-46)-(21-47)-(20-44)-(19-51)-(18-43)-(17-68)-(16-39)-(15-60)-(14-36)-(13-49)-(12-52)-(11-67)-(10-69)-(9-61)-(8-37)-(7-48)-(6-65)-(5-66)-(4-40)-(3-50)-(2-53)-(1-64)-(0-35)],0.0003724098205566406,0.03193211555480957,1,True,0
~?@E???????????????????????????????????????????????????????????????????????????????????????????????????P?O?_@OOGc???KI?_?C?S?GC???qK??ACOa????_?GCo@???Ba?C?OC?B??G?S_C??CC?GOA?@G??Oa??GGGAC????Q?AAC??O_OW????AOO?@A???A?E`????C@aO?????g???aO???GOC?`???C?G??J????KG?CO?????O@?Ca?????@?@Y????OS??OO????C?CD?_????CDQ???????CCOC?O?????@_G?GO????O?@Co??????AC_GG??????G?r???????A?G_?O_?????C?CF???????_aO??A??????,[(34-57)-(33-41)-(32-38)-(31-55)-(30-62)-(29-63)-(28-58)-(27-54)-(26-42)-(25-45)-(24-59)-(23-56)-(22-46)-(21-47)-(20-44)-(19-51)-(18-43)-(17-68)-(16-39)-(15-60)-(14-36)-(13-49)-(12-52)-(11-67)-(10-69)-(9-61)-(8-37)-(7-48)-(6-65)-(5-66)-(4-40)-(3-50)-(2-53)-(1-64)-(0-35)],0.00037097930908203125,0.04718732833862305,2,True,0
~?@E???????????????????????????????????????????????????????????????????????????????????????????????????P?O?_@OOGc???KI?_?C?S?GC???qK??ACOa????_?GCo@???Ba?C?OC?B??G?S_C??CC?GOA?@G??Oa??GGGAC????Q?AAC??O_OW????AOO?@A???A?E`????C@aO?????g???aO???GOC?`???C?G??J????KG?CO?????O@?Ca?????@?@Y????OS??OO????C?CD?_????CDQ???????CCOC?O?????@_G?GO????O?@Co??????AC_GG??????G?r???????A?G_?O_?????C?CF???????_aO??A??????,[(34-57)-(33-41)-(32-38)-(31-55)-(30-62)-(29-63)-(28-58)-(27-54)-(26-42)-(25-45)-(24-59)-(23-56)-(22-46)-(21-47)-(20-44)-(19-51)-(18-43)-(17-68)-(16-39)-(15-60)-(14-36)-(13-49)-(12-52)-(11-67)-(10-69)-(9-61)-(8-37)-(7-48)-(6-65)-(5-66)-(4-40)-(3-50)-(2-53)-(1-64)-(0-35)],0.0003821849822998047,0.032057762145996094,1,True,0
~?@E???????????????????????????????????????????????????????????????????????????????????????????????????P?O?_@OOGc???KI?_?C?S?GC???qK??ACOa????_?GCo@???Ba?C?OC?B??G?S_C??CC?GOA?@G??Oa??GGGAC????Q?AAC??O_OW????AOO?@A???A?E`????C@aO?????g???aO???GOC?`???C?G??J????KG?CO?????O@?Ca?????@?@Y????OS??OO????C?CD?_????CDQ???????CCOC?O?????@_G?GO????O?@Co??????AC_GG??????G?r???????A?G_?O_?????C?CF???????_aO??A??????,[(34-63)-(33-41)-(32-54)-(31-55)-(30-62)-(29-44)-(28-58)-(27-57)-(26-42)-(25-38)-(24-59)-(23-56)-(22-46)-(21-47)-(20-45)-(19-51)-(18-43)-(17-68)-(16-39)-(15-60)-(14-36)-(13-49)-(12-52)-(11-67)-(10-69)-(9-61)-(8-37)-(7-48)-(6-65)-(5-66)-(4-40)-(3-50)-(2-53)-(1-64)-(0-35)],0.0003628730773925781,0.04705667495727539,2,True,0
~?@E???????????????????????????????????????????????????????????????????????????????????????????????????P?O?_@OOGc???KI?_?C?S?GC???qK??ACOa????_?GCo@???Ba?C?OC?B??G?S_C??CC?GOA?@G??Oa??GGGAC????Q?AAC??O_OW????AOO?@A???A?E`????C@aO?????g???aO???GOC?`???C?G??J????KG?CO?????O@?Ca?????@?@Y????OS??OO????C?CD?_????CDQ???????CCOC?O?????@_G?GO????O?@Co??????AC_GG??????G?r???????A?G_?O_?????C?CF???????_aO??A??????,[(34-63)-(33-41)-(32-54)-(31-55)-(30-62)-(29-44)-(28-58)-(27-57)-(26-42)-(25-38)-(24-59)-(23-56)-(22-46)-(21-47)-(20-45)-(19-51)-(18-43)-(17-68)-(16-39)-(15-60)-(14-36)-(13-49)-(12-52)-(11-67)-(10-69)-(9-61)-(8-37)-(7-48)-(6-65)-(5-66)-(4-40)-(3-50)-(2-53)-(1-64)-(0-35)],0.0003705024719238281,0.047010183334350586,2,True,0
~?@E???????????????????????????????????????????????????????????????????????????????????????????????????P?O?_@OOGc???KI?_?C?S?GC???qK??ACOa????_?GCo@???Ba?C?OC?B??G?S_C??CC?GOA?@G??Oa??GGGAC????Q?AAC??O_OW????AOO?@A???A?E`????C@aO?????g???aO???GOC?`???C?G??J????KG?CO?????O@?Ca?????@?@Y????OS??OO????C?CD?_????CDQ???????CCOC?O?????@_G?GO????O?@Co??????AC_GG??????G?r???????A?G_?O_?????C?CF???????_aO??A??????,[(34-63)-(33-41)-(32-38)-(31-55)-(30-57)-(29-44)-(28-58)-(27-54)-(26-42)-(25-45)-(24-59)-(23-56)-(22-46)-(21-47)-(20-62)-(19-51)-(18-43)-(17-68)-(16-39)-(15-60)-(14-36)-(13-49)-(12-52)-(11-67)-(10-69)-(9-61)-(8-37)-(7-48)-(6-65)-(5-66)-(4-40)-(3-50)-(2-53)-(1-64)-(0-35)],0.00039196014404296875,0.04508852958679199,2,True,0
~?@E???????????????????????????????????????????????????????????????????????????????????????????????????P?O?_@OOGc???KI?_?C?S?GC???qK??ACOa????_?GCo@???Ba?C?OC?B??G?S_C??CC?GOA?@G??Oa??GGGAC????Q?AAC??O_OW????AOO?@A???A?E`????C@aO?????g???aO???GOC?`???C?G??J????KG?CO?????O@?Ca?????@?@Y????OS??OO????C?CD?_????CDQ???????CCOC?O?????@_G?GO????O?@Co??????AC_GG??????G?r???????A?G_?O_?????C?CF???????_aO??A??????,[(34-63)-(33-41)-(32-38)-(31-55)-(30-57)-(29-44)-(28-58)-(27-54)-(26-42)-(25-45)-(24-59)-(23-56)-(22-46)-(21-47)-(20-62)-(19-51)-(18-43)-(17-68)-(16-39)-(15-60)-(14-36)-(13-49)-(12-52)-(11-67)-(10-69)-(9-61)-(8-37)-(7-48)-(6-65)-(5-66)-(4-40)-(3-50)-(2-53)-(1-64)-(0-35)],0.0003638267517089844,0.028481721878051758,1,True,0
~?@E???????????????????????????????????????????????????????????????????????????????????????????????????P?O?_@OOGc???KI?_?C?S?GC???qK??ACOa????_?GCo@???Ba?C?OC?B??G?S_C??CC?GOA?@G??Oa??GGGAC????Q?AAC??O_OW????AOO?@A???A?E`????C@aO?????g???aO???GOC?`???C?G??J????KG?CO?????O@?Ca?????@?@Y????OS??OO????C?CD?_????CDQ???????CCOC?O?????@_G?GO????O?@Co??????AC_GG??????G?r???????A?G_?O_?????C?CF???????_aO??A??????,[(34-45)-(33-41)-(32-43)-(31-55)-(30-62)-(29-63)-(28-58)-(27-56)-(26-42)-(25-38)-(24-59)-(23-68)-(22-46)-(21-47)-(20-44)-(19-51)-(18-54)-(17-57)-(16-39)-(15-60)-(14-36)-(13-49)-(12-52)-(11-67)-(10-69)-(9-61)-(8-37)-(7-48)-(6-65)-(5-66)-(4-40)-(3-50)-(2-53)-(1-64)-(0-35)],0.0003974437713623047,0.04842352867126465,2,True,0
~?@E???????????????????????????????????????????????????????????????????????????????????????????????????P?O?_@OOGc???KI?_?C?S?GC???qK??ACOa????_?GCo@???Ba?C?OC?B??G?S_C??CC?GOA?@G??Oa??GGGAC????Q?AAC??O_OW????AOO?@A???A?E`????C@aO?????g???aO???GOC?`???C?G??J????KG?CO?????O@?Ca?????@?@Y????OS??OO????C?CD?_????CDQ???????CCOC?O?????@_G?GO????O?@Co??????AC_GG??????G?r???????A?G_?O_?????C?CF???????_aO??A??????,[(34-45)-(33-41)-(32-43)-(31-55)-(30-62)-(29-63)-(28-58)-(27-56)-(26-42)-(25-38)-(24-59)-(23-68)-(22-46)-(21-47)-(20-44)-(19-51)-(18-54)-(17-57)-(16-39)-(15-60)-(14-36)-(13-49)-(12-52)-(11-67)-(10-69)-(9-61)-(8-37)-(7-48)-(6-65)-(5-66)-(4-40)-(3-50)-(2-53)-(1-64)-(0-35)],0.0003757476806640625,0.03027510643005371,1,True,0
~?@E???????????????????????????????????????????????????????????????????????????????????????????????????@???C[cc???C__??OQ?HCG@?CQA?A??GKg????@E_?O??@COA?_?S?DO???_?I__????GS?I???GEOG????@_CK??GW?O?_??A?PCG???I??A@O?????HGB???ABC?_?????@?GM????gAK?????CH?A??O?????W?W_???@`C@??????_G??W_???CA?cO??????G?@d?????OAC?_A?????oCAC??????aE???_????P??@?c?????_QW???????A?OCW????????o??i?????B???PO?????????IoA??????,[(34-61)-(33-63)-(32-47)-(31-67)-(30-35)-(29-60)-(28-58)-(27-68)-(26-44)-(25-39)-(24-59)-(23-57)-(22-46)-(21-62)-(20-69)-(19-45)-(18-43)-(17-51)-(16-42)-(15-56)-(14-41)-(13-53)-(12-40)-(11-52)-(10-66)-(9-65)-(8-55)-(7-38)-(6-37)-(5-54)-(4-49)-(3-50)-(2-48)-(1-64)-(0-36)],0.0003733634948730469,0.06371283531188965,3,True,0
~?@E???????????????????????????????????????????????????????????????????????????????????????????????????@???C[cc???C__??OQ?HCG@?CQA?A??GKg????@E_?O??@COA?_?S?DO???_?I__????GS?I???GEOG????@_CK??GW?O?_??A?PCG???I??A@O?????HGB???ABC?_?????@?GM????gAK?????CH?A??O?????W?W_???@`C@??????_G??W_???CA?cO??????G?@d?????OAC?_A?????oCAC??????aE???_????P??@?c?????_QW???????A?OCW????????o??i?????B???PO?????????IoA??????,[(34-61)-(33-63)-(32-47)-(31-67)-(30-35)-(29-60)-(28-58)-(27-68)-(26-44)-(25-39)-(24-59)-(23-57)-(22-46)-(21-62)-(20-69)-(19-45)-(18-43)-(17-51)-(16-42)-(15-56)-(14-41)-(13-53)-(12-40)-(11-52)-(10-66)-(9-65)-(8-55)-(7-38)-(6-37)-(5-54)-(4-49)-(3-50)-(2-48)-(1-64)-(0-36)],0.00038552284240722656,0.044641733169555664,2,True,0
~?@E???????????????????????????????????????????????????????????????????????????????????????????????????@???C[cc???C__??OQ?HCG@?CQA?A??GKg????@E_?O??@COA?_?S?DO???_?I__????GS?I???GEOG????@_CK??GW?O?_??A?PCG???I??A@O?????HGB???ABC?_?????@?GM????gAK?????CH?A??O?????W?W_???@`C@??????_G??W_???CA?cO??????G?@d?????OAC?_A?????oCAC??????aE???_????P??@?c?????_QW???????A?OCW????????o??i?????B???PO?????????IoA??????,[(34-61)-(33-63)-(32-47)-(31-67)-(30-35)-(29-46)-(28-58)-(27-68)-(26-44)-(25-39)-(24-60)-(23-57)-(22-69)-(21-62)-(20-59)-(19-45)-(18-43)-(17-51)-(16-42)-(15-56)-(14-41)-(13-53)-(12-40)-(11-52)-(10-66)-(9-65)-(8-55)-(7-38)-(6-37)-(5-54)-(4-49)-(3-50)-(2-48)-(1-64)-(0-36)],0.00036644935607910156,0.01915764808654785,1,True,0
~?@E???????????????????????????????????????????????????????????????????????????????????????????????????@???C[cc???C__??OQ?HCG@?CQA?A??GKg????@E_?O??@COA?_?S?DO???_?I__????GS?I???GEOG????@_CK??GW?O?_??A?PCG???I??A@O?????HGB???ABC?_?????@?GM????gAK?????CH?A??O?????W?W_???@`C@??????_G??W_???CA?cO??????G?@d?????OAC?_A?????oCAC??????aE???_????P??@?c?????_QW???????A?OCW????????o??i?????B???PO?????????IoA??????,[(34-61)-(33-63)-(32-47)-(31-67)-(30-35)-(29-46)-(28-58)-(27-68)-(26-44)-(25-39)-(24-60)-(23-57)-(22-69)-(21-62)-(20-59)-(19-45)-(18-43)-(17-51)-(16-42)-(15-56)-(14-41)-(13-53)-(12-40)-(11-52)-(10-66)-(9-65)-(8-55)-(7-38)-(6-37)-(5-54)-(4-49)-(3-50)-(2-48)-(1-64)-(0-36)],0.0003993511199951172,0.15423250198364258,7,True,0
~?@E???????????????????????????????????????????????????????????????????????????????????????????????????@???C[cc???C__??OQ?HCG@?CQA?A??GKg????@E_?O??@COA?_?S?DO???_?I__????GS?I???GEOG????@_CK??GW?O?_??A?PCG???I??A@O?????HGB???ABC?_?????@?GM????gAK?????CH?A??O?????W?W_???@`C@??????_G??W_???CA?cO??????G?@d?????OAC?_A?????oCAC??????aE???_????P??@?c?????_QW???????A?OCW????????o??i?????B???PO?????????IoA??????,[(34-61)-(33-63)-(32-47)-(31-67)-(30-35)-(29-60)-(28-58)-(27-68)-(26-44)-(25-39)-(24-69)-(23-57)-(22-46)-(21-62)-(20-59)-(19-45)-(18-43)-(17-51)-(16-42)-(15-56)-(14-41)-(13-53)-(12-40)-(11-52)-(10-66)-(9-65)-(8-55)-(7-38)-(6-37)-(5-54)-(4-49)-(3-50)-(2-48)-(1-64)-(0-36)],0.0003762245178222656,0.029248952865600586,1,True,0
~?@E???????????????????????????????????????????????????????????????????????????????????????????????????@???C[cc???C__??OQ?HCG@?CQA?A??GKg????@E_?O??@COA?_?S?DO???_?I__????GS?I???GEOG????@_CK??GW?O?_??A?PCG???I??A@O?????HGB???ABC?_?????@?GM????gAK?????CH?A??O?????W?W_???@`C@??????_G??W_???CA?cO??????G?@d?????OAC?_A?????oCAC??????aE???_????P??@?c?????_QW???????A?OCW????????o??i?????B???PO?????????IoA??????,[(34-61)-(33-63)-(32-47)-(31-67)-(30-35)-(29-60)-(28-58)-(27-68)-(26-44)-(25-39)-(24-69)-(23-57)-(22-46)-(21-62)-(20-59)-(19-45)-(18-43)-(17-51)-(16-42)-(15-56)-(14-41)-(13-53)-(12-40)-(11-52)-(10-66)-(9-65)-(8-55)-(7-38)-(6-37)-(5-54)-(4-49)-(3-50)-(2-48)-(1-64)-(0-36)],0.00036072731018066406,0.15323400497436523,7,True,0
~?@E???????????????????????????????????????????????????????????????????????????????????????????????????@???C[cc???C__??OQ?HCG@?CQA?A??GKg????@E_?O??@COA?_?S?DO???_?I__????GS?I???GEOG????@_CK??GW?O?_??A?PCG???I??A@O?????HGB???ABC?_?????@?GM????gAK?????CH?A??O?????W?W_???@`C@??????_G??W_???CA?cO??????G?@d?????OAC?_A?????oCAC??????aE???_????P??@?c?????_QW???????A?OCW????????o??i?????B???PO?????????IoA??????,[(34-69)-(33-63)-(32-47)-(31-67)-(30-35)-(29-60)-(28-58)-(27-68)-(26-44)-(25-39)-(24-61)-(23-57)-(22-46)-(21-62)-(20-59)-(19-45)-(18-43)-(17-51)-(16-42)-(15-56)-(14-41)-(13-53)-(12-40)-(11-52)-(10-66)-(9-65)-(8-55)-(7-38)-(6-37)-(5-54)-(4-49)-(3-50)-(2-48)-(1-64)-(0-36)],0.0003631114959716797,0.04543614387512207,2,True,0
~?@E???????????????????????????????????????????????????????????????????????????????????????????????????@???C[cc???C__??OQ?HCG@?CQA?A??GKg????@E_?O??@COA?_?S?DO???_?I__????GS?I???GEOG????@_CK??GW?O?_??A?PCG???I??A@O?????HGB???ABC?_?????@?GM????gAK?????CH?A??O?????W?W_???@`C@??????_G??W_???CA?cO??????G?@d?????OAC?_A?????oCAC??????aE???_????P??@?c?????_QW???????A?OCW????????o??i?????B???PO?????????IoA??????,[(34-69)-(33-63)-(32-47)-(31-67)-(30-35)-(29-60)-(28-58)-(27-68)-(26-44)-(25-39)-(24-61)-(23-57)-(22-46)-(21-62)-(20-59)-(19-45)-(18-43)-(17-51)-(16-42)-(15-56)-(14-41)-(13-53)-(12-40)-(11-52)-(10-66)-(9-65)-(8-55)-(7-38)-(6-37)-(5-54)-(4-49)-(3-50)-(2-48)-(1-64)-(0-36)],0.0003685951232910156,0.08302569389343262,4,True,0
~?@E???????????????????????????????????????????????????????????????????????????????????????????????????@???C[cc???C__??OQ?HCG@?CQA?A??GKg????@E_?O??@COA?_?S?DO???_?I__????GS?I???GEOG????@_CK??GW?O?_??A?PCG???I??A@O?????HGB???ABC?_?????@?GM????gAK?????CH?A??O?????W?W_???@`C@??????_G??W_???CA?cO??????G?@d?????OAC?_A?????oCAC??????aE???_????P??@?c?????_QW???????A?OCW????????o??i?????B???PO?????????IoA??????,[(34-61)-(33-63)-(32-47)-(31-67)-(30-35)-(29-46)-(28-58)-(27-60)-(26-62)-(25-39)-(24-59)-(23-57)-(22-69)-(21-68)-(20-44)-(19-45)-(18-43)-(17-51)-(16-42)-(15-56)-(14-41)-(13-53)-(12-40)-(11-52)-(10-66)-(9-65)-(8-55)-(7-38)-(6-37)-(5-54)-(4-49)-(3-50)-(2-48)-(1-64)-(0-36)],0.00042700767517089844,0.08815717697143555,4,True,0
~?@E???????????????????????????????????????????????????????????????????????????????????????????????????@???C[cc???C__??OQ?HCG@?CQA?A??GKg????@E_?O??@COA?_?S?DO???_?I__????GS?I???GEOG????@_CK??GW?O?_??A?PCG???I??A@O?????HGB???ABC?_?????@?GM????gAK?????CH?A??O?????W?W_???@`C@??????_G??W_???CA?cO??????G?@d?????OAC?_A?????oCAC??????aE???_????P??@?c?????_QW???????A?OCW????????o??i?????B???PO?????????IoA??????,[(34-61)-(33-63)-(32-47)-(31-67)-(30-35)-(29-46)-(28-58)-(27-60)-(26-62)-(25-39)-(24-59)-(23-57)-(22-69)-(21-68)-(20-44)-(19-45)-(18-43)-(17-51)-(16-42)-(15-56)-(14-41)-(13-53)-(12-40)-(11-52)-(10-66)-(9-65)-(8-55)-(7-38)-(6-37)-(5-54)-(4-49)-(3-50)-(2-48)-(1-64)-(0-36)],0.0003750324249267578,0.018490314483642578,1,True,0
~?@E???????????????????????????????????????????????????????????????????????????????????????????????????@???C[cc???C__??OQ?HCG@?CQA?A??GKg????@E_?O??@COA?_?S?DO???_?I__????GS?I???GEOG????@_CK??GW?O?_??A?PCG???I??A@O?????HGB???ABC?_?????@?GM????gAK?????CH?A??O?????W?W_???@`C@??????_G??W_???CA?cO??????G?@d?????OAC?_A?????oCAC??????aE???_????P??@?c?????_QW???????A?OCW????????o??i?????B???PO?????????IoA??????,[(34-61)-(33-63)-(32-45)-(31-47)-(30-35)-(29-67)-(28-58)-(27-68)-(26-44)-(25-39)-(24-60)-(23-57)-(22-69)-(21-62)-(20-59)-(19-46)-(18-43)-(17-51)-(16-42)-(15-56)-(14-41)-(13-53)-(12-40)-(11-52)-(10-66)-(9-65)-(8-55)-(7-38)-(6-37)-(5-54)-(4-49)-(3-50)-(2-48)-(1-64)-(0-36)],0.00038909912109375,0.08634400367736816,4,True,0
~?@E???????????????????????????????????????????????????????????????????????????????????????????????????@???C[cc???C__??OQ?HCG@?CQA?A??GKg????@E_?O??@COA?_?S?DO???_?I__????GS?I???GEOG????@_CK??GW?O?_??A?PCG???I??A@O?????HGB???ABC?_?????@?GM????gAK?????CH?A??O?????W?W_???@`C@??????_G??W_???CA?cO??????G?@d?????OAC?_A?????oCAC??????aE???_????P??@?c?????_QW???????A?OCW????????o??i?????B???PO?????????IoA??????,[(34-61)-(33-63)-(32-45)-(31-47)-(30-35)-(29-67)-(28-58)-(27-68)-(26-44)-(25-39)-(24-60)-(23-57)-(22-69)-(21-62)-(20-59)-(19-46)-(18-43)-(17-51)-(16-42)-(15-56)-(14-41)-(13-53)-(12-40)-(11-52)-(10-66)-(9-65)-(8-55)-(7-38)-(6-37)-(5-54)-(4-49)-(3-50)-(2-48)-(1-64)-(0-36)],0.00037360191345214844,0.028994321823120117,1,True,0
~?@E???????????????????????????????????????????????????????????????????????????????????????????????????@???C[cc???C__??OQ?HCG@?CQA?A??GKg????@E_?O??@COA?_?S?DO???_?I__????GS?I???GEOG????@_CK??GW?O?_??A?PCG???I??A@O?????HGB???ABC?_?????@?GM????gAK?????CH?A??O?????W?W_???@`C@??????_G??W_???CA?cO??????G?@d?????OAC?_A?????oCAC??????aE???_????P??@?c?????_QW???????A?OCW????????o??i?????B???PO?????????IoA??????,[(34-45)-(33-63)-(32-47)-(31-67)-(30-35)-(29-60)-(28-58)-(27-68)-(26-44)-(25-39)-(24-61)-(23-57)-(22-69)-(21-62)-(20-59)-(19-46)-(18-43)-(17-51)-(16-42)-(15-56)-(14-41)-(13-53)-(12-40)-(11-52)-(10-66)-(9-65)-(8-55)-(7-38)-(6-37)-(5-54)-(4-49)-(3-50)-(2-48)-(1-64)-(0-36)],0.0004525184631347656,0.04518437385559082,2,True,0
~?@E???????????????????????????????????????????????????????????????????????????????????????????????????@???C[cc???C__??OQ?HCG@?CQA?A??GKg????@E_?O??@COA?_?S?DO???_?I__????GS?I???GEOG????@_CK??GW?O?_??A?PCG???I??A@O?????HGB???ABC?_?????@?GM????gAK?????CH?A??O?????W?W_???@`C@??????_G??W_???CA?cO??????G?@d?????OAC?_A?????oCAC??????aE???_????P??@?c?????_QW???????A?OCW????????o??i?????B???PO?????????IoA??????,[(34-45)-(33-63)-(32-47)-(31-67)-(30-35)-(29-60)-(28-58)-(27-68)-(26-44)-(25-39)-(24-61)-(23-57)-(22-69)-(21-62)-(20-59)-(19-46)-(18-43)-(17-51)-(16-42)-(15-56)-(14-41)-(13-53)-(12-40)-(11-52)-(10-66)-(9-65)-(8-55)-(7-38)-(6-37)-(5-54)-(4-49)-(3-50)-(2-48)-(1-64)-(0-36)],0.00037479400634765625,0.028752803802490234,1,True,0
~?@E???????????????????????????????????????????????????????????????????????????????????????????????????@???C[cc???C__??OQ?HCG@?CQA?A??GKg????@E_?O??@COA?_?S?DO???_?I__????GS?I???GEOG????@_CK??GW?O?_??A?PCG???I??A@O?????HGB???ABC?_?????@?GM????gAK?????CH?A??O?????W?W_???@`C@??????_G??W_???CA?cO??????G?@d?????OAC?_A?????oCAC??????aE???_????P??@?c?????_QW???????A?OCW????????o??i?????B???PO?????????IoA??????,[(34-61)-(33-63)-(32-45)-(31-47)-(30-35)-(29-60)-(28-58)-(27-67)-(26-62)-(25-39)-(24-59)-(23-57)-(22-69)-(21-68)-(20-44)-(19-46)-(18-43)-(17-51)-(16-42)-(15-56)-(14-41)-(13-53)-(12-40)-(11-52)-(10-66)-(9-65)-(8-55)-(7-38)-(6-37)-(5-54)-(4-49)-(3-50)-(2-48)-(1-64)-(0-36)],0.00040268898010253906,0.10880589485168457,5,True,0
~?@E???????????????????????????????????????????????????????????????????????????????????????????????????@???C[cc???C__??OQ?HCG@?CQA?A??GKg????@E_?O??@COA?_?S?DO???_?I__????GS?I???GEOG????@_CK??GW?O?_??A?PCG???I??A@O?????HGB???ABC?_?????@?GM????gAK?????CH?A??O?????W?W_???@`C@??????_G??W_???CA?cO??????G?@d?????OAC?_A?????oCAC??????aE???_????P??@?c?????_QW???????A?OCW????????o??i?????B???PO?????????IoA??????,[(34-61)-(33-63)-(32-45)-(31-47)-(30-35)-(29-60)-(28-58)-(27-67)-(26-62)-(25-39)-(24-59)-(23-57)-(22-69)-(21-68)-(20-44)-(19-46)-(18-43)-(17-51)-(16-42)-(15-56)-(14-41)-(13-53)-(12-40)-(11-52)-(10-66)-(9-65)-(8-55)-(7-38)-(6-37)-(5-54)-(4-49)-(3-50)-(2-48)-(1-64)-(0-36)],0.0003819465637207031,0.06479263305664062,3,True,0
~?@E???????????????????????????????????????????????????????????????????????????????????????????????????@???C[cc???C__??OQ?HCG@?CQA?A??GKg????@E_?O??@COA?_?S?DO???_?I__????GS?I???GEOG????@_CK??GW?O?_??A?PCG???I??A@O?????HGB???ABC?_?????@?GM????gAK?????CH?A??O?????W?W_???@`C@??????_G??W_???CA?cO??????G?@d?????OAC?_A?????oCAC??????aE???_????P??@?c?????_QW???????A?OCW????????o??i?????B???PO?????????IoA??????,[(34-61)-(33-63)-(32-45)-(31-47)-(30-35)-(29-67)-(28-58)-(27-60)-(26-62)-(25-39)-(24-59)-(23-57)-(22-69)-(21-68)-(20-44)-(19-46)-(18-43)-(17-51)-(16-42)-(15-56)-(14-41)-(13-53)-(12-40)-(11-52)-(10-66)-(9-65)-(8-55)-(7-38)-(6-37)-(5-54)-(4-49)-(3-50)-(2-48)-(1-64)-(0-36)],0.00037598609924316406,0.018778085708618164,1,True,0
~?@E???????????????????????????????????????????????????????????????????????????????????????????????????@???C[cc???C__??OQ?HCG@?CQA?A??GKg????@E_?O??@COA?_?S?DO???_?I__????GS?I???GEOG????@_CK??GW?O?_??A?PCG???I??A@O?????HGB???ABC?_?????@?GM????gAK?????CH?A??O?????W?W_???@`C@??????_G??W_???CA?cO??????G?@d?????OAC?_A?????oCAC??????aE???_????P??@?c?????_QW???????A?OCW????????o??i?????B???PO?????????IoA??????,[(34-61)-(33-63)-(32-45)-(31-47)-(30-35)-(29-67)-(28-58)-(27-60)-(26-62)-(25-39)-(24-59)-(23-57)-(22-69)-(21-68)-(20-44)-(19-46)-(18-43)-(17-51)-(16-42)-(15-56)-(14-41)-(13-53)-(12-40)-(11-52)-(10-66)-(9-65)-(8-55)-(7-38)-(6-37)-(5-54)-(4-49)-(3-50)-(2-48)-(1-64)-(0-36)],0.00044345855712890625,0.06501650810241699,3,True,0
~?@E???????????????????????????????????????????????????????????????????????????????????????????????????@???C[cc???C__??OQ?HCG@?CQA?A??GKg????@E_?O??@COA?_?S?DO???_?I__????GS?I???GEOG????@_CK??GW?O?_??A?PCG???I??A@O?????HGB???ABC?_?????@?GM????gAK?????CH?A??O?????W?W_???@`C@??????_G??W_???CA?cO??????G?@d?????OAC?_A?????oCAC??????aE???_????P??@?c?????_QW???????A?OCW????????o??i?????B???PO?????????IoA??????,[(34-61)-(33-63)-(32-47)-(31-67)-(30-35)-(29-60)-(28-58)-(27-68)-(26-62)-(25-39)-(24-59)-(23-57)-(22-69)-(21-45)-(20-44)-(19-46)-(18-43)-(17-51)-(16-42)-(15-56)-(14-41)-(13-53)-(12-40)-(11-52)-(10-66)-(9-65)-(8-55)-(7-38)-(6-37)-(5-54)-(4-49)-(3-50)-(2-48)-(1-64)-(0-36)],0.00037026405334472656,0.02884960174560547,1,True,0
~?@E???????????????????????????????????????????????????????????????????????????????????????????????????@???C[cc???C__??OQ?HCG@?CQA?A??GKg????@E_?O??@COA?_?S?DO???_?I__????GS?I???GEOG????@_CK??GW?O?_??A?PCG???I??A@O?????HGB???ABC?_?????@?GM????gAK?????CH?A??O?????W?W_???@`C@??????_G??W_???CA?cO??????G?@d?????OAC?_A?????oCAC??????aE???_????P??@?c?????_QW???????A?OCW????????o??i?????B???PO?????????IoA??????,[(34-61)-(33-63)-(32-47)-(31-67)-(30-35)-(29-60)-(28-58)-(27-68)-(26-62)-(25-39)-(24-59)-(23-57)-(22-69)-(21-45)-(20-44)-(19-46)-(18-43)-(17-51)-(16-42)-(15-56)-(14-41)-(13-53)-(12-40)-(11-52)-(10-66)-(9-65)-(8-55)-(7-38)-(6-37)-(5-54)-(4-49)-(3-50)-(2-48)-(1-64)-(0-36)],0.00036597251892089844,0.10639405250549316,5,True,0
