G6,PLI_create_time,solve_time,result,counter,break_type
K??FvjkvDwN_,2.384185791015625e-07,2.5093462467193604,True,978,None
K?AFfZ[nBwNO,4.76837158203125e-07,1.4523980617523193,True,649,None
K?AFfT{^EwV_,4.76837158203125e-07,1.597891092300415,True,730,None
K?AFe\\{^FoV_,4.76837158203125e-07,1.6185634136199951,True,746,None
K?AFb^w^EwV_,2.384185791015625e-07,0.5237302780151367,True,400,None
K?ABrvszEwV_,7.152557373046875e-07,2.579608201980591,True,979,None
K?AFK~w}BwN_,2.384185791015625e-07,2.4521901607513428,True,914,None
K?BFFrwfbwFo,4.76837158203125e-07,2.0899057388305664,True,809,None
K?BFFrYn@{N_,4.76837158203125e-07,1.4132506847381592,True,684,None
K?BFDx]nBs^?,4.76837158203125e-07,2.8861706256866455,True,955,None
K?BFDvwnA{N_,2.384185791015625e-07,1.4957916736602783,True,708,None
K?BFDtynBwZ_,4.76837158203125e-07,0.35067272186279297,True,319,None
K?BF@}y^FoZ_,7.152557373046875e-07,1.342355489730835,True,627,None
K?BF@{}}FoZ_,2.384185791015625e-07,1.6693191528320312,True,768,None
K?BDfZ[^BsVO,7.152557373046875e-07,5.2324934005737305,True,1192,None
K?BDfVYnBwN_,4.76837158203125e-07,1.878354787826538,True,735,None
K?BDdvi^BwZ_,7.152557373046875e-07,0.2741684913635254,True,255,None
K?BDe\\{^FoVO,2.384185791015625e-07,1.2138159275054932,True,581,None
K?BDd\\{^Es^?,4.76837158203125e-07,0.4031524658203125,True,356,None
K?BDd\\y^FoZ_,7.152557373046875e-07,4.692807674407959,True,1200,None
K?BDb\\{nEs^?,2.384185791015625e-07,5.990154266357422,True,1189,None
K?BDb]y^FoZ_,4.76837158203125e-07,0.49325132369995117,True,376,None
K?BD`~i^FoZ_,2.384185791015625e-07,3.385390281677246,True,999,None
K?BD`|yzFoZ_,2.384185791015625e-07,0.31889772415161133,True,262,None
K?B@vfinBwZ_,2.384185791015625e-07,1.4999821186065674,True,682,None
K?B@tty|FWZ_,4.76837158203125e-07,2.343848705291748,True,922,None
K?B@tni^FoZ_,7.152557373046875e-07,3.1986632347106934,True,974,None
K?B@tnM^Fo^?,2.384185791015625e-07,1.9342083930969238,True,807,None
K?B@p~qzFoZ_,2.384185791015625e-07,2.57477068901062,True,962,None
K?B@p~e}FoZ_,4.76837158203125e-07,1.571007251739502,True,666,None
K?BENrwn@{NO,2.384185791015625e-07,1.3473284244537354,True,601,None
K?BEH{}}Fo^?,2.384185791015625e-07,2.708303928375244,True,955,None
K?BDLzY}BwNO,4.76837158203125e-07,20.923934936523438,True,1697,None
K?BDJz[]foVO,4.76837158203125e-07,3.4926187992095947,True,1058,None
K?BDK|{]fo^?,4.76837158203125e-07,1.4179134368896484,True,668,None
K?BDI|{}FoVO,2.384185791015625e-07,0.5916521549224854,True,455,None
K?BDI|y}FoV_,2.384185791015625e-07,7.632513999938965,True,1360,None
K?B@nZ[mfoNO,4.76837158203125e-07,3.7686829566955566,True,1044,None
K?B@nY{ufoNO,4.76837158203125e-07,2.3294246196746826,True,858,None
K?B@lx{}FSZO,4.76837158203125e-07,4.472955703735352,True,1150,None
K?B@m]{}FoNO,2.384185791015625e-07,11.50827693939209,True,1570,None
K?B@m[}}Fo^?,2.384185791015625e-07,2.612611770629883,True,904,None
K?B@l\\]}Fo^?,4.76837158203125e-07,1.6158199310302734,True,712,None
K?BFfRYn@yN_,4.76837158203125e-07,24.491746187210083,True,1708,None
K?BFfQynAyN_,4.76837158203125e-07,1.842073678970337,True,726,None
K?BDvbkvBwFW,4.76837158203125e-07,0.5030171871185303,True,377,None
K?BDtre}AyN_,2.384185791015625e-07,1.5801496505737305,True,700,None
K?BDrqyxRwZ_,4.76837158203125e-07,0.09345364570617676,True,61,None
K?BDrquyRwZ_,2.384185791015625e-07,2.2742438316345215,True,835,None
K?BDvH{^EqVO,2.384185791015625e-07,13.820137739181519,True,1367,None
K?BFMo}nBq^?,2.384185791015625e-07,1.909308671951294,True,813,None
K?BFKx{]foVG,2.384185791015625e-07,1.5713386535644531,True,685,None
K?BFHzYnFoNG,4.76837158203125e-07,2.5720715522766113,True,872,None
K?BFHy]}FoNG,2.384185791015625e-07,2.0753588676452637,True,831,None
K?BFHw}}FoZG,4.76837158203125e-07,1.7570273876190186,True,805,None
K?BDnP{^EqVO,2.384185791015625e-07,1.4530370235443115,True,661,None
K?BDnP{^DqZO,2.384185791015625e-07,4.237695217132568,True,1144,None
K?BDnP]nBq^?,4.76837158203125e-07,0.11393189430236816,True,105,None
K?BDnRX}@{N_,2.384185791015625e-07,3.538896322250366,True,1098,None
K?BDlpl]foZ_,4.76837158203125e-07,0.6697475910186768,True,492,None
K?BDjrkvBqVO,2.384185791015625e-07,7.943757772445679,True,1250,None
K?BDjrMnFoNG,2.384185791015625e-07,1.991048812866211,True,811,None
K?BDjrM^Dq^?,2.384185791015625e-07,7.102996826171875,True,1386,None
K?BDjqm]VoZ_,2.384185791015625e-07,0.39797043800354004,True,314,None
K?BDjpxydwZ_,4.76837158203125e-07,1.7617955207824707,True,735,None
K?BDlZY}BwNG,2.384185791015625e-07,12.484106540679932,True,1616,None
K?BDlXy]VoZ_,2.384185791015625e-07,0.16996407508850098,True,137,None
K?BDjYy]VoZ_,2.384185791015625e-07,2.2876529693603516,True,871,None
K?BDjX]mVo^?,4.76837158203125e-07,0.18179988861083984,True,139,None
K?BDjW}uVo^?,4.76837158203125e-07,1.329986333847046,True,630,None
K?BDhzi^Eq^?,4.76837158203125e-07,0.5503344535827637,True,431,None
K?BDhxyyVoZ_,4.76837158203125e-07,3.2649025917053223,True,1014,None
K?BDhxxyfoZ_,2.384185791015625e-07,1.0869717597961426,True,518,None
K?B@~bkvDqNO,2.384185791015625e-07,0.9250192642211914,True,495,None
K?B@|px{fWZ_,4.76837158203125e-07,1.2110188007354736,True,588,None
K?B@|pxxfoZ_,2.384185791015625e-07,2.9401159286499023,True,992,None
K?BfEq{fbsNG,2.384185791015625e-07,0.29113245010375977,True,246,None
K?BfEo}nBsZG,2.384185791015625e-07,6.231559991836548,True,1330,None
K?BfEo}NfoZG,2.384185791015625e-07,1.5826466083526611,True,702,None
K?BefQx}@{Jo,2.384185791015625e-07,1.663271427154541,True,722,None
K?BefQxfbwNO,4.76837158203125e-07,0.10263204574584961,True,76,None
K?BedrM^BsVG,4.76837158203125e-07,0.9547946453094482,True,528,None
K?BedpmvBsVG,4.76837158203125e-07,1.810222864151001,True,823,None
K?Bedpm^DqZO,2.384185791015625e-07,0.4883303642272949,True,358,None
K?Bedpm]dwZG,2.384185791015625e-07,3.2804338932037354,True,1039,None
K?BedpmVfoVG,4.76837158203125e-07,18.79009985923767,True,1737,None
K?Bedo}zBqZO,2.384185791015625e-07,2.735867738723755,True,912,None
K?Bedo}^FQZO,4.76837158203125e-07,0.0426025390625,True,31,None
K?BedpxvDsLo,4.76837158203125e-07,2.567735195159912,True,939,None
K?BeeW}mRs^?,2.384185791015625e-07,0.47342705726623535,True,378,None
K?Becy{]Rs\\O,2.384185791015625e-07,0.38710474967956543,True,320,None
K?Beczi]bwVG,4.76837158203125e-07,0.23665738105773926,True,203,None
K?Becxm]foVG,2.384185791015625e-07,1.935589075088501,True,850,None
K?Becw}]fQ^?,2.384185791015625e-07,5.612593412399292,True,1298,None
K?Becw}Yvo^?,4.76837158203125e-07,1.90324068069458,True,876,None
K?Bcvb[nBUNO,7.152557373046875e-07,0.31224584579467773,True,263,None
K?Bcv`{^Cu\\O,9.5367431640625e-07,0.2895395755767822,True,257,None
K?Bcv`m^EqVO,2.384185791015625e-07,0.2846033573150635,True,264,None
K?Bcv`]zBqVO,2.384185791015625e-07,64.79673790931702,True,1920,None
K?Bcv`]^FQVO,4.76837158203125e-07,0.32427048683166504,True,288,None
K?Bcv`xZewVO,2.384185791015625e-07,1.8582518100738525,True,791,None
K?Bcv`lvBsVO,2.384185791015625e-07,3.87113881111145,True,1092,None
K?Bcv`\\nFSNO,4.76837158203125e-07,2.0441982746124268,True,880,None
K?Bcv`Z^Dw\\O,4.76837158203125e-07,1.7363154888153076,True,800,None
K?BcrrevBsVG,4.76837158203125e-07,3.5903379917144775,True,1062,None
K?Bcrre^EqVO,2.384185791015625e-07,2.898740530014038,True,987,None
K?Bcrre]foRg,2.384185791015625e-07,2.8404712677001953,True,1015,None
K?BcrreffoNG,4.76837158203125e-07,10.112560033798218,True,1335,None
K?BcrrUzBqVO,4.76837158203125e-07,6.689832925796509,True,1227,None
K?BcrrUnFSNG,2.384185791015625e-07,2.244720935821533,True,868,None
K?BcrrUjfoNG,4.76837158203125e-07,0.04963183403015137,True,42,None
K?BcrpuyfoRg,4.76837158203125e-07,2.3158764839172363,True,955,None
K?BcrpxxewVO,4.76837158203125e-07,1.6828947067260742,True,727,None
K?BcrptzEsVO,4.76837158203125e-07,6.802975177764893,True,1281,None
K?Bcrp\\mfc\\_,4.76837158203125e-07,1.5548529624938965,True,669,None
K?BcvH{uRsVO,4.76837158203125e-07,1.4511728286743164,True,627,None
K?BcvH{]UsVO,2.384185791015625e-07,5.106333255767822,True,1171,None
K?BcvH{ers^?,2.384185791015625e-07,1.4949488639831543,True,669,None
K?BcvH]mRs^?,2.384185791015625e-07,2.0029101371765137,True,803,None
K?BcvH]]VoVO,2.384185791015625e-07,20.677186965942383,True,1585,None
K?BcvH]Mvo^?,2.384185791015625e-07,7.165555238723755,True,1261,None
K?BcvI\\]bs^?,2.384185791015625e-07,3.1767637729644775,True,945,None
K?BcvH\\]foVO,4.76837158203125e-07,4.1985533237457275,True,1100,None
K?Bcuh{yRsVO,2.384185791015625e-07,5.109175443649292,True,1175,None
K?BcuhmmVoNO,2.384185791015625e-07,0.10916566848754883,True,66,None
K?Bcuil]bs^?,2.384185791015625e-07,0.03323197364807129,True,28,None
K?Bcug|yfoNO,4.76837158203125e-07,0.44719576835632324,True,381,None
K?BcuhjnFoNO,2.384185791015625e-07,2.9241104125976562,True,1041,None
K?BcuhjNfo^?,2.384185791015625e-07,2.3768575191497803,True,844,None
K?BcugzyfoN_,7.152557373046875e-07,1.5816073417663574,True,707,None
K?BcugzZfo^?,2.384185791015625e-07,16.56115198135376,True,1672,None
K?BcrjM]foVG,2.384185791015625e-07,0.940279483795166,True,492,None
K?BcrjMMvo^?,2.384185791015625e-07,11.081513404846191,True,1351,None
K?BcrhmuVoVO,4.76837158203125e-07,4.2439258098602295,True,1096,None
K?BcrhlufoVO,2.384185791015625e-07,3.1425163745880127,True,951,None
K?Bcri\\ybs^?,4.76837158203125e-07,0.5494425296783447,True,413,None
K?BcriN]fo^?,4.76837158203125e-07,0.06918668746948242,True,51,None
K?Bcsxu]fQ^?,2.384185791015625e-07,3.4368598461151123,True,1079,None
K?BcsxuYvo^?,2.384185791015625e-07,2.036135196685791,True,846,None
K?Bcsxr^Fo\\O,4.76837158203125e-07,3.3234939575195312,True,1077,None
K?Bcsxr]fo\\_,2.384185791015625e-07,3.935218334197998,True,1110,None
K?Bcqxymfa\\_,4.76837158203125e-07,1.179908275604248,True,540,None
K?BcqzemfoNG,2.384185791015625e-07,2.1272153854370117,True,831,None
K?Bcqze]dq^?,4.76837158203125e-07,0.2957160472869873,True,278,None
K?BcqxrzFoVO,2.384185791015625e-07,0.3219778537750244,True,271,None
K?BcqxrnFS^?,2.384185791015625e-07,2.2328579425811768,True,887,None
K?BevbgfPxNO,4.76837158203125e-07,0.5760962963104248,True,419,None
K?BfMqwfbqNC,2.384185791015625e-07,3.5820472240448,True,1070,None
K?BfMqwVbqVC,2.384185791015625e-07,12.073620796203613,True,1440,None
K?BenRWnBpFW,4.76837158203125e-07,1.8337078094482422,True,745,None
K?BenQwuP{NC,2.384185791015625e-07,2.6917099952697754,True,981,None
K?BelpwrdqNC,2.384185791015625e-07,0.1404438018798828,True,116,None
K?BelpwjeqNC,4.76837158203125e-07,1.932159662246704,True,830,None
K?BelpwjbqZC,4.76837158203125e-07,2.058039426803589,True,866,None
K?Bc~bWmRTN_,2.384185791015625e-07,2.053831100463867,True,840,None
K?`FFq{la{N_,4.76837158203125e-07,0.5304763317108154,True,414,None
K?`FBvU^DwV_,2.384185791015625e-07,1.919774055480957,True,840,None
K?`FBtunDwZ_,4.76837158203125e-07,1.0324687957763672,True,505,None
K?`FBt]nDw]_,2.384185791015625e-07,2.863396644592285,True,946,None
K?`FC~wnBwMo,2.384185791015625e-07,8.33324909210205,True,1326,None
K?`F@{}}FgZ_,4.76837158203125e-07,2.9610342979431152,True,972,None
K?`Dfq{xa{N_,2.384185791015625e-07,1.5966362953186035,True,734,None
K?`DffM^BwV_,2.384185791015625e-07,5.396831274032593,True,1163,None
K?`Dfem^BwZ_,4.76837158203125e-07,9.211443901062012,True,1468,None
K?`DfdmnBwZ_,2.384185791015625e-07,2.994356870651245,True,1005,None
K?`Dfc}^FWZ_,2.384185791015625e-07,7.688016414642334,True,1374,None
K?`DfVU^BwV_,4.76837158203125e-07,1.84238862991333,True,755,None
K?`DfU]|BwN_,7.152557373046875e-07,2.1200220584869385,True,845,None
K?`DbvenBwZ_,4.76837158203125e-07,0.293027400970459,True,252,None
K?`Dbum|BwZ_,2.384185791015625e-07,2.3495447635650635,True,906,None
K?`DbtmnFgZ_,4.76837158203125e-07,1.6636865139007568,True,760,None
K?`Dblm}DwZ_,2.384185791015625e-07,1.4524760246276855,True,656,None
K?`EVjsn@{NO,2.384185791015625e-07,2.879143476486206,True,1064,None
K?`ETk}}FgN_,7.152557373046875e-07,1.335740566253662,True,651,None
K?`ERns^DwVO,7.152557373046875e-07,1.7700769901275635,True,772,None
K?`ERlu}DwV_,4.76837158203125e-07,1.8860788345336914,True,765,None
K?`DVdunBwZ_,2.384185791015625e-07,0.529517650604248,True,415,None
K?`DVc}|BwZ_,2.384185791015625e-07,6.419192790985107,True,1319,None
K?`DUu{|BkN_,4.76837158203125e-07,2.3768675327301025,True,908,None
K?`DRlu}DwZ_,4.76837158203125e-07,2.85217022895813,True,950,None
K?`FfQ{v@yMo,2.384185791015625e-07,0.358853816986084,True,290,None
K?`FfRU^@yV_,2.384185791015625e-07,3.736740827560425,True,1086,None
K?`FfQ]nBwMg,4.76837158203125e-07,15.481798887252808,True,1687,None
K?`FfP]|@yV_,2.384185791015625e-07,2.2334585189819336,True,858,None
K?`FfO}fVgN_,4.76837158203125e-07,1.8932077884674072,True,793,None
K?`FfRTn@{N_,7.152557373046875e-07,2.8725123405456543,True,968,None
K?`Fdrkv@yMo,2.384185791015625e-07,0.20308184623718262,True,174,None
K?`FdqurRwN_,4.76837158203125e-07,1.5500514507293701,True,756,None
K?`FdquZRwZ_,7.152557373046875e-07,2.420701503753662,True,965,None
K?`FdrMnBiN_,2.384185791015625e-07,0.6996657848358154,True,412,None
K?`Fdo}xRwZ_,4.76837158203125e-07,1.3589346408843994,True,658,None
K?`Fdo}\\VWZ_,2.384185791015625e-07,2.0889952182769775,True,861,None
K?`FdptjbwZ_,2.384185791015625e-07,2.007848024368286,True,873,None
K?`FdrLnBwMo,2.384185791015625e-07,2.455070972442627,True,937,None
K?`FbrM|@yV_,2.384185791015625e-07,1.6468935012817383,True,740,None
K?`FbrMnDwMg,7.152557373046875e-07,2.351914405822754,True,925,None
K?`FbrM^DiV_,4.76837158203125e-07,1.780061960220337,True,828,None
K?`FbqmvDwMg,4.76837158203125e-07,3.2280678749084473,True,1030,None
K?`Fbpm|DwRg,4.76837158203125e-07,0.8324995040893555,True,505,None
K?`Fbo}xTwZ_,4.76837158203125e-07,1.710118293762207,True,766,None
K?`Fbo}lVWZ_,2.384185791015625e-07,4.552744626998901,True,1202,None
K?`FeY{}@yMo,2.384185791015625e-07,0.6104094982147217,True,417,None
K?`FeZqn@yN_,2.384185791015625e-07,2.310382127761841,True,895,None
K?`FdZqnAyN_,2.384185791015625e-07,2.6373038291931152,True,943,None
K?`FdXyfVgN_,7.152557373046875e-07,1.9913432598114014,True,859,None
K?`FdZpnBwJo,4.76837158203125e-07,14.286552667617798,True,1486,None
K?`FdZXlbwN_,2.384185791015625e-07,3.8391008377075195,True,1062,None
K?`FdZTnBsN_,7.152557373046875e-07,17.504087209701538,True,1507,None
K?`FdX\\}DwMo,7.152557373046875e-07,2.7276246547698975,True,939,None
K?`F`zqNVWZ_,4.76837158203125e-07,0.5880415439605713,True,417,None
K?`F`yyZVgZ_,4.76837158203125e-07,0.8951566219329834,True,491,None
K?`F`ymuVgN_,4.76837158203125e-07,2.6100096702575684,True,970,None
K?`F`w}{VWZ_,2.384185791015625e-07,7.109381914138794,True,1340,None
K?`F`w}yVgZ_,2.384185791015625e-07,0.4223778247833252,True,345,None
K?`FUi{}@{Mg,2.384185791015625e-07,2.0399093627929688,True,807,None
K?`FUiynBwMg,2.384185791015625e-07,2.0231032371520996,True,800,None
K?`FUhy^DiV_,4.76837158203125e-07,4.267561674118042,True,1138,None
K?`FSzqnBwMg,4.76837158203125e-07,5.692506790161133,True,1245,None
K?`DvJwnA{Mg,4.76837158203125e-07,11.368517875671387,True,1313,None
K?`DvJXnBkN_,2.384185791015625e-07,0.5813696384429932,True,435,None
K?`DvJT^BwVO,4.76837158203125e-07,2.679979085922241,True,818,None
K?`DvH\\|BwVO,2.384185791015625e-07,1.7229371070861816,True,745,None
K?`DrjqZTwZ_,2.384185791015625e-07,5.366929054260254,True,1159,None
K?`DriyxRwZ_,2.384185791015625e-07,4.8468687534332275,True,1104,None
K?`Driy\\VWZ_,2.384185791015625e-07,2.48758864402771,True,859,None
K?`DrhuyTwZ_,2.384185791015625e-07,1.8191931247711182,True,787,None
K?`DuZwnBkMg,4.76837158203125e-07,2.398136615753174,True,849,None
K?bBFrwt`{Fo,2.384185791015625e-07,0.6607248783111572,True,467,None
K?bBFp{VdsUo,2.384185791015625e-07,6.569431781768799,True,1258,None
K?bBEyynBsMo,2.384185791015625e-07,2.6990103721618652,True,939,None
K?bBFe]nBwNO,2.384185791015625e-07,3.3648011684417725,True,1027,None
K?bBFc}]dwZ_,4.76837158203125e-07,1.4265291690826416,True,679,None
K?bBEvwn@{Mo,4.76837158203125e-07,1.348520278930664,True,639,None
K?bBEvw^DkFo,4.76837158203125e-07,1.1913022994995117,True,563,None
K?bBEu{lbwNO,7.152557373046875e-07,0.856318473815918,True,569,None
K?bBEuynBwMo,4.76837158203125e-07,2.751924514770508,True,950,None
K?bBEnwnBsFo,4.76837158203125e-07,1.6138560771942139,True,728,None
K?bBEnw^@{VO,2.384185791015625e-07,0.029113292694091797,True,19,None
K?bBEmynBwNO,2.384185791015625e-07,0.11462855339050293,True,110,None
K?b@frinA{Mo,2.384185791015625e-07,3.384915828704834,True,1040,None
K?b@frM}@{Mo,2.384185791015625e-07,8.096757411956787,True,1351,None
K?b@frMnBsMo,4.76837158203125e-07,2.1743528842926025,True,788,None
K?b@fqm}A{Mo,2.384185791015625e-07,13.007949352264404,True,1545,None
K?b@fc}ybwZ_,2.384185791015625e-07,3.220496892929077,True,961,None
K?b@fc}]fWZ_,2.384185791015625e-07,6.602538585662842,True,1159,None
K?b@fc}rfoN_,2.384185791015625e-07,2.83150053024292,True,959,None
K?b@fU{vBsMo,4.76837158203125e-07,1.8385379314422607,True,769,None
K?b@fU{tbwNO,2.384185791015625e-07,4.338039398193359,True,1151,None
K?b@fVYnBwMo,4.76837158203125e-07,0.13725018501281738,True,108,None
K?b@fVYlbwN_,2.384185791015625e-07,0.7138016223907471,True,484,None
K?b@fUu}A{N_,4.76837158203125e-07,4.368238925933838,True,1131,None
K?b@dve]bwZ_,7.152557373046875e-07,5.83302116394043,True,1085,None
K?b@dvM}BwMo,2.384185791015625e-07,1.019378423690796,True,536,None
K?b@bvqrdwN_,2.384185791015625e-07,17.656333446502686,True,1551,None
K?b@bveVdw^?,4.76837158203125e-07,0.6517801284790039,True,467,None
K?b@buuybwZ_,2.384185791015625e-07,0.057656049728393555,True,56,None
K?b@buurfoN_,4.76837158203125e-07,4.308749437332153,True,1062,None
K?b@fM]]foN_,2.384185791015625e-07,6.815183162689209,True,1364,None
K?bFFbw^@{Bw,2.384185791015625e-07,11.246987342834473,True,1527,None
K?bFFb[^@{FW,4.76837158203125e-07,1.528740406036377,True,658,None
K?bFFa{^A{FW,4.76837158203125e-07,2.5476348400115967,True,947,None
K?bFFbYNRwFo,2.384185791015625e-07,35.337164640426636,True,1846,None
K?bFBrsnA{FW,2.384185791015625e-07,1.8143033981323242,True,735,None
K?bFBrqfbwFg,4.76837158203125e-07,6.4415013790130615,True,1187,None
K?bFBrYn@yMo,2.384185791015625e-07,1.6851320266723633,True,753,None
K?bFBrYlbwFg,4.76837158203125e-07,1.2821826934814453,True,628,None
K?bFBqufbqN_,4.76837158203125e-07,2.2399399280548096,True,889,None
K?bFBp]]diV_,4.76837158203125e-07,8.53814697265625,True,1310,None
K?bFEhy]dwFg,4.76837158203125e-07,2.767366886138916,True,979,None
K?bFDh]Nbq^?,4.76837158203125e-07,3.026432752609253,True,977,None
K?bFDg|]bsZ_,2.384185791015625e-07,1.6616408824920654,True,777,None
K?bFDhZ}BwFo,4.76837158203125e-07,1.8554775714874268,True,793,None
K?bFDgz]bwZ_,2.384185791015625e-07,1.5204148292541504,True,749,None
K?bFBg}mbqZ_,2.384185791015625e-07,2.0182836055755615,True,808,None
K?bFBg}ffoNG,4.76837158203125e-07,3.037243127822876,True,1047,None
K?bFBixNbsZ_,4.76837158203125e-07,1.4177417755126953,True,697,None
K?bFBh\\}DsFo,2.384185791015625e-07,1.5263745784759521,True,704,None
K?bFBh\\nDsNO,4.76837158203125e-07,1.694136381149292,True,783,None
K?bFBgzVfoV_,4.76837158203125e-07,2.7395341396331787,True,965,None
K?bBfayNbYZ_,2.384185791015625e-07,1.9401037693023682,True,824,None
K?bBf`yrdwFg,2.384185791015625e-07,1.7542810440063477,True,789,None
K?bBfbM^DwFW,2.384185791015625e-07,1.2823889255523682,True,612,None
K?bBfam}@yJo,2.384185791015625e-07,0.3533926010131836,True,308,None
K?bBfammayN_,4.76837158203125e-07,1.9631288051605225,True,817,None
K?bBfamNbqZ_,2.384185791015625e-07,1.4314143657684326,True,701,None
K?bBfbLm`{N_,4.76837158203125e-07,1.325993537902832,True,684,None
K?bBfRw^@mRo,2.384185791015625e-07,3.247525453567505,True,1036,None
K?bBfRsnA{FW,2.384185791015625e-07,6.7654948234558105,True,1194,None
K?bBfRqfbwFg,4.76837158203125e-07,1.6565775871276855,True,724,None
K?bBfPyt`yV_,2.384185791015625e-07,4.999986886978149,True,1121,None
K?bBfRU^DwFW,4.76837158203125e-07,9.905125141143799,True,1379,None
K?bBfRUmbwFg,2.384185791015625e-07,2.992616653442383,True,999,None
K?bBfQ]lbwNG,4.76837158203125e-07,1.432945728302002,True,667,None
K?bBfP]{`yV_,2.384185791015625e-07,7.60056209564209,True,1288,None
K?bBfRpf`{N_,2.384185791015625e-07,0.2455146312713623,True,217,None
K?bBfRXl`{N_,7.152557373046875e-07,2.1821157932281494,True,819,None
K?bBfRTmbwFo,2.384185791015625e-07,2.9392893314361572,True,975,None
K?bBfQt^BsRo,4.76837158203125e-07,0.17725634574890137,True,133,None
K?bBfQtubwFo,2.384185791015625e-07,1.8156085014343262,True,815,None
K?bBfPt}@{Ro,7.152557373046875e-07,0.9235055446624756,True,501,None
K?bBfPtudwFo,2.384185791015625e-07,3.0220837593078613,True,1046,None
K?bBfPtVdwVO,2.384185791015625e-07,2.9065606594085693,True,948,None
K?bBfQ\\}@{Mo,2.384185791015625e-07,2.403939962387085,True,788,None
K?bBfQ\\{`{N_,2.384185791015625e-07,3.033642053604126,True,943,None
K?bBfQ\\lbsN_,4.76837158203125e-07,3.7590441703796387,True,974,None
K?bBdrk|A{FW,2.384185791015625e-07,0.17633390426635742,True,140,None
K?bBdrevBwFW,2.384185791015625e-07,0.46710205078125,True,369,None
K?bBdreVbwVG,4.76837158203125e-07,1.4930567741394043,True,617,None
K?bBdreNbqZ_,4.76837158203125e-07,2.0144944190979004,True,813,None
K?bBdpujbqZ_,2.384185791015625e-07,2.0830609798431396,True,840,None
K?bBdqmtbqN_,2.384185791015625e-07,0.20429110527038574,True,195,None
K?bBdrpja{N_,4.76837158203125e-07,1.8886473178863525,True,825,None
K?bBdrhnA{Mo,2.384185791015625e-07,1.587226152420044,True,640,None
K?bBdrht`{N_,4.76837158203125e-07,1.3638615608215332,True,594,None
K?bBdrhla{N_,2.384185791015625e-07,1.6053667068481445,True,730,None
K?bBdqx\\b[Z_,4.76837158203125e-07,16.276306629180908,True,1568,None
K?bBdqxrbwMo,4.76837158203125e-07,21.746573209762573,True,1576,None
K?bBdrdma{N_,2.384185791015625e-07,2.72562313079834,True,975,None
K?bBdptmb[Z_,2.384185791015625e-07,0.4986448287963867,True,397,None
K?bBdptjbsZ_,4.76837158203125e-07,2.0307466983795166,True,857,None
K?bBdptNfSZ_,2.384185791015625e-07,1.7293660640716553,True,717,None
K?bBdrLnBsMo,4.76837158203125e-07,1.566542387008667,True,655,None
K?bBdrL{`{N_,2.384185791015625e-07,2.3706042766571045,True,880,None
K?bBdrLlbsN_,4.76837158203125e-07,34.39995360374451,True,1719,None
K?bBdql}A{Mo,4.76837158203125e-07,0.4833502769470215,True,356,None
K?bBdqlubwMo,2.384185791015625e-07,2.801086664199829,True,980,None
K?bBdpl}C{Mo,2.384185791015625e-07,8.02403712272644,True,1321,None
K?bBdpludwMo,4.76837158203125e-07,1.6755781173706055,True,741,None
K?bBdrbnA{N_,2.384185791015625e-07,1.733428955078125,True,760,None
K?bBdrJnBwMo,2.384185791015625e-07,2.232506275177002,True,849,None
K?bBdqf]bwZ_,4.76837158203125e-07,1.2000951766967773,True,577,None
K?bBdovybwZ_,2.384185791015625e-07,2.0494632720947266,True,842,None
K?bBdovZfoZ_,2.384185791015625e-07,19.734767198562622,True,1507,None
K?bBdqN}BwMo,4.76837158203125e-07,2.6931936740875244,True,977,None
K?bBdpN}DwMo,2.384185791015625e-07,3.450503349304199,True,1037,None
K?bBbq{nE[MW,4.76837158203125e-07,4.555234432220459,True,1041,None
K?bBbrqr`yV_,2.384185791015625e-07,1.6211981773376465,True,751,None
K?bBbqylbYZ_,4.76837158203125e-07,17.063242435455322,True,1515,None
K?bBbqyrbwUg,4.76837158203125e-07,7.632652759552002,True,1341,None
K?bBbre}@yRo,4.76837158203125e-07,42.9563262462616,True,1818,None
K?bBbre^DsRg,4.76837158203125e-07,3.19789981842041,True,997,None
K?bBbqujbqZ_,2.384185791015625e-07,2.6108694076538086,True,940,None
K?bBbrM|DwFW,7.152557373046875e-07,5.791700601577759,True,1154,None
K?bBbrM|DsFg,4.76837158203125e-07,4.208748817443848,True,1138,None
K?bBbpmudiV_,2.384185791015625e-07,1.9834034442901611,True,815,None
K?bBbpmtdqV_,7.152557373046875e-07,2.3690953254699707,True,879,None
K?bBbo}lfQZ_,4.76837158203125e-07,4.197364330291748,True,1130,None
K?bBbo}jeq]_,2.384185791015625e-07,2.8613035678863525,True,944,None
K?bBbrpr`{V_,7.152557373046875e-07,0.01130056381225586,True,8,None
K?bBbrpZdwRo,2.384185791015625e-07,3.2801949977874756,True,1036,None
K?bBbrht`{V_,2.384185791015625e-07,3.1088008880615234,True,1076,None
K?bBbrhfdwMo,7.152557373046875e-07,1.5346038341522217,True,680,None
K?bBbrhVdkV_,2.384185791015625e-07,0.7656548023223877,True,504,None
K?bBbqxlb[Z_,2.384185791015625e-07,4.321099281311035,True,1120,None
K?bBbqxrdwMo,7.152557373046875e-07,2.2738840579986572,True,842,None
K?bBbqxNe[]_,4.76837158203125e-07,3.048063278198242,True,914,None
K?bBbpxrdwUo,2.384185791015625e-07,0.3901512622833252,True,304,None
K?bBbqtmb[Z_,2.384185791015625e-07,0.5687112808227539,True,412,None
K?bBbqtNfSZ_,2.384185791015625e-07,0.11697554588317871,True,95,None
K?bBbrL|@{VO,2.384185791015625e-07,0.24206089973449707,True,246,None
K?bBbrLmdwMo,2.384185791015625e-07,3.834782600402832,True,1065,None
K?bBbqludwMo,4.76837158203125e-07,28.490565061569214,True,1696,None
K?bBbpl{dwRo,2.384185791015625e-07,3.6236541271209717,True,1004,None
K?bBbpludkV_,2.384185791015625e-07,0.17379021644592285,True,147,None
K?bBbpltdsV_,2.384185791015625e-07,143.46909165382385,True,2140,None
K?bBbo|lfSZ_,2.384185791015625e-07,27.121337175369263,True,1784,None
K?bBbqrrdwN_,2.384185791015625e-07,2.629554033279419,True,956,None
K?bBbqrZdwZ_,2.384185791015625e-07,0.3425285816192627,True,304,None
K?bBbqjvDwMo,2.384185791015625e-07,2.3314218521118164,True,876,None
K?bBbqfubwV_,4.76837158203125e-07,3.800603151321411,True,1087,None
K?bBbqf]dwZ_,2.384185791015625e-07,2.143573760986328,True,803,None
K?bBbpf}C{V_,2.384185791015625e-07,8.914271831512451,True,1325,None
K?bBbovydwZ_,7.152557373046875e-07,3.020181655883789,True,963,None
K?bBbqN}DwMo,2.384185791015625e-07,0.19924306869506836,True,174,None
K?bBbqN^FoUo,2.384185791015625e-07,29.118334531784058,True,1727,None
K?bBfJw^@uRo,2.384185791015625e-07,2.402001142501831,True,904,None
K?bBfI]nBsNG,2.384185791015625e-07,8.355910778045654,True,1399,None
K?bBfG}mbqZ_,4.76837158203125e-07,2.103546619415283,True,807,None
K?bBdji}@yJo,2.384185791015625e-07,0.6086764335632324,True,425,None
K?bBdhyjbqZ_,7.152557373046875e-07,0.755702018737793,True,498,None
K?bBdhm^EqVO,2.384185791015625e-07,0.18705439567565918,True,189,None
K?bBdjLmbsN_,2.384185791015625e-07,0.6280419826507568,True,450,None
K?bBbiymbYZ_,2.384185791015625e-07,2.1208584308624268,True,857,None
K?bBbimmbqZ_,4.76837158203125e-07,2.2832138538360596,True,918,None
K?bBbhmudwVG,2.384185791015625e-07,2.2712438106536865,True,920,None
K?bBbg}mfQZ_,2.384185791015625e-07,3.901559829711914,True,1138,None
K?bBbjLNfoVO,2.384185791015625e-07,5.508399486541748,True,1184,None
K?bBeY{lbsNG,2.384185791015625e-07,0.598229169845581,True,385,None
K?bBeZq]`yV_,2.384185791015625e-07,0.11177945137023926,True,102,None
K?bBeYy}@yMo,4.76837158203125e-07,5.037470579147339,True,1165,None
K?bBeYy{`yN_,2.384185791015625e-07,1.000286340713501,True,445,None
K?bBeW}{dwNG,4.76837158203125e-07,1.710005283355713,True,751,None
K?bBdZqmbwJg,2.384185791015625e-07,0.6812922954559326,True,449,None
K?bBdYy}BiJo,4.76837158203125e-07,0.5165278911590576,True,391,None
K?bBdZUnBsNG,4.76837158203125e-07,2.0711426734924316,True,809,None
K?bBdZU]bwVG,2.384185791015625e-07,13.241486072540283,True,1449,None
K?bBdYuVfoNG,4.76837158203125e-07,1.6082217693328857,True,669,None
K?bBdX]{dwNG,4.76837158203125e-07,2.9113729000091553,True,949,None
K?bBdW}{bqZ_,2.384185791015625e-07,1.6250638961791992,True,665,None
K?bBdZpma{N_,2.384185791015625e-07,4.374042987823486,True,1150,None
K?bBdXt^EsVO,4.76837158203125e-07,0.04601168632507324,True,29,None
K?bBdY\\{bwNO,2.384185791015625e-07,2.454876661300659,True,851,None
K?bBbZqmdwJg,2.384185791015625e-07,4.047334432601929,True,1054,None
K?bBbY]nFoMW,2.384185791015625e-07,2.8405096530914307,True,909,None
K?bBbZp]dwRo,4.76837158203125e-07,11.336459636688232,True,1526,None
K?bBbZX}@{Uo,4.76837158203125e-07,2.260749578475952,True,845,None
K?bBbZX{`{V_,4.76837158203125e-07,2.2643074989318848,True,857,None
K?bBbZX]dkV_,7.152557373046875e-07,5.119065761566162,True,1204,None
K?bBbZT}DsFo,9.5367431640625e-07,1.6620771884918213,True,684,None
K?bBbYt}BsRo,2.384185791015625e-07,0.5345280170440674,True,400,None
K?bBbYtnBsZO,2.384185791015625e-07,5.213353157043457,True,1149,None
K?bBbY\\}DsMo,2.384185791015625e-07,1.5509214401245117,True,676,None
K?bBbY\\|BsVO,2.384185791015625e-07,3.475876808166504,True,1088,None
K?bBbY\\nBs]O,2.384185791015625e-07,3.443605422973633,True,1058,None
K?bBbY\\lbs^?,4.76837158203125e-07,2.125915050506592,True,815,None
K?bBbY\\Nfc^?,4.76837158203125e-07,1.6484534740447998,True,706,None
K?bBbYV^Ds^?,2.384185791015625e-07,35.47608661651611,True,1970,None
K?bB`zkvDsMW,4.76837158203125e-07,0.5017554759979248,True,386,None
K?bB`zknEsMW,4.76837158203125e-07,3.5893445014953613,True,1032,None
K?bB`zqjbqZ_,4.76837158203125e-07,0.9423263072967529,True,472,None
K?bB`xyydwYg,2.384185791015625e-07,5.93573522567749,True,1167,None
K?bB`xymeY]_,4.76837158203125e-07,0.2592809200286865,True,208,None
K?bB`xyrfgVG,2.384185791015625e-07,1.319270372390747,True,559,None
K?bB`zembqZ_,7.152557373046875e-07,1.9510560035705566,True,815,None
K?bB`yu]fQZ_,7.152557373046875e-07,2.0050132274627686,True,821,None
K?bB`zMnFoMW,4.76837158203125e-07,2.05096697807312,True,818,None
K?bB`zM^FcVG,2.384185791015625e-07,1.612518072128296,True,735,None
K?bB`zM\\foVG,2.384185791015625e-07,0.584338903427124,True,440,None
K?bB`xmufgVG,4.76837158203125e-07,16.604336261749268,True,1576,None
K?bB`w}{fQZ_,2.384185791015625e-07,6.207764148712158,True,1220,None
K?bB`zpmb[Z_,7.152557373046875e-07,1.480316400527954,True,669,None
K?bB`zpjbsZ_,2.384185791015625e-07,0.3295736312866211,True,291,None
K?bB`zpNfSZ_,2.384185791015625e-07,0.41069531440734863,True,335,None
K?bB`zh}DkJo,4.76837158203125e-07,20.48156428337097,True,1514,None
K?bB`zd^EsVO,2.384185791015625e-07,2.909109115600586,True,983,None
K?bB`zdmbsZ_,4.76837158203125e-07,1.2112104892730713,True,636,None
K?bB`zdfbs^?,2.384185791015625e-07,2.217979907989502,True,845,None
K?bB`zdVfoVO,4.76837158203125e-07,2.4601171016693115,True,858,None
K?bB`zdNes^?,7.152557373046875e-07,0.8103523254394531,True,467,None
K?bB`yt]fSZ_,4.76837158203125e-07,5.08546781539917,True,1117,None
K?bB`ytrbs^?,2.384185791015625e-07,0.14323115348815918,True,108,None
K?bB`zLlbs^?,2.384185791015625e-07,2.667013168334961,True,863,None
K?bB`zLNfc^?,2.384185791015625e-07,1.8575928211212158,True,753,None
K?bB`yl]es]_,2.384185791015625e-07,1.5816891193389893,True,615,None
K?bB`yltbs^?,2.384185791015625e-07,48.23611354827881,True,1751,None
K?bB`ylVfc^?,4.76837158203125e-07,1.7716772556304932,True,769,None
K?bB`xltds^?,4.76837158203125e-07,1.339869499206543,True,588,None
K?bB`w||FSZO,7.152557373046875e-07,1.7445039749145508,True,737,None
K?bB`w|rfc^?,4.76837158203125e-07,8.957494020462036,True,1407,None
K?bB`zb^DwZO,4.76837158203125e-07,2.056306838989258,True,877,None
K?bB`zb]dwZ_,2.384185791015625e-07,1.0656182765960693,True,565,None
K?bB`zbfbw^?,4.76837158203125e-07,1.268312692642212,True,642,None
K?bB`zbVdw^?,4.76837158203125e-07,1.4622917175292969,True,579,None
K?bB`yrybwZ_,2.384185791015625e-07,0.11071109771728516,True,118,None
K?bB`yrZfoZ_,2.384185791015625e-07,3.665238380432129,True,1066,None
K?bB`xrjfoZ_,4.76837158203125e-07,2.833434820175171,True,902,None
K?bB`zJ]dw]_,4.76837158203125e-07,2.459636688232422,True,945,None
K?bB`yj]fgZ_,4.76837158203125e-07,5.718353033065796,True,1110,None
K?bB`zF^FoVO,1.1920928955078125e-06,1.445037841796875,True,648,None
K?bB`zF]dw^?,4.76837158203125e-07,1.318591833114624,True,579,None
K?bB`xfnFoZO,2.384185791015625e-07,0.1372838020324707,True,98,None
K?bB`yN|Bs^?,4.76837158203125e-07,3.303569793701172,True,1011,None
K?bB`xN|Ds^?,4.76837158203125e-07,4.518491744995117,True,1182,None
K?bBfE{nAyNO,4.76837158203125e-07,1.9872429370880127,True,757,None
K?bBfEynAyN_,2.384185791015625e-07,1.7078492641448975,True,773,None
K?bBfEyfRwN_,4.76837158203125e-07,1.620988368988037,True,691,None
K?bBfE]nBqN_,2.384185791015625e-07,2.07930326461792,True,773,None
K?bBfC}]TwZ_,4.76837158203125e-07,1.4876482486724854,True,623,None
K?bBfC}VTw^?,4.76837158203125e-07,4.3552587032318115,True,1104,None
K?bBfC}NVoZ_,2.384185791015625e-07,1.4268662929534912,True,717,None
K?bBbemuTwN_,2.384185791015625e-07,0.4109666347503662,True,340,None
K?bBbem]TwZ_,4.76837158203125e-07,3.117826461791992,True,934,None
K?bBbfJnDwN_,4.76837158203125e-07,1.9722390174865723,True,736,None
K?bBbdjnDwZ_,2.384185791015625e-07,2.0926764011383057,True,805,None
K?bBbcznFWZ_,2.384185791015625e-07,4.096373558044434,True,951,None
K?bBbcnnFoZ_,4.76837158203125e-07,3.0796685218811035,True,967,None
K?bBeU{}@yMo,2.384185791015625e-07,4.7445595264434814,True,1133,None
K?bBeT{|DwFW,2.384185791015625e-07,1.9963750839233398,True,827,None
K?bBeTy^DwUg,7.152557373046875e-07,0.24207139015197754,True,220,None
K?bBeUu}BwFg,2.384185791015625e-07,0.5908396244049072,True,431,None
K?bBeUunBwNG,2.384185791015625e-07,1.7317478656768799,True,748,None
K?bBeUu^BwVG,4.76837158203125e-07,4.744737148284912,True,1197,None
K?bBeS}mRw]_,2.384185791015625e-07,1.62825608253479,True,688,None
K?bBeUtNfoN_,2.384185791015625e-07,2.3673553466796875,True,957,None
K?bBdVpVbwV_,2.384185791015625e-07,5.0560972690582275,True,1220,None
K?bBdVXnBwMo,2.384185791015625e-07,1.930152177810669,True,795,None
K?bBdUt]bwZ_,2.384185791015625e-07,5.150915622711182,True,1143,None
K?bBdTt]dwZ_,7.152557373046875e-07,4.078859567642212,True,1106,None
K?bBdTtVdw^?,2.384185791015625e-07,5.739542245864868,True,1157,None
K?bBdT\\nFgNO,2.384185791015625e-07,2.0153467655181885,True,896,None
K?bBdTZ^Dw]_,2.384185791015625e-07,2.853785514831543,True,985,None
K?bBbVqnDwJg,2.384185791015625e-07,0.2952544689178467,True,246,None
K?bBbVqfTwN_,7.152557373046875e-07,3.1427111625671387,True,963,None
K?bBbUytTwN_,4.76837158203125e-07,2.209789991378784,True,844,None
K?bBbUyfRw]_,4.76837158203125e-07,2.895350456237793,True,989,None
K?bBbUuuRwV_,4.76837158203125e-07,0.42359018325805664,True,347,None
K?bBbUumRwZ_,4.76837158203125e-07,0.4718499183654785,True,390,None
K?bBbUu]TwZ_,2.384185791015625e-07,1.3443334102630615,True,646,None
K?bBbUufVoN_,2.384185791015625e-07,0.12499284744262695,True,111,None
K?bBbS}mVgZ_,2.384185791015625e-07,6.832629919052124,True,1305,None
K?bBbVXnDwMo,7.152557373046875e-07,0.5614063739776611,True,414,None
K?bBbUxtbwV_,4.76837158203125e-07,0.07344937324523926,True,61,None
K?bBbUtmbwZ_,2.384185791015625e-07,0.280928373336792,True,266,None
K?bBbU\\}DwMo,4.76837158203125e-07,0.12204980850219727,True,99,None
K?bBbS|ffg^?,2.384185791015625e-07,1.1993587017059326,True,569,None
K?bB`vqrTwN_,4.76837158203125e-07,1.5441114902496338,True,721,None
K?bB`vqjRwZ_,4.76837158203125e-07,1.619668960571289,True,715,None
K?bB`vqNVWZ_,2.384185791015625e-07,10.559541702270508,True,1195,None
K?bB`viVVgV_,4.76837158203125e-07,1.458439826965332,True,680,None
K?bB`uyxRwZ_,2.384185791015625e-07,2.653731346130371,True,942,None
K?bB`uyZVgZ_,4.76837158203125e-07,2.2903544902801514,True,894,None
K?bB`ve}DwJg,7.152557373046875e-07,2.1698904037475586,True,823,None
K?bB`ve]TwZ_,2.384185791015625e-07,1.3394103050231934,True,620,None
K?bB`uurRw^?,4.76837158203125e-07,2.9877474308013916,True,943,None
K?bB`uuZVoZ_,4.76837158203125e-07,4.728616714477539,True,1089,None
K?bB`tumVWZ_,4.76837158203125e-07,1.438854694366455,True,645,None
K?bB`umVVg^?,4.76837158203125e-07,2.536365270614624,True,920,None
K?bB`s}yVgZ_,4.76837158203125e-07,1.8156850337982178,True,744,None
K?bB`s}xVoZ_,4.76837158203125e-07,0.6406829357147217,True,462,None
K?bB`vF}BwV_,2.384185791015625e-07,0.9761099815368652,True,470,None
K?bBbMymRwZ_,2.384185791015625e-07,0.5007882118225098,True,424,None
K?bBbMy]TwZ_,2.384185791015625e-07,0.2774782180786133,True,256,None
K?bBbK}mVoZ_,2.384185791015625e-07,2.345745325088501,True,889,None
K?bBc\\{^FcVG,4.76837158203125e-07,0.6531329154968262,True,465,None
K?bBc^q}BwFg,2.384185791015625e-07,2.327268600463867,True,931,None
K?bBc]y{RwN_,4.76837158203125e-07,3.8554766178131104,True,1059,None
K?bBc]y]VgN_,4.76837158203125e-07,1.3868215084075928,True,638,None
K?bBc[}{VoN_,4.76837158203125e-07,1.0106163024902344,True,549,None
K?bBc^p]dwN_,2.384185791015625e-07,0.30953073501586914,True,274,None
K?bBc]t]foN_,2.384185791015625e-07,1.7553207874298096,True,794,None
K?bBc\\t]dw^?,4.76837158203125e-07,0.07005620002746582,True,53,None
K?bBa^s^DqVO,2.384185791015625e-07,1.836594581604004,True,823,None
K?bBa]{nFoMW,4.76837158203125e-07,26.22114896774292,True,1613,None
K?bBa^q}@yV_,4.76837158203125e-07,4.0211265087127686,True,1082,None
K?bBa]u^Dq^?,2.384185791015625e-07,2.1907832622528076,True,881,None
K?bBa]uNVo^?,4.76837158203125e-07,11.729763746261597,True,1385,None
K?bBa]tmfoN_,2.384185791015625e-07,0.39159154891967773,True,334,None
K?bBa\\t}DwVO,2.384185791015625e-07,0.3182518482208252,True,261,None
K?bB`^quRwV_,2.384185791015625e-07,4.199397087097168,True,1140,None
K?bB`^q]TwZ_,2.384185791015625e-07,0.33606576919555664,True,291,None
K?bB`^qfRw^?,2.384185791015625e-07,2.46213698387146,True,896,None
K?bB`\\uvFoVG,2.384185791015625e-07,0.26378369331359863,True,237,None
K?bB`^X}DwMo,4.76837158203125e-07,4.001019716262817,True,1121,None
K?bB`\\\\|FoVO,2.384185791015625e-07,0.3414011001586914,True,307,None
K?bB`[|ufo]_,4.76837158203125e-07,0.4092397689819336,True,367,None
K?bERrs|@{FW,2.384185791015625e-07,4.652149677276611,True,1116,None
K?bERq{nBeMo,4.76837158203125e-07,0.7446305751800537,True,539,None
K?bERq{mbkMg,4.76837158203125e-07,9.921035289764404,True,1324,None
K?bERrqlbwFg,2.384185791015625e-07,11.103812217712402,True,1454,None
K?bERqyNfgMg,4.76837158203125e-07,2.664217233657837,True,969,None
K?bERpyNfgUg,4.76837158203125e-07,4.1553263664245605,True,1134,None
K?bERqulbqN_,2.384185791015625e-07,0.5356988906860352,True,418,None
K?bERpu{dwFg,2.384185791015625e-07,3.2751877307891846,True,1025,None
K?bERpu]dwUg,2.384185791015625e-07,0.6405899524688721,True,454,None
K?bERo}Nfa]_,2.384185791015625e-07,1.2734999656677246,True,610,None
K?bERpx|DkFo,2.384185791015625e-07,3.156116485595703,True,1041,None
K?bERpxnDkMo,2.384185791015625e-07,0.4426708221435547,True,353,None
K?bERpt}@{Uo,7.152557373046875e-07,3.540081262588501,True,1091,None
K?bERpt^DsUo,9.5367431640625e-07,22.447906494140625,True,1657,None
K?bERpt]dwUo,2.384185791015625e-07,7.099380731582642,True,1254,None
K?bERjwm`{Mg,7.152557373046875e-07,1.523881196975708,True,681,None
K?bERi{|BsFW,2.384185791015625e-07,0.8864984512329102,True,497,None
K?bERi{mbsMg,2.384185791015625e-07,1.9307096004486084,True,803,None
K?bERiymbwMg,2.384185791015625e-07,1.8959546089172363,True,773,None
K?bBVbwl`yJo,2.384185791015625e-07,0.5125210285186768,True,409,None
K?bBVbwf`{Mg,2.384185791015625e-07,3.759800434112549,True,1099,None
K?bBVbsnA{FW,4.76837158203125e-07,0.36898040771484375,True,310,None
K?bBVbs^C{FW,4.76837158203125e-07,1.4984097480773926,True,673,None
K?bBVb[^DkFW,4.76837158203125e-07,0.2100822925567627,True,202,None
K?bBVbqN`yZ_,2.384185791015625e-07,2.2760438919067383,True,932,None
K?bBVay\\`yZ_,4.76837158203125e-07,1.6233203411102295,True,746,None
K?bBVayVdwMg,2.384185791015625e-07,2.9565885066986084,True,977,None
K?bBVbU^DwFW,2.384185791015625e-07,2.171011209487915,True,930,None
K?bBV`uudwFg,2.384185791015625e-07,0.08069133758544922,True,67,None
K?bBVa]]dwMg,2.384185791015625e-07,2.7133262157440186,True,994,None
K?bBV`]^DiVO,2.384185791015625e-07,21.835526943206787,True,1764,None
K?bBV`]{dwFg,2.384185791015625e-07,9.889172315597534,True,1413,None
K?bBVbpf`{N_,2.384185791015625e-07,2.4484617710113525,True,962,None
K?bBVbpV`{V_,4.76837158203125e-07,6.926750898361206,True,1181,None
K?bBVbX\\dwFo,2.384185791015625e-07,15.997563123703003,True,1479,None
K?bBVaxt`{N_,7.152557373046875e-07,0.51407790184021,True,395,None
K?bBVaxfbwMo,2.384185791015625e-07,2.120922803878784,True,853,None
K?bBVbT}@{Fo,2.384185791015625e-07,3.6062653064727783,True,1011,None
K?bBVbTn@{NO,4.76837158203125e-07,0.5695986747741699,True,412,None
K?bBVbTm`{N_,7.152557373046875e-07,2.094749927520752,True,859,None
K?bBVat}A{Fo,7.152557373046875e-07,1.8560471534729004,True,804,None
K?bBVatnA{NO,2.384185791015625e-07,2.00846004486084,True,851,None
K?bBVatfbsN_,4.76837158203125e-07,3.069827079772949,True,1013,None
K?bBVatNbsZ_,4.76837158203125e-07,3.793516159057617,True,1089,None
K?bBVa\\|@{NO,4.76837158203125e-07,2.344050884246826,True,953,None
K?bBVa\\{`{N_,2.384185791015625e-07,1.743391752243042,True,746,None
K?bBVa\\mbkN_,2.384185791015625e-07,0.952721357345581,True,495,None
K?bBVaZnBkN_,4.76837158203125e-07,4.333652496337891,True,1106,None
K?bBVaZNfgN_,2.384185791015625e-07,7.188609838485718,True,1421,None
K?bBVaV]bwV_,4.76837158203125e-07,0.13635802268981934,True,116,None
K?bBV`VNdw^?,2.384185791015625e-07,0.4610292911529541,True,380,None
K?bBV_^mfgN_,4.76837158203125e-07,1.3198189735412598,True,560,None
K?bBV_^\\foV_,2.384185791015625e-07,0.2829742431640625,True,257,None
K?bBUq{mbiMo,2.384185791015625e-07,1.8205602169036865,True,790,None
K?bBTrqNbiZ_,4.76837158203125e-07,19.77273178100586,True,1581,None
K?bBTpyNfgYg,2.384185791015625e-07,4.167139291763306,True,1151,None
K?bBTrU\\bwVG,2.384185791015625e-07,3.10945987701416,True,963,None
K?bBTqutbwNG,4.76837158203125e-07,1.8403241634368896,True,761,None
K?bBTpumbiZ_,4.76837158203125e-07,0.9506878852844238,True,491,None
K?bBTpulbqZ_,2.384185791015625e-07,1.6518492698669434,True,757,None
K?bBTpu\\dqZ_,2.384185791015625e-07,0.8751044273376465,True,471,None
K?bBTpuVfgVG,2.384185791015625e-07,0.03875589370727539,True,27,None
K?bBTrT}BkFo,2.384185791015625e-07,1.6536977291107178,True,751,None
K?bBTrT{`{N_,2.384185791015625e-07,6.081414461135864,True,1257,None
K?bBTrTmbkN_,2.384185791015625e-07,5.608813047409058,True,1212,None
K?bBTp\\}DkMo,2.384185791015625e-07,3.3819403648376465,True,1041,None
K?bBTp\\nBk]O,4.76837158203125e-07,2.3606059551239014,True,888,None
K?bBTp\\Nfg]O,2.384185791015625e-07,3.4487318992614746,True,1017,None
K?bBTrRnBkN_,2.384185791015625e-07,2.4653446674346924,True,896,None
K?bBTrRNbw]_,4.76837158203125e-07,6.113647937774658,True,1316,None
K?bBTpZnFgMo,2.384185791015625e-07,3.226162910461426,True,1048,None
K?bBRqyVdi]_,4.76837158203125e-07,1.5735390186309814,True,728,None
K?bBRqulbqZ_,4.76837158203125e-07,3.07940673828125,True,1040,None
K?bBRqxfbk]_,4.76837158203125e-07,2.3155624866485596,True,818,None
K?bBRqxVdk]_,2.384185791015625e-07,1.7424328327178955,True,758,None
K?bBRpx|C{Uo,2.384185791015625e-07,2.191554069519043,True,872,None
K?bBRrT}DkFo,4.76837158203125e-07,1.644291877746582,True,678,None
K?bBRrT|DsFo,2.384185791015625e-07,1.5258028507232666,True,675,None
K?bBRrT]dwUo,2.384185791015625e-07,3.449842929840088,True,1065,None
K?bBRrT\\dsV_,2.384185791015625e-07,33.94454908370972,True,1856,None
K?bBRrRnDwMo,2.384185791015625e-07,0.5161395072937012,True,374,None
K?bBRqZ^Dk]_,2.384185791015625e-07,2.7657101154327393,True,925,None
K?bBRpZ|DkV_,4.76837158203125e-07,3.8646059036254883,True,1063,None
K?bBUi{nBsMW,2.384185791015625e-07,2.4409234523773193,True,921,None
K?bBUi{mbsMg,2.384185791015625e-07,2.3611066341400146,True,864,None
K?bBUiy}@{Mg,2.384185791015625e-07,2.660754919052124,True,925,None
K?bBTjw{`yJo,2.384185791015625e-07,1.4200756549835205,True,732,None
K?bBTjqNbqZ_,2.384185791015625e-07,1.4642906188964844,True,708,None
K?bBTjYnBsMg,2.384185791015625e-07,5.655728101730347,True,1147,None
K?bBTjYmbwMg,2.384185791015625e-07,8.914723873138428,True,1433,None
K?bBTiy{ayN_,2.384185791015625e-07,0.6668424606323242,True,447,None
K?bBTiy\\bqZ_,7.152557373046875e-07,2.8111653327941895,True,949,None
K?bBThylbqZ_,4.76837158203125e-07,1.729445219039917,True,768,None
K?bBTjU^BsVG,2.384185791015625e-07,1.8255553245544434,True,779,None
K?bBTjX|BsFo,2.384185791015625e-07,0.13789081573486328,True,110,None
K?bBTjTmbsN_,2.384185791015625e-07,2.0886294841766357,True,798,None
K?bBTjTNbs^?,2.384185791015625e-07,1.2966454029083252,True,630,None
K?bBTitubsN_,2.384185791015625e-07,6.734476327896118,True,1245,None
K?bBTit]bsZ_,2.384185791015625e-07,7.797298192977905,True,1218,None
K?bBTjR]dwN_,2.384185791015625e-07,1.7844600677490234,True,774,None
K?bBTiZ]fgN_,4.76837158203125e-07,2.346043109893799,True,868,None
K?bBTiZ\\bw^?,4.76837158203125e-07,12.459646701812744,True,1590,None
K?bBThZ{bwV_,2.384185791015625e-07,2.439321994781494,True,917,None
K?bBTiV]foN_,2.384185791015625e-07,4.417966365814209,True,1114,None
K?bBQvs|DwFW,4.76837158203125e-07,1.8077807426452637,True,682,None
K?bBQvs^DwUW,7.152557373046875e-07,2.3549516201019287,True,889,None
K?bEJrwn@uMo,4.76837158203125e-07,6.654935121536255,True,1235,None
K?bEJrsn@uNO,2.384185791015625e-07,1.786412000656128,True,775,None
K?bEJp{^DeVO,4.76837158203125e-07,0.4540677070617676,True,358,None
K?bEJqunBqNO,4.76837158203125e-07,1.3289670944213867,True,644,None
K?bEJo}lfoNG,4.76837158203125e-07,1.8753724098205566,True,790,None
K?bEJrpn@{NO,7.152557373046875e-07,1.265516757965088,True,651,None
K?bEJqx}@{Mo,2.384185791015625e-07,5.590509414672852,True,1198,None
K?bEJqxnBsMo,4.76837158203125e-07,0.23746299743652344,True,223,None
K?bDN`{VbqVO,2.384185791015625e-07,1.7167541980743408,True,746,None
K?bDN`]Nbq^?,2.384185791015625e-07,0.014024734497070312,True,10,None
K?bDN_|}BsJo,2.384185791015625e-07,0.0565793514251709,True,43,None
K?bDMrpNbsN_,2.384185791015625e-07,2.519021511077881,True,931,None
K?bDMqx^BsMo,2.384185791015625e-07,4.819344997406006,True,1096,None
K?bDMpx|@{NO,2.384185791015625e-07,2.796417474746704,True,992,None
K?bDMo|}BsMo,2.384185791015625e-07,1.3759307861328125,True,650,None
K?bDMqr]bwN_,4.76837158203125e-07,1.6073250770568848,True,749,None
K?bDMoz{bwN_,2.384185791015625e-07,1.802722692489624,True,768,None
K?bDJrsfbqNO,2.384185791015625e-07,7.340343713760376,True,1345,None
K?bDJrsVbqVO,7.152557373046875e-07,1.3522770404815674,True,653,None
K?bDJr[mbqMo,2.384185791015625e-07,2.4049553871154785,True,911,None
K?bDJpx|@{ZO,2.384185791015625e-07,1.9504921436309814,True,794,None
K?bDLjw^BsJW,4.76837158203125e-07,2.1190853118896484,True,861,None
K?bDLhy]bqZ_,4.76837158203125e-07,12.515955448150635,True,1438,None
K?bDKnw^BsNG,4.76837158203125e-07,8.40930461883545,True,1335,None
K?bFf`k]_zV_,4.76837158203125e-07,2.249476194381714,True,893,None
K?bFf`kVdqFc,7.152557373046875e-07,3.0379416942596436,True,999,None
K?bFbps]S\\V_,4.76837158203125e-07,7.906539678573608,True,1317,None
K?bFbpk]ThRo,4.76837158203125e-07,2.6230664253234863,True,927,None
K?bFbpkfNgFW,2.384185791015625e-07,7.026085138320923,True,1255,None
K?bFfHwfP{NC,2.384185791015625e-07,2.6675400733947754,True,952,None
K?bFfHwVTwFS,2.384185791015625e-07,6.487649202346802,True,1226,None
K?bFdhkVRpVO,2.384185791015625e-07,4.70478630065918,True,1199,None
K?bFdhkNUpNO,2.384185791015625e-07,6.477208614349365,True,1129,None
K?bFdhkVJqVO,4.76837158203125e-07,0.03623223304748535,True,24,None
K?bFeXwmPxMo,2.384185791015625e-07,7.3528547286987305,True,1262,None
K?bFeXw\\TwFS,4.76837158203125e-07,1.142941951751709,True,565,None
K?bFeXw]LiFo,2.384185791015625e-07,6.639941692352295,True,1316,None
K?bFeXsNNoFW,2.384185791015625e-07,0.4975314140319824,True,395,None
K?bFeW{{RsFc,2.384185791015625e-07,2.170719861984253,True,881,None
K?bFV`wf`xMg,2.384185791015625e-07,14.544509172439575,True,1339,None
K?bFV`s]O|V_,2.384185791015625e-07,1.5997352600097656,True,694,None
K?bFV`[\\LsFg,2.384185791015625e-07,5.4051995277404785,True,1160,None
K?bFV_{tbqFc,4.76837158203125e-07,0.7800290584564209,True,477,None
K?bFUpslbpFg,2.384185791015625e-07,3.17914080619812,True,1025,None
K?bFUhs]PtV_,2.384185791015625e-07,1.4691791534423828,True,655,None
K?bFSxw}BhEw,2.384185791015625e-07,1.2812080383300781,True,616,None
K?bFSxw]diMc,2.384185791015625e-07,2.7573883533477783,True,933,None
K?bDv`ktPxNO,2.384185791015625e-07,3.7878644466400146,True,998,None
K?bDv`klRsJc,4.76837158203125e-07,3.8648059368133545,True,1076,None
K?bDv`klQ{NC,4.76837158203125e-07,0.660712718963623,True,426,None
K?bDv_{ybhJg,4.76837158203125e-07,6.22305965423584,True,1219,None
K?bDv_{rbqMc,4.76837158203125e-07,0.027711153030395508,True,17,None
K?bDvPsfRsMc,2.384185791015625e-07,3.7405545711517334,True,1073,None
K?bDvP[]dhMg,2.384185791015625e-07,0.18454384803771973,True,173,None
K?bDvO{{QxMo,4.76837158203125e-07,4.390303373336792,True,1085,None
K?bDtpsyayMc,2.384185791015625e-07,1.4265978336334229,True,663,None
K?bDtpsrbqMc,4.76837158203125e-07,2.182939052581787,True,775,None
K?bDvHwfbpMg,2.384185791015625e-07,13.236507654190063,True,1453,None
K?bDvHwmRkJc,4.76837158203125e-07,0.5536341667175293,True,401,None
K?bDvHwlRpJo,2.384185791015625e-07,5.112430572509766,True,1185,None
K?bDvHsfRsNC,2.384185791015625e-07,3.0596365928649902,True,999,None
K?bDvHsVJqVO,4.76837158203125e-07,0.09290480613708496,True,89,None
K?bDuXw}@jMo,2.384185791015625e-07,2.621504783630371,True,889,None
K?bDuXwmRhMo,2.384185791015625e-07,2.1445369720458984,True,830,None
K?bDuXwlRkNC,2.384185791015625e-07,3.226219415664673,True,960,None
K?bDuXslRsNC,4.76837158203125e-07,50.448389530181885,True,1769,None
K?bDtXw{biJc,2.384185791015625e-07,0.7550532817840576,True,506,None
K?bBvPs]diRc,4.76837158203125e-07,1.9221196174621582,True,805,None
K?bBvP[{TkFc,4.76837158203125e-07,0.02532649040222168,True,16,None
K?bBrrgNehUg,2.384185791015625e-07,2.5202994346618652,True,916,None
K?bBrrgNdhYg,2.384185791015625e-07,2.46527099609375,True,908,None
K?bBrrK{`yUc,4.76837158203125e-07,1.1980066299438477,True,651,None
K?bFJpw{`yRc,2.384185791015625e-07,4.6868555545806885,True,1147,None
K?bFJpwt`yVC,2.384185791015625e-07,0.7580947875976562,True,426,None
K?bFHzoVbqVC,2.384185791015625e-07,3.7238433361053467,True,1041,None
K?bFHyw{bqJc,4.76837158203125e-07,6.323628664016724,True,1299,None
K?bFHywubpMg,2.384185791015625e-07,0.9176082611083984,True,485,None
K?bFHywuJiNO,4.76837158203125e-07,13.222821474075317,True,1563,None
K?bFHxwNfaZC,2.384185791015625e-07,2.3486437797546387,True,842,None
K?bFHxwlUsNC,4.76837158203125e-07,1.2812650203704834,True,692,None
K?bFHxwfVcNC,2.384185791015625e-07,21.41809320449829,True,1484,None
K?bFHxwNVcZC,4.76837158203125e-07,6.454702377319336,True,1268,None
K?bDnHwfRpNO,2.384185791015625e-07,1.637016773223877,True,679,None
K?`bFrwt`{Ro,2.384185791015625e-07,2.1301941871643066,True,854,None
K?`bFh{uc{VO,2.384185791015625e-07,4.199150562286377,True,1059,None
K?`bFjYvDsFo,2.384185791015625e-07,2.3614768981933594,True,917,None
K?`bFjYu`{V_,2.384185791015625e-07,4.236685276031494,True,1159,None
K?`bFi]vDsNO,2.384185791015625e-07,5.284085035324097,True,1207,None
K?`afrM}DkFo,2.384185791015625e-07,0.2483968734741211,True,215,None
K?`afh{rdsVO,2.384185791015625e-07,1.5788700580596924,True,708,None
K?`afjMnBsVO,2.384185791015625e-07,0.23333954811096191,True,194,None
K?`afhmnDsZO,4.76837158203125e-07,10.445894002914429,True,1325,None
K?`afhmfds^?,2.384185791015625e-07,5.628498315811157,True,1308,None
K?`afL]nFoVO,2.384185791015625e-07,3.4430091381073,True,1053,None
K?`adlmnFoZO,2.384185791015625e-07,2.202162504196167,True,814,None
K?`adk}vFo\\O,4.76837158203125e-07,7.324077606201172,True,1284,None
K?`ad^qmewN_,4.76837158203125e-07,1.4323980808258057,True,642,None
K?`fFbwv@{Bw,4.76837158203125e-07,1.5882930755615234,True,706,None
K?`fF`{v@{RW,2.384185791015625e-07,2.069463014602661,True,845,None
K?`fF`{]cyRo,2.384185791015625e-07,1.285520315170288,True,602,None
K?`fFa]fbqN_,2.384185791015625e-07,1.892486333847046,True,840,None
K?`fF`]v@yVO,4.76837158203125e-07,1.5106542110443115,True,737,None
K?`fF`]u`yV_,4.76837158203125e-07,3.724344491958618,True,1062,None
K?`fErwf`yMo,4.76837158203125e-07,0.4302201271057129,True,342,None
K?`fEr[n@uMo,4.76837158203125e-07,2.7639095783233643,True,955,None
K?`fEq{fbqMo,4.76837158203125e-07,0.38899898529052734,True,339,None
K?`fErqfbwFg,2.384185791015625e-07,5.040175199508667,True,1098,None
K?`fEqyt`yN_,2.384185791015625e-07,4.178658962249756,True,1051,None
K?`fEquubwFg,4.76837158203125e-07,4.681431531906128,True,1155,None
K?`fEqufbwNG,2.384185791015625e-07,1.8353445529937744,True,796,None
K?`fEo}lbwZG,2.384185791015625e-07,1.8554115295410156,True,816,None
K?`fEo}NfgZG,4.76837158203125e-07,2.0979301929473877,True,816,None
K?`fErp^@{Ro,2.384185791015625e-07,2.295544385910034,True,836,None
K?`fErXn@{Mo,2.384185791015625e-07,1.3874433040618896,True,675,None
K?`fEqx|A{Fo,4.76837158203125e-07,2.486330986022949,True,910,None
K?`fEqxv@{Mo,2.384185791015625e-07,4.036688566207886,True,1086,None
K?`fEpxvDkFo,4.76837158203125e-07,3.4599506855010986,True,1091,None
K?`fEpxVdkV_,2.384185791015625e-07,0.5091145038604736,True,393,None
K?`fEqt}A{Fo,2.384185791015625e-07,2.4054179191589355,True,847,None
K?`fEqtubwFo,2.384185791015625e-07,1.2900502681732178,True,591,None
K?`fEqtmbwJo,4.76837158203125e-07,4.036868095397949,True,1081,None
K?`fEpt}C{Fo,4.76837158203125e-07,8.0371732711792,True,1316,None
K?`fEptudwFo,2.384185791015625e-07,8.8328218460083,True,1435,None
K?`fEptVdsV_,2.384185791015625e-07,3.7782375812530518,True,1117,None
K?`fEovudwN_,4.76837158203125e-07,0.5761213302612305,True,420,None
K?`fBp{|C{RW,4.76837158203125e-07,6.813465118408203,True,1264,None
K?`fBp{{cyRo,2.384185791015625e-07,4.019192457199097,True,1101,None
K?`fBq]udwMg,2.384185791015625e-07,3.516390085220337,True,998,None
K?`fBq]ffoMg,4.76837158203125e-07,22.110819101333618,True,1573,None
K?`fBrpvC{Fo,2.384185791015625e-07,4.934135675430298,True,1292,None
K?`fBpxvDkRo,2.384185791015625e-07,1.696415901184082,True,713,None
K?`fBrTnDsJo,4.76837158203125e-07,12.85583758354187,True,1590,None
K?`fBrRv@{V_,2.384185791015625e-07,5.5982489585876465,True,1200,None
K?`fBprvC{V_,2.384185791015625e-07,1.2722606658935547,True,606,None
K?`fEi]mbqN_,2.384185791015625e-07,1.0902585983276367,True,542,None
K?`fEi]Nbq^?,4.76837158203125e-07,1.0393669605255127,True,596,None
K?`fEg}mbwZG,2.384185791015625e-07,1.1841676235198975,True,551,None
K?`fEg}NfoZG,2.384185791015625e-07,1.9562082290649414,True,769,None
K?`fCzw}AmFo,2.384185791015625e-07,2.7671122550964355,True,970,None
K?`fCz[}@uMo,7.152557373046875e-07,10.508660078048706,True,1405,None
K?`fCx{|EsFW,2.384185791015625e-07,6.02509069442749,True,1294,None
K?`fCx]|BsVG,2.384185791015625e-07,1.8898961544036865,True,803,None
K?`fCx]{bwVG,4.76837158203125e-07,0.20896625518798828,True,191,None
K?`fCzpubwFo,2.384185791015625e-07,19.223418474197388,True,1503,None
K?`fCzX}@{Mo,2.384185791015625e-07,26.629188060760498,True,1498,None
K?`fCzTnBsNO,4.76837158203125e-07,0.11733579635620117,True,76,None
K?`fCzTmbsN_,2.384185791015625e-07,3.3198635578155518,True,976,None
K?`fCzTNbs^?,2.384185791015625e-07,1.6552388668060303,True,693,None
K?`fCxtfbs^?,2.384185791015625e-07,4.761164426803589,True,1160,None
K?`fCy\\}BsMo,7.152557373046875e-07,2.9560697078704834,True,930,None
K?`fCx\\nBs]O,2.384185791015625e-07,1.919806957244873,True,768,None
K?`fCzRnBsN_,2.384185791015625e-07,1.5349533557891846,True,690,None
K?`fCzR^BwVO,2.384185791015625e-07,1.229860544204712,True,597,None
K?`fCxZ{dwN_,2.384185791015625e-07,2.589109420776367,True,978,None
K?`fCyV^Bs^?,4.76837158203125e-07,43.42100405693054,True,1795,None
K?`fCw^|Bs^?,2.384185791015625e-07,3.003190517425537,True,935,None
K?`fAy{fbq]O,2.384185791015625e-07,4.680738687515259,True,1165,None
K?`fAzqVdqV_,2.384185791015625e-07,11.017118453979492,True,1370,None
K?`fAyyudwMg,2.384185791015625e-07,1.812546730041504,True,715,None
K?`fAyymewMg,4.76837158203125e-07,0.605553150177002,True,451,None
K?`fAyyNfgZG,2.384185791015625e-07,8.339455366134644,True,1281,None
K?`fAxytdqV_,2.384185791015625e-07,2.1113340854644775,True,846,None
K?`fAyumbwZG,4.76837158203125e-07,4.668314456939697,True,1188,None
K?`fAw}nFcZG,4.76837158203125e-07,0.025914669036865234,True,19,None
K?`fAw}tdq^?,7.152557373046875e-07,3.6910669803619385,True,1057,None
K?`fAzp}@{Ro,2.384185791015625e-07,0.47899818420410156,True,386,None
K?`fAzp^DsRo,4.76837158203125e-07,1.425811767578125,True,626,None
K?`fAxx|DsRo,2.384185791015625e-07,2.280690908432007,True,908,None
K?`fAxxvDsUo,4.76837158203125e-07,1.7927289009094238,True,782,None
K?`fAxxmdwYo,4.76837158203125e-07,0.10232424736022949,True,74,None
K?`fAyt^EsVO,2.384185791015625e-07,1.7510898113250732,True,659,None
K?`fAytNfoZO,2.384185791015625e-07,1.7031996250152588,True,668,None
K?`fAx\\{dsV_,4.76837158203125e-07,1.55818510055542,True,596,None
K?`fAw|ffo]O,2.384185791015625e-07,1.2162375450134277,True,585,None
K?`fAzRNdw^?,2.384185791015625e-07,28.511034965515137,True,1763,None
K?`fAxrudwV_,4.76837158203125e-07,0.1353161334991455,True,106,None
K?`fAyV^FoVO,4.76837158203125e-07,0.6355743408203125,True,467,None
K?`efbwr`yFo,2.384185791015625e-07,1.6406223773956299,True,785,None
K?`efb[m`{Lg,4.76837158203125e-07,3.1976003646850586,True,1069,None
K?`ef`{ZdwRW,2.384185791015625e-07,2.385418653488159,True,886,None
K?`ef`{ZcyVO,7.152557373046875e-07,0.5105726718902588,True,385,None
K?`ef`yr`yV_,4.76837158203125e-07,1.3461277484893799,True,688,None
K?`efa]ZbwVG,2.384185791015625e-07,2.0074057579040527,True,815,None
K?`ef`]y`yV_,4.76837158203125e-07,0.5918192863464355,True,434,None
K?`efbhVdwFo,4.76837158203125e-07,2.3281142711639404,True,851,None
K?`efalma{N_,2.384185791015625e-07,5.619991779327393,True,1139,None
K?`efalfbwNO,4.76837158203125e-07,0.46323442459106445,True,381,None
K?`efalNbwZO,2.384185791015625e-07,1.8511998653411865,True,804,None
K?`ef`ln@{ZO,2.384185791015625e-07,2.288327217102051,True,875,None
K?`ef`l^DsRo,4.76837158203125e-07,28.57614517211914,True,1644,None
K?`ef`lVdwVO,2.384185791015625e-07,7.055019378662109,True,1375,None
K?`efa\\ybwFo,4.76837158203125e-07,1.6095807552337646,True,722,None
K?`efa\\]bwTo,2.384185791015625e-07,1.9549815654754639,True,771,None
K?`efQ{layNO,2.384185791015625e-07,2.073239326477051,True,866,None
K?`efP{\\dwRW,2.384185791015625e-07,2.9501569271087646,True,959,None
K?`efRU}@{Fg,4.76837158203125e-07,3.0961673259735107,True,961,None
K?`efQ]{`yN_,7.152557373046875e-07,2.954348564147949,True,973,None
K?`efP]{`yV_,2.384185791015625e-07,0.519542932510376,True,415,None
K?`efRTn@{NO,4.76837158203125e-07,4.628562927246094,True,1142,None
K?`efRTm`{N_,2.384185791015625e-07,1.7639257907867432,True,754,None
K?`eerwn@]Mo,4.76837158203125e-07,4.183748245239258,True,1113,None
K?`eeq{mbYMo,2.384185791015625e-07,14.50862717628479,True,1422,None
K?`eep{}@mTo,2.384185791015625e-07,1.963974952697754,True,777,None
K?`eerqZ`yV_,2.384185791015625e-07,8.032469987869263,True,1313,None
K?`eerilbwFg,2.384185791015625e-07,3.1935904026031494,True,963,None
K?`eepyxdwFg,2.384185791015625e-07,2.803426504135132,True,952,None
K?`eepyZdiV_,2.384185791015625e-07,2.691286325454712,True,913,None
K?`eerpZdwFo,4.76837158203125e-07,19.74466300010681,True,1740,None
K?`eerdn@{NO,4.76837158203125e-07,1.7721922397613525,True,773,None
K?`eeqtmb[N_,2.384185791015625e-07,1.8972859382629395,True,774,None
K?`eeqtjbsN_,2.384185791015625e-07,3.152040481567383,True,980,None
K?`eeql{`{N_,7.152557373046875e-07,2.5963823795318604,True,915,None
K?`eeqllbwNO,4.76837158203125e-07,10.439327001571655,True,1424,None
K?`eepl^DsUo,2.384185791015625e-07,0.46812915802001953,True,342,None
K?`eepl{dwFo,4.76837158203125e-07,1.7673366069793701,True,789,None
K?`eerbn@{N_,2.384185791015625e-07,66.24810862541199,True,1891,None
K?`edrwnA]Mo,2.384185791015625e-07,2.965768337249756,True,977,None
K?`edq{vBUMo,4.76837158203125e-07,0.012633562088012695,True,11,None
K?`edq{xbsJg,2.384185791015625e-07,1.5239319801330566,True,694,None
K?`edp{\\fWRW,2.384185791015625e-07,4.3151750564575195,True,1151,None
K?`edrqjayN_,4.76837158203125e-07,1.764014720916748,True,823,None
K?`edrilayN_,2.384185791015625e-07,2.4453513622283936,True,893,None
K?`edqyvBYMo,2.384185791015625e-07,15.4837327003479,True,1315,None
K?`edqyxbwJg,4.76837158203125e-07,3.5724756717681885,True,1071,None
K?`edrUZbwVG,4.76837158203125e-07,3.2632124423980713,True,1057,None
K?`edpuNeq\\_,2.384185791015625e-07,1.6198370456695557,True,743,None
K?`edq]xbwNG,2.384185791015625e-07,1.2176620960235596,True,588,None
K?`edp]xbwVG,4.76837158203125e-07,2.708888530731201,True,948,None
K?`edp]ZfgVG,2.384185791015625e-07,0.8622920513153076,True,526,None
K?`edrpr`{N_,2.384185791015625e-07,10.237532377243042,True,1409,None
K?`edrhv@{Mo,4.76837158203125e-07,1.8052823543548584,True,720,None
K?`edrXnB[Mo,4.76837158203125e-07,6.669514179229736,True,1206,None
K?`edrXjbwMo,4.76837158203125e-07,1.4264194965362549,True,639,None
K?`edqxzA{Mo,2.384185791015625e-07,2.7934887409210205,True,893,None
K?`edqxvB[Mo,2.384185791015625e-07,5.4199910163879395,True,1131,None
K?`edqxrbwMo,4.76837158203125e-07,9.172374486923218,True,1377,None
K?`edrd}@{Jo,2.384185791015625e-07,4.375146389007568,True,1151,None
K?`edrdfbwNO,4.76837158203125e-07,0.9782800674438477,True,516,None
K?`edrdNbwZO,4.76837158203125e-07,2.5110998153686523,True,930,None
K?`edrT}@{Lo,4.76837158203125e-07,1.1951396465301514,True,603,None
K?`edrTjbwNO,4.76837158203125e-07,0.02119588851928711,True,15,None
K?`edqtZbwZO,4.76837158203125e-07,3.583176612854004,True,1052,None
K?`edptz@{ZO,7.152557373046875e-07,6.796539783477783,True,1276,None
K?`edptnB[ZO,2.384185791015625e-07,2.810760974884033,True,1005,None
K?`edrL}@{Mo,4.76837158203125e-07,1.2266275882720947,True,537,None
K?`edrLlbwNO,4.76837158203125e-07,2.4461138248443604,True,942,None
K?`edpllbwZO,4.76837158203125e-07,1.6578295230865479,True,619,None
K?`edq\\}B[Mo,2.384185791015625e-07,0.5020005702972412,True,352,None
K?`edq\\ybwMo,2.384185791015625e-07,1.5885257720947266,True,701,None
K?`edp\\}D[Mo,4.76837158203125e-07,10.267169952392578,True,1340,None
K?`edrbv@{N_,2.384185791015625e-07,0.7549054622650146,True,471,None
K?`edpf}DwJo,2.384185791015625e-07,0.23068785667419434,True,211,None
K?`edpVmbw\\_,4.76837158203125e-07,14.097405672073364,True,1483,None
K?`ebrsZdwRW,2.384185791015625e-07,3.899432897567749,True,1012,None
K?`ebrsZcyVO,7.152557373046875e-07,0.9830307960510254,True,490,None
K?`ebr[{`{Tg,4.76837158203125e-07,1.6037027835845947,True,665,None
K?`ebqyrdwMg,4.76837158203125e-07,4.608034610748291,True,1091,None
K?`ebqyjewMg,4.76837158203125e-07,1.960486650466919,True,780,None
K?`ebre^DwRW,4.76837158203125e-07,0.04965019226074219,True,41,None
K?`ebre]dwRg,2.384185791015625e-07,6.917104005813599,True,1204,None
K?`ebquNfQZ_,2.384185791015625e-07,0.5191891193389893,True,365,None
K?`ebq]Nfa\\_,4.76837158203125e-07,2.658130168914795,True,964,None
K?`ebrpZdwRo,4.76837158203125e-07,2.6471335887908936,True,938,None
K?`ebrXnD[Mo,2.384185791015625e-07,1.389643669128418,True,576,None
K?`ebrdv@{VO,7.152557373046875e-07,1.911910057067871,True,823,None
K?`ebqt}A{To,2.384185791015625e-07,2.724353790283203,True,945,None
K?`ebqtZewVO,2.384185791015625e-07,5.17505407333374,True,1112,None
K?`ebqtVds\\_,2.384185791015625e-07,0.3525240421295166,True,296,None
K?`ebqtNew\\O,4.76837158203125e-07,3.6219663619995117,True,1087,None
K?`ebqtNes\\_,2.384185791015625e-07,0.3108983039855957,True,282,None
K?`ebptfds\\_,7.152557373046875e-07,7.101482152938843,True,1203,None
K?`ebpl|C{VO,7.152557373046875e-07,0.18059992790222168,True,124,None
K?`ebplvDkVO,2.384185791015625e-07,6.44941782951355,True,1226,None
K?`ebpl{c{V_,4.76837158203125e-07,0.5856962203979492,True,423,None
K?`ebpltdsV_,4.76837158203125e-07,15.262063264846802,True,1436,None
K?`ebq\\}D[Mo,2.384185791015625e-07,6.545808792114258,True,1205,None
K?`ebq\\nFSMo,4.76837158203125e-07,9.393598079681396,True,1328,None
K?`ebq\\\\ds\\_,4.76837158203125e-07,1.92812180519104,True,820,None
K?`ebo|mfgXo,4.76837158203125e-07,2.364910364151001,True,903,None
K?`ebo|mew[o,2.384185791015625e-07,0.4040379524230957,True,347,None
K?`ebo|lew\\O,4.76837158203125e-07,3.6406009197235107,True,1013,None
K?`ebo|jew]O,2.384185791015625e-07,1.5129966735839844,True,694,None
K?`ebrbv@{V_,2.384185791015625e-07,2.234733819961548,True,898,None
K?`ebrRZdwV_,2.384185791015625e-07,0.27906298637390137,True,243,None
K?`ebrJnDwMo,2.384185791015625e-07,3.0512373447418213,True,1008,None
K?`ebqjnEwMo,2.384185791015625e-07,0.601876974105835,True,445,None
K?`ebrF}@{V_,4.76837158203125e-07,4.1112072467803955,True,1164,None
K?`ebqfmbwZ_,2.384185791015625e-07,3.107236385345459,True,994,None
K?`ebqf]ewV_,4.76837158203125e-07,1.5454707145690918,True,696,None
K?`ebqVybwV_,2.384185791015625e-07,15.38034439086914,True,1519,None
K?`ebpV}D[V_,2.384185791015625e-07,0.47748303413391113,True,354,None
K?`ebpVydwV_,4.76837158203125e-07,0.3978290557861328,True,329,None
K?`ebqN}DwMo,4.76837158203125e-07,6.311291217803955,True,1236,None
K?`ebpNmdw]_,4.76837158203125e-07,2.912909746170044,True,965,None
K?`ebon}EwUo,4.76837158203125e-07,2.073474407196045,True,824,None
K?`ebon|EwVO,4.76837158203125e-07,4.253425359725952,True,1110,None
K?`ebon{ewV_,7.152557373046875e-07,0.4213724136352539,True,348,None
K?`efI{NbqZO,2.384185791015625e-07,2.236380100250244,True,920,None
K?`efI]mbwNG,2.384185791015625e-07,4.38863468170166,True,1095,None
K?`eejim`yN_,2.384185791015625e-07,1.9442176818847656,True,832,None
K?`eeiymbYN_,2.384185791015625e-07,4.789243698120117,True,1077,None
K?`eehy]dYV_,4.76837158203125e-07,3.781850814819336,True,1015,None
K?`eeimmbqN_,4.76837158203125e-07,1.5230050086975098,True,650,None
K?`eeg}]dq\\_,2.384185791015625e-07,3.4928414821624756,True,995,None
K?`eeg}NfQ^?,4.76837158203125e-07,0.3114128112792969,True,262,None
K?`edi{ZbqZO,2.384185791015625e-07,5.2013115882873535,True,1183,None
K?`ediyrbqN_,2.384185791015625e-07,3.0323500633239746,True,978,None
K?`edhyrbwVG,2.384185791015625e-07,1.2396776676177979,True,595,None
K?`edhyfbq\\_,2.384185791015625e-07,1.8043084144592285,True,770,None
K?`edhmVfoVG,4.76837158203125e-07,3.8923702239990234,True,1120,None
K?`edhmNeq^?,2.384185791015625e-07,1.545799732208252,True,585,None
K?`edi]Zbq^?,4.76837158203125e-07,3.204334259033203,True,1046,None
K?`edh]ybwVG,4.76837158203125e-07,2.615699529647827,True,924,None
K?`edh]NfQ^?,2.384185791015625e-07,2.891902446746826,True,1009,None
K?`edjhvBsFo,2.384185791015625e-07,6.358841180801392,True,1255,None
K?`edjhma{N_,2.384185791015625e-07,0.16524028778076172,True,144,None
K?`edjhfbsN_,2.384185791015625e-07,1.853309154510498,True,834,None
K?`edjLmbsN_,2.384185791015625e-07,2.1280267238616943,True,883,None
K?`edil^BsZO,4.76837158203125e-07,3.173733711242676,True,1041,None
K?`edilVbs^?,2.384185791015625e-07,5.448744773864746,True,1208,None
K?`edhl^DsZO,4.76837158203125e-07,1.2329108715057373,True,635,None
K?`ebi{z@uZO,2.384185791015625e-07,0.37096405029296875,True,319,None
K?`ebimnBqZO,2.384185791015625e-07,0.4869508743286133,True,391,None
K?`ebi]]dw\\G,2.384185791015625e-07,3.668205499649048,True,1080,None
K?`ebi]]dq\\_,2.384185791015625e-07,2.4220502376556396,True,917,None
K?`ebh]mdq\\_,2.384185791015625e-07,3.412041187286377,True,929,None
K?`ebh]jdq^?,2.384185791015625e-07,7.015120983123779,True,1273,None
K?`ebg}meq\\_,2.384185791015625e-07,2.284090518951416,True,894,None
K?`ebilfbs^?,2.384185791015625e-07,1.006190299987793,True,502,None
K?`ebilVds^?,2.384185791015625e-07,9.818436622619629,True,1324,None
K?`ebilNfoZO,4.76837158203125e-07,2.0402019023895264,True,813,None
K?`eeZwn@uMo,2.384185791015625e-07,2.0277013778686523,True,826,None
K?`eeZsnBsFW,2.384185791015625e-07,3.0061872005462646,True,1006,None
K?`edZw}?}Mo,2.384185791015625e-07,0.3688797950744629,True,305,None
K?`edY{{bsJg,2.384185791015625e-07,1.4207727909088135,True,619,None
K?`edX{tbsVG,7.152557373046875e-07,2.272803544998169,True,806,None
K?`edX{\\esVG,2.384185791015625e-07,9.027981042861938,True,1236,None
K?`edX{VfcVG,2.384185791015625e-07,1.3965563774108887,True,632,None
K?`edZqfbqN_,2.384185791015625e-07,17.9010112285614,True,1619,None
K?`edYy}AyMo,2.384185791015625e-07,2.268144130706787,True,898,None
K?`edYy{bwJg,4.76837158203125e-07,3.569241523742676,True,1062,None
K?`edYytbwNG,2.384185791015625e-07,0.7470035552978516,True,460,None
K?`edX]|BsVG,2.384185791015625e-07,1.956350564956665,True,820,None
K?`edW}|BqZO,4.76837158203125e-07,2.1702563762664795,True,801,None
K?`edZTmbwNO,2.384185791015625e-07,2.5325043201446533,True,911,None
K?`edZTNbs^?,2.384185791015625e-07,2.710817813873291,True,1001,None
K?`ebZsv@uVO,2.384185791015625e-07,0.30726099014282227,True,250,None
K?`ebX{tdsVG,4.76837158203125e-07,10.267593622207642,True,1435,None
K?`ebZq]dwRg,2.384185791015625e-07,2.3134615421295166,True,899,None
K?`ebZqVdqV_,2.384185791015625e-07,1.972618818283081,True,789,None
K?`ebYunFoJW,4.76837158203125e-07,2.4353127479553223,True,906,None
K?`ebYunBqZO,4.76837158203125e-07,0.7318451404571533,True,475,None
K?`ebY]mfoMg,2.384185791015625e-07,2.662423610687256,True,881,None
K?`eczw}@]Mo,4.76837158203125e-07,2.1844847202301025,True,902,None
K?`eczilbqN_,2.384185791015625e-07,2.220893383026123,True,847,None
K?`ecyy}BYMo,2.384185791015625e-07,1.6915757656097412,True,773,None
K?`ecyyxbwNG,4.76837158203125e-07,0.12171244621276855,True,97,None
K?`ecze]bwVG,4.76837158203125e-07,0.12262129783630371,True,101,None
K?`ecyuZbq^?,2.384185791015625e-07,6.992227792739868,True,1285,None
K?`ecxu]dq\\_,7.152557373046875e-07,0.48579859733581543,True,351,None
K?`ecxm{bwVG,7.152557373046875e-07,2.575052261352539,True,913,None
K?`ecxm]fgVG,2.384185791015625e-07,6.267789363861084,True,1225,None
K?`ecxm]dw]G,2.384185791015625e-07,0.5432522296905518,True,410,None
K?`ecw}{bq\\_,2.384185791015625e-07,25.874122381210327,True,1749,None
K?`ecw}]fa\\_,2.384185791015625e-07,1.3809740543365479,True,662,None
K?`ecw}xbq^?,4.76837158203125e-07,0.07761836051940918,True,55,None
K?`ecw}Zfa^?,2.384185791015625e-07,0.46700072288513184,True,350,None
K?`eczh{bwFo,4.76837158203125e-07,2.6214332580566406,True,925,None
K?`eczd^BsVO,2.384185791015625e-07,9.39433479309082,True,1451,None
K?`eczdNbs^?,4.76837158203125e-07,3.655144453048706,True,1093,None
K?`ecytybsN_,2.384185791015625e-07,5.634454727172852,True,1228,None
K?`ecytZfoNO,4.76837158203125e-07,52.06603455543518,True,1720,None
K?`ecyl}BsMo,2.384185791015625e-07,1.8028206825256348,True,794,None
K?`ecyl|BsNO,2.384185791015625e-07,1.4444403648376465,True,636,None
K?`ecxl|BsVO,2.384185791015625e-07,0.5502450466156006,True,415,None
K?`ecxllbs^?,4.76837158203125e-07,2.4988813400268555,True,961,None
K?`eayyydwMg,2.384185791015625e-07,2.006995677947998,True,750,None
K?`eayyNfQ]_,2.384185791015625e-07,3.8056514263153076,True,1044,None
K?`eazemdwNG,2.384185791015625e-07,4.3738157749176025,True,1164,None
K?`eayunBq\\O,2.384185791015625e-07,2.617387056350708,True,916,None
K?`eayu]dq\\_,2.384185791015625e-07,2.892756462097168,True,1031,None
K?`eaymnBq]O,4.76837158203125e-07,1.3350698947906494,True,599,None
K?`eaymmfoMg,2.384185791015625e-07,3.148599624633789,True,977,None
K?`eaxm}DqUo,2.384185791015625e-07,3.4306936264038086,True,1048,None
K?`eazp^DsTo,2.384185791015625e-07,1.3392345905303955,True,635,None
K?`eazp]dwTo,2.384185791015625e-07,6.816736459732056,True,1283,None
K?`eazh^DsUo,2.384185791015625e-07,1.6263291835784912,True,722,None
K?`eaytNfS^?,2.384185791015625e-07,1.7041425704956055,True,773,None
K?`eaxtmds\\_,2.384185791015625e-07,1.440683126449585,True,617,None
K?`eayl}FcFo,2.384185791015625e-07,1.6713337898254395,True,726,None
K?`eayf]foV_,2.384185791015625e-07,5.140288352966309,True,1258,None
K?`e`zsjbqZO,4.76837158203125e-07,0.3504447937011719,True,295,None
K?`e`zsfbq\\O,4.76837158203125e-07,1.9795401096343994,True,813,None
K?`e`x{tds\\G,2.384185791015625e-07,2.13842511177063,True,881,None
K?`e`zqydwJg,2.384185791015625e-07,39.93856239318848,True,1779,None
K?`e`zqybwRg,4.76837158203125e-07,1.6060664653778076,True,758,None
K?`e`zqmbwXg,2.384185791015625e-07,0.20922493934631348,True,208,None
K?`e`zq]dwXg,2.384185791015625e-07,3.9068856239318848,True,1097,None
K?`e`zqVdq\\_,2.384185791015625e-07,2.70186185836792,True,991,None
K?`e`zqNeq\\_,2.384185791015625e-07,79.62176370620728,True,1964,None
K?`e`yyyewMg,2.384185791015625e-07,0.27805662155151367,True,265,None
K?`e`zevBsVG,2.384185791015625e-07,1.5158166885375977,True,686,None
K?`e`zeubwVG,2.384185791015625e-07,0.04897260665893555,True,47,None
K?`e`zUnBq\\O,2.384185791015625e-07,3.876828908920288,True,1061,None
K?`e`zU]dw\\G,2.384185791015625e-07,1.7881484031677246,True,788,None
K?`e`zU]dq\\_,2.384185791015625e-07,1.881026268005371,True,820,None
K?`e`yu]eq\\_,4.76837158203125e-07,0.15823650360107422,True,129,None
K?`e`zMnBq]O,2.384185791015625e-07,1.1580770015716553,True,615,None
K?`e`zMmfoMg,4.76837158203125e-07,4.075552701950073,True,1104,None
K?`e`zM]fgVG,2.384185791015625e-07,2.2606918811798096,True,869,None
K?`e`zM\\foVG,2.384185791015625e-07,0.17653584480285645,True,164,None
K?`e`xmtfoVG,2.384185791015625e-07,2.2384936809539795,True,880,None
K?`e`xmleq^?,2.384185791015625e-07,0.4214308261871338,True,348,None
K?`e`y]yfoMg,2.384185791015625e-07,11.728469371795654,True,1486,None
K?`e`y]]fa\\_,2.384185791015625e-07,2.2634925842285156,True,895,None
K?`e`x]xfoVG,2.384185791015625e-07,0.2202281951904297,True,202,None
K?`e`w}vFc\\G,2.384185791015625e-07,1.4549376964569092,True,634,None
K?`e`zpnB[ZO,2.384185791015625e-07,1.0980346202850342,True,510,None
K?`e`zp]d[Z_,4.76837158203125e-07,0.618811845779419,True,471,None
K?`e`zpVds\\_,2.384185791015625e-07,1.5736281871795654,True,744,None
K?`e`zpNes\\_,2.384185791015625e-07,1.8117146492004395,True,771,None
K?`e`zh|A{VO,2.384185791015625e-07,3.2236313819885254,True,906,None
K?`e`zh|@{ZO,4.76837158203125e-07,2.3372085094451904,True,867,None
K?`e`zhmewMo,2.384185791015625e-07,0.2184007167816162,True,180,None
K?`e`zhlbwZO,2.384185791015625e-07,2.9883017539978027,True,994,None
K?`e`zXnFSMo,2.384185791015625e-07,2.4174957275390625,True,864,None
K?`e`zXjbs]_,4.76837158203125e-07,2.0424036979675293,True,807,None
K?`e`yx|B[ZO,2.384185791015625e-07,0.4246041774749756,True,330,None
K?`e`yxzBkZO,4.76837158203125e-07,11.13269567489624,True,1320,None
K?`e`yxvFSMo,2.384185791015625e-07,27.418381929397583,True,1610,None
K?`e`zdvDsNO,2.384185791015625e-07,13.429919719696045,True,1355,None
K?`e`zdnBsZO,2.384185791015625e-07,10.857351064682007,True,1428,None
K?`e`zdffoNO,2.384185791015625e-07,0.5531775951385498,True,406,None
K?`e`zdVfoVO,2.384185791015625e-07,3.090095043182373,True,1029,None
K?`e`zT]ds\\_,7.152557373046875e-07,3.2843616008758545,True,1039,None
K?`e`yt^FSZO,7.152557373046875e-07,3.225795030593872,True,1003,None
K?`e`ytrbs^?,2.384185791015625e-07,1.7570559978485107,True,749,None
K?`e`xtzDsZO,2.384185791015625e-07,1.8938052654266357,True,779,None
K?`e`xtnFSZO,2.384185791015625e-07,4.113166093826294,True,1053,None
K?`e`ylvBs]O,4.76837158203125e-07,1.5377967357635498,True,690,None
K?`e`yltbs^?,2.384185791015625e-07,2.817538022994995,True,963,None
K?`e`ylVfc^?,2.384185791015625e-07,0.12075304985046387,True,85,None
K?`e`y\\xbs^?,2.384185791015625e-07,6.4277870655059814,True,1241,None
K?`e`y\\Zfo]O,2.384185791015625e-07,1.7660746574401855,True,720,None
K?`e`w|{fSZ_,2.384185791015625e-07,0.2659480571746826,True,243,None
K?`e`w|tfS^?,4.76837158203125e-07,3.0584192276000977,True,996,None
K?`e`w|rfc^?,2.384185791015625e-07,2.0785341262817383,True,805,None
K?`e`zbnBwZO,2.384185791015625e-07,1.4707748889923096,True,660,None
K?`e`zbfbw^?,2.384185791015625e-07,2.4599862098693848,True,939,None
K?`e`zRmbw\\_,2.384185791015625e-07,1.1232926845550537,True,541,None
K?`e`yj}EwMo,2.384185791015625e-07,0.03726816177368164,True,32,None
K?`e`yj]ew]_,2.384185791015625e-07,2.466355562210083,True,914,None
K?`e`yfvFoNO,2.384185791015625e-07,19.514628171920776,True,1664,None
K?`e`yf^FoZO,7.152557373046875e-07,0.2264537811279297,True,214,None
K?`e`xfmew^?,4.76837158203125e-07,3.474403142929077,True,992,None
K?`e`yV]fo\\_,2.384185791015625e-07,0.17209768295288086,True,140,None
K?`e`xN|FoVO,2.384185791015625e-07,1.6190581321716309,True,733,None
K?`efFwv@{Fg,2.384185791015625e-07,2.9690864086151123,True,993,None
K?`efE{nAyNO,2.384185791015625e-07,1.5390520095825195,True,698,None
K?`efD{^DwRW,2.384185791015625e-07,10.71883487701416,True,1233,None
K?`efE\\mbwN_,2.384185791015625e-07,1.8267910480499268,True,810,None
K?`eefin@yN_,2.384185791015625e-07,12.970685243606567,True,1388,None
K?`eedm}@yV_,2.384185791015625e-07,4.096662998199463,True,1115,None
K?`edemvBwNG,2.384185791015625e-07,2.769148111343384,True,1016,None
K?`edd]mRw\\_,2.384185791015625e-07,5.38707160949707,True,1144,None
K?`edc}yRwZ_,4.76837158203125e-07,0.4375007152557373,True,354,None
K?`edc}rRw^?,2.384185791015625e-07,9.588063955307007,True,1476,None
K?`edc}ZVoZ_,2.384185791015625e-07,10.72236442565918,True,1487,None
K?`eeVpn@{N_,2.384185791015625e-07,17.626192092895508,True,1519,None
K?`edU{}AyMo,2.384185791015625e-07,0.08457589149475098,True,58,None
K?`edT{^FgRW,2.384185791015625e-07,0.7634577751159668,True,500,None
K?`edUu]RwZ_,4.76837158203125e-07,2.0575897693634033,True,821,None
K?`edS}VVg^?,2.384185791015625e-07,1.615318775177002,True,652,None
K?`edVpvBwFo,2.384185791015625e-07,1.9241313934326172,True,828,None
K?`edVXnBwMo,2.384185791015625e-07,3.843344211578369,True,1093,None
K?`edTtnBwZO,2.384185791015625e-07,8.815549850463867,True,1302,None
K?`edT\\{bwV_,2.384185791015625e-07,1.764732837677002,True,808,None
K?`edT\\]fgV_,2.384185791015625e-07,1.9303762912750244,True,778,None
K?`ebT{|DwRW,2.384185791015625e-07,2.610076904296875,True,948,None
K?`ebT{vDkVG,2.384185791015625e-07,2.559359312057495,True,958,None
K?`ebVU^DwVG,2.384185791015625e-07,2.2000479698181152,True,877,None
K?`ebVU]TwV_,2.384185791015625e-07,1.7080459594726562,True,705,None
K?`ebVUNTw^?,2.384185791015625e-07,0.44005370140075684,True,352,None
K?`ebS}mVgZ_,2.384185791015625e-07,6.803338289260864,True,1264,None
K?`ebVpnDwJo,2.384185791015625e-07,0.05686521530151367,True,42,None
K?`ebVT}DwFo,2.384185791015625e-07,1.457829236984253,True,658,None
K?`ebVT^DwVO,2.384185791015625e-07,0.09500861167907715,True,77,None
K?`ebUtnBwZO,2.384185791015625e-07,1.3413605690002441,True,617,None
K?`ebUtfbw^?,2.384185791015625e-07,0.5497913360595703,True,435,None
K?`ebS|{dwZ_,2.384185791015625e-07,0.3736445903778076,True,331,None
K?`ecuu]Rw\\_,2.384185791015625e-07,1.5491304397583008,True,735,None
K?`ectu]Tw\\_,2.384185791015625e-07,16.682535886764526,True,1426,None
K?`ectuNVo\\_,2.384185791015625e-07,2.680023670196533,True,912,None
K?`ectm|BwVG,2.384185791015625e-07,1.5485053062438965,True,679,None
K?`ecs}{Rw\\_,2.384185791015625e-07,0.6796219348907471,True,459,None
K?`ecutZbw^?,2.384185791015625e-07,1.8349995613098145,True,808,None
K?`ecttmbw\\_,2.384185791015625e-07,17.572293519973755,True,1413,None
K?`ecul|BwNO,2.384185791015625e-07,1.9474945068359375,True,835,None
K?`ecs|{bw\\_,2.384185791015625e-07,0.16607069969177246,True,129,None
K?`ecs|]fg\\_,7.152557373046875e-07,2.2820777893066406,True,841,None
K?`eavqjTwN_,2.384185791015625e-07,3.596130847930908,True,1027,None
K?`eave^DqV_,7.152557373046875e-07,3.634861469268799,True,1043,None
K?`eauuyTwN_,4.76837158203125e-07,1.6518573760986328,True,732,None
K?`eauumRw\\_,2.384185791015625e-07,1.8327224254608154,True,766,None
K?`eauujRw^?,2.384185791015625e-07,1.6809110641479492,True,721,None
K?`eauuNVo\\_,2.384185791015625e-07,4.543083667755127,True,1152,None
K?`eatumTw\\_,2.384185791015625e-07,1.9286177158355713,True,820,None
K?`eas}yTw]_,4.76837158203125e-07,5.882013320922852,True,1366,None
K?`eas}xTw^?,4.76837158203125e-07,10.825048446655273,True,1439,None
K?`eas}lVo\\_,2.384185791015625e-07,1.70393967628479,True,738,None
K?`eas}jVg^?,2.384185791015625e-07,0.5214622020721436,True,403,None
K?`eavb^DwV_,2.384185791015625e-07,0.9348359107971191,True,538,None
K?`e`uyvFWMg,2.384185791015625e-07,5.178602457046509,True,1187,None
K?`e`vU^Dw\\G,2.384185791015625e-07,1.2623708248138428,True,542,None
K?`e`vUmRw\\_,2.384185791015625e-07,2.0405850410461426,True,766,None
K?`e`vUZTw^?,2.384185791015625e-07,1.6207258701324463,True,742,None
K?`e`uuyRwZ_,2.384185791015625e-07,1.2166237831115723,True,599,None
K?`e`uuuRw\\_,4.76837158203125e-07,2.468893051147461,True,933,None
K?`e`uuZVoZ_,2.384185791015625e-07,0.18462920188903809,True,163,None
K?`e`vM^FgVG,2.384185791015625e-07,1.9557993412017822,True,848,None
K?`e`tmvFgVG,2.384185791015625e-07,3.830852508544922,True,1000,None
K?`e`tm{UwV_,2.384185791015625e-07,0.7215893268585205,True,490,None
K?`e`u]}FWMg,4.76837158203125e-07,1.2205984592437744,True,606,None
K?`e`u]yRw]_,4.76837158203125e-07,1.212634563446045,True,573,None
K?`e`u]xRw^?,2.384185791015625e-07,8.490179777145386,True,1393,None
K?`e`t]|Dw\\G,2.384185791015625e-07,2.7434122562408447,True,963,None
K?`e`t]mVg\\_,7.152557373046875e-07,0.12138199806213379,True,86,None
K?`e`t]jVg^?,2.384185791015625e-07,0.2729501724243164,True,256,None
K?`e`s}}FgXg,2.384185791015625e-07,1.1575751304626465,True,638,None
K?`e`s}yUw]_,2.384185791015625e-07,2.229757785797119,True,832,None
K?`e`uN|FoN_,2.384185791015625e-07,1.1625218391418457,True,581,None
K?`ec\\{|BqVO,2.384185791015625e-07,0.04672837257385254,True,44,None
K?`ec^q]RwV_,2.384185791015625e-07,4.181223154067993,True,1113,None
K?`ec\\y]VgV_,2.384185791015625e-07,3.3972718715667725,True,1043,None
K?`ec]u}BwNG,4.76837158203125e-07,2.1139001846313477,True,828,None
K?`ec[}{VoN_,2.384185791015625e-07,4.389697313308716,True,1144,None
K?`bfbwZcyRo,2.384185791015625e-07,1.6181905269622803,True,741,None
K?`bfb[VdsTg,2.384185791015625e-07,1.5441889762878418,True,664,None
K?`bf`{ycyRo,2.384185791015625e-07,1.574578046798706,True,714,None
K?`bfbYZdwRg,4.76837158203125e-07,1.41483736038208,True,676,None
K?`bfa]fbq\\_,2.384185791015625e-07,2.307027578353882,True,889,None
K?`bfa]Vdq\\_,4.76837158203125e-07,2.065095901489258,True,854,None
K?`bfbhVdwRo,2.384185791015625e-07,3.0692574977874756,True,996,None
K?`bfRs}?}Ro,2.384185791015625e-07,2.238443613052368,True,865,None
K?`bfRs^C{RW,2.384185791015625e-07,4.210100889205933,True,1106,None
K?`bfRsVdsRg,2.384185791015625e-07,7.064054250717163,True,1317,None
K?`bfR[udiFo,2.384185791015625e-07,0.21494436264038086,True,175,None
K?`bfRUu`yV_,2.384185791015625e-07,0.08563566207885742,True,71,None
K?`bfRUmewFg,2.384185791015625e-07,1.8054285049438477,True,762,None
K?`bfPtvC{VO,2.384185791015625e-07,1.118438720703125,True,533,None
K?`berqr`yV_,2.384185791015625e-07,2.376880407333374,True,937,None
K?`beqyjewMg,2.384185791015625e-07,14.335297107696533,True,1528,None
K?`berevDsFg,7.152557373046875e-07,3.0477466583251953,True,958,None
K?`berU^DsTg,2.384185791015625e-07,6.793286323547363,True,1324,None
K?`berUy`yV_,2.384185791015625e-07,1.4101197719573975,True,611,None
K?`berUZdqV_,2.384185791015625e-07,1.439842700958252,True,642,None
K?`bequjbwZG,2.384185791015625e-07,3.6304819583892822,True,1032,None
K?`bequZdwZG,4.76837158203125e-07,4.266988754272461,True,1023,None
K?`bequVdq\\_,2.384185791015625e-07,1.1165776252746582,True,529,None
K?`bequNeq\\_,2.384185791015625e-07,4.311145067214966,True,1093,None
K?`bepujdwZG,2.384185791015625e-07,0.22985291481018066,True,202,None
K?`berpv@{To,2.384185791015625e-07,0.5308260917663574,True,389,None
K?`berpVd[V_,0.0,11.125624895095825,True,1429,None
K?`berht`{V_,2.384185791015625e-07,1.7341575622558594,True,778,None
K?`beptyc{V_,2.384185791015625e-07,2.384864330291748,True,881,None
K?`beptud[V_,2.384185791015625e-07,1.1109275817871094,True,502,None
K?`beptrdsV_,2.384185791015625e-07,1.4238803386688232,True,636,None
K?`beql}EkFo,2.384185791015625e-07,3.1616342067718506,True,1007,None
K?`beql{dwJo,2.384185791015625e-07,2.233299732208252,True,874,None
K?`beqlufgFo,2.384185791015625e-07,0.29765987396240234,True,268,None
K?`beprvD[V_,2.384185791015625e-07,1.6501364707946777,True,753,None
K?`bepfvDsV_,2.384185791015625e-07,1.608816146850586,True,681,None
K?`beovmew\\_,2.384185791015625e-07,2.015941619873047,True,843,None
K?`bfJ[VdsVG,4.76837158203125e-07,5.314931631088257,True,1185,None
K?`bfH{}CuRo,2.384185791015625e-07,7.516961336135864,True,1244,None
K?`bfHy}CyRo,2.384185791015625e-07,18.652039527893066,True,1624,None
K?`bejwrdqFo,2.384185791015625e-07,1.2357566356658936,True,662,None
K?`bejYydwFg,2.384185791015625e-07,2.8147709369659424,True,1000,None
K?`behyudYV_,7.152557373046875e-07,4.979076147079468,True,1186,None
K?`behyrdqV_,4.76837158203125e-07,2.240102529525757,True,860,None
K?`behyfdq\\_,2.384185791015625e-07,3.74772572517395,True,1070,None
K?`beimmbwZG,4.76837158203125e-07,4.342114686965942,True,1088,None
K?`behmvDqVO,2.384185791015625e-07,2.4489991664886475,True,922,None
K?`behmnDsZG,2.384185791015625e-07,3.3217358589172363,True,1034,None
K?`beh]ydqV_,2.384185791015625e-07,2.9139115810394287,True,1071,None
K?`beh]mdq\\_,2.384185791015625e-07,2.4999334812164307,True,965,None
K?`beg}nFSZG,2.384185791015625e-07,0.22275400161743164,True,198,None
K?`beg}udq\\_,2.384185791015625e-07,2.6253955364227295,True,866,None
K?`beg}meq\\_,4.76837158203125e-07,4.04896879196167,True,1139,None
K?`bejhfdwNO,2.384185791015625e-07,1.668013572692871,True,781,None
K?`behxnDsXo,2.384185791015625e-07,2.689080238342285,True,950,None
K?`behxjdwZO,2.384185791015625e-07,0.5289843082427979,True,402,None
K?`beil]foRo,2.384185791015625e-07,1.642244577407837,True,740,None
K?`behlfds^?,2.384185791015625e-07,1.510923147201538,True,678,None
K?`beh\\jds^?,2.384185791015625e-07,1.7578535079956055,True,731,None
K?`beg|rfoVO,2.384185791015625e-07,10.693915367126465,True,1589,None
K?`beg|ffo\\O,2.384185791015625e-07,1.7605278491973877,True,780,None
K?`behjudwV_,2.384185791015625e-07,1.7121760845184326,True,636,None
K?`bbi]udq\\_,2.384185791015625e-07,3.9205403327941895,True,1087,None
K?`beZwudiFo,2.384185791015625e-07,8.226866960525513,True,1467,None
K?`beZqudwFg,4.76837158203125e-07,3.1687045097351074,True,992,None
K?`beZq]cyV_,7.152557373046875e-07,10.409573793411255,True,1406,None
K?`beZqVdqV_,2.384185791015625e-07,3.1214630603790283,True,995,None
K?`beYu^DsZG,2.384185791015625e-07,3.0853679180145264,True,1023,None
K?`beYuNfoZG,2.384185791015625e-07,9.400314569473267,True,1324,None
K?`beZp^C{VO,2.384185791015625e-07,1.5177044868469238,True,710,None
K?`beZp]c{V_,2.384185791015625e-07,2.2057676315307617,True,886,None
K?`beXtvDsVO,2.384185791015625e-07,2.0378644466400146,True,769,None
K?`beXtfds^?,2.384185791015625e-07,2.0704784393310547,True,843,None
K?`bczsffoLW,4.76837158203125e-07,1.4736533164978027,True,675,None
K?`bczqyewFg,4.76837158203125e-07,24.968568325042725,True,1546,None
K?`bczqudwLg,7.152557373046875e-07,14.457170486450195,True,1517,None
K?`bczqrbwVG,2.384185791015625e-07,6.27408242225647,True,1107,None
K?`bczqfbq\\_,2.384185791015625e-07,0.3064596652984619,True,275,None
K?`bcze^EsVG,2.384185791015625e-07,2.866455078125,True,994,None
K?`bczpVds\\_,7.152557373046875e-07,6.906798839569092,True,1302,None
K?`bczdVds^?,2.384185791015625e-07,1.2676093578338623,True,575,None
K?`bczT^FSVO,2.384185791015625e-07,13.21161150932312,True,1481,None
K?`bczT]ds\\_,2.384185791015625e-07,0.3085801601409912,True,259,None
K?`bczTjbs^?,4.76837158203125e-07,2.4708251953125,True,958,None
K?`bczTZfoVO,2.384185791015625e-07,1.0406947135925293,True,600,None
K?`bcxtvFSVO,2.384185791015625e-07,2.2764179706573486,True,869,None
K?`bcxtuds\\_,2.384185791015625e-07,11.749144077301025,True,1405,None
K?`bcxtffo\\O,2.384185791015625e-07,1.6977660655975342,True,740,None
K?`bczL|DsNO,2.384185791015625e-07,5.063313722610474,True,1153,None
K?`bczLlbs^?,4.76837158203125e-07,1.9766485691070557,True,778,None
K?`bcy\\{bs\\_,2.384185791015625e-07,1.7195680141448975,True,709,None
K?`bcy\\xbs^?,2.384185791015625e-07,8.244220733642578,True,1157,None
K?`bczbudwN_,2.384185791015625e-07,2.834118366241455,True,967,None
K?`bczJ}FgFo,2.384185791015625e-07,1.3436238765716553,True,614,None
K?`bczJmfgN_,2.384185791015625e-07,3.2586402893066406,True,1060,None
K?`bczF^Ds^?,2.384185791015625e-07,2.05818772315979,True,848,None
K?`bcxfudw^?,2.384185791015625e-07,3.5687406063079834,True,1132,None
K?`bcxVnFo\\O,2.384185791015625e-07,0.2618684768676758,True,234,None
K?`bcxVmfo\\_,2.384185791015625e-07,1.7896106243133545,True,829,None
K?`bfDxvC{V_,2.384185791015625e-07,1.7505483627319336,True,696,None
K?`bedyrTwV_,2.384185791015625e-07,0.1963803768157959,True,177,None
K?`bedyjTwZ_,2.384185791015625e-07,1.2192604541778564,True,613,None
K?`bee]ZTw^?,2.384185791015625e-07,1.7499845027923584,True,821,None
K?`bed]jTw^?,2.384185791015625e-07,1.6567225456237793,True,747,None
K?`bedlmdwZ_,2.384185791015625e-07,0.0391995906829834,True,33,None
K?`bed\\jdw^?,2.384185791015625e-07,2.1342625617980957,True,876,None
K?`bec|}DwXo,2.384185791015625e-07,2.131619453430176,True,867,None
K?`bec|ydwZ_,2.384185791015625e-07,0.6183648109436035,True,429,None
K?`bec|jfoZ_,2.384185791015625e-07,1.784045934677124,True,808,None
K?`bec|ffo\\_,4.76837158203125e-07,1.8084776401519775,True,816,None
K?`beeN^Dw^?,4.76837158203125e-07,1.7937994003295898,True,754,None
K?`bbfivCyV_,4.76837158203125e-07,2.254119873046875,True,849,None
K?`bbeNvFoV_,2.384185791015625e-07,2.379584789276123,True,908,None
K?`beUtudwN_,4.76837158203125e-07,1.4918723106384277,True,621,None
K?`beUtmbwZ_,2.384185791015625e-07,2.2574734687805176,True,841,None
K?`beTtmdwZ_,2.384185791015625e-07,3.4193336963653564,True,1086,None
K?`bcvqrTwN_,2.384185791015625e-07,1.451598882675171,True,681,None
K?`bcvU^FWVG,2.384185791015625e-07,1.9506943225860596,True,790,None
K?`bcvU]Tw\\_,2.384185791015625e-07,8.995448589324951,True,1349,None
K?`bcvUjVoN_,2.384185791015625e-07,1.9808070659637451,True,762,None
K?`bcvUNVo\\_,2.384185791015625e-07,4.077877998352051,True,1093,None
K?`bcvM|BwVG,2.384185791015625e-07,3.4686243534088135,True,912,None
K?`bcvdudwN_,4.76837158203125e-07,3.383584976196289,True,1010,None
K?`bcvd]ewV_,2.384185791015625e-07,2.107170820236206,True,881,None
K?`bcvTybwV_,2.384185791015625e-07,3.071859121322632,True,976,None
K?`bcvTmbw\\_,2.384185791015625e-07,0.31954264640808105,True,260,None
K?`bcvT]dw\\_,2.384185791015625e-07,16.305890321731567,True,1475,None
K?`bcvTZdw^?,4.76837158203125e-07,0.614100456237793,True,417,None
K?`bcttudw\\_,2.384185791015625e-07,1.8857884407043457,True,739,None
K?`bcttffo\\_,2.384185791015625e-07,0.5590183734893799,True,430,None
K?`bcu\\|Bw\\O,2.384185791015625e-07,7.467013359069824,True,1371,None
K?`bcu\\xbw^?,2.384185791015625e-07,1.4538617134094238,True,692,None
K?`bcuZ|Bw\\_,2.384185791015625e-07,3.4840235710144043,True,976,None
K?`beMymUwN_,4.76837158203125e-07,3.1481285095214844,True,999,None
K?`beM]^Dq^?,2.384185791015625e-07,4.6561853885650635,True,1133,None
K?`beK}nFoZG,2.384185791015625e-07,1.3547933101654053,True,610,None
K?`beK}mVoZ_,2.384185791015625e-07,2.7591357231140137,True,985,None
K?`beLx}C{V_,4.76837158203125e-07,0.3989880084991455,True,313,None
K?`beLxudwV_,2.384185791015625e-07,1.9570558071136475,True,815,None
K?`bc^s^EsVG,2.384185791015625e-07,2.9715747833251953,True,979,None
K?`bc^q^EwVG,4.76837158203125e-07,11.980006456375122,True,1582,None
K?`bc^T^FoVO,2.384185791015625e-07,0.2791008949279785,True,246,None
K?`bc^T]dw^?,2.384185791015625e-07,0.44385647773742676,True,369,None
K?`bc]\\|Bs^?,2.384185791015625e-07,1.8139731884002686,True,764,None
K?`bc]Z|Bw^?,2.384185791015625e-07,2.4320361614227295,True,905,None
K?`eVbwfbkFg,2.384185791015625e-07,1.8254022598266602,True,801,None
K?`eVbs^@{RW,2.384185791015625e-07,6.761871099472046,True,1270,None
K?`eVb[}@{Ew,2.384185791015625e-07,58.911170959472656,True,2008,None
K?`eVb[{`yFo,4.76837158203125e-07,3.278677463531494,True,1003,None
K?`eVa{layNO,2.384185791015625e-07,1.8814377784729004,True,772,None
K?`eV`{^DkRW,2.384185791015625e-07,1.8350138664245605,True,775,None
K?`eV`{^CmVO,2.384185791015625e-07,0.8161380290985107,True,481,None
K?`eV`{]c{Ug,2.384185791015625e-07,5.250290155410767,True,1134,None
K?`eVbYn@{Mg,2.384185791015625e-07,2.106971025466919,True,816,None
K?`eVaytbwFg,2.384185791015625e-07,5.82625675201416,True,1183,None
K?`eVaylbwJg,2.384185791015625e-07,2.915276050567627,True,995,None
K?`eV`yt`yV_,2.384185791015625e-07,1.4833095073699951,True,682,None
K?`eVbU}@yFo,4.76837158203125e-07,4.086814641952515,True,1123,None
K?`eVa]{bwFg,2.384185791015625e-07,12.162752628326416,True,1354,None
K?`eVa]NfoMg,2.384185791015625e-07,3.8951213359832764,True,1115,None
K?`eVbpnA{Fo,2.384185791015625e-07,0.12407922744750977,True,94,None
K?`eVaxv@{Mo,4.76837158203125e-07,4.192164421081543,True,1103,None
K?`eVax^@{Yo,2.384185791015625e-07,1.5698261260986328,True,672,None
K?`eVbTn@{NO,2.384185791015625e-07,1.1976301670074463,True,545,None
K?`eVa\\]bwUo,2.384185791015625e-07,0.5292084217071533,True,421,None
K?`eV`\\{dwFo,2.384185791015625e-07,1.6963863372802734,True,739,None
K?`eV`VnDwNO,4.76837158203125e-07,1.1970374584197998,True,650,None
K?`eUrqlbwFg,2.384185791015625e-07,0.15526175498962402,True,122,None
K?`eTrwnBkIw,2.384185791015625e-07,1.8013927936553955,True,817,None
K?`eTrqfbwMg,2.384185791015625e-07,3.2982635498046875,True,1007,None
K?`eTrqNbwYg,2.384185791015625e-07,5.005456447601318,True,1163,None
K?`eTrUmbwMg,2.384185791015625e-07,15.833530902862549,True,1413,None
K?`eTputbwVG,7.152557373046875e-07,2.4104721546173096,True,904,None
K?`eTpu\\ewVG,4.76837158203125e-07,1.5281918048858643,True,650,None
K?`eTrT}@{Mo,2.384185791015625e-07,4.643297910690308,True,1154,None
K?`eTrTlbwNO,2.384185791015625e-07,16.846306562423706,True,1539,None
K?`eUjqm`yN_,2.384185791015625e-07,3.3375847339630127,True,996,None
K?`eUiy}@{Mg,2.384185791015625e-07,1.980086088180542,True,799,None
K?`eUiymbwMg,2.384185791015625e-07,2.035527467727661,True,804,None
K?`eUiuNbq^?,2.384185791015625e-07,1.3558349609375,True,615,None
K?`eTj[mbkNG,2.384185791015625e-07,2.317373037338257,True,825,None
K?`eTj[\\bsVG,2.384185791015625e-07,10.53397274017334,True,1327,None
K?`eTh{|@uZO,2.384185791015625e-07,4.6789939403533936,True,1174,None
K?`eTh{^DeZO,2.384185791015625e-07,2.805896043777466,True,891,None
K?`eTh{\\dqZO,2.384185791015625e-07,3.5693507194519043,True,1042,None
K?`eTiy}A{Mg,2.384185791015625e-07,10.068211793899536,True,1324,None
K?`eThytbwVG,2.384185791015625e-07,0.20734596252441406,True,181,None
K?`eThuNeq^?,2.384185791015625e-07,4.308811664581299,True,1110,None
K?`eTi]{bwNG,4.76837158203125e-07,2.1385626792907715,True,884,None
K?`eTh]\\foVG,2.384185791015625e-07,1.7658379077911377,True,704,None
K?`eTjp}A{Fo,2.384185791015625e-07,0.08934569358825684,True,67,None
K?`eTjpv@{NO,2.384185791015625e-07,0.1728503704071045,True,139,None
K?`eTjpnA{NO,2.384185791015625e-07,7.968284606933594,True,1274,None
K?`eThx|@{ZO,2.384185791015625e-07,2.438627004623413,True,912,None
K?`eThx^DkZO,2.384185791015625e-07,3.364845037460327,True,1040,None
K?`eThx\\dwZO,2.384185791015625e-07,1.4428637027740479,True,667,None
K?`eTjTNbs^?,2.384185791015625e-07,0.8693087100982666,True,548,None
K?`eTitVbs^?,2.384185791015625e-07,10.84415054321289,True,1357,None
K?`eTi\\\\bs^?,2.384185791015625e-07,27.92746090888977,True,1744,None
K?`eTh\\lfoNO,4.76837158203125e-07,9.776551723480225,True,1441,None
K?`eTh\\\\foVO,2.384185791015625e-07,4.384948492050171,True,1081,None
K?`eTh\\Nfc^?,2.384185791015625e-07,4.861284017562866,True,1224,None
K?`eTg||BsZO,7.152557373046875e-07,6.451577663421631,True,1188,None
K?`eTg|\\foZO,4.76837158203125e-07,2.0176188945770264,True,755,None
K?`eTjRnBsN_,2.384185791015625e-07,2.666217565536499,True,934,None
K?`eTjRNfoN_,2.384185791015625e-07,3.296673059463501,True,1040,None
K?`eThr^DwZO,2.384185791015625e-07,3.3616671562194824,True,1075,None
K?`eThrNew^?,2.384185791015625e-07,1.469804048538208,True,639,None
K?`eTiZ|BwNO,2.384185791015625e-07,2.5178163051605225,True,876,None
K?`eThZNfo]_,4.76837158203125e-07,30.144169807434082,True,1919,None
K?`eTgztbw^?,2.384185791015625e-07,5.125329494476318,True,1130,None
K?`eTiV}BsN_,4.76837158203125e-07,0.9522361755371094,True,525,None
K?`eThV}FoFo,2.384185791015625e-07,0.49169206619262695,True,377,None
K?`eTg^]fo]_,2.384185791015625e-07,1.9747827053070068,True,862,None
K?`eRjq]cyV_,2.384185791015625e-07,5.437140226364136,True,1145,None
K?`eRjqVdqV_,4.76837158203125e-07,0.1714327335357666,True,141,None
K?`eRiu^DqZO,2.384185791015625e-07,0.28444814682006836,True,248,None
K?`eRhunDqZO,2.384185791015625e-07,2.5671284198760986,True,907,None
K?`eRi]mfoMg,2.384185791015625e-07,1.8833532333374023,True,726,None
K?`eRjX|@{VO,2.384185791015625e-07,2.3172764778137207,True,902,None
K?`eRitnBsZO,2.384185791015625e-07,110.22843217849731,True,1856,None
K?`eRitNfoZO,2.384185791015625e-07,1.9422104358673096,True,700,None
K?`eRhtnDsZO,4.76837158203125e-07,0.22676467895507812,True,184,None
K?`eSyu^FoMW,2.384185791015625e-07,0.049674034118652344,True,45,None
K?`cvb[x`yNO,2.384185791015625e-07,2.899115800857544,True,926,None
K?`cvbqrbwFg,4.76837158203125e-07,1.758180856704712,True,737,None
K?`cvbYjbwMg,4.76837158203125e-07,2.3996715545654297,True,753,None
K?`cv`ytdwLg,2.384185791015625e-07,0.059356689453125,True,44,None
K?`cvbUybwFg,2.384185791015625e-07,3.3145859241485596,True,910,None
K?`cva]|BqLo,2.384185791015625e-07,5.304227113723755,True,1141,None
K?`cva]ybwMg,2.384185791015625e-07,4.239512205123901,True,1094,None
K?`cva]\\bq\\_,4.76837158203125e-07,3.012850284576416,True,981,None
K?`cv`]lbq\\_,2.384185791015625e-07,5.936111211776733,True,1299,None
K?`cvbhfbkN_,2.384185791015625e-07,2.0205821990966797,True,811,None
K?`cvbXjbwMo,2.384185791015625e-07,1.1172423362731934,True,511,None
K?`cv`x\\e[V_,2.384185791015625e-07,2.358823776245117,True,915,None
K?`cv`xrfgFo,2.384185791015625e-07,3.3036043643951416,True,1043,None
K?`cvbdv@{NO,4.76837158203125e-07,8.6981680393219,True,1348,None
K?`cvbdfbwNO,4.76837158203125e-07,1.6099328994750977,True,730,None
K?`cvbT}@{Lo,2.384185791015625e-07,2.010744571685791,True,817,None
K?`cvbTnB[NO,2.384185791015625e-07,1.9489049911499023,True,819,None
K?`cvbT^B[VO,2.384185791015625e-07,7.479042291641235,True,1362,None
K?`cvbT^@{\\O,2.384185791015625e-07,2.5267493724823,True,848,None
K?`cvbTjbwNO,2.384185791015625e-07,1.6059887409210205,True,781,None
K?`cv`\\nFcLo,2.384185791015625e-07,1.6381008625030518,True,727,None
K?`cv`\\nFSMo,2.384185791015625e-07,2.6619622707366943,True,935,None
K?`cv`\\^FKVO,2.384185791015625e-07,1.7431776523590088,True,735,None
K?`cv`\\lfoLo,2.384185791015625e-07,0.27849745750427246,True,247,None
K?`cv`\\\\ds\\_,2.384185791015625e-07,0.6321277618408203,True,436,None
K?`cvbFnBsN_,7.152557373046875e-07,6.007733345031738,True,1234,None
K?`cvaV]bw\\_,2.384185791015625e-07,1.3502225875854492,True,591,None
K?`cv_^]fg\\_,4.76837158203125e-07,3.485194206237793,True,1017,None
K?`cvRUlbqN_,2.384185791015625e-07,0.5451810359954834,True,414,None
K?`cvPu|BwRW,2.384185791015625e-07,4.717139005661011,True,1116,None
K?`cvQ]{biN_,4.76837158203125e-07,2.0427956581115723,True,751,None
K?`cuql{bkN_,4.76837158203125e-07,4.445900201797485,True,1128,None
K?`cvJ[mbsMg,4.76837158203125e-07,3.169229745864868,True,967,None
K?`cvH{tfoFW,2.384185791015625e-07,2.6597180366516113,True,964,None
K?`cvH{tbqVO,2.384185791015625e-07,3.2881827354431152,True,1003,None
K?`cvH{\\eqVO,4.76837158203125e-07,12.198219299316406,True,1363,None
K?`cvH{VfoUW,4.76837158203125e-07,1.8645589351654053,True,800,None
K?`cvH{VfaVO,4.76837158203125e-07,4.449164390563965,True,1064,None
K?`cvJYmbwMg,4.76837158203125e-07,3.2949302196502686,True,937,None
K?`cvI]{bwNG,2.384185791015625e-07,0.7663066387176514,True,439,None
K?`cvI]\\foNG,2.384185791015625e-07,2.511624574661255,True,833,None
K?`cvH]|BsVG,4.76837158203125e-07,0.2937169075012207,True,233,None
K?`cvH]\\dq^?,4.76837158203125e-07,0.6823387145996094,True,454,None
K?`cvI\\\\bs^?,2.384185791015625e-07,1.4789278507232666,True,697,None
K?`cui{}BeLo,2.384185791015625e-07,2.1327362060546875,True,815,None
K?`cuh{^FEVO,2.384185791015625e-07,1.3530957698822021,True,635,None
K?`cuji}@{Mg,2.384185791015625e-07,1.9453411102294922,True,765,None
K?`cuhymfWMg,4.76837158203125e-07,90.34073853492737,True,1985,None
K?`cuhy\\dq\\_,2.384185791015625e-07,2.7452449798583984,True,910,None
K?`cuhyjfoMg,2.384185791015625e-07,10.490948677062988,True,1325,None
K?`cuiuZbq^?,2.384185791015625e-07,2.432183265686035,True,968,None
K?`cuhu^FQVO,2.384185791015625e-07,5.112550735473633,True,1163,None
K?`cuim{bqN_,4.76837158203125e-07,0.02003645896911621,True,15,None
K?`cuim\\foNG,2.384185791015625e-07,0.31412315368652344,True,267,None
K?`cug}{bq\\_,2.384185791015625e-07,2.3843770027160645,True,880,None
K?`cug}]fa\\_,2.384185791015625e-07,0.4876542091369629,True,374,None
K?`cug}\\fQ^?,4.76837158203125e-07,1.5490984916687012,True,719,None
K?`cujhnBsMo,2.384185791015625e-07,2.7679357528686523,True,924,None
K?`cujh{`{N_,4.76837158203125e-07,0.45909738540649414,True,385,None
K?`cujhlbsN_,2.384185791015625e-07,5.232324600219727,True,1201,None
K?`cujd^BsVO,4.76837158203125e-07,19.16259789466858,True,1478,None
K?`cujdNbs^?,2.384185791015625e-07,0.11696743965148926,True,93,None
K?`cuil}BsMo,2.384185791015625e-07,0.8949630260467529,True,544,None
K?`cuhllbs^?,2.384185791015625e-07,3.0381019115448,True,950,None
K?`cug|{bs\\_,2.384185791015625e-07,1.833383560180664,True,752,None
K?`cug|xfoNO,4.76837158203125e-07,3.1709518432617188,True,981,None
K?`crjs^EUVO,4.76837158203125e-07,2.1629843711853027,True,807,None
K?`crjY\\dq\\_,2.384185791015625e-07,1.5559308528900146,True,634,None
K?`crjU^FQVO,2.384185791015625e-07,1.4972164630889893,True,643,None
K?`crjU]dw\\G,2.384185791015625e-07,2.143763303756714,True,865,None
K?`crjU]dq\\_,2.384185791015625e-07,2.5675296783447266,True,888,None
K?`crhuvFQVO,4.76837158203125e-07,5.320256233215332,True,1192,None
K?`cri]yfoMg,4.76837158203125e-07,1.8341295719146729,True,692,None
K?`crjX|B[VO,2.384185791015625e-07,0.336759090423584,True,296,None
K?`crjdVfoVO,2.384185791015625e-07,0.030818462371826172,True,24,None
K?`crhtvFSVO,2.384185791015625e-07,4.020740032196045,True,970,None
K?`crjLlbs^?,2.384185791015625e-07,2.5251126289367676,True,891,None
K?`crjL\\foVO,4.76837158203125e-07,3.706584930419922,True,1050,None
K?`cri\\{bs\\_,2.384185791015625e-07,0.927466630935669,True,466,None
K?`cri\\xbs^?,2.384185791015625e-07,1.8841125965118408,True,765,None
K?`criZ{bw\\_,2.384185791015625e-07,1.8249750137329102,True,719,None
K?`criZxbw^?,4.76837158203125e-07,29.60156226158142,True,1407,None
K?`crjF^FoVO,2.384185791015625e-07,15.906510829925537,True,1452,None
K?`criV]fo\\_,2.384185791015625e-07,0.6314742565155029,True,415,None
K?`criN{foN_,4.76837158203125e-07,32.294318437576294,True,1852,None
K?`csxu{bq\\_,2.384185791015625e-07,2.168755054473877,True,873,None
K?`cvFs^BwRW,7.152557373046875e-07,2.720673084259033,True,900,None
K?`cvFUNRw^?,2.384185791015625e-07,2.5264551639556885,True,893,None
K?`cvE]|BwNG,2.384185791015625e-07,2.4492430686950684,True,882,None
K?`cuVsnBkNG,2.384185791015625e-07,0.5380377769470215,True,401,None
K?`eNbwVdwFW,2.384185791015625e-07,1.3099141120910645,True,654,None
K?`eN`{^CuVO,2.384185791015625e-07,3.6315765380859375,True,1042,None
K?`eN`]mdwNG,2.384185791015625e-07,0.26760196685791016,True,227,None
K?`eN`]]dqV_,2.384185791015625e-07,3.937901258468628,True,1098,None
K?`eN_}Neq^?,4.76837158203125e-07,0.9392938613891602,True,469,None
K?`eNbXn@{NO,2.384185791015625e-07,0.35235047340393066,True,314,None
K?`eNaxvBsFo,4.76837158203125e-07,3.2423460483551025,True,1045,None
K?`eNaxma{N_,2.384185791015625e-07,3.0128324031829834,True,966,None
K?`eNax]bwRo,2.384185791015625e-07,1.778925895690918,True,754,None
K?`eNaxNbwZO,2.384185791015625e-07,3.4922962188720703,True,1019,None
K?`eNa\\}@{NO,4.76837158203125e-07,0.3544025421142578,True,299,None
K?`eNa\\mbwNO,2.384185791015625e-07,0.6276381015777588,True,452,None
K?`eN_|nBsZO,2.384185791015625e-07,0.6478464603424072,True,482,None
K?`eN_|VfoVO,2.384185791015625e-07,4.502126216888428,True,1238,None
K?`eN_|NfoZO,2.384185791015625e-07,3.2224984169006348,True,1040,None
K?`eN`Z^DsV_,4.76837158203125e-07,0.20854520797729492,True,182,None
K?`eN_znBwZO,4.76837158203125e-07,1.7850918769836426,True,748,None
K?`eN_zmbwZ_,2.384185791015625e-07,2.8872368335723877,True,962,None
K?`eN_^^Ds^?,2.384185791015625e-07,4.658147573471069,True,1070,None
K?`eMqynBqMo,4.76837158203125e-07,0.8160111904144287,True,467,None
K?`eMqy{bwFg,2.384185791015625e-07,2.7186756134033203,True,970,None
K?`eMqylbwNG,2.384185791015625e-07,0.22941803932189941,True,214,None
K?`eMpy]diV_,2.384185791015625e-07,10.5346360206604,True,1379,None
K?`eMo}lfoNG,4.76837158203125e-07,0.7400248050689697,True,472,None
K?`eMqx}@{Mo,2.384185791015625e-07,11.452669382095337,True,1364,None
K?`eMqxmbwMo,7.152557373046875e-07,1.067173719406128,True,547,None
K?`eMqxlbwNO,4.76837158203125e-07,0.036551713943481445,True,28,None
K?`eMqtmbwNO,2.384185791015625e-07,16.772652864456177,True,1555,None
K?`eMprmdwN_,2.384185791015625e-07,2.234628677368164,True,791,None
K?`eLrwmbiJo,2.384185791015625e-07,2.648106813430786,True,908,None
K?`eLrwmayMo,2.384185791015625e-07,0.5358405113220215,True,397,None
K?`eLrsVbsVG,2.384185791015625e-07,3.2836132049560547,True,1036,None
K?`eLrsNbqZO,2.384185791015625e-07,4.3897459506988525,True,1113,None
K?`eLp{tbsVG,4.76837158203125e-07,1.4769957065582275,True,664,None
K?`eLp{lbqZO,4.76837158203125e-07,2.9555718898773193,True,980,None
K?`eLp{VfcVG,2.384185791015625e-07,0.547722339630127,True,393,None
K?`eLrqmbwJg,2.384185791015625e-07,3.0564754009246826,True,956,None
K?`eLrUmbwNG,2.384185791015625e-07,0.9972302913665771,True,619,None
K?`eLpunBqZO,2.384185791015625e-07,2.179494619369507,True,915,None
K?`eLqx}A{Mo,4.76837158203125e-07,8.287508487701416,True,1274,None
K?`eLqxvBsMo,2.384185791015625e-07,22.23670530319214,True,1460,None
K?`eLqxubwMo,2.384185791015625e-07,2.555450677871704,True,837,None
K?`eLo|}EsMo,2.384185791015625e-07,6.555278539657593,True,1142,None
K?`eJrsv@uVO,4.76837158203125e-07,0.5146634578704834,True,395,None
K?`eJq{ffoMW,2.384185791015625e-07,2.604832172393799,True,906,None
K?`eJp{vDeVO,2.384185791015625e-07,15.78586196899414,True,1578,None
K?`eJrqVdqV_,2.384185791015625e-07,5.376760721206665,True,1139,None
K?`eJqyudwMg,7.152557373046875e-07,2.7980804443359375,True,923,None
K?`eJpyvDqUo,2.384185791015625e-07,1.8716158866882324,True,806,None
K?`eJq]mfoMg,2.384185791015625e-07,0.3951702117919922,True,321,None
K?`eJo}tdq^?,4.76837158203125e-07,3.1269328594207764,True,1033,None
K?`eJqx}C{Mo,2.384185791015625e-07,0.028321504592895508,True,18,None
K?`eJqx{bwRo,4.76837158203125e-07,0.3160831928253174,True,256,None
K?`eJqxmewMo,2.384185791015625e-07,0.14948582649230957,True,127,None
K?`eJqx]fgRo,2.384185791015625e-07,2.6116247177124023,True,969,None
K?`eKzw}@uMo,2.384185791015625e-07,2.537628650665283,True,925,None
K?`eKzwmbqMo,4.76837158203125e-07,2.99747633934021,True,992,None
K?`eKzs]RsVO,2.384185791015625e-07,0.3359191417694092,True,296,None
K?`eKzsMvoNO,2.384185791015625e-07,0.4088864326477051,True,328,None
K?`eKxu]foVG,2.384185791015625e-07,7.839315176010132,True,1362,None
K?`eIzq]dqV_,2.384185791015625e-07,1.9708027839660645,True,862,None
K?`eIyymfoMg,2.384185791015625e-07,14.739026308059692,True,1398,None
K?`eIyr]foV_,2.384185791015625e-07,2.4196062088012695,True,975,None
K?`eMdx}@{V_,2.384185791015625e-07,1.4059734344482422,True,697,None
K?`eMc|^FoVO,4.76837158203125e-07,1.73329758644104,True,855,None
K?`eLe\\}BwNO,2.384185791015625e-07,5.6320788860321045,True,1196,None
K?`eLc|^FoZO,2.384185791015625e-07,0.3977656364440918,True,343,None
K?`eLdZ^FoV_,2.384185791015625e-07,1.4499080181121826,True,628,None
K?`eKt{|BsVG,2.384185791015625e-07,0.48302197456359863,True,359,None
K?`eKuy|BqN_,2.384185791015625e-07,4.323133230209351,True,1115,None
K?`eKuu}BqN_,2.384185791015625e-07,26.5530366897583,True,1813,None
K?`eKs}|Bq^?,2.384185791015625e-07,3.1305911540985107,True,1011,None
K?`eKs}^Fo]G,2.384185791015625e-07,2.0303380489349365,True,852,None
K?`eIvw}@{Ug,2.384185791015625e-07,3.0240159034729004,True,1014,None
K?`eIvs^DqVO,2.384185791015625e-07,1.7167108058929443,True,772,None
K?`eIty}DiV_,4.76837158203125e-07,0.3525664806365967,True,298,None
K?`eIs}mVo]_,2.384185791015625e-07,4.043783664703369,True,1062,None
K?`eItx|DwVO,4.76837158203125e-07,0.08666038513183594,True,76,None
K?`eHt{vFcVG,2.384185791015625e-07,1.5958189964294434,True,642,None
K?`eHvY^FgVG,2.384185791015625e-07,1.3316829204559326,True,657,None
K?`eHtyvFgVG,2.384185791015625e-07,1.3621423244476318,True,678,None
K?`eHvU^FoVG,2.384185791015625e-07,5.347179412841797,True,1178,None
K?`eHvU]VoV_,2.384185791015625e-07,8.689868450164795,True,1334,None
K?`eHtuvFoVG,2.384185791015625e-07,0.16149091720581055,True,139,None
K?`eHu]^Fa^?,2.384185791015625e-07,1.8527164459228516,True,849,None
K?`eHu]]Vo]_,2.384185791015625e-07,0.28519153594970703,True,235,None
K?`eHt]|FoVG,2.384185791015625e-07,2.4694905281066895,True,891,None
K?`eHs}{Uw^?,4.76837158203125e-07,5.543519973754883,True,1162,None
K?`eHs||FoZO,2.384185791015625e-07,1.3135592937469482,True,625,None
K?`eHs|{ew^?,2.384185791015625e-07,1.805466890335083,True,841,None
K?`eHvR^FoV_,2.384185791015625e-07,3.3734421730041504,True,1053,None
K?`eHurvFoN_,2.384185791015625e-07,2.2752983570098877,True,888,None
K?`eHuZ^Fg^?,2.384185791015625e-07,5.3559653759002686,True,1213,None
K?`bNa]ffoNG,2.384185791015625e-07,4.493058919906616,True,1131,None
K?`bNa]VfoVG,2.384185791015625e-07,1.3068242073059082,True,585,None
K?`bNbX^DsRo,2.384185791015625e-07,2.4323949813842773,True,878,None
K?`bNa\\vDsNO,4.76837158203125e-07,0.27621936798095703,True,231,None
K?`bMrsv@uVO,2.384185791015625e-07,0.5796656608581543,True,432,None
K?`bMrsVdqVO,2.384185791015625e-07,1.7402570247650146,True,722,None
K?`bMqu^DsZG,2.384185791015625e-07,1.5826687812805176,True,683,None
K?`bMquVdq^?,4.76837158203125e-07,1.8781726360321045,True,781,None
K?`bMquNfoZG,2.384185791015625e-07,3.1080362796783447,True,929,None
K?`bMqxffgNO,4.76837158203125e-07,4.300719976425171,True,1081,None
K?`bMiymbwZG,2.384185791015625e-07,4.727980613708496,True,1122,None
K?`bMi]]Ts^?,2.384185791015625e-07,1.6505141258239746,True,744,None
K?`bMhxnDsZO,2.384185791015625e-07,4.005711317062378,True,1100,None
K?`bMiZmfoN_,4.76837158203125e-07,1.415731430053711,True,591,None
K?`bMiZ]dw^?,2.384185791015625e-07,2.2932770252227783,True,841,None
K?`bJi\\uds^?,2.384185791015625e-07,2.0291059017181396,True,804,None
K?`bKzs]esVG,2.384185791015625e-07,1.537013292312622,True,700,None
K?`bKzs]UsVO,2.384185791015625e-07,1.5452518463134766,True,585,None
K?`bKzqufoFg,4.76837158203125e-07,2.999210834503174,True,1004,None
K?`bKzq]ewVG,4.76837158203125e-07,2.3376121520996094,True,909,None
K?`bKzU]Ts^?,4.76837158203125e-07,0.14473557472229004,True,106,None
K?`bKy\\{bs^?,2.384185791015625e-07,3.431002616882324,True,961,None
K?`bKyZ|Bs^?,2.384185791015625e-07,1.64723539352417,True,712,None
K?`bKm\\]fo^?,2.384185791015625e-07,0.12151432037353516,True,105,None
K?`bIm{mfoZG,2.384185791015625e-07,2.139709711074829,True,843,None
K?`cnbk^AuVO,2.384185791015625e-07,7.451927185058594,True,1265,None
K?`cnb[^@u\\O,2.384185791015625e-07,1.697258710861206,True,758,None
K?`cn`{^Cu\\O,2.384185791015625e-07,2.072678565979004,True,863,None
K?`cn`]]dq\\_,2.384185791015625e-07,4.472346782684326,True,1056,None
K?`cn`xv@{\\O,4.76837158203125e-07,0.8063406944274902,True,556,None
K?`cn`xZewVO,2.384185791015625e-07,0.8446598052978516,True,475,None
K?`cn`lvBsVO,2.384185791015625e-07,1.2941555976867676,True,621,None
K?`cn`l^EsVO,2.384185791015625e-07,2.6207149028778076,True,930,None
K?`cn`lVfoVO,2.384185791015625e-07,4.0341432094573975,True,1068,None
K?`cn`\\]ds\\_,2.384185791015625e-07,1.718531847000122,True,787,None
K?`cn`\\jfoNO,2.384185791015625e-07,1.7089343070983887,True,775,None
K?`cn`\\NfS^?,4.76837158203125e-07,3.235959529876709,True,1066,None
K?`cn`j^EwVO,2.384185791015625e-07,7.965235710144043,True,1474,None
K?`cn`N}FoFo,4.76837158203125e-07,1.837731122970581,True,735,None
K?`cn_^}FoLo,2.384185791015625e-07,1.3811402320861816,True,597,None
K?`cn_^yfoN_,2.384185791015625e-07,1.9843125343322754,True,820,None
K?`cn_^]fo\\_,2.384185791015625e-07,3.8609933853149414,True,1148,None
K?`cnRs^AuVO,2.384185791015625e-07,3.7112197875976562,True,1014,None
K?`cnP{^Cu]O,4.76837158203125e-07,3.2686245441436768,True,975,None
K?`cnP{tbqVO,4.76837158203125e-07,0.20414161682128906,True,161,None
K?`cnPx|A{VO,2.384185791015625e-07,5.026925325393677,True,1148,None
K?`cnPx\\ewVO,2.384185791015625e-07,0.14590930938720703,True,113,None
K?`cnPxVdw]O,4.76837158203125e-07,3.2371318340301514,True,1000,None
K?`cnPtvBsVO,2.384185791015625e-07,2.8575143814086914,True,1030,None
K?`cnPt^EsVO,2.384185791015625e-07,1.7966537475585938,True,775,None
K?`cnPtffoNO,2.384185791015625e-07,0.613877534866333,True,388,None
K?`cnP\\nFcNO,2.384185791015625e-07,2.133559465408325,True,843,None
K?`cnPZ^Dw]O,4.76837158203125e-07,1.9447472095489502,True,784,None
K?`cnPV^FoVO,2.384185791015625e-07,3.166954278945923,True,971,None
K?`cnO^}FoMo,2.384185791015625e-07,6.648396253585815,True,1272,None
K?`cmrsjbsNG,2.384185791015625e-07,1.7815132141113281,True,760,None
K?`cmq{ybqMo,4.76837158203125e-07,2.0828664302825928,True,811,None
K?`cmp{nBs[W,2.384185791015625e-07,0.46695542335510254,True,384,None
K?`cmp{Zdq]O,2.384185791015625e-07,2.4072630405426025,True,929,None
K?`cmrqy`yN_,2.384185791015625e-07,41.49931764602661,True,1795,None
K?`cmrqjbwNG,2.384185791015625e-07,3.774639129638672,True,1086,None
K?`cmqm}BqMo,2.384185791015625e-07,2.2363221645355225,True,812,None
K?`cmo}xfoNG,2.384185791015625e-07,1.7751195430755615,True,760,None
K?`cmrpnB[NO,4.76837158203125e-07,5.894716262817383,True,1142,None
K?`cmrpjbsN_,2.384185791015625e-07,0.3641011714935303,True,314,None
K?`cmrh{`{N_,2.384185791015625e-07,2.4664459228515625,True,932,None
K?`cmrhlbsN_,2.384185791015625e-07,0.1835343837738037,True,160,None
K?`cmqx|B[NO,4.76837158203125e-07,3.6654257774353027,True,1081,None
K?`cmqxybwMo,2.384185791015625e-07,0.05240797996520996,True,35,None
K?`cmqxxbwNO,2.384185791015625e-07,0.22657513618469238,True,208,None
K?`cmrd}BsFo,4.76837158203125e-07,3.0624279975891113,True,1055,None
K?`cmpt]fSV_,2.384185791015625e-07,6.665992975234985,True,1292,None
K?`cmo|yfoMo,2.384185791015625e-07,1.8459644317626953,True,798,None
K?`cmprybwV_,2.384185791015625e-07,1.4717884063720703,True,667,None
K?`cjrsZeqVO,2.384185791015625e-07,2.1995787620544434,True,873,None
K?`cjr[lbs\\G,2.384185791015625e-07,0.21163725852966309,True,175,None
K?`cjrq]ewTg,4.76837158203125e-07,1.1993889808654785,True,573,None
K?`cjrqVdq\\_,2.384185791015625e-07,11.11606764793396,True,1358,None
K?`cjrYydwMg,2.384185791015625e-07,3.1827993392944336,True,999,None
K?`cjrYmfWMg,2.384185791015625e-07,7.182981491088867,True,1206,None
K?`cjrY\\dq\\_,2.384185791015625e-07,0.9963006973266602,True,508,None
K?`cjrU]dq\\_,2.384185791015625e-07,24.47125244140625,True,1516,None
K?`cjpmvDq]O,2.384185791015625e-07,0.2630958557128906,True,225,None
K?`cjq]yfoMg,2.384185791015625e-07,0.0905613899230957,True,63,None
K?`cjq]xbq^?,2.384185791015625e-07,6.637376308441162,True,1251,None
K?`cjq]Zfa^?,2.384185791015625e-07,2.216317892074585,True,912,None
K?`cjpx{e[V_,2.384185791015625e-07,50.329243421554565,True,1958,None
K?`cjpxxewVO,2.384185791015625e-07,8.380882024765015,True,1482,None
K?`cnJ[}BsFW,2.384185791015625e-07,1.2068440914154053,True,561,None
K?`cnH{uRsVO,2.384185791015625e-07,0.7019755840301514,True,504,None
K?`cnH{]UsVO,2.384185791015625e-07,0.5867245197296143,True,416,None
K?`cnH{UvoVO,2.384185791015625e-07,0.5034563541412354,True,386,None
K?`cnH\\}BsVO,2.384185791015625e-07,0.2349557876586914,True,225,None
K?`cmh{}BsTW,2.384185791015625e-07,5.7055823802948,True,1196,None
K?`cmh{Mvo\\O,2.384185791015625e-07,0.29425048828125,True,251,None
K?`cmhy]fQV_,2.384185791015625e-07,1.132047414779663,True,562,None
K?`cmhy]dq\\_,2.384185791015625e-07,1.879951000213623,True,884,None
K?`cmhm]VoVO,2.384185791015625e-07,2.1228911876678467,True,838,None
K?`cmjh^BsVO,2.384185791015625e-07,2.8246891498565674,True,940,None
K?`cmhxnBs\\O,2.384185791015625e-07,2.1437911987304688,True,831,None
K?`cmhx]ds\\_,2.384185791015625e-07,1.6679856777191162,True,767,None
K?`cmhxNfS^?,2.384185791015625e-07,0.34020566940307617,True,315,None
K?`cmhj^FoVO,2.384185791015625e-07,5.053256034851074,True,1238,None
K?`cjjMmVoNO,2.384185791015625e-07,0.11179661750793457,True,81,None
K?`cjjL}BsVO,2.384185791015625e-07,3.9264719486236572,True,1080,None
K?`cji\\}Bs\\O,2.384185791015625e-07,2.1613550186157227,True,907,None
K?`cmZwmbqMo,4.76837158203125e-07,3.821990728378296,True,1059,None
K?`cmZsMrs^?,4.76837158203125e-07,1.385620355606079,True,631,None
K?`cmX{mRs]O,4.76837158203125e-07,1.7646663188934326,True,755,None
K?`cmYu]VoNO,2.384185791015625e-07,1.8582518100738525,True,832,None
K?`cmZp^BsVO,2.384185791015625e-07,1.5483403205871582,True,755,None
K?`cmYr}BwNO,2.384185791015625e-07,2.061976909637451,True,858,None
K?`cjY]{bq^?,4.76837158203125e-07,2.052335739135742,True,796,None
K?`cjY]]fo]G,2.384185791015625e-07,2.768460988998413,True,971,None
K?`cjX\\{foVO,2.384185791015625e-07,0.17876672744750977,True,158,None
K?`cjXrffo^?,2.384185791015625e-07,0.3121626377105713,True,294,None
K?`cjW^{fo^?,2.384185791015625e-07,3.9473416805267334,True,1094,None
K?`ckzi}BqMo,4.76837158203125e-07,2.3004846572875977,True,943,None
K?`ckzi{bqN_,2.384185791015625e-07,0.6265068054199219,True,468,None
K?`ckxy]fa\\_,2.384185791015625e-07,0.6354074478149414,True,453,None
K?`ckxy]fQ]_,2.384185791015625e-07,1.706742286682129,True,728,None
K?`ckze]bq^?,4.76837158203125e-07,3.300593137741089,True,966,None
K?`ckxm]fa^?,2.384185791015625e-07,14.854824542999268,True,1516,None
K?`ckzh^Bs]O,2.384185791015625e-07,0.5979526042938232,True,465,None
K?`ckzb}BsN_,2.384185791015625e-07,1.9720978736877441,True,852,None
K?`ckxr]fo\\_,2.384185791015625e-07,4.893033266067505,True,1173,None
K?`ckxj}FoMo,2.384185791015625e-07,0.6215004920959473,True,427,None
K?`ckxj{foN_,2.384185791015625e-07,0.2641885280609131,True,244,None
K?`ckxj]fo]_,4.76837158203125e-07,1.014024257659912,True,585,None
K?`cizsyRsVO,2.384185791015625e-07,0.19067668914794922,True,167,None
K?`cizsYvoVO,2.384185791015625e-07,0.33639025688171387,True,297,None
K?`ciy{ybs]G,2.384185791015625e-07,5.91614294052124,True,1220,None
K?`cizq]dq\\_,2.384185791015625e-07,3.5124313831329346,True,977,None
K?`ciyu]fQ^?,2.384185791015625e-07,0.6907954216003418,True,460,None
K?`ciyuYvo^?,2.384185791015625e-07,3.912543296813965,True,1110,None
K?`cixuyVoVO,4.76837158203125e-07,1.3252077102661133,True,641,None
K?`ciym{bq^?,4.76837158203125e-07,2.347736120223999,True,893,None
K?`ciw}{fQ^?,4.76837158203125e-07,2.0901031494140625,True,850,None
K?`cixrmfo\\_,2.384185791015625e-07,1.4269728660583496,True,659,None
K?`cixrjfo^?,4.76837158203125e-07,32.0680410861969,True,1905,None
K?`cnF[nBqNO,2.384185791015625e-07,1.6664602756500244,True,730,None
K?`cnD{^EqVO,4.76837158203125e-07,0.38639283180236816,True,322,None
K?`cnDx^EwVO,2.384185791015625e-07,8.366498231887817,True,1364,None
K?`cmfi^BwVG,2.384185791015625e-07,1.9157946109771729,True,755,None
K?`cmem}BqN_,2.384185791015625e-07,0.41111302375793457,True,323,None
K?`cmdxybwV_,2.384185791015625e-07,0.44264721870422363,True,366,None
K?`cmdxmbw\\_,2.384185791015625e-07,2.2500109672546387,True,812,None
K?`cmc|]fo\\_,2.384185791015625e-07,30.048605918884277,True,1868,None
K?`cjdyuTw\\_,2.384185791015625e-07,6.839187860488892,True,1240,None
K?`cje]]Vo\\_,4.76837158203125e-07,0.261735200881958,True,224,None
K?`cjd]mVo\\_,2.384185791015625e-07,1.486556053161621,True,714,None
K?`cjdxudw\\_,2.384185791015625e-07,1.6974339485168457,True,771,None
K?`cjeZ^Fo\\_,2.384185791015625e-07,1.90401029586792,True,819,None
K?`cmVwnBqMo,2.384185791015625e-07,6.360514402389526,True,1349,None
K?`cmT{|BqVO,7.152557373046875e-07,0.5331048965454102,True,383,None
K?`cmVpnBwNO,2.384185791015625e-07,4.551252126693726,True,1054,None
K?`cmUx|BwNO,2.384185791015625e-07,3.748272180557251,True,1009,None
K?`cjT{|EqVO,2.384185791015625e-07,5.027993679046631,True,1087,None
K?`cjTy{UwV_,4.76837158203125e-07,0.5625729560852051,True,418,None
K?`cjTyuVgV_,2.384185791015625e-07,14.771446704864502,True,1505,None
K?`cjVU^FoVG,7.152557373046875e-07,2.93397855758667,True,1027,None
K?`cjVU]VoV_,4.76837158203125e-07,1.0644371509552002,True,498,None
K?`cjTxvDw]O,4.76837158203125e-07,3.8943283557891846,True,1036,None
K?`cjTtvFoVO,2.384185791015625e-07,0.2219703197479248,True,206,None
K?`ckve}BqN_,2.384185791015625e-07,2.2701473236083984,True,882,None
K?`cktm|Bq^?,2.384185791015625e-07,0.1585369110107422,True,139,None
K?`ckvh}BwMo,2.384185791015625e-07,2.387608051300049,True,853,None
K?`cktl}FoMo,4.76837158203125e-07,3.794121503829956,True,1065,None
K?`cktj^Fg^?,4.76837158203125e-07,3.337293863296509,True,1002,None
K?`civq]Tw\\_,4.76837158203125e-07,13.39356803894043,True,1539,None
K?`ciuu]Vo\\_,2.384185791015625e-07,7.565712213516235,True,1287,None
K?`citm|Dq^?,2.384185791015625e-07,10.07305121421814,True,1427,None
K?`citxmfg\\_,2.384185791015625e-07,13.734381914138794,True,1450,None
K?`citl{foV_,2.384185791015625e-07,0.4647510051727295,True,395,None
K?`ciur^Fo\\_,2.384185791015625e-07,4.098663330078125,True,1075,None
K?`cmL{]VoVO,2.384185791015625e-07,1.519075632095337,True,681,None
K?`cmLy^FoVG,0.0,2.7723100185394287,True,1009,None
K?`cmLy]VoV_,4.76837158203125e-07,34.11197519302368,True,1816,None
K?`cmK|]fo^?,4.76837158203125e-07,1.5788073539733887,True,773,None
K?`cmKz^Fo^?,2.384185791015625e-07,0.6183192729949951,True,403,None
K?`cklj}FoN_,2.384185791015625e-07,1.682251214981079,True,768,None
K?`ck^w}BqMo,2.384185791015625e-07,5.516967535018921,True,1235,None
K?`ck\\y}FoMg,2.384185791015625e-07,1.9717280864715576,True,843,None
K?`ci^s]VoVO,2.384185791015625e-07,0.21645522117614746,True,200,None
K?`ci]r}FoN_,2.384185791015625e-07,0.33785343170166016,True,295,None
K?`cg~q]Vo\\_,4.76837158203125e-07,10.148791074752808,True,1383,None
K?`anb[ydqFo,4.76837158203125e-07,2.0330190658569336,True,829,None
K?`anb[]dsTg,2.384185791015625e-07,2.169361114501953,True,829,None
K?`anb[]dqTo,2.384185791015625e-07,0.13748526573181152,True,119,None
K?`anbMNdq^?,2.384185791015625e-07,1.816002607345581,True,802,None
K?`anam^DqZO,2.384185791015625e-07,0.2458350658416748,True,217,None
K?`anamfbq^?,2.384185791015625e-07,1.3359043598175049,True,602,None
K?`anamVdq^?,2.384185791015625e-07,1.1830363273620605,True,590,None
K?`an`mvDqVO,2.384185791015625e-07,1.519972324371338,True,690,None
K?`an`mnDqZO,4.76837158203125e-07,2.506650924682617,True,962,None
K?`an_}zDqZO,2.384185791015625e-07,1.9799582958221436,True,752,None
K?`an`xnC{\\O,4.76837158203125e-07,0.570695161819458,True,419,None
K?`an`xrdwVO,2.384185791015625e-07,5.41210675239563,True,1144,None
K?`an`xjdwZO,2.384185791015625e-07,17.726625442504883,True,1588,None
K?`analnBsZO,2.384185791015625e-07,3.1745879650115967,True,1014,None
K?`analfbs^?,4.76837158203125e-07,2.281578540802002,True,859,None
K?`an`lvDsVO,4.76837158203125e-07,1.4037394523620605,True,639,None
K?`an`lnDsZO,4.76837158203125e-07,3.6450068950653076,True,1101,None
K?`an`lfds^?,2.384185791015625e-07,0.7193338871002197,True,492,None
K?`an`\\mds\\_,2.384185791015625e-07,1.9731578826904297,True,839,None
K?`an_|mes\\_,2.384185791015625e-07,1.3028948307037354,True,585,None
K?`an_|ffS^?,2.384185791015625e-07,1.8090574741363525,True,759,None
K?`anR[}DkFW,2.384185791015625e-07,1.7874727249145508,True,772,None
K?`anQ{ffcNG,4.76837158203125e-07,0.6650967597961426,True,458,None
K?`anRp^DsRo,2.384185791015625e-07,0.5299746990203857,True,402,None
K?`anRpVdsV_,2.384185791015625e-07,2.4503936767578125,True,856,None
K?`anQxnEkNO,4.76837158203125e-07,13.029266119003296,True,1387,None
K?`anQtvBsVO,2.384185791015625e-07,10.6828453540802,True,1460,None
K?`anPt}C{VO,4.76837158203125e-07,4.588863372802734,True,1205,None
K?`alrsrbsVG,2.384185791015625e-07,0.16573762893676758,True,124,None
K?`alrsjeqNO,4.76837158203125e-07,33.885252952575684,True,1745,None
K?`alrsVfSVG,2.384185791015625e-07,2.0270724296569824,True,745,None
K?`alrsNfSZG,4.76837158203125e-07,1.696030855178833,True,673,None
K?`alrsNfQZO,2.384185791015625e-07,8.270987510681152,True,1241,None
K?`alrenEqNO,2.384185791015625e-07,0.7908585071563721,True,436,None
K?`alre^DqZO,2.384185791015625e-07,6.403259038925171,True,1152,None
K?`alreVfoVG,2.384185791015625e-07,6.244223356246948,True,1155,None
K?`alpuzDqZO,2.384185791015625e-07,3.3820955753326416,True,946,None
K?`alpuvFSVG,2.384185791015625e-07,3.6031312942504883,True,952,None
K?`alrM\\foVG,2.384185791015625e-07,1.3441290855407715,True,616,None
K?`anIxvDsNO,2.384185791015625e-07,2.0168392658233643,True,861,None
K?`anI\\]ds^?,4.76837158203125e-07,0.012523889541625977,True,8,None
K?`anIZ]dw^?,4.76837158203125e-07,0.10860896110534668,True,105,None
K?`anHZnDs^?,2.384185791015625e-07,2.7607762813568115,True,985,None
K?`anGzvDs^?,2.384185791015625e-07,1.817988634109497,True,776,None
K?`amiymfQN_,7.152557373046875e-07,2.3336076736450195,True,906,None
K?`amhjnDs^?,2.384185791015625e-07,32.23136830329895,True,1866,None
K?`amgzmfo\\_,4.76837158203125e-07,0.3734626770019531,True,298,None
K?`alh{qts^?,2.384185791015625e-07,2.1698737144470215,True,800,None
K?`alim]eq^?,2.384185791015625e-07,0.08928346633911133,True,78,None
K?`alim]VoZO,2.384185791015625e-07,0.30476951599121094,True,274,None
K?`ali]]fQ^?,2.384185791015625e-07,3.380350351333618,True,1065,None
K?`alh]yTs^?,2.384185791015625e-07,0.93609619140625,True,540,None
K?`alg|yfoZO,2.384185791015625e-07,2.9333112239837646,True,950,None
K?`algzzFoZO,2.384185791015625e-07,0.16289639472961426,True,148,None
K?`algzrfo^?,2.384185791015625e-07,6.996262311935425,True,1358,None
K?`ajj[}DsTW,2.384185791015625e-07,7.407182455062866,True,1401,None
K?`ajiyudq\\_,2.384185791015625e-07,4.77626895904541,True,1127,None
K?`ajiymew\\G,2.384185791015625e-07,2.7855358123779297,True,927,None
K?`ajiymeq\\_,2.384185791015625e-07,4.562209129333496,True,1087,None
K?`ajilmfoZO,2.384185791015625e-07,6.067248582839966,True,1213,None
K?`ajijnFoZO,4.76837158203125e-07,19.615614414215088,True,1646,None
K?`ajiZydw^?,2.384185791015625e-07,0.2154693603515625,True,175,None
K?`ajiZmfo\\_,2.384185791015625e-07,2.4750547409057617,True,902,None
K?`ajiNmfo^?,2.384185791015625e-07,1.8207571506500244,True,799,None
K?`alZsmRsZO,4.76837158203125e-07,3.3778491020202637,True,988,None
K?`alZs]TsZO,4.76837158203125e-07,3.5825083255767822,True,1092,None
K?`alYu]foZG,4.76837158203125e-07,0.621185302734375,True,433,None
K?`alY\\{bs^?,4.76837158203125e-07,1.672579050064087,True,687,None
K?`alYrvFoNO,2.384185791015625e-07,1.783820629119873,True,781,None
K?`alYr^FoZO,2.384185791015625e-07,1.817380428314209,True,828,None
K?`akzs]fSVG,4.76837158203125e-07,0.7179088592529297,True,454,None
K?`akzs]VSVO,2.384185791015625e-07,12.268855094909668,True,1430,None
K?`akzqmfQN_,4.76837158203125e-07,0.3735623359680176,True,320,None
K?`akzq]dq\\_,7.152557373046875e-07,51.822746992111206,True,1884,None
K?`akze]foVG,2.384185791015625e-07,8.804171323776245,True,1383,None
K?`akyu]fo\\G,7.152557373046875e-07,1.036768913269043,True,464,None
K?`akyr^FS^?,2.384185791015625e-07,1.8385632038116455,True,758,None
K?`amL{}DqVO,2.384185791015625e-07,0.6101789474487305,True,412,None
K?`alL{uTs^?,4.76837158203125e-07,0.3262205123901367,True,311,None
K?`alK}uVo^?,4.76837158203125e-07,2.5929794311523438,True,902,None
K?`alMZ^Fo^?,4.76837158203125e-07,17.490865230560303,True,1604,None
K?`ahnM}FoVG,2.384185791015625e-07,9.138647079467773,True,1350,None
K?`c^bsfbsNG,2.384185791015625e-07,1.116999626159668,True,554,None
K?`c^b[mbsMg,2.384185791015625e-07,0.13880085945129395,True,115,None
K?`c^`{\\eqVO,2.384185791015625e-07,0.31218934059143066,True,280,None
K?`c^bYmbwMg,4.76837158203125e-07,1.626852035522461,True,740,None
K?`c^bUNfoNG,2.384185791015625e-07,2.6359779834747314,True,944,None
K?`c^a]\\bq^?,2.384185791015625e-07,11.601208686828613,True,1458,None
K?`c^bpv@{NO,4.76837158203125e-07,4.299126386642456,True,1113,None
K?`c^bpfbsN_,2.384185791015625e-07,4.337435007095337,True,1141,None
K?`c^`x|A{VO,4.76837158203125e-07,51.60523223876953,True,1808,None
K?`c]q{}BkMW,4.76837158203125e-07,3.2014079093933105,True,957,None
K?`c]q{|BsMW,2.384185791015625e-07,2.612638473510742,True,947,None
K?`c]rq{`yN_,2.384185791015625e-07,1.1595382690429688,True,588,None
K?`c]rpnBkNO,2.384185791015625e-07,20.066461086273193,True,1543,None
K?`c]rp{bwFo,2.384185791015625e-07,2.054231882095337,True,873,None
K?`c]rplbwNO,2.384185791015625e-07,2.1395623683929443,True,843,None
K?`c]h{mRs]O,2.384185791015625e-07,0.4782838821411133,True,374,None
K?`c]h{[voVO,4.76837158203125e-07,5.541525363922119,True,1147,None
K?`c]h{Mvo]O,2.384185791015625e-07,0.187117338180542,True,160,None
K?`c]g}]fa^?,2.384185791015625e-07,0.3463289737701416,True,316,None
K?`c]g|}FcNO,2.384185791015625e-07,2.3492305278778076,True,864,None
K?`c[zw}BkMW,4.76837158203125e-07,2.468118906021118,True,961,None
K?`c[vp|BsN_,2.384185791015625e-07,0.4180138111114502,True,349,None
K?`ferof`xLg,4.76837158203125e-07,4.452970266342163,True,1113,None
K?`fergf`xMg,2.384185791015625e-07,2.008989095687866,True,835,None
K?`fergfH{Mg,2.384185791015625e-07,2.011554002761841,True,813,None
K?`ferSmHyLo,2.384185791015625e-07,6.203473091125488,True,1292,None
K?`ferK]PxUo,2.384185791015625e-07,4.644460201263428,True,1157,None
K?`ferKmJiFo,2.384185791015625e-07,0.5203917026519775,True,376,None
K?`fbrK{`xRg,2.384185791015625e-07,6.218008995056152,True,1200,None
K?`euro\\`ZV_,2.384185791015625e-07,1.2515506744384766,True,603,None
K?`euroj`xMg,4.76837158203125e-07,2.527163505554199,True,945,None
K?`euroZ`xUg,2.384185791015625e-07,0.33777666091918945,True,280,None
K?`eurojJkFg,2.384185791015625e-07,0.12021970748901367,True,111,None
K?`eurglH{Mg,2.384185791015625e-07,5.3521833419799805,True,1167,None
K?`etror`yMc,2.384185791015625e-07,2.800412893295288,True,879,None
K?`fJroVdwRK,2.384185791015625e-07,1.4962856769561768,True,630,None
K?`fKzWmbbN_,2.384185791015625e-07,0.44808316230773926,True,342,None
K?`fKzWmJiNO,2.384185791015625e-07,1.5859935283660889,True,678,None
K?`fKxwtbqVC,2.384185791015625e-07,0.06757140159606934,True,55,None
K?`fKxwtbpVG,2.384185791015625e-07,2.844017267227173,True,950,None
K?`fKxwfVcNC,2.384185791015625e-07,3.0939595699310303,True,951,None
K?`enbgVPxVO,7.152557373046875e-07,5.022361755371094,True,1203,None
K?`emrgl`xNG,2.384185791015625e-07,2.9879262447357178,True,879,None
K?`emrg]ThFo,4.76837158203125e-07,2.4374969005584717,True,925,None
K?`elrgt`xNG,2.384185791015625e-07,1.5102496147155762,True,618,None
K?`elrgtPxNO,2.384185791015625e-07,0.050321340560913086,True,46,None
K?`elrWyH{Mg,2.384185791015625e-07,3.6882498264312744,True,1012,None
K?`elrWlJUN_,4.76837158203125e-07,4.208292245864868,True,1176,None
K?`ejrojbwRK,2.384185791015625e-07,1.5611402988433838,True,708,None
K?`ejroVdRV_,2.384185791015625e-07,2.1346254348754883,True,817,None
K?`ejroZTsRc,4.76837158203125e-07,0.19168329238891602,True,175,None
K?`ejrg]cxUg,2.384185791015625e-07,1.4836337566375732,True,655,None
K?`ejrW]T[Uc,4.76837158203125e-07,12.471614360809326,True,1506,None
K?`enIwVTsNC,2.384185791015625e-07,0.5626308917999268,True,422,None
K?`enIwVRsVC,2.384185791015625e-07,1.4538960456848145,True,655,None
K?`enHwfRsVC,2.384185791015625e-07,0.4123420715332031,True,316,None
K?`elhwrbpVG,2.384185791015625e-07,0.5359048843383789,True,426,None
K?`emYwmRpMo,2.384185791015625e-07,1.7904446125030518,True,691,None
K?`elZoVdpNG,2.384185791015625e-07,1.667266607284546,True,753,None
K?`elZoVbpVG,2.384185791015625e-07,2.190286636352539,True,790,None
K?`elZW{bpFg,2.384185791015625e-07,3.8070638179779053,True,1092,None
K?`elZWmJqMo,2.384185791015625e-07,1.7219188213348389,True,764,None
K?`elYwuRpMo,2.384185791015625e-07,2.1704699993133545,True,823,None
K?`elYw{JsJg,2.384185791015625e-07,0.9151039123535156,True,546,None
K?`elXwfVcNC,4.76837158203125e-07,1.105179786682129,True,602,None
K?`elXwfRs]C,2.384185791015625e-07,0.5146236419677734,True,355,None
K?`ejYwlepNG,4.76837158203125e-07,4.2685935497283936,True,1014,None
K?`ejYwNfoYK,4.76837158203125e-07,5.524141073226929,True,1183,None
K?`ejYwtRsVC,2.384185791015625e-07,2.6474244594573975,True,925,None
K?`ejYwVVcVC,2.384185791015625e-07,11.21634578704834,True,1334,None
K?`ejYwNV`ZO,4.76837158203125e-07,13.318679809570312,True,1379,None
K?`ejXw{KyVO,2.384185791015625e-07,0.18796133995056152,True,159,None
K?`ekzoZbqVC,4.76837158203125e-07,1.7992026805877686,True,794,None
K?`ekzoZRsVC,2.384185791015625e-07,2.2457125186920166,True,844,None
K?`ekzg{bpFg,2.384185791015625e-07,6.224476337432861,True,1213,None
K?`ekzgmJqMo,4.76837158203125e-07,6.610327243804932,True,1338,None
K?`ekzgmJiNO,2.384185791015625e-07,1.4161269664764404,True,574,None
K?`ekywybpMg,2.384185791015625e-07,0.029764652252197266,True,22,None
K?`ekywybbN_,4.76837158203125e-07,2.9139294624328613,True,950,None
K?`ekyw{RpLo,2.384185791015625e-07,1.3276057243347168,True,672,None
K?`ehzoVTs\\C,2.384185791015625e-07,5.634432077407837,True,1211,None
K?`bmqw\\fWRK,2.384185791015625e-07,17.543219327926636,True,1412,None
K?`bmiwrbqVC,2.384185791015625e-07,11.829885721206665,True,1338,None
K?`bmiwNfPZG,4.76837158203125e-07,1.5047123432159424,True,661,None
K?`bmiwrTsNC,2.384185791015625e-07,0.15165019035339355,True,122,None
K?`bmiwZUsVC,4.76837158203125e-07,1.2587850093841553,True,509,None
K?`bmiwZTsZC,2.384185791015625e-07,4.4731433391571045,True,1120,None
K?`bmiwVVSVC,4.76837158203125e-07,2.1036183834075928,True,762,None
K?`bmhwrdqVC,2.384185791015625e-07,4.918442726135254,True,1062,None
K?`bjjWjdqZC,4.76837158203125e-07,0.36281824111938477,True,301,None
K?`bjjWfdp\\G,7.152557373046875e-07,4.5048699378967285,True,1048,None
K?`bmZo]KyVO,2.384185791015625e-07,1.8872177600860596,True,755,None
K?`bkzoVfPVG,2.384185791015625e-07,2.572213888168335,True,924,None
K?`bkzWmNQMo,2.384185791015625e-07,4.464608907699585,True,1069,None
K?`e\\rWnBbMo,7.152557373046875e-07,1.5213372707366943,True,710,None
K?`e\\rW{P{Mc,7.152557373046875e-07,4.859753608703613,True,1092,None
K?`e\\qw}BiIs,2.384185791015625e-07,1.7345855236053467,True,772,None
K?`c~bofbqLc,2.384185791015625e-07,0.829157829284668,True,540,None
K?`c~bofbRN_,2.384185791015625e-07,4.366074323654175,True,1115,None
K?`c~bg{axFg,4.76837158203125e-07,2.5373809337615967,True,898,None
K?`c~bg{QxFo,2.384185791015625e-07,1.2254524230957031,True,635,None
K?`c}rojbqMc,4.76837158203125e-07,4.618052005767822,True,1225,None
K?`c}romR[Mc,2.384185791015625e-07,1.6663463115692139,True,705,None
K?`c}royJkFg,4.76837158203125e-07,0.21122431755065918,True,181,None
K?`c}rg}BiEs,2.384185791015625e-07,5.740538835525513,True,1220,None
K?`c}Zo{H{NG,2.384185791015625e-07,2.7228915691375732,True,952,None
K?`c}Yw{bhNG,2.384185791015625e-07,3.107083797454834,True,1019,None
K?`c{zoybbN_,7.152557373046875e-07,1.6457703113555908,True,727,None
K?aJFdytbwV_,2.384185791015625e-07,3.696194887161255,True,1007,None
K?aJEtumfgN_,4.76837158203125e-07,9.006362199783325,True,1381,None
K?aJfbqZayV_,2.384185791015625e-07,0.6752634048461914,True,480,None
K?aJfbi|A{Fg,2.384185791015625e-07,0.4300260543823242,True,371,None
K?aJfbitbwFg,2.384185791015625e-07,1.7083358764648438,True,728,None
K?aJfbi\\ayV_,2.384185791015625e-07,0.34833216667175293,True,302,None
K?aJfbifbiN_,2.384185791015625e-07,3.4936716556549072,True,1020,None
K?aJf`yZeiV_,2.384185791015625e-07,0.6142971515655518,True,443,None
K?aJfbpr`{N_,2.384185791015625e-07,0.5689458847045898,True,410,None
K?aJfbpZa{V_,2.384185791015625e-07,1.6150505542755127,True,706,None
K?aJfbht`{N_,2.384185791015625e-07,3.2965071201324463,True,1057,None
K?aJfbhfbkN_,2.384185791015625e-07,1.9467296600341797,True,778,None
K?aJf`xxa{V_,2.384185791015625e-07,1.5654373168945312,True,711,None
K?aJf`x\\e[V_,2.384185791015625e-07,0.054465293884277344,True,45,None
K?aJfbL{`{N_,2.384185791015625e-07,0.9704978466033936,True,485,None
K?aJfbLmbkN_,2.384185791015625e-07,0.24677181243896484,True,243,None
K?aJfbJ|@{N_,4.76837158203125e-07,0.11534547805786133,True,106,None
K?aJfPu{ayV_,4.76837158203125e-07,12.4015474319458,True,1295,None
K?aJfQ]}BiMo,2.384185791015625e-07,1.1886405944824219,True,580,None
K?aJfRT{`{N_,2.384185791015625e-07,1.2995285987854004,True,638,None
K?aJfRTmbkN_,2.384185791015625e-07,1.760404109954834,True,695,None
K?aJfDytRwV_,4.76837158203125e-07,3.8040988445281982,True,1057,None
K?aJfFpVbwV_,2.384185791015625e-07,3.0377461910247803,True,944,None
K?aJfDxtbwV_,2.384185791015625e-07,1.4145584106445312,True,642,None
K?aJfDxfbw]_,4.76837158203125e-07,7.779618740081787,True,1393,None
K?aJfDZ|BwV_,2.384185791015625e-07,5.473243713378906,True,1133,None
K?aJfC^}Bw]_,2.384185791015625e-07,4.828645706176758,True,1168,None
K?aJbfitRwV_,4.76837158203125e-07,3.6049797534942627,True,1021,None
K?aJbfb^EwV_,4.76837158203125e-07,1.6869254112243652,True,687,None
K?aJbdrzEwV_,2.384185791015625e-07,4.779017925262451,True,896,None
K?aJbfJ|BwV_,2.384185791015625e-07,1.026902437210083,True,483,None
K?aJbeN}FgN_,2.384185791015625e-07,7.6313629150390625,True,1236,None
K?aJeUx|BkN_,4.76837158203125e-07,1.8483741283416748,True,771,None
K?aJc^w}BkMg,4.76837158203125e-07,4.653071165084839,True,1038,None
K?aJc^q}BwMg,4.76837158203125e-07,2.4211089611053467,True,869,None
K?aNfPsfbqMc,2.384185791015625e-07,3.3594822883605957,True,990,None
K?aNeXwnBiMS,4.76837158203125e-07,15.323460817337036,True,1369,None
K?aNeXwmRkMc,2.384185791015625e-07,10.270402431488037,True,1283,None
K?aNeXwlRkNC,2.384185791015625e-07,20.242034196853638,True,1595,None
K?aNUpsmbhMg,2.384185791015625e-07,0.30053019523620605,True,265,None
K?aNUhw{RhFo,4.76837158203125e-07,1.4323863983154297,True,697,None
K?aNUhwlRwMS,2.384185791015625e-07,0.5929582118988037,True,383,None
K?bfBb[^CuFW,2.384185791015625e-07,1.6861286163330078,True,774,None
K?bfBbXVP{VO,2.384185791015625e-07,2.1974849700927734,True,861,None
K?bfArwl`yJW,2.384185791015625e-07,2.776616096496582,True,933,None
K?bfArw\\PuRo,4.76837158203125e-07,0.2790067195892334,True,227,None
K?bfArwfPuMo,4.76837158203125e-07,4.846720218658447,True,1229,None
K?bfArsUpyVO,2.384185791015625e-07,3.9466776847839355,True,1075,None
K?bfAq{tPuNO,2.384185791015625e-07,2.356426239013672,True,919,None
K?bfAp{fdqMW,2.384185791015625e-07,1.7837543487548828,True,800,None
K?bfAqufbqNG,2.384185791015625e-07,1.9842467308044434,True,819,None
K?bfAo}nBeZG,4.76837158203125e-07,27.75414729118347,True,1732,None
K?bfAo}^DeZG,4.76837158203125e-07,1.8447983264923096,True,808,None
K?bfAo}NVcZG,2.384185791015625e-07,4.903287649154663,True,1127,None
K?bfArpfbwFW,2.384185791015625e-07,24.559369564056396,True,1616,None
K?bfAqxnAuMo,2.384185791015625e-07,3.891124725341797,True,1092,None
K?bfAqxfbqMo,2.384185791015625e-07,4.948128938674927,True,1056,None
K?bfAqx{Q{Fo,2.384185791015625e-07,2.795015335083008,True,951,None
K?bfAqxtP{NO,4.76837158203125e-07,2.894836664199829,True,982,None
K?bfApx{S{Fo,2.384185791015625e-07,0.671436071395874,True,442,None
K?bfArTm`{NG,4.76837158203125e-07,0.5775585174560547,True,413,None
K?bfArTNRsVO,2.384185791015625e-07,2.7741332054138184,True,969,None
K?bfAqtVTsNO,2.384185791015625e-07,2.177499771118164,True,857,None
K?bfAptVdqVO,2.384185791015625e-07,0.315767765045166,True,284,None
K?bfAq\\mbqMo,4.76837158203125e-07,1.812840461730957,True,778,None
K?bfAq\\{RsFo,2.384185791015625e-07,1.964052677154541,True,770,None
K?bfAq\\\\TsNO,4.76837158203125e-07,1.5346457958221436,True,696,None
K?bfAp\\{P{VO,2.384185791015625e-07,7.076902389526367,True,1327,None
K?bfAo|lbsZG,2.384185791015625e-07,10.262778997421265,True,1331,None
K?bfAo|]TsYo,2.384185791015625e-07,0.13082647323608398,True,107,None
K?bfAovNUs^?,2.384185791015625e-07,0.5113208293914795,True,407,None
K?bfAo^|BqVO,4.76837158203125e-07,6.402868747711182,True,1285,None
K?bfAo^{RwVO,2.384185791015625e-07,13.232754707336426,True,1391,None
K?bfAzon@uJS,2.384185791015625e-07,1.719905138015747,True,772,None
K?bfAzof`uNC,2.384185791015625e-07,0.1951465606689453,True,176,None
K?bebbw^?}TW,4.76837158203125e-07,0.3419466018676758,True,303,None
K?bebbwZ`uRg,2.384185791015625e-07,2.75209379196167,True,990,None
K?beb`{vDUFW,2.384185791015625e-07,2.3061208724975586,True,882,None
K?bebbMmRqFo,2.384185791015625e-07,1.3979392051696777,True,650,None
K?beb_}NfQZG,2.384185791015625e-07,0.2736341953277588,True,248,None
K?beb_}VVSVG,4.76837158203125e-07,2.6344852447509766,True,940,None
K?beb_}VTU^?,2.384185791015625e-07,3.7717275619506836,True,1034,None
K?bebbhVTsFo,2.384185791015625e-07,2.2311313152313232,True,872,None
K?bebbhUtwFo,2.384185791015625e-07,17.82601308822632,True,1663,None
K?bebaxjayNO,4.76837158203125e-07,0.007066965103149414,True,6,None
K?bebbLmRsFo,2.384185791015625e-07,3.530069351196289,True,1029,None
K?bebalVTsNO,4.76837158203125e-07,1.611483097076416,True,641,None
K?beba\\mbsLg,4.76837158203125e-07,21.82259726524353,True,1695,None
K?beba\\mbUN_,2.384185791015625e-07,6.045849800109863,True,1338,None
K?beba\\mR[NO,2.384185791015625e-07,2.354625701904297,True,868,None
K?beb`\\mTsLo,2.384185791015625e-07,1.9485900402069092,True,760,None
K?bebaNNbq^?,2.384185791015625e-07,1.987790584564209,True,878,None
K?beb_nnBqZO,2.384185791015625e-07,1.0444049835205078,True,516,None
K?beb_n^FoRW,2.384185791015625e-07,7.234833478927612,True,1355,None
K?beb_n^EqVO,4.76837158203125e-07,0.8808166980743408,True,522,None
K?beb_n]ewVG,4.76837158203125e-07,0.058423757553100586,True,53,None
K?beb_nVdq^?,2.384185791015625e-07,0.19725680351257324,True,200,None
K?beb_nNeq^?,2.384185791015625e-07,1.7312054634094238,True,833,None
K?bebRw]P{Qw,2.384185791015625e-07,3.036240339279175,True,966,None
K?bebRwlRsBw,2.384185791015625e-07,1.722074270248413,True,796,None
K?bebRwlQ{FW,2.384185791015625e-07,0.010878801345825195,True,10,None
K?bebRwVTeFo,4.76837158203125e-07,3.524096727371216,True,1085,None
K?bebRw[s{Fg,2.384185791015625e-07,5.835522413253784,True,1170,None
K?bebRw[p{Rg,2.384185791015625e-07,7.716118812561035,True,1298,None
K?bebRwUtiFo,4.76837158203125e-07,7.758618593215942,True,1281,None
K?bebRqV`yVG,2.384185791015625e-07,2.399569034576416,True,815,None
K?bebRqUpyV_,2.384185791015625e-07,0.5664002895355225,True,408,None
K?bebQynAyMW,2.384185791015625e-07,3.093672037124634,True,1030,None
K?bebQykqyN_,2.384185791015625e-07,0.317812442779541,True,284,None
K?bebPy^CmVG,4.76837158203125e-07,17.86520552635193,True,1594,None
K?bebPy]TiRo,2.384185791015625e-07,2.2981038093566895,True,926,None
K?bebPyTtqV_,2.384185791015625e-07,1.6804299354553223,True,751,None
K?bebRU]PuV_,4.76837158203125e-07,0.21088290214538574,True,185,None
K?bebQuUvoFg,4.76837158203125e-07,1.2770137786865234,True,602,None
K?bebO}vBqUW,2.384185791015625e-07,1.8428051471710205,True,807,None
K?bebRpUtwFo,4.76837158203125e-07,1.5617713928222656,True,697,None
K?bebRXlRsFo,4.76837158203125e-07,7.598797559738159,True,1315,None
K?bebQx}?}Mo,2.384185791015625e-07,9.143896341323853,True,1400,None
K?bebQxmayMo,2.384185791015625e-07,1.3690001964569092,True,662,None
K?bebQxmQ{Mo,2.384185791015625e-07,51.70944619178772,True,1755,None
K?bebQxlRsJo,2.384185791015625e-07,5.812175989151001,True,1191,None
K?bebQxNUsMo,2.384185791015625e-07,2.068883180618286,True,859,None
K?bebQxLuwNO,2.384185791015625e-07,3.2058122158050537,True,1000,None
K?bebQxFvgNO,2.384185791015625e-07,0.30570340156555176,True,269,None
K?bebPxmUkFo,2.384185791015625e-07,0.0840294361114502,True,60,None
K?bebPxlQ{VO,2.384185791015625e-07,6.864828824996948,True,1280,None
K?bebPxfTsMo,4.76837158203125e-07,1.8859961032867432,True,820,None
K?bebPxetwMo,4.76837158203125e-07,0.18195462226867676,True,166,None
K?bebQtVRsVO,2.384185791015625e-07,1.4612112045288086,True,681,None
K?bebQ\\|@uNO,2.384185791015625e-07,2.0084750652313232,True,823,None
K?bebQ\\lbsNG,2.384185791015625e-07,10.619816303253174,True,1383,None
K?bebQ\\{RsFo,2.384185791015625e-07,3.045365810394287,True,946,None
K?bebP\\nFcFW,4.76837158203125e-07,0.07308840751647949,True,59,None
K?bebO|vDsMW,2.384185791015625e-07,2.716132640838623,True,908,None
K?bebO|nBeZO,2.384185791015625e-07,0.03233623504638672,True,20,None
K?bebO|\\TsZO,2.384185791015625e-07,4.977930545806885,True,1147,None
K?bebQrnAyNO,2.384185791015625e-07,0.2423083782196045,True,205,None
K?bebQrNRwZO,2.384185791015625e-07,0.5638818740844727,True,413,None
K?bebPr^CyVO,2.384185791015625e-07,3.4886221885681152,True,992,None
K?bebQZ{`yN_,2.384185791015625e-07,1.3751418590545654,True,667,None
K?bebQZmbiN_,2.384185791015625e-07,0.1430959701538086,True,121,None
K?bebQZmRwMo,2.384185791015625e-07,5.089747905731201,True,1130,None
K?bebQZlRsN_,2.384185791015625e-07,1.660832166671753,True,724,None
K?bebPZmfgFg,2.384185791015625e-07,3.675252676010132,True,1063,None
K?bebPZ\\TsV_,2.384185791015625e-07,1.4708828926086426,True,621,None
K?bebOzlfoJg,2.384185791015625e-07,3.5162863731384277,True,1003,None
K?bebOzlbqZ_,2.384185791015625e-07,2.9358749389648438,True,967,None
K?bebQV^FoFW,2.384185791015625e-07,3.3347055912017822,True,1075,None
K?bebOvmbqZ_,2.384185791015625e-07,2.141602039337158,True,841,None
K?bebOvVTs^?,2.384185791015625e-07,3.718852996826172,True,1138,None
K?be`rw}@]Iw,2.384185791015625e-07,0.6285665035247803,True,459,None
K?be`rwv@]MW,2.384185791015625e-07,1.8938636779785156,True,775,None
K?be`rwlbYJW,2.384185791015625e-07,5.795601844787598,True,1235,None
K?be`rwtRUFo,2.384185791015625e-07,9.66628122329712,True,1291,None
K?be`rsjauNG,2.384185791015625e-07,4.265564203262329,True,1128,None
K?be`rsfRUNO,2.384185791015625e-07,0.3529500961303711,True,288,None
K?be`rsNRUZO,2.384185791015625e-07,1.8010168075561523,True,741,None
K?be`rsNQu\\O,2.384185791015625e-07,2.092027425765991,True,844,None
K?be`rsbrsNG,2.384185791015625e-07,0.5441548824310303,True,421,None
K?be`rsFvoLW,2.384185791015625e-07,6.9244065284729,True,1357,None
K?be`r[lRUNO,4.76837158203125e-07,0.34923887252807617,True,296,None
K?be`r[hrsNG,4.76837158203125e-07,0.3831479549407959,True,324,None
K?be`q{wqyNO,4.76837158203125e-07,3.4681851863861084,True,1024,None
K?be`p{vDUMW,2.384185791015625e-07,1.7097837924957275,True,736,None
K?be`p{nEUMW,2.384185791015625e-07,0.6040949821472168,True,446,None
K?be`p{rbeVG,0.0,3.0911295413970947,True,983,None
K?be`p{VfEVG,2.384185791015625e-07,2.183842182159424,True,905,None
K?be`p{Vde\\G,2.384185791015625e-07,1.800806999206543,True,837,None
K?be`p{fVSMW,2.384185791015625e-07,1.8053295612335205,True,818,None
K?be`refRqNO,2.384185791015625e-07,2.356231689453125,True,927,None
K?be`reVPu^?,2.384185791015625e-07,5.179916858673096,True,1091,None
K?be`reNUqNO,2.384185791015625e-07,8.227939367294312,True,1254,None
K?be`reNRqZO,2.384185791015625e-07,3.935380697250366,True,1008,None
K?be`rMlRqNO,2.384185791015625e-07,1.635939359664917,True,713,None
K?be`rMLrq^?,2.384185791015625e-07,0.40055131912231445,True,333,None
K?be`pm^EeVG,4.76837158203125e-07,5.189913749694824,True,1158,None
K?be`pmubiVG,4.76837158203125e-07,2.00003981590271,True,833,None
K?be`pmtbqVG,2.384185791015625e-07,4.008848667144775,True,998,None
K?be`pmleqNG,2.384185791015625e-07,1.1283791065216064,True,512,None
K?be`pmlRqZO,2.384185791015625e-07,5.19831395149231,True,1151,None
K?be`pmNUq]O,2.384185791015625e-07,3.967244863510132,True,1010,None
K?be`rprbqFo,2.384185791015625e-07,4.185478687286377,True,1133,None
K?be`rpNR[ZO,2.384185791015625e-07,0.8014883995056152,True,433,None
K?be`rpNQ{\\O,2.384185791015625e-07,0.12117314338684082,True,118,None
K?be`rpJrwZO,4.76837158203125e-07,0.17498087882995605,True,172,None
K?be`rh}?}Mo,2.384185791015625e-07,0.23985671997070312,True,266,None
K?be`rhfbiNO,2.384185791015625e-07,0.00882863998413086,True,8,None
K?be`rh]S{Mo,2.384185791015625e-07,0.6410341262817383,True,463,None
K?be`rhlRsJo,4.76837158203125e-07,2.056204080581665,True,861,None
K?be`rhLuwNO,2.384185791015625e-07,2.8070499897003174,True,956,None
K?be`rhLrwZO,2.384185791015625e-07,8.391146183013916,True,1322,None
K?be`rhFvgNO,2.384185791015625e-07,2.3038017749786377,True,884,None
K?be`qx}A]Mo,2.384185791015625e-07,1.146122694015503,True,565,None
K?be`pxmU[Mo,4.76837158203125e-07,1.6848821640014648,True,706,None
K?be`px]VKRo,2.384185791015625e-07,1.6489160060882568,True,733,None
K?be`pxjUsMo,4.76837158203125e-07,2.6952905654907227,True,964,None
K?be`pxVVcTo,2.384185791015625e-07,0.9694151878356934,True,503,None
K?be`pxVVSUo,2.384185791015625e-07,1.8665318489074707,True,806,None
K?be`pxLuw\\O,7.152557373046875e-07,1.1798267364501953,True,534,None
K?be`pxbvoMo,2.384185791015625e-07,4.095926523208618,True,1115,None
K?be`rdVdsNG,4.76837158203125e-07,3.9284236431121826,True,1092,None
K?be`rdUvoFo,2.384185791015625e-07,1.4648792743682861,True,576,None
K?be`rdMrwZO,4.76837158203125e-07,9.599481344223022,True,1336,None
K?be`rTnBUNO,7.152557373046875e-07,3.4180243015289307,True,1047,None
K?be`rTjbqNO,2.384185791015625e-07,0.9832303524017334,True,476,None
K?be`rTMrs\\_,0.0,0.36879730224609375,True,319,None
K?be`qtVVSNO,0.0,4.541878700256348,True,1134,None
K?be`ptZfoRW,2.384185791015625e-07,1.1407902240753174,True,546,None
K?be`ptVds\\G,2.384185791015625e-07,4.90247654914856,True,1174,None
K?be`ptVdU^?,2.384185791015625e-07,0.4999208450317383,True,398,None
K?be`ptNeq\\O,2.384185791015625e-07,5.378077983856201,True,1210,None
K?be`ptNeU^?,2.384185791015625e-07,1.164024829864502,True,580,None
K?be`pters\\_,2.384185791015625e-07,1.215278148651123,True,580,None
K?be`ptMuw\\O,2.384185791015625e-07,10.916537761688232,True,1447,None
K?be`ptMu[^?,2.384185791015625e-07,0.37660908699035645,True,323,None
K?be`rL}@uMo,2.384185791015625e-07,0.45813798904418945,True,387,None
K?be`rLmRsMo,2.384185791015625e-07,3.6993002891540527,True,1106,None
K?be`ql}AuMo,4.76837158203125e-07,3.1956162452697754,True,1004,None
K?be`qlvBsMW,2.384185791015625e-07,12.946803331375122,True,1534,None
K?be`qltbqNO,2.384185791015625e-07,2.2985806465148926,True,862,None
K?be`pl|AuVO,2.384185791015625e-07,10.53506350517273,True,1368,None
K?be`pl|@uZO,2.384185791015625e-07,6.487651348114014,True,1194,None
K?be`pltbsVG,2.384185791015625e-07,9.40244460105896,True,1317,None
K?be`plt`u^?,2.384185791015625e-07,2.569134473800659,True,878,None
K?be`plleqNO,2.384185791015625e-07,1.6301045417785645,True,654,None
K?be`pllbqZO,2.384185791015625e-07,0.9690508842468262,True,474,None
K?be`plffaNO,2.384185791015625e-07,1.5296123027801514,True,631,None
K?be`plVds]G,4.76837158203125e-07,1.426508903503418,True,646,None
K?be`pl\\TsZO,2.384185791015625e-07,3.2372472286224365,True,905,None
K?be`plkrwZO,2.384185791015625e-07,33.56141901016235,True,1813,None
K?be`pl[s{^?,4.76837158203125e-07,0.2776679992675781,True,230,None
K?be`q\\}BUMo,2.384185791015625e-07,0.33955979347229004,True,306,None
K?be`q\\{bUN_,4.76837158203125e-07,2.0275204181671143,True,728,None
K?be`p\\lfoLW,4.76837158203125e-07,2.215437173843384,True,856,None
K?be`p\\krs\\_,4.76837158203125e-07,6.196349382400513,True,1343,None
K?be`p\\[t[^?,2.384185791015625e-07,2.940692901611328,True,999,None
K?be`p\\MvS]_,4.76837158203125e-07,0.20476412773132324,True,158,None
K?be`o|zBeZO,2.384185791015625e-07,0.2584517002105713,True,236,None
K?be`o|tbq\\O,2.384185791015625e-07,1.8727474212646484,True,753,None
K?be`o|rfaNO,2.384185791015625e-07,0.7779242992401123,True,507,None
K?be`o|\\VSZO,2.384185791015625e-07,1.9523065090179443,True,786,None
K?be`rF^BsVG,2.384185791015625e-07,2.986633062362671,True,1016,None
K?be`qf^BqZO,2.384185791015625e-07,1.0953826904296875,True,637,None
K?be`pfvDsNG,2.384185791015625e-07,4.9284398555755615,True,1141,None
K?be`pfvBsVG,2.384185791015625e-07,1.7487874031066895,True,628,None
K?be`pfnBqZO,2.384185791015625e-07,14.89224910736084,True,1488,None
K?be`pfubwVG,2.384185791015625e-07,1.3851585388183594,True,692,None
K?be`pNnFaNO,2.384185791015625e-07,1.7343182563781738,True,745,None
K?be`pNlbq^?,2.384185791015625e-07,15.265504360198975,True,1570,None
K?be`pN\\VoVO,2.384185791015625e-07,3.242523670196533,True,997,None
K?be`ontbq^?,2.384185791015625e-07,2.51412034034729,True,935,None
K?bef`wfPtLo,2.384185791015625e-07,0.17307448387145996,True,140,None
K?befPwmQlFo,2.384185791015625e-07,6.627418279647827,True,1226,None
K?befPwmO|Mo,2.384185791015625e-07,5.602372646331787,True,1204,None
K?befPwfRdFo,2.384185791015625e-07,2.465127944946289,True,885,None
K?befPwkq{Fc,2.384185791015625e-07,0.6354279518127441,True,485,None
K?befPwerhFo,2.384185791015625e-07,50.39368915557861,True,1747,None
K?befO{uPtMo,2.384185791015625e-07,2.525808572769165,True,885,None
K?befO{sp{NC,4.76837158203125e-07,1.8776142597198486,True,824,None
K?bedpwmQ\\Mo,2.384185791015625e-07,0.8718278408050537,True,448,None
K?bedpsRjsVG,2.384185791015625e-07,46.342771768569946,True,1796,None
K?bedpsFjq\\O,2.384185791015625e-07,1.681211233139038,True,699,None
K?bedpkNMeNO,4.76837158203125e-07,2.221850872039795,True,803,None
K?bedpkNJeZO,2.384185791015625e-07,12.922022342681885,True,1429,None
K?bedpk[i{VG,7.152557373046875e-07,0.0749201774597168,True,57,None
K?bedpkTjsVG,2.384185791015625e-07,5.7167346477508545,True,1159,None
K?bedpkFnaNO,2.384185791015625e-07,2.7793776988983154,True,924,None
K?bedp[jbeNC,4.76837158203125e-07,4.027338743209839,True,1001,None
K?bedp[mRTMo,2.384185791015625e-07,1.7492101192474365,True,770,None
K?bedp[[j[VG,4.76837158203125e-07,1.723496913909912,True,791,None
K?bedo{yQlNO,4.76837158203125e-07,2.274118661880493,True,868,None
K?bedo{uRdLo,2.384185791015625e-07,1.3909647464752197,True,610,None
K?bedo{uRTMo,2.384185791015625e-07,11.100039005279541,True,1418,None
K?bedo{srwLS,2.384185791015625e-07,0.8160097599029541,True,498,None
K?befGyNVoJS,2.384185791015625e-07,1.3244917392730713,True,552,None
K?beehw]HuTo,4.76837158203125e-07,0.27074217796325684,True,263,None
K?beehi]PxVO,2.384185791015625e-07,22.13514518737793,True,1630,None
K?beehiMnoFg,2.384185791015625e-07,11.328227996826172,True,1453,None
K?beegyjRsNC,2.384185791015625e-07,2.0390377044677734,True,845,None
K?beegyMjq\\_,2.384185791015625e-07,1.7369544506072998,True,780,None
K?bedhiUjwVG,4.76837158203125e-07,0.1613929271697998,True,130,None
K?bebjWZ`uVC,2.384185791015625e-07,0.13095474243164062,True,101,None
K?bebjWmH{LW,2.384185791015625e-07,1.4672796726226807,True,690,None
K?bebjWYhuV_,2.384185791015625e-07,1.107649803161621,True,518,None
K?bebhwrTsFS,2.384185791015625e-07,1.4507942199707031,True,577,None
K?bebhwjQtVO,7.152557373046875e-07,4.4863903522491455,True,992,None
K?bebhwfVSFS,2.384185791015625e-07,7.293954372406006,True,1242,None
K?bebhwYkyVO,4.76837158203125e-07,2.248055934906006,True,872,None
K?bebhwUl[VG,2.384185791015625e-07,1.535977840423584,True,698,None
K?beeXwmRdFo,2.384185791015625e-07,1.2636797428131104,True,588,None
K?beeXwmPtMo,2.384185791015625e-07,1.7759394645690918,True,794,None
K?beeXq]PtV_,2.384185791015625e-07,2.779646158218384,True,954,None
K?beeWy{P{NC,4.76837158203125e-07,1.19000244140625,True,548,None
K?beeWymRdN_,2.384185791015625e-07,3.730215072631836,True,1003,None
K?bebXw{TsBs,7.152557373046875e-07,1.1441140174865723,True,543,None
K?bebXwVTsUS,2.384185791015625e-07,2.5849456787109375,True,919,None
K?becxwirpMo,7.152557373046875e-07,2.549994707107544,True,920,None
K?becxqy`xNG,2.384185791015625e-07,6.807384967803955,True,1225,None
K?becxi|@uNC,2.384185791015625e-07,2.5222551822662354,True,906,None
K?becxinBsMK,2.384185791015625e-07,2.191100597381592,True,834,None
K?becxinBeNC,2.384185791015625e-07,2.320803642272949,True,900,None
K?becxi{RpFo,2.384185791015625e-07,1.6262471675872803,True,740,None
K?becxilRsNC,2.384185791015625e-07,1.181164264678955,True,647,None
K?becwy{bYNC,2.384185791015625e-07,1.8045740127563477,True,811,None
K?becwy{bRN_,2.384185791015625e-07,1.7573068141937256,True,757,None
K?becwyyRdN_,7.152557373046875e-07,2.0078113079071045,True,773,None
K?becwyxRsNC,4.76837158203125e-07,4.950993776321411,True,1160,None
K?becwy[jq\\_,2.384185791015625e-07,4.206240653991699,True,1042,None
K?beazoZ`uVC,7.152557373046875e-07,3.096021890640259,True,1043,None
K?beazoYhuV_,2.384185791015625e-07,0.21904969215393066,True,190,None
K?beaxwx`uVC,2.384185791015625e-07,1.1962499618530273,True,562,None
K?beaxwx`rVO,2.384185791015625e-07,11.114658117294312,True,1387,None
K?beaxw]LeTo,2.384185791015625e-07,9.07151198387146,True,1324,None
K?beaxw[lUV_,2.384185791015625e-07,2.3233349323272705,True,835,None
K?be`zorbpFW,2.384185791015625e-07,65.72065711021423,True,1795,None
K?be`zoZPtZO,2.384185791015625e-07,4.35986852645874,True,1067,None
K?be`zoNQt\\O,4.76837158203125e-07,20.190863847732544,True,1517,None
K?be`zWjbeNC,2.384185791015625e-07,3.832573890686035,True,1073,None
K?be`xwxQtVO,2.384185791015625e-07,2.022273540496826,True,825,None
K?be`xwbvcNC,2.384185791015625e-07,1.597186803817749,True,678,None
K?be`xYknoLg,2.384185791015625e-07,2.2430596351623535,True,860,None
K?bav`w]T[Qs,2.384185791015625e-07,1.1796808242797852,True,643,None
K?batqwvBMMS,4.76837158203125e-07,2.7112345695495605,True,964,None
K?batqwVRk[S,2.384185791015625e-07,7.0022571086883545,True,1375,None
K?batqwprdN_,2.384185791015625e-07,1.0899429321289062,True,591,None
K?bavJoUlwFW,7.152557373046875e-07,2.4227075576782227,True,912,None
K?bavIwfbqMS,2.384185791015625e-07,3.0333542823791504,True,955,None
K?bavIwfbeNC,2.384185791015625e-07,2.4459502696990967,True,857,None
K?bavIwNRdZO,2.384185791015625e-07,14.729373693466187,True,1467,None
K?bavIwNQt]O,7.152557373046875e-07,99.66737937927246,True,1814,None
K?bavIwdrsNC,2.384185791015625e-07,7.499144077301025,True,1160,None
K?bavIwTrsVC,2.384185791015625e-07,2.3105976581573486,True,861,None
K?bavHwv@tUW,2.384185791015625e-07,3.887619972229004,True,1060,None
K?bavHw^CtUW,4.76837158203125e-07,2.4612460136413574,True,850,None
K?bavHwVdqUS,2.384185791015625e-07,2.766789197921753,True,950,None
K?bavHwVdeVC,7.152557373046875e-07,0.19827485084533691,True,154,None
K?bavHwVTsUS,2.384185791015625e-07,1.9440457820892334,True,835,None
K?bavHw]KmVO,2.384185791015625e-07,3.350735664367676,True,1005,None
K?bavHYNTd^?,2.384185791015625e-07,5.1362669467926025,True,1152,None
K?baujoZ`uVC,2.384185791015625e-07,0.6890811920166016,True,430,None
K?baujoYhuV_,2.384185791015625e-07,4.796477317810059,True,1155,None
K?baujgn@uMS,2.384185791015625e-07,9.523749113082886,True,1395,None
K?baujg]HuUo,2.384185791015625e-07,23.50416374206543,True,1691,None
K?bauhilVoFS,2.384185791015625e-07,0.624366044998169,True,424,None
K?batjgfbdNG,4.76837158203125e-07,5.256284236907959,True,1154,None
K?batjguH{MW,2.384185791015625e-07,0.17603468894958496,True,140,None
K?bathw|CuLS,2.384185791015625e-07,2.013739824295044,True,779,None
K?bathwjeqMS,2.384185791015625e-07,2.4307799339294434,True,878,None
K?bathilVoJS,4.76837158203125e-07,5.681687355041504,True,1048,None
K?barjorTsFS,2.384185791015625e-07,3.2416932582855225,True,1013,None
K?barjoZStVO,2.384185791015625e-07,3.2714006900787354,True,966,None
K?barjofVSFS,4.76837158203125e-07,1.6121530532836914,True,702,None
K?barjoVTsTS,2.384185791015625e-07,3.0412609577178955,True,1025,None
K?barjoNTsXS,4.76837158203125e-07,12.719265699386597,True,1533,None
K?bariw\\eUVC,4.76837158203125e-07,0.03316950798034668,True,26,None
K?bariwjRdZO,2.384185791015625e-07,1.0679945945739746,True,480,None
K?bariwYukVC,2.384185791015625e-07,3.204185962677002,True,865,None
K?bariwUvKVC,2.384185791015625e-07,2.035503387451172,True,802,None
K?bariwbvcNC,2.384185791015625e-07,1.9942336082458496,True,864,None
K?bariwbrs]C,2.384185791015625e-07,17.59798765182495,True,1476,None
K?barhwuTTUo,4.76837158203125e-07,1.658661127090454,True,679,None
K?barhwqtpUo,2.384185791015625e-07,5.2996790409088135,True,1170,None
K?barjQ]TTV_,2.384185791015625e-07,27.996266841888428,True,1577,None
K?bariqVTT^?,2.384185791015625e-07,5.6552252769470215,True,1245,None
K?bariqNUT^?,2.384185791015625e-07,2.8687081336975098,True,921,None
K?barjI]TsUc,4.76837158203125e-07,16.408628463745117,True,1444,None
K?barjIkjqV_,2.384185791015625e-07,2.5958163738250732,True,942,None
K?barii\\UsVC,2.384185791015625e-07,3.4186363220214844,True,894,None
K?barii[noRg,2.384185791015625e-07,3.0833096504211426,True,937,None
K?barhi|CrVO,2.384185791015625e-07,0.08928847312927246,True,63,None
K?bariYwjqV_,2.384185791015625e-07,2.6112780570983887,True,958,None
K?bariY[lY^?,4.76837158203125e-07,4.795360088348389,True,1047,None
K?bariYinoMg,4.76837158203125e-07,2.027853488922119,True,734,None
K?barhYknoTg,4.76837158203125e-07,2.105069637298584,True,821,None
K?barhYknQV_,2.384185791015625e-07,0.6346330642700195,True,407,None
K?bargyxUsVC,2.384185791015625e-07,3.529859781265259,True,968,None
K?bargyslY^?,2.384185791015625e-07,0.23627305030822754,True,195,None
K?`vBRwstwBw,2.384185791015625e-07,2.9835236072540283,True,1006,None
K?`vBRwspyRo,2.384185791015625e-07,4.56058144569397,True,1171,None
K?`vBRsVcuVG,4.76837158203125e-07,1.7218010425567627,True,753,None
K?`vBRYmeiFg,2.384185791015625e-07,0.5283706188201904,True,418,None
K?`vBPy}CmRg,2.384185791015625e-07,1.6800129413604736,True,725,None
K?`vBRUMuqV_,2.384185791015625e-07,8.596325159072876,True,1400,None
K?`vBQ]vDqMW,4.76837158203125e-07,3.319498300552368,True,1031,None
K?`vBQ][sy^?,2.384185791015625e-07,3.62678599357605,True,1090,None
K?`vBQ]evoMg,2.384185791015625e-07,7.03151273727417,True,1252,None
K?`vBQ]UvgVG,2.384185791015625e-07,1.7275817394256592,True,775,None
K?`vBP]uTiVO,2.384185791015625e-07,4.346639394760132,True,1075,None
K?`vBP]lSu^?,2.384185791015625e-07,0.4870443344116211,True,373,None
K?`vBRRNdqZ_,2.384185791015625e-07,3.1711158752441406,True,993,None
K?`vBQZudwMg,2.384185791015625e-07,6.972454071044922,True,1198,None
K?`vArsZcuVG,2.384185791015625e-07,6.043712615966797,True,1239,None
K?`vAq{jbeZG,4.76837158203125e-07,2.235599994659424,True,902,None
K?`vAq{ffQMW,4.76837158203125e-07,2.74804425239563,True,1007,None
K?`vAq{brs]G,4.76837158203125e-07,4.149442434310913,True,1081,None
K?`vArqudYFg,2.384185791015625e-07,0.07826018333435059,True,68,None
K?`vArqr`yVG,4.76837158203125e-07,0.05043292045593262,True,34,None
K?`vArqZcyVG,2.384185791015625e-07,2.0376970767974854,True,816,None
K?`vArqqpyV_,2.384185791015625e-07,0.4975473880767822,True,397,None
K?`vArqFvoTg,2.384185791015625e-07,4.121813774108887,True,1080,None
K?`vArqFvQV_,2.384185791015625e-07,7.522830009460449,True,1184,None
K?`vArqFtq\\_,2.384185791015625e-07,2.0212244987487793,True,857,None
K?`vAriNdiZG,2.384185791015625e-07,1.6496095657348633,True,767,None
K?`vArYXtqV_,4.76837158203125e-07,2.0258755683898926,True,787,None
K?`vAqy{dYJg,2.384185791015625e-07,1.7729356288909912,True,753,None
K?`vAqyudiLg,2.384185791015625e-07,0.1872243881225586,True,154,None
K?`vAqyudYMg,2.384185791015625e-07,0.1881105899810791,True,158,None
K?`vAqymfIJg,2.384185791015625e-07,4.914573431015015,True,1114,None
K?`vApyptwVG,2.384185791015625e-07,1.9739773273468018,True,837,None
K?`vAre]SuV_,4.76837158203125e-07,3.7868170738220215,True,1061,None
K?`vArefRqVO,4.76837158203125e-07,0.3951888084411621,True,313,None
K?`vAreMtwZG,2.384185791015625e-07,0.026319503784179688,True,20,None
K?`vAreMtqZ_,2.384185791015625e-07,0.4506826400756836,True,366,None
K?`vAqujRsZG,2.384185791015625e-07,0.128373384475708,True,108,None
K?`vAquZTsZG,2.384185791015625e-07,0.4948582649230957,True,363,None
K?`vAquZSu^?,2.384185791015625e-07,3.1413674354553223,True,1058,None
K?`vAquVTq\\O,2.384185791015625e-07,2.1216351985931396,True,825,None
K?`vAquNUs\\G,4.76837158203125e-07,0.15314698219299316,True,136,None
K?`vAquYvoRg,2.384185791015625e-07,1.1668357849121094,True,573,None
K?`vAquYtwZG,2.384185791015625e-07,1.9017541408538818,True,776,None
K?`vApujTsZG,2.384185791015625e-07,8.123055696487427,True,1273,None
K?`vArMmdqMg,4.76837158203125e-07,0.07537341117858887,True,57,None
K?`vAqmvDqMW,2.384185791015625e-07,4.215988636016846,True,1187,None
K?`vAqmmeqMg,2.384185791015625e-07,0.5933215618133545,True,417,None
K?`vAq]mfQMg,2.384185791015625e-07,1.9600622653961182,True,838,None
K?`vAq][tq\\_,2.384185791015625e-07,1.6100192070007324,True,747,None
K?`vAo}ufQUg,4.76837158203125e-07,2.3557682037353516,True,890,None
K?`vAo}xUsVG,4.76837158203125e-07,1.9664664268493652,True,809,None
K?`vAo}xSu^?,2.384185791015625e-07,2.352796792984009,True,878,None
K?`vAo}fVQ]O,2.384185791015625e-07,0.3259086608886719,True,281,None
K?`vArb}@yRo,2.384185791015625e-07,0.4988067150115967,True,420,None
K?`vArbVdqV_,4.76837158203125e-07,27.118412733078003,True,1711,None
K?`vArR}@{Tg,2.384185791015625e-07,1.9319617748260498,True,780,None
K?`vArRNdq\\_,2.384185791015625e-07,2.706636428833008,True,1012,None
K?`vAqrVdq\\_,2.384185791015625e-07,5.166659593582153,True,1153,None
K?`vAqrNew\\G,4.76837158203125e-07,0.41675734519958496,True,336,None
K?`vAqriuwN_,4.76837158203125e-07,0.9405045509338379,True,551,None
K?`vAqrMvWZ_,2.384185791015625e-07,7.7310779094696045,True,1363,None
K?`vApriuwV_,2.384185791015625e-07,1.3185210227966309,True,571,None
K?`vArJmdwMg,2.384185791015625e-07,1.792525053024292,True,793,None
K?`vAqjudwMg,2.384185791015625e-07,18.51821494102478,True,1552,None
K?`vAqjmewMg,7.152557373046875e-07,3.262200117111206,True,966,None
K?`vAqjlbwZG,4.76837158203125e-07,3.203489303588867,True,958,None
K?`vAqjffoMg,2.384185791015625e-07,0.2851243019104004,True,255,None
K?`vArFMtw^?,2.384185791015625e-07,2.4039077758789062,True,849,None
K?`vAqfUvoV_,2.384185791015625e-07,3.0085952281951904,True,1014,None
K?`vAqfMuw^?,2.384185791015625e-07,3.6517410278320312,True,1128,None
K?`vApfmdwZG,4.76837158203125e-07,3.642197847366333,True,1038,None
K?`vApfetw^?,2.384185791015625e-07,0.18706274032592773,True,164,None
K?`vAqV]fQV_,4.76837158203125e-07,1.0695853233337402,True,530,None
K?`vAqV]dq\\_,4.76837158203125e-07,6.308587074279785,True,1229,None
K?`vAqV]VoTo,2.384185791015625e-07,0.6949934959411621,True,475,None
K?`vAqVZTs^?,2.384185791015625e-07,7.9994518756866455,True,1285,None
K?`vAqVMvW^?,2.384185791015625e-07,6.937378644943237,True,1266,None
K?`vAovzDsZG,4.76837158203125e-07,0.4830503463745117,True,342,None
K?`vAovydwZG,2.384185791015625e-07,3.2305386066436768,True,931,None
K?`vAovmew\\G,2.384185791015625e-07,4.6853392124176025,True,1123,None
K?`vAovqtw^?,2.384185791015625e-07,0.006608009338378906,True,5,None
K?`vAoviuw^?,2.384185791015625e-07,1.74688720703125,True,757,None
K?`vAqNmfaN_,2.384185791015625e-07,0.5759055614471436,True,435,None
K?`vAqNkrw^?,2.384185791015625e-07,1.9582431316375732,True,773,None
K?`vFPwVLkRW,2.384185791015625e-07,2.196690320968628,True,804,None
K?`vEpwrdeFc,4.76837158203125e-07,0.45838499069213867,True,343,None
K?`vEpw]S\\Uo,2.384185791015625e-07,2.0347800254821777,True,811,None
K?`vEpwtL[FW,2.384185791015625e-07,1.8968710899353027,True,778,None
K?`vEpwplqFo,4.76837158203125e-07,1.7762141227722168,True,754,None
K?`vBjWJtsZC,2.384185791015625e-07,2.665696859359741,True,904,None
K?`vBjWFtp\\O,2.384185791015625e-07,4.330420970916748,True,1043,None
K?`vBjIfRpVO,2.384185791015625e-07,1.4966609477996826,True,591,None
K?`vBjINTsZC,2.384185791015625e-07,1.7341303825378418,True,667,None
K?`vBjIUlwVG,7.152557373046875e-07,2.346264123916626,True,857,None
K?`vBhivCtVG,2.384185791015625e-07,1.3155205249786377,True,655,None
K?`vBhYjVoRS,2.384185791015625e-07,12.184955358505249,True,1349,None
K?`vBZWl`uZC,4.76837158203125e-07,0.3449745178222656,True,294,None
K?`vBXwtcuVC,2.384185791015625e-07,0.030277013778686523,True,25,None
K?`vBXwskuV_,2.384185791015625e-07,8.55741572380066,True,1380,None
K?`vBYY[ky^?,2.384185791015625e-07,3.1279654502868652,True,950,None
K?`vBYYUngVG,2.384185791015625e-07,2.640047550201416,True,890,None
K?`vFDwuH{Rg,2.384185791015625e-07,0.29601263999938965,True,243,None
K?`vEfg]H{Rg,2.384185791015625e-07,2.3574373722076416,True,830,None
K?`vEfg]HyRo,2.384185791015625e-07,0.7157881259918213,True,487,None
K?`vEfgfJsFg,4.76837158203125e-07,1.782245397567749,True,800,None
K?`vEfgfHuN_,2.384185791015625e-07,15.782570838928223,True,1508,None
K?`vEVWlRwFS,2.384185791015625e-07,32.39235258102417,True,1493,None
K?`vETw]ThRo,4.76837158203125e-07,1.9331738948822021,True,778,None
K?`vETw[twRc,4.76837158203125e-07,2.2665770053863525,True,791,None
K?`vETwMtwYc,2.384185791015625e-07,0.28526926040649414,True,231,None
K?`vCvgt`xNG,2.384185791015625e-07,2.236056089401245,True,907,None
K?`vCvgfbwMK,2.384185791015625e-07,1.918107509613037,True,822,None
K?`vCvgfbhNG,2.384185791015625e-07,2.385094404220581,True,908,None
K?`vCvgfRwMS,2.384185791015625e-07,4.033144474029541,True,1069,None
K?`vCvgfRpMo,2.384185791015625e-07,2.758301258087158,True,910,None
K?`vCvgfRhNO,2.384185791015625e-07,0.11186933517456055,True,91,None
K?`vCvWxH{NG,2.384185791015625e-07,4.875933885574341,True,1143,None
K?`vCtwycyMc,2.384185791015625e-07,16.59239149093628,True,1455,None
K?`vCtwyS{Mc,2.384185791015625e-07,1.3973321914672852,True,693,None
K?`vAvoVTTV_,2.384185791015625e-07,1.6614046096801758,True,652,None
K?`vAvK{`rV_,2.384185791015625e-07,2.2242727279663086,True,912,None
K?`rfBkUsyVO,2.384185791015625e-07,10.70837950706482,True,1517,None
K?`rfB[z@uRW,2.384185791015625e-07,2.709778308868408,True,977,None
K?`rfB[r`uVG,2.384185791015625e-07,2.133626699447632,True,870,None
K?`rfA]v@u\\G,2.384185791015625e-07,1.8012778759002686,True,820,None
K?`rfA]^EqTW,2.384185791015625e-07,1.7070538997650146,True,747,None
K?`rfA]fRs\\G,4.76837158203125e-07,5.438338994979858,True,1161,None
K?`rfBXNVSRo,2.384185791015625e-07,38.900606870651245,True,1749,None
K?`rf@xrcyVO,2.384185791015625e-07,1.914280891418457,True,783,None
K?`rfBL]S{VO,4.76837158203125e-07,1.853938102722168,True,794,None
K?`rfBLUtwVO,4.76837158203125e-07,6.978692293167114,True,1286,None
K?`rf@\\jTsZO,2.384185791015625e-07,1.4549479484558105,True,697,None
K?`rfANvBsVG,2.384185791015625e-07,6.4790358543396,True,1219,None
K?`rfAN]UwVO,2.384185791015625e-07,2.2987427711486816,True,877,None
K?`rfANVTs^?,2.384185791015625e-07,0.48261380195617676,True,377,None
K?`rf?^vDs\\G,2.384185791015625e-07,2.0320727825164795,True,713,None
K?`reRsr`uVG,2.384185791015625e-07,14.123680353164673,True,1439,None
K?`reRsj`uZG,2.384185791015625e-07,2.85888671875,True,989,None
K?`reRsZcuVG,2.384185791015625e-07,3.4820165634155273,True,957,None
K?`reRk}CuEw,4.76837158203125e-07,10.61332392692566,True,1358,None
K?`reReNdqZG,2.384185791015625e-07,2.6928062438964844,True,879,None
K?`reQu^EUVG,2.384185791015625e-07,0.7950162887573242,True,457,None
K?`reQuNfQZG,2.384185791015625e-07,0.012085437774658203,True,11,None
K?`reQuZSu^?,2.384185791015625e-07,3.6237363815307617,True,1044,None
K?`reQuNUU^?,2.384185791015625e-07,2.664198398590088,True,885,None
K?`reQubrq^?,2.384185791015625e-07,1.5822088718414307,True,691,None
K?`reRp]T[Ro,4.76837158203125e-07,1.4599072933197021,True,686,None
K?`reQx{P{Xo,2.384185791015625e-07,3.7445387840270996,True,1017,None
K?`reRdMs{^?,2.384185791015625e-07,2.2109291553497314,True,876,None
K?`reQtZdsZG,2.384185791015625e-07,4.37032151222229,True,1076,None
K?`reQtMu[^?,4.76837158203125e-07,0.28911495208740234,True,237,None
K?`rePtjdsZG,2.384185791015625e-07,1.1751885414123535,True,532,None
K?`reRL{`uV_,4.76837158203125e-07,4.6492836475372314,True,1122,None
K?`reRL[tsV_,2.384185791015625e-07,3.37332820892334,True,938,None
K?`reQl[s{^?,4.76837158203125e-07,23.48628044128418,True,1617,None
K?`reRFNdq^?,2.384185791015625e-07,1.315397024154663,True,575,None
K?`reRF]TwVO,2.384185791015625e-07,1.245553731918335,True,608,None
K?`reQf^DsZG,4.76837158203125e-07,0.03136396408081055,True,25,None
K?`reQfNfoZG,2.384185791015625e-07,4.724809646606445,True,1161,None
K?`reQffRs^?,2.384185791015625e-07,0.16327381134033203,True,142,None
K?`rePfvDqVO,2.384185791015625e-07,1.3455259799957275,True,639,None
K?`rePffdq^?,2.384185791015625e-07,4.482962131500244,True,1047,None
K?`reOvzDsZG,2.384185791015625e-07,2.5602591037750244,True,885,None
K?`reOvrTs^?,2.384185791015625e-07,2.3891234397888184,True,827,None
K?`rfJWuT[FS,2.384185791015625e-07,2.117964029312134,True,794,None
K?`rfJWMt[ZC,2.384185791015625e-07,33.102866411209106,True,1679,None
K?`rfJWbrsVC,4.76837158203125e-07,3.177116870880127,True,1014,None
K?`rfHivCtVG,2.384185791015625e-07,3.4854044914245605,True,1052,None
K?`rfHivCrVO,2.384185791015625e-07,0.033067941665649414,True,29,None
K?`rfHiuS{VC,2.384185791015625e-07,5.2526938915252686,True,1168,None
K?`rfIYrRsVC,7.152557373046875e-07,0.07918143272399902,True,45,None
K?`rfIYVTT^?,2.384185791015625e-07,3.434791088104248,True,1023,None
K?`rbjIjTsZC,4.76837158203125e-07,3.5938711166381836,True,1032,None
K?`reYw\\eUVC,2.384185791015625e-07,0.38109660148620605,True,293,None
K?`reYw[u[VC,2.384185791015625e-07,0.3722856044769287,True,313,None
K?`uV`wyPlRo,2.384185791015625e-07,0.8943870067596436,True,487,None
K?`uVHwUleV_,2.384185791015625e-07,3.066410541534424,True,888,None
K?`uTjgerdN_,2.384185791015625e-07,0.036878108978271484,True,28,None
K?`uTjg{IuFo,2.384185791015625e-07,0.25826025009155273,True,225,None
K?`uTjgkiuN_,2.384185791015625e-07,1.3047168254852295,True,604,None
K?`uTjgUlsMg,0.0,7.764038562774658,True,1201,None
K?`uTiwRvoMS,2.384185791015625e-07,0.5635194778442383,True,405,None
K?`uTiwRrp]O,4.76837158203125e-07,2.22128963470459,True,862,None
K?`uTiwwiuN_,4.76837158203125e-07,2.261012315750122,True,893,None
K?`uTiwqjsMg,4.76837158203125e-07,1.5796594619750977,True,632,None
K?`uRjoNTTZO,4.76837158203125e-07,3.456944704055786,True,975,None
K?`uRjoJtpZO,2.384185791015625e-07,2.0619938373565674,True,797,None
K?`uRjglPtZO,2.384185791015625e-07,0.34958696365356445,True,273,None
K?`uRjgLtpZO,2.384185791015625e-07,10.842935562133789,True,1172,None
K?`uRiwrTsMS,2.384185791015625e-07,2.213563919067383,True,864,None
K?`uRiwprsVC,2.384185791015625e-07,2.004096269607544,True,801,None
K?`uRiwXtpZO,4.76837158203125e-07,2.3092658519744873,True,776,None
K?`uRiwqlsMg,4.76837158203125e-07,1.2833664417266846,True,514,None
K?`uRiimepMg,2.384185791015625e-07,7.3289148807525635,True,1058,None
K?`uRii\\UsVC,2.384185791015625e-07,10.138019323348999,True,1006,None
K?`uRii[ky^?,4.76837158203125e-07,6.471902847290039,True,1218,None
K?`uRiienoMg,2.384185791015625e-07,223.283020734787,True,1581,None
K?`uUVo[pxV_,2.384185791015625e-07,6.309838056564331,True,1133,None
K?`uUUwnBhMW,4.76837158203125e-07,5.665886640548706,True,1099,None
K?`uTVoerwMc,2.384185791015625e-07,1.565718650817871,True,622,None
K?`uTVWnBdMg,2.384185791015625e-07,8.568796873092651,True,1452,None
K?bNBbw\\`yRW,2.384185791015625e-07,1.7009892463684082,True,771,None
K?bNBbw\\P{RW,2.384185791015625e-07,2.9421448707580566,True,963,None
K?bNBbsUp{VG,2.384185791015625e-07,0.5510706901550293,True,406,None
K?bNBa{^@uYW,4.76837158203125e-07,3.6378626823425293,True,1116,None
K?bNB`{UtkVG,2.384185791015625e-07,3.4971117973327637,True,1088,None
K?bNBaylQuN_,2.384185791015625e-07,1.5624167919158936,True,717,None
K?bNB`uMvoRg,2.384185791015625e-07,0.40274930000305176,True,314,None
K?bNB`uMtqZ_,2.384185791015625e-07,0.2994039058685303,True,258,None
K?bNBa]lRqNO,2.384185791015625e-07,3.0580899715423584,True,920,None
K?bNBa]NVoMW,2.384185791015625e-07,7.013575792312622,True,1261,None
K?bNB`]lRqVO,2.384185791015625e-07,0.5855381488800049,True,419,None
K?bNB`]\\TqVO,2.384185791015625e-07,2.6937553882598877,True,929,None
K?bNBbpV`yVO,2.384185791015625e-07,4.399599313735962,True,1072,None
K?bNBbpmQ{Fo,2.384185791015625e-07,1.378631591796875,True,586,None
K?bNBbpVP{VO,2.384185791015625e-07,1.6332542896270752,True,664,None
K?bNBbX^DkFW,2.384185791015625e-07,0.1216132640838623,True,97,None
K?bNB`xetwMo,2.384185791015625e-07,5.3413848876953125,True,1173,None
K?bNBbTm`{NG,2.384185791015625e-07,1.810352087020874,True,801,None
K?bNBbTmRsFo,2.384185791015625e-07,0.8174374103546143,True,481,None
K?bNBa\\lbqNO,2.384185791015625e-07,2.995297908782959,True,960,None
K?bNBa\\mRsMo,2.384185791015625e-07,3.3713746070861816,True,1034,None
K?bNBarubwFg,2.384185791015625e-07,2.213982582092285,True,876,None
K?bNBar]`yZ_,2.384185791015625e-07,1.0526955127716064,True,480,None
K?bNBarmRwJo,2.384185791015625e-07,0.503652811050415,True,399,None
K?bNB`ZkrwV_,2.384185791015625e-07,7.590328216552734,True,1284,None
K?bNB_z]diZ_,2.384185791015625e-07,1.7594752311706543,True,732,None
K?bNB_z\\TsZ_,2.384185791015625e-07,1.4057750701904297,True,604,None
K?bNB_zkrwZ_,2.384185791015625e-07,2.993255853652954,True,869,None
K?bNB_v]dqZ_,4.76837158203125e-07,3.432708740234375,True,943,None
K?bNB_^]foUg,4.76837158203125e-07,7.756515264511108,True,1372,None
K?bNB_^]fgVG,2.384185791015625e-07,1.9322376251220703,True,833,None
K?bNArw[tkFg,2.384185791015625e-07,2.34417986869812,True,944,None
K?bNAq{mbeMg,4.76837158203125e-07,4.578834056854248,True,1115,None
K?bNArqnBqEw,4.76837158203125e-07,7.3679986000061035,True,1310,None
K?bNApynFaEw,4.76837158203125e-07,3.1712634563446045,True,1008,None
K?bNApymRiUo,4.76837158203125e-07,9.098027467727661,True,1386,None
K?bNAo}nBe]G,2.384185791015625e-07,12.263767957687378,True,1393,None
K?bNAo}^De]G,2.384185791015625e-07,2.200287103652954,True,936,None
K?bNAo}mfaMg,4.76837158203125e-07,4.120010852813721,True,1121,None
K?bNAo}mRi]O,2.384185791015625e-07,4.141733884811401,True,1173,None
K?bNAqrnBkNG,2.384185791015625e-07,0.3261992931365967,True,285,None
K?bNAqrlbqN_,2.384185791015625e-07,0.40513181686401367,True,327,None
K?bNAqrMvgN_,2.384185791015625e-07,2.0913755893707275,True,887,None
K?bNAprkrwV_,7.152557373046875e-07,2.9606311321258545,True,1005,None
K?bNAov\\dq^?,2.384185791015625e-07,2.166835308074951,True,856,None
K?bN@rw|?}MW,2.384185791015625e-07,2.6290299892425537,True,907,None
K?bN@rwt`yMW,2.384185791015625e-07,3.9766533374786377,True,1085,None
K?bN@rs|@uJW,2.384185791015625e-07,3.021794319152832,True,958,None
K?bN@q{ubeMg,2.384185791015625e-07,1.3022403717041016,True,591,None
K?bN@q{uReMo,2.384185791015625e-07,2.3369321823120117,True,895,None
K?bN@p{^DeYW,2.384185791015625e-07,1.3403241634368896,True,619,None
K?bN@p{uTkMW,4.76837158203125e-07,5.367090463638306,True,1209,None
K?bN@rq[pyZ_,2.384185791015625e-07,6.150380849838257,True,1142,None
K?bN@rqTtwNG,4.76837158203125e-07,1.3046784400939941,True,635,None
K?bN@rY\\biVG,2.384185791015625e-07,10.414050102233887,True,1429,None
K?bN@rY]TiMo,2.384185791015625e-07,0.2996811866760254,True,267,None
K?bN@qy^BeYg,2.384185791015625e-07,1.7658131122589111,True,755,None
K?bN@py^DeYg,2.384185791015625e-07,3.3878819942474365,True,1042,None
K?bN@py]UkUg,4.76837158203125e-07,1.379868984222412,True,634,None
K?bN@pyTtw]G,2.384185791015625e-07,4.7346813678741455,True,1135,None
K?bN@pyLvaZ_,2.384185791015625e-07,0.5450339317321777,True,410,None
K?bN@rU^BqUW,2.384185791015625e-07,6.700601577758789,True,1229,None
K?bN@rU^BeVG,2.384185791015625e-07,2.8396081924438477,True,941,None
K?bN@rU]biVG,4.76837158203125e-07,0.1701068878173828,True,144,None
K?bN@rU\\bqVG,2.384185791015625e-07,0.3784651756286621,True,337,None
K?bN@rULvoNG,4.76837158203125e-07,13.002861499786377,True,1386,None
K?bN@pu\\eqVG,2.384185791015625e-07,36.90285396575928,True,1628,None
K?bN@putTsNG,2.384185791015625e-07,2.737776041030884,True,937,None
K?bN@puMvaZ_,2.384185791015625e-07,1.3326973915100098,True,617,None
K?bN@q]}BeMg,2.384185791015625e-07,1.8999426364898682,True,798,None
K?bN@p]nBe]G,2.384185791015625e-07,1.855773687362671,True,821,None
K?bN@p]]Ti]O,2.384185791015625e-07,5.021099328994751,True,1084,None
K?bN@o}^Ee]G,2.384185791015625e-07,1.8914923667907715,True,865,None
K?bN@o}uRi]O,2.384185791015625e-07,7.1460936069488525,True,1361,None
K?bN@pxuTkMo,2.384185791015625e-07,1.6060495376586914,True,723,None
K?bN@pxUtk]_,2.384185791015625e-07,1.5291211605072021,True,680,None
K?bN@pxdrw]O,2.384185791015625e-07,0.4698984622955322,True,375,None
K?bN@rTlbqNO,2.384185791015625e-07,6.683396100997925,True,1345,None
K?bN@q\\|BsMW,2.384185791015625e-07,14.491971731185913,True,1603,None
K?bN@q\\{bsMg,2.384185791015625e-07,1.5069770812988281,True,702,None
K?bN@q\\{bkNG,2.384185791015625e-07,2.088413715362549,True,804,None
K?bN@p\\lfaNO,4.76837158203125e-07,8.637824296951294,True,1367,None
K?bN@rR|@{NG,2.384185791015625e-07,1.9813733100891113,True,840,None
K?bN@qr\\RsZ_,2.384185791015625e-07,0.9727373123168945,True,555,None
K?bN@pr]diZ_,2.384185791015625e-07,2.669501543045044,True,975,None
K?bN@pr\\dqZ_,7.152557373046875e-07,0.631887674331665,True,427,None
K?bN@pr{P{Z_,2.384185791015625e-07,1.2121965885162354,True,560,None
K?bN@pr]TkZ_,2.384185791015625e-07,2.5819053649902344,True,906,None
K?bN@prkrwZ_,4.76837158203125e-07,3.080669641494751,True,958,None
K?bN@pZ^Dk]G,2.384185791015625e-07,22.233661651611328,True,1525,None
K?bN@pZ\\fgVG,2.384185791015625e-07,5.80268931388855,True,1176,None
K?bN@oz}EkMg,2.384185791015625e-07,0.4695010185241699,True,378,None
K?bN@ozuRk]_,2.384185791015625e-07,4.934262037277222,True,1178,None
K?bN@oz\\VcZ_,2.384185791015625e-07,2.5682878494262695,True,921,None
K?bN@ozVVc]_,2.384185791015625e-07,1.9355578422546387,True,756,None
K?bN@pV|DsNG,2.384185791015625e-07,0.3640148639678955,True,315,None
K?bN@pVlbq^?,2.384185791015625e-07,24.224952936172485,True,1699,None
K?bN@ovVVc^?,4.76837158203125e-07,4.99211311340332,True,1191,None
K?bN@o^|FaNO,2.384185791015625e-07,1.3336377143859863,True,660,None
K?bN@o^\\fo]G,2.384185791015625e-07,0.1689741611480713,True,153,None
K?bNDpwmalMg,2.384185791015625e-07,1.9364676475524902,True,851,None
K?bNDpwfbbMo,2.384185791015625e-07,2.0801174640655518,True,838,None
K?bNDpsfbpMW,4.76837158203125e-07,4.789565563201904,True,1173,None
K?bNDpsfbbNO,2.384185791015625e-07,0.6384594440460205,True,462,None
K?bNDpsmQ{MS,2.384185791015625e-07,3.049639940261841,True,952,None
K?bNDpserwMS,2.384185791015625e-07,0.5982851982116699,True,407,None
K?bNDp[Nbd]G,4.76837158203125e-07,7.806565284729004,True,1309,None
K?bNDpqtP{NC,2.384185791015625e-07,2.083134651184082,True,804,None
K?bNDpqUlwMg,2.384185791015625e-07,1.7515966892242432,True,759,None
K?bNDpqFnoMg,4.76837158203125e-07,1.1678051948547363,True,561,None
K?bNBjoV`uVC,2.384185791015625e-07,8.54880428314209,True,1404,None
K?bNBjoUptV_,2.384185791015625e-07,1.6372644901275635,True,700,None
K?bNBhw^CuUS,2.384185791015625e-07,5.697758436203003,True,1155,None
K?bNBhw[k{VG,2.384185791015625e-07,0.5319728851318359,True,401,None
K?bNAzon@uMS,2.384185791015625e-07,5.074268579483032,True,1068,None
K?bNAxwNde]C,4.76837158203125e-07,1.0045316219329834,True,472,None
K?bNAxwNdb]O,2.384185791015625e-07,6.653339385986328,True,1325,None
K?bNAxw[tpUo,2.384185791015625e-07,1.2662944793701172,True,583,None
K?bN@zov@uMS,2.384185791015625e-07,2.382166862487793,True,832,None
K?bN@zolauNC,4.76837158203125e-07,0.28043651580810547,True,252,None
K?bN@zofbqMS,2.384185791015625e-07,1.7319917678833008,True,726,None
K?bN@zofbeNC,2.384185791015625e-07,1.5236034393310547,True,716,None
K?bN@zofbbNO,2.384185791015625e-07,7.177597999572754,True,1255,None
K?bN@xwmJeYo,4.76837158203125e-07,1.958859920501709,True,821,None
K?bNEds^@tVG,2.384185791015625e-07,13.420666694641113,True,1456,None
K?bNEdsm`yNC,2.384185791015625e-07,1.6139886379241943,True,710,None
K?bNEds]`rV_,2.384185791015625e-07,0.17761635780334473,True,183,None
K?bNEc{|BsFK,4.76837158203125e-07,0.807934045791626,True,480,None
K?bNEc{nBpMW,2.384185791015625e-07,3.540459632873535,True,1058,None
K?bNEc{krwNC,2.384185791015625e-07,3.074303388595581,True,1007,None
K?bNEc{NNoMW,2.384185791015625e-07,1.7538180351257324,True,682,None
K?bNEc{NNcNG,2.384185791015625e-07,3.488337993621826,True,1078,None
K?bNCtw}@jMo,2.384185791015625e-07,0.584280252456665,True,385,None
K?bN@vWnBhMW,2.384185791015625e-07,49.43452763557434,True,1723,None
K?bLbbsjQuNO,2.384185791015625e-07,2.4379384517669678,True,939,None
K?bLbbsbrqNO,4.76837158203125e-07,2.419396162033081,True,928,None
K?bLb`{^DeXW,4.76837158203125e-07,1.7661349773406982,True,724,None
K?bLbbilQuN_,2.384185791015625e-07,15.811875581741333,True,1375,None
K?bLbbisrwFg,2.384185791015625e-07,0.200059175491333,True,180,None
K?bLb`yycyMg,4.76837158203125e-07,0.7890121936798096,True,446,None
K?bLbbe]dqJg,2.384185791015625e-07,3.218449831008911,True,988,None
K?bLbbefRqNO,2.384185791015625e-07,2.054236650466919,True,848,None
K?bLb`uirqZ_,2.384185791015625e-07,9.857463836669922,True,1479,None
K?bLb`uYvoRg,7.152557373046875e-07,3.05100154876709,True,1031,None
K?bLb`uMvoXg,2.384185791015625e-07,0.5481350421905518,True,417,None
K?bLb`uMvQZ_,2.384185791015625e-07,10.253836393356323,True,1355,None
K?bLbbMnBqMW,2.384185791015625e-07,0.3058593273162842,True,259,None
K?bLbbM{PyNO,2.384185791015625e-07,0.17688608169555664,True,167,None
K?bLbbMlRqNO,2.384185791015625e-07,1.3586132526397705,True,601,None
K?bLbbMNVoMW,7.152557373046875e-07,0.3396880626678467,True,277,None
K?bLbam{RqJo,2.384185791015625e-07,0.2729675769805908,True,246,None
K?bLbam{QuN_,2.384185791015625e-07,0.04592251777648926,True,47,None
K?bLbamsrqN_,0.0,1.5736184120178223,True,686,None
K?bLb`mtRqVO,2.384185791015625e-07,1.8983821868896484,True,691,None
K?bLb`m\\VoRW,2.384185791015625e-07,4.062025785446167,True,1083,None
K?bLb`m\\TqZO,2.384185791015625e-07,4.05019736289978,True,1031,None
K?bLb`mfVoMW,2.384185791015625e-07,1.2095885276794434,True,547,None
K?bLb_}\\VoXW,2.384185791015625e-07,2.79593563079834,True,916,None
K?bLbbpbrwNO,2.384185791015625e-07,0.6894216537475586,True,492,None
K?bLbbhnA{MW,2.384185791015625e-07,9.858668088912964,True,1303,None
K?bLbbhtbsFg,2.384185791015625e-07,4.244784116744995,True,1100,None
K?bLbbh\\P{ZO,2.384185791015625e-07,2.685859203338623,True,888,None
K?bLbbhTrwVO,2.384185791015625e-07,3.679213047027588,True,1046,None
K?bLbaxrbwMW,4.76837158203125e-07,3.292405605316162,True,1043,None
K?bLb`xyQ{Uo,2.384185791015625e-07,2.9103007316589355,True,981,None
K?bLb`xlVSJo,2.384185791015625e-07,1.71268630027771,True,779,None
K?bLb`xwp{Z_,4.76837158203125e-07,1.4701714515686035,True,681,None
K?bLb`xhrsZ_,2.384185791015625e-07,2.273340940475464,True,833,None
K?bLb`xJvcZ_,2.384185791015625e-07,9.988954067230225,True,1337,None
K?bLbbdnAuNO,4.76837158203125e-07,2.8922958374023438,True,893,None
K?bLbbdfbqNO,2.384185791015625e-07,2.1797046661376953,True,829,None
K?bLbbdNUsNO,2.384185791015625e-07,1.2095518112182617,True,536,None
K?bLbbL}@{MW,2.384185791015625e-07,27.62637710571289,True,1568,None
K?bLbbLlbsNG,2.384185791015625e-07,2.4555470943450928,True,882,None
K?bLbbL\\bqVO,2.384185791015625e-07,53.325878381729126,True,1811,None
K?bLbbLNfcNG,2.384185791015625e-07,0.09602665901184082,True,66,None
K?bLbbL[rwVO,4.76837158203125e-07,1.3176960945129395,True,612,None
K?bLb`lvBeVO,2.384185791015625e-07,2.633535146713257,True,900,None
K?bLb`l\\foRW,2.384185791015625e-07,0.8868510723114014,True,468,None
K?bLb`l\\esVG,2.384185791015625e-07,1.4829399585723877,True,603,None
K?bLb`lffoMW,2.384185791015625e-07,2.05777907371521,True,797,None
K?bLb`lVdq]O,2.384185791015625e-07,0.3683645725250244,True,317,None
K?bLb`l{P{ZO,2.384185791015625e-07,6.848054885864258,True,1227,None
K?bLb`lsrwVO,4.76837158203125e-07,0.34749579429626465,True,304,None
K?bLb`lkrwZO,2.384185791015625e-07,7.282742977142334,True,1284,None
K?bLb_|\\eU^?,2.384185791015625e-07,2.0748610496520996,True,868,None
K?bLbbb]`yZ_,4.76837158203125e-07,2.885319948196411,True,915,None
K?bLbarrbwNG,2.384185791015625e-07,0.2017672061920166,True,183,None
K?bLb`ry`yZ_,2.384185791015625e-07,0.992854118347168,True,495,None
K?bLb`r]dYZ_,2.384185791015625e-07,7.1525232791900635,True,1132,None
K?bLb`rirwZ_,2.384185791015625e-07,0.7887687683105469,True,516,None
K?bLb`rMvWZ_,2.384185791015625e-07,5.451485633850098,True,1038,None
K?bLbbJnBwMW,2.384185791015625e-07,0.15415191650390625,True,111,None
K?bLbbJ{`yN_,2.384185791015625e-07,3.4695584774017334,True,1053,None
K?bLbbJlbwNG,2.384185791015625e-07,10.46399211883545,True,1424,None
K?bLbbJ\\RwVO,2.384185791015625e-07,10.031938791275024,True,1382,None
K?bLbaj\\RsZ_,2.384185791015625e-07,6.1579859256744385,True,1198,None
K?bLb`j]diZ_,2.384185791015625e-07,3.1549477577209473,True,1005,None
K?bLb`jtRwVO,2.384185791015625e-07,0.3584928512573242,True,297,None
K?bLb_z{eYN_,2.384185791015625e-07,3.4032907485961914,True,1031,None
K?bLb_z]eY]_,2.384185791015625e-07,3.198382616043091,True,956,None
K?bLb_zZfaZ_,2.384185791015625e-07,0.584308385848999,True,409,None
K?bLb_z{U[N_,2.384185791015625e-07,9.13357949256897,True,1315,None
K?bLb_zxRsZ_,2.384185791015625e-07,1.2296793460845947,True,645,None
K?bLb_z\\VSZ_,2.384185791015625e-07,0.08406710624694824,True,56,None
K?bLb_zZVcZ_,2.384185791015625e-07,0.18804478645324707,True,158,None
K?bLbbF^BqVO,2.384185791015625e-07,0.03128528594970703,True,25,None
K?bLb`f]dqZ_,2.384185791015625e-07,8.515350580215454,True,1259,None
K?bLb`fMvoZ_,2.384185791015625e-07,1.3571195602416992,True,657,None
K?bLbaN{bqN_,2.384185791015625e-07,0.6090810298919678,True,437,None
K?bLb`N|BqVO,2.384185791015625e-07,18.612995862960815,True,1454,None
K?bLb`N{RwVO,2.384185791015625e-07,2.9244606494903564,True,983,None
K?bLb`NmRs]_,2.384185791015625e-07,0.06549429893493652,True,56,None
K?bLb_n]eq]_,2.384185791015625e-07,1.0505430698394775,True,484,None
K?bLb_n{RsZ_,4.76837158203125e-07,3.3556227684020996,True,1014,None
K?bL`rqrbqMg,2.384185791015625e-07,1.9881799221038818,True,790,None
K?bL`rqqrwMg,4.76837158203125e-07,7.154530048370361,True,1311,None
K?bL`rqprqN_,2.384185791015625e-07,1.5046942234039307,True,718,None
K?bL`rqXuqN_,4.76837158203125e-07,1.6415517330169678,True,772,None
K?bL`py\\fQYg,2.384185791015625e-07,2.588216543197632,True,949,None
K?bL`py]UM]_,2.384185791015625e-07,2.349912643432617,True,884,None
K?bL`pyXvaZ_,2.384185791015625e-07,2.568634033203125,True,932,None
K?bL`re[rqZ_,2.384185791015625e-07,1.5233747959136963,True,662,None
K?bL`rM^FaMW,2.384185791015625e-07,3.835718870162964,True,1153,None
K?bL`rM]VaMo,4.76837158203125e-07,3.0007166862487793,True,1003,None
K?bL`pm^Ee]G,4.76837158203125e-07,2.1196861267089844,True,854,None
K?bL`pmuRi]O,4.76837158203125e-07,1.825404405593872,True,799,None
K?bL`pmVVa]O,2.384185791015625e-07,4.307841062545776,True,1127,None
K?bL`rb}AyMo,2.384185791015625e-07,2.028033971786499,True,827,None
K?bL`rb|A{NG,2.384185791015625e-07,2.0454676151275635,True,821,None
K?bL`pr\\fQZ_,2.384185791015625e-07,0.5995588302612305,True,434,None
K?bL`prZfaZ_,2.384185791015625e-07,16.898120164871216,True,1491,None
K?bL`pf|FoJW,2.384185791015625e-07,2.5507915019989014,True,985,None
K?bLfHwt`uNC,2.384185791015625e-07,29.004189252853394,True,1593,None
K?bLfHwfbpMW,2.384185791015625e-07,2.1142592430114746,True,827,None
K?bLfHwNRsYS,2.384185791015625e-07,0.9677836894989014,True,483,None
K?bLfHwdrpNO,2.384185791015625e-07,2.9224984645843506,True,949,None
K?bLfHqMjqZ_,2.384185791015625e-07,3.4257442951202393,True,998,None
K?bLfHYnBdNG,2.384185791015625e-07,1.2304372787475586,True,638,None
K?bLfHYmRkNC,2.384185791015625e-07,3.3241772651672363,True,1045,None
K?bLfGytRsNC,2.384185791015625e-07,3.1196892261505127,True,947,None
K?bLfGyUngNG,2.384185791015625e-07,8.055903911590576,True,1131,None
K?bLdhi{QtN_,2.384185791015625e-07,1.874786138534546,True,764,None
K?bLeXwNRd]O,2.384185791015625e-07,6.8828675746917725,True,1094,None
K?bLeXq{bwFK,2.384185791015625e-07,10.107936143875122,True,1289,None
K?bLeXqlRsNC,2.384185791015625e-07,4.052736759185791,True,936,None
K?bLeXqNVoMS,2.384185791015625e-07,2.5169506072998047,True,825,None
K?bLdXq|AtNG,2.384185791015625e-07,1.3240833282470703,True,579,None
K?bLdXq{axNG,2.384185791015625e-07,2.438354015350342,True,874,None
K?bLdXquRwMS,2.384185791015625e-07,0.14056634902954102,True,129,None
K?bLdXq\\RpZO,4.76837158203125e-07,1.4804401397705078,True,626,None
K?bLdXY|BeNC,2.384185791015625e-07,3.144792079925537,True,945,None
K?bLbZolatNG,4.76837158203125e-07,2.7813265323638916,True,1007,None
K?bLbZofbqMS,4.76837158203125e-07,0.3599534034729004,True,305,None
K?bLbZofbeNC,2.384185791015625e-07,2.050401210784912,True,815,None
K?bLbZofbbNO,2.384185791015625e-07,1.1740753650665283,True,548,None
K?bLbZoVRdVO,2.384185791015625e-07,4.427283048629761,True,1031,None
K?bLbZoNUsMS,2.384185791015625e-07,2.0030150413513184,True,840,None
K?bLbZoLrsZC,2.384185791015625e-07,1.1937599182128906,True,590,None
K?bLbZoFvoMS,2.384185791015625e-07,2.4706733226776123,True,873,None
K?bLbZoFv`NO,2.384185791015625e-07,3.063876152038574,True,936,None
K?bLbZomJeJo,7.152557373046875e-07,2.7975735664367676,True,908,None
K?bLbZoki{NG,2.384185791015625e-07,1.1304190158843994,True,555,None
K?bLbXwlVcJS,2.384185791015625e-07,0.039775848388671875,True,33,None
K?bLbXwfRd]O,2.384185791015625e-07,16.26450204849243,True,1384,None
K?bLbXwVTd]O,2.384185791015625e-07,2.014120578765869,True,750,None
K?bLbXwmJeYo,2.384185791015625e-07,4.632773399353027,True,1169,None
K?bL`xwrfcMK,2.384185791015625e-07,1.9909682273864746,True,763,None
K?bL`xwrf`MW,2.384185791015625e-07,9.15467643737793,True,1226,None
K?bL`xwqv`Mo,2.384185791015625e-07,6.064624071121216,True,1170,None
K?bL`xw]NEYo,2.384185791015625e-07,5.531771898269653,True,1197,None
K?bLfDsVJqVO,4.76837158203125e-07,0.2458651065826416,True,221,None
K?bLfD[nBpMW,4.76837158203125e-07,3.7857584953308105,True,975,None
K?bLfC{VNoMW,2.384185791015625e-07,2.0794739723205566,True,871,None
K?bLeTwnBhMW,7.152557373046875e-07,1.2315587997436523,True,654,None
K?bLeTwnBbMo,2.384185791015625e-07,0.9607791900634766,True,502,None
K?bLeTsmRwMS,2.384185791015625e-07,4.8428053855896,True,1171,None
K?bLeTsmRhNO,2.384185791015625e-07,1.5989785194396973,True,700,None
K?bLeTskrwNC,4.76837158203125e-07,4.855193853378296,True,1194,None
K?bLeTs\\JqVO,2.384185791015625e-07,0.5897033214569092,True,422,None
K?bLdTw}AjMo,2.384185791015625e-07,3.405547618865967,True,1029,None
K?bLdTs{bwJK,2.384185791015625e-07,0.11899876594543457,True,77,None
K?bLdT[|BeNC,2.384185791015625e-07,1.8425414562225342,True,802,None
K?bL`voRrw]C,2.384185791015625e-07,1.800004243850708,True,779,None
K?bL`vgtbhNG,4.76837158203125e-07,3.176175355911255,True,999,None
K?bMRbwmPmMo,2.384185791015625e-07,0.5862472057342529,True,456,None
K?bMRa{mReMo,7.152557373046875e-07,6.573160886764526,True,1169,None
K?bMRbpl`yNO,2.384185791015625e-07,11.47708773612976,True,1456,None
K?bMRbpNTsMo,2.384185791015625e-07,1.5722968578338623,True,730,None
K?bMRat{`uN_,2.384185791015625e-07,0.5940275192260742,True,436,None
K?bMRatlbqNO,2.384185791015625e-07,1.0692105293273926,True,507,None
K?bMRatNVcNO,2.384185791015625e-07,0.28297948837280273,True,261,None
K?bLRbp]S{Mo,2.384185791015625e-07,236.6237461566925,True,2060,None
K?bLRbXnBeMo,2.384185791015625e-07,1.6363885402679443,True,680,None
K?bLRbT|BsFW,2.384185791015625e-07,7.890110969543457,True,1188,None
K?bLRbT{`uN_,2.384185791015625e-07,0.550264835357666,True,406,None
K?bLRbT[rwVO,2.384185791015625e-07,0.039824724197387695,True,38,None
K?bLRat{auN_,2.384185791015625e-07,1.7842059135437012,True,760,None
K?bLR`t\\eqVO,2.384185791015625e-07,3.603590726852417,True,1028,None
K?bLV`sfbsMK,2.384185791015625e-07,4.190860271453857,True,1011,None
K?bLV`sfbqMS,4.76837158203125e-07,4.741796970367432,True,1106,None
K?bLV`sfbeNC,4.76837158203125e-07,0.3399825096130371,True,291,None
K?bLV`sNJsYW,2.384185791015625e-07,1.9269108772277832,True,782,None
K?r@fbifbwEw,2.384185791015625e-07,0.4091043472290039,True,370,None
K?r@fbifbkFg,4.76837158203125e-07,2.699955463409424,True,959,None
K?r@fbM}@{Ew,2.384185791015625e-07,0.46080803871154785,True,350,None
K?r@fbM{`{Fg,4.76837158203125e-07,1.9737975597381592,True,783,None
K?r@fbMmbkFg,2.384185791015625e-07,3.073396682739258,True,1049,None
K?r@fammbkJg,2.384185791015625e-07,2.0964596271514893,True,776,None
K?r@famfbsMg,2.384185791015625e-07,1.476696252822876,True,629,None
K?r@f_}NfcXg,4.76837158203125e-07,3.695526123046875,True,1040,None
K?r@fbpj`{Jo,2.384185791015625e-07,1.6996910572052002,True,756,None
K?r@fbpN`{Xo,2.384185791015625e-07,6.786493301391602,True,1410,None
K?r@fbhfbkFo,4.76837158203125e-07,0.5360140800476074,True,395,None
K?r@faxrbkFo,2.384185791015625e-07,2.1167657375335693,True,876,None
K?r@fbbf`{N_,2.384185791015625e-07,2.04328989982605,True,831,None
K?r@fbJl`{N_,2.384185791015625e-07,5.86348557472229,True,1293,None
K?r@fajfbkN_,4.76837158203125e-07,1.767819881439209,True,808,None
K?r@faNmbkN_,2.384185791015625e-07,3.1683437824249268,True,979,None
K?r@fRU}@{Ew,2.384185791015625e-07,0.4577970504760742,True,383,None
K?r@fRUnBkFW,2.384185791015625e-07,3.0921802520751953,True,1022,None
K?r@fQulbsJg,2.384185791015625e-07,15.754236936569214,True,1551,None
K?r@fQ]]dkMg,2.384185791015625e-07,1.7971923351287842,True,762,None
K?r@fQ]Nbi]O,4.76837158203125e-07,3.829643964767456,True,1053,None
K?r@fRTmbkFo,2.384185791015625e-07,7.902059555053711,True,1289,None
K?r@fQ\\{`{Mo,2.384185791015625e-07,0.8713333606719971,True,474,None
K?r@drifbiMo,2.384185791015625e-07,1.7044589519500732,True,758,None
K?r@dpyrdkMg,7.152557373046875e-07,3.0807366371154785,True,1066,None
K?r@dpyjekMg,2.384185791015625e-07,3.043329954147339,True,1054,None
K?r@dretbwFW,2.384185791015625e-07,9.24870777130127,True,1390,None
K?r@dretbqFo,2.384185791015625e-07,2.5848660469055176,True,842,None
K?r@dpu]dkXg,2.384185791015625e-07,2.6038994789123535,True,914,None
K?r@dpu\\dsXg,2.384185791015625e-07,2.3453855514526367,True,869,None
K?r@drM|BkFW,2.384185791015625e-07,1.6521999835968018,True,743,None
K?r@drM{`{Mg,2.384185791015625e-07,0.08949089050292969,True,73,None
K?r@drMmbiMo,4.76837158203125e-07,5.122710466384888,True,1075,None
K?r@dqxxbkJo,2.384185791015625e-07,0.8992948532104492,True,560,None
K?r@dpxrdkMo,2.384185791015625e-07,3.3912341594696045,True,1020,None
K?r@drd]bkRo,2.384185791015625e-07,4.682875871658325,True,1195,None
K?r@drbnA{Mo,2.384185791015625e-07,0.12943029403686523,True,99,None
K?r@drbVbwUo,2.384185791015625e-07,7.428688049316406,True,1317,None
K?r@drJNfgMo,2.384185791015625e-07,2.303295850753784,True,837,None
K?r@dpjNfgYo,2.384185791015625e-07,2.807555675506592,True,956,None
K?r@drF|BsFo,4.76837158203125e-07,1.8118014335632324,True,769,None
K?r@drFlbsN_,2.384185791015625e-07,3.608304262161255,True,1063,None
K?r@fFqN`yZ_,2.384185791015625e-07,1.2521865367889404,True,645,None
K?r@fEy\\`yZ_,2.384185791015625e-07,17.020058393478394,True,1471,None
K?r@fEyNbiZ_,2.384185791015625e-07,2.438483953475952,True,901,None
K?r@fC}NfaZ_,2.384185791015625e-07,0.4604763984680176,True,380,None
K?r@fFX|@{Fo,2.384185791015625e-07,3.82423734664917,True,1007,None
K?r@fE\\mbkN_,7.152557373046875e-07,5.099837064743042,True,1096,None
K?r@fEZlbwN_,2.384185791015625e-07,0.05559253692626953,True,43,None
K?r@fEZ\\bwV_,2.384185791015625e-07,1.8554372787475586,True,791,None
K?r@fEZNbw]_,2.384185791015625e-07,1.550877332687378,True,758,None
K?r@fC^mfgN_,2.384185791015625e-07,22.821929216384888,True,1619,None
K?r@dfkubwEw,4.76837158203125e-07,4.388341665267944,True,977,None
K?r@dd{rbwUW,2.384185791015625e-07,0.346118688583374,True,287,None
K?r@dfqNbYZ_,2.384185791015625e-07,2.195272922515869,True,856,None
K?r@deyxbwJg,2.384185791015625e-07,1.8374171257019043,True,753,None
K?r@ddy\\eYV_,4.76837158203125e-07,0.321643590927124,True,311,None
K?r@ddyjbwYg,2.384185791015625e-07,2.1348538398742676,True,848,None
K?r@ddyZdwYg,4.76837158203125e-07,0.6599140167236328,True,459,None
K?r@ddyNeY]_,2.384185791015625e-07,0.22111868858337402,True,197,None
K?r@dfM}BwEw,2.384185791015625e-07,8.495322704315186,True,1239,None
K?r@demubwMg,2.384185791015625e-07,0.45433664321899414,True,360,None
K?r@dfp^B[Ro,2.384185791015625e-07,15.195151567459106,True,1360,None
K?r@dfprbwFo,2.384185791015625e-07,171.8508665561676,True,2153,None
K?r@dfpZa{V_,2.384185791015625e-07,6.2655415534973145,True,1201,None
K?r@dex\\b[Z_,7.152557373046875e-07,1.6576313972473145,True,685,None
K?r@ddx\\e[V_,4.76837158203125e-07,8.113924503326416,True,1317,None
K?r@ddxNe[]_,7.152557373046875e-07,3.4045228958129883,True,949,None
K?r@dc|{b[Z_,7.152557373046875e-07,0.3901023864746094,True,344,None
K?r@dc|]fKZ_,2.384185791015625e-07,1.5928115844726562,True,651,None
K?r@dfbVbwV_,7.152557373046875e-07,4.120863676071167,True,1058,None
K?r@dfbNbwZ_,2.384185791015625e-07,8.296231031417847,True,1387,None
K?r@derZbwZ_,2.384185791015625e-07,4.601672887802124,True,1089,None
K?r@ddrrdwN_,2.384185791015625e-07,2.247298240661621,True,829,None
K?r@dfJ|BwFo,2.384185791015625e-07,0.586158275604248,True,449,None
K?r@dfJ\\bwV_,2.384185791015625e-07,8.881656169891357,True,1357,None
K?r@ddjlbwZ_,2.384185791015625e-07,4.2023773193359375,True,1041,None
K?r@ddNNfo]_,2.384185791015625e-07,1.4808192253112793,True,621,None
K?r@dcn{bwZ_,4.76837158203125e-07,0.13037753105163574,True,115,None
K?r@eUu|BwFW,2.384185791015625e-07,2.133533000946045,True,866,None
K?r@dVqlbwJg,2.384185791015625e-07,0.45908284187316895,True,353,None
K?r@dVq\\`yZ_,2.384185791015625e-07,33.34501123428345,True,1710,None
K?r@dVqNbiZ_,2.384185791015625e-07,0.5613956451416016,True,409,None
K?r@dVYnBiMo,2.384185791015625e-07,13.381288290023804,True,1441,None
K?r@dUy\\biZ_,2.384185791015625e-07,2.9012651443481445,True,946,None
K?r@dTylbiZ_,2.384185791015625e-07,0.31665515899658203,True,252,None
K?r@dTy\\diZ_,4.76837158203125e-07,1.9992520809173584,True,785,None
K?r@dVU|BwFW,2.384185791015625e-07,6.388638734817505,True,1227,None
K?r@dTu\\dqZ_,2.384185791015625e-07,0.007503509521484375,True,6,None
K?r@dVXNfgMo,2.384185791015625e-07,7.020265579223633,True,1276,None
K?r@dVTlbsN_,2.384185791015625e-07,1.2655460834503174,True,601,None
K?r@dUZ\\fgN_,2.384185791015625e-07,0.03927779197692871,True,31,None
K?r@dTZlfgN_,2.384185791015625e-07,1.029106616973877,True,535,None
K?r@dTVmfgN_,7.152557373046875e-07,1.5749826431274414,True,742,None
K?r@dTV]fgV_,4.76837158203125e-07,1.1697630882263184,True,572,None
K?qbFb[]c{Ew,2.384185791015625e-07,0.28421902656555176,True,263,None
K?qbFb[t`{FW,2.384185791015625e-07,1.5105342864990234,True,699,None
K?qbF`{uc{Ew,2.384185791015625e-07,2.276440382003784,True,914,None
K?qbFa]}A{Ew,2.384185791015625e-07,2.065093517303467,True,828,None
K?qbF`\\]dkRo,2.384185791015625e-07,1.9892706871032715,True,835,None
K?qbF`\\NdkZO,4.76837158203125e-07,2.3524887561798096,True,873,None
K?qbF_^vBsUo,2.384185791015625e-07,2.1965339183807373,True,888,None
K?qbF_^^EsUo,2.384185791015625e-07,15.771040916442871,True,1517,None
K?qbF_^^DsYo,2.384185791015625e-07,1.5619490146636963,True,726,None
K?qbEq]{bkFg,2.384185791015625e-07,1.7416601181030273,True,753,None
K?qbEo}lbkZG,2.384185791015625e-07,2.063441038131714,True,800,None
K?qbErpl`{Jo,2.384185791015625e-07,0.5274333953857422,True,429,None
K?qbErpN`{Yo,2.384185791015625e-07,18.480042457580566,True,1558,None
K?qbEqtfbsMo,2.384185791015625e-07,0.4743053913116455,True,371,None
K?qbDrsfbkJW,2.384185791015625e-07,3.2809829711914062,True,1019,None
K?qbDrsNekJW,2.384185791015625e-07,0.3289625644683838,True,293,None
K?qbDrq\\a{Rg,2.384185791015625e-07,2.6422924995422363,True,891,None
K?qbDq]ubkMg,7.152557373046875e-07,3.1271891593933105,True,973,None
K?qbDp]ubkUg,4.76837158203125e-07,0.3820521831512451,True,328,None
K?qbDp]fbi]O,4.76837158203125e-07,8.744194030761719,True,1336,None
K?qbDrpta{Fo,2.384185791015625e-07,1.673924446105957,True,744,None
K?qbDrp\\a{Ro,2.384185791015625e-07,4.997372388839722,True,1104,None
K?qbDrTubkFo,4.76837158203125e-07,7.900529384613037,True,1321,None
K?qbDrTfbsMo,4.76837158203125e-07,1.7794890403747559,True,788,None
K?qbDrR\\bwRo,2.384185791015625e-07,1.702831745147705,True,755,None
K?qbDrRNbkZ_,2.384185791015625e-07,0.1354825496673584,True,118,None
K?qbDqrvA{Mo,2.384185791015625e-07,4.596227169036865,True,1066,None
K?qbDqr^A{Yo,2.384185791015625e-07,2.217823028564453,True,913,None
K?qbDpr^EkRo,7.152557373046875e-07,0.18231749534606934,True,166,None
K?qbDqV|BsJo,2.384185791015625e-07,0.2995917797088623,True,285,None
K?qafbwr`{Ew,2.384185791015625e-07,1.2925615310668945,True,698,None
K?qafbsj`{JW,2.384185791015625e-07,1.8751964569091797,True,821,None
K?qafbku`{Ew,2.384185791015625e-07,3.1390116214752197,True,964,None
K?qafbkl`{JW,2.384185791015625e-07,0.3015773296356201,True,252,None
K?qafb[x`uFo,2.384185791015625e-07,0.13407182693481445,True,121,None
K?qafb[jbsEw,4.76837158203125e-07,2.1734564304351807,True,898,None
K?qafben@{JW,2.384185791015625e-07,2.963355541229248,True,993,None
K?qafam}A{Ew,2.384185791015625e-07,0.4366152286529541,True,360,None
K?qafamlayNO,4.76837158203125e-07,6.159629583358765,True,1213,None
K?qaf`m}C{Ew,2.384185791015625e-07,0.2103877067565918,True,180,None
K?qaf`m|@uRo,4.76837158203125e-07,0.7275748252868652,True,483,None
K?qafbpj`{Jo,2.384185791015625e-07,0.6498959064483643,True,442,None
K?qafbpZ`{Ro,4.76837158203125e-07,16.0529146194458,True,1611,None
K?qafbhf`{Mo,2.384185791015625e-07,0.794428825378418,True,471,None
K?qafbhV`{Uo,2.384185791015625e-07,4.570606708526611,True,1065,None
K?qafbdma{Fo,2.384185791015625e-07,2.496947765350342,True,861,None
K?qafbL{`{Fo,2.384185791015625e-07,1.9170634746551514,True,790,None
K?qafbLm`{Mo,2.384185791015625e-07,1.2122995853424072,True,549,None
K?qafbL]`{Uo,0.0,2.1096606254577637,True,822,None
K?qaf`l]dkRo,2.384185791015625e-07,28.297011375427246,True,1696,None
K?qaf`lldsJo,4.76837158203125e-07,10.757872104644775,True,1401,None
K?qaf`ll`{ZO,2.384185791015625e-07,0.03634810447692871,True,25,None
K?qafa\\y`{Mo,2.384185791015625e-07,2.036372661590576,True,859,None
K?qafa\\x`{NO,2.384185791015625e-07,3.030369281768799,True,993,None
K?qafa\\ZbsUo,2.384185791015625e-07,1.079422950744629,True,524,None
K?qafbFn@{NO,2.384185791015625e-07,2.6148746013641357,True,908,None
K?qafbF^@{VO,2.384185791015625e-07,2.6436543464660645,True,968,None
K?qafaf^@{ZO,2.384185791015625e-07,2.1746304035186768,True,871,None
K?qafaf]`{Z_,4.76837158203125e-07,2.26448655128479,True,902,None
K?qaf`fn@{ZO,2.384185791015625e-07,2.957430839538574,True,964,None
K?qaf`fm`{Z_,2.384185791015625e-07,2.653945207595825,True,943,None
K?qaf`f]dwRo,2.384185791015625e-07,2.1624321937561035,True,826,None
K?qaf`fVdwVO,2.384185791015625e-07,3.240859270095825,True,997,None
K?qafaN}BkFo,2.384185791015625e-07,7.72866153717041,True,1338,None
K?qafQ]mbkMg,2.384185791015625e-07,1.8754520416259766,True,767,None
K?qadrsjbkJW,2.384185791015625e-07,3.6504104137420654,True,1065,None
K?qadrifbkMg,2.384185791015625e-07,0.17671775817871094,True,151,None
K?qadrenBkJW,2.384185791015625e-07,0.2019214630126953,True,175,None
K?qadrelbwJW,2.384185791015625e-07,7.809307336807251,True,1234,None
K?qadrelayNO,2.384185791015625e-07,2.9287729263305664,True,947,None
K?qadqu{a]N_,4.76837158203125e-07,1.778078317642212,True,808,None
K?qadpu]ekTg,2.384185791015625e-07,0.6219282150268555,True,461,None
K?qadpuVfcTg,2.384185791015625e-07,14.754462242126465,True,1393,None
K?qadrM}@mMo,4.76837158203125e-07,3.2493300437927246,True,1024,None
K?qadpm^EeUo,2.384185791015625e-07,0.3156256675720215,True,276,None
K?qadpmVdk]G,2.384185791015625e-07,2.2060656547546387,True,866,None
K?qadq]}BkKw,2.384185791015625e-07,1.65254545211792,True,740,None
K?qadp]ybkUg,4.76837158203125e-07,0.21855759620666504,True,199,None
K?qadp]jbi]O,2.384185791015625e-07,2.1213226318359375,True,860,None
K?qadrpjbkJo,2.384185791015625e-07,3.1569266319274902,True,920,None
K?qadrpfbkLo,2.384185791015625e-07,0.5090830326080322,True,378,None
K?qadpxrdkMo,2.384185791015625e-07,2.3924641609191895,True,929,None
K?qadpxjekMo,4.76837158203125e-07,1.4163024425506592,True,550,None
K?qadpxZekUo,4.76837158203125e-07,1.7451090812683105,True,813,None
K?qadrd\\`{ZO,4.76837158203125e-07,2.9970502853393555,True,1046,None
K?qadrTlbsLo,2.384185791015625e-07,1.1542537212371826,True,517,None
K?qadpl]dkYo,2.384185791015625e-07,1.777782678604126,True,783,None
K?qadp\\jfcMo,2.384185791015625e-07,2.458404302597046,True,882,None
K?qadrbv@{Mo,2.384185791015625e-07,3.170018434524536,True,1014,None
K?qadrbnA{Mo,2.384185791015625e-07,0.23383045196533203,True,200,None
K?qadrb^BkRo,2.384185791015625e-07,3.3357136249542236,True,1013,None
K?qadrbNbwYo,2.384185791015625e-07,1.6282439231872559,True,731,None
K?qadrR\\bwTo,2.384185791015625e-07,1.7650153636932373,True,723,None
K?qadrR\\`{\\_,2.384185791015625e-07,2.5970189571380615,True,879,None
K?qadpjVfgUo,2.384185791015625e-07,0.2824862003326416,True,229,None
K?qadqZZfgMo,2.384185791015625e-07,3.734977960586548,True,1055,None
K?qadrF{bwFo,2.384185791015625e-07,1.3782641887664795,True,637,None
K?qadrFmbwMo,2.384185791015625e-07,2.5243260860443115,True,932,None
K?qadqf^BkZO,4.76837158203125e-07,7.697732925415039,True,1334,None
K?qadpf|C{NO,2.384185791015625e-07,4.0906665325164795,True,1126,None
K?qadpf|@{ZO,4.76837158203125e-07,0.21666955947875977,True,202,None
K?qadpflewNO,4.76837158203125e-07,5.989555835723877,True,1196,None
K?qadpV}FKFo,7.152557373046875e-07,2.052966594696045,True,831,None
K?qadpVyfgFo,4.76837158203125e-07,0.426006555557251,True,367,None
K?qadon^FcYo,2.384185791015625e-07,2.454711437225342,True,948,None
K?qado^}FKMo,2.384185791015625e-07,2.85335111618042,True,969,None
K?qado^{fKN_,2.384185791015625e-07,0.3131585121154785,True,267,None
K?qado^ybk]_,2.384185791015625e-07,0.3139986991882324,True,285,None
K?qado^]fK]_,2.384185791015625e-07,5.820520401000977,True,1116,None
K?qafJwma{Ew,2.384185791015625e-07,1.502126693725586,True,731,None
K?qafJwfbsEw,2.384185791015625e-07,2.607250213623047,True,936,None
K?qafJwV`uUo,2.384185791015625e-07,0.7331051826477051,True,460,None
K?qafH{l`uZO,2.384185791015625e-07,1.5393855571746826,True,655,None
K?qafJYmbwEw,2.384185791015625e-07,1.4906582832336426,True,702,None
K?qafHun@uZO,4.76837158203125e-07,2.377103090286255,True,925,None
K?qafJXm`{Mo,4.76837158203125e-07,0.08989500999450684,True,70,None
K?qafJX]`{Uo,2.384185791015625e-07,5.893176317214966,True,1152,None
K?qafJRn@{NO,4.76837158203125e-07,3.4157841205596924,True,965,None
K?qafJR^@{VO,2.384185791015625e-07,27.55711793899536,True,1545,None
K?qaejwZ`uUo,2.384185791015625e-07,1.6618194580078125,True,730,None
K?qaeh{y`uUo,4.76837158203125e-07,1.396730899810791,True,621,None
K?qaejq]`{Tg,2.384185791015625e-07,2.222637414932251,True,869,None
K?qaehy}D[Ew,2.384185791015625e-07,2.27736234664917,True,873,None
K?qaehy]dkTg,4.76837158203125e-07,5.0191850662231445,True,1094,None
K?qaehu]dqTo,4.76837158203125e-07,30.65480351448059,True,1725,None
K?qaeg}NfE^?,2.384185791015625e-07,1.310107946395874,True,629,None
K?qaejhm`{Mo,2.384185791015625e-07,2.607098340988159,True,917,None
K?qaejh]`{Uo,2.384185791015625e-07,0.9370605945587158,True,521,None
K?qaejbn@{NO,2.384185791015625e-07,0.12530136108398438,True,117,None
K?qaejb^@{VO,2.384185791015625e-07,0.17689776420593262,True,173,None
K?qadi{Vbs[W,7.152557373046875e-07,2.6958727836608887,True,938,None
K?qadh{x`uZO,4.76837158203125e-07,3.5575075149536133,True,895,None
K?qadh{tdsLW,4.76837158203125e-07,1.8764419555664062,True,731,None
K?qadh{ffcLW,2.384185791015625e-07,1.251802921295166,True,567,None
K?qadjivBsEw,0.0,2.380112409591675,True,864,None
K?qadiyxa{NG,4.76837158203125e-07,11.405974626541138,True,1396,None
K?qadhyrbsUg,2.384185791015625e-07,3.250699043273926,True,956,None
K?qadhyVfSUg,2.384185791015625e-07,4.171921491622925,True,1011,None
K?qadjefbqNO,2.384185791015625e-07,0.41274261474609375,True,351,None
K?qadiu^BUZO,2.384185791015625e-07,2.1193912029266357,True,817,None
K?qadhuz@uZO,4.76837158203125e-07,1.2809574604034424,True,597,None
K?qadhuffSNG,2.384185791015625e-07,1.3304221630096436,True,591,None
K?qadjMlbqNO,2.384185791015625e-07,2.899655342102051,True,919,None
K?qadim}A{MW,2.384185791015625e-07,1.669651746749878,True,796,None
K?qadimtbqNO,2.384185791015625e-07,2.476184606552124,True,885,None
K?qadimVbq]O,2.384185791015625e-07,0.8929879665374756,True,525,None
K?qadi]}B[MW,2.384185791015625e-07,6.802234649658203,True,1215,None
K?qadjpya{Fo,2.384185791015625e-07,1.2832934856414795,True,592,None
K?qadjpma{Lo,2.384185791015625e-07,0.9388918876647949,True,514,None
K?qadjprbsFo,2.384185791015625e-07,2.1636006832122803,True,823,None
K?qadjpVbsTo,2.384185791015625e-07,1.977900505065918,True,832,None
K?qadjpNb[ZO,4.76837158203125e-07,5.701586008071899,True,1190,None
K?qadjXy`{Mo,2.384185791015625e-07,21.360216856002808,True,1664,None
K?qadix\\b[ZO,4.76837158203125e-07,5.964005470275879,True,1052,None
K?qadhxx`{ZO,2.384185791015625e-07,12.987416982650757,True,1371,None
K?qadjdNbsZO,2.384185791015625e-07,1.9680380821228027,True,735,None
K?qadjTy`{NO,2.384185791015625e-07,12.234355449676514,True,1353,None
K?qadjTZbsVO,2.384185791015625e-07,0.45579099655151367,True,382,None
K?qaditZbsZO,2.384185791015625e-07,8.015740633010864,True,1155,None
K?qadil\\bsZO,4.76837158203125e-07,1.988438606262207,True,755,None
K?qadhltdsNO,2.384185791015625e-07,0.2780120372772217,True,252,None
K?qadhllbsZO,2.384185791015625e-07,3.3016722202301025,True,991,None
K?qadhlNfcZO,4.76837158203125e-07,0.37972068786621094,True,313,None
K?qadh\\xdsNO,2.384185791015625e-07,6.842271566390991,True,1220,None
K?qadh\\\\ds\\O,4.76837158203125e-07,2.456984519958496,True,866,None
K?qadjbmbwJo,4.76837158203125e-07,5.335333585739136,True,1264,None
K?qadjbfbwNO,2.384185791015625e-07,0.04037761688232422,True,24,None
K?qadjR}@{Lo,4.76837158203125e-07,1.8196728229522705,True,768,None
K?qadjRy`{N_,2.384185791015625e-07,4.8520002365112305,True,1142,None
K?qadjRmb[N_,2.384185791015625e-07,1.112032413482666,True,539,None
K?qadjR]`{\\_,2.384185791015625e-07,1.3703222274780273,True,637,None
K?qadhrz@{ZO,2.384185791015625e-07,2.293138027191162,True,859,None
K?qadhrnA{\\O,4.76837158203125e-07,0.4827280044555664,True,366,None
K?qadjJ}@{Mo,2.384185791015625e-07,2.367762327194214,True,895,None
K?qadhj{dwJo,2.384185791015625e-07,0.047788381576538086,True,40,None
K?qadhZ{d[N_,4.76837158203125e-07,0.5188369750976562,True,404,None
K?qadhZ{`{\\_,2.384185791015625e-07,2.3998284339904785,True,910,None
K?qadjF^DsNO,2.384185791015625e-07,0.3443336486816406,True,296,None
K?qadhfvDsNO,2.384185791015625e-07,2.086329460144043,True,866,None
K?qadhfnBsZO,2.384185791015625e-07,1.5783686637878418,True,733,None
K?qadhN|DsNO,2.384185791015625e-07,4.083889007568359,True,1175,None
K?qadgn|BsZO,2.384185791015625e-07,33.57847785949707,True,1752,None
K?qadgn\\foZO,7.152557373046875e-07,1.7361729145050049,True,742,None
K?qabj[\\dUVO,2.384185791015625e-07,1.3613440990447998,True,652,None
K?qabi{ffSMW,2.384185791015625e-07,0.2825343608856201,True,231,None
K?qabji}C{Ew,2.384185791015625e-07,6.887614965438843,True,1233,None
K?qabjiv@uUo,2.384185791015625e-07,1.5091969966888428,True,636,None
K?qabjYzDsEw,7.152557373046875e-07,3.428492784500122,True,1006,None
K?qabhytd[VG,2.384185791015625e-07,2.542029619216919,True,910,None
K?qabjen@uZO,2.384185791015625e-07,28.32521653175354,True,1581,None
K?qabiuVfSVG,2.384185791015625e-07,1.8926260471343994,True,786,None
K?qabjM}@uUo,2.384185791015625e-07,1.230250597000122,True,595,None
K?qabimvBsUW,2.384185791015625e-07,0.05832242965698242,True,59,None
K?qabimffoMW,2.384185791015625e-07,0.11897063255310059,True,106,None
K?qabhm}CuUo,2.384185791015625e-07,1.1012256145477295,True,535,None
K?qabhm|CuVO,2.384185791015625e-07,0.35590648651123047,True,299,None
K?qabh]}D[UW,2.384185791015625e-07,2.2657196521759033,True,869,None
K?qabh]|DsTW,2.384185791015625e-07,0.3629624843597412,True,277,None
K?qabjh{c{Fo,2.384185791015625e-07,2.5297210216522217,True,922,None
K?qabjh]c{Uo,2.384185791015625e-07,1.6473875045776367,True,743,None
K?qabjhtdsFo,2.384185791015625e-07,2.3150970935821533,True,889,None
K?qabjhl`{ZO,7.152557373046875e-07,1.6756207942962646,True,743,None
K?qabjhVdsUo,2.384185791015625e-07,1.285794734954834,True,653,None
K?qabjXZdsUo,2.384185791015625e-07,1.8769218921661377,True,799,None
K?qabixx`{ZO,4.76837158203125e-07,2.3070266246795654,True,932,None
K?qabixlb[ZO,2.384185791015625e-07,6.142264127731323,True,1200,None
K?qabix\\d[ZO,2.384185791015625e-07,2.8391287326812744,True,969,None
K?qabixrbsUo,4.76837158203125e-07,4.895613193511963,True,1130,None
K?qabhxrdsUo,4.76837158203125e-07,1.046151876449585,True,552,None
K?qabjd]dsRo,2.384185791015625e-07,1.6318573951721191,True,687,None
K?qabjTy`{VO,2.384185791015625e-07,1.0009591579437256,True,474,None
K?qabjT]d[VO,2.384185791015625e-07,7.7853007316589355,True,1248,None
K?qabitjbsZO,2.384185791015625e-07,0.6867759227752686,True,444,None
K?qabitNfSZO,2.384185791015625e-07,0.05930638313293457,True,50,None
K?qabhtydsRo,2.384185791015625e-07,1.0737366676330566,True,555,None
K?qabhtrdsVO,2.384185791015625e-07,2.5497472286224365,True,892,None
K?qabjL]dsUo,2.384185791015625e-07,0.8683359622955322,True,461,None
K?qabjLNds]O,2.384185791015625e-07,1.9008088111877441,True,858,None
K?qabillbsZO,2.384185791015625e-07,1.9284214973449707,True,789,None
K?qabi\\ybsUo,9.5367431640625e-07,0.3516550064086914,True,308,None
K?qabh\\ydkVO,7.152557373046875e-07,0.1834259033203125,True,189,None
K?qabh\\xdsVO,2.384185791015625e-07,0.41266679763793945,True,357,None
K?qabh\\jds]O,2.384185791015625e-07,8.10866403579712,True,1302,None
K?qabjbnC{NO,4.76837158203125e-07,2.346464157104492,True,896,None
K?qabjbn@{ZO,4.76837158203125e-07,0.23766517639160156,True,182,None
K?qabjR^DsTo,2.384185791015625e-07,0.4145493507385254,True,352,None
K?qabjRm`{\\_,2.384185791015625e-07,0.024982452392578125,True,20,None
K?qabirnB[ZO,2.384185791015625e-07,2.996781349182129,True,950,None
K?qabir^D[ZO,2.384185791015625e-07,1.9009838104248047,True,727,None
K?qabjJ}@{Uo,2.384185791015625e-07,0.3975179195404053,True,339,None
K?qabhj}C{Uo,2.384185791015625e-07,2.2412326335906982,True,891,None
K?qabiZ{`{\\_,4.76837158203125e-07,0.23308920860290527,True,200,None
K?qabiZ\\ds\\_,4.76837158203125e-07,6.622202157974243,True,1182,None
K?qabhZ|D[VO,2.384185791015625e-07,2.1132447719573975,True,773,None
K?qabhZmdk\\_,2.384185791015625e-07,0.7431824207305908,True,434,None
K?qabhZxdwVO,2.384185791015625e-07,1.5007102489471436,True,675,None
K?qabjF^DsVO,2.384185791015625e-07,5.29087233543396,True,1182,None
K?qabjFNds^?,2.384185791015625e-07,1.834451675415039,True,828,None
K?qabhf}DsRo,2.384185791015625e-07,7.552731513977051,True,1244,None
K?qabiVnBs\\O,2.384185791015625e-07,0.1673445701599121,True,136,None
K?qabhVydwVO,7.152557373046875e-07,1.2926478385925293,True,573,None
K?qabhVjds^?,4.76837158203125e-07,0.970832109451294,True,497,None
K?qabiN^FcVO,2.384185791015625e-07,1.2822654247283936,True,680,None
K?qabiN{bsV_,2.384185791015625e-07,2.6925086975097656,True,982,None
K?qabhNnDs]O,2.384185791015625e-07,2.079368829727173,True,830,None
K?qabgn|DsZO,2.384185791015625e-07,1.5479838848114014,True,652,None
K?qabgntds^?,2.384185791015625e-07,5.753307104110718,True,1269,None
K?qabg^|FSVO,4.76837158203125e-07,4.028931140899658,True,1143,None
K?qabg^nFc\\O,4.76837158203125e-07,3.311953544616699,True,1033,None
K?qabg^lfS^?,4.76837158203125e-07,6.235577821731567,True,1327,None
K?qaeZs\\`uVO,2.384185791015625e-07,4.727002859115601,True,1092,None
K?qaeX{]dkUW,2.384185791015625e-07,0.4656260013580322,True,358,None
K?qaeX{NfcUW,2.384185791015625e-07,0.5294902324676514,True,448,None
K?qaeW}nFcMW,2.384185791015625e-07,2.389617681503296,True,896,None
K?qadZ[Nbe]O,2.384185791015625e-07,19.250744819641113,True,1621,None
K?qadY{Vbe]O,2.384185791015625e-07,19.537423133850098,True,1546,None
K?qadX{NfcYW,7.152557373046875e-07,6.702318906784058,True,1160,None
K?qadXu|@uZO,4.76837158203125e-07,3.8835031986236572,True,1004,None
K?qadXulbqZO,4.76837158203125e-07,1.993016242980957,True,789,None
K?qadX]}BkUW,2.384185791015625e-07,5.167840957641602,True,1141,None
K?qadX]]de]_,2.384185791015625e-07,6.686507940292358,True,1183,None
K?qabZw]cmUo,2.384185791015625e-07,6.313064336776733,True,1275,None
K?qabY{mekMW,2.384185791015625e-07,4.894158840179443,True,1125,None
K?qabY{Nee]O,2.384185791015625e-07,1.1556077003479004,True,619,None
K?qabYu|@uZO,2.384185791015625e-07,2.8335492610931396,True,943,None
K?qabYuvDsMW,4.76837158203125e-07,3.102079153060913,True,1032,None
K?qabY]mbk]G,4.76837158203125e-07,14.580490589141846,True,1475,None
K?qabX]}DkUW,2.384185791015625e-07,4.155299186706543,True,1154,None
K?qabW}mfaYo,2.384185791015625e-07,3.023627758026123,True,1053,None
K?qabZX{dkFo,2.384185791015625e-07,7.921367645263672,True,1235,None
K?qabZX\\dkVO,2.384185791015625e-07,1.7135837078094482,True,803,None
K?qabZR^DsUo,2.384185791015625e-07,0.3884313106536865,True,341,None
K?qabZR\\dsV_,2.384185791015625e-07,2.1207425594329834,True,845,None
K?qabYZ}DkMo,2.384185791015625e-07,2.564037799835205,True,919,None
K?qabYZ^Dk]O,2.384185791015625e-07,3.9079065322875977,True,1163,None
K?qabXZ|DkVO,4.76837158203125e-07,1.5815246105194092,True,706,None
K?qaczwjbeMo,2.384185791015625e-07,2.2992234230041504,True,839,None
K?qacxyybkUg,2.384185791015625e-07,4.463308095932007,True,1154,None
K?qacxm}BeUo,2.384185791015625e-07,3.5822083950042725,True,1034,None
K?qacxm]fcUg,2.384185791015625e-07,24.959656953811646,True,1607,None
K?qacxm]de]_,2.384185791015625e-07,3.7074151039123535,True,1084,None
K?qacxlmfcMo,2.384185791015625e-07,8.970021724700928,True,1446,None
K?qacxl]fcUo,4.76837158203125e-07,1.6482336521148682,True,734,None
K?qaczbmbwMo,2.384185791015625e-07,2.2652804851531982,True,870,None
K?qacxj}DkMo,2.384185791015625e-07,3.6221730709075928,True,1080,None
K?qacxj|FcFo,2.384185791015625e-07,8.524075031280518,True,1309,None
K?qacxjnFcMo,4.76837158203125e-07,2.396831512451172,True,898,None
K?qaazq{`]V_,2.384185791015625e-07,0.2742612361907959,True,217,None
K?qaayymbk[g,4.76837158203125e-07,2.551668882369995,True,938,None
K?qaaxu|DsTW,2.384185791015625e-07,2.8834733963012695,True,923,None
K?qaaymmfgMW,2.384185791015625e-07,19.880486249923706,True,1648,None
K?qaaxm}DkUW,2.384185791015625e-07,1.8397765159606934,True,875,None
K?qaazh{dkFo,2.384185791015625e-07,2.758857250213623,True,896,None
K?qaazhmdkMo,4.76837158203125e-07,3.018883228302002,True,964,None
K?qaazdldsNO,2.384185791015625e-07,3.8178539276123047,True,1096,None
K?qaazdNds]O,2.384185791015625e-07,2.404385805130005,True,951,None
K?qaaxllds]O,4.76837158203125e-07,1.5341968536376953,True,628,None
K?qaazb}@{Uo,2.384185791015625e-07,0.6766560077667236,True,449,None
K?qaaxj|DsUo,2.384185791015625e-07,1.3308720588684082,True,692,None
K?qa`zwjekMW,2.384185791015625e-07,4.278279781341553,True,1057,None
K?qa`zwffKMW,2.384185791015625e-07,2.926875352859497,True,1013,None
K?qa`zwNfcWw,2.384185791015625e-07,18.223312377929688,True,1726,None
K?qa`zs\\dUZO,7.152557373046875e-07,2.4538357257843018,True,958,None
K?qa`z[ydkMW,2.384185791015625e-07,0.18184161186218262,True,150,None
K?qa`z[jfcMW,4.76837158203125e-07,6.255339860916138,True,1193,None
K?qa`y{xesMW,2.384185791015625e-07,3.3232500553131104,True,811,None
K?qa`zq]ekTg,2.384185791015625e-07,12.308271884918213,True,1302,None
K?qa`zinEkMW,2.384185791015625e-07,0.01862955093383789,True,14,None
K?qa`zifbk]G,2.384185791015625e-07,1.3371751308441162,True,634,None
K?qa`zevDsMW,2.384185791015625e-07,1.9524204730987549,True,808,None
K?qa`zeVfcVG,2.384185791015625e-07,2.542224645614624,True,949,None
K?qa`yu^FEZO,2.384185791015625e-07,0.023833513259887695,True,17,None
K?qa`yuxbqZO,2.384185791015625e-07,1.9279754161834717,True,804,None
K?qa`yu\\fQZO,2.384185791015625e-07,1.9443111419677734,True,820,None
K?qa`zM}DkMW,4.76837158203125e-07,2.4207921028137207,True,922,None
K?qa`zM]fcUg,2.384185791015625e-07,1.9959588050842285,True,827,None
K?qa`y]|FSMW,9.5367431640625e-07,0.21926045417785645,True,193,None
K?qa`y]^FE]O,2.384185791015625e-07,1.972423791885376,True,935,None
K?qa`x]yfcUg,2.384185791015625e-07,2.6356289386749268,True,931,None
K?qa`zpxc{NO,2.384185791015625e-07,1.342433214187622,True,649,None
K?qa`zpx`{ZO,4.76837158203125e-07,0.24840307235717773,True,225,None
K?qa`zplb[ZO,4.76837158203125e-07,4.448352575302124,True,1103,None
K?qa`zp\\d[ZO,2.384185791015625e-07,1.9664397239685059,True,778,None
K?qa`zprbsUo,2.384185791015625e-07,3.5192556381225586,True,1057,None
K?qa`zhNfcYo,2.384185791015625e-07,1.6011710166931152,True,732,None
K?qa`zXjfcMo,2.384185791015625e-07,1.358044147491455,True,588,None
K?qa`yx\\fKZO,4.76837158203125e-07,10.977582216262817,True,1387,None
K?qa`yxZfcYo,2.384185791015625e-07,2.142317533493042,True,912,None
K?qa`xxrdk]O,4.76837158203125e-07,4.628168106079102,True,1127,None
K?qa`xxjfcYo,2.384185791015625e-07,0.04728889465332031,True,43,None
K?qa`xxffK]O,2.384185791015625e-07,0.7769629955291748,True,461,None
K?qa`zd\\dsZO,2.384185791015625e-07,1.0327000617980957,True,586,None
K?qa`zdNfcZO,2.384185791015625e-07,1.7926573753356934,True,811,None
K?qa`ytxbsZO,2.384185791015625e-07,0.6247560977935791,True,416,None
K?qa`yt\\fSZO,2.384185791015625e-07,25.562628746032715,True,1537,None
K?qa`ytZfcZO,2.384185791015625e-07,6.687423944473267,True,1220,None
K?qa`xtxdsZO,4.76837158203125e-07,1.565131425857544,True,682,None
K?qa`zLmfcMo,4.76837158203125e-07,1.6201403141021729,True,677,None
K?qa`zL]fcUo,2.384185791015625e-07,0.29575371742248535,True,232,None
K?qa`yl\\fcZO,2.384185791015625e-07,2.023343086242676,True,809,None
K?qa`xltfcVO,2.384185791015625e-07,4.422910690307617,True,1121,None
K?qa`xllfcZO,2.384185791015625e-07,1.9616594314575195,True,792,None
K?qa`y\\xfcNO,4.76837158203125e-07,5.520014762878418,True,1224,None
K?qa`y\\\\fc\\O,2.384185791015625e-07,1.8321523666381836,True,737,None
K?qa`x\\yfcUo,2.384185791015625e-07,0.3066086769104004,True,270,None
K?qa`x\\xfcVO,2.384185791015625e-07,1.6732676029205322,True,765,None
K?qa`zb|@{ZO,2.384185791015625e-07,5.090464353561401,True,1187,None
K?qa`zbNfoYo,2.384185791015625e-07,1.5516753196716309,True,665,None
K?qa`zRZds]_,2.384185791015625e-07,7.845357656478882,True,1306,None
K?qa`yr|B[ZO,2.384185791015625e-07,2.4163432121276855,True,915,None
K?qa`yr^FKZO,2.384185791015625e-07,1.5255141258239746,True,684,None
K?qa`xr{c{\\_,2.384185791015625e-07,1.739806890487671,True,738,None
K?qa`zJnFcMo,2.384185791015625e-07,2.582528829574585,True,871,None
K?qa`xj}EkUo,2.384185791015625e-07,0.2593119144439697,True,224,None
K?qa`xj|EkVO,2.384185791015625e-07,0.10946011543273926,True,107,None
K?qa`xjvFcUo,2.384185791015625e-07,1.991600751876831,True,813,None
K?qa`xZyfgUo,2.384185791015625e-07,0.6524448394775391,True,448,None
K?qa`xZjfc]_,2.384185791015625e-07,2.141974925994873,True,822,None
K?qa`wz|Ek\\O,7.152557373046875e-07,2.5614213943481445,True,888,None
K?qa`zF\\ds^?,2.384185791015625e-07,0.3158395290374756,True,273,None
K?qa`yftbs^?,2.384185791015625e-07,0.682823657989502,True,487,None
K?qa`xf|DsZO,2.384185791015625e-07,2.7570838928222656,True,1024,None
K?qa`xV}FSUo,4.76837158203125e-07,1.7187068462371826,True,749,None
K?qa`xV{foTo,2.384185791015625e-07,1.648946762084961,True,714,None
K?qa`xVmfS]_,2.384185791015625e-07,1.3998229503631592,True,650,None
K?qa`yN\\fc^?,2.384185791015625e-07,1.5814573764801025,True,755,None
K?qa`wntfc^?,2.384185791015625e-07,3.520287036895752,True,1026,None
K?qa`w^xfc^?,4.76837158203125e-07,0.9521534442901611,True,500,None
K?qaeNs^DsFW,2.384185791015625e-07,2.080531597137451,True,924,None
K?qaeM{}BsEw,2.384185791015625e-07,2.327645778656006,True,900,None
K?qadNwvBsEw,2.384185791015625e-07,23.2716863155365,True,1560,None
K?qadLy]ewUg,2.384185791015625e-07,0.07925224304199219,True,75,None
K?qadLytbwVG,4.76837158203125e-07,2.1618995666503906,True,870,None
K?qadLyVfoUg,2.384185791015625e-07,3.9167728424072266,True,1005,None
K?qadL]{bwVG,2.384185791015625e-07,3.3447210788726807,True,988,None
K?qadL]{bqV_,2.384185791015625e-07,0.005921125411987305,True,6,None
K?qadL]\\foVG,4.76837158203125e-07,1.3618781566619873,True,594,None
K?qadK}\\foZG,4.76837158203125e-07,42.105189085006714,True,1837,None
K?qadNX\\bsV_,4.76837158203125e-07,7.69863224029541,True,1196,None
K?qadNRNbw^?,2.384185791015625e-07,2.195250988006592,True,852,None
K?qadMZ\\bw^?,4.76837158203125e-07,1.7452776432037354,True,755,None
K?qadLZ]fgV_,2.384185791015625e-07,6.796726942062378,True,1180,None
K?qadLZlbw^?,2.384185791015625e-07,2.77673602104187,True,958,None
K?qadLZ\\foV_,4.76837158203125e-07,4.610429286956787,True,1174,None
K?qadMV^FoNO,2.384185791015625e-07,2.36521577835083,True,865,None
K?qadLV^Ds^?,2.384185791015625e-07,6.13287091255188,True,1215,None
K?qabNw}C{Ew,2.384185791015625e-07,3.7642250061035156,True,1008,None
K?qabN[}DsEw,4.76837158203125e-07,5.601123571395874,True,1232,None
K?qabN[nDsMW,4.76837158203125e-07,0.5943129062652588,True,431,None
K?qabM{|@uZO,4.76837158203125e-07,1.5339186191558838,True,641,None
K?qabLy|DwRW,2.384185791015625e-07,0.32540202140808105,True,287,None
K?qabLy{dwRg,2.384185791015625e-07,2.9390602111816406,True,941,None
K?qabM]nFoMW,4.76837158203125e-07,0.12488746643066406,True,87,None
K?qabM]nBq]O,2.384185791015625e-07,7.389002799987793,True,1239,None
K?qabL]}DwUW,2.384185791015625e-07,8.664147138595581,True,1215,None
K?qabNX{`{V_,2.384185791015625e-07,5.168469667434692,True,1193,None
K?qabNX]dwUo,2.384185791015625e-07,0.02770066261291504,True,18,None
K?qabNX\\dsV_,2.384185791015625e-07,1.46673583984375,True,634,None
K?qabM\\}BsUo,2.384185791015625e-07,1.8862075805664062,True,761,None
K?qabM\\]ds]_,2.384185791015625e-07,11.409573793411255,True,1437,None
K?qabL\\nDs]O,2.384185791015625e-07,0.11883807182312012,True,80,None
K?qabNRmbwV_,2.384185791015625e-07,2.9860873222351074,True,1001,None
K?qabMZlfoN_,2.384185791015625e-07,9.538837194442749,True,1303,None
K?qabMZNfo]_,2.384185791015625e-07,0.6643071174621582,True,475,None
K?qa`nw}E[Ew,4.76837158203125e-07,0.050528764724731445,True,43,None
K?qa`nwvFSEw,2.384185791015625e-07,2.8628175258636475,True,928,None
K?qa`ns^DsXW,2.384185791015625e-07,7.567691802978516,True,1394,None
K?qa`ns^DUZO,2.384185791015625e-07,6.567650318145752,True,1313,None
K?qa`nsVfSVG,2.384185791015625e-07,2.9305996894836426,True,935,None
K?qa`nkffoMW,2.384185791015625e-07,4.40221381187439,True,1099,None
K?qa`m{tfSNG,4.76837158203125e-07,1.7468931674957275,True,677,None
K?qa`nenBqZO,2.384185791015625e-07,2.4708092212677,True,917,None
K?qa`neffoNG,2.384185791015625e-07,0.6920032501220703,True,478,None
K?qa`neVdq^?,4.76837158203125e-07,0.19805908203125,True,157,None
K?qa`muVfQ^?,4.76837158203125e-07,0.32122254371643066,True,282,None
K?qa`nMnFoMW,2.384185791015625e-07,3.2733519077301025,True,936,None
K?qa`npnB[ZO,2.384185791015625e-07,0.2702970504760742,True,226,None
K?qa`nh|@{ZO,2.384185791015625e-07,2.3672308921813965,True,852,None
K?qa`nhNew]O,4.76837158203125e-07,23.538759469985962,True,1573,None
K?qa`mx|B[ZO,2.384185791015625e-07,3.2480669021606445,True,1026,None
K?qa`mx^FKZO,2.384185791015625e-07,3.699110507965088,True,967,None
K?qa`mxybwYo,2.384185791015625e-07,0.3372821807861328,True,284,None
K?qa`ndNfoZO,2.384185791015625e-07,1.441704273223877,True,652,None
K?qa`ll|DsZO,2.384185791015625e-07,0.37336134910583496,True,328,None
K?qa`llvDs]O,2.384185791015625e-07,3.8000247478485107,True,1083,None
K?qa`llnFcZO,2.384185791015625e-07,0.5431303977966309,True,410,None
K?qa`lltds^?,4.76837158203125e-07,1.2439558506011963,True,619,None
K?qa`m\\|FSNO,2.384185791015625e-07,2.2465968132019043,True,844,None
K?qa`l\\nFc\\O,4.76837158203125e-07,5.40567421913147,True,1195,None
K?qa`l\\xds^?,2.384185791015625e-07,9.022658586502075,True,1380,None
K?qa`l\\jfc^?,2.384185791015625e-07,1.295635461807251,True,607,None
K?qa`k|xfoZO,4.76837158203125e-07,0.5500972270965576,True,406,None
K?qa`kvzFoZO,2.384185791015625e-07,0.22091889381408691,True,201,None
K?qa`mN^Fo]O,7.152557373046875e-07,5.643261909484863,True,1136,None
K?qa`mN]fo]_,2.384185791015625e-07,0.7835962772369385,True,478,None
K?qa`kn}FoYo,2.384185791015625e-07,0.9047670364379883,True,469,None
K?qa`kn|FoZO,7.152557373046875e-07,0.19451618194580078,True,199,None
K?qa`knvFo]O,2.384185791015625e-07,3.875770330429077,True,1061,None
K?qac\\y^FcUg,2.384185791015625e-07,8.582741260528564,True,1330,None
K?qa`^wVfcUg,2.384185791015625e-07,3.212522506713867,True,918,None
K?qa`^sffoMW,2.384185791015625e-07,2.6835567951202393,True,989,None
K?qa`^[lfoMW,2.384185791015625e-07,1.2257087230682373,True,603,None
K?qa`]{ufgMW,2.384185791015625e-07,15.944649696350098,True,1528,None
K?qa`^Y{bwUg,2.384185791015625e-07,2.441735029220581,True,887,None
K?qa`]yvFgMW,4.76837158203125e-07,0.5803678035736084,True,415,None
K?qa`\\yvFcUg,4.76837158203125e-07,2.4444713592529297,True,851,None
K?qa`\\ytfoUg,2.384185791015625e-07,0.024626731872558594,True,12,None
K?qa`^UnFoMW,2.384185791015625e-07,2.830235481262207,True,924,None
K?qa`]]^Fc]G,2.384185791015625e-07,0.997490406036377,True,497,None
K?qa`[}vFc]G,0.0,3.1913092136383057,True,1060,None
K?qa`^XnFcMo,2.384185791015625e-07,4.909590005874634,True,1169,None
K?qa`^TnFcNO,2.384185791015625e-07,2.283674478530884,True,866,None
K?qa`^T^FcVO,2.384185791015625e-07,2.1731226444244385,True,858,None
K?qa`^T\\ds^?,2.384185791015625e-07,3.3491995334625244,True,1101,None
K?qa`]\\\\fc^?,2.384185791015625e-07,0.22098898887634277,True,200,None
K?qa`\\\\lfc^?,2.384185791015625e-07,3.1860451698303223,True,1002,None
K?qa`^R\\dw^?,2.384185791015625e-07,2.337540626525879,True,824,None
K?qa`]Z{fgN_,2.384185791015625e-07,1.8156018257141113,True,703,None
K?qa`]Z\\fg^?,2.384185791015625e-07,1.4329230785369873,True,681,None
K?qa`\\Zlfg^?,2.384185791015625e-07,4.245439767837524,True,1076,None
K?qa`]V]fo]_,4.76837158203125e-07,4.877460479736328,True,1093,None
K?qa`\\V}FoUo,4.76837158203125e-07,2.547738552093506,True,918,None
K?qa`\\VnFo]O,2.384185791015625e-07,2.032620906829834,True,813,None
K?qa`\\Vmfo]_,0.0,6.499659538269043,True,1273,None
K?qa`[^|Fc^?,2.384185791015625e-07,0.7270548343658447,True,507,None
K?qfBp[mUkEs,2.384185791015625e-07,7.903183937072754,True,1243,None
K?qfBp[mQlUo,4.76837158203125e-07,1.3244097232818604,True,562,None
K?qfBp[[twQs,2.384185791015625e-07,3.600520610809326,True,1135,None
K?qfBp[[s{Uc,2.384185791015625e-07,9.224181413650513,True,1323,None
K?qfCxq{RwBs,2.384185791015625e-07,0.41120338439941406,True,338,None
K?qbfaw\\Q{Ps,2.384185791015625e-07,4.2064642906188965,True,1101,None
K?qbfawNI{Ww,2.384185791015625e-07,3.7796037197113037,True,1101,None
K?qbf`wVKmTo,7.152557373046875e-07,6.0206286907196045,True,1243,None
K?qbf`wNKmXo,7.152557373046875e-07,1.5041747093200684,True,736,None
K?qbfRS]S{Es,2.384185791015625e-07,2.265218496322632,True,867,None
K?qbfRS]SlFo,2.384185791015625e-07,2.0800533294677734,True,791,None
K?qbfRS]O|Uo,2.384185791015625e-07,2.719322919845581,True,887,None
K?qbfRS\\PtRo,2.384185791015625e-07,2.780867099761963,True,961,None
K?qbfRSVTsEs,4.76837158203125e-07,3.51889705657959,True,1108,None
K?qbfPsuS{Es,2.384185791015625e-07,1.4861512184143066,True,670,None
K?qbfPsTs{VC,2.384185791015625e-07,0.6760640144348145,True,486,None
K?qbfPslK{JW,4.76837158203125e-07,4.716120719909668,True,1112,None
K?qbfQ[ubhEw,4.76837158203125e-07,5.541486024856567,True,1255,None
K?qbfQ[fbkMK,4.76837158203125e-07,1.4260046482086182,True,674,None
K?qbfQ[]SlMo,2.384185791015625e-07,0.0548856258392334,True,47,None
K?qbfP[VddUg,2.384185791015625e-07,11.1102933883667,True,1376,None
K?qbfP[fNcEw,4.76837158203125e-07,4.732976913452148,True,1066,None
K?qbfP[fJeUo,2.384185791015625e-07,4.223424911499023,True,1056,None
K?qbfP[TlwUW,2.384185791015625e-07,2.0522682666778564,True,834,None
K?qbfP[TlsUg,2.384185791015625e-07,4.604169130325317,True,1162,None
K?qberoVT[Es,7.152557373046875e-07,3.9902503490448,True,1082,None
K?qbepwxHmRo,7.152557373046875e-07,10.726272344589233,True,1332,None
K?qbercVTsEs,4.76837158203125e-07,0.8397541046142578,True,501,None
K?qberceh{Mg,4.76837158203125e-07,6.247754335403442,True,1242,None
K?qberS]TLFo,2.384185791015625e-07,7.208768129348755,True,1210,None
K?qberSjRsEs,7.152557373046875e-07,1.6058008670806885,True,706,None
K?qberSZTsEs,2.384185791015625e-07,0.24264860153198242,True,224,None
K?qberSZTkFS,4.76837158203125e-07,1.5552284717559814,True,698,None
K?qberSYpxUo,4.76837158203125e-07,19.72772979736328,True,1470,None
K?qberSih{Mg,2.384185791015625e-07,1.499884843826294,True,688,None
K?qbepsuT[Es,2.384185791015625e-07,3.101846694946289,True,896,None
K?qbepswpxRo,2.384185791015625e-07,3.6680471897125244,True,931,None
K?qbepsuH{Sw,4.76837158203125e-07,2.018827438354492,True,837,None
K?qbepsrLsEw,7.152557373046875e-07,1.4080264568328857,True,631,None
K?qbepssl[Fg,2.384185791015625e-07,0.35626840591430664,True,310,None
K?qbepsJlkZG,2.384185791015625e-07,4.147879600524902,True,998,None
K?qbepkVdiUS,4.76837158203125e-07,6.887149333953857,True,1210,None
K?qbepkNTkYS,2.384185791015625e-07,1.4616620540618896,True,669,None
K?qbepkMliYo,2.384185791015625e-07,1.9812932014465332,True,748,None
K?qbep[ZddUg,2.384185791015625e-07,1.0437209606170654,True,526,None
K?qbep[{H{Sw,2.384185791015625e-07,2.6827359199523926,True,940,None
K?qbep[ilkMg,2.384185791015625e-07,4.524941682815552,True,1116,None
K?qbep[MnKUg,2.384185791015625e-07,1.2788255214691162,True,593,None
K?qbeo{yamUc,7.152557373046875e-07,5.048968315124512,True,1125,None
K?qbeo{rdiMS,2.384185791015625e-07,6.967820405960083,True,1244,None
K?qbeo{[u[Uc,2.384185791015625e-07,0.36971378326416016,True,304,None
K?qbeo{iukMc,2.384185791015625e-07,0.5351083278656006,True,410,None
K?qbeo{bvgMS,2.384185791015625e-07,1.7773637771606445,True,722,None
K?qbeo{eji[o,2.384185791015625e-07,1.4915845394134521,True,699,None
K?qbeo{hjkZG,2.384185791015625e-07,2.714869499206543,True,884,None
K?qbeo{XlkZG,2.384185791015625e-07,0.357712984085083,True,277,None
K?qbdrKubhEw,2.384185791015625e-07,5.983116865158081,True,1189,None
K?qbdrKfbeMc,2.384185791015625e-07,8.000232219696045,True,1360,None
K?qbdq[prkNC,4.76837158203125e-07,1.3770177364349365,True,583,None
K?qbdp[vDeKs,2.384185791015625e-07,12.123512506484985,True,1370,None
K?qbdp[jeiMS,4.76837158203125e-07,2.6732430458068848,True,927,None
K?qbdp[uPl[o,2.384185791015625e-07,1.5027122497558594,True,690,None
K?qbdp[mQl[o,2.384185791015625e-07,1.9531960487365723,True,832,None
K?qbdp[huwMS,4.76837158203125e-07,5.335054874420166,True,1193,None
K?qbdp[VNEUo,2.384185791015625e-07,0.027608871459960938,True,19,None
K?qbdp[VLe[o,2.384185791015625e-07,13.189964294433594,True,1498,None
K?qbbrSvDUEs,2.384185791015625e-07,1.7520301342010498,True,802,None
K?qbbrSjK{MW,2.384185791015625e-07,1.5823075771331787,True,688,None
K?qbbpsuS{Ss,2.384185791015625e-07,0.45027732849121094,True,358,None
K?qbbpsuSlTo,4.76837158203125e-07,6.021131992340088,True,1134,None
K?qbbrKv@fUo,2.384185791015625e-07,1.842238187789917,True,727,None
K?qbbrK]diQs,2.384185791015625e-07,1.5740489959716797,True,714,None
K?qbbrKVdhUW,2.384185791015625e-07,7.0962302684783936,True,1204,None
K?qbbqk\\MeRo,4.76837158203125e-07,5.332026243209839,True,1108,None
K?qbbqkVMkUW,4.76837158203125e-07,1.4475648403167725,True,649,None
K?qbbqkkmkJg,2.384185791015625e-07,1.1294772624969482,True,528,None
K?qbeZo]S{Es,2.384185791015625e-07,23.801822662353516,True,1502,None
K?qbeZo]P{Qs,2.384185791015625e-07,19.55410599708557,True,1609,None
K?qbeZo\\PtRo,2.384185791015625e-07,1.5190303325653076,True,670,None
K?qbeZoUtwEs,2.384185791015625e-07,9.418474674224854,True,1469,None
K?qbeZoUpxUo,4.76837158203125e-07,2.0107548236846924,True,836,None
K?qbeZo[hyRo,2.384185791015625e-07,0.4961404800415039,True,374,None
K?qbeYslauNC,2.384185791015625e-07,1.2183208465576172,True,542,None
K?qbeYsfbsMK,2.384185791015625e-07,3.7169265747070312,True,1078,None
K?qbeY[Ljq]O,2.384185791015625e-07,3.0199830532073975,True,982,None
K?qbeW{lUsMS,2.384185791015625e-07,1.3855946063995361,True,626,None
K?qbeW{drp]O,2.384185791015625e-07,3.0610744953155518,True,1016,None
K?qbeW{Lud^?,2.384185791015625e-07,2.4984078407287598,True,911,None
K?qbczowq{Fc,2.384185791015625e-07,0.05360054969787598,True,42,None
K?qbczoqrwEs,2.384185791015625e-07,4.517893552780151,True,1047,None
K?qbczoiq{Mc,2.384185791015625e-07,0.4159116744995117,True,333,None
K?qbczobjsMg,2.384185791015625e-07,4.538814544677734,True,1205,None
K?qbczWybiEs,4.76837158203125e-07,1.4195237159729004,True,573,None
K?qbcxwvDMMS,2.384185791015625e-07,12.509264469146729,True,1380,None
K?qbcxwyalUg,2.384185791015625e-07,5.67697548866272,True,1061,None
K?qbcxwubLUg,2.384185791015625e-07,0.6231143474578857,True,407,None
K?qbcxwxS{MS,2.384185791015625e-07,0.1285543441772461,True,117,None
K?qbcxwrTkMS,2.384185791015625e-07,0.12245464324951172,True,100,None
K?qbcxwVVcSs,2.384185791015625e-07,3.671489715576172,True,1138,None
K?qbcxwsj[Ug,2.384185791015625e-07,8.338915824890137,True,1321,None
K?qbcxkmUkMS,2.384185791015625e-07,0.25012993812561035,True,233,None
K?qbcxkevgMS,4.76837158203125e-07,0.12353825569152832,True,98,None
K?qbcxkerh]O,2.384185791015625e-07,1.0543224811553955,True,581,None
K?qbcx[]Td[o,2.384185791015625e-07,0.044875144958496094,True,38,None
K?qbcx[YvcUc,2.384185791015625e-07,1.6914832592010498,True,731,None
K?qbcx[Ytd]_,2.384185791015625e-07,3.2785425186157227,True,1010,None
K?qbcx[Mvc[c,2.384185791015625e-07,2.8891685009002686,True,930,None
K?qbcx[hrp]O,2.384185791015625e-07,1.7854080200195312,True,755,None
K?qbcx[]NKUW,4.76837158203125e-07,1.9451777935028076,True,842,None
K?qbazojQ{US,4.76837158203125e-07,2.6058077812194824,True,934,None
K?qbazoVTdTo,2.384185791015625e-07,2.402275800704956,True,849,None
K?qbazoUtXUo,2.384185791015625e-07,0.8116359710693359,True,501,None
K?qbazoTtXVO,4.76837158203125e-07,5.879751443862915,True,1194,None
K?qbaw{lUd\\O,2.384185791015625e-07,2.8512790203094482,True,911,None
K?qbaw{qtk]C,4.76837158203125e-07,2.581317186355591,True,860,None
K?qbaw{qtd]_,2.384185791015625e-07,1.223456859588623,True,580,None
K?qbbfWptwFc,2.384185791015625e-07,6.774566888809204,True,1171,None
K?qbbfWdtXN_,2.384185791015625e-07,1.6051268577575684,True,679,None
K?qbbfWLsx\\_,2.384185791015625e-07,1.3975074291229248,True,543,None
K?qbbfWFth\\_,2.384185791015625e-07,3.1115872859954834,True,948,None
K?qbbewTsx\\_,2.384185791015625e-07,2.1292800903320312,True,786,None
K?qbbdwlK{Xg,2.384185791015625e-07,23.40700364112854,True,1686,None
K?qbbfKspxV_,2.384185791015625e-07,2.191556930541992,True,826,None
K?qbbdkucyUc,2.384185791015625e-07,0.3468170166015625,True,287,None
K?qbbe[rbqUc,2.384185791015625e-07,1.7288472652435303,True,727,None
K?qbbe[wsxN_,4.76837158203125e-07,5.660778522491455,True,1102,None
K?qbbe[[sx\\_,2.384185791015625e-07,2.6798837184906006,True,802,None
K?qbbe[YuwUc,2.384185791015625e-07,4.995459318161011,True,1098,None
K?qbbe[evHN_,2.384185791015625e-07,0.11248445510864258,True,83,None
K?qbbe[RvoUc,4.76837158203125e-07,20.15142035484314,True,1513,None
K?qbbe[rLwMW,2.384185791015625e-07,14.769570112228394,True,1218,None
K?qbbd[xcyVC,2.384185791015625e-07,1.2243812084197998,True,634,None
K?qbbd[tdXVG,2.384185791015625e-07,0.5615029335021973,True,410,None
K?qbbd[rdhVG,2.384185791015625e-07,1.2040259838104248,True,547,None
K?qbbd[etX]_,2.384185791015625e-07,3.862492561340332,True,1027,None
K?qbbd[tLUV_,2.384185791015625e-07,1.2136414051055908,True,528,None
K?qbbVol_zZ_,2.384185791015625e-07,0.6888484954833984,True,462,None
K?qbbVS\\TpRo,2.384185791015625e-07,0.23205232620239258,True,211,None
K?qbbVS\\SxVO,2.384185791015625e-07,6.06622052192688,True,1102,None
K?qbbVStHyVO,2.384185791015625e-07,1.661900281906128,True,714,None
K?qbbVSfLwMW,2.384185791015625e-07,0.47659778594970703,True,360,None
K?qbbTsucxUg,2.384185791015625e-07,0.25955867767333984,True,246,None
K?qbbTslcyZC,2.384185791015625e-07,7.207651853561401,True,1279,None
K?qbbTsstwRc,2.384185791015625e-07,5.393618106842041,True,1175,None
K?qbbTstKyVO,4.76837158203125e-07,2.274282217025757,True,875,None
K?qbbS{suwUc,2.384185791015625e-07,2.645475149154663,True,911,None
K?qbbS{dup]_,2.384185791015625e-07,1.4933862686157227,True,689,None
K?qdRbwVQmUo,4.76837158203125e-07,1.9226880073547363,True,840,None
K?qdRbst`yJW,4.76837158203125e-07,0.4299788475036621,True,358,None
K?qdRbs\\cyJW,2.384185791015625e-07,7.453761339187622,True,1350,None
K?qdRbs\\ayRW,2.384185791015625e-07,1.4829518795013428,True,691,None
K?qdRbstRsBw,2.384185791015625e-07,1.4211151599884033,True,664,None
K?qdRbsdrwJW,2.384185791015625e-07,2.7538087368011475,True,952,None
K?qdRb[fReMo,2.384185791015625e-07,0.4794785976409912,True,383,None
K?qdRb[erkMg,2.384185791015625e-07,0.023168325424194336,True,12,None
K?qdRa{tQ{MW,2.384185791015625e-07,0.9411160945892334,True,545,None
K?qdR`{}AmQw,2.384185791015625e-07,1.7625606060028076,True,791,None
K?qdR`{NUkYW,4.76837158203125e-07,0.04031562805175781,True,33,None
K?qdRbqVayUg,4.76837158203125e-07,2.2331972122192383,True,936,None
K?qdRbYfRiMo,2.384185791015625e-07,1.6390492916107178,True,715,None
K?qdR`ynAmYg,2.384185791015625e-07,1.41851806640625,True,686,None
K?qdR`yNUiYo,2.384185791015625e-07,0.35561084747314453,True,313,None
K?qdR`u\\cyZG,2.384185791015625e-07,0.8116245269775391,True,442,None
K?qdRa]uRiMo,2.384185791015625e-07,1.1683204174041748,True,579,None
K?qdRa]sriN_,2.384185791015625e-07,0.1560053825378418,True,136,None
K?qdR_}]UiYo,4.76837158203125e-07,2.061053991317749,True,853,None
K?qdR_}[uiZ_,2.384185791015625e-07,1.6221873760223389,True,700,None
K?qdRbptP{Jo,2.384185791015625e-07,2.095569133758545,True,848,None
K?qdRbX^EkEw,2.384185791015625e-07,1.033700704574585,True,583,None
K?qdRbX^AmUo,2.384185791015625e-07,2.9673280715942383,True,975,None
K?qdRbXVbiUo,2.384185791015625e-07,0.19276118278503418,True,211,None
K?qdRbXtRkFo,2.384185791015625e-07,0.6360089778900146,True,470,None
K?qdRbXNUkMo,4.76837158203125e-07,6.375013589859009,True,1234,None
K?qdR`xtS{Mo,2.384185791015625e-07,0.6996297836303711,True,473,None
K?qdRbT}A{Ew,2.384185791015625e-07,6.207822561264038,True,1197,None
K?qdRat\\UsJo,2.384185791015625e-07,8.914968490600586,True,1273,None
K?qdR`terwYo,2.384185791015625e-07,10.77593183517456,True,1412,None
K?qdRa\\|A{MW,2.384185791015625e-07,2.2533862590789795,True,799,None
K?qdRa\\{a{Mg,2.384185791015625e-07,2.5430095195770264,True,941,None
K?qdR`\\vBeUo,2.384185791015625e-07,1.2875399589538574,True,570,None
K?qdR`\\VfgUW,2.384185791015625e-07,3.0439136028289795,True,1006,None
K?qdR`\\VfaUo,2.384185791015625e-07,1.463484525680542,True,621,None
K?qdR`\\{S{Mo,2.384185791015625e-07,3.8502755165100098,True,1082,None
K?qdR_|ueiMo,2.384185791015625e-07,16.035648584365845,True,1543,None
K?qdR_|VfcYg,2.384185791015625e-07,5.478712558746338,True,1188,None
K?qdR_|Vee]_,7.152557373046875e-07,1.4907805919647217,True,768,None
K?qdRbRfRkN_,2.384185791015625e-07,0.2151789665222168,True,204,None
K?qdR`rlQ{Z_,2.384185791015625e-07,1.528792142868042,True,713,None
K?qdRaZ\\bwYg,2.384185791015625e-07,5.0483078956604,True,1189,None
K?qdRaZVfgMg,2.384185791015625e-07,0.5619678497314453,True,406,None
K?qdR_zvEiMo,4.76837158203125e-07,1.5426685810089111,True,693,None
K?qdR_zVei]_,2.384185791015625e-07,0.38025736808776855,True,344,None
K?qdRaV}A{Mg,2.384185791015625e-07,2.0420100688934326,True,814,None
K?qdRaVubiN_,2.384185791015625e-07,1.1273586750030518,True,564,None
K?qdRaVVfgNG,2.384185791015625e-07,0.2719879150390625,True,257,None
K?qdRaVtRwNO,4.76837158203125e-07,8.732556104660034,True,1351,None
K?qdR`VtRwVO,2.384185791015625e-07,0.3758242130279541,True,318,None
K?qdPjw\\eiJW,2.384185791015625e-07,51.29654026031494,True,1928,None
K?qdPjwuRkIw,2.384185791015625e-07,5.92537260055542,True,1170,None
K?qdPjs}AuIw,2.384185791015625e-07,1.4801931381225586,True,684,None
K?qdPj[uRkMW,2.384185791015625e-07,1.2491416931152344,True,597,None
K?qdPjXVbi]O,2.384185791015625e-07,5.506487846374512,True,1280,None
K?qdPjXtRsMo,2.384185791015625e-07,0.21590876579284668,True,192,None
K?qdPjX\\RsYo,2.384185791015625e-07,0.16329097747802734,True,133,None
K?qdPjX[rwYo,2.384185791015625e-07,2.8494555950164795,True,909,None
K?qdV`s]I{Qw,2.384185791015625e-07,4.903287649154663,True,1195,None
K?qdV`[ubhEw,2.384185791015625e-07,2.3623740673065186,True,926,None
K?qdV`[NfcIk,2.384185791015625e-07,0.2469630241394043,True,221,None
K?qdV`[drkNC,2.384185791015625e-07,5.030989170074463,True,1110,None
K?qdV`[NJeYo,2.384185791015625e-07,7.300596714019775,True,1319,None
K?qdV`U}A{Ek,2.384185791015625e-07,3.788121223449707,True,1090,None
K?qdV`U{`xJg,2.384185791015625e-07,0.6178402900695801,True,430,None
K?qdV`U{Q{Fc,4.76837158203125e-07,3.58206844329834,True,1096,None
K?qdV`UuPlN_,4.76837158203125e-07,0.7797813415527344,True,487,None
K?qdUhsv@tMW,2.384185791015625e-07,2.0615901947021484,True,846,None
K?qdRhs^EeRS,2.384185791015625e-07,0.5613069534301758,True,388,None
K?qbTjotP{JS,4.76837158203125e-07,3.1635935306549072,True,960,None
K?qbTjoNUkJS,2.384185791015625e-07,2.8183605670928955,True,949,None
K?qbTjSTrsVC,2.384185791015625e-07,4.15243673324585,True,1036,None
K?qbSvSMvgMc,2.384185791015625e-07,1.248814344406128,True,627,None
K?qbSus{IyMo,2.384185791015625e-07,2.144768476486206,True,804,None
K?qbStsmfgIk,2.384185791015625e-07,7.474163055419922,True,1225,None
K?qbStsmbiYc,2.384185791015625e-07,2.9494426250457764,True,909,None
K?qbStsmbhYg,2.384185791015625e-07,2.826624870300293,True,978,None
K?qbSts]dhYg,2.384185791015625e-07,3.5788424015045166,True,971,None
K?qbStsfbh]G,2.384185791015625e-07,2.66929292678833,True,912,None
K?q`vBwNUkIw,2.384185791015625e-07,3.094815254211426,True,1085,None
K?q`vBsvAmFW,4.76837158203125e-07,2.6034646034240723,True,966,None
K?q`vBsmQmJo,2.384185791015625e-07,8.047788619995117,True,1383,None
K?q`vBstP{JW,2.384185791015625e-07,40.53090190887451,True,1752,None
K?q`vBs\\S{JW,2.384185791015625e-07,1.9789729118347168,True,773,None
K?q`vBsfRkJW,2.384185791015625e-07,1.4274077415466309,True,719,None
K?q`vBsfReJo,2.384185791015625e-07,4.273999452590942,True,1136,None
K?q`vBsNUkJW,2.384185791015625e-07,1.9687206745147705,True,756,None
K?q`vBsNUeJo,4.76837158203125e-07,0.2491776943206787,True,214,None
K?q`vBsLuwJW,2.384185791015625e-07,0.5023114681243896,True,414,None
K?q`vB[mbiIw,2.384185791015625e-07,6.088339567184448,True,1251,None
K?q`vB[fReMo,2.384185791015625e-07,5.764064073562622,True,1186,None
K?q`vA{\\UkJW,2.384185791015625e-07,5.912280797958374,True,1205,None
K?q`vA{[q{Yg,2.384185791015625e-07,3.189239740371704,True,1034,None
K?q`vBqfayMg,4.76837158203125e-07,0.6156370639801025,True,435,None
K?q`vBqTsyN_,2.384185791015625e-07,9.078751802444458,True,1333,None
K?q`vBYFri]_,2.384185791015625e-07,1.525329351425171,True,672,None
K?q`vBU\\`yZG,2.384185791015625e-07,2.0255649089813232,True,775,None
K?q`vBUTtqN_,2.384185791015625e-07,0.4246501922607422,True,350,None
K?q`vAutRwJW,2.384185791015625e-07,1.660506010055542,True,747,None
K?q`v@u{cyJg,4.76837158203125e-07,13.278234481811523,True,1488,None
K?q`vA]uRiMo,4.76837158203125e-07,0.17573142051696777,True,149,None
K?q`vA][rwYg,2.384185791015625e-07,5.690880060195923,True,1256,None
K?q`vA]TvaN_,2.384185791015625e-07,11.76314091682434,True,1563,None
K?q`vBX\\UkFo,2.384185791015625e-07,2.1954898834228516,True,819,None
K?q`vBTu`yMo,2.384185791015625e-07,1.3377916812896729,True,658,None
K?q`vBRfbwMg,2.384185791015625e-07,0.15827536582946777,True,151,None
K?q`vBR\\UwFo,2.384185791015625e-07,4.5179643630981445,True,1140,None
K?q`qjw}DMIw,2.384185791015625e-07,1.3905301094055176,True,636,None
K?q`qjkudiMW,4.76837158203125e-07,1.6878035068511963,True,714,None
K?q`qjktdqMW,2.384185791015625e-07,3.0685782432556152,True,1000,None
K?q`qjkleqMW,4.76837158203125e-07,1.4526166915893555,True,711,None
K?q`qj[}DMMW,2.384185791015625e-07,3.727389097213745,True,1038,None
K?q`qj[zDeMW,2.384185791015625e-07,0.25670313835144043,True,207,None
K?q`qj[^De[W,2.384185791015625e-07,1.6400961875915527,True,777,None
K?q`qj[jfaMW,4.76837158203125e-07,28.54833745956421,True,1683,None
K?q`qj[yTkMW,7.152557373046875e-07,1.5016324520111084,True,635,None
K?q`qj[yPm]O,2.384185791015625e-07,0.5161950588226318,True,403,None
K?q`qj[]VEUo,2.384185791015625e-07,0.5701193809509277,True,414,None
K?q`qj[]Te[o,2.384185791015625e-07,2.314105272293091,True,938,None
K?q`qj[jVcMW,2.384185791015625e-07,2.541964530944824,True,827,None
K?q`qj[iri]O,2.384185791015625e-07,1.6129403114318848,True,763,None
K?q`qj[YvcUg,2.384185791015625e-07,0.5278081893920898,True,416,None
K?q`qh{tdq[W,2.384185791015625e-07,1.9105198383331299,True,777,None
K?q`qjinEiMW,2.384185791015625e-07,12.6969575881958,True,1545,None
K?q`qjiNVcYg,2.384185791015625e-07,2.0365219116210938,True,830,None
K?q`qjiNUk]G,2.384185791015625e-07,1.4062035083770752,True,667,None
K?q`qjM}DiMW,2.384185791015625e-07,2.614121675491333,True,838,None
K?q`qjM|BqUW,2.384185791015625e-07,3.8910183906555176,True,1061,None
K?q`qjM]VcUg,2.384185791015625e-07,1.260087490081787,True,585,None
K?q`qjMMvg]G,2.384185791015625e-07,0.319061279296875,True,279,None
K?q`qim}EiMW,7.152557373046875e-07,4.352355241775513,True,1023,None
K?q`qim]VcYg,2.384185791015625e-07,3.077651023864746,True,1050,None
K?q`qimUvg]G,4.76837158203125e-07,10.20624041557312,True,1279,None
K?q`qhm|DeZG,2.384185791015625e-07,9.134196281433105,True,1466,None
K?q`qhm{diZG,2.384185791015625e-07,0.5382845401763916,True,372,None
K?q`qhmtdq]G,2.384185791015625e-07,1.9526276588439941,True,841,None
K?q`qhmlfaZG,4.76837158203125e-07,5.27837061882019,True,1157,None
K?q`qhmmVcYg,4.76837158203125e-07,1.9320001602172852,True,829,None
K?q`qhmsvoUg,2.384185791015625e-07,3.71413516998291,True,1055,None
K?q`qhmevg]G,4.76837158203125e-07,3.025639772415161,True,992,None
K?q`qh]jVa]O,2.384185791015625e-07,2.4048545360565186,True,924,None
K?q`qh]ivg]G,4.76837158203125e-07,2.8482697010040283,True,1019,None
K?q`qiN}FgMW,2.384185791015625e-07,6.459332227706909,True,1278,None
K?q`vborQlFo,2.384185791015625e-07,2.470425605773926,True,853,None
K?q`vborPlJo,2.384185791015625e-07,3.319697380065918,True,1046,None
K?q`vbofQ{Ks,2.384185791015625e-07,0.8913304805755615,True,484,None
K?q`urctJeFo,2.384185791015625e-07,0.2731974124908447,True,258,None
K?q`urS]RLUo,2.384185791015625e-07,31.860548973083496,True,1685,None
K?q`urSjRkMS,4.76837158203125e-07,2.4177489280700684,True,914,None
K?q`urSirkMc,2.384185791015625e-07,2.454627275466919,True,922,None
K?q`urSMvKMc,2.384185791015625e-07,9.133664608001709,True,1254,None
K?q`upsirhYo,4.76837158203125e-07,0.39572834968566895,True,331,None
K?q`upsptwMS,2.384185791015625e-07,0.6799964904785156,True,464,None
K?q`upsLnKZG,2.384185791015625e-07,0.28060030937194824,True,218,None
K?q`upqNVgWs,4.76837158203125e-07,0.2628781795501709,True,249,None
K?q`uqe\\bhZG,4.76837158203125e-07,2.028823137283325,True,784,None
K?q`trSwi{Mg,2.384185791015625e-07,1.643218755722046,True,692,None
K?q`trEvBiMS,2.384185791015625e-07,0.5032758712768555,True,402,None
K?q`vJo\\Q{RS,2.384185791015625e-07,4.725966215133667,True,1150,None
K?q`vJofRkJS,2.384185791015625e-07,0.10262703895568848,True,72,None
K?q`vJofRdJo,2.384185791015625e-07,0.0920412540435791,True,76,None
K?q`vJoNUsIs,2.384185791015625e-07,1.4557344913482666,True,715,None
K?q`vJoNUkJS,4.76837158203125e-07,3.872708320617676,True,1009,None
K?q`vJoeqxMo,2.384185791015625e-07,2.532383918762207,True,920,None
K?q`vJoLuwJS,2.384185791015625e-07,4.907495498657227,True,1168,None
K?q`vJoLupJo,4.76837158203125e-07,2.1140635013580322,True,857,None
K?q`vJouH{Iw,2.384185791015625e-07,4.190057754516602,True,1198,None
K?q`ujcfbqMS,2.384185791015625e-07,1.8929710388183594,True,769,None
K?q`uisxbqJS,2.384185791015625e-07,3.2896201610565186,True,980,None
K?q`uiswi{NG,4.76837158203125e-07,1.930492639541626,True,825,None
K?q`uhs{T[JS,2.384185791015625e-07,2.0240259170532227,True,879,None
K?q`uhsyS{MS,2.384185791015625e-07,2.8202316761016846,True,986,None
K?q`uhsxQtVO,2.384185791015625e-07,2.6530160903930664,True,855,None
K?q`uhstPt\\O,2.384185791015625e-07,1.603395700454712,True,663,None
K?q`uhslQt\\O,2.384185791015625e-07,1.2755978107452393,True,620,None
K?q`uZonBdIw,4.76837158203125e-07,2.9141478538513184,True,951,None
K?q`uZombhIw,2.384185791015625e-07,0.3877420425415039,True,309,None
K?q`uZomRkIs,2.384185791015625e-07,2.918905258178711,True,965,None
K?q`uZofRdMo,2.384185791015625e-07,1.7566900253295898,True,730,None
K?q`uZoFvcMc,2.384185791015625e-07,0.16703176498413086,True,156,None
K?q`uZoFrk]C,2.384185791015625e-07,3.3448874950408936,True,995,None
K?q`uZo{I{Ew,2.384185791015625e-07,1.4804224967956543,True,672,None
K?q`uZo{ImFo,2.384185791015625e-07,30.929343461990356,True,1695,None
K?q`uZSMrh]O,4.76837158203125e-07,2.2134335041046143,True,856,None
K?q`uYsubhMW,2.384185791015625e-07,0.14071106910705566,True,108,None
K?q`uYstbpMW,2.384185791015625e-07,2.983769178390503,True,1054,None
K?q`uYsUvgMS,4.76837158203125e-07,11.532143592834473,True,1499,None
K?q`uXsmUkMS,2.384185791015625e-07,5.315499305725098,True,1118,None
K?q`uXsevgMS,2.384185791015625e-07,1.5106947422027588,True,559,None
K?q`uXserh]O,2.384185791015625e-07,1.3658716678619385,True,607,None
K?q`uXsLud^?,2.384185791015625e-07,2.2104709148406982,True,788,None
K?q`uXs\\MeVO,2.384185791015625e-07,3.1273133754730225,True,965,None
K?q`uYq{IyMo,2.384185791015625e-07,0.9334816932678223,True,482,None
K?q`uXqfVgMS,2.384185791015625e-07,0.14243555068969727,True,127,None
K?q`uXqNUd]_,2.384185791015625e-07,13.471352338790894,True,1423,None
K?q`uXqkjwYg,2.384185791015625e-07,1.8935942649841309,True,759,None
K?q`uXqdnoMg,4.76837158203125e-07,9.051410436630249,True,1355,None
K?q`szosrhLo,4.76837158203125e-07,0.28821754455566406,True,230,None
K?q`szo{JMJo,2.384185791015625e-07,2.7519092559814453,True,989,None
K?q`szoxJeJo,2.384185791015625e-07,2.2270431518554688,True,879,None
K?q`szoxIuMo,2.384185791015625e-07,0.08071279525756836,True,48,None
K?q`szc\\VcJS,2.384185791015625e-07,1.5124096870422363,True,751,None
K?q`szSybhMW,7.152557373046875e-07,1.7568249702453613,True,682,None
K?q`sxsxUsMS,2.384185791015625e-07,3.1898157596588135,True,1026,None
K?q`sxsqvgMS,7.152557373046875e-07,4.520991086959839,True,1124,None
K?q`sxsqrh]O,7.152557373046875e-07,7.369798898696899,True,1200,None
K?q`szavBhMW,2.384185791015625e-07,1.314699649810791,True,671,None
K?q`sxqvFIMS,2.384185791015625e-07,0.21507716178894043,True,193,None
K?q`sxqXngZG,2.384185791015625e-07,3.753568649291992,True,988,None
K?q`qzouRLUo,2.384185791015625e-07,0.7408246994018555,True,475,None
K?q`qzS]VDUo,2.384185791015625e-07,1.678056001663208,True,755,None
K?q`qzSYth]O,2.384185791015625e-07,4.516232490539551,True,1145,None
K?q`qysxUdNO,4.76837158203125e-07,6.531707048416138,True,1185,None
K?q`qys\\Ud\\O,2.384185791015625e-07,0.0300140380859375,True,19,None
K?q`qysqrk]C,2.384185791015625e-07,0.5838510990142822,True,450,None
K?q`qysUvc[c,4.76837158203125e-07,3.9227232933044434,True,1028,None
K?q`qxsmUk[S,2.384185791015625e-07,0.2693898677825928,True,233,None
K?q`qxsxUdVO,2.384185791015625e-07,2.025473117828369,True,819,None
K?q`qxslUd\\O,2.384185791015625e-07,17.685045957565308,True,1591,None
K?q`qxsivcYc,2.384185791015625e-07,0.7306735515594482,True,490,None
K?q`qxsevc[c,4.76837158203125e-07,0.2995774745941162,True,278,None
K?q`qxsevK]C,2.384185791015625e-07,1.5816466808319092,True,703,None
K?q`qzE]Th]O,7.152557373046875e-07,57.899718284606934,True,1829,None
K?q`qye]f`Yg,2.384185791015625e-07,1.7183303833007812,True,756,None
K?q`qyetJq]O,2.384185791015625e-07,0.61977219581604,True,444,None
K?q`qye\\NcZG,4.76837158203125e-07,1.5537855625152588,True,773,None
K?q`qye\\NaZO,7.152557373046875e-07,2.3186826705932617,True,884,None
K?q`qye[noYg,2.384185791015625e-07,2.6013827323913574,True,944,None
K?q`qye[ngZG,2.384185791015625e-07,1.7231135368347168,True,784,None
K?q`qxelNaZO,4.76837158203125e-07,4.267717123031616,True,1120,None
K?q`qxelMe^?,2.384185791015625e-07,0.6343224048614502,True,446,None
K?q`tVS\\NgJW,2.384185791015625e-07,1.381854772567749,True,652,None
K?ovEbwjayEw,2.384185791015625e-07,2.370333671569824,True,831,None
K?ovEbwfbYEw,2.384185791015625e-07,18.75905442237854,True,1715,None
K?ovEbwbrwEw,2.384185791015625e-07,3.5549092292785645,True,988,None
K?ovEbkfbqEw,2.384185791015625e-07,2.4141836166381836,True,886,None
K?ovEbkerwEw,2.384185791015625e-07,5.523946046829224,True,1093,None
K?ovEa{NbiXW,7.152557373046875e-07,1.7026216983795166,True,713,None
K?ovEa{hrsJg,2.384185791015625e-07,2.571234941482544,True,942,None
K?ovEbifRwEw,2.384185791015625e-07,0.6018800735473633,True,455,None
K?ovEbYlbYFg,2.384185791015625e-07,0.35561585426330566,True,321,None
K?ovEbYhpyN_,4.76837158203125e-07,2.467329740524292,True,831,None
K?ovEaytbYFg,2.384185791015625e-07,0.13295960426330566,True,100,None
K?ovEayrbiFg,2.384185791015625e-07,0.14391231536865234,True,125,None
K?ovEayppyN_,2.384185791015625e-07,2.6127982139587402,True,873,None
K?ovEayFri\\_,4.76837158203125e-07,3.430161237716675,True,1011,None
K?ovEbMlbqFg,7.152557373046875e-07,0.461045503616333,True,373,None
K?ovEbMmRwEw,2.384185791015625e-07,0.7152144908905029,True,498,None
K?ovEbMmP{Mg,4.76837158203125e-07,7.6780805587768555,True,1262,None
K?ovEam\\bqRg,2.384185791015625e-07,1.8861305713653564,True,832,None
K?ovEamNbiZG,2.384185791015625e-07,2.0861330032348633,True,834,None
K?ovEammRkJg,2.384185791015625e-07,0.13034892082214355,True,113,None
K?ovEamfRwMW,2.384185791015625e-07,0.4267096519470215,True,359,None
K?ovEa]nBqKw,2.384185791015625e-07,1.4142796993255615,True,562,None
K?ovEa]{bYFg,7.152557373046875e-07,1.3289382457733154,True,628,None
K?ovEa]lRqLo,2.384185791015625e-07,7.6539225578308105,True,1389,None
K?ovEa]jRwMW,2.384185791015625e-07,0.030750036239624023,True,21,None
K?ovE_}x`yZG,2.384185791015625e-07,0.19362258911132812,True,173,None
K?ovE_}NfIZG,2.384185791015625e-07,1.1885817050933838,True,634,None
K?ovE_}NVgXW,2.384185791015625e-07,32.46367073059082,True,1699,None
K?ovEbbNdwJg,2.384185791015625e-07,1.9134705066680908,True,788,None
K?ovEbJnBwEw,2.384185791015625e-07,14.990038871765137,True,1290,None
K?ovE_ztdwLg,4.76837158203125e-07,14.524390935897827,True,1487,None
K?ovE_zptwN_,2.384185791015625e-07,0.24261140823364258,True,202,None
K?ovE_zJvgZ_,4.76837158203125e-07,0.3161604404449463,True,272,None
K?ovEafNbwZG,2.384185791015625e-07,18.661947011947632,True,1380,None
K?ovEafFvoN_,2.384185791015625e-07,1.820962905883789,True,855,None
K?ovEaNlbqN_,2.384185791015625e-07,0.26859354972839355,True,243,None
K?ovEaNNbq]_,2.384185791015625e-07,1.9890291690826416,True,740,None
K?ovE_nlbwZG,2.384185791015625e-07,0.5441043376922607,True,425,None
K?ovE_nNfgZG,2.384185791015625e-07,0.23218131065368652,True,230,None
K?ovE_nlUsN_,4.76837158203125e-07,2.955859422683716,True,958,None
K?ovE_nFvg^?,2.384185791015625e-07,5.147608280181885,True,1178,None
K?ovDbwrayEw,2.384185791015625e-07,0.2348775863647461,True,213,None
K?ovDbwrQ{Ew,2.384185791015625e-07,6.524362325668335,True,1161,None
K?ovDbwNU[Iw,2.384185791015625e-07,1.0208282470703125,True,513,None
K?ovDbk}?}Iw,2.384185791015625e-07,10.183905601501465,True,1390,None
K?ovDbkvAuEw,4.76837158203125e-07,0.163254976272583,True,135,None
K?ovDbk^CmJW,2.384185791015625e-07,2.457288980484009,True,903,None
K?ovDbkuayEw,2.384185791015625e-07,4.934349298477173,True,1124,None
K?ovDbkmamJg,2.384185791015625e-07,1.9046661853790283,True,770,None
K?ovDbk\\cyJW,2.384185791015625e-07,1.8517675399780273,True,788,None
K?ovDbkmQmJo,2.384185791015625e-07,6.912007808685303,True,1184,None
K?ovDbktPuJo,2.384185791015625e-07,6.052913665771484,True,1156,None
K?ovDb[v@uKw,2.384185791015625e-07,15.133586406707764,True,1418,None
K?ovDb[ubYEw,2.384185791015625e-07,3.2973930835723877,True,908,None
K?ovDb[r`uMg,2.384185791015625e-07,1.3315773010253906,True,599,None
K?ovDb[fbiLW,2.384185791015625e-07,3.2478678226470947,True,1007,None
K?ovDb[uR[Ew,2.384185791015625e-07,2.042412519454956,True,809,None
K?ovDb[uP{Kw,2.384185791015625e-07,0.06899881362915039,True,51,None
K?ovDb[rRsEw,4.76837158203125e-07,1.9933719635009766,True,852,None
K?ovDb[rP{MW,4.76837158203125e-07,2.060379981994629,True,834,None
K?ovDb[qrwEw,7.152557373046875e-07,1.6906540393829346,True,720,None
K?ovDb[eriLo,2.384185791015625e-07,1.172295093536377,True,540,None
K?ovDbqbrwJg,2.384185791015625e-07,2.3086915016174316,True,906,None
K?ovDbivAyEw,2.384185791015625e-07,0.05071878433227539,True,42,None
K?ovDbYlbYJg,4.76837158203125e-07,3.0004608631134033,True,960,None
K?ovDbYrbiFg,2.384185791015625e-07,9.517231464385986,True,1292,None
K?ovDbYNfIJg,2.384185791015625e-07,1.3864598274230957,True,725,None
K?ovDbYrRwEw,4.76837158203125e-07,3.2827298641204834,True,948,None
K?ovDbYrP{Mg,2.384185791015625e-07,3.871126174926758,True,1035,None
K?ovDbYhrwJg,2.384185791015625e-07,1.4537854194641113,True,669,None
K?ovDayxQ{Jg,2.384185791015625e-07,2.411262273788452,True,930,None
K?ovD`yNeiXg,2.384185791015625e-07,26.74937629699707,True,1666,None
K?ovD`yhqyZ_,2.384185791015625e-07,1.7631237506866455,True,798,None
K?ovDbe^CyJW,2.384185791015625e-07,1.6396348476409912,True,738,None
K?ovDbe]SyJo,4.76837158203125e-07,2.970604181289673,True,966,None
K?ovDbU]cyLg,2.384185791015625e-07,1.9290008544921875,True,805,None
K?ovDbUfbqLg,2.384185791015625e-07,1.4723358154296875,True,706,None
K?ovDbUiqyN_,2.384185791015625e-07,2.3122050762176514,True,905,None
K?ovDbUMuwLg,2.384185791015625e-07,3.837559938430786,True,1108,None
K?ovDbUbrqN_,2.384185791015625e-07,1.9621551036834717,True,766,None
K?ovDau^AyXW,2.384185791015625e-07,1.507469654083252,True,801,None
K?ovDauyQ{Jg,2.384185791015625e-07,2.499673843383789,True,919,None
K?ovD`ur`yZG,2.384185791015625e-07,4.506221055984497,True,1092,None
K?ovD`ufbYZG,2.384185791015625e-07,3.550332546234131,True,1034,None
K?ovD`uNUwXW,2.384185791015625e-07,2.4615185260772705,True,884,None
K?ovD`uNUYZO,4.76837158203125e-07,1.9623992443084717,True,693,None
K?ovD`uJuwZG,2.384185791015625e-07,3.65305495262146,True,1109,None
K?ovDamtQ{NG,2.384185791015625e-07,0.4601895809173584,True,359,None
K?ovDam[uwJg,2.384185791015625e-07,0.6669323444366455,True,428,None
K?ovFawXsxJo,2.384185791015625e-07,0.3867809772491455,True,351,None
K?ovFawfImLo,2.384185791015625e-07,9.224852561950684,True,1343,None
K?ovFawph{Jg,2.384185791015625e-07,0.12181401252746582,True,113,None
K?ovFawJiyYo,2.384185791015625e-07,1.8177621364593506,True,851,None
K?ovFasNI{XW,4.76837158203125e-07,7.955766916275024,True,1236,None
K?ovFak\\StJo,2.384185791015625e-07,5.5563764572143555,True,1196,None
K?ovFak[sxJo,2.384185791015625e-07,2.270693302154541,True,867,None
K?ovFakfJsIw,4.76837158203125e-07,2.322557210922241,True,932,None
K?ovFakshyJo,2.384185791015625e-07,0.17433762550354004,True,147,None
K?ovFakUmwEw,4.76837158203125e-07,2.2960498332977295,True,839,None
K?ovFRSmQlFo,4.76837158203125e-07,2.4392716884613037,True,854,None
K?ovFRSerwEs,4.76837158203125e-07,5.80665922164917,True,1161,None
K?ovFRSep{Mc,2.384185791015625e-07,0.06324458122253418,True,40,None
K?ovFRSfH{MW,2.384185791015625e-07,0.32722973823547363,True,277,None
K?ovFRSeh{Mg,2.384185791015625e-07,1.1988914012908936,True,602,None
K?ovFQ[}@lIw,2.384185791015625e-07,16.713278770446777,True,1473,None
K?ovFQ[v@lMW,2.384185791015625e-07,1.6988775730133057,True,685,None
K?ovFQ[fbdMg,2.384185791015625e-07,1.861255168914795,True,748,None
K?ovFQ[MrhYo,2.384185791015625e-07,3.518080711364746,True,1002,None
K?ovErojQ{Es,2.384185791015625e-07,4.808350324630737,True,1180,None
K?ovErojP{Is,4.76837158203125e-07,2.4806292057037354,True,894,None
K?ovEqwlQ{Ks,2.384185791015625e-07,3.391768217086792,True,1053,None
K?ovEqwtH{Kw,2.384185791015625e-07,2.0781641006469727,True,812,None
K?ovEqwph{Mg,2.384185791015625e-07,2.8909871578216553,True,937,None
K?ovErSmR[Es,4.76837158203125e-07,1.832076072692871,True,757,None
K?ovErSjRsEs,2.384185791015625e-07,3.3595645427703857,True,1024,None
K?ovErSip{Mc,2.384185791015625e-07,2.2087433338165283,True,824,None
K?ovEqsuR[Es,2.384185791015625e-07,9.754927158355713,True,1232,None
K?ovEqsuH{Kw,4.76837158203125e-07,0.8843247890472412,True,505,None
K?ovErKkp{Mc,2.384185791015625e-07,2.173539161682129,True,850,None
K?ovEqkvBdEw,2.384185791015625e-07,2.130784034729004,True,889,None
K?ovEqkfbdMg,2.384185791015625e-07,1.8388009071350098,True,798,None
K?ovEqk]QlUo,2.384185791015625e-07,4.056185722351074,True,1209,None
K?ovEqksh{Mg,2.384185791015625e-07,14.765010356903076,True,1542,None
K?ovEq[}@lKw,2.384185791015625e-07,4.743831634521484,True,1108,None
K?ovEq[{H{Kw,2.384185791015625e-07,9.372958660125732,True,1309,None
K?ovEq[wh{Mg,2.384185791015625e-07,0.7217438220977783,True,486,None
K?ovEq[Mjk[g,2.384185791015625e-07,16.698949337005615,True,1656,None
K?ovEq[Jje]_,2.384185791015625e-07,3.0874085426330566,True,947,None
K?ovEo{ws{Mc,2.384185791015625e-07,9.372252702713013,True,1180,None
K?ovEo{Mmk[g,2.384185791015625e-07,1.210498332977295,True,533,None
K?ovDpwhuhJo,2.384185791015625e-07,0.71354079246521,True,474,None
K?ovDpwhqxYo,2.384185791015625e-07,0.6446728706359863,True,443,None
K?ovDrSmQlLo,2.384185791015625e-07,2.2201452255249023,True,881,None
K?ovDrSdrTN_,7.152557373046875e-07,2.5594072341918945,True,872,None
K?ovDrSmJ[Iw,2.384185791015625e-07,2.5050601959228516,True,934,None
K?ovDrS\\H{XW,2.384185791015625e-07,8.479010105133057,True,1206,None
K?ovDrShjsJg,2.384185791015625e-07,1.4640841484069824,True,638,None
K?ovDqsuRLJo,2.384185791015625e-07,14.180338621139526,True,1523,None
K?ovDqsprsJc,4.76837158203125e-07,8.315374851226807,True,1398,None
K?ovDrK}@mIs,2.384185791015625e-07,2.7012155055999756,True,926,None
K?ovDrKvBkE[,4.76837158203125e-07,5.389510869979858,True,1141,None
K?ovDrKkq{Mc,2.384185791015625e-07,1.031186819076538,True,516,None
K?ovDrKVLeMo,2.384185791015625e-07,0.557905912399292,True,436,None
K?ovDpkss{Mc,2.384185791015625e-07,1.8027615547180176,True,755,None
K?ovDpkkuwIs,2.384185791015625e-07,1.8064992427825928,True,818,None
K?ovDpkkuhJo,2.384185791015625e-07,2.656404733657837,True,917,None
K?ovDpkkqxYo,2.384185791015625e-07,1.617710828781128,True,684,None
K?ovDpkLupYo,2.384185791015625e-07,22.333791732788086,True,1628,None
K?ovDpkuKmMo,2.384185791015625e-07,0.40560078620910645,True,335,None
K?ovDpkuImUo,2.384185791015625e-07,0.5219056606292725,True,411,None
K?ovDpkfMkMW,2.384185791015625e-07,19.432422637939453,True,1489,None
K?ovDpksi{Ug,2.384185791015625e-07,0.722118616104126,True,458,None
K?ovDpkkimZ_,2.384185791015625e-07,2.2512216567993164,True,886,None
K?ovDpk[kmZ_,4.76837158203125e-07,2.6573641300201416,True,914,None
K?ovDp[yQlUo,4.76837158203125e-07,2.007122278213501,True,795,None
K?ovDp[uRLUo,4.76837158203125e-07,5.6041624546051025,True,1168,None
K?ovDp[uPl[o,2.384185791015625e-07,0.14012479782104492,True,124,None
K?ovDp[mQl[o,4.76837158203125e-07,2.9545013904571533,True,963,None
K?ovDp[kvWIs,4.76837158203125e-07,1.556865930557251,True,635,None
K?ovDp[hvoIs,2.384185791015625e-07,1.113513708114624,True,549,None
K?ovDp[fNEMo,2.384185791015625e-07,0.03581833839416504,True,28,None
K?ovDp[VNEUo,7.152557373046875e-07,4.88172721862793,True,1077,None
K?ovDp[VLe[o,2.384185791015625e-07,11.771941423416138,True,1434,None
K?ovDp[sj[Ug,2.384185791015625e-07,31.005907773971558,True,1714,None
K?ovDp[pjsUg,2.384185791015625e-07,2.4082510471343994,True,927,None
K?ovDo{XmqYo,2.384185791015625e-07,3.858264684677124,True,964,None
K?ovFIw\\StJo,2.384185791015625e-07,0.6061947345733643,True,428,None
K?ovFIw\\QtRo,2.384185791015625e-07,2.0754549503326416,True,842,None
K?ovFIwMqlZ_,2.384185791015625e-07,3.186610460281372,True,1008,None
K?ovFIwMmkJg,2.384185791015625e-07,1.6949639320373535,True,723,None
K?ovEjomH{Hw,2.384185791015625e-07,0.2803609371185303,True,259,None
K?ovEjoiiyFo,2.384185791015625e-07,5.272143602371216,True,1237,None
K?ovEik{JsBw,2.384185791015625e-07,1.2045717239379883,True,552,None
K?ovEikmJsIw,2.384185791015625e-07,3.712475299835205,True,1098,None
K?ovEikmJkJW,2.384185791015625e-07,1.9295380115509033,True,800,None
K?ovEikkjsJg,0.0,0.13276243209838867,True,110,None
K?ovEikejsMg,2.384185791015625e-07,4.4623448848724365,True,1138,None
K?ovDhwlQ{XS,4.76837158203125e-07,7.670031785964966,True,1130,None
K?ovDhwwsxJo,2.384185791015625e-07,3.0572621822357178,True,988,None
K?ovDhwwqxRo,2.384185791015625e-07,3.6254069805145264,True,978,None
K?ovDhwFvgXS,2.384185791015625e-07,3.0912117958068848,True,973,None
K?ovDhsjauZC,2.384185791015625e-07,0.5025451183319092,True,394,None
K?ovDh[\\St\\O,2.384185791015625e-07,0.4752309322357178,True,355,None
K?ovDh[VTd\\O,2.384185791015625e-07,6.114091396331787,True,1332,None
K?ovDh[[t[ZC,4.76837158203125e-07,5.922879219055176,True,1124,None
K?ovDh[XusVC,2.384185791015625e-07,1.5127661228179932,True,669,None
K?ovDh[XtsZC,2.384185791015625e-07,2.92110013961792,True,989,None
K?ovDh[Ttp\\O,2.384185791015625e-07,1.3653156757354736,True,595,None
K?ovDh[Lup\\O,2.384185791015625e-07,2.522101640701294,True,845,None
K?ovDh[Rts]C,4.76837158203125e-07,2.4705679416656494,True,953,None
K?ovDh[ZLsYW,2.384185791015625e-07,1.1080315113067627,True,540,None
K?ovDh[qjsUg,2.384185791015625e-07,0.08014249801635742,True,73,None
K?ovDh[Ulw[W,4.76837158203125e-07,0.21164703369140625,True,206,None
K?ovEZomQ{Es,4.76837158203125e-07,1.3647665977478027,True,655,None
K?ovEZomP{Is,0.0,0.011674165725708008,True,10,None
K?ovEZofRdFo,2.384185791015625e-07,1.5703470706939697,True,755,None
K?ovEZoerwEs,2.384185791015625e-07,3.449355363845825,True,960,None
K?ovEZodrwFS,2.384185791015625e-07,2.108252763748169,True,871,None
K?ovEZomH{Iw,2.384185791015625e-07,1.5631012916564941,True,754,None
K?ovEZokjwBw,4.76837158203125e-07,1.8310561180114746,True,809,None
K?ovCzofRsKs,4.76837158203125e-07,1.1914310455322266,True,461,None
K?ovCzofRdLo,2.384185791015625e-07,6.4588048458099365,True,1156,None
K?ovCxkMud]_,2.384185791015625e-07,1.976942539215088,True,853,None
K?ovCxkencMg,2.384185791015625e-07,4.094112396240234,True,1116,None
K?ov@zonAmXS,7.152557373046875e-07,0.4807310104370117,True,351,None
K?ov@zoNeiXS,2.384185791015625e-07,7.312427997589111,True,1117,None
K?ov@zomU[Is,7.152557373046875e-07,0.17223310470581055,True,152,None
K?ov@zoNUkXS,4.76837158203125e-07,2.1945297718048096,True,754,None
K?ov@zoNUdXo,2.384185791015625e-07,2.9017996788024902,True,888,None
K?ov@zoLuwXS,2.384185791015625e-07,28.190858602523804,True,1565,None
K?ov@zoLupXo,2.384185791015625e-07,0.5223448276519775,True,401,None
K?ov@zoJudZ_,2.384185791015625e-07,1.4999635219573975,True,652,None
K?ov@zoJmeZ_,7.152557373046875e-07,2.3305180072784424,True,855,None
K?ov@zcMuwYS,2.384185791015625e-07,1.7674648761749268,True,767,None
K?ov@zcMmeZ_,4.76837158203125e-07,4.1827497482299805,True,1103,None
K?ov@zShrpZO,2.384185791015625e-07,2.5745809078216553,True,944,None
K?ov@zSdrp\\O,4.76837158203125e-07,2.490539789199829,True,896,None
K?ov@zSLvSZC,2.384185791015625e-07,3.8296451568603516,True,1070,None
K?ov@zSLus\\C,2.384185791015625e-07,1.7502379417419434,True,644,None
K?ov@zStLsLW,2.384185791015625e-07,8.62965178489685,True,1323,None
K?ov@ys|ETJW,4.76837158203125e-07,0.14873719215393066,True,106,None
K?ov@ys^EUYS,2.384185791015625e-07,2.3664629459381104,True,804,None
K?ov@ysxesJK,2.384185791015625e-07,2.2431821823120117,True,823,None
K?ov@ysxauZC,2.384185791015625e-07,4.841896057128906,True,1117,None
K?ov@ysrRsYS,2.384185791015625e-07,0.5468654632568359,True,393,None
K?ov@ysVVDZO,4.76837158203125e-07,37.49635195732117,True,1664,None
K?ov@ysRvoYS,2.384185791015625e-07,1.5650804042816162,True,676,None
K?ov@ystJsXW,2.384185791015625e-07,7.8333351612091064,True,1330,None
K?ov@ystJUZO,2.384185791015625e-07,0.5759942531585693,True,436,None
K?ov@ystIu\\O,2.384185791015625e-07,23.478281497955322,True,1525,None
K?ov@ysrNcJW,2.384185791015625e-07,2.112854242324829,True,805,None
K?ov@yspnoJW,2.384185791015625e-07,2.151144027709961,True,779,None
K?ov@yspjsZG,2.384185791015625e-07,1.4503772258758545,True,602,None
K?ovFE[UrwUc,2.384185791015625e-07,8.505522966384888,True,1272,None
K?ovFE[Upx]_,2.384185791015625e-07,9.993040084838867,True,1231,None
K?ovFE[TtpN_,2.384185791015625e-07,0.4859039783477783,True,364,None
K?ovFE[Fv`N_,2.384185791015625e-07,10.213544368743896,True,1481,None
K?ovFC{NebZ_,2.384185791015625e-07,2.3744053840637207,True,866,None
K?ovFC{kqxZ_,2.384185791015625e-07,10.089994192123413,True,1278,None
K?ovEfoj`yJc,4.76837158203125e-07,0.6601998805999756,True,439,None
K?ovEfoj`xJg,4.76837158203125e-07,1.8622097969055176,True,720,None
K?ovEfgfJwEw,2.384185791015625e-07,1.5581276416778564,True,729,None
K?ovEfcfJwFW,2.384185791015625e-07,1.9204261302947998,True,812,None
K?ovEfKmJwEw,2.384185791015625e-07,21.983359813690186,True,1592,None
K?ovEfKlHuN_,2.384185791015625e-07,2.1830058097839355,True,834,None
K?ovEektbwFK,4.76837158203125e-07,7.912856340408325,True,1340,None
K?ovEekt`yNC,2.384185791015625e-07,0.26668643951416016,True,244,None
K?ovEekt`xNG,2.384185791015625e-07,1.6264829635620117,True,745,None
K?ovEekfbbN_,2.384185791015625e-07,4.084567070007324,True,1097,None
K?ovEek{HyJo,7.152557373046875e-07,0.3493201732635498,True,309,None
K?ovEc{rdqMc,2.384185791015625e-07,2.1017982959747314,True,847,None
K?ovEc{MvWYc,2.384185791015625e-07,2.070042133331299,True,833,None
K?ovDfg\\axRg,2.384185791015625e-07,0.5648517608642578,True,406,None
K?ovDfg\\QxRo,2.384185791015625e-07,11.001451969146729,True,1413,None
K?ovDfgNQ{Yc,7.152557373046875e-07,3.4101428985595703,True,962,None
K?ovDfWt`yLc,2.384185791015625e-07,2.994004726409912,True,973,None
K?ovDfWprwFc,2.384185791015625e-07,1.1972601413726807,True,491,None
K?ovDfWdrwLc,2.384185791015625e-07,1.091966152191162,True,529,None
K?ovDew\\ayXc,2.384185791015625e-07,4.588486671447754,True,1071,None
K?ovDewZeiJc,7.152557373046875e-07,18.749016284942627,True,1478,None
K?ovDewrJiJo,4.76837158203125e-07,13.037843704223633,True,1393,None
K?ovDfKt`xNG,4.76837158203125e-07,3.674445629119873,True,1137,None
K?ovDfKlarN_,2.384185791015625e-07,15.312605619430542,True,1365,None
K?ovDfKtHuN_,2.384185791015625e-07,2.2311480045318604,True,804,None
K?ovDfKlJqJo,7.152557373046875e-07,16.03054428100586,True,1559,None
K?ovDfKfJeN_,2.384185791015625e-07,1.9218883514404297,True,804,None
K?ovDek]ImZ_,2.384185791015625e-07,3.48526930809021,True,1105,None
K?ovDdk]MwQw,2.384185791015625e-07,0.30083751678466797,True,250,None
K?ovDdk]MkRg,2.384185791015625e-07,5.528357028961182,True,1178,None
K?ovDd[udYMc,2.384185791015625e-07,0.5751886367797852,True,404,None
K?ovDd[meYMc,2.384185791015625e-07,1.352994680404663,True,608,None
K?ovDd[qtwMc,4.76837158203125e-07,2.0031065940856934,True,793,None
K?ovDd[evWMc,2.384185791015625e-07,0.031066179275512695,True,22,None
K?ovDd[Rtw]C,2.384185791015625e-07,1.681145191192627,True,717,None
K?ovDd[Rtp]_,2.384185791015625e-07,1.4300806522369385,True,664,None
K?ovEVofP{Mc,2.384185791015625e-07,0.5303189754486084,True,398,None
K?ovEVolI{Fg,2.384185791015625e-07,1.7718770503997803,True,727,None
K?ovEUwlRhJo,2.384185791015625e-07,1.0676343441009521,True,484,None
K?ovEUwVRkUc,2.384185791015625e-07,53.88865637779236,True,1746,None
K?ovEUwNRhYo,2.384185791015625e-07,2.425964593887329,True,868,None
K?ovEVSmRwEs,2.384185791015625e-07,3.707017421722412,True,1035,None
K?ovEVSlPxNO,2.384185791015625e-07,5.995156526565552,True,1152,None
K?ovEUslayNC,2.384185791015625e-07,3.5317628383636475,True,1054,None
K?ovEUsdrwNC,2.384185791015625e-07,11.001612901687622,True,1389,None
K?ovES{LvgZC,4.76837158203125e-07,10.131905555725098,True,1308,None
K?ovES{Lv`Z_,2.384185791015625e-07,9.576311111450195,True,1386,None
K?ovDVofJkJg,2.384185791015625e-07,1.0908496379852295,True,606,None
K?ovDUw\\Q{Yc,2.384185791015625e-07,0.5545408725738525,True,418,None
K?ovDUw\\QlZ_,2.384185791015625e-07,6.7470667362213135,True,1268,None
K?ovDVSfJeN_,2.384185791015625e-07,1.7587828636169434,True,723,None
K?ovCvofbhLg,2.384185791015625e-07,11.373689889907837,True,1416,None
K?ovCvoLvWJc,2.384185791015625e-07,0.6434345245361328,True,447,None
K?ovCvoLuwLc,2.384185791015625e-07,0.65460205078125,True,463,None
K?ovCvoFrh\\_,2.384185791015625e-07,2.842008113861084,True,922,None
K?ovCuwxayMc,4.76837158203125e-07,5.039606094360352,True,1153,None
K?ovCtwTth\\_,2.384185791015625e-07,1.0141489505767822,True,577,None
K?ovCvclbpJg,2.384185791015625e-07,2.124983787536621,True,856,None
K?ovCvc{P{Jc,7.152557373046875e-07,9.217135190963745,True,1408,None
K?ovCvSZVoEs,4.76837158203125e-07,0.2624247074127197,True,204,None
K?ovCtsrdqMc,7.152557373046875e-07,6.551538944244385,True,1054,None
K?ovCtsrTsMc,2.384185791015625e-07,4.891695261001587,True,1050,None
K?ovCtslJwXW,2.384185791015625e-07,8.429945468902588,True,1167,None
K?ovCts\\LwXW,4.76837158203125e-07,2.821887731552124,True,836,None
K?ovCs{wuwMc,4.76837158203125e-07,2.507188320159912,True,793,None
K?ov@us\\M[ZG,2.384185791015625e-07,5.206767797470093,True,1171,None
K?ov@s{rVcYc,4.76837158203125e-07,1.6869761943817139,True,737,None
K?ovENofP{NC,2.384185791015625e-07,0.5626211166381836,True,410,None
K?ovEMwlRsJc,4.76837158203125e-07,0.4379000663757324,True,377,None
K?ovEMwlQ{NC,0.0,1.0143051147460938,True,565,None
K?ovEMwdrpN_,2.384185791015625e-07,3.612156629562378,True,981,None
K?ovDNoFupN_,2.384185791015625e-07,1.7639265060424805,True,713,None
K?ovDNW[uwFc,2.384185791015625e-07,3.240732431411743,True,911,None
K?ovDMw]QlZ_,2.384185791015625e-07,5.536105632781982,True,1189,None
K?ovDLwNebZ_,2.384185791015625e-07,2.5356380939483643,True,958,None
K?ovDLwkqxZ_,2.384185791015625e-07,294.1442265510559,True,2085,None
K?ovDLwTvoRc,2.384185791015625e-07,7.48337984085083,True,1369,None
K?ovDLwTuwVC,2.384185791015625e-07,2.233304500579834,True,879,None
K?ovDLw]MiRo,2.384185791015625e-07,4.08388614654541,True,1078,None
K?ovDLw]KyYo,2.384185791015625e-07,5.680231809616089,True,1231,None
K?ovDNSUrpV_,7.152557373046875e-07,1.5078396797180176,True,680,None
K?ovDNSVLqNO,2.384185791015625e-07,1.4338202476501465,True,683,None
K?ovCnWyJwEw,2.384185791015625e-07,3.9453117847442627,True,1021,None
K?ovClwrdqMc,2.384185791015625e-07,1.0411357879638672,True,488,None
K?ovClwrTsMc,0.0,0.5727827548980713,True,438,None
K?ovClwuNWEw,2.384185791015625e-07,1.7453925609588623,True,728,None
K?ovCncmRsJc,2.384185791015625e-07,2.4126992225646973,True,880,None
K?ovCnKmRsMc,2.384185791015625e-07,13.528152465820312,True,1341,None
K?ovCnKmRdN_,4.76837158203125e-07,21.29804539680481,True,1626,None
K?ovCmkVVcNC,2.384185791015625e-07,5.288316011428833,True,1172,None
K?ov@nomQxXo,2.384185791015625e-07,3.676318883895874,True,992,None
K?ov@nobuwNC,4.76837158203125e-07,0.612694263458252,True,423,None
K?ov@ngNUpYo,4.76837158203125e-07,12.239402770996094,True,1233,None
K?ov@nWlRwXS,2.384185791015625e-07,15.36448335647583,True,1263,None
K?ov@nWNVKZC,4.76837158203125e-07,11.793256282806396,True,1174,None
K?ov@nWLvWZC,2.384185791015625e-07,1.0767560005187988,True,437,None
K?ov@nWyMwEw,2.384185791015625e-07,1.836547613143921,True,577,None
K?ov@mw]UXYo,2.384185791015625e-07,2.3220105171203613,True,874,None
K?ov@mw]ULZ_,2.384185791015625e-07,4.633570671081543,True,1096,None
K?ov@nSqtwNC,2.384185791015625e-07,3.1947059631347656,True,1007,None
K?ov@nSevoLc,4.76837158203125e-07,2.2821383476257324,True,878,None
K?ov@nSevWNC,2.384185791015625e-07,1.6843907833099365,True,756,None
K?ovC^ofRdN_,2.384185791015625e-07,0.2553117275238037,True,223,None
K?ovC^osrwFc,2.384185791015625e-07,6.170337200164795,True,1156,None
K?ovC^W{P{Mc,2.384185791015625e-07,3.6171648502349854,True,1053,None
K?ovC^W[twMc,7.152557373046875e-07,1.8105549812316895,True,764,None
K?ovC]w{ayMc,4.76837158203125e-07,1.5132460594177246,True,666,None
K?ovC]wVRk]C,4.76837158203125e-07,1.6207246780395508,True,729,None
K?ovC\\wmUhMo,2.384185791015625e-07,0.1810908317565918,True,162,None
K?ovC\\wfRk]C,2.384185791015625e-07,2.8850462436676025,True,900,None
K?ovC\\wfRd]_,4.76837158203125e-07,0.4113457202911377,True,301,None
K?ov?~oNVgXS,2.384185791015625e-07,1.4069344997406006,True,611,None
K?ov?}wsrh\\_,4.76837158203125e-07,9.29088807106018,True,1350,None
K?ov?~SlRp\\O,2.384185791015625e-07,1.0461647510528564,True,571,None
K?ouVB[lbeFg,2.384185791015625e-07,10.83330512046814,True,1355,None
K?ouVB[mRkEw,2.384185791015625e-07,1.3823225498199463,True,630,None
K?ouVB[kp{Mg,4.76837158203125e-07,29.935451984405518,True,1607,None
K?ouVA{drqMo,2.384185791015625e-07,5.396826505661011,True,1180,None
K?ouVAyfRiMo,2.384185791015625e-07,8.88148283958435,True,1308,None
K?ouVA]Nbi]G,2.384185791015625e-07,3.7745094299316406,True,1083,None
K?ouVA]mRkMg,4.76837158203125e-07,3.7299461364746094,True,1016,None
K?ouVAxFrk]_,4.76837158203125e-07,1.4152488708496094,True,646,None
K?ouVAtfbqMo,2.384185791015625e-07,2.1883175373077393,True,805,None
K?ouVA\\nBeMo,2.384185791015625e-07,26.606278896331787,True,1721,None
K?ouVA\\Nbe]_,2.384185791015625e-07,3.626354932785034,True,1006,None
K?ouV?|fbe]_,2.384185791015625e-07,1.408545970916748,True,601,None
K?ouV?|lRkZO,2.384185791015625e-07,1.5784242153167725,True,666,None
K?ouV?|LvgZO,2.384185791015625e-07,1.3947253227233887,True,607,None
K?ouV?|Luw]O,2.384185791015625e-07,3.908295154571533,True,1085,None
K?ouTbwnBMIw,4.76837158203125e-07,1.1220221519470215,True,575,None
K?ouTbwjbiIw,2.384185791015625e-07,1.1299002170562744,True,512,None
K?ouTbwjQmMo,2.384185791015625e-07,40.75449204444885,True,1799,None
K?ouTbwbrkMg,2.384185791015625e-07,1.9512836933135986,True,729,None
K?ouTbkmbiIw,2.384185791015625e-07,3.3115909099578857,True,938,None
K?ouTbkfbiMW,2.384185791015625e-07,1.5181939601898193,True,675,None
K?ouTbkmQmMo,4.76837158203125e-07,1.5534420013427734,True,714,None
K?ouTbkfReMo,2.384185791015625e-07,2.3073222637176514,True,846,None
K?ouT`{zBeQw,4.76837158203125e-07,2.0006303787231445,True,860,None
K?ouT`{zAmUW,4.76837158203125e-07,1.8544025421142578,True,738,None
K?ouT`{Juk]G,4.76837158203125e-07,1.5657000541687012,True,720,None
K?ouTayZbiYg,2.384185791015625e-07,2.337312698364258,True,813,None
K?ouTbMMri]_,2.384185791015625e-07,2.9105782508850098,True,873,None
K?ouTam]biYg,2.384185791015625e-07,1.3926763534545898,True,692,None
K?ouTamtRwMW,2.384185791015625e-07,2.8516926765441895,True,934,None
K?ouT`m}BiQw,2.384185791015625e-07,2.345724582672119,True,874,None
K?ouT`m}@mYg,2.384185791015625e-07,1.6138033866882324,True,718,None
K?ouT`mvFaEw,4.76837158203125e-07,5.558355808258057,True,1153,None
K?ouT`mvBeUg,4.76837158203125e-07,0.41814661026000977,True,337,None
K?ouT`mVfaUg,2.384185791015625e-07,2.5479724407196045,True,892,None
K?ouT`mMui]_,2.384185791015625e-07,3.3330230712890625,True,953,None
K?ouTbp|@]Jo,2.384185791015625e-07,3.671996593475342,True,1006,None
K?ouTbhnAmMo,4.76837158203125e-07,3.344193935394287,True,1022,None
K?ouTbh^BkQw,2.384185791015625e-07,1.601654291152954,True,686,None
K?ouTbhNUkMo,2.384185791015625e-07,1.8197171688079834,True,775,None
K?ouTaxRvgMo,2.384185791015625e-07,3.2764148712158203,True,1045,None
K?ouT`xzBkQw,7.152557373046875e-07,2.241563320159912,True,819,None
K?ouT`xZdkYg,2.384185791015625e-07,5.5903284549713135,True,1110,None
K?ouT`xNfKYg,4.76837158203125e-07,1.1885473728179932,True,566,None
K?ouT`xbvgMo,2.384185791015625e-07,1.0908877849578857,True,469,None
K?ouT`xRvgUo,2.384185791015625e-07,0.38144874572753906,True,333,None
K?ouT`xJvgYo,7.152557373046875e-07,1.7293612957000732,True,778,None
K?ouTbdv@uMo,2.384185791015625e-07,3.808011293411255,True,1081,None
K?ouTbdtP{NO,2.384185791015625e-07,4.864863157272339,True,1207,None
K?ouTatZRkZO,2.384185791015625e-07,13.733535051345825,True,1375,None
K?ouT`txP{ZO,2.384185791015625e-07,1.4764633178710938,True,621,None
K?ouT`tlR[ZO,2.384185791015625e-07,1.9307327270507812,True,694,None
K?ouT`t\\U[VO,4.76837158203125e-07,11.766873836517334,True,1250,None
K?ouT`t\\T[ZO,2.384185791015625e-07,1.4514498710632324,True,591,None
K?ouT`tjRkZO,4.76837158203125e-07,22.512049436569214,True,1552,None
K?ouTbL]bkUg,4.76837158203125e-07,2.146852493286133,True,764,None
K?ouTbLNbk]G,2.384185791015625e-07,9.739188432693481,True,1359,None
K?ouTbLNbe]_,2.384185791015625e-07,3.8450591564178467,True,1081,None
K?ouTal|BkJW,2.384185791015625e-07,17.19827628135681,True,1552,None
K?ouTalVbk]G,4.76837158203125e-07,0.14690542221069336,True,127,None
K?ouT`l}BkQw,2.384185791015625e-07,2.4342527389526367,True,880,None
K?ouT`lvDeMo,2.384185791015625e-07,9.43833065032959,True,1315,None
K?ouT`l]ekUg,2.384185791015625e-07,2.3557591438293457,True,846,None
K?ouT`lfbe]_,2.384185791015625e-07,0.9351868629455566,True,471,None
K?ouT`lVfcUg,2.384185791015625e-07,2.1077451705932617,True,863,None
K?ouT`lVde]_,2.384185791015625e-07,1.6315982341766357,True,695,None
K?ouT`lNek]G,2.384185791015625e-07,2.6613986492156982,True,945,None
K?ouT`lNei]O,4.76837158203125e-07,2.4735915660858154,True,907,None
K?ouT`ldrs]_,2.384185791015625e-07,1.869640827178955,True,819,None
K?ouT`lFvc]_,2.384185791015625e-07,2.6954739093780518,True,956,None
K?ouT_|}FKIw,2.384185791015625e-07,8.3898184299469,True,1288,None
K?ouT_|^EM]O,2.384185791015625e-07,15.882087469100952,True,1465,None
K?ouT_|]fKYg,2.384185791015625e-07,0.7357447147369385,True,456,None
K?ouT_|rbe]_,2.384185791015625e-07,1.670989751815796,True,703,None
K?ouT_|\\U[]O,2.384185791015625e-07,12.160236120223999,True,1164,None
K?ouT_|XvgZO,2.384185791015625e-07,2.5189321041107178,True,855,None
K?ouT_|XvcZ_,2.384185791015625e-07,0.4415898323059082,True,328,None
K?ouTbJ^BkUg,2.384185791015625e-07,6.107619762420654,True,1097,None
K?ouTajVbi]_,4.76837158203125e-07,3.2634716033935547,True,1015,None
K?ouPjkmUkMW,2.384185791015625e-07,0.40093493461608887,True,317,None
K?ouPjkmUeMo,2.384185791015625e-07,5.709336757659912,True,1166,None
K?ouPjkevcMg,2.384185791015625e-07,7.8715596199035645,True,1175,None
K?ouPjiudiMg,4.76837158203125e-07,0.6347150802612305,True,357,None
K?ouPjimeiMg,2.384185791015625e-07,0.5310685634613037,True,326,None
K?ouPjiffaMg,4.76837158203125e-07,1.7542572021484375,True,692,None
K?ouPjM}DeMg,4.76837158203125e-07,1.9040119647979736,True,669,None
K?ouPjMmfaMg,2.384185791015625e-07,1.9446423053741455,True,707,None
K?ouPjMmRe]_,2.384185791015625e-07,5.6429619789123535,True,1093,None
K?ouPjMMva]_,2.384185791015625e-07,1.7683072090148926,True,590,None
K?ouPim|BqYW,4.76837158203125e-07,14.414066553115845,True,1361,None
K?ouPimUvg]G,4.76837158203125e-07,1.9791185855865479,True,705,None
K?ouPg}|FQYW,2.384185791015625e-07,1.7355766296386719,True,701,None
K?ouPiN}FgMW,4.76837158203125e-07,1.9481289386749268,True,621,None
K?ouPiN}FcMg,2.384185791015625e-07,33.52316117286682,True,1585,None
K?ouPiN]fg]G,4.76837158203125e-07,0.6956074237823486,True,430,None
K?ouTjo\\P{XS,7.152557373046875e-07,1.0785467624664307,True,511,None
K?ouThsRts]C,4.76837158203125e-07,0.40074753761291504,True,304,None
K?ouThsJv`ZO,4.76837158203125e-07,2.4659361839294434,True,863,None
K?ouUZonBkE[,2.384185791015625e-07,1.7279541492462158,True,698,None
K?ouUYq]biUc,2.384185791015625e-07,0.47017455101013184,True,360,None
K?ouUYqNf`Mg,2.384185791015625e-07,10.62758493423462,True,1364,None
K?ouUYqNRk]C,2.384185791015625e-07,107.92299246788025,True,1947,None
K?ouPzorfcEk,2.384185791015625e-07,4.118406534194946,True,980,None
K?ouPzorf`Ew,2.384185791015625e-07,1.937838077545166,True,718,None
K?ouPzobv`Mo,4.76837158203125e-07,4.058287143707275,True,1141,None
K?ouPzcdrs]C,2.384185791015625e-07,3.0266711711883545,True,1024,None
K?ouPzcLv`ZO,4.76837158203125e-07,3.034799337387085,True,905,None
K?ouPye]ei]C,4.76837158203125e-07,0.1965336799621582,True,188,None
K?ouPyetJs]G,4.76837158203125e-07,0.4939284324645996,True,387,None
K?ouPye\\NcZG,2.384185791015625e-07,2.449347496032715,True,898,None
K?ouPye\\NaZO,2.384185791015625e-07,6.291435241699219,True,1134,None
K?ouPye\\Me^?,2.384185791015625e-07,1.5592081546783447,True,670,None
K?ouTVofbhMg,2.384185791015625e-07,0.042273521423339844,True,27,None
K?ouTVoVbhUg,2.384185791015625e-07,2.8545093536376953,True,926,None
K?ouTVolJwIw,2.384185791015625e-07,1.3693115711212158,True,567,None
K?ouTVSnBkMK,2.384185791015625e-07,1.4934651851654053,True,676,None
K?ouTVS]bhUg,4.76837158203125e-07,8.831347465515137,True,1219,None
K?ouTVSNfgMK,2.384185791015625e-07,8.258066177368164,True,1255,None
K?ouTVSNbi]C,2.384185791015625e-07,31.013344049453735,True,1687,None
K?ouTTsVdh]G,2.384185791015625e-07,11.508455038070679,True,1223,None
K?ouTTsNf`Yg,4.76837158203125e-07,2.260021448135376,True,846,None
K?ouTTsNeh]G,2.384185791015625e-07,2.3298797607421875,True,851,None
K?ouPvojRkYc,4.76837158203125e-07,0.39308857917785645,True,310,None
K?ouPvcmehMg,2.384185791015625e-07,2.2770676612854004,True,852,None
K?ouPvcfbh]G,7.152557373046875e-07,1.4355597496032715,True,653,None
K?ouPvcNeh]G,2.384185791015625e-07,2.4761674404144287,True,932,None
K?ouPus\\NgXW,7.152557373046875e-07,1.3385944366455078,True,570,None
K?ouP^oFv`]_,2.384185791015625e-07,0.5618703365325928,True,401,None
K?ouP]s]fgYK,2.384185791015625e-07,2.5549490451812744,True,896,None
K?ouP]sUvg]C,2.384185791015625e-07,2.374999523162842,True,822,None
K?ouP]stNoMW,2.384185791015625e-07,0.6176743507385254,True,449,None
K?otUbwnBMIw,2.384185791015625e-07,2.0695321559906006,True,847,None
K?otUbwx_}Mg,2.384185791015625e-07,1.4692072868347168,True,680,None
K?otUbwZcmMg,2.384185791015625e-07,2.0840280055999756,True,830,None
K?otUbwZamUg,2.384185791015625e-07,1.9557063579559326,True,791,None
K?otUbwNVKIw,2.384185791015625e-07,2.8555192947387695,True,940,None
K?otUbwNUkKw,2.384185791015625e-07,0.835838794708252,True,474,None
K?otUbsLrwXW,2.384185791015625e-07,1.4791765213012695,True,717,None
K?otUbkmQmMo,2.384185791015625e-07,1.7997784614562988,True,723,None
K?otUbkeriMo,2.384185791015625e-07,1.4709973335266113,True,644,None
K?otUb[^BMUW,4.76837158203125e-07,6.160877704620361,True,1247,None
K?otUb[]bMUg,2.384185791015625e-07,2.619372606277466,True,896,None
K?otUb[Jri]O,2.384185791015625e-07,2.774139642715454,True,940,None
K?otU`{\\diXW,2.384185791015625e-07,0.5784897804260254,True,407,None
K?otU`{JvcYg,4.76837158203125e-07,14.448261022567749,True,1584,None
K?otUbqz@yIw,2.384185791015625e-07,5.7957375049591064,True,1230,None
K?otUbqvBMFg,4.76837158203125e-07,0.7383511066436768,True,460,None
K?otUbqtbYFg,2.384185791015625e-07,9.69118881225586,True,1451,None
K?otUbq\\cyLg,2.384185791015625e-07,8.059085130691528,True,1277,None
K?otUbqfbiLg,2.384185791015625e-07,2.8974521160125732,True,993,None
K?otUaytbYMg,2.384185791015625e-07,3.0656518936157227,True,941,None
K?otUayTrw[g,2.384185791015625e-07,20.885645627975464,True,1650,None
K?otU`ytbYUg,2.384185791015625e-07,0.5629236698150635,True,425,None
K?otU`y\\dYYg,2.384185791015625e-07,2.942639112472534,True,949,None
K?otU`ydvgLg,4.76837158203125e-07,34.33459258079529,True,1648,None
K?otU`ydri\\_,2.384185791015625e-07,2.3412790298461914,True,884,None
K?otU`yTvgTg,7.152557373046875e-07,1.466158151626587,True,667,None
K?otU`yTti\\_,4.76837158203125e-07,5.779158115386963,True,1163,None
K?otU`ybvgMg,2.384185791015625e-07,3.0785117149353027,True,947,None
K?otUbe\\bqRg,2.384185791015625e-07,0.3661351203918457,True,291,None
K?otU`u\\dqXg,2.384185791015625e-07,1.6273717880249023,True,732,None
K?otU`u\\TwXW,4.76837158203125e-07,1.0751264095306396,True,506,None
K?otUbM|@mNG,2.384185791015625e-07,0.020509958267211914,True,14,None
K?otUbM{PyMo,2.384185791015625e-07,2.173121690750122,True,871,None
K?otUbMmRkMg,2.384185791015625e-07,2.127218246459961,True,844,None
K?otUamvBiMW,2.384185791015625e-07,1.6272504329681396,True,716,None
K?otUam\\biZG,2.384185791015625e-07,22.951829195022583,True,1483,None
K?otUamTvaN_,2.384185791015625e-07,3.0062057971954346,True,944,None
K?otU`m{cyMg,2.384185791015625e-07,2.5576767921447754,True,881,None
K?otU`mtdqMg,2.384185791015625e-07,1.9832189083099365,True,844,None
K?otU`mlbiZG,2.384185791015625e-07,5.2172017097473145,True,1167,None
K?otU`m\\diZG,2.384185791015625e-07,7.643317222595215,True,1307,None
K?otU`mspy]_,2.384185791015625e-07,0.8612263202667236,True,527,None
K?otU`mTtw]G,2.384185791015625e-07,3.011776924133301,True,1006,None
K?otU`mTtq]_,2.384185791015625e-07,3.718183994293213,True,1100,None
K?otUa]|BqKw,2.384185791015625e-07,5.066867828369141,True,1182,None
K?otUa]xReN_,4.76837158203125e-07,0.299119234085083,True,266,None
K?otU_}\\fIZG,2.384185791015625e-07,1.3861701488494873,True,641,None
K?otU_}prw]G,2.384185791015625e-07,1.751251220703125,True,820,None
K?otU_}prq]_,2.384185791015625e-07,6.7772910594940186,True,1255,None
K?otUbpvBMFo,4.76837158203125e-07,0.6915228366851807,True,464,None
K?otUbpxQ{Fo,2.384185791015625e-07,0.6409177780151367,True,456,None
K?otUbpZQ{Uo,2.384185791015625e-07,2.6834681034088135,True,882,None
K?otUbpZP{Yo,4.76837158203125e-07,4.618849277496338,True,1106,None
K?otUbh^AmUo,2.384185791015625e-07,14.733633279800415,True,1436,None
K?otUbX^BMUo,2.384185791015625e-07,2.1025195121765137,True,775,None
K?otUaxZbkYg,2.384185791015625e-07,0.28195667266845703,True,239,None
K?otUaxVbk[g,2.384185791015625e-07,4.264435052871704,True,1049,None
K?otU`xzAmUo,2.384185791015625e-07,1.4059712886810303,True,614,None
K?otU`xvBMUo,2.384185791015625e-07,3.7371323108673096,True,1028,None
K?otU`xnFKIw,2.384185791015625e-07,0.9578690528869629,True,491,None
K?otU`x^EMUo,2.384185791015625e-07,1.204202651977539,True,619,None
K?otU`xjbkYg,2.384185791015625e-07,0.027161836624145508,True,20,None
K?otU`xfbk[g,2.384185791015625e-07,2.036532163619995,True,794,None
K?otU`xVdi[o,2.384185791015625e-07,2.4787135124206543,True,784,None
K?otU`xNfKYg,2.384185791015625e-07,1.188171625137329,True,589,None
K?otU`xxQ{Uo,2.384185791015625e-07,1.6267926692962646,True,726,None
K?otU`xtR[Uo,2.384185791015625e-07,4.21933126449585,True,1090,None
K?otU`x\\U[Uo,4.76837158203125e-07,1.8729777336120605,True,763,None
K?otU`xhrkZ_,7.152557373046875e-07,2.1813275814056396,True,871,None
K?otUbdt`uN_,2.384185791015625e-07,2.0469701290130615,True,805,None
K?otUbdkrwJo,2.384185791015625e-07,2.2588400840759277,True,880,None
K?otUbT|BsDw,4.76837158203125e-07,1.0885207653045654,True,525,None
K?otUbTZTsMo,2.384185791015625e-07,15.488379001617432,True,1477,None
K?otUbTZRsUo,4.76837158203125e-07,0.44604015350341797,True,350,None
K?otUbThrsN_,4.76837158203125e-07,4.519337177276611,True,1034,None
K?otUbTXtsN_,2.384185791015625e-07,0.6138138771057129,True,429,None
K?otUatwrwJo,2.384185791015625e-07,2.4617488384246826,True,892,None
K?otU`ttP{\\O,2.384185791015625e-07,3.788790225982666,True,1017,None
K?otU`t\\S{\\O,2.384185791015625e-07,28.309260368347168,True,1484,None
K?otU`tfRk\\O,2.384185791015625e-07,9.422674655914307,True,1278,None
K?otU`tdrw\\O,2.384185791015625e-07,1.5013186931610107,True,628,None
K?otUbL|@{MW,2.384185791015625e-07,3.0498063564300537,True,1005,None
K?otUbLmbiMo,2.384185791015625e-07,1.1367335319519043,True,545,None
K?otU`l}AmUo,2.384185791015625e-07,1.9003374576568604,True,780,None
K?otU`lvBeUo,4.76837158203125e-07,9.237616300582886,True,1372,None
K?otU`lfbe]_,2.384185791015625e-07,1.8516845703125,True,785,None
K?otU`lVfgUW,4.76837158203125e-07,2.491084098815918,True,916,None
K?otU`lNei]O,2.384185791015625e-07,2.8861753940582275,True,1007,None
K?otU`luRkUo,2.384185791015625e-07,1.8929457664489746,True,748,None
K?otUa\\|BsKw,2.384185791015625e-07,3.420548915863037,True,1105,None
K?otU`\\}BMUo,2.384185791015625e-07,0.4804966449737549,True,383,None
K?otU`\\}@m[o,2.384185791015625e-07,1.259540319442749,True,625,None
K?otU`\\zDeMo,2.384185791015625e-07,2.7058298587799072,True,847,None
K?otU`\\]di[o,2.384185791015625e-07,2.433276891708374,True,941,None
K?otU`\\jfgMW,2.384185791015625e-07,9.299751996994019,True,1385,None
K?otU`\\Zde]_,4.76837158203125e-07,1.8823091983795166,True,807,None
K?otU`\\xRsUo,2.384185791015625e-07,3.851148843765259,True,1011,None
K?otU`\\lRk\\O,2.384185791015625e-07,1.8320350646972656,True,705,None
K?otU`\\\\Tk\\O,2.384185791015625e-07,3.6622893810272217,True,1017,None
K?otU`\\wrwUo,2.384185791015625e-07,2.9763762950897217,True,932,None
K?otU_|zEeMo,2.384185791015625e-07,2.247560739517212,True,862,None
K?otU_|zBeYo,2.384185791015625e-07,2.292863607406616,True,937,None
K?otU_|rbe]_,2.384185791015625e-07,4.932992935180664,True,1087,None
K?otU_|ZfcYg,2.384185791015625e-07,1.7403616905212402,True,767,None
K?otU_|Zek]G,4.76837158203125e-07,1.5176670551300049,True,726,None
K?otU_|VfI]O,2.384185791015625e-07,1.1042072772979736,True,605,None
K?otU_|xUsMo,2.384185791015625e-07,2.025865077972412,True,845,None
K?otU_|tRk\\O,2.384185791015625e-07,3.48494553565979,True,1040,None
K?otU_|\\Uk\\O,4.76837158203125e-07,4.283428907394409,True,1043,None
K?otU_|prs]_,2.384185791015625e-07,4.828693389892578,True,1161,None
K?otUarzBwIw,4.76837158203125e-07,4.9770166873931885,True,1156,None
K?otUarVbi\\_,2.384185791015625e-07,0.2839996814727783,True,236,None
K?otU`rfbi\\_,2.384185791015625e-07,1.1777613162994385,True,550,None
K?otU`rVdi\\_,2.384185791015625e-07,1.795578956604004,True,810,None
K?otU`rXtwZ_,2.384185791015625e-07,5.041403293609619,True,1291,None
K?otU`rTvWV_,2.384185791015625e-07,34.44142389297485,True,1870,None
K?otU`rLvWZ_,2.384185791015625e-07,0.8811061382293701,True,536,None
K?otU`rbrw]_,2.384185791015625e-07,0.5297224521636963,True,377,None
K?otU`rJvgZ_,2.384185791015625e-07,0.5065243244171143,True,409,None
K?otUbJ\\RwUo,2.384185791015625e-07,17.57751154899597,True,1507,None
K?otUajvBiMo,2.384185791015625e-07,0.26604127883911133,True,218,None
K?otU`jvBiUo,4.76837158203125e-07,19.018091917037964,True,1458,None
K?otU`jfbi]_,2.384185791015625e-07,2.127315044403076,True,837,None
K?otU`jtRwUo,4.76837158203125e-07,2.0356485843658447,True,812,None
K?otU_zzBiYo,2.384185791015625e-07,0.23351573944091797,True,196,None
K?otU_zrbi]_,4.76837158203125e-07,4.570873737335205,True,1167,None
K?otU_zVfI]_,2.384185791015625e-07,1.5139329433441162,True,670,None
K?otUbFlRsN_,2.384185791015625e-07,2.780346155166626,True,965,None
K?otUafubiN_,2.384185791015625e-07,1.3527915477752686,True,642,None
K?otUaf]biZ_,2.384185791015625e-07,3.2368979454040527,True,992,None
K?otUaf\\bwZG,2.384185791015625e-07,9.608327627182007,True,1342,None
K?otU`fu`y]_,2.384185791015625e-07,0.40855884552001953,True,322,None
K?otU`fNfgZG,2.384185791015625e-07,6.4885382652282715,True,1177,None
K?otU`fFvo]_,2.384185791015625e-07,2.789354085922241,True,956,None
K?otUaV|BwLW,2.384185791015625e-07,2.2065184116363525,True,861,None
K?otUaVyRkN_,2.384185791015625e-07,1.614103078842163,True,708,None
K?otU`VyP{]_,2.384185791015625e-07,1.8700876235961914,True,785,None
K?otU`VlRw\\O,2.384185791015625e-07,1.6806755065917969,True,681,None
K?otU`V\\Tw\\O,2.384185791015625e-07,1.5176968574523926,True,620,None
K?otU`VZTs]_,2.384185791015625e-07,2.0039684772491455,True,842,None
K?otU`VNVg\\O,2.384185791015625e-07,1.7489490509033203,True,734,None
K?otU_v]ei\\_,2.384185791015625e-07,0.05812406539916992,True,50,None
K?otU_v\\fWZG,2.384185791015625e-07,2.1149330139160156,True,852,None
K?otU_vZfgZG,2.384185791015625e-07,3.3264222145080566,True,1005,None
K?otU_vtRw\\O,2.384185791015625e-07,2.0034539699554443,True,807,None
K?otU_v\\Uw\\O,2.384185791015625e-07,4.854994058609009,True,1151,None
K?otU_vrVgNO,2.384185791015625e-07,8.722017288208008,True,1352,None
K?otU_vrVcN_,2.384185791015625e-07,7.032344341278076,True,1220,None
K?otU`N}BiUo,2.384185791015625e-07,4.519928693771362,True,1125,None
K?otU`N{RwUo,2.384185791015625e-07,1.3384225368499756,True,585,None
K?otU`NlVgNO,2.384185791015625e-07,0.34143662452697754,True,293,None
K?otU_n\\fgZG,2.384185791015625e-07,15.664167881011963,True,1538,None
K?otU_^{Rk\\_,2.384185791015625e-07,1.800121545791626,True,739,None
K?otU_^\\Vg\\O,2.384185791015625e-07,1.2268052101135254,True,563,None
K?otTbwZamYg,2.384185791015625e-07,2.6746678352355957,True,885,None
K?otTbwtQ]Mo,2.384185791015625e-07,1.3683393001556396,True,659,None
K?otTbs}A]Iw,2.384185791015625e-07,0.3266918659210205,True,292,None
K?otTbsubMJg,2.384185791015625e-07,2.2432806491851807,True,903,None
K?otTbstRsHw,2.384185791015625e-07,2.897519588470459,True,947,None
K?otTbsrRkJW,2.384185791015625e-07,2.3483033180236816,True,871,None
K?otTbkvBeIw,2.384185791015625e-07,2.2382395267486572,True,858,None
K?otTbktQ{MW,2.384185791015625e-07,4.186810255050659,True,1099,None
K?otTb[Vbi[W,4.76837158203125e-07,7.2823145389556885,True,1327,None
K?otTb[uRMMo,2.384185791015625e-07,2.106995105743408,True,837,None
K?otTb[prqMo,2.384185791015625e-07,7.68635892868042,True,1270,None
K?otT`{vBeWw,7.152557373046875e-07,4.178256988525391,True,1148,None
K?otT`{\\eiXW,4.76837158203125e-07,6.561118125915527,True,1103,None
K?otT`{\\UkXW,2.384185791015625e-07,0.8411397933959961,True,478,None
K?otT`{[u[Yg,2.384185791015625e-07,0.9926769733428955,True,498,None
K?otT`{XuiZO,2.384185791015625e-07,1.6885449886322021,True,748,None
K?otTbqrRiJo,2.384185791015625e-07,9.01221776008606,True,1359,None
K?otTbYzBiIw,2.384185791015625e-07,43.42071270942688,True,1745,None
K?otTbYRvgMg,2.384185791015625e-07,0.2235884666442871,True,202,None
K?otT`yvEiKw,2.384185791015625e-07,2.2223174571990967,True,881,None
K?otT`yrRiYo,7.152557373046875e-07,2.164724349975586,True,865,None
K?otT`yVUi[o,2.384185791015625e-07,0.5189363956451416,True,382,None
K?otTbU]fIJg,2.384185791015625e-07,24.228028059005737,True,1716,None
K?otTbU]eiLg,4.76837158203125e-07,0.3221895694732666,True,261,None
K?otT`u]eYYg,4.76837158203125e-07,2.0495786666870117,True,848,None
K?otT`uZeqYg,2.384185791015625e-07,6.4106409549713135,True,1189,None
K?otT`m{QmZ_,4.76837158203125e-07,0.55769944190979,True,410,None
K?otT`m[uwYg,2.384185791015625e-07,2.043048620223999,True,782,None
K?otTbpvA{Kw,4.76837158203125e-07,1.271721363067627,True,630,None
K?otTbhvAmMo,2.384185791015625e-07,1.3384392261505127,True,607,None
K?otTbd}A{Iw,2.384185791015625e-07,0.9223651885986328,True,565,None
K?otTbdvA{MW,2.384185791015625e-07,3.270113229751587,True,968,None
K?otTbdtauN_,2.384185791015625e-07,2.6096253395080566,True,904,None
K?otRbwfVKIw,2.384185791015625e-07,2.685839891433716,True,947,None
K?otRbwNUMYo,4.76837158203125e-07,1.0882399082183838,True,490,None
K?otRbwRtiYo,2.384185791015625e-07,1.8762364387512207,True,758,None
K?otRbwFvKYg,2.384185791015625e-07,2.6512444019317627,True,919,None
K?otRbs|A]RW,2.384185791015625e-07,8.395395755767822,True,1383,None
K?otRbs|?}XW,2.384185791015625e-07,1.564117431640625,True,661,None
K?otRbs{a]Rg,2.384185791015625e-07,8.820587158203125,True,1462,None
K?otRbsxcyJW,4.76837158203125e-07,0.5770695209503174,True,460,None
K?otRbs\\eYRW,2.384185791015625e-07,2.0602543354034424,True,853,None
K?otRbs\\cyXW,2.384185791015625e-07,1.5484769344329834,True,647,None
K?otRbkvCmMW,2.384185791015625e-07,2.2288990020751953,True,879,None
K?otRbkmQmYo,2.384185791015625e-07,1.4321379661560059,True,621,None
K?otRbkkuwIw,2.384185791015625e-07,2.170534372329712,True,848,None
K?otRbk[syYo,2.384185791015625e-07,0.08877062797546387,True,75,None
K?otRb[v@m[W,2.384185791015625e-07,24.698811054229736,True,1652,None
K?otRb[VfaSw,2.384185791015625e-07,1.3572182655334473,True,604,None
K?otRb[VfIUW,2.384185791015625e-07,0.19110631942749023,True,171,None
K?otRb[VVEUo,2.384185791015625e-07,0.17831635475158691,True,157,None
K?otRb[FvI]O,2.384185791015625e-07,1.4013402462005615,True,634,None
K?otRa{{a]Yg,2.384185791015625e-07,1.4752686023712158,True,668,None
K?otRa{]UMYo,2.384185791015625e-07,2.355869770050049,True,942,None
K?otRa{ZUkYW,2.384185791015625e-07,1.1514885425567627,True,516,None
K?otRa{wq{Yg,4.76837158203125e-07,0.7008328437805176,True,482,None
K?otR`{mUMYo,2.384185791015625e-07,19.306161403656006,True,1665,None
K?otR`{wsyYo,2.384185791015625e-07,6.691303491592407,True,1247,None
K?otRbqXsyZ_,2.384185791015625e-07,2.72263765335083,True,972,None
K?otRbYvFIEw,2.384185791015625e-07,3.2179532051086426,True,952,None
K?otRbYnAm[g,2.384185791015625e-07,2.458561658859253,True,881,None
K?otRbYffIMg,2.384185791015625e-07,8.412747144699097,True,1272,None
K?otRbYVVIUo,2.384185791015625e-07,0.17855358123779297,True,133,None
K?otRbYVTi[o,2.384185791015625e-07,10.091482162475586,True,1337,None
K?otRay^EiWw,2.384185791015625e-07,0.8410844802856445,True,477,None
K?otRay\\eYYg,4.76837158203125e-07,14.279279947280884,True,1560,None
K?otR`ybvgYg,2.384185791015625e-07,3.6188838481903076,True,1032,None
K?otRbe\\cyZG,2.384185791015625e-07,18.515270471572876,True,1591,None
K?otRbU{`yXg,2.384185791015625e-07,0.05438518524169922,True,41,None
K?otRbU]fIRg,2.384185791015625e-07,0.060271501541137695,True,56,None
K?otRbUxcyNG,2.384185791015625e-07,10.270917415618896,True,1374,None
K?otRbUx`yZG,2.384185791015625e-07,1.2146615982055664,True,549,None
K?otRbUNfIZG,4.76837158203125e-07,0.6125969886779785,True,441,None
K?otRbMudiMg,2.384185791015625e-07,39.490524768829346,True,1659,None
K?otRbMmeiMg,4.76837158203125e-07,13.416029214859009,True,1331,None
K?otRam}EiIw,2.384185791015625e-07,5.357583045959473,True,1129,None
K?otRam|AmZG,2.384185791015625e-07,1.8834731578826904,True,716,None
K?otRam{QmZ_,2.384185791015625e-07,0.7711725234985352,True,498,None
K?otRam]UiYo,7.152557373046875e-07,19.26295828819275,True,1723,None
K?otR`m{SmZ_,2.384185791015625e-07,1.2732253074645996,True,678,None
K?otR`]evI]_,4.76837158203125e-07,2.2386670112609863,True,878,None
K?otR_}|EiXW,2.384185791015625e-07,2.607658624649048,True,860,None
K?otRbhvCmMo,2.384185791015625e-07,0.059047698974609375,True,40,None
K?otRbhvAmUo,2.384185791015625e-07,1.9324061870574951,True,768,None
K?otRbhlQ{Yo,2.384185791015625e-07,1.808164358139038,True,783,None
K?otRbhLuwYo,2.384185791015625e-07,3.157169818878174,True,930,None
K?otRbXzCmMo,2.384185791015625e-07,0.9378435611724854,True,488,None
K?otRbXzAmUo,4.76837158203125e-07,1.2875745296478271,True,599,None
K?otRbXz@mYo,2.384185791015625e-07,0.5364990234375,True,391,None
K?otRbXvDMMo,2.384185791015625e-07,0.6143231391906738,True,446,None
K?otRbX^FKQw,2.384185791015625e-07,2.6230826377868652,True,834,None
K?otRbX^EMUo,2.384185791015625e-07,4.670182943344116,True,1159,None
K?otRbXtR[Uo,2.384185791015625e-07,1.9707398414611816,True,738,None
K?otRbXptwMo,2.384185791015625e-07,2.7673184871673584,True,962,None
K?otRbXXtwYo,4.76837158203125e-07,2.5721635818481445,True,960,None
K?otRbXLuw[o,4.76837158203125e-07,4.741187572479248,True,1059,None
K?otRaxxQ{Yo,2.384185791015625e-07,2.061215400695801,True,834,None
K?otR`xtU[Uo,2.384185791015625e-07,2.58884859085083,True,905,None
K?otR`xlU[Yo,2.384185791015625e-07,11.221132755279541,True,1307,None
K?otRbdmekJg,2.384185791015625e-07,3.8512301445007324,True,1014,None
K?otRbTxRsRo,2.384185791015625e-07,2.8175888061523438,True,973,None
K?otRbTxP{ZO,4.76837158203125e-07,0.32919859886169434,True,262,None
K?otRbTtRsTo,4.76837158203125e-07,7.796093940734863,True,1222,None
K?otRbTrRsUo,2.384185791015625e-07,1.6227812767028809,True,695,None
K?otRbTjUsMo,4.76837158203125e-07,13.571678876876831,True,1554,None
K?otRbTZUsUo,4.76837158203125e-07,2.164565324783325,True,845,None
K?otRat|A{XW,2.384185791015625e-07,3.1013660430908203,True,973,None
K?otRat\\ewXW,2.384185791015625e-07,1.919752836227417,True,768,None
K?otR`tlewXW,4.76837158203125e-07,6.404858589172363,True,1246,None
K?otR`tfUk\\O,2.384185791015625e-07,5.79435658454895,True,1184,None
K?otR`tduw\\O,4.76837158203125e-07,16.23993468284607,True,1532,None
K?otRbL}@mYo,2.384185791015625e-07,1.5974674224853516,True,736,None
K?otRbLmekMg,2.384185791015625e-07,2.968719720840454,True,975,None
K?otRbL]diYo,2.384185791015625e-07,0.16069340705871582,True,135,None
K?otRbLfRk]O,7.152557373046875e-07,14.610428810119629,True,1423,None
K?otRal{amZ_,2.384185791015625e-07,2.9444875717163086,True,999,None
K?otRaluekMg,7.152557373046875e-07,5.076444387435913,True,1027,None
K?otRal{Q{Yo,7.152557373046875e-07,12.091263055801392,True,1513,None
K?otRal[uwYo,2.384185791015625e-07,2.8304343223571777,True,949,None
K?otR`luUkUo,2.384185791015625e-07,2.1055259704589844,True,775,None
K?otR`llUsYo,2.384185791015625e-07,1.9551148414611816,True,796,None
K?otRa\\{VKJo,4.76837158203125e-07,2.1210827827453613,True,831,None
K?otRa\\Xuk^?,2.384185791015625e-07,4.823575496673584,True,1145,None
K?otR`\\uVKUo,4.76837158203125e-07,15.647830486297607,True,1568,None
K?otR`\\tVSUo,4.76837158203125e-07,0.11708950996398926,True,79,None
K?otR`\\lUk\\O,2.384185791015625e-07,1.8485386371612549,True,800,None
K?otR`\\fVc[o,2.384185791015625e-07,1.1221837997436523,True,642,None
K?otR`\\wtwYo,2.384185791015625e-07,5.306015491485596,True,1239,None
K?otR`\\svWUo,2.384185791015625e-07,3.0129408836364746,True,925,None
K?otR`\\huk^?,4.76837158203125e-07,0.9987914562225342,True,548,None
K?otR_|{e[Yg,2.384185791015625e-07,1.2616245746612549,True,626,None
K?otR_|xUsYo,2.384185791015625e-07,4.224736213684082,True,970,None
K?otRbbffgJg,2.384185791015625e-07,1.8203949928283691,True,771,None
K?otRbRrRwUo,2.384185791015625e-07,1.8167757987976074,True,808,None
K?otRbRZUwUo,2.384185791015625e-07,26.70048189163208,True,1600,None
K?otRbRptwN_,2.384185791015625e-07,1.3233320713043213,True,608,None
K?otRbRFvg\\_,2.384185791015625e-07,0.3710954189300537,True,304,None
K?otRarrVgJo,2.384185791015625e-07,2.463071823120117,True,904,None
K?otRarRvgZ_,2.384185791015625e-07,1.5621540546417236,True,629,None
K?otRbJtRwUo,2.384185791015625e-07,1.1249721050262451,True,625,None
K?otR`jvEkUg,2.384185791015625e-07,3.959080457687378,True,1062,None
K?otR`jffgYg,2.384185791015625e-07,5.620154857635498,True,1162,None
K?otR`jtUwUo,2.384185791015625e-07,2.22509765625,True,862,None
K?otRaZxfgJg,2.384185791015625e-07,0.2572591304779053,True,233,None
K?otR`ZjfgYg,2.384185791015625e-07,0.3760838508605957,True,318,None
K?otR`ZtVWUo,2.384185791015625e-07,1.3855712413787842,True,597,None
K?otR_zxUkZ_,7.152557373046875e-07,1.6072721481323242,True,695,None
K?otRbFudwMg,2.384185791015625e-07,0.04619407653808594,True,38,None
K?otRbFmewMg,2.384185791015625e-07,1.4825077056884766,True,687,None
K?otRbF]diZ_,2.384185791015625e-07,7.64635705947876,True,1297,None
K?otRbFffoMg,4.76837158203125e-07,6.011661529541016,True,1178,None
K?otRaf|A{ZG,2.384185791015625e-07,2.7306697368621826,True,975,None
K?otRafuewMg,4.76837158203125e-07,6.72067928314209,True,1143,None
K?otRaf]eiZ_,7.152557373046875e-07,9.043303489685059,True,1283,None
K?otR`f|C{ZG,2.384185791015625e-07,1.6469035148620605,True,749,None
K?otR`f|CyZO,2.384185791015625e-07,2.1543450355529785,True,819,None
K?otR`f{UwRo,2.384185791015625e-07,0.4811825752258301,True,358,None
K?otRaVufWMg,2.384185791015625e-07,2.512418746948242,True,860,None
K?otRaV\\eY^?,2.384185791015625e-07,0.11151695251464844,True,91,None
K?otRaVrfoMg,2.384185791015625e-07,0.4138364791870117,True,354,None
K?otRaVrfgNG,2.384185791015625e-07,2.003075122833252,True,831,None
K?otRaVVfa\\_,2.384185791015625e-07,1.447662591934204,True,671,None
K?otRaVVfI^?,4.76837158203125e-07,0.6534888744354248,True,481,None
K?otRaVxUsN_,2.384185791015625e-07,1.3491137027740479,True,590,None
K?otR`VjUk^?,4.76837158203125e-07,1.9017388820648193,True,785,None
K?otR`VfVc\\_,2.384185791015625e-07,1.7739298343658447,True,747,None
K?otR_v}E[Yg,2.384185791015625e-07,1.2750787734985352,True,643,None
K?otR_v|EwXW,2.384185791015625e-07,1.5564892292022705,True,677,None
K?otR_v{eYZ_,2.384185791015625e-07,0.25371789932250977,True,216,None
K?otR_vufWYg,2.384185791015625e-07,3.7594587802886963,True,984,None
K?otRaNvFcMg,2.384185791015625e-07,1.9768059253692627,True,785,None
K?otRaN\\ei^?,2.384185791015625e-07,41.11586356163025,True,1808,None
K?otRaNuVgMo,2.384185791015625e-07,5.068667411804199,True,1210,None
K?otR`NmfgYg,4.76837158203125e-07,2.9292514324188232,True,951,None
K?otR`NuVgUo,4.76837158203125e-07,5.869858503341675,True,1176,None
K?otR`NmVgYo,2.384185791015625e-07,9.90080976486206,True,1405,None
K?otR`NlVgZO,4.76837158203125e-07,2.760441780090332,True,976,None
K?otR_^{Uk\\_,2.384185791015625e-07,4.298457384109497,True,1135,None
K?otR_^xUk^?,2.384185791015625e-07,1.0066723823547363,True,486,None
K?otR_^tVg\\O,2.384185791015625e-07,5.715250492095947,True,1138,None
K?otQjwmeMMg,2.384185791015625e-07,1.8033013343811035,True,714,None
K?otQjwVdi[W,2.384185791015625e-07,3.7611114978790283,True,1059,None
K?otQjw]UMUo,4.76837158203125e-07,2.071394681930542,True,836,None
K?otQjwYuiUo,2.384185791015625e-07,3.688850164413452,True,1037,None
K?otQjkfbe]G,2.384185791015625e-07,18.02294158935547,True,1570,None
K?otQjkVde]G,2.384185791015625e-07,0.4191884994506836,True,339,None
K?otQjkmReYo,2.384185791015625e-07,1.5799331665039062,True,787,None
K?otQjktTsMW,4.76837158203125e-07,2.3491737842559814,True,837,None
K?otQjkfRe]O,2.384185791015625e-07,4.774486541748047,True,1170,None
K?otQj[mfEMg,2.384185791015625e-07,0.14292478561401367,True,111,None
K?otQj[]di[W,2.384185791015625e-07,0.26113247871398926,True,229,None
K?otQj[]de[g,2.384185791015625e-07,7.124347925186157,True,1293,None
K?otQj[Nfa[W,2.384185791015625e-07,10.580607652664185,True,1256,None
K?otQj[]VEUo,2.384185791015625e-07,9.408077716827393,True,1335,None
K?otQj[jVcMW,2.384185791015625e-07,1.5538654327392578,True,708,None
K?otQj[Jva]O,2.384185791015625e-07,12.57826566696167,True,1349,None
K?otQjinEeMg,2.384185791015625e-07,4.844170570373535,True,1097,None
K?otQjitdqMg,4.76837158203125e-07,1.1548445224761963,True,496,None
K?otQjYmfIMg,2.384185791015625e-07,0.587726354598999,True,429,None
K?otQjYJvg]G,2.384185791015625e-07,31.284767389297485,True,1773,None
K?otQjeFvo]G,4.76837158203125e-07,3.1248373985290527,True,974,None
K?otQiuyeqMg,2.384185791015625e-07,1.6239893436431885,True,662,None
K?otQjMLvo]G,4.76837158203125e-07,1.453369140625,True,642,None
K?otQimsrq]_,2.384185791015625e-07,1.3861558437347412,True,615,None
K?otQim[ui^?,2.384185791015625e-07,3.4208178520202637,True,932,None
K?otQhm|DeZG,4.76837158203125e-07,4.595000267028809,True,1183,None
K?otQhmlfaZG,4.76837158203125e-07,1.820997714996338,True,719,None
K?otQi]{fQMg,4.76837158203125e-07,2.0327014923095703,True,827,None
K?otQi]yfaMg,2.384185791015625e-07,3.5587477684020996,True,1010,None
K?otQi][vI^?,2.384185791015625e-07,6.818416118621826,True,1387,None
K?otQg}tVE^?,0.0,2.2693099975585938,True,849,None
K?otQg}qvg]G,2.384185791015625e-07,0.4099233150482178,True,335,None
K?otQiN]fg]G,4.76837158203125e-07,0.4225761890411377,True,346,None
K?otVas\\I{XW,4.76837158203125e-07,4.087622880935669,True,993,None
K?otVasYimZ_,4.76837158203125e-07,0.48587965965270996,True,376,None
K?otUrolRLJo,2.384185791015625e-07,0.6667368412017822,True,437,None
K?otUrohrhJo,2.384185791015625e-07,0.05173635482788086,True,40,None
K?otUrcv@fMo,2.384185791015625e-07,5.57842755317688,True,1172,None
K?otUrSxP{MS,4.76837158203125e-07,1.6700801849365234,True,738,None
K?otUqszAlMW,2.384185791015625e-07,3.6117467880249023,True,1016,None
K?otUqsrbhMW,2.384185791015625e-07,1.287186622619629,True,566,None
K?otUpsrdeMc,2.384185791015625e-07,3.7562954425811768,True,976,None
K?otUpsffEMc,2.384185791015625e-07,2.7156503200531006,True,859,None
K?otUpsqrhUo,2.384185791015625e-07,15.520346879959106,True,1317,None
K?otUpsUvHUo,2.384185791015625e-07,18.84607172012329,True,1408,None
K?otUrat`xMg,2.384185791015625e-07,7.068194389343262,True,1224,None
K?otUraLmwMg,2.384185791015625e-07,1.7071378231048584,True,741,None
K?otUpqjehMg,2.384185791015625e-07,1.9295077323913574,True,805,None
K?otUpqjUkMc,2.384185791015625e-07,3.3953847885131836,True,941,None
K?otUpqjRkYc,4.76837158203125e-07,0.34571266174316406,True,276,None
K?otUpqLmw[g,2.384185791015625e-07,4.117228746414185,True,1011,None
K?otUourfaMc,2.384185791015625e-07,3.848231792449951,True,1032,None
K?otUourbb]_,2.384185791015625e-07,1.7040178775787354,True,720,None
K?otUouyUkMc,2.384185791015625e-07,1.3759574890136719,True,607,None
K?otUourVcMc,2.384185791015625e-07,9.97278904914856,True,1191,None
K?otTrSybkIk,4.76837158203125e-07,5.272953987121582,True,1071,None
K?otTrSrbeMc,2.384185791015625e-07,10.81502389907837,True,1524,None
K?otTrSrbdMg,2.384185791015625e-07,6.473727703094482,True,1181,None
K?otTrSprdN_,2.384185791015625e-07,1.681997299194336,True,800,None
K?otTpsqukMc,4.76837158203125e-07,22.110389947891235,True,1394,None
K?otTpsRv`Yo,2.384185791015625e-07,3.661982774734497,True,1043,None
K?otUjo{R[Bs,2.384185791015625e-07,2.188316583633423,True,847,None
K?otUjohqtN_,2.384185791015625e-07,1.8739409446716309,True,796,None
K?otUjoLrwXS,4.76837158203125e-07,19.54619598388672,True,1431,None
K?otUjojJsIw,2.384185791015625e-07,0.17674016952514648,True,155,None
K?otUjopjqFo,2.384185791015625e-07,0.20220685005187988,True,199,None
K?otUjohjsJg,4.76837158203125e-07,3.167628288269043,True,987,None
K?otUjohi{NG,2.384185791015625e-07,4.522481441497803,True,1088,None
K?otUjohiuN_,4.76837158203125e-07,1.7967231273651123,True,726,None
K?otUjcNRdZO,2.384185791015625e-07,2.4076497554779053,True,854,None
K?otUhs\\dTZG,4.76837158203125e-07,2.732516288757324,True,863,None
K?otUhsNfDZG,4.76837158203125e-07,7.280675888061523,True,1291,None
K?otUhstPt\\O,2.384185791015625e-07,2.071882724761963,True,794,None
K?otUhs\\St\\O,2.384185791015625e-07,0.550915002822876,True,391,None
K?otUhsjMsMW,2.384185791015625e-07,1.6049857139587402,True,737,None
K?otUhsjJsYW,2.384185791015625e-07,1.9243009090423584,True,786,None
K?otRjo\\cyXS,2.384185791015625e-07,2.231684923171997,True,813,None
K?otRjo\\S{XS,2.384185791015625e-07,7.58112359046936,True,1231,None
K?otRjodrwXS,2.384185791015625e-07,3.2980539798736572,True,988,None
K?otRis^ETYW,2.384185791015625e-07,1.5072309970855713,True,661,None
K?otRisZeeZC,0.0,1.8810293674468994,True,820,None
K?otRisZedZG,2.384185791015625e-07,0.6197195053100586,True,439,None
K?otRistQt\\O,2.384185791015625e-07,1.8372180461883545,True,700,None
K?otRisVUd\\O,2.384185791015625e-07,1.6453826427459717,True,709,None
K?otRhsrTsYS,2.384185791015625e-07,0.1711418628692627,True,159,None
K?otSzo}BMIs,2.384185791015625e-07,1.1020839214324951,True,550,None
K?otSzozAmMS,0.0,0.06125211715698242,True,60,None
K?otSzovBMMS,4.76837158203125e-07,3.9615745544433594,True,1128,None
K?otSzo{JMJo,2.384185791015625e-07,5.913589239120483,True,1268,None
K?otSzowjiJo,2.384185791015625e-07,6.097155570983887,True,1160,None
K?otSzowiyMo,2.384185791015625e-07,0.47266364097595215,True,382,None
K?otSzcTrs]C,4.76837158203125e-07,1.9459607601165771,True,778,None
K?otSxstRs[S,2.384185791015625e-07,6.094363689422607,True,1283,None
K?otSxstRd\\O,4.76837158203125e-07,10.462701559066772,True,1311,None
K?otSxs\\VcXS,4.76837158203125e-07,2.1891446113586426,True,691,None
K?otSxsqvcMc,2.384185791015625e-07,1.3313531875610352,True,556,None
K?otSxqufIMc,2.384185791015625e-07,1.7204277515411377,True,719,None
K?otSxqrfaMc,2.384185791015625e-07,6.1995790004730225,True,1232,None
K?otQzorf`Ew,2.384185791015625e-07,11.243421077728271,True,1469,None
K?otQzojfcIk,7.152557373046875e-07,3.1218228340148926,True,884,None
K?otQzouRLUo,2.384185791015625e-07,8.181509971618652,True,1388,None
K?otQzcLus]C,2.384185791015625e-07,4.23437762260437,True,1066,None
K?otQzSxLsMW,2.384185791015625e-07,4.7224202156066895,True,1175,None
K?otQystRs[S,2.384185791015625e-07,2.013185501098633,True,823,None
K?otQystRd\\O,2.384185791015625e-07,0.583606481552124,True,401,None
K?otQysqrk]C,2.384185791015625e-07,1.1416473388671875,True,527,None
K?otQysxMsMW,2.384185791015625e-07,0.6059269905090332,True,437,None
K?otQysXncZG,2.384185791015625e-07,1.4438667297363281,True,660,None
K?otQysXms]G,2.384185791015625e-07,1.6430540084838867,True,701,None
K?otQysXme^?,2.384185791015625e-07,4.298886775970459,True,1127,None
K?otQysTna\\O,2.384185791015625e-07,2.1471710205078125,True,811,None
K?otQxstTd\\O,2.384185791015625e-07,4.4504289627075195,True,1028,None
K?otQxslUs[S,4.76837158203125e-07,2.0156772136688232,True,764,None
K?otQxslUd\\O,4.76837158203125e-07,1.9626684188842773,True,758,None
K?otQxstLe\\O,2.384185791015625e-07,1.8928828239440918,True,806,None
K?otQxslMe\\O,2.384185791015625e-07,1.8803410530090332,True,834,None
K?otQxsple^?,2.384185791015625e-07,8.701995611190796,True,1376,None
K?otQxshncZG,2.384185791015625e-07,2.7060537338256836,True,981,None
K?otQxshms]G,2.384185791015625e-07,5.850763320922852,True,1141,None
K?otQxshme^?,2.384185791015625e-07,2.0995213985443115,True,799,None
K?otQxsdna\\O,4.76837158203125e-07,2.540327548980713,True,931,None
K?otQxsdnQ]O,2.384185791015625e-07,12.85738492012024,True,1485,None
K?otQyesnoMg,2.384185791015625e-07,4.283973455429077,True,1090,None
K?otQyesjq]_,2.384185791015625e-07,2.447758197784424,True,830,None
K?otQxeudi]C,2.384185791015625e-07,4.237893342971802,True,1157,None
K?otQxemeh]G,2.384185791015625e-07,2.6922688484191895,True,942,None
K?otQxemV`Yo,2.384185791015625e-07,1.6460654735565186,True,765,None
K?otTVo\\ajZ_,4.76837158203125e-07,0.4036848545074463,True,325,None
K?otTVStbwMK,2.384185791015625e-07,3.6262125968933105,True,1024,None
K?otTVSsrhN_,2.384185791015625e-07,0.09283232688903809,True,56,None
K?otTTsVf`Yg,2.384185791015625e-07,3.827070951461792,True,991,None
K?otTTssuwMc,2.384185791015625e-07,2.3529410362243652,True,793,None
K?otTTs[uhZ_,2.384185791015625e-07,8.663892030715942,True,1215,None
K?otRVoVfgQk,2.384185791015625e-07,2.9195663928985596,True,938,None
K?otRVSudhMg,2.384185791015625e-07,0.33924245834350586,True,280,None
K?otSvotbXMg,2.384185791015625e-07,1.3139090538024902,True,722,None
K?otSvoprhN_,7.152557373046875e-07,6.779080390930176,True,1187,None
K?otSvctbbN_,2.384185791015625e-07,42.77300667762756,True,1917,None
K?otStswuwMc,2.384185791015625e-07,5.836806535720825,True,1064,None
K?otSts\\NgXW,4.76837158203125e-07,2.4367787837982178,True,708,None
K?otQvordhMg,2.384185791015625e-07,0.9302473068237305,True,545,None
K?otQvojbhYg,2.384185791015625e-07,0.3409297466278076,True,277,None
K?otQvoZfgQk,2.384185791015625e-07,2.0400619506835938,True,774,None
K?otQvohrhZ_,2.384185791015625e-07,2.003338575363159,True,795,None
K?otQvoXthZ_,2.384185791015625e-07,1.5799291133880615,True,579,None
K?otQvcudhMg,2.384185791015625e-07,2.594304084777832,True,878,None
K?otQus\\NgXW,2.384185791015625e-07,2.840035915374756,True,795,None
K?otPvSsvgLc,2.384185791015625e-07,5.992269277572632,True,1213,None
K?otPvSsrw[c,2.384185791015625e-07,2.1938693523406982,True,893,None
K?otPvS[uh\\_,2.384185791015625e-07,8.478912353515625,True,1300,None
K?otPts{MiXo,2.384185791015625e-07,1.1942598819732666,True,546,None
K?otPtstNgXW,2.384185791015625e-07,94.68478751182556,True,2005,None
K?otTNotarN_,2.384185791015625e-07,3.2908973693847656,True,1054,None
K?otTNW[uwMc,2.384185791015625e-07,3.388099431991577,True,1001,None
K?otTLw{MiJo,2.384185791015625e-07,0.023473501205444336,True,15,None
K?otRNWmehMg,2.384185791015625e-07,0.6967737674713135,True,436,None
K?otRNWkuwMc,2.384185791015625e-07,5.563301086425781,True,1182,None
K?otRMw[uhZ_,2.384185791015625e-07,3.0952937602996826,True,924,None
K?otRMw{MiJo,2.384185791015625e-07,1.5111687183380127,True,588,None
K?otRLw{KyYo,2.384185791015625e-07,0.38503074645996094,True,318,None
K?otQnoufWEk,2.384185791015625e-07,147.9995219707489,True,2030,None
K?otQnorfoEk,4.76837158203125e-07,0.4458036422729492,True,359,None
K?otQnobv`N_,2.384185791015625e-07,1.5995140075683594,True,709,None
K?otQngkuwMc,4.76837158203125e-07,8.813581705093384,True,1309,None
K?otQngfNcMg,2.384185791015625e-07,0.16945576667785645,True,135,None
K?otQngfJe]_,2.384185791015625e-07,2.0257909297943115,True,853,None
K?otQnWjNgMW,4.76837158203125e-07,1.2010250091552734,True,563,None
K?otQnWjNcMg,2.384185791015625e-07,0.43529248237609863,True,371,None
K?otQnWZLi]O,4.76837158203125e-07,14.61342167854309,True,1478,None
K?otQlwrdi]C,2.384185791015625e-07,2.950070858001709,True,950,None
K?otQlwjeh]G,9.5367431640625e-07,2.0341522693634033,True,834,None
K?otQmktNoMW,2.384185791015625e-07,1.4128108024597168,True,647,None
K?otQmk\\Ms]G,2.384185791015625e-07,1.5853016376495361,True,696,None
K?otQlkudi]C,4.76837158203125e-07,1.912886381149292,True,806,None
K?otQlkmNcYg,7.152557373046875e-07,0.0421907901763916,True,30,None
K?otPnoYuhZ_,4.76837158203125e-07,0.6091747283935547,True,461,None
K?otPnoRuw]C,7.152557373046875e-07,2.043653964996338,True,816,None
K?otPnSsvoLc,2.384185791015625e-07,13.331051111221313,True,1383,None
K?otPnSqrw]C,2.384185791015625e-07,2.1550521850585938,True,871,None
K?otPlsrUs]C,7.152557373046875e-07,1.7804112434387207,True,745,None
K?opvBwrSmMo,2.384185791015625e-07,22.296921491622925,True,1573,None
K?opvBwfUMMo,4.76837158203125e-07,11.874887704849243,True,1450,None
K?opvBwfRMYo,4.76837158203125e-07,0.5437932014465332,True,409,None
K?opvBs|?}XW,2.384185791015625e-07,3.3809449672698975,True,978,None
K?opvBs{c]Jg,4.76837158203125e-07,23.029425382614136,True,1709,None
K?opvBsxcuJg,4.76837158203125e-07,4.9660561084747314,True,1151,None
K?opvBs{S]Jo,2.384185791015625e-07,2.3880860805511475,True,890,None
K?opvBk}CmIw,4.76837158203125e-07,3.1470065116882324,True,990,None
K?opvBkfUeMo,2.384185791015625e-07,0.04143500328063965,True,34,None
K?opvBkFui]O,2.384185791015625e-07,2.281468391418457,True,881,None
K?opvB[bvaMo,7.152557373046875e-07,1.943709135055542,True,833,None
K?opvA{{QmXo,2.384185791015625e-07,2.0640876293182373,True,873,None
K?opvA{{Q]Yo,2.384185791015625e-07,1.273641586303711,True,602,None
K?opvA{\\UkXW,2.384185791015625e-07,1.1495814323425293,True,627,None
K?opvBqreiFg,2.384185791015625e-07,4.552388429641724,True,1115,None
K?opvBqJuwYg,7.152557373046875e-07,3.0861380100250244,True,1015,None
K?opvBYxeiFg,4.76837158203125e-07,1.9396898746490479,True,829,None
K?opvBYppy]_,2.384185791015625e-07,6.06687068939209,True,1146,None
K?opvAyXuwYg,2.384185791015625e-07,1.4510912895202637,True,683,None
K?opvAyRvgYg,2.384185791015625e-07,2.3016884326934814,True,876,None
K?opvAm]UkYg,2.384185791015625e-07,2.3637044429779053,True,862,None
K?opvAm[uwYg,2.384185791015625e-07,0.1475515365600586,True,103,None
K?opvA]{eYMg,2.384185791015625e-07,0.3982555866241455,True,315,None
K?opvA]tbi\\G,2.384185791015625e-07,2.1299288272857666,True,868,None
K?opvA]Vfa[g,4.76837158203125e-07,25.314138412475586,True,1553,None
K?opvA]YvgYg,4.76837158203125e-07,0.10222601890563965,True,81,None
K?opvA]prq]_,2.384185791015625e-07,1.5125670433044434,True,686,None
K?opv?}tei\\G,2.384185791015625e-07,13.679564714431763,True,1371,None
K?opv?}{UMZ_,2.384185791015625e-07,1.5428762435913086,True,695,None
K?opv?}xUeZ_,2.384185791015625e-07,2.5872154235839844,True,937,None
K?opv?}wuiZ_,2.384185791015625e-07,0.41704535484313965,True,351,None
K?opvBhvCmMo,2.384185791015625e-07,12.559632539749146,True,1395,None
K?opvBhfUkMo,2.384185791015625e-07,1.9694628715515137,True,752,None
K?opvBXzCmMo,2.384185791015625e-07,1.7572684288024902,True,774,None
K?opvBXz@mYo,7.152557373046875e-07,0.5997459888458252,True,408,None
K?opvBXvDMMo,2.384185791015625e-07,4.888003587722778,True,1069,None
K?opvBXnEkKw,2.384185791015625e-07,0.03960680961608887,True,28,None
K?opvBXrTkMo,4.76837158203125e-07,2.7461459636688232,True,902,None
K?opvBXjUkMo,4.76837158203125e-07,0.22189021110534668,True,185,None
K?opvBXbvgMo,4.76837158203125e-07,1.1793723106384277,True,629,None
K?opvAxvEMMo,2.384185791015625e-07,1.0829198360443115,True,557,None
K?opvAxxeiJo,2.384185791015625e-07,0.16493678092956543,True,156,None
K?opvAxxamZ_,2.384185791015625e-07,3.110031843185425,True,1058,None
K?opvAxVek[g,2.384185791015625e-07,18.352535724639893,True,1554,None
K?opvAxRvgYo,2.384185791015625e-07,4.421206474304199,True,1209,None
K?opvAlvEeMo,4.76837158203125e-07,3.383221387863159,True,1009,None
K?opvAl{a{Yg,2.384185791015625e-07,22.126371383666992,True,1609,None
K?opvAl[ukZ_,2.384185791015625e-07,0.29662656784057617,True,262,None
K?opvA\\vFEMo,2.384185791015625e-07,0.08234190940856934,True,78,None
K?opvA\\ufIMo,4.76837158203125e-07,10.215545892715454,True,1343,None
K?opvA\\rfaMo,2.384185791015625e-07,2.19368052482605,True,919,None
K?opvA\\rbe]_,2.384185791015625e-07,6.30325174331665,True,1263,None
K?opvA\\VVc[o,4.76837158203125e-07,1.5756275653839111,True,740,None
K?opvA\\YvgYo,2.384185791015625e-07,1.274834156036377,True,634,None
K?opv?||EkXW,2.384185791015625e-07,1.6294872760772705,True,770,None
K?opv?|uek[g,4.76837158203125e-07,1.7994797229766846,True,730,None
K?opv?|rek]G,2.384185791015625e-07,1.6058306694030762,True,687,None
K?opuJkmUeMo,2.384185791015625e-07,0.45699143409729004,True,368,None
K?opuJkNUe]O,0.0,6.179535865783691,True,1236,None
K?opuJe|@uZG,4.76837158203125e-07,7.1152026653289795,True,1278,None
K?opuIuxbqZG,4.76837158203125e-07,4.25984001159668,True,1076,None
K?opuIu\\fQZG,2.384185791015625e-07,0.28184962272644043,True,228,None
K?opuIuZfaZG,2.384185791015625e-07,1.6414308547973633,True,735,None
K?opuJMMvg]G,2.384185791015625e-07,1.36057710647583,True,610,None
K?opuIm|BeZG,2.384185791015625e-07,3.518625259399414,True,1002,None
K?opuIm{biZG,2.384185791015625e-07,1.372065782546997,True,630,None
K?opuImTvo]G,4.76837158203125e-07,1.9620287418365479,True,758,None
K?opuG}|FEZG,2.384185791015625e-07,2.577237129211426,True,906,None
K?opuG}{fIZG,2.384185791015625e-07,1.4950003623962402,True,669,None
K?opuG}qvg]G,2.384185791015625e-07,2.884936809539795,True,994,None
K?opuG}pva^?,2.384185791015625e-07,1.7553627490997314,True,728,None
K?opuIN}FaMo,2.384185791015625e-07,2.356498956680298,True,857,None
K?opvRcuSlMo,2.384185791015625e-07,12.205799102783203,True,1282,None
K?opvRcfUdMo,4.76837158203125e-07,2.178966522216797,True,861,None
K?opvRc{G}Yo,2.384185791015625e-07,6.068213939666748,True,1264,None
K?opvRclMeJo,7.152557373046875e-07,2.6015994548797607,True,949,None
K?opvRSNVKYS,2.384185791015625e-07,0.48055362701416016,True,357,None
K?opvQqrbhYg,4.76837158203125e-07,2.248046636581421,True,870,None
K?opvOurfgYK,4.76837158203125e-07,2.349876880645752,True,877,None
K?opvOurf`Yg,2.384185791015625e-07,2.289482355117798,True,848,None
K?optpetNgXW,2.384185791015625e-07,1.5258400440216064,True,671,None
K?opvJoxStJo,2.384185791015625e-07,1.2688806056976318,True,540,None
K?opvJoFvgXS,2.384185791015625e-07,1.4417459964752197,True,626,None
K?optjoyQ\\Yo,2.384185791015625e-07,1.3878531455993652,True,710,None
K?optjoZUkXS,2.384185791015625e-07,0.05391860008239746,True,49,None
K?optjoZUdXo,4.76837158203125e-07,0.32112789154052734,True,288,None
K?optjczEeJS,4.76837158203125e-07,2.669973850250244,True,935,None
K?optjc^ETYW,2.384185791015625e-07,1.901733636856079,True,774,None
K?optjcZeeZC,4.76837158203125e-07,3.632601499557495,True,1036,None
K?opuZorf`Ew,4.76837158203125e-07,1.6604340076446533,True,737,None
K?opuZoNVDYo,7.152557373046875e-07,7.344935417175293,True,1257,None
K?opuZobv`Mo,2.384185791015625e-07,5.755319118499756,True,1247,None
K?opuZcmUdMo,2.384185791015625e-07,2.1407647132873535,True,814,None
K?opuZcerh]O,4.76837158203125e-07,7.634301424026489,True,1232,None
K?opuZcMvgYS,2.384185791015625e-07,2.151221752166748,True,849,None
K?opuYs\\VSYS,2.384185791015625e-07,1.794677734375,True,744,None
K?opuYs[nKZG,4.76837158203125e-07,0.8355147838592529,True,453,None
K?opuYetJq]O,2.384185791015625e-07,7.868288516998291,True,1349,None
K?opuYe\\NcZG,2.384185791015625e-07,15.861738681793213,True,1397,None
K?opuWuxNcZG,2.384185791015625e-07,0.2206888198852539,True,172,None
K?opuWuxNaZO,2.384185791015625e-07,2.76477313041687,True,909,None
K?optZStVcLS,4.76837158203125e-07,4.896219968795776,True,1116,None
K?optZS[vKZC,4.76837158203125e-07,3.232455015182495,True,968,None
K?optZSYuh]O,2.384185791015625e-07,0.17374539375305176,True,146,None
K?optZQZUd]_,2.384185791015625e-07,2.061222553253174,True,770,None
K?opuNoirhZ_,2.384185791015625e-07,3.570483922958374,True,1021,None
K?opuNgfNgMW,2.384185791015625e-07,1.5678949356079102,True,693,None
K?opuNgfNaMo,7.152557373046875e-07,0.9738643169403076,True,547,None
K?opuNgNMi]O,2.384185791015625e-07,2.6176087856292725,True,926,None
K?opuMk]NgYW,2.384185791015625e-07,2.4251179695129395,True,949,None
K?opuMk]NcYg,2.384185791015625e-07,1.6580934524536133,True,738,None
K?optNoyeiJc,4.76837158203125e-07,1.5224895477294922,True,677,None
K?optNoxeqJc,2.384185791015625e-07,0.3312962055206299,True,305,None
K?optNoxepJg,2.384185791015625e-07,3.4470109939575195,True,1069,None
K?optNo{MYJo,2.384185791015625e-07,7.988538026809692,True,1327,None
K?optNc]ebZ_,2.384185791015625e-07,2.5479490756988525,True,906,None
K?optNc{I{ZG,2.384185791015625e-07,2.5140795707702637,True,927,None
K?re`qwv@fKw,2.384185791015625e-07,0.12422466278076172,True,111,None
K?re`qwyImEw,4.76837158203125e-07,1.8868074417114258,True,704,None
K?re`qwjJeIw,2.384185791015625e-07,4.239534616470337,True,1083,None
K?rLbawYmiEw,4.76837158203125e-07,3.0725255012512207,True,995,None
K?rLbawJjeYg,2.384185791015625e-07,2.966625928878784,True,940,None
K?rLbawoziFo,2.384185791015625e-07,1.3761959075927734,True,619,None
K?rLbaw`ziNO,2.384185791015625e-07,6.388391494750977,True,1225,None
K?rLbaw`zeN_,2.384185791015625e-07,12.722715854644775,True,1310,None
K?rLbakuRdEw,2.384185791015625e-07,3.454369306564331,True,975,None
K?rLbakmReIs,2.384185791015625e-07,1.7888693809509277,True,712,None
K?rLbakfReMS,4.76837158203125e-07,2.931288480758667,True,917,None
K?rLbakVLeMW,4.76837158203125e-07,1.4022150039672852,True,607,None
K?rLbakFje]G,2.384185791015625e-07,2.070762872695923,True,776,None
K?rLbakE~aMo,2.384185791015625e-07,4.10158371925354,True,1053,None
K?rLb_{nBeW[,2.384185791015625e-07,4.418690204620361,True,1076,None
K?rLb_{rbeUK,2.384185791015625e-07,4.385905027389526,True,981,None
K?rLb_{ZfaQ[,4.76837158203125e-07,0.1696946620941162,True,147,None
K?rLb_{qtkMK,2.384185791015625e-07,0.04780864715576172,True,47,None
K?rLb_{bre]C,4.76837158203125e-07,243.74252009391785,True,2067,None
K?rLb_{Jud]G,2.384185791015625e-07,0.3997070789337158,True,323,None
K?rLb_{yLeIw,4.76837158203125e-07,2.1756107807159424,True,801,None
K?rLb_{ijeYg,2.384185791015625e-07,15.997777223587036,True,1424,None
K?rLb_{YliYW,4.76837158203125e-07,12.462665796279907,True,1461,None
K?rLb_{MnIYW,2.384185791015625e-07,4.923243999481201,True,1090,None
K?rLb_{a~aMo,0.0,60.66408658027649,True,1950,None
K?rLb_{azi]O,2.384185791015625e-07,2.001457929611206,True,825,None
K?rLb_{I}k]G,2.384185791015625e-07,1.6105279922485352,True,717,None
K?qmbaw|@]I[,2.384185791015625e-07,4.422184705734253,True,1172,None
K?qmbawqrhEw,2.384185791015625e-07,2.2303943634033203,True,861,None
K?qmbawMmMMg,2.384185791015625e-07,0.6130332946777344,True,442,None
K?qmbawLmeLg,4.76837158203125e-07,1.6965272426605225,True,720,None
K?qmbaw`zeN_,4.76837158203125e-07,7.448561191558838,True,1247,None
K?qmbawBzk]G,2.384185791015625e-07,2.7481954097747803,True,950,None
K?qmb`w}?nSw,2.384185791015625e-07,2.0313408374786377,True,767,None
K?qmb`w^CmS[,2.384185791015625e-07,6.581310987472534,True,1306,None
K?qmb`wy`jQw,4.76837158203125e-07,0.5126168727874756,True,391,None
K?qmb`wr`jUW,7.152557373046875e-07,1.8767786026000977,True,767,None
K?qmb`wyPmQs,2.384185791015625e-07,0.40517735481262207,True,332,None
K?qmb`wuTMEs,4.76837158203125e-07,2.072357416152954,True,790,None
K?qmb`wuTLEw,2.384185791015625e-07,0.13773465156555176,True,110,None
K?qmb`w]TkO{,4.76837158203125e-07,0.5373713970184326,True,399,None
K?qmb`w]TLQw,2.384185791015625e-07,8.324333190917969,True,1276,None
K?qmb`wyKmEw,2.384185791015625e-07,1.398928165435791,True,670,None
K?qmb`wuHmSw,2.384185791015625e-07,0.5349948406219482,True,408,None
K?qmb`wZLeQw,4.76837158203125e-07,12.303985357284546,True,1412,None
K?qmb`wTlYUW,2.384185791015625e-07,3.9600989818573,True,1009,None
K?qmbassZUFo,2.384185791015625e-07,1.983365774154663,True,803,None
K?qmba[yRdEw,4.76837158203125e-07,2.68295955657959,True,849,None
K?qmba[ireMc,2.384185791015625e-07,3.096160888671875,True,935,None
K?qmba[irdMg,2.384185791015625e-07,0.9241104125976562,True,509,None
K?qmb_{ptsMK,2.384185791015625e-07,0.018301725387573242,True,13,None
K?qmb_{yLeIw,0.0,2.739736557006836,True,939,None
K?qmb_{yJeQw,2.384185791015625e-07,2.5358076095581055,True,901,None
K?qmb_{imeMg,2.384185791015625e-07,4.356867790222168,True,1040,None
K?qmb_{eje[g,2.384185791015625e-07,3.6207425594329834,True,1044,None
K?qmb_{UnIUW,2.384185791015625e-07,2.5812976360321045,True,927,None
K?qmb_{Mme[g,2.384185791015625e-07,9.108270645141602,True,1324,None
K?qmb_{RnaUW,2.384185791015625e-07,1.7166318893432617,True,662,None
K?qmb_{Q|e]_,4.76837158203125e-07,3.4381089210510254,True,1022,None
K?qjba[ZMeUW,2.384185791015625e-07,3.936060905456543,True,964,None
KCOcfe]zBwLo,2.384185791015625e-07,1.8288471698760986,True,752,None
KCOfFbk^?}Ro,2.384185791015625e-07,1.9124493598937988,True,757,None
KCOfF`{^C]Ro,2.384185791015625e-07,1.2960178852081299,True,620,None
KCOfF`]r`yV_,2.384185791015625e-07,2.952106475830078,True,1017,None
KCOfF`]VdYV_,2.384185791015625e-07,1.8804211616516113,True,828,None
KCOfEr[n@mLo,2.384185791015625e-07,3.2865426540374756,True,992,None
KCOfEq{fbiLo,2.384185791015625e-07,0.7606854438781738,True,530,None
KCOfEq]jbiN_,2.384185791015625e-07,6.383181095123291,True,1297,None
KCOfErdn@{Jo,4.76837158203125e-07,3.9848103523254395,True,1096,None
KCOfEqtv@{Lo,2.384185791015625e-07,4.597531318664551,True,1065,None
KCOfEqtfbwLo,2.384185791015625e-07,10.897121906280518,True,1437,None
KCOfDr[fbiLo,4.76837158203125e-07,12.334598779678345,True,1404,None
KCOfDrUjayN_,4.76837158203125e-07,0.4159679412841797,True,352,None
KCOfDpuNeYZ_,2.384185791015625e-07,3.1342015266418457,True,996,None
KCOfDp]rbwUg,2.384185791015625e-07,19.700496912002563,True,1465,None
KCOfDp]fbi\\_,2.384185791015625e-07,3.3467233180999756,True,1054,None
KCOfDp]VfgTg,2.384185791015625e-07,0.35213398933410645,True,306,None
KCOfDp]VfWUg,2.384185791015625e-07,4.420560359954834,True,1130,None
KCOfDrdvA{Fo,2.384185791015625e-07,5.792241334915161,True,1209,None
KCOfDrd^A{Ro,4.76837158203125e-07,2.3184542655944824,True,880,None
KCOfDrLnBkJo,4.76837158203125e-07,1.1234445571899414,True,601,None
KCOfDrL^BkRo,2.384185791015625e-07,5.0771167278289795,True,1044,None
KCOfDrLt`{N_,4.76837158203125e-07,3.1002025604248047,True,1028,None
KCOfCzwx`{Jg,2.384185791015625e-07,25.250404834747314,True,1673,None
KCOfCzwjbkJg,4.76837158203125e-07,0.032202720642089844,True,22,None
KCOfCziVbwUg,4.76837158203125e-07,1.718217372894287,True,748,None
KCOfCxyrbwUg,2.384185791015625e-07,1.123518466949463,True,633,None
KCOfCxyVfWUg,2.384185791015625e-07,1.1848869323730469,True,567,None
KCOfCy]}BiLo,4.76837158203125e-07,3.4499874114990234,True,1023,None
KCOfCzpr`{N_,2.384185791015625e-07,1.934626817703247,True,845,None
KCOfCzpfbwLo,2.384185791015625e-07,0.49599552154541016,True,381,None
KCOfCzht`{N_,2.384185791015625e-07,1.1666631698608398,True,533,None
KCOfCzhfbkN_,2.384185791015625e-07,2.110837697982788,True,904,None
KCOfCzX|@{Lo,2.384185791015625e-07,3.9844701290130615,True,1114,None
KCOfCzXnBkLo,4.76837158203125e-07,3.1393508911132812,True,987,None
KCOfCyxvBkLo,2.384185791015625e-07,2.483567476272583,True,880,None
KCOfCxxVfWUo,2.384185791015625e-07,1.0963993072509766,True,542,None
KCOfCzLnBkNO,2.384185791015625e-07,2.230634927749634,True,878,None
KCOfCzLmbkN_,2.384185791015625e-07,1.0172779560089111,True,506,None
KCOfCxl^EsUo,0.0,27.59094738960266,True,1605,None
KCOfCxl{ewFo,2.384185791015625e-07,0.13860487937927246,True,117,None
KCOfCxlVfoUo,4.76837158203125e-07,0.3311116695404053,True,295,None
KCOfCy\\{bwLo,2.384185791015625e-07,5.279239177703857,True,1069,None
KCOfCy\\]bk\\_,2.384185791015625e-07,0.386425256729126,True,321,None
KCOfCzRzBwFo,2.384185791015625e-07,6.88769793510437,True,1278,None
KCOfCzRjbwN_,2.384185791015625e-07,0.26685237884521484,True,240,None
KCOfCzJnBwMo,2.384185791015625e-07,2.9229705333709717,True,1023,None
KCOfCyjtbwN_,2.384185791015625e-07,5.328593015670776,True,1257,None
KCOfCyjVbw]_,2.384185791015625e-07,7.538778781890869,True,1352,None
KCOfBd]nDwXg,4.76837158203125e-07,2.1675679683685303,True,909,None
KCOfCu{vBiLo,2.384185791015625e-07,0.27922606468200684,True,248,None
KCOfCveVRwV_,2.384185791015625e-07,2.136345148086548,True,838,None
KCOfCum\\RwZ_,2.384185791015625e-07,2.319814682006836,True,840,None
KCOfCvTNfWN_,2.384185791015625e-07,8.354284524917603,True,1309,None
KCOfCttNfWZ_,2.384185791015625e-07,2.742253303527832,True,974,None
KCOfCvL\\bwV_,2.384185791015625e-07,5.093754529953003,True,1139,None
KCOfCvLNbw]_,2.384185791015625e-07,3.0966100692749023,True,961,None
KCOfCul\\bwZ_,2.384185791015625e-07,33.190595388412476,True,1736,None
KCOfCulVbw]_,7.152557373046875e-07,0.47848939895629883,True,357,None
KCOfCu\\\\bw\\_,4.76837158203125e-07,1.5591108798980713,True,763,None
KCOfCt\\nFgLo,2.384185791015625e-07,0.34491944313049316,True,276,None
KCOfCt\\^FWUo,2.384185791015625e-07,2.484238862991333,True,911,None
KCOfCs|vFgLo,2.384185791015625e-07,6.594579458236694,True,1211,None
KCOfCs|\\fWZ_,2.384185791015625e-07,48.60391855239868,True,1847,None
KCOf@vUvDwLg,2.384185791015625e-07,3.5438387393951416,True,1015,None
KCOf@u]tVWN_,2.384185791015625e-07,1.7419040203094482,True,822,None
KCOf@u]rVgN_,4.76837158203125e-07,1.8891313076019287,True,850,None
KCOf?~qvBwTg,2.384185791015625e-07,1.206606149673462,True,557,None
KCOf?~qfVWN_,2.384185791015625e-07,1.775827169418335,True,749,None
KCOf?~qVVWV_,2.384185791015625e-07,5.661646127700806,True,1188,None
KCOf?}y|EwLg,2.384185791015625e-07,2.2655441761016846,True,767,None
KCOf?}yxUwN_,2.384185791015625e-07,8.193946361541748,True,1408,None
KCOf?}ytVWN_,4.76837158203125e-07,2.1853268146514893,True,827,None
KCOf?~bvDwN_,4.76837158203125e-07,2.349053382873535,True,953,None
KCOefbk^@]Ro,2.384185791015625e-07,0.5603554248809814,True,409,None
KCOefb[z@{Dw,4.76837158203125e-07,2.201345920562744,True,888,None
KCOefb[n@]Lo,4.76837158203125e-07,0.17210769653320312,True,131,None
KCOef`mzC{Fg,2.384185791015625e-07,2.3307337760925293,True,863,None
KCOef`mr`yV_,2.384185791015625e-07,0.27184271812438965,True,245,None
KCOefRsz?}Fo,4.76837158203125e-07,0.9365360736846924,True,492,None
KCOefRsfb[Fg,2.384185791015625e-07,6.6464760303497314,True,1154,None
KCOefRsf`{Lg,4.76837158203125e-07,0.47277164459228516,True,382,None
KCOefP{\\c{Tg,2.384185791015625e-07,7.835282564163208,True,1437,None
KCOefP{ZcyUo,2.384185791015625e-07,1.9651086330413818,True,845,None
KCOefRefbwFg,2.384185791015625e-07,0.12851977348327637,True,104,None
KCOefPuffWFg,2.384185791015625e-07,11.91910696029663,True,1370,None
KCOefPmt`yV_,2.384185791015625e-07,5.960613250732422,True,1071,None
KCOefP]x`yV_,4.76837158203125e-07,0.36425137519836426,True,306,None
KCOefP]ZdiV_,2.384185791015625e-07,1.705167531967163,True,783,None
KCOefRdnA{Fo,2.384185791015625e-07,4.406450271606445,True,1166,None
KCOefRd^@{Ro,2.384185791015625e-07,0.3097860813140869,True,279,None
KCOefRTn@{Lo,2.384185791015625e-07,0.4892399311065674,True,399,None
KCOefRT^@{To,2.384185791015625e-07,3.495018720626831,True,1097,None
KCOefQtrbwFo,2.384185791015625e-07,0.576648473739624,True,424,None
KCOefPtrdwFo,2.384185791015625e-07,4.537623643875122,True,1204,None
KCOefPtVd[V_,2.384185791015625e-07,14.26757264137268,True,1478,None
KCOefRLn@{Mo,2.384185791015625e-07,6.632803916931152,True,1231,None
KCOefRL^@{Uo,2.384185791015625e-07,3.0076088905334473,True,971,None
KCOefQ\\|@{Lo,2.384185791015625e-07,0.08237791061401367,True,57,None
KCOefQ\\nBkLo,4.76837158203125e-07,30.19927167892456,True,1743,None
KCOefQ\\^BkTo,2.384185791015625e-07,2.2705609798431396,True,855,None
KCOefQ\\x`{N_,2.384185791015625e-07,0.5098938941955566,True,390,None
KCOefP\\z@{Uo,2.384185791015625e-07,0.14914369583129883,True,131,None
KCOefP\\xdwFo,2.384185791015625e-07,5.335325002670288,True,1241,None
KCOefRF^@{V_,2.384185791015625e-07,2.4007797241210938,True,869,None
KCOefQVNfWN_,2.384185791015625e-07,4.19321608543396,True,1084,None
KCOefPVz@{V_,2.384185791015625e-07,3.658264636993408,True,989,None
KCOeersn@]Lo,2.384185791015625e-07,83.93944716453552,True,1951,None
KCOeerk^@]Uo,2.384185791015625e-07,0.12945842742919922,True,101,None
KCOeeq{nBMLo,2.384185791015625e-07,2.197720527648926,True,871,None
KCOeeqmjbiN_,4.76837158203125e-07,5.363598346710205,True,1148,None
KCOedrUnBYLo,2.384185791015625e-07,0.3642239570617676,True,284,None
KCOedpmZfgRg,2.384185791015625e-07,0.604041337966919,True,428,None
KCOedpmZewUg,2.384185791015625e-07,6.4180803298950195,True,1208,None
KCOedrdr`{N_,4.76837158203125e-07,2.0177886486053467,True,835,None
KCOedrdfbwLo,4.76837158203125e-07,2.062281608581543,True,766,None
KCOefH{^DURo,2.384185791015625e-07,40.06906032562256,True,1832,None
KCOefJifbwFg,2.384185791015625e-07,3.5847854614257812,True,967,None
KCOefIyfbwLg,2.384185791015625e-07,4.020071029663086,True,926,None
KCOefIyVfWFg,4.76837158203125e-07,0.4504373073577881,True,331,None
KCOefIyVbwTg,4.76837158203125e-07,2.8623149394989014,True,978,None
KCOedjijayN_,2.384185791015625e-07,1.245368242263794,True,554,None
KCOediyvBYLo,2.384185791015625e-07,2.444070816040039,True,856,None
KCOedZwzAmFo,2.384185791015625e-07,5.2490925788879395,True,1237,None
KCOedZwfbkLg,2.384185791015625e-07,4.719562768936157,True,1211,None
KCOedZsjbqJo,2.384185791015625e-07,2.030613660812378,True,742,None
KCOedY{xbqJo,7.152557373046875e-07,1.8821814060211182,True,787,None
KCOedZqv@{Lg,2.384185791015625e-07,3.4400885105133057,True,999,None
KCOedZqfbwLg,2.384185791015625e-07,3.8751606941223145,True,1045,None
KCOedXyxbwRg,2.384185791015625e-07,0.27991175651550293,True,242,None
KCOedXytdwLg,2.384185791015625e-07,1.5438299179077148,True,689,None
KCOedXyZfgRg,2.384185791015625e-07,4.833552598953247,True,1127,None
KCOedXyZewUg,2.384185791015625e-07,0.17214131355285645,True,155,None
KCOedXyffgLg,2.384185791015625e-07,4.311572074890137,True,1161,None
KCOedZhnA{Mo,7.152557373046875e-07,3.6503469944000244,True,1035,None
KCOedZh^A{Uo,2.384185791015625e-07,1.5637171268463135,True,660,None
KCOedZXnBkLo,2.384185791015625e-07,3.7341766357421875,True,1121,None
KCOedXxzA{Uo,4.76837158203125e-07,6.12563157081604,True,1213,None
KCOedXxvFKFo,2.384185791015625e-07,1.4145281314849854,True,652,None
KCOedXx^E[Uo,4.76837158203125e-07,6.818719148635864,True,1313,None
KCOedXxZewUo,2.384185791015625e-07,1.8441226482391357,True,783,None
KCOedYl{a{N_,2.384185791015625e-07,3.189157485961914,True,909,None
KCOedZJnBkN_,2.384185791015625e-07,2.1869821548461914,True,878,None
KCOedYZ\\fWN_,2.384185791015625e-07,1.9672431945800781,True,832,None
KCOedYf}A{N_,2.384185791015625e-07,1.0781960487365723,True,525,None
KCOedXf^FoRo,2.384185791015625e-07,1.175508975982666,True,547,None
KCOedWvzFoJo,2.384185791015625e-07,1.682744026184082,True,712,None
KCOedWv^FoXo,2.384185791015625e-07,2.443629741668701,True,920,None
KCOebZk}@{Qw,2.384185791015625e-07,8.680260181427002,True,1267,None
KCOebZk^CuUo,2.384185791015625e-07,1.5299127101898193,True,633,None
KCOebZk]diRo,2.384185791015625e-07,6.381134748458862,True,1173,None
KCOebZqfdwLg,2.384185791015625e-07,1.3680074214935303,True,548,None
KCOebZiv@{Ug,2.384185791015625e-07,0.20957303047180176,True,183,None
KCOebZi\\cyV_,2.384185791015625e-07,16.27961015701294,True,1489,None
KCOebXm}CyUo,4.76837158203125e-07,10.099320888519287,True,1376,None
KCOebZpr`{V_,4.76837158203125e-07,2.360326051712036,True,907,None
KCOebZh^C{Uo,2.384185791015625e-07,1.5772016048431396,True,682,None
KCOebZhVdwUo,2.384185791015625e-07,1.494889259338379,True,700,None
KCOebZXZdwUo,2.384185791015625e-07,0.9496543407440186,True,482,None
KCOefFMn@yN_,2.384185791015625e-07,0.9579184055328369,True,483,None
KCOeeU{|@{Lg,7.152557373046875e-07,5.730828285217285,True,1230,None
KCOeeU{nBkLg,2.384185791015625e-07,22.608866691589355,True,1523,None
KCOeeVe^DwFg,7.152557373046875e-07,0.33949875831604004,True,274,None
KCOeeUmnBwMg,4.76837158203125e-07,0.5188162326812744,True,391,None
KCOedNwv@{Lg,4.76837158203125e-07,0.5274615287780762,True,406,None
KCOedNiVRwV_,2.384185791015625e-07,16.933452129364014,True,1605,None
KCOedMyvBwLg,4.76837158203125e-07,0.6013369560241699,True,407,None
KCOedLyvDwLg,2.384185791015625e-07,1.9616601467132568,True,834,None
KCOedMm]RwZ_,4.76837158203125e-07,0.8523237705230713,True,588,None
KCOedNhNbwZ_,2.384185791015625e-07,2.2268035411834717,True,850,None
KCOedLxZewV_,2.384185791015625e-07,1.6513128280639648,True,712,None
KCOedLxNfWZ_,2.384185791015625e-07,2.5873618125915527,True,957,None
KCOebLm}DwRg,2.384185791015625e-07,0.7634954452514648,True,491,None
KCOe`^qrRwV_,2.384185791015625e-07,1.6690592765808105,True,765,None
KCOe`^qjUwN_,2.384185791015625e-07,2.4931106567382812,True,922,None
KCOe`^qfVWN_,2.384185791015625e-07,1.892951250076294,True,718,None
KCOe`^ivBwUg,2.384185791015625e-07,7.973500728607178,True,1242,None
KCOe`^iVVgV_,2.384185791015625e-07,2.0582756996154785,True,829,None
KCOe`]Z|FWN_,2.384185791015625e-07,2.1663711071014404,True,857,None
KCOffbKfbwDk,2.384185791015625e-07,29.82469129562378,True,1689,None
KCOffbKf`yLc,2.384185791015625e-07,0.05048322677612305,True,39,None
KCOffbKf`xLg,2.384185791015625e-07,0.373323917388916,True,334,None
KCOffbKVdYFc,2.384185791015625e-07,0.10189604759216309,True,73,None
KCOffbKV`yTc,4.76837158203125e-07,6.631901741027832,True,1388,None
KCOffRcfayFc,2.384185791015625e-07,1.7939872741699219,True,823,None
KCOfercfbYFc,2.384185791015625e-07,2.767711639404297,True,922,None
KCOfercf`yLc,2.384185791015625e-07,7.0073771476745605,True,1273,None
KCOfercf`ZN_,7.152557373046875e-07,0.20981383323669434,True,180,None
KCOfercfH]N_,2.384185791015625e-07,2.164360284805298,True,853,None
KCOferSj`xLg,4.76837158203125e-07,8.939447402954102,True,1354,None
KCOferSjP{Lc,2.384185791015625e-07,12.88053584098816,True,1447,None
KCOferK\\`yTc,2.384185791015625e-07,0.8765652179718018,True,571,None
KCOferKZ`yUc,2.384185791015625e-07,2.3049476146698,True,875,None
KCOferKlP{Lc,2.384185791015625e-07,5.047266006469727,True,1047,None
KCOferKlPxLo,4.76837158203125e-07,0.1487581729888916,True,132,None
KCOfeqktbwDk,2.384185791015625e-07,15.813923358917236,True,1515,None
KCOfeqkt`yLc,2.384185791015625e-07,0.4039137363433838,True,359,None
KCOfeqkt`xLg,2.384185791015625e-07,2.6472702026367188,True,896,None
KCOfeqklayLc,2.384185791015625e-07,2.418541193008423,True,845,None
KCOfeqkfJwKw,2.384185791015625e-07,1.6369624137878418,True,732,None
KCOfeqkfJkLg,2.384185791015625e-07,8.331732034683228,True,1220,None
KCOfdrcrayFc,2.384185791015625e-07,1.6074512004852295,True,712,None
KCOfdrcfayLc,2.384185791015625e-07,1.3880057334899902,True,614,None
KCOfdrcfI{Lg,2.384185791015625e-07,0.6050112247467041,True,426,None
KCOfdrcfI]N_,2.384185791015625e-07,3.824786901473999,True,1077,None
KCOfdrKlayLc,2.384185791015625e-07,2.5390660762786865,True,904,None
KCOfdrKjbhJg,2.384185791015625e-07,4.446127891540527,True,1081,None
KCOfdrKrH{Mg,2.384185791015625e-07,1.9429731369018555,True,775,None
KCOfeZcfbqFc,2.384185791015625e-07,0.22041702270507812,True,176,None
KCOfeZcf`yNC,4.76837158203125e-07,5.790369272232056,True,1221,None
KCOfeW{{eYFc,2.384185791015625e-07,2.3111541271209717,True,749,None
KCOfbYwfehLg,4.76837158203125e-07,1.883181095123291,True,728,None
KCOfbY[{cxLg,2.384185791015625e-07,0.6249182224273682,True,418,None
KCOfbY[ff`Lg,4.76837158203125e-07,2.473271131515503,True,854,None
KCOfczgt`xLg,2.384185791015625e-07,2.2531309127807617,True,845,None
KCOfczgxQ{Fc,2.384185791015625e-07,1.7707152366638184,True,730,None
KCOfczgxQxFo,2.384185791015625e-07,3.9710168838500977,True,1022,None
KCOfczW|BXDw,2.384185791015625e-07,5.2733213901519775,True,1135,None
KCOfcywxaxLg,2.384185791015625e-07,2.542012929916382,True,909,None
KCOeurcl`yLc,2.384185791015625e-07,30.73481774330139,True,1744,None
KCOetjgtP{Lc,2.384185791015625e-07,0.697354793548584,True,453,None
KCOetjgVJ[Ug,2.384185791015625e-07,12.184719562530518,True,1299,None
KCOethkudiLc,2.384185791015625e-07,6.205600738525391,True,1100,None
KCQ`fbkZc{JW,2.384185791015625e-07,0.47734999656677246,True,337,None
KCQ`fbMfbsLg,2.384185791015625e-07,1.7474255561828613,True,729,None
KCQ`f`mnE[JW,2.384185791015625e-07,1.2180025577545166,True,552,None
KCQ`fa]}A]Lo,4.76837158203125e-07,3.9037868976593018,True,1074,None
KCQ`falrbsJo,2.384185791015625e-07,3.4662089347839355,True,974,None
KCQ`fa\\ub[Lo,2.384185791015625e-07,1.8937280178070068,True,803,None
KCQ`fa\\rb[NO,2.384185791015625e-07,6.701885938644409,True,1174,None
KCQ`fa\\Vb[\\O,7.152557373046875e-07,4.278820514678955,True,1119,None
KCQ`f_|ye[Jo,2.384185791015625e-07,4.540747165679932,True,1098,None
KCQ`f_|ue[Lo,4.76837158203125e-07,5.95918607711792,True,1210,None
KCQ`faNzA{NO,2.384185791015625e-07,12.172669172286987,True,1523,None
KCQ`faNvBsLo,2.384185791015625e-07,3.0667941570281982,True,942,None
KCQ`fRsfb[JW,2.384185791015625e-07,0.35891056060791016,True,292,None
KCQ`fR[yamFo,2.384185791015625e-07,2.8149118423461914,True,960,None
KCQ`fRUu`{Lg,2.384185791015625e-07,2.16463565826416,True,819,None
KCQ`fRUfbsLg,4.76837158203125e-07,0.4251515865325928,True,335,None
KCQ`fRpr`{Jo,2.384185791015625e-07,3.6924729347229004,True,1036,None
KCQ`fRpZc{Jo,2.384185791015625e-07,1.9636142253875732,True,826,None
KCQ`fRht`{Jo,2.384185791015625e-07,2.341275453567505,True,864,None
KCQ`fRXx`{Jo,4.76837158203125e-07,0.11872124671936035,True,92,None
KCQ`fRXt`{Lo,2.384185791015625e-07,2.9420628547668457,True,961,None
KCQ`fPxxc{Jo,2.384185791015625e-07,5.865098476409912,True,1208,None
KCQ`fPxZekRo,2.384185791015625e-07,4.333258628845215,True,1104,None
KCQ`fRdfa{NO,4.76837158203125e-07,4.184645175933838,True,1171,None
KCQ`fQtya{Jo,2.384185791015625e-07,3.324657678604126,True,1055,None
KCQ`fQtra{NO,4.76837158203125e-07,0.929940938949585,True,491,None
KCQ`fQtZa{ZO,4.76837158203125e-07,1.7449722290039062,True,762,None
KCQ`fPtfesLo,4.76837158203125e-07,3.539914846420288,True,984,None
KCQ`fRRNb[Z_,2.384185791015625e-07,1.5269873142242432,True,656,None
KCQ`fQrvA{Lo,2.384185791015625e-07,2.3130977153778076,True,951,None
KCQ`fQr^A{Xo,4.76837158203125e-07,2.2697818279266357,True,873,None
KCQ`fQVubwLo,4.76837158203125e-07,5.758274078369141,True,1210,None
KCQ`erejbwJW,2.384185791015625e-07,6.563263893127441,True,1210,None
KCQ`erejbqJo,2.384185791015625e-07,2.7984180450439453,True,941,None
KCQ`erefbsLg,2.384185791015625e-07,2.4180591106414795,True,903,None
KCQ`erU}B[Dw,2.384185791015625e-07,2.3638274669647217,True,859,None
KCQ`epmx`{ZG,2.384185791015625e-07,1.6541976928710938,True,689,None
KCQ`erpjb[Jo,4.76837158203125e-07,28.684184551239014,True,1724,None
KCQ`erpZb[Ro,2.384185791015625e-07,0.18804526329040527,True,172,None
KCQ`eplufKFo,2.384185791015625e-07,3.5546200275421143,True,1023,None
KCQ`eqfzA{NO,7.152557373046875e-07,1.8246996402740479,True,807,None
KCQ`eqfybwJo,2.384185791015625e-07,0.3386240005493164,True,286,None
KCQ`fJ[jbsJW,2.384185791015625e-07,1.9140520095825195,True,824,None
KCQ`fI{yauJo,2.384185791015625e-07,5.1854612827301025,True,1216,None
KCQ`fIyua{Lg,2.384185791015625e-07,3.127908706665039,True,1010,None
KCQ`fI]ubsLg,2.384185791015625e-07,6.696648597717285,True,1363,None
KCQ`fH]VfQVO,2.384185791015625e-07,0.10313057899475098,True,83,None
KCQ`fIZzA{NO,4.76837158203125e-07,0.40082550048828125,True,342,None
KCQ`fIZvBsLo,2.384185791015625e-07,1.417367935180664,True,665,None
KCQ`fIZ]bwXo,2.384185791015625e-07,1.8898406028747559,True,854,None
KCQ`fG^vFSNO,2.384185791015625e-07,2.3942277431488037,True,885,None
KCQ`djwua]Lo,2.384185791015625e-07,1.5181620121002197,True,673,None
KCQf@rwprwBw,2.384185791015625e-07,1.1756713390350342,True,601,None
KCQf@rwpq{Fg,2.384185791015625e-07,2.2842555046081543,True,819,None
KCQf@rwXsyJo,7.152557373046875e-07,0.4256458282470703,True,354,None
KCQf@rwJqyYo,2.384185791015625e-07,1.3263473510742188,True,603,None
KCQf@rsNeYJW,2.384185791015625e-07,5.349427700042725,True,1187,None
KCQf@rsfR[JW,2.384185791015625e-07,14.694968461990356,True,1429,None
KCQf@rsfRUJo,2.384185791015625e-07,2.5580434799194336,True,912,None
KCQf@rsqq{Fg,2.384185791015625e-07,3.177471876144409,True,1043,None
KCQf@rsbrwJW,2.384185791015625e-07,0.9427294731140137,True,506,None
KCQf@rk{_}Jg,2.384185791015625e-07,3.8666887283325195,True,1059,None
KCQf@rkfbiJW,2.384185791015625e-07,2.175393581390381,True,852,None
KCQf@rkNeeJg,2.384185791015625e-07,1.4791414737701416,True,685,None
KCQf@rk\\UsBw,2.384185791015625e-07,0.032636404037475586,True,26,None
KCQf@rkkq{Jg,2.384185791015625e-07,0.26097750663757324,True,246,None
KCQf@rk[syJo,4.76837158203125e-07,3.182340145111084,True,1067,None
KCQf@rkLuwJW,4.76837158203125e-07,0.21099138259887695,True,197,None
KCQf@r[zAmFW,2.384185791015625e-07,11.590904474258423,True,1493,None
KCQf@r[ubiDw,2.384185791015625e-07,1.7000694274902344,True,718,None
KCQf@r[x`yJW,2.384185791015625e-07,0.029231786727905273,True,20,None
KCQf@r[rbiFW,2.384185791015625e-07,0.054028987884521484,True,46,None
KCQf@r[jbqIw,2.384185791015625e-07,2.7150676250457764,True,899,None
KCQf@r[uPmLo,2.384185791015625e-07,2.7390620708465576,True,955,None
KCQf@r[erkLg,2.384185791015625e-07,1.99851655960083,True,833,None
KCQf@r[brkNG,2.384185791015625e-07,1.295257568359375,True,621,None
KCQf@q{^EMJW,4.76837158203125e-07,2.534475088119507,True,883,None
KCQf@q{^A]YW,4.76837158203125e-07,1.754084825515747,True,784,None
KCQf@q{ZeiJW,4.76837158203125e-07,5.971695184707642,True,1135,None
KCQf@q{sqyLo,4.76837158203125e-07,1.3972110748291016,True,628,None
KCQf@q{XqyZO,2.384185791015625e-07,8.14841604232788,True,1331,None
KCQf@p{]eMRg,2.384185791015625e-07,31.60749864578247,True,1802,None
KCQf@p{NUeXo,2.384185791015625e-07,1.8595507144927979,True,763,None
KCQf@ri\\UwBw,2.384185791015625e-07,3.7989747524261475,True,1076,None
KCQf@qy^AmXg,4.76837158203125e-07,2.8193235397338867,True,1079,None
KCQf@qy\\Q]Z_,2.384185791015625e-07,0.9977049827575684,True,523,None
KCQf@re]SyJo,2.384185791015625e-07,11.075037240982056,True,1383,None
KCQf@rUyQ{Fg,2.384185791015625e-07,2.063115119934082,True,845,None
KCQf@rUuRwDw,2.384185791015625e-07,7.934603691101074,True,1201,None
KCQf@rUqpyN_,2.384185791015625e-07,2.0172202587127686,True,836,None
KCQf@qu^EYJW,2.384185791015625e-07,4.296921253204346,True,1117,None
KCQf@puyUwBw,2.384185791015625e-07,8.508205890655518,True,1313,None
KCQf@pumQ]Z_,4.76837158203125e-07,0.09098553657531738,True,57,None
KCQf@puNUYZO,2.384185791015625e-07,0.032479047775268555,True,27,None
KCQf@puJuqZ_,2.384185791015625e-07,1.6971590518951416,True,775,None
KCQf@rM]eiFg,2.384185791015625e-07,10.835085391998291,True,1408,None
KCQf@rM]ayUg,4.76837158203125e-07,2.1126132011413574,True,829,None
KCQf@rMNfaJg,2.384185791015625e-07,0.6122970581054688,True,421,None
KCQf@qm^EiJW,2.384185791015625e-07,0.12146878242492676,True,99,None
KCQf@qm\\Q{ZG,2.384185791015625e-07,1.775320053100586,True,644,None
KCQf@p]ybiRg,2.384185791015625e-07,2.690948963165283,True,962,None
KCQf@p]yayUg,2.384185791015625e-07,7.026374101638794,True,1302,None
KCQf@p]ubiTg,2.384185791015625e-07,1.1233997344970703,True,529,None
KCQf@p]]fIRg,2.384185791015625e-07,0.9091489315032959,True,501,None
KCQf@p]]eiTg,2.384185791015625e-07,1.446916103363037,True,672,None
KCQf@p]\\eYVG,4.76837158203125e-07,2.8586630821228027,True,961,None
KCQf@p]jeiNG,2.384185791015625e-07,2.235349655151367,True,866,None
KCQf@p]ffaLg,2.384185791015625e-07,8.874203205108643,True,1310,None
KCQf@p]VfaTg,2.384185791015625e-07,3.144193172454834,True,984,None
KCQf@p]VfIVG,2.384185791015625e-07,6.842489004135132,True,1279,None
KCQf@p]NfaXg,2.384185791015625e-07,9.833424806594849,True,1468,None
KCQf@o}{Q]Z_,2.384185791015625e-07,15.965245485305786,True,1611,None
KCQf@o}]UYYo,2.384185791015625e-07,1.7397651672363281,True,749,None
KCQf@o}ZUiZO,2.384185791015625e-07,8.72187852859497,True,1376,None
KCQf@rpfayLo,2.384185791015625e-07,53.501644134521484,True,1708,None
KCQf@rpfa]N_,2.384185791015625e-07,15.951061010360718,True,1513,None
KCQf@rpfQ{Lo,2.384185791015625e-07,3.244075059890747,True,1029,None
KCQf@rpbq{N_,2.384185791015625e-07,1.8713593482971191,True,790,None
KCQf@rhVQ{Uo,2.384185791015625e-07,2.7855515480041504,True,896,None
KCQf@rXx`yJo,2.384185791015625e-07,31.955195903778076,True,1731,None
KCQf@rXfbiLo,2.384185791015625e-07,0.4680750370025635,True,368,None
KCQf@rXfbYMo,2.384185791015625e-07,0.3787403106689453,True,323,None
KCQf@rX\\U[Fo,4.76837158203125e-07,1.3583858013153076,True,685,None
KCQf@rXrP{Mo,2.384185791015625e-07,2.2827000617980957,True,862,None
KCQf@rXZUkFo,2.384185791015625e-07,2.6883139610290527,True,947,None
KCQf@rXfRkLo,2.384185791015625e-07,2.6489474773406982,True,933,None
KCQf@rXVTkLo,2.384185791015625e-07,9.340857744216919,True,1255,None
KCQf@rXXtwJo,2.384185791015625e-07,3.750147581100464,True,1116,None
KCQf@rXLu[N_,2.384185791015625e-07,6.353320837020874,True,1247,None
KCQf@rXRrwUo,2.384185791015625e-07,0.3778510093688965,True,309,None
KCQf@qxVUkLo,4.76837158203125e-07,0.5219740867614746,True,423,None
KCQf@qxXuwJo,2.384185791015625e-07,9.519818544387817,True,1287,None
KCQf@pxhuwJo,2.384185791015625e-07,1.9192078113555908,True,810,None
KCQf@pxRuwUo,2.384185791015625e-07,2.213804244995117,True,775,None
KCQf@rdfbwJW,2.384185791015625e-07,0.09453821182250977,True,69,None
KCQf@rdfbsJg,2.384185791015625e-07,10.05460000038147,True,1446,None
KCQf@rdNewJW,2.384185791015625e-07,5.15862512588501,True,1257,None
KCQf@rTzBsBw,2.384185791015625e-07,7.611220121383667,True,1280,None
KCQf@rTnBUJo,2.384185791015625e-07,2.311544895172119,True,893,None
KCQf@rTybwBw,2.384185791015625e-07,1.7883563041687012,True,790,None
KCQf@rTya{Fg,2.384185791015625e-07,2.8696162700653076,True,1018,None
KCQf@rTZTsJo,2.384185791015625e-07,5.152597427368164,True,1204,None
KCQf@rL{a{Fg,2.384185791015625e-07,4.063910007476807,True,1082,None
KCQf@rLmayMo,2.384185791015625e-07,0.0838923454284668,True,77,None
KCQf@rLfbkNG,2.384185791015625e-07,6.076806545257568,True,1163,None
KCQf@rL]Q{Uo,4.76837158203125e-07,10.19076657295227,True,1332,None
KCQf@rL\\TsJo,2.384185791015625e-07,0.19041037559509277,True,157,None
KCQf@ql\\esJg,2.384185791015625e-07,2.722217321395874,True,900,None
KCQf@ql\\a{ZG,2.384185791015625e-07,2.4474101066589355,True,990,None
KCQf@plkq{Z_,2.384185791015625e-07,4.017480850219727,True,1055,None
KCQf@q\\}A]Mo,7.152557373046875e-07,2.0369205474853516,True,846,None
KCQf@q\\zBsIw,7.152557373046875e-07,1.6914093494415283,True,692,None
KCQf@q\\vBsKw,2.384185791015625e-07,4.87517523765564,True,1182,None
KCQf@q\\vBeLo,2.384185791015625e-07,1.2209367752075195,True,636,None
KCQf@q\\{a]N_,2.384185791015625e-07,1.4912242889404297,True,663,None
KCQf@q\\ubiLo,4.76837158203125e-07,0.5948507785797119,True,435,None
KCQf@q\\tbwLW,4.76837158203125e-07,2.409672975540161,True,922,None
KCQf@q\\VVcLo,2.384185791015625e-07,25.1720232963562,True,1567,None
KCQf@q\\[u[N_,4.76837158203125e-07,8.183741807937622,True,1276,None
KCQf@q\\YuwMo,2.384185791015625e-07,5.145954847335815,True,1170,None
KCQf@p\\tTsLo,2.384185791015625e-07,0.6950526237487793,True,436,None
KCQf@p\\\\TsXo,2.384185791015625e-07,2.1923108100891113,True,896,None
KCQf@p\\ZUsUo,2.384185791015625e-07,2.1353507041931152,True,852,None
KCQf@p\\VVSUo,7.152557373046875e-07,0.15469932556152344,True,132,None
KCQf@p\\VTs[o,4.76837158203125e-07,7.0240209102630615,True,1161,None
KCQf@p\\LvoXo,7.152557373046875e-07,2.1313629150390625,True,746,None
KCQf@o|xQ{ZO,2.384185791015625e-07,1.5912470817565918,True,635,None
KCQf@o|TvWZO,2.384185791015625e-07,2.440565347671509,True,933,None
KCQf@rRfbYN_,2.384185791015625e-07,4.732444763183594,True,1147,None
KCQf@rRNbYZ_,2.384185791015625e-07,3.906118392944336,True,1097,None
KCQf@qrrayN_,2.384185791015625e-07,3.280447244644165,True,998,None
KCQf@qrrRwJo,2.384185791015625e-07,1.9298839569091797,True,798,None
KCQf@rJ\\ewFg,2.384185791015625e-07,3.8968687057495117,True,1064,None
KCQf@rJVbiV_,2.384185791015625e-07,7.548609495162964,True,1203,None
KCQf@rJVRwUo,2.384185791015625e-07,1.434218168258667,True,622,None
KCQf@pjVewUg,2.384185791015625e-07,8.395137071609497,True,1289,None
KCQf@qZxQ{N_,2.384185791015625e-07,3.305563449859619,True,1023,None
KCQf@qZVVgLo,2.384185791015625e-07,2.3121633529663086,True,871,None
KCQf@pZZewUg,7.152557373046875e-07,1.772888422012329,True,776,None
KCQf@ozxQ{Z_,2.384185791015625e-07,2.111384868621826,True,878,None
KCQf@rFu`yN_,4.76837158203125e-07,1.5547542572021484,True,717,None
KCQf@rFmayN_,4.76837158203125e-07,2.0663883686065674,True,864,None
KCQf@rFfbqN_,2.384185791015625e-07,0.09747767448425293,True,75,None
KCQf@rFNbwZG,2.384185791015625e-07,2.7947845458984375,True,977,None
KCQf@rFNbqZ_,2.384185791015625e-07,0.5997457504272461,True,469,None
KCQf@qfvBwJW,2.384185791015625e-07,2.8369128704071045,True,964,None
KCQf@pfmayZ_,2.384185791015625e-07,20.232834815979004,True,1518,None
KCQf@pfffoJg,2.384185791015625e-07,1.5923502445220947,True,651,None
KCQf@qVzBwJW,2.384185791015625e-07,20.644464015960693,True,1505,None
KCQf@qVvBqLo,2.384185791015625e-07,1.9275481700897217,True,748,None
KCQf@qVyayN_,2.384185791015625e-07,1.894089698791504,True,803,None
KCQf@qVVVWNO,4.76837158203125e-07,2.1904284954071045,True,865,None
KCQf@pVmbYZ_,2.384185791015625e-07,0.47605085372924805,True,391,None
KCQf@ov}A{Xg,4.76837158203125e-07,2.4301891326904297,True,889,None
KCQf@qN\\foJg,2.384185791015625e-07,9.446656703948975,True,1367,None
KCQf@qN\\Q{^?,2.384185791015625e-07,0.6095685958862305,True,450,None
KCQf@pNubwUg,2.384185791015625e-07,2.2331290245056152,True,886,None
KCQf@pN]ewUg,2.384185791015625e-07,2.038170576095581,True,799,None
KCQf@pNNei^?,2.384185791015625e-07,6.3015382289886475,True,1210,None
KCQf@pNVVoUo,2.384185791015625e-07,5.394941091537476,True,1204,None
KCQf@pNVTs]_,4.76837158203125e-07,0.506453275680542,True,407,None
KCQf@on{Q{Z_,2.384185791015625e-07,1.6003265380859375,True,719,None
KCQf@ontQ{^?,2.384185791015625e-07,3.2983639240264893,True,1041,None
KCQf@o^{bYZ_,2.384185791015625e-07,2.1101293563842773,True,877,None
KCQf@o^ufIN_,2.384185791015625e-07,11.293258428573608,True,1336,None
KCQf@o^tbw\\G,2.384185791015625e-07,3.104440689086914,True,971,None
KCQf@o^{UwLo,2.384185791015625e-07,3.6589531898498535,True,1059,None
KCQf@o^xRsZ_,4.76837158203125e-07,2.5737321376800537,True,937,None
KCQf@o^xQ{^?,2.384185791015625e-07,2.5047647953033447,True,962,None
KCQf@o^tVoLo,2.384185791015625e-07,1.8464000225067139,True,759,None
KCQfAZw]O}Uo,2.384185791015625e-07,0.7105376720428467,True,436,None
KCQfAZw\\TsBw,2.384185791015625e-07,12.536271095275879,True,1457,None
KCQfAZwkpyJo,4.76837158203125e-07,8.733987808227539,True,1435,None
KCQfAZwUpyUo,2.384185791015625e-07,4.043418884277344,True,1058,None
KCQfAZsN`uZG,2.384185791015625e-07,2.3729090690612793,True,879,None
KCQfAY{mamNG,2.384185791015625e-07,0.006868124008178711,True,5,None
KCQfAX{]dqQw,2.384185791015625e-07,0.0814061164855957,True,69,None
KCQfAX{VdeVG,2.384185791015625e-07,3.34477162361145,True,1008,None
KCQfAZY]PyUo,2.384185791015625e-07,0.6810042858123779,True,450,None
KCQfAZY]PmV_,4.76837158203125e-07,11.388141870498657,True,1336,None
KCQfAXy\\S{VG,2.384185791015625e-07,0.22306561470031738,True,221,None
KCQfAXuUtwVG,4.76837158203125e-07,2.131903648376465,True,843,None
KCQfAX]|DqFW,2.384185791015625e-07,40.98421120643616,True,1684,None
KCQfAX]{`yVG,4.76837158203125e-07,2.2227113246917725,True,855,None
KCQfAW}]dqYg,2.384185791015625e-07,3.3588433265686035,True,1036,None
KCQfAW}lbqZG,2.384185791015625e-07,0.12159442901611328,True,88,None
KCQfAZpn@uJo,4.76837158203125e-07,1.4788382053375244,True,674,None
KCQfAXxtTsFo,4.76837158203125e-07,2.6826674938201904,True,907,None
KCQfAZT]`uV_,2.384185791015625e-07,10.283480167388916,True,1520,None
KCQfAXtVdqVO,2.384185791015625e-07,9.443896293640137,True,1331,None
KCQfAX\\}@uUo,2.384185791015625e-07,1.0306410789489746,True,586,None
KCQf@Z[^BeRW,2.384185791015625e-07,3.171050548553467,True,1041,None
KCQf@Z[VReVO,2.384185791015625e-07,3.7486400604248047,True,1068,None
KCQf@Y{^EeJW,2.384185791015625e-07,0.3591599464416504,True,301,None
KCQf@Y{VReZO,4.76837158203125e-07,2.5257551670074463,True,870,None
KCQf@X{MuiZO,4.76837158203125e-07,1.9622647762298584,True,821,None
KCQf@ZqNayZG,2.384185791015625e-07,3.530266523361206,True,1057,None
KCQf@ZYspyN_,2.384185791015625e-07,2.136768341064453,True,846,None
KCQf@ZYkqyN_,2.384185791015625e-07,0.3630790710449219,True,315,None
KCQf@Yy]QyYo,2.384185791015625e-07,3.1698179244995117,True,976,None
KCQf@XyueiFg,2.384185791015625e-07,16.49942684173584,True,1454,None
KCQf@ZUNeqNG,2.384185791015625e-07,3.760399341583252,True,1050,None
KCQf@Y]VVaNO,2.384185791015625e-07,1.6968421936035156,True,772,None
KCQf@X]v@u]G,2.384185791015625e-07,1.9421889781951904,True,801,None
KCQf@X]ubqUg,4.76837158203125e-07,2.426354169845581,True,905,None
KCQf@X]]eqUg,2.384185791015625e-07,1.3212890625,True,634,None
KCQf@X]tRsVG,2.384185791015625e-07,4.3975677490234375,True,1046,None
KCQf@X]\\Su^?,2.384185791015625e-07,1.7399718761444092,True,800,None
KCQf@W}^EeZG,2.384185791015625e-07,0.15797066688537598,True,130,None
KCQf@W}]UiZO,2.384185791015625e-07,6.329479694366455,True,1257,None
KCQf@ZX{`yJo,2.384185791015625e-07,2.691859722137451,True,906,None
KCQf@ZX]Q{Uo,2.384185791015625e-07,0.20031285285949707,True,161,None
KCQf@ZXVRsUo,2.384185791015625e-07,3.620621919631958,True,1010,None
KCQf@YxuayMo,4.76837158203125e-07,0.1767292022705078,True,148,None
KCQf@Yx]UkJo,2.384185791015625e-07,2.442446231842041,True,915,None
KCQf@Yx\\UsJo,2.384185791015625e-07,0.5110785961151123,True,393,None
KCQf@Yx[uwJo,2.384185791015625e-07,0.3378162384033203,True,316,None
KCQf@XxtTsJo,2.384185791015625e-07,1.73988938331604,True,774,None
KCQf@Y\\^BeZO,4.76837158203125e-07,17.89545202255249,True,1614,None
KCQf@W|[uwZO,2.384185791015625e-07,6.155478000640869,True,1290,None
KCQf@ZRVRsV_,2.384185791015625e-07,0.033837080001831055,True,20,None
KCQf@XrFuw^?,2.384185791015625e-07,0.6849045753479004,True,480,None
KCQf@XZ]ewUg,2.384185791015625e-07,1.5447938442230225,True,696,None
KCQf@XZNei^?,2.384185791015625e-07,1.91538667678833,True,857,None
KCQf@XZmUwMo,4.76837158203125e-07,4.02959680557251,True,1141,None
KCQf@WzsuwN_,2.384185791015625e-07,3.2241432666778564,True,992,None
KCQf@XVmbqZ_,2.384185791015625e-07,2.5098648071289062,True,921,None
KCQf@Wv^EsZG,2.384185791015625e-07,12.143268585205078,True,1398,None
KCQf@W^|EqNO,4.76837158203125e-07,11.120843648910522,True,1400,None
KCQf@W^\\Us^?,2.384185791015625e-07,4.459996938705444,True,1068,None
KCQf?zwjbiJW,2.384185791015625e-07,1.1433024406433105,True,548,None
KCQf?zsfRUNO,2.384185791015625e-07,1.8822534084320068,True,768,None
KCQf?zsbrqNO,4.76837158203125e-07,3.2140116691589355,True,968,None
KCQf?zqMrwXg,2.384185791015625e-07,1.896873950958252,True,829,None
KCQf?ziNbiZG,4.76837158203125e-07,4.81814169883728,True,1092,None
KCQf?yy}BiHw,7.152557373046875e-07,0.47040653228759766,True,346,None
KCQf?yyzAyMW,2.384185791015625e-07,3.2730579376220703,True,1037,None
KCQf?yyxRwJW,2.384185791015625e-07,1.1203148365020752,True,568,None
KCQf?xyqriV_,4.76837158203125e-07,0.007430315017700195,True,5,None
KCQf?ze^@uZG,2.384185791015625e-07,4.999374151229858,True,1062,None
KCQf?zeMqy^?,2.384185791015625e-07,43.92206931114197,True,1709,None
KCQf?xu^EUVG,2.384185791015625e-07,1.778078556060791,True,728,None
KCQf?xuy`yZG,2.384185791015625e-07,2.71876859664917,True,886,None
KCQf?xuNVoXW,2.384185791015625e-07,0.492689847946167,True,379,None
KCQf?xuiuwNG,2.384185791015625e-07,2.8727433681488037,True,954,None
KCQf?xuirwZG,2.384185791015625e-07,18.809293270111084,True,1653,None
KCQf?xuMvoXg,2.384185791015625e-07,0.3001289367675781,True,254,None
KCQf?ym\\RsZG,2.384185791015625e-07,1.9425318241119385,True,857,None
KCQf?xm{`yZG,2.384185791015625e-07,3.2607178688049316,True,974,None
KCQf?xm]eqUg,4.76837158203125e-07,5.777857065200806,True,1130,None
KCQf?xm\\TsZG,2.384185791015625e-07,1.3056018352508545,True,622,None
KCQf?y]^Be\\G,2.384185791015625e-07,1.8626267910003662,True,789,None
KCQf?x]^DU]G,2.384185791015625e-07,1.5361342430114746,True,713,None
KCQf?w}zBeZG,2.384185791015625e-07,76.7178680896759,True,1977,None
KCQf?w}xVoJW,2.384185791015625e-07,1.3155903816223145,True,641,None
KCQf?zbNbwZG,2.384185791015625e-07,2.709583282470703,True,967,None
KCQf?zbFvoN_,2.384185791015625e-07,1.9536168575286865,True,826,None
KCQf?zRnBqLo,4.76837158203125e-07,20.520814657211304,True,1653,None
KCQf?zRjbqN_,4.76837158203125e-07,0.40699243545532227,True,331,None
KCQf?zRNRw\\O,2.384185791015625e-07,7.138044834136963,True,1262,None
KCQf?yrvBqLo,4.76837158203125e-07,3.471104860305786,True,1032,None
KCQf?yrVVoLo,4.76837158203125e-07,1.390066146850586,True,657,None
KCQf?yrVVWNO,4.76837158203125e-07,0.1757056713104248,True,175,None
KCQf?xrmeYN_,2.384185791015625e-07,0.16224980354309082,True,144,None
KCQf?xrjbwZG,2.384185791015625e-07,0.5207724571228027,True,427,None
KCQf?zJ|BsFg,2.384185791015625e-07,3.2882986068725586,True,988,None
KCQf?zJ]RwUo,4.76837158203125e-07,1.5282268524169922,True,602,None
KCQf?yjtbqN_,4.76837158203125e-07,2.8917863368988037,True,961,None
KCQf?yj\\RsZ_,2.384185791015625e-07,1.6934876441955566,True,759,None
KCQf?yjTvoN_,2.384185791015625e-07,3.335146903991699,True,1025,None
KCQf?xjudwMg,2.384185791015625e-07,3.66471791267395,True,1080,None
KCQf?xjubwUg,4.76837158203125e-07,6.7715535163879395,True,1179,None
KCQf?xj\\dwZG,2.384185791015625e-07,4.435054540634155,True,1060,None
KCQf?xjtRsV_,4.76837158203125e-07,2.0827372074127197,True,808,None
KCQf?xjNVoYo,2.384185791015625e-07,7.8648388385772705,True,1266,None
KCQf?xjkrwZ_,2.384185791015625e-07,2.6022417545318604,True,950,None
KCQf?xjevgN_,2.384185791015625e-07,1.9516923427581787,True,840,None
KCQf?xjdrw^?,2.384185791015625e-07,3.1429495811462402,True,1045,None
KCQf?xjTtw^?,2.384185791015625e-07,1.4910099506378174,True,717,None
KCQf?xjLuw^?,2.384185791015625e-07,58.78503632545471,True,1785,None
KCQf?yZ|BYNO,4.76837158203125e-07,0.06495451927185059,True,54,None
KCQf?yZybwMg,2.384185791015625e-07,14.506213426589966,True,1436,None
KCQf?yZ]VgLo,2.384185791015625e-07,2.1232638359069824,True,861,None
KCQf?yZ\\Rs\\_,4.76837158203125e-07,0.4088456630706787,True,335,None
KCQf?zFmbwNG,2.384185791015625e-07,2.039681911468506,True,875,None
KCQf?yfubqN_,2.384185791015625e-07,0.5121302604675293,True,400,None
KCQf?yfVRs^?,2.384185791015625e-07,5.445394992828369,True,1190,None
KCQfEo{Ur[Uc,2.384185791015625e-07,23.36591625213623,True,1490,None
KCQfEo{drpLo,4.76837158203125e-07,0.8050518035888672,True,491,None
KCQfEoyTlwLg,2.384185791015625e-07,1.2610325813293457,True,580,None
KCQfEoyRjiV_,4.76837158203125e-07,2.4630985260009766,True,900,None
KCQfEpeUlwFg,2.384185791015625e-07,3.493084192276001,True,1004,None
KCQfEpeMmwFg,2.384185791015625e-07,1.5806610584259033,True,749,None
KCQfEpeFnoFg,2.384185791015625e-07,2.941305637359619,True,941,None
KCQfEouNbXZG,4.76837158203125e-07,2.1128408908843994,True,786,None
KCQfEouJjwZG,2.384185791015625e-07,4.1516876220703125,True,991,None
KCQfEouFnQN_,2.384185791015625e-07,8.315346002578735,True,1394,None
KCQfEomNbhZG,2.384185791015625e-07,5.874553918838501,True,1160,None
KCQfEomUngFg,4.76837158203125e-07,2.8259828090667725,True,922,None
KCQfEomUlwMg,2.384185791015625e-07,18.149583101272583,True,1477,None
KCQfEomMmwMg,2.384185791015625e-07,0.19051504135131836,True,148,None
KCQfEo]lRpLo,2.384185791015625e-07,0.3688809871673584,True,311,None
KCQfEo]lRTN_,2.384185791015625e-07,1.6574690341949463,True,763,None
KCQfDo{rRsIs,4.76837158203125e-07,0.5999746322631836,True,436,None
KCQfDo{prsJc,4.76837158203125e-07,0.5563929080963135,True,444,None
KCQfDpiLiyZ_,2.384185791015625e-07,2.078611135482788,True,734,None
KCQfDpYXmwFg,2.384185791015625e-07,11.175977945327759,True,1398,None
KCQfDpYTlYN_,2.384185791015625e-07,4.376524209976196,True,1131,None
KCQfDpYRjwUg,2.384185791015625e-07,36.27363920211792,True,1633,None
KCQfDpYRhy]_,2.384185791015625e-07,0.5109405517578125,True,377,None
KCQfDpeubwBk,2.384185791015625e-07,2.692983388900757,True,979,None
KCQfDpeuaxFg,2.384185791015625e-07,6.092145919799805,True,1312,None
KCQfDpefaxNG,4.76837158203125e-07,1.6850802898406982,True,760,None
KCQfDpe]IyRo,2.384185791015625e-07,1.4123165607452393,True,680,None
KCQfDpeNMwJW,2.384185791015625e-07,8.381871938705444,True,1347,None
KCQfDpeMmwJg,7.152557373046875e-07,2.3715083599090576,True,881,None
KCQfDpeFnoJg,2.384185791015625e-07,1.4692177772521973,True,643,None
KCQfDpM{`xJg,2.384185791015625e-07,1.5055041313171387,True,720,None
KCQfDpM[mwFg,4.76837158203125e-07,1.6533143520355225,True,756,None
KCQfDomuRkJc,2.384185791015625e-07,1.4726593494415283,True,693,None
KCQfDom\\QxZO,2.384185791015625e-07,0.09647369384765625,True,77,None
KCQfDo]xayNC,2.384185791015625e-07,1.3288815021514893,True,674,None
KCQfDo]uRhLo,4.76837158203125e-07,0.03635406494140625,True,30,None
KCQfDo]uRLN_,2.384185791015625e-07,1.0735602378845215,True,495,None
KCQfDo]tRXNO,2.384185791015625e-07,1.4889132976531982,True,653,None
KCQfDo]tRTN_,2.384185791015625e-07,14.311851263046265,True,1507,None
KCQfBpsNM[RW,2.384185791015625e-07,2.1648192405700684,True,855,None
KCQfBp[]dMRc,2.384185791015625e-07,2.6510086059570312,True,911,None
KCQfBp[]SlTo,2.384185791015625e-07,1.4714279174804688,True,664,None
KCQfBp[VLeTo,2.384185791015625e-07,1.3541903495788574,True,665,None
KCQfBp[UliTo,4.76837158203125e-07,1.974592924118042,True,814,None
KCQfBp[TlsTg,4.76837158203125e-07,0.32759881019592285,True,296,None
KCQfBp[RlsUg,2.384185791015625e-07,0.5453805923461914,True,406,None
KCQfBp[RlqUo,2.384185791015625e-07,3.538846492767334,True,991,None
KCQfBp[RleV_,4.76837158203125e-07,1.3748223781585693,True,625,None
KCQfFG{^EsB[,2.384185791015625e-07,1.9864795207977295,True,802,None
KCQfFG{VLsJW,4.76837158203125e-07,2.1858627796173096,True,934,None
KCQfFG{FjqZO,2.384185791015625e-07,11.612813949584961,True,1518,None
KCQfEhkUhuV_,2.384185791015625e-07,0.23299860954284668,True,200,None
KCQfEg{erpLo,2.384185791015625e-07,2.2212164402008057,True,825,None
KCQfEg{erXNO,4.76837158203125e-07,9.764470338821411,True,1367,None
KCQfEgyyRwBs,7.152557373046875e-07,0.3938579559326172,True,326,None
KCQfDhYZTwJS,2.384185791015625e-07,1.2851812839508057,True,599,None
KCQfDhYJnoJg,2.384185791015625e-07,8.400344610214233,True,1406,None
KCQfDhYFnQN_,2.384185791015625e-07,4.038393497467041,True,1089,None
KCQfDgyraxNG,2.384185791015625e-07,1.6231544017791748,True,751,None
KCQfDgyrRwJS,2.384185791015625e-07,45.91576051712036,True,1715,None
KCQfDgyZUwJS,2.384185791015625e-07,1.4625811576843262,True,655,None
KCQfDgyZQxZO,2.384185791015625e-07,2.802546262741089,True,951,None
KCQfDhMMiy^?,2.384185791015625e-07,1.7107677459716797,True,760,None
KCQfDgm]epJg,2.384185791015625e-07,5.783718585968018,True,1218,None
KCQfDgm]UsJc,2.384185791015625e-07,5.974085092544556,True,1287,None
KCQfDgm]QtZ_,2.384185791015625e-07,11.3894522190094,True,1501,None
KCQfDg]ybqJc,4.76837158203125e-07,1.0642881393432617,True,609,None
KCQfDg]ubqLc,2.384185791015625e-07,2.1794192790985107,True,877,None
KCQfDg]yRsJc,2.384185791015625e-07,2.522122859954834,True,923,None
KCQfDg]rRsNC,2.384185791015625e-07,19.004775524139404,True,1543,None
KCQfEXs]S{FS,2.384185791015625e-07,1.6660404205322266,True,704,None
KCQfEW{TjqVO,4.76837158203125e-07,2.134626626968384,True,865,None
KCQfDX[VLeNO,2.384185791015625e-07,3.1343846321105957,True,929,None
KCQfDW{tbqJS,2.384185791015625e-07,0.3966338634490967,True,323,None
KCQfCxwjbiJS,2.384185791015625e-07,16.45268225669861,True,1487,None
KCQfCxwiqxMo,2.384185791015625e-07,5.894167900085449,True,1175,None
KCQfCxwerhLo,2.384185791015625e-07,2.9818315505981445,True,914,None
KCQfCxwerXMo,4.76837158203125e-07,2.1527161598205566,True,836,None
KCQfCxszAtFW,2.384185791015625e-07,0.42922067642211914,True,357,None
KCQfCxsrbpFW,2.384185791015625e-07,2.326965093612671,True,914,None
KCQfCxsYh{ZG,7.152557373046875e-07,2.939008951187134,True,942,None
KCQfCxsRjqVO,2.384185791015625e-07,1.3108680248260498,True,568,None
KCQfCw{vBUMS,2.384185791015625e-07,2.112792730331421,True,876,None
KCQfCw{tRTNO,2.384185791015625e-07,25.751780033111572,True,1566,None
KCQfCw{qrsMc,2.384185791015625e-07,0.5047829151153564,True,384,None
KCQfCw{ZJeZO,2.384185791015625e-07,0.6348378658294678,True,464,None
KCQfCxqjRwJS,2.384185791015625e-07,2.3627209663391113,True,890,None
KCQfCxqZH{ZG,2.384185791015625e-07,3.9038503170013428,True,1061,None
KCQfCxqMmYN_,2.384185791015625e-07,7.009131908416748,True,1239,None
KCQfCxqRnoFg,2.384185791015625e-07,1.896162509918213,True,788,None
KCQfCxqJjwZG,2.384185791015625e-07,18.700820446014404,True,1448,None
KCQfCxi{ayFc,0.0,5.684590578079224,True,1153,None
KCQfCxiFngNG,2.384185791015625e-07,0.6281588077545166,True,434,None
KCQfCxYmRhLo,2.384185791015625e-07,60.175161361694336,True,1810,None
KCQfCwyuRhLo,2.384185791015625e-07,1.9267942905426025,True,784,None
KCQfCxM|BqFS,2.384185791015625e-07,2.8858261108398438,True,990,None
KCQfCxM|@rNO,2.384185791015625e-07,0.4703497886657715,True,358,None
KCQfAxs]LsPw,2.384185791015625e-07,1.5880565643310547,True,722,None
KCQfAxsfNSFW,7.152557373046875e-07,6.546015739440918,True,1318,None
KCQfAxsfLsLW,2.384185791015625e-07,2.2971816062927246,True,830,None
KCQfAxsYkyVO,4.76837158203125e-07,3.653355121612549,True,1029,None
KCQfAxsFls\\G,2.384185791015625e-07,6.752651929855347,True,1292,None
KCQf@xwJuhZO,4.76837158203125e-07,1.8197600841522217,True,781,None
KCQf@xwki]Z_,2.384185791015625e-07,4.6511547565460205,True,1213,None
KCQf@xwRmsUg,2.384185791015625e-07,1.9972949028015137,True,796,None
KCQf@xszCuJS,4.76837158203125e-07,1.7188897132873535,True,770,None
KCQf@xsfVSJS,4.76837158203125e-07,0.23243165016174316,True,203,None
KCQf@xsfRTZO,4.76837158203125e-07,1.8365135192871094,True,789,None
KCQf@xsRlsZG,4.76837158203125e-07,2.6856000423431396,True,957,None
KCQf@xk^EdRW,2.384185791015625e-07,1.7078053951263428,True,773,None
KCQf@xkFme^?,2.384185791015625e-07,0.5843095779418945,True,453,None
KCQf@x[tVSFS,2.384185791015625e-07,1.491072654724121,True,708,None
KCQf@x[jRdZO,2.384185791015625e-07,11.44665241241455,True,1508,None
KCQf@x[fRT]O,2.384185791015625e-07,0.607292890548706,True,428,None
KCQf@x[NUT]O,2.384185791015625e-07,2.377140998840332,True,843,None
KCQf@x[wp{ZC,2.384185791015625e-07,4.423415184020996,True,1159,None
KCQf@x[irkZC,2.384185791015625e-07,2.4360010623931885,True,842,None
KCQf@x[plqNO,2.384185791015625e-07,5.445551633834839,True,1243,None
KCQf@x[Rls]G,2.384185791015625e-07,1.426849603652954,True,656,None
KCQf@w{\\eUZC,2.384185791015625e-07,2.103631019592285,True,813,None
KCQfETw\\H{Rg,2.384185791015625e-07,1.5669512748718262,True,670,None
KCQfES{MrwYc,4.76837158203125e-07,1.3762216567993164,True,605,None
KCQfDTs]I{Rg,2.384185791015625e-07,2.590806007385254,True,963,None
KCQfBLwNSxZO,2.384185791015625e-07,1.5058598518371582,True,661,None
KCQfBM[mayNC,2.384185791015625e-07,1.0307955741882324,True,516,None
KCQfBM[VTpNO,2.384185791015625e-07,2.5059561729431152,True,905,None
KCQfBM[MrwZC,2.384185791015625e-07,32.194239139556885,True,1808,None
KCQfAlwbrpV_,2.384185791015625e-07,4.548153877258301,True,1046,None
KCQf@ngNUwJS,4.76837158203125e-07,1.9081358909606934,True,777,None
KCQf@ngNMwJW,2.384185791015625e-07,0.6698517799377441,True,437,None
KCQf@mwuaZN_,2.384185791015625e-07,2.825084924697876,True,961,None
KCQf@mwZMsJg,2.384185791015625e-07,2.03593373298645,True,835,None
KCQf@lwNepXg,2.384185791015625e-07,3.1581013202667236,True,991,None
KCQf@lwiqxZ_,2.384185791015625e-07,12.74503493309021,True,1433,None
KCQf@lwNMYZO,2.384185791015625e-07,1.559849739074707,True,733,None
KCQf@mk]IyZO,4.76837158203125e-07,6.276510238647461,True,1241,None
KCQf@m[ybpJg,4.76837158203125e-07,4.016410827636719,True,1100,None
KCQf@m[ubXNG,2.384185791015625e-07,2.0590145587921143,True,824,None
KCQf@m[ubRN_,2.384185791015625e-07,11.22842812538147,True,1442,None
KCQf@m[ZRsZC,4.76837158203125e-07,9.948137283325195,True,1364,None
KCQf@l[jRsZC,2.384185791015625e-07,8.480405569076538,True,1328,None
KCQf@l[NVSZC,4.76837158203125e-07,18.032891511917114,True,1394,None
KCQf@l[irwZC,2.384185791015625e-07,5.116924285888672,True,1134,None
KCQf@l[YtwZC,2.384185791015625e-07,3.931535005569458,True,1043,None
KCQf@l[Ysx^?,2.384185791015625e-07,1.1640737056732178,True,554,None
KCQf@l[NNSZG,2.384185791015625e-07,1.5252599716186523,True,637,None
KCQf@\\wmUkJc,2.384185791015625e-07,0.450575590133667,True,366,None
KCQf@\\wMuhZ_,4.76837158203125e-07,4.26552677154541,True,1117,None
KCQf@^SnBpJW,2.384185791015625e-07,0.7189786434173584,True,483,None
KCQf@][\\RsZC,2.384185791015625e-07,8.520527839660645,True,1308,None
KCQf@][Urp]_,4.76837158203125e-07,4.199646234512329,True,1052,None
KCQf@\\[lRsZC,4.76837158203125e-07,4.038496971130371,True,992,None
KCQf@\\[NV`ZO,2.384185791015625e-07,8.534577369689941,True,1290,None
KCQf@[{{arZ_,2.384185791015625e-07,0.2767648696899414,True,228,None
KCQf@[{suwNC,2.384185791015625e-07,7.34401798248291,True,1274,None
KCQf?|wkrXZ_,7.152557373046875e-07,6.315367698669434,True,1208,None
KCQf?|wprpV_,2.384185791015625e-07,5.354126453399658,True,1198,None
KCQf?|whrpZ_,2.384185791015625e-07,2.2923264503479004,True,809,None
KCQf?~cmbpJg,4.76837158203125e-07,3.2164978981018066,True,1087,None
KCQf?~cfJsNG,2.384185791015625e-07,5.0094592571258545,True,1146,None
KCQf?~SmbpLg,2.384185791015625e-07,0.4117257595062256,True,342,None
KCQebRwxO}Fo,2.384185791015625e-07,25.950404405593872,True,1619,None
KCQebRwRpyUo,2.384185791015625e-07,0.4147677421569824,True,293,None
KCQebRsn@]JW,2.384185791015625e-07,1.8374302387237549,True,737,None
KCQebRs^?}TW,4.76837158203125e-07,2.850595235824585,True,1069,None
KCQebRs]c]Fg,2.384185791015625e-07,1.0974938869476318,True,523,None
KCQebRsyO}Fo,2.384185791015625e-07,16.954642057418823,True,1489,None
KCQebRsjRsBw,2.384185791015625e-07,10.798693895339966,True,1378,None
KCQebRsjQ{FW,4.76837158203125e-07,2.721308946609497,True,986,None
KCQebRser[Fg,2.384185791015625e-07,3.8416249752044678,True,1112,None
KCQebRsep{Lg,2.384185791015625e-07,2.793018102645874,True,875,None
KCQebRk{O}Fo,2.384185791015625e-07,1.8386857509613037,True,803,None
KCQebRk]SmFo,2.384185791015625e-07,9.768247842788696,True,1239,None
KCQebRk]O}Uo,2.384185791015625e-07,3.1010613441467285,True,938,None
KCQebRkVTeFo,2.384185791015625e-07,1.6054344177246094,True,727,None
KCQebR[{P]Fo,2.384185791015625e-07,17.202032327651978,True,1528,None
KCQebR[yPmFo,2.384185791015625e-07,4.492055177688599,True,1143,None
KCQebR[mRMFo,2.384185791015625e-07,1.4937410354614258,True,721,None
KCQebR[]P]Uo,2.384185791015625e-07,19.95837903022766,True,1511,None
KCQebR[xP{FW,2.384185791015625e-07,0.13959670066833496,True,127,None
KCQebR[jP{MW,2.384185791015625e-07,4.549409627914429,True,1119,None
KCQebR[ZPuUo,2.384185791015625e-07,12.539415836334229,True,1539,None
KCQebR[kpyLo,4.76837158203125e-07,0.17165851593017578,True,162,None
KCQebR[YtiFo,2.384185791015625e-07,1.7910664081573486,True,758,None
KCQebR[YpyUo,2.384185791015625e-07,2.0552430152893066,True,768,None
KCQebQ{jRkJW,2.384185791015625e-07,4.008631229400635,True,1076,None
KCQebQ{erkLg,2.384185791015625e-07,1.5454158782958984,True,638,None
KCQebQ{brwMW,2.384185791015625e-07,16.732945442199707,True,1473,None
KCQebP{\\T[RW,4.76837158203125e-07,5.667818069458008,True,1203,None
KCQebRiVPyUo,2.384185791015625e-07,1.2244386672973633,True,564,None
KCQebPytT[Fg,2.384185791015625e-07,2.4095876216888428,True,925,None
KCQebPyptwFg,2.384185791015625e-07,0.8197646141052246,True,504,None
KCQebPyRtwUg,4.76837158203125e-07,1.942673921585083,True,762,None
KCQebReepyN_,2.384185791015625e-07,2.550636053085327,True,885,None
KCQebRUm`yLg,2.384185791015625e-07,0.5794732570648193,True,401,None
KCQebRUyPyFo,2.384185791015625e-07,0.5109126567840576,True,388,None
KCQebRUmP{Lg,2.384185791015625e-07,21.673347234725952,True,1547,None
KCQebRUmP]N_,4.76837158203125e-07,2.946084976196289,True,959,None
KCQebRUipyN_,4.76837158203125e-07,1.8617315292358398,True,763,None
KCQebQufbqLg,4.76837158203125e-07,2.2717998027801514,True,736,None
KCQebPuirwRg,4.76837158203125e-07,2.2622718811035156,True,853,None
KCQebRM]PyUo,2.384185791015625e-07,5.063255548477173,True,1114,None
KCQebRM\\P{VG,2.384185791015625e-07,3.158895969390869,True,1026,None
KCQebRMkrwFg,2.384185791015625e-07,0.468721866607666,True,385,None
KCQebQmkrwJg,0.0,1.4277706146240234,True,655,None
KCQebQ]{`yLg,2.384185791015625e-07,8.132180213928223,True,1198,None
KCQebRpj`yJo,2.384185791015625e-07,1.8857154846191406,True,785,None
KCQebRpf`{Lg,2.384185791015625e-07,1.0147101879119873,True,558,None
KCQebRpf`yLo,7.152557373046875e-07,2.2919485569000244,True,718,None
KCQebRpf`]N_,2.384185791015625e-07,5.159903526306152,True,1115,None
KCQebRh^?}Uo,2.384185791015625e-07,0.21682167053222656,True,179,None
KCQebRhVP{Uo,2.384185791015625e-07,0.42529964447021484,True,332,None
KCQebRhTtwFo,2.384185791015625e-07,1.764404535293579,True,730,None
KCQebRXZ`{Ug,2.384185791015625e-07,3.209428071975708,True,989,None
KCQebRXZ`mV_,2.384185791015625e-07,1.3493282794952393,True,648,None
KCQebQx\\S{Lo,7.152557373046875e-07,0.33368372917175293,True,280,None
KCQebQxrRkFo,2.384185791015625e-07,0.3665003776550293,True,310,None
KCQebQxVR[Uo,2.384185791015625e-07,0.3489372730255127,True,303,None
KCQebQxTtwLo,2.384185791015625e-07,1.8043463230133057,True,820,None
KCQebQxLrwXo,2.384185791015625e-07,3.7226638793945312,True,1065,None
KCQebQxRrwUo,2.384185791015625e-07,2.823560953140259,True,954,None
KCQebQxJrkZ_,2.384185791015625e-07,7.201951265335083,True,1412,None
KCQebRdnA{FW,2.384185791015625e-07,1.6436090469360352,True,720,None
KCQebRdn@{JW,4.76837158203125e-07,7.819195032119751,True,1264,None
KCQebRTz@{FW,4.76837158203125e-07,8.025534391403198,True,1333,None
KCQebRTmbwDw,2.384185791015625e-07,1.1111912727355957,True,607,None
KCQebRTm`{Lg,4.76837158203125e-07,8.530503034591675,True,1161,None
KCQebQtzA{FW,2.384185791015625e-07,2.0171594619750977,True,823,None
KCQebQtz@{JW,2.384185791015625e-07,2.0384976863861084,True,774,None
KCQebQtz?}NO,2.384185791015625e-07,1.5810670852661133,True,718,None
KCQebQtnB[JW,2.384185791015625e-07,1.517646312713623,True,653,None
KCQebQty`yJo,4.76837158203125e-07,1.330009937286377,True,617,None
KCQebQtfbUN_,2.384185791015625e-07,0.48488545417785645,True,365,None
KCQebQter[N_,2.384185791015625e-07,1.4993913173675537,True,652,None
KCQebQtbrsN_,2.384185791015625e-07,1.49143385887146,True,685,None
KCQebRL^@uUo,2.384185791015625e-07,1.9615938663482666,True,843,None
KCQebRRn@{Lg,2.384185791015625e-07,62.637558460235596,True,1765,None
KCQe`rwNbYWw,2.384185791015625e-07,7.90447998046875,True,1386,None
KCQe`rsVdULg,2.384185791015625e-07,0.36371684074401855,True,295,None
KCQe`rsqr[Fg,2.384185791015625e-07,1.6282000541687012,True,725,None
KCQe`rserYLo,2.384185791015625e-07,0.7653889656066895,True,468,None
KCQe`rk}?}Kw,2.384185791015625e-07,7.037355661392212,True,1262,None
KCQe`rkzAmFW,2.384185791015625e-07,1.4236042499542236,True,612,None
KCQe`rk{ayDw,2.384185791015625e-07,3.0634703636169434,True,958,None
KCQe`rky_}Mg,2.384185791015625e-07,2.4630439281463623,True,952,None
KCQe`rkrbiFW,4.76837158203125e-07,6.209921360015869,True,1199,None
KCQe`r[nBUKw,4.76837158203125e-07,6.666066646575928,True,1184,None
KCQe`r[mbYKw,2.384185791015625e-07,0.4984917640686035,True,382,None
KCQe`r[mRMLo,2.384185791015625e-07,3.460556983947754,True,1072,None
KCQe`r[krYLo,2.384185791015625e-07,1.315626621246338,True,597,None
KCQe`q{}BMHw,2.384185791015625e-07,1.6622543334960938,True,715,None
KCQe`q{srYLo,4.76837158203125e-07,0.3163454532623291,True,281,None
KCQe`rqFvWLg,2.384185791015625e-07,4.272910118103027,True,1072,None
KCQe`riLrYZ_,2.384185791015625e-07,2.597332000732422,True,919,None
KCQe`rezAyFW,2.384185791015625e-07,3.962841510772705,True,1005,None
KCQe`renAyLW,4.76837158203125e-07,2.9298789501190186,True,904,None
KCQe`rUirYN_,4.76837158203125e-07,0.30124783515930176,True,261,None
KCQe`rprb[Fg,2.384185791015625e-07,0.31818342208862305,True,285,None
KCQe`rpr`{Lg,4.76837158203125e-07,1.4332406520843506,True,734,None
KCQe`rpFvWLo,2.384185791015625e-07,2.1091272830963135,True,854,None
KCQe`rhz@{Iw,2.384185791015625e-07,2.9203343391418457,True,975,None
KCQe`rhtb[Fg,2.384185791015625e-07,4.295314788818359,True,1037,None
KCQe`rht`]N_,2.384185791015625e-07,0.5969526767730713,True,445,None
KCQe`rhr`yMo,2.384185791015625e-07,2.132861375808716,True,852,None
KCQe`rhjbwIw,4.76837158203125e-07,1.1723554134368896,True,572,None
KCQe`rhjayMo,2.384185791015625e-07,3.1181275844573975,True,946,None
KCQe`rhfbYMo,4.76837158203125e-07,1.5798585414886475,True,707,None
KCQe`rhZQ{Uo,2.384185791015625e-07,13.620824098587036,True,1417,None
KCQe`rhVR[Uo,4.76837158203125e-07,0.28206396102905273,True,252,None
KCQe`rhpp{N_,2.384185791015625e-07,4.241254568099976,True,1084,None
KCQe`rhJuwMo,4.76837158203125e-07,0.47820281982421875,True,361,None
KCQe`rhFvWMo,2.384185791015625e-07,1.0854661464691162,True,517,None
KCQe`rXLvWLo,2.384185791015625e-07,4.1219518184661865,True,1078,None
KCQe`qxrRkLo,2.384185791015625e-07,2.225996732711792,True,924,None
KCQe`qxprwLo,2.384185791015625e-07,5.504397392272949,True,1193,None
KCQe`qxRvKN_,2.384185791015625e-07,2.7871954441070557,True,1015,None
KCQe`pxxS{Lo,2.384185791015625e-07,3.8252878189086914,True,1073,None
KCQe`pxrVKFo,7.152557373046875e-07,2.989136219024658,True,964,None
KCQe`pxrR[Uo,2.384185791015625e-07,10.82436752319336,True,1452,None
KCQe`rdzBsBw,2.384185791015625e-07,1.9065618515014648,True,773,None
KCQe`rdzA{FW,2.384185791015625e-07,2.7710752487182617,True,914,None
KCQe`rdz@{JW,2.384185791015625e-07,2.7057454586029053,True,988,None
KCQe`rdma]N_,4.76837158203125e-07,4.182551145553589,True,1177,None
KCQe`rdjbwJW,2.384185791015625e-07,0.9408962726593018,True,477,None
KCQe`rT]d[Lg,2.384185791015625e-07,0.22763299942016602,True,245,None
KCQe`qtzB[JW,2.384185791015625e-07,1.513321876525879,True,697,None
KCQe`pt}E[Dw,2.384185791015625e-07,0.4412713050842285,True,339,None
KCQe`rLjbqMo,2.384185791015625e-07,2.1166019439697266,True,839,None
KCQe`rL\\TsLo,4.76837158203125e-07,0.7154290676116943,True,458,None
KCQe`ql|B[JW,2.384185791015625e-07,1.3607640266418457,True,642,None
KCQe`qlzBkJW,2.384185791015625e-07,7.465277910232544,True,1189,None
KCQe`qlxbwJW,4.76837158203125e-07,0.3366990089416504,True,280,None
KCQe`qluR[Mo,2.384185791015625e-07,0.20540809631347656,True,212,None
KCQe`ql\\VSJo,2.384185791015625e-07,2.843522787094116,True,977,None
KCQe`qlZRkZO,2.384185791015625e-07,0.2302713394165039,True,195,None
KCQe`qlqrkN_,2.384185791015625e-07,0.1120915412902832,True,98,None
KCQe`qlprsN_,2.384185791015625e-07,1.1309611797332764,True,521,None
KCQe`qlXrwZO,2.384185791015625e-07,8.765904664993286,True,1296,None
KCQe`pluR[Uo,2.384185791015625e-07,2.915527105331421,True,923,None
KCQe`pllR[ZO,2.384185791015625e-07,10.305051803588867,True,1336,None
KCQe`pl\\VSRo,4.76837158203125e-07,1.4279651641845703,True,688,None
KCQe`pl\\U[VO,4.76837158203125e-07,0.1207582950592041,True,79,None
KCQe`pl\\T[ZO,2.384185791015625e-07,0.032913923263549805,True,27,None
KCQe`plrRsUo,2.384185791015625e-07,5.2755162715911865,True,1151,None
KCQe`q\\ybYMo,2.384185791015625e-07,0.14325952529907227,True,126,None
KCQe`q\\wrwLo,2.384185791015625e-07,1.6563053131103516,True,757,None
KCQe`q\\[vWLo,2.384185791015625e-07,1.864530086517334,True,768,None
KCQe`rbjayN_,4.76837158203125e-07,9.055168628692627,True,1328,None
KCQe`rbVTwLo,2.384185791015625e-07,2.7519285678863525,True,991,None
KCQe`qrrbYN_,2.384185791015625e-07,0.6029493808746338,True,430,None
KCQe`rJZbwUg,7.152557373046875e-07,5.396884202957153,True,1206,None
KCQe`rJZRwUo,2.384185791015625e-07,2.704409599304199,True,873,None
KCQefO{spxLo,2.384185791015625e-07,43.60839486122131,True,1645,None
KCQefPiVLiFo,2.384185791015625e-07,1.087569236755371,True,590,None
KCQefPemayFc,2.384185791015625e-07,4.324850082397461,True,1089,None
KCQefPef`xNG,2.384185791015625e-07,1.8384807109832764,True,680,None
KCQeepsmR[Ds,2.384185791015625e-07,0.4656529426574707,True,364,None
KCQeepqj`yLc,2.384185791015625e-07,2.180962324142456,True,859,None
KCQeepqj`xLg,2.384185791015625e-07,23.142228603363037,True,1569,None
KCQeepiZPxUo,4.76837158203125e-07,2.174391746520996,True,815,None
KCQeepem`yLc,2.384185791015625e-07,3.8970906734466553,True,1074,None
KCQeeom{bYFc,2.384185791015625e-07,13.357473134994507,True,1509,None
KCQeeom{`yLc,7.152557373046875e-07,5.1104865074157715,True,1132,None
KCQeeommbiLc,4.76837158203125e-07,48.42036581039429,True,1820,None
KCQeeommbYMc,4.76837158203125e-07,0.22992920875549316,True,204,None
KCQeeomlbqLc,2.384185791015625e-07,0.6565940380096436,True,449,None
KCQeeom{P\\N_,4.76837158203125e-07,1.4293904304504395,True,588,None
KCQeeommRkLc,2.384185791015625e-07,1.8094532489776611,True,659,None
KCQeeommRLN_,2.384185791015625e-07,1.5376250743865967,True,681,None
KCQebo{VVKTS,4.76837158203125e-07,2.639299154281616,True,954,None
KCQebo{Yu[Uc,2.384185791015625e-07,0.9527180194854736,True,492,None
KCQeeW{wpxNO,0.0,11.208642482757568,True,1358,None
KCQeeXqm`xLg,2.384185791015625e-07,2.810377359390259,True,909,None
KCQeeXq]dXFg,2.384185791015625e-07,4.879440069198608,True,1175,None
KCQeeXqj`xNG,2.384185791015625e-07,3.8740406036376953,True,1063,None
KCQeeXembqFc,2.384185791015625e-07,2.1842517852783203,True,814,None
KCQebXwZStUo,4.76837158203125e-07,2.3845925331115723,True,859,None
KCQebXwYliRo,2.384185791015625e-07,1.8110504150390625,True,675,None
KCQebXwYkyUo,4.76837158203125e-07,0.5039637088775635,True,353,None
KCQebXwUlYUo,2.384185791015625e-07,0.7322940826416016,True,459,None
KCQebXwTl[VG,2.384185791015625e-07,11.676680326461792,True,1571,None
KCQebXsNVSRS,2.384185791015625e-07,0.06882095336914062,True,54,None
KCQebXsJtpZO,2.384185791015625e-07,3.4605135917663574,True,991,None
KCQebXsjIuVO,2.384185791015625e-07,1.4181513786315918,True,621,None
KCQebXsNNSRW,4.76837158203125e-07,0.29637908935546875,True,238,None
KCQefDk]dwBk,4.76837158203125e-07,2.847996234893799,True,986,None
KCQefD[ZHuV_,2.384185791015625e-07,0.14599323272705078,True,121,None
KCQefC{rbwFK,2.384185791015625e-07,1.9384002685546875,True,810,None
KCQefC{r`yNC,2.384185791015625e-07,9.205568790435791,True,1291,None
KCQefC{r`xNG,2.384185791015625e-07,2.36519193649292,True,883,None
KCQefC{irwJc,2.384185791015625e-07,1.802555799484253,True,817,None
KCQefC{MvWJc,0.0,0.376676082611084,True,330,None
KCQefC{MrwXc,2.384185791015625e-07,4.470926523208618,True,1143,None
KCQefC{MrXZ_,4.76837158203125e-07,2.9661455154418945,True,954,None
KCQefC{brwNC,4.76837158203125e-07,3.1185109615325928,True,998,None
KCQeedkm`yLc,2.384185791015625e-07,1.6871905326843262,True,647,None
KCQeedkYpxV_,4.76837158203125e-07,0.8084452152252197,True,519,None
KCQeedkMtwLc,2.384185791015625e-07,6.933380365371704,True,1112,None
KCQeec{irXN_,2.384185791015625e-07,4.379272222518921,True,963,None
KCQeec{MrX\\_,4.76837158203125e-07,1.5032753944396973,True,681,None
KCQeddkfbqLc,2.384185791015625e-07,14.809484720230103,True,1311,None
KCQeddkmQ{Lc,2.384185791015625e-07,1.6535212993621826,True,704,None
KCQeddkerwLc,2.384185791015625e-07,4.97313117980957,True,939,None
KCQedc{uRXLo,2.384185791015625e-07,2.260725498199463,True,822,None
KCQeeTwZPxUo,4.76837158203125e-07,4.145535945892334,True,1018,None
KCQeeTwZLiFo,4.76837158203125e-07,1.6379730701446533,True,726,None
KCQeeTk]PxUo,2.384185791015625e-07,3.5853805541992188,True,974,None
KCQeeS{xbwFK,2.384185791015625e-07,4.780965328216553,True,1087,None
KCQeeS{x`yNC,2.384185791015625e-07,0.6559927463531494,True,451,None
KCQeeS{hrwNC,4.76837158203125e-07,1.026200532913208,True,501,None
KCQeeLwm`xLg,0.0,2.557136058807373,True,906,None
KCQeeLwjbwFK,2.384185791015625e-07,2.655536651611328,True,952,None
KCQeeLwmRwDs,2.384185791015625e-07,2.0371923446655273,True,812,None
KCQeeLwirwFc,2.384185791015625e-07,2.7938241958618164,True,893,None
KCQeeLkmbpFg,2.384185791015625e-07,3.9278206825256348,True,1094,None
KCQeeLkmRwFS,2.384185791015625e-07,2.7269673347473145,True,963,None
KCQeeLk]P{VC,2.384185791015625e-07,2.434403896331787,True,921,None
KCQdbbwVR[Pw,2.384185791015625e-07,1.497053861618042,True,677,None
KCQdbbkv@uHw,2.384185791015625e-07,5.497745037078857,True,1198,None
KCQdbbkjayJW,2.384185791015625e-07,3.2582361698150635,True,1014,None
KCQdbbkZcyJW,2.384185791015625e-07,0.8778519630432129,True,496,None
KCQdbbkZayRW,2.384185791015625e-07,1.5943188667297363,True,729,None
KCQdbbkfbYJW,4.76837158203125e-07,3.090644359588623,True,1016,None
KCQdbbkNeYJW,2.384185791015625e-07,1.6162118911743164,True,701,None
KCQdbbkJuwJW,2.384185791015625e-07,8.289412498474121,True,1246,None
KCQdbb[vBUDw,4.76837158203125e-07,1.4556269645690918,True,652,None
KCQdbb[r`yLW,2.384185791015625e-07,8.328904867172241,True,1321,None
KCQdbb[uR[Dw,2.384185791015625e-07,1.9824154376983643,True,807,None
KCQdba{ubYHw,2.384185791015625e-07,3.2105824947357178,True,964,None
KCQdba{rbYJW,4.76837158203125e-07,2.6397907733917236,True,889,None
KCQdba{ZUUJo,2.384185791015625e-07,0.5686190128326416,True,396,None
KCQdbbYrbYFg,4.76837158203125e-07,19.070318698883057,True,1510,None
KCQdbbMyayFg,2.384185791015625e-07,13.147111892700195,True,1440,None
KCQdbbMrbqFg,2.384185791015625e-07,3.9827592372894287,True,1071,None
KCQdbbMZ`yZG,2.384185791015625e-07,2.8730385303497314,True,998,None
KCQdbbMVdYNG,2.384185791015625e-07,1.800889253616333,True,761,None
KCQdbbMV`y\\G,2.384185791015625e-07,2.3941988945007324,True,919,None
KCQdbamZayZG,2.384185791015625e-07,2.0718841552734375,True,771,None
KCQdbamZUwJW,2.384185791015625e-07,0.2359147071838379,True,197,None
KCQdb`mu`yXg,4.76837158203125e-07,2.5238239765167236,True,934,None
KCQdb`]y`yXg,2.384185791015625e-07,0.4737081527709961,True,345,None
KCQdbaxvA]Lo,2.384185791015625e-07,1.643031120300293,True,709,None
KCQdb`xVd[Xg,2.384185791015625e-07,1.5071752071380615,True,697,None
KCQdbbLjbwJW,7.152557373046875e-07,1.6869311332702637,True,714,None
KCQdbalrbsJg,4.76837158203125e-07,2.067087173461914,True,840,None
KCQdbalYq{Z_,4.76837158203125e-07,4.041434049606323,True,1062,None
KCQdb`lZcyZO,2.384185791015625e-07,0.4484856128692627,True,376,None
KCQdb`lJuwZO,4.76837158203125e-07,0.6255679130554199,True,444,None
KCQdba\\ZVSJo,2.384185791015625e-07,5.292810916900635,True,1175,None
KCQdb`\\jUsLo,2.384185791015625e-07,1.7672667503356934,True,785,None
KCQdb`\\JvWZO,2.384185791015625e-07,11.067004203796387,True,1415,None
KCQdb_|vEULo,2.384185791015625e-07,2.565119504928589,True,989,None
KCQdb_|VeU\\_,4.76837158203125e-07,1.6843891143798828,True,728,None
KCQdbajrayN_,7.152557373046875e-07,9.457357168197632,True,1345,None
KCQdbaZZbYZ_,2.384185791015625e-07,0.3574714660644531,True,325,None
KCQdbaNyayN_,2.384185791015625e-07,0.6041946411132812,True,431,None
KCQdbaNVbq\\_,4.76837158203125e-07,1.9805171489715576,True,771,None
KCQdbaNZVoJo,2.384185791015625e-07,2.566234827041626,True,920,None
KCQdb`NudYN_,2.384185791015625e-07,1.6395056247711182,True,714,None
KCQdb`NZcy^?,2.384185791015625e-07,11.987327575683594,True,1454,None
KCQdb`N]UwTo,2.384185791015625e-07,0.09377551078796387,True,72,None
KCQdb`NNUs\\_,2.384185791015625e-07,0.566521406173706,True,407,None
KCQdb`NNU[^?,2.384185791015625e-07,1.602787733078003,True,687,None
KCQdbRwZamRg,2.384185791015625e-07,0.26059794425964355,True,245,None
KCQdbRwXq{Rg,4.76837158203125e-07,2.354947566986084,True,891,None
KCQdbRsv@]JW,2.384185791015625e-07,4.254456043243408,True,1070,None
KCQdbRs^?}XW,2.384185791015625e-07,6.852566957473755,True,1175,None
KCQdbRsNeYJW,4.76837158203125e-07,1.820641279220581,True,738,None
KCQdbRsfRUJo,2.384185791015625e-07,2.427112579345703,True,897,None
KCQdbRsbrwJW,2.384185791015625e-07,1.2906811237335205,True,669,None
KCQdbRsbrqJo,2.384185791015625e-07,2.874433994293213,True,957,None
KCQdbRk^AmRW,2.384185791015625e-07,1.550734281539917,True,707,None
KCQdbR[x`yJW,2.384185791015625e-07,3.248180866241455,True,990,None
KCQdbRe^?}ZG,2.384185791015625e-07,1.582000970840454,True,649,None
KCQdbReNQ{ZG,2.384185791015625e-07,1.7651841640472412,True,773,None
KCQdbRUz@yJW,2.384185791015625e-07,8.82198715209961,True,1355,None
KCQdbRUu`yLg,2.384185791015625e-07,0.380159854888916,True,295,None
KCQdbRUfbqLg,2.384185791015625e-07,29.220662832260132,True,1298,None
KCQdbRUNfQJg,2.384185791015625e-07,2.8829143047332764,True,962,None
KCQdbRUuP]N_,2.384185791015625e-07,2.361945390701294,True,774,None
KCQdbRUerwLg,7.152557373046875e-07,18.011201858520508,True,1466,None
KCQdbPu}?}Xg,7.152557373046875e-07,1.01716947555542,True,481,None
KCQdbPuycyJg,7.152557373046875e-07,2.4645373821258545,True,913,None
KCQdbPureqFg,2.384185791015625e-07,3.508558988571167,True,961,None
KCQdbPuVeqTg,2.384185791015625e-07,1.8047215938568115,True,703,None
KCQdbP]ybiRg,7.152557373046875e-07,0.6192924976348877,True,439,None
KCQdbRpfa]N_,2.384185791015625e-07,4.129338979721069,True,1055,None
KCQdbRpJq{Z_,2.384185791015625e-07,1.6504650115966797,True,772,None
KCQdbRhdq{N_,2.384185791015625e-07,6.4288129806518555,True,1282,None
KCQdbRXhrwJo,2.384185791015625e-07,54.62397837638855,True,1720,None
KCQdbRXLu[N_,2.384185791015625e-07,1.4770195484161377,True,642,None
KCQdbRd^?}ZO,2.384185791015625e-07,1.6214091777801514,True,725,None
KCQdbRdNewJW,2.384185791015625e-07,1.8340473175048828,True,734,None
KCQdbRdMuwJo,2.384185791015625e-07,14.83488655090332,True,1617,None
KCQdbRTu`{Lg,2.384185791015625e-07,2.462623119354248,True,840,None
KCQdbRTu`]N_,4.76837158203125e-07,1.5814590454101562,True,689,None
KCQdbRTfbUN_,2.384185791015625e-07,1.492671012878418,True,688,None
KCQdbQtvB[JW,2.384185791015625e-07,2.7356481552124023,True,943,None
KCQdbQtua{Lg,4.76837158203125e-07,1.7888429164886475,True,733,None
KCQdbQtrbwJW,2.384185791015625e-07,3.2050745487213135,True,930,None
KCQdbQt]U[Jo,2.384185791015625e-07,1.2949845790863037,True,680,None
KCQdbQtYuwJo,2.384185791015625e-07,0.08528423309326172,True,74,None
KCQdbRbNQ{Z_,2.384185791015625e-07,0.5936529636383057,True,383,None
KCQdbRRNRwXo,4.76837158203125e-07,1.3505859375,True,677,None
KCQdbQrvA{Lg,2.384185791015625e-07,10.044212102890015,True,1327,None
KCQdbPjduwN_,2.384185791015625e-07,2.354510545730591,True,849,None
KCQdbRFu`yN_,2.384185791015625e-07,1.2841944694519043,True,554,None
KCQdbRFNQ{^?,2.384185791015625e-07,6.551170110702515,True,1241,None
KCQdbQfvBwJW,2.384185791015625e-07,5.319046258926392,True,1126,None
KCQdbQVzBwJW,4.76837158203125e-07,1.6287705898284912,True,681,None
KCQdbQVrbqN_,2.384185791015625e-07,0.6578464508056641,True,438,None
KCQdbQVZfoJg,2.384185791015625e-07,14.42820429801941,True,1427,None
KCQdbPVybwRg,2.384185791015625e-07,9.616682291030884,True,1310,None
KCQdbPVmewLg,2.384185791015625e-07,1.956357479095459,True,807,None
KCQdbPVmeYN_,4.76837158203125e-07,1.930161952972412,True,773,None
KCQdbPVffoLg,2.384185791015625e-07,16.01469898223877,True,1499,None
KCQdbPVNfWZG,2.384185791015625e-07,2.412729024887085,True,906,None
KCQdbPVmRwXo,2.384185791015625e-07,0.1961956024169922,True,164,None
KCQdbPVmR[Z_,2.384185791015625e-07,2.6890299320220947,True,986,None
KCQdars}@]Hw,2.384185791015625e-07,1.8490707874298096,True,808,None
KCQdarszBUBw,2.384185791015625e-07,2.1942429542541504,True,796,None
KCQdars^A]TW,4.76837158203125e-07,12.509812116622925,True,1429,None
KCQdarkzAmFW,2.384185791015625e-07,2.284283399581909,True,834,None
KCQdarkz@mJW,2.384185791015625e-07,7.648014068603516,True,1326,None
KCQdap{^EUSw,2.384185791015625e-07,1.6272284984588623,True,744,None
KCQdarq^DYHw,2.384185791015625e-07,6.798537254333496,True,1309,None
KCQdarqFrY\\_,2.384185791015625e-07,30.907626152038574,True,1643,None
KCQdariTvWFg,4.76837158203125e-07,0.646155595779419,True,454,None
KCQdare}AyDw,2.384185791015625e-07,3.876455068588257,True,1085,None
KCQdaremR[Jg,2.384185791015625e-07,3.5971896648406982,True,1041,None
KCQdareqpyN_,2.384185791015625e-07,2.1131904125213623,True,845,None
KCQdarhvB[Ew,2.384185791015625e-07,7.7103283405303955,True,1358,None
KCQdarhTt[N_,7.152557373046875e-07,0.3505527973175049,True,285,None
KCQdardvBsDw,2.384185791015625e-07,0.6539938449859619,True,460,None
KCQdardu`]N_,2.384185791015625e-07,2.909783124923706,True,983,None
KCQdardjbwJW,2.384185791015625e-07,1.6659660339355469,True,741,None
KCQdardNRsXo,2.384185791015625e-07,2.1327359676361084,True,822,None
KCQdardirwJo,2.384185791015625e-07,1.7338738441467285,True,744,None
KCQdarTNR[\\O,2.384185791015625e-07,4.915990114212036,True,1132,None
KCQdarTir[N_,2.384185791015625e-07,4.345912456512451,True,1130,None
KCQdarTMvWLo,2.384185791015625e-07,0.7840869426727295,True,464,None
KCQdaqtzB[JW,2.384185791015625e-07,11.661988496780396,True,1358,None
KCQdaptNVSXo,2.384185791015625e-07,2.6281073093414307,True,817,None
KCQdarLlRsLo,2.384185791015625e-07,0.5255334377288818,True,355,None
KCQdarL[t[N_,2.384185791015625e-07,6.416946172714233,True,1198,None
KCQdarbnAyLo,2.384185791015625e-07,2.065563917160034,True,791,None
KCQdarRjbYN_,2.384185791015625e-07,3.7277870178222656,True,978,None
KCQdarRNVWLo,2.384185791015625e-07,3.33294939994812,True,1003,None
KCQdaqf}AyLo,4.76837158203125e-07,1.7171132564544678,True,694,None
KCQdaqfzBwJW,4.76837158203125e-07,2.4666054248809814,True,851,None
KCQdbJwz?}JW,4.76837158203125e-07,2.1345584392547607,True,816,None
KCQdbJwyQ{Bw,2.384185791015625e-07,0.3905484676361084,True,314,None
KCQdbJ[qp{NG,2.384185791015625e-07,0.10129690170288086,True,100,None
KCQdbI{qrqJo,2.384185791015625e-07,13.213450193405151,True,1495,None
KCQdbJiNQuZ_,2.384185791015625e-07,3.5577878952026367,True,1039,None
KCQdbJYerwLg,4.76837158203125e-07,3.7615511417388916,True,1061,None
KCQdbIyzAyJW,4.76837158203125e-07,0.3242957592010498,True,260,None
KCQdbIyyayJg,2.384185791015625e-07,1.9836318492889404,True,766,None
KCQdbJhu`{Jg,4.76837158203125e-07,13.682371139526367,True,1377,None
KCQdbJh]S{Jo,2.384185791015625e-07,2.3896517753601074,True,868,None
KCQdbJhMuwJo,2.384185791015625e-07,0.4405059814453125,True,373,None
KCQdbJXz@uJo,2.384185791015625e-07,0.5278630256652832,True,387,None
KCQdbJXu`{Lg,2.384185791015625e-07,1.1414992809295654,True,470,None
KCQdbJXma{Lg,4.76837158203125e-07,1.3610939979553223,True,645,None
KCQdbJXfbsLg,7.152557373046875e-07,3.07436203956604,True,946,None
KCQdbJXMu[N_,4.76837158203125e-07,0.17816686630249023,True,142,None
KCQdbIxubwHw,2.384185791015625e-07,17.406524896621704,True,1546,None
KCQdbIxua{Lg,2.384185791015625e-07,0.10551118850708008,True,72,None
KCQdbIx]U[Jo,2.384185791015625e-07,2.0391507148742676,True,786,None
KCQdbHxZcyZO,4.76837158203125e-07,1.4366729259490967,True,595,None
KCQdbI\\ybqJo,2.384185791015625e-07,4.441114902496338,True,1139,None
KCQdbI\\ubwLW,4.76837158203125e-07,4.020707368850708,True,1120,None
KCQdbI\\ubsLg,4.76837158203125e-07,5.350820779800415,True,1127,None
KCQdbG|^EsXW,4.76837158203125e-07,38.084983110427856,True,1694,None
KCQdbIZvBsLg,2.384185791015625e-07,4.896956920623779,True,1127,None
KCQdbIZvB[NG,4.76837158203125e-07,18.29172110557556,True,1522,None
KCQd`jwrbYJW,2.384185791015625e-07,2.9686014652252197,True,933,None
KCQd`jwZQ{XW,2.384185791015625e-07,1.960458755493164,True,824,None
KCQd`jkuayLW,2.384185791015625e-07,2.3470237255096436,True,900,None
KCQddhwrR[JS,4.76837158203125e-07,2.7859091758728027,True,881,None
KCQddhwZU[JS,2.384185791015625e-07,5.310224294662476,True,1130,None
KCQddhiuayLc,4.76837158203125e-07,3.6234703063964844,True,1033,None
KCQddhiuQ{Lc,2.384185791015625e-07,1.7138404846191406,True,768,None
KCQdbhwejYXo,2.384185791015625e-07,8.870486736297607,True,1257,None
KCQdbhwJmYZO,2.384185791015625e-07,4.368465185165405,True,1179,None
KCQdbXwdvWJS,2.384185791015625e-07,1.6469857692718506,True,732,None
KCQdbXszAuRS,4.76837158203125e-07,0.5831799507141113,True,441,None
KCQdbXsiiuZ_,2.384185791015625e-07,0.41548681259155273,True,334,None
KCQdbXk{UsBs,2.384185791015625e-07,2.645841121673584,True,878,None
KCQdfDwr`xJg,2.384185791015625e-07,2.761207342147827,True,868,None
KCQdfDkfRpJo,2.384185791015625e-07,0.03770041465759277,True,30,None
KCQdfD[qrwFc,2.384185791015625e-07,1.4412627220153809,True,654,None
KCQdfD[brwNC,2.384185791015625e-07,4.508269309997559,True,1102,None
KCQdddkuayLc,2.384185791015625e-07,9.40933871269226,True,1289,None
KCQdddkrbpJg,2.384185791015625e-07,1.682063341140747,True,724,None
KCQdddkYqxZ_,2.384185791015625e-07,1.2322120666503906,True,524,None
KCQdeTsmaxLg,4.76837158203125e-07,2.3901734352111816,True,855,None
KCQddLwuaxLg,4.76837158203125e-07,0.12052011489868164,True,84,None
KCQddLwrRwJS,2.384185791015625e-07,2.447549343109131,True,822,None
KCQddLwZUwJS,2.384185791015625e-07,1.4829976558685303,True,629,None
KCQddLwqrwJc,4.76837158203125e-07,2.317185640335083,True,826,None
KCQddLkuRpJo,2.384185791015625e-07,1.6418399810791016,True,721,None
KCQb`rw^EMPw,4.76837158203125e-07,5.389362573623657,True,1225,None
KCQb`rwZeMRg,7.152557373046875e-07,1.3931584358215332,True,688,None
KCQb`rwVfIPw,2.384185791015625e-07,21.090392351150513,True,1759,None
KCQb`rwTvWPw,2.384185791015625e-07,1.5692250728607178,True,717,None
KCQb`rszC]JW,4.76837158203125e-07,2.7955946922302246,True,973,None
KCQb`rsnEUHw,2.384185791015625e-07,2.819518566131592,True,974,None
KCQb`rsjeYJW,2.384185791015625e-07,1.2419812679290771,True,581,None
KCQb`rsyQ]Ro,2.384185791015625e-07,14.934203863143921,True,1548,None
KCQb`rsjU[JW,4.76837158203125e-07,2.774986505508423,True,946,None
KCQb`rkzCmJW,2.384185791015625e-07,5.341558933258057,True,1102,None
KCQb`rkyamRg,4.76837158203125e-07,3.130854606628418,True,982,None
KCQb`rk]eiPw,2.384185791015625e-07,0.343552827835083,True,299,None
KCQb`rkx_}ZG,4.76837158203125e-07,3.7362101078033447,True,1091,None
KCQb`rkhuwJW,4.76837158203125e-07,1.24853515625,True,598,None
KCQb`rkhq{ZG,7.152557373046875e-07,7.079404354095459,True,1299,None
KCQb`rqVVWPw,7.152557373046875e-07,2.3757801055908203,True,904,None
KCQb`ritayTg,2.384185791015625e-07,0.10897135734558105,True,88,None
KCQb`riVfIRg,2.384185791015625e-07,29.58444356918335,True,1822,None
KCQb`riLuwXg,2.384185791015625e-07,2.9100072383880615,True,968,None
KCQb`rYjbiXg,2.384185791015625e-07,1.6420776844024658,True,703,None
KCQb`rYZfIRg,2.384185791015625e-07,1.9388937950134277,True,860,None
KCQb`qyxU[Jg,4.76837158203125e-07,1.4051342010498047,True,659,None
KCQb`qyxQ]Z_,2.384185791015625e-07,3.5851824283599854,True,1014,None
KCQb`qy\\U[Xg,2.384185791015625e-07,2.1097402572631836,True,893,None
KCQb`quzEYJW,7.152557373046875e-07,0.13662362098693848,True,116,None
KCQb`qr^E[Xg,2.384185791015625e-07,0.4851949214935303,True,381,None
KCQbf_{vC]LS,2.384185791015625e-07,0.43146300315856934,True,367,None
KCQbf_{uQ\\To,4.76837158203125e-07,1.6723155975341797,True,687,None
KCQbf_{uP\\Xo,2.384185791015625e-07,1.0186796188354492,True,593,None
KCQbf_{FnSXg,2.384185791015625e-07,1.5294837951660156,True,733,None
KCQbfQwXuwBs,4.76837158203125e-07,1.833113431930542,True,772,None
KCQbfQwXsxJo,2.384185791015625e-07,0.7967352867126465,True,467,None
KCQbfQwJq{Yc,2.384185791015625e-07,0.25020503997802734,True,247,None
KCQbfQwtI]Fo,2.384185791015625e-07,9.134240865707397,True,1323,None
KCQbfQwNI{Ww,2.384185791015625e-07,2.0689094066619873,True,867,None
KCQbfQwLmYJo,2.384185791015625e-07,1.484851360321045,True,658,None
KCQbfRSjQtFo,2.384185791015625e-07,2.470935583114624,True,906,None
KCQbfRSYsxFo,2.384185791015625e-07,1.6795368194580078,True,695,None
KCQbfP[]dYQs,2.384185791015625e-07,3.7005107402801514,True,1040,None
KCQbfP[{T[Bs,2.384185791015625e-07,23.1249680519104,True,1760,None
KCQbfP[yS{Es,2.384185791015625e-07,0.6334421634674072,True,431,None
KCQbfP[yP{Qs,2.384185791015625e-07,3.9167351722717285,True,1002,None
KCQbfP[st[Fc,4.76837158203125e-07,2.545738935470581,True,927,None
KCQbfP[qp{Uc,2.384185791015625e-07,2.434112548828125,True,872,None
KCQbfP[qpxUo,2.384185791015625e-07,5.515858888626099,True,1240,None
KCQbfP[qplV_,2.384185791015625e-07,1.1874594688415527,True,536,None
KCQbfP[Ys{Uc,2.384185791015625e-07,5.736100435256958,True,1178,None
KCQbfP[YsxUo,2.384185791015625e-07,15.628175735473633,True,1414,None
KCQbfP[YslV_,4.76837158203125e-07,1.3519151210784912,True,602,None
KCQbfP[ptsFc,2.384185791015625e-07,2.9589619636535645,True,905,None
KCQbeqk[s{Lc,2.384185791015625e-07,2.165184736251831,True,822,None
KCQbeqklJ[JW,2.384185791015625e-07,1.712609052658081,True,694,None
KCQbeqkfJUMo,2.384185791015625e-07,1.6689677238464355,True,721,None
KCQbeo{vDMLS,2.384185791015625e-07,0.9367294311523438,True,510,None
KCQbeo{]TLXo,2.384185791015625e-07,1.8963358402252197,True,793,None
KCQbeo{[uXTo,4.76837158203125e-07,1.391451358795166,True,702,None
KCQbdrSnA]LS,2.384185791015625e-07,0.9706177711486816,True,479,None
KCQbdrSubXDw,4.76837158203125e-07,5.596674203872681,True,1131,None
KCQbdrSu`\\Lg,4.76837158203125e-07,1.6132798194885254,True,734,None
KCQbdrSma]Lc,2.384185791015625e-07,1.3331053256988525,True,685,None
KCQbdrSjRsHs,2.384185791015625e-07,2.0217082500457764,True,769,None
KCQbdrSjQtLo,2.384185791015625e-07,2.9247806072235107,True,1028,None
KCQbdrSMvWHs,2.384185791015625e-07,0.2143242359161377,True,190,None
KCQbdrSMu[Lc,2.384185791015625e-07,0.34655237197875977,True,301,None
KCQbdrSrHuLo,2.384185791015625e-07,0.6467602252960205,True,467,None
KCQbdrKv@uKs,2.384185791015625e-07,5.730218172073364,True,1265,None
KCQbdrKjbhJW,2.384185791015625e-07,9.248124361038208,True,1369,None
KCQbdrKxRsBs,4.76837158203125e-07,3.2435197830200195,True,964,None
KCQbdrKjQtMo,2.384185791015625e-07,0.6454260349273682,True,444,None
KCQbdrKrJeFo,2.384185791015625e-07,4.179903984069824,True,1049,None
KCQbdrKrHuMo,2.384185791015625e-07,6.05141282081604,True,1093,None
KCQbdp[jVcHs,2.384185791015625e-07,4.6879472732543945,True,1064,None
KCQbdp[[tXXo,4.76837158203125e-07,1.4335882663726807,True,669,None
KCQbdp[qj[Ug,2.384185791015625e-07,3.257719039916992,True,986,None
KCQbdo{uRLXo,7.152557373046875e-07,1.5108869075775146,True,675,None
KCQbdo{VVSWs,2.384185791015625e-07,12.937462329864502,True,1415,None
KCQbbqwtM[Dw,4.76837158203125e-07,1.5062439441680908,True,626,None
KCQbbqwTl[Xg,2.384185791015625e-07,2.1689159870147705,True,888,None
KCQbbqsjM[JW,2.384185791015625e-07,1.7670633792877197,True,718,None
KCQbbrK{T[Bs,2.384185791015625e-07,25.34142017364502,True,1661,None
KCQbbrK{P{Ps,2.384185791015625e-07,0.3121809959411621,True,288,None
KCQbbrK]T[Qs,2.384185791015625e-07,1.3947126865386963,True,603,None
KCQbbrKxLsBw,2.384185791015625e-07,1.5785198211669922,True,648,None
KCQbbrKxH{RW,2.384185791015625e-07,2.1788549423217773,True,826,None
KCQbbrKrHuUo,4.76837158203125e-07,0.16479110717773438,True,128,None
KCQbbrKplsFg,4.76837158203125e-07,4.857280731201172,True,1140,None
KCQbbrKphuV_,2.384185791015625e-07,4.730883359909058,True,1094,None
KCQbfIwrRsBs,2.384185791015625e-07,7.301121711730957,True,1227,None
KCQbfIwrP{JS,7.152557373046875e-07,16.968544960021973,True,1531,None
KCQbfIwrPtJo,2.384185791015625e-07,0.8451366424560547,True,522,None
KCQbfIwZS{JS,2.384185791015625e-07,3.422511339187622,True,988,None
KCQbfIwfR[JS,7.152557373046875e-07,1.5656952857971191,True,751,None
KCQbfIwfQ{LS,2.384185791015625e-07,1.8855915069580078,True,761,None
KCQbfIwNU[JS,2.384185791015625e-07,1.390021562576294,True,632,None
KCQbfIwYqxRo,2.384185791015625e-07,1.4438791275024414,True,686,None
KCQbfIwMq\\Z_,2.384185791015625e-07,0.028746366500854492,True,21,None
KCQbfIwbrwJS,2.384185791015625e-07,61.448047161102295,True,1895,None
KCQbfIwbrpJo,2.384185791015625e-07,2.1854641437530518,True,847,None
KCQbfIwJuwJS,2.384185791015625e-07,5.923253774642944,True,1217,None
KCQbfIwJqxZO,2.384185791015625e-07,1.6617166996002197,True,746,None
KCQbfIwMmwHw,4.76837158203125e-07,3.4442930221557617,True,973,None
KCQbfIwJmqJo,4.76837158203125e-07,4.241039037704468,True,1108,None
KCQbfIwJiuZ_,2.384185791015625e-07,2.405397653579712,True,856,None
KCQbfI[zAtFW,2.384185791015625e-07,2.3838369846343994,True,875,None
KCQbfI[vBUFS,2.384185791015625e-07,3.9731292724609375,True,983,None
KCQbfI[v@uLS,2.384185791015625e-07,3.081080913543701,True,944,None
KCQbfI[rbpFW,2.384185791015625e-07,1.9902763366699219,True,820,None
KCQbfI[fbqLS,2.384185791015625e-07,2.5779056549072266,True,883,None
KCQbfI[irpJo,2.384185791015625e-07,8.425800323486328,True,1383,None
KCQbfI[RrpVO,2.384185791015625e-07,5.122111797332764,True,1199,None
KCQbfI[yH{JW,2.384185791015625e-07,10.44823145866394,True,1423,None
KCQbfI[qh{NG,4.76837158203125e-07,1.8749938011169434,True,828,None
KCQbfI[ejsLg,2.384185791015625e-07,0.014375448226928711,True,11,None
KCQbfI[ejqLo,4.76837158203125e-07,0.3636000156402588,True,339,None
KCQbdjgNU[JS,4.76837158203125e-07,1.6780953407287598,True,698,None
KCQbeYsnBUJS,2.384185791015625e-07,0.3037722110748291,True,266,None
KCQbdZoNU[JS,2.384185791015625e-07,1.9419333934783936,True,769,None
KCQbdZobrsJc,2.384185791015625e-07,1.8461058139801025,True,779,None
KCQbdZoei{Lg,2.384185791015625e-07,3.766667604446411,True,985,None
KCQbdZoeiyLo,2.384185791015625e-07,1.529930830001831,True,685,None
KCQbdZg]QlRo,2.384185791015625e-07,2.4446308612823486,True,841,None
KCQbdZg\\S{JS,4.76837158203125e-07,0.5045516490936279,True,361,None
KCQbdZg[s{Jc,2.384185791015625e-07,65.37466549873352,True,1930,None
KCQbdZgLupJo,2.384185791015625e-07,9.184920310974121,True,1299,None
KCQbdYwtR[JS,4.76837158203125e-07,0.8356363773345947,True,539,None
KCQbdYwrRdJo,2.384185791015625e-07,1.5421502590179443,True,679,None
KCQbdYwsqxLo,2.384185791015625e-07,0.3066139221191406,True,268,None
KCQbdYw[q\\Z_,0.0,0.03997492790222168,True,34,None
KCQbdYwYqlZ_,2.384185791015625e-07,1.3342854976654053,True,644,None
KCQbdYwprwJS,2.384185791015625e-07,1.8938591480255127,True,787,None
KCQbdYwXuwJS,2.384185791015625e-07,3.288886308670044,True,1051,None
KCQbdYwXqxZO,9.5367431640625e-07,1.7391417026519775,True,759,None
KCQbdYwsi{Lg,2.384185791015625e-07,1.6063134670257568,True,673,None
KCQbdYwsiyLo,2.384185791015625e-07,2.4266531467437744,True,879,None
KCQbdXwjUsIs,2.384185791015625e-07,0.44278836250305176,True,357,None
KCQbdXwfVKJS,2.384185791015625e-07,1.2918245792388916,True,564,None
KCQbdXwws{Jc,2.384185791015625e-07,0.4470973014831543,True,338,None
KCQbdXwhuwJS,2.384185791015625e-07,1.4846751689910889,True,671,None
KCQbdXwJupYo,2.384185791015625e-07,12.768194198608398,True,1466,None
KCQbdXwlI{XW,2.384185791015625e-07,0.7700977325439453,True,440,None
KCQbdXwjI{YW,2.384185791015625e-07,79.94359755516052,True,2013,None
KCQbdXwwmwBw,2.384185791015625e-07,3.0528032779693604,True,1031,None
KCQbdXwkmwHw,4.76837158203125e-07,2.3270509243011475,True,845,None
KCQbdXwRmsUg,4.76837158203125e-07,14.01681399345398,True,1301,None
KCQbdXszAtRW,7.152557373046875e-07,4.8776750564575195,True,1109,None
KCQbdXs^ETRW,2.384185791015625e-07,0.17071270942687988,True,139,None
KCQbdXsfUsLS,2.384185791015625e-07,5.716262578964233,True,1123,None
KCQbdXsbqt^?,2.384185791015625e-07,1.6855137348175049,True,792,None
KCQbdXsRtsZC,2.384185791015625e-07,1.7810964584350586,True,722,None
KCQbdXsFvSZC,2.384185791015625e-07,6.664862871170044,True,1248,None
KCQbdXk|AtRW,4.76837158203125e-07,8.837953567504883,True,1328,None
KCQbdXk\\epRW,4.76837158203125e-07,2.4157187938690186,True,926,None
KCQbdXk{KuJo,2.384185791015625e-07,0.5424754619598389,True,393,None
KCQbdXkmIuYo,2.384185791015625e-07,6.189324617385864,True,1204,None
KCQbdXkkiuZ_,2.384185791015625e-07,4.848208427429199,True,1169,None
KCQbdY[Rv`NO,2.384185791015625e-07,1.3260774612426758,True,670,None
KCQbdY[Rrp]O,2.384185791015625e-07,1.7962608337402344,True,772,None
KCQbdX[nEdLW,2.384185791015625e-07,1.6705818176269531,True,688,None
KCQbdX[x`uZC,4.76837158203125e-07,0.3742637634277344,True,292,None
KCQbdW{\\eTZG,2.384185791015625e-07,10.810318231582642,True,1461,None
KCQbdW{rRdZO,2.384185791015625e-07,4.592783689498901,True,1038,None
KCQbdW{rQt]O,2.384185791015625e-07,9.313438892364502,True,1215,None
KCQbdW{VVSYS,7.152557373046875e-07,3.1613378524780273,True,965,None
KCQbdW{Rud^?,4.76837158203125e-07,1.2687311172485352,True,581,None
KCQbfEwfQ\\N_,4.76837158203125e-07,4.095872640609741,True,1113,None
KCQbfDwrS{Fc,4.76837158203125e-07,3.651879072189331,True,994,None
KCQbfEkFrpZ_,2.384185791015625e-07,0.7230401039123535,True,480,None
KCQbfD[qtwFc,2.384185791015625e-07,0.8544008731842041,True,502,None
KCQbfD[VLUV_,4.76837158203125e-07,1.9746856689453125,True,743,None
KCQbedwrT[Fc,2.384185791015625e-07,0.6606755256652832,True,424,None
KCQbedwrP{Tc,2.384185791015625e-07,9.243752241134644,True,1359,None
KCQbedwfL[Lg,2.384185791015625e-07,0.30604124069213867,True,250,None
KCQbedwNLYXo,2.384185791015625e-07,14.342004776000977,True,1425,None
KCQbeekyP{Jc,2.384185791015625e-07,4.059418439865112,True,1029,None
KCQbeekyPxJo,4.76837158203125e-07,8.207103729248047,True,1225,None
KCQbeekuP{Lc,2.384185791015625e-07,1.797652006149292,True,755,None
KCQbeekrPxNO,4.76837158203125e-07,0.04267740249633789,True,36,None
KCQbeekjQxNO,2.384185791015625e-07,0.4743196964263916,True,372,None
KCQbeekfRpLo,2.384185791015625e-07,2.2183477878570557,True,844,None
KCQbeekYpxZ_,2.384185791015625e-07,1.0005474090576172,True,485,None
KCQbeekMuwLc,4.76837158203125e-07,1.2588672637939453,True,611,None
KCQbeekJrpZ_,2.384185791015625e-07,7.371753931045532,True,1308,None
KCQbeekyIyFo,4.76837158203125e-07,2.4400599002838135,True,869,None
KCQbeekmIyLo,2.384185791015625e-07,13.656324625015259,True,1393,None
KCQbeekjJwJW,2.384185791015625e-07,8.27945351600647,True,1174,None
KCQbeekjJqJo,4.76837158203125e-07,2.7836151123046875,True,900,None
KCQbeekjIyNO,2.384185791015625e-07,0.3714146614074707,True,317,None
KCQbedkfdqLc,2.384185791015625e-07,0.44600796699523926,True,347,None
KCQbee[YvWFc,2.384185791015625e-07,1.5750198364257812,True,640,None
KCQbee[Jrp\\_,4.76837158203125e-07,2.4915356636047363,True,888,None
KCQbed[mL[Lg,2.384185791015625e-07,2.910635471343994,True,1021,None
KCQbed[ZLsTg,2.384185791015625e-07,1.627140760421753,True,739,None
KCQbed[ZLUV_,2.384185791015625e-07,5.058889389038086,True,1176,None
KCQbec{fbR\\_,2.384185791015625e-07,11.777732849121094,True,1471,None
KCQbec{VfWTK,4.76837158203125e-07,1.8063569068908691,True,758,None
KCQbec{]TXXo,2.384185791015625e-07,6.486832618713379,True,1176,None
KCQbec{irXZ_,2.384185791015625e-07,0.9055795669555664,True,464,None
KCQbec{erX\\_,7.152557373046875e-07,0.9917664527893066,True,477,None
KCQbec{NNQXo,2.384185791015625e-07,2.0214245319366455,True,792,None
KCQbec{NMY\\O,2.384185791015625e-07,2.6903367042541504,True,899,None
KCQbdfgRuwFc,2.384185791015625e-07,3.615891933441162,True,1069,None
KCQbdfgNI{Xg,2.384185791015625e-07,1.8019485473632812,True,768,None
KCQbddwbrXZ_,4.76837158203125e-07,2.0476622581481934,True,750,None
KCQbddwjI]Z_,2.384185791015625e-07,1.6772420406341553,True,795,None
KCQbdfKmQxLo,2.384185791015625e-07,2.629063844680786,True,894,None
KCQbdfKrP{NC,2.384185791015625e-07,1.2679822444915771,True,600,None
KCQbdfKUtwLc,2.384185791015625e-07,5.056704521179199,True,1054,None
KCQbdfKRrwVC,4.76837158203125e-07,2.0051755905151367,True,838,None
KCQbdfKFvoLc,2.384185791015625e-07,0.9733483791351318,True,457,None
KCQbdfKFvPN_,2.384185791015625e-07,4.906665325164795,True,1163,None
KCQbddkfeqLc,2.384185791015625e-07,10.556113719940186,True,1357,None
KCQbddkqrwRc,4.76837158203125e-07,1.684035062789917,True,740,None
KCQbddkiqxZ_,2.384185791015625e-07,2.096644878387451,True,769,None
KCQbddkmI]Z_,2.384185791015625e-07,0.1719954013824463,True,145,None
KCQbdd[qvWFc,4.76837158203125e-07,0.06290268898010254,True,54,None
KCQbdd[qrwTc,2.384185791015625e-07,0.3680405616760254,True,328,None
KCQbdd[erX\\_,2.384185791015625e-07,3.421048164367676,True,1047,None
KCQbdd[MuX\\_,4.76837158203125e-07,14.570599555969238,True,1452,None
KCQbdd[fNQLo,2.384185791015625e-07,5.53047776222229,True,1169,None
KCQbdd[fJU\\_,2.384185791015625e-07,2.208195447921753,True,827,None
KCQbdd[VLU\\_,7.152557373046875e-07,5.693733215332031,True,1174,None
KCQbdc{VUT\\_,2.384185791015625e-07,5.519501686096191,True,1228,None
KCQbdc{VNQXo,2.384185791015625e-07,7.494144916534424,True,1294,None
KCQbbfgrH{Rg,2.384185791015625e-07,6.483693361282349,True,1172,None
KCQbbfgrG}V_,2.384185791015625e-07,1.8778462409973145,True,707,None
KCQbbfWZL[Rg,2.384185791015625e-07,1.78560209274292,True,731,None
KCQbbfKiuwFc,2.384185791015625e-07,0.28552675247192383,True,222,None
KCQbbfKbrpV_,4.76837158203125e-07,1.7992708683013916,True,778,None
KCQbbfKrHuV_,2.384185791015625e-07,7.263935565948486,True,1160,None
KCQbbekycxJg,4.76837158203125e-07,2.243051767349243,True,836,None
KCQbbekMuXZ_,2.384185791015625e-07,0.016664981842041016,True,13,None
KCQbbekFuX^?,2.384185791015625e-07,1.7045278549194336,True,738,None
KCQbeTwtT[Fc,2.384185791015625e-07,3.3674495220184326,True,879,None
KCQbeTwrP{Uc,2.384185791015625e-07,3.144840955734253,True,978,None
KCQbeTwrPxUo,2.384185791015625e-07,1.4744975566864014,True,701,None
KCQbeTwptwFc,4.76837158203125e-07,1.6777164936065674,True,733,None
KCQbeTwhuwFc,7.152557373046875e-07,0.40985941886901855,True,358,None
KCQbeTwtL[Fg,2.384185791015625e-07,1.852240800857544,True,777,None
KCQbeTwZKyUo,2.384185791015625e-07,1.7121014595031738,True,740,None
KCQbeVcmHyJo,2.384185791015625e-07,2.9389312267303467,True,971,None
KCQbeUkLrpZ_,7.152557373046875e-07,2.3726534843444824,True,932,None
KCQbeUkLqx^?,2.384185791015625e-07,2.779893398284912,True,1000,None
KCQbeUkFrw]C,2.384185791015625e-07,0.015430212020874023,True,14,None
KCQbeT[{T[Fc,4.76837158203125e-07,3.5539212226867676,True,1084,None
KCQbeT[{P{Tc,2.384185791015625e-07,13.773042917251587,True,1417,None
KCQbeT[{H{Tg,4.76837158203125e-07,6.755993604660034,True,1324,None
KCQbeT[ZLqUo,2.384185791015625e-07,3.803464412689209,True,1059,None
KCQbeT[ZLeV_,2.384185791015625e-07,7.686878681182861,True,1288,None
KCQbeS{yayUc,2.384185791015625e-07,16.538041591644287,True,1438,None
KCQbeS{]U[Uc,2.384185791015625e-07,5.0585761070251465,True,1000,None
KCQbeS{krXZ_,2.384185791015625e-07,2.980175733566284,True,1014,None
KCQbeS{jNgJW,4.76837158203125e-07,2.7946665287017822,True,878,None
KCQbdVofI]N_,2.384185791015625e-07,3.9651033878326416,True,1008,None
KCQbdVoNI{Xg,4.76837158203125e-07,2.4653844833374023,True,935,None
KCQbdVgtQxFo,4.76837158203125e-07,1.9749548435211182,True,823,None
KCQbdUwtQ{Lc,2.384185791015625e-07,0.42090439796447754,True,340,None
KCQbdUwtQ\\N_,2.384185791015625e-07,0.05112290382385254,True,47,None
KCQbdVcNMwJW,2.384185791015625e-07,0.30341219902038574,True,297,None
KCQbdVcNI{ZG,2.384185791015625e-07,2.0544073581695557,True,795,None
KCQbdTsjQtZ_,2.384185791015625e-07,2.343210220336914,True,841,None
KCQbdTsZK{ZG,2.384185791015625e-07,1.9444952011108398,True,737,None
KCQbdUktRpJo,2.384185791015625e-07,1.506197452545166,True,645,None
KCQbdUktJwJW,2.384185791015625e-07,6.204565763473511,True,1205,None
KCQbdUk\\MwJW,2.384185791015625e-07,1.5862412452697754,True,684,None
KCQbdUk\\I{ZG,2.384185791015625e-07,0.5514614582061768,True,433,None
KCQbdT[lbYZC,2.384185791015625e-07,1.529067039489746,True,695,None
KCQbdS{ZMqYo,2.384185791015625e-07,13.49132513999939,True,1486,None
KCQbcvorP{Lc,2.384185791015625e-07,3.910938262939453,True,977,None
KCQbcvgRvgFc,2.384185791015625e-07,0.62715744972229,True,435,None
KCQbcuw\\bXXg,2.384185791015625e-07,1.3698410987854004,True,611,None
KCQbcvcuP{Lc,2.384185791015625e-07,10.108388423919678,True,1303,None
KCQbcvcmR[Jc,2.384185791015625e-07,4.310902118682861,True,1053,None
KCQbcvcmQ{Lc,4.76837158203125e-07,1.847196340560913,True,737,None
KCQbcvcrJsFg,4.76837158203125e-07,6.877136707305908,True,1164,None
KCQbcvcjJsJg,2.384185791015625e-07,0.5328147411346436,True,348,None
KCQbcvSyJ[Fg,2.384185791015625e-07,0.8563928604125977,True,503,None
KCQbcusuJ[Lg,4.76837158203125e-07,0.7339589595794678,True,490,None
KCQbctsfVWLS,2.384185791015625e-07,2.2192351818084717,True,861,None
KCQbctsfRX\\O,2.384185791015625e-07,2.6375842094421387,True,901,None
KCQbcvKxRwFS,4.76837158203125e-07,1.9755871295928955,True,848,None
KCQbcvKxP{NC,2.384185791015625e-07,3.540910243988037,True,1106,None
KCQbcuktRsLc,4.76837158203125e-07,1.602236032485962,True,747,None
KCQbctk{cyLc,2.384185791015625e-07,16.252681255340576,True,1352,None
KCQbctkmeiLc,2.384185791015625e-07,7.967211961746216,True,1216,None
KCQbctktdqLc,4.76837158203125e-07,7.214172840118408,True,1153,None
KCQbctkffaLc,2.384185791015625e-07,1.9072189331054688,True,745,None
KCQbctkqrhV_,2.384185791015625e-07,2.1027157306671143,True,826,None
KCQbctkqpx]_,4.76837158203125e-07,0.43735313415527344,True,356,None
KCQbctkirwYc,2.384185791015625e-07,0.46752476692199707,True,364,None
KCQbctkRvgVC,2.384185791015625e-07,5.898101568222046,True,1209,None
KCQbcu[\\fQLc,2.384185791015625e-07,1.4561939239501953,True,643,None
KCQbct[mRX[o,2.384185791015625e-07,0.23780369758605957,True,223,None
KCQb`voZKyXo,2.384185791015625e-07,3.6210973262786865,True,1111,None
KCQb`voVMYTo,2.384185791015625e-07,2.3666110038757324,True,930,None
KCQb`vcjMwJW,2.384185791015625e-07,10.92856240272522,True,1261,None
KCQb`usyI]Z_,2.384185791015625e-07,1.5797646045684814,True,676,None
KCQb`vK{dwHk,2.384185791015625e-07,1.607339859008789,True,712,None
KCQb`vKwtwJc,2.384185791015625e-07,5.551571607589722,True,1120,None
KCQb`vKstwLc,4.76837158203125e-07,24.715789556503296,True,1496,None
KCQbdNgNUwJS,2.384185791015625e-07,0.31232452392578125,True,262,None
KCQbdLwYsxZ_,2.384185791015625e-07,9.175186395645142,True,1273,None
KCQbdL[qvoFc,4.76837158203125e-07,10.204789876937866,True,1309,None
KCQbdL[erw\\C,2.384185791015625e-07,3.6691980361938477,True,1056,None
KCQbdL[MvWZC,2.384185791015625e-07,1.7913074493408203,True,768,None
KCQbdL[jIu^?,2.384185791015625e-07,23.367706537246704,True,1574,None
KCQbdK{rRsZC,2.384185791015625e-07,1.841186285018921,True,765,None
KCQeRbwjamFg,2.384185791015625e-07,3.049733877182007,True,1030,None
KCQeRbwxO}Fo,2.384185791015625e-07,0.37622904777526855,True,310,None
KCQeRbwTtYFo,4.76837158203125e-07,2.7339422702789307,True,989,None
KCQeRbsn@]JW,2.384185791015625e-07,0.6023659706115723,True,411,None
KCQeRbsj`yJW,2.384185791015625e-07,2.9417691230773926,True,951,None
KCQeRbsjP{JW,2.384185791015625e-07,3.31042218208313,True,1021,None
KCQeRbsfPuLo,2.384185791015625e-07,3.8698625564575195,True,1124,None
KCQeRbsVT[FW,2.384185791015625e-07,2.1197261810302734,True,815,None
KCQeRbsbrwFW,2.384185791015625e-07,2.239372730255127,True,805,None
KCQeRbkn@mJW,2.384185791015625e-07,2.4773526191711426,True,881,None
KCQeRbkmamFg,2.384185791015625e-07,3.674015760421753,True,1025,None
KCQeRbk]cyEw,4.76837158203125e-07,1.00313138961792,True,500,None
KCQeRbkl`yJW,2.384185791015625e-07,0.49509525299072266,True,393,None
KCQeRbkl_}NG,2.384185791015625e-07,4.634061336517334,True,1158,None
KCQeRbk\\dqBw,2.384185791015625e-07,4.57887601852417,True,1166,None
KCQeRbk{O}Fo,2.384185791015625e-07,3.284877300262451,True,983,None
KCQeRbktPuFo,2.384185791015625e-07,3.7966196537017822,True,1120,None
KCQeRbkTtwFW,2.384185791015625e-07,4.139826536178589,True,1143,None
KCQeRb[y`yEw,4.76837158203125e-07,6.373400926589966,True,1159,None
KCQeRb[{P]Fo,2.384185791015625e-07,1.5926203727722168,True,758,None
KCQeRb[mRMFo,2.384185791015625e-07,0.1052711009979248,True,68,None
KCQeRb[]P{Sw,4.76837158203125e-07,2.649725914001465,True,960,None
KCQeRb[\\TUFo,2.384185791015625e-07,0.037095069885253906,True,29,None
KCQeRb[jRkFW,4.76837158203125e-07,4.35638427734375,True,1157,None
KCQeRb[krYFo,2.384185791015625e-07,2.575387477874756,True,874,None
KCQeRb[[tYFo,2.384185791015625e-07,4.758963108062744,True,1123,None
KCQeRa{nBMJW,2.384185791015625e-07,1.5487310886383057,True,677,None
KCQeRa{nAmLW,2.384185791015625e-07,3.001232862472534,True,959,None
KCQeRa{yayEw,4.76837158203125e-07,0.5781536102294922,True,454,None
KCQeRa{lbYJW,2.384185791015625e-07,0.8250083923339844,True,507,None
KCQeRa{jbiJW,2.384185791015625e-07,0.6215803623199463,True,415,None
KCQeRa{kqyLo,4.76837158203125e-07,3.458346128463745,True,1029,None
KCQeRa{eriLo,2.384185791015625e-07,10.158724784851074,True,1324,None
KCQeR`{\\c]VG,2.384185791015625e-07,1.58329176902771,True,687,None
KCQeR`{XsyVO,4.76837158203125e-07,2.4154582023620605,True,870,None
KCQeRbqVTYFo,2.384185791015625e-07,6.954005241394043,True,1263,None
KCQeRbi|@yBw,2.384185791015625e-07,2.0495126247406006,True,833,None
KCQeRbi^?}Ug,2.384185791015625e-07,1.4891510009765625,True,691,None
KCQeRbit`yFg,4.76837158203125e-07,1.5358686447143555,True,659,None
KCQeRbiNcyMg,2.384185791015625e-07,9.276159524917603,True,1329,None
KCQeRbiTtwFg,2.384185791015625e-07,1.036921501159668,True,500,None
KCQeR`y^CySw,2.384185791015625e-07,1.6518056392669678,True,718,None
KCQeR`y^C]Ug,4.76837158203125e-07,2.2614076137542725,True,887,None
KCQeR`yx`yRg,2.384185791015625e-07,3.8741350173950195,True,1098,None
KCQeR`yr`yUg,2.384185791015625e-07,5.018976211547852,True,1041,None
KCQeR`yNeYUg,4.76837158203125e-07,1.1451261043548584,True,566,None
KCQeR`yptwFg,2.384185791015625e-07,0.02551746368408203,True,19,None
KCQeR`yRtwUg,2.384185791015625e-07,40.90407180786133,True,1600,None
KCQeRben@yJW,2.384185791015625e-07,5.4641454219818115,True,1168,None
KCQeRbU^@yTW,2.384185791015625e-07,9.813458442687988,True,1476,None
KCQeRbUmRYFo,2.384185791015625e-07,3.4801251888275146,True,1105,None
KCQeRaumQyLo,2.384185791015625e-07,0.035063743591308594,True,26,None
KCQeRbM}@yEw,2.384185791015625e-07,0.11898398399353027,True,90,None
KCQeRbM{PyFo,2.384185791015625e-07,0.9420053958892822,True,527,None
KCQeRbMmRwEw,2.384185791015625e-07,2.356332540512085,True,919,None
KCQeRbMmP{Mg,2.384185791015625e-07,4.093870639801025,True,1080,None
KCQeRam\\dqJg,7.152557373046875e-07,0.6184954643249512,True,422,None
KCQeRamLrqZ_,2.384185791015625e-07,2.3398756980895996,True,895,None
KCQeR`mu`yUg,4.76837158203125e-07,0.34024763107299805,True,285,None
KCQeR`mmayUg,2.384185791015625e-07,0.022879362106323242,True,17,None
KCQeRa][tYN_,2.384185791015625e-07,13.7999587059021,True,1585,None
KCQeRa]Lrw\\G,2.384185791015625e-07,13.54091763496399,True,1496,None
KCQeRbpfP{Lo,4.76837158203125e-07,2.314371109008789,True,870,None
KCQeRbpVT[Fo,2.384185791015625e-07,2.087733268737793,True,760,None
KCQeRbhVdkFg,4.76837158203125e-07,6.227414608001709,True,1178,None
KCQeRbhFp{]_,2.384185791015625e-07,0.14237284660339355,True,133,None
KCQeRbX|@]Fo,2.384185791015625e-07,1.699676752090454,True,766,None
KCQeRbXn@mLo,2.384185791015625e-07,0.03845787048339844,True,30,None
KCQeRbXlP{Lo,2.384185791015625e-07,0.0495760440826416,True,41,None
KCQeRbX\\T[Fo,4.76837158203125e-07,4.333190441131592,True,1050,None
KCQeRbXjRkFo,2.384185791015625e-07,3.7732036113739014,True,1092,None
KCQeRax\\S{Lo,4.76837158203125e-07,1.9261474609375,True,779,None
KCQeRaxNUkLo,2.384185791015625e-07,1.882685899734497,True,796,None
KCQeRaxNU[Mo,2.384185791015625e-07,2.4905927181243896,True,898,None
KCQeRaxprwFo,4.76837158203125e-07,1.4958045482635498,True,674,None
KCQeRaxXrwRo,2.384185791015625e-07,1.2912564277648926,True,620,None
KCQeRaxRp{]_,2.384185791015625e-07,0.1264026165008545,True,98,None
KCQeRbdn@{JW,2.384185791015625e-07,1.9276480674743652,True,718,None
KCQeRatfbqLo,2.384185791015625e-07,1.6104686260223389,True,671,None
KCQeRbL]dwEw,2.384185791015625e-07,0.04219818115234375,True,36,None
KCQeRbL\\TsFo,2.384185791015625e-07,2.737332344055176,True,920,None
KCQeRalnAmNO,2.384185791015625e-07,5.243736505508423,True,1140,None
KCQeRalfbqMo,2.384185791015625e-07,1.5635464191436768,True,717,None
KCQeRbbVP{V_,2.384185791015625e-07,8.132665157318115,True,1371,None
KCQeRbRjRwFo,2.384185791015625e-07,0.5029821395874023,True,408,None
KCQeRJwfbeFg,2.384185791015625e-07,0.492617130279541,True,391,None
KCQeRJwmQmFo,7.152557373046875e-07,1.4945237636566162,True,668,None
KCQeRJs]P{RW,2.384185791015625e-07,23.244649648666382,True,1750,None
KCQeRJ[]deFg,2.384185791015625e-07,2.957761287689209,True,985,None
KCQeRI{VPu]O,2.384185791015625e-07,8.924137830734253,True,1365,None
KCQeRH{]dqQw,2.384185791015625e-07,22.33429455757141,True,1662,None
KCQeRH{tdqFW,4.76837158203125e-07,0.3537008762359619,True,297,None
KCQeRH{FvcVG,2.384185791015625e-07,10.611466884613037,True,1495,None
KCQeRH{Fts]G,2.384185791015625e-07,1.485940933227539,True,707,None
KCQeRJqfRqFo,2.384185791015625e-07,3.4156761169433594,True,1079,None
KCQeRJU]PuV_,2.384185791015625e-07,3.19696307182312,True,1021,None
KCQeRHuvDqFW,2.384185791015625e-07,1.2949414253234863,True,678,None
KCQeRH]}@uUg,2.384185791015625e-07,1.7663524150848389,True,766,None
KCQeRH][twVG,2.384185791015625e-07,1.8506724834442139,True,774,None
KCQeRG}vBeVG,2.384185791015625e-07,10.471267223358154,True,1422,None
KCQeRG}ubqUg,2.384185791015625e-07,2.479778289794922,True,874,None
KCQeRG}VVcVG,2.384185791015625e-07,3.1747426986694336,True,1026,None
KCQeRG}VTs]G,4.76837158203125e-07,2.2033274173736572,True,891,None
KCQeRHx\\cyVO,2.384185791015625e-07,0.8881673812866211,True,499,None
KCQeRHxtTsFo,2.384185791015625e-07,2.303980827331543,True,907,None
KCQeV`w\\K]Fo,2.384185791015625e-07,0.7292184829711914,True,481,None
KCQeV`smO|Lo,4.76837158203125e-07,3.5057058334350586,True,1017,None
KCQeV`sfRTFo,2.384185791015625e-07,3.742846965789795,True,1035,None
KCQeV`sfPtLo,2.384185791015625e-07,0.10417389869689941,True,84,None
KCQeV`sfP\\NO,2.384185791015625e-07,3.31286358833313,True,971,None
KCQeV`[\\L[FW,4.76837158203125e-07,3.4408321380615234,True,1041,None
KCQeV_{lQtLo,4.76837158203125e-07,0.41586756706237793,True,335,None
KCQeV`iVPlV_,2.384185791015625e-07,20.239634037017822,True,1501,None
KCQeV`iVH{Ug,2.384185791015625e-07,0.49054384231567383,True,376,None
KCQeV`iVHmV_,4.76837158203125e-07,0.7354638576507568,True,509,None
KCQeV`iFjwUg,2.384185791015625e-07,6.139539003372192,True,1076,None
KCQeV`emRwBs,2.384185791015625e-07,3.6362972259521484,True,1029,None
KCQeVPqV`yUc,2.384185791015625e-07,2.4591281414031982,True,859,None
KCQeVPU]`yUc,4.76837158203125e-07,1.6634166240692139,True,719,None
KCQeVPU]`xUg,2.384185791015625e-07,1.8974220752716064,True,807,None
KCQeRpsy_}Uc,4.76837158203125e-07,3.7694499492645264,True,1035,None
KCQeRps]c]Uc,2.384185791015625e-07,23.929763555526733,True,1542,None
KCQeRpsrdsEk,2.384185791015625e-07,3.5916330814361572,True,987,None
KCQeRps]TLRo,2.384185791015625e-07,6.970545053482056,True,1214,None
KCQeRpsiq{Uc,4.76837158203125e-07,0.33256053924560547,True,264,None
KCQeRpshlwJW,4.76837158203125e-07,0.08413887023925781,True,63,None
KCQeVHwmP{Is,2.384185791015625e-07,1.7677943706512451,True,738,None
KCQeVHwerhFo,4.76837158203125e-07,54.15837645530701,True,1928,None
KCQeVG{\\TsJS,2.384185791015625e-07,1.789189338684082,True,798,None
KCQeVG{\\StNO,2.384185791015625e-07,3.986677408218384,True,1021,None
KCQeVG{\\PtZO,2.384185791015625e-07,3.1176393032073975,True,1013,None
KCQeVG{TtsNC,4.76837158203125e-07,0.8161065578460693,True,526,None
KCQeVG{LjqZO,2.384185791015625e-07,2.1406354904174805,True,810,None
KCQeUhwjRkFS,2.384185791015625e-07,0.4953572750091553,True,379,None
KCQeUhwkrXFo,4.76837158203125e-07,0.6995494365692139,True,428,None
KCQeUhwirwEs,2.384185791015625e-07,10.513540744781494,True,1467,None
KCQeUhwYlkFg,2.384185791015625e-07,10.13425588607788,True,1345,None
KCQeUhwYh{Ug,2.384185791015625e-07,6.5451741218566895,True,1130,None
KCQeUg{NNENO,2.384185791015625e-07,3.941044807434082,True,1047,None
KCQeUhqjRwFS,2.384185791015625e-07,2.63789701461792,True,964,None
KCQeUhim`xMg,2.384185791015625e-07,2.568467140197754,True,871,None
KCQeUhi]`xUg,2.384185791015625e-07,0.4236452579498291,True,337,None
KCQeUhi\\HyVO,4.76837158203125e-07,10.312299728393555,True,1338,None
KCQeUhe]dpFg,4.76837158203125e-07,1.2604420185089111,True,579,None
KCQeThwlbYJS,2.384185791015625e-07,0.20135021209716797,True,174,None
KCQeThw{O|Lo,2.384185791015625e-07,7.331655740737915,True,1236,None
KCQeThwyRkBs,4.76837158203125e-07,6.155004978179932,True,1223,None
KCQeThwxP{JS,2.384185791015625e-07,2.571695566177368,True,841,None
KCQeThwlQtLo,4.76837158203125e-07,5.812979459762573,True,1001,None
KCQeThwYi{Ug,2.384185791015625e-07,3.495553493499756,True,896,None
KCQeThwRjsUg,2.384185791015625e-07,1.9486138820648193,True,704,None
KCQeThsZLsJW,4.76837158203125e-07,5.195425033569336,True,1123,None
KCQeThsNMUNO,2.384185791015625e-07,0.1198740005493164,True,81,None
KCQeThsNJUZO,2.384185791015625e-07,2.6503775119781494,True,847,None
KCQeThk\\PtZO,7.152557373046875e-07,1.192911148071289,True,538,None
KCQeThkVRsUS,4.76837158203125e-07,0.430314302444458,True,343,None
KCQeThkVRdVO,2.384185791015625e-07,1.6263127326965332,True,760,None
KCQeThqmQxLo,2.384185791015625e-07,29.429141521453857,True,1589,None
KCQeThqjRwJS,2.384185791015625e-07,4.019781827926636,True,1025,None
KCQeThqMjYZ_,2.384185791015625e-07,9.446777820587158,True,1303,None
KCQeThi\\TwJS,2.384185791015625e-07,1.5181283950805664,True,612,None
KCQeThiLmwNG,4.76837158203125e-07,5.041731357574463,True,1115,None
KCQeThiLiy^?,2.384185791015625e-07,14.291589260101318,True,1447,None
KCQeThYLnWNG,2.384185791015625e-07,1.5368738174438477,True,679,None
KCQeThYLnQN_,4.76837158203125e-07,1.9042506217956543,True,802,None
KCQeRh[jVcFS,2.384185791015625e-07,0.03705453872680664,True,25,None
KCQeRh[lJUVO,2.384185791015625e-07,7.368257522583008,True,1138,None
KCQeRh[NLs[W,4.76837158203125e-07,4.574253559112549,True,1116,None
KCQeRh[[lsTg,2.384185791015625e-07,2.7055933475494385,True,967,None
KCQeRh[YlsUg,2.384185791015625e-07,7.4393439292907715,True,1269,None
KCQeRh[YlqUo,2.384185791015625e-07,4.309117078781128,True,1058,None
KCQeRg{lRTZO,2.384185791015625e-07,5.515542507171631,True,1061,None
KCQeUXq]`yUc,2.384185791015625e-07,2.986025810241699,True,948,None
KCQeUXq]`xUg,2.384185791015625e-07,13.575330018997192,True,1424,None
KCQeUXq]P{Uc,2.384185791015625e-07,10.816188097000122,True,1418,None
KCQeQxwwplV_,4.76837158203125e-07,5.365493297576904,True,1195,None
KCQeUTs]`yUc,2.384185791015625e-07,4.83683443069458,True,1135,None
KCQeUTskpxN_,2.384185791015625e-07,3.104260206222534,True,944,None
KCQeUTsMrhV_,2.384185791015625e-07,1.6139259338378906,True,642,None
KCQeRLwu`xUg,2.384185791015625e-07,3.524416208267212,True,996,None
KCQeRLwt`yVC,2.384185791015625e-07,1.9434161186218262,True,788,None
KCQeRLwdvoFc,4.76837158203125e-07,0.7225110530853271,True,434,None
KCQeRLwtLwFW,4.76837158203125e-07,1.8146817684173584,True,757,None
KCQeRLwtHyVO,2.384185791015625e-07,5.217972755432129,True,1212,None
KCQeQlwhrwVC,2.384185791015625e-07,3.7284326553344727,True,1049,None
KCQeQlwXtwVC,4.76837158203125e-07,2.1958141326904297,True,779,None
KCQeQlwxLwFW,2.384185791015625e-07,8.870627641677856,True,1351,None
KCQeQlwxLsFg,2.384185791015625e-07,1.4312946796417236,True,681,None
KCQePngTvoFc,2.384185791015625e-07,1.2734472751617432,True,600,None
KCQePlwkrXZ_,2.384185791015625e-07,2.1214916706085205,True,820,None
KCQePlwhrpZ_,2.384185791015625e-07,5.920074224472046,True,1078,None
KCQeQ\\w}@lUg,4.76837158203125e-07,0.2672560214996338,True,231,None
KCQeQ\\w[thV_,2.384185791015625e-07,0.21170711517333984,True,194,None
KCQbRbw|C]Bw,4.76837158203125e-07,0.1509389877319336,True,137,None
KCQbRbwrcyEw,2.384185791015625e-07,5.975187540054321,True,1171,None
KCQbRbwr_}Ug,2.384185791015625e-07,1.8389043807983398,True,726,None
KCQbRbwVdYQw,2.384185791015625e-07,1.1590054035186768,True,551,None
KCQbRbwNc]Yg,4.76837158203125e-07,0.1210939884185791,True,116,None
KCQbRbwjO}Yo,4.76837158203125e-07,5.254987001419067,True,1211,None
KCQbRbwNUkPw,7.152557373046875e-07,1.471872091293335,True,773,None
KCQbRbsvDUBw,4.76837158203125e-07,0.5216193199157715,True,411,None
KCQbRbsnC]JW,2.384185791015625e-07,0.44535183906555176,True,373,None
KCQbRbsjcyJW,2.384185791015625e-07,1.6817805767059326,True,767,None
KCQbRbsuS]Fo,2.384185791015625e-07,0.7065317630767822,True,452,None
KCQbRbsjS{JW,2.384185791015625e-07,7.597254514694214,True,1198,None
KCQbRbk}CmBw,7.152557373046875e-07,9.735632181167603,True,1409,None
KCQbRbknCmJW,2.384185791015625e-07,14.171857118606567,True,1480,None
KCQbRbku_}Ug,0.0,0.31672024726867676,True,261,None
KCQbRbktdqBw,2.384185791015625e-07,2.6442291736602783,True,879,None
KCQbRbklcyJW,7.152557373046875e-07,2.560518503189087,True,887,None
KCQbRbk\\SuRo,2.384185791015625e-07,2.374925136566162,True,901,None
KCQbRb[rP{UW,2.384185791015625e-07,0.41886091232299805,True,356,None
KCQbRb[fTkLW,2.384185791015625e-07,0.15255141258239746,True,118,None
KCQbRb[stYFo,4.76837158203125e-07,0.7596702575683594,True,482,None
KCQbRb[spyTo,2.384185791015625e-07,0.19292831420898438,True,186,None
KCQbRb[RtsUg,2.384185791015625e-07,1.2927367687225342,True,578,None
KCQbRb[RtqUo,2.384185791015625e-07,1.927295207977295,True,838,None
KCQbRa{nEMJW,4.76837158203125e-07,1.7760567665100098,True,821,None
KCQbRa{nAmXW,4.76837158203125e-07,2.6118741035461426,True,827,None
KCQbRa{yayQw,4.76837158203125e-07,2.0106899738311768,True,768,None
KCQbRa{leYJW,2.384185791015625e-07,7.703567028045654,True,1333,None
KCQbRa{jamZG,7.152557373046875e-07,3.5366435050964355,True,1043,None
KCQbRa{iqyYo,4.76837158203125e-07,0.7279627323150635,True,441,None
KCQbRa{hqyZO,2.384185791015625e-07,0.07924103736877441,True,85,None
KCQbR`{udYQw,2.384185791015625e-07,1.9763033390045166,True,775,None
KCQbR`{mcmXg,2.384185791015625e-07,2.758347749710083,True,936,None
KCQbR`{jeeRg,4.76837158203125e-07,4.871264696121216,True,1120,None
KCQbRbqjS{Jg,4.76837158203125e-07,1.1687602996826172,True,550,None
KCQbRbqjO}Z_,2.384185791015625e-07,2.6066694259643555,True,921,None
KCQbRbqVTwPw,2.384185791015625e-07,1.2275748252868652,True,573,None
KCQbRbqNUwPw,2.384185791015625e-07,3.2786989212036133,True,1067,None
KCQbRbqNS{Xg,2.384185791015625e-07,1.4100971221923828,True,642,None
KCQbRbiv@yQw,2.384185791015625e-07,0.4914886951446533,True,396,None
KCQbRbiv?}Ug,2.384185791015625e-07,15.911761283874512,True,1475,None
KCQbRbi^CyQw,4.76837158203125e-07,1.7443199157714844,True,767,None
KCQbRbitcyFg,4.76837158203125e-07,45.379589796066284,True,1826,None
KCQbRbYv@]Ug,4.76837158203125e-07,0.32310938835144043,True,240,None
KCQbRbY\\cyTg,2.384185791015625e-07,0.492445707321167,True,384,None
KCQbRbYr`yUg,2.384185791015625e-07,4.645037651062012,True,1082,None
KCQbRbYZcyUg,2.384185791015625e-07,3.300220251083374,True,974,None
KCQbRbYfdYMg,2.384185791015625e-07,0.21693086624145508,True,193,None
KCQbRbYNeiTg,4.76837158203125e-07,0.42838478088378906,True,334,None
KCQbRbYrTwEw,2.384185791015625e-07,6.973726034164429,True,1374,None
KCQbRbYrP{Ug,2.384185791015625e-07,11.595459938049316,True,1331,None
KCQbRbYVTYUo,2.384185791015625e-07,0.21622443199157715,True,194,None
KCQbRbYhuwFg,4.76837158203125e-07,4.61247706413269,True,1202,None
KCQbRaytayTg,2.384185791015625e-07,8.532485961914062,True,1350,None
KCQbR`yzCyQw,2.384185791015625e-07,3.6925902366638184,True,1052,None
KCQbR`yvDYQw,2.384185791015625e-07,4.314728736877441,True,1064,None
KCQbR`yvC]Ug,2.384185791015625e-07,6.5314414501190186,True,1201,None
KCQbRbevDqBw,2.384185791015625e-07,8.330663442611694,True,1283,None
KCQbRbenCyJW,2.384185791015625e-07,1.697486162185669,True,704,None
KCQbRauyS{Jg,2.384185791015625e-07,1.6348724365234375,True,714,None
KCQbRauiqyZ_,4.76837158203125e-07,8.669692754745483,True,1292,None
KCQbR`urSyVO,7.152557373046875e-07,1.4258229732513428,True,662,None
KCQbRamtdqJg,4.76837158203125e-07,3.0372490882873535,True,969,None
KCQbR`mvCuUg,2.384185791015625e-07,2.9250919818878174,True,915,None
KCQbR`]vDYUW,2.384185791015625e-07,1.3522543907165527,True,625,None
KCQbR`]ycyUg,4.76837158203125e-07,2.560572385787964,True,899,None
KCQbR`]mdYYg,2.384185791015625e-07,2.405853748321533,True,904,None
KCQbR_}{eYRg,2.384185791015625e-07,13.897765874862671,True,1522,None
KCQbR_}wsyZ_,2.384185791015625e-07,10.298365831375122,True,1308,None
KCQbRbpvC]Fo,2.384185791015625e-07,3.7816014289855957,True,1106,None
KCQbRbpjc{Jg,2.384185791015625e-07,4.6338887214660645,True,1129,None
KCQbRbprP{Ro,4.76837158203125e-07,0.5909984111785889,True,401,None
KCQbRaxXuwRo,4.76837158203125e-07,11.59593415260315,True,1449,None
KCQbRbdnC{JW,2.384185791015625e-07,6.424581527709961,True,1135,None
KCQbRatjewJW,2.384185791015625e-07,0.4862241744995117,True,375,None
KCQbR_|yc{Yg,2.384185791015625e-07,1.8089542388916016,True,749,None
KCQbR_|jekZG,2.384185791015625e-07,6.0400519371032715,True,1091,None
KCQbQrwz@mQw,2.384185791015625e-07,0.05622386932373047,True,51,None
KCQbQrw^DMQw,4.76837158203125e-07,1.9717762470245361,True,863,None
KCQbQrwxTkBw,2.384185791015625e-07,0.23770809173583984,True,213,None
KCQbQrwtTMFo,2.384185791015625e-07,5.966824769973755,True,1234,None
KCQbQrw\\TMRo,2.384185791015625e-07,1.4728944301605225,True,709,None
KCQbQrshtwJW,4.76837158203125e-07,17.06313443183899,True,1302,None
KCQbQrit`yUg,4.76837158203125e-07,5.837458848953247,True,1198,None
KCQbQriVTkUg,7.152557373046875e-07,1.4376542568206787,True,678,None
KCQbQre|?}VG,2.384185791015625e-07,2.1832845211029053,True,830,None
KCQbQremdiJg,2.384185791015625e-07,0.8493175506591797,True,496,None
KCQbQreVdiVG,2.384185791015625e-07,0.058417320251464844,True,51,None
KCQbQreNfaRg,2.384185791015625e-07,4.207681179046631,True,1028,None
KCQbQrUxPuV_,2.384185791015625e-07,1.631605625152588,True,716,None
KCQbQqux`yZG,2.384185791015625e-07,3.703700065612793,True,989,None
KCQbQqulbYZG,7.152557373046875e-07,0.03179574012756348,True,21,None
KCQbQqu\\dqXg,4.76837158203125e-07,1.8397414684295654,True,762,None
KCQbQquZdiZG,2.384185791015625e-07,1.002061367034912,True,538,None
KCQbQquxTwJW,2.384185791015625e-07,0.2170717716217041,True,205,None
KCQbQqulVWJW,2.384185791015625e-07,1.1764295101165771,True,535,None
KCQbQputdYVG,2.384185791015625e-07,0.2021656036376953,True,206,None
KCQbQpuptqV_,2.384185791015625e-07,0.7216882705688477,True,477,None
KCQbQrM|DqEw,2.384185791015625e-07,2.477776527404785,True,878,None
KCQbQrM{`yUg,2.384185791015625e-07,2.0433290004730225,True,826,None
KCQbQp]zDiUW,2.384185791015625e-07,0.3498992919921875,True,289,None
KCQbQrbNewUg,2.384185791015625e-07,2.117422580718994,True,869,None
KCQbQrRjbwUg,2.384185791015625e-07,8.340798377990723,True,1258,None
KCQbQrRlVWFo,4.76837158203125e-07,5.042817115783691,True,1115,None
KCQbQrRlTwLo,2.384185791015625e-07,8.415189981460571,True,1234,None
KCQbQqrtTwLo,2.384185791015625e-07,2.416022300720215,True,900,None
KCQbQqrlUwLo,4.76837158203125e-07,2.180450677871704,True,874,None
KCQbQqrdvWN_,2.384185791015625e-07,6.342642307281494,True,1222,None
KCQbQprhuwV_,2.384185791015625e-07,5.372007131576538,True,1136,None
KCQbQprbtw]_,4.76837158203125e-07,2.1179795265197754,True,823,None
KCQbQrF}DiFo,2.384185791015625e-07,1.6392533779144287,True,716,None
KCQbQrFmfgFg,4.76837158203125e-07,3.490708351135254,True,1053,None
KCQbQqftbqV_,4.76837158203125e-07,19.1364529132843,True,1645,None
KCQbQqflbwZG,2.384185791015625e-07,2.6292831897735596,True,852,None
KCQbQqf\\dwZG,2.384185791015625e-07,0.6686861515045166,True,448,None
KCQbQqfVfaV_,2.384185791015625e-07,3.3291022777557373,True,979,None
KCQbQqf{UwFo,2.384185791015625e-07,0.27034783363342285,True,229,None
KCQbQqftRwVO,7.152557373046875e-07,2.1785728931427,True,882,None
KCQbQqf\\UwVO,2.384185791015625e-07,3.0343830585479736,True,960,None
KCQbQqfVVcV_,2.384185791015625e-07,4.84830641746521,True,1095,None
KCQbVbK]P{Qs,2.384185791015625e-07,1.5960237979888916,True,732,None
KCQbVbK\\H{RW,2.384185791015625e-07,1.378249168395996,True,634,None
KCQbVbKVH{UW,2.384185791015625e-07,2.4145448207855225,True,912,None
KCQbUpsu`]Uc,4.76837158203125e-07,1.3778667449951172,True,604,None
KCQbUpsiq{Uc,2.384185791015625e-07,2.089078426361084,True,764,None
KCQbUpsMu[Uc,2.384185791015625e-07,1.9414594173431396,True,782,None
KCQbRrSVdUUc,2.384185791015625e-07,0.5477452278137207,True,349,None
KCQbRrS{P\\Ro,2.384185791015625e-07,9.775115251541138,True,1254,None
KCQbRrS]TLRo,4.76837158203125e-07,0.5263431072235107,True,355,None
KCQbRrSwpxRo,2.384185791015625e-07,4.494192123413086,True,1147,None
KCQbRrSYs{Uc,2.384185791015625e-07,0.13894367218017578,True,100,None
KCQbRrSmM[Ew,2.384185791015625e-07,0.39447498321533203,True,362,None
KCQbRrSfLkLW,2.384185791015625e-07,2.650953531265259,True,836,None
KCQbRrSYlkRg,4.76837158203125e-07,1.5702717304229736,True,620,None
KCQbUjgUh{Ug,4.76837158203125e-07,2.7314929962158203,True,890,None
KCQbUiwmQlLo,2.384185791015625e-07,2.1498687267303467,True,835,None
KCQbUiwlR[JS,4.76837158203125e-07,9.494220495223999,True,1206,None
KCQbUiwjRkJS,4.76837158203125e-07,45.58007025718689,True,1791,None
KCQbUiwkqxLo,2.384185791015625e-07,1.5159077644348145,True,704,None
KCQbUiwerhLo,2.384185791015625e-07,5.406956672668457,True,1227,None
KCQbUiwhqxNO,4.76837158203125e-07,4.804243564605713,True,1093,None
KCQbUiwdrpLo,2.384185791015625e-07,1.762850284576416,True,757,None
KCQbUiwbrkNC,7.152557373046875e-07,2.8045897483825684,True,920,None
KCQbUiwbjwMW,4.76837158203125e-07,2.4056894779205322,True,911,None
KCQbUiwbjsMg,4.76837158203125e-07,1.1983261108398438,True,560,None
KCQbTjoNU[JS,2.384185791015625e-07,7.26405930519104,True,1199,None
KCQbTjg]Q{Qs,4.76837158203125e-07,0.42096590995788574,True,348,None
KCQbTjg\\S{JS,2.384185791015625e-07,2.0224759578704834,True,775,None
KCQbTjWuPlLo,2.384185791015625e-07,3.9291508197784424,True,1045,None
KCQbTjWqrkFc,2.384185791015625e-07,0.3397552967071533,True,252,None
KCQbTjWuHmLo,4.76837158203125e-07,0.3260633945465088,True,292,None
KCQbThwqi{Ug,2.384185791015625e-07,0.4220609664916992,True,333,None
KCQbTjSjatNG,4.76837158203125e-07,3.381237268447876,True,981,None
KCQbTjSfbTNG,2.384185791015625e-07,2.577897310256958,True,824,None
KCQbThsnAtXW,4.76837158203125e-07,14.912142515182495,True,1458,None
KCQbThsmM[JW,4.76837158203125e-07,1.3547520637512207,True,547,None
KCQbThkVUsUS,2.384185791015625e-07,6.720073223114014,True,1221,None
KCQbTh[leqLS,2.384185791015625e-07,4.007192850112915,True,972,None
KCQbTh[XtsZC,2.384185791015625e-07,2.0606260299682617,True,712,None
KCQbRiw{Q{Ps,2.384185791015625e-07,4.4636876583099365,True,1060,None
KCQbRiw\\UTRo,2.384185791015625e-07,0.47397637367248535,True,351,None
KCQbRiw\\StXo,2.384185791015625e-07,1.6650564670562744,True,677,None
KCQbRiwwqxRo,2.384185791015625e-07,1.7198817729949951,True,765,None
KCQbRiwLupXo,4.76837158203125e-07,8.77400827407837,True,1257,None
KCQbRiwtK{LW,7.152557373046875e-07,0.7352385520935059,True,500,None
KCQbRiwfMkLW,2.384185791015625e-07,1.2746787071228027,True,634,None
KCQbRjS]StTo,2.384185791015625e-07,1.6359918117523193,True,711,None
KCQbRjSUtXVO,4.76837158203125e-07,4.5820472240448,True,1070,None
KCQbRjSNLUZO,2.384185791015625e-07,1.8589386940002441,True,782,None
KCQbRik|AuRS,4.76837158203125e-07,3.0889508724212646,True,1017,None
KCQbRik[uwRS,2.384185791015625e-07,1.3787548542022705,True,558,None
KCQbRik[s{ZC,4.76837158203125e-07,2.1856138706207275,True,887,None
KCQbRi[nEdLW,2.384185791015625e-07,2.6424036026000977,True,895,None
KCQbRi[\\St\\O,2.384185791015625e-07,1.7371301651000977,True,732,None
KCQbRi[wp{ZC,2.384185791015625e-07,14.174391746520996,True,1436,None
KCQbRZS{PtRo,2.384185791015625e-07,0.8289940357208252,True,470,None
KCQbRZSLusVC,2.384185791015625e-07,2.492227077484131,True,874,None
KCQbRZSLtsZC,2.384185791015625e-07,1.6534080505371094,True,688,None
KCQbRZSFls]G,2.384185791015625e-07,6.434248447418213,True,1303,None
KCQbQzo]d[Qk,7.152557373046875e-07,2.2464754581451416,True,814,None
KCQbQzoVTdTo,2.384185791015625e-07,0.030539512634277344,True,19,None
KCQbQzoMu[Uc,2.384185791015625e-07,1.7534236907958984,True,763,None
KCQbQzopp{VC,2.384185791015625e-07,1.580428123474121,True,714,None
KCQbQzoRtsUc,2.384185791015625e-07,0.5421774387359619,True,396,None
KCQbQzoVL[UW,2.384185791015625e-07,1.7504618167877197,True,721,None
KCQbQzoph{VG,2.384185791015625e-07,1.4902808666229248,True,696,None
KCQbQzgVTkUS,2.384185791015625e-07,3.0329527854919434,True,940,None
KCQbQzgTliVO,2.384185791015625e-07,1.9428369998931885,True,812,None
KCQbQxwpliVO,2.384185791015625e-07,4.622586727142334,True,1132,None
KCQbQzS{TsDs,2.384185791015625e-07,2.999725818634033,True,997,None
KCQbQzS[tpTo,4.76837158203125e-07,0.42535400390625,True,354,None
KCQbVD[\\TwRS,2.384185791015625e-07,1.5407330989837646,True,710,None
KCQbVD[VThVO,2.384185791015625e-07,9.771543025970459,True,1339,None
KCQbVC{spxZ_,2.384185791015625e-07,1.4941761493682861,True,669,None
KCQbVC{[sxZ_,2.384185791015625e-07,7.489009141921997,True,1264,None
KCQbVC{MuhZ_,2.384185791015625e-07,1.7810797691345215,True,750,None
KCQbVC{drpZ_,2.384185791015625e-07,1.3106460571289062,True,605,None
KCQbVC{dqx^?,2.384185791015625e-07,1.4786567687988281,True,679,None
KCQbVC{LuwZC,2.384185791015625e-07,3.332977533340454,True,1008,None
KCQbUdwptwFc,2.384185791015625e-07,11.709708213806152,True,1352,None
KCQbUdwhuwFc,2.384185791015625e-07,16.249073028564453,True,1490,None
KCQbUdwZK{Ug,2.384185791015625e-07,11.328790187835693,True,1303,None
KCQbUfcVP{VC,2.384185791015625e-07,2.781273365020752,True,914,None
KCQbUdk\\K{VG,2.384185791015625e-07,0.9713234901428223,True,503,None
KCQbUd[{dYFc,2.384185791015625e-07,2.1268928050994873,True,865,None
KCQbUd[ydwEk,2.384185791015625e-07,7.962007522583008,True,1208,None
KCQbUd[\\dXVG,2.384185791015625e-07,1.8616857528686523,True,765,None
KCQbUd[xPxVO,4.76837158203125e-07,0.5200507640838623,True,359,None
KCQbUc{yayUc,2.384185791015625e-07,2.7448079586029053,True,874,None
KCQbUc{yQ{Uc,2.384185791015625e-07,2.432499885559082,True,882,None
KCQbUc{tTwLS,2.384185791015625e-07,7.530092000961304,True,1329,None
KCQbTdwpuwFc,2.384185791015625e-07,2.082029104232788,True,865,None
KCQbTdsZK{ZG,4.76837158203125e-07,7.847703456878662,True,1293,None
KCQbTdsfNWJW,2.384185791015625e-07,4.24917197227478,True,1160,None
KCQbTdsNM[ZG,2.384185791015625e-07,3.2812516689300537,True,984,None
KCQbTdsNMYZO,2.384185791015625e-07,1.2619750499725342,True,584,None
KCQbRfojcxJg,2.384185791015625e-07,0.5706870555877686,True,389,None
KCQbRfgVK{Ug,4.76837158203125e-07,2.555471897125244,True,932,None
KCQbRfgVKmV_,2.384185791015625e-07,4.894963502883911,True,1139,None
KCQbRfWrH{Ug,2.384185791015625e-07,2.3903863430023193,True,854,None
KCQbRfWVL[Ug,2.384185791015625e-07,3.233943462371826,True,963,None
KCQbRdwrcyUc,2.384185791015625e-07,6.39520263671875,True,1208,None
KCQbRdwrK{Ug,2.384185791015625e-07,4.019186973571777,True,1106,None
KCQbRdsjcyZC,2.384185791015625e-07,8.074246168136597,True,1358,None
KCQbRfK{cxFg,2.384185791015625e-07,3.336578369140625,True,966,None
KCQbRfK\\KyVO,4.76837158203125e-07,4.048846483230591,True,1042,None
KCQbRfKVLsUg,4.76837158203125e-07,3.7653326988220215,True,1060,None
KCQbRfKVLqUo,2.384185791015625e-07,3.398834228515625,True,1008,None
KCQbRek{axRg,2.384185791015625e-07,0.6593120098114014,True,457,None
KCQbReklarZ_,4.76837158203125e-07,1.8882858753204346,True,788,None
KCQbRdkudhRg,2.384185791015625e-07,1.350330114364624,True,682,None
KCQbRdkucxUg,4.76837158203125e-07,11.09266185760498,True,1361,None
KCQbRdkuK{Ug,2.384185791015625e-07,33.70699119567871,True,1773,None
KCQbRe[x`yZC,2.384185791015625e-07,0.8286445140838623,True,486,None
KCQbRe[\\dYZC,2.384185791015625e-07,4.94240140914917,True,1125,None
KCQbRe[xP{ZC,2.384185791015625e-07,0.2645854949951172,True,239,None
KCQbRe[\\VWRS,2.384185791015625e-07,5.012021780014038,True,1170,None
KCQbRe[VVSUc,4.76837158203125e-07,17.146329402923584,True,1368,None
KCQbRe[kuwLc,4.76837158203125e-07,2.3173491954803467,True,785,None
KCQbRe[YuwUc,4.76837158203125e-07,14.16288423538208,True,1271,None
KCQbRe[bvgNC,2.384185791015625e-07,0.6836497783660889,True,445,None
KCQbRe[JvgZC,2.384185791015625e-07,8.46775484085083,True,1240,None
KCQbRe[tLwLW,2.384185791015625e-07,3.3801066875457764,True,888,None
KCQbRe[fNgLW,2.384185791015625e-07,1.9482455253601074,True,699,None
KCQbRd[rThVO,2.384185791015625e-07,1.6224358081817627,True,746,None
KCQbRd[wsxV_,2.384185791015625e-07,10.751832485198975,True,1284,None
KCQbRd[qtwUc,2.384185791015625e-07,3.2449965476989746,True,987,None
KCQbRc{iuhZ_,2.384185791015625e-07,20.254873752593994,True,1495,None
KCQbUTw^DhQw,2.384185791015625e-07,7.143727779388428,True,1212,None
KCQbUTwTthV_,2.384185791015625e-07,2.239753246307373,True,886,None
KCQbUTs]cyUc,2.384185791015625e-07,8.20136046409607,True,1170,None
KCQbUTs{PxRo,4.76837158203125e-07,2.917086601257324,True,959,None
KCQbUTstTsFc,2.384185791015625e-07,1.4789443016052246,True,609,None
KCQbUTskpxZ_,4.76837158203125e-07,75.85768985748291,True,1857,None
KCQbUTserhV_,2.384185791015625e-07,0.8059768676757812,True,523,None
KCQbUTsMuwUc,2.384185791015625e-07,2.5269289016723633,True,768,None
KCQbUTsTtwVC,2.384185791015625e-07,2.908656120300293,True,912,None
KCQbUTs\\KyVO,2.384185791015625e-07,1.6978778839111328,True,688,None
KCQbUT[^DbUo,4.76837158203125e-07,0.23774933815002441,True,204,None
KCQbUT[\\LeV_,2.384185791015625e-07,1.452765941619873,True,632,None
KCQbRVoFuwUc,2.384185791015625e-07,0.07577013969421387,True,50,None
KCQbRVSktwJc,2.384185791015625e-07,0.1240384578704834,True,114,None
KCQbRVSdvoFc,2.384185791015625e-07,3.5540733337402344,True,964,None
KCQbRVSdtwNC,2.384185791015625e-07,0.3803858757019043,True,310,None
KCQbRVSLtwZC,4.76837158203125e-07,0.35172247886657715,True,302,None
KCQbRUskuwJc,2.384185791015625e-07,3.184962034225464,True,1013,None
KCQbRUsduwNC,2.384185791015625e-07,2.2005863189697266,True,775,None
KCQbRUsdqx^?,2.384185791015625e-07,3.121286630630493,True,894,None
KCQbRTsucyUc,4.76837158203125e-07,3.645273447036743,True,1000,None
KCQbRTsksxZ_,2.384185791015625e-07,3.2231240272521973,True,973,None
KCQbRT[tdhVG,2.384185791015625e-07,63.18427610397339,True,1730,None
KCQbRT[tLkVG,2.384185791015625e-07,142.14032435417175,True,2022,None
KCQbQvoxcxFg,2.384185791015625e-07,2.038266897201538,True,784,None
KCQbQvoVT[Uc,2.384185791015625e-07,2.4640698432922363,True,774,None
KCQbQvoppxV_,2.384185791015625e-07,1.4370677471160889,True,655,None
KCQbQvoJuwUc,2.384185791015625e-07,3.907400608062744,True,976,None
KCQbQvgtdhFg,2.384185791015625e-07,2.9230027198791504,True,948,None
KCQbQvgVThUo,4.76837158203125e-07,11.556021928787231,True,1262,None
KCQbQvW^DJUo,2.384185791015625e-07,4.369489431381226,True,1096,None
KCQbQvWZThUo,2.384185791015625e-07,2.692920684814453,True,874,None
KCQbQtwpthV_,2.384185791015625e-07,0.18406248092651367,True,158,None
KCQbQvc]cyUc,2.384185791015625e-07,4.351707696914673,True,985,None
KCQbQvc]S{Uc,2.384185791015625e-07,2.4219048023223877,True,821,None
KCQbQvcVTsUc,2.384185791015625e-07,1.2143073081970215,True,497,None
KCQbQvcVTdV_,2.384185791015625e-07,0.44780564308166504,True,350,None
KCQbQusubYUc,2.384185791015625e-07,0.1638782024383545,True,130,None
KCQbQushuwNC,2.384185791015625e-07,0.613987922668457,True,436,None
KCQbRNWl`yZC,2.384185791015625e-07,4.300944805145264,True,1067,None
KCQbRNW]K{Ug,2.384185791015625e-07,2.3560240268707275,True,829,None
KCQbRMwkqxZ_,2.384185791015625e-07,5.995707035064697,True,1139,None
KCQbRLwucxUg,4.76837158203125e-07,1.7492291927337646,True,720,None
KCQbRNSNUsVC,2.384185791015625e-07,1.3268187046051025,True,561,None
KCQbRNSNNoRW,4.76837158203125e-07,1.5813002586364746,True,699,None
KCQbRM[NVcZC,2.384185791015625e-07,1.13232421875,True,516,None
KCQbRM[kqx^?,2.384185791015625e-07,0.07229900360107422,True,57,None
KCQbRM[evgNC,2.384185791015625e-07,1.3004708290100098,True,564,None
KCQbRM[UvoUc,2.384185791015625e-07,1.784487247467041,True,726,None
KCQbRM[VNcVG,2.384185791015625e-07,8.893754005432129,True,1290,None
KCQbSlwhrpZ_,2.384185791015625e-07,2.8133652210235596,True,902,None
KCQbSlwuNgDw,2.384185791015625e-07,0.09634590148925781,True,87,None
KCQbQng]cxUg,2.384185791015625e-07,1.446471929550171,True,617,None
KCQbQnguHyUo,2.384185791015625e-07,7.875725269317627,True,1306,None
KCQbQng]K{Ug,2.384185791015625e-07,1.7031526565551758,True,720,None
KCQbQnWydhFg,2.384185791015625e-07,0.8586056232452393,True,472,None
KCQbQnWy`xUg,2.384185791015625e-07,0.6994829177856445,True,474,None
KCQbQmwVfQUc,2.384185791015625e-07,0.16193628311157227,True,141,None
KCQbQmw]U[Uc,2.384185791015625e-07,18.918363332748413,True,1461,None
KCQbQmwVVSUc,2.384185791015625e-07,3.1405513286590576,True,936,None
KCQbQmwtLwLW,2.384185791015625e-07,2.140378475189209,True,771,None
KCQbQlwptpV_,2.384185791015625e-07,3.62729549407959,True,1002,None
KCQbQlwhuwVC,2.384185791015625e-07,13.148505687713623,True,1487,None
KCQbQlwdvWVC,4.76837158203125e-07,2.9497761726379395,True,966,None
KCQbQlwbvgVC,2.384185791015625e-07,3.5355429649353027,True,1006,None
KCQbQm[]fQUc,2.384185791015625e-07,0.540886402130127,True,391,None
KCQbQm[ivgNC,2.384185791015625e-07,3.4838011264801025,True,1021,None
KCQbQm[YvoUc,4.76837158203125e-07,2.3662900924682617,True,800,None
KCQbQm[{LwLW,2.384185791015625e-07,11.962830781936646,True,1396,None
KCQbPnglepJg,2.384185791015625e-07,8.159565687179565,True,1366,None
KCQbPnWx`yZC,2.384185791015625e-07,3.2295475006103516,True,907,None
KCQbPnWlbYZC,2.384185791015625e-07,0.5291297435760498,True,402,None
KCQbPnWxTwJS,2.384185791015625e-07,6.257101535797119,True,1138,None
KCQbPlwlewXK,2.384185791015625e-07,0.5295805931091309,True,380,None
KCQbPnSvDpLW,4.76837158203125e-07,1.0510902404785156,True,505,None
KCQbPnSjRpZO,2.384185791015625e-07,15.33768367767334,True,1504,None
KCQbPnSNVSZC,2.384185791015625e-07,1.8768997192382812,True,750,None
KCQbPnSfNoLW,2.384185791015625e-07,3.1494336128234863,True,902,None
KCQbPms^EsXK,2.384185791015625e-07,3.152902603149414,True,1007,None
KCQbPnK\\TsZC,2.384185791015625e-07,3.660269260406494,True,1060,None
KCQbPlktUsVC,4.76837158203125e-07,2.954458713531494,True,989,None
KCQbQ^oMuwUc,2.384185791015625e-07,0.37784814834594727,True,283,None
KCQbQ^W]ThUo,4.76837158203125e-07,4.317582368850708,True,921,None
KCQbQ\\w}DhQw,2.384185791015625e-07,5.922210693359375,True,1138,None
KCQbQ\\wtdbV_,2.384185791015625e-07,2.7829623222351074,True,929,None
KCQbQ^SktwNC,2.384185791015625e-07,1.7456872463226318,True,771,None
KCQbQ\\sudqUc,2.384185791015625e-07,0.558624267578125,True,429,None
KCQbQ\\sfVcVC,4.76837158203125e-07,4.929282188415527,True,1154,None
KCQeJbwjP{JW,2.384185791015625e-07,0.031164884567260742,True,20,None
KCQeJbwYs{Fg,2.384185791015625e-07,4.130413055419922,True,1162,None
KCQeJbkNTsJW,2.384185791015625e-07,1.1246767044067383,True,606,None
KCQeJa{rRsFW,2.384185791015625e-07,0.0640113353729248,True,53,None
KCQeJa{brsNG,4.76837158203125e-07,1.6233408451080322,True,638,None
KCQeJbM]PuV_,2.384185791015625e-07,1.6558804512023926,True,746,None
KCQeJamfRsNG,2.384185791015625e-07,1.1640477180480957,True,549,None
KCQeJbhn?}NO,2.384185791015625e-07,2.1590049266815186,True,885,None
KCQeJbhma{Fg,2.384185791015625e-07,6.909068584442139,True,1314,None
KCQeJbhm`{Jg,2.384185791015625e-07,1.3749163150787354,True,736,None
KCQeJbhVdwFW,2.384185791015625e-07,12.37934947013855,True,1445,None
KCQeJbXm`yLo,2.384185791015625e-07,22.913344383239746,True,1720,None
KCQeJbXmP{Lo,2.384185791015625e-07,1.9388930797576904,True,818,None
KCQeJbXjRsFo,2.384185791015625e-07,1.4993507862091064,True,697,None
KCQeJax}?}Lo,2.384185791015625e-07,4.26045298576355,True,1100,None
KCQeJaxz@{JW,2.384185791015625e-07,8.455305337905884,True,1259,None
KCQeJaxnAuLo,2.384185791015625e-07,0.707855224609375,True,454,None
KCQeJaxmayLo,2.384185791015625e-07,1.6776378154754639,True,804,None
KCQeJaxfbwLW,2.384185791015625e-07,1.843503713607788,True,729,None
KCQeJaxjRsJo,2.384185791015625e-07,12.171160697937012,True,1363,None
KCQeJaxNUsLo,4.76837158203125e-07,0.048766136169433594,True,37,None
KCQeJaxNU[NO,2.384185791015625e-07,6.455975294113159,True,1265,None
KCQeJ`xmS{Lo,4.76837158203125e-07,3.0732336044311523,True,961,None
KCQeJbL]TsFo,4.76837158203125e-07,0.44736289978027344,True,344,None
KCQeJalmbsJg,2.384185791015625e-07,3.3414206504821777,True,1059,None
KCQeJalVdsNG,4.76837158203125e-07,0.2254021167755127,True,201,None
KCQeJalMrwZO,4.76837158203125e-07,4.213190078735352,True,1072,None
KCQeJalMrsZ_,2.384185791015625e-07,3.6324682235717773,True,970,None
KCQeJalMq{^?,2.384185791015625e-07,5.353361129760742,True,1271,None
KCQeJalFrs^?,2.384185791015625e-07,10.608997583389282,True,1377,None
KCQeJbJm`yN_,4.76837158203125e-07,2.338015079498291,True,917,None
KCQeJajmayN_,2.384185791015625e-07,2.381439685821533,True,920,None
KCQeJajVdwNG,2.384185791015625e-07,0.9844298362731934,True,529,None
KCQeJ`jNcy^?,2.384185791015625e-07,0.444657564163208,True,349,None
KCQeJaZnBsLg,4.76837158203125e-07,1.5248565673828125,True,643,None
KCQeJaZmbYN_,4.76837158203125e-07,0.394176721572876,True,350,None
KCQeJaZjRsN_,2.384185791015625e-07,1.611821174621582,True,725,None
KCQeJ_zmUwLo,2.384185791015625e-07,0.4269285202026367,True,357,None
KCQeJ_zbvoN_,2.384185791015625e-07,0.07563638687133789,True,70,None
KCQeJaNmbwNG,2.384185791015625e-07,3.4172587394714355,True,1065,None
KCQeJaNmRsN_,2.384185791015625e-07,2.1635401248931885,True,842,None
KCQeJRserqFo,2.384185791015625e-07,7.126363515853882,True,1273,None
KCQeJR[]TeFo,4.76837158203125e-07,0.25603151321411133,True,230,None
KCQeJQ{NbeZG,2.384185791015625e-07,9.30780291557312,True,1343,None
KCQeJP{]SmVO,2.384185791015625e-07,0.7336475849151611,True,459,None
KCQeJP{tTsFW,2.384185791015625e-07,20.70240354537964,True,1819,None
KCQeJP{fTsMW,2.384185791015625e-07,0.23427033424377441,True,206,None
KCQeJP{VTsUW,2.384185791015625e-07,5.714442253112793,True,1244,None
KCQeJP{UtqUo,2.384185791015625e-07,6.335999250411987,True,1265,None
KCQeJRqerwFg,4.76837158203125e-07,5.857244968414307,True,1157,None
KCQeJRY]PyUo,2.384185791015625e-07,3.2510032653808594,True,943,None
KCQeJQysrwFg,4.76837158203125e-07,2.3633062839508057,True,901,None
KCQeJQyeriN_,2.384185791015625e-07,1.7862548828125,True,758,None
KCQeJPy{cyFg,4.76837158203125e-07,9.461101055145264,True,1392,None
KCQeJPy\\S{VG,2.384185791015625e-07,0.4350864887237549,True,332,None
KCQeJQ]krqN_,4.76837158203125e-07,2.1607933044433594,True,688,None
KCQeJP]|DqFW,7.152557373046875e-07,4.309891223907471,True,1108,None
KCQeJP]]TqUo,2.384185791015625e-07,1.5681655406951904,True,695,None
KCQeJP]]TeV_,2.384185791015625e-07,1.6344444751739502,True,694,None
KCQeJP]\\TsVG,4.76837158203125e-07,6.364622354507446,True,1215,None
KCQeJO}{cyNG,2.384185791015625e-07,1.737318754196167,True,737,None
KCQeJRpNS{NO,2.384185791015625e-07,1.6009533405303955,True,693,None
KCQeJRXm`yMo,2.384185791015625e-07,0.5394072532653809,True,400,None
KCQeJRX]`yUo,2.384185791015625e-07,1.415320634841919,True,655,None
KCQeJQxmayMo,2.384185791015625e-07,2.704777479171753,True,884,None
KCQeJPxlQ{VO,2.384185791015625e-07,2.340838670730591,True,885,None
KCQeJPxerwUo,2.384185791015625e-07,7.119927883148193,True,1279,None
KCQeJPxMuwUo,2.384185791015625e-07,5.082114219665527,True,1140,None
KCQeJRT]TsFo,2.384185791015625e-07,2.2873551845550537,True,837,None
KCQeJQtNbqZO,4.76837158203125e-07,3.6479368209838867,True,1006,None
KCQeJPtNdqZO,4.76837158203125e-07,11.470915794372559,True,1453,None
KCQeJPtMtwZO,2.384185791015625e-07,4.483941316604614,True,1067,None
KCQeJQ\\}BeFo,2.384185791015625e-07,0.5439908504486084,True,430,None
KCQeJQ\\mbqMo,2.384185791015625e-07,2.0784144401550293,True,852,None
KCQeJP\\}@{UW,2.384185791015625e-07,0.4010946750640869,True,345,None
KCQeJP\\]dqUo,2.384185791015625e-07,44.16553211212158,True,1826,None
KCQeJP\\mVcFo,2.384185791015625e-07,2.095181941986084,True,802,None
KCQeJO|nBeZO,2.384185791015625e-07,1.9792394638061523,True,800,None
KCQeJO|tdqNO,4.76837158203125e-07,1.4523439407348633,True,621,None
KCQeJO|NfaZO,2.384185791015625e-07,4.682658910751343,True,1164,None
KCQeJRRNTwNO,2.384185791015625e-07,2.899014472961426,True,924,None
KCQeJQZnBqMo,2.384185791015625e-07,6.1713268756866455,True,1285,None
KCQeJOzVdw]G,2.384185791015625e-07,0.8341162204742432,True,521,None
KCQeJOzlRwZO,2.384185791015625e-07,3.452514410018921,True,1117,None
KCQeJQVNbq^?,2.384185791015625e-07,0.24674201011657715,True,207,None
KCQeHrwnBMJW,2.384185791015625e-07,4.528472900390625,True,1154,None
KCQeHrwnAmLW,2.384185791015625e-07,1.0787749290466309,True,532,None
KCQeHrwqrwEw,2.384185791015625e-07,6.952236890792847,True,1262,None
KCQeHrwprqFo,4.76837158203125e-07,7.37522554397583,True,1249,None
KCQeHrsrRsFW,4.76837158203125e-07,0.8208541870117188,True,481,None
KCQeHq{rRsMW,2.384185791015625e-07,10.120710372924805,True,1418,None
KCQeHri]ayUg,2.384185791015625e-07,0.8286571502685547,True,452,None
KCQeHrYZbqUg,2.384185791015625e-07,1.6929888725280762,True,785,None
KCQeHqy|AyLW,2.384185791015625e-07,0.5016810894012451,True,399,None
KCQeHqyzAmNG,2.384185791015625e-07,1.9718096256256104,True,812,None
KCQeHqyvBiLW,2.384185791015625e-07,3.958547830581665,True,1152,None
KCQeHqyyRwIw,2.384185791015625e-07,3.2123804092407227,True,1030,None
KCQeHrenBqJW,2.384185791015625e-07,6.623383283615112,True,1267,None
KCQeHreMqy^?,2.384185791015625e-07,1.520322561264038,True,692,None
KCQeHreFrq^?,2.384185791015625e-07,0.08924269676208496,True,76,None
KCQeHrMMrq]_,2.384185791015625e-07,7.404596567153931,True,1217,None
KCQeHrp}?}Lo,2.384185791015625e-07,4.374505281448364,True,1150,None
KCQeHrpMuwLo,2.384185791015625e-07,1.761002540588379,True,807,None
KCQeHrpMu[N_,2.384185791015625e-07,2.7262282371520996,True,958,None
KCQeHrh}@{Iw,4.76837158203125e-07,0.39070725440979004,True,350,None
KCQeHrhv@mNO,2.384185791015625e-07,1.0308456420898438,True,491,None
KCQeHrhnBsIw,2.384185791015625e-07,9.311498403549194,True,1378,None
KCQeHrhnAuMo,2.384185791015625e-07,0.9280567169189453,True,454,None
KCQeHrXnBeLo,2.384185791015625e-07,9.887206554412842,True,1383,None
KCQeHrXnBUMo,2.384185791015625e-07,0.06450939178466797,True,45,None
KCQeHrXmbiLo,2.384185791015625e-07,0.36182618141174316,True,308,None
KCQeHrXNVcLo,2.384185791015625e-07,11.111951351165771,True,1370,None
KCQeHrXMvKN_,2.384185791015625e-07,2.049402952194214,True,851,None
KCQeHqx|BUJo,2.384185791015625e-07,4.1767730712890625,True,1053,None
KCQeHqxvBUMo,2.384185791015625e-07,1.4452965259552002,True,708,None
KCQeHqx{ayLo,2.384185791015625e-07,0.3721046447753906,True,348,None
KCQeHqxtbUN_,2.384185791015625e-07,4.0114076137542725,True,1092,None
KCQeHpxjRkZO,2.384185791015625e-07,3.2684576511383057,True,1005,None
KCQeHpxhrwZO,2.384185791015625e-07,2.887840747833252,True,994,None
KCQeHrdNfoJW,2.384185791015625e-07,4.84497594833374,True,1213,None
KCQeHrdNbqZO,4.76837158203125e-07,5.381937503814697,True,1123,None
KCQeHrdMrsZ_,2.384185791015625e-07,9.284476518630981,True,1264,None
KCQeHrdMq{^?,4.76837158203125e-07,1.7009494304656982,True,752,None
KCQeHrLMvoMo,2.384185791015625e-07,1.7425799369812012,True,828,None
KCQeHql}BsIw,2.384185791015625e-07,0.16178131103515625,True,123,None
KCQeHqlvBeNO,2.384185791015625e-07,2.8594255447387695,True,929,None
KCQeHql^BeZO,4.76837158203125e-07,10.656337976455688,True,1349,None
KCQeHrbvBwFW,2.384185791015625e-07,8.709886312484741,True,1295,None
KCQeHrbv@yNO,2.384185791015625e-07,7.826202392578125,True,1274,None
KCQeHrRz@yNO,2.384185791015625e-07,0.7496066093444824,True,500,None
KCQeHrRy`yN_,2.384185791015625e-07,8.997036218643188,True,1298,None
KCQeHrRjbqN_,2.384185791015625e-07,3.344313144683838,True,968,None
KCQeHrRyP{N_,2.384185791015625e-07,1.794114112854004,True,747,None
KCQeHrRmRwLo,2.384185791015625e-07,0.45262670516967773,True,364,None
KCQeHrRNVoLo,2.384185791015625e-07,0.17180228233337402,True,158,None
KCQeHqr}AyLo,2.384185791015625e-07,2.0291123390197754,True,820,None
KCQeHqrrbqN_,2.384185791015625e-07,0.6555063724517822,True,423,None
KCQeHqryQ{N_,2.384185791015625e-07,2.1196799278259277,True,860,None
KCQeHprmVWJo,2.384185791015625e-07,1.1672463417053223,True,546,None
KCQeHprmUwLo,2.384185791015625e-07,1.6178483963012695,True,735,None
KCQeHprmU[N_,2.384185791015625e-07,2.379096746444702,True,861,None
KCQeHprbvoN_,4.76837158203125e-07,2.087455987930298,True,825,None
KCQeHrJ{`yN_,2.384185791015625e-07,3.790372848510742,True,1055,None
KCQeHrJ]bwUg,2.384185791015625e-07,4.971116781234741,True,1142,None
KCQeHrJ]RwUo,2.384185791015625e-07,60.90814471244812,True,1947,None
KCQeHqj\\ay^?,2.384185791015625e-07,2.4969322681427,True,927,None
KCQeHpj]ewUg,4.76837158203125e-07,0.038262367248535156,True,26,None
KCQeHpj\\cy^?,2.384185791015625e-07,2.9664740562438965,True,1015,None
KCQeHpjVfoUg,2.384185791015625e-07,23.52329730987549,True,1623,None
KCQeHpjVdw]G,4.76837158203125e-07,5.131948232650757,True,1149,None
KCQeHpjNei^?,7.152557373046875e-07,2.163640022277832,True,910,None
KCQeHpjuRwUo,2.384185791015625e-07,4.203351974487305,True,1013,None
KCQeHpj]UwUo,2.384185791015625e-07,14.930217504501343,True,1477,None
KCQeHpjVVoUo,2.384185791015625e-07,0.46483874320983887,True,339,None
KCQeHpjNVgZO,2.384185791015625e-07,4.026976585388184,True,1104,None
KCQeHpjNUw]O,2.384185791015625e-07,3.9658219814300537,True,1106,None
KCQeHpjdvoN_,4.76837158203125e-07,1.885486125946045,True,786,None
KCQeHqZ}BiLo,2.384185791015625e-07,0.41549038887023926,True,343,None
KCQeHqZyRkN_,2.384185791015625e-07,30.422308921813965,True,1787,None
KCQeHoz{bYZ_,2.384185791015625e-07,1.75612211227417,True,774,None
KCQeHqN|BsNG,2.384185791015625e-07,5.806320667266846,True,1243,None
KCQeN`wmO|Lo,2.384185791015625e-07,0.6319801807403564,True,452,None
KCQeN`wbrpFo,2.384185791015625e-07,1.3000876903533936,True,586,None
KCQeN_{mQtLo,2.384185791015625e-07,3.8893232345581055,True,1087,None
KCQeN_{qrwFS,2.384185791015625e-07,1.0954358577728271,True,544,None
KCQeN_ymaxLg,4.76837158203125e-07,2.4639947414398193,True,922,None
KCQeN_yfbqLc,4.76837158203125e-07,0.4036414623260498,True,320,None
KCQeN_yfbRN_,2.384185791015625e-07,7.211157321929932,True,1266,None
KCQeN_yuPxLo,4.76837158203125e-07,0.4867589473724365,True,391,None
KCQeN_yuP\\N_,2.384185791015625e-07,90.14333009719849,True,2235,None
KCQeN_ymQxLo,2.384185791015625e-07,0.6169230937957764,True,437,None
KCQeN_yfRpLo,2.384185791015625e-07,1.9687836170196533,True,765,None
KCQeN_yfRTN_,2.384185791015625e-07,1.8996150493621826,True,818,None
KCQeNPwmRkBs,4.76837158203125e-07,1.6692252159118652,True,721,None
KCQeNPwVPtUo,4.76837158203125e-07,1.930774211883545,True,805,None
KCQeNPwkpxJo,2.384185791015625e-07,0.0651090145111084,True,60,None
KCQeNPw[pxRo,4.76837158203125e-07,2.41597580909729,True,927,None
KCQeNPwerkFc,4.76837158203125e-07,1.5355827808380127,True,692,None
KCQeNPw]G}Uo,2.384185791015625e-07,4.109122276306152,True,1029,None
KCQeMpwmRLFo,2.384185791015625e-07,2.5174601078033447,True,933,None
KCQeMpwmPlLo,2.384185791015625e-07,1.6376621723175049,True,759,None
KCQeMpw]P\\Uo,2.384185791015625e-07,1.5981550216674805,True,678,None
KCQeMpwjRdFo,2.384185791015625e-07,5.308210849761963,True,1188,None
KCQeMpwXp{VC,4.76837158203125e-07,0.18573546409606934,True,176,None
KCQeMpwXptV_,2.384185791015625e-07,1.6887612342834473,True,738,None
KCQeMpw[l[Fg,4.76837158203125e-07,0.06704998016357422,True,53,None
KCQeMo{mRTMo,2.384185791015625e-07,3.1382553577423096,True,987,None
KCQeMoymbhLg,2.384185791015625e-07,2.1822991371154785,True,899,None
KCQeMoymRhLo,2.384185791015625e-07,1.7011780738830566,True,772,None
KCQeMoymRLN_,2.384185791015625e-07,1.5266294479370117,True,719,None
KCQeMoyxP{NC,4.76837158203125e-07,3.7588555812835693,True,1020,None
KCQeMoylRTN_,4.76837158203125e-07,3.0182061195373535,True,996,None
KCQeLpwmRLJo,2.384185791015625e-07,0.16546988487243652,True,145,None
KCQeLpwwq{Fc,2.384185791015625e-07,1.4331583976745605,True,697,None
KCQeLpwkqxLo,4.76837158203125e-07,4.954270601272583,True,1168,None
KCQeLpwerXMo,7.152557373046875e-07,2.264690399169922,True,812,None
KCQeLpwbrpMo,2.384185791015625e-07,1.4658079147338867,True,630,None
KCQeLo{qrkNC,2.384185791015625e-07,0.37157630920410156,True,323,None
KCQeLpqybwBk,2.384185791015625e-07,1.6729693412780762,True,787,None
KCQeLpqfRTN_,2.384185791015625e-07,1.4621503353118896,True,631,None
KCQeLpi[hyZ_,2.384185791015625e-07,2.48917818069458,True,900,None
KCQeLpY[lYN_,2.384185791015625e-07,28.780191659927368,True,1549,None
KCQeJpw]TLRo,4.76837158203125e-07,4.280807256698608,True,1077,None
KCQeJpw]S\\Uo,2.384185791015625e-07,4.123031377792358,True,1023,None
KCQeND[]dqFc,4.76837158203125e-07,1.2250111103057861,True,555,None
KCQeND[]`yVC,2.384185791015625e-07,1.6942684650421143,True,764,None
KCQeMTs]TwFS,4.76837158203125e-07,1.8534092903137207,True,770,None
KCQeMTs]TsFc,4.76837158203125e-07,9.290500164031982,True,1351,None
KCQeLTsVJsVG,2.384185791015625e-07,8.923567295074463,True,1401,None
KCQeMLwmbpFg,2.384185791015625e-07,1.4360666275024414,True,666,None
KCQeMLw]`rV_,2.384185791015625e-07,2.142845392227173,True,884,None
KCQRFa{fb[LW,2.384185791015625e-07,2.2929880619049072,True,792,None
KCQRFbiVd[Fg,2.384185791015625e-07,0.4985239505767822,True,405,None
KCQRFamjauN_,2.384185791015625e-07,0.2964801788330078,True,279,None
KCQRF`my`{Rg,2.384185791015625e-07,3.671910524368286,True,987,None
KCQRF`mZdsRg,2.384185791015625e-07,2.9585349559783936,True,921,None
KCQRFa]jbsLg,4.76837158203125e-07,1.5511064529418945,True,682,None
KCQRFaZnB[Lo,2.384185791015625e-07,1.7353904247283936,True,700,None
KCQRFRqja{Fg,2.384185791015625e-07,1.7052223682403564,True,732,None
KCQRFRqZ`{Rg,2.384185791015625e-07,2.247859477996826,True,877,None
KCQRFRi^?}Uo,4.76837158203125e-07,0.37383365631103516,True,261,None
KCQRFRi\\`{Rg,4.76837158203125e-07,0.16405630111694336,True,133,None
KCQRFRYjbkFg,2.384185791015625e-07,0.620812177658081,True,436,None
KCQRFRYj`{Mg,2.384185791015625e-07,1.2800428867340088,True,630,None
KCQRFPy^C]Uo,2.384185791015625e-07,3.499852418899536,True,1013,None
KCQRFPyZdiRo,2.384185791015625e-07,10.408959865570068,True,1262,None
KCQRFRUn@uLo,2.384185791015625e-07,0.6181337833404541,True,429,None
KCQRFRpV`{To,4.76837158203125e-07,0.34198451042175293,True,300,None
KCQRFRhf`{Mo,7.152557373046875e-07,3.1880390644073486,True,982,None
KCQRFRXjbkFo,7.152557373046875e-07,0.1296539306640625,True,105,None
KCQRFQxx`{Jo,2.384185791015625e-07,2.4301130771636963,True,948,None
KCQRFQxt`{Lo,4.76837158203125e-07,0.062439680099487305,True,52,None
KCQRFQxfbkLo,2.384185791015625e-07,7.355789661407471,True,1264,None
KCQRFPxr`{Uo,2.384185791015625e-07,2.316378593444824,True,725,None
KCQRFPxZc{Uo,2.384185791015625e-07,0.8475673198699951,True,495,None
KCQRFRTm`{Lo,2.384185791015625e-07,0.5606179237365723,True,414,None
KCQRFQtya{Fo,2.384185791015625e-07,0.12492179870605469,True,108,None
KCQRFQtub[Fo,2.384185791015625e-07,3.826957941055298,True,1093,None
KCQRFPtyc{Fo,2.384185791015625e-07,1.7032108306884766,True,734,None
KCQRFP\\y`{Uo,2.384185791015625e-07,0.22835659980773926,True,202,None
KCQRFP\\]d[Uo,4.76837158203125e-07,1.6856215000152588,True,773,None
KCQRFP\\\\dsTo,7.152557373046875e-07,1.823216199874878,True,772,None
KCQRFO|{`{Xo,2.384185791015625e-07,1.9288396835327148,True,771,None
KCQRFO|tdsLo,4.76837158203125e-07,0.7040469646453857,True,450,None
KCQRFRRz@{Fo,2.384185791015625e-07,0.17130684852600098,True,167,None
KCQRFRR^@{To,2.384185791015625e-07,3.8176615238189697,True,1121,None
KCQRFQrz@{Jo,2.384185791015625e-07,0.31574320793151855,True,294,None
KCQRFQrZ`{Z_,2.384185791015625e-07,7.760137319564819,True,1295,None
KCQRFRJn@{Mo,2.384185791015625e-07,0.01668381690979004,True,12,None
KCQRFRJ^@{Uo,2.384185791015625e-07,1.9040260314941406,True,704,None
KCQRFQjnBkJo,2.384185791015625e-07,0.5536510944366455,True,402,None
KCQRFQj^A{Uo,2.384185791015625e-07,0.9292135238647461,True,485,None
KCQRFQjtbwFo,2.384185791015625e-07,0.4838111400604248,True,406,None
KCQRFQZZbkV_,2.384185791015625e-07,1.7176992893218994,True,728,None
KCQRFPZ^D[Uo,4.76837158203125e-07,2.9816441535949707,True,948,None
KCQRFOzzA{Uo,2.384185791015625e-07,2.9622058868408203,True,959,None
KCQRFOz^EkTo,2.384185791015625e-07,14.799832105636597,True,1522,None
KCQRFOz^E[Uo,2.384185791015625e-07,2.670520782470703,True,936,None
KCQRFOzZewUo,4.76837158203125e-07,1.759613037109375,True,717,None
KCQRFOvy`{Z_,4.76837158203125e-07,10.517360210418701,True,1344,None
KCQRFOv]d[Z_,2.384185791015625e-07,2.4221458435058594,True,887,None
KCQRErk]`{Sw,4.76837158203125e-07,16.07717752456665,True,1539,None
KCQREqy|B[Dw,2.384185791015625e-07,0.9564166069030762,True,541,None
KCQREren@]NO,7.152557373046875e-07,2.281588554382324,True,875,None
KCQREqmnBsKw,2.384185791015625e-07,0.26032185554504395,True,216,None
KCQREpmy`yUo,2.384185791015625e-07,0.6118593215942383,True,441,None
KCQREpmZdqUo,2.384185791015625e-07,0.3382835388183594,True,294,None
KCQREqrzB[Fo,2.384185791015625e-07,1.799924612045288,True,770,None
KCQREqfnBsLo,2.384185791015625e-07,2.3713581562042236,True,898,None
KCQRDrsmb[Hw,2.384185791015625e-07,6.316428184509277,True,1311,None
KCQRDrsr`]NO,2.384185791015625e-07,2.1908416748046875,True,866,None
KCQRDrkubMFo,2.384185791015625e-07,3.248540163040161,True,967,None
KCQRDq{tb[LW,2.384185791015625e-07,3.3614540100097656,True,957,None
KCQRDrema]N_,2.384185791015625e-07,0.33849668502807617,True,281,None
KCQRDrU}@]Lo,2.384185791015625e-07,0.03590583801269531,True,30,None
KCQRDrUz@{LW,2.384185791015625e-07,0.7233655452728271,True,521,None
KCQRDpmxbsRg,2.384185791015625e-07,2.005568265914917,True,792,None
KCQRDpmZfcRg,2.384185791015625e-07,1.2028350830078125,True,531,None
KCQRDrTjb[NO,2.384185791015625e-07,5.650891065597534,True,1166,None
KCQRDrbNa{\\_,2.384185791015625e-07,1.210963249206543,True,632,None
KCQRFE{nBsHw,2.384185791015625e-07,2.3769123554229736,True,830,None
KCQRFE]NfoLg,2.384185791015625e-07,2.0303239822387695,True,772,None
KCQRFE]Nbw\\G,4.76837158203125e-07,6.676769495010376,True,1190,None
KCQRFE\\}B[Fo,4.76837158203125e-07,2.716796636581421,True,926,None
KCQRFE\\mb[N_,2.384185791015625e-07,1.6732697486877441,True,642,None
KCQRFEZZbwV_,2.384185791015625e-07,2.2778470516204834,True,855,None
KCQRFEZNbw\\_,2.384185791015625e-07,1.9232792854309082,True,776,None
KCQRFDZ^DwTo,2.384185791015625e-07,3.0132267475128174,True,953,None
KCQREfwz@{Dw,2.384185791015625e-07,2.866175889968872,True,974,None
KCQREe{z@{LW,4.76837158203125e-07,2.4446616172790527,True,879,None
KCQREfiz@{Fg,2.384185791015625e-07,1.439711093902588,True,668,None
KCQRBVwz?}Uo,2.384185791015625e-07,8.276350498199463,True,1339,None
KCQRBVwr`yUo,4.76837158203125e-07,2.332366943359375,True,840,None
KCQRBVi^CyUo,2.384185791015625e-07,1.8844990730285645,True,744,None
KCQRBVXz@{Uo,2.384185791015625e-07,0.5361318588256836,True,371,None
KCQRBUtme[N_,2.384185791015625e-07,2.944175958633423,True,971,None
KCQQVbk]d[Ew,2.384185791015625e-07,0.5771887302398682,True,402,None
KCQQVbk\\dsDw,2.384185791015625e-07,3.337282657623291,True,1000,None
KCQQVbk\\d[FW,2.384185791015625e-07,7.403180837631226,True,1425,None
KCQQVa{lb[LW,2.384185791015625e-07,6.064550161361694,True,1103,None
KCQQVaxlb[Lo,2.384185791015625e-07,4.036704063415527,True,1071,None
KCQQVallbsLo,2.384185791015625e-07,1.6941027641296387,True,714,None
KCQQVajjbwMo,4.76837158203125e-07,2.9967586994171143,True,956,None
KCQUbRwlP]Lo,2.384185791015625e-07,1.7751269340515137,True,699,None
KCQUbRsjPuLo,2.384185791015625e-07,1.0875663757324219,True,501,None
KCQUbRk{P{Dw,4.76837158203125e-07,5.782508611679077,True,1229,None
KCQUbQ{|@]LW,2.384185791015625e-07,4.690582752227783,True,1000,None
KCQUbQ{nBMLW,2.384185791015625e-07,22.004308462142944,True,1387,None
KCQUbQ{{P]Lo,2.384185791015625e-07,11.826035976409912,True,1448,None
KCQUbQ{mRMLo,2.384185791015625e-07,0.3547694683074951,True,300,None
KCQUbQ{krYLo,2.384185791015625e-07,0.6170618534088135,True,451,None
KCQUbRejPyNO,2.384185791015625e-07,2.02841854095459,True,699,None
KCQUbPmwpyV_,2.384185791015625e-07,1.6306018829345703,True,707,None
KCQUbRpZT[Fo,2.384185791015625e-07,1.9111380577087402,True,733,None
KCQUbRh\\P{To,2.384185791015625e-07,2.165679454803467,True,829,None
KCQUbRhZP{Uo,2.384185791015625e-07,16.054494619369507,True,1324,None
KCQUbRhNRkTo,2.384185791015625e-07,12.487002849578857,True,1475,None
KCQUbRhNR[Uo,2.384185791015625e-07,0.5735831260681152,True,423,None
KCQUbRhLtwLo,2.384185791015625e-07,23.859710216522217,True,1508,None
KCQUbRhLt[N_,4.76837158203125e-07,2.0112645626068115,True,748,None
KCQUbQx|B[Dw,4.76837158203125e-07,0.02885913848876953,True,19,None
KCQUbQxjRkLo,2.384185791015625e-07,3.5137224197387695,True,941,None
KCQUbQxXt[N_,4.76837158203125e-07,0.08554482460021973,True,63,None
KCQUbRdjbwFW,2.384185791015625e-07,1.5453910827636719,True,694,None
KCQUbQtmbYLo,4.76837158203125e-07,4.229460000991821,True,1139,None
KCQUbQtjbwLW,2.384185791015625e-07,6.052385330200195,True,1111,None
KCQUbQljbwMW,2.384185791015625e-07,2.746849298477173,True,970,None
KCQUbQlMvKN_,2.384185791015625e-07,7.812747240066528,True,1198,None
KCQUbPlmVKFo,2.384185791015625e-07,1.2993102073669434,True,587,None
KCQUbPlmR[Uo,2.384185791015625e-07,0.669013261795044,True,440,None
KCQUbPljRsUo,2.384185791015625e-07,1.5635817050933838,True,678,None
KCQUbRbjbwFg,2.384185791015625e-07,3.4464571475982666,True,1041,None
KCQUbQrjbYN_,2.384185791015625e-07,3.896422863006592,True,1071,None
KCQUbQjxbwFg,2.384185791015625e-07,0.20240235328674316,True,157,None
KCQUbQjjbiN_,4.76837158203125e-07,1.4937493801116943,True,662,None
KCQUbQjZbiV_,2.384185791015625e-07,1.3484306335449219,True,626,None
KCQUbQfybwFg,2.384185791015625e-07,1.28924560546875,True,622,None
KCQUbQfjbqN_,4.76837158203125e-07,8.919723749160767,True,1365,None
KCQUbOnmVKN_,2.384185791015625e-07,4.249105215072632,True,1123,None
KCQUbJwy`]Fg,2.384185791015625e-07,0.4221680164337158,True,343,None
KCQUbJk}@uDw,2.384185791015625e-07,0.5897667407989502,True,438,None
KCQUbJkyPuFo,2.384185791015625e-07,0.4120616912841797,True,331,None
KCQUbImjbqNG,2.384185791015625e-07,1.3670411109924316,True,641,None
KCQUbJhy`yFo,2.384185791015625e-07,2.2580020427703857,True,841,None
KCQUbJhjbsFg,2.384185791015625e-07,1.7137315273284912,True,737,None
KCQUbJhZdsFg,4.76837158203125e-07,4.004730701446533,True,1046,None
KCQUbJhZ`uV_,2.384185791015625e-07,2.105482816696167,True,819,None
KCQUbHlitwNO,4.76837158203125e-07,3.3388311862945557,True,984,None
KCQU`Y{zBUMW,2.384185791015625e-07,2.3966329097747803,True,851,None
KCQU`Ym}BiLW,4.76837158203125e-07,1.2167892456054688,True,563,None
KCQU`XmybqUg,2.384185791015625e-07,7.125695705413818,True,1246,None
KCQU`XmwvoFg,2.384185791015625e-07,1.1534411907196045,True,576,None
KCQU`Zh[t[N_,2.384185791015625e-07,3.9433021545410156,True,1210,None
KCQU`ZhMvWMo,2.384185791015625e-07,1.4379594326019287,True,662,None
KCQU`ZhXtwNO,2.384185791015625e-07,0.048024892807006836,True,44,None
KCQU`Yx}BMLo,2.384185791015625e-07,1.7272722721099854,True,744,None
KCQU`YlXvoNO,2.384185791015625e-07,1.5942158699035645,True,688,None
KCQU`XlzDeNO,2.384185791015625e-07,0.6806778907775879,True,471,None
KCQU`XlyRsUo,2.384185791015625e-07,4.80826210975647,True,1018,None
KCQU`XlYvoUo,2.384185791015625e-07,0.17841482162475586,True,150,None
KCQU`ZbmbYN_,2.384185791015625e-07,2.776885986328125,True,989,None
KCQU`Yj\\Rs\\_,2.384185791015625e-07,3.504135847091675,True,1057,None
KCQU`XjyRwUo,7.152557373046875e-07,1.541649341583252,True,678,None
KCQU`Wn{VSN_,2.384185791015625e-07,0.15087103843688965,True,117,None
KCQU`WnxVoNO,2.384185791015625e-07,0.3403587341308594,True,285,None
KCQUfO{[nWDw,4.76837158203125e-07,1.6986846923828125,True,746,None
KCQUfO{LnWLW,7.152557373046875e-07,2.206279993057251,True,827,None
KCQUfOm{`yLc,2.384185791015625e-07,0.20643830299377441,True,166,None
KCQUfOmybhFg,4.76837158203125e-07,17.076539039611816,True,1656,None
KCQUfOmxRsFc,4.76837158203125e-07,2.0345189571380615,True,819,None
KCQUfOmlR[NC,2.384185791015625e-07,1.6360549926757812,True,759,None
KCQUfOm[jwTg,2.384185791015625e-07,4.03699517250061,True,1063,None
KCQUfOmYjiV_,4.76837158203125e-07,2.0460197925567627,True,819,None
KCQUfOmJngNG,2.384185791015625e-07,0.03982281684875488,True,28,None
KCQUdpkmbXKw,4.76837158203125e-07,3.3054122924804688,True,925,None
KCQUdpkkrXLo,2.384185791015625e-07,2.1992430686950684,True,778,None
KCQUdpixbwDk,4.76837158203125e-07,7.635859727859497,True,1293,None
KCQUdpemR[Lc,2.384185791015625e-07,13.606207132339478,True,1294,None
KCQUdom{bYLc,2.384185791015625e-07,6.208211898803711,True,1090,None
KCQUdXkjbpMW,4.76837158203125e-07,1.8013546466827393,True,738,None
KCQUdXkZNcFW,2.384185791015625e-07,5.40236234664917,True,1155,None
KCQUdXkZLsMW,2.384185791015625e-07,2.2418713569641113,True,800,None
KCQUbUk]R[Uc,2.384185791015625e-07,5.076775789260864,True,1033,None
KCQUbUkYrwUc,2.384185791015625e-07,1.3271663188934326,True,547,None
KCQUbUkmJwKw,2.384185791015625e-07,1.6689085960388184,True,730,None
KCQUbUkmJYMo,4.76837158203125e-07,2.287594795227051,True,792,None
KCQUbTkyPxUo,2.384185791015625e-07,1.471205711364746,True,593,None
KCQUbTkxTwFS,2.384185791015625e-07,1.890535593032837,True,783,None
KCQUbTkZTpUo,2.384185791015625e-07,2.914780855178833,True,900,None
KCQUbTkZTdV_,2.384185791015625e-07,0.031157255172729492,True,22,None
KCQUbTkyHyUo,2.384185791015625e-07,4.416200637817383,True,1021,None
KCQTbRwtR[Dw,4.76837158203125e-07,9.944045782089233,True,1432,None
KCQTbRsv@]LW,2.384185791015625e-07,2.1700937747955322,True,812,None
KCQTbRsnA]LW,2.384185791015625e-07,2.5961289405822754,True,797,None
KCQTbRsuP]Lo,2.384185791015625e-07,0.3319249153137207,True,299,None
KCQTbRenAyLW,2.384185791015625e-07,2.588178873062134,True,849,None
KCQTbReyO}N_,4.76837158203125e-07,1.413844108581543,True,710,None
KCQTbRUnBYLW,2.384185791015625e-07,7.407495975494385,True,1131,None
KCQTbRUyR[Fg,2.384185791015625e-07,2.1619980335235596,True,761,None
KCQTbRpnA]Lo,2.384185791015625e-07,50.598509311676025,True,1817,None
KCQTbRhdr[N_,4.76837158203125e-07,1.6025681495666504,True,675,None
KCQTbRdrbwFW,2.384185791015625e-07,1.687575340270996,True,689,None
KCQTbRdNUsLo,2.384185791015625e-07,48.059409856796265,True,1830,None
KCQTbRTjbwLW,2.384185791015625e-07,1.3908414840698242,True,594,None
KCQTbQtrbwLW,2.384185791015625e-07,1.9361634254455566,True,818,None
KCQTbPlsvWFo,2.384185791015625e-07,0.6520102024078369,True,429,None
KCQTbPlkr[Z_,2.384185791015625e-07,2.599921703338623,True,865,None
KCQTbRbZ`yZ_,2.384185791015625e-07,1.1414048671722412,True,513,None
KCQTbQrrbYN_,2.384185791015625e-07,1.8848621845245361,True,782,None
KCQTbRFzBwFW,2.384185791015625e-07,2.7135703563690186,True,889,None
KCQTbRFnBqLo,2.384185791015625e-07,1.714521884918213,True,754,None
KCQTbRFy`yN_,2.384185791015625e-07,1.2083969116210938,True,541,None
KCQTbRFjbqN_,2.384185791015625e-07,2.445831298828125,True,869,None
KCQTbQf]R[Z_,2.384185791015625e-07,0.3124275207519531,True,279,None
KCQTbPfycyN_,2.384185791015625e-07,5.871851205825806,True,1221,None
KCQTbPfy`yZ_,4.76837158203125e-07,2.197991132736206,True,856,None
KCQTbPfjeqN_,4.76837158203125e-07,21.180907249450684,True,1750,None
KCQTbPfZdqZ_,2.384185791015625e-07,1.0739617347717285,True,500,None
KCQTbPfmU[N_,2.384185791015625e-07,1.874983787536621,True,792,None
KCQTbJwy`yHw,2.384185791015625e-07,2.54780912399292,True,873,None
KCQTbJwr`uLg,2.384185791015625e-07,0.13094449043273926,True,101,None
KCQTbJiz@yJW,2.384185791015625e-07,0.34194517135620117,True,295,None
KCQTbJYz@]NG,4.76837158203125e-07,2.3539535999298096,True,886,None
KCQTbIyyayLg,2.384185791015625e-07,2.253946542739868,True,725,None
KCQTbIyrbYNG,2.384185791015625e-07,2.0309343338012695,True,777,None
KCQTbJMNVoLW,2.384185791015625e-07,17.979467630386353,True,1460,None
KCQTbJMNRs\\G,2.384185791015625e-07,1.957948923110962,True,794,None
KCQTbImZQu^?,4.76837158203125e-07,5.632782459259033,True,1184,None
KCQTbImUrw\\G,2.384185791015625e-07,1.6020255088806152,True,793,None
KCQTbHmZSu^?,2.384185791015625e-07,2.266979217529297,True,836,None
KCQTbJh}A{Dw,2.384185791015625e-07,33.874898195266724,True,1654,None
KCQTbJX}@]Lo,2.384185791015625e-07,1.8034474849700928,True,698,None
KCQTbIx}A]Lo,2.384185791015625e-07,0.03658747673034668,True,32,None
KCQTbJLMvoLo,2.384185791015625e-07,4.485923767089844,True,1013,None
KCQTbIlyauN_,2.384185791015625e-07,0.3783721923828125,True,309,None
KCQTbIlubwLW,2.384185791015625e-07,5.121119260787964,True,1187,None
KCQTbIl]UsLo,2.384185791015625e-07,6.136175870895386,True,1237,None
KCQTbIl]RsXo,4.76837158203125e-07,6.38296914100647,True,1214,None
KCQTbIlUvoLo,4.76837158203125e-07,6.729987621307373,True,1294,None
KCQTbJJy`yN_,4.76837158203125e-07,1.718623399734497,True,697,None
KCQTbIj}BwHw,2.384185791015625e-07,0.2537205219268799,True,227,None
KCQTbIjzAyNO,2.384185791015625e-07,1.8787119388580322,True,704,None
KCQTbIjyayN_,4.76837158203125e-07,3.0445356369018555,True,1010,None
KCQTbIjubwLg,7.152557373046875e-07,0.572185754776001,True,432,None
KCQTbIj]bYZ_,2.384185791015625e-07,0.797929048538208,True,505,None
KCQTbIj]RwXo,2.384185791015625e-07,1.9818894863128662,True,804,None
KCQTbIj]Q{\\_,2.384185791015625e-07,2.5050394535064697,True,954,None
KCQTbIjYrwZ_,2.384185791015625e-07,1.5325653553009033,True,674,None
KCQTbIjUrw\\_,2.384185791015625e-07,1.2923641204833984,True,590,None
KCQTbHjycyN_,2.384185791015625e-07,5.951308727264404,True,1195,None
KCQTbHjy`yZ_,2.384185791015625e-07,30.311100006103516,True,1695,None
KCQTbHjZdqZ_,2.384185791015625e-07,1.822566032409668,True,793,None
KCQTbHjYtwZ_,4.76837158203125e-07,1.9421157836914062,True,757,None
KCQTbIZybwLg,2.384185791015625e-07,1.4740521907806396,True,652,None
KCQTbGnzEqNO,2.384185791015625e-07,3.131920099258423,True,984,None
KCQTbGnYvoZ_,2.384185791015625e-07,1.6524477005004883,True,712,None
KCQTaZeNVoLW,4.76837158203125e-07,1.431363582611084,True,564,None
KCQTaZdMvoLo,4.76837158203125e-07,3.7462708950042725,True,1032,None
KCQTaZbNfoLg,2.384185791015625e-07,2.40276837348938,True,875,None
KCQTaZb]RwTo,4.76837158203125e-07,1.8511464595794678,True,755,None
KCQTf`kubYDs,7.152557373046875e-07,3.715104103088379,True,1032,None
KCQTf`kuR[Ds,4.76837158203125e-07,4.683391809463501,True,1063,None
KCQTepk|BTDw,2.384185791015625e-07,0.16351103782653809,True,137,None
KCQTepk{bXDw,2.384185791015625e-07,8.189020872116089,True,1198,None
KCQTepenBTLg,2.384185791015625e-07,1.7833302021026611,True,710,None
KCQTedk}BXDw,4.76837158203125e-07,0.6686949729919434,True,470,None
KCQTedkmR[Lc,4.76837158203125e-07,0.4614577293395996,True,370,None
KCQTddkvBXLW,2.384185791015625e-07,12.675242185592651,True,1338,None
KCQTddkubYLc,4.76837158203125e-07,0.0878145694732666,True,78,None
KCQTeTw\\bYTc,0.0,4.926305294036865,True,1183,None
KCQTeTsnBYLS,2.384185791015625e-07,16.18830180168152,True,1324,None
KCQTeTsnBXLW,2.384185791015625e-07,51.14552640914917,True,1859,None
KCQTeTsNNWLW,2.384185791015625e-07,0.37601327896118164,True,294,None
KCQTeTsNNQLo,2.384185791015625e-07,1.4894452095031738,True,660,None
KCQTbVcmaZN_,4.76837158203125e-07,1.8615341186523438,True,779,None
KCQTbVcVLwLW,2.384185791015625e-07,5.277066230773926,True,1189,None
KCQTbVK{bXFg,2.384185791015625e-07,0.13901591300964355,True,102,None
KCQTbVK{JwDw,2.384185791015625e-07,8.53389048576355,True,1350,None
KCQTbTkYthZ_,2.384185791015625e-07,0.4139690399169922,True,333,None
KCQTeLw}BXDw,2.384185791015625e-07,0.13981151580810547,True,141,None
KCQTeLwnBYLS,2.384185791015625e-07,0.34412121772766113,True,311,None
KCQTeLknBpLW,4.76837158203125e-07,2.3585221767425537,True,872,None
KCQTeLkjRpNO,4.76837158203125e-07,1.9533185958862305,True,829,None
KCQTbNgfbwLK,4.76837158203125e-07,0.715916633605957,True,435,None
KCQTbNgfbXNG,4.76837158203125e-07,0.8663899898529053,True,530,None
KCQTbNgYsxN_,2.384185791015625e-07,0.7276833057403564,True,434,None
KCQTbNgMuXN_,4.76837158203125e-07,7.2426605224609375,True,1211,None
KCQTbNgMrXZ_,2.384185791015625e-07,1.419339895248413,True,618,None
KCQTbNgJupN_,2.384185791015625e-07,2.5773212909698486,True,945,None
KCQTbNgJrpZ_,4.76837158203125e-07,1.4425504207611084,True,594,None
KCQTbMkzArNO,2.384185791015625e-07,1.2434561252593994,True,669,None
KCQTbMkubwLK,2.384185791015625e-07,1.3152985572814941,True,641,None
KCQTbMkVVPNO,2.384185791015625e-07,22.12009048461914,True,1621,None
KCQTbMkrJqNO,2.384185791015625e-07,0.38689255714416504,True,328,None
KCQTbLkiqx^?,2.384185791015625e-07,1.5754287242889404,True,694,None
KCQTbLkYtpZ_,2.384185791015625e-07,1.857811450958252,True,678,None
KCQTbLkYsx^?,2.384185791015625e-07,2.2334015369415283,True,773,None
KCQTa\\kkrX^?,4.76837158203125e-07,0.1806929111480713,True,142,None
KCQRRRwz@mQw,7.152557373046875e-07,2.397674083709717,True,910,None
KCQRRRwx`mRg,2.384185791015625e-07,3.3360421657562256,True,1019,None
KCQRRRU|DqDw,4.76837158203125e-07,2.2494606971740723,True,774,None
KCQRRRbNdiZ_,4.76837158203125e-07,0.5310549736022949,True,388,None
KCQRRQrZdiZ_,2.384185791015625e-07,0.33403682708740234,True,275,None
KCQRRQrRvgV_,0.0,7.915374517440796,True,1327,None
KCQRVak|?}LS,7.152557373046875e-07,2.684648036956787,True,904,None
KCQRVakTtwLS,2.384185791015625e-07,2.2264177799224854,True,808,None
KCQRVa[jJkLW,4.76837158203125e-07,2.6284983158111572,True,854,None
KCQRVPwTthTo,2.384185791015625e-07,2.5707321166992188,True,936,None
KCQRVPsy`{Qk,2.384185791015625e-07,1.7423105239868164,True,735,None
KCQRVPser[Uc,2.384185791015625e-07,12.982407331466675,True,1401,None
KCQRVP[yTkEs,4.76837158203125e-07,0.43029046058654785,True,335,None
KCQRTjobjsLg,2.384185791015625e-07,0.5822319984436035,True,438,None
KCQRUTwZThUo,2.384185791015625e-07,0.8315525054931641,True,505,None
KCQRUTs\\dpTg,2.384185791015625e-07,1.5043654441833496,True,645,None
KCQRUTsyPxUo,2.384185791015625e-07,0.1792607307434082,True,158,None
KCQRRVohpxZ_,4.76837158203125e-07,3.3246281147003174,True,928,None
KCQRRUsqrwUc,2.384185791015625e-07,1.5000202655792236,True,555,None
KCQRRUsYthZ_,2.384185791015625e-07,7.064062833786011,True,818,None
KCRbdO{|EUB[,4.76837158203125e-07,1.366624355316162,True,612,None
KCRbcqwyO}Ks,2.384185791015625e-07,0.06327271461486816,True,65,None
KCRbcqwhquLc,2.384185791015625e-07,1.5983073711395264,True,751,None
KCRbcqwdr[LK,4.76837158203125e-07,0.37879180908203125,True,308,None
KCRbcqwdrXLW,2.384185791015625e-07,5.903566837310791,True,1133,None
KCRbcqwxJUBw,4.76837158203125e-07,1.207709789276123,True,516,None
KCRbcqw\\H]XW,0.0,0.647301435470581,True,473,None
KCRbcqwqZ[Ew,2.384185791015625e-07,4.110800504684448,True,1052,None
KCRbcqwpZ[FW,2.384185791015625e-07,1.647279977798462,True,733,None
KCRbcqhnAuKs,4.76837158203125e-07,1.4728868007659912,True,655,None
KCRbcqhNUkLS,2.384185791015625e-07,3.404910087585449,True,1004,None
KCRbcqh{I{Dw,2.384185791015625e-07,2.0023093223571777,True,767,None
KCRbcqhyH{Iw,2.384185791015625e-07,4.260885715484619,True,1123,None
KCRbcqhuJ[Ew,2.384185791015625e-07,1.268859624862671,True,624,None
KCRbcqhuJMFo,2.384185791015625e-07,2.718095541000366,True,884,None
KCRbcqhmJkHw,2.384185791015625e-07,1.4288177490234375,True,684,None
KCRbcqhxJsBw,2.384185791015625e-07,0.3406505584716797,True,267,None
KCRbcqhwi{Fg,2.384185791015625e-07,1.8115782737731934,True,757,None
KCRbcqhsh{Lg,2.384185791015625e-07,1.0012145042419434,True,510,None
KCRbcqhwX{Jo,2.384185791015625e-07,1.6369597911834717,True,722,None
KCRcrPw[tYQs,4.76837158203125e-07,0.3446640968322754,True,298,None
KCRcrPwihmYg,2.384185791015625e-07,1.4413514137268066,True,673,None
KCRcrPwejMUg,4.76837158203125e-07,1.4285552501678467,True,618,None
KCRcrPwXkuUg,2.384185791015625e-07,1.9820301532745361,True,711,None
KCRcrPwFnIUW,2.384185791015625e-07,2.9134345054626465,True,923,None
KCRcrPww\\kBw,2.384185791015625e-07,4.426495790481567,True,1105,None
KCRcrPwi\\kIw,4.76837158203125e-07,6.415425539016724,True,1299,None
KCRcrPwp\\kFW,4.76837158203125e-07,3.2931697368621826,True,1052,None
KCRcrPwP|kVG,4.76837158203125e-07,23.773746728897095,True,1670,None
KCRcrPwB|k]G,4.76837158203125e-07,2.5618648529052734,True,912,None
KCRcrPX]LkSw,2.384185791015625e-07,1.882025957107544,True,750,None
KCRcrPXZLkUW,2.384185791015625e-07,1.8987250328063965,True,765,None
KCRcrOx]MkSw,2.384185791015625e-07,3.0471553802490234,True,949,None
KCRcrOxFng[W,2.384185791015625e-07,0.3934438228607178,True,347,None
KCRV@qw]JMPw,2.384185791015625e-07,6.326755523681641,True,1253,None
KCRV@qwVJUSw,2.384185791015625e-07,0.3833003044128418,True,320,None
KCRV@qwVH][W,2.384185791015625e-07,4.523505687713623,True,1069,None
KCRV@qwwh]Jg,2.384185791015625e-07,1.2658076286315918,True,550,None
KCRV@qw[h]Xg,2.384185791015625e-07,0.6015088558197021,True,436,None
KCRV@qwMjMXg,2.384185791015625e-07,3.3830766677856445,True,1024,None
KCRV@qwFjU[g,2.384185791015625e-07,1.5834095478057861,True,684,None
KCRV@qw[][Dw,2.384185791015625e-07,0.21486282348632812,True,189,None
KCRV@qwiZ[Iw,2.384185791015625e-07,1.6141703128814697,True,711,None
KCRV@qwazwKw,2.384185791015625e-07,7.6856465339660645,True,1273,None
KCRV@qwaziLo,4.76837158203125e-07,5.981820344924927,True,1218,None
KCRV@qwE~KLg,2.384185791015625e-07,4.574824571609497,True,1125,None
KCRV@qs}@]H[,2.384185791015625e-07,0.3803281784057617,True,308,None
KCRV@qsjaVNG,2.384185791015625e-07,2.4303646087646484,True,871,None
KCRV@qsVfQD[,2.384185791015625e-07,0.09894299507141113,True,57,None
KCRV@qsuP]LS,2.384185791015625e-07,2.0210845470428467,True,854,None
KCRV@qsmQVLo,7.152557373046875e-07,1.4942383766174316,True,656,None
KCRV@qsjRTJW,2.384185791015625e-07,5.927860975265503,True,1142,None
KCRV@qsbrsLK,2.384185791015625e-07,3.0476324558258057,True,960,None
KCRV@qsbrUNC,2.384185791015625e-07,1.4785301685333252,True,658,None
KCRV@qsyH]JW,2.384185791015625e-07,8.379985332489014,True,1455,None
KCRV@qsmJUHw,2.384185791015625e-07,2.888198137283325,True,921,None
KCRV@qsfJULW,2.384185791015625e-07,25.571845531463623,True,1487,None
KCRV@qsqZsDw,2.384185791015625e-07,0.3383316993713379,True,287,None
KCRV@qktbUFK,2.384185791015625e-07,1.779479742050171,True,714,None
KCRV@qktbRFW,2.384185791015625e-07,1.7535686492919922,True,734,None
KCRV@qkpprNO,2.384185791015625e-07,1.943863868713379,True,769,None
KCRV@qk{H]JW,2.384185791015625e-07,2.388120174407959,True,859,None
KCRV@qkqZsEw,2.384185791015625e-07,1.8438596725463867,True,778,None
KCRV@qkeZsKw,2.384185791015625e-07,3.2903385162353516,True,882,None
KCRV@qkTZsTW,2.384185791015625e-07,1.3494431972503662,True,576,None
KCQvBOywkyJg,2.384185791015625e-07,0.25118494033813477,True,221,None
KCQv@rWNfIH[,2.384185791015625e-07,2.4303548336029053,True,862,None
KCQv@rWdrULc,2.384185791015625e-07,32.07328486442566,True,1714,None
KCQv@rWyH]Iw,2.384185791015625e-07,5.624638319015503,True,1199,None
KCQv@rWxI]FW,2.384185791015625e-07,1.0034129619598389,True,531,None
KCQv@rWwi]Fg,2.384185791015625e-07,2.637256145477295,True,902,None
KCQv@rWwg}Lg,2.384185791015625e-07,2.0703110694885254,True,874,None
KCQv@rW[jYPw,4.76837158203125e-07,3.106595277786255,True,991,None
KCQv@rWii]Mg,2.384185791015625e-07,2.368210554122925,True,869,None
KCQv@rKhrsJK,2.384185791015625e-07,0.41681790351867676,True,331,None
KCQv@rKJmeNG,2.384185791015625e-07,3.7693912982940674,True,1035,None
KCQv@rKFje\\G,4.76837158203125e-07,0.24712038040161133,True,232,None
KCQv@rKwZsBw,4.76837158203125e-07,2.323107957839966,True,863,None
KCQv@rKeZsKw,7.152557373046875e-07,1.6211206912994385,True,701,None
KCQv@rKXZsRW,2.384185791015625e-07,1.7412211894989014,True,732,None
KCQv@rKTZsTW,2.384185791015625e-07,0.05217242240905762,True,43,None
KCQv@rKRZsUW,2.384185791015625e-07,0.20441269874572754,True,197,None
KCQv@rKRZeVO,2.384185791015625e-07,1.9493660926818848,True,809,None
KCQv@rKRXu]O,2.384185791015625e-07,1.3898086547851562,True,626,None
KCQv@rKJZsYW,4.76837158203125e-07,0.06339716911315918,True,46,None
KCQv@rKoxyNO,2.384185791015625e-07,2.600642681121826,True,881,None
KCQv@rKczsLg,2.384185791015625e-07,0.6897335052490234,True,483,None
KCQv@rKDzs\\G,2.384185791015625e-07,0.6351847648620605,True,479,None
KCQv@pkzCfJW,2.384185791015625e-07,11.101300716400146,True,1483,None
KCQv@pkjarYW,2.384185791015625e-07,20.793758869171143,True,1463,None
KCQv@pkXupRW,2.384185791015625e-07,24.68342924118042,True,1635,None
KCQv@pkxKuJW,2.384185791015625e-07,9.314259767532349,True,1275,None
KCQv@pk\\MURW,2.384185791015625e-07,0.3284647464752197,True,296,None
KCQv@pkFmq[W,2.384185791015625e-07,0.22903680801391602,True,198,None
KCQv@pk`~oJW,2.384185791015625e-07,3.011139392852783,True,973,None
KCQubQw|@]H[,2.384185791015625e-07,9.660213708877563,True,1332,None
KCQubQwnBMH[,2.384185791015625e-07,0.03311944007873535,True,23,None
KCQubQw{a]Dk,2.384185791015625e-07,2.01894474029541,True,784,None
KCQubQwubMDk,2.384185791015625e-07,1.268082618713379,True,609,None
KCQubQwtbUDk,2.384185791015625e-07,1.5521550178527832,True,663,None
KCQubQwuRMDs,2.384185791015625e-07,6.2909095287323,True,1219,None
KCQubQwxP{H[,2.384185791015625e-07,2.3226921558380127,True,867,None
KCQubQwtR[D[,2.384185791015625e-07,1.6352157592773438,True,660,None
KCQubQwtRUDs,2.384185791015625e-07,4.111083507537842,True,1107,None
KCQubQwjRkH[,2.384185791015625e-07,0.24739480018615723,True,232,None
KCQubQwsrYDs,2.384185791015625e-07,0.42165207862854004,True,368,None
KCQubQwsp]Lc,2.384185791015625e-07,3.293196678161621,True,1006,None
KCQubQwpr[FK,4.76837158203125e-07,1.9577531814575195,True,742,None
KCQubQsrPuLS,4.76837158203125e-07,1.3749828338623047,True,604,None
KCQubQkubeDk,2.384185791015625e-07,1.5620901584625244,True,641,None
KCQubQk\\cuLK,2.384185791015625e-07,1.8766324520111084,True,809,None
KCQubQkVdeLK,2.384185791015625e-07,2.544994354248047,True,888,None
KCQubQksrsDk,4.76837158203125e-07,3.775956869125366,True,1022,None
KCQubQkkZsHw,2.384185791015625e-07,4.919248104095459,True,1183,None
KCQubQkeZsKw,4.76837158203125e-07,20.040991067886353,True,1577,None
KCQubQkczYNO,2.384185791015625e-07,3.1348376274108887,True,963,None
KCQubQkczUN_,4.76837158203125e-07,0.5173475742340088,True,388,None
KCQubQkazwMW,2.384185791015625e-07,2.667902708053589,True,983,None
KCQubQiv@mLK,2.384185791015625e-07,0.4775567054748535,True,341,None
KCQubQilRwH[,2.384185791015625e-07,1.4802470207214355,True,646,None
KCQubQiJmiNG,7.152557373046875e-07,1.7891254425048828,True,750,None
KCQubQisZwDw,2.384185791015625e-07,1.9178063869476318,True,787,None
KCQubQieZwKw,2.384185791015625e-07,3.5804555416107178,True,1112,None
KCQubQipZwFW,2.384185791015625e-07,0.4935576915740967,True,395,None
KCQubQidZYNO,4.76837158203125e-07,2.138169050216675,True,834,None
KCQubQYwpyLc,2.384185791015625e-07,2.689159393310547,True,929,None
KCQubQYkrYLc,2.384185791015625e-07,39.105132818222046,True,1636,None
KCQubQYiriLc,2.384185791015625e-07,7.076242685317993,True,1288,None
KCQtbRW|@]H[,2.384185791015625e-07,1.4845962524414062,True,621,None
KCQtbRWlR[H[,2.384185791015625e-07,1.587778091430664,True,673,None
KCQtbRSrPuLS,2.384185791015625e-07,3.2239177227020264,True,956,None
KCQtbRSjQuLS,2.384185791015625e-07,0.9129526615142822,True,495,None
KCQtbRSiYuLo,4.76837158203125e-07,3.750030517578125,True,1054,None
KCQtbRSazqLo,4.76837158203125e-07,26.274192094802856,True,1486,None
KCQtbRKkrsHk,2.384185791015625e-07,1.8968939781188965,True,717,None
KCQtbRKLjUZG,2.384185791015625e-07,2.237840175628662,True,812,None
KCQtbRKsZsDw,4.76837158203125e-07,2.09761905670166,True,801,None
KCQtbRKkZUJo,2.384185791015625e-07,2.90807843208313,True,932,None
KCQtbRKczUN_,2.384185791015625e-07,1.4753108024597168,True,640,None
KCQtbRKHzsZG,4.76837158203125e-07,1.0624232292175293,True,533,None
KCQtbPkxKuJW,2.384185791015625e-07,4.3806562423706055,True,1060,None
KCQuQpiZdiUK,4.76837158203125e-07,2.5315194129943848,True,827,None
KCQuQpiXtwUK,2.384185791015625e-07,2.5142054557800293,True,902,None
KCp`f`[FtL\\O,4.76837158203125e-07,6.834933519363403,True,1279,None
KCp`f_{uc]Ks,2.384185791015625e-07,4.329246759414673,True,1040,None
KCp`f_{wu[Bs,2.384185791015625e-07,0.30789971351623535,True,252,None
KCp`f_{eu[Ks,2.384185791015625e-07,0.5855410099029541,True,426,None
KCp`f_{XstXo,2.384185791015625e-07,0.5572507381439209,True,442,None
KCp`faitP\\Jo,2.384185791015625e-07,6.862987518310547,True,1270,None
KCp`faifR[Is,2.384185791015625e-07,0.3484220504760742,True,288,None
KCp`faibrwIs,2.384185791015625e-07,5.314215421676636,True,1211,None
KCp`faibq{Mc,2.384185791015625e-07,0.39311957359313965,True,309,None
KCp`faibqxMo,2.384185791015625e-07,4.008347034454346,True,1068,None
KCp`faiFukLc,2.384185791015625e-07,56.99478077888489,True,1881,None
KCp`faiXkyJo,2.384185791015625e-07,2.397672176361084,True,922,None
KCp`faibjwIw,2.384185791015625e-07,2.9778242111206055,True,984,None
KCp`f`itP\\Ro,4.76837158203125e-07,0.035334110260009766,True,28,None
KCp`f`iVSlTo,4.76837158203125e-07,0.15760540962219238,True,148,None
KCp`faMvBeDs,4.76837158203125e-07,0.2397143840789795,True,225,None
KCp`faMubiDs,2.384185791015625e-07,1.925522804260254,True,763,None
KCp`faM{P\\Jo,7.152557373046875e-07,2.6536078453063965,True,864,None
KCp`faMyPlJo,4.76837158203125e-07,9.49813723564148,True,1287,None
KCp`faMuP{Ks,2.384185791015625e-07,0.28517651557922363,True,240,None
KCp`faMuPlLo,2.384185791015625e-07,9.88926100730896,True,1387,None
KCp`faMuP\\Mo,2.384185791015625e-07,4.51753568649292,True,957,None
KCp`faMmQ\\Mo,4.76837158203125e-07,7.865572929382324,True,1336,None
KCp`faMjRsIs,2.384185791015625e-07,1.2699623107910156,True,613,None
KCp`faMLusLc,2.384185791015625e-07,6.482508182525635,True,1187,None
KCp`fRSkr[Bs,4.76837158203125e-07,2.6253397464752197,True,927,None
KCp`fRSkp\\Jo,2.384185791015625e-07,6.138324499130249,True,1204,None
KCp`fRSirkBs,2.384185791015625e-07,2.5923824310302734,True,918,None
KCp`fRSiq{Es,2.384185791015625e-07,1.2699997425079346,True,567,None
KCp`fRSip{Is,2.384185791015625e-07,1.2649321556091309,True,607,None
KCp`fRSYs{Es,2.384185791015625e-07,2.600867509841919,True,900,None
KCp`fRShptJo,2.384185791015625e-07,2.2810463905334473,True,808,None
KCp`fRSdp{LS,2.384185791015625e-07,15.100257158279419,True,1586,None
KCp`fRSRtsEs,2.384185791015625e-07,0.6079881191253662,True,406,None
KCp`fRSRtdFo,2.384185791015625e-07,5.557509183883667,True,1107,None
KCp`fRSRptUo,2.384185791015625e-07,1.7372698783874512,True,721,None
KCp`fRSih{Iw,4.76837158203125e-07,0.2816150188446045,True,257,None
KCp`fRSdj[FW,2.384185791015625e-07,2.0007424354553223,True,818,None
KCp`fQsqrkBs,2.384185791015625e-07,1.5110712051391602,True,692,None
KCp`fQsqq{Es,2.384185791015625e-07,2.571899175643921,True,877,None
KCp`fQ[mbMIs,4.76837158203125e-07,0.24742984771728516,True,213,None
KCp`fQ[fbdKw,2.384185791015625e-07,1.6719615459442139,True,744,None
KCp`fQ[YukEs,4.76837158203125e-07,1.9739162921905518,True,783,None
KCp`fQ[MvKIs,2.384185791015625e-07,2.522634506225586,True,878,None
KCp`fQ[ph{MW,2.384185791015625e-07,1.904221773147583,True,831,None
KCp`fP[ycmEs,2.384185791015625e-07,4.12494421005249,True,1135,None
KCp`fP[iqlUo,2.384185791015625e-07,22.88240694999695,True,1668,None
KCp`fP[MvKQs,2.384185791015625e-07,0.992168664932251,True,595,None
KCp`fP[JvcQs,2.384185791015625e-07,0.43639445304870605,True,343,None
KCp`fRQlP\\Jo,2.384185791015625e-07,1.7057478427886963,True,738,None
KCp`fRQfR[Es,2.384185791015625e-07,0.8380296230316162,True,488,None
KCp`fRQfP{Ks,2.384185791015625e-07,0.1554243564605713,True,125,None
KCp`fRQfP\\Mo,2.384185791015625e-07,5.530683755874634,True,1218,None
KCp`fRQVP{Ss,4.76837158203125e-07,2.3174943923950195,True,815,None
KCp`fRQdp\\N_,4.76837158203125e-07,2.836463212966919,True,904,None
KCp`fRQbrwEs,2.384185791015625e-07,4.905257940292358,True,1147,None
KCp`fRQbrhFo,2.384185791015625e-07,4.161679744720459,True,1093,None
KCp`fRQlH]Jo,2.384185791015625e-07,0.14257025718688965,True,122,None
KCp`fRQdj[Fg,2.384185791015625e-07,1.5668773651123047,True,720,None
KCp`fRQdh{Lg,7.152557373046875e-07,20.71104145050049,True,1479,None
KCp`fQqrQ{Es,2.384185791015625e-07,19.856668710708618,True,1448,None
KCp`fQqdi{Lg,2.384185791015625e-07,1.9334392547607422,True,757,None
KCp`fPqjS{Is,2.384185791015625e-07,3.6132113933563232,True,1042,None
KCp`fRI\\SlFo,2.384185791015625e-07,0.5777268409729004,True,400,None
KCp`fQYz@lIw,2.384185791015625e-07,1.8139939308166504,True,768,None
KCp`fQYr`lMg,2.384185791015625e-07,2.533400058746338,True,898,None
KCp`fQYNVKIs,2.384185791015625e-07,1.5730745792388916,True,716,None
KCp`fQYNULMo,2.384185791015625e-07,1.7823662757873535,True,706,None
KCp`fQYph{Mg,2.384185791015625e-07,8.314107179641724,True,1201,None
KCp`fQYdjwKw,2.384185791015625e-07,1.8104979991912842,True,731,None
KCp`fQYdjkLg,4.76837158203125e-07,2.7712242603302,True,878,None
KCp`fPYdtwKs,2.384185791015625e-07,0.356553316116333,True,307,None
KCp`fPYJmkUg,2.384185791015625e-07,19.98612666130066,True,1539,None
KCp`fRE]S{Es,2.384185791015625e-07,0.4117593765258789,True,354,None
KCp`fRE]P{Qs,2.384185791015625e-07,2.1323556900024414,True,847,None
KCp`fREerwEs,4.76837158203125e-07,7.6220502853393555,True,1213,None
KCp`fREVH{UW,4.76837158203125e-07,2.3642542362213135,True,856,None
KCp`fREVHuUo,4.76837158203125e-07,2.288090467453003,True,844,None
KCp`fQU}A]Es,2.384185791015625e-07,1.359787940979004,True,614,None
KCp`fQUubiDs,2.384185791015625e-07,6.557874917984009,True,1214,None
KCp`fQUZUsEs,2.384185791015625e-07,6.736310958862305,True,1099,None
KCp`fQUVVSEs,4.76837158203125e-07,2.0030312538146973,True,757,None
KCp`fPU\\TsPs,2.384185791015625e-07,1.516566514968872,True,675,None
KCp`fPU\\StTo,2.384185791015625e-07,3.615877151489258,True,1050,None
KCp`fPUwo|V_,4.76837158203125e-07,1.2195470333099365,True,576,None
KCp`fPUptwFS,2.384185791015625e-07,2.813253402709961,True,967,None
KCp`fPUUlwSw,2.384185791015625e-07,1.9449920654296875,True,823,None
KCp`fPUTlUV_,2.384185791015625e-07,2.02138352394104,True,785,None
KCp`fO]zAmUS,2.384185791015625e-07,1.677349328994751,True,792,None
KCp`fO]vDeKs,2.384185791015625e-07,2.0517425537109375,True,787,None
KCp`fO]xQ{US,2.384185791015625e-07,1.3509559631347656,True,644,None
KCp`fO]tTsKs,2.384185791015625e-07,0.6161942481994629,True,427,None
KCp`fO]tR[US,4.76837158203125e-07,0.3441598415374756,True,318,None
KCp`fO]\\U[US,2.384185791015625e-07,5.702934503555298,True,1163,None
KCp`fO]fVcKs,2.384185791015625e-07,32.85761213302612,True,1643,None
KCp`fO]VVcSs,4.76837158203125e-07,1.0435185432434082,True,556,None
KCp`fO]evgKs,2.384185791015625e-07,3.3539345264434814,True,1027,None
KCp`fO]prwUS,2.384185791015625e-07,0.17911195755004883,True,139,None
KCp`fO]XuwUS,2.384185791015625e-07,8.878543853759766,True,1207,None
KCp`fO]Fvc[c,2.384185791015625e-07,1.425607442855835,True,668,None
KCp`fO]Jmk]G,2.384185791015625e-07,3.645873785018921,True,958,None
KCp`ercYs{Es,2.384185791015625e-07,0.7102015018463135,True,478,None
KCp`ercYp{Qs,2.384185791015625e-07,3.652930974960327,True,1064,None
KCp`ercXptRo,2.384185791015625e-07,37.70038056373596,True,1694,None
KCp`ercRtsEs,2.384185791015625e-07,4.008044242858887,True,1055,None
KCp`ercUh]Uo,2.384185791015625e-07,1.6375181674957275,True,679,None
KCp`ercRleFo,2.384185791015625e-07,1.570218563079834,True,670,None
KCp`eqswp\\Jo,4.76837158203125e-07,0.32947587966918945,True,277,None
KCp`eqku`lKw,2.384185791015625e-07,1.4160568714141846,True,617,None
KCp`eqkfbdKw,2.384185791015625e-07,6.587907075881958,True,1266,None
KCp`eqkMvKIs,2.384185791015625e-07,2.61145281791687,True,917,None
KCp`eqkMuLMo,2.384185791015625e-07,1.9024620056152344,True,769,None
KCp`eqkMjMYo,2.384185791015625e-07,2.286039352416992,True,933,None
KCp`eqkph{MW,2.384185791015625e-07,1.054211139678955,True,511,None
KCp`eqkFnKMW,2.384185791015625e-07,2.624131202697754,True,889,None
KCp`epk[slTo,2.384185791015625e-07,3.0642662048339844,True,786,None
KCp`eq[[vKDs,2.384185791015625e-07,2.129582166671753,True,818,None
KCp`eq[YvKEs,2.384185791015625e-07,2.4759581089019775,True,915,None
KCp`erE]TkDs,2.384185791015625e-07,8.946798086166382,True,1283,None
KCp`erE]P{Ss,2.384185791015625e-07,2.457054615020752,True,838,None
KCp`erEZTsEs,2.384185791015625e-07,9.974248170852661,True,1268,None
KCp`erEYtwEs,2.384185791015625e-07,1.229607343673706,True,586,None
KCp`erEYhyUo,2.384185791015625e-07,2.073404312133789,True,836,None
KCp`eqeZQ{US,7.152557373046875e-07,6.268732786178589,True,1155,None
KCp`eqerH{MW,4.76837158203125e-07,3.606511116027832,True,1013,None
KCp`eqeJjkZG,2.384185791015625e-07,3.8295280933380127,True,955,None
KCp`epezCuEs,2.384185791015625e-07,0.06365108489990234,True,36,None
KCp`epeuT[Es,2.384185791015625e-07,1.1093058586120605,True,531,None
KCp`epemS{Ks,2.384185791015625e-07,8.53406310081482,True,1209,None
KCp`epeks{Lc,2.384185791015625e-07,1.2526237964630127,True,531,None
KCp`eqM}BLEw,2.384185791015625e-07,1.8026244640350342,True,745,None
KCp`eqMnBLMW,2.384185791015625e-07,1.600975751876831,True,722,None
KCp`eqM{H{Kw,2.384185791015625e-07,4.006180047988892,True,1075,None
KCp`eqMxH{MW,2.384185791015625e-07,0.784153938293457,True,475,None
KCp`eikyatEw,2.384185791015625e-07,0.11786341667175293,True,116,None
KCp`eikwrsBs,4.76837158203125e-07,0.24320435523986816,True,242,None
KCp`eikwp{JS,2.384185791015625e-07,2.1681904792785645,True,784,None
KCp`eiksp{LS,2.384185791015625e-07,11.175139427185059,True,1352,None
KCp`eikqrkFS,4.76837158203125e-07,1.3782334327697754,True,646,None
KCp`eikXrsRS,2.384185791015625e-07,0.5344183444976807,True,406,None
KCp`eikXqtVO,2.384185791015625e-07,3.69539737701416,True,1047,None
KCp`eikJvcJS,2.384185791015625e-07,1.4592394828796387,True,686,None
KCp`eikJrsYS,2.384185791015625e-07,2.0560247898101807,True,841,None
KCp`eiivBTEw,2.384185791015625e-07,19.910133600234985,True,1477,None
KCp`eii{_}Lc,2.384185791015625e-07,2.1619532108306885,True,804,None
KCp`eiitRTFo,2.384185791015625e-07,2.4244296550750732,True,846,None
KCp`eiitPtLo,2.384185791015625e-07,9.325990200042725,True,1258,None
KCp`eiiZQ{US,2.384185791015625e-07,2.625797986984253,True,883,None
KCp`eii[s{Lc,2.384185791015625e-07,0.1389307975769043,True,118,None
KCp`eiiMukLc,2.384185791015625e-07,8.097134590148926,True,1263,None
KCp`egumNSHw,2.384185791015625e-07,8.947391033172607,True,1336,None
KCp`egujMUNO,2.384185791015625e-07,1.5294156074523926,True,674,None
KCp`eguZNSRW,2.384185791015625e-07,7.730478048324585,True,1243,None
KCp`eguZLsXW,4.76837158203125e-07,0.36788344383239746,True,288,None
KCp`eguMnWXW,4.76837158203125e-07,3.9069392681121826,True,996,None
KCp`eguMnSXg,7.152557373046875e-07,3.716463565826416,True,1044,None
KCp`eguMm[\\G,2.384185791015625e-07,103.1902666091919,True,1882,None
KCpdQiwMmiKw,4.76837158203125e-07,0.642916202545166,True,421,None
KCpdQiwMjiWw,2.384185791015625e-07,1.7464594841003418,True,742,None
KCpdQiw[[mLo,7.152557373046875e-07,2.30747127532959,True,838,None
KCpdQiwU\\MMo,2.384185791015625e-07,2.5729355812072754,True,928,None
KCpdQiwS|iLo,2.384185791015625e-07,0.42736101150512695,True,348,None
KCpdQiwIzkYg,4.76837158203125e-07,2.2311856746673584,True,783,None
KCpdQiqzAuEk,2.384185791015625e-07,2.544764995574951,True,917,None
KCpdQiq\\`ZZG,2.384185791015625e-07,0.5332226753234863,True,419,None
KCpdQiqZeqEk,2.384185791015625e-07,1.9863026142120361,True,814,None
KCpbPjS|@VRW,2.384185791015625e-07,2.5528273582458496,True,909,None
KCpbPjSz@uQ[,2.384185791015625e-07,1.9559745788574219,True,862,None
KCpbPjSVdUUK,2.384185791015625e-07,5.734182119369507,True,1141,None
KCpbPjSrPuUS,4.76837158203125e-07,2.174558401107788,True,846,None
KCpbPjSjQuUS,7.152557373046875e-07,2.497161626815796,True,902,None
KCpbPjSxKuFW,4.76837158203125e-07,1.762667179107666,True,721,None
KCpbPisrKuMW,4.76837158203125e-07,0.6618247032165527,True,483,None
KCpbPiswiyRW,2.384185791015625e-07,0.03190326690673828,True,27,None
KCpbPis[[{XW,2.384185791015625e-07,2.7597639560699463,True,892,None
KCdbCrwfbMKw,2.384185791015625e-07,0.5486812591552734,True,371,None
KCdbCrs{a]Dw,4.76837158203125e-07,4.1748974323272705,True,1083,None
KCdbCrsyamDw,4.76837158203125e-07,1.5179800987243652,True,678,None
KCdbCrsrbUEw,2.384185791015625e-07,2.2567672729492188,True,851,None
KCdbFaM}?}Ks,2.384185791015625e-07,10.205435991287231,True,1347,None
KCdbFaM{R[Bs,4.76837158203125e-07,3.1290981769561768,True,963,None
KCdbFaMyRkBs,2.384185791015625e-07,12.71190881729126,True,1396,None
KCdbEqwfbMKs,2.384185791015625e-07,0.4537687301635742,True,335,None
KCdbEqswr[Bs,2.384185791015625e-07,2.255732536315918,True,835,None
KCdbEqsqp{Ks,4.76837158203125e-07,1.4076545238494873,True,576,None
KCdbEqser[Ks,2.384185791015625e-07,2.079927682876587,True,741,None
KCdbEq[mbMKs,2.384185791015625e-07,5.081927299499512,True,944,None
KCdbEqeLj[ZG,2.384185791015625e-07,44.51754808425903,True,1428,None
KCdbEqU{P\\Lo,4.76837158203125e-07,0.5313403606414795,True,393,None
KCdbEqUyP{Ks,2.384185791015625e-07,1.1178152561187744,True,482,None
KCdbEqUyPlLo,4.76837158203125e-07,2.1748178005218506,True,850,None
KCdbEqUyP\\Mo,2.384185791015625e-07,1.6108717918395996,True,714,None
KCdbEqUmR[Ks,2.384185791015625e-07,122.84117794036865,True,1685,None
KCdbFH[ptsFS,2.384185791015625e-07,0.6787307262420654,True,382,None
KCdbFHqRtpRo,2.384185791015625e-07,3.747145891189575,True,1027,None
KCdbFHYxP{RS,2.384185791015625e-07,30.594318389892578,True,1508,None
KCdbFHYhrwRS,7.152557373046875e-07,1.0405604839324951,True,543,None
KCdbFHYVLkTW,2.384185791015625e-07,4.2239274978637695,True,1134,None
KCdbFHYUlMV_,2.384185791015625e-07,0.592961311340332,True,398,None
KCdbFHYhjsRg,2.384185791015625e-07,13.066396236419678,True,1487,None
KCdbFHU^CtTW,2.384185791015625e-07,0.5888814926147461,True,404,None
KCdbFHUuT[FS,4.76837158203125e-07,5.246093034744263,True,1188,None
KCdbFHUjStNO,2.384185791015625e-07,8.037146806716919,True,1214,None
KCdbFHUjQtVO,2.384185791015625e-07,1.730029821395874,True,755,None
KCdbFHUbtsNC,7.152557373046875e-07,1.8144128322601318,True,744,None
KCdbFG]UvKVC,2.384185791015625e-07,0.6344430446624756,True,442,None
KCdbEiiv@uKs,2.384185791015625e-07,1.9896776676177979,True,810,None
KCdbEiitR[FS,4.76837158203125e-07,2.594186782836914,True,840,None
KCdbEiirRkFS,2.384185791015625e-07,1.9430620670318604,True,814,None
KCdbEiiVTsKs,2.384185791015625e-07,2.4724879264831543,True,878,None
KCdbBNWuTLFo,2.384185791015625e-07,3.9199540615081787,True,1016,None
KCdbBNWhp{ZC,4.76837158203125e-07,0.26625847816467285,True,159,None
KCdbBNcuStFo,2.384185791015625e-07,3.041886329650879,True,922,None
KCdbBNcUtsRc,4.76837158203125e-07,1.6480929851531982,True,647,None
KCdebQs|@]H[,2.384185791015625e-07,1.5828526020050049,True,731,None
KCdebQs{bY@{,4.76837158203125e-07,1.513749599456787,True,674,None
KCdebQs{`]Hk,7.152557373046875e-07,1.7297694683074951,True,762,None
KCdebQsuR[C{,2.384185791015625e-07,1.581671953201294,True,712,None
KCdebQsyJMBw,2.384185791015625e-07,2.6421070098876953,True,877,None
KCdebQsxG}LW,4.76837158203125e-07,2.998685359954834,True,948,None
KCdebQsrHmLW,4.76837158203125e-07,0.1637425422668457,True,135,None
KCdebQsrH]MW,2.384185791015625e-07,0.4806251525878906,True,395,None
KCdebQsjJMJW,2.384185791015625e-07,0.47869420051574707,True,364,None
KCdebQsjImLW,2.384185791015625e-07,6.28694748878479,True,1199,None
KCdebQswhyHw,2.384185791015625e-07,9.273466348648071,True,1245,None
KCdebQswh]Jg,2.384185791015625e-07,1.2242159843444824,True,567,None
KCdebQsijYIw,2.384185791015625e-07,3.9520304203033447,True,1040,None
KCdebQsijMJg,2.384185791015625e-07,1.6296017169952393,True,636,None
KCdebQspjYFW,2.384185791015625e-07,5.417566776275635,True,1063,None
KCdebQswY{Dw,2.384185791015625e-07,4.101187705993652,True,942,None
KCdebQswX{Hw,2.384185791015625e-07,3.7370662689208984,True,1005,None
KCdebQsqZMFo,2.384185791015625e-07,1.991067886352539,True,795,None
KCdebQkkq{Kk,2.384185791015625e-07,0.35067319869995117,True,277,None
KCdebQkiriIs,2.384185791015625e-07,2.3580222129821777,True,863,None
KCdebQkiqjMo,2.384185791015625e-07,2.8398876190185547,True,956,None
KCdebQkdrsKk,4.76837158203125e-07,0.6668193340301514,True,451,None
KCdebQk{JMBw,2.384185791015625e-07,12.756627321243286,True,1504,None
KCdebQktHmLW,2.384185791015625e-07,1.2551815509796143,True,599,None
KCdebQkZJeQw,2.384185791015625e-07,1.7925105094909668,True,639,None
KCdebQkZImUW,2.384185791015625e-07,2.5389580726623535,True,908,None
KCdebQkpjiFW,4.76837158203125e-07,0.7436399459838867,True,469,None
KCdebQkhjqIw,2.384185791015625e-07,2.1136226654052734,True,823,None
KCdebQkhiyMW,7.152557373046875e-07,6.373548746109009,True,1254,None
KCdebQkFji[W,2.384185791015625e-07,6.796649217605591,True,1133,None
KCdebQksZMFo,2.384185791015625e-07,0.5777502059936523,True,393,None
KCdebQkI}kMg,4.76837158203125e-07,6.549174070358276,True,1248,None
KCdebQ[}BMC{,2.384185791015625e-07,2.4700353145599365,True,836,None
KCdebQ[zBME[,2.384185791015625e-07,3.853135108947754,True,1064,None
KCdebQ[ybMEk,2.384185791015625e-07,2.248708486557007,True,834,None
KCdebQ[mbMKk,2.384185791015625e-07,7.892717599868774,True,1103,None
KCdebQ[jbiK[,2.384185791015625e-07,2.3897147178649902,True,901,None
KCdebQ[yPNMo,4.76837158203125e-07,1.4737937450408936,True,666,None
KCdebQ[ijMMg,2.384185791015625e-07,3.184723138809204,True,881,None
KCdebIwv@VKw,2.384185791015625e-07,4.1478352546691895,True,988,None
KCdebIwnAVKw,7.152557373046875e-07,4.656442165374756,True,1015,None
KCdebIw{a]Dk,4.76837158203125e-07,15.381269693374634,True,1348,None
KCdebIwu`ZKw,2.384185791015625e-07,5.193948745727539,True,1021,None
KCdebIwmaZKw,2.384185791015625e-07,64.25375390052795,True,1519,None
KCdebIwtbUDk,2.384185791015625e-07,0.5305898189544678,True,401,None
KCdebIwfbRKw,2.384185791015625e-07,1.980863094329834,True,643,None
KCdebIwtP]LS,2.384185791015625e-07,3.5951530933380127,True,984,None
KCdebIwfRLLW,2.384185791015625e-07,1.0684714317321777,True,494,None
KCdebIwdrYLS,2.384185791015625e-07,0.3583195209503174,True,312,None
KCdebIwuH]Kw,2.384185791015625e-07,0.6655905246734619,True,396,None
KCdebIwmI]Kw,2.384185791015625e-07,1.507194995880127,True,586,None
KCdebIwfJUKw,2.384185791015625e-07,5.034385442733765,True,898,None
KCdebHkmcuKk,4.76837158203125e-07,35.33009386062622,True,1229,None
KCdebHkYtiRS,2.384185791015625e-07,3.65777325630188,True,966,None
KCdebHkyKmFW,2.384185791015625e-07,3.965707540512085,True,1041,None
KCdebHkwkyFW,2.384185791015625e-07,1.5619909763336182,True,684,None
KCdcrJoZRMRS,4.76837158203125e-07,162.5626404285431,True,1354,None
KCdcrJofRTKw,4.76837158203125e-07,4.721308469772339,True,1102,None
KCdcrJWmbMKk,2.384185791015625e-07,2.6608595848083496,True,604,None
KCdcrHdpZsVO,2.384185791015625e-07,7.7689127922058105,True,831,None
KCdcrHdX]sVO,2.384185791015625e-07,0.12717127799987793,True,88,None
