G6,emparelhamento,canonical_time,solve_time,qtde_moves,resultado,max_depth
I?B~vrw}?,[(4-9)-(3-8)-(2-7)-(1-6)-(0-5)],3.218650817871094e-05,0.0005860328674316406,0,True,0
I?B~vrw}?,[(4-9)-(3-8)-(2-7)-(1-6)-(0-5)],3.218650817871094e-05,0.0005679130554199219,0,True,0
I?B~vrw}?,[(4-8)-(3-9)-(2-7)-(1-6)-(0-5)],3.2901763916015625e-05,0.0005819797515869141,0,True,0
I?B~vrw}?,[(4-8)-(3-9)-(2-7)-(1-6)-(0-5)],3.218650817871094e-05,0.0006053447723388672,0,True,0
I?B~vrw}?,[(4-9)-(3-7)-(2-8)-(1-6)-(0-5)],6.580352783203125e-05,0.00872039794921875,3,True,3
I?B~vrw}?,[(4-9)-(3-7)-(2-8)-(1-6)-(0-5)],6.29425048828125e-05,0.0036325454711914062,3,True,3
I?B~vrw}?,[(4-7)-(3-9)-(2-8)-(1-6)-(0-5)],3.4809112548828125e-05,0.004502534866333008,3,True,3
I?B~vrw}?,[(4-7)-(3-9)-(2-8)-(1-6)-(0-5)],3.314018249511719e-05,0.0036513805389404297,3,True,3
I?B~vrw}?,[(4-8)-(3-7)-(2-9)-(1-6)-(0-5)],3.361701965332031e-05,0.008463621139526367,3,True,3
I?B~vrw}?,[(4-8)-(3-7)-(2-9)-(1-6)-(0-5)],3.314018249511719e-05,0.0036439895629882812,3,True,3
I?B~vrw}?,[(4-7)-(3-8)-(2-9)-(1-6)-(0-5)],3.337860107421875e-05,0.008312463760375977,3,True,3
I?B~vrw}?,[(4-7)-(3-8)-(2-9)-(1-6)-(0-5)],3.266334533691406e-05,0.003682374954223633,3,True,3
I?B~vrw}?,[(4-9)-(3-8)-(2-6)-(1-7)-(0-5)],3.314018249511719e-05,0.004011631011962891,3,True,3
I?B~vrw}?,[(4-9)-(3-8)-(2-6)-(1-7)-(0-5)],3.1948089599609375e-05,0.0026018619537353516,2,True,2
I?B~vrw}?,[(4-8)-(3-9)-(2-6)-(1-7)-(0-5)],3.314018249511719e-05,0.004005908966064453,3,True,3
I?B~vrw}?,[(4-8)-(3-9)-(2-6)-(1-7)-(0-5)],3.218650817871094e-05,0.0035469532012939453,2,True,2
I?B~vrw}?,[(4-9)-(3-6)-(2-8)-(1-7)-(0-5)],3.3855438232421875e-05,0.013289690017700195,0,False,2
I?B~vrw}?,[(4-9)-(3-6)-(2-8)-(1-7)-(0-5)],3.266334533691406e-05,0.012760162353515625,0,False,2
I?B~vrw}?,[(4-6)-(3-9)-(2-8)-(1-7)-(0-5)],3.337860107421875e-05,0.012861251831054688,0,False,2
I?B~vrw}?,[(4-6)-(3-9)-(2-8)-(1-7)-(0-5)],3.1948089599609375e-05,0.012546777725219727,0,False,2
I?bvvrw^?,[(5-9)-(3-8)-(2-7)-(1-6)-(0-4)],3.266334533691406e-05,0.00950479507446289,7,True,7
I?bvvrw^?,[(5-9)-(3-8)-(2-7)-(1-6)-(0-4)],3.2901763916015625e-05,0.013202190399169922,4,True,4
I?bvvrw^?,[(5-9)-(3-7)-(2-8)-(1-6)-(0-4)],3.4332275390625e-05,0.0024085044860839844,2,True,2
I?bvvrw^?,[(5-9)-(3-7)-(2-8)-(1-6)-(0-4)],3.218650817871094e-05,0.0024085044860839844,2,True,2
I?bvvrw^?,[(5-9)-(3-8)-(2-6)-(1-7)-(0-4)],3.24249267578125e-05,0.0053882598876953125,4,True,4
I?bvvrw^?,[(5-9)-(3-8)-(2-6)-(1-7)-(0-4)],3.170967102050781e-05,0.01313638687133789,4,True,4
I?bvvrw^?,[(5-9)-(3-6)-(2-8)-(1-7)-(0-4)],3.2901763916015625e-05,0.00238037109375,2,True,2
I?bvvrw^?,[(5-9)-(3-6)-(2-8)-(1-7)-(0-4)],3.170967102050781e-05,0.002398252487182617,2,True,2
I?bvvrw^?,[(5-9)-(3-7)-(2-6)-(1-8)-(0-4)],3.218650817871094e-05,0.0013697147369384766,1,True,1
I?bvvrw^?,[(5-9)-(3-7)-(2-6)-(1-8)-(0-4)],3.1948089599609375e-05,0.004648685455322266,4,True,4
I?bvvrw^?,[(5-9)-(3-6)-(2-7)-(1-8)-(0-4)],3.2901763916015625e-05,0.006467103958129883,4,True,4
I?bvvrw^?,[(5-9)-(3-6)-(2-7)-(1-8)-(0-4)],3.170967102050781e-05,0.004761219024658203,4,True,4
I?bvvrw^?,[(4-9)-(3-8)-(2-7)-(1-6)-(0-5)],3.1948089599609375e-05,0.0005888938903808594,0,True,0
I?bvvrw^?,[(4-9)-(3-8)-(2-7)-(1-6)-(0-5)],3.147125244140625e-05,0.0005719661712646484,0,True,0
I?bvvrw^?,[(4-8)-(3-9)-(2-7)-(1-6)-(0-5)],3.218650817871094e-05,0.02102375030517578,4,True,4
I?bvvrw^?,[(4-8)-(3-9)-(2-7)-(1-6)-(0-5)],3.552436828613281e-05,0.003640413284301758,3,True,3
I?bvvrw^?,[(4-9)-(3-7)-(2-8)-(1-6)-(0-5)],3.2901763916015625e-05,0.0046002864837646484,3,True,3
I?bvvrw^?,[(4-9)-(3-7)-(2-8)-(1-6)-(0-5)],3.552436828613281e-05,0.0037026405334472656,3,True,3
I?bvvrw^?,[(4-7)-(3-9)-(2-8)-(1-6)-(0-5)],3.24249267578125e-05,0.015700817108154297,7,True,7
I?bvvrw^?,[(4-7)-(3-9)-(2-8)-(1-6)-(0-5)],3.147125244140625e-05,0.003628969192504883,3,True,3
I?rvfrwN_,[(6-9)-(3-8)-(2-7)-(1-5)-(0-4)],3.24249267578125e-05,0.002804279327392578,2,True,2
I?rvfrwN_,[(6-9)-(3-8)-(2-7)-(1-5)-(0-4)],3.123283386230469e-05,0.0013320446014404297,1,True,1
I?rvfrwN_,[(6-9)-(3-7)-(2-8)-(1-5)-(0-4)],3.266334533691406e-05,0.0013527870178222656,1,True,1
I?rvfrwN_,[(6-9)-(3-7)-(2-8)-(1-5)-(0-4)],3.4332275390625e-05,0.0017747879028320312,1,True,1
I?rvfrwN_,[(5-9)-(3-8)-(2-7)-(1-6)-(0-4)],3.218650817871094e-05,0.0024275779724121094,2,True,2
I?rvfrwN_,[(5-9)-(3-8)-(2-7)-(1-6)-(0-4)],3.075599670410156e-05,0.0037751197814941406,3,True,3
I?rvfrwN_,[(5-9)-(3-7)-(2-8)-(1-6)-(0-4)],3.62396240234375e-05,0.0024840831756591797,2,True,2
I?rvfrwN_,[(5-9)-(3-7)-(2-8)-(1-6)-(0-4)],3.123283386230469e-05,0.0216825008392334,7,True,7
I?rvfrwN_,[(6-9)-(3-8)-(2-5)-(1-7)-(0-4)],3.1948089599609375e-05,0.0078105926513671875,4,True,4
I?rvfrwN_,[(6-9)-(3-8)-(2-5)-(1-7)-(0-4)],3.1948089599609375e-05,0.0036554336547851562,3,True,3
I?rvfrwN_,[(5-9)-(3-8)-(2-6)-(1-7)-(0-4)],3.314018249511719e-05,0.003630399703979492,3,True,3
I?rvfrwN_,[(5-9)-(3-8)-(2-6)-(1-7)-(0-4)],3.1948089599609375e-05,0.0026154518127441406,2,True,2
I?rvfrwN_,[(6-9)-(3-5)-(2-8)-(1-7)-(0-4)],3.170967102050781e-05,0.0046770572662353516,4,True,4
I?rvfrwN_,[(6-9)-(3-5)-(2-8)-(1-7)-(0-4)],3.0994415283203125e-05,0.0023946762084960938,2,True,2
I?rvfrwN_,[(5-9)-(3-6)-(2-8)-(1-7)-(0-4)],3.1948089599609375e-05,0.002363920211791992,2,True,2
I?rvfrwN_,[(5-9)-(3-6)-(2-8)-(1-7)-(0-4)],3.147125244140625e-05,0.0023415088653564453,2,True,2
I?rvfrwN_,[(6-9)-(3-7)-(2-5)-(1-8)-(0-4)],3.218650817871094e-05,0.01924610137939453,5,True,6
I?rvfrwN_,[(6-9)-(3-7)-(2-5)-(1-8)-(0-4)],3.24249267578125e-05,0.005819559097290039,5,True,5
I?rvfrwN_,[(5-9)-(3-7)-(2-6)-(1-8)-(0-4)],3.218650817871094e-05,0.006394147872924805,3,True,3
I?rvfrwN_,[(5-9)-(3-7)-(2-6)-(1-8)-(0-4)],3.123283386230469e-05,0.009417295455932617,4,True,5
I?q~frw\\_,[(5-9)-(3-8)-(2-7)-(1-6)-(0-4)],3.266334533691406e-05,0.0013647079467773438,1,True,1
I?q~frw\\_,[(5-9)-(3-8)-(2-7)-(1-6)-(0-4)],3.218650817871094e-05,0.0013442039489746094,1,True,1
I?q~frw\\_,[(5-9)-(3-7)-(2-8)-(1-6)-(0-4)],3.24249267578125e-05,0.007965326309204102,5,True,5
I?q~frw\\_,[(5-9)-(3-7)-(2-8)-(1-6)-(0-4)],3.1948089599609375e-05,0.0023517608642578125,2,True,2
I?q~frw\\_,[(6-9)-(3-8)-(2-5)-(1-7)-(0-4)],3.361701965332031e-05,0.0019724369049072266,1,True,1
I?q~frw\\_,[(6-9)-(3-8)-(2-5)-(1-7)-(0-4)],3.170967102050781e-05,0.0045130252838134766,2,True,2
I?q~frw\\_,[(5-9)-(3-8)-(2-6)-(1-7)-(0-4)],3.337860107421875e-05,0.008520126342773438,3,True,3
I?q~frw\\_,[(5-9)-(3-8)-(2-6)-(1-7)-(0-4)],3.1948089599609375e-05,0.001798868179321289,1,True,1
I?q~frw\\_,[(6-9)-(3-5)-(2-8)-(1-7)-(0-4)],3.314018249511719e-05,0.024726390838623047,0,False,11
I?q~frw\\_,[(6-9)-(3-5)-(2-8)-(1-7)-(0-4)],3.552436828613281e-05,0.004900693893432617,4,True,4
I?q~frw\\_,[(5-9)-(3-6)-(2-8)-(1-7)-(0-4)],3.695487976074219e-05,0.0022935867309570312,1,True,1
I?q~frw\\_,[(5-9)-(3-6)-(2-8)-(1-7)-(0-4)],3.24249267578125e-05,0.004350423812866211,1,True,3
I?q~frw\\_,[(6-9)-(3-7)-(2-5)-(1-8)-(0-4)],3.314018249511719e-05,0.0014810562133789062,1,True,1
I?q~frw\\_,[(6-9)-(3-7)-(2-5)-(1-8)-(0-4)],3.170967102050781e-05,0.0034263134002685547,3,True,3
I?q~frw\\_,[(5-9)-(3-7)-(2-6)-(1-8)-(0-4)],3.24249267578125e-05,0.003726959228515625,3,True,3
I?q~frw\\_,[(5-9)-(3-7)-(2-6)-(1-8)-(0-4)],3.1948089599609375e-05,0.0013794898986816406,1,True,1
I?q~frw\\_,[(6-9)-(3-5)-(2-7)-(1-8)-(0-4)],3.266334533691406e-05,0.004975318908691406,4,True,4
I?q~frw\\_,[(6-9)-(3-5)-(2-7)-(1-8)-(0-4)],3.170967102050781e-05,0.0044901371002197266,4,True,4
I?q~frw\\_,[(5-9)-(3-6)-(2-7)-(1-8)-(0-4)],3.266334533691406e-05,0.004618167877197266,3,True,3
I?q~frw\\_,[(5-9)-(3-6)-(2-7)-(1-8)-(0-4)],3.218650817871094e-05,0.0013363361358642578,1,True,1
I?q~fjw]_,[(5-7)-(3-9)-(2-8)-(1-6)-(0-4)],3.266334533691406e-05,0.003719806671142578,2,True,2
I?q~fjw]_,[(5-7)-(3-9)-(2-8)-(1-6)-(0-4)],3.24249267578125e-05,0.0023190975189208984,1,True,1
I?q~fjw]_,[(5-7)-(3-8)-(2-9)-(1-6)-(0-4)],5.4836273193359375e-05,0.007021903991699219,2,True,4
I?q~fjw]_,[(5-7)-(3-8)-(2-9)-(1-6)-(0-4)],6.222724914550781e-05,0.0014829635620117188,1,True,1
I?q~fjw]_,[(6-9)-(3-8)-(2-5)-(1-7)-(0-4)],3.314018249511719e-05,0.004400491714477539,3,True,3
I?q~fjw]_,[(6-9)-(3-8)-(2-5)-(1-7)-(0-4)],3.2901763916015625e-05,0.013969182968139648,3,True,4
I?q~fjw]_,[(6-9)-(3-5)-(2-8)-(1-7)-(0-4)],3.3855438232421875e-05,0.0037260055541992188,3,True,3
I?q~fjw]_,[(6-9)-(3-5)-(2-8)-(1-7)-(0-4)],3.2901763916015625e-05,0.014452457427978516,3,True,5
I?q~fjw]_,[(6-9)-(3-7)-(2-5)-(1-8)-(0-4)],3.337860107421875e-05,0.013433218002319336,8,True,8
I?q~fjw]_,[(6-9)-(3-7)-(2-5)-(1-8)-(0-4)],3.266334533691406e-05,0.002700328826904297,2,True,2
I?q~fjw]_,[(5-7)-(3-9)-(2-6)-(1-8)-(0-4)],3.337860107421875e-05,0.0013620853424072266,1,True,1
I?q~fjw]_,[(5-7)-(3-9)-(2-6)-(1-8)-(0-4)],3.266334533691406e-05,0.0013380050659179688,1,True,1
I?q~fjw]_,[(6-9)-(3-5)-(2-7)-(1-8)-(0-4)],3.2901763916015625e-05,0.01354360580444336,6,True,9
I?q~fjw]_,[(6-9)-(3-5)-(2-7)-(1-8)-(0-4)],3.2901763916015625e-05,0.0035216808319091797,3,True,3
I?q~fjw]_,[(5-7)-(3-6)-(2-9)-(1-8)-(0-4)],3.695487976074219e-05,0.007691860198974609,6,True,6
I?q~fjw]_,[(5-7)-(3-6)-(2-9)-(1-8)-(0-4)],3.170967102050781e-05,0.0023086071014404297,1,True,1
I?q~fjw]_,[(5-7)-(3-8)-(2-6)-(1-9)-(0-4)],3.2901763916015625e-05,0.0014905929565429688,1,True,1
I?q~fjw]_,[(5-7)-(3-8)-(2-6)-(1-9)-(0-4)],3.170967102050781e-05,0.003442525863647461,3,True,3
I?q~fjw]_,[(5-7)-(3-6)-(2-8)-(1-9)-(0-4)],3.314018249511719e-05,0.005994081497192383,5,True,5
I?q~fjw]_,[(5-7)-(3-6)-(2-8)-(1-9)-(0-4)],3.1948089599609375e-05,0.003141641616821289,3,True,3
I?q~ffw^?,[(5-9)-(3-8)-(2-7)-(1-6)-(0-4)],3.266334533691406e-05,0.010115385055541992,4,True,4
I?q~ffw^?,[(5-9)-(3-8)-(2-7)-(1-6)-(0-4)],3.24249267578125e-05,0.0015311241149902344,1,True,1
I?q~ffw^?,[(5-9)-(3-7)-(2-8)-(1-6)-(0-4)],3.24249267578125e-05,0.014186620712280273,2,True,2
I?q~ffw^?,[(5-9)-(3-7)-(2-8)-(1-6)-(0-4)],3.24249267578125e-05,0.008103132247924805,6,True,6
I?q~ffw^?,[(5-9)-(3-8)-(2-6)-(1-7)-(0-4)],3.409385681152344e-05,0.0046236515045166016,4,True,4
I?q~ffw^?,[(5-9)-(3-8)-(2-6)-(1-7)-(0-4)],3.218650817871094e-05,0.0013341903686523438,1,True,1
I?q~ffw^?,[(5-9)-(3-6)-(2-8)-(1-7)-(0-4)],3.218650817871094e-05,0.0024442672729492188,2,True,2
I?q~ffw^?,[(5-9)-(3-6)-(2-8)-(1-7)-(0-4)],3.147125244140625e-05,0.0013964176177978516,1,True,1
I?q~ffw^?,[(6-7)-(3-9)-(2-5)-(1-8)-(0-4)],3.218650817871094e-05,0.008440256118774414,5,True,5
I?q~ffw^?,[(6-7)-(3-9)-(2-5)-(1-8)-(0-4)],3.1948089599609375e-05,0.004873037338256836,4,True,4
I?q~ffw^?,[(5-9)-(3-7)-(2-6)-(1-8)-(0-4)],3.24249267578125e-05,0.004677534103393555,4,True,4
I?q~ffw^?,[(5-9)-(3-7)-(2-6)-(1-8)-(0-4)],3.147125244140625e-05,0.0013499259948730469,1,True,1
I?q~ffw^?,[(5-9)-(3-6)-(2-7)-(1-8)-(0-4)],3.266334533691406e-05,0.006783246994018555,4,True,4
I?q~ffw^?,[(5-9)-(3-6)-(2-7)-(1-8)-(0-4)],3.1948089599609375e-05,0.001325845718383789,1,True,1
I?q~ffw^?,[(6-7)-(3-5)-(2-9)-(1-8)-(0-4)],3.218650817871094e-05,0.0038826465606689453,3,True,3
I?q~ffw^?,[(6-7)-(3-5)-(2-9)-(1-8)-(0-4)],3.170967102050781e-05,0.009662628173828125,4,True,4
I?q~ffw^?,[(6-7)-(3-8)-(2-5)-(1-9)-(0-4)],3.218650817871094e-05,0.0032727718353271484,3,True,3
I?q~ffw^?,[(6-7)-(3-8)-(2-5)-(1-9)-(0-4)],3.218650817871094e-05,0.005959987640380859,3,True,4
I?q~ffw^?,[(6-7)-(3-5)-(2-8)-(1-9)-(0-4)],3.266334533691406e-05,0.02327418327331543,5,True,5
I?q~ffw^?,[(6-7)-(3-5)-(2-8)-(1-9)-(0-4)],3.600120544433594e-05,0.005342721939086914,4,True,4
I?zVdzw\\_,[(6-9)-(3-8)-(2-7)-(1-5)-(0-4)],3.24249267578125e-05,0.012964963912963867,4,True,4
I?zVdzw\\_,[(6-9)-(3-8)-(2-7)-(1-5)-(0-4)],3.266334533691406e-05,0.0005669593811035156,0,True,0
I?zVdzw\\_,[(6-9)-(3-7)-(2-8)-(1-5)-(0-4)],3.361701965332031e-05,0.002597808837890625,2,True,2
I?zVdzw\\_,[(6-9)-(3-7)-(2-8)-(1-5)-(0-4)],3.218650817871094e-05,0.007682323455810547,6,True,6
I?zVdzw\\_,[(5-9)-(3-8)-(2-7)-(1-6)-(0-4)],3.361701965332031e-05,0.004866600036621094,4,True,4
I?zVdzw\\_,[(5-9)-(3-8)-(2-7)-(1-6)-(0-4)],3.24249267578125e-05,0.003936052322387695,3,True,3
I?zVdzw\\_,[(5-9)-(3-7)-(2-8)-(1-6)-(0-4)],3.3855438232421875e-05,0.0041234493255615234,3,True,3
I?zVdzw\\_,[(5-9)-(3-7)-(2-8)-(1-6)-(0-4)],3.24249267578125e-05,0.005957841873168945,4,True,4
I?zVdzw\\_,[(5-7)-(3-9)-(2-8)-(1-6)-(0-4)],3.337860107421875e-05,0.031224489212036133,9,True,9
I?zVdzw\\_,[(5-7)-(3-9)-(2-8)-(1-6)-(0-4)],3.266334533691406e-05,0.0034818649291992188,3,True,3
I?zVdzw\\_,[(5-7)-(3-8)-(2-9)-(1-6)-(0-4)],3.2901763916015625e-05,0.0023441314697265625,1,True,1
I?zVdzw\\_,[(5-7)-(3-8)-(2-9)-(1-6)-(0-4)],3.1948089599609375e-05,0.009794473648071289,4,True,4
I?zVdzw\\_,[(5-9)-(3-7)-(2-6)-(1-8)-(0-4)],4.029273986816406e-05,0.0005927085876464844,0,True,0
I?zVdzw\\_,[(5-9)-(3-7)-(2-6)-(1-8)-(0-4)],3.218650817871094e-05,0.003637075424194336,3,True,3
I?zVdzw\\_,[(5-7)-(3-9)-(2-6)-(1-8)-(0-4)],3.2901763916015625e-05,0.00254058837890625,2,True,2
I?zVdzw\\_,[(5-7)-(3-9)-(2-6)-(1-8)-(0-4)],3.1948089599609375e-05,0.004696846008300781,3,True,3
I?zVdzw\\_,[(6-9)-(3-5)-(2-7)-(1-8)-(0-4)],3.314018249511719e-05,0.001401662826538086,1,True,1
I?zVdzw\\_,[(6-9)-(3-5)-(2-7)-(1-8)-(0-4)],3.170967102050781e-05,0.035849809646606445,5,True,8
I?zVdzw\\_,[(5-9)-(3-6)-(2-7)-(1-8)-(0-4)],3.266334533691406e-05,0.0013501644134521484,1,True,1
I?zVdzw\\_,[(5-9)-(3-6)-(2-7)-(1-8)-(0-4)],3.1948089599609375e-05,0.002228260040283203,2,True,2
I?zVfe{^?,[(6-7)-(3-9)-(2-8)-(1-5)-(0-4)],3.218650817871094e-05,0.021730422973632812,12,True,12
I?zVfe{^?,[(6-7)-(3-9)-(2-8)-(1-5)-(0-4)],3.743171691894531e-05,0.004645824432373047,4,True,4
I?zVfe{^?,[(6-7)-(3-8)-(2-9)-(1-5)-(0-4)],3.361701965332031e-05,0.022609472274780273,2,True,6
I?zVfe{^?,[(6-7)-(3-8)-(2-9)-(1-5)-(0-4)],3.24249267578125e-05,0.015959978103637695,8,True,8
I?zVfe{^?,[(5-9)-(3-8)-(2-7)-(1-6)-(0-4)],3.314018249511719e-05,0.0048122406005859375,3,True,3
I?zVfe{^?,[(5-9)-(3-8)-(2-7)-(1-6)-(0-4)],3.266334533691406e-05,0.0022306442260742188,2,True,2
I?zVfe{^?,[(5-8)-(3-9)-(2-7)-(1-6)-(0-4)],3.2901763916015625e-05,0.0023255348205566406,1,True,1
I?zVfe{^?,[(5-8)-(3-9)-(2-7)-(1-6)-(0-4)],3.170967102050781e-05,0.004477739334106445,2,True,3
I?zVfe{^?,[(5-9)-(3-7)-(2-8)-(1-6)-(0-4)],3.2901763916015625e-05,0.004460811614990234,2,True,2
I?zVfe{^?,[(5-9)-(3-7)-(2-8)-(1-6)-(0-4)],3.170967102050781e-05,0.004497051239013672,3,True,3
I?zVfe{^?,[(5-8)-(3-7)-(2-9)-(1-6)-(0-4)],3.4332275390625e-05,0.002344846725463867,2,True,2
I?zVfe{^?,[(5-8)-(3-7)-(2-9)-(1-6)-(0-4)],3.170967102050781e-05,0.00873565673828125,3,True,3
I?zVfe{^?,[(5-9)-(3-8)-(2-6)-(1-7)-(0-4)],3.266334533691406e-05,0.0014019012451171875,1,True,1
I?zVfe{^?,[(5-9)-(3-8)-(2-6)-(1-7)-(0-4)],3.147125244140625e-05,0.0023801326751708984,2,True,2
I?zVfe{^?,[(5-8)-(3-9)-(2-6)-(1-7)-(0-4)],3.266334533691406e-05,0.0034406185150146484,3,True,3
I?zVfe{^?,[(5-8)-(3-9)-(2-6)-(1-7)-(0-4)],3.0994415283203125e-05,0.004199981689453125,2,True,2
I?zVfe{^?,[(5-9)-(3-6)-(2-8)-(1-7)-(0-4)],3.2901763916015625e-05,0.006256103515625,5,True,5
I?zVfe{^?,[(5-9)-(3-6)-(2-8)-(1-7)-(0-4)],3.1948089599609375e-05,0.0049784183502197266,4,True,4
I?zVfe{^?,[(5-8)-(3-6)-(2-9)-(1-7)-(0-4)],3.314018249511719e-05,0.005303382873535156,3,True,3
I?zVfe{^?,[(5-8)-(3-6)-(2-9)-(1-7)-(0-4)],3.147125244140625e-05,0.0013327598571777344,1,True,1
ICRvTzw]_,[(6-9)-(5-7)-(2-8)-(1-4)-(0-3)],3.218650817871094e-05,0.002485990524291992,2,True,2
ICRvTzw]_,[(6-9)-(5-7)-(2-8)-(1-4)-(0-3)],3.218650817871094e-05,0.01056218147277832,8,True,8
ICRvTzw]_,[(6-9)-(4-8)-(2-7)-(1-5)-(0-3)],3.3855438232421875e-05,0.00506281852722168,4,True,4
ICRvTzw]_,[(6-9)-(4-8)-(2-7)-(1-5)-(0-3)],3.314018249511719e-05,0.004494190216064453,2,True,2
ICRvTzw]_,[(6-9)-(4-7)-(2-8)-(1-5)-(0-3)],3.3855438232421875e-05,0.003617525100708008,3,True,3
ICRvTzw]_,[(6-9)-(4-7)-(2-8)-(1-5)-(0-3)],3.266334533691406e-05,0.0047376155853271484,4,True,4
ICRvTzw]_,[(5-7)-(4-9)-(2-8)-(1-6)-(0-3)],3.337860107421875e-05,0.04522085189819336,0,False,7
ICRvTzw]_,[(5-7)-(4-9)-(2-8)-(1-6)-(0-3)],3.409385681152344e-05,0.01041555404663086,4,True,4
ICRvTzw]_,[(5-7)-(4-8)-(2-9)-(1-6)-(0-3)],3.337860107421875e-05,0.0027565956115722656,2,True,2
ICRvTzw]_,[(5-7)-(4-8)-(2-9)-(1-6)-(0-3)],3.218650817871094e-05,0.01590251922607422,6,True,6
ICRvTzw]_,[(6-9)-(4-7)-(2-5)-(1-8)-(0-3)],3.314018249511719e-05,0.009019613265991211,7,True,7
ICRvTzw]_,[(6-9)-(4-7)-(2-5)-(1-8)-(0-3)],3.2901763916015625e-05,0.0034902095794677734,3,True,3
ICRvTzw]_,[(5-7)-(4-9)-(2-6)-(1-8)-(0-3)],3.314018249511719e-05,0.044808387756347656,0,False,7
ICRvTzw]_,[(5-7)-(4-9)-(2-6)-(1-8)-(0-3)],3.528594970703125e-05,0.004595279693603516,2,True,2
ICRvTzw]_,[(5-7)-(4-6)-(2-9)-(1-8)-(0-3)],3.337860107421875e-05,0.0034842491149902344,3,True,3
ICRvTzw]_,[(5-7)-(4-6)-(2-9)-(1-8)-(0-3)],3.2901763916015625e-05,0.006098747253417969,5,True,5
ICRvTzw]_,[(5-7)-(4-8)-(2-6)-(1-9)-(0-3)],3.314018249511719e-05,0.0259554386138916,4,True,7
ICRvTzw]_,[(5-7)-(4-8)-(2-6)-(1-9)-(0-3)],3.218650817871094e-05,0.008903026580810547,5,True,5
ICRvTzw]_,[(5-7)-(4-6)-(2-8)-(1-9)-(0-3)],3.361701965332031e-05,0.0034983158111572266,3,True,3
ICRvTzw]_,[(5-7)-(4-6)-(2-8)-(1-9)-(0-3)],3.147125244140625e-05,0.00488734245300293,3,True,3
ICRvRzwm_,[(6-9)-(5-7)-(2-8)-(1-4)-(0-3)],3.266334533691406e-05,0.005939483642578125,5,True,5
ICRvRzwm_,[(6-9)-(5-7)-(2-8)-(1-4)-(0-3)],3.218650817871094e-05,0.11169672012329102,0,False,8
ICRvRzwm_,[(6-9)-(4-8)-(2-7)-(1-5)-(0-3)],3.266334533691406e-05,0.0014920234680175781,1,True,1
ICRvRzwm_,[(6-9)-(4-8)-(2-7)-(1-5)-(0-3)],3.1948089599609375e-05,0.007529258728027344,5,True,5
ICRvRzwm_,[(6-9)-(4-7)-(2-8)-(1-5)-(0-3)],3.24249267578125e-05,0.0036551952362060547,3,True,3
ICRvRzwm_,[(6-9)-(4-7)-(2-8)-(1-5)-(0-3)],3.8623809814453125e-05,0.0025632381439208984,2,True,2
ICRvRzwm_,[(5-7)-(4-9)-(2-8)-(1-6)-(0-3)],3.266334533691406e-05,0.02077317237854004,4,True,4
ICRvRzwm_,[(5-7)-(4-9)-(2-8)-(1-6)-(0-3)],3.266334533691406e-05,0.023714065551757812,4,True,6
ICRvRzwm_,[(5-7)-(4-8)-(2-9)-(1-6)-(0-3)],3.266334533691406e-05,0.006305217742919922,5,True,5
ICRvRzwm_,[(5-7)-(4-8)-(2-9)-(1-6)-(0-3)],3.170967102050781e-05,0.00350189208984375,3,True,3
ICRvRzwm_,[(6-9)-(4-8)-(2-5)-(1-7)-(0-3)],3.337860107421875e-05,0.0033311843872070312,1,True,2
ICRvRzwm_,[(6-9)-(4-8)-(2-5)-(1-7)-(0-3)],3.147125244140625e-05,0.0033986568450927734,3,True,3
ICRvRzwm_,[(6-9)-(4-7)-(2-5)-(1-8)-(0-3)],3.2901763916015625e-05,0.0013971328735351562,1,True,1
ICRvRzwm_,[(6-9)-(4-7)-(2-5)-(1-8)-(0-3)],3.170967102050781e-05,0.0024161338806152344,1,True,1
ICRvRzwm_,[(5-7)-(4-9)-(2-6)-(1-8)-(0-3)],3.218650817871094e-05,0.010364532470703125,3,True,4
ICRvRzwm_,[(5-7)-(4-9)-(2-6)-(1-8)-(0-3)],3.218650817871094e-05,0.003742694854736328,3,True,3
ICRvRzwm_,[(5-7)-(4-6)-(2-9)-(1-8)-(0-3)],3.266334533691406e-05,0.003567934036254883,3,True,3
ICRvRzwm_,[(5-7)-(4-6)-(2-9)-(1-8)-(0-3)],3.170967102050781e-05,0.0032606124877929688,1,True,2
ICRvRzwm_,[(6-9)-(3-8)-(2-7)-(1-4)-(0-5)],3.647804260253906e-05,0.020539283752441406,4,True,4
ICRvRzwm_,[(6-9)-(3-8)-(2-7)-(1-4)-(0-5)],3.2901763916015625e-05,0.002585172653198242,2,True,2
ICrffp{N_,[(6-9)-(5-8)-(2-7)-(1-4)-(0-3)],3.24249267578125e-05,0.0013589859008789062,1,True,1
ICrffp{N_,[(6-9)-(5-8)-(2-7)-(1-4)-(0-3)],3.1948089599609375e-05,0.0013349056243896484,1,True,1
ICrffp{N_,[(6-9)-(4-8)-(2-7)-(1-5)-(0-3)],3.2901763916015625e-05,0.0013916492462158203,1,True,1
ICrffp{N_,[(6-9)-(4-8)-(2-7)-(1-5)-(0-3)],3.123283386230469e-05,0.004825115203857422,4,True,4
ICrffp{N_,[(6-9)-(4-7)-(2-8)-(1-5)-(0-3)],3.24249267578125e-05,0.0023543834686279297,2,True,2
ICrffp{N_,[(6-9)-(4-7)-(2-8)-(1-5)-(0-3)],3.123283386230469e-05,0.002862215042114258,2,True,2
ICrffp{N_,[(5-9)-(4-8)-(2-7)-(1-6)-(0-3)],3.24249267578125e-05,0.004836320877075195,4,True,4
ICrffp{N_,[(5-9)-(4-8)-(2-7)-(1-6)-(0-3)],3.170967102050781e-05,0.0023050308227539062,1,True,1
ICrffp{N_,[(5-8)-(4-9)-(2-7)-(1-6)-(0-3)],3.266334533691406e-05,0.0028297901153564453,2,True,2
ICrffp{N_,[(5-8)-(4-9)-(2-7)-(1-6)-(0-3)],3.9577484130859375e-05,0.013199567794799805,4,True,4
ICrffp{N_,[(5-9)-(4-7)-(2-8)-(1-6)-(0-3)],3.409385681152344e-05,0.0013573169708251953,1,True,1
ICrffp{N_,[(5-9)-(4-7)-(2-8)-(1-6)-(0-3)],3.147125244140625e-05,0.0025637149810791016,2,True,2
ICrffp{N_,[(5-8)-(4-7)-(2-9)-(1-6)-(0-3)],3.24249267578125e-05,0.0014569759368896484,1,True,1
ICrffp{N_,[(5-8)-(4-7)-(2-9)-(1-6)-(0-3)],3.123283386230469e-05,0.0034248828887939453,3,True,3
ICrffp{N_,[(6-9)-(4-8)-(2-5)-(1-7)-(0-3)],3.266334533691406e-05,0.0023660659790039062,2,True,2
ICrffp{N_,[(6-9)-(4-8)-(2-5)-(1-7)-(0-3)],3.147125244140625e-05,0.008752584457397461,3,True,3
ICrffp{N_,[(5-9)-(4-8)-(2-6)-(1-7)-(0-3)],3.266334533691406e-05,0.006301164627075195,3,True,4
ICrffp{N_,[(5-9)-(4-8)-(2-6)-(1-7)-(0-3)],3.218650817871094e-05,0.009026527404785156,3,True,3
ICrffp{N_,[(5-8)-(4-9)-(2-6)-(1-7)-(0-3)],3.314018249511719e-05,0.0052068233489990234,4,True,4
ICrffp{N_,[(5-8)-(4-9)-(2-6)-(1-7)-(0-3)],3.147125244140625e-05,0.008169174194335938,2,True,2
ICpvfq{Z_,[(6-9)-(5-8)-(2-7)-(1-4)-(0-3)],3.266334533691406e-05,0.0023577213287353516,2,True,2
ICpvfq{Z_,[(6-9)-(5-8)-(2-7)-(1-4)-(0-3)],3.170967102050781e-05,0.001383066177368164,1,True,1
ICpvfq{Z_,[(6-9)-(4-8)-(2-7)-(1-5)-(0-3)],3.24249267578125e-05,0.008501768112182617,5,True,5
ICpvfq{Z_,[(6-9)-(4-8)-(2-7)-(1-5)-(0-3)],3.2901763916015625e-05,0.002267122268676758,2,True,2
ICpvfq{Z_,[(6-9)-(4-7)-(2-8)-(1-5)-(0-3)],3.2901763916015625e-05,0.002518177032470703,0,False,1
ICpvfq{Z_,[(6-9)-(4-7)-(2-8)-(1-5)-(0-3)],3.147125244140625e-05,0.003808259963989258,2,True,2
ICpvfq{Z_,[(5-9)-(4-8)-(2-7)-(1-6)-(0-3)],3.2901763916015625e-05,0.004578590393066406,3,True,3
ICpvfq{Z_,[(5-9)-(4-8)-(2-7)-(1-6)-(0-3)],3.24249267578125e-05,0.002824544906616211,2,True,2
ICpvfq{Z_,[(5-8)-(4-9)-(2-7)-(1-6)-(0-3)],4.124641418457031e-05,0.0023584365844726562,2,True,2
ICpvfq{Z_,[(5-8)-(4-9)-(2-7)-(1-6)-(0-3)],3.147125244140625e-05,0.0059795379638671875,3,True,4
ICpvfq{Z_,[(5-9)-(4-7)-(2-8)-(1-6)-(0-3)],3.314018249511719e-05,0.0023937225341796875,2,True,2
ICpvfq{Z_,[(5-9)-(4-7)-(2-8)-(1-6)-(0-3)],3.147125244140625e-05,0.0023343563079833984,2,True,2
ICpvfq{Z_,[(5-8)-(4-7)-(2-9)-(1-6)-(0-3)],3.266334533691406e-05,0.002462148666381836,2,True,2
ICpvfq{Z_,[(5-8)-(4-7)-(2-9)-(1-6)-(0-3)],3.170967102050781e-05,0.002424955368041992,2,True,2
ICpvfq{Z_,[(6-9)-(4-8)-(2-5)-(1-7)-(0-3)],3.1948089599609375e-05,0.003313302993774414,1,True,2
ICpvfq{Z_,[(6-9)-(4-8)-(2-5)-(1-7)-(0-3)],3.123283386230469e-05,0.014080286026000977,6,True,6
ICpvfq{Z_,[(5-9)-(4-8)-(2-6)-(1-7)-(0-3)],3.2901763916015625e-05,0.0033185482025146484,2,True,2
ICpvfq{Z_,[(5-9)-(4-8)-(2-6)-(1-7)-(0-3)],3.170967102050781e-05,0.003190755844116211,3,True,3
ICpvfq{Z_,[(5-8)-(4-9)-(2-6)-(1-7)-(0-3)],3.314018249511719e-05,0.0013837814331054688,1,True,1
ICpvfq{Z_,[(5-8)-(4-9)-(2-6)-(1-7)-(0-3)],3.170967102050781e-05,0.007158756256103516,4,True,4
ICpvfZwN_,[(6-9)-(5-7)-(2-8)-(1-4)-(0-3)],4.673004150390625e-05,0.004519939422607422,3,True,3
ICpvfZwN_,[(6-9)-(5-7)-(2-8)-(1-4)-(0-3)],3.24249267578125e-05,0.0014853477478027344,1,True,1
ICpvfZwN_,[(6-9)-(4-8)-(2-7)-(1-5)-(0-3)],3.719329833984375e-05,0.000667572021484375,0,True,0
ICpvfZwN_,[(6-9)-(4-8)-(2-7)-(1-5)-(0-3)],3.266334533691406e-05,0.002655506134033203,2,True,2
ICpvfZwN_,[(6-9)-(4-7)-(2-8)-(1-5)-(0-3)],3.266334533691406e-05,0.0013530254364013672,1,True,1
ICpvfZwN_,[(6-9)-(4-7)-(2-8)-(1-5)-(0-3)],3.147125244140625e-05,0.0051708221435546875,4,True,4
ICpvfZwN_,[(5-9)-(4-8)-(2-7)-(1-6)-(0-3)],3.337860107421875e-05,0.0015223026275634766,1,True,1
ICpvfZwN_,[(5-9)-(4-8)-(2-7)-(1-6)-(0-3)],3.170967102050781e-05,0.0024538040161132812,2,True,2
ICpvfZwN_,[(5-9)-(4-7)-(2-8)-(1-6)-(0-3)],6.175041198730469e-05,0.0015020370483398438,1,True,1
ICpvfZwN_,[(5-9)-(4-7)-(2-8)-(1-6)-(0-3)],3.147125244140625e-05,0.008199691772460938,4,True,4
ICpvfZwN_,[(5-7)-(4-9)-(2-8)-(1-6)-(0-3)],3.218650817871094e-05,0.002369403839111328,2,True,2
ICpvfZwN_,[(5-7)-(4-9)-(2-8)-(1-6)-(0-3)],3.9577484130859375e-05,0.01038813591003418,4,True,4
ICpvfZwN_,[(5-7)-(4-8)-(2-9)-(1-6)-(0-3)],3.24249267578125e-05,0.0024938583374023438,2,True,2
ICpvfZwN_,[(5-7)-(4-8)-(2-9)-(1-6)-(0-3)],3.147125244140625e-05,0.0022950172424316406,2,True,2
ICpvfZwN_,[(6-9)-(4-8)-(2-5)-(1-7)-(0-3)],3.218650817871094e-05,0.003681659698486328,3,True,3
ICpvfZwN_,[(6-9)-(4-8)-(2-5)-(1-7)-(0-3)],3.266334533691406e-05,0.00481867790222168,4,True,4
ICpvfZwN_,[(5-9)-(4-8)-(2-6)-(1-7)-(0-3)],3.1948089599609375e-05,0.003740549087524414,3,True,3
ICpvfZwN_,[(5-9)-(4-8)-(2-6)-(1-7)-(0-3)],3.123283386230469e-05,0.01083683967590332,4,True,4
ICpvfZwN_,[(6-9)-(4-7)-(2-5)-(1-8)-(0-3)],3.1948089599609375e-05,0.008860111236572266,6,True,6
ICpvfZwN_,[(6-9)-(4-7)-(2-5)-(1-8)-(0-3)],3.218650817871094e-05,0.0023870468139648438,2,True,2
ICpvbzwj_,[(6-9)-(5-7)-(2-8)-(1-4)-(0-3)],3.361701965332031e-05,0.011326789855957031,8,True,8
ICpvbzwj_,[(6-9)-(5-7)-(2-8)-(1-4)-(0-3)],3.337860107421875e-05,0.0037984848022460938,3,True,3
ICpvbzwj_,[(6-9)-(4-8)-(2-7)-(1-5)-(0-3)],3.2901763916015625e-05,0.0037178993225097656,3,True,3
ICpvbzwj_,[(6-9)-(4-8)-(2-7)-(1-5)-(0-3)],3.218650817871094e-05,0.004882097244262695,3,True,3
ICpvbzwj_,[(6-9)-(4-7)-(2-8)-(1-5)-(0-3)],3.3855438232421875e-05,0.003747224807739258,3,True,3
ICpvbzwj_,[(6-9)-(4-7)-(2-8)-(1-5)-(0-3)],3.1948089599609375e-05,0.0013878345489501953,1,True,1
ICpvbzwj_,[(5-9)-(4-8)-(2-7)-(1-6)-(0-3)],3.266334533691406e-05,0.0013577938079833984,1,True,1
ICpvbzwj_,[(5-9)-(4-8)-(2-7)-(1-6)-(0-3)],3.147125244140625e-05,0.0006594657897949219,0,True,0
ICpvbzwj_,[(5-9)-(4-7)-(2-8)-(1-6)-(0-3)],3.266334533691406e-05,0.0024204254150390625,2,True,2
ICpvbzwj_,[(5-9)-(4-7)-(2-8)-(1-6)-(0-3)],3.123283386230469e-05,0.0022363662719726562,2,True,2
ICpvbzwj_,[(5-7)-(4-9)-(2-8)-(1-6)-(0-3)],3.1948089599609375e-05,0.0005826950073242188,0,True,0
ICpvbzwj_,[(5-7)-(4-9)-(2-8)-(1-6)-(0-3)],3.2901763916015625e-05,0.005157470703125,4,True,4
ICpvbzwj_,[(5-7)-(4-8)-(2-9)-(1-6)-(0-3)],3.266334533691406e-05,0.08860516548156738,0,False,8
ICpvbzwj_,[(5-7)-(4-8)-(2-9)-(1-6)-(0-3)],3.314018249511719e-05,0.0034270286560058594,3,True,3
ICpvbzwj_,[(6-9)-(4-8)-(2-5)-(1-7)-(0-3)],3.266334533691406e-05,0.0005850791931152344,0,True,0
ICpvbzwj_,[(6-9)-(4-8)-(2-5)-(1-7)-(0-3)],3.147125244140625e-05,0.033873558044433594,0,False,10
ICpvbzwj_,[(5-9)-(4-8)-(2-6)-(1-7)-(0-3)],3.361701965332031e-05,0.002249002456665039,2,True,2
ICpvbzwj_,[(5-9)-(4-8)-(2-6)-(1-7)-(0-3)],3.218650817871094e-05,0.024951696395874023,7,True,7
ICpvbzwj_,[(6-9)-(4-7)-(2-5)-(1-8)-(0-3)],3.24249267578125e-05,0.0071032047271728516,2,True,4
ICpvbzwj_,[(6-9)-(4-7)-(2-5)-(1-8)-(0-3)],3.337860107421875e-05,0.0015001296997070312,1,True,1
ICpvbzkm_,[(6-9)-(5-8)-(2-7)-(1-4)-(0-3)],3.2901763916015625e-05,0.018370389938354492,4,True,4
ICpvbzkm_,[(6-9)-(5-8)-(2-7)-(1-4)-(0-3)],3.266334533691406e-05,0.0034165382385253906,2,True,2
ICpvbzkm_,[(6-9)-(5-7)-(2-8)-(1-4)-(0-3)],3.4332275390625e-05,0.016652584075927734,9,True,9
ICpvbzkm_,[(6-9)-(5-7)-(2-8)-(1-4)-(0-3)],3.409385681152344e-05,0.18190312385559082,0,False,11
ICpvbzkm_,[(6-9)-(4-8)-(2-7)-(1-5)-(0-3)],3.2901763916015625e-05,0.0005834102630615234,0,True,0
ICpvbzkm_,[(6-9)-(4-8)-(2-7)-(1-5)-(0-3)],3.147125244140625e-05,0.002223491668701172,2,True,2
ICpvbzkm_,[(6-9)-(4-7)-(2-8)-(1-5)-(0-3)],3.24249267578125e-05,0.013630151748657227,0,False,6
ICpvbzkm_,[(6-9)-(4-7)-(2-8)-(1-5)-(0-3)],3.123283386230469e-05,0.003531932830810547,3,True,3
ICpvbzkm_,[(5-8)-(4-9)-(2-7)-(1-6)-(0-3)],3.1948089599609375e-05,0.004767656326293945,4,True,4
ICpvbzkm_,[(5-8)-(4-9)-(2-7)-(1-6)-(0-3)],3.075599670410156e-05,0.0005619525909423828,0,True,0
ICpvbzkm_,[(5-7)-(4-9)-(2-8)-(1-6)-(0-3)],3.266334533691406e-05,0.001432180404663086,1,True,1
ICpvbzkm_,[(5-7)-(4-9)-(2-8)-(1-6)-(0-3)],3.075599670410156e-05,0.0022728443145751953,1,True,1
ICpvbzkm_,[(5-8)-(4-7)-(2-9)-(1-6)-(0-3)],3.218650817871094e-05,0.0013649463653564453,1,True,1
ICpvbzkm_,[(5-8)-(4-7)-(2-9)-(1-6)-(0-3)],3.0517578125e-05,0.0034704208374023438,3,True,3
ICpvbzkm_,[(5-7)-(4-8)-(2-9)-(1-6)-(0-3)],3.266334533691406e-05,0.007573366165161133,6,True,6
ICpvbzkm_,[(5-7)-(4-8)-(2-9)-(1-6)-(0-3)],3.123283386230469e-05,0.003332853317260742,2,True,2
ICpvbzkm_,[(6-9)-(4-8)-(2-5)-(1-7)-(0-3)],3.1948089599609375e-05,0.02915334701538086,10,True,11
ICpvbzkm_,[(6-9)-(4-8)-(2-5)-(1-7)-(0-3)],3.2901763916015625e-05,0.009909868240356445,4,True,4
ICpvbzkm_,[(5-8)-(4-9)-(2-6)-(1-7)-(0-3)],3.266334533691406e-05,0.031639814376831055,5,True,5
ICpvbzkm_,[(5-8)-(4-9)-(2-6)-(1-7)-(0-3)],3.2901763916015625e-05,0.0014336109161376953,1,True,1
ICpvTzw\\_,[(6-9)-(5-7)-(2-8)-(1-4)-(0-3)],3.266334533691406e-05,0.0005774497985839844,0,True,0
ICpvTzw\\_,[(6-9)-(5-7)-(2-8)-(1-4)-(0-3)],3.1948089599609375e-05,0.0050961971282958984,4,True,4
ICpvTzw\\_,[(6-9)-(4-8)-(2-7)-(1-5)-(0-3)],6.985664367675781e-05,0.0037577152252197266,3,True,3
ICpvTzw\\_,[(6-9)-(4-8)-(2-7)-(1-5)-(0-3)],3.1948089599609375e-05,0.003489971160888672,3,True,3
ICpvTzw\\_,[(6-9)-(4-7)-(2-8)-(1-5)-(0-3)],3.62396240234375e-05,0.0026481151580810547,1,True,1
ICpvTzw\\_,[(6-9)-(4-7)-(2-8)-(1-5)-(0-3)],3.147125244140625e-05,0.001435995101928711,1,True,1
ICpvTzw\\_,[(5-9)-(4-8)-(2-7)-(1-6)-(0-3)],3.314018249511719e-05,0.001430511474609375,1,True,1
ICpvTzw\\_,[(5-9)-(4-8)-(2-7)-(1-6)-(0-3)],3.1948089599609375e-05,0.0013387203216552734,1,True,1
ICpvTzw\\_,[(5-9)-(4-7)-(2-8)-(1-6)-(0-3)],3.24249267578125e-05,0.00380706787109375,3,True,3
ICpvTzw\\_,[(5-9)-(4-7)-(2-8)-(1-6)-(0-3)],3.147125244140625e-05,0.033010244369506836,3,True,5
ICpvTzw\\_,[(5-7)-(4-8)-(2-9)-(1-6)-(0-3)],3.1948089599609375e-05,0.003593921661376953,3,True,3
ICpvTzw\\_,[(5-7)-(4-8)-(2-9)-(1-6)-(0-3)],3.24249267578125e-05,0.0023992061614990234,2,True,2
ICpvTzw\\_,[(6-9)-(4-7)-(2-5)-(1-8)-(0-3)],3.266334533691406e-05,0.009356498718261719,4,True,4
ICpvTzw\\_,[(6-9)-(4-7)-(2-5)-(1-8)-(0-3)],3.266334533691406e-05,0.006300687789916992,5,True,5
ICpvTzw\\_,[(5-9)-(4-7)-(2-6)-(1-8)-(0-3)],3.24249267578125e-05,0.0023012161254882812,2,True,2
ICpvTzw\\_,[(5-9)-(4-7)-(2-6)-(1-8)-(0-3)],3.147125244140625e-05,0.008406400680541992,5,True,5
ICpvTzw\\_,[(5-9)-(4-6)-(2-7)-(1-8)-(0-3)],3.2901763916015625e-05,0.004737138748168945,2,True,2
ICpvTzw\\_,[(5-9)-(4-6)-(2-7)-(1-8)-(0-3)],3.0994415283203125e-05,0.009594917297363281,6,True,6
ICpvTzw\\_,[(5-7)-(4-6)-(2-9)-(1-8)-(0-3)],3.337860107421875e-05,0.012974023818969727,6,True,6
ICpvTzw\\_,[(5-7)-(4-6)-(2-9)-(1-8)-(0-3)],3.2901763916015625e-05,0.003396272659301758,2,True,2
ICpvTvs^?,[(6-7)-(5-9)-(2-8)-(1-4)-(0-3)],3.24249267578125e-05,0.05881857872009277,9,True,11
ICpvTvs^?,[(6-7)-(5-9)-(2-8)-(1-4)-(0-3)],3.4332275390625e-05,0.0005993843078613281,0,True,0
ICpvTvs^?,[(6-7)-(5-8)-(2-9)-(1-4)-(0-3)],3.314018249511719e-05,0.008008003234863281,6,True,6
ICpvTvs^?,[(6-7)-(5-8)-(2-9)-(1-4)-(0-3)],3.337860107421875e-05,0.006236076354980469,4,True,4
ICpvTvs^?,[(6-7)-(4-9)-(2-8)-(1-5)-(0-3)],3.361701965332031e-05,0.07397294044494629,17,True,20
ICpvTvs^?,[(6-7)-(4-9)-(2-8)-(1-5)-(0-3)],3.409385681152344e-05,0.0035626888275146484,3,True,3
ICpvTvs^?,[(5-8)-(4-9)-(2-7)-(1-6)-(0-3)],3.337860107421875e-05,0.013219118118286133,4,True,4
ICpvTvs^?,[(5-8)-(4-9)-(2-7)-(1-6)-(0-3)],3.24249267578125e-05,0.0013628005981445312,1,True,1
ICpvTvs^?,[(5-9)-(4-7)-(2-8)-(1-6)-(0-3)],3.266334533691406e-05,0.0024938583374023438,2,True,2
ICpvTvs^?,[(5-9)-(4-7)-(2-8)-(1-6)-(0-3)],3.170967102050781e-05,0.0005741119384765625,0,True,0
ICpvTvs^?,[(5-8)-(4-7)-(2-9)-(1-6)-(0-3)],3.266334533691406e-05,0.01175379753112793,5,True,5
ICpvTvs^?,[(5-8)-(4-7)-(2-9)-(1-6)-(0-3)],3.266334533691406e-05,0.0005800724029541016,0,True,0
ICpvTvs^?,[(6-7)-(4-9)-(2-5)-(1-8)-(0-3)],9.369850158691406e-05,0.18207287788391113,0,False,10
ICpvTvs^?,[(6-7)-(4-9)-(2-5)-(1-8)-(0-3)],3.3855438232421875e-05,0.002557039260864258,2,True,2
ICpvTvs^?,[(5-9)-(4-7)-(2-6)-(1-8)-(0-3)],3.24249267578125e-05,0.00514531135559082,4,True,4
ICpvTvs^?,[(5-9)-(4-7)-(2-6)-(1-8)-(0-3)],3.218650817871094e-05,0.01836848258972168,4,True,6
ICpvTvs^?,[(5-9)-(4-6)-(2-7)-(1-8)-(0-3)],3.1948089599609375e-05,0.0038857460021972656,3,True,3
ICpvTvs^?,[(5-9)-(4-6)-(2-7)-(1-8)-(0-3)],3.24249267578125e-05,0.00591588020324707,4,True,4
ICpvTvs^?,[(5-8)-(4-7)-(2-6)-(1-9)-(0-3)],3.218650817871094e-05,0.005123138427734375,4,True,4
ICpvTvs^?,[(5-8)-(4-7)-(2-6)-(1-9)-(0-3)],3.147125244140625e-05,0.015030860900878906,6,True,6
ICrvRpylO,[(7-9)-(6-8)-(2-5)-(1-4)-(0-3)],3.337860107421875e-05,0.0013797283172607422,1,True,1
ICrvRpylO,[(7-9)-(6-8)-(2-5)-(1-4)-(0-3)],3.1948089599609375e-05,0.0032444000244140625,3,True,3
ICrvRpylO,[(6-8)-(5-9)-(2-7)-(1-4)-(0-3)],3.266334533691406e-05,0.0006952285766601562,0,True,0
ICrvRpylO,[(6-8)-(5-9)-(2-7)-(1-4)-(0-3)],3.4809112548828125e-05,0.0042266845703125,3,True,3
ICrvRpylO,[(7-9)-(4-8)-(2-6)-(1-5)-(0-3)],3.314018249511719e-05,0.002422332763671875,2,True,2
ICrvRpylO,[(7-9)-(4-8)-(2-6)-(1-5)-(0-3)],4.029273986816406e-05,0.004914045333862305,4,True,4
ICrvRpylO,[(7-9)-(4-6)-(2-8)-(1-5)-(0-3)],3.361701965332031e-05,0.003968477249145508,3,True,3
ICrvRpylO,[(7-9)-(4-6)-(2-8)-(1-5)-(0-3)],3.1948089599609375e-05,0.046607017517089844,0,False,13
ICrvRpylO,[(6-8)-(4-7)-(2-9)-(1-5)-(0-3)],3.2901763916015625e-05,0.0014998912811279297,1,True,1
ICrvRpylO,[(6-8)-(4-7)-(2-9)-(1-5)-(0-3)],4.76837158203125e-05,0.0024471282958984375,2,True,2
ICrvRpylO,[(7-9)-(4-8)-(2-5)-(1-6)-(0-3)],3.218650817871094e-05,0.0059659481048583984,5,True,5
ICrvRpylO,[(7-9)-(4-8)-(2-5)-(1-6)-(0-3)],3.170967102050781e-05,0.004887819290161133,4,True,4
ICrvRpylO,[(5-9)-(4-8)-(2-7)-(1-6)-(0-3)],3.266334533691406e-05,0.00136566162109375,1,True,1
ICrvRpylO,[(5-9)-(4-8)-(2-7)-(1-6)-(0-3)],3.0994415283203125e-05,0.003538370132446289,3,True,3
ICrvRpylO,[(5-9)-(4-7)-(2-8)-(1-6)-(0-3)],3.266334533691406e-05,0.004517555236816406,0,False,2
ICrvRpylO,[(5-9)-(4-7)-(2-8)-(1-6)-(0-3)],3.2901763916015625e-05,0.0023021697998046875,2,True,2
ICrvRpylO,[(5-9)-(4-8)-(2-6)-(1-7)-(0-3)],3.24249267578125e-05,0.0006546974182128906,0,True,0
ICrvRpylO,[(5-9)-(4-8)-(2-6)-(1-7)-(0-3)],3.123283386230469e-05,0.003442525863647461,3,True,3
ICrvRpylO,[(5-9)-(4-6)-(2-8)-(1-7)-(0-3)],3.266334533691406e-05,0.0005784034729003906,0,True,0
ICrvRpylO,[(5-9)-(4-6)-(2-8)-(1-7)-(0-3)],3.147125244140625e-05,0.18434429168701172,0,False,9
ICZevi{]_,[(6-9)-(5-8)-(2-7)-(1-4)-(0-3)],3.337860107421875e-05,0.002385377883911133,2,True,2
ICZevi{]_,[(6-9)-(5-8)-(2-7)-(1-4)-(0-3)],3.170967102050781e-05,0.003653287887573242,3,True,3
ICZevi{]_,[(6-9)-(5-7)-(2-8)-(1-4)-(0-3)],3.361701965332031e-05,0.02225971221923828,2,True,6
ICZevi{]_,[(6-9)-(5-7)-(2-8)-(1-4)-(0-3)],4.9591064453125e-05,0.0006432533264160156,0,True,0
ICZevi{]_,[(6-9)-(4-8)-(2-7)-(1-5)-(0-3)],3.337860107421875e-05,0.0052073001861572266,3,True,3
ICZevi{]_,[(6-9)-(4-8)-(2-7)-(1-5)-(0-3)],3.147125244140625e-05,0.007033586502075195,4,True,4
ICZevi{]_,[(5-8)-(4-9)-(2-7)-(1-6)-(0-3)],3.2901763916015625e-05,0.008285760879516602,4,True,5
ICZevi{]_,[(5-8)-(4-9)-(2-7)-(1-6)-(0-3)],3.266334533691406e-05,0.007281780242919922,4,True,4
ICZevi{]_,[(5-7)-(4-9)-(2-8)-(1-6)-(0-3)],3.314018249511719e-05,0.005886554718017578,3,True,4
ICZevi{]_,[(5-7)-(4-9)-(2-8)-(1-6)-(0-3)],3.314018249511719e-05,0.006033420562744141,4,True,4
ICZevi{]_,[(5-7)-(4-8)-(2-9)-(1-6)-(0-3)],3.24249267578125e-05,0.021091461181640625,4,True,4
ICZevi{]_,[(5-7)-(4-8)-(2-9)-(1-6)-(0-3)],3.24249267578125e-05,0.0987558364868164,7,True,7
ICZevi{]_,[(6-9)-(5-8)-(2-4)-(1-7)-(0-3)],3.266334533691406e-05,0.00403904914855957,3,True,3
ICZevi{]_,[(6-9)-(5-8)-(2-4)-(1-7)-(0-3)],3.314018249511719e-05,0.05425739288330078,0,False,6
ICZevi{]_,[(6-9)-(4-8)-(2-5)-(1-7)-(0-3)],4.696846008300781e-05,0.00755763053894043,6,True,6
ICZevi{]_,[(6-9)-(4-8)-(2-5)-(1-7)-(0-3)],3.647804260253906e-05,0.00262451171875,2,True,2
ICZevi{]_,[(5-8)-(4-6)-(2-9)-(1-7)-(0-3)],3.1948089599609375e-05,0.00468754768371582,2,True,2
ICZevi{]_,[(5-8)-(4-6)-(2-9)-(1-7)-(0-3)],3.24249267578125e-05,0.004384756088256836,3,True,3
ICZevi{]_,[(5-8)-(4-6)-(2-7)-(1-9)-(0-3)],3.337860107421875e-05,0.007379055023193359,5,True,5
ICZevi{]_,[(5-8)-(4-6)-(2-7)-(1-9)-(0-3)],3.170967102050781e-05,0.003603219985961914,3,True,3
ICZevd{n?,[(6-7)-(5-9)-(2-8)-(1-4)-(0-3)],3.266334533691406e-05,0.002488851547241211,0,False,1
ICZevd{n?,[(6-7)-(5-9)-(2-8)-(1-4)-(0-3)],3.170967102050781e-05,0.0013585090637207031,1,True,1
ICZevd{n?,[(6-7)-(5-8)-(2-9)-(1-4)-(0-3)],3.2901763916015625e-05,0.003930330276489258,3,True,3
ICZevd{n?,[(6-7)-(5-8)-(2-9)-(1-4)-(0-3)],3.170967102050781e-05,0.005683183670043945,4,True,4
ICZevd{n?,[(6-7)-(4-9)-(2-8)-(1-5)-(0-3)],3.2901763916015625e-05,0.0027649402618408203,2,True,2
ICZevd{n?,[(6-7)-(4-9)-(2-8)-(1-5)-(0-3)],3.218650817871094e-05,0.0025522708892822266,0,False,1
ICZevd{n?,[(6-7)-(4-8)-(2-9)-(1-5)-(0-3)],3.314018249511719e-05,0.00883030891418457,3,True,3
ICZevd{n?,[(6-7)-(4-8)-(2-9)-(1-5)-(0-3)],3.314018249511719e-05,0.01665210723876953,3,True,3
ICZevd{n?,[(5-9)-(4-8)-(2-7)-(1-6)-(0-3)],3.314018249511719e-05,0.0005860328674316406,0,True,0
ICZevd{n?,[(5-9)-(4-8)-(2-7)-(1-6)-(0-3)],3.1948089599609375e-05,0.002712249755859375,2,True,2
ICZevd{n?,[(5-8)-(4-9)-(2-7)-(1-6)-(0-3)],3.266334533691406e-05,0.013725519180297852,8,True,8
ICZevd{n?,[(5-8)-(4-9)-(2-7)-(1-6)-(0-3)],3.218650817871094e-05,0.0013790130615234375,1,True,1
ICZevd{n?,[(5-9)-(4-6)-(2-8)-(1-7)-(0-3)],3.2901763916015625e-05,0.02791309356689453,0,False,3
ICZevd{n?,[(5-9)-(4-6)-(2-8)-(1-7)-(0-3)],3.24249267578125e-05,0.0024700164794921875,2,True,2
ICZevd{n?,[(5-8)-(4-6)-(2-9)-(1-7)-(0-3)],3.337860107421875e-05,0.011282920837402344,0,False,3
ICZevd{n?,[(5-8)-(4-6)-(2-9)-(1-7)-(0-3)],3.266334533691406e-05,0.0037364959716796875,3,True,3
ICZevd{n?,[(6-7)-(5-9)-(2-4)-(1-8)-(0-3)],3.266334533691406e-05,0.015661001205444336,6,True,9
ICZevd{n?,[(6-7)-(5-9)-(2-4)-(1-8)-(0-3)],3.337860107421875e-05,0.006603717803955078,0,False,2
ICZevd{n?,[(6-7)-(4-9)-(2-5)-(1-8)-(0-3)],3.337860107421875e-05,0.0013668537139892578,1,True,1
ICZevd{n?,[(6-7)-(4-9)-(2-5)-(1-8)-(0-3)],4.744529724121094e-05,0.004079103469848633,3,True,3
ICZelzw]_,[(6-9)-(5-7)-(2-8)-(1-4)-(0-3)],3.266334533691406e-05,0.027205228805541992,0,False,5
ICZelzw]_,[(6-9)-(5-7)-(2-8)-(1-4)-(0-3)],3.337860107421875e-05,0.0038928985595703125,3,True,3
ICZelzw]_,[(6-9)-(4-8)-(2-7)-(1-5)-(0-3)],3.24249267578125e-05,0.001605987548828125,1,True,1
ICZelzw]_,[(6-9)-(4-8)-(2-7)-(1-5)-(0-3)],5.984306335449219e-05,0.0028014183044433594,2,True,2
ICZelzw]_,[(6-9)-(4-7)-(2-8)-(1-5)-(0-3)],7.581710815429688e-05,0.007166624069213867,4,True,4
ICZelzw]_,[(6-9)-(4-7)-(2-8)-(1-5)-(0-3)],3.3855438232421875e-05,0.012392044067382812,6,True,6
ICZelzw]_,[(5-7)-(4-9)-(2-8)-(1-6)-(0-3)],3.3855438232421875e-05,0.0053904056549072266,3,True,3
ICZelzw]_,[(5-7)-(4-9)-(2-8)-(1-6)-(0-3)],3.218650817871094e-05,0.007411003112792969,5,True,5
ICZelzw]_,[(5-7)-(4-8)-(2-9)-(1-6)-(0-3)],3.266334533691406e-05,0.0025949478149414062,2,True,2
ICZelzw]_,[(5-7)-(4-8)-(2-9)-(1-6)-(0-3)],3.1948089599609375e-05,0.006470203399658203,3,True,4
ICZelzw]_,[(6-9)-(5-7)-(2-4)-(1-8)-(0-3)],3.3855438232421875e-05,0.008248567581176758,6,True,6
ICZelzw]_,[(6-9)-(5-7)-(2-4)-(1-8)-(0-3)],3.170967102050781e-05,0.017115354537963867,4,True,6
ICZelzw]_,[(6-9)-(4-7)-(2-5)-(1-8)-(0-3)],3.1948089599609375e-05,0.009963512420654297,3,True,4
ICZelzw]_,[(6-9)-(4-7)-(2-5)-(1-8)-(0-3)],3.361701965332031e-05,0.0026226043701171875,2,True,2
ICZelzw]_,[(5-6)-(4-9)-(2-7)-(1-8)-(0-3)],3.218650817871094e-05,0.0013625621795654297,1,True,1
ICZelzw]_,[(5-6)-(4-9)-(2-7)-(1-8)-(0-3)],3.147125244140625e-05,0.003908395767211914,3,True,3
ICZelzw]_,[(5-6)-(4-7)-(2-9)-(1-8)-(0-3)],3.2901763916015625e-05,0.005118131637573242,4,True,4
ICZelzw]_,[(5-6)-(4-7)-(2-9)-(1-8)-(0-3)],3.1948089599609375e-05,0.0013668537139892578,1,True,1
ICZelzw]_,[(5-6)-(4-8)-(2-7)-(1-9)-(0-3)],3.314018249511719e-05,0.002689838409423828,2,True,2
ICZelzw]_,[(5-6)-(4-8)-(2-7)-(1-9)-(0-3)],3.147125244140625e-05,0.005079746246337891,4,True,4
ICZbmzwm_,[(6-9)-(5-7)-(2-8)-(1-4)-(0-3)],3.266334533691406e-05,0.0014138221740722656,1,True,1
ICZbmzwm_,[(6-9)-(5-7)-(2-8)-(1-4)-(0-3)],3.170967102050781e-05,0.00511932373046875,4,True,4
ICZbmzwm_,[(6-9)-(4-7)-(2-8)-(1-5)-(0-3)],3.528594970703125e-05,0.004673480987548828,3,True,3
ICZbmzwm_,[(6-9)-(4-7)-(2-8)-(1-5)-(0-3)],3.170967102050781e-05,0.004851818084716797,0,False,2
ICZbmzwm_,[(5-7)-(4-9)-(2-8)-(1-6)-(0-3)],3.361701965332031e-05,0.003973245620727539,3,True,3
ICZbmzwm_,[(5-7)-(4-9)-(2-8)-(1-6)-(0-3)],3.24249267578125e-05,0.0027315616607666016,2,True,2
ICZbmzwm_,[(5-7)-(4-8)-(2-9)-(1-6)-(0-3)],3.337860107421875e-05,0.0072247982025146484,4,True,4
ICZbmzwm_,[(5-7)-(4-8)-(2-9)-(1-6)-(0-3)],3.218650817871094e-05,0.002436399459838867,2,True,2
ICZbmzwm_,[(6-9)-(4-8)-(2-5)-(1-7)-(0-3)],3.337860107421875e-05,0.03033161163330078,0,False,7
ICZbmzwm_,[(6-9)-(4-8)-(2-5)-(1-7)-(0-3)],3.337860107421875e-05,0.002871990203857422,2,True,2
ICZbmzwm_,[(5-6)-(4-9)-(2-8)-(1-7)-(0-3)],3.314018249511719e-05,0.0023970603942871094,2,True,2
ICZbmzwm_,[(5-6)-(4-9)-(2-8)-(1-7)-(0-3)],3.170967102050781e-05,0.004698991775512695,3,True,3
ICZbmzwm_,[(5-6)-(4-8)-(2-9)-(1-7)-(0-3)],3.4332275390625e-05,0.021804332733154297,5,True,5
ICZbmzwm_,[(5-6)-(4-8)-(2-9)-(1-7)-(0-3)],3.409385681152344e-05,0.0014867782592773438,1,True,1
ICZbmzwm_,[(6-9)-(5-7)-(2-4)-(1-8)-(0-3)],3.24249267578125e-05,0.004683971405029297,4,True,4
ICZbmzwm_,[(6-9)-(5-7)-(2-4)-(1-8)-(0-3)],3.2901763916015625e-05,0.0013835430145263672,1,True,1
ICZbmzwm_,[(6-9)-(4-7)-(2-5)-(1-8)-(0-3)],3.3855438232421875e-05,0.0013937950134277344,1,True,1
ICZbmzwm_,[(6-9)-(4-7)-(2-5)-(1-8)-(0-3)],3.218650817871094e-05,0.01324152946472168,4,True,4
ICZbmzwm_,[(5-7)-(4-9)-(2-6)-(1-8)-(0-3)],3.3855438232421875e-05,0.0015578269958496094,1,True,1
ICZbmzwm_,[(5-7)-(4-9)-(2-6)-(1-8)-(0-3)],3.170967102050781e-05,0.006400346755981445,3,True,4
ICZVTt{|?,[(6-7)-(5-9)-(2-8)-(1-4)-(0-3)],3.2901763916015625e-05,0.07687258720397949,0,False,12
ICZVTt{|?,[(6-7)-(5-9)-(2-8)-(1-4)-(0-3)],3.504753112792969e-05,0.0024328231811523438,2,True,2
ICZVTt{|?,[(6-7)-(5-8)-(2-9)-(1-4)-(0-3)],3.2901763916015625e-05,0.002270936965942383,2,True,2
ICZVTt{|?,[(6-7)-(5-8)-(2-9)-(1-4)-(0-3)],3.218650817871094e-05,0.01658177375793457,0,False,6
ICZVTt{|?,[(6-7)-(4-8)-(2-9)-(1-5)-(0-3)],3.337860107421875e-05,0.019846439361572266,5,True,7
ICZVTt{|?,[(6-7)-(4-8)-(2-9)-(1-5)-(0-3)],3.409385681152344e-05,0.002371072769165039,2,True,2
ICZVTt{|?,[(5-9)-(4-8)-(2-7)-(1-6)-(0-3)],3.24249267578125e-05,0.011418581008911133,0,False,3
ICZVTt{|?,[(5-9)-(4-8)-(2-7)-(1-6)-(0-3)],3.2901763916015625e-05,0.0027761459350585938,2,True,2
ICZVTt{|?,[(5-9)-(4-7)-(2-8)-(1-6)-(0-3)],3.314018249511719e-05,0.0013647079467773438,1,True,1
ICZVTt{|?,[(5-9)-(4-7)-(2-8)-(1-6)-(0-3)],3.147125244140625e-05,0.0072519779205322266,5,True,5
ICZVTt{|?,[(5-8)-(4-7)-(2-9)-(1-6)-(0-3)],3.361701965332031e-05,0.0023894309997558594,2,True,2
ICZVTt{|?,[(5-8)-(4-7)-(2-9)-(1-6)-(0-3)],3.1948089599609375e-05,0.005862712860107422,4,True,4
ICZVTt{|?,[(6-7)-(5-9)-(2-4)-(1-8)-(0-3)],3.314018249511719e-05,0.0006024837493896484,0,True,0
ICZVTt{|?,[(6-7)-(5-9)-(2-4)-(1-8)-(0-3)],3.266334533691406e-05,0.0005810260772705078,0,True,0
ICZVTt{|?,[(5-9)-(4-7)-(2-6)-(1-8)-(0-3)],3.361701965332031e-05,0.002398967742919922,2,True,2
ICZVTt{|?,[(5-9)-(4-7)-(2-6)-(1-8)-(0-3)],3.170967102050781e-05,0.005873918533325195,4,True,4
ICZVTt{|?,[(5-9)-(4-6)-(2-7)-(1-8)-(0-3)],3.2901763916015625e-05,0.0025174617767333984,2,True,2
ICZVTt{|?,[(5-9)-(4-6)-(2-7)-(1-8)-(0-3)],3.1948089599609375e-05,0.003457784652709961,3,True,3
ICZVTt{|?,[(6-7)-(5-8)-(2-4)-(1-9)-(0-3)],3.337860107421875e-05,0.0013599395751953125,1,True,1
ICZVTt{|?,[(6-7)-(5-8)-(2-4)-(1-9)-(0-3)],3.147125244140625e-05,0.024372100830078125,0,False,8
ICZVRu{|?,[(6-7)-(5-9)-(2-8)-(1-4)-(0-3)],3.266334533691406e-05,0.017832279205322266,4,True,6
ICZVRu{|?,[(6-7)-(5-9)-(2-8)-(1-4)-(0-3)],4.76837158203125e-05,0.007735252380371094,5,True,5
ICZVRu{|?,[(6-7)-(5-8)-(2-9)-(1-4)-(0-3)],3.314018249511719e-05,0.0013685226440429688,1,True,1
ICZVRu{|?,[(6-7)-(5-8)-(2-9)-(1-4)-(0-3)],3.170967102050781e-05,0.0005724430084228516,0,True,0
ICZVRu{|?,[(6-7)-(4-8)-(2-9)-(1-5)-(0-3)],3.24249267578125e-05,0.006772518157958984,5,True,5
ICZVRu{|?,[(6-7)-(4-8)-(2-9)-(1-5)-(0-3)],3.24249267578125e-05,0.0065000057220458984,5,True,5
ICZVRu{|?,[(5-9)-(4-8)-(2-7)-(1-6)-(0-3)],3.2901763916015625e-05,0.006432771682739258,5,True,5
ICZVRu{|?,[(5-9)-(4-8)-(2-7)-(1-6)-(0-3)],3.218650817871094e-05,0.9931080341339111,0,False,28
ICZVRu{|?,[(5-9)-(4-7)-(2-8)-(1-6)-(0-3)],3.3855438232421875e-05,0.019330978393554688,6,True,6
ICZVRu{|?,[(5-9)-(4-7)-(2-8)-(1-6)-(0-3)],3.2901763916015625e-05,0.004838705062866211,3,True,3
ICZVRu{|?,[(5-8)-(4-7)-(2-9)-(1-6)-(0-3)],3.2901763916015625e-05,0.0006530284881591797,0,True,0
ICZVRu{|?,[(5-8)-(4-7)-(2-9)-(1-6)-(0-3)],3.147125244140625e-05,0.0014033317565917969,1,True,1
ICZVRu{|?,[(5-9)-(4-8)-(2-6)-(1-7)-(0-3)],3.218650817871094e-05,0.0013687610626220703,1,True,1
ICZVRu{|?,[(5-9)-(4-8)-(2-6)-(1-7)-(0-3)],3.123283386230469e-05,0.006052255630493164,3,True,3
ICZVRu{|?,[(5-9)-(4-6)-(2-8)-(1-7)-(0-3)],3.2901763916015625e-05,0.003454446792602539,3,True,3
ICZVRu{|?,[(5-9)-(4-6)-(2-8)-(1-7)-(0-3)],3.1948089599609375e-05,0.7090446949005127,0,False,24
ICZVRu{|?,[(5-8)-(4-6)-(2-9)-(1-7)-(0-3)],3.266334533691406e-05,0.0036842823028564453,3,True,3
ICZVRu{|?,[(5-8)-(4-6)-(2-9)-(1-7)-(0-3)],3.361701965332031e-05,0.005348920822143555,4,True,4
ICZVRu{|?,[(6-7)-(5-8)-(2-4)-(1-9)-(0-3)],3.2901763916015625e-05,0.006807804107666016,4,True,4
ICZVRu{|?,[(6-7)-(5-8)-(2-4)-(1-9)-(0-3)],3.2901763916015625e-05,0.004616260528564453,2,True,2
ICZNfq{\\_,[(6-9)-(5-8)-(2-7)-(1-4)-(0-3)],3.337860107421875e-05,0.015274763107299805,9,True,9
ICZNfq{\\_,[(6-9)-(5-8)-(2-7)-(1-4)-(0-3)],3.3855438232421875e-05,0.0013725757598876953,1,True,1
ICZNfq{\\_,[(6-9)-(4-8)-(2-7)-(1-5)-(0-3)],3.3855438232421875e-05,0.001531362533569336,1,True,1
ICZNfq{\\_,[(6-9)-(4-8)-(2-7)-(1-5)-(0-3)],3.147125244140625e-05,0.00858306884765625,6,True,6
ICZNfq{\\_,[(6-9)-(4-7)-(2-8)-(1-5)-(0-3)],5.4836273193359375e-05,0.010828256607055664,8,True,8
ICZNfq{\\_,[(6-9)-(4-7)-(2-8)-(1-5)-(0-3)],3.337860107421875e-05,0.0045278072357177734,4,True,4
ICZNfq{\\_,[(5-9)-(4-8)-(2-7)-(1-6)-(0-3)],3.457069396972656e-05,0.002447366714477539,2,True,2
ICZNfq{\\_,[(5-9)-(4-8)-(2-7)-(1-6)-(0-3)],3.170967102050781e-05,0.003566265106201172,2,True,2
ICZNfq{\\_,[(5-9)-(4-7)-(2-8)-(1-6)-(0-3)],3.24249267578125e-05,0.0015118122100830078,1,True,1
ICZNfq{\\_,[(5-9)-(4-7)-(2-8)-(1-6)-(0-3)],3.409385681152344e-05,0.0036776065826416016,3,True,3
ICZNfq{\\_,[(5-8)-(4-7)-(2-9)-(1-6)-(0-3)],3.314018249511719e-05,0.0025768280029296875,2,True,2
ICZNfq{\\_,[(5-8)-(4-7)-(2-9)-(1-6)-(0-3)],3.123283386230469e-05,0.0024373531341552734,2,True,2
ICZNfq{\\_,[(6-9)-(5-8)-(2-4)-(1-7)-(0-3)],3.314018249511719e-05,0.007101535797119141,3,True,3
ICZNfq{\\_,[(6-9)-(5-8)-(2-4)-(1-7)-(0-3)],3.528594970703125e-05,0.0024869441986083984,2,True,2
ICZNfq{\\_,[(5-9)-(4-8)-(2-6)-(1-7)-(0-3)],3.266334533691406e-05,0.002534627914428711,2,True,2
ICZNfq{\\_,[(5-9)-(4-8)-(2-6)-(1-7)-(0-3)],3.218650817871094e-05,0.002335786819458008,1,True,1
ICZNfq{\\_,[(6-9)-(4-5)-(2-8)-(1-7)-(0-3)],3.266334533691406e-05,0.004134416580200195,3,True,3
ICZNfq{\\_,[(6-9)-(4-5)-(2-8)-(1-7)-(0-3)],3.24249267578125e-05,0.016011953353881836,5,True,5
ICZNfq{\\_,[(5-8)-(4-7)-(2-6)-(1-9)-(0-3)],5.030632019042969e-05,0.0037741661071777344,3,True,3
ICZNfq{\\_,[(5-8)-(4-7)-(2-6)-(1-9)-(0-3)],3.170967102050781e-05,0.005432844161987305,3,True,3
ICZNdzs]_,[(6-9)-(5-8)-(2-7)-(1-4)-(0-3)],3.266334533691406e-05,0.003909111022949219,3,True,3
ICZNdzs]_,[(6-9)-(5-8)-(2-7)-(1-4)-(0-3)],3.2901763916015625e-05,0.002438783645629883,2,True,2
ICZNdzs]_,[(6-9)-(5-7)-(2-8)-(1-4)-(0-3)],3.552436828613281e-05,0.0008893013000488281,0,True,0
ICZNdzs]_,[(6-9)-(5-7)-(2-8)-(1-4)-(0-3)],3.2901763916015625e-05,0.004727363586425781,3,True,3
ICZNdzs]_,[(6-9)-(4-7)-(2-8)-(1-5)-(0-3)],3.457069396972656e-05,0.001522064208984375,1,True,1
ICZNdzs]_,[(6-9)-(4-7)-(2-8)-(1-5)-(0-3)],3.1948089599609375e-05,0.0015461444854736328,1,True,1
ICZNdzs]_,[(5-8)-(4-9)-(2-7)-(1-6)-(0-3)],3.337860107421875e-05,0.004983186721801758,2,True,2
ICZNdzs]_,[(5-8)-(4-9)-(2-7)-(1-6)-(0-3)],3.218650817871094e-05,0.0038042068481445312,3,True,3
ICZNdzs]_,[(5-7)-(4-9)-(2-8)-(1-6)-(0-3)],5.054473876953125e-05,0.03741931915283203,3,True,5
ICZNdzs]_,[(5-7)-(4-9)-(2-8)-(1-6)-(0-3)],3.337860107421875e-05,0.0015506744384765625,1,True,1
ICZNdzs]_,[(5-8)-(4-7)-(2-9)-(1-6)-(0-3)],3.314018249511719e-05,0.010095357894897461,7,True,7
ICZNdzs]_,[(5-8)-(4-7)-(2-9)-(1-6)-(0-3)],3.24249267578125e-05,0.4517083168029785,0,False,9
ICZNdzs]_,[(6-9)-(5-7)-(2-4)-(1-8)-(0-3)],3.361701965332031e-05,0.00682377815246582,5,True,5
ICZNdzs]_,[(6-9)-(5-7)-(2-4)-(1-8)-(0-3)],3.361701965332031e-05,0.00733494758605957,6,True,6
ICZNdzs]_,[(5-7)-(4-9)-(2-6)-(1-8)-(0-3)],3.3855438232421875e-05,0.0013828277587890625,1,True,1
ICZNdzs]_,[(5-7)-(4-9)-(2-6)-(1-8)-(0-3)],3.147125244140625e-05,0.0014197826385498047,1,True,1
ICZNdzs]_,[(6-9)-(4-5)-(2-7)-(1-8)-(0-3)],3.24249267578125e-05,0.003581523895263672,3,True,3
ICZNdzs]_,[(6-9)-(4-5)-(2-7)-(1-8)-(0-3)],3.1948089599609375e-05,0.006783008575439453,5,True,5
ICZNdzs]_,[(5-8)-(4-7)-(2-6)-(1-9)-(0-3)],3.2901763916015625e-05,0.0014386177062988281,1,True,1
ICZNdzs]_,[(5-8)-(4-7)-(2-6)-(1-9)-(0-3)],3.0994415283203125e-05,0.010552167892456055,5,True,5
ICZLrzs{_,[(6-9)-(5-8)-(2-7)-(1-4)-(0-3)],3.266334533691406e-05,0.0074481964111328125,3,True,3
ICZLrzs{_,[(6-9)-(5-8)-(2-7)-(1-4)-(0-3)],3.361701965332031e-05,0.0014786720275878906,1,True,1
ICZLrzs{_,[(6-9)-(5-7)-(2-8)-(1-4)-(0-3)],3.314018249511719e-05,0.0037975311279296875,3,True,3
ICZLrzs{_,[(6-9)-(5-7)-(2-8)-(1-4)-(0-3)],3.24249267578125e-05,0.014748096466064453,10,True,10
ICZLrzs{_,[(6-9)-(4-7)-(2-8)-(1-5)-(0-3)],3.409385681152344e-05,0.003671884536743164,3,True,3
ICZLrzs{_,[(6-9)-(4-7)-(2-8)-(1-5)-(0-3)],6.580352783203125e-05,0.004996061325073242,4,True,4
ICZLrzs{_,[(6-9)-(5-8)-(2-4)-(1-7)-(0-3)],3.24249267578125e-05,0.0035772323608398438,3,True,3
ICZLrzs{_,[(6-9)-(5-8)-(2-4)-(1-7)-(0-3)],3.266334533691406e-05,0.008235454559326172,5,True,5
ICZLrzs{_,[(6-9)-(4-5)-(2-8)-(1-7)-(0-3)],3.4332275390625e-05,0.010115385055541992,4,True,4
ICZLrzs{_,[(6-9)-(4-5)-(2-8)-(1-7)-(0-3)],3.2901763916015625e-05,0.0025091171264648438,2,True,2
ICZLrzs{_,[(5-8)-(4-6)-(2-9)-(1-7)-(0-3)],3.2901763916015625e-05,0.0024826526641845703,2,True,2
ICZLrzs{_,[(5-8)-(4-6)-(2-9)-(1-7)-(0-3)],3.170967102050781e-05,0.0013964176177978516,1,True,1
ICZLrzs{_,[(6-9)-(5-7)-(2-4)-(1-8)-(0-3)],3.600120544433594e-05,0.0014042854309082031,1,True,1
ICZLrzs{_,[(6-9)-(5-7)-(2-4)-(1-8)-(0-3)],3.218650817871094e-05,0.0005877017974853516,0,True,0
ICZLrzs{_,[(6-9)-(4-5)-(2-7)-(1-8)-(0-3)],3.337860107421875e-05,0.009855031967163086,4,True,4
ICZLrzs{_,[(6-9)-(4-5)-(2-7)-(1-8)-(0-3)],3.361701965332031e-05,0.003833770751953125,2,True,2
ICZLrzs{_,[(5-7)-(4-6)-(2-9)-(1-8)-(0-3)],3.2901763916015625e-05,0.01099085807800293,8,True,8
ICZLrzs{_,[(5-7)-(4-6)-(2-9)-(1-8)-(0-3)],3.337860107421875e-05,0.0014040470123291016,1,True,1
ICZLrzs{_,[(5-8)-(4-7)-(2-6)-(1-9)-(0-3)],3.314018249511719e-05,0.002828836441040039,2,True,2
ICZLrzs{_,[(5-8)-(4-7)-(2-6)-(1-9)-(0-3)],3.1948089599609375e-05,0.004320621490478516,3,True,3
ICZJlvs}?,[(6-7)-(5-8)-(2-9)-(1-4)-(0-3)],3.4332275390625e-05,0.002476215362548828,2,True,2
ICZJlvs}?,[(6-7)-(5-8)-(2-9)-(1-4)-(0-3)],3.2901763916015625e-05,0.003820657730102539,3,True,3
ICZJlvs}?,[(6-7)-(4-9)-(2-8)-(1-5)-(0-3)],9.1552734375e-05,0.005124092102050781,4,True,4
ICZJlvs}?,[(6-7)-(4-9)-(2-8)-(1-5)-(0-3)],3.337860107421875e-05,0.007035970687866211,5,True,5
ICZJlvs}?,[(5-8)-(4-9)-(2-7)-(1-6)-(0-3)],3.528594970703125e-05,0.001880645751953125,1,True,1
ICZJlvs}?,[(5-8)-(4-9)-(2-7)-(1-6)-(0-3)],4.00543212890625e-05,0.0024459362030029297,2,True,2
ICZJlvs}?,[(5-8)-(4-7)-(2-9)-(1-6)-(0-3)],3.3855438232421875e-05,0.007424354553222656,4,True,4
ICZJlvs}?,[(5-8)-(4-7)-(2-9)-(1-6)-(0-3)],3.3855438232421875e-05,0.0014095306396484375,1,True,1
ICZJlvs}?,[(5-6)-(4-9)-(2-7)-(1-8)-(0-3)],3.337860107421875e-05,0.0013992786407470703,1,True,1
ICZJlvs}?,[(5-6)-(4-9)-(2-7)-(1-8)-(0-3)],3.1948089599609375e-05,0.00393366813659668,3,True,3
ICZJlvs}?,[(6-7)-(4-5)-(2-9)-(1-8)-(0-3)],3.266334533691406e-05,0.003717660903930664,3,True,3
ICZJlvs}?,[(6-7)-(4-5)-(2-9)-(1-8)-(0-3)],3.266334533691406e-05,0.002362489700317383,2,True,2
ICZJlvs}?,[(5-6)-(4-7)-(2-9)-(1-8)-(0-3)],3.24249267578125e-05,0.004117488861083984,3,True,3
ICZJlvs}?,[(5-6)-(4-7)-(2-9)-(1-8)-(0-3)],3.2901763916015625e-05,0.0024912357330322266,2,True,2
ICZJlvs}?,[(6-7)-(5-8)-(2-4)-(1-9)-(0-3)],3.266334533691406e-05,0.03440999984741211,5,True,7
ICZJlvs}?,[(6-7)-(5-8)-(2-4)-(1-9)-(0-3)],3.3855438232421875e-05,0.003851175308227539,3,True,3
ICZJlvs}?,[(5-8)-(4-7)-(2-6)-(1-9)-(0-3)],3.314018249511719e-05,0.015172719955444336,4,True,6
ICZJlvs}?,[(5-8)-(4-7)-(2-6)-(1-9)-(0-3)],3.337860107421875e-05,0.0014123916625976562,1,True,1
ICZJlvs}?,[(6-7)-(4-5)-(2-8)-(1-9)-(0-3)],3.1948089599609375e-05,0.003951311111450195,3,True,3
ICZJlvs}?,[(6-7)-(4-5)-(2-8)-(1-9)-(0-3)],3.2901763916015625e-05,0.0005981922149658203,0,True,0
ICXnezwl_,[(6-9)-(5-7)-(2-8)-(1-4)-(0-3)],3.266334533691406e-05,0.003774881362915039,3,True,3
ICXnezwl_,[(6-9)-(5-7)-(2-8)-(1-4)-(0-3)],3.1948089599609375e-05,0.002597332000732422,0,False,1
ICXnezwl_,[(6-9)-(4-7)-(2-8)-(1-5)-(0-3)],3.457069396972656e-05,0.037175655364990234,0,False,4
ICXnezwl_,[(6-9)-(4-7)-(2-8)-(1-5)-(0-3)],3.337860107421875e-05,0.006519317626953125,0,False,2
ICXnezwl_,[(5-9)-(4-7)-(2-8)-(1-6)-(0-3)],3.361701965332031e-05,0.003521442413330078,3,True,3
ICXnezwl_,[(5-9)-(4-7)-(2-8)-(1-6)-(0-3)],3.24249267578125e-05,0.006185293197631836,5,True,5
ICXnezwl_,[(5-7)-(4-8)-(2-9)-(1-6)-(0-3)],3.409385681152344e-05,0.002424955368041992,1,True,1
ICXnezwl_,[(5-7)-(4-8)-(2-9)-(1-6)-(0-3)],3.123283386230469e-05,0.010493755340576172,4,True,4
ICXnezwl_,[(6-9)-(4-8)-(2-5)-(1-7)-(0-3)],3.337860107421875e-05,0.003958940505981445,3,True,3
ICXnezwl_,[(6-9)-(4-8)-(2-5)-(1-7)-(0-3)],3.266334533691406e-05,0.010888338088989258,6,True,6
ICXnezwl_,[(5-9)-(4-8)-(2-6)-(1-7)-(0-3)],3.457069396972656e-05,0.022342443466186523,6,True,13
ICXnezwl_,[(5-9)-(4-8)-(2-6)-(1-7)-(0-3)],3.4332275390625e-05,0.03350400924682617,0,False,5
ICXnezwl_,[(6-9)-(4-5)-(2-8)-(1-7)-(0-3)],3.409385681152344e-05,0.0015566349029541016,1,True,1
ICXnezwl_,[(6-9)-(4-5)-(2-8)-(1-7)-(0-3)],3.218650817871094e-05,0.003762483596801758,3,True,3
ICXnezwl_,[(6-9)-(5-7)-(2-4)-(1-8)-(0-3)],3.337860107421875e-05,0.0037958621978759766,3,True,3
ICXnezwl_,[(6-9)-(5-7)-(2-4)-(1-8)-(0-3)],3.24249267578125e-05,0.009139060974121094,5,True,5
ICXnezwl_,[(6-9)-(4-7)-(2-5)-(1-8)-(0-3)],3.409385681152344e-05,0.0055010318756103516,4,True,4
ICXnezwl_,[(6-9)-(4-7)-(2-5)-(1-8)-(0-3)],3.24249267578125e-05,0.0026230812072753906,2,True,2
ICXnezwl_,[(5-9)-(4-7)-(2-6)-(1-8)-(0-3)],3.1948089599609375e-05,0.0024611949920654297,2,True,2
ICXnezwl_,[(5-9)-(4-7)-(2-6)-(1-8)-(0-3)],3.1948089599609375e-05,0.0024499893188476562,2,True,2
ICXmvrsl_,[(6-9)-(5-8)-(2-7)-(1-4)-(0-3)],3.2901763916015625e-05,0.0023272037506103516,2,True,2
ICXmvrsl_,[(6-9)-(5-8)-(2-7)-(1-4)-(0-3)],3.24249267578125e-05,0.0024755001068115234,2,True,2
ICXmvrsl_,[(6-9)-(4-7)-(2-8)-(1-5)-(0-3)],3.409385681152344e-05,0.0062558650970458984,4,True,4
ICXmvrsl_,[(6-9)-(4-7)-(2-8)-(1-5)-(0-3)],4.673004150390625e-05,0.005882978439331055,5,True,5
ICXmvrsl_,[(5-9)-(4-7)-(2-8)-(1-6)-(0-3)],3.361701965332031e-05,0.004897594451904297,4,True,4
ICXmvrsl_,[(5-9)-(4-7)-(2-8)-(1-6)-(0-3)],3.314018249511719e-05,0.002355337142944336,2,True,2
ICXmvrsl_,[(5-8)-(4-7)-(2-9)-(1-6)-(0-3)],6.508827209472656e-05,0.002515554428100586,2,True,2
ICXmvrsl_,[(5-8)-(4-7)-(2-9)-(1-6)-(0-3)],3.1948089599609375e-05,0.003117799758911133,2,True,2
ICXmvrsl_,[(6-9)-(5-8)-(2-4)-(1-7)-(0-3)],4.410743713378906e-05,0.017821550369262695,3,True,4
ICXmvrsl_,[(6-9)-(5-8)-(2-4)-(1-7)-(0-3)],3.4332275390625e-05,0.0036957263946533203,3,True,3
ICXmvrsl_,[(6-9)-(4-5)-(2-8)-(1-7)-(0-3)],3.218650817871094e-05,0.002505064010620117,2,True,2
ICXmvrsl_,[(6-9)-(4-5)-(2-8)-(1-7)-(0-3)],3.170967102050781e-05,0.00815892219543457,4,True,4
ICXmvrsl_,[(5-9)-(4-6)-(2-8)-(1-7)-(0-3)],3.314018249511719e-05,0.0023996829986572266,1,True,1
ICXmvrsl_,[(5-9)-(4-6)-(2-8)-(1-7)-(0-3)],3.24249267578125e-05,0.03586077690124512,0,False,4
ICXmvrsl_,[(5-8)-(4-6)-(2-9)-(1-7)-(0-3)],3.1948089599609375e-05,0.002420663833618164,2,True,2
ICXmvrsl_,[(5-8)-(4-6)-(2-9)-(1-7)-(0-3)],3.218650817871094e-05,0.0052928924560546875,4,True,4
ICXmvrsl_,[(6-9)-(4-7)-(2-5)-(1-8)-(0-3)],3.2901763916015625e-05,0.012941598892211914,9,True,9
ICXmvrsl_,[(6-9)-(4-7)-(2-5)-(1-8)-(0-3)],3.337860107421875e-05,0.007280111312866211,6,True,6
ICXmvrsl_,[(6-9)-(4-5)-(2-7)-(1-8)-(0-3)],3.314018249511719e-05,0.010461568832397461,0,False,2
ICXmvrsl_,[(6-9)-(4-5)-(2-7)-(1-8)-(0-3)],3.337860107421875e-05,0.002466440200805664,2,True,2
ICXmvjsm_,[(6-9)-(5-8)-(2-7)-(1-4)-(0-3)],3.337860107421875e-05,0.006590127944946289,5,True,5
ICXmvjsm_,[(6-9)-(5-8)-(2-7)-(1-4)-(0-3)],3.361701965332031e-05,0.0035462379455566406,3,True,3
ICXmvjsm_,[(6-9)-(5-7)-(2-8)-(1-4)-(0-3)],3.361701965332031e-05,0.009199380874633789,3,True,4
ICXmvjsm_,[(6-9)-(5-7)-(2-8)-(1-4)-(0-3)],5.0067901611328125e-05,0.0034008026123046875,3,True,3
ICXmvjsm_,[(5-8)-(4-9)-(2-7)-(1-6)-(0-3)],3.361701965332031e-05,0.005683422088623047,4,True,4
ICXmvjsm_,[(5-8)-(4-9)-(2-7)-(1-6)-(0-3)],3.361701965332031e-05,0.006785392761230469,0,False,2
ICXmvjsm_,[(5-7)-(4-9)-(2-8)-(1-6)-(0-3)],3.4332275390625e-05,0.013858795166015625,4,True,4
ICXmvjsm_,[(5-7)-(4-9)-(2-8)-(1-6)-(0-3)],3.409385681152344e-05,0.026134729385375977,5,True,5
ICXmvjsm_,[(6-9)-(5-8)-(2-4)-(1-7)-(0-3)],3.409385681152344e-05,0.018138647079467773,12,True,12
ICXmvjsm_,[(6-9)-(5-8)-(2-4)-(1-7)-(0-3)],3.4332275390625e-05,0.002618551254272461,2,True,2
ICXmvjsm_,[(6-9)-(4-5)-(2-8)-(1-7)-(0-3)],3.3855438232421875e-05,0.012509584426879883,4,True,4
ICXmvjsm_,[(6-9)-(4-5)-(2-8)-(1-7)-(0-3)],3.3855438232421875e-05,0.0024797916412353516,2,True,2
ICXmvjsm_,[(5-8)-(4-6)-(2-9)-(1-7)-(0-3)],3.337860107421875e-05,0.0015032291412353516,1,True,1
ICXmvjsm_,[(5-8)-(4-6)-(2-9)-(1-7)-(0-3)],3.1948089599609375e-05,0.0027055740356445312,2,True,2
ICXmvjsm_,[(6-9)-(5-7)-(2-4)-(1-8)-(0-3)],3.3855438232421875e-05,0.003294229507446289,3,True,3
ICXmvjsm_,[(6-9)-(5-7)-(2-4)-(1-8)-(0-3)],3.24249267578125e-05,0.0013699531555175781,1,True,1
ICXmvjsm_,[(6-9)-(4-5)-(2-7)-(1-8)-(0-3)],3.337860107421875e-05,0.01225423812866211,3,True,3
ICXmvjsm_,[(6-9)-(4-5)-(2-7)-(1-8)-(0-3)],3.361701965332031e-05,0.002562999725341797,2,True,2
ICXmvjsm_,[(5-7)-(4-6)-(2-9)-(1-8)-(0-3)],3.337860107421875e-05,0.003437042236328125,1,True,2
ICXmvjsm_,[(5-7)-(4-6)-(2-9)-(1-8)-(0-3)],3.337860107421875e-05,0.002643585205078125,2,True,2
ICY^frsZ_,[(6-9)-(5-8)-(2-7)-(1-4)-(0-3)],3.337860107421875e-05,0.0006573200225830078,0,True,0
ICY^frsZ_,[(6-9)-(5-8)-(2-7)-(1-4)-(0-3)],3.1948089599609375e-05,0.0005705356597900391,0,True,0
ICY^frsZ_,[(5-8)-(4-9)-(2-7)-(1-6)-(0-3)],3.337860107421875e-05,0.0013854503631591797,1,True,1
ICY^frsZ_,[(5-8)-(4-9)-(2-7)-(1-6)-(0-3)],3.2901763916015625e-05,0.003566265106201172,3,True,3
ICY^frsZ_,[(5-9)-(4-7)-(2-8)-(1-6)-(0-3)],3.337860107421875e-05,0.0056610107421875,3,True,3
ICY^frsZ_,[(5-9)-(4-7)-(2-8)-(1-6)-(0-3)],3.2901763916015625e-05,0.003208160400390625,2,True,2
ICY^frsZ_,[(5-8)-(4-7)-(2-9)-(1-6)-(0-3)],3.504753112792969e-05,0.00682520866394043,4,True,4
ICY^frsZ_,[(5-8)-(4-7)-(2-9)-(1-6)-(0-3)],3.314018249511719e-05,0.004052400588989258,3,True,3
ICY^frsZ_,[(6-9)-(5-8)-(2-4)-(1-7)-(0-3)],3.2901763916015625e-05,0.0005857944488525391,0,True,0
ICY^frsZ_,[(6-9)-(5-8)-(2-4)-(1-7)-(0-3)],3.170967102050781e-05,0.0005674362182617188,0,True,0
ICY^frsZ_,[(5-8)-(4-9)-(2-6)-(1-7)-(0-3)],3.314018249511719e-05,0.0013637542724609375,1,True,1
ICY^frsZ_,[(5-8)-(4-9)-(2-6)-(1-7)-(0-3)],3.218650817871094e-05,0.003360748291015625,3,True,3
ICY^frsZ_,[(6-9)-(4-5)-(2-8)-(1-7)-(0-3)],3.361701965332031e-05,0.0062711238861083984,4,True,4
ICY^frsZ_,[(6-9)-(4-5)-(2-8)-(1-7)-(0-3)],3.3855438232421875e-05,0.0023653507232666016,2,True,2
ICY^frsZ_,[(5-9)-(4-7)-(2-6)-(1-8)-(0-3)],3.337860107421875e-05,0.007063150405883789,4,True,4
ICY^frsZ_,[(5-9)-(4-7)-(2-6)-(1-8)-(0-3)],3.2901763916015625e-05,0.013043642044067383,4,True,7
ICY^frsZ_,[(6-9)-(4-5)-(2-7)-(1-8)-(0-3)],3.409385681152344e-05,0.007730960845947266,6,True,6
ICY^frsZ_,[(6-9)-(4-5)-(2-7)-(1-8)-(0-3)],3.337860107421875e-05,0.0024101734161376953,2,True,2
ICY^frsZ_,[(5-8)-(4-7)-(2-6)-(1-9)-(0-3)],3.266334533691406e-05,0.008066892623901367,6,True,6
ICY^frsZ_,[(5-8)-(4-7)-(2-6)-(1-9)-(0-3)],3.3855438232421875e-05,0.0025756359100341797,2,True,2
ICY^fjk]_,[(6-9)-(5-8)-(2-7)-(1-4)-(0-3)],3.266334533691406e-05,0.007836580276489258,5,True,5
ICY^fjk]_,[(6-9)-(5-8)-(2-7)-(1-4)-(0-3)],3.3855438232421875e-05,0.002973794937133789,2,True,2
ICY^fjk]_,[(6-9)-(5-7)-(2-8)-(1-4)-(0-3)],3.409385681152344e-05,0.0014333724975585938,1,True,1
ICY^fjk]_,[(6-9)-(5-7)-(2-8)-(1-4)-(0-3)],3.24249267578125e-05,0.0005862712860107422,0,True,0
ICY^fjk]_,[(5-8)-(4-9)-(2-7)-(1-6)-(0-3)],3.361701965332031e-05,0.002443075180053711,2,True,2
ICY^fjk]_,[(5-8)-(4-9)-(2-7)-(1-6)-(0-3)],6.031990051269531e-05,0.0048143863677978516,2,True,2
ICY^fjk]_,[(5-7)-(4-9)-(2-8)-(1-6)-(0-3)],3.361701965332031e-05,0.00494694709777832,0,False,2
ICY^fjk]_,[(5-7)-(4-9)-(2-8)-(1-6)-(0-3)],3.2901763916015625e-05,0.002624034881591797,2,True,2
ICY^fjk]_,[(5-7)-(4-8)-(2-9)-(1-6)-(0-3)],3.2901763916015625e-05,0.01132512092590332,6,True,6
ICY^fjk]_,[(5-7)-(4-8)-(2-9)-(1-6)-(0-3)],3.337860107421875e-05,0.00510716438293457,3,True,3
ICY^fjk]_,[(6-9)-(5-8)-(2-4)-(1-7)-(0-3)],3.361701965332031e-05,0.00452423095703125,3,True,3
ICY^fjk]_,[(6-9)-(5-8)-(2-4)-(1-7)-(0-3)],3.361701965332031e-05,0.0025856494903564453,2,True,2
ICY^fjk]_,[(5-8)-(4-9)-(2-6)-(1-7)-(0-3)],3.314018249511719e-05,0.005548954010009766,4,True,4
ICY^fjk]_,[(5-8)-(4-9)-(2-6)-(1-7)-(0-3)],3.314018249511719e-05,0.0070416927337646484,5,True,5
ICY^fjk]_,[(6-9)-(4-5)-(2-8)-(1-7)-(0-3)],3.314018249511719e-05,0.675868034362793,0,False,18
ICY^fjk]_,[(6-9)-(4-5)-(2-8)-(1-7)-(0-3)],3.528594970703125e-05,0.010467529296875,4,True,4
ICY^fjk]_,[(6-9)-(5-7)-(2-4)-(1-8)-(0-3)],3.409385681152344e-05,0.004075288772583008,3,True,3
ICY^fjk]_,[(6-9)-(5-7)-(2-4)-(1-8)-(0-3)],3.314018249511719e-05,0.0024993419647216797,2,True,2
ICY^fjk]_,[(5-7)-(4-9)-(2-6)-(1-8)-(0-3)],3.4332275390625e-05,0.0024535655975341797,2,True,2
ICY^fjk]_,[(5-7)-(4-9)-(2-6)-(1-8)-(0-3)],3.1948089599609375e-05,0.0027413368225097656,2,True,2
ICY^Vjs]_,[(6-9)-(5-8)-(2-7)-(1-4)-(0-3)],3.409385681152344e-05,0.023479223251342773,12,True,12
ICY^Vjs]_,[(6-9)-(5-8)-(2-7)-(1-4)-(0-3)],3.504753112792969e-05,0.008044004440307617,6,True,6
ICY^Vjs]_,[(6-9)-(5-7)-(2-8)-(1-4)-(0-3)],3.361701965332031e-05,0.0025093555450439453,2,True,2
ICY^Vjs]_,[(6-9)-(5-7)-(2-8)-(1-4)-(0-3)],3.266334533691406e-05,0.01206207275390625,6,True,6
ICY^Vjs]_,[(5-8)-(4-9)-(2-7)-(1-6)-(0-3)],3.337860107421875e-05,0.005048990249633789,4,True,4
ICY^Vjs]_,[(5-8)-(4-9)-(2-7)-(1-6)-(0-3)],3.3855438232421875e-05,0.011586904525756836,8,True,8
ICY^Vjs]_,[(5-7)-(4-9)-(2-8)-(1-6)-(0-3)],3.3855438232421875e-05,0.0014052391052246094,1,True,1
ICY^Vjs]_,[(5-7)-(4-9)-(2-8)-(1-6)-(0-3)],3.170967102050781e-05,0.0024623870849609375,2,True,2
ICY^Vjs]_,[(6-9)-(5-8)-(2-4)-(1-7)-(0-3)],3.3855438232421875e-05,0.5427062511444092,0,False,12
ICY^Vjs]_,[(6-9)-(5-8)-(2-4)-(1-7)-(0-3)],3.743171691894531e-05,0.00947117805480957,7,True,7
ICY^Vjs]_,[(5-8)-(4-9)-(2-6)-(1-7)-(0-3)],3.4332275390625e-05,0.005165576934814453,4,True,4
ICY^Vjs]_,[(5-8)-(4-9)-(2-6)-(1-7)-(0-3)],3.361701965332031e-05,0.011509180068969727,8,True,8
ICY^Vjs]_,[(6-9)-(4-5)-(2-8)-(1-7)-(0-3)],3.2901763916015625e-05,0.003418445587158203,2,True,2
ICY^Vjs]_,[(6-9)-(4-5)-(2-8)-(1-7)-(0-3)],3.24249267578125e-05,0.009757518768310547,7,True,7
ICY^Vjs]_,[(5-8)-(4-6)-(2-9)-(1-7)-(0-3)],3.2901763916015625e-05,0.5957081317901611,0,False,9
ICY^Vjs]_,[(5-8)-(4-6)-(2-9)-(1-7)-(0-3)],3.457069396972656e-05,0.0050890445709228516,4,True,4
ICY^Vjs]_,[(6-9)-(5-7)-(2-4)-(1-8)-(0-3)],3.3855438232421875e-05,0.009065628051757812,4,True,4
ICY^Vjs]_,[(6-9)-(5-7)-(2-4)-(1-8)-(0-3)],3.409385681152344e-05,0.18518471717834473,0,False,8
ICY^Vjs]_,[(5-7)-(4-9)-(2-6)-(1-8)-(0-3)],3.218650817871094e-05,0.0013632774353027344,1,True,1
ICY^Vjs]_,[(5-7)-(4-9)-(2-6)-(1-8)-(0-3)],3.1948089599609375e-05,0.0024552345275878906,2,True,2
ICY^Nrw\\_,[(5-9)-(4-8)-(2-7)-(1-6)-(0-3)],3.361701965332031e-05,0.0025942325592041016,2,True,2
ICY^Nrw\\_,[(5-9)-(4-8)-(2-7)-(1-6)-(0-3)],3.2901763916015625e-05,0.003724336624145508,3,True,3
ICY^Nrw\\_,[(5-9)-(4-7)-(2-8)-(1-6)-(0-3)],3.4809112548828125e-05,0.001447439193725586,1,True,1
ICY^Nrw\\_,[(5-9)-(4-7)-(2-8)-(1-6)-(0-3)],3.170967102050781e-05,0.002719879150390625,2,True,2
ICY^Nrw\\_,[(5-9)-(4-8)-(2-6)-(1-7)-(0-3)],3.719329833984375e-05,0.002881765365600586,2,True,2
ICY^Nrw\\_,[(5-9)-(4-8)-(2-6)-(1-7)-(0-3)],3.218650817871094e-05,0.003583192825317383,3,True,3
ICY^Nrw\\_,[(6-9)-(4-5)-(2-8)-(1-7)-(0-3)],6.628036499023438e-05,0.0015659332275390625,1,True,1
ICY^Nrw\\_,[(6-9)-(4-5)-(2-8)-(1-7)-(0-3)],3.1948089599609375e-05,0.027302980422973633,7,True,8
ICY^Nrw\\_,[(5-6)-(4-8)-(2-9)-(1-7)-(0-3)],3.409385681152344e-05,0.00738835334777832,3,True,3
ICY^Nrw\\_,[(5-6)-(4-8)-(2-9)-(1-7)-(0-3)],3.337860107421875e-05,0.0026056766510009766,2,True,2
ICY^Nrw\\_,[(5-9)-(4-7)-(2-6)-(1-8)-(0-3)],3.361701965332031e-05,0.0014014244079589844,1,True,1
ICY^Nrw\\_,[(5-9)-(4-7)-(2-6)-(1-8)-(0-3)],3.218650817871094e-05,0.002473592758178711,2,True,2
ICY^Nrw\\_,[(6-9)-(4-5)-(2-7)-(1-8)-(0-3)],3.337860107421875e-05,0.006759166717529297,5,True,5
ICY^Nrw\\_,[(6-9)-(4-5)-(2-7)-(1-8)-(0-3)],3.2901763916015625e-05,0.0015444755554199219,1,True,1
ICY^Nrw\\_,[(5-6)-(4-7)-(2-9)-(1-8)-(0-3)],3.266334533691406e-05,0.004913330078125,3,True,3
ICY^Nrw\\_,[(5-6)-(4-7)-(2-9)-(1-8)-(0-3)],3.1948089599609375e-05,0.002618074417114258,2,True,2
ICY^Nrw\\_,[(5-6)-(4-8)-(2-7)-(1-9)-(0-3)],3.337860107421875e-05,0.003793954849243164,3,True,3
ICY^Nrw\\_,[(5-6)-(4-8)-(2-7)-(1-9)-(0-3)],3.170967102050781e-05,0.009926080703735352,5,True,5
ICY^Nrw\\_,[(5-6)-(4-7)-(2-8)-(1-9)-(0-3)],3.314018249511719e-05,0.003801107406616211,3,True,3
ICY^Nrw\\_,[(5-6)-(4-7)-(2-8)-(1-9)-(0-3)],4.601478576660156e-05,0.006496906280517578,5,True,5
ICY^Njw]_,[(6-9)-(5-7)-(2-8)-(1-4)-(0-3)],3.266334533691406e-05,0.007451772689819336,6,True,6
ICY^Njw]_,[(6-9)-(5-7)-(2-8)-(1-4)-(0-3)],3.337860107421875e-05,0.004102468490600586,3,True,3
ICY^Njw]_,[(5-7)-(4-9)-(2-8)-(1-6)-(0-3)],3.4809112548828125e-05,0.0013926029205322266,1,True,1
ICY^Njw]_,[(5-7)-(4-9)-(2-8)-(1-6)-(0-3)],6.389617919921875e-05,0.0027811527252197266,2,True,2
ICY^Njw]_,[(5-7)-(4-8)-(2-9)-(1-6)-(0-3)],3.314018249511719e-05,0.006778717041015625,5,True,5
ICY^Njw]_,[(5-7)-(4-8)-(2-9)-(1-6)-(0-3)],3.3855438232421875e-05,0.0027267932891845703,2,True,2
ICY^Njw]_,[(6-9)-(4-5)-(2-8)-(1-7)-(0-3)],3.409385681152344e-05,0.003064393997192383,2,True,2
ICY^Njw]_,[(6-9)-(4-5)-(2-8)-(1-7)-(0-3)],7.939338684082031e-05,0.003682374954223633,3,True,3
ICY^Njw]_,[(5-6)-(4-9)-(2-8)-(1-7)-(0-3)],3.314018249511719e-05,0.0073964595794677734,5,True,5
ICY^Njw]_,[(5-6)-(4-9)-(2-8)-(1-7)-(0-3)],3.314018249511719e-05,0.0037996768951416016,3,True,3
ICY^Njw]_,[(5-6)-(4-8)-(2-9)-(1-7)-(0-3)],3.361701965332031e-05,0.014024972915649414,9,True,9
ICY^Njw]_,[(5-6)-(4-8)-(2-9)-(1-7)-(0-3)],3.361701965332031e-05,0.0024251937866210938,1,True,1
ICY^Njw]_,[(6-9)-(5-7)-(2-4)-(1-8)-(0-3)],3.3855438232421875e-05,0.007575035095214844,6,True,6
ICY^Njw]_,[(6-9)-(5-7)-(2-4)-(1-8)-(0-3)],3.337860107421875e-05,0.003776073455810547,3,True,3
ICY^Njw]_,[(5-7)-(4-9)-(2-6)-(1-8)-(0-3)],4.792213439941406e-05,0.0014023780822753906,1,True,1
ICY^Njw]_,[(5-7)-(4-9)-(2-6)-(1-8)-(0-3)],3.218650817871094e-05,0.0027379989624023438,2,True,2
ICY^Njw]_,[(6-9)-(4-5)-(2-7)-(1-8)-(0-3)],3.3855438232421875e-05,0.005303382873535156,4,True,4
ICY^Njw]_,[(6-9)-(4-5)-(2-7)-(1-8)-(0-3)],3.147125244140625e-05,0.0036427974700927734,2,True,2
ICY^Njw]_,[(5-6)-(4-9)-(2-7)-(1-8)-(0-3)],3.3855438232421875e-05,0.005376338958740234,4,True,4
ICY^Njw]_,[(5-6)-(4-9)-(2-7)-(1-8)-(0-3)],3.314018249511719e-05,0.002743959426879883,2,True,2
ICZ\\vbpZ_,[(7-8)-(5-9)-(2-6)-(1-4)-(0-3)],6.389617919921875e-05,0.03246331214904785,7,True,7
ICZ\\vbpZ_,[(7-8)-(5-9)-(2-6)-(1-4)-(0-3)],4.172325134277344e-05,0.0030450820922851562,2,True,2
ICZ\\vbpZ_,[(7-8)-(6-9)-(2-4)-(1-5)-(0-3)],3.361701965332031e-05,0.009419441223144531,5,True,5
ICZ\\vbpZ_,[(7-8)-(6-9)-(2-4)-(1-5)-(0-3)],3.3855438232421875e-05,0.004034996032714844,3,True,3
ICZ\\vbpZ_,[(7-8)-(4-9)-(2-6)-(1-5)-(0-3)],3.457069396972656e-05,0.2685720920562744,0,False,9
ICZ\\vbpZ_,[(7-8)-(4-9)-(2-6)-(1-5)-(0-3)],3.719329833984375e-05,0.25591611862182617,0,False,7
ICZ\\vbpZ_,[(7-8)-(4-6)-(2-9)-(1-5)-(0-3)],3.457069396972656e-05,0.013851404190063477,5,True,5
ICZ\\vbpZ_,[(7-8)-(4-6)-(2-9)-(1-5)-(0-3)],3.409385681152344e-05,0.12150907516479492,0,False,9
ICZ\\vbpZ_,[(6-9)-(4-5)-(2-8)-(1-7)-(0-3)],3.552436828613281e-05,0.0014116764068603516,1,True,1
ICZ\\vbpZ_,[(6-9)-(4-5)-(2-8)-(1-7)-(0-3)],3.314018249511719e-05,0.0039560794830322266,3,True,3
ICZ\\vbpZ_,[(5-9)-(4-6)-(2-8)-(1-7)-(0-3)],3.4332275390625e-05,0.0038840770721435547,3,True,3
ICZ\\vbpZ_,[(5-9)-(4-6)-(2-8)-(1-7)-(0-3)],3.337860107421875e-05,0.0014102458953857422,1,True,1
ICZ\\vbpZ_,[(6-9)-(4-5)-(2-7)-(1-8)-(0-3)],3.361701965332031e-05,0.002447366714477539,2,True,2
ICZ\\vbpZ_,[(6-9)-(4-5)-(2-7)-(1-8)-(0-3)],3.1948089599609375e-05,0.0025663375854492188,2,True,2
ICZ\\vbpZ_,[(5-9)-(4-6)-(2-7)-(1-8)-(0-3)],3.409385681152344e-05,0.0024471282958984375,2,True,2
ICZ\\vbpZ_,[(5-9)-(4-6)-(2-7)-(1-8)-(0-3)],3.147125244140625e-05,0.002491474151611328,2,True,2
ICZ\\vbpZ_,[(7-8)-(4-5)-(2-6)-(1-9)-(0-3)],3.409385681152344e-05,0.0025339126586914062,2,True,2
ICZ\\vbpZ_,[(7-8)-(4-5)-(2-6)-(1-9)-(0-3)],3.170967102050781e-05,0.005836963653564453,4,True,4
ICZ\\vbpZ_,[(6-9)-(3-8)-(2-7)-(1-4)-(0-5)],3.337860107421875e-05,0.0037937164306640625,3,True,3
ICZ\\vbpZ_,[(6-9)-(3-8)-(2-7)-(1-4)-(0-5)],3.218650817871094e-05,0.007451295852661133,4,True,4
ICfvRrwXo,[(7-9)-(4-8)-(2-6)-(1-5)-(0-3)],3.2901763916015625e-05,0.004773855209350586,4,True,4
ICfvRrwXo,[(7-9)-(4-8)-(2-6)-(1-5)-(0-3)],3.361701965332031e-05,0.002458333969116211,2,True,2
ICfvRrwXo,[(6-9)-(4-8)-(2-7)-(1-5)-(0-3)],3.504753112792969e-05,0.0028009414672851562,2,True,2
ICfvRrwXo,[(6-9)-(4-8)-(2-7)-(1-5)-(0-3)],3.2901763916015625e-05,0.003972768783569336,3,True,3
ICfvRrwXo,[(7-9)-(4-6)-(2-8)-(1-5)-(0-3)],3.409385681152344e-05,0.0015871524810791016,1,True,1
ICfvRrwXo,[(7-9)-(4-6)-(2-8)-(1-5)-(0-3)],3.170967102050781e-05,0.001535654067993164,1,True,1
ICfvRrwXo,[(6-9)-(4-7)-(2-8)-(1-5)-(0-3)],3.4332275390625e-05,0.0014264583587646484,1,True,1
ICfvRrwXo,[(6-9)-(4-7)-(2-8)-(1-5)-(0-3)],3.123283386230469e-05,0.0013911724090576172,1,True,1
ICfvRrwXo,[(7-9)-(4-8)-(2-5)-(1-6)-(0-3)],3.266334533691406e-05,0.015808820724487305,6,True,7
ICfvRrwXo,[(7-9)-(4-8)-(2-5)-(1-6)-(0-3)],3.3855438232421875e-05,0.007867097854614258,5,True,5
ICfvRrwXo,[(5-9)-(4-8)-(2-7)-(1-6)-(0-3)],3.409385681152344e-05,0.30970335006713867,0,False,14
ICfvRrwXo,[(5-9)-(4-8)-(2-7)-(1-6)-(0-3)],3.62396240234375e-05,0.005977630615234375,4,True,4
ICfvRrwXo,[(5-9)-(4-7)-(2-8)-(1-6)-(0-3)],3.409385681152344e-05,0.0014209747314453125,1,True,1
ICfvRrwXo,[(5-9)-(4-7)-(2-8)-(1-6)-(0-3)],3.218650817871094e-05,0.0005805492401123047,0,True,0
ICfvRrwXo,[(6-9)-(4-8)-(2-5)-(1-7)-(0-3)],3.361701965332031e-05,0.006694316864013672,5,True,5
ICfvRrwXo,[(6-9)-(4-8)-(2-5)-(1-7)-(0-3)],3.361701965332031e-05,0.0047147274017333984,4,True,4
ICfvRrwXo,[(5-9)-(4-8)-(2-6)-(1-7)-(0-3)],3.409385681152344e-05,0.009825468063354492,5,True,6
ICfvRrwXo,[(5-9)-(4-8)-(2-6)-(1-7)-(0-3)],3.361701965332031e-05,0.026987314224243164,0,False,5
ICfvRrwXo,[(5-9)-(4-6)-(2-8)-(1-7)-(0-3)],3.4809112548828125e-05,0.002441883087158203,2,True,2
ICfvRrwXo,[(5-9)-(4-6)-(2-8)-(1-7)-(0-3)],3.266334533691406e-05,0.012491464614868164,7,True,7
ICxvFjYN_,[(6-8)-(5-9)-(2-7)-(1-4)-(0-3)],3.2901763916015625e-05,0.0025680065155029297,2,True,2
ICxvFjYN_,[(6-8)-(5-9)-(2-7)-(1-4)-(0-3)],4.649162292480469e-05,0.011014938354492188,4,True,6
ICxvFjYN_,[(6-8)-(5-7)-(2-9)-(1-4)-(0-3)],3.409385681152344e-05,0.0027060508728027344,2,True,2
ICxvFjYN_,[(6-8)-(5-7)-(2-9)-(1-4)-(0-3)],3.337860107421875e-05,0.0013680458068847656,1,True,1
ICxvFjYN_,[(6-9)-(4-8)-(2-7)-(1-5)-(0-3)],3.24249267578125e-05,0.0018224716186523438,1,True,1
ICxvFjYN_,[(6-9)-(4-8)-(2-7)-(1-5)-(0-3)],3.337860107421875e-05,0.0028138160705566406,0,False,1
ICxvFjYN_,[(6-8)-(4-9)-(2-7)-(1-5)-(0-3)],3.337860107421875e-05,0.00748133659362793,4,True,4
ICxvFjYN_,[(6-8)-(4-9)-(2-7)-(1-5)-(0-3)],3.337860107421875e-05,0.0006253719329833984,0,True,0
ICxvFjYN_,[(5-9)-(4-8)-(2-7)-(1-6)-(0-3)],3.409385681152344e-05,0.020255565643310547,3,True,3
ICxvFjYN_,[(5-9)-(4-8)-(2-7)-(1-6)-(0-3)],3.314018249511719e-05,0.002355813980102539,2,True,2
ICxvFjYN_,[(5-7)-(4-8)-(2-9)-(1-6)-(0-3)],3.337860107421875e-05,0.006212472915649414,5,True,5
ICxvFjYN_,[(5-7)-(4-8)-(2-9)-(1-6)-(0-3)],3.266334533691406e-05,0.0014781951904296875,1,True,1
ICxvFjYN_,[(6-8)-(5-9)-(2-4)-(1-7)-(0-3)],3.695487976074219e-05,0.001405477523803711,1,True,1
ICxvFjYN_,[(6-8)-(5-9)-(2-4)-(1-7)-(0-3)],3.147125244140625e-05,0.006791830062866211,3,True,3
ICxvFjYN_,[(6-9)-(4-8)-(2-5)-(1-7)-(0-3)],3.4332275390625e-05,0.003778696060180664,3,True,3
ICxvFjYN_,[(6-9)-(4-8)-(2-5)-(1-7)-(0-3)],3.218650817871094e-05,0.0048465728759765625,2,True,2
ICxvFjYN_,[(6-8)-(4-9)-(2-5)-(1-7)-(0-3)],3.24249267578125e-05,0.0025436878204345703,2,True,2
ICxvFjYN_,[(6-8)-(4-9)-(2-5)-(1-7)-(0-3)],3.218650817871094e-05,0.00771784782409668,6,True,6
ICxvFjYN_,[(5-9)-(4-8)-(2-6)-(1-7)-(0-3)],3.409385681152344e-05,0.006870746612548828,5,True,5
ICxvFjYN_,[(5-9)-(4-8)-(2-6)-(1-7)-(0-3)],3.218650817871094e-05,0.011103391647338867,5,True,5
ICxvExyl_,[(6-9)-(5-7)-(2-8)-(1-4)-(0-3)],3.361701965332031e-05,0.002575397491455078,2,True,2
ICxvExyl_,[(6-9)-(5-7)-(2-8)-(1-4)-(0-3)],3.266334533691406e-05,0.003618001937866211,3,True,3
ICxvExyl_,[(6-8)-(5-7)-(2-9)-(1-4)-(0-3)],6.222724914550781e-05,0.011974334716796875,7,True,7
ICxvExyl_,[(6-8)-(5-7)-(2-9)-(1-4)-(0-3)],3.337860107421875e-05,0.004004716873168945,3,True,3
ICxvExyl_,[(6-9)-(4-7)-(2-8)-(1-5)-(0-3)],3.337860107421875e-05,0.0023429393768310547,2,True,2
ICxvExyl_,[(6-9)-(4-7)-(2-8)-(1-5)-(0-3)],3.147125244140625e-05,0.03431248664855957,5,True,9
ICxvExyl_,[(6-8)-(4-7)-(2-9)-(1-5)-(0-3)],3.4809112548828125e-05,0.005620241165161133,4,True,4
ICxvExyl_,[(6-8)-(4-7)-(2-9)-(1-5)-(0-3)],3.2901763916015625e-05,0.003471851348876953,2,True,2
ICxvExyl_,[(5-9)-(4-7)-(2-8)-(1-6)-(0-3)],3.3855438232421875e-05,0.005973100662231445,2,True,2
ICxvExyl_,[(5-9)-(4-7)-(2-8)-(1-6)-(0-3)],3.337860107421875e-05,0.0058023929595947266,4,True,4
ICxvExyl_,[(5-7)-(4-8)-(2-9)-(1-6)-(0-3)],3.337860107421875e-05,0.06060481071472168,5,True,5
ICxvExyl_,[(5-7)-(4-8)-(2-9)-(1-6)-(0-3)],3.4332275390625e-05,0.0014367103576660156,1,True,1
ICxvExyl_,[(6-8)-(5-9)-(2-4)-(1-7)-(0-3)],3.361701965332031e-05,0.0051271915435791016,4,True,4
ICxvExyl_,[(6-8)-(5-9)-(2-4)-(1-7)-(0-3)],3.2901763916015625e-05,0.02033090591430664,5,True,5
ICxvExyl_,[(6-9)-(4-8)-(2-5)-(1-7)-(0-3)],3.743171691894531e-05,0.0006260871887207031,0,True,0
ICxvExyl_,[(6-9)-(4-8)-(2-5)-(1-7)-(0-3)],3.24249267578125e-05,0.008550882339477539,3,True,3
ICxvExyl_,[(5-9)-(4-8)-(2-6)-(1-7)-(0-3)],3.361701965332031e-05,0.0036013126373291016,3,True,3
ICxvExyl_,[(5-9)-(4-8)-(2-6)-(1-7)-(0-3)],3.266334533691406e-05,0.002470254898071289,2,True,2
ICxvExyl_,[(6-9)-(5-7)-(2-4)-(1-8)-(0-3)],3.314018249511719e-05,0.007637739181518555,6,True,6
ICxvExyl_,[(6-9)-(5-7)-(2-4)-(1-8)-(0-3)],3.2901763916015625e-05,0.0005970001220703125,0,True,0
ICxvBzYl_,[(6-8)-(5-9)-(2-7)-(1-4)-(0-3)],3.2901763916015625e-05,0.00780034065246582,5,True,5
ICxvBzYl_,[(6-8)-(5-9)-(2-7)-(1-4)-(0-3)],3.4809112548828125e-05,0.002062082290649414,1,True,1
ICxvBzYl_,[(6-8)-(5-7)-(2-9)-(1-4)-(0-3)],3.361701965332031e-05,0.0064508914947509766,3,True,3
ICxvBzYl_,[(6-8)-(5-7)-(2-9)-(1-4)-(0-3)],3.24249267578125e-05,0.007050752639770508,3,True,3
ICxvBzYl_,[(6-9)-(4-8)-(2-7)-(1-5)-(0-3)],3.361701965332031e-05,0.003588438034057617,3,True,3
ICxvBzYl_,[(6-9)-(4-8)-(2-7)-(1-5)-(0-3)],3.314018249511719e-05,0.005839824676513672,4,True,4
ICxvBzYl_,[(6-8)-(4-7)-(2-9)-(1-5)-(0-3)],3.361701965332031e-05,0.005347728729248047,3,True,3
ICxvBzYl_,[(6-8)-(4-7)-(2-9)-(1-5)-(0-3)],3.2901763916015625e-05,0.009073257446289062,3,True,4
ICxvBzYl_,[(5-9)-(4-8)-(2-7)-(1-6)-(0-3)],3.4809112548828125e-05,0.004302978515625,3,True,3
ICxvBzYl_,[(5-9)-(4-8)-(2-7)-(1-6)-(0-3)],3.24249267578125e-05,0.0071103572845458984,5,True,5
ICxvBzYl_,[(5-7)-(4-8)-(2-9)-(1-6)-(0-3)],3.409385681152344e-05,0.0026907920837402344,2,True,2
ICxvBzYl_,[(5-7)-(4-8)-(2-9)-(1-6)-(0-3)],3.266334533691406e-05,0.0064961910247802734,5,True,5
ICxvBzYl_,[(6-8)-(5-9)-(2-4)-(1-7)-(0-3)],3.3855438232421875e-05,0.0014278888702392578,1,True,1
ICxvBzYl_,[(6-8)-(5-9)-(2-4)-(1-7)-(0-3)],3.409385681152344e-05,0.05738377571105957,11,True,11
ICxvBzYl_,[(6-9)-(4-8)-(2-5)-(1-7)-(0-3)],3.409385681152344e-05,0.007236957550048828,2,True,2
ICxvBzYl_,[(6-9)-(4-8)-(2-5)-(1-7)-(0-3)],3.4332275390625e-05,0.017303943634033203,6,True,6
ICxvBzYl_,[(5-9)-(4-8)-(2-6)-(1-7)-(0-3)],3.3855438232421875e-05,0.002456188201904297,2,True,2
ICxvBzYl_,[(5-9)-(4-8)-(2-6)-(1-7)-(0-3)],3.218650817871094e-05,0.002831697463989258,2,True,2
ICxvBzYl_,[(6-9)-(5-7)-(2-4)-(1-8)-(0-3)],3.361701965332031e-05,0.03688836097717285,10,True,11
ICxvBzYl_,[(6-9)-(5-7)-(2-4)-(1-8)-(0-3)],3.600120544433594e-05,0.020542144775390625,8,True,8
IEhf`~kv?,[(6-7)-(4-9)-(2-8)-(1-5)-(0-3)],3.337860107421875e-05,0.0014009475708007812,1,True,1
IEhf`~kv?,[(6-7)-(4-9)-(2-8)-(1-5)-(0-3)],3.24249267578125e-05,0.012549638748168945,2,True,5
IEhf`~kv?,[(5-9)-(4-8)-(2-7)-(1-6)-(0-3)],3.4809112548828125e-05,0.0024378299713134766,2,True,2
IEhf`~kv?,[(5-9)-(4-8)-(2-7)-(1-6)-(0-3)],3.337860107421875e-05,0.007915496826171875,3,True,3
IEhf`~kv?,[(5-8)-(4-9)-(2-7)-(1-6)-(0-3)],3.337860107421875e-05,0.0041735172271728516,3,True,3
IEhf`~kv?,[(5-8)-(4-9)-(2-7)-(1-6)-(0-3)],6.008148193359375e-05,0.010271549224853516,0,False,2
IEhf`~kv?,[(5-9)-(4-7)-(2-8)-(1-6)-(0-3)],3.504753112792969e-05,0.005124568939208984,4,True,4
IEhf`~kv?,[(5-9)-(4-7)-(2-8)-(1-6)-(0-3)],3.3855438232421875e-05,0.005003213882446289,3,True,3
IEhf`~kv?,[(5-7)-(4-9)-(2-8)-(1-6)-(0-3)],3.4332275390625e-05,0.00146484375,1,True,1
IEhf`~kv?,[(5-7)-(4-9)-(2-8)-(1-6)-(0-3)],3.1948089599609375e-05,0.0063974857330322266,5,True,5
IEhf`~kv?,[(6-7)-(5-9)-(2-4)-(1-8)-(0-3)],3.3855438232421875e-05,0.004719734191894531,2,True,2
IEhf`~kv?,[(6-7)-(5-9)-(2-4)-(1-8)-(0-3)],3.1948089599609375e-05,0.004065036773681641,3,True,3
IEhf`~kv?,[(6-7)-(4-9)-(2-5)-(1-8)-(0-3)],3.361701965332031e-05,0.0038933753967285156,3,True,3
IEhf`~kv?,[(6-7)-(4-9)-(2-5)-(1-8)-(0-3)],3.266334533691406e-05,0.0014965534210205078,1,True,1
IEhf`~kv?,[(5-9)-(4-7)-(2-6)-(1-8)-(0-3)],3.266334533691406e-05,0.0005996227264404297,0,True,0
IEhf`~kv?,[(5-9)-(4-7)-(2-6)-(1-8)-(0-3)],3.218650817871094e-05,0.0025641918182373047,2,True,2
IEhf`~kv?,[(5-7)-(4-9)-(2-6)-(1-8)-(0-3)],3.409385681152344e-05,0.0024929046630859375,2,True,2
IEhf`~kv?,[(5-7)-(4-9)-(2-6)-(1-8)-(0-3)],3.2901763916015625e-05,0.0014455318450927734,1,True,1
IEhf`~kv?,[(6-7)-(5-8)-(2-4)-(1-9)-(0-3)],3.1948089599609375e-05,0.01148533821105957,5,True,5
IEhf`~kv?,[(6-7)-(5-8)-(2-4)-(1-9)-(0-3)],3.314018249511719e-05,0.0036165714263916016,3,True,3
IEhernkn?,[(6-7)-(4-9)-(2-8)-(1-5)-(0-3)],3.4332275390625e-05,0.007595062255859375,6,True,6
IEhernkn?,[(6-7)-(4-9)-(2-8)-(1-5)-(0-3)],3.4332275390625e-05,0.004648447036743164,3,True,3
IEhernkn?,[(6-7)-(4-8)-(2-9)-(1-5)-(0-3)],3.4809112548828125e-05,0.002582550048828125,2,True,2
IEhernkn?,[(6-7)-(4-8)-(2-9)-(1-5)-(0-3)],3.2901763916015625e-05,0.008383035659790039,5,True,5
IEhernkn?,[(5-9)-(4-8)-(2-7)-(1-6)-(0-3)],3.552436828613281e-05,0.007869482040405273,6,True,6
IEhernkn?,[(5-9)-(4-8)-(2-7)-(1-6)-(0-3)],3.4809112548828125e-05,0.002576589584350586,2,True,2
IEhernkn?,[(5-8)-(4-9)-(2-7)-(1-6)-(0-3)],3.409385681152344e-05,0.01691150665283203,8,True,8
IEhernkn?,[(5-8)-(4-9)-(2-7)-(1-6)-(0-3)],5.125999450683594e-05,0.0014653205871582031,1,True,1
IEhernkn?,[(5-7)-(4-9)-(2-8)-(1-6)-(0-3)],5.078315734863281e-05,0.009732484817504883,5,True,5
IEhernkn?,[(5-7)-(4-9)-(2-8)-(1-6)-(0-3)],3.337860107421875e-05,0.003928422927856445,3,True,3
IEhernkn?,[(5-7)-(4-8)-(2-9)-(1-6)-(0-3)],3.4332275390625e-05,0.006320953369140625,3,True,3
IEhernkn?,[(5-7)-(4-8)-(2-9)-(1-6)-(0-3)],3.3855438232421875e-05,0.0025281906127929688,2,True,2
IEhernkn?,[(5-9)-(4-6)-(2-8)-(1-7)-(0-3)],5.0067901611328125e-05,0.00634002685546875,3,True,3
IEhernkn?,[(5-9)-(4-6)-(2-8)-(1-7)-(0-3)],3.361701965332031e-05,0.008965015411376953,3,True,4
IEhernkn?,[(5-8)-(4-6)-(2-9)-(1-7)-(0-3)],3.4809112548828125e-05,0.006549835205078125,3,True,3
IEhernkn?,[(5-8)-(4-6)-(2-9)-(1-7)-(0-3)],3.361701965332031e-05,0.005744457244873047,4,True,4
IEhernkn?,[(6-7)-(5-9)-(2-4)-(1-8)-(0-3)],3.409385681152344e-05,0.0028014183044433594,2,True,2
IEhernkn?,[(6-7)-(5-9)-(2-4)-(1-8)-(0-3)],3.337860107421875e-05,0.0014204978942871094,1,True,1
IEhernkn?,[(6-7)-(4-9)-(2-5)-(1-8)-(0-3)],3.4332275390625e-05,0.013904333114624023,5,True,5
IEhernkn?,[(6-7)-(4-9)-(2-5)-(1-8)-(0-3)],3.457069396972656e-05,0.0014498233795166016,1,True,1
IEhbunkn?,[(6-7)-(4-9)-(2-8)-(1-5)-(0-3)],3.337860107421875e-05,0.0038352012634277344,3,True,3
IEhbunkn?,[(6-7)-(4-9)-(2-8)-(1-5)-(0-3)],3.337860107421875e-05,0.002331972122192383,2,True,2
IEhbunkn?,[(6-7)-(4-8)-(2-9)-(1-5)-(0-3)],3.409385681152344e-05,0.009628772735595703,3,True,3
IEhbunkn?,[(6-7)-(4-8)-(2-9)-(1-5)-(0-3)],3.814697265625e-05,0.007932186126708984,6,True,6
IEhbunkn?,[(5-7)-(4-9)-(2-8)-(1-6)-(0-3)],3.600120544433594e-05,0.005527973175048828,4,True,4
IEhbunkn?,[(5-7)-(4-9)-(2-8)-(1-6)-(0-3)],3.337860107421875e-05,0.008816242218017578,3,True,3
IEhbunkn?,[(5-7)-(4-8)-(2-9)-(1-6)-(0-3)],3.457069396972656e-05,0.005121946334838867,4,True,4
IEhbunkn?,[(5-7)-(4-8)-(2-9)-(1-6)-(0-3)],3.337860107421875e-05,0.00518488883972168,4,True,4
IEhbunkn?,[(5-9)-(4-8)-(2-6)-(1-7)-(0-3)],3.4332275390625e-05,0.014659643173217773,3,True,3
IEhbunkn?,[(5-9)-(4-8)-(2-6)-(1-7)-(0-3)],3.5762786865234375e-05,0.05065011978149414,0,False,6
IEhbunkn?,[(5-8)-(4-9)-(2-6)-(1-7)-(0-3)],3.457069396972656e-05,0.0049173831939697266,4,True,4
IEhbunkn?,[(5-8)-(4-9)-(2-6)-(1-7)-(0-3)],5.9604644775390625e-05,0.0026254653930664062,2,True,2
IEhbunkn?,[(5-9)-(4-6)-(2-8)-(1-7)-(0-3)],3.361701965332031e-05,0.0014629364013671875,1,True,1
IEhbunkn?,[(5-9)-(4-6)-(2-8)-(1-7)-(0-3)],3.218650817871094e-05,0.006194114685058594,4,True,4
IEhbunkn?,[(5-8)-(4-6)-(2-9)-(1-7)-(0-3)],3.4809112548828125e-05,0.0063669681549072266,0,False,2
IEhbunkn?,[(5-8)-(4-6)-(2-9)-(1-7)-(0-3)],3.361701965332031e-05,0.0037963390350341797,3,True,3
IEhbunkn?,[(6-7)-(5-9)-(2-4)-(1-8)-(0-3)],3.4332275390625e-05,0.0014677047729492188,1,True,1
IEhbunkn?,[(6-7)-(5-9)-(2-4)-(1-8)-(0-3)],3.266334533691406e-05,0.005634784698486328,4,True,4
IEhbunkn?,[(6-7)-(4-9)-(2-5)-(1-8)-(0-3)],3.3855438232421875e-05,0.006081104278564453,4,True,4
IEhbunkn?,[(6-7)-(4-9)-(2-5)-(1-8)-(0-3)],3.314018249511719e-05,0.0026273727416992188,2,True,2
IEjdjrM]O,[(7-9)-(6-8)-(2-4)-(1-5)-(0-3)],6.413459777832031e-05,0.020803451538085938,9,True,9
IEjdjrM]O,[(7-9)-(6-8)-(2-4)-(1-5)-(0-3)],3.457069396972656e-05,0.009540557861328125,7,True,7
IEjdjrM]O,[(7-9)-(4-8)-(2-6)-(1-5)-(0-3)],3.409385681152344e-05,0.006871223449707031,5,True,5
IEjdjrM]O,[(7-9)-(4-8)-(2-6)-(1-5)-(0-3)],3.409385681152344e-05,0.002886533737182617,2,True,2
IEjdjrM]O,[(6-8)-(4-9)-(2-7)-(1-5)-(0-3)],3.552436828613281e-05,0.012050867080688477,4,True,5
IEjdjrM]O,[(6-8)-(4-9)-(2-7)-(1-5)-(0-3)],3.5762786865234375e-05,0.0014514923095703125,1,True,1
IEjdjrM]O,[(6-8)-(4-7)-(2-9)-(1-5)-(0-3)],3.4332275390625e-05,0.007999658584594727,6,True,6
IEjdjrM]O,[(6-8)-(4-7)-(2-9)-(1-5)-(0-3)],3.4332275390625e-05,0.013971567153930664,4,True,5
IEjdjrM]O,[(6-8)-(4-9)-(2-5)-(1-7)-(0-3)],3.552436828613281e-05,0.011178016662597656,5,True,5
IEjdjrM]O,[(6-8)-(4-9)-(2-5)-(1-7)-(0-3)],3.4332275390625e-05,0.11736178398132324,0,False,8
IEjdjrM]O,[(5-8)-(4-9)-(2-6)-(1-7)-(0-3)],3.552436828613281e-05,0.0038700103759765625,3,True,3
IEjdjrM]O,[(5-8)-(4-9)-(2-6)-(1-7)-(0-3)],3.361701965332031e-05,0.007124423980712891,5,True,5
IEjdjrM]O,[(5-6)-(4-8)-(2-9)-(1-7)-(0-3)],3.409385681152344e-05,0.00591731071472168,4,True,4
IEjdjrM]O,[(5-6)-(4-8)-(2-9)-(1-7)-(0-3)],3.266334533691406e-05,0.008888006210327148,3,True,3
IEjdjrM]O,[(7-9)-(5-6)-(2-4)-(1-8)-(0-3)],3.814697265625e-05,0.0015366077423095703,1,True,1
IEjdjrM]O,[(7-9)-(5-6)-(2-4)-(1-8)-(0-3)],3.218650817871094e-05,0.008819103240966797,5,True,6
IEjdjrM]O,[(5-6)-(4-9)-(2-7)-(1-8)-(0-3)],3.4332275390625e-05,0.006523609161376953,5,True,5
IEjdjrM]O,[(5-6)-(4-9)-(2-7)-(1-8)-(0-3)],3.409385681152344e-05,0.0014495849609375,1,True,1
IEjdjrM]O,[(5-6)-(4-7)-(2-9)-(1-8)-(0-3)],3.337860107421875e-05,0.0058476924896240234,4,True,4
IEjdjrM]O,[(5-6)-(4-7)-(2-9)-(1-8)-(0-3)],3.314018249511719e-05,0.003885030746459961,3,True,3
IEhvFT]n?,[(6-8)-(4-9)-(2-7)-(1-5)-(0-3)],3.337860107421875e-05,0.003860950469970703,2,True,2
IEhvFT]n?,[(6-8)-(4-9)-(2-7)-(1-5)-(0-3)],3.2901763916015625e-05,0.0015530586242675781,1,True,1
IEhvFT]n?,[(6-8)-(4-7)-(2-9)-(1-5)-(0-3)],4.9114227294921875e-05,0.002830982208251953,2,True,2
IEhvFT]n?,[(6-8)-(4-7)-(2-9)-(1-5)-(0-3)],3.1948089599609375e-05,0.000652313232421875,0,True,0
IEhvFT]n?,[(6-7)-(4-8)-(2-9)-(1-5)-(0-3)],3.9577484130859375e-05,0.0013782978057861328,1,True,1
IEhvFT]n?,[(6-7)-(4-8)-(2-9)-(1-5)-(0-3)],3.147125244140625e-05,0.007171154022216797,3,True,4
IEhvFT]n?,[(5-9)-(4-8)-(2-7)-(1-6)-(0-3)],3.528594970703125e-05,0.004049777984619141,2,True,2
IEhvFT]n?,[(5-9)-(4-8)-(2-7)-(1-6)-(0-3)],3.24249267578125e-05,0.0013718605041503906,1,True,1
IEhvFT]n?,[(5-8)-(4-9)-(2-7)-(1-6)-(0-3)],3.361701965332031e-05,0.0071337223052978516,4,True,4
IEhvFT]n?,[(5-8)-(4-9)-(2-7)-(1-6)-(0-3)],3.4809112548828125e-05,0.0028743743896484375,2,True,2
IEhvFT]n?,[(5-8)-(4-7)-(2-9)-(1-6)-(0-3)],3.337860107421875e-05,0.00467991828918457,2,True,2
IEhvFT]n?,[(5-8)-(4-7)-(2-9)-(1-6)-(0-3)],3.3855438232421875e-05,0.05462241172790527,4,True,4
IEhvFT]n?,[(6-8)-(5-9)-(2-4)-(1-7)-(0-3)],3.504753112792969e-05,0.0014171600341796875,1,True,1
IEhvFT]n?,[(6-8)-(5-9)-(2-4)-(1-7)-(0-3)],3.266334533691406e-05,0.0013778209686279297,1,True,1
IEhvFT]n?,[(6-8)-(4-9)-(2-5)-(1-7)-(0-3)],3.409385681152344e-05,0.00147247314453125,1,True,1
IEhvFT]n?,[(6-8)-(4-9)-(2-5)-(1-7)-(0-3)],3.218650817871094e-05,0.001499176025390625,1,True,1
IEhvFT]n?,[(5-9)-(4-8)-(2-6)-(1-7)-(0-3)],3.2901763916015625e-05,0.0006051063537597656,0,True,0
IEhvFT]n?,[(5-9)-(4-8)-(2-6)-(1-7)-(0-3)],3.218650817871094e-05,0.003772735595703125,2,True,2
IEhvFT]n?,[(5-8)-(4-9)-(2-6)-(1-7)-(0-3)],3.337860107421875e-05,0.0025267601013183594,2,True,2
IEhvFT]n?,[(5-8)-(4-9)-(2-6)-(1-7)-(0-3)],3.337860107421875e-05,0.008006572723388672,6,True,6
IEhvEtmn?,[(6-7)-(4-9)-(2-8)-(1-5)-(0-3)],3.361701965332031e-05,0.01614093780517578,9,True,9
IEhvEtmn?,[(6-7)-(4-9)-(2-8)-(1-5)-(0-3)],3.552436828613281e-05,0.001615285873413086,1,True,1
IEhvEtmn?,[(6-8)-(4-7)-(2-9)-(1-5)-(0-3)],3.4332275390625e-05,0.005502939224243164,0,False,2
IEhvEtmn?,[(6-8)-(4-7)-(2-9)-(1-5)-(0-3)],3.361701965332031e-05,0.0014493465423583984,1,True,1
IEhvEtmn?,[(6-7)-(4-8)-(2-9)-(1-5)-(0-3)],3.409385681152344e-05,0.005410432815551758,4,True,4
IEhvEtmn?,[(6-7)-(4-8)-(2-9)-(1-5)-(0-3)],3.314018249511719e-05,0.00821995735168457,6,True,6
IEhvEtmn?,[(5-9)-(4-7)-(2-8)-(1-6)-(0-3)],4.839897155761719e-05,0.0025625228881835938,2,True,2
IEhvEtmn?,[(5-9)-(4-7)-(2-8)-(1-6)-(0-3)],4.601478576660156e-05,0.004265546798706055,3,True,3
IEhvEtmn?,[(5-8)-(4-7)-(2-9)-(1-6)-(0-3)],3.3855438232421875e-05,0.0026700496673583984,2,True,2
IEhvEtmn?,[(5-8)-(4-7)-(2-9)-(1-6)-(0-3)],3.218650817871094e-05,0.004952907562255859,2,True,2
IEhvEtmn?,[(6-8)-(5-9)-(2-4)-(1-7)-(0-3)],3.3855438232421875e-05,0.0015099048614501953,1,True,1
IEhvEtmn?,[(6-8)-(5-9)-(2-4)-(1-7)-(0-3)],4.5299530029296875e-05,0.0027527809143066406,2,True,2
IEhvEtmn?,[(6-8)-(4-9)-(2-5)-(1-7)-(0-3)],3.314018249511719e-05,0.0014379024505615234,1,True,1
IEhvEtmn?,[(6-8)-(4-9)-(2-5)-(1-7)-(0-3)],3.1948089599609375e-05,0.005347251892089844,4,True,4
IEhvEtmn?,[(5-9)-(4-8)-(2-6)-(1-7)-(0-3)],3.337860107421875e-05,0.0015633106231689453,1,True,1
IEhvEtmn?,[(5-9)-(4-8)-(2-6)-(1-7)-(0-3)],3.266334533691406e-05,0.002474069595336914,2,True,2
IEhvEtmn?,[(5-8)-(4-9)-(2-6)-(1-7)-(0-3)],3.314018249511719e-05,0.024712562561035156,0,False,3
IEhvEtmn?,[(5-8)-(4-9)-(2-6)-(1-7)-(0-3)],3.4809112548828125e-05,0.003988742828369141,3,True,3
IEhvEtmn?,[(6-7)-(5-9)-(2-4)-(1-8)-(0-3)],3.314018249511719e-05,0.002658367156982422,2,True,2
IEhvEtmn?,[(6-7)-(5-9)-(2-4)-(1-8)-(0-3)],3.24249267578125e-05,0.0014104843139648438,1,True,1
IEhvBvMn?,[(6-8)-(4-9)-(2-7)-(1-5)-(0-3)],3.409385681152344e-05,0.0024826526641845703,1,True,1
IEhvBvMn?,[(6-8)-(4-9)-(2-7)-(1-5)-(0-3)],3.361701965332031e-05,0.006491422653198242,5,True,5
IEhvBvMn?,[(6-8)-(4-7)-(2-9)-(1-5)-(0-3)],3.4332275390625e-05,0.004471778869628906,3,True,3
IEhvBvMn?,[(6-8)-(4-7)-(2-9)-(1-5)-(0-3)],3.266334533691406e-05,0.0013699531555175781,1,True,1
IEhvBvMn?,[(6-7)-(4-8)-(2-9)-(1-5)-(0-3)],3.361701965332031e-05,0.004895925521850586,2,True,2
IEhvBvMn?,[(6-7)-(4-8)-(2-9)-(1-5)-(0-3)],3.314018249511719e-05,0.006645917892456055,2,True,2
IEhvBvMn?,[(5-9)-(4-8)-(2-7)-(1-6)-(0-3)],3.409385681152344e-05,0.004151582717895508,3,True,3
IEhvBvMn?,[(5-9)-(4-8)-(2-7)-(1-6)-(0-3)],3.266334533691406e-05,0.006146669387817383,3,True,4
IEhvBvMn?,[(5-8)-(4-9)-(2-7)-(1-6)-(0-3)],3.457069396972656e-05,0.0014243125915527344,1,True,1
IEhvBvMn?,[(5-8)-(4-9)-(2-7)-(1-6)-(0-3)],3.314018249511719e-05,0.004205942153930664,3,True,3
IEhvBvMn?,[(5-8)-(4-7)-(2-9)-(1-6)-(0-3)],3.409385681152344e-05,0.0014333724975585938,1,True,1
IEhvBvMn?,[(5-8)-(4-7)-(2-9)-(1-6)-(0-3)],3.314018249511719e-05,0.0034241676330566406,2,True,2
IEhvBvMn?,[(6-8)-(5-9)-(2-4)-(1-7)-(0-3)],3.4332275390625e-05,0.0025017261505126953,2,True,2
IEhvBvMn?,[(6-8)-(5-9)-(2-4)-(1-7)-(0-3)],3.266334533691406e-05,0.004713773727416992,3,True,3
IEhvBvMn?,[(6-8)-(4-9)-(2-5)-(1-7)-(0-3)],3.552436828613281e-05,0.0014286041259765625,1,True,1
IEhvBvMn?,[(6-8)-(4-9)-(2-5)-(1-7)-(0-3)],3.743171691894531e-05,0.0037424564361572266,3,True,3
IEhvBvMn?,[(5-9)-(4-8)-(2-6)-(1-7)-(0-3)],3.409385681152344e-05,0.0038292407989501953,3,True,3
IEhvBvMn?,[(5-9)-(4-8)-(2-6)-(1-7)-(0-3)],3.314018249511719e-05,0.00789332389831543,3,True,5
IEhvBvMn?,[(5-8)-(4-9)-(2-6)-(1-7)-(0-3)],3.4332275390625e-05,0.030960798263549805,6,True,9
IEhvBvMn?,[(5-8)-(4-9)-(2-6)-(1-7)-(0-3)],3.504753112792969e-05,0.004872560501098633,4,True,4
IEhuVquZ_,[(6-8)-(4-9)-(2-7)-(1-5)-(0-3)],3.4809112548828125e-05,0.009826183319091797,4,True,6
IEhuVquZ_,[(6-8)-(4-9)-(2-7)-(1-5)-(0-3)],3.552436828613281e-05,0.011349201202392578,6,True,7
IEhuVquZ_,[(6-9)-(4-7)-(2-8)-(1-5)-(0-3)],3.5762786865234375e-05,0.006615400314331055,4,True,4
IEhuVquZ_,[(6-9)-(4-7)-(2-8)-(1-5)-(0-3)],6.651878356933594e-05,0.005124092102050781,4,True,4
IEhuVquZ_,[(6-8)-(4-7)-(2-9)-(1-5)-(0-3)],3.3855438232421875e-05,0.06255483627319336,0,False,5
IEhuVquZ_,[(6-8)-(4-7)-(2-9)-(1-5)-(0-3)],3.4809112548828125e-05,0.0006368160247802734,0,True,0
IEhuVquZ_,[(5-8)-(4-9)-(2-7)-(1-6)-(0-3)],3.2901763916015625e-05,0.0024924278259277344,2,True,2
IEhuVquZ_,[(5-8)-(4-9)-(2-7)-(1-6)-(0-3)],3.337860107421875e-05,0.0037779808044433594,3,True,3
IEhuVquZ_,[(5-9)-(4-7)-(2-8)-(1-6)-(0-3)],3.337860107421875e-05,0.0006186962127685547,0,True,0
IEhuVquZ_,[(5-9)-(4-7)-(2-8)-(1-6)-(0-3)],3.170967102050781e-05,0.0025010108947753906,2,True,2
IEhuVquZ_,[(5-8)-(4-7)-(2-9)-(1-6)-(0-3)],3.409385681152344e-05,0.0025053024291992188,2,True,2
IEhuVquZ_,[(5-8)-(4-7)-(2-9)-(1-6)-(0-3)],3.337860107421875e-05,0.00502324104309082,4,True,4
IEhuVquZ_,[(6-9)-(5-8)-(2-4)-(1-7)-(0-3)],3.361701965332031e-05,0.007191896438598633,3,True,3
IEhuVquZ_,[(6-9)-(5-8)-(2-4)-(1-7)-(0-3)],3.266334533691406e-05,0.001584768295288086,1,True,1
IEhuVquZ_,[(6-8)-(5-9)-(2-4)-(1-7)-(0-3)],3.3855438232421875e-05,0.0036203861236572266,3,True,3
IEhuVquZ_,[(6-8)-(5-9)-(2-4)-(1-7)-(0-3)],3.266334533691406e-05,0.0033173561096191406,3,True,3
IEhuVquZ_,[(6-8)-(4-9)-(2-5)-(1-7)-(0-3)],3.3855438232421875e-05,0.003725767135620117,3,True,3
IEhuVquZ_,[(6-8)-(4-9)-(2-5)-(1-7)-(0-3)],3.24249267578125e-05,0.0014111995697021484,1,True,1
IEhuVquZ_,[(5-9)-(4-6)-(2-8)-(1-7)-(0-3)],3.314018249511719e-05,0.022081613540649414,3,True,3
IEhuVquZ_,[(5-9)-(4-6)-(2-8)-(1-7)-(0-3)],3.409385681152344e-05,0.00432896614074707,3,True,3
IEhuTzqZ_,[(6-8)-(4-9)-(2-7)-(1-5)-(0-3)],3.3855438232421875e-05,0.0076427459716796875,4,True,4
IEhuTzqZ_,[(6-8)-(4-9)-(2-7)-(1-5)-(0-3)],3.314018249511719e-05,0.003306150436401367,2,True,2
IEhuTzqZ_,[(6-9)-(4-7)-(2-8)-(1-5)-(0-3)],3.361701965332031e-05,0.003564119338989258,2,True,2
IEhuTzqZ_,[(6-9)-(4-7)-(2-8)-(1-5)-(0-3)],3.266334533691406e-05,0.0052373409271240234,4,True,4
IEhuTzqZ_,[(6-8)-(4-7)-(2-9)-(1-5)-(0-3)],3.600120544433594e-05,0.0027313232421875,1,True,1
IEhuTzqZ_,[(6-8)-(4-7)-(2-9)-(1-5)-(0-3)],3.0994415283203125e-05,0.0027904510498046875,2,True,2
IEhuTzqZ_,[(5-9)-(4-7)-(2-8)-(1-6)-(0-3)],3.4332275390625e-05,0.002536773681640625,2,True,2
IEhuTzqZ_,[(5-9)-(4-7)-(2-8)-(1-6)-(0-3)],3.2901763916015625e-05,0.0076982975006103516,3,True,3
IEhuTzqZ_,[(5-7)-(4-9)-(2-8)-(1-6)-(0-3)],3.790855407714844e-05,0.003939151763916016,3,True,3
IEhuTzqZ_,[(5-7)-(4-9)-(2-8)-(1-6)-(0-3)],3.2901763916015625e-05,0.001580953598022461,1,True,1
IEhuTzqZ_,[(6-9)-(5-7)-(2-4)-(1-8)-(0-3)],3.266334533691406e-05,0.004976749420166016,3,True,3
IEhuTzqZ_,[(6-9)-(5-7)-(2-4)-(1-8)-(0-3)],3.218650817871094e-05,0.0023572444915771484,2,True,2
IEhuTzqZ_,[(6-9)-(4-7)-(2-5)-(1-8)-(0-3)],3.3855438232421875e-05,0.003805398941040039,2,True,2
IEhuTzqZ_,[(6-9)-(4-7)-(2-5)-(1-8)-(0-3)],3.528594970703125e-05,0.007121562957763672,3,True,3
IEhuTzqZ_,[(5-9)-(4-6)-(2-7)-(1-8)-(0-3)],3.409385681152344e-05,0.012904644012451172,2,True,4
IEhuTzqZ_,[(5-9)-(4-6)-(2-7)-(1-8)-(0-3)],3.337860107421875e-05,0.009020328521728516,0,False,2
IEhuTzqZ_,[(5-7)-(4-6)-(2-9)-(1-8)-(0-3)],3.910064697265625e-05,0.0036983489990234375,3,True,3
IEhuTzqZ_,[(5-7)-(4-6)-(2-9)-(1-8)-(0-3)],3.266334533691406e-05,0.008979320526123047,4,True,4
IEhuTzqZ_,[(6-8)-(5-7)-(2-4)-(1-9)-(0-3)],3.4332275390625e-05,0.014982938766479492,8,True,8
IEhuTzqZ_,[(6-8)-(5-7)-(2-4)-(1-9)-(0-3)],3.361701965332031e-05,0.004060268402099609,3,True,3
IEhuRzqj_,[(6-8)-(4-9)-(2-7)-(1-5)-(0-3)],3.337860107421875e-05,0.007958173751831055,6,True,6
IEhuRzqj_,[(6-8)-(4-9)-(2-7)-(1-5)-(0-3)],5.412101745605469e-05,0.0026793479919433594,2,True,2
IEhuRzqj_,[(6-9)-(4-7)-(2-8)-(1-5)-(0-3)],3.409385681152344e-05,0.00410914421081543,3,True,3
IEhuRzqj_,[(6-9)-(4-7)-(2-8)-(1-5)-(0-3)],3.24249267578125e-05,0.006990909576416016,5,True,5
IEhuRzqj_,[(6-8)-(4-7)-(2-9)-(1-5)-(0-3)],3.4332275390625e-05,0.0028171539306640625,2,True,2
IEhuRzqj_,[(6-8)-(4-7)-(2-9)-(1-5)-(0-3)],3.218650817871094e-05,0.0040323734283447266,3,True,3
IEhuRzqj_,[(5-9)-(4-7)-(2-8)-(1-6)-(0-3)],7.43865966796875e-05,0.0025162696838378906,2,True,2
IEhuRzqj_,[(5-9)-(4-7)-(2-8)-(1-6)-(0-3)],3.170967102050781e-05,0.0024404525756835938,2,True,2
IEhuRzqj_,[(5-7)-(4-9)-(2-8)-(1-6)-(0-3)],3.218650817871094e-05,0.0023679733276367188,2,True,2
IEhuRzqj_,[(5-7)-(4-9)-(2-8)-(1-6)-(0-3)],3.218650817871094e-05,0.0036880970001220703,3,True,3
IEhuRzqj_,[(6-8)-(5-9)-(2-4)-(1-7)-(0-3)],3.2901763916015625e-05,0.0017011165618896484,1,True,1
IEhuRzqj_,[(6-8)-(5-9)-(2-4)-(1-7)-(0-3)],3.147125244140625e-05,0.0013718605041503906,1,True,1
IEhuRzqj_,[(6-8)-(4-9)-(2-5)-(1-7)-(0-3)],3.218650817871094e-05,0.19637131690979004,8,True,8
IEhuRzqj_,[(6-8)-(4-9)-(2-5)-(1-7)-(0-3)],3.457069396972656e-05,0.005785226821899414,4,True,4
IEhuRzqj_,[(5-9)-(4-6)-(2-8)-(1-7)-(0-3)],3.409385681152344e-05,0.0024673938751220703,2,True,2
IEhuRzqj_,[(5-9)-(4-6)-(2-8)-(1-7)-(0-3)],3.123283386230469e-05,0.0006475448608398438,0,True,0
IEhuRzqj_,[(6-9)-(5-7)-(2-4)-(1-8)-(0-3)],3.218650817871094e-05,0.003379344940185547,3,True,3
IEhuRzqj_,[(6-9)-(5-7)-(2-4)-(1-8)-(0-3)],3.1948089599609375e-05,0.0015387535095214844,1,True,1
IEhuRzqj_,[(6-9)-(4-7)-(2-5)-(1-8)-(0-3)],3.337860107421875e-05,0.00707697868347168,5,True,5
IEhuRzqj_,[(6-9)-(4-7)-(2-5)-(1-8)-(0-3)],3.147125244140625e-05,0.007953405380249023,5,True,5
IQhVe]{^?,[(6-7)-(5-9)-(4-8)-(1-3)-(0-2)],3.2901763916015625e-05,0.0013895034790039062,1,True,1
IQhVe]{^?,[(6-7)-(5-9)-(4-8)-(1-3)-(0-2)],3.170967102050781e-05,0.003614187240600586,3,True,3
IQhVe]{^?,[(6-7)-(5-8)-(4-9)-(1-3)-(0-2)],3.2901763916015625e-05,0.007158756256103516,0,False,2
IQhVe]{^?,[(6-7)-(5-8)-(4-9)-(1-3)-(0-2)],3.24249267578125e-05,0.01768016815185547,0,False,4
IQhVe]{^?,[(6-7)-(4-9)-(3-8)-(1-5)-(0-2)],3.3855438232421875e-05,0.015228509902954102,7,True,7
IQhVe]{^?,[(6-7)-(4-9)-(3-8)-(1-5)-(0-2)],3.409385681152344e-05,0.0006940364837646484,0,True,0
IQhVe]{^?,[(6-7)-(4-8)-(3-9)-(1-5)-(0-2)],3.314018249511719e-05,0.002599000930786133,2,True,2
IQhVe]{^?,[(6-7)-(4-8)-(3-9)-(1-5)-(0-2)],3.266334533691406e-05,0.04887795448303223,6,True,6
IQhVe]{^?,[(5-9)-(4-7)-(3-8)-(1-6)-(0-2)],3.409385681152344e-05,0.003973245620727539,3,True,3
IQhVe]{^?,[(5-9)-(4-7)-(3-8)-(1-6)-(0-2)],3.2901763916015625e-05,0.018703222274780273,6,True,6
IQhVe]{^?,[(5-7)-(4-9)-(3-8)-(1-6)-(0-2)],3.337860107421875e-05,0.00960230827331543,5,True,5
IQhVe]{^?,[(5-7)-(4-9)-(3-8)-(1-6)-(0-2)],3.218650817871094e-05,0.0014302730560302734,1,True,1
IQhVe]{^?,[(5-8)-(4-7)-(3-9)-(1-6)-(0-2)],3.218650817871094e-05,0.006422281265258789,0,False,2
IQhVe]{^?,[(5-8)-(4-7)-(3-9)-(1-6)-(0-2)],3.24249267578125e-05,0.002868175506591797,2,True,2
IQhVe]{^?,[(5-7)-(4-8)-(3-9)-(1-6)-(0-2)],3.266334533691406e-05,0.006459474563598633,0,False,2
IQhVe]{^?,[(5-7)-(4-8)-(3-9)-(1-6)-(0-2)],3.1948089599609375e-05,0.0014472007751464844,1,True,1
IQhVe]{^?,[(5-9)-(4-8)-(3-6)-(1-7)-(0-2)],3.2901763916015625e-05,0.0069119930267333984,5,True,5
IQhVe]{^?,[(5-9)-(4-8)-(3-6)-(1-7)-(0-2)],3.266334533691406e-05,0.0038237571716308594,3,True,3
IQhVe]{^?,[(5-8)-(4-9)-(3-6)-(1-7)-(0-2)],3.314018249511719e-05,0.008883476257324219,5,True,5
IQhVe]{^?,[(5-8)-(4-9)-(3-6)-(1-7)-(0-2)],3.337860107421875e-05,0.003886699676513672,3,True,3
IQjRfqmV_,[(6-9)-(5-8)-(4-7)-(1-3)-(0-2)],3.24249267578125e-05,0.0024487972259521484,2,True,2
IQjRfqmV_,[(6-9)-(5-8)-(4-7)-(1-3)-(0-2)],3.24249267578125e-05,0.011454343795776367,0,False,4
IQjRfqmV_,[(6-8)-(5-9)-(4-7)-(1-3)-(0-2)],3.504753112792969e-05,0.0016384124755859375,1,True,1
IQjRfqmV_,[(6-8)-(5-9)-(4-7)-(1-3)-(0-2)],3.1948089599609375e-05,0.00339508056640625,2,True,2
IQjRfqmV_,[(6-9)-(4-8)-(3-7)-(1-5)-(0-2)],3.4332275390625e-05,0.1544506549835205,0,False,7
IQjRfqmV_,[(6-9)-(4-8)-(3-7)-(1-5)-(0-2)],3.504753112792969e-05,0.009454965591430664,4,True,4
IQjRfqmV_,[(6-8)-(4-9)-(3-7)-(1-5)-(0-2)],4.792213439941406e-05,0.0013921260833740234,1,True,1
IQjRfqmV_,[(6-8)-(4-9)-(3-7)-(1-5)-(0-2)],3.218650817871094e-05,0.0027387142181396484,2,True,2
IQjRfqmV_,[(6-8)-(4-7)-(3-9)-(1-5)-(0-2)],3.337860107421875e-05,0.001409292221069336,1,True,1
IQjRfqmV_,[(6-8)-(4-7)-(3-9)-(1-5)-(0-2)],3.147125244140625e-05,0.001439809799194336,1,True,1
IQjRfqmV_,[(5-9)-(4-8)-(3-7)-(1-6)-(0-2)],3.1948089599609375e-05,0.0213162899017334,7,True,10
IQjRfqmV_,[(5-9)-(4-8)-(3-7)-(1-6)-(0-2)],3.314018249511719e-05,0.002632617950439453,2,True,2
IQjRfqmV_,[(5-8)-(4-9)-(3-7)-(1-6)-(0-2)],3.314018249511719e-05,0.05515456199645996,8,True,9
IQjRfqmV_,[(5-8)-(4-9)-(3-7)-(1-6)-(0-2)],3.5762786865234375e-05,0.0006442070007324219,0,True,0
IQjRfqmV_,[(5-8)-(4-7)-(3-9)-(1-6)-(0-2)],3.266334533691406e-05,0.0052034854888916016,3,True,3
IQjRfqmV_,[(5-8)-(4-7)-(3-9)-(1-6)-(0-2)],3.4332275390625e-05,0.0026552677154541016,0,False,1
IQjRfqmV_,[(6-9)-(4-8)-(3-5)-(1-7)-(0-2)],3.361701965332031e-05,0.007455587387084961,5,True,5
IQjRfqmV_,[(6-9)-(4-8)-(3-5)-(1-7)-(0-2)],3.266334533691406e-05,0.0024640560150146484,2,True,2
IQjRfqmV_,[(6-8)-(4-9)-(3-5)-(1-7)-(0-2)],3.314018249511719e-05,0.002489805221557617,2,True,2
IQjRfqmV_,[(6-8)-(4-9)-(3-5)-(1-7)-(0-2)],3.218650817871094e-05,0.002602815628051758,2,True,2
IQjRbzMm_,[(6-9)-(5-8)-(4-7)-(1-3)-(0-2)],3.361701965332031e-05,0.06058692932128906,7,True,9
IQjRbzMm_,[(6-9)-(5-8)-(4-7)-(1-3)-(0-2)],3.600120544433594e-05,0.0042645931243896484,3,True,3
IQjRbzMm_,[(6-9)-(5-7)-(4-8)-(1-3)-(0-2)],3.3855438232421875e-05,0.002620220184326172,2,True,2
IQjRbzMm_,[(6-9)-(5-7)-(4-8)-(1-3)-(0-2)],4.76837158203125e-05,0.001493692398071289,1,True,1
IQjRbzMm_,[(6-8)-(5-7)-(4-9)-(1-3)-(0-2)],3.266334533691406e-05,0.0014698505401611328,1,True,1
IQjRbzMm_,[(6-8)-(5-7)-(4-9)-(1-3)-(0-2)],3.170967102050781e-05,0.0034325122833251953,1,True,2
IQjRbzMm_,[(6-9)-(4-8)-(3-7)-(1-5)-(0-2)],3.314018249511719e-05,0.0024378299713134766,1,True,1
IQjRbzMm_,[(6-9)-(4-8)-(3-7)-(1-5)-(0-2)],3.170967102050781e-05,0.0023970603942871094,1,True,1
IQjRbzMm_,[(6-8)-(4-9)-(3-7)-(1-5)-(0-2)],3.337860107421875e-05,0.0014333724975585938,1,True,1
IQjRbzMm_,[(6-8)-(4-9)-(3-7)-(1-5)-(0-2)],3.170967102050781e-05,0.0014178752899169922,1,True,1
IQjRbzMm_,[(6-8)-(4-7)-(3-9)-(1-5)-(0-2)],3.2901763916015625e-05,0.002610445022583008,2,True,2
IQjRbzMm_,[(6-8)-(4-7)-(3-9)-(1-5)-(0-2)],3.218650817871094e-05,0.006341695785522461,3,True,4
IQjRbzMm_,[(5-8)-(4-9)-(3-7)-(1-6)-(0-2)],3.361701965332031e-05,0.006011486053466797,3,True,3
IQjRbzMm_,[(5-8)-(4-9)-(3-7)-(1-6)-(0-2)],3.1948089599609375e-05,0.0030062198638916016,2,True,2
IQjRbzMm_,[(5-8)-(4-7)-(3-9)-(1-6)-(0-2)],3.218650817871094e-05,0.005261898040771484,4,True,4
IQjRbzMm_,[(5-8)-(4-7)-(3-9)-(1-6)-(0-2)],3.1948089599609375e-05,0.0015802383422851562,1,True,1
IQjRbzMm_,[(5-7)-(4-8)-(3-9)-(1-6)-(0-2)],3.266334533691406e-05,0.0014104843139648438,1,True,1
IQjRbzMm_,[(5-7)-(4-8)-(3-9)-(1-6)-(0-2)],3.0994415283203125e-05,0.0059359073638916016,3,True,3
IQjRbzMm_,[(6-9)-(4-8)-(3-5)-(1-7)-(0-2)],3.170967102050781e-05,0.0025892257690429688,2,True,2
IQjRbzMm_,[(6-9)-(4-8)-(3-5)-(1-7)-(0-2)],3.1948089599609375e-05,0.003721475601196289,3,True,3
IQjRe\\yn?,[(6-8)-(5-9)-(4-7)-(1-3)-(0-2)],3.337860107421875e-05,0.0025374889373779297,1,True,1
IQjRe\\yn?,[(6-8)-(5-9)-(4-7)-(1-3)-(0-2)],4.553794860839844e-05,0.0015475749969482422,1,True,1
IQjRe\\yn?,[(6-7)-(5-9)-(4-8)-(1-3)-(0-2)],3.2901763916015625e-05,0.09346628189086914,0,False,16
IQjRe\\yn?,[(6-7)-(5-9)-(4-8)-(1-3)-(0-2)],3.743171691894531e-05,0.00522923469543457,4,True,4
IQjRe\\yn?,[(6-8)-(5-7)-(4-9)-(1-3)-(0-2)],3.457069396972656e-05,0.005418062210083008,4,True,4
IQjRe\\yn?,[(6-8)-(5-7)-(4-9)-(1-3)-(0-2)],4.792213439941406e-05,0.01858830451965332,6,True,7
IQjRe\\yn?,[(6-7)-(4-9)-(3-8)-(1-5)-(0-2)],3.337860107421875e-05,0.002568960189819336,2,True,2
IQjRe\\yn?,[(6-7)-(4-9)-(3-8)-(1-5)-(0-2)],3.24249267578125e-05,0.008700847625732422,4,True,4
IQjRe\\yn?,[(6-8)-(4-7)-(3-9)-(1-5)-(0-2)],3.7670135498046875e-05,0.002531290054321289,2,True,2
IQjRe\\yn?,[(6-8)-(4-7)-(3-9)-(1-5)-(0-2)],3.123283386230469e-05,0.0028116703033447266,2,True,2
IQjRe\\yn?,[(6-7)-(4-8)-(3-9)-(1-5)-(0-2)],3.2901763916015625e-05,0.005112886428833008,4,True,4
IQjRe\\yn?,[(6-7)-(4-8)-(3-9)-(1-5)-(0-2)],3.1948089599609375e-05,0.0014429092407226562,1,True,1
IQjRe\\yn?,[(5-9)-(4-7)-(3-8)-(1-6)-(0-2)],3.2901763916015625e-05,0.003737211227416992,3,True,3
IQjRe\\yn?,[(5-9)-(4-7)-(3-8)-(1-6)-(0-2)],3.218650817871094e-05,0.010127782821655273,2,True,4
IQjRe\\yn?,[(5-7)-(4-9)-(3-8)-(1-6)-(0-2)],3.314018249511719e-05,0.00811147689819336,4,True,4
IQjRe\\yn?,[(5-7)-(4-9)-(3-8)-(1-6)-(0-2)],3.337860107421875e-05,0.012532472610473633,0,False,3
IQjRe\\yn?,[(5-7)-(4-8)-(3-9)-(1-6)-(0-2)],3.314018249511719e-05,0.11832547187805176,0,False,5
IQjRe\\yn?,[(5-7)-(4-8)-(3-9)-(1-6)-(0-2)],4.9591064453125e-05,0.0015361309051513672,1,True,1
IQjRe\\yn?,[(6-8)-(4-9)-(3-5)-(1-7)-(0-2)],3.2901763916015625e-05,0.0278780460357666,0,False,4
IQjRe\\yn?,[(6-8)-(4-9)-(3-5)-(1-7)-(0-2)],4.7206878662109375e-05,0.006559610366821289,4,True,4
IQjRd^[]_,[(6-9)-(5-8)-(4-7)-(1-3)-(0-2)],3.24249267578125e-05,0.004923820495605469,4,True,4
IQjRd^[]_,[(6-9)-(5-8)-(4-7)-(1-3)-(0-2)],3.266334533691406e-05,0.00500178337097168,4,True,4
IQjRd^[]_,[(6-9)-(5-7)-(4-8)-(1-3)-(0-2)],3.457069396972656e-05,0.11608600616455078,15,True,15
IQjRd^[]_,[(6-9)-(5-7)-(4-8)-(1-3)-(0-2)],3.528594970703125e-05,0.002669811248779297,2,True,2
IQjRd^[]_,[(6-7)-(5-8)-(4-9)-(1-3)-(0-2)],3.337860107421875e-05,0.004374027252197266,3,True,3
IQjRd^[]_,[(6-7)-(5-8)-(4-9)-(1-3)-(0-2)],3.24249267578125e-05,0.003690004348754883,3,True,3
IQjRd^[]_,[(6-9)-(4-7)-(3-8)-(1-5)-(0-2)],3.24249267578125e-05,0.009153127670288086,5,True,5
IQjRd^[]_,[(6-9)-(4-7)-(3-8)-(1-5)-(0-2)],3.3855438232421875e-05,0.003907680511474609,3,True,3
IQjRd^[]_,[(6-7)-(4-9)-(3-8)-(1-5)-(0-2)],3.24249267578125e-05,0.0038597583770751953,3,True,3
IQjRd^[]_,[(6-7)-(4-9)-(3-8)-(1-5)-(0-2)],3.218650817871094e-05,0.0036537647247314453,3,True,3
IQjRd^[]_,[(6-7)-(4-8)-(3-9)-(1-5)-(0-2)],3.314018249511719e-05,0.005141019821166992,4,True,4
IQjRd^[]_,[(6-7)-(4-8)-(3-9)-(1-5)-(0-2)],3.337860107421875e-05,0.0065898895263671875,5,True,5
IQjRd^[]_,[(5-7)-(4-9)-(3-8)-(1-6)-(0-2)],3.3855438232421875e-05,0.003960609436035156,3,True,3
IQjRd^[]_,[(5-7)-(4-9)-(3-8)-(1-6)-(0-2)],3.24249267578125e-05,0.003838062286376953,3,True,3
IQjRd^[]_,[(5-8)-(4-7)-(3-9)-(1-6)-(0-2)],3.337860107421875e-05,0.01610112190246582,10,True,10
IQjRd^[]_,[(5-8)-(4-7)-(3-9)-(1-6)-(0-2)],3.3855438232421875e-05,0.005156993865966797,4,True,4
IQjRd^[]_,[(5-7)-(4-8)-(3-9)-(1-6)-(0-2)],3.3855438232421875e-05,0.007645606994628906,5,True,5
IQjRd^[]_,[(5-7)-(4-8)-(3-9)-(1-6)-(0-2)],3.409385681152344e-05,0.0039033889770507812,3,True,3
IQjRd^[]_,[(6-9)-(4-7)-(3-5)-(1-8)-(0-2)],3.3855438232421875e-05,0.004258871078491211,3,True,3
IQjRd^[]_,[(6-9)-(4-7)-(3-5)-(1-8)-(0-2)],3.2901763916015625e-05,0.0024788379669189453,2,True,2
IQjVRiyVO,[(6-8)-(5-7)-(4-9)-(1-3)-(0-2)],3.2901763916015625e-05,0.0065157413482666016,4,True,4
IQjVRiyVO,[(6-8)-(5-7)-(4-9)-(1-3)-(0-2)],3.361701965332031e-05,0.4972567558288574,0,False,38
IQjVRiyVO,[(6-8)-(4-9)-(3-7)-(1-5)-(0-2)],3.409385681152344e-05,0.2657747268676758,0,False,18
IQjVRiyVO,[(6-8)-(4-9)-(3-7)-(1-5)-(0-2)],3.600120544433594e-05,0.009002923965454102,4,True,4
IQjVRiyVO,[(7-9)-(4-6)-(3-8)-(1-5)-(0-2)],3.4809112548828125e-05,0.0651092529296875,20,True,20
IQjVRiyVO,[(7-9)-(4-6)-(3-8)-(1-5)-(0-2)],3.504753112792969e-05,0.0055921077728271484,4,True,4
IQjVRiyVO,[(7-9)-(4-8)-(3-5)-(1-6)-(0-2)],3.4332275390625e-05,0.12580013275146484,0,False,8
IQjVRiyVO,[(7-9)-(4-8)-(3-5)-(1-6)-(0-2)],3.5762786865234375e-05,0.5436904430389404,0,False,13
IQjVRiyVO,[(5-9)-(4-8)-(3-7)-(1-6)-(0-2)],3.409385681152344e-05,0.5065374374389648,0,False,13
IQjVRiyVO,[(5-9)-(4-8)-(3-7)-(1-6)-(0-2)],3.552436828613281e-05,0.10947012901306152,0,False,9
IQjVRiyVO,[(5-7)-(4-9)-(3-8)-(1-6)-(0-2)],3.4809112548828125e-05,0.0072171688079833984,4,True,4
IQjVRiyVO,[(5-7)-(4-9)-(3-8)-(1-6)-(0-2)],3.337860107421875e-05,0.0014874935150146484,1,True,1
IQjVRiyVO,[(5-7)-(4-8)-(3-9)-(1-6)-(0-2)],3.361701965332031e-05,0.011336326599121094,5,True,5
IQjVRiyVO,[(5-7)-(4-8)-(3-9)-(1-6)-(0-2)],3.361701965332031e-05,0.8809483051300049,0,False,23
IQjVRiyVO,[(6-8)-(4-9)-(3-5)-(1-7)-(0-2)],3.552436828613281e-05,0.016754150390625,8,True,8
IQjVRiyVO,[(6-8)-(4-9)-(3-5)-(1-7)-(0-2)],3.528594970703125e-05,0.09439802169799805,0,False,10
IQjVRiyVO,[(5-9)-(4-6)-(3-8)-(1-7)-(0-2)],3.4809112548828125e-05,0.10690522193908691,0,False,6
IQjVRiyVO,[(5-9)-(4-6)-(3-8)-(1-7)-(0-2)],3.528594970703125e-05,0.5787961483001709,0,False,23
IQjVRiyVO,[(5-7)-(4-6)-(3-8)-(1-9)-(0-2)],3.409385681152344e-05,0.026272058486938477,0,False,5
IQjVRiyVO,[(5-7)-(4-6)-(3-8)-(1-9)-(0-2)],3.6716461181640625e-05,0.02645277976989746,0,False,7
IQjVJqyVO,[(6-8)-(5-9)-(4-7)-(1-3)-(0-2)],5.125999450683594e-05,0.010056257247924805,4,True,6
IQjVJqyVO,[(6-8)-(5-9)-(4-7)-(1-3)-(0-2)],3.337860107421875e-05,0.005446434020996094,4,True,4
IQjVJqyVO,[(7-9)-(5-6)-(4-8)-(1-3)-(0-2)],3.3855438232421875e-05,0.017047405242919922,0,False,3
IQjVJqyVO,[(7-9)-(5-6)-(4-8)-(1-3)-(0-2)],6.985664367675781e-05,0.006873607635498047,0,False,2
IQjVJqyVO,[(6-8)-(4-9)-(3-7)-(1-5)-(0-2)],3.552436828613281e-05,0.005605220794677734,4,True,4
IQjVJqyVO,[(6-8)-(4-9)-(3-7)-(1-5)-(0-2)],3.361701965332031e-05,0.06934785842895508,10,True,10
IQjVJqyVO,[(6-8)-(4-7)-(3-9)-(1-5)-(0-2)],3.4809112548828125e-05,0.012158870697021484,8,True,8
IQjVJqyVO,[(6-8)-(4-7)-(3-9)-(1-5)-(0-2)],3.361701965332031e-05,0.007451534271240234,5,True,5
IQjVJqyVO,[(7-9)-(4-8)-(3-5)-(1-6)-(0-2)],3.337860107421875e-05,0.00849151611328125,4,True,4
IQjVJqyVO,[(7-9)-(4-8)-(3-5)-(1-6)-(0-2)],3.3855438232421875e-05,0.008012771606445312,3,True,4
IQjVJqyVO,[(5-9)-(4-8)-(3-7)-(1-6)-(0-2)],4.839897155761719e-05,0.001451730728149414,1,True,1
IQjVJqyVO,[(5-9)-(4-8)-(3-7)-(1-6)-(0-2)],3.2901763916015625e-05,0.0076100826263427734,3,True,3
IQjVJqyVO,[(5-9)-(4-7)-(3-8)-(1-6)-(0-2)],3.3855438232421875e-05,0.0014448165893554688,1,True,1
IQjVJqyVO,[(5-9)-(4-7)-(3-8)-(1-6)-(0-2)],3.147125244140625e-05,0.02230548858642578,7,True,8
IQjVJqyVO,[(6-8)-(4-9)-(3-5)-(1-7)-(0-2)],3.3855438232421875e-05,0.0075643062591552734,5,True,5
IQjVJqyVO,[(6-8)-(4-9)-(3-5)-(1-7)-(0-2)],3.314018249511719e-05,0.012834310531616211,5,True,6
IQjVJqyVO,[(5-6)-(4-9)-(3-8)-(1-7)-(0-2)],3.409385681152344e-05,0.002396106719970703,2,True,2
IQjVJqyVO,[(5-6)-(4-9)-(3-8)-(1-7)-(0-2)],4.8160552978515625e-05,0.0025527477264404297,1,True,1
IQjVJqyVO,[(5-6)-(4-8)-(3-9)-(1-7)-(0-2)],3.457069396972656e-05,0.006674528121948242,4,True,4
IQjVJqyVO,[(5-6)-(4-8)-(3-9)-(1-7)-(0-2)],3.457069396972656e-05,0.010192155838012695,6,True,6
IQjUjp{io,[(6-9)-(5-8)-(4-7)-(1-3)-(0-2)],3.409385681152344e-05,0.001501321792602539,1,True,1
IQjUjp{io,[(6-9)-(5-8)-(4-7)-(1-3)-(0-2)],4.100799560546875e-05,0.006451606750488281,2,True,2
IQjUjp{io,[(7-9)-(5-6)-(4-8)-(1-3)-(0-2)],3.4332275390625e-05,0.00808262825012207,4,True,4
IQjUjp{io,[(7-9)-(5-6)-(4-8)-(1-3)-(0-2)],3.1948089599609375e-05,0.003612518310546875,3,True,3
IQjUjp{io,[(7-9)-(4-8)-(3-6)-(1-5)-(0-2)],7.724761962890625e-05,0.004171609878540039,3,True,3
IQjUjp{io,[(7-9)-(4-8)-(3-6)-(1-5)-(0-2)],3.2901763916015625e-05,0.05931901931762695,7,True,11
IQjUjp{io,[(6-9)-(4-8)-(3-7)-(1-5)-(0-2)],3.457069396972656e-05,0.012961387634277344,7,True,7
IQjUjp{io,[(6-9)-(4-8)-(3-7)-(1-5)-(0-2)],5.698204040527344e-05,0.0010571479797363281,0,True,0
IQjUjp{io,[(6-9)-(4-7)-(3-8)-(1-5)-(0-2)],3.409385681152344e-05,0.021593570709228516,5,True,5
IQjUjp{io,[(6-9)-(4-7)-(3-8)-(1-5)-(0-2)],3.504753112792969e-05,0.004197120666503906,3,True,3
IQjUjp{io,[(7-9)-(4-8)-(3-5)-(1-6)-(0-2)],3.4809112548828125e-05,0.005909442901611328,4,True,4
IQjUjp{io,[(7-9)-(4-8)-(3-5)-(1-6)-(0-2)],3.361701965332031e-05,0.004370450973510742,3,True,3
IQjUjp{io,[(5-8)-(4-9)-(3-7)-(1-6)-(0-2)],3.457069396972656e-05,0.00501704216003418,4,True,4
IQjUjp{io,[(5-8)-(4-9)-(3-7)-(1-6)-(0-2)],3.314018249511719e-05,0.06694912910461426,0,False,8
IQjUjp{io,[(6-9)-(4-8)-(3-5)-(1-7)-(0-2)],3.5762786865234375e-05,0.008164167404174805,5,True,5
IQjUjp{io,[(6-9)-(4-8)-(3-5)-(1-7)-(0-2)],3.337860107421875e-05,0.0038721561431884766,3,True,3
IQjUjp{io,[(5-8)-(4-9)-(3-6)-(1-7)-(0-2)],3.409385681152344e-05,0.004101753234863281,3,True,3
IQjUjp{io,[(5-8)-(4-9)-(3-6)-(1-7)-(0-2)],3.361701965332031e-05,0.12686491012573242,7,True,9
IQjUjp{io,[(5-6)-(4-9)-(3-8)-(1-7)-(0-2)],3.528594970703125e-05,0.030480146408081055,5,True,6
IQjUjp{io,[(5-6)-(4-9)-(3-8)-(1-7)-(0-2)],3.5762786865234375e-05,0.016021728515625,0,False,4
IQjUjqm]O,[(7-9)-(5-6)-(4-8)-(1-3)-(0-2)],3.337860107421875e-05,0.06850886344909668,0,False,3
IQjUjqm]O,[(7-9)-(5-6)-(4-8)-(1-3)-(0-2)],4.935264587402344e-05,0.06828474998474121,0,False,3
IQjUjqm]O,[(7-9)-(4-8)-(3-6)-(1-5)-(0-2)],4.76837158203125e-05,0.007508993148803711,4,True,4
IQjUjqm]O,[(7-9)-(4-8)-(3-6)-(1-5)-(0-2)],3.361701965332031e-05,0.038588523864746094,7,True,7
IQjUjqm]O,[(6-8)-(4-9)-(3-7)-(1-5)-(0-2)],3.457069396972656e-05,0.006307125091552734,4,True,4
IQjUjqm]O,[(6-8)-(4-9)-(3-7)-(1-5)-(0-2)],3.361701965332031e-05,0.005117177963256836,4,True,4
IQjUjqm]O,[(6-8)-(4-7)-(3-9)-(1-5)-(0-2)],3.314018249511719e-05,0.007780790328979492,5,True,5
IQjUjqm]O,[(6-8)-(4-7)-(3-9)-(1-5)-(0-2)],3.2901763916015625e-05,0.0015869140625,1,True,1
IQjUjqm]O,[(7-9)-(4-8)-(3-5)-(1-6)-(0-2)],3.4332275390625e-05,0.06269645690917969,0,False,4
IQjUjqm]O,[(7-9)-(4-8)-(3-5)-(1-6)-(0-2)],3.4809112548828125e-05,0.03265810012817383,0,False,3
IQjUjqm]O,[(5-8)-(4-9)-(3-7)-(1-6)-(0-2)],3.528594970703125e-05,1.288572072982788,0,False,24
IQjUjqm]O,[(5-8)-(4-9)-(3-7)-(1-6)-(0-2)],3.528594970703125e-05,0.003704071044921875,3,True,3
IQjUjqm]O,[(5-8)-(4-7)-(3-9)-(1-6)-(0-2)],3.361701965332031e-05,0.7682211399078369,0,False,16
IQjUjqm]O,[(5-8)-(4-7)-(3-9)-(1-6)-(0-2)],3.528594970703125e-05,0.005320072174072266,4,True,4
IQjUjqm]O,[(6-8)-(4-9)-(3-5)-(1-7)-(0-2)],3.457069396972656e-05,0.005373477935791016,4,True,4
IQjUjqm]O,[(6-8)-(4-9)-(3-5)-(1-7)-(0-2)],3.361701965332031e-05,0.018897533416748047,10,True,10
IQjUjqm]O,[(5-8)-(4-9)-(3-6)-(1-7)-(0-2)],3.4809112548828125e-05,0.1299760341644287,12,True,16
IQjUjqm]O,[(5-8)-(4-9)-(3-6)-(1-7)-(0-2)],3.719329833984375e-05,0.003782033920288086,3,True,3
IQjUjqm]O,[(5-6)-(4-8)-(3-9)-(1-7)-(0-2)],3.4332275390625e-05,0.06209611892700195,0,False,4
IQjUjqm]O,[(5-6)-(4-8)-(3-9)-(1-7)-(0-2)],3.457069396972656e-05,0.03145194053649902,0,False,3
