G6,emparelhamento,canonical_time,solve_time,qtde_moves,resultado,max_depth
{?H???E??@??C_??A??G???G?G??G?????????_??_?O??@???G?U?CS???_?@W?@???????kC?GH????@`??_O??G??_?Gg@??OA??A???@?Og@GOA??@??H?@???_???_?CO???C??@??_?OA??O?G??EOG???C?@@?A?O@_??EA?C??O@?A?I????`???GcC?O?cE?C???O@?O??I?AR???????G__A??A??@?@??K??AO???D???C???K????cG@??D??_??_@C????@A?GAC?@????@E????_?A,[(53-57)-(46-47)-(41-59)-(39-45)-(38-58)-(31-56)-(29-43)-(28-42)-(27-48)-(25-44)-(24-55)-(23-26)-(21-35)-(20-30)-(19-36)-(15-32)-(14-16)-(13-40)-(12-52)-(11-18)-(10-17)-(9-22)-(7-37)-(6-49)-(5-8)-(4-54)-(3-34)-(2-33)-(1-51)-(0-50)],0.0002849102020263672,0.018692493438720703,3,True,3
{?H???E??@??C_??A??G???G?G??G?????????_??_?O??@???G?U?CS???_?@W?@???????kC?GH????@`??_O??G??_?Gg@??OA??A???@?Og@GOA??@??H?@???_???_?CO???C??@??_?OA??O?G??EOG???C?@@?A?O@_??EA?C??O@?A?I????`???GcC?O?cE?C???O@?O??I?AR???????G__A??A??@?@??K??AO???D???C???K????cG@??D??_??_@C????@A?GAC?@????@E????_?A,[(53-57)-(46-47)-(41-59)-(39-45)-(38-58)-(31-56)-(29-43)-(28-42)-(27-48)-(25-44)-(24-55)-(23-26)-(21-35)-(20-30)-(19-36)-(15-32)-(14-16)-(13-40)-(12-52)-(11-18)-(10-17)-(9-22)-(7-37)-(6-49)-(5-8)-(4-54)-(3-34)-(2-33)-(1-51)-(0-50)],0.00028443336486816406,0.018192768096923828,3,True,3
{?H???E??@??C_??A??G???G?G??G?????????_??_?O??@???G?U?CS???_?@W?@???????kC?GH????@`??_O??G??_?Gg@??OA??A???@?Og@GOA??@??H?@???_???_?CO???C??@??_?OA??O?G??EOG???C?@@?A?O@_??EA?C??O@?A?I????`???GcC?O?cE?C???O@?O??I?AR???????G__A??A??@?@??K??AO???D???C???K????cG@??D??_??_@C????@A?GAC?@????@E????_?A,[(57-59)-(46-47)-(44-56)-(41-42)-(39-45)-(35-53)-(29-43)-(28-38)-(27-48)-(26-31)-(24-58)-(23-55)-(21-25)-(20-30)-(19-36)-(15-32)-(14-16)-(13-40)-(12-52)-(11-18)-(10-17)-(9-22)-(7-37)-(6-49)-(5-8)-(4-54)-(3-34)-(2-33)-(1-51)-(0-50)],0.0002772808074951172,0.0035974979400634766,0,True,0
{?H???E??@??C_??A??G???G?G??G?????????_??_?O??@???G?U?CS???_?@W?@???????kC?GH????@`??_O??G??_?Gg@??OA??A???@?Og@GOA??@??H?@???_???_?CO???C??@??_?OA??O?G??EOG???C?@@?A?O@_??EA?C??O@?A?I????`???GcC?O?cE?C???O@?O??I?AR???????G__A??A??@?@??K??AO???D???C???K????cG@??D??_??_@C????@A?GAC?@????@E????_?A,[(57-59)-(46-47)-(44-56)-(41-42)-(39-45)-(35-53)-(29-43)-(28-38)-(27-48)-(26-31)-(24-58)-(23-55)-(21-25)-(20-30)-(19-36)-(15-32)-(14-16)-(13-40)-(12-52)-(11-18)-(10-17)-(9-22)-(7-37)-(6-49)-(5-8)-(4-54)-(3-34)-(2-33)-(1-51)-(0-50)],0.0002818107604980469,0.007845401763916016,1,True,1
{?H???E??@??C_??A??G???G?G??G?????????_??_?O??@???G?U?CS???_?@W?@???????kC?GH????@`??_O??G??_?Gg@??OA??A???@?Og@GOA??@??H?@???_???_?CO???C??@??_?OA??O?G??EOG???C?@@?A?O@_??EA?C??O@?A?I????`???GcC?O?cE?C???O@?O??I?AR???????G__A??A??@?@??K??AO???D???C???K????cG@??D??_??_@C????@A?GAC?@????@E????_?A,[(57-59)-(44-56)-(41-47)-(39-45)-(38-46)-(35-53)-(29-43)-(28-42)-(27-48)-(26-31)-(24-58)-(23-55)-(21-25)-(20-30)-(19-36)-(15-32)-(14-16)-(13-40)-(12-52)-(11-18)-(10-17)-(9-22)-(7-37)-(6-49)-(5-8)-(4-54)-(3-34)-(2-33)-(1-51)-(0-50)],0.0002837181091308594,0.09424281120300293,5,True,5
{?H???E??@??C_??A??G???G?G??G?????????_??_?O??@???G?U?CS???_?@W?@???????kC?GH????@`??_O??G??_?Gg@??OA??A???@?Og@GOA??@??H?@???_???_?CO???C??@??_?OA??O?G??EOG???C?@@?A?O@_??EA?C??O@?A?I????`???GcC?O?cE?C???O@?O??I?AR???????G__A??A??@?@??K??AO???D???C???K????cG@??D??_??_@C????@A?GAC?@????@E????_?A,[(57-59)-(44-56)-(41-47)-(39-45)-(38-46)-(35-53)-(29-43)-(28-42)-(27-48)-(26-31)-(24-58)-(23-55)-(21-25)-(20-30)-(19-36)-(15-32)-(14-16)-(13-40)-(12-52)-(11-18)-(10-17)-(9-22)-(7-37)-(6-49)-(5-8)-(4-54)-(3-34)-(2-33)-(1-51)-(0-50)],0.0002841949462890625,0.003587961196899414,0,True,0
{?H???E??@??C_??A??G???G?G??G?????????_??_?O??@???G?U?CS???_?@W?@???????kC?GH????@`??_O??G??_?Gg@??OA??A???@?Og@GOA??@??H?@???_???_?CO???C??@??_?OA??O?G??EOG???C?@@?A?O@_??EA?C??O@?A?I????`???GcC?O?cE?C???O@?O??I?AR???????G__A??A??@?@??K??AO???D???C???K????cG@??D??_??_@C????@A?GAC?@????@E????_?A,[(57-59)-(42-44)-(41-47)-(39-45)-(38-58)-(35-53)-(31-56)-(29-43)-(28-46)-(27-48)-(24-55)-(23-26)-(21-25)-(20-30)-(19-36)-(15-32)-(14-16)-(13-40)-(12-52)-(11-18)-(10-17)-(9-22)-(7-37)-(6-49)-(5-8)-(4-54)-(3-34)-(2-33)-(1-51)-(0-50)],0.0002799034118652344,0.024494171142578125,4,True,4
{?H???E??@??C_??A??G???G?G??G?????????_??_?O??@???G?U?CS???_?@W?@???????kC?GH????@`??_O??G??_?Gg@??OA??A???@?Og@GOA??@??H?@???_???_?CO???C??@??_?OA??O?G??EOG???C?@@?A?O@_??EA?C??O@?A?I????`???GcC?O?cE?C???O@?O??I?AR???????G__A??A??@?@??K??AO???D???C???K????cG@??D??_??_@C????@A?GAC?@????@E????_?A,[(57-59)-(42-44)-(41-47)-(39-45)-(38-58)-(35-53)-(31-56)-(29-43)-(28-46)-(27-48)-(24-55)-(23-26)-(21-25)-(20-30)-(19-36)-(15-32)-(14-16)-(13-40)-(12-52)-(11-18)-(10-17)-(9-22)-(7-37)-(6-49)-(5-8)-(4-54)-(3-34)-(2-33)-(1-51)-(0-50)],0.00027823448181152344,0.012610912322998047,2,True,2
{?H???E??@??C_??A??G???G?G??G?????????_??_?O??@???G?U?CS???_?@W?@???????kC?GH????@`??_O??G??_?Gg@??OA??A???@?Og@GOA??@??H?@???_???_?CO???C??@??_?OA??O?G??EOG???C?@@?A?O@_??EA?C??O@?A?I????`???GcC?O?cE?C???O@?O??I?AR???????G__A??A??@?@??K??AO???D???C???K????cG@??D??_??_@C????@A?GAC?@????@E????_?A,[(46-47)-(41-59)-(39-45)-(38-58)-(35-53)-(31-56)-(29-43)-(28-42)-(27-48)-(25-44)-(24-55)-(23-26)-(21-57)-(20-30)-(19-36)-(15-32)-(14-16)-(13-40)-(12-52)-(11-18)-(10-17)-(9-22)-(7-37)-(6-49)-(5-8)-(4-54)-(3-34)-(2-33)-(1-51)-(0-50)],0.0002777576446533203,0.025028705596923828,4,True,4
{?H???E??@??C_??A??G???G?G??G?????????_??_?O??@???G?U?CS???_?@W?@???????kC?GH????@`??_O??G??_?Gg@??OA??A???@?Og@GOA??@??H?@???_???_?CO???C??@??_?OA??O?G??EOG???C?@@?A?O@_??EA?C??O@?A?I????`???GcC?O?cE?C???O@?O??I?AR???????G__A??A??@?@??K??AO???D???C???K????cG@??D??_??_@C????@A?GAC?@????@E????_?A,[(46-47)-(41-59)-(39-45)-(38-58)-(35-53)-(31-56)-(29-43)-(28-42)-(27-48)-(25-44)-(24-55)-(23-26)-(21-57)-(20-30)-(19-36)-(15-32)-(14-16)-(13-40)-(12-52)-(11-18)-(10-17)-(9-22)-(7-37)-(6-49)-(5-8)-(4-54)-(3-34)-(2-33)-(1-51)-(0-50)],0.000286102294921875,0.007919549942016602,1,True,1
{?H???E??@??C_??A??G???G?G??G?????????_??_?O??@???G?U?CS???_?@W?@???????kC?GH????@`??_O??G??_?Gg@??OA??A???@?Og@GOA??@??H?@???_???_?CO???C??@??_?OA??O?G??EOG???C?@@?A?O@_??EA?C??O@?A?I????`???GcC?O?cE?C???O@?O??I?AR???????G__A??A??@?@??K??AO???D???C???K????cG@??D??_??_@C????@A?GAC?@????@E????_?A,[(57-59)-(46-47)-(41-42)-(39-45)-(31-56)-(29-43)-(28-38)-(27-48)-(26-36)-(25-44)-(24-58)-(23-55)-(21-35)-(20-30)-(19-53)-(15-32)-(14-16)-(13-40)-(12-52)-(11-18)-(10-17)-(9-22)-(7-37)-(6-49)-(5-8)-(4-54)-(3-34)-(2-33)-(1-51)-(0-50)],0.0002803802490234375,0.013206720352172852,2,True,2
{?H???E??@??C_??A??G???G?G??G?????????_??_?O??@???G?U?CS???_?@W?@???????kC?GH????@`??_O??G??_?Gg@??OA??A???@?Og@GOA??@??H?@???_???_?CO???C??@??_?OA??O?G??EOG???C?@@?A?O@_??EA?C??O@?A?I????`???GcC?O?cE?C???O@?O??I?AR???????G__A??A??@?@??K??AO???D???C???K????cG@??D??_??_@C????@A?GAC?@????@E????_?A,[(57-59)-(46-47)-(41-42)-(39-45)-(31-56)-(29-43)-(28-38)-(27-48)-(26-36)-(25-44)-(24-58)-(23-55)-(21-35)-(20-30)-(19-53)-(15-32)-(14-16)-(13-40)-(12-52)-(11-18)-(10-17)-(9-22)-(7-37)-(6-49)-(5-8)-(4-54)-(3-34)-(2-33)-(1-51)-(0-50)],0.000286102294921875,0.024892330169677734,4,True,4
{?H???E??@??C_??A??G???G?G??G?????????_??_?O??@???G?U?CS???_?@W?@???????kC?GH????@`??_O??G??_?Gg@??OA??A???@?Og@GOA??@??H?@???_???_?CO???C??@??_?OA??O?G??EOG???C?@@?A?O@_??EA?C??O@?A?I????`???GcC?O?cE?C???O@?O??I?AR???????G__A??A??@?@??K??AO???D???C???K????cG@??D??_??_@C????@A?GAC?@????@E????_?A,[(57-59)-(41-47)-(39-45)-(38-46)-(31-56)-(29-43)-(28-42)-(27-48)-(26-36)-(25-44)-(24-58)-(23-55)-(21-35)-(20-30)-(19-53)-(15-32)-(14-16)-(13-40)-(12-52)-(11-18)-(10-17)-(9-22)-(7-37)-(6-49)-(5-8)-(4-54)-(3-34)-(2-33)-(1-51)-(0-50)],0.00028204917907714844,0.007814407348632812,1,True,1
{?H???E??@??C_??A??G???G?G??G?????????_??_?O??@???G?U?CS???_?@W?@???????kC?GH????@`??_O??G??_?Gg@??OA??A???@?Og@GOA??@??H?@???_???_?CO???C??@??_?OA??O?G??EOG???C?@@?A?O@_??EA?C??O@?A?I????`???GcC?O?cE?C???O@?O??I?AR???????G__A??A??@?@??K??AO???D???C???K????cG@??D??_??_@C????@A?GAC?@????@E????_?A,[(57-59)-(41-47)-(39-45)-(38-46)-(31-56)-(29-43)-(28-42)-(27-48)-(26-36)-(25-44)-(24-58)-(23-55)-(21-35)-(20-30)-(19-53)-(15-32)-(14-16)-(13-40)-(12-52)-(11-18)-(10-17)-(9-22)-(7-37)-(6-49)-(5-8)-(4-54)-(3-34)-(2-33)-(1-51)-(0-50)],0.0002808570861816406,0.003671407699584961,0,True,0
{?H???E??@??C_??A??G???G?G??G?????????_??_?O??@???G?U?CS???_?@W?@???????kC?GH????@`??_O??G??_?Gg@??OA??A???@?Og@GOA??@??H?@???_???_?CO???C??@??_?OA??O?G??EOG???C?@@?A?O@_??EA?C??O@?A?I????`???GcC?O?cE?C???O@?O??I?AR???????G__A??A??@?@??K??AO???D???C???K????cG@??D??_??_@C????@A?GAC?@????@E????_?A,[(57-59)-(46-47)-(44-56)-(41-42)-(39-45)-(35-36)-(29-43)-(28-38)-(27-48)-(26-31)-(24-58)-(23-55)-(21-25)-(20-30)-(19-53)-(15-32)-(14-16)-(13-40)-(12-52)-(11-18)-(10-17)-(9-22)-(7-37)-(6-49)-(5-8)-(4-54)-(3-34)-(2-33)-(1-51)-(0-50)],0.00028634071350097656,0.018785953521728516,3,True,3
{?H???E??@??C_??A??G???G?G??G?????????_??_?O??@???G?U?CS???_?@W?@???????kC?GH????@`??_O??G??_?Gg@??OA??A???@?Og@GOA??@??H?@???_???_?CO???C??@??_?OA??O?G??EOG???C?@@?A?O@_??EA?C??O@?A?I????`???GcC?O?cE?C???O@?O??I?AR???????G__A??A??@?@??K??AO???D???C???K????cG@??D??_??_@C????@A?GAC?@????@E????_?A,[(57-59)-(46-47)-(44-56)-(41-42)-(39-45)-(35-36)-(29-43)-(28-38)-(27-48)-(26-31)-(24-58)-(23-55)-(21-25)-(20-30)-(19-53)-(15-32)-(14-16)-(13-40)-(12-52)-(11-18)-(10-17)-(9-22)-(7-37)-(6-49)-(5-8)-(4-54)-(3-34)-(2-33)-(1-51)-(0-50)],0.00028252601623535156,0.03184318542480469,5,True,5
{?H???E??@??C_??A??G???G?G??G?????????_??_?O??@???G?U?CS???_?@W?@???????kC?GH????@`??_O??G??_?Gg@??OA??A???@?Og@GOA??@??H?@???_???_?CO???C??@??_?OA??O?G??EOG???C?@@?A?O@_??EA?C??O@?A?I????`???GcC?O?cE?C???O@?O??I?AR???????G__A??A??@?@??K??AO???D???C???K????cG@??D??_??_@C????@A?GAC?@????@E????_?A,[(57-59)-(44-56)-(41-47)-(39-45)-(38-46)-(35-36)-(29-43)-(28-42)-(27-48)-(26-31)-(24-58)-(23-55)-(21-25)-(20-30)-(19-53)-(15-32)-(14-16)-(13-40)-(12-52)-(11-18)-(10-17)-(9-22)-(7-37)-(6-49)-(5-8)-(4-54)-(3-34)-(2-33)-(1-51)-(0-50)],0.0002970695495605469,0.018347978591918945,3,True,3
{?H???E??@??C_??A??G???G?G??G?????????_??_?O??@???G?U?CS???_?@W?@???????kC?GH????@`??_O??G??_?Gg@??OA??A???@?Og@GOA??@??H?@???_???_?CO???C??@??_?OA??O?G??EOG???C?@@?A?O@_??EA?C??O@?A?I????`???GcC?O?cE?C???O@?O??I?AR???????G__A??A??@?@??K??AO???D???C???K????cG@??D??_??_@C????@A?GAC?@????@E????_?A,[(57-59)-(44-56)-(41-47)-(39-45)-(38-46)-(35-36)-(29-43)-(28-42)-(27-48)-(26-31)-(24-58)-(23-55)-(21-25)-(20-30)-(19-53)-(15-32)-(14-16)-(13-40)-(12-52)-(11-18)-(10-17)-(9-22)-(7-37)-(6-49)-(5-8)-(4-54)-(3-34)-(2-33)-(1-51)-(0-50)],0.00028324127197265625,0.012639999389648438,2,True,2
{?H???E??@??C_??A??G???G?G??G?????????_??_?O??@???G?U?CS???_?@W?@???????kC?GH????@`??_O??G??_?Gg@??OA??A???@?Og@GOA??@??H?@???_???_?CO???C??@??_?OA??O?G??EOG???C?@@?A?O@_??EA?C??O@?A?I????`???GcC?O?cE?C???O@?O??I?AR???????G__A??A??@?@??K??AO???D???C???K????cG@??D??_??_@C????@A?GAC?@????@E????_?A,[(57-59)-(42-44)-(41-47)-(39-45)-(38-58)-(35-36)-(31-56)-(29-43)-(28-46)-(27-48)-(24-55)-(23-26)-(21-25)-(20-30)-(19-53)-(15-32)-(14-16)-(13-40)-(12-52)-(11-18)-(10-17)-(9-22)-(7-37)-(6-49)-(5-8)-(4-54)-(3-34)-(2-33)-(1-51)-(0-50)],0.0002799034118652344,0.031762123107910156,5,True,5
{?H???E??@??C_??A??G???G?G??G?????????_??_?O??@???G?U?CS???_?@W?@???????kC?GH????@`??_O??G??_?Gg@??OA??A???@?Og@GOA??@??H?@???_???_?CO???C??@??_?OA??O?G??EOG???C?@@?A?O@_??EA?C??O@?A?I????`???GcC?O?cE?C???O@?O??I?AR???????G__A??A??@?@??K??AO???D???C???K????cG@??D??_??_@C????@A?GAC?@????@E????_?A,[(57-59)-(42-44)-(41-47)-(39-45)-(38-58)-(35-36)-(31-56)-(29-43)-(28-46)-(27-48)-(24-55)-(23-26)-(21-25)-(20-30)-(19-53)-(15-32)-(14-16)-(13-40)-(12-52)-(11-18)-(10-17)-(9-22)-(7-37)-(6-49)-(5-8)-(4-54)-(3-34)-(2-33)-(1-51)-(0-50)],0.0003237724304199219,0.0077800750732421875,1,True,1
{????G?E?G?SA?C??_L?C?A?@G??_?O???_?@_???o???AG?O@?W?????S????_OW???????_o?AQ??@?G_I??AOA?G??E?@G????_?o??????A??O?A?@C????AC?@OC?C??O?OA_AG??_g?O@??_@?O?P??_B????@??OO?AG???????WGO??O??@?C????_??IC@?`??????P???GA_?_DC?C??C?????_O?A??O????G???G?@??[?AAGC???@?C@????@?????O?O`_@c????@??C???CG???Oc,[(54-58)-(52-53)-(44-47)-(37-57)-(36-51)-(30-55)-(29-31)-(28-46)-(27-42)-(26-41)-(25-59)-(24-48)-(22-45)-(20-43)-(15-23)-(14-39)-(13-40)-(12-50)-(11-34)-(10-16)-(9-18)-(8-33)-(7-17)-(6-21)-(5-35)-(4-19)-(3-49)-(2-38)-(1-56)-(0-32)],0.0002856254577636719,0.008359432220458984,1,True,1
{????G?E?G?SA?C??_L?C?A?@G??_?O???_?@_???o???AG?O@?W?????S????_OW???????_o?AQ??@?G_I??AOA?G??E?@G????_?o??????A??O?A?@C????AC?@OC?C??O?OA_AG??_g?O@??_@?O?P??_B????@??OO?AG???????WGO??O??@?C????_??IC@?`??????P???GA_?_DC?C??C?????_O?A??O????G???G?@??[?AAGC???@?C@????@?????O?O`_@c????@??C???CG???Oc,[(54-58)-(52-53)-(44-47)-(37-57)-(36-51)-(30-55)-(29-31)-(28-46)-(27-42)-(26-41)-(25-59)-(24-48)-(22-45)-(20-43)-(15-23)-(14-39)-(13-40)-(12-50)-(11-34)-(10-16)-(9-18)-(8-33)-(7-17)-(6-21)-(5-35)-(4-19)-(3-49)-(2-38)-(1-56)-(0-32)],0.0002810955047607422,0.012876272201538086,2,True,2
{????G?E?G?SA?C??_L?C?A?@G??_?O???_?@_???o???AG?O@?W?????S????_OW???????_o?AQ??@?G_I??AOA?G??E?@G????_?o??????A??O?A?@C????AC?@OC?C??O?OA_AG??_g?O@??_@?O?P??_B????@??OO?AG???????WGO??O??@?C????_??IC@?`??????P???GA_?_DC?C??C?????_O?A??O????G???G?@??[?AAGC???@?C@????@?????O?O`_@c????@??C???CG???Oc,[(54-58)-(52-53)-(46-48)-(44-47)-(37-57)-(30-55)-(29-31)-(28-36)-(27-42)-(26-41)-(25-59)-(24-51)-(22-45)-(20-43)-(15-23)-(14-39)-(13-40)-(12-50)-(11-34)-(10-16)-(9-18)-(8-33)-(7-17)-(6-21)-(5-35)-(4-19)-(3-49)-(2-38)-(1-56)-(0-32)],0.0003223419189453125,0.018396377563476562,3,True,3
{????G?E?G?SA?C??_L?C?A?@G??_?O???_?@_???o???AG?O@?W?????S????_OW???????_o?AQ??@?G_I??AOA?G??E?@G????_?o??????A??O?A?@C????AC?@OC?C??O?OA_AG??_g?O@??_@?O?P??_B????@??OO?AG???????WGO??O??@?C????_??IC@?`??????P???GA_?_DC?C??C?????_O?A??O????G???G?@??[?AAGC???@?C@????@?????O?O`_@c????@??C???CG???Oc,[(54-58)-(52-53)-(46-48)-(44-47)-(37-57)-(30-55)-(29-31)-(28-36)-(27-42)-(26-41)-(25-59)-(24-51)-(22-45)-(20-43)-(15-23)-(14-39)-(13-40)-(12-50)-(11-34)-(10-16)-(9-18)-(8-33)-(7-17)-(6-21)-(5-35)-(4-19)-(3-49)-(2-38)-(1-56)-(0-32)],0.00028634071350097656,0.01761007308959961,3,True,3
{????G?E?G?SA?C??_L?C?A?@G??_?O???_?@_???o???AG?O@?W?????S????_OW???????_o?AQ??@?G_I??AOA?G??E?@G????_?o??????A??O?A?@C????AC?@OC?C??O?OA_AG??_g?O@??_@?O?P??_B????@??OO?AG???????WGO??O??@?C????_??IC@?`??????P???GA_?_DC?C??C?????_O?A??O????G???G?@??[?AAGC???@?C@????@?????O?O`_@c????@??C???CG???Oc,[(54-58)-(53-59)-(44-47)-(43-52)-(37-57)-(36-39)-(29-31)-(28-46)-(26-41)-(25-40)-(24-48)-(23-55)-(22-45)-(20-51)-(15-27)-(14-42)-(13-30)-(12-50)-(11-34)-(10-16)-(9-18)-(8-33)-(7-17)-(6-21)-(5-35)-(4-19)-(3-49)-(2-38)-(1-56)-(0-32)],0.0002777576446533203,0.007847070693969727,1,True,1
{????G?E?G?SA?C??_L?C?A?@G??_?O???_?@_???o???AG?O@?W?????S????_OW???????_o?AQ??@?G_I??AOA?G??E?@G????_?o??????A??O?A?@C????AC?@OC?C??O?OA_AG??_g?O@??_@?O?P??_B????@??OO?AG???????WGO??O??@?C????_??IC@?`??????P???GA_?_DC?C??C?????_O?A??O????G???G?@??[?AAGC???@?C@????@?????O?O`_@c????@??C???CG???Oc,[(54-58)-(53-59)-(44-47)-(43-52)-(37-57)-(36-39)-(29-31)-(28-46)-(26-41)-(25-40)-(24-48)-(23-55)-(22-45)-(20-51)-(15-27)-(14-42)-(13-30)-(12-50)-(11-34)-(10-16)-(9-18)-(8-33)-(7-17)-(6-21)-(5-35)-(4-19)-(3-49)-(2-38)-(1-56)-(0-32)],0.0002772808074951172,0.01843714714050293,3,True,3
{????G?E?G?SA?C??_L?C?A?@G??_?O???_?@_???o???AG?O@?W?????S????_OW???????_o?AQ??@?G_I??AOA?G??E?@G????_?o??????A??O?A?@C????AC?@OC?C??O?OA_AG??_g?O@??_@?O?P??_B????@??OO?AG???????WGO??O??@?C????_??IC@?`??????P???GA_?_DC?C??C?????_O?A??O????G???G?@??[?AAGC???@?C@????@?????O?O`_@c????@??C???CG???Oc,[(54-58)-(53-59)-(46-48)-(44-47)-(43-52)-(37-57)-(29-31)-(28-36)-(26-41)-(25-40)-(24-39)-(23-55)-(22-45)-(20-51)-(15-27)-(14-42)-(13-30)-(12-50)-(11-34)-(10-16)-(9-18)-(8-33)-(7-17)-(6-21)-(5-35)-(4-19)-(3-49)-(2-38)-(1-56)-(0-32)],0.00028634071350097656,0.01869034767150879,3,True,3
{????G?E?G?SA?C??_L?C?A?@G??_?O???_?@_???o???AG?O@?W?????S????_OW???????_o?AQ??@?G_I??AOA?G??E?@G????_?o??????A??O?A?@C????AC?@OC?C??O?OA_AG??_g?O@??_@?O?P??_B????@??OO?AG???????WGO??O??@?C????_??IC@?`??????P???GA_?_DC?C??C?????_O?A??O????G???G?@??[?AAGC???@?C@????@?????O?O`_@c????@??C???CG???Oc,[(54-58)-(53-59)-(46-48)-(44-47)-(43-52)-(37-57)-(29-31)-(28-36)-(26-41)-(25-40)-(24-39)-(23-55)-(22-45)-(20-51)-(15-27)-(14-42)-(13-30)-(12-50)-(11-34)-(10-16)-(9-18)-(8-33)-(7-17)-(6-21)-(5-35)-(4-19)-(3-49)-(2-38)-(1-56)-(0-32)],0.0002903938293457031,0.0036628246307373047,0,True,0
{????G?E?G?SA?C??_L?C?A?@G??_?O???_?@_???o???AG?O@?W?????S????_OW???????_o?AQ??@?G_I??AOA?G??E?@G????_?o??????A??O?A?@C????AC?@OC?C??O?OA_AG??_g?O@??_@?O?P??_B????@??OO?AG???????WGO??O??@?C????_??IC@?`??????P???GA_?_DC?C??C?????_O?A??O????G???G?@??[?AAGC???@?C@????@?????O?O`_@c????@??C???CG???Oc,[(54-58)-(52-53)-(48-59)-(44-47)-(37-57)-(36-39)-(29-31)-(28-46)-(26-41)-(25-40)-(24-51)-(23-55)-(22-45)-(20-43)-(15-27)-(14-42)-(13-30)-(12-50)-(11-34)-(10-16)-(9-18)-(8-33)-(7-17)-(6-21)-(5-35)-(4-19)-(3-49)-(2-38)-(1-56)-(0-32)],0.0002963542938232422,0.003922939300537109,0,True,0
{????G?E?G?SA?C??_L?C?A?@G??_?O???_?@_???o???AG?O@?W?????S????_OW???????_o?AQ??@?G_I??AOA?G??E?@G????_?o??????A??O?A?@C????AC?@OC?C??O?OA_AG??_g?O@??_@?O?P??_B????@??OO?AG???????WGO??O??@?C????_??IC@?`??????P???GA_?_DC?C??C?????_O?A??O????G???G?@??[?AAGC???@?C@????@?????O?O`_@c????@??C???CG???Oc,[(54-58)-(52-53)-(48-59)-(44-47)-(37-57)-(36-39)-(29-31)-(28-46)-(26-41)-(25-40)-(24-51)-(23-55)-(22-45)-(20-43)-(15-27)-(14-42)-(13-30)-(12-50)-(11-34)-(10-16)-(9-18)-(8-33)-(7-17)-(6-21)-(5-35)-(4-19)-(3-49)-(2-38)-(1-56)-(0-32)],0.00028014183044433594,0.05702710151672363,3,True,3
{????G?E?G?SA?C??_L?C?A?@G??_?O???_?@_???o???AG?O@?W?????S????_OW???????_o?AQ??@?G_I??AOA?G??E?@G????_?o??????A??O?A?@C????AC?@OC?C??O?OA_AG??_g?O@??_@?O?P??_B????@??OO?AG???????WGO??O??@?C????_??IC@?`??????P???GA_?_DC?C??C?????_O?A??O????G???G?@??[?AAGC???@?C@????@?????O?O`_@c????@??C???CG???Oc,[(54-58)-(52-53)-(48-59)-(44-47)-(37-57)-(36-51)-(29-31)-(28-46)-(26-41)-(25-40)-(24-39)-(23-55)-(22-45)-(20-43)-(15-27)-(14-42)-(13-30)-(12-50)-(11-34)-(10-16)-(9-18)-(8-33)-(7-17)-(6-21)-(5-35)-(4-19)-(3-49)-(2-38)-(1-56)-(0-32)],0.0003082752227783203,0.013235330581665039,2,True,2
{????G?E?G?SA?C??_L?C?A?@G??_?O???_?@_???o???AG?O@?W?????S????_OW???????_o?AQ??@?G_I??AOA?G??E?@G????_?o??????A??O?A?@C????AC?@OC?C??O?OA_AG??_g?O@??_@?O?P??_B????@??OO?AG???????WGO??O??@?C????_??IC@?`??????P???GA_?_DC?C??C?????_O?A??O????G???G?@??[?AAGC???@?C@????@?????O?O`_@c????@??C???CG???Oc,[(54-58)-(52-53)-(48-59)-(44-47)-(37-57)-(36-51)-(29-31)-(28-46)-(26-41)-(25-40)-(24-39)-(23-55)-(22-45)-(20-43)-(15-27)-(14-42)-(13-30)-(12-50)-(11-34)-(10-16)-(9-18)-(8-33)-(7-17)-(6-21)-(5-35)-(4-19)-(3-49)-(2-38)-(1-56)-(0-32)],0.000278472900390625,0.018058061599731445,3,True,3
{????G?E?G?SA?C??_L?C?A?@G??_?O???_?@_???o???AG?O@?W?????S????_OW???????_o?AQ??@?G_I??AOA?G??E?@G????_?o??????A??O?A?@C????AC?@OC?C??O?OA_AG??_g?O@??_@?O?P??_B????@??OO?AG???????WGO??O??@?C????_??IC@?`??????P???GA_?_DC?C??C?????_O?A??O????G???G?@??[?AAGC???@?C@????@?????O?O`_@c????@??C???CG???Oc,[(54-58)-(53-59)-(44-47)-(43-52)-(37-57)-(36-39)-(30-55)-(29-31)-(28-46)-(27-42)-(26-41)-(25-40)-(24-48)-(22-45)-(20-51)-(15-23)-(13-14)-(12-50)-(11-34)-(10-16)-(9-18)-(8-33)-(7-17)-(6-21)-(5-35)-(4-19)-(3-49)-(2-38)-(1-56)-(0-32)],0.00030159950256347656,0.013258934020996094,2,True,2
{????G?E?G?SA?C??_L?C?A?@G??_?O???_?@_???o???AG?O@?W?????S????_OW???????_o?AQ??@?G_I??AOA?G??E?@G????_?o??????A??O?A?@C????AC?@OC?C??O?OA_AG??_g?O@??_@?O?P??_B????@??OO?AG???????WGO??O??@?C????_??IC@?`??????P???GA_?_DC?C??C?????_O?A??O????G???G?@??[?AAGC???@?C@????@?????O?O`_@c????@??C???CG???Oc,[(54-58)-(53-59)-(44-47)-(43-52)-(37-57)-(36-39)-(30-55)-(29-31)-(28-46)-(27-42)-(26-41)-(25-40)-(24-48)-(22-45)-(20-51)-(15-23)-(13-14)-(12-50)-(11-34)-(10-16)-(9-18)-(8-33)-(7-17)-(6-21)-(5-35)-(4-19)-(3-49)-(2-38)-(1-56)-(0-32)],0.0002903938293457031,0.012694358825683594,2,True,2
{????G?E?G?SA?C??_L?C?A?@G??_?O???_?@_???o???AG?O@?W?????S????_OW???????_o?AQ??@?G_I??AOA?G??E?@G????_?o??????A??O?A?@C????AC?@OC?C??O?OA_AG??_g?O@??_@?O?P??_B????@??OO?AG???????WGO??O??@?C????_??IC@?`??????P???GA_?_DC?C??C?????_O?A??O????G???G?@??[?AAGC???@?C@????@?????O?O`_@c????@??C???CG???Oc,[(54-58)-(53-59)-(46-48)-(44-47)-(43-52)-(37-57)-(30-55)-(29-31)-(28-36)-(27-42)-(26-41)-(25-40)-(24-39)-(22-45)-(20-51)-(15-23)-(13-14)-(12-50)-(11-34)-(10-16)-(9-18)-(8-33)-(7-17)-(6-21)-(5-35)-(4-19)-(3-49)-(2-38)-(1-56)-(0-32)],0.0002980232238769531,0.018736600875854492,3,True,3
{????G?E?G?SA?C??_L?C?A?@G??_?O???_?@_???o???AG?O@?W?????S????_OW???????_o?AQ??@?G_I??AOA?G??E?@G????_?o??????A??O?A?@C????AC?@OC?C??O?OA_AG??_g?O@??_@?O?P??_B????@??OO?AG???????WGO??O??@?C????_??IC@?`??????P???GA_?_DC?C??C?????_O?A??O????G???G?@??[?AAGC???@?C@????@?????O?O`_@c????@??C???CG???Oc,[(54-58)-(53-59)-(46-48)-(44-47)-(43-52)-(37-57)-(30-55)-(29-31)-(28-36)-(27-42)-(26-41)-(25-40)-(24-39)-(22-45)-(20-51)-(15-23)-(13-14)-(12-50)-(11-34)-(10-16)-(9-18)-(8-33)-(7-17)-(6-21)-(5-35)-(4-19)-(3-49)-(2-38)-(1-56)-(0-32)],0.0002899169921875,0.02337789535522461,3,True,3
{????G?E?G?SA?C??_L?C?A?@G??_?O???_?@_???o???AG?O@?W?????S????_OW???????_o?AQ??@?G_I??AOA?G??E?@G????_?o??????A??O?A?@C????AC?@OC?C??O?OA_AG??_g?O@??_@?O?P??_B????@??OO?AG???????WGO??O??@?C????_??IC@?`??????P???GA_?_DC?C??C?????_O?A??O????G???G?@??[?AAGC???@?C@????@?????O?O`_@c????@??C???CG???Oc,[(54-58)-(52-53)-(48-59)-(44-47)-(37-57)-(36-39)-(30-55)-(29-31)-(28-46)-(27-42)-(26-41)-(25-40)-(24-51)-(22-45)-(20-43)-(15-23)-(13-14)-(12-50)-(11-34)-(10-16)-(9-18)-(8-33)-(7-17)-(6-21)-(5-35)-(4-19)-(3-49)-(2-38)-(1-56)-(0-32)],0.00028133392333984375,0.018379688262939453,3,True,3
{????G?E?G?SA?C??_L?C?A?@G??_?O???_?@_???o???AG?O@?W?????S????_OW???????_o?AQ??@?G_I??AOA?G??E?@G????_?o??????A??O?A?@C????AC?@OC?C??O?OA_AG??_g?O@??_@?O?P??_B????@??OO?AG???????WGO??O??@?C????_??IC@?`??????P???GA_?_DC?C??C?????_O?A??O????G???G?@??[?AAGC???@?C@????@?????O?O`_@c????@??C???CG???Oc,[(54-58)-(52-53)-(48-59)-(44-47)-(37-57)-(36-39)-(30-55)-(29-31)-(28-46)-(27-42)-(26-41)-(25-40)-(24-51)-(22-45)-(20-43)-(15-23)-(13-14)-(12-50)-(11-34)-(10-16)-(9-18)-(8-33)-(7-17)-(6-21)-(5-35)-(4-19)-(3-49)-(2-38)-(1-56)-(0-32)],0.0002875328063964844,0.0043735504150390625,0,True,0
{????G?E?G?SA?C??_L?C?A?@G??_?O???_?@_???o???AG?O@?W?????S????_OW???????_o?AQ??@?G_I??AOA?G??E?@G????_?o??????A??O?A?@C????AC?@OC?C??O?OA_AG??_g?O@??_@?O?P??_B????@??OO?AG???????WGO??O??@?C????_??IC@?`??????P???GA_?_DC?C??C?????_O?A??O????G???G?@??[?AAGC???@?C@????@?????O?O`_@c????@??C???CG???Oc,[(54-58)-(52-53)-(48-59)-(44-47)-(37-57)-(36-51)-(30-55)-(29-31)-(28-46)-(27-42)-(26-41)-(25-40)-(24-39)-(22-45)-(20-43)-(15-23)-(13-14)-(12-50)-(11-34)-(10-16)-(9-18)-(8-33)-(7-17)-(6-21)-(5-35)-(4-19)-(3-49)-(2-38)-(1-56)-(0-32)],0.0002741813659667969,0.030942201614379883,5,True,5
{????G?E?G?SA?C??_L?C?A?@G??_?O???_?@_???o???AG?O@?W?????S????_OW???????_o?AQ??@?G_I??AOA?G??E?@G????_?o??????A??O?A?@C????AC?@OC?C??O?OA_AG??_g?O@??_@?O?P??_B????@??OO?AG???????WGO??O??@?C????_??IC@?`??????P???GA_?_DC?C??C?????_O?A??O????G???G?@??[?AAGC???@?C@????@?????O?O`_@c????@??C???CG???Oc,[(54-58)-(52-53)-(48-59)-(44-47)-(37-57)-(36-51)-(30-55)-(29-31)-(28-46)-(27-42)-(26-41)-(25-40)-(24-39)-(22-45)-(20-43)-(15-23)-(13-14)-(12-50)-(11-34)-(10-16)-(9-18)-(8-33)-(7-17)-(6-21)-(5-35)-(4-19)-(3-49)-(2-38)-(1-56)-(0-32)],0.00028777122497558594,0.01898479461669922,3,True,3
{O?O?C?A??G?C?GggA?C?I??@??O?GC?A???O??GG??_??C?GC??O??G`G?????K???G??G????gG???G?C?gA??G???_???P??O?a?G?????@?C?GCAOO?@?G?G???S??_????@?_POA???@?COA?????OOC?CGC@?A???_K?????????W@A?@?_`?_?O???CCI????OD@?C????_AA_?????G??__?GC?GC??O??_?A?GC???C_CO????GAAO??aD??O????OCG????AGG??G_??O??g?CO@K?????,[(51-56)-(46-53)-(45-49)-(44-57)-(41-50)-(31-38)-(30-43)-(29-40)-(28-47)-(27-54)-(25-55)-(23-36)-(22-59)-(20-21)-(18-33)-(16-39)-(15-24)-(14-52)-(13-26)-(12-42)-(11-58)-(10-34)-(9-35)-(8-37)-(7-17)-(6-19)-(4-32)-(3-5)-(1-48)-(0-2)],0.0003132820129394531,0.01977062225341797,3,True,3
{O?O?C?A??G?C?GggA?C?I??@??O?GC?A???O??GG??_??C?GC??O??G`G?????K???G??G????gG???G?C?gA??G???_???P??O?a?G?????@?C?GCAOO?@?G?G???S??_????@?_POA???@?COA?????OOC?CGC@?A???_K?????????W@A?@?_`?_?O???CCI????OD@?C????_AA_?????G??__?GC?GC??O??_?A?GC???C_CO????GAAO??aD??O????OCG????AGG??G_??O??g?CO@K?????,[(51-56)-(46-53)-(45-49)-(44-57)-(41-50)-(31-38)-(30-43)-(29-40)-(28-47)-(27-54)-(25-55)-(23-36)-(22-59)-(20-21)-(18-33)-(16-39)-(15-24)-(14-52)-(13-26)-(12-42)-(11-58)-(10-34)-(9-35)-(8-37)-(7-17)-(6-19)-(4-32)-(3-5)-(1-48)-(0-2)],0.00028777122497558594,0.003702878952026367,0,True,0
{O?O?C?A??G?C?GggA?C?I??@??O?GC?A???O??GG??_??C?GC??O??G`G?????K???G??G????gG???G?C?gA??G???_???P??O?a?G?????@?C?GCAOO?@?G?G???S??_????@?_POA???@?COA?????OOC?CGC@?A???_K?????????W@A?@?_`?_?O???CCI????OD@?C????_AA_?????G??__?GC?GC??O??_?A?GC???C_CO????GAAO??aD??O????OCG????AGG??G_??O??g?CO@K?????,[(51-56)-(46-53)-(45-49)-(44-57)-(41-50)-(36-54)-(31-38)-(30-43)-(29-40)-(28-47)-(25-55)-(23-27)-(22-59)-(20-21)-(18-33)-(16-39)-(15-24)-(14-52)-(13-26)-(12-42)-(11-58)-(10-34)-(9-35)-(8-37)-(7-17)-(6-19)-(4-32)-(3-5)-(1-48)-(0-2)],0.0003046989440917969,0.013484954833984375,2,True,2
{O?O?C?A??G?C?GggA?C?I??@??O?GC?A???O??GG??_??C?GC??O??G`G?????K???G??G????gG???G?C?gA??G???_???P??O?a?G?????@?C?GCAOO?@?G?G???S??_????@?_POA???@?COA?????OOC?CGC@?A???_K?????????W@A?@?_`?_?O???CCI????OD@?C????_AA_?????G??__?GC?GC??O??_?A?GC???C_CO????GAAO??aD??O????OCG????AGG??G_??O??g?CO@K?????,[(51-56)-(46-53)-(45-49)-(44-57)-(41-50)-(36-54)-(31-38)-(30-43)-(29-40)-(28-47)-(25-55)-(23-27)-(22-59)-(20-21)-(18-33)-(16-39)-(15-24)-(14-52)-(13-26)-(12-42)-(11-58)-(10-34)-(9-35)-(8-37)-(7-17)-(6-19)-(4-32)-(3-5)-(1-48)-(0-2)],0.00028395652770996094,0.012786865234375,2,True,2
{O?O?C?A??G?C?GggA?C?I??@??O?GC?A???O??GG??_??C?GC??O??G`G?????K???G??G????gG???G?C?gA??G???_???P??O?a?G?????@?C?GCAOO?@?G?G???S??_????@?_POA???@?COA?????OOC?CGC@?A???_K?????????W@A?@?_`?_?O???CCI????OD@?C????_AA_?????G??__?GC?GC??O??_?A?GC???C_CO????GAAO??aD??O????OCG????AGG??G_??O??g?CO@K?????,[(51-56)-(45-49)-(44-57)-(41-50)-(40-54)-(36-53)-(31-38)-(30-43)-(29-46)-(28-47)-(25-55)-(23-27)-(22-59)-(20-21)-(18-33)-(16-39)-(15-24)-(14-52)-(13-26)-(12-42)-(11-58)-(10-34)-(9-35)-(8-37)-(7-17)-(6-19)-(4-32)-(3-5)-(1-48)-(0-2)],0.0002894401550292969,0.018772363662719727,3,True,3
{O?O?C?A??G?C?GggA?C?I??@??O?GC?A???O??GG??_??C?GC??O??G`G?????K???G??G????gG???G?C?gA??G???_???P??O?a?G?????@?C?GCAOO?@?G?G???S??_????@?_POA???@?COA?????OOC?CGC@?A???_K?????????W@A?@?_`?_?O???CCI????OD@?C????_AA_?????G??__?GC?GC??O??_?A?GC???C_CO????GAAO??aD??O????OCG????AGG??G_??O??g?CO@K?????,[(51-56)-(45-49)-(44-57)-(41-50)-(40-54)-(36-53)-(31-38)-(30-43)-(29-46)-(28-47)-(25-55)-(23-27)-(22-59)-(20-21)-(18-33)-(16-39)-(15-24)-(14-52)-(13-26)-(12-42)-(11-58)-(10-34)-(9-35)-(8-37)-(7-17)-(6-19)-(4-32)-(3-5)-(1-48)-(0-2)],0.0002865791320800781,0.01282644271850586,2,True,2
{O?O?C?A??G?C?GggA?C?I??@??O?GC?A???O??GG??_??C?GC??O??G`G?????K???G??G????gG???G?C?gA??G???_???P??O?a?G?????@?C?GCAOO?@?G?G???S??_????@?_POA???@?COA?????OOC?CGC@?A???_K?????????W@A?@?_`?_?O???CCI????OD@?C????_AA_?????G??__?GC?GC??O??_?A?GC???C_CO????GAAO??aD??O????OCG????AGG??G_??O??g?CO@K?????,[(51-56)-(45-49)-(44-57)-(41-50)-(36-53)-(31-38)-(30-43)-(29-40)-(28-46)-(27-54)-(25-55)-(23-47)-(22-59)-(20-21)-(18-33)-(16-39)-(15-24)-(14-52)-(13-26)-(12-42)-(11-58)-(10-34)-(9-35)-(8-37)-(7-17)-(6-19)-(4-32)-(3-5)-(1-48)-(0-2)],0.0002903938293457031,0.01883530616760254,3,True,3
{O?O?C?A??G?C?GggA?C?I??@??O?GC?A???O??GG??_??C?GC??O??G`G?????K???G??G????gG???G?C?gA??G???_???P??O?a?G?????@?C?GCAOO?@?G?G???S??_????@?_POA???@?COA?????OOC?CGC@?A???_K?????????W@A?@?_`?_?O???CCI????OD@?C????_AA_?????G??__?GC?GC??O??_?A?GC???C_CO????GAAO??aD??O????OCG????AGG??G_??O??g?CO@K?????,[(51-56)-(45-49)-(44-57)-(41-50)-(36-53)-(31-38)-(30-43)-(29-40)-(28-46)-(27-54)-(25-55)-(23-47)-(22-59)-(20-21)-(18-33)-(16-39)-(15-24)-(14-52)-(13-26)-(12-42)-(11-58)-(10-34)-(9-35)-(8-37)-(7-17)-(6-19)-(4-32)-(3-5)-(1-48)-(0-2)],0.00028586387634277344,0.01307058334350586,2,True,2
{O?O?C?A??G?C?GggA?C?I??@??O?GC?A???O??GG??_??C?GC??O??G`G?????K???G??G????gG???G?C?gA??G???_???P??O?a?G?????@?C?GCAOO?@?G?G???S??_????@?_POA???@?COA?????OOC?CGC@?A???_K?????????W@A?@?_`?_?O???CCI????OD@?C????_AA_?????G??__?GC?GC??O??_?A?GC???C_CO????GAAO??aD??O????OCG????AGG??G_??O??g?CO@K?????,[(51-56)-(45-49)-(44-57)-(41-50)-(38-46)-(31-55)-(30-43)-(29-40)-(28-47)-(27-54)-(25-59)-(23-36)-(21-22)-(20-53)-(18-33)-(16-39)-(15-24)-(14-52)-(13-26)-(12-42)-(11-58)-(10-34)-(9-35)-(8-37)-(7-17)-(6-19)-(4-32)-(3-5)-(1-48)-(0-2)],0.0002799034118652344,0.012853622436523438,2,True,2
{O?O?C?A??G?C?GggA?C?I??@??O?GC?A???O??GG??_??C?GC??O??G`G?????K???G??G????gG???G?C?gA??G???_???P??O?a?G?????@?C?GCAOO?@?G?G???S??_????@?_POA???@?COA?????OOC?CGC@?A???_K?????????W@A?@?_`?_?O???CCI????OD@?C????_AA_?????G??__?GC?GC??O??_?A?GC???C_CO????GAAO??aD??O????OCG????AGG??G_??O??g?CO@K?????,[(51-56)-(45-49)-(44-57)-(41-50)-(38-46)-(31-55)-(30-43)-(29-40)-(28-47)-(27-54)-(25-59)-(23-36)-(21-22)-(20-53)-(18-33)-(16-39)-(15-24)-(14-52)-(13-26)-(12-42)-(11-58)-(10-34)-(9-35)-(8-37)-(7-17)-(6-19)-(4-32)-(3-5)-(1-48)-(0-2)],0.0002834796905517578,0.012881278991699219,2,True,2
{O?O?C?A??G?C?GggA?C?I??@??O?GC?A???O??GG??_??C?GC??O??G`G?????K???G??G????gG???G?C?gA??G???_???P??O?a?G?????@?C?GCAOO?@?G?G???S??_????@?_POA???@?COA?????OOC?CGC@?A???_K?????????W@A?@?_`?_?O???CCI????OD@?C????_AA_?????G??__?GC?GC??O??_?A?GC???C_CO????GAAO??aD??O????OCG????AGG??G_??O??g?CO@K?????,[(51-56)-(45-49)-(44-57)-(41-50)-(38-46)-(36-54)-(31-55)-(30-43)-(29-40)-(28-47)-(25-59)-(23-27)-(21-22)-(20-53)-(18-33)-(16-39)-(15-24)-(14-52)-(13-26)-(12-42)-(11-58)-(10-34)-(9-35)-(8-37)-(7-17)-(6-19)-(4-32)-(3-5)-(1-48)-(0-2)],0.0002765655517578125,0.012785673141479492,2,True,2
{O?O?C?A??G?C?GggA?C?I??@??O?GC?A???O??GG??_??C?GC??O??G`G?????K???G??G????gG???G?C?gA??G???_???P??O?a?G?????@?C?GCAOO?@?G?G???S??_????@?_POA???@?COA?????OOC?CGC@?A???_K?????????W@A?@?_`?_?O???CCI????OD@?C????_AA_?????G??__?GC?GC??O??_?A?GC???C_CO????GAAO??aD??O????OCG????AGG??G_??O??g?CO@K?????,[(51-56)-(45-49)-(44-57)-(41-50)-(38-46)-(36-54)-(31-55)-(30-43)-(29-40)-(28-47)-(25-59)-(23-27)-(21-22)-(20-53)-(18-33)-(16-39)-(15-24)-(14-52)-(13-26)-(12-42)-(11-58)-(10-34)-(9-35)-(8-37)-(7-17)-(6-19)-(4-32)-(3-5)-(1-48)-(0-2)],0.0002849102020263672,0.026866912841796875,4,True,4
{O?O?C?A??G?C?GggA?C?I??@??O?GC?A???O??GG??_??C?GC??O??G`G?????K???G??G????gG???G?C?gA??G???_???P??O?a?G?????@?C?GCAOO?@?G?G???S??_????@?_POA???@?COA?????OOC?CGC@?A???_K?????????W@A?@?_`?_?O???CCI????OD@?C????_AA_?????G??__?GC?GC??O??_?A?GC???C_CO????GAAO??aD??O????OCG????AGG??G_??O??g?CO@K?????,[(45-51)-(41-50)-(40-57)-(38-46)-(31-55)-(30-44)-(29-49)-(28-47)-(27-54)-(25-59)-(23-36)-(22-43)-(21-56)-(20-53)-(18-33)-(16-39)-(15-24)-(14-52)-(13-26)-(12-42)-(11-58)-(10-34)-(9-35)-(8-37)-(7-17)-(6-19)-(4-32)-(3-5)-(1-48)-(0-2)],0.0002853870391845703,0.018734216690063477,3,True,3
{O?O?C?A??G?C?GggA?C?I??@??O?GC?A???O??GG??_??C?GC??O??G`G?????K???G??G????gG???G?C?gA??G???_???P??O?a?G?????@?C?GCAOO?@?G?G???S??_????@?_POA???@?COA?????OOC?CGC@?A???_K?????????W@A?@?_`?_?O???CCI????OD@?C????_AA_?????G??__?GC?GC??O??_?A?GC???C_CO????GAAO??aD??O????OCG????AGG??G_??O??g?CO@K?????,[(45-51)-(41-50)-(40-57)-(38-46)-(31-55)-(30-44)-(29-49)-(28-47)-(27-54)-(25-59)-(23-36)-(22-43)-(21-56)-(20-53)-(18-33)-(16-39)-(15-24)-(14-52)-(13-26)-(12-42)-(11-58)-(10-34)-(9-35)-(8-37)-(7-17)-(6-19)-(4-32)-(3-5)-(1-48)-(0-2)],0.0002868175506591797,0.007816314697265625,1,True,1
{O?O?C?A??G?C?GggA?C?I??@??O?GC?A???O??GG??_??C?GC??O??G`G?????K???G??G????gG???G?C?gA??G???_???P??O?a?G?????@?C?GCAOO?@?G?G???S??_????@?_POA???@?COA?????OOC?CGC@?A???_K?????????W@A?@?_`?_?O???CCI????OD@?C????_AA_?????G??__?GC?GC??O??_?A?GC???C_CO????GAAO??aD??O????OCG????AGG??G_??O??g?CO@K?????,[(45-49)-(41-50)-(40-57)-(38-46)-(31-55)-(30-44)-(29-51)-(28-47)-(27-54)-(25-59)-(23-36)-(22-43)-(21-56)-(20-53)-(18-33)-(16-39)-(15-24)-(14-52)-(13-26)-(12-42)-(11-58)-(10-34)-(9-35)-(8-37)-(7-17)-(6-19)-(4-32)-(3-5)-(1-48)-(0-2)],0.0002791881561279297,0.007816553115844727,1,True,1
{O?O?C?A??G?C?GggA?C?I??@??O?GC?A???O??GG??_??C?GC??O??G`G?????K???G??G????gG???G?C?gA??G???_???P??O?a?G?????@?C?GCAOO?@?G?G???S??_????@?_POA???@?COA?????OOC?CGC@?A???_K?????????W@A?@?_`?_?O???CCI????OD@?C????_AA_?????G??__?GC?GC??O??_?A?GC???C_CO????GAAO??aD??O????OCG????AGG??G_??O??g?CO@K?????,[(45-49)-(41-50)-(40-57)-(38-46)-(31-55)-(30-44)-(29-51)-(28-47)-(27-54)-(25-59)-(23-36)-(22-43)-(21-56)-(20-53)-(18-33)-(16-39)-(15-24)-(14-52)-(13-26)-(12-42)-(11-58)-(10-34)-(9-35)-(8-37)-(7-17)-(6-19)-(4-32)-(3-5)-(1-48)-(0-2)],0.00030350685119628906,0.018436670303344727,3,True,3
{O?O?C?A??G?C?GggA?C?I??@??O?GC?A???O??GG??_??C?GC??O??G`G?????K???G??G????gG???G?C?gA??G???_???P??O?a?G?????@?C?GCAOO?@?G?G???S??_????@?_POA???@?COA?????OOC?CGC@?A???_K?????????W@A?@?_`?_?O???CCI????OD@?C????_AA_?????G??__?GC?GC??O??_?A?GC???C_CO????GAAO??aD??O????OCG????AGG??G_??O??g?CO@K?????,[(51-55)-(45-49)-(41-50)-(40-57)-(31-38)-(30-44)-(29-46)-(28-47)-(27-54)-(25-59)-(23-36)-(22-43)-(21-56)-(20-53)-(18-33)-(16-39)-(15-24)-(14-52)-(13-26)-(12-42)-(11-58)-(10-34)-(9-35)-(8-37)-(7-17)-(6-19)-(4-32)-(3-5)-(1-48)-(0-2)],0.0002789497375488281,0.012753725051879883,2,True,2
{O?O?C?A??G?C?GggA?C?I??@??O?GC?A???O??GG??_??C?GC??O??G`G?????K???G??G????gG???G?C?gA??G???_???P??O?a?G?????@?C?GCAOO?@?G?G???S??_????@?_POA???@?COA?????OOC?CGC@?A???_K?????????W@A?@?_`?_?O???CCI????OD@?C????_AA_?????G??__?GC?GC??O??_?A?GC???C_CO????GAAO??aD??O????OCG????AGG??G_??O??g?CO@K?????,[(51-55)-(45-49)-(41-50)-(40-57)-(31-38)-(30-44)-(29-46)-(28-47)-(27-54)-(25-59)-(23-36)-(22-43)-(21-56)-(20-53)-(18-33)-(16-39)-(15-24)-(14-52)-(13-26)-(12-42)-(11-58)-(10-34)-(9-35)-(8-37)-(7-17)-(6-19)-(4-32)-(3-5)-(1-48)-(0-2)],0.0002856254577636719,0.018416643142700195,3,True,3
{O?O?C?A??G?C?GggA?C?I??@??O?GC?A???O??GG??_??C?GC??O??G`G?????K???G??G????gG???G?C?gA??G???_???P??O?a?G?????@?C?GCAOO?@?G?G???S??_????@?_POA???@?COA?????OOC?CGC@?A???_K?????????W@A?@?_`?_?O???CCI????OD@?C????_AA_?????G??__?GC?GC??O??_?A?GC???C_CO????GAAO??aD??O????OCG????AGG??G_??O??g?CO@K?????,[(45-51)-(41-50)-(40-57)-(38-46)-(36-54)-(31-55)-(30-44)-(29-49)-(28-47)-(25-59)-(23-27)-(22-43)-(21-56)-(20-53)-(18-33)-(16-39)-(15-24)-(14-52)-(13-26)-(12-42)-(11-58)-(10-34)-(9-35)-(8-37)-(7-17)-(6-19)-(4-32)-(3-5)-(1-48)-(0-2)],0.0002923011779785156,0.013224363327026367,2,True,2
{O?O?C?A??G?C?GggA?C?I??@??O?GC?A???O??GG??_??C?GC??O??G`G?????K???G??G????gG???G?C?gA??G???_???P??O?a?G?????@?C?GCAOO?@?G?G???S??_????@?_POA???@?COA?????OOC?CGC@?A???_K?????????W@A?@?_`?_?O???CCI????OD@?C????_AA_?????G??__?GC?GC??O??_?A?GC???C_CO????GAAO??aD??O????OCG????AGG??G_??O??g?CO@K?????,[(45-51)-(41-50)-(40-57)-(38-46)-(36-54)-(31-55)-(30-44)-(29-49)-(28-47)-(25-59)-(23-27)-(22-43)-(21-56)-(20-53)-(18-33)-(16-39)-(15-24)-(14-52)-(13-26)-(12-42)-(11-58)-(10-34)-(9-35)-(8-37)-(7-17)-(6-19)-(4-32)-(3-5)-(1-48)-(0-2)],0.00028395652770996094,0.02469611167907715,4,True,4
{O?H??G@?GA??C??_???g??_P????@_?A???????O?O?D?????G?G@?AA??????_A???H?GG?Q??__??B??AA???G???O?GG??@??Q??A??@?o?AO???__?_QA_?CA??OA?C??W??_Gg???G@D?CG????CGCC??_@?@?@?OO@??O???IO?_G?O??AA?A???G_???????AQ????G?O?B???????H?A@?O?_OC?????_E???B??GP?OA?????_d??G?????????RWOA?A?@??_?C@@??_@????K??G@?_?,[(52-56)-(39-47)-(34-36)-(33-58)-(31-45)-(30-43)-(29-51)-(28-49)-(27-46)-(25-44)-(24-53)-(22-57)-(21-55)-(20-40)-(18-42)-(15-38)-(14-48)-(13-59)-(12-16)-(11-54)-(10-41)-(9-26)-(8-23)-(7-50)-(6-35)-(4-5)-(3-17)-(2-19)-(1-37)-(0-32)],0.00029206275939941406,0.018893718719482422,3,True,3
{O?H??G@?GA??C??_???g??_P????@_?A???????O?O?D?????G?G@?AA??????_A???H?GG?Q??__??B??AA???G???O?GG??@??Q??A??@?o?AO???__?_QA_?CA??OA?C??W??_Gg???G@D?CG????CGCC??_@?@?@?OO@??O???IO?_G?O??AA?A???G_???????AQ????G?O?B???????H?A@?O?_OC?????_E???B??GP?OA?????_d??G?????????RWOA?A?@??_?C@@??_@????K??G@?_?,[(52-56)-(39-47)-(34-36)-(33-58)-(31-45)-(30-43)-(29-51)-(28-49)-(27-46)-(25-44)-(24-53)-(22-57)-(21-55)-(20-40)-(18-42)-(15-38)-(14-48)-(13-59)-(12-16)-(11-54)-(10-41)-(9-26)-(8-23)-(7-50)-(6-35)-(4-5)-(3-17)-(2-19)-(1-37)-(0-32)],0.00028324127197265625,0.012907028198242188,2,True,2
{O?H??G@?GA??C??_???g??_P????@_?A???????O?O?D?????G?G@?AA??????_A???H?GG?Q??__??B??AA???G???O?GG??@??Q??A??@?o?AO???__?_QA_?CA??OA?C??W??_Gg???G@D?CG????CGCC??_@?@?@?OO@??O???IO?_G?O??AA?A???G_???????AQ????G?O?B???????H?A@?O?_OC?????_E???B??GP?OA?????_d??G?????????RWOA?A?@??_?C@@??_@????K??G@?_?,[(52-56)-(39-47)-(34-36)-(33-58)-(31-45)-(30-43)-(29-51)-(28-49)-(27-46)-(25-44)-(24-53)-(22-57)-(21-38)-(20-40)-(18-42)-(15-55)-(14-48)-(13-59)-(12-16)-(11-54)-(10-41)-(9-26)-(8-23)-(7-50)-(6-35)-(4-5)-(3-17)-(2-19)-(1-37)-(0-32)],0.00028586387634277344,0.013475418090820312,2,True,2
{O?H??G@?GA??C??_???g??_P????@_?A???????O?O?D?????G?G@?AA??????_A???H?GG?Q??__??B??AA???G???O?GG??@??Q??A??@?o?AO???__?_QA_?CA??OA?C??W??_Gg???G@D?CG????CGCC??_@?@?@?OO@??O???IO?_G?O??AA?A???G_???????AQ????G?O?B???????H?A@?O?_OC?????_E???B??GP?OA?????_d??G?????????RWOA?A?@??_?C@@??_@????K??G@?_?,[(52-56)-(39-47)-(34-36)-(33-58)-(31-45)-(30-43)-(29-51)-(28-49)-(27-46)-(25-44)-(24-53)-(22-57)-(21-38)-(20-40)-(18-42)-(15-55)-(14-48)-(13-59)-(12-16)-(11-54)-(10-41)-(9-26)-(8-23)-(7-50)-(6-35)-(4-5)-(3-17)-(2-19)-(1-37)-(0-32)],0.00028824806213378906,0.012946367263793945,2,True,2
{O?H??G@?GA??C??_???g??_P????@_?A???????O?O?D?????G?G@?AA??????_A???H?GG?Q??__??B??AA???G???O?GG??@??Q??A??@?o?AO???__?_QA_?CA??OA?C??W??_Gg???G@D?CG????CGCC??_@?@?@?OO@??O???IO?_G?O??AA?A???G_???????AQ????G?O?B???????H?A@?O?_OC?????_E???B??GP?OA?????_d??G?????????RWOA?A?@??_?C@@??_@????K??G@?_?,[(52-56)-(48-57)-(34-36)-(33-58)-(31-45)-(30-43)-(29-51)-(28-49)-(27-46)-(25-44)-(24-55)-(22-39)-(21-47)-(20-40)-(18-42)-(15-38)-(14-53)-(13-59)-(12-16)-(11-54)-(10-41)-(9-26)-(8-23)-(7-50)-(6-35)-(4-5)-(3-17)-(2-19)-(1-37)-(0-32)],0.0002803802490234375,0.01274418830871582,2,True,2
{O?H??G@?GA??C??_???g??_P????@_?A???????O?O?D?????G?G@?AA??????_A???H?GG?Q??__??B??AA???G???O?GG??@??Q??A??@?o?AO???__?_QA_?CA??OA?C??W??_Gg???G@D?CG????CGCC??_@?@?@?OO@??O???IO?_G?O??AA?A???G_???????AQ????G?O?B???????H?A@?O?_OC?????_E???B??GP?OA?????_d??G?????????RWOA?A?@??_?C@@??_@????K??G@?_?,[(52-56)-(48-57)-(34-36)-(33-58)-(31-45)-(30-43)-(29-51)-(28-49)-(27-46)-(25-44)-(24-55)-(22-39)-(21-47)-(20-40)-(18-42)-(15-38)-(14-53)-(13-59)-(12-16)-(11-54)-(10-41)-(9-26)-(8-23)-(7-50)-(6-35)-(4-5)-(3-17)-(2-19)-(1-37)-(0-32)],0.00028514862060546875,0.00786733627319336,1,True,1
{O?H??G@?GA??C??_???g??_P????@_?A???????O?O?D?????G?G@?AA??????_A???H?GG?Q??__??B??AA???G???O?GG??@??Q??A??@?o?AO???__?_QA_?CA??OA?C??W??_Gg???G@D?CG????CGCC??_@?@?@?OO@??O???IO?_G?O??AA?A???G_???????AQ????G?O?B???????H?A@?O?_OC?????_E???B??GP?OA?????_d??G?????????RWOA?A?@??_?C@@??_@????K??G@?_?,[(48-56)-(39-47)-(34-36)-(33-52)-(31-45)-(30-43)-(29-51)-(28-49)-(27-46)-(25-44)-(24-53)-(22-57)-(21-55)-(20-40)-(18-42)-(15-38)-(14-58)-(13-59)-(12-16)-(11-54)-(10-41)-(9-26)-(8-23)-(7-50)-(6-35)-(4-5)-(3-17)-(2-19)-(1-37)-(0-32)],0.00028514862060546875,0.025137901306152344,4,True,4
{O?H??G@?GA??C??_???g??_P????@_?A???????O?O?D?????G?G@?AA??????_A???H?GG?Q??__??B??AA???G???O?GG??@??Q??A??@?o?AO???__?_QA_?CA??OA?C??W??_Gg???G@D?CG????CGCC??_@?@?@?OO@??O???IO?_G?O??AA?A???G_???????AQ????G?O?B???????H?A@?O?_OC?????_E???B??GP?OA?????_d??G?????????RWOA?A?@??_?C@@??_@????K??G@?_?,[(48-56)-(39-47)-(34-36)-(33-52)-(31-45)-(30-43)-(29-51)-(28-49)-(27-46)-(25-44)-(24-53)-(22-57)-(21-55)-(20-40)-(18-42)-(15-38)-(14-58)-(13-59)-(12-16)-(11-54)-(10-41)-(9-26)-(8-23)-(7-50)-(6-35)-(4-5)-(3-17)-(2-19)-(1-37)-(0-32)],0.00028443336486816406,0.008062601089477539,1,True,1
{O?H??G@?GA??C??_???g??_P????@_?A???????O?O?D?????G?G@?AA??????_A???H?GG?Q??__??B??AA???G???O?GG??@??Q??A??@?o?AO???__?_QA_?CA??OA?C??W??_Gg???G@D?CG????CGCC??_@?@?@?OO@??O???IO?_G?O??AA?A???G_???????AQ????G?O?B???????H?A@?O?_OC?????_E???B??GP?OA?????_d??G?????????RWOA?A?@??_?C@@??_@????K??G@?_?,[(48-53)-(45-56)-(34-36)-(33-52)-(31-39)-(30-43)-(29-51)-(28-49)-(27-46)-(25-44)-(24-55)-(22-57)-(21-47)-(20-40)-(18-42)-(15-38)-(14-58)-(13-59)-(12-16)-(11-54)-(10-41)-(9-26)-(8-23)-(7-50)-(6-35)-(4-5)-(3-17)-(2-19)-(1-37)-(0-32)],0.00027632713317871094,0.012761831283569336,2,True,2
{O?H??G@?GA??C??_???g??_P????@_?A???????O?O?D?????G?G@?AA??????_A???H?GG?Q??__??B??AA???G???O?GG??@??Q??A??@?o?AO???__?_QA_?CA??OA?C??W??_Gg???G@D?CG????CGCC??_@?@?@?OO@??O???IO?_G?O??AA?A???G_???????AQ????G?O?B???????H?A@?O?_OC?????_E???B??GP?OA?????_d??G?????????RWOA?A?@??_?C@@??_@????K??G@?_?,[(48-53)-(45-56)-(34-36)-(33-52)-(31-39)-(30-43)-(29-51)-(28-49)-(27-46)-(25-44)-(24-55)-(22-57)-(21-47)-(20-40)-(18-42)-(15-38)-(14-58)-(13-59)-(12-16)-(11-54)-(10-41)-(9-26)-(8-23)-(7-50)-(6-35)-(4-5)-(3-17)-(2-19)-(1-37)-(0-32)],0.0002810955047607422,0.007803678512573242,1,True,1
{O?H??G@?GA??C??_???g??_P????@_?A???????O?O?D?????G?G@?AA??????_A???H?GG?Q??__??B??AA???G???O?GG??@??Q??A??@?o?AO???__?_QA_?CA??OA?C??W??_Gg???G@D?CG????CGCC??_@?@?@?OO@??O???IO?_G?O??AA?A???G_???????AQ????G?O?B???????H?A@?O?_OC?????_E???B??GP?OA?????_d??G?????????RWOA?A?@??_?C@@??_@????K??G@?_?,[(48-56)-(39-47)-(34-36)-(33-52)-(31-45)-(30-43)-(29-51)-(28-49)-(27-46)-(25-44)-(24-53)-(22-57)-(21-38)-(20-40)-(18-42)-(15-55)-(14-58)-(13-59)-(12-16)-(11-54)-(10-41)-(9-26)-(8-23)-(7-50)-(6-35)-(4-5)-(3-17)-(2-19)-(1-37)-(0-32)],0.00033020973205566406,0.02956843376159668,4,True,4
{O?H??G@?GA??C??_???g??_P????@_?A???????O?O?D?????G?G@?AA??????_A???H?GG?Q??__??B??AA???G???O?GG??@??Q??A??@?o?AO???__?_QA_?CA??OA?C??W??_Gg???G@D?CG????CGCC??_@?@?@?OO@??O???IO?_G?O??AA?A???G_???????AQ????G?O?B???????H?A@?O?_OC?????_E???B??GP?OA?????_d??G?????????RWOA?A?@??_?C@@??_@????K??G@?_?,[(48-56)-(39-47)-(34-36)-(33-52)-(31-45)-(30-43)-(29-51)-(28-49)-(27-46)-(25-44)-(24-53)-(22-57)-(21-38)-(20-40)-(18-42)-(15-55)-(14-58)-(13-59)-(12-16)-(11-54)-(10-41)-(9-26)-(8-23)-(7-50)-(6-35)-(4-5)-(3-17)-(2-19)-(1-37)-(0-32)],0.0002818107604980469,0.007835149765014648,1,True,1
{O?H??G@?GA??C??_???g??_P????@_?A???????O?O?D?????G?G@?AA??????_A???H?GG?Q??__??B??AA???G???O?GG??@??Q??A??@?o?AO???__?_QA_?CA??OA?C??W??_Gg???G@D?CG????CGCC??_@?@?@?OO@??O???IO?_G?O??AA?A???G_???????AQ????G?O?B???????H?A@?O?_OC?????_E???B??GP?OA?????_d??G?????????RWOA?A?@??_?C@@??_@????K??G@?_?,[(47-59)-(45-56)-(34-36)-(33-58)-(31-39)-(30-43)-(29-51)-(28-49)-(27-46)-(25-52)-(24-53)-(22-57)-(21-55)-(20-40)-(18-42)-(15-38)-(14-48)-(13-44)-(12-16)-(11-54)-(10-41)-(9-26)-(8-23)-(7-50)-(6-35)-(4-5)-(3-17)-(2-19)-(1-37)-(0-32)],0.00027871131896972656,0.012791872024536133,2,True,2
{O?H??G@?GA??C??_???g??_P????@_?A???????O?O?D?????G?G@?AA??????_A???H?GG?Q??__??B??AA???G???O?GG??@??Q??A??@?o?AO???__?_QA_?CA??OA?C??W??_Gg???G@D?CG????CGCC??_@?@?@?OO@??O???IO?_G?O??AA?A???G_???????AQ????G?O?B???????H?A@?O?_OC?????_E???B??GP?OA?????_d??G?????????RWOA?A?@??_?C@@??_@????K??G@?_?,[(47-59)-(45-56)-(34-36)-(33-58)-(31-39)-(30-43)-(29-51)-(28-49)-(27-46)-(25-52)-(24-53)-(22-57)-(21-55)-(20-40)-(18-42)-(15-38)-(14-48)-(13-44)-(12-16)-(11-54)-(10-41)-(9-26)-(8-23)-(7-50)-(6-35)-(4-5)-(3-17)-(2-19)-(1-37)-(0-32)],0.0002818107604980469,0.0036368370056152344,0,True,0
{O?H??G@?GA??C??_???g??_P????@_?A???????O?O?D?????G?G@?AA??????_A???H?GG?Q??__??B??AA???G???O?GG??@??Q??A??@?o?AO???__?_QA_?CA??OA?C??W??_Gg???G@D?CG????CGCC??_@?@?@?OO@??O???IO?_G?O??AA?A???G_???????AQ????G?O?B???????H?A@?O?_OC?????_E???B??GP?OA?????_d??G?????????RWOA?A?@??_?C@@??_@????K??G@?_?,[(45-56)-(39-47)-(34-36)-(33-58)-(31-59)-(30-43)-(29-51)-(28-49)-(27-46)-(25-52)-(24-53)-(22-57)-(21-55)-(20-40)-(18-42)-(15-38)-(14-48)-(13-44)-(12-16)-(11-54)-(10-41)-(9-26)-(8-23)-(7-50)-(6-35)-(4-5)-(3-17)-(2-19)-(1-37)-(0-32)],0.0002899169921875,0.012783050537109375,2,True,2
{O?H??G@?GA??C??_???g??_P????@_?A???????O?O?D?????G?G@?AA??????_A???H?GG?Q??__??B??AA???G???O?GG??@??Q??A??@?o?AO???__?_QA_?CA??OA?C??W??_Gg???G@D?CG????CGCC??_@?@?@?OO@??O???IO?_G?O??AA?A???G_???????AQ????G?O?B???????H?A@?O?_OC?????_E???B??GP?OA?????_d??G?????????RWOA?A?@??_?C@@??_@????K??G@?_?,[(45-56)-(39-47)-(34-36)-(33-58)-(31-59)-(30-43)-(29-51)-(28-49)-(27-46)-(25-52)-(24-53)-(22-57)-(21-55)-(20-40)-(18-42)-(15-38)-(14-48)-(13-44)-(12-16)-(11-54)-(10-41)-(9-26)-(8-23)-(7-50)-(6-35)-(4-5)-(3-17)-(2-19)-(1-37)-(0-32)],0.0002846717834472656,0.01284646987915039,2,True,2
{O?H??G@?GA??C??_???g??_P????@_?A???????O?O?D?????G?G@?AA??????_A???H?GG?Q??__??B??AA???G???O?GG??@??Q??A??@?o?AO???__?_QA_?CA??OA?C??W??_Gg???G@D?CG????CGCC??_@?@?@?OO@??O???IO?_G?O??AA?A???G_???????AQ????G?O?B???????H?A@?O?_OC?????_E???B??GP?OA?????_d??G?????????RWOA?A?@??_?C@@??_@????K??G@?_?,[(47-59)-(45-56)-(34-36)-(33-58)-(31-39)-(30-43)-(29-51)-(28-49)-(27-46)-(25-52)-(24-53)-(22-57)-(21-38)-(20-40)-(18-42)-(15-55)-(14-48)-(13-44)-(12-16)-(11-54)-(10-41)-(9-26)-(8-23)-(7-50)-(6-35)-(4-5)-(3-17)-(2-19)-(1-37)-(0-32)],0.0002856254577636719,0.0038216114044189453,0,True,0
{O?H??G@?GA??C??_???g??_P????@_?A???????O?O?D?????G?G@?AA??????_A???H?GG?Q??__??B??AA???G???O?GG??@??Q??A??@?o?AO???__?_QA_?CA??OA?C??W??_Gg???G@D?CG????CGCC??_@?@?@?OO@??O???IO?_G?O??AA?A???G_???????AQ????G?O?B???????H?A@?O?_OC?????_E???B??GP?OA?????_d??G?????????RWOA?A?@??_?C@@??_@????K??G@?_?,[(47-59)-(45-56)-(34-36)-(33-58)-(31-39)-(30-43)-(29-51)-(28-49)-(27-46)-(25-52)-(24-53)-(22-57)-(21-38)-(20-40)-(18-42)-(15-55)-(14-48)-(13-44)-(12-16)-(11-54)-(10-41)-(9-26)-(8-23)-(7-50)-(6-35)-(4-5)-(3-17)-(2-19)-(1-37)-(0-32)],0.00028443336486816406,0.008266687393188477,1,True,1
{O?H??G@?GA??C??_???g??_P????@_?A???????O?O?D?????G?G@?AA??????_A???H?GG?Q??__??B??AA???G???O?GG??@??Q??A??@?o?AO???__?_QA_?CA??OA?C??W??_Gg???G@D?CG????CGCC??_@?@?@?OO@??O???IO?_G?O??AA?A???G_???????AQ????G?O?B???????H?A@?O?_OC?????_E???B??GP?OA?????_d??G?????????RWOA?A?@??_?C@@??_@????K??G@?_?,[(45-56)-(39-47)-(34-36)-(33-58)-(31-59)-(30-43)-(29-51)-(28-49)-(27-46)-(25-52)-(24-53)-(22-57)-(21-38)-(20-40)-(18-42)-(15-55)-(14-48)-(13-44)-(12-16)-(11-54)-(10-41)-(9-26)-(8-23)-(7-50)-(6-35)-(4-5)-(3-17)-(2-19)-(1-37)-(0-32)],0.00031304359436035156,0.018303871154785156,3,True,3
{O?H??G@?GA??C??_???g??_P????@_?A???????O?O?D?????G?G@?AA??????_A???H?GG?Q??__??B??AA???G???O?GG??@??Q??A??@?o?AO???__?_QA_?CA??OA?C??W??_Gg???G@D?CG????CGCC??_@?@?@?OO@??O???IO?_G?O??AA?A???G_???????AQ????G?O?B???????H?A@?O?_OC?????_E???B??GP?OA?????_d??G?????????RWOA?A?@??_?C@@??_@????K??G@?_?,[(45-56)-(39-47)-(34-36)-(33-58)-(31-59)-(30-43)-(29-51)-(28-49)-(27-46)-(25-52)-(24-53)-(22-57)-(21-38)-(20-40)-(18-42)-(15-55)-(14-48)-(13-44)-(12-16)-(11-54)-(10-41)-(9-26)-(8-23)-(7-50)-(6-35)-(4-5)-(3-17)-(2-19)-(1-37)-(0-32)],0.00028443336486816406,0.01841259002685547,3,True,3
{O@??G?GA??W@??G??GC??GC???O_?G????AK?O?WG_@Gg??A?????_??C?A?O??Q????OGC???@????_`@A?O?BO_??O??_C?????A?G?G_G?@??_??P??G?_@?????ACA?G??_?C?A?a??_?IO?????C?S?@DG?@O??A??A?GE?????@O??AAC???_?????CA?C??AW?O?AC???COA?CC????_?G???P?@@???AC?OD???`??_?o?????G?O?OCO???_A??I??O???_aA?C??K????@??D??????AD,[(56-59)-(46-49)-(42-43)-(40-57)-(33-54)-(30-39)-(29-36)-(28-55)-(27-48)-(26-45)-(25-37)-(23-52)-(20-41)-(19-44)-(17-58)-(15-35)-(14-47)-(13-21)-(12-53)-(11-22)-(10-24)-(9-31)-(8-16)-(7-38)-(6-51)-(4-18)-(3-34)-(2-50)-(1-5)-(0-32)],0.00030040740966796875,0.013660430908203125,2,True,2
{O@??G?GA??W@??G??GC??GC???O_?G????AK?O?WG_@Gg??A?????_??C?A?O??Q????OGC???@????_`@A?O?BO_??O??_C?????A?G?G_G?@??_??P??G?_@?????ACA?G??_?C?A?a??_?IO?????C?S?@DG?@O??A??A?GE?????@O??AAC???_?????CA?C??AW?O?AC???COA?CC????_?G???P?@@???AC?OD???`??_?o?????G?O?OCO???_A??I??O???_aA?C??K????@??D??????AD,[(56-59)-(46-49)-(42-43)-(40-57)-(33-54)-(30-39)-(29-36)-(28-55)-(27-48)-(26-45)-(25-37)-(23-52)-(20-41)-(19-44)-(17-58)-(15-35)-(14-47)-(13-21)-(12-53)-(11-22)-(10-24)-(9-31)-(8-16)-(7-38)-(6-51)-(4-18)-(3-34)-(2-50)-(1-5)-(0-32)],0.0002875328063964844,0.003700733184814453,0,True,0
{O@??G?GA??W@??G??GC??GC???O_?G????AK?O?WG_@Gg??A?????_??C?A?O??Q????OGC???@????_`@A?O?BO_??O??_C?????A?G?G_G?@??_??P??G?_@?????ACA?G??_?C?A?a??_?IO?????C?S?@DG?@O??A??A?GE?????@O??AAC???_?????CA?C??AW?O?AC???COA?CC????_?G???P?@@???AC?OD???`??_?o?????G?O?OCO???_A??I??O???_aA?C??K????@??D??????AD,[(56-59)-(46-49)-(42-43)-(39-40)-(33-54)-(30-57)-(29-36)-(28-55)-(27-48)-(26-45)-(25-37)-(23-52)-(20-41)-(19-44)-(17-58)-(15-35)-(14-47)-(13-21)-(12-53)-(11-22)-(10-24)-(9-31)-(8-16)-(7-38)-(6-51)-(4-18)-(3-34)-(2-50)-(1-5)-(0-32)],0.00030112266540527344,0.008205413818359375,1,True,1
{O@??G?GA??W@??G??GC??GC???O_?G????AK?O?WG_@Gg??A?????_??C?A?O??Q????OGC???@????_`@A?O?BO_??O??_C?????A?G?G_G?@??_??P??G?_@?????ACA?G??_?C?A?a??_?IO?????C?S?@DG?@O??A??A?GE?????@O??AAC???_?????CA?C??AW?O?AC???COA?CC????_?G???P?@@???AC?OD???`??_?o?????G?O?OCO???_A??I??O???_aA?C??K????@??D??????AD,[(56-59)-(46-49)-(42-43)-(39-40)-(33-54)-(30-57)-(29-36)-(28-55)-(27-48)-(26-45)-(25-37)-(23-52)-(20-41)-(19-44)-(17-58)-(15-35)-(14-47)-(13-21)-(12-53)-(11-22)-(10-24)-(9-31)-(8-16)-(7-38)-(6-51)-(4-18)-(3-34)-(2-50)-(1-5)-(0-32)],0.00028395652770996094,0.013012170791625977,2,True,2
{O@??G?GA??W@??G??GC??GC???O_?G????AK?O?WG_@Gg??A?????_??C?A?O??Q????OGC???@????_`@A?O?BO_??O??_C?????A?G?G_G?@??_??P??G?_@?????ACA?G??_?C?A?a??_?IO?????C?S?@DG?@O??A??A?GE?????@O??AAC???_?????CA?C??AW?O?AC???COA?CC????_?G???P?@@???AC?OD???`??_?o?????G?O?OCO???_A??I??O???_aA?C??K????@??D??????AD,[(58-59)-(46-49)-(42-43)-(39-40)-(36-57)-(33-54)-(30-56)-(28-55)-(27-48)-(26-45)-(25-37)-(23-52)-(20-41)-(19-44)-(17-29)-(15-35)-(14-47)-(13-21)-(12-53)-(11-22)-(10-24)-(9-31)-(8-16)-(7-38)-(6-51)-(4-18)-(3-34)-(2-50)-(1-5)-(0-32)],0.00027751922607421875,0.01858067512512207,3,True,3
{O@??G?GA??W@??G??GC??GC???O_?G????AK?O?WG_@Gg??A?????_??C?A?O??Q????OGC???@????_`@A?O?BO_??O??_C?????A?G?G_G?@??_??P??G?_@?????ACA?G??_?C?A?a??_?IO?????C?S?@DG?@O??A??A?GE?????@O??AAC???_?????CA?C??AW?O?AC???COA?CC????_?G???P?@@???AC?OD???`??_?o?????G?O?OCO???_A??I??O???_aA?C??K????@??D??????AD,[(58-59)-(46-49)-(42-43)-(39-40)-(36-57)-(33-54)-(30-56)-(28-55)-(27-48)-(26-45)-(25-37)-(23-52)-(20-41)-(19-44)-(17-29)-(15-35)-(14-47)-(13-21)-(12-53)-(11-22)-(10-24)-(9-31)-(8-16)-(7-38)-(6-51)-(4-18)-(3-34)-(2-50)-(1-5)-(0-32)],0.0002827644348144531,0.012831926345825195,2,True,2
{O@??G?GA??W@??G??GC??GC???O_?G????AK?O?WG_@Gg??A?????_??C?A?O??Q????OGC???@????_`@A?O?BO_??O??_C?????A?G?G_G?@??_??P??G?_@?????ACA?G??_?C?A?a??_?IO?????C?S?@DG?@O??A??A?GE?????@O??AAC???_?????CA?C??AW?O?AC???COA?CC????_?G???P?@@???AC?OD???`??_?o?????G?O?OCO???_A??I??O???_aA?C??K????@??D??????AD,[(58-59)-(42-43)-(41-52)-(40-57)-(33-54)-(30-39)-(29-36)-(28-46)-(27-48)-(26-45)-(25-37)-(21-44)-(20-56)-(19-49)-(17-55)-(15-35)-(14-47)-(13-23)-(12-53)-(11-22)-(10-24)-(9-31)-(8-16)-(7-38)-(6-51)-(4-18)-(3-34)-(2-50)-(1-5)-(0-32)],0.0002923011779785156,0.013399124145507812,2,True,2
{O@??G?GA??W@??G??GC??GC???O_?G????AK?O?WG_@Gg??A?????_??C?A?O??Q????OGC???@????_`@A?O?BO_??O??_C?????A?G?G_G?@??_??P??G?_@?????ACA?G??_?C?A?a??_?IO?????C?S?@DG?@O??A??A?GE?????@O??AAC???_?????CA?C??AW?O?AC???COA?CC????_?G???P?@@???AC?OD???`??_?o?????G?O?OCO???_A??I??O???_aA?C??K????@??D??????AD,[(58-59)-(42-43)-(41-52)-(40-57)-(33-54)-(30-39)-(29-36)-(28-46)-(27-48)-(26-45)-(25-37)-(21-44)-(20-56)-(19-49)-(17-55)-(15-35)-(14-47)-(13-23)-(12-53)-(11-22)-(10-24)-(9-31)-(8-16)-(7-38)-(6-51)-(4-18)-(3-34)-(2-50)-(1-5)-(0-32)],0.00031113624572753906,0.007842063903808594,1,True,1
{O@??G?GA??W@??G??GC??GC???O_?G????AK?O?WG_@Gg??A?????_??C?A?O??Q????OGC???@????_`@A?O?BO_??O??_C?????A?G?G_G?@??_??P??G?_@?????ACA?G??_?C?A?a??_?IO?????C?S?@DG?@O??A??A?GE?????@O??AAC???_?????CA?C??AW?O?AC???COA?CC????_?G???P?@@???AC?OD???`??_?o?????G?O?OCO???_A??I??O???_aA?C??K????@??D??????AD,[(58-59)-(42-43)-(41-52)-(39-40)-(33-54)-(30-57)-(29-36)-(28-46)-(27-48)-(26-45)-(25-37)-(21-44)-(20-56)-(19-49)-(17-55)-(15-35)-(14-47)-(13-23)-(12-53)-(11-22)-(10-24)-(9-31)-(8-16)-(7-38)-(6-51)-(4-18)-(3-34)-(2-50)-(1-5)-(0-32)],0.0002799034118652344,0.012935876846313477,2,True,2
{O@??G?GA??W@??G??GC??GC???O_?G????AK?O?WG_@Gg??A?????_??C?A?O??Q????OGC???@????_`@A?O?BO_??O??_C?????A?G?G_G?@??_??P??G?_@?????ACA?G??_?C?A?a??_?IO?????C?S?@DG?@O??A??A?GE?????@O??AAC???_?????CA?C??AW?O?AC???COA?CC????_?G???P?@@???AC?OD???`??_?o?????G?O?OCO???_A??I??O???_aA?C??K????@??D??????AD,[(58-59)-(42-43)-(41-52)-(39-40)-(33-54)-(30-57)-(29-36)-(28-46)-(27-48)-(26-45)-(25-37)-(21-44)-(20-56)-(19-49)-(17-55)-(15-35)-(14-47)-(13-23)-(12-53)-(11-22)-(10-24)-(9-31)-(8-16)-(7-38)-(6-51)-(4-18)-(3-34)-(2-50)-(1-5)-(0-32)],0.0002834796905517578,0.01867389678955078,3,True,3
{O@??G?GA??W@??G??GC??GC???O_?G????AK?O?WG_@Gg??A?????_??C?A?O??Q????OGC???@????_`@A?O?BO_??O??_C?????A?G?G_G?@??_??P??G?_@?????ACA?G??_?C?A?a??_?IO?????C?S?@DG?@O??A??A?GE?????@O??AAC???_?????CA?C??AW?O?AC???COA?CC????_?G???P?@@???AC?OD???`??_?o?????G?O?OCO???_A??I??O???_aA?C??K????@??D??????AD,[(56-59)-(52-55)-(42-43)-(40-57)-(33-54)-(30-39)-(29-36)-(28-46)-(27-48)-(26-45)-(25-37)-(21-44)-(20-41)-(19-49)-(17-58)-(15-35)-(14-47)-(13-23)-(12-53)-(11-22)-(10-24)-(9-31)-(8-16)-(7-38)-(6-51)-(4-18)-(3-34)-(2-50)-(1-5)-(0-32)],0.000301361083984375,0.018590688705444336,3,True,3
{O@??G?GA??W@??G??GC??GC???O_?G????AK?O?WG_@Gg??A?????_??C?A?O??Q????OGC???@????_`@A?O?BO_??O??_C?????A?G?G_G?@??_??P??G?_@?????ACA?G??_?C?A?a??_?IO?????C?S?@DG?@O??A??A?GE?????@O??AAC???_?????CA?C??AW?O?AC???COA?CC????_?G???P?@@???AC?OD???`??_?o?????G?O?OCO???_A??I??O???_aA?C??K????@??D??????AD,[(56-59)-(52-55)-(42-43)-(40-57)-(33-54)-(30-39)-(29-36)-(28-46)-(27-48)-(26-45)-(25-37)-(21-44)-(20-41)-(19-49)-(17-58)-(15-35)-(14-47)-(13-23)-(12-53)-(11-22)-(10-24)-(9-31)-(8-16)-(7-38)-(6-51)-(4-18)-(3-34)-(2-50)-(1-5)-(0-32)],0.0002791881561279297,0.007937908172607422,1,True,1
{O@??G?GA??W@??G??GC??GC???O_?G????AK?O?WG_@Gg??A?????_??C?A?O??Q????OGC???@????_`@A?O?BO_??O??_C?????A?G?G_G?@??_??P??G?_@?????ACA?G??_?C?A?a??_?IO?????C?S?@DG?@O??A??A?GE?????@O??AAC???_?????CA?C??AW?O?AC???COA?CC????_?G???P?@@???AC?OD???`??_?o?????G?O?OCO???_A??I??O???_aA?C??K????@??D??????AD,[(56-59)-(52-55)-(42-43)-(39-40)-(33-54)-(30-57)-(29-36)-(28-46)-(27-48)-(26-45)-(25-37)-(21-44)-(20-41)-(19-49)-(17-58)-(15-35)-(14-47)-(13-23)-(12-53)-(11-22)-(10-24)-(9-31)-(8-16)-(7-38)-(6-51)-(4-18)-(3-34)-(2-50)-(1-5)-(0-32)],0.00028324127197265625,0.003667593002319336,0,True,0
{O@??G?GA??W@??G??GC??GC???O_?G????AK?O?WG_@Gg??A?????_??C?A?O??Q????OGC???@????_`@A?O?BO_??O??_C?????A?G?G_G?@??_??P??G?_@?????ACA?G??_?C?A?a??_?IO?????C?S?@DG?@O??A??A?GE?????@O??AAC???_?????CA?C??AW?O?AC???COA?CC????_?G???P?@@???AC?OD???`??_?o?????G?O?OCO???_A??I??O???_aA?C??K????@??D??????AD,[(56-59)-(52-55)-(42-43)-(39-40)-(33-54)-(30-57)-(29-36)-(28-46)-(27-48)-(26-45)-(25-37)-(21-44)-(20-41)-(19-49)-(17-58)-(15-35)-(14-47)-(13-23)-(12-53)-(11-22)-(10-24)-(9-31)-(8-16)-(7-38)-(6-51)-(4-18)-(3-34)-(2-50)-(1-5)-(0-32)],0.00028634071350097656,0.025939226150512695,4,True,4
{O@??G?GA??W@??G??GC??GC???O_?G????AK?O?WG_@Gg??A?????_??C?A?O??Q????OGC???@????_`@A?O?BO_??O??_C?????A?G?G_G?@??_??P??G?_@?????ACA?G??_?C?A?a??_?IO?????C?S?@DG?@O??A??A?GE?????@O??AAC???_?????CA?C??AW?O?AC???COA?CC????_?G???P?@@???AC?OD???`??_?o?????G?O?OCO???_A??I??O???_aA?C??K????@??D??????AD,[(56-59)-(46-49)-(42-43)-(40-57)-(33-54)-(30-39)-(29-36)-(28-55)-(27-48)-(26-45)-(25-37)-(21-44)-(20-41)-(19-52)-(17-58)-(15-35)-(14-47)-(13-23)-(12-53)-(11-22)-(10-24)-(9-31)-(8-16)-(7-38)-(6-51)-(4-18)-(3-34)-(2-50)-(1-5)-(0-32)],0.0002918243408203125,0.013309001922607422,2,True,2
{O@??G?GA??W@??G??GC??GC???O_?G????AK?O?WG_@Gg??A?????_??C?A?O??Q????OGC???@????_`@A?O?BO_??O??_C?????A?G?G_G?@??_??P??G?_@?????ACA?G??_?C?A?a??_?IO?????C?S?@DG?@O??A??A?GE?????@O??AAC???_?????CA?C??AW?O?AC???COA?CC????_?G???P?@@???AC?OD???`??_?o?????G?O?OCO???_A??I??O???_aA?C??K????@??D??????AD,[(56-59)-(46-49)-(42-43)-(40-57)-(33-54)-(30-39)-(29-36)-(28-55)-(27-48)-(26-45)-(25-37)-(21-44)-(20-41)-(19-52)-(17-58)-(15-35)-(14-47)-(13-23)-(12-53)-(11-22)-(10-24)-(9-31)-(8-16)-(7-38)-(6-51)-(4-18)-(3-34)-(2-50)-(1-5)-(0-32)],0.0002846717834472656,0.024247407913208008,4,True,4
{O@??G?GA??W@??G??GC??GC???O_?G????AK?O?WG_@Gg??A?????_??C?A?O??Q????OGC???@????_`@A?O?BO_??O??_C?????A?G?G_G?@??_??P??G?_@?????ACA?G??_?C?A?a??_?IO?????C?S?@DG?@O??A??A?GE?????@O??AAC???_?????CA?C??AW?O?AC???COA?CC????_?G???P?@@???AC?OD???`??_?o?????G?O?OCO???_A??I??O???_aA?C??K????@??D??????AD,[(56-59)-(46-49)-(42-43)-(39-40)-(33-54)-(30-57)-(29-36)-(28-55)-(27-48)-(26-45)-(25-37)-(21-44)-(20-41)-(19-52)-(17-58)-(15-35)-(14-47)-(13-23)-(12-53)-(11-22)-(10-24)-(9-31)-(8-16)-(7-38)-(6-51)-(4-18)-(3-34)-(2-50)-(1-5)-(0-32)],0.00028252601623535156,0.003707408905029297,0,True,0
{O@??G?GA??W@??G??GC??GC???O_?G????AK?O?WG_@Gg??A?????_??C?A?O??Q????OGC???@????_`@A?O?BO_??O??_C?????A?G?G_G?@??_??P??G?_@?????ACA?G??_?C?A?a??_?IO?????C?S?@DG?@O??A??A?GE?????@O??AAC???_?????CA?C??AW?O?AC???COA?CC????_?G???P?@@???AC?OD???`??_?o?????G?O?OCO???_A??I??O???_aA?C??K????@??D??????AD,[(56-59)-(46-49)-(42-43)-(39-40)-(33-54)-(30-57)-(29-36)-(28-55)-(27-48)-(26-45)-(25-37)-(21-44)-(20-41)-(19-52)-(17-58)-(15-35)-(14-47)-(13-23)-(12-53)-(11-22)-(10-24)-(9-31)-(8-16)-(7-38)-(6-51)-(4-18)-(3-34)-(2-50)-(1-5)-(0-32)],0.00028824806213378906,0.01868152618408203,3,True,3
{O@??G?GA??W@??G??GC??GC???O_?G????AK?O?WG_@Gg??A?????_??C?A?O??Q????OGC???@????_`@A?O?BO_??O??_C?????A?G?G_G?@??_??P??G?_@?????ACA?G??_?C?A?a??_?IO?????C?S?@DG?@O??A??A?GE?????@O??AAC???_?????CA?C??AW?O?AC???COA?CC????_?G???P?@@???AC?OD???`??_?o?????G?O?OCO???_A??I??O???_aA?C??K????@??D??????AD,[(56-59)-(42-43)-(41-52)-(40-57)-(33-45)-(30-39)-(29-36)-(28-55)-(27-48)-(26-46)-(25-37)-(21-54)-(20-49)-(19-44)-(17-58)-(15-35)-(14-47)-(13-23)-(12-53)-(11-22)-(10-24)-(9-31)-(8-16)-(7-38)-(6-51)-(4-18)-(3-34)-(2-50)-(1-5)-(0-32)],0.00027751922607421875,0.007929086685180664,1,True,1
{O@??G?GA??W@??G??GC??GC???O_?G????AK?O?WG_@Gg??A?????_??C?A?O??Q????OGC???@????_`@A?O?BO_??O??_C?????A?G?G_G?@??_??P??G?_@?????ACA?G??_?C?A?a??_?IO?????C?S?@DG?@O??A??A?GE?????@O??AAC???_?????CA?C??AW?O?AC???COA?CC????_?G???P?@@???AC?OD???`??_?o?????G?O?OCO???_A??I??O???_aA?C??K????@??D??????AD,[(56-59)-(42-43)-(41-52)-(40-57)-(33-45)-(30-39)-(29-36)-(28-55)-(27-48)-(26-46)-(25-37)-(21-54)-(20-49)-(19-44)-(17-58)-(15-35)-(14-47)-(13-23)-(12-53)-(11-22)-(10-24)-(9-31)-(8-16)-(7-38)-(6-51)-(4-18)-(3-34)-(2-50)-(1-5)-(0-32)],0.00028228759765625,0.018465757369995117,3,True,3
{?h?@OA_??A???????pG?_??A_G???D???O?W??C_GoH@???_C?@????@??????@?@??_OO???_?B?A_?????@_?O?O_O??BOS?????A?G??_?I?????K@????`??O@?????_??@GG??_?A_??_C__@??OO??_G?@A????_O?C??S????AGA@??__O?o???OG?O?G????O?CG????g?C?@G?K?G???????_C@?G?@?_O??G??_?A??OAO@O?@?C??@C??_G???C??_o?`?????A??A?A@A??Q???A?W?,[(53-56)-(52-54)-(48-59)-(44-46)-(41-43)-(38-50)-(37-45)-(36-47)-(31-58)-(29-40)-(27-42)-(26-55)-(25-49)-(21-35)-(19-30)-(18-57)-(15-24)-(14-39)-(13-32)-(12-33)-(11-28)-(10-23)-(9-20)-(8-34)-(6-17)-(4-7)-(3-22)-(2-51)-(1-5)-(0-16)],0.0003428459167480469,0.0265963077545166,4,True,4
{?h?@OA_??A???????pG?_??A_G???D???O?W??C_GoH@???_C?@????@??????@?@??_OO???_?B?A_?????@_?O?O_O??BOS?????A?G??_?I?????K@????`??O@?????_??@GG??_?A_??_C__@??OO??_G?@A????_O?C??S????AGA@??__O?o???OG?O?G????O?CG????g?C?@G?K?G???????_C@?G?@?_O??G??_?A??OAO@O?@?C??@C??_G???C??_o?`?????A??A?A@A??Q???A?W?,[(53-56)-(52-54)-(48-59)-(44-46)-(41-43)-(38-50)-(37-45)-(36-47)-(31-58)-(29-40)-(27-42)-(26-55)-(25-49)-(21-35)-(19-30)-(18-57)-(15-24)-(14-39)-(13-32)-(12-33)-(11-28)-(10-23)-(9-20)-(8-34)-(6-17)-(4-7)-(3-22)-(2-51)-(1-5)-(0-16)],0.00029158592224121094,0.0036873817443847656,0,True,0
{?h?@OA_??A???????pG?_??A_G???D???O?W??C_GoH@???_C?@????@??????@?@??_OO???_?B?A_?????@_?O?O_O??BOS?????A?G??_?I?????K@????`??O@?????_??@GG??_?A_??_C__@??OO??_G?@A????_O?C??S????AGA@??__O?o???OG?O?G????O?CG????g?C?@G?K?G???????_C@?G?@?_O??G??_?A??OAO@O?@?C??@C??_G???C??_o?`?????A??A?A@A??Q???A?W?,[(53-56)-(52-54)-(49-59)-(44-48)-(41-43)-(38-40)-(37-45)-(36-47)-(31-58)-(29-46)-(27-42)-(26-55)-(25-50)-(21-35)-(19-30)-(18-57)-(15-24)-(14-39)-(13-32)-(12-33)-(11-28)-(10-23)-(9-20)-(8-34)-(6-17)-(4-7)-(3-22)-(2-51)-(1-5)-(0-16)],0.0003025531768798828,0.03161883354187012,5,True,5
{?h?@OA_??A???????pG?_??A_G???D???O?W??C_GoH@???_C?@????@??????@?@??_OO???_?B?A_?????@_?O?O_O??BOS?????A?G??_?I?????K@????`??O@?????_??@GG??_?A_??_C__@??OO??_G?@A????_O?C??S????AGA@??__O?o???OG?O?G????O?CG????g?C?@G?K?G???????_C@?G?@?_O??G??_?A??OAO@O?@?C??@C??_G???C??_o?`?????A??A?A@A??Q???A?W?,[(53-56)-(52-54)-(49-59)-(44-48)-(41-43)-(38-40)-(37-45)-(36-47)-(31-58)-(29-46)-(27-42)-(26-55)-(25-50)-(21-35)-(19-30)-(18-57)-(15-24)-(14-39)-(13-32)-(12-33)-(11-28)-(10-23)-(9-20)-(8-34)-(6-17)-(4-7)-(3-22)-(2-51)-(1-5)-(0-16)],0.000278472900390625,0.01869511604309082,3,True,3
{?h?@OA_??A???????pG?_??A_G???D???O?W??C_GoH@???_C?@????@??????@?@??_OO???_?B?A_?????@_?O?O_O??BOS?????A?G??_?I?????K@????`??O@?????_??@GG??_?A_??_C__@??OO??_G?@A????_O?C??S????AGA@??__O?o???OG?O?G????O?CG????g?C?@G?K?G???????_C@?G?@?_O??G??_?A??OAO@O?@?C??@C??_G???C??_o?`?????A??A?A@A??Q???A?W?,[(53-56)-(52-54)-(48-59)-(44-49)-(41-43)-(38-40)-(37-45)-(36-47)-(31-58)-(29-46)-(27-42)-(26-55)-(25-50)-(21-35)-(19-30)-(18-57)-(15-24)-(14-39)-(13-32)-(12-33)-(11-28)-(10-23)-(9-20)-(8-34)-(6-17)-(4-7)-(3-22)-(2-51)-(1-5)-(0-16)],0.0002779960632324219,0.025220632553100586,4,True,4
{?h?@OA_??A???????pG?_??A_G???D???O?W??C_GoH@???_C?@????@??????@?@??_OO???_?B?A_?????@_?O?O_O??BOS?????A?G??_?I?????K@????`??O@?????_??@GG??_?A_??_C__@??OO??_G?@A????_O?C??S????AGA@??__O?o???OG?O?G????O?CG????g?C?@G?K?G???????_C@?G?@?_O??G??_?A??OAO@O?@?C??@C??_G???C??_o?`?????A??A?A@A??Q???A?W?,[(53-56)-(52-54)-(48-59)-(44-49)-(41-43)-(38-40)-(37-45)-(36-47)-(31-58)-(29-46)-(27-42)-(26-55)-(25-50)-(21-35)-(19-30)-(18-57)-(15-24)-(14-39)-(13-32)-(12-33)-(11-28)-(10-23)-(9-20)-(8-34)-(6-17)-(4-7)-(3-22)-(2-51)-(1-5)-(0-16)],0.0002772808074951172,0.0036640167236328125,0,True,0
{?h?@OA_??A???????pG?_??A_G???D???O?W??C_GoH@???_C?@????@??????@?@??_OO???_?B?A_?????@_?O?O_O??BOS?????A?G??_?I?????K@????`??O@?????_??@GG??_?A_??_C__@??OO??_G?@A????_O?C??S????AGA@??__O?o???OG?O?G????O?CG????g?C?@G?K?G???????_C@?G?@?_O??G??_?A??OAO@O?@?C??@C??_G???C??_o?`?????A??A?A@A??Q???A?W?,[(55-58)-(53-56)-(52-54)-(49-59)-(44-46)-(41-43)-(38-42)-(37-45)-(36-47)-(31-48)-(29-40)-(26-27)-(25-50)-(21-35)-(19-30)-(18-57)-(15-24)-(14-39)-(13-32)-(12-33)-(11-28)-(10-23)-(9-20)-(8-34)-(6-17)-(4-7)-(3-22)-(2-51)-(1-5)-(0-16)],0.0002892017364501953,0.023677349090576172,3,True,3
{?h?@OA_??A???????pG?_??A_G???D???O?W??C_GoH@???_C?@????@??????@?@??_OO???_?B?A_?????@_?O?O_O??BOS?????A?G??_?I?????K@????`??O@?????_??@GG??_?A_??_C__@??OO??_G?@A????_O?C??S????AGA@??__O?o???OG?O?G????O?CG????g?C?@G?K?G???????_C@?G?@?_O??G??_?A??OAO@O?@?C??@C??_G???C??_o?`?????A??A?A@A??Q???A?W?,[(55-58)-(53-56)-(52-54)-(49-59)-(44-46)-(41-43)-(38-42)-(37-45)-(36-47)-(31-48)-(29-40)-(26-27)-(25-50)-(21-35)-(19-30)-(18-57)-(15-24)-(14-39)-(13-32)-(12-33)-(11-28)-(10-23)-(9-20)-(8-34)-(6-17)-(4-7)-(3-22)-(2-51)-(1-5)-(0-16)],0.0002732276916503906,0.01874065399169922,3,True,3
{?h?@OA_??A???????pG?_??A_G???D???O?W??C_GoH@???_C?@????@??????@?@??_OO???_?B?A_?????@_?O?O_O??BOS?????A?G??_?I?????K@????`??O@?????_??@GG??_?A_??_C__@??OO??_G?@A????_O?C??S????AGA@??__O?o???OG?O?G????O?CG????g?C?@G?K?G???????_C@?G?@?_O??G??_?A??OAO@O?@?C??@C??_G???C??_o?`?????A??A?A@A??Q???A?W?,[(53-56)-(49-59)-(44-46)-(43-58)-(41-52)-(38-50)-(37-45)-(36-47)-(31-48)-(29-40)-(27-42)-(26-55)-(25-54)-(21-35)-(19-30)-(18-57)-(15-24)-(14-39)-(13-32)-(12-33)-(11-28)-(10-23)-(9-20)-(8-34)-(6-17)-(4-7)-(3-22)-(2-51)-(1-5)-(0-16)],0.0002803802490234375,0.049420833587646484,7,True,7
{?h?@OA_??A???????pG?_??A_G???D???O?W??C_GoH@???_C?@????@??????@?@??_OO???_?B?A_?????@_?O?O_O??BOS?????A?G??_?I?????K@????`??O@?????_??@GG??_?A_??_C__@??OO??_G?@A????_O?C??S????AGA@??__O?o???OG?O?G????O?CG????g?C?@G?K?G???????_C@?G?@?_O??G??_?A??OAO@O?@?C??@C??_G???C??_o?`?????A??A?A@A??Q???A?W?,[(53-56)-(49-59)-(44-46)-(43-58)-(41-52)-(38-50)-(37-45)-(36-47)-(31-48)-(29-40)-(27-42)-(26-55)-(25-54)-(21-35)-(19-30)-(18-57)-(15-24)-(14-39)-(13-32)-(12-33)-(11-28)-(10-23)-(9-20)-(8-34)-(6-17)-(4-7)-(3-22)-(2-51)-(1-5)-(0-16)],0.00028228759765625,0.025670766830444336,4,True,4
{?h?@OA_??A???????pG?_??A_G???D???O?W??C_GoH@???_C?@????@??????@?@??_OO???_?B?A_?????@_?O?O_O??BOS?????A?G??_?I?????K@????`??O@?????_??@GG??_?A_??_C__@??OO??_G?@A????_O?C??S????AGA@??__O?o???OG?O?G????O?CG????g?C?@G?K?G???????_C@?G?@?_O??G??_?A??OAO@O?@?C??@C??_G???C??_o?`?????A??A?A@A??Q???A?W?,[(53-56)-(50-52)-(49-59)-(44-48)-(41-43)-(38-40)-(37-45)-(36-47)-(31-58)-(29-46)-(27-42)-(26-55)-(25-54)-(21-35)-(19-30)-(18-57)-(15-24)-(14-39)-(13-32)-(12-33)-(11-28)-(10-23)-(9-20)-(8-34)-(6-17)-(4-7)-(3-22)-(2-51)-(1-5)-(0-16)],0.0002903938293457031,0.03185892105102539,5,True,5
{?h?@OA_??A???????pG?_??A_G???D???O?W??C_GoH@???_C?@????@??????@?@??_OO???_?B?A_?????@_?O?O_O??BOS?????A?G??_?I?????K@????`??O@?????_??@GG??_?A_??_C__@??OO??_G?@A????_O?C??S????AGA@??__O?o???OG?O?G????O?CG????g?C?@G?K?G???????_C@?G?@?_O??G??_?A??OAO@O?@?C??@C??_G???C??_o?`?????A??A?A@A??Q???A?W?,[(53-56)-(50-52)-(49-59)-(44-48)-(41-43)-(38-40)-(37-45)-(36-47)-(31-58)-(29-46)-(27-42)-(26-55)-(25-54)-(21-35)-(19-30)-(18-57)-(15-24)-(14-39)-(13-32)-(12-33)-(11-28)-(10-23)-(9-20)-(8-34)-(6-17)-(4-7)-(3-22)-(2-51)-(1-5)-(0-16)],0.0002770423889160156,0.012926816940307617,2,True,2
{?h?@OA_??A???????pG?_??A_G???D???O?W??C_GoH@???_C?@????@??????@?@??_OO???_?B?A_?????@_?O?O_O??BOS?????A?G??_?I?????K@????`??O@?????_??@GG??_?A_??_C__@??OO??_G?@A????_O?C??S????AGA@??__O?o???OG?O?G????O?CG????g?C?@G?K?G???????_C@?G?@?_O??G??_?A??OAO@O?@?C??@C??_G???C??_o?`?????A??A?A@A??Q???A?W?,[(53-56)-(50-52)-(48-59)-(44-49)-(41-43)-(38-40)-(37-45)-(36-47)-(31-58)-(29-46)-(27-42)-(26-55)-(25-54)-(21-35)-(19-30)-(18-57)-(15-24)-(14-39)-(13-32)-(12-33)-(11-28)-(10-23)-(9-20)-(8-34)-(6-17)-(4-7)-(3-22)-(2-51)-(1-5)-(0-16)],0.00028705596923828125,0.02399897575378418,4,True,4
{?h?@OA_??A???????pG?_??A_G???D???O?W??C_GoH@???_C?@????@??????@?@??_OO???_?B?A_?????@_?O?O_O??BOS?????A?G??_?I?????K@????`??O@?????_??@GG??_?A_??_C__@??OO??_G?@A????_O?C??S????AGA@??__O?o???OG?O?G????O?CG????g?C?@G?K?G???????_C@?G?@?_O??G??_?A??OAO@O?@?C??@C??_G???C??_o?`?????A??A?A@A??Q???A?W?,[(53-56)-(50-52)-(48-59)-(44-49)-(41-43)-(38-40)-(37-45)-(36-47)-(31-58)-(29-46)-(27-42)-(26-55)-(25-54)-(21-35)-(19-30)-(18-57)-(15-24)-(14-39)-(13-32)-(12-33)-(11-28)-(10-23)-(9-20)-(8-34)-(6-17)-(4-7)-(3-22)-(2-51)-(1-5)-(0-16)],0.00032830238342285156,0.03241896629333496,5,True,5
{?h?@OA_??A???????pG?_??A_G???D???O?W??C_GoH@???_C?@????@??????@?@??_OO???_?B?A_?????@_?O?O_O??BOS?????A?G??_?I?????K@????`??O@?????_??@GG??_?A_??_C__@??OO??_G?@A????_O?C??S????AGA@??__O?o???OG?O?G????O?CG????g?C?@G?K?G???????_C@?G?@?_O??G??_?A??OAO@O?@?C??@C??_G???C??_o?`?????A??A?A@A??Q???A?W?,[(55-58)-(53-56)-(50-52)-(49-59)-(44-46)-(41-43)-(38-42)-(37-45)-(36-47)-(31-48)-(29-40)-(26-27)-(25-54)-(21-35)-(19-30)-(18-57)-(15-24)-(14-39)-(13-32)-(12-33)-(11-28)-(10-23)-(9-20)-(8-34)-(6-17)-(4-7)-(3-22)-(2-51)-(1-5)-(0-16)],0.00028252601623535156,0.013507366180419922,2,True,2
{?h?@OA_??A???????pG?_??A_G???D???O?W??C_GoH@???_C?@????@??????@?@??_OO???_?B?A_?????@_?O?O_O??BOS?????A?G??_?I?????K@????`??O@?????_??@GG??_?A_??_C__@??OO??_G?@A????_O?C??S????AGA@??__O?o???OG?O?G????O?CG????g?C?@G?K?G???????_C@?G?@?_O??G??_?A??OAO@O?@?C??@C??_G???C??_o?`?????A??A?A@A??Q???A?W?,[(55-58)-(53-56)-(50-52)-(49-59)-(44-46)-(41-43)-(38-42)-(37-45)-(36-47)-(31-48)-(29-40)-(26-27)-(25-54)-(21-35)-(19-30)-(18-57)-(15-24)-(14-39)-(13-32)-(12-33)-(11-28)-(10-23)-(9-20)-(8-34)-(6-17)-(4-7)-(3-22)-(2-51)-(1-5)-(0-16)],0.00028514862060546875,0.02514505386352539,4,True,4
{?h?@OA_??A???????pG?_??A_G???D???O?W??C_GoH@???_C?@????@??????@?@??_OO???_?B?A_?????@_?O?O_O??BOS?????A?G??_?I?????K@????`??O@?????_??@GG??_?A_??_C__@??OO??_G?@A????_O?C??S????AGA@??__O?o???OG?O?G????O?CG????g?C?@G?K?G???????_C@?G?@?_O??G??_?A??OAO@O?@?C??@C??_G???C??_o?`?????A??A?A@A??Q???A?W?,[(53-56)-(52-54)-(49-59)-(44-48)-(41-43)-(38-50)-(37-45)-(36-47)-(31-58)-(29-40)-(27-42)-(26-55)-(25-46)-(21-35)-(19-30)-(18-57)-(15-24)-(14-39)-(13-32)-(12-33)-(11-28)-(10-23)-(9-20)-(8-34)-(6-17)-(4-7)-(3-22)-(2-51)-(1-5)-(0-16)],0.0003082752227783203,0.013147830963134766,2,True,2
{?h?@OA_??A???????pG?_??A_G???D???O?W??C_GoH@???_C?@????@??????@?@??_OO???_?B?A_?????@_?O?O_O??BOS?????A?G??_?I?????K@????`??O@?????_??@GG??_?A_??_C__@??OO??_G?@A????_O?C??S????AGA@??__O?o???OG?O?G????O?CG????g?C?@G?K?G???????_C@?G?@?_O??G??_?A??OAO@O?@?C??@C??_G???C??_o?`?????A??A?A@A??Q???A?W?,[(53-56)-(52-54)-(49-59)-(44-48)-(41-43)-(38-50)-(37-45)-(36-47)-(31-58)-(29-40)-(27-42)-(26-55)-(25-46)-(21-35)-(19-30)-(18-57)-(15-24)-(14-39)-(13-32)-(12-33)-(11-28)-(10-23)-(9-20)-(8-34)-(6-17)-(4-7)-(3-22)-(2-51)-(1-5)-(0-16)],0.00028514862060546875,0.018729209899902344,3,True,3
{?h?@OA_??A???????pG?_??A_G???D???O?W??C_GoH@???_C?@????@??????@?@??_OO???_?B?A_?????@_?O?O_O??BOS?????A?G??_?I?????K@????`??O@?????_??@GG??_?A_??_C__@??OO??_G?@A????_O?C??S????AGA@??__O?o???OG?O?G????O?CG????g?C?@G?K?G???????_C@?G?@?_O??G??_?A??OAO@O?@?C??@C??_G???C??_o?`?????A??A?A@A??Q???A?W?,[(53-56)-(52-54)-(48-59)-(44-49)-(41-43)-(38-50)-(37-45)-(36-47)-(31-58)-(29-40)-(27-42)-(26-55)-(25-46)-(21-35)-(19-30)-(18-57)-(15-24)-(14-39)-(13-32)-(12-33)-(11-28)-(10-23)-(9-20)-(8-34)-(6-17)-(4-7)-(3-22)-(2-51)-(1-5)-(0-16)],0.0002815723419189453,0.00790548324584961,1,True,1
{?h?@OA_??A???????pG?_??A_G???D???O?W??C_GoH@???_C?@????@??????@?@??_OO???_?B?A_?????@_?O?O_O??BOS?????A?G??_?I?????K@????`??O@?????_??@GG??_?A_??_C__@??OO??_G?@A????_O?C??S????AGA@??__O?o???OG?O?G????O?CG????g?C?@G?K?G???????_C@?G?@?_O??G??_?A??OAO@O?@?C??@C??_G???C??_o?`?????A??A?A@A??Q???A?W?,[(53-56)-(52-54)-(48-59)-(44-49)-(41-43)-(38-50)-(37-45)-(36-47)-(31-58)-(29-40)-(27-42)-(26-55)-(25-46)-(21-35)-(19-30)-(18-57)-(15-24)-(14-39)-(13-32)-(12-33)-(11-28)-(10-23)-(9-20)-(8-34)-(6-17)-(4-7)-(3-22)-(2-51)-(1-5)-(0-16)],0.0003101825714111328,0.007853031158447266,1,True,1
{??_??GDA???????O???????_?A??C?B@@?C???O?????_ABO????Oa?H??@G?G_???@G_O???C?_?cS?A??AGO?G@G?AG__????@?C????G_?a??C??@?O?CA?OA?C_??O?@A??A?@CA???O?K???AG??GO?S?A_???@Ga??G?@????G?A??a?A?G??O?O?AA?OA??O?G????@OO??`??_OO??????@OH???@??__?C??HB??O???@??C?OC@@?????AP?C??O??A?@A?OO?_A_O???A??AO?_???AO,[(51-56)-(41-42)-(40-44)-(31-46)-(29-57)-(27-30)-(26-28)-(25-47)-(24-55)-(23-59)-(22-43)-(21-38)-(20-45)-(16-54)-(15-58)-(14-53)-(13-49)-(12-39)-(11-52)-(10-50)-(9-37)-(8-36)-(7-48)-(6-32)-(5-33)-(4-35)-(3-34)-(2-17)-(1-18)-(0-19)],0.0002751350402832031,0.014071941375732422,2,True,2
{??_??GDA???????O???????_?A??C?B@@?C???O?????_ABO????Oa?H??@G?G_???@G_O???C?_?cS?A??AGO?G@G?AG__????@?C????G_?a??C??@?O?CA?OA?C_??O?@A??A?@CA???O?K???AG??GO?S?A_???@Ga??G?@????G?A??a?A?G??O?O?AA?OA??O?G????@OO??`??_OO??????@OH???@??__?C??HB??O???@??C?OC@@?????AP?C??O??A?@A?OO?_A_O???A??AO?_???AO,[(51-56)-(41-42)-(40-44)-(31-46)-(29-57)-(27-30)-(26-28)-(25-47)-(24-55)-(23-59)-(22-43)-(21-38)-(20-45)-(16-54)-(15-58)-(14-53)-(13-49)-(12-39)-(11-52)-(10-50)-(9-37)-(8-36)-(7-48)-(6-32)-(5-33)-(4-35)-(3-34)-(2-17)-(1-18)-(0-19)],0.00029015541076660156,0.00874781608581543,1,True,1
{??_??GDA???????O???????_?A??C?B@@?C???O?????_ABO????Oa?H??@G?G_???@G_O???C?_?cS?A??AGO?G@G?AG__????@?C????G_?a??C??@?O?CA?OA?C_??O?@A??A?@CA???O?K???AG??GO?S?A_???@Ga??G?@????G?A??a?A?G??O?O?AA?OA??O?G????@OO??`??_OO??????@OH???@??__?C??HB??O???@??C?OC@@?????AP?C??O??A?@A?OO?_A_O???A??AO?_???AO,[(51-56)-(41-42)-(40-44)-(31-46)-(30-38)-(29-57)-(26-28)-(25-47)-(24-55)-(23-59)-(22-43)-(21-27)-(20-45)-(16-54)-(15-58)-(14-53)-(13-49)-(12-39)-(11-52)-(10-50)-(9-37)-(8-36)-(7-48)-(6-32)-(5-33)-(4-35)-(3-34)-(2-17)-(1-18)-(0-19)],0.0003075599670410156,0.026043415069580078,4,True,4
{??_??GDA???????O???????_?A??C?B@@?C???O?????_ABO????Oa?H??@G?G_???@G_O???C?_?cS?A??AGO?G@G?AG__????@?C????G_?a??C??@?O?CA?OA?C_??O?@A??A?@CA???O?K???AG??GO?S?A_???@Ga??G?@????G?A??a?A?G??O?O?AA?OA??O?G????@OO??`??_OO??????@OH???@??__?C??HB??O???@??C?OC@@?????AP?C??O??A?@A?OO?_A_O???A??AO?_???AO,[(51-56)-(41-42)-(40-44)-(31-46)-(30-38)-(29-57)-(26-28)-(25-47)-(24-55)-(23-59)-(22-43)-(21-27)-(20-45)-(16-54)-(15-58)-(14-53)-(13-49)-(12-39)-(11-52)-(10-50)-(9-37)-(8-36)-(7-48)-(6-32)-(5-33)-(4-35)-(3-34)-(2-17)-(1-18)-(0-19)],0.0003409385681152344,0.007976531982421875,1,True,1
{??_??GDA???????O???????_?A??C?B@@?C???O?????_ABO????Oa?H??@G?G_???@G_O???C?_?cS?A??AGO?G@G?AG__????@?C????G_?a??C??@?O?CA?OA?C_??O?@A??A?@CA???O?K???AG??GO?S?A_???@Ga??G?@????G?A??a?A?G??O?O?AA?OA??O?G????@OO??`??_OO??????@OH???@??__?C??HB??O???@??C?OC@@?????AP?C??O??A?@A?OO?_A_O???A??AO?_???AO,[(51-56)-(44-54)-(41-42)-(31-46)-(29-57)-(27-30)-(26-28)-(25-47)-(24-55)-(23-59)-(22-43)-(21-38)-(20-45)-(16-40)-(15-58)-(14-53)-(13-49)-(12-39)-(11-52)-(10-50)-(9-37)-(8-36)-(7-48)-(6-32)-(5-33)-(4-35)-(3-34)-(2-17)-(1-18)-(0-19)],0.0002799034118652344,0.012798786163330078,2,True,2
{??_??GDA???????O???????_?A??C?B@@?C???O?????_ABO????Oa?H??@G?G_???@G_O???C?_?cS?A??AGO?G@G?AG__????@?C????G_?a??C??@?O?CA?OA?C_??O?@A??A?@CA???O?K???AG??GO?S?A_???@Ga??G?@????G?A??a?A?G??O?O?AA?OA??O?G????@OO??`??_OO??????@OH???@??__?C??HB??O???@??C?OC@@?????AP?C??O??A?@A?OO?_A_O???A??AO?_???AO,[(51-56)-(44-54)-(41-42)-(31-46)-(29-57)-(27-30)-(26-28)-(25-47)-(24-55)-(23-59)-(22-43)-(21-38)-(20-45)-(16-40)-(15-58)-(14-53)-(13-49)-(12-39)-(11-52)-(10-50)-(9-37)-(8-36)-(7-48)-(6-32)-(5-33)-(4-35)-(3-34)-(2-17)-(1-18)-(0-19)],0.00029921531677246094,0.018571138381958008,3,True,3
{??_??GDA???????O???????_?A??C?B@@?C???O?????_ABO????Oa?H??@G?G_???@G_O???C?_?cS?A??AGO?G@G?AG__????@?C????G_?a??C??@?O?CA?OA?C_??O?@A??A?@CA???O?K???AG??GO?S?A_???@Ga??G?@????G?A??a?A?G??O?O?AA?OA??O?G????@OO??`??_OO??????@OH???@??__?C??HB??O???@??C?OC@@?????AP?C??O??A?@A?OO?_A_O???A??AO?_???AO,[(51-56)-(44-54)-(41-42)-(31-46)-(30-38)-(29-57)-(26-28)-(25-47)-(24-55)-(23-59)-(22-43)-(21-27)-(20-45)-(16-40)-(15-58)-(14-53)-(13-49)-(12-39)-(11-52)-(10-50)-(9-37)-(8-36)-(7-48)-(6-32)-(5-33)-(4-35)-(3-34)-(2-17)-(1-18)-(0-19)],0.00027680397033691406,0.007922887802124023,1,True,1
{??_??GDA???????O???????_?A??C?B@@?C???O?????_ABO????Oa?H??@G?G_???@G_O???C?_?cS?A??AGO?G@G?AG__????@?C????G_?a??C??@?O?CA?OA?C_??O?@A??A?@CA???O?K???AG??GO?S?A_???@Ga??G?@????G?A??a?A?G??O?O?AA?OA??O?G????@OO??`??_OO??????@OH???@??__?C??HB??O???@??C?OC@@?????AP?C??O??A?@A?OO?_A_O???A??AO?_???AO,[(51-56)-(44-54)-(41-42)-(31-46)-(30-38)-(29-57)-(26-28)-(25-47)-(24-55)-(23-59)-(22-43)-(21-27)-(20-45)-(16-40)-(15-58)-(14-53)-(13-49)-(12-39)-(11-52)-(10-50)-(9-37)-(8-36)-(7-48)-(6-32)-(5-33)-(4-35)-(3-34)-(2-17)-(1-18)-(0-19)],0.0003261566162109375,0.0036237239837646484,0,True,0
{??_??GDA???????O???????_?A??C?B@@?C???O?????_ABO????Oa?H??@G?G_???@G_O???C?_?cS?A??AGO?G@G?AG__????@?C????G_?a??C??@?O?CA?OA?C_??O?@A??A?@CA???O?K???AG??GO?S?A_???@Ga??G?@????G?A??a?A?G??O?O?AA?OA??O?G????@OO??`??_OO??????@OH???@??__?C??HB??O???@??C?OC@@?????AP?C??O??A?@A?OO?_A_O???A??AO?_???AO,[(54-59)-(51-56)-(41-42)-(40-44)-(31-46)-(29-53)-(27-30)-(26-28)-(25-47)-(24-55)-(22-43)-(21-23)-(20-45)-(16-57)-(15-58)-(14-38)-(13-49)-(12-39)-(11-52)-(10-50)-(9-37)-(8-36)-(7-48)-(6-32)-(5-33)-(4-35)-(3-34)-(2-17)-(1-18)-(0-19)],0.0002994537353515625,0.008338689804077148,1,True,1
{??_??GDA???????O???????_?A??C?B@@?C???O?????_ABO????Oa?H??@G?G_???@G_O???C?_?cS?A??AGO?G@G?AG__????@?C????G_?a??C??@?O?CA?OA?C_??O?@A??A?@CA???O?K???AG??GO?S?A_???@Ga??G?@????G?A??a?A?G??O?O?AA?OA??O?G????@OO??`??_OO??????@OH???@??__?C??HB??O???@??C?OC@@?????AP?C??O??A?@A?OO?_A_O???A??AO?_???AO,[(54-59)-(51-56)-(41-42)-(40-44)-(31-46)-(29-53)-(27-30)-(26-28)-(25-47)-(24-55)-(22-43)-(21-23)-(20-45)-(16-57)-(15-58)-(14-38)-(13-49)-(12-39)-(11-52)-(10-50)-(9-37)-(8-36)-(7-48)-(6-32)-(5-33)-(4-35)-(3-34)-(2-17)-(1-18)-(0-19)],0.0002865791320800781,0.01865673065185547,3,True,3
{??_??GDA???????O???????_?A??C?B@@?C???O?????_ABO????Oa?H??@G?G_???@G_O???C?_?cS?A??AGO?G@G?AG__????@?C????G_?a??C??@?O?CA?OA?C_??O?@A??A?@CA???O?K???AG??GO?S?A_???@Ga??G?@????G?A??a?A?G??O?O?AA?OA??O?G????@OO??`??_OO??????@OH???@??__?C??HB??O???@??C?OC@@?????AP?C??O??A?@A?OO?_A_O???A??AO?_???AO,[(51-56)-(43-57)-(41-42)-(40-44)-(31-46)-(29-53)-(26-28)-(25-47)-(24-55)-(23-59)-(22-58)-(21-27)-(20-45)-(16-54)-(15-30)-(14-38)-(13-49)-(12-39)-(11-52)-(10-50)-(9-37)-(8-36)-(7-48)-(6-32)-(5-33)-(4-35)-(3-34)-(2-17)-(1-18)-(0-19)],0.0003421306610107422,0.03461098670959473,5,True,5
{??_??GDA???????O???????_?A??C?B@@?C???O?????_ABO????Oa?H??@G?G_???@G_O???C?_?cS?A??AGO?G@G?AG__????@?C????G_?a??C??@?O?CA?OA?C_??O?@A??A?@CA???O?K???AG??GO?S?A_???@Ga??G?@????G?A??a?A?G??O?O?AA?OA??O?G????@OO??`??_OO??????@OH???@??__?C??HB??O???@??C?OC@@?????AP?C??O??A?@A?OO?_A_O???A??AO?_???AO,[(51-56)-(43-57)-(41-42)-(40-44)-(31-46)-(29-53)-(26-28)-(25-47)-(24-55)-(23-59)-(22-58)-(21-27)-(20-45)-(16-54)-(15-30)-(14-38)-(13-49)-(12-39)-(11-52)-(10-50)-(9-37)-(8-36)-(7-48)-(6-32)-(5-33)-(4-35)-(3-34)-(2-17)-(1-18)-(0-19)],0.00028824806213378906,0.007848024368286133,1,True,1
{??_??GDA???????O???????_?A??C?B@@?C???O?????_ABO????Oa?H??@G?G_???@G_O???C?_?cS?A??AGO?G@G?AG__????@?C????G_?a??C??@?O?CA?OA?C_??O?@A??A?@CA???O?K???AG??GO?S?A_???@Ga??G?@????G?A??a?A?G??O?O?AA?OA??O?G????@OO??`??_OO??????@OH???@??__?C??HB??O???@??C?OC@@?????AP?C??O??A?@A?OO?_A_O???A??AO?_???AO,[(51-56)-(44-54)-(43-57)-(41-42)-(31-46)-(29-53)-(26-28)-(25-47)-(24-55)-(23-59)-(22-58)-(21-27)-(20-45)-(16-40)-(15-30)-(14-38)-(13-49)-(12-39)-(11-52)-(10-50)-(9-37)-(8-36)-(7-48)-(6-32)-(5-33)-(4-35)-(3-34)-(2-17)-(1-18)-(0-19)],0.0003037452697753906,0.008239984512329102,1,True,1
{??_??GDA???????O???????_?A??C?B@@?C???O?????_ABO????Oa?H??@G?G_???@G_O???C?_?cS?A??AGO?G@G?AG__????@?C????G_?a??C??@?O?CA?OA?C_??O?@A??A?@CA???O?K???AG??GO?S?A_???@Ga??G?@????G?A??a?A?G??O?O?AA?OA??O?G????@OO??`??_OO??????@OH???@??__?C??HB??O???@??C?OC@@?????AP?C??O??A?@A?OO?_A_O???A??AO?_???AO,[(51-56)-(44-54)-(43-57)-(41-42)-(31-46)-(29-53)-(26-28)-(25-47)-(24-55)-(23-59)-(22-58)-(21-27)-(20-45)-(16-40)-(15-30)-(14-38)-(13-49)-(12-39)-(11-52)-(10-50)-(9-37)-(8-36)-(7-48)-(6-32)-(5-33)-(4-35)-(3-34)-(2-17)-(1-18)-(0-19)],0.0002856254577636719,0.02523636817932129,4,True,4
{??_??GDA???????O???????_?A??C?B@@?C???O?????_ABO????Oa?H??@G?G_???@G_O???C?_?cS?A??AGO?G@G?AG__????@?C????G_?a??C??@?O?CA?OA?C_??O?@A??A?@CA???O?K???AG??GO?S?A_???@Ga??G?@????G?A??a?A?G??O?O?AA?OA??O?G????@OO??`??_OO??????@OH???@??__?C??HB??O???@??C?OC@@?????AP?C??O??A?@A?OO?_A_O???A??AO?_???AO,[(54-59)-(43-57)-(41-42)-(40-44)-(31-46)-(29-53)-(27-30)-(26-28)-(25-56)-(24-55)-(22-58)-(21-23)-(20-45)-(16-51)-(15-47)-(14-38)-(13-49)-(12-39)-(11-52)-(10-50)-(9-37)-(8-36)-(7-48)-(6-32)-(5-33)-(4-35)-(3-34)-(2-17)-(1-18)-(0-19)],0.00028228759765625,0.01281595230102539,2,True,2
{??_??GDA???????O???????_?A??C?B@@?C???O?????_ABO????Oa?H??@G?G_???@G_O???C?_?cS?A??AGO?G@G?AG__????@?C????G_?a??C??@?O?CA?OA?C_??O?@A??A?@CA???O?K???AG??GO?S?A_???@Ga??G?@????G?A??a?A?G??O?O?AA?OA??O?G????@OO??`??_OO??????@OH???@??__?C??HB??O???@??C?OC@@?????AP?C??O??A?@A?OO?_A_O???A??AO?_???AO,[(54-59)-(43-57)-(41-42)-(40-44)-(31-46)-(29-53)-(27-30)-(26-28)-(25-56)-(24-55)-(22-58)-(21-23)-(20-45)-(16-51)-(15-47)-(14-38)-(13-49)-(12-39)-(11-52)-(10-50)-(9-37)-(8-36)-(7-48)-(6-32)-(5-33)-(4-35)-(3-34)-(2-17)-(1-18)-(0-19)],0.0002872943878173828,0.04033255577087402,6,True,6
{??_??GDA???????O???????_?A??C?B@@?C???O?????_ABO????Oa?H??@G?G_???@G_O???C?_?cS?A??AGO?G@G?AG__????@?C????G_?a??C??@?O?CA?OA?C_??O?@A??A?@CA???O?K???AG??GO?S?A_???@Ga??G?@????G?A??a?A?G??O?O?AA?OA??O?G????@OO??`??_OO??????@OH???@??__?C??HB??O???@??C?OC@@?????AP?C??O??A?@A?OO?_A_O???A??AO?_???AO,[(51-59)-(43-57)-(41-42)-(40-44)-(31-46)-(29-53)-(27-30)-(26-28)-(25-56)-(24-55)-(22-58)-(21-23)-(20-45)-(16-54)-(15-47)-(14-38)-(13-49)-(12-39)-(11-52)-(10-50)-(9-37)-(8-36)-(7-48)-(6-32)-(5-33)-(4-35)-(3-34)-(2-17)-(1-18)-(0-19)],0.0002849102020263672,0.007842302322387695,1,True,1
{??_??GDA???????O???????_?A??C?B@@?C???O?????_ABO????Oa?H??@G?G_???@G_O???C?_?cS?A??AGO?G@G?AG__????@?C????G_?a??C??@?O?CA?OA?C_??O?@A??A?@CA???O?K???AG??GO?S?A_???@Ga??G?@????G?A??a?A?G??O?O?AA?OA??O?G????@OO??`??_OO??????@OH???@??__?C??HB??O???@??C?OC@@?????AP?C??O??A?@A?OO?_A_O???A??AO?_???AO,[(51-59)-(43-57)-(41-42)-(40-44)-(31-46)-(29-53)-(27-30)-(26-28)-(25-56)-(24-55)-(22-58)-(21-23)-(20-45)-(16-54)-(15-47)-(14-38)-(13-49)-(12-39)-(11-52)-(10-50)-(9-37)-(8-36)-(7-48)-(6-32)-(5-33)-(4-35)-(3-34)-(2-17)-(1-18)-(0-19)],0.0002837181091308594,0.025257110595703125,4,True,4
{??_??GDA???????O???????_?A??C?B@@?C???O?????_ABO????Oa?H??@G?G_???@G_O???C?_?cS?A??AGO?G@G?AG__????@?C????G_?a??C??@?O?CA?OA?C_??O?@A??A?@CA???O?K???AG??GO?S?A_???@Ga??G?@????G?A??a?A?G??O?O?AA?OA??O?G????@OO??`??_OO??????@OH???@??__?C??HB??O???@??C?OC@@?????AP?C??O??A?@A?OO?_A_O???A??AO?_???AO,[(51-59)-(44-54)-(43-57)-(41-42)-(31-46)-(29-53)-(27-30)-(26-28)-(25-56)-(24-55)-(22-58)-(21-23)-(20-45)-(16-40)-(15-47)-(14-38)-(13-49)-(12-39)-(11-52)-(10-50)-(9-37)-(8-36)-(7-48)-(6-32)-(5-33)-(4-35)-(3-34)-(2-17)-(1-18)-(0-19)],0.0002770423889160156,0.02494978904724121,4,True,4
{??_??GDA???????O???????_?A??C?B@@?C???O?????_ABO????Oa?H??@G?G_???@G_O???C?_?cS?A??AGO?G@G?AG__????@?C????G_?a??C??@?O?CA?OA?C_??O?@A??A?@CA???O?K???AG??GO?S?A_???@Ga??G?@????G?A??a?A?G??O?O?AA?OA??O?G????@OO??`??_OO??????@OH???@??__?C??HB??O???@??C?OC@@?????AP?C??O??A?@A?OO?_A_O???A??AO?_???AO,[(51-59)-(44-54)-(43-57)-(41-42)-(31-46)-(29-53)-(27-30)-(26-28)-(25-56)-(24-55)-(22-58)-(21-23)-(20-45)-(16-40)-(15-47)-(14-38)-(13-49)-(12-39)-(11-52)-(10-50)-(9-37)-(8-36)-(7-48)-(6-32)-(5-33)-(4-35)-(3-34)-(2-17)-(1-18)-(0-19)],0.00027489662170410156,0.013017654418945312,2,True,2
{P_???D??OGo??C?@???AA????O??CC??????H?_?@??__?O???@oI????_??O?CA??GC_??????CD__??CO??@?_???G?A???OK???@?C??a@???G?C?A?G?Q?AP??@??A?co??????CK??CA?c?O??AO?O??_?????S?H?DO???A?c?@???Q?????gC?a?G??_???AO_?C??AK???@??????@?J????G?S@?C?Q?CC??AA??K????@??C?@?G@????o??O?@??GQ?@????G?O??b??O?AA???_???W,[(56-57)-(44-47)-(39-43)-(35-55)-(32-51)-(31-52)-(29-53)-(28-42)-(27-30)-(26-46)-(24-49)-(22-41)-(20-33)-(19-45)-(18-54)-(15-17)-(14-25)-(13-40)-(12-36)-(11-21)-(10-58)-(9-50)-(8-37)-(7-38)-(6-48)-(5-23)-(4-16)-(3-59)-(1-34)-(0-2)],0.0002875328063964844,0.013283729553222656,2,True,2
{P_???D??OGo??C?@???AA????O??CC??????H?_?@??__?O???@oI????_??O?CA??GC_??????CD__??CO??@?_???G?A???OK???@?C??a@???G?C?A?G?Q?AP??@??A?co??????CK??CA?c?O??AO?O??_?????S?H?DO???A?c?@???Q?????gC?a?G??_???AO_?C??AK???@??????@?J????G?S@?C?Q?CC??AA??K????@??C?@?G@????o??O?@??GQ?@????G?O??b??O?AA???_???W,[(56-57)-(44-47)-(39-43)-(35-55)-(32-51)-(31-52)-(29-53)-(28-42)-(27-30)-(26-46)-(24-49)-(22-41)-(20-33)-(19-45)-(18-54)-(15-17)-(14-25)-(13-40)-(12-36)-(11-21)-(10-58)-(9-50)-(8-37)-(7-38)-(6-48)-(5-23)-(4-16)-(3-59)-(1-34)-(0-2)],0.00029087066650390625,0.018576383590698242,3,True,3
{P_???D??OGo??C?@???AA????O??CC??????H?_?@??__?O???@oI????_??O?CA??GC_??????CD__??CO??@?_???G?A???OK???@?C??a@???G?C?A?G?Q?AP??@??A?co??????CK??CA?c?O??AO?O??_?????S?H?DO???A?c?@???Q?????gC?a?G??_???AO_?C??AK???@??????@?J????G?S@?C?Q?CC??AA??K????@??C?@?G@????o??O?@??GQ?@????G?O??b??O?AA???_???W,[(56-57)-(44-55)-(39-43)-(35-47)-(32-51)-(31-52)-(29-53)-(28-42)-(27-30)-(26-46)-(24-49)-(22-41)-(20-33)-(19-45)-(18-54)-(15-17)-(14-25)-(13-40)-(12-36)-(11-21)-(10-58)-(9-50)-(8-37)-(7-38)-(6-48)-(5-23)-(4-16)-(3-59)-(1-34)-(0-2)],0.0002853870391845703,0.02360844612121582,3,True,3
{P_???D??OGo??C?@???AA????O??CC??????H?_?@??__?O???@oI????_??O?CA??GC_??????CD__??CO??@?_???G?A???OK???@?C??a@???G?C?A?G?Q?AP??@??A?co??????CK??CA?c?O??AO?O??_?????S?H?DO???A?c?@???Q?????gC?a?G??_???AO_?C??AK???@??????@?J????G?S@?C?Q?CC??AA??K????@??C?@?G@????o??O?@??GQ?@????G?O??b??O?AA???_???W,[(56-57)-(44-55)-(39-43)-(35-47)-(32-51)-(31-52)-(29-53)-(28-42)-(27-30)-(26-46)-(24-49)-(22-41)-(20-33)-(19-45)-(18-54)-(15-17)-(14-25)-(13-40)-(12-36)-(11-21)-(10-58)-(9-50)-(8-37)-(7-38)-(6-48)-(5-23)-(4-16)-(3-59)-(1-34)-(0-2)],0.00030422210693359375,0.012825489044189453,2,True,2
{P_???D??OGo??C?@???AA????O??CC??????H?_?@??__?O???@oI????_??O?CA??GC_??????CD__??CO??@?_???G?A???OK???@?C??a@???G?C?A?G?Q?AP??@??A?co??????CK??CA?c?O??AO?O??_?????S?H?DO???A?c?@???Q?????gC?a?G??_???AO_?C??AK???@??????@?J????G?S@?C?Q?CC??AA??K????@??C?@?G@????o??O?@??GQ?@????G?O??b??O?AA???_???W,[(56-57)-(44-47)-(41-52)-(39-49)-(35-55)-(32-51)-(29-53)-(28-42)-(27-30)-(26-46)-(24-31)-(22-43)-(20-33)-(19-45)-(18-54)-(15-17)-(14-25)-(13-40)-(12-36)-(11-21)-(10-58)-(9-50)-(8-37)-(7-38)-(6-48)-(5-23)-(4-16)-(3-59)-(1-34)-(0-2)],0.0003712177276611328,0.025625944137573242,4,True,4
{P_???D??OGo??C?@???AA????O??CC??????H?_?@??__?O???@oI????_??O?CA??GC_??????CD__??CO??@?_???G?A???OK???@?C??a@???G?C?A?G?Q?AP??@??A?co??????CK??CA?c?O??AO?O??_?????S?H?DO???A?c?@???Q?????gC?a?G??_???AO_?C??AK???@??????@?J????G?S@?C?Q?CC??AA??K????@??C?@?G@????o??O?@??GQ?@????G?O??b??O?AA???_???W,[(56-57)-(44-47)-(41-52)-(39-49)-(35-55)-(32-51)-(29-53)-(28-42)-(27-30)-(26-46)-(24-31)-(22-43)-(20-33)-(19-45)-(18-54)-(15-17)-(14-25)-(13-40)-(12-36)-(11-21)-(10-58)-(9-50)-(8-37)-(7-38)-(6-48)-(5-23)-(4-16)-(3-59)-(1-34)-(0-2)],0.00029397010803222656,0.007929325103759766,1,True,1
{P_???D??OGo??C?@???AA????O??CC??????H?_?@??__?O???@oI????_??O?CA??GC_??????CD__??CO??@?_???G?A???OK???@?C??a@???G?C?A?G?Q?AP??@??A?co??????CK??CA?c?O??AO?O??_?????S?H?DO???A?c?@???Q?????gC?a?G??_???AO_?C??AK???@??????@?J????G?S@?C?Q?CC??AA??K????@??C?@?G@????o??O?@??GQ?@????G?O??b??O?AA???_???W,[(56-57)-(44-55)-(41-52)-(39-49)-(35-47)-(32-51)-(29-53)-(28-42)-(27-30)-(26-46)-(24-31)-(22-43)-(20-33)-(19-45)-(18-54)-(15-17)-(14-25)-(13-40)-(12-36)-(11-21)-(10-58)-(9-50)-(8-37)-(7-38)-(6-48)-(5-23)-(4-16)-(3-59)-(1-34)-(0-2)],0.0002951622009277344,0.032685279846191406,5,True,5
{P_???D??OGo??C?@???AA????O??CC??????H?_?@??__?O???@oI????_??O?CA??GC_??????CD__??CO??@?_???G?A???OK???@?C??a@???G?C?A?G?Q?AP??@??A?co??????CK??CA?c?O??AO?O??_?????S?H?DO???A?c?@???Q?????gC?a?G??_???AO_?C??AK???@??????@?J????G?S@?C?Q?CC??AA??K????@??C?@?G@????o??O?@??GQ?@????G?O??b??O?AA???_???W,[(56-57)-(44-55)-(41-52)-(39-49)-(35-47)-(32-51)-(29-53)-(28-42)-(27-30)-(26-46)-(24-31)-(22-43)-(20-33)-(19-45)-(18-54)-(15-17)-(14-25)-(13-40)-(12-36)-(11-21)-(10-58)-(9-50)-(8-37)-(7-38)-(6-48)-(5-23)-(4-16)-(3-59)-(1-34)-(0-2)],0.0002856254577636719,0.02543354034423828,4,True,4
{P_???D??OGo??C?@???AA????O??CC??????H?_?@??__?O???@oI????_??O?CA??GC_??????CD__??CO??@?_???G?A???OK???@?C??a@???G?C?A?G?Q?AP??@??A?co??????CK??CA?c?O??AO?O??_?????S?H?DO???A?c?@???Q?????gC?a?G??_???AO_?C??AK???@??????@?J????G?S@?C?Q?CC??AA??K????@??C?@?G@????o??O?@??GQ?@????G?O??b??O?AA???_???W,[(56-57)-(44-47)-(39-43)-(35-55)-(32-51)-(31-52)-(29-53)-(27-28)-(26-46)-(24-49)-(22-41)-(20-33)-(19-45)-(18-30)-(17-54)-(15-42)-(14-25)-(13-40)-(12-36)-(11-21)-(10-58)-(9-50)-(8-37)-(7-38)-(6-48)-(5-23)-(4-16)-(3-59)-(1-34)-(0-2)],0.0003008842468261719,0.00838017463684082,1,True,1
{P_???D??OGo??C?@???AA????O??CC??????H?_?@??__?O???@oI????_??O?CA??GC_??????CD__??CO??@?_???G?A???OK???@?C??a@???G?C?A?G?Q?AP??@??A?co??????CK??CA?c?O??AO?O??_?????S?H?DO???A?c?@???Q?????gC?a?G??_???AO_?C??AK???@??????@?J????G?S@?C?Q?CC??AA??K????@??C?@?G@????o??O?@??GQ?@????G?O??b??O?AA???_???W,[(56-57)-(44-47)-(39-43)-(35-55)-(32-51)-(31-52)-(29-53)-(27-28)-(26-46)-(24-49)-(22-41)-(20-33)-(19-45)-(18-30)-(17-54)-(15-42)-(14-25)-(13-40)-(12-36)-(11-21)-(10-58)-(9-50)-(8-37)-(7-38)-(6-48)-(5-23)-(4-16)-(3-59)-(1-34)-(0-2)],0.00029969215393066406,0.013262271881103516,2,True,2
{P_???D??OGo??C?@???AA????O??CC??????H?_?@??__?O???@oI????_??O?CA??GC_??????CD__??CO??@?_???G?A???OK???@?C??a@???G?C?A?G?Q?AP??@??A?co??????CK??CA?c?O??AO?O??_?????S?H?DO???A?c?@???Q?????gC?a?G??_???AO_?C??AK???@??????@?J????G?S@?C?Q?CC??AA??K????@??C?@?G@????o??O?@??GQ?@????G?O??b??O?AA???_???W,[(56-57)-(44-55)-(39-43)-(35-47)-(32-51)-(31-52)-(29-53)-(27-28)-(26-46)-(24-49)-(22-41)-(20-33)-(19-45)-(18-30)-(17-54)-(15-42)-(14-25)-(13-40)-(12-36)-(11-21)-(10-58)-(9-50)-(8-37)-(7-38)-(6-48)-(5-23)-(4-16)-(3-59)-(1-34)-(0-2)],0.00029969215393066406,0.025473833084106445,4,True,4
{P_???D??OGo??C?@???AA????O??CC??????H?_?@??__?O???@oI????_??O?CA??GC_??????CD__??CO??@?_???G?A???OK???@?C??a@???G?C?A?G?Q?AP??@??A?co??????CK??CA?c?O??AO?O??_?????S?H?DO???A?c?@???Q?????gC?a?G??_???AO_?C??AK???@??????@?J????G?S@?C?Q?CC??AA??K????@??C?@?G@????o??O?@??GQ?@????G?O??b??O?AA???_???W,[(56-57)-(44-55)-(39-43)-(35-47)-(32-51)-(31-52)-(29-53)-(27-28)-(26-46)-(24-49)-(22-41)-(20-33)-(19-45)-(18-30)-(17-54)-(15-42)-(14-25)-(13-40)-(12-36)-(11-21)-(10-58)-(9-50)-(8-37)-(7-38)-(6-48)-(5-23)-(4-16)-(3-59)-(1-34)-(0-2)],0.0002918243408203125,0.013417482376098633,2,True,2
{P_???D??OGo??C?@???AA????O??CC??????H?_?@??__?O???@oI????_??O?CA??GC_??????CD__??CO??@?_???G?A???OK???@?C??a@???G?C?A?G?Q?AP??@??A?co??????CK??CA?c?O??AO?O??_?????S?H?DO???A?c?@???Q?????gC?a?G??_???AO_?C??AK???@??????@?J????G?S@?C?Q?CC??AA??K????@??C?@?G@????o??O?@??GQ?@????G?O??b??O?AA???_???W,[(56-57)-(44-47)-(41-52)-(39-49)-(35-55)-(32-51)-(29-53)-(28-31)-(26-46)-(24-27)-(22-43)-(20-33)-(19-45)-(18-30)-(17-54)-(15-42)-(14-25)-(13-40)-(12-36)-(11-21)-(10-58)-(9-50)-(8-37)-(7-38)-(6-48)-(5-23)-(4-16)-(3-59)-(1-34)-(0-2)],0.0003018379211425781,0.0036280155181884766,0,True,0
{P_???D??OGo??C?@???AA????O??CC??????H?_?@??__?O???@oI????_??O?CA??GC_??????CD__??CO??@?_???G?A???OK???@?C??a@???G?C?A?G?Q?AP??@??A?co??????CK??CA?c?O??AO?O??_?????S?H?DO???A?c?@???Q?????gC?a?G??_???AO_?C??AK???@??????@?J????G?S@?C?Q?CC??AA??K????@??C?@?G@????o??O?@??GQ?@????G?O??b??O?AA???_???W,[(56-57)-(44-47)-(41-52)-(39-49)-(35-55)-(32-51)-(29-53)-(28-31)-(26-46)-(24-27)-(22-43)-(20-33)-(19-45)-(18-30)-(17-54)-(15-42)-(14-25)-(13-40)-(12-36)-(11-21)-(10-58)-(9-50)-(8-37)-(7-38)-(6-48)-(5-23)-(4-16)-(3-59)-(1-34)-(0-2)],0.00028634071350097656,0.03272581100463867,5,True,5
{P_???D??OGo??C?@???AA????O??CC??????H?_?@??__?O???@oI????_??O?CA??GC_??????CD__??CO??@?_???G?A???OK???@?C??a@???G?C?A?G?Q?AP??@??A?co??????CK??CA?c?O??AO?O??_?????S?H?DO???A?c?@???Q?????gC?a?G??_???AO_?C??AK???@??????@?J????G?S@?C?Q?CC??AA??K????@??C?@?G@????o??O?@??GQ?@????G?O??b??O?AA???_???W,[(56-57)-(44-55)-(41-52)-(39-49)-(35-47)-(32-51)-(29-53)-(28-31)-(26-46)-(24-27)-(22-43)-(20-33)-(19-45)-(18-30)-(17-54)-(15-42)-(14-25)-(13-40)-(12-36)-(11-21)-(10-58)-(9-50)-(8-37)-(7-38)-(6-48)-(5-23)-(4-16)-(3-59)-(1-34)-(0-2)],0.00028014183044433594,0.012750387191772461,2,True,2
{P_???D??OGo??C?@???AA????O??CC??????H?_?@??__?O???@oI????_??O?CA??GC_??????CD__??CO??@?_???G?A???OK???@?C??a@???G?C?A?G?Q?AP??@??A?co??????CK??CA?c?O??AO?O??_?????S?H?DO???A?c?@???Q?????gC?a?G??_???AO_?C??AK???@??????@?J????G?S@?C?Q?CC??AA??K????@??C?@?G@????o??O?@??GQ?@????G?O??b??O?AA???_???W,[(56-57)-(44-55)-(41-52)-(39-49)-(35-47)-(32-51)-(29-53)-(28-31)-(26-46)-(24-27)-(22-43)-(20-33)-(19-45)-(18-30)-(17-54)-(15-42)-(14-25)-(13-40)-(12-36)-(11-21)-(10-58)-(9-50)-(8-37)-(7-38)-(6-48)-(5-23)-(4-16)-(3-59)-(1-34)-(0-2)],0.00028395652770996094,0.04034280776977539,5,True,5
{P_???D??OGo??C?@???AA????O??CC??????H?_?@??__?O???@oI????_??O?CA??GC_??????CD__??CO??@?_???G?A???OK???@?C??a@???G?C?A?G?Q?AP??@??A?co??????CK??CA?c?O??AO?O??_?????S?H?DO???A?c?@???Q?????gC?a?G??_???AO_?C??AK???@??????@?J????G?S@?C?Q?CC??AA??K????@??C?@?G@????o??O?@??GQ?@????G?O??b??O?AA???_???W,[(56-57)-(44-47)-(41-52)-(39-49)-(35-55)-(32-51)-(29-53)-(27-28)-(26-46)-(24-31)-(22-43)-(20-33)-(19-45)-(18-30)-(17-54)-(15-42)-(14-25)-(13-40)-(12-36)-(11-21)-(10-58)-(9-50)-(8-37)-(7-38)-(6-48)-(5-23)-(4-16)-(3-59)-(1-34)-(0-2)],0.0002970695495605469,0.03252601623535156,5,True,5
{P_???D??OGo??C?@???AA????O??CC??????H?_?@??__?O???@oI????_??O?CA??GC_??????CD__??CO??@?_???G?A???OK???@?C??a@???G?C?A?G?Q?AP??@??A?co??????CK??CA?c?O??AO?O??_?????S?H?DO???A?c?@???Q?????gC?a?G??_???AO_?C??AK???@??????@?J????G?S@?C?Q?CC??AA??K????@??C?@?G@????o??O?@??GQ?@????G?O??b??O?AA???_???W,[(56-57)-(44-47)-(41-52)-(39-49)-(35-55)-(32-51)-(29-53)-(27-28)-(26-46)-(24-31)-(22-43)-(20-33)-(19-45)-(18-30)-(17-54)-(15-42)-(14-25)-(13-40)-(12-36)-(11-21)-(10-58)-(9-50)-(8-37)-(7-38)-(6-48)-(5-23)-(4-16)-(3-59)-(1-34)-(0-2)],0.0002846717834472656,0.008020401000976562,1,True,1
{P_???D??OGo??C?@???AA????O??CC??????H?_?@??__?O???@oI????_??O?CA??GC_??????CD__??CO??@?_???G?A???OK???@?C??a@???G?C?A?G?Q?AP??@??A?co??????CK??CA?c?O??AO?O??_?????S?H?DO???A?c?@???Q?????gC?a?G??_???AO_?C??AK???@??????@?J????G?S@?C?Q?CC??AA??K????@??C?@?G@????o??O?@??GQ?@????G?O??b??O?AA???_???W,[(56-57)-(44-55)-(41-52)-(39-49)-(35-47)-(32-51)-(29-53)-(27-28)-(26-46)-(24-31)-(22-43)-(20-33)-(19-45)-(18-30)-(17-54)-(15-42)-(14-25)-(13-40)-(12-36)-(11-21)-(10-58)-(9-50)-(8-37)-(7-38)-(6-48)-(5-23)-(4-16)-(3-59)-(1-34)-(0-2)],0.0002779960632324219,0.032244205474853516,5,True,5
{P_???D??OGo??C?@???AA????O??CC??????H?_?@??__?O???@oI????_??O?CA??GC_??????CD__??CO??@?_???G?A???OK???@?C??a@???G?C?A?G?Q?AP??@??A?co??????CK??CA?c?O??AO?O??_?????S?H?DO???A?c?@???Q?????gC?a?G??_???AO_?C??AK???@??????@?J????G?S@?C?Q?CC??AA??K????@??C?@?G@????o??O?@??GQ?@????G?O??b??O?AA???_???W,[(56-57)-(44-55)-(41-52)-(39-49)-(35-47)-(32-51)-(29-53)-(27-28)-(26-46)-(24-31)-(22-43)-(20-33)-(19-45)-(18-30)-(17-54)-(15-42)-(14-25)-(13-40)-(12-36)-(11-21)-(10-58)-(9-50)-(8-37)-(7-38)-(6-48)-(5-23)-(4-16)-(3-59)-(1-34)-(0-2)],0.0002856254577636719,0.007867574691772461,1,True,1
{?O??AC????????@????????A?@??`A????_Ec?Ah_???D?G???C????J@???OM??O????C?B??@@????_?GGA???C?KO?a??WGOOCO???G??G?_?C???O_@G?G?__@???Cq????@???G@???CC?C??GA??DS???@AO?_O?@_?A?@?I?G?@???@@??C????O???AC?@@?O?G@?c??A?????G?????HA?O?B???AE???@???Q??a???C?d?O???A???AA??@?C?G???H??C?_O?__??A?S????So???C?,[(55-57)-(47-51)-(46-58)-(41-42)-(40-48)-(36-39)-(31-53)-(30-43)-(28-45)-(25-38)-(24-29)-(23-59)-(21-44)-(16-26)-(15-54)-(14-20)-(13-52)-(12-56)-(11-49)-(10-27)-(9-37)-(8-22)-(7-19)-(6-17)-(5-50)-(4-32)-(3-33)-(2-18)-(1-34)-(0-35)],0.000293731689453125,0.02533864974975586,3,True,3
{?O??AC????????@????????A?@??`A????_Ec?Ah_???D?G???C????J@???OM??O????C?B??@@????_?GGA???C?KO?a??WGOOCO???G??G?_?C???O_@G?G?__@???Cq????@???G@???CC?C??GA??DS???@AO?_O?@_?A?@?I?G?@???@@??C????O???AC?@@?O?G@?c??A?????G?????HA?O?B???AE???@???Q??a???C?d?O???A???AA??@?C?G???H??C?_O?__??A?S????So???C?,[(55-57)-(47-51)-(46-58)-(41-42)-(40-48)-(36-39)-(31-53)-(30-43)-(28-45)-(25-38)-(24-29)-(23-59)-(21-44)-(16-26)-(15-54)-(14-20)-(13-52)-(12-56)-(11-49)-(10-27)-(9-37)-(8-22)-(7-19)-(6-17)-(5-50)-(4-32)-(3-33)-(2-18)-(1-34)-(0-35)],0.0002923011779785156,0.018661975860595703,3,True,3
{?O??AC????????@????????A?@??`A????_Ec?Ah_???D?G???C????J@???OM??O????C?B??@@????_?GGA???C?KO?a??WGOOCO???G??G?_?C???O_@G?G?__@???Cq????@???G@???CC?C??GA??DS???@AO?_O?@_?A?@?I?G?@???@@??C????O???AC?@@?O?G@?c??A?????G?????HA?O?B???AE???@???Q??a???C?d?O???A???AA??@?C?G???H??C?_O?__??A?S????So???C?,[(55-57)-(47-51)-(46-58)-(41-42)-(40-48)-(31-53)-(30-36)-(28-45)-(26-43)-(25-38)-(24-29)-(21-44)-(20-59)-(16-23)-(15-54)-(14-39)-(13-52)-(12-56)-(11-49)-(10-27)-(9-37)-(8-22)-(7-19)-(6-17)-(5-50)-(4-32)-(3-33)-(2-18)-(1-34)-(0-35)],0.0002803802490234375,0.012748003005981445,1,True,1
{?O??AC????????@????????A?@??`A????_Ec?Ah_???D?G???C????J@???OM??O????C?B??@@????_?GGA???C?KO?a??WGOOCO???G??G?_?C???O_@G?G?__@???Cq????@???G@???CC?C??GA??DS???@AO?_O?@_?A?@?I?G?@???@@??C????O???AC?@@?O?G@?c??A?????G?????HA?O?B???AE???@???Q??a???C?d?O???A???AA??@?C?G???H??C?_O?__??A?S????So???C?,[(55-57)-(47-51)-(46-58)-(41-42)-(40-48)-(31-53)-(30-36)-(28-45)-(26-43)-(25-38)-(24-29)-(21-44)-(20-59)-(16-23)-(15-54)-(14-39)-(13-52)-(12-56)-(11-49)-(10-27)-(9-37)-(8-22)-(7-19)-(6-17)-(5-50)-(4-32)-(3-33)-(2-18)-(1-34)-(0-35)],0.0003230571746826172,0.03213238716125488,5,True,5
{?O??AC????????@????????A?@??`A????_Ec?Ah_???D?G???C????J@???OM??O????C?B??@@????_?GGA???C?KO?a??WGOOCO???G??G?_?C???O_@G?G?__@???Cq????@???G@???CC?C??GA??DS???@AO?_O?@_?A?@?I?G?@???@@??C????O???AC?@@?O?G@?c??A?????G?????HA?O?B???AE???@???Q??a???C?d?O???A???AA??@?C?G???H??C?_O?__??A?S????So???C?,[(55-57)-(47-51)-(46-58)-(41-42)-(40-48)-(31-53)-(30-43)-(28-45)-(25-38)-(24-29)-(23-59)-(21-44)-(20-36)-(16-26)-(15-54)-(14-39)-(13-52)-(12-56)-(11-49)-(10-27)-(9-37)-(8-22)-(7-19)-(6-17)-(5-50)-(4-32)-(3-33)-(2-18)-(1-34)-(0-35)],0.0002856254577636719,0.013115644454956055,2,True,2
{?O??AC????????@????????A?@??`A????_Ec?Ah_???D?G???C????J@???OM??O????C?B??@@????_?GGA???C?KO?a??WGOOCO???G??G?_?C???O_@G?G?__@???Cq????@???G@???CC?C??GA??DS???@AO?_O?@_?A?@?I?G?@???@@??C????O???AC?@@?O?G@?c??A?????G?????HA?O?B???AE???@???Q??a???C?d?O???A???AA??@?C?G???H??C?_O?__??A?S????So???C?,[(55-57)-(47-51)-(46-58)-(41-42)-(40-48)-(31-53)-(30-43)-(28-45)-(25-38)-(24-29)-(23-59)-(21-44)-(20-36)-(16-26)-(15-54)-(14-39)-(13-52)-(12-56)-(11-49)-(10-27)-(9-37)-(8-22)-(7-19)-(6-17)-(5-50)-(4-32)-(3-33)-(2-18)-(1-34)-(0-35)],0.0002846717834472656,0.02506279945373535,4,True,4
{?O??AC????????@????????A?@??`A????_Ec?Ah_???D?G???C????J@???OM??O????C?B??@@????_?GGA???C?KO?a??WGOOCO???G??G?_?C???O_@G?G?__@???Cq????@???G@???CC?C??GA??DS???@AO?_O?@_?A?@?I?G?@???@@??C????O???AC?@@?O?G@?c??A?????G?????HA?O?B???AE???@???Q??a???C?d?O???A???AA??@?C?G???H??C?_O?__??A?S????So???C?,[(55-57)-(47-51)-(46-58)-(41-42)-(40-48)-(36-39)-(31-53)-(30-43)-(28-45)-(25-38)-(24-29)-(21-44)-(20-59)-(16-26)-(15-54)-(14-23)-(13-52)-(12-56)-(11-49)-(10-27)-(9-37)-(8-22)-(7-19)-(6-17)-(5-50)-(4-32)-(3-33)-(2-18)-(1-34)-(0-35)],0.0002944469451904297,0.013606071472167969,2,True,2
{?O??AC????????@????????A?@??`A????_Ec?Ah_???D?G???C????J@???OM??O????C?B??@@????_?GGA???C?KO?a??WGOOCO???G??G?_?C???O_@G?G?__@???Cq????@???G@???CC?C??GA??DS???@AO?_O?@_?A?@?I?G?@???@@??C????O???AC?@@?O?G@?c??A?????G?????HA?O?B???AE???@???Q??a???C?d?O???A???AA??@?C?G???H??C?_O?__??A?S????So???C?,[(55-57)-(47-51)-(46-58)-(41-42)-(40-48)-(36-39)-(31-53)-(30-43)-(28-45)-(25-38)-(24-29)-(21-44)-(20-59)-(16-26)-(15-54)-(14-23)-(13-52)-(12-56)-(11-49)-(10-27)-(9-37)-(8-22)-(7-19)-(6-17)-(5-50)-(4-32)-(3-33)-(2-18)-(1-34)-(0-35)],0.000286102294921875,0.012897491455078125,2,True,2
{?O??AC????????@????????A?@??`A????_Ec?Ah_???D?G???C????J@???OM??O????C?B??@@????_?GGA???C?KO?a??WGOOCO???G??G?_?C???O_@G?G?__@???Cq????@???G@???CC?C??GA??DS???@AO?_O?@_?A?@?I?G?@???@@??C????O???AC?@@?O?G@?c??A?????G?????HA?O?B???AE???@???Q??a???C?d?O???A???AA??@?C?G???H??C?_O?__??A?S????So???C?,[(55-57)-(51-53)-(46-58)-(41-42)-(40-48)-(36-39)-(29-31)-(28-45)-(26-43)-(25-38)-(24-59)-(21-44)-(20-30)-(16-47)-(15-54)-(14-23)-(13-52)-(12-56)-(11-49)-(10-27)-(9-37)-(8-22)-(7-19)-(6-17)-(5-50)-(4-32)-(3-33)-(2-18)-(1-34)-(0-35)],0.00027942657470703125,0.007882356643676758,1,True,1
{?O??AC????????@????????A?@??`A????_Ec?Ah_???D?G???C????J@???OM??O????C?B??@@????_?GGA???C?KO?a??WGOOCO???G??G?_?C???O_@G?G?__@???Cq????@???G@???CC?C??GA??DS???@AO?_O?@_?A?@?I?G?@???@@??C????O???AC?@@?O?G@?c??A?????G?????HA?O?B???AE???@???Q??a???C?d?O???A???AA??@?C?G???H??C?_O?__??A?S????So???C?,[(55-57)-(51-53)-(46-58)-(41-42)-(40-48)-(36-39)-(29-31)-(28-45)-(26-43)-(25-38)-(24-59)-(21-44)-(20-30)-(16-47)-(15-54)-(14-23)-(13-52)-(12-56)-(11-49)-(10-27)-(9-37)-(8-22)-(7-19)-(6-17)-(5-50)-(4-32)-(3-33)-(2-18)-(1-34)-(0-35)],0.00028228759765625,0.024861812591552734,4,True,4
{?O??AC????????@????????A?@??`A????_Ec?Ah_???D?G???C????J@???OM??O????C?B??@@????_?GGA???C?KO?a??WGOOCO???G??G?_?C???O_@G?G?__@???Cq????@???G@???CC?C??GA??DS???@AO?_O?@_?A?@?I?G?@???@@??C????O???AC?@@?O?G@?c??A?????G?????HA?O?B???AE???@???Q??a???C?d?O???A???AA??@?C?G???H??C?_O?__??A?S????So???C?,[(55-57)-(47-51)-(46-58)-(41-42)-(40-48)-(36-39)-(31-53)-(28-45)-(26-43)-(25-38)-(24-29)-(21-44)-(20-59)-(16-23)-(15-54)-(14-30)-(13-52)-(12-56)-(11-49)-(10-27)-(9-37)-(8-22)-(7-19)-(6-17)-(5-50)-(4-32)-(3-33)-(2-18)-(1-34)-(0-35)],0.00030732154846191406,0.03254103660583496,4,True,4
{?O??AC????????@????????A?@??`A????_Ec?Ah_???D?G???C????J@???OM??O????C?B??@@????_?GGA???C?KO?a??WGOOCO???G??G?_?C???O_@G?G?__@???Cq????@???G@???CC?C??GA??DS???@AO?_O?@_?A?@?I?G?@???@@??C????O???AC?@@?O?G@?c??A?????G?????HA?O?B???AE???@???Q??a???C?d?O???A???AA??@?C?G???H??C?_O?__??A?S????So???C?,[(55-57)-(47-51)-(46-58)-(41-42)-(40-48)-(36-39)-(31-53)-(28-45)-(26-43)-(25-38)-(24-29)-(21-44)-(20-59)-(16-23)-(15-54)-(14-30)-(13-52)-(12-56)-(11-49)-(10-27)-(9-37)-(8-22)-(7-19)-(6-17)-(5-50)-(4-32)-(3-33)-(2-18)-(1-34)-(0-35)],0.00034880638122558594,0.03267264366149902,5,True,5
{?O??AC????????@????????A?@??`A????_Ec?Ah_???D?G???C????J@???OM??O????C?B??@@????_?GGA???C?KO?a??WGOOCO???G??G?_?C???O_@G?G?__@???Cq????@???G@???CC?C??GA??DS???@AO?_O?@_?A?@?I?G?@???@@??C????O???AC?@@?O?G@?c??A?????G?????HA?O?B???AE???@???Q??a???C?d?O???A???AA??@?C?G???H??C?_O?__??A?S????So???C?,[(55-57)-(47-51)-(46-58)-(40-48)-(36-39)-(31-53)-(30-43)-(29-52)-(28-45)-(25-41)-(24-42)-(23-59)-(21-44)-(16-26)-(15-54)-(14-20)-(13-38)-(12-56)-(11-49)-(10-27)-(9-37)-(8-22)-(7-19)-(6-17)-(5-50)-(4-32)-(3-33)-(2-18)-(1-34)-(0-35)],0.00028133392333984375,0.007898807525634766,1,True,1
{?O??AC????????@????????A?@??`A????_Ec?Ah_???D?G???C????J@???OM??O????C?B??@@????_?GGA???C?KO?a??WGOOCO???G??G?_?C???O_@G?G?__@???Cq????@???G@???CC?C??GA??DS???@AO?_O?@_?A?@?I?G?@???@@??C????O???AC?@@?O?G@?c??A?????G?????HA?O?B???AE???@???Q??a???C?d?O???A???AA??@?C?G???H??C?_O?__??A?S????So???C?,[(55-57)-(47-51)-(46-58)-(40-48)-(36-39)-(31-53)-(30-43)-(29-52)-(28-45)-(25-41)-(24-42)-(23-59)-(21-44)-(16-26)-(15-54)-(14-20)-(13-38)-(12-56)-(11-49)-(10-27)-(9-37)-(8-22)-(7-19)-(6-17)-(5-50)-(4-32)-(3-33)-(2-18)-(1-34)-(0-35)],0.0002841949462890625,0.013103723526000977,2,True,2
{?O??AC????????@????????A?@??`A????_Ec?Ah_???D?G???C????J@???OM??O????C?B??@@????_?GGA???C?KO?a??WGOOCO???G??G?_?C???O_@G?G?__@???Cq????@???G@???CC?C??GA??DS???@AO?_O?@_?A?@?I?G?@???@@??C????O???AC?@@?O?G@?c??A?????G?????HA?O?B???AE???@???Q??a???C?d?O???A???AA??@?C?G???H??C?_O?__??A?S????So???C?,[(55-57)-(47-51)-(46-58)-(41-45)-(40-48)-(36-39)-(31-53)-(30-43)-(28-52)-(25-29)-(24-42)-(23-59)-(21-44)-(16-26)-(15-54)-(14-20)-(13-38)-(12-56)-(11-49)-(10-27)-(9-37)-(8-22)-(7-19)-(6-17)-(5-50)-(4-32)-(3-33)-(2-18)-(1-34)-(0-35)],0.00028443336486816406,0.043021440505981445,3,True,3
{?O??AC????????@????????A?@??`A????_Ec?Ah_???D?G???C????J@???OM??O????C?B??@@????_?GGA???C?KO?a??WGOOCO???G??G?_?C???O_@G?G?__@???Cq????@???G@???CC?C??GA??DS???@AO?_O?@_?A?@?I?G?@???@@??C????O???AC?@@?O?G@?c??A?????G?????HA?O?B???AE???@???Q??a???C?d?O???A???AA??@?C?G???H??C?_O?__??A?S????So???C?,[(55-57)-(47-51)-(46-58)-(41-45)-(40-48)-(36-39)-(31-53)-(30-43)-(28-52)-(25-29)-(24-42)-(23-59)-(21-44)-(16-26)-(15-54)-(14-20)-(13-38)-(12-56)-(11-49)-(10-27)-(9-37)-(8-22)-(7-19)-(6-17)-(5-50)-(4-32)-(3-33)-(2-18)-(1-34)-(0-35)],0.00029778480529785156,0.025109052658081055,4,True,4
{?O??AC????????@????????A?@??`A????_Ec?Ah_???D?G???C????J@???OM??O????C?B??@@????_?GGA???C?KO?a??WGOOCO???G??G?_?C???O_@G?G?__@???Cq????@???G@???CC?C??GA??DS???@AO?_O?@_?A?@?I?G?@???@@??C????O???AC?@@?O?G@?c??A?????G?????HA?O?B???AE???@???Q??a???C?d?O???A???AA??@?C?G???H??C?_O?__??A?S????So???C?,[(55-57)-(47-51)-(46-58)-(40-48)-(31-53)-(30-36)-(29-52)-(28-45)-(26-43)-(25-41)-(24-42)-(21-44)-(20-59)-(16-23)-(15-54)-(14-39)-(13-38)-(12-56)-(11-49)-(10-27)-(9-37)-(8-22)-(7-19)-(6-17)-(5-50)-(4-32)-(3-33)-(2-18)-(1-34)-(0-35)],0.0002689361572265625,0.003576993942260742,0,True,0
{?O??AC????????@????????A?@??`A????_Ec?Ah_???D?G???C????J@???OM??O????C?B??@@????_?GGA???C?KO?a??WGOOCO???G??G?_?C???O_@G?G?__@???Cq????@???G@???CC?C??GA??DS???@AO?_O?@_?A?@?I?G?@???@@??C????O???AC?@@?O?G@?c??A?????G?????HA?O?B???AE???@???Q??a???C?d?O???A???AA??@?C?G???H??C?_O?__??A?S????So???C?,[(55-57)-(47-51)-(46-58)-(40-48)-(31-53)-(30-36)-(29-52)-(28-45)-(26-43)-(25-41)-(24-42)-(21-44)-(20-59)-(16-23)-(15-54)-(14-39)-(13-38)-(12-56)-(11-49)-(10-27)-(9-37)-(8-22)-(7-19)-(6-17)-(5-50)-(4-32)-(3-33)-(2-18)-(1-34)-(0-35)],0.0002837181091308594,0.02385687828063965,2,True,2
{?O??AC????????@????????A?@??`A????_Ec?Ah_???D?G???C????J@???OM??O????C?B??@@????_?GGA???C?KO?a??WGOOCO???G??G?_?C???O_@G?G?__@???Cq????@???G@???CC?C??GA??DS???@AO?_O?@_?A?@?I?G?@???@@??C????O???AC?@@?O?G@?c??A?????G?????HA?O?B???AE???@???Q??a???C?d?O???A???AA??@?C?G???H??C?_O?__??A?S????So???C?,[(55-57)-(47-51)-(46-58)-(41-45)-(40-48)-(31-53)-(30-36)-(28-52)-(26-43)-(25-29)-(24-42)-(21-44)-(20-59)-(16-23)-(15-54)-(14-39)-(13-38)-(12-56)-(11-49)-(10-27)-(9-37)-(8-22)-(7-19)-(6-17)-(5-50)-(4-32)-(3-33)-(2-18)-(1-34)-(0-35)],0.00030517578125,0.019439697265625,3,True,3
{?O??AC????????@????????A?@??`A????_Ec?Ah_???D?G???C????J@???OM??O????C?B??@@????_?GGA???C?KO?a??WGOOCO???G??G?_?C???O_@G?G?__@???Cq????@???G@???CC?C??GA??DS???@AO?_O?@_?A?@?I?G?@???@@??C????O???AC?@@?O?G@?c??A?????G?????HA?O?B???AE???@???Q??a???C?d?O???A???AA??@?C?G???H??C?_O?__??A?S????So???C?,[(55-57)-(47-51)-(46-58)-(41-45)-(40-48)-(31-53)-(30-36)-(28-52)-(26-43)-(25-29)-(24-42)-(21-44)-(20-59)-(16-23)-(15-54)-(14-39)-(13-38)-(12-56)-(11-49)-(10-27)-(9-37)-(8-22)-(7-19)-(6-17)-(5-50)-(4-32)-(3-33)-(2-18)-(1-34)-(0-35)],0.00029158592224121094,0.02515101432800293,4,True,4
{_???CAO??@?@?C?_O@?????GI?C?@??GOG??C??W@?O?c?[I??G@??O?_C????AH?A?@C????_c?_?@??@?O??????????????_G??H_????_GG?C?????G???@?O?g?E??OO??S???Q??H???A?Ga?O?A??B????oO_???Oe????A?@?@??????GCGO?A?C@?_?`A???C????A?A?C`??GS??_?G?_G??A?C??oG??C@??AC??o?@???A??O@?A???gCC??G?_?A??A??A????A?CO?A_CA??I??O?,[(57-58)-(46-56)-(37-43)-(36-48)-(34-41)-(33-59)-(31-40)-(30-39)-(29-42)-(27-44)-(25-47)-(23-35)-(22-45)-(20-26)-(16-28)-(15-50)-(14-52)-(13-55)-(12-54)-(11-51)-(10-24)-(9-21)-(8-53)-(7-38)-(6-18)-(5-49)-(4-17)-(3-32)-(2-19)-(0-1)],0.00029969215393066406,0.013291120529174805,2,True,2
{_???CAO??@?@?C?_O@?????GI?C?@??GOG??C??W@?O?c?[I??G@??O?_C????AH?A?@C????_c?_?@??@?O??????????????_G??H_????_GG?C?????G???@?O?g?E??OO??S???Q??H???A?Ga?O?A??B????oO_???Oe????A?@?@??????GCGO?A?C@?_?`A???C????A?A?C`??GS??_?G?_G??A?C??oG??C@??AC??o?@???A??O@?A???gCC??G?_?A??A??A????A?CO?A_CA??I??O?,[(57-58)-(46-56)-(37-43)-(36-48)-(34-41)-(33-59)-(31-40)-(30-39)-(29-42)-(27-44)-(25-47)-(23-35)-(22-45)-(20-26)-(16-28)-(15-50)-(14-52)-(13-55)-(12-54)-(11-51)-(10-24)-(9-21)-(8-53)-(7-38)-(6-18)-(5-49)-(4-17)-(3-32)-(2-19)-(0-1)],0.0002932548522949219,0.0037412643432617188,0,True,0
{_???CAO??@?@?C?_O@?????GI?C?@??GOG??C??W@?O?c?[I??G@??O?_C????AH?A?@C????_c?_?@??@?O??????????????_G??H_????_GG?C?????G???@?O?g?E??OO??S???Q??H???A?Ga?O?A??B????oO_???Oe????A?@?@??????GCGO?A?C@?_?`A???C????A?A?C`??GS??_?G?_G??A?C??oG??C@??AC??o?@???A??O@?A???gCC??G?_?A??A??A????A?CO?A_CA??I??O?,[(57-58)-(46-56)-(37-43)-(36-48)-(34-41)-(33-40)-(31-59)-(30-39)-(29-42)-(27-44)-(25-47)-(23-35)-(22-45)-(20-26)-(16-28)-(15-50)-(14-52)-(13-55)-(12-54)-(11-51)-(10-24)-(9-21)-(8-53)-(7-38)-(6-18)-(5-49)-(4-17)-(3-32)-(2-19)-(0-1)],0.0003066062927246094,0.025020837783813477,4,True,4
{_???CAO??@?@?C?_O@?????GI?C?@??GOG??C??W@?O?c?[I??G@??O?_C????AH?A?@C????_c?_?@??@?O??????????????_G??H_????_GG?C?????G???@?O?g?E??OO??S???Q??H???A?Ga?O?A??B????oO_???Oe????A?@?@??????GCGO?A?C@?_?`A???C????A?A?C`??GS??_?G?_G??A?C??oG??C@??AC??o?@???A??O@?A???gCC??G?_?A??A??A????A?CO?A_CA??I??O?,[(57-58)-(46-56)-(37-43)-(36-48)-(34-41)-(33-40)-(31-59)-(30-39)-(29-42)-(27-44)-(25-47)-(23-35)-(22-45)-(20-26)-(16-28)-(15-50)-(14-52)-(13-55)-(12-54)-(11-51)-(10-24)-(9-21)-(8-53)-(7-38)-(6-18)-(5-49)-(4-17)-(3-32)-(2-19)-(0-1)],0.00028324127197265625,0.007846355438232422,1,True,1
{_???CAO??@?@?C?_O@?????GI?C?@??GOG??C??W@?O?c?[I??G@??O?_C????AH?A?@C????_c?_?@??@?O??????????????_G??H_????_GG?C?????G???@?O?g?E??OO??S???Q??H???A?Ga?O?A??B????oO_???Oe????A?@?@??????GCGO?A?C@?_?`A???C????A?A?C`??GS??_?G?_G??A?C??oG??C@??AC??o?@???A??O@?A???gCC??G?_?A??A??A????A?CO?A_CA??I??O?,[(57-58)-(46-56)-(42-47)-(37-43)-(34-41)-(33-59)-(31-40)-(30-39)-(29-48)-(26-36)-(25-27)-(23-35)-(22-45)-(20-44)-(16-28)-(15-50)-(14-52)-(13-55)-(12-54)-(11-51)-(10-24)-(9-21)-(8-53)-(7-38)-(6-18)-(5-49)-(4-17)-(3-32)-(2-19)-(0-1)],0.0002923011779785156,0.038863420486450195,5,True,5
{_???CAO??@?@?C?_O@?????GI?C?@??GOG??C??W@?O?c?[I??G@??O?_C????AH?A?@C????_c?_?@??@?O??????????????_G??H_????_GG?C?????G???@?O?g?E??OO??S???Q??H???A?Ga?O?A??B????oO_???Oe????A?@?@??????GCGO?A?C@?_?`A???C????A?A?C`??GS??_?G?_G??A?C??oG??C@??AC??o?@???A??O@?A???gCC??G?_?A??A??A????A?CO?A_CA??I??O?,[(57-58)-(46-56)-(42-47)-(37-43)-(34-41)-(33-59)-(31-40)-(30-39)-(29-48)-(26-36)-(25-27)-(23-35)-(22-45)-(20-44)-(16-28)-(15-50)-(14-52)-(13-55)-(12-54)-(11-51)-(10-24)-(9-21)-(8-53)-(7-38)-(6-18)-(5-49)-(4-17)-(3-32)-(2-19)-(0-1)],0.00028634071350097656,0.008083581924438477,1,True,1
{_???CAO??@?@?C?_O@?????GI?C?@??GOG??C??W@?O?c?[I??G@??O?_C????AH?A?@C????_c?_?@??@?O??????????????_G??H_????_GG?C?????G???@?O?g?E??OO??S???Q??H???A?Ga?O?A??B????oO_???Oe????A?@?@??????GCGO?A?C@?_?`A???C????A?A?C`??GS??_?G?_G??A?C??oG??C@??AC??o?@???A??O@?A???gCC??G?_?A??A??A????A?CO?A_CA??I??O?,[(57-58)-(46-56)-(42-47)-(37-43)-(34-41)-(33-40)-(31-59)-(30-39)-(29-48)-(26-36)-(25-27)-(23-35)-(22-45)-(20-44)-(16-28)-(15-50)-(14-52)-(13-55)-(12-54)-(11-51)-(10-24)-(9-21)-(8-53)-(7-38)-(6-18)-(5-49)-(4-17)-(3-32)-(2-19)-(0-1)],0.0002918243408203125,0.012777328491210938,2,True,2
{_???CAO??@?@?C?_O@?????GI?C?@??GOG??C??W@?O?c?[I??G@??O?_C????AH?A?@C????_c?_?@??@?O??????????????_G??H_????_GG?C?????G???@?O?g?E??OO??S???Q??H???A?Ga?O?A??B????oO_???Oe????A?@?@??????GCGO?A?C@?_?`A???C????A?A?C`??GS??_?G?_G??A?C??oG??C@??AC??o?@???A??O@?A???gCC??G?_?A??A??A????A?CO?A_CA??I??O?,[(57-58)-(46-56)-(42-47)-(37-43)-(34-41)-(33-40)-(31-59)-(30-39)-(29-48)-(26-36)-(25-27)-(23-35)-(22-45)-(20-44)-(16-28)-(15-50)-(14-52)-(13-55)-(12-54)-(11-51)-(10-24)-(9-21)-(8-53)-(7-38)-(6-18)-(5-49)-(4-17)-(3-32)-(2-19)-(0-1)],0.0002880096435546875,0.007894277572631836,1,True,1
{_???CAO??@?@?C?_O@?????GI?C?@??GOG??C??W@?O?c?[I??G@??O?_C????AH?A?@C????_c?_?@??@?O??????????????_G??H_????_GG?C?????G???@?O?g?E??OO??S???Q??H???A?Ga?O?A??B????oO_???Oe????A?@?@??????GCGO?A?C@?_?`A???C????A?A?C`??GS??_?G?_G??A?C??oG??C@??AC??o?@???A??O@?A???gCC??G?_?A??A??A????A?CO?A_CA??I??O?,[(57-58)-(48-59)-(37-43)-(34-41)-(33-42)-(31-40)-(30-39)-(29-56)-(27-44)-(26-36)-(25-47)-(23-35)-(22-45)-(20-46)-(16-28)-(15-50)-(14-52)-(13-55)-(12-54)-(11-51)-(10-24)-(9-21)-(8-53)-(7-38)-(6-18)-(5-49)-(4-17)-(3-32)-(2-19)-(0-1)],0.00028443336486816406,0.0038836002349853516,0,True,0
{_???CAO??@?@?C?_O@?????GI?C?@??GOG??C??W@?O?c?[I??G@??O?_C????AH?A?@C????_c?_?@??@?O??????????????_G??H_????_GG?C?????G???@?O?g?E??OO??S???Q??H???A?Ga?O?A??B????oO_???Oe????A?@?@??????GCGO?A?C@?_?`A???C????A?A?C`??GS??_?G?_G??A?C??oG??C@??AC??o?@???A??O@?A???gCC??G?_?A??A??A????A?CO?A_CA??I??O?,[(57-58)-(48-59)-(37-43)-(34-41)-(33-42)-(31-40)-(30-39)-(29-56)-(27-44)-(26-36)-(25-47)-(23-35)-(22-45)-(20-46)-(16-28)-(15-50)-(14-52)-(13-55)-(12-54)-(11-51)-(10-24)-(9-21)-(8-53)-(7-38)-(6-18)-(5-49)-(4-17)-(3-32)-(2-19)-(0-1)],0.0002841949462890625,0.012941837310791016,2,True,2
{_???CAO??@?@?C?_O@?????GI?C?@??GOG??C??W@?O?c?[I??G@??O?_C????AH?A?@C????_c?_?@??@?O??????????????_G??H_????_GG?C?????G???@?O?g?E??OO??S???Q??H???A?Ga?O?A??B????oO_???Oe????A?@?@??????GCGO?A?C@?_?`A???C????A?A?C`??GS??_?G?_G??A?C??oG??C@??AC??o?@???A??O@?A???gCC??G?_?A??A??A????A?CO?A_CA??I??O?,[(46-50)-(42-47)-(37-43)-(36-48)-(34-57)-(33-59)-(31-40)-(30-39)-(29-56)-(27-44)-(25-58)-(23-35)-(22-45)-(20-26)-(16-28)-(15-41)-(14-52)-(13-55)-(12-54)-(11-51)-(10-24)-(9-21)-(8-53)-(7-38)-(6-18)-(5-49)-(4-17)-(3-32)-(2-19)-(0-1)],0.0002846717834472656,0.01847219467163086,3,True,3
{_???CAO??@?@?C?_O@?????GI?C?@??GOG??C??W@?O?c?[I??G@??O?_C????AH?A?@C????_c?_?@??@?O??????????????_G??H_????_GG?C?????G???@?O?g?E??OO??S???Q??H???A?Ga?O?A??B????oO_???Oe????A?@?@??????GCGO?A?C@?_?`A???C????A?A?C`??GS??_?G?_G??A?C??oG??C@??AC??o?@???A??O@?A???gCC??G?_?A??A??A????A?CO?A_CA??I??O?,[(46-50)-(42-47)-(37-43)-(36-48)-(34-57)-(33-59)-(31-40)-(30-39)-(29-56)-(27-44)-(25-58)-(23-35)-(22-45)-(20-26)-(16-28)-(15-41)-(14-52)-(13-55)-(12-54)-(11-51)-(10-24)-(9-21)-(8-53)-(7-38)-(6-18)-(5-49)-(4-17)-(3-32)-(2-19)-(0-1)],0.0002849102020263672,0.012919902801513672,2,True,2
{_???CAO??@?@?C?_O@?????GI?C?@??GOG??C??W@?O?c?[I??G@??O?_C????AH?A?@C????_c?_?@??@?O??????????????_G??H_????_GG?C?????G???@?O?g?E??OO??S???Q??H???A?Ga?O?A??B????oO_???Oe????A?@?@??????GCGO?A?C@?_?`A???C????A?A?C`??GS??_?G?_G??A?C??oG??C@??AC??o?@???A??O@?A???gCC??G?_?A??A??A????A?CO?A_CA??I??O?,[(46-50)-(42-47)-(37-43)-(36-48)-(34-57)-(33-40)-(31-59)-(30-39)-(29-56)-(27-44)-(25-58)-(23-35)-(22-45)-(20-26)-(16-28)-(15-41)-(14-52)-(13-55)-(12-54)-(11-51)-(10-24)-(9-21)-(8-53)-(7-38)-(6-18)-(5-49)-(4-17)-(3-32)-(2-19)-(0-1)],0.00032210350036621094,0.0037109851837158203,0,True,0
{_???CAO??@?@?C?_O@?????GI?C?@??GOG??C??W@?O?c?[I??G@??O?_C????AH?A?@C????_c?_?@??@?O??????????????_G??H_????_GG?C?????G???@?O?g?E??OO??S???Q??H???A?Ga?O?A??B????oO_???Oe????A?@?@??????GCGO?A?C@?_?`A???C????A?A?C`??GS??_?G?_G??A?C??oG??C@??AC??o?@???A??O@?A???gCC??G?_?A??A??A????A?CO?A_CA??I??O?,[(46-50)-(42-47)-(37-43)-(36-48)-(34-57)-(33-40)-(31-59)-(30-39)-(29-56)-(27-44)-(25-58)-(23-35)-(22-45)-(20-26)-(16-28)-(15-41)-(14-52)-(13-55)-(12-54)-(11-51)-(10-24)-(9-21)-(8-53)-(7-38)-(6-18)-(5-49)-(4-17)-(3-32)-(2-19)-(0-1)],0.0002834796905517578,0.01865220069885254,3,True,3
{_???CAO??@?@?C?_O@?????GI?C?@??GOG??C??W@?O?c?[I??G@??O?_C????AH?A?@C????_c?_?@??@?O??????????????_G??H_????_GG?C?????G???@?O?g?E??OO??S???Q??H???A?Ga?O?A??B????oO_???Oe????A?@?@??????GCGO?A?C@?_?`A???C????A?A?C`??GS??_?G?_G??A?C??oG??C@??AC??o?@???A??O@?A???gCC??G?_?A??A??A????A?CO?A_CA??I??O?,[(48-59)-(46-50)-(37-43)-(36-58)-(34-57)-(33-42)-(31-40)-(30-39)-(29-56)-(27-44)-(25-47)-(23-35)-(22-45)-(20-26)-(16-28)-(15-41)-(14-52)-(13-55)-(12-54)-(11-51)-(10-24)-(9-21)-(8-53)-(7-38)-(6-18)-(5-49)-(4-17)-(3-32)-(2-19)-(0-1)],0.0002772808074951172,0.01290750503540039,2,True,2
{_???CAO??@?@?C?_O@?????GI?C?@??GOG??C??W@?O?c?[I??G@??O?_C????AH?A?@C????_c?_?@??@?O??????????????_G??H_????_GG?C?????G???@?O?g?E??OO??S???Q??H???A?Ga?O?A??B????oO_???Oe????A?@?@??????GCGO?A?C@?_?`A???C????A?A?C`??GS??_?G?_G??A?C??oG??C@??AC??o?@???A??O@?A???gCC??G?_?A??A??A????A?CO?A_CA??I??O?,[(48-59)-(46-50)-(37-43)-(36-58)-(34-57)-(33-42)-(31-40)-(30-39)-(29-56)-(27-44)-(25-47)-(23-35)-(22-45)-(20-26)-(16-28)-(15-41)-(14-52)-(13-55)-(12-54)-(11-51)-(10-24)-(9-21)-(8-53)-(7-38)-(6-18)-(5-49)-(4-17)-(3-32)-(2-19)-(0-1)],0.00028228759765625,0.007933855056762695,1,True,1
{_???CAO??@?@?C?_O@?????GI?C?@??GOG??C??W@?O?c?[I??G@??O?_C????AH?A?@C????_c?_?@??@?O??????????????_G??H_????_GG?C?????G???@?O?g?E??OO??S???Q??H???A?Ga?O?A??B????oO_???Oe????A?@?@??????GCGO?A?C@?_?`A???C????A?A?C`??GS??_?G?_G??A?C??oG??C@??AC??o?@???A??O@?A???gCC??G?_?A??A??A????A?CO?A_CA??I??O?,[(46-50)-(40-58)-(37-43)-(36-48)-(34-57)-(33-42)-(31-59)-(30-39)-(29-56)-(27-44)-(25-47)-(23-35)-(22-45)-(20-26)-(16-28)-(15-41)-(14-52)-(13-55)-(12-54)-(11-51)-(10-24)-(9-21)-(8-53)-(7-38)-(6-18)-(5-49)-(4-17)-(3-32)-(2-19)-(0-1)],0.0002903938293457031,0.008104801177978516,1,True,1
{_???CAO??@?@?C?_O@?????GI?C?@??GOG??C??W@?O?c?[I??G@??O?_C????AH?A?@C????_c?_?@??@?O??????????????_G??H_????_GG?C?????G???@?O?g?E??OO??S???Q??H???A?Ga?O?A??B????oO_???Oe????A?@?@??????GCGO?A?C@?_?`A???C????A?A?C`??GS??_?G?_G??A?C??oG??C@??AC??o?@???A??O@?A???gCC??G?_?A??A??A????A?CO?A_CA??I??O?,[(46-50)-(40-58)-(37-43)-(36-48)-(34-57)-(33-42)-(31-59)-(30-39)-(29-56)-(27-44)-(25-47)-(23-35)-(22-45)-(20-26)-(16-28)-(15-41)-(14-52)-(13-55)-(12-54)-(11-51)-(10-24)-(9-21)-(8-53)-(7-38)-(6-18)-(5-49)-(4-17)-(3-32)-(2-19)-(0-1)],0.000293731689453125,0.018593549728393555,3,True,3
{_???CAO??@?@?C?_O@?????GI?C?@??GOG??C??W@?O?c?[I??G@??O?_C????AH?A?@C????_c?_?@??@?O??????????????_G??H_????_GG?C?????G???@?O?g?E??OO??S???Q??H???A?Ga?O?A??B????oO_???Oe????A?@?@??????GCGO?A?C@?_?`A???C????A?A?C`??GS??_?G?_G??A?C??oG??C@??AC??o?@???A??O@?A???gCC??G?_?A??A??A????A?CO?A_CA??I??O?,[(46-56)-(42-47)-(37-43)-(34-57)-(33-59)-(31-40)-(30-39)-(29-48)-(27-50)-(26-36)-(25-58)-(23-35)-(22-45)-(20-44)-(16-28)-(15-41)-(14-52)-(13-55)-(12-54)-(11-51)-(10-24)-(9-21)-(8-53)-(7-38)-(6-18)-(5-49)-(4-17)-(3-32)-(2-19)-(0-1)],0.0002846717834472656,0.0036745071411132812,0,True,0
{_???CAO??@?@?C?_O@?????GI?C?@??GOG??C??W@?O?c?[I??G@??O?_C????AH?A?@C????_c?_?@??@?O??????????????_G??H_????_GG?C?????G???@?O?g?E??OO??S???Q??H???A?Ga?O?A??B????oO_???Oe????A?@?@??????GCGO?A?C@?_?`A???C????A?A?C`??GS??_?G?_G??A?C??oG??C@??AC??o?@???A??O@?A???gCC??G?_?A??A??A????A?CO?A_CA??I??O?,[(46-56)-(42-47)-(37-43)-(34-57)-(33-59)-(31-40)-(30-39)-(29-48)-(27-50)-(26-36)-(25-58)-(23-35)-(22-45)-(20-44)-(16-28)-(15-41)-(14-52)-(13-55)-(12-54)-(11-51)-(10-24)-(9-21)-(8-53)-(7-38)-(6-18)-(5-49)-(4-17)-(3-32)-(2-19)-(0-1)],0.0002868175506591797,0.008004903793334961,1,True,1
