G6,emparelhamento,canonical_time,solve_time,qtde_moves,resultado,max_depth
W|fIIC`KGo@@@`?o_KG@`?CC?GG?WG?KC?@@??MG??X_??|,[(22-23)-(15-16)-(14-21)-(13-20)-(12-19)-(11-18)-(10-17)-(8-9)-(6-7)-(4-5)-(2-3)-(0-1)],8.797645568847656e-05,0.014091253280639648,5,True,5
W|fIIC`KGo@@@`?o_KG@`?CC?GG?WG?KC?@@??MG??X_??|,[(22-23)-(15-16)-(14-21)-(13-20)-(12-19)-(11-18)-(10-17)-(8-9)-(6-7)-(4-5)-(2-3)-(0-1)],0.0001323223114013672,0.015214204788208008,5,True,5
W|fIIC`KGo@@@`?o_KG@`?CC?GG?WG?KC?@@??MG??X_??|,[(22-23)-(16-21)-(14-15)-(13-20)-(12-19)-(11-18)-(10-17)-(8-9)-(6-7)-(4-5)-(2-3)-(0-1)],8.7738037109375e-05,0.010617971420288086,4,True,4
W|fIIC`KGo@@@`?o_KG@`?CC?GG?WG?KC?@@??MG??X_??|,[(22-23)-(16-21)-(14-15)-(13-20)-(12-19)-(11-18)-(10-17)-(8-9)-(6-7)-(4-5)-(2-3)-(0-1)],8.988380432128906e-05,1.7301619052886963,0,False,15
W|fIIC`KGo@@@`?o_KG@`?CC?GG?WG?KC?@@??MG??X_??|,[(22-23)-(20-21)-(15-16)-(13-14)-(12-19)-(11-18)-(10-17)-(8-9)-(6-7)-(4-5)-(2-3)-(0-1)],8.96453857421875e-05,0.010965347290039062,3,True,3
W|fIIC`KGo@@@`?o_KG@`?CC?GG?WG?KC?@@??MG??X_??|,[(22-23)-(20-21)-(15-16)-(13-14)-(12-19)-(11-18)-(10-17)-(8-9)-(6-7)-(4-5)-(2-3)-(0-1)],8.893013000488281e-05,0.036505699157714844,8,True,8
W|fIIC`KGo@@@`?o_KG@`?CC?GG?WG?KC?@@??MG??X_??|,[(21-22)-(20-23)-(15-16)-(13-14)-(12-19)-(11-18)-(10-17)-(8-9)-(6-7)-(4-5)-(2-3)-(0-1)],8.606910705566406e-05,0.014307022094726562,4,True,4
W|fIIC`KGo@@@`?o_KG@`?CC?GG?WG?KC?@@??MG??X_??|,[(21-22)-(20-23)-(15-16)-(13-14)-(12-19)-(11-18)-(10-17)-(8-9)-(6-7)-(4-5)-(2-3)-(0-1)],8.96453857421875e-05,0.010688066482543945,4,True,4
W|fIIC`KGo@@@`?o_KG@`?CC?GG?WG?KC?@@??MG??X_??|,[(20-23)-(16-22)-(15-21)-(13-14)-(12-19)-(11-18)-(10-17)-(8-9)-(6-7)-(4-5)-(2-3)-(0-1)],8.797645568847656e-05,0.019295692443847656,5,True,5
W|fIIC`KGo@@@`?o_KG@`?CC?GG?WG?KC?@@??MG??X_??|,[(20-23)-(16-22)-(15-21)-(13-14)-(12-19)-(11-18)-(10-17)-(8-9)-(6-7)-(4-5)-(2-3)-(0-1)],9.202957153320312e-05,0.19716691970825195,0,False,6
W|fIIC`KGo@@@`?o_KG@`?CC?GG?WG?KC?@@??MG??X_??|,[(22-23)-(19-20)-(15-16)-(14-21)-(12-13)-(11-18)-(10-17)-(8-9)-(6-7)-(4-5)-(2-3)-(0-1)],8.940696716308594e-05,0.014711618423461914,5,True,5
W|fIIC`KGo@@@`?o_KG@`?CC?GG?WG?KC?@@??MG??X_??|,[(22-23)-(19-20)-(15-16)-(14-21)-(12-13)-(11-18)-(10-17)-(8-9)-(6-7)-(4-5)-(2-3)-(0-1)],9.34600830078125e-05,0.022730350494384766,7,True,7
W|fIIC`KGo@@@`?o_KG@`?CC?GG?WG?KC?@@??MG??X_??|,[(20-22)-(19-23)-(15-16)-(14-21)-(12-13)-(11-18)-(10-17)-(8-9)-(6-7)-(4-5)-(2-3)-(0-1)],0.00013399124145507812,0.01349782943725586,5,True,5
W|fIIC`KGo@@@`?o_KG@`?CC?GG?WG?KC?@@??MG??X_??|,[(20-22)-(19-23)-(15-16)-(14-21)-(12-13)-(11-18)-(10-17)-(8-9)-(6-7)-(4-5)-(2-3)-(0-1)],9.012222290039062e-05,0.010582685470581055,3,True,3
W|fIIC`KGo@@@`?o_KG@`?CC?GG?WG?KC?@@??MG??X_??|,[(22-23)-(19-20)-(16-21)-(14-15)-(12-13)-(11-18)-(10-17)-(8-9)-(6-7)-(4-5)-(2-3)-(0-1)],8.821487426757812e-05,0.04711794853210449,10,True,10
W|fIIC`KGo@@@`?o_KG@`?CC?GG?WG?KC?@@??MG??X_??|,[(22-23)-(19-20)-(16-21)-(14-15)-(12-13)-(11-18)-(10-17)-(8-9)-(6-7)-(4-5)-(2-3)-(0-1)],0.00010752677917480469,0.0055310726165771484,2,True,2
W|fIIC`KGo@@@`?o_KG@`?CC?GG?WG?KC?@@??MG??X_??|,[(20-22)-(19-23)-(16-21)-(14-15)-(12-13)-(11-18)-(10-17)-(8-9)-(6-7)-(4-5)-(2-3)-(0-1)],0.00010323524475097656,0.014394044876098633,5,True,5
W|fIIC`KGo@@@`?o_KG@`?CC?GG?WG?KC?@@??MG??X_??|,[(20-22)-(19-23)-(16-21)-(14-15)-(12-13)-(11-18)-(10-17)-(8-9)-(6-7)-(4-5)-(2-3)-(0-1)],8.96453857421875e-05,0.01339268684387207,5,True,5
W|fIIC`KGo@@@`?o_KG@`?CC?GG?WG?KC?@@??MG??X_??|,[(20-21)-(19-23)-(16-22)-(14-15)-(12-13)-(11-18)-(10-17)-(8-9)-(6-7)-(4-5)-(2-3)-(0-1)],8.797645568847656e-05,0.025362014770507812,8,True,8
W|fIIC`KGo@@@`?o_KG@`?CC?GG?WG?KC?@@??MG??X_??|,[(20-21)-(19-23)-(16-22)-(14-15)-(12-13)-(11-18)-(10-17)-(8-9)-(6-7)-(4-5)-(2-3)-(0-1)],9.131431579589844e-05,0.00760960578918457,3,True,3
W|eIID_KGo@`@`?o_GGB@?KC?WG?OG?KC?@`??KG??[_??^,[(22-23)-(15-21)-(14-20)-(12-13)-(11-19)-(10-18)-(9-17)-(8-16)-(6-7)-(4-5)-(2-3)-(0-1)],8.630752563476562e-05,0.011440515518188477,4,True,4
W|eIID_KGo@`@`?o_GGB@?KC?WG?OG?KC?@`??KG??[_??^,[(22-23)-(15-21)-(14-20)-(12-13)-(11-19)-(10-18)-(9-17)-(8-16)-(6-7)-(4-5)-(2-3)-(0-1)],9.059906005859375e-05,0.03547167778015137,9,True,9
W|eIID_KGo@`@`?o_GGB@?KC?WG?OG?KC?@`??KG??[_??^,[(22-23)-(20-21)-(14-15)-(12-13)-(11-19)-(10-18)-(9-17)-(8-16)-(6-7)-(4-5)-(2-3)-(0-1)],9.107589721679688e-05,0.027010440826416016,8,True,8
W|eIID_KGo@`@`?o_GGB@?KC?WG?OG?KC?@`??KG??[_??^,[(22-23)-(20-21)-(14-15)-(12-13)-(11-19)-(10-18)-(9-17)-(8-16)-(6-7)-(4-5)-(2-3)-(0-1)],9.083747863769531e-05,0.008057832717895508,3,True,3
W|eIID_KGo@`@`?o_GGB@?KC?WG?OG?KC?@`??KG??[_??^,[(21-22)-(20-23)-(14-15)-(12-13)-(11-19)-(10-18)-(9-17)-(8-16)-(6-7)-(4-5)-(2-3)-(0-1)],8.821487426757812e-05,0.005688190460205078,2,True,2
W|eIID_KGo@`@`?o_GGB@?KC?WG?OG?KC?@`??KG??[_??^,[(21-22)-(20-23)-(14-15)-(12-13)-(11-19)-(10-18)-(9-17)-(8-16)-(6-7)-(4-5)-(2-3)-(0-1)],8.916854858398438e-05,0.014195919036865234,4,True,4
W|eIID_KGo@`@`?o_GGB@?KC?WG?OG?KC?@`??KG??[_??^,[(21-22)-(19-23)-(14-15)-(13-20)-(11-12)-(10-18)-(9-17)-(8-16)-(6-7)-(4-5)-(2-3)-(0-1)],8.821487426757812e-05,0.008316755294799805,3,True,3
W|eIID_KGo@`@`?o_GGB@?KC?WG?OG?KC?@`??KG??[_??^,[(21-22)-(19-23)-(14-15)-(13-20)-(11-12)-(10-18)-(9-17)-(8-16)-(6-7)-(4-5)-(2-3)-(0-1)],8.988380432128906e-05,0.01961970329284668,5,True,5
W|eIID_KGo@`@`?o_GGB@?KC?WG?OG?KC?@`??KG??[_??^,[(22-23)-(19-20)-(15-21)-(13-14)-(11-12)-(10-18)-(9-17)-(8-16)-(6-7)-(4-5)-(2-3)-(0-1)],9.059906005859375e-05,0.02226853370666504,7,True,7
W|eIID_KGo@`@`?o_GGB@?KC?WG?OG?KC?@`??KG??[_??^,[(22-23)-(19-20)-(15-21)-(13-14)-(11-12)-(10-18)-(9-17)-(8-16)-(6-7)-(4-5)-(2-3)-(0-1)],9.131431579589844e-05,0.005562305450439453,2,True,2
W|eIID_KGo@`@`?o_GGB@?KC?WG?OG?KC?@`??KG??[_??^,[(21-23)-(18-22)-(14-15)-(13-20)-(12-19)-(10-11)-(9-17)-(8-16)-(6-7)-(4-5)-(2-3)-(0-1)],8.797645568847656e-05,0.005560874938964844,2,True,2
W|eIID_KGo@`@`?o_GGB@?KC?WG?OG?KC?@`??KG??[_??^,[(21-23)-(18-22)-(14-15)-(13-20)-(12-19)-(10-11)-(9-17)-(8-16)-(6-7)-(4-5)-(2-3)-(0-1)],8.893013000488281e-05,0.016761064529418945,3,True,4
W|eIID_KGo@`@`?o_GGB@?KC?WG?OG?KC?@`??KG??[_??^,[(21-22)-(18-23)-(14-15)-(13-20)-(12-19)-(10-11)-(9-17)-(8-16)-(6-7)-(4-5)-(2-3)-(0-1)],8.821487426757812e-05,0.008193492889404297,3,True,3
W|eIID_KGo@`@`?o_GGB@?KC?WG?OG?KC?@`??KG??[_??^,[(21-22)-(18-23)-(14-15)-(13-20)-(12-19)-(10-11)-(9-17)-(8-16)-(6-7)-(4-5)-(2-3)-(0-1)],8.940696716308594e-05,0.014264822006225586,5,True,5
W|eIID_KGo@`@`?o_GGB@?KC?WG?OG?KC?@`??KG??[_??^,[(20-23)-(18-22)-(15-21)-(13-14)-(12-19)-(10-11)-(9-17)-(8-16)-(6-7)-(4-5)-(2-3)-(0-1)],8.845329284667969e-05,0.0033707618713378906,1,True,1
W|eIID_KGo@`@`?o_GGB@?KC?WG?OG?KC?@`??KG??[_??^,[(20-23)-(18-22)-(15-21)-(13-14)-(12-19)-(10-11)-(9-17)-(8-16)-(6-7)-(4-5)-(2-3)-(0-1)],8.940696716308594e-05,0.01982712745666504,5,True,5
W|eIID_KGo@`@`?o_GGB@?KC?WG?OG?KC?@`??KG??[_??^,[(22-23)-(18-19)-(15-21)-(14-20)-(12-13)-(10-11)-(9-17)-(8-16)-(6-7)-(4-5)-(2-3)-(0-1)],0.00010180473327636719,0.015097618103027344,5,True,5
W|eIID_KGo@`@`?o_GGB@?KC?WG?OG?KC?@`??KG??[_??^,[(22-23)-(18-19)-(15-21)-(14-20)-(12-13)-(10-11)-(9-17)-(8-16)-(6-7)-(4-5)-(2-3)-(0-1)],8.940696716308594e-05,0.021326780319213867,6,True,6
W|eIID_KGo@`@`?o_GGB@?KC?WG?OG?KC?@`??KG??[_??^,[(19-23)-(18-22)-(15-21)-(14-20)-(12-13)-(10-11)-(9-17)-(8-16)-(6-7)-(4-5)-(2-3)-(0-1)],8.845329284667969e-05,0.009315967559814453,3,True,3
W|eIID_KGo@`@`?o_GGB@?KC?WG?OG?KC?@`??KG??[_??^,[(19-23)-(18-22)-(15-21)-(14-20)-(12-13)-(10-11)-(9-17)-(8-16)-(6-7)-(4-5)-(2-3)-(0-1)],8.96453857421875e-05,0.012084722518920898,4,True,4
WtbIID`GH_a@E@A?`o?E@?WC?OG?wG?M??@@??[G??X_??|,[(22-23)-(20-21)-(14-15)-(12-13)-(11-19)-(10-18)-(9-17)-(8-16)-(6-7)-(4-5)-(2-3)-(0-1)],8.678436279296875e-05,0.9508712291717529,0,False,5
WtbIID`GH_a@E@A?`o?E@?WC?OG?wG?M??@@??[G??X_??|,[(22-23)-(20-21)-(14-15)-(12-13)-(11-19)-(10-18)-(9-17)-(8-16)-(6-7)-(4-5)-(2-3)-(0-1)],0.00010085105895996094,0.0016329288482666016,0,True,0
WtbIID`GH_a@E@A?`o?E@?WC?OG?wG?M??@@??[G??X_??|,[(21-22)-(20-23)-(14-15)-(12-13)-(11-19)-(10-18)-(9-17)-(8-16)-(6-7)-(4-5)-(2-3)-(0-1)],8.988380432128906e-05,0.015071392059326172,5,True,5
WtbIID`GH_a@E@A?`o?E@?WC?OG?wG?M??@@??[G??X_??|,[(21-22)-(20-23)-(14-15)-(12-13)-(11-19)-(10-18)-(9-17)-(8-16)-(6-7)-(4-5)-(2-3)-(0-1)],8.96453857421875e-05,0.01992654800415039,7,True,7
WtbIID`GH_a@E@A?`o?E@?WC?OG?wG?M??@@??[G??X_??|,[(22-23)-(20-21)-(14-15)-(13-19)-(11-12)-(10-18)-(9-17)-(8-16)-(6-7)-(4-5)-(2-3)-(0-1)],8.96453857421875e-05,0.0015611648559570312,0,True,0
WtbIID`GH_a@E@A?`o?E@?WC?OG?wG?M??@@??[G??X_??|,[(22-23)-(20-21)-(14-15)-(13-19)-(11-12)-(10-18)-(9-17)-(8-16)-(6-7)-(4-5)-(2-3)-(0-1)],9.059906005859375e-05,0.7601833343505859,0,False,5
WtbIID`GH_a@E@A?`o?E@?WC?OG?wG?M??@@??[G??X_??|,[(21-22)-(20-23)-(14-15)-(13-19)-(11-12)-(10-18)-(9-17)-(8-16)-(6-7)-(4-5)-(2-3)-(0-1)],8.797645568847656e-05,0.0089111328125,3,True,3
WtbIID`GH_a@E@A?`o?E@?WC?OG?wG?M??@@??[G??X_??|,[(21-22)-(20-23)-(14-15)-(13-19)-(11-12)-(10-18)-(9-17)-(8-16)-(6-7)-(4-5)-(2-3)-(0-1)],8.893013000488281e-05,0.8204500675201416,0,False,9
WtbIID`GH_a@E@A?`o?E@?WC?OG?wG?M??@@??[G??X_??|,[(21-22)-(19-23)-(14-15)-(13-20)-(11-12)-(10-18)-(9-17)-(8-16)-(6-7)-(4-5)-(2-3)-(0-1)],8.893013000488281e-05,0.04228329658508301,5,True,5
WtbIID`GH_a@E@A?`o?E@?WC?OG?wG?M??@@??[G??X_??|,[(21-22)-(19-23)-(14-15)-(13-20)-(11-12)-(10-18)-(9-17)-(8-16)-(6-7)-(4-5)-(2-3)-(0-1)],9.632110595703125e-05,0.011130809783935547,4,True,4
WtbIID`GH_a@E@A?`o?E@?WC?OG?wG?M??@@??[G??X_??|,[(22-23)-(19-20)-(14-15)-(13-21)-(11-12)-(10-18)-(9-17)-(8-16)-(6-7)-(4-5)-(2-3)-(0-1)],0.00010371208190917969,1.5323221683502197,0,False,9
WtbIID`GH_a@E@A?`o?E@?WC?OG?wG?M??@@??[G??X_??|,[(22-23)-(19-20)-(14-15)-(13-21)-(11-12)-(10-18)-(9-17)-(8-16)-(6-7)-(4-5)-(2-3)-(0-1)],9.226799011230469e-05,0.0015511512756347656,0,True,0
WtbIID`GH_a@E@A?`o?E@?WC?OG?wG?M??@@??[G??X_??|,[(20-22)-(19-23)-(14-15)-(13-21)-(11-12)-(10-18)-(9-17)-(8-16)-(6-7)-(4-5)-(2-3)-(0-1)],8.940696716308594e-05,0.13224339485168457,0,False,4
WtbIID`GH_a@E@A?`o?E@?WC?OG?wG?M??@@??[G??X_??|,[(20-22)-(19-23)-(14-15)-(13-21)-(11-12)-(10-18)-(9-17)-(8-16)-(6-7)-(4-5)-(2-3)-(0-1)],9.608268737792969e-05,0.0015788078308105469,0,True,0
WtbIID`GH_a@E@A?`o?E@?WC?OG?wG?M??@@??[G??X_??|,[(21-22)-(18-23)-(14-15)-(13-20)-(12-19)-(10-11)-(9-17)-(8-16)-(6-7)-(4-5)-(2-3)-(0-1)],9.179115295410156e-05,0.15782642364501953,7,True,7
WtbIID`GH_a@E@A?`o?E@?WC?OG?wG?M??@@??[G??X_??|,[(21-22)-(18-23)-(14-15)-(13-20)-(12-19)-(10-11)-(9-17)-(8-16)-(6-7)-(4-5)-(2-3)-(0-1)],9.72747802734375e-05,0.011426448822021484,4,True,4
WtbIID`GH_a@E@A?`o?E@?WC?OG?wG?M??@@??[G??X_??|,[(20-22)-(18-23)-(14-15)-(13-21)-(12-19)-(10-11)-(9-17)-(8-16)-(6-7)-(4-5)-(2-3)-(0-1)],9.107589721679688e-05,0.021544933319091797,5,True,5
WtbIID`GH_a@E@A?`o?E@?WC?OG?wG?M??@@??[G??X_??|,[(20-22)-(18-23)-(14-15)-(13-21)-(12-19)-(10-11)-(9-17)-(8-16)-(6-7)-(4-5)-(2-3)-(0-1)],9.1552734375e-05,0.011938810348510742,4,True,4
WtbIID`GH_a@E@A?`o?E@?WC?OG?wG?M??@@??[G??X_??|,[(21-22)-(19-20)-(18-23)-(14-15)-(12-13)-(10-11)-(9-17)-(8-16)-(6-7)-(4-5)-(2-3)-(0-1)],0.00012040138244628906,0.019023895263671875,6,True,6
WtbIID`GH_a@E@A?`o?E@?WC?OG?wG?M??@@??[G??X_??|,[(21-22)-(19-20)-(18-23)-(14-15)-(12-13)-(10-11)-(9-17)-(8-16)-(6-7)-(4-5)-(2-3)-(0-1)],0.00010323524475097656,0.01830458641052246,6,True,6
WtfIID`GH_b?B@?__WGA@?KC?WG?W??MC?@B??KG??w_??v,[(20-23)-(15-22)-(14-21)-(12-13)-(11-19)-(10-18)-(9-17)-(8-16)-(6-7)-(4-5)-(2-3)-(0-1)],8.821487426757812e-05,0.30763816833496094,0,False,5
WtfIID`GH_b?B@?__WGA@?KC?WG?W??MC?@B??KG??w_??v,[(20-23)-(15-22)-(14-21)-(12-13)-(11-19)-(10-18)-(9-17)-(8-16)-(6-7)-(4-5)-(2-3)-(0-1)],0.00010013580322265625,0.016155481338500977,5,True,5
WtfIID`GH_b?B@?__WGA@?KC?WG?W??MC?@B??KG??w_??v,[(22-23)-(20-21)-(14-15)-(12-13)-(11-19)-(10-18)-(9-17)-(8-16)-(6-7)-(4-5)-(2-3)-(0-1)],0.00011730194091796875,0.011071205139160156,4,True,4
WtfIID`GH_b?B@?__WGA@?KC?WG?W??MC?@B??KG??w_??v,[(22-23)-(20-21)-(14-15)-(12-13)-(11-19)-(10-18)-(9-17)-(8-16)-(6-7)-(4-5)-(2-3)-(0-1)],8.988380432128906e-05,0.0341644287109375,0,False,3
WtfIID`GH_b?B@?__WGA@?KC?WG?W??MC?@B??KG??w_??v,[(21-22)-(20-23)-(14-15)-(12-13)-(11-19)-(10-18)-(9-17)-(8-16)-(6-7)-(4-5)-(2-3)-(0-1)],8.916854858398438e-05,0.027558565139770508,5,True,6
WtfIID`GH_b?B@?__WGA@?KC?WG?W??MC?@B??KG??w_??v,[(21-22)-(20-23)-(14-15)-(12-13)-(11-19)-(10-18)-(9-17)-(8-16)-(6-7)-(4-5)-(2-3)-(0-1)],9.250640869140625e-05,0.0175168514251709,6,True,6
WtfIID`GH_b?B@?__WGA@?KC?WG?W??MC?@B??KG??w_??v,[(20-23)-(15-22)-(14-21)-(13-19)-(11-12)-(10-18)-(9-17)-(8-16)-(6-7)-(4-5)-(2-3)-(0-1)],8.96453857421875e-05,0.0033953189849853516,1,True,1
WtfIID`GH_b?B@?__WGA@?KC?WG?W??MC?@B??KG??w_??v,[(20-23)-(15-22)-(14-21)-(13-19)-(11-12)-(10-18)-(9-17)-(8-16)-(6-7)-(4-5)-(2-3)-(0-1)],8.7738037109375e-05,0.018866300582885742,6,True,6
WtfIID`GH_b?B@?__WGA@?KC?WG?W??MC?@B??KG??w_??v,[(22-23)-(20-21)-(14-15)-(13-19)-(11-12)-(10-18)-(9-17)-(8-16)-(6-7)-(4-5)-(2-3)-(0-1)],8.869171142578125e-05,0.01137089729309082,4,True,4
WtfIID`GH_b?B@?__WGA@?KC?WG?W??MC?@B??KG??w_??v,[(22-23)-(20-21)-(14-15)-(13-19)-(11-12)-(10-18)-(9-17)-(8-16)-(6-7)-(4-5)-(2-3)-(0-1)],9.012222290039062e-05,0.005529642105102539,2,True,2
WtfIID`GH_b?B@?__WGA@?KC?WG?W??MC?@B??KG??w_??v,[(21-22)-(20-23)-(14-15)-(13-19)-(11-12)-(10-18)-(9-17)-(8-16)-(6-7)-(4-5)-(2-3)-(0-1)],9.036064147949219e-05,0.011872053146362305,4,True,4
WtfIID`GH_b?B@?__WGA@?KC?WG?W??MC?@B??KG??w_??v,[(21-22)-(20-23)-(14-15)-(13-19)-(11-12)-(10-18)-(9-17)-(8-16)-(6-7)-(4-5)-(2-3)-(0-1)],0.00010824203491210938,0.01350545883178711,0,False,2
WtfIID`GH_b?B@?__WGA@?KC?WG?W??MC?@B??KG??w_??v,[(22-23)-(19-20)-(15-21)-(13-14)-(11-12)-(10-18)-(9-17)-(8-16)-(6-7)-(4-5)-(2-3)-(0-1)],8.988380432128906e-05,0.008156776428222656,3,True,3
WtfIID`GH_b?B@?__WGA@?KC?WG?W??MC?@B??KG??w_??v,[(22-23)-(19-20)-(15-21)-(13-14)-(11-12)-(10-18)-(9-17)-(8-16)-(6-7)-(4-5)-(2-3)-(0-1)],9.012222290039062e-05,0.031167030334472656,7,True,7
WtfIID`GH_b?B@?__WGA@?KC?WG?W??MC?@B??KG??w_??v,[(21-23)-(19-20)-(15-22)-(13-14)-(11-12)-(10-18)-(9-17)-(8-16)-(6-7)-(4-5)-(2-3)-(0-1)],8.916854858398438e-05,0.008304834365844727,3,True,3
WtfIID`GH_b?B@?__WGA@?KC?WG?W??MC?@B??KG??w_??v,[(21-23)-(19-20)-(15-22)-(13-14)-(11-12)-(10-18)-(9-17)-(8-16)-(6-7)-(4-5)-(2-3)-(0-1)],8.988380432128906e-05,0.31501245498657227,0,False,5
WtfIID`GH_b?B@?__WGA@?KC?WG?W??MC?@B??KG??w_??v,[(17-23)-(15-22)-(14-21)-(13-20)-(12-19)-(11-18)-(9-10)-(8-16)-(6-7)-(4-5)-(2-3)-(0-1)],9.059906005859375e-05,0.011237859725952148,4,True,4
WtfIID`GH_b?B@?__WGA@?KC?WG?W??MC?@B??KG??w_??v,[(17-23)-(15-22)-(14-21)-(13-20)-(12-19)-(11-18)-(9-10)-(8-16)-(6-7)-(4-5)-(2-3)-(0-1)],9.012222290039062e-05,0.06440520286560059,6,True,6
WtfIID`GH_b?B@?__WGA@?KC?WG?W??MC?@B??KG??w_??v,[(21-23)-(17-22)-(14-15)-(13-20)-(12-19)-(11-18)-(9-10)-(8-16)-(6-7)-(4-5)-(2-3)-(0-1)],9.107589721679688e-05,0.007987737655639648,3,True,3
WtfIID`GH_b?B@?__WGA@?KC?WG?W??MC?@B??KG??w_??v,[(21-23)-(17-22)-(14-15)-(13-20)-(12-19)-(11-18)-(9-10)-(8-16)-(6-7)-(4-5)-(2-3)-(0-1)],9.036064147949219e-05,0.2928280830383301,9,True,9
WtfIID`GH_b@B@?__WGA@?KC?OG?OG?MC?@B??KG??w_??v,[(20-23)-(15-22)-(14-21)-(12-13)-(11-19)-(10-18)-(9-17)-(8-16)-(6-7)-(4-5)-(2-3)-(0-1)],8.702278137207031e-05,0.008404731750488281,3,True,3
WtfIID`GH_b@B@?__WGA@?KC?OG?OG?MC?@B??KG??w_??v,[(20-23)-(15-22)-(14-21)-(12-13)-(11-19)-(10-18)-(9-17)-(8-16)-(6-7)-(4-5)-(2-3)-(0-1)],9.250640869140625e-05,0.029332637786865234,6,True,6
WtfIID`GH_b@B@?__WGA@?KC?OG?OG?MC?@B??KG??w_??v,[(22-23)-(20-21)-(14-15)-(12-13)-(11-19)-(10-18)-(9-17)-(8-16)-(6-7)-(4-5)-(2-3)-(0-1)],8.869171142578125e-05,0.005537986755371094,2,True,2
WtfIID`GH_b@B@?__WGA@?KC?OG?OG?MC?@B??KG??w_??v,[(22-23)-(20-21)-(14-15)-(12-13)-(11-19)-(10-18)-(9-17)-(8-16)-(6-7)-(4-5)-(2-3)-(0-1)],9.107589721679688e-05,0.03533124923706055,7,True,7
WtfIID`GH_b@B@?__WGA@?KC?OG?OG?MC?@B??KG??w_??v,[(21-22)-(20-23)-(14-15)-(12-13)-(11-19)-(10-18)-(9-17)-(8-16)-(6-7)-(4-5)-(2-3)-(0-1)],8.96453857421875e-05,0.2527453899383545,7,True,8
WtfIID`GH_b@B@?__WGA@?KC?OG?OG?MC?@B??KG??w_??v,[(21-22)-(20-23)-(14-15)-(12-13)-(11-19)-(10-18)-(9-17)-(8-16)-(6-7)-(4-5)-(2-3)-(0-1)],9.560585021972656e-05,0.03646135330200195,4,True,4
WtfIID`GH_b@B@?__WGA@?KC?OG?OG?MC?@B??KG??w_??v,[(20-23)-(15-22)-(14-21)-(13-19)-(11-12)-(10-18)-(9-17)-(8-16)-(6-7)-(4-5)-(2-3)-(0-1)],8.96453857421875e-05,0.0033702850341796875,1,True,1
WtfIID`GH_b@B@?__WGA@?KC?OG?OG?MC?@B??KG??w_??v,[(20-23)-(15-22)-(14-21)-(13-19)-(11-12)-(10-18)-(9-17)-(8-16)-(6-7)-(4-5)-(2-3)-(0-1)],9.083747863769531e-05,0.02719569206237793,8,True,8
WtfIID`GH_b@B@?__WGA@?KC?OG?OG?MC?@B??KG??w_??v,[(22-23)-(20-21)-(14-15)-(13-19)-(11-12)-(10-18)-(9-17)-(8-16)-(6-7)-(4-5)-(2-3)-(0-1)],0.0001049041748046875,0.1659245491027832,7,True,7
WtfIID`GH_b@B@?__WGA@?KC?OG?OG?MC?@B??KG??w_??v,[(22-23)-(20-21)-(14-15)-(13-19)-(11-12)-(10-18)-(9-17)-(8-16)-(6-7)-(4-5)-(2-3)-(0-1)],0.0006146430969238281,0.00449371337890625,1,True,1
WtfIID`GH_b@B@?__WGA@?KC?OG?OG?MC?@B??KG??w_??v,[(21-22)-(20-23)-(14-15)-(13-19)-(11-12)-(10-18)-(9-17)-(8-16)-(6-7)-(4-5)-(2-3)-(0-1)],8.96453857421875e-05,0.017032146453857422,5,True,5
WtfIID`GH_b@B@?__WGA@?KC?OG?OG?MC?@B??KG??w_??v,[(21-22)-(20-23)-(14-15)-(13-19)-(11-12)-(10-18)-(9-17)-(8-16)-(6-7)-(4-5)-(2-3)-(0-1)],9.059906005859375e-05,0.005529880523681641,2,True,2
WtfIID`GH_b@B@?__WGA@?KC?OG?OG?MC?@B??KG??w_??v,[(22-23)-(19-20)-(15-21)-(13-14)-(11-12)-(10-18)-(9-17)-(8-16)-(6-7)-(4-5)-(2-3)-(0-1)],8.96453857421875e-05,0.014904260635375977,5,True,5
WtfIID`GH_b@B@?__WGA@?KC?OG?OG?MC?@B??KG??w_??v,[(22-23)-(19-20)-(15-21)-(13-14)-(11-12)-(10-18)-(9-17)-(8-16)-(6-7)-(4-5)-(2-3)-(0-1)],9.012222290039062e-05,0.008193731307983398,3,True,3
WtfIID`GH_b@B@?__WGA@?KC?OG?OG?MC?@B??KG??w_??v,[(21-23)-(19-20)-(15-22)-(13-14)-(11-12)-(10-18)-(9-17)-(8-16)-(6-7)-(4-5)-(2-3)-(0-1)],8.726119995117188e-05,0.539560079574585,0,False,7
WtfIID`GH_b@B@?__WGA@?KC?OG?OG?MC?@B??KG??w_??v,[(21-23)-(19-20)-(15-22)-(13-14)-(11-12)-(10-18)-(9-17)-(8-16)-(6-7)-(4-5)-(2-3)-(0-1)],9.369850158691406e-05,0.01727461814880371,4,True,4
WtfIID`GH_b@B@?__WGA@?KC?OG?OG?MC?@B??KG??w_??v,[(18-23)-(15-22)-(14-21)-(13-20)-(12-19)-(10-11)-(9-17)-(8-16)-(6-7)-(4-5)-(2-3)-(0-1)],8.916854858398438e-05,0.01847696304321289,6,True,6
WtfIID`GH_b@B@?__WGA@?KC?OG?OG?MC?@B??KG??w_??v,[(18-23)-(15-22)-(14-21)-(13-20)-(12-19)-(10-11)-(9-17)-(8-16)-(6-7)-(4-5)-(2-3)-(0-1)],9.131431579589844e-05,0.008194446563720703,3,True,3
WtfIID`GH_b@B@?__WGA@?KC?OG?OG?MC?@B??KG??w_??v,[(21-22)-(18-23)-(14-15)-(13-20)-(12-19)-(10-11)-(9-17)-(8-16)-(6-7)-(4-5)-(2-3)-(0-1)],8.916854858398438e-05,0.01095128059387207,4,True,4
WtfIID`GH_b@B@?__WGA@?KC?OG?OG?MC?@B??KG??w_??v,[(21-22)-(18-23)-(14-15)-(13-20)-(12-19)-(10-11)-(9-17)-(8-16)-(6-7)-(4-5)-(2-3)-(0-1)],9.012222290039062e-05,0.031154632568359375,4,True,4
WtfIID`GH_b?B@?_?WGB@?CC?WG?WG?KC?B@??QG?Bo_??},[(21-23)-(15-16)-(14-22)-(13-20)-(12-19)-(11-18)-(10-17)-(8-9)-(6-7)-(4-5)-(2-3)-(0-1)],8.606910705566406e-05,0.011696577072143555,4,True,4
WtfIID`GH_b?B@?_?WGB@?CC?WG?WG?KC?B@??QG?Bo_??},[(21-23)-(15-16)-(14-22)-(13-20)-(12-19)-(11-18)-(10-17)-(8-9)-(6-7)-(4-5)-(2-3)-(0-1)],9.131431579589844e-05,0.07214713096618652,0,False,4
WtfIID`GH_b?B@?_?WGB@?CC?WG?WG?KC?B@??QG?Bo_??},[(21-23)-(16-22)-(14-15)-(13-20)-(12-19)-(11-18)-(10-17)-(8-9)-(6-7)-(4-5)-(2-3)-(0-1)],8.940696716308594e-05,0.015326261520385742,3,True,3
WtfIID`GH_b?B@?_?WGB@?CC?WG?WG?KC?B@??QG?Bo_??},[(21-23)-(16-22)-(14-15)-(13-20)-(12-19)-(11-18)-(10-17)-(8-9)-(6-7)-(4-5)-(2-3)-(0-1)],9.059906005859375e-05,1.1682767868041992,0,False,6
WtfIID`GH_b?B@?_?WGB@?CC?WG?WG?KC?B@??QG?Bo_??},[(20-23)-(15-16)-(14-22)-(13-21)-(12-19)-(11-18)-(10-17)-(8-9)-(6-7)-(4-5)-(2-3)-(0-1)],8.821487426757812e-05,0.008400201797485352,3,True,3
WtfIID`GH_b?B@?_?WGB@?CC?WG?WG?KC?B@??QG?Bo_??},[(20-23)-(15-16)-(14-22)-(13-21)-(12-19)-(11-18)-(10-17)-(8-9)-(6-7)-(4-5)-(2-3)-(0-1)],8.726119995117188e-05,0.0534663200378418,7,True,10
WtfIID`GH_b?B@?_?WGB@?CC?WG?WG?KC?B@??QG?Bo_??},[(20-23)-(16-22)-(14-15)-(13-21)-(12-19)-(11-18)-(10-17)-(8-9)-(6-7)-(4-5)-(2-3)-(0-1)],8.916854858398438e-05,0.008225679397583008,3,True,3
WtfIID`GH_b?B@?_?WGB@?CC?WG?WG?KC?B@??QG?Bo_??},[(20-23)-(16-22)-(14-15)-(13-21)-(12-19)-(11-18)-(10-17)-(8-9)-(6-7)-(4-5)-(2-3)-(0-1)],9.036064147949219e-05,0.1458122730255127,7,True,7
WtfIID`GH_b?B@?_?WGB@?CC?WG?WG?KC?B@??QG?Bo_??},[(20-23)-(16-21)-(14-15)-(13-22)-(12-19)-(11-18)-(10-17)-(8-9)-(6-7)-(4-5)-(2-3)-(0-1)],9.131431579589844e-05,0.01386880874633789,5,True,5
WtfIID`GH_b?B@?_?WGB@?CC?WG?WG?KC?B@??QG?Bo_??},[(20-23)-(16-21)-(14-15)-(13-22)-(12-19)-(11-18)-(10-17)-(8-9)-(6-7)-(4-5)-(2-3)-(0-1)],9.226799011230469e-05,0.14870786666870117,13,True,17
WtfIID`GH_b?B@?_?WGB@?CC?WG?WG?KC?B@??QG?Bo_??},[(21-22)-(20-23)-(15-16)-(13-14)-(12-19)-(11-18)-(10-17)-(8-9)-(6-7)-(4-5)-(2-3)-(0-1)],9.584426879882812e-05,0.012353181838989258,4,True,4
WtfIID`GH_b?B@?_?WGB@?CC?WG?WG?KC?B@??QG?Bo_??},[(21-22)-(20-23)-(15-16)-(13-14)-(12-19)-(11-18)-(10-17)-(8-9)-(6-7)-(4-5)-(2-3)-(0-1)],9.512901306152344e-05,0.019465923309326172,4,True,4
WtfIID`GH_b?B@?_?WGB@?CC?WG?WG?KC?B@??QG?Bo_??},[(20-23)-(16-21)-(15-22)-(13-14)-(12-19)-(11-18)-(10-17)-(8-9)-(6-7)-(4-5)-(2-3)-(0-1)],9.655952453613281e-05,0.38839221000671387,8,True,15
WtfIID`GH_b?B@?_?WGB@?CC?WG?WG?KC?B@??QG?Bo_??},[(20-23)-(16-21)-(15-22)-(13-14)-(12-19)-(11-18)-(10-17)-(8-9)-(6-7)-(4-5)-(2-3)-(0-1)],9.870529174804688e-05,0.015126705169677734,4,True,4
WtfIID`GH_b?B@?_?WGB@?CC?WG?WG?KC?B@??QG?Bo_??},[(19-23)-(15-16)-(14-22)-(13-21)-(12-20)-(11-18)-(10-17)-(8-9)-(6-7)-(4-5)-(2-3)-(0-1)],9.846687316894531e-05,0.006013393402099609,2,True,2
WtfIID`GH_b?B@?_?WGB@?CC?WG?WG?KC?B@??QG?Bo_??},[(19-23)-(15-16)-(14-22)-(13-21)-(12-20)-(11-18)-(10-17)-(8-9)-(6-7)-(4-5)-(2-3)-(0-1)],9.894371032714844e-05,0.14004254341125488,6,True,7
WtfIID`GH_b?B@?_?WGB@?CC?WG?WG?KC?B@??QG?Bo_??},[(19-23)-(16-22)-(14-15)-(13-21)-(12-20)-(11-18)-(10-17)-(8-9)-(6-7)-(4-5)-(2-3)-(0-1)],9.989738464355469e-05,0.0035827159881591797,1,True,1
WtfIID`GH_b?B@?_?WGB@?CC?WG?WG?KC?B@??QG?Bo_??},[(19-23)-(16-22)-(14-15)-(13-21)-(12-20)-(11-18)-(10-17)-(8-9)-(6-7)-(4-5)-(2-3)-(0-1)],9.799003601074219e-05,0.016349077224731445,5,True,5
WtfIID`GH_b?B@?_?WGB@?CC?WG?WG?KC?B@??QG?Bo_??},[(19-23)-(16-21)-(14-15)-(13-22)-(12-20)-(11-18)-(10-17)-(8-9)-(6-7)-(4-5)-(2-3)-(0-1)],9.870529174804688e-05,0.008208036422729492,3,True,3
WtfIID`GH_b?B@?_?WGB@?CC?WG?WG?KC?B@??QG?Bo_??},[(19-23)-(16-21)-(14-15)-(13-22)-(12-20)-(11-18)-(10-17)-(8-9)-(6-7)-(4-5)-(2-3)-(0-1)],9.679794311523438e-05,1.4604737758636475,0,False,15
WtfIAD`GH_b@B?@__OGE@?WC?OG?wG?GK?A@??wG?@`_?@l,[(22-23)-(14-15)-(13-21)-(12-20)-(11-19)-(10-18)-(9-17)-(8-16)-(6-7)-(4-5)-(2-3)-(0-1)],9.465217590332031e-05,0.012850522994995117,4,True,4
WtfIAD`GH_b@B?@__OGE@?WC?OG?wG?GK?A@??wG?@`_?@l,[(22-23)-(14-15)-(13-21)-(12-20)-(11-19)-(10-18)-(9-17)-(8-16)-(6-7)-(4-5)-(2-3)-(0-1)],0.00010323524475097656,0.15425395965576172,5,True,5
WtfIAD`GH_b@B?@__OGE@?WC?OG?wG?GK?A@??wG?@`_?@l,[(20-23)-(15-22)-(13-14)-(12-21)-(11-19)-(10-18)-(9-17)-(8-16)-(6-7)-(4-5)-(2-3)-(0-1)],0.00010061264038085938,0.006052255630493164,2,True,2
WtfIAD`GH_b@B?@__OGE@?WC?OG?wG?GK?A@??wG?@`_?@l,[(20-23)-(15-22)-(13-14)-(12-21)-(11-19)-(10-18)-(9-17)-(8-16)-(6-7)-(4-5)-(2-3)-(0-1)],9.655952453613281e-05,0.03328728675842285,5,True,5
WtfIAD`GH_b@B?@__OGE@?WC?OG?wG?GK?A@??wG?@`_?@l,[(20-23)-(15-22)-(14-21)-(12-13)-(11-19)-(10-18)-(9-17)-(8-16)-(6-7)-(4-5)-(2-3)-(0-1)],9.822845458984375e-05,0.009178876876831055,3,True,3
WtfIAD`GH_b@B?@__OGE@?WC?OG?wG?GK?A@??wG?@`_?@l,[(20-23)-(15-22)-(14-21)-(12-13)-(11-19)-(10-18)-(9-17)-(8-16)-(6-7)-(4-5)-(2-3)-(0-1)],9.72747802734375e-05,0.027858972549438477,4,True,4
WtfIAD`GH_b@B?@__OGE@?WC?OG?wG?GK?A@??wG?@`_?@l,[(22-23)-(20-21)-(14-15)-(12-13)-(11-19)-(10-18)-(9-17)-(8-16)-(6-7)-(4-5)-(2-3)-(0-1)],9.870529174804688e-05,0.011385202407836914,4,True,4
WtfIAD`GH_b@B?@__OGE@?WC?OG?wG?GK?A@??wG?@`_?@l,[(22-23)-(20-21)-(14-15)-(12-13)-(11-19)-(10-18)-(9-17)-(8-16)-(6-7)-(4-5)-(2-3)-(0-1)],9.465217590332031e-05,0.01626420021057129,5,True,5
WtfIAD`GH_b@B?@__OGE@?WC?OG?wG?GK?A@??wG?@`_?@l,[(21-22)-(20-23)-(14-15)-(12-13)-(11-19)-(10-18)-(9-17)-(8-16)-(6-7)-(4-5)-(2-3)-(0-1)],9.560585021972656e-05,0.008640050888061523,3,True,3
WtfIAD`GH_b@B?@__OGE@?WC?OG?wG?GK?A@??wG?@`_?@l,[(21-22)-(20-23)-(14-15)-(12-13)-(11-19)-(10-18)-(9-17)-(8-16)-(6-7)-(4-5)-(2-3)-(0-1)],9.34600830078125e-05,0.01627349853515625,5,True,5
WtfIAD`GH_b@B?@__OGE@?WC?OG?wG?GK?A@??wG?@`_?@l,[(22-23)-(18-19)-(14-15)-(13-21)-(12-20)-(10-11)-(9-17)-(8-16)-(6-7)-(4-5)-(2-3)-(0-1)],9.584426879882812e-05,0.005656242370605469,2,True,2
WtfIAD`GH_b@B?@__OGE@?WC?OG?wG?GK?A@??wG?@`_?@l,[(22-23)-(18-19)-(14-15)-(13-21)-(12-20)-(10-11)-(9-17)-(8-16)-(6-7)-(4-5)-(2-3)-(0-1)],9.393692016601562e-05,1.3539509773254395,0,False,8
WtfIAD`GH_b@B?@__OGE@?WC?OG?wG?GK?A@??wG?@`_?@l,[(20-23)-(18-19)-(15-22)-(13-14)-(12-21)-(10-11)-(9-17)-(8-16)-(6-7)-(4-5)-(2-3)-(0-1)],9.72747802734375e-05,0.00823354721069336,1,True,2
WtfIAD`GH_b@B?@__OGE@?WC?OG?wG?GK?A@??wG?@`_?@l,[(20-23)-(18-19)-(15-22)-(13-14)-(12-21)-(10-11)-(9-17)-(8-16)-(6-7)-(4-5)-(2-3)-(0-1)],0.0001010894775390625,0.019372940063476562,6,True,6
WtfIAD`GH_b@B?@__OGE@?WC?OG?wG?GK?A@??wG?@`_?@l,[(20-23)-(18-19)-(15-22)-(14-21)-(12-13)-(10-11)-(9-17)-(8-16)-(6-7)-(4-5)-(2-3)-(0-1)],9.918212890625e-05,0.018561124801635742,6,True,6
WtfIAD`GH_b@B?@__OGE@?WC?OG?wG?GK?A@??wG?@`_?@l,[(20-23)-(18-19)-(15-22)-(14-21)-(12-13)-(10-11)-(9-17)-(8-16)-(6-7)-(4-5)-(2-3)-(0-1)],0.000102996826171875,0.08634710311889648,5,True,5
WtfIAD`GH_b@B?@__OGE@?WC?OG?wG?GK?A@??wG?@`_?@l,[(22-23)-(20-21)-(18-19)-(14-15)-(12-13)-(10-11)-(9-17)-(8-16)-(6-7)-(4-5)-(2-3)-(0-1)],9.822845458984375e-05,0.024567604064941406,7,True,7
WtfIAD`GH_b@B?@__OGE@?WC?OG?wG?GK?A@??wG?@`_?@l,[(22-23)-(20-21)-(18-19)-(14-15)-(12-13)-(10-11)-(9-17)-(8-16)-(6-7)-(4-5)-(2-3)-(0-1)],9.608268737792969e-05,0.3215963840484619,0,False,5
WtfIAD`GH_b@B?@__OGE@?WC?OG?wG?GK?A@??wG?@`_?@l,[(21-22)-(20-23)-(18-19)-(14-15)-(12-13)-(10-11)-(9-17)-(8-16)-(6-7)-(4-5)-(2-3)-(0-1)],0.00010061264038085938,0.029089689254760742,9,True,9
WtfIAD`GH_b@B?@__OGE@?WC?OG?wG?GK?A@??wG?@`_?@l,[(21-22)-(20-23)-(18-19)-(14-15)-(12-13)-(10-11)-(9-17)-(8-16)-(6-7)-(4-5)-(2-3)-(0-1)],9.870529174804688e-05,0.01555633544921875,5,True,5
WtfIID_GH_a@A@B__WWA@?WC?_G?_G?wC?CB??cG??w_??v,[(17-23)-(15-22)-(13-14)-(12-21)-(11-20)-(10-19)-(9-18)-(8-16)-(6-7)-(4-5)-(2-3)-(0-1)],9.441375732421875e-05,0.15784716606140137,5,True,6
WtfIID_GH_a@A@B__WWA@?WC?_G?_G?wC?CB??cG??w_??v,[(17-23)-(15-22)-(13-14)-(12-21)-(11-20)-(10-19)-(9-18)-(8-16)-(6-7)-(4-5)-(2-3)-(0-1)],0.00010061264038085938,0.019803285598754883,3,True,3
WtfIID_GH_a@A@B__WWA@?WC?_G?_G?wC?CB??cG??w_??v,[(21-23)-(17-22)-(14-15)-(12-13)-(11-20)-(10-19)-(9-18)-(8-16)-(6-7)-(4-5)-(2-3)-(0-1)],9.799003601074219e-05,0.021680593490600586,7,True,7
WtfIID_GH_a@A@B__WWA@?WC?_G?_G?wC?CB??cG??w_??v,[(21-23)-(17-22)-(14-15)-(12-13)-(11-20)-(10-19)-(9-18)-(8-16)-(6-7)-(4-5)-(2-3)-(0-1)],9.703636169433594e-05,0.06456661224365234,4,True,4
WtfIID_GH_a@A@B__WWA@?WC?_G?_G?wC?CB??cG??w_??v,[(21-22)-(17-23)-(14-15)-(12-13)-(11-20)-(10-19)-(9-18)-(8-16)-(6-7)-(4-5)-(2-3)-(0-1)],9.751319885253906e-05,0.014144659042358398,2,True,4
WtfIID_GH_a@A@B__WWA@?WC?_G?_G?wC?CB??cG??w_??v,[(21-22)-(17-23)-(14-15)-(12-13)-(11-20)-(10-19)-(9-18)-(8-16)-(6-7)-(4-5)-(2-3)-(0-1)],9.72747802734375e-05,0.011402130126953125,4,True,4
WtfIID_GH_a@A@B__WWA@?WC?_G?_G?wC?CB??cG??w_??v,[(20-23)-(17-22)-(15-21)-(13-14)-(11-12)-(10-19)-(9-18)-(8-16)-(6-7)-(4-5)-(2-3)-(0-1)],9.751319885253906e-05,0.008491992950439453,3,True,3
WtfIID_GH_a@A@B__WWA@?WC?_G?_G?wC?CB??cG??w_??v,[(20-23)-(17-22)-(15-21)-(13-14)-(11-12)-(10-19)-(9-18)-(8-16)-(6-7)-(4-5)-(2-3)-(0-1)],9.751319885253906e-05,0.013110160827636719,4,True,4
WtfIID_GH_a@A@B__WWA@?WC?_G?_G?wC?CB??cG??w_??v,[(20-21)-(17-23)-(15-22)-(13-14)-(11-12)-(10-19)-(9-18)-(8-16)-(6-7)-(4-5)-(2-3)-(0-1)],0.0001990795135498047,0.040665388107299805,4,True,7
WtfIID_GH_a@A@B__WWA@?WC?_G?_G?wC?CB??cG??w_??v,[(20-21)-(17-23)-(15-22)-(13-14)-(11-12)-(10-19)-(9-18)-(8-16)-(6-7)-(4-5)-(2-3)-(0-1)],9.679794311523438e-05,0.014461994171142578,4,True,4
WtfIID_GH_a@A@B__WWA@?WC?_G?_G?wC?CB??cG??w_??v,[(19-20)-(17-23)-(15-22)-(13-14)-(12-21)-(10-11)-(9-18)-(8-16)-(6-7)-(4-5)-(2-3)-(0-1)],9.72747802734375e-05,0.008769512176513672,3,True,3
WtfIID_GH_a@A@B__WWA@?WC?_G?_G?wC?CB??cG??w_??v,[(19-20)-(17-23)-(15-22)-(13-14)-(12-21)-(10-11)-(9-18)-(8-16)-(6-7)-(4-5)-(2-3)-(0-1)],9.799003601074219e-05,0.6469135284423828,0,False,6
WtfIID_GH_a@A@B__WWA@?WC?_G?_G?wC?CB??cG??w_??v,[(21-23)-(19-20)-(17-22)-(14-15)-(12-13)-(10-11)-(9-18)-(8-16)-(6-7)-(4-5)-(2-3)-(0-1)],9.918212890625e-05,0.30207300186157227,6,True,10
WtfIID_GH_a@A@B__WWA@?WC?_G?_G?wC?CB??cG??w_??v,[(21-23)-(19-20)-(17-22)-(14-15)-(12-13)-(10-11)-(9-18)-(8-16)-(6-7)-(4-5)-(2-3)-(0-1)],0.00010013580322265625,0.3192758560180664,5,True,6
WtfIID_GH_a@A@B__WWA@?WC?_G?_G?wC?CB??cG??w_??v,[(21-22)-(19-20)-(17-23)-(14-15)-(12-13)-(10-11)-(9-18)-(8-16)-(6-7)-(4-5)-(2-3)-(0-1)],9.72747802734375e-05,0.011289119720458984,4,True,4
WtfIID_GH_a@A@B__WWA@?WC?_G?_G?wC?CB??cG??w_??v,[(21-22)-(19-20)-(17-23)-(14-15)-(12-13)-(10-11)-(9-18)-(8-16)-(6-7)-(4-5)-(2-3)-(0-1)],9.560585021972656e-05,0.01446390151977539,5,True,5
WtfIID_GH_a@A@B__WWA@?WC?_G?_G?wC?CB??cG??w_??v,[(20-23)-(17-18)-(15-22)-(13-14)-(12-21)-(10-11)-(9-19)-(8-16)-(6-7)-(4-5)-(2-3)-(0-1)],9.5367431640625e-05,1.3815903663635254,0,False,8
WtfIID_GH_a@A@B__WWA@?WC?_G?_G?wC?CB??cG??w_??v,[(20-23)-(17-18)-(15-22)-(13-14)-(12-21)-(10-11)-(9-19)-(8-16)-(6-7)-(4-5)-(2-3)-(0-1)],9.584426879882812e-05,0.006004810333251953,2,True,2
WtfIID_GH_a@A@B__WWA@?WC?_G?_G?wC?CB??cG??w_??v,[(18-20)-(17-23)-(15-22)-(13-14)-(12-21)-(10-11)-(9-19)-(8-16)-(6-7)-(4-5)-(2-3)-(0-1)],9.751319885253906e-05,1.012977123260498,8,True,12
WtfIID_GH_a@A@B__WWA@?WC?_G?_G?wC?CB??cG??w_??v,[(18-20)-(17-23)-(15-22)-(13-14)-(12-21)-(10-11)-(9-19)-(8-16)-(6-7)-(4-5)-(2-3)-(0-1)],0.00010085105895996094,0.008774995803833008,3,True,3
WtfIID_GH_b?B`?p_GGB@?GC?OG?oG?WC??`??MG??X_??|,[(22-23)-(15-21)-(14-20)-(12-13)-(11-19)-(10-18)-(9-17)-(8-16)-(6-7)-(4-5)-(2-3)-(0-1)],9.608268737792969e-05,0.04025769233703613,10,True,11
WtfIID_GH_b?B`?p_GGB@?GC?OG?oG?WC??`??MG??X_??|,[(22-23)-(15-21)-(14-20)-(12-13)-(11-19)-(10-18)-(9-17)-(8-16)-(6-7)-(4-5)-(2-3)-(0-1)],0.0001010894775390625,0.015758752822875977,5,True,5
WtfIID_GH_b?B`?p_GGB@?GC?OG?oG?WC??`??MG??X_??|,[(22-23)-(20-21)-(14-15)-(12-13)-(11-19)-(10-18)-(9-17)-(8-16)-(6-7)-(4-5)-(2-3)-(0-1)],9.822845458984375e-05,0.02167057991027832,7,True,7
WtfIID_GH_b?B`?p_GGB@?GC?OG?oG?WC??`??MG??X_??|,[(22-23)-(20-21)-(14-15)-(12-13)-(11-19)-(10-18)-(9-17)-(8-16)-(6-7)-(4-5)-(2-3)-(0-1)],9.822845458984375e-05,0.018737077713012695,6,True,6
WtfIID_GH_b?B`?p_GGB@?GC?OG?oG?WC??`??MG??X_??|,[(21-22)-(20-23)-(14-15)-(12-13)-(11-19)-(10-18)-(9-17)-(8-16)-(6-7)-(4-5)-(2-3)-(0-1)],9.846687316894531e-05,0.014731884002685547,5,True,5
WtfIID_GH_b?B`?p_GGB@?GC?OG?oG?WC??`??MG??X_??|,[(21-22)-(20-23)-(14-15)-(12-13)-(11-19)-(10-18)-(9-17)-(8-16)-(6-7)-(4-5)-(2-3)-(0-1)],9.679794311523438e-05,0.016030550003051758,5,True,5
WtfIID_GH_b?B`?p_GGB@?GC?OG?oG?WC??`??MG??X_??|,[(22-23)-(19-20)-(15-21)-(13-14)-(11-12)-(10-18)-(9-17)-(8-16)-(6-7)-(4-5)-(2-3)-(0-1)],9.584426879882812e-05,0.01830744743347168,6,True,6
WtfIID_GH_b?B`?p_GGB@?GC?OG?oG?WC??`??MG??X_??|,[(22-23)-(19-20)-(15-21)-(13-14)-(11-12)-(10-18)-(9-17)-(8-16)-(6-7)-(4-5)-(2-3)-(0-1)],9.512901306152344e-05,0.037554264068603516,4,True,4
WtfIID_GH_b?B`?p_GGB@?GC?OG?oG?WC??`??MG??X_??|,[(20-22)-(19-23)-(15-21)-(13-14)-(11-12)-(10-18)-(9-17)-(8-16)-(6-7)-(4-5)-(2-3)-(0-1)],9.560585021972656e-05,0.09867310523986816,6,True,8
WtfIID_GH_b?B`?p_GGB@?GC?OG?oG?WC??`??MG??X_??|,[(20-22)-(19-23)-(15-21)-(13-14)-(11-12)-(10-18)-(9-17)-(8-16)-(6-7)-(4-5)-(2-3)-(0-1)],9.655952453613281e-05,0.02075648307800293,5,True,5
WtfIID_GH_b?B`?p_GGB@?GC?OG?oG?WC??`??MG??X_??|,[(20-22)-(18-23)-(15-21)-(13-14)-(11-12)-(10-19)-(9-17)-(8-16)-(6-7)-(4-5)-(2-3)-(0-1)],9.5367431640625e-05,0.013898849487304688,3,True,3
WtfIID_GH_b?B`?p_GGB@?GC?OG?oG?WC??`??MG??X_??|,[(20-22)-(18-23)-(15-21)-(13-14)-(11-12)-(10-19)-(9-17)-(8-16)-(6-7)-(4-5)-(2-3)-(0-1)],9.512901306152344e-05,0.029014110565185547,9,True,9
WtfIID_GH_b?B`?p_GGB@?GC?OG?oG?WC??`??MG??X_??|,[(20-23)-(17-22)-(15-21)-(13-14)-(11-12)-(10-19)-(9-18)-(8-16)-(6-7)-(4-5)-(2-3)-(0-1)],9.72747802734375e-05,0.0215456485748291,7,True,7
WtfIID_GH_b?B`?p_GGB@?GC?OG?oG?WC??`??MG??X_??|,[(20-23)-(17-22)-(15-21)-(13-14)-(11-12)-(10-19)-(9-18)-(8-16)-(6-7)-(4-5)-(2-3)-(0-1)],9.775161743164062e-05,0.005808591842651367,2,True,2
WtfIID_GH_b?B`?p_GGB@?GC?OG?oG?WC??`??MG??X_??|,[(20-22)-(17-23)-(15-21)-(13-14)-(11-12)-(10-19)-(9-18)-(8-16)-(6-7)-(4-5)-(2-3)-(0-1)],9.608268737792969e-05,0.029999971389770508,9,True,9
WtfIID_GH_b?B`?p_GGB@?GC?OG?oG?WC??`??MG??X_??|,[(20-22)-(17-23)-(15-21)-(13-14)-(11-12)-(10-19)-(9-18)-(8-16)-(6-7)-(4-5)-(2-3)-(0-1)],9.512901306152344e-05,0.17424798011779785,6,True,8
WtfIID_GH_b?B`?p_GGB@?GC?OG?oG?WC??`??MG??X_??|,[(22-23)-(17-18)-(15-21)-(14-20)-(12-13)-(11-19)-(9-10)-(8-16)-(6-7)-(4-5)-(2-3)-(0-1)],9.72747802734375e-05,0.031007766723632812,10,True,10
WtfIID_GH_b?B`?p_GGB@?GC?OG?oG?WC??`??MG??X_??|,[(22-23)-(17-18)-(15-21)-(14-20)-(12-13)-(11-19)-(9-10)-(8-16)-(6-7)-(4-5)-(2-3)-(0-1)],9.5367431640625e-05,0.016203641891479492,5,True,5
WtfIID_GH_b?B`?p_GGB@?GC?OG?oG?WC??`??MG??X_??|,[(18-23)-(17-22)-(15-21)-(14-20)-(12-13)-(11-19)-(9-10)-(8-16)-(6-7)-(4-5)-(2-3)-(0-1)],9.608268737792969e-05,0.02445507049560547,8,True,8
WtfIID_GH_b?B`?p_GGB@?GC?OG?oG?WC??`??MG??X_??|,[(18-23)-(17-22)-(15-21)-(14-20)-(12-13)-(11-19)-(9-10)-(8-16)-(6-7)-(4-5)-(2-3)-(0-1)],9.560585021972656e-05,0.016387462615966797,5,True,5
W|eII@`KGo@`@`?__WGA@?OC?oG?oG?[C?@@??[G??p_?@t,[(22-23)-(19-20)-(14-15)-(13-21)-(10-11)-(9-18)-(8-17)-(7-16)-(6-12)-(4-5)-(2-3)-(0-1)],9.083747863769531e-05,0.0035047531127929688,1,True,1
W|eII@`KGo@`@`?__WGA@?OC?oG?oG?[C?@@??[G??p_?@t,[(22-23)-(19-20)-(14-15)-(13-21)-(10-11)-(9-18)-(8-17)-(7-16)-(6-12)-(4-5)-(2-3)-(0-1)],9.226799011230469e-05,0.010805606842041016,3,True,3
W|eII@`KGo@`@`?__WGA@?OC?oG?oG?[C?@@??[G??p_?@t,[(22-23)-(19-20)-(15-21)-(13-14)-(10-11)-(9-18)-(8-17)-(7-16)-(6-12)-(4-5)-(2-3)-(0-1)],9.584426879882812e-05,0.005866527557373047,2,True,2
W|eII@`KGo@`@`?__WGA@?OC?oG?oG?[C?@@??[G??p_?@t,[(22-23)-(19-20)-(15-21)-(13-14)-(10-11)-(9-18)-(8-17)-(7-16)-(6-12)-(4-5)-(2-3)-(0-1)],9.369850158691406e-05,0.01482844352722168,5,True,5
W|eII@`KGo@`@`?__WGA@?OC?oG?oG?[C?@@??[G??p_?@t,[(17-23)-(15-22)-(14-21)-(13-20)-(11-19)-(10-18)-(8-9)-(7-16)-(6-12)-(4-5)-(2-3)-(0-1)],0.00010371208190917969,0.00359344482421875,1,True,1
W|eII@`KGo@`@`?__WGA@?OC?oG?oG?[C?@@??[G??p_?@t,[(17-23)-(15-22)-(14-21)-(13-20)-(11-19)-(10-18)-(8-9)-(7-16)-(6-12)-(4-5)-(2-3)-(0-1)],9.489059448242188e-05,0.05841565132141113,11,True,11
W|eII@`KGo@`@`?__WGA@?OC?oG?oG?[C?@@??[G??p_?@t,[(21-22)-(17-23)-(14-15)-(13-20)-(11-19)-(10-18)-(8-9)-(7-16)-(6-12)-(4-5)-(2-3)-(0-1)],9.703636169433594e-05,0.02145981788635254,0,False,4
W|eII@`KGo@`@`?__WGA@?OC?oG?oG?[C?@@??[G??p_?@t,[(21-22)-(17-23)-(14-15)-(13-20)-(11-19)-(10-18)-(8-9)-(7-16)-(6-12)-(4-5)-(2-3)-(0-1)],9.632110595703125e-05,1.583681344985962,0,False,13
W|eII@`KGo@`@`?__WGA@?OC?oG?oG?[C?@@??[G??p_?@t,[(20-22)-(17-23)-(14-15)-(13-21)-(11-19)-(10-18)-(8-9)-(7-16)-(6-12)-(4-5)-(2-3)-(0-1)],9.393692016601562e-05,0.03274941444396973,10,True,10
W|eII@`KGo@`@`?__WGA@?OC?oG?oG?[C?@@??[G??p_?@t,[(20-22)-(17-23)-(14-15)-(13-21)-(11-19)-(10-18)-(8-9)-(7-16)-(6-12)-(4-5)-(2-3)-(0-1)],9.5367431640625e-05,0.022844314575195312,7,True,7
W|eII@`KGo@`@`?__WGA@?OC?oG?oG?[C?@@??[G??p_?@t,[(20-22)-(17-23)-(15-21)-(13-14)-(11-19)-(10-18)-(8-9)-(7-16)-(6-12)-(4-5)-(2-3)-(0-1)],9.584426879882812e-05,1.4220688343048096,0,False,14
W|eII@`KGo@`@`?__WGA@?OC?oG?oG?[C?@@??[G??p_?@t,[(20-22)-(17-23)-(15-21)-(13-14)-(11-19)-(10-18)-(8-9)-(7-16)-(6-12)-(4-5)-(2-3)-(0-1)],9.417533874511719e-05,0.03218531608581543,6,True,6
W|eII@`KGo@`@`?__WGA@?OC?oG?oG?[C?@@??[G??p_?@t,[(20-21)-(17-23)-(15-22)-(13-14)-(11-19)-(10-18)-(8-9)-(7-16)-(6-12)-(4-5)-(2-3)-(0-1)],9.584426879882812e-05,0.01183772087097168,4,True,4
W|eII@`KGo@`@`?__WGA@?OC?oG?oG?[C?@@??[G??p_?@t,[(20-21)-(17-23)-(15-22)-(13-14)-(11-19)-(10-18)-(8-9)-(7-16)-(6-12)-(4-5)-(2-3)-(0-1)],9.393692016601562e-05,0.017874717712402344,6,True,6
W|eII@`KGo@`@`?__WGA@?OC?oG?oG?[C?@@??[G??p_?@t,[(18-19)-(17-23)-(15-22)-(14-21)-(13-20)-(10-11)-(8-9)-(7-16)-(6-12)-(4-5)-(2-3)-(0-1)],9.560585021972656e-05,0.0034995079040527344,1,True,1
W|eII@`KGo@`@`?__WGA@?OC?oG?oG?[C?@@??[G??p_?@t,[(18-19)-(17-23)-(15-22)-(14-21)-(13-20)-(10-11)-(8-9)-(7-16)-(6-12)-(4-5)-(2-3)-(0-1)],0.00011014938354492188,0.028324365615844727,8,True,8
W|eII@`KGo@`@`?__WGA@?OC?oG?oG?[C?@@??[G??p_?@t,[(21-22)-(18-19)-(17-23)-(14-15)-(13-20)-(10-11)-(8-9)-(7-16)-(6-12)-(4-5)-(2-3)-(0-1)],9.34600830078125e-05,0.02157282829284668,0,False,7
W|eII@`KGo@`@`?__WGA@?OC?oG?oG?[C?@@??[G??p_?@t,[(21-22)-(18-19)-(17-23)-(14-15)-(13-20)-(10-11)-(8-9)-(7-16)-(6-12)-(4-5)-(2-3)-(0-1)],9.250640869140625e-05,0.02835988998413086,8,True,8
W|eII@`KGo@`@`?__WGA@?OC?oG?oG?[C?@@??[G??p_?@t,[(22-23)-(19-20)-(17-18)-(14-15)-(13-21)-(10-11)-(8-9)-(7-16)-(6-12)-(4-5)-(2-3)-(0-1)],9.489059448242188e-05,0.005784034729003906,2,True,2
W|eII@`KGo@`@`?__WGA@?OC?oG?oG?[C?@@??[G??p_?@t,[(22-23)-(19-20)-(17-18)-(14-15)-(13-21)-(10-11)-(8-9)-(7-16)-(6-12)-(4-5)-(2-3)-(0-1)],9.179115295410156e-05,0.7397072315216064,0,False,5
WtfIID`GH?a@E?B?_OGE??[C?WW?WG?GC?E@??wG?@B_?EX,[(15-23)-(14-22)-(13-21)-(12-20)-(11-19)-(10-18)-(9-17)-(8-16)-(6-7)-(4-5)-(2-3)-(0-1)],9.560585021972656e-05,0.011324405670166016,2,True,3
WtfIID`GH?a@E?B?_OGE??[C?WW?WG?GC?E@??wG?@B_?EX,[(15-23)-(14-22)-(13-21)-(12-20)-(11-19)-(10-18)-(9-17)-(8-16)-(6-7)-(4-5)-(2-3)-(0-1)],9.822845458984375e-05,1.176367998123169,0,False,7
WtfIID`GH?a@E?B?_OGE??[C?WW?WG?GC?E@??wG?@B_?EX,[(21-22)-(15-23)-(13-14)-(12-20)-(11-19)-(10-18)-(9-17)-(8-16)-(6-7)-(4-5)-(2-3)-(0-1)],9.703636169433594e-05,0.011667966842651367,4,True,4
WtfIID`GH?a@E?B?_OGE??[C?WW?WG?GC?E@??wG?@B_?EX,[(21-22)-(15-23)-(13-14)-(12-20)-(11-19)-(10-18)-(9-17)-(8-16)-(6-7)-(4-5)-(2-3)-(0-1)],9.655952453613281e-05,0.020179271697998047,6,True,6
WtfIID`GH?a@E?B?_OGE??[C?WW?WG?GC?E@??wG?@B_?EX,[(20-22)-(15-23)-(13-14)-(12-21)-(11-19)-(10-18)-(9-17)-(8-16)-(6-7)-(4-5)-(2-3)-(0-1)],9.608268737792969e-05,0.01799321174621582,4,True,5
WtfIID`GH?a@E?B?_OGE??[C?WW?WG?GC?E@??wG?@B_?EX,[(20-22)-(15-23)-(13-14)-(12-21)-(11-19)-(10-18)-(9-17)-(8-16)-(6-7)-(4-5)-(2-3)-(0-1)],9.441375732421875e-05,0.03025078773498535,6,True,6
WtfIID`GH?a@E?B?_OGE??[C?WW?WG?GC?E@??wG?@B_?EX,[(20-22)-(15-23)-(14-21)-(12-13)-(11-19)-(10-18)-(9-17)-(8-16)-(6-7)-(4-5)-(2-3)-(0-1)],9.584426879882812e-05,0.02076554298400879,5,True,6
WtfIID`GH?a@E?B?_OGE??[C?WW?WG?GC?E@??wG?@B_?EX,[(20-22)-(15-23)-(14-21)-(12-13)-(11-19)-(10-18)-(9-17)-(8-16)-(6-7)-(4-5)-(2-3)-(0-1)],9.465217590332031e-05,0.025431156158447266,5,True,5
WtfIID`GH?a@E?B?_OGE??[C?WW?WG?GC?E@??wG?@B_?EX,[(20-21)-(15-23)-(14-22)-(12-13)-(11-19)-(10-18)-(9-17)-(8-16)-(6-7)-(4-5)-(2-3)-(0-1)],9.679794311523438e-05,0.014480352401733398,3,True,4
WtfIID`GH?a@E?B?_OGE??[C?WW?WG?GC?E@??wG?@B_?EX,[(20-21)-(15-23)-(14-22)-(12-13)-(11-19)-(10-18)-(9-17)-(8-16)-(6-7)-(4-5)-(2-3)-(0-1)],9.489059448242188e-05,0.014394044876098633,3,True,4
WtfIID`GH?a@E?B?_OGE??[C?WW?WG?GC?E@??wG?@B_?EX,[(19-22)-(15-23)-(13-14)-(12-21)-(11-20)-(10-18)-(9-17)-(8-16)-(6-7)-(4-5)-(2-3)-(0-1)],9.560585021972656e-05,0.017611265182495117,4,True,5
WtfIID`GH?a@E?B?_OGE??[C?WW?WG?GC?E@??wG?@B_?EX,[(19-22)-(15-23)-(13-14)-(12-21)-(11-20)-(10-18)-(9-17)-(8-16)-(6-7)-(4-5)-(2-3)-(0-1)],9.441375732421875e-05,0.018096208572387695,6,True,6
WtfIID`GH?a@E?B?_OGE??[C?WW?WG?GC?E@??wG?@B_?EX,[(19-22)-(15-23)-(14-21)-(12-13)-(11-20)-(10-18)-(9-17)-(8-16)-(6-7)-(4-5)-(2-3)-(0-1)],0.00010013580322265625,0.05126523971557617,5,True,6
WtfIID`GH?a@E?B?_OGE??[C?WW?WG?GC?E@??wG?@B_?EX,[(19-22)-(15-23)-(14-21)-(12-13)-(11-20)-(10-18)-(9-17)-(8-16)-(6-7)-(4-5)-(2-3)-(0-1)],9.560585021972656e-05,0.024641990661621094,8,True,8
WtfIID`GH?a@E?B?_OGE??[C?WW?WG?GC?E@??wG?@B_?EX,[(18-19)-(15-23)-(14-22)-(13-21)-(12-20)-(10-11)-(9-17)-(8-16)-(6-7)-(4-5)-(2-3)-(0-1)],9.584426879882812e-05,0.014508485794067383,3,True,4
WtfIID`GH?a@E?B?_OGE??[C?WW?WG?GC?E@??wG?@B_?EX,[(18-19)-(15-23)-(14-22)-(13-21)-(12-20)-(10-11)-(9-17)-(8-16)-(6-7)-(4-5)-(2-3)-(0-1)],9.5367431640625e-05,1.2748103141784668,0,False,7
WtfIID`GH?a@E?B?_OGE??[C?WW?WG?GC?E@??wG?@B_?EX,[(21-22)-(18-19)-(15-23)-(13-14)-(12-20)-(10-11)-(9-17)-(8-16)-(6-7)-(4-5)-(2-3)-(0-1)],9.775161743164062e-05,0.014795541763305664,3,True,4
WtfIID`GH?a@E?B?_OGE??[C?WW?WG?GC?E@??wG?@B_?EX,[(21-22)-(18-19)-(15-23)-(13-14)-(12-20)-(10-11)-(9-17)-(8-16)-(6-7)-(4-5)-(2-3)-(0-1)],9.632110595703125e-05,0.019883155822753906,6,True,6
WtfIID`GH?a@E?B?_OGE??[C?WW?WG?GC?E@??wG?@B_?EX,[(20-22)-(18-19)-(15-23)-(13-14)-(12-21)-(10-11)-(9-17)-(8-16)-(6-7)-(4-5)-(2-3)-(0-1)],9.775161743164062e-05,0.03961658477783203,8,True,8
WtfIID`GH?a@E?B?_OGE??[C?WW?WG?GC?E@??wG?@B_?EX,[(20-22)-(18-19)-(15-23)-(13-14)-(12-21)-(10-11)-(9-17)-(8-16)-(6-7)-(4-5)-(2-3)-(0-1)],9.751319885253906e-05,0.038068532943725586,6,True,6
W|eAID`K?o`@B@@?_oGE??WC?oG?wG?M??@`??KG??w_??^,[(22-23)-(15-21)-(14-20)-(12-13)-(11-19)-(9-18)-(8-17)-(7-16)-(5-6)-(4-10)-(2-3)-(0-1)],9.298324584960938e-05,0.0035402774810791016,1,True,1
W|eAID`K?o`@B@@?_oGE??WC?oG?wG?M??@`??KG??w_??^,[(22-23)-(15-21)-(14-20)-(12-13)-(11-19)-(9-18)-(8-17)-(7-16)-(5-6)-(4-10)-(2-3)-(0-1)],9.465217590332031e-05,0.030211210250854492,8,True,8
W|eAID`K?o`@B@@?_oGE??WC?oG?wG?M??@`??KG??w_??^,[(21-23)-(15-22)-(14-20)-(12-13)-(11-19)-(9-18)-(8-17)-(7-16)-(5-6)-(4-10)-(2-3)-(0-1)],9.894371032714844e-05,0.014349222183227539,3,True,3
W|eAID`K?o`@B@@?_oGE??WC?oG?wG?M??@`??KG??w_??^,[(21-23)-(15-22)-(14-20)-(12-13)-(11-19)-(9-18)-(8-17)-(7-16)-(5-6)-(4-10)-(2-3)-(0-1)],9.417533874511719e-05,0.20132160186767578,9,True,9
W|eAID`K?o`@B@@?_oGE??WC?oG?wG?M??@`??KG??w_??^,[(20-23)-(15-22)-(14-21)-(12-13)-(11-19)-(9-18)-(8-17)-(7-16)-(5-6)-(4-10)-(2-3)-(0-1)],9.799003601074219e-05,0.02046060562133789,3,True,3
W|eAID`K?o`@B@@?_oGE??WC?oG?wG?M??@`??KG??w_??^,[(20-23)-(15-22)-(14-21)-(12-13)-(11-19)-(9-18)-(8-17)-(7-16)-(5-6)-(4-10)-(2-3)-(0-1)],9.679794311523438e-05,0.016878128051757812,5,True,5
W|eAID`K?o`@B@@?_oGE??WC?oG?wG?M??@`??KG??w_??^,[(22-23)-(15-21)-(14-20)-(13-19)-(11-12)-(9-18)-(8-17)-(7-16)-(5-6)-(4-10)-(2-3)-(0-1)],0.00010085105895996094,0.006013631820678711,2,True,2
W|eAID`K?o`@B@@?_oGE??WC?oG?wG?M??@`??KG??w_??^,[(22-23)-(15-21)-(14-20)-(13-19)-(11-12)-(9-18)-(8-17)-(7-16)-(5-6)-(4-10)-(2-3)-(0-1)],9.608268737792969e-05,0.029073476791381836,7,True,7
W|eAID`K?o`@B@@?_oGE??WC?oG?wG?M??@`??KG??w_??^,[(21-23)-(15-22)-(14-20)-(13-19)-(11-12)-(9-18)-(8-17)-(7-16)-(5-6)-(4-10)-(2-3)-(0-1)],9.512901306152344e-05,1.2978718280792236,0,False,7
W|eAID`K?o`@B@@?_oGE??WC?oG?wG?M??@`??KG??w_??^,[(21-23)-(15-22)-(14-20)-(13-19)-(11-12)-(9-18)-(8-17)-(7-16)-(5-6)-(4-10)-(2-3)-(0-1)],9.679794311523438e-05,0.008797407150268555,3,True,3
W|eAID`K?o`@B@@?_oGE??WC?oG?wG?M??@`??KG??w_??^,[(20-23)-(15-22)-(14-21)-(13-19)-(11-12)-(9-18)-(8-17)-(7-16)-(5-6)-(4-10)-(2-3)-(0-1)],9.655952453613281e-05,0.0493617057800293,7,True,7
W|eAID`K?o`@B@@?_oGE??WC?oG?wG?M??@`??KG??w_??^,[(20-23)-(15-22)-(14-21)-(13-19)-(11-12)-(9-18)-(8-17)-(7-16)-(5-6)-(4-10)-(2-3)-(0-1)],9.608268737792969e-05,0.01621246337890625,5,True,5
W|eAID`K?o`@B@@?_oGE??WC?oG?wG?M??@`??KG??w_??^,[(19-23)-(15-22)-(14-21)-(13-20)-(11-12)-(9-18)-(8-17)-(7-16)-(5-6)-(4-10)-(2-3)-(0-1)],9.608268737792969e-05,0.06444025039672852,5,True,6
W|eAID`K?o`@B@@?_oGE??WC?oG?wG?M??@`??KG??w_??^,[(19-23)-(15-22)-(14-21)-(13-20)-(11-12)-(9-18)-(8-17)-(7-16)-(5-6)-(4-10)-(2-3)-(0-1)],9.441375732421875e-05,0.03821110725402832,4,True,6
W|eAID`K?o`@B@@?_oGE??WC?oG?wG?M??@`??KG??w_??^,[(22-23)-(19-20)-(15-21)-(13-14)-(11-12)-(9-18)-(8-17)-(7-16)-(5-6)-(4-10)-(2-3)-(0-1)],9.560585021972656e-05,1.651392936706543,0,False,16
W|eAID`K?o`@B@@?_oGE??WC?oG?wG?M??@`??KG??w_??^,[(22-23)-(19-20)-(15-21)-(13-14)-(11-12)-(9-18)-(8-17)-(7-16)-(5-6)-(4-10)-(2-3)-(0-1)],9.608268737792969e-05,0.0016186237335205078,0,True,0
W|eAID`K?o`@B@@?_oGE??WC?oG?wG?M??@`??KG??w_??^,[(21-23)-(19-20)-(15-22)-(13-14)-(11-12)-(9-18)-(8-17)-(7-16)-(5-6)-(4-10)-(2-3)-(0-1)],9.369850158691406e-05,0.021080732345581055,5,True,5
W|eAID`K?o`@B@@?_oGE??WC?oG?wG?M??@`??KG??w_??^,[(21-23)-(19-20)-(15-22)-(13-14)-(11-12)-(9-18)-(8-17)-(7-16)-(5-6)-(4-10)-(2-3)-(0-1)],9.298324584960938e-05,0.15461325645446777,0,False,7
W|eAID`K?o`@B@@?_oGE??WC?oG?wG?M??@`??KG??w_??^,[(20-21)-(19-23)-(15-22)-(13-14)-(11-12)-(9-18)-(8-17)-(7-16)-(5-6)-(4-10)-(2-3)-(0-1)],9.512901306152344e-05,0.010878801345825195,3,True,3
W|eAID`K?o`@B@@?_oGE??WC?oG?wG?M??@`??KG??w_??^,[(20-21)-(19-23)-(15-22)-(13-14)-(11-12)-(9-18)-(8-17)-(7-16)-(5-6)-(4-10)-(2-3)-(0-1)],9.34600830078125e-05,1.444188117980957,0,False,9
WtbIID`GH_a@E@A?`?GK@?oC@oG?o??GC?F@??WW?@E_?Bp,[(15-23)-(14-22)-(13-21)-(12-20)-(11-19)-(10-18)-(8-9)-(7-17)-(6-16)-(4-5)-(2-3)-(0-1)],9.369850158691406e-05,0.017002582550048828,5,True,5
WtbIID`GH_a@E@A?`?GK@?oC@oG?o??GC?F@??WW?@E_?Bp,[(15-23)-(14-22)-(13-21)-(12-20)-(11-19)-(10-18)-(8-9)-(7-17)-(6-16)-(4-5)-(2-3)-(0-1)],9.72747802734375e-05,0.03677082061767578,8,True,8
WtbIID`GH_a@E@A?`?GK@?oC@oG?o??GC?F@??WW?@E_?Bp,[(22-23)-(14-15)-(13-21)-(12-20)-(11-19)-(10-18)-(8-9)-(7-17)-(6-16)-(4-5)-(2-3)-(0-1)],9.775161743164062e-05,0.07244515419006348,8,True,9
WtbIID`GH_a@E@A?`?GK@?oC@oG?o??GC?F@??WW?@E_?Bp,[(22-23)-(14-15)-(13-21)-(12-20)-(11-19)-(10-18)-(8-9)-(7-17)-(6-16)-(4-5)-(2-3)-(0-1)],9.918212890625e-05,0.05749154090881348,6,True,6
WtbIID`GH_a@E@A?`?GK@?oC@oG?o??GC?F@??WW?@E_?Bp,[(21-22)-(15-23)-(13-14)-(12-20)-(11-19)-(10-18)-(8-9)-(7-17)-(6-16)-(4-5)-(2-3)-(0-1)],9.942054748535156e-05,0.022585630416870117,7,True,7
WtbIID`GH_a@E@A?`?GK@?oC@oG?o??GC?F@??WW?@E_?Bp,[(21-22)-(15-23)-(13-14)-(12-20)-(11-19)-(10-18)-(8-9)-(7-17)-(6-16)-(4-5)-(2-3)-(0-1)],9.775161743164062e-05,0.9069323539733887,4,True,13
WtbIID`GH_a@E@A?`?GK@?oC@oG?o??GC?F@??WW?@E_?Bp,[(20-21)-(15-23)-(14-22)-(12-13)-(11-19)-(10-18)-(8-9)-(7-17)-(6-16)-(4-5)-(2-3)-(0-1)],9.72747802734375e-05,0.014632940292358398,4,True,4
WtbIID`GH_a@E@A?`?GK@?oC@oG?o??GC?F@??WW?@E_?Bp,[(20-21)-(15-23)-(14-22)-(12-13)-(11-19)-(10-18)-(8-9)-(7-17)-(6-16)-(4-5)-(2-3)-(0-1)],9.679794311523438e-05,0.025356054306030273,8,True,8
WtbIID`GH_a@E@A?`?GK@?oC@oG?o??GC?F@??WW?@E_?Bp,[(22-23)-(20-21)-(14-15)-(12-13)-(11-19)-(10-18)-(8-9)-(7-17)-(6-16)-(4-5)-(2-3)-(0-1)],9.608268737792969e-05,0.01412510871887207,0,False,2
WtbIID`GH_a@E@A?`?GK@?oC@oG?o??GC?F@??WW?@E_?Bp,[(22-23)-(20-21)-(14-15)-(12-13)-(11-19)-(10-18)-(8-9)-(7-17)-(6-16)-(4-5)-(2-3)-(0-1)],9.584426879882812e-05,0.039849042892456055,5,True,5
WtbIID`GH_a@E@A?`?GK@?oC@oG?o??GC?F@??WW?@E_?Bp,[(19-22)-(15-23)-(14-21)-(12-13)-(11-20)-(10-18)-(8-9)-(7-17)-(6-16)-(4-5)-(2-3)-(0-1)],9.846687316894531e-05,0.009066343307495117,3,True,3
WtbIID`GH_a@E@A?`?GK@?oC@oG?o??GC?F@??WW?@E_?Bp,[(19-22)-(15-23)-(14-21)-(12-13)-(11-20)-(10-18)-(8-9)-(7-17)-(6-16)-(4-5)-(2-3)-(0-1)],9.5367431640625e-05,0.03628110885620117,10,True,10
WtbIID`GH_a@E@A?`?GK@?oC@oG?o??GC?F@??WW?@E_?Bp,[(19-21)-(15-23)-(14-22)-(12-13)-(11-20)-(10-18)-(8-9)-(7-17)-(6-16)-(4-5)-(2-3)-(0-1)],9.703636169433594e-05,0.008607625961303711,3,True,3
WtbIID`GH_a@E@A?`?GK@?oC@oG?o??GC?F@??WW?@E_?Bp,[(19-21)-(15-23)-(14-22)-(12-13)-(11-20)-(10-18)-(8-9)-(7-17)-(6-16)-(4-5)-(2-3)-(0-1)],9.703636169433594e-05,0.025102853775024414,8,True,8
WtbIID`GH_a@E@A?`?GK@?oC@oG?o??GC?F@??WW?@E_?Bp,[(22-23)-(19-21)-(14-15)-(12-13)-(11-20)-(10-18)-(8-9)-(7-17)-(6-16)-(4-5)-(2-3)-(0-1)],9.632110595703125e-05,0.018550634384155273,6,True,6
WtbIID`GH_a@E@A?`?GK@?oC@oG?o??GC?F@??WW?@E_?Bp,[(22-23)-(19-21)-(14-15)-(12-13)-(11-20)-(10-18)-(8-9)-(7-17)-(6-16)-(4-5)-(2-3)-(0-1)],9.489059448242188e-05,0.1538240909576416,9,True,9
WtbIID`GH_a@E@A?`?GK@?oC@oG?o??GC?F@??WW?@E_?Bp,[(19-22)-(15-23)-(14-21)-(13-20)-(11-12)-(10-18)-(8-9)-(7-17)-(6-16)-(4-5)-(2-3)-(0-1)],9.72747802734375e-05,0.136932373046875,9,True,9
WtbIID`GH_a@E@A?`?GK@?oC@oG?o??GC?F@??WW?@E_?Bp,[(19-22)-(15-23)-(14-21)-(13-20)-(11-12)-(10-18)-(8-9)-(7-17)-(6-16)-(4-5)-(2-3)-(0-1)],9.846687316894531e-05,0.012662172317504883,4,True,4
WtbIID`GH_a@E@A?`?GK@?oC@oG?o??GC?F@??WW?@E_?Bp,[(19-21)-(15-23)-(14-22)-(13-20)-(11-12)-(10-18)-(8-9)-(7-17)-(6-16)-(4-5)-(2-3)-(0-1)],9.894371032714844e-05,0.006033420562744141,2,True,2
WtbIID`GH_a@E@A?`?GK@?oC@oG?o??GC?F@??WW?@E_?Bp,[(19-21)-(15-23)-(14-22)-(13-20)-(11-12)-(10-18)-(8-9)-(7-17)-(6-16)-(4-5)-(2-3)-(0-1)],9.751319885253906e-05,0.1292724609375,5,True,5
W|eIID_GG_a@A@B?_oGE@?O?@_G@_G?oC?KH?@e??F__?@{,[(16-23)-(14-15)-(13-22)-(12-21)-(11-20)-(10-19)-(9-18)-(8-17)-(6-7)-(4-5)-(2-3)-(0-1)],9.179115295410156e-05,0.01766061782836914,6,True,6
W|eIID_GG_a@A@B?_oGE@?O?@_G@_G?oC?KH?@e??F__?@{,[(16-23)-(14-15)-(13-22)-(12-21)-(11-20)-(10-19)-(9-18)-(8-17)-(6-7)-(4-5)-(2-3)-(0-1)],9.393692016601562e-05,0.0035140514373779297,1,True,1
W|eIID_GG_a@A@B?_oGE@?O?@_G@_G?oC?KH?@e??F__?@{,[(16-23)-(15-22)-(13-14)-(12-21)-(11-20)-(10-19)-(9-18)-(8-17)-(6-7)-(4-5)-(2-3)-(0-1)],9.632110595703125e-05,0.012432336807250977,4,True,4
W|eIID_GG_a@A@B?_oGE@?O?@_G@_G?oC?KH?@e??F__?@{,[(16-23)-(15-22)-(13-14)-(12-21)-(11-20)-(10-19)-(9-18)-(8-17)-(6-7)-(4-5)-(2-3)-(0-1)],9.34600830078125e-05,0.005818605422973633,2,True,2
W|eIID_GG_a@A@B?_oGE@?O?@_G@_G?oC?KH?@e??F__?@{,[(16-23)-(15-21)-(13-14)-(12-22)-(11-20)-(10-19)-(9-18)-(8-17)-(6-7)-(4-5)-(2-3)-(0-1)],9.393692016601562e-05,0.017226219177246094,6,True,6
W|eIID_GG_a@A@B?_oGE@?O?@_G@_G?oC?KH?@e??F__?@{,[(16-23)-(15-21)-(13-14)-(12-22)-(11-20)-(10-19)-(9-18)-(8-17)-(6-7)-(4-5)-(2-3)-(0-1)],9.322166442871094e-05,0.014040708541870117,0,False,2
W|eIID_GG_a@A@B?_oGE@?O?@_G@_G?oC?KH?@e??F__?@{,[(16-23)-(15-21)-(14-22)-(12-13)-(11-20)-(10-19)-(9-18)-(8-17)-(6-7)-(4-5)-(2-3)-(0-1)],9.34600830078125e-05,0.21393275260925293,7,True,8
W|eIID_GG_a@A@B?_oGE@?O?@_G@_G?oC?KH?@e??F__?@{,[(16-23)-(15-21)-(14-22)-(12-13)-(11-20)-(10-19)-(9-18)-(8-17)-(6-7)-(4-5)-(2-3)-(0-1)],9.679794311523438e-05,0.011630535125732422,4,True,4
W|eIID_GG_a@A@B?_oGE@?O?@_G@_G?oC?KH?@e??F__?@{,[(21-22)-(16-23)-(14-15)-(12-13)-(11-20)-(10-19)-(9-18)-(8-17)-(6-7)-(4-5)-(2-3)-(0-1)],9.72747802734375e-05,0.006025791168212891,2,True,2
W|eIID_GG_a@A@B?_oGE@?O?@_G@_G?oC?KH?@e??F__?@{,[(21-22)-(16-23)-(14-15)-(12-13)-(11-20)-(10-19)-(9-18)-(8-17)-(6-7)-(4-5)-(2-3)-(0-1)],9.560585021972656e-05,0.0038046836853027344,1,True,1
W|eIID_GG_a@A@B?_oGE@?O?@_G@_G?oC?KH?@e??F__?@{,[(20-23)-(16-21)-(14-15)-(13-22)-(11-12)-(10-19)-(9-18)-(8-17)-(6-7)-(4-5)-(2-3)-(0-1)],9.632110595703125e-05,0.015098094940185547,5,True,5
W|eIID_GG_a@A@B?_oGE@?O?@_G@_G?oC?KH?@e??F__?@{,[(20-23)-(16-21)-(14-15)-(13-22)-(11-12)-(10-19)-(9-18)-(8-17)-(6-7)-(4-5)-(2-3)-(0-1)],9.655952453613281e-05,0.005965471267700195,2,True,2
W|eIID_GG_a@A@B?_oGE@?O?@_G@_G?oC?KH?@e??F__?@{,[(20-23)-(16-21)-(15-22)-(13-14)-(11-12)-(10-19)-(9-18)-(8-17)-(6-7)-(4-5)-(2-3)-(0-1)],9.441375732421875e-05,0.012497663497924805,4,True,4
W|eIID_GG_a@A@B?_oGE@?O?@_G@_G?oC?KH?@e??F__?@{,[(20-23)-(16-21)-(15-22)-(13-14)-(11-12)-(10-19)-(9-18)-(8-17)-(6-7)-(4-5)-(2-3)-(0-1)],9.465217590332031e-05,0.09867072105407715,0,False,4
W|eIID_GG_a@A@B?_oGE@?O?@_G@_G?oC?KH?@e??F__?@{,[(19-23)-(16-21)-(14-15)-(13-22)-(11-12)-(10-20)-(9-18)-(8-17)-(6-7)-(4-5)-(2-3)-(0-1)],9.441375732421875e-05,0.018085956573486328,6,True,6
W|eIID_GG_a@A@B?_oGE@?O?@_G@_G?oC?KH?@e??F__?@{,[(19-23)-(16-21)-(14-15)-(13-22)-(11-12)-(10-20)-(9-18)-(8-17)-(6-7)-(4-5)-(2-3)-(0-1)],9.369850158691406e-05,0.014024972915649414,0,False,2
W|eIID_GG_a@A@B?_oGE@?O?@_G@_G?oC?KH?@e??F__?@{,[(19-23)-(16-21)-(15-22)-(13-14)-(11-12)-(10-20)-(9-18)-(8-17)-(6-7)-(4-5)-(2-3)-(0-1)],9.393692016601562e-05,0.031082630157470703,8,True,8
W|eIID_GG_a@A@B?_oGE@?O?@_G@_G?oC?KH?@e??F__?@{,[(19-23)-(16-21)-(15-22)-(13-14)-(11-12)-(10-20)-(9-18)-(8-17)-(6-7)-(4-5)-(2-3)-(0-1)],9.369850158691406e-05,0.01165914535522461,4,True,4
W|eIID_GG_a@A@B?_oGE@?O?@_G@_G?oC?KH?@e??F__?@{,[(19-23)-(16-20)-(14-15)-(13-22)-(12-21)-(10-11)-(9-18)-(8-17)-(6-7)-(4-5)-(2-3)-(0-1)],9.393692016601562e-05,0.03778672218322754,4,True,6
W|eIID_GG_a@A@B?_oGE@?O?@_G@_G?oC?KH?@e??F__?@{,[(19-23)-(16-20)-(14-15)-(13-22)-(12-21)-(10-11)-(9-18)-(8-17)-(6-7)-(4-5)-(2-3)-(0-1)],9.608268737792969e-05,0.008539199829101562,2,True,2
W|eIID_GG_a@A@B?_oGE@?Oc@_?@_G?oC?K@?@BG?Fo???},[(21-23)-(14-15)-(13-22)-(12-16)-(11-20)-(10-19)-(9-18)-(8-17)-(6-7)-(4-5)-(2-3)-(0-1)],9.131431579589844e-05,0.3246476650238037,0,False,6
W|eIID_GG_a@A@B?_oGE@?Oc@_?@_G?oC?K@?@BG?Fo???},[(21-23)-(14-15)-(13-22)-(12-16)-(11-20)-(10-19)-(9-18)-(8-17)-(6-7)-(4-5)-(2-3)-(0-1)],9.870529174804688e-05,0.0036995410919189453,1,True,1
W|eIID_GG_a@A@B?_oGE@?Oc@_?@_G?oC?K@?@BG?Fo???},[(21-23)-(15-22)-(13-14)-(12-16)-(11-20)-(10-19)-(9-18)-(8-17)-(6-7)-(4-5)-(2-3)-(0-1)],9.679794311523438e-05,0.7221972942352295,0,False,9
W|eIID_GG_a@A@B?_oGE@?Oc@_?@_G?oC?K@?@BG?Fo???},[(21-23)-(15-22)-(13-14)-(12-16)-(11-20)-(10-19)-(9-18)-(8-17)-(6-7)-(4-5)-(2-3)-(0-1)],0.00010085105895996094,0.006003856658935547,2,True,2
W|eIID_GG_a@A@B?_oGE@?Oc@_?@_G?oC?K@?@BG?Fo???},[(21-23)-(15-16)-(13-14)-(12-22)-(11-20)-(10-19)-(9-18)-(8-17)-(6-7)-(4-5)-(2-3)-(0-1)],9.989738464355469e-05,0.024278640747070312,0,False,3
W|eIID_GG_a@A@B?_oGE@?Oc@_?@_G?oC?K@?@BG?Fo???},[(21-23)-(15-16)-(13-14)-(12-22)-(11-20)-(10-19)-(9-18)-(8-17)-(6-7)-(4-5)-(2-3)-(0-1)],9.965896606445312e-05,0.014306068420410156,0,False,2
W|eIID_GG_a@A@B?_oGE@?Oc@_?@_G?oC?K@?@BG?Fo???},[(21-23)-(15-16)-(14-22)-(12-13)-(11-20)-(10-19)-(9-18)-(8-17)-(6-7)-(4-5)-(2-3)-(0-1)],9.632110595703125e-05,0.018276214599609375,4,True,5
W|eIID_GG_a@A@B?_oGE@?Oc@_?@_G?oC?K@?@BG?Fo???},[(21-23)-(15-16)-(14-22)-(12-13)-(11-20)-(10-19)-(9-18)-(8-17)-(6-7)-(4-5)-(2-3)-(0-1)],9.5367431640625e-05,0.00833439826965332,3,True,3
W|eIID_GG_a@A@B?_oGE@?Oc@_?@_G?oC?K@?@BG?Fo???},[(21-23)-(16-22)-(14-15)-(12-13)-(11-20)-(10-19)-(9-18)-(8-17)-(6-7)-(4-5)-(2-3)-(0-1)],9.942054748535156e-05,0.03623700141906738,0,False,4
W|eIID_GG_a@A@B?_oGE@?Oc@_?@_G?oC?K@?@BG?Fo???},[(21-23)-(16-22)-(14-15)-(12-13)-(11-20)-(10-19)-(9-18)-(8-17)-(6-7)-(4-5)-(2-3)-(0-1)],9.560585021972656e-05,0.0035207271575927734,1,True,1
W|eIID_GG_a@A@B?_oGE@?Oc@_?@_G?oC?K@?@BG?Fo???},[(20-23)-(14-15)-(13-22)-(12-16)-(11-21)-(10-19)-(9-18)-(8-17)-(6-7)-(4-5)-(2-3)-(0-1)],9.775161743164062e-05,0.01473546028137207,5,True,5
W|eIID_GG_a@A@B?_oGE@?Oc@_?@_G?oC?K@?@BG?Fo???},[(20-23)-(14-15)-(13-22)-(12-16)-(11-21)-(10-19)-(9-18)-(8-17)-(6-7)-(4-5)-(2-3)-(0-1)],9.608268737792969e-05,0.0037131309509277344,1,True,1
W|eIID_GG_a@A@B?_oGE@?Oc@_?@_G?oC?K@?@BG?Fo???},[(20-23)-(15-22)-(13-14)-(12-16)-(11-21)-(10-19)-(9-18)-(8-17)-(6-7)-(4-5)-(2-3)-(0-1)],9.632110595703125e-05,0.015002727508544922,5,True,5
W|eIID_GG_a@A@B?_oGE@?Oc@_?@_G?oC?K@?@BG?Fo???},[(20-23)-(15-22)-(13-14)-(12-16)-(11-21)-(10-19)-(9-18)-(8-17)-(6-7)-(4-5)-(2-3)-(0-1)],9.584426879882812e-05,0.0058231353759765625,2,True,2
W|eIID_GG_a@A@B?_oGE@?Oc@_?@_G?oC?K@?@BG?Fo???},[(20-23)-(15-16)-(13-14)-(12-22)-(11-21)-(10-19)-(9-18)-(8-17)-(6-7)-(4-5)-(2-3)-(0-1)],9.584426879882812e-05,0.011029481887817383,3,True,3
W|eIID_GG_a@A@B?_oGE@?Oc@_?@_G?oC?K@?@BG?Fo???},[(20-23)-(15-16)-(13-14)-(12-22)-(11-21)-(10-19)-(9-18)-(8-17)-(6-7)-(4-5)-(2-3)-(0-1)],9.417533874511719e-05,0.014001607894897461,0,False,2
W|eIID_GG_a@A@B?_oGE@?Oc@_?@_G?oC?K@?@BG?Fo???},[(20-23)-(15-16)-(14-22)-(12-13)-(11-21)-(10-19)-(9-18)-(8-17)-(6-7)-(4-5)-(2-3)-(0-1)],9.632110595703125e-05,0.011378288269042969,4,True,4
W|eIID_GG_a@A@B?_oGE@?Oc@_?@_G?oC?K@?@BG?Fo???},[(20-23)-(15-16)-(14-22)-(12-13)-(11-21)-(10-19)-(9-18)-(8-17)-(6-7)-(4-5)-(2-3)-(0-1)],9.512901306152344e-05,0.010859251022338867,3,True,3
W|eIID_GG_a@A@B?_oGE@?Oc@_?@_G?oC?K@?@BG?Fo???},[(20-23)-(16-22)-(14-15)-(12-13)-(11-21)-(10-19)-(9-18)-(8-17)-(6-7)-(4-5)-(2-3)-(0-1)],9.5367431640625e-05,0.010802745819091797,4,True,4
W|eIID_GG_a@A@B?_oGE@?Oc@_?@_G?oC?K@?@BG?Fo???},[(20-23)-(16-22)-(14-15)-(12-13)-(11-21)-(10-19)-(9-18)-(8-17)-(6-7)-(4-5)-(2-3)-(0-1)],9.417533874511719e-05,0.003485441207885742,1,True,1
W|eIID_GG_a@A@B?_oGE@?OC@_G@_G?oC?K@?@aG?F__?@{,[(16-23)-(14-15)-(13-22)-(12-21)-(11-20)-(10-19)-(9-18)-(8-17)-(6-7)-(4-5)-(2-3)-(0-1)],9.34600830078125e-05,0.02119755744934082,7,True,7
W|eIID_GG_a@A@B?_oGE@?OC@_G@_G?oC?K@?@aG?F__?@{,[(16-23)-(14-15)-(13-22)-(12-21)-(11-20)-(10-19)-(9-18)-(8-17)-(6-7)-(4-5)-(2-3)-(0-1)],9.775161743164062e-05,0.005972862243652344,2,True,2
W|eIID_GG_a@A@B?_oGE@?OC@_G@_G?oC?K@?@aG?F__?@{,[(16-23)-(15-22)-(13-14)-(12-21)-(11-20)-(10-19)-(9-18)-(8-17)-(6-7)-(4-5)-(2-3)-(0-1)],0.00012755393981933594,0.014326333999633789,4,True,4
W|eIID_GG_a@A@B?_oGE@?OC@_G@_G?oC?K@?@aG?F__?@{,[(16-23)-(15-22)-(13-14)-(12-21)-(11-20)-(10-19)-(9-18)-(8-17)-(6-7)-(4-5)-(2-3)-(0-1)],9.417533874511719e-05,0.005865812301635742,2,True,2
W|eIID_GG_a@A@B?_oGE@?OC@_G@_G?oC?K@?@aG?F__?@{,[(21-22)-(16-23)-(14-15)-(12-13)-(11-20)-(10-19)-(9-18)-(8-17)-(6-7)-(4-5)-(2-3)-(0-1)],9.393692016601562e-05,0.03525853157043457,0,False,3
W|eIID_GG_a@A@B?_oGE@?OC@_G@_G?oC?K@?@aG?F__?@{,[(21-22)-(16-23)-(14-15)-(12-13)-(11-20)-(10-19)-(9-18)-(8-17)-(6-7)-(4-5)-(2-3)-(0-1)],9.34600830078125e-05,0.008590221405029297,3,True,3
W|eIID_GG_a@A@B?_oGE@?OC@_G@_G?oC?K@?@aG?F__?@{,[(20-23)-(15-16)-(13-14)-(12-22)-(11-21)-(10-19)-(9-18)-(8-17)-(6-7)-(4-5)-(2-3)-(0-1)],9.465217590332031e-05,0.00837850570678711,3,True,3
W|eIID_GG_a@A@B?_oGE@?OC@_G@_G?oC?K@?@aG?F__?@{,[(20-23)-(15-16)-(13-14)-(12-22)-(11-21)-(10-19)-(9-18)-(8-17)-(6-7)-(4-5)-(2-3)-(0-1)],9.369850158691406e-05,0.008577585220336914,3,True,3
W|eIID_GG_a@A@B?_oGE@?OC@_G@_G?oC?K@?@aG?F__?@{,[(20-23)-(15-16)-(14-22)-(12-13)-(11-21)-(10-19)-(9-18)-(8-17)-(6-7)-(4-5)-(2-3)-(0-1)],9.441375732421875e-05,0.008833885192871094,3,True,3
W|eIID_GG_a@A@B?_oGE@?OC@_G@_G?oC?K@?@aG?F__?@{,[(20-23)-(15-16)-(14-22)-(12-13)-(11-21)-(10-19)-(9-18)-(8-17)-(6-7)-(4-5)-(2-3)-(0-1)],9.322166442871094e-05,0.005845069885253906,2,True,2
W|eIID_GG_a@A@B?_oGE@?OC@_G@_G?oC?K@?@aG?F__?@{,[(20-23)-(16-21)-(14-15)-(13-22)-(11-12)-(10-19)-(9-18)-(8-17)-(6-7)-(4-5)-(2-3)-(0-1)],9.441375732421875e-05,0.014746665954589844,5,True,5
W|eIID_GG_a@A@B?_oGE@?OC@_G@_G?oC?K@?@aG?F__?@{,[(20-23)-(16-21)-(14-15)-(13-22)-(11-12)-(10-19)-(9-18)-(8-17)-(6-7)-(4-5)-(2-3)-(0-1)],9.298324584960938e-05,0.009186267852783203,3,True,3
W|eIID_GG_a@A@B?_oGE@?OC@_G@_G?oC?K@?@aG?F__?@{,[(20-21)-(16-23)-(14-15)-(13-22)-(11-12)-(10-19)-(9-18)-(8-17)-(6-7)-(4-5)-(2-3)-(0-1)],9.512901306152344e-05,0.018128395080566406,6,True,6
W|eIID_GG_a@A@B?_oGE@?OC@_G@_G?oC?K@?@aG?F__?@{,[(20-21)-(16-23)-(14-15)-(13-22)-(11-12)-(10-19)-(9-18)-(8-17)-(6-7)-(4-5)-(2-3)-(0-1)],9.34600830078125e-05,0.011150836944580078,4,True,4
W|eIID_GG_a@A@B?_oGE@?OC@_G@_G?oC?K@?@aG?F__?@{,[(21-22)-(20-23)-(15-16)-(13-14)-(11-12)-(10-19)-(9-18)-(8-17)-(6-7)-(4-5)-(2-3)-(0-1)],9.465217590332031e-05,0.008364200592041016,3,True,3
W|eIID_GG_a@A@B?_oGE@?OC@_G@_G?oC?K@?@aG?F__?@{,[(21-22)-(20-23)-(15-16)-(13-14)-(11-12)-(10-19)-(9-18)-(8-17)-(6-7)-(4-5)-(2-3)-(0-1)],9.417533874511719e-05,0.008544683456420898,3,True,3
W|eIID_GG_a@A@B?_oGE@?OC@_G@_G?oC?K@?@aG?F__?@{,[(20-23)-(16-21)-(15-22)-(13-14)-(11-12)-(10-19)-(9-18)-(8-17)-(6-7)-(4-5)-(2-3)-(0-1)],9.441375732421875e-05,0.022562742233276367,5,True,5
W|eIID_GG_a@A@B?_oGE@?OC@_G@_G?oC?K@?@aG?F__?@{,[(20-23)-(16-21)-(15-22)-(13-14)-(11-12)-(10-19)-(9-18)-(8-17)-(6-7)-(4-5)-(2-3)-(0-1)],9.393692016601562e-05,0.008615732192993164,3,True,3
W|eIID_GG_a@A@B?_oGE@?OC@_G@_G?oC?K@?@aG?F__?@{,[(20-21)-(16-23)-(15-22)-(13-14)-(11-12)-(10-19)-(9-18)-(8-17)-(6-7)-(4-5)-(2-3)-(0-1)],9.465217590332031e-05,0.02094244956970215,5,True,5
W|eIID_GG_a@A@B?_oGE@?OC@_G@_G?oC?K@?@aG?F__?@{,[(20-21)-(16-23)-(15-22)-(13-14)-(11-12)-(10-19)-(9-18)-(8-17)-(6-7)-(4-5)-(2-3)-(0-1)],9.441375732421875e-05,0.005845546722412109,2,True,2
W|bIB?pCGo`@B?@__OGC@?oC@o??wG?G[?E???wG?@`_?BL,[(15-23)-(14-22)-(13-21)-(12-20)-(11-19)-(10-18)-(8-9)-(7-17)-(6-16)-(4-5)-(2-3)-(0-1)],9.226799011230469e-05,0.024033784866333008,0,False,3
W|bIB?pCGo`@B?@__OGC@?oC@o??wG?G[?E???wG?@`_?BL,[(15-23)-(14-22)-(13-21)-(12-20)-(11-19)-(10-18)-(8-9)-(7-17)-(6-16)-(4-5)-(2-3)-(0-1)],9.894371032714844e-05,0.014123916625976562,3,True,3
W|bIB?pCGo`@B?@__OGC@?oC@o??wG?G[?E???wG?@`_?BL,[(22-23)-(14-15)-(13-21)-(12-20)-(11-19)-(10-18)-(8-9)-(7-17)-(6-16)-(4-5)-(2-3)-(0-1)],9.870529174804688e-05,1.2601139545440674,0,False,8
W|bIB?pCGo`@B?@__OGC@?oC@o??wG?G[?E???wG?@`_?BL,[(22-23)-(14-15)-(13-21)-(12-20)-(11-19)-(10-18)-(8-9)-(7-17)-(6-16)-(4-5)-(2-3)-(0-1)],9.822845458984375e-05,0.008800983428955078,3,True,3
W|bIB?pCGo`@B?@__OGC@?oC@o??wG?G[?E???wG?@`_?BL,[(21-22)-(15-23)-(13-14)-(12-20)-(11-19)-(10-18)-(8-9)-(7-17)-(6-16)-(4-5)-(2-3)-(0-1)],9.822845458984375e-05,0.011650800704956055,4,True,4
W|bIB?pCGo`@B?@__OGC@?oC@o??wG?G[?E???wG?@`_?BL,[(21-22)-(15-23)-(13-14)-(12-20)-(11-19)-(10-18)-(8-9)-(7-17)-(6-16)-(4-5)-(2-3)-(0-1)],9.775161743164062e-05,0.03842735290527344,4,True,4
W|bIB?pCGo`@B?@__OGC@?oC@o??wG?G[?E???wG?@`_?BL,[(20-23)-(15-22)-(13-14)-(12-21)-(11-19)-(10-18)-(8-9)-(7-17)-(6-16)-(4-5)-(2-3)-(0-1)],9.822845458984375e-05,0.016232967376708984,5,True,5
W|bIB?pCGo`@B?@__OGC@?oC@o??wG?G[?E???wG?@`_?BL,[(20-23)-(15-22)-(13-14)-(12-21)-(11-19)-(10-18)-(8-9)-(7-17)-(6-16)-(4-5)-(2-3)-(0-1)],9.560585021972656e-05,0.005843639373779297,2,True,2
W|bIB?pCGo`@B?@__OGC@?oC@o??wG?G[?E???wG?@`_?BL,[(20-22)-(15-23)-(13-14)-(12-21)-(11-19)-(10-18)-(8-9)-(7-17)-(6-16)-(4-5)-(2-3)-(0-1)],9.679794311523438e-05,0.06724429130554199,4,True,4
W|bIB?pCGo`@B?@__OGC@?oC@o??wG?G[?E???wG?@`_?BL,[(20-22)-(15-23)-(13-14)-(12-21)-(11-19)-(10-18)-(8-9)-(7-17)-(6-16)-(4-5)-(2-3)-(0-1)],9.5367431640625e-05,0.0058329105377197266,2,True,2
W|bIB?pCGo`@B?@__OGC@?oC@o??wG?G[?E???wG?@`_?BL,[(20-23)-(15-22)-(14-21)-(12-13)-(11-19)-(10-18)-(8-9)-(7-17)-(6-16)-(4-5)-(2-3)-(0-1)],9.632110595703125e-05,0.017629384994506836,4,True,4
W|bIB?pCGo`@B?@__OGC@?oC@o??wG?G[?E???wG?@`_?BL,[(20-23)-(15-22)-(14-21)-(12-13)-(11-19)-(10-18)-(8-9)-(7-17)-(6-16)-(4-5)-(2-3)-(0-1)],9.465217590332031e-05,0.009149312973022461,3,True,3
W|bIB?pCGo`@B?@__OGC@?oC@o??wG?G[?E???wG?@`_?BL,[(20-22)-(15-23)-(14-21)-(12-13)-(11-19)-(10-18)-(8-9)-(7-17)-(6-16)-(4-5)-(2-3)-(0-1)],9.655952453613281e-05,0.01585698127746582,4,True,4
W|bIB?pCGo`@B?@__OGC@?oC@o??wG?G[?E???wG?@`_?BL,[(20-22)-(15-23)-(14-21)-(12-13)-(11-19)-(10-18)-(8-9)-(7-17)-(6-16)-(4-5)-(2-3)-(0-1)],9.441375732421875e-05,0.008572816848754883,3,True,3
W|bIB?pCGo`@B?@__OGC@?oC@o??wG?G[?E???wG?@`_?BL,[(20-21)-(15-23)-(14-22)-(12-13)-(11-19)-(10-18)-(8-9)-(7-17)-(6-16)-(4-5)-(2-3)-(0-1)],9.584426879882812e-05,1.1665897369384766,6,True,16
W|bIB?pCGo`@B?@__OGC@?oC@o??wG?G[?E???wG?@`_?BL,[(20-21)-(15-23)-(14-22)-(12-13)-(11-19)-(10-18)-(8-9)-(7-17)-(6-16)-(4-5)-(2-3)-(0-1)],9.560585021972656e-05,0.015456676483154297,5,True,5
W|bIB?pCGo`@B?@__OGC@?oC@o??wG?G[?E???wG?@`_?BL,[(22-23)-(20-21)-(14-15)-(12-13)-(11-19)-(10-18)-(8-9)-(7-17)-(6-16)-(4-5)-(2-3)-(0-1)],9.632110595703125e-05,0.46713829040527344,7,True,7
W|bIB?pCGo`@B?@__OGC@?oC@o??wG?G[?E???wG?@`_?BL,[(22-23)-(20-21)-(14-15)-(12-13)-(11-19)-(10-18)-(8-9)-(7-17)-(6-16)-(4-5)-(2-3)-(0-1)],0.0001010894775390625,0.015113115310668945,5,True,5
W|bIB?pCGo`@B?@__OGC@?oC@o??wG?G[?E???wG?@`_?BL,[(21-22)-(20-23)-(14-15)-(12-13)-(11-19)-(10-18)-(8-9)-(7-17)-(6-16)-(4-5)-(2-3)-(0-1)],9.965896606445312e-05,0.0599362850189209,7,True,8
W|bIB?pCGo`@B?@__OGC@?oC@o??wG?G[?E???wG?@`_?BL,[(21-22)-(20-23)-(14-15)-(12-13)-(11-19)-(10-18)-(8-9)-(7-17)-(6-16)-(4-5)-(2-3)-(0-1)],9.72747802734375e-05,0.01524209976196289,5,True,5
W|eII@`GG_b?B@@__OGE@?O?@oG?oW?OS?K@?@w??@`_?BL,[(15-23)-(14-22)-(12-21)-(11-20)-(10-19)-(9-18)-(8-17)-(7-16)-(6-13)-(4-5)-(2-3)-(0-1)],9.274482727050781e-05,0.013377904891967773,3,True,3
W|eII@`GG_b?B@@__OGE@?O?@oG?oW?OS?K@?@w??@`_?BL,[(15-23)-(14-22)-(12-21)-(11-20)-(10-19)-(9-18)-(8-17)-(7-16)-(6-13)-(4-5)-(2-3)-(0-1)],9.560585021972656e-05,0.00922393798828125,3,True,3
W|eII@`GG_b?B@@__OGE@?O?@oG?oW?OS?K@?@w??@`_?BL,[(22-23)-(14-15)-(12-21)-(11-20)-(10-19)-(9-18)-(8-17)-(7-16)-(6-13)-(4-5)-(2-3)-(0-1)],9.870529174804688e-05,0.008912324905395508,3,True,3
W|eII@`GG_b?B@@__OGE@?O?@oG?oW?OS?K@?@w??@`_?BL,[(22-23)-(14-15)-(12-21)-(11-20)-(10-19)-(9-18)-(8-17)-(7-16)-(6-13)-(4-5)-(2-3)-(0-1)],9.560585021972656e-05,0.056481361389160156,9,True,9
W|eII@`GG_b?B@@__OGE@?O?@oG?oW?OS?K@?@w??@`_?BL,[(20-23)-(15-22)-(14-21)-(11-12)-(10-19)-(9-18)-(8-17)-(7-16)-(6-13)-(4-5)-(2-3)-(0-1)],9.441375732421875e-05,0.019688844680786133,6,True,6
W|eII@`GG_b?B@@__OGE@?O?@oG?oW?OS?K@?@w??@`_?BL,[(20-23)-(15-22)-(14-21)-(11-12)-(10-19)-(9-18)-(8-17)-(7-16)-(6-13)-(4-5)-(2-3)-(0-1)],9.489059448242188e-05,0.1531221866607666,10,True,16
W|eII@`GG_b?B@@__OGE@?O?@oG?oW?OS?K@?@w??@`_?BL,[(20-22)-(15-23)-(14-21)-(11-12)-(10-19)-(9-18)-(8-17)-(7-16)-(6-13)-(4-5)-(2-3)-(0-1)],9.870529174804688e-05,0.03500652313232422,9,True,9
W|eII@`GG_b?B@@__OGE@?O?@oG?oW?OS?K@?@w??@`_?BL,[(20-22)-(15-23)-(14-21)-(11-12)-(10-19)-(9-18)-(8-17)-(7-16)-(6-13)-(4-5)-(2-3)-(0-1)],9.775161743164062e-05,0.011995077133178711,4,True,4
W|eII@`GG_b?B@@__OGE@?O?@oG?oW?OS?K@?@w??@`_?BL,[(21-22)-(20-23)-(14-15)-(11-12)-(10-19)-(9-18)-(8-17)-(7-16)-(6-13)-(4-5)-(2-3)-(0-1)],9.799003601074219e-05,0.03887510299682617,10,True,10
W|eII@`GG_b?B@@__OGE@?O?@oG?oW?OS?K@?@w??@`_?BL,[(21-22)-(20-23)-(14-15)-(11-12)-(10-19)-(9-18)-(8-17)-(7-16)-(6-13)-(4-5)-(2-3)-(0-1)],9.322166442871094e-05,0.01396632194519043,5,True,5
W|eII@`GG_b?B@@__OGE@?O?@oG?oW?OS?K@?@w??@`_?BL,[(19-23)-(15-22)-(14-21)-(11-12)-(10-20)-(9-18)-(8-17)-(7-16)-(6-13)-(4-5)-(2-3)-(0-1)],9.417533874511719e-05,0.015756607055664062,3,True,3
W|eII@`GG_b?B@@__OGE@?O?@oG?oW?OS?K@?@w??@`_?BL,[(19-23)-(15-22)-(14-21)-(11-12)-(10-20)-(9-18)-(8-17)-(7-16)-(6-13)-(4-5)-(2-3)-(0-1)],9.417533874511719e-05,0.03212332725524902,10,True,10
W|eII@`GG_b?B@@__OGE@?O?@oG?oW?OS?K@?@w??@`_?BL,[(21-22)-(19-23)-(14-15)-(11-12)-(10-20)-(9-18)-(8-17)-(7-16)-(6-13)-(4-5)-(2-3)-(0-1)],9.393692016601562e-05,0.03235220909118652,4,True,6
W|eII@`GG_b?B@@__OGE@?O?@oG?oW?OS?K@?@w??@`_?BL,[(21-22)-(19-23)-(14-15)-(11-12)-(10-20)-(9-18)-(8-17)-(7-16)-(6-13)-(4-5)-(2-3)-(0-1)],9.655952453613281e-05,0.0215299129486084,6,True,6
W|eII@`GG_b?B@@__OGE@?O?@oG?oW?OS?K@?@w??@`_?BL,[(18-19)-(15-23)-(14-22)-(12-21)-(11-20)-(9-10)-(8-17)-(7-16)-(6-13)-(4-5)-(2-3)-(0-1)],9.441375732421875e-05,0.3383939266204834,15,True,16
W|eII@`GG_b?B@@__OGE@?O?@oG?oW?OS?K@?@w??@`_?BL,[(18-19)-(15-23)-(14-22)-(12-21)-(11-20)-(9-10)-(8-17)-(7-16)-(6-13)-(4-5)-(2-3)-(0-1)],9.894371032714844e-05,0.01509714126586914,5,True,5
W|eII@`GG_b?B@@__OGE@?O?@oG?oW?OS?K@?@w??@`_?BL,[(22-23)-(18-19)-(14-15)-(12-21)-(11-20)-(9-10)-(8-17)-(7-16)-(6-13)-(4-5)-(2-3)-(0-1)],9.870529174804688e-05,0.023987770080566406,3,True,5
W|eII@`GG_b?B@@__OGE@?O?@oG?oW?OS?K@?@w??@`_?BL,[(22-23)-(18-19)-(14-15)-(12-21)-(11-20)-(9-10)-(8-17)-(7-16)-(6-13)-(4-5)-(2-3)-(0-1)],9.417533874511719e-05,0.19189929962158203,10,True,10
W|eII@`GG_b?B@@__OGE@?O?@oG?oW?OS?K@?@w??@`_?BL,[(20-23)-(18-19)-(15-22)-(14-21)-(11-12)-(9-10)-(8-17)-(7-16)-(6-13)-(4-5)-(2-3)-(0-1)],9.870529174804688e-05,0.01956009864807129,4,True,4
W|eII@`GG_b?B@@__OGE@?O?@oG?oW?OS?K@?@w??@`_?BL,[(20-23)-(18-19)-(15-22)-(14-21)-(11-12)-(9-10)-(8-17)-(7-16)-(6-13)-(4-5)-(2-3)-(0-1)],9.560585021972656e-05,0.0056760311126708984,2,True,2
W|eIAD`KGo@@@@@?_oGC@?oC@oG?oW?WC?E@??oG?B__?AN,[(15-23)-(14-22)-(13-21)-(12-20)-(11-19)-(10-18)-(8-9)-(7-17)-(6-16)-(4-5)-(2-3)-(0-1)],9.131431579589844e-05,0.012209653854370117,4,True,4
W|eIAD`KGo@@@@@?_oGC@?oC@oG?oW?WC?E@??oG?B__?AN,[(15-23)-(14-22)-(13-21)-(12-20)-(11-19)-(10-18)-(8-9)-(7-17)-(6-16)-(4-5)-(2-3)-(0-1)],0.0001049041748046875,0.04142451286315918,0,False,3
W|eIAD`KGo@@@@@?_oGC@?oC@oG?oW?WC?E@??oG?B__?AN,[(22-23)-(14-15)-(13-21)-(12-20)-(11-19)-(10-18)-(8-9)-(7-17)-(6-16)-(4-5)-(2-3)-(0-1)],9.918212890625e-05,0.018075227737426758,6,True,6
W|eIAD`KGo@@@@@?_oGC@?oC@oG?oW?WC?E@??oG?B__?AN,[(22-23)-(14-15)-(13-21)-(12-20)-(11-19)-(10-18)-(8-9)-(7-17)-(6-16)-(4-5)-(2-3)-(0-1)],9.72747802734375e-05,0.5138759613037109,0,False,12
W|eIAD`KGo@@@@@?_oGC@?oC@oG?oW?WC?E@??oG?B__?AN,[(21-23)-(14-15)-(13-22)-(12-20)-(11-19)-(10-18)-(8-9)-(7-17)-(6-16)-(4-5)-(2-3)-(0-1)],0.00010132789611816406,0.009061098098754883,3,True,3
W|eIAD`KGo@@@@@?_oGC@?oC@oG?oW?WC?E@??oG?B__?AN,[(21-23)-(14-15)-(13-22)-(12-20)-(11-19)-(10-18)-(8-9)-(7-17)-(6-16)-(4-5)-(2-3)-(0-1)],9.72747802734375e-05,0.014050960540771484,5,True,5
W|eIAD`KGo@@@@@?_oGC@?oC@oG?oW?WC?E@??oG?B__?AN,[(21-23)-(15-22)-(13-14)-(12-20)-(11-19)-(10-18)-(8-9)-(7-17)-(6-16)-(4-5)-(2-3)-(0-1)],9.775161743164062e-05,0.029523372650146484,9,True,9
W|eIAD`KGo@@@@@?_oGC@?oC@oG?oW?WC?E@??oG?B__?AN,[(21-23)-(15-22)-(13-14)-(12-20)-(11-19)-(10-18)-(8-9)-(7-17)-(6-16)-(4-5)-(2-3)-(0-1)],9.584426879882812e-05,1.3066093921661377,0,False,13
W|eIAD`KGo@@@@@?_oGC@?oC@oG?oW?WC?E@??oG?B__?AN,[(21-22)-(15-23)-(13-14)-(12-20)-(11-19)-(10-18)-(8-9)-(7-17)-(6-16)-(4-5)-(2-3)-(0-1)],9.799003601074219e-05,0.11026120185852051,6,True,8
W|eIAD`KGo@@@@@?_oGC@?oC@oG?oW?WC?E@??oG?B__?AN,[(21-22)-(15-23)-(13-14)-(12-20)-(11-19)-(10-18)-(8-9)-(7-17)-(6-16)-(4-5)-(2-3)-(0-1)],9.679794311523438e-05,1.5017354488372803,0,False,32
W|eIAD`KGo@@@@@?_oGC@?oC@oG?oW?WC?E@??oG?B__?AN,[(20-23)-(14-15)-(13-22)-(12-21)-(11-19)-(10-18)-(8-9)-(7-17)-(6-16)-(4-5)-(2-3)-(0-1)],9.72747802734375e-05,0.012251138687133789,4,True,4
W|eIAD`KGo@@@@@?_oGC@?oC@oG?oW?WC?E@??oG?B__?AN,[(20-23)-(14-15)-(13-22)-(12-21)-(11-19)-(10-18)-(8-9)-(7-17)-(6-16)-(4-5)-(2-3)-(0-1)],9.632110595703125e-05,0.42409205436706543,0,False,7
W|eIAD`KGo@@@@@?_oGC@?oC@oG?oW?WC?E@??oG?B__?AN,[(20-23)-(15-22)-(13-14)-(12-21)-(11-19)-(10-18)-(8-9)-(7-17)-(6-16)-(4-5)-(2-3)-(0-1)],9.989738464355469e-05,0.008942127227783203,3,True,3
W|eIAD`KGo@@@@@?_oGC@?oC@oG?oW?WC?E@??oG?B__?AN,[(20-23)-(15-22)-(13-14)-(12-21)-(11-19)-(10-18)-(8-9)-(7-17)-(6-16)-(4-5)-(2-3)-(0-1)],9.822845458984375e-05,0.7784137725830078,0,False,7
W|eIAD`KGo@@@@@?_oGC@?oC@oG?oW?WC?E@??oG?B__?AN,[(20-21)-(15-23)-(14-22)-(12-13)-(11-19)-(10-18)-(8-9)-(7-17)-(6-16)-(4-5)-(2-3)-(0-1)],9.751319885253906e-05,0.04823756217956543,6,True,6
W|eIAD`KGo@@@@@?_oGC@?oC@oG?oW?WC?E@??oG?B__?AN,[(20-21)-(15-23)-(14-22)-(12-13)-(11-19)-(10-18)-(8-9)-(7-17)-(6-16)-(4-5)-(2-3)-(0-1)],9.679794311523438e-05,0.29730796813964844,0,False,4
W|eIAD`KGo@@@@@?_oGC@?oC@oG?oW?WC?E@??oG?B__?AN,[(22-23)-(20-21)-(14-15)-(12-13)-(11-19)-(10-18)-(8-9)-(7-17)-(6-16)-(4-5)-(2-3)-(0-1)],9.870529174804688e-05,0.02576756477355957,8,True,8
W|eIAD`KGo@@@@@?_oGC@?oC@oG?oW?WC?E@??oG?B__?AN,[(22-23)-(20-21)-(14-15)-(12-13)-(11-19)-(10-18)-(8-9)-(7-17)-(6-16)-(4-5)-(2-3)-(0-1)],9.799003601074219e-05,0.4960062503814697,0,False,6
W|eIAD`KGo@@@@@?_oGC@?oC@oG?oW?WC?E@??oG?B__?AN,[(21-22)-(20-23)-(14-15)-(12-13)-(11-19)-(10-18)-(8-9)-(7-17)-(6-16)-(4-5)-(2-3)-(0-1)],9.799003601074219e-05,0.011954069137573242,4,True,4
W|eIAD`KGo@@@@@?_oGC@?oC@oG?oW?WC?E@??oG?B__?AN,[(21-22)-(20-23)-(14-15)-(12-13)-(11-19)-(10-18)-(8-9)-(7-17)-(6-16)-(4-5)-(2-3)-(0-1)],9.369850158691406e-05,0.7019684314727783,0,False,7
WtfIAD`GH_b?A@@?_oGC@?oC@oG?oW?WC?E@??oG?B__?AN,[(15-23)-(14-22)-(13-21)-(12-20)-(11-19)-(10-18)-(8-9)-(7-17)-(6-16)-(4-5)-(2-3)-(0-1)],9.489059448242188e-05,0.015231847763061523,5,True,5
WtfIAD`GH_b?A@@?_oGC@?oC@oG?oW?WC?E@??oG?B__?AN,[(15-23)-(14-22)-(13-21)-(12-20)-(11-19)-(10-18)-(8-9)-(7-17)-(6-16)-(4-5)-(2-3)-(0-1)],9.894371032714844e-05,0.01784062385559082,5,True,5
WtfIAD`GH_b?A@@?_oGC@?oC@oG?oW?WC?E@??oG?B__?AN,[(22-23)-(14-15)-(13-21)-(12-20)-(11-19)-(10-18)-(8-9)-(7-17)-(6-16)-(4-5)-(2-3)-(0-1)],0.00010061264038085938,0.008864164352416992,3,True,3
WtfIAD`GH_b?A@@?_oGC@?oC@oG?oW?WC?E@??oG?B__?AN,[(22-23)-(14-15)-(13-21)-(12-20)-(11-19)-(10-18)-(8-9)-(7-17)-(6-16)-(4-5)-(2-3)-(0-1)],9.679794311523438e-05,0.014510154724121094,5,True,5
WtfIAD`GH_b?A@@?_oGC@?oC@oG?oW?WC?E@??oG?B__?AN,[(21-23)-(14-15)-(13-22)-(12-20)-(11-19)-(10-18)-(8-9)-(7-17)-(6-16)-(4-5)-(2-3)-(0-1)],9.655952453613281e-05,0.006011009216308594,2,True,2
WtfIAD`GH_b?A@@?_oGC@?oC@oG?oW?WC?E@??oG?B__?AN,[(21-23)-(14-15)-(13-22)-(12-20)-(11-19)-(10-18)-(8-9)-(7-17)-(6-16)-(4-5)-(2-3)-(0-1)],9.632110595703125e-05,0.015111207962036133,5,True,5
WtfIAD`GH_b?A@@?_oGC@?oC@oG?oW?WC?E@??oG?B__?AN,[(21-23)-(15-22)-(13-14)-(12-20)-(11-19)-(10-18)-(8-9)-(7-17)-(6-16)-(4-5)-(2-3)-(0-1)],9.679794311523438e-05,0.012008428573608398,4,True,4
WtfIAD`GH_b?A@@?_oGC@?oC@oG?oW?WC?E@??oG?B__?AN,[(21-23)-(15-22)-(13-14)-(12-20)-(11-19)-(10-18)-(8-9)-(7-17)-(6-16)-(4-5)-(2-3)-(0-1)],9.679794311523438e-05,1.6294639110565186,0,False,13
WtfIAD`GH_b?A@@?_oGC@?oC@oG?oW?WC?E@??oG?B__?AN,[(21-22)-(15-23)-(13-14)-(12-20)-(11-19)-(10-18)-(8-9)-(7-17)-(6-16)-(4-5)-(2-3)-(0-1)],9.679794311523438e-05,0.0262906551361084,5,True,5
WtfIAD`GH_b?A@@?_oGC@?oC@oG?oW?WC?E@??oG?B__?AN,[(21-22)-(15-23)-(13-14)-(12-20)-(11-19)-(10-18)-(8-9)-(7-17)-(6-16)-(4-5)-(2-3)-(0-1)],9.679794311523438e-05,0.01603388786315918,5,True,5
WtfIAD`GH_b?A@@?_oGC@?oC@oG?oW?WC?E@??oG?B__?AN,[(20-23)-(14-15)-(13-22)-(12-21)-(11-19)-(10-18)-(8-9)-(7-17)-(6-16)-(4-5)-(2-3)-(0-1)],9.799003601074219e-05,0.035314321517944336,0,False,3
WtfIAD`GH_b?A@@?_oGC@?oC@oG?oW?WC?E@??oG?B__?AN,[(20-23)-(14-15)-(13-22)-(12-21)-(11-19)-(10-18)-(8-9)-(7-17)-(6-16)-(4-5)-(2-3)-(0-1)],9.465217590332031e-05,0.015070438385009766,5,True,5
WtfIAD`GH_b?A@@?_oGC@?oC@oG?oW?WC?E@??oG?B__?AN,[(20-23)-(15-22)-(13-14)-(12-21)-(11-19)-(10-18)-(8-9)-(7-17)-(6-16)-(4-5)-(2-3)-(0-1)],9.34600830078125e-05,0.012262821197509766,4,True,4
WtfIAD`GH_b?A@@?_oGC@?oC@oG?oW?WC?E@??oG?B__?AN,[(20-23)-(15-22)-(13-14)-(12-21)-(11-19)-(10-18)-(8-9)-(7-17)-(6-16)-(4-5)-(2-3)-(0-1)],9.417533874511719e-05,1.6597278118133545,0,False,14
WtfIAD`GH_b?A@@?_oGC@?oC@oG?oW?WC?E@??oG?B__?AN,[(20-21)-(15-23)-(14-22)-(12-13)-(11-19)-(10-18)-(8-9)-(7-17)-(6-16)-(4-5)-(2-3)-(0-1)],9.369850158691406e-05,0.008319616317749023,3,True,3
WtfIAD`GH_b?A@@?_oGC@?oC@oG?oW?WC?E@??oG?B__?AN,[(20-21)-(15-23)-(14-22)-(12-13)-(11-19)-(10-18)-(8-9)-(7-17)-(6-16)-(4-5)-(2-3)-(0-1)],9.322166442871094e-05,0.037201642990112305,4,True,4
WtfIAD`GH_b?A@@?_oGC@?oC@oG?oW?WC?E@??oG?B__?AN,[(22-23)-(20-21)-(14-15)-(12-13)-(11-19)-(10-18)-(8-9)-(7-17)-(6-16)-(4-5)-(2-3)-(0-1)],9.5367431640625e-05,0.011714696884155273,4,True,4
WtfIAD`GH_b?A@@?_oGC@?oC@oG?oW?WC?E@??oG?B__?AN,[(22-23)-(20-21)-(14-15)-(12-13)-(11-19)-(10-18)-(8-9)-(7-17)-(6-16)-(4-5)-(2-3)-(0-1)],9.34600830078125e-05,0.9444830417633057,0,False,9
WtfIAD`GH_b?A@@?_oGC@?oC@oG?oW?WC?E@??oG?B__?AN,[(21-22)-(20-23)-(14-15)-(12-13)-(11-19)-(10-18)-(8-9)-(7-17)-(6-16)-(4-5)-(2-3)-(0-1)],9.918212890625e-05,0.009224176406860352,3,True,3
WtfIAD`GH_b?A@@?_oGC@?oC@oG?oW?WC?E@??oG?B__?AN,[(21-22)-(20-23)-(14-15)-(12-13)-(11-19)-(10-18)-(8-9)-(7-17)-(6-16)-(4-5)-(2-3)-(0-1)],9.72747802734375e-05,0.20423007011413574,6,True,6
WtfIAD`GH_b@B?@__OGE@?[??OG?WG?KC?B`??KG??w_??z,[(22-23)-(15-21)-(13-14)-(12-20)-(11-19)-(10-18)-(9-17)-(8-16)-(6-7)-(4-5)-(2-3)-(0-1)],9.250640869140625e-05,0.28055524826049805,0,False,6
WtfIAD`GH_b@B?@__OGE@?[??OG?WG?KC?B`??KG??w_??z,[(22-23)-(15-21)-(13-14)-(12-20)-(11-19)-(10-18)-(9-17)-(8-16)-(6-7)-(4-5)-(2-3)-(0-1)],0.00010251998901367188,0.011067867279052734,4,True,4
WtfIAD`GH_b@B?@__OGE@?[??OG?WG?KC?B`??KG??w_??z,[(21-23)-(15-22)-(13-14)-(12-20)-(11-19)-(10-18)-(9-17)-(8-16)-(6-7)-(4-5)-(2-3)-(0-1)],9.846687316894531e-05,0.006017923355102539,2,True,2
WtfIAD`GH_b@B?@__OGE@?[??OG?WG?KC?B`??KG??w_??z,[(21-23)-(15-22)-(13-14)-(12-20)-(11-19)-(10-18)-(9-17)-(8-16)-(6-7)-(4-5)-(2-3)-(0-1)],9.679794311523438e-05,0.018842458724975586,6,True,6
WtfIAD`GH_b@B?@__OGE@?[??OG?WG?KC?B`??KG??w_??z,[(22-23)-(15-21)-(14-20)-(12-13)-(11-19)-(10-18)-(9-17)-(8-16)-(6-7)-(4-5)-(2-3)-(0-1)],9.584426879882812e-05,0.027971506118774414,8,True,8
WtfIAD`GH_b@B?@__OGE@?[??OG?WG?KC?B`??KG??w_??z,[(22-23)-(15-21)-(14-20)-(12-13)-(11-19)-(10-18)-(9-17)-(8-16)-(6-7)-(4-5)-(2-3)-(0-1)],9.512901306152344e-05,0.0035114288330078125,1,True,1
WtfIAD`GH_b@B?@__OGE@?[??OG?WG?KC?B`??KG??w_??z,[(21-23)-(15-22)-(14-20)-(12-13)-(11-19)-(10-18)-(9-17)-(8-16)-(6-7)-(4-5)-(2-3)-(0-1)],9.584426879882812e-05,0.022381067276000977,7,True,7
WtfIAD`GH_b@B?@__OGE@?[??OG?WG?KC?B`??KG??w_??z,[(21-23)-(15-22)-(14-20)-(12-13)-(11-19)-(10-18)-(9-17)-(8-16)-(6-7)-(4-5)-(2-3)-(0-1)],9.489059448242188e-05,0.019329071044921875,4,True,4
WtfIAD`GH_b@B?@__OGE@?[??OG?WG?KC?B`??KG??w_??z,[(22-23)-(20-21)-(14-15)-(12-13)-(11-19)-(10-18)-(9-17)-(8-16)-(6-7)-(4-5)-(2-3)-(0-1)],9.5367431640625e-05,0.023190975189208984,7,True,7
WtfIAD`GH_b@B?@__OGE@?[??OG?WG?KC?B`??KG??w_??z,[(22-23)-(20-21)-(14-15)-(12-13)-(11-19)-(10-18)-(9-17)-(8-16)-(6-7)-(4-5)-(2-3)-(0-1)],9.417533874511719e-05,0.003518342971801758,1,True,1
WtfIAD`GH_b@B?@__OGE@?[??OG?WG?KC?B`??KG??w_??z,[(18-23)-(15-22)-(14-21)-(13-20)-(12-19)-(10-11)-(9-17)-(8-16)-(6-7)-(4-5)-(2-3)-(0-1)],9.489059448242188e-05,0.14036965370178223,6,True,6
WtfIAD`GH_b@B?@__OGE@?[??OG?WG?KC?B`??KG??w_??z,[(18-23)-(15-22)-(14-21)-(13-20)-(12-19)-(10-11)-(9-17)-(8-16)-(6-7)-(4-5)-(2-3)-(0-1)],9.512901306152344e-05,0.008573293685913086,3,True,3
WtfIAD`GH_b@B?@__OGE@?[??OG?WG?KC?B`??KG??w_??z,[(21-22)-(18-23)-(14-15)-(13-20)-(12-19)-(10-11)-(9-17)-(8-16)-(6-7)-(4-5)-(2-3)-(0-1)],9.632110595703125e-05,0.028910160064697266,7,True,7
WtfIAD`GH_b@B?@__OGE@?[??OG?WG?KC?B`??KG??w_??z,[(21-22)-(18-23)-(14-15)-(13-20)-(12-19)-(10-11)-(9-17)-(8-16)-(6-7)-(4-5)-(2-3)-(0-1)],9.918212890625e-05,0.031247615814208984,6,True,7
WtfIAD`GH_b@B?@__OGE@?[??OG?WG?KC?B`??KG??w_??z,[(20-21)-(18-23)-(15-22)-(13-14)-(12-19)-(10-11)-(9-17)-(8-16)-(6-7)-(4-5)-(2-3)-(0-1)],9.560585021972656e-05,0.008919000625610352,3,True,3
WtfIAD`GH_b@B?@__OGE@?[??OG?WG?KC?B`??KG??w_??z,[(20-21)-(18-23)-(15-22)-(13-14)-(12-19)-(10-11)-(9-17)-(8-16)-(6-7)-(4-5)-(2-3)-(0-1)],9.441375732421875e-05,0.1355743408203125,5,True,5
WtfIAD`GH_b@B?@__OGE@?[??OG?WG?KC?B`??KG??w_??z,[(22-23)-(18-19)-(15-21)-(13-14)-(12-20)-(10-11)-(9-17)-(8-16)-(6-7)-(4-5)-(2-3)-(0-1)],0.00010037422180175781,0.005849123001098633,2,True,2
WtfIAD`GH_b@B?@__OGE@?[??OG?WG?KC?B`??KG??w_??z,[(22-23)-(18-19)-(15-21)-(13-14)-(12-20)-(10-11)-(9-17)-(8-16)-(6-7)-(4-5)-(2-3)-(0-1)],9.822845458984375e-05,1.4952783584594727,0,False,13
WtfIAD`GH_b@B?@__OGE@?[??OG?WG?KC?B`??KG??w_??z,[(21-23)-(18-19)-(15-22)-(13-14)-(12-20)-(10-11)-(9-17)-(8-16)-(6-7)-(4-5)-(2-3)-(0-1)],9.489059448242188e-05,0.003537416458129883,1,True,1
WtfIAD`GH_b@B?@__OGE@?[??OG?WG?KC?B`??KG??w_??z,[(21-23)-(18-19)-(15-22)-(13-14)-(12-20)-(10-11)-(9-17)-(8-16)-(6-7)-(4-5)-(2-3)-(0-1)],9.441375732421875e-05,1.5820939540863037,0,False,16
WtfII@`GH_b?B`?__WGA@?[C?OW?OG?WC?D@??WG??k_??^,[(22-23)-(15-17)-(14-21)-(13-20)-(11-19)-(10-18)-(8-9)-(7-16)-(6-12)-(4-5)-(2-3)-(0-1)],9.489059448242188e-05,0.10247445106506348,0,False,4
WtfII@`GH_b?B`?__WGA@?[C?OW?OG?WC?D@??WG??k_??^,[(22-23)-(15-17)-(14-21)-(13-20)-(11-19)-(10-18)-(8-9)-(7-16)-(6-12)-(4-5)-(2-3)-(0-1)],0.00010085105895996094,0.011958837509155273,4,True,4
WtfII@`GH_b?B`?__WGA@?[C?OW?OG?WC?D@??WG??k_??^,[(21-23)-(17-22)-(14-15)-(13-20)-(11-19)-(10-18)-(8-9)-(7-16)-(6-12)-(4-5)-(2-3)-(0-1)],9.799003601074219e-05,0.01226186752319336,4,True,4
WtfII@`GH_b?B`?__WGA@?[C?OW?OG?WC?D@??WG??k_??^,[(21-23)-(17-22)-(14-15)-(13-20)-(11-19)-(10-18)-(8-9)-(7-16)-(6-12)-(4-5)-(2-3)-(0-1)],9.679794311523438e-05,0.006180286407470703,2,True,2
WtfII@`GH_b?B`?__WGA@?[C?OW?OG?WC?D@??WG??k_??^,[(20-23)-(17-22)-(14-15)-(13-21)-(11-19)-(10-18)-(8-9)-(7-16)-(6-12)-(4-5)-(2-3)-(0-1)],9.679794311523438e-05,0.09853696823120117,0,False,5
WtfII@`GH_b?B`?__WGA@?[C?OW?OG?WC?D@??WG??k_??^,[(20-23)-(17-22)-(14-15)-(13-21)-(11-19)-(10-18)-(8-9)-(7-16)-(6-12)-(4-5)-(2-3)-(0-1)],9.369850158691406e-05,0.030778884887695312,6,True,6
WtfII@`GH_b?B`?__WGA@?[C?OW?OG?WC?D@??WG??k_??^,[(22-23)-(20-21)-(15-17)-(13-14)-(11-19)-(10-18)-(8-9)-(7-16)-(6-12)-(4-5)-(2-3)-(0-1)],9.441375732421875e-05,0.008582830429077148,3,True,3
WtfII@`GH_b?B`?__WGA@?[C?OW?OG?WC?D@??WG??k_??^,[(22-23)-(20-21)-(15-17)-(13-14)-(11-19)-(10-18)-(8-9)-(7-16)-(6-12)-(4-5)-(2-3)-(0-1)],9.322166442871094e-05,0.03510904312133789,0,False,3
WtfII@`GH_b?B`?__WGA@?[C?OW?OG?WC?D@??WG??k_??^,[(21-22)-(20-23)-(15-17)-(13-14)-(11-19)-(10-18)-(8-9)-(7-16)-(6-12)-(4-5)-(2-3)-(0-1)],9.489059448242188e-05,0.023634910583496094,7,True,7
WtfII@`GH_b?B`?__WGA@?[C?OW?OG?WC?D@??WG??k_??^,[(21-22)-(20-23)-(15-17)-(13-14)-(11-19)-(10-18)-(8-9)-(7-16)-(6-12)-(4-5)-(2-3)-(0-1)],9.369850158691406e-05,0.005834341049194336,2,True,2
WtfII@`GH_b?B`?__WGA@?[C?OW?OG?WC?D@??WG??k_??^,[(19-23)-(17-22)-(14-15)-(13-21)-(11-20)-(10-18)-(8-9)-(7-16)-(6-12)-(4-5)-(2-3)-(0-1)],9.441375732421875e-05,0.01199960708618164,4,True,4
WtfII@`GH_b?B`?__WGA@?[C?OW?OG?WC?D@??WG??k_??^,[(19-23)-(17-22)-(14-15)-(13-21)-(11-20)-(10-18)-(8-9)-(7-16)-(6-12)-(4-5)-(2-3)-(0-1)],9.393692016601562e-05,0.09198307991027832,6,True,6
WtfII@`GH_b?B`?__WGA@?[C?OW?OG?WC?D@??WG??k_??^,[(21-22)-(19-23)-(15-17)-(13-14)-(11-20)-(10-18)-(8-9)-(7-16)-(6-12)-(4-5)-(2-3)-(0-1)],9.751319885253906e-05,0.023014307022094727,4,True,4
WtfII@`GH_b?B`?__WGA@?[C?OW?OG?WC?D@??WG??k_??^,[(21-22)-(19-23)-(15-17)-(13-14)-(11-20)-(10-18)-(8-9)-(7-16)-(6-12)-(4-5)-(2-3)-(0-1)],9.465217590332031e-05,0.01131439208984375,4,True,4
WtfII@`GH_b?B`?__WGA@?[C?OW?OG?WC?D@??WG??k_??^,[(22-23)-(17-18)-(14-15)-(13-21)-(11-20)-(10-19)-(8-9)-(7-16)-(6-12)-(4-5)-(2-3)-(0-1)],9.417533874511719e-05,0.017485380172729492,6,True,6
WtfII@`GH_b?B`?__WGA@?[C?OW?OG?WC?D@??WG??k_??^,[(22-23)-(17-18)-(14-15)-(13-21)-(11-20)-(10-19)-(8-9)-(7-16)-(6-12)-(4-5)-(2-3)-(0-1)],9.34600830078125e-05,0.09407806396484375,6,True,8
WtfII@`GH_b?B`?__WGA@?[C?OW?OG?WC?D@??WG??k_??^,[(18-23)-(17-22)-(14-15)-(13-21)-(11-20)-(10-19)-(8-9)-(7-16)-(6-12)-(4-5)-(2-3)-(0-1)],9.441375732421875e-05,0.028728485107421875,5,True,5
WtfII@`GH_b?B`?__WGA@?[C?OW?OG?WC?D@??WG??k_??^,[(18-23)-(17-22)-(14-15)-(13-21)-(11-20)-(10-19)-(8-9)-(7-16)-(6-12)-(4-5)-(2-3)-(0-1)],9.441375732421875e-05,0.012189388275146484,4,True,4
WtfII@`GH_b?B`?__WGA@?[C?OW?OG?WC?D@??WG??k_??^,[(21-23)-(18-22)-(15-17)-(13-14)-(11-20)-(10-19)-(8-9)-(7-16)-(6-12)-(4-5)-(2-3)-(0-1)],9.441375732421875e-05,0.09693360328674316,0,False,5
WtfII@`GH_b?B`?__WGA@?[C?OW?OG?WC?D@??WG??k_??^,[(21-23)-(18-22)-(15-17)-(13-14)-(11-20)-(10-19)-(8-9)-(7-16)-(6-12)-(4-5)-(2-3)-(0-1)],9.655952453613281e-05,0.02337932586669922,4,True,4
W|fIIC`GG_a@A@B?_OGE@?WC?oG?oG?WC?E@??wG?@o_??|,[(22-23)-(14-15)-(13-21)-(12-20)-(11-19)-(10-18)-(9-17)-(8-16)-(6-7)-(4-5)-(2-3)-(0-1)],9.584426879882812e-05,0.00903010368347168,3,True,3
W|fIIC`GG_a@A@B?_OGE@?WC?oG?oG?WC?E@??wG?@o_??|,[(22-23)-(14-15)-(13-21)-(12-20)-(11-19)-(10-18)-(9-17)-(8-16)-(6-7)-(4-5)-(2-3)-(0-1)],9.775161743164062e-05,0.0060846805572509766,2,True,2
W|fIIC`GG_a@A@B?_OGE@?WC?oG?oG?WC?E@??wG?@o_??|,[(20-23)-(15-22)-(13-14)-(12-21)-(11-19)-(10-18)-(9-17)-(8-16)-(6-7)-(4-5)-(2-3)-(0-1)],0.00010204315185546875,0.05850815773010254,9,True,9
W|fIIC`GG_a@A@B?_OGE@?WC?oG?oG?WC?E@??wG?@o_??|,[(20-23)-(15-22)-(13-14)-(12-21)-(11-19)-(10-18)-(9-17)-(8-16)-(6-7)-(4-5)-(2-3)-(0-1)],9.942054748535156e-05,0.0769648551940918,8,True,8
W|fIIC`GG_a@A@B?_OGE@?WC?oG?oG?WC?E@??wG?@o_??|,[(20-23)-(15-22)-(14-21)-(12-13)-(11-19)-(10-18)-(9-17)-(8-16)-(6-7)-(4-5)-(2-3)-(0-1)],9.703636169433594e-05,0.6603736877441406,0,False,5
W|fIIC`GG_a@A@B?_OGE@?WC?oG?oG?WC?E@??wG?@o_??|,[(20-23)-(15-22)-(14-21)-(12-13)-(11-19)-(10-18)-(9-17)-(8-16)-(6-7)-(4-5)-(2-3)-(0-1)],0.0001010894775390625,0.003597259521484375,1,True,1
W|fIIC`GG_a@A@B?_OGE@?WC?oG?oG?WC?E@??wG?@o_??|,[(22-23)-(20-21)-(14-15)-(12-13)-(11-19)-(10-18)-(9-17)-(8-16)-(6-7)-(4-5)-(2-3)-(0-1)],9.775161743164062e-05,0.008783340454101562,3,True,3
W|fIIC`GG_a@A@B?_OGE@?WC?oG?oG?WC?E@??wG?@o_??|,[(22-23)-(20-21)-(14-15)-(12-13)-(11-19)-(10-18)-(9-17)-(8-16)-(6-7)-(4-5)-(2-3)-(0-1)],9.799003601074219e-05,0.008779048919677734,3,True,3
W|fIIC`GG_a@A@B?_OGE@?WC?oG?oG?WC?E@??wG?@o_??|,[(21-22)-(20-23)-(14-15)-(12-13)-(11-19)-(10-18)-(9-17)-(8-16)-(6-7)-(4-5)-(2-3)-(0-1)],9.894371032714844e-05,0.008639335632324219,3,True,3
W|fIIC`GG_a@A@B?_OGE@?WC?oG?oG?WC?E@??wG?@o_??|,[(21-22)-(20-23)-(14-15)-(12-13)-(11-19)-(10-18)-(9-17)-(8-16)-(6-7)-(4-5)-(2-3)-(0-1)],9.989738464355469e-05,0.13152623176574707,0,False,9
W|fIIC`GG_a@A@B?_OGE@?WC?oG?oG?WC?E@??wG?@o_??|,[(19-23)-(15-22)-(13-14)-(12-21)-(11-20)-(10-18)-(9-17)-(8-16)-(6-7)-(4-5)-(2-3)-(0-1)],9.72747802734375e-05,0.010797739028930664,4,True,4
W|fIIC`GG_a@A@B?_OGE@?WC?oG?oG?WC?E@??wG?@o_??|,[(19-23)-(15-22)-(13-14)-(12-21)-(11-20)-(10-18)-(9-17)-(8-16)-(6-7)-(4-5)-(2-3)-(0-1)],9.34600830078125e-05,0.02430129051208496,5,True,5
W|fIIC`GG_a@A@B?_OGE@?WC?oG?oG?WC?E@??wG?@o_??|,[(19-23)-(15-22)-(14-21)-(12-13)-(11-20)-(10-18)-(9-17)-(8-16)-(6-7)-(4-5)-(2-3)-(0-1)],9.632110595703125e-05,1.276735782623291,0,False,7
W|fIIC`GG_a@A@B?_OGE@?WC?oG?oG?WC?E@??wG?@o_??|,[(19-23)-(15-22)-(14-21)-(12-13)-(11-20)-(10-18)-(9-17)-(8-16)-(6-7)-(4-5)-(2-3)-(0-1)],9.799003601074219e-05,0.005971193313598633,2,True,2
W|fIIC`GG_a@A@B?_OGE@?WC?oG?oG?WC?E@??wG?@o_??|,[(21-22)-(19-23)-(14-15)-(12-13)-(11-20)-(10-18)-(9-17)-(8-16)-(6-7)-(4-5)-(2-3)-(0-1)],9.441375732421875e-05,0.03521585464477539,0,False,3
W|fIIC`GG_a@A@B?_OGE@?WC?oG?oG?WC?E@??wG?@o_??|,[(21-22)-(19-23)-(14-15)-(12-13)-(11-20)-(10-18)-(9-17)-(8-16)-(6-7)-(4-5)-(2-3)-(0-1)],9.512901306152344e-05,0.011215686798095703,4,True,4
W|fIIC`GG_a@A@B?_OGE@?WC?oG?oG?WC?E@??wG?@o_??|,[(22-23)-(19-20)-(14-15)-(13-21)-(11-12)-(10-18)-(9-17)-(8-16)-(6-7)-(4-5)-(2-3)-(0-1)],9.679794311523438e-05,0.03086543083190918,8,True,8
W|fIIC`GG_a@A@B?_OGE@?WC?oG?oG?WC?E@??wG?@o_??|,[(22-23)-(19-20)-(14-15)-(13-21)-(11-12)-(10-18)-(9-17)-(8-16)-(6-7)-(4-5)-(2-3)-(0-1)],9.441375732421875e-05,0.0015802383422851562,0,True,0
W|fIIC`GG_a@A@B?_OGE@?WC?oG?oG?WC?E@??wG?@o_??|,[(20-21)-(19-23)-(15-22)-(13-14)-(11-12)-(10-18)-(9-17)-(8-16)-(6-7)-(4-5)-(2-3)-(0-1)],9.560585021972656e-05,0.006020069122314453,2,True,2
W|fIIC`GG_a@A@B?_OGE@?WC?oG?oG?WC?E@??wG?@o_??|,[(20-21)-(19-23)-(15-22)-(13-14)-(11-12)-(10-18)-(9-17)-(8-16)-(6-7)-(4-5)-(2-3)-(0-1)],9.512901306152344e-05,0.011962175369262695,4,True,4
WtfIID`GH?a@E?B__WGB@?CC?WG?WG?GC?E@??kG??R_?@x,[(21-22)-(19-23)-(15-16)-(13-14)-(12-20)-(11-18)-(10-17)-(8-9)-(6-7)-(4-5)-(2-3)-(0-1)],9.179115295410156e-05,0.014058828353881836,0,False,2
WtfIID`GH?a@E?B__WGB@?CC?WG?WG?GC?E@??kG??R_?@x,[(21-22)-(19-23)-(15-16)-(13-14)-(12-20)-(11-18)-(10-17)-(8-9)-(6-7)-(4-5)-(2-3)-(0-1)],9.560585021972656e-05,0.7038772106170654,0,False,5
WtfIID`GH?a@E?B__WGB@?CC?WG?WG?GC?E@??kG??R_?@x,[(19-23)-(16-22)-(15-21)-(13-14)-(12-20)-(11-18)-(10-17)-(8-9)-(6-7)-(4-5)-(2-3)-(0-1)],9.560585021972656e-05,0.018463611602783203,5,True,5
WtfIID`GH?a@E?B__WGB@?CC?WG?WG?GC?E@??kG??R_?@x,[(19-23)-(16-22)-(15-21)-(13-14)-(12-20)-(11-18)-(10-17)-(8-9)-(6-7)-(4-5)-(2-3)-(0-1)],9.5367431640625e-05,2.0475027561187744,0,False,33
WtfIID`GH?a@E?B__WGB@?CC?WG?WG?GC?E@??kG??R_?@x,[(19-22)-(16-23)-(15-21)-(13-14)-(12-20)-(11-18)-(10-17)-(8-9)-(6-7)-(4-5)-(2-3)-(0-1)],9.226799011230469e-05,0.011311054229736328,4,True,4
WtfIID`GH?a@E?B__WGB@?CC?WG?WG?GC?E@??kG??R_?@x,[(19-22)-(16-23)-(15-21)-(13-14)-(12-20)-(11-18)-(10-17)-(8-9)-(6-7)-(4-5)-(2-3)-(0-1)],9.226799011230469e-05,0.31534290313720703,6,True,9
WtfIID`GH?a@E?B__WGB@?CC?WG?WG?GC?E@??kG??R_?@x,[(22-23)-(19-20)-(15-16)-(13-14)-(12-21)-(11-18)-(10-17)-(8-9)-(6-7)-(4-5)-(2-3)-(0-1)],9.608268737792969e-05,0.0035495758056640625,1,True,1
WtfIID`GH?a@E?B__WGB@?CC?WG?WG?GC?E@??kG??R_?@x,[(22-23)-(19-20)-(15-16)-(13-14)-(12-21)-(11-18)-(10-17)-(8-9)-(6-7)-(4-5)-(2-3)-(0-1)],9.322166442871094e-05,0.10637545585632324,0,False,5
WtfIID`GH?a@E?B__WGB@?CC?WG?WG?GC?E@??kG??R_?@x,[(20-22)-(19-23)-(15-16)-(13-14)-(12-21)-(11-18)-(10-17)-(8-9)-(6-7)-(4-5)-(2-3)-(0-1)],9.5367431640625e-05,0.0060176849365234375,0,False,1
WtfIID`GH?a@E?B__WGB@?CC?WG?WG?GC?E@??kG??R_?@x,[(20-22)-(19-23)-(15-16)-(13-14)-(12-21)-(11-18)-(10-17)-(8-9)-(6-7)-(4-5)-(2-3)-(0-1)],9.489059448242188e-05,0.10336422920227051,0,False,4
WtfIID`GH?a@E?B__WGB@?CC?WG?WG?GC?E@??kG??R_?@x,[(22-23)-(19-20)-(15-16)-(14-21)-(12-13)-(11-18)-(10-17)-(8-9)-(6-7)-(4-5)-(2-3)-(0-1)],9.584426879882812e-05,0.008595705032348633,3,True,3
WtfIID`GH?a@E?B__WGB@?CC?WG?WG?GC?E@??kG??R_?@x,[(22-23)-(19-20)-(15-16)-(14-21)-(12-13)-(11-18)-(10-17)-(8-9)-(6-7)-(4-5)-(2-3)-(0-1)],9.441375732421875e-05,0.005832195281982422,2,True,2
WtfIID`GH?a@E?B__WGB@?CC?WG?WG?GC?E@??kG??R_?@x,[(20-22)-(19-23)-(15-16)-(14-21)-(12-13)-(11-18)-(10-17)-(8-9)-(6-7)-(4-5)-(2-3)-(0-1)],9.34600830078125e-05,0.008598089218139648,3,True,3
WtfIID`GH?a@E?B__WGB@?CC?WG?WG?GC?E@??kG??R_?@x,[(20-22)-(19-23)-(15-16)-(14-21)-(12-13)-(11-18)-(10-17)-(8-9)-(6-7)-(4-5)-(2-3)-(0-1)],9.369850158691406e-05,0.005837678909301758,2,True,2
WtfIID`GH?a@E?B__WGB@?CC?WG?WG?GC?E@??kG??R_?@x,[(20-21)-(19-23)-(16-22)-(14-15)-(12-13)-(11-18)-(10-17)-(8-9)-(6-7)-(4-5)-(2-3)-(0-1)],9.822845458984375e-05,0.003529787063598633,1,True,1
WtfIID`GH?a@E?B__WGB@?CC?WG?WG?GC?E@??kG??R_?@x,[(20-21)-(19-23)-(16-22)-(14-15)-(12-13)-(11-18)-(10-17)-(8-9)-(6-7)-(4-5)-(2-3)-(0-1)],9.34600830078125e-05,0.038809776306152344,11,True,11
WtfIID`GH?a@E?B__WGB@?CC?WG?WG?GC?E@??kG??R_?@x,[(21-22)-(19-20)-(16-23)-(14-15)-(12-13)-(11-18)-(10-17)-(8-9)-(6-7)-(4-5)-(2-3)-(0-1)],9.417533874511719e-05,0.1575472354888916,6,True,9
WtfIID`GH?a@E?B__WGB@?CC?WG?WG?GC?E@??kG??R_?@x,[(21-22)-(19-20)-(16-23)-(14-15)-(12-13)-(11-18)-(10-17)-(8-9)-(6-7)-(4-5)-(2-3)-(0-1)],9.632110595703125e-05,0.0035905838012695312,1,True,1
WtfIID`GH?a@E?B__WGB@?CC?WG?WG?GC?E@??kG??R_?@x,[(20-21)-(19-22)-(16-23)-(14-15)-(12-13)-(11-18)-(10-17)-(8-9)-(6-7)-(4-5)-(2-3)-(0-1)],9.72747802734375e-05,0.018415212631225586,6,True,6
WtfIID`GH?a@E?B__WGB@?CC?WG?WG?GC?E@??kG??R_?@x,[(20-21)-(19-22)-(16-23)-(14-15)-(12-13)-(11-18)-(10-17)-(8-9)-(6-7)-(4-5)-(2-3)-(0-1)],9.584426879882812e-05,1.495227336883545,0,False,19
WtfIID`GH_a?A@B__WGB@?CC?WG?WG?GC?E@??kG??R_?@x,[(21-22)-(19-23)-(15-16)-(13-14)-(12-20)-(11-18)-(10-17)-(8-9)-(6-7)-(4-5)-(2-3)-(0-1)],9.5367431640625e-05,0.13785624504089355,8,True,10
WtfIID`GH_a?A@B__WGB@?CC?WG?WG?GC?E@??kG??R_?@x,[(21-22)-(19-23)-(15-16)-(13-14)-(12-20)-(11-18)-(10-17)-(8-9)-(6-7)-(4-5)-(2-3)-(0-1)],0.00010061264038085938,0.005991697311401367,2,True,2
WtfIID`GH_a?A@B__WGB@?CC?WG?WG?GC?E@??kG??R_?@x,[(19-23)-(16-22)-(15-21)-(13-14)-(12-20)-(11-18)-(10-17)-(8-9)-(6-7)-(4-5)-(2-3)-(0-1)],9.918212890625e-05,0.014323234558105469,4,True,4
WtfIID`GH_a?A@B__WGB@?CC?WG?WG?GC?E@??kG??R_?@x,[(19-23)-(16-22)-(15-21)-(13-14)-(12-20)-(11-18)-(10-17)-(8-9)-(6-7)-(4-5)-(2-3)-(0-1)],9.512901306152344e-05,1.38155198097229,0,False,11
WtfIID`GH_a?A@B__WGB@?CC?WG?WG?GC?E@??kG??R_?@x,[(19-22)-(16-23)-(15-21)-(13-14)-(12-20)-(11-18)-(10-17)-(8-9)-(6-7)-(4-5)-(2-3)-(0-1)],0.00010132789611816406,0.011113166809082031,4,True,4
WtfIID`GH_a?A@B__WGB@?CC?WG?WG?GC?E@??kG??R_?@x,[(19-22)-(16-23)-(15-21)-(13-14)-(12-20)-(11-18)-(10-17)-(8-9)-(6-7)-(4-5)-(2-3)-(0-1)],9.679794311523438e-05,0.14494657516479492,8,True,11
WtfIID`GH_a?A@B__WGB@?CC?WG?WG?GC?E@??kG??R_?@x,[(22-23)-(19-20)-(15-16)-(13-14)-(12-21)-(11-18)-(10-17)-(8-9)-(6-7)-(4-5)-(2-3)-(0-1)],9.655952453613281e-05,0.022206544876098633,6,True,6
WtfIID`GH_a?A@B__WGB@?CC?WG?WG?GC?E@??kG??R_?@x,[(22-23)-(19-20)-(15-16)-(13-14)-(12-21)-(11-18)-(10-17)-(8-9)-(6-7)-(4-5)-(2-3)-(0-1)],9.608268737792969e-05,0.02256631851196289,4,True,5
WtfIID`GH_a?A@B__WGB@?CC?WG?WG?GC?E@??kG??R_?@x,[(20-22)-(19-23)-(15-16)-(13-14)-(12-21)-(11-18)-(10-17)-(8-9)-(6-7)-(4-5)-(2-3)-(0-1)],9.560585021972656e-05,0.02441859245300293,7,True,7
WtfIID`GH_a?A@B__WGB@?CC?WG?WG?GC?E@??kG??R_?@x,[(20-22)-(19-23)-(15-16)-(13-14)-(12-21)-(11-18)-(10-17)-(8-9)-(6-7)-(4-5)-(2-3)-(0-1)],9.465217590332031e-05,0.02694416046142578,0,False,3
WtfIID`GH_a?A@B__WGB@?CC?WG?WG?GC?E@??kG??R_?@x,[(22-23)-(19-20)-(15-16)-(14-21)-(12-13)-(11-18)-(10-17)-(8-9)-(6-7)-(4-5)-(2-3)-(0-1)],9.584426879882812e-05,0.01169133186340332,4,True,4
WtfIID`GH_a?A@B__WGB@?CC?WG?WG?GC?E@??kG??R_?@x,[(22-23)-(19-20)-(15-16)-(14-21)-(12-13)-(11-18)-(10-17)-(8-9)-(6-7)-(4-5)-(2-3)-(0-1)],9.465217590332031e-05,0.013992786407470703,0,False,2
WtfIID`GH_a?A@B__WGB@?CC?WG?WG?GC?E@??kG??R_?@x,[(20-22)-(19-23)-(15-16)-(14-21)-(12-13)-(11-18)-(10-17)-(8-9)-(6-7)-(4-5)-(2-3)-(0-1)],9.5367431640625e-05,0.03296780586242676,8,True,8
WtfIID`GH_a?A@B__WGB@?CC?WG?WG?GC?E@??kG??R_?@x,[(20-22)-(19-23)-(15-16)-(14-21)-(12-13)-(11-18)-(10-17)-(8-9)-(6-7)-(4-5)-(2-3)-(0-1)],9.465217590332031e-05,0.005990028381347656,2,True,2
WtfIID`GH_a?A@B__WGB@?CC?WG?WG?GC?E@??kG??R_?@x,[(20-21)-(19-23)-(16-22)-(14-15)-(12-13)-(11-18)-(10-17)-(8-9)-(6-7)-(4-5)-(2-3)-(0-1)],9.512901306152344e-05,0.011640310287475586,4,True,4
WtfIID`GH_a?A@B__WGB@?CC?WG?WG?GC?E@??kG??R_?@x,[(20-21)-(19-23)-(16-22)-(14-15)-(12-13)-(11-18)-(10-17)-(8-9)-(6-7)-(4-5)-(2-3)-(0-1)],9.5367431640625e-05,0.021564006805419922,7,True,7
WtfIID`GH_a?A@B__WGB@?CC?WG?WG?GC?E@??kG??R_?@x,[(21-22)-(19-20)-(16-23)-(14-15)-(12-13)-(11-18)-(10-17)-(8-9)-(6-7)-(4-5)-(2-3)-(0-1)],9.512901306152344e-05,0.014075994491577148,5,True,5
WtfIID`GH_a?A@B__WGB@?CC?WG?WG?GC?E@??kG??R_?@x,[(21-22)-(19-20)-(16-23)-(14-15)-(12-13)-(11-18)-(10-17)-(8-9)-(6-7)-(4-5)-(2-3)-(0-1)],9.512901306152344e-05,1.2116811275482178,0,False,12
WtfIID`GH_a?A@B__WGB@?CC?WG?WG?GC?E@??kG??R_?@x,[(20-21)-(19-22)-(16-23)-(14-15)-(12-13)-(11-18)-(10-17)-(8-9)-(6-7)-(4-5)-(2-3)-(0-1)],9.751319885253906e-05,0.014705419540405273,5,True,5
WtfIID`GH_a?A@B__WGB@?CC?WG?WG?GC?E@??kG??R_?@x,[(20-21)-(19-22)-(16-23)-(14-15)-(12-13)-(11-18)-(10-17)-(8-9)-(6-7)-(4-5)-(2-3)-(0-1)],9.655952453613281e-05,1.3984630107879639,0,False,9
WtfIID`GH_a?A@B__WGA@?KC?WG?WG?GC?E@??kG??b_?@x,[(22-23)-(15-21)-(13-14)-(12-20)-(11-19)-(10-18)-(9-17)-(8-16)-(6-7)-(4-5)-(2-3)-(0-1)],9.250640869140625e-05,0.029630422592163086,4,True,4
WtfIID`GH_a?A@B__WGA@?KC?WG?WG?GC?E@??kG??b_?@x,[(22-23)-(15-21)-(13-14)-(12-20)-(11-19)-(10-18)-(9-17)-(8-16)-(6-7)-(4-5)-(2-3)-(0-1)],0.0001163482666015625,0.015228033065795898,5,True,5
WtfIID`GH_a?A@B__WGA@?KC?WG?WG?GC?E@??kG??b_?@x,[(22-23)-(20-21)-(14-15)-(12-13)-(11-19)-(10-18)-(9-17)-(8-16)-(6-7)-(4-5)-(2-3)-(0-1)],9.679794311523438e-05,0.008268594741821289,3,True,3
WtfIID`GH_a?A@B__WGA@?KC?WG?WG?GC?E@??kG??b_?@x,[(22-23)-(20-21)-(14-15)-(12-13)-(11-19)-(10-18)-(9-17)-(8-16)-(6-7)-(4-5)-(2-3)-(0-1)],9.369850158691406e-05,0.023386716842651367,7,True,7
WtfIID`GH_a?A@B__WGA@?KC?WG?WG?GC?E@??kG??b_?@x,[(19-23)-(15-22)-(13-14)-(12-21)-(11-20)-(10-18)-(9-17)-(8-16)-(6-7)-(4-5)-(2-3)-(0-1)],9.465217590332031e-05,0.42545604705810547,0,False,8
WtfIID`GH_a?A@B__WGA@?KC?WG?WG?GC?E@??kG??b_?@x,[(19-23)-(15-22)-(13-14)-(12-21)-(11-20)-(10-18)-(9-17)-(8-16)-(6-7)-(4-5)-(2-3)-(0-1)],9.846687316894531e-05,0.00876927375793457,3,True,3
WtfIID`GH_a?A@B__WGA@?KC?WG?WG?GC?E@??kG??b_?@x,[(19-23)-(15-22)-(14-21)-(12-13)-(11-20)-(10-18)-(9-17)-(8-16)-(6-7)-(4-5)-(2-3)-(0-1)],9.775161743164062e-05,0.00873875617980957,3,True,3
WtfIID`GH_a?A@B__WGA@?KC?WG?WG?GC?E@??kG??b_?@x,[(19-23)-(15-22)-(14-21)-(12-13)-(11-20)-(10-18)-(9-17)-(8-16)-(6-7)-(4-5)-(2-3)-(0-1)],9.608268737792969e-05,0.019835948944091797,6,True,6
WtfIID`GH_a?A@B__WGA@?KC?WG?WG?GC?E@??kG??b_?@x,[(21-22)-(19-23)-(14-15)-(12-13)-(11-20)-(10-18)-(9-17)-(8-16)-(6-7)-(4-5)-(2-3)-(0-1)],9.751319885253906e-05,0.008779764175415039,3,True,3
WtfIID`GH_a?A@B__WGA@?KC?WG?WG?GC?E@??kG??b_?@x,[(21-22)-(19-23)-(14-15)-(12-13)-(11-20)-(10-18)-(9-17)-(8-16)-(6-7)-(4-5)-(2-3)-(0-1)],9.584426879882812e-05,0.05239677429199219,0,False,3
WtfIID`GH_a?A@B__WGA@?KC?WG?WG?GC?E@??kG??b_?@x,[(22-23)-(19-20)-(15-21)-(13-14)-(11-12)-(10-18)-(9-17)-(8-16)-(6-7)-(4-5)-(2-3)-(0-1)],9.441375732421875e-05,0.005858659744262695,2,True,2
WtfIID`GH_a?A@B__WGA@?KC?WG?WG?GC?E@??kG??b_?@x,[(22-23)-(19-20)-(15-21)-(13-14)-(11-12)-(10-18)-(9-17)-(8-16)-(6-7)-(4-5)-(2-3)-(0-1)],9.34600830078125e-05,0.01699662208557129,5,True,5
WtfIID`GH_a?A@B__WGA@?KC?WG?WG?GC?E@??kG??b_?@x,[(20-22)-(19-23)-(15-21)-(13-14)-(11-12)-(10-18)-(9-17)-(8-16)-(6-7)-(4-5)-(2-3)-(0-1)],9.465217590332031e-05,0.020884275436401367,7,True,7
WtfIID`GH_a?A@B__WGA@?KC?WG?WG?GC?E@??kG??b_?@x,[(20-22)-(19-23)-(15-21)-(13-14)-(11-12)-(10-18)-(9-17)-(8-16)-(6-7)-(4-5)-(2-3)-(0-1)],9.393692016601562e-05,0.04927682876586914,7,True,7
WtfIID`GH_a?A@B__WGA@?KC?WG?WG?GC?E@??kG??b_?@x,[(20-21)-(19-23)-(15-22)-(13-14)-(11-12)-(10-18)-(9-17)-(8-16)-(6-7)-(4-5)-(2-3)-(0-1)],9.632110595703125e-05,0.0210111141204834,7,True,7
WtfIID`GH_a?A@B__WGA@?KC?WG?WG?GC?E@??kG??b_?@x,[(20-21)-(19-23)-(15-22)-(13-14)-(11-12)-(10-18)-(9-17)-(8-16)-(6-7)-(4-5)-(2-3)-(0-1)],9.5367431640625e-05,0.005825519561767578,2,True,2
WtfIID`GH_a?A@B__WGA@?KC?WG?WG?GC?E@??kG??b_?@x,[(19-22)-(17-23)-(15-21)-(13-14)-(12-20)-(11-18)-(9-10)-(8-16)-(6-7)-(4-5)-(2-3)-(0-1)],9.560585021972656e-05,0.9058635234832764,8,True,8
WtfIID`GH_a?A@B__WGA@?KC?WG?WG?GC?E@??kG??b_?@x,[(19-22)-(17-23)-(15-21)-(13-14)-(12-20)-(11-18)-(9-10)-(8-16)-(6-7)-(4-5)-(2-3)-(0-1)],9.465217590332031e-05,0.025836706161499023,7,True,7
WtfIID`GH_a?A@B__WGA@?KC?WG?WG?GC?E@??kG??b_?@x,[(19-20)-(17-23)-(15-22)-(13-14)-(12-21)-(11-18)-(9-10)-(8-16)-(6-7)-(4-5)-(2-3)-(0-1)],9.560585021972656e-05,0.008546590805053711,3,True,3
WtfIID`GH_a?A@B__WGA@?KC?WG?WG?GC?E@??kG??b_?@x,[(19-20)-(17-23)-(15-22)-(13-14)-(12-21)-(11-18)-(9-10)-(8-16)-(6-7)-(4-5)-(2-3)-(0-1)],9.417533874511719e-05,0.026579618453979492,7,True,7
WtbIID`GH_a@E?A?`oGE@?WC?OG?wG?GK?E@??oG?Ao_??n,[(22-23)-(14-15)-(13-21)-(12-20)-(11-19)-(10-18)-(9-17)-(8-16)-(6-7)-(4-5)-(2-3)-(0-1)],9.250640869140625e-05,0.012021541595458984,4,True,4
WtbIID`GH_a@E?A?`oGE@?WC?OG?wG?GK?E@??oG?Ao_??n,[(22-23)-(14-15)-(13-21)-(12-20)-(11-19)-(10-18)-(9-17)-(8-16)-(6-7)-(4-5)-(2-3)-(0-1)],9.775161743164062e-05,0.032576799392700195,7,True,7
WtbIID`GH_a@E?A?`oGE@?WC?OG?wG?GK?E@??oG?Ao_??n,[(21-23)-(14-15)-(13-22)-(12-20)-(11-19)-(10-18)-(9-17)-(8-16)-(6-7)-(4-5)-(2-3)-(0-1)],9.918212890625e-05,0.006256818771362305,2,True,2
WtbIID`GH_a@E?A?`oGE@?WC?OG?wG?GK?E@??oG?Ao_??n,[(21-23)-(14-15)-(13-22)-(12-20)-(11-19)-(10-18)-(9-17)-(8-16)-(6-7)-(4-5)-(2-3)-(0-1)],9.751319885253906e-05,0.07351565361022949,0,False,4
WtbIID`GH_a@E?A?`oGE@?WC?OG?wG?GK?E@??oG?Ao_??n,[(21-23)-(15-22)-(13-14)-(12-20)-(11-19)-(10-18)-(9-17)-(8-16)-(6-7)-(4-5)-(2-3)-(0-1)],9.655952453613281e-05,0.011440515518188477,4,True,4
WtbIID`GH_a@E?A?`oGE@?WC?OG?wG?GK?E@??oG?Ao_??n,[(21-23)-(15-22)-(13-14)-(12-20)-(11-19)-(10-18)-(9-17)-(8-16)-(6-7)-(4-5)-(2-3)-(0-1)],9.512901306152344e-05,0.04053950309753418,3,True,3
WtbIID`GH_a@E?A?`oGE@?WC?OG?wG?GK?E@??oG?Ao_??n,[(20-23)-(14-15)-(13-22)-(12-21)-(11-19)-(10-18)-(9-17)-(8-16)-(6-7)-(4-5)-(2-3)-(0-1)],9.846687316894531e-05,0.0169680118560791,6,True,6
WtbIID`GH_a@E?A?`oGE@?WC?OG?wG?GK?E@??oG?Ao_??n,[(20-23)-(14-15)-(13-22)-(12-21)-(11-19)-(10-18)-(9-17)-(8-16)-(6-7)-(4-5)-(2-3)-(0-1)],9.608268737792969e-05,0.028821229934692383,4,True,4
WtbIID`GH_a@E?A?`oGE@?WC?OG?wG?GK?E@??oG?Ao_??n,[(20-23)-(15-22)-(13-14)-(12-21)-(11-19)-(10-18)-(9-17)-(8-16)-(6-7)-(4-5)-(2-3)-(0-1)],9.608268737792969e-05,0.1559286117553711,5,True,5
WtbIID`GH_a@E?A?`oGE@?WC?OG?wG?GK?E@??oG?Ao_??n,[(20-23)-(15-22)-(13-14)-(12-21)-(11-19)-(10-18)-(9-17)-(8-16)-(6-7)-(4-5)-(2-3)-(0-1)],9.942054748535156e-05,0.014441251754760742,5,True,5
WtbIID`GH_a@E?A?`oGE@?WC?OG?wG?GK?E@??oG?Ao_??n,[(22-23)-(20-21)-(14-15)-(12-13)-(11-19)-(10-18)-(9-17)-(8-16)-(6-7)-(4-5)-(2-3)-(0-1)],9.846687316894531e-05,0.011853933334350586,4,True,4
WtbIID`GH_a@E?A?`oGE@?WC?OG?wG?GK?E@??oG?Ao_??n,[(22-23)-(20-21)-(14-15)-(12-13)-(11-19)-(10-18)-(9-17)-(8-16)-(6-7)-(4-5)-(2-3)-(0-1)],9.799003601074219e-05,0.02819204330444336,5,True,5
WtbIID`GH_a@E?A?`oGE@?WC?OG?wG?GK?E@??oG?Ao_??n,[(21-22)-(20-23)-(14-15)-(12-13)-(11-19)-(10-18)-(9-17)-(8-16)-(6-7)-(4-5)-(2-3)-(0-1)],9.870529174804688e-05,0.016991138458251953,5,True,5
WtbIID`GH_a@E?A?`oGE@?WC?OG?wG?GK?E@??oG?Ao_??n,[(21-22)-(20-23)-(14-15)-(12-13)-(11-19)-(10-18)-(9-17)-(8-16)-(6-7)-(4-5)-(2-3)-(0-1)],9.703636169433594e-05,0.014057159423828125,3,True,3
WtbIID`GH_a@E?A?`oGE@?WC?OG?wG?GK?E@??oG?Ao_??n,[(19-23)-(14-15)-(13-22)-(12-21)-(11-20)-(10-18)-(9-17)-(8-16)-(6-7)-(4-5)-(2-3)-(0-1)],9.608268737792969e-05,0.014507293701171875,4,True,4
WtbIID`GH_a@E?A?`oGE@?WC?OG?wG?GK?E@??oG?Ao_??n,[(19-23)-(14-15)-(13-22)-(12-21)-(11-20)-(10-18)-(9-17)-(8-16)-(6-7)-(4-5)-(2-3)-(0-1)],9.5367431640625e-05,0.012564659118652344,4,True,4
WtbIID`GH_a@E?A?`oGE@?WC?OG?wG?GK?E@??oG?Ao_??n,[(19-23)-(15-22)-(13-14)-(12-21)-(11-20)-(10-18)-(9-17)-(8-16)-(6-7)-(4-5)-(2-3)-(0-1)],9.679794311523438e-05,0.014801263809204102,5,True,5
WtbIID`GH_a@E?A?`oGE@?WC?OG?wG?GK?E@??oG?Ao_??n,[(19-23)-(15-22)-(13-14)-(12-21)-(11-20)-(10-18)-(9-17)-(8-16)-(6-7)-(4-5)-(2-3)-(0-1)],9.5367431640625e-05,0.008775949478149414,3,True,3
WtbIID`GH_a@E?A?`oGE@?WC?OG?wG?GK?E@??oG?Ao_??n,[(21-22)-(19-23)-(14-15)-(12-13)-(11-20)-(10-18)-(9-17)-(8-16)-(6-7)-(4-5)-(2-3)-(0-1)],9.5367431640625e-05,0.014325618743896484,3,True,3
WtbIID`GH_a@E?A?`oGE@?WC?OG?wG?GK?E@??oG?Ao_??n,[(21-22)-(19-23)-(14-15)-(12-13)-(11-20)-(10-18)-(9-17)-(8-16)-(6-7)-(4-5)-(2-3)-(0-1)],9.489059448242188e-05,0.011701107025146484,4,True,4
WtfAID_GH_b@A@B?_oGE@?OC@_G@_G?_C?M@??_W?Bo_?@y,[(19-23)-(14-15)-(13-22)-(12-21)-(10-20)-(9-18)-(8-17)-(7-16)-(5-6)-(4-11)-(2-3)-(0-1)],9.322166442871094e-05,1.2012805938720703,0,False,6
WtfAID_GH_b@A@B?_oGE@?OC@_G@_G?_C?M@??_W?Bo_?@y,[(19-23)-(14-15)-(13-22)-(12-21)-(10-20)-(9-18)-(8-17)-(7-16)-(5-6)-(4-11)-(2-3)-(0-1)],0.0001010894775390625,0.0061800479888916016,2,True,2
WtfAID_GH_b@A@B?_oGE@?OC@_G@_G?_C?M@??_W?Bo_?@y,[(19-23)-(15-22)-(13-14)-(12-21)-(10-20)-(9-18)-(8-17)-(7-16)-(5-6)-(4-11)-(2-3)-(0-1)],9.870529174804688e-05,0.02683281898498535,8,True,8
WtfAID_GH_b@A@B?_oGE@?OC@_G@_G?_C?M@??_W?Bo_?@y,[(19-23)-(15-22)-(13-14)-(12-21)-(10-20)-(9-18)-(8-17)-(7-16)-(5-6)-(4-11)-(2-3)-(0-1)],9.417533874511719e-05,0.01441049575805664,3,True,4
WtfAID_GH_b@A@B?_oGE@?OC@_G@_G?_C?M@??_W?Bo_?@y,[(21-22)-(19-23)-(14-15)-(12-13)-(10-20)-(9-18)-(8-17)-(7-16)-(5-6)-(4-11)-(2-3)-(0-1)],9.417533874511719e-05,0.08004903793334961,5,True,5
WtfAID_GH_b@A@B?_oGE@?OC@_G@_G?_C?M@??_W?Bo_?@y,[(21-22)-(19-23)-(14-15)-(12-13)-(10-20)-(9-18)-(8-17)-(7-16)-(5-6)-(4-11)-(2-3)-(0-1)],9.369850158691406e-05,0.1527867317199707,0,False,7
WtfAID_GH_b@A@B?_oGE@?OC@_G@_G?_C?M@??_W?Bo_?@y,[(18-23)-(14-15)-(13-22)-(12-21)-(10-20)-(9-19)-(8-17)-(7-16)-(5-6)-(4-11)-(2-3)-(0-1)],9.632110595703125e-05,0.011321067810058594,4,True,4
WtfAID_GH_b@A@B?_oGE@?OC@_G@_G?_C?M@??_W?Bo_?@y,[(18-23)-(14-15)-(13-22)-(12-21)-(10-20)-(9-19)-(8-17)-(7-16)-(5-6)-(4-11)-(2-3)-(0-1)],9.560585021972656e-05,0.027465105056762695,0,False,3
WtfAID_GH_b@A@B?_oGE@?OC@_G@_G?_C?M@??_W?Bo_?@y,[(18-23)-(15-22)-(13-14)-(12-21)-(10-20)-(9-19)-(8-17)-(7-16)-(5-6)-(4-11)-(2-3)-(0-1)],9.608268737792969e-05,0.020507097244262695,7,True,7
WtfAID_GH_b@A@B?_oGE@?OC@_G@_G?_C?M@??_W?Bo_?@y,[(18-23)-(15-22)-(13-14)-(12-21)-(10-20)-(9-19)-(8-17)-(7-16)-(5-6)-(4-11)-(2-3)-(0-1)],9.512901306152344e-05,0.05107569694519043,11,True,11
WtfAID_GH_b@A@B?_oGE@?OC@_G@_G?_C?M@??_W?Bo_?@y,[(21-22)-(18-23)-(14-15)-(12-13)-(10-20)-(9-19)-(8-17)-(7-16)-(5-6)-(4-11)-(2-3)-(0-1)],9.703636169433594e-05,0.008991479873657227,3,True,3
WtfAID_GH_b@A@B?_oGE@?OC@_G@_G?_C?M@??_W?Bo_?@y,[(21-22)-(18-23)-(14-15)-(12-13)-(10-20)-(9-19)-(8-17)-(7-16)-(5-6)-(4-11)-(2-3)-(0-1)],9.679794311523438e-05,0.014134883880615234,3,True,3
WtfAID_GH_b@A@B?_oGE@?OC@_G@_G?_C?M@??_W?Bo_?@y,[(21-23)-(18-19)-(14-15)-(13-22)-(12-20)-(9-10)-(8-17)-(7-16)-(5-6)-(4-11)-(2-3)-(0-1)],0.00010085105895996094,0.165816068649292,8,True,8
WtfAID_GH_b@A@B?_oGE@?OC@_G@_G?_C?M@??_W?Bo_?@y,[(21-23)-(18-19)-(14-15)-(13-22)-(12-20)-(9-10)-(8-17)-(7-16)-(5-6)-(4-11)-(2-3)-(0-1)],9.584426879882812e-05,0.021456241607666016,7,True,7
WtfAID_GH_b@A@B?_oGE@?OC@_G@_G?_C?M@??_W?Bo_?@y,[(19-21)-(18-23)-(14-15)-(13-22)-(12-20)-(9-10)-(8-17)-(7-16)-(5-6)-(4-11)-(2-3)-(0-1)],9.489059448242188e-05,0.018935441970825195,4,True,4
WtfAID_GH_b@A@B?_oGE@?OC@_G@_G?_C?M@??_W?Bo_?@y,[(19-21)-(18-23)-(14-15)-(13-22)-(12-20)-(9-10)-(8-17)-(7-16)-(5-6)-(4-11)-(2-3)-(0-1)],9.417533874511719e-05,0.025937557220458984,5,True,5
WtfAID_GH_b@A@B?_oGE@?OC@_G@_G?_C?M@??_W?Bo_?@y,[(21-23)-(18-19)-(15-22)-(13-14)-(12-20)-(9-10)-(8-17)-(7-16)-(5-6)-(4-11)-(2-3)-(0-1)],9.393692016601562e-05,0.009052753448486328,3,True,3
WtfAID_GH_b@A@B?_oGE@?OC@_G@_G?_C?M@??_W?Bo_?@y,[(21-23)-(18-19)-(15-22)-(13-14)-(12-20)-(9-10)-(8-17)-(7-16)-(5-6)-(4-11)-(2-3)-(0-1)],9.369850158691406e-05,0.05865025520324707,8,True,9
WtfAID_GH_b@A@B?_oGE@?OC@_G@_G?_C?M@??_W?Bo_?@y,[(19-21)-(18-23)-(15-22)-(13-14)-(12-20)-(9-10)-(8-17)-(7-16)-(5-6)-(4-11)-(2-3)-(0-1)],9.608268737792969e-05,0.008411884307861328,3,True,3
WtfAID_GH_b@A@B?_oGE@?OC@_G@_G?_C?M@??_W?Bo_?@y,[(19-21)-(18-23)-(15-22)-(13-14)-(12-20)-(9-10)-(8-17)-(7-16)-(5-6)-(4-11)-(2-3)-(0-1)],9.560585021972656e-05,0.08052396774291992,8,True,8
WtfIID`GH_a?A@B__W?B`?E??KG?GG?KC?B`??M???[_??^,[(21-23)-(18-22)-(14-15)-(13-20)-(12-19)-(11-17)-(10-16)-(8-9)-(6-7)-(4-5)-(2-3)-(0-1)],9.34600830078125e-05,0.012059926986694336,4,True,4
WtfIID`GH_a?A@B__W?B`?E??KG?GG?KC?B`??M???[_??^,[(21-23)-(18-22)-(14-15)-(13-20)-(12-19)-(11-17)-(10-16)-(8-9)-(6-7)-(4-5)-(2-3)-(0-1)],9.965896606445312e-05,0.011486291885375977,4,True,4
WtfIID`GH_a?A@B__W?B`?E??KG?GG?KC?B`??M???[_??^,[(21-22)-(18-23)-(14-15)-(13-20)-(12-19)-(11-17)-(10-16)-(8-9)-(6-7)-(4-5)-(2-3)-(0-1)],0.00010085105895996094,0.008559465408325195,3,True,3
WtfIID`GH_a?A@B__W?B`?E??KG?GG?KC?B`??M???[_??^,[(21-22)-(18-23)-(14-15)-(13-20)-(12-19)-(11-17)-(10-16)-(8-9)-(6-7)-(4-5)-(2-3)-(0-1)],9.799003601074219e-05,0.4689793586730957,9,True,15
WtfIID`GH_a?A@B__W?B`?E??KG?GG?KC?B`??M???[_??^,[(22-23)-(18-19)-(15-21)-(14-20)-(12-13)-(11-17)-(10-16)-(8-9)-(6-7)-(4-5)-(2-3)-(0-1)],0.00010156631469726562,0.030870676040649414,0,False,3
WtfIID`GH_a?A@B__W?B`?E??KG?GG?KC?B`??M???[_??^,[(22-23)-(18-19)-(15-21)-(14-20)-(12-13)-(11-17)-(10-16)-(8-9)-(6-7)-(4-5)-(2-3)-(0-1)],9.775161743164062e-05,0.008427143096923828,3,True,3
WtfIID`GH_a?A@B__W?B`?E??KG?GG?KC?B`??M???[_??^,[(19-23)-(18-22)-(15-21)-(14-20)-(12-13)-(11-17)-(10-16)-(8-9)-(6-7)-(4-5)-(2-3)-(0-1)],9.560585021972656e-05,0.02056598663330078,7,True,7
WtfIID`GH_a?A@B__W?B`?E??KG?GG?KC?B`??M???[_??^,[(19-23)-(18-22)-(15-21)-(14-20)-(12-13)-(11-17)-(10-16)-(8-9)-(6-7)-(4-5)-(2-3)-(0-1)],9.441375732421875e-05,0.023010730743408203,8,True,8
WtfIID`GH_a?A@B__W?B`?E??KG?GG?KC?B`??M???[_??^,[(21-22)-(20-23)-(18-19)-(14-15)-(12-13)-(11-17)-(10-16)-(8-9)-(6-7)-(4-5)-(2-3)-(0-1)],9.632110595703125e-05,0.00584721565246582,2,True,2
WtfIID`GH_a?A@B__W?B`?E??KG?GG?KC?B`??M???[_??^,[(21-22)-(20-23)-(18-19)-(14-15)-(12-13)-(11-17)-(10-16)-(8-9)-(6-7)-(4-5)-(2-3)-(0-1)],9.417533874511719e-05,0.011648178100585938,4,True,4
WtfIID`GH_a?A@B__W?B`?E??KG?GG?KC?B`??M???[_??^,[(21-23)-(19-20)-(18-22)-(14-15)-(12-13)-(11-17)-(10-16)-(8-9)-(6-7)-(4-5)-(2-3)-(0-1)],9.560585021972656e-05,0.011695146560668945,4,True,4
WtfIID`GH_a?A@B__W?B`?E??KG?GG?KC?B`??M???[_??^,[(21-23)-(19-20)-(18-22)-(14-15)-(12-13)-(11-17)-(10-16)-(8-9)-(6-7)-(4-5)-(2-3)-(0-1)],9.417533874511719e-05,0.010723590850830078,4,True,4
WtfIID`GH_a?A@B__W?B`?E??KG?GG?KC?B`??M???[_??^,[(21-22)-(19-20)-(18-23)-(14-15)-(12-13)-(11-17)-(10-16)-(8-9)-(6-7)-(4-5)-(2-3)-(0-1)],9.512901306152344e-05,0.005846977233886719,2,True,2
WtfIID`GH_a?A@B__W?B`?E??KG?GG?KC?B`??M???[_??^,[(21-22)-(19-20)-(18-23)-(14-15)-(12-13)-(11-17)-(10-16)-(8-9)-(6-7)-(4-5)-(2-3)-(0-1)],9.417533874511719e-05,0.014033079147338867,4,True,4
WtfIID`GH_a?A@B__W?B`?E??KG?GG?KC?B`??M???[_??^,[(21-23)-(17-22)-(14-15)-(13-20)-(12-19)-(11-18)-(10-16)-(8-9)-(6-7)-(4-5)-(2-3)-(0-1)],9.465217590332031e-05,0.011070013046264648,4,True,4
WtfIID`GH_a?A@B__W?B`?E??KG?GG?KC?B`??M???[_??^,[(21-23)-(17-22)-(14-15)-(13-20)-(12-19)-(11-18)-(10-16)-(8-9)-(6-7)-(4-5)-(2-3)-(0-1)],9.465217590332031e-05,0.009125232696533203,3,True,3
WtfIID`GH_a?A@B__W?B`?E??KG?GG?KC?B`??M???[_??^,[(19-23)-(17-22)-(15-21)-(14-20)-(12-13)-(11-18)-(10-16)-(8-9)-(6-7)-(4-5)-(2-3)-(0-1)],9.417533874511719e-05,0.016903162002563477,6,True,6
WtfIID`GH_a?A@B__W?B`?E??KG?GG?KC?B`??M???[_??^,[(19-23)-(17-22)-(15-21)-(14-20)-(12-13)-(11-18)-(10-16)-(8-9)-(6-7)-(4-5)-(2-3)-(0-1)],9.489059448242188e-05,0.017383337020874023,6,True,6
WtfIID`GH_a?A@B__W?B`?E??KG?GG?KC?B`??M???[_??^,[(21-23)-(19-20)-(17-22)-(14-15)-(12-13)-(11-18)-(10-16)-(8-9)-(6-7)-(4-5)-(2-3)-(0-1)],9.5367431640625e-05,0.006253719329833984,2,True,2
WtfIID`GH_a?A@B__W?B`?E??KG?GG?KC?B`??M???[_??^,[(21-23)-(19-20)-(17-22)-(14-15)-(12-13)-(11-18)-(10-16)-(8-9)-(6-7)-(4-5)-(2-3)-(0-1)],9.465217590332031e-05,0.20048165321350098,0,False,5
WtbIID`GH_a@E?A?`oGE??[C?[??GG?KC?B@??[G??{???^,[(18-23)-(15-22)-(14-21)-(13-20)-(12-19)-(10-11)-(9-17)-(8-16)-(6-7)-(4-5)-(2-3)-(0-1)],9.369850158691406e-05,0.06959009170532227,6,True,7
WtbIID`GH_a@E?A?`oGE??[C?[??GG?KC?B@??[G??{???^,[(18-23)-(15-22)-(14-21)-(13-20)-(12-19)-(10-11)-(9-17)-(8-16)-(6-7)-(4-5)-(2-3)-(0-1)],0.00010085105895996094,2.134429454803467,0,False,20
WtbIID`GH_a@E?A?`oGE??[C?[??GG?KC?B@??[G??{???^,[(20-23)-(18-22)-(15-21)-(13-14)-(12-19)-(10-11)-(9-17)-(8-16)-(6-7)-(4-5)-(2-3)-(0-1)],9.584426879882812e-05,0.1846177577972412,0,False,16
WtbIID`GH_a@E?A?`oGE??[C?[??GG?KC?B@??[G??{???^,[(20-23)-(18-22)-(15-21)-(13-14)-(12-19)-(10-11)-(9-17)-(8-16)-(6-7)-(4-5)-(2-3)-(0-1)],9.560585021972656e-05,0.029282093048095703,4,True,4
WtbIID`GH_a@E?A?`oGE??[C?[??GG?KC?B@??[G??{???^,[(20-21)-(18-23)-(15-22)-(13-14)-(12-19)-(10-11)-(9-17)-(8-16)-(6-7)-(4-5)-(2-3)-(0-1)],9.298324584960938e-05,0.1673569679260254,0,False,5
WtbIID`GH_a@E?A?`oGE??[C?[??GG?KC?B@??[G??{???^,[(20-21)-(18-23)-(15-22)-(13-14)-(12-19)-(10-11)-(9-17)-(8-16)-(6-7)-(4-5)-(2-3)-(0-1)],9.799003601074219e-05,1.3896162509918213,0,False,13
WtbIID`GH_a@E?A?`oGE??[C?[??GG?KC?B@??[G??{???^,[(22-23)-(18-19)-(15-21)-(13-14)-(12-20)-(10-11)-(9-17)-(8-16)-(6-7)-(4-5)-(2-3)-(0-1)],9.72747802734375e-05,0.5514636039733887,6,True,8
WtbIID`GH_a@E?A?`oGE??[C?[??GG?KC?B@??[G??{???^,[(22-23)-(18-19)-(15-21)-(13-14)-(12-20)-(10-11)-(9-17)-(8-16)-(6-7)-(4-5)-(2-3)-(0-1)],0.00010085105895996094,0.005988597869873047,2,True,2
WtbIID`GH_a@E?A?`oGE??[C?[??GG?KC?B@??[G??{???^,[(19-23)-(18-22)-(15-21)-(13-14)-(12-20)-(10-11)-(9-17)-(8-16)-(6-7)-(4-5)-(2-3)-(0-1)],9.322166442871094e-05,0.005863666534423828,2,True,2
WtbIID`GH_a@E?A?`oGE??[C?[??GG?KC?B@??[G??{???^,[(19-23)-(18-22)-(15-21)-(13-14)-(12-20)-(10-11)-(9-17)-(8-16)-(6-7)-(4-5)-(2-3)-(0-1)],9.250640869140625e-05,0.010921716690063477,2,True,2
WtbIID`GH_a@E?A?`oGE??[C?[??GG?KC?B@??[G??{???^,[(21-23)-(18-19)-(15-22)-(13-14)-(12-20)-(10-11)-(9-17)-(8-16)-(6-7)-(4-5)-(2-3)-(0-1)],9.298324584960938e-05,0.018766403198242188,6,True,6
WtbIID`GH_a@E?A?`oGE??[C?[??GG?KC?B@??[G??{???^,[(21-23)-(18-19)-(15-22)-(13-14)-(12-20)-(10-11)-(9-17)-(8-16)-(6-7)-(4-5)-(2-3)-(0-1)],9.226799011230469e-05,1.143545389175415,0,False,8
WtbIID`GH_a@E?A?`oGE??[C?[??GG?KC?B@??[G??{???^,[(20-23)-(18-19)-(15-22)-(14-21)-(12-13)-(10-11)-(9-17)-(8-16)-(6-7)-(4-5)-(2-3)-(0-1)],9.1552734375e-05,1.2757420539855957,0,False,10
WtbIID`GH_a@E?A?`oGE??[C?[??GG?KC?B@??[G??{???^,[(20-23)-(18-19)-(15-22)-(14-21)-(12-13)-(10-11)-(9-17)-(8-16)-(6-7)-(4-5)-(2-3)-(0-1)],9.107589721679688e-05,1.3132312297821045,0,False,7
WtbIID`GH_a@E?A?`oGE??[C?[??GG?KC?B@??[G??{???^,[(19-20)-(18-23)-(15-22)-(14-21)-(12-13)-(10-11)-(9-17)-(8-16)-(6-7)-(4-5)-(2-3)-(0-1)],9.512901306152344e-05,1.2205777168273926,0,False,10
WtbIID`GH_a@E?A?`oGE??[C?[??GG?KC?B@??[G??{???^,[(19-20)-(18-23)-(15-22)-(14-21)-(12-13)-(10-11)-(9-17)-(8-16)-(6-7)-(4-5)-(2-3)-(0-1)],9.393692016601562e-05,1.5849502086639404,0,False,10
WtbIID`GH_a@E?A?`oGE??[C?[??GG?KC?B@??[G??{???^,[(18-23)-(15-22)-(14-21)-(13-20)-(12-19)-(11-17)-(9-10)-(8-16)-(6-7)-(4-5)-(2-3)-(0-1)],9.322166442871094e-05,0.018183231353759766,6,True,6
WtbIID`GH_a@E?A?`oGE??[C?[??GG?KC?B@??[G??{???^,[(18-23)-(15-22)-(14-21)-(13-20)-(12-19)-(11-17)-(9-10)-(8-16)-(6-7)-(4-5)-(2-3)-(0-1)],9.5367431640625e-05,0.009004354476928711,3,True,3
WtbIID`GH_a@E?A?`oGE??[C?[??GG?KC?B@??[G??{???^,[(20-23)-(18-22)-(15-21)-(13-14)-(12-19)-(11-17)-(9-10)-(8-16)-(6-7)-(4-5)-(2-3)-(0-1)],9.489059448242188e-05,0.01784038543701172,5,True,5
WtbIID`GH_a@E?A?`oGE??[C?[??GG?KC?B@??[G??{???^,[(20-23)-(18-22)-(15-21)-(13-14)-(12-19)-(11-17)-(9-10)-(8-16)-(6-7)-(4-5)-(2-3)-(0-1)],9.250640869140625e-05,0.1167600154876709,7,True,7
WtfIID?GH?e@E@B_?WGA@?WC?_G@_G?oC?M@??{???w_??|,[(17-23)-(15-22)-(13-14)-(12-21)-(11-20)-(10-19)-(9-18)-(8-16)-(6-7)-(4-5)-(2-3)-(0-1)],9.012222290039062e-05,0.055649757385253906,4,True,4
WtfIID?GH?e@E@B_?WGA@?WC?_G@_G?oC?M@??{???w_??|,[(17-23)-(15-22)-(13-14)-(12-21)-(11-20)-(10-19)-(9-18)-(8-16)-(6-7)-(4-5)-(2-3)-(0-1)],9.894371032714844e-05,0.07649064064025879,0,False,5
WtfIID?GH?e@E@B_?WGA@?WC?_G@_G?oC?M@??{???w_??|,[(20-23)-(17-22)-(14-15)-(13-21)-(11-12)-(10-19)-(9-18)-(8-16)-(6-7)-(4-5)-(2-3)-(0-1)],9.72747802734375e-05,0.019043922424316406,6,True,6
WtfIID?GH?e@E@B_?WGA@?WC?_G@_G?oC?M@??{???w_??|,[(20-23)-(17-22)-(14-15)-(13-21)-(11-12)-(10-19)-(9-18)-(8-16)-(6-7)-(4-5)-(2-3)-(0-1)],9.512901306152344e-05,0.015477180480957031,5,True,5
WtfIID?GH?e@E@B_?WGA@?WC?_G@_G?oC?M@??{???w_??|,[(20-23)-(17-22)-(15-21)-(13-14)-(11-12)-(10-19)-(9-18)-(8-16)-(6-7)-(4-5)-(2-3)-(0-1)],9.369850158691406e-05,0.011679649353027344,4,True,4
WtfIID?GH?e@E@B_?WGA@?WC?_G@_G?oC?M@??{???w_??|,[(20-23)-(17-22)-(15-21)-(13-14)-(11-12)-(10-19)-(9-18)-(8-16)-(6-7)-(4-5)-(2-3)-(0-1)],9.226799011230469e-05,0.5751304626464844,9,True,15
WtfIID?GH?e@E@B_?WGA@?WC?_G@_G?oC?M@??{???w_??|,[(19-23)-(17-22)-(14-15)-(13-21)-(11-12)-(10-20)-(9-18)-(8-16)-(6-7)-(4-5)-(2-3)-(0-1)],9.822845458984375e-05,0.024587154388427734,7,True,7
WtfIID?GH?e@E@B_?WGA@?WC?_G@_G?oC?M@??{???w_??|,[(19-23)-(17-22)-(14-15)-(13-21)-(11-12)-(10-20)-(9-18)-(8-16)-(6-7)-(4-5)-(2-3)-(0-1)],9.584426879882812e-05,0.011969804763793945,4,True,4
WtfIID?GH?e@E@B_?WGA@?WC?_G@_G?oC?M@??{???w_??|,[(19-23)-(17-22)-(15-21)-(13-14)-(11-12)-(10-20)-(9-18)-(8-16)-(6-7)-(4-5)-(2-3)-(0-1)],9.393692016601562e-05,0.011766672134399414,4,True,4
WtfIID?GH?e@E@B_?WGA@?WC?_G@_G?oC?M@??{???w_??|,[(19-23)-(17-22)-(15-21)-(13-14)-(11-12)-(10-20)-(9-18)-(8-16)-(6-7)-(4-5)-(2-3)-(0-1)],9.298324584960938e-05,0.01448202133178711,5,True,5
WtfIID?GH?e@E@B_?WGA@?WC?_G@_G?oC?M@??{???w_??|,[(19-23)-(17-22)-(14-15)-(13-21)-(12-20)-(10-11)-(9-18)-(8-16)-(6-7)-(4-5)-(2-3)-(0-1)],9.369850158691406e-05,0.023493528366088867,7,True,7
WtfIID?GH?e@E@B_?WGA@?WC?_G@_G?oC?M@??{???w_??|,[(19-23)-(17-22)-(14-15)-(13-21)-(12-20)-(10-11)-(9-18)-(8-16)-(6-7)-(4-5)-(2-3)-(0-1)],9.393692016601562e-05,0.025341033935546875,6,True,6
WtfIID?GH?e@E@B_?WGA@?WC?_G@_G?oC?M@??{???w_??|,[(19-23)-(17-22)-(15-21)-(13-14)-(12-20)-(10-11)-(9-18)-(8-16)-(6-7)-(4-5)-(2-3)-(0-1)],9.393692016601562e-05,0.011751174926757812,4,True,4
WtfIID?GH?e@E@B_?WGA@?WC?_G@_G?oC?M@??{???w_??|,[(19-23)-(17-22)-(15-21)-(13-14)-(12-20)-(10-11)-(9-18)-(8-16)-(6-7)-(4-5)-(2-3)-(0-1)],9.34600830078125e-05,0.014478206634521484,5,True,5
WtfIID?GH?e@E@B_?WGA@?WC?_G@_G?oC?M@??{???w_??|,[(19-20)-(17-23)-(15-22)-(13-14)-(12-21)-(10-11)-(9-18)-(8-16)-(6-7)-(4-5)-(2-3)-(0-1)],9.417533874511719e-05,0.636836051940918,0,False,10
WtfIID?GH?e@E@B_?WGA@?WC?_G@_G?oC?M@??{???w_??|,[(19-20)-(17-23)-(15-22)-(13-14)-(12-21)-(10-11)-(9-18)-(8-16)-(6-7)-(4-5)-(2-3)-(0-1)],9.870529174804688e-05,0.014256954193115234,3,True,3
WtfIID?GH?e@E@B_?WGA@?WC?_G@_G?oC?M@??{???w_??|,[(22-23)-(17-18)-(14-15)-(13-21)-(11-12)-(10-20)-(9-19)-(8-16)-(6-7)-(4-5)-(2-3)-(0-1)],0.00010132789611816406,0.008833885192871094,3,True,3
WtfIID?GH?e@E@B_?WGA@?WC?_G@_G?oC?M@??{???w_??|,[(22-23)-(17-18)-(14-15)-(13-21)-(11-12)-(10-20)-(9-19)-(8-16)-(6-7)-(4-5)-(2-3)-(0-1)],9.632110595703125e-05,0.008807182312011719,3,True,3
WtfIID?GH?e@E@B_?WGA@?WC?_G@_G?oC?M@??{???w_??|,[(18-23)-(17-22)-(14-15)-(13-21)-(11-12)-(10-20)-(9-19)-(8-16)-(6-7)-(4-5)-(2-3)-(0-1)],9.632110595703125e-05,1.3958947658538818,0,False,12
WtfIID?GH?e@E@B_?WGA@?WC?_G@_G?oC?M@??{???w_??|,[(18-23)-(17-22)-(14-15)-(13-21)-(11-12)-(10-20)-(9-19)-(8-16)-(6-7)-(4-5)-(2-3)-(0-1)],9.34600830078125e-05,0.3556663990020752,0,False,9
WtfII@_GH_b@B_?__WGA@?OC@_G@_G?wC?F???[G??p_?@x,[(22-23)-(14-15)-(13-21)-(11-20)-(10-19)-(9-18)-(8-17)-(7-16)-(6-12)-(4-5)-(2-3)-(0-1)],9.226799011230469e-05,0.12677907943725586,5,True,5
WtfII@_GH_b@B_?__WGA@?OC@_G@_G?wC?F???[G??p_?@x,[(22-23)-(14-15)-(13-21)-(11-20)-(10-19)-(9-18)-(8-17)-(7-16)-(6-12)-(4-5)-(2-3)-(0-1)],0.00010085105895996094,1.1967875957489014,0,False,8
WtfII@_GH_b@B_?__WGA@?OC@_G@_G?wC?F???[G??p_?@x,[(22-23)-(15-21)-(13-14)-(11-20)-(10-19)-(9-18)-(8-17)-(7-16)-(6-12)-(4-5)-(2-3)-(0-1)],9.441375732421875e-05,0.03282308578491211,5,True,5
WtfII@_GH_b@B_?__WGA@?OC@_G@_G?wC?F???[G??p_?@x,[(22-23)-(15-21)-(13-14)-(11-20)-(10-19)-(9-18)-(8-17)-(7-16)-(6-12)-(4-5)-(2-3)-(0-1)],9.632110595703125e-05,1.2048413753509521,0,False,8
WtfII@_GH_b@B_?__WGA@?OC@_G@_G?wC?F???[G??p_?@x,[(19-23)-(15-22)-(14-21)-(13-20)-(10-11)-(9-18)-(8-17)-(7-16)-(6-12)-(4-5)-(2-3)-(0-1)],9.512901306152344e-05,0.0510716438293457,0,False,6
WtfII@_GH_b@B_?__WGA@?OC@_G@_G?wC?F???[G??p_?@x,[(19-23)-(15-22)-(14-21)-(13-20)-(10-11)-(9-18)-(8-17)-(7-16)-(6-12)-(4-5)-(2-3)-(0-1)],9.584426879882812e-05,0.0625143051147461,0,False,3
WtfII@_GH_b@B_?__WGA@?OC@_G@_G?wC?F???[G??p_?@x,[(21-22)-(19-23)-(14-15)-(13-20)-(10-11)-(9-18)-(8-17)-(7-16)-(6-12)-(4-5)-(2-3)-(0-1)],9.489059448242188e-05,0.6466555595397949,0,False,5
WtfII@_GH_b@B_?__WGA@?OC@_G@_G?wC?F???[G??p_?@x,[(21-22)-(19-23)-(14-15)-(13-20)-(10-11)-(9-18)-(8-17)-(7-16)-(6-12)-(4-5)-(2-3)-(0-1)],9.632110595703125e-05,0.02259206771850586,6,True,6
WtfII@_GH_b@B_?__WGA@?OC@_G@_G?wC?F???[G??p_?@x,[(20-22)-(19-23)-(14-15)-(13-21)-(10-11)-(9-18)-(8-17)-(7-16)-(6-12)-(4-5)-(2-3)-(0-1)],9.703636169433594e-05,0.014524698257446289,5,True,5
WtfII@_GH_b@B_?__WGA@?OC@_G@_G?wC?F???[G??p_?@x,[(20-22)-(19-23)-(14-15)-(13-21)-(10-11)-(9-18)-(8-17)-(7-16)-(6-12)-(4-5)-(2-3)-(0-1)],9.632110595703125e-05,0.008782386779785156,3,True,3
WtfII@_GH_b@B_?__WGA@?OC@_G@_G?wC?F???[G??p_?@x,[(20-22)-(19-23)-(15-21)-(13-14)-(10-11)-(9-18)-(8-17)-(7-16)-(6-12)-(4-5)-(2-3)-(0-1)],9.584426879882812e-05,0.011856555938720703,4,True,4
WtfII@_GH_b@B_?__WGA@?OC@_G@_G?wC?F???[G??p_?@x,[(20-22)-(19-23)-(15-21)-(13-14)-(10-11)-(9-18)-(8-17)-(7-16)-(6-12)-(4-5)-(2-3)-(0-1)],9.703636169433594e-05,0.584026575088501,7,True,7
WtfII@_GH_b@B_?__WGA@?OC@_G@_G?wC?F???[G??p_?@x,[(20-21)-(19-23)-(15-22)-(13-14)-(10-11)-(9-18)-(8-17)-(7-16)-(6-12)-(4-5)-(2-3)-(0-1)],9.1552734375e-05,0.0113067626953125,4,True,4
WtfII@_GH_b@B_?__WGA@?OC@_G@_G?wC?F???[G??p_?@x,[(20-21)-(19-23)-(15-22)-(13-14)-(10-11)-(9-18)-(8-17)-(7-16)-(6-12)-(4-5)-(2-3)-(0-1)],9.489059448242188e-05,0.20415782928466797,6,True,6
WtfII@_GH_b@B_?__WGA@?OC@_G@_G?wC?F???[G??p_?@x,[(18-23)-(15-22)-(14-21)-(13-20)-(10-11)-(9-19)-(8-17)-(7-16)-(6-12)-(4-5)-(2-3)-(0-1)],9.560585021972656e-05,0.01717090606689453,6,True,6
WtfII@_GH_b@B_?__WGA@?OC@_G@_G?wC?F???[G??p_?@x,[(18-23)-(15-22)-(14-21)-(13-20)-(10-11)-(9-19)-(8-17)-(7-16)-(6-12)-(4-5)-(2-3)-(0-1)],9.512901306152344e-05,0.19226431846618652,0,False,4
WtfII@_GH_b@B_?__WGA@?OC@_G@_G?wC?F???[G??p_?@x,[(21-22)-(18-23)-(14-15)-(13-20)-(10-11)-(9-19)-(8-17)-(7-16)-(6-12)-(4-5)-(2-3)-(0-1)],9.632110595703125e-05,0.03627467155456543,0,False,3
WtfII@_GH_b@B_?__WGA@?OC@_G@_G?wC?F???[G??p_?@x,[(21-22)-(18-23)-(14-15)-(13-20)-(10-11)-(9-19)-(8-17)-(7-16)-(6-12)-(4-5)-(2-3)-(0-1)],9.894371032714844e-05,0.02373790740966797,7,True,7
WtfII@_GH_b@B_?__WGA@?OC@_G@_G?wC?F???[G??p_?@x,[(20-22)-(18-23)-(14-15)-(13-21)-(10-11)-(9-19)-(8-17)-(7-16)-(6-12)-(4-5)-(2-3)-(0-1)],9.989738464355469e-05,0.02800464630126953,9,True,9
WtfII@_GH_b@B_?__WGA@?OC@_G@_G?wC?F???[G??p_?@x,[(20-22)-(18-23)-(14-15)-(13-21)-(10-11)-(9-19)-(8-17)-(7-16)-(6-12)-(4-5)-(2-3)-(0-1)],9.465217590332031e-05,0.024521350860595703,8,True,8
W|eIAD`KGo`_@@@__OGE@?OC?wG?W??KC?B`??M???[_??^,[(22-23)-(15-16)-(14-21)-(13-20)-(12-19)-(11-18)-(9-10)-(8-17)-(6-7)-(4-5)-(2-3)-(0-1)],8.916854858398438e-05,0.00906062126159668,3,True,3
W|eIAD`KGo`_@@@__OGE@?OC?wG?W??KC?B`??M???[_??^,[(22-23)-(15-16)-(14-21)-(13-20)-(12-19)-(11-18)-(9-10)-(8-17)-(6-7)-(4-5)-(2-3)-(0-1)],9.34600830078125e-05,0.003500699996948242,1,True,1
W|eIAD`KGo`_@@@__OGE@?OC?wG?W??KC?B`??M???[_??^,[(22-23)-(16-21)-(14-15)-(13-20)-(12-19)-(11-18)-(9-10)-(8-17)-(6-7)-(4-5)-(2-3)-(0-1)],9.393692016601562e-05,0.6546404361724854,7,True,12
W|eIAD`KGo`_@@@__OGE@?OC?wG?W??KC?B`??M???[_??^,[(22-23)-(16-21)-(14-15)-(13-20)-(12-19)-(11-18)-(9-10)-(8-17)-(6-7)-(4-5)-(2-3)-(0-1)],9.822845458984375e-05,0.026372909545898438,8,True,8
W|eIAD`KGo`_@@@__OGE@?OC?wG?W??KC?B`??M???[_??^,[(21-23)-(16-22)-(14-15)-(13-20)-(12-19)-(11-18)-(9-10)-(8-17)-(6-7)-(4-5)-(2-3)-(0-1)],9.655952453613281e-05,0.017498493194580078,5,True,5
W|eIAD`KGo`_@@@__OGE@?OC?wG?W??KC?B`??M???[_??^,[(21-23)-(16-22)-(14-15)-(13-20)-(12-19)-(11-18)-(9-10)-(8-17)-(6-7)-(4-5)-(2-3)-(0-1)],9.489059448242188e-05,0.019572973251342773,6,True,6
W|eIAD`KGo`_@@@__OGE@?OC?wG?W??KC?B`??M???[_??^,[(21-22)-(20-23)-(15-16)-(13-14)-(12-19)-(11-18)-(9-10)-(8-17)-(6-7)-(4-5)-(2-3)-(0-1)],9.608268737792969e-05,0.016848087310791016,4,True,4
W|eIAD`KGo`_@@@__OGE@?OC?wG?W??KC?B`??M???[_??^,[(21-22)-(20-23)-(15-16)-(13-14)-(12-19)-(11-18)-(9-10)-(8-17)-(6-7)-(4-5)-(2-3)-(0-1)],9.393692016601562e-05,0.016263961791992188,4,True,4
W|eIAD`KGo`_@@@__OGE@?OC?wG?W??KC?B`??M???[_??^,[(20-23)-(16-22)-(15-21)-(13-14)-(12-19)-(11-18)-(9-10)-(8-17)-(6-7)-(4-5)-(2-3)-(0-1)],9.322166442871094e-05,0.008786678314208984,3,True,3
W|eIAD`KGo`_@@@__OGE@?OC?wG?W??KC?B`??M???[_??^,[(20-23)-(16-22)-(15-21)-(13-14)-(12-19)-(11-18)-(9-10)-(8-17)-(6-7)-(4-5)-(2-3)-(0-1)],9.179115295410156e-05,0.01517939567565918,5,True,5
W|eIAD`KGo`_@@@__OGE@?OC?wG?W??KC?B`??M???[_??^,[(21-22)-(19-23)-(15-16)-(13-14)-(12-20)-(11-18)-(9-10)-(8-17)-(6-7)-(4-5)-(2-3)-(0-1)],9.34600830078125e-05,0.09881019592285156,0,False,4
W|eIAD`KGo`_@@@__OGE@?OC?wG?W??KC?B`??M???[_??^,[(21-22)-(19-23)-(15-16)-(13-14)-(12-20)-(11-18)-(9-10)-(8-17)-(6-7)-(4-5)-(2-3)-(0-1)],9.34600830078125e-05,0.017745256423950195,5,True,5
W|eIAD`KGo`_@@@__OGE@?OC?wG?W??KC?B`??M???[_??^,[(19-23)-(16-22)-(15-21)-(13-14)-(12-20)-(11-18)-(9-10)-(8-17)-(6-7)-(4-5)-(2-3)-(0-1)],9.417533874511719e-05,0.013993024826049805,0,False,2
W|eIAD`KGo`_@@@__OGE@?OC?wG?W??KC?B`??M???[_??^,[(19-23)-(16-22)-(15-21)-(13-14)-(12-20)-(11-18)-(9-10)-(8-17)-(6-7)-(4-5)-(2-3)-(0-1)],9.274482727050781e-05,0.04353904724121094,4,True,5
W|eIAD`KGo`_@@@__OGE@?OC?wG?W??KC?B`??M???[_??^,[(21-22)-(19-23)-(15-16)-(14-20)-(12-13)-(11-18)-(9-10)-(8-17)-(6-7)-(4-5)-(2-3)-(0-1)],9.322166442871094e-05,1.4946620464324951,0,False,22
W|eIAD`KGo`_@@@__OGE@?OC?wG?W??KC?B`??M???[_??^,[(21-22)-(19-23)-(15-16)-(14-20)-(12-13)-(11-18)-(9-10)-(8-17)-(6-7)-(4-5)-(2-3)-(0-1)],9.799003601074219e-05,0.008491992950439453,3,True,3
W|eIAD`KGo`_@@@__OGE@?OC?wG?W??KC?B`??M???[_??^,[(19-23)-(16-22)-(15-21)-(14-20)-(12-13)-(11-18)-(9-10)-(8-17)-(6-7)-(4-5)-(2-3)-(0-1)],0.00010061264038085938,0.011679649353027344,4,True,4
W|eIAD`KGo`_@@@__OGE@?OC?wG?W??KC?B`??M???[_??^,[(19-23)-(16-22)-(15-21)-(14-20)-(12-13)-(11-18)-(9-10)-(8-17)-(6-7)-(4-5)-(2-3)-(0-1)],9.822845458984375e-05,0.027365922927856445,8,True,8
W|eIAD`KGo`_@@@__OGE@?OC?wG?W??KC?B`??M???[_??^,[(22-23)-(19-20)-(15-16)-(14-21)-(12-13)-(11-18)-(9-10)-(8-17)-(6-7)-(4-5)-(2-3)-(0-1)],9.250640869140625e-05,0.0035333633422851562,1,True,1
W|eIAD`KGo`_@@@__OGE@?OC?wG?W??KC?B`??M???[_??^,[(22-23)-(19-20)-(15-16)-(14-21)-(12-13)-(11-18)-(9-10)-(8-17)-(6-7)-(4-5)-(2-3)-(0-1)],9.226799011230469e-05,0.20691537857055664,7,True,9
WtfIID`GH?a@E@B?_OGE@?[C?OW?OG?WC?E@??WG?@K_??^,[(22-23)-(14-15)-(13-21)-(12-20)-(11-19)-(10-18)-(9-17)-(8-16)-(6-7)-(4-5)-(2-3)-(0-1)],9.250640869140625e-05,0.6299731731414795,7,True,13
WtfIID`GH?a@E@B?_OGE@?[C?OW?OG?WC?E@??WG?@K_??^,[(22-23)-(14-15)-(13-21)-(12-20)-(11-19)-(10-18)-(9-17)-(8-16)-(6-7)-(4-5)-(2-3)-(0-1)],9.918212890625e-05,0.015215396881103516,5,True,5
WtfIID`GH?a@E@B?_OGE@?[C?OW?OG?WC?E@??WG?@K_??^,[(22-23)-(20-21)-(14-15)-(12-13)-(11-19)-(10-18)-(9-17)-(8-16)-(6-7)-(4-5)-(2-3)-(0-1)],9.703636169433594e-05,0.0038199424743652344,1,True,1
WtfIID`GH?a@E@B?_OGE@?[C?OW?OG?WC?E@??WG?@K_??^,[(22-23)-(20-21)-(14-15)-(12-13)-(11-19)-(10-18)-(9-17)-(8-16)-(6-7)-(4-5)-(2-3)-(0-1)],9.489059448242188e-05,0.034319400787353516,9,True,9
WtfIID`GH?a@E@B?_OGE@?[C?OW?OG?WC?E@??WG?@K_??^,[(21-22)-(20-23)-(14-15)-(12-13)-(11-19)-(10-18)-(9-17)-(8-16)-(6-7)-(4-5)-(2-3)-(0-1)],9.584426879882812e-05,0.006204843521118164,2,True,2
WtfIID`GH?a@E@B?_OGE@?[C?OW?OG?WC?E@??WG?@K_??^,[(21-22)-(20-23)-(14-15)-(12-13)-(11-19)-(10-18)-(9-17)-(8-16)-(6-7)-(4-5)-(2-3)-(0-1)],9.441375732421875e-05,0.04609823226928711,11,True,11
WtfIID`GH?a@E@B?_OGE@?[C?OW?OG?WC?E@??WG?@K_??^,[(21-22)-(19-23)-(14-15)-(12-13)-(11-20)-(10-18)-(9-17)-(8-16)-(6-7)-(4-5)-(2-3)-(0-1)],9.417533874511719e-05,0.017891645431518555,4,True,5
WtfIID`GH?a@E@B?_OGE@?[C?OW?OG?WC?E@??WG?@K_??^,[(21-22)-(19-23)-(14-15)-(12-13)-(11-20)-(10-18)-(9-17)-(8-16)-(6-7)-(4-5)-(2-3)-(0-1)],9.322166442871094e-05,0.26181602478027344,14,True,14
WtfIID`GH?a@E@B?_OGE@?[C?OW?OG?WC?E@??WG?@K_??^,[(22-23)-(19-20)-(14-15)-(13-21)-(11-12)-(10-18)-(9-17)-(8-16)-(6-7)-(4-5)-(2-3)-(0-1)],9.679794311523438e-05,0.03080606460571289,6,True,6
WtfIID`GH?a@E@B?_OGE@?[C?OW?OG?WC?E@??WG?@K_??^,[(22-23)-(19-20)-(14-15)-(13-21)-(11-12)-(10-18)-(9-17)-(8-16)-(6-7)-(4-5)-(2-3)-(0-1)],9.512901306152344e-05,0.07341480255126953,0,False,4
WtfIID`GH?a@E@B?_OGE@?[C?OW?OG?WC?E@??WG?@K_??^,[(21-23)-(18-22)-(14-15)-(12-13)-(11-20)-(10-19)-(9-17)-(8-16)-(6-7)-(4-5)-(2-3)-(0-1)],9.584426879882812e-05,0.033815622329711914,8,True,8
WtfIID`GH?a@E@B?_OGE@?[C?OW?OG?WC?E@??WG?@K_??^,[(21-23)-(18-22)-(14-15)-(12-13)-(11-20)-(10-19)-(9-17)-(8-16)-(6-7)-(4-5)-(2-3)-(0-1)],9.226799011230469e-05,0.025100231170654297,6,True,7
WtfIID`GH?a@E@B?_OGE@?[C?OW?OG?WC?E@??WG?@K_??^,[(21-22)-(18-23)-(14-15)-(12-13)-(11-20)-(10-19)-(9-17)-(8-16)-(6-7)-(4-5)-(2-3)-(0-1)],9.369850158691406e-05,0.008332967758178711,3,True,3
WtfIID`GH?a@E@B?_OGE@?[C?OW?OG?WC?E@??WG?@K_??^,[(21-22)-(18-23)-(14-15)-(12-13)-(11-20)-(10-19)-(9-17)-(8-16)-(6-7)-(4-5)-(2-3)-(0-1)],9.298324584960938e-05,0.05095243453979492,14,True,14
WtfIID`GH?a@E@B?_OGE@?[C?OW?OG?WC?E@??WG?@K_??^,[(20-23)-(18-22)-(14-15)-(13-21)-(11-12)-(10-19)-(9-17)-(8-16)-(6-7)-(4-5)-(2-3)-(0-1)],9.322166442871094e-05,0.03009796142578125,6,True,6
WtfIID`GH?a@E@B?_OGE@?[C?OW?OG?WC?E@??WG?@K_??^,[(20-23)-(18-22)-(14-15)-(13-21)-(11-12)-(10-19)-(9-17)-(8-16)-(6-7)-(4-5)-(2-3)-(0-1)],9.417533874511719e-05,0.011406660079956055,4,True,4
WtfIID`GH?a@E@B?_OGE@?[C?OW?OG?WC?E@??WG?@K_??^,[(22-23)-(18-19)-(14-15)-(13-21)-(12-20)-(10-11)-(9-17)-(8-16)-(6-7)-(4-5)-(2-3)-(0-1)],9.465217590332031e-05,0.08964204788208008,7,True,7
WtfIID`GH?a@E@B?_OGE@?[C?OW?OG?WC?E@??WG?@K_??^,[(22-23)-(18-19)-(14-15)-(13-21)-(12-20)-(10-11)-(9-17)-(8-16)-(6-7)-(4-5)-(2-3)-(0-1)],9.489059448242188e-05,0.008053302764892578,1,True,2
WtfIID`GH?a@E@B?_OGE@?[C?OW?OG?WC?E@??WG?@K_??^,[(19-23)-(18-22)-(14-15)-(13-21)-(12-20)-(10-11)-(9-17)-(8-16)-(6-7)-(4-5)-(2-3)-(0-1)],9.369850158691406e-05,0.03354907035827637,8,True,8
WtfIID`GH?a@E@B?_OGE@?[C?OW?OG?WC?E@??WG?@K_??^,[(19-23)-(18-22)-(14-15)-(13-21)-(12-20)-(10-11)-(9-17)-(8-16)-(6-7)-(4-5)-(2-3)-(0-1)],9.34600830078125e-05,0.01763629913330078,6,True,6
WtfIID`GH_b?A@@__OGA@?[C?W??WG?KC?B`??KG??w_??z,[(22-23)-(15-21)-(13-14)-(12-20)-(11-19)-(10-18)-(9-17)-(8-16)-(6-7)-(4-5)-(2-3)-(0-1)],9.036064147949219e-05,0.018932580947875977,6,True,6
WtfIID`GH_b?A@@__OGA@?[C?W??WG?KC?B`??KG??w_??z,[(22-23)-(15-21)-(13-14)-(12-20)-(11-19)-(10-18)-(9-17)-(8-16)-(6-7)-(4-5)-(2-3)-(0-1)],9.584426879882812e-05,0.00632023811340332,2,True,2
WtfIID`GH_b?A@@__OGA@?[C?W??WG?KC?B`??KG??w_??z,[(21-23)-(15-22)-(13-14)-(12-20)-(11-19)-(10-18)-(9-17)-(8-16)-(6-7)-(4-5)-(2-3)-(0-1)],9.822845458984375e-05,0.023442983627319336,4,True,4
WtfIID`GH_b?A@@__OGA@?[C?W??WG?KC?B`??KG??w_??z,[(21-23)-(15-22)-(13-14)-(12-20)-(11-19)-(10-18)-(9-17)-(8-16)-(6-7)-(4-5)-(2-3)-(0-1)],9.584426879882812e-05,0.015011072158813477,5,True,5
WtfIID`GH_b?A@@__OGA@?[C?W??WG?KC?B`??KG??w_??z,[(22-23)-(15-21)-(14-20)-(12-13)-(11-19)-(10-18)-(9-17)-(8-16)-(6-7)-(4-5)-(2-3)-(0-1)],9.608268737792969e-05,0.018718481063842773,6,True,6
WtfIID`GH_b?A@@__OGA@?[C?W??WG?KC?B`??KG??w_??z,[(22-23)-(15-21)-(14-20)-(12-13)-(11-19)-(10-18)-(9-17)-(8-16)-(6-7)-(4-5)-(2-3)-(0-1)],9.5367431640625e-05,0.011566400527954102,4,True,4
WtfIID`GH_b?A@@__OGA@?[C?W??WG?KC?B`??KG??w_??z,[(21-23)-(15-22)-(14-20)-(12-13)-(11-19)-(10-18)-(9-17)-(8-16)-(6-7)-(4-5)-(2-3)-(0-1)],9.560585021972656e-05,0.019417762756347656,6,True,6
WtfIID`GH_b?A@@__OGA@?[C?W??WG?KC?B`??KG??w_??z,[(21-23)-(15-22)-(14-20)-(12-13)-(11-19)-(10-18)-(9-17)-(8-16)-(6-7)-(4-5)-(2-3)-(0-1)],9.489059448242188e-05,0.02191329002380371,7,True,7
WtfIID`GH_b?A@@__OGA@?[C?W??WG?KC?B`??KG??w_??z,[(22-23)-(20-21)-(14-15)-(12-13)-(11-19)-(10-18)-(9-17)-(8-16)-(6-7)-(4-5)-(2-3)-(0-1)],9.322166442871094e-05,0.015994548797607422,5,True,5
WtfIID`GH_b?A@@__OGA@?[C?W??WG?KC?B`??KG??w_??z,[(22-23)-(20-21)-(14-15)-(12-13)-(11-19)-(10-18)-(9-17)-(8-16)-(6-7)-(4-5)-(2-3)-(0-1)],9.34600830078125e-05,0.005817890167236328,2,True,2
WtfIID`GH_b?A@@__OGA@?[C?W??WG?KC?B`??KG??w_??z,[(19-23)-(15-22)-(14-21)-(13-20)-(11-12)-(10-18)-(9-17)-(8-16)-(6-7)-(4-5)-(2-3)-(0-1)],9.441375732421875e-05,0.05076789855957031,6,True,7
WtfIID`GH_b?A@@__OGA@?[C?W??WG?KC?B`??KG??w_??z,[(19-23)-(15-22)-(14-21)-(13-20)-(11-12)-(10-18)-(9-17)-(8-16)-(6-7)-(4-5)-(2-3)-(0-1)],9.250640869140625e-05,0.03549528121948242,10,True,10
WtfIID`GH_b?A@@__OGA@?[C?W??WG?KC?B`??KG??w_??z,[(21-22)-(19-23)-(14-15)-(13-20)-(11-12)-(10-18)-(9-17)-(8-16)-(6-7)-(4-5)-(2-3)-(0-1)],9.393692016601562e-05,0.014683008193969727,5,True,5
WtfIID`GH_b?A@@__OGA@?[C?W??WG?KC?B`??KG??w_??z,[(21-22)-(19-23)-(14-15)-(13-20)-(11-12)-(10-18)-(9-17)-(8-16)-(6-7)-(4-5)-(2-3)-(0-1)],9.322166442871094e-05,0.016252994537353516,2,True,3
WtfIID`GH_b?A@@__OGA@?[C?W??WG?KC?B`??KG??w_??z,[(22-23)-(19-20)-(15-21)-(13-14)-(11-12)-(10-18)-(9-17)-(8-16)-(6-7)-(4-5)-(2-3)-(0-1)],9.751319885253906e-05,0.017696142196655273,6,True,6
WtfIID`GH_b?A@@__OGA@?[C?W??WG?KC?B`??KG??w_??z,[(22-23)-(19-20)-(15-21)-(13-14)-(11-12)-(10-18)-(9-17)-(8-16)-(6-7)-(4-5)-(2-3)-(0-1)],9.250640869140625e-05,0.01804327964782715,5,True,5
WtfIID`GH_b?A@@__OGA@?[C?W??WG?KC?B`??KG??w_??z,[(21-23)-(19-20)-(15-22)-(13-14)-(11-12)-(10-18)-(9-17)-(8-16)-(6-7)-(4-5)-(2-3)-(0-1)],9.322166442871094e-05,0.022417068481445312,7,True,7
WtfIID`GH_b?A@@__OGA@?[C?W??WG?KC?B`??KG??w_??z,[(21-23)-(19-20)-(15-22)-(13-14)-(11-12)-(10-18)-(9-17)-(8-16)-(6-7)-(4-5)-(2-3)-(0-1)],9.250640869140625e-05,0.04827451705932617,6,True,6
WtfIID`GH_b?A@@__OGA@?[C?W??WG?KC?B`??KG??w_??z,[(20-21)-(19-23)-(15-22)-(13-14)-(11-12)-(10-18)-(9-17)-(8-16)-(6-7)-(4-5)-(2-3)-(0-1)],9.512901306152344e-05,0.0765078067779541,7,True,11
WtfIID`GH_b?A@@__OGA@?[C?W??WG?KC?B`??KG??w_??z,[(20-21)-(19-23)-(15-22)-(13-14)-(11-12)-(10-18)-(9-17)-(8-16)-(6-7)-(4-5)-(2-3)-(0-1)],9.441375732421875e-05,0.02739548683166504,4,True,4
WtfIID`GH?a@E@B?_OGE@?[??WG?WG?KC?@`??KG??w_??^,[(22-23)-(15-21)-(14-20)-(12-13)-(11-19)-(10-18)-(9-17)-(8-16)-(6-7)-(4-5)-(2-3)-(0-1)],9.059906005859375e-05,0.03128814697265625,0,False,3
WtfIID`GH?a@E@B?_OGE@?[??WG?WG?KC?@`??KG??w_??^,[(22-23)-(15-21)-(14-20)-(12-13)-(11-19)-(10-18)-(9-17)-(8-16)-(6-7)-(4-5)-(2-3)-(0-1)],0.0001010894775390625,0.0231626033782959,6,True,6
WtfIID`GH?a@E@B?_OGE@?[??WG?WG?KC?@`??KG??w_??^,[(21-23)-(15-22)-(14-20)-(12-13)-(11-19)-(10-18)-(9-17)-(8-16)-(6-7)-(4-5)-(2-3)-(0-1)],9.775161743164062e-05,0.020122766494750977,3,True,4
WtfIID`GH?a@E@B?_OGE@?[??WG?WG?KC?@`??KG??w_??^,[(21-23)-(15-22)-(14-20)-(12-13)-(11-19)-(10-18)-(9-17)-(8-16)-(6-7)-(4-5)-(2-3)-(0-1)],9.584426879882812e-05,0.042864322662353516,12,True,12
WtfIID`GH?a@E@B?_OGE@?[??WG?WG?KC?@`??KG??w_??^,[(20-23)-(15-22)-(14-21)-(12-13)-(11-19)-(10-18)-(9-17)-(8-16)-(6-7)-(4-5)-(2-3)-(0-1)],9.703636169433594e-05,0.0038247108459472656,1,True,1
WtfIID`GH?a@E@B?_OGE@?[??WG?WG?KC?@`??KG??w_??^,[(20-23)-(15-22)-(14-21)-(12-13)-(11-19)-(10-18)-(9-17)-(8-16)-(6-7)-(4-5)-(2-3)-(0-1)],9.5367431640625e-05,0.06481790542602539,16,True,16
WtfIID`GH?a@E@B?_OGE@?[??WG?WG?KC?@`??KG??w_??^,[(22-23)-(20-21)-(14-15)-(12-13)-(11-19)-(10-18)-(9-17)-(8-16)-(6-7)-(4-5)-(2-3)-(0-1)],9.417533874511719e-05,0.10208773612976074,0,False,6
WtfIID`GH?a@E@B?_OGE@?[??WG?WG?KC?@`??KG??w_??^,[(22-23)-(20-21)-(14-15)-(12-13)-(11-19)-(10-18)-(9-17)-(8-16)-(6-7)-(4-5)-(2-3)-(0-1)],9.465217590332031e-05,0.036945343017578125,11,True,11
WtfIID`GH?a@E@B?_OGE@?[??WG?WG?KC?@`??KG??w_??^,[(21-22)-(20-23)-(14-15)-(12-13)-(11-19)-(10-18)-(9-17)-(8-16)-(6-7)-(4-5)-(2-3)-(0-1)],9.322166442871094e-05,0.037044525146484375,11,True,11
WtfIID`GH?a@E@B?_OGE@?[??WG?WG?KC?@`??KG??w_??^,[(21-22)-(20-23)-(14-15)-(12-13)-(11-19)-(10-18)-(9-17)-(8-16)-(6-7)-(4-5)-(2-3)-(0-1)],9.369850158691406e-05,0.014367341995239258,5,True,5
WtfIID`GH?a@E@B?_OGE@?[??WG?WG?KC?@`??KG??w_??^,[(19-23)-(15-22)-(14-21)-(13-20)-(11-12)-(10-18)-(9-17)-(8-16)-(6-7)-(4-5)-(2-3)-(0-1)],9.393692016601562e-05,0.008586406707763672,3,True,3
WtfIID`GH?a@E@B?_OGE@?[??WG?WG?KC?@`??KG??w_??^,[(19-23)-(15-22)-(14-21)-(13-20)-(11-12)-(10-18)-(9-17)-(8-16)-(6-7)-(4-5)-(2-3)-(0-1)],9.322166442871094e-05,0.01760268211364746,6,True,6
WtfIID`GH?a@E@B?_OGE@?[??WG?WG?KC?@`??KG??w_??^,[(21-22)-(19-23)-(14-15)-(13-20)-(11-12)-(10-18)-(9-17)-(8-16)-(6-7)-(4-5)-(2-3)-(0-1)],9.369850158691406e-05,0.018222808837890625,6,True,6
WtfIID`GH?a@E@B?_OGE@?[??WG?WG?KC?@`??KG??w_??^,[(21-22)-(19-23)-(14-15)-(13-20)-(11-12)-(10-18)-(9-17)-(8-16)-(6-7)-(4-5)-(2-3)-(0-1)],9.274482727050781e-05,0.01639389991760254,5,True,5
WtfIID`GH?a@E@B?_OGE@?[??WG?WG?KC?@`??KG??w_??^,[(22-23)-(19-20)-(15-21)-(13-14)-(11-12)-(10-18)-(9-17)-(8-16)-(6-7)-(4-5)-(2-3)-(0-1)],9.393692016601562e-05,0.012859106063842773,4,True,4
WtfIID`GH?a@E@B?_OGE@?[??WG?WG?KC?@`??KG??w_??^,[(22-23)-(19-20)-(15-21)-(13-14)-(11-12)-(10-18)-(9-17)-(8-16)-(6-7)-(4-5)-(2-3)-(0-1)],9.34600830078125e-05,0.052826881408691406,5,True,5
WtfIID`GH?a@E@B?_OGE@?[??WG?WG?KC?@`??KG??w_??^,[(21-23)-(19-20)-(15-22)-(13-14)-(11-12)-(10-18)-(9-17)-(8-16)-(6-7)-(4-5)-(2-3)-(0-1)],9.5367431640625e-05,0.03320193290710449,3,True,5
WtfIID`GH?a@E@B?_OGE@?[??WG?WG?KC?@`??KG??w_??^,[(21-23)-(19-20)-(15-22)-(13-14)-(11-12)-(10-18)-(9-17)-(8-16)-(6-7)-(4-5)-(2-3)-(0-1)],9.369850158691406e-05,0.018990278244018555,6,True,6
WtfIID`GH?a@E@B?_OGE@?[??WG?WG?KC?@`??KG??w_??^,[(20-21)-(19-23)-(15-22)-(13-14)-(11-12)-(10-18)-(9-17)-(8-16)-(6-7)-(4-5)-(2-3)-(0-1)],9.369850158691406e-05,0.012099742889404297,4,True,4
WtfIID`GH?a@E@B?_OGE@?[??WG?WG?KC?@`??KG??w_??^,[(20-21)-(19-23)-(15-22)-(13-14)-(11-12)-(10-18)-(9-17)-(8-16)-(6-7)-(4-5)-(2-3)-(0-1)],9.274482727050781e-05,0.01867365837097168,6,True,6
WtfIID`GH_b@A@@__WGA@?GC?OG?wG?CK?A@??[G??p_?@l,[(22-23)-(19-20)-(14-15)-(13-21)-(11-12)-(10-18)-(9-17)-(8-16)-(6-7)-(4-5)-(2-3)-(0-1)],8.988380432128906e-05,0.015074968338012695,5,True,5
WtfIID`GH_b@A@@__WGA@?GC?OG?wG?CK?A@??[G??p_?@l,[(22-23)-(19-20)-(14-15)-(13-21)-(11-12)-(10-18)-(9-17)-(8-16)-(6-7)-(4-5)-(2-3)-(0-1)],9.512901306152344e-05,0.020291566848754883,3,True,4
WtfIID`GH_b@A@@__WGA@?GC?OG?wG?CK?A@??[G??p_?@l,[(20-22)-(19-23)-(14-15)-(13-21)-(11-12)-(10-18)-(9-17)-(8-16)-(6-7)-(4-5)-(2-3)-(0-1)],0.00010824203491210938,0.022986173629760742,5,True,6
WtfIID`GH_b@A@@__WGA@?GC?OG?wG?CK?A@??[G??p_?@l,[(20-22)-(19-23)-(14-15)-(13-21)-(11-12)-(10-18)-(9-17)-(8-16)-(6-7)-(4-5)-(2-3)-(0-1)],9.608268737792969e-05,0.0035665035247802734,1,True,1
WtfIID`GH_b@A@@__WGA@?GC?OG?wG?CK?A@??[G??p_?@l,[(22-23)-(19-20)-(15-21)-(13-14)-(11-12)-(10-18)-(9-17)-(8-16)-(6-7)-(4-5)-(2-3)-(0-1)],9.417533874511719e-05,0.01203298568725586,4,True,4
WtfIID`GH_b@A@@__WGA@?GC?OG?wG?CK?A@??[G??p_?@l,[(22-23)-(19-20)-(15-21)-(13-14)-(11-12)-(10-18)-(9-17)-(8-16)-(6-7)-(4-5)-(2-3)-(0-1)],9.441375732421875e-05,0.8346796035766602,0,False,12
WtfIID`GH_b@A@@__WGA@?GC?OG?wG?CK?A@??[G??p_?@l,[(20-22)-(19-23)-(15-21)-(13-14)-(11-12)-(10-18)-(9-17)-(8-16)-(6-7)-(4-5)-(2-3)-(0-1)],9.775161743164062e-05,0.0059964656829833984,2,True,2
WtfIID`GH_b@A@@__WGA@?GC?OG?wG?CK?A@??[G??p_?@l,[(20-22)-(19-23)-(15-21)-(13-14)-(11-12)-(10-18)-(9-17)-(8-16)-(6-7)-(4-5)-(2-3)-(0-1)],9.489059448242188e-05,0.32488560676574707,0,False,5
WtfIID`GH_b@A@@__WGA@?GC?OG?wG?CK?A@??[G??p_?@l,[(20-21)-(19-23)-(15-22)-(13-14)-(11-12)-(10-18)-(9-17)-(8-16)-(6-7)-(4-5)-(2-3)-(0-1)],9.5367431640625e-05,0.021524906158447266,4,True,4
WtfIID`GH_b@A@@__WGA@?GC?OG?wG?CK?A@??[G??p_?@l,[(20-21)-(19-23)-(15-22)-(13-14)-(11-12)-(10-18)-(9-17)-(8-16)-(6-7)-(4-5)-(2-3)-(0-1)],9.34600830078125e-05,0.008970022201538086,3,True,3
WtfIID`GH_b@A@@__WGA@?GC?OG?wG?CK?A@??[G??p_?@l,[(22-23)-(18-19)-(14-15)-(13-21)-(12-20)-(10-11)-(9-17)-(8-16)-(6-7)-(4-5)-(2-3)-(0-1)],9.369850158691406e-05,0.006191730499267578,2,True,2
WtfIID`GH_b@A@@__WGA@?GC?OG?wG?CK?A@??[G??p_?@l,[(22-23)-(18-19)-(14-15)-(13-21)-(12-20)-(10-11)-(9-17)-(8-16)-(6-7)-(4-5)-(2-3)-(0-1)],9.298324584960938e-05,0.008238554000854492,3,True,3
WtfIID`GH_b@A@@__WGA@?GC?OG?wG?CK?A@??[G??p_?@l,[(22-23)-(18-19)-(15-21)-(13-14)-(12-20)-(10-11)-(9-17)-(8-16)-(6-7)-(4-5)-(2-3)-(0-1)],9.369850158691406e-05,0.014778852462768555,5,True,5
WtfIID`GH_b@A@@__WGA@?GC?OG?wG?CK?A@??[G??p_?@l,[(22-23)-(18-19)-(15-21)-(13-14)-(12-20)-(10-11)-(9-17)-(8-16)-(6-7)-(4-5)-(2-3)-(0-1)],9.274482727050781e-05,0.01300191879272461,4,True,4
WtfIID`GH_b@A@@__WGA@?GC?OG?wG?CK?A@??[G??p_?@l,[(20-23)-(18-19)-(15-22)-(14-21)-(12-13)-(10-11)-(9-17)-(8-16)-(6-7)-(4-5)-(2-3)-(0-1)],0.0006289482116699219,0.012883901596069336,3,True,3
WtfIID`GH_b@A@@__WGA@?GC?OG?wG?CK?A@??[G??p_?@l,[(20-23)-(18-19)-(15-22)-(14-21)-(12-13)-(10-11)-(9-17)-(8-16)-(6-7)-(4-5)-(2-3)-(0-1)],9.274482727050781e-05,0.09915590286254883,0,False,4
WtfIID`GH_b@A@@__WGA@?GC?OG?wG?CK?A@??[G??p_?@l,[(22-23)-(20-21)-(18-19)-(14-15)-(12-13)-(10-11)-(9-17)-(8-16)-(6-7)-(4-5)-(2-3)-(0-1)],9.5367431640625e-05,0.0036258697509765625,1,True,1
WtfIID`GH_b@A@@__WGA@?GC?OG?wG?CK?A@??[G??p_?@l,[(22-23)-(20-21)-(18-19)-(14-15)-(12-13)-(10-11)-(9-17)-(8-16)-(6-7)-(4-5)-(2-3)-(0-1)],9.489059448242188e-05,0.3744080066680908,0,False,4
WtfIID`GH_b@A@@__WGA@?GC?OG?wG?CK?A@??[G??p_?@l,[(21-22)-(20-23)-(18-19)-(14-15)-(12-13)-(10-11)-(9-17)-(8-16)-(6-7)-(4-5)-(2-3)-(0-1)],0.00010323524475097656,0.030889034271240234,4,True,4
WtfIID`GH_b@A@@__WGA@?GC?OG?wG?CK?A@??[G??p_?@l,[(21-22)-(20-23)-(18-19)-(14-15)-(12-13)-(10-11)-(9-17)-(8-16)-(6-7)-(4-5)-(2-3)-(0-1)],9.799003601074219e-05,0.017868995666503906,6,True,6
WtfII@`GH_b@B@?__OGE@?OC@_G?_G?aC?N@??Go?@o_?@r,[(22-23)-(19-21)-(14-15)-(11-12)-(10-20)-(9-18)-(8-17)-(7-16)-(6-13)-(4-5)-(2-3)-(0-1)],9.322166442871094e-05,0.0038597583770751953,1,True,1
WtfII@`GH_b@B@?__OGE@?OC@_G?_G?aC?N@??Go?@o_?@r,[(22-23)-(19-21)-(14-15)-(11-12)-(10-20)-(9-18)-(8-17)-(7-16)-(6-13)-(4-5)-(2-3)-(0-1)],9.560585021972656e-05,0.4398479461669922,8,True,11
WtfII@`GH_b@B@?__OGE@?OC@_G?_G?aC?N@??Go?@o_?@r,[(22-23)-(19-21)-(14-15)-(12-20)-(10-11)-(9-18)-(8-17)-(7-16)-(6-13)-(4-5)-(2-3)-(0-1)],9.870529174804688e-05,0.01741766929626465,4,True,4
WtfII@`GH_b@B@?__OGE@?OC@_G?_G?aC?N@??Go?@o_?@r,[(22-23)-(19-21)-(14-15)-(12-20)-(10-11)-(9-18)-(8-17)-(7-16)-(6-13)-(4-5)-(2-3)-(0-1)],9.679794311523438e-05,0.01623845100402832,5,True,5
WtfII@`GH_b@B@?__OGE@?OC@_G?_G?aC?N@??Go?@o_?@r,[(18-23)-(15-22)-(14-21)-(11-12)-(10-20)-(9-19)-(8-17)-(7-16)-(6-13)-(4-5)-(2-3)-(0-1)],9.751319885253906e-05,0.0036194324493408203,1,True,1
WtfII@`GH_b@B@?__OGE@?OC@_G?_G?aC?N@??Go?@o_?@r,[(18-23)-(15-22)-(14-21)-(11-12)-(10-20)-(9-19)-(8-17)-(7-16)-(6-13)-(4-5)-(2-3)-(0-1)],9.560585021972656e-05,0.03990674018859863,10,True,10
WtfII@`GH_b@B@?__OGE@?OC@_G?_G?aC?N@??Go?@o_?@r,[(22-23)-(18-21)-(14-15)-(11-12)-(10-20)-(9-19)-(8-17)-(7-16)-(6-13)-(4-5)-(2-3)-(0-1)],9.369850158691406e-05,0.008217334747314453,3,True,3
WtfII@`GH_b@B@?__OGE@?OC@_G?_G?aC?N@??Go?@o_?@r,[(22-23)-(18-21)-(14-15)-(11-12)-(10-20)-(9-19)-(8-17)-(7-16)-(6-13)-(4-5)-(2-3)-(0-1)],9.322166442871094e-05,0.0304415225982666,8,True,8
WtfII@`GH_b@B@?__OGE@?OC@_G?_G?aC?N@??Go?@o_?@r,[(21-22)-(18-23)-(14-15)-(11-12)-(10-20)-(9-19)-(8-17)-(7-16)-(6-13)-(4-5)-(2-3)-(0-1)],9.799003601074219e-05,0.005901813507080078,2,True,2
WtfII@`GH_b@B@?__OGE@?OC@_G?_G?aC?N@??Go?@o_?@r,[(21-22)-(18-23)-(14-15)-(11-12)-(10-20)-(9-19)-(8-17)-(7-16)-(6-13)-(4-5)-(2-3)-(0-1)],9.441375732421875e-05,0.02495551109313965,7,True,7
WtfII@`GH_b@B@?__OGE@?OC@_G?_G?aC?N@??Go?@o_?@r,[(18-23)-(15-22)-(14-21)-(12-20)-(10-11)-(9-19)-(8-17)-(7-16)-(6-13)-(4-5)-(2-3)-(0-1)],9.369850158691406e-05,0.00587010383605957,2,True,2
WtfII@`GH_b@B@?__OGE@?OC@_G?_G?aC?N@??Go?@o_?@r,[(18-23)-(15-22)-(14-21)-(12-20)-(10-11)-(9-19)-(8-17)-(7-16)-(6-13)-(4-5)-(2-3)-(0-1)],9.34600830078125e-05,0.03857302665710449,10,True,10
WtfII@`GH_b@B@?__OGE@?OC@_G?_G?aC?N@??Go?@o_?@r,[(22-23)-(18-21)-(14-15)-(12-20)-(10-11)-(9-19)-(8-17)-(7-16)-(6-13)-(4-5)-(2-3)-(0-1)],9.441375732421875e-05,0.014796257019042969,5,True,5
WtfII@`GH_b@B@?__OGE@?OC@_G?_G?aC?N@??Go?@o_?@r,[(22-23)-(18-21)-(14-15)-(12-20)-(10-11)-(9-19)-(8-17)-(7-16)-(6-13)-(4-5)-(2-3)-(0-1)],9.369850158691406e-05,0.009968996047973633,3,True,3
WtfII@`GH_b@B@?__OGE@?OC@_G?_G?aC?N@??Go?@o_?@r,[(21-22)-(18-23)-(14-15)-(12-20)-(10-11)-(9-19)-(8-17)-(7-16)-(6-13)-(4-5)-(2-3)-(0-1)],9.369850158691406e-05,0.008654594421386719,3,True,3
WtfII@`GH_b@B@?__OGE@?OC@_G?_G?aC?N@??Go?@o_?@r,[(21-22)-(18-23)-(14-15)-(12-20)-(10-11)-(9-19)-(8-17)-(7-16)-(6-13)-(4-5)-(2-3)-(0-1)],9.250640869140625e-05,0.023976564407348633,7,True,7
WtfII@`GH_b@B@?__OGE@?OC@_G?_G?aC?N@??Go?@o_?@r,[(19-20)-(18-23)-(15-22)-(14-21)-(11-12)-(9-10)-(8-17)-(7-16)-(6-13)-(4-5)-(2-3)-(0-1)],9.34600830078125e-05,0.006040096282958984,2,True,2
WtfII@`GH_b@B@?__OGE@?OC@_G?_G?aC?N@??Go?@o_?@r,[(19-20)-(18-23)-(15-22)-(14-21)-(11-12)-(9-10)-(8-17)-(7-16)-(6-13)-(4-5)-(2-3)-(0-1)],9.322166442871094e-05,0.01815009117126465,5,True,5
WtfII@`GH_b@B@?__OGE@?OC@_G?_G?aC?N@??Go?@o_?@r,[(22-23)-(19-20)-(18-21)-(14-15)-(11-12)-(9-10)-(8-17)-(7-16)-(6-13)-(4-5)-(2-3)-(0-1)],9.322166442871094e-05,0.02680492401123047,3,True,5
WtfII@`GH_b@B@?__OGE@?OC@_G?_G?aC?N@??Go?@o_?@r,[(22-23)-(19-20)-(18-21)-(14-15)-(11-12)-(9-10)-(8-17)-(7-16)-(6-13)-(4-5)-(2-3)-(0-1)],9.34600830078125e-05,0.03519725799560547,8,True,8
WtfII@`GH_a@A@B__OWE@?OC@?G@_G?wC?E???MG??X_??|,[(21-22)-(17-23)-(14-15)-(12-20)-(10-11)-(9-19)-(8-18)-(7-16)-(6-13)-(4-5)-(2-3)-(0-1)],9.036064147949219e-05,0.009500503540039062,3,True,3
WtfII@`GH_a@A@B__OWE@?OC@?G@_G?wC?E???MG??X_??|,[(21-22)-(17-23)-(14-15)-(12-20)-(10-11)-(9-19)-(8-18)-(7-16)-(6-13)-(4-5)-(2-3)-(0-1)],9.512901306152344e-05,0.33258962631225586,5,True,9
WtfII@`GH_a@A@B__OWE@?OC@?G@_G?wC?E???MG??X_??|,[(20-23)-(17-22)-(15-21)-(12-14)-(10-11)-(9-19)-(8-18)-(7-16)-(6-13)-(4-5)-(2-3)-(0-1)],9.512901306152344e-05,0.01481175422668457,5,True,5
WtfII@`GH_a@A@B__OWE@?OC@?G@_G?wC?E???MG??X_??|,[(20-23)-(17-22)-(15-21)-(12-14)-(10-11)-(9-19)-(8-18)-(7-16)-(6-13)-(4-5)-(2-3)-(0-1)],9.226799011230469e-05,0.012125730514526367,4,True,4
WtfII@`GH_a@A@B__OWE@?OC@?G@_G?wC?E???MG??X_??|,[(20-22)-(17-23)-(15-21)-(12-14)-(10-11)-(9-19)-(8-18)-(7-16)-(6-13)-(4-5)-(2-3)-(0-1)],9.369850158691406e-05,0.01470804214477539,5,True,5
WtfII@`GH_a@A@B__OWE@?OC@?G@_G?wC?E???MG??X_??|,[(20-22)-(17-23)-(15-21)-(12-14)-(10-11)-(9-19)-(8-18)-(7-16)-(6-13)-(4-5)-(2-3)-(0-1)],9.226799011230469e-05,0.01429891586303711,4,True,4
WtfII@`GH_a@A@B__OWE@?OC@?G@_G?wC?E???MG??X_??|,[(21-22)-(17-23)-(14-15)-(12-20)-(11-19)-(9-10)-(8-18)-(7-16)-(6-13)-(4-5)-(2-3)-(0-1)],9.34600830078125e-05,0.009065628051757812,3,True,3
WtfII@`GH_a@A@B__OWE@?OC@?G@_G?wC?E???MG??X_??|,[(21-22)-(17-23)-(14-15)-(12-20)-(11-19)-(9-10)-(8-18)-(7-16)-(6-13)-(4-5)-(2-3)-(0-1)],9.298324584960938e-05,0.23006081581115723,0,False,5
WtfII@`GH_a@A@B__OWE@?OC@?G@_G?wC?E???MG??X_??|,[(20-23)-(17-22)-(15-21)-(12-14)-(11-19)-(9-10)-(8-18)-(7-16)-(6-13)-(4-5)-(2-3)-(0-1)],9.369850158691406e-05,0.01813793182373047,5,True,5
WtfII@`GH_a@A@B__OWE@?OC@?G@_G?wC?E???MG??X_??|,[(20-23)-(17-22)-(15-21)-(12-14)-(11-19)-(9-10)-(8-18)-(7-16)-(6-13)-(4-5)-(2-3)-(0-1)],9.34600830078125e-05,0.01237034797668457,4,True,4
WtfII@`GH_a@A@B__OWE@?OC@?G@_G?wC?E???MG??X_??|,[(20-22)-(17-23)-(15-21)-(12-14)-(11-19)-(9-10)-(8-18)-(7-16)-(6-13)-(4-5)-(2-3)-(0-1)],9.5367431640625e-05,0.023125171661376953,6,True,7
WtfII@`GH_a@A@B__OWE@?OC@?G@_G?wC?E???MG??X_??|,[(20-22)-(17-23)-(15-21)-(12-14)-(11-19)-(9-10)-(8-18)-(7-16)-(6-13)-(4-5)-(2-3)-(0-1)],9.417533874511719e-05,0.011773824691772461,4,True,4
WtfII@`GH_a@A@B__OWE@?OC@?G@_G?wC?E???MG??X_??|,[(19-23)-(17-22)-(15-21)-(12-14)-(11-20)-(9-10)-(8-18)-(7-16)-(6-13)-(4-5)-(2-3)-(0-1)],9.322166442871094e-05,0.008639097213745117,3,True,3
WtfII@`GH_a@A@B__OWE@?OC@?G@_G?wC?E???MG??X_??|,[(19-23)-(17-22)-(15-21)-(12-14)-(11-20)-(9-10)-(8-18)-(7-16)-(6-13)-(4-5)-(2-3)-(0-1)],9.322166442871094e-05,0.06796073913574219,6,True,9
WtfII@`GH_a@A@B__OWE@?OC@?G@_G?wC?E???MG??X_??|,[(20-21)-(19-23)-(17-22)-(14-15)-(11-12)-(9-10)-(8-18)-(7-16)-(6-13)-(4-5)-(2-3)-(0-1)],9.703636169433594e-05,0.01862812042236328,6,True,6
WtfII@`GH_a@A@B__OWE@?OC@?G@_G?wC?E???MG??X_??|,[(20-21)-(19-23)-(17-22)-(14-15)-(11-12)-(9-10)-(8-18)-(7-16)-(6-13)-(4-5)-(2-3)-(0-1)],9.512901306152344e-05,0.011535882949829102,4,True,4
WtfII@`GH_a@A@B__OWE@?OC@?G@_G?wC?E???MG??X_??|,[(22-23)-(17-18)-(15-21)-(12-14)-(11-20)-(10-19)-(8-9)-(7-16)-(6-13)-(4-5)-(2-3)-(0-1)],9.584426879882812e-05,0.024613380432128906,7,True,7
WtfII@`GH_a@A@B__OWE@?OC@?G@_G?wC?E???MG??X_??|,[(22-23)-(17-18)-(15-21)-(12-14)-(11-20)-(10-19)-(8-9)-(7-16)-(6-13)-(4-5)-(2-3)-(0-1)],9.5367431640625e-05,0.012710809707641602,4,True,4
WtfII@`GH_a@A@B__OWE@?OC@?G@_G?wC?E???MG??X_??|,[(18-23)-(17-22)-(15-21)-(12-14)-(11-20)-(10-19)-(8-9)-(7-16)-(6-13)-(4-5)-(2-3)-(0-1)],9.560585021972656e-05,0.008117914199829102,2,True,2
WtfII@`GH_a@A@B__OWE@?OC@?G@_G?wC?E???MG??X_??|,[(18-23)-(17-22)-(15-21)-(12-14)-(11-20)-(10-19)-(8-9)-(7-16)-(6-13)-(4-5)-(2-3)-(0-1)],9.274482727050781e-05,0.02823019027709961,5,True,5
WtfII@`GH_b@B_?__WGA@?OC?oG?oG?GC?F@??[G??q_?@x,[(19-23)-(15-22)-(14-21)-(13-20)-(10-11)-(9-18)-(8-17)-(7-16)-(6-12)-(4-5)-(2-3)-(0-1)],8.96453857421875e-05,0.03581094741821289,0,False,3
WtfII@`GH_b@B_?__WGA@?OC?oG?oG?GC?F@??[G??q_?@x,[(19-23)-(15-22)-(14-21)-(13-20)-(10-11)-(9-18)-(8-17)-(7-16)-(6-12)-(4-5)-(2-3)-(0-1)],9.846687316894531e-05,0.011366128921508789,4,True,4
WtfII@`GH_b@B_?__WGA@?OC?oG?oG?GC?F@??[G??q_?@x,[(21-22)-(19-23)-(14-15)-(13-20)-(10-11)-(9-18)-(8-17)-(7-16)-(6-12)-(4-5)-(2-3)-(0-1)],9.608268737792969e-05,0.09772467613220215,0,False,4
WtfII@`GH_b@B_?__WGA@?OC?oG?oG?GC?F@??[G??q_?@x,[(21-22)-(19-23)-(14-15)-(13-20)-(10-11)-(9-18)-(8-17)-(7-16)-(6-12)-(4-5)-(2-3)-(0-1)],9.441375732421875e-05,0.024637937545776367,8,True,8
WtfII@`GH_b@B_?__WGA@?OC?oG?oG?GC?F@??[G??q_?@x,[(22-23)-(19-20)-(14-15)-(13-21)-(10-11)-(9-18)-(8-17)-(7-16)-(6-12)-(4-5)-(2-3)-(0-1)],9.465217590332031e-05,0.011226654052734375,4,True,4
WtfII@`GH_b@B_?__WGA@?OC?oG?oG?GC?F@??[G??q_?@x,[(22-23)-(19-20)-(14-15)-(13-21)-(10-11)-(9-18)-(8-17)-(7-16)-(6-12)-(4-5)-(2-3)-(0-1)],9.369850158691406e-05,0.011742591857910156,4,True,4
WtfII@`GH_b@B_?__WGA@?OC?oG?oG?GC?F@??[G??q_?@x,[(22-23)-(19-20)-(15-21)-(13-14)-(10-11)-(9-18)-(8-17)-(7-16)-(6-12)-(4-5)-(2-3)-(0-1)],9.417533874511719e-05,0.009006977081298828,3,True,3
WtfII@`GH_b@B_?__WGA@?OC?oG?oG?GC?F@??[G??q_?@x,[(22-23)-(19-20)-(15-21)-(13-14)-(10-11)-(9-18)-(8-17)-(7-16)-(6-12)-(4-5)-(2-3)-(0-1)],9.274482727050781e-05,0.018741369247436523,5,True,5
WtfII@`GH_b@B_?__WGA@?OC?oG?oG?GC?F@??[G??q_?@x,[(20-21)-(19-23)-(15-22)-(13-14)-(10-11)-(9-18)-(8-17)-(7-16)-(6-12)-(4-5)-(2-3)-(0-1)],9.298324584960938e-05,0.008666038513183594,3,True,3
WtfII@`GH_b@B_?__WGA@?OC?oG?oG?GC?F@??[G??q_?@x,[(20-21)-(19-23)-(15-22)-(13-14)-(10-11)-(9-18)-(8-17)-(7-16)-(6-12)-(4-5)-(2-3)-(0-1)],9.298324584960938e-05,0.014314889907836914,4,True,4
WtfII@`GH_b@B_?__WGA@?OC?oG?oG?GC?F@??[G??q_?@x,[(18-23)-(15-22)-(14-21)-(13-20)-(11-19)-(9-10)-(8-17)-(7-16)-(6-12)-(4-5)-(2-3)-(0-1)],9.34600830078125e-05,0.012426376342773438,4,True,4
WtfII@`GH_b@B_?__WGA@?OC?oG?oG?GC?F@??[G??q_?@x,[(18-23)-(15-22)-(14-21)-(13-20)-(11-19)-(9-10)-(8-17)-(7-16)-(6-12)-(4-5)-(2-3)-(0-1)],9.179115295410156e-05,0.014251470565795898,4,True,4
WtfII@`GH_b@B_?__WGA@?OC?oG?oG?GC?F@??[G??q_?@x,[(21-22)-(18-23)-(14-15)-(13-20)-(11-19)-(9-10)-(8-17)-(7-16)-(6-12)-(4-5)-(2-3)-(0-1)],9.322166442871094e-05,0.07386565208435059,0,False,5
WtfII@`GH_b@B_?__WGA@?OC?oG?oG?GC?F@??[G??q_?@x,[(21-22)-(18-23)-(14-15)-(13-20)-(11-19)-(9-10)-(8-17)-(7-16)-(6-12)-(4-5)-(2-3)-(0-1)],9.918212890625e-05,0.011228799819946289,4,True,4
WtfII@`GH_b@B_?__WGA@?OC?oG?oG?GC?F@??[G??q_?@x,[(20-21)-(18-23)-(15-22)-(13-14)-(11-19)-(9-10)-(8-17)-(7-16)-(6-12)-(4-5)-(2-3)-(0-1)],9.703636169433594e-05,0.018780231475830078,6,True,6
WtfII@`GH_b@B_?__WGA@?OC?oG?oG?GC?F@??[G??q_?@x,[(20-21)-(18-23)-(15-22)-(13-14)-(11-19)-(9-10)-(8-17)-(7-16)-(6-12)-(4-5)-(2-3)-(0-1)],9.584426879882812e-05,0.0197451114654541,6,True,6
WtfII@`GH_b@B_?__WGA@?OC?oG?oG?GC?F@??[G??q_?@x,[(22-23)-(18-19)-(14-15)-(13-21)-(11-20)-(9-10)-(8-17)-(7-16)-(6-12)-(4-5)-(2-3)-(0-1)],9.608268737792969e-05,0.011726856231689453,4,True,4
WtfII@`GH_b@B_?__WGA@?OC?oG?oG?GC?F@??[G??q_?@x,[(22-23)-(18-19)-(14-15)-(13-21)-(11-20)-(9-10)-(8-17)-(7-16)-(6-12)-(4-5)-(2-3)-(0-1)],9.512901306152344e-05,0.011306047439575195,2,True,2
WtfII@`GH_b@B_?__WGA@?OC?oG?oG?GC?F@??[G??q_?@x,[(19-22)-(18-23)-(14-15)-(13-21)-(11-20)-(9-10)-(8-17)-(7-16)-(6-12)-(4-5)-(2-3)-(0-1)],9.560585021972656e-05,0.010873556137084961,4,True,4
WtfII@`GH_b@B_?__WGA@?OC?oG?oG?GC?F@??[G??q_?@x,[(19-22)-(18-23)-(14-15)-(13-21)-(11-20)-(9-10)-(8-17)-(7-16)-(6-12)-(4-5)-(2-3)-(0-1)],9.322166442871094e-05,0.01207733154296875,4,True,4
WtfIID@G@?e@E@B__WGB@?GC?oG?_G?oC?M@??M???[_??^,[(21-23)-(18-22)-(14-15)-(12-13)-(11-20)-(10-19)-(9-17)-(8-16)-(6-7)-(4-5)-(2-3)-(0-1)],9.012222290039062e-05,0.08518457412719727,9,True,9
WtfIID@G@?e@E@B__WGB@?GC?oG?_G?oC?M@??M???[_??^,[(21-23)-(18-22)-(14-15)-(12-13)-(11-20)-(10-19)-(9-17)-(8-16)-(6-7)-(4-5)-(2-3)-(0-1)],9.512901306152344e-05,0.9567286968231201,5,True,7
WtfIID@G@?e@E@B__WGB@?GC?oG?_G?oC?M@??M???[_??^,[(21-22)-(18-23)-(14-15)-(12-13)-(11-20)-(10-19)-(9-17)-(8-16)-(6-7)-(4-5)-(2-3)-(0-1)],9.584426879882812e-05,0.02239060401916504,6,True,6
WtfIID@G@?e@E@B__WGB@?GC?oG?_G?oC?M@??M???[_??^,[(21-22)-(18-23)-(14-15)-(12-13)-(11-20)-(10-19)-(9-17)-(8-16)-(6-7)-(4-5)-(2-3)-(0-1)],9.72747802734375e-05,1.352090835571289,0,False,7
WtfIID@G@?e@E@B__WGB@?GC?oG?_G?oC?M@??M???[_??^,[(20-23)-(18-22)-(15-21)-(13-14)-(11-12)-(10-19)-(9-17)-(8-16)-(6-7)-(4-5)-(2-3)-(0-1)],9.465217590332031e-05,0.5184144973754883,10,True,29
WtfIID@G@?e@E@B__WGB@?GC?oG?_G?oC?M@??M???[_??^,[(20-23)-(18-22)-(15-21)-(13-14)-(11-12)-(10-19)-(9-17)-(8-16)-(6-7)-(4-5)-(2-3)-(0-1)],9.846687316894531e-05,0.02180171012878418,6,True,6
WtfIID@G@?e@E@B__WGB@?GC?oG?_G?oC?M@??M???[_??^,[(22-23)-(18-19)-(15-21)-(13-14)-(11-12)-(10-20)-(9-17)-(8-16)-(6-7)-(4-5)-(2-3)-(0-1)],9.703636169433594e-05,0.04544949531555176,5,True,6
WtfIID@G@?e@E@B__WGB@?GC?oG?_G?oC?M@??M???[_??^,[(22-23)-(18-19)-(15-21)-(13-14)-(11-12)-(10-20)-(9-17)-(8-16)-(6-7)-(4-5)-(2-3)-(0-1)],9.584426879882812e-05,0.015080928802490234,5,True,5
WtfIID@G@?e@E@B__WGB@?GC?oG?_G?oC?M@??M???[_??^,[(19-23)-(18-22)-(15-21)-(13-14)-(11-12)-(10-20)-(9-17)-(8-16)-(6-7)-(4-5)-(2-3)-(0-1)],9.393692016601562e-05,0.01463770866394043,5,True,5
WtfIID@G@?e@E@B__WGB@?GC?oG?_G?oC?M@??M???[_??^,[(19-23)-(18-22)-(15-21)-(13-14)-(11-12)-(10-20)-(9-17)-(8-16)-(6-7)-(4-5)-(2-3)-(0-1)],9.298324584960938e-05,0.03509211540222168,11,True,11
WtfIID@G@?e@E@B__WGB@?GC?oG?_G?oC?M@??M???[_??^,[(22-23)-(18-19)-(15-21)-(13-14)-(12-20)-(10-11)-(9-17)-(8-16)-(6-7)-(4-5)-(2-3)-(0-1)],9.298324584960938e-05,0.04183697700500488,7,True,7
WtfIID@G@?e@E@B__WGB@?GC?oG?_G?oC?M@??M???[_??^,[(22-23)-(18-19)-(15-21)-(13-14)-(12-20)-(10-11)-(9-17)-(8-16)-(6-7)-(4-5)-(2-3)-(0-1)],9.202957153320312e-05,0.02191925048828125,6,True,6
WtfIID@G@?e@E@B__WGB@?GC?oG?_G?oC?M@??M???[_??^,[(19-23)-(18-22)-(15-21)-(13-14)-(12-20)-(10-11)-(9-17)-(8-16)-(6-7)-(4-5)-(2-3)-(0-1)],9.34600830078125e-05,0.04352974891662598,13,True,13
WtfIID@G@?e@E@B__WGB@?GC?oG?_G?oC?M@??M???[_??^,[(19-23)-(18-22)-(15-21)-(13-14)-(12-20)-(10-11)-(9-17)-(8-16)-(6-7)-(4-5)-(2-3)-(0-1)],0.0007975101470947266,0.02448582649230957,6,True,6
WtfIID@G@?e@E@B__WGB@?GC?oG?_G?oC?M@??M???[_??^,[(21-22)-(20-23)-(18-19)-(14-15)-(12-13)-(10-11)-(9-17)-(8-16)-(6-7)-(4-5)-(2-3)-(0-1)],9.298324584960938e-05,1.4460232257843018,0,False,12
WtfIID@G@?e@E@B__WGB@?GC?oG?_G?oC?M@??M???[_??^,[(21-22)-(20-23)-(18-19)-(14-15)-(12-13)-(10-11)-(9-17)-(8-16)-(6-7)-(4-5)-(2-3)-(0-1)],9.465217590332031e-05,0.012004613876342773,4,True,4
WtfIID@G@?e@E@B__WGB@?GC?oG?_G?oC?M@??M???[_??^,[(21-23)-(19-20)-(18-22)-(14-15)-(12-13)-(10-11)-(9-17)-(8-16)-(6-7)-(4-5)-(2-3)-(0-1)],9.608268737792969e-05,0.014394998550415039,5,True,5
WtfIID@G@?e@E@B__WGB@?GC?oG?_G?oC?M@??M???[_??^,[(21-23)-(19-20)-(18-22)-(14-15)-(12-13)-(10-11)-(9-17)-(8-16)-(6-7)-(4-5)-(2-3)-(0-1)],9.441375732421875e-05,0.03485846519470215,5,True,6
WtfIID@G@?e@E@B__WGB@?GC?oG?_G?oC?M@??M???[_??^,[(21-22)-(19-20)-(18-23)-(14-15)-(12-13)-(10-11)-(9-17)-(8-16)-(6-7)-(4-5)-(2-3)-(0-1)],9.608268737792969e-05,0.011278629302978516,2,True,2
WtfIID@G@?e@E@B__WGB@?GC?oG?_G?oC?M@??M???[_??^,[(21-22)-(19-20)-(18-23)-(14-15)-(12-13)-(10-11)-(9-17)-(8-16)-(6-7)-(4-5)-(2-3)-(0-1)],9.512901306152344e-05,0.08501887321472168,7,True,7
W|eIAD`KGo@`@@@?_OGC@?oC@oG?_w?O??M@??oW?BA_?EX,[(15-18)-(14-23)-(13-22)-(12-21)-(11-20)-(10-19)-(8-9)-(7-17)-(6-16)-(4-5)-(2-3)-(0-1)],9.131431579589844e-05,0.3254728317260742,8,True,16
W|eIAD`KGo@`@@@?_OGC@?oC@oG?_w?O??M@??oW?BA_?EX,[(15-18)-(14-23)-(13-22)-(12-21)-(11-20)-(10-19)-(8-9)-(7-17)-(6-16)-(4-5)-(2-3)-(0-1)],9.942054748535156e-05,0.03373432159423828,6,True,6
W|eIAD`KGo@`@@@?_OGC@?oC@oG?_w?O??M@??oW?BA_?EX,[(18-23)-(14-15)-(13-22)-(12-21)-(11-20)-(10-19)-(8-9)-(7-17)-(6-16)-(4-5)-(2-3)-(0-1)],9.655952453613281e-05,0.01921868324279785,4,True,5
W|eIAD`KGo@`@@@?_OGC@?oC@oG?_w?O??M@??oW?BA_?EX,[(18-23)-(14-15)-(13-22)-(12-21)-(11-20)-(10-19)-(8-9)-(7-17)-(6-16)-(4-5)-(2-3)-(0-1)],0.00012564659118652344,0.03280186653137207,4,True,4
W|eIAD`KGo@`@@@?_OGC@?oC@oG?_w?O??M@??oW?BA_?EX,[(22-23)-(15-18)-(13-14)-(12-21)-(11-20)-(10-19)-(8-9)-(7-17)-(6-16)-(4-5)-(2-3)-(0-1)],9.489059448242188e-05,1.7641282081604004,0,False,15
W|eIAD`KGo@`@@@?_OGC@?oC@oG?_w?O??M@??oW?BA_?EX,[(22-23)-(15-18)-(13-14)-(12-21)-(11-20)-(10-19)-(8-9)-(7-17)-(6-16)-(4-5)-(2-3)-(0-1)],9.799003601074219e-05,0.025003910064697266,7,True,7
W|eIAD`KGo@`@@@?_OGC@?oC@oG?_w?O??M@??oW?BA_?EX,[(21-22)-(15-18)-(14-23)-(12-13)-(11-20)-(10-19)-(8-9)-(7-17)-(6-16)-(4-5)-(2-3)-(0-1)],9.751319885253906e-05,0.043175458908081055,9,True,9
W|eIAD`KGo@`@@@?_OGC@?oC@oG?_w?O??M@??oW?BA_?EX,[(21-22)-(15-18)-(14-23)-(12-13)-(11-20)-(10-19)-(8-9)-(7-17)-(6-16)-(4-5)-(2-3)-(0-1)],9.72747802734375e-05,0.02374577522277832,7,True,7
W|eIAD`KGo@`@@@?_OGC@?oC@oG?_w?O??M@??oW?BA_?EX,[(21-22)-(18-23)-(14-15)-(12-13)-(11-20)-(10-19)-(8-9)-(7-17)-(6-16)-(4-5)-(2-3)-(0-1)],9.655952453613281e-05,0.14715123176574707,5,True,5
W|eIAD`KGo@`@@@?_OGC@?oC@oG?_w?O??M@??oW?BA_?EX,[(21-22)-(18-23)-(14-15)-(12-13)-(11-20)-(10-19)-(8-9)-(7-17)-(6-16)-(4-5)-(2-3)-(0-1)],9.465217590332031e-05,0.02516913414001465,8,True,8
W|eIAD`KGo@`@@@?_OGC@?oC@oG?_w?O??M@??oW?BA_?EX,[(20-21)-(15-18)-(14-23)-(13-22)-(11-12)-(10-19)-(8-9)-(7-17)-(6-16)-(4-5)-(2-3)-(0-1)],9.417533874511719e-05,0.23535513877868652,0,False,4
W|eIAD`KGo@`@@@?_OGC@?oC@oG?_w?O??M@??oW?BA_?EX,[(20-21)-(15-18)-(14-23)-(13-22)-(11-12)-(10-19)-(8-9)-(7-17)-(6-16)-(4-5)-(2-3)-(0-1)],9.751319885253906e-05,0.015415668487548828,5,True,5
W|eIAD`KGo@`@@@?_OGC@?oC@oG?_w?O??M@??oW?BA_?EX,[(20-21)-(18-23)-(14-15)-(13-22)-(11-12)-(10-19)-(8-9)-(7-17)-(6-16)-(4-5)-(2-3)-(0-1)],9.870529174804688e-05,0.32985424995422363,0,False,6
W|eIAD`KGo@`@@@?_OGC@?oC@oG?_w?O??M@??oW?BA_?EX,[(20-21)-(18-23)-(14-15)-(13-22)-(11-12)-(10-19)-(8-9)-(7-17)-(6-16)-(4-5)-(2-3)-(0-1)],0.0001049041748046875,0.04146218299865723,6,True,7
W|eIAD`KGo@`@@@?_OGC@?oC@oG?_w?O??M@??oW?BA_?EX,[(22-23)-(20-21)-(15-18)-(13-14)-(11-12)-(10-19)-(8-9)-(7-17)-(6-16)-(4-5)-(2-3)-(0-1)],0.00010275840759277344,0.2488241195678711,0,False,4
W|eIAD`KGo@`@@@?_OGC@?oC@oG?_w?O??M@??oW?BA_?EX,[(22-23)-(20-21)-(15-18)-(13-14)-(11-12)-(10-19)-(8-9)-(7-17)-(6-16)-(4-5)-(2-3)-(0-1)],0.00010204315185546875,0.10427403450012207,4,True,4
W|eIAD`KGo@`@@@?_OGC@?oC@oG?_w?O??M@??oW?BA_?EX,[(19-23)-(15-18)-(14-22)-(13-21)-(11-12)-(10-20)-(8-9)-(7-17)-(6-16)-(4-5)-(2-3)-(0-1)],9.942054748535156e-05,0.03319692611694336,7,True,7
W|eIAD`KGo@`@@@?_OGC@?oC@oG?_w?O??M@??oW?BA_?EX,[(19-23)-(15-18)-(14-22)-(13-21)-(11-12)-(10-20)-(8-9)-(7-17)-(6-16)-(4-5)-(2-3)-(0-1)],9.72747802734375e-05,0.022268295288085938,7,True,7
W|eIAD`KGo@`@@@?_OGC@?oC@oG?_w?O??M@??oW?BA_?EX,[(19-22)-(15-18)-(14-23)-(13-21)-(11-12)-(10-20)-(8-9)-(7-17)-(6-16)-(4-5)-(2-3)-(0-1)],9.703636169433594e-05,0.03641200065612793,0,False,3
W|eIAD`KGo@`@@@?_OGC@?oC@oG?_w?O??M@??oW?BA_?EX,[(19-22)-(15-18)-(14-23)-(13-21)-(11-12)-(10-20)-(8-9)-(7-17)-(6-16)-(4-5)-(2-3)-(0-1)],9.632110595703125e-05,0.003610372543334961,1,True,1
W|fIIC`KGo`o?o?W?CG?p?BC?EG?CG?EC?@`??KG??[_??^,[(22-23)-(15-21)-(14-20)-(13-19)-(12-18)-(11-17)-(10-16)-(8-9)-(6-7)-(4-5)-(2-3)-(0-1)],9.107589721679688e-05,0.012485980987548828,4,True,4
W|fIIC`KGo`o?o?W?CG?p?BC?EG?CG?EC?@`??KG??[_??^,[(22-23)-(15-21)-(14-20)-(13-19)-(12-18)-(11-17)-(10-16)-(8-9)-(6-7)-(4-5)-(2-3)-(0-1)],9.679794311523438e-05,0.005965471267700195,2,True,2
W|fIIC`KGo`o?o?W?CG?p?BC?EG?CG?EC?@`??KG??[_??^,[(22-23)-(20-21)-(14-15)-(13-19)-(12-18)-(11-17)-(10-16)-(8-9)-(6-7)-(4-5)-(2-3)-(0-1)],0.00010013580322265625,0.013321161270141602,4,True,4
W|fIIC`KGo`o?o?W?CG?p?BC?EG?CG?EC?@`??KG??[_??^,[(22-23)-(20-21)-(14-15)-(13-19)-(12-18)-(11-17)-(10-16)-(8-9)-(6-7)-(4-5)-(2-3)-(0-1)],0.00010991096496582031,0.008838653564453125,3,True,3
W|fIIC`KGo`o?o?W?CG?p?BC?EG?CG?EC?@`??KG??[_??^,[(21-22)-(20-23)-(14-15)-(13-19)-(12-18)-(11-17)-(10-16)-(8-9)-(6-7)-(4-5)-(2-3)-(0-1)],9.608268737792969e-05,0.009118318557739258,3,True,3
W|fIIC`KGo`o?o?W?CG?p?BC?EG?CG?EC?@`??KG??[_??^,[(21-22)-(20-23)-(14-15)-(13-19)-(12-18)-(11-17)-(10-16)-(8-9)-(6-7)-(4-5)-(2-3)-(0-1)],9.5367431640625e-05,0.08454155921936035,6,True,6
W|fIIC`KGo`o?o?W?CG?p?BC?EG?CG?EC?@`??KG??[_??^,[(21-22)-(19-23)-(14-15)-(13-20)-(12-18)-(11-17)-(10-16)-(8-9)-(6-7)-(4-5)-(2-3)-(0-1)],9.560585021972656e-05,0.0442965030670166,5,True,5
W|fIIC`KGo`o?o?W?CG?p?BC?EG?CG?EC?@`??KG??[_??^,[(21-22)-(19-23)-(14-15)-(13-20)-(12-18)-(11-17)-(10-16)-(8-9)-(6-7)-(4-5)-(2-3)-(0-1)],9.608268737792969e-05,0.0035681724548339844,1,True,1
W|fIIC`KGo`o?o?W?CG?p?BC?EG?CG?EC?@`??KG??[_??^,[(22-23)-(19-20)-(15-21)-(13-14)-(12-18)-(11-17)-(10-16)-(8-9)-(6-7)-(4-5)-(2-3)-(0-1)],9.560585021972656e-05,0.016606569290161133,4,True,4
W|fIIC`KGo`o?o?W?CG?p?BC?EG?CG?EC?@`??KG??[_??^,[(22-23)-(19-20)-(15-21)-(13-14)-(12-18)-(11-17)-(10-16)-(8-9)-(6-7)-(4-5)-(2-3)-(0-1)],9.441375732421875e-05,0.02279973030090332,7,True,7
W|fIIC`KGo`o?o?W?CG?p?BC?EG?CG?EC?@`??KG??[_??^,[(21-23)-(18-22)-(14-15)-(13-20)-(12-19)-(11-17)-(10-16)-(8-9)-(6-7)-(4-5)-(2-3)-(0-1)],9.489059448242188e-05,0.01981806755065918,3,True,3
W|fIIC`KGo`o?o?W?CG?p?BC?EG?CG?EC?@`??KG??[_??^,[(21-23)-(18-22)-(14-15)-(13-20)-(12-19)-(11-17)-(10-16)-(8-9)-(6-7)-(4-5)-(2-3)-(0-1)],9.417533874511719e-05,0.013132095336914062,4,True,4
W|fIIC`KGo`o?o?W?CG?p?BC?EG?CG?EC?@`??KG??[_??^,[(21-22)-(18-23)-(14-15)-(13-20)-(12-19)-(11-17)-(10-16)-(8-9)-(6-7)-(4-5)-(2-3)-(0-1)],9.512901306152344e-05,0.009201288223266602,3,True,3
W|fIIC`KGo`o?o?W?CG?p?BC?EG?CG?EC?@`??KG??[_??^,[(21-22)-(18-23)-(14-15)-(13-20)-(12-19)-(11-17)-(10-16)-(8-9)-(6-7)-(4-5)-(2-3)-(0-1)],9.465217590332031e-05,0.011366844177246094,4,True,4
W|fIIC`KGo`o?o?W?CG?p?BC?EG?CG?EC?@`??KG??[_??^,[(20-23)-(18-22)-(15-21)-(13-14)-(12-19)-(11-17)-(10-16)-(8-9)-(6-7)-(4-5)-(2-3)-(0-1)],9.560585021972656e-05,0.0060045719146728516,2,True,2
W|fIIC`KGo`o?o?W?CG?p?BC?EG?CG?EC?@`??KG??[_??^,[(20-23)-(18-22)-(15-21)-(13-14)-(12-19)-(11-17)-(10-16)-(8-9)-(6-7)-(4-5)-(2-3)-(0-1)],0.0001068115234375,0.01926398277282715,6,True,6
W|fIIC`KGo`o?o?W?CG?p?BC?EG?CG?EC?@`??KG??[_??^,[(21-23)-(18-22)-(14-20)-(13-19)-(12-17)-(11-16)-(10-15)-(8-9)-(6-7)-(4-5)-(2-3)-(0-1)],9.298324584960938e-05,0.016259193420410156,5,True,5
W|fIIC`KGo`o?o?W?CG?p?BC?EG?CG?EC?@`??KG??[_??^,[(21-23)-(18-22)-(14-20)-(13-19)-(12-17)-(11-16)-(10-15)-(8-9)-(6-7)-(4-5)-(2-3)-(0-1)],9.250640869140625e-05,0.011944770812988281,4,True,4
W|fIIC`KGo`o?o?W?CG?p?BC?EG?CG?EC?@`??KG??[_??^,[(21-22)-(18-23)-(14-20)-(13-19)-(12-17)-(11-16)-(10-15)-(8-9)-(6-7)-(4-5)-(2-3)-(0-1)],9.34600830078125e-05,0.011272192001342773,4,True,4
W|fIIC`KGo`o?o?W?CG?p?BC?EG?CG?EC?@`??KG??[_??^,[(21-22)-(18-23)-(14-20)-(13-19)-(12-17)-(11-16)-(10-15)-(8-9)-(6-7)-(4-5)-(2-3)-(0-1)],9.322166442871094e-05,0.017955780029296875,5,True,5
W|eIID`GG_b@B@@_?WGB`?E??KG?CG?EC?@`??EG??[_??^,[(22-23)-(15-21)-(14-20)-(13-19)-(12-18)-(11-17)-(10-16)-(8-9)-(6-7)-(4-5)-(2-3)-(0-1)],9.012222290039062e-05,0.03107595443725586,10,True,10
W|eIID`GG_b@B@@_?WGB`?E??KG?CG?EC?@`??EG??[_??^,[(22-23)-(15-21)-(14-20)-(13-19)-(12-18)-(11-17)-(10-16)-(8-9)-(6-7)-(4-5)-(2-3)-(0-1)],9.679794311523438e-05,0.005881071090698242,2,True,2
W|eIID`GG_b@B@@_?WGB`?E??KG?CG?EC?@`??EG??[_??^,[(22-23)-(20-21)-(14-15)-(13-19)-(12-18)-(11-17)-(10-16)-(8-9)-(6-7)-(4-5)-(2-3)-(0-1)],9.465217590332031e-05,0.022217273712158203,7,True,7
W|eIID`GG_b@B@@_?WGB`?E??KG?CG?EC?@`??EG??[_??^,[(22-23)-(20-21)-(14-15)-(13-19)-(12-18)-(11-17)-(10-16)-(8-9)-(6-7)-(4-5)-(2-3)-(0-1)],9.226799011230469e-05,0.015372514724731445,5,True,5
W|eIID`GG_b@B@@_?WGB`?E??KG?CG?EC?@`??EG??[_??^,[(21-22)-(20-23)-(14-15)-(13-19)-(12-18)-(11-17)-(10-16)-(8-9)-(6-7)-(4-5)-(2-3)-(0-1)],9.322166442871094e-05,0.10662531852722168,6,True,6
W|eIID`GG_b@B@@_?WGB`?E??KG?CG?EC?@`??EG??[_??^,[(21-22)-(20-23)-(14-15)-(13-19)-(12-18)-(11-17)-(10-16)-(8-9)-(6-7)-(4-5)-(2-3)-(0-1)],9.393692016601562e-05,0.022243261337280273,7,True,7
W|eIID`GG_b@B@@_?WGB`?E??KG?CG?EC?@`??EG??[_??^,[(21-22)-(19-23)-(14-15)-(13-20)-(12-18)-(11-17)-(10-16)-(8-9)-(6-7)-(4-5)-(2-3)-(0-1)],9.369850158691406e-05,0.03292250633239746,9,True,9
W|eIID`GG_b@B@@_?WGB`?E??KG?CG?EC?@`??EG??[_??^,[(21-22)-(19-23)-(14-15)-(13-20)-(12-18)-(11-17)-(10-16)-(8-9)-(6-7)-(4-5)-(2-3)-(0-1)],9.393692016601562e-05,0.008553504943847656,3,True,3
W|eIID`GG_b@B@@_?WGB`?E??KG?CG?EC?@`??EG??[_??^,[(22-23)-(19-20)-(15-21)-(13-14)-(12-18)-(11-17)-(10-16)-(8-9)-(6-7)-(4-5)-(2-3)-(0-1)],9.34600830078125e-05,0.3032491207122803,10,True,10
W|eIID`GG_b@B@@_?WGB`?E??KG?CG?EC?@`??EG??[_??^,[(22-23)-(19-20)-(15-21)-(13-14)-(12-18)-(11-17)-(10-16)-(8-9)-(6-7)-(4-5)-(2-3)-(0-1)],9.822845458984375e-05,0.024228811264038086,6,True,6
W|eIID`GG_b@B@@_?WGB`?E??KG?CG?EC?@`??EG??[_??^,[(21-23)-(18-22)-(14-15)-(13-20)-(12-19)-(11-17)-(10-16)-(8-9)-(6-7)-(4-5)-(2-3)-(0-1)],0.00010085105895996094,0.02666497230529785,7,True,7
W|eIID`GG_b@B@@_?WGB`?E??KG?CG?EC?@`??EG??[_??^,[(21-23)-(18-22)-(14-15)-(13-20)-(12-19)-(11-17)-(10-16)-(8-9)-(6-7)-(4-5)-(2-3)-(0-1)],9.655952453613281e-05,0.008759498596191406,3,True,3
W|eIID`GG_b@B@@_?WGB`?E??KG?CG?EC?@`??EG??[_??^,[(21-22)-(18-23)-(14-15)-(13-20)-(12-19)-(11-17)-(10-16)-(8-9)-(6-7)-(4-5)-(2-3)-(0-1)],9.322166442871094e-05,0.0317380428314209,10,True,10
W|eIID`GG_b@B@@_?WGB`?E??KG?CG?EC?@`??EG??[_??^,[(21-22)-(18-23)-(14-15)-(13-20)-(12-19)-(11-17)-(10-16)-(8-9)-(6-7)-(4-5)-(2-3)-(0-1)],9.369850158691406e-05,0.030400514602661133,10,True,10
W|eIID`GG_b@B@@_?WGB`?E??KG?CG?EC?@`??EG??[_??^,[(20-23)-(18-22)-(15-21)-(13-14)-(12-19)-(11-17)-(10-16)-(8-9)-(6-7)-(4-5)-(2-3)-(0-1)],9.34600830078125e-05,0.04381084442138672,11,True,11
W|eIID`GG_b@B@@_?WGB`?E??KG?CG?EC?@`??EG??[_??^,[(20-23)-(18-22)-(15-21)-(13-14)-(12-19)-(11-17)-(10-16)-(8-9)-(6-7)-(4-5)-(2-3)-(0-1)],9.274482727050781e-05,0.037462711334228516,4,True,4
W|eIID`GG_b@B@@_?WGB`?E??KG?CG?EC?@`??EG??[_??^,[(22-23)-(17-18)-(15-21)-(14-20)-(13-19)-(11-12)-(10-16)-(8-9)-(6-7)-(4-5)-(2-3)-(0-1)],9.250640869140625e-05,0.021019458770751953,7,True,7
W|eIID`GG_b@B@@_?WGB`?E??KG?CG?EC?@`??EG??[_??^,[(22-23)-(17-18)-(15-21)-(14-20)-(13-19)-(11-12)-(10-16)-(8-9)-(6-7)-(4-5)-(2-3)-(0-1)],9.369850158691406e-05,0.01551198959350586,5,True,5
W|eIID`GG_b@B@@_?WGB`?E??KG?CG?EC?@`??EG??[_??^,[(18-23)-(17-22)-(15-21)-(14-20)-(13-19)-(11-12)-(10-16)-(8-9)-(6-7)-(4-5)-(2-3)-(0-1)],9.226799011230469e-05,0.015403032302856445,5,True,5
W|eIID`GG_b@B@@_?WGB`?E??KG?CG?EC?@`??EG??[_??^,[(18-23)-(17-22)-(15-21)-(14-20)-(13-19)-(11-12)-(10-16)-(8-9)-(6-7)-(4-5)-(2-3)-(0-1)],9.250640869140625e-05,0.011261463165283203,4,True,4
W|fIJ?pCGO`@@`?__WGA@?KC?WG?W??MC?@B??KG??w_??v,[(20-23)-(15-22)-(14-21)-(13-19)-(11-18)-(10-17)-(9-16)-(7-8)-(6-12)-(4-5)-(2-3)-(0-1)],9.012222290039062e-05,0.012127399444580078,4,True,4
W|fIJ?pCGO`@@`?__WGA@?KC?WG?W??MC?@B??KG??w_??v,[(20-23)-(15-22)-(14-21)-(13-19)-(11-18)-(10-17)-(9-16)-(7-8)-(6-12)-(4-5)-(2-3)-(0-1)],9.512901306152344e-05,0.0699610710144043,6,True,10
W|fIJ?pCGO`@@`?__WGA@?KC?WG?W??MC?@B??KG??w_??v,[(22-23)-(20-21)-(14-15)-(13-19)-(11-18)-(10-17)-(9-16)-(7-8)-(6-12)-(4-5)-(2-3)-(0-1)],9.369850158691406e-05,0.03475379943847656,5,True,7
W|fIJ?pCGO`@@`?__WGA@?KC?WG?W??MC?@B??KG??w_??v,[(22-23)-(20-21)-(14-15)-(13-19)-(11-18)-(10-17)-(9-16)-(7-8)-(6-12)-(4-5)-(2-3)-(0-1)],9.202957153320312e-05,0.011689186096191406,4,True,4
W|fIJ?pCGO`@@`?__WGA@?KC?WG?W??MC?@B??KG??w_??v,[(21-22)-(20-23)-(14-15)-(13-19)-(11-18)-(10-17)-(9-16)-(7-8)-(6-12)-(4-5)-(2-3)-(0-1)],9.441375732421875e-05,0.015131711959838867,5,True,5
W|fIJ?pCGO`@@`?__WGA@?KC?WG?W??MC?@B??KG??w_??v,[(21-22)-(20-23)-(14-15)-(13-19)-(11-18)-(10-17)-(9-16)-(7-8)-(6-12)-(4-5)-(2-3)-(0-1)],9.846687316894531e-05,0.10121393203735352,0,False,4
W|fIJ?pCGO`@@`?__WGA@?KC?WG?W??MC?@B??KG??w_??v,[(22-23)-(19-20)-(15-21)-(13-14)-(11-18)-(10-17)-(9-16)-(7-8)-(6-12)-(4-5)-(2-3)-(0-1)],9.632110595703125e-05,0.04017019271850586,10,True,10
W|fIJ?pCGO`@@`?__WGA@?KC?WG?W??MC?@B??KG??w_??v,[(22-23)-(19-20)-(15-21)-(13-14)-(11-18)-(10-17)-(9-16)-(7-8)-(6-12)-(4-5)-(2-3)-(0-1)],9.5367431640625e-05,1.4964568614959717,0,False,12
W|fIJ?pCGO`@@`?__WGA@?KC?WG?W??MC?@B??KG??w_??v,[(21-23)-(19-20)-(15-22)-(13-14)-(11-18)-(10-17)-(9-16)-(7-8)-(6-12)-(4-5)-(2-3)-(0-1)],9.465217590332031e-05,0.008808135986328125,3,True,3
W|fIJ?pCGO`@@`?__WGA@?KC?WG?W??MC?@B??KG??w_??v,[(21-23)-(19-20)-(15-22)-(13-14)-(11-18)-(10-17)-(9-16)-(7-8)-(6-12)-(4-5)-(2-3)-(0-1)],9.441375732421875e-05,1.1736185550689697,0,False,6
W|fIJ?pCGO`@@`?__WGA@?KC?WG?W??MC?@B??KG??w_??v,[(18-23)-(15-22)-(14-21)-(13-20)-(11-19)-(10-17)-(9-16)-(7-8)-(6-12)-(4-5)-(2-3)-(0-1)],9.417533874511719e-05,0.006215333938598633,2,True,2
W|fIJ?pCGO`@@`?__WGA@?KC?WG?W??MC?@B??KG??w_??v,[(18-23)-(15-22)-(14-21)-(13-20)-(11-19)-(10-17)-(9-16)-(7-8)-(6-12)-(4-5)-(2-3)-(0-1)],9.274482727050781e-05,1.3777620792388916,0,False,13
W|fIJ?pCGO`@@`?__WGA@?KC?WG?W??MC?@B??KG??w_??v,[(21-22)-(18-23)-(14-15)-(13-20)-(11-19)-(10-17)-(9-16)-(7-8)-(6-12)-(4-5)-(2-3)-(0-1)],9.655952453613281e-05,0.014119148254394531,2,True,4
W|fIJ?pCGO`@@`?__WGA@?KC?WG?W??MC?@B??KG??w_??v,[(21-22)-(18-23)-(14-15)-(13-20)-(11-19)-(10-17)-(9-16)-(7-8)-(6-12)-(4-5)-(2-3)-(0-1)],9.465217590332031e-05,0.6802752017974854,0,False,8
W|fIJ?pCGO`@@`?__WGA@?KC?WG?W??MC?@B??KG??w_??v,[(22-23)-(18-20)-(15-21)-(13-14)-(11-19)-(10-17)-(9-16)-(7-8)-(6-12)-(4-5)-(2-3)-(0-1)],9.417533874511719e-05,0.00621795654296875,2,True,2
W|fIJ?pCGO`@@`?__WGA@?KC?WG?W??MC?@B??KG??w_??v,[(22-23)-(18-20)-(15-21)-(13-14)-(11-19)-(10-17)-(9-16)-(7-8)-(6-12)-(4-5)-(2-3)-(0-1)],9.322166442871094e-05,1.464263677597046,0,False,17
W|fIJ?pCGO`@@`?__WGA@?KC?WG?W??MC?@B??KG??w_??v,[(21-23)-(18-20)-(15-22)-(13-14)-(11-19)-(10-17)-(9-16)-(7-8)-(6-12)-(4-5)-(2-3)-(0-1)],9.560585021972656e-05,0.006193876266479492,2,True,2
W|fIJ?pCGO`@@`?__WGA@?KC?WG?W??MC?@B??KG??w_??v,[(21-23)-(18-20)-(15-22)-(13-14)-(11-19)-(10-17)-(9-16)-(7-8)-(6-12)-(4-5)-(2-3)-(0-1)],9.322166442871094e-05,1.3119699954986572,0,False,16
W|fIJ?pCGO`@@`?__WGA@?KC?WG?W??MC?@B??KG??w_??v,[(20-21)-(18-23)-(15-22)-(13-14)-(11-19)-(10-17)-(9-16)-(7-8)-(6-12)-(4-5)-(2-3)-(0-1)],9.72747802734375e-05,0.029814958572387695,6,True,6
W|fIJ?pCGO`@@`?__WGA@?KC?WG?W??MC?@B??KG??w_??v,[(20-21)-(18-23)-(15-22)-(13-14)-(11-19)-(10-17)-(9-16)-(7-8)-(6-12)-(4-5)-(2-3)-(0-1)],9.584426879882812e-05,0.014813423156738281,5,True,5
WtfIID_GH_b@A@@__WGA@?WC?oG?w??CC?B`??CW??w_??z,[(22-23)-(19-21)-(14-15)-(13-20)-(11-12)-(10-18)-(9-17)-(8-16)-(6-7)-(4-5)-(2-3)-(0-1)],9.202957153320312e-05,0.02571845054626465,4,True,4
WtfIID_GH_b@A@@__WGA@?WC?oG?w??CC?B`??CW??w_??z,[(22-23)-(19-21)-(14-15)-(13-20)-(11-12)-(10-18)-(9-17)-(8-16)-(6-7)-(4-5)-(2-3)-(0-1)],9.989738464355469e-05,0.012606382369995117,4,True,4
WtfIID_GH_b@A@@__WGA@?WC?oG?w??CC?B`??CW??w_??z,[(21-22)-(19-23)-(14-15)-(13-20)-(11-12)-(10-18)-(9-17)-(8-16)-(6-7)-(4-5)-(2-3)-(0-1)],9.679794311523438e-05,0.012933969497680664,4,True,4
WtfIID_GH_b@A@@__WGA@?WC?oG?w??CC?B`??CW??w_??z,[(21-22)-(19-23)-(14-15)-(13-20)-(11-12)-(10-18)-(9-17)-(8-16)-(6-7)-(4-5)-(2-3)-(0-1)],9.512901306152344e-05,0.014716386795043945,3,True,3
WtfIID_GH_b@A@@__WGA@?WC?oG?w??CC?B`??CW??w_??z,[(22-23)-(19-20)-(15-21)-(13-14)-(11-12)-(10-18)-(9-17)-(8-16)-(6-7)-(4-5)-(2-3)-(0-1)],9.584426879882812e-05,0.011460065841674805,4,True,4
WtfIID_GH_b@A@@__WGA@?WC?oG?w??CC?B`??CW??w_??z,[(22-23)-(19-20)-(15-21)-(13-14)-(11-12)-(10-18)-(9-17)-(8-16)-(6-7)-(4-5)-(2-3)-(0-1)],9.465217590332031e-05,1.3594024181365967,0,False,10
WtfIID_GH_b@A@@__WGA@?WC?oG?w??CC?B`??CW??w_??z,[(21-23)-(19-20)-(15-22)-(13-14)-(11-12)-(10-18)-(9-17)-(8-16)-(6-7)-(4-5)-(2-3)-(0-1)],9.274482727050781e-05,0.7394452095031738,7,True,8
WtfIID_GH_b@A@@__WGA@?WC?oG?w??CC?B`??CW??w_??z,[(21-23)-(19-20)-(15-22)-(13-14)-(11-12)-(10-18)-(9-17)-(8-16)-(6-7)-(4-5)-(2-3)-(0-1)],9.274482727050781e-05,0.003608226776123047,1,True,1
WtfIID_GH_b@A@@__WGA@?WC?oG?w??CC?B`??CW??w_??z,[(20-21)-(19-23)-(15-22)-(13-14)-(11-12)-(10-18)-(9-17)-(8-16)-(6-7)-(4-5)-(2-3)-(0-1)],9.584426879882812e-05,0.006052255630493164,2,True,2
WtfIID_GH_b@A@@__WGA@?WC?oG?w??CC?B`??CW??w_??z,[(20-21)-(19-23)-(15-22)-(13-14)-(11-12)-(10-18)-(9-17)-(8-16)-(6-7)-(4-5)-(2-3)-(0-1)],9.465217590332031e-05,0.025532960891723633,4,True,4
WtfIID_GH_b@A@@__WGA@?WC?oG?w??CC?B`??CW??w_??z,[(21-22)-(18-23)-(14-15)-(13-20)-(12-19)-(10-11)-(9-17)-(8-16)-(6-7)-(4-5)-(2-3)-(0-1)],9.608268737792969e-05,0.0036237239837646484,1,True,1
WtfIID_GH_b@A@@__WGA@?WC?oG?w??CC?B`??CW??w_??z,[(21-22)-(18-23)-(14-15)-(13-20)-(12-19)-(10-11)-(9-17)-(8-16)-(6-7)-(4-5)-(2-3)-(0-1)],9.393692016601562e-05,1.2941837310791016,0,False,6
WtfIID_GH_b@A@@__WGA@?WC?oG?w??CC?B`??CW??w_??z,[(20-21)-(18-23)-(15-22)-(13-14)-(12-19)-(10-11)-(9-17)-(8-16)-(6-7)-(4-5)-(2-3)-(0-1)],9.489059448242188e-05,0.013056516647338867,4,True,4
WtfIID_GH_b@A@@__WGA@?WC?oG?w??CC?B`??CW??w_??z,[(20-21)-(18-23)-(15-22)-(13-14)-(12-19)-(10-11)-(9-17)-(8-16)-(6-7)-(4-5)-(2-3)-(0-1)],9.965896606445312e-05,1.3948266506195068,0,False,7
WtfIID_GH_b@A@@__WGA@?WC?oG?w??CC?B`??CW??w_??z,[(22-23)-(18-19)-(15-21)-(13-14)-(12-20)-(10-11)-(9-17)-(8-16)-(6-7)-(4-5)-(2-3)-(0-1)],9.179115295410156e-05,0.01749563217163086,6,True,6
WtfIID_GH_b@A@@__WGA@?WC?oG?w??CC?B`??CW??w_??z,[(22-23)-(18-19)-(15-21)-(13-14)-(12-20)-(10-11)-(9-17)-(8-16)-(6-7)-(4-5)-(2-3)-(0-1)],9.059906005859375e-05,0.0056400299072265625,2,True,2
WtfIID_GH_b@A@@__WGA@?WC?oG?w??CC?B`??CW??w_??z,[(21-23)-(18-19)-(15-22)-(13-14)-(12-20)-(10-11)-(9-17)-(8-16)-(6-7)-(4-5)-(2-3)-(0-1)],9.298324584960938e-05,0.005860567092895508,2,True,2
WtfIID_GH_b@A@@__WGA@?WC?oG?w??CC?B`??CW??w_??z,[(21-23)-(18-19)-(15-22)-(13-14)-(12-20)-(10-11)-(9-17)-(8-16)-(6-7)-(4-5)-(2-3)-(0-1)],9.250640869140625e-05,0.01958608627319336,6,True,6
WtfIID_GH_b@A@@__WGA@?WC?oG?w??CC?B`??CW??w_??z,[(19-21)-(18-23)-(15-22)-(13-14)-(12-20)-(10-11)-(9-17)-(8-16)-(6-7)-(4-5)-(2-3)-(0-1)],9.608268737792969e-05,0.008855819702148438,3,True,3
WtfIID_GH_b@A@@__WGA@?WC?oG?w??CC?B`??CW??w_??z,[(19-21)-(18-23)-(15-22)-(13-14)-(12-20)-(10-11)-(9-17)-(8-16)-(6-7)-(4-5)-(2-3)-(0-1)],9.298324584960938e-05,0.7452540397644043,0,False,10
WtfIID@GH?c@C@E?`oGE@?WC?oG?oG?WC?E@??oG??w_??^,[(22-23)-(14-15)-(13-21)-(12-20)-(11-19)-(10-18)-(9-17)-(8-16)-(6-7)-(4-5)-(2-3)-(0-1)],9.489059448242188e-05,0.05986762046813965,9,True,9
WtfIID@GH?c@C@E?`oGE@?WC?oG?oG?WC?E@??oG??w_??^,[(22-23)-(14-15)-(13-21)-(12-20)-(11-19)-(10-18)-(9-17)-(8-16)-(6-7)-(4-5)-(2-3)-(0-1)],9.942054748535156e-05,0.06292533874511719,8,True,8
WtfIID@GH?c@C@E?`oGE@?WC?oG?oG?WC?E@??oG??w_??^,[(21-23)-(15-22)-(13-14)-(12-20)-(11-19)-(10-18)-(9-17)-(8-16)-(6-7)-(4-5)-(2-3)-(0-1)],9.608268737792969e-05,0.011105537414550781,4,True,4
WtfIID@GH?c@C@E?`oGE@?WC?oG?oG?WC?E@??oG??w_??^,[(21-23)-(15-22)-(13-14)-(12-20)-(11-19)-(10-18)-(9-17)-(8-16)-(6-7)-(4-5)-(2-3)-(0-1)],9.751319885253906e-05,1.506183385848999,0,False,11
WtfIID@GH?c@C@E?`oGE@?WC?oG?oG?WC?E@??oG??w_??^,[(20-23)-(15-22)-(13-14)-(12-21)-(11-19)-(10-18)-(9-17)-(8-16)-(6-7)-(4-5)-(2-3)-(0-1)],9.250640869140625e-05,0.016882658004760742,6,True,6
WtfIID@GH?c@C@E?`oGE@?WC?oG?oG?WC?E@??oG??w_??^,[(20-23)-(15-22)-(13-14)-(12-21)-(11-19)-(10-18)-(9-17)-(8-16)-(6-7)-(4-5)-(2-3)-(0-1)],9.34600830078125e-05,0.024002552032470703,7,True,7
WtfIID@GH?c@C@E?`oGE@?WC?oG?oG?WC?E@??oG??w_??^,[(22-23)-(20-21)-(14-15)-(12-13)-(11-19)-(10-18)-(9-17)-(8-16)-(6-7)-(4-5)-(2-3)-(0-1)],9.417533874511719e-05,0.016986846923828125,6,True,6
WtfIID@GH?c@C@E?`oGE@?WC?oG?oG?WC?E@??oG??w_??^,[(22-23)-(20-21)-(14-15)-(12-13)-(11-19)-(10-18)-(9-17)-(8-16)-(6-7)-(4-5)-(2-3)-(0-1)],9.250640869140625e-05,0.28000783920288086,0,False,9
WtfIID@GH?c@C@E?`oGE@?WC?oG?oG?WC?E@??oG??w_??^,[(21-22)-(20-23)-(14-15)-(12-13)-(11-19)-(10-18)-(9-17)-(8-16)-(6-7)-(4-5)-(2-3)-(0-1)],9.703636169433594e-05,0.018123149871826172,6,True,6
WtfIID@GH?c@C@E?`oGE@?WC?oG?oG?WC?E@??oG??w_??^,[(21-22)-(20-23)-(14-15)-(12-13)-(11-19)-(10-18)-(9-17)-(8-16)-(6-7)-(4-5)-(2-3)-(0-1)],9.584426879882812e-05,0.060827016830444336,7,True,7
WtfIID@GH?c@C@E?`oGE@?WC?oG?oG?WC?E@??oG??w_??^,[(19-23)-(15-22)-(13-14)-(12-21)-(11-20)-(10-18)-(9-17)-(8-16)-(6-7)-(4-5)-(2-3)-(0-1)],9.298324584960938e-05,0.014065980911254883,5,True,5
WtfIID@GH?c@C@E?`oGE@?WC?oG?oG?WC?E@??oG??w_??^,[(19-23)-(15-22)-(13-14)-(12-21)-(11-20)-(10-18)-(9-17)-(8-16)-(6-7)-(4-5)-(2-3)-(0-1)],9.393692016601562e-05,0.5465502738952637,0,False,7
WtfIID@GH?c@C@E?`oGE@?WC?oG?oG?WC?E@??oG??w_??^,[(21-22)-(19-23)-(14-15)-(12-13)-(11-20)-(10-18)-(9-17)-(8-16)-(6-7)-(4-5)-(2-3)-(0-1)],9.799003601074219e-05,0.06178092956542969,8,True,8
WtfIID@GH?c@C@E?`oGE@?WC?oG?oG?WC?E@??oG??w_??^,[(21-22)-(19-23)-(14-15)-(12-13)-(11-20)-(10-18)-(9-17)-(8-16)-(6-7)-(4-5)-(2-3)-(0-1)],9.369850158691406e-05,0.027217864990234375,0,False,3
WtfIID@GH?c@C@E?`oGE@?WC?oG?oG?WC?E@??oG??w_??^,[(22-23)-(19-20)-(14-15)-(13-21)-(11-12)-(10-18)-(9-17)-(8-16)-(6-7)-(4-5)-(2-3)-(0-1)],9.369850158691406e-05,0.09619379043579102,8,True,8
WtfIID@GH?c@C@E?`oGE@?WC?oG?oG?WC?E@??oG??w_??^,[(22-23)-(19-20)-(14-15)-(13-21)-(11-12)-(10-18)-(9-17)-(8-16)-(6-7)-(4-5)-(2-3)-(0-1)],9.608268737792969e-05,0.0035059452056884766,1,True,1
WtfIID@GH?c@C@E?`oGE@?WC?oG?oG?WC?E@??oG??w_??^,[(21-23)-(19-20)-(15-22)-(13-14)-(11-12)-(10-18)-(9-17)-(8-16)-(6-7)-(4-5)-(2-3)-(0-1)],0.00010585784912109375,0.012773275375366211,4,True,4
WtfIID@GH?c@C@E?`oGE@?WC?oG?oG?WC?E@??oG??w_??^,[(21-23)-(19-20)-(15-22)-(13-14)-(11-12)-(10-18)-(9-17)-(8-16)-(6-7)-(4-5)-(2-3)-(0-1)],9.298324584960938e-05,0.014217853546142578,5,True,5
WtfIID@GH?c@C@E?`oGE@?WC?oG?oG?WC?E@??oG??w_??^,[(20-21)-(19-23)-(15-22)-(13-14)-(11-12)-(10-18)-(9-17)-(8-16)-(6-7)-(4-5)-(2-3)-(0-1)],9.369850158691406e-05,0.014212846755981445,5,True,5
WtfIID@GH?c@C@E?`oGE@?WC?oG?oG?WC?E@??oG??w_??^,[(20-21)-(19-23)-(15-22)-(13-14)-(11-12)-(10-18)-(9-17)-(8-16)-(6-7)-(4-5)-(2-3)-(0-1)],9.274482727050781e-05,0.012025833129882812,4,True,4
WtfII@`GH_B@B`?b_WGA@?OC?oG?_G?oC??p??EG??[_??^,[(22-23)-(15-21)-(14-20)-(11-13)-(10-19)-(9-18)-(8-17)-(7-16)-(6-12)-(4-5)-(2-3)-(0-1)],9.107589721679688e-05,0.022713899612426758,5,True,5
WtfII@`GH_B@B`?b_WGA@?OC?oG?_G?oC??p??EG??[_??^,[(22-23)-(15-21)-(14-20)-(11-13)-(10-19)-(9-18)-(8-17)-(7-16)-(6-12)-(4-5)-(2-3)-(0-1)],0.00010204315185546875,0.043880462646484375,11,True,11
WtfII@`GH_B@B`?b_WGA@?OC?oG?_G?oC??p??EG??[_??^,[(22-23)-(20-21)-(14-15)-(11-13)-(10-19)-(9-18)-(8-17)-(7-16)-(6-12)-(4-5)-(2-3)-(0-1)],9.655952453613281e-05,0.11694049835205078,0,False,5
WtfII@`GH_B@B`?b_WGA@?OC?oG?_G?oC??p??EG??[_??^,[(22-23)-(20-21)-(14-15)-(11-13)-(10-19)-(9-18)-(8-17)-(7-16)-(6-12)-(4-5)-(2-3)-(0-1)],9.703636169433594e-05,0.011402368545532227,4,True,4
WtfII@`GH_B@B`?b_WGA@?OC?oG?_G?oC??p??EG??[_??^,[(21-22)-(20-23)-(14-15)-(11-13)-(10-19)-(9-18)-(8-17)-(7-16)-(6-12)-(4-5)-(2-3)-(0-1)],9.560585021972656e-05,0.055861473083496094,7,True,7
WtfII@`GH_B@B`?b_WGA@?OC?oG?_G?oC??p??EG??[_??^,[(21-22)-(20-23)-(14-15)-(11-13)-(10-19)-(9-18)-(8-17)-(7-16)-(6-12)-(4-5)-(2-3)-(0-1)],9.393692016601562e-05,0.021109819412231445,7,True,7
WtfII@`GH_B@B`?b_WGA@?OC?oG?_G?oC??p??EG??[_??^,[(21-22)-(19-23)-(15-20)-(13-14)-(10-11)-(9-18)-(8-17)-(7-16)-(6-12)-(4-5)-(2-3)-(0-1)],9.417533874511719e-05,0.005658864974975586,2,True,2
WtfII@`GH_B@B`?b_WGA@?OC?oG?_G?oC??p??EG??[_??^,[(21-22)-(19-23)-(15-20)-(13-14)-(10-11)-(9-18)-(8-17)-(7-16)-(6-12)-(4-5)-(2-3)-(0-1)],9.34600830078125e-05,1.6864917278289795,0,False,21
WtfII@`GH_B@B`?b_WGA@?OC?oG?_G?oC??p??EG??[_??^,[(22-23)-(19-20)-(15-21)-(13-14)-(10-11)-(9-18)-(8-17)-(7-16)-(6-12)-(4-5)-(2-3)-(0-1)],9.465217590332031e-05,0.008639335632324219,3,True,3
WtfII@`GH_B@B`?b_WGA@?OC?oG?_G?oC??p??EG??[_??^,[(22-23)-(19-20)-(15-21)-(13-14)-(10-11)-(9-18)-(8-17)-(7-16)-(6-12)-(4-5)-(2-3)-(0-1)],9.5367431640625e-05,0.03893423080444336,11,True,11
WtfII@`GH_B@B`?b_WGA@?OC?oG?_G?oC??p??EG??[_??^,[(21-23)-(18-22)-(15-20)-(13-14)-(10-11)-(9-19)-(8-17)-(7-16)-(6-12)-(4-5)-(2-3)-(0-1)],9.560585021972656e-05,0.008424520492553711,3,True,3
WtfII@`GH_B@B`?b_WGA@?OC?oG?_G?oC??p??EG??[_??^,[(21-23)-(18-22)-(15-20)-(13-14)-(10-11)-(9-19)-(8-17)-(7-16)-(6-12)-(4-5)-(2-3)-(0-1)],9.560585021972656e-05,1.2877528667449951,0,False,8
WtfII@`GH_B@B`?b_WGA@?OC?oG?_G?oC??p??EG??[_??^,[(21-22)-(18-23)-(15-20)-(13-14)-(10-11)-(9-19)-(8-17)-(7-16)-(6-12)-(4-5)-(2-3)-(0-1)],9.369850158691406e-05,0.01651930809020996,4,True,4
WtfII@`GH_B@B`?b_WGA@?OC?oG?_G?oC??p??EG??[_??^,[(21-22)-(18-23)-(15-20)-(13-14)-(10-11)-(9-19)-(8-17)-(7-16)-(6-12)-(4-5)-(2-3)-(0-1)],9.608268737792969e-05,0.005961179733276367,2,True,2
WtfII@`GH_B@B`?b_WGA@?OC?oG?_G?oC??p??EG??[_??^,[(20-23)-(18-22)-(15-21)-(13-14)-(10-11)-(9-19)-(8-17)-(7-16)-(6-12)-(4-5)-(2-3)-(0-1)],9.584426879882812e-05,0.011379718780517578,4,True,4
WtfII@`GH_B@B`?b_WGA@?OC?oG?_G?oC??p??EG??[_??^,[(20-23)-(18-22)-(15-21)-(13-14)-(10-11)-(9-19)-(8-17)-(7-16)-(6-12)-(4-5)-(2-3)-(0-1)],9.5367431640625e-05,0.018778324127197266,6,True,6
WtfII@`GH_B@B`?b_WGA@?OC?oG?_G?oC??p??EG??[_??^,[(22-23)-(17-18)-(15-21)-(14-20)-(11-13)-(10-19)-(8-9)-(7-16)-(6-12)-(4-5)-(2-3)-(0-1)],9.393692016601562e-05,0.01783919334411621,6,True,6
WtfII@`GH_B@B`?b_WGA@?OC?oG?_G?oC??p??EG??[_??^,[(22-23)-(17-18)-(15-21)-(14-20)-(11-13)-(10-19)-(8-9)-(7-16)-(6-12)-(4-5)-(2-3)-(0-1)],9.417533874511719e-05,0.01162409782409668,4,True,4
WtfII@`GH_B@B`?b_WGA@?OC?oG?_G?oC??p??EG??[_??^,[(18-23)-(17-22)-(15-21)-(14-20)-(11-13)-(10-19)-(8-9)-(7-16)-(6-12)-(4-5)-(2-3)-(0-1)],9.465217590332031e-05,0.0313420295715332,7,True,7
WtfII@`GH_B@B`?b_WGA@?OC?oG?_G?oC??p??EG??[_??^,[(18-23)-(17-22)-(15-21)-(14-20)-(11-13)-(10-19)-(8-9)-(7-16)-(6-12)-(4-5)-(2-3)-(0-1)],9.34600830078125e-05,0.008512020111083984,3,True,3
WtfIID@GH?e?E@B__WWB@?K??WG?OG?WC?CP??EG??[_??^,[(22-23)-(20-21)-(14-15)-(12-13)-(11-19)-(10-18)-(9-17)-(8-16)-(6-7)-(4-5)-(2-3)-(0-1)],9.012222290039062e-05,0.02217411994934082,6,True,6
WtfIID@GH?e?E@B__WWB@?K??WG?OG?WC?CP??EG??[_??^,[(22-23)-(20-21)-(14-15)-(12-13)-(11-19)-(10-18)-(9-17)-(8-16)-(6-7)-(4-5)-(2-3)-(0-1)],9.989738464355469e-05,0.01563739776611328,5,True,5
WtfIID@GH?e?E@B__WWB@?K??WG?OG?WC?CP??EG??[_??^,[(21-22)-(20-23)-(14-15)-(12-13)-(11-19)-(10-18)-(9-17)-(8-16)-(6-7)-(4-5)-(2-3)-(0-1)],9.417533874511719e-05,0.014708757400512695,5,True,5
WtfIID@GH?e?E@B__WWB@?K??WG?OG?WC?CP??EG??[_??^,[(21-22)-(20-23)-(14-15)-(12-13)-(11-19)-(10-18)-(9-17)-(8-16)-(6-7)-(4-5)-(2-3)-(0-1)],9.465217590332031e-05,0.1601428985595703,6,True,6
WtfIID@GH?e?E@B__WWB@?K??WG?OG?WC?CP??EG??[_??^,[(21-22)-(19-23)-(14-15)-(12-13)-(11-20)-(10-18)-(9-17)-(8-16)-(6-7)-(4-5)-(2-3)-(0-1)],9.775161743164062e-05,0.0036258697509765625,1,True,1
WtfIID@GH?e?E@B__WWB@?K??WG?OG?WC?CP??EG??[_??^,[(21-22)-(19-23)-(14-15)-(12-13)-(11-20)-(10-18)-(9-17)-(8-16)-(6-7)-(4-5)-(2-3)-(0-1)],9.5367431640625e-05,0.8047511577606201,0,False,6
WtfIID@GH?e?E@B__WWB@?K??WG?OG?WC?CP??EG??[_??^,[(21-22)-(19-23)-(15-20)-(13-14)-(11-12)-(10-18)-(9-17)-(8-16)-(6-7)-(4-5)-(2-3)-(0-1)],9.846687316894531e-05,0.2363901138305664,0,False,4
WtfIID@GH?e?E@B__WWB@?K??WG?OG?WC?CP??EG??[_??^,[(21-22)-(19-23)-(15-20)-(13-14)-(11-12)-(10-18)-(9-17)-(8-16)-(6-7)-(4-5)-(2-3)-(0-1)],0.00010800361633300781,0.022377729415893555,7,True,7
WtfIID@GH?e?E@B__WWB@?K??WG?OG?WC?CP??EG??[_??^,[(22-23)-(19-20)-(15-21)-(13-14)-(11-12)-(10-18)-(9-17)-(8-16)-(6-7)-(4-5)-(2-3)-(0-1)],9.751319885253906e-05,1.289170742034912,0,False,8
WtfIID@GH?e?E@B__WWB@?K??WG?OG?WC?CP??EG??[_??^,[(22-23)-(19-20)-(15-21)-(13-14)-(11-12)-(10-18)-(9-17)-(8-16)-(6-7)-(4-5)-(2-3)-(0-1)],9.5367431640625e-05,0.3073112964630127,9,True,9
WtfIID@GH?e?E@B__WWB@?K??WG?OG?WC?CP??EG??[_??^,[(21-23)-(18-22)-(14-15)-(12-13)-(11-20)-(10-19)-(9-17)-(8-16)-(6-7)-(4-5)-(2-3)-(0-1)],9.560585021972656e-05,0.005720853805541992,1,True,1
WtfIID@GH?e?E@B__WWB@?K??WG?OG?WC?CP??EG??[_??^,[(21-23)-(18-22)-(14-15)-(12-13)-(11-20)-(10-19)-(9-17)-(8-16)-(6-7)-(4-5)-(2-3)-(0-1)],9.274482727050781e-05,0.015346050262451172,5,True,5
WtfIID@GH?e?E@B__WWB@?K??WG?OG?WC?CP??EG??[_??^,[(21-22)-(18-23)-(14-15)-(12-13)-(11-20)-(10-19)-(9-17)-(8-16)-(6-7)-(4-5)-(2-3)-(0-1)],9.369850158691406e-05,0.011667251586914062,4,True,4
WtfIID@GH?e?E@B__WWB@?K??WG?OG?WC?CP??EG??[_??^,[(21-22)-(18-23)-(14-15)-(12-13)-(11-20)-(10-19)-(9-17)-(8-16)-(6-7)-(4-5)-(2-3)-(0-1)],9.274482727050781e-05,0.03996610641479492,7,True,7
WtfIID@GH?e?E@B__WWB@?K??WG?OG?WC?CP??EG??[_??^,[(21-23)-(18-22)-(15-20)-(13-14)-(11-12)-(10-19)-(9-17)-(8-16)-(6-7)-(4-5)-(2-3)-(0-1)],9.34600830078125e-05,0.02596879005432129,8,True,8
WtfIID@GH?e?E@B__WWB@?K??WG?OG?WC?CP??EG??[_??^,[(21-23)-(18-22)-(15-20)-(13-14)-(11-12)-(10-19)-(9-17)-(8-16)-(6-7)-(4-5)-(2-3)-(0-1)],9.369850158691406e-05,0.027220487594604492,5,True,5
WtfIID@GH?e?E@B__WWB@?K??WG?OG?WC?CP??EG??[_??^,[(21-22)-(18-23)-(15-20)-(13-14)-(11-12)-(10-19)-(9-17)-(8-16)-(6-7)-(4-5)-(2-3)-(0-1)],9.72747802734375e-05,0.015596628189086914,5,True,5
WtfIID@GH?e?E@B__WWB@?K??WG?OG?WC?CP??EG??[_??^,[(21-22)-(18-23)-(15-20)-(13-14)-(11-12)-(10-19)-(9-17)-(8-16)-(6-7)-(4-5)-(2-3)-(0-1)],9.632110595703125e-05,0.02292323112487793,7,True,7
WtfIID@GH?e?E@B__WWB@?K??WG?OG?WC?CP??EG??[_??^,[(20-23)-(18-22)-(15-21)-(13-14)-(11-12)-(10-19)-(9-17)-(8-16)-(6-7)-(4-5)-(2-3)-(0-1)],9.584426879882812e-05,0.019850730895996094,5,True,5
WtfIID@GH?e?E@B__WWB@?K??WG?OG?WC?CP??EG??[_??^,[(20-23)-(18-22)-(15-21)-(13-14)-(11-12)-(10-19)-(9-17)-(8-16)-(6-7)-(4-5)-(2-3)-(0-1)],9.512901306152344e-05,0.008738040924072266,3,True,3
W|fIB?pEGW_o?`?__WGA@?KC?GG?WG?KC?B@??[G??w_??|,[(18-23)-(15-22)-(14-21)-(13-20)-(12-19)-(10-17)-(9-16)-(7-8)-(6-11)-(4-5)-(2-3)-(0-1)],9.107589721679688e-05,0.03977680206298828,8,True,8
W|fIB?pEGW_o?`?__WGA@?KC?GG?WG?KC?B@??[G??w_??|,[(18-23)-(15-22)-(14-21)-(13-20)-(12-19)-(10-17)-(9-16)-(7-8)-(6-11)-(4-5)-(2-3)-(0-1)],9.918212890625e-05,0.032738685607910156,6,True,6
W|fIB?pEGW_o?`?__WGA@?KC?GG?WG?KC?B@??[G??w_??|,[(21-22)-(18-23)-(14-15)-(13-20)-(12-19)-(10-17)-(9-16)-(7-8)-(6-11)-(4-5)-(2-3)-(0-1)],9.393692016601562e-05,1.9077932834625244,0,False,22
W|fIB?pEGW_o?`?__WGA@?KC?GG?WG?KC?B@??[G??w_??|,[(21-22)-(18-23)-(14-15)-(13-20)-(12-19)-(10-17)-(9-16)-(7-8)-(6-11)-(4-5)-(2-3)-(0-1)],9.5367431640625e-05,0.005980968475341797,2,True,2
W|fIB?pEGW_o?`?__WGA@?KC?GG?WG?KC?B@??[G??w_??|,[(20-21)-(18-23)-(15-22)-(13-14)-(12-19)-(10-17)-(9-16)-(7-8)-(6-11)-(4-5)-(2-3)-(0-1)],9.465217590332031e-05,1.041520118713379,12,True,16
W|fIB?pEGW_o?`?__WGA@?KC?GG?WG?KC?B@??[G??w_??|,[(20-21)-(18-23)-(15-22)-(13-14)-(12-19)-(10-17)-(9-16)-(7-8)-(6-11)-(4-5)-(2-3)-(0-1)],9.584426879882812e-05,0.2785766124725342,0,False,4
W|fIB?pEGW_o?`?__WGA@?KC?GG?WG?KC?B@??[G??w_??|,[(22-23)-(18-19)-(14-15)-(13-21)-(12-20)-(10-17)-(9-16)-(7-8)-(6-11)-(4-5)-(2-3)-(0-1)],9.72747802734375e-05,0.011917829513549805,4,True,4
W|fIB?pEGW_o?`?__WGA@?KC?GG?WG?KC?B@??[G??w_??|,[(22-23)-(18-19)-(14-15)-(13-21)-(12-20)-(10-17)-(9-16)-(7-8)-(6-11)-(4-5)-(2-3)-(0-1)],9.870529174804688e-05,0.10363340377807617,6,True,6
W|fIB?pEGW_o?`?__WGA@?KC?GG?WG?KC?B@??[G??w_??|,[(22-23)-(18-19)-(15-21)-(13-14)-(12-20)-(10-17)-(9-16)-(7-8)-(6-11)-(4-5)-(2-3)-(0-1)],9.799003601074219e-05,0.011713027954101562,4,True,4
W|fIB?pEGW_o?`?__WGA@?KC?GG?WG?KC?B@??[G??w_??|,[(22-23)-(18-19)-(15-21)-(13-14)-(12-20)-(10-17)-(9-16)-(7-8)-(6-11)-(4-5)-(2-3)-(0-1)],9.274482727050781e-05,0.03023982048034668,8,True,8
W|fIB?pEGW_o?`?__WGA@?KC?GG?WG?KC?B@??[G??w_??|,[(20-23)-(18-19)-(15-22)-(14-21)-(12-13)-(10-17)-(9-16)-(7-8)-(6-11)-(4-5)-(2-3)-(0-1)],0.0001227855682373047,0.9848010540008545,8,True,20
W|fIB?pEGW_o?`?__WGA@?KC?GG?WG?KC?B@??[G??w_??|,[(20-23)-(18-19)-(15-22)-(14-21)-(12-13)-(10-17)-(9-16)-(7-8)-(6-11)-(4-5)-(2-3)-(0-1)],9.846687316894531e-05,0.018560409545898438,4,True,4
W|fIB?pEGW_o?`?__WGA@?KC?GG?WG?KC?B@??[G??w_??|,[(19-20)-(18-23)-(15-22)-(14-21)-(12-13)-(10-17)-(9-16)-(7-8)-(6-11)-(4-5)-(2-3)-(0-1)],9.655952453613281e-05,1.4582440853118896,0,False,16
W|fIB?pEGW_o?`?__WGA@?KC?GG?WG?KC?B@??[G??w_??|,[(19-20)-(18-23)-(15-22)-(14-21)-(12-13)-(10-17)-(9-16)-(7-8)-(6-11)-(4-5)-(2-3)-(0-1)],0.00010919570922851562,0.008795976638793945,3,True,3
W|fIB?pEGW_o?`?__WGA@?KC?GG?WG?KC?B@??[G??w_??|,[(22-23)-(20-21)-(18-19)-(14-15)-(12-13)-(10-17)-(9-16)-(7-8)-(6-11)-(4-5)-(2-3)-(0-1)],9.632110595703125e-05,0.012687206268310547,4,True,4
W|fIB?pEGW_o?`?__WGA@?KC?GG?WG?KC?B@??[G??w_??|,[(22-23)-(20-21)-(18-19)-(14-15)-(12-13)-(10-17)-(9-16)-(7-8)-(6-11)-(4-5)-(2-3)-(0-1)],9.393692016601562e-05,0.024689197540283203,6,True,6
W|fIB?pEGW_o?`?__WGA@?KC?GG?WG?KC?B@??[G??w_??|,[(21-22)-(20-23)-(18-19)-(14-15)-(12-13)-(10-17)-(9-16)-(7-8)-(6-11)-(4-5)-(2-3)-(0-1)],0.00010085105895996094,0.030734777450561523,6,True,6
W|fIB?pEGW_o?`?__WGA@?KC?GG?WG?KC?B@??[G??w_??|,[(21-22)-(20-23)-(18-19)-(14-15)-(12-13)-(10-17)-(9-16)-(7-8)-(6-11)-(4-5)-(2-3)-(0-1)],9.34600830078125e-05,0.005818605422973633,2,True,2
W|fIB?pEGW_o?`?__WGA@?KC?GG?WG?KC?B@??[G??w_??|,[(21-22)-(19-20)-(18-23)-(14-15)-(12-13)-(10-17)-(9-16)-(7-8)-(6-11)-(4-5)-(2-3)-(0-1)],9.441375732421875e-05,0.008556842803955078,3,True,3
W|fIB?pEGW_o?`?__WGA@?KC?GG?WG?KC?B@??[G??w_??|,[(21-22)-(19-20)-(18-23)-(14-15)-(12-13)-(10-17)-(9-16)-(7-8)-(6-11)-(4-5)-(2-3)-(0-1)],9.179115295410156e-05,0.37353944778442383,8,True,13
W|eII@`KGo``@_?__WGA@?WC?WG?GG?KC?B@??[G??{???^,[(19-23)-(15-22)-(14-21)-(13-20)-(11-18)-(10-17)-(8-9)-(7-16)-(6-12)-(4-5)-(2-3)-(0-1)],9.250640869140625e-05,0.005899667739868164,1,True,1
W|eII@`KGo``@_?__WGA@?WC?WG?GG?KC?B@??[G??{???^,[(19-23)-(15-22)-(14-21)-(13-20)-(11-18)-(10-17)-(8-9)-(7-16)-(6-12)-(4-5)-(2-3)-(0-1)],9.632110595703125e-05,0.022787809371948242,6,True,6
W|eII@`KGo``@_?__WGA@?WC?WG?GG?KC?B@??[G??{???^,[(22-23)-(19-20)-(14-15)-(13-21)-(11-18)-(10-17)-(8-9)-(7-16)-(6-12)-(4-5)-(2-3)-(0-1)],9.870529174804688e-05,1.8524208068847656,0,False,32
W|eII@`KGo``@_?__WGA@?WC?WG?GG?KC?B@??[G??{???^,[(22-23)-(19-20)-(14-15)-(13-21)-(11-18)-(10-17)-(8-9)-(7-16)-(6-12)-(4-5)-(2-3)-(0-1)],9.441375732421875e-05,0.011554956436157227,4,True,4
W|eII@`KGo``@_?__WGA@?WC?WG?GG?KC?B@??[G??{???^,[(22-23)-(19-20)-(15-21)-(13-14)-(11-18)-(10-17)-(8-9)-(7-16)-(6-12)-(4-5)-(2-3)-(0-1)],9.584426879882812e-05,0.009005546569824219,3,True,3
W|eII@`KGo``@_?__WGA@?WC?WG?GG?KC?B@??[G??{???^,[(22-23)-(19-20)-(15-21)-(13-14)-(11-18)-(10-17)-(8-9)-(7-16)-(6-12)-(4-5)-(2-3)-(0-1)],9.393692016601562e-05,0.015521764755249023,5,True,5
W|eII@`KGo``@_?__WGA@?WC?WG?GG?KC?B@??[G??{???^,[(21-23)-(19-20)-(15-22)-(13-14)-(11-18)-(10-17)-(8-9)-(7-16)-(6-12)-(4-5)-(2-3)-(0-1)],9.465217590332031e-05,0.008807897567749023,3,True,3
W|eII@`KGo``@_?__WGA@?WC?WG?GG?KC?B@??[G??{???^,[(21-23)-(19-20)-(15-22)-(13-14)-(11-18)-(10-17)-(8-9)-(7-16)-(6-12)-(4-5)-(2-3)-(0-1)],9.512901306152344e-05,0.032784461975097656,9,True,9
W|eII@`KGo``@_?__WGA@?WC?WG?GG?KC?B@??[G??{???^,[(20-21)-(19-23)-(15-22)-(13-14)-(11-18)-(10-17)-(8-9)-(7-16)-(6-12)-(4-5)-(2-3)-(0-1)],9.489059448242188e-05,0.0058400630950927734,2,True,2
W|eII@`KGo``@_?__WGA@?WC?WG?GG?KC?B@??[G??{???^,[(20-21)-(19-23)-(15-22)-(13-14)-(11-18)-(10-17)-(8-9)-(7-16)-(6-12)-(4-5)-(2-3)-(0-1)],9.441375732421875e-05,0.02758622169494629,8,True,8
W|eII@`KGo``@_?__WGA@?WC?WG?GG?KC?B@??[G??{???^,[(18-23)-(15-22)-(14-21)-(13-20)-(11-19)-(10-17)-(8-9)-(7-16)-(6-12)-(4-5)-(2-3)-(0-1)],9.369850158691406e-05,0.011683225631713867,4,True,4
W|eII@`KGo``@_?__WGA@?WC?WG?GG?KC?B@??[G??{???^,[(18-23)-(15-22)-(14-21)-(13-20)-(11-19)-(10-17)-(8-9)-(7-16)-(6-12)-(4-5)-(2-3)-(0-1)],9.274482727050781e-05,0.014188766479492188,4,True,4
W|eII@`KGo``@_?__WGA@?WC?WG?GG?KC?B@??[G??{???^,[(21-23)-(18-22)-(14-15)-(13-20)-(11-19)-(10-17)-(8-9)-(7-16)-(6-12)-(4-5)-(2-3)-(0-1)],9.369850158691406e-05,0.014853954315185547,5,True,5
W|eII@`KGo``@_?__WGA@?WC?WG?GG?KC?B@??[G??{???^,[(21-23)-(18-22)-(14-15)-(13-20)-(11-19)-(10-17)-(8-9)-(7-16)-(6-12)-(4-5)-(2-3)-(0-1)],9.322166442871094e-05,0.19729351997375488,0,False,5
W|eII@`KGo``@_?__WGA@?WC?WG?GG?KC?B@??[G??{???^,[(20-23)-(18-22)-(14-15)-(13-21)-(11-19)-(10-17)-(8-9)-(7-16)-(6-12)-(4-5)-(2-3)-(0-1)],9.632110595703125e-05,0.5637788772583008,0,False,8
W|eII@`KGo``@_?__WGA@?WC?WG?GG?KC?B@??[G??{???^,[(20-23)-(18-22)-(14-15)-(13-21)-(11-19)-(10-17)-(8-9)-(7-16)-(6-12)-(4-5)-(2-3)-(0-1)],9.846687316894531e-05,0.006008625030517578,2,True,2
W|eII@`KGo``@_?__WGA@?WC?WG?GG?KC?B@??[G??{???^,[(20-23)-(18-22)-(15-21)-(13-14)-(11-19)-(10-17)-(8-9)-(7-16)-(6-12)-(4-5)-(2-3)-(0-1)],9.608268737792969e-05,0.011551380157470703,4,True,4
W|eII@`KGo``@_?__WGA@?WC?WG?GG?KC?B@??[G??{???^,[(20-23)-(18-22)-(15-21)-(13-14)-(11-19)-(10-17)-(8-9)-(7-16)-(6-12)-(4-5)-(2-3)-(0-1)],9.489059448242188e-05,0.01324009895324707,4,True,4
W|eII@`KGo``@_?__WGA@?WC?WG?GG?KC?B@??[G??{???^,[(20-21)-(18-23)-(15-22)-(13-14)-(11-19)-(10-17)-(8-9)-(7-16)-(6-12)-(4-5)-(2-3)-(0-1)],0.00010204315185546875,0.008806228637695312,3,True,3
W|eII@`KGo``@_?__WGA@?WC?WG?GG?KC?B@??[G??{???^,[(20-21)-(18-23)-(15-22)-(13-14)-(11-19)-(10-17)-(8-9)-(7-16)-(6-12)-(4-5)-(2-3)-(0-1)],9.5367431640625e-05,0.02976059913635254,8,True,8
W|fIB?pEGW_o?`?__WGA@?GC?WG?WG?KC?B@??[G??p_?@x,[(22-23)-(15-16)-(14-21)-(13-20)-(12-19)-(10-18)-(9-17)-(7-8)-(6-11)-(4-5)-(2-3)-(0-1)],8.916854858398438e-05,0.05092883110046387,6,True,8
W|fIB?pEGW_o?`?__WGA@?GC?WG?WG?KC?B@??[G??p_?@x,[(22-23)-(15-16)-(14-21)-(13-20)-(12-19)-(10-18)-(9-17)-(7-8)-(6-11)-(4-5)-(2-3)-(0-1)],9.799003601074219e-05,1.2998125553131104,0,False,11
W|fIB?pEGW_o?`?__WGA@?GC?WG?WG?KC?B@??[G??p_?@x,[(16-23)-(15-22)-(14-21)-(13-20)-(12-19)-(10-18)-(9-17)-(7-8)-(6-11)-(4-5)-(2-3)-(0-1)],9.441375732421875e-05,0.9741883277893066,10,True,18
W|fIB?pEGW_o?`?__WGA@?GC?WG?WG?KC?B@??[G??p_?@x,[(16-23)-(15-22)-(14-21)-(13-20)-(12-19)-(10-18)-(9-17)-(7-8)-(6-11)-(4-5)-(2-3)-(0-1)],9.799003601074219e-05,0.015089273452758789,5,True,5
W|fIB?pEGW_o?`?__WGA@?GC?WG?WG?KC?B@??[G??p_?@x,[(21-22)-(16-23)-(14-15)-(13-20)-(12-19)-(10-18)-(9-17)-(7-8)-(6-11)-(4-5)-(2-3)-(0-1)],9.5367431640625e-05,0.005963802337646484,2,True,2
W|fIB?pEGW_o?`?__WGA@?GC?WG?WG?KC?B@??[G??p_?@x,[(21-22)-(16-23)-(14-15)-(13-20)-(12-19)-(10-18)-(9-17)-(7-8)-(6-11)-(4-5)-(2-3)-(0-1)],9.560585021972656e-05,0.008737564086914062,3,True,3
W|fIB?pEGW_o?`?__WGA@?GC?WG?WG?KC?B@??[G??p_?@x,[(20-22)-(16-23)-(14-15)-(13-21)-(12-19)-(10-18)-(9-17)-(7-8)-(6-11)-(4-5)-(2-3)-(0-1)],9.465217590332031e-05,0.00595855712890625,2,True,2
W|fIB?pEGW_o?`?__WGA@?GC?WG?WG?KC?B@??[G??p_?@x,[(20-22)-(16-23)-(14-15)-(13-21)-(12-19)-(10-18)-(9-17)-(7-8)-(6-11)-(4-5)-(2-3)-(0-1)],9.512901306152344e-05,0.00870060920715332,3,True,3
W|fIB?pEGW_o?`?__WGA@?GC?WG?WG?KC?B@??[G??p_?@x,[(22-23)-(20-21)-(15-16)-(13-14)-(12-19)-(10-18)-(9-17)-(7-8)-(6-11)-(4-5)-(2-3)-(0-1)],9.512901306152344e-05,0.08629012107849121,10,True,10
W|fIB?pEGW_o?`?__WGA@?GC?WG?WG?KC?B@??[G??p_?@x,[(22-23)-(20-21)-(15-16)-(13-14)-(12-19)-(10-18)-(9-17)-(7-8)-(6-11)-(4-5)-(2-3)-(0-1)],9.489059448242188e-05,1.1052114963531494,6,True,25
W|fIB?pEGW_o?`?__WGA@?GC?WG?WG?KC?B@??[G??p_?@x,[(20-22)-(16-23)-(15-21)-(13-14)-(12-19)-(10-18)-(9-17)-(7-8)-(6-11)-(4-5)-(2-3)-(0-1)],9.489059448242188e-05,0.04562735557556152,12,True,12
W|fIB?pEGW_o?`?__WGA@?GC?WG?WG?KC?B@??[G??p_?@x,[(20-22)-(16-23)-(15-21)-(13-14)-(12-19)-(10-18)-(9-17)-(7-8)-(6-11)-(4-5)-(2-3)-(0-1)],9.5367431640625e-05,0.024378299713134766,7,True,7
W|fIB?pEGW_o?`?__WGA@?GC?WG?WG?KC?B@??[G??p_?@x,[(20-21)-(16-23)-(15-22)-(13-14)-(12-19)-(10-18)-(9-17)-(7-8)-(6-11)-(4-5)-(2-3)-(0-1)],9.489059448242188e-05,1.0821497440338135,15,True,23
W|fIB?pEGW_o?`?__WGA@?GC?WG?WG?KC?B@??[G??p_?@x,[(20-21)-(16-23)-(15-22)-(13-14)-(12-19)-(10-18)-(9-17)-(7-8)-(6-11)-(4-5)-(2-3)-(0-1)],9.870529174804688e-05,0.08951044082641602,5,True,10
W|fIB?pEGW_o?`?__WGA@?GC?WG?WG?KC?B@??[G??p_?@x,[(19-23)-(16-22)-(14-15)-(13-21)-(12-20)-(10-18)-(9-17)-(7-8)-(6-11)-(4-5)-(2-3)-(0-1)],9.417533874511719e-05,0.021981000900268555,7,True,7
W|fIB?pEGW_o?`?__WGA@?GC?WG?WG?KC?B@??[G??p_?@x,[(19-23)-(16-22)-(14-15)-(13-21)-(12-20)-(10-18)-(9-17)-(7-8)-(6-11)-(4-5)-(2-3)-(0-1)],9.34600830078125e-05,0.023957252502441406,4,True,5
W|fIB?pEGW_o?`?__WGA@?GC?WG?WG?KC?B@??[G??p_?@x,[(21-22)-(19-23)-(15-16)-(13-14)-(12-20)-(10-18)-(9-17)-(7-8)-(6-11)-(4-5)-(2-3)-(0-1)],9.322166442871094e-05,0.012098073959350586,4,True,4
W|fIB?pEGW_o?`?__WGA@?GC?WG?WG?KC?B@??[G??p_?@x,[(21-22)-(19-23)-(15-16)-(13-14)-(12-20)-(10-18)-(9-17)-(7-8)-(6-11)-(4-5)-(2-3)-(0-1)],9.298324584960938e-05,0.1833820343017578,12,True,12
W|fIB?pEGW_o?`?__WGA@?GC?WG?WG?KC?B@??[G??p_?@x,[(19-23)-(16-22)-(15-21)-(13-14)-(12-20)-(10-18)-(9-17)-(7-8)-(6-11)-(4-5)-(2-3)-(0-1)],9.632110595703125e-05,0.01865839958190918,6,True,6
W|fIB?pEGW_o?`?__WGA@?GC?WG?WG?KC?B@??[G??p_?@x,[(19-23)-(16-22)-(15-21)-(13-14)-(12-20)-(10-18)-(9-17)-(7-8)-(6-11)-(4-5)-(2-3)-(0-1)],9.775161743164062e-05,0.03244352340698242,9,True,9
WtfIID_GH_b@B@?__WGA@?WC?oG?_G?OC?F@??WW??e_?Bp,[(18-23)-(15-22)-(14-21)-(12-13)-(11-20)-(10-19)-(9-17)-(8-16)-(6-7)-(4-5)-(2-3)-(0-1)],9.083747863769531e-05,0.01754450798034668,6,True,6
WtfIID_GH_b@B@?__WGA@?WC?oG?_G?OC?F@??WW??e_?Bp,[(18-23)-(15-22)-(14-21)-(12-13)-(11-20)-(10-19)-(9-17)-(8-16)-(6-7)-(4-5)-(2-3)-(0-1)],9.775161743164062e-05,0.012235403060913086,4,True,4
WtfIID_GH_b@B@?__WGA@?WC?oG?_G?OC?F@??WW??e_?Bp,[(18-22)-(15-23)-(14-21)-(12-13)-(11-20)-(10-19)-(9-17)-(8-16)-(6-7)-(4-5)-(2-3)-(0-1)],9.822845458984375e-05,0.42401790618896484,7,True,10
WtfIID_GH_b@B@?__WGA@?WC?oG?_G?OC?F@??WW??e_?Bp,[(18-22)-(15-23)-(14-21)-(12-13)-(11-20)-(10-19)-(9-17)-(8-16)-(6-7)-(4-5)-(2-3)-(0-1)],9.870529174804688e-05,0.015640735626220703,5,True,5
WtfIID_GH_b@B@?__WGA@?WC?oG?_G?OC?F@??WW??e_?Bp,[(21-22)-(18-23)-(14-15)-(12-13)-(11-20)-(10-19)-(9-17)-(8-16)-(6-7)-(4-5)-(2-3)-(0-1)],9.72747802734375e-05,0.11822748184204102,12,True,12
WtfIID_GH_b@B@?__WGA@?WC?oG?_G?OC?F@??WW??e_?Bp,[(21-22)-(18-23)-(14-15)-(12-13)-(11-20)-(10-19)-(9-17)-(8-16)-(6-7)-(4-5)-(2-3)-(0-1)],9.965896606445312e-05,0.028890371322631836,6,True,6
WtfIID_GH_b@B@?__WGA@?WC?oG?_G?OC?F@??WW??e_?Bp,[(18-23)-(15-22)-(14-21)-(13-20)-(11-12)-(10-19)-(9-17)-(8-16)-(6-7)-(4-5)-(2-3)-(0-1)],9.560585021972656e-05,0.01775813102722168,4,True,4
WtfIID_GH_b@B@?__WGA@?WC?oG?_G?OC?F@??WW??e_?Bp,[(18-23)-(15-22)-(14-21)-(13-20)-(11-12)-(10-19)-(9-17)-(8-16)-(6-7)-(4-5)-(2-3)-(0-1)],9.369850158691406e-05,0.015576601028442383,4,True,4
WtfIID_GH_b@B@?__WGA@?WC?oG?_G?OC?F@??WW??e_?Bp,[(18-22)-(15-23)-(14-21)-(13-20)-(11-12)-(10-19)-(9-17)-(8-16)-(6-7)-(4-5)-(2-3)-(0-1)],9.465217590332031e-05,0.030530452728271484,5,True,5
WtfIID_GH_b@B@?__WGA@?WC?oG?_G?OC?F@??WW??e_?Bp,[(18-22)-(15-23)-(14-21)-(13-20)-(11-12)-(10-19)-(9-17)-(8-16)-(6-7)-(4-5)-(2-3)-(0-1)],9.274482727050781e-05,0.009186983108520508,3,True,3
WtfIID_GH_b@B@?__WGA@?WC?oG?_G?OC?F@??WW??e_?Bp,[(21-22)-(18-23)-(14-15)-(13-20)-(11-12)-(10-19)-(9-17)-(8-16)-(6-7)-(4-5)-(2-3)-(0-1)],9.322166442871094e-05,0.014847278594970703,4,True,4
WtfIID_GH_b@B@?__WGA@?WC?oG?_G?OC?F@??WW??e_?Bp,[(21-22)-(18-23)-(14-15)-(13-20)-(11-12)-(10-19)-(9-17)-(8-16)-(6-7)-(4-5)-(2-3)-(0-1)],9.274482727050781e-05,1.7961997985839844,0,False,13
WtfIID_GH_b@B@?__WGA@?WC?oG?_G?OC?F@??WW??e_?Bp,[(20-21)-(18-23)-(15-22)-(13-14)-(11-12)-(10-19)-(9-17)-(8-16)-(6-7)-(4-5)-(2-3)-(0-1)],9.465217590332031e-05,0.01883387565612793,6,True,6
WtfIID_GH_b@B@?__WGA@?WC?oG?_G?OC?F@??WW??e_?Bp,[(20-21)-(18-23)-(15-22)-(13-14)-(11-12)-(10-19)-(9-17)-(8-16)-(6-7)-(4-5)-(2-3)-(0-1)],9.393692016601562e-05,0.027704477310180664,0,False,3
WtfIID_GH_b@B@?__WGA@?WC?oG?_G?OC?F@??WW??e_?Bp,[(20-21)-(18-22)-(15-23)-(13-14)-(11-12)-(10-19)-(9-17)-(8-16)-(6-7)-(4-5)-(2-3)-(0-1)],9.34600830078125e-05,0.5861833095550537,8,True,12
WtfIID_GH_b@B@?__WGA@?WC?oG?_G?OC?F@??WW??e_?Bp,[(20-21)-(18-22)-(15-23)-(13-14)-(11-12)-(10-19)-(9-17)-(8-16)-(6-7)-(4-5)-(2-3)-(0-1)],0.00010037422180175781,0.008802413940429688,3,True,3
WtfIID_GH_b@B@?__WGA@?WC?oG?_G?OC?F@??WW??e_?Bp,[(22-23)-(18-19)-(14-15)-(13-21)-(12-20)-(10-11)-(9-17)-(8-16)-(6-7)-(4-5)-(2-3)-(0-1)],0.00010085105895996094,0.008912086486816406,3,True,3
WtfIID_GH_b@B@?__WGA@?WC?oG?_G?OC?F@??WW??e_?Bp,[(22-23)-(18-19)-(14-15)-(13-21)-(12-20)-(10-11)-(9-17)-(8-16)-(6-7)-(4-5)-(2-3)-(0-1)],9.322166442871094e-05,0.027190208435058594,7,True,7
WtfIID_GH_b@B@?__WGA@?WC?oG?_G?OC?F@??WW??e_?Bp,[(19-22)-(18-23)-(14-15)-(13-21)-(12-20)-(10-11)-(9-17)-(8-16)-(6-7)-(4-5)-(2-3)-(0-1)],9.393692016601562e-05,0.03165555000305176,9,True,9
WtfIID_GH_b@B@?__WGA@?WC?oG?_G?OC?F@??WW??e_?Bp,[(19-22)-(18-23)-(14-15)-(13-21)-(12-20)-(10-11)-(9-17)-(8-16)-(6-7)-(4-5)-(2-3)-(0-1)],9.417533874511719e-05,0.016081809997558594,5,True,5
WtfIID`G@_b@B@?__WGB??KC?OG?_G?]C?@a??KG??w_??v,[(18-23)-(15-22)-(14-21)-(13-20)-(11-12)-(10-19)-(9-17)-(8-16)-(6-7)-(4-5)-(2-3)-(0-1)],9.036064147949219e-05,0.005904436111450195,2,True,2
WtfIID`G@_b@B@?__WGB??KC?OG?_G?]C?@a??KG??w_??v,[(18-23)-(15-22)-(14-21)-(13-20)-(11-12)-(10-19)-(9-17)-(8-16)-(6-7)-(4-5)-(2-3)-(0-1)],9.489059448242188e-05,0.011163473129272461,0,False,2
WtfIID`G@_b@B@?__WGB??KC?OG?_G?]C?@a??KG??w_??v,[(22-23)-(18-20)-(15-21)-(13-14)-(11-12)-(10-19)-(9-17)-(8-16)-(6-7)-(4-5)-(2-3)-(0-1)],9.799003601074219e-05,0.0035851001739501953,1,True,1
WtfIID`G@_b@B@?__WGB??KC?OG?_G?]C?@a??KG??w_??v,[(22-23)-(18-20)-(15-21)-(13-14)-(11-12)-(10-19)-(9-17)-(8-16)-(6-7)-(4-5)-(2-3)-(0-1)],9.226799011230469e-05,0.019223928451538086,6,True,6
WtfIID`G@_b@B@?__WGB??KC?OG?_G?]C?@a??KG??w_??v,[(21-23)-(18-20)-(15-22)-(13-14)-(11-12)-(10-19)-(9-17)-(8-16)-(6-7)-(4-5)-(2-3)-(0-1)],9.393692016601562e-05,0.008451461791992188,3,True,3
WtfIID`G@_b@B@?__WGB??KC?OG?_G?]C?@a??KG??w_??v,[(21-23)-(18-20)-(15-22)-(13-14)-(11-12)-(10-19)-(9-17)-(8-16)-(6-7)-(4-5)-(2-3)-(0-1)],9.250640869140625e-05,0.008220434188842773,2,True,2
WtfIID`G@_b@B@?__WGB??KC?OG?_G?]C?@a??KG??w_??v,[(20-21)-(18-23)-(15-22)-(13-14)-(11-12)-(10-19)-(9-17)-(8-16)-(6-7)-(4-5)-(2-3)-(0-1)],9.393692016601562e-05,0.0060765743255615234,2,True,2
WtfIID`G@_b@B@?__WGB??KC?OG?_G?]C?@a??KG??w_??v,[(20-21)-(18-23)-(15-22)-(13-14)-(11-12)-(10-19)-(9-17)-(8-16)-(6-7)-(4-5)-(2-3)-(0-1)],9.298324584960938e-05,0.011665582656860352,4,True,4
WtfIID`G@_b@B@?__WGB??KC?OG?_G?]C?@a??KG??w_??v,[(18-23)-(15-22)-(14-21)-(13-20)-(12-19)-(10-11)-(9-17)-(8-16)-(6-7)-(4-5)-(2-3)-(0-1)],9.226799011230469e-05,0.008176088333129883,3,True,3
WtfIID`G@_b@B@?__WGB??KC?OG?_G?]C?@a??KG??w_??v,[(18-23)-(15-22)-(14-21)-(13-20)-(12-19)-(10-11)-(9-17)-(8-16)-(6-7)-(4-5)-(2-3)-(0-1)],9.226799011230469e-05,0.018257856369018555,4,True,4
WtfIID`G@_b@B@?__WGB??KC?OG?_G?]C?@a??KG??w_??v,[(22-23)-(18-20)-(15-21)-(13-14)-(12-19)-(10-11)-(9-17)-(8-16)-(6-7)-(4-5)-(2-3)-(0-1)],9.226799011230469e-05,0.04156661033630371,5,True,5
WtfIID`G@_b@B@?__WGB??KC?OG?_G?]C?@a??KG??w_??v,[(22-23)-(18-20)-(15-21)-(13-14)-(12-19)-(10-11)-(9-17)-(8-16)-(6-7)-(4-5)-(2-3)-(0-1)],9.250640869140625e-05,0.025975942611694336,7,True,7
WtfIID`G@_b@B@?__WGB??KC?OG?_G?]C?@a??KG??w_??v,[(21-23)-(18-20)-(15-22)-(13-14)-(12-19)-(10-11)-(9-17)-(8-16)-(6-7)-(4-5)-(2-3)-(0-1)],9.34600830078125e-05,0.017207860946655273,4,True,4
WtfIID`G@_b@B@?__WGB??KC?OG?_G?]C?@a??KG??w_??v,[(21-23)-(18-20)-(15-22)-(13-14)-(12-19)-(10-11)-(9-17)-(8-16)-(6-7)-(4-5)-(2-3)-(0-1)],9.5367431640625e-05,0.003492593765258789,1,True,1
WtfIID`G@_b@B@?__WGB??KC?OG?_G?]C?@a??KG??w_??v,[(20-21)-(18-23)-(15-22)-(13-14)-(12-19)-(10-11)-(9-17)-(8-16)-(6-7)-(4-5)-(2-3)-(0-1)],9.393692016601562e-05,0.02787327766418457,5,True,5
WtfIID`G@_b@B@?__WGB??KC?OG?_G?]C?@a??KG??w_??v,[(20-21)-(18-23)-(15-22)-(13-14)-(12-19)-(10-11)-(9-17)-(8-16)-(6-7)-(4-5)-(2-3)-(0-1)],9.322166442871094e-05,0.01182246208190918,4,True,4
WtfIID`G@_b@B@?__WGB??KC?OG?_G?]C?@a??KG??w_??v,[(22-23)-(18-19)-(15-21)-(14-20)-(12-13)-(10-11)-(9-17)-(8-16)-(6-7)-(4-5)-(2-3)-(0-1)],9.34600830078125e-05,0.005833148956298828,2,True,2
WtfIID`G@_b@B@?__WGB??KC?OG?_G?]C?@a??KG??w_??v,[(22-23)-(18-19)-(15-21)-(14-20)-(12-13)-(10-11)-(9-17)-(8-16)-(6-7)-(4-5)-(2-3)-(0-1)],9.1552734375e-05,0.07416224479675293,0,False,4
WtfIID`G@_b@B@?__WGB??KC?OG?_G?]C?@a??KG??w_??v,[(21-23)-(18-19)-(15-22)-(14-20)-(12-13)-(10-11)-(9-17)-(8-16)-(6-7)-(4-5)-(2-3)-(0-1)],9.608268737792969e-05,0.006190776824951172,2,True,2
WtfIID`G@_b@B@?__WGB??KC?OG?_G?]C?@a??KG??w_??v,[(21-23)-(18-19)-(15-22)-(14-20)-(12-13)-(10-11)-(9-17)-(8-16)-(6-7)-(4-5)-(2-3)-(0-1)],9.489059448242188e-05,0.014646053314208984,3,True,3
W|eIID@GH_b@B@@_?WGB??KC?OG?[G?EC?@`??KG??w_??n,[(22-23)-(15-21)-(14-20)-(13-19)-(11-12)-(10-18)-(9-17)-(8-16)-(6-7)-(4-5)-(2-3)-(0-1)],9.202957153320312e-05,0.005986928939819336,2,True,2
W|eIID@GH_b@B@@_?WGB??KC?OG?[G?EC?@`??KG??w_??n,[(22-23)-(15-21)-(14-20)-(13-19)-(11-12)-(10-18)-(9-17)-(8-16)-(6-7)-(4-5)-(2-3)-(0-1)],9.5367431640625e-05,0.01712512969970703,5,True,5
W|eIID@GH_b@B@@_?WGB??KC?OG?[G?EC?@`??KG??w_??n,[(21-23)-(15-22)-(14-20)-(13-19)-(11-12)-(10-18)-(9-17)-(8-16)-(6-7)-(4-5)-(2-3)-(0-1)],9.870529174804688e-05,0.3317267894744873,5,True,8
W|eIID@GH_b@B@@_?WGB??KC?OG?[G?EC?@`??KG??w_??n,[(21-23)-(15-22)-(14-20)-(13-19)-(11-12)-(10-18)-(9-17)-(8-16)-(6-7)-(4-5)-(2-3)-(0-1)],9.799003601074219e-05,0.008867979049682617,3,True,3
W|eIID@GH_b@B@@_?WGB??KC?OG?[G?EC?@`??KG??w_??n,[(20-23)-(15-22)-(14-21)-(13-19)-(11-12)-(10-18)-(9-17)-(8-16)-(6-7)-(4-5)-(2-3)-(0-1)],9.72747802734375e-05,0.020828962326049805,6,True,6
W|eIID@GH_b@B@@_?WGB??KC?OG?[G?EC?@`??KG??w_??n,[(20-23)-(15-22)-(14-21)-(13-19)-(11-12)-(10-18)-(9-17)-(8-16)-(6-7)-(4-5)-(2-3)-(0-1)],9.250640869140625e-05,0.011983871459960938,4,True,4
W|eIID@GH_b@B@@_?WGB??KC?OG?[G?EC?@`??KG??w_??n,[(19-23)-(15-22)-(14-21)-(13-20)-(11-12)-(10-18)-(9-17)-(8-16)-(6-7)-(4-5)-(2-3)-(0-1)],9.34600830078125e-05,0.008807182312011719,3,True,3
W|eIID@GH_b@B@@_?WGB??KC?OG?[G?EC?@`??KG??w_??n,[(19-23)-(15-22)-(14-21)-(13-20)-(11-12)-(10-18)-(9-17)-(8-16)-(6-7)-(4-5)-(2-3)-(0-1)],9.870529174804688e-05,0.015930891036987305,3,True,3
W|eIID@GH_b@B@@_?WGB??KC?OG?[G?EC?@`??KG??w_??n,[(22-23)-(19-20)-(15-21)-(13-14)-(11-12)-(10-18)-(9-17)-(8-16)-(6-7)-(4-5)-(2-3)-(0-1)],9.560585021972656e-05,0.015569448471069336,5,True,5
W|eIID@GH_b@B@@_?WGB??KC?OG?[G?EC?@`??KG??w_??n,[(22-23)-(19-20)-(15-21)-(13-14)-(11-12)-(10-18)-(9-17)-(8-16)-(6-7)-(4-5)-(2-3)-(0-1)],9.393692016601562e-05,0.013346433639526367,4,True,4
W|eIID@GH_b@B@@_?WGB??KC?OG?[G?EC?@`??KG??w_??n,[(21-23)-(19-20)-(15-22)-(13-14)-(11-12)-(10-18)-(9-17)-(8-16)-(6-7)-(4-5)-(2-3)-(0-1)],9.393692016601562e-05,0.005837202072143555,2,True,2
W|eIID@GH_b@B@@_?WGB??KC?OG?[G?EC?@`??KG??w_??n,[(21-23)-(19-20)-(15-22)-(13-14)-(11-12)-(10-18)-(9-17)-(8-16)-(6-7)-(4-5)-(2-3)-(0-1)],9.202957153320312e-05,0.012050867080688477,4,True,4
W|eIID@GH_b@B@@_?WGB??KC?OG?[G?EC?@`??KG??w_??n,[(20-21)-(19-23)-(15-22)-(13-14)-(11-12)-(10-18)-(9-17)-(8-16)-(6-7)-(4-5)-(2-3)-(0-1)],9.322166442871094e-05,0.03418755531311035,4,True,4
W|eIID@GH_b@B@@_?WGB??KC?OG?[G?EC?@`??KG??w_??n,[(20-21)-(19-23)-(15-22)-(13-14)-(11-12)-(10-18)-(9-17)-(8-16)-(6-7)-(4-5)-(2-3)-(0-1)],9.274482727050781e-05,0.023263216018676758,7,True,7
W|eIID@GH_b@B@@_?WGB??KC?OG?[G?EC?@`??KG??w_??n,[(22-23)-(15-21)-(14-20)-(13-19)-(12-18)-(10-11)-(9-17)-(8-16)-(6-7)-(4-5)-(2-3)-(0-1)],9.369850158691406e-05,0.008592367172241211,3,True,3
W|eIID@GH_b@B@@_?WGB??KC?OG?[G?EC?@`??KG??w_??n,[(22-23)-(15-21)-(14-20)-(13-19)-(12-18)-(10-11)-(9-17)-(8-16)-(6-7)-(4-5)-(2-3)-(0-1)],9.1552734375e-05,0.04184532165527344,8,True,8
W|eIID@GH_b@B@@_?WGB??KC?OG?[G?EC?@`??KG??w_??n,[(21-23)-(15-22)-(14-20)-(13-19)-(12-18)-(10-11)-(9-17)-(8-16)-(6-7)-(4-5)-(2-3)-(0-1)],9.822845458984375e-05,0.13520145416259766,8,True,8
W|eIID@GH_b@B@@_?WGB??KC?OG?[G?EC?@`??KG??w_??n,[(21-23)-(15-22)-(14-20)-(13-19)-(12-18)-(10-11)-(9-17)-(8-16)-(6-7)-(4-5)-(2-3)-(0-1)],9.250640869140625e-05,0.022501707077026367,4,True,4
W|eIID@GH_b@B@@_?WGB??KC?OG?[G?EC?@`??KG??w_??n,[(20-23)-(15-22)-(14-21)-(13-19)-(12-18)-(10-11)-(9-17)-(8-16)-(6-7)-(4-5)-(2-3)-(0-1)],9.369850158691406e-05,0.03496193885803223,9,True,9
W|eIID@GH_b@B@@_?WGB??KC?OG?[G?EC?@`??KG??w_??n,[(20-23)-(15-22)-(14-21)-(13-19)-(12-18)-(10-11)-(9-17)-(8-16)-(6-7)-(4-5)-(2-3)-(0-1)],9.393692016601562e-05,0.022359848022460938,7,True,7
W|eIAD`KGo``@@@__OGE??WC?WG?K??FC??b??KG??w_??v,[(22-23)-(15-21)-(14-20)-(13-19)-(12-18)-(10-11)-(9-17)-(8-16)-(6-7)-(4-5)-(2-3)-(0-1)],9.012222290039062e-05,0.005741596221923828,2,True,2
W|eIAD`KGo``@@@__OGE??WC?WG?K??FC??b??KG??w_??v,[(22-23)-(15-21)-(14-20)-(13-19)-(12-18)-(10-11)-(9-17)-(8-16)-(6-7)-(4-5)-(2-3)-(0-1)],9.298324584960938e-05,0.012833356857299805,4,True,4
W|eIAD`KGo``@@@__OGE??WC?WG?K??FC??b??KG??w_??v,[(21-23)-(15-22)-(14-20)-(13-19)-(12-18)-(10-11)-(9-17)-(8-16)-(6-7)-(4-5)-(2-3)-(0-1)],9.965896606445312e-05,1.4383554458618164,0,False,15
W|eIAD`KGo``@@@__OGE??WC?WG?K??FC??b??KG??w_??v,[(21-23)-(15-22)-(14-20)-(13-19)-(12-18)-(10-11)-(9-17)-(8-16)-(6-7)-(4-5)-(2-3)-(0-1)],9.5367431640625e-05,0.008217811584472656,3,True,3
W|eIAD`KGo``@@@__OGE??WC?WG?K??FC??b??KG??w_??v,[(20-23)-(15-22)-(14-21)-(13-19)-(12-18)-(10-11)-(9-17)-(8-16)-(6-7)-(4-5)-(2-3)-(0-1)],9.632110595703125e-05,0.027265548706054688,5,True,5
W|eIAD`KGo``@@@__OGE??WC?WG?K??FC??b??KG??w_??v,[(20-23)-(15-22)-(14-21)-(13-19)-(12-18)-(10-11)-(9-17)-(8-16)-(6-7)-(4-5)-(2-3)-(0-1)],9.584426879882812e-05,0.020865678787231445,6,True,6
W|eIAD`KGo``@@@__OGE??WC?WG?K??FC??b??KG??w_??v,[(22-23)-(19-20)-(15-21)-(13-14)-(12-18)-(10-11)-(9-17)-(8-16)-(6-7)-(4-5)-(2-3)-(0-1)],9.274482727050781e-05,0.008312225341796875,3,True,3
W|eIAD`KGo``@@@__OGE??WC?WG?K??FC??b??KG??w_??v,[(22-23)-(19-20)-(15-21)-(13-14)-(12-18)-(10-11)-(9-17)-(8-16)-(6-7)-(4-5)-(2-3)-(0-1)],9.202957153320312e-05,0.02012944221496582,6,True,6
W|eIAD`KGo``@@@__OGE??WC?WG?K??FC??b??KG??w_??v,[(21-23)-(19-20)-(15-22)-(13-14)-(12-18)-(10-11)-(9-17)-(8-16)-(6-7)-(4-5)-(2-3)-(0-1)],9.274482727050781e-05,0.0059986114501953125,2,True,2
W|eIAD`KGo``@@@__OGE??WC?WG?K??FC??b??KG??w_??v,[(21-23)-(19-20)-(15-22)-(13-14)-(12-18)-(10-11)-(9-17)-(8-16)-(6-7)-(4-5)-(2-3)-(0-1)],9.298324584960938e-05,0.044977426528930664,3,True,3
W|eIAD`KGo``@@@__OGE??WC?WG?K??FC??b??KG??w_??v,[(22-23)-(18-20)-(15-21)-(13-14)-(12-19)-(10-11)-(9-17)-(8-16)-(6-7)-(4-5)-(2-3)-(0-1)],9.34600830078125e-05,0.008563995361328125,3,True,3
W|eIAD`KGo``@@@__OGE??WC?WG?K??FC??b??KG??w_??v,[(22-23)-(18-20)-(15-21)-(13-14)-(12-19)-(10-11)-(9-17)-(8-16)-(6-7)-(4-5)-(2-3)-(0-1)],9.1552734375e-05,0.01439809799194336,5,True,5
W|eIAD`KGo``@@@__OGE??WC?WG?K??FC??b??KG??w_??v,[(21-23)-(18-20)-(15-22)-(13-14)-(12-19)-(10-11)-(9-17)-(8-16)-(6-7)-(4-5)-(2-3)-(0-1)],9.322166442871094e-05,0.005835533142089844,2,True,2
W|eIAD`KGo``@@@__OGE??WC?WG?K??FC??b??KG??w_??v,[(21-23)-(18-20)-(15-22)-(13-14)-(12-19)-(10-11)-(9-17)-(8-16)-(6-7)-(4-5)-(2-3)-(0-1)],9.34600830078125e-05,0.01400303840637207,0,False,2
W|eIAD`KGo``@@@__OGE??WC?WG?K??FC??b??KG??w_??v,[(20-21)-(18-23)-(15-22)-(13-14)-(12-19)-(10-11)-(9-17)-(8-16)-(6-7)-(4-5)-(2-3)-(0-1)],9.34600830078125e-05,1.2785582542419434,0,False,6
W|eIAD`KGo``@@@__OGE??WC?WG?K??FC??b??KG??w_??v,[(20-21)-(18-23)-(15-22)-(13-14)-(12-19)-(10-11)-(9-17)-(8-16)-(6-7)-(4-5)-(2-3)-(0-1)],9.584426879882812e-05,0.006348133087158203,2,True,2
W|eIAD`KGo``@@@__OGE??WC?WG?K??FC??b??KG??w_??v,[(22-23)-(18-20)-(15-21)-(14-19)-(12-13)-(10-11)-(9-17)-(8-16)-(6-7)-(4-5)-(2-3)-(0-1)],9.512901306152344e-05,0.008503437042236328,3,True,3
W|eIAD`KGo``@@@__OGE??WC?WG?K??FC??b??KG??w_??v,[(22-23)-(18-20)-(15-21)-(14-19)-(12-13)-(10-11)-(9-17)-(8-16)-(6-7)-(4-5)-(2-3)-(0-1)],9.417533874511719e-05,0.014728784561157227,5,True,5
W|eIAD`KGo``@@@__OGE??WC?WG?K??FC??b??KG??w_??v,[(21-23)-(18-20)-(15-22)-(14-19)-(12-13)-(10-11)-(9-17)-(8-16)-(6-7)-(4-5)-(2-3)-(0-1)],9.34600830078125e-05,0.008274078369140625,3,True,3
W|eIAD`KGo``@@@__OGE??WC?WG?K??FC??b??KG??w_??v,[(21-23)-(18-20)-(15-22)-(14-19)-(12-13)-(10-11)-(9-17)-(8-16)-(6-7)-(4-5)-(2-3)-(0-1)],9.250640869140625e-05,0.014394521713256836,5,True,5
WtfII@`GH_B@B`?`_WGA@?[??OG?oG?OC?@p??CW??w_??z,[(19-23)-(17-22)-(15-21)-(14-20)-(11-13)-(10-18)-(8-9)-(7-16)-(6-12)-(4-5)-(2-3)-(0-1)],9.059906005859375e-05,0.014218568801879883,5,True,5
WtfII@`GH_B@B`?`_WGA@?[??OG?oG?OC?@p??CW??w_??z,[(19-23)-(17-22)-(15-21)-(14-20)-(11-13)-(10-18)-(8-9)-(7-16)-(6-12)-(4-5)-(2-3)-(0-1)],9.5367431640625e-05,0.00853729248046875,3,True,3
WtfII@`GH_B@B`?`_WGA@?[??OG?oG?OC?@p??CW??w_??z,[(19-21)-(17-23)-(15-22)-(14-20)-(11-13)-(10-18)-(8-9)-(7-16)-(6-12)-(4-5)-(2-3)-(0-1)],9.560585021972656e-05,1.4123096466064453,0,False,13
WtfII@`GH_B@B`?`_WGA@?[??OG?oG?OC?@p??CW??w_??z,[(19-21)-(17-23)-(15-22)-(14-20)-(11-13)-(10-18)-(8-9)-(7-16)-(6-12)-(4-5)-(2-3)-(0-1)],9.34600830078125e-05,0.017415761947631836,4,True,4
WtfII@`GH_B@B`?`_WGA@?[??OG?oG?OC?@p??CW??w_??z,[(21-23)-(19-20)-(17-22)-(14-15)-(11-13)-(10-18)-(8-9)-(7-16)-(6-12)-(4-5)-(2-3)-(0-1)],9.393692016601562e-05,0.014253854751586914,4,True,4
WtfII@`GH_B@B`?`_WGA@?[??OG?oG?OC?@p??CW??w_??z,[(21-23)-(19-20)-(17-22)-(14-15)-(11-13)-(10-18)-(8-9)-(7-16)-(6-12)-(4-5)-(2-3)-(0-1)],9.298324584960938e-05,0.017745018005371094,4,True,4
WtfII@`GH_B@B`?`_WGA@?[??OG?oG?OC?@p??CW??w_??z,[(20-21)-(19-23)-(17-22)-(14-15)-(11-13)-(10-18)-(8-9)-(7-16)-(6-12)-(4-5)-(2-3)-(0-1)],9.465217590332031e-05,0.02094268798828125,7,True,7
WtfII@`GH_B@B`?`_WGA@?[??OG?oG?OC?@p??CW??w_??z,[(20-21)-(19-23)-(17-22)-(14-15)-(11-13)-(10-18)-(8-9)-(7-16)-(6-12)-(4-5)-(2-3)-(0-1)],9.465217590332031e-05,0.01170492172241211,4,True,4
WtfII@`GH_B@B`?`_WGA@?[??OG?oG?OC?@p??CW??w_??z,[(21-22)-(19-20)-(17-23)-(14-15)-(11-13)-(10-18)-(8-9)-(7-16)-(6-12)-(4-5)-(2-3)-(0-1)],9.417533874511719e-05,1.2706494331359863,0,False,8
WtfII@`GH_B@B`?`_WGA@?[??OG?oG?OC?@p??CW??w_??z,[(21-22)-(19-20)-(17-23)-(14-15)-(11-13)-(10-18)-(8-9)-(7-16)-(6-12)-(4-5)-(2-3)-(0-1)],0.00010085105895996094,0.008740663528442383,3,True,3
WtfII@`GH_B@B`?`_WGA@?[??OG?oG?OC?@p??CW??w_??z,[(22-23)-(17-18)-(15-21)-(14-20)-(11-13)-(10-19)-(8-9)-(7-16)-(6-12)-(4-5)-(2-3)-(0-1)],9.751319885253906e-05,0.011044502258300781,4,True,4
WtfII@`GH_B@B`?`_WGA@?[??OG?oG?OC?@p??CW??w_??z,[(22-23)-(17-18)-(15-21)-(14-20)-(11-13)-(10-19)-(8-9)-(7-16)-(6-12)-(4-5)-(2-3)-(0-1)],9.560585021972656e-05,0.01563715934753418,5,True,5
WtfII@`GH_B@B`?`_WGA@?[??OG?oG?OC?@p??CW??w_??z,[(18-23)-(17-22)-(15-21)-(14-20)-(11-13)-(10-19)-(8-9)-(7-16)-(6-12)-(4-5)-(2-3)-(0-1)],9.441375732421875e-05,0.014233112335205078,5,True,5
WtfII@`GH_B@B`?`_WGA@?[??OG?oG?OC?@p??CW??w_??z,[(18-23)-(17-22)-(15-21)-(14-20)-(11-13)-(10-19)-(8-9)-(7-16)-(6-12)-(4-5)-(2-3)-(0-1)],9.322166442871094e-05,0.008507013320922852,3,True,3
WtfII@`GH_B@B`?`_WGA@?[??OG?oG?OC?@p??CW??w_??z,[(21-23)-(17-18)-(15-22)-(14-20)-(11-13)-(10-19)-(8-9)-(7-16)-(6-12)-(4-5)-(2-3)-(0-1)],9.34600830078125e-05,0.010785818099975586,4,True,4
WtfII@`GH_B@B`?`_WGA@?[??OG?oG?OC?@p??CW??w_??z,[(21-23)-(17-18)-(15-22)-(14-20)-(11-13)-(10-19)-(8-9)-(7-16)-(6-12)-(4-5)-(2-3)-(0-1)],9.250640869140625e-05,0.015358686447143555,5,True,5
WtfII@`GH_B@B`?`_WGA@?[??OG?oG?OC?@p??CW??w_??z,[(22-23)-(20-21)-(17-18)-(14-15)-(11-13)-(10-19)-(8-9)-(7-16)-(6-12)-(4-5)-(2-3)-(0-1)],9.298324584960938e-05,0.04963946342468262,14,True,14
WtfII@`GH_B@B`?`_WGA@?[??OG?oG?OC?@p??CW??w_??z,[(22-23)-(20-21)-(17-18)-(14-15)-(11-13)-(10-19)-(8-9)-(7-16)-(6-12)-(4-5)-(2-3)-(0-1)],9.298324584960938e-05,0.024466991424560547,7,True,7
WtfII@`GH_B@B`?`_WGA@?[??OG?oG?OC?@p??CW??w_??z,[(20-21)-(18-23)-(17-22)-(14-15)-(11-13)-(10-19)-(8-9)-(7-16)-(6-12)-(4-5)-(2-3)-(0-1)],9.465217590332031e-05,0.04371523857116699,13,True,13
WtfII@`GH_B@B`?`_WGA@?[??OG?oG?OC?@p??CW??w_??z,[(20-21)-(18-23)-(17-22)-(14-15)-(11-13)-(10-19)-(8-9)-(7-16)-(6-12)-(4-5)-(2-3)-(0-1)],9.369850158691406e-05,0.011660099029541016,4,True,4
W|eIID`KGo`@@@@?_OGC@?PC@wG?K??EC?@`??KG??s_??^,[(22-23)-(15-21)-(14-20)-(13-19)-(12-18)-(11-16)-(9-10)-(8-17)-(6-7)-(4-5)-(2-3)-(0-1)],8.916854858398438e-05,0.011135578155517578,4,True,4
W|eIID`KGo`@@@@?_OGC@?PC@wG?K??EC?@`??KG??s_??^,[(22-23)-(15-21)-(14-20)-(13-19)-(12-18)-(11-16)-(9-10)-(8-17)-(6-7)-(4-5)-(2-3)-(0-1)],9.393692016601562e-05,0.03472900390625,0,False,3
W|eIID`KGo`@@@@?_OGC@?PC@wG?K??EC?@`??KG??s_??^,[(21-23)-(15-22)-(14-20)-(13-19)-(12-18)-(11-16)-(9-10)-(8-17)-(6-7)-(4-5)-(2-3)-(0-1)],9.584426879882812e-05,0.008955001831054688,3,True,3
W|eIID`KGo`@@@@?_OGC@?PC@wG?K??EC?@`??KG??s_??^,[(21-23)-(15-22)-(14-20)-(13-19)-(12-18)-(11-16)-(9-10)-(8-17)-(6-7)-(4-5)-(2-3)-(0-1)],9.34600830078125e-05,0.03534388542175293,0,False,3
W|eIID`KGo`@@@@?_OGC@?PC@wG?K??EC?@`??KG??s_??^,[(20-23)-(15-22)-(14-21)-(13-19)-(12-18)-(11-16)-(9-10)-(8-17)-(6-7)-(4-5)-(2-3)-(0-1)],9.489059448242188e-05,0.008709430694580078,3,True,3
W|eIID`KGo`@@@@?_OGC@?PC@wG?K??EC?@`??KG??s_??^,[(20-23)-(15-22)-(14-21)-(13-19)-(12-18)-(11-16)-(9-10)-(8-17)-(6-7)-(4-5)-(2-3)-(0-1)],9.489059448242188e-05,0.014072895050048828,0,False,2
W|eIID`KGo`@@@@?_OGC@?PC@wG?K??EC?@`??KG??s_??^,[(22-23)-(20-21)-(14-15)-(13-19)-(12-18)-(11-16)-(9-10)-(8-17)-(6-7)-(4-5)-(2-3)-(0-1)],9.465217590332031e-05,0.21612954139709473,0,False,4
W|eIID`KGo`@@@@?_OGC@?PC@wG?K??EC?@`??KG??s_??^,[(22-23)-(20-21)-(14-15)-(13-19)-(12-18)-(11-16)-(9-10)-(8-17)-(6-7)-(4-5)-(2-3)-(0-1)],9.655952453613281e-05,0.005815744400024414,2,True,2
W|eIID`KGo`@@@@?_OGC@?PC@wG?K??EC?@`??KG??s_??^,[(21-22)-(20-23)-(14-15)-(13-19)-(12-18)-(11-16)-(9-10)-(8-17)-(6-7)-(4-5)-(2-3)-(0-1)],9.703636169433594e-05,0.036046743392944336,0,False,3
W|eIID`KGo`@@@@?_OGC@?PC@wG?K??EC?@`??KG??s_??^,[(21-22)-(20-23)-(14-15)-(13-19)-(12-18)-(11-16)-(9-10)-(8-17)-(6-7)-(4-5)-(2-3)-(0-1)],9.632110595703125e-05,0.03544807434082031,0,False,3
W|eIID`KGo`@@@@?_OGC@?PC@wG?K??EC?@`??KG??s_??^,[(19-23)-(15-22)-(14-21)-(13-20)-(12-18)-(11-16)-(9-10)-(8-17)-(6-7)-(4-5)-(2-3)-(0-1)],9.417533874511719e-05,0.008582830429077148,3,True,3
W|eIID`KGo`@@@@?_OGC@?PC@wG?K??EC?@`??KG??s_??^,[(19-23)-(15-22)-(14-21)-(13-20)-(12-18)-(11-16)-(9-10)-(8-17)-(6-7)-(4-5)-(2-3)-(0-1)],9.274482727050781e-05,0.035112619400024414,0,False,3
W|eIID`KGo`@@@@?_OGC@?PC@wG?K??EC?@`??KG??s_??^,[(21-22)-(19-23)-(14-15)-(13-20)-(12-18)-(11-16)-(9-10)-(8-17)-(6-7)-(4-5)-(2-3)-(0-1)],9.393692016601562e-05,0.014040231704711914,0,False,2
W|eIID`KGo`@@@@?_OGC@?PC@wG?K??EC?@`??KG??s_??^,[(21-22)-(19-23)-(14-15)-(13-20)-(12-18)-(11-16)-(9-10)-(8-17)-(6-7)-(4-5)-(2-3)-(0-1)],9.369850158691406e-05,0.012033224105834961,4,True,4
W|eIID`KGo`@@@@?_OGC@?PC@wG?K??EC?@`??KG??s_??^,[(22-23)-(19-20)-(15-21)-(13-14)-(12-18)-(11-16)-(9-10)-(8-17)-(6-7)-(4-5)-(2-3)-(0-1)],9.465217590332031e-05,0.005809307098388672,2,True,2
W|eIID`KGo`@@@@?_OGC@?PC@wG?K??EC?@`??KG??s_??^,[(22-23)-(19-20)-(15-21)-(13-14)-(12-18)-(11-16)-(9-10)-(8-17)-(6-7)-(4-5)-(2-3)-(0-1)],9.369850158691406e-05,0.10367560386657715,0,False,4
W|eIID`KGo`@@@@?_OGC@?PC@wG?K??EC?@`??KG??s_??^,[(21-23)-(19-20)-(15-22)-(13-14)-(12-18)-(11-16)-(9-10)-(8-17)-(6-7)-(4-5)-(2-3)-(0-1)],9.393692016601562e-05,0.003530740737915039,1,True,1
W|eIID`KGo`@@@@?_OGC@?PC@wG?K??EC?@`??KG??s_??^,[(21-23)-(19-20)-(15-22)-(13-14)-(12-18)-(11-16)-(9-10)-(8-17)-(6-7)-(4-5)-(2-3)-(0-1)],9.322166442871094e-05,0.14702606201171875,0,False,6
W|eIID`KGo`@@@@?_OGC@?PC@wG?K??EC?@`??KG??s_??^,[(20-21)-(19-23)-(15-22)-(13-14)-(12-18)-(11-16)-(9-10)-(8-17)-(6-7)-(4-5)-(2-3)-(0-1)],9.846687316894531e-05,0.014895915985107422,5,True,5
W|eIID`KGo`@@@@?_OGC@?PC@wG?K??EC?@`??KG??s_??^,[(20-21)-(19-23)-(15-22)-(13-14)-(12-18)-(11-16)-(9-10)-(8-17)-(6-7)-(4-5)-(2-3)-(0-1)],9.775161743164062e-05,2.781747817993164,0,False,20
W|fIBCpEGW_`?`?__W?@p?@??EG?EG?AC?@`??MG??R_?@x,[(19-23)-(16-22)-(15-21)-(14-20)-(13-18)-(12-17)-(10-11)-(8-9)-(6-7)-(4-5)-(2-3)-(0-1)],9.417533874511719e-05,0.042298078536987305,7,True,7
W|fIBCpEGW_`?`?__W?@p?@??EG?EG?AC?@`??MG??R_?@x,[(19-23)-(16-22)-(15-21)-(14-20)-(13-18)-(12-17)-(10-11)-(8-9)-(6-7)-(4-5)-(2-3)-(0-1)],0.00010037422180175781,0.011670827865600586,3,True,3
W|fIBCpEGW_`?`?__W?@p?@??EG?EG?AC?@`??MG??R_?@x,[(19-22)-(16-23)-(15-21)-(14-20)-(13-18)-(12-17)-(10-11)-(8-9)-(6-7)-(4-5)-(2-3)-(0-1)],9.584426879882812e-05,0.03302407264709473,6,True,6
W|fIBCpEGW_`?`?__W?@p?@??EG?EG?AC?@`??MG??R_?@x,[(19-22)-(16-23)-(15-21)-(14-20)-(13-18)-(12-17)-(10-11)-(8-9)-(6-7)-(4-5)-(2-3)-(0-1)],9.417533874511719e-05,0.051992177963256836,9,True,9
W|fIBCpEGW_`?`?__W?@p?@??EG?EG?AC?@`??MG??R_?@x,[(22-23)-(19-20)-(16-21)-(14-15)-(13-18)-(12-17)-(10-11)-(8-9)-(6-7)-(4-5)-(2-3)-(0-1)],9.489059448242188e-05,0.01896524429321289,3,True,3
W|fIBCpEGW_`?`?__W?@p?@??EG?EG?AC?@`??MG??R_?@x,[(22-23)-(19-20)-(16-21)-(14-15)-(13-18)-(12-17)-(10-11)-(8-9)-(6-7)-(4-5)-(2-3)-(0-1)],9.322166442871094e-05,0.014468669891357422,5,True,5
W|fIBCpEGW_`?`?__W?@p?@??EG?EG?AC?@`??MG??R_?@x,[(20-22)-(19-23)-(16-21)-(14-15)-(13-18)-(12-17)-(10-11)-(8-9)-(6-7)-(4-5)-(2-3)-(0-1)],9.369850158691406e-05,0.014689207077026367,5,True,5
W|fIBCpEGW_`?`?__W?@p?@??EG?EG?AC?@`??MG??R_?@x,[(20-22)-(19-23)-(16-21)-(14-15)-(13-18)-(12-17)-(10-11)-(8-9)-(6-7)-(4-5)-(2-3)-(0-1)],9.274482727050781e-05,0.015500545501708984,5,True,5
W|fIBCpEGW_`?`?__W?@p?@??EG?EG?AC?@`??MG??R_?@x,[(20-21)-(19-23)-(16-22)-(14-15)-(13-18)-(12-17)-(10-11)-(8-9)-(6-7)-(4-5)-(2-3)-(0-1)],9.322166442871094e-05,0.01537466049194336,5,True,5
W|fIBCpEGW_`?`?__W?@p?@??EG?EG?AC?@`??MG??R_?@x,[(20-21)-(19-23)-(16-22)-(14-15)-(13-18)-(12-17)-(10-11)-(8-9)-(6-7)-(4-5)-(2-3)-(0-1)],9.202957153320312e-05,0.013753414154052734,3,True,3
W|fIBCpEGW_`?`?__W?@p?@??EG?EG?AC?@`??MG??R_?@x,[(21-22)-(19-20)-(16-23)-(14-15)-(13-18)-(12-17)-(10-11)-(8-9)-(6-7)-(4-5)-(2-3)-(0-1)],9.298324584960938e-05,0.1441936492919922,0,False,5
W|fIBCpEGW_`?`?__W?@p?@??EG?EG?AC?@`??MG??R_?@x,[(21-22)-(19-20)-(16-23)-(14-15)-(13-18)-(12-17)-(10-11)-(8-9)-(6-7)-(4-5)-(2-3)-(0-1)],9.274482727050781e-05,0.008432626724243164,3,True,3
W|fIBCpEGW_`?`?__W?@p?@??EG?EG?AC?@`??MG??R_?@x,[(20-21)-(19-22)-(16-23)-(14-15)-(13-18)-(12-17)-(10-11)-(8-9)-(6-7)-(4-5)-(2-3)-(0-1)],9.417533874511719e-05,0.014618635177612305,5,True,5
W|fIBCpEGW_`?`?__W?@p?@??EG?EG?AC?@`??MG??R_?@x,[(20-21)-(19-22)-(16-23)-(14-15)-(13-18)-(12-17)-(10-11)-(8-9)-(6-7)-(4-5)-(2-3)-(0-1)],9.274482727050781e-05,0.014965534210205078,5,True,5
W|fIBCpEGW_`?`?__W?@p?@??EG?EG?AC?@`??MG??R_?@x,[(18-23)-(16-22)-(15-21)-(14-20)-(13-19)-(12-17)-(10-11)-(8-9)-(6-7)-(4-5)-(2-3)-(0-1)],9.298324584960938e-05,0.04209589958190918,4,True,4
W|fIBCpEGW_`?`?__W?@p?@??EG?EG?AC?@`??MG??R_?@x,[(18-23)-(16-22)-(15-21)-(14-20)-(13-19)-(12-17)-(10-11)-(8-9)-(6-7)-(4-5)-(2-3)-(0-1)],9.250640869140625e-05,0.0179445743560791,4,True,4
W|fIBCpEGW_`?`?__W?@p?@??EG?EG?AC?@`??MG??R_?@x,[(20-22)-(18-23)-(16-21)-(14-15)-(13-19)-(12-17)-(10-11)-(8-9)-(6-7)-(4-5)-(2-3)-(0-1)],9.322166442871094e-05,0.023787498474121094,6,True,6
W|fIBCpEGW_`?`?__W?@p?@??EG?EG?AC?@`??MG??R_?@x,[(20-22)-(18-23)-(16-21)-(14-15)-(13-19)-(12-17)-(10-11)-(8-9)-(6-7)-(4-5)-(2-3)-(0-1)],9.250640869140625e-05,0.017369747161865234,6,True,6
W|fIBCpEGW_`?`?__W?@p?@??EG?EG?AC?@`??MG??R_?@x,[(20-21)-(18-23)-(16-22)-(14-15)-(13-19)-(12-17)-(10-11)-(8-9)-(6-7)-(4-5)-(2-3)-(0-1)],9.298324584960938e-05,0.008512735366821289,3,True,3
W|fIBCpEGW_`?`?__W?@p?@??EG?EG?AC?@`??MG??R_?@x,[(20-21)-(18-23)-(16-22)-(14-15)-(13-19)-(12-17)-(10-11)-(8-9)-(6-7)-(4-5)-(2-3)-(0-1)],9.250640869140625e-05,0.026959657669067383,0,False,3
W|fII?_KGo`o?`?o_GGA@?WC?_G@oG?WK?A@??wG?@`_?Bd,[(15-23)-(14-22)-(13-21)-(12-20)-(10-19)-(9-18)-(8-17)-(7-16)-(6-11)-(4-5)-(2-3)-(0-1)],9.036064147949219e-05,0.03678178787231445,6,True,6
W|fII?_KGo`o?`?o_GGA@?WC?_G@oG?WK?A@??wG?@`_?Bd,[(15-23)-(14-22)-(13-21)-(12-20)-(10-19)-(9-18)-(8-17)-(7-16)-(6-11)-(4-5)-(2-3)-(0-1)],0.00010013580322265625,0.006768941879272461,2,True,2
W|fII?_KGo`o?`?o_GGA@?WC?_G@oG?WK?A@??wG?@`_?Bd,[(22-23)-(14-15)-(13-21)-(12-20)-(10-19)-(9-18)-(8-17)-(7-16)-(6-11)-(4-5)-(2-3)-(0-1)],9.655952453613281e-05,0.011897563934326172,3,True,3
W|fII?_KGo`o?`?o_GGA@?WC?_G@oG?WK?A@??wG?@`_?Bd,[(22-23)-(14-15)-(13-21)-(12-20)-(10-19)-(9-18)-(8-17)-(7-16)-(6-11)-(4-5)-(2-3)-(0-1)],9.560585021972656e-05,0.008376121520996094,3,True,3
W|fII?_KGo`o?`?o_GGA@?WC?_G@oG?WK?A@??wG?@`_?Bd,[(21-22)-(15-23)-(13-14)-(12-20)-(10-19)-(9-18)-(8-17)-(7-16)-(6-11)-(4-5)-(2-3)-(0-1)],9.489059448242188e-05,0.7636685371398926,0,False,8
W|fII?_KGo`o?`?o_GGA@?WC?_G@oG?WK?A@??wG?@`_?Bd,[(21-22)-(15-23)-(13-14)-(12-20)-(10-19)-(9-18)-(8-17)-(7-16)-(6-11)-(4-5)-(2-3)-(0-1)],9.679794311523438e-05,0.005825042724609375,2,True,2
W|fII?_KGo`o?`?o_GGA@?WC?_G@oG?WK?A@??wG?@`_?Bd,[(20-23)-(15-22)-(13-14)-(12-21)-(10-19)-(9-18)-(8-17)-(7-16)-(6-11)-(4-5)-(2-3)-(0-1)],9.489059448242188e-05,0.13010311126708984,5,True,5
W|fII?_KGo`o?`?o_GGA@?WC?_G@oG?WK?A@??wG?@`_?Bd,[(20-23)-(15-22)-(13-14)-(12-21)-(10-19)-(9-18)-(8-17)-(7-16)-(6-11)-(4-5)-(2-3)-(0-1)],9.441375732421875e-05,0.01604437828063965,5,True,5
W|fII?_KGo`o?`?o_GGA@?WC?_G@oG?WK?A@??wG?@`_?Bd,[(20-22)-(15-23)-(13-14)-(12-21)-(10-19)-(9-18)-(8-17)-(7-16)-(6-11)-(4-5)-(2-3)-(0-1)],9.465217590332031e-05,0.08068346977233887,5,True,5
W|fII?_KGo`o?`?o_GGA@?WC?_G@oG?WK?A@??wG?@`_?Bd,[(20-22)-(15-23)-(13-14)-(12-21)-(10-19)-(9-18)-(8-17)-(7-16)-(6-11)-(4-5)-(2-3)-(0-1)],9.72747802734375e-05,0.03840041160583496,4,True,4
W|fII?_KGo`o?`?o_GGA@?WC?_G@oG?WK?A@??wG?@`_?Bd,[(20-23)-(15-22)-(14-21)-(12-13)-(10-19)-(9-18)-(8-17)-(7-16)-(6-11)-(4-5)-(2-3)-(0-1)],9.679794311523438e-05,0.047864675521850586,0,False,3
W|fII?_KGo`o?`?o_GGA@?WC?_G@oG?WK?A@??wG?@`_?Bd,[(20-23)-(15-22)-(14-21)-(12-13)-(10-19)-(9-18)-(8-17)-(7-16)-(6-11)-(4-5)-(2-3)-(0-1)],9.608268737792969e-05,0.04159712791442871,4,True,5
W|fII?_KGo`o?`?o_GGA@?WC?_G@oG?WK?A@??wG?@`_?Bd,[(20-22)-(15-23)-(14-21)-(12-13)-(10-19)-(9-18)-(8-17)-(7-16)-(6-11)-(4-5)-(2-3)-(0-1)],9.393692016601562e-05,0.015725135803222656,3,True,3
W|fII?_KGo`o?`?o_GGA@?WC?_G@oG?WK?A@??wG?@`_?Bd,[(20-22)-(15-23)-(14-21)-(12-13)-(10-19)-(9-18)-(8-17)-(7-16)-(6-11)-(4-5)-(2-3)-(0-1)],9.298324584960938e-05,0.056075334548950195,7,True,9
W|fII?_KGo`o?`?o_GGA@?WC?_G@oG?WK?A@??wG?@`_?Bd,[(20-21)-(15-23)-(14-22)-(12-13)-(10-19)-(9-18)-(8-17)-(7-16)-(6-11)-(4-5)-(2-3)-(0-1)],9.489059448242188e-05,0.06472015380859375,6,True,6
W|fII?_KGo`o?`?o_GGA@?WC?_G@oG?WK?A@??wG?@`_?Bd,[(20-21)-(15-23)-(14-22)-(12-13)-(10-19)-(9-18)-(8-17)-(7-16)-(6-11)-(4-5)-(2-3)-(0-1)],9.703636169433594e-05,0.02160477638244629,7,True,7
W|fII?_KGo`o?`?o_GGA@?WC?_G@oG?WK?A@??wG?@`_?Bd,[(22-23)-(20-21)-(14-15)-(12-13)-(10-19)-(9-18)-(8-17)-(7-16)-(6-11)-(4-5)-(2-3)-(0-1)],9.608268737792969e-05,0.010967016220092773,3,True,3
W|fII?_KGo`o?`?o_GGA@?WC?_G@oG?WK?A@??wG?@`_?Bd,[(22-23)-(20-21)-(14-15)-(12-13)-(10-19)-(9-18)-(8-17)-(7-16)-(6-11)-(4-5)-(2-3)-(0-1)],9.417533874511719e-05,0.0015783309936523438,0,True,0
W|fII?_KGo`o?`?o_GGA@?WC?_G@oG?WK?A@??wG?@`_?Bd,[(21-22)-(20-23)-(14-15)-(12-13)-(10-19)-(9-18)-(8-17)-(7-16)-(6-11)-(4-5)-(2-3)-(0-1)],9.918212890625e-05,0.011624813079833984,3,True,3
W|fII?_KGo`o?`?o_GGA@?WC?_G@oG?WK?A@??wG?@`_?Bd,[(21-22)-(20-23)-(14-15)-(12-13)-(10-19)-(9-18)-(8-17)-(7-16)-(6-11)-(4-5)-(2-3)-(0-1)],9.393692016601562e-05,0.01576519012451172,5,True,5
W|fIB?pEGW_o?`?__OGA@?]??KW?K??EC?@`??KG??k_??^,[(22-23)-(15-21)-(14-20)-(13-19)-(12-18)-(10-17)-(8-9)-(7-16)-(6-11)-(4-5)-(2-3)-(0-1)],9.059906005859375e-05,0.011157751083374023,4,True,4
W|fIB?pEGW_o?`?__OGA@?]??KW?K??EC?@`??KG??k_??^,[(22-23)-(15-21)-(14-20)-(13-19)-(12-18)-(10-17)-(8-9)-(7-16)-(6-11)-(4-5)-(2-3)-(0-1)],9.489059448242188e-05,0.005720376968383789,2,True,2
W|fIB?pEGW_o?`?__OGA@?]??KW?K??EC?@`??KG??k_??^,[(21-23)-(15-22)-(14-20)-(13-19)-(12-18)-(10-17)-(8-9)-(7-16)-(6-11)-(4-5)-(2-3)-(0-1)],9.751319885253906e-05,0.0035643577575683594,1,True,1
W|fIB?pEGW_o?`?__OGA@?]??KW?K??EC?@`??KG??k_??^,[(21-23)-(15-22)-(14-20)-(13-19)-(12-18)-(10-17)-(8-9)-(7-16)-(6-11)-(4-5)-(2-3)-(0-1)],9.250640869140625e-05,0.008459091186523438,3,True,3
W|fIB?pEGW_o?`?__OGA@?]??KW?K??EC?@`??KG??k_??^,[(20-23)-(15-22)-(14-21)-(13-19)-(12-18)-(10-17)-(8-9)-(7-16)-(6-11)-(4-5)-(2-3)-(0-1)],9.369850158691406e-05,0.008564472198486328,3,True,3
W|fIB?pEGW_o?`?__OGA@?]??KW?K??EC?@`??KG??k_??^,[(20-23)-(15-22)-(14-21)-(13-19)-(12-18)-(10-17)-(8-9)-(7-16)-(6-11)-(4-5)-(2-3)-(0-1)],9.250640869140625e-05,0.014079570770263672,0,False,2
W|fIB?pEGW_o?`?__OGA@?]??KW?K??EC?@`??KG??k_??^,[(22-23)-(20-21)-(14-15)-(13-19)-(12-18)-(10-17)-(8-9)-(7-16)-(6-11)-(4-5)-(2-3)-(0-1)],9.274482727050781e-05,0.006253242492675781,2,True,2
W|fIB?pEGW_o?`?__OGA@?]??KW?K??EC?@`??KG??k_??^,[(22-23)-(20-21)-(14-15)-(13-19)-(12-18)-(10-17)-(8-9)-(7-16)-(6-11)-(4-5)-(2-3)-(0-1)],9.1552734375e-05,0.07426261901855469,0,False,4
W|fIB?pEGW_o?`?__OGA@?]??KW?K??EC?@`??KG??k_??^,[(21-22)-(20-23)-(14-15)-(13-19)-(12-18)-(10-17)-(8-9)-(7-16)-(6-11)-(4-5)-(2-3)-(0-1)],9.560585021972656e-05,0.051140546798706055,7,True,7
W|fIB?pEGW_o?`?__OGA@?]??KW?K??EC?@`??KG??k_??^,[(21-22)-(20-23)-(14-15)-(13-19)-(12-18)-(10-17)-(8-9)-(7-16)-(6-11)-(4-5)-(2-3)-(0-1)],9.489059448242188e-05,0.048358917236328125,6,True,6
W|fIB?pEGW_o?`?__OGA@?]??KW?K??EC?@`??KG??k_??^,[(19-23)-(15-22)-(14-21)-(13-20)-(12-18)-(10-17)-(8-9)-(7-16)-(6-11)-(4-5)-(2-3)-(0-1)],9.584426879882812e-05,0.008620262145996094,3,True,3
W|fIB?pEGW_o?`?__OGA@?]??KW?K??EC?@`??KG??k_??^,[(19-23)-(15-22)-(14-21)-(13-20)-(12-18)-(10-17)-(8-9)-(7-16)-(6-11)-(4-5)-(2-3)-(0-1)],9.369850158691406e-05,0.035300254821777344,0,False,3
W|fIB?pEGW_o?`?__OGA@?]??KW?K??EC?@`??KG??k_??^,[(21-22)-(19-23)-(14-15)-(13-20)-(12-18)-(10-17)-(8-9)-(7-16)-(6-11)-(4-5)-(2-3)-(0-1)],9.226799011230469e-05,0.07059764862060547,0,False,3
W|fIB?pEGW_o?`?__OGA@?]??KW?K??EC?@`??KG??k_??^,[(21-22)-(19-23)-(14-15)-(13-20)-(12-18)-(10-17)-(8-9)-(7-16)-(6-11)-(4-5)-(2-3)-(0-1)],9.274482727050781e-05,0.00854802131652832,3,True,3
W|fIB?pEGW_o?`?__OGA@?]??KW?K??EC?@`??KG??k_??^,[(22-23)-(19-20)-(15-21)-(13-14)-(12-18)-(10-17)-(8-9)-(7-16)-(6-11)-(4-5)-(2-3)-(0-1)],9.226799011230469e-05,0.00927114486694336,3,True,3
W|fIB?pEGW_o?`?__OGA@?]??KW?K??EC?@`??KG??k_??^,[(22-23)-(19-20)-(15-21)-(13-14)-(12-18)-(10-17)-(8-9)-(7-16)-(6-11)-(4-5)-(2-3)-(0-1)],9.274482727050781e-05,0.02043318748474121,7,True,7
W|fIB?pEGW_o?`?__OGA@?]??KW?K??EC?@`??KG??k_??^,[(21-23)-(19-20)-(15-22)-(13-14)-(12-18)-(10-17)-(8-9)-(7-16)-(6-11)-(4-5)-(2-3)-(0-1)],9.369850158691406e-05,0.09921789169311523,0,False,4
W|fIB?pEGW_o?`?__OGA@?]??KW?K??EC?@`??KG??k_??^,[(21-23)-(19-20)-(15-22)-(13-14)-(12-18)-(10-17)-(8-9)-(7-16)-(6-11)-(4-5)-(2-3)-(0-1)],9.584426879882812e-05,0.005794525146484375,2,True,2
W|fIB?pEGW_o?`?__OGA@?]??KW?K??EC?@`??KG??k_??^,[(20-21)-(19-23)-(15-22)-(13-14)-(12-18)-(10-17)-(8-9)-(7-16)-(6-11)-(4-5)-(2-3)-(0-1)],9.274482727050781e-05,0.00929713249206543,3,True,3
W|fIB?pEGW_o?`?__OGA@?]??KW?K??EC?@`??KG??k_??^,[(20-21)-(19-23)-(15-22)-(13-14)-(12-18)-(10-17)-(8-9)-(7-16)-(6-11)-(4-5)-(2-3)-(0-1)],9.250640869140625e-05,0.03541684150695801,0,False,3
W|fIB?pEGW__?`?__OGC@?RC@wG?G_?KC?B@??WG?@c_??^,[(19-23)-(15-22)-(14-21)-(13-20)-(11-18)-(9-10)-(8-17)-(7-16)-(6-12)-(4-5)-(2-3)-(0-1)],8.988380432128906e-05,0.04101204872131348,12,True,12
W|fIB?pEGW__?`?__OGC@?RC@wG?G_?KC?B@??WG?@c_??^,[(19-23)-(15-22)-(14-21)-(13-20)-(11-18)-(9-10)-(8-17)-(7-16)-(6-12)-(4-5)-(2-3)-(0-1)],9.679794311523438e-05,0.0058362483978271484,2,True,2
W|fIB?pEGW__?`?__OGC@?RC@wG?G_?KC?B@??WG?@c_??^,[(21-22)-(19-23)-(14-15)-(13-20)-(11-18)-(9-10)-(8-17)-(7-16)-(6-12)-(4-5)-(2-3)-(0-1)],0.00011968612670898438,0.0058460235595703125,2,True,2
W|fIB?pEGW__?`?__OGC@?RC@wG?G_?KC?B@??WG?@c_??^,[(21-22)-(19-23)-(14-15)-(13-20)-(11-18)-(9-10)-(8-17)-(7-16)-(6-12)-(4-5)-(2-3)-(0-1)],9.393692016601562e-05,0.14423322677612305,7,True,7
W|fIB?pEGW__?`?__OGC@?RC@wG?G_?KC?B@??WG?@c_??^,[(22-23)-(19-20)-(14-15)-(13-21)-(11-18)-(9-10)-(8-17)-(7-16)-(6-12)-(4-5)-(2-3)-(0-1)],9.584426879882812e-05,0.008384227752685547,3,True,3
W|fIB?pEGW__?`?__OGC@?RC@wG?G_?KC?B@??WG?@c_??^,[(22-23)-(19-20)-(14-15)-(13-21)-(11-18)-(9-10)-(8-17)-(7-16)-(6-12)-(4-5)-(2-3)-(0-1)],9.465217590332031e-05,0.6964364051818848,10,True,16
W|fIB?pEGW__?`?__OGC@?RC@wG?G_?KC?B@??WG?@c_??^,[(21-23)-(19-20)-(15-22)-(13-14)-(11-18)-(9-10)-(8-17)-(7-16)-(6-12)-(4-5)-(2-3)-(0-1)],9.560585021972656e-05,0.005897045135498047,2,True,2
W|fIB?pEGW__?`?__OGC@?RC@wG?G_?KC?B@??WG?@c_??^,[(21-23)-(19-20)-(15-22)-(13-14)-(11-18)-(9-10)-(8-17)-(7-16)-(6-12)-(4-5)-(2-3)-(0-1)],9.274482727050781e-05,0.03271007537841797,9,True,9
W|fIB?pEGW__?`?__OGC@?RC@wG?G_?KC?B@??WG?@c_??^,[(20-21)-(19-23)-(15-22)-(13-14)-(11-18)-(9-10)-(8-17)-(7-16)-(6-12)-(4-5)-(2-3)-(0-1)],9.72747802734375e-05,0.014783382415771484,5,True,5
W|fIB?pEGW__?`?__OGC@?RC@wG?G_?KC?B@??WG?@c_??^,[(20-21)-(19-23)-(15-22)-(13-14)-(11-18)-(9-10)-(8-17)-(7-16)-(6-12)-(4-5)-(2-3)-(0-1)],9.226799011230469e-05,0.014757394790649414,5,True,5
W|fIB?pEGW__?`?__OGC@?RC@wG?G_?KC?B@??WG?@c_??^,[(22-23)-(15-18)-(14-21)-(13-20)-(11-19)-(9-10)-(8-17)-(7-16)-(6-12)-(4-5)-(2-3)-(0-1)],9.512901306152344e-05,0.047771453857421875,4,True,6
W|fIB?pEGW__?`?__OGC@?RC@wG?G_?KC?B@??WG?@c_??^,[(22-23)-(15-18)-(14-21)-(13-20)-(11-19)-(9-10)-(8-17)-(7-16)-(6-12)-(4-5)-(2-3)-(0-1)],9.322166442871094e-05,0.028260231018066406,9,True,9
W|fIB?pEGW__?`?__OGC@?RC@wG?G_?KC?B@??WG?@c_??^,[(18-23)-(15-22)-(14-21)-(13-20)-(11-19)-(9-10)-(8-17)-(7-16)-(6-12)-(4-5)-(2-3)-(0-1)],9.5367431640625e-05,0.08164310455322266,12,True,12
W|fIB?pEGW__?`?__OGC@?RC@wG?G_?KC?B@??WG?@c_??^,[(18-23)-(15-22)-(14-21)-(13-20)-(11-19)-(9-10)-(8-17)-(7-16)-(6-12)-(4-5)-(2-3)-(0-1)],9.322166442871094e-05,0.06614542007446289,7,True,8
W|fIB?pEGW__?`?__OGC@?RC@wG?G_?KC?B@??WG?@c_??^,[(21-23)-(15-18)-(14-22)-(13-20)-(11-19)-(9-10)-(8-17)-(7-16)-(6-12)-(4-5)-(2-3)-(0-1)],9.417533874511719e-05,0.006036043167114258,2,True,2
W|fIB?pEGW__?`?__OGC@?RC@wG?G_?KC?B@??WG?@c_??^,[(21-23)-(15-18)-(14-22)-(13-20)-(11-19)-(9-10)-(8-17)-(7-16)-(6-12)-(4-5)-(2-3)-(0-1)],9.512901306152344e-05,0.07465553283691406,8,True,8
W|fIB?pEGW__?`?__OGC@?RC@wG?G_?KC?B@??WG?@c_??^,[(21-23)-(18-22)-(14-15)-(13-20)-(11-19)-(9-10)-(8-17)-(7-16)-(6-12)-(4-5)-(2-3)-(0-1)],9.298324584960938e-05,0.01848292350769043,6,True,6
W|fIB?pEGW__?`?__OGC@?RC@wG?G_?KC?B@??WG?@c_??^,[(21-23)-(18-22)-(14-15)-(13-20)-(11-19)-(9-10)-(8-17)-(7-16)-(6-12)-(4-5)-(2-3)-(0-1)],9.202957153320312e-05,0.008593082427978516,3,True,3
W|fIB?pEGW__?`?__OGC@?RC@wG?G_?KC?B@??WG?@c_??^,[(21-22)-(18-23)-(14-15)-(13-20)-(11-19)-(9-10)-(8-17)-(7-16)-(6-12)-(4-5)-(2-3)-(0-1)],9.322166442871094e-05,0.2516052722930908,6,True,8
W|fIB?pEGW__?`?__OGC@?RC@wG?G_?KC?B@??WG?@c_??^,[(21-22)-(18-23)-(14-15)-(13-20)-(11-19)-(9-10)-(8-17)-(7-16)-(6-12)-(4-5)-(2-3)-(0-1)],9.560585021972656e-05,0.005937099456787109,2,True,2
W|fII?_KGo`p?_?o_GGA@?WC?_G@oG?KK?A@??wG?@`_?Bd,[(18-19)-(15-23)-(14-22)-(13-21)-(12-20)-(9-10)-(8-17)-(7-16)-(6-11)-(4-5)-(2-3)-(0-1)],9.298324584960938e-05,0.019164323806762695,6,True,6
W|fII?_KGo`p?_?o_GGA@?WC?_G@oG?KK?A@??wG?@`_?Bd,[(18-19)-(15-23)-(14-22)-(13-21)-(12-20)-(9-10)-(8-17)-(7-16)-(6-11)-(4-5)-(2-3)-(0-1)],9.942054748535156e-05,0.014668703079223633,0,False,2
W|fII?_KGo`p?_?o_GGA@?WC?_G@oG?KK?A@??wG?@`_?Bd,[(22-23)-(18-19)-(14-15)-(13-21)-(12-20)-(9-10)-(8-17)-(7-16)-(6-11)-(4-5)-(2-3)-(0-1)],9.870529174804688e-05,0.0186002254486084,5,True,5
W|fII?_KGo`p?_?o_GGA@?WC?_G@oG?KK?A@??wG?@`_?Bd,[(22-23)-(18-19)-(14-15)-(13-21)-(12-20)-(9-10)-(8-17)-(7-16)-(6-11)-(4-5)-(2-3)-(0-1)],0.00010728836059570312,0.0035903453826904297,1,True,1
W|fII?_KGo`p?_?o_GGA@?WC?_G@oG?KK?A@??wG?@`_?Bd,[(21-22)-(18-19)-(15-23)-(13-14)-(12-20)-(9-10)-(8-17)-(7-16)-(6-11)-(4-5)-(2-3)-(0-1)],9.584426879882812e-05,0.00888371467590332,3,True,3
W|fII?_KGo`p?_?o_GGA@?WC?_G@oG?KK?A@??wG?@`_?Bd,[(21-22)-(18-19)-(15-23)-(13-14)-(12-20)-(9-10)-(8-17)-(7-16)-(6-11)-(4-5)-(2-3)-(0-1)],9.5367431640625e-05,0.017266273498535156,5,True,5
W|fII?_KGo`p?_?o_GGA@?WC?_G@oG?KK?A@??wG?@`_?Bd,[(20-23)-(18-19)-(15-22)-(13-14)-(12-21)-(9-10)-(8-17)-(7-16)-(6-11)-(4-5)-(2-3)-(0-1)],0.00010013580322265625,0.07393360137939453,0,False,4
W|fII?_KGo`p?_?o_GGA@?WC?_G@oG?KK?A@??wG?@`_?Bd,[(20-23)-(18-19)-(15-22)-(13-14)-(12-21)-(9-10)-(8-17)-(7-16)-(6-11)-(4-5)-(2-3)-(0-1)],9.34600830078125e-05,0.01688361167907715,5,True,5
W|fII?_KGo`p?_?o_GGA@?WC?_G@oG?KK?A@??wG?@`_?Bd,[(20-22)-(18-19)-(15-23)-(13-14)-(12-21)-(9-10)-(8-17)-(7-16)-(6-11)-(4-5)-(2-3)-(0-1)],9.34600830078125e-05,0.005842447280883789,2,True,2
W|fII?_KGo`p?_?o_GGA@?WC?_G@oG?KK?A@??wG?@`_?Bd,[(20-22)-(18-19)-(15-23)-(13-14)-(12-21)-(9-10)-(8-17)-(7-16)-(6-11)-(4-5)-(2-3)-(0-1)],9.250640869140625e-05,0.013031482696533203,4,True,4
W|fII?_KGo`p?_?o_GGA@?WC?_G@oG?KK?A@??wG?@`_?Bd,[(20-23)-(18-19)-(15-22)-(14-21)-(12-13)-(9-10)-(8-17)-(7-16)-(6-11)-(4-5)-(2-3)-(0-1)],9.369850158691406e-05,0.011166572570800781,0,False,2
W|fII?_KGo`p?_?o_GGA@?WC?_G@oG?KK?A@??wG?@`_?Bd,[(20-23)-(18-19)-(15-22)-(14-21)-(12-13)-(9-10)-(8-17)-(7-16)-(6-11)-(4-5)-(2-3)-(0-1)],9.298324584960938e-05,0.01790475845336914,5,True,5
W|fII?_KGo`p?_?o_GGA@?WC?_G@oG?KK?A@??wG?@`_?Bd,[(20-22)-(18-19)-(15-23)-(14-21)-(12-13)-(9-10)-(8-17)-(7-16)-(6-11)-(4-5)-(2-3)-(0-1)],9.274482727050781e-05,0.031453609466552734,9,True,9
W|fII?_KGo`p?_?o_GGA@?WC?_G@oG?KK?A@??wG?@`_?Bd,[(20-22)-(18-19)-(15-23)-(14-21)-(12-13)-(9-10)-(8-17)-(7-16)-(6-11)-(4-5)-(2-3)-(0-1)],9.34600830078125e-05,0.003487825393676758,1,True,1
W|fII?_KGo`p?_?o_GGA@?WC?_G@oG?KK?A@??wG?@`_?Bd,[(20-21)-(18-19)-(15-23)-(14-22)-(12-13)-(9-10)-(8-17)-(7-16)-(6-11)-(4-5)-(2-3)-(0-1)],9.322166442871094e-05,0.015614748001098633,5,True,5
W|fII?_KGo`p?_?o_GGA@?WC?_G@oG?KK?A@??wG?@`_?Bd,[(20-21)-(18-19)-(15-23)-(14-22)-(12-13)-(9-10)-(8-17)-(7-16)-(6-11)-(4-5)-(2-3)-(0-1)],9.250640869140625e-05,0.008867263793945312,3,True,3
W|fII?_KGo`p?_?o_GGA@?WC?_G@oG?KK?A@??wG?@`_?Bd,[(22-23)-(20-21)-(18-19)-(14-15)-(12-13)-(9-10)-(8-17)-(7-16)-(6-11)-(4-5)-(2-3)-(0-1)],9.298324584960938e-05,0.39679884910583496,6,True,10
W|fII?_KGo`p?_?o_GGA@?WC?_G@oG?KK?A@??wG?@`_?Bd,[(22-23)-(20-21)-(18-19)-(14-15)-(12-13)-(9-10)-(8-17)-(7-16)-(6-11)-(4-5)-(2-3)-(0-1)],9.989738464355469e-05,0.005978107452392578,2,True,2
W|fII?_KGo`p?_?o_GGA@?WC?_G@oG?KK?A@??wG?@`_?Bd,[(21-22)-(20-23)-(18-19)-(14-15)-(12-13)-(9-10)-(8-17)-(7-16)-(6-11)-(4-5)-(2-3)-(0-1)],9.679794311523438e-05,0.021761417388916016,5,True,5
W|fII?_KGo`p?_?o_GGA@?WC?_G@oG?KK?A@??wG?@`_?Bd,[(21-22)-(20-23)-(18-19)-(14-15)-(12-13)-(9-10)-(8-17)-(7-16)-(6-11)-(4-5)-(2-3)-(0-1)],9.560585021972656e-05,0.0170285701751709,5,True,5
W|fII?_KGo`@@`?__WGA@?OC@_G@GG@wC?B???[G??p_?@t,[(18-23)-(15-22)-(14-21)-(13-20)-(10-11)-(9-19)-(8-17)-(7-16)-(6-12)-(4-5)-(2-3)-(0-1)],9.1552734375e-05,0.008356571197509766,3,True,3
W|fII?_KGo`@@`?__WGA@?OC@_G@GG@wC?B???[G??p_?@t,[(18-23)-(15-22)-(14-21)-(13-20)-(10-11)-(9-19)-(8-17)-(7-16)-(6-12)-(4-5)-(2-3)-(0-1)],9.512901306152344e-05,0.03072047233581543,4,True,4
W|fII?_KGo`@@`?__WGA@?OC@_G@GG@wC?B???[G??p_?@t,[(21-22)-(18-23)-(14-15)-(13-20)-(10-11)-(9-19)-(8-17)-(7-16)-(6-12)-(4-5)-(2-3)-(0-1)],9.465217590332031e-05,0.012649774551391602,4,True,4
W|fII?_KGo`@@`?__WGA@?OC@_G@GG@wC?B???[G??p_?@t,[(21-22)-(18-23)-(14-15)-(13-20)-(10-11)-(9-19)-(8-17)-(7-16)-(6-12)-(4-5)-(2-3)-(0-1)],9.584426879882812e-05,0.008236885070800781,3,True,3
W|fII?_KGo`@@`?__WGA@?OC@_G@GG@wC?B???[G??p_?@t,[(20-22)-(18-23)-(14-15)-(13-21)-(10-11)-(9-19)-(8-17)-(7-16)-(6-12)-(4-5)-(2-3)-(0-1)],9.393692016601562e-05,0.14621853828430176,12,True,16
W|fII?_KGo`@@`?__WGA@?OC@_G@GG@wC?B???[G??p_?@t,[(20-22)-(18-23)-(14-15)-(13-21)-(10-11)-(9-19)-(8-17)-(7-16)-(6-12)-(4-5)-(2-3)-(0-1)],9.417533874511719e-05,0.08151054382324219,8,True,10
W|fII?_KGo`@@`?__WGA@?OC@_G@GG@wC?B???[G??p_?@t,[(20-22)-(18-23)-(15-21)-(13-14)-(10-11)-(9-19)-(8-17)-(7-16)-(6-12)-(4-5)-(2-3)-(0-1)],9.608268737792969e-05,0.020772457122802734,4,True,6
W|fII?_KGo`@@`?__WGA@?OC@_G@GG@wC?B???[G??p_?@t,[(20-22)-(18-23)-(15-21)-(13-14)-(10-11)-(9-19)-(8-17)-(7-16)-(6-12)-(4-5)-(2-3)-(0-1)],9.512901306152344e-05,0.015186071395874023,5,True,5
W|fII?_KGo`@@`?__WGA@?OC@_G@GG@wC?B???[G??p_?@t,[(20-21)-(18-23)-(15-22)-(13-14)-(10-11)-(9-19)-(8-17)-(7-16)-(6-12)-(4-5)-(2-3)-(0-1)],9.5367431640625e-05,0.03007197380065918,8,True,8
W|fII?_KGo`@@`?__WGA@?OC@_G@GG@wC?B???[G??p_?@t,[(20-21)-(18-23)-(15-22)-(13-14)-(10-11)-(9-19)-(8-17)-(7-16)-(6-12)-(4-5)-(2-3)-(0-1)],9.5367431640625e-05,0.009056806564331055,3,True,3
W|fII?_KGo`@@`?__WGA@?OC@_G@GG@wC?B???[G??p_?@t,[(18-23)-(15-22)-(14-21)-(13-20)-(11-19)-(9-10)-(8-17)-(7-16)-(6-12)-(4-5)-(2-3)-(0-1)],9.274482727050781e-05,0.00823521614074707,3,True,3
W|fII?_KGo`@@`?__WGA@?OC@_G@GG@wC?B???[G??p_?@t,[(18-23)-(15-22)-(14-21)-(13-20)-(11-19)-(9-10)-(8-17)-(7-16)-(6-12)-(4-5)-(2-3)-(0-1)],9.298324584960938e-05,0.4520714282989502,0,False,9
W|fII?_KGo`@@`?__WGA@?OC@_G@GG@wC?B???[G??p_?@t,[(21-22)-(18-23)-(14-15)-(13-20)-(11-19)-(9-10)-(8-17)-(7-16)-(6-12)-(4-5)-(2-3)-(0-1)],9.655952453613281e-05,0.013743162155151367,5,True,5
W|fII?_KGo`@@`?__WGA@?OC@_G@GG@wC?B???[G??p_?@t,[(21-22)-(18-23)-(14-15)-(13-20)-(11-19)-(9-10)-(8-17)-(7-16)-(6-12)-(4-5)-(2-3)-(0-1)],9.512901306152344e-05,0.01441502571105957,0,False,2
W|fII?_KGo`@@`?__WGA@?OC@_G@GG@wC?B???[G??p_?@t,[(20-22)-(18-23)-(14-15)-(13-21)-(11-19)-(9-10)-(8-17)-(7-16)-(6-12)-(4-5)-(2-3)-(0-1)],9.369850158691406e-05,0.033742427825927734,7,True,7
W|fII?_KGo`@@`?__WGA@?OC@_G@GG@wC?B???[G??p_?@t,[(20-22)-(18-23)-(14-15)-(13-21)-(11-19)-(9-10)-(8-17)-(7-16)-(6-12)-(4-5)-(2-3)-(0-1)],9.298324584960938e-05,0.20509910583496094,0,False,5
W|fII?_KGo`@@`?__WGA@?OC@_G@GG@wC?B???[G??p_?@t,[(20-22)-(18-23)-(15-21)-(13-14)-(11-19)-(9-10)-(8-17)-(7-16)-(6-12)-(4-5)-(2-3)-(0-1)],9.775161743164062e-05,0.003632783889770508,1,True,1
W|fII?_KGo`@@`?__WGA@?OC@_G@GG@wC?B???[G??p_?@t,[(20-22)-(18-23)-(15-21)-(13-14)-(11-19)-(9-10)-(8-17)-(7-16)-(6-12)-(4-5)-(2-3)-(0-1)],9.5367431640625e-05,1.551689624786377,0,False,25
W|fII?_KGo`@@`?__WGA@?OC@_G@GG@wC?B???[G??p_?@t,[(20-21)-(18-23)-(15-22)-(13-14)-(11-19)-(9-10)-(8-17)-(7-16)-(6-12)-(4-5)-(2-3)-(0-1)],9.298324584960938e-05,0.02535533905029297,8,True,8
W|fII?_KGo`@@`?__WGA@?OC@_G@GG@wC?B???[G??p_?@t,[(20-21)-(18-23)-(15-22)-(13-14)-(11-19)-(9-10)-(8-17)-(7-16)-(6-12)-(4-5)-(2-3)-(0-1)],9.274482727050781e-05,0.19557976722717285,0,False,5
W|eIID?GH_b@B@@_?WGA@?WC?_G@_G?{??BB??[???w_??v,[(17-23)-(15-22)-(14-21)-(13-20)-(11-12)-(10-19)-(9-18)-(8-16)-(6-7)-(4-5)-(2-3)-(0-1)],9.322166442871094e-05,0.006569623947143555,2,True,2
W|eIID?GH_b@B@@_?WGA@?WC?_G@_G?{??BB??[???w_??v,[(17-23)-(15-22)-(14-21)-(13-20)-(11-12)-(10-19)-(9-18)-(8-16)-(6-7)-(4-5)-(2-3)-(0-1)],9.655952453613281e-05,1.2824983596801758,0,False,7
W|eIID?GH_b@B@@_?WGA@?WC?_G@_G?{??BB??[???w_??v,[(21-23)-(17-22)-(14-15)-(13-20)-(11-12)-(10-19)-(9-18)-(8-16)-(6-7)-(4-5)-(2-3)-(0-1)],9.34600830078125e-05,0.011092424392700195,4,True,4
W|eIID?GH_b@B@@_?WGA@?WC?_G@_G?{??BB??[???w_??v,[(21-23)-(17-22)-(14-15)-(13-20)-(11-12)-(10-19)-(9-18)-(8-16)-(6-7)-(4-5)-(2-3)-(0-1)],9.632110595703125e-05,1.235358715057373,0,False,8
W|eIID?GH_b@B@@_?WGA@?WC?_G@_G?{??BB??[???w_??v,[(21-22)-(17-23)-(14-15)-(13-20)-(11-12)-(10-19)-(9-18)-(8-16)-(6-7)-(4-5)-(2-3)-(0-1)],9.608268737792969e-05,0.005899906158447266,2,True,2
W|eIID?GH_b@B@@_?WGA@?WC?_G@_G?{??BB??[???w_??v,[(21-22)-(17-23)-(14-15)-(13-20)-(11-12)-(10-19)-(9-18)-(8-16)-(6-7)-(4-5)-(2-3)-(0-1)],9.393692016601562e-05,0.008681058883666992,3,True,3
W|eIID?GH_b@B@@_?WGA@?WC?_G@_G?{??BB??[???w_??v,[(20-23)-(17-22)-(14-15)-(13-21)-(11-12)-(10-19)-(9-18)-(8-16)-(6-7)-(4-5)-(2-3)-(0-1)],9.465217590332031e-05,0.005879878997802734,2,True,2
W|eIID?GH_b@B@@_?WGA@?WC?_G@_G?{??BB??[???w_??v,[(20-23)-(17-22)-(14-15)-(13-21)-(11-12)-(10-19)-(9-18)-(8-16)-(6-7)-(4-5)-(2-3)-(0-1)],9.298324584960938e-05,1.3621656894683838,0,False,12
W|eIID?GH_b@B@@_?WGA@?WC?_G@_G?{??BB??[???w_??v,[(20-23)-(17-22)-(15-21)-(13-14)-(11-12)-(10-19)-(9-18)-(8-16)-(6-7)-(4-5)-(2-3)-(0-1)],9.489059448242188e-05,1.1568450927734375,0,False,7
W|eIID?GH_b@B@@_?WGA@?WC?_G@_G?{??BB??[???w_??v,[(20-23)-(17-22)-(15-21)-(13-14)-(11-12)-(10-19)-(9-18)-(8-16)-(6-7)-(4-5)-(2-3)-(0-1)],9.226799011230469e-05,0.005829572677612305,2,True,2
W|eIID?GH_b@B@@_?WGA@?WC?_G@_G?{??BB??[???w_??v,[(17-23)-(15-22)-(14-21)-(13-20)-(12-19)-(10-11)-(9-18)-(8-16)-(6-7)-(4-5)-(2-3)-(0-1)],9.34600830078125e-05,0.06805968284606934,5,True,7
W|eIID?GH_b@B@@_?WGA@?WC?_G@_G?{??BB??[???w_??v,[(17-23)-(15-22)-(14-21)-(13-20)-(12-19)-(10-11)-(9-18)-(8-16)-(6-7)-(4-5)-(2-3)-(0-1)],9.369850158691406e-05,0.0062122344970703125,2,True,2
W|eIID?GH_b@B@@_?WGA@?WC?_G@_G?{??BB??[???w_??v,[(21-23)-(17-22)-(14-15)-(13-20)-(12-19)-(10-11)-(9-18)-(8-16)-(6-7)-(4-5)-(2-3)-(0-1)],9.417533874511719e-05,0.014032840728759766,5,True,5
W|eIID?GH_b@B@@_?WGA@?WC?_G@_G?{??BB??[???w_??v,[(21-23)-(17-22)-(14-15)-(13-20)-(12-19)-(10-11)-(9-18)-(8-16)-(6-7)-(4-5)-(2-3)-(0-1)],9.226799011230469e-05,0.018527507781982422,6,True,6
W|eIID?GH_b@B@@_?WGA@?WC?_G@_G?{??BB??[???w_??v,[(21-22)-(17-23)-(14-15)-(13-20)-(12-19)-(10-11)-(9-18)-(8-16)-(6-7)-(4-5)-(2-3)-(0-1)],9.369850158691406e-05,0.005853891372680664,2,True,2
W|eIID?GH_b@B@@_?WGA@?WC?_G@_G?{??BB??[???w_??v,[(21-22)-(17-23)-(14-15)-(13-20)-(12-19)-(10-11)-(9-18)-(8-16)-(6-7)-(4-5)-(2-3)-(0-1)],9.202957153320312e-05,0.017337560653686523,4,True,5
W|eIID?GH_b@B@@_?WGA@?WC?_G@_G?{??BB??[???w_??v,[(20-23)-(17-22)-(14-15)-(13-21)-(12-19)-(10-11)-(9-18)-(8-16)-(6-7)-(4-5)-(2-3)-(0-1)],9.369850158691406e-05,0.00860142707824707,3,True,3
W|eIID?GH_b@B@@_?WGA@?WC?_G@_G?{??BB??[???w_??v,[(20-23)-(17-22)-(14-15)-(13-21)-(12-19)-(10-11)-(9-18)-(8-16)-(6-7)-(4-5)-(2-3)-(0-1)],9.441375732421875e-05,0.01962447166442871,6,True,6
W|eIID?GH_b@B@@_?WGA@?WC?_G@_G?{??BB??[???w_??v,[(20-23)-(17-22)-(15-21)-(13-14)-(12-19)-(10-11)-(9-18)-(8-16)-(6-7)-(4-5)-(2-3)-(0-1)],9.322166442871094e-05,0.01630377769470215,4,True,4
W|eIID?GH_b@B@@_?WGA@?WC?_G@_G?{??BB??[???w_??v,[(20-23)-(17-22)-(15-21)-(13-14)-(12-19)-(10-11)-(9-18)-(8-16)-(6-7)-(4-5)-(2-3)-(0-1)],9.322166442871094e-05,0.01525568962097168,5,True,5
W|eII@@GH_b@B@@__OGE@?OC@_G@_G?wC?AB??WG?@o_?@f,[(20-23)-(15-22)-(14-21)-(11-12)-(10-19)-(9-18)-(8-17)-(7-16)-(6-13)-(4-5)-(2-3)-(0-1)],9.036064147949219e-05,0.001604318618774414,0,True,0
W|eII@@GH_b@B@@__OGE@?OC@_G@_G?wC?AB??WG?@o_?@f,[(20-23)-(15-22)-(14-21)-(11-12)-(10-19)-(9-18)-(8-17)-(7-16)-(6-13)-(4-5)-(2-3)-(0-1)],9.250640869140625e-05,0.025026559829711914,5,True,5
W|eII@@GH_b@B@@__OGE@?OC@_G@_G?wC?AB??WG?@o_?@f,[(22-23)-(20-21)-(14-15)-(11-12)-(10-19)-(9-18)-(8-17)-(7-16)-(6-13)-(4-5)-(2-3)-(0-1)],0.00013065338134765625,0.005887508392333984,2,True,2
W|eII@@GH_b@B@@__OGE@?OC@_G@_G?wC?AB??WG?@o_?@f,[(22-23)-(20-21)-(14-15)-(11-12)-(10-19)-(9-18)-(8-17)-(7-16)-(6-13)-(4-5)-(2-3)-(0-1)],9.322166442871094e-05,0.024051189422607422,7,True,7
W|eII@@GH_b@B@@__OGE@?OC@_G@_G?wC?AB??WG?@o_?@f,[(21-22)-(20-23)-(14-15)-(11-12)-(10-19)-(9-18)-(8-17)-(7-16)-(6-13)-(4-5)-(2-3)-(0-1)],9.560585021972656e-05,0.005895376205444336,2,True,2
W|eII@@GH_b@B@@__OGE@?OC@_G@_G?wC?AB??WG?@o_?@f,[(21-22)-(20-23)-(14-15)-(11-12)-(10-19)-(9-18)-(8-17)-(7-16)-(6-13)-(4-5)-(2-3)-(0-1)],9.274482727050781e-05,0.024772167205810547,4,True,4
W|eII@@GH_b@B@@__OGE@?OC@_G@_G?wC?AB??WG?@o_?@f,[(20-23)-(18-19)-(15-22)-(14-21)-(11-12)-(9-10)-(8-17)-(7-16)-(6-13)-(4-5)-(2-3)-(0-1)],9.441375732421875e-05,0.005723237991333008,2,True,2
W|eII@@GH_b@B@@__OGE@?OC@_G@_G?wC?AB??WG?@o_?@f,[(20-23)-(18-19)-(15-22)-(14-21)-(11-12)-(9-10)-(8-17)-(7-16)-(6-13)-(4-5)-(2-3)-(0-1)],9.369850158691406e-05,0.021829605102539062,6,True,6
W|eII@@GH_b@B@@__OGE@?OC@_G@_G?wC?AB??WG?@o_?@f,[(22-23)-(20-21)-(18-19)-(14-15)-(11-12)-(9-10)-(8-17)-(7-16)-(6-13)-(4-5)-(2-3)-(0-1)],9.393692016601562e-05,0.011362552642822266,4,True,4
W|eII@@GH_b@B@@__OGE@?OC@_G@_G?wC?AB??WG?@o_?@f,[(22-23)-(20-21)-(18-19)-(14-15)-(11-12)-(9-10)-(8-17)-(7-16)-(6-13)-(4-5)-(2-3)-(0-1)],9.274482727050781e-05,0.021876096725463867,6,True,6
W|eII@@GH_b@B@@__OGE@?OC@_G@_G?wC?AB??WG?@o_?@f,[(21-22)-(20-23)-(18-19)-(14-15)-(11-12)-(9-10)-(8-17)-(7-16)-(6-13)-(4-5)-(2-3)-(0-1)],9.608268737792969e-05,0.011357545852661133,4,True,4
W|eII@@GH_b@B@@__OGE@?OC@_G@_G?wC?AB??WG?@o_?@f,[(21-22)-(20-23)-(18-19)-(14-15)-(11-12)-(9-10)-(8-17)-(7-16)-(6-13)-(4-5)-(2-3)-(0-1)],9.369850158691406e-05,0.020958423614501953,7,True,7
W|eII@@GH_b@B@@__OGE@?OC@_G@_G?wC?AB??WG?@o_?@f,[(17-23)-(15-22)-(14-21)-(12-20)-(10-11)-(9-19)-(8-18)-(7-16)-(6-13)-(4-5)-(2-3)-(0-1)],9.441375732421875e-05,0.008826971054077148,3,True,3
W|eII@@GH_b@B@@__OGE@?OC@_G@_G?wC?AB??WG?@o_?@f,[(17-23)-(15-22)-(14-21)-(12-20)-(10-11)-(9-19)-(8-18)-(7-16)-(6-13)-(4-5)-(2-3)-(0-1)],9.322166442871094e-05,0.029011249542236328,8,True,8
W|eII@@GH_b@B@@__OGE@?OC@_G@_G?wC?AB??WG?@o_?@f,[(21-22)-(17-23)-(14-15)-(12-20)-(10-11)-(9-19)-(8-18)-(7-16)-(6-13)-(4-5)-(2-3)-(0-1)],9.34600830078125e-05,0.006076812744140625,2,True,2
W|eII@@GH_b@B@@__OGE@?OC@_G@_G?wC?AB??WG?@o_?@f,[(21-22)-(17-23)-(14-15)-(12-20)-(10-11)-(9-19)-(8-18)-(7-16)-(6-13)-(4-5)-(2-3)-(0-1)],9.369850158691406e-05,0.02252674102783203,6,True,6
W|eII@@GH_b@B@@__OGE@?OC@_G@_G?wC?AB??WG?@o_?@f,[(17-23)-(15-22)-(14-21)-(12-20)-(11-19)-(9-10)-(8-18)-(7-16)-(6-13)-(4-5)-(2-3)-(0-1)],9.465217590332031e-05,0.011368036270141602,4,True,4
W|eII@@GH_b@B@@__OGE@?OC@_G@_G?wC?AB??WG?@o_?@f,[(17-23)-(15-22)-(14-21)-(12-20)-(11-19)-(9-10)-(8-18)-(7-16)-(6-13)-(4-5)-(2-3)-(0-1)],9.369850158691406e-05,0.018055200576782227,5,True,5
W|eII@@GH_b@B@@__OGE@?OC@_G@_G?wC?AB??WG?@o_?@f,[(21-22)-(17-23)-(14-15)-(12-20)-(11-19)-(9-10)-(8-18)-(7-16)-(6-13)-(4-5)-(2-3)-(0-1)],9.417533874511719e-05,0.014780998229980469,5,True,5
W|eII@@GH_b@B@@__OGE@?OC@_G@_G?wC?AB??WG?@o_?@f,[(21-22)-(17-23)-(14-15)-(12-20)-(11-19)-(9-10)-(8-18)-(7-16)-(6-13)-(4-5)-(2-3)-(0-1)],9.369850158691406e-05,0.01798701286315918,5,True,5
W|fIBCpEGW_`?_?__]G?W?@C?EG?CG?EC?@P??EG??[_??^,[(22-23)-(20-21)-(18-19)-(15-16)-(13-14)-(12-17)-(10-11)-(8-9)-(6-7)-(4-5)-(2-3)-(0-1)],9.036064147949219e-05,0.02640676498413086,7,True,7
W|fIBCpEGW_`?_?__]G?W?@C?EG?CG?EC?@P??EG??[_??^,[(22-23)-(20-21)-(18-19)-(15-16)-(13-14)-(12-17)-(10-11)-(8-9)-(6-7)-(4-5)-(2-3)-(0-1)],9.655952453613281e-05,0.20238232612609863,0,False,6
W|fIBCpEGW_`?_?__]G?W?@C?EG?CG?EC?@P??EG??[_??^,[(21-22)-(20-23)-(18-19)-(15-16)-(13-14)-(12-17)-(10-11)-(8-9)-(6-7)-(4-5)-(2-3)-(0-1)],9.632110595703125e-05,0.033148765563964844,7,True,7
W|fIBCpEGW_`?_?__]G?W?@C?EG?CG?EC?@P??EG??[_??^,[(21-22)-(20-23)-(18-19)-(15-16)-(13-14)-(12-17)-(10-11)-(8-9)-(6-7)-(4-5)-(2-3)-(0-1)],9.775161743164062e-05,1.0608317852020264,15,True,23
W|fIBCpEGW_`?_?__]G?W?@C?EG?CG?EC?@P??EG??[_??^,[(21-23)-(19-20)-(18-22)-(15-16)-(13-14)-(12-17)-(10-11)-(8-9)-(6-7)-(4-5)-(2-3)-(0-1)],9.393692016601562e-05,0.039647579193115234,6,True,9
W|fIBCpEGW_`?_?__]G?W?@C?EG?CG?EC?@P??EG??[_??^,[(21-23)-(19-20)-(18-22)-(15-16)-(13-14)-(12-17)-(10-11)-(8-9)-(6-7)-(4-5)-(2-3)-(0-1)],9.441375732421875e-05,0.02294301986694336,5,True,5
W|fIBCpEGW_`?_?__]G?W?@C?EG?CG?EC?@P??EG??[_??^,[(20-21)-(19-23)-(18-22)-(15-16)-(13-14)-(12-17)-(10-11)-(8-9)-(6-7)-(4-5)-(2-3)-(0-1)],9.465217590332031e-05,0.06422615051269531,0,False,3
W|fIBCpEGW_`?_?__]G?W?@C?EG?CG?EC?@P??EG??[_??^,[(20-21)-(19-23)-(18-22)-(15-16)-(13-14)-(12-17)-(10-11)-(8-9)-(6-7)-(4-5)-(2-3)-(0-1)],9.632110595703125e-05,1.147381067276001,0,False,7
W|fIBCpEGW_`?_?__]G?W?@C?EG?CG?EC?@P??EG??[_??^,[(21-22)-(19-20)-(18-23)-(15-16)-(13-14)-(12-17)-(10-11)-(8-9)-(6-7)-(4-5)-(2-3)-(0-1)],9.465217590332031e-05,0.07184410095214844,4,True,5
W|fIBCpEGW_`?_?__]G?W?@C?EG?CG?EC?@P??EG??[_??^,[(21-22)-(19-20)-(18-23)-(15-16)-(13-14)-(12-17)-(10-11)-(8-9)-(6-7)-(4-5)-(2-3)-(0-1)],9.5367431640625e-05,1.5453433990478516,0,False,16
W|fIBCpEGW_`?_?__]G?W?@C?EG?CG?EC?@P??EG??[_??^,[(22-23)-(18-19)-(16-21)-(15-20)-(13-14)-(12-17)-(10-11)-(8-9)-(6-7)-(4-5)-(2-3)-(0-1)],9.107589721679688e-05,0.017986297607421875,5,True,5
W|fIBCpEGW_`?_?__]G?W?@C?EG?CG?EC?@P??EG??[_??^,[(22-23)-(18-19)-(16-21)-(15-20)-(13-14)-(12-17)-(10-11)-(8-9)-(6-7)-(4-5)-(2-3)-(0-1)],9.107589721679688e-05,0.008442401885986328,3,True,3
W|fIBCpEGW_`?_?__]G?W?@C?EG?CG?EC?@P??EG??[_??^,[(19-23)-(18-22)-(16-21)-(15-20)-(13-14)-(12-17)-(10-11)-(8-9)-(6-7)-(4-5)-(2-3)-(0-1)],9.226799011230469e-05,0.008519172668457031,3,True,3
W|fIBCpEGW_`?_?__]G?W?@C?EG?CG?EC?@P??EG??[_??^,[(19-23)-(18-22)-(16-21)-(15-20)-(13-14)-(12-17)-(10-11)-(8-9)-(6-7)-(4-5)-(2-3)-(0-1)],9.202957153320312e-05,0.021756410598754883,6,True,6
W|fIBCpEGW_`?_?__]G?W?@C?EG?CG?EC?@P??EG??[_??^,[(21-23)-(18-19)-(16-22)-(15-20)-(13-14)-(12-17)-(10-11)-(8-9)-(6-7)-(4-5)-(2-3)-(0-1)],9.34600830078125e-05,0.11290693283081055,7,True,7
W|fIBCpEGW_`?_?__]G?W?@C?EG?CG?EC?@P??EG??[_??^,[(21-23)-(18-19)-(16-22)-(15-20)-(13-14)-(12-17)-(10-11)-(8-9)-(6-7)-(4-5)-(2-3)-(0-1)],9.489059448242188e-05,0.0059032440185546875,2,True,2
W|fIBCpEGW_`?_?__]G?W?@C?EG?CG?EC?@P??EG??[_??^,[(20-23)-(18-19)-(16-22)-(15-21)-(13-14)-(12-17)-(10-11)-(8-9)-(6-7)-(4-5)-(2-3)-(0-1)],9.5367431640625e-05,0.17049217224121094,4,True,5
W|fIBCpEGW_`?_?__]G?W?@C?EG?CG?EC?@P??EG??[_??^,[(20-23)-(18-19)-(16-22)-(15-21)-(13-14)-(12-17)-(10-11)-(8-9)-(6-7)-(4-5)-(2-3)-(0-1)],0.00010180473327636719,0.019343852996826172,6,True,6
W|fIBCpEGW_`?_?__]G?W?@C?EG?CG?EC?@P??EG??[_??^,[(19-20)-(18-23)-(16-22)-(15-21)-(13-14)-(12-17)-(10-11)-(8-9)-(6-7)-(4-5)-(2-3)-(0-1)],9.679794311523438e-05,0.632232666015625,5,True,9
W|fIBCpEGW_`?_?__]G?W?@C?EG?CG?EC?@P??EG??[_??^,[(19-20)-(18-23)-(16-22)-(15-21)-(13-14)-(12-17)-(10-11)-(8-9)-(6-7)-(4-5)-(2-3)-(0-1)],0.00010085105895996094,0.28557634353637695,6,True,7
W|fIBCpEGO_`@_?a?^??I?@C?EG?CG?EC?@P??EG??[_??^,[(21-23)-(18-22)-(15-20)-(13-19)-(12-17)-(11-16)-(10-14)-(8-9)-(6-7)-(4-5)-(2-3)-(0-1)],9.179115295410156e-05,1.7296509742736816,0,False,20
W|fIBCpEGO_`@_?a?^??I?@C?EG?CG?EC?@P??EG??[_??^,[(21-23)-(18-22)-(15-20)-(13-19)-(12-17)-(11-16)-(10-14)-(8-9)-(6-7)-(4-5)-(2-3)-(0-1)],9.584426879882812e-05,0.22507858276367188,0,False,15
W|fIBCpEGO_`@_?a?^??I?@C?EG?CG?EC?@P??EG??[_??^,[(21-22)-(18-23)-(15-20)-(13-19)-(12-17)-(11-16)-(10-14)-(8-9)-(6-7)-(4-5)-(2-3)-(0-1)],9.846687316894531e-05,0.033046722412109375,9,True,9
W|fIBCpEGO_`@_?a?^??I?@C?EG?CG?EC?@P??EG??[_??^,[(21-22)-(18-23)-(15-20)-(13-19)-(12-17)-(11-16)-(10-14)-(8-9)-(6-7)-(4-5)-(2-3)-(0-1)],9.512901306152344e-05,0.14754176139831543,0,False,7
W|fIBCpEGO_`@_?a?^??I?@C?EG?CG?EC?@P??EG??[_??^,[(20-23)-(18-22)-(15-21)-(13-19)-(12-17)-(11-16)-(10-14)-(8-9)-(6-7)-(4-5)-(2-3)-(0-1)],9.632110595703125e-05,0.019866943359375,6,True,6
W|fIBCpEGO_`@_?a?^??I?@C?EG?CG?EC?@P??EG??[_??^,[(20-23)-(18-22)-(15-21)-(13-19)-(12-17)-(11-16)-(10-14)-(8-9)-(6-7)-(4-5)-(2-3)-(0-1)],9.298324584960938e-05,0.21888256072998047,0,False,15
W|fIBCpEGO_`@_?a?^??I?@C?EG?CG?EC?@P??EG??[_??^,[(22-23)-(18-19)-(15-21)-(13-20)-(12-17)-(11-16)-(10-14)-(8-9)-(6-7)-(4-5)-(2-3)-(0-1)],9.512901306152344e-05,0.48803210258483887,0,False,16
W|fIBCpEGO_`@_?a?^??I?@C?EG?CG?EC?@P??EG??[_??^,[(22-23)-(18-19)-(15-21)-(13-20)-(12-17)-(11-16)-(10-14)-(8-9)-(6-7)-(4-5)-(2-3)-(0-1)],9.965896606445312e-05,0.01833486557006836,4,True,4
W|fIBCpEGO_`@_?a?^??I?@C?EG?CG?EC?@P??EG??[_??^,[(19-23)-(18-22)-(15-21)-(13-20)-(12-17)-(11-16)-(10-14)-(8-9)-(6-7)-(4-5)-(2-3)-(0-1)],9.72747802734375e-05,1.0810720920562744,0,False,5
W|fIBCpEGO_`@_?a?^??I?@C?EG?CG?EC?@P??EG??[_??^,[(19-23)-(18-22)-(15-21)-(13-20)-(12-17)-(11-16)-(10-14)-(8-9)-(6-7)-(4-5)-(2-3)-(0-1)],9.560585021972656e-05,0.023849964141845703,0,False,2
W|fIBCpEGO_`@_?a?^??I?@C?EG?CG?EC?@P??EG??[_??^,[(22-23)-(20-21)-(18-19)-(13-15)-(12-17)-(11-16)-(10-14)-(8-9)-(6-7)-(4-5)-(2-3)-(0-1)],9.608268737792969e-05,0.008194684982299805,2,True,2
W|fIBCpEGO_`@_?a?^??I?@C?EG?CG?EC?@P??EG??[_??^,[(22-23)-(20-21)-(18-19)-(13-15)-(12-17)-(11-16)-(10-14)-(8-9)-(6-7)-(4-5)-(2-3)-(0-1)],9.202957153320312e-05,1.1992039680480957,0,False,10
W|fIBCpEGO_`@_?a?^??I?@C?EG?CG?EC?@P??EG??[_??^,[(21-22)-(20-23)-(18-19)-(13-15)-(12-17)-(11-16)-(10-14)-(8-9)-(6-7)-(4-5)-(2-3)-(0-1)],9.322166442871094e-05,0.02707076072692871,3,True,3
W|fIBCpEGO_`@_?a?^??I?@C?EG?CG?EC?@P??EG??[_??^,[(21-22)-(20-23)-(18-19)-(13-15)-(12-17)-(11-16)-(10-14)-(8-9)-(6-7)-(4-5)-(2-3)-(0-1)],9.441375732421875e-05,0.02070021629333496,6,True,6
W|fIBCpEGO_`@_?a?^??I?@C?EG?CG?EC?@P??EG??[_??^,[(21-23)-(19-20)-(18-22)-(13-15)-(12-17)-(11-16)-(10-14)-(8-9)-(6-7)-(4-5)-(2-3)-(0-1)],9.274482727050781e-05,0.005842924118041992,2,True,2
W|fIBCpEGO_`@_?a?^??I?@C?EG?CG?EC?@P??EG??[_??^,[(21-23)-(19-20)-(18-22)-(13-15)-(12-17)-(11-16)-(10-14)-(8-9)-(6-7)-(4-5)-(2-3)-(0-1)],9.298324584960938e-05,0.021180152893066406,6,True,6
W|fIBCpEGO_`@_?a?^??I?@C?EG?CG?EC?@P??EG??[_??^,[(20-21)-(19-23)-(18-22)-(13-15)-(12-17)-(11-16)-(10-14)-(8-9)-(6-7)-(4-5)-(2-3)-(0-1)],9.417533874511719e-05,0.011626958847045898,4,True,4
W|fIBCpEGO_`@_?a?^??I?@C?EG?CG?EC?@P??EG??[_??^,[(20-21)-(19-23)-(18-22)-(13-15)-(12-17)-(11-16)-(10-14)-(8-9)-(6-7)-(4-5)-(2-3)-(0-1)],9.226799011230469e-05,0.021157503128051758,6,True,6
W|fIBCpEGO_`@_?a?^??I?@C?EG?CG?EC?@P??EG??[_??^,[(21-22)-(19-20)-(18-23)-(13-15)-(12-17)-(11-16)-(10-14)-(8-9)-(6-7)-(4-5)-(2-3)-(0-1)],9.298324584960938e-05,0.00580906867980957,2,True,2
W|fIBCpEGO_`@_?a?^??I?@C?EG?CG?EC?@P??EG??[_??^,[(21-22)-(19-20)-(18-23)-(13-15)-(12-17)-(11-16)-(10-14)-(8-9)-(6-7)-(4-5)-(2-3)-(0-1)],9.226799011230469e-05,0.019204139709472656,5,True,5
W|eIID_KGo`_@`?__GGA@?WC?wG?WG?M??@`??KG??s_??^,[(22-23)-(15-21)-(14-20)-(12-13)-(11-19)-(10-18)-(9-17)-(8-16)-(6-7)-(4-5)-(2-3)-(0-1)],8.893013000488281e-05,0.07949280738830566,9,True,9
W|eIID_KGo`_@`?__GGA@?WC?wG?WG?M??@`??KG??s_??^,[(22-23)-(15-21)-(14-20)-(12-13)-(11-19)-(10-18)-(9-17)-(8-16)-(6-7)-(4-5)-(2-3)-(0-1)],9.584426879882812e-05,0.08511471748352051,7,True,12
W|eIID_KGo`_@`?__GGA@?WC?wG?WG?M??@`??KG??s_??^,[(21-23)-(15-22)-(14-20)-(12-13)-(11-19)-(10-18)-(9-17)-(8-16)-(6-7)-(4-5)-(2-3)-(0-1)],9.34600830078125e-05,0.1044769287109375,10,True,10
W|eIID_KGo`_@`?__GGA@?WC?wG?WG?M??@`??KG??s_??^,[(21-23)-(15-22)-(14-20)-(12-13)-(11-19)-(10-18)-(9-17)-(8-16)-(6-7)-(4-5)-(2-3)-(0-1)],9.584426879882812e-05,0.022954702377319336,7,True,7
W|eIID_KGo`_@`?__GGA@?WC?wG?WG?M??@`??KG??s_??^,[(20-23)-(15-22)-(14-21)-(12-13)-(11-19)-(10-18)-(9-17)-(8-16)-(6-7)-(4-5)-(2-3)-(0-1)],9.72747802734375e-05,0.014459609985351562,0,False,2
W|eIID_KGo`_@`?__GGA@?WC?wG?WG?M??@`??KG??s_??^,[(20-23)-(15-22)-(14-21)-(12-13)-(11-19)-(10-18)-(9-17)-(8-16)-(6-7)-(4-5)-(2-3)-(0-1)],9.465217590332031e-05,1.2527506351470947,0,False,8
W|eIID_KGo`_@`?__GGA@?WC?wG?WG?M??@`??KG??s_??^,[(22-23)-(20-21)-(14-15)-(12-13)-(11-19)-(10-18)-(9-17)-(8-16)-(6-7)-(4-5)-(2-3)-(0-1)],9.417533874511719e-05,0.01875591278076172,5,True,5
W|eIID_KGo`_@`?__GGA@?WC?wG?WG?M??@`??KG??s_??^,[(22-23)-(20-21)-(14-15)-(12-13)-(11-19)-(10-18)-(9-17)-(8-16)-(6-7)-(4-5)-(2-3)-(0-1)],9.441375732421875e-05,0.02427077293395996,6,True,6
W|eIID_KGo`_@`?__GGA@?WC?wG?WG?M??@`??KG??s_??^,[(21-22)-(20-23)-(14-15)-(12-13)-(11-19)-(10-18)-(9-17)-(8-16)-(6-7)-(4-5)-(2-3)-(0-1)],0.00010824203491210938,0.005873441696166992,2,True,2
W|eIID_KGo`_@`?__GGA@?WC?wG?WG?M??@`??KG??s_??^,[(21-22)-(20-23)-(14-15)-(12-13)-(11-19)-(10-18)-(9-17)-(8-16)-(6-7)-(4-5)-(2-3)-(0-1)],9.1552734375e-05,0.03800630569458008,11,True,11
W|eIID_KGo`_@`?__GGA@?WC?wG?WG?M??@`??KG??s_??^,[(22-23)-(15-21)-(14-20)-(13-19)-(11-12)-(10-18)-(9-17)-(8-16)-(6-7)-(4-5)-(2-3)-(0-1)],9.274482727050781e-05,0.1451411247253418,7,True,7
W|eIID_KGo`_@`?__GGA@?WC?wG?WG?M??@`??KG??s_??^,[(22-23)-(15-21)-(14-20)-(13-19)-(11-12)-(10-18)-(9-17)-(8-16)-(6-7)-(4-5)-(2-3)-(0-1)],9.775161743164062e-05,0.08579587936401367,7,True,12
W|eIID_KGo`_@`?__GGA@?WC?wG?WG?M??@`??KG??s_??^,[(21-23)-(15-22)-(14-20)-(13-19)-(11-12)-(10-18)-(9-17)-(8-16)-(6-7)-(4-5)-(2-3)-(0-1)],9.679794311523438e-05,0.09443783760070801,8,True,13
W|eIID_KGo`_@`?__GGA@?WC?wG?WG?M??@`??KG??s_??^,[(21-23)-(15-22)-(14-20)-(13-19)-(11-12)-(10-18)-(9-17)-(8-16)-(6-7)-(4-5)-(2-3)-(0-1)],9.703636169433594e-05,0.012423515319824219,4,True,4
W|eIID_KGo`_@`?__GGA@?WC?wG?WG?M??@`??KG??s_??^,[(20-23)-(15-22)-(14-21)-(13-19)-(11-12)-(10-18)-(9-17)-(8-16)-(6-7)-(4-5)-(2-3)-(0-1)],9.584426879882812e-05,0.01445627212524414,0,False,2
W|eIID_KGo`_@`?__GGA@?WC?wG?WG?M??@`??KG??s_??^,[(20-23)-(15-22)-(14-21)-(13-19)-(11-12)-(10-18)-(9-17)-(8-16)-(6-7)-(4-5)-(2-3)-(0-1)],9.202957153320312e-05,0.11090421676635742,4,True,7
W|eIID_KGo`_@`?__GGA@?WC?wG?WG?M??@`??KG??s_??^,[(22-23)-(20-21)-(14-15)-(13-19)-(11-12)-(10-18)-(9-17)-(8-16)-(6-7)-(4-5)-(2-3)-(0-1)],9.393692016601562e-05,0.2995939254760742,7,True,15
W|eIID_KGo`_@`?__GGA@?WC?wG?WG?M??@`??KG??s_??^,[(22-23)-(20-21)-(14-15)-(13-19)-(11-12)-(10-18)-(9-17)-(8-16)-(6-7)-(4-5)-(2-3)-(0-1)],9.989738464355469e-05,0.025947093963623047,7,True,7
W|eIID_KGo`_@`?__GGA@?WC?wG?WG?M??@`??KG??s_??^,[(21-22)-(20-23)-(14-15)-(13-19)-(11-12)-(10-18)-(9-17)-(8-16)-(6-7)-(4-5)-(2-3)-(0-1)],9.655952453613281e-05,0.005967617034912109,2,True,2
W|eIID_KGo`_@`?__GGA@?WC?wG?WG?M??@`??KG??s_??^,[(21-22)-(20-23)-(14-15)-(13-19)-(11-12)-(10-18)-(9-17)-(8-16)-(6-7)-(4-5)-(2-3)-(0-1)],9.679794311523438e-05,0.019456863403320312,6,True,6
W|fIIC`GG_b@B@?__W?B@?GC?OG?oG?]C?@E??WG?@o_?@f,[(20-23)-(15-22)-(14-21)-(12-13)-(11-19)-(10-18)-(9-17)-(8-16)-(6-7)-(4-5)-(2-3)-(0-1)],9.274482727050781e-05,0.01101231575012207,4,True,4
W|fIIC`GG_b@B@?__W?B@?GC?OG?oG?]C?@E??WG?@o_?@f,[(20-23)-(15-22)-(14-21)-(12-13)-(11-19)-(10-18)-(9-17)-(8-16)-(6-7)-(4-5)-(2-3)-(0-1)],9.703636169433594e-05,1.1874139308929443,0,False,6
W|fIIC`GG_b@B@?__W?B@?GC?OG?oG?]C?@E??WG?@o_?@f,[(22-23)-(20-21)-(14-15)-(12-13)-(11-19)-(10-18)-(9-17)-(8-16)-(6-7)-(4-5)-(2-3)-(0-1)],9.369850158691406e-05,0.029973745346069336,4,True,4
W|fIIC`GG_b@B@?__W?B@?GC?OG?oG?]C?@E??WG?@o_?@f,[(22-23)-(20-21)-(14-15)-(12-13)-(11-19)-(10-18)-(9-17)-(8-16)-(6-7)-(4-5)-(2-3)-(0-1)],9.441375732421875e-05,0.014697551727294922,5,True,5
W|fIIC`GG_b@B@?__W?B@?GC?OG?oG?]C?@E??WG?@o_?@f,[(21-22)-(20-23)-(14-15)-(12-13)-(11-19)-(10-18)-(9-17)-(8-16)-(6-7)-(4-5)-(2-3)-(0-1)],9.322166442871094e-05,0.00607609748840332,2,True,2
W|fIIC`GG_b@B@?__W?B@?GC?OG?oG?]C?@E??WG?@o_?@f,[(21-22)-(20-23)-(14-15)-(12-13)-(11-19)-(10-18)-(9-17)-(8-16)-(6-7)-(4-5)-(2-3)-(0-1)],9.250640869140625e-05,0.014486312866210938,5,True,5
W|fIIC`GG_b@B@?__W?B@?GC?OG?oG?]C?@E??WG?@o_?@f,[(20-23)-(15-22)-(14-21)-(13-19)-(11-12)-(10-18)-(9-17)-(8-16)-(6-7)-(4-5)-(2-3)-(0-1)],9.322166442871094e-05,0.011320829391479492,4,True,4
W|fIIC`GG_b@B@?__W?B@?GC?OG?oG?]C?@E??WG?@o_?@f,[(20-23)-(15-22)-(14-21)-(13-19)-(11-12)-(10-18)-(9-17)-(8-16)-(6-7)-(4-5)-(2-3)-(0-1)],9.179115295410156e-05,0.01055765151977539,2,True,2
W|fIIC`GG_b@B@?__W?B@?GC?OG?oG?]C?@E??WG?@o_?@f,[(22-23)-(20-21)-(14-15)-(13-19)-(11-12)-(10-18)-(9-17)-(8-16)-(6-7)-(4-5)-(2-3)-(0-1)],9.322166442871094e-05,0.0813591480255127,5,True,6
W|fIIC`GG_b@B@?__W?B@?GC?OG?oG?]C?@E??WG?@o_?@f,[(22-23)-(20-21)-(14-15)-(13-19)-(11-12)-(10-18)-(9-17)-(8-16)-(6-7)-(4-5)-(2-3)-(0-1)],9.250640869140625e-05,0.01839900016784668,5,True,5
W|fIIC`GG_b@B@?__W?B@?GC?OG?oG?]C?@E??WG?@o_?@f,[(21-22)-(20-23)-(14-15)-(13-19)-(11-12)-(10-18)-(9-17)-(8-16)-(6-7)-(4-5)-(2-3)-(0-1)],9.298324584960938e-05,0.015030145645141602,5,True,5
W|fIIC`GG_b@B@?__W?B@?GC?OG?oG?]C?@E??WG?@o_?@f,[(21-22)-(20-23)-(14-15)-(13-19)-(11-12)-(10-18)-(9-17)-(8-16)-(6-7)-(4-5)-(2-3)-(0-1)],9.226799011230469e-05,0.03802227973937988,5,True,5
W|fIIC`GG_b@B@?__W?B@?GC?OG?oG?]C?@E??WG?@o_?@f,[(22-23)-(18-20)-(14-15)-(13-21)-(11-12)-(10-19)-(9-17)-(8-16)-(6-7)-(4-5)-(2-3)-(0-1)],9.274482727050781e-05,0.024202823638916016,4,True,5
W|fIIC`GG_b@B@?__W?B@?GC?OG?oG?]C?@E??WG?@o_?@f,[(22-23)-(18-20)-(14-15)-(13-21)-(11-12)-(10-19)-(9-17)-(8-16)-(6-7)-(4-5)-(2-3)-(0-1)],9.465217590332031e-05,0.023781538009643555,7,True,7
W|fIIC`GG_b@B@?__W?B@?GC?OG?oG?]C?@E??WG?@o_?@f,[(22-23)-(18-20)-(14-15)-(13-21)-(12-19)-(10-11)-(9-17)-(8-16)-(6-7)-(4-5)-(2-3)-(0-1)],9.369850158691406e-05,0.04178619384765625,5,True,5
W|fIIC`GG_b@B@?__W?B@?GC?OG?oG?]C?@E??WG?@o_?@f,[(22-23)-(18-20)-(14-15)-(13-21)-(12-19)-(10-11)-(9-17)-(8-16)-(6-7)-(4-5)-(2-3)-(0-1)],9.298324584960938e-05,0.019494056701660156,6,True,6
W|fIIC`GG_b@B@?__W?B@?GC?OG?oG?]C?@E??WG?@o_?@f,[(20-23)-(18-19)-(15-22)-(14-21)-(12-13)-(10-11)-(9-17)-(8-16)-(6-7)-(4-5)-(2-3)-(0-1)],9.274482727050781e-05,0.005851030349731445,2,True,2
W|fIIC`GG_b@B@?__W?B@?GC?OG?oG?]C?@E??WG?@o_?@f,[(20-23)-(18-19)-(15-22)-(14-21)-(12-13)-(10-11)-(9-17)-(8-16)-(6-7)-(4-5)-(2-3)-(0-1)],9.179115295410156e-05,0.011698007583618164,4,True,4
W|fIIC`GG_b@B@?__W?B@?GC?OG?oG?]C?@E??WG?@o_?@f,[(22-23)-(20-21)-(18-19)-(14-15)-(12-13)-(10-11)-(9-17)-(8-16)-(6-7)-(4-5)-(2-3)-(0-1)],9.322166442871094e-05,0.034227609634399414,5,True,5
W|fIIC`GG_b@B@?__W?B@?GC?OG?oG?]C?@E??WG?@o_?@f,[(22-23)-(20-21)-(18-19)-(14-15)-(12-13)-(10-11)-(9-17)-(8-16)-(6-7)-(4-5)-(2-3)-(0-1)],9.226799011230469e-05,0.014748573303222656,5,True,5
W|fIBCpEGO_`@`?_?WG@p?AC?CG?KG?EC?@@??YG??X_??|,[(22-23)-(20-21)-(14-15)-(13-19)-(12-18)-(11-17)-(10-16)-(8-9)-(6-7)-(4-5)-(2-3)-(0-1)],8.893013000488281e-05,0.006211280822753906,2,True,2
W|fIBCpEGO_`@`?_?WG@p?AC?CG?KG?EC?@@??YG??X_??|,[(22-23)-(20-21)-(14-15)-(13-19)-(12-18)-(11-17)-(10-16)-(8-9)-(6-7)-(4-5)-(2-3)-(0-1)],9.989738464355469e-05,0.008545398712158203,3,True,3
W|fIBCpEGO_`@`?_?WG@p?AC?CG?KG?EC?@@??YG??X_??|,[(21-22)-(20-23)-(14-15)-(13-19)-(12-18)-(11-17)-(10-16)-(8-9)-(6-7)-(4-5)-(2-3)-(0-1)],9.560585021972656e-05,0.03560137748718262,0,False,3
W|fIBCpEGO_`@`?_?WG@p?AC?CG?KG?EC?@@??YG??X_??|,[(21-22)-(20-23)-(14-15)-(13-19)-(12-18)-(11-17)-(10-16)-(8-9)-(6-7)-(4-5)-(2-3)-(0-1)],9.512901306152344e-05,0.008356571197509766,2,True,2
W|fIBCpEGO_`@`?_?WG@p?AC?CG?KG?EC?@@??YG??X_??|,[(21-22)-(19-23)-(14-15)-(13-20)-(12-18)-(11-17)-(10-16)-(8-9)-(6-7)-(4-5)-(2-3)-(0-1)],9.34600830078125e-05,0.005602836608886719,2,True,2
W|fIBCpEGO_`@`?_?WG@p?AC?CG?KG?EC?@@??YG??X_??|,[(21-22)-(19-23)-(14-15)-(13-20)-(12-18)-(11-17)-(10-16)-(8-9)-(6-7)-(4-5)-(2-3)-(0-1)],9.298324584960938e-05,1.0628483295440674,0,False,6
W|fIBCpEGO_`@`?_?WG@p?AC?CG?KG?EC?@@??YG??X_??|,[(22-23)-(19-20)-(14-15)-(13-21)-(12-18)-(11-17)-(10-16)-(8-9)-(6-7)-(4-5)-(2-3)-(0-1)],9.250640869140625e-05,0.0059549808502197266,2,True,2
W|fIBCpEGO_`@`?_?WG@p?AC?CG?KG?EC?@@??YG??X_??|,[(22-23)-(19-20)-(14-15)-(13-21)-(12-18)-(11-17)-(10-16)-(8-9)-(6-7)-(4-5)-(2-3)-(0-1)],9.465217590332031e-05,0.031163930892944336,6,True,6
W|fIBCpEGO_`@`?_?WG@p?AC?CG?KG?EC?@@??YG??X_??|,[(20-22)-(19-23)-(14-15)-(13-21)-(12-18)-(11-17)-(10-16)-(8-9)-(6-7)-(4-5)-(2-3)-(0-1)],9.298324584960938e-05,0.00350189208984375,1,True,1
W|fIBCpEGO_`@`?_?WG@p?AC?CG?KG?EC?@@??YG??X_??|,[(20-22)-(19-23)-(14-15)-(13-21)-(12-18)-(11-17)-(10-16)-(8-9)-(6-7)-(4-5)-(2-3)-(0-1)],9.202957153320312e-05,0.02548384666442871,0,False,7
W|fIBCpEGO_`@`?_?WG@p?AC?CG?KG?EC?@@??YG??X_??|,[(21-22)-(18-23)-(14-15)-(13-20)-(12-19)-(11-17)-(10-16)-(8-9)-(6-7)-(4-5)-(2-3)-(0-1)],9.560585021972656e-05,0.008138179779052734,3,True,3
W|fIBCpEGO_`@`?_?WG@p?AC?CG?KG?EC?@@??YG??X_??|,[(21-22)-(18-23)-(14-15)-(13-20)-(12-19)-(11-17)-(10-16)-(8-9)-(6-7)-(4-5)-(2-3)-(0-1)],9.274482727050781e-05,0.014047861099243164,0,False,2
W|fIBCpEGO_`@`?_?WG@p?AC?CG?KG?EC?@@??YG??X_??|,[(20-22)-(18-23)-(14-15)-(13-21)-(12-19)-(11-17)-(10-16)-(8-9)-(6-7)-(4-5)-(2-3)-(0-1)],9.393692016601562e-05,0.01989006996154785,3,True,4
W|fIBCpEGO_`@`?_?WG@p?AC?CG?KG?EC?@@??YG??X_??|,[(20-22)-(18-23)-(14-15)-(13-21)-(12-19)-(11-17)-(10-16)-(8-9)-(6-7)-(4-5)-(2-3)-(0-1)],9.322166442871094e-05,0.0057413578033447266,2,True,2
W|fIBCpEGO_`@`?_?WG@p?AC?CG?KG?EC?@@??YG??X_??|,[(21-22)-(17-23)-(14-15)-(13-20)-(12-19)-(11-18)-(10-16)-(8-9)-(6-7)-(4-5)-(2-3)-(0-1)],9.298324584960938e-05,0.0015971660614013672,0,True,0
W|fIBCpEGO_`@`?_?WG@p?AC?CG?KG?EC?@@??YG??X_??|,[(21-22)-(17-23)-(14-15)-(13-20)-(12-19)-(11-18)-(10-16)-(8-9)-(6-7)-(4-5)-(2-3)-(0-1)],9.226799011230469e-05,0.023439645767211914,7,True,7
W|fIBCpEGO_`@`?_?WG@p?AC?CG?KG?EC?@@??YG??X_??|,[(20-23)-(17-22)-(14-15)-(13-21)-(12-19)-(11-18)-(10-16)-(8-9)-(6-7)-(4-5)-(2-3)-(0-1)],9.298324584960938e-05,0.005807161331176758,2,True,2
W|fIBCpEGO_`@`?_?WG@p?AC?CG?KG?EC?@@??YG??X_??|,[(20-23)-(17-22)-(14-15)-(13-21)-(12-19)-(11-18)-(10-16)-(8-9)-(6-7)-(4-5)-(2-3)-(0-1)],9.226799011230469e-05,0.014525413513183594,5,True,5
W|fIBCpEGO_`@`?_?WG@p?AC?CG?KG?EC?@@??YG??X_??|,[(20-22)-(17-23)-(14-15)-(13-21)-(12-19)-(11-18)-(10-16)-(8-9)-(6-7)-(4-5)-(2-3)-(0-1)],9.226799011230469e-05,0.010618209838867188,4,True,4
W|fIBCpEGO_`@`?_?WG@p?AC?CG?KG?EC?@@??YG??X_??|,[(20-22)-(17-23)-(14-15)-(13-21)-(12-19)-(11-18)-(10-16)-(8-9)-(6-7)-(4-5)-(2-3)-(0-1)],9.1552734375e-05,0.005787372589111328,2,True,2
W|fIJ?pEG[_R?o?O?Cg?K??c?BG?AG?BC??p??EG??[_??^,[(21-23)-(18-22)-(15-20)-(14-19)-(13-17)-(12-16)-(9-11)-(7-8)-(6-10)-(4-5)-(2-3)-(0-1)],8.988380432128906e-05,0.42810940742492676,16,True,20
W|fIJ?pEG[_R?o?O?Cg?K??c?BG?AG?BC??p??EG??[_??^,[(21-23)-(18-22)-(15-20)-(14-19)-(13-17)-(12-16)-(9-11)-(7-8)-(6-10)-(4-5)-(2-3)-(0-1)],9.942054748535156e-05,0.011699914932250977,4,True,4
W|fIJ?pEG[_R?o?O?Cg?K??c?BG?AG?BC??p??EG??[_??^,[(21-22)-(18-23)-(15-20)-(14-19)-(13-17)-(12-16)-(9-11)-(7-8)-(6-10)-(4-5)-(2-3)-(0-1)],9.322166442871094e-05,0.022362947463989258,7,True,7
W|fIJ?pEG[_R?o?O?Cg?K??c?BG?AG?BC??p??EG??[_??^,[(21-22)-(18-23)-(15-20)-(14-19)-(13-17)-(12-16)-(9-11)-(7-8)-(6-10)-(4-5)-(2-3)-(0-1)],0.00012683868408203125,0.021065950393676758,7,True,7
W|fIJ?pEG[_R?o?O?Cg?K??c?BG?AG?BC??p??EG??[_??^,[(20-23)-(18-22)-(15-21)-(14-19)-(13-17)-(12-16)-(9-11)-(7-8)-(6-10)-(4-5)-(2-3)-(0-1)],9.393692016601562e-05,0.13321542739868164,9,True,10
W|fIJ?pEG[_R?o?O?Cg?K??c?BG?AG?BC??p??EG??[_??^,[(20-23)-(18-22)-(15-21)-(14-19)-(13-17)-(12-16)-(9-11)-(7-8)-(6-10)-(4-5)-(2-3)-(0-1)],9.393692016601562e-05,0.01811671257019043,6,True,6
W|fIJ?pEG[_R?o?O?Cg?K??c?BG?AG?BC??p??EG??[_??^,[(22-23)-(18-19)-(15-21)-(14-20)-(13-17)-(12-16)-(9-11)-(7-8)-(6-10)-(4-5)-(2-3)-(0-1)],9.34600830078125e-05,0.07724881172180176,10,True,12
W|fIJ?pEG[_R?o?O?Cg?K??c?BG?AG?BC??p??EG??[_??^,[(22-23)-(18-19)-(15-21)-(14-20)-(13-17)-(12-16)-(9-11)-(7-8)-(6-10)-(4-5)-(2-3)-(0-1)],9.393692016601562e-05,0.014539718627929688,5,True,5
W|fIJ?pEG[_R?o?O?Cg?K??c?BG?AG?BC??p??EG??[_??^,[(19-23)-(18-22)-(15-21)-(14-20)-(13-17)-(12-16)-(9-11)-(7-8)-(6-10)-(4-5)-(2-3)-(0-1)],9.441375732421875e-05,0.4943733215332031,6,True,9
W|fIJ?pEG[_R?o?O?Cg?K??c?BG?AG?BC??p??EG??[_??^,[(19-23)-(18-22)-(15-21)-(14-20)-(13-17)-(12-16)-(9-11)-(7-8)-(6-10)-(4-5)-(2-3)-(0-1)],9.775161743164062e-05,0.015103578567504883,5,True,5
W|fIJ?pEG[_R?o?O?Cg?K??c?BG?AG?BC??p??EG??[_??^,[(21-23)-(17-22)-(15-20)-(14-19)-(13-18)-(12-16)-(9-11)-(7-8)-(6-10)-(4-5)-(2-3)-(0-1)],9.489059448242188e-05,0.021754980087280273,7,True,7
W|fIJ?pEG[_R?o?O?Cg?K??c?BG?AG?BC??p??EG??[_??^,[(21-23)-(17-22)-(15-20)-(14-19)-(13-18)-(12-16)-(9-11)-(7-8)-(6-10)-(4-5)-(2-3)-(0-1)],9.489059448242188e-05,0.008873701095581055,3,True,3
W|fIJ?pEG[_R?o?O?Cg?K??c?BG?AG?BC??p??EG??[_??^,[(20-23)-(17-22)-(15-21)-(14-19)-(13-18)-(12-16)-(9-11)-(7-8)-(6-10)-(4-5)-(2-3)-(0-1)],9.369850158691406e-05,0.02399301528930664,5,True,5
W|fIJ?pEG[_R?o?O?Cg?K??c?BG?AG?BC??p??EG??[_??^,[(20-23)-(17-22)-(15-21)-(14-19)-(13-18)-(12-16)-(9-11)-(7-8)-(6-10)-(4-5)-(2-3)-(0-1)],9.369850158691406e-05,0.022169113159179688,7,True,7
W|fIJ?pEG[_R?o?O?Cg?K??c?BG?AG?BC??p??EG??[_??^,[(19-23)-(17-22)-(15-21)-(14-20)-(13-18)-(12-16)-(9-11)-(7-8)-(6-10)-(4-5)-(2-3)-(0-1)],9.34600830078125e-05,0.018933534622192383,6,True,6
W|fIJ?pEG[_R?o?O?Cg?K??c?BG?AG?BC??p??EG??[_??^,[(19-23)-(17-22)-(15-21)-(14-20)-(13-18)-(12-16)-(9-11)-(7-8)-(6-10)-(4-5)-(2-3)-(0-1)],9.393692016601562e-05,0.019035816192626953,6,True,6
W|fIJ?pEG[_R?o?O?Cg?K??c?BG?AG?BC??p??EG??[_??^,[(22-23)-(17-18)-(15-21)-(14-20)-(13-19)-(12-16)-(9-11)-(7-8)-(6-10)-(4-5)-(2-3)-(0-1)],9.417533874511719e-05,0.030663490295410156,7,True,7
W|fIJ?pEG[_R?o?O?Cg?K??c?BG?AG?BC??p??EG??[_??^,[(22-23)-(17-18)-(15-21)-(14-20)-(13-19)-(12-16)-(9-11)-(7-8)-(6-10)-(4-5)-(2-3)-(0-1)],9.34600830078125e-05,0.015077352523803711,5,True,5
W|fIJ?pEG[_R?o?O?Cg?K??c?BG?AG?BC??p??EG??[_??^,[(18-23)-(17-22)-(15-21)-(14-20)-(13-19)-(12-16)-(9-11)-(7-8)-(6-10)-(4-5)-(2-3)-(0-1)],9.393692016601562e-05,0.034505605697631836,5,True,5
W|fIJ?pEG[_R?o?O?Cg?K??c?BG?AG?BC??p??EG??[_??^,[(18-23)-(17-22)-(15-21)-(14-20)-(13-19)-(12-16)-(9-11)-(7-8)-(6-10)-(4-5)-(2-3)-(0-1)],9.369850158691406e-05,0.015085220336914062,5,True,5
W|eIID_KGo`@@@@__OGA@?OC@_G@wG?GW?A@??wG?@`_?BL,[(19-23)-(15-16)-(14-22)-(13-21)-(12-20)-(10-11)-(9-18)-(8-17)-(6-7)-(4-5)-(2-3)-(0-1)],9.036064147949219e-05,0.029822587966918945,3,True,3
W|eIID_KGo`@@@@__OGA@?OC@_G@wG?GW?A@??wG?@`_?BL,[(19-23)-(15-16)-(14-22)-(13-21)-(12-20)-(10-11)-(9-18)-(8-17)-(6-7)-(4-5)-(2-3)-(0-1)],9.846687316894531e-05,0.26363658905029297,6,True,7
W|eIID_KGo`@@@@__OGA@?OC@_G@wG?GW?A@??wG?@`_?BL,[(16-19)-(15-23)-(14-22)-(13-21)-(12-20)-(10-11)-(9-18)-(8-17)-(6-7)-(4-5)-(2-3)-(0-1)],9.679794311523438e-05,0.01104879379272461,4,True,4
W|eIID_KGo`@@@@__OGA@?OC@_G@wG?GW?A@??wG?@`_?BL,[(16-19)-(15-23)-(14-22)-(13-21)-(12-20)-(10-11)-(9-18)-(8-17)-(6-7)-(4-5)-(2-3)-(0-1)],9.584426879882812e-05,0.011971235275268555,4,True,4
W|eIID_KGo`@@@@__OGA@?OC@_G@wG?GW?A@??wG?@`_?BL,[(22-23)-(16-19)-(14-15)-(13-21)-(12-20)-(10-11)-(9-18)-(8-17)-(6-7)-(4-5)-(2-3)-(0-1)],9.632110595703125e-05,0.010974884033203125,4,True,4
W|eIID_KGo`@@@@__OGA@?OC@_G@wG?GW?A@??wG?@`_?BL,[(22-23)-(16-19)-(14-15)-(13-21)-(12-20)-(10-11)-(9-18)-(8-17)-(6-7)-(4-5)-(2-3)-(0-1)],9.560585021972656e-05,0.012682437896728516,4,True,4
W|eIID_KGo`@@@@__OGA@?OC@_G@wG?GW?A@??wG?@`_?BL,[(21-22)-(19-23)-(15-16)-(13-14)-(12-20)-(10-11)-(9-18)-(8-17)-(6-7)-(4-5)-(2-3)-(0-1)],9.393692016601562e-05,0.01166391372680664,4,True,4
W|eIID_KGo`@@@@__OGA@?OC@_G@wG?GW?A@??wG?@`_?BL,[(21-22)-(19-23)-(15-16)-(13-14)-(12-20)-(10-11)-(9-18)-(8-17)-(6-7)-(4-5)-(2-3)-(0-1)],9.322166442871094e-05,0.015196561813354492,5,True,5
W|eIID_KGo`@@@@__OGA@?OC@_G@wG?GW?A@??wG?@`_?BL,[(21-22)-(16-19)-(15-23)-(13-14)-(12-20)-(10-11)-(9-18)-(8-17)-(6-7)-(4-5)-(2-3)-(0-1)],9.393692016601562e-05,0.008574962615966797,3,True,3
W|eIID_KGo`@@@@__OGA@?OC@_G@wG?GW?A@??wG?@`_?BL,[(21-22)-(16-19)-(15-23)-(13-14)-(12-20)-(10-11)-(9-18)-(8-17)-(6-7)-(4-5)-(2-3)-(0-1)],9.322166442871094e-05,0.047918081283569336,0,False,4
W|eIID_KGo`@@@@__OGA@?OC@_G@wG?GW?A@??wG?@`_?BL,[(22-23)-(19-20)-(15-16)-(13-14)-(12-21)-(10-11)-(9-18)-(8-17)-(6-7)-(4-5)-(2-3)-(0-1)],9.751319885253906e-05,0.06612610816955566,0,False,4
W|eIID_KGo`@@@@__OGA@?OC@_G@wG?GW?A@??wG?@`_?BL,[(22-23)-(19-20)-(15-16)-(13-14)-(12-21)-(10-11)-(9-18)-(8-17)-(6-7)-(4-5)-(2-3)-(0-1)],9.512901306152344e-05,0.009176492691040039,3,True,3
W|eIID_KGo`@@@@__OGA@?OC@_G@wG?GW?A@??wG?@`_?BL,[(20-22)-(19-23)-(15-16)-(13-14)-(12-21)-(10-11)-(9-18)-(8-17)-(6-7)-(4-5)-(2-3)-(0-1)],9.584426879882812e-05,0.0673990249633789,0,False,4
W|eIID_KGo`@@@@__OGA@?OC@_G@wG?GW?A@??wG?@`_?BL,[(20-22)-(19-23)-(15-16)-(13-14)-(12-21)-(10-11)-(9-18)-(8-17)-(6-7)-(4-5)-(2-3)-(0-1)],9.584426879882812e-05,0.008764028549194336,3,True,3
W|eIID_KGo`@@@@__OGA@?OC@_G@wG?GW?A@??wG?@`_?BL,[(20-23)-(16-19)-(15-22)-(13-14)-(12-21)-(10-11)-(9-18)-(8-17)-(6-7)-(4-5)-(2-3)-(0-1)],9.560585021972656e-05,0.011985540390014648,4,True,4
W|eIID_KGo`@@@@__OGA@?OC@_G@wG?GW?A@??wG?@`_?BL,[(20-23)-(16-19)-(15-22)-(13-14)-(12-21)-(10-11)-(9-18)-(8-17)-(6-7)-(4-5)-(2-3)-(0-1)],9.965896606445312e-05,0.016098976135253906,3,True,3
W|eIID_KGo`@@@@__OGA@?OC@_G@wG?GW?A@??wG?@`_?BL,[(19-20)-(16-23)-(15-22)-(13-14)-(12-21)-(10-11)-(9-18)-(8-17)-(6-7)-(4-5)-(2-3)-(0-1)],9.655952453613281e-05,0.03640913963317871,0,False,3
W|eIID_KGo`@@@@__OGA@?OC@_G@wG?GW?A@??wG?@`_?BL,[(19-20)-(16-23)-(15-22)-(13-14)-(12-21)-(10-11)-(9-18)-(8-17)-(6-7)-(4-5)-(2-3)-(0-1)],9.560585021972656e-05,0.008400201797485352,3,True,3
W|eIID_KGo`@@@@__OGA@?OC@_G@wG?GW?A@??wG?@`_?BL,[(20-22)-(16-19)-(15-23)-(13-14)-(12-21)-(10-11)-(9-18)-(8-17)-(6-7)-(4-5)-(2-3)-(0-1)],9.274482727050781e-05,0.015144824981689453,5,True,5
W|eIID_KGo`@@@@__OGA@?OC@_G@wG?GW?A@??wG?@`_?BL,[(20-22)-(16-19)-(15-23)-(13-14)-(12-21)-(10-11)-(9-18)-(8-17)-(6-7)-(4-5)-(2-3)-(0-1)],9.441375732421875e-05,0.013970136642456055,5,True,5
W|fIAC`KGo``@`?__OGA@?WC?wG?GG?EC?@`??KG??s_??^,[(18-23)-(15-22)-(14-21)-(13-20)-(12-19)-(10-11)-(9-17)-(8-16)-(6-7)-(4-5)-(2-3)-(0-1)],8.940696716308594e-05,0.011281251907348633,3,True,3
W|fIAC`KGo``@`?__OGA@?WC?wG?GG?EC?@`??KG??s_??^,[(18-23)-(15-22)-(14-21)-(13-20)-(12-19)-(10-11)-(9-17)-(8-16)-(6-7)-(4-5)-(2-3)-(0-1)],9.465217590332031e-05,0.011625528335571289,3,True,3
W|fIAC`KGo``@`?__OGA@?WC?wG?GG?EC?@`??KG??s_??^,[(21-23)-(18-22)-(14-15)-(13-20)-(12-19)-(10-11)-(9-17)-(8-16)-(6-7)-(4-5)-(2-3)-(0-1)],9.5367431640625e-05,0.008583545684814453,3,True,3
W|fIAC`KGo``@`?__OGA@?WC?wG?GG?EC?@`??KG??s_??^,[(21-23)-(18-22)-(14-15)-(13-20)-(12-19)-(10-11)-(9-17)-(8-16)-(6-7)-(4-5)-(2-3)-(0-1)],9.202957153320312e-05,0.01583242416381836,5,True,5
W|fIAC`KGo``@`?__OGA@?WC?wG?GG?EC?@`??KG??s_??^,[(21-22)-(18-23)-(14-15)-(13-20)-(12-19)-(10-11)-(9-17)-(8-16)-(6-7)-(4-5)-(2-3)-(0-1)],9.298324584960938e-05,0.02392888069152832,0,False,3
W|fIAC`KGo``@`?__OGA@?WC?wG?GG?EC?@`??KG??s_??^,[(21-22)-(18-23)-(14-15)-(13-20)-(12-19)-(10-11)-(9-17)-(8-16)-(6-7)-(4-5)-(2-3)-(0-1)],9.250640869140625e-05,0.01985907554626465,3,True,3
W|fIAC`KGo``@`?__OGA@?WC?wG?GG?EC?@`??KG??s_??^,[(20-23)-(18-22)-(15-21)-(13-14)-(12-19)-(10-11)-(9-17)-(8-16)-(6-7)-(4-5)-(2-3)-(0-1)],9.250640869140625e-05,0.016103506088256836,5,True,5
W|fIAC`KGo``@`?__OGA@?WC?wG?GG?EC?@`??KG??s_??^,[(20-23)-(18-22)-(15-21)-(13-14)-(12-19)-(10-11)-(9-17)-(8-16)-(6-7)-(4-5)-(2-3)-(0-1)],9.202957153320312e-05,0.016027450561523438,3,True,3
W|fIAC`KGo``@`?__OGA@?WC?wG?GG?EC?@`??KG??s_??^,[(20-21)-(18-23)-(15-22)-(13-14)-(12-19)-(10-11)-(9-17)-(8-16)-(6-7)-(4-5)-(2-3)-(0-1)],9.298324584960938e-05,0.01084589958190918,3,True,3
W|fIAC`KGo``@`?__OGA@?WC?wG?GG?EC?@`??KG??s_??^,[(20-21)-(18-23)-(15-22)-(13-14)-(12-19)-(10-11)-(9-17)-(8-16)-(6-7)-(4-5)-(2-3)-(0-1)],9.202957153320312e-05,0.012400388717651367,3,True,3
W|fIAC`KGo``@`?__OGA@?WC?wG?GG?EC?@`??KG??s_??^,[(22-23)-(18-19)-(15-21)-(14-20)-(12-13)-(10-11)-(9-17)-(8-16)-(6-7)-(4-5)-(2-3)-(0-1)],9.250640869140625e-05,0.008582592010498047,3,True,3
W|fIAC`KGo``@`?__OGA@?WC?wG?GG?EC?@`??KG??s_??^,[(22-23)-(18-19)-(15-21)-(14-20)-(12-13)-(10-11)-(9-17)-(8-16)-(6-7)-(4-5)-(2-3)-(0-1)],9.250640869140625e-05,0.019552946090698242,6,True,6
W|fIAC`KGo``@`?__OGA@?WC?wG?GG?EC?@`??KG??s_??^,[(19-23)-(18-22)-(15-21)-(14-20)-(12-13)-(10-11)-(9-17)-(8-16)-(6-7)-(4-5)-(2-3)-(0-1)],9.274482727050781e-05,0.005828857421875,2,True,2
W|fIAC`KGo``@`?__OGA@?WC?wG?GG?EC?@`??KG??s_??^,[(19-23)-(18-22)-(15-21)-(14-20)-(12-13)-(10-11)-(9-17)-(8-16)-(6-7)-(4-5)-(2-3)-(0-1)],9.226799011230469e-05,0.008558988571166992,3,True,3
W|fIAC`KGo``@`?__OGA@?WC?wG?GG?EC?@`??KG??s_??^,[(21-23)-(18-19)-(15-22)-(14-20)-(12-13)-(10-11)-(9-17)-(8-16)-(6-7)-(4-5)-(2-3)-(0-1)],9.250640869140625e-05,0.008609771728515625,3,True,3
W|fIAC`KGo``@`?__OGA@?WC?wG?GG?EC?@`??KG??s_??^,[(21-23)-(18-19)-(15-22)-(14-20)-(12-13)-(10-11)-(9-17)-(8-16)-(6-7)-(4-5)-(2-3)-(0-1)],9.250640869140625e-05,0.0548403263092041,4,True,4
W|fIAC`KGo``@`?__OGA@?WC?wG?GG?EC?@`??KG??s_??^,[(20-23)-(18-19)-(15-22)-(14-21)-(12-13)-(10-11)-(9-17)-(8-16)-(6-7)-(4-5)-(2-3)-(0-1)],9.369850158691406e-05,0.027962684631347656,6,True,6
W|fIAC`KGo``@`?__OGA@?WC?wG?GG?EC?@`??KG??s_??^,[(20-23)-(18-19)-(15-22)-(14-21)-(12-13)-(10-11)-(9-17)-(8-16)-(6-7)-(4-5)-(2-3)-(0-1)],9.179115295410156e-05,0.00854182243347168,3,True,3
W|fIAC`KGo``@`?__OGA@?WC?wG?GG?EC?@`??KG??s_??^,[(19-20)-(18-23)-(15-22)-(14-21)-(12-13)-(10-11)-(9-17)-(8-16)-(6-7)-(4-5)-(2-3)-(0-1)],9.131431579589844e-05,0.02600693702697754,3,True,3
W|fIAC`KGo``@`?__OGA@?WC?wG?GG?EC?@`??KG??s_??^,[(19-20)-(18-23)-(15-22)-(14-21)-(12-13)-(10-11)-(9-17)-(8-16)-(6-7)-(4-5)-(2-3)-(0-1)],9.1552734375e-05,0.008518695831298828,3,True,3
W|fIAC`KGo``@_?__OGA@?WC?{G?K??EC?@`??KG??s_??^,[(22-23)-(15-21)-(14-20)-(13-19)-(12-18)-(10-11)-(9-17)-(8-16)-(6-7)-(4-5)-(2-3)-(0-1)],8.893013000488281e-05,0.035561561584472656,0,False,3
W|fIAC`KGo``@_?__OGA@?WC?{G?K??EC?@`??KG??s_??^,[(22-23)-(15-21)-(14-20)-(13-19)-(12-18)-(10-11)-(9-17)-(8-16)-(6-7)-(4-5)-(2-3)-(0-1)],9.655952453613281e-05,0.00583195686340332,2,True,2
W|fIAC`KGo``@_?__OGA@?WC?{G?K??EC?@`??KG??s_??^,[(21-23)-(15-22)-(14-20)-(13-19)-(12-18)-(10-11)-(9-17)-(8-16)-(6-7)-(4-5)-(2-3)-(0-1)],9.34600830078125e-05,0.014120101928710938,0,False,2
W|fIAC`KGo``@_?__OGA@?WC?{G?K??EC?@`??KG??s_??^,[(21-23)-(15-22)-(14-20)-(13-19)-(12-18)-(10-11)-(9-17)-(8-16)-(6-7)-(4-5)-(2-3)-(0-1)],9.226799011230469e-05,0.07323241233825684,0,False,4
W|fIAC`KGo``@_?__OGA@?WC?{G?K??EC?@`??KG??s_??^,[(20-23)-(15-22)-(14-21)-(13-19)-(12-18)-(10-11)-(9-17)-(8-16)-(6-7)-(4-5)-(2-3)-(0-1)],9.298324584960938e-05,0.011706352233886719,4,True,4
W|fIAC`KGo``@_?__OGA@?WC?{G?K??EC?@`??KG??s_??^,[(20-23)-(15-22)-(14-21)-(13-19)-(12-18)-(10-11)-(9-17)-(8-16)-(6-7)-(4-5)-(2-3)-(0-1)],9.179115295410156e-05,0.03508496284484863,0,False,3
W|fIAC`KGo``@_?__OGA@?WC?{G?K??EC?@`??KG??s_??^,[(22-23)-(20-21)-(14-15)-(13-19)-(12-18)-(10-11)-(9-17)-(8-16)-(6-7)-(4-5)-(2-3)-(0-1)],9.298324584960938e-05,0.011322259902954102,4,True,4
W|fIAC`KGo``@_?__OGA@?WC?{G?K??EC?@`??KG??s_??^,[(22-23)-(20-21)-(14-15)-(13-19)-(12-18)-(10-11)-(9-17)-(8-16)-(6-7)-(4-5)-(2-3)-(0-1)],9.298324584960938e-05,1.1655611991882324,0,False,7
W|fIAC`KGo``@_?__OGA@?WC?{G?K??EC?@`??KG??s_??^,[(21-22)-(20-23)-(14-15)-(13-19)-(12-18)-(10-11)-(9-17)-(8-16)-(6-7)-(4-5)-(2-3)-(0-1)],9.369850158691406e-05,0.06356263160705566,0,False,3
W|fIAC`KGo``@_?__OGA@?WC?{G?K??EC?@`??KG??s_??^,[(21-22)-(20-23)-(14-15)-(13-19)-(12-18)-(10-11)-(9-17)-(8-16)-(6-7)-(4-5)-(2-3)-(0-1)],9.5367431640625e-05,0.011988639831542969,4,True,4
W|fIAC`KGo``@_?__OGA@?WC?{G?K??EC?@`??KG??s_??^,[(19-23)-(15-22)-(14-21)-(13-20)-(12-18)-(10-11)-(9-17)-(8-16)-(6-7)-(4-5)-(2-3)-(0-1)],9.632110595703125e-05,0.011583089828491211,4,True,4
W|fIAC`KGo``@_?__OGA@?WC?{G?K??EC?@`??KG??s_??^,[(19-23)-(15-22)-(14-21)-(13-20)-(12-18)-(10-11)-(9-17)-(8-16)-(6-7)-(4-5)-(2-3)-(0-1)],9.465217590332031e-05,0.009110212326049805,3,True,3
W|fIAC`KGo``@_?__OGA@?WC?{G?K??EC?@`??KG??s_??^,[(21-22)-(19-23)-(14-15)-(13-20)-(12-18)-(10-11)-(9-17)-(8-16)-(6-7)-(4-5)-(2-3)-(0-1)],9.560585021972656e-05,0.7060301303863525,0,False,8
W|fIAC`KGo``@_?__OGA@?WC?{G?K??EC?@`??KG??s_??^,[(21-22)-(19-23)-(14-15)-(13-20)-(12-18)-(10-11)-(9-17)-(8-16)-(6-7)-(4-5)-(2-3)-(0-1)],9.965896606445312e-05,0.011689424514770508,4,True,4
W|fIAC`KGo``@_?__OGA@?WC?{G?K??EC?@`??KG??s_??^,[(22-23)-(19-20)-(15-21)-(13-14)-(12-18)-(10-11)-(9-17)-(8-16)-(6-7)-(4-5)-(2-3)-(0-1)],9.489059448242188e-05,0.008358240127563477,3,True,3
W|fIAC`KGo``@_?__OGA@?WC?{G?K??EC?@`??KG??s_??^,[(22-23)-(19-20)-(15-21)-(13-14)-(12-18)-(10-11)-(9-17)-(8-16)-(6-7)-(4-5)-(2-3)-(0-1)],9.202957153320312e-05,0.019058942794799805,6,True,6
W|fIAC`KGo``@_?__OGA@?WC?{G?K??EC?@`??KG??s_??^,[(21-23)-(19-20)-(15-22)-(13-14)-(12-18)-(10-11)-(9-17)-(8-16)-(6-7)-(4-5)-(2-3)-(0-1)],9.226799011230469e-05,0.015222311019897461,5,True,5
W|fIAC`KGo``@_?__OGA@?WC?{G?K??EC?@`??KG??s_??^,[(21-23)-(19-20)-(15-22)-(13-14)-(12-18)-(10-11)-(9-17)-(8-16)-(6-7)-(4-5)-(2-3)-(0-1)],9.226799011230469e-05,0.005795717239379883,2,True,2
W|fIAC`KGo``@_?__OGA@?WC?{G?K??EC?@`??KG??s_??^,[(20-21)-(19-23)-(15-22)-(13-14)-(12-18)-(10-11)-(9-17)-(8-16)-(6-7)-(4-5)-(2-3)-(0-1)],9.322166442871094e-05,0.00351715087890625,1,True,1
W|fIAC`KGo``@_?__OGA@?WC?{G?K??EC?@`??KG??s_??^,[(20-21)-(19-23)-(15-22)-(13-14)-(12-18)-(10-11)-(9-17)-(8-16)-(6-7)-(4-5)-(2-3)-(0-1)],9.1552734375e-05,0.7700753211975098,0,False,8
WtfIID_GH?a@E@B__OwA??OC@_G@_G?_C?GP?BKG??r??@x,[(19-23)-(16-22)-(15-21)-(13-14)-(11-12)-(10-20)-(9-18)-(8-17)-(6-7)-(4-5)-(2-3)-(0-1)],8.988380432128906e-05,0.015354633331298828,5,True,5
WtfIID_GH?a@E@B__OwA??OC@_G@_G?_C?GP?BKG??r??@x,[(19-23)-(16-22)-(15-21)-(13-14)-(11-12)-(10-20)-(9-18)-(8-17)-(6-7)-(4-5)-(2-3)-(0-1)],9.679794311523438e-05,0.029303312301635742,9,True,9
WtfIID_GH?a@E@B__OwA??OC@_G@_G?_C?GP?BKG??r??@x,[(19-22)-(16-23)-(15-21)-(13-14)-(11-12)-(10-20)-(9-18)-(8-17)-(6-7)-(4-5)-(2-3)-(0-1)],9.608268737792969e-05,0.022501707077026367,7,True,7
WtfIID_GH?a@E@B__OwA??OC@_G@_G?_C?GP?BKG??r??@x,[(19-22)-(16-23)-(15-21)-(13-14)-(11-12)-(10-20)-(9-18)-(8-17)-(6-7)-(4-5)-(2-3)-(0-1)],9.393692016601562e-05,0.022598743438720703,7,True,7
WtfIID_GH?a@E@B__OwA??OC@_G@_G?_C?GP?BKG??r??@x,[(19-23)-(16-22)-(15-21)-(12-13)-(11-14)-(10-20)-(9-18)-(8-17)-(6-7)-(4-5)-(2-3)-(0-1)],9.441375732421875e-05,0.11794400215148926,7,True,10
WtfIID_GH?a@E@B__OwA??OC@_G@_G?_C?GP?BKG??r??@x,[(19-23)-(16-22)-(15-21)-(12-13)-(11-14)-(10-20)-(9-18)-(8-17)-(6-7)-(4-5)-(2-3)-(0-1)],0.00010037422180175781,0.008662700653076172,3,True,3
WtfIID_GH?a@E@B__OwA??OC@_G@_G?_C?GP?BKG??r??@x,[(19-22)-(16-23)-(15-21)-(12-13)-(11-14)-(10-20)-(9-18)-(8-17)-(6-7)-(4-5)-(2-3)-(0-1)],9.72747802734375e-05,0.030750274658203125,9,True,9
WtfIID_GH?a@E@B__OwA??OC@_G@_G?_C?GP?BKG??r??@x,[(19-22)-(16-23)-(15-21)-(12-13)-(11-14)-(10-20)-(9-18)-(8-17)-(6-7)-(4-5)-(2-3)-(0-1)],9.584426879882812e-05,0.01974797248840332,3,True,3
WtfIID_GH?a@E@B__OwA??OC@_G@_G?_C?GP?BKG??r??@x,[(22-23)-(19-20)-(15-16)-(13-14)-(11-12)-(10-21)-(9-18)-(8-17)-(6-7)-(4-5)-(2-3)-(0-1)],9.5367431640625e-05,0.017025470733642578,6,True,6
WtfIID_GH?a@E@B__OwA??OC@_G@_G?_C?GP?BKG??r??@x,[(22-23)-(19-20)-(15-16)-(13-14)-(11-12)-(10-21)-(9-18)-(8-17)-(6-7)-(4-5)-(2-3)-(0-1)],9.5367431640625e-05,0.31128621101379395,11,True,11
WtfIID_GH?a@E@B__OwA??OC@_G@_G?_C?GP?BKG??r??@x,[(20-22)-(19-23)-(15-16)-(13-14)-(11-12)-(10-21)-(9-18)-(8-17)-(6-7)-(4-5)-(2-3)-(0-1)],9.894371032714844e-05,0.005879402160644531,2,True,2
WtfIID_GH?a@E@B__OwA??OC@_G@_G?_C?GP?BKG??r??@x,[(20-22)-(19-23)-(15-16)-(13-14)-(11-12)-(10-21)-(9-18)-(8-17)-(6-7)-(4-5)-(2-3)-(0-1)],9.608268737792969e-05,0.008799076080322266,3,True,3
WtfIID_GH?a@E@B__OwA??OC@_G@_G?_C?GP?BKG??r??@x,[(19-23)-(16-22)-(15-20)-(13-14)-(11-12)-(10-21)-(9-18)-(8-17)-(6-7)-(4-5)-(2-3)-(0-1)],9.632110595703125e-05,0.0162508487701416,5,True,5
WtfIID_GH?a@E@B__OwA??OC@_G@_G?_C?GP?BKG??r??@x,[(19-23)-(16-22)-(15-20)-(13-14)-(11-12)-(10-21)-(9-18)-(8-17)-(6-7)-(4-5)-(2-3)-(0-1)],9.560585021972656e-05,0.9549269676208496,11,True,18
WtfIID_GH?a@E@B__OwA??OC@_G@_G?_C?GP?BKG??r??@x,[(19-22)-(16-23)-(15-20)-(13-14)-(11-12)-(10-21)-(9-18)-(8-17)-(6-7)-(4-5)-(2-3)-(0-1)],9.512901306152344e-05,0.10353636741638184,6,True,8
WtfIID_GH?a@E@B__OwA??OC@_G@_G?_C?GP?BKG??r??@x,[(19-22)-(16-23)-(15-20)-(13-14)-(11-12)-(10-21)-(9-18)-(8-17)-(6-7)-(4-5)-(2-3)-(0-1)],9.34600830078125e-05,0.008772611618041992,3,True,3
WtfIID_GH?a@E@B__OwA??OC@_G@_G?_C?GP?BKG??r??@x,[(19-20)-(16-23)-(15-22)-(13-14)-(11-12)-(10-21)-(9-18)-(8-17)-(6-7)-(4-5)-(2-3)-(0-1)],9.417533874511719e-05,0.010723590850830078,4,True,4
WtfIID_GH?a@E@B__OwA??OC@_G@_G?_C?GP?BKG??r??@x,[(19-20)-(16-23)-(15-22)-(13-14)-(11-12)-(10-21)-(9-18)-(8-17)-(6-7)-(4-5)-(2-3)-(0-1)],9.489059448242188e-05,0.04552793502807617,12,True,12
WtfIID_GH?a@E@B__OwA??OC@_G@_G?_C?GP?BKG??r??@x,[(22-23)-(19-20)-(15-16)-(12-13)-(11-14)-(10-21)-(9-18)-(8-17)-(6-7)-(4-5)-(2-3)-(0-1)],9.417533874511719e-05,0.029133081436157227,10,True,10
WtfIID_GH?a@E@B__OwA??OC@_G@_G?_C?GP?BKG??r??@x,[(22-23)-(19-20)-(15-16)-(12-13)-(11-14)-(10-21)-(9-18)-(8-17)-(6-7)-(4-5)-(2-3)-(0-1)],9.34600830078125e-05,0.02626204490661621,5,True,5
W|eII@`GG_b@B@@__OGE@?OC@_G?_G?oC?N@??Go?@o_?@r,[(22-23)-(19-21)-(14-15)-(11-12)-(10-20)-(9-18)-(8-17)-(7-16)-(6-13)-(4-5)-(2-3)-(0-1)],9.083747863769531e-05,0.02761983871459961,5,True,5
W|eII@`GG_b@B@@__OGE@?OC@_G?_G?oC?N@??Go?@o_?@r,[(22-23)-(19-21)-(14-15)-(11-12)-(10-20)-(9-18)-(8-17)-(7-16)-(6-13)-(4-5)-(2-3)-(0-1)],9.918212890625e-05,0.022753477096557617,7,True,7
W|eII@`GG_b@B@@__OGE@?OC@_G?_G?oC?N@??Go?@o_?@r,[(22-23)-(19-21)-(14-15)-(12-20)-(10-11)-(9-18)-(8-17)-(7-16)-(6-13)-(4-5)-(2-3)-(0-1)],9.655952453613281e-05,1.237260103225708,0,False,9
W|eII@`GG_b@B@@__OGE@?OC@_G?_G?oC?N@??Go?@o_?@r,[(22-23)-(19-21)-(14-15)-(12-20)-(10-11)-(9-18)-(8-17)-(7-16)-(6-13)-(4-5)-(2-3)-(0-1)],9.632110595703125e-05,0.003580808639526367,1,True,1
W|eII@`GG_b@B@@__OGE@?OC@_G?_G?oC?N@??Go?@o_?@r,[(18-23)-(15-22)-(14-21)-(11-12)-(10-20)-(9-19)-(8-17)-(7-16)-(6-13)-(4-5)-(2-3)-(0-1)],9.72747802734375e-05,0.01109933853149414,4,True,4
W|eII@`GG_b@B@@__OGE@?OC@_G?_G?oC?N@??Go?@o_?@r,[(18-23)-(15-22)-(14-21)-(11-12)-(10-20)-(9-19)-(8-17)-(7-16)-(6-13)-(4-5)-(2-3)-(0-1)],9.632110595703125e-05,1.3422431945800781,0,False,9
W|eII@`GG_b@B@@__OGE@?OC@_G?_G?oC?N@??Go?@o_?@r,[(22-23)-(18-21)-(14-15)-(11-12)-(10-20)-(9-19)-(8-17)-(7-16)-(6-13)-(4-5)-(2-3)-(0-1)],9.417533874511719e-05,0.006196260452270508,2,True,2
W|eII@`GG_b@B@@__OGE@?OC@_G?_G?oC?N@??Go?@o_?@r,[(22-23)-(18-21)-(14-15)-(11-12)-(10-20)-(9-19)-(8-17)-(7-16)-(6-13)-(4-5)-(2-3)-(0-1)],9.560585021972656e-05,0.00908350944519043,3,True,3
W|eII@`GG_b@B@@__OGE@?OC@_G?_G?oC?N@??Go?@o_?@r,[(21-22)-(18-23)-(14-15)-(11-12)-(10-20)-(9-19)-(8-17)-(7-16)-(6-13)-(4-5)-(2-3)-(0-1)],9.655952453613281e-05,0.020992279052734375,5,True,6
W|eII@`GG_b@B@@__OGE@?OC@_G?_G?oC?N@??Go?@o_?@r,[(21-22)-(18-23)-(14-15)-(11-12)-(10-20)-(9-19)-(8-17)-(7-16)-(6-13)-(4-5)-(2-3)-(0-1)],9.608268737792969e-05,0.009440422058105469,3,True,3
W|eII@`GG_b@B@@__OGE@?OC@_G?_G?oC?N@??Go?@o_?@r,[(18-23)-(15-22)-(14-21)-(12-20)-(10-11)-(9-19)-(8-17)-(7-16)-(6-13)-(4-5)-(2-3)-(0-1)],9.703636169433594e-05,0.017032623291015625,4,True,5
W|eII@`GG_b@B@@__OGE@?OC@_G?_G?oC?N@??Go?@o_?@r,[(18-23)-(15-22)-(14-21)-(12-20)-(10-11)-(9-19)-(8-17)-(7-16)-(6-13)-(4-5)-(2-3)-(0-1)],9.417533874511719e-05,1.3110730648040771,0,False,11
W|eII@`GG_b@B@@__OGE@?OC@_G?_G?oC?N@??Go?@o_?@r,[(22-23)-(18-21)-(14-15)-(12-20)-(10-11)-(9-19)-(8-17)-(7-16)-(6-13)-(4-5)-(2-3)-(0-1)],9.489059448242188e-05,0.00897359848022461,3,True,3
W|eII@`GG_b@B@@__OGE@?OC@_G?_G?oC?N@??Go?@o_?@r,[(22-23)-(18-21)-(14-15)-(12-20)-(10-11)-(9-19)-(8-17)-(7-16)-(6-13)-(4-5)-(2-3)-(0-1)],9.632110595703125e-05,0.023317813873291016,4,True,4
W|eII@`GG_b@B@@__OGE@?OC@_G?_G?oC?N@??Go?@o_?@r,[(21-22)-(18-23)-(14-15)-(12-20)-(10-11)-(9-19)-(8-17)-(7-16)-(6-13)-(4-5)-(2-3)-(0-1)],9.34600830078125e-05,0.008725881576538086,3,True,3
W|eII@`GG_b@B@@__OGE@?OC@_G?_G?oC?N@??Go?@o_?@r,[(21-22)-(18-23)-(14-15)-(12-20)-(10-11)-(9-19)-(8-17)-(7-16)-(6-13)-(4-5)-(2-3)-(0-1)],9.298324584960938e-05,0.020457029342651367,5,True,6
W|eII@`GG_b@B@@__OGE@?OC@_G?_G?oC?N@??Go?@o_?@r,[(19-20)-(18-23)-(15-22)-(14-21)-(11-12)-(9-10)-(8-17)-(7-16)-(6-13)-(4-5)-(2-3)-(0-1)],9.34600830078125e-05,0.0035386085510253906,1,True,1
W|eII@`GG_b@B@@__OGE@?OC@_G?_G?oC?N@??Go?@o_?@r,[(19-20)-(18-23)-(15-22)-(14-21)-(11-12)-(9-10)-(8-17)-(7-16)-(6-13)-(4-5)-(2-3)-(0-1)],9.369850158691406e-05,0.014698982238769531,5,True,5
W|eII@`GG_b@B@@__OGE@?OC@_G?_G?oC?N@??Go?@o_?@r,[(22-23)-(19-20)-(18-21)-(14-15)-(11-12)-(9-10)-(8-17)-(7-16)-(6-13)-(4-5)-(2-3)-(0-1)],9.393692016601562e-05,0.07745718955993652,7,True,9
W|eII@`GG_b@B@@__OGE@?OC@_G?_G?oC?N@??Go?@o_?@r,[(22-23)-(19-20)-(18-21)-(14-15)-(11-12)-(9-10)-(8-17)-(7-16)-(6-13)-(4-5)-(2-3)-(0-1)],9.34600830078125e-05,0.01091456413269043,4,True,4
W|fIJ?`C?o`p?`?__GGB@?GC?oG?_G?sC?BB??WG?@o_?@r,[(18-23)-(15-16)-(14-22)-(13-21)-(12-20)-(10-19)-(9-17)-(7-8)-(6-11)-(4-5)-(2-3)-(0-1)],8.96453857421875e-05,0.03391289710998535,10,True,10
W|fIJ?`C?o`p?`?__GGB@?GC?oG?_G?sC?BB??WG?@o_?@r,[(18-23)-(15-16)-(14-22)-(13-21)-(12-20)-(10-19)-(9-17)-(7-8)-(6-11)-(4-5)-(2-3)-(0-1)],9.72747802734375e-05,0.003524303436279297,1,True,1
W|fIJ?`C?o`p?`?__GGB@?GC?oG?_G?sC?BB??WG?@o_?@r,[(18-23)-(16-22)-(14-15)-(13-21)-(12-20)-(10-19)-(9-17)-(7-8)-(6-11)-(4-5)-(2-3)-(0-1)],9.393692016601562e-05,0.0328524112701416,10,True,10
W|fIJ?`C?o`p?`?__GGB@?GC?oG?_G?sC?BB??WG?@o_?@r,[(18-23)-(16-22)-(14-15)-(13-21)-(12-20)-(10-19)-(9-17)-(7-8)-(6-11)-(4-5)-(2-3)-(0-1)],9.298324584960938e-05,0.014175176620483398,0,False,2
W|fIJ?`C?o`p?`?__GGB@?GC?oG?_G?sC?BB??WG?@o_?@r,[(21-22)-(18-23)-(15-16)-(13-14)-(12-20)-(10-19)-(9-17)-(7-8)-(6-11)-(4-5)-(2-3)-(0-1)],9.512901306152344e-05,0.0249783992767334,8,True,8
W|fIJ?`C?o`p?`?__GGB@?GC?oG?_G?sC?BB??WG?@o_?@r,[(21-22)-(18-23)-(15-16)-(13-14)-(12-20)-(10-19)-(9-17)-(7-8)-(6-11)-(4-5)-(2-3)-(0-1)],9.393692016601562e-05,0.0661015510559082,0,False,5
W|fIJ?`C?o`p?`?__GGB@?GC?oG?_G?sC?BB??WG?@o_?@r,[(22-23)-(18-20)-(15-16)-(14-21)-(12-13)-(10-19)-(9-17)-(7-8)-(6-11)-(4-5)-(2-3)-(0-1)],9.632110595703125e-05,0.014527559280395508,0,False,2
W|fIJ?`C?o`p?`?__GGB@?GC?oG?_G?sC?BB??WG?@o_?@r,[(22-23)-(18-20)-(15-16)-(14-21)-(12-13)-(10-19)-(9-17)-(7-8)-(6-11)-(4-5)-(2-3)-(0-1)],9.512901306152344e-05,0.07237601280212402,7,True,7
W|fIJ?`C?o`p?`?__GGB@?GC?oG?_G?sC?BB??WG?@o_?@r,[(18-20)-(16-23)-(15-22)-(14-21)-(12-13)-(10-19)-(9-17)-(7-8)-(6-11)-(4-5)-(2-3)-(0-1)],9.322166442871094e-05,0.022562503814697266,4,True,4
W|fIJ?`C?o`p?`?__GGB@?GC?oG?_G?sC?BB??WG?@o_?@r,[(18-20)-(16-23)-(15-22)-(14-21)-(12-13)-(10-19)-(9-17)-(7-8)-(6-11)-(4-5)-(2-3)-(0-1)],9.274482727050781e-05,0.014090299606323242,0,False,2
W|fIJ?`C?o`p?`?__GGB@?GC?oG?_G?sC?BB??WG?@o_?@r,[(21-23)-(18-20)-(15-16)-(14-22)-(12-13)-(10-19)-(9-17)-(7-8)-(6-11)-(4-5)-(2-3)-(0-1)],9.322166442871094e-05,0.04254746437072754,7,True,7
W|fIJ?`C?o`p?`?__GGB@?GC?oG?_G?sC?BB??WG?@o_?@r,[(21-23)-(18-20)-(15-16)-(14-22)-(12-13)-(10-19)-(9-17)-(7-8)-(6-11)-(4-5)-(2-3)-(0-1)],9.322166442871094e-05,0.005847930908203125,2,True,2
W|fIJ?`C?o`p?`?__GGB@?GC?oG?_G?sC?BB??WG?@o_?@r,[(20-21)-(18-23)-(15-16)-(14-22)-(12-13)-(10-19)-(9-17)-(7-8)-(6-11)-(4-5)-(2-3)-(0-1)],9.250640869140625e-05,0.03052997589111328,8,True,8
W|fIJ?`C?o`p?`?__GGB@?GC?oG?_G?sC?BB??WG?@o_?@r,[(20-21)-(18-23)-(15-16)-(14-22)-(12-13)-(10-19)-(9-17)-(7-8)-(6-11)-(4-5)-(2-3)-(0-1)],9.322166442871094e-05,0.011859416961669922,4,True,4
W|fIJ?`C?o`p?`?__GGB@?GC?oG?_G?sC?BB??WG?@o_?@r,[(21-23)-(18-20)-(16-22)-(14-15)-(12-13)-(10-19)-(9-17)-(7-8)-(6-11)-(4-5)-(2-3)-(0-1)],9.322166442871094e-05,0.008655071258544922,3,True,3
W|fIJ?`C?o`p?`?__GGB@?GC?oG?_G?sC?BB??WG?@o_?@r,[(21-23)-(18-20)-(16-22)-(14-15)-(12-13)-(10-19)-(9-17)-(7-8)-(6-11)-(4-5)-(2-3)-(0-1)],9.298324584960938e-05,0.01912403106689453,3,True,3
W|fIJ?`C?o`p?`?__GGB@?GC?oG?_G?sC?BB??WG?@o_?@r,[(20-21)-(18-23)-(16-22)-(14-15)-(12-13)-(10-19)-(9-17)-(7-8)-(6-11)-(4-5)-(2-3)-(0-1)],9.250640869140625e-05,0.9248828887939453,0,False,10
W|fIJ?`C?o`p?`?__GGB@?GC?oG?_G?sC?BB??WG?@o_?@r,[(20-21)-(18-23)-(16-22)-(14-15)-(12-13)-(10-19)-(9-17)-(7-8)-(6-11)-(4-5)-(2-3)-(0-1)],9.512901306152344e-05,0.011979818344116211,4,True,4
W|fIJ?`C?o`p?`?__GGB@?GC?oG?_G?sC?BB??WG?@o_?@r,[(21-22)-(18-20)-(16-23)-(14-15)-(12-13)-(10-19)-(9-17)-(7-8)-(6-11)-(4-5)-(2-3)-(0-1)],9.632110595703125e-05,0.026851892471313477,7,True,7
W|fIJ?`C?o`p?`?__GGB@?GC?oG?_G?sC?BB??WG?@o_?@r,[(21-22)-(18-20)-(16-23)-(14-15)-(12-13)-(10-19)-(9-17)-(7-8)-(6-11)-(4-5)-(2-3)-(0-1)],9.584426879882812e-05,0.00868368148803711,3,True,3
W|eIID_K?o`_@`?o_GGB@?GC?oG?oG?WC?C@??wG?@p_?@{,[(20-23)-(15-22)-(13-14)-(12-21)-(11-19)-(10-18)-(9-17)-(8-16)-(6-7)-(4-5)-(2-3)-(0-1)],9.322166442871094e-05,0.012035846710205078,4,True,4
W|eIID_K?o`_@`?o_GGB@?GC?oG?oG?WC?C@??wG?@p_?@{,[(20-23)-(15-22)-(13-14)-(12-21)-(11-19)-(10-18)-(9-17)-(8-16)-(6-7)-(4-5)-(2-3)-(0-1)],9.918212890625e-05,0.3777921199798584,5,True,5
W|eIID_K?o`_@`?o_GGB@?GC?oG?oG?WC?C@??wG?@p_?@{,[(20-23)-(15-22)-(14-21)-(12-13)-(11-19)-(10-18)-(9-17)-(8-16)-(6-7)-(4-5)-(2-3)-(0-1)],9.799003601074219e-05,0.008987188339233398,3,True,3
W|eIID_K?o`_@`?o_GGB@?GC?oG?oG?WC?C@??wG?@p_?@{,[(20-23)-(15-22)-(14-21)-(12-13)-(11-19)-(10-18)-(9-17)-(8-16)-(6-7)-(4-5)-(2-3)-(0-1)],9.679794311523438e-05,0.009151697158813477,3,True,3
W|eIID_K?o`_@`?o_GGB@?GC?oG?oG?WC?C@??wG?@p_?@{,[(21-22)-(20-23)-(14-15)-(12-13)-(11-19)-(10-18)-(9-17)-(8-16)-(6-7)-(4-5)-(2-3)-(0-1)],9.679794311523438e-05,0.018278837203979492,4,True,4
W|eIID_K?o`_@`?o_GGB@?GC?oG?oG?WC?C@??wG?@p_?@{,[(21-22)-(20-23)-(14-15)-(12-13)-(11-19)-(10-18)-(9-17)-(8-16)-(6-7)-(4-5)-(2-3)-(0-1)],9.918212890625e-05,0.021701574325561523,7,True,7
W|eIID_K?o`_@`?o_GGB@?GC?oG?oG?WC?C@??wG?@p_?@{,[(19-23)-(15-22)-(13-14)-(12-21)-(11-20)-(10-18)-(9-17)-(8-16)-(6-7)-(4-5)-(2-3)-(0-1)],9.703636169433594e-05,0.014423370361328125,0,False,2
W|eIID_K?o`_@`?o_GGB@?GC?oG?oG?WC?C@??wG?@p_?@{,[(19-23)-(15-22)-(13-14)-(12-21)-(11-20)-(10-18)-(9-17)-(8-16)-(6-7)-(4-5)-(2-3)-(0-1)],9.489059448242188e-05,0.08090901374816895,5,True,5
W|eIID_K?o`_@`?o_GGB@?GC?oG?oG?WC?C@??wG?@p_?@{,[(19-23)-(15-22)-(14-21)-(12-13)-(11-20)-(10-18)-(9-17)-(8-16)-(6-7)-(4-5)-(2-3)-(0-1)],9.274482727050781e-05,0.015211343765258789,4,True,4
W|eIID_K?o`_@`?o_GGB@?GC?oG?oG?WC?C@??wG?@p_?@{,[(19-23)-(15-22)-(14-21)-(12-13)-(11-20)-(10-18)-(9-17)-(8-16)-(6-7)-(4-5)-(2-3)-(0-1)],9.274482727050781e-05,0.014135360717773438,5,True,5
W|eIID_K?o`_@`?o_GGB@?GC?oG?oG?WC?C@??wG?@p_?@{,[(21-22)-(19-23)-(14-15)-(12-13)-(11-20)-(10-18)-(9-17)-(8-16)-(6-7)-(4-5)-(2-3)-(0-1)],9.34600830078125e-05,0.013991117477416992,3,True,3
W|eIID_K?o`_@`?o_GGB@?GC?oG?oG?WC?C@??wG?@p_?@{,[(21-22)-(19-23)-(14-15)-(12-13)-(11-20)-(10-18)-(9-17)-(8-16)-(6-7)-(4-5)-(2-3)-(0-1)],9.322166442871094e-05,0.11619997024536133,26,True,26
W|eIID_K?o`_@`?o_GGB@?GC?oG?oG?WC?C@??wG?@p_?@{,[(20-22)-(19-23)-(14-15)-(13-21)-(11-12)-(10-18)-(9-17)-(8-16)-(6-7)-(4-5)-(2-3)-(0-1)],9.417533874511719e-05,0.016048192977905273,5,True,5
W|eIID_K?o`_@`?o_GGB@?GC?oG?oG?WC?C@??wG?@p_?@{,[(20-22)-(19-23)-(14-15)-(13-21)-(11-12)-(10-18)-(9-17)-(8-16)-(6-7)-(4-5)-(2-3)-(0-1)],9.34600830078125e-05,0.011537790298461914,3,True,3
W|eIID_K?o`_@`?o_GGB@?GC?oG?oG?WC?C@??wG?@p_?@{,[(20-21)-(19-23)-(15-22)-(13-14)-(11-12)-(10-18)-(9-17)-(8-16)-(6-7)-(4-5)-(2-3)-(0-1)],9.417533874511719e-05,0.009251117706298828,3,True,3
W|eIID_K?o`_@`?o_GGB@?GC?oG?oG?WC?C@??wG?@p_?@{,[(20-21)-(19-23)-(15-22)-(13-14)-(11-12)-(10-18)-(9-17)-(8-16)-(6-7)-(4-5)-(2-3)-(0-1)],9.679794311523438e-05,0.03967475891113281,4,True,5
W|eIID_K?o`_@`?o_GGB@?GC?oG?oG?WC?C@??wG?@p_?@{,[(18-23)-(15-22)-(13-14)-(12-21)-(11-20)-(10-19)-(9-17)-(8-16)-(6-7)-(4-5)-(2-3)-(0-1)],0.00010657310485839844,0.005997896194458008,2,True,2
W|eIID_K?o`_@`?o_GGB@?GC?oG?oG?WC?C@??wG?@p_?@{,[(18-23)-(15-22)-(13-14)-(12-21)-(11-20)-(10-19)-(9-17)-(8-16)-(6-7)-(4-5)-(2-3)-(0-1)],9.512901306152344e-05,0.015886306762695312,5,True,5
W|eIID_K?o`_@`?o_GGB@?GC?oG?oG?WC?C@??wG?@p_?@{,[(18-23)-(15-22)-(14-21)-(12-13)-(11-20)-(10-19)-(9-17)-(8-16)-(6-7)-(4-5)-(2-3)-(0-1)],9.512901306152344e-05,0.0521547794342041,13,True,13
W|eIID_K?o`_@`?o_GGB@?GC?oG?oG?WC?C@??wG?@p_?@{,[(18-23)-(15-22)-(14-21)-(12-13)-(11-20)-(10-19)-(9-17)-(8-16)-(6-7)-(4-5)-(2-3)-(0-1)],0.00010061264038085938,0.008189678192138672,1,True,2
WtfIID_GH?A@E@B__OwAX?O?@_G@_G?_C?W@?AEG??R_?@x,[(19-23)-(16-22)-(15-21)-(13-14)-(11-12)-(10-20)-(9-18)-(8-17)-(6-7)-(4-5)-(2-3)-(0-1)],9.179115295410156e-05,0.008519172668457031,3,True,3
WtfIID_GH?A@E@B__OwAX?O?@_G@_G?_C?W@?AEG??R_?@x,[(19-23)-(16-22)-(15-21)-(13-14)-(11-12)-(10-20)-(9-18)-(8-17)-(6-7)-(4-5)-(2-3)-(0-1)],9.608268737792969e-05,0.015086889266967773,5,True,5
WtfIID_GH?A@E@B__OwAX?O?@_G@_G?_C?W@?AEG??R_?@x,[(19-22)-(16-23)-(15-21)-(13-14)-(11-12)-(10-20)-(9-18)-(8-17)-(6-7)-(4-5)-(2-3)-(0-1)],0.00012755393981933594,0.01851511001586914,5,True,5
WtfIID_GH?A@E@B__OwAX?O?@_G@_G?_C?W@?AEG??R_?@x,[(19-22)-(16-23)-(15-21)-(13-14)-(11-12)-(10-20)-(9-18)-(8-17)-(6-7)-(4-5)-(2-3)-(0-1)],9.72747802734375e-05,0.019738197326660156,5,True,5
WtfIID_GH?A@E@B__OwAX?O?@_G@_G?_C?W@?AEG??R_?@x,[(19-23)-(16-22)-(15-21)-(12-13)-(11-14)-(10-20)-(9-18)-(8-17)-(6-7)-(4-5)-(2-3)-(0-1)],9.417533874511719e-05,0.270266056060791,8,True,13
WtfIID_GH?A@E@B__OwAX?O?@_G@_G?_C?W@?AEG??R_?@x,[(19-23)-(16-22)-(15-21)-(12-13)-(11-14)-(10-20)-(9-18)-(8-17)-(6-7)-(4-5)-(2-3)-(0-1)],9.965896606445312e-05,0.008798599243164062,3,True,3
WtfIID_GH?A@E@B__OwAX?O?@_G@_G?_C?W@?AEG??R_?@x,[(19-22)-(16-23)-(15-21)-(12-13)-(11-14)-(10-20)-(9-18)-(8-17)-(6-7)-(4-5)-(2-3)-(0-1)],9.608268737792969e-05,0.05332231521606445,9,True,10
WtfIID_GH?A@E@B__OwAX?O?@_G@_G?_C?W@?AEG??R_?@x,[(19-22)-(16-23)-(15-21)-(12-13)-(11-14)-(10-20)-(9-18)-(8-17)-(6-7)-(4-5)-(2-3)-(0-1)],9.679794311523438e-05,0.011603832244873047,4,True,4
WtfIID_GH?A@E@B__OwAX?O?@_G@_G?_C?W@?AEG??R_?@x,[(22-23)-(19-20)-(16-21)-(14-15)-(12-13)-(10-11)-(9-18)-(8-17)-(6-7)-(4-5)-(2-3)-(0-1)],9.584426879882812e-05,0.00577545166015625,2,True,2
WtfIID_GH?A@E@B__OwAX?O?@_G@_G?_C?W@?AEG??R_?@x,[(22-23)-(19-20)-(16-21)-(14-15)-(12-13)-(10-11)-(9-18)-(8-17)-(6-7)-(4-5)-(2-3)-(0-1)],9.369850158691406e-05,0.01774907112121582,5,True,5
WtfIID_GH?A@E@B__OwAX?O?@_G@_G?_C?W@?AEG??R_?@x,[(20-22)-(19-23)-(16-21)-(14-15)-(12-13)-(10-11)-(9-18)-(8-17)-(6-7)-(4-5)-(2-3)-(0-1)],9.322166442871094e-05,0.008069753646850586,3,True,3
WtfIID_GH?A@E@B__OwAX?O?@_G@_G?_C?W@?AEG??R_?@x,[(20-22)-(19-23)-(16-21)-(14-15)-(12-13)-(10-11)-(9-18)-(8-17)-(6-7)-(4-5)-(2-3)-(0-1)],9.34600830078125e-05,0.021045923233032227,7,True,7
WtfIID_GH?A@E@B__OwAX?O?@_G@_G?_C?W@?AEG??R_?@x,[(20-21)-(19-23)-(16-22)-(14-15)-(12-13)-(10-11)-(9-18)-(8-17)-(6-7)-(4-5)-(2-3)-(0-1)],9.393692016601562e-05,0.0035369396209716797,1,True,1
WtfIID_GH?A@E@B__OwAX?O?@_G@_G?_C?W@?AEG??R_?@x,[(20-21)-(19-23)-(16-22)-(14-15)-(12-13)-(10-11)-(9-18)-(8-17)-(6-7)-(4-5)-(2-3)-(0-1)],9.369850158691406e-05,0.2741878032684326,9,True,9
WtfIID_GH?A@E@B__OwAX?O?@_G@_G?_C?W@?AEG??R_?@x,[(21-22)-(19-20)-(16-23)-(14-15)-(12-13)-(10-11)-(9-18)-(8-17)-(6-7)-(4-5)-(2-3)-(0-1)],9.846687316894531e-05,0.02556777000427246,8,True,8
WtfIID_GH?A@E@B__OwAX?O?@_G@_G?_C?W@?AEG??R_?@x,[(21-22)-(19-20)-(16-23)-(14-15)-(12-13)-(10-11)-(9-18)-(8-17)-(6-7)-(4-5)-(2-3)-(0-1)],9.5367431640625e-05,0.008359193801879883,3,True,3
WtfIID_GH?A@E@B__OwAX?O?@_G@_G?_C?W@?AEG??R_?@x,[(20-21)-(19-22)-(16-23)-(14-15)-(12-13)-(10-11)-(9-18)-(8-17)-(6-7)-(4-5)-(2-3)-(0-1)],9.679794311523438e-05,0.011826276779174805,4,True,4
WtfIID_GH?A@E@B__OwAX?O?@_G@_G?_C?W@?AEG??R_?@x,[(20-21)-(19-22)-(16-23)-(14-15)-(12-13)-(10-11)-(9-18)-(8-17)-(6-7)-(4-5)-(2-3)-(0-1)],9.632110595703125e-05,0.3422355651855469,10,True,17
WtfIID_GH?A@E@B__OwAX?O?@_G@_G?_C?W@?AEG??R_?@x,[(22-23)-(19-20)-(16-21)-(13-14)-(11-12)-(10-15)-(9-18)-(8-17)-(6-7)-(4-5)-(2-3)-(0-1)],9.775161743164062e-05,0.06552433967590332,0,False,4
WtfIID_GH?A@E@B__OwAX?O?@_G@_G?_C?W@?AEG??R_?@x,[(22-23)-(19-20)-(16-21)-(13-14)-(11-12)-(10-15)-(9-18)-(8-17)-(6-7)-(4-5)-(2-3)-(0-1)],9.608268737792969e-05,0.005986690521240234,2,True,2
WtfIID`GH?A@E@B__WGB_?CC?WG?OG?WC?E`??M???[_??^,[(21-23)-(18-22)-(15-16)-(13-14)-(12-20)-(11-19)-(10-17)-(8-9)-(6-7)-(4-5)-(2-3)-(0-1)],9.274482727050781e-05,0.017744064331054688,5,True,5
WtfIID`GH?A@E@B__WGB_?CC?WG?OG?WC?E`??M???[_??^,[(21-23)-(18-22)-(15-16)-(13-14)-(12-20)-(11-19)-(10-17)-(8-9)-(6-7)-(4-5)-(2-3)-(0-1)],9.894371032714844e-05,0.011737346649169922,4,True,4
WtfIID`GH?A@E@B__WGB_?CC?WG?OG?WC?E`??M???[_??^,[(21-22)-(18-23)-(15-16)-(13-14)-(12-20)-(11-19)-(10-17)-(8-9)-(6-7)-(4-5)-(2-3)-(0-1)],9.846687316894531e-05,0.006040334701538086,2,True,2
WtfIID`GH?A@E@B__WGB_?CC?WG?OG?WC?E`??M???[_??^,[(21-22)-(18-23)-(15-16)-(13-14)-(12-20)-(11-19)-(10-17)-(8-9)-(6-7)-(4-5)-(2-3)-(0-1)],9.5367431640625e-05,0.10584712028503418,0,False,4
WtfIID`GH?A@E@B__WGB_?CC?WG?OG?WC?E`??M???[_??^,[(18-23)-(16-22)-(15-21)-(13-14)-(12-20)-(11-19)-(10-17)-(8-9)-(6-7)-(4-5)-(2-3)-(0-1)],9.5367431640625e-05,0.044747352600097656,12,True,12
WtfIID`GH?A@E@B__WGB_?CC?WG?OG?WC?E`??M???[_??^,[(18-23)-(16-22)-(15-21)-(13-14)-(12-20)-(11-19)-(10-17)-(8-9)-(6-7)-(4-5)-(2-3)-(0-1)],9.34600830078125e-05,0.0015821456909179688,0,True,0
WtfIID`GH?A@E@B__WGB_?CC?WG?OG?WC?E`??M???[_??^,[(21-23)-(18-22)-(15-16)-(14-20)-(12-13)-(11-19)-(10-17)-(8-9)-(6-7)-(4-5)-(2-3)-(0-1)],9.5367431640625e-05,0.023652315139770508,7,True,7
WtfIID`GH?A@E@B__WGB_?CC?WG?OG?WC?E`??M???[_??^,[(21-23)-(18-22)-(15-16)-(14-20)-(12-13)-(11-19)-(10-17)-(8-9)-(6-7)-(4-5)-(2-3)-(0-1)],9.393692016601562e-05,0.044164419174194336,0,False,3
WtfIID`GH?A@E@B__WGB_?CC?WG?OG?WC?E`??M???[_??^,[(21-22)-(18-23)-(15-16)-(14-20)-(12-13)-(11-19)-(10-17)-(8-9)-(6-7)-(4-5)-(2-3)-(0-1)],9.34600830078125e-05,0.008293628692626953,3,True,3
WtfIID`GH?A@E@B__WGB_?CC?WG?OG?WC?E`??M???[_??^,[(21-22)-(18-23)-(15-16)-(14-20)-(12-13)-(11-19)-(10-17)-(8-9)-(6-7)-(4-5)-(2-3)-(0-1)],9.250640869140625e-05,0.1839599609375,7,True,10
WtfIID`GH?A@E@B__WGB_?CC?WG?OG?WC?E`??M???[_??^,[(18-23)-(16-22)-(15-21)-(14-20)-(12-13)-(11-19)-(10-17)-(8-9)-(6-7)-(4-5)-(2-3)-(0-1)],9.679794311523438e-05,0.018889904022216797,6,True,6
WtfIID`GH?A@E@B__WGB_?CC?WG?OG?WC?E`??M???[_??^,[(18-23)-(16-22)-(15-21)-(14-20)-(12-13)-(11-19)-(10-17)-(8-9)-(6-7)-(4-5)-(2-3)-(0-1)],9.512901306152344e-05,0.16887998580932617,5,True,7
WtfIID`GH?A@E@B__WGB_?CC?WG?OG?WC?E`??M???[_??^,[(20-23)-(18-22)-(15-16)-(14-21)-(12-13)-(11-19)-(10-17)-(8-9)-(6-7)-(4-5)-(2-3)-(0-1)],9.584426879882812e-05,0.011276721954345703,4,True,4
WtfIID`GH?A@E@B__WGB_?CC?WG?OG?WC?E`??M???[_??^,[(20-23)-(18-22)-(15-16)-(14-21)-(12-13)-(11-19)-(10-17)-(8-9)-(6-7)-(4-5)-(2-3)-(0-1)],9.298324584960938e-05,0.026020050048828125,5,True,5
WtfIID`GH?A@E@B__WGB_?CC?WG?OG?WC?E`??M???[_??^,[(22-23)-(18-19)-(15-16)-(14-21)-(12-13)-(11-20)-(10-17)-(8-9)-(6-7)-(4-5)-(2-3)-(0-1)],9.512901306152344e-05,0.017608642578125,6,True,6
WtfIID`GH?A@E@B__WGB_?CC?WG?OG?WC?E`??M???[_??^,[(22-23)-(18-19)-(15-16)-(14-21)-(12-13)-(11-20)-(10-17)-(8-9)-(6-7)-(4-5)-(2-3)-(0-1)],9.34600830078125e-05,0.0034792423248291016,1,True,1
WtfIID`GH?A@E@B__WGB_?CC?WG?OG?WC?E`??M???[_??^,[(19-23)-(18-22)-(15-16)-(14-21)-(12-13)-(11-20)-(10-17)-(8-9)-(6-7)-(4-5)-(2-3)-(0-1)],9.298324584960938e-05,0.008303165435791016,3,True,3
WtfIID`GH?A@E@B__WGB_?CC?WG?OG?WC?E`??M???[_??^,[(19-23)-(18-22)-(15-16)-(14-21)-(12-13)-(11-20)-(10-17)-(8-9)-(6-7)-(4-5)-(2-3)-(0-1)],9.298324584960938e-05,0.21891379356384277,9,True,19
WtfIID`GH?A@E@B__WGB_?CC?WG?OG?WC?E`??M???[_??^,[(21-22)-(20-23)-(18-19)-(15-16)-(13-14)-(11-12)-(10-17)-(8-9)-(6-7)-(4-5)-(2-3)-(0-1)],9.655952453613281e-05,0.005995750427246094,2,True,2
WtfIID`GH?A@E@B__WGB_?CC?WG?OG?WC?E`??M???[_??^,[(21-22)-(20-23)-(18-19)-(15-16)-(13-14)-(11-12)-(10-17)-(8-9)-(6-7)-(4-5)-(2-3)-(0-1)],9.489059448242188e-05,0.005961418151855469,2,True,2
WteIID@W@?e@E@B?_oGE@?WC?_G@_G?oC?K@??wG??w_??|,[(17-23)-(15-22)-(13-14)-(12-21)-(11-20)-(10-19)-(9-18)-(8-16)-(6-7)-(4-5)-(2-3)-(0-1)],9.274482727050781e-05,0.035009145736694336,10,True,10
WteIID@W@?e@E@B?_oGE@?WC?_G@_G?oC?K@??wG??w_??|,[(17-23)-(15-22)-(13-14)-(12-21)-(11-20)-(10-19)-(9-18)-(8-16)-(6-7)-(4-5)-(2-3)-(0-1)],0.00010037422180175781,0.048905134201049805,7,True,7
WteIID@W@?e@E@B?_oGE@?WC?_G@_G?oC?K@??wG??w_??|,[(17-23)-(15-22)-(14-21)-(12-13)-(11-20)-(10-19)-(9-18)-(8-16)-(6-7)-(4-5)-(2-3)-(0-1)],9.465217590332031e-05,0.019160985946655273,6,True,6
WteIID@W@?e@E@B?_oGE@?WC?_G@_G?oC?K@??wG??w_??|,[(17-23)-(15-22)-(14-21)-(12-13)-(11-20)-(10-19)-(9-18)-(8-16)-(6-7)-(4-5)-(2-3)-(0-1)],9.34600830078125e-05,0.014045000076293945,5,True,5
WteIID@W@?e@E@B?_oGE@?WC?_G@_G?oC?K@??wG??w_??|,[(21-22)-(17-23)-(14-15)-(12-13)-(11-20)-(10-19)-(9-18)-(8-16)-(6-7)-(4-5)-(2-3)-(0-1)],9.417533874511719e-05,0.011359214782714844,4,True,4
WteIID@W@?e@E@B?_oGE@?WC?_G@_G?oC?K@??wG??w_??|,[(21-22)-(17-23)-(14-15)-(12-13)-(11-20)-(10-19)-(9-18)-(8-16)-(6-7)-(4-5)-(2-3)-(0-1)],9.202957153320312e-05,0.023485660552978516,5,True,5
WteIID@W@?e@E@B?_oGE@?WC?_G@_G?oC?K@??wG??w_??|,[(20-23)-(17-22)-(14-15)-(13-21)-(11-12)-(10-19)-(9-18)-(8-16)-(6-7)-(4-5)-(2-3)-(0-1)],9.369850158691406e-05,0.37051820755004883,0,False,11
WteIID@W@?e@E@B?_oGE@?WC?_G@_G?oC?K@??wG??w_??|,[(20-23)-(17-22)-(14-15)-(13-21)-(11-12)-(10-19)-(9-18)-(8-16)-(6-7)-(4-5)-(2-3)-(0-1)],9.918212890625e-05,0.008820295333862305,3,True,3
WteIID@W@?e@E@B?_oGE@?WC?_G@_G?oC?K@??wG??w_??|,[(20-21)-(17-23)-(15-22)-(13-14)-(11-12)-(10-19)-(9-18)-(8-16)-(6-7)-(4-5)-(2-3)-(0-1)],9.608268737792969e-05,0.003609895706176758,1,True,1
WteIID@W@?e@E@B?_oGE@?WC?_G@_G?oC?K@??wG??w_??|,[(20-21)-(17-23)-(15-22)-(13-14)-(11-12)-(10-19)-(9-18)-(8-16)-(6-7)-(4-5)-(2-3)-(0-1)],9.393692016601562e-05,0.019071578979492188,6,True,6
WteIID@W@?e@E@B?_oGE@?WC?_G@_G?oC?K@??wG??w_??|,[(19-23)-(17-22)-(14-15)-(13-21)-(11-12)-(10-20)-(9-18)-(8-16)-(6-7)-(4-5)-(2-3)-(0-1)],9.584426879882812e-05,0.031832218170166016,8,True,8
WteIID@W@?e@E@B?_oGE@?WC?_G@_G?oC?K@??wG??w_??|,[(19-23)-(17-22)-(14-15)-(13-21)-(11-12)-(10-20)-(9-18)-(8-16)-(6-7)-(4-5)-(2-3)-(0-1)],9.274482727050781e-05,0.012085199356079102,4,True,4
WteIID@W@?e@E@B?_oGE@?WC?_G@_G?oC?K@??wG??w_??|,[(19-20)-(17-23)-(15-22)-(13-14)-(12-21)-(10-11)-(9-18)-(8-16)-(6-7)-(4-5)-(2-3)-(0-1)],9.322166442871094e-05,0.008610248565673828,3,True,3
WteIID@W@?e@E@B?_oGE@?WC?_G@_G?oC?K@??wG??w_??|,[(19-20)-(17-23)-(15-22)-(13-14)-(12-21)-(10-11)-(9-18)-(8-16)-(6-7)-(4-5)-(2-3)-(0-1)],9.250640869140625e-05,0.026700496673583984,8,True,8
WteIID@W@?e@E@B?_oGE@?WC?_G@_G?oC?K@??wG??w_??|,[(19-20)-(17-23)-(15-22)-(14-21)-(12-13)-(10-11)-(9-18)-(8-16)-(6-7)-(4-5)-(2-3)-(0-1)],9.34600830078125e-05,0.016147375106811523,4,True,4
WteIID@W@?e@E@B?_oGE@?WC?_G@_G?oC?K@??wG??w_??|,[(19-20)-(17-23)-(15-22)-(14-21)-(12-13)-(10-11)-(9-18)-(8-16)-(6-7)-(4-5)-(2-3)-(0-1)],9.298324584960938e-05,0.009041070938110352,3,True,3
WteIID@W@?e@E@B?_oGE@?WC?_G@_G?oC?K@??wG??w_??|,[(20-21)-(19-23)-(17-22)-(14-15)-(12-13)-(10-11)-(9-18)-(8-16)-(6-7)-(4-5)-(2-3)-(0-1)],9.298324584960938e-05,0.011351346969604492,4,True,4
WteIID@W@?e@E@B?_oGE@?WC?_G@_G?oC?K@??wG??w_??|,[(20-21)-(19-23)-(17-22)-(14-15)-(12-13)-(10-11)-(9-18)-(8-16)-(6-7)-(4-5)-(2-3)-(0-1)],9.250640869140625e-05,0.014282464981079102,4,True,4
WteIID@W@?e@E@B?_oGE@?WC?_G@_G?oC?K@??wG??w_??|,[(21-22)-(19-20)-(17-23)-(14-15)-(12-13)-(10-11)-(9-18)-(8-16)-(6-7)-(4-5)-(2-3)-(0-1)],9.34600830078125e-05,0.0058917999267578125,2,True,2
WteIID@W@?e@E@B?_oGE@?WC?_G@_G?oC?K@??wG??w_??|,[(21-22)-(19-20)-(17-23)-(14-15)-(12-13)-(10-11)-(9-18)-(8-16)-(6-7)-(4-5)-(2-3)-(0-1)],9.226799011230469e-05,0.016755342483520508,6,True,6
W|fIB?pEGW_p?`?__WGA??MC?CW?CG?EC?@`??KG??k_??^,[(21-23)-(17-22)-(15-16)-(14-20)-(13-19)-(12-18)-(9-10)-(7-8)-(6-11)-(4-5)-(2-3)-(0-1)],9.107589721679688e-05,0.02579355239868164,8,True,8
W|fIB?pEGW_p?`?__WGA??MC?CW?CG?EC?@`??KG??k_??^,[(21-23)-(17-22)-(15-16)-(14-20)-(13-19)-(12-18)-(9-10)-(7-8)-(6-11)-(4-5)-(2-3)-(0-1)],9.72747802734375e-05,0.014550209045410156,5,True,5
W|fIB?pEGW_p?`?__WGA??MC?CW?CG?EC?@`??KG??k_??^,[(22-23)-(16-17)-(15-21)-(14-20)-(13-19)-(12-18)-(9-10)-(7-8)-(6-11)-(4-5)-(2-3)-(0-1)],0.00010824203491210938,0.012107610702514648,4,True,4
W|fIB?pEGW_p?`?__WGA??MC?CW?CG?EC?@`??KG??k_??^,[(22-23)-(16-17)-(15-21)-(14-20)-(13-19)-(12-18)-(9-10)-(7-8)-(6-11)-(4-5)-(2-3)-(0-1)],9.679794311523438e-05,0.00827789306640625,3,True,3
W|fIB?pEGW_p?`?__WGA??MC?CW?CG?EC?@`??KG??k_??^,[(21-23)-(16-17)-(15-22)-(14-20)-(13-19)-(12-18)-(9-10)-(7-8)-(6-11)-(4-5)-(2-3)-(0-1)],9.393692016601562e-05,0.01668572425842285,4,True,4
W|fIB?pEGW_p?`?__WGA??MC?CW?CG?EC?@`??KG??k_??^,[(21-23)-(16-17)-(15-22)-(14-20)-(13-19)-(12-18)-(9-10)-(7-8)-(6-11)-(4-5)-(2-3)-(0-1)],9.322166442871094e-05,0.014150857925415039,4,True,4
W|fIB?pEGW_p?`?__WGA??MC?CW?CG?EC?@`??KG??k_??^,[(20-23)-(17-22)-(15-16)-(14-21)-(13-19)-(12-18)-(9-10)-(7-8)-(6-11)-(4-5)-(2-3)-(0-1)],9.5367431640625e-05,0.010964155197143555,3,True,3
W|fIB?pEGW_p?`?__WGA??MC?CW?CG?EC?@`??KG??k_??^,[(20-23)-(17-22)-(15-16)-(14-21)-(13-19)-(12-18)-(9-10)-(7-8)-(6-11)-(4-5)-(2-3)-(0-1)],0.00011515617370605469,0.017322778701782227,6,True,6
W|fIB?pEGW_p?`?__WGA??MC?CW?CG?EC?@`??KG??k_??^,[(20-23)-(16-17)-(15-22)-(14-21)-(13-19)-(12-18)-(9-10)-(7-8)-(6-11)-(4-5)-(2-3)-(0-1)],9.369850158691406e-05,0.008571624755859375,3,True,3
W|fIB?pEGW_p?`?__WGA??MC?CW?CG?EC?@`??KG??k_??^,[(20-23)-(16-17)-(15-22)-(14-21)-(13-19)-(12-18)-(9-10)-(7-8)-(6-11)-(4-5)-(2-3)-(0-1)],9.298324584960938e-05,0.01697707176208496,6,True,6
W|fIB?pEGW_p?`?__WGA??MC?CW?CG?EC?@`??KG??k_??^,[(19-23)-(17-22)-(15-16)-(14-21)-(13-20)-(12-18)-(9-10)-(7-8)-(6-11)-(4-5)-(2-3)-(0-1)],9.441375732421875e-05,0.016988754272460938,6,True,6
W|fIB?pEGW_p?`?__WGA??MC?CW?CG?EC?@`??KG??k_??^,[(19-23)-(17-22)-(15-16)-(14-21)-(13-20)-(12-18)-(9-10)-(7-8)-(6-11)-(4-5)-(2-3)-(0-1)],9.274482727050781e-05,0.016893863677978516,5,True,5
W|fIB?pEGW_p?`?__WGA??MC?CW?CG?EC?@`??KG??k_??^,[(19-23)-(16-17)-(15-22)-(14-21)-(13-20)-(12-18)-(9-10)-(7-8)-(6-11)-(4-5)-(2-3)-(0-1)],9.34600830078125e-05,0.008553266525268555,3,True,3
W|fIB?pEGW_p?`?__WGA??MC?CW?CG?EC?@`??KG??k_??^,[(19-23)-(16-17)-(15-22)-(14-21)-(13-20)-(12-18)-(9-10)-(7-8)-(6-11)-(4-5)-(2-3)-(0-1)],9.250640869140625e-05,0.06278109550476074,0,False,4
W|fIB?pEGW_p?`?__WGA??MC?CW?CG?EC?@`??KG??k_??^,[(21-23)-(19-20)-(17-22)-(15-16)-(13-14)-(12-18)-(9-10)-(7-8)-(6-11)-(4-5)-(2-3)-(0-1)],9.322166442871094e-05,0.01798725128173828,5,True,5
W|fIB?pEGW_p?`?__WGA??MC?CW?CG?EC?@`??KG??k_??^,[(21-23)-(19-20)-(17-22)-(15-16)-(13-14)-(12-18)-(9-10)-(7-8)-(6-11)-(4-5)-(2-3)-(0-1)],9.274482727050781e-05,0.014436483383178711,5,True,5
W|fIB?pEGW_p?`?__WGA??MC?CW?CG?EC?@`??KG??k_??^,[(20-21)-(19-23)-(17-22)-(15-16)-(13-14)-(12-18)-(9-10)-(7-8)-(6-11)-(4-5)-(2-3)-(0-1)],9.274482727050781e-05,0.09406423568725586,6,True,6
W|fIB?pEGW_p?`?__WGA??MC?CW?CG?EC?@`??KG??k_??^,[(20-21)-(19-23)-(17-22)-(15-16)-(13-14)-(12-18)-(9-10)-(7-8)-(6-11)-(4-5)-(2-3)-(0-1)],9.489059448242188e-05,0.02157306671142578,7,True,7
W|fIB?pEGW_p?`?__WGA??MC?CW?CG?EC?@`??KG??k_??^,[(22-23)-(19-20)-(16-17)-(15-21)-(13-14)-(12-18)-(9-10)-(7-8)-(6-11)-(4-5)-(2-3)-(0-1)],9.584426879882812e-05,0.07046627998352051,7,True,7
W|fIB?pEGW_p?`?__WGA??MC?CW?CG?EC?@`??KG??k_??^,[(22-23)-(19-20)-(16-17)-(15-21)-(13-14)-(12-18)-(9-10)-(7-8)-(6-11)-(4-5)-(2-3)-(0-1)],9.632110595703125e-05,0.03790616989135742,6,True,6
W|eII@_KGo``@`?__WGA@?OC@_G@w??CK?@@??[G??p_?@l,[(19-23)-(15-22)-(14-21)-(13-20)-(10-11)-(9-18)-(8-17)-(7-16)-(6-12)-(4-5)-(2-3)-(0-1)],9.1552734375e-05,0.008432388305664062,3,True,3
W|eII@_KGo``@`?__WGA@?OC@_G@w??CK?@@??[G??p_?@l,[(19-23)-(15-22)-(14-21)-(13-20)-(10-11)-(9-18)-(8-17)-(7-16)-(6-12)-(4-5)-(2-3)-(0-1)],9.441375732421875e-05,0.014750480651855469,5,True,5
W|eII@_KGo``@`?__WGA@?OC@_G@w??CK?@@??[G??p_?@l,[(21-22)-(19-23)-(14-15)-(13-20)-(10-11)-(9-18)-(8-17)-(7-16)-(6-12)-(4-5)-(2-3)-(0-1)],9.512901306152344e-05,0.372103214263916,0,False,16
W|eII@_KGo``@`?__WGA@?OC@_G@w??CK?@@??[G??p_?@l,[(21-22)-(19-23)-(14-15)-(13-20)-(10-11)-(9-18)-(8-17)-(7-16)-(6-12)-(4-5)-(2-3)-(0-1)],9.846687316894531e-05,0.00598907470703125,2,True,2
W|eII@_KGo``@`?__WGA@?OC@_G@w??CK?@@??[G??p_?@l,[(22-23)-(19-20)-(14-15)-(13-21)-(10-11)-(9-18)-(8-17)-(7-16)-(6-12)-(4-5)-(2-3)-(0-1)],9.799003601074219e-05,0.006020307540893555,2,True,2
W|eII@_KGo``@`?__WGA@?OC@_G@w??CK?@@??[G??p_?@l,[(22-23)-(19-20)-(14-15)-(13-21)-(10-11)-(9-18)-(8-17)-(7-16)-(6-12)-(4-5)-(2-3)-(0-1)],9.608268737792969e-05,0.019110918045043945,6,True,6
W|eII@_KGo``@`?__WGA@?OC@_G@w??CK?@@??[G??p_?@l,[(20-22)-(19-23)-(14-15)-(13-21)-(10-11)-(9-18)-(8-17)-(7-16)-(6-12)-(4-5)-(2-3)-(0-1)],9.560585021972656e-05,0.008652687072753906,3,True,3
W|eII@_KGo``@`?__WGA@?OC@_G@w??CK?@@??[G??p_?@l,[(20-22)-(19-23)-(14-15)-(13-21)-(10-11)-(9-18)-(8-17)-(7-16)-(6-12)-(4-5)-(2-3)-(0-1)],9.226799011230469e-05,0.014693737030029297,5,True,5
W|eII@_KGo``@`?__WGA@?OC@_G@w??CK?@@??[G??p_?@l,[(22-23)-(19-20)-(15-21)-(13-14)-(10-11)-(9-18)-(8-17)-(7-16)-(6-12)-(4-5)-(2-3)-(0-1)],9.298324584960938e-05,0.023007869720458984,5,True,5
W|eII@_KGo``@`?__WGA@?OC@_G@w??CK?@@??[G??p_?@l,[(22-23)-(19-20)-(15-21)-(13-14)-(10-11)-(9-18)-(8-17)-(7-16)-(6-12)-(4-5)-(2-3)-(0-1)],9.250640869140625e-05,0.008538246154785156,3,True,3
W|eII@_KGo``@`?__WGA@?OC@_G@w??CK?@@??[G??p_?@l,[(20-22)-(19-23)-(15-21)-(13-14)-(10-11)-(9-18)-(8-17)-(7-16)-(6-12)-(4-5)-(2-3)-(0-1)],9.274482727050781e-05,0.011956930160522461,4,True,4
W|eII@_KGo``@`?__WGA@?OC@_G@w??CK?@@??[G??p_?@l,[(20-22)-(19-23)-(15-21)-(13-14)-(10-11)-(9-18)-(8-17)-(7-16)-(6-12)-(4-5)-(2-3)-(0-1)],9.441375732421875e-05,0.02257394790649414,6,True,6
W|eII@_KGo``@`?__WGA@?OC@_G@w??CK?@@??[G??p_?@l,[(20-21)-(19-23)-(15-22)-(13-14)-(10-11)-(9-18)-(8-17)-(7-16)-(6-12)-(4-5)-(2-3)-(0-1)],9.393692016601562e-05,0.01195836067199707,4,True,4
W|eII@_KGo``@`?__WGA@?OC@_G@w??CK?@@??[G??p_?@l,[(20-21)-(19-23)-(15-22)-(13-14)-(10-11)-(9-18)-(8-17)-(7-16)-(6-12)-(4-5)-(2-3)-(0-1)],9.322166442871094e-05,0.014740467071533203,5,True,5
W|eII@_KGo``@`?__WGA@?OC@_G@w??CK?@@??[G??p_?@l,[(19-23)-(15-22)-(14-21)-(13-20)-(11-18)-(9-10)-(8-17)-(7-16)-(6-12)-(4-5)-(2-3)-(0-1)],9.369850158691406e-05,0.04114699363708496,10,True,10
W|eII@_KGo``@`?__WGA@?OC@_G@w??CK?@@??[G??p_?@l,[(19-23)-(15-22)-(14-21)-(13-20)-(11-18)-(9-10)-(8-17)-(7-16)-(6-12)-(4-5)-(2-3)-(0-1)],9.250640869140625e-05,0.0015709400177001953,0,True,0
W|eII@_KGo``@`?__WGA@?OC@_G@w??CK?@@??[G??p_?@l,[(21-22)-(19-23)-(14-15)-(13-20)-(11-18)-(9-10)-(8-17)-(7-16)-(6-12)-(4-5)-(2-3)-(0-1)],9.298324584960938e-05,0.026652097702026367,7,True,7
W|eII@_KGo``@`?__WGA@?OC@_G@w??CK?@@??[G??p_?@l,[(21-22)-(19-23)-(14-15)-(13-20)-(11-18)-(9-10)-(8-17)-(7-16)-(6-12)-(4-5)-(2-3)-(0-1)],9.250640869140625e-05,0.02100515365600586,0,False,4
W|eII@_KGo``@`?__WGA@?OC@_G@w??CK?@@??[G??p_?@l,[(22-23)-(19-20)-(14-15)-(13-21)-(11-18)-(9-10)-(8-17)-(7-16)-(6-12)-(4-5)-(2-3)-(0-1)],9.322166442871094e-05,0.00600123405456543,2,True,2
W|eII@_KGo``@`?__WGA@?OC@_G@w??CK?@@??[G??p_?@l,[(22-23)-(19-20)-(14-15)-(13-21)-(11-18)-(9-10)-(8-17)-(7-16)-(6-12)-(4-5)-(2-3)-(0-1)],9.393692016601562e-05,0.019646167755126953,5,True,5
W|eIID?GH_b@B@@__WGA@?WC?_G@_G?{??@B??KG??w_??v,[(17-23)-(15-22)-(14-21)-(13-20)-(11-12)-(10-19)-(9-18)-(8-16)-(6-7)-(4-5)-(2-3)-(0-1)],9.083747863769531e-05,1.1991603374481201,0,False,6
W|eIID?GH_b@B@@__WGA@?WC?_G@_G?{??@B??KG??w_??v,[(17-23)-(15-22)-(14-21)-(13-20)-(11-12)-(10-19)-(9-18)-(8-16)-(6-7)-(4-5)-(2-3)-(0-1)],9.5367431640625e-05,0.0035855770111083984,1,True,1
W|eIID?GH_b@B@@__WGA@?WC?_G@_G?{??@B??KG??w_??v,[(21-23)-(17-22)-(14-15)-(13-20)-(11-12)-(10-19)-(9-18)-(8-16)-(6-7)-(4-5)-(2-3)-(0-1)],9.584426879882812e-05,0.008536815643310547,3,True,3
W|eIID?GH_b@B@@__WGA@?WC?_G@_G?{??@B??KG??w_??v,[(21-23)-(17-22)-(14-15)-(13-20)-(11-12)-(10-19)-(9-18)-(8-16)-(6-7)-(4-5)-(2-3)-(0-1)],9.655952453613281e-05,1.5670497417449951,0,False,27
W|eIID?GH_b@B@@__WGA@?WC?_G@_G?{??@B??KG??w_??v,[(21-22)-(17-23)-(14-15)-(13-20)-(11-12)-(10-19)-(9-18)-(8-16)-(6-7)-(4-5)-(2-3)-(0-1)],9.369850158691406e-05,0.0036325454711914062,1,True,1
W|eIID?GH_b@B@@__WGA@?WC?_G@_G?{??@B??KG??w_??v,[(21-22)-(17-23)-(14-15)-(13-20)-(11-12)-(10-19)-(9-18)-(8-16)-(6-7)-(4-5)-(2-3)-(0-1)],9.512901306152344e-05,0.009024620056152344,3,True,3
W|eIID?GH_b@B@@__WGA@?WC?_G@_G?{??@B??KG??w_??v,[(20-23)-(17-22)-(15-21)-(13-14)-(11-12)-(10-19)-(9-18)-(8-16)-(6-7)-(4-5)-(2-3)-(0-1)],9.584426879882812e-05,1.447885274887085,0,False,10
W|eIID?GH_b@B@@__WGA@?WC?_G@_G?{??@B??KG??w_??v,[(20-23)-(17-22)-(15-21)-(13-14)-(11-12)-(10-19)-(9-18)-(8-16)-(6-7)-(4-5)-(2-3)-(0-1)],9.322166442871094e-05,0.0058441162109375,2,True,2
W|eIID?GH_b@B@@__WGA@?WC?_G@_G?{??@B??KG??w_??v,[(20-21)-(17-23)-(15-22)-(13-14)-(11-12)-(10-19)-(9-18)-(8-16)-(6-7)-(4-5)-(2-3)-(0-1)],9.298324584960938e-05,0.008897781372070312,3,True,3
W|eIID?GH_b@B@@__WGA@?WC?_G@_G?{??@B??KG??w_??v,[(20-21)-(17-23)-(15-22)-(13-14)-(11-12)-(10-19)-(9-18)-(8-16)-(6-7)-(4-5)-(2-3)-(0-1)],9.34600830078125e-05,1.0393290519714355,0,False,5
W|eIID?GH_b@B@@__WGA@?WC?_G@_G?{??@B??KG??w_??v,[(17-23)-(15-22)-(14-21)-(13-20)-(12-19)-(10-11)-(9-18)-(8-16)-(6-7)-(4-5)-(2-3)-(0-1)],9.369850158691406e-05,0.008942842483520508,3,True,3
W|eIID?GH_b@B@@__WGA@?WC?_G@_G?{??@B??KG??w_??v,[(17-23)-(15-22)-(14-21)-(13-20)-(12-19)-(10-11)-(9-18)-(8-16)-(6-7)-(4-5)-(2-3)-(0-1)],9.512901306152344e-05,0.012493371963500977,4,True,4
W|eIID?GH_b@B@@__WGA@?WC?_G@_G?{??@B??KG??w_??v,[(21-23)-(17-22)-(14-15)-(13-20)-(12-19)-(10-11)-(9-18)-(8-16)-(6-7)-(4-5)-(2-3)-(0-1)],9.655952453613281e-05,0.014508485794067383,5,True,5
W|eIID?GH_b@B@@__WGA@?WC?_G@_G?{??@B??KG??w_??v,[(21-23)-(17-22)-(14-15)-(13-20)-(12-19)-(10-11)-(9-18)-(8-16)-(6-7)-(4-5)-(2-3)-(0-1)],9.5367431640625e-05,0.027181386947631836,8,True,8
W|eIID?GH_b@B@@__WGA@?WC?_G@_G?{??@B??KG??w_??v,[(21-22)-(17-23)-(14-15)-(13-20)-(12-19)-(10-11)-(9-18)-(8-16)-(6-7)-(4-5)-(2-3)-(0-1)],9.703636169433594e-05,0.0060422420501708984,2,True,2
W|eIID?GH_b@B@@__WGA@?WC?_G@_G?{??@B??KG??w_??v,[(21-22)-(17-23)-(14-15)-(13-20)-(12-19)-(10-11)-(9-18)-(8-16)-(6-7)-(4-5)-(2-3)-(0-1)],9.5367431640625e-05,0.011921882629394531,4,True,4
W|eIID?GH_b@B@@__WGA@?WC?_G@_G?{??@B??KG??w_??v,[(20-23)-(17-22)-(15-21)-(13-14)-(12-19)-(10-11)-(9-18)-(8-16)-(6-7)-(4-5)-(2-3)-(0-1)],9.34600830078125e-05,0.011453866958618164,4,True,4
W|eIID?GH_b@B@@__WGA@?WC?_G@_G?{??@B??KG??w_??v,[(20-23)-(17-22)-(15-21)-(13-14)-(12-19)-(10-11)-(9-18)-(8-16)-(6-7)-(4-5)-(2-3)-(0-1)],9.512901306152344e-05,0.015381097793579102,5,True,5
W|eIID?GH_b@B@@__WGA@?WC?_G@_G?{??@B??KG??w_??v,[(20-21)-(17-23)-(15-22)-(13-14)-(12-19)-(10-11)-(9-18)-(8-16)-(6-7)-(4-5)-(2-3)-(0-1)],9.441375732421875e-05,0.18125605583190918,5,True,5
W|eIID?GH_b@B@@__WGA@?WC?_G@_G?{??@B??KG??w_??v,[(20-21)-(17-23)-(15-22)-(13-14)-(12-19)-(10-11)-(9-18)-(8-16)-(6-7)-(4-5)-(2-3)-(0-1)],9.441375732421875e-05,0.013529539108276367,3,True,3
W|fIB?pEGW_`?`?__OGC@?PC@wG?K??EC?@`??KG??s_??^,[(22-23)-(15-21)-(14-20)-(13-19)-(11-18)-(9-10)-(8-17)-(7-16)-(6-12)-(4-5)-(2-3)-(0-1)],9.107589721679688e-05,0.08246541023254395,5,True,5
W|fIB?pEGW_`?`?__OGC@?PC@wG?K??EC?@`??KG??s_??^,[(22-23)-(15-21)-(14-20)-(13-19)-(11-18)-(9-10)-(8-17)-(7-16)-(6-12)-(4-5)-(2-3)-(0-1)],9.894371032714844e-05,0.024120569229125977,7,True,7
W|fIB?pEGW_`?`?__OGC@?PC@wG?K??EC?@`??KG??s_??^,[(21-23)-(15-22)-(14-20)-(13-19)-(11-18)-(9-10)-(8-17)-(7-16)-(6-12)-(4-5)-(2-3)-(0-1)],9.72747802734375e-05,0.18048787117004395,9,True,9
W|fIB?pEGW_`?`?__OGC@?PC@wG?K??EC?@`??KG??s_??^,[(21-23)-(15-22)-(14-20)-(13-19)-(11-18)-(9-10)-(8-17)-(7-16)-(6-12)-(4-5)-(2-3)-(0-1)],9.512901306152344e-05,0.029425382614135742,6,True,6
W|fIB?pEGW_`?`?__OGC@?PC@wG?K??EC?@`??KG??s_??^,[(20-23)-(15-22)-(14-21)-(13-19)-(11-18)-(9-10)-(8-17)-(7-16)-(6-12)-(4-5)-(2-3)-(0-1)],9.393692016601562e-05,0.02401590347290039,8,True,8
W|fIB?pEGW_`?`?__OGC@?PC@wG?K??EC?@`??KG??s_??^,[(20-23)-(15-22)-(14-21)-(13-19)-(11-18)-(9-10)-(8-17)-(7-16)-(6-12)-(4-5)-(2-3)-(0-1)],9.226799011230469e-05,0.11804842948913574,8,True,10
W|fIB?pEGW_`?`?__OGC@?PC@wG?K??EC?@`??KG??s_??^,[(22-23)-(20-21)-(14-15)-(13-19)-(11-18)-(9-10)-(8-17)-(7-16)-(6-12)-(4-5)-(2-3)-(0-1)],9.441375732421875e-05,0.011664152145385742,4,True,4
W|fIB?pEGW_`?`?__OGC@?PC@wG?K??EC?@`??KG??s_??^,[(22-23)-(20-21)-(14-15)-(13-19)-(11-18)-(9-10)-(8-17)-(7-16)-(6-12)-(4-5)-(2-3)-(0-1)],9.322166442871094e-05,1.6541595458984375,0,False,15
W|fIB?pEGW_`?`?__OGC@?PC@wG?K??EC?@`??KG??s_??^,[(21-22)-(20-23)-(14-15)-(13-19)-(11-18)-(9-10)-(8-17)-(7-16)-(6-12)-(4-5)-(2-3)-(0-1)],9.465217590332031e-05,0.005980014801025391,2,True,2
W|fIB?pEGW_`?`?__OGC@?PC@wG?K??EC?@`??KG??s_??^,[(21-22)-(20-23)-(14-15)-(13-19)-(11-18)-(9-10)-(8-17)-(7-16)-(6-12)-(4-5)-(2-3)-(0-1)],9.107589721679688e-05,0.021932601928710938,7,True,7
W|fIB?pEGW_`?`?__OGC@?PC@wG?K??EC?@`??KG??s_??^,[(19-23)-(15-22)-(14-21)-(13-20)-(11-18)-(9-10)-(8-17)-(7-16)-(6-12)-(4-5)-(2-3)-(0-1)],9.822845458984375e-05,0.03915834426879883,5,True,6
W|fIB?pEGW_`?`?__OGC@?PC@wG?K??EC?@`??KG??s_??^,[(19-23)-(15-22)-(14-21)-(13-20)-(11-18)-(9-10)-(8-17)-(7-16)-(6-12)-(4-5)-(2-3)-(0-1)],9.512901306152344e-05,0.03542184829711914,6,True,6
W|fIB?pEGW_`?`?__OGC@?PC@wG?K??EC?@`??KG??s_??^,[(21-22)-(19-23)-(14-15)-(13-20)-(11-18)-(9-10)-(8-17)-(7-16)-(6-12)-(4-5)-(2-3)-(0-1)],9.298324584960938e-05,0.011184215545654297,4,True,4
W|fIB?pEGW_`?`?__OGC@?PC@wG?K??EC?@`??KG??s_??^,[(21-22)-(19-23)-(14-15)-(13-20)-(11-18)-(9-10)-(8-17)-(7-16)-(6-12)-(4-5)-(2-3)-(0-1)],9.131431579589844e-05,1.885643720626831,0,False,20
W|fIB?pEGW_`?`?__OGC@?PC@wG?K??EC?@`??KG??s_??^,[(22-23)-(19-20)-(15-21)-(13-14)-(11-18)-(9-10)-(8-17)-(7-16)-(6-12)-(4-5)-(2-3)-(0-1)],9.369850158691406e-05,0.01866602897644043,6,True,6
W|fIB?pEGW_`?`?__OGC@?PC@wG?K??EC?@`??KG??s_??^,[(22-23)-(19-20)-(15-21)-(13-14)-(11-18)-(9-10)-(8-17)-(7-16)-(6-12)-(4-5)-(2-3)-(0-1)],9.584426879882812e-05,0.0299685001373291,5,True,5
W|fIB?pEGW_`?`?__OGC@?PC@wG?K??EC?@`??KG??s_??^,[(21-23)-(19-20)-(15-22)-(13-14)-(11-18)-(9-10)-(8-17)-(7-16)-(6-12)-(4-5)-(2-3)-(0-1)],9.560585021972656e-05,0.012512922286987305,4,True,4
W|fIB?pEGW_`?`?__OGC@?PC@wG?K??EC?@`??KG??s_??^,[(21-23)-(19-20)-(15-22)-(13-14)-(11-18)-(9-10)-(8-17)-(7-16)-(6-12)-(4-5)-(2-3)-(0-1)],9.34600830078125e-05,0.02750682830810547,7,True,7
W|fIB?pEGW_`?`?__OGC@?PC@wG?K??EC?@`??KG??s_??^,[(20-21)-(19-23)-(15-22)-(13-14)-(11-18)-(9-10)-(8-17)-(7-16)-(6-12)-(4-5)-(2-3)-(0-1)],9.34600830078125e-05,1.2995107173919678,0,False,7
W|fIB?pEGW_`?`?__OGC@?PC@wG?K??EC?@`??KG??s_??^,[(20-21)-(19-23)-(15-22)-(13-14)-(11-18)-(9-10)-(8-17)-(7-16)-(6-12)-(4-5)-(2-3)-(0-1)],9.560585021972656e-05,0.005966663360595703,2,True,2
WtfIID`G@_B@B`?o_K?@`?CC?OG?oG?YC?@_??MG??X_??|,[(20-23)-(17-22)-(15-21)-(12-13)-(11-19)-(10-18)-(9-16)-(8-14)-(6-7)-(4-5)-(2-3)-(0-1)],9.131431579589844e-05,0.014145851135253906,5,True,5
WtfIID`G@_B@B`?o_K?@`?CC?OG?oG?YC?@_??MG??X_??|,[(20-23)-(17-22)-(15-21)-(12-13)-(11-19)-(10-18)-(9-16)-(8-14)-(6-7)-(4-5)-(2-3)-(0-1)],9.632110595703125e-05,1.1387827396392822,0,False,19
WtfIID`G@_B@B`?o_K?@`?CC?OG?oG?YC?@_??MG??X_??|,[(20-22)-(17-23)-(15-21)-(12-13)-(11-19)-(10-18)-(9-16)-(8-14)-(6-7)-(4-5)-(2-3)-(0-1)],9.799003601074219e-05,0.014465093612670898,5,True,5
WtfIID`G@_B@B`?o_K?@`?CC?OG?oG?YC?@_??MG??X_??|,[(20-22)-(17-23)-(15-21)-(12-13)-(11-19)-(10-18)-(9-16)-(8-14)-(6-7)-(4-5)-(2-3)-(0-1)],9.632110595703125e-05,0.4637277126312256,14,True,14
WtfIID`G@_B@B`?o_K?@`?CC?OG?oG?YC?@_??MG??X_??|,[(20-23)-(17-22)-(15-21)-(13-19)-(11-12)-(10-18)-(9-16)-(8-14)-(6-7)-(4-5)-(2-3)-(0-1)],9.870529174804688e-05,0.03432726860046387,10,True,10
WtfIID`G@_B@B`?o_K?@`?CC?OG?oG?YC?@_??MG??X_??|,[(20-23)-(17-22)-(15-21)-(13-19)-(11-12)-(10-18)-(9-16)-(8-14)-(6-7)-(4-5)-(2-3)-(0-1)],9.608268737792969e-05,0.026064157485961914,7,True,7
WtfIID`G@_B@B`?o_K?@`?CC?OG?oG?YC?@_??MG??X_??|,[(20-22)-(17-23)-(15-21)-(13-19)-(11-12)-(10-18)-(9-16)-(8-14)-(6-7)-(4-5)-(2-3)-(0-1)],9.679794311523438e-05,0.2014021873474121,8,True,8
WtfIID`G@_B@B`?o_K?@`?CC?OG?oG?YC?@_??MG??X_??|,[(20-22)-(17-23)-(15-21)-(13-19)-(11-12)-(10-18)-(9-16)-(8-14)-(6-7)-(4-5)-(2-3)-(0-1)],9.5367431640625e-05,0.045298099517822266,6,True,6
WtfIID`G@_B@B`?o_K?@`?CC?OG?oG?YC?@_??MG??X_??|,[(19-23)-(17-22)-(15-21)-(13-20)-(11-12)-(10-18)-(9-16)-(8-14)-(6-7)-(4-5)-(2-3)-(0-1)],9.441375732421875e-05,1.5209720134735107,0,False,21
WtfIID`G@_B@B`?o_K?@`?CC?OG?oG?YC?@_??MG??X_??|,[(19-23)-(17-22)-(15-21)-(13-20)-(11-12)-(10-18)-(9-16)-(8-14)-(6-7)-(4-5)-(2-3)-(0-1)],9.989738464355469e-05,0.017515897750854492,5,True,5
WtfIID`G@_B@B`?o_K?@`?CC?OG?oG?YC?@_??MG??X_??|,[(22-23)-(17-18)-(15-21)-(13-20)-(11-12)-(10-19)-(9-16)-(8-14)-(6-7)-(4-5)-(2-3)-(0-1)],9.775161743164062e-05,2.0084288120269775,0,False,17
WtfIID`G@_B@B`?o_K?@`?CC?OG?oG?YC?@_??MG??X_??|,[(22-23)-(17-18)-(15-21)-(13-20)-(11-12)-(10-19)-(9-16)-(8-14)-(6-7)-(4-5)-(2-3)-(0-1)],9.298324584960938e-05,0.0058095455169677734,2,True,2
WtfIID`G@_B@B`?o_K?@`?CC?OG?oG?YC?@_??MG??X_??|,[(18-23)-(17-22)-(15-21)-(13-20)-(11-12)-(10-19)-(9-16)-(8-14)-(6-7)-(4-5)-(2-3)-(0-1)],9.417533874511719e-05,2.1262705326080322,0,False,32
WtfIID`G@_B@B`?o_K?@`?CC?OG?oG?YC?@_??MG??X_??|,[(18-23)-(17-22)-(15-21)-(13-20)-(11-12)-(10-19)-(9-16)-(8-14)-(6-7)-(4-5)-(2-3)-(0-1)],9.608268737792969e-05,0.008484601974487305,3,True,3
WtfIID`G@_B@B`?o_K?@`?CC?OG?oG?YC?@_??MG??X_??|,[(20-22)-(19-23)-(17-18)-(15-21)-(12-13)-(10-11)-(9-16)-(8-14)-(6-7)-(4-5)-(2-3)-(0-1)],9.34600830078125e-05,0.008593082427978516,3,True,3
WtfIID`G@_B@B`?o_K?@`?CC?OG?oG?YC?@_??MG??X_??|,[(20-22)-(19-23)-(17-18)-(15-21)-(12-13)-(10-11)-(9-16)-(8-14)-(6-7)-(4-5)-(2-3)-(0-1)],9.250640869140625e-05,0.021901607513427734,7,True,7
WtfIID`G@_B@B`?o_K?@`?CC?OG?oG?YC?@_??MG??X_??|,[(20-23)-(18-19)-(17-22)-(15-21)-(12-13)-(10-11)-(9-16)-(8-14)-(6-7)-(4-5)-(2-3)-(0-1)],9.393692016601562e-05,0.7988712787628174,0,False,21
WtfIID`G@_B@B`?o_K?@`?CC?OG?oG?YC?@_??MG??X_??|,[(20-23)-(18-19)-(17-22)-(15-21)-(12-13)-(10-11)-(9-16)-(8-14)-(6-7)-(4-5)-(2-3)-(0-1)],9.870529174804688e-05,0.008816719055175781,3,True,3
WtfIID`G@_B@B`?o_K?@`?CC?OG?oG?YC?@_??MG??X_??|,[(20-22)-(18-19)-(17-23)-(15-21)-(12-13)-(10-11)-(9-16)-(8-14)-(6-7)-(4-5)-(2-3)-(0-1)],9.72747802734375e-05,1.9084689617156982,0,False,24
WtfIID`G@_B@B`?o_K?@`?CC?OG?oG?YC?@_??MG??X_??|,[(20-22)-(18-19)-(17-23)-(15-21)-(12-13)-(10-11)-(9-16)-(8-14)-(6-7)-(4-5)-(2-3)-(0-1)],9.703636169433594e-05,0.006036043167114258,2,True,2
WtfIID_GH?a@E@B__WGA??WC?oG?oG?W??E`??KW??e_?Bp,[(22-23)-(15-21)-(13-14)-(12-20)-(11-19)-(10-18)-(9-17)-(8-16)-(6-7)-(4-5)-(2-3)-(0-1)],0.0001010894775390625,0.006111621856689453,2,True,2
WtfIID_GH?a@E@B__WGA??WC?oG?oG?W??E`??KW??e_?Bp,[(22-23)-(15-21)-(13-14)-(12-20)-(11-19)-(10-18)-(9-17)-(8-16)-(6-7)-(4-5)-(2-3)-(0-1)],0.00013017654418945312,0.015184164047241211,5,True,5
WtfIID_GH?a@E@B__WGA??WC?oG?oG?W??E`??KW??e_?Bp,[(21-22)-(15-23)-(13-14)-(12-20)-(11-19)-(10-18)-(9-17)-(8-16)-(6-7)-(4-5)-(2-3)-(0-1)],9.965896606445312e-05,0.014111518859863281,5,True,5
WtfIID_GH?a@E@B__WGA??WC?oG?oG?W??E`??KW??e_?Bp,[(21-22)-(15-23)-(13-14)-(12-20)-(11-19)-(10-18)-(9-17)-(8-16)-(6-7)-(4-5)-(2-3)-(0-1)],9.632110595703125e-05,0.025224924087524414,7,True,7
WtfIID_GH?a@E@B__WGA??WC?oG?oG?W??E`??KW??e_?Bp,[(22-23)-(15-21)-(14-20)-(12-13)-(11-19)-(10-18)-(9-17)-(8-16)-(6-7)-(4-5)-(2-3)-(0-1)],9.417533874511719e-05,0.06650280952453613,6,True,6
WtfIID_GH?a@E@B__WGA??WC?oG?oG?W??E`??KW??e_?Bp,[(22-23)-(15-21)-(14-20)-(12-13)-(11-19)-(10-18)-(9-17)-(8-16)-(6-7)-(4-5)-(2-3)-(0-1)],9.441375732421875e-05,0.0035161972045898438,1,True,1
WtfIID_GH?a@E@B__WGA??WC?oG?oG?W??E`??KW??e_?Bp,[(21-22)-(15-23)-(14-20)-(12-13)-(11-19)-(10-18)-(9-17)-(8-16)-(6-7)-(4-5)-(2-3)-(0-1)],9.34600830078125e-05,0.00861811637878418,3,True,3
WtfIID_GH?a@E@B__WGA??WC?oG?oG?W??E`??KW??e_?Bp,[(21-22)-(15-23)-(14-20)-(12-13)-(11-19)-(10-18)-(9-17)-(8-16)-(6-7)-(4-5)-(2-3)-(0-1)],9.34600830078125e-05,1.2711460590362549,0,False,7
WtfIID_GH?a@E@B__WGA??WC?oG?oG?W??E`??KW??e_?Bp,[(19-22)-(15-23)-(14-21)-(12-13)-(11-20)-(10-18)-(9-17)-(8-16)-(6-7)-(4-5)-(2-3)-(0-1)],9.489059448242188e-05,0.025409698486328125,7,True,7
WtfIID_GH?a@E@B__WGA??WC?oG?oG?W??E`??KW??e_?Bp,[(19-22)-(15-23)-(14-21)-(12-13)-(11-20)-(10-18)-(9-17)-(8-16)-(6-7)-(4-5)-(2-3)-(0-1)],9.441375732421875e-05,0.0058383941650390625,2,True,2
WtfIID_GH?a@E@B__WGA??WC?oG?oG?W??E`??KW??e_?Bp,[(22-23)-(19-20)-(15-21)-(13-14)-(11-12)-(10-18)-(9-17)-(8-16)-(6-7)-(4-5)-(2-3)-(0-1)],9.369850158691406e-05,0.008632421493530273,3,True,3
WtfIID_GH?a@E@B__WGA??WC?oG?oG?W??E`??KW??e_?Bp,[(22-23)-(19-20)-(15-21)-(13-14)-(11-12)-(10-18)-(9-17)-(8-16)-(6-7)-(4-5)-(2-3)-(0-1)],9.441375732421875e-05,0.018508195877075195,6,True,6
WtfIID_GH?a@E@B__WGA??WC?oG?oG?W??E`??KW??e_?Bp,[(21-22)-(19-20)-(15-23)-(13-14)-(11-12)-(10-18)-(9-17)-(8-16)-(6-7)-(4-5)-(2-3)-(0-1)],0.00010013580322265625,0.01592540740966797,5,True,5
WtfIID_GH?a@E@B__WGA??WC?oG?oG?W??E`??KW??e_?Bp,[(21-22)-(19-20)-(15-23)-(13-14)-(11-12)-(10-18)-(9-17)-(8-16)-(6-7)-(4-5)-(2-3)-(0-1)],9.417533874511719e-05,0.005837440490722656,2,True,2
WtfIID_GH?a@E@B__WGA??WC?oG?oG?W??E`??KW??e_?Bp,[(20-21)-(19-22)-(15-23)-(13-14)-(11-12)-(10-18)-(9-17)-(8-16)-(6-7)-(4-5)-(2-3)-(0-1)],9.34600830078125e-05,0.011783838272094727,4,True,4
WtfIID_GH?a@E@B__WGA??WC?oG?oG?W??E`??KW??e_?Bp,[(20-21)-(19-22)-(15-23)-(13-14)-(11-12)-(10-18)-(9-17)-(8-16)-(6-7)-(4-5)-(2-3)-(0-1)],9.393692016601562e-05,0.01851963996887207,6,True,6
WtfIID_GH?a@E@B__WGA??WC?oG?oG?W??E`??KW??e_?Bp,[(18-23)-(15-22)-(14-21)-(12-13)-(11-20)-(10-19)-(9-17)-(8-16)-(6-7)-(4-5)-(2-3)-(0-1)],9.393692016601562e-05,0.03555440902709961,8,True,8
WtfIID_GH?a@E@B__WGA??WC?oG?oG?W??E`??KW??e_?Bp,[(18-23)-(15-22)-(14-21)-(12-13)-(11-20)-(10-19)-(9-17)-(8-16)-(6-7)-(4-5)-(2-3)-(0-1)],9.393692016601562e-05,0.00857234001159668,3,True,3
WtfIID_GH?a@E@B__WGA??WC?oG?oG?W??E`??KW??e_?Bp,[(18-22)-(15-23)-(14-21)-(12-13)-(11-20)-(10-19)-(9-17)-(8-16)-(6-7)-(4-5)-(2-3)-(0-1)],9.393692016601562e-05,0.028420209884643555,8,True,8
WtfIID_GH?a@E@B__WGA??WC?oG?oG?W??E`??KW??e_?Bp,[(18-22)-(15-23)-(14-21)-(12-13)-(11-20)-(10-19)-(9-17)-(8-16)-(6-7)-(4-5)-(2-3)-(0-1)],9.369850158691406e-05,0.0035126209259033203,1,True,1
W|fIJ?pCGO`_?`?__WGB`?E??GG?WG?KC?B@??]???X_??|,[(21-22)-(19-23)-(14-15)-(13-20)-(11-18)-(10-17)-(9-16)-(7-8)-(6-12)-(4-5)-(2-3)-(0-1)],8.916854858398438e-05,0.008573055267333984,3,True,3
W|fIJ?pCGO`_?`?__WGB`?E??GG?WG?KC?B@??]???X_??|,[(21-22)-(19-23)-(14-15)-(13-20)-(11-18)-(10-17)-(9-16)-(7-8)-(6-12)-(4-5)-(2-3)-(0-1)],9.322166442871094e-05,0.011236906051635742,4,True,4
W|fIJ?pCGO`_?`?__WGB`?E??GG?WG?KC?B@??]???X_??|,[(22-23)-(19-20)-(14-15)-(13-21)-(11-18)-(10-17)-(9-16)-(7-8)-(6-12)-(4-5)-(2-3)-(0-1)],9.560585021972656e-05,1.165877342224121,0,False,6
W|fIJ?pCGO`_?`?__WGB`?E??GG?WG?KC?B@??]???X_??|,[(22-23)-(19-20)-(14-15)-(13-21)-(11-18)-(10-17)-(9-16)-(7-8)-(6-12)-(4-5)-(2-3)-(0-1)],9.751319885253906e-05,0.019732952117919922,6,True,6
W|fIJ?pCGO`_?`?__WGB`?E??GG?WG?KC?B@??]???X_??|,[(20-22)-(19-23)-(14-15)-(13-21)-(11-18)-(10-17)-(9-16)-(7-8)-(6-12)-(4-5)-(2-3)-(0-1)],9.369850158691406e-05,0.17174267768859863,0,False,5
W|fIJ?pCGO`_?`?__WGB`?E??GG?WG?KC?B@??]???X_??|,[(20-22)-(19-23)-(14-15)-(13-21)-(11-18)-(10-17)-(9-16)-(7-8)-(6-12)-(4-5)-(2-3)-(0-1)],9.918212890625e-05,0.018932104110717773,6,True,6
W|fIJ?pCGO`_?`?__WGB`?E??GG?WG?KC?B@??]???X_??|,[(22-23)-(19-20)-(15-21)-(13-14)-(11-18)-(10-17)-(9-16)-(7-8)-(6-12)-(4-5)-(2-3)-(0-1)],9.655952453613281e-05,0.08581304550170898,5,True,6
W|fIJ?pCGO`_?`?__WGB`?E??GG?WG?KC?B@??]???X_??|,[(22-23)-(19-20)-(15-21)-(13-14)-(11-18)-(10-17)-(9-16)-(7-8)-(6-12)-(4-5)-(2-3)-(0-1)],9.584426879882812e-05,0.01151418685913086,4,True,4
W|fIJ?pCGO`_?`?__WGB`?E??GG?WG?KC?B@??]???X_??|,[(20-22)-(19-23)-(15-21)-(13-14)-(11-18)-(10-17)-(9-16)-(7-8)-(6-12)-(4-5)-(2-3)-(0-1)],9.679794311523438e-05,0.04047417640686035,5,True,6
W|fIJ?pCGO`_?`?__WGB`?E??GG?WG?KC?B@??]???X_??|,[(20-22)-(19-23)-(15-21)-(13-14)-(11-18)-(10-17)-(9-16)-(7-8)-(6-12)-(4-5)-(2-3)-(0-1)],9.34600830078125e-05,0.011233806610107422,4,True,4
W|fIJ?pCGO`_?`?__WGB`?E??GG?WG?KC?B@??]???X_??|,[(21-22)-(18-23)-(14-15)-(13-20)-(11-19)-(10-17)-(9-16)-(7-8)-(6-12)-(4-5)-(2-3)-(0-1)],9.274482727050781e-05,0.0034966468811035156,1,True,1
W|fIJ?pCGO`_?`?__WGB`?E??GG?WG?KC?B@??]???X_??|,[(21-22)-(18-23)-(14-15)-(13-20)-(11-19)-(10-17)-(9-16)-(7-8)-(6-12)-(4-5)-(2-3)-(0-1)],9.274482727050781e-05,0.03514552116394043,0,False,3
W|fIJ?pCGO`_?`?__WGB`?E??GG?WG?KC?B@??]???X_??|,[(20-22)-(18-23)-(14-15)-(13-21)-(11-19)-(10-17)-(9-16)-(7-8)-(6-12)-(4-5)-(2-3)-(0-1)],9.34600830078125e-05,0.041314125061035156,5,True,5
W|fIJ?pCGO`_?`?__WGB`?E??GG?WG?KC?B@??]???X_??|,[(20-22)-(18-23)-(14-15)-(13-21)-(11-19)-(10-17)-(9-16)-(7-8)-(6-12)-(4-5)-(2-3)-(0-1)],9.226799011230469e-05,0.005769968032836914,2,True,2
W|fIJ?pCGO`_?`?__WGB`?E??GG?WG?KC?B@??]???X_??|,[(20-22)-(18-23)-(15-21)-(13-14)-(11-19)-(10-17)-(9-16)-(7-8)-(6-12)-(4-5)-(2-3)-(0-1)],9.34600830078125e-05,0.008279561996459961,3,True,3
W|fIJ?pCGO`_?`?__WGB`?E??GG?WG?KC?B@??]???X_??|,[(20-22)-(18-23)-(15-21)-(13-14)-(11-19)-(10-17)-(9-16)-(7-8)-(6-12)-(4-5)-(2-3)-(0-1)],9.298324584960938e-05,0.011614799499511719,4,True,4
W|fIJ?pCGO`_?`?__WGB`?E??GG?WG?KC?B@??]???X_??|,[(21-22)-(17-23)-(14-15)-(13-20)-(11-19)-(10-18)-(9-16)-(7-8)-(6-12)-(4-5)-(2-3)-(0-1)],9.34600830078125e-05,0.010857105255126953,4,True,4
W|fIJ?pCGO`_?`?__WGB`?E??GG?WG?KC?B@??]???X_??|,[(21-22)-(17-23)-(14-15)-(13-20)-(11-19)-(10-18)-(9-16)-(7-8)-(6-12)-(4-5)-(2-3)-(0-1)],9.298324584960938e-05,0.008062124252319336,2,True,2
W|fIJ?pCGO`_?`?__WGB`?E??GG?WG?KC?B@??]???X_??|,[(20-23)-(17-22)-(14-15)-(13-21)-(11-19)-(10-18)-(9-16)-(7-8)-(6-12)-(4-5)-(2-3)-(0-1)],9.322166442871094e-05,0.5076956748962402,0,False,6
W|fIJ?pCGO`_?`?__WGB`?E??GG?WG?KC?B@??]???X_??|,[(20-23)-(17-22)-(14-15)-(13-21)-(11-19)-(10-18)-(9-16)-(7-8)-(6-12)-(4-5)-(2-3)-(0-1)],9.751319885253906e-05,0.005908012390136719,2,True,2
WtfIID`G@_b?B`?`_GGB??KC?OG?oG?Z???b??KG??w_??v,[(22-23)-(15-21)-(14-20)-(12-13)-(11-19)-(10-18)-(9-17)-(8-16)-(6-7)-(4-5)-(2-3)-(0-1)],9.274482727050781e-05,0.008871078491210938,3,True,3
WtfIID`G@_b?B`?`_GGB??KC?OG?oG?Z???b??KG??w_??v,[(22-23)-(15-21)-(14-20)-(12-13)-(11-19)-(10-18)-(9-17)-(8-16)-(6-7)-(4-5)-(2-3)-(0-1)],9.799003601074219e-05,0.04602313041687012,8,True,8
WtfIID`G@_b?B`?`_GGB??KC?OG?oG?Z???b??KG??w_??v,[(21-23)-(15-22)-(14-20)-(12-13)-(11-19)-(10-18)-(9-17)-(8-16)-(6-7)-(4-5)-(2-3)-(0-1)],9.870529174804688e-05,0.006215333938598633,2,True,2
WtfIID`G@_b?B`?`_GGB??KC?OG?oG?Z???b??KG??w_??v,[(21-23)-(15-22)-(14-20)-(12-13)-(11-19)-(10-18)-(9-17)-(8-16)-(6-7)-(4-5)-(2-3)-(0-1)],9.608268737792969e-05,0.011077165603637695,3,True,3
WtfIID`G@_b?B`?`_GGB??KC?OG?oG?Z???b??KG??w_??v,[(20-23)-(15-22)-(14-21)-(12-13)-(11-19)-(10-18)-(9-17)-(8-16)-(6-7)-(4-5)-(2-3)-(0-1)],9.560585021972656e-05,0.016394853591918945,3,True,3
WtfIID`G@_b?B`?`_GGB??KC?OG?oG?Z???b??KG??w_??v,[(20-23)-(15-22)-(14-21)-(12-13)-(11-19)-(10-18)-(9-17)-(8-16)-(6-7)-(4-5)-(2-3)-(0-1)],9.512901306152344e-05,0.011844396591186523,3,True,3
WtfIID`G@_b?B`?`_GGB??KC?OG?oG?Z???b??KG??w_??v,[(22-23)-(15-21)-(14-20)-(13-19)-(11-12)-(10-18)-(9-17)-(8-16)-(6-7)-(4-5)-(2-3)-(0-1)],9.5367431640625e-05,0.0059735774993896484,2,True,2
WtfIID`G@_b?B`?`_GGB??KC?OG?oG?Z???b??KG??w_??v,[(22-23)-(15-21)-(14-20)-(13-19)-(11-12)-(10-18)-(9-17)-(8-16)-(6-7)-(4-5)-(2-3)-(0-1)],9.5367431640625e-05,0.39419102668762207,19,True,19
WtfIID`G@_b?B`?`_GGB??KC?OG?oG?Z???b??KG??w_??v,[(21-23)-(15-22)-(14-20)-(13-19)-(11-12)-(10-18)-(9-17)-(8-16)-(6-7)-(4-5)-(2-3)-(0-1)],9.942054748535156e-05,0.0059967041015625,2,True,2
WtfIID`G@_b?B`?`_GGB??KC?OG?oG?Z???b??KG??w_??v,[(21-23)-(15-22)-(14-20)-(13-19)-(11-12)-(10-18)-(9-17)-(8-16)-(6-7)-(4-5)-(2-3)-(0-1)],9.5367431640625e-05,0.0273892879486084,6,True,6
WtfIID`G@_b?B`?`_GGB??KC?OG?oG?Z???b??KG??w_??v,[(20-23)-(15-22)-(14-21)-(13-19)-(11-12)-(10-18)-(9-17)-(8-16)-(6-7)-(4-5)-(2-3)-(0-1)],9.560585021972656e-05,0.09984779357910156,6,True,9
WtfIID`G@_b?B`?`_GGB??KC?OG?oG?Z???b??KG??w_??v,[(20-23)-(15-22)-(14-21)-(13-19)-(11-12)-(10-18)-(9-17)-(8-16)-(6-7)-(4-5)-(2-3)-(0-1)],9.441375732421875e-05,0.008537054061889648,3,True,3
WtfIID`G@_b?B`?`_GGB??KC?OG?oG?Z???b??KG??w_??v,[(22-23)-(19-20)-(15-21)-(13-14)-(11-12)-(10-18)-(9-17)-(8-16)-(6-7)-(4-5)-(2-3)-(0-1)],9.369850158691406e-05,0.059078216552734375,5,True,5
WtfIID`G@_b?B`?`_GGB??KC?OG?oG?Z???b??KG??w_??v,[(22-23)-(19-20)-(15-21)-(13-14)-(11-12)-(10-18)-(9-17)-(8-16)-(6-7)-(4-5)-(2-3)-(0-1)],9.322166442871094e-05,0.0034749507904052734,1,True,1
WtfIID`G@_b?B`?`_GGB??KC?OG?oG?Z???b??KG??w_??v,[(21-23)-(19-20)-(15-22)-(13-14)-(11-12)-(10-18)-(9-17)-(8-16)-(6-7)-(4-5)-(2-3)-(0-1)],9.512901306152344e-05,0.008592367172241211,3,True,3
WtfIID`G@_b?B`?`_GGB??KC?OG?oG?Z???b??KG??w_??v,[(21-23)-(19-20)-(15-22)-(13-14)-(11-12)-(10-18)-(9-17)-(8-16)-(6-7)-(4-5)-(2-3)-(0-1)],9.393692016601562e-05,0.0334324836730957,10,True,10
WtfIID`G@_b?B`?`_GGB??KC?OG?oG?Z???b??KG??w_??v,[(22-23)-(18-20)-(15-21)-(13-14)-(11-12)-(10-19)-(9-17)-(8-16)-(6-7)-(4-5)-(2-3)-(0-1)],9.393692016601562e-05,0.05980348587036133,5,True,5
WtfIID`G@_b?B`?`_GGB??KC?OG?oG?Z???b??KG??w_??v,[(22-23)-(18-20)-(15-21)-(13-14)-(11-12)-(10-19)-(9-17)-(8-16)-(6-7)-(4-5)-(2-3)-(0-1)],9.298324584960938e-05,0.008620262145996094,3,True,3
WtfIID`G@_b?B`?`_GGB??KC?OG?oG?Z???b??KG??w_??v,[(21-23)-(18-20)-(15-22)-(13-14)-(11-12)-(10-19)-(9-17)-(8-16)-(6-7)-(4-5)-(2-3)-(0-1)],9.298324584960938e-05,0.014919519424438477,5,True,5
WtfIID`G@_b?B`?`_GGB??KC?OG?oG?Z???b??KG??w_??v,[(21-23)-(18-20)-(15-22)-(13-14)-(11-12)-(10-19)-(9-17)-(8-16)-(6-7)-(4-5)-(2-3)-(0-1)],9.250640869140625e-05,0.005839109420776367,2,True,2
W|fIIC`G?_b@B`?b_HGB??GC?oG?_G?`C??p??EG??[_??^,[(21-23)-(18-22)-(15-20)-(14-19)-(12-13)-(10-11)-(9-17)-(8-16)-(6-7)-(4-5)-(2-3)-(0-1)],9.036064147949219e-05,0.03152799606323242,10,True,10
W|fIIC`G?_b@B`?b_HGB??GC?oG?_G?`C??p??EG??[_??^,[(21-23)-(18-22)-(15-20)-(14-19)-(12-13)-(10-11)-(9-17)-(8-16)-(6-7)-(4-5)-(2-3)-(0-1)],9.608268737792969e-05,0.005855560302734375,2,True,2
W|fIIC`G?_b@B`?b_HGB??GC?oG?_G?`C??p??EG??[_??^,[(21-22)-(18-23)-(15-20)-(14-19)-(12-13)-(10-11)-(9-17)-(8-16)-(6-7)-(4-5)-(2-3)-(0-1)],9.441375732421875e-05,0.02405261993408203,7,True,7
W|fIIC`G?_b@B`?b_HGB??GC?oG?_G?`C??p??EG??[_??^,[(21-22)-(18-23)-(15-20)-(14-19)-(12-13)-(10-11)-(9-17)-(8-16)-(6-7)-(4-5)-(2-3)-(0-1)],9.679794311523438e-05,0.014381647109985352,5,True,5
W|fIIC`G?_b@B`?b_HGB??GC?oG?_G?`C??p??EG??[_??^,[(20-23)-(18-22)-(15-21)-(14-19)-(12-13)-(10-11)-(9-17)-(8-16)-(6-7)-(4-5)-(2-3)-(0-1)],9.393692016601562e-05,0.014016866683959961,5,True,5
W|fIIC`G?_b@B`?b_HGB??GC?oG?_G?`C??p??EG??[_??^,[(20-23)-(18-22)-(15-21)-(14-19)-(12-13)-(10-11)-(9-17)-(8-16)-(6-7)-(4-5)-(2-3)-(0-1)],9.298324584960938e-05,0.005677223205566406,2,True,2
W|fIIC`G?_b@B`?b_HGB??GC?oG?_G?`C??p??EG??[_??^,[(22-23)-(18-19)-(15-21)-(14-20)-(12-13)-(10-11)-(9-17)-(8-16)-(6-7)-(4-5)-(2-3)-(0-1)],9.34600830078125e-05,0.017007112503051758,6,True,6
W|fIIC`G?_b@B`?b_HGB??GC?oG?_G?`C??p??EG??[_??^,[(22-23)-(18-19)-(15-21)-(14-20)-(12-13)-(10-11)-(9-17)-(8-16)-(6-7)-(4-5)-(2-3)-(0-1)],9.179115295410156e-05,0.001573324203491211,0,True,0
W|fIIC`G?_b@B`?b_HGB??GC?oG?_G?`C??p??EG??[_??^,[(19-23)-(18-22)-(15-21)-(14-20)-(12-13)-(10-11)-(9-17)-(8-16)-(6-7)-(4-5)-(2-3)-(0-1)],9.369850158691406e-05,0.005873918533325195,2,True,2
W|fIIC`G?_b@B`?b_HGB??GC?oG?_G?`C??p??EG??[_??^,[(19-23)-(18-22)-(15-21)-(14-20)-(12-13)-(10-11)-(9-17)-(8-16)-(6-7)-(4-5)-(2-3)-(0-1)],9.179115295410156e-05,0.02042102813720703,6,True,6
W|fIIC`G?_b@B`?b_HGB??GC?oG?_G?`C??p??EG??[_??^,[(21-23)-(18-22)-(15-20)-(14-19)-(11-12)-(10-13)-(9-17)-(8-16)-(6-7)-(4-5)-(2-3)-(0-1)],9.560585021972656e-05,0.11536407470703125,7,True,13
W|fIIC`G?_b@B`?b_HGB??GC?oG?_G?`C??p??EG??[_??^,[(21-23)-(18-22)-(15-20)-(14-19)-(11-12)-(10-13)-(9-17)-(8-16)-(6-7)-(4-5)-(2-3)-(0-1)],9.560585021972656e-05,0.03507709503173828,0,False,4
W|fIIC`G?_b@B`?b_HGB??GC?oG?_G?`C??p??EG??[_??^,[(21-22)-(18-23)-(15-20)-(14-19)-(11-12)-(10-13)-(9-17)-(8-16)-(6-7)-(4-5)-(2-3)-(0-1)],9.584426879882812e-05,0.014161348342895508,5,True,5
W|fIIC`G?_b@B`?b_HGB??GC?oG?_G?`C??p??EG??[_??^,[(21-22)-(18-23)-(15-20)-(14-19)-(11-12)-(10-13)-(9-17)-(8-16)-(6-7)-(4-5)-(2-3)-(0-1)],9.226799011230469e-05,0.02478194236755371,8,True,8
W|fIIC`G?_b@B`?b_HGB??GC?oG?_G?`C??p??EG??[_??^,[(20-23)-(18-22)-(15-21)-(14-19)-(11-12)-(10-13)-(9-17)-(8-16)-(6-7)-(4-5)-(2-3)-(0-1)],9.417533874511719e-05,0.008323192596435547,3,True,3
W|fIIC`G?_b@B`?b_HGB??GC?oG?_G?`C??p??EG??[_??^,[(20-23)-(18-22)-(15-21)-(14-19)-(11-12)-(10-13)-(9-17)-(8-16)-(6-7)-(4-5)-(2-3)-(0-1)],9.226799011230469e-05,0.017691612243652344,6,True,6
W|fIIC`G?_b@B`?b_HGB??GC?oG?_G?`C??p??EG??[_??^,[(22-23)-(18-19)-(15-21)-(14-20)-(11-12)-(10-13)-(9-17)-(8-16)-(6-7)-(4-5)-(2-3)-(0-1)],9.322166442871094e-05,1.0194272994995117,0,False,8
W|fIIC`G?_b@B`?b_HGB??GC?oG?_G?`C??p??EG??[_??^,[(22-23)-(18-19)-(15-21)-(14-20)-(11-12)-(10-13)-(9-17)-(8-16)-(6-7)-(4-5)-(2-3)-(0-1)],9.655952453613281e-05,0.0016226768493652344,0,True,0
W|fIIC`G?_b@B`?b_HGB??GC?oG?_G?`C??p??EG??[_??^,[(19-23)-(18-22)-(15-21)-(14-20)-(11-12)-(10-13)-(9-17)-(8-16)-(6-7)-(4-5)-(2-3)-(0-1)],9.560585021972656e-05,0.0444788932800293,7,True,8
W|fIIC`G?_b@B`?b_HGB??GC?oG?_G?`C??p??EG??[_??^,[(19-23)-(18-22)-(15-21)-(14-20)-(11-12)-(10-13)-(9-17)-(8-16)-(6-7)-(4-5)-(2-3)-(0-1)],9.512901306152344e-05,0.003543376922607422,1,True,1
W|fII?_KGo`p?b?o_GGA@?WC?_G@?G?eC??b??KG??w_??v,[(22-23)-(18-20)-(15-21)-(13-14)-(10-12)-(9-19)-(8-17)-(7-16)-(6-11)-(4-5)-(2-3)-(0-1)],9.274482727050781e-05,0.014777421951293945,5,True,5
W|fII?_KGo`p?b?o_GGA@?WC?_G@?G?eC??b??KG??w_??v,[(22-23)-(18-20)-(15-21)-(13-14)-(10-12)-(9-19)-(8-17)-(7-16)-(6-11)-(4-5)-(2-3)-(0-1)],9.942054748535156e-05,0.045075416564941406,5,True,5
W|fII?_KGo`p?b?o_GGA@?WC?_G@?G?eC??b??KG??w_??v,[(21-23)-(18-20)-(15-22)-(13-14)-(10-12)-(9-19)-(8-17)-(7-16)-(6-11)-(4-5)-(2-3)-(0-1)],9.72747802734375e-05,0.4701387882232666,0,False,6
W|fII?_KGo`p?b?o_GGA@?WC?_G@?G?eC??b??KG??w_??v,[(21-23)-(18-20)-(15-22)-(13-14)-(10-12)-(9-19)-(8-17)-(7-16)-(6-11)-(4-5)-(2-3)-(0-1)],9.894371032714844e-05,0.01844644546508789,4,True,4
W|fII?_KGo`p?b?o_GGA@?WC?_G@?G?eC??b??KG??w_??v,[(20-21)-(18-23)-(15-22)-(13-14)-(10-12)-(9-19)-(8-17)-(7-16)-(6-11)-(4-5)-(2-3)-(0-1)],9.703636169433594e-05,0.022165775299072266,7,True,7
W|fII?_KGo`p?b?o_GGA@?WC?_G@?G?eC??b??KG??w_??v,[(20-21)-(18-23)-(15-22)-(13-14)-(10-12)-(9-19)-(8-17)-(7-16)-(6-11)-(4-5)-(2-3)-(0-1)],9.608268737792969e-05,0.02888798713684082,4,True,4
W|fII?_KGo`p?b?o_GGA@?WC?_G@?G?eC??b??KG??w_??v,[(22-23)-(18-20)-(15-21)-(13-14)-(12-19)-(9-10)-(8-17)-(7-16)-(6-11)-(4-5)-(2-3)-(0-1)],9.369850158691406e-05,0.011189460754394531,4,True,4
W|fII?_KGo`p?b?o_GGA@?WC?_G@?G?eC??b??KG??w_??v,[(22-23)-(18-20)-(15-21)-(13-14)-(12-19)-(9-10)-(8-17)-(7-16)-(6-11)-(4-5)-(2-3)-(0-1)],9.393692016601562e-05,0.028476476669311523,5,True,5
W|fII?_KGo`p?b?o_GGA@?WC?_G@?G?eC??b??KG??w_??v,[(21-23)-(18-20)-(15-22)-(13-14)-(12-19)-(9-10)-(8-17)-(7-16)-(6-11)-(4-5)-(2-3)-(0-1)],9.417533874511719e-05,0.26898193359375,0,False,5
W|fII?_KGo`p?b?o_GGA@?WC?_G@?G?eC??b??KG??w_??v,[(21-23)-(18-20)-(15-22)-(13-14)-(12-19)-(9-10)-(8-17)-(7-16)-(6-11)-(4-5)-(2-3)-(0-1)],9.989738464355469e-05,0.01810431480407715,4,True,4
W|fII?_KGo`p?b?o_GGA@?WC?_G@?G?eC??b??KG??w_??v,[(20-21)-(18-23)-(15-22)-(13-14)-(12-19)-(9-10)-(8-17)-(7-16)-(6-11)-(4-5)-(2-3)-(0-1)],9.775161743164062e-05,0.030838966369628906,9,True,9
W|fII?_KGo`p?b?o_GGA@?WC?_G@?G?eC??b??KG??w_??v,[(20-21)-(18-23)-(15-22)-(13-14)-(12-19)-(9-10)-(8-17)-(7-16)-(6-11)-(4-5)-(2-3)-(0-1)],9.703636169433594e-05,0.010753631591796875,2,True,2
W|fII?_KGo`p?b?o_GGA@?WC?_G@?G?eC??b??KG??w_??v,[(22-23)-(18-19)-(15-21)-(14-20)-(12-13)-(9-10)-(8-17)-(7-16)-(6-11)-(4-5)-(2-3)-(0-1)],9.608268737792969e-05,0.008776187896728516,3,True,3
W|fII?_KGo`p?b?o_GGA@?WC?_G@?G?eC??b??KG??w_??v,[(22-23)-(18-19)-(15-21)-(14-20)-(12-13)-(9-10)-(8-17)-(7-16)-(6-11)-(4-5)-(2-3)-(0-1)],9.655952453613281e-05,0.8347053527832031,0,False,21
W|fII?_KGo`p?b?o_GGA@?WC?_G@?G?eC??b??KG??w_??v,[(21-23)-(18-19)-(15-22)-(14-20)-(12-13)-(9-10)-(8-17)-(7-16)-(6-11)-(4-5)-(2-3)-(0-1)],9.465217590332031e-05,0.00879979133605957,3,True,3
W|fII?_KGo`p?b?o_GGA@?WC?_G@?G?eC??b??KG??w_??v,[(21-23)-(18-19)-(15-22)-(14-20)-(12-13)-(9-10)-(8-17)-(7-16)-(6-11)-(4-5)-(2-3)-(0-1)],9.512901306152344e-05,0.01449131965637207,4,True,4
W|fII?_KGo`p?b?o_GGA@?WC?_G@?G?eC??b??KG??w_??v,[(20-23)-(18-19)-(15-22)-(14-21)-(12-13)-(9-10)-(8-17)-(7-16)-(6-11)-(4-5)-(2-3)-(0-1)],9.703636169433594e-05,0.011599540710449219,4,True,4
W|fII?_KGo`p?b?o_GGA@?WC?_G@?G?eC??b??KG??w_??v,[(20-23)-(18-19)-(15-22)-(14-21)-(12-13)-(9-10)-(8-17)-(7-16)-(6-11)-(4-5)-(2-3)-(0-1)],9.608268737792969e-05,0.01798081398010254,6,True,6
W|fII?_KGo`p?b?o_GGA@?WC?_G@?G?eC??b??KG??w_??v,[(19-20)-(18-23)-(15-22)-(14-21)-(12-13)-(9-10)-(8-17)-(7-16)-(6-11)-(4-5)-(2-3)-(0-1)],9.369850158691406e-05,0.05903458595275879,5,True,5
W|fII?_KGo`p?b?o_GGA@?WC?_G@?G?eC??b??KG??w_??v,[(19-20)-(18-23)-(15-22)-(14-21)-(12-13)-(9-10)-(8-17)-(7-16)-(6-11)-(4-5)-(2-3)-(0-1)],9.441375732421875e-05,0.014181852340698242,4,True,4
W|fIAC`KGo``@@?__OGE@?WC?_G?oG?KC?B@??WG?@w_??},[(17-23)-(15-22)-(14-21)-(13-20)-(12-19)-(10-11)-(9-18)-(8-16)-(6-7)-(4-5)-(2-3)-(0-1)],8.988380432128906e-05,0.010834455490112305,2,True,2
W|fIAC`KGo``@@?__OGE@?WC?_G?oG?KC?B@??WG?@w_??},[(17-23)-(15-22)-(14-21)-(13-20)-(12-19)-(10-11)-(9-18)-(8-16)-(6-7)-(4-5)-(2-3)-(0-1)],9.441375732421875e-05,0.011871814727783203,4,True,4
W|fIAC`KGo``@@?__OGE@?WC?_G?oG?KC?B@??WG?@w_??},[(21-23)-(17-22)-(14-15)-(13-20)-(12-19)-(10-11)-(9-18)-(8-16)-(6-7)-(4-5)-(2-3)-(0-1)],9.799003601074219e-05,0.005837917327880859,2,True,2
W|fIAC`KGo``@@?__OGE@?WC?_G?oG?KC?B@??WG?@w_??},[(21-23)-(17-22)-(14-15)-(13-20)-(12-19)-(10-11)-(9-18)-(8-16)-(6-7)-(4-5)-(2-3)-(0-1)],9.369850158691406e-05,1.43410062789917,0,False,8
W|fIAC`KGo``@@?__OGE@?WC?_G?oG?KC?B@??WG?@w_??},[(21-22)-(17-23)-(14-15)-(13-20)-(12-19)-(10-11)-(9-18)-(8-16)-(6-7)-(4-5)-(2-3)-(0-1)],9.393692016601562e-05,0.01184701919555664,4,True,4
W|fIAC`KGo``@@?__OGE@?WC?_G?oG?KC?B@??WG?@w_??},[(21-22)-(17-23)-(14-15)-(13-20)-(12-19)-(10-11)-(9-18)-(8-16)-(6-7)-(4-5)-(2-3)-(0-1)],9.632110595703125e-05,0.005998373031616211,2,True,2
W|fIAC`KGo``@@?__OGE@?WC?_G?oG?KC?B@??WG?@w_??},[(20-23)-(17-22)-(14-15)-(13-21)-(12-19)-(10-11)-(9-18)-(8-16)-(6-7)-(4-5)-(2-3)-(0-1)],9.393692016601562e-05,0.023359298706054688,7,True,7
W|fIAC`KGo``@@?__OGE@?WC?_G?oG?KC?B@??WG?@w_??},[(20-23)-(17-22)-(14-15)-(13-21)-(12-19)-(10-11)-(9-18)-(8-16)-(6-7)-(4-5)-(2-3)-(0-1)],9.274482727050781e-05,0.007986783981323242,1,True,2
W|fIAC`KGo``@@?__OGE@?WC?_G?oG?KC?B@??WG?@w_??},[(20-21)-(17-23)-(15-22)-(13-14)-(12-19)-(10-11)-(9-18)-(8-16)-(6-7)-(4-5)-(2-3)-(0-1)],9.417533874511719e-05,0.005856513977050781,2,True,2
W|fIAC`KGo``@@?__OGE@?WC?_G?oG?KC?B@??WG?@w_??},[(20-21)-(17-23)-(15-22)-(13-14)-(12-19)-(10-11)-(9-18)-(8-16)-(6-7)-(4-5)-(2-3)-(0-1)],9.250640869140625e-05,0.02002739906311035,6,True,6
W|fIAC`KGo``@@?__OGE@?WC?_G?oG?KC?B@??WG?@w_??},[(19-23)-(17-22)-(14-15)-(13-21)-(12-20)-(10-11)-(9-18)-(8-16)-(6-7)-(4-5)-(2-3)-(0-1)],9.34600830078125e-05,0.008528470993041992,3,True,3
W|fIAC`KGo``@@?__OGE@?WC?_G?oG?KC?B@??WG?@w_??},[(19-23)-(17-22)-(14-15)-(13-21)-(12-20)-(10-11)-(9-18)-(8-16)-(6-7)-(4-5)-(2-3)-(0-1)],9.322166442871094e-05,0.023966073989868164,8,True,8
W|fIAC`KGo``@@?__OGE@?WC?_G?oG?KC?B@??WG?@w_??},[(19-20)-(17-23)-(15-22)-(14-21)-(12-13)-(10-11)-(9-18)-(8-16)-(6-7)-(4-5)-(2-3)-(0-1)],9.369850158691406e-05,0.003681659698486328,1,True,1
W|fIAC`KGo``@@?__OGE@?WC?_G?oG?KC?B@??WG?@w_??},[(19-20)-(17-23)-(15-22)-(14-21)-(12-13)-(10-11)-(9-18)-(8-16)-(6-7)-(4-5)-(2-3)-(0-1)],9.226799011230469e-05,0.024167537689208984,3,True,5
W|fIAC`KGo``@@?__OGE@?WC?_G?oG?KC?B@??WG?@w_??},[(21-23)-(19-20)-(17-22)-(14-15)-(12-13)-(10-11)-(9-18)-(8-16)-(6-7)-(4-5)-(2-3)-(0-1)],9.417533874511719e-05,0.2607741355895996,5,True,7
W|fIAC`KGo``@@?__OGE@?WC?_G?oG?KC?B@??WG?@w_??},[(21-23)-(19-20)-(17-22)-(14-15)-(12-13)-(10-11)-(9-18)-(8-16)-(6-7)-(4-5)-(2-3)-(0-1)],9.799003601074219e-05,0.00895237922668457,3,True,3
W|fIAC`KGo``@@?__OGE@?WC?_G?oG?KC?B@??WG?@w_??},[(20-21)-(19-23)-(17-22)-(14-15)-(12-13)-(10-11)-(9-18)-(8-16)-(6-7)-(4-5)-(2-3)-(0-1)],9.632110595703125e-05,0.011968851089477539,4,True,4
W|fIAC`KGo``@@?__OGE@?WC?_G?oG?KC?B@??WG?@w_??},[(20-21)-(19-23)-(17-22)-(14-15)-(12-13)-(10-11)-(9-18)-(8-16)-(6-7)-(4-5)-(2-3)-(0-1)],9.608268737792969e-05,0.10052061080932617,0,False,4
W|fIAC`KGo``@@?__OGE@?WC?_G?oG?KC?B@??WG?@w_??},[(21-22)-(19-20)-(17-23)-(14-15)-(12-13)-(10-11)-(9-18)-(8-16)-(6-7)-(4-5)-(2-3)-(0-1)],9.822845458984375e-05,0.011450767517089844,4,True,4
W|fIAC`KGo``@@?__OGE@?WC?_G?oG?KC?B@??WG?@w_??},[(21-22)-(19-20)-(17-23)-(14-15)-(12-13)-(10-11)-(9-18)-(8-16)-(6-7)-(4-5)-(2-3)-(0-1)],9.5367431640625e-05,0.0059320926666259766,2,True,2
W|fIB?pEGW?`?`?__OGE@?[C?WW?W??KC?B@??WG?@K_??^,[(21-22)-(19-23)-(14-15)-(13-20)-(11-18)-(10-17)-(8-9)-(7-16)-(6-12)-(4-5)-(2-3)-(0-1)],9.036064147949219e-05,0.01915431022644043,6,True,6
W|fIB?pEGW?`?`?__OGE@?[C?WW?W??KC?B@??WG?@K_??^,[(21-22)-(19-23)-(14-15)-(13-20)-(11-18)-(10-17)-(8-9)-(7-16)-(6-12)-(4-5)-(2-3)-(0-1)],9.560585021972656e-05,0.04970908164978027,6,True,6
W|fIB?pEGW?`?`?__OGE@?[C?WW?W??KC?B@??WG?@K_??^,[(22-23)-(19-20)-(14-15)-(13-21)-(11-18)-(10-17)-(8-9)-(7-16)-(6-12)-(4-5)-(2-3)-(0-1)],9.584426879882812e-05,0.01798081398010254,4,True,4
W|fIB?pEGW?`?`?__OGE@?[C?WW?W??KC?B@??WG?@K_??^,[(22-23)-(19-20)-(14-15)-(13-21)-(11-18)-(10-17)-(8-9)-(7-16)-(6-12)-(4-5)-(2-3)-(0-1)],9.34600830078125e-05,0.008512496948242188,3,True,3
W|fIB?pEGW?`?`?__OGE@?[C?WW?W??KC?B@??WG?@K_??^,[(21-23)-(18-22)-(14-15)-(13-20)-(11-19)-(10-17)-(8-9)-(7-16)-(6-12)-(4-5)-(2-3)-(0-1)],9.226799011230469e-05,0.014037132263183594,3,True,3
W|fIB?pEGW?`?`?__OGE@?[C?WW?W??KC?B@??WG?@K_??^,[(21-23)-(18-22)-(14-15)-(13-20)-(11-19)-(10-17)-(8-9)-(7-16)-(6-12)-(4-5)-(2-3)-(0-1)],9.179115295410156e-05,0.0252838134765625,8,True,8
W|fIB?pEGW?`?`?__OGE@?[C?WW?W??KC?B@??WG?@K_??^,[(21-22)-(18-23)-(14-15)-(13-20)-(11-19)-(10-17)-(8-9)-(7-16)-(6-12)-(4-5)-(2-3)-(0-1)],9.298324584960938e-05,0.005835771560668945,2,True,2
W|fIB?pEGW?`?`?__OGE@?[C?WW?W??KC?B@??WG?@K_??^,[(21-22)-(18-23)-(14-15)-(13-20)-(11-19)-(10-17)-(8-9)-(7-16)-(6-12)-(4-5)-(2-3)-(0-1)],9.274482727050781e-05,0.02527594566345215,8,True,8
W|fIB?pEGW?`?`?__OGE@?[C?WW?W??KC?B@??WG?@K_??^,[(20-23)-(18-22)-(14-15)-(13-21)-(11-19)-(10-17)-(8-9)-(7-16)-(6-12)-(4-5)-(2-3)-(0-1)],9.226799011230469e-05,0.018865346908569336,6,True,6
W|fIB?pEGW?`?`?__OGE@?[C?WW?W??KC?B@??WG?@K_??^,[(20-23)-(18-22)-(14-15)-(13-21)-(11-19)-(10-17)-(8-9)-(7-16)-(6-12)-(4-5)-(2-3)-(0-1)],9.250640869140625e-05,0.0057659149169921875,2,True,2
W|fIB?pEGW?`?`?__OGE@?[C?WW?W??KC?B@??WG?@K_??^,[(22-23)-(15-17)-(14-21)-(13-20)-(11-19)-(10-18)-(8-9)-(7-16)-(6-12)-(4-5)-(2-3)-(0-1)],9.34600830078125e-05,0.023239850997924805,4,True,4
W|fIB?pEGW?`?`?__OGE@?[C?WW?W??KC?B@??WG?@K_??^,[(22-23)-(15-17)-(14-21)-(13-20)-(11-19)-(10-18)-(8-9)-(7-16)-(6-12)-(4-5)-(2-3)-(0-1)],9.298324584960938e-05,0.030025959014892578,5,True,5
W|fIB?pEGW?`?`?__OGE@?[C?WW?W??KC?B@??WG?@K_??^,[(21-23)-(15-17)-(14-22)-(13-20)-(11-19)-(10-18)-(8-9)-(7-16)-(6-12)-(4-5)-(2-3)-(0-1)],9.250640869140625e-05,0.03422737121582031,4,True,4
W|fIB?pEGW?`?`?__OGE@?[C?WW?W??KC?B@??WG?@K_??^,[(21-23)-(15-17)-(14-22)-(13-20)-(11-19)-(10-18)-(8-9)-(7-16)-(6-12)-(4-5)-(2-3)-(0-1)],9.369850158691406e-05,0.10215091705322266,11,True,11
W|fIB?pEGW?`?`?__OGE@?[C?WW?W??KC?B@??WG?@K_??^,[(21-23)-(17-22)-(14-15)-(13-20)-(11-19)-(10-18)-(8-9)-(7-16)-(6-12)-(4-5)-(2-3)-(0-1)],9.608268737792969e-05,0.012012243270874023,4,True,4
W|fIB?pEGW?`?`?__OGE@?[C?WW?W??KC?B@??WG?@K_??^,[(21-23)-(17-22)-(14-15)-(13-20)-(11-19)-(10-18)-(8-9)-(7-16)-(6-12)-(4-5)-(2-3)-(0-1)],9.632110595703125e-05,0.08194446563720703,5,True,5
W|fIB?pEGW?`?`?__OGE@?[C?WW?W??KC?B@??WG?@K_??^,[(20-23)-(15-17)-(14-22)-(13-21)-(11-19)-(10-18)-(8-9)-(7-16)-(6-12)-(4-5)-(2-3)-(0-1)],9.703636169433594e-05,0.005963802337646484,2,True,2
W|fIB?pEGW?`?`?__OGE@?[C?WW?W??KC?B@??WG?@K_??^,[(20-23)-(15-17)-(14-22)-(13-21)-(11-19)-(10-18)-(8-9)-(7-16)-(6-12)-(4-5)-(2-3)-(0-1)],9.560585021972656e-05,0.023874759674072266,4,True,4
W|fIB?pEGW?`?`?__OGE@?[C?WW?W??KC?B@??WG?@K_??^,[(20-23)-(17-22)-(14-15)-(13-21)-(11-19)-(10-18)-(8-9)-(7-16)-(6-12)-(4-5)-(2-3)-(0-1)],9.34600830078125e-05,0.01109170913696289,4,True,4
W|fIB?pEGW?`?`?__OGE@?[C?WW?W??KC?B@??WG?@K_??^,[(20-23)-(17-22)-(14-15)-(13-21)-(11-19)-(10-18)-(8-9)-(7-16)-(6-12)-(4-5)-(2-3)-(0-1)],9.298324584960938e-05,0.008744001388549805,3,True,3
W|fIAC`KGo``@??__OGE@?OC?e?@wG?CW?B@??WG?@o_?@N,[(22-23)-(15-16)-(14-21)-(13-20)-(12-19)-(10-11)-(9-18)-(8-17)-(6-7)-(4-5)-(2-3)-(0-1)],9.036064147949219e-05,0.008749008178710938,3,True,3
W|fIAC`KGo``@??__OGE@?OC?e?@wG?CW?B@??WG?@o_?@N,[(22-23)-(15-16)-(14-21)-(13-20)-(12-19)-(10-11)-(9-18)-(8-17)-(6-7)-(4-5)-(2-3)-(0-1)],9.417533874511719e-05,0.0989530086517334,0,False,5
W|fIAC`KGo``@??__OGE@?OC?e?@wG?CW?B@??WG?@o_?@N,[(16-23)-(15-22)-(14-21)-(13-20)-(12-19)-(10-11)-(9-18)-(8-17)-(6-7)-(4-5)-(2-3)-(0-1)],9.560585021972656e-05,0.8649590015411377,0,False,12
W|fIAC`KGo``@??__OGE@?OC?e?@wG?CW?B@??WG?@o_?@N,[(16-23)-(15-22)-(14-21)-(13-20)-(12-19)-(10-11)-(9-18)-(8-17)-(6-7)-(4-5)-(2-3)-(0-1)],9.393692016601562e-05,0.0035877227783203125,1,True,1
W|fIAC`KGo``@??__OGE@?OC?e?@wG?CW?B@??WG?@o_?@N,[(21-23)-(15-16)-(14-22)-(13-20)-(12-19)-(10-11)-(9-18)-(8-17)-(6-7)-(4-5)-(2-3)-(0-1)],9.655952453613281e-05,0.02483534812927246,6,True,6
W|fIAC`KGo``@??__OGE@?OC?e?@wG?CW?B@??WG?@o_?@N,[(21-23)-(15-16)-(14-22)-(13-20)-(12-19)-(10-11)-(9-18)-(8-17)-(6-7)-(4-5)-(2-3)-(0-1)],0.0001010894775390625,0.014439821243286133,5,True,5
W|fIAC`KGo``@??__OGE@?OC?e?@wG?CW?B@??WG?@o_?@N,[(21-23)-(16-22)-(14-15)-(13-20)-(12-19)-(10-11)-(9-18)-(8-17)-(6-7)-(4-5)-(2-3)-(0-1)],9.632110595703125e-05,0.008426189422607422,3,True,3
W|fIAC`KGo``@??__OGE@?OC?e?@wG?CW?B@??WG?@o_?@N,[(21-23)-(16-22)-(14-15)-(13-20)-(12-19)-(10-11)-(9-18)-(8-17)-(6-7)-(4-5)-(2-3)-(0-1)],9.560585021972656e-05,0.03723645210266113,10,True,10
W|fIAC`KGo``@??__OGE@?OC?e?@wG?CW?B@??WG?@o_?@N,[(21-22)-(16-23)-(14-15)-(13-20)-(12-19)-(10-11)-(9-18)-(8-17)-(6-7)-(4-5)-(2-3)-(0-1)],9.441375732421875e-05,0.008537769317626953,3,True,3
W|fIAC`KGo``@??__OGE@?OC?e?@wG?CW?B@??WG?@o_?@N,[(21-22)-(16-23)-(14-15)-(13-20)-(12-19)-(10-11)-(9-18)-(8-17)-(6-7)-(4-5)-(2-3)-(0-1)],9.202957153320312e-05,0.014515399932861328,5,True,5
W|fIAC`KGo``@??__OGE@?OC?e?@wG?CW?B@??WG?@o_?@N,[(20-23)-(15-16)-(14-22)-(13-21)-(12-19)-(10-11)-(9-18)-(8-17)-(6-7)-(4-5)-(2-3)-(0-1)],9.441375732421875e-05,0.02731490135192871,8,True,8
W|fIAC`KGo``@??__OGE@?OC?e?@wG?CW?B@??WG?@o_?@N,[(20-23)-(15-16)-(14-22)-(13-21)-(12-19)-(10-11)-(9-18)-(8-17)-(6-7)-(4-5)-(2-3)-(0-1)],9.489059448242188e-05,0.00856471061706543,3,True,3
W|fIAC`KGo``@??__OGE@?OC?e?@wG?CW?B@??WG?@o_?@N,[(20-23)-(16-22)-(14-15)-(13-21)-(12-19)-(10-11)-(9-18)-(8-17)-(6-7)-(4-5)-(2-3)-(0-1)],9.393692016601562e-05,0.014464139938354492,5,True,5
W|fIAC`KGo``@??__OGE@?OC?e?@wG?CW?B@??WG?@o_?@N,[(20-23)-(16-22)-(14-15)-(13-21)-(12-19)-(10-11)-(9-18)-(8-17)-(6-7)-(4-5)-(2-3)-(0-1)],9.393692016601562e-05,0.020238399505615234,5,True,5
W|fIAC`KGo``@??__OGE@?OC?e?@wG?CW?B@??WG?@o_?@N,[(22-23)-(20-21)-(15-16)-(13-14)-(12-19)-(10-11)-(9-18)-(8-17)-(6-7)-(4-5)-(2-3)-(0-1)],9.274482727050781e-05,0.008769989013671875,3,True,3
W|fIAC`KGo``@??__OGE@?OC?e?@wG?CW?B@??WG?@o_?@N,[(22-23)-(20-21)-(15-16)-(13-14)-(12-19)-(10-11)-(9-18)-(8-17)-(6-7)-(4-5)-(2-3)-(0-1)],9.322166442871094e-05,1.3619513511657715,0,False,7
W|fIAC`KGo``@??__OGE@?OC?e?@wG?CW?B@??WG?@o_?@N,[(21-22)-(20-23)-(15-16)-(13-14)-(12-19)-(10-11)-(9-18)-(8-17)-(6-7)-(4-5)-(2-3)-(0-1)],9.465217590332031e-05,0.008946418762207031,3,True,3
W|fIAC`KGo``@??__OGE@?OC?e?@wG?CW?B@??WG?@o_?@N,[(21-22)-(20-23)-(15-16)-(13-14)-(12-19)-(10-11)-(9-18)-(8-17)-(6-7)-(4-5)-(2-3)-(0-1)],9.5367431640625e-05,0.03462553024291992,6,True,6
W|fIAC`KGo``@??__OGE@?OC?e?@wG?CW?B@??WG?@o_?@N,[(20-21)-(16-23)-(15-22)-(13-14)-(12-19)-(10-11)-(9-18)-(8-17)-(6-7)-(4-5)-(2-3)-(0-1)],9.393692016601562e-05,0.005849599838256836,2,True,2
W|fIAC`KGo``@??__OGE@?OC?e?@wG?CW?B@??WG?@o_?@N,[(20-21)-(16-23)-(15-22)-(13-14)-(12-19)-(10-11)-(9-18)-(8-17)-(6-7)-(4-5)-(2-3)-(0-1)],9.202957153320312e-05,1.554758071899414,0,False,19
W|eIID_KGo`@@@@__W?A@?WC?{G?K??EC?@`??KG??s_??^,[(22-23)-(15-21)-(14-20)-(13-19)-(12-18)-(10-11)-(9-17)-(8-16)-(6-7)-(4-5)-(2-3)-(0-1)],9.274482727050781e-05,0.011625289916992188,4,True,4
W|eIID_KGo`@@@@__W?A@?WC?{G?K??EC?@`??KG??s_??^,[(22-23)-(15-21)-(14-20)-(13-19)-(12-18)-(10-11)-(9-17)-(8-16)-(6-7)-(4-5)-(2-3)-(0-1)],9.655952453613281e-05,0.011519670486450195,4,True,4
W|eIID_KGo`@@@@__W?A@?WC?{G?K??EC?@`??KG??s_??^,[(21-23)-(15-22)-(14-20)-(13-19)-(12-18)-(10-11)-(9-17)-(8-16)-(6-7)-(4-5)-(2-3)-(0-1)],9.822845458984375e-05,0.008965730667114258,3,True,3
W|eIID_KGo`@@@@__W?A@?WC?{G?K??EC?@`??KG??s_??^,[(21-23)-(15-22)-(14-20)-(13-19)-(12-18)-(10-11)-(9-17)-(8-16)-(6-7)-(4-5)-(2-3)-(0-1)],0.00010156631469726562,0.011086702346801758,3,True,3
W|eIID_KGo`@@@@__W?A@?WC?{G?K??EC?@`??KG??s_??^,[(20-23)-(15-22)-(14-21)-(13-19)-(12-18)-(10-11)-(9-17)-(8-16)-(6-7)-(4-5)-(2-3)-(0-1)],9.560585021972656e-05,0.0059773921966552734,2,True,2
W|eIID_KGo`@@@@__W?A@?WC?{G?K??EC?@`??KG??s_??^,[(20-23)-(15-22)-(14-21)-(13-19)-(12-18)-(10-11)-(9-17)-(8-16)-(6-7)-(4-5)-(2-3)-(0-1)],9.584426879882812e-05,0.05711531639099121,4,True,4
W|eIID_KGo`@@@@__W?A@?WC?{G?K??EC?@`??KG??s_??^,[(22-23)-(20-21)-(14-15)-(13-19)-(12-18)-(10-11)-(9-17)-(8-16)-(6-7)-(4-5)-(2-3)-(0-1)],9.250640869140625e-05,1.5854017734527588,0,False,11
W|eIID_KGo`@@@@__W?A@?WC?{G?K??EC?@`??KG??s_??^,[(22-23)-(20-21)-(14-15)-(13-19)-(12-18)-(10-11)-(9-17)-(8-16)-(6-7)-(4-5)-(2-3)-(0-1)],9.560585021972656e-05,0.020383596420288086,3,True,3
W|eIID_KGo`@@@@__W?A@?WC?{G?K??EC?@`??KG??s_??^,[(21-22)-(20-23)-(14-15)-(13-19)-(12-18)-(10-11)-(9-17)-(8-16)-(6-7)-(4-5)-(2-3)-(0-1)],9.679794311523438e-05,0.0061795711517333984,2,True,2
W|eIID_KGo`@@@@__W?A@?WC?{G?K??EC?@`??KG??s_??^,[(21-22)-(20-23)-(14-15)-(13-19)-(12-18)-(10-11)-(9-17)-(8-16)-(6-7)-(4-5)-(2-3)-(0-1)],9.5367431640625e-05,0.011750459671020508,4,True,4
W|eIID_KGo`@@@@__W?A@?WC?{G?K??EC?@`??KG??s_??^,[(19-23)-(15-22)-(14-21)-(13-20)-(12-18)-(10-11)-(9-17)-(8-16)-(6-7)-(4-5)-(2-3)-(0-1)],9.5367431640625e-05,0.0842139720916748,5,True,5
W|eIID_KGo`@@@@__W?A@?WC?{G?K??EC?@`??KG??s_??^,[(19-23)-(15-22)-(14-21)-(13-20)-(12-18)-(10-11)-(9-17)-(8-16)-(6-7)-(4-5)-(2-3)-(0-1)],9.560585021972656e-05,0.008707761764526367,3,True,3
W|eIID_KGo`@@@@__W?A@?WC?{G?K??EC?@`??KG??s_??^,[(21-22)-(19-23)-(14-15)-(13-20)-(12-18)-(10-11)-(9-17)-(8-16)-(6-7)-(4-5)-(2-3)-(0-1)],9.322166442871094e-05,0.010848760604858398,3,True,3
W|eIID_KGo`@@@@__W?A@?WC?{G?K??EC?@`??KG??s_??^,[(21-22)-(19-23)-(14-15)-(13-20)-(12-18)-(10-11)-(9-17)-(8-16)-(6-7)-(4-5)-(2-3)-(0-1)],9.179115295410156e-05,0.023438453674316406,4,True,4
W|eIID_KGo`@@@@__W?A@?WC?{G?K??EC?@`??KG??s_??^,[(18-23)-(15-22)-(14-21)-(13-20)-(12-19)-(10-11)-(9-17)-(8-16)-(6-7)-(4-5)-(2-3)-(0-1)],9.202957153320312e-05,0.026338815689086914,9,True,9
W|eIID_KGo`@@@@__W?A@?WC?{G?K??EC?@`??KG??s_??^,[(18-23)-(15-22)-(14-21)-(13-20)-(12-19)-(10-11)-(9-17)-(8-16)-(6-7)-(4-5)-(2-3)-(0-1)],9.250640869140625e-05,0.27388572692871094,6,True,7
W|eIID_KGo`@@@@__W?A@?WC?{G?K??EC?@`??KG??s_??^,[(21-23)-(18-22)-(14-15)-(13-20)-(12-19)-(10-11)-(9-17)-(8-16)-(6-7)-(4-5)-(2-3)-(0-1)],9.703636169433594e-05,0.008780479431152344,3,True,3
W|eIID_KGo`@@@@__W?A@?WC?{G?K??EC?@`??KG??s_??^,[(21-23)-(18-22)-(14-15)-(13-20)-(12-19)-(10-11)-(9-17)-(8-16)-(6-7)-(4-5)-(2-3)-(0-1)],9.5367431640625e-05,0.008461713790893555,3,True,3
W|eIID_KGo`@@@@__W?A@?WC?{G?K??EC?@`??KG??s_??^,[(21-22)-(18-23)-(14-15)-(13-20)-(12-19)-(10-11)-(9-17)-(8-16)-(6-7)-(4-5)-(2-3)-(0-1)],9.632110595703125e-05,0.011991262435913086,4,True,4
W|eIID_KGo`@@@@__W?A@?WC?{G?K??EC?@`??KG??s_??^,[(21-22)-(18-23)-(14-15)-(13-20)-(12-19)-(10-11)-(9-17)-(8-16)-(6-7)-(4-5)-(2-3)-(0-1)],9.632110595703125e-05,0.005817413330078125,2,True,2
