G6,PLI_create_time,solve_time,result,counter,break_type
K??FvjkvDwN_,2.384185791015625e-07,0.01307225227355957,True,2,None
K?AFfZ[nBwNO,4.76837158203125e-07,0.011809587478637695,True,1,None
K?AFfT{^EwV_,2.384185791015625e-07,0.04460310935974121,True,2,None
K?AFe\\{^FoV_,4.76837158203125e-07,0.06351804733276367,True,4,None
K?AFb^w^EwV_,2.384185791015625e-07,0.06113910675048828,True,4,None
K?ABrvszEwV_,2.384185791015625e-07,0.15190958976745605,True,14,None
K?AFK~w}BwN_,2.384185791015625e-07,0.023648500442504883,True,5,None
K?BFFrwfbwFo,4.76837158203125e-07,0.04459667205810547,True,4,None
K?BFFrYn@{N_,2.384185791015625e-07,0.02870011329650879,True,1,None
K?BFDx]nBs^?,7.152557373046875e-07,0.010196208953857422,True,2,None
K?BFDvwnA{N_,2.384185791015625e-07,0.04275369644165039,True,2,None
K?BFDtynBwZ_,2.384185791015625e-07,0.011432886123657227,True,1,None
K?BF@}y^FoZ_,2.384185791015625e-07,0.03695940971374512,True,4,None
K?BF@{}}FoZ_,2.384185791015625e-07,0.026259899139404297,True,1,None
K?BDfZ[^BsVO,2.384185791015625e-07,0.07832646369934082,True,2,None
K?BDfVYnBwN_,2.384185791015625e-07,0.02049398422241211,True,1,None
K?BDdvi^BwZ_,2.384185791015625e-07,0.021854877471923828,True,2,None
K?BDe\\{^FoVO,2.384185791015625e-07,0.010442972183227539,True,1,None
K?BDd\\{^Es^?,0.0,0.0380251407623291,True,3,None
K?BDd\\y^FoZ_,0.0,0.05357694625854492,True,3,None
K?BDb\\{nEs^?,4.76837158203125e-07,0.027538776397705078,True,3,None
K?BDb]y^FoZ_,2.384185791015625e-07,0.010351896286010742,True,1,None
K?BD`~i^FoZ_,2.384185791015625e-07,0.010168790817260742,True,1,None
K?BD`|yzFoZ_,2.384185791015625e-07,0.035210371017456055,True,3,None
K?B@vfinBwZ_,2.384185791015625e-07,0.008683204650878906,True,1,None
K?B@tty|FWZ_,2.384185791015625e-07,0.014824390411376953,True,1,None
K?B@tni^FoZ_,0.0,0.034636497497558594,True,4,None
K?B@tnM^Fo^?,0.0,0.06746077537536621,True,2,None
K?B@p~qzFoZ_,0.0,0.11362028121948242,True,5,None
K?B@p~e}FoZ_,2.384185791015625e-07,0.01073002815246582,True,1,None
K?BENrwn@{NO,4.76837158203125e-07,0.04030346870422363,True,3,None
K?BEH{}}Fo^?,2.384185791015625e-07,0.051000118255615234,True,5,None
K?BDLzY}BwNO,2.384185791015625e-07,0.03455495834350586,True,4,None
K?BDJz[]foVO,2.384185791015625e-07,0.1553201675415039,True,9,None
K?BDK|{]fo^?,2.384185791015625e-07,0.036238670349121094,True,2,None
K?BDI|{}FoVO,2.384185791015625e-07,0.013428449630737305,True,2,None
K?BDI|y}FoV_,0.0,0.01079559326171875,True,1,None
K?B@nZ[mfoNO,2.384185791015625e-07,0.023693323135375977,True,3,None
K?B@nY{ufoNO,0.0,0.1171884536743164,True,5,None
K?B@lx{}FSZO,0.0,0.04689478874206543,True,4,None
K?B@m]{}FoNO,2.384185791015625e-07,0.04952549934387207,True,4,None
K?B@m[}}Fo^?,2.384185791015625e-07,0.1476755142211914,True,10,None
K?B@l\\]}Fo^?,2.384185791015625e-07,0.019298076629638672,True,2,None
K?BFfRYn@yN_,2.384185791015625e-07,0.005674123764038086,True,1,None
K?BFfQynAyN_,2.384185791015625e-07,0.0390925407409668,True,4,None
K?BDvbkvBwFW,2.384185791015625e-07,0.02777719497680664,True,3,None
K?BDtre}AyN_,0.0,0.012598514556884766,True,1,None
K?BDrqyxRwZ_,2.384185791015625e-07,0.06529545783996582,True,3,None
K?BDrquyRwZ_,0.0,0.01716160774230957,True,2,None
K?BDvH{^EqVO,2.384185791015625e-07,0.04590034484863281,True,3,None
K?BFMo}nBq^?,2.384185791015625e-07,0.09882116317749023,True,5,None
K?BFKx{]foVG,2.384185791015625e-07,0.11942291259765625,True,11,None
K?BFHzYnFoNG,2.384185791015625e-07,0.012473106384277344,True,1,None
K?BFHy]}FoNG,2.384185791015625e-07,0.0059969425201416016,True,1,None
K?BFHw}}FoZG,2.384185791015625e-07,0.01316213607788086,True,4,None
K?BDnP{^EqVO,9.5367431640625e-07,0.11898541450500488,True,7,None
K?BDnP{^DqZO,2.384185791015625e-07,0.04798293113708496,True,2,None
K?BDnP]nBq^?,2.384185791015625e-07,0.08393621444702148,True,11,None
K?BDnRX}@{N_,4.76837158203125e-07,0.04457402229309082,True,5,None
K?BDlpl]foZ_,2.384185791015625e-07,0.03145432472229004,True,6,None
K?BDjrkvBqVO,1.6689300537109375e-06,0.03204917907714844,True,2,None
K?BDjrMnFoNG,2.384185791015625e-07,0.02428150177001953,True,4,None
K?BDjrM^Dq^?,2.384185791015625e-07,0.012306928634643555,True,2,None
K?BDjqm]VoZ_,2.384185791015625e-07,0.04007720947265625,True,6,None
K?BDjpxydwZ_,0.0,0.06544375419616699,True,6,None
K?BDlZY}BwNG,4.76837158203125e-07,0.08503508567810059,True,5,None
K?BDlXy]VoZ_,2.384185791015625e-07,0.16138267517089844,True,17,None
K?BDjYy]VoZ_,2.384185791015625e-07,0.03615903854370117,True,2,None
K?BDjX]mVo^?,2.384185791015625e-07,0.06140542030334473,True,5,None
K?BDjW}uVo^?,2.384185791015625e-07,0.019546985626220703,True,4,None
K?BDhzi^Eq^?,2.384185791015625e-07,0.010912418365478516,True,1,None
K?BDhxyyVoZ_,4.76837158203125e-07,0.011113166809082031,True,1,None
K?BDhxxyfoZ_,2.384185791015625e-07,0.015325546264648438,True,2,None
K?B@~bkvDqNO,2.384185791015625e-07,0.0207369327545166,True,3,None
K?B@|px{fWZ_,2.384185791015625e-07,0.013396263122558594,True,1,None
K?B@|pxxfoZ_,2.384185791015625e-07,0.011499404907226562,True,1,None
K?BfEq{fbsNG,2.384185791015625e-07,0.04126906394958496,True,6,None
K?BfEo}nBsZG,2.384185791015625e-07,0.012035608291625977,True,3,None
K?BfEo}NfoZG,2.384185791015625e-07,0.04639744758605957,True,5,None
K?BefQx}@{Jo,0.0,0.017702102661132812,True,3,None
K?BefQxfbwNO,2.384185791015625e-07,0.018217086791992188,True,4,None
K?BedrM^BsVG,2.384185791015625e-07,0.017309904098510742,True,5,None
K?BedpmvBsVG,2.384185791015625e-07,0.054882049560546875,True,3,None
K?Bedpm^DqZO,2.384185791015625e-07,0.05693554878234863,True,6,None
K?Bedpm]dwZG,2.384185791015625e-07,0.012261152267456055,True,3,None
K?BedpmVfoVG,0.0,0.06014418601989746,True,6,None
K?Bedo}zBqZO,2.384185791015625e-07,0.024163484573364258,True,3,None
K?Bedo}^FQZO,0.0,0.011076927185058594,True,2,None
K?BedpxvDsLo,2.384185791015625e-07,0.012584209442138672,True,2,None
K?BeeW}mRs^?,2.384185791015625e-07,0.02766108512878418,True,3,None
K?Becy{]Rs\\O,0.0,0.02746415138244629,True,2,None
K?Beczi]bwVG,2.384185791015625e-07,0.03290200233459473,True,4,None
K?Becxm]foVG,2.384185791015625e-07,0.009866714477539062,True,2,None
K?Becw}]fQ^?,2.384185791015625e-07,0.04286694526672363,True,3,None
K?Becw}Yvo^?,2.384185791015625e-07,0.06754541397094727,True,3,None
K?Bcvb[nBUNO,2.384185791015625e-07,0.011136531829833984,True,1,None
K?Bcv`{^Cu\\O,2.384185791015625e-07,0.09239864349365234,True,4,None
K?Bcv`m^EqVO,0.0,0.14680933952331543,True,15,None
K?Bcv`]zBqVO,0.0,0.034941911697387695,True,3,None
K?Bcv`]^FQVO,2.384185791015625e-07,0.01288294792175293,True,1,None
K?Bcv`xZewVO,2.384185791015625e-07,0.04170370101928711,True,4,None
K?Bcv`lvBsVO,4.76837158203125e-07,0.01946711540222168,True,2,None
K?Bcv`\\nFSNO,4.76837158203125e-07,0.012667417526245117,True,3,None
K?Bcv`Z^Dw\\O,2.384185791015625e-07,0.08324384689331055,True,8,None
K?BcrrevBsVG,4.76837158203125e-07,0.023372173309326172,True,5,None
K?Bcrre^EqVO,0.0,0.009262800216674805,True,1,None
K?Bcrre]foRg,0.0,0.03504228591918945,True,2,None
K?BcrreffoNG,4.76837158203125e-07,0.01417398452758789,True,1,None
K?BcrrUzBqVO,0.0,0.015044689178466797,True,1,None
K?BcrrUnFSNG,4.76837158203125e-07,0.01868152618408203,True,2,None
K?BcrrUjfoNG,2.384185791015625e-07,0.0891423225402832,True,8,None
K?BcrpuyfoRg,2.384185791015625e-07,0.013767004013061523,True,2,None
K?BcrpxxewVO,7.152557373046875e-07,0.10305976867675781,True,12,None
K?BcrptzEsVO,2.384185791015625e-07,0.046535491943359375,True,5,None
K?Bcrp\\mfc\\_,2.384185791015625e-07,0.012646198272705078,True,2,None
K?BcvH{uRsVO,2.384185791015625e-07,0.027760744094848633,True,2,None
K?BcvH{]UsVO,0.0,0.061530113220214844,True,3,None
K?BcvH{ers^?,2.384185791015625e-07,0.013175725936889648,True,3,None
K?BcvH]mRs^?,2.384185791015625e-07,0.05994892120361328,True,5,None
K?BcvH]]VoVO,0.0,0.028655529022216797,True,2,None
K?BcvH]Mvo^?,2.384185791015625e-07,0.014111518859863281,True,2,None
K?BcvI\\]bs^?,2.384185791015625e-07,0.00965428352355957,True,1,None
K?BcvH\\]foVO,2.384185791015625e-07,0.14634013175964355,True,14,None
K?Bcuh{yRsVO,2.384185791015625e-07,0.01056671142578125,True,1,None
K?BcuhmmVoNO,2.384185791015625e-07,0.015268564224243164,True,1,None
K?Bcuil]bs^?,2.384185791015625e-07,0.10692906379699707,True,3,None
K?Bcug|yfoNO,2.384185791015625e-07,0.11962652206420898,True,9,None
K?BcuhjnFoNO,2.384185791015625e-07,0.049242496490478516,True,4,None
K?BcuhjNfo^?,2.384185791015625e-07,0.1089472770690918,True,9,None
K?BcugzyfoN_,2.384185791015625e-07,0.010167598724365234,True,2,None
K?BcugzZfo^?,2.384185791015625e-07,0.03236246109008789,True,2,None
K?BcrjM]foVG,4.76837158203125e-07,0.0313115119934082,True,4,None
K?BcrjMMvo^?,2.384185791015625e-07,0.03471946716308594,True,8,None
K?BcrhmuVoVO,2.384185791015625e-07,0.03633570671081543,True,5,None
K?BcrhlufoVO,4.76837158203125e-07,0.10514020919799805,True,8,None
K?Bcri\\ybs^?,2.384185791015625e-07,0.06216120719909668,True,4,None
K?BcriN]fo^?,2.384185791015625e-07,0.010538578033447266,True,1,None
K?Bcsxu]fQ^?,2.384185791015625e-07,0.017455577850341797,True,1,None
K?BcsxuYvo^?,2.384185791015625e-07,0.01877760887145996,True,2,None
K?Bcsxr^Fo\\O,2.384185791015625e-07,0.030148983001708984,True,4,None
K?Bcsxr]fo\\_,2.384185791015625e-07,0.011147260665893555,True,3,None
K?Bcqxymfa\\_,0.0,0.012536048889160156,True,1,None
K?BcqzemfoNG,2.384185791015625e-07,0.011627912521362305,True,2,None
K?Bcqze]dq^?,2.384185791015625e-07,0.05990290641784668,True,8,None
K?BcqxrzFoVO,2.384185791015625e-07,0.043074846267700195,True,4,None
K?BcqxrnFS^?,2.384185791015625e-07,0.10796141624450684,True,7,None
K?BevbgfPxNO,2.384185791015625e-07,0.11838197708129883,True,12,None
K?BfMqwfbqNC,0.0,0.08742856979370117,True,7,None
K?BfMqwVbqVC,2.384185791015625e-07,0.010525703430175781,True,1,None
K?BenRWnBpFW,2.384185791015625e-07,0.057547569274902344,True,1,None
K?BenQwuP{NC,2.384185791015625e-07,0.0646657943725586,True,7,None
K?BelpwrdqNC,0.0,0.05236458778381348,True,7,None
K?BelpwjeqNC,2.384185791015625e-07,0.02745532989501953,True,4,None
K?BelpwjbqZC,2.384185791015625e-07,0.011717081069946289,True,2,None
K?Bc~bWmRTN_,0.0,0.11363983154296875,True,11,None
K?`FFq{la{N_,2.384185791015625e-07,0.003087759017944336,True,1,None
K?`FBvU^DwV_,0.0,0.0328526496887207,True,6,None
K?`FBtunDwZ_,2.384185791015625e-07,0.015774011611938477,True,4,None
K?`FBt]nDw]_,0.0,0.009418010711669922,True,1,None
K?`FC~wnBwMo,2.384185791015625e-07,0.0034284591674804688,True,1,None
K?`F@{}}FgZ_,4.76837158203125e-07,0.015063047409057617,True,3,None
K?`Dfq{xa{N_,2.384185791015625e-07,0.01657843589782715,True,2,None
K?`DffM^BwV_,0.0,0.12806940078735352,True,9,None
K?`Dfem^BwZ_,0.0,0.12981247901916504,True,6,None
K?`DfdmnBwZ_,2.384185791015625e-07,0.011633157730102539,True,1,None
K?`Dfc}^FWZ_,2.384185791015625e-07,0.03057694435119629,True,6,None
K?`DfVU^BwV_,2.384185791015625e-07,0.01217198371887207,True,1,None
K?`DfU]|BwN_,2.384185791015625e-07,0.11338591575622559,True,14,None
K?`DbvenBwZ_,2.384185791015625e-07,0.02834033966064453,True,4,None
K?`Dbum|BwZ_,2.384185791015625e-07,0.017728328704833984,True,2,None
K?`DbtmnFgZ_,2.384185791015625e-07,0.01353311538696289,True,2,None
K?`Dblm}DwZ_,2.384185791015625e-07,0.056661367416381836,True,13,None
K?`EVjsn@{NO,2.384185791015625e-07,0.05952858924865723,True,2,None
K?`ETk}}FgN_,2.384185791015625e-07,0.09494400024414062,True,4,None
K?`ERns^DwVO,2.384185791015625e-07,0.014313220977783203,True,1,None
K?`ERlu}DwV_,2.384185791015625e-07,0.031062602996826172,True,2,None
K?`DVdunBwZ_,4.76837158203125e-07,0.07508611679077148,True,6,None
K?`DVc}|BwZ_,2.384185791015625e-07,0.07083296775817871,True,2,None
K?`DUu{|BkN_,2.384185791015625e-07,0.013383150100708008,True,3,None
K?`DRlu}DwZ_,2.384185791015625e-07,0.04951667785644531,True,4,None
K?`FfQ{v@yMo,2.384185791015625e-07,0.08458948135375977,True,11,None
K?`FfRU^@yV_,2.384185791015625e-07,0.01591205596923828,True,2,None
K?`FfQ]nBwMg,2.384185791015625e-07,0.004248619079589844,True,1,None
K?`FfP]|@yV_,2.384185791015625e-07,0.02828192710876465,True,2,None
K?`FfO}fVgN_,2.384185791015625e-07,0.04988384246826172,True,5,None
K?`FfRTn@{N_,2.384185791015625e-07,0.016306400299072266,True,2,None
K?`Fdrkv@yMo,0.0,0.010796308517456055,True,1,None
K?`FdqurRwN_,4.76837158203125e-07,0.015909910202026367,True,2,None
K?`FdquZRwZ_,0.0,0.011160135269165039,True,2,None
K?`FdrMnBiN_,2.384185791015625e-07,0.05515551567077637,True,5,None
K?`Fdo}xRwZ_,2.384185791015625e-07,0.01041555404663086,True,2,None
K?`Fdo}\\VWZ_,2.384185791015625e-07,0.03567194938659668,True,5,None
K?`FdptjbwZ_,0.0,0.1358814239501953,True,20,None
K?`FdrLnBwMo,2.384185791015625e-07,0.010110139846801758,True,2,None
K?`FbrM|@yV_,4.76837158203125e-07,0.005776166915893555,True,1,None
K?`FbrMnDwMg,2.384185791015625e-07,0.055596351623535156,True,6,None
K?`FbrM^DiV_,0.0,0.011825323104858398,True,1,None
K?`FbqmvDwMg,2.384185791015625e-07,0.018156051635742188,True,3,None
K?`Fbpm|DwRg,0.0,0.014604330062866211,True,1,None
K?`Fbo}xTwZ_,2.384185791015625e-07,0.029453277587890625,True,2,None
K?`Fbo}lVWZ_,2.384185791015625e-07,0.06318521499633789,True,6,None
K?`FeY{}@yMo,0.0,0.00960397720336914,True,1,None
K?`FeZqn@yN_,2.384185791015625e-07,0.0390622615814209,True,3,None
K?`FdZqnAyN_,4.76837158203125e-07,0.04439401626586914,True,3,None
K?`FdXyfVgN_,2.384185791015625e-07,0.011962175369262695,True,1,None
K?`FdZpnBwJo,2.384185791015625e-07,0.07277441024780273,True,3,None
K?`FdZXlbwN_,2.384185791015625e-07,0.05992007255554199,True,3,None
K?`FdZTnBsN_,4.76837158203125e-07,0.01625204086303711,True,3,None
K?`FdX\\}DwMo,0.0,0.036659955978393555,True,2,None
K?`F`zqNVWZ_,9.5367431640625e-07,0.0702505111694336,True,8,None
K?`F`yyZVgZ_,4.76837158203125e-07,0.12812566757202148,True,7,None
K?`F`ymuVgN_,2.384185791015625e-07,0.01403498649597168,True,4,None
K?`F`w}{VWZ_,2.384185791015625e-07,0.06910514831542969,True,5,None
K?`F`w}yVgZ_,2.384185791015625e-07,0.05408668518066406,True,6,None
K?`FUi{}@{Mg,2.384185791015625e-07,0.013620376586914062,True,2,None
K?`FUiynBwMg,1.9073486328125e-06,0.009865760803222656,True,1,None
K?`FUhy^DiV_,2.384185791015625e-07,0.048558712005615234,True,4,None
K?`FSzqnBwMg,0.0,0.04442906379699707,True,4,None
K?`DvJwnA{Mg,2.384185791015625e-07,0.04346036911010742,True,2,None
K?`DvJXnBkN_,2.384185791015625e-07,0.04211091995239258,True,4,None
K?`DvJT^BwVO,2.384185791015625e-07,0.010719776153564453,True,1,None
K?`DvH\\|BwVO,0.0,0.0054912567138671875,True,1,None
K?`DrjqZTwZ_,2.384185791015625e-07,0.011003732681274414,True,1,None
K?`DriyxRwZ_,1.1920928955078125e-06,0.07616019248962402,True,7,None
K?`Driy\\VWZ_,2.384185791015625e-07,0.1303386688232422,True,13,None
K?`DrhuyTwZ_,4.76837158203125e-07,0.010412216186523438,True,2,None
K?`DuZwnBkMg,2.384185791015625e-07,0.04573464393615723,True,5,None
K?bBFrwt`{Fo,2.384185791015625e-07,0.05902457237243652,True,9,None
K?bBFp{VdsUo,2.384185791015625e-07,0.006140232086181641,True,1,None
K?bBEyynBsMo,2.384185791015625e-07,0.04451179504394531,True,3,None
K?bBFe]nBwNO,2.384185791015625e-07,0.013998031616210938,True,1,None
K?bBFc}]dwZ_,4.76837158203125e-07,0.0459291934967041,True,3,None
K?bBEvwn@{Mo,4.76837158203125e-07,0.05757021903991699,True,6,None
K?bBEvw^DkFo,2.384185791015625e-07,0.01628398895263672,True,1,None
K?bBEu{lbwNO,2.384185791015625e-07,0.05620408058166504,True,4,None
K?bBEuynBwMo,2.384185791015625e-07,0.12651705741882324,True,7,None
K?bBEnwnBsFo,0.0,0.013925552368164062,True,1,None
K?bBEnw^@{VO,2.384185791015625e-07,0.011554479598999023,True,1,None
K?bBEmynBwNO,2.384185791015625e-07,0.12105655670166016,True,10,None
K?b@frinA{Mo,2.384185791015625e-07,0.0031588077545166016,True,1,None
K?b@frM}@{Mo,0.0,0.08957672119140625,True,5,None
K?b@frMnBsMo,0.0,0.0031690597534179688,True,1,None
K?b@fqm}A{Mo,2.384185791015625e-07,0.01034092903137207,True,2,None
K?b@fc}ybwZ_,2.384185791015625e-07,0.02391982078552246,True,3,None
K?b@fc}]fWZ_,2.384185791015625e-07,0.1106877326965332,True,12,None
K?b@fc}rfoN_,2.384185791015625e-07,0.0010077953338623047,True,1,None
K?b@fU{vBsMo,2.384185791015625e-07,0.011438131332397461,True,2,None
K?b@fU{tbwNO,2.384185791015625e-07,0.013063192367553711,True,2,None
K?b@fVYnBwMo,2.384185791015625e-07,0.04182243347167969,True,5,None
K?b@fVYlbwN_,2.384185791015625e-07,0.010242462158203125,True,1,None
K?b@fUu}A{N_,2.384185791015625e-07,0.047119140625,True,4,None
K?b@dve]bwZ_,2.384185791015625e-07,0.0962228775024414,True,6,None
K?b@dvM}BwMo,2.384185791015625e-07,0.04419350624084473,True,5,None
K?b@bvqrdwN_,2.384185791015625e-07,0.03491973876953125,True,2,None
K?b@bveVdw^?,2.384185791015625e-07,0.05542111396789551,True,7,None
K?b@buuybwZ_,2.384185791015625e-07,0.0511629581451416,True,3,None
K?b@buurfoN_,0.0,0.017858028411865234,True,4,None
K?b@fM]]foN_,2.384185791015625e-07,0.11920285224914551,True,11,None
K?bFFbw^@{Bw,2.384185791015625e-07,0.01152181625366211,True,1,None
K?bFFb[^@{FW,0.0,0.06964421272277832,True,7,None
K?bFFa{^A{FW,2.384185791015625e-07,0.011925458908081055,True,3,None
K?bFFbYNRwFo,0.0,0.028389930725097656,True,2,None
K?bFBrsnA{FW,0.0,0.016545772552490234,True,2,None
K?bFBrqfbwFg,2.384185791015625e-07,0.049724578857421875,True,4,None
K?bFBrYn@yMo,2.384185791015625e-07,0.12506747245788574,True,8,None
K?bFBrYlbwFg,4.76837158203125e-07,0.035470008850097656,True,3,None
K?bFBqufbqN_,2.384185791015625e-07,0.05242300033569336,True,6,None
K?bFBp]]diV_,2.384185791015625e-07,0.11822843551635742,True,2,None
K?bFEhy]dwFg,2.384185791015625e-07,0.026091575622558594,True,4,None
K?bFDh]Nbq^?,2.384185791015625e-07,0.012521505355834961,True,3,None
K?bFDg|]bsZ_,2.384185791015625e-07,0.14226102828979492,True,19,None
K?bFDhZ}BwFo,0.0,0.07702493667602539,True,5,None
K?bFDgz]bwZ_,4.76837158203125e-07,0.06448793411254883,True,6,None
K?bFBg}mbqZ_,2.384185791015625e-07,0.0388033390045166,True,4,None
K?bFBg}ffoNG,2.384185791015625e-07,0.11623167991638184,True,13,None
K?bFBixNbsZ_,2.384185791015625e-07,0.04387617111206055,True,4,None
K?bFBh\\}DsFo,2.384185791015625e-07,0.010872364044189453,True,2,None
K?bFBh\\nDsNO,2.384185791015625e-07,0.01472330093383789,True,2,None
K?bFBgzVfoV_,2.384185791015625e-07,0.12120962142944336,True,7,None
K?bBfayNbYZ_,2.384185791015625e-07,0.1160132884979248,True,15,None
K?bBf`yrdwFg,2.384185791015625e-07,0.05637216567993164,True,6,None
K?bBfbM^DwFW,2.384185791015625e-07,0.013370513916015625,True,1,None
K?bBfam}@yJo,2.384185791015625e-07,0.012097597122192383,True,1,None
K?bBfammayN_,7.152557373046875e-07,0.013697385787963867,True,1,None
K?bBfamNbqZ_,2.384185791015625e-07,0.06274104118347168,True,4,None
K?bBfbLm`{N_,2.384185791015625e-07,0.030314922332763672,True,4,None
K?bBfRw^@mRo,2.384185791015625e-07,0.03234672546386719,True,4,None
K?bBfRsnA{FW,0.0,0.057468414306640625,True,4,None
K?bBfRqfbwFg,2.384185791015625e-07,0.029248476028442383,True,3,None
K?bBfPyt`yV_,2.384185791015625e-07,0.013789176940917969,True,4,None
K?bBfRU^DwFW,2.384185791015625e-07,0.01075887680053711,True,1,None
K?bBfRUmbwFg,2.384185791015625e-07,0.015527725219726562,True,3,None
K?bBfQ]lbwNG,0.0,0.011215448379516602,True,2,None
K?bBfP]{`yV_,9.5367431640625e-07,0.04680919647216797,True,2,None
K?bBfRpf`{N_,0.0,0.09657716751098633,True,5,None
K?bBfRXl`{N_,2.384185791015625e-07,0.12103867530822754,True,6,None
K?bBfRTmbwFo,2.384185791015625e-07,0.07004642486572266,True,5,None
K?bBfQt^BsRo,2.384185791015625e-07,0.056001901626586914,True,5,None
K?bBfQtubwFo,2.384185791015625e-07,0.12220096588134766,True,9,None
K?bBfPt}@{Ro,2.384185791015625e-07,0.012221336364746094,True,1,None
K?bBfPtudwFo,4.76837158203125e-07,0.015604972839355469,True,4,None
K?bBfPtVdwVO,2.384185791015625e-07,0.12101125717163086,True,4,None
K?bBfQ\\}@{Mo,4.76837158203125e-07,0.06302905082702637,True,3,None
K?bBfQ\\{`{N_,0.0,0.04216504096984863,True,3,None
K?bBfQ\\lbsN_,2.384185791015625e-07,0.01234292984008789,True,3,None
K?bBdrk|A{FW,2.384185791015625e-07,0.01630854606628418,True,3,None
K?bBdrevBwFW,4.76837158203125e-07,0.04619932174682617,True,3,None
K?bBdreVbwVG,4.76837158203125e-07,0.036397457122802734,True,3,None
K?bBdreNbqZ_,2.384185791015625e-07,0.025260210037231445,True,1,None
K?bBdpujbqZ_,2.384185791015625e-07,0.027222394943237305,True,1,None
K?bBdqmtbqN_,2.384185791015625e-07,0.0498654842376709,True,4,None
K?bBdrpja{N_,2.384185791015625e-07,0.01929187774658203,True,3,None
K?bBdrhnA{Mo,2.384185791015625e-07,0.014741659164428711,True,1,None
K?bBdrht`{N_,4.76837158203125e-07,0.0312502384185791,True,3,None
K?bBdrhla{N_,2.384185791015625e-07,0.0250089168548584,True,1,None
K?bBdqx\\b[Z_,2.384185791015625e-07,0.10502147674560547,True,17,None
K?bBdqxrbwMo,2.384185791015625e-07,0.07689213752746582,True,7,None
K?bBdrdma{N_,2.384185791015625e-07,0.018369674682617188,True,1,None
K?bBdptmb[Z_,2.384185791015625e-07,0.09694743156433105,True,5,None
K?bBdptjbsZ_,2.384185791015625e-07,0.04506492614746094,True,4,None
K?bBdptNfSZ_,0.0,0.030466556549072266,True,1,None
K?bBdrLnBsMo,2.384185791015625e-07,0.1372849941253662,True,6,None
K?bBdrL{`{N_,2.384185791015625e-07,0.15544724464416504,True,20,None
K?bBdrLlbsN_,2.384185791015625e-07,0.07026886940002441,True,5,None
K?bBdql}A{Mo,2.384185791015625e-07,0.019378185272216797,True,2,None
K?bBdqlubwMo,2.384185791015625e-07,0.12274360656738281,True,12,None
K?bBdpl}C{Mo,2.384185791015625e-07,0.03768777847290039,True,3,None
K?bBdpludwMo,2.384185791015625e-07,0.009172439575195312,True,1,None
K?bBdrbnA{N_,2.384185791015625e-07,0.13850140571594238,True,7,None
K?bBdrJnBwMo,2.384185791015625e-07,0.038507699966430664,True,5,None
K?bBdqf]bwZ_,0.0,0.012549877166748047,True,2,None
K?bBdovybwZ_,2.384185791015625e-07,0.12011480331420898,True,9,None
K?bBdovZfoZ_,4.76837158203125e-07,0.07630419731140137,True,6,None
K?bBdqN}BwMo,2.384185791015625e-07,0.008975744247436523,True,1,None
K?bBdpN}DwMo,2.384185791015625e-07,0.00562286376953125,True,1,None
K?bBbq{nE[MW,0.0,0.011853456497192383,True,1,None
K?bBbrqr`yV_,2.384185791015625e-07,0.012541532516479492,True,2,None
K?bBbqylbYZ_,0.0,0.0008826255798339844,True,1,None
K?bBbqyrbwUg,2.384185791015625e-07,0.011800765991210938,True,2,None
K?bBbre}@yRo,2.384185791015625e-07,0.032999515533447266,True,2,None
K?bBbre^DsRg,2.384185791015625e-07,0.03373456001281738,True,4,None
K?bBbqujbqZ_,2.384185791015625e-07,0.07652640342712402,True,7,None
K?bBbrM|DwFW,4.76837158203125e-07,0.021325111389160156,True,4,None
K?bBbrM|DsFg,2.384185791015625e-07,0.013859987258911133,True,1,None
K?bBbpmudiV_,2.384185791015625e-07,0.012637615203857422,True,2,None
K?bBbpmtdqV_,2.384185791015625e-07,0.01280522346496582,True,2,None
K?bBbo}lfQZ_,2.384185791015625e-07,0.021093368530273438,True,3,None
K?bBbo}jeq]_,4.76837158203125e-07,0.01186227798461914,True,1,None
K?bBbrpr`{V_,2.384185791015625e-07,0.01503753662109375,True,1,None
K?bBbrpZdwRo,0.0,0.011530399322509766,True,2,None
K?bBbrht`{V_,2.384185791015625e-07,0.04588150978088379,True,1,None
K?bBbrhfdwMo,2.384185791015625e-07,0.011988162994384766,True,1,None
K?bBbrhVdkV_,4.76837158203125e-07,0.08098316192626953,True,7,None
K?bBbqxlb[Z_,2.384185791015625e-07,0.014077425003051758,True,1,None
K?bBbqxrdwMo,2.384185791015625e-07,0.11212968826293945,True,7,None
K?bBbqxNe[]_,2.384185791015625e-07,0.03655743598937988,True,3,None
K?bBbpxrdwUo,2.384185791015625e-07,0.013500452041625977,True,4,None
K?bBbqtmb[Z_,2.384185791015625e-07,0.12633824348449707,True,16,None
K?bBbqtNfSZ_,4.76837158203125e-07,0.040163516998291016,True,4,None
K?bBbrL|@{VO,2.384185791015625e-07,0.014401912689208984,True,1,None
K?bBbrLmdwMo,2.384185791015625e-07,0.022101879119873047,True,2,None
K?bBbqludwMo,2.384185791015625e-07,0.023250579833984375,True,4,None
K?bBbpl{dwRo,2.384185791015625e-07,0.015240907669067383,True,2,None
K?bBbpludkV_,0.0,0.03315997123718262,True,4,None
K?bBbpltdsV_,2.384185791015625e-07,0.01714611053466797,True,4,None
K?bBbo|lfSZ_,0.0,0.06372451782226562,True,5,None
K?bBbqrrdwN_,2.384185791015625e-07,0.05512404441833496,True,7,None
K?bBbqrZdwZ_,0.0,0.08137202262878418,True,6,None
K?bBbqjvDwMo,2.384185791015625e-07,0.05907559394836426,True,6,None
K?bBbqfubwV_,2.384185791015625e-07,0.01121664047241211,True,2,None
K?bBbqf]dwZ_,2.384185791015625e-07,0.07123398780822754,True,5,None
K?bBbpf}C{V_,2.384185791015625e-07,0.06571793556213379,True,6,None
K?bBbovydwZ_,2.384185791015625e-07,0.12675142288208008,True,6,None
K?bBbqN}DwMo,2.384185791015625e-07,0.017588138580322266,True,3,None
K?bBbqN^FoUo,2.384185791015625e-07,0.01299905776977539,True,1,None
K?bBfJw^@uRo,0.0,0.009638786315917969,True,1,None
K?bBfI]nBsNG,2.384185791015625e-07,0.014226436614990234,True,2,None
K?bBfG}mbqZ_,2.384185791015625e-07,0.12546563148498535,True,14,None
K?bBdji}@yJo,0.0,0.03389716148376465,True,3,None
K?bBdhyjbqZ_,2.384185791015625e-07,0.03945446014404297,True,4,None
K?bBdhm^EqVO,2.384185791015625e-07,0.010852336883544922,True,1,None
K?bBdjLmbsN_,2.384185791015625e-07,0.05315256118774414,True,5,None
K?bBbiymbYZ_,2.384185791015625e-07,0.03353691101074219,True,3,None
K?bBbimmbqZ_,2.384185791015625e-07,0.014502286911010742,True,2,None
K?bBbhmudwVG,4.76837158203125e-07,0.009162664413452148,True,1,None
K?bBbg}mfQZ_,0.0,0.043477773666381836,True,4,None
K?bBbjLNfoVO,2.384185791015625e-07,0.040024757385253906,True,2,None
K?bBeY{lbsNG,4.76837158203125e-07,0.0572512149810791,True,6,None
K?bBeZq]`yV_,0.0,0.07410359382629395,True,6,None
K?bBeYy}@yMo,0.0,0.1435403823852539,True,10,None
K?bBeYy{`yN_,2.384185791015625e-07,0.13454389572143555,True,9,None
K?bBeW}{dwNG,2.384185791015625e-07,0.1062777042388916,True,9,None
K?bBdZqmbwJg,0.0,0.011497735977172852,True,2,None
K?bBdYy}BiJo,2.384185791015625e-07,0.003329038619995117,True,1,None
K?bBdZUnBsNG,4.76837158203125e-07,0.012183904647827148,True,1,None
K?bBdZU]bwVG,0.0,0.0355067253112793,True,5,None
K?bBdYuVfoNG,2.384185791015625e-07,0.01817035675048828,True,4,None
K?bBdX]{dwNG,2.384185791015625e-07,0.07755470275878906,True,8,None
K?bBdW}{bqZ_,2.384185791015625e-07,0.013738393783569336,True,2,None
K?bBdZpma{N_,2.384185791015625e-07,0.04554438591003418,True,4,None
K?bBdXt^EsVO,2.384185791015625e-07,0.01710033416748047,True,4,None
K?bBdY\\{bwNO,2.384185791015625e-07,0.10802149772644043,True,14,None
K?bBbZqmdwJg,0.0,0.012991905212402344,True,3,None
K?bBbY]nFoMW,2.384185791015625e-07,0.10762643814086914,True,7,None
K?bBbZp]dwRo,2.384185791015625e-07,0.06051826477050781,True,4,None
K?bBbZX}@{Uo,2.384185791015625e-07,0.13047122955322266,True,9,None
K?bBbZX{`{V_,2.384185791015625e-07,0.012695074081420898,True,1,None
K?bBbZX]dkV_,4.76837158203125e-07,0.04182100296020508,True,4,None
K?bBbZT}DsFo,2.384185791015625e-07,0.045482635498046875,True,7,None
K?bBbYt}BsRo,2.384185791015625e-07,0.029338598251342773,True,2,None
K?bBbYtnBsZO,2.384185791015625e-07,0.009441614151000977,True,1,None
K?bBbY\\}DsMo,2.384185791015625e-07,0.01050877571105957,True,1,None
K?bBbY\\|BsVO,2.384185791015625e-07,0.027117252349853516,True,3,None
K?bBbY\\nBs]O,0.0,0.1305983066558838,True,7,None
K?bBbY\\lbs^?,2.384185791015625e-07,0.13311505317687988,True,10,None
K?bBbY\\Nfc^?,2.384185791015625e-07,0.1481180191040039,True,6,None
K?bBbYV^Ds^?,2.384185791015625e-07,0.015557289123535156,True,2,None
K?bB`zkvDsMW,2.384185791015625e-07,0.11879754066467285,True,6,None
K?bB`zknEsMW,2.384185791015625e-07,0.08951616287231445,True,8,None
K?bB`zqjbqZ_,0.0,0.015767812728881836,True,1,None
K?bB`xyydwYg,2.384185791015625e-07,0.021454572677612305,True,3,None
K?bB`xymeY]_,2.384185791015625e-07,0.06348443031311035,True,4,None
K?bB`xyrfgVG,7.152557373046875e-07,0.003573179244995117,True,1,None
K?bB`zembqZ_,2.384185791015625e-07,0.05109858512878418,True,7,None
K?bB`yu]fQZ_,2.384185791015625e-07,0.0158538818359375,True,3,None
K?bB`zMnFoMW,2.384185791015625e-07,0.04567670822143555,True,5,None
K?bB`zM^FcVG,2.384185791015625e-07,0.013010025024414062,True,2,None
K?bB`zM\\foVG,2.384185791015625e-07,0.05827522277832031,True,7,None
K?bB`xmufgVG,4.76837158203125e-07,0.0038166046142578125,True,1,None
K?bB`w}{fQZ_,0.0,0.05688142776489258,True,6,None
K?bB`zpmb[Z_,0.0,0.015541791915893555,True,3,None
K?bB`zpjbsZ_,2.384185791015625e-07,0.01439356803894043,True,2,None
K?bB`zpNfSZ_,2.384185791015625e-07,0.08124327659606934,True,7,None
K?bB`zh}DkJo,2.384185791015625e-07,0.010834217071533203,True,1,None
K?bB`zd^EsVO,0.0,0.06392574310302734,True,5,None
K?bB`zdmbsZ_,2.384185791015625e-07,0.014681577682495117,True,2,None
K?bB`zdfbs^?,2.384185791015625e-07,0.01277470588684082,True,3,None
K?bB`zdVfoVO,2.384185791015625e-07,0.012221813201904297,True,1,None
K?bB`zdNes^?,2.384185791015625e-07,0.03481721878051758,True,4,None
K?bB`yt]fSZ_,2.384185791015625e-07,0.05756425857543945,True,6,None
K?bB`ytrbs^?,2.384185791015625e-07,0.05718278884887695,True,8,None
K?bB`zLlbs^?,2.384185791015625e-07,0.03352928161621094,True,2,None
K?bB`zLNfc^?,0.0,0.06764078140258789,True,3,None
K?bB`yl]es]_,0.0,0.06399750709533691,True,5,None
K?bB`yltbs^?,2.384185791015625e-07,0.0346674919128418,True,4,None
K?bB`ylVfc^?,2.384185791015625e-07,0.020030975341796875,True,3,None
K?bB`xltds^?,4.76837158203125e-07,0.01567530632019043,True,2,None
K?bB`w||FSZO,0.0,0.03874635696411133,True,2,None
K?bB`w|rfc^?,2.384185791015625e-07,0.06077146530151367,True,6,None
K?bB`zb^DwZO,2.384185791015625e-07,0.01697254180908203,True,2,None
K?bB`zb]dwZ_,2.384185791015625e-07,0.029137372970581055,True,4,None
K?bB`zbfbw^?,0.0,0.01762533187866211,True,2,None
K?bB`zbVdw^?,2.384185791015625e-07,0.008206367492675781,True,1,None
K?bB`yrybwZ_,2.384185791015625e-07,0.033182382583618164,True,7,None
K?bB`yrZfoZ_,2.384185791015625e-07,0.03432440757751465,True,2,None
K?bB`xrjfoZ_,2.384185791015625e-07,0.03670954704284668,True,4,None
K?bB`zJ]dw]_,2.384185791015625e-07,0.058013200759887695,True,2,None
K?bB`yj]fgZ_,0.0,0.08887195587158203,True,6,None
K?bB`zF^FoVO,2.384185791015625e-07,0.06040167808532715,True,2,None
K?bB`zF]dw^?,2.384185791015625e-07,0.05837607383728027,True,5,None
K?bB`xfnFoZO,2.384185791015625e-07,0.06960129737854004,True,4,None
K?bB`yN|Bs^?,0.0,0.03967618942260742,True,3,None
K?bB`xN|Ds^?,2.384185791015625e-07,0.03255438804626465,True,4,None
K?bBfE{nAyNO,0.0,0.12503480911254883,True,4,None
K?bBfEynAyN_,2.384185791015625e-07,0.013593673706054688,True,1,None
K?bBfEyfRwN_,4.76837158203125e-07,0.012401819229125977,True,2,None
K?bBfE]nBqN_,2.384185791015625e-07,0.015685319900512695,True,2,None
K?bBfC}]TwZ_,0.0,0.07958984375,True,3,None
K?bBfC}VTw^?,4.76837158203125e-07,0.017412424087524414,True,2,None
K?bBfC}NVoZ_,2.384185791015625e-07,0.005924701690673828,True,1,None
K?bBbemuTwN_,2.384185791015625e-07,0.12874197959899902,True,9,None
K?bBbem]TwZ_,2.384185791015625e-07,0.010160207748413086,True,1,None
K?bBbfJnDwN_,4.76837158203125e-07,0.15145540237426758,True,18,None
K?bBbdjnDwZ_,2.384185791015625e-07,0.09047365188598633,True,5,None
K?bBbcznFWZ_,2.384185791015625e-07,0.19056916236877441,True,15,None
K?bBbcnnFoZ_,2.384185791015625e-07,0.012397527694702148,True,1,None
K?bBeU{}@yMo,2.384185791015625e-07,0.03297305107116699,True,2,None
K?bBeT{|DwFW,2.384185791015625e-07,0.05273556709289551,True,4,None
K?bBeTy^DwUg,0.0,0.012254476547241211,True,2,None
K?bBeUu}BwFg,0.0,0.009597539901733398,True,1,None
K?bBeUunBwNG,0.0,0.012906789779663086,True,3,None
K?bBeUu^BwVG,2.384185791015625e-07,0.13685250282287598,True,13,None
K?bBeS}mRw]_,4.76837158203125e-07,0.014335155487060547,True,1,None
K?bBeUtNfoN_,4.76837158203125e-07,0.053301334381103516,True,5,None
K?bBdVpVbwV_,2.384185791015625e-07,0.011960506439208984,True,1,None
K?bBdVXnBwMo,0.0,0.051380157470703125,True,7,None
K?bBdUt]bwZ_,2.384185791015625e-07,0.0467221736907959,True,5,None
K?bBdTt]dwZ_,2.384185791015625e-07,0.011688947677612305,True,2,None
K?bBdTtVdw^?,2.384185791015625e-07,0.012042999267578125,True,2,None
K?bBdT\\nFgNO,2.384185791015625e-07,0.15638494491577148,True,13,None
K?bBdTZ^Dw]_,0.0,0.11937427520751953,True,6,None
K?bBbVqnDwJg,2.384185791015625e-07,0.013405323028564453,True,2,None
K?bBbVqfTwN_,2.384185791015625e-07,0.049434661865234375,True,3,None
K?bBbUytTwN_,9.5367431640625e-07,0.03790473937988281,True,1,None
K?bBbUyfRw]_,2.384185791015625e-07,0.07184863090515137,True,6,None
K?bBbUuuRwV_,2.384185791015625e-07,0.134688138961792,True,11,None
K?bBbUumRwZ_,2.384185791015625e-07,0.04393434524536133,True,4,None
K?bBbUu]TwZ_,2.384185791015625e-07,0.04484081268310547,True,7,None
K?bBbUufVoN_,2.384185791015625e-07,0.02480030059814453,True,3,None
K?bBbS}mVgZ_,4.76837158203125e-07,0.06915402412414551,True,3,None
K?bBbVXnDwMo,2.384185791015625e-07,0.06510353088378906,True,4,None
K?bBbUxtbwV_,0.0,0.018604755401611328,True,2,None
K?bBbUtmbwZ_,4.76837158203125e-07,0.017606258392333984,True,4,None
K?bBbU\\}DwMo,2.384185791015625e-07,0.03605198860168457,True,3,None
K?bBbS|ffg^?,4.76837158203125e-07,0.061484336853027344,True,2,None
K?bB`vqrTwN_,2.384185791015625e-07,0.03262495994567871,True,3,None
K?bB`vqjRwZ_,2.384185791015625e-07,0.06377816200256348,True,6,None
K?bB`vqNVWZ_,2.384185791015625e-07,0.06639242172241211,True,6,None
K?bB`viVVgV_,2.384185791015625e-07,0.010911703109741211,True,1,None
K?bB`uyxRwZ_,2.384185791015625e-07,0.0191800594329834,True,3,None
K?bB`uyZVgZ_,2.384185791015625e-07,0.012658119201660156,True,3,None
K?bB`ve}DwJg,2.384185791015625e-07,0.036377906799316406,True,3,None
K?bB`ve]TwZ_,2.384185791015625e-07,0.13078594207763672,True,8,None
K?bB`uurRw^?,0.0,0.01993250846862793,True,2,None
K?bB`uuZVoZ_,2.384185791015625e-07,0.01956033706665039,True,4,None
K?bB`tumVWZ_,2.384185791015625e-07,0.016933917999267578,True,4,None
K?bB`umVVg^?,4.76837158203125e-07,0.012927770614624023,True,1,None
K?bB`s}yVgZ_,2.384185791015625e-07,0.14541006088256836,True,14,None
K?bB`s}xVoZ_,2.384185791015625e-07,0.015501737594604492,True,2,None
K?bB`vF}BwV_,2.384185791015625e-07,0.03513050079345703,True,4,None
K?bBbMymRwZ_,2.384185791015625e-07,0.015395879745483398,True,3,None
K?bBbMy]TwZ_,2.384185791015625e-07,0.015245437622070312,True,1,None
K?bBbK}mVoZ_,4.76837158203125e-07,0.1619734764099121,True,16,None
K?bBc\\{^FcVG,2.384185791015625e-07,0.015592575073242188,True,3,None
K?bBc^q}BwFg,2.384185791015625e-07,0.036451101303100586,True,4,None
K?bBc]y{RwN_,2.384185791015625e-07,0.009301424026489258,True,1,None
K?bBc]y]VgN_,1.430511474609375e-06,0.019351959228515625,True,4,None
K?bBc[}{VoN_,2.384185791015625e-07,0.054033756256103516,True,2,None
K?bBc^p]dwN_,2.384185791015625e-07,0.005764484405517578,True,1,None
K?bBc]t]foN_,4.76837158203125e-07,0.011233806610107422,True,1,None
K?bBc\\t]dw^?,2.384185791015625e-07,0.014788389205932617,True,2,None
K?bBa^s^DqVO,0.0,0.01259160041809082,True,2,None
K?bBa]{nFoMW,2.384185791015625e-07,0.050234317779541016,True,5,None
K?bBa^q}@yV_,4.76837158203125e-07,0.013973474502563477,True,1,None
K?bBa]u^Dq^?,2.384185791015625e-07,0.10164785385131836,True,7,None
K?bBa]uNVo^?,2.384185791015625e-07,0.046567440032958984,True,6,None
K?bBa]tmfoN_,2.384185791015625e-07,0.04316067695617676,True,3,None
K?bBa\\t}DwVO,2.384185791015625e-07,0.027687788009643555,True,3,None
K?bB`^quRwV_,2.384185791015625e-07,0.01198577880859375,True,2,None
K?bB`^q]TwZ_,4.76837158203125e-07,0.010649681091308594,True,1,None
K?bB`^qfRw^?,2.384185791015625e-07,0.030452728271484375,True,1,None
K?bB`\\uvFoVG,2.384185791015625e-07,0.015080690383911133,True,2,None
K?bB`^X}DwMo,2.384185791015625e-07,0.13087081909179688,True,8,None
K?bB`\\\\|FoVO,2.384185791015625e-07,0.05147981643676758,True,4,None
K?bB`[|ufo]_,2.384185791015625e-07,0.03401470184326172,True,3,None
K?bERrs|@{FW,0.0,0.1123356819152832,True,12,None
K?bERq{nBeMo,2.384185791015625e-07,0.012151479721069336,True,1,None
K?bERq{mbkMg,2.384185791015625e-07,0.11805558204650879,True,8,None
K?bERrqlbwFg,2.384185791015625e-07,0.010838747024536133,True,2,None
K?bERqyNfgMg,2.384185791015625e-07,0.11163640022277832,True,8,None
K?bERpyNfgUg,2.384185791015625e-07,0.014992237091064453,True,3,None
K?bERqulbqN_,2.384185791015625e-07,0.01183176040649414,True,2,None
K?bERpu{dwFg,0.0,0.05436229705810547,True,5,None
K?bERpu]dwUg,2.384185791015625e-07,0.019827842712402344,True,2,None
K?bERo}Nfa]_,2.384185791015625e-07,0.01663494110107422,True,2,None
K?bERpx|DkFo,2.384185791015625e-07,0.011541604995727539,True,2,None
K?bERpxnDkMo,2.384185791015625e-07,0.03446841239929199,True,2,None
K?bERpt}@{Uo,9.5367431640625e-07,0.011102437973022461,True,1,None
K?bERpt^DsUo,1.430511474609375e-06,0.06908941268920898,True,4,None
K?bERpt]dwUo,2.384185791015625e-07,0.0376436710357666,True,4,None
K?bERjwm`{Mg,2.384185791015625e-07,0.042299509048461914,True,3,None
K?bERi{|BsFW,0.0,0.035726308822631836,True,2,None
K?bERi{mbsMg,2.384185791015625e-07,0.05166435241699219,True,3,None
K?bERiymbwMg,2.384185791015625e-07,0.1534595489501953,True,17,None
K?bBVbwl`yJo,4.76837158203125e-07,0.012356758117675781,True,1,None
K?bBVbwf`{Mg,2.384185791015625e-07,0.015465974807739258,True,2,None
K?bBVbsnA{FW,0.0,0.023180246353149414,True,3,None
K?bBVbs^C{FW,2.384185791015625e-07,0.0326535701751709,True,5,None
K?bBVb[^DkFW,2.384185791015625e-07,0.0697481632232666,True,3,None
K?bBVbqN`yZ_,7.152557373046875e-07,0.04955768585205078,True,5,None
K?bBVay\\`yZ_,2.384185791015625e-07,0.03477644920349121,True,3,None
K?bBVayVdwMg,2.384185791015625e-07,0.04243826866149902,True,3,None
K?bBVbU^DwFW,2.384185791015625e-07,0.014612913131713867,True,1,None
K?bBV`uudwFg,2.384185791015625e-07,0.011878490447998047,True,1,None
K?bBVa]]dwMg,2.384185791015625e-07,0.018358707427978516,True,3,None
K?bBV`]^DiVO,2.384185791015625e-07,0.03395414352416992,True,8,None
K?bBV`]{dwFg,2.384185791015625e-07,0.0165712833404541,True,2,None
K?bBVbpf`{N_,0.0,0.058194637298583984,True,3,None
K?bBVbpV`{V_,2.384185791015625e-07,0.024410724639892578,True,5,None
K?bBVbX\\dwFo,2.384185791015625e-07,0.011735677719116211,True,2,None
K?bBVaxt`{N_,0.0,0.018678665161132812,True,3,None
K?bBVaxfbwMo,0.0,0.10492920875549316,True,3,None
K?bBVbT}@{Fo,4.76837158203125e-07,0.020212888717651367,True,2,None
K?bBVbTn@{NO,2.384185791015625e-07,0.016399145126342773,True,2,None
K?bBVbTm`{N_,2.384185791015625e-07,0.08722686767578125,True,4,None
K?bBVat}A{Fo,2.384185791015625e-07,0.010506153106689453,True,1,None
K?bBVatnA{NO,2.384185791015625e-07,0.04963183403015137,True,6,None
K?bBVatfbsN_,2.384185791015625e-07,0.07285380363464355,True,3,None
K?bBVatNbsZ_,2.384185791015625e-07,0.019874095916748047,True,4,None
K?bBVa\\|@{NO,2.384185791015625e-07,0.01023411750793457,True,1,None
K?bBVa\\{`{N_,2.384185791015625e-07,0.05295419692993164,True,5,None
K?bBVa\\mbkN_,2.384185791015625e-07,0.014687061309814453,True,1,None
K?bBVaZnBkN_,2.384185791015625e-07,0.017035722732543945,True,3,None
K?bBVaZNfgN_,2.384185791015625e-07,0.010942935943603516,True,1,None
K?bBVaV]bwV_,0.0,0.04027295112609863,True,4,None
K?bBV`VNdw^?,2.384185791015625e-07,0.010672569274902344,True,1,None
K?bBV_^mfgN_,2.384185791015625e-07,0.06604838371276855,True,7,None
K?bBV_^\\foV_,2.384185791015625e-07,0.013332843780517578,True,2,None
K?bBUq{mbiMo,0.0,0.011474609375,True,1,None
K?bBTrqNbiZ_,2.384185791015625e-07,0.013843297958374023,True,2,None
K?bBTpyNfgYg,0.0,0.011484861373901367,True,1,None
K?bBTrU\\bwVG,2.384185791015625e-07,0.13154244422912598,True,8,None
K?bBTqutbwNG,4.76837158203125e-07,0.012894868850708008,True,1,None
K?bBTpumbiZ_,2.384185791015625e-07,0.03577160835266113,True,3,None
K?bBTpulbqZ_,2.384185791015625e-07,0.04323101043701172,True,2,None
K?bBTpu\\dqZ_,2.384185791015625e-07,0.025650978088378906,True,2,None
K?bBTpuVfgVG,0.0,0.016790390014648438,True,3,None
K?bBTrT}BkFo,2.384185791015625e-07,0.12919950485229492,True,10,None
K?bBTrT{`{N_,2.384185791015625e-07,0.0058116912841796875,True,1,None
K?bBTrTmbkN_,2.384185791015625e-07,0.01592564582824707,True,3,None
K?bBTp\\}DkMo,2.384185791015625e-07,0.0827784538269043,True,7,None
K?bBTp\\nBk]O,1.430511474609375e-06,0.005965471267700195,True,1,None
K?bBTp\\Nfg]O,2.384185791015625e-07,0.14304661750793457,True,7,None
K?bBTrRnBkN_,0.0,0.012458086013793945,True,2,None
K?bBTrRNbw]_,2.384185791015625e-07,0.009869813919067383,True,1,None
K?bBTpZnFgMo,2.384185791015625e-07,0.09183692932128906,True,7,None
K?bBRqyVdi]_,2.384185791015625e-07,0.014759540557861328,True,2,None
K?bBRqulbqZ_,0.0,0.010703563690185547,True,1,None
K?bBRqxfbk]_,2.384185791015625e-07,0.03589630126953125,True,2,None
K?bBRqxVdk]_,0.0,0.0783700942993164,True,5,None
K?bBRpx|C{Uo,4.76837158203125e-07,0.012246131896972656,True,2,None
K?bBRrT}DkFo,2.384185791015625e-07,0.018898963928222656,True,3,None
K?bBRrT|DsFo,4.76837158203125e-07,0.04053521156311035,True,5,None
K?bBRrT]dwUo,2.384185791015625e-07,0.08580303192138672,True,5,None
K?bBRrT\\dsV_,2.384185791015625e-07,0.018716096878051758,True,3,None
K?bBRrRnDwMo,2.384185791015625e-07,0.01242685317993164,True,1,None
K?bBRqZ^Dk]_,2.384185791015625e-07,0.045554161071777344,True,4,None
K?bBRpZ|DkV_,2.384185791015625e-07,0.14589929580688477,True,15,None
K?bBUi{nBsMW,2.384185791015625e-07,0.014070510864257812,True,1,None
K?bBUi{mbsMg,2.384185791015625e-07,0.047692298889160156,True,6,None
K?bBUiy}@{Mg,2.6226043701171875e-06,0.12756109237670898,True,8,None
K?bBTjw{`yJo,0.0,0.05710244178771973,True,7,None
K?bBTjqNbqZ_,4.76837158203125e-07,0.014750957489013672,True,1,None
K?bBTjYnBsMg,2.384185791015625e-07,0.06199336051940918,True,2,None
K?bBTjYmbwMg,2.384185791015625e-07,0.018276214599609375,True,2,None
K?bBTiy{ayN_,2.384185791015625e-07,0.011259078979492188,True,1,None
K?bBTiy\\bqZ_,2.384185791015625e-07,0.050397396087646484,True,2,None
K?bBThylbqZ_,4.76837158203125e-07,0.010153532028198242,True,1,None
K?bBTjU^BsVG,2.384185791015625e-07,0.0060350894927978516,True,1,None
K?bBTjX|BsFo,1.6689300537109375e-06,0.022126197814941406,True,2,None
K?bBTjTmbsN_,2.384185791015625e-07,0.03406929969787598,True,2,None
K?bBTjTNbs^?,2.384185791015625e-07,0.03333234786987305,True,3,None
K?bBTitubsN_,0.0,0.03456926345825195,True,3,None
K?bBTit]bsZ_,2.384185791015625e-07,0.06984567642211914,True,5,None
K?bBTjR]dwN_,2.384185791015625e-07,0.012830018997192383,True,1,None
K?bBTiZ]fgN_,2.384185791015625e-07,0.05591320991516113,True,3,None
K?bBTiZ\\bw^?,2.384185791015625e-07,0.017300844192504883,True,1,None
K?bBThZ{bwV_,4.76837158203125e-07,0.038397789001464844,True,2,None
K?bBTiV]foN_,2.384185791015625e-07,0.039093971252441406,True,5,None
K?bBQvs|DwFW,2.384185791015625e-07,0.03193235397338867,True,3,None
K?bBQvs^DwUW,2.384185791015625e-07,0.04309678077697754,True,3,None
K?bEJrwn@uMo,0.0,0.014191150665283203,True,1,None
K?bEJrsn@uNO,4.76837158203125e-07,0.011582612991333008,True,1,None
K?bEJp{^DeVO,2.384185791015625e-07,0.028757572174072266,True,1,None
K?bEJqunBqNO,2.384185791015625e-07,0.04553842544555664,True,8,None
K?bEJo}lfoNG,2.384185791015625e-07,0.012017011642456055,True,1,None
K?bEJrpn@{NO,4.76837158203125e-07,0.03589773178100586,True,4,None
K?bEJqx}@{Mo,2.384185791015625e-07,0.012193679809570312,True,1,None
K?bEJqxnBsMo,2.384185791015625e-07,0.053740501403808594,True,3,None
K?bDN`{VbqVO,0.0,0.0032455921173095703,True,1,None
K?bDN`]Nbq^?,2.384185791015625e-07,0.015054464340209961,True,2,None
K?bDN_|}BsJo,2.384185791015625e-07,0.013422012329101562,True,3,None
K?bDMrpNbsN_,2.384185791015625e-07,0.022276639938354492,True,3,None
K?bDMqx^BsMo,2.384185791015625e-07,0.04824042320251465,True,7,None
K?bDMpx|@{NO,2.384185791015625e-07,0.11301350593566895,True,12,None
K?bDMo|}BsMo,2.384185791015625e-07,0.045737504959106445,True,3,None
K?bDMqr]bwN_,2.384185791015625e-07,0.020308732986450195,True,3,None
K?bDMoz{bwN_,1.6689300537109375e-06,0.020412921905517578,True,4,None
K?bDJrsfbqNO,2.384185791015625e-07,0.0741891860961914,True,3,None
K?bDJrsVbqVO,2.384185791015625e-07,0.12615060806274414,True,9,None
K?bDJr[mbqMo,2.384185791015625e-07,0.07160377502441406,True,4,None
K?bDJpx|@{ZO,2.384185791015625e-07,0.01287221908569336,True,2,None
K?bDLjw^BsJW,2.384185791015625e-07,0.045633554458618164,True,4,None
K?bDLhy]bqZ_,2.384185791015625e-07,0.021444320678710938,True,1,None
K?bDKnw^BsNG,2.384185791015625e-07,0.0033049583435058594,True,1,None
K?bFf`k]_zV_,2.384185791015625e-07,0.01692676544189453,True,1,None
K?bFf`kVdqFc,0.0,0.15883445739746094,True,6,None
K?bFbps]S\\V_,0.0,0.0032012462615966797,True,1,None
K?bFbpk]ThRo,0.0,0.0036292076110839844,True,1,None
K?bFbpkfNgFW,2.384185791015625e-07,0.01246023178100586,True,4,None
K?bFfHwfP{NC,2.384185791015625e-07,0.012012243270874023,True,1,None
K?bFfHwVTwFS,2.384185791015625e-07,0.0033655166625976562,True,1,None
K?bFdhkVRpVO,2.384185791015625e-07,0.003390073776245117,True,1,None
K?bFdhkNUpNO,2.384185791015625e-07,0.012676000595092773,True,2,None
K?bFdhkVJqVO,2.384185791015625e-07,0.0069713592529296875,True,2,None
K?bFeXwmPxMo,2.384185791015625e-07,0.011568069458007812,True,1,None
K?bFeXw\\TwFS,2.384185791015625e-07,0.11586737632751465,True,10,None
K?bFeXw]LiFo,2.384185791015625e-07,0.04572248458862305,True,4,None
K?bFeXsNNoFW,1.1920928955078125e-06,0.030127763748168945,True,7,None
K?bFeW{{RsFc,2.384185791015625e-07,0.07051229476928711,True,4,None
K?bFV`wf`xMg,2.384185791015625e-07,0.03892946243286133,True,2,None
K?bFV`s]O|V_,2.384185791015625e-07,0.0032901763916015625,True,1,None
K?bFV`[\\LsFg,2.384185791015625e-07,0.09225344657897949,True,7,None
K?bFV_{tbqFc,0.0,0.03809165954589844,True,6,None
K?bFUpslbpFg,4.76837158203125e-07,0.010269403457641602,True,1,None
K?bFUhs]PtV_,2.384185791015625e-07,0.1367788314819336,True,12,None
K?bFSxw}BhEw,2.384185791015625e-07,0.01070713996887207,True,1,None
K?bFSxw]diMc,2.384185791015625e-07,0.003275156021118164,True,1,None
K?bDv`ktPxNO,2.384185791015625e-07,0.1400434970855713,True,15,None
K?bDv`klRsJc,4.76837158203125e-07,0.0033380985260009766,True,1,None
K?bDv`klQ{NC,4.76837158203125e-07,0.0034821033477783203,True,1,None
K?bDv_{ybhJg,0.0,0.015213251113891602,True,2,None
K?bDv_{rbqMc,2.384185791015625e-07,0.1347804069519043,True,14,None
K?bDvPsfRsMc,2.384185791015625e-07,0.003346681594848633,True,1,None
K?bDvP[]dhMg,7.152557373046875e-07,0.03635740280151367,True,4,None
K?bDvO{{QxMo,2.384185791015625e-07,0.003559589385986328,True,1,None
K?bDtpsyayMc,2.384185791015625e-07,0.0009932518005371094,True,1,None
K?bDtpsrbqMc,0.0,0.07716608047485352,True,2,None
K?bDvHwfbpMg,2.384185791015625e-07,0.012202262878417969,True,1,None
K?bDvHwmRkJc,2.384185791015625e-07,0.11005187034606934,True,6,None
K?bDvHwlRpJo,2.384185791015625e-07,0.005742549896240234,True,1,None
K?bDvHsfRsNC,2.384185791015625e-07,0.08710694313049316,True,4,None
K?bDvHsVJqVO,2.384185791015625e-07,0.04493117332458496,True,2,None
K?bDuXw}@jMo,7.152557373046875e-07,0.05644726753234863,True,3,None
K?bDuXwmRhMo,2.384185791015625e-07,0.11258506774902344,True,14,None
K?bDuXwlRkNC,0.0,0.14035463333129883,True,13,None
K?bDuXslRsNC,4.76837158203125e-07,0.11134052276611328,True,6,None
K?bDtXw{biJc,2.384185791015625e-07,0.010649442672729492,True,1,None
K?bBvPs]diRc,4.76837158203125e-07,0.04751181602478027,True,5,None
K?bBvP[{TkFc,2.384185791015625e-07,0.1553325653076172,True,13,None
K?bBrrgNehUg,2.384185791015625e-07,0.010876655578613281,True,1,None
K?bBrrgNdhYg,2.384185791015625e-07,0.04253339767456055,True,6,None
K?bBrrK{`yUc,2.384185791015625e-07,0.014879941940307617,True,1,None
K?bFJpw{`yRc,2.384185791015625e-07,0.017473936080932617,True,2,None
K?bFJpwt`yVC,2.384185791015625e-07,0.14229846000671387,True,10,None
K?bFHzoVbqVC,2.384185791015625e-07,0.04233813285827637,True,5,None
K?bFHyw{bqJc,4.76837158203125e-07,0.05411219596862793,True,8,None
K?bFHywubpMg,4.76837158203125e-07,0.0032806396484375,True,1,None
K?bFHywuJiNO,4.76837158203125e-07,0.011564493179321289,True,2,None
K?bFHxwNfaZC,2.384185791015625e-07,0.0352628231048584,True,3,None
K?bFHxwlUsNC,2.384185791015625e-07,0.06597495079040527,True,4,None
K?bFHxwfVcNC,2.384185791015625e-07,0.021897077560424805,True,3,None
K?bFHxwNVcZC,2.384185791015625e-07,0.04157662391662598,True,2,None
K?bDnHwfRpNO,0.0,0.012494564056396484,True,1,None
K?`bFrwt`{Ro,2.384185791015625e-07,0.11689472198486328,True,7,None
K?`bFh{uc{VO,0.0,0.0398411750793457,True,5,None
K?`bFjYvDsFo,2.384185791015625e-07,0.003331422805786133,True,1,None
K?`bFjYu`{V_,2.384185791015625e-07,0.015564203262329102,True,2,None
K?`bFi]vDsNO,2.384185791015625e-07,0.0032808780670166016,True,1,None
K?`afrM}DkFo,0.0,0.015075206756591797,True,3,None
K?`afh{rdsVO,4.76837158203125e-07,0.003259897232055664,True,1,None
K?`afjMnBsVO,0.0,0.04358339309692383,True,3,None
K?`afhmnDsZO,2.384185791015625e-07,0.08397197723388672,True,7,None
K?`afhmfds^?,2.384185791015625e-07,0.06802153587341309,True,5,None
K?`afL]nFoVO,2.384185791015625e-07,0.0033092498779296875,True,1,None
K?`adlmnFoZO,0.0,0.11559844017028809,True,6,None
K?`adk}vFo\\O,0.0,0.020005226135253906,True,1,None
K?`ad^qmewN_,2.384185791015625e-07,0.04049181938171387,True,4,None
K?`fFbwv@{Bw,2.384185791015625e-07,0.016730308532714844,True,5,None
K?`fF`{v@{RW,2.384185791015625e-07,0.07795333862304688,True,5,None
K?`fF`{]cyRo,2.384185791015625e-07,0.010143756866455078,True,1,None
K?`fFa]fbqN_,2.384185791015625e-07,0.016077518463134766,True,1,None
K?`fF`]v@yVO,0.0,0.012417316436767578,True,2,None
K?`fF`]u`yV_,2.384185791015625e-07,0.017434358596801758,True,2,None
K?`fErwf`yMo,7.152557373046875e-07,0.04442620277404785,True,2,None
K?`fEr[n@uMo,2.384185791015625e-07,0.009715795516967773,True,1,None
K?`fEq{fbqMo,4.76837158203125e-07,0.040848493576049805,True,4,None
K?`fErqfbwFg,7.152557373046875e-07,0.011566877365112305,True,1,None
K?`fEqyt`yN_,2.384185791015625e-07,0.013087272644042969,True,1,None
K?`fEquubwFg,2.384185791015625e-07,0.003319263458251953,True,1,None
K?`fEqufbwNG,0.0,0.02140045166015625,True,3,None
K?`fEo}lbwZG,2.384185791015625e-07,0.011230230331420898,True,2,None
K?`fEo}NfgZG,0.0,0.06011390686035156,True,2,None
K?`fErp^@{Ro,4.76837158203125e-07,0.10811877250671387,True,11,None
K?`fErXn@{Mo,2.384185791015625e-07,0.03856515884399414,True,4,None
K?`fEqx|A{Fo,0.0,0.0032830238342285156,True,1,None
K?`fEqxv@{Mo,2.384185791015625e-07,0.13767576217651367,True,10,None
K?`fEpxvDkFo,0.0,0.014273643493652344,True,3,None
K?`fEpxVdkV_,2.384185791015625e-07,0.11201786994934082,True,7,None
K?`fEqt}A{Fo,2.384185791015625e-07,0.0032072067260742188,True,1,None
K?`fEqtubwFo,2.384185791015625e-07,0.003264904022216797,True,1,None
K?`fEqtmbwJo,2.384185791015625e-07,0.014791488647460938,True,1,None
K?`fEpt}C{Fo,2.384185791015625e-07,0.003262042999267578,True,1,None
K?`fEptudwFo,2.384185791015625e-07,0.0032758712768554688,True,1,None
K?`fEptVdsV_,0.0,0.14632940292358398,True,22,None
K?`fEovudwN_,2.384185791015625e-07,0.011800050735473633,True,1,None
K?`fBp{|C{RW,2.384185791015625e-07,0.12551140785217285,True,9,None
K?`fBp{{cyRo,2.384185791015625e-07,0.013957738876342773,True,4,None
K?`fBq]udwMg,2.384185791015625e-07,0.003584146499633789,True,1,None
K?`fBq]ffoMg,2.384185791015625e-07,0.031011581420898438,True,1,None
K?`fBrpvC{Fo,2.384185791015625e-07,0.019147396087646484,True,6,None
K?`fBpxvDkRo,2.384185791015625e-07,0.016500234603881836,True,1,None
K?`fBrTnDsJo,0.0,0.1534414291381836,True,13,None
K?`fBrRv@{V_,2.384185791015625e-07,0.014469146728515625,True,1,None
K?`fBprvC{V_,2.384185791015625e-07,0.11515092849731445,True,7,None
K?`fEi]mbqN_,2.384185791015625e-07,0.017436504364013672,True,2,None
K?`fEi]Nbq^?,2.384185791015625e-07,0.0341188907623291,True,3,None
K?`fEg}mbwZG,2.384185791015625e-07,0.04266214370727539,True,4,None
K?`fEg}NfoZG,2.384185791015625e-07,0.15231680870056152,True,13,None
K?`fCzw}AmFo,2.384185791015625e-07,0.003357410430908203,True,1,None
K?`fCz[}@uMo,2.384185791015625e-07,0.003604888916015625,True,1,None
K?`fCx{|EsFW,2.384185791015625e-07,0.012427330017089844,True,1,None
K?`fCx]|BsVG,2.384185791015625e-07,0.0034122467041015625,True,1,None
K?`fCx]{bwVG,0.0,0.05113863945007324,True,5,None
K?`fCzpubwFo,2.384185791015625e-07,0.0375368595123291,True,6,None
K?`fCzX}@{Mo,7.152557373046875e-07,0.0039014816284179688,True,1,None
K?`fCzTnBsNO,2.384185791015625e-07,0.0033757686614990234,True,1,None
K?`fCzTmbsN_,2.384185791015625e-07,0.0032668113708496094,True,1,None
K?`fCzTNbs^?,2.384185791015625e-07,0.01647186279296875,True,3,None
K?`fCxtfbs^?,2.384185791015625e-07,0.11874270439147949,True,10,None
K?`fCy\\}BsMo,2.384185791015625e-07,0.04728341102600098,True,6,None
K?`fCx\\nBs]O,2.384185791015625e-07,0.030417680740356445,True,6,None
K?`fCzRnBsN_,2.384185791015625e-07,0.044981956481933594,True,3,None
K?`fCzR^BwVO,2.384185791015625e-07,0.07309484481811523,True,9,None
K?`fCxZ{dwN_,2.384185791015625e-07,0.12244749069213867,True,9,None
K?`fCyV^Bs^?,4.76837158203125e-07,0.021414518356323242,True,4,None
K?`fCw^|Bs^?,2.384185791015625e-07,0.018835783004760742,True,4,None
K?`fAy{fbq]O,2.384185791015625e-07,0.12628746032714844,True,5,None
K?`fAzqVdqV_,0.0,0.011546134948730469,True,2,None
K?`fAyyudwMg,2.384185791015625e-07,0.11741399765014648,True,5,None
K?`fAyymewMg,2.384185791015625e-07,0.040599822998046875,True,5,None
K?`fAyyNfgZG,2.384185791015625e-07,0.13129901885986328,True,6,None
K?`fAxytdqV_,2.384185791015625e-07,0.12736272811889648,True,6,None
K?`fAyumbwZG,2.384185791015625e-07,0.06916117668151855,True,8,None
K?`fAw}nFcZG,2.384185791015625e-07,0.03382301330566406,True,3,None
K?`fAw}tdq^?,2.384185791015625e-07,0.11383914947509766,True,7,None
K?`fAzp}@{Ro,2.384185791015625e-07,0.00638270378112793,True,1,None
K?`fAzp^DsRo,0.0,0.11099791526794434,True,10,None
K?`fAxx|DsRo,2.384185791015625e-07,0.014481306076049805,True,3,None
K?`fAxxvDsUo,2.384185791015625e-07,0.007318735122680664,True,1,None
K?`fAxxmdwYo,2.384185791015625e-07,0.014624357223510742,True,3,None
K?`fAyt^EsVO,2.384185791015625e-07,0.02174973487854004,True,2,None
K?`fAytNfoZO,2.384185791015625e-07,0.036035776138305664,True,3,None
K?`fAx\\{dsV_,2.384185791015625e-07,0.02408146858215332,True,3,None
K?`fAw|ffo]O,4.76837158203125e-07,0.01131129264831543,True,1,None
K?`fAzRNdw^?,2.384185791015625e-07,0.11249518394470215,True,8,None
K?`fAxrudwV_,7.152557373046875e-07,0.006226062774658203,True,1,None
K?`fAyV^FoVO,2.384185791015625e-07,0.003415822982788086,True,1,None
K?`efbwr`yFo,2.384185791015625e-07,0.10053014755249023,True,4,None
K?`efb[m`{Lg,4.76837158203125e-07,0.01710057258605957,True,4,None
K?`ef`{ZdwRW,2.384185791015625e-07,0.014491796493530273,True,2,None
K?`ef`{ZcyVO,2.384185791015625e-07,0.015638351440429688,True,2,None
K?`ef`yr`yV_,0.0,0.012030839920043945,True,1,None
K?`efa]ZbwVG,0.0,0.12608003616333008,True,4,None
K?`ef`]y`yV_,2.384185791015625e-07,0.013611793518066406,True,1,None
K?`efbhVdwFo,2.384185791015625e-07,0.033562421798706055,True,2,None
K?`efalma{N_,2.384185791015625e-07,0.12656593322753906,True,6,None
K?`efalfbwNO,2.384185791015625e-07,0.012281179428100586,True,2,None
K?`efalNbwZO,2.384185791015625e-07,0.042005062103271484,True,4,None
K?`ef`ln@{ZO,2.384185791015625e-07,0.054657697677612305,True,4,None
K?`ef`l^DsRo,2.384185791015625e-07,0.06839442253112793,True,5,None
K?`ef`lVdwVO,2.384185791015625e-07,0.03487133979797363,True,3,None
K?`efa\\ybwFo,2.384185791015625e-07,0.01198267936706543,True,1,None
K?`efa\\]bwTo,2.384185791015625e-07,0.014114856719970703,True,2,None
K?`efQ{layNO,2.384185791015625e-07,0.06837153434753418,True,6,None
K?`efP{\\dwRW,2.384185791015625e-07,0.03602862358093262,True,3,None
K?`efRU}@{Fg,2.384185791015625e-07,0.06429171562194824,True,5,None
K?`efQ]{`yN_,2.384185791015625e-07,0.01022958755493164,True,2,None
K?`efP]{`yV_,0.0,0.1773369312286377,True,13,None
K?`efRTn@{NO,2.384185791015625e-07,0.013457298278808594,True,2,None
K?`efRTm`{N_,2.384185791015625e-07,0.022849082946777344,True,2,None
K?`eerwn@]Mo,2.384185791015625e-07,0.014584541320800781,True,4,None
K?`eeq{mbYMo,0.0,0.011447429656982422,True,1,None
K?`eep{}@mTo,2.384185791015625e-07,0.10825634002685547,True,8,None
K?`eerqZ`yV_,2.384185791015625e-07,0.010933637619018555,True,2,None
K?`eerilbwFg,2.384185791015625e-07,0.016115665435791016,True,2,None
K?`eepyxdwFg,0.0,0.013354301452636719,True,2,None
K?`eepyZdiV_,2.384185791015625e-07,0.011994361877441406,True,2,None
K?`eerpZdwFo,2.384185791015625e-07,0.022897005081176758,True,2,None
K?`eerdn@{NO,0.0,0.018768787384033203,True,4,None
K?`eeqtmb[N_,2.384185791015625e-07,0.12904667854309082,True,8,None
K?`eeqtjbsN_,0.0,0.059210777282714844,True,2,None
K?`eeql{`{N_,4.76837158203125e-07,0.017912626266479492,True,4,None
K?`eeqllbwNO,2.384185791015625e-07,0.010258674621582031,True,1,None
K?`eepl^DsUo,2.384185791015625e-07,0.012474298477172852,True,2,None
K?`eepl{dwFo,2.384185791015625e-07,0.013236045837402344,True,1,None
K?`eerbn@{N_,2.384185791015625e-07,0.06771492958068848,True,4,None
K?`edrwnA]Mo,2.384185791015625e-07,0.012687444686889648,True,1,None
K?`edq{vBUMo,2.384185791015625e-07,0.016590356826782227,True,3,None
K?`edq{xbsJg,2.384185791015625e-07,0.10266304016113281,True,6,None
K?`edp{\\fWRW,2.384185791015625e-07,0.14581704139709473,True,11,None
K?`edrqjayN_,2.384185791015625e-07,0.014778614044189453,True,1,None
K?`edrilayN_,2.384185791015625e-07,0.08700394630432129,True,6,None
K?`edqyvBYMo,0.0,0.15625309944152832,True,18,None
K?`edqyxbwJg,0.0,0.01799798011779785,True,3,None
K?`edrUZbwVG,2.384185791015625e-07,0.037990570068359375,True,3,None
K?`edpuNeq\\_,2.384185791015625e-07,0.04253745079040527,True,3,None
K?`edq]xbwNG,2.384185791015625e-07,0.13488984107971191,True,16,None
K?`edp]xbwVG,2.384185791015625e-07,0.028098106384277344,True,4,None
K?`edp]ZfgVG,4.76837158203125e-07,0.04975771903991699,True,6,None
K?`edrpr`{N_,0.0,0.04760265350341797,True,3,None
K?`edrhv@{Mo,2.384185791015625e-07,0.06359124183654785,True,6,None
K?`edrXnB[Mo,2.384185791015625e-07,0.12796902656555176,True,12,None
K?`edrXjbwMo,2.384185791015625e-07,0.2533581256866455,True,35,None
K?`edqxzA{Mo,4.76837158203125e-07,0.12621855735778809,True,6,None
K?`edqxvB[Mo,2.384185791015625e-07,0.06641769409179688,True,5,None
K?`edqxrbwMo,2.384185791015625e-07,0.014798164367675781,True,2,None
K?`edrd}@{Jo,2.384185791015625e-07,0.017595291137695312,True,2,None
K?`edrdfbwNO,2.384185791015625e-07,0.1100912094116211,True,10,None
K?`edrdNbwZO,2.384185791015625e-07,0.06961679458618164,True,5,None
K?`edrT}@{Lo,0.0,0.03997063636779785,True,5,None
K?`edrTjbwNO,4.76837158203125e-07,0.015030860900878906,True,2,None
K?`edqtZbwZO,2.384185791015625e-07,0.07445478439331055,True,6,None
K?`edptz@{ZO,2.384185791015625e-07,0.04440951347351074,True,1,None
K?`edptnB[ZO,2.384185791015625e-07,0.12459087371826172,True,22,None
K?`edrL}@{Mo,2.384185791015625e-07,0.053997039794921875,True,4,None
K?`edrLlbwNO,2.384185791015625e-07,0.028072357177734375,True,1,None
K?`edpllbwZO,2.384185791015625e-07,0.13391828536987305,True,8,None
K?`edq\\}B[Mo,2.384185791015625e-07,0.0638573169708252,True,2,None
K?`edq\\ybwMo,2.384185791015625e-07,0.014974832534790039,True,3,None
K?`edp\\}D[Mo,4.76837158203125e-07,0.01883721351623535,True,1,None
K?`edrbv@{N_,2.384185791015625e-07,0.019890546798706055,True,1,None
K?`edpf}DwJo,2.384185791015625e-07,0.03945112228393555,True,3,None
K?`edpVmbw\\_,2.384185791015625e-07,0.09587335586547852,True,6,None
K?`ebrsZdwRW,2.384185791015625e-07,0.05939793586730957,True,4,None
K?`ebrsZcyVO,2.384185791015625e-07,0.020756006240844727,True,3,None
K?`ebr[{`{Tg,2.384185791015625e-07,0.09538507461547852,True,10,None
K?`ebqyrdwMg,2.384185791015625e-07,0.017061948776245117,True,1,None
K?`ebqyjewMg,0.0,0.01567697525024414,True,1,None
K?`ebre^DwRW,2.384185791015625e-07,0.13425469398498535,True,8,None
K?`ebre]dwRg,2.384185791015625e-07,0.16302132606506348,True,14,None
K?`ebquNfQZ_,2.384185791015625e-07,0.016692638397216797,True,3,None
K?`ebq]Nfa\\_,4.76837158203125e-07,0.012106180191040039,True,1,None
K?`ebrpZdwRo,2.384185791015625e-07,0.15402507781982422,True,6,None
K?`ebrXnD[Mo,2.384185791015625e-07,0.03548026084899902,True,4,None
K?`ebrdv@{VO,2.384185791015625e-07,0.010497570037841797,True,1,None
K?`ebqt}A{To,0.0,0.012625455856323242,True,1,None
K?`ebqtZewVO,2.384185791015625e-07,0.014976978302001953,True,2,None
K?`ebqtVds\\_,2.384185791015625e-07,0.13228344917297363,True,18,None
K?`ebqtNew\\O,2.384185791015625e-07,0.013822317123413086,True,2,None
K?`ebqtNes\\_,2.384185791015625e-07,0.05211353302001953,True,3,None
K?`ebptfds\\_,0.0,0.034327030181884766,True,2,None
K?`ebpl|C{VO,2.384185791015625e-07,0.12039589881896973,True,15,None
K?`ebplvDkVO,2.384185791015625e-07,0.03621816635131836,True,2,None
K?`ebpl{c{V_,2.384185791015625e-07,0.015913724899291992,True,2,None
K?`ebpltdsV_,2.384185791015625e-07,0.013349771499633789,True,2,None
K?`ebq\\}D[Mo,2.384185791015625e-07,0.015720129013061523,True,1,None
K?`ebq\\nFSMo,2.384185791015625e-07,0.03428006172180176,True,1,None
K?`ebq\\\\ds\\_,2.384185791015625e-07,0.03229022026062012,True,3,None
K?`ebo|mfgXo,2.384185791015625e-07,0.04589080810546875,True,5,None
K?`ebo|mew[o,2.384185791015625e-07,0.014594793319702148,True,1,None
K?`ebo|lew\\O,2.384185791015625e-07,0.026405811309814453,True,1,None
K?`ebo|jew]O,2.384185791015625e-07,0.011159896850585938,True,1,None
K?`ebrbv@{V_,2.384185791015625e-07,0.011721134185791016,True,1,None
K?`ebrRZdwV_,2.384185791015625e-07,0.009407758712768555,True,1,None
K?`ebrJnDwMo,2.384185791015625e-07,0.1500871181488037,True,16,None
K?`ebqjnEwMo,2.384185791015625e-07,0.003362894058227539,True,1,None
K?`ebrF}@{V_,2.384185791015625e-07,0.08594846725463867,True,5,None
K?`ebqfmbwZ_,2.384185791015625e-07,0.015805959701538086,True,2,None
K?`ebqf]ewV_,2.86102294921875e-06,0.034689903259277344,True,4,None
K?`ebqVybwV_,2.384185791015625e-07,0.02763676643371582,True,2,None
K?`ebpV}D[V_,2.384185791015625e-07,0.04916882514953613,True,2,None
K?`ebpVydwV_,2.384185791015625e-07,0.14593935012817383,True,19,None
K?`ebqN}DwMo,2.384185791015625e-07,0.019922494888305664,True,2,None
K?`ebpNmdw]_,2.384185791015625e-07,0.013299226760864258,True,1,None
K?`ebon}EwUo,2.384185791015625e-07,0.047693490982055664,True,2,None
K?`ebon|EwVO,2.384185791015625e-07,0.014912128448486328,True,1,None
K?`ebon{ewV_,2.384185791015625e-07,0.06042313575744629,True,4,None
K?`efI{NbqZO,2.384185791015625e-07,0.015572309494018555,True,1,None
K?`efI]mbwNG,4.76837158203125e-07,0.00650787353515625,True,1,None
K?`eejim`yN_,2.384185791015625e-07,0.01190495491027832,True,2,None
K?`eeiymbYN_,4.76837158203125e-07,0.014465093612670898,True,2,None
K?`eehy]dYV_,2.384185791015625e-07,0.05981707572937012,True,5,None
K?`eeimmbqN_,2.384185791015625e-07,0.06986880302429199,True,6,None
K?`eeg}]dq\\_,2.384185791015625e-07,0.03943657875061035,True,3,None
K?`eeg}NfQ^?,0.0,0.023636817932128906,True,3,None
K?`edi{ZbqZO,2.384185791015625e-07,0.013504743576049805,True,1,None
K?`ediyrbqN_,2.384185791015625e-07,0.056208133697509766,True,5,None
K?`edhyrbwVG,2.384185791015625e-07,0.03569817543029785,True,5,None
K?`edhyfbq\\_,2.384185791015625e-07,0.034670114517211914,True,3,None
K?`edhmVfoVG,2.384185791015625e-07,0.0111541748046875,True,1,None
K?`edhmNeq^?,2.384185791015625e-07,0.041159629821777344,True,4,None
K?`edi]Zbq^?,4.76837158203125e-07,0.06728887557983398,True,4,None
K?`edh]ybwVG,2.384185791015625e-07,0.07391595840454102,True,7,None
K?`edh]NfQ^?,2.384185791015625e-07,0.015729427337646484,True,2,None
K?`edjhvBsFo,2.384185791015625e-07,0.11013960838317871,True,6,None
K?`edjhma{N_,0.0,0.13535237312316895,True,10,None
K?`edjhfbsN_,2.384185791015625e-07,0.020010948181152344,True,1,None
K?`edjLmbsN_,9.5367431640625e-07,0.02844095230102539,True,2,None
K?`edil^BsZO,2.384185791015625e-07,0.021000385284423828,True,1,None
K?`edilVbs^?,2.384185791015625e-07,0.06636500358581543,True,6,None
K?`edhl^DsZO,2.384185791015625e-07,0.015764236450195312,True,3,None
K?`ebi{z@uZO,2.384185791015625e-07,0.011681079864501953,True,1,None
K?`ebimnBqZO,0.0,0.04355049133300781,True,6,None
K?`ebi]]dw\\G,2.384185791015625e-07,0.033945560455322266,True,1,None
K?`ebi]]dq\\_,3.814697265625e-06,0.015226602554321289,True,2,None
K?`ebh]mdq\\_,2.384185791015625e-07,0.14580106735229492,True,6,None
K?`ebh]jdq^?,2.384185791015625e-07,0.0336456298828125,True,3,None
K?`ebg}meq\\_,2.384185791015625e-07,0.016481399536132812,True,2,None
K?`ebilfbs^?,2.384185791015625e-07,0.03458356857299805,True,2,None
K?`ebilVds^?,2.384185791015625e-07,0.03827071189880371,True,5,None
K?`ebilNfoZO,2.384185791015625e-07,0.12090659141540527,True,9,None
K?`eeZwn@uMo,2.384185791015625e-07,0.10328817367553711,True,7,None
K?`eeZsnBsFW,2.384185791015625e-07,0.08051371574401855,True,7,None
K?`edZw}?}Mo,2.384185791015625e-07,0.07060027122497559,True,3,None
K?`edY{{bsJg,2.384185791015625e-07,0.11901235580444336,True,8,None
K?`edX{tbsVG,4.76837158203125e-07,0.04914665222167969,True,3,None
K?`edX{\\esVG,4.76837158203125e-07,0.08522558212280273,True,5,None
K?`edX{VfcVG,2.384185791015625e-07,0.051238298416137695,True,3,None
K?`edZqfbqN_,2.384185791015625e-07,0.014761686325073242,True,1,None
K?`edYy}AyMo,2.384185791015625e-07,0.026144027709960938,True,3,None
K?`edYy{bwJg,4.76837158203125e-07,0.05839180946350098,True,6,None
K?`edYytbwNG,2.384185791015625e-07,0.003462076187133789,True,1,None
K?`edX]|BsVG,0.0,0.031908512115478516,True,4,None
K?`edW}|BqZO,2.384185791015625e-07,0.11056184768676758,True,6,None
K?`edZTmbwNO,2.384185791015625e-07,0.04736661911010742,True,3,None
K?`edZTNbs^?,2.384185791015625e-07,0.04129505157470703,True,3,None
K?`ebZsv@uVO,4.76837158203125e-07,0.015030384063720703,True,3,None
K?`ebX{tdsVG,2.384185791015625e-07,0.04595160484313965,True,4,None
K?`ebZq]dwRg,2.384185791015625e-07,0.04377031326293945,True,3,None
K?`ebZqVdqV_,2.384185791015625e-07,0.11026525497436523,True,9,None
K?`ebYunFoJW,2.384185791015625e-07,0.02081918716430664,True,1,None
K?`ebYunBqZO,2.384185791015625e-07,0.11151790618896484,True,7,None
K?`ebY]mfoMg,2.384185791015625e-07,0.017615318298339844,True,1,None
K?`eczw}@]Mo,2.384185791015625e-07,0.021575212478637695,True,2,None
K?`eczilbqN_,4.76837158203125e-07,0.06904315948486328,True,6,None
K?`ecyy}BYMo,2.384185791015625e-07,0.013910293579101562,True,1,None
K?`ecyyxbwNG,2.384185791015625e-07,0.030640602111816406,True,1,None
K?`ecze]bwVG,4.76837158203125e-07,0.13065862655639648,True,14,None
K?`ecyuZbq^?,2.384185791015625e-07,0.028924226760864258,True,1,None
K?`ecxu]dq\\_,2.384185791015625e-07,0.059592247009277344,True,4,None
K?`ecxm{bwVG,2.384185791015625e-07,0.01837611198425293,True,1,None
K?`ecxm]fgVG,2.384185791015625e-07,0.11135220527648926,True,9,None
K?`ecxm]dw]G,2.384185791015625e-07,0.10243701934814453,True,5,None
K?`ecw}{bq\\_,2.384185791015625e-07,0.040073394775390625,True,2,None
K?`ecw}]fa\\_,2.384185791015625e-07,0.0189664363861084,True,1,None
K?`ecw}xbq^?,2.384185791015625e-07,0.03959178924560547,True,5,None
K?`ecw}Zfa^?,2.384185791015625e-07,0.0408778190612793,True,2,None
K?`eczh{bwFo,4.76837158203125e-07,0.07608699798583984,True,5,None
K?`eczd^BsVO,2.384185791015625e-07,0.03939461708068848,True,2,None
K?`eczdNbs^?,2.384185791015625e-07,0.015556812286376953,True,1,None
K?`ecytybsN_,2.384185791015625e-07,0.018514156341552734,True,1,None
K?`ecytZfoNO,2.384185791015625e-07,0.021792173385620117,True,2,None
K?`ecyl}BsMo,2.384185791015625e-07,0.054434776306152344,True,7,None
K?`ecyl|BsNO,2.384185791015625e-07,0.033452749252319336,True,5,None
K?`ecxl|BsVO,2.384185791015625e-07,0.041436195373535156,True,3,None
K?`ecxllbs^?,0.0,0.013939142227172852,True,1,None
K?`eayyydwMg,2.384185791015625e-07,0.05938434600830078,True,3,None
K?`eayyNfQ]_,2.384185791015625e-07,0.018113136291503906,True,2,None
K?`eazemdwNG,0.0,0.12707853317260742,True,12,None
K?`eayunBq\\O,2.384185791015625e-07,0.04228544235229492,True,3,None
K?`eayu]dq\\_,0.0,0.03595232963562012,True,3,None
K?`eaymnBq]O,2.384185791015625e-07,0.040129661560058594,True,1,None
K?`eaymmfoMg,2.384185791015625e-07,0.011996984481811523,True,2,None
K?`eaxm}DqUo,2.384185791015625e-07,0.010953903198242188,True,1,None
K?`eazp^DsTo,0.0,0.08303403854370117,True,4,None
K?`eazp]dwTo,2.384185791015625e-07,0.030375003814697266,True,4,None
K?`eazh^DsUo,2.384185791015625e-07,0.09300661087036133,True,3,None
K?`eaytNfS^?,2.384185791015625e-07,0.03396725654602051,True,1,None
K?`eaxtmds\\_,2.384185791015625e-07,0.01566600799560547,True,2,None
K?`eayl}FcFo,4.76837158203125e-07,0.05142998695373535,True,3,None
K?`eayf]foV_,2.384185791015625e-07,0.030385494232177734,True,4,None
K?`e`zsjbqZO,2.384185791015625e-07,0.011286258697509766,True,3,None
K?`e`zsfbq\\O,2.384185791015625e-07,0.1494889259338379,True,17,None
K?`e`x{tds\\G,2.384185791015625e-07,0.015445709228515625,True,1,None
K?`e`zqydwJg,4.76837158203125e-07,0.14228367805480957,True,13,None
K?`e`zqybwRg,2.384185791015625e-07,0.014318704605102539,True,1,None
K?`e`zqmbwXg,2.384185791015625e-07,0.12739157676696777,True,8,None
K?`e`zq]dwXg,2.384185791015625e-07,0.011011600494384766,True,1,None
K?`e`zqVdq\\_,2.384185791015625e-07,0.039864301681518555,True,3,None
K?`e`zqNeq\\_,2.384185791015625e-07,0.06309199333190918,True,3,None
K?`e`yyyewMg,2.384185791015625e-07,0.1484663486480713,True,10,None
K?`e`zevBsVG,2.384185791015625e-07,0.1738283634185791,True,6,None
K?`e`zeubwVG,4.76837158203125e-07,0.015515804290771484,True,1,None
K?`e`zUnBq\\O,2.384185791015625e-07,0.1042025089263916,True,4,None
K?`e`zU]dw\\G,0.0,0.07440447807312012,True,4,None
K?`e`zU]dq\\_,2.384185791015625e-07,0.02544116973876953,True,3,None
K?`e`yu]eq\\_,2.384185791015625e-07,0.0062694549560546875,True,1,None
K?`e`zMnBq]O,2.384185791015625e-07,0.014757156372070312,True,2,None
K?`e`zMmfoMg,4.76837158203125e-07,0.003977060317993164,True,1,None
K?`e`zM]fgVG,0.0,0.003370523452758789,True,1,None
K?`e`zM\\foVG,2.384185791015625e-07,0.03936409950256348,True,5,None
K?`e`xmtfoVG,2.384185791015625e-07,0.003548860549926758,True,1,None
K?`e`xmleq^?,0.0,0.018115758895874023,True,2,None
K?`e`y]yfoMg,0.0,0.0034418106079101562,True,1,None
K?`e`y]]fa\\_,0.0,0.12955212593078613,True,6,None
K?`e`x]xfoVG,2.384185791015625e-07,0.1000974178314209,True,6,None
K?`e`w}vFc\\G,2.384185791015625e-07,0.0872654914855957,True,3,None
K?`e`zpnB[ZO,4.76837158203125e-07,0.013708829879760742,True,2,None
K?`e`zp]d[Z_,2.384185791015625e-07,0.03486275672912598,True,5,None
K?`e`zpVds\\_,2.384185791015625e-07,0.019655466079711914,True,3,None
K?`e`zpNes\\_,4.76837158203125e-07,0.021969079971313477,True,3,None
K?`e`zh|A{VO,2.384185791015625e-07,0.014196395874023438,True,1,None
K?`e`zh|@{ZO,2.384185791015625e-07,0.017659902572631836,True,3,None
K?`e`zhmewMo,2.384185791015625e-07,0.009756088256835938,True,1,None
K?`e`zhlbwZO,0.0,0.06845736503601074,True,5,None
K?`e`zXnFSMo,2.384185791015625e-07,0.03259921073913574,True,2,None
K?`e`zXjbs]_,2.384185791015625e-07,0.0323338508605957,True,2,None
K?`e`yx|B[ZO,7.152557373046875e-07,0.011838912963867188,True,2,None
K?`e`yxzBkZO,2.384185791015625e-07,0.012758016586303711,True,2,None
K?`e`yxvFSMo,2.384185791015625e-07,0.03341817855834961,True,2,None
K?`e`zdvDsNO,2.384185791015625e-07,0.12750458717346191,True,10,None
K?`e`zdnBsZO,2.384185791015625e-07,0.06708550453186035,True,4,None
K?`e`zdffoNO,2.384185791015625e-07,0.010608196258544922,True,1,None
K?`e`zdVfoVO,2.384185791015625e-07,0.0294342041015625,True,1,None
K?`e`zT]ds\\_,9.5367431640625e-07,0.036463022232055664,True,2,None
K?`e`yt^FSZO,2.384185791015625e-07,0.014458417892456055,True,2,None
K?`e`ytrbs^?,4.76837158203125e-07,0.04782748222351074,True,3,None
K?`e`xtzDsZO,2.384185791015625e-07,0.03169608116149902,True,4,None
K?`e`xtnFSZO,2.384185791015625e-07,0.018431663513183594,True,2,None
K?`e`ylvBs]O,2.384185791015625e-07,0.0451657772064209,True,4,None
K?`e`yltbs^?,4.76837158203125e-07,0.06087040901184082,True,4,None
K?`e`ylVfc^?,2.384185791015625e-07,0.012047767639160156,True,2,None
K?`e`y\\xbs^?,2.384185791015625e-07,0.015223503112792969,True,1,None
K?`e`y\\Zfo]O,0.0,0.015319108963012695,True,1,None
K?`e`w|{fSZ_,2.384185791015625e-07,0.06296682357788086,True,6,None
K?`e`w|tfS^?,0.0,0.05001354217529297,True,7,None
K?`e`w|rfc^?,4.76837158203125e-07,0.010595083236694336,True,3,None
K?`e`zbnBwZO,2.384185791015625e-07,0.08960485458374023,True,5,None
K?`e`zbfbw^?,2.384185791015625e-07,0.10295271873474121,True,12,None
K?`e`zRmbw\\_,2.384185791015625e-07,0.013039827346801758,True,1,None
K?`e`yj}EwMo,2.384185791015625e-07,0.016838550567626953,True,1,None
K?`e`yj]ew]_,2.384185791015625e-07,0.054398536682128906,True,4,None
K?`e`yfvFoNO,2.384185791015625e-07,0.18289995193481445,True,7,None
K?`e`yf^FoZO,2.384185791015625e-07,0.1392836570739746,True,13,None
K?`e`xfmew^?,2.384185791015625e-07,0.042473793029785156,True,2,None
K?`e`yV]fo\\_,4.76837158203125e-07,0.031176328659057617,True,3,None
K?`e`xN|FoVO,2.384185791015625e-07,0.01395869255065918,True,1,None
K?`efFwv@{Fg,2.384185791015625e-07,0.1429576873779297,True,11,None
K?`efE{nAyNO,2.384185791015625e-07,0.07846856117248535,True,7,None
K?`efD{^DwRW,2.384185791015625e-07,0.018824338912963867,True,1,None
K?`efE\\mbwN_,2.384185791015625e-07,0.013155460357666016,True,1,None
K?`eefin@yN_,2.384185791015625e-07,0.06140947341918945,True,2,None
K?`eedm}@yV_,2.384185791015625e-07,0.12809157371520996,True,8,None
K?`edemvBwNG,2.384185791015625e-07,0.13738584518432617,True,10,None
K?`edd]mRw\\_,4.76837158203125e-07,0.15211129188537598,True,9,None
K?`edc}yRwZ_,2.384185791015625e-07,0.01900935173034668,True,2,None
K?`edc}rRw^?,4.76837158203125e-07,0.06851673126220703,True,5,None
K?`edc}ZVoZ_,2.384185791015625e-07,0.02138829231262207,True,3,None
K?`eeVpn@{N_,2.384185791015625e-07,0.014493227005004883,True,1,None
K?`edU{}AyMo,2.384185791015625e-07,0.021518707275390625,True,3,None
K?`edT{^FgRW,2.384185791015625e-07,0.07602977752685547,True,4,None
K?`edUu]RwZ_,2.384185791015625e-07,0.022731304168701172,True,4,None
K?`edS}VVg^?,4.76837158203125e-07,0.022777795791625977,True,3,None
K?`edVpvBwFo,2.384185791015625e-07,0.05569005012512207,True,4,None
K?`edVXnBwMo,2.384185791015625e-07,0.017017364501953125,True,2,None
K?`edTtnBwZO,2.384185791015625e-07,0.16292762756347656,True,13,None
K?`edT\\{bwV_,4.76837158203125e-07,0.020247936248779297,True,4,None
K?`edT\\]fgV_,2.384185791015625e-07,0.010935306549072266,True,1,None
K?`ebT{|DwRW,4.76837158203125e-07,0.012424707412719727,True,2,None
K?`ebT{vDkVG,2.384185791015625e-07,0.011047840118408203,True,1,None
K?`ebVU^DwVG,2.384185791015625e-07,0.06714916229248047,True,5,None
K?`ebVU]TwV_,4.76837158203125e-07,0.013178825378417969,True,2,None
K?`ebVUNTw^?,2.384185791015625e-07,0.09360694885253906,True,8,None
K?`ebS}mVgZ_,2.384185791015625e-07,0.051148414611816406,True,5,None
K?`ebVpnDwJo,2.384185791015625e-07,0.028845787048339844,True,3,None
K?`ebVT}DwFo,2.384185791015625e-07,0.009726285934448242,True,1,None
K?`ebVT^DwVO,2.384185791015625e-07,0.07131218910217285,True,6,None
K?`ebUtnBwZO,4.76837158203125e-07,0.01631021499633789,True,1,None
K?`ebUtfbw^?,2.384185791015625e-07,0.012002944946289062,True,1,None
K?`ebS|{dwZ_,2.384185791015625e-07,0.0827789306640625,True,6,None
K?`ecuu]Rw\\_,2.384185791015625e-07,0.12406301498413086,True,6,None
K?`ectu]Tw\\_,2.384185791015625e-07,0.07573890686035156,True,5,None
K?`ectuNVo\\_,2.384185791015625e-07,0.05902361869812012,True,2,None
K?`ectm|BwVG,2.384185791015625e-07,0.011827468872070312,True,3,None
K?`ecs}{Rw\\_,2.384185791015625e-07,0.01423335075378418,True,1,None
K?`ecutZbw^?,2.384185791015625e-07,0.060469627380371094,True,5,None
K?`ecttmbw\\_,2.384185791015625e-07,0.014388322830200195,True,1,None
K?`ecul|BwNO,2.384185791015625e-07,0.04304814338684082,True,3,None
K?`ecs|{bw\\_,2.384185791015625e-07,0.014001131057739258,True,2,None
K?`ecs|]fg\\_,2.384185791015625e-07,0.04865837097167969,True,2,None
K?`eavqjTwN_,1.1920928955078125e-06,0.05237126350402832,True,4,None
K?`eave^DqV_,4.76837158203125e-07,0.013500213623046875,True,2,None
K?`eauuyTwN_,2.384185791015625e-07,0.1465013027191162,True,10,None
K?`eauumRw\\_,0.0,0.04811596870422363,True,4,None
K?`eauujRw^?,4.76837158203125e-07,0.12156176567077637,True,9,None
K?`eauuNVo\\_,2.384185791015625e-07,0.15482687950134277,True,7,None
K?`eatumTw\\_,4.76837158203125e-07,0.1588139533996582,True,22,None
K?`eas}yTw]_,2.384185791015625e-07,0.019226789474487305,True,1,None
K?`eas}xTw^?,2.384185791015625e-07,0.11983585357666016,True,8,None
K?`eas}lVo\\_,2.384185791015625e-07,0.055852651596069336,True,3,None
K?`eas}jVg^?,4.76837158203125e-07,0.012305974960327148,True,1,None
K?`eavb^DwV_,2.384185791015625e-07,0.06409335136413574,True,6,None
K?`e`uyvFWMg,2.384185791015625e-07,0.05747818946838379,True,5,None
K?`e`vU^Dw\\G,1.049041748046875e-05,0.027082204818725586,True,3,None
K?`e`vUmRw\\_,2.384185791015625e-07,0.055701494216918945,True,4,None
K?`e`vUZTw^?,2.384185791015625e-07,0.10888242721557617,True,9,None
K?`e`uuyRwZ_,2.384185791015625e-07,0.17462873458862305,True,12,None
K?`e`uuuRw\\_,2.384185791015625e-07,0.16126537322998047,True,7,None
K?`e`uuZVoZ_,2.384185791015625e-07,0.016739606857299805,True,3,None
K?`e`vM^FgVG,2.384185791015625e-07,0.04443693161010742,True,4,None
K?`e`tmvFgVG,4.76837158203125e-07,0.003846406936645508,True,1,None
K?`e`tm{UwV_,2.384185791015625e-07,0.014934301376342773,True,1,None
K?`e`u]}FWMg,2.384185791015625e-07,0.062174081802368164,True,7,None
K?`e`u]yRw]_,2.384185791015625e-07,0.011986255645751953,True,2,None
K?`e`u]xRw^?,2.384185791015625e-07,0.09582304954528809,True,8,None
K?`e`t]|Dw\\G,2.384185791015625e-07,0.020682096481323242,True,2,None
K?`e`t]mVg\\_,2.384185791015625e-07,0.036318302154541016,True,5,None
K?`e`t]jVg^?,2.384185791015625e-07,0.03319549560546875,True,3,None
K?`e`s}}FgXg,2.384185791015625e-07,0.012454748153686523,True,1,None
K?`e`s}yUw]_,2.384185791015625e-07,0.02252984046936035,True,4,None
K?`e`uN|FoN_,2.384185791015625e-07,0.02019524574279785,True,2,None
K?`ec\\{|BqVO,7.152557373046875e-07,0.011779546737670898,True,1,None
K?`ec^q]RwV_,4.76837158203125e-07,0.01408243179321289,True,1,None
K?`ec\\y]VgV_,2.384185791015625e-07,0.01621699333190918,True,2,None
K?`ec]u}BwNG,2.384185791015625e-07,0.010676383972167969,True,1,None
K?`ec[}{VoN_,2.384185791015625e-07,0.07333827018737793,True,3,None
K?`bfbwZcyRo,2.384185791015625e-07,0.11866998672485352,True,6,None
K?`bfb[VdsTg,0.0,0.012382268905639648,True,2,None
K?`bf`{ycyRo,2.384185791015625e-07,0.03101038932800293,True,2,None
K?`bfbYZdwRg,2.384185791015625e-07,0.18450713157653809,True,15,None
K?`bfa]fbq\\_,2.384185791015625e-07,0.1685173511505127,True,9,None
K?`bfa]Vdq\\_,2.384185791015625e-07,0.020920753479003906,True,1,None
K?`bfbhVdwRo,2.384185791015625e-07,0.06237530708312988,True,3,None
K?`bfRs}?}Ro,2.384185791015625e-07,0.020498037338256836,True,3,None
K?`bfRs^C{RW,2.384185791015625e-07,0.013889074325561523,True,1,None
K?`bfRsVdsRg,2.384185791015625e-07,0.06731534004211426,True,6,None
K?`bfR[udiFo,0.0,0.01443791389465332,True,2,None
K?`bfRUu`yV_,2.384185791015625e-07,0.04105830192565918,True,5,None
K?`bfRUmewFg,2.384185791015625e-07,0.006272554397583008,True,1,None
K?`bfPtvC{VO,0.0,0.018139123916625977,True,2,None
K?`berqr`yV_,2.384185791015625e-07,0.051605939865112305,True,3,None
K?`beqyjewMg,2.384185791015625e-07,0.06952929496765137,True,4,None
K?`berevDsFg,2.384185791015625e-07,0.014809608459472656,True,3,None
K?`berU^DsTg,2.384185791015625e-07,0.0531926155090332,True,5,None
K?`berUy`yV_,2.384185791015625e-07,0.01636195182800293,True,2,None
K?`berUZdqV_,2.384185791015625e-07,0.11883711814880371,True,16,None
K?`bequjbwZG,2.384185791015625e-07,0.04578232765197754,True,3,None
K?`bequZdwZG,2.384185791015625e-07,0.11116909980773926,True,9,None
K?`bequVdq\\_,7.152557373046875e-07,0.0751183032989502,True,6,None
K?`bequNeq\\_,2.384185791015625e-07,0.0781850814819336,True,6,None
K?`bepujdwZG,2.384185791015625e-07,0.046001434326171875,True,4,None
K?`berpv@{To,0.0,0.04400897026062012,True,5,None
K?`berpVd[V_,2.384185791015625e-07,0.10843896865844727,True,5,None
K?`berht`{V_,2.384185791015625e-07,0.04282522201538086,True,4,None
K?`beptyc{V_,2.384185791015625e-07,0.010814905166625977,True,1,None
K?`beptud[V_,2.384185791015625e-07,0.096160888671875,True,9,None
K?`beptrdsV_,2.384185791015625e-07,0.13259482383728027,True,11,None
K?`beql}EkFo,2.384185791015625e-07,0.014455556869506836,True,3,None
K?`beql{dwJo,2.384185791015625e-07,0.020032882690429688,True,5,None
K?`beqlufgFo,2.384185791015625e-07,0.1280832290649414,True,9,None
K?`beprvD[V_,2.384185791015625e-07,0.05527973175048828,True,3,None
K?`bepfvDsV_,2.384185791015625e-07,0.012927770614624023,True,2,None
K?`beovmew\\_,2.384185791015625e-07,0.014312267303466797,True,2,None
K?`bfJ[VdsVG,2.384185791015625e-07,0.1379246711730957,True,10,None
K?`bfH{}CuRo,2.384185791015625e-07,0.004051923751831055,True,1,None
K?`bfHy}CyRo,2.384185791015625e-07,0.003961324691772461,True,1,None
K?`bejwrdqFo,4.76837158203125e-07,0.016370534896850586,True,2,None
K?`bejYydwFg,2.384185791015625e-07,0.011943817138671875,True,2,None
K?`behyudYV_,2.384185791015625e-07,0.003791332244873047,True,1,None
K?`behyrdqV_,2.384185791015625e-07,0.08288407325744629,True,7,None
K?`behyfdq\\_,4.76837158203125e-07,0.11319875717163086,True,7,None
K?`beimmbwZG,2.384185791015625e-07,0.03195023536682129,True,4,None
K?`behmvDqVO,2.384185791015625e-07,0.014590978622436523,True,3,None
K?`behmnDsZG,0.0,0.01724100112915039,True,1,None
K?`beh]ydqV_,2.384185791015625e-07,0.01632857322692871,True,3,None
K?`beh]mdq\\_,0.0,0.014698982238769531,True,3,None
K?`beg}nFSZG,4.76837158203125e-07,0.02167344093322754,True,3,None
K?`beg}udq\\_,2.384185791015625e-07,0.01779317855834961,True,3,None
K?`beg}meq\\_,4.76837158203125e-07,0.17766118049621582,True,27,None
K?`bejhfdwNO,2.384185791015625e-07,0.037184715270996094,True,3,None
K?`behxnDsXo,2.384185791015625e-07,0.16094613075256348,True,9,None
K?`behxjdwZO,4.76837158203125e-07,0.0710911750793457,True,6,None
K?`beil]foRo,2.384185791015625e-07,0.003727436065673828,True,1,None
K?`behlfds^?,2.384185791015625e-07,0.049860239028930664,True,3,None
K?`beh\\jds^?,2.384185791015625e-07,0.03841686248779297,True,2,None
K?`beg|rfoVO,7.152557373046875e-07,0.0035839080810546875,True,1,None
K?`beg|ffo\\O,2.384185791015625e-07,0.04861950874328613,True,5,None
K?`behjudwV_,2.384185791015625e-07,0.03518199920654297,True,6,None
K?`bbi]udq\\_,2.384185791015625e-07,0.007956266403198242,True,2,None
K?`beZwudiFo,0.0,0.06608247756958008,True,5,None
K?`beZqudwFg,2.384185791015625e-07,0.0038886070251464844,True,1,None
K?`beZq]cyV_,2.384185791015625e-07,0.1613016128540039,True,12,None
K?`beZqVdqV_,2.384185791015625e-07,0.02170705795288086,True,1,None
K?`beYu^DsZG,2.384185791015625e-07,0.0642709732055664,True,7,None
K?`beYuNfoZG,2.384185791015625e-07,0.01942753791809082,True,1,None
K?`beZp^C{VO,2.384185791015625e-07,0.16930675506591797,True,12,None
K?`beZp]c{V_,2.384185791015625e-07,0.056878089904785156,True,6,None
K?`beXtvDsVO,2.384185791015625e-07,0.09219956398010254,True,9,None
K?`beXtfds^?,2.384185791015625e-07,0.06998300552368164,True,9,None
K?`bczsffoLW,0.0,0.012401342391967773,True,2,None
K?`bczqyewFg,2.384185791015625e-07,0.012045621871948242,True,2,None
K?`bczqudwLg,2.384185791015625e-07,0.1300499439239502,True,11,None
K?`bczqrbwVG,2.384185791015625e-07,0.1404433250427246,True,7,None
K?`bczqfbq\\_,2.384185791015625e-07,0.049596548080444336,True,2,None
K?`bcze^EsVG,4.76837158203125e-07,0.04095578193664551,True,3,None
K?`bczpVds\\_,2.384185791015625e-07,0.006177663803100586,True,1,None
K?`bczdVds^?,2.384185791015625e-07,0.10452651977539062,True,10,None
K?`bczT^FSVO,2.384185791015625e-07,0.03921866416931152,True,1,None
K?`bczT]ds\\_,2.384185791015625e-07,0.012590646743774414,True,1,None
K?`bczTjbs^?,2.384185791015625e-07,0.1117546558380127,True,7,None
K?`bczTZfoVO,2.384185791015625e-07,0.06807827949523926,True,2,None
K?`bcxtvFSVO,2.384185791015625e-07,0.014215230941772461,True,1,None
K?`bcxtuds\\_,2.384185791015625e-07,0.05052518844604492,True,2,None
K?`bcxtffo\\O,2.384185791015625e-07,0.020250320434570312,True,2,None
K?`bczL|DsNO,2.384185791015625e-07,0.12423396110534668,True,8,None
K?`bczLlbs^?,2.384185791015625e-07,0.12717843055725098,True,5,None
K?`bcy\\{bs\\_,2.384185791015625e-07,0.10383749008178711,True,8,None
K?`bcy\\xbs^?,4.76837158203125e-07,0.14830946922302246,True,8,None
K?`bczbudwN_,4.76837158203125e-07,0.01566457748413086,True,2,None
K?`bczJ}FgFo,2.384185791015625e-07,0.019744396209716797,True,4,None
K?`bczJmfgN_,2.384185791015625e-07,0.02448248863220215,True,3,None
K?`bczF^Ds^?,2.384185791015625e-07,0.03288626670837402,True,2,None
K?`bcxfudw^?,2.384185791015625e-07,0.07776403427124023,True,8,None
K?`bcxVnFo\\O,2.384185791015625e-07,0.16165399551391602,True,10,None
K?`bcxVmfo\\_,2.384185791015625e-07,0.15828466415405273,True,4,None
K?`bfDxvC{V_,2.384185791015625e-07,0.03660416603088379,True,2,None
K?`bedyrTwV_,2.384185791015625e-07,0.14792919158935547,True,5,None
K?`bedyjTwZ_,4.76837158203125e-07,0.07413053512573242,True,2,None
K?`bee]ZTw^?,2.384185791015625e-07,0.018182754516601562,True,2,None
K?`bed]jTw^?,2.384185791015625e-07,0.11709141731262207,True,8,None
K?`bedlmdwZ_,2.384185791015625e-07,0.1184849739074707,True,4,None
K?`bed\\jdw^?,0.0,0.034778594970703125,True,3,None
K?`bec|}DwXo,2.384185791015625e-07,0.07994365692138672,True,7,None
K?`bec|ydwZ_,2.384185791015625e-07,0.16517424583435059,True,12,None
K?`bec|jfoZ_,2.384185791015625e-07,0.007989168167114258,True,2,None
K?`bec|ffo\\_,2.384185791015625e-07,0.050374746322631836,True,3,None
K?`beeN^Dw^?,2.384185791015625e-07,0.13731932640075684,True,6,None
K?`bbfivCyV_,2.384185791015625e-07,0.04693794250488281,True,6,None
K?`bbeNvFoV_,2.384185791015625e-07,0.0600590705871582,True,6,None
K?`beUtudwN_,2.384185791015625e-07,0.046881675720214844,True,5,None
K?`beUtmbwZ_,2.384185791015625e-07,0.0540919303894043,True,3,None
K?`beTtmdwZ_,2.384185791015625e-07,0.12211489677429199,True,5,None
K?`bcvqrTwN_,0.0,0.07485294342041016,True,4,None
K?`bcvU^FWVG,4.76837158203125e-07,0.12185811996459961,True,7,None
K?`bcvU]Tw\\_,4.76837158203125e-07,0.01712942123413086,True,5,None
K?`bcvUjVoN_,2.384185791015625e-07,0.06074070930480957,True,4,None
K?`bcvUNVo\\_,2.384185791015625e-07,0.010554790496826172,True,1,None
K?`bcvM|BwVG,2.384185791015625e-07,0.01841568946838379,True,3,None
K?`bcvdudwN_,2.384185791015625e-07,0.011757373809814453,True,1,None
K?`bcvd]ewV_,2.384185791015625e-07,0.046579837799072266,True,3,None
K?`bcvTybwV_,2.384185791015625e-07,0.010808706283569336,True,1,None
K?`bcvTmbw\\_,2.384185791015625e-07,0.055149078369140625,True,5,None
K?`bcvT]dw\\_,2.384185791015625e-07,0.04380631446838379,True,4,None
K?`bcvTZdw^?,2.384185791015625e-07,0.01743602752685547,True,2,None
K?`bcttudw\\_,0.0,0.020331621170043945,True,3,None
K?`bcttffo\\_,2.384185791015625e-07,0.0945587158203125,True,4,None
K?`bcu\\|Bw\\O,0.0,0.10815072059631348,True,6,None
K?`bcu\\xbw^?,2.384185791015625e-07,0.10791873931884766,True,7,None
K?`bcuZ|Bw\\_,2.384185791015625e-07,0.25974130630493164,True,32,None
K?`beMymUwN_,2.384185791015625e-07,0.004783153533935547,True,1,None
K?`beM]^Dq^?,2.384185791015625e-07,0.012882471084594727,True,1,None
K?`beK}nFoZG,2.384185791015625e-07,0.14235305786132812,True,4,None
K?`beK}mVoZ_,2.384185791015625e-07,0.045617103576660156,True,6,None
K?`beLx}C{V_,2.384185791015625e-07,0.029959440231323242,True,3,None
K?`beLxudwV_,2.384185791015625e-07,0.015284299850463867,True,3,None
K?`bc^s^EsVG,4.76837158203125e-07,0.018186330795288086,True,2,None
K?`bc^q^EwVG,2.384185791015625e-07,0.01632237434387207,True,2,None
K?`bc^T^FoVO,2.384185791015625e-07,0.003846406936645508,True,1,None
K?`bc^T]dw^?,0.0,0.1604633331298828,True,10,None
K?`bc]\\|Bs^?,4.76837158203125e-07,0.0519559383392334,True,3,None
K?`bc]Z|Bw^?,2.384185791015625e-07,0.01382136344909668,True,1,None
K?`eVbwfbkFg,2.384185791015625e-07,0.05251455307006836,True,4,None
K?`eVbs^@{RW,2.384185791015625e-07,0.04303097724914551,True,4,None
K?`eVb[}@{Ew,2.384185791015625e-07,0.020627975463867188,True,2,None
K?`eVb[{`yFo,2.384185791015625e-07,0.022855043411254883,True,3,None
K?`eVa{layNO,2.384185791015625e-07,0.1293656826019287,True,9,None
K?`eV`{^DkRW,2.384185791015625e-07,0.0037097930908203125,True,1,None
K?`eV`{^CmVO,2.384185791015625e-07,0.018957853317260742,True,2,None
K?`eV`{]c{Ug,2.384185791015625e-07,0.0037736892700195312,True,1,None
K?`eVbYn@{Mg,2.384185791015625e-07,0.054734230041503906,True,5,None
K?`eVaytbwFg,0.0,0.011797189712524414,True,2,None
K?`eVaylbwJg,2.384185791015625e-07,0.13074612617492676,True,7,None
K?`eV`yt`yV_,2.384185791015625e-07,0.05060601234436035,True,5,None
K?`eVbU}@yFo,2.384185791015625e-07,0.09157800674438477,True,5,None
K?`eVa]{bwFg,2.384185791015625e-07,0.042616844177246094,True,3,None
K?`eVa]NfoMg,2.384185791015625e-07,0.0800013542175293,True,7,None
K?`eVbpnA{Fo,2.384185791015625e-07,0.12577509880065918,True,9,None
K?`eVaxv@{Mo,2.384185791015625e-07,0.016397714614868164,True,3,None
K?`eVax^@{Yo,4.76837158203125e-07,0.017234086990356445,True,3,None
K?`eVbTn@{NO,2.384185791015625e-07,0.014730215072631836,True,2,None
K?`eVa\\]bwUo,2.384185791015625e-07,0.014152050018310547,True,1,None
K?`eV`\\{dwFo,2.384185791015625e-07,0.12090706825256348,True,12,None
K?`eV`VnDwNO,2.384185791015625e-07,0.01479339599609375,True,2,None
K?`eUrqlbwFg,2.384185791015625e-07,0.016822338104248047,True,1,None
K?`eTrwnBkIw,2.384185791015625e-07,0.028103351593017578,True,2,None
K?`eTrqfbwMg,4.76837158203125e-07,0.042046308517456055,True,6,None
K?`eTrqNbwYg,2.384185791015625e-07,0.013835906982421875,True,1,None
K?`eTrUmbwMg,7.152557373046875e-07,0.015157699584960938,True,1,None
K?`eTputbwVG,4.76837158203125e-07,0.07655787467956543,True,5,None
K?`eTpu\\ewVG,0.0,0.14430546760559082,True,11,None
K?`eTrT}@{Mo,4.76837158203125e-07,0.011034488677978516,True,1,None
K?`eTrTlbwNO,2.384185791015625e-07,0.056014299392700195,True,3,None
K?`eUjqm`yN_,2.384185791015625e-07,0.025804996490478516,True,3,None
K?`eUiy}@{Mg,0.0,0.011178016662597656,True,1,None
K?`eUiymbwMg,4.76837158203125e-07,0.13457036018371582,True,15,None
K?`eUiuNbq^?,2.384185791015625e-07,0.04164242744445801,True,4,None
K?`eTj[mbkNG,2.384185791015625e-07,0.014312267303466797,True,1,None
K?`eTj[\\bsVG,1.6689300537109375e-06,0.01109933853149414,True,1,None
K?`eTh{|@uZO,0.0,0.08387875556945801,True,8,None
K?`eTh{^DeZO,2.384185791015625e-07,0.12753558158874512,True,9,None
K?`eTh{\\dqZO,2.384185791015625e-07,0.07168197631835938,True,3,None
K?`eTiy}A{Mg,2.384185791015625e-07,0.0195770263671875,True,5,None
K?`eThytbwVG,2.384185791015625e-07,0.015496015548706055,True,1,None
K?`eThuNeq^?,2.384185791015625e-07,0.017565011978149414,True,3,None
K?`eTi]{bwNG,2.384185791015625e-07,0.01118922233581543,True,1,None
K?`eTh]\\foVG,0.0,0.014036417007446289,True,3,None
K?`eTjp}A{Fo,0.0,0.011556863784790039,True,1,None
K?`eTjpv@{NO,4.76837158203125e-07,0.11205315589904785,True,9,None
K?`eTjpnA{NO,2.384185791015625e-07,0.07831954956054688,True,5,None
K?`eThx|@{ZO,2.384185791015625e-07,0.044698238372802734,True,2,None
K?`eThx^DkZO,2.384185791015625e-07,0.07640886306762695,True,5,None
K?`eThx\\dwZO,0.0,0.005942583084106445,True,1,None
K?`eTjTNbs^?,2.384185791015625e-07,0.03938865661621094,True,4,None
K?`eTitVbs^?,2.384185791015625e-07,0.011407136917114258,True,1,None
K?`eTi\\\\bs^?,4.76837158203125e-07,0.18102598190307617,True,10,None
K?`eTh\\lfoNO,2.384185791015625e-07,0.06276869773864746,True,4,None
K?`eTh\\\\foVO,2.384185791015625e-07,0.012613058090209961,True,2,None
K?`eTh\\Nfc^?,4.76837158203125e-07,0.0205686092376709,True,2,None
K?`eTg||BsZO,2.384185791015625e-07,0.014168977737426758,True,1,None
K?`eTg|\\foZO,2.384185791015625e-07,0.022729158401489258,True,2,None
K?`eTjRnBsN_,2.384185791015625e-07,0.09138917922973633,True,9,None
K?`eTjRNfoN_,2.384185791015625e-07,0.09704184532165527,True,5,None
K?`eThr^DwZO,2.384185791015625e-07,0.013367652893066406,True,1,None
K?`eThrNew^?,0.0,0.014465093612670898,True,1,None
K?`eTiZ|BwNO,2.384185791015625e-07,0.1923980712890625,True,15,None
K?`eThZNfo]_,2.384185791015625e-07,0.012887001037597656,True,1,None
K?`eTgztbw^?,2.384185791015625e-07,0.035558223724365234,True,6,None
K?`eTiV}BsN_,0.0,0.016414165496826172,True,1,None
K?`eThV}FoFo,2.384185791015625e-07,0.01912665367126465,True,3,None
K?`eTg^]fo]_,0.0,0.048241376876831055,True,3,None
K?`eRjq]cyV_,2.384185791015625e-07,0.04756331443786621,True,5,None
K?`eRjqVdqV_,2.384185791015625e-07,0.03419208526611328,True,3,None
K?`eRiu^DqZO,2.384185791015625e-07,0.044484853744506836,True,5,None
K?`eRhunDqZO,2.384185791015625e-07,0.07262277603149414,True,7,None
K?`eRi]mfoMg,2.384185791015625e-07,0.18462157249450684,True,28,None
K?`eRjX|@{VO,2.384185791015625e-07,0.14569950103759766,True,6,None
K?`eRitnBsZO,2.384185791015625e-07,0.2613694667816162,True,32,None
K?`eRitNfoZO,0.0,0.015874862670898438,True,1,None
K?`eRhtnDsZO,4.76837158203125e-07,0.12155938148498535,True,17,None
K?`eSyu^FoMW,2.384185791015625e-07,0.015463113784790039,True,1,None
K?`cvb[x`yNO,2.384185791015625e-07,0.015775203704833984,True,3,None
K?`cvbqrbwFg,2.384185791015625e-07,0.015339136123657227,True,3,None
K?`cvbYjbwMg,2.384185791015625e-07,0.05035400390625,True,1,None
K?`cv`ytdwLg,2.384185791015625e-07,0.01604604721069336,True,3,None
K?`cvbUybwFg,0.0,0.09747076034545898,True,5,None
K?`cva]|BqLo,2.384185791015625e-07,0.0800790786743164,True,5,None
K?`cva]ybwMg,4.76837158203125e-07,0.02272820472717285,True,3,None
K?`cva]\\bq\\_,2.384185791015625e-07,0.15218591690063477,True,12,None
K?`cv`]lbq\\_,2.384185791015625e-07,0.08276152610778809,True,6,None
K?`cvbhfbkN_,2.384185791015625e-07,0.050202131271362305,True,5,None
K?`cvbXjbwMo,2.384185791015625e-07,0.015453815460205078,True,3,None
K?`cv`x\\e[V_,2.384185791015625e-07,0.03896379470825195,True,3,None
K?`cv`xrfgFo,4.76837158203125e-07,0.04622244834899902,True,4,None
K?`cvbdv@{NO,2.384185791015625e-07,0.015932083129882812,True,4,None
K?`cvbdfbwNO,0.0,0.014142036437988281,True,1,None
K?`cvbT}@{Lo,2.384185791015625e-07,0.10840868949890137,True,10,None
K?`cvbTnB[NO,2.384185791015625e-07,0.05149555206298828,True,5,None
K?`cvbT^B[VO,2.384185791015625e-07,0.05688190460205078,True,9,None
K?`cvbT^@{\\O,2.384185791015625e-07,0.026924610137939453,True,2,None
K?`cvbTjbwNO,2.384185791015625e-07,0.015827178955078125,True,2,None
K?`cv`\\nFcLo,2.384185791015625e-07,0.013427257537841797,True,3,None
K?`cv`\\nFSMo,2.384185791015625e-07,0.07314538955688477,True,9,None
K?`cv`\\^FKVO,7.152557373046875e-07,0.013148069381713867,True,2,None
K?`cv`\\lfoLo,2.384185791015625e-07,0.013849735260009766,True,1,None
K?`cv`\\\\ds\\_,4.76837158203125e-07,0.04954409599304199,True,4,None
K?`cvbFnBsN_,2.384185791015625e-07,0.0370330810546875,True,5,None
K?`cvaV]bw\\_,2.384185791015625e-07,0.06186223030090332,True,4,None
K?`cv_^]fg\\_,2.384185791015625e-07,0.050668954849243164,True,4,None
K?`cvRUlbqN_,2.384185791015625e-07,0.012369394302368164,True,1,None
K?`cvPu|BwRW,2.384185791015625e-07,0.037070274353027344,True,5,None
K?`cvQ]{biN_,2.384185791015625e-07,0.07380151748657227,True,4,None
K?`cuql{bkN_,2.384185791015625e-07,0.10023975372314453,True,9,None
K?`cvJ[mbsMg,4.76837158203125e-07,0.04770922660827637,True,4,None
K?`cvH{tfoFW,2.384185791015625e-07,0.03588604927062988,True,5,None
K?`cvH{tbqVO,2.384185791015625e-07,0.01209712028503418,True,1,None
K?`cvH{\\eqVO,2.384185791015625e-07,0.039746761322021484,True,3,None
K?`cvH{VfoUW,2.384185791015625e-07,0.012973308563232422,True,2,None
K?`cvH{VfaVO,2.384185791015625e-07,0.012472152709960938,True,2,None
K?`cvJYmbwMg,2.384185791015625e-07,0.05833864212036133,True,2,None
K?`cvI]{bwNG,0.0,0.020606517791748047,True,3,None
K?`cvI]\\foNG,4.76837158203125e-07,0.012505292892456055,True,1,None
K?`cvH]|BsVG,2.384185791015625e-07,0.011596441268920898,True,1,None
K?`cvH]\\dq^?,2.384185791015625e-07,0.07135605812072754,True,6,None
K?`cvI\\\\bs^?,0.0,0.09430432319641113,True,4,None
K?`cui{}BeLo,0.0,0.012110710144042969,True,2,None
K?`cuh{^FEVO,2.384185791015625e-07,0.016485214233398438,True,2,None
K?`cuji}@{Mg,2.384185791015625e-07,0.041646480560302734,True,4,None
K?`cuhymfWMg,2.384185791015625e-07,0.09874248504638672,True,7,None
K?`cuhy\\dq\\_,2.384185791015625e-07,0.06384420394897461,True,4,None
K?`cuhyjfoMg,2.384185791015625e-07,0.011102676391601562,True,2,None
K?`cuiuZbq^?,0.0,0.013701915740966797,True,2,None
K?`cuhu^FQVO,2.384185791015625e-07,0.012946128845214844,True,1,None
K?`cuim{bqN_,2.384185791015625e-07,0.016870975494384766,True,2,None
K?`cuim\\foNG,0.0,0.06777524948120117,True,7,None
K?`cug}{bq\\_,2.384185791015625e-07,0.05302143096923828,True,3,None
K?`cug}]fa\\_,2.384185791015625e-07,0.019793272018432617,True,2,None
K?`cug}\\fQ^?,2.384185791015625e-07,0.1290454864501953,True,10,None
K?`cujhnBsMo,2.384185791015625e-07,0.016873598098754883,True,2,None
K?`cujh{`{N_,2.384185791015625e-07,0.012037038803100586,True,2,None
K?`cujhlbsN_,2.384185791015625e-07,0.013946533203125,True,3,None
K?`cujd^BsVO,2.384185791015625e-07,0.0741276741027832,True,5,None
K?`cujdNbs^?,2.384185791015625e-07,0.01642608642578125,True,4,None
K?`cuil}BsMo,4.76837158203125e-07,0.10627031326293945,True,8,None
K?`cuhllbs^?,0.0,0.14928126335144043,True,12,None
K?`cug|{bs\\_,2.384185791015625e-07,0.041489601135253906,True,2,None
K?`cug|xfoNO,2.384185791015625e-07,0.10383462905883789,True,6,None
K?`crjs^EUVO,2.384185791015625e-07,0.0312960147857666,True,4,None
K?`crjY\\dq\\_,2.384185791015625e-07,0.04056906700134277,True,4,None
K?`crjU^FQVO,2.384185791015625e-07,0.04712080955505371,True,4,None
K?`crjU]dw\\G,4.76837158203125e-07,0.016175270080566406,True,1,None
K?`crjU]dq\\_,2.384185791015625e-07,0.015674591064453125,True,2,None
K?`crhuvFQVO,2.384185791015625e-07,0.11237120628356934,True,8,None
K?`cri]yfoMg,2.384185791015625e-07,0.08284926414489746,True,8,None
K?`crjX|B[VO,2.384185791015625e-07,0.08198332786560059,True,5,None
K?`crjdVfoVO,2.384185791015625e-07,0.1835319995880127,True,14,None
K?`crhtvFSVO,2.384185791015625e-07,0.02155590057373047,True,1,None
K?`crjLlbs^?,2.384185791015625e-07,0.03989124298095703,True,3,None
K?`crjL\\foVO,2.384185791015625e-07,0.05562877655029297,True,5,None
K?`cri\\{bs\\_,2.384185791015625e-07,0.0426332950592041,True,3,None
K?`cri\\xbs^?,2.384185791015625e-07,0.05039525032043457,True,2,None
K?`criZ{bw\\_,2.384185791015625e-07,0.0236508846282959,True,2,None
K?`criZxbw^?,2.384185791015625e-07,0.13592290878295898,True,15,None
K?`crjF^FoVO,0.0,0.13001203536987305,True,10,None
K?`criV]fo\\_,7.152557373046875e-07,0.06469392776489258,True,5,None
K?`criN{foN_,0.0,0.018825531005859375,True,2,None
K?`csxu{bq\\_,4.76837158203125e-07,0.042638301849365234,True,5,None
K?`cvFs^BwRW,2.384185791015625e-07,0.015377283096313477,True,1,None
K?`cvFUNRw^?,4.76837158203125e-07,0.05809354782104492,True,4,None
K?`cvE]|BwNG,2.384185791015625e-07,0.031021833419799805,True,3,None
K?`cuVsnBkNG,2.384185791015625e-07,0.012868642807006836,True,1,None
K?`eNbwVdwFW,4.76837158203125e-07,0.006174564361572266,True,1,None
K?`eN`{^CuVO,2.384185791015625e-07,0.010947465896606445,True,1,None
K?`eN`]mdwNG,2.384185791015625e-07,0.031010866165161133,True,2,None
K?`eN`]]dqV_,0.0,0.1394209861755371,True,10,None
K?`eN_}Neq^?,2.384185791015625e-07,0.04491734504699707,True,5,None
K?`eNbXn@{NO,2.384185791015625e-07,0.013134241104125977,True,2,None
K?`eNaxvBsFo,2.384185791015625e-07,0.047205448150634766,True,4,None
K?`eNaxma{N_,2.384185791015625e-07,0.039492130279541016,True,2,None
K?`eNax]bwRo,2.384185791015625e-07,0.05623650550842285,True,3,None
K?`eNaxNbwZO,2.384185791015625e-07,0.14834332466125488,True,9,None
K?`eNa\\}@{NO,2.384185791015625e-07,0.017847537994384766,True,2,None
K?`eNa\\mbwNO,2.384185791015625e-07,0.016092300415039062,True,1,None
K?`eN_|nBsZO,4.76837158203125e-07,0.06058049201965332,True,4,None
K?`eN_|VfoVO,4.76837158203125e-07,0.08236503601074219,True,4,None
K?`eN_|NfoZO,2.384185791015625e-07,0.06865429878234863,True,5,None
K?`eN`Z^DsV_,2.384185791015625e-07,0.020672321319580078,True,4,None
K?`eN_znBwZO,2.384185791015625e-07,0.04123258590698242,True,5,None
K?`eN_zmbwZ_,2.384185791015625e-07,0.012597084045410156,True,2,None
K?`eN_^^Ds^?,2.384185791015625e-07,0.012772083282470703,True,1,None
K?`eMqynBqMo,0.0,0.06675601005554199,True,4,None
K?`eMqy{bwFg,2.384185791015625e-07,0.04532647132873535,True,4,None
K?`eMqylbwNG,2.384185791015625e-07,0.01398777961730957,True,1,None
K?`eMpy]diV_,0.0,0.011405467987060547,True,1,None
K?`eMo}lfoNG,2.384185791015625e-07,0.10687446594238281,True,9,None
K?`eMqx}@{Mo,2.384185791015625e-07,0.012996912002563477,True,1,None
K?`eMqxmbwMo,2.384185791015625e-07,0.14698481559753418,True,8,None
K?`eMqxlbwNO,4.76837158203125e-07,0.03947257995605469,True,3,None
K?`eMqtmbwNO,2.384185791015625e-07,0.03417253494262695,True,3,None
K?`eMprmdwN_,4.76837158203125e-07,0.018604755401611328,True,1,None
K?`eLrwmbiJo,2.384185791015625e-07,0.07829523086547852,True,7,None
K?`eLrwmayMo,2.384185791015625e-07,0.01624441146850586,True,1,None
K?`eLrsVbsVG,4.76837158203125e-07,0.009830951690673828,True,1,None
K?`eLrsNbqZO,2.384185791015625e-07,0.024995088577270508,True,2,None
K?`eLp{tbsVG,2.384185791015625e-07,0.19952011108398438,True,14,None
K?`eLp{lbqZO,2.384185791015625e-07,0.06217813491821289,True,2,None
K?`eLp{VfcVG,2.384185791015625e-07,0.16117310523986816,True,10,None
K?`eLrqmbwJg,2.384185791015625e-07,0.10020208358764648,True,7,None
K?`eLrUmbwNG,4.76837158203125e-07,0.05744123458862305,True,3,None
K?`eLpunBqZO,2.384185791015625e-07,0.07270312309265137,True,5,None
K?`eLqx}A{Mo,2.384185791015625e-07,0.04744577407836914,True,4,None
K?`eLqxvBsMo,2.384185791015625e-07,0.019310951232910156,True,1,None
K?`eLqxubwMo,1.6689300537109375e-06,0.013375282287597656,True,1,None
K?`eLo|}EsMo,2.384185791015625e-07,0.014923334121704102,True,2,None
K?`eJrsv@uVO,2.384185791015625e-07,0.06698465347290039,True,7,None
K?`eJq{ffoMW,2.384185791015625e-07,0.09339714050292969,True,5,None
K?`eJp{vDeVO,2.384185791015625e-07,0.04539966583251953,True,6,None
K?`eJrqVdqV_,2.384185791015625e-07,0.019377708435058594,True,1,None
K?`eJqyudwMg,2.384185791015625e-07,0.013865947723388672,True,1,None
K?`eJpyvDqUo,2.384185791015625e-07,0.011518478393554688,True,1,None
K?`eJq]mfoMg,2.384185791015625e-07,0.04781508445739746,True,3,None
K?`eJo}tdq^?,2.384185791015625e-07,0.07844066619873047,True,6,None
K?`eJqx}C{Mo,2.384185791015625e-07,0.014971733093261719,True,2,None
K?`eJqx{bwRo,2.384185791015625e-07,0.05600094795227051,True,4,None
K?`eJqxmewMo,2.384185791015625e-07,0.03474688529968262,True,4,None
K?`eJqx]fgRo,2.384185791015625e-07,0.040611982345581055,True,3,None
K?`eKzw}@uMo,2.384185791015625e-07,0.08886957168579102,True,6,None
K?`eKzwmbqMo,2.384185791015625e-07,0.017660140991210938,True,2,None
K?`eKzs]RsVO,2.384185791015625e-07,0.016507863998413086,True,1,None
K?`eKzsMvoNO,2.384185791015625e-07,0.01586604118347168,True,1,None
K?`eKxu]foVG,2.384185791015625e-07,0.008104085922241211,True,1,None
K?`eIzq]dqV_,0.0,0.012020587921142578,True,1,None
K?`eIyymfoMg,2.384185791015625e-07,0.026407480239868164,True,5,None
K?`eIyr]foV_,2.384185791015625e-07,0.0863180160522461,True,4,None
K?`eMdx}@{V_,2.384185791015625e-07,0.010378122329711914,True,2,None
K?`eMc|^FoVO,2.384185791015625e-07,0.042992353439331055,True,6,None
K?`eLe\\}BwNO,2.384185791015625e-07,0.013303756713867188,True,2,None
K?`eLc|^FoZO,2.384185791015625e-07,0.022884368896484375,True,3,None
K?`eLdZ^FoV_,2.384185791015625e-07,0.03502154350280762,True,2,None
K?`eKt{|BsVG,0.0,0.12188315391540527,True,10,None
K?`eKuy|BqN_,2.384185791015625e-07,0.14609289169311523,True,5,None
K?`eKuu}BqN_,0.0,0.12758994102478027,True,10,None
K?`eKs}|Bq^?,2.384185791015625e-07,0.04877424240112305,True,2,None
K?`eKs}^Fo]G,2.384185791015625e-07,0.012868881225585938,True,1,None
K?`eIvw}@{Ug,0.0,0.07743024826049805,True,2,None
K?`eIvs^DqVO,0.0,0.01817917823791504,True,3,None
K?`eIty}DiV_,1.1920928955078125e-06,0.05660605430603027,True,4,None
K?`eIs}mVo]_,0.0,0.012269020080566406,True,2,None
K?`eItx|DwVO,2.384185791015625e-07,0.07046127319335938,True,7,None
K?`eHt{vFcVG,2.384185791015625e-07,0.06508588790893555,True,7,None
K?`eHvY^FgVG,2.384185791015625e-07,0.003452301025390625,True,1,None
K?`eHtyvFgVG,2.384185791015625e-07,0.0213010311126709,True,3,None
K?`eHvU^FoVG,2.384185791015625e-07,0.0034885406494140625,True,1,None
K?`eHvU]VoV_,0.0,0.019307851791381836,True,2,None
K?`eHtuvFoVG,4.76837158203125e-07,0.0034499168395996094,True,1,None
K?`eHu]^Fa^?,2.384185791015625e-07,0.08664989471435547,True,4,None
K?`eHu]]Vo]_,2.384185791015625e-07,0.017202138900756836,True,2,None
K?`eHt]|FoVG,2.384185791015625e-07,0.012211084365844727,True,2,None
K?`eHs}{Uw^?,9.5367431640625e-07,0.030708789825439453,True,3,None
K?`eHs||FoZO,0.0,0.012857437133789062,True,2,None
K?`eHs|{ew^?,2.384185791015625e-07,0.12448835372924805,True,12,None
K?`eHvR^FoV_,2.384185791015625e-07,0.06683540344238281,True,7,None
K?`eHurvFoN_,2.384185791015625e-07,0.12042522430419922,True,7,None
K?`eHuZ^Fg^?,2.384185791015625e-07,0.00755000114440918,True,1,None
K?`bNa]ffoNG,0.0,0.14433670043945312,True,11,None
K?`bNa]VfoVG,2.384185791015625e-07,0.06202101707458496,True,5,None
K?`bNbX^DsRo,2.384185791015625e-07,0.012183189392089844,True,2,None
K?`bNa\\vDsNO,2.384185791015625e-07,0.0157773494720459,True,2,None
K?`bMrsv@uVO,0.0,0.032512664794921875,True,1,None
K?`bMrsVdqVO,2.384185791015625e-07,0.0813450813293457,True,5,None
K?`bMqu^DsZG,2.384185791015625e-07,0.06214594841003418,True,3,None
K?`bMquVdq^?,2.384185791015625e-07,0.13370108604431152,True,8,None
K?`bMquNfoZG,2.384185791015625e-07,0.013484716415405273,True,2,None
K?`bMqxffgNO,2.384185791015625e-07,0.01712632179260254,True,2,None
K?`bMiymbwZG,2.384185791015625e-07,0.02727031707763672,True,4,None
K?`bMi]]Ts^?,2.384185791015625e-07,0.022614240646362305,True,5,None
K?`bMhxnDsZO,2.384185791015625e-07,0.12824296951293945,True,5,None
K?`bMiZmfoN_,2.384185791015625e-07,0.01799178123474121,True,1,None
K?`bMiZ]dw^?,9.5367431640625e-07,0.016806364059448242,True,2,None
K?`bJi\\uds^?,2.384185791015625e-07,0.12298440933227539,True,10,None
K?`bKzs]esVG,7.152557373046875e-07,0.036885976791381836,True,3,None
K?`bKzs]UsVO,2.384185791015625e-07,0.13118600845336914,True,11,None
K?`bKzqufoFg,2.384185791015625e-07,0.013858795166015625,True,1,None
K?`bKzq]ewVG,2.384185791015625e-07,0.2035987377166748,True,18,None
K?`bKzU]Ts^?,2.384185791015625e-07,0.01967597007751465,True,1,None
K?`bKy\\{bs^?,4.76837158203125e-07,0.12161016464233398,True,6,None
K?`bKyZ|Bs^?,2.384185791015625e-07,0.01420450210571289,True,2,None
K?`bKm\\]fo^?,2.384185791015625e-07,0.14308500289916992,True,7,None
K?`bIm{mfoZG,2.384185791015625e-07,0.11781668663024902,True,5,None
K?`cnbk^AuVO,2.384185791015625e-07,0.014645576477050781,True,2,None
K?`cnb[^@u\\O,2.384185791015625e-07,0.015826702117919922,True,3,None
K?`cn`{^Cu\\O,2.384185791015625e-07,0.13096976280212402,True,8,None
K?`cn`]]dq\\_,2.384185791015625e-07,0.06017923355102539,True,4,None
K?`cn`xv@{\\O,4.76837158203125e-07,0.019060134887695312,True,3,None
K?`cn`xZewVO,2.384185791015625e-07,0.06956601142883301,True,2,None
K?`cn`lvBsVO,2.384185791015625e-07,0.02649688720703125,True,2,None
K?`cn`l^EsVO,2.384185791015625e-07,0.049181222915649414,True,3,None
K?`cn`lVfoVO,2.384185791015625e-07,0.01207590103149414,True,1,None
K?`cn`\\]ds\\_,2.384185791015625e-07,0.015364408493041992,True,1,None
K?`cn`\\jfoNO,2.384185791015625e-07,0.015414237976074219,True,2,None
K?`cn`\\NfS^?,2.384185791015625e-07,0.07801651954650879,True,6,None
K?`cn`j^EwVO,2.384185791015625e-07,0.023532867431640625,True,3,None
K?`cn`N}FoFo,2.384185791015625e-07,0.011822223663330078,True,1,None
K?`cn_^}FoLo,2.384185791015625e-07,0.060811758041381836,True,8,None
K?`cn_^yfoN_,2.384185791015625e-07,0.018826723098754883,True,3,None
K?`cn_^]fo\\_,0.0,0.04883575439453125,True,5,None
K?`cnRs^AuVO,2.384185791015625e-07,0.03257608413696289,True,6,None
K?`cnP{^Cu]O,4.76837158203125e-07,0.1496105194091797,True,15,None
K?`cnP{tbqVO,7.152557373046875e-07,0.023298025131225586,True,3,None
K?`cnPx|A{VO,2.384185791015625e-07,0.13322186470031738,True,9,None
K?`cnPx\\ewVO,2.384185791015625e-07,0.13286542892456055,True,12,None
K?`cnPxVdw]O,2.384185791015625e-07,0.09405231475830078,True,6,None
K?`cnPtvBsVO,7.152557373046875e-07,0.0177457332611084,True,1,None
K?`cnPt^EsVO,0.0,0.05634570121765137,True,2,None
K?`cnPtffoNO,2.384185791015625e-07,0.040193796157836914,True,1,None
K?`cnP\\nFcNO,2.384185791015625e-07,0.006836414337158203,True,1,None
K?`cnPZ^Dw]O,2.384185791015625e-07,0.015812397003173828,True,1,None
K?`cnPV^FoVO,2.384185791015625e-07,0.028717517852783203,True,5,None
K?`cnO^}FoMo,2.384185791015625e-07,0.04964852333068848,True,3,None
K?`cmrsjbsNG,2.384185791015625e-07,0.029158592224121094,True,2,None
K?`cmq{ybqMo,4.76837158203125e-07,0.03861284255981445,True,4,None
K?`cmp{nBs[W,2.384185791015625e-07,0.018371105194091797,True,3,None
K?`cmp{Zdq]O,2.384185791015625e-07,0.03234553337097168,True,2,None
K?`cmrqy`yN_,2.384185791015625e-07,0.03301596641540527,True,1,None
K?`cmrqjbwNG,2.384185791015625e-07,0.05521678924560547,True,3,None
K?`cmqm}BqMo,2.384185791015625e-07,0.057737112045288086,True,4,None
K?`cmo}xfoNG,2.384185791015625e-07,0.010077714920043945,True,1,None
K?`cmrpnB[NO,0.0,0.0589442253112793,True,4,None
K?`cmrpjbsN_,2.384185791015625e-07,0.04495525360107422,True,6,None
K?`cmrh{`{N_,2.384185791015625e-07,0.07451891899108887,True,8,None
K?`cmrhlbsN_,2.384185791015625e-07,0.012251615524291992,True,2,None
K?`cmqx|B[NO,2.384185791015625e-07,0.1436295509338379,True,12,None
K?`cmqxybwMo,4.76837158203125e-07,0.013998985290527344,True,1,None
K?`cmqxxbwNO,2.384185791015625e-07,0.014578819274902344,True,3,None
K?`cmrd}BsFo,2.384185791015625e-07,0.03692197799682617,True,6,None
K?`cmpt]fSV_,2.384185791015625e-07,0.03543972969055176,True,2,None
K?`cmo|yfoMo,2.384185791015625e-07,0.0033719539642333984,True,1,None
K?`cmprybwV_,2.384185791015625e-07,0.019841909408569336,True,4,None
K?`cjrsZeqVO,2.384185791015625e-07,0.0034258365631103516,True,1,None
K?`cjr[lbs\\G,2.384185791015625e-07,0.14741158485412598,True,6,None
K?`cjrq]ewTg,0.0,0.01715874671936035,True,1,None
K?`cjrqVdq\\_,4.76837158203125e-07,0.05634570121765137,True,7,None
K?`cjrYydwMg,2.384185791015625e-07,0.011678695678710938,True,1,None
K?`cjrYmfWMg,2.384185791015625e-07,0.0035142898559570312,True,1,None
K?`cjrY\\dq\\_,2.384185791015625e-07,0.16146159172058105,True,10,None
K?`cjrU]dq\\_,0.0,0.014256954193115234,True,2,None
K?`cjpmvDq]O,2.384185791015625e-07,0.04640674591064453,True,7,None
K?`cjq]yfoMg,4.76837158203125e-07,0.015365839004516602,True,1,None
K?`cjq]xbq^?,2.384185791015625e-07,0.05454659461975098,True,5,None
K?`cjq]Zfa^?,2.384185791015625e-07,0.01775813102722168,True,1,None
K?`cjpx{e[V_,2.384185791015625e-07,0.14236092567443848,True,11,None
K?`cjpxxewVO,2.384185791015625e-07,0.017371654510498047,True,3,None
K?`cnJ[}BsFW,4.76837158203125e-07,0.01859736442565918,True,2,None
K?`cnH{uRsVO,2.384185791015625e-07,0.08420228958129883,True,4,None
K?`cnH{]UsVO,2.384185791015625e-07,0.013702630996704102,True,1,None
K?`cnH{UvoVO,0.0,0.012759923934936523,True,1,None
K?`cnH\\}BsVO,2.384185791015625e-07,0.0060253143310546875,True,1,None
K?`cmh{}BsTW,2.384185791015625e-07,0.012958049774169922,True,2,None
K?`cmh{Mvo\\O,2.384185791015625e-07,0.014354228973388672,True,1,None
K?`cmhy]fQV_,2.384185791015625e-07,0.03836870193481445,True,2,None
K?`cmhy]dq\\_,2.384185791015625e-07,0.01190638542175293,True,1,None
K?`cmhm]VoVO,2.384185791015625e-07,0.03878474235534668,True,3,None
K?`cmjh^BsVO,0.0,0.04066634178161621,True,2,None
K?`cmhxnBs\\O,9.5367431640625e-07,0.007132530212402344,True,2,None
K?`cmhx]ds\\_,2.384185791015625e-07,0.028484582901000977,True,3,None
K?`cmhxNfS^?,2.384185791015625e-07,0.007189273834228516,True,2,None
K?`cmhj^FoVO,2.384185791015625e-07,0.06539583206176758,True,6,None
K?`cjjMmVoNO,2.384185791015625e-07,0.1074838638305664,True,6,None
K?`cjjL}BsVO,2.384185791015625e-07,0.06328415870666504,True,5,None
K?`cji\\}Bs\\O,2.384185791015625e-07,0.014286279678344727,True,2,None
K?`cmZwmbqMo,2.384185791015625e-07,0.013396024703979492,True,1,None
K?`cmZsMrs^?,2.384185791015625e-07,0.03025197982788086,True,3,None
K?`cmX{mRs]O,2.384185791015625e-07,0.04046225547790527,True,4,None
K?`cmYu]VoNO,2.384185791015625e-07,0.013971567153930664,True,1,None
K?`cmZp^BsVO,2.384185791015625e-07,0.01558828353881836,True,2,None
K?`cmYr}BwNO,2.384185791015625e-07,0.015005350112915039,True,2,None
K?`cjY]{bq^?,2.384185791015625e-07,0.011148691177368164,True,2,None
K?`cjY]]fo]G,2.384185791015625e-07,0.11388468742370605,True,11,None
K?`cjX\\{foVO,2.384185791015625e-07,0.01009511947631836,True,2,None
K?`cjXrffo^?,2.384185791015625e-07,0.06644153594970703,True,5,None
K?`cjW^{fo^?,0.0,0.055006980895996094,True,2,None
K?`ckzi}BqMo,2.384185791015625e-07,0.067779541015625,True,4,None
K?`ckzi{bqN_,0.0,0.015712738037109375,True,1,None
K?`ckxy]fa\\_,4.76837158203125e-07,0.04633951187133789,True,5,None
K?`ckxy]fQ]_,7.152557373046875e-07,0.07933855056762695,True,6,None
K?`ckze]bq^?,0.0,0.014052629470825195,True,3,None
K?`ckxm]fa^?,2.384185791015625e-07,0.020058155059814453,True,2,None
K?`ckzh^Bs]O,2.384185791015625e-07,0.011483430862426758,True,1,None
K?`ckzb}BsN_,2.384185791015625e-07,0.01339864730834961,True,1,None
K?`ckxr]fo\\_,2.384185791015625e-07,0.014557361602783203,True,3,None
K?`ckxj}FoMo,4.76837158203125e-07,0.09830284118652344,True,8,None
K?`ckxj{foN_,2.384185791015625e-07,0.046952009201049805,True,2,None
K?`ckxj]fo]_,2.384185791015625e-07,0.010376453399658203,True,1,None
K?`cizsyRsVO,2.384185791015625e-07,0.03817272186279297,True,3,None
K?`cizsYvoVO,2.384185791015625e-07,0.030406475067138672,True,1,None
K?`ciy{ybs]G,2.384185791015625e-07,0.013129472732543945,True,1,None
K?`cizq]dq\\_,2.384185791015625e-07,0.012008905410766602,True,2,None
K?`ciyu]fQ^?,2.384185791015625e-07,0.08271622657775879,True,4,None
K?`ciyuYvo^?,2.384185791015625e-07,0.047223806381225586,True,3,None
K?`cixuyVoVO,2.384185791015625e-07,0.01280355453491211,True,3,None
K?`ciym{bq^?,0.0,0.07050800323486328,True,9,None
K?`ciw}{fQ^?,2.384185791015625e-07,0.04004955291748047,True,4,None
K?`cixrmfo\\_,2.384185791015625e-07,0.019179582595825195,True,2,None
K?`cixrjfo^?,0.0,0.05144238471984863,True,6,None
K?`cnF[nBqNO,2.384185791015625e-07,0.016832828521728516,True,2,None
K?`cnD{^EqVO,2.384185791015625e-07,0.1017603874206543,True,5,None
K?`cnDx^EwVO,2.384185791015625e-07,0.00316619873046875,True,1,None
K?`cmfi^BwVG,2.384185791015625e-07,0.03644299507141113,True,1,None
K?`cmem}BqN_,2.384185791015625e-07,0.0786294937133789,True,7,None
K?`cmdxybwV_,2.384185791015625e-07,0.04191923141479492,True,6,None
K?`cmdxmbw\\_,2.384185791015625e-07,0.03403902053833008,True,4,None
K?`cmc|]fo\\_,2.384185791015625e-07,0.11075282096862793,True,5,None
K?`cjdyuTw\\_,2.384185791015625e-07,0.018116474151611328,True,3,None
K?`cje]]Vo\\_,2.384185791015625e-07,0.04184293746948242,True,3,None
K?`cjd]mVo\\_,2.384185791015625e-07,0.0810708999633789,True,3,None
K?`cjdxudw\\_,4.76837158203125e-07,0.04135417938232422,True,2,None
K?`cjeZ^Fo\\_,0.0,0.12288188934326172,True,11,None
K?`cmVwnBqMo,2.384185791015625e-07,0.04252433776855469,True,4,None
K?`cmT{|BqVO,2.384185791015625e-07,0.05062270164489746,True,6,None
K?`cmVpnBwNO,2.384185791015625e-07,0.0761716365814209,True,7,None
K?`cmUx|BwNO,2.384185791015625e-07,0.014866352081298828,True,3,None
K?`cjT{|EqVO,4.76837158203125e-07,0.003556489944458008,True,1,None
K?`cjTy{UwV_,2.384185791015625e-07,0.012960672378540039,True,1,None
K?`cjTyuVgV_,4.76837158203125e-07,0.017913818359375,True,3,None
K?`cjVU^FoVG,2.384185791015625e-07,0.013483285903930664,True,2,None
K?`cjVU]VoV_,2.384185791015625e-07,0.01855611801147461,True,2,None
K?`cjTxvDw]O,2.384185791015625e-07,0.03719782829284668,True,4,None
K?`cjTtvFoVO,4.76837158203125e-07,0.061348915100097656,True,5,None
K?`ckve}BqN_,2.384185791015625e-07,0.03956127166748047,True,2,None
K?`cktm|Bq^?,4.76837158203125e-07,0.011904716491699219,True,2,None
K?`ckvh}BwMo,2.384185791015625e-07,0.016214370727539062,True,2,None
K?`cktl}FoMo,2.384185791015625e-07,0.12151408195495605,True,9,None
K?`cktj^Fg^?,2.384185791015625e-07,0.03737306594848633,True,4,None
K?`civq]Tw\\_,2.384185791015625e-07,0.07053565979003906,True,7,None
K?`ciuu]Vo\\_,2.384185791015625e-07,0.15153193473815918,True,10,None
K?`citm|Dq^?,4.76837158203125e-07,0.05133199691772461,True,4,None
K?`citxmfg\\_,2.384185791015625e-07,0.03897595405578613,True,3,None
K?`citl{foV_,2.384185791015625e-07,0.014328956604003906,True,1,None
K?`ciur^Fo\\_,2.384185791015625e-07,0.016105175018310547,True,3,None
K?`cmL{]VoVO,2.384185791015625e-07,0.014522790908813477,True,1,None
K?`cmLy^FoVG,9.5367431640625e-07,0.012206792831420898,True,1,None
K?`cmLy]VoV_,2.384185791015625e-07,0.051366329193115234,True,5,None
K?`cmK|]fo^?,4.76837158203125e-07,0.031128406524658203,True,2,None
K?`cmKz^Fo^?,2.384185791015625e-07,0.02383136749267578,True,3,None
K?`cklj}FoN_,0.0,0.08859825134277344,True,7,None
K?`ck^w}BqMo,0.0,0.09682893753051758,True,11,None
K?`ck\\y}FoMg,2.384185791015625e-07,0.043836116790771484,True,5,None
K?`ci^s]VoVO,2.384185791015625e-07,0.012308120727539062,True,2,None
K?`ci]r}FoN_,2.384185791015625e-07,0.012019634246826172,True,2,None
K?`cg~q]Vo\\_,2.384185791015625e-07,0.018870830535888672,True,2,None
K?`anb[ydqFo,0.0,0.01842951774597168,True,1,None
K?`anb[]dsTg,2.384185791015625e-07,0.032010555267333984,True,3,None
K?`anb[]dqTo,2.384185791015625e-07,0.047658681869506836,True,7,None
K?`anbMNdq^?,1.1920928955078125e-06,0.08464884757995605,True,7,None
K?`anam^DqZO,0.0,0.011467218399047852,True,3,None
K?`anamfbq^?,0.0,0.05181884765625,True,4,None
K?`anamVdq^?,2.384185791015625e-07,0.047686100006103516,True,6,None
K?`an`mvDqVO,0.0,0.11081194877624512,True,8,None
K?`an`mnDqZO,0.0,0.01395869255065918,True,3,None
K?`an_}zDqZO,2.384185791015625e-07,0.15381717681884766,True,19,None
K?`an`xnC{\\O,2.384185791015625e-07,0.021845340728759766,True,2,None
K?`an`xrdwVO,2.384185791015625e-07,0.07993888854980469,True,6,None
K?`an`xjdwZO,2.384185791015625e-07,0.05866527557373047,True,4,None
K?`analnBsZO,2.384185791015625e-07,0.05823493003845215,True,5,None
K?`analfbs^?,2.384185791015625e-07,0.01739501953125,True,1,None
K?`an`lvDsVO,2.384185791015625e-07,0.06470894813537598,True,5,None
K?`an`lnDsZO,0.0,0.03656959533691406,True,4,None
K?`an`lfds^?,2.384185791015625e-07,0.013894319534301758,True,1,None
K?`an`\\mds\\_,0.0,0.03485727310180664,True,4,None
K?`an_|mes\\_,2.384185791015625e-07,0.05742144584655762,True,4,None
K?`an_|ffS^?,2.384185791015625e-07,0.018181800842285156,True,3,None
K?`anR[}DkFW,2.384185791015625e-07,0.016777992248535156,True,2,None
K?`anQ{ffcNG,2.384185791015625e-07,0.11785292625427246,True,8,None
K?`anRp^DsRo,2.384185791015625e-07,0.11142230033874512,True,7,None
K?`anRpVdsV_,2.384185791015625e-07,0.013409852981567383,True,1,None
K?`anQxnEkNO,4.76837158203125e-07,0.013803243637084961,True,2,None
K?`anQtvBsVO,2.384185791015625e-07,0.053104400634765625,True,4,None
K?`anPt}C{VO,4.76837158203125e-07,0.059046030044555664,True,6,None
K?`alrsrbsVG,4.76837158203125e-07,0.04742860794067383,True,7,None
K?`alrsjeqNO,2.384185791015625e-07,0.019769668579101562,True,3,None
K?`alrsVfSVG,2.384185791015625e-07,0.1378939151763916,True,23,None
K?`alrsNfSZG,2.384185791015625e-07,0.05310845375061035,True,4,None
K?`alrsNfQZO,2.384185791015625e-07,0.08754324913024902,True,5,None
K?`alrenEqNO,2.384185791015625e-07,0.059882402420043945,True,3,None
K?`alre^DqZO,2.384185791015625e-07,0.013036966323852539,True,1,None
K?`alreVfoVG,2.384185791015625e-07,0.015062570571899414,True,2,None
K?`alpuzDqZO,2.384185791015625e-07,0.09150171279907227,True,5,None
K?`alpuvFSVG,2.384185791015625e-07,0.07435846328735352,True,7,None
K?`alrM\\foVG,2.384185791015625e-07,0.037282466888427734,True,2,None
K?`anIxvDsNO,2.384185791015625e-07,0.023801326751708984,True,3,None
K?`anI\\]ds^?,2.384185791015625e-07,0.03675198554992676,True,3,None
K?`anIZ]dw^?,2.384185791015625e-07,0.1043093204498291,True,6,None
K?`anHZnDs^?,2.384185791015625e-07,0.10254740715026855,True,3,None
K?`anGzvDs^?,2.384185791015625e-07,0.018485307693481445,True,3,None
K?`amiymfQN_,2.384185791015625e-07,0.011871337890625,True,1,None
K?`amhjnDs^?,2.384185791015625e-07,0.015760183334350586,True,2,None
K?`amgzmfo\\_,2.384185791015625e-07,0.03745889663696289,True,4,None
K?`alh{qts^?,2.384185791015625e-07,0.17923426628112793,True,9,None
K?`alim]eq^?,4.76837158203125e-07,0.033796072006225586,True,2,None
K?`alim]VoZO,2.384185791015625e-07,0.016480684280395508,True,3,None
K?`ali]]fQ^?,4.76837158203125e-07,0.06944918632507324,True,7,None
K?`alh]yTs^?,2.384185791015625e-07,0.01979207992553711,True,2,None
K?`alg|yfoZO,2.384185791015625e-07,0.01190638542175293,True,1,None
K?`algzzFoZO,2.384185791015625e-07,0.20101141929626465,True,25,None
K?`algzrfo^?,2.384185791015625e-07,0.03822636604309082,True,2,None
K?`ajj[}DsTW,2.384185791015625e-07,0.03641843795776367,True,3,None
K?`ajiyudq\\_,2.384185791015625e-07,0.018148422241210938,True,2,None
K?`ajiymew\\G,2.384185791015625e-07,0.1499922275543213,True,9,None
K?`ajiymeq\\_,4.76837158203125e-07,0.10913991928100586,True,8,None
K?`ajilmfoZO,4.76837158203125e-07,0.057875871658325195,True,3,None
K?`ajijnFoZO,2.384185791015625e-07,0.016188383102416992,True,1,None
K?`ajiZydw^?,2.384185791015625e-07,0.03521013259887695,True,2,None
K?`ajiZmfo\\_,7.152557373046875e-07,0.11311602592468262,True,5,None
K?`ajiNmfo^?,2.384185791015625e-07,0.0662391185760498,True,2,None
K?`alZsmRsZO,0.0,0.050899505615234375,True,5,None
K?`alZs]TsZO,2.384185791015625e-07,0.05701470375061035,True,2,None
K?`alYu]foZG,2.384185791015625e-07,0.06951189041137695,True,3,None
K?`alY\\{bs^?,2.384185791015625e-07,0.05016922950744629,True,3,None
K?`alYrvFoNO,2.384185791015625e-07,0.014760732650756836,True,1,None
K?`alYr^FoZO,0.0,0.04402565956115723,True,1,None
K?`akzs]fSVG,2.384185791015625e-07,0.012030601501464844,True,1,None
K?`akzs]VSVO,2.384185791015625e-07,0.006134986877441406,True,1,None
K?`akzqmfQN_,2.384185791015625e-07,0.06269383430480957,True,6,None
K?`akzq]dq\\_,0.0,0.12781715393066406,True,12,None
K?`akze]foVG,2.384185791015625e-07,0.13002872467041016,True,7,None
K?`akyu]fo\\G,0.0,0.14192438125610352,True,5,None
K?`akyr^FS^?,0.0,0.06539249420166016,True,2,None
K?`amL{}DqVO,2.384185791015625e-07,0.014268159866333008,True,1,None
K?`alL{uTs^?,2.384185791015625e-07,0.09642863273620605,True,5,None
K?`alK}uVo^?,4.76837158203125e-07,0.03365135192871094,True,3,None
K?`alMZ^Fo^?,2.384185791015625e-07,0.034404754638671875,True,3,None
K?`ahnM}FoVG,2.384185791015625e-07,0.014749765396118164,True,2,None
K?`c^bsfbsNG,2.384185791015625e-07,0.010493755340576172,True,2,None
K?`c^b[mbsMg,2.384185791015625e-07,0.14682674407958984,True,8,None
K?`c^`{\\eqVO,2.384185791015625e-07,0.015291213989257812,True,2,None
K?`c^bYmbwMg,2.384185791015625e-07,0.1649932861328125,True,17,None
K?`c^bUNfoNG,2.384185791015625e-07,0.011159181594848633,True,1,None
K?`c^a]\\bq^?,2.384185791015625e-07,0.04274630546569824,True,5,None
K?`c^bpv@{NO,2.384185791015625e-07,0.2008068561553955,True,12,None
K?`c^bpfbsN_,2.384185791015625e-07,0.0785067081451416,True,6,None
K?`c^`x|A{VO,2.384185791015625e-07,0.09585976600646973,True,4,None
K?`c]q{}BkMW,2.384185791015625e-07,0.011240005493164062,True,1,None
K?`c]q{|BsMW,4.76837158203125e-07,0.0165557861328125,True,2,None
K?`c]rq{`yN_,2.384185791015625e-07,0.033438920974731445,True,4,None
K?`c]rpnBkNO,4.76837158203125e-07,0.08124542236328125,True,6,None
K?`c]rp{bwFo,2.384185791015625e-07,0.03607511520385742,True,5,None
K?`c]rplbwNO,2.384185791015625e-07,0.003497600555419922,True,1,None
K?`c]h{mRs]O,2.384185791015625e-07,0.018275737762451172,True,2,None
K?`c]h{[voVO,4.76837158203125e-07,0.020819425582885742,True,2,None
K?`c]h{Mvo]O,0.0,0.01961064338684082,True,3,None
K?`c]g}]fa^?,2.384185791015625e-07,0.04750251770019531,True,3,None
K?`c]g|}FcNO,2.384185791015625e-07,0.06526422500610352,True,8,None
K?`c[zw}BkMW,2.384185791015625e-07,0.07290887832641602,True,3,None
K?`c[vp|BsN_,2.384185791015625e-07,0.01848292350769043,True,4,None
K?`ferof`xLg,2.384185791015625e-07,0.012586355209350586,True,2,None
K?`fergf`xMg,0.0,0.03487730026245117,True,2,None
K?`fergfH{Mg,0.0,0.011760950088500977,True,1,None
K?`ferSmHyLo,2.384185791015625e-07,0.013065099716186523,True,1,None
K?`ferK]PxUo,2.384185791015625e-07,0.013295173645019531,True,1,None
K?`ferKmJiFo,0.0,0.06791925430297852,True,5,None
K?`fbrK{`xRg,2.384185791015625e-07,0.030190706253051758,True,2,None
K?`euro\\`ZV_,2.384185791015625e-07,0.020392656326293945,True,2,None
K?`euroj`xMg,4.76837158203125e-07,0.03441023826599121,True,4,None
K?`euroZ`xUg,2.384185791015625e-07,0.11437845230102539,True,10,None
K?`eurojJkFg,2.384185791015625e-07,0.0185697078704834,True,3,None
K?`eurglH{Mg,2.384185791015625e-07,0.14693474769592285,True,8,None
K?`etror`yMc,2.384185791015625e-07,0.13944077491760254,True,6,None
K?`fJroVdwRK,2.384185791015625e-07,0.015117645263671875,True,1,None
K?`fKzWmbbN_,2.384185791015625e-07,0.014481306076049805,True,1,None
K?`fKzWmJiNO,2.384185791015625e-07,0.06348919868469238,True,9,None
K?`fKxwtbqVC,0.0,0.014029741287231445,True,1,None
K?`fKxwtbpVG,2.384185791015625e-07,0.019045591354370117,True,1,None
K?`fKxwfVcNC,0.0,0.014156341552734375,True,2,None
K?`enbgVPxVO,2.384185791015625e-07,0.14979314804077148,True,12,None
K?`emrgl`xNG,2.384185791015625e-07,0.01573920249938965,True,1,None
K?`emrg]ThFo,1.430511474609375e-06,0.013773679733276367,True,2,None
K?`elrgt`xNG,2.384185791015625e-07,0.15636801719665527,True,7,None
K?`elrgtPxNO,2.384185791015625e-07,0.018973588943481445,True,2,None
K?`elrWyH{Mg,4.76837158203125e-07,0.05986928939819336,True,2,None
K?`elrWlJUN_,2.384185791015625e-07,0.054264068603515625,True,1,None
K?`ejrojbwRK,4.76837158203125e-07,0.09175539016723633,True,8,None
K?`ejroVdRV_,0.0,0.03692173957824707,True,1,None
K?`ejroZTsRc,0.0,0.02907419204711914,True,4,None
K?`ejrg]cxUg,4.76837158203125e-07,0.024930238723754883,True,6,None
K?`ejrW]T[Uc,2.384185791015625e-07,0.016063213348388672,True,1,None
K?`enIwVTsNC,2.384185791015625e-07,0.0035309791564941406,True,1,None
K?`enIwVRsVC,0.0,0.003462076187133789,True,1,None
K?`enHwfRsVC,2.384185791015625e-07,0.003629922866821289,True,1,None
K?`elhwrbpVG,2.384185791015625e-07,0.04441380500793457,True,2,None
K?`emYwmRpMo,2.384185791015625e-07,0.028665781021118164,True,3,None
K?`elZoVdpNG,2.384185791015625e-07,0.06652998924255371,True,4,None
K?`elZoVbpVG,2.384185791015625e-07,0.2014331817626953,True,22,None
K?`elZW{bpFg,2.384185791015625e-07,0.04189252853393555,True,3,None
K?`elZWmJqMo,2.384185791015625e-07,0.017489910125732422,True,3,None
K?`elYwuRpMo,2.384185791015625e-07,0.013790607452392578,True,2,None
K?`elYw{JsJg,2.384185791015625e-07,0.0810539722442627,True,5,None
K?`elXwfVcNC,2.384185791015625e-07,0.03555107116699219,True,4,None
K?`elXwfRs]C,2.384185791015625e-07,0.06213974952697754,True,6,None
K?`ejYwlepNG,2.384185791015625e-07,0.018318653106689453,True,3,None
K?`ejYwNfoYK,2.384185791015625e-07,0.04175305366516113,True,3,None
K?`ejYwtRsVC,0.0,0.14293146133422852,True,8,None
K?`ejYwVVcVC,2.384185791015625e-07,0.14483380317687988,True,9,None
K?`ejYwNV`ZO,2.384185791015625e-07,0.14303898811340332,True,9,None
K?`ejXw{KyVO,4.76837158203125e-07,0.11815142631530762,True,6,None
K?`ekzoZbqVC,2.384185791015625e-07,0.0036377906799316406,True,1,None
K?`ekzoZRsVC,2.384185791015625e-07,0.0126190185546875,True,2,None
K?`ekzg{bpFg,2.384185791015625e-07,0.05470705032348633,True,4,None
K?`ekzgmJqMo,2.384185791015625e-07,0.02188587188720703,True,3,None
K?`ekzgmJiNO,2.384185791015625e-07,0.003766775131225586,True,1,None
K?`ekywybpMg,2.384185791015625e-07,0.012357234954833984,True,1,None
K?`ekywybbN_,2.384185791015625e-07,0.047194480895996094,True,3,None
K?`ekyw{RpLo,2.384185791015625e-07,0.12976694107055664,True,12,None
K?`ehzoVTs\\C,2.384185791015625e-07,0.01500248908996582,True,3,None
K?`bmqw\\fWRK,2.384185791015625e-07,0.015474081039428711,True,2,None
K?`bmiwrbqVC,2.384185791015625e-07,0.09360671043395996,True,4,None
K?`bmiwNfPZG,7.152557373046875e-07,0.14506816864013672,True,9,None
K?`bmiwrTsNC,2.384185791015625e-07,0.04436755180358887,True,1,None
K?`bmiwZUsVC,2.384185791015625e-07,0.018237590789794922,True,5,None
K?`bmiwZTsZC,2.384185791015625e-07,0.05140233039855957,True,3,None
K?`bmiwVVSVC,2.384185791015625e-07,0.06536412239074707,True,4,None
K?`bmhwrdqVC,2.384185791015625e-07,0.034436702728271484,True,3,None
K?`bjjWjdqZC,2.384185791015625e-07,0.010462284088134766,True,1,None
K?`bjjWfdp\\G,2.384185791015625e-07,0.08670711517333984,True,7,None
K?`bmZo]KyVO,0.0,0.049997806549072266,True,4,None
K?`bkzoVfPVG,2.384185791015625e-07,0.011979818344116211,True,1,None
K?`bkzWmNQMo,2.384185791015625e-07,0.12229681015014648,True,8,None
K?`e\\rWnBbMo,2.384185791015625e-07,0.13487672805786133,True,10,None
K?`e\\rW{P{Mc,2.384185791015625e-07,0.1095879077911377,True,2,None
K?`e\\qw}BiIs,2.384185791015625e-07,0.01731562614440918,True,2,None
K?`c~bofbqLc,4.76837158203125e-07,0.018170833587646484,True,3,None
K?`c~bofbRN_,0.0,0.016655921936035156,True,4,None
K?`c~bg{axFg,0.0,0.05274057388305664,True,7,None
K?`c~bg{QxFo,2.384185791015625e-07,0.012498140335083008,True,2,None
K?`c}rojbqMc,2.384185791015625e-07,0.056917428970336914,True,4,None
K?`c}romR[Mc,2.384185791015625e-07,0.012964725494384766,True,4,None
K?`c}royJkFg,2.384185791015625e-07,0.04857778549194336,True,6,None
K?`c}rg}BiEs,0.0,0.11213040351867676,True,5,None
K?`c}Zo{H{NG,0.0,0.04709172248840332,True,2,None
K?`c}Yw{bhNG,2.384185791015625e-07,0.03871726989746094,True,3,None
K?`c{zoybbN_,2.384185791015625e-07,0.0818023681640625,True,7,None
K?aJFdytbwV_,4.76837158203125e-07,0.12566709518432617,True,9,None
K?aJEtumfgN_,2.384185791015625e-07,0.015361785888671875,True,2,None
K?aJfbqZayV_,7.152557373046875e-07,0.15316534042358398,True,17,None
K?aJfbi|A{Fg,4.76837158203125e-07,0.017420530319213867,True,3,None
K?aJfbitbwFg,2.384185791015625e-07,0.23563838005065918,True,20,None
K?aJfbi\\ayV_,2.384185791015625e-07,0.00818943977355957,True,1,None
K?aJfbifbiN_,2.384185791015625e-07,0.05260896682739258,True,7,None
K?aJf`yZeiV_,4.76837158203125e-07,0.01305389404296875,True,1,None
K?aJfbpr`{N_,2.384185791015625e-07,0.020618677139282227,True,2,None
K?aJfbpZa{V_,2.384185791015625e-07,0.03896594047546387,True,3,None
K?aJfbht`{N_,4.76837158203125e-07,0.05191659927368164,True,7,None
K?aJfbhfbkN_,2.384185791015625e-07,0.013590335845947266,True,3,None
K?aJf`xxa{V_,2.384185791015625e-07,0.020485639572143555,True,3,None
K?aJf`x\\e[V_,2.384185791015625e-07,0.04402518272399902,True,7,None
K?aJfbL{`{N_,2.384185791015625e-07,0.11560440063476562,True,8,None
K?aJfbLmbkN_,4.76837158203125e-07,0.06246614456176758,True,7,None
K?aJfbJ|@{N_,0.0,0.03327345848083496,True,4,None
K?aJfPu{ayV_,2.384185791015625e-07,0.01660633087158203,True,2,None
K?aJfQ]}BiMo,2.384185791015625e-07,0.06431698799133301,True,9,None
K?aJfRT{`{N_,2.384185791015625e-07,0.06879353523254395,True,7,None
K?aJfRTmbkN_,2.384185791015625e-07,0.09948015213012695,True,8,None
K?aJfDytRwV_,2.384185791015625e-07,0.07260680198669434,True,6,None
K?aJfFpVbwV_,2.384185791015625e-07,0.01573944091796875,True,3,None
K?aJfDxtbwV_,2.384185791015625e-07,0.014612197875976562,True,2,None
K?aJfDxfbw]_,4.76837158203125e-07,0.01796865463256836,True,3,None
K?aJfDZ|BwV_,2.384185791015625e-07,0.021496295928955078,True,2,None
K?aJfC^}Bw]_,2.384185791015625e-07,0.05165505409240723,True,5,None
K?aJbfitRwV_,2.384185791015625e-07,0.14823174476623535,True,18,None
K?aJbfb^EwV_,2.384185791015625e-07,0.06058192253112793,True,2,None
K?aJbdrzEwV_,2.384185791015625e-07,0.4390251636505127,True,74,None
K?aJbfJ|BwV_,2.384185791015625e-07,0.051610469818115234,True,2,None
K?aJbeN}FgN_,2.384185791015625e-07,0.15329718589782715,True,11,None
K?aJeUx|BkN_,2.384185791015625e-07,0.09461283683776855,True,6,None
K?aJc^w}BkMg,2.384185791015625e-07,0.0038335323333740234,True,1,None
K?aJc^q}BwMg,2.384185791015625e-07,0.057724952697753906,True,4,None
K?aNfPsfbqMc,2.384185791015625e-07,0.018170595169067383,True,3,None
K?aNeXwnBiMS,2.384185791015625e-07,0.0791928768157959,True,6,None
K?aNeXwmRkMc,0.0,0.0036008358001708984,True,1,None
K?aNeXwlRkNC,2.384185791015625e-07,0.003413677215576172,True,1,None
K?aNUpsmbhMg,0.0,0.06491279602050781,True,3,None
K?aNUhw{RhFo,2.384185791015625e-07,0.003599405288696289,True,1,None
K?aNUhwlRwMS,2.384185791015625e-07,0.010999679565429688,True,1,None
K?bfBb[^CuFW,2.384185791015625e-07,0.0036077499389648438,True,1,None
K?bfBbXVP{VO,2.384185791015625e-07,0.003376483917236328,True,1,None
K?bfArwl`yJW,2.384185791015625e-07,0.028379440307617188,True,6,None
K?bfArw\\PuRo,2.384185791015625e-07,0.06889557838439941,True,5,None
K?bfArwfPuMo,2.384185791015625e-07,0.0034728050231933594,True,1,None
K?bfArsUpyVO,2.384185791015625e-07,0.059851884841918945,True,3,None
K?bfAq{tPuNO,2.384185791015625e-07,0.05585312843322754,True,2,None
K?bfAp{fdqMW,2.384185791015625e-07,0.05813479423522949,True,6,None
K?bfAqufbqNG,2.384185791015625e-07,0.014066696166992188,True,1,None
K?bfAo}nBeZG,0.0,0.011125802993774414,True,1,None
K?bfAo}^DeZG,0.0,0.016937732696533203,True,3,None
K?bfAo}NVcZG,4.76837158203125e-07,0.1319410800933838,True,10,None
K?bfArpfbwFW,2.384185791015625e-07,0.034002065658569336,True,3,None
K?bfAqxnAuMo,2.384185791015625e-07,0.013035774230957031,True,1,None
K?bfAqxfbqMo,2.384185791015625e-07,0.11697888374328613,True,9,None
K?bfAqx{Q{Fo,2.384185791015625e-07,0.012983083724975586,True,1,None
K?bfAqxtP{NO,2.384185791015625e-07,0.03348493576049805,True,2,None
K?bfApx{S{Fo,2.384185791015625e-07,0.08113908767700195,True,5,None
K?bfArTm`{NG,2.384185791015625e-07,0.11761331558227539,True,10,None
K?bfArTNRsVO,2.384185791015625e-07,0.07715392112731934,True,5,None
K?bfAqtVTsNO,0.0,0.0620269775390625,True,3,None
K?bfAptVdqVO,0.0,0.10993289947509766,True,6,None
K?bfAq\\mbqMo,0.0,0.003679037094116211,True,1,None
K?bfAq\\{RsFo,0.0,0.01757526397705078,True,2,None
K?bfAq\\\\TsNO,2.384185791015625e-07,0.1075887680053711,True,5,None
K?bfAp\\{P{VO,2.384185791015625e-07,0.10378646850585938,True,9,None
K?bfAo|lbsZG,2.384185791015625e-07,0.07902240753173828,True,3,None
K?bfAo|]TsYo,4.76837158203125e-07,0.013209342956542969,True,2,None
K?bfAovNUs^?,2.384185791015625e-07,0.01351308822631836,True,4,None
K?bfAo^|BqVO,2.384185791015625e-07,0.022235870361328125,True,2,None
K?bfAo^{RwVO,4.76837158203125e-07,0.07275056838989258,True,8,None
K?bfAzon@uJS,4.76837158203125e-07,0.011707544326782227,True,2,None
K?bfAzof`uNC,0.0,0.0033278465270996094,True,1,None
K?bebbw^?}TW,0.0,0.053399085998535156,True,5,None
K?bebbwZ`uRg,0.0,0.015225410461425781,True,1,None
K?beb`{vDUFW,2.384185791015625e-07,0.015047550201416016,True,2,None
K?bebbMmRqFo,2.384185791015625e-07,0.00678253173828125,True,1,None
K?beb_}NfQZG,2.384185791015625e-07,0.11873221397399902,True,7,None
K?beb_}VVSVG,2.384185791015625e-07,0.012594223022460938,True,2,None
K?beb_}VTU^?,2.384185791015625e-07,0.012948989868164062,True,2,None
K?bebbhVTsFo,2.384185791015625e-07,0.0035431385040283203,True,1,None
K?bebbhUtwFo,2.384185791015625e-07,0.013542652130126953,True,2,None
K?bebaxjayNO,4.76837158203125e-07,0.06914973258972168,True,8,None
K?bebbLmRsFo,2.384185791015625e-07,0.042072296142578125,True,2,None
K?bebalVTsNO,2.384185791015625e-07,0.013010263442993164,True,2,None
K?beba\\mbsLg,2.384185791015625e-07,0.015912771224975586,True,2,None
K?beba\\mbUN_,2.384185791015625e-07,0.012338638305664062,True,2,None
K?beba\\mR[NO,2.384185791015625e-07,0.0034027099609375,True,1,None
K?beb`\\mTsLo,2.384185791015625e-07,0.06543564796447754,True,3,None
K?bebaNNbq^?,2.384185791015625e-07,0.013655900955200195,True,2,None
K?beb_nnBqZO,0.0,0.12598848342895508,True,6,None
K?beb_n^FoRW,2.384185791015625e-07,0.029762744903564453,True,3,None
K?beb_n^EqVO,4.76837158203125e-07,0.01627826690673828,True,2,None
K?beb_n]ewVG,2.384185791015625e-07,0.04424643516540527,True,2,None
K?beb_nVdq^?,2.384185791015625e-07,0.013689279556274414,True,2,None
K?beb_nNeq^?,2.384185791015625e-07,0.0466001033782959,True,3,None
K?bebRw]P{Qw,2.384185791015625e-07,0.003442049026489258,True,1,None
K?bebRwlRsBw,4.76837158203125e-07,0.04029250144958496,True,2,None
K?bebRwlQ{FW,2.384185791015625e-07,0.0157625675201416,True,2,None
K?bebRwVTeFo,2.384185791015625e-07,0.0034732818603515625,True,1,None
K?bebRw[s{Fg,2.384185791015625e-07,0.003545999526977539,True,1,None
K?bebRw[p{Rg,2.384185791015625e-07,0.003531932830810547,True,1,None
K?bebRwUtiFo,2.384185791015625e-07,0.053069353103637695,True,4,None
K?bebRqV`yVG,2.384185791015625e-07,0.019028425216674805,True,2,None
K?bebRqUpyV_,2.384185791015625e-07,0.033754587173461914,True,3,None
K?bebQynAyMW,2.384185791015625e-07,0.06518149375915527,True,4,None
K?bebQykqyN_,2.384185791015625e-07,0.04422950744628906,True,2,None
K?bebPy^CmVG,2.384185791015625e-07,0.019522428512573242,True,3,None
K?bebPy]TiRo,2.384185791015625e-07,0.03561663627624512,True,4,None
K?bebPyTtqV_,2.384185791015625e-07,0.024784564971923828,True,3,None
K?bebRU]PuV_,7.152557373046875e-07,0.0051729679107666016,True,1,None
K?bebQuUvoFg,2.384185791015625e-07,0.03910636901855469,True,5,None
K?bebO}vBqUW,0.0,0.011539459228515625,True,1,None
K?bebRpUtwFo,2.384185791015625e-07,0.010045051574707031,True,1,None
K?bebRXlRsFo,2.384185791015625e-07,0.055451393127441406,True,6,None
K?bebQx}?}Mo,2.384185791015625e-07,0.0032591819763183594,True,1,None
K?bebQxmayMo,2.384185791015625e-07,0.012595415115356445,True,2,None
K?bebQxmQ{Mo,2.384185791015625e-07,0.031630516052246094,True,3,None
K?bebQxlRsJo,2.384185791015625e-07,0.003650188446044922,True,1,None
K?bebQxNUsMo,0.0,0.04903769493103027,True,7,None
K?bebQxLuwNO,2.384185791015625e-07,0.01672220230102539,True,3,None
K?bebQxFvgNO,2.384185791015625e-07,0.1205143928527832,True,7,None
K?bebPxmUkFo,2.384185791015625e-07,0.006963253021240234,True,1,None
K?bebPxlQ{VO,2.384185791015625e-07,0.06772756576538086,True,8,None
K?bebPxfTsMo,2.384185791015625e-07,0.08145570755004883,True,5,None
K?bebPxetwMo,2.384185791015625e-07,0.07494735717773438,True,7,None
K?bebQtVRsVO,2.384185791015625e-07,0.028273820877075195,True,3,None
K?bebQ\\|@uNO,2.384185791015625e-07,0.0035347938537597656,True,1,None
K?bebQ\\lbsNG,0.0,0.003466367721557617,True,1,None
K?bebQ\\{RsFo,2.384185791015625e-07,0.003809690475463867,True,1,None
K?bebP\\nFcFW,2.384185791015625e-07,0.03588557243347168,True,4,None
K?bebO|vDsMW,2.384185791015625e-07,0.009790182113647461,True,1,None
K?bebO|nBeZO,2.384185791015625e-07,0.14884495735168457,True,12,None
K?bebO|\\TsZO,2.384185791015625e-07,0.028314590454101562,True,1,None
K?bebQrnAyNO,2.384185791015625e-07,0.014161109924316406,True,1,None
K?bebQrNRwZO,2.384185791015625e-07,0.0920248031616211,True,7,None
K?bebPr^CyVO,2.384185791015625e-07,0.014283180236816406,True,2,None
K?bebQZ{`yN_,0.0,0.004005908966064453,True,1,None
K?bebQZmbiN_,0.0,0.04043292999267578,True,3,None
K?bebQZmRwMo,2.384185791015625e-07,0.11470413208007812,True,5,None
K?bebQZlRsN_,0.0,0.0037119388580322266,True,1,None
K?bebPZmfgFg,0.0,0.19720864295959473,True,25,None
K?bebPZ\\TsV_,2.384185791015625e-07,0.14284896850585938,True,15,None
K?bebOzlfoJg,2.384185791015625e-07,0.018967151641845703,True,3,None
K?bebOzlbqZ_,2.384185791015625e-07,0.048285722732543945,True,3,None
K?bebQV^FoFW,4.76837158203125e-07,0.05837655067443848,True,3,None
K?bebOvmbqZ_,2.384185791015625e-07,0.05013561248779297,True,3,None
K?bebOvVTs^?,2.384185791015625e-07,0.009172439575195312,True,1,None
K?be`rw}@]Iw,2.384185791015625e-07,0.016156911849975586,True,1,None
K?be`rwv@]MW,2.384185791015625e-07,0.017993450164794922,True,2,None
K?be`rwlbYJW,2.384185791015625e-07,0.06662893295288086,True,3,None
K?be`rwtRUFo,2.384185791015625e-07,0.019963502883911133,True,3,None
K?be`rsjauNG,2.384185791015625e-07,0.04718375205993652,True,3,None
K?be`rsfRUNO,4.76837158203125e-07,0.013737678527832031,True,2,None
K?be`rsNRUZO,2.384185791015625e-07,0.1335747241973877,True,5,None
K?be`rsNQu\\O,2.384185791015625e-07,0.012045860290527344,True,1,None
K?be`rsbrsNG,2.384185791015625e-07,0.05337953567504883,True,5,None
K?be`rsFvoLW,2.384185791015625e-07,0.042948246002197266,True,3,None
K?be`r[lRUNO,4.76837158203125e-07,0.10171198844909668,True,6,None
K?be`r[hrsNG,2.384185791015625e-07,0.014322757720947266,True,1,None
K?be`q{wqyNO,2.384185791015625e-07,0.039615631103515625,True,3,None
K?be`p{vDUMW,4.76837158203125e-07,0.04633688926696777,True,3,None
K?be`p{nEUMW,2.384185791015625e-07,0.08220195770263672,True,4,None
K?be`p{rbeVG,4.76837158203125e-07,0.013718128204345703,True,1,None
K?be`p{VfEVG,2.384185791015625e-07,0.02867913246154785,True,8,None
K?be`p{Vde\\G,7.152557373046875e-07,0.03607010841369629,True,2,None
K?be`p{fVSMW,0.0,0.04189944267272949,True,3,None
K?be`refRqNO,0.0,0.010832548141479492,True,2,None
K?be`reVPu^?,9.5367431640625e-07,0.053488731384277344,True,6,None
K?be`reNUqNO,4.76837158203125e-07,0.009274721145629883,True,1,None
K?be`reNRqZO,2.384185791015625e-07,0.010115861892700195,True,1,None
K?be`rMlRqNO,2.384185791015625e-07,0.013570547103881836,True,1,None
K?be`rMLrq^?,2.384185791015625e-07,0.009662389755249023,True,1,None
K?be`pm^EeVG,2.384185791015625e-07,0.06508922576904297,True,7,None
K?be`pmubiVG,7.152557373046875e-07,0.13135695457458496,True,8,None
K?be`pmtbqVG,2.384185791015625e-07,0.0724177360534668,True,3,None
K?be`pmleqNG,4.76837158203125e-07,0.04650306701660156,True,4,None
K?be`pmlRqZO,2.384185791015625e-07,0.07955145835876465,True,8,None
K?be`pmNUq]O,2.384185791015625e-07,0.0409393310546875,True,7,None
K?be`rprbqFo,2.384185791015625e-07,0.1709129810333252,True,25,None
K?be`rpNR[ZO,2.384185791015625e-07,0.12802648544311523,True,7,None
K?be`rpNQ{\\O,2.384185791015625e-07,0.034407854080200195,True,5,None
K?be`rpJrwZO,2.384185791015625e-07,0.16392135620117188,True,16,None
K?be`rh}?}Mo,2.384185791015625e-07,0.05660724639892578,True,4,None
K?be`rhfbiNO,2.384185791015625e-07,0.01668381690979004,True,1,None
K?be`rh]S{Mo,2.384185791015625e-07,0.01383662223815918,True,1,None
K?be`rhlRsJo,2.384185791015625e-07,0.04001450538635254,True,4,None
K?be`rhLuwNO,2.384185791015625e-07,0.012126445770263672,True,2,None
K?be`rhLrwZO,2.384185791015625e-07,0.13987445831298828,True,7,None
K?be`rhFvgNO,2.384185791015625e-07,0.02940082550048828,True,5,None
K?be`qx}A]Mo,2.384185791015625e-07,0.049004316329956055,True,4,None
K?be`pxmU[Mo,2.384185791015625e-07,0.016215085983276367,True,1,None
K?be`px]VKRo,2.384185791015625e-07,0.0696568489074707,True,4,None
K?be`pxjUsMo,2.384185791015625e-07,0.013347625732421875,True,2,None
K?be`pxVVcTo,2.384185791015625e-07,0.019756555557250977,True,4,None
K?be`pxVVSUo,2.384185791015625e-07,0.11236262321472168,True,8,None
K?be`pxLuw\\O,2.384185791015625e-07,0.013607263565063477,True,1,None
K?be`pxbvoMo,2.384185791015625e-07,0.07509636878967285,True,7,None
K?be`rdVdsNG,2.384185791015625e-07,0.04114198684692383,True,2,None
K?be`rdUvoFo,2.384185791015625e-07,0.07485628128051758,True,4,None
K?be`rdMrwZO,2.384185791015625e-07,0.12332296371459961,True,5,None
K?be`rTnBUNO,2.384185791015625e-07,0.09224629402160645,True,4,None
K?be`rTjbqNO,4.76837158203125e-07,0.023758888244628906,True,4,None
K?be`rTMrs\\_,2.384185791015625e-07,0.17434978485107422,True,13,None
K?be`qtVVSNO,2.384185791015625e-07,0.01586461067199707,True,1,None
K?be`ptZfoRW,2.384185791015625e-07,0.0036895275115966797,True,1,None
K?be`ptVds\\G,7.152557373046875e-07,0.015004158020019531,True,1,None
K?be`ptVdU^?,4.76837158203125e-07,0.11350440979003906,True,5,None
K?be`ptNeq\\O,2.384185791015625e-07,0.01080179214477539,True,1,None
K?be`ptNeU^?,2.384185791015625e-07,0.056862592697143555,True,4,None
K?be`pters\\_,2.384185791015625e-07,0.05574679374694824,True,3,None
K?be`ptMuw\\O,2.384185791015625e-07,0.01708054542541504,True,1,None
K?be`ptMu[^?,2.384185791015625e-07,0.0281980037689209,True,2,None
K?be`rL}@uMo,2.384185791015625e-07,0.014552831649780273,True,1,None
K?be`rLmRsMo,2.384185791015625e-07,0.0480656623840332,True,4,None
K?be`ql}AuMo,2.384185791015625e-07,0.03521585464477539,True,4,None
K?be`qlvBsMW,2.384185791015625e-07,0.0035529136657714844,True,1,None
K?be`qltbqNO,2.384185791015625e-07,0.015771865844726562,True,2,None
K?be`pl|AuVO,2.384185791015625e-07,0.10106658935546875,True,7,None
K?be`pl|@uZO,2.384185791015625e-07,0.0367741584777832,True,3,None
K?be`pltbsVG,2.384185791015625e-07,0.13125824928283691,True,8,None
K?be`plt`u^?,2.384185791015625e-07,0.07294964790344238,True,3,None
K?be`plleqNO,2.384185791015625e-07,0.013316631317138672,True,3,None
K?be`pllbqZO,2.384185791015625e-07,0.04802751541137695,True,7,None
K?be`plffaNO,2.384185791015625e-07,0.05028343200683594,True,5,None
K?be`plVds]G,2.384185791015625e-07,0.14351558685302734,True,8,None
K?be`pl\\TsZO,2.384185791015625e-07,0.04278206825256348,True,5,None
K?be`plkrwZO,2.384185791015625e-07,0.03785085678100586,True,2,None
K?be`pl[s{^?,2.384185791015625e-07,0.01651620864868164,True,3,None
K?be`q\\}BUMo,4.76837158203125e-07,0.0324857234954834,True,2,None
K?be`q\\{bUN_,2.384185791015625e-07,0.05472993850708008,True,5,None
K?be`p\\lfoLW,2.384185791015625e-07,0.0122222900390625,True,3,None
K?be`p\\krs\\_,2.384185791015625e-07,0.03937697410583496,True,2,None
K?be`p\\[t[^?,4.76837158203125e-07,0.01871800422668457,True,2,None
K?be`p\\MvS]_,2.384185791015625e-07,0.0435948371887207,True,2,None
K?be`o|zBeZO,2.384185791015625e-07,0.051789283752441406,True,8,None
K?be`o|tbq\\O,4.76837158203125e-07,0.11637449264526367,True,7,None
K?be`o|rfaNO,2.384185791015625e-07,0.05624890327453613,True,4,None
K?be`o|\\VSZO,4.76837158203125e-07,0.07575392723083496,True,4,None
K?be`rF^BsVG,2.384185791015625e-07,0.006108760833740234,True,1,None
K?be`qf^BqZO,0.0,0.08104062080383301,True,10,None
K?be`pfvDsNG,4.76837158203125e-07,0.029787540435791016,True,1,None
K?be`pfvBsVG,2.384185791015625e-07,0.0341181755065918,True,2,None
K?be`pfnBqZO,0.0,0.11886954307556152,True,8,None
K?be`pfubwVG,2.384185791015625e-07,0.07527661323547363,True,6,None
K?be`pNnFaNO,2.384185791015625e-07,0.048880577087402344,True,2,None
K?be`pNlbq^?,2.384185791015625e-07,0.04825115203857422,True,3,None
K?be`pN\\VoVO,2.384185791015625e-07,0.04004549980163574,True,3,None
K?be`ontbq^?,4.76837158203125e-07,0.01228189468383789,True,1,None
K?bef`wfPtLo,2.384185791015625e-07,0.03939390182495117,True,4,None
K?befPwmQlFo,2.384185791015625e-07,0.06681060791015625,True,4,None
K?befPwmO|Mo,2.384185791015625e-07,0.0035092830657958984,True,1,None
K?befPwfRdFo,2.384185791015625e-07,0.05054664611816406,True,4,None
K?befPwkq{Fc,2.384185791015625e-07,0.003545999526977539,True,1,None
K?befPwerhFo,0.0,0.021494626998901367,True,2,None
K?befO{uPtMo,2.384185791015625e-07,0.05632281303405762,True,5,None
K?befO{sp{NC,4.76837158203125e-07,0.04341745376586914,True,1,None
K?bedpwmQ\\Mo,2.384185791015625e-07,0.11680030822753906,True,7,None
K?bedpsRjsVG,2.384185791015625e-07,0.011920928955078125,True,2,None
K?bedpsFjq\\O,4.76837158203125e-07,0.01869988441467285,True,3,None
K?bedpkNMeNO,2.384185791015625e-07,0.06402325630187988,True,7,None
K?bedpkNJeZO,0.0,0.01251983642578125,True,1,None
K?bedpk[i{VG,2.384185791015625e-07,0.11888360977172852,True,15,None
K?bedpkTjsVG,2.384185791015625e-07,0.07676911354064941,True,6,None
K?bedpkFnaNO,2.384185791015625e-07,0.013714313507080078,True,3,None
K?bedp[jbeNC,2.384185791015625e-07,0.00436854362487793,True,1,None
K?bedp[mRTMo,0.0,0.05236172676086426,True,7,None
K?bedp[[j[VG,2.384185791015625e-07,0.11361575126647949,True,5,None
K?bedo{yQlNO,2.384185791015625e-07,0.01423954963684082,True,3,None
K?bedo{uRdLo,2.384185791015625e-07,0.015289783477783203,True,2,None
K?bedo{uRTMo,2.384185791015625e-07,0.05212759971618652,True,4,None
K?bedo{srwLS,4.76837158203125e-07,0.013860225677490234,True,1,None
K?befGyNVoJS,4.76837158203125e-07,0.12345266342163086,True,6,None
K?beehw]HuTo,2.384185791015625e-07,0.052110910415649414,True,4,None
K?beehi]PxVO,2.384185791015625e-07,0.05997610092163086,True,4,None
K?beehiMnoFg,2.384185791015625e-07,0.013115644454956055,True,3,None
K?beegyjRsNC,2.384185791015625e-07,0.10438227653503418,True,6,None
K?beegyMjq\\_,2.384185791015625e-07,0.01653909683227539,True,3,None
K?bedhiUjwVG,4.76837158203125e-07,0.10509228706359863,True,7,None
K?bebjWZ`uVC,2.384185791015625e-07,0.043909549713134766,True,5,None
K?bebjWmH{LW,7.152557373046875e-07,0.011617183685302734,True,1,None
K?bebjWYhuV_,0.0,0.13187813758850098,True,8,None
K?bebhwrTsFS,2.384185791015625e-07,0.037641048431396484,True,3,None
K?bebhwjQtVO,2.384185791015625e-07,0.0583043098449707,True,5,None
K?bebhwfVSFS,2.384185791015625e-07,0.08904576301574707,True,5,None
K?bebhwYkyVO,4.76837158203125e-07,0.02006220817565918,True,4,None
K?bebhwUl[VG,0.0,0.024173498153686523,True,2,None
K?beeXwmRdFo,2.384185791015625e-07,0.15599751472473145,True,8,None
K?beeXwmPtMo,2.384185791015625e-07,0.048513174057006836,True,2,None
K?beeXq]PtV_,2.384185791015625e-07,0.0037314891815185547,True,1,None
K?beeWy{P{NC,2.384185791015625e-07,0.016492843627929688,True,1,None
K?beeWymRdN_,4.76837158203125e-07,0.05106043815612793,True,4,None
K?bebXw{TsBs,4.76837158203125e-07,0.09457802772521973,True,5,None
K?bebXwVTsUS,2.384185791015625e-07,0.016002893447875977,True,1,None
K?becxwirpMo,0.0,0.08512020111083984,True,9,None
K?becxqy`xNG,4.76837158203125e-07,0.011202335357666016,True,1,None
K?becxi|@uNC,2.384185791015625e-07,0.03925728797912598,True,2,None
K?becxinBsMK,2.384185791015625e-07,0.010367631912231445,True,1,None
K?becxinBeNC,1.6689300537109375e-06,0.13889265060424805,True,11,None
K?becxi{RpFo,0.0,0.05844426155090332,True,3,None
K?becxilRsNC,4.76837158203125e-07,0.012616872787475586,True,1,None
K?becwy{bYNC,2.384185791015625e-07,0.01798844337463379,True,3,None
K?becwy{bRN_,4.76837158203125e-07,0.01468038558959961,True,1,None
K?becwyyRdN_,2.384185791015625e-07,0.1691596508026123,True,14,None
K?becwyxRsNC,2.384185791015625e-07,0.014847755432128906,True,1,None
K?becwy[jq\\_,2.384185791015625e-07,0.014130353927612305,True,1,None
K?beazoZ`uVC,2.384185791015625e-07,0.013718128204345703,True,1,None
K?beazoYhuV_,2.384185791015625e-07,0.04838895797729492,True,4,None
K?beaxwx`uVC,2.384185791015625e-07,0.07768535614013672,True,5,None
K?beaxwx`rVO,2.384185791015625e-07,0.060910701751708984,True,4,None
K?beaxw]LeTo,4.76837158203125e-07,0.014369726181030273,True,1,None
K?beaxw[lUV_,2.384185791015625e-07,0.08376336097717285,True,5,None
K?be`zorbpFW,2.384185791015625e-07,0.03471565246582031,True,1,None
K?be`zoZPtZO,2.384185791015625e-07,0.014365434646606445,True,3,None
K?be`zoNQt\\O,2.384185791015625e-07,0.012407541275024414,True,1,None
K?be`zWjbeNC,0.0,0.011174201965332031,True,1,None
K?be`xwxQtVO,2.384185791015625e-07,0.030340909957885742,True,2,None
K?be`xwbvcNC,2.384185791015625e-07,0.16489863395690918,True,16,None
K?be`xYknoLg,2.384185791015625e-07,0.027857303619384766,True,1,None
K?bav`w]T[Qs,2.384185791015625e-07,0.0037314891815185547,True,1,None
K?batqwvBMMS,4.76837158203125e-07,0.10829854011535645,True,9,None
K?batqwVRk[S,2.384185791015625e-07,0.06578254699707031,True,7,None
K?batqwprdN_,2.384185791015625e-07,0.010795116424560547,True,2,None
K?bavJoUlwFW,2.384185791015625e-07,0.03296852111816406,True,3,None
K?bavIwfbqMS,7.152557373046875e-07,0.014917373657226562,True,3,None
K?bavIwfbeNC,2.384185791015625e-07,0.16454815864562988,True,9,None
K?bavIwNRdZO,2.384185791015625e-07,0.19841337203979492,True,19,None
K?bavIwNQt]O,2.384185791015625e-07,0.018440723419189453,True,2,None
K?bavIwdrsNC,2.384185791015625e-07,0.004074573516845703,True,1,None
K?bavIwTrsVC,0.0,0.11787748336791992,True,6,None
K?bavHwv@tUW,2.384185791015625e-07,0.06440377235412598,True,2,None
K?bavHw^CtUW,2.384185791015625e-07,0.0039212703704833984,True,1,None
K?bavHwVdqUS,2.384185791015625e-07,0.03950238227844238,True,4,None
K?bavHwVdeVC,2.384185791015625e-07,0.08106493949890137,True,5,None
K?bavHwVTsUS,4.76837158203125e-07,0.0036437511444091797,True,1,None
K?bavHw]KmVO,2.384185791015625e-07,0.015126228332519531,True,2,None
K?bavHYNTd^?,2.384185791015625e-07,0.011651754379272461,True,1,None
K?baujoZ`uVC,0.0,0.014358282089233398,True,4,None
K?baujoYhuV_,2.384185791015625e-07,0.020428895950317383,True,3,None
K?baujgn@uMS,2.384185791015625e-07,0.019505023956298828,True,3,None
K?baujg]HuUo,2.384185791015625e-07,0.017888545989990234,True,4,None
K?bauhilVoFS,2.384185791015625e-07,0.015673160552978516,True,2,None
K?batjgfbdNG,2.384185791015625e-07,0.01610088348388672,True,3,None
K?batjguH{MW,2.384185791015625e-07,0.013998985290527344,True,2,None
K?bathw|CuLS,4.76837158203125e-07,0.08614897727966309,True,6,None
K?bathwjeqMS,2.384185791015625e-07,0.018728256225585938,True,2,None
K?bathilVoJS,2.384185791015625e-07,0.16197776794433594,True,18,None
K?barjorTsFS,2.384185791015625e-07,0.003922700881958008,True,1,None
K?barjoZStVO,0.0,0.0037403106689453125,True,1,None
K?barjofVSFS,0.0,0.15741872787475586,True,14,None
K?barjoVTsTS,4.76837158203125e-07,0.0038421154022216797,True,1,None
K?barjoNTsXS,2.384185791015625e-07,0.039101600646972656,True,5,None
K?bariw\\eUVC,2.384185791015625e-07,0.16565775871276855,True,14,None
K?bariwjRdZO,4.76837158203125e-07,0.1517336368560791,True,11,None
K?bariwYukVC,0.0,0.01648688316345215,True,2,None
K?bariwUvKVC,0.0,0.022627830505371094,True,3,None
K?bariwbvcNC,2.384185791015625e-07,0.13513493537902832,True,10,None
K?bariwbrs]C,4.76837158203125e-07,0.15818023681640625,True,9,None
K?barhwuTTUo,2.384185791015625e-07,0.022182703018188477,True,3,None
K?barhwqtpUo,2.384185791015625e-07,0.003922939300537109,True,1,None
K?barjQ]TTV_,2.384185791015625e-07,0.003733396530151367,True,1,None
K?bariqVTT^?,2.384185791015625e-07,0.06976962089538574,True,6,None
K?bariqNUT^?,2.384185791015625e-07,0.0456085205078125,True,3,None
K?barjI]TsUc,4.76837158203125e-07,0.0038132667541503906,True,1,None
K?barjIkjqV_,2.384185791015625e-07,0.0037055015563964844,True,1,None
K?barii\\UsVC,0.0,0.07091188430786133,True,7,None
K?barii[noRg,2.384185791015625e-07,0.03977799415588379,True,5,None
K?barhi|CrVO,2.384185791015625e-07,0.010827302932739258,True,2,None
K?bariYwjqV_,2.384185791015625e-07,0.0035924911499023438,True,1,None
K?bariY[lY^?,0.0,0.06394314765930176,True,3,None
K?bariYinoMg,2.384185791015625e-07,0.039531707763671875,True,3,None
K?barhYknoTg,2.384185791015625e-07,0.1381068229675293,True,11,None
K?barhYknQV_,4.76837158203125e-07,0.122955322265625,True,5,None
K?bargyxUsVC,2.384185791015625e-07,0.13347530364990234,True,15,None
K?bargyslY^?,2.384185791015625e-07,0.015984773635864258,True,2,None
K?`vBRwstwBw,2.384185791015625e-07,0.004097938537597656,True,1,None
K?`vBRwspyRo,2.384185791015625e-07,0.01515650749206543,True,3,None
K?`vBRsVcuVG,2.384185791015625e-07,0.014789104461669922,True,1,None
K?`vBRYmeiFg,9.5367431640625e-07,0.02193140983581543,True,4,None
K?`vBPy}CmRg,2.384185791015625e-07,0.0037682056427001953,True,1,None
K?`vBRUMuqV_,2.384185791015625e-07,0.01955389976501465,True,2,None
K?`vBQ]vDqMW,2.384185791015625e-07,0.013827800750732422,True,2,None
K?`vBQ][sy^?,4.76837158203125e-07,0.04218244552612305,True,5,None
K?`vBQ]evoMg,2.384185791015625e-07,0.0157010555267334,True,2,None
K?`vBQ]UvgVG,2.384185791015625e-07,0.017002344131469727,True,2,None
K?`vBP]uTiVO,4.76837158203125e-07,0.0036144256591796875,True,1,None
K?`vBP]lSu^?,2.384185791015625e-07,0.016150474548339844,True,2,None
K?`vBRRNdqZ_,2.384185791015625e-07,0.13222098350524902,True,5,None
K?`vBQZudwMg,2.384185791015625e-07,0.05186343193054199,True,4,None
K?`vArsZcuVG,2.384185791015625e-07,0.1392054557800293,True,10,None
K?`vAq{jbeZG,2.384185791015625e-07,0.19390392303466797,True,19,None
K?`vAq{ffQMW,2.384185791015625e-07,0.019057273864746094,True,2,None
K?`vAq{brs]G,4.76837158203125e-07,0.05841851234436035,True,6,None
K?`vArqudYFg,1.1920928955078125e-06,0.014464855194091797,True,2,None
K?`vArqr`yVG,0.0,0.019216299057006836,True,2,None
K?`vArqZcyVG,2.384185791015625e-07,0.021364927291870117,True,1,None
K?`vArqqpyV_,4.76837158203125e-07,0.12191581726074219,True,8,None
K?`vArqFvoTg,4.76837158203125e-07,0.04004311561584473,True,3,None
K?`vArqFvQV_,2.384185791015625e-07,0.08950328826904297,True,5,None
K?`vArqFtq\\_,2.384185791015625e-07,0.14439606666564941,True,4,None
K?`vAriNdiZG,2.384185791015625e-07,0.18394064903259277,True,14,None
K?`vArYXtqV_,2.384185791015625e-07,0.16898465156555176,True,12,None
K?`vAqy{dYJg,0.0,0.02132248878479004,True,2,None
K?`vAqyudiLg,2.384185791015625e-07,0.020906448364257812,True,2,None
K?`vAqyudYMg,7.152557373046875e-07,0.12701940536499023,True,9,None
K?`vAqymfIJg,2.384185791015625e-07,0.01500248908996582,True,2,None
K?`vApyptwVG,2.384185791015625e-07,0.03203606605529785,True,2,None
K?`vAre]SuV_,2.384185791015625e-07,0.027385950088500977,True,3,None
K?`vArefRqVO,4.76837158203125e-07,0.04232645034790039,True,3,None
K?`vAreMtwZG,2.384185791015625e-07,0.060597896575927734,True,5,None
K?`vAreMtqZ_,4.76837158203125e-07,0.11099839210510254,True,6,None
K?`vAqujRsZG,4.76837158203125e-07,0.04058218002319336,True,3,None
K?`vAquZTsZG,2.384185791015625e-07,0.023619651794433594,True,2,None
K?`vAquZSu^?,2.384185791015625e-07,0.011931180953979492,True,2,None
K?`vAquVTq\\O,2.384185791015625e-07,0.011528253555297852,True,2,None
K?`vAquNUs\\G,2.384185791015625e-07,0.09238839149475098,True,5,None
K?`vAquYvoRg,4.76837158203125e-07,0.013405799865722656,True,2,None
K?`vAquYtwZG,2.384185791015625e-07,0.04825234413146973,True,6,None
K?`vApujTsZG,2.384185791015625e-07,0.08252573013305664,True,6,None
K?`vArMmdqMg,0.0,0.06823253631591797,True,5,None
K?`vAqmvDqMW,2.384185791015625e-07,0.010478019714355469,True,1,None
K?`vAqmmeqMg,0.0,0.016992568969726562,True,2,None
K?`vAq]mfQMg,2.384185791015625e-07,0.07487368583679199,True,6,None
K?`vAq][tq\\_,2.384185791015625e-07,0.010215997695922852,True,2,None
K?`vAo}ufQUg,2.384185791015625e-07,0.011313915252685547,True,1,None
K?`vAo}xUsVG,0.0,0.012268543243408203,True,2,None
K?`vAo}xSu^?,0.0,0.11503815650939941,True,9,None
K?`vAo}fVQ]O,2.384185791015625e-07,0.014817237854003906,True,3,None
K?`vArb}@yRo,0.0,0.023180007934570312,True,5,None
K?`vArbVdqV_,2.384185791015625e-07,0.003822803497314453,True,1,None
K?`vArR}@{Tg,0.0,0.0399632453918457,True,3,None
K?`vArRNdq\\_,7.152557373046875e-07,0.016204118728637695,True,3,None
K?`vAqrVdq\\_,2.384185791015625e-07,0.014888525009155273,True,2,None
K?`vAqrNew\\G,4.76837158203125e-07,0.011052131652832031,True,2,None
K?`vAqriuwN_,4.76837158203125e-07,0.04103899002075195,True,2,None
K?`vAqrMvWZ_,2.384185791015625e-07,0.011277198791503906,True,1,None
K?`vApriuwV_,4.76837158203125e-07,0.10995006561279297,True,6,None
K?`vArJmdwMg,2.384185791015625e-07,0.027064085006713867,True,5,None
K?`vAqjudwMg,2.384185791015625e-07,0.05060601234436035,True,4,None
K?`vAqjmewMg,4.76837158203125e-07,0.003383159637451172,True,1,None
K?`vAqjlbwZG,2.384185791015625e-07,0.047106266021728516,True,5,None
K?`vAqjffoMg,2.384185791015625e-07,0.030916690826416016,True,4,None
K?`vArFMtw^?,2.384185791015625e-07,0.07164788246154785,True,7,None
K?`vAqfUvoV_,2.384185791015625e-07,0.013871908187866211,True,2,None
K?`vAqfMuw^?,2.384185791015625e-07,0.011408090591430664,True,1,None
K?`vApfmdwZG,2.384185791015625e-07,0.037412166595458984,True,2,None
K?`vApfetw^?,0.0,0.07014989852905273,True,8,None
K?`vAqV]fQV_,4.76837158203125e-07,0.009829521179199219,True,1,None
K?`vAqV]dq\\_,2.384185791015625e-07,0.12900948524475098,True,8,None
K?`vAqV]VoTo,0.0,0.0034782886505126953,True,1,None
K?`vAqVZTs^?,2.384185791015625e-07,0.01491856575012207,True,3,None
K?`vAqVMvW^?,2.384185791015625e-07,0.012113332748413086,True,1,None
K?`vAovzDsZG,2.384185791015625e-07,0.013953447341918945,True,1,None
K?`vAovydwZG,2.384185791015625e-07,0.014752388000488281,True,3,None
K?`vAovmew\\G,4.76837158203125e-07,0.013332605361938477,True,3,None
K?`vAovqtw^?,2.384185791015625e-07,0.07416987419128418,True,5,None
K?`vAoviuw^?,4.76837158203125e-07,0.06867623329162598,True,6,None
K?`vAqNmfaN_,0.0,0.006041526794433594,True,1,None
K?`vAqNkrw^?,2.384185791015625e-07,0.012779712677001953,True,3,None
K?`vFPwVLkRW,2.384185791015625e-07,0.17026591300964355,True,13,None
K?`vEpwrdeFc,0.0,0.05042719841003418,True,5,None
K?`vEpw]S\\Uo,4.76837158203125e-07,0.0883488655090332,True,7,None
K?`vEpwtL[FW,2.384185791015625e-07,0.018268823623657227,True,3,None
K?`vEpwplqFo,2.384185791015625e-07,0.05286669731140137,True,3,None
K?`vBjWJtsZC,2.384185791015625e-07,0.0680246353149414,True,5,None
K?`vBjWFtp\\O,2.384185791015625e-07,0.010086774826049805,True,1,None
K?`vBjIfRpVO,2.384185791015625e-07,0.01718616485595703,True,4,None
K?`vBjINTsZC,2.384185791015625e-07,0.053368568420410156,True,5,None
K?`vBjIUlwVG,2.384185791015625e-07,0.0033397674560546875,True,1,None
K?`vBhivCtVG,0.0,0.033776283264160156,True,2,None
K?`vBhYjVoRS,4.76837158203125e-07,0.012105464935302734,True,1,None
K?`vBZWl`uZC,4.76837158203125e-07,0.06366944313049316,True,8,None
K?`vBXwtcuVC,2.384185791015625e-07,0.046111106872558594,True,2,None
K?`vBXwskuV_,2.384185791015625e-07,0.08188319206237793,True,4,None
K?`vBYY[ky^?,2.384185791015625e-07,0.010931730270385742,True,2,None
K?`vBYYUngVG,2.384185791015625e-07,0.003379344940185547,True,1,None
K?`vFDwuH{Rg,0.0,0.0120849609375,True,2,None
K?`vEfg]H{Rg,2.384185791015625e-07,0.01206350326538086,True,1,None
K?`vEfg]HyRo,2.384185791015625e-07,0.016367435455322266,True,2,None
K?`vEfgfJsFg,4.76837158203125e-07,0.0161440372467041,True,2,None
K?`vEfgfHuN_,2.384185791015625e-07,0.005804300308227539,True,1,None
K?`vEVWlRwFS,0.0,0.019555330276489258,True,2,None
K?`vETw]ThRo,2.384185791015625e-07,0.003361225128173828,True,1,None
K?`vETw[twRc,0.0,0.011813640594482422,True,2,None
K?`vETwMtwYc,4.76837158203125e-07,0.0515589714050293,True,6,None
K?`vCvgt`xNG,4.76837158203125e-07,0.0218508243560791,True,2,None
K?`vCvgfbwMK,4.76837158203125e-07,0.00333404541015625,True,1,None
K?`vCvgfbhNG,2.384185791015625e-07,0.0033261775970458984,True,1,None
K?`vCvgfRwMS,0.0,0.05067753791809082,True,4,None
K?`vCvgfRpMo,4.76837158203125e-07,0.013757705688476562,True,1,None
K?`vCvgfRhNO,2.384185791015625e-07,0.014452934265136719,True,1,None
K?`vCvWxH{NG,2.384185791015625e-07,0.06980133056640625,True,5,None
K?`vCtwycyMc,2.384185791015625e-07,0.013428449630737305,True,1,None
K?`vCtwyS{Mc,2.384185791015625e-07,0.003340005874633789,True,1,None
K?`vAvoVTTV_,2.384185791015625e-07,0.04293084144592285,True,4,None
K?`vAvK{`rV_,2.384185791015625e-07,0.0032913684844970703,True,1,None
K?`rfBkUsyVO,2.384185791015625e-07,0.13649392127990723,True,7,None
K?`rfB[z@uRW,2.384185791015625e-07,0.057874202728271484,True,2,None
K?`rfB[r`uVG,2.384185791015625e-07,0.013948678970336914,True,1,None
K?`rfA]v@u\\G,2.384185791015625e-07,0.0392453670501709,True,1,None
K?`rfA]^EqTW,2.384185791015625e-07,0.14984941482543945,True,5,None
K?`rfA]fRs\\G,2.384185791015625e-07,0.01394200325012207,True,3,None
K?`rfBXNVSRo,0.0,0.019848108291625977,True,1,None
K?`rf@xrcyVO,2.384185791015625e-07,0.0639960765838623,True,7,None
K?`rfBL]S{VO,2.384185791015625e-07,0.08061051368713379,True,10,None
K?`rfBLUtwVO,2.384185791015625e-07,0.03481101989746094,True,3,None
K?`rf@\\jTsZO,0.0,0.01699376106262207,True,2,None
K?`rfANvBsVG,2.384185791015625e-07,0.01838231086730957,True,3,None
K?`rfAN]UwVO,2.384185791015625e-07,0.011793851852416992,True,1,None
K?`rfANVTs^?,2.384185791015625e-07,0.016371488571166992,True,3,None
K?`rf?^vDs\\G,2.384185791015625e-07,0.07565498352050781,True,4,None
K?`reRsr`uVG,2.384185791015625e-07,0.011868476867675781,True,3,None
K?`reRsj`uZG,2.384185791015625e-07,0.08725690841674805,True,5,None
K?`reRsZcuVG,2.384185791015625e-07,0.15633773803710938,True,9,None
K?`reRk}CuEw,2.384185791015625e-07,0.0732879638671875,True,4,None
K?`reReNdqZG,2.384185791015625e-07,0.12456679344177246,True,9,None
K?`reQu^EUVG,2.384185791015625e-07,0.04855227470397949,True,2,None
K?`reQuNfQZG,0.0,0.1743924617767334,True,17,None
K?`reQuZSu^?,2.384185791015625e-07,0.0758657455444336,True,7,None
K?`reQuNUU^?,2.384185791015625e-07,0.10022354125976562,True,8,None
K?`reQubrq^?,2.384185791015625e-07,0.03470253944396973,True,5,None
K?`reRp]T[Ro,2.384185791015625e-07,0.15036654472351074,True,9,None
K?`reQx{P{Xo,2.384185791015625e-07,0.01372075080871582,True,3,None
K?`reRdMs{^?,2.384185791015625e-07,0.017950773239135742,True,1,None
K?`reQtZdsZG,2.384185791015625e-07,0.12842822074890137,True,3,None
K?`reQtMu[^?,2.384185791015625e-07,0.018867969512939453,True,3,None
K?`rePtjdsZG,4.76837158203125e-07,0.09417438507080078,True,7,None
K?`reRL{`uV_,2.384185791015625e-07,0.014245986938476562,True,2,None
K?`reRL[tsV_,2.384185791015625e-07,0.04267716407775879,True,4,None
K?`reQl[s{^?,2.384185791015625e-07,0.01795339584350586,True,4,None
K?`reRFNdq^?,2.384185791015625e-07,0.041216373443603516,True,3,None
K?`reRF]TwVO,4.76837158203125e-07,0.017795324325561523,True,1,None
K?`reQf^DsZG,4.76837158203125e-07,0.015228509902954102,True,2,None
K?`reQfNfoZG,2.384185791015625e-07,0.009928703308105469,True,1,None
K?`reQffRs^?,4.76837158203125e-07,0.014225006103515625,True,1,None
K?`rePfvDqVO,4.76837158203125e-07,0.14663290977478027,True,12,None
K?`rePffdq^?,2.384185791015625e-07,0.14236903190612793,True,5,None
K?`reOvzDsZG,0.0,0.06779789924621582,True,5,None
K?`reOvrTs^?,2.384185791015625e-07,0.12900090217590332,True,9,None
K?`rfJWuT[FS,2.384185791015625e-07,0.1764516830444336,True,16,None
K?`rfJWMt[ZC,2.384185791015625e-07,0.011759281158447266,True,1,None
K?`rfJWbrsVC,2.384185791015625e-07,0.05648326873779297,True,5,None
K?`rfHivCtVG,0.0,0.004227399826049805,True,1,None
K?`rfHivCrVO,2.384185791015625e-07,0.0059545040130615234,True,1,None
K?`rfHiuS{VC,2.384185791015625e-07,0.042224884033203125,True,2,None
K?`rfIYrRsVC,2.384185791015625e-07,0.013170480728149414,True,1,None
K?`rfIYVTT^?,2.384185791015625e-07,0.01761341094970703,True,4,None
K?`rbjIjTsZC,0.0,0.1411576271057129,True,10,None
K?`reYw\\eUVC,2.384185791015625e-07,0.15645170211791992,True,8,None
K?`reYw[u[VC,2.384185791015625e-07,0.13443946838378906,True,11,None
K?`uV`wyPlRo,0.0,0.01565718650817871,True,1,None
K?`uVHwUleV_,2.384185791015625e-07,0.05083203315734863,True,3,None
K?`uTjgerdN_,2.384185791015625e-07,0.02113938331604004,True,2,None
K?`uTjg{IuFo,2.384185791015625e-07,0.07153010368347168,True,3,None
K?`uTjgkiuN_,2.384185791015625e-07,0.06882476806640625,True,4,None
K?`uTjgUlsMg,9.5367431640625e-07,0.14144158363342285,True,10,None
K?`uTiwRvoMS,2.384185791015625e-07,0.003558635711669922,True,1,None
K?`uTiwRrp]O,0.0,0.12741875648498535,True,5,None
K?`uTiwwiuN_,2.384185791015625e-07,0.003804922103881836,True,1,None
K?`uTiwqjsMg,2.384185791015625e-07,0.012692451477050781,True,1,None
K?`uRjoNTTZO,2.384185791015625e-07,0.02662062644958496,True,3,None
K?`uRjoJtpZO,4.76837158203125e-07,0.052478790283203125,True,3,None
K?`uRjglPtZO,2.384185791015625e-07,0.1312727928161621,True,4,None
K?`uRjgLtpZO,0.0,0.03645801544189453,True,3,None
K?`uRiwrTsMS,0.0,0.007033824920654297,True,1,None
K?`uRiwprsVC,2.384185791015625e-07,0.011453628540039062,True,1,None
K?`uRiwXtpZO,2.384185791015625e-07,0.10304665565490723,True,6,None
K?`uRiwqlsMg,2.384185791015625e-07,0.18358230590820312,True,17,None
K?`uRiimepMg,2.384185791015625e-07,0.019464731216430664,True,2,None
K?`uRii\\UsVC,2.384185791015625e-07,0.5532956123352051,True,94,None
K?`uRii[ky^?,2.384185791015625e-07,0.14197182655334473,True,8,None
K?`uRiienoMg,2.384185791015625e-07,0.49418139457702637,True,84,None
K?`uUVo[pxV_,2.384185791015625e-07,0.1851503849029541,True,16,None
K?`uUUwnBhMW,2.384185791015625e-07,0.1135408878326416,True,7,None
K?`uTVoerwMc,2.384185791015625e-07,0.1226816177368164,True,15,None
K?`uTVWnBdMg,2.384185791015625e-07,0.04980063438415527,True,4,None
K?bNBbw\\`yRW,2.384185791015625e-07,0.039461374282836914,True,3,None
K?bNBbw\\P{RW,2.384185791015625e-07,0.021414756774902344,True,2,None
K?bNBbsUp{VG,2.384185791015625e-07,0.01851487159729004,True,1,None
K?bNBa{^@uYW,2.384185791015625e-07,0.08070874214172363,True,2,None
K?bNB`{UtkVG,0.0,0.17286396026611328,True,17,None
K?bNBaylQuN_,4.76837158203125e-07,0.04464077949523926,True,5,None
K?bNB`uMvoRg,2.384185791015625e-07,0.05527901649475098,True,7,None
K?bNB`uMtqZ_,0.0,0.045658111572265625,True,5,None
K?bNBa]lRqNO,4.76837158203125e-07,0.04831957817077637,True,6,None
K?bNBa]NVoMW,2.384185791015625e-07,0.016988277435302734,True,3,None
K?bNB`]lRqVO,2.384185791015625e-07,0.003676891326904297,True,1,None
K?bNB`]\\TqVO,2.384185791015625e-07,0.003475666046142578,True,1,None
K?bNBbpV`yVO,2.384185791015625e-07,0.020006179809570312,True,2,None
K?bNBbpmQ{Fo,4.76837158203125e-07,0.05870532989501953,True,4,None
K?bNBbpVP{VO,4.76837158203125e-07,0.047804832458496094,True,2,None
K?bNBbX^DkFW,2.384185791015625e-07,0.010229110717773438,True,1,None
K?bNB`xetwMo,2.384185791015625e-07,0.010883808135986328,True,1,None
K?bNBbTm`{NG,4.76837158203125e-07,0.011267662048339844,True,1,None
K?bNBbTmRsFo,2.384185791015625e-07,0.041030168533325195,True,5,None
K?bNBa\\lbqNO,2.384185791015625e-07,0.024010181427001953,True,5,None
K?bNBa\\mRsMo,2.384185791015625e-07,0.07189297676086426,True,10,None
K?bNBarubwFg,2.384185791015625e-07,0.03446221351623535,True,1,None
K?bNBar]`yZ_,4.76837158203125e-07,0.05583381652832031,True,4,None
K?bNBarmRwJo,2.384185791015625e-07,0.014398336410522461,True,3,None
K?bNB`ZkrwV_,2.384185791015625e-07,0.053011417388916016,True,7,None
K?bNB_z]diZ_,2.384185791015625e-07,0.11006045341491699,True,8,None
K?bNB_z\\TsZ_,2.384185791015625e-07,0.03934884071350098,True,6,None
K?bNB_zkrwZ_,2.384185791015625e-07,0.21358418464660645,True,24,None
K?bNB_v]dqZ_,2.384185791015625e-07,0.04671740531921387,True,2,None
K?bNB_^]foUg,2.384185791015625e-07,0.1363215446472168,True,14,None
K?bNB_^]fgVG,4.76837158203125e-07,0.01277923583984375,True,2,None
K?bNArw[tkFg,2.384185791015625e-07,0.011679887771606445,True,1,None
K?bNAq{mbeMg,2.384185791015625e-07,0.09027910232543945,True,6,None
K?bNArqnBqEw,2.384185791015625e-07,0.037068843841552734,True,3,None
K?bNApynFaEw,2.384185791015625e-07,0.01285696029663086,True,2,None
K?bNApymRiUo,2.384185791015625e-07,0.06754922866821289,True,3,None
K?bNAo}nBe]G,2.384185791015625e-07,0.13654518127441406,True,15,None
K?bNAo}^De]G,2.384185791015625e-07,0.017621278762817383,True,2,None
K?bNAo}mfaMg,2.384185791015625e-07,0.06908631324768066,True,7,None
K?bNAo}mRi]O,2.384185791015625e-07,0.01658916473388672,True,1,None
K?bNAqrnBkNG,2.384185791015625e-07,0.0904994010925293,True,5,None
K?bNAqrlbqN_,2.384185791015625e-07,0.012225151062011719,True,2,None
K?bNAqrMvgN_,0.0,0.03219413757324219,True,4,None
K?bNAprkrwV_,2.384185791015625e-07,0.01363992691040039,True,3,None
K?bNAov\\dq^?,2.384185791015625e-07,0.03632211685180664,True,3,None
K?bN@rw|?}MW,2.384185791015625e-07,0.0316159725189209,True,2,None
K?bN@rwt`yMW,2.384185791015625e-07,0.11820006370544434,True,6,None
K?bN@rs|@uJW,2.384185791015625e-07,0.05169343948364258,True,3,None
K?bN@q{ubeMg,0.0,0.14947986602783203,True,6,None
K?bN@q{uReMo,2.384185791015625e-07,0.013851404190063477,True,2,None
K?bN@p{^DeYW,2.384185791015625e-07,0.049170494079589844,True,2,None
K?bN@p{uTkMW,2.384185791015625e-07,0.1743786334991455,True,16,None
K?bN@rq[pyZ_,2.384185791015625e-07,0.18005824089050293,True,11,None
K?bN@rqTtwNG,2.384185791015625e-07,0.013788938522338867,True,1,None
K?bN@rY\\biVG,0.0,0.09386873245239258,True,10,None
K?bN@rY]TiMo,0.0,0.0037539005279541016,True,1,None
K?bN@qy^BeYg,4.76837158203125e-07,0.021512269973754883,True,1,None
K?bN@py^DeYg,0.0,0.07810473442077637,True,5,None
K?bN@py]UkUg,2.384185791015625e-07,0.0821526050567627,True,4,None
K?bN@pyTtw]G,2.384185791015625e-07,0.1289682388305664,True,3,None
K?bN@pyLvaZ_,2.384185791015625e-07,0.07577967643737793,True,7,None
K?bN@rU^BqUW,4.76837158203125e-07,0.12150883674621582,True,7,None
K?bN@rU^BeVG,2.384185791015625e-07,0.07918071746826172,True,5,None
K?bN@rU]biVG,2.384185791015625e-07,0.016286849975585938,True,2,None
K?bN@rU\\bqVG,0.0,0.013475179672241211,True,1,None
K?bN@rULvoNG,2.384185791015625e-07,0.010225772857666016,True,1,None
K?bN@pu\\eqVG,2.384185791015625e-07,0.014364004135131836,True,3,None
K?bN@putTsNG,0.0,0.06511688232421875,True,4,None
K?bN@puMvaZ_,0.0,0.1504065990447998,True,9,None
K?bN@q]}BeMg,2.384185791015625e-07,0.08345460891723633,True,7,None
K?bN@p]nBe]G,2.384185791015625e-07,0.05219459533691406,True,11,None
K?bN@p]]Ti]O,2.384185791015625e-07,0.022955894470214844,True,5,None
K?bN@o}^Ee]G,2.384185791015625e-07,0.17526984214782715,True,9,None
K?bN@o}uRi]O,4.76837158203125e-07,0.014024972915649414,True,3,None
K?bN@pxuTkMo,2.384185791015625e-07,0.04839754104614258,True,3,None
K?bN@pxUtk]_,2.384185791015625e-07,0.019857168197631836,True,2,None
K?bN@pxdrw]O,2.384185791015625e-07,0.039307355880737305,True,5,None
K?bN@rTlbqNO,4.76837158203125e-07,0.015367507934570312,True,1,None
K?bN@q\\|BsMW,2.384185791015625e-07,0.0661172866821289,True,4,None
K?bN@q\\{bsMg,2.384185791015625e-07,0.08810257911682129,True,5,None
K?bN@q\\{bkNG,4.76837158203125e-07,0.027941226959228516,True,5,None
K?bN@p\\lfaNO,2.384185791015625e-07,0.012377262115478516,True,2,None
K?bN@rR|@{NG,2.384185791015625e-07,0.015142440795898438,True,2,None
K?bN@qr\\RsZ_,2.384185791015625e-07,0.13272500038146973,True,7,None
K?bN@pr]diZ_,2.384185791015625e-07,0.15967059135437012,True,10,None
K?bN@pr\\dqZ_,2.384185791015625e-07,0.013367414474487305,True,1,None
K?bN@pr{P{Z_,0.0,0.018363237380981445,True,3,None
K?bN@pr]TkZ_,2.384185791015625e-07,0.0542750358581543,True,5,None
K?bN@prkrwZ_,2.384185791015625e-07,0.03849649429321289,True,3,None
K?bN@pZ^Dk]G,2.384185791015625e-07,0.11151313781738281,True,6,None
K?bN@pZ\\fgVG,2.384185791015625e-07,0.05739998817443848,True,6,None
K?bN@oz}EkMg,2.384185791015625e-07,0.11988592147827148,True,10,None
K?bN@ozuRk]_,4.76837158203125e-07,0.01626729965209961,True,2,None
K?bN@oz\\VcZ_,2.384185791015625e-07,0.07063555717468262,True,5,None
K?bN@ozVVc]_,4.76837158203125e-07,0.046462297439575195,True,7,None
K?bN@pV|DsNG,2.384185791015625e-07,0.046622514724731445,True,4,None
K?bN@pVlbq^?,2.384185791015625e-07,0.01602768898010254,True,2,None
K?bN@ovVVc^?,2.384185791015625e-07,0.05179095268249512,True,4,None
K?bN@o^|FaNO,2.384185791015625e-07,0.015434980392456055,True,3,None
K?bN@o^\\fo]G,2.384185791015625e-07,0.1396780014038086,True,7,None
K?bNDpwmalMg,2.384185791015625e-07,0.01706218719482422,True,2,None
K?bNDpwfbbMo,4.76837158203125e-07,0.15169429779052734,True,15,None
K?bNDpsfbpMW,2.384185791015625e-07,0.023793935775756836,True,5,None
K?bNDpsfbbNO,4.76837158203125e-07,0.014920473098754883,True,2,None
K?bNDpsmQ{MS,2.384185791015625e-07,0.019456863403320312,True,4,None
K?bNDpserwMS,2.384185791015625e-07,0.01283121109008789,True,1,None
K?bNDp[Nbd]G,2.384185791015625e-07,0.04777216911315918,True,6,None
K?bNDpqtP{NC,2.384185791015625e-07,0.0036575794219970703,True,1,None
K?bNDpqUlwMg,0.0,0.003538370132446289,True,1,None
K?bNDpqFnoMg,4.76837158203125e-07,0.0038208961486816406,True,1,None
K?bNBjoV`uVC,4.76837158203125e-07,0.019138336181640625,True,1,None
K?bNBjoUptV_,2.384185791015625e-07,0.0287625789642334,True,1,None
K?bNBhw^CuUS,2.384185791015625e-07,0.06772112846374512,True,4,None
K?bNBhw[k{VG,2.384185791015625e-07,0.03173685073852539,True,4,None
K?bNAzon@uMS,2.384185791015625e-07,0.04480433464050293,True,6,None
K?bNAxwNde]C,2.384185791015625e-07,0.011055231094360352,True,1,None
K?bNAxwNdb]O,2.384185791015625e-07,0.013581275939941406,True,4,None
K?bNAxw[tpUo,2.384185791015625e-07,0.06254839897155762,True,3,None
K?bN@zov@uMS,2.384185791015625e-07,0.1877744197845459,True,18,None
K?bN@zolauNC,2.384185791015625e-07,0.07094216346740723,True,3,None
K?bN@zofbqMS,2.384185791015625e-07,0.13939738273620605,True,13,None
K?bN@zofbeNC,2.384185791015625e-07,0.11546087265014648,True,9,None
K?bN@zofbbNO,2.384185791015625e-07,0.010595560073852539,True,2,None
K?bN@xwmJeYo,2.384185791015625e-07,0.06543135643005371,True,4,None
K?bNEds^@tVG,4.76837158203125e-07,0.013337135314941406,True,2,None
K?bNEdsm`yNC,2.384185791015625e-07,0.015874147415161133,True,2,None
K?bNEds]`rV_,2.384185791015625e-07,0.0189058780670166,True,1,None
K?bNEc{|BsFK,0.0,0.06376791000366211,True,5,None
K?bNEc{nBpMW,2.384185791015625e-07,0.11926817893981934,True,7,None
K?bNEc{krwNC,2.384185791015625e-07,0.08347821235656738,True,7,None
K?bNEc{NNoMW,0.0,0.011020898818969727,True,1,None
K?bNEc{NNcNG,2.384185791015625e-07,0.051152706146240234,True,2,None
K?bNCtw}@jMo,2.384185791015625e-07,0.055986881256103516,True,2,None
K?bN@vWnBhMW,2.384185791015625e-07,0.0035343170166015625,True,1,None
K?bLbbsjQuNO,2.384185791015625e-07,0.012830734252929688,True,2,None
K?bLbbsbrqNO,2.384185791015625e-07,0.042745113372802734,True,3,None
K?bLb`{^DeXW,2.384185791015625e-07,0.11854434013366699,True,10,None
K?bLbbilQuN_,4.76837158203125e-07,0.01805591583251953,True,3,None
K?bLbbisrwFg,2.384185791015625e-07,0.04790139198303223,True,2,None
K?bLb`yycyMg,2.384185791015625e-07,0.049799442291259766,True,5,None
K?bLbbe]dqJg,2.384185791015625e-07,0.061978816986083984,True,3,None
K?bLbbefRqNO,2.384185791015625e-07,0.06847190856933594,True,4,None
K?bLb`uirqZ_,2.384185791015625e-07,0.11826777458190918,True,6,None
K?bLb`uYvoRg,2.384185791015625e-07,0.03535771369934082,True,3,None
K?bLb`uMvoXg,4.76837158203125e-07,0.018125295639038086,True,2,None
K?bLb`uMvQZ_,4.76837158203125e-07,0.04375457763671875,True,3,None
K?bLbbMnBqMW,2.384185791015625e-07,0.13477039337158203,True,8,None
K?bLbbM{PyNO,0.0,0.04597926139831543,True,5,None
K?bLbbMlRqNO,2.384185791015625e-07,0.021544933319091797,True,2,None
K?bLbbMNVoMW,2.384185791015625e-07,0.02927708625793457,True,4,None
K?bLbam{RqJo,0.0,0.12354850769042969,True,13,None
K?bLbam{QuN_,2.384185791015625e-07,0.04735398292541504,True,4,None
K?bLbamsrqN_,2.384185791015625e-07,0.019171476364135742,True,3,None
K?bLb`mtRqVO,2.384185791015625e-07,0.014516353607177734,True,1,None
K?bLb`m\\VoRW,0.0,0.0036656856536865234,True,1,None
K?bLb`m\\TqZO,2.384185791015625e-07,0.044519901275634766,True,4,None
K?bLb`mfVoMW,2.384185791015625e-07,0.003668546676635742,True,1,None
K?bLb_}\\VoXW,2.384185791015625e-07,0.04005765914916992,True,4,None
K?bLbbpbrwNO,2.384185791015625e-07,0.0124969482421875,True,2,None
K?bLbbhnA{MW,2.384185791015625e-07,0.14366936683654785,True,9,None
K?bLbbhtbsFg,2.384185791015625e-07,0.014335870742797852,True,1,None
K?bLbbh\\P{ZO,2.384185791015625e-07,0.037685394287109375,True,3,None
K?bLbbhTrwVO,2.384185791015625e-07,0.028810501098632812,True,5,None
K?bLbaxrbwMW,2.384185791015625e-07,0.017693042755126953,True,2,None
K?bLb`xyQ{Uo,2.384185791015625e-07,0.14504623413085938,True,2,None
K?bLb`xlVSJo,2.384185791015625e-07,0.061669111251831055,True,4,None
K?bLb`xwp{Z_,2.384185791015625e-07,0.040666818618774414,True,3,None
K?bLb`xhrsZ_,0.0,0.03597736358642578,True,5,None
K?bLb`xJvcZ_,2.384185791015625e-07,0.15858197212219238,True,7,None
K?bLbbdnAuNO,2.384185791015625e-07,0.01902174949645996,True,1,None
K?bLbbdfbqNO,0.0,0.026143312454223633,True,2,None
K?bLbbdNUsNO,4.76837158203125e-07,0.10227823257446289,True,10,None
K?bLbbL}@{MW,0.0,0.04869222640991211,True,5,None
K?bLbbLlbsNG,2.384185791015625e-07,0.07370543479919434,True,6,None
K?bLbbL\\bqVO,2.384185791015625e-07,0.03938889503479004,True,5,None
K?bLbbLNfcNG,4.76837158203125e-07,0.040459394454956055,True,3,None
K?bLbbL[rwVO,4.76837158203125e-07,0.033154964447021484,True,5,None
K?bLb`lvBeVO,0.0,0.00949406623840332,True,1,None
K?bLb`l\\foRW,2.384185791015625e-07,0.003460407257080078,True,1,None
K?bLb`l\\esVG,2.384185791015625e-07,0.0034368038177490234,True,1,None
K?bLb`lffoMW,2.384185791015625e-07,0.010391712188720703,True,2,None
K?bLb`lVdq]O,2.384185791015625e-07,0.05588269233703613,True,8,None
K?bLb`l{P{ZO,2.384185791015625e-07,0.09974288940429688,True,7,None
K?bLb`lsrwVO,2.384185791015625e-07,0.09844398498535156,True,9,None
K?bLb`lkrwZO,2.384185791015625e-07,0.03789567947387695,True,4,None
K?bLb_|\\eU^?,2.384185791015625e-07,0.026885509490966797,True,2,None
K?bLbbb]`yZ_,2.384185791015625e-07,0.1636672019958496,True,11,None
K?bLbarrbwNG,4.76837158203125e-07,0.13411903381347656,True,6,None
K?bLb`ry`yZ_,2.384185791015625e-07,0.04996228218078613,True,1,None
K?bLb`r]dYZ_,4.76837158203125e-07,0.017613649368286133,True,3,None
K?bLb`rirwZ_,2.384185791015625e-07,0.05210137367248535,True,6,None
K?bLb`rMvWZ_,2.384185791015625e-07,0.06635808944702148,True,5,None
K?bLbbJnBwMW,2.384185791015625e-07,0.061258792877197266,True,2,None
K?bLbbJ{`yN_,2.384185791015625e-07,0.01123499870300293,True,1,None
K?bLbbJlbwNG,2.384185791015625e-07,0.15349745750427246,True,3,None
K?bLbbJ\\RwVO,4.76837158203125e-07,0.042170047760009766,True,2,None
K?bLbaj\\RsZ_,4.76837158203125e-07,0.06780648231506348,True,4,None
K?bLb`j]diZ_,1.6689300537109375e-06,0.006331920623779297,True,1,None
K?bLb`jtRwVO,4.76837158203125e-07,0.013445377349853516,True,1,None
K?bLb_z{eYN_,0.0,0.13722634315490723,True,6,None
K?bLb_z]eY]_,2.384185791015625e-07,0.019735097885131836,True,1,None
K?bLb_zZfaZ_,2.384185791015625e-07,0.07498908042907715,True,5,None
K?bLb_z{U[N_,2.384185791015625e-07,0.08658027648925781,True,5,None
K?bLb_zxRsZ_,4.76837158203125e-07,0.06196141242980957,True,5,None
K?bLb_z\\VSZ_,0.0,0.011015653610229492,True,1,None
K?bLb_zZVcZ_,2.384185791015625e-07,0.15075016021728516,True,12,None
K?bLbbF^BqVO,2.384185791015625e-07,0.03709816932678223,True,3,None
K?bLb`f]dqZ_,2.384185791015625e-07,0.13599061965942383,True,15,None
K?bLb`fMvoZ_,2.384185791015625e-07,0.015381574630737305,True,2,None
K?bLbaN{bqN_,2.384185791015625e-07,0.024811983108520508,True,3,None
K?bLb`N|BqVO,2.384185791015625e-07,0.07824420928955078,True,5,None
K?bLb`N{RwVO,2.384185791015625e-07,0.08346271514892578,True,4,None
K?bLb`NmRs]_,2.384185791015625e-07,0.018123626708984375,True,3,None
K?bLb_n]eq]_,2.384185791015625e-07,0.014456987380981445,True,1,None
K?bLb_n{RsZ_,2.384185791015625e-07,0.03324460983276367,True,3,None
K?bL`rqrbqMg,4.76837158203125e-07,0.07501864433288574,True,4,None
K?bL`rqqrwMg,4.76837158203125e-07,0.0066640377044677734,True,2,None
K?bL`rqprqN_,4.76837158203125e-07,0.012352943420410156,True,1,None
K?bL`rqXuqN_,2.384185791015625e-07,0.038095951080322266,True,2,None
K?bL`py\\fQYg,2.384185791015625e-07,0.013314008712768555,True,2,None
K?bL`py]UM]_,2.384185791015625e-07,0.06528043746948242,True,6,None
K?bL`pyXvaZ_,4.76837158203125e-07,0.1481618881225586,True,20,None
K?bL`re[rqZ_,2.384185791015625e-07,0.014817476272583008,True,1,None
K?bL`rM^FaMW,2.384185791015625e-07,0.023499011993408203,True,3,None
K?bL`rM]VaMo,2.384185791015625e-07,0.04113173484802246,True,5,None
K?bL`pm^Ee]G,2.384185791015625e-07,0.012422323226928711,True,1,None
K?bL`pmuRi]O,7.152557373046875e-07,0.11396431922912598,True,9,None
K?bL`pmVVa]O,2.384185791015625e-07,0.05276846885681152,True,4,None
K?bL`rb}AyMo,2.384185791015625e-07,0.013234853744506836,True,2,None
K?bL`rb|A{NG,2.384185791015625e-07,0.013672113418579102,True,3,None
K?bL`pr\\fQZ_,2.384185791015625e-07,0.04373431205749512,True,5,None
K?bL`prZfaZ_,4.76837158203125e-07,0.19206953048706055,True,35,None
K?bL`pf|FoJW,2.384185791015625e-07,0.003958225250244141,True,1,None
K?bLfHwt`uNC,2.384185791015625e-07,0.021837472915649414,True,3,None
K?bLfHwfbpMW,2.384185791015625e-07,0.14056992530822754,True,18,None
K?bLfHwNRsYS,2.384185791015625e-07,0.19807648658752441,True,17,None
K?bLfHwdrpNO,2.384185791015625e-07,0.08719635009765625,True,5,None
K?bLfHqMjqZ_,2.384185791015625e-07,0.0680084228515625,True,6,None
K?bLfHYnBdNG,2.384185791015625e-07,0.022749662399291992,True,1,None
K?bLfHYmRkNC,2.384185791015625e-07,0.020547866821289062,True,1,None
K?bLfGytRsNC,4.76837158203125e-07,0.15172076225280762,True,11,None
K?bLfGyUngNG,2.384185791015625e-07,0.019791364669799805,True,2,None
K?bLdhi{QtN_,4.76837158203125e-07,0.02056884765625,True,1,None
K?bLeXwNRd]O,4.76837158203125e-07,0.054387569427490234,True,5,None
K?bLeXq{bwFK,1.1920928955078125e-06,0.06423020362854004,True,3,None
K?bLeXqlRsNC,2.384185791015625e-07,0.06637763977050781,True,5,None
K?bLeXqNVoMS,0.0,0.24338626861572266,True,28,None
K?bLdXq|AtNG,2.384185791015625e-07,0.07628440856933594,True,2,None
K?bLdXq{axNG,2.384185791015625e-07,0.05589723587036133,True,4,None
K?bLdXquRwMS,4.76837158203125e-07,0.14392757415771484,True,11,None
K?bLdXq\\RpZO,4.76837158203125e-07,0.06554508209228516,True,4,None
K?bLdXY|BeNC,2.384185791015625e-07,0.05701494216918945,True,1,None
K?bLbZolatNG,2.384185791015625e-07,0.011346101760864258,True,1,None
K?bLbZofbqMS,2.384185791015625e-07,0.04457259178161621,True,4,None
K?bLbZofbeNC,4.76837158203125e-07,0.013748884201049805,True,3,None
K?bLbZofbbNO,2.384185791015625e-07,0.10010409355163574,True,5,None
K?bLbZoVRdVO,2.384185791015625e-07,0.03536844253540039,True,1,None
K?bLbZoNUsMS,4.76837158203125e-07,0.012828350067138672,True,1,None
K?bLbZoLrsZC,0.0,0.06902265548706055,True,6,None
K?bLbZoFvoMS,2.384185791015625e-07,0.11140918731689453,True,5,None
K?bLbZoFv`NO,0.0,0.03971123695373535,True,2,None
K?bLbZomJeJo,2.384185791015625e-07,0.012414693832397461,True,1,None
K?bLbZoki{NG,2.384185791015625e-07,0.01209568977355957,True,2,None
K?bLbXwlVcJS,0.0,0.0037190914154052734,True,1,None
K?bLbXwfRd]O,0.0,0.09975004196166992,True,5,None
K?bLbXwVTd]O,2.384185791015625e-07,0.0964510440826416,True,7,None
K?bLbXwmJeYo,2.384185791015625e-07,0.012766599655151367,True,2,None
K?bL`xwrfcMK,2.384185791015625e-07,0.03507661819458008,True,3,None
K?bL`xwrf`MW,2.384185791015625e-07,0.03698873519897461,True,3,None
K?bL`xwqv`Mo,2.384185791015625e-07,0.003702878952026367,True,1,None
K?bL`xw]NEYo,0.0,0.05743265151977539,True,3,None
K?bLfDsVJqVO,4.76837158203125e-07,0.01705026626586914,True,2,None
K?bLfD[nBpMW,2.384185791015625e-07,0.04183673858642578,True,5,None
K?bLfC{VNoMW,2.384185791015625e-07,0.05459880828857422,True,4,None
K?bLeTwnBhMW,1.1920928955078125e-06,0.04377388954162598,True,2,None
K?bLeTwnBbMo,2.384185791015625e-07,0.01871013641357422,True,3,None
K?bLeTsmRwMS,2.384185791015625e-07,0.13176989555358887,True,11,None
K?bLeTsmRhNO,2.384185791015625e-07,0.15173959732055664,True,11,None
K?bLeTskrwNC,2.384185791015625e-07,0.09279847145080566,True,8,None
K?bLeTs\\JqVO,2.384185791015625e-07,0.032358407974243164,True,3,None
K?bLdTw}AjMo,4.76837158203125e-07,0.0035293102264404297,True,1,None
K?bLdTs{bwJK,2.384185791015625e-07,0.01594376564025879,True,1,None
K?bLdT[|BeNC,2.384185791015625e-07,0.13764548301696777,True,21,None
K?bL`voRrw]C,2.384185791015625e-07,0.1596376895904541,True,13,None
K?bL`vgtbhNG,0.0,0.013370037078857422,True,2,None
K?bMRbwmPmMo,2.384185791015625e-07,0.02758479118347168,True,3,None
K?bMRa{mReMo,2.384185791015625e-07,0.0042264461517333984,True,1,None
K?bMRbpl`yNO,2.384185791015625e-07,0.22547125816345215,True,26,None
K?bMRbpNTsMo,2.384185791015625e-07,0.031708478927612305,True,3,None
K?bMRat{`uN_,2.384185791015625e-07,0.050154685974121094,True,3,None
K?bMRatlbqNO,2.384185791015625e-07,0.16240239143371582,True,19,None
K?bMRatNVcNO,2.384185791015625e-07,0.01690959930419922,True,2,None
K?bLRbp]S{Mo,2.384185791015625e-07,0.07539844512939453,True,6,None
K?bLRbXnBeMo,2.384185791015625e-07,0.12786197662353516,True,10,None
K?bLRbT|BsFW,2.384185791015625e-07,0.18726348876953125,True,16,None
K?bLRbT{`uN_,2.384185791015625e-07,0.0072290897369384766,True,1,None
K?bLRbT[rwVO,2.384185791015625e-07,0.04054665565490723,True,3,None
K?bLRat{auN_,2.384185791015625e-07,0.015865564346313477,True,2,None
K?bLR`t\\eqVO,2.384185791015625e-07,0.004048824310302734,True,1,None
K?bLV`sfbsMK,2.384185791015625e-07,0.003846883773803711,True,1,None
K?bLV`sfbqMS,0.0,0.012412071228027344,True,1,None
K?bLV`sfbeNC,2.384185791015625e-07,0.022064208984375,True,3,None
K?bLV`sNJsYW,7.152557373046875e-07,0.006457328796386719,True,1,None
K?r@fbifbwEw,2.384185791015625e-07,0.014620304107666016,True,2,None
K?r@fbifbkFg,7.152557373046875e-07,0.05720329284667969,True,4,None
K?r@fbM}@{Ew,0.0,0.08230471611022949,True,5,None
K?r@fbM{`{Fg,2.384185791015625e-07,0.1581716537475586,True,13,None
K?r@fbMmbkFg,2.384185791015625e-07,0.023746490478515625,True,3,None
K?r@fammbkJg,0.0,0.06016731262207031,True,6,None
K?r@famfbsMg,2.384185791015625e-07,0.05007028579711914,True,3,None
K?r@f_}NfcXg,2.384185791015625e-07,0.01502537727355957,True,1,None
K?r@fbpj`{Jo,4.76837158203125e-07,0.048306941986083984,True,3,None
K?r@fbpN`{Xo,2.384185791015625e-07,0.05436253547668457,True,4,None
K?r@fbhfbkFo,2.384185791015625e-07,0.08678627014160156,True,6,None
K?r@faxrbkFo,2.384185791015625e-07,0.13776111602783203,True,9,None
K?r@fbbf`{N_,2.384185791015625e-07,0.15012335777282715,True,8,None
K?r@fbJl`{N_,2.384185791015625e-07,0.027976036071777344,True,3,None
K?r@fajfbkN_,2.384185791015625e-07,0.04804825782775879,True,3,None
K?r@faNmbkN_,2.384185791015625e-07,0.12640070915222168,True,6,None
K?r@fRU}@{Ew,2.384185791015625e-07,0.04229378700256348,True,6,None
K?r@fRUnBkFW,4.76837158203125e-07,0.01077723503112793,True,1,None
K?r@fQulbsJg,2.384185791015625e-07,0.13737964630126953,True,8,None
K?r@fQ]]dkMg,2.384185791015625e-07,0.1605854034423828,True,15,None
K?r@fQ]Nbi]O,2.384185791015625e-07,0.1581108570098877,True,6,None
K?r@fRTmbkFo,2.384185791015625e-07,0.011174678802490234,True,1,None
K?r@fQ\\{`{Mo,2.384185791015625e-07,0.01694631576538086,True,3,None
K?r@drifbiMo,4.76837158203125e-07,0.09020853042602539,True,4,None
K?r@dpyrdkMg,2.384185791015625e-07,0.07372140884399414,True,6,None
K?r@dpyjekMg,2.384185791015625e-07,0.07116436958312988,True,5,None
K?r@dretbwFW,2.384185791015625e-07,0.019675493240356445,True,2,None
K?r@dretbqFo,2.384185791015625e-07,0.015769004821777344,True,3,None
K?r@dpu]dkXg,2.384185791015625e-07,0.010541677474975586,True,1,None
K?r@dpu\\dsXg,2.384185791015625e-07,0.017543315887451172,True,2,None
K?r@drM|BkFW,2.384185791015625e-07,0.057236433029174805,True,7,None
K?r@drM{`{Mg,2.384185791015625e-07,0.026133060455322266,True,2,None
K?r@drMmbiMo,0.0,0.011026859283447266,True,1,None
K?r@dqxxbkJo,0.0,0.141618013381958,True,11,None
K?r@dpxrdkMo,2.384185791015625e-07,0.015713930130004883,True,1,None
K?r@drd]bkRo,2.384185791015625e-07,0.023410320281982422,True,2,None
K?r@drbnA{Mo,2.384185791015625e-07,0.013344287872314453,True,2,None
K?r@drbVbwUo,2.384185791015625e-07,0.06510615348815918,True,4,None
K?r@drJNfgMo,2.384185791015625e-07,0.015159368515014648,True,2,None
K?r@dpjNfgYo,2.384185791015625e-07,0.07650637626647949,True,6,None
K?r@drF|BsFo,2.384185791015625e-07,0.011972427368164062,True,1,None
K?r@drFlbsN_,2.384185791015625e-07,0.012360811233520508,True,1,None
K?r@fFqN`yZ_,2.384185791015625e-07,0.14260005950927734,True,10,None
K?r@fEy\\`yZ_,2.384185791015625e-07,0.11915230751037598,True,7,None
K?r@fEyNbiZ_,2.384185791015625e-07,0.011754274368286133,True,1,None
K?r@fC}NfaZ_,4.76837158203125e-07,0.027012109756469727,True,3,None
K?r@fFX|@{Fo,2.384185791015625e-07,0.02522563934326172,True,3,None
K?r@fE\\mbkN_,2.384185791015625e-07,0.015618085861206055,True,2,None
K?r@fEZlbwN_,2.384185791015625e-07,0.0354456901550293,True,2,None
K?r@fEZ\\bwV_,2.384185791015625e-07,0.032971858978271484,True,2,None
K?r@fEZNbw]_,0.0,0.015538692474365234,True,1,None
K?r@fC^mfgN_,2.384185791015625e-07,0.016911983489990234,True,2,None
K?r@dfkubwEw,7.152557373046875e-07,0.015709638595581055,True,1,None
K?r@dd{rbwUW,2.384185791015625e-07,0.1320359706878662,True,8,None
K?r@dfqNbYZ_,2.384185791015625e-07,0.014595270156860352,True,2,None
K?r@deyxbwJg,2.384185791015625e-07,0.060302734375,True,3,None
K?r@ddy\\eYV_,2.384185791015625e-07,0.05315446853637695,True,5,None
K?r@ddyjbwYg,4.76837158203125e-07,0.03166460990905762,True,2,None
K?r@ddyZdwYg,4.76837158203125e-07,0.12419295310974121,True,5,None
K?r@ddyNeY]_,2.384185791015625e-07,0.043436527252197266,True,2,None
K?r@dfM}BwEw,4.76837158203125e-07,0.058051109313964844,True,4,None
K?r@demubwMg,2.384185791015625e-07,0.021419286727905273,True,1,None
K?r@dfp^B[Ro,2.384185791015625e-07,0.06317710876464844,True,4,None
K?r@dfprbwFo,4.76837158203125e-07,0.05245256423950195,True,4,None
K?r@dfpZa{V_,2.384185791015625e-07,0.06346702575683594,True,7,None
K?r@dex\\b[Z_,2.384185791015625e-07,0.0546720027923584,True,7,None
K?r@ddx\\e[V_,2.384185791015625e-07,0.14391422271728516,True,12,None
K?r@ddxNe[]_,2.384185791015625e-07,0.030861854553222656,True,3,None
K?r@dc|{b[Z_,2.384185791015625e-07,0.12994718551635742,True,8,None
K?r@dc|]fKZ_,2.384185791015625e-07,0.01752471923828125,True,4,None
K?r@dfbVbwV_,2.384185791015625e-07,0.0183866024017334,True,2,None
K?r@dfbNbwZ_,0.0,0.01301121711730957,True,2,None
K?r@derZbwZ_,2.384185791015625e-07,0.1461958885192871,True,11,None
K?r@ddrrdwN_,2.384185791015625e-07,0.12195968627929688,True,6,None
K?r@dfJ|BwFo,2.384185791015625e-07,0.04117727279663086,True,4,None
K?r@dfJ\\bwV_,2.384185791015625e-07,0.043564796447753906,True,4,None
K?r@ddjlbwZ_,4.76837158203125e-07,0.05024218559265137,True,4,None
K?r@ddNNfo]_,2.384185791015625e-07,0.01758098602294922,True,1,None
K?r@dcn{bwZ_,2.384185791015625e-07,0.09611988067626953,True,11,None
K?r@eUu|BwFW,2.384185791015625e-07,0.024109601974487305,True,5,None
K?r@dVqlbwJg,4.76837158203125e-07,0.022237062454223633,True,2,None
K?r@dVq\\`yZ_,2.384185791015625e-07,0.01870870590209961,True,4,None
K?r@dVqNbiZ_,2.384185791015625e-07,0.07056522369384766,True,5,None
K?r@dVYnBiMo,4.76837158203125e-07,0.012242794036865234,True,2,None
K?r@dUy\\biZ_,2.384185791015625e-07,0.1506969928741455,True,13,None
K?r@dTylbiZ_,2.384185791015625e-07,0.03224658966064453,True,3,None
K?r@dTy\\diZ_,2.384185791015625e-07,0.03872108459472656,True,4,None
K?r@dVU|BwFW,2.384185791015625e-07,0.1115407943725586,True,8,None
K?r@dTu\\dqZ_,7.152557373046875e-07,0.03805232048034668,True,3,None
K?r@dVXNfgMo,2.384185791015625e-07,0.02733016014099121,True,4,None
K?r@dVTlbsN_,4.76837158203125e-07,0.0108489990234375,True,2,None
K?r@dUZ\\fgN_,2.384185791015625e-07,0.016333818435668945,True,1,None
K?r@dTZlfgN_,2.384185791015625e-07,0.04518914222717285,True,5,None
K?r@dTVmfgN_,2.384185791015625e-07,0.11337566375732422,True,5,None
K?r@dTV]fgV_,2.384185791015625e-07,0.01755070686340332,True,1,None
K?qbFb[]c{Ew,2.384185791015625e-07,0.1324632167816162,True,10,None
K?qbFb[t`{FW,7.152557373046875e-07,0.014182329177856445,True,1,None
K?qbF`{uc{Ew,4.76837158203125e-07,0.052051544189453125,True,1,None
K?qbFa]}A{Ew,2.384185791015625e-07,0.0034804344177246094,True,1,None
K?qbF`\\]dkRo,2.384185791015625e-07,0.009785890579223633,True,1,None
K?qbF`\\NdkZO,4.76837158203125e-07,0.11792159080505371,True,4,None
K?qbF_^vBsUo,4.76837158203125e-07,0.03200507164001465,True,4,None
K?qbF_^^EsUo,2.384185791015625e-07,0.0035963058471679688,True,1,None
K?qbF_^^DsYo,0.0,0.03138089179992676,True,3,None
K?qbEq]{bkFg,9.5367431640625e-07,0.033411502838134766,True,4,None
K?qbEo}lbkZG,2.384185791015625e-07,0.19115328788757324,True,27,None
K?qbErpl`{Jo,2.384185791015625e-07,0.020970821380615234,True,2,None
K?qbErpN`{Yo,2.384185791015625e-07,0.09716129302978516,True,10,None
K?qbEqtfbsMo,2.384185791015625e-07,0.003787517547607422,True,1,None
K?qbDrsfbkJW,0.0,0.015989065170288086,True,1,None
K?qbDrsNekJW,2.384185791015625e-07,0.0940098762512207,True,7,None
K?qbDrq\\a{Rg,2.384185791015625e-07,0.1483309268951416,True,11,None
K?qbDq]ubkMg,2.384185791015625e-07,0.0038604736328125,True,1,None
K?qbDp]ubkUg,2.384185791015625e-07,0.014127254486083984,True,1,None
K?qbDp]fbi]O,2.384185791015625e-07,0.14212965965270996,True,6,None
K?qbDrpta{Fo,2.384185791015625e-07,0.05791020393371582,True,2,None
K?qbDrp\\a{Ro,2.384185791015625e-07,0.017719745635986328,True,2,None
K?qbDrTubkFo,2.384185791015625e-07,0.016142606735229492,True,2,None
K?qbDrTfbsMo,2.384185791015625e-07,0.003847360610961914,True,1,None
K?qbDrR\\bwRo,2.384185791015625e-07,0.014362096786499023,True,2,None
K?qbDrRNbkZ_,2.384185791015625e-07,0.051500558853149414,True,5,None
K?qbDqrvA{Mo,4.76837158203125e-07,0.017513036727905273,True,2,None
K?qbDqr^A{Yo,0.0,0.017284154891967773,True,2,None
K?qbDpr^EkRo,2.384185791015625e-07,0.1420450210571289,True,9,None
K?qbDqV|BsJo,2.384185791015625e-07,0.015357255935668945,True,3,None
K?qafbwr`{Ew,1.1920928955078125e-06,0.05435323715209961,True,3,None
K?qafbsj`{JW,2.384185791015625e-07,0.13980412483215332,True,15,None
K?qafbku`{Ew,2.384185791015625e-07,0.013951778411865234,True,1,None
K?qafbkl`{JW,2.384185791015625e-07,0.040042877197265625,True,1,None
K?qafb[x`uFo,4.76837158203125e-07,0.03412914276123047,True,5,None
K?qafb[jbsEw,0.0,0.08799552917480469,True,2,None
K?qafben@{JW,2.384185791015625e-07,0.06795048713684082,True,4,None
K?qafam}A{Ew,2.384185791015625e-07,0.06513404846191406,True,4,None
K?qafamlayNO,2.384185791015625e-07,0.1570911407470703,True,11,None
K?qaf`m}C{Ew,2.384185791015625e-07,0.07825446128845215,True,2,None
K?qaf`m|@uRo,2.384185791015625e-07,0.062134742736816406,True,4,None
K?qafbpj`{Jo,2.384185791015625e-07,0.015905380249023438,True,2,None
K?qafbpZ`{Ro,2.384185791015625e-07,0.02267599105834961,True,2,None
K?qafbhf`{Mo,0.0,0.016973018646240234,True,4,None
K?qafbhV`{Uo,2.384185791015625e-07,0.06223797798156738,True,3,None
K?qafbdma{Fo,0.0,0.018786191940307617,True,2,None
K?qafbL{`{Fo,2.384185791015625e-07,0.050022125244140625,True,4,None
K?qafbLm`{Mo,4.76837158203125e-07,0.015174627304077148,True,2,None
K?qafbL]`{Uo,4.76837158203125e-07,0.12160325050354004,True,7,None
K?qaf`l]dkRo,2.384185791015625e-07,0.04118847846984863,True,3,None
K?qaf`lldsJo,2.384185791015625e-07,0.011150121688842773,True,1,None
K?qaf`ll`{ZO,2.384185791015625e-07,0.03239560127258301,True,5,None
K?qafa\\y`{Mo,0.0,0.007218599319458008,True,1,None
K?qafa\\x`{NO,4.76837158203125e-07,0.04983806610107422,True,6,None
K?qafa\\ZbsUo,0.0,0.06745529174804688,True,5,None
K?qafbFn@{NO,2.384185791015625e-07,0.08431863784790039,True,6,None
K?qafbF^@{VO,2.384185791015625e-07,0.014655590057373047,True,2,None
K?qafaf^@{ZO,2.384185791015625e-07,0.02182912826538086,True,5,None
K?qafaf]`{Z_,2.384185791015625e-07,0.015424728393554688,True,2,None
K?qaf`fn@{ZO,2.384185791015625e-07,0.01342320442199707,True,2,None
K?qaf`fm`{Z_,2.384185791015625e-07,0.0167388916015625,True,3,None
K?qaf`f]dwRo,2.384185791015625e-07,0.011638641357421875,True,1,None
K?qaf`fVdwVO,2.384185791015625e-07,0.015453338623046875,True,2,None
K?qafaN}BkFo,2.384185791015625e-07,0.019693613052368164,True,3,None
K?qafQ]mbkMg,2.384185791015625e-07,0.11124420166015625,True,10,None
K?qadrsjbkJW,2.384185791015625e-07,0.06860685348510742,True,5,None
K?qadrifbkMg,2.384185791015625e-07,0.04782295227050781,True,3,None
K?qadrenBkJW,2.384185791015625e-07,0.0775301456451416,True,8,None
K?qadrelbwJW,0.0,0.12687993049621582,True,7,None
K?qadrelayNO,2.384185791015625e-07,0.011889934539794922,True,2,None
K?qadqu{a]N_,2.384185791015625e-07,0.015333414077758789,True,3,None
K?qadpu]ekTg,2.384185791015625e-07,0.012736797332763672,True,1,None
K?qadpuVfcTg,4.76837158203125e-07,0.04132723808288574,True,3,None
K?qadrM}@mMo,2.384185791015625e-07,0.011670112609863281,True,2,None
K?qadpm^EeUo,2.384185791015625e-07,0.08667254447937012,True,7,None
K?qadpmVdk]G,2.384185791015625e-07,0.0060694217681884766,True,1,None
K?qadq]}BkKw,2.384185791015625e-07,0.032151222229003906,True,1,None
K?qadp]ybkUg,2.384185791015625e-07,0.13156414031982422,True,10,None
K?qadp]jbi]O,2.384185791015625e-07,0.016635417938232422,True,1,None
K?qadrpjbkJo,2.384185791015625e-07,0.06410455703735352,True,3,None
K?qadrpfbkLo,0.0,0.014624834060668945,True,1,None
K?qadpxrdkMo,4.76837158203125e-07,0.023236989974975586,True,3,None
K?qadpxjekMo,2.384185791015625e-07,0.013900518417358398,True,3,None
K?qadpxZekUo,2.384185791015625e-07,0.0520780086517334,True,5,None
K?qadrd\\`{ZO,2.384185791015625e-07,0.09188199043273926,True,7,None
K?qadrTlbsLo,4.76837158203125e-07,0.04051542282104492,True,3,None
K?qadpl]dkYo,2.384185791015625e-07,0.05584406852722168,True,3,None
K?qadp\\jfcMo,2.384185791015625e-07,0.08622121810913086,True,3,None
K?qadrbv@{Mo,2.384185791015625e-07,0.05089974403381348,True,4,None
K?qadrbnA{Mo,2.384185791015625e-07,0.012433052062988281,True,3,None
K?qadrb^BkRo,4.76837158203125e-07,0.09380483627319336,True,9,None
K?qadrbNbwYo,2.384185791015625e-07,0.01322793960571289,True,2,None
K?qadrR\\bwTo,0.0,0.01406240463256836,True,1,None
K?qadrR\\`{\\_,2.384185791015625e-07,0.1082148551940918,True,5,None
K?qadpjVfgUo,2.384185791015625e-07,0.04835391044616699,True,3,None
K?qadqZZfgMo,1.1920928955078125e-06,0.09404563903808594,True,7,None
K?qadrF{bwFo,2.384185791015625e-07,0.010811567306518555,True,2,None
K?qadrFmbwMo,2.384185791015625e-07,0.04641389846801758,True,3,None
K?qadqf^BkZO,2.384185791015625e-07,0.043152809143066406,True,2,None
K?qadpf|C{NO,2.384185791015625e-07,0.062387704849243164,True,7,None
K?qadpf|@{ZO,2.384185791015625e-07,0.011975526809692383,True,1,None
K?qadpflewNO,2.384185791015625e-07,0.013526678085327148,True,1,None
K?qadpV}FKFo,2.384185791015625e-07,0.028158187866210938,True,2,None
K?qadpVyfgFo,2.384185791015625e-07,0.020724058151245117,True,3,None
K?qadon^FcYo,4.76837158203125e-07,0.009532451629638672,True,1,None
K?qado^}FKMo,0.0,0.011690139770507812,True,1,None
K?qado^{fKN_,2.384185791015625e-07,0.017510414123535156,True,2,None
K?qado^ybk]_,0.0,0.10471630096435547,True,8,None
K?qado^]fK]_,2.384185791015625e-07,0.010941505432128906,True,2,None
K?qafJwma{Ew,2.384185791015625e-07,0.07894515991210938,True,7,None
K?qafJwfbsEw,2.384185791015625e-07,0.039205312728881836,True,4,None
K?qafJwV`uUo,0.0,0.07082557678222656,True,7,None
K?qafH{l`uZO,2.384185791015625e-07,0.05019712448120117,True,4,None
K?qafJYmbwEw,2.384185791015625e-07,0.018169641494750977,True,4,None
K?qafHun@uZO,2.384185791015625e-07,0.039299726486206055,True,7,None
K?qafJXm`{Mo,2.384185791015625e-07,0.012748003005981445,True,2,None
K?qafJX]`{Uo,2.384185791015625e-07,0.05863451957702637,True,4,None
K?qafJRn@{NO,2.384185791015625e-07,0.03604745864868164,True,3,None
K?qafJR^@{VO,4.76837158203125e-07,0.01609945297241211,True,2,None
K?qaejwZ`uUo,2.384185791015625e-07,0.05454730987548828,True,6,None
K?qaeh{y`uUo,2.384185791015625e-07,0.04348611831665039,True,4,None
K?qaejq]`{Tg,0.0,0.06612396240234375,True,3,None
K?qaehy}D[Ew,2.384185791015625e-07,0.029741764068603516,True,4,None
K?qaehy]dkTg,2.384185791015625e-07,0.010799407958984375,True,2,None
K?qaehu]dqTo,2.384185791015625e-07,0.06614375114440918,True,3,None
K?qaeg}NfE^?,2.384185791015625e-07,0.03570413589477539,True,5,None
K?qaejhm`{Mo,2.384185791015625e-07,0.10140752792358398,True,11,None
K?qaejh]`{Uo,2.384185791015625e-07,0.026593923568725586,True,1,None
K?qaejbn@{NO,2.384185791015625e-07,0.016057729721069336,True,2,None
K?qaejb^@{VO,2.384185791015625e-07,0.021023988723754883,True,3,None
K?qadi{Vbs[W,2.384185791015625e-07,0.011900663375854492,True,1,None
K?qadh{x`uZO,2.384185791015625e-07,0.07314014434814453,True,5,None
K?qadh{tdsLW,4.76837158203125e-07,0.08977842330932617,True,7,None
K?qadh{ffcLW,2.384185791015625e-07,0.029867887496948242,True,3,None
K?qadjivBsEw,2.384185791015625e-07,0.011436223983764648,True,1,None
K?qadiyxa{NG,2.384185791015625e-07,0.017359495162963867,True,4,None
K?qadhyrbsUg,2.384185791015625e-07,0.1341555118560791,True,5,None
K?qadhyVfSUg,2.384185791015625e-07,0.059602975845336914,True,5,None
K?qadjefbqNO,2.384185791015625e-07,0.13612079620361328,True,8,None
K?qadiu^BUZO,4.76837158203125e-07,0.04812788963317871,True,7,None
K?qadhuz@uZO,2.384185791015625e-07,0.013857603073120117,True,2,None
K?qadhuffSNG,0.0,0.13222789764404297,True,8,None
K?qadjMlbqNO,2.384185791015625e-07,0.015850543975830078,True,2,None
K?qadim}A{MW,2.384185791015625e-07,0.14910244941711426,True,10,None
K?qadimtbqNO,2.384185791015625e-07,0.0359647274017334,True,3,None
K?qadimVbq]O,0.0,0.01612067222595215,True,2,None
K?qadi]}B[MW,2.384185791015625e-07,0.09658455848693848,True,9,None
K?qadjpya{Fo,2.384185791015625e-07,0.044353485107421875,True,4,None
K?qadjpma{Lo,2.384185791015625e-07,0.01715254783630371,True,2,None
K?qadjprbsFo,4.76837158203125e-07,0.10216760635375977,True,7,None
K?qadjpVbsTo,2.384185791015625e-07,0.06588554382324219,True,6,None
K?qadjpNb[ZO,2.384185791015625e-07,0.01413106918334961,True,1,None
K?qadjXy`{Mo,2.384185791015625e-07,0.04882335662841797,True,2,None
K?qadix\\b[ZO,2.384185791015625e-07,0.05463695526123047,True,3,None
K?qadhxx`{ZO,0.0,0.0462646484375,True,6,None
K?qadjdNbsZO,2.384185791015625e-07,0.030010461807250977,True,3,None
K?qadjTy`{NO,0.0,0.015490055084228516,True,1,None
K?qadjTZbsVO,0.0,0.02354884147644043,True,1,None
K?qaditZbsZO,2.384185791015625e-07,0.07277297973632812,True,8,None
K?qadil\\bsZO,2.384185791015625e-07,0.03902482986450195,True,4,None
K?qadhltdsNO,2.384185791015625e-07,0.04198312759399414,True,2,None
K?qadhllbsZO,2.384185791015625e-07,0.010155439376831055,True,1,None
K?qadhlNfcZO,2.384185791015625e-07,0.010935544967651367,True,1,None
K?qadh\\xdsNO,2.384185791015625e-07,0.14867854118347168,True,15,None
K?qadh\\\\ds\\O,0.0,0.015513181686401367,True,1,None
K?qadjbmbwJo,2.384185791015625e-07,0.025289297103881836,True,2,None
K?qadjbfbwNO,4.76837158203125e-07,0.013646841049194336,True,2,None
K?qadjR}@{Lo,2.384185791015625e-07,0.1494004726409912,True,8,None
K?qadjRy`{N_,2.384185791015625e-07,0.0641319751739502,True,5,None
K?qadjRmb[N_,2.384185791015625e-07,0.036295175552368164,True,3,None
K?qadjR]`{\\_,2.384185791015625e-07,0.18576264381408691,True,14,None
K?qadhrz@{ZO,4.76837158203125e-07,0.07960963249206543,True,3,None
K?qadhrnA{\\O,4.76837158203125e-07,0.019883155822753906,True,5,None
K?qadjJ}@{Mo,0.0,0.018290042877197266,True,3,None
K?qadhj{dwJo,0.0,0.013004064559936523,True,1,None
K?qadhZ{d[N_,2.384185791015625e-07,0.060077667236328125,True,4,None
K?qadhZ{`{\\_,2.384185791015625e-07,0.10565018653869629,True,10,None
K?qadjF^DsNO,2.384185791015625e-07,0.07174158096313477,True,6,None
K?qadhfvDsNO,2.384185791015625e-07,0.0338895320892334,True,4,None
K?qadhfnBsZO,2.384185791015625e-07,0.15618085861206055,True,4,None
K?qadhN|DsNO,2.384185791015625e-07,0.0368649959564209,True,3,None
K?qadgn|BsZO,2.384185791015625e-07,0.029113292694091797,True,4,None
K?qadgn\\foZO,2.384185791015625e-07,0.006390094757080078,True,1,None
K?qabj[\\dUVO,2.384185791015625e-07,0.08508968353271484,True,8,None
K?qabi{ffSMW,2.384185791015625e-07,0.012186050415039062,True,1,None
K?qabji}C{Ew,2.384185791015625e-07,0.020346641540527344,True,2,None
K?qabjiv@uUo,2.384185791015625e-07,0.17620325088500977,True,24,None
K?qabjYzDsEw,0.0,0.0178985595703125,True,1,None
K?qabhytd[VG,4.76837158203125e-07,0.01395273208618164,True,3,None
K?qabjen@uZO,2.384185791015625e-07,0.045944929122924805,True,4,None
K?qabiuVfSVG,4.76837158203125e-07,0.02319192886352539,True,3,None
K?qabjM}@uUo,4.76837158203125e-07,0.011858940124511719,True,1,None
K?qabimvBsUW,2.384185791015625e-07,0.022463083267211914,True,4,None
K?qabimffoMW,4.76837158203125e-07,0.01588726043701172,True,3,None
K?qabhm}CuUo,2.384185791015625e-07,0.058747053146362305,True,6,None
K?qabhm|CuVO,2.384185791015625e-07,0.011622190475463867,True,1,None
K?qabh]}D[UW,0.0,0.09672665596008301,True,7,None
K?qabh]|DsTW,0.0,0.01575636863708496,True,2,None
K?qabjh{c{Fo,2.384185791015625e-07,0.013889551162719727,True,2,None
K?qabjh]c{Uo,2.384185791015625e-07,0.027624130249023438,True,3,None
K?qabjhtdsFo,2.384185791015625e-07,0.05452084541320801,True,5,None
K?qabjhl`{ZO,2.384185791015625e-07,0.01641225814819336,True,2,None
K?qabjhVdsUo,2.384185791015625e-07,0.03347921371459961,True,2,None
K?qabjXZdsUo,2.384185791015625e-07,0.05204176902770996,True,4,None
K?qabixx`{ZO,2.384185791015625e-07,0.1560380458831787,True,6,None
K?qabixlb[ZO,4.76837158203125e-07,0.014161348342895508,True,1,None
K?qabix\\d[ZO,2.384185791015625e-07,0.014176368713378906,True,1,None
K?qabixrbsUo,2.384185791015625e-07,0.015112638473510742,True,1,None
K?qabhxrdsUo,2.384185791015625e-07,0.04280900955200195,True,4,None
K?qabjd]dsRo,2.384185791015625e-07,0.051476240158081055,True,2,None
K?qabjTy`{VO,2.384185791015625e-07,0.023213863372802734,True,1,None
K?qabjT]d[VO,2.384185791015625e-07,0.012755632400512695,True,1,None
K?qabitjbsZO,2.384185791015625e-07,0.17129969596862793,True,8,None
K?qabitNfSZO,2.384185791015625e-07,0.13431262969970703,True,7,None
K?qabhtydsRo,2.384185791015625e-07,0.12853336334228516,True,5,None
K?qabhtrdsVO,2.384185791015625e-07,0.013233184814453125,True,1,None
K?qabjL]dsUo,2.384185791015625e-07,0.0077362060546875,True,1,None
K?qabjLNds]O,0.0,0.01561737060546875,True,1,None
K?qabillbsZO,4.76837158203125e-07,0.12092995643615723,True,5,None
K?qabi\\ybsUo,2.384185791015625e-07,0.06971240043640137,True,5,None
K?qabh\\ydkVO,2.384185791015625e-07,0.03340291976928711,True,4,None
K?qabh\\xdsVO,2.384185791015625e-07,0.06595659255981445,True,4,None
K?qabh\\jds]O,2.384185791015625e-07,0.010753154754638672,True,1,None
K?qabjbnC{NO,2.384185791015625e-07,0.05894041061401367,True,6,None
K?qabjbn@{ZO,0.0,0.018865346908569336,True,3,None
K?qabjR^DsTo,2.384185791015625e-07,0.013709306716918945,True,1,None
K?qabjRm`{\\_,2.384185791015625e-07,0.013729095458984375,True,2,None
K?qabirnB[ZO,2.384185791015625e-07,0.013907670974731445,True,2,None
K?qabir^D[ZO,0.0,0.017455577850341797,True,1,None
K?qabjJ}@{Uo,2.384185791015625e-07,0.05520749092102051,True,5,None
K?qabhj}C{Uo,4.76837158203125e-07,0.1949021816253662,True,21,None
K?qabiZ{`{\\_,2.384185791015625e-07,0.032082319259643555,True,1,None
K?qabiZ\\ds\\_,2.384185791015625e-07,0.020706653594970703,True,2,None
K?qabhZ|D[VO,2.384185791015625e-07,0.016957998275756836,True,1,None
K?qabhZmdk\\_,2.384185791015625e-07,0.013025760650634766,True,2,None
K?qabhZxdwVO,2.384185791015625e-07,0.13348841667175293,True,15,None
K?qabjF^DsVO,2.384185791015625e-07,0.03304290771484375,True,3,None
K?qabjFNds^?,2.384185791015625e-07,0.019917726516723633,True,2,None
K?qabhf}DsRo,4.76837158203125e-07,0.014358043670654297,True,4,None
K?qabiVnBs\\O,9.5367431640625e-07,0.15561485290527344,True,6,None
K?qabhVydwVO,2.384185791015625e-07,0.05710196495056152,True,5,None
K?qabhVjds^?,2.384185791015625e-07,0.053071022033691406,True,5,None
K?qabiN^FcVO,2.384185791015625e-07,0.012945413589477539,True,2,None
K?qabiN{bsV_,0.0,0.13675522804260254,True,6,None
K?qabhNnDs]O,2.384185791015625e-07,0.0619049072265625,True,2,None
K?qabgn|DsZO,2.384185791015625e-07,0.01572275161743164,True,3,None
K?qabgntds^?,2.384185791015625e-07,0.04179787635803223,True,2,None
K?qabg^|FSVO,2.384185791015625e-07,0.10740423202514648,True,6,None
K?qabg^nFc\\O,2.384185791015625e-07,0.014410734176635742,True,3,None
K?qabg^lfS^?,7.152557373046875e-07,0.05444145202636719,True,1,None
K?qaeZs\\`uVO,2.384185791015625e-07,0.013643264770507812,True,3,None
K?qaeX{]dkUW,2.384185791015625e-07,0.01215505599975586,True,1,None
K?qaeX{NfcUW,2.384185791015625e-07,0.018225431442260742,True,3,None
K?qaeW}nFcMW,2.384185791015625e-07,0.012392044067382812,True,1,None
K?qadZ[Nbe]O,2.384185791015625e-07,0.05347895622253418,True,2,None
K?qadY{Vbe]O,2.384185791015625e-07,0.05740165710449219,True,3,None
K?qadX{NfcYW,2.384185791015625e-07,0.14175152778625488,True,18,None
K?qadXu|@uZO,4.76837158203125e-07,0.0695958137512207,True,6,None
K?qadXulbqZO,2.384185791015625e-07,0.1505265235900879,True,9,None
K?qadX]}BkUW,2.384185791015625e-07,0.05917954444885254,True,4,None
K?qadX]]de]_,0.0,0.028151512145996094,True,4,None
K?qabZw]cmUo,2.384185791015625e-07,0.016253948211669922,True,2,None
K?qabY{mekMW,0.0,0.07282185554504395,True,3,None
K?qabY{Nee]O,0.0,0.060623884201049805,True,6,None
K?qabYu|@uZO,2.384185791015625e-07,0.038558006286621094,True,2,None
K?qabYuvDsMW,2.384185791015625e-07,0.041730642318725586,True,5,None
K?qabY]mbk]G,2.384185791015625e-07,0.06724834442138672,True,2,None
K?qabX]}DkUW,2.384185791015625e-07,0.03024578094482422,True,3,None
K?qabW}mfaYo,2.384185791015625e-07,0.01565408706665039,True,2,None
K?qabZX{dkFo,2.384185791015625e-07,0.010954141616821289,True,1,None
K?qabZX\\dkVO,4.76837158203125e-07,0.01726078987121582,True,1,None
K?qabZR^DsUo,2.384185791015625e-07,0.016304969787597656,True,2,None
K?qabZR\\dsV_,2.384185791015625e-07,0.09219861030578613,True,7,None
K?qabYZ}DkMo,0.0,0.006376028060913086,True,1,None
K?qabYZ^Dk]O,2.384185791015625e-07,0.13601279258728027,True,7,None
K?qabXZ|DkVO,2.384185791015625e-07,0.0723872184753418,True,4,None
K?qaczwjbeMo,2.384185791015625e-07,0.016965866088867188,True,3,None
K?qacxyybkUg,2.384185791015625e-07,0.046166419982910156,True,2,None
K?qacxm}BeUo,0.0,0.012838602066040039,True,1,None
K?qacxm]fcUg,0.0,0.042641401290893555,True,3,None
K?qacxm]de]_,2.384185791015625e-07,0.017794370651245117,True,2,None
K?qacxlmfcMo,4.76837158203125e-07,0.02846217155456543,True,4,None
K?qacxl]fcUo,2.384185791015625e-07,0.017490625381469727,True,3,None
K?qaczbmbwMo,2.384185791015625e-07,0.03470206260681152,True,4,None
K?qacxj}DkMo,2.384185791015625e-07,0.015321016311645508,True,1,None
K?qacxj|FcFo,2.384185791015625e-07,0.01372981071472168,True,2,None
K?qacxjnFcMo,0.0,0.02846980094909668,True,5,None
K?qaazq{`]V_,2.384185791015625e-07,0.04196786880493164,True,5,None
K?qaayymbk[g,2.384185791015625e-07,0.011840581893920898,True,1,None
K?qaaxu|DsTW,2.384185791015625e-07,0.01463627815246582,True,1,None
K?qaaymmfgMW,2.384185791015625e-07,0.08714056015014648,True,3,None
K?qaaxm}DkUW,2.384185791015625e-07,0.049332380294799805,True,2,None
K?qaazh{dkFo,9.5367431640625e-07,0.1224372386932373,True,5,None
K?qaazhmdkMo,2.384185791015625e-07,0.0322873592376709,True,4,None
K?qaazdldsNO,2.384185791015625e-07,0.06392860412597656,True,3,None
K?qaazdNds]O,2.384185791015625e-07,0.04933047294616699,True,3,None
K?qaaxllds]O,2.384185791015625e-07,0.010245800018310547,True,1,None
K?qaazb}@{Uo,2.384185791015625e-07,0.057061195373535156,True,3,None
K?qaaxj|DsUo,2.384185791015625e-07,0.01825737953186035,True,2,None
K?qa`zwjekMW,2.384185791015625e-07,0.039162635803222656,True,5,None
K?qa`zwffKMW,2.384185791015625e-07,0.003401041030883789,True,1,None
K?qa`zwNfcWw,2.384185791015625e-07,0.012589693069458008,True,1,None
K?qa`zs\\dUZO,2.384185791015625e-07,0.06735801696777344,True,5,None
K?qa`z[ydkMW,2.384185791015625e-07,0.03504180908203125,True,4,None
K?qa`z[jfcMW,2.384185791015625e-07,0.01908707618713379,True,1,None
K?qa`y{xesMW,2.384185791015625e-07,0.017722606658935547,True,2,None
K?qa`zq]ekTg,2.384185791015625e-07,0.032712459564208984,True,2,None
K?qa`zinEkMW,2.384185791015625e-07,0.01888275146484375,True,3,None
K?qa`zifbk]G,2.384185791015625e-07,0.012633323669433594,True,1,None
K?qa`zevDsMW,4.76837158203125e-07,0.016680002212524414,True,3,None
K?qa`zeVfcVG,2.384185791015625e-07,0.06557416915893555,True,6,None
K?qa`yu^FEZO,2.384185791015625e-07,0.009148120880126953,True,1,None
K?qa`yuxbqZO,2.384185791015625e-07,0.06347799301147461,True,2,None
K?qa`yu\\fQZO,2.384185791015625e-07,0.011906147003173828,True,2,None
K?qa`zM}DkMW,2.384185791015625e-07,0.14189696311950684,True,7,None
K?qa`zM]fcUg,2.384185791015625e-07,0.0036077499389648438,True,1,None
K?qa`y]|FSMW,0.0,0.00347900390625,True,1,None
K?qa`y]^FE]O,2.384185791015625e-07,0.06379508972167969,True,4,None
K?qa`x]yfcUg,2.384185791015625e-07,0.0035240650177001953,True,1,None
K?qa`zpxc{NO,0.0,0.0069332122802734375,True,1,None
K?qa`zpx`{ZO,2.384185791015625e-07,0.040395259857177734,True,3,None
K?qa`zplb[ZO,2.384185791015625e-07,0.06925463676452637,True,6,None
K?qa`zp\\d[ZO,0.0,0.060643672943115234,True,7,None
K?qa`zprbsUo,0.0,0.049954891204833984,True,4,None
K?qa`zhNfcYo,2.384185791015625e-07,0.03632402420043945,True,2,None
K?qa`zXjfcMo,0.0,0.05494832992553711,True,4,None
K?qa`yx\\fKZO,2.384185791015625e-07,0.06495356559753418,True,4,None
K?qa`yxZfcYo,4.76837158203125e-07,0.012442350387573242,True,1,None
K?qa`xxrdk]O,2.384185791015625e-07,0.013642072677612305,True,3,None
K?qa`xxjfcYo,2.384185791015625e-07,0.03391885757446289,True,3,None
K?qa`xxffK]O,2.384185791015625e-07,0.03803682327270508,True,4,None
K?qa`zd\\dsZO,2.384185791015625e-07,0.14975357055664062,True,12,None
K?qa`zdNfcZO,2.384185791015625e-07,0.02689671516418457,True,3,None
K?qa`ytxbsZO,2.384185791015625e-07,0.1270744800567627,True,8,None
K?qa`yt\\fSZO,2.384185791015625e-07,0.048345327377319336,True,3,None
K?qa`ytZfcZO,2.384185791015625e-07,0.03476881980895996,True,2,None
K?qa`xtxdsZO,2.384185791015625e-07,0.012822389602661133,True,2,None
K?qa`zLmfcMo,2.384185791015625e-07,0.015811681747436523,True,1,None
K?qa`zL]fcUo,2.384185791015625e-07,0.01674652099609375,True,4,None
K?qa`yl\\fcZO,2.384185791015625e-07,0.05390453338623047,True,5,None
K?qa`xltfcVO,0.0,0.06400227546691895,True,5,None
K?qa`xllfcZO,2.384185791015625e-07,0.13741326332092285,True,9,None
K?qa`y\\xfcNO,2.384185791015625e-07,0.17984747886657715,True,14,None
K?qa`y\\\\fc\\O,4.76837158203125e-07,0.016065120697021484,True,1,None
K?qa`x\\yfcUo,2.384185791015625e-07,0.07521319389343262,True,9,None
K?qa`x\\xfcVO,4.76837158203125e-07,0.01579737663269043,True,1,None
K?qa`zb|@{ZO,2.384185791015625e-07,0.05426025390625,True,4,None
K?qa`zbNfoYo,2.384185791015625e-07,0.014441728591918945,True,2,None
K?qa`zRZds]_,0.0,0.02268671989440918,True,1,None
K?qa`yr|B[ZO,2.384185791015625e-07,0.0506746768951416,True,4,None
K?qa`yr^FKZO,2.384185791015625e-07,0.01427006721496582,True,3,None
K?qa`xr{c{\\_,2.384185791015625e-07,0.21766901016235352,True,11,None
K?qa`zJnFcMo,2.384185791015625e-07,0.021633386611938477,True,3,None
K?qa`xj}EkUo,2.384185791015625e-07,0.15337586402893066,True,9,None
K?qa`xj|EkVO,0.0,0.030690670013427734,True,3,None
K?qa`xjvFcUo,2.384185791015625e-07,0.13180136680603027,True,8,None
K?qa`xZyfgUo,2.384185791015625e-07,0.01996016502380371,True,1,None
K?qa`xZjfc]_,2.384185791015625e-07,0.007173776626586914,True,1,None
K?qa`wz|Ek\\O,2.384185791015625e-07,0.0448455810546875,True,4,None
K?qa`zF\\ds^?,2.384185791015625e-07,0.01888751983642578,True,2,None
K?qa`yftbs^?,0.0,0.1417677402496338,True,10,None
K?qa`xf|DsZO,2.384185791015625e-07,0.04092574119567871,True,4,None
K?qa`xV}FSUo,2.384185791015625e-07,0.07442617416381836,True,3,None
K?qa`xV{foTo,0.0,0.15035104751586914,True,15,None
K?qa`xVmfS]_,2.384185791015625e-07,0.016127586364746094,True,1,None
K?qa`yN\\fc^?,0.0,0.10142087936401367,True,4,None
K?qa`wntfc^?,2.384185791015625e-07,0.014110088348388672,True,1,None
K?qa`w^xfc^?,2.384185791015625e-07,0.12005734443664551,True,10,None
K?qaeNs^DsFW,2.384185791015625e-07,0.028977394104003906,True,2,None
K?qaeM{}BsEw,2.384185791015625e-07,0.15121912956237793,True,12,None
K?qadNwvBsEw,4.76837158203125e-07,0.08227729797363281,True,5,None
K?qadLy]ewUg,2.384185791015625e-07,0.017898082733154297,True,2,None
K?qadLytbwVG,0.0,0.014034509658813477,True,2,None
K?qadLyVfoUg,2.384185791015625e-07,0.019511699676513672,True,2,None
K?qadL]{bwVG,0.0,0.17800211906433105,True,9,None
K?qadL]{bqV_,4.76837158203125e-07,0.040971994400024414,True,4,None
K?qadL]\\foVG,2.384185791015625e-07,0.07290792465209961,True,3,None
K?qadK}\\foZG,2.384185791015625e-07,0.0351715087890625,True,4,None
K?qadNX\\bsV_,2.384185791015625e-07,0.013892889022827148,True,2,None
K?qadNRNbw^?,0.0,0.11998963356018066,True,4,None
K?qadMZ\\bw^?,2.384185791015625e-07,0.1918807029724121,True,19,None
K?qadLZ]fgV_,2.384185791015625e-07,0.029894590377807617,True,3,None
K?qadLZlbw^?,2.384185791015625e-07,0.11563873291015625,True,6,None
K?qadLZ\\foV_,2.384185791015625e-07,0.0722956657409668,True,5,None
K?qadMV^FoNO,2.384185791015625e-07,0.13756513595581055,True,12,None
K?qadLV^Ds^?,4.76837158203125e-07,0.012270927429199219,True,1,None
K?qabNw}C{Ew,2.384185791015625e-07,0.033412933349609375,True,3,None
K?qabN[}DsEw,2.384185791015625e-07,0.07419037818908691,True,3,None
K?qabN[nDsMW,2.384185791015625e-07,0.023915529251098633,True,3,None
K?qabM{|@uZO,2.384185791015625e-07,0.014810323715209961,True,2,None
K?qabLy|DwRW,2.384185791015625e-07,0.032766103744506836,True,3,None
K?qabLy{dwRg,2.384185791015625e-07,0.013237953186035156,True,2,None
K?qabM]nFoMW,2.384185791015625e-07,0.013011932373046875,True,3,None
K?qabM]nBq]O,2.384185791015625e-07,0.016972064971923828,True,3,None
K?qabL]}DwUW,2.384185791015625e-07,0.1390824317932129,True,10,None
K?qabNX{`{V_,2.384185791015625e-07,0.06680822372436523,True,1,None
K?qabNX]dwUo,4.76837158203125e-07,0.012014627456665039,True,1,None
K?qabNX\\dsV_,2.384185791015625e-07,0.0908365249633789,True,5,None
K?qabM\\}BsUo,2.384185791015625e-07,0.17441558837890625,True,7,None
K?qabM\\]ds]_,2.384185791015625e-07,0.03900766372680664,True,5,None
K?qabL\\nDs]O,7.152557373046875e-07,0.07194352149963379,True,6,None
K?qabNRmbwV_,2.384185791015625e-07,0.05600762367248535,True,5,None
K?qabMZlfoN_,2.384185791015625e-07,0.07982206344604492,True,6,None
K?qabMZNfo]_,4.76837158203125e-07,0.0769200325012207,True,5,None
K?qa`nw}E[Ew,7.152557373046875e-07,0.05079960823059082,True,6,None
K?qa`nwvFSEw,4.76837158203125e-07,0.1453235149383545,True,7,None
K?qa`ns^DsXW,2.384185791015625e-07,0.04050111770629883,True,6,None
K?qa`ns^DUZO,2.384185791015625e-07,0.012682437896728516,True,3,None
K?qa`nsVfSVG,2.384185791015625e-07,0.018063783645629883,True,2,None
K?qa`nkffoMW,2.384185791015625e-07,0.0036313533782958984,True,1,None
K?qa`m{tfSNG,0.0,0.014004707336425781,True,3,None
K?qa`nenBqZO,7.152557373046875e-07,0.11224555969238281,True,11,None
K?qa`neffoNG,2.384185791015625e-07,0.03932809829711914,True,5,None
K?qa`neVdq^?,2.384185791015625e-07,0.013825654983520508,True,2,None
K?qa`muVfQ^?,2.384185791015625e-07,0.0691227912902832,True,6,None
K?qa`nMnFoMW,2.384185791015625e-07,0.003457784652709961,True,1,None
K?qa`npnB[ZO,0.0,0.01916813850402832,True,3,None
K?qa`nh|@{ZO,2.384185791015625e-07,0.15145230293273926,True,5,None
K?qa`nhNew]O,2.384185791015625e-07,0.11541461944580078,True,5,None
K?qa`mx|B[ZO,2.384185791015625e-07,0.0509035587310791,True,4,None
K?qa`mx^FKZO,2.384185791015625e-07,0.015409469604492188,True,1,None
K?qa`mxybwYo,2.384185791015625e-07,0.01310276985168457,True,2,None
K?qa`ndNfoZO,4.76837158203125e-07,0.055806636810302734,True,4,None
K?qa`ll|DsZO,0.0,0.05962181091308594,True,3,None
K?qa`llvDs]O,2.384185791015625e-07,0.04547524452209473,True,4,None
K?qa`llnFcZO,2.384185791015625e-07,0.07538533210754395,True,8,None
K?qa`lltds^?,2.384185791015625e-07,0.06730914115905762,True,3,None
K?qa`m\\|FSNO,2.384185791015625e-07,0.03375983238220215,True,1,None
K?qa`l\\nFc\\O,2.384185791015625e-07,0.0818490982055664,True,3,None
K?qa`l\\xds^?,4.76837158203125e-07,0.04425168037414551,True,3,None
K?qa`l\\jfc^?,2.384185791015625e-07,0.014813899993896484,True,1,None
K?qa`k|xfoZO,1.6689300537109375e-06,0.06006145477294922,True,4,None
K?qa`kvzFoZO,2.384185791015625e-07,0.12942171096801758,True,10,None
K?qa`mN^Fo]O,2.384185791015625e-07,0.013458013534545898,True,2,None
K?qa`mN]fo]_,4.76837158203125e-07,0.017491817474365234,True,1,None
K?qa`kn}FoYo,2.384185791015625e-07,0.13973188400268555,True,12,None
K?qa`kn|FoZO,2.384185791015625e-07,0.04573774337768555,True,2,None
K?qa`knvFo]O,0.0,0.016020536422729492,True,1,None
K?qac\\y^FcUg,2.384185791015625e-07,0.07798147201538086,True,6,None
K?qa`^wVfcUg,2.384185791015625e-07,0.15196800231933594,True,14,None
K?qa`^sffoMW,2.384185791015625e-07,0.05352973937988281,True,5,None
K?qa`^[lfoMW,2.384185791015625e-07,0.0037255287170410156,True,1,None
K?qa`]{ufgMW,2.384185791015625e-07,0.004379987716674805,True,1,None
K?qa`^Y{bwUg,2.384185791015625e-07,0.03197813034057617,True,2,None
K?qa`]yvFgMW,2.384185791015625e-07,0.0036737918853759766,True,1,None
K?qa`\\yvFcUg,2.384185791015625e-07,0.04318404197692871,True,4,None
K?qa`\\ytfoUg,2.384185791015625e-07,0.1057896614074707,True,7,None
K?qa`^UnFoMW,2.384185791015625e-07,0.003326892852783203,True,1,None
K?qa`]]^Fc]G,2.384185791015625e-07,0.010248661041259766,True,1,None
K?qa`[}vFc]G,0.0,0.11805295944213867,True,9,None
K?qa`^XnFcMo,0.0,0.014234781265258789,True,2,None
K?qa`^TnFcNO,2.384185791015625e-07,0.011997222900390625,True,2,None
K?qa`^T^FcVO,2.384185791015625e-07,0.013699531555175781,True,1,None
K?qa`^T\\ds^?,2.384185791015625e-07,0.014777183532714844,True,3,None
K?qa`]\\\\fc^?,2.384185791015625e-07,0.01501607894897461,True,1,None
K?qa`\\\\lfc^?,2.384185791015625e-07,0.03868556022644043,True,4,None
K?qa`^R\\dw^?,2.384185791015625e-07,0.08114266395568848,True,5,None
K?qa`]Z{fgN_,2.384185791015625e-07,0.014164447784423828,True,1,None
K?qa`]Z\\fg^?,0.0,0.015806198120117188,True,1,None
K?qa`\\Zlfg^?,2.384185791015625e-07,0.020495891571044922,True,1,None
K?qa`]V]fo]_,4.76837158203125e-07,0.03543496131896973,True,4,None
K?qa`\\V}FoUo,2.384185791015625e-07,0.012986898422241211,True,2,None
K?qa`\\VnFo]O,2.384185791015625e-07,0.1538839340209961,True,10,None
K?qa`\\Vmfo]_,2.384185791015625e-07,0.0768435001373291,True,5,None
K?qa`[^|Fc^?,2.384185791015625e-07,0.06896805763244629,True,9,None
K?qfBp[mUkEs,2.384185791015625e-07,0.10020279884338379,True,6,None
K?qfBp[mQlUo,4.76837158203125e-07,0.01425790786743164,True,3,None
K?qfBp[[twQs,2.384185791015625e-07,0.13416290283203125,True,10,None
K?qfBp[[s{Uc,2.384185791015625e-07,0.0158538818359375,True,4,None
K?qfCxq{RwBs,2.384185791015625e-07,0.015876054763793945,True,1,None
K?qbfaw\\Q{Ps,2.384185791015625e-07,0.014261722564697266,True,1,None
K?qbfawNI{Ww,2.384185791015625e-07,0.017902374267578125,True,1,None
K?qbf`wVKmTo,2.384185791015625e-07,0.14635753631591797,True,9,None
K?qbf`wNKmXo,2.384185791015625e-07,0.035843610763549805,True,3,None
K?qbfRS]S{Es,2.384185791015625e-07,0.04229617118835449,True,7,None
K?qbfRS]SlFo,4.76837158203125e-07,0.13205909729003906,True,10,None
K?qbfRS]O|Uo,0.0,0.040749549865722656,True,2,None
K?qbfRS\\PtRo,2.384185791015625e-07,0.04842996597290039,True,3,None
K?qbfRSVTsEs,4.76837158203125e-07,0.12976908683776855,True,9,None
K?qbfPsuS{Es,2.384185791015625e-07,0.25418949127197266,True,29,None
K?qbfPsTs{VC,2.384185791015625e-07,0.017716646194458008,True,3,None
K?qbfPslK{JW,2.384185791015625e-07,0.14908242225646973,True,11,None
K?qbfQ[ubhEw,4.76837158203125e-07,0.004045248031616211,True,1,None
K?qbfQ[fbkMK,0.0,0.003851652145385742,True,1,None
K?qbfQ[]SlMo,0.0,0.05087637901306152,True,5,None
K?qbfP[VddUg,2.384185791015625e-07,0.00382232666015625,True,1,None
K?qbfP[fNcEw,2.384185791015625e-07,0.061014413833618164,True,5,None
K?qbfP[fJeUo,2.384185791015625e-07,0.04666495323181152,True,6,None
K?qbfP[TlwUW,2.384185791015625e-07,0.015748977661132812,True,1,None
K?qbfP[TlsUg,4.76837158203125e-07,0.0035996437072753906,True,1,None
K?qberoVT[Es,0.0,0.060987234115600586,True,3,None
K?qbepwxHmRo,2.384185791015625e-07,0.0034646987915039062,True,1,None
K?qbercVTsEs,0.0,0.012634038925170898,True,3,None
K?qberceh{Mg,2.384185791015625e-07,0.07780838012695312,True,6,None
K?qberS]TLFo,2.384185791015625e-07,0.09371399879455566,True,8,None
K?qberSjRsEs,4.76837158203125e-07,0.04591560363769531,True,6,None
K?qberSZTsEs,2.384185791015625e-07,0.13248610496520996,True,7,None
K?qberSZTkFS,2.384185791015625e-07,0.015574455261230469,True,1,None
K?qberSYpxUo,2.384185791015625e-07,0.05189037322998047,True,4,None
K?qberSih{Mg,2.384185791015625e-07,0.13293910026550293,True,6,None
K?qbepsuT[Es,2.384185791015625e-07,0.015533447265625,True,2,None
K?qbepswpxRo,2.384185791015625e-07,0.003819704055786133,True,1,None
K?qbepsuH{Sw,4.76837158203125e-07,0.1143026351928711,True,4,None
K?qbepsrLsEw,2.384185791015625e-07,0.013235807418823242,True,2,None
K?qbepssl[Fg,2.384185791015625e-07,0.004018068313598633,True,1,None
K?qbepsJlkZG,2.384185791015625e-07,0.007559776306152344,True,2,None
K?qbepkVdiUS,2.384185791015625e-07,0.014922618865966797,True,1,None
K?qbepkNTkYS,2.384185791015625e-07,0.014224052429199219,True,2,None
K?qbepkMliYo,4.76837158203125e-07,0.013509988784790039,True,1,None
K?qbep[ZddUg,2.384185791015625e-07,0.0036687850952148438,True,1,None
K?qbep[{H{Sw,0.0,0.004004001617431641,True,1,None
K?qbep[ilkMg,2.384185791015625e-07,0.014002323150634766,True,2,None
K?qbep[MnKUg,2.384185791015625e-07,0.0037996768951416016,True,1,None
K?qbeo{yamUc,2.384185791015625e-07,0.0720071792602539,True,4,None
K?qbeo{rdiMS,2.384185791015625e-07,0.02637505531311035,True,3,None
K?qbeo{[u[Uc,2.384185791015625e-07,0.012284278869628906,True,2,None
K?qbeo{iukMc,2.384185791015625e-07,0.016924619674682617,True,2,None
K?qbeo{bvgMS,4.291534423828125e-06,0.03132128715515137,True,5,None
K?qbeo{eji[o,2.384185791015625e-07,0.019687891006469727,True,1,None
K?qbeo{hjkZG,2.384185791015625e-07,0.06501889228820801,True,8,None
K?qbeo{XlkZG,2.384185791015625e-07,0.023938894271850586,True,3,None
K?qbdrKubhEw,2.384185791015625e-07,0.0034186840057373047,True,1,None
K?qbdrKfbeMc,7.152557373046875e-07,0.013561010360717773,True,2,None
K?qbdq[prkNC,0.0,0.06546545028686523,True,5,None
K?qbdp[vDeKs,2.384185791015625e-07,0.026952505111694336,True,4,None
K?qbdp[jeiMS,1.1920928955078125e-06,0.06275296211242676,True,7,None
K?qbdp[uPl[o,2.384185791015625e-07,0.011921882629394531,True,1,None
K?qbdp[mQl[o,2.384185791015625e-07,0.05910158157348633,True,6,None
K?qbdp[huwMS,4.76837158203125e-07,0.014683961868286133,True,2,None
K?qbdp[VNEUo,2.384185791015625e-07,0.030701637268066406,True,3,None
K?qbdp[VLe[o,4.76837158203125e-07,0.07469892501831055,True,8,None
K?qbbrSvDUEs,0.0,0.013460397720336914,True,2,None
K?qbbrSjK{MW,0.0,0.16817331314086914,True,14,None
K?qbbpsuS{Ss,2.384185791015625e-07,0.15318512916564941,True,10,None
K?qbbpsuSlTo,0.0,0.0037512779235839844,True,1,None
K?qbbrKv@fUo,2.384185791015625e-07,0.06213569641113281,True,3,None
K?qbbrK]diQs,2.384185791015625e-07,0.004187822341918945,True,1,None
K?qbbrKVdhUW,2.384185791015625e-07,0.041077375411987305,True,4,None
K?qbbqk\\MeRo,2.384185791015625e-07,0.003640413284301758,True,1,None
K?qbbqkVMkUW,2.384185791015625e-07,0.003972053527832031,True,1,None
K?qbbqkkmkJg,2.384185791015625e-07,0.053359270095825195,True,3,None
K?qbeZo]S{Es,7.152557373046875e-07,0.015385150909423828,True,1,None
K?qbeZo]P{Qs,2.384185791015625e-07,0.13758540153503418,True,7,None
K?qbeZo\\PtRo,2.384185791015625e-07,0.033219337463378906,True,2,None
K?qbeZoUtwEs,2.384185791015625e-07,0.15204429626464844,True,8,None
K?qbeZoUpxUo,4.76837158203125e-07,0.06646370887756348,True,5,None
K?qbeZo[hyRo,4.76837158203125e-07,0.05752897262573242,True,3,None
K?qbeYslauNC,2.384185791015625e-07,0.025755882263183594,True,5,None
K?qbeYsfbsMK,2.384185791015625e-07,0.0035247802734375,True,1,None
K?qbeY[Ljq]O,1.1920928955078125e-06,0.05588722229003906,True,4,None
K?qbeW{lUsMS,2.384185791015625e-07,0.0038666725158691406,True,1,None
K?qbeW{drp]O,0.0,0.006238460540771484,True,1,None
K?qbeW{Lud^?,2.384185791015625e-07,0.01741790771484375,True,2,None
K?qbczowq{Fc,4.76837158203125e-07,0.003523111343383789,True,1,None
K?qbczoqrwEs,2.384185791015625e-07,0.15746140480041504,True,17,None
K?qbczoiq{Mc,2.384185791015625e-07,0.02008199691772461,True,2,None
K?qbczobjsMg,4.76837158203125e-07,0.04137444496154785,True,3,None
K?qbczWybiEs,2.384185791015625e-07,0.05795431137084961,True,4,None
K?qbcxwvDMMS,2.384185791015625e-07,0.04893779754638672,True,3,None
K?qbcxwyalUg,2.384185791015625e-07,0.006384849548339844,True,1,None
K?qbcxwubLUg,2.384185791015625e-07,0.0038001537322998047,True,1,None
K?qbcxwxS{MS,2.384185791015625e-07,0.08121013641357422,True,5,None
K?qbcxwrTkMS,2.384185791015625e-07,0.12691617012023926,True,7,None
K?qbcxwVVcSs,2.384185791015625e-07,0.175795316696167,True,17,None
K?qbcxwsj[Ug,2.384185791015625e-07,0.10755491256713867,True,8,None
K?qbcxkmUkMS,2.384185791015625e-07,0.022476911544799805,True,1,None
K?qbcxkevgMS,2.384185791015625e-07,0.09230422973632812,True,3,None
K?qbcxkerh]O,0.0,0.07149624824523926,True,5,None
K?qbcx[]Td[o,7.152557373046875e-07,0.08853483200073242,True,4,None
K?qbcx[YvcUc,2.384185791015625e-07,0.0034525394439697266,True,1,None
K?qbcx[Ytd]_,0.0,0.01692652702331543,True,3,None
K?qbcx[Mvc[c,2.384185791015625e-07,0.013440132141113281,True,3,None
K?qbcx[hrp]O,2.384185791015625e-07,0.03112649917602539,True,2,None
K?qbcx[]NKUW,2.384185791015625e-07,0.013567447662353516,True,2,None
K?qbazojQ{US,4.76837158203125e-07,0.08403635025024414,True,6,None
K?qbazoVTdTo,2.384185791015625e-07,0.13323450088500977,True,6,None
K?qbazoUtXUo,4.76837158203125e-07,0.009594917297363281,True,1,None
K?qbazoTtXVO,2.384185791015625e-07,0.14103150367736816,True,10,None
K?qbaw{lUd\\O,2.384185791015625e-07,0.05009198188781738,True,5,None
K?qbaw{qtk]C,0.0,0.04700469970703125,True,6,None
K?qbaw{qtd]_,2.384185791015625e-07,0.03601479530334473,True,3,None
K?qbbfWptwFc,2.384185791015625e-07,0.0035457611083984375,True,1,None
K?qbbfWdtXN_,2.384185791015625e-07,0.03614377975463867,True,3,None
K?qbbfWLsx\\_,0.0,0.014397859573364258,True,2,None
K?qbbfWFth\\_,4.76837158203125e-07,0.01563405990600586,True,2,None
K?qbbewTsx\\_,1.430511474609375e-06,0.0736703872680664,True,10,None
K?qbbdwlK{Xg,2.384185791015625e-07,0.1213526725769043,True,9,None
K?qbbfKspxV_,2.384185791015625e-07,0.27491259574890137,True,38,None
K?qbbdkucyUc,2.384185791015625e-07,0.004149198532104492,True,1,None
K?qbbe[rbqUc,7.152557373046875e-07,0.1691594123840332,True,10,None
K?qbbe[wsxN_,2.384185791015625e-07,0.053961753845214844,True,1,None
K?qbbe[[sx\\_,2.384185791015625e-07,0.18404436111450195,True,27,None
K?qbbe[YuwUc,2.384185791015625e-07,0.1893761157989502,True,15,None
K?qbbe[evHN_,4.76837158203125e-07,0.012671232223510742,True,1,None
K?qbbe[RvoUc,2.384185791015625e-07,0.06969499588012695,True,4,None
K?qbbe[rLwMW,2.384185791015625e-07,0.12537908554077148,True,6,None
K?qbbd[xcyVC,2.384185791015625e-07,0.0037992000579833984,True,1,None
K?qbbd[tdXVG,0.0,0.0036461353302001953,True,1,None
K?qbbd[rdhVG,4.76837158203125e-07,0.0037255287170410156,True,1,None
K?qbbd[etX]_,2.384185791015625e-07,0.01992177963256836,True,3,None
K?qbbd[tLUV_,2.384185791015625e-07,0.08588528633117676,True,9,None
K?qbbVol_zZ_,7.152557373046875e-07,0.04799246788024902,True,6,None
K?qbbVS\\TpRo,2.384185791015625e-07,0.003780364990234375,True,1,None
K?qbbVS\\SxVO,2.384185791015625e-07,0.07302522659301758,True,9,None
K?qbbVStHyVO,4.76837158203125e-07,0.013941526412963867,True,1,None
K?qbbVSfLwMW,2.384185791015625e-07,0.013207197189331055,True,3,None
K?qbbTsucxUg,2.384185791015625e-07,0.003419637680053711,True,1,None
K?qbbTslcyZC,2.384185791015625e-07,0.12913012504577637,True,5,None
K?qbbTsstwRc,2.384185791015625e-07,0.018897056579589844,True,2,None
K?qbbTstKyVO,2.384185791015625e-07,0.1374506950378418,True,8,None
K?qbbS{suwUc,2.384185791015625e-07,0.06710219383239746,True,5,None
K?qbbS{dup]_,0.0,0.14826154708862305,True,13,None
K?qdRbwVQmUo,2.384185791015625e-07,0.13492417335510254,True,5,None
K?qdRbst`yJW,0.0,0.05190610885620117,True,2,None
K?qdRbs\\cyJW,4.76837158203125e-07,0.052753448486328125,True,7,None
K?qdRbs\\ayRW,2.384185791015625e-07,0.016948461532592773,True,2,None
K?qdRbstRsBw,2.384185791015625e-07,0.015439033508300781,True,1,None
K?qdRbsdrwJW,2.384185791015625e-07,0.15764355659484863,True,13,None
K?qdRb[fReMo,2.384185791015625e-07,0.04937863349914551,True,5,None
K?qdRb[erkMg,2.384185791015625e-07,0.1201934814453125,True,5,None
K?qdRa{tQ{MW,2.384185791015625e-07,0.0037763118743896484,True,1,None
K?qdR`{}AmQw,2.384185791015625e-07,0.014966964721679688,True,1,None
K?qdR`{NUkYW,2.384185791015625e-07,0.036565303802490234,True,3,None
K?qdRbqVayUg,1.430511474609375e-06,0.023641586303710938,True,1,None
K?qdRbYfRiMo,2.384185791015625e-07,0.12187051773071289,True,4,None
K?qdR`ynAmYg,2.384185791015625e-07,0.020098209381103516,True,4,None
K?qdR`yNUiYo,2.384185791015625e-07,0.12397313117980957,True,8,None
K?qdR`u\\cyZG,2.384185791015625e-07,0.01569199562072754,True,3,None
K?qdRa]uRiMo,0.0,0.015840768814086914,True,3,None
K?qdRa]sriN_,0.0,0.09774661064147949,True,5,None
K?qdR_}]UiYo,2.384185791015625e-07,0.036106109619140625,True,2,None
K?qdR_}[uiZ_,2.384185791015625e-07,0.03391456604003906,True,2,None
K?qdRbptP{Jo,0.0,0.07595276832580566,True,4,None
K?qdRbX^EkEw,0.0,0.017110109329223633,True,3,None
K?qdRbX^AmUo,2.384185791015625e-07,0.07132554054260254,True,4,None
K?qdRbXVbiUo,4.76837158203125e-07,0.028290987014770508,True,3,None
K?qdRbXtRkFo,2.384185791015625e-07,0.012410163879394531,True,1,None
K?qdRbXNUkMo,4.76837158203125e-07,0.07939529418945312,True,7,None
K?qdR`xtS{Mo,4.76837158203125e-07,0.09215354919433594,True,5,None
K?qdRbT}A{Ew,2.384185791015625e-07,0.0915834903717041,True,6,None
K?qdRat\\UsJo,2.384185791015625e-07,0.016093015670776367,True,1,None
K?qdR`terwYo,0.0,0.012576818466186523,True,3,None
K?qdRa\\|A{MW,2.384185791015625e-07,0.0033812522888183594,True,1,None
K?qdRa\\{a{Mg,2.384185791015625e-07,0.013199567794799805,True,2,None
K?qdR`\\vBeUo,2.384185791015625e-07,0.1255636215209961,True,7,None
K?qdR`\\VfgUW,2.384185791015625e-07,0.003473997116088867,True,1,None
K?qdR`\\VfaUo,2.384185791015625e-07,0.0034646987915039062,True,1,None
K?qdR`\\{S{Mo,2.384185791015625e-07,0.016801834106445312,True,4,None
K?qdR_|ueiMo,2.384185791015625e-07,0.015549659729003906,True,1,None
K?qdR_|VfcYg,2.384185791015625e-07,0.013578414916992188,True,1,None
K?qdR_|Vee]_,0.0,0.012912988662719727,True,1,None
K?qdRbRfRkN_,5.4836273193359375e-06,0.013441801071166992,True,2,None
K?qdR`rlQ{Z_,2.384185791015625e-07,0.015593290328979492,True,2,None
K?qdRaZ\\bwYg,2.384185791015625e-07,0.13022327423095703,True,6,None
K?qdRaZVfgMg,0.0,0.011960506439208984,True,2,None
K?qdR_zvEiMo,0.0,0.05558419227600098,True,2,None
K?qdR_zVei]_,4.76837158203125e-07,0.011865377426147461,True,1,None
K?qdRaV}A{Mg,2.384185791015625e-07,0.01240992546081543,True,2,None
K?qdRaVubiN_,2.384185791015625e-07,0.03871440887451172,True,7,None
K?qdRaVVfgNG,2.384185791015625e-07,0.051226139068603516,True,6,None
K?qdRaVtRwNO,2.384185791015625e-07,0.12273311614990234,True,4,None
K?qdR`VtRwVO,4.76837158203125e-07,0.04411792755126953,True,4,None
K?qdPjw\\eiJW,2.384185791015625e-07,0.03795909881591797,True,1,None
K?qdPjwuRkIw,4.76837158203125e-07,0.01834726333618164,True,1,None
K?qdPjs}AuIw,2.384185791015625e-07,0.055719852447509766,True,3,None
K?qdPj[uRkMW,2.384185791015625e-07,0.021995067596435547,True,3,None
K?qdPjXVbi]O,4.76837158203125e-07,0.05634617805480957,True,5,None
K?qdPjXtRsMo,7.152557373046875e-07,0.012738227844238281,True,1,None
K?qdPjX\\RsYo,2.384185791015625e-07,0.12110495567321777,True,14,None
K?qdPjX[rwYo,2.384185791015625e-07,0.050780534744262695,True,3,None
K?qdV`s]I{Qw,2.384185791015625e-07,0.052925825119018555,True,5,None
K?qdV`[ubhEw,2.1457672119140625e-06,0.01574563980102539,True,1,None
K?qdV`[NfcIk,2.384185791015625e-07,0.024298906326293945,True,2,None
K?qdV`[drkNC,2.384185791015625e-07,0.05592966079711914,True,4,None
K?qdV`[NJeYo,2.384185791015625e-07,0.03468465805053711,True,6,None
K?qdV`U}A{Ek,0.0,0.10031962394714355,True,6,None
K?qdV`U{`xJg,2.384185791015625e-07,0.019074678421020508,True,1,None
K?qdV`U{Q{Fc,2.384185791015625e-07,0.013104438781738281,True,2,None
K?qdV`UuPlN_,2.384185791015625e-07,0.013602733612060547,True,2,None
K?qdUhsv@tMW,2.384185791015625e-07,0.040069580078125,True,4,None
K?qdRhs^EeRS,4.76837158203125e-07,0.15750527381896973,True,16,None
K?qbTjotP{JS,2.384185791015625e-07,0.07041287422180176,True,3,None
K?qbTjoNUkJS,2.384185791015625e-07,0.015011787414550781,True,2,None
K?qbTjSTrsVC,7.152557373046875e-07,0.004147052764892578,True,1,None
K?qbSvSMvgMc,2.384185791015625e-07,0.02564072608947754,True,5,None
K?qbSus{IyMo,2.384185791015625e-07,0.08230829238891602,True,6,None
K?qbStsmfgIk,2.384185791015625e-07,0.014265298843383789,True,2,None
K?qbStsmbiYc,2.384185791015625e-07,0.018047809600830078,True,3,None
K?qbStsmbhYg,0.0,0.1516876220703125,True,10,None
K?qbSts]dhYg,2.384185791015625e-07,0.10486030578613281,True,6,None
K?qbStsfbh]G,2.384185791015625e-07,0.14012551307678223,True,6,None
K?q`vBwNUkIw,0.0,0.01804804801940918,True,2,None
K?q`vBsvAmFW,2.384185791015625e-07,0.0535430908203125,True,4,None
K?q`vBsmQmJo,2.384185791015625e-07,0.01929473876953125,True,2,None
K?q`vBstP{JW,2.384185791015625e-07,0.06812429428100586,True,3,None
K?q`vBs\\S{JW,2.384185791015625e-07,0.05870556831359863,True,3,None
K?q`vBsfRkJW,2.384185791015625e-07,0.013235330581665039,True,1,None
K?q`vBsfReJo,2.384185791015625e-07,0.028661489486694336,True,3,None
K?q`vBsNUkJW,2.384185791015625e-07,0.011806726455688477,True,1,None
K?q`vBsNUeJo,2.384185791015625e-07,0.06808185577392578,True,4,None
K?q`vBsLuwJW,2.384185791015625e-07,0.057971954345703125,True,5,None
K?q`vB[mbiIw,2.384185791015625e-07,0.017828941345214844,True,2,None
K?q`vB[fReMo,2.384185791015625e-07,0.03922080993652344,True,4,None
K?q`vA{\\UkJW,7.152557373046875e-07,0.01735973358154297,True,4,None
K?q`vA{[q{Yg,2.384185791015625e-07,0.024079561233520508,True,4,None
K?q`vBqfayMg,2.384185791015625e-07,0.07317709922790527,True,7,None
K?q`vBqTsyN_,2.384185791015625e-07,0.00994873046875,True,1,None
K?q`vBYFri]_,2.384185791015625e-07,0.12134146690368652,True,15,None
K?q`vBU\\`yZG,2.384185791015625e-07,0.012623071670532227,True,3,None
K?q`vBUTtqN_,2.384185791015625e-07,0.03590679168701172,True,4,None
K?q`vAutRwJW,2.384185791015625e-07,0.003842592239379883,True,1,None
K?q`v@u{cyJg,2.384185791015625e-07,0.10874009132385254,True,5,None
K?q`vA]uRiMo,4.76837158203125e-07,0.003658294677734375,True,1,None
K?q`vA][rwYg,2.384185791015625e-07,0.13305306434631348,True,11,None
K?q`vA]TvaN_,4.76837158203125e-07,0.011734247207641602,True,1,None
K?q`vBX\\UkFo,2.384185791015625e-07,0.09732794761657715,True,8,None
K?q`vBTu`yMo,2.384185791015625e-07,0.0037147998809814453,True,1,None
K?q`vBRfbwMg,2.384185791015625e-07,0.00360107421875,True,1,None
K?q`vBR\\UwFo,0.0,0.04971671104431152,True,2,None
K?q`qjw}DMIw,4.76837158203125e-07,0.05855107307434082,True,4,None
K?q`qjkudiMW,2.384185791015625e-07,0.08745408058166504,True,3,None
K?q`qjktdqMW,4.76837158203125e-07,0.014082670211791992,True,3,None
K?q`qjkleqMW,2.384185791015625e-07,0.03535747528076172,True,5,None
K?q`qj[}DMMW,2.384185791015625e-07,0.03921079635620117,True,4,None
K?q`qj[zDeMW,0.0,0.013870477676391602,True,3,None
K?q`qj[^De[W,2.384185791015625e-07,0.01909923553466797,True,4,None
K?q`qj[jfaMW,2.384185791015625e-07,0.0579221248626709,True,5,None
K?q`qj[yTkMW,2.384185791015625e-07,0.07241225242614746,True,6,None
K?q`qj[yPm]O,4.76837158203125e-07,0.12571358680725098,True,7,None
K?q`qj[]VEUo,2.384185791015625e-07,0.014101505279541016,True,2,None
K?q`qj[]Te[o,0.0,0.05377483367919922,True,4,None
K?q`qj[jVcMW,2.384185791015625e-07,0.003445148468017578,True,1,None
K?q`qj[iri]O,2.384185791015625e-07,0.057254791259765625,True,6,None
K?q`qj[YvcUg,2.384185791015625e-07,0.01584172248840332,True,3,None
K?q`qh{tdq[W,2.384185791015625e-07,0.054850101470947266,True,2,None
K?q`qjinEiMW,2.384185791015625e-07,0.1347055435180664,True,10,None
K?q`qjiNVcYg,2.384185791015625e-07,0.012073755264282227,True,1,None
K?q`qjiNUk]G,2.384185791015625e-07,0.021955251693725586,True,4,None
K?q`qjM}DiMW,2.384185791015625e-07,0.014047622680664062,True,2,None
K?q`qjM|BqUW,2.384185791015625e-07,0.09320449829101562,True,8,None
K?q`qjM]VcUg,4.76837158203125e-07,0.011679887771606445,True,2,None
K?q`qjMMvg]G,2.384185791015625e-07,0.12758111953735352,True,4,None
K?q`qim}EiMW,4.76837158203125e-07,0.10197210311889648,True,6,None
K?q`qim]VcYg,4.76837158203125e-07,0.048982858657836914,True,4,None
K?q`qimUvg]G,2.384185791015625e-07,0.023287534713745117,True,1,None
K?q`qhm|DeZG,2.384185791015625e-07,0.044593095779418945,True,4,None
K?q`qhm{diZG,2.384185791015625e-07,0.038752079010009766,True,2,None
K?q`qhmtdq]G,9.5367431640625e-07,0.010911941528320312,True,2,None
K?q`qhmlfaZG,2.384185791015625e-07,0.006509065628051758,True,2,None
K?q`qhmmVcYg,4.76837158203125e-07,0.09302568435668945,True,11,None
K?q`qhmsvoUg,2.384185791015625e-07,0.0336155891418457,True,1,None
K?q`qhmevg]G,2.384185791015625e-07,0.015402078628540039,True,1,None
K?q`qh]jVa]O,2.384185791015625e-07,0.09358406066894531,True,3,None
K?q`qh]ivg]G,4.76837158203125e-07,0.013170242309570312,True,2,None
K?q`qiN}FgMW,2.384185791015625e-07,0.0035860538482666016,True,1,None
K?q`vborQlFo,2.384185791015625e-07,0.05285835266113281,True,3,None
K?q`vborPlJo,2.384185791015625e-07,0.08463811874389648,True,8,None
K?q`vbofQ{Ks,2.384185791015625e-07,0.07821130752563477,True,5,None
K?q`urctJeFo,2.384185791015625e-07,0.011518478393554688,True,2,None
K?q`urS]RLUo,2.384185791015625e-07,0.01815342903137207,True,2,None
K?q`urSjRkMS,2.384185791015625e-07,0.01354670524597168,True,3,None
K?q`urSirkMc,2.384185791015625e-07,0.06377959251403809,True,6,None
K?q`urSMvKMc,4.76837158203125e-07,0.016957759857177734,True,3,None
K?q`upsirhYo,2.384185791015625e-07,0.048964500427246094,True,5,None
K?q`upsptwMS,2.384185791015625e-07,0.003360271453857422,True,1,None
K?q`upsLnKZG,2.384185791015625e-07,0.2103114128112793,True,32,None
K?q`upqNVgWs,4.76837158203125e-07,0.024456262588500977,True,2,None
K?q`uqe\\bhZG,2.384185791015625e-07,0.13828563690185547,True,18,None
K?q`trSwi{Mg,2.384185791015625e-07,0.003950357437133789,True,1,None
K?q`trEvBiMS,2.384185791015625e-07,0.0648198127746582,True,5,None
K?q`vJo\\Q{RS,9.5367431640625e-07,0.08010482788085938,True,4,None
K?q`vJofRkJS,2.384185791015625e-07,0.060478925704956055,True,3,None
K?q`vJofRdJo,2.384185791015625e-07,0.01857137680053711,True,1,None
K?q`vJoNUsIs,2.384185791015625e-07,0.062088727951049805,True,3,None
K?q`vJoNUkJS,2.384185791015625e-07,0.06803011894226074,True,3,None
K?q`vJoeqxMo,2.384185791015625e-07,0.017331838607788086,True,2,None
K?q`vJoLuwJS,2.384185791015625e-07,0.02468276023864746,True,3,None
K?q`vJoLupJo,0.0,0.037232398986816406,True,3,None
K?q`vJouH{Iw,2.384185791015625e-07,0.1612246036529541,True,15,None
K?q`ujcfbqMS,2.384185791015625e-07,0.015266895294189453,True,1,None
K?q`uisxbqJS,2.384185791015625e-07,0.0039055347442626953,True,1,None
K?q`uiswi{NG,2.384185791015625e-07,0.01793670654296875,True,2,None
K?q`uhs{T[JS,2.384185791015625e-07,0.003805875778198242,True,1,None
K?q`uhsyS{MS,2.384185791015625e-07,0.0650947093963623,True,7,None
K?q`uhsxQtVO,2.384185791015625e-07,0.12180614471435547,True,7,None
K?q`uhstPt\\O,2.384185791015625e-07,0.012097358703613281,True,1,None
K?q`uhslQt\\O,0.0,0.08346056938171387,True,6,None
K?q`uZonBdIw,2.384185791015625e-07,0.05876588821411133,True,8,None
K?q`uZombhIw,2.384185791015625e-07,0.017148733139038086,True,1,None
K?q`uZomRkIs,2.384185791015625e-07,0.06988382339477539,True,6,None
K?q`uZofRdMo,2.384185791015625e-07,0.1299302577972412,True,15,None
K?q`uZoFvcMc,0.0,0.036716461181640625,True,2,None
K?q`uZoFrk]C,2.384185791015625e-07,0.0635380744934082,True,3,None
K?q`uZo{I{Ew,2.384185791015625e-07,0.015470266342163086,True,3,None
K?q`uZo{ImFo,2.384185791015625e-07,0.015710115432739258,True,1,None
K?q`uZSMrh]O,2.384185791015625e-07,0.014358282089233398,True,3,None
K?q`uYsubhMW,4.76837158203125e-07,0.12665748596191406,True,8,None
K?q`uYstbpMW,4.76837158203125e-07,0.05250191688537598,True,6,None
K?q`uYsUvgMS,2.384185791015625e-07,0.0036513805389404297,True,1,None
K?q`uXsmUkMS,2.384185791015625e-07,0.059285879135131836,True,10,None
K?q`uXsevgMS,4.76837158203125e-07,0.01422572135925293,True,3,None
K?q`uXserh]O,4.76837158203125e-07,0.15058493614196777,True,12,None
K?q`uXsLud^?,2.384185791015625e-07,0.07536625862121582,True,4,None
K?q`uXs\\MeVO,2.384185791015625e-07,0.11543774604797363,True,5,None
K?q`uYq{IyMo,7.152557373046875e-07,0.016770601272583008,True,3,None
K?q`uXqfVgMS,2.384185791015625e-07,0.189971923828125,True,34,None
K?q`uXqNUd]_,2.384185791015625e-07,0.14189577102661133,True,8,None
K?q`uXqkjwYg,4.76837158203125e-07,0.011658668518066406,True,1,None
K?q`uXqdnoMg,2.384185791015625e-07,0.01918506622314453,True,1,None
K?q`szosrhLo,2.384185791015625e-07,0.0038881301879882812,True,1,None
K?q`szo{JMJo,4.76837158203125e-07,0.05143117904663086,True,2,None
K?q`szoxJeJo,2.384185791015625e-07,0.07880806922912598,True,3,None
K?q`szoxIuMo,0.0,0.0035927295684814453,True,1,None
K?q`szc\\VcJS,0.0,0.04843592643737793,True,3,None
K?q`szSybhMW,4.76837158203125e-07,0.14542627334594727,True,14,None
K?q`sxsxUsMS,2.384185791015625e-07,0.003949165344238281,True,1,None
K?q`sxsqvgMS,2.384185791015625e-07,0.08297872543334961,True,8,None
K?q`sxsqrh]O,2.384185791015625e-07,0.08497858047485352,True,8,None
K?q`szavBhMW,2.384185791015625e-07,0.011864900588989258,True,1,None
K?q`sxqvFIMS,0.0,0.09702777862548828,True,6,None
K?q`sxqXngZG,2.384185791015625e-07,0.07678914070129395,True,6,None
K?q`qzouRLUo,2.384185791015625e-07,0.14667201042175293,True,12,None
K?q`qzS]VDUo,2.384185791015625e-07,0.003724336624145508,True,1,None
K?q`qzSYth]O,2.384185791015625e-07,0.14694929122924805,True,8,None
K?q`qysxUdNO,2.384185791015625e-07,0.0038154125213623047,True,1,None
K?q`qys\\Ud\\O,2.384185791015625e-07,0.01632380485534668,True,1,None
K?q`qysqrk]C,2.384185791015625e-07,0.11768031120300293,True,7,None
K?q`qysUvc[c,2.384185791015625e-07,0.22766590118408203,True,16,None
K?q`qxsmUk[S,2.384185791015625e-07,0.016895532608032227,True,1,None
K?q`qxsxUdVO,2.384185791015625e-07,0.004374027252197266,True,1,None
K?q`qxslUd\\O,2.384185791015625e-07,0.08140301704406738,True,6,None
K?q`qxsivcYc,4.76837158203125e-07,0.011446952819824219,True,1,None
K?q`qxsevc[c,2.384185791015625e-07,0.01521611213684082,True,2,None
K?q`qxsevK]C,2.384185791015625e-07,0.017818212509155273,True,1,None
K?q`qzE]Th]O,2.384185791015625e-07,0.01576852798461914,True,1,None
K?q`qye]f`Yg,0.0,0.007128238677978516,True,1,None
K?q`qyetJq]O,2.384185791015625e-07,0.04091978073120117,True,3,None
K?q`qye\\NcZG,2.384185791015625e-07,0.021739721298217773,True,4,None
K?q`qye\\NaZO,2.384185791015625e-07,0.1603243350982666,True,13,None
K?q`qye[noYg,2.384185791015625e-07,0.04989457130432129,True,6,None
K?q`qye[ngZG,4.76837158203125e-07,0.05921816825866699,True,4,None
K?q`qxelNaZO,2.384185791015625e-07,0.04636955261230469,True,4,None
K?q`qxelMe^?,2.384185791015625e-07,0.045168161392211914,True,3,None
K?q`tVS\\NgJW,0.0,0.010732412338256836,True,1,None
K?ovEbwjayEw,0.0,0.034479379653930664,True,6,None
K?ovEbwfbYEw,2.384185791015625e-07,0.0357208251953125,True,1,None
K?ovEbwbrwEw,2.384185791015625e-07,0.08138775825500488,True,3,None
K?ovEbkfbqEw,4.76837158203125e-07,0.018635272979736328,True,3,None
K?ovEbkerwEw,2.384185791015625e-07,0.022350549697875977,True,3,None
K?ovEa{NbiXW,2.384185791015625e-07,0.06864333152770996,True,7,None
K?ovEa{hrsJg,2.384185791015625e-07,0.011143207550048828,True,1,None
K?ovEbifRwEw,2.384185791015625e-07,0.03162240982055664,True,4,None
K?ovEbYlbYFg,4.76837158203125e-07,0.01636219024658203,True,1,None
K?ovEbYhpyN_,0.0,0.061670780181884766,True,6,None
K?ovEaytbYFg,2.384185791015625e-07,0.04077577590942383,True,3,None
K?ovEayrbiFg,0.0,0.15678739547729492,True,12,None
K?ovEayppyN_,0.0,0.014554977416992188,True,2,None
K?ovEayFri\\_,2.384185791015625e-07,0.04048871994018555,True,4,None
K?ovEbMlbqFg,2.384185791015625e-07,0.034040212631225586,True,3,None
K?ovEbMmRwEw,2.384185791015625e-07,0.1299269199371338,True,4,None
K?ovEbMmP{Mg,2.384185791015625e-07,0.012729883193969727,True,2,None
K?ovEam\\bqRg,0.0,0.007506608963012695,True,1,None
K?ovEamNbiZG,2.384185791015625e-07,0.01908254623413086,True,3,None
K?ovEammRkJg,9.5367431640625e-07,0.013478279113769531,True,2,None
K?ovEamfRwMW,2.384185791015625e-07,0.006543159484863281,True,1,None
K?ovEa]nBqKw,0.0,0.015012025833129883,True,1,None
K?ovEa]{bYFg,2.384185791015625e-07,0.014912128448486328,True,3,None
K?ovEa]lRqLo,0.0,0.05704450607299805,True,4,None
K?ovEa]jRwMW,2.384185791015625e-07,0.04852175712585449,True,2,None
K?ovE_}x`yZG,2.384185791015625e-07,0.062157392501831055,True,5,None
K?ovE_}NfIZG,0.0,0.11371278762817383,True,14,None
K?ovE_}NVgXW,2.384185791015625e-07,0.1138925552368164,True,8,None
K?ovEbbNdwJg,2.384185791015625e-07,0.03644919395446777,True,3,None
K?ovEbJnBwEw,2.384185791015625e-07,0.1180572509765625,True,5,None
K?ovE_ztdwLg,2.384185791015625e-07,0.022082090377807617,True,3,None
K?ovE_zptwN_,7.152557373046875e-07,0.06111931800842285,True,5,None
K?ovE_zJvgZ_,4.76837158203125e-07,0.15337800979614258,True,8,None
K?ovEafNbwZG,2.384185791015625e-07,0.01204371452331543,True,1,None
K?ovEafFvoN_,0.0,0.13159680366516113,True,3,None
K?ovEaNlbqN_,2.384185791015625e-07,0.015243053436279297,True,4,None
K?ovEaNNbq]_,0.0,0.06221890449523926,True,5,None
K?ovE_nlbwZG,2.384185791015625e-07,0.043878793716430664,True,4,None
K?ovE_nNfgZG,2.384185791015625e-07,0.04181551933288574,True,4,None
K?ovE_nlUsN_,4.76837158203125e-07,0.049013376235961914,True,6,None
K?ovE_nFvg^?,0.0,0.010960102081298828,True,1,None
K?ovDbwrayEw,2.384185791015625e-07,0.017061233520507812,True,1,None
K?ovDbwrQ{Ew,2.384185791015625e-07,0.1531062126159668,True,20,None
K?ovDbwNU[Iw,2.384185791015625e-07,0.15959835052490234,True,8,None
K?ovDbk}?}Iw,2.384185791015625e-07,0.040842533111572266,True,5,None
K?ovDbkvAuEw,2.384185791015625e-07,0.19514179229736328,True,9,None
K?ovDbk^CmJW,2.384185791015625e-07,0.01873183250427246,True,1,None
K?ovDbkuayEw,2.384185791015625e-07,0.03845477104187012,True,6,None
K?ovDbkmamJg,2.384185791015625e-07,0.017483234405517578,True,3,None
K?ovDbk\\cyJW,2.384185791015625e-07,0.11944961547851562,True,4,None
K?ovDbkmQmJo,2.384185791015625e-07,0.0186007022857666,True,2,None
K?ovDbktPuJo,4.76837158203125e-07,0.012441396713256836,True,1,None
K?ovDb[v@uKw,2.384185791015625e-07,0.07001113891601562,True,5,None
K?ovDb[ubYEw,4.76837158203125e-07,0.01415705680847168,True,3,None
K?ovDb[r`uMg,2.384185791015625e-07,0.01374673843383789,True,2,None
K?ovDb[fbiLW,4.76837158203125e-07,0.015053749084472656,True,2,None
K?ovDb[uR[Ew,2.384185791015625e-07,0.04979133605957031,True,4,None
K?ovDb[uP{Kw,2.384185791015625e-07,0.042062997817993164,True,5,None
K?ovDb[rRsEw,2.384185791015625e-07,0.030045270919799805,True,3,None
K?ovDb[rP{MW,2.384185791015625e-07,0.030259132385253906,True,4,None
K?ovDb[qrwEw,2.384185791015625e-07,0.11316084861755371,True,9,None
K?ovDb[eriLo,4.76837158203125e-07,0.011530637741088867,True,2,None
K?ovDbqbrwJg,2.384185791015625e-07,0.10755228996276855,True,7,None
K?ovDbivAyEw,2.384185791015625e-07,0.050492286682128906,True,5,None
K?ovDbYlbYJg,4.76837158203125e-07,0.016896963119506836,True,3,None
K?ovDbYrbiFg,2.384185791015625e-07,0.15062713623046875,True,6,None
K?ovDbYNfIJg,4.76837158203125e-07,0.01774287223815918,True,2,None
K?ovDbYrRwEw,2.384185791015625e-07,0.012407541275024414,True,2,None
K?ovDbYrP{Mg,2.384185791015625e-07,0.02138066291809082,True,2,None
K?ovDbYhrwJg,0.0,0.16534018516540527,True,9,None
K?ovDayxQ{Jg,2.384185791015625e-07,0.050246477127075195,True,3,None
K?ovD`yNeiXg,2.384185791015625e-07,0.007909774780273438,True,2,None
K?ovD`yhqyZ_,2.384185791015625e-07,0.0910794734954834,True,8,None
K?ovDbe^CyJW,4.76837158203125e-07,0.00659489631652832,True,1,None
K?ovDbe]SyJo,2.384185791015625e-07,0.014244318008422852,True,2,None
K?ovDbU]cyLg,4.76837158203125e-07,0.06625008583068848,True,3,None
K?ovDbUfbqLg,2.384185791015625e-07,0.012518644332885742,True,1,None
K?ovDbUiqyN_,2.384185791015625e-07,0.06085205078125,True,3,None
K?ovDbUMuwLg,2.384185791015625e-07,0.058231353759765625,True,5,None
K?ovDbUbrqN_,2.384185791015625e-07,0.017294645309448242,True,1,None
K?ovDau^AyXW,2.384185791015625e-07,0.07321953773498535,True,8,None
K?ovDauyQ{Jg,2.384185791015625e-07,0.013332366943359375,True,2,None
K?ovD`ur`yZG,0.0,0.0417633056640625,True,3,None
K?ovD`ufbYZG,2.384185791015625e-07,0.05179166793823242,True,3,None
K?ovD`uNUwXW,2.384185791015625e-07,0.11085748672485352,True,7,None
K?ovD`uNUYZO,2.384185791015625e-07,0.16184091567993164,True,6,None
K?ovD`uJuwZG,2.384185791015625e-07,0.09806704521179199,True,8,None
K?ovDamtQ{NG,2.384185791015625e-07,0.01214456558227539,True,1,None
K?ovDam[uwJg,0.0,0.019264936447143555,True,1,None
K?ovFawXsxJo,2.384185791015625e-07,0.013250112533569336,True,1,None
K?ovFawfImLo,7.152557373046875e-07,0.057939767837524414,True,6,None
K?ovFawph{Jg,2.384185791015625e-07,0.0879368782043457,True,3,None
K?ovFawJiyYo,4.76837158203125e-07,0.05964303016662598,True,3,None
K?ovFasNI{XW,0.0,0.04073143005371094,True,5,None
K?ovFak\\StJo,2.384185791015625e-07,0.08923768997192383,True,9,None
K?ovFak[sxJo,2.384185791015625e-07,0.028190135955810547,True,3,None
K?ovFakfJsIw,2.384185791015625e-07,0.011812925338745117,True,1,None
K?ovFakshyJo,2.384185791015625e-07,0.0407414436340332,True,3,None
K?ovFakUmwEw,0.0,0.01469111442565918,True,1,None
K?ovFRSmQlFo,2.384185791015625e-07,0.01441502571105957,True,2,None
K?ovFRSerwEs,0.0,0.014300107955932617,True,2,None
K?ovFRSep{Mc,2.384185791015625e-07,0.13491463661193848,True,16,None
K?ovFRSfH{MW,0.0,0.13025593757629395,True,9,None
K?ovFRSeh{Mg,2.384185791015625e-07,0.01688098907470703,True,2,None
K?ovFQ[}@lIw,2.384185791015625e-07,0.01870107650756836,True,4,None
K?ovFQ[v@lMW,2.384185791015625e-07,0.1480085849761963,True,22,None
K?ovFQ[fbdMg,2.384185791015625e-07,0.0313265323638916,True,3,None
K?ovFQ[MrhYo,2.384185791015625e-07,0.06269073486328125,True,6,None
K?ovErojQ{Es,4.76837158203125e-07,0.012273788452148438,True,2,None
K?ovErojP{Is,0.0,0.07479405403137207,True,7,None
K?ovEqwlQ{Ks,2.384185791015625e-07,0.04101681709289551,True,4,None
K?ovEqwtH{Kw,2.384185791015625e-07,0.05661797523498535,True,3,None
K?ovEqwph{Mg,4.76837158203125e-07,0.020853281021118164,True,4,None
K?ovErSmR[Es,2.384185791015625e-07,0.01840686798095703,True,2,None
K?ovErSjRsEs,0.0,0.07676172256469727,True,4,None
K?ovErSip{Mc,2.384185791015625e-07,0.04038715362548828,True,3,None
K?ovEqsuR[Es,0.0,0.18664908409118652,True,25,None
K?ovEqsuH{Kw,2.384185791015625e-07,0.15573573112487793,True,12,None
K?ovErKkp{Mc,0.0,0.062166690826416016,True,5,None
K?ovEqkvBdEw,2.384185791015625e-07,0.018065929412841797,True,1,None
K?ovEqkfbdMg,2.384185791015625e-07,0.13044452667236328,True,4,None
K?ovEqk]QlUo,2.384185791015625e-07,0.07126855850219727,True,12,None
K?ovEqksh{Mg,2.384185791015625e-07,0.22159147262573242,True,26,None
K?ovEq[}@lKw,2.384185791015625e-07,0.035767555236816406,True,4,None
K?ovEq[{H{Kw,2.384185791015625e-07,0.11603212356567383,True,6,None
K?ovEq[wh{Mg,2.384185791015625e-07,0.01651906967163086,True,3,None
K?ovEq[Mjk[g,2.384185791015625e-07,0.07131052017211914,True,5,None
K?ovEq[Jje]_,4.76837158203125e-07,0.047464609146118164,True,3,None
K?ovEo{ws{Mc,2.384185791015625e-07,0.14112496376037598,True,8,None
K?ovEo{Mmk[g,4.76837158203125e-07,0.04421639442443848,True,5,None
K?ovDpwhuhJo,2.384185791015625e-07,0.01176309585571289,True,3,None
K?ovDpwhqxYo,2.384185791015625e-07,0.019501686096191406,True,2,None
K?ovDrSmQlLo,2.384185791015625e-07,0.04448723793029785,True,6,None
K?ovDrSdrTN_,2.384185791015625e-07,0.04694724082946777,True,4,None
K?ovDrSmJ[Iw,4.76837158203125e-07,0.011652708053588867,True,2,None
K?ovDrS\\H{XW,2.384185791015625e-07,0.00965118408203125,True,1,None
K?ovDrShjsJg,2.384185791015625e-07,0.02194356918334961,True,3,None
K?ovDqsuRLJo,4.76837158203125e-07,0.059514760971069336,True,2,None
K?ovDqsprsJc,2.384185791015625e-07,0.09453773498535156,True,6,None
K?ovDrK}@mIs,2.384185791015625e-07,0.1239311695098877,True,7,None
K?ovDrKvBkE[,2.384185791015625e-07,0.1255018711090088,True,18,None
K?ovDrKkq{Mc,2.384185791015625e-07,0.00830984115600586,True,2,None
K?ovDrKVLeMo,4.76837158203125e-07,0.16979742050170898,True,18,None
K?ovDpkss{Mc,2.384185791015625e-07,0.024446725845336914,True,4,None
K?ovDpkkuwIs,2.384185791015625e-07,0.03481936454772949,True,3,None
K?ovDpkkuhJo,2.384185791015625e-07,0.02180767059326172,True,2,None
K?ovDpkkqxYo,2.384185791015625e-07,0.04333853721618652,True,3,None
K?ovDpkLupYo,2.384185791015625e-07,0.19702649116516113,True,16,None
K?ovDpkuKmMo,2.384185791015625e-07,0.020696401596069336,True,3,None
K?ovDpkuImUo,2.384185791015625e-07,0.026662111282348633,True,2,None
K?ovDpkfMkMW,2.384185791015625e-07,0.018300294876098633,True,2,None
K?ovDpksi{Ug,7.152557373046875e-07,0.016761064529418945,True,1,None
K?ovDpkkimZ_,4.76837158203125e-07,0.07254695892333984,True,6,None
K?ovDpk[kmZ_,2.384185791015625e-07,0.020479440689086914,True,3,None
K?ovDp[yQlUo,0.0,0.038185834884643555,True,3,None
K?ovDp[uRLUo,2.384185791015625e-07,0.010921239852905273,True,2,None
K?ovDp[uPl[o,2.384185791015625e-07,0.013339996337890625,True,3,None
K?ovDp[mQl[o,2.384185791015625e-07,0.11828470230102539,True,7,None
K?ovDp[kvWIs,2.384185791015625e-07,0.0432736873626709,True,2,None
K?ovDp[hvoIs,2.384185791015625e-07,0.1488175392150879,True,8,None
K?ovDp[fNEMo,4.76837158203125e-07,0.015187740325927734,True,2,None
K?ovDp[VNEUo,9.5367431640625e-07,0.18917584419250488,True,13,None
K?ovDp[VLe[o,2.384185791015625e-07,0.021471261978149414,True,3,None
K?ovDp[sj[Ug,2.384185791015625e-07,0.007307291030883789,True,2,None
K?ovDp[pjsUg,2.384185791015625e-07,0.042174577713012695,True,2,None
K?ovDo{XmqYo,4.76837158203125e-07,0.17090201377868652,True,14,None
K?ovFIw\\StJo,2.384185791015625e-07,0.018895864486694336,True,2,None
K?ovFIw\\QtRo,2.384185791015625e-07,0.01814103126525879,True,1,None
K?ovFIwMqlZ_,2.384185791015625e-07,0.0418856143951416,True,1,None
K?ovFIwMmkJg,4.76837158203125e-07,0.06693363189697266,True,2,None
K?ovEjomH{Hw,2.384185791015625e-07,0.12310552597045898,True,6,None
K?ovEjoiiyFo,2.384185791015625e-07,0.01792168617248535,True,4,None
K?ovEik{JsBw,2.384185791015625e-07,0.03440713882446289,True,3,None
K?ovEikmJsIw,0.0,0.08884024620056152,True,4,None
K?ovEikmJkJW,2.384185791015625e-07,0.01671767234802246,True,3,None
K?ovEikkjsJg,2.384185791015625e-07,0.061553955078125,True,6,None
K?ovEikejsMg,2.384185791015625e-07,0.028553009033203125,True,3,None
K?ovDhwlQ{XS,2.384185791015625e-07,0.1252148151397705,True,6,None
K?ovDhwwsxJo,2.384185791015625e-07,0.023195505142211914,True,3,None
K?ovDhwwqxRo,2.384185791015625e-07,0.019404172897338867,True,3,None
K?ovDhwFvgXS,2.384185791015625e-07,0.08333969116210938,True,7,None
K?ovDhsjauZC,2.384185791015625e-07,0.03145456314086914,True,4,None
K?ovDh[\\St\\O,2.384185791015625e-07,0.06444859504699707,True,6,None
K?ovDh[VTd\\O,0.0,0.02399277687072754,True,3,None
K?ovDh[[t[ZC,2.384185791015625e-07,0.017139911651611328,True,1,None
K?ovDh[XusVC,2.384185791015625e-07,0.1476128101348877,True,10,None
K?ovDh[XtsZC,2.384185791015625e-07,0.05666041374206543,True,8,None
K?ovDh[Ttp\\O,2.384185791015625e-07,0.07659339904785156,True,5,None
K?ovDh[Lup\\O,2.384185791015625e-07,0.012215375900268555,True,1,None
K?ovDh[Rts]C,2.384185791015625e-07,0.14431166648864746,True,9,None
K?ovDh[ZLsYW,4.76837158203125e-07,0.013407230377197266,True,1,None
K?ovDh[qjsUg,2.384185791015625e-07,0.020698070526123047,True,4,None
K?ovDh[Ulw[W,2.384185791015625e-07,0.01933741569519043,True,1,None
K?ovEZomQ{Es,2.384185791015625e-07,0.013961315155029297,True,1,None
K?ovEZomP{Is,2.384185791015625e-07,0.03339433670043945,True,4,None
K?ovEZofRdFo,2.384185791015625e-07,0.011775016784667969,True,1,None
K?ovEZoerwEs,0.0,0.023065805435180664,True,3,None
K?ovEZodrwFS,2.384185791015625e-07,0.05391979217529297,True,2,None
K?ovEZomH{Iw,4.76837158203125e-07,0.011403799057006836,True,1,None
K?ovEZokjwBw,2.384185791015625e-07,0.019025564193725586,True,4,None
K?ovCzofRsKs,2.384185791015625e-07,0.03812074661254883,True,3,None
K?ovCzofRdLo,2.384185791015625e-07,0.0175323486328125,True,1,None
K?ovCxkMud]_,2.384185791015625e-07,0.01488494873046875,True,3,None
K?ovCxkencMg,2.384185791015625e-07,0.13568592071533203,True,13,None
K?ov@zonAmXS,2.384185791015625e-07,0.048726558685302734,True,4,None
K?ov@zoNeiXS,2.384185791015625e-07,0.06813383102416992,True,4,None
K?ov@zomU[Is,2.384185791015625e-07,0.14496636390686035,True,11,None
K?ov@zoNUkXS,2.384185791015625e-07,0.17157578468322754,True,22,None
K?ov@zoNUdXo,0.0,0.007348537445068359,True,1,None
K?ov@zoLuwXS,2.384185791015625e-07,0.12089085578918457,True,7,None
K?ov@zoLupXo,2.384185791015625e-07,0.014253854751586914,True,2,None
K?ov@zoJudZ_,2.384185791015625e-07,0.023345470428466797,True,1,None
K?ov@zoJmeZ_,2.384185791015625e-07,0.16348934173583984,True,10,None
K?ov@zcMuwYS,2.384185791015625e-07,0.08180856704711914,True,4,None
K?ov@zcMmeZ_,2.384185791015625e-07,0.06094694137573242,True,4,None
K?ov@zShrpZO,2.384185791015625e-07,0.15667724609375,True,12,None
K?ov@zSdrp\\O,2.384185791015625e-07,0.05704379081726074,True,5,None
K?ov@zSLvSZC,2.384185791015625e-07,0.022731304168701172,True,1,None
K?ov@zSLus\\C,2.384185791015625e-07,0.02027273178100586,True,3,None
K?ov@zStLsLW,2.384185791015625e-07,0.09706926345825195,True,8,None
K?ov@ys|ETJW,2.384185791015625e-07,0.017833709716796875,True,1,None
K?ov@ys^EUYS,2.384185791015625e-07,0.06449508666992188,True,4,None
K?ov@ysxesJK,2.384185791015625e-07,0.07402920722961426,True,5,None
K?ov@ysxauZC,2.384185791015625e-07,0.014924049377441406,True,2,None
K?ov@ysrRsYS,0.0,0.05021810531616211,True,7,None
K?ov@ysVVDZO,4.76837158203125e-07,0.016389846801757812,True,2,None
K?ov@ysRvoYS,2.384185791015625e-07,0.01560831069946289,True,1,None
K?ov@ystJsXW,0.0,0.1424241065979004,True,13,None
K?ov@ystJUZO,2.384185791015625e-07,0.05552029609680176,True,5,None
K?ov@ystIu\\O,2.384185791015625e-07,0.14159059524536133,True,9,None
K?ov@ysrNcJW,2.384185791015625e-07,0.14904117584228516,True,13,None
K?ov@yspnoJW,2.384185791015625e-07,0.019778966903686523,True,3,None
K?ov@yspjsZG,2.384185791015625e-07,0.11646533012390137,True,9,None
K?ovFE[UrwUc,2.384185791015625e-07,0.030186891555786133,True,3,None
K?ovFE[Upx]_,2.384185791015625e-07,0.04750800132751465,True,4,None
K?ovFE[TtpN_,2.384185791015625e-07,0.12340521812438965,True,5,None
K?ovFE[Fv`N_,4.76837158203125e-07,0.012289285659790039,True,1,None
K?ovFC{NebZ_,0.0,0.06303834915161133,True,9,None
K?ovFC{kqxZ_,4.76837158203125e-07,0.05921626091003418,True,5,None
K?ovEfoj`yJc,4.76837158203125e-07,0.01268458366394043,True,1,None
K?ovEfoj`xJg,0.0,0.03237485885620117,True,3,None
K?ovEfgfJwEw,2.384185791015625e-07,0.01682448387145996,True,3,None
K?ovEfcfJwFW,2.384185791015625e-07,0.04861736297607422,True,2,None
K?ovEfKmJwEw,2.384185791015625e-07,0.015333175659179688,True,1,None
K?ovEfKlHuN_,0.0,0.11982369422912598,True,6,None
K?ovEektbwFK,0.0,0.006776571273803711,True,1,None
K?ovEekt`yNC,2.384185791015625e-07,0.019218921661376953,True,3,None
K?ovEekt`xNG,0.0,0.1698439121246338,True,11,None
K?ovEekfbbN_,2.384185791015625e-07,0.01282644271850586,True,1,None
K?ovEek{HyJo,2.384185791015625e-07,0.05733370780944824,True,8,None
K?ovEc{rdqMc,2.384185791015625e-07,0.03742337226867676,True,1,None
K?ovEc{MvWYc,2.384185791015625e-07,0.015349149703979492,True,4,None
K?ovDfg\\axRg,7.152557373046875e-07,0.042728424072265625,True,6,None
K?ovDfg\\QxRo,2.384185791015625e-07,0.012722253799438477,True,2,None
K?ovDfgNQ{Yc,2.384185791015625e-07,0.0875391960144043,True,5,None
K?ovDfWt`yLc,7.152557373046875e-07,0.03743600845336914,True,4,None
K?ovDfWprwFc,2.384185791015625e-07,0.01568770408630371,True,1,None
K?ovDfWdrwLc,2.384185791015625e-07,0.10152459144592285,True,9,None
K?ovDew\\ayXc,2.384185791015625e-07,0.03738665580749512,True,1,None
K?ovDewZeiJc,4.76837158203125e-07,0.05539250373840332,True,8,None
K?ovDewrJiJo,4.76837158203125e-07,0.014560461044311523,True,2,None
K?ovDfKt`xNG,2.384185791015625e-07,0.07371020317077637,True,6,None
K?ovDfKlarN_,4.76837158203125e-07,0.016161203384399414,True,2,None
K?ovDfKtHuN_,2.384185791015625e-07,0.03435707092285156,True,2,None
K?ovDfKlJqJo,2.384185791015625e-07,0.014147043228149414,True,2,None
K?ovDfKfJeN_,0.0,0.026271343231201172,True,2,None
K?ovDek]ImZ_,2.384185791015625e-07,0.014452219009399414,True,2,None
K?ovDdk]MwQw,0.0,0.13704967498779297,True,16,None
K?ovDdk]MkRg,0.0,0.07725381851196289,True,4,None
K?ovDd[udYMc,0.0,0.04406332969665527,True,3,None
K?ovDd[meYMc,2.384185791015625e-07,0.012746810913085938,True,1,None
K?ovDd[qtwMc,2.384185791015625e-07,0.028575658798217773,True,3,None
K?ovDd[evWMc,2.384185791015625e-07,0.06647372245788574,True,4,None
K?ovDd[Rtw]C,2.384185791015625e-07,0.019640207290649414,True,2,None
K?ovDd[Rtp]_,2.384185791015625e-07,0.013803482055664062,True,1,None
K?ovEVofP{Mc,2.384185791015625e-07,0.046785593032836914,True,4,None
K?ovEVolI{Fg,1.9073486328125e-06,0.020444631576538086,True,2,None
K?ovEUwlRhJo,4.76837158203125e-07,0.08040499687194824,True,7,None
K?ovEUwVRkUc,2.384185791015625e-07,0.03353619575500488,True,4,None
K?ovEUwNRhYo,2.384185791015625e-07,0.012345075607299805,True,1,None
K?ovEVSmRwEs,2.384185791015625e-07,0.1553201675415039,True,20,None
K?ovEVSlPxNO,2.384185791015625e-07,0.01763606071472168,True,3,None
K?ovEUslayNC,0.0,0.09603095054626465,True,8,None
K?ovEUsdrwNC,4.76837158203125e-07,0.08552026748657227,True,11,None
K?ovES{LvgZC,2.384185791015625e-07,0.01591324806213379,True,3,None
K?ovES{Lv`Z_,2.384185791015625e-07,0.05258369445800781,True,4,None
K?ovDVofJkJg,2.384185791015625e-07,0.01414799690246582,True,2,None
K?ovDUw\\Q{Yc,2.384185791015625e-07,0.006673574447631836,True,1,None
K?ovDUw\\QlZ_,2.384185791015625e-07,0.016227006912231445,True,2,None
K?ovDVSfJeN_,2.384185791015625e-07,0.029124021530151367,True,3,None
K?ovCvofbhLg,2.384185791015625e-07,0.15698981285095215,True,14,None
K?ovCvoLvWJc,2.384185791015625e-07,0.05219697952270508,True,5,None
K?ovCvoLuwLc,2.384185791015625e-07,0.03616523742675781,True,2,None
K?ovCvoFrh\\_,4.76837158203125e-07,0.01486659049987793,True,1,None
K?ovCuwxayMc,2.384185791015625e-07,0.08588576316833496,True,9,None
K?ovCtwTth\\_,0.0,0.07672739028930664,True,3,None
K?ovCvclbpJg,2.384185791015625e-07,0.012338638305664062,True,2,None
K?ovCvc{P{Jc,4.76837158203125e-07,0.0567622184753418,True,6,None
K?ovCvSZVoEs,2.384185791015625e-07,0.06025290489196777,True,4,None
K?ovCtsrdqMc,4.76837158203125e-07,0.033406734466552734,True,4,None
K?ovCtsrTsMc,2.384185791015625e-07,0.016443490982055664,True,2,None
K?ovCtslJwXW,2.384185791015625e-07,0.17322683334350586,True,19,None
K?ovCts\\LwXW,4.76837158203125e-07,0.19190168380737305,True,15,None
K?ovCs{wuwMc,0.0,0.022472143173217773,True,2,None
K?ov@us\\M[ZG,0.0,0.02062535285949707,True,3,None
K?ov@s{rVcYc,4.76837158203125e-07,0.015496492385864258,True,1,None
K?ovENofP{NC,4.76837158203125e-07,0.0562894344329834,True,4,None
K?ovEMwlRsJc,2.384185791015625e-07,0.02329730987548828,True,1,None
K?ovEMwlQ{NC,4.76837158203125e-07,0.022854328155517578,True,2,None
K?ovEMwdrpN_,2.384185791015625e-07,0.015090465545654297,True,3,None
K?ovDNoFupN_,2.384185791015625e-07,0.019468307495117188,True,4,None
K?ovDNW[uwFc,2.384185791015625e-07,0.01612401008605957,True,1,None
K?ovDMw]QlZ_,0.0,0.014264345169067383,True,1,None
K?ovDLwNebZ_,2.384185791015625e-07,0.19677233695983887,True,18,None
K?ovDLwkqxZ_,2.384185791015625e-07,0.1901378631591797,True,12,None
K?ovDLwTvoRc,2.384185791015625e-07,0.044632673263549805,True,5,None
K?ovDLwTuwVC,2.384185791015625e-07,0.05402779579162598,True,2,None
K?ovDLw]MiRo,2.384185791015625e-07,0.0687258243560791,True,8,None
K?ovDLw]KyYo,2.384185791015625e-07,0.04972672462463379,True,6,None
K?ovDNSUrpV_,2.384185791015625e-07,0.050103187561035156,True,1,None
K?ovDNSVLqNO,2.384185791015625e-07,0.021619081497192383,True,5,None
K?ovCnWyJwEw,2.384185791015625e-07,0.01845407485961914,True,3,None
K?ovClwrdqMc,2.384185791015625e-07,0.11337900161743164,True,5,None
K?ovClwrTsMc,2.384185791015625e-07,0.0901188850402832,True,8,None
K?ovClwuNWEw,2.384185791015625e-07,0.03685736656188965,True,4,None
K?ovCncmRsJc,0.0,0.04461026191711426,True,3,None
K?ovCnKmRsMc,2.384185791015625e-07,0.05803251266479492,True,5,None
K?ovCnKmRdN_,2.384185791015625e-07,0.018062591552734375,True,1,None
K?ovCmkVVcNC,2.384185791015625e-07,0.044954538345336914,True,4,None
K?ov@nomQxXo,2.384185791015625e-07,0.019731998443603516,True,6,None
K?ov@nobuwNC,1.430511474609375e-06,0.037672996520996094,True,4,None
K?ov@ngNUpYo,2.384185791015625e-07,0.05483746528625488,True,6,None
K?ov@nWlRwXS,2.384185791015625e-07,0.17799019813537598,True,23,None
K?ov@nWNVKZC,2.384185791015625e-07,0.1918470859527588,True,15,None
K?ov@nWLvWZC,2.384185791015625e-07,0.015445232391357422,True,2,None
K?ov@nWyMwEw,7.152557373046875e-07,0.20914936065673828,True,17,None
K?ov@mw]UXYo,4.76837158203125e-07,0.015624523162841797,True,1,None
K?ov@mw]ULZ_,2.384185791015625e-07,0.05754232406616211,True,5,None
K?ov@nSqtwNC,2.384185791015625e-07,0.10298299789428711,True,7,None
K?ov@nSevoLc,2.384185791015625e-07,0.012423515319824219,True,1,None
K?ov@nSevWNC,2.384185791015625e-07,0.06225109100341797,True,3,None
K?ovC^ofRdN_,4.76837158203125e-07,0.016637086868286133,True,3,None
K?ovC^osrwFc,9.5367431640625e-07,0.023628711700439453,True,2,None
K?ovC^W{P{Mc,2.384185791015625e-07,0.012084722518920898,True,1,None
K?ovC^W[twMc,2.384185791015625e-07,0.05709052085876465,True,8,None
K?ovC]w{ayMc,4.76837158203125e-07,0.15444374084472656,True,9,None
K?ovC]wVRk]C,2.384185791015625e-07,0.08084464073181152,True,8,None
K?ovC\\wmUhMo,2.384185791015625e-07,0.05324411392211914,True,4,None
K?ovC\\wfRk]C,0.0,0.03421735763549805,True,2,None
K?ovC\\wfRd]_,2.384185791015625e-07,0.07455253601074219,True,6,None
K?ov?~oNVgXS,2.384185791015625e-07,0.06725716590881348,True,6,None
K?ov?}wsrh\\_,2.384185791015625e-07,0.015539407730102539,True,1,None
K?ov?~SlRp\\O,4.76837158203125e-07,0.07074832916259766,True,4,None
K?ouVB[lbeFg,4.76837158203125e-07,0.10124588012695312,True,8,None
K?ouVB[mRkEw,2.384185791015625e-07,0.07241296768188477,True,8,None
K?ouVB[kp{Mg,2.384185791015625e-07,0.03989577293395996,True,3,None
K?ouVA{drqMo,2.384185791015625e-07,0.01138162612915039,True,1,None
K?ouVAyfRiMo,2.384185791015625e-07,0.10981988906860352,True,7,None
K?ouVA]Nbi]G,2.384185791015625e-07,0.07264232635498047,True,5,None
K?ouVA]mRkMg,2.384185791015625e-07,0.014216423034667969,True,2,None
K?ouVAxFrk]_,2.384185791015625e-07,0.07425379753112793,True,7,None
K?ouVAtfbqMo,2.384185791015625e-07,0.07647538185119629,True,8,None
K?ouVA\\nBeMo,2.384185791015625e-07,0.10419893264770508,True,8,None
K?ouVA\\Nbe]_,2.384185791015625e-07,0.15461397171020508,True,11,None
K?ouV?|fbe]_,7.152557373046875e-07,0.030171871185302734,True,3,None
K?ouV?|lRkZO,2.384185791015625e-07,0.046108245849609375,True,4,None
K?ouV?|LvgZO,2.384185791015625e-07,0.10027861595153809,True,10,None
K?ouV?|Luw]O,2.384185791015625e-07,0.1463913917541504,True,10,None
K?ouTbwnBMIw,2.384185791015625e-07,0.046077728271484375,True,4,None
K?ouTbwjbiIw,2.384185791015625e-07,0.02048468589782715,True,2,None
K?ouTbwjQmMo,2.384185791015625e-07,0.013344526290893555,True,1,None
K?ouTbwbrkMg,1.3113021850585938e-05,0.04009246826171875,True,4,None
K?ouTbkmbiIw,0.0,0.028101205825805664,True,3,None
K?ouTbkfbiMW,4.76837158203125e-07,0.059024810791015625,True,2,None
K?ouTbkmQmMo,2.384185791015625e-07,0.15647268295288086,True,17,None
K?ouTbkfReMo,2.384185791015625e-07,0.032050132751464844,True,3,None
K?ouT`{zBeQw,2.384185791015625e-07,0.01216578483581543,True,2,None
K?ouT`{zAmUW,2.384185791015625e-07,0.018633127212524414,True,4,None
K?ouT`{Juk]G,2.384185791015625e-07,0.0075376033782958984,True,1,None
K?ouTayZbiYg,4.76837158203125e-07,0.010161638259887695,True,1,None
K?ouTbMMri]_,4.76837158203125e-07,0.044342994689941406,True,4,None
K?ouTam]biYg,4.76837158203125e-07,0.013756752014160156,True,1,None
K?ouTamtRwMW,0.0,0.04877638816833496,True,4,None
K?ouT`m}BiQw,2.384185791015625e-07,0.043793678283691406,True,4,None
K?ouT`m}@mYg,1.6689300537109375e-06,0.024500370025634766,True,4,None
K?ouT`mvFaEw,2.384185791015625e-07,0.05374431610107422,True,6,None
K?ouT`mvBeUg,2.384185791015625e-07,0.010933399200439453,True,1,None
K?ouT`mVfaUg,2.384185791015625e-07,0.16483426094055176,True,14,None
K?ouT`mMui]_,2.384185791015625e-07,0.025313377380371094,True,3,None
K?ouTbp|@]Jo,2.384185791015625e-07,0.015665054321289062,True,2,None
K?ouTbhnAmMo,2.384185791015625e-07,0.07175064086914062,True,4,None
K?ouTbh^BkQw,2.384185791015625e-07,0.1073451042175293,True,7,None
K?ouTbhNUkMo,2.384185791015625e-07,0.17363977432250977,True,12,None
K?ouTaxRvgMo,2.384185791015625e-07,0.07773280143737793,True,5,None
K?ouT`xzBkQw,2.384185791015625e-07,0.044156551361083984,True,2,None
K?ouT`xZdkYg,0.0,0.01244354248046875,True,1,None
K?ouT`xNfKYg,0.0,0.07195520401000977,True,5,None
K?ouT`xbvgMo,2.384185791015625e-07,0.0899965763092041,True,5,None
K?ouT`xRvgUo,2.384185791015625e-07,0.010943889617919922,True,1,None
K?ouT`xJvgYo,2.384185791015625e-07,0.09440445899963379,True,5,None
K?ouTbdv@uMo,2.384185791015625e-07,0.0272214412689209,True,3,None
K?ouTbdtP{NO,2.384185791015625e-07,0.08062744140625,True,9,None
K?ouTatZRkZO,2.384185791015625e-07,0.10338973999023438,True,4,None
K?ouT`txP{ZO,2.384185791015625e-07,0.016803741455078125,True,1,None
K?ouT`tlR[ZO,4.76837158203125e-07,0.13348889350891113,True,9,None
K?ouT`t\\U[VO,2.384185791015625e-07,0.0509486198425293,True,7,None
K?ouT`t\\T[ZO,2.384185791015625e-07,0.082763671875,True,5,None
K?ouT`tjRkZO,0.0,0.13933992385864258,True,15,None
K?ouTbL]bkUg,2.384185791015625e-07,0.15507173538208008,True,9,None
K?ouTbLNbk]G,0.0,0.0561065673828125,True,3,None
K?ouTbLNbe]_,2.384185791015625e-07,0.20853066444396973,True,22,None
K?ouTal|BkJW,2.384185791015625e-07,0.07817864418029785,True,5,None
K?ouTalVbk]G,2.384185791015625e-07,0.07499217987060547,True,7,None
K?ouT`l}BkQw,2.384185791015625e-07,0.013894081115722656,True,2,None
K?ouT`lvDeMo,2.384185791015625e-07,0.10399699211120605,True,8,None
K?ouT`l]ekUg,2.384185791015625e-07,0.012868404388427734,True,1,None
K?ouT`lfbe]_,2.384185791015625e-07,0.0404660701751709,True,5,None
K?ouT`lVfcUg,2.384185791015625e-07,0.06119346618652344,True,5,None
K?ouT`lVde]_,2.384185791015625e-07,0.05067586898803711,True,5,None
K?ouT`lNek]G,0.0,0.062146902084350586,True,6,None
K?ouT`lNei]O,2.384185791015625e-07,0.023694276809692383,True,3,None
K?ouT`ldrs]_,2.384185791015625e-07,0.009359359741210938,True,1,None
K?ouT`lFvc]_,2.384185791015625e-07,0.011285066604614258,True,1,None
K?ouT_|}FKIw,2.384185791015625e-07,0.05688047409057617,True,4,None
K?ouT_|^EM]O,2.384185791015625e-07,0.06694316864013672,True,9,None
K?ouT_|]fKYg,4.76837158203125e-07,0.05934619903564453,True,3,None
K?ouT_|rbe]_,2.384185791015625e-07,0.15294623374938965,True,22,None
K?ouT_|\\U[]O,2.384185791015625e-07,0.16758418083190918,True,27,None
K?ouT_|XvgZO,2.384185791015625e-07,0.15224456787109375,True,5,None
K?ouT_|XvcZ_,2.384185791015625e-07,0.013852596282958984,True,1,None
K?ouTbJ^BkUg,0.0,0.04574227333068848,True,2,None
K?ouTajVbi]_,2.384185791015625e-07,0.02094721794128418,True,2,None
K?ouPjkmUkMW,2.384185791015625e-07,0.050334930419921875,True,6,None
K?ouPjkmUeMo,2.384185791015625e-07,0.06358146667480469,True,6,None
K?ouPjkevcMg,2.384185791015625e-07,0.1707613468170166,True,19,None
K?ouPjiudiMg,2.384185791015625e-07,0.36737608909606934,True,76,None
K?ouPjimeiMg,2.384185791015625e-07,0.4744586944580078,True,77,None
K?ouPjiffaMg,2.384185791015625e-07,0.07523369789123535,True,7,None
K?ouPjM}DeMg,2.384185791015625e-07,0.22373414039611816,True,27,None
K?ouPjMmfaMg,2.384185791015625e-07,0.15137553215026855,True,14,None
K?ouPjMmRe]_,2.384185791015625e-07,0.13745927810668945,True,10,None
K?ouPjMMva]_,2.384185791015625e-07,0.13774895668029785,True,9,None
K?ouPim|BqYW,2.384185791015625e-07,0.05678248405456543,True,3,None
K?ouPimUvg]G,2.384185791015625e-07,0.10156702995300293,True,9,None
K?ouPg}|FQYW,2.384185791015625e-07,0.16778016090393066,True,17,None
K?ouPiN}FgMW,2.384185791015625e-07,0.057944297790527344,True,6,None
K?ouPiN}FcMg,4.76837158203125e-07,0.17692279815673828,True,16,None
K?ouPiN]fg]G,2.384185791015625e-07,0.012499332427978516,True,1,None
K?ouTjo\\P{XS,2.384185791015625e-07,0.19060397148132324,True,16,None
K?ouThsRts]C,2.384185791015625e-07,0.07111406326293945,True,5,None
K?ouThsJv`ZO,2.384185791015625e-07,0.05421900749206543,True,6,None
K?ouUZonBkE[,2.384185791015625e-07,0.015476226806640625,True,2,None
K?ouUYq]biUc,2.384185791015625e-07,0.14833927154541016,True,12,None
K?ouUYqNf`Mg,7.152557373046875e-07,0.041831254959106445,True,4,None
K?ouUYqNRk]C,2.384185791015625e-07,0.01279592514038086,True,1,None
K?ouPzorfcEk,2.384185791015625e-07,0.11356782913208008,True,9,None
K?ouPzorf`Ew,2.384185791015625e-07,0.06795954704284668,True,11,None
K?ouPzobv`Mo,2.384185791015625e-07,0.05380821228027344,True,2,None
K?ouPzcdrs]C,2.384185791015625e-07,0.13239479064941406,True,13,None
K?ouPzcLv`ZO,2.384185791015625e-07,0.01713705062866211,True,3,None
K?ouPye]ei]C,4.76837158203125e-07,0.016896486282348633,True,2,None
K?ouPyetJs]G,2.384185791015625e-07,0.058388471603393555,True,5,None
K?ouPye\\NcZG,0.0,0.03809094429016113,True,2,None
K?ouPye\\NaZO,0.0,0.0988912582397461,True,4,None
K?ouPye\\Me^?,2.384185791015625e-07,0.15718698501586914,True,10,None
K?ouTVofbhMg,2.384185791015625e-07,0.14414501190185547,True,13,None
K?ouTVoVbhUg,2.384185791015625e-07,0.06389760971069336,True,5,None
K?ouTVolJwIw,4.76837158203125e-07,0.020342350006103516,True,3,None
K?ouTVSnBkMK,2.384185791015625e-07,0.015119075775146484,True,2,None
K?ouTVS]bhUg,2.384185791015625e-07,0.07266855239868164,True,3,None
K?ouTVSNfgMK,2.384185791015625e-07,0.05551004409790039,True,6,None
K?ouTVSNbi]C,2.384185791015625e-07,0.045013427734375,True,5,None
K?ouTTsVdh]G,2.384185791015625e-07,0.03744316101074219,True,7,None
K?ouTTsNf`Yg,2.384185791015625e-07,0.1357269287109375,True,11,None
K?ouTTsNeh]G,2.384185791015625e-07,0.064056396484375,True,5,None
K?ouPvojRkYc,2.384185791015625e-07,0.018202543258666992,True,2,None
K?ouPvcmehMg,2.384185791015625e-07,0.07371783256530762,True,4,None
K?ouPvcfbh]G,0.0,0.043988943099975586,True,4,None
K?ouPvcNeh]G,2.384185791015625e-07,0.06061363220214844,True,5,None
K?ouPus\\NgXW,2.384185791015625e-07,0.12349104881286621,True,8,None
K?ouP^oFv`]_,2.384185791015625e-07,0.13819408416748047,True,13,None
K?ouP]s]fgYK,2.384185791015625e-07,0.07994842529296875,True,7,None
K?ouP]sUvg]C,2.384185791015625e-07,0.1351778507232666,True,9,None
K?ouP]stNoMW,4.76837158203125e-07,0.11051177978515625,True,11,None
K?otUbwnBMIw,2.384185791015625e-07,0.003972053527832031,True,1,None
K?otUbwx_}Mg,4.76837158203125e-07,0.04362988471984863,True,5,None
K?otUbwZcmMg,2.384185791015625e-07,0.0038797855377197266,True,1,None
K?otUbwZamUg,2.384185791015625e-07,0.0036897659301757812,True,1,None
K?otUbwNVKIw,0.0,0.003791332244873047,True,1,None
K?otUbwNUkKw,0.0,0.003931522369384766,True,1,None
K?otUbsLrwXW,0.0,0.17238426208496094,True,12,None
K?otUbkmQmMo,2.384185791015625e-07,0.1410818099975586,True,6,None
K?otUbkeriMo,2.384185791015625e-07,0.0881190299987793,True,6,None
K?otUb[^BMUW,2.384185791015625e-07,0.13656258583068848,True,11,None
K?otUb[]bMUg,2.384185791015625e-07,0.016707181930541992,True,1,None
K?otUb[Jri]O,2.384185791015625e-07,0.015131473541259766,True,3,None
K?otU`{\\diXW,2.384185791015625e-07,0.05554938316345215,True,4,None
K?otU`{JvcYg,2.384185791015625e-07,0.018132925033569336,True,2,None
K?otUbqz@yIw,2.384185791015625e-07,0.11527204513549805,True,6,None
K?otUbqvBMFg,0.0,0.012570381164550781,True,2,None
K?otUbqtbYFg,4.76837158203125e-07,0.06631827354431152,True,2,None
K?otUbq\\cyLg,2.384185791015625e-07,0.04043126106262207,True,2,None
K?otUbqfbiLg,2.384185791015625e-07,0.013085126876831055,True,2,None
K?otUaytbYMg,2.384185791015625e-07,0.08850765228271484,True,6,None
K?otUayTrw[g,2.384185791015625e-07,0.01915717124938965,True,2,None
K?otU`ytbYUg,2.384185791015625e-07,0.035833120346069336,True,4,None
K?otU`y\\dYYg,2.384185791015625e-07,0.11588883399963379,True,9,None
K?otU`ydvgLg,2.384185791015625e-07,0.027160167694091797,True,3,None
K?otU`ydri\\_,0.0,0.1369767189025879,True,5,None
K?otU`yTvgTg,2.384185791015625e-07,0.018808603286743164,True,4,None
K?otU`yTti\\_,4.76837158203125e-07,0.07831883430480957,True,7,None
K?otU`ybvgMg,2.384185791015625e-07,0.1181488037109375,True,9,None
K?otUbe\\bqRg,2.384185791015625e-07,0.09910082817077637,True,4,None
K?otU`u\\dqXg,7.152557373046875e-07,0.13395953178405762,True,7,None
K?otU`u\\TwXW,2.384185791015625e-07,0.07467007637023926,True,5,None
K?otUbM|@mNG,2.384185791015625e-07,0.051175832748413086,True,4,None
K?otUbM{PyMo,2.384185791015625e-07,0.012178897857666016,True,2,None
K?otUbMmRkMg,2.384185791015625e-07,0.015594720840454102,True,1,None
K?otUamvBiMW,2.384185791015625e-07,0.049330949783325195,True,5,None
K?otUam\\biZG,2.384185791015625e-07,0.07976865768432617,True,6,None
K?otUamTvaN_,2.384185791015625e-07,0.05581808090209961,True,3,None
K?otU`m{cyMg,2.384185791015625e-07,0.0034742355346679688,True,1,None
K?otU`mtdqMg,2.384185791015625e-07,0.07952165603637695,True,5,None
K?otU`mlbiZG,4.76837158203125e-07,0.15536999702453613,True,9,None
K?otU`m\\diZG,2.384185791015625e-07,0.07044506072998047,True,6,None
K?otU`mspy]_,2.384185791015625e-07,0.017404556274414062,True,4,None
K?otU`mTtw]G,4.76837158203125e-07,0.020627498626708984,True,1,None
K?otU`mTtq]_,2.384185791015625e-07,0.0339815616607666,True,4,None
K?otUa]|BqKw,2.384185791015625e-07,0.013036966323852539,True,3,None
K?otUa]xReN_,2.384185791015625e-07,0.01962423324584961,True,1,None
K?otU_}\\fIZG,2.384185791015625e-07,0.05121970176696777,True,5,None
K?otU_}prw]G,2.384185791015625e-07,0.030620813369750977,True,4,None
K?otU_}prq]_,2.384185791015625e-07,0.011652708053588867,True,1,None
K?otUbpvBMFo,2.384185791015625e-07,0.003529787063598633,True,1,None
K?otUbpxQ{Fo,4.76837158203125e-07,0.07157468795776367,True,7,None
K?otUbpZQ{Uo,2.384185791015625e-07,0.03330039978027344,True,5,None
K?otUbpZP{Yo,2.384185791015625e-07,0.16326117515563965,True,5,None
K?otUbh^AmUo,0.0,0.06093955039978027,True,6,None
K?otUbX^BMUo,2.384185791015625e-07,0.003719329833984375,True,1,None
K?otUaxZbkYg,4.76837158203125e-07,0.14458680152893066,True,16,None
K?otUaxVbk[g,2.384185791015625e-07,0.06705832481384277,True,3,None
K?otU`xzAmUo,2.384185791015625e-07,0.0158538818359375,True,2,None
K?otU`xvBMUo,2.384185791015625e-07,0.003778219223022461,True,1,None
K?otU`xnFKIw,2.384185791015625e-07,0.014034509658813477,True,2,None
K?otU`x^EMUo,0.0,0.11976242065429688,True,6,None
K?otU`xjbkYg,2.384185791015625e-07,0.03759646415710449,True,1,None
K?otU`xfbk[g,2.384185791015625e-07,0.04678797721862793,True,3,None
K?otU`xVdi[o,2.384185791015625e-07,0.017896652221679688,True,4,None
K?otU`xNfKYg,2.384185791015625e-07,0.014416217803955078,True,2,None
K?otU`xxQ{Uo,2.384185791015625e-07,0.14981842041015625,True,8,None
K?otU`xtR[Uo,4.76837158203125e-07,0.04688572883605957,True,6,None
K?otU`x\\U[Uo,2.384185791015625e-07,0.0040967464447021484,True,1,None
K?otU`xhrkZ_,2.384185791015625e-07,0.05346536636352539,True,2,None
K?otUbdt`uN_,2.384185791015625e-07,0.012324094772338867,True,1,None
K?otUbdkrwJo,2.384185791015625e-07,0.011281728744506836,True,1,None
K?otUbT|BsDw,2.384185791015625e-07,0.03193855285644531,True,2,None
K?otUbTZTsMo,2.384185791015625e-07,0.023538589477539062,True,3,None
K?otUbTZRsUo,2.384185791015625e-07,0.01762080192565918,True,2,None
K?otUbThrsN_,2.384185791015625e-07,0.1189260482788086,True,6,None
K?otUbTXtsN_,0.0,0.06949162483215332,True,6,None
K?otUatwrwJo,2.384185791015625e-07,0.12700319290161133,True,6,None
K?otU`ttP{\\O,2.384185791015625e-07,0.16066336631774902,True,24,None
K?otU`t\\S{\\O,2.384185791015625e-07,0.013253450393676758,True,2,None
K?otU`tfRk\\O,2.384185791015625e-07,0.06788396835327148,True,5,None
K?otU`tdrw\\O,2.384185791015625e-07,0.05583548545837402,True,4,None
K?otUbL|@{MW,2.384185791015625e-07,0.10917043685913086,True,4,None
K?otUbLmbiMo,0.0,0.016113996505737305,True,3,None
K?otU`l}AmUo,2.384185791015625e-07,0.003833293914794922,True,1,None
K?otU`lvBeUo,2.384185791015625e-07,0.012457132339477539,True,2,None
K?otU`lfbe]_,2.384185791015625e-07,0.017222166061401367,True,2,None
K?otU`lVfgUW,2.384185791015625e-07,0.13973593711853027,True,3,None
K?otU`lNei]O,7.152557373046875e-07,0.0490415096282959,True,3,None
K?otU`luRkUo,2.384185791015625e-07,0.0340421199798584,True,3,None
K?otUa\\|BsKw,2.384185791015625e-07,0.034894466400146484,True,1,None
K?otU`\\}BMUo,2.384185791015625e-07,0.022623300552368164,True,3,None
K?otU`\\}@m[o,2.384185791015625e-07,0.016756534576416016,True,3,None
K?otU`\\zDeMo,2.384185791015625e-07,0.01788496971130371,True,3,None
K?otU`\\]di[o,4.76837158203125e-07,0.012940406799316406,True,1,None
K?otU`\\jfgMW,0.0,0.01395559310913086,True,3,None
K?otU`\\Zde]_,2.384185791015625e-07,0.011978864669799805,True,3,None
K?otU`\\xRsUo,2.384185791015625e-07,0.01698589324951172,True,2,None
K?otU`\\lRk\\O,2.384185791015625e-07,0.012308835983276367,True,2,None
K?otU`\\\\Tk\\O,2.384185791015625e-07,0.08124971389770508,True,8,None
K?otU`\\wrwUo,2.384185791015625e-07,0.13907599449157715,True,6,None
K?otU_|zEeMo,2.384185791015625e-07,0.05519366264343262,True,4,None
K?otU_|zBeYo,2.384185791015625e-07,0.02450728416442871,True,4,None
K?otU_|rbe]_,0.0,0.10855722427368164,True,8,None
K?otU_|ZfcYg,2.384185791015625e-07,0.018798351287841797,True,2,None
K?otU_|Zek]G,2.384185791015625e-07,0.012201309204101562,True,1,None
K?otU_|VfI]O,2.384185791015625e-07,0.06029820442199707,True,4,None
K?otU_|xUsMo,2.384185791015625e-07,0.08423399925231934,True,7,None
K?otU_|tRk\\O,2.384185791015625e-07,0.14072704315185547,True,14,None
K?otU_|\\Uk\\O,2.384185791015625e-07,0.014786481857299805,True,1,None
K?otU_|prs]_,2.384185791015625e-07,0.014483213424682617,True,1,None
K?otUarzBwIw,7.152557373046875e-07,0.01981496810913086,True,3,None
K?otUarVbi\\_,2.384185791015625e-07,0.1354978084564209,True,5,None
K?otU`rfbi\\_,4.76837158203125e-07,0.12760233879089355,True,6,None
K?otU`rVdi\\_,4.76837158203125e-07,0.08362030982971191,True,5,None
K?otU`rXtwZ_,2.384185791015625e-07,0.04901599884033203,True,5,None
K?otU`rTvWV_,2.384185791015625e-07,0.0037000179290771484,True,1,None
K?otU`rLvWZ_,2.384185791015625e-07,0.057344675064086914,True,7,None
K?otU`rbrw]_,2.384185791015625e-07,0.1735093593597412,True,11,None
K?otU`rJvgZ_,2.384185791015625e-07,0.017620086669921875,True,2,None
K?otUbJ\\RwUo,0.0,0.06323361396789551,True,5,None
K?otUajvBiMo,2.384185791015625e-07,0.14676117897033691,True,11,None
K?otU`jvBiUo,2.384185791015625e-07,0.13332200050354004,True,10,None
K?otU`jfbi]_,2.384185791015625e-07,0.01757526397705078,True,3,None
K?otU`jtRwUo,0.0,0.14254188537597656,True,5,None
K?otU_zzBiYo,2.384185791015625e-07,0.0116424560546875,True,1,None
K?otU_zrbi]_,0.0,0.011568546295166016,True,1,None
K?otU_zVfI]_,2.384185791015625e-07,0.037308692932128906,True,3,None
K?otUbFlRsN_,4.76837158203125e-07,0.015010356903076172,True,1,None
K?otUafubiN_,2.384185791015625e-07,0.021814823150634766,True,3,None
K?otUaf]biZ_,4.76837158203125e-07,0.07184791564941406,True,5,None
K?otUaf\\bwZG,2.384185791015625e-07,0.01348567008972168,True,2,None
K?otU`fu`y]_,0.0,0.050717830657958984,True,8,None
K?otU`fNfgZG,2.384185791015625e-07,0.019316434860229492,True,5,None
K?otU`fFvo]_,2.384185791015625e-07,0.07070231437683105,True,3,None
K?otUaV|BwLW,2.384185791015625e-07,0.012473821640014648,True,4,None
K?otUaVyRkN_,2.384185791015625e-07,0.13488030433654785,True,3,None
K?otU`VyP{]_,2.384185791015625e-07,0.07935023307800293,True,4,None
K?otU`VlRw\\O,2.384185791015625e-07,0.014511346817016602,True,3,None
K?otU`V\\Tw\\O,2.384185791015625e-07,0.0942542552947998,True,8,None
K?otU`VZTs]_,2.384185791015625e-07,0.17128467559814453,True,12,None
K?otU`VNVg\\O,2.384185791015625e-07,0.05554318428039551,True,1,None
K?otU_v]ei\\_,2.384185791015625e-07,0.013833999633789062,True,1,None
K?otU_v\\fWZG,2.384185791015625e-07,0.04697847366333008,True,3,None
K?otU_vZfgZG,2.384185791015625e-07,0.12926793098449707,True,10,None
K?otU_vtRw\\O,2.384185791015625e-07,0.04136013984680176,True,5,None
K?otU_v\\Uw\\O,2.384185791015625e-07,0.021795034408569336,True,2,None
K?otU_vrVgNO,4.76837158203125e-07,0.05763816833496094,True,5,None
K?otU_vrVcN_,2.384185791015625e-07,0.0873878002166748,True,5,None
K?otU`N}BiUo,0.0,0.06059527397155762,True,6,None
K?otU`N{RwUo,2.384185791015625e-07,0.05897951126098633,True,7,None
K?otU`NlVgNO,0.0,0.10727787017822266,True,6,None
K?otU_n\\fgZG,2.384185791015625e-07,0.0960233211517334,True,9,None
K?otU_^{Rk\\_,2.384185791015625e-07,0.012846946716308594,True,2,None
K?otU_^\\Vg\\O,0.0,0.04851579666137695,True,3,None
K?otTbwZamYg,2.384185791015625e-07,0.06355023384094238,True,5,None
K?otTbwtQ]Mo,2.384185791015625e-07,0.0140380859375,True,2,None
K?otTbs}A]Iw,2.384185791015625e-07,0.02887129783630371,True,4,None
K?otTbsubMJg,2.384185791015625e-07,0.0738368034362793,True,7,None
K?otTbstRsHw,2.384185791015625e-07,0.014463663101196289,True,1,None
K?otTbsrRkJW,2.384185791015625e-07,0.013247013092041016,True,1,None
K?otTbkvBeIw,2.384185791015625e-07,0.09310078620910645,True,8,None
K?otTbktQ{MW,2.384185791015625e-07,0.13616704940795898,True,5,None
K?otTb[Vbi[W,2.384185791015625e-07,0.087860107421875,True,3,None
K?otTb[uRMMo,2.384185791015625e-07,0.05869603157043457,True,5,None
K?otTb[prqMo,2.384185791015625e-07,0.010868072509765625,True,1,None
K?otT`{vBeWw,2.384185791015625e-07,0.023997783660888672,True,4,None
K?otT`{\\eiXW,2.384185791015625e-07,0.15163016319274902,True,14,None
K?otT`{\\UkXW,0.0,0.01287698745727539,True,3,None
K?otT`{[u[Yg,2.384185791015625e-07,0.08526062965393066,True,3,None
K?otT`{XuiZO,2.384185791015625e-07,0.04026389122009277,True,4,None
K?otTbqrRiJo,2.384185791015625e-07,0.08000659942626953,True,4,None
K?otTbYzBiIw,2.384185791015625e-07,0.12267231941223145,True,11,None
K?otTbYRvgMg,2.384185791015625e-07,0.07085418701171875,True,3,None
K?otT`yvEiKw,2.384185791015625e-07,0.003526449203491211,True,1,None
K?otT`yrRiYo,2.384185791015625e-07,0.14557123184204102,True,9,None
K?otT`yVUi[o,4.76837158203125e-07,0.16054463386535645,True,7,None
K?otTbU]fIJg,2.384185791015625e-07,0.013149261474609375,True,1,None
K?otTbU]eiLg,2.384185791015625e-07,0.05542325973510742,True,6,None
K?otT`u]eYYg,2.384185791015625e-07,0.019318580627441406,True,1,None
K?otT`uZeqYg,2.384185791015625e-07,0.01631331443786621,True,1,None
K?otT`m{QmZ_,2.384185791015625e-07,0.013744831085205078,True,1,None
K?otT`m[uwYg,2.384185791015625e-07,0.07727742195129395,True,4,None
K?otTbpvA{Kw,0.0,0.012657403945922852,True,1,None
K?otTbhvAmMo,2.384185791015625e-07,0.03346753120422363,True,2,None
K?otTbd}A{Iw,2.384185791015625e-07,0.05975198745727539,True,7,None
K?otTbdvA{MW,2.384185791015625e-07,0.11048674583435059,True,7,None
K?otTbdtauN_,2.384185791015625e-07,0.04605269432067871,True,4,None
K?otRbwfVKIw,2.384185791015625e-07,0.004004001617431641,True,1,None
K?otRbwNUMYo,0.0,0.12099623680114746,True,4,None
K?otRbwRtiYo,4.76837158203125e-07,0.045255422592163086,True,4,None
K?otRbwFvKYg,2.384185791015625e-07,0.01903367042541504,True,1,None
K?otRbs|A]RW,2.384185791015625e-07,0.056723594665527344,True,2,None
K?otRbs|?}XW,2.384185791015625e-07,0.12763309478759766,True,9,None
K?otRbs{a]Rg,2.384185791015625e-07,0.06642627716064453,True,6,None
K?otRbsxcyJW,2.384185791015625e-07,0.014421463012695312,True,1,None
K?otRbs\\eYRW,2.384185791015625e-07,0.01541447639465332,True,2,None
K?otRbs\\cyXW,2.384185791015625e-07,0.015529632568359375,True,3,None
K?otRbkvCmMW,2.384185791015625e-07,0.146315336227417,True,7,None
K?otRbkmQmYo,2.384185791015625e-07,0.032126426696777344,True,4,None
K?otRbkkuwIw,2.384185791015625e-07,0.017438650131225586,True,1,None
K?otRbk[syYo,2.384185791015625e-07,0.013448715209960938,True,1,None
K?otRb[v@m[W,2.384185791015625e-07,0.05302166938781738,True,4,None
K?otRb[VfaSw,1.6689300537109375e-06,0.0035834312438964844,True,1,None
K?otRb[VfIUW,2.384185791015625e-07,0.012091636657714844,True,3,None
K?otRb[VVEUo,2.384185791015625e-07,0.1433732509613037,True,11,None
K?otRb[FvI]O,2.384185791015625e-07,0.1192173957824707,True,4,None
K?otRa{{a]Yg,2.384185791015625e-07,0.058873891830444336,True,3,None
K?otRa{]UMYo,0.0,0.014361143112182617,True,2,None
K?otRa{ZUkYW,0.0,0.14182710647583008,True,11,None
K?otRa{wq{Yg,4.76837158203125e-07,0.058542490005493164,True,3,None
K?otR`{mUMYo,2.384185791015625e-07,0.013731718063354492,True,1,None
K?otR`{wsyYo,2.384185791015625e-07,0.08978128433227539,True,5,None
K?otRbqXsyZ_,2.384185791015625e-07,0.132432222366333,True,8,None
K?otRbYvFIEw,2.384185791015625e-07,0.06458711624145508,True,5,None
K?otRbYnAm[g,2.384185791015625e-07,0.01372838020324707,True,3,None
K?otRbYffIMg,2.384185791015625e-07,0.25119519233703613,True,48,None
K?otRbYVVIUo,2.384185791015625e-07,0.08365535736083984,True,2,None
K?otRbYVTi[o,2.384185791015625e-07,0.046846866607666016,True,3,None
K?otRay^EiWw,4.76837158203125e-07,0.13370776176452637,True,7,None
K?otRay\\eYYg,2.384185791015625e-07,0.03722071647644043,True,2,None
K?otR`ybvgYg,2.384185791015625e-07,0.057276010513305664,True,3,None
K?otRbe\\cyZG,2.384185791015625e-07,0.01834869384765625,True,1,None
K?otRbU{`yXg,2.384185791015625e-07,0.050807952880859375,True,5,None
K?otRbU]fIRg,0.0,0.0036857128143310547,True,1,None
K?otRbUxcyNG,0.0,0.14180469512939453,True,17,None
K?otRbUx`yZG,2.384185791015625e-07,0.013651132583618164,True,2,None
K?otRbUNfIZG,2.384185791015625e-07,0.02469325065612793,True,4,None
K?otRbMudiMg,2.384185791015625e-07,0.15693068504333496,True,13,None
K?otRbMmeiMg,2.384185791015625e-07,0.047162532806396484,True,3,None
K?otRam}EiIw,2.384185791015625e-07,0.017939090728759766,True,1,None
K?otRam|AmZG,2.384185791015625e-07,0.054802894592285156,True,3,None
K?otRam{QmZ_,2.384185791015625e-07,0.07017207145690918,True,4,None
K?otRam]UiYo,2.384185791015625e-07,0.043108224868774414,True,2,None
K?otR`m{SmZ_,0.0,0.016169071197509766,True,2,None
K?otR`]evI]_,2.384185791015625e-07,0.05207657814025879,True,3,None
K?otR_}|EiXW,0.0,0.15667319297790527,True,12,None
K?otRbhvCmMo,4.76837158203125e-07,0.0655362606048584,True,2,None
K?otRbhvAmUo,4.76837158203125e-07,0.039533138275146484,True,2,None
K?otRbhlQ{Yo,2.384185791015625e-07,0.01635432243347168,True,2,None
K?otRbhLuwYo,2.384185791015625e-07,0.018696069717407227,True,2,None
K?otRbXzCmMo,2.384185791015625e-07,0.14486050605773926,True,13,None
K?otRbXzAmUo,2.384185791015625e-07,0.08036136627197266,True,5,None
K?otRbXz@mYo,2.384185791015625e-07,0.01569962501525879,True,2,None
K?otRbXvDMMo,2.384185791015625e-07,0.01641058921813965,True,2,None
K?otRbX^FKQw,2.384185791015625e-07,0.12668633460998535,True,5,None
K?otRbX^EMUo,2.384185791015625e-07,0.047028541564941406,True,3,None
K?otRbXtR[Uo,4.76837158203125e-07,0.07745647430419922,True,6,None
K?otRbXptwMo,0.0,0.15200352668762207,True,12,None
K?otRbXXtwYo,2.384185791015625e-07,0.01529073715209961,True,2,None
K?otRbXLuw[o,7.152557373046875e-07,0.05218029022216797,True,3,None
K?otRaxxQ{Yo,2.384185791015625e-07,0.009912967681884766,True,1,None
K?otR`xtU[Uo,2.384185791015625e-07,0.021999359130859375,True,4,None
K?otR`xlU[Yo,2.384185791015625e-07,0.01614999771118164,True,2,None
K?otRbdmekJg,2.384185791015625e-07,0.01237797737121582,True,2,None
K?otRbTxRsRo,2.384185791015625e-07,0.03847789764404297,True,4,None
K?otRbTxP{ZO,2.384185791015625e-07,0.1164083480834961,True,6,None
K?otRbTtRsTo,7.152557373046875e-07,0.03900599479675293,True,2,None
K?otRbTrRsUo,2.384185791015625e-07,0.012720823287963867,True,3,None
K?otRbTjUsMo,2.384185791015625e-07,0.02084207534790039,True,1,None
K?otRbTZUsUo,4.76837158203125e-07,0.041909217834472656,True,5,None
K?otRat|A{XW,2.384185791015625e-07,0.015798568725585938,True,1,None
K?otRat\\ewXW,2.384185791015625e-07,0.12902140617370605,True,8,None
K?otR`tlewXW,2.384185791015625e-07,0.05729079246520996,True,4,None
K?otR`tfUk\\O,2.384185791015625e-07,0.04799914360046387,True,2,None
K?otR`tduw\\O,2.384185791015625e-07,0.013726234436035156,True,1,None
K?otRbL}@mYo,2.384185791015625e-07,0.14926457405090332,True,13,None
K?otRbLmekMg,0.0,0.07177424430847168,True,6,None
K?otRbL]diYo,2.384185791015625e-07,0.08401727676391602,True,10,None
K?otRbLfRk]O,4.76837158203125e-07,0.07254695892333984,True,7,None
K?otRal{amZ_,2.384185791015625e-07,0.07114505767822266,True,4,None
K?otRaluekMg,2.384185791015625e-07,0.019512653350830078,True,3,None
K?otRal{Q{Yo,2.384185791015625e-07,0.01689434051513672,True,2,None
K?otRal[uwYo,2.384185791015625e-07,0.01594257354736328,True,1,None
K?otR`luUkUo,2.384185791015625e-07,0.0033698081970214844,True,1,None
K?otR`llUsYo,2.384185791015625e-07,0.05471992492675781,True,7,None
K?otRa\\{VKJo,2.384185791015625e-07,0.01839613914489746,True,4,None
K?otRa\\Xuk^?,2.384185791015625e-07,0.015558481216430664,True,2,None
K?otR`\\uVKUo,2.384185791015625e-07,0.061342716217041016,True,5,None
K?otR`\\tVSUo,2.384185791015625e-07,0.1704416275024414,True,12,None
K?otR`\\lUk\\O,2.384185791015625e-07,0.07830214500427246,True,4,None
K?otR`\\fVc[o,2.384185791015625e-07,0.10596847534179688,True,11,None
K?otR`\\wtwYo,2.384185791015625e-07,0.03290081024169922,True,2,None
K?otR`\\svWUo,2.384185791015625e-07,0.0038123130798339844,True,1,None
K?otR`\\huk^?,2.384185791015625e-07,0.032355308532714844,True,3,None
K?otR_|{e[Yg,2.384185791015625e-07,0.01576995849609375,True,1,None
K?otR_|xUsYo,2.384185791015625e-07,0.0621638298034668,True,7,None
K?otRbbffgJg,2.384185791015625e-07,0.003697633743286133,True,1,None
K?otRbRrRwUo,2.384185791015625e-07,0.0513615608215332,True,5,None
K?otRbRZUwUo,2.384185791015625e-07,0.003602743148803711,True,1,None
K?otRbRptwN_,2.384185791015625e-07,0.12373805046081543,True,8,None
K?otRbRFvg\\_,4.76837158203125e-07,0.014034509658813477,True,1,None
K?otRarrVgJo,0.0,0.004008054733276367,True,1,None
K?otRarRvgZ_,2.384185791015625e-07,0.0361943244934082,True,4,None
K?otRbJtRwUo,4.76837158203125e-07,0.013801097869873047,True,1,None
K?otR`jvEkUg,2.384185791015625e-07,0.0036458969116210938,True,1,None
K?otR`jffgYg,2.384185791015625e-07,0.015681743621826172,True,3,None
K?otR`jtUwUo,2.384185791015625e-07,0.0036308765411376953,True,1,None
K?otRaZxfgJg,2.384185791015625e-07,0.13737106323242188,True,10,None
K?otR`ZjfgYg,2.384185791015625e-07,0.010101079940795898,True,1,None
K?otR`ZtVWUo,2.384185791015625e-07,0.013012409210205078,True,2,None
K?otR_zxUkZ_,4.76837158203125e-07,0.01848769187927246,True,3,None
K?otRbFudwMg,2.384185791015625e-07,0.045581817626953125,True,5,None
K?otRbFmewMg,2.384185791015625e-07,0.019509077072143555,True,4,None
K?otRbF]diZ_,4.76837158203125e-07,0.05436062812805176,True,6,None
K?otRbFffoMg,2.384185791015625e-07,0.025136709213256836,True,4,None
K?otRaf|A{ZG,2.384185791015625e-07,0.02001023292541504,True,2,None
K?otRafuewMg,2.384185791015625e-07,0.10581612586975098,True,6,None
K?otRaf]eiZ_,2.384185791015625e-07,0.0329594612121582,True,3,None
K?otR`f|C{ZG,0.0,0.07738351821899414,True,5,None
K?otR`f|CyZO,2.384185791015625e-07,0.012526750564575195,True,1,None
K?otR`f{UwRo,2.384185791015625e-07,0.013297557830810547,True,1,None
K?otRaVufWMg,2.384185791015625e-07,0.1155092716217041,True,5,None
K?otRaV\\eY^?,2.384185791015625e-07,0.011095762252807617,True,1,None
K?otRaVrfoMg,2.384185791015625e-07,0.014500617980957031,True,4,None
K?otRaVrfgNG,2.384185791015625e-07,0.01093149185180664,True,1,None
K?otRaVVfa\\_,4.76837158203125e-07,0.04758954048156738,True,3,None
K?otRaVVfI^?,2.384185791015625e-07,0.05200839042663574,True,3,None
K?otRaVxUsN_,4.76837158203125e-07,0.015317678451538086,True,2,None
K?otR`VjUk^?,0.0,0.11519813537597656,True,8,None
K?otR`VfVc\\_,2.384185791015625e-07,0.16712594032287598,True,13,None
K?otR_v}E[Yg,2.384185791015625e-07,0.14354872703552246,True,13,None
K?otR_v|EwXW,2.384185791015625e-07,0.052364349365234375,True,2,None
K?otR_v{eYZ_,2.384185791015625e-07,0.014511346817016602,True,2,None
K?otR_vufWYg,2.384185791015625e-07,0.1449272632598877,True,11,None
K?otRaNvFcMg,2.384185791015625e-07,0.10921239852905273,True,5,None
K?otRaN\\ei^?,0.0,0.03586244583129883,True,6,None
K?otRaNuVgMo,2.384185791015625e-07,0.08703088760375977,True,5,None
K?otR`NmfgYg,2.384185791015625e-07,0.07703018188476562,True,5,None
K?otR`NuVgUo,7.152557373046875e-07,0.0525820255279541,True,8,None
K?otR`NmVgYo,2.384185791015625e-07,0.13771295547485352,True,10,None
K?otR`NlVgZO,2.384185791015625e-07,0.014015674591064453,True,3,None
K?otR_^{Uk\\_,2.384185791015625e-07,0.0659937858581543,True,5,None
K?otR_^xUk^?,2.384185791015625e-07,0.03998208045959473,True,4,None
K?otR_^tVg\\O,2.384185791015625e-07,0.025833845138549805,True,3,None
K?otQjwmeMMg,2.384185791015625e-07,0.07185816764831543,True,5,None
K?otQjwVdi[W,2.384185791015625e-07,0.013278961181640625,True,4,None
K?otQjw]UMUo,0.0,0.0033152103424072266,True,1,None
K?otQjwYuiUo,2.384185791015625e-07,0.003517627716064453,True,1,None
K?otQjkfbe]G,2.384185791015625e-07,0.02215743064880371,True,4,None
K?otQjkVde]G,2.384185791015625e-07,0.01788496971130371,True,2,None
K?otQjkmReYo,4.76837158203125e-07,0.08423876762390137,True,6,None
K?otQjktTsMW,2.384185791015625e-07,0.032738447189331055,True,4,None
K?otQjkfRe]O,2.384185791015625e-07,0.031819820404052734,True,4,None
K?otQj[mfEMg,4.76837158203125e-07,0.07495594024658203,True,6,None
K?otQj[]di[W,2.384185791015625e-07,0.057999372482299805,True,3,None
K?otQj[]de[g,0.0,0.16089439392089844,True,14,None
K?otQj[Nfa[W,2.384185791015625e-07,0.05803084373474121,True,4,None
K?otQj[]VEUo,2.384185791015625e-07,0.0034818649291992188,True,1,None
K?otQj[jVcMW,2.384185791015625e-07,0.04326176643371582,True,5,None
K?otQj[Jva]O,2.384185791015625e-07,0.03332185745239258,True,2,None
K?otQjinEeMg,2.384185791015625e-07,0.17546415328979492,True,28,None
K?otQjitdqMg,2.384185791015625e-07,0.18260645866394043,True,20,None
K?otQjYmfIMg,2.384185791015625e-07,0.15954995155334473,True,10,None
K?otQjYJvg]G,2.384185791015625e-07,0.016113758087158203,True,2,None
K?otQjeFvo]G,2.384185791015625e-07,0.047043561935424805,True,1,None
K?otQiuyeqMg,2.384185791015625e-07,0.05597233772277832,True,6,None
K?otQjMLvo]G,2.384185791015625e-07,0.012258529663085938,True,1,None
K?otQimsrq]_,2.384185791015625e-07,0.012012958526611328,True,2,None
K?otQim[ui^?,0.0,0.09863424301147461,True,9,None
K?otQhm|DeZG,2.384185791015625e-07,0.04103398323059082,True,1,None
K?otQhmlfaZG,2.384185791015625e-07,0.11152791976928711,True,15,None
K?otQi]{fQMg,2.384185791015625e-07,0.003659486770629883,True,1,None
K?otQi]yfaMg,2.384185791015625e-07,0.13405418395996094,True,10,None
K?otQi][vI^?,2.384185791015625e-07,0.14121246337890625,True,10,None
K?otQg}tVE^?,2.384185791015625e-07,0.03723573684692383,True,2,None
K?otQg}qvg]G,4.76837158203125e-07,0.016849040985107422,True,2,None
K?otQiN]fg]G,2.384185791015625e-07,0.013873100280761719,True,1,None
K?otVas\\I{XW,2.384185791015625e-07,0.17401432991027832,True,10,None
K?otVasYimZ_,2.384185791015625e-07,0.21888399124145508,True,27,None
K?otUrolRLJo,2.384185791015625e-07,0.18134331703186035,True,9,None
K?otUrohrhJo,2.384185791015625e-07,0.04115796089172363,True,2,None
K?otUrcv@fMo,4.76837158203125e-07,0.058335065841674805,True,4,None
K?otUrSxP{MS,2.384185791015625e-07,0.014255285263061523,True,2,None
K?otUqszAlMW,2.384185791015625e-07,0.0419769287109375,True,6,None
K?otUqsrbhMW,2.384185791015625e-07,0.015520095825195312,True,2,None
K?otUpsrdeMc,4.76837158203125e-07,0.19116806983947754,True,32,None
K?otUpsffEMc,7.152557373046875e-07,0.020348310470581055,True,3,None
K?otUpsqrhUo,2.384185791015625e-07,0.04231095314025879,True,3,None
K?otUpsUvHUo,4.76837158203125e-07,0.16801929473876953,True,14,None
K?otUrat`xMg,2.384185791015625e-07,0.0038297176361083984,True,1,None
K?otUraLmwMg,2.384185791015625e-07,0.003702878952026367,True,1,None
K?otUpqjehMg,0.0,0.16018939018249512,True,9,None
K?otUpqjUkMc,2.384185791015625e-07,0.04384565353393555,True,3,None
K?otUpqjRkYc,2.384185791015625e-07,0.15302181243896484,True,7,None
K?otUpqLmw[g,7.152557373046875e-07,0.04804039001464844,True,5,None
K?otUourfaMc,2.384185791015625e-07,0.0891714096069336,True,2,None
K?otUourbb]_,2.384185791015625e-07,0.0587613582611084,True,8,None
K?otUouyUkMc,2.384185791015625e-07,0.017833232879638672,True,5,None
K?otUourVcMc,4.76837158203125e-07,0.21240997314453125,True,35,None
K?otTrSybkIk,2.384185791015625e-07,0.22733354568481445,True,32,None
K?otTrSrbeMc,4.76837158203125e-07,0.14499926567077637,True,10,None
K?otTrSrbdMg,2.384185791015625e-07,0.039362430572509766,True,2,None
K?otTrSprdN_,4.76837158203125e-07,0.0040073394775390625,True,1,None
K?otTpsqukMc,2.384185791015625e-07,0.1725010871887207,True,11,None
K?otTpsRv`Yo,2.384185791015625e-07,0.09047222137451172,True,5,None
K?otUjo{R[Bs,4.76837158203125e-07,0.0371251106262207,True,1,None
K?otUjohqtN_,2.384185791015625e-07,0.13043546676635742,True,5,None
K?otUjoLrwXS,2.384185791015625e-07,0.16549038887023926,True,19,None
K?otUjojJsIw,2.384185791015625e-07,0.003951072692871094,True,1,None
K?otUjopjqFo,2.384185791015625e-07,0.11250543594360352,True,3,None
K?otUjohjsJg,2.384185791015625e-07,0.0038487911224365234,True,1,None
K?otUjohi{NG,2.384185791015625e-07,0.018342018127441406,True,1,None
K?otUjohiuN_,0.0,0.0037250518798828125,True,1,None
K?otUjcNRdZO,2.384185791015625e-07,0.07813167572021484,True,4,None
K?otUhs\\dTZG,4.76837158203125e-07,0.06308889389038086,True,9,None
K?otUhsNfDZG,2.384185791015625e-07,0.13379979133605957,True,8,None
K?otUhstPt\\O,2.384185791015625e-07,0.21778035163879395,True,31,None
K?otUhs\\St\\O,2.384185791015625e-07,0.12343430519104004,True,10,None
K?otUhsjMsMW,2.384185791015625e-07,0.15029191970825195,True,8,None
K?otUhsjJsYW,2.384185791015625e-07,0.012441635131835938,True,1,None
K?otRjo\\cyXS,2.384185791015625e-07,0.07834100723266602,True,5,None
K?otRjo\\S{XS,7.152557373046875e-07,0.09048247337341309,True,6,None
K?otRjodrwXS,2.384185791015625e-07,0.047684431076049805,True,6,None
K?otRis^ETYW,2.384185791015625e-07,0.02294135093688965,True,2,None
K?otRisZeeZC,4.76837158203125e-07,0.017606735229492188,True,2,None
K?otRisZedZG,2.384185791015625e-07,0.018450498580932617,True,2,None
K?otRistQt\\O,2.384185791015625e-07,0.05219888687133789,True,5,None
K?otRisVUd\\O,2.384185791015625e-07,0.14252305030822754,True,16,None
K?otRhsrTsYS,2.384185791015625e-07,0.025838375091552734,True,3,None
K?otSzo}BMIs,2.384185791015625e-07,0.031569719314575195,True,3,None
K?otSzozAmMS,2.384185791015625e-07,0.012120485305786133,True,1,None
K?otSzovBMMS,4.76837158203125e-07,0.018151521682739258,True,2,None
K?otSzo{JMJo,2.384185791015625e-07,0.03204011917114258,True,5,None
K?otSzowjiJo,2.384185791015625e-07,0.12003016471862793,True,4,None
K?otSzowiyMo,4.76837158203125e-07,0.03784823417663574,True,4,None
K?otSzcTrs]C,2.384185791015625e-07,0.015578508377075195,True,2,None
K?otSxstRs[S,2.384185791015625e-07,0.133378267288208,True,3,None
K?otSxstRd\\O,2.384185791015625e-07,0.06480526924133301,True,5,None
K?otSxs\\VcXS,2.384185791015625e-07,0.07558846473693848,True,6,None
K?otSxsqvcMc,7.152557373046875e-07,0.014060735702514648,True,3,None
K?otSxqufIMc,2.384185791015625e-07,0.03423118591308594,True,2,None
K?otSxqrfaMc,0.0,0.04294419288635254,True,3,None
K?otQzorf`Ew,2.384185791015625e-07,0.046132802963256836,True,5,None
K?otQzojfcIk,2.384185791015625e-07,0.12555384635925293,True,7,None
K?otQzouRLUo,2.384185791015625e-07,0.07134509086608887,True,6,None
K?otQzcLus]C,2.384185791015625e-07,0.04087471961975098,True,3,None
K?otQzSxLsMW,2.384185791015625e-07,0.0190427303314209,True,1,None
K?otQystRs[S,2.384185791015625e-07,0.016075611114501953,True,3,None
K?otQystRd\\O,2.384185791015625e-07,0.014995336532592773,True,1,None
K?otQysqrk]C,2.384185791015625e-07,0.07720398902893066,True,6,None
K?otQysxMsMW,2.384185791015625e-07,0.13977932929992676,True,9,None
K?otQysXncZG,2.384185791015625e-07,0.021602392196655273,True,3,None
K?otQysXms]G,2.384185791015625e-07,0.08215188980102539,True,5,None
K?otQysXme^?,2.384185791015625e-07,0.01439666748046875,True,3,None
K?otQysTna\\O,2.384185791015625e-07,0.03586912155151367,True,6,None
K?otQxstTd\\O,2.384185791015625e-07,0.07598209381103516,True,8,None
K?otQxslUs[S,0.0,0.01555776596069336,True,2,None
K?otQxslUd\\O,2.384185791015625e-07,0.1504809856414795,True,7,None
K?otQxstLe\\O,2.384185791015625e-07,0.07020926475524902,True,6,None
K?otQxslMe\\O,2.384185791015625e-07,0.023512840270996094,True,6,None
K?otQxsple^?,4.76837158203125e-07,0.01533198356628418,True,4,None
K?otQxshncZG,2.384185791015625e-07,0.05192065238952637,True,5,None
K?otQxshms]G,2.384185791015625e-07,0.011879920959472656,True,1,None
K?otQxshme^?,2.384185791015625e-07,0.041529178619384766,True,2,None
K?otQxsdna\\O,2.384185791015625e-07,0.07133674621582031,True,7,None
K?otQxsdnQ]O,2.384185791015625e-07,0.05266523361206055,True,5,None
K?otQyesnoMg,0.0,0.03532266616821289,True,8,None
K?otQyesjq]_,4.76837158203125e-07,0.042704105377197266,True,3,None
K?otQxeudi]C,9.5367431640625e-07,0.014490842819213867,True,2,None
K?otQxemeh]G,2.384185791015625e-07,0.013602733612060547,True,4,None
K?otQxemV`Yo,2.384185791015625e-07,0.013227224349975586,True,3,None
K?otTVo\\ajZ_,2.384185791015625e-07,0.10730361938476562,True,7,None
K?otTVStbwMK,2.384185791015625e-07,0.017080307006835938,True,3,None
K?otTVSsrhN_,2.384185791015625e-07,0.13624310493469238,True,12,None
K?otTTsVf`Yg,4.76837158203125e-07,0.06816458702087402,True,4,None
K?otTTssuwMc,2.384185791015625e-07,0.19592809677124023,True,28,None
K?otTTs[uhZ_,2.384185791015625e-07,0.15276169776916504,True,12,None
K?otRVoVfgQk,2.384185791015625e-07,0.01762700080871582,True,1,None
K?otRVSudhMg,2.384185791015625e-07,0.07616114616394043,True,7,None
K?otSvotbXMg,2.384185791015625e-07,0.03625369071960449,True,2,None
K?otSvoprhN_,2.384185791015625e-07,0.19137907028198242,True,13,None
K?otSvctbbN_,2.384185791015625e-07,0.020891666412353516,True,3,None
K?otStswuwMc,4.76837158203125e-07,0.02270960807800293,True,5,None
K?otSts\\NgXW,2.384185791015625e-07,0.04794049263000488,True,4,None
K?otQvordhMg,2.384185791015625e-07,0.01564788818359375,True,1,None
K?otQvojbhYg,2.384185791015625e-07,0.06861186027526855,True,6,None
K?otQvoZfgQk,2.384185791015625e-07,0.019902944564819336,True,3,None
K?otQvohrhZ_,2.384185791015625e-07,0.014204263687133789,True,2,None
K?otQvoXthZ_,4.76837158203125e-07,0.04463958740234375,True,6,None
K?otQvcudhMg,2.384185791015625e-07,0.012135505676269531,True,1,None
K?otQus\\NgXW,2.384185791015625e-07,0.14312314987182617,True,15,None
K?otPvSsvgLc,2.384185791015625e-07,0.1551504135131836,True,15,None
K?otPvSsrw[c,2.384185791015625e-07,0.1636495590209961,True,8,None
K?otPvS[uh\\_,2.384185791015625e-07,0.0825643539428711,True,5,None
K?otPts{MiXo,2.384185791015625e-07,0.02603316307067871,True,3,None
K?otPtstNgXW,2.384185791015625e-07,0.1819596290588379,True,11,None
K?otTNotarN_,2.384185791015625e-07,0.003920555114746094,True,1,None
K?otTNW[uwMc,0.0,0.046916961669921875,True,3,None
K?otTLw{MiJo,0.0,0.08010387420654297,True,8,None
K?otRNWmehMg,2.384185791015625e-07,0.003648519515991211,True,1,None
K?otRNWkuwMc,0.0,0.01579141616821289,True,2,None
K?otRMw[uhZ_,2.384185791015625e-07,0.04630255699157715,True,3,None
K?otRMw{MiJo,4.76837158203125e-07,0.07811927795410156,True,6,None
K?otRLw{KyYo,2.384185791015625e-07,0.018927574157714844,True,2,None
K?otQnoufWEk,2.384185791015625e-07,0.0190274715423584,True,1,None
K?otQnorfoEk,2.384185791015625e-07,0.0595245361328125,True,6,None
K?otQnobv`N_,2.384185791015625e-07,0.02179551124572754,True,5,None
K?otQngkuwMc,2.384185791015625e-07,0.012281417846679688,True,2,None
K?otQngfNcMg,2.384185791015625e-07,0.0036351680755615234,True,1,None
K?otQngfJe]_,2.384185791015625e-07,0.05706143379211426,True,6,None
K?otQnWjNgMW,2.384185791015625e-07,0.13988852500915527,True,5,None
K?otQnWjNcMg,0.0,0.015703201293945312,True,1,None
K?otQnWZLi]O,2.384185791015625e-07,0.05764341354370117,True,4,None
K?otQlwrdi]C,2.384185791015625e-07,0.08609628677368164,True,7,None
K?otQlwjeh]G,2.384185791015625e-07,0.03526043891906738,True,5,None
K?otQmktNoMW,4.76837158203125e-07,0.011588573455810547,True,1,None
K?otQmk\\Ms]G,2.384185791015625e-07,0.015107154846191406,True,4,None
K?otQlkudi]C,2.384185791015625e-07,0.01247859001159668,True,2,None
K?otQlkmNcYg,2.384185791015625e-07,0.02895665168762207,True,4,None
K?otPnoYuhZ_,2.384185791015625e-07,0.01685166358947754,True,2,None
K?otPnoRuw]C,2.384185791015625e-07,0.011535882949829102,True,2,None
K?otPnSsvoLc,2.384185791015625e-07,0.06972169876098633,True,5,None
K?otPnSqrw]C,7.152557373046875e-07,0.1222219467163086,True,7,None
K?otPlsrUs]C,7.152557373046875e-07,0.014605998992919922,True,2,None
K?opvBwrSmMo,2.384185791015625e-07,0.01674199104309082,True,1,None
K?opvBwfUMMo,2.384185791015625e-07,0.01230311393737793,True,1,None
K?opvBwfRMYo,2.384185791015625e-07,0.012269973754882812,True,1,None
K?opvBs|?}XW,2.384185791015625e-07,0.015021324157714844,True,1,None
K?opvBs{c]Jg,2.384185791015625e-07,0.09277725219726562,True,7,None
K?opvBsxcuJg,0.0,0.09378480911254883,True,3,None
K?opvBs{S]Jo,2.384185791015625e-07,0.05910801887512207,True,7,None
K?opvBk}CmIw,2.384185791015625e-07,0.01422429084777832,True,2,None
K?opvBkfUeMo,2.384185791015625e-07,0.04476118087768555,True,4,None
K?opvBkFui]O,2.384185791015625e-07,0.012001514434814453,True,1,None
K?opvB[bvaMo,2.384185791015625e-07,0.056147098541259766,True,4,None
K?opvA{{QmXo,2.384185791015625e-07,0.049755096435546875,True,4,None
K?opvA{{Q]Yo,2.384185791015625e-07,0.011611700057983398,True,1,None
K?opvA{\\UkXW,2.384185791015625e-07,0.021128416061401367,True,3,None
K?opvBqreiFg,2.384185791015625e-07,0.015259742736816406,True,1,None
K?opvBqJuwYg,2.384185791015625e-07,0.016846179962158203,True,3,None
K?opvBYxeiFg,0.0,0.014183282852172852,True,3,None
K?opvBYppy]_,0.0,0.015594959259033203,True,2,None
K?opvAyXuwYg,2.384185791015625e-07,0.10271763801574707,True,6,None
K?opvAyRvgYg,4.76837158203125e-07,0.015640735626220703,True,2,None
K?opvAm]UkYg,2.384185791015625e-07,0.013859033584594727,True,2,None
K?opvAm[uwYg,2.384185791015625e-07,0.1236269474029541,True,4,None
K?opvA]{eYMg,2.384185791015625e-07,0.020404338836669922,True,2,None
K?opvA]tbi\\G,0.0,0.014411687850952148,True,1,None
K?opvA]Vfa[g,2.384185791015625e-07,0.034950971603393555,True,5,None
K?opvA]YvgYg,2.384185791015625e-07,0.03170156478881836,True,2,None
K?opvA]prq]_,2.384185791015625e-07,0.1498262882232666,True,7,None
K?opv?}tei\\G,2.384185791015625e-07,0.007454872131347656,True,1,None
K?opv?}{UMZ_,0.0,0.014356136322021484,True,1,None
K?opv?}xUeZ_,2.384185791015625e-07,0.03937220573425293,True,2,None
K?opv?}wuiZ_,4.76837158203125e-07,0.0549468994140625,True,3,None
K?opvBhvCmMo,2.384185791015625e-07,0.07900404930114746,True,7,None
K?opvBhfUkMo,2.384185791015625e-07,0.06239938735961914,True,6,None
K?opvBXzCmMo,1.1920928955078125e-06,0.011287689208984375,True,2,None
K?opvBXz@mYo,2.384185791015625e-07,0.06244206428527832,True,4,None
K?opvBXvDMMo,4.76837158203125e-07,0.0526888370513916,True,4,None
K?opvBXnEkKw,2.384185791015625e-07,0.05248594284057617,True,3,None
K?opvBXrTkMo,2.384185791015625e-07,0.056023597717285156,True,5,None
K?opvBXjUkMo,0.0,0.04521369934082031,True,4,None
K?opvBXbvgMo,2.384185791015625e-07,0.011153697967529297,True,2,None
K?opvAxvEMMo,0.0,0.01468038558959961,True,1,None
K?opvAxxeiJo,0.0,0.08219170570373535,True,7,None
K?opvAxxamZ_,2.384185791015625e-07,0.011728525161743164,True,2,None
K?opvAxVek[g,2.384185791015625e-07,0.05576205253601074,True,8,None
K?opvAxRvgYo,2.384185791015625e-07,0.05624675750732422,True,6,None
K?opvAlvEeMo,2.384185791015625e-07,0.013218402862548828,True,1,None
K?opvAl{a{Yg,2.384185791015625e-07,0.013359546661376953,True,3,None
K?opvAl[ukZ_,2.384185791015625e-07,0.03459978103637695,True,4,None
K?opvA\\vFEMo,0.0,0.01688981056213379,True,2,None
K?opvA\\ufIMo,4.76837158203125e-07,0.022510290145874023,True,3,None
K?opvA\\rfaMo,4.76837158203125e-07,0.056548118591308594,True,6,None
K?opvA\\rbe]_,2.384185791015625e-07,0.03513908386230469,True,4,None
K?opvA\\VVc[o,0.0,0.03663754463195801,True,6,None
K?opvA\\YvgYo,2.384185791015625e-07,0.1245412826538086,True,5,None
K?opv?||EkXW,2.384185791015625e-07,0.1824491024017334,True,18,None
K?opv?|uek[g,2.384185791015625e-07,0.012952089309692383,True,1,None
K?opv?|rek]G,2.384185791015625e-07,0.017557621002197266,True,3,None
K?opuJkmUeMo,2.384185791015625e-07,0.15421056747436523,True,11,None
K?opuJkNUe]O,2.384185791015625e-07,0.01611042022705078,True,1,None
K?opuJe|@uZG,4.76837158203125e-07,0.14733004570007324,True,8,None
K?opuIuxbqZG,7.152557373046875e-07,0.13683032989501953,True,10,None
K?opuIu\\fQZG,4.76837158203125e-07,0.05489540100097656,True,6,None
K?opuIuZfaZG,2.384185791015625e-07,0.15730524063110352,True,9,None
K?opuJMMvg]G,2.384185791015625e-07,0.07714581489562988,True,6,None
K?opuIm|BeZG,2.384185791015625e-07,0.04028511047363281,True,1,None
K?opuIm{biZG,4.76837158203125e-07,0.12689805030822754,True,8,None
K?opuImTvo]G,2.384185791015625e-07,0.014155864715576172,True,2,None
K?opuG}|FEZG,4.76837158203125e-07,0.015345573425292969,True,2,None
K?opuG}{fIZG,2.384185791015625e-07,0.0068018436431884766,True,1,None
K?opuG}qvg]G,2.384185791015625e-07,0.039528608322143555,True,1,None
K?opuG}pva^?,2.384185791015625e-07,0.027224063873291016,True,4,None
K?opuIN}FaMo,2.384185791015625e-07,0.08637428283691406,True,4,None
K?opvRcuSlMo,2.384185791015625e-07,0.18353629112243652,True,28,None
K?opvRcfUdMo,2.384185791015625e-07,0.012675762176513672,True,1,None
K?opvRc{G}Yo,4.76837158203125e-07,0.013790369033813477,True,1,None
K?opvRclMeJo,2.384185791015625e-07,0.03958606719970703,True,4,None
K?opvRSNVKYS,4.76837158203125e-07,0.03750777244567871,True,1,None
K?opvQqrbhYg,2.384185791015625e-07,0.017067670822143555,True,1,None
K?opvOurfgYK,2.384185791015625e-07,0.012309074401855469,True,1,None
K?opvOurf`Yg,2.384185791015625e-07,0.11194062232971191,True,6,None
K?optpetNgXW,0.0,0.13837909698486328,True,12,None
K?opvJoxStJo,2.384185791015625e-07,0.01354837417602539,True,1,None
K?opvJoFvgXS,2.384185791015625e-07,0.06148338317871094,True,2,None
K?optjoyQ\\Yo,2.384185791015625e-07,0.07488179206848145,True,5,None
K?optjoZUkXS,2.384185791015625e-07,0.06807661056518555,True,7,None
K?optjoZUdXo,0.0,0.011875391006469727,True,2,None
K?optjczEeJS,2.384185791015625e-07,0.0502016544342041,True,5,None
K?optjc^ETYW,2.384185791015625e-07,0.012969255447387695,True,1,None
K?optjcZeeZC,2.384185791015625e-07,0.06683921813964844,True,5,None
K?opuZorf`Ew,2.384185791015625e-07,0.10285210609436035,True,6,None
K?opuZoNVDYo,2.384185791015625e-07,0.011018514633178711,True,1,None
K?opuZobv`Mo,2.384185791015625e-07,0.06661510467529297,True,5,None
K?opuZcmUdMo,2.384185791015625e-07,0.1503591537475586,True,15,None
K?opuZcerh]O,2.384185791015625e-07,0.11880874633789062,True,7,None
K?opuZcMvgYS,2.384185791015625e-07,0.04981279373168945,True,3,None
K?opuYs\\VSYS,2.384185791015625e-07,0.02765798568725586,True,4,None
K?opuYs[nKZG,2.384185791015625e-07,0.16198253631591797,True,14,None
K?opuYetJq]O,0.0,0.04853415489196777,True,3,None
K?opuYe\\NcZG,9.5367431640625e-07,0.077972412109375,True,8,None
K?opuWuxNcZG,2.384185791015625e-07,0.033051490783691406,True,3,None
K?opuWuxNaZO,2.384185791015625e-07,0.03724479675292969,True,5,None
K?optZStVcLS,2.384185791015625e-07,0.056948184967041016,True,5,None
K?optZS[vKZC,7.152557373046875e-07,0.05206775665283203,True,4,None
K?optZSYuh]O,2.384185791015625e-07,0.03715705871582031,True,4,None
K?optZQZUd]_,2.384185791015625e-07,0.022634029388427734,True,3,None
K?opuNoirhZ_,0.0,0.01556396484375,True,2,None
K?opuNgfNgMW,0.0,0.05000138282775879,True,8,None
K?opuNgfNaMo,4.76837158203125e-07,0.02255558967590332,True,4,None
K?opuNgNMi]O,2.384185791015625e-07,0.013346672058105469,True,1,None
K?opuMk]NgYW,2.384185791015625e-07,0.0372014045715332,True,2,None
K?opuMk]NcYg,4.76837158203125e-07,0.057337284088134766,True,4,None
K?optNoyeiJc,0.0,0.03833961486816406,True,3,None
K?optNoxeqJc,2.384185791015625e-07,0.04557919502258301,True,2,None
K?optNoxepJg,4.76837158203125e-07,0.035993099212646484,True,1,None
K?optNo{MYJo,0.0,0.16043829917907715,True,19,None
K?optNc]ebZ_,2.384185791015625e-07,0.019422292709350586,True,1,None
K?optNc{I{ZG,2.384185791015625e-07,0.0439913272857666,True,3,None
K?re`qwv@fKw,2.384185791015625e-07,0.05227828025817871,True,6,None
K?re`qwyImEw,2.384185791015625e-07,0.013155221939086914,True,2,None
K?re`qwjJeIw,2.384185791015625e-07,0.03259778022766113,True,4,None
K?rLbawYmiEw,2.384185791015625e-07,0.038434505462646484,True,4,None
K?rLbawJjeYg,0.0,0.026918411254882812,True,3,None
K?rLbawoziFo,4.76837158203125e-07,0.033648014068603516,True,5,None
K?rLbaw`ziNO,4.76837158203125e-07,0.017836332321166992,True,2,None
K?rLbaw`zeN_,4.76837158203125e-07,0.015861034393310547,True,2,None
K?rLbakuRdEw,2.384185791015625e-07,0.023229360580444336,True,4,None
K?rLbakmReIs,2.384185791015625e-07,0.014692068099975586,True,2,None
K?rLbakfReMS,2.384185791015625e-07,0.05373835563659668,True,5,None
K?rLbakVLeMW,2.384185791015625e-07,0.13385534286499023,True,7,None
K?rLbakFje]G,2.384185791015625e-07,0.02172112464904785,True,4,None
K?rLbakE~aMo,2.384185791015625e-07,0.010112524032592773,True,1,None
K?rLb_{nBeW[,2.384185791015625e-07,0.0866856575012207,True,11,None
K?rLb_{rbeUK,2.384185791015625e-07,0.14744091033935547,True,14,None
K?rLb_{ZfaQ[,2.384185791015625e-07,0.014435291290283203,True,3,None
K?rLb_{qtkMK,0.0,0.04004406929016113,True,2,None
K?rLb_{bre]C,2.384185791015625e-07,0.05008721351623535,True,6,None
K?rLb_{Jud]G,2.384185791015625e-07,0.08792734146118164,True,8,None
K?rLb_{yLeIw,2.384185791015625e-07,0.022421598434448242,True,3,None
K?rLb_{ijeYg,2.384185791015625e-07,0.0629124641418457,True,5,None
K?rLb_{YliYW,2.384185791015625e-07,0.013671398162841797,True,3,None
K?rLb_{MnIYW,2.384185791015625e-07,0.14047551155090332,True,7,None
K?rLb_{a~aMo,4.76837158203125e-07,0.03847551345825195,True,3,None
K?rLb_{azi]O,2.384185791015625e-07,0.013716459274291992,True,2,None
K?rLb_{I}k]G,2.384185791015625e-07,0.010449886322021484,True,1,None
K?qmbaw|@]I[,0.0,0.06322646141052246,True,8,None
K?qmbawqrhEw,2.384185791015625e-07,0.014395952224731445,True,2,None
K?qmbawMmMMg,2.384185791015625e-07,0.003471851348876953,True,1,None
K?qmbawLmeLg,2.384185791015625e-07,0.013494253158569336,True,2,None
K?qmbaw`zeN_,2.384185791015625e-07,0.013054847717285156,True,2,None
K?qmbawBzk]G,4.76837158203125e-07,0.025777816772460938,True,2,None
K?qmb`w}?nSw,0.0,0.018178224563598633,True,2,None
K?qmb`w^CmS[,7.152557373046875e-07,0.11092209815979004,True,13,None
K?qmb`wy`jQw,2.384185791015625e-07,0.14551782608032227,True,7,None
K?qmb`wr`jUW,2.384185791015625e-07,0.05251169204711914,True,2,None
K?qmb`wyPmQs,4.76837158203125e-07,0.12077617645263672,True,9,None
K?qmb`wuTMEs,4.76837158203125e-07,0.05195760726928711,True,3,None
K?qmb`wuTLEw,2.384185791015625e-07,0.0776207447052002,True,7,None
K?qmb`w]TkO{,2.384185791015625e-07,0.015213489532470703,True,2,None
K?qmb`w]TLQw,2.384185791015625e-07,0.018146276473999023,True,2,None
K?qmb`wyKmEw,4.76837158203125e-07,0.04263162612915039,True,4,None
K?qmb`wuHmSw,2.384185791015625e-07,0.031204938888549805,True,1,None
K?qmb`wZLeQw,2.384185791015625e-07,0.022449970245361328,True,4,None
K?qmb`wTlYUW,2.384185791015625e-07,0.03352236747741699,True,4,None
K?qmbassZUFo,2.384185791015625e-07,0.11321830749511719,True,10,None
K?qmba[yRdEw,2.384185791015625e-07,0.15290284156799316,True,15,None
K?qmba[ireMc,7.152557373046875e-07,0.05109095573425293,True,4,None
K?qmba[irdMg,2.384185791015625e-07,0.003749847412109375,True,1,None
K?qmb_{ptsMK,2.384185791015625e-07,0.06299495697021484,True,5,None
K?qmb_{yLeIw,2.384185791015625e-07,0.0012128353118896484,True,1,None
K?qmb_{yJeQw,2.384185791015625e-07,0.09405064582824707,True,4,None
K?qmb_{imeMg,2.384185791015625e-07,0.13454151153564453,True,8,None
K?qmb_{eje[g,2.384185791015625e-07,0.07558727264404297,True,5,None
K?qmb_{UnIUW,4.76837158203125e-07,0.019181489944458008,True,2,None
K?qmb_{Mme[g,2.384185791015625e-07,0.1783888339996338,True,9,None
K?qmb_{RnaUW,4.76837158203125e-07,0.014677047729492188,True,3,None
K?qmb_{Q|e]_,2.384185791015625e-07,0.017810344696044922,True,2,None
K?qjba[ZMeUW,2.384185791015625e-07,0.05812549591064453,True,3,None
KCOcfe]zBwLo,2.384185791015625e-07,0.019114017486572266,True,4,None
KCOfFbk^?}Ro,4.76837158203125e-07,0.06008553504943848,True,6,None
KCOfF`{^C]Ro,4.76837158203125e-07,0.1401674747467041,True,7,None
KCOfF`]r`yV_,2.384185791015625e-07,0.013908863067626953,True,1,None
KCOfF`]VdYV_,2.384185791015625e-07,0.01719069480895996,True,4,None
KCOfEr[n@mLo,4.76837158203125e-07,0.03340458869934082,True,3,None
KCOfEq{fbiLo,2.384185791015625e-07,0.03588747978210449,True,4,None
KCOfEq]jbiN_,0.0,0.014431238174438477,True,1,None
KCOfErdn@{Jo,2.384185791015625e-07,0.013538599014282227,True,1,None
KCOfEqtv@{Lo,0.0,0.020793676376342773,True,2,None
KCOfEqtfbwLo,2.384185791015625e-07,0.06648135185241699,True,5,None
KCOfDr[fbiLo,2.384185791015625e-07,0.011884689331054688,True,1,None
KCOfDrUjayN_,0.0,0.014242410659790039,True,3,None
KCOfDpuNeYZ_,2.384185791015625e-07,0.07262706756591797,True,7,None
KCOfDp]rbwUg,2.384185791015625e-07,0.038346290588378906,True,5,None
KCOfDp]fbi\\_,0.0,0.13218474388122559,True,11,None
KCOfDp]VfgTg,2.384185791015625e-07,0.033364057540893555,True,3,None
KCOfDp]VfWUg,2.384185791015625e-07,0.003538370132446289,True,1,None
KCOfDrdvA{Fo,2.384185791015625e-07,0.012695789337158203,True,2,None
KCOfDrd^A{Ro,4.76837158203125e-07,0.06645393371582031,True,5,None
KCOfDrLnBkJo,2.384185791015625e-07,0.13904380798339844,True,12,None
KCOfDrL^BkRo,0.0,0.11675524711608887,True,10,None
KCOfDrLt`{N_,2.384185791015625e-07,0.05768394470214844,True,6,None
KCOfCzwx`{Jg,2.384185791015625e-07,0.02237534523010254,True,2,None
KCOfCzwjbkJg,2.384185791015625e-07,0.012694358825683594,True,2,None
KCOfCziVbwUg,2.384185791015625e-07,0.013275384902954102,True,1,None
KCOfCxyrbwUg,2.384185791015625e-07,0.016162872314453125,True,1,None
KCOfCxyVfWUg,2.384185791015625e-07,0.01745128631591797,True,1,None
KCOfCy]}BiLo,2.384185791015625e-07,0.011510848999023438,True,1,None
KCOfCzpr`{N_,2.384185791015625e-07,0.01921367645263672,True,2,None
KCOfCzpfbwLo,2.384185791015625e-07,0.04760432243347168,True,3,None
KCOfCzht`{N_,0.0,0.04214072227478027,True,2,None
KCOfCzhfbkN_,4.76837158203125e-07,0.03710126876831055,True,2,None
KCOfCzX|@{Lo,4.76837158203125e-07,0.10211372375488281,True,7,None
KCOfCzXnBkLo,2.384185791015625e-07,0.06630635261535645,True,3,None
KCOfCyxvBkLo,0.0,0.01812887191772461,True,4,None
KCOfCxxVfWUo,4.76837158203125e-07,0.017802953720092773,True,2,None
KCOfCzLnBkNO,2.384185791015625e-07,0.035828351974487305,True,4,None
KCOfCzLmbkN_,2.384185791015625e-07,0.11871337890625,True,13,None
KCOfCxl^EsUo,2.384185791015625e-07,0.0531773567199707,True,2,None
KCOfCxl{ewFo,2.384185791015625e-07,0.011596202850341797,True,1,None
KCOfCxlVfoUo,2.384185791015625e-07,0.0035126209259033203,True,1,None
KCOfCy\\{bwLo,2.384185791015625e-07,0.01980304718017578,True,2,None
KCOfCy\\]bk\\_,2.384185791015625e-07,0.026040077209472656,True,3,None
KCOfCzRzBwFo,2.384185791015625e-07,0.07814788818359375,True,7,None
KCOfCzRjbwN_,4.76837158203125e-07,0.03897690773010254,True,5,None
KCOfCzJnBwMo,9.5367431640625e-07,0.07716512680053711,True,6,None
KCOfCyjtbwN_,2.384185791015625e-07,0.047666072845458984,True,3,None
KCOfCyjVbw]_,2.384185791015625e-07,0.013122320175170898,True,2,None
KCOfBd]nDwXg,2.384185791015625e-07,0.014440774917602539,True,1,None
KCOfCu{vBiLo,2.384185791015625e-07,0.08046722412109375,True,7,None
KCOfCveVRwV_,2.384185791015625e-07,0.014183521270751953,True,2,None
KCOfCum\\RwZ_,0.0,0.06367254257202148,True,4,None
KCOfCvTNfWN_,4.76837158203125e-07,0.013005971908569336,True,3,None
KCOfCttNfWZ_,2.384185791015625e-07,0.03936934471130371,True,4,None
KCOfCvL\\bwV_,2.384185791015625e-07,0.02957892417907715,True,2,None
KCOfCvLNbw]_,2.384185791015625e-07,0.011624574661254883,True,1,None
KCOfCul\\bwZ_,2.384185791015625e-07,0.013068675994873047,True,1,None
KCOfCulVbw]_,2.384185791015625e-07,0.015129804611206055,True,2,None
KCOfCu\\\\bw\\_,2.384185791015625e-07,0.006791591644287109,True,1,None
KCOfCt\\nFgLo,2.384185791015625e-07,0.0725107192993164,True,4,None
KCOfCt\\^FWUo,2.384185791015625e-07,0.1265568733215332,True,9,None
KCOfCs|vFgLo,0.0,0.0115509033203125,True,1,None
KCOfCs|\\fWZ_,2.384185791015625e-07,0.010100603103637695,True,1,None
KCOf@vUvDwLg,4.76837158203125e-07,0.01680612564086914,True,2,None
KCOf@u]tVWN_,2.384185791015625e-07,0.012560844421386719,True,1,None
KCOf@u]rVgN_,2.384185791015625e-07,0.057776689529418945,True,4,None
KCOf?~qvBwTg,0.0,0.011131048202514648,True,1,None
KCOf?~qfVWN_,2.384185791015625e-07,0.0794060230255127,True,5,None
KCOf?~qVVWV_,2.384185791015625e-07,0.015004634857177734,True,1,None
KCOf?}y|EwLg,2.384185791015625e-07,0.010003805160522461,True,1,None
KCOf?}yxUwN_,0.0,0.003521442413330078,True,1,None
KCOf?}ytVWN_,0.0,0.0033643245697021484,True,1,None
KCOf?~bvDwN_,0.0,0.01217508316040039,True,1,None
KCOefbk^@]Ro,2.384185791015625e-07,0.036982059478759766,True,4,None
KCOefb[z@{Dw,2.384185791015625e-07,0.021971940994262695,True,5,None
KCOefb[n@]Lo,2.384185791015625e-07,0.04877948760986328,True,3,None
KCOef`mzC{Fg,2.384185791015625e-07,0.07471990585327148,True,7,None
KCOef`mr`yV_,0.0,0.01808953285217285,True,3,None
KCOefRsz?}Fo,2.384185791015625e-07,0.13086152076721191,True,9,None
KCOefRsfb[Fg,4.0531158447265625e-06,0.02006697654724121,True,4,None
KCOefRsf`{Lg,2.384185791015625e-07,0.05638909339904785,True,4,None
KCOefP{\\c{Tg,4.76837158203125e-07,0.16712570190429688,True,14,None
KCOefP{ZcyUo,2.384185791015625e-07,0.014149665832519531,True,1,None
KCOefRefbwFg,2.384185791015625e-07,0.07141351699829102,True,4,None
KCOefPuffWFg,4.76837158203125e-07,0.1580359935760498,True,6,None
KCOefPmt`yV_,2.384185791015625e-07,0.021472692489624023,True,2,None
KCOefP]x`yV_,2.384185791015625e-07,0.10590338706970215,True,6,None
KCOefP]ZdiV_,2.384185791015625e-07,0.016450881958007812,True,2,None
KCOefRdnA{Fo,2.384185791015625e-07,0.19034051895141602,True,14,None
KCOefRd^@{Ro,2.384185791015625e-07,0.1901237964630127,True,5,None
KCOefRTn@{Lo,2.384185791015625e-07,0.02070450782775879,True,1,None
KCOefRT^@{To,2.384185791015625e-07,0.0167083740234375,True,2,None
KCOefQtrbwFo,4.76837158203125e-07,0.004299640655517578,True,1,None
KCOefPtrdwFo,0.0,0.004015684127807617,True,1,None
KCOefPtVd[V_,2.384185791015625e-07,0.0037851333618164062,True,1,None
KCOefRLn@{Mo,2.384185791015625e-07,0.015292167663574219,True,3,None
KCOefRL^@{Uo,4.76837158203125e-07,0.019994497299194336,True,1,None
KCOefQ\\|@{Lo,4.76837158203125e-07,0.050753116607666016,True,4,None
KCOefQ\\nBkLo,0.0,0.033164024353027344,True,2,None
KCOefQ\\^BkTo,2.384185791015625e-07,0.050031185150146484,True,5,None
KCOefQ\\x`{N_,2.384185791015625e-07,0.012508630752563477,True,1,None
KCOefP\\z@{Uo,2.384185791015625e-07,0.08919167518615723,True,5,None
KCOefP\\xdwFo,2.384185791015625e-07,0.07428693771362305,True,3,None
KCOefRF^@{V_,2.384185791015625e-07,0.12718605995178223,True,9,None
KCOefQVNfWN_,2.384185791015625e-07,0.011460304260253906,True,1,None
KCOefPVz@{V_,0.0,0.019175291061401367,True,3,None
KCOeersn@]Lo,2.384185791015625e-07,0.018021821975708008,True,3,None
KCOeerk^@]Uo,2.384185791015625e-07,0.041502952575683594,True,5,None
KCOeeq{nBMLo,2.384185791015625e-07,0.003823518753051758,True,1,None
KCOeeqmjbiN_,0.0,0.15951156616210938,True,10,None
KCOedrUnBYLo,2.384185791015625e-07,0.016045093536376953,True,1,None
KCOedpmZfgRg,2.384185791015625e-07,0.056765079498291016,True,5,None
KCOedpmZewUg,2.384185791015625e-07,0.07191848754882812,True,5,None
KCOedrdr`{N_,2.384185791015625e-07,0.049182891845703125,True,3,None
KCOedrdfbwLo,2.384185791015625e-07,0.05517768859863281,True,4,None
KCOefH{^DURo,2.384185791015625e-07,0.02008533477783203,True,5,None
KCOefJifbwFg,2.384185791015625e-07,0.13316941261291504,True,14,None
KCOefIyfbwLg,4.76837158203125e-07,0.03143906593322754,True,6,None
KCOefIyVfWFg,2.384185791015625e-07,0.0698397159576416,True,5,None
KCOefIyVbwTg,2.384185791015625e-07,0.01589679718017578,True,3,None
KCOedjijayN_,2.384185791015625e-07,0.04607129096984863,True,5,None
KCOediyvBYLo,2.384185791015625e-07,0.0036957263946533203,True,1,None
KCOedZwzAmFo,2.384185791015625e-07,0.04139566421508789,True,3,None
KCOedZwfbkLg,2.384185791015625e-07,0.026839256286621094,True,2,None
KCOedZsjbqJo,2.384185791015625e-07,0.012600898742675781,True,2,None
KCOedY{xbqJo,2.384185791015625e-07,0.07012510299682617,True,6,None
KCOedZqv@{Lg,2.384185791015625e-07,0.0033659934997558594,True,1,None
KCOedZqfbwLg,2.384185791015625e-07,0.05836081504821777,True,3,None
KCOedXyxbwRg,2.384185791015625e-07,0.01426386833190918,True,4,None
KCOedXytdwLg,2.384185791015625e-07,0.0036003589630126953,True,1,None
KCOedXyZfgRg,2.384185791015625e-07,0.013633012771606445,True,3,None
KCOedXyZewUg,2.384185791015625e-07,0.043569087982177734,True,4,None
KCOedXyffgLg,2.384185791015625e-07,0.143812894821167,True,10,None
KCOedZhnA{Mo,4.76837158203125e-07,0.013747692108154297,True,1,None
KCOedZh^A{Uo,2.384185791015625e-07,0.004125356674194336,True,1,None
KCOedZXnBkLo,2.384185791015625e-07,0.0445103645324707,True,5,None
KCOedXxzA{Uo,4.76837158203125e-07,0.05704236030578613,True,4,None
KCOedXxvFKFo,2.384185791015625e-07,0.037813663482666016,True,3,None
KCOedXx^E[Uo,2.384185791015625e-07,0.13450407981872559,True,12,None
KCOedXxZewUo,4.76837158203125e-07,0.03422808647155762,True,3,None
KCOedYl{a{N_,0.0,0.04919838905334473,True,5,None
KCOedZJnBkN_,2.384185791015625e-07,0.08014488220214844,True,6,None
KCOedYZ\\fWN_,2.384185791015625e-07,0.1493692398071289,True,8,None
KCOedYf}A{N_,2.384185791015625e-07,0.019381284713745117,True,3,None
KCOedXf^FoRo,2.384185791015625e-07,0.0506129264831543,True,3,None
KCOedWvzFoJo,0.0,0.003806591033935547,True,1,None
KCOedWv^FoXo,2.384185791015625e-07,0.017245054244995117,True,3,None
KCOebZk}@{Qw,2.384185791015625e-07,0.020432233810424805,True,3,None
KCOebZk^CuUo,2.384185791015625e-07,0.20849156379699707,True,19,None
KCOebZk]diRo,2.384185791015625e-07,0.06173968315124512,True,6,None
KCOebZqfdwLg,2.384185791015625e-07,0.06825542449951172,True,9,None
KCOebZiv@{Ug,2.384185791015625e-07,0.03417682647705078,True,4,None
KCOebZi\\cyV_,4.76837158203125e-07,0.1678755283355713,True,8,None
KCOebXm}CyUo,2.384185791015625e-07,0.13848519325256348,True,13,None
KCOebZpr`{V_,2.384185791015625e-07,0.003988504409790039,True,1,None
KCOebZh^C{Uo,0.0,0.18900775909423828,True,15,None
KCOebZhVdwUo,2.384185791015625e-07,0.003936052322387695,True,1,None
KCOebZXZdwUo,2.384185791015625e-07,0.018479585647583008,True,2,None
KCOefFMn@yN_,2.384185791015625e-07,0.015432596206665039,True,1,None
KCOeeU{|@{Lg,4.76837158203125e-07,0.021318674087524414,True,2,None
KCOeeU{nBkLg,2.384185791015625e-07,0.004118680953979492,True,1,None
KCOeeVe^DwFg,2.384185791015625e-07,0.09396839141845703,True,8,None
KCOeeUmnBwMg,2.384185791015625e-07,0.021739959716796875,True,3,None
KCOedNwv@{Lg,2.384185791015625e-07,0.014996767044067383,True,2,None
KCOedNiVRwV_,2.384185791015625e-07,0.015333175659179688,True,1,None
KCOedMyvBwLg,2.384185791015625e-07,0.040868520736694336,True,5,None
KCOedLyvDwLg,4.76837158203125e-07,0.07014107704162598,True,3,None
KCOedMm]RwZ_,2.384185791015625e-07,0.043886661529541016,True,3,None
KCOedNhNbwZ_,2.384185791015625e-07,0.11867165565490723,True,9,None
KCOedLxZewV_,2.384185791015625e-07,0.011435985565185547,True,1,None
KCOedLxNfWZ_,2.384185791015625e-07,0.05323648452758789,True,4,None
KCOebLm}DwRg,0.0,0.02969813346862793,True,2,None
KCOe`^qrRwV_,2.384185791015625e-07,0.05596494674682617,True,4,None
KCOe`^qjUwN_,4.76837158203125e-07,0.15044164657592773,True,15,None
KCOe`^qfVWN_,2.384185791015625e-07,0.04468202590942383,True,3,None
KCOe`^ivBwUg,2.384185791015625e-07,0.014597654342651367,True,2,None
KCOe`^iVVgV_,2.384185791015625e-07,0.02269458770751953,True,2,None
KCOe`]Z|FWN_,2.384185791015625e-07,0.020441770553588867,True,2,None
KCOffbKfbwDk,4.76837158203125e-07,0.1546037197113037,True,11,None
KCOffbKf`yLc,2.384185791015625e-07,0.046509504318237305,True,5,None
KCOffbKf`xLg,2.384185791015625e-07,0.025776386260986328,True,3,None
KCOffbKVdYFc,2.384185791015625e-07,0.06470036506652832,True,7,None
KCOffbKV`yTc,2.384185791015625e-07,0.15072178840637207,True,12,None
KCOffRcfayFc,4.76837158203125e-07,0.13804268836975098,True,10,None
KCOfercfbYFc,2.384185791015625e-07,0.01642584800720215,True,3,None
KCOfercf`yLc,2.384185791015625e-07,0.06245279312133789,True,3,None
KCOfercf`ZN_,2.384185791015625e-07,0.04636645317077637,True,6,None
KCOfercfH]N_,0.0,0.10045242309570312,True,5,None
KCOferSj`xLg,4.76837158203125e-07,0.16922855377197266,True,10,None
KCOferSjP{Lc,2.384185791015625e-07,0.06151175498962402,True,3,None
KCOferK\\`yTc,2.384185791015625e-07,0.13610148429870605,True,6,None
KCOferKZ`yUc,2.384185791015625e-07,0.12786269187927246,True,6,None
KCOferKlP{Lc,2.384185791015625e-07,0.01772141456604004,True,1,None
KCOferKlPxLo,2.384185791015625e-07,0.07394599914550781,True,6,None
KCOfeqktbwDk,0.0,0.06201744079589844,True,6,None
KCOfeqkt`yLc,2.384185791015625e-07,0.057061195373535156,True,8,None
KCOfeqkt`xLg,4.76837158203125e-07,0.05159163475036621,True,7,None
KCOfeqklayLc,4.76837158203125e-07,0.003690958023071289,True,1,None
KCOfeqkfJwKw,0.0,0.16668224334716797,True,13,None
KCOfeqkfJkLg,0.0,0.015496253967285156,True,2,None
KCOfdrcrayFc,2.384185791015625e-07,0.10532093048095703,True,9,None
KCOfdrcfayLc,4.76837158203125e-07,0.1607985496520996,True,15,None
KCOfdrcfI{Lg,2.384185791015625e-07,0.0685582160949707,True,4,None
KCOfdrcfI]N_,4.76837158203125e-07,0.015278339385986328,True,2,None
KCOfdrKlayLc,2.384185791015625e-07,0.0038766860961914062,True,1,None
KCOfdrKjbhJg,2.384185791015625e-07,0.015251874923706055,True,1,None
KCOfdrKrH{Mg,2.384185791015625e-07,0.0813291072845459,True,4,None
KCOfeZcfbqFc,2.384185791015625e-07,0.06365442276000977,True,4,None
KCOfeZcf`yNC,0.0,0.029151201248168945,True,2,None
KCOfeW{{eYFc,4.76837158203125e-07,0.13920235633850098,True,6,None
KCOfbYwfehLg,2.384185791015625e-07,0.13513970375061035,True,12,None
KCOfbY[{cxLg,4.76837158203125e-07,0.16880083084106445,True,9,None
KCOfbY[ff`Lg,2.384185791015625e-07,0.09331297874450684,True,8,None
KCOfczgt`xLg,0.0,0.08074951171875,True,3,None
KCOfczgxQ{Fc,0.0,0.0553436279296875,True,3,None
KCOfczgxQxFo,0.0,0.014495372772216797,True,1,None
KCOfczW|BXDw,4.76837158203125e-07,0.08641314506530762,True,5,None
KCOfcywxaxLg,0.0,0.050702810287475586,True,3,None
KCOeurcl`yLc,2.384185791015625e-07,0.021091699600219727,True,4,None
KCOetjgtP{Lc,0.0,0.0855557918548584,True,7,None
KCOetjgVJ[Ug,2.384185791015625e-07,0.01666712760925293,True,2,None
KCOethkudiLc,7.152557373046875e-07,0.05049562454223633,True,5,None
KCQ`fbkZc{JW,2.384185791015625e-07,0.1593790054321289,True,13,None
KCQ`fbMfbsLg,2.384185791015625e-07,0.052481889724731445,True,5,None
KCQ`f`mnE[JW,2.384185791015625e-07,0.017738819122314453,True,1,None
KCQ`fa]}A]Lo,0.0,0.06600213050842285,True,4,None
KCQ`falrbsJo,4.76837158203125e-07,0.02419304847717285,True,5,None
KCQ`fa\\ub[Lo,2.384185791015625e-07,0.01289987564086914,True,2,None
KCQ`fa\\rb[NO,0.0,0.019625186920166016,True,4,None
KCQ`fa\\Vb[\\O,2.384185791015625e-07,0.06440186500549316,True,2,None
KCQ`f_|ye[Jo,2.384185791015625e-07,0.05073285102844238,True,4,None
KCQ`f_|ue[Lo,2.384185791015625e-07,0.14144301414489746,True,6,None
KCQ`faNzA{NO,2.384185791015625e-07,0.1494908332824707,True,13,None
KCQ`faNvBsLo,2.384185791015625e-07,0.015017032623291016,True,1,None
KCQ`fRsfb[JW,4.76837158203125e-07,0.016692638397216797,True,2,None
KCQ`fR[yamFo,2.384185791015625e-07,0.013183355331420898,True,2,None
KCQ`fRUu`{Lg,2.384185791015625e-07,0.06863546371459961,True,4,None
KCQ`fRUfbsLg,2.384185791015625e-07,0.029098033905029297,True,2,None
KCQ`fRpr`{Jo,4.76837158203125e-07,0.15321707725524902,True,10,None
KCQ`fRpZc{Jo,2.384185791015625e-07,0.10605072975158691,True,5,None
KCQ`fRht`{Jo,4.76837158203125e-07,0.07118487358093262,True,8,None
KCQ`fRXx`{Jo,2.384185791015625e-07,0.01983165740966797,True,3,None
KCQ`fRXt`{Lo,2.384185791015625e-07,0.03238272666931152,True,5,None
KCQ`fPxxc{Jo,2.384185791015625e-07,0.06098318099975586,True,2,None
KCQ`fPxZekRo,2.384185791015625e-07,0.14542198181152344,True,12,None
KCQ`fRdfa{NO,4.76837158203125e-07,0.014378070831298828,True,3,None
KCQ`fQtya{Jo,2.384185791015625e-07,0.09059882164001465,True,3,None
KCQ`fQtra{NO,2.384185791015625e-07,0.01972031593322754,True,1,None
KCQ`fQtZa{ZO,2.384185791015625e-07,0.06599688529968262,True,3,None
KCQ`fPtfesLo,2.384185791015625e-07,0.013551473617553711,True,2,None
KCQ`fRRNb[Z_,2.384185791015625e-07,0.13655447959899902,True,8,None
KCQ`fQrvA{Lo,2.384185791015625e-07,0.02610921859741211,True,5,None
KCQ`fQr^A{Xo,2.384185791015625e-07,0.014683961868286133,True,2,None
KCQ`fQVubwLo,2.384185791015625e-07,0.015546560287475586,True,3,None
KCQ`erejbwJW,9.5367431640625e-07,0.05153918266296387,True,7,None
KCQ`erejbqJo,2.384185791015625e-07,0.015030622482299805,True,2,None
KCQ`erefbsLg,2.384185791015625e-07,0.12821269035339355,True,6,None
KCQ`erU}B[Dw,0.0,0.1290137767791748,True,6,None
KCQ`epmx`{ZG,2.384185791015625e-07,0.22397494316101074,True,17,None
KCQ`erpjb[Jo,0.0,0.05224013328552246,True,5,None
KCQ`erpZb[Ro,0.0,0.041211605072021484,True,5,None
KCQ`eplufKFo,2.384185791015625e-07,0.07480096817016602,True,6,None
KCQ`eqfzA{NO,2.384185791015625e-07,0.04420971870422363,True,2,None
KCQ`eqfybwJo,4.76837158203125e-07,0.1542048454284668,True,6,None
KCQ`fJ[jbsJW,2.384185791015625e-07,0.00399017333984375,True,1,None
KCQ`fI{yauJo,2.384185791015625e-07,0.0038530826568603516,True,1,None
KCQ`fIyua{Lg,2.384185791015625e-07,0.10319137573242188,True,4,None
KCQ`fI]ubsLg,4.76837158203125e-07,0.0395052433013916,True,3,None
KCQ`fH]VfQVO,4.76837158203125e-07,0.09418034553527832,True,7,None
KCQ`fIZzA{NO,2.384185791015625e-07,0.03966951370239258,True,2,None
KCQ`fIZvBsLo,2.384185791015625e-07,0.02932143211364746,True,3,None
KCQ`fIZ]bwXo,2.384185791015625e-07,0.014999151229858398,True,2,None
KCQ`fG^vFSNO,4.76837158203125e-07,0.003646373748779297,True,1,None
KCQ`djwua]Lo,0.0,0.0034601688385009766,True,1,None
KCQf@rwprwBw,2.384185791015625e-07,0.0034019947052001953,True,1,None
KCQf@rwpq{Fg,2.384185791015625e-07,0.02011847496032715,True,1,None
KCQf@rwXsyJo,2.384185791015625e-07,0.05217123031616211,True,7,None
KCQf@rwJqyYo,2.384185791015625e-07,0.014592885971069336,True,1,None
KCQf@rsNeYJW,2.384185791015625e-07,0.10423469543457031,True,6,None
KCQf@rsfR[JW,2.384185791015625e-07,0.012566089630126953,True,2,None
KCQf@rsfRUJo,2.384185791015625e-07,0.034009456634521484,True,1,None
KCQf@rsqq{Fg,4.76837158203125e-07,0.0548553466796875,True,3,None
KCQf@rsbrwJW,2.384185791015625e-07,0.010659217834472656,True,1,None
KCQf@rk{_}Jg,2.384185791015625e-07,0.016539335250854492,True,3,None
KCQf@rkfbiJW,4.76837158203125e-07,0.0075495243072509766,True,1,None
KCQf@rkNeeJg,0.0,0.12542724609375,True,8,None
KCQf@rk\\UsBw,2.384185791015625e-07,0.04836249351501465,True,5,None
KCQf@rkkq{Jg,2.384185791015625e-07,0.1515347957611084,True,8,None
KCQf@rk[syJo,2.384185791015625e-07,0.015179634094238281,True,2,None
KCQf@rkLuwJW,2.384185791015625e-07,0.054167985916137695,True,6,None
KCQf@r[zAmFW,2.384185791015625e-07,0.01640629768371582,True,1,None
KCQf@r[ubiDw,2.384185791015625e-07,0.0341339111328125,True,3,None
KCQf@r[x`yJW,2.384185791015625e-07,0.01694655418395996,True,2,None
KCQf@r[rbiFW,4.76837158203125e-07,0.054398298263549805,True,2,None
KCQf@r[jbqIw,2.384185791015625e-07,0.003671407699584961,True,1,None
KCQf@r[uPmLo,2.384185791015625e-07,0.06410622596740723,True,5,None
KCQf@r[erkLg,2.384185791015625e-07,0.0240936279296875,True,3,None
KCQf@r[brkNG,2.384185791015625e-07,0.08070039749145508,True,7,None
KCQf@q{^EMJW,2.384185791015625e-07,0.01378178596496582,True,1,None
KCQf@q{^A]YW,0.0,0.014077186584472656,True,1,None
KCQf@q{ZeiJW,2.384185791015625e-07,0.020894527435302734,True,3,None
KCQf@q{sqyLo,2.384185791015625e-07,0.003439188003540039,True,1,None
KCQf@q{XqyZO,2.384185791015625e-07,0.07545900344848633,True,6,None
KCQf@p{]eMRg,2.384185791015625e-07,0.06147956848144531,True,6,None
KCQf@p{NUeXo,2.384185791015625e-07,0.14861822128295898,True,10,None
KCQf@ri\\UwBw,2.384185791015625e-07,0.01655411720275879,True,2,None
KCQf@qy^AmXg,2.384185791015625e-07,0.12430310249328613,True,5,None
KCQf@qy\\Q]Z_,2.384185791015625e-07,0.057253360748291016,True,2,None
KCQf@re]SyJo,2.384185791015625e-07,0.02599954605102539,True,2,None
KCQf@rUyQ{Fg,4.76837158203125e-07,0.07404637336730957,True,5,None
KCQf@rUuRwDw,0.0,0.04309964179992676,True,4,None
KCQf@rUqpyN_,2.384185791015625e-07,0.04357504844665527,True,1,None
KCQf@qu^EYJW,4.76837158203125e-07,0.15315675735473633,True,12,None
KCQf@puyUwBw,2.384185791015625e-07,0.0429987907409668,True,3,None
KCQf@pumQ]Z_,2.384185791015625e-07,0.013626337051391602,True,2,None
KCQf@puNUYZO,4.76837158203125e-07,0.08863258361816406,True,5,None
KCQf@puJuqZ_,2.384185791015625e-07,0.03534531593322754,True,2,None
KCQf@rM]eiFg,2.384185791015625e-07,0.1384124755859375,True,13,None
KCQf@rM]ayUg,4.76837158203125e-07,0.11891674995422363,True,8,None
KCQf@rMNfaJg,2.384185791015625e-07,0.015650510787963867,True,1,None
KCQf@qm^EiJW,0.0,0.09040021896362305,True,4,None
KCQf@qm\\Q{ZG,2.384185791015625e-07,0.13271236419677734,True,8,None
KCQf@p]ybiRg,2.384185791015625e-07,0.05051898956298828,True,1,None
KCQf@p]yayUg,2.384185791015625e-07,0.035889387130737305,True,3,None
KCQf@p]ubiTg,4.76837158203125e-07,0.022272586822509766,True,2,None
KCQf@p]]fIRg,0.0,0.031204700469970703,True,3,None
KCQf@p]]eiTg,2.384185791015625e-07,0.053006649017333984,True,5,None
KCQf@p]\\eYVG,0.0,0.1375732421875,True,9,None
KCQf@p]jeiNG,2.384185791015625e-07,0.0036163330078125,True,1,None
KCQf@p]ffaLg,0.0,0.013725757598876953,True,1,None
KCQf@p]VfaTg,2.384185791015625e-07,0.08367252349853516,True,11,None
KCQf@p]VfIVG,2.384185791015625e-07,0.06682896614074707,True,3,None
KCQf@p]NfaXg,0.0,0.04441046714782715,True,6,None
KCQf@o}{Q]Z_,2.384185791015625e-07,0.014256954193115234,True,2,None
KCQf@o}]UYYo,2.384185791015625e-07,0.05415749549865723,True,7,None
KCQf@o}ZUiZO,0.0,0.014789342880249023,True,1,None
KCQf@rpfayLo,0.0,0.013909339904785156,True,3,None
KCQf@rpfa]N_,2.384185791015625e-07,0.015919208526611328,True,2,None
KCQf@rpfQ{Lo,0.0,0.021912097930908203,True,3,None
KCQf@rpbq{N_,2.384185791015625e-07,0.01994037628173828,True,1,None
KCQf@rhVQ{Uo,2.384185791015625e-07,0.09888887405395508,True,5,None
KCQf@rXx`yJo,2.384185791015625e-07,0.019253015518188477,True,3,None
KCQf@rXfbiLo,4.76837158203125e-07,0.19504404067993164,True,5,None
KCQf@rXfbYMo,4.76837158203125e-07,0.03934359550476074,True,1,None
KCQf@rX\\U[Fo,2.384185791015625e-07,0.015295028686523438,True,2,None
KCQf@rXrP{Mo,2.384185791015625e-07,0.015509366989135742,True,1,None
KCQf@rXZUkFo,2.384185791015625e-07,0.14775514602661133,True,6,None
KCQf@rXfRkLo,2.384185791015625e-07,0.03640389442443848,True,5,None
KCQf@rXVTkLo,2.384185791015625e-07,0.11397504806518555,True,8,None
KCQf@rXXtwJo,2.384185791015625e-07,0.15920233726501465,True,18,None
KCQf@rXLu[N_,4.76837158203125e-07,0.19674324989318848,True,19,None
KCQf@rXRrwUo,2.384185791015625e-07,0.17766141891479492,True,18,None
KCQf@qxVUkLo,2.384185791015625e-07,0.026401042938232422,True,4,None
KCQf@qxXuwJo,2.384185791015625e-07,0.016142845153808594,True,1,None
KCQf@pxhuwJo,2.384185791015625e-07,0.04899764060974121,True,4,None
KCQf@pxRuwUo,2.384185791015625e-07,0.1715412139892578,True,21,None
KCQf@rdfbwJW,2.384185791015625e-07,0.0923774242401123,True,3,None
KCQf@rdfbsJg,2.384185791015625e-07,0.08885407447814941,True,7,None
KCQf@rdNewJW,2.384185791015625e-07,0.04749250411987305,True,3,None
KCQf@rTzBsBw,2.384185791015625e-07,0.003602743148803711,True,1,None
KCQf@rTnBUJo,2.384185791015625e-07,0.013978958129882812,True,2,None
KCQf@rTybwBw,2.384185791015625e-07,0.011344194412231445,True,1,None
KCQf@rTya{Fg,4.76837158203125e-07,0.011535167694091797,True,1,None
KCQf@rTZTsJo,2.384185791015625e-07,0.016052722930908203,True,2,None
KCQf@rL{a{Fg,7.152557373046875e-07,0.02827596664428711,True,2,None
KCQf@rLmayMo,2.384185791015625e-07,0.015893220901489258,True,2,None
KCQf@rLfbkNG,2.384185791015625e-07,0.11924576759338379,True,10,None
KCQf@rL]Q{Uo,2.384185791015625e-07,0.014612674713134766,True,3,None
KCQf@rL\\TsJo,2.384185791015625e-07,0.07289767265319824,True,6,None
KCQf@ql\\esJg,2.384185791015625e-07,0.03698921203613281,True,5,None
KCQf@ql\\a{ZG,2.384185791015625e-07,0.04916048049926758,True,3,None
KCQf@plkq{Z_,0.0,0.08876156806945801,True,8,None
KCQf@q\\}A]Mo,2.384185791015625e-07,0.018935203552246094,True,2,None
KCQf@q\\zBsIw,2.384185791015625e-07,0.013399600982666016,True,2,None
KCQf@q\\vBsKw,2.384185791015625e-07,0.06420373916625977,True,4,None
KCQf@q\\vBeLo,2.384185791015625e-07,0.03088521957397461,True,1,None
KCQf@q\\{a]N_,2.384185791015625e-07,0.0856633186340332,True,9,None
KCQf@q\\ubiLo,2.384185791015625e-07,0.01159811019897461,True,1,None
KCQf@q\\tbwLW,2.384185791015625e-07,0.11176061630249023,True,6,None
KCQf@q\\VVcLo,2.384185791015625e-07,0.014290809631347656,True,1,None
KCQf@q\\[u[N_,2.384185791015625e-07,0.04842066764831543,True,7,None
KCQf@q\\YuwMo,2.384185791015625e-07,0.05839347839355469,True,4,None
KCQf@p\\tTsLo,2.384185791015625e-07,0.01714491844177246,True,2,None
KCQf@p\\\\TsXo,2.384185791015625e-07,0.06402158737182617,True,4,None
KCQf@p\\ZUsUo,4.76837158203125e-07,0.017175912857055664,True,2,None
KCQf@p\\VVSUo,2.384185791015625e-07,0.12029862403869629,True,7,None
KCQf@p\\VTs[o,2.384185791015625e-07,0.08622980117797852,True,5,None
KCQf@p\\LvoXo,2.384185791015625e-07,0.013528108596801758,True,1,None
KCQf@o|xQ{ZO,0.0,0.08084750175476074,True,3,None
KCQf@o|TvWZO,2.384185791015625e-07,0.09051871299743652,True,10,None
KCQf@rRfbYN_,4.76837158203125e-07,0.07456135749816895,True,5,None
KCQf@rRNbYZ_,4.76837158203125e-07,0.0335693359375,True,4,None
KCQf@qrrayN_,0.0,0.011584758758544922,True,2,None
KCQf@qrrRwJo,2.384185791015625e-07,0.016299962997436523,True,2,None
KCQf@rJ\\ewFg,2.384185791015625e-07,0.14809966087341309,True,11,None
KCQf@rJVbiV_,2.384185791015625e-07,0.0815422534942627,True,4,None
KCQf@rJVRwUo,2.384185791015625e-07,0.014769315719604492,True,3,None
KCQf@pjVewUg,0.0,0.08235669136047363,True,5,None
KCQf@qZxQ{N_,2.384185791015625e-07,0.02752232551574707,True,1,None
KCQf@qZVVgLo,4.76837158203125e-07,0.14801406860351562,True,9,None
KCQf@pZZewUg,4.76837158203125e-07,0.17483735084533691,True,19,None
KCQf@ozxQ{Z_,2.384185791015625e-07,0.018787860870361328,True,3,None
KCQf@rFu`yN_,2.384185791015625e-07,0.015436410903930664,True,1,None
KCQf@rFmayN_,2.384185791015625e-07,0.01314401626586914,True,3,None
KCQf@rFfbqN_,2.384185791015625e-07,0.055586814880371094,True,2,None
KCQf@rFNbwZG,2.384185791015625e-07,0.013960599899291992,True,1,None
KCQf@rFNbqZ_,0.0,0.1240532398223877,True,8,None
KCQf@qfvBwJW,2.384185791015625e-07,0.020804405212402344,True,1,None
KCQf@pfmayZ_,0.0,0.01239919662475586,True,1,None
KCQf@pfffoJg,2.384185791015625e-07,0.1621870994567871,True,20,None
KCQf@qVzBwJW,2.384185791015625e-07,0.013474464416503906,True,1,None
KCQf@qVvBqLo,2.384185791015625e-07,0.022641420364379883,True,1,None
KCQf@qVyayN_,2.384185791015625e-07,0.048280954360961914,True,2,None
KCQf@qVVVWNO,0.0,0.013158082962036133,True,1,None
KCQf@pVmbYZ_,0.0,0.05220222473144531,True,5,None
KCQf@ov}A{Xg,2.384185791015625e-07,0.012837886810302734,True,2,None
KCQf@qN\\foJg,0.0,0.0034911632537841797,True,1,None
KCQf@qN\\Q{^?,2.384185791015625e-07,0.14713096618652344,True,11,None
KCQf@pNubwUg,2.384185791015625e-07,0.08169102668762207,True,7,None
KCQf@pN]ewUg,4.76837158203125e-07,0.04111671447753906,True,5,None
KCQf@pNNei^?,2.384185791015625e-07,0.0193631649017334,True,2,None
KCQf@pNVVoUo,2.384185791015625e-07,0.016727447509765625,True,2,None
KCQf@pNVTs]_,2.384185791015625e-07,0.009262800216674805,True,1,None
KCQf@on{Q{Z_,0.0,0.01921558380126953,True,2,None
KCQf@ontQ{^?,2.384185791015625e-07,0.08089017868041992,True,5,None
KCQf@o^{bYZ_,0.0,0.017496824264526367,True,3,None
KCQf@o^ufIN_,2.384185791015625e-07,0.00962209701538086,True,1,None
KCQf@o^tbw\\G,0.0,0.018480539321899414,True,2,None
KCQf@o^{UwLo,2.384185791015625e-07,0.015255451202392578,True,5,None
KCQf@o^xRsZ_,2.384185791015625e-07,0.04315757751464844,True,2,None
KCQf@o^xQ{^?,0.0,0.013512611389160156,True,1,None
KCQf@o^tVoLo,2.384185791015625e-07,0.012637615203857422,True,3,None
KCQfAZw]O}Uo,2.384185791015625e-07,0.03038334846496582,True,2,None
KCQfAZw\\TsBw,0.0,0.06618404388427734,True,5,None
KCQfAZwkpyJo,2.384185791015625e-07,0.011214971542358398,True,1,None
KCQfAZwUpyUo,2.384185791015625e-07,0.05690932273864746,True,5,None
KCQfAZsN`uZG,0.0,0.1631152629852295,True,12,None
KCQfAY{mamNG,2.384185791015625e-07,0.04538869857788086,True,5,None
KCQfAX{]dqQw,2.384185791015625e-07,0.015277624130249023,True,2,None
KCQfAX{VdeVG,0.0,0.12165355682373047,True,6,None
KCQfAZY]PyUo,2.384185791015625e-07,0.0779416561126709,True,5,None
KCQfAZY]PmV_,2.384185791015625e-07,0.09802746772766113,True,8,None
KCQfAXy\\S{VG,2.384185791015625e-07,0.10813117027282715,True,9,None
KCQfAXuUtwVG,2.384185791015625e-07,0.013270854949951172,True,1,None
KCQfAX]|DqFW,2.384185791015625e-07,0.003546476364135742,True,1,None
KCQfAX]{`yVG,2.384185791015625e-07,0.04826474189758301,True,5,None
KCQfAW}]dqYg,0.0,0.14222931861877441,True,13,None
KCQfAW}lbqZG,2.384185791015625e-07,0.10667943954467773,True,9,None
KCQfAZpn@uJo,2.384185791015625e-07,0.013687372207641602,True,1,None
KCQfAXxtTsFo,2.384185791015625e-07,0.015412092208862305,True,3,None
KCQfAZT]`uV_,2.384185791015625e-07,0.06043076515197754,True,5,None
KCQfAXtVdqVO,2.384185791015625e-07,0.01424551010131836,True,4,None
KCQfAX\\}@uUo,2.384185791015625e-07,0.03656768798828125,True,5,None
KCQf@Z[^BeRW,4.76837158203125e-07,0.012941598892211914,True,2,None
KCQf@Z[VReVO,2.384185791015625e-07,0.039870500564575195,True,1,None
KCQf@Y{^EeJW,4.76837158203125e-07,0.011321783065795898,True,2,None
KCQf@Y{VReZO,2.384185791015625e-07,0.14914202690124512,True,14,None
KCQf@X{MuiZO,2.384185791015625e-07,0.01349496841430664,True,2,None
KCQf@ZqNayZG,2.384185791015625e-07,0.01865696907043457,True,2,None
KCQf@ZYspyN_,2.384185791015625e-07,0.12448000907897949,True,8,None
KCQf@ZYkqyN_,2.384185791015625e-07,0.003665924072265625,True,1,None
KCQf@Yy]QyYo,2.384185791015625e-07,0.02082538604736328,True,1,None
KCQf@XyueiFg,0.0,0.13774418830871582,True,10,None
KCQf@ZUNeqNG,0.0,0.02046370506286621,True,2,None
KCQf@Y]VVaNO,2.384185791015625e-07,0.0546565055847168,True,3,None
KCQf@X]v@u]G,4.76837158203125e-07,0.017140865325927734,True,2,None
KCQf@X]ubqUg,2.384185791015625e-07,0.023162126541137695,True,2,None
KCQf@X]]eqUg,2.384185791015625e-07,0.12748169898986816,True,11,None
KCQf@X]tRsVG,2.384185791015625e-07,0.012690544128417969,True,3,None
KCQf@X]\\Su^?,2.384185791015625e-07,0.16960906982421875,True,19,None
KCQf@W}^EeZG,2.384185791015625e-07,0.014632940292358398,True,2,None
KCQf@W}]UiZO,2.384185791015625e-07,0.08379793167114258,True,10,None
KCQf@ZX{`yJo,2.384185791015625e-07,0.013929367065429688,True,2,None
KCQf@ZX]Q{Uo,0.0,0.09080362319946289,True,9,None
KCQf@ZXVRsUo,2.384185791015625e-07,0.0822591781616211,True,7,None
KCQf@YxuayMo,2.384185791015625e-07,0.014824390411376953,True,2,None
KCQf@Yx]UkJo,2.384185791015625e-07,0.13384056091308594,True,8,None
KCQf@Yx\\UsJo,2.384185791015625e-07,0.017573118209838867,True,1,None
KCQf@Yx[uwJo,2.384185791015625e-07,0.036270856857299805,True,2,None
KCQf@XxtTsJo,0.0,0.026741743087768555,True,3,None
KCQf@Y\\^BeZO,2.384185791015625e-07,0.035878896713256836,True,2,None
KCQf@W|[uwZO,2.384185791015625e-07,0.13729023933410645,True,10,None
KCQf@ZRVRsV_,2.384185791015625e-07,0.003596067428588867,True,1,None
KCQf@XrFuw^?,2.384185791015625e-07,0.05307817459106445,True,4,None
KCQf@XZ]ewUg,2.384185791015625e-07,0.04551434516906738,True,3,None
KCQf@XZNei^?,2.384185791015625e-07,0.014663934707641602,True,1,None
KCQf@XZmUwMo,4.76837158203125e-07,0.0033485889434814453,True,1,None
KCQf@WzsuwN_,0.0,0.003312349319458008,True,1,None
KCQf@XVmbqZ_,2.384185791015625e-07,0.016924381256103516,True,3,None
KCQf@Wv^EsZG,2.384185791015625e-07,0.013787031173706055,True,2,None
KCQf@W^|EqNO,2.384185791015625e-07,0.04710865020751953,True,2,None
KCQf@W^\\Us^?,2.384185791015625e-07,0.03481173515319824,True,4,None
KCQf?zwjbiJW,0.0,0.013410329818725586,True,3,None
KCQf?zsfRUNO,2.384185791015625e-07,0.011251449584960938,True,2,None
KCQf?zsbrqNO,2.384185791015625e-07,0.02189946174621582,True,3,None
KCQf?zqMrwXg,2.384185791015625e-07,0.019359350204467773,True,3,None
KCQf?ziNbiZG,2.384185791015625e-07,0.07529187202453613,True,11,None
KCQf?yy}BiHw,0.0,0.0032651424407958984,True,1,None
KCQf?yyzAyMW,0.0,0.013462305068969727,True,3,None
KCQf?yyxRwJW,2.384185791015625e-07,0.1501755714416504,True,9,None
KCQf?xyqriV_,2.384185791015625e-07,0.12439155578613281,True,8,None
KCQf?ze^@uZG,2.384185791015625e-07,0.1338493824005127,True,13,None
KCQf?zeMqy^?,4.76837158203125e-07,0.06719589233398438,True,6,None
KCQf?xu^EUVG,4.76837158203125e-07,0.014146804809570312,True,2,None
KCQf?xuy`yZG,2.384185791015625e-07,0.051025390625,True,4,None
KCQf?xuNVoXW,2.384185791015625e-07,0.01584005355834961,True,1,None
KCQf?xuiuwNG,2.384185791015625e-07,0.04677009582519531,True,3,None
KCQf?xuirwZG,0.0,0.007488727569580078,True,2,None
KCQf?xuMvoXg,0.0,0.011282682418823242,True,1,None
KCQf?ym\\RsZG,2.384185791015625e-07,0.03755950927734375,True,5,None
KCQf?xm{`yZG,2.384185791015625e-07,0.03830862045288086,True,3,None
KCQf?xm]eqUg,0.0,0.02736043930053711,True,2,None
KCQf?xm\\TsZG,2.384185791015625e-07,0.1110224723815918,True,5,None
KCQf?y]^Be\\G,2.384185791015625e-07,0.03328990936279297,True,4,None
KCQf?x]^DU]G,2.384185791015625e-07,0.01759648323059082,True,3,None
KCQf?w}zBeZG,2.384185791015625e-07,0.01442718505859375,True,2,None
KCQf?w}xVoJW,2.384185791015625e-07,0.003383636474609375,True,1,None
KCQf?zbNbwZG,2.384185791015625e-07,0.013225555419921875,True,2,None
KCQf?zbFvoN_,4.76837158203125e-07,0.018965721130371094,True,3,None
KCQf?zRnBqLo,2.384185791015625e-07,0.06405758857727051,True,3,None
KCQf?zRjbqN_,2.384185791015625e-07,0.015305042266845703,True,4,None
KCQf?zRNRw\\O,2.384185791015625e-07,0.029991865158081055,True,5,None
KCQf?yrvBqLo,2.384185791015625e-07,0.0033049583435058594,True,1,None
KCQf?yrVVoLo,2.384185791015625e-07,0.017264842987060547,True,2,None
KCQf?yrVVWNO,2.384185791015625e-07,0.01389765739440918,True,2,None
KCQf?xrmeYN_,2.384185791015625e-07,0.0032732486724853516,True,1,None
KCQf?xrjbwZG,2.384185791015625e-07,0.05300021171569824,True,4,None
KCQf?zJ|BsFg,2.384185791015625e-07,0.012137413024902344,True,2,None
KCQf?zJ]RwUo,2.384185791015625e-07,0.17441105842590332,True,10,None
KCQf?yjtbqN_,2.384185791015625e-07,0.0037381649017333984,True,1,None
KCQf?yj\\RsZ_,2.384185791015625e-07,0.018537044525146484,True,2,None
KCQf?yjTvoN_,2.384185791015625e-07,0.0035147666931152344,True,1,None
KCQf?xjudwMg,2.384185791015625e-07,0.03536486625671387,True,3,None
KCQf?xjubwUg,2.384185791015625e-07,0.014314889907836914,True,2,None
KCQf?xj\\dwZG,4.76837158203125e-07,0.020612001419067383,True,3,None
KCQf?xjtRsV_,2.384185791015625e-07,0.014930009841918945,True,2,None
KCQf?xjNVoYo,2.384185791015625e-07,0.01399993896484375,True,1,None
KCQf?xjkrwZ_,0.0,0.019813060760498047,True,2,None
KCQf?xjevgN_,0.0,0.04954934120178223,True,4,None
KCQf?xjdrw^?,2.384185791015625e-07,0.02151036262512207,True,2,None
KCQf?xjTtw^?,2.384185791015625e-07,0.13698625564575195,True,9,None
KCQf?xjLuw^?,2.384185791015625e-07,0.021560192108154297,True,1,None
KCQf?yZ|BYNO,2.384185791015625e-07,0.014748334884643555,True,3,None
KCQf?yZybwMg,4.76837158203125e-07,0.05032658576965332,True,4,None
KCQf?yZ]VgLo,2.384185791015625e-07,0.012011051177978516,True,2,None
KCQf?yZ\\Rs\\_,2.384185791015625e-07,0.034784555435180664,True,3,None
KCQf?zFmbwNG,2.384185791015625e-07,0.058448076248168945,True,2,None
KCQf?yfubqN_,2.384185791015625e-07,0.10052180290222168,True,8,None
KCQf?yfVRs^?,2.384185791015625e-07,0.012761354446411133,True,3,None
KCQfEo{Ur[Uc,0.0,0.0032110214233398438,True,1,None
KCQfEo{drpLo,2.384185791015625e-07,0.07172322273254395,True,8,None
KCQfEoyTlwLg,2.384185791015625e-07,0.00334930419921875,True,1,None
KCQfEoyRjiV_,0.0,0.12061285972595215,True,7,None
KCQfEpeUlwFg,2.384185791015625e-07,0.003655672073364258,True,1,None
KCQfEpeMmwFg,2.384185791015625e-07,0.08619260787963867,True,8,None
KCQfEpeFnoFg,2.384185791015625e-07,0.034795284271240234,True,5,None
KCQfEouNbXZG,4.76837158203125e-07,0.05846571922302246,True,7,None
KCQfEouJjwZG,2.384185791015625e-07,0.013560771942138672,True,2,None
KCQfEouFnQN_,2.384185791015625e-07,0.058513641357421875,True,4,None
KCQfEomNbhZG,7.152557373046875e-07,0.02166295051574707,True,5,None
KCQfEomUngFg,2.384185791015625e-07,0.01695561408996582,True,2,None
KCQfEomUlwMg,0.0,0.07184886932373047,True,4,None
KCQfEomMmwMg,2.384185791015625e-07,0.003329753875732422,True,1,None
KCQfEo]lRpLo,0.0,0.0031845569610595703,True,1,None
KCQfEo]lRTN_,0.0,0.003149271011352539,True,1,None
KCQfDo{rRsIs,0.0,0.0032491683959960938,True,1,None
KCQfDo{prsJc,0.0,0.016712665557861328,True,2,None
KCQfDpiLiyZ_,2.384185791015625e-07,0.01572871208190918,True,2,None
KCQfDpYXmwFg,4.76837158203125e-07,0.046553850173950195,True,8,None
KCQfDpYTlYN_,0.0,0.06879067420959473,True,4,None
KCQfDpYRjwUg,0.0,0.17360329627990723,True,17,None
KCQfDpYRhy]_,2.384185791015625e-07,0.1596841812133789,True,12,None
KCQfDpeubwBk,2.384185791015625e-07,0.003711223602294922,True,1,None
KCQfDpeuaxFg,2.384185791015625e-07,0.06304526329040527,True,6,None
KCQfDpefaxNG,2.384185791015625e-07,0.04221057891845703,True,4,None
KCQfDpe]IyRo,2.384185791015625e-07,0.02227330207824707,True,2,None
KCQfDpeNMwJW,4.76837158203125e-07,0.0034890174865722656,True,1,None
KCQfDpeMmwJg,2.384185791015625e-07,0.09307217597961426,True,6,None
KCQfDpeFnoJg,7.152557373046875e-07,0.013695240020751953,True,2,None
KCQfDpM{`xJg,2.384185791015625e-07,0.0332334041595459,True,3,None
KCQfDpM[mwFg,2.384185791015625e-07,0.02066659927368164,True,4,None
KCQfDomuRkJc,0.0,0.1385204792022705,True,12,None
KCQfDom\\QxZO,4.76837158203125e-07,0.06057333946228027,True,4,None
KCQfDo]xayNC,2.384185791015625e-07,0.003638029098510742,True,1,None
KCQfDo]uRhLo,0.0,0.0035400390625,True,1,None
KCQfDo]uRLN_,2.384185791015625e-07,0.03602147102355957,True,3,None
KCQfDo]tRXNO,2.384185791015625e-07,0.034241437911987305,True,2,None
KCQfDo]tRTN_,2.384185791015625e-07,0.09141373634338379,True,6,None
KCQfBpsNM[RW,2.384185791015625e-07,0.016994476318359375,True,2,None
KCQfBp[]dMRc,2.384185791015625e-07,0.039403438568115234,True,4,None
KCQfBp[]SlTo,2.384185791015625e-07,0.03171801567077637,True,2,None
KCQfBp[VLeTo,2.384185791015625e-07,0.012761831283569336,True,2,None
KCQfBp[UliTo,2.384185791015625e-07,0.06992602348327637,True,8,None
KCQfBp[TlsTg,0.0,0.0451960563659668,True,2,None
KCQfBp[RlsUg,2.384185791015625e-07,0.003216981887817383,True,1,None
KCQfBp[RlqUo,0.0,0.018612384796142578,True,4,None
KCQfBp[RleV_,0.0,0.003213167190551758,True,1,None
KCQfFG{^EsB[,2.384185791015625e-07,0.10431027412414551,True,12,None
KCQfFG{VLsJW,2.384185791015625e-07,0.10475587844848633,True,5,None
KCQfFG{FjqZO,0.0,0.01953911781311035,True,2,None
KCQfEhkUhuV_,4.76837158203125e-07,0.019140958786010742,True,1,None
KCQfEg{erpLo,0.0,0.03685355186462402,True,2,None
KCQfEg{erXNO,0.0,0.07599854469299316,True,4,None
KCQfEgyyRwBs,2.384185791015625e-07,0.015068531036376953,True,2,None
KCQfDhYZTwJS,2.384185791015625e-07,0.049245357513427734,True,3,None
KCQfDhYJnoJg,4.76837158203125e-07,0.003513336181640625,True,1,None
KCQfDhYFnQN_,2.384185791015625e-07,0.0032787322998046875,True,1,None
KCQfDgyraxNG,0.0,0.07398772239685059,True,9,None
KCQfDgyrRwJS,2.384185791015625e-07,0.015287637710571289,True,2,None
KCQfDgyZUwJS,2.384185791015625e-07,0.12662577629089355,True,12,None
KCQfDgyZQxZO,2.384185791015625e-07,0.01970696449279785,True,1,None
KCQfDhMMiy^?,0.0,0.018522024154663086,True,2,None
KCQfDgm]epJg,2.384185791015625e-07,0.003490447998046875,True,1,None
KCQfDgm]UsJc,0.0,0.11514425277709961,True,6,None
KCQfDgm]QtZ_,2.384185791015625e-07,0.06029963493347168,True,5,None
KCQfDg]ybqJc,2.384185791015625e-07,0.010811090469360352,True,1,None
KCQfDg]ubqLc,2.384185791015625e-07,0.015052080154418945,True,1,None
KCQfDg]yRsJc,2.384185791015625e-07,0.04056739807128906,True,6,None
KCQfDg]rRsNC,2.384185791015625e-07,0.017294883728027344,True,4,None
KCQfEXs]S{FS,2.384185791015625e-07,0.009802103042602539,True,2,None
KCQfEW{TjqVO,2.384185791015625e-07,0.06637907028198242,True,4,None
KCQfDX[VLeNO,2.384185791015625e-07,0.11735749244689941,True,7,None
KCQfDW{tbqJS,2.384185791015625e-07,0.0036499500274658203,True,1,None
KCQfCxwjbiJS,2.384185791015625e-07,0.012619972229003906,True,1,None
KCQfCxwiqxMo,4.76837158203125e-07,0.0034368038177490234,True,1,None
KCQfCxwerhLo,0.0,0.017824172973632812,True,1,None
KCQfCxwerXMo,0.0,0.01352548599243164,True,2,None
KCQfCxszAtFW,2.384185791015625e-07,0.14484786987304688,True,16,None
KCQfCxsrbpFW,2.384185791015625e-07,0.0037848949432373047,True,1,None
KCQfCxsYh{ZG,2.384185791015625e-07,0.015809297561645508,True,1,None
KCQfCxsRjqVO,2.384185791015625e-07,0.07025957107543945,True,4,None
KCQfCw{vBUMS,2.384185791015625e-07,0.03480052947998047,True,2,None
KCQfCw{tRTNO,2.384185791015625e-07,0.022266387939453125,True,5,None
KCQfCw{qrsMc,2.384185791015625e-07,0.016440629959106445,True,2,None
KCQfCw{ZJeZO,0.0,0.05147576332092285,True,5,None
KCQfCxqjRwJS,4.76837158203125e-07,0.017502307891845703,True,2,None
KCQfCxqZH{ZG,2.384185791015625e-07,0.11260294914245605,True,6,None
KCQfCxqMmYN_,2.384185791015625e-07,0.07495999336242676,True,6,None
KCQfCxqRnoFg,0.0,0.1205143928527832,True,5,None
KCQfCxqJjwZG,2.384185791015625e-07,0.12151336669921875,True,4,None
KCQfCxi{ayFc,2.384185791015625e-07,0.02150583267211914,True,1,None
KCQfCxiFngNG,2.384185791015625e-07,0.07024836540222168,True,2,None
KCQfCxYmRhLo,2.384185791015625e-07,0.014849185943603516,True,2,None
KCQfCwyuRhLo,0.0,0.1588451862335205,True,11,None
KCQfCxM|BqFS,2.384185791015625e-07,0.06996941566467285,True,8,None
KCQfCxM|@rNO,4.76837158203125e-07,0.16222023963928223,True,5,None
KCQfAxs]LsPw,2.384185791015625e-07,0.04692840576171875,True,5,None
KCQfAxsfNSFW,2.384185791015625e-07,0.057779788970947266,True,6,None
KCQfAxsfLsLW,9.5367431640625e-07,0.013530969619750977,True,1,None
KCQfAxsYkyVO,2.384185791015625e-07,0.006904125213623047,True,1,None
KCQfAxsFls\\G,2.384185791015625e-07,0.06624245643615723,True,5,None
KCQf@xwJuhZO,2.384185791015625e-07,0.014021158218383789,True,3,None
KCQf@xwki]Z_,0.0,0.01231074333190918,True,2,None
KCQf@xwRmsUg,2.384185791015625e-07,0.03156852722167969,True,2,None
KCQf@xszCuJS,2.384185791015625e-07,0.0445103645324707,True,4,None
KCQf@xsfVSJS,4.76837158203125e-07,0.12340593338012695,True,11,None
KCQf@xsfRTZO,0.0,0.08941316604614258,True,7,None
KCQf@xsRlsZG,2.384185791015625e-07,0.017399311065673828,True,3,None
KCQf@xk^EdRW,4.76837158203125e-07,0.1067039966583252,True,6,None
KCQf@xkFme^?,2.384185791015625e-07,0.02244400978088379,True,3,None
KCQf@x[tVSFS,0.0,0.015410900115966797,True,3,None
KCQf@x[jRdZO,0.0,0.011202096939086914,True,1,None
KCQf@x[fRT]O,2.384185791015625e-07,0.10352420806884766,True,13,None
KCQf@x[NUT]O,2.384185791015625e-07,0.07226800918579102,True,4,None
KCQf@x[wp{ZC,2.384185791015625e-07,0.11336922645568848,True,5,None
KCQf@x[irkZC,2.384185791015625e-07,0.011646747589111328,True,1,None
KCQf@x[plqNO,4.76837158203125e-07,0.029050588607788086,True,2,None
KCQf@x[Rls]G,0.0,0.11301994323730469,True,8,None
KCQf@w{\\eUZC,2.384185791015625e-07,0.017108917236328125,True,3,None
KCQfETw\\H{Rg,2.384185791015625e-07,0.10107302665710449,True,9,None
KCQfES{MrwYc,7.152557373046875e-07,0.08432316780090332,True,6,None
KCQfDTs]I{Rg,2.384185791015625e-07,0.033521175384521484,True,4,None
KCQfBLwNSxZO,2.384185791015625e-07,0.12157654762268066,True,11,None
KCQfBM[mayNC,2.384185791015625e-07,0.16347098350524902,True,10,None
KCQfBM[VTpNO,4.76837158203125e-07,0.132171630859375,True,8,None
KCQfBM[MrwZC,2.384185791015625e-07,0.016197919845581055,True,3,None
KCQfAlwbrpV_,2.384185791015625e-07,0.13411235809326172,True,11,None
KCQf@ngNUwJS,2.384185791015625e-07,0.05460238456726074,True,4,None
KCQf@ngNMwJW,0.0,0.08422541618347168,True,6,None
KCQf@mwuaZN_,2.384185791015625e-07,0.06869292259216309,True,5,None
KCQf@mwZMsJg,2.384185791015625e-07,0.013546466827392578,True,1,None
KCQf@lwNepXg,0.0,0.011101245880126953,True,1,None
KCQf@lwiqxZ_,2.384185791015625e-07,0.012863874435424805,True,1,None
KCQf@lwNMYZO,0.0,0.036403656005859375,True,1,None
KCQf@mk]IyZO,2.384185791015625e-07,0.049245357513427734,True,7,None
KCQf@m[ybpJg,4.76837158203125e-07,0.041749000549316406,True,5,None
KCQf@m[ubXNG,0.0,0.05056166648864746,True,2,None
KCQf@m[ubRN_,2.384185791015625e-07,0.015509843826293945,True,2,None
KCQf@m[ZRsZC,2.384185791015625e-07,0.07375144958496094,True,9,None
KCQf@l[jRsZC,2.384185791015625e-07,0.05188751220703125,True,6,None
KCQf@l[NVSZC,2.384185791015625e-07,0.16080141067504883,True,15,None
KCQf@l[irwZC,2.384185791015625e-07,0.01114201545715332,True,2,None
KCQf@l[YtwZC,2.384185791015625e-07,0.015505075454711914,True,3,None
KCQf@l[Ysx^?,2.384185791015625e-07,0.04493379592895508,True,4,None
KCQf@l[NNSZG,2.384185791015625e-07,0.018445253372192383,True,3,None
KCQf@\\wmUkJc,2.384185791015625e-07,0.1348114013671875,True,5,None
KCQf@\\wMuhZ_,2.384185791015625e-07,0.06653451919555664,True,3,None
KCQf@^SnBpJW,0.0,0.06287813186645508,True,5,None
KCQf@][\\RsZC,0.0,0.0773465633392334,True,8,None
KCQf@][Urp]_,2.384185791015625e-07,0.030196189880371094,True,2,None
KCQf@\\[lRsZC,0.0,0.0345759391784668,True,3,None
KCQf@\\[NV`ZO,2.384185791015625e-07,0.01421499252319336,True,2,None
KCQf@[{{arZ_,2.384185791015625e-07,0.010047435760498047,True,1,None
KCQf@[{suwNC,0.0,0.0009551048278808594,True,1,None
KCQf?|wkrXZ_,0.0,0.048363447189331055,True,5,None
KCQf?|wprpV_,2.384185791015625e-07,0.17508697509765625,True,15,None
KCQf?|whrpZ_,4.76837158203125e-07,0.05078387260437012,True,8,None
KCQf?~cmbpJg,2.384185791015625e-07,0.010545492172241211,True,1,None
KCQf?~cfJsNG,4.76837158203125e-07,0.04686713218688965,True,4,None
KCQf?~SmbpLg,2.384185791015625e-07,0.11066484451293945,True,7,None
KCQebRwxO}Fo,2.384185791015625e-07,0.05633258819580078,True,4,None
KCQebRwRpyUo,2.384185791015625e-07,0.023224592208862305,True,1,None
KCQebRsn@]JW,2.384185791015625e-07,0.012402057647705078,True,1,None
KCQebRs^?}TW,0.0,0.0156862735748291,True,1,None
KCQebRs]c]Fg,0.0,0.09143805503845215,True,5,None
KCQebRsyO}Fo,2.384185791015625e-07,0.07112860679626465,True,4,None
KCQebRsjRsBw,2.384185791015625e-07,0.018984556198120117,True,2,None
KCQebRsjQ{FW,2.384185791015625e-07,0.020331382751464844,True,1,None
KCQebRser[Fg,4.76837158203125e-07,0.014989137649536133,True,1,None
KCQebRsep{Lg,0.0,0.04317522048950195,True,2,None
KCQebRk{O}Fo,2.384185791015625e-07,0.016180038452148438,True,2,None
KCQebRk]SmFo,0.0,0.01463460922241211,True,1,None
KCQebRk]O}Uo,2.384185791015625e-07,0.011203289031982422,True,1,None
KCQebRkVTeFo,2.384185791015625e-07,0.12910842895507812,True,8,None
KCQebR[{P]Fo,2.384185791015625e-07,0.10727524757385254,True,6,None
KCQebR[yPmFo,4.76837158203125e-07,0.07910013198852539,True,4,None
KCQebR[mRMFo,2.384185791015625e-07,0.012403249740600586,True,2,None
KCQebR[]P]Uo,2.384185791015625e-07,0.03212904930114746,True,4,None
KCQebR[xP{FW,0.0,0.05647611618041992,True,4,None
KCQebR[jP{MW,0.0,0.020139694213867188,True,2,None
KCQebR[ZPuUo,4.76837158203125e-07,0.13557958602905273,True,6,None
KCQebR[kpyLo,0.0,0.04186058044433594,True,4,None
KCQebR[YtiFo,2.384185791015625e-07,0.15173625946044922,True,8,None
KCQebR[YpyUo,7.152557373046875e-07,0.01833796501159668,True,1,None
KCQebQ{jRkJW,2.384185791015625e-07,0.06686711311340332,True,8,None
KCQebQ{erkLg,0.0,0.01204824447631836,True,2,None
KCQebQ{brwMW,2.384185791015625e-07,0.030073881149291992,True,5,None
KCQebP{\\T[RW,2.384185791015625e-07,0.028155088424682617,True,3,None
KCQebRiVPyUo,2.384185791015625e-07,0.0503842830657959,True,2,None
KCQebPytT[Fg,2.384185791015625e-07,0.003448486328125,True,1,None
KCQebPyptwFg,2.384185791015625e-07,0.003269672393798828,True,1,None
KCQebPyRtwUg,2.384185791015625e-07,0.09207439422607422,True,7,None
KCQebReepyN_,2.384185791015625e-07,0.02217388153076172,True,3,None
KCQebRUm`yLg,2.384185791015625e-07,0.028365135192871094,True,1,None
KCQebRUyPyFo,2.384185791015625e-07,0.016376733779907227,True,1,None
KCQebRUmP{Lg,2.384185791015625e-07,0.028673171997070312,True,3,None
KCQebRUmP]N_,2.384185791015625e-07,0.015863895416259766,True,2,None
KCQebRUipyN_,0.0,0.011328935623168945,True,1,None
KCQebQufbqLg,2.384185791015625e-07,0.10938644409179688,True,10,None
KCQebPuirwRg,0.0,0.013278722763061523,True,2,None
KCQebRM]PyUo,0.0,0.016661405563354492,True,3,None
KCQebRM\\P{VG,2.384185791015625e-07,0.023849964141845703,True,1,None
KCQebRMkrwFg,2.384185791015625e-07,0.014138936996459961,True,1,None
KCQebQmkrwJg,2.384185791015625e-07,0.011167049407958984,True,2,None
KCQebQ]{`yLg,2.384185791015625e-07,0.10597372055053711,True,9,None
KCQebRpj`yJo,2.384185791015625e-07,0.015117406845092773,True,3,None
KCQebRpf`{Lg,2.384185791015625e-07,0.023813486099243164,True,5,None
KCQebRpf`yLo,0.0,0.014184236526489258,True,1,None
KCQebRpf`]N_,2.384185791015625e-07,0.14374327659606934,True,11,None
KCQebRh^?}Uo,2.384185791015625e-07,0.06548953056335449,True,2,None
KCQebRhVP{Uo,2.384185791015625e-07,0.07774090766906738,True,6,None
KCQebRhTtwFo,2.384185791015625e-07,0.15560245513916016,True,6,None
KCQebRXZ`{Ug,4.76837158203125e-07,0.16235947608947754,True,12,None
KCQebRXZ`mV_,2.384185791015625e-07,0.031084060668945312,True,4,None
KCQebQx\\S{Lo,2.384185791015625e-07,0.20690369606018066,True,31,None
KCQebQxrRkFo,2.384185791015625e-07,0.016460895538330078,True,2,None
KCQebQxVR[Uo,2.384185791015625e-07,0.16164326667785645,True,6,None
KCQebQxTtwLo,2.384185791015625e-07,0.01707005500793457,True,1,None
KCQebQxLrwXo,2.384185791015625e-07,0.1623516082763672,True,5,None
KCQebQxRrwUo,2.384185791015625e-07,0.05677056312561035,True,2,None
KCQebQxJrkZ_,2.384185791015625e-07,0.05462312698364258,True,4,None
KCQebRdnA{FW,2.384185791015625e-07,0.013513326644897461,True,1,None
KCQebRdn@{JW,2.384185791015625e-07,0.07805156707763672,True,3,None
KCQebRTz@{FW,0.0,0.06171560287475586,True,4,None
KCQebRTmbwDw,0.0,0.013496875762939453,True,1,None
KCQebRTm`{Lg,2.384185791015625e-07,0.014759302139282227,True,1,None
KCQebQtzA{FW,2.384185791015625e-07,0.0033135414123535156,True,1,None
KCQebQtz@{JW,0.0,0.013420581817626953,True,3,None
KCQebQtz?}NO,2.384185791015625e-07,0.15234017372131348,True,9,None
KCQebQtnB[JW,2.384185791015625e-07,0.018626689910888672,True,2,None
KCQebQty`yJo,2.384185791015625e-07,0.0167081356048584,True,2,None
KCQebQtfbUN_,2.384185791015625e-07,0.06295919418334961,True,6,None
KCQebQter[N_,2.384185791015625e-07,0.06332898139953613,True,5,None
KCQebQtbrsN_,2.384185791015625e-07,0.021947622299194336,True,3,None
KCQebRL^@uUo,0.0,0.024747133255004883,True,5,None
KCQebRRn@{Lg,0.0,0.012566804885864258,True,2,None
KCQe`rwNbYWw,2.384185791015625e-07,0.020022869110107422,True,4,None
KCQe`rsVdULg,2.384185791015625e-07,0.016742944717407227,True,4,None
KCQe`rsqr[Fg,2.384185791015625e-07,0.011186838150024414,True,1,None
KCQe`rserYLo,4.76837158203125e-07,0.013414144515991211,True,1,None
KCQe`rk}?}Kw,2.384185791015625e-07,0.04455399513244629,True,3,None
KCQe`rkzAmFW,2.384185791015625e-07,0.12242388725280762,True,14,None
KCQe`rk{ayDw,2.384185791015625e-07,0.04252982139587402,True,6,None
KCQe`rky_}Mg,0.0,0.04586911201477051,True,3,None
KCQe`rkrbiFW,4.76837158203125e-07,0.013329267501831055,True,1,None
KCQe`r[nBUKw,0.0,0.015429496765136719,True,3,None
KCQe`r[mbYKw,4.76837158203125e-07,0.03910112380981445,True,4,None
KCQe`r[mRMLo,2.384185791015625e-07,0.014818668365478516,True,2,None
KCQe`r[krYLo,2.384185791015625e-07,0.12233829498291016,True,9,None
KCQe`q{}BMHw,4.76837158203125e-07,0.07082104682922363,True,8,None
KCQe`q{srYLo,2.384185791015625e-07,0.11442828178405762,True,8,None
KCQe`rqFvWLg,2.384185791015625e-07,0.012649774551391602,True,2,None
KCQe`riLrYZ_,2.384185791015625e-07,0.039406538009643555,True,5,None
KCQe`rezAyFW,2.384185791015625e-07,0.11887693405151367,True,5,None
KCQe`renAyLW,2.384185791015625e-07,0.01232004165649414,True,2,None
KCQe`rUirYN_,0.0,0.07825088500976562,True,5,None
KCQe`rprb[Fg,2.384185791015625e-07,0.018389463424682617,True,1,None
KCQe`rpr`{Lg,2.384185791015625e-07,0.044164419174194336,True,4,None
KCQe`rpFvWLo,2.384185791015625e-07,0.06056809425354004,True,4,None
KCQe`rhz@{Iw,2.384185791015625e-07,0.003307342529296875,True,1,None
KCQe`rhtb[Fg,2.384185791015625e-07,0.013520240783691406,True,3,None
KCQe`rht`]N_,2.384185791015625e-07,0.003232717514038086,True,1,None
KCQe`rhr`yMo,2.384185791015625e-07,0.0979466438293457,True,6,None
KCQe`rhjbwIw,2.384185791015625e-07,0.058418989181518555,True,6,None
KCQe`rhjayMo,2.384185791015625e-07,0.017406940460205078,True,1,None
KCQe`rhfbYMo,2.384185791015625e-07,0.06075429916381836,True,6,None
KCQe`rhZQ{Uo,4.76837158203125e-07,0.07904434204101562,True,10,None
KCQe`rhVR[Uo,0.0,0.05928230285644531,True,4,None
KCQe`rhpp{N_,0.0,0.04037284851074219,True,5,None
KCQe`rhJuwMo,2.384185791015625e-07,0.07551145553588867,True,4,None
KCQe`rhFvWMo,2.384185791015625e-07,0.031317710876464844,True,2,None
KCQe`rXLvWLo,2.384185791015625e-07,0.02676987648010254,True,3,None
KCQe`qxrRkLo,2.384185791015625e-07,0.006753206253051758,True,2,None
KCQe`qxprwLo,4.76837158203125e-07,0.059541940689086914,True,7,None
KCQe`qxRvKN_,2.384185791015625e-07,0.027743816375732422,True,3,None
KCQe`pxxS{Lo,2.384185791015625e-07,0.14579153060913086,True,17,None
KCQe`pxrVKFo,2.384185791015625e-07,0.07123160362243652,True,2,None
KCQe`pxrR[Uo,0.0,0.000986337661743164,True,1,None
KCQe`rdzBsBw,2.384185791015625e-07,0.018814563751220703,True,6,None
KCQe`rdzA{FW,2.384185791015625e-07,0.034931182861328125,True,4,None
KCQe`rdz@{JW,2.384185791015625e-07,0.04105710983276367,True,2,None
KCQe`rdma]N_,2.384185791015625e-07,0.014697551727294922,True,2,None
KCQe`rdjbwJW,2.384185791015625e-07,0.05382204055786133,True,5,None
KCQe`rT]d[Lg,2.384185791015625e-07,0.04960131645202637,True,2,None
KCQe`qtzB[JW,2.384185791015625e-07,0.013370752334594727,True,2,None
KCQe`pt}E[Dw,0.0,0.024866104125976562,True,3,None
KCQe`rLjbqMo,2.384185791015625e-07,0.016626596450805664,True,2,None
KCQe`rL\\TsLo,4.76837158203125e-07,0.04217386245727539,True,7,None
KCQe`ql|B[JW,0.0,0.01108407974243164,True,1,None
KCQe`qlzBkJW,0.0,0.010389089584350586,True,1,None
KCQe`qlxbwJW,0.0,0.023926973342895508,True,2,None
KCQe`qluR[Mo,2.384185791015625e-07,0.013020753860473633,True,1,None
KCQe`ql\\VSJo,0.0,0.039563655853271484,True,2,None
KCQe`qlZRkZO,2.384185791015625e-07,0.07992839813232422,True,7,None
KCQe`qlqrkN_,2.384185791015625e-07,0.016404390335083008,True,3,None
KCQe`qlprsN_,2.384185791015625e-07,0.06440925598144531,True,5,None
KCQe`qlXrwZO,0.0,0.16715216636657715,True,13,None
KCQe`pluR[Uo,2.384185791015625e-07,0.04571890830993652,True,2,None
KCQe`pllR[ZO,4.76837158203125e-07,0.057097434997558594,True,4,None
KCQe`pl\\VSRo,2.384185791015625e-07,0.04511451721191406,True,7,None
KCQe`pl\\U[VO,2.384185791015625e-07,0.1420423984527588,True,15,None
KCQe`pl\\T[ZO,4.76837158203125e-07,0.047113656997680664,True,3,None
KCQe`plrRsUo,2.384185791015625e-07,0.15120863914489746,True,11,None
KCQe`q\\ybYMo,2.384185791015625e-07,0.020114898681640625,True,4,None
KCQe`q\\wrwLo,0.0,0.04177737236022949,True,4,None
KCQe`q\\[vWLo,0.0,0.03807520866394043,True,6,None
KCQe`rbjayN_,2.384185791015625e-07,0.017571210861206055,True,2,None
KCQe`rbVTwLo,2.384185791015625e-07,0.016913175582885742,True,1,None
KCQe`qrrbYN_,2.384185791015625e-07,0.13517260551452637,True,9,None
KCQe`rJZbwUg,2.384185791015625e-07,0.055959224700927734,True,3,None
KCQe`rJZRwUo,2.384185791015625e-07,0.13590168952941895,True,7,None
KCQefO{spxLo,2.384185791015625e-07,0.06560969352722168,True,6,None
KCQefPiVLiFo,4.76837158203125e-07,0.003559112548828125,True,1,None
KCQefPemayFc,2.384185791015625e-07,0.07329630851745605,True,3,None
KCQefPef`xNG,4.76837158203125e-07,0.07769298553466797,True,9,None
KCQeepsmR[Ds,4.76837158203125e-07,0.003451824188232422,True,1,None
KCQeepqj`yLc,0.0,0.003358602523803711,True,1,None
KCQeepqj`xLg,2.384185791015625e-07,0.0032906532287597656,True,1,None
KCQeepiZPxUo,0.0,0.16652965545654297,True,17,None
KCQeepem`yLc,2.384185791015625e-07,0.017988204956054688,True,2,None
KCQeeom{bYFc,2.384185791015625e-07,0.003695249557495117,True,1,None
KCQeeom{`yLc,2.384185791015625e-07,0.015405416488647461,True,1,None
KCQeeommbiLc,2.384185791015625e-07,0.04949593544006348,True,5,None
KCQeeommbYMc,2.384185791015625e-07,0.14665555953979492,True,9,None
KCQeeomlbqLc,2.384185791015625e-07,0.01679825782775879,True,2,None
KCQeeom{P\\N_,2.384185791015625e-07,0.016504287719726562,True,3,None
KCQeeommRkLc,2.384185791015625e-07,0.1266942024230957,True,10,None
KCQeeommRLN_,2.384185791015625e-07,0.03749251365661621,True,4,None
KCQebo{VVKTS,2.384185791015625e-07,0.012809276580810547,True,1,None
KCQebo{Yu[Uc,2.384185791015625e-07,0.03631997108459473,True,2,None
KCQeeW{wpxNO,2.384185791015625e-07,0.034915924072265625,True,3,None
KCQeeXqm`xLg,2.384185791015625e-07,0.00356292724609375,True,1,None
KCQeeXq]dXFg,2.384185791015625e-07,0.003415346145629883,True,1,None
KCQeeXqj`xNG,2.384185791015625e-07,0.11845731735229492,True,10,None
KCQeeXembqFc,2.384185791015625e-07,0.013463258743286133,True,1,None
KCQebXwZStUo,2.384185791015625e-07,0.20130062103271484,True,32,None
KCQebXwYliRo,2.384185791015625e-07,0.03849220275878906,True,4,None
KCQebXwYkyUo,2.384185791015625e-07,0.013591766357421875,True,2,None
KCQebXwUlYUo,2.384185791015625e-07,0.1783127784729004,True,14,None
KCQebXwTl[VG,2.384185791015625e-07,0.04288434982299805,True,7,None
KCQebXsNVSRS,2.384185791015625e-07,0.1555471420288086,True,10,None
KCQebXsJtpZO,2.384185791015625e-07,0.08776402473449707,True,7,None
KCQebXsjIuVO,2.384185791015625e-07,0.05163216590881348,True,2,None
KCQebXsNNSRW,4.76837158203125e-07,0.012186765670776367,True,1,None
KCQefDk]dwBk,4.76837158203125e-07,0.0034379959106445312,True,1,None
KCQefD[ZHuV_,4.76837158203125e-07,0.015320777893066406,True,1,None
KCQefC{rbwFK,2.384185791015625e-07,0.013529300689697266,True,1,None
KCQefC{r`yNC,0.0,0.020247936248779297,True,2,None
KCQefC{r`xNG,2.384185791015625e-07,0.019805908203125,True,3,None
KCQefC{irwJc,2.384185791015625e-07,0.12478137016296387,True,13,None
KCQefC{MvWJc,4.76837158203125e-07,0.18285441398620605,True,9,None
KCQefC{MrwXc,2.384185791015625e-07,0.08083271980285645,True,3,None
KCQefC{MrXZ_,4.76837158203125e-07,0.0939326286315918,True,7,None
KCQefC{brwNC,2.384185791015625e-07,0.053256988525390625,True,4,None
KCQeedkm`yLc,4.76837158203125e-07,0.003421783447265625,True,1,None
KCQeedkYpxV_,0.0,0.003358125686645508,True,1,None
KCQeedkMtwLc,0.0,0.11237883567810059,True,11,None
KCQeec{irXN_,2.384185791015625e-07,0.17621302604675293,True,16,None
KCQeec{MrX\\_,2.384185791015625e-07,0.10419702529907227,True,10,None
KCQeddkfbqLc,7.152557373046875e-07,0.016478300094604492,True,1,None
KCQeddkmQ{Lc,2.384185791015625e-07,0.09806060791015625,True,10,None
KCQeddkerwLc,2.384185791015625e-07,0.24474740028381348,True,50,None
KCQedc{uRXLo,2.384185791015625e-07,0.07375764846801758,True,11,None
KCQeeTwZPxUo,2.384185791015625e-07,0.08242440223693848,True,5,None
KCQeeTwZLiFo,2.384185791015625e-07,0.029870271682739258,True,3,None
KCQeeTk]PxUo,2.384185791015625e-07,0.01629018783569336,True,2,None
KCQeeS{xbwFK,2.384185791015625e-07,0.014421224594116211,True,1,None
KCQeeS{x`yNC,2.384185791015625e-07,0.059355974197387695,True,9,None
KCQeeS{hrwNC,0.0,0.03303408622741699,True,1,None
KCQeeLwm`xLg,2.384185791015625e-07,0.07463741302490234,True,6,None
KCQeeLwjbwFK,0.0,0.021965742111206055,True,2,None
KCQeeLwmRwDs,2.384185791015625e-07,0.003359556198120117,True,1,None
KCQeeLwirwFc,2.384185791015625e-07,0.0366206169128418,True,3,None
KCQeeLkmbpFg,2.384185791015625e-07,0.0246126651763916,True,1,None
KCQeeLkmRwFS,4.76837158203125e-07,0.04688286781311035,True,4,None
KCQeeLk]P{VC,7.152557373046875e-07,0.10208249092102051,True,7,None
KCQdbbwVR[Pw,4.76837158203125e-07,0.016807079315185547,True,1,None
KCQdbbkv@uHw,0.0,0.01265573501586914,True,1,None
KCQdbbkjayJW,2.384185791015625e-07,0.13367438316345215,True,8,None
KCQdbbkZcyJW,2.384185791015625e-07,0.06776762008666992,True,4,None
KCQdbbkZayRW,2.384185791015625e-07,0.013677597045898438,True,3,None
KCQdbbkfbYJW,2.384185791015625e-07,0.003483295440673828,True,1,None
KCQdbbkNeYJW,2.384185791015625e-07,0.043837547302246094,True,3,None
KCQdbbkJuwJW,2.384185791015625e-07,0.030723094940185547,True,2,None
KCQdbb[vBUDw,2.384185791015625e-07,0.1100926399230957,True,5,None
KCQdbb[r`yLW,2.384185791015625e-07,0.014310836791992188,True,2,None
KCQdbb[uR[Dw,0.0,0.03666329383850098,True,2,None
KCQdba{ubYHw,2.384185791015625e-07,0.08530473709106445,True,4,None
KCQdba{rbYJW,2.384185791015625e-07,0.11984062194824219,True,6,None
KCQdba{ZUUJo,4.76837158203125e-07,0.011298179626464844,True,1,None
KCQdbbYrbYFg,2.384185791015625e-07,0.012702465057373047,True,3,None
KCQdbbMyayFg,2.384185791015625e-07,0.035422563552856445,True,2,None
KCQdbbMrbqFg,2.384185791015625e-07,0.10877370834350586,True,13,None
KCQdbbMZ`yZG,2.384185791015625e-07,0.04978799819946289,True,3,None
KCQdbbMVdYNG,4.76837158203125e-07,0.03403162956237793,True,5,None
KCQdbbMV`y\\G,2.384185791015625e-07,0.03641080856323242,True,2,None
KCQdbamZayZG,2.384185791015625e-07,0.07685685157775879,True,10,None
KCQdbamZUwJW,0.0,0.017180919647216797,True,1,None
KCQdb`mu`yXg,2.384185791015625e-07,0.015305519104003906,True,3,None
KCQdb`]y`yXg,0.0,0.012074947357177734,True,2,None
KCQdbaxvA]Lo,0.0,0.029306888580322266,True,3,None
KCQdb`xVd[Xg,2.384185791015625e-07,0.03218579292297363,True,2,None
KCQdbbLjbwJW,2.384185791015625e-07,0.003258228302001953,True,1,None
KCQdbalrbsJg,2.384185791015625e-07,0.13434123992919922,True,6,None
KCQdbalYq{Z_,2.384185791015625e-07,0.01076507568359375,True,1,None
KCQdb`lZcyZO,2.384185791015625e-07,0.03945755958557129,True,5,None
KCQdb`lJuwZO,2.384185791015625e-07,0.0322728157043457,True,3,None
KCQdba\\ZVSJo,2.384185791015625e-07,0.13682293891906738,True,6,None
KCQdb`\\jUsLo,2.384185791015625e-07,0.013253450393676758,True,1,None
KCQdb`\\JvWZO,2.384185791015625e-07,0.07494735717773438,True,6,None
KCQdb_|vEULo,2.384185791015625e-07,0.15290570259094238,True,15,None
KCQdb_|VeU\\_,4.76837158203125e-07,0.02012157440185547,True,2,None
KCQdbajrayN_,2.384185791015625e-07,0.1983199119567871,True,16,None
KCQdbaZZbYZ_,2.384185791015625e-07,0.01779627799987793,True,2,None
KCQdbaNyayN_,0.0,0.06092190742492676,True,2,None
KCQdbaNVbq\\_,2.384185791015625e-07,0.02933216094970703,True,3,None
KCQdbaNZVoJo,4.76837158203125e-07,0.06302738189697266,True,6,None
KCQdb`NudYN_,2.384185791015625e-07,0.07513713836669922,True,4,None
KCQdb`NZcy^?,2.384185791015625e-07,0.018262386322021484,True,3,None
KCQdb`N]UwTo,2.384185791015625e-07,0.012957572937011719,True,1,None
KCQdb`NNUs\\_,2.384185791015625e-07,0.013818740844726562,True,3,None
KCQdb`NNU[^?,4.76837158203125e-07,0.0747683048248291,True,5,None
KCQdbRwZamRg,2.384185791015625e-07,0.03472423553466797,True,4,None
KCQdbRwXq{Rg,2.384185791015625e-07,0.013503551483154297,True,2,None
KCQdbRsv@]JW,2.384185791015625e-07,0.03668856620788574,True,3,None
KCQdbRs^?}XW,2.384185791015625e-07,0.012270927429199219,True,2,None
KCQdbRsNeYJW,0.0,0.06781196594238281,True,6,None
KCQdbRsfRUJo,2.384185791015625e-07,0.12912392616271973,True,14,None
KCQdbRsbrwJW,7.152557373046875e-07,0.0469515323638916,True,3,None
KCQdbRsbrqJo,2.384185791015625e-07,0.07521462440490723,True,9,None
KCQdbRk^AmRW,2.384185791015625e-07,0.021340370178222656,True,3,None
KCQdbR[x`yJW,2.384185791015625e-07,0.15134692192077637,True,15,None
KCQdbRe^?}ZG,4.76837158203125e-07,0.1290731430053711,True,5,None
KCQdbReNQ{ZG,2.384185791015625e-07,0.0155792236328125,True,3,None
KCQdbRUz@yJW,2.384185791015625e-07,0.045578956604003906,True,4,None
KCQdbRUu`yLg,2.384185791015625e-07,0.11297011375427246,True,9,None
KCQdbRUfbqLg,9.5367431640625e-07,0.14290308952331543,True,14,None
KCQdbRUNfQJg,2.384185791015625e-07,0.03670191764831543,True,5,None
KCQdbRUuP]N_,2.384185791015625e-07,0.024425029754638672,True,4,None
KCQdbRUerwLg,2.384185791015625e-07,0.17501401901245117,True,13,None
KCQdbPu}?}Xg,2.384185791015625e-07,0.18812227249145508,True,24,None
KCQdbPuycyJg,0.0,0.08126044273376465,True,4,None
KCQdbPureqFg,2.384185791015625e-07,0.03936433792114258,True,7,None
KCQdbPuVeqTg,2.384185791015625e-07,0.04905200004577637,True,3,None
KCQdbP]ybiRg,2.384185791015625e-07,0.014815330505371094,True,6,None
KCQdbRpfa]N_,2.384185791015625e-07,0.06316161155700684,True,5,None
KCQdbRpJq{Z_,2.384185791015625e-07,0.015181303024291992,True,1,None
KCQdbRhdq{N_,2.384185791015625e-07,0.02085733413696289,True,2,None
KCQdbRXhrwJo,2.384185791015625e-07,0.012269020080566406,True,3,None
KCQdbRXLu[N_,2.384185791015625e-07,0.013063907623291016,True,2,None
KCQdbRd^?}ZO,2.384185791015625e-07,0.011832237243652344,True,2,None
KCQdbRdNewJW,2.384185791015625e-07,0.014108896255493164,True,1,None
KCQdbRdMuwJo,2.384185791015625e-07,0.08161258697509766,True,6,None
KCQdbRTu`{Lg,2.384185791015625e-07,0.02850031852722168,True,3,None
KCQdbRTu`]N_,4.76837158203125e-07,0.04709625244140625,True,4,None
KCQdbRTfbUN_,2.384185791015625e-07,0.14556527137756348,True,12,None
KCQdbQtvB[JW,4.76837158203125e-07,0.0412142276763916,True,4,None
KCQdbQtua{Lg,2.384185791015625e-07,0.09280657768249512,True,15,None
KCQdbQtrbwJW,2.384185791015625e-07,0.014518499374389648,True,3,None
KCQdbQt]U[Jo,2.384185791015625e-07,0.14932012557983398,True,17,None
KCQdbQtYuwJo,2.384185791015625e-07,0.07961297035217285,True,5,None
KCQdbRbNQ{Z_,2.384185791015625e-07,0.012674093246459961,True,2,None
KCQdbRRNRwXo,0.0,0.01334381103515625,True,1,None
KCQdbQrvA{Lg,0.0,0.0417628288269043,True,2,None
KCQdbPjduwN_,2.384185791015625e-07,0.022083282470703125,True,4,None
KCQdbRFu`yN_,2.384185791015625e-07,0.03578066825866699,True,6,None
KCQdbRFNQ{^?,2.384185791015625e-07,0.010378360748291016,True,2,None
KCQdbQfvBwJW,2.384185791015625e-07,0.038152456283569336,True,6,None
KCQdbQVzBwJW,2.384185791015625e-07,0.1294231414794922,True,7,None
KCQdbQVrbqN_,2.384185791015625e-07,0.1393280029296875,True,11,None
KCQdbQVZfoJg,2.384185791015625e-07,0.04729413986206055,True,2,None
KCQdbPVybwRg,4.76837158203125e-07,0.01755523681640625,True,2,None
KCQdbPVmewLg,0.0,0.015204668045043945,True,2,None
KCQdbPVmeYN_,2.384185791015625e-07,0.0010728836059570312,True,1,None
KCQdbPVffoLg,2.384185791015625e-07,0.014328956604003906,True,3,None
KCQdbPVNfWZG,2.384185791015625e-07,0.0971367359161377,True,9,None
KCQdbPVmRwXo,2.384185791015625e-07,0.04197955131530762,True,3,None
KCQdbPVmR[Z_,2.384185791015625e-07,0.09406685829162598,True,5,None
KCQdars}@]Hw,2.384185791015625e-07,0.003475666046142578,True,1,None
KCQdarszBUBw,0.0,0.0314631462097168,True,6,None
KCQdars^A]TW,2.384185791015625e-07,0.02532052993774414,True,3,None
KCQdarkzAmFW,4.76837158203125e-07,0.014534235000610352,True,2,None
KCQdarkz@mJW,2.384185791015625e-07,0.1471385955810547,True,12,None
KCQdap{^EUSw,0.0,0.06164908409118652,True,5,None
KCQdarq^DYHw,2.384185791015625e-07,0.08194637298583984,True,7,None
KCQdarqFrY\\_,2.384185791015625e-07,0.055815935134887695,True,6,None
KCQdariTvWFg,4.76837158203125e-07,0.05094552040100098,True,4,None
KCQdare}AyDw,0.0,0.0032486915588378906,True,1,None
KCQdaremR[Jg,2.384185791015625e-07,0.03202366828918457,True,1,None
KCQdareqpyN_,2.384185791015625e-07,0.0363011360168457,True,3,None
KCQdarhvB[Ew,2.384185791015625e-07,0.0033636093139648438,True,1,None
KCQdarhTt[N_,2.384185791015625e-07,0.060410261154174805,True,6,None
KCQdardvBsDw,2.384185791015625e-07,0.0409700870513916,True,7,None
KCQdardu`]N_,2.384185791015625e-07,0.012738466262817383,True,2,None
KCQdardjbwJW,2.384185791015625e-07,0.06568264961242676,True,6,None
KCQdardNRsXo,2.384185791015625e-07,0.032552480697631836,True,2,None
KCQdardirwJo,2.384185791015625e-07,0.01556539535522461,True,3,None
KCQdarTNR[\\O,2.384185791015625e-07,0.04474282264709473,True,6,None
KCQdarTir[N_,2.384185791015625e-07,0.0031807422637939453,True,1,None
KCQdarTMvWLo,0.0,0.0031180381774902344,True,1,None
KCQdaqtzB[JW,2.384185791015625e-07,0.003152132034301758,True,1,None
KCQdaptNVSXo,2.384185791015625e-07,0.014555931091308594,True,1,None
KCQdarLlRsLo,0.0,0.032729148864746094,True,4,None
KCQdarL[t[N_,2.384185791015625e-07,0.03462481498718262,True,2,None
KCQdarbnAyLo,2.384185791015625e-07,0.003179788589477539,True,1,None
KCQdarRjbYN_,0.0,0.10593223571777344,True,7,None
KCQdarRNVWLo,0.0,0.0033347606658935547,True,1,None
KCQdaqf}AyLo,2.384185791015625e-07,0.016801118850708008,True,1,None
KCQdaqfzBwJW,2.384185791015625e-07,0.016627073287963867,True,2,None
KCQdbJwz?}JW,2.384185791015625e-07,0.003305673599243164,True,1,None
KCQdbJwyQ{Bw,2.384185791015625e-07,0.023193359375,True,6,None
KCQdbJ[qp{NG,2.384185791015625e-07,0.0033767223358154297,True,1,None
KCQdbI{qrqJo,2.384185791015625e-07,0.04493594169616699,True,5,None
KCQdbJiNQuZ_,2.384185791015625e-07,0.050820350646972656,True,4,None
KCQdbJYerwLg,2.384185791015625e-07,0.016960859298706055,True,3,None
KCQdbIyzAyJW,0.0,0.15685129165649414,True,9,None
KCQdbIyyayJg,2.384185791015625e-07,0.08402299880981445,True,2,None
KCQdbJhu`{Jg,2.384185791015625e-07,0.018988609313964844,True,2,None
KCQdbJh]S{Jo,2.384185791015625e-07,0.0034036636352539062,True,1,None
KCQdbJhMuwJo,2.384185791015625e-07,0.003386259078979492,True,1,None
KCQdbJXz@uJo,4.76837158203125e-07,0.06401610374450684,True,8,None
KCQdbJXu`{Lg,2.384185791015625e-07,0.1463313102722168,True,8,None
KCQdbJXma{Lg,2.384185791015625e-07,0.013699769973754883,True,2,None
KCQdbJXfbsLg,2.384185791015625e-07,0.006770133972167969,True,2,None
KCQdbJXMu[N_,0.0,0.003541707992553711,True,1,None
KCQdbIxubwHw,0.0,0.0035431385040283203,True,1,None
KCQdbIxua{Lg,2.384185791015625e-07,0.0035219192504882812,True,1,None
KCQdbIx]U[Jo,0.0,0.14906716346740723,True,8,None
KCQdbHxZcyZO,2.384185791015625e-07,0.08531808853149414,True,9,None
KCQdbI\\ybqJo,4.76837158203125e-07,0.05023694038391113,True,5,None
KCQdbI\\ubwLW,2.384185791015625e-07,0.05801200866699219,True,6,None
KCQdbI\\ubsLg,4.76837158203125e-07,0.0033822059631347656,True,1,None
KCQdbG|^EsXW,2.384185791015625e-07,0.13531017303466797,True,10,None
KCQdbIZvBsLg,2.384185791015625e-07,0.01959061622619629,True,2,None
KCQdbIZvB[NG,2.384185791015625e-07,0.011798620223999023,True,1,None
KCQd`jwrbYJW,2.384185791015625e-07,0.017695903778076172,True,1,None
KCQd`jwZQ{XW,0.0,0.03856682777404785,True,2,None
KCQd`jkuayLW,0.0,0.03418278694152832,True,5,None
KCQddhwrR[JS,2.384185791015625e-07,0.11263799667358398,True,6,None
KCQddhwZU[JS,2.384185791015625e-07,0.0036351680755615234,True,1,None
KCQddhiuayLc,2.384185791015625e-07,0.08843183517456055,True,7,None
KCQddhiuQ{Lc,2.384185791015625e-07,0.07838678359985352,True,3,None
KCQdbhwejYXo,2.384185791015625e-07,0.014496564865112305,True,3,None
KCQdbhwJmYZO,2.384185791015625e-07,0.038303375244140625,True,4,None
KCQdbXwdvWJS,2.384185791015625e-07,0.10106134414672852,True,8,None
KCQdbXszAuRS,2.384185791015625e-07,0.09585762023925781,True,6,None
KCQdbXsiiuZ_,2.384185791015625e-07,0.01396489143371582,True,2,None
KCQdbXk{UsBs,2.384185791015625e-07,0.01134943962097168,True,3,None
KCQdfDwr`xJg,0.0,0.08857846260070801,True,9,None
KCQdfDkfRpJo,2.384185791015625e-07,0.13537907600402832,True,9,None
KCQdfD[qrwFc,2.384185791015625e-07,0.0037317276000976562,True,1,None
KCQdfD[brwNC,0.0,0.17769861221313477,True,13,None
KCQdddkuayLc,2.384185791015625e-07,0.08922052383422852,True,5,None
KCQdddkrbpJg,2.384185791015625e-07,0.01084446907043457,True,2,None
KCQdddkYqxZ_,4.76837158203125e-07,0.0179443359375,True,4,None
KCQdeTsmaxLg,4.76837158203125e-07,0.06074833869934082,True,2,None
KCQddLwuaxLg,2.384185791015625e-07,0.14521312713623047,True,15,None
KCQddLwrRwJS,2.384185791015625e-07,0.017639875411987305,True,1,None
KCQddLwZUwJS,2.384185791015625e-07,0.10569906234741211,True,6,None
KCQddLwqrwJc,4.76837158203125e-07,0.06359982490539551,True,6,None
KCQddLkuRpJo,2.384185791015625e-07,0.13445138931274414,True,11,None
KCQb`rw^EMPw,2.384185791015625e-07,0.01682758331298828,True,1,None
KCQb`rwZeMRg,2.384185791015625e-07,0.014641046524047852,True,1,None
KCQb`rwVfIPw,2.384185791015625e-07,0.0036661624908447266,True,1,None
KCQb`rwTvWPw,4.76837158203125e-07,0.003556966781616211,True,1,None
KCQb`rszC]JW,4.76837158203125e-07,0.010640382766723633,True,1,None
KCQb`rsnEUHw,2.384185791015625e-07,0.020006418228149414,True,3,None
KCQb`rsjeYJW,2.384185791015625e-07,0.055993080139160156,True,7,None
KCQb`rsyQ]Ro,2.384185791015625e-07,0.11512255668640137,True,5,None
KCQb`rsjU[JW,2.384185791015625e-07,0.03563523292541504,True,2,None
KCQb`rkzCmJW,2.384185791015625e-07,0.01477193832397461,True,2,None
KCQb`rkyamRg,2.384185791015625e-07,0.09223794937133789,True,7,None
KCQb`rk]eiPw,2.384185791015625e-07,0.017142057418823242,True,1,None
KCQb`rkx_}ZG,2.384185791015625e-07,0.024875164031982422,True,2,None
KCQb`rkhuwJW,0.0,0.011001348495483398,True,1,None
KCQb`rkhq{ZG,2.384185791015625e-07,0.01868748664855957,True,2,None
KCQb`rqVVWPw,0.0,0.017058610916137695,True,3,None
KCQb`ritayTg,2.384185791015625e-07,0.11675906181335449,True,6,None
KCQb`riVfIRg,2.384185791015625e-07,0.01324605941772461,True,1,None
KCQb`riLuwXg,2.384185791015625e-07,0.0355534553527832,True,6,None
KCQb`rYjbiXg,2.384185791015625e-07,0.014582395553588867,True,2,None
KCQb`rYZfIRg,0.0,0.0033943653106689453,True,1,None
KCQb`qyxU[Jg,2.384185791015625e-07,0.014441967010498047,True,1,None
KCQb`qyxQ]Z_,0.0,0.03402447700500488,True,3,None
KCQb`qy\\U[Xg,2.384185791015625e-07,0.04711723327636719,True,5,None
KCQb`quzEYJW,2.384185791015625e-07,0.07299518585205078,True,4,None
KCQb`qr^E[Xg,2.384185791015625e-07,0.010064840316772461,True,1,None
KCQbf_{vC]LS,2.384185791015625e-07,0.01667308807373047,True,2,None
KCQbf_{uQ\\To,0.0,0.012823820114135742,True,3,None
KCQbf_{uP\\Xo,2.384185791015625e-07,0.04211091995239258,True,5,None
KCQbf_{FnSXg,4.76837158203125e-07,0.04274296760559082,True,3,None
KCQbfQwXuwBs,2.384185791015625e-07,0.032448768615722656,True,4,None
KCQbfQwXsxJo,2.384185791015625e-07,0.0654597282409668,True,5,None
KCQbfQwJq{Yc,2.384185791015625e-07,0.07300305366516113,True,7,None
KCQbfQwtI]Fo,2.384185791015625e-07,0.030551910400390625,True,2,None
KCQbfQwNI{Ww,4.76837158203125e-07,0.06781911849975586,True,6,None
KCQbfQwLmYJo,2.384185791015625e-07,0.018073558807373047,True,3,None
KCQbfRSjQtFo,2.384185791015625e-07,0.019439220428466797,True,2,None
KCQbfRSYsxFo,2.384185791015625e-07,0.04089045524597168,True,4,None
KCQbfP[]dYQs,0.0,0.13266515731811523,True,11,None
KCQbfP[{T[Bs,2.384185791015625e-07,0.019083261489868164,True,2,None
KCQbfP[yS{Es,2.384185791015625e-07,0.03434419631958008,True,4,None
KCQbfP[yP{Qs,0.0,0.04244422912597656,True,3,None
KCQbfP[st[Fc,0.0,0.028055429458618164,True,3,None
KCQbfP[qp{Uc,2.384185791015625e-07,0.01666259765625,True,2,None
KCQbfP[qpxUo,2.384185791015625e-07,0.1222081184387207,True,6,None
KCQbfP[qplV_,2.384185791015625e-07,0.054293155670166016,True,5,None
KCQbfP[Ys{Uc,2.384185791015625e-07,0.0035223960876464844,True,1,None
KCQbfP[YsxUo,2.384185791015625e-07,0.14957666397094727,True,10,None
KCQbfP[YslV_,2.384185791015625e-07,0.024960756301879883,True,2,None
KCQbfP[ptsFc,2.384185791015625e-07,0.003694772720336914,True,1,None
KCQbeqk[s{Lc,0.0,0.014158964157104492,True,1,None
KCQbeqklJ[JW,4.76837158203125e-07,0.12781000137329102,True,10,None
KCQbeqkfJUMo,2.384185791015625e-07,0.003788471221923828,True,1,None
KCQbeo{vDMLS,2.384185791015625e-07,0.10194563865661621,True,4,None
KCQbeo{]TLXo,2.384185791015625e-07,0.03382301330566406,True,3,None
KCQbeo{[uXTo,2.384185791015625e-07,0.13670921325683594,True,7,None
KCQbdrSnA]LS,4.76837158203125e-07,0.016503572463989258,True,3,None
KCQbdrSubXDw,2.384185791015625e-07,0.07468509674072266,True,3,None
KCQbdrSu`\\Lg,2.384185791015625e-07,0.012946605682373047,True,2,None
KCQbdrSma]Lc,0.0,0.003365039825439453,True,1,None
KCQbdrSjRsHs,2.384185791015625e-07,0.012213468551635742,True,1,None
KCQbdrSjQtLo,0.0,0.005913972854614258,True,1,None
KCQbdrSMvWHs,2.384185791015625e-07,0.026393890380859375,True,4,None
KCQbdrSMu[Lc,2.384185791015625e-07,0.12345218658447266,True,8,None
KCQbdrSrHuLo,2.384185791015625e-07,0.08807635307312012,True,10,None
KCQbdrKv@uKs,2.384185791015625e-07,0.03615093231201172,True,2,None
KCQbdrKjbhJW,2.384185791015625e-07,0.052398681640625,True,3,None
KCQbdrKxRsBs,0.0,0.036400556564331055,True,6,None
KCQbdrKjQtMo,7.152557373046875e-07,0.051859140396118164,True,1,None
KCQbdrKrJeFo,2.384185791015625e-07,0.01827859878540039,True,3,None
KCQbdrKrHuMo,2.384185791015625e-07,0.02818608283996582,True,1,None
KCQbdp[jVcHs,7.152557373046875e-07,0.13660907745361328,True,12,None
KCQbdp[[tXXo,2.384185791015625e-07,0.05466914176940918,True,5,None
KCQbdp[qj[Ug,4.76837158203125e-07,0.09251070022583008,True,8,None
KCQbdo{uRLXo,4.76837158203125e-07,0.03833794593811035,True,4,None
KCQbdo{VVSWs,2.384185791015625e-07,0.04589056968688965,True,6,None
KCQbbqwtM[Dw,2.384185791015625e-07,0.012779474258422852,True,1,None
KCQbbqwTl[Xg,0.0,0.005721092224121094,True,1,None
KCQbbqsjM[JW,0.0,0.14786100387573242,True,14,None
KCQbbrK{T[Bs,0.0,0.0035452842712402344,True,1,None
KCQbbrK{P{Ps,0.0,0.03791952133178711,True,3,None
KCQbbrK]T[Qs,4.76837158203125e-07,0.06252789497375488,True,7,None
KCQbbrKxLsBw,2.384185791015625e-07,0.05406022071838379,True,5,None
KCQbbrKxH{RW,2.384185791015625e-07,0.05640816688537598,True,5,None
KCQbbrKrHuUo,0.0,0.01112055778503418,True,1,None
KCQbbrKplsFg,2.384185791015625e-07,0.003327608108520508,True,1,None
KCQbbrKphuV_,0.0,0.06623458862304688,True,3,None
KCQbfIwrRsBs,2.384185791015625e-07,0.06590843200683594,True,9,None
KCQbfIwrP{JS,2.384185791015625e-07,0.061142921447753906,True,4,None
KCQbfIwrPtJo,2.384185791015625e-07,0.01542210578918457,True,2,None
KCQbfIwZS{JS,2.384185791015625e-07,0.012360334396362305,True,1,None
KCQbfIwfR[JS,0.0,0.009032487869262695,True,1,None
KCQbfIwfQ{LS,0.0,0.0031893253326416016,True,1,None
KCQbfIwNU[JS,0.0,0.013170480728149414,True,1,None
KCQbfIwYqxRo,2.384185791015625e-07,0.13119125366210938,True,8,None
KCQbfIwMq\\Z_,2.384185791015625e-07,0.09324789047241211,True,10,None
KCQbfIwbrwJS,2.384185791015625e-07,0.06985664367675781,True,6,None
KCQbfIwbrpJo,0.0,0.07378578186035156,True,5,None
KCQbfIwJuwJS,2.384185791015625e-07,0.025092601776123047,True,1,None
KCQbfIwJqxZO,2.384185791015625e-07,0.03191065788269043,True,6,None
KCQbfIwMmwHw,0.0,0.17518281936645508,True,20,None
KCQbfIwJmqJo,2.384185791015625e-07,0.03874707221984863,True,3,None
KCQbfIwJiuZ_,2.384185791015625e-07,0.09615921974182129,True,8,None
KCQbfI[zAtFW,2.384185791015625e-07,0.029284954071044922,True,4,None
KCQbfI[vBUFS,2.384185791015625e-07,0.013113737106323242,True,2,None
KCQbfI[v@uLS,2.384185791015625e-07,0.0033643245697021484,True,1,None
KCQbfI[rbpFW,0.0,0.0033292770385742188,True,1,None
KCQbfI[fbqLS,2.384185791015625e-07,0.0035779476165771484,True,1,None
KCQbfI[irpJo,2.384185791015625e-07,0.016556739807128906,True,2,None
KCQbfI[RrpVO,2.384185791015625e-07,0.01961231231689453,True,1,None
KCQbfI[yH{JW,2.384185791015625e-07,0.02154541015625,True,3,None
KCQbfI[qh{NG,2.384185791015625e-07,0.01690053939819336,True,2,None
KCQbfI[ejsLg,2.384185791015625e-07,0.01092219352722168,True,2,None
KCQbfI[ejqLo,2.384185791015625e-07,0.14374065399169922,True,10,None
KCQbdjgNU[JS,2.384185791015625e-07,0.06206083297729492,True,3,None
KCQbeYsnBUJS,2.384185791015625e-07,0.019434452056884766,True,2,None
KCQbdZoNU[JS,2.384185791015625e-07,0.031167030334472656,True,3,None
KCQbdZobrsJc,2.384185791015625e-07,0.164231538772583,True,12,None
KCQbdZoei{Lg,2.384185791015625e-07,0.15646147727966309,True,6,None
KCQbdZoeiyLo,2.384185791015625e-07,0.003704547882080078,True,1,None
KCQbdZg]QlRo,2.384185791015625e-07,0.07537174224853516,True,3,None
KCQbdZg\\S{JS,0.0,0.013335466384887695,True,2,None
KCQbdZg[s{Jc,2.384185791015625e-07,0.06574702262878418,True,3,None
KCQbdZgLupJo,2.384185791015625e-07,0.01285862922668457,True,2,None
KCQbdYwtR[JS,2.384185791015625e-07,0.03870701789855957,True,3,None
KCQbdYwrRdJo,0.0,0.06836652755737305,True,9,None
KCQbdYwsqxLo,2.384185791015625e-07,0.03365159034729004,True,4,None
KCQbdYw[q\\Z_,2.384185791015625e-07,0.08551144599914551,True,5,None
KCQbdYwYqlZ_,2.384185791015625e-07,0.1332550048828125,True,9,None
KCQbdYwprwJS,2.384185791015625e-07,0.01461935043334961,True,1,None
KCQbdYwXuwJS,2.384185791015625e-07,0.030324459075927734,True,7,None
KCQbdYwXqxZO,2.384185791015625e-07,0.03136897087097168,True,4,None
KCQbdYwsi{Lg,4.76837158203125e-07,0.07588529586791992,True,5,None
KCQbdYwsiyLo,2.384185791015625e-07,0.031020402908325195,True,6,None
KCQbdXwjUsIs,2.384185791015625e-07,0.03734135627746582,True,3,None
KCQbdXwfVKJS,2.384185791015625e-07,0.03399348258972168,True,1,None
KCQbdXwws{Jc,2.384185791015625e-07,0.12297224998474121,True,6,None
KCQbdXwhuwJS,2.384185791015625e-07,0.014701604843139648,True,2,None
KCQbdXwJupYo,2.384185791015625e-07,0.04218482971191406,True,5,None
KCQbdXwlI{XW,0.0,0.015114307403564453,True,1,None
KCQbdXwjI{YW,2.384185791015625e-07,0.1255955696105957,True,13,None
KCQbdXwwmwBw,2.384185791015625e-07,0.015857696533203125,True,2,None
KCQbdXwkmwHw,2.384185791015625e-07,0.13449788093566895,True,9,None
KCQbdXwRmsUg,2.384185791015625e-07,0.055768728256225586,True,5,None
KCQbdXszAtRW,2.384185791015625e-07,0.055933237075805664,True,4,None
KCQbdXs^ETRW,4.76837158203125e-07,0.06440615653991699,True,8,None
KCQbdXsfUsLS,4.76837158203125e-07,0.013209819793701172,True,3,None
KCQbdXsbqt^?,2.384185791015625e-07,0.11914944648742676,True,6,None
KCQbdXsRtsZC,2.384185791015625e-07,0.1085059642791748,True,4,None
KCQbdXsFvSZC,2.384185791015625e-07,0.020147085189819336,True,4,None
KCQbdXk|AtRW,0.0,0.01137232780456543,True,1,None
KCQbdXk\\epRW,2.384185791015625e-07,0.04189705848693848,True,4,None
KCQbdXk{KuJo,2.384185791015625e-07,0.046465396881103516,True,4,None
KCQbdXkmIuYo,4.76837158203125e-07,0.01999640464782715,True,2,None
KCQbdXkkiuZ_,2.384185791015625e-07,0.01789236068725586,True,2,None
KCQbdY[Rv`NO,2.384185791015625e-07,0.05569577217102051,True,6,None
KCQbdY[Rrp]O,2.384185791015625e-07,0.048171043395996094,True,5,None
KCQbdX[nEdLW,0.0,0.16953158378601074,True,19,None
KCQbdX[x`uZC,2.384185791015625e-07,0.040656328201293945,True,5,None
KCQbdW{\\eTZG,2.384185791015625e-07,0.029334068298339844,True,4,None
KCQbdW{rRdZO,2.384185791015625e-07,0.043585777282714844,True,2,None
KCQbdW{rQt]O,2.384185791015625e-07,0.19300317764282227,True,24,None
KCQbdW{VVSYS,2.384185791015625e-07,0.011319637298583984,True,1,None
KCQbdW{Rud^?,2.384185791015625e-07,0.01631021499633789,True,2,None
KCQbfEwfQ\\N_,2.384185791015625e-07,0.110504150390625,True,8,None
KCQbfDwrS{Fc,2.384185791015625e-07,0.053079843521118164,True,5,None
KCQbfEkFrpZ_,4.76837158203125e-07,0.07162284851074219,True,5,None
KCQbfD[qtwFc,2.384185791015625e-07,0.0034263134002685547,True,1,None
KCQbfD[VLUV_,2.384185791015625e-07,0.012562751770019531,True,2,None
KCQbedwrT[Fc,2.384185791015625e-07,0.003366708755493164,True,1,None
KCQbedwrP{Tc,2.384185791015625e-07,0.011596202850341797,True,2,None
KCQbedwfL[Lg,2.384185791015625e-07,0.0033402442932128906,True,1,None
KCQbedwNLYXo,2.384185791015625e-07,0.0062029361724853516,True,1,None
KCQbeekyP{Jc,2.384185791015625e-07,0.061513423919677734,True,7,None
KCQbeekyPxJo,2.384185791015625e-07,0.017339706420898438,True,2,None
KCQbeekuP{Lc,0.0,0.014253616333007812,True,2,None
KCQbeekrPxNO,2.384185791015625e-07,0.07139801979064941,True,3,None
KCQbeekjQxNO,2.384185791015625e-07,0.015413999557495117,True,1,None
KCQbeekfRpLo,0.0,0.003250598907470703,True,1,None
KCQbeekYpxZ_,4.76837158203125e-07,0.016071557998657227,True,3,None
KCQbeekMuwLc,2.384185791015625e-07,0.03670954704284668,True,3,None
KCQbeekJrpZ_,2.384185791015625e-07,0.014426708221435547,True,1,None
KCQbeekyIyFo,0.0,0.1508007049560547,True,17,None
KCQbeekmIyLo,2.384185791015625e-07,0.1327815055847168,True,11,None
KCQbeekjJwJW,2.384185791015625e-07,0.12960147857666016,True,7,None
KCQbeekjJqJo,2.384185791015625e-07,0.10168886184692383,True,4,None
KCQbeekjIyNO,4.76837158203125e-07,0.16698002815246582,True,12,None
KCQbedkfdqLc,2.384185791015625e-07,0.12269902229309082,True,8,None
KCQbee[YvWFc,2.384185791015625e-07,0.025322675704956055,True,2,None
KCQbee[Jrp\\_,4.76837158203125e-07,0.0507512092590332,True,3,None
KCQbed[mL[Lg,2.384185791015625e-07,0.0057582855224609375,True,1,None
KCQbed[ZLsTg,2.384185791015625e-07,0.010876893997192383,True,1,None
KCQbed[ZLUV_,2.384185791015625e-07,0.013777971267700195,True,1,None
KCQbec{fbR\\_,2.384185791015625e-07,0.07126545906066895,True,8,None
KCQbec{VfWTK,2.384185791015625e-07,0.013493537902832031,True,2,None
KCQbec{]TXXo,2.384185791015625e-07,0.016048192977905273,True,1,None
KCQbec{irXZ_,2.384185791015625e-07,0.01444554328918457,True,1,None
KCQbec{erX\\_,0.0,0.006324052810668945,True,2,None
KCQbec{NNQXo,2.384185791015625e-07,0.008754968643188477,True,1,None
KCQbec{NMY\\O,2.384185791015625e-07,0.010563373565673828,True,1,None
KCQbdfgRuwFc,2.384185791015625e-07,0.0391237735748291,True,3,None
KCQbdfgNI{Xg,7.152557373046875e-07,0.05264568328857422,True,3,None
KCQbddwbrXZ_,2.384185791015625e-07,0.01521444320678711,True,3,None
KCQbddwjI]Z_,2.384185791015625e-07,0.013888835906982422,True,1,None
KCQbdfKmQxLo,2.384185791015625e-07,0.0032227039337158203,True,1,None
KCQbdfKrP{NC,2.384185791015625e-07,0.015850543975830078,True,3,None
KCQbdfKUtwLc,2.384185791015625e-07,0.16261959075927734,True,11,None
KCQbdfKRrwVC,2.384185791015625e-07,0.016454696655273438,True,2,None
KCQbdfKFvoLc,2.384185791015625e-07,0.003438711166381836,True,1,None
KCQbdfKFvPN_,2.384185791015625e-07,0.003399372100830078,True,1,None
KCQbddkfeqLc,0.0,0.06261348724365234,True,9,None
KCQbddkqrwRc,2.384185791015625e-07,0.039755821228027344,True,4,None
KCQbddkiqxZ_,2.384185791015625e-07,0.036711931228637695,True,2,None
KCQbddkmI]Z_,4.76837158203125e-07,0.011923789978027344,True,1,None
KCQbdd[qvWFc,0.0,0.06181693077087402,True,3,None
KCQbdd[qrwTc,2.384185791015625e-07,0.012301206588745117,True,2,None
KCQbdd[erX\\_,2.384185791015625e-07,0.03883194923400879,True,4,None
KCQbdd[MuX\\_,2.384185791015625e-07,0.06380867958068848,True,6,None
KCQbdd[fNQLo,0.0,0.06776809692382812,True,5,None
KCQbdd[fJU\\_,2.384185791015625e-07,0.00875091552734375,True,1,None
KCQbdd[VLU\\_,0.0,0.17082810401916504,True,19,None
KCQbdc{VUT\\_,2.384185791015625e-07,0.1035768985748291,True,9,None
KCQbdc{VNQXo,0.0,0.015807151794433594,True,2,None
KCQbbfgrH{Rg,2.384185791015625e-07,0.07009172439575195,True,1,None
KCQbbfgrG}V_,2.384185791015625e-07,0.07601714134216309,True,4,None
KCQbbfWZL[Rg,0.0,0.013123273849487305,True,2,None
KCQbbfKiuwFc,2.384185791015625e-07,0.0984029769897461,True,9,None
KCQbbfKbrpV_,0.0,0.04072999954223633,True,6,None
KCQbbfKrHuV_,0.0,0.061368465423583984,True,5,None
KCQbbekycxJg,2.384185791015625e-07,0.03681230545043945,True,4,None
KCQbbekMuXZ_,0.0,0.06035900115966797,True,4,None
KCQbbekFuX^?,2.384185791015625e-07,0.013846397399902344,True,2,None
KCQbeTwtT[Fc,0.0,0.11656785011291504,True,10,None
KCQbeTwrP{Uc,0.0,0.003641366958618164,True,1,None
KCQbeTwrPxUo,2.384185791015625e-07,0.003491640090942383,True,1,None
KCQbeTwptwFc,2.384185791015625e-07,0.075103759765625,True,9,None
KCQbeTwhuwFc,2.384185791015625e-07,0.012728214263916016,True,1,None
KCQbeTwtL[Fg,4.76837158203125e-07,0.03392934799194336,True,4,None
KCQbeTwZKyUo,4.76837158203125e-07,0.014857769012451172,True,2,None
KCQbeVcmHyJo,2.384185791015625e-07,0.04941248893737793,True,4,None
KCQbeUkLrpZ_,2.384185791015625e-07,0.13833403587341309,True,4,None
KCQbeUkLqx^?,2.384185791015625e-07,0.026343107223510742,True,3,None
KCQbeUkFrw]C,2.384185791015625e-07,0.018582582473754883,True,4,None
KCQbeT[{T[Fc,2.384185791015625e-07,0.13013315200805664,True,17,None
KCQbeT[{P{Tc,2.384185791015625e-07,0.07611441612243652,True,5,None
KCQbeT[{H{Tg,2.384185791015625e-07,0.013538360595703125,True,2,None
KCQbeT[ZLqUo,2.384185791015625e-07,0.02112746238708496,True,2,None
KCQbeT[ZLeV_,2.384185791015625e-07,0.053696632385253906,True,5,None
KCQbeS{yayUc,2.384185791015625e-07,0.13253331184387207,True,8,None
KCQbeS{]U[Uc,2.384185791015625e-07,0.05019879341125488,True,5,None
KCQbeS{krXZ_,0.0,0.07309627532958984,True,4,None
KCQbeS{jNgJW,2.384185791015625e-07,0.003484487533569336,True,1,None
KCQbdVofI]N_,2.384185791015625e-07,0.033766984939575195,True,3,None
KCQbdVoNI{Xg,2.384185791015625e-07,0.01555490493774414,True,3,None
KCQbdVgtQxFo,2.384185791015625e-07,0.05767321586608887,True,2,None
KCQbdUwtQ{Lc,0.0,0.14131903648376465,True,7,None
KCQbdUwtQ\\N_,2.384185791015625e-07,0.0036509037017822266,True,1,None
KCQbdVcNMwJW,2.384185791015625e-07,0.05391836166381836,True,5,None
KCQbdVcNI{ZG,2.384185791015625e-07,0.11414027214050293,True,5,None
KCQbdTsjQtZ_,0.0,0.05068349838256836,True,4,None
KCQbdTsZK{ZG,2.384185791015625e-07,0.1590569019317627,True,8,None
KCQbdUktRpJo,9.5367431640625e-07,0.009995222091674805,True,1,None
KCQbdUktJwJW,2.384185791015625e-07,0.07384276390075684,True,9,None
KCQbdUk\\MwJW,2.384185791015625e-07,0.02998042106628418,True,3,None
KCQbdUk\\I{ZG,2.384185791015625e-07,0.1119680404663086,True,3,None
KCQbdT[lbYZC,2.384185791015625e-07,0.06144833564758301,True,7,None
KCQbdS{ZMqYo,2.384185791015625e-07,0.0907599925994873,True,8,None
KCQbcvorP{Lc,2.384185791015625e-07,0.05403399467468262,True,1,None
KCQbcvgRvgFc,2.384185791015625e-07,0.049707651138305664,True,5,None
KCQbcuw\\bXXg,2.384185791015625e-07,0.03436708450317383,True,5,None
KCQbcvcuP{Lc,2.384185791015625e-07,0.1449596881866455,True,16,None
KCQbcvcmR[Jc,2.384185791015625e-07,0.02120351791381836,True,3,None
KCQbcvcmQ{Lc,2.384185791015625e-07,0.014294624328613281,True,2,None
KCQbcvcrJsFg,0.0,0.0035762786865234375,True,1,None
KCQbcvcjJsJg,2.384185791015625e-07,0.011104822158813477,True,1,None
KCQbcvSyJ[Fg,0.0,0.04399514198303223,True,4,None
KCQbcusuJ[Lg,2.384185791015625e-07,0.14734435081481934,True,19,None
KCQbctsfVWLS,4.76837158203125e-07,0.02077770233154297,True,3,None
KCQbctsfRX\\O,4.76837158203125e-07,0.012446880340576172,True,3,None
KCQbcvKxRwFS,2.384185791015625e-07,0.003908395767211914,True,1,None
KCQbcvKxP{NC,2.384185791015625e-07,0.05623126029968262,True,4,None
KCQbcuktRsLc,2.384185791015625e-07,0.06307005882263184,True,6,None
KCQbctk{cyLc,2.384185791015625e-07,0.11916685104370117,True,9,None
KCQbctkmeiLc,4.76837158203125e-07,0.011960506439208984,True,1,None
KCQbctktdqLc,4.76837158203125e-07,0.0034127235412597656,True,1,None
KCQbctkffaLc,2.384185791015625e-07,0.003480195999145508,True,1,None
KCQbctkqrhV_,2.384185791015625e-07,0.04701709747314453,True,4,None
KCQbctkqpx]_,2.384185791015625e-07,0.03407025337219238,True,4,None
KCQbctkirwYc,2.384185791015625e-07,0.009914398193359375,True,1,None
KCQbctkRvgVC,2.384185791015625e-07,0.0033342838287353516,True,1,None
KCQbcu[\\fQLc,2.384185791015625e-07,0.011899709701538086,True,2,None
KCQbct[mRX[o,2.384185791015625e-07,0.03118157386779785,True,4,None
KCQb`voZKyXo,2.384185791015625e-07,0.012785196304321289,True,2,None
KCQb`voVMYTo,2.384185791015625e-07,0.003266572952270508,True,1,None
KCQb`vcjMwJW,2.384185791015625e-07,0.013555526733398438,True,2,None
KCQb`usyI]Z_,2.384185791015625e-07,0.021366119384765625,True,3,None
KCQb`vK{dwHk,2.384185791015625e-07,0.04457664489746094,True,3,None
KCQb`vKwtwJc,0.0,0.03272676467895508,True,2,None
KCQb`vKstwLc,2.384185791015625e-07,0.06270861625671387,True,5,None
KCQbdNgNUwJS,0.0,0.011462926864624023,True,1,None
KCQbdLwYsxZ_,2.384185791015625e-07,0.010561943054199219,True,1,None
KCQbdL[qvoFc,0.0,0.01478886604309082,True,1,None
KCQbdL[erw\\C,0.0,0.0772700309753418,True,3,None
KCQbdL[MvWZC,2.384185791015625e-07,0.024126768112182617,True,2,None
KCQbdL[jIu^?,2.384185791015625e-07,0.13543486595153809,True,10,None
KCQbdK{rRsZC,0.0,0.08003520965576172,True,4,None
KCQeRbwjamFg,2.384185791015625e-07,0.01579594612121582,True,2,None
KCQeRbwxO}Fo,2.384185791015625e-07,0.07723355293273926,True,5,None
KCQeRbwTtYFo,2.384185791015625e-07,0.049365997314453125,True,4,None
KCQeRbsn@]JW,2.384185791015625e-07,0.028314590454101562,True,2,None
KCQeRbsj`yJW,4.76837158203125e-07,0.011760473251342773,True,1,None
KCQeRbsjP{JW,2.384185791015625e-07,0.041350364685058594,True,5,None
KCQeRbsfPuLo,2.384185791015625e-07,0.12914156913757324,True,17,None
KCQeRbsVT[FW,2.384185791015625e-07,0.09881329536437988,True,6,None
KCQeRbsbrwFW,2.384185791015625e-07,0.037903547286987305,True,3,None
KCQeRbkn@mJW,2.384185791015625e-07,0.015271663665771484,True,2,None
KCQeRbkmamFg,0.0,0.0074999332427978516,True,2,None
KCQeRbk]cyEw,4.76837158203125e-07,0.015712976455688477,True,3,None
KCQeRbkl`yJW,2.384185791015625e-07,0.018247365951538086,True,2,None
KCQeRbkl_}NG,2.384185791015625e-07,0.035310983657836914,True,2,None
KCQeRbk\\dqBw,2.384185791015625e-07,0.01755380630493164,True,3,None
KCQeRbk{O}Fo,2.384185791015625e-07,0.015309810638427734,True,4,None
KCQeRbktPuFo,0.0,0.05434584617614746,True,6,None
KCQeRbkTtwFW,2.384185791015625e-07,0.028629302978515625,True,6,None
KCQeRb[y`yEw,2.384185791015625e-07,0.009293794631958008,True,2,None
KCQeRb[{P]Fo,0.0,0.09746694564819336,True,10,None
KCQeRb[mRMFo,2.384185791015625e-07,0.01121211051940918,True,2,None
KCQeRb[]P{Sw,0.0,0.10034966468811035,True,5,None
KCQeRb[\\TUFo,0.0,0.01243448257446289,True,2,None
KCQeRb[jRkFW,2.384185791015625e-07,0.06915616989135742,True,6,None
KCQeRb[krYFo,2.384185791015625e-07,0.034644365310668945,True,4,None
KCQeRb[[tYFo,2.384185791015625e-07,0.06835269927978516,True,5,None
KCQeRa{nBMJW,0.0,0.019252777099609375,True,5,None
KCQeRa{nAmLW,2.384185791015625e-07,0.1284773349761963,True,6,None
KCQeRa{yayEw,0.0,0.05560588836669922,True,4,None
KCQeRa{lbYJW,7.152557373046875e-07,0.011373519897460938,True,3,None
KCQeRa{jbiJW,2.384185791015625e-07,0.06518220901489258,True,5,None
KCQeRa{kqyLo,2.384185791015625e-07,0.019626855850219727,True,2,None
KCQeRa{eriLo,0.0,0.05710649490356445,True,6,None
KCQeR`{\\c]VG,2.384185791015625e-07,0.013752937316894531,True,4,None
KCQeR`{XsyVO,2.384185791015625e-07,0.05011558532714844,True,4,None
KCQeRbqVTYFo,0.0,0.012753009796142578,True,2,None
KCQeRbi|@yBw,2.384185791015625e-07,0.05104637145996094,True,3,None
KCQeRbi^?}Ug,2.384185791015625e-07,0.013509750366210938,True,3,None
KCQeRbit`yFg,2.384185791015625e-07,0.13438963890075684,True,19,None
KCQeRbiNcyMg,2.384185791015625e-07,0.01906752586364746,True,2,None
KCQeRbiTtwFg,4.76837158203125e-07,0.09800148010253906,True,6,None
KCQeR`y^CySw,4.76837158203125e-07,0.13996481895446777,True,19,None
KCQeR`y^C]Ug,2.384185791015625e-07,0.10274267196655273,True,8,None
KCQeR`yx`yRg,2.384185791015625e-07,0.07881903648376465,True,8,None
KCQeR`yr`yUg,2.384185791015625e-07,0.0496218204498291,True,5,None
KCQeR`yNeYUg,2.384185791015625e-07,0.07324719429016113,True,6,None
KCQeR`yptwFg,2.384185791015625e-07,0.044010162353515625,True,5,None
KCQeR`yRtwUg,2.384185791015625e-07,0.14425420761108398,True,13,None
KCQeRben@yJW,2.384185791015625e-07,0.04349827766418457,True,3,None
KCQeRbU^@yTW,2.384185791015625e-07,0.02263951301574707,True,4,None
KCQeRbUmRYFo,2.384185791015625e-07,0.018476486206054688,True,3,None
KCQeRaumQyLo,2.384185791015625e-07,0.04684615135192871,True,5,None
KCQeRbM}@yEw,2.384185791015625e-07,0.019670486450195312,True,3,None
KCQeRbM{PyFo,4.76837158203125e-07,0.01381993293762207,True,1,None
KCQeRbMmRwEw,2.384185791015625e-07,0.062369346618652344,True,7,None
KCQeRbMmP{Mg,2.384185791015625e-07,0.11037421226501465,True,10,None
KCQeRam\\dqJg,2.384185791015625e-07,0.020947694778442383,True,2,None
KCQeRamLrqZ_,2.384185791015625e-07,0.14740800857543945,True,17,None
KCQeR`mu`yUg,2.384185791015625e-07,0.01792168617248535,True,2,None
KCQeR`mmayUg,2.384185791015625e-07,0.059684038162231445,True,5,None
KCQeRa][tYN_,2.384185791015625e-07,0.019881486892700195,True,4,None
KCQeRa]Lrw\\G,2.384185791015625e-07,0.011856794357299805,True,1,None
KCQeRbpfP{Lo,2.384185791015625e-07,0.02315831184387207,True,7,None
KCQeRbpVT[Fo,2.384185791015625e-07,0.014948844909667969,True,2,None
KCQeRbhVdkFg,2.384185791015625e-07,0.08779382705688477,True,4,None
KCQeRbhFp{]_,2.384185791015625e-07,0.039353370666503906,True,3,None
KCQeRbX|@]Fo,0.0,0.01230478286743164,True,2,None
KCQeRbXn@mLo,0.0,0.07969069480895996,True,7,None
KCQeRbXlP{Lo,2.384185791015625e-07,0.05407142639160156,True,4,None
KCQeRbX\\T[Fo,2.384185791015625e-07,0.010092496871948242,True,2,None
KCQeRbXjRkFo,2.384185791015625e-07,0.04376864433288574,True,4,None
KCQeRax\\S{Lo,2.384185791015625e-07,0.011163949966430664,True,2,None
KCQeRaxNUkLo,0.0,0.06106233596801758,True,5,None
KCQeRaxNU[Mo,2.384185791015625e-07,0.09699320793151855,True,5,None
KCQeRaxprwFo,2.384185791015625e-07,0.01665949821472168,True,3,None
KCQeRaxXrwRo,2.384185791015625e-07,0.019912004470825195,True,2,None
KCQeRaxRp{]_,2.384185791015625e-07,0.03903913497924805,True,4,None
KCQeRbdn@{JW,2.384185791015625e-07,0.012777090072631836,True,2,None
KCQeRatfbqLo,2.384185791015625e-07,0.012386560440063477,True,2,None
KCQeRbL]dwEw,2.384185791015625e-07,0.0401766300201416,True,6,None
KCQeRbL\\TsFo,2.384185791015625e-07,0.010709524154663086,True,1,None
KCQeRalnAmNO,2.384185791015625e-07,0.012017488479614258,True,2,None
KCQeRalfbqMo,7.152557373046875e-07,0.01300501823425293,True,2,None
KCQeRbbVP{V_,2.384185791015625e-07,0.015007734298706055,True,3,None
KCQeRbRjRwFo,2.384185791015625e-07,0.13068175315856934,True,12,None
KCQeRJwfbeFg,2.384185791015625e-07,0.015194177627563477,True,2,None
KCQeRJwmQmFo,2.384185791015625e-07,0.013091087341308594,True,2,None
KCQeRJs]P{RW,0.0,0.09436917304992676,True,3,None
KCQeRJ[]deFg,2.384185791015625e-07,0.03427553176879883,True,4,None
KCQeRI{VPu]O,2.384185791015625e-07,0.016749143600463867,True,1,None
KCQeRH{]dqQw,2.384185791015625e-07,0.017971515655517578,True,4,None
KCQeRH{tdqFW,2.384185791015625e-07,0.05840897560119629,True,5,None
KCQeRH{FvcVG,2.384185791015625e-07,0.03737974166870117,True,3,None
KCQeRH{Fts]G,2.384185791015625e-07,0.02916860580444336,True,5,None
KCQeRJqfRqFo,2.384185791015625e-07,0.016453266143798828,True,3,None
KCQeRJU]PuV_,2.384185791015625e-07,0.11672854423522949,True,8,None
KCQeRHuvDqFW,2.384185791015625e-07,0.01421356201171875,True,2,None
KCQeRH]}@uUg,2.384185791015625e-07,0.07180643081665039,True,8,None
KCQeRH][twVG,2.384185791015625e-07,0.017436742782592773,True,2,None
KCQeRG}vBeVG,2.384185791015625e-07,0.01678156852722168,True,2,None
KCQeRG}ubqUg,2.384185791015625e-07,0.17424798011779785,True,11,None
KCQeRG}VVcVG,2.384185791015625e-07,0.06446027755737305,True,5,None
KCQeRG}VTs]G,2.384185791015625e-07,0.012567758560180664,True,2,None
KCQeRHx\\cyVO,0.0,0.07997941970825195,True,7,None
KCQeRHxtTsFo,2.384185791015625e-07,0.016522884368896484,True,3,None
KCQeV`w\\K]Fo,2.384185791015625e-07,0.05077815055847168,True,3,None
KCQeV`smO|Lo,2.384185791015625e-07,0.013137102127075195,True,2,None
KCQeV`sfRTFo,2.384185791015625e-07,0.012279748916625977,True,1,None
KCQeV`sfPtLo,2.384185791015625e-07,0.012364625930786133,True,1,None
KCQeV`sfP\\NO,2.384185791015625e-07,0.12263894081115723,True,13,None
KCQeV`[\\L[FW,2.384185791015625e-07,0.028182268142700195,True,2,None
KCQeV_{lQtLo,2.384185791015625e-07,0.023317337036132812,True,4,None
KCQeV`iVPlV_,2.384185791015625e-07,0.07951569557189941,True,7,None
KCQeV`iVH{Ug,2.384185791015625e-07,0.05893087387084961,True,6,None
KCQeV`iVHmV_,2.384185791015625e-07,0.04738211631774902,True,8,None
KCQeV`iFjwUg,2.384185791015625e-07,0.013385295867919922,True,2,None
KCQeV`emRwBs,2.384185791015625e-07,0.017719745635986328,True,2,None
KCQeVPqV`yUc,0.0,0.1286449432373047,True,8,None
KCQeVPU]`yUc,2.384185791015625e-07,0.0719447135925293,True,4,None
KCQeVPU]`xUg,0.0,0.08505630493164062,True,3,None
KCQeRpsy_}Uc,2.384185791015625e-07,0.06699061393737793,True,4,None
KCQeRps]c]Uc,4.76837158203125e-07,0.006090402603149414,True,2,None
KCQeRpsrdsEk,2.384185791015625e-07,0.015601158142089844,True,3,None
KCQeRps]TLRo,0.0,0.15642929077148438,True,17,None
KCQeRpsiq{Uc,2.384185791015625e-07,0.1701500415802002,True,22,None
KCQeRpshlwJW,2.384185791015625e-07,0.18053507804870605,True,16,None
KCQeVHwmP{Is,2.384185791015625e-07,0.05527067184448242,True,4,None
KCQeVHwerhFo,2.384185791015625e-07,0.015764951705932617,True,3,None
KCQeVG{\\TsJS,2.384185791015625e-07,0.012919902801513672,True,1,None
KCQeVG{\\StNO,2.384185791015625e-07,0.013753414154052734,True,1,None
KCQeVG{\\PtZO,2.384185791015625e-07,0.15298700332641602,True,10,None
KCQeVG{TtsNC,2.384185791015625e-07,0.018091678619384766,True,2,None
KCQeVG{LjqZO,0.0,0.08274626731872559,True,6,None
KCQeUhwjRkFS,2.384185791015625e-07,0.12870454788208008,True,7,None
KCQeUhwkrXFo,2.384185791015625e-07,0.07306742668151855,True,9,None
KCQeUhwirwEs,2.384185791015625e-07,0.158782958984375,True,8,None
KCQeUhwYlkFg,2.384185791015625e-07,0.01757955551147461,True,3,None
KCQeUhwYh{Ug,0.0,0.013482809066772461,True,2,None
KCQeUg{NNENO,2.384185791015625e-07,0.05787491798400879,True,6,None
KCQeUhqjRwFS,2.384185791015625e-07,0.05635261535644531,True,3,None
KCQeUhim`xMg,2.384185791015625e-07,0.13341760635375977,True,13,None
KCQeUhi]`xUg,2.384185791015625e-07,0.17505598068237305,True,17,None
KCQeUhi\\HyVO,2.384185791015625e-07,0.03677797317504883,True,5,None
KCQeUhe]dpFg,2.384185791015625e-07,0.052173614501953125,True,4,None
KCQeThwlbYJS,2.384185791015625e-07,0.17256546020507812,True,19,None
KCQeThw{O|Lo,0.0,0.08295917510986328,True,5,None
KCQeThwyRkBs,2.384185791015625e-07,0.05890226364135742,True,5,None
KCQeThwxP{JS,4.76837158203125e-07,0.018227100372314453,True,3,None
KCQeThwlQtLo,2.384185791015625e-07,0.06208181381225586,True,6,None
KCQeThwYi{Ug,0.0,0.014883756637573242,True,3,None
KCQeThwRjsUg,4.76837158203125e-07,0.1347789764404297,True,14,None
KCQeThsZLsJW,2.384185791015625e-07,0.14786362648010254,True,16,None
KCQeThsNMUNO,2.384185791015625e-07,0.12883591651916504,True,12,None
KCQeThsNJUZO,2.384185791015625e-07,0.15950322151184082,True,29,None
KCQeThk\\PtZO,2.384185791015625e-07,0.013065099716186523,True,2,None
KCQeThkVRsUS,0.0,0.018161296844482422,True,1,None
KCQeThkVRdVO,2.384185791015625e-07,0.013956785202026367,True,2,None
KCQeThqmQxLo,2.384185791015625e-07,0.017547130584716797,True,4,None
KCQeThqjRwJS,2.384185791015625e-07,0.09471464157104492,True,2,None
KCQeThqMjYZ_,4.76837158203125e-07,0.1268308162689209,True,4,None
KCQeThi\\TwJS,2.384185791015625e-07,0.20313262939453125,True,29,None
KCQeThiLmwNG,4.76837158203125e-07,0.01708388328552246,True,4,None
KCQeThiLiy^?,2.384185791015625e-07,0.1844782829284668,True,16,None
KCQeThYLnWNG,2.384185791015625e-07,0.1379234790802002,True,13,None
KCQeThYLnQN_,4.76837158203125e-07,0.045298099517822266,True,6,None
KCQeRh[jVcFS,4.76837158203125e-07,0.019548654556274414,True,2,None
KCQeRh[lJUVO,2.384185791015625e-07,0.02585005760192871,True,1,None
KCQeRh[NLs[W,2.384185791015625e-07,0.019807100296020508,True,3,None
KCQeRh[[lsTg,2.384185791015625e-07,0.02068018913269043,True,3,None
KCQeRh[YlsUg,2.384185791015625e-07,0.14830350875854492,True,14,None
KCQeRh[YlqUo,2.384185791015625e-07,0.040431976318359375,True,4,None
KCQeRg{lRTZO,2.384185791015625e-07,0.0694887638092041,True,5,None
KCQeUXq]`yUc,0.0,0.013927221298217773,True,4,None
KCQeUXq]`xUg,0.0,0.060984134674072266,True,4,None
KCQeUXq]P{Uc,2.384185791015625e-07,0.16136527061462402,True,10,None
KCQeQxwwplV_,4.76837158203125e-07,0.02753591537475586,True,2,None
KCQeUTs]`yUc,2.384185791015625e-07,0.04977822303771973,True,6,None
KCQeUTskpxN_,2.384185791015625e-07,0.09631943702697754,True,6,None
KCQeUTsMrhV_,2.384185791015625e-07,0.13794374465942383,True,17,None
KCQeRLwu`xUg,2.384185791015625e-07,0.04604935646057129,True,2,None
KCQeRLwt`yVC,2.384185791015625e-07,0.09612727165222168,True,6,None
KCQeRLwdvoFc,0.0,0.06948566436767578,True,5,None
KCQeRLwtLwFW,2.384185791015625e-07,0.014418601989746094,True,3,None
KCQeRLwtHyVO,0.0,0.04579806327819824,True,3,None
KCQeQlwhrwVC,0.0,0.05096435546875,True,5,None
KCQeQlwXtwVC,4.76837158203125e-07,0.05593132972717285,True,4,None
KCQeQlwxLwFW,2.384185791015625e-07,0.06033778190612793,True,10,None
KCQeQlwxLsFg,2.384185791015625e-07,0.0771017074584961,True,7,None
KCQePngTvoFc,4.76837158203125e-07,0.01835489273071289,True,3,None
KCQePlwkrXZ_,2.384185791015625e-07,0.03235220909118652,True,1,None
KCQePlwhrpZ_,2.384185791015625e-07,0.21671652793884277,True,23,None
KCQeQ\\w}@lUg,2.384185791015625e-07,0.1618330478668213,True,11,None
KCQeQ\\w[thV_,2.384185791015625e-07,0.18656229972839355,True,21,None
KCQbRbw|C]Bw,2.384185791015625e-07,0.018041610717773438,True,3,None
KCQbRbwrcyEw,2.384185791015625e-07,0.04344654083251953,True,4,None
KCQbRbwr_}Ug,2.384185791015625e-07,0.1087188720703125,True,9,None
KCQbRbwVdYQw,4.76837158203125e-07,0.011441707611083984,True,1,None
KCQbRbwNc]Yg,2.384185791015625e-07,0.016877412796020508,True,3,None
KCQbRbwjO}Yo,2.384185791015625e-07,0.017719507217407227,True,2,None
KCQbRbwNUkPw,2.384185791015625e-07,0.0167233943939209,True,2,None
KCQbRbsvDUBw,0.0,0.0372469425201416,True,5,None
KCQbRbsnC]JW,2.384185791015625e-07,0.15239548683166504,True,10,None
KCQbRbsjcyJW,2.384185791015625e-07,0.1351010799407959,True,14,None
KCQbRbsuS]Fo,7.152557373046875e-07,0.019872188568115234,True,2,None
KCQbRbsjS{JW,2.384185791015625e-07,0.015141487121582031,True,1,None
KCQbRbk}CmBw,0.0,0.05747270584106445,True,4,None
KCQbRbknCmJW,2.384185791015625e-07,0.012169122695922852,True,2,None
KCQbRbku_}Ug,2.384185791015625e-07,0.024698495864868164,True,3,None
KCQbRbktdqBw,2.384185791015625e-07,0.014352560043334961,True,2,None
KCQbRbklcyJW,2.384185791015625e-07,0.01653313636779785,True,2,None
KCQbRbk\\SuRo,0.0,0.018697023391723633,True,3,None
KCQbRb[rP{UW,2.384185791015625e-07,0.012588024139404297,True,2,None
KCQbRb[fTkLW,0.0,0.11258363723754883,True,8,None
KCQbRb[stYFo,2.384185791015625e-07,0.0166776180267334,True,2,None
KCQbRb[spyTo,0.0,0.015045881271362305,True,2,None
KCQbRb[RtsUg,2.384185791015625e-07,0.007185935974121094,True,2,None
KCQbRb[RtqUo,4.76837158203125e-07,0.11675000190734863,True,9,None
KCQbRa{nEMJW,2.384185791015625e-07,0.08160066604614258,True,6,None
KCQbRa{nAmXW,2.384185791015625e-07,0.01909327507019043,True,3,None
KCQbRa{yayQw,2.384185791015625e-07,0.0339665412902832,True,2,None
KCQbRa{leYJW,2.384185791015625e-07,0.012456178665161133,True,1,None
KCQbRa{jamZG,0.0,0.13910126686096191,True,18,None
KCQbRa{iqyYo,2.384185791015625e-07,0.06755328178405762,True,3,None
KCQbRa{hqyZO,2.384185791015625e-07,0.01577019691467285,True,4,None
KCQbR`{udYQw,2.384185791015625e-07,0.016714811325073242,True,2,None
KCQbR`{mcmXg,2.384185791015625e-07,0.014260053634643555,True,2,None
KCQbR`{jeeRg,2.384185791015625e-07,0.06621241569519043,True,3,None
KCQbRbqjS{Jg,2.384185791015625e-07,0.01583719253540039,True,2,None
KCQbRbqjO}Z_,2.384185791015625e-07,0.08035039901733398,True,5,None
KCQbRbqVTwPw,2.384185791015625e-07,0.061223745346069336,True,7,None
KCQbRbqNUwPw,2.384185791015625e-07,0.030820846557617188,True,3,None
KCQbRbqNS{Xg,0.0,0.040807247161865234,True,7,None
KCQbRbiv@yQw,2.384185791015625e-07,0.04271268844604492,True,4,None
KCQbRbiv?}Ug,2.384185791015625e-07,0.1407015323638916,True,9,None
KCQbRbi^CyQw,4.76837158203125e-07,0.05763673782348633,True,7,None
KCQbRbitcyFg,2.384185791015625e-07,0.09310698509216309,True,5,None
KCQbRbYv@]Ug,2.384185791015625e-07,0.04030442237854004,True,5,None
KCQbRbY\\cyTg,0.0,0.0157015323638916,True,4,None
KCQbRbYr`yUg,2.384185791015625e-07,0.16599440574645996,True,13,None
KCQbRbYZcyUg,2.384185791015625e-07,0.1309514045715332,True,10,None
KCQbRbYfdYMg,2.384185791015625e-07,0.21314263343811035,True,11,None
KCQbRbYNeiTg,2.384185791015625e-07,0.019562721252441406,True,3,None
KCQbRbYrTwEw,2.384185791015625e-07,0.019725561141967773,True,2,None
KCQbRbYrP{Ug,0.0,0.013698816299438477,True,2,None
KCQbRbYVTYUo,2.384185791015625e-07,0.017287731170654297,True,3,None
KCQbRbYhuwFg,2.384185791015625e-07,0.08087038993835449,True,5,None
KCQbRaytayTg,2.384185791015625e-07,0.03076171875,True,4,None
KCQbR`yzCyQw,2.384185791015625e-07,0.19325542449951172,True,16,None
KCQbR`yvDYQw,2.384185791015625e-07,0.012634515762329102,True,1,None
KCQbR`yvC]Ug,0.0,0.07649970054626465,True,8,None
KCQbRbevDqBw,4.76837158203125e-07,0.014775276184082031,True,2,None
KCQbRbenCyJW,2.384185791015625e-07,0.01660299301147461,True,2,None
KCQbRauyS{Jg,0.0,0.13608956336975098,True,9,None
KCQbRauiqyZ_,4.76837158203125e-07,0.024820804595947266,True,5,None
KCQbR`urSyVO,2.384185791015625e-07,0.03472709655761719,True,4,None
KCQbRamtdqJg,2.384185791015625e-07,0.03519845008850098,True,4,None
KCQbR`mvCuUg,2.384185791015625e-07,0.03418445587158203,True,5,None
KCQbR`]vDYUW,4.76837158203125e-07,0.010424613952636719,True,2,None
KCQbR`]ycyUg,0.0,0.029564857482910156,True,2,None
KCQbR`]mdYYg,2.384185791015625e-07,0.012071609497070312,True,2,None
KCQbR_}{eYRg,2.384185791015625e-07,0.11715555191040039,True,7,None
KCQbR_}wsyZ_,2.384185791015625e-07,0.022248506546020508,True,6,None
KCQbRbpvC]Fo,0.0,0.019585609436035156,True,1,None
KCQbRbpjc{Jg,2.384185791015625e-07,0.05028033256530762,True,6,None
KCQbRbprP{Ro,2.384185791015625e-07,0.06423091888427734,True,5,None
KCQbRaxXuwRo,2.384185791015625e-07,0.07115602493286133,True,4,None
KCQbRbdnC{JW,2.384185791015625e-07,0.011590957641601562,True,1,None
KCQbRatjewJW,2.384185791015625e-07,0.17372584342956543,True,29,None
KCQbR_|yc{Yg,0.0,0.018910646438598633,True,3,None
KCQbR_|jekZG,2.384185791015625e-07,0.01632833480834961,True,2,None
KCQbQrwz@mQw,0.0,0.03993797302246094,True,4,None
KCQbQrw^DMQw,2.384185791015625e-07,0.13335275650024414,True,11,None
KCQbQrwxTkBw,2.384185791015625e-07,0.11994743347167969,True,10,None
KCQbQrwtTMFo,2.384185791015625e-07,0.013680458068847656,True,2,None
KCQbQrw\\TMRo,2.384185791015625e-07,0.021148681640625,True,2,None
KCQbQrshtwJW,2.384185791015625e-07,0.023253440856933594,True,3,None
KCQbQrit`yUg,2.384185791015625e-07,0.03522014617919922,True,2,None
KCQbQriVTkUg,0.0,0.08045458793640137,True,9,None
KCQbQre|?}VG,2.384185791015625e-07,0.01494455337524414,True,2,None
KCQbQremdiJg,2.384185791015625e-07,0.06796932220458984,True,5,None
KCQbQreVdiVG,2.384185791015625e-07,0.03687858581542969,True,3,None
KCQbQreNfaRg,2.384185791015625e-07,0.028631925582885742,True,3,None
KCQbQrUxPuV_,2.384185791015625e-07,0.07151603698730469,True,3,None
KCQbQqux`yZG,2.384185791015625e-07,0.027564048767089844,True,3,None
KCQbQqulbYZG,0.0,0.13532614707946777,True,8,None
KCQbQqu\\dqXg,2.384185791015625e-07,0.011211156845092773,True,1,None
KCQbQquZdiZG,2.384185791015625e-07,0.08951807022094727,True,6,None
KCQbQquxTwJW,2.384185791015625e-07,0.043195247650146484,True,3,None
KCQbQqulVWJW,2.384185791015625e-07,0.0531618595123291,True,5,None
KCQbQputdYVG,2.384185791015625e-07,0.10079002380371094,True,6,None
KCQbQpuptqV_,2.384185791015625e-07,0.017284870147705078,True,3,None
KCQbQrM|DqEw,2.384185791015625e-07,0.01212763786315918,True,3,None
KCQbQrM{`yUg,2.384185791015625e-07,0.08199858665466309,True,3,None
KCQbQp]zDiUW,2.384185791015625e-07,0.013533353805541992,True,2,None
KCQbQrbNewUg,2.384185791015625e-07,0.012023448944091797,True,2,None
KCQbQrRjbwUg,0.0,0.015195369720458984,True,3,None
KCQbQrRlVWFo,2.384185791015625e-07,0.17216968536376953,True,17,None
KCQbQrRlTwLo,2.384185791015625e-07,0.0165255069732666,True,1,None
KCQbQqrtTwLo,2.384185791015625e-07,0.1284346580505371,True,7,None
KCQbQqrlUwLo,2.384185791015625e-07,0.13214111328125,True,12,None
KCQbQqrdvWN_,2.384185791015625e-07,0.01297903060913086,True,2,None
KCQbQprhuwV_,0.0,0.01688528060913086,True,2,None
KCQbQprbtw]_,2.384185791015625e-07,0.15655112266540527,True,8,None
KCQbQrF}DiFo,4.76837158203125e-07,0.01503133773803711,True,1,None
KCQbQrFmfgFg,2.384185791015625e-07,0.03846907615661621,True,1,None
KCQbQqftbqV_,2.384185791015625e-07,0.0157473087310791,True,3,None
KCQbQqflbwZG,2.384185791015625e-07,0.013168811798095703,True,2,None
KCQbQqf\\dwZG,2.384185791015625e-07,0.03305530548095703,True,4,None
KCQbQqfVfaV_,2.384185791015625e-07,0.04513072967529297,True,2,None
KCQbQqf{UwFo,2.384185791015625e-07,0.10004544258117676,True,9,None
KCQbQqftRwVO,2.384185791015625e-07,0.06293249130249023,True,9,None
KCQbQqf\\UwVO,0.0,0.0069463253021240234,True,2,None
KCQbQqfVVcV_,0.0,0.08287906646728516,True,5,None
KCQbVbK]P{Qs,0.0,0.04094409942626953,True,1,None
KCQbVbK\\H{RW,2.384185791015625e-07,0.017533540725708008,True,2,None
KCQbVbKVH{UW,2.384185791015625e-07,0.13396120071411133,True,11,None
KCQbUpsu`]Uc,0.0,0.05876874923706055,True,5,None
KCQbUpsiq{Uc,2.384185791015625e-07,0.015099048614501953,True,3,None
KCQbUpsMu[Uc,2.384185791015625e-07,0.03430914878845215,True,4,None
KCQbRrSVdUUc,2.384185791015625e-07,0.12229132652282715,True,5,None
KCQbRrS{P\\Ro,2.384185791015625e-07,0.11204838752746582,True,11,None
KCQbRrS]TLRo,0.0,0.08102703094482422,True,5,None
KCQbRrSwpxRo,0.0,0.06362581253051758,True,6,None
KCQbRrSYs{Uc,2.384185791015625e-07,0.1300351619720459,True,13,None
KCQbRrSmM[Ew,2.384185791015625e-07,0.015399694442749023,True,1,None
KCQbRrSfLkLW,2.384185791015625e-07,0.00783991813659668,True,2,None
KCQbRrSYlkRg,2.384185791015625e-07,0.11452913284301758,True,8,None
KCQbUjgUh{Ug,2.384185791015625e-07,0.18891596794128418,True,22,None
KCQbUiwmQlLo,2.384185791015625e-07,0.159468412399292,True,22,None
KCQbUiwlR[JS,2.384185791015625e-07,0.042852163314819336,True,3,None
KCQbUiwjRkJS,2.384185791015625e-07,0.14809894561767578,True,15,None
KCQbUiwkqxLo,2.384185791015625e-07,0.0390167236328125,True,6,None
KCQbUiwerhLo,2.384185791015625e-07,0.15056657791137695,True,9,None
KCQbUiwhqxNO,2.384185791015625e-07,0.07507944107055664,True,7,None
KCQbUiwdrpLo,2.384185791015625e-07,0.18316936492919922,True,17,None
KCQbUiwbrkNC,2.384185791015625e-07,0.01320648193359375,True,1,None
KCQbUiwbjwMW,2.384185791015625e-07,0.04700136184692383,True,5,None
KCQbUiwbjsMg,2.384185791015625e-07,0.013005495071411133,True,2,None
KCQbTjoNU[JS,0.0,0.01415109634399414,True,2,None
KCQbTjg]Q{Qs,2.384185791015625e-07,0.07194304466247559,True,7,None
KCQbTjg\\S{JS,2.384185791015625e-07,0.03604555130004883,True,3,None
KCQbTjWuPlLo,2.384185791015625e-07,0.04130053520202637,True,2,None
KCQbTjWqrkFc,4.76837158203125e-07,0.05687546730041504,True,7,None
KCQbTjWuHmLo,0.0,0.07556486129760742,True,5,None
KCQbThwqi{Ug,2.384185791015625e-07,0.2477254867553711,True,43,None
KCQbTjSjatNG,2.384185791015625e-07,0.008502483367919922,True,2,None
KCQbTjSfbTNG,2.384185791015625e-07,0.018190860748291016,True,3,None
KCQbThsnAtXW,2.384185791015625e-07,0.013221979141235352,True,1,None
KCQbThsmM[JW,2.384185791015625e-07,0.16566967964172363,True,11,None
KCQbThkVUsUS,2.384185791015625e-07,0.013117313385009766,True,1,None
KCQbTh[leqLS,2.384185791015625e-07,0.1911334991455078,True,14,None
KCQbTh[XtsZC,2.384185791015625e-07,0.02104496955871582,True,5,None
KCQbRiw{Q{Ps,0.0,0.028196334838867188,True,5,None
KCQbRiw\\UTRo,2.384185791015625e-07,0.0194089412689209,True,3,None
KCQbRiw\\StXo,2.384185791015625e-07,0.0662386417388916,True,8,None
KCQbRiwwqxRo,2.384185791015625e-07,0.04384183883666992,True,3,None
KCQbRiwLupXo,2.384185791015625e-07,0.013563871383666992,True,2,None
KCQbRiwtK{LW,2.384185791015625e-07,0.012092351913452148,True,1,None
KCQbRiwfMkLW,2.384185791015625e-07,0.1175835132598877,True,9,None
KCQbRjS]StTo,2.384185791015625e-07,0.06007671356201172,True,4,None
KCQbRjSUtXVO,2.384185791015625e-07,0.006871938705444336,True,1,None
KCQbRjSNLUZO,2.384185791015625e-07,0.12379693984985352,True,7,None
KCQbRik|AuRS,2.384185791015625e-07,0.03141427040100098,True,4,None
KCQbRik[uwRS,2.384185791015625e-07,0.17156457901000977,True,11,None
KCQbRik[s{ZC,0.0,0.2194967269897461,True,17,None
KCQbRi[nEdLW,2.384185791015625e-07,0.0885927677154541,True,6,None
KCQbRi[\\St\\O,2.384185791015625e-07,0.16312551498413086,True,11,None
KCQbRi[wp{ZC,2.384185791015625e-07,0.014188051223754883,True,2,None
KCQbRZS{PtRo,2.384185791015625e-07,0.017412900924682617,True,3,None
KCQbRZSLusVC,4.76837158203125e-07,0.025609254837036133,True,3,None
KCQbRZSLtsZC,2.384185791015625e-07,0.01479792594909668,True,1,None
KCQbRZSFls]G,4.76837158203125e-07,0.14675092697143555,True,7,None
KCQbQzo]d[Qk,2.384185791015625e-07,0.14375638961791992,True,11,None
KCQbQzoVTdTo,2.384185791015625e-07,0.06238055229187012,True,9,None
KCQbQzoMu[Uc,2.384185791015625e-07,0.015018939971923828,True,1,None
KCQbQzopp{VC,2.384185791015625e-07,0.1288003921508789,True,6,None
KCQbQzoRtsUc,2.384185791015625e-07,0.08600950241088867,True,8,None
KCQbQzoVL[UW,4.76837158203125e-07,0.013285160064697266,True,2,None
KCQbQzoph{VG,4.76837158203125e-07,0.040296077728271484,True,7,None
KCQbQzgVTkUS,2.384185791015625e-07,0.014308929443359375,True,4,None
KCQbQzgTliVO,2.384185791015625e-07,0.02110600471496582,True,4,None
KCQbQxwpliVO,2.384185791015625e-07,0.06802606582641602,True,8,None
KCQbQzS{TsDs,4.76837158203125e-07,0.014241933822631836,True,1,None
KCQbQzS[tpTo,2.384185791015625e-07,0.025363683700561523,True,4,None
KCQbVD[\\TwRS,2.384185791015625e-07,0.044278621673583984,True,4,None
KCQbVD[VThVO,2.384185791015625e-07,0.010391950607299805,True,1,None
KCQbVC{spxZ_,2.384185791015625e-07,0.03278017044067383,True,4,None
KCQbVC{[sxZ_,4.76837158203125e-07,0.01021718978881836,True,2,None
KCQbVC{MuhZ_,0.0,0.01647663116455078,True,3,None
KCQbVC{drpZ_,0.0,0.08151364326477051,True,4,None
KCQbVC{dqx^?,4.76837158203125e-07,0.01933002471923828,True,3,None
KCQbVC{LuwZC,2.384185791015625e-07,0.014698982238769531,True,2,None
KCQbUdwptwFc,2.384185791015625e-07,0.016089916229248047,True,3,None
KCQbUdwhuwFc,0.0,0.05798006057739258,True,6,None
KCQbUdwZK{Ug,2.384185791015625e-07,0.16347479820251465,True,14,None
KCQbUfcVP{VC,2.384185791015625e-07,0.013202905654907227,True,2,None
KCQbUdk\\K{VG,4.76837158203125e-07,0.0070230960845947266,True,1,None
KCQbUd[{dYFc,2.384185791015625e-07,0.04099249839782715,True,3,None
KCQbUd[ydwEk,0.0,0.06875777244567871,True,5,None
KCQbUd[\\dXVG,2.384185791015625e-07,0.11788344383239746,True,8,None
KCQbUd[xPxVO,2.384185791015625e-07,0.05180692672729492,True,5,None
KCQbUc{yayUc,0.0,0.07839250564575195,True,7,None
KCQbUc{yQ{Uc,2.384185791015625e-07,0.1328585147857666,True,7,None
KCQbUc{tTwLS,2.384185791015625e-07,0.06609439849853516,True,4,None
KCQbTdwpuwFc,2.384185791015625e-07,0.1402888298034668,True,11,None
KCQbTdsZK{ZG,7.152557373046875e-07,0.006983041763305664,True,1,None
KCQbTdsfNWJW,2.384185791015625e-07,0.03904080390930176,True,1,None
KCQbTdsNM[ZG,2.384185791015625e-07,0.011503219604492188,True,2,None
KCQbTdsNMYZO,4.76837158203125e-07,0.011373758316040039,True,2,None
KCQbRfojcxJg,0.0,0.07388186454772949,True,5,None
KCQbRfgVK{Ug,4.76837158203125e-07,0.06142425537109375,True,6,None
KCQbRfgVKmV_,2.384185791015625e-07,0.015028953552246094,True,3,None
KCQbRfWrH{Ug,2.384185791015625e-07,0.06283044815063477,True,6,None
KCQbRfWVL[Ug,2.384185791015625e-07,0.011516094207763672,True,1,None
KCQbRdwrcyUc,2.384185791015625e-07,0.1599719524383545,True,11,None
KCQbRdwrK{Ug,2.384185791015625e-07,0.059012413024902344,True,7,None
KCQbRdsjcyZC,2.384185791015625e-07,0.1582014560699463,True,12,None
KCQbRfK{cxFg,4.76837158203125e-07,0.09283137321472168,True,5,None
KCQbRfK\\KyVO,2.384185791015625e-07,0.12964820861816406,True,5,None
KCQbRfKVLsUg,2.384185791015625e-07,0.12075257301330566,True,6,None
KCQbRfKVLqUo,2.384185791015625e-07,0.03832888603210449,True,4,None
KCQbRek{axRg,2.384185791015625e-07,0.13620901107788086,True,11,None
KCQbReklarZ_,2.384185791015625e-07,0.014221668243408203,True,1,None
KCQbRdkudhRg,2.384185791015625e-07,0.020757198333740234,True,3,None
KCQbRdkucxUg,2.384185791015625e-07,0.09667038917541504,True,6,None
KCQbRdkuK{Ug,4.76837158203125e-07,0.12750887870788574,True,4,None
KCQbRe[x`yZC,2.384185791015625e-07,0.01353311538696289,True,1,None
KCQbRe[\\dYZC,2.384185791015625e-07,0.014946222305297852,True,1,None
KCQbRe[xP{ZC,2.384185791015625e-07,0.038718461990356445,True,1,None
KCQbRe[\\VWRS,2.384185791015625e-07,0.007121086120605469,True,1,None
KCQbRe[VVSUc,2.384185791015625e-07,0.017902374267578125,True,3,None
KCQbRe[kuwLc,4.76837158203125e-07,0.06604576110839844,True,5,None
KCQbRe[YuwUc,0.0,0.13440155982971191,True,15,None
KCQbRe[bvgNC,2.384185791015625e-07,0.041460514068603516,True,4,None
KCQbRe[JvgZC,2.384185791015625e-07,0.07304525375366211,True,6,None
KCQbRe[tLwLW,2.384185791015625e-07,0.12607741355895996,True,7,None
KCQbRe[fNgLW,2.384185791015625e-07,0.21971917152404785,True,46,None
KCQbRd[rThVO,0.0,0.0504307746887207,True,6,None
KCQbRd[wsxV_,4.76837158203125e-07,0.10921216011047363,True,5,None
KCQbRd[qtwUc,2.384185791015625e-07,0.03609609603881836,True,2,None
KCQbRc{iuhZ_,2.384185791015625e-07,0.016715526580810547,True,2,None
KCQbUTw^DhQw,2.384185791015625e-07,0.034053802490234375,True,5,None
KCQbUTwTthV_,2.384185791015625e-07,0.04657173156738281,True,3,None
KCQbUTs]cyUc,0.0,0.11174750328063965,True,7,None
KCQbUTs{PxRo,2.384185791015625e-07,0.018996477127075195,True,3,None
KCQbUTstTsFc,2.384185791015625e-07,0.04544377326965332,True,3,None
KCQbUTskpxZ_,2.384185791015625e-07,0.2427539825439453,True,26,None
KCQbUTserhV_,2.384185791015625e-07,0.01594400405883789,True,3,None
KCQbUTsMuwUc,2.384185791015625e-07,0.0632314682006836,True,5,None
KCQbUTsTtwVC,2.384185791015625e-07,0.07444119453430176,True,8,None
KCQbUTs\\KyVO,2.384185791015625e-07,0.01227712631225586,True,1,None
KCQbUT[^DbUo,0.0,0.1267096996307373,True,6,None
KCQbUT[\\LeV_,2.384185791015625e-07,0.01830315589904785,True,2,None
KCQbRVoFuwUc,2.384185791015625e-07,0.00745701789855957,True,2,None
KCQbRVSktwJc,2.384185791015625e-07,0.07281231880187988,True,7,None
KCQbRVSdvoFc,2.384185791015625e-07,0.03900146484375,True,5,None
KCQbRVSdtwNC,2.384185791015625e-07,0.12046027183532715,True,9,None
KCQbRVSLtwZC,4.76837158203125e-07,0.1746203899383545,True,9,None
KCQbRUskuwJc,4.76837158203125e-07,0.1494123935699463,True,11,None
KCQbRUsduwNC,2.384185791015625e-07,0.03011035919189453,True,6,None
KCQbRUsdqx^?,2.384185791015625e-07,0.047853708267211914,True,4,None
KCQbRTsucyUc,7.152557373046875e-07,0.02974987030029297,True,4,None
KCQbRTsksxZ_,2.384185791015625e-07,0.1410677433013916,True,10,None
KCQbRT[tdhVG,4.76837158203125e-07,0.13048100471496582,True,9,None
KCQbRT[tLkVG,2.384185791015625e-07,0.056424856185913086,True,5,None
KCQbQvoxcxFg,2.384185791015625e-07,0.015374183654785156,True,2,None
KCQbQvoVT[Uc,2.384185791015625e-07,0.09478902816772461,True,7,None
KCQbQvoppxV_,2.384185791015625e-07,0.06184720993041992,True,4,None
KCQbQvoJuwUc,2.384185791015625e-07,0.07044553756713867,True,4,None
KCQbQvgtdhFg,2.384185791015625e-07,0.039328575134277344,True,1,None
KCQbQvgVThUo,2.384185791015625e-07,0.03307461738586426,True,4,None
KCQbQvW^DJUo,2.384185791015625e-07,0.08394885063171387,True,10,None
KCQbQvWZThUo,2.384185791015625e-07,0.1341407299041748,True,8,None
KCQbQtwpthV_,2.384185791015625e-07,0.057272911071777344,True,3,None
KCQbQvc]cyUc,2.384185791015625e-07,0.015432596206665039,True,1,None
KCQbQvc]S{Uc,2.384185791015625e-07,0.11373162269592285,True,4,None
KCQbQvcVTsUc,2.384185791015625e-07,0.0647573471069336,True,10,None
KCQbQvcVTdV_,2.384185791015625e-07,0.11252093315124512,True,7,None
KCQbQusubYUc,2.384185791015625e-07,0.15913724899291992,True,21,None
KCQbQushuwNC,4.76837158203125e-07,0.07910323143005371,True,11,None
KCQbRNWl`yZC,2.384185791015625e-07,0.013311624526977539,True,2,None
KCQbRNW]K{Ug,4.76837158203125e-07,0.07773303985595703,True,5,None
KCQbRMwkqxZ_,2.384185791015625e-07,0.09875798225402832,True,6,None
KCQbRLwucxUg,2.384185791015625e-07,0.035666465759277344,True,2,None
KCQbRNSNUsVC,2.384185791015625e-07,0.13311362266540527,True,9,None
KCQbRNSNNoRW,2.384185791015625e-07,0.1099703311920166,True,5,None
KCQbRM[NVcZC,2.384185791015625e-07,0.17972350120544434,True,18,None
KCQbRM[kqx^?,2.384185791015625e-07,0.18741965293884277,True,12,None
KCQbRM[evgNC,2.384185791015625e-07,0.06002950668334961,True,3,None
KCQbRM[UvoUc,2.384185791015625e-07,0.014292240142822266,True,1,None
KCQbRM[VNcVG,2.384185791015625e-07,0.014800310134887695,True,1,None
KCQbSlwhrpZ_,2.384185791015625e-07,0.09610509872436523,True,5,None
KCQbSlwuNgDw,4.76837158203125e-07,0.14467453956604004,True,6,None
KCQbQng]cxUg,2.384185791015625e-07,0.06589674949645996,True,5,None
KCQbQnguHyUo,2.384185791015625e-07,0.1566476821899414,True,15,None
KCQbQng]K{Ug,0.0,0.05395317077636719,True,5,None
KCQbQnWydhFg,2.384185791015625e-07,0.07286405563354492,True,5,None
KCQbQnWy`xUg,2.384185791015625e-07,0.0067005157470703125,True,1,None
KCQbQmwVfQUc,2.384185791015625e-07,0.14680004119873047,True,29,None
KCQbQmw]U[Uc,2.384185791015625e-07,0.13416695594787598,True,10,None
KCQbQmwVVSUc,2.384185791015625e-07,0.03284478187561035,True,3,None
KCQbQmwtLwLW,2.384185791015625e-07,0.04279923439025879,True,4,None
KCQbQlwptpV_,0.0,0.011282205581665039,True,1,None
KCQbQlwhuwVC,2.384185791015625e-07,0.05296492576599121,True,6,None
KCQbQlwdvWVC,2.384185791015625e-07,0.011628389358520508,True,1,None
KCQbQlwbvgVC,4.76837158203125e-07,0.0141143798828125,True,4,None
KCQbQm[]fQUc,4.76837158203125e-07,0.04436087608337402,True,2,None
KCQbQm[ivgNC,2.384185791015625e-07,0.02996540069580078,True,5,None
KCQbQm[YvoUc,2.384185791015625e-07,0.1822664737701416,True,26,None
KCQbQm[{LwLW,2.384185791015625e-07,0.012515544891357422,True,1,None
KCQbPnglepJg,4.76837158203125e-07,0.022710323333740234,True,3,None
KCQbPnWx`yZC,2.384185791015625e-07,0.07008242607116699,True,2,None
KCQbPnWlbYZC,2.384185791015625e-07,0.11625123023986816,True,6,None
KCQbPnWxTwJS,2.384185791015625e-07,0.10447049140930176,True,5,None
KCQbPlwlewXK,2.384185791015625e-07,0.07131242752075195,True,7,None
KCQbPnSvDpLW,2.384185791015625e-07,0.04455757141113281,True,5,None
KCQbPnSjRpZO,2.384185791015625e-07,0.01322484016418457,True,1,None
KCQbPnSNVSZC,0.0,0.07969880104064941,True,6,None
KCQbPnSfNoLW,0.0,0.012819528579711914,True,1,None
KCQbPms^EsXK,2.384185791015625e-07,0.015374898910522461,True,1,None
KCQbPnK\\TsZC,2.384185791015625e-07,0.10815048217773438,True,6,None
KCQbPlktUsVC,4.76837158203125e-07,0.014039754867553711,True,2,None
KCQbQ^oMuwUc,4.76837158203125e-07,0.14356327056884766,True,14,None
KCQbQ^W]ThUo,2.384185791015625e-07,0.06399393081665039,True,6,None
KCQbQ\\w}DhQw,2.384185791015625e-07,0.09739947319030762,True,5,None
KCQbQ\\wtdbV_,0.0,0.03107166290283203,True,4,None
KCQbQ^SktwNC,2.384185791015625e-07,0.03445839881896973,True,4,None
KCQbQ\\sudqUc,2.384185791015625e-07,0.01092219352722168,True,2,None
KCQbQ\\sfVcVC,2.384185791015625e-07,0.07221102714538574,True,6,None
KCQeJbwjP{JW,2.384185791015625e-07,0.02056121826171875,True,1,None
KCQeJbwYs{Fg,0.0,0.0032792091369628906,True,1,None
KCQeJbkNTsJW,2.384185791015625e-07,0.011181354522705078,True,2,None
KCQeJa{rRsFW,2.384185791015625e-07,0.016971349716186523,True,3,None
KCQeJa{brsNG,2.384185791015625e-07,0.018881559371948242,True,6,None
KCQeJbM]PuV_,2.384185791015625e-07,0.026883363723754883,True,3,None
KCQeJamfRsNG,2.384185791015625e-07,0.08109688758850098,True,7,None
KCQeJbhn?}NO,2.384185791015625e-07,0.0033416748046875,True,1,None
KCQeJbhma{Fg,2.384185791015625e-07,0.003183126449584961,True,1,None
KCQeJbhm`{Jg,2.384185791015625e-07,0.0031630992889404297,True,1,None
KCQeJbhVdwFW,0.0,0.14143085479736328,True,11,None
KCQeJbXm`yLo,4.76837158203125e-07,0.062209129333496094,True,6,None
KCQeJbXmP{Lo,2.384185791015625e-07,0.013161182403564453,True,2,None
KCQeJbXjRsFo,4.76837158203125e-07,0.014631271362304688,True,4,None
KCQeJax}?}Lo,4.76837158203125e-07,0.020660400390625,True,3,None
KCQeJaxz@{JW,2.384185791015625e-07,0.003425121307373047,True,1,None
KCQeJaxnAuLo,2.384185791015625e-07,0.02575993537902832,True,6,None
KCQeJaxmayLo,2.384185791015625e-07,0.010617733001708984,True,2,None
KCQeJaxfbwLW,2.384185791015625e-07,0.014965057373046875,True,1,None
KCQeJaxjRsJo,2.384185791015625e-07,0.03153562545776367,True,4,None
KCQeJaxNUsLo,2.384185791015625e-07,0.03868985176086426,True,5,None
KCQeJaxNU[NO,2.384185791015625e-07,0.05957150459289551,True,5,None
KCQeJ`xmS{Lo,2.384185791015625e-07,0.05442094802856445,True,10,None
KCQeJbL]TsFo,2.384185791015625e-07,0.0602419376373291,True,2,None
KCQeJalmbsJg,0.0,0.04850459098815918,True,5,None
KCQeJalVdsNG,2.384185791015625e-07,0.019810199737548828,True,3,None
KCQeJalMrwZO,2.384185791015625e-07,0.011663436889648438,True,1,None
KCQeJalMrsZ_,0.0,0.014236688613891602,True,2,None
KCQeJalMq{^?,0.0,0.042713165283203125,True,5,None
KCQeJalFrs^?,4.76837158203125e-07,0.054215192794799805,True,6,None
KCQeJbJm`yN_,2.384185791015625e-07,0.0031528472900390625,True,1,None
KCQeJajmayN_,2.384185791015625e-07,0.01358652114868164,True,3,None
KCQeJajVdwNG,4.76837158203125e-07,0.05769014358520508,True,3,None
KCQeJ`jNcy^?,2.384185791015625e-07,0.03528714179992676,True,3,None
KCQeJaZnBsLg,2.384185791015625e-07,0.012173175811767578,True,3,None
KCQeJaZmbYN_,0.0,0.000911712646484375,True,1,None
KCQeJaZjRsN_,2.384185791015625e-07,0.003188610076904297,True,1,None
KCQeJ_zmUwLo,0.0,0.12081599235534668,True,8,None
KCQeJ_zbvoN_,4.76837158203125e-07,0.01680588722229004,True,2,None
KCQeJaNmbwNG,2.384185791015625e-07,0.01238250732421875,True,2,None
KCQeJaNmRsN_,0.0,0.019159555435180664,True,3,None
KCQeJRserqFo,0.0,0.05120587348937988,True,4,None
KCQeJR[]TeFo,0.0,0.04078102111816406,True,7,None
KCQeJQ{NbeZG,2.384185791015625e-07,0.05686020851135254,True,3,None
KCQeJP{]SmVO,2.384185791015625e-07,0.0888218879699707,True,5,None
KCQeJP{tTsFW,2.384185791015625e-07,0.003251314163208008,True,1,None
KCQeJP{fTsMW,0.0,0.049387454986572266,True,2,None
KCQeJP{VTsUW,2.384185791015625e-07,0.016983509063720703,True,2,None
KCQeJP{UtqUo,2.384185791015625e-07,0.014928102493286133,True,2,None
KCQeJRqerwFg,2.384185791015625e-07,0.10300755500793457,True,3,None
KCQeJRY]PyUo,0.0,0.036139488220214844,True,8,None
KCQeJQysrwFg,0.0,0.0034089088439941406,True,1,None
KCQeJQyeriN_,2.384185791015625e-07,0.012010335922241211,True,2,None
KCQeJPy{cyFg,2.384185791015625e-07,0.083709716796875,True,10,None
KCQeJPy\\S{VG,2.384185791015625e-07,0.14869093894958496,True,11,None
KCQeJQ]krqN_,2.384185791015625e-07,0.05919146537780762,True,2,None
KCQeJP]|DqFW,2.384185791015625e-07,0.01595759391784668,True,2,None
KCQeJP]]TqUo,0.0,0.13681244850158691,True,14,None
KCQeJP]]TeV_,2.384185791015625e-07,0.033844947814941406,True,3,None
KCQeJP]\\TsVG,2.384185791015625e-07,0.08678722381591797,True,3,None
KCQeJO}{cyNG,2.384185791015625e-07,0.05994582176208496,True,5,None
KCQeJRpNS{NO,2.384185791015625e-07,0.06987142562866211,True,4,None
KCQeJRXm`yMo,2.384185791015625e-07,0.013334989547729492,True,1,None
KCQeJRX]`yUo,0.0,0.07128167152404785,True,5,None
KCQeJQxmayMo,0.0,0.015974760055541992,True,2,None
KCQeJPxlQ{VO,2.384185791015625e-07,0.15228629112243652,True,14,None
KCQeJPxerwUo,2.384185791015625e-07,0.1593620777130127,True,16,None
KCQeJPxMuwUo,2.384185791015625e-07,0.013826131820678711,True,1,None
KCQeJRT]TsFo,2.384185791015625e-07,0.16089367866516113,True,11,None
KCQeJQtNbqZO,0.0,0.015105724334716797,True,2,None
KCQeJPtNdqZO,2.384185791015625e-07,0.07220125198364258,True,5,None
KCQeJPtMtwZO,2.384185791015625e-07,0.17763638496398926,True,18,None
KCQeJQ\\}BeFo,4.76837158203125e-07,0.0037407875061035156,True,1,None
KCQeJQ\\mbqMo,2.384185791015625e-07,0.03670215606689453,True,4,None
KCQeJP\\}@{UW,2.384185791015625e-07,0.05054140090942383,True,3,None
KCQeJP\\]dqUo,2.384185791015625e-07,0.06239485740661621,True,7,None
KCQeJP\\mVcFo,2.384185791015625e-07,0.05018353462219238,True,5,None
KCQeJO|nBeZO,2.384185791015625e-07,0.07594752311706543,True,5,None
KCQeJO|tdqNO,2.384185791015625e-07,0.06024169921875,True,6,None
KCQeJO|NfaZO,2.384185791015625e-07,0.03768467903137207,True,5,None
KCQeJRRNTwNO,0.0,0.00331878662109375,True,1,None
KCQeJQZnBqMo,2.384185791015625e-07,0.054872751235961914,True,5,None
KCQeJOzVdw]G,2.384185791015625e-07,0.0275423526763916,True,4,None
KCQeJOzlRwZO,0.0,0.13396668434143066,True,20,None
KCQeJQVNbq^?,2.384185791015625e-07,0.059520721435546875,True,5,None
KCQeHrwnBMJW,2.384185791015625e-07,0.041048526763916016,True,5,None
KCQeHrwnAmLW,2.384185791015625e-07,0.05729961395263672,True,4,None
KCQeHrwqrwEw,2.384185791015625e-07,0.012893199920654297,True,1,None
KCQeHrwprqFo,2.384185791015625e-07,0.1167912483215332,True,10,None
KCQeHrsrRsFW,0.0,0.04326891899108887,True,3,None
KCQeHq{rRsMW,2.384185791015625e-07,0.003586292266845703,True,1,None
KCQeHri]ayUg,0.0,0.1083228588104248,True,5,None
KCQeHrYZbqUg,2.384185791015625e-07,0.0590054988861084,True,6,None
KCQeHqy|AyLW,2.384185791015625e-07,0.013180971145629883,True,2,None
KCQeHqyzAmNG,2.384185791015625e-07,0.01363229751586914,True,3,None
KCQeHqyvBiLW,2.384185791015625e-07,0.08372616767883301,True,6,None
KCQeHqyyRwIw,4.76837158203125e-07,0.044458866119384766,True,2,None
KCQeHrenBqJW,7.152557373046875e-07,0.0033664703369140625,True,1,None
KCQeHreMqy^?,2.384185791015625e-07,0.07713007926940918,True,6,None
KCQeHreFrq^?,2.384185791015625e-07,0.010032176971435547,True,1,None
KCQeHrMMrq]_,0.0,0.016193628311157227,True,1,None
KCQeHrp}?}Lo,2.384185791015625e-07,0.014880180358886719,True,2,None
KCQeHrpMuwLo,2.384185791015625e-07,0.06118035316467285,True,6,None
KCQeHrpMu[N_,2.384185791015625e-07,0.033438920974731445,True,3,None
KCQeHrh}@{Iw,2.384185791015625e-07,0.012500524520874023,True,1,None
KCQeHrhv@mNO,2.384185791015625e-07,0.022569656372070312,True,5,None
KCQeHrhnBsIw,2.384185791015625e-07,0.0393526554107666,True,2,None
KCQeHrhnAuMo,0.0,0.003161191940307617,True,1,None
KCQeHrXnBeLo,0.0,0.043111324310302734,True,3,None
KCQeHrXnBUMo,2.384185791015625e-07,0.012992143630981445,True,1,None
KCQeHrXmbiLo,2.384185791015625e-07,0.012699127197265625,True,1,None
KCQeHrXNVcLo,2.384185791015625e-07,0.011432647705078125,True,1,None
KCQeHrXMvKN_,0.0,0.1392831802368164,True,9,None
KCQeHqx|BUJo,2.384185791015625e-07,0.1030125617980957,True,7,None
KCQeHqxvBUMo,2.384185791015625e-07,0.1633739471435547,True,9,None
KCQeHqx{ayLo,2.384185791015625e-07,0.14890623092651367,True,16,None
KCQeHqxtbUN_,2.384185791015625e-07,0.013380050659179688,True,2,None
KCQeHpxjRkZO,4.76837158203125e-07,0.03911876678466797,True,3,None
KCQeHpxhrwZO,0.0,0.11394357681274414,True,9,None
KCQeHrdNfoJW,2.384185791015625e-07,0.07753515243530273,True,3,None
KCQeHrdNbqZO,2.384185791015625e-07,0.13585829734802246,True,10,None
KCQeHrdMrsZ_,2.384185791015625e-07,0.013334274291992188,True,2,None
KCQeHrdMq{^?,2.384185791015625e-07,0.1244668960571289,True,7,None
KCQeHrLMvoMo,2.384185791015625e-07,0.030095338821411133,True,2,None
KCQeHql}BsIw,2.384185791015625e-07,0.0037598609924316406,True,1,None
KCQeHqlvBeNO,4.76837158203125e-07,0.0035986900329589844,True,1,None
KCQeHql^BeZO,2.384185791015625e-07,0.013109207153320312,True,2,None
KCQeHrbvBwFW,2.384185791015625e-07,0.014994144439697266,True,1,None
KCQeHrbv@yNO,2.384185791015625e-07,0.03459453582763672,True,3,None
KCQeHrRz@yNO,0.0,0.003495931625366211,True,1,None
KCQeHrRy`yN_,2.384185791015625e-07,0.07304692268371582,True,4,None
KCQeHrRjbqN_,4.76837158203125e-07,0.018419742584228516,True,1,None
KCQeHrRyP{N_,2.384185791015625e-07,0.0034368038177490234,True,1,None
KCQeHrRmRwLo,2.384185791015625e-07,0.013590097427368164,True,1,None
KCQeHrRNVoLo,2.384185791015625e-07,0.03022289276123047,True,2,None
KCQeHqr}AyLo,2.384185791015625e-07,0.04105019569396973,True,5,None
KCQeHqrrbqN_,2.384185791015625e-07,0.013804197311401367,True,2,None
KCQeHqryQ{N_,2.384185791015625e-07,0.020967721939086914,True,4,None
KCQeHprmVWJo,2.384185791015625e-07,0.04969668388366699,True,7,None
KCQeHprmUwLo,2.384185791015625e-07,0.08164763450622559,True,6,None
KCQeHprmU[N_,2.384185791015625e-07,0.01648116111755371,True,3,None
KCQeHprbvoN_,4.76837158203125e-07,0.019184589385986328,True,3,None
KCQeHrJ{`yN_,2.384185791015625e-07,0.01297140121459961,True,3,None
KCQeHrJ]bwUg,0.0,0.028341293334960938,True,2,None
KCQeHrJ]RwUo,2.384185791015625e-07,0.13329124450683594,True,5,None
KCQeHqj\\ay^?,2.384185791015625e-07,0.037245750427246094,True,3,None
KCQeHpj]ewUg,2.384185791015625e-07,0.0035507678985595703,True,1,None
KCQeHpj\\cy^?,2.384185791015625e-07,0.01604151725769043,True,2,None
KCQeHpjVfoUg,2.384185791015625e-07,0.003343343734741211,True,1,None
KCQeHpjVdw]G,0.0,0.142470121383667,True,18,None
KCQeHpjNei^?,2.384185791015625e-07,0.03670692443847656,True,6,None
KCQeHpjuRwUo,2.384185791015625e-07,0.03140854835510254,True,2,None
KCQeHpj]UwUo,2.384185791015625e-07,0.019637107849121094,True,3,None
KCQeHpjVVoUo,0.0,0.02019023895263672,True,5,None
KCQeHpjNVgZO,2.384185791015625e-07,0.12479615211486816,True,6,None
KCQeHpjNUw]O,2.384185791015625e-07,0.01643681526184082,True,1,None
KCQeHpjdvoN_,4.76837158203125e-07,0.0044460296630859375,True,1,None
KCQeHqZ}BiLo,2.384185791015625e-07,0.16001439094543457,True,22,None
KCQeHqZyRkN_,2.384185791015625e-07,0.04186654090881348,True,7,None
KCQeHoz{bYZ_,2.384185791015625e-07,0.03766512870788574,True,1,None
KCQeHqN|BsNG,2.384185791015625e-07,0.09508371353149414,True,5,None
KCQeN`wmO|Lo,2.384185791015625e-07,0.0034542083740234375,True,1,None
KCQeN`wbrpFo,2.384185791015625e-07,0.0034246444702148438,True,1,None
KCQeN_{mQtLo,2.384185791015625e-07,0.04253029823303223,True,2,None
KCQeN_{qrwFS,0.0,0.014627218246459961,True,1,None
KCQeN_ymaxLg,2.384185791015625e-07,0.04569649696350098,True,4,None
KCQeN_yfbqLc,2.384185791015625e-07,0.02329087257385254,True,7,None
KCQeN_yfbRN_,2.384185791015625e-07,0.09983158111572266,True,5,None
KCQeN_yuPxLo,2.384185791015625e-07,0.0033953189849853516,True,1,None
KCQeN_yuP\\N_,2.384185791015625e-07,0.018408775329589844,True,1,None
KCQeN_ymQxLo,2.384185791015625e-07,0.010137081146240234,True,1,None
KCQeN_yfRpLo,0.0,0.01314997673034668,True,2,None
KCQeN_yfRTN_,2.384185791015625e-07,0.011771917343139648,True,1,None
KCQeNPwmRkBs,2.384185791015625e-07,0.0032548904418945312,True,1,None
KCQeNPwVPtUo,0.0,0.003172159194946289,True,1,None
KCQeNPwkpxJo,2.384185791015625e-07,0.003186941146850586,True,1,None
KCQeNPw[pxRo,2.384185791015625e-07,0.0031342506408691406,True,1,None
KCQeNPwerkFc,2.384185791015625e-07,0.027616024017333984,True,4,None
KCQeNPw]G}Uo,2.384185791015625e-07,0.0032660961151123047,True,1,None
KCQeMpwmRLFo,2.384185791015625e-07,0.003207683563232422,True,1,None
KCQeMpwmPlLo,0.0,0.0031456947326660156,True,1,None
KCQeMpw]P\\Uo,0.0,0.16568207740783691,True,11,None
KCQeMpwjRdFo,2.384185791015625e-07,0.013984203338623047,True,2,None
KCQeMpwXp{VC,2.384185791015625e-07,0.003487825393676758,True,1,None
KCQeMpwXptV_,0.0,0.0034193992614746094,True,1,None
KCQeMpw[l[Fg,4.76837158203125e-07,0.0034093856811523438,True,1,None
KCQeMo{mRTMo,2.384185791015625e-07,0.02029561996459961,True,2,None
KCQeMoymbhLg,2.384185791015625e-07,0.015552043914794922,True,1,None
KCQeMoymRhLo,2.384185791015625e-07,0.016669511795043945,True,2,None
KCQeMoymRLN_,0.0,0.09888792037963867,True,7,None
KCQeMoyxP{NC,2.384185791015625e-07,0.04067683219909668,True,7,None
KCQeMoylRTN_,2.384185791015625e-07,0.010852813720703125,True,1,None
KCQeLpwmRLJo,2.384185791015625e-07,0.04845905303955078,True,4,None
KCQeLpwwq{Fc,2.384185791015625e-07,0.05491495132446289,True,5,None
KCQeLpwkqxLo,4.76837158203125e-07,0.017081737518310547,True,4,None
KCQeLpwerXMo,2.384185791015625e-07,0.04668760299682617,True,3,None
KCQeLpwbrpMo,2.384185791015625e-07,0.012134313583374023,True,1,None
KCQeLo{qrkNC,2.384185791015625e-07,0.012116670608520508,True,2,None
KCQeLpqybwBk,2.384185791015625e-07,0.032584190368652344,True,2,None
KCQeLpqfRTN_,2.384185791015625e-07,0.011928796768188477,True,2,None
KCQeLpi[hyZ_,2.384185791015625e-07,0.07236504554748535,True,6,None
KCQeLpY[lYN_,2.384185791015625e-07,0.012896299362182617,True,1,None
KCQeJpw]TLRo,2.384185791015625e-07,0.013073205947875977,True,2,None
KCQeJpw]S\\Uo,2.384185791015625e-07,0.02380657196044922,True,4,None
KCQeND[]dqFc,2.384185791015625e-07,0.014178037643432617,True,2,None
KCQeND[]`yVC,2.384185791015625e-07,0.01113581657409668,True,2,None
KCQeMTs]TwFS,2.384185791015625e-07,0.12449193000793457,True,13,None
KCQeMTs]TsFc,0.0,0.1589362621307373,True,5,None
KCQeLTsVJsVG,4.76837158203125e-07,0.034297943115234375,True,3,None
KCQeMLwmbpFg,0.0,0.13428401947021484,True,9,None
KCQeMLw]`rV_,2.384185791015625e-07,0.0037543773651123047,True,1,None
KCQRFa{fb[LW,2.384185791015625e-07,0.03337597846984863,True,4,None
KCQRFbiVd[Fg,0.0,0.03674030303955078,True,4,None
KCQRFamjauN_,2.384185791015625e-07,0.10083699226379395,True,8,None
KCQRF`my`{Rg,0.0,0.1712477207183838,True,25,None
KCQRF`mZdsRg,2.384185791015625e-07,0.03345918655395508,True,5,None
KCQRFa]jbsLg,4.76837158203125e-07,0.07360458374023438,True,5,None
KCQRFaZnB[Lo,2.384185791015625e-07,0.011006355285644531,True,1,None
KCQRFRqja{Fg,2.384185791015625e-07,0.061506032943725586,True,3,None
KCQRFRqZ`{Rg,2.384185791015625e-07,0.05308175086975098,True,4,None
KCQRFRi^?}Uo,2.384185791015625e-07,0.014128446578979492,True,1,None
KCQRFRi\\`{Rg,2.384185791015625e-07,0.06011629104614258,True,5,None
KCQRFRYjbkFg,2.384185791015625e-07,0.014242887496948242,True,2,None
KCQRFRYj`{Mg,7.152557373046875e-07,0.14913272857666016,True,12,None
KCQRFPy^C]Uo,4.76837158203125e-07,0.13193750381469727,True,15,None
KCQRFPyZdiRo,2.384185791015625e-07,0.1214447021484375,True,11,None
KCQRFRUn@uLo,2.384185791015625e-07,0.01581120491027832,True,2,None
KCQRFRpV`{To,0.0,0.11636495590209961,True,9,None
KCQRFRhf`{Mo,2.384185791015625e-07,0.12450361251831055,True,7,None
KCQRFRXjbkFo,4.76837158203125e-07,0.01233220100402832,True,1,None
KCQRFQxx`{Jo,2.384185791015625e-07,0.13054680824279785,True,7,None
KCQRFQxt`{Lo,2.384185791015625e-07,0.04051637649536133,True,2,None
KCQRFQxfbkLo,7.152557373046875e-07,0.12334537506103516,True,7,None
KCQRFPxr`{Uo,2.384185791015625e-07,0.06950974464416504,True,2,None
KCQRFPxZc{Uo,2.384185791015625e-07,0.09786844253540039,True,7,None
KCQRFRTm`{Lo,2.384185791015625e-07,0.012404680252075195,True,2,None
KCQRFQtya{Fo,0.0,0.01685953140258789,True,3,None
KCQRFQtub[Fo,2.384185791015625e-07,0.09063577651977539,True,5,None
KCQRFPtyc{Fo,2.384185791015625e-07,0.14355826377868652,True,7,None
KCQRFP\\y`{Uo,2.384185791015625e-07,0.014551401138305664,True,5,None
KCQRFP\\]d[Uo,4.76837158203125e-07,0.14416766166687012,True,15,None
KCQRFP\\\\dsTo,2.384185791015625e-07,0.007948160171508789,True,2,None
KCQRFO|{`{Xo,2.384185791015625e-07,0.12270617485046387,True,3,None
KCQRFO|tdsLo,2.384185791015625e-07,0.01592087745666504,True,1,None
KCQRFRRz@{Fo,0.0,0.04792308807373047,True,5,None
KCQRFRR^@{To,2.384185791015625e-07,0.08122372627258301,True,3,None
KCQRFQrz@{Jo,4.76837158203125e-07,0.10167217254638672,True,9,None
KCQRFQrZ`{Z_,2.384185791015625e-07,0.042505741119384766,True,3,None
KCQRFRJn@{Mo,2.384185791015625e-07,0.07345247268676758,True,6,None
KCQRFRJ^@{Uo,2.384185791015625e-07,0.04674935340881348,True,5,None
KCQRFQjnBkJo,2.384185791015625e-07,0.06610536575317383,True,4,None
KCQRFQj^A{Uo,2.384185791015625e-07,0.06497359275817871,True,7,None
KCQRFQjtbwFo,4.76837158203125e-07,0.06711220741271973,True,8,None
KCQRFQZZbkV_,2.384185791015625e-07,0.011003732681274414,True,1,None
KCQRFPZ^D[Uo,0.0,0.015493154525756836,True,3,None
KCQRFOzzA{Uo,0.0,0.017028331756591797,True,1,None
KCQRFOz^EkTo,2.384185791015625e-07,0.013955831527709961,True,2,None
KCQRFOz^E[Uo,2.384185791015625e-07,0.005879640579223633,True,1,None
KCQRFOzZewUo,2.384185791015625e-07,0.20110368728637695,True,16,None
KCQRFOvy`{Z_,2.384185791015625e-07,0.13158082962036133,True,9,None
KCQRFOv]d[Z_,2.384185791015625e-07,0.15594220161437988,True,10,None
KCQRErk]`{Sw,2.384185791015625e-07,0.1621396541595459,True,17,None
KCQREqy|B[Dw,2.384185791015625e-07,0.060237884521484375,True,5,None
KCQREren@]NO,2.384185791015625e-07,0.06640982627868652,True,6,None
KCQREqmnBsKw,2.384185791015625e-07,0.12303853034973145,True,7,None
KCQREpmy`yUo,2.384185791015625e-07,0.03906559944152832,True,3,None
KCQREpmZdqUo,2.384185791015625e-07,0.20644617080688477,True,20,None
KCQREqrzB[Fo,2.384185791015625e-07,0.04432821273803711,True,5,None
KCQREqfnBsLo,2.384185791015625e-07,0.05442929267883301,True,4,None
KCQRDrsmb[Hw,2.384185791015625e-07,0.02421402931213379,True,3,None
KCQRDrsr`]NO,4.76837158203125e-07,0.05730152130126953,True,3,None
KCQRDrkubMFo,2.384185791015625e-07,0.032416582107543945,True,3,None
KCQRDq{tb[LW,2.384185791015625e-07,0.13239765167236328,True,9,None
KCQRDrema]N_,2.384185791015625e-07,0.06909918785095215,True,8,None
KCQRDrU}@]Lo,4.76837158203125e-07,0.1663064956665039,True,9,None
KCQRDrUz@{LW,2.384185791015625e-07,0.016690492630004883,True,4,None
KCQRDpmxbsRg,2.384185791015625e-07,0.018872737884521484,True,3,None
KCQRDpmZfcRg,0.0,0.06971955299377441,True,5,None
KCQRDrTjb[NO,2.384185791015625e-07,0.11737537384033203,True,11,None
KCQRDrbNa{\\_,2.384185791015625e-07,0.015337228775024414,True,4,None
KCQRFE{nBsHw,2.384185791015625e-07,0.014467716217041016,True,2,None
KCQRFE]NfoLg,2.384185791015625e-07,0.0205996036529541,True,3,None
KCQRFE]Nbw\\G,2.384185791015625e-07,0.08056330680847168,True,5,None
KCQRFE\\}B[Fo,2.384185791015625e-07,0.018398046493530273,True,2,None
KCQRFE\\mb[N_,2.384185791015625e-07,0.023560285568237305,True,2,None
KCQRFEZZbwV_,2.384185791015625e-07,0.09114599227905273,True,5,None
KCQRFEZNbw\\_,2.384185791015625e-07,0.015433788299560547,True,2,None
KCQRFDZ^DwTo,2.384185791015625e-07,0.13046813011169434,True,10,None
KCQREfwz@{Dw,4.76837158203125e-07,0.029704809188842773,True,3,None
KCQREe{z@{LW,2.384185791015625e-07,0.03927302360534668,True,7,None
KCQREfiz@{Fg,0.0,0.009646177291870117,True,1,None
KCQRBVwz?}Uo,2.384185791015625e-07,0.018787145614624023,True,2,None
KCQRBVwr`yUo,2.384185791015625e-07,0.030781030654907227,True,1,None
KCQRBVi^CyUo,2.384185791015625e-07,0.12992572784423828,True,10,None
KCQRBVXz@{Uo,2.384185791015625e-07,0.011614084243774414,True,2,None
KCQRBUtme[N_,2.384185791015625e-07,0.037525177001953125,True,3,None
KCQQVbk]d[Ew,2.384185791015625e-07,0.04461264610290527,True,5,None
KCQQVbk\\dsDw,4.76837158203125e-07,0.017476797103881836,True,2,None
KCQQVbk\\d[FW,2.384185791015625e-07,0.018138408660888672,True,3,None
KCQQVa{lb[LW,2.384185791015625e-07,0.01177525520324707,True,1,None
KCQQVaxlb[Lo,2.384185791015625e-07,0.014145851135253906,True,2,None
KCQQVallbsLo,2.384185791015625e-07,0.041100263595581055,True,3,None
KCQQVajjbwMo,2.384185791015625e-07,0.13406729698181152,True,7,None
KCQUbRwlP]Lo,2.384185791015625e-07,0.136427640914917,True,11,None
KCQUbRsjPuLo,2.384185791015625e-07,0.08581399917602539,True,7,None
KCQUbRk{P{Dw,2.384185791015625e-07,0.020865440368652344,True,5,None
KCQUbQ{|@]LW,4.76837158203125e-07,0.15217876434326172,True,10,None
KCQUbQ{nBMLW,4.76837158203125e-07,0.04034709930419922,True,6,None
KCQUbQ{{P]Lo,2.384185791015625e-07,0.05228900909423828,True,6,None
KCQUbQ{mRMLo,2.384185791015625e-07,0.024817466735839844,True,5,None
KCQUbQ{krYLo,2.384185791015625e-07,0.014007806777954102,True,1,None
KCQUbRejPyNO,0.0,0.013924837112426758,True,1,None
KCQUbPmwpyV_,2.384185791015625e-07,0.12205767631530762,True,10,None
KCQUbRpZT[Fo,2.384185791015625e-07,0.08980274200439453,True,8,None
KCQUbRh\\P{To,7.152557373046875e-07,0.016783714294433594,True,2,None
KCQUbRhZP{Uo,2.384185791015625e-07,0.0316009521484375,True,5,None
KCQUbRhNRkTo,2.384185791015625e-07,0.06356120109558105,True,4,None
KCQUbRhNR[Uo,2.384185791015625e-07,0.12317657470703125,True,13,None
KCQUbRhLtwLo,2.384185791015625e-07,0.043920278549194336,True,5,None
KCQUbRhLt[N_,0.0,0.045447349548339844,True,6,None
KCQUbQx|B[Dw,2.384185791015625e-07,0.039649248123168945,True,3,None
KCQUbQxjRkLo,2.384185791015625e-07,0.043805599212646484,True,5,None
KCQUbQxXt[N_,0.0,0.01261138916015625,True,1,None
KCQUbRdjbwFW,2.384185791015625e-07,0.171614408493042,True,9,None
KCQUbQtmbYLo,2.384185791015625e-07,0.0503079891204834,True,4,None
KCQUbQtjbwLW,4.76837158203125e-07,0.04393911361694336,True,4,None
KCQUbQljbwMW,2.384185791015625e-07,0.13527250289916992,True,6,None
KCQUbQlMvKN_,2.384185791015625e-07,0.023601293563842773,True,2,None
KCQUbPlmVKFo,2.384185791015625e-07,0.11606121063232422,True,11,None
KCQUbPlmR[Uo,2.384185791015625e-07,0.00730586051940918,True,1,None
KCQUbPljRsUo,2.384185791015625e-07,0.13920855522155762,True,16,None
KCQUbRbjbwFg,0.0,0.025936365127563477,True,3,None
KCQUbQrjbYN_,2.384185791015625e-07,0.042975664138793945,True,1,None
KCQUbQjxbwFg,0.0,0.01582813262939453,True,1,None
KCQUbQjjbiN_,0.0,0.028339385986328125,True,2,None
KCQUbQjZbiV_,4.76837158203125e-07,0.024434328079223633,True,3,None
KCQUbQfybwFg,0.0,0.2107524871826172,True,27,None
KCQUbQfjbqN_,2.384185791015625e-07,0.04714822769165039,True,3,None
KCQUbOnmVKN_,2.384185791015625e-07,0.01260685920715332,True,1,None
KCQUbJwy`]Fg,2.384185791015625e-07,0.014796972274780273,True,1,None
KCQUbJk}@uDw,2.384185791015625e-07,0.013290166854858398,True,2,None
KCQUbJkyPuFo,2.384185791015625e-07,0.013643503189086914,True,1,None
KCQUbImjbqNG,2.384185791015625e-07,0.015455484390258789,True,3,None
KCQUbJhy`yFo,0.0,0.01962900161743164,True,2,None
KCQUbJhjbsFg,2.384185791015625e-07,0.013785600662231445,True,1,None
KCQUbJhZdsFg,0.0,0.04619646072387695,True,7,None
KCQUbJhZ`uV_,2.384185791015625e-07,0.015566349029541016,True,3,None
KCQUbHlitwNO,0.0,0.014053106307983398,True,1,None
KCQU`Y{zBUMW,0.0,0.11905431747436523,True,4,None
KCQU`Ym}BiLW,2.384185791015625e-07,0.007552146911621094,True,2,None
KCQU`XmybqUg,2.384185791015625e-07,0.01390385627746582,True,2,None
KCQU`XmwvoFg,2.384185791015625e-07,0.07685375213623047,True,4,None
KCQU`Zh[t[N_,2.384185791015625e-07,0.1204981803894043,True,5,None
KCQU`ZhMvWMo,2.384185791015625e-07,0.014939069747924805,True,2,None
KCQU`ZhXtwNO,2.384185791015625e-07,0.014139652252197266,True,2,None
KCQU`Yx}BMLo,0.0,0.018203020095825195,True,2,None
KCQU`YlXvoNO,4.76837158203125e-07,0.04250669479370117,True,5,None
KCQU`XlzDeNO,2.384185791015625e-07,0.01769733428955078,True,1,None
KCQU`XlyRsUo,2.384185791015625e-07,0.013854265213012695,True,3,None
KCQU`XlYvoUo,4.76837158203125e-07,0.07140016555786133,True,3,None
KCQU`ZbmbYN_,0.0,0.045569419860839844,True,5,None
KCQU`Yj\\Rs\\_,2.384185791015625e-07,0.08787012100219727,True,6,None
KCQU`XjyRwUo,2.384185791015625e-07,0.07016801834106445,True,4,None
KCQU`Wn{VSN_,2.384185791015625e-07,0.03295302391052246,True,2,None
KCQU`WnxVoNO,0.0,0.1388101577758789,True,10,None
KCQUfO{[nWDw,2.384185791015625e-07,0.011365652084350586,True,1,None
KCQUfO{LnWLW,4.76837158203125e-07,0.13675403594970703,True,13,None
KCQUfOm{`yLc,2.384185791015625e-07,0.011945724487304688,True,2,None
KCQUfOmybhFg,0.0,0.015393257141113281,True,2,None
KCQUfOmxRsFc,2.384185791015625e-07,0.012139558792114258,True,1,None
KCQUfOmlR[NC,2.384185791015625e-07,0.045639753341674805,True,3,None
KCQUfOm[jwTg,2.384185791015625e-07,0.01431727409362793,True,2,None
KCQUfOmYjiV_,2.384185791015625e-07,0.011916637420654297,True,2,None
KCQUfOmJngNG,2.384185791015625e-07,0.03418302536010742,True,3,None
KCQUdpkmbXKw,2.384185791015625e-07,0.05761599540710449,True,5,None
KCQUdpkkrXLo,2.384185791015625e-07,0.039948463439941406,True,3,None
KCQUdpixbwDk,2.384185791015625e-07,0.0657353401184082,True,3,None
KCQUdpemR[Lc,2.384185791015625e-07,0.013495683670043945,True,2,None
KCQUdom{bYLc,2.384185791015625e-07,0.035082340240478516,True,1,None
KCQUdXkjbpMW,2.384185791015625e-07,0.012929201126098633,True,2,None
KCQUdXkZNcFW,2.384185791015625e-07,0.1513805389404297,True,7,None
KCQUdXkZLsMW,2.384185791015625e-07,0.021705150604248047,True,3,None
KCQUbUk]R[Uc,2.384185791015625e-07,0.022105693817138672,True,4,None
KCQUbUkYrwUc,2.384185791015625e-07,0.15725111961364746,True,20,None
KCQUbUkmJwKw,2.384185791015625e-07,0.04486274719238281,True,2,None
KCQUbUkmJYMo,0.0,0.012961149215698242,True,3,None
KCQUbTkyPxUo,0.0,0.04830169677734375,True,5,None
KCQUbTkxTwFS,2.384185791015625e-07,0.07818078994750977,True,6,None
KCQUbTkZTpUo,2.384185791015625e-07,0.06016683578491211,True,8,None
KCQUbTkZTdV_,2.384185791015625e-07,0.14917230606079102,True,10,None
KCQUbTkyHyUo,2.384185791015625e-07,0.01414632797241211,True,2,None
KCQTbRwtR[Dw,2.384185791015625e-07,0.08742809295654297,True,5,None
KCQTbRsv@]LW,0.0,0.08522367477416992,True,7,None
KCQTbRsnA]LW,2.384185791015625e-07,0.06586813926696777,True,3,None
KCQTbRsuP]Lo,2.384185791015625e-07,0.011053085327148438,True,3,None
KCQTbRenAyLW,0.0,0.14932823181152344,True,16,None
KCQTbReyO}N_,4.76837158203125e-07,0.043120384216308594,True,4,None
KCQTbRUnBYLW,2.384185791015625e-07,0.054601192474365234,True,2,None
KCQTbRUyR[Fg,2.384185791015625e-07,0.14096570014953613,True,17,None
KCQTbRpnA]Lo,2.384185791015625e-07,0.07224154472351074,True,6,None
KCQTbRhdr[N_,4.76837158203125e-07,0.2088489532470703,True,24,None
KCQTbRdrbwFW,4.76837158203125e-07,0.02831101417541504,True,4,None
KCQTbRdNUsLo,2.384185791015625e-07,0.06914377212524414,True,7,None
KCQTbRTjbwLW,2.384185791015625e-07,0.04001569747924805,True,5,None
KCQTbQtrbwLW,2.384185791015625e-07,0.2394108772277832,True,32,None
KCQTbPlsvWFo,2.384185791015625e-07,0.015578269958496094,True,3,None
KCQTbPlkr[Z_,2.384185791015625e-07,0.0648503303527832,True,6,None
KCQTbRbZ`yZ_,2.384185791015625e-07,0.2145860195159912,True,25,None
KCQTbQrrbYN_,4.76837158203125e-07,0.037079572677612305,True,3,None
KCQTbRFzBwFW,2.384185791015625e-07,0.08590865135192871,True,6,None
KCQTbRFnBqLo,2.384185791015625e-07,0.05520796775817871,True,5,None
KCQTbRFy`yN_,2.384185791015625e-07,0.019114255905151367,True,3,None
KCQTbRFjbqN_,4.76837158203125e-07,0.04256749153137207,True,4,None
KCQTbQf]R[Z_,4.76837158203125e-07,0.020539283752441406,True,3,None
KCQTbPfycyN_,4.76837158203125e-07,0.042714595794677734,True,6,None
KCQTbPfy`yZ_,2.384185791015625e-07,0.013965845108032227,True,1,None
KCQTbPfjeqN_,2.384185791015625e-07,0.15952610969543457,True,21,None
KCQTbPfZdqZ_,4.76837158203125e-07,0.10086345672607422,True,10,None
KCQTbPfmU[N_,4.76837158203125e-07,0.012825489044189453,True,3,None
KCQTbJwy`yHw,2.384185791015625e-07,0.01313018798828125,True,1,None
KCQTbJwr`uLg,2.384185791015625e-07,0.0624699592590332,True,5,None
KCQTbJiz@yJW,2.384185791015625e-07,0.10815668106079102,True,5,None
KCQTbJYz@]NG,2.384185791015625e-07,0.035186767578125,True,5,None
KCQTbIyyayLg,2.384185791015625e-07,0.01831984519958496,True,2,None
KCQTbIyrbYNG,2.384185791015625e-07,0.05029559135437012,True,4,None
KCQTbJMNVoLW,2.384185791015625e-07,0.04344344139099121,True,5,None
KCQTbJMNRs\\G,0.0,0.06027936935424805,True,6,None
KCQTbImZQu^?,2.384185791015625e-07,0.012286901473999023,True,2,None
KCQTbImUrw\\G,2.384185791015625e-07,0.0803673267364502,True,5,None
KCQTbHmZSu^?,2.384185791015625e-07,0.04398798942565918,True,6,None
KCQTbJh}A{Dw,2.384185791015625e-07,0.06026029586791992,True,4,None
KCQTbJX}@]Lo,0.0,0.031276702880859375,True,3,None
KCQTbIx}A]Lo,0.0,0.04910135269165039,True,3,None
KCQTbJLMvoLo,2.384185791015625e-07,0.015833139419555664,True,1,None
KCQTbIlyauN_,4.76837158203125e-07,0.030903339385986328,True,4,None
KCQTbIlubwLW,2.384185791015625e-07,0.13215231895446777,True,7,None
KCQTbIl]UsLo,4.76837158203125e-07,0.03383374214172363,True,5,None
KCQTbIl]RsXo,2.384185791015625e-07,0.006369590759277344,True,1,None
KCQTbIlUvoLo,0.0,0.09249305725097656,True,5,None
KCQTbJJy`yN_,4.76837158203125e-07,0.03543400764465332,True,2,None
KCQTbIj}BwHw,2.384185791015625e-07,0.059092044830322266,True,4,None
KCQTbIjzAyNO,4.76837158203125e-07,0.04053783416748047,True,6,None
KCQTbIjyayN_,2.384185791015625e-07,0.013861894607543945,True,4,None
KCQTbIjubwLg,2.384185791015625e-07,0.11815428733825684,True,12,None
KCQTbIj]bYZ_,2.384185791015625e-07,0.12687039375305176,True,8,None
KCQTbIj]RwXo,0.0,0.013573408126831055,True,1,None
KCQTbIj]Q{\\_,7.152557373046875e-07,0.01533651351928711,True,1,None
KCQTbIjYrwZ_,2.384185791015625e-07,0.05149078369140625,True,5,None
KCQTbIjUrw\\_,4.76837158203125e-07,0.011660099029541016,True,1,None
KCQTbHjycyN_,2.384185791015625e-07,0.12847018241882324,True,13,None
KCQTbHjy`yZ_,0.0,0.0813283920288086,True,8,None
KCQTbHjZdqZ_,2.384185791015625e-07,0.14724087715148926,True,12,None
KCQTbHjYtwZ_,2.384185791015625e-07,0.17976808547973633,True,27,None
KCQTbIZybwLg,2.384185791015625e-07,0.028986215591430664,True,5,None
KCQTbGnzEqNO,2.384185791015625e-07,0.019109487533569336,True,3,None
KCQTbGnYvoZ_,2.384185791015625e-07,0.08468484878540039,True,4,None
KCQTaZeNVoLW,2.384185791015625e-07,0.15122747421264648,True,11,None
KCQTaZdMvoLo,2.384185791015625e-07,0.05136895179748535,True,4,None
KCQTaZbNfoLg,2.384185791015625e-07,0.12344932556152344,True,13,None
KCQTaZb]RwTo,4.76837158203125e-07,0.16762781143188477,True,7,None
KCQTf`kubYDs,2.384185791015625e-07,0.06872415542602539,True,7,None
KCQTf`kuR[Ds,2.384185791015625e-07,0.015281438827514648,True,3,None
KCQTepk|BTDw,2.384185791015625e-07,0.1708056926727295,True,17,None
KCQTepk{bXDw,4.76837158203125e-07,0.046094417572021484,True,3,None
KCQTepenBTLg,2.384185791015625e-07,0.021461009979248047,True,1,None
KCQTedk}BXDw,2.384185791015625e-07,0.011305809020996094,True,1,None
KCQTedkmR[Lc,0.0,0.01301431655883789,True,3,None
KCQTddkvBXLW,2.384185791015625e-07,0.17175865173339844,True,27,None
KCQTddkubYLc,2.384185791015625e-07,0.16497516632080078,True,8,None
KCQTeTw\\bYTc,4.76837158203125e-07,0.06544685363769531,True,6,None
KCQTeTsnBYLS,0.0,0.09063935279846191,True,6,None
KCQTeTsnBXLW,0.0,0.03007364273071289,True,4,None
KCQTeTsNNWLW,2.384185791015625e-07,0.07573318481445312,True,4,None
KCQTeTsNNQLo,2.384185791015625e-07,0.04343152046203613,True,6,None
KCQTbVcmaZN_,0.0,0.05294156074523926,True,4,None
KCQTbVcVLwLW,4.76837158203125e-07,0.016283035278320312,True,4,None
KCQTbVK{bXFg,2.384185791015625e-07,0.06829690933227539,True,9,None
KCQTbVK{JwDw,2.384185791015625e-07,0.016872644424438477,True,2,None
KCQTbTkYthZ_,0.0,0.0783379077911377,True,12,None
KCQTeLw}BXDw,0.0,0.09070014953613281,True,10,None
KCQTeLwnBYLS,0.0,0.11464309692382812,True,11,None
KCQTeLknBpLW,4.76837158203125e-07,0.015621185302734375,True,4,None
KCQTeLkjRpNO,2.384185791015625e-07,0.06066107749938965,True,8,None
KCQTbNgfbwLK,0.0,0.03357958793640137,True,2,None
KCQTbNgfbXNG,0.0,0.029003620147705078,True,4,None
KCQTbNgYsxN_,0.0,0.016344785690307617,True,2,None
KCQTbNgMuXN_,2.384185791015625e-07,0.07714700698852539,True,8,None
KCQTbNgMrXZ_,2.384185791015625e-07,0.043732404708862305,True,4,None
KCQTbNgJupN_,4.76837158203125e-07,0.07571959495544434,True,7,None
KCQTbNgJrpZ_,2.384185791015625e-07,0.0722198486328125,True,4,None
KCQTbMkzArNO,2.384185791015625e-07,0.10970783233642578,True,7,None
KCQTbMkubwLK,4.76837158203125e-07,0.01696610450744629,True,1,None
KCQTbMkVVPNO,2.384185791015625e-07,0.03548073768615723,True,5,None
KCQTbMkrJqNO,0.0,0.06519055366516113,True,8,None
KCQTbLkiqx^?,2.384185791015625e-07,0.02009725570678711,True,4,None
KCQTbLkYtpZ_,2.384185791015625e-07,0.1496727466583252,True,12,None
KCQTbLkYsx^?,4.76837158203125e-07,0.01568150520324707,True,3,None
KCQTa\\kkrX^?,2.384185791015625e-07,0.013333797454833984,True,2,None
KCQRRRwz@mQw,4.76837158203125e-07,0.12802982330322266,True,10,None
KCQRRRwx`mRg,2.384185791015625e-07,0.048633575439453125,True,4,None
KCQRRRU|DqDw,2.384185791015625e-07,0.052924156188964844,True,7,None
KCQRRRbNdiZ_,4.76837158203125e-07,0.015001058578491211,True,2,None
KCQRRQrZdiZ_,0.0,0.17603659629821777,True,19,None
KCQRRQrRvgV_,2.384185791015625e-07,0.15566444396972656,True,15,None
KCQRVak|?}LS,2.384185791015625e-07,0.015512466430664062,True,2,None
KCQRVakTtwLS,2.384185791015625e-07,0.02065753936767578,True,3,None
KCQRVa[jJkLW,2.384185791015625e-07,0.017089128494262695,True,2,None
KCQRVPwTthTo,4.76837158203125e-07,0.020496845245361328,True,4,None
KCQRVPsy`{Qk,2.384185791015625e-07,0.03841996192932129,True,4,None
KCQRVPser[Uc,2.384185791015625e-07,0.0710756778717041,True,7,None
KCQRVP[yTkEs,2.384185791015625e-07,0.07982826232910156,True,6,None
KCQRTjobjsLg,2.384185791015625e-07,0.15114068984985352,True,6,None
KCQRUTwZThUo,2.384185791015625e-07,0.013389110565185547,True,2,None
KCQRUTs\\dpTg,2.384185791015625e-07,0.042865753173828125,True,2,None
KCQRUTsyPxUo,2.384185791015625e-07,0.11868023872375488,True,12,None
KCQRRVohpxZ_,2.384185791015625e-07,0.015908479690551758,True,2,None
KCQRRUsqrwUc,2.384185791015625e-07,0.649195671081543,True,104,None
KCQRRUsYthZ_,2.384185791015625e-07,2.823721408843994,True,329,None
KCRbdO{|EUB[,2.384185791015625e-07,0.023929834365844727,True,3,None
KCRbcqwyO}Ks,2.384185791015625e-07,0.031560659408569336,True,3,None
KCRbcqwhquLc,2.384185791015625e-07,0.02239227294921875,True,3,None
KCRbcqwdr[LK,2.384185791015625e-07,0.1767268180847168,True,11,None
KCRbcqwdrXLW,2.384185791015625e-07,0.05371832847595215,True,4,None
KCRbcqwxJUBw,4.76837158203125e-07,0.0220947265625,True,3,None
KCRbcqw\\H]XW,2.384185791015625e-07,0.01324605941772461,True,1,None
KCRbcqwqZ[Ew,2.384185791015625e-07,0.003774881362915039,True,1,None
KCRbcqwpZ[FW,2.384185791015625e-07,0.05864357948303223,True,4,None
KCRbcqhnAuKs,2.384185791015625e-07,0.0981142520904541,True,10,None
KCRbcqhNUkLS,2.384185791015625e-07,0.011464357376098633,True,2,None
KCRbcqh{I{Dw,0.0,0.14539599418640137,True,12,None
KCRbcqhyH{Iw,2.384185791015625e-07,0.0216372013092041,True,2,None
KCRbcqhuJ[Ew,2.384185791015625e-07,0.017146587371826172,True,2,None
KCRbcqhuJMFo,2.384185791015625e-07,0.05407452583312988,True,2,None
KCRbcqhmJkHw,2.384185791015625e-07,0.039643049240112305,True,7,None
KCRbcqhxJsBw,4.76837158203125e-07,0.05306363105773926,True,6,None
KCRbcqhwi{Fg,4.76837158203125e-07,0.0062007904052734375,True,1,None
KCRbcqhsh{Lg,2.384185791015625e-07,0.012773990631103516,True,2,None
KCRbcqhwX{Jo,2.384185791015625e-07,0.012709617614746094,True,2,None
KCRcrPw[tYQs,0.0,0.0157315731048584,True,2,None
KCRcrPwihmYg,2.384185791015625e-07,0.012428998947143555,True,2,None
KCRcrPwejMUg,2.384185791015625e-07,0.04662442207336426,True,5,None
KCRcrPwXkuUg,0.0,0.034540414810180664,True,3,None
KCRcrPwFnIUW,0.0,0.03752899169921875,True,7,None
KCRcrPww\\kBw,2.384185791015625e-07,0.01378321647644043,True,2,None
KCRcrPwi\\kIw,0.0,0.01047515869140625,True,1,None
KCRcrPwp\\kFW,2.384185791015625e-07,0.027100086212158203,True,5,None
KCRcrPwP|kVG,2.384185791015625e-07,0.1062319278717041,True,13,None
KCRcrPwB|k]G,2.384185791015625e-07,0.026384592056274414,True,2,None
KCRcrPX]LkSw,2.384185791015625e-07,0.13032889366149902,True,8,None
KCRcrPXZLkUW,2.384185791015625e-07,0.19085073471069336,True,16,None
KCRcrOx]MkSw,2.384185791015625e-07,0.017904043197631836,True,2,None
KCRcrOxFng[W,2.384185791015625e-07,0.02015995979309082,True,3,None
KCRV@qw]JMPw,0.0,0.012427806854248047,True,2,None
KCRV@qwVJUSw,4.76837158203125e-07,0.18431448936462402,True,15,None
KCRV@qwVH][W,2.384185791015625e-07,0.013142585754394531,True,1,None
KCRV@qwwh]Jg,2.384185791015625e-07,0.021261930465698242,True,2,None
KCRV@qw[h]Xg,2.384185791015625e-07,0.16798138618469238,True,7,None
KCRV@qwMjMXg,2.384185791015625e-07,0.09037590026855469,True,5,None
KCRV@qwFjU[g,0.0,0.022620201110839844,True,2,None
KCRV@qw[][Dw,2.384185791015625e-07,0.006474494934082031,True,1,None
KCRV@qwiZ[Iw,2.384185791015625e-07,0.06743860244750977,True,3,None
KCRV@qwazwKw,0.0,0.010913610458374023,True,1,None
KCRV@qwaziLo,2.384185791015625e-07,0.05388450622558594,True,4,None
KCRV@qwE~KLg,0.0,0.015399456024169922,True,2,None
KCRV@qs}@]H[,0.0,0.015007972717285156,True,2,None
KCRV@qsjaVNG,2.384185791015625e-07,0.05304288864135742,True,8,None
KCRV@qsVfQD[,2.384185791015625e-07,0.09181547164916992,True,6,None
KCRV@qsuP]LS,2.384185791015625e-07,0.12273430824279785,True,9,None
KCRV@qsmQVLo,2.384185791015625e-07,0.1575160026550293,True,19,None
KCRV@qsjRTJW,2.384185791015625e-07,0.0701451301574707,True,3,None
KCRV@qsbrsLK,2.384185791015625e-07,0.01605701446533203,True,3,None
KCRV@qsbrUNC,0.0,0.04900527000427246,True,2,None
KCRV@qsyH]JW,2.384185791015625e-07,0.14048337936401367,True,11,None
KCRV@qsmJUHw,2.384185791015625e-07,0.06861352920532227,True,6,None
KCRV@qsfJULW,4.76837158203125e-07,0.20256495475769043,True,38,None
KCRV@qsqZsDw,2.384185791015625e-07,0.07557272911071777,True,3,None
KCRV@qktbUFK,2.384185791015625e-07,0.056015729904174805,True,6,None
KCRV@qktbRFW,4.76837158203125e-07,0.035939931869506836,True,5,None
KCRV@qkpprNO,2.384185791015625e-07,0.03451395034790039,True,3,None
KCRV@qk{H]JW,2.384185791015625e-07,0.0793299674987793,True,6,None
KCRV@qkqZsEw,0.0,0.0115509033203125,True,1,None
KCRV@qkeZsKw,2.384185791015625e-07,0.09426379203796387,True,7,None
KCRV@qkTZsTW,2.384185791015625e-07,0.01658940315246582,True,1,None
KCQvBOywkyJg,2.384185791015625e-07,0.06288313865661621,True,5,None
KCQv@rWNfIH[,2.384185791015625e-07,0.06142306327819824,True,5,None
KCQv@rWdrULc,2.384185791015625e-07,0.05611371994018555,True,3,None
KCQv@rWyH]Iw,2.384185791015625e-07,0.13472437858581543,True,11,None
KCQv@rWxI]FW,4.76837158203125e-07,0.05092668533325195,True,5,None
KCQv@rWwi]Fg,2.384185791015625e-07,0.1009070873260498,True,4,None
KCQv@rWwg}Lg,2.384185791015625e-07,0.07223916053771973,True,7,None
KCQv@rW[jYPw,2.384185791015625e-07,0.06873202323913574,True,5,None
KCQv@rWii]Mg,2.384185791015625e-07,0.011398792266845703,True,3,None
KCQv@rKhrsJK,2.384185791015625e-07,0.037374258041381836,True,2,None
KCQv@rKJmeNG,2.384185791015625e-07,0.011499166488647461,True,2,None
KCQv@rKFje\\G,2.384185791015625e-07,0.04215264320373535,True,5,None
KCQv@rKwZsBw,0.0,0.015679597854614258,True,4,None
KCQv@rKeZsKw,0.0,0.02944660186767578,True,2,None
KCQv@rKXZsRW,2.384185791015625e-07,0.013943910598754883,True,2,None
KCQv@rKTZsTW,0.0,0.019649744033813477,True,4,None
KCQv@rKRZsUW,2.384185791015625e-07,0.06742000579833984,True,4,None
KCQv@rKRZeVO,2.384185791015625e-07,0.013976335525512695,True,3,None
KCQv@rKRXu]O,2.384185791015625e-07,0.12552285194396973,True,12,None
KCQv@rKJZsYW,2.384185791015625e-07,0.01356649398803711,True,2,None
KCQv@rKoxyNO,2.384185791015625e-07,0.012263059616088867,True,1,None
KCQv@rKczsLg,2.384185791015625e-07,0.05552196502685547,True,4,None
KCQv@rKDzs\\G,2.384185791015625e-07,0.03890490531921387,True,3,None
KCQv@pkzCfJW,2.384185791015625e-07,0.01802372932434082,True,3,None
KCQv@pkjarYW,0.0,0.014383554458618164,True,1,None
KCQv@pkXupRW,2.384185791015625e-07,0.10616660118103027,True,6,None
KCQv@pkxKuJW,2.384185791015625e-07,0.03852057456970215,True,5,None
KCQv@pk\\MURW,2.384185791015625e-07,0.02962803840637207,True,3,None
KCQv@pkFmq[W,2.384185791015625e-07,0.060932159423828125,True,9,None
KCQv@pk`~oJW,2.384185791015625e-07,0.07512283325195312,True,4,None
KCQubQw|@]H[,2.384185791015625e-07,0.012434720993041992,True,2,None
KCQubQwnBMH[,2.384185791015625e-07,0.017994165420532227,True,2,None
KCQubQw{a]Dk,2.384185791015625e-07,0.024071455001831055,True,4,None
KCQubQwubMDk,2.384185791015625e-07,0.045316219329833984,True,8,None
KCQubQwtbUDk,0.0,0.17632532119750977,True,19,None
KCQubQwuRMDs,2.384185791015625e-07,0.17252492904663086,True,9,None
KCQubQwxP{H[,4.76837158203125e-07,0.04544401168823242,True,3,None
KCQubQwtR[D[,2.384185791015625e-07,0.14718365669250488,True,6,None
KCQubQwtRUDs,2.384185791015625e-07,0.17455458641052246,True,15,None
KCQubQwjRkH[,2.384185791015625e-07,0.014344453811645508,True,2,None
KCQubQwsrYDs,2.384185791015625e-07,0.10192060470581055,True,9,None
KCQubQwsp]Lc,2.384185791015625e-07,0.151719331741333,True,10,None
KCQubQwpr[FK,2.384185791015625e-07,0.022498369216918945,True,3,None
KCQubQsrPuLS,4.76837158203125e-07,0.14931726455688477,True,11,None
KCQubQkubeDk,2.384185791015625e-07,0.15269708633422852,True,13,None
KCQubQk\\cuLK,2.384185791015625e-07,0.09504914283752441,True,10,None
KCQubQkVdeLK,2.384185791015625e-07,0.16273760795593262,True,8,None
KCQubQksrsDk,4.76837158203125e-07,0.04000520706176758,True,4,None
KCQubQkkZsHw,2.384185791015625e-07,0.15230631828308105,True,14,None
KCQubQkeZsKw,2.384185791015625e-07,0.1572866439819336,True,8,None
KCQubQkczYNO,9.5367431640625e-07,0.07311630249023438,True,4,None
KCQubQkczUN_,2.384185791015625e-07,0.11871814727783203,True,6,None
KCQubQkazwMW,2.384185791015625e-07,0.17492103576660156,True,16,None
KCQubQiv@mLK,2.384185791015625e-07,0.046991586685180664,True,8,None
KCQubQilRwH[,2.384185791015625e-07,0.018970489501953125,True,1,None
KCQubQiJmiNG,4.76837158203125e-07,0.058667898178100586,True,3,None
KCQubQisZwDw,2.384185791015625e-07,0.015087127685546875,True,2,None
KCQubQieZwKw,2.384185791015625e-07,0.03518033027648926,True,3,None
KCQubQipZwFW,0.0,0.14535045623779297,True,13,None
KCQubQidZYNO,2.384185791015625e-07,0.04416036605834961,True,5,None
KCQubQYwpyLc,2.384185791015625e-07,0.05767464637756348,True,3,None
KCQubQYkrYLc,2.384185791015625e-07,0.13674354553222656,True,18,None
KCQubQYiriLc,2.384185791015625e-07,0.07303142547607422,True,3,None
KCQtbRW|@]H[,2.384185791015625e-07,0.07537698745727539,True,10,None
KCQtbRWlR[H[,2.384185791015625e-07,0.06392335891723633,True,9,None
KCQtbRSrPuLS,7.152557373046875e-07,0.1259167194366455,True,10,None
KCQtbRSjQuLS,2.384185791015625e-07,0.03278160095214844,True,3,None
KCQtbRSiYuLo,0.0,0.011890411376953125,True,1,None
KCQtbRSazqLo,2.384185791015625e-07,0.0540921688079834,True,3,None
KCQtbRKkrsHk,4.76837158203125e-07,0.13591527938842773,True,12,None
KCQtbRKLjUZG,4.76837158203125e-07,0.060439348220825195,True,4,None
KCQtbRKsZsDw,0.0,0.07899212837219238,True,5,None
KCQtbRKkZUJo,2.384185791015625e-07,0.051783084869384766,True,5,None
KCQtbRKczUN_,2.384185791015625e-07,0.04277348518371582,True,7,None
KCQtbRKHzsZG,2.384185791015625e-07,0.12387633323669434,True,12,None
KCQtbPkxKuJW,2.384185791015625e-07,0.05750107765197754,True,4,None
KCQuQpiZdiUK,4.76837158203125e-07,0.015340089797973633,True,3,None
KCQuQpiXtwUK,2.384185791015625e-07,0.010753393173217773,True,1,None
KCp`f`[FtL\\O,0.0,0.07789492607116699,True,6,None
KCp`f_{uc]Ks,2.384185791015625e-07,0.0685892105102539,True,4,None
KCp`f_{wu[Bs,2.384185791015625e-07,0.010629415512084961,True,1,None
KCp`f_{eu[Ks,0.0,0.003141164779663086,True,1,None
KCp`f_{XstXo,2.384185791015625e-07,0.06973624229431152,True,6,None
KCp`faitP\\Jo,2.384185791015625e-07,0.013283491134643555,True,1,None
KCp`faifR[Is,2.384185791015625e-07,0.16697239875793457,True,10,None
KCp`faibrwIs,0.0,0.016407012939453125,True,1,None
KCp`faibq{Mc,2.384185791015625e-07,0.046417951583862305,True,2,None
KCp`faibqxMo,2.384185791015625e-07,0.0064585208892822266,True,1,None
KCp`faiFukLc,2.384185791015625e-07,0.0033380985260009766,True,1,None
KCp`faiXkyJo,2.384185791015625e-07,0.018787622451782227,True,1,None
KCp`faibjwIw,0.0,0.017711877822875977,True,3,None
KCp`f`itP\\Ro,0.0,0.010408401489257812,True,1,None
KCp`f`iVSlTo,0.0,0.11433935165405273,True,4,None
KCp`faMvBeDs,2.384185791015625e-07,0.024479389190673828,True,4,None
KCp`faMubiDs,2.384185791015625e-07,0.12646842002868652,True,7,None
KCp`faM{P\\Jo,2.384185791015625e-07,0.0036389827728271484,True,1,None
KCp`faMyPlJo,4.76837158203125e-07,0.003497600555419922,True,1,None
KCp`faMuP{Ks,0.0,0.013977766036987305,True,1,None
KCp`faMuPlLo,2.384185791015625e-07,0.1276557445526123,True,15,None
KCp`faMuP\\Mo,0.0,0.007422447204589844,True,1,None
KCp`faMmQ\\Mo,0.0,0.19153428077697754,True,11,None
KCp`faMjRsIs,4.76837158203125e-07,0.06674408912658691,True,5,None
KCp`faMLusLc,2.384185791015625e-07,0.0037238597869873047,True,1,None
KCp`fRSkr[Bs,0.0,0.12830543518066406,True,9,None
KCp`fRSkp\\Jo,2.384185791015625e-07,0.014140605926513672,True,2,None
KCp`fRSirkBs,2.384185791015625e-07,0.04161357879638672,True,2,None
KCp`fRSiq{Es,2.384185791015625e-07,0.05285358428955078,True,5,None
KCp`fRSip{Is,4.76837158203125e-07,0.06182146072387695,True,7,None
KCp`fRSYs{Es,2.384185791015625e-07,0.1548316478729248,True,14,None
KCp`fRShptJo,2.384185791015625e-07,0.03549671173095703,True,2,None
KCp`fRSdp{LS,4.76837158203125e-07,0.012335777282714844,True,1,None
KCp`fRSRtsEs,2.384185791015625e-07,0.16443920135498047,True,16,None
KCp`fRSRtdFo,2.384185791015625e-07,0.04604220390319824,True,3,None
KCp`fRSRptUo,2.384185791015625e-07,0.021100759506225586,True,4,None
KCp`fRSih{Iw,2.384185791015625e-07,0.15917539596557617,True,8,None
KCp`fRSdj[FW,4.76837158203125e-07,0.21442675590515137,True,20,None
KCp`fQsqrkBs,2.384185791015625e-07,0.18375372886657715,True,27,None
KCp`fQsqq{Es,4.76837158203125e-07,0.022968769073486328,True,4,None
KCp`fQ[mbMIs,2.384185791015625e-07,0.14945268630981445,True,12,None
KCp`fQ[fbdKw,2.384185791015625e-07,0.003981828689575195,True,1,None
KCp`fQ[YukEs,2.384185791015625e-07,0.015287399291992188,True,5,None
KCp`fQ[MvKIs,2.384185791015625e-07,0.007777214050292969,True,2,None
KCp`fQ[ph{MW,2.384185791015625e-07,0.012580633163452148,True,1,None
KCp`fP[ycmEs,2.384185791015625e-07,0.0036830902099609375,True,1,None
KCp`fP[iqlUo,2.384185791015625e-07,0.13796305656433105,True,5,None
KCp`fP[MvKQs,2.384185791015625e-07,0.14415216445922852,True,9,None
KCp`fP[JvcQs,2.384185791015625e-07,0.17255210876464844,True,7,None
KCp`fRQlP\\Jo,2.384185791015625e-07,0.014007329940795898,True,3,None
KCp`fRQfR[Es,2.384185791015625e-07,0.16496944427490234,True,13,None
KCp`fRQfP{Ks,2.384185791015625e-07,0.07071709632873535,True,8,None
KCp`fRQfP\\Mo,2.384185791015625e-07,0.06315946578979492,True,3,None
KCp`fRQVP{Ss,2.384185791015625e-07,0.01628732681274414,True,3,None
KCp`fRQdp\\N_,2.384185791015625e-07,0.006329536437988281,True,1,None
KCp`fRQbrwEs,4.76837158203125e-07,0.06457328796386719,True,6,None
KCp`fRQbrhFo,2.384185791015625e-07,0.024745464324951172,True,5,None
KCp`fRQlH]Jo,2.384185791015625e-07,0.017467260360717773,True,1,None
KCp`fRQdj[Fg,0.0,0.05039095878601074,True,7,None
KCp`fRQdh{Lg,2.384185791015625e-07,0.030559301376342773,True,4,None
KCp`fQqrQ{Es,2.384185791015625e-07,0.01541280746459961,True,1,None
KCp`fQqdi{Lg,2.384185791015625e-07,0.003180980682373047,True,1,None
KCp`fPqjS{Is,0.0,0.014912843704223633,True,1,None
KCp`fRI\\SlFo,2.384185791015625e-07,0.20757818222045898,True,39,None
KCp`fQYz@lIw,2.384185791015625e-07,0.004057407379150391,True,1,None
KCp`fQYr`lMg,2.384185791015625e-07,0.003907918930053711,True,1,None
KCp`fQYNVKIs,2.384185791015625e-07,0.016278505325317383,True,4,None
KCp`fQYNULMo,2.384185791015625e-07,0.01504659652709961,True,3,None
KCp`fQYph{Mg,2.384185791015625e-07,0.0463712215423584,True,5,None
KCp`fQYdjwKw,2.384185791015625e-07,0.03539299964904785,True,4,None
KCp`fQYdjkLg,2.384185791015625e-07,0.0036945343017578125,True,1,None
KCp`fPYdtwKs,7.152557373046875e-07,0.03197050094604492,True,4,None
KCp`fPYJmkUg,2.384185791015625e-07,0.003545045852661133,True,1,None
KCp`fRE]S{Es,2.384185791015625e-07,0.010358810424804688,True,1,None
KCp`fRE]P{Qs,2.384185791015625e-07,0.013362646102905273,True,1,None
KCp`fREerwEs,2.384185791015625e-07,0.04281902313232422,True,4,None
KCp`fREVH{UW,2.384185791015625e-07,0.02608323097229004,True,4,None
KCp`fREVHuUo,2.384185791015625e-07,0.11561965942382812,True,9,None
KCp`fQU}A]Es,2.384185791015625e-07,0.003521442413330078,True,1,None
KCp`fQUubiDs,2.384185791015625e-07,0.018878936767578125,True,3,None
KCp`fQUZUsEs,2.384185791015625e-07,0.06539058685302734,True,6,None
KCp`fQUVVSEs,2.384185791015625e-07,0.14175081253051758,True,12,None
KCp`fPU\\TsPs,2.384185791015625e-07,0.1611788272857666,True,11,None
KCp`fPU\\StTo,2.384185791015625e-07,0.15177178382873535,True,12,None
KCp`fPUwo|V_,2.384185791015625e-07,0.014207601547241211,True,3,None
KCp`fPUptwFS,2.384185791015625e-07,0.017833232879638672,True,2,None
KCp`fPUUlwSw,2.384185791015625e-07,0.013381004333496094,True,2,None
KCp`fPUTlUV_,2.384185791015625e-07,0.01362156867980957,True,2,None
KCp`fO]zAmUS,2.384185791015625e-07,0.13020682334899902,True,6,None
KCp`fO]vDeKs,0.0,0.049074649810791016,True,5,None
KCp`fO]xQ{US,2.384185791015625e-07,0.010933876037597656,True,1,None
KCp`fO]tTsKs,2.384185791015625e-07,0.047200679779052734,True,5,None
KCp`fO]tR[US,2.384185791015625e-07,0.05836606025695801,True,4,None
KCp`fO]\\U[US,2.384185791015625e-07,0.05808305740356445,True,6,None
KCp`fO]fVcKs,2.384185791015625e-07,0.06997561454772949,True,5,None
KCp`fO]VVcSs,2.384185791015625e-07,0.07013511657714844,True,8,None
KCp`fO]evgKs,2.384185791015625e-07,0.03482198715209961,True,7,None
KCp`fO]prwUS,7.152557373046875e-07,0.059879302978515625,True,4,None
KCp`fO]XuwUS,2.384185791015625e-07,0.012632608413696289,True,2,None
KCp`fO]Fvc[c,4.76837158203125e-07,0.0204622745513916,True,3,None
KCp`fO]Jmk]G,2.384185791015625e-07,0.013191461563110352,True,1,None
KCp`ercYs{Es,2.384185791015625e-07,0.010508298873901367,True,1,None
KCp`ercYp{Qs,0.0,0.14104413986206055,True,12,None
KCp`ercXptRo,2.384185791015625e-07,0.017993688583374023,True,2,None
KCp`ercRtsEs,2.384185791015625e-07,0.012044429779052734,True,1,None
KCp`ercUh]Uo,0.0,0.013124465942382812,True,1,None
KCp`ercRleFo,0.0,0.022937536239624023,True,5,None
KCp`eqswp\\Jo,4.76837158203125e-07,0.01518702507019043,True,2,None
KCp`eqku`lKw,2.384185791015625e-07,0.0034914016723632812,True,1,None
KCp`eqkfbdKw,4.76837158203125e-07,0.0035033226013183594,True,1,None
KCp`eqkMvKIs,4.76837158203125e-07,0.0033843517303466797,True,1,None
KCp`eqkMuLMo,2.384185791015625e-07,0.018967866897583008,True,3,None
KCp`eqkMjMYo,2.384185791015625e-07,0.0189208984375,True,4,None
KCp`eqkph{MW,2.384185791015625e-07,0.12961411476135254,True,13,None
KCp`eqkFnKMW,2.384185791015625e-07,0.015878915786743164,True,2,None
KCp`epk[slTo,2.384185791015625e-07,0.017502307891845703,True,3,None
KCp`eq[[vKDs,2.384185791015625e-07,0.015615463256835938,True,2,None
KCp`eq[YvKEs,0.0,0.02317070960998535,True,4,None
KCp`erE]TkDs,2.384185791015625e-07,0.06351208686828613,True,4,None
KCp`erE]P{Ss,2.384185791015625e-07,0.022013187408447266,True,3,None
KCp`erEZTsEs,2.384185791015625e-07,0.04823923110961914,True,4,None
KCp`erEYtwEs,2.384185791015625e-07,0.08662223815917969,True,12,None
KCp`erEYhyUo,2.384185791015625e-07,0.04541134834289551,True,4,None
KCp`eqeZQ{US,2.384185791015625e-07,0.20090126991271973,True,25,None
KCp`eqerH{MW,4.76837158203125e-07,0.050866127014160156,True,7,None
KCp`eqeJjkZG,2.384185791015625e-07,0.16431498527526855,True,19,None
KCp`epezCuEs,2.384185791015625e-07,0.017800331115722656,True,3,None
KCp`epeuT[Es,2.384185791015625e-07,0.04228019714355469,True,5,None
KCp`epemS{Ks,4.76837158203125e-07,0.31592488288879395,True,51,None
KCp`epeks{Lc,4.76837158203125e-07,0.00707697868347168,True,1,None
KCp`eqM}BLEw,0.0,0.004305362701416016,True,1,None
KCp`eqMnBLMW,2.384185791015625e-07,0.0041501522064208984,True,1,None
KCp`eqM{H{Kw,0.0,0.004097700119018555,True,1,None
KCp`eqMxH{MW,2.384185791015625e-07,0.0040781497955322266,True,1,None
KCp`eikyatEw,2.384185791015625e-07,0.0039827823638916016,True,1,None
KCp`eikwrsBs,2.384185791015625e-07,0.02235722541809082,True,3,None
KCp`eikwp{JS,4.76837158203125e-07,0.003962278366088867,True,1,None
KCp`eiksp{LS,0.0,0.00389862060546875,True,1,None
KCp`eikqrkFS,2.384185791015625e-07,0.0038208961486816406,True,1,None
KCp`eikXrsRS,2.384185791015625e-07,0.05509233474731445,True,9,None
KCp`eikXqtVO,2.384185791015625e-07,0.019365787506103516,True,2,None
KCp`eikJvcJS,2.384185791015625e-07,0.0036516189575195312,True,1,None
KCp`eikJrsYS,0.0,0.0072515010833740234,True,2,None
KCp`eiivBTEw,2.384185791015625e-07,0.0973656177520752,True,8,None
KCp`eii{_}Lc,2.384185791015625e-07,0.003554105758666992,True,1,None
KCp`eiitRTFo,2.384185791015625e-07,0.07924604415893555,True,6,None
KCp`eiitPtLo,2.384185791015625e-07,0.19573450088500977,True,14,None
KCp`eiiZQ{US,2.384185791015625e-07,0.02282857894897461,True,2,None
KCp`eii[s{Lc,2.384185791015625e-07,0.003568887710571289,True,1,None
KCp`eiiMukLc,0.0,0.0035202503204345703,True,1,None
KCp`egumNSHw,2.384185791015625e-07,0.08988070487976074,True,6,None
KCp`egujMUNO,4.76837158203125e-07,0.003448486328125,True,1,None
KCp`eguZNSRW,2.384185791015625e-07,0.15563583374023438,True,15,None
KCp`eguZLsXW,2.384185791015625e-07,0.06164717674255371,True,4,None
KCp`eguMnWXW,2.384185791015625e-07,0.07838988304138184,True,4,None
KCp`eguMnSXg,0.0,0.058347225189208984,True,3,None
KCp`eguMm[\\G,2.384185791015625e-07,0.030455827713012695,True,3,None
KCpdQiwMmiKw,2.384185791015625e-07,0.010109424591064453,True,2,None
KCpdQiwMjiWw,2.384185791015625e-07,0.03678441047668457,True,4,None
KCpdQiw[[mLo,2.384185791015625e-07,0.015937328338623047,True,3,None
KCpdQiwU\\MMo,2.384185791015625e-07,0.010977745056152344,True,2,None
KCpdQiwS|iLo,2.384185791015625e-07,0.0031943321228027344,True,1,None
KCpdQiwIzkYg,0.0,0.014199018478393555,True,3,None
KCpdQiqzAuEk,2.384185791015625e-07,0.0151214599609375,True,3,None
KCpdQiq\\`ZZG,0.0,0.009776830673217773,True,1,None
KCpdQiqZeqEk,0.0,0.013726472854614258,True,2,None
KCpbPjS|@VRW,2.384185791015625e-07,0.02891397476196289,True,4,None
KCpbPjSz@uQ[,2.384185791015625e-07,0.07699203491210938,True,6,None
KCpbPjSVdUUK,2.384185791015625e-07,0.012973785400390625,True,1,None
KCpbPjSrPuUS,2.384185791015625e-07,0.05207943916320801,True,4,None
KCpbPjSjQuUS,4.76837158203125e-07,0.09914398193359375,True,10,None
KCpbPjSxKuFW,4.76837158203125e-07,0.01684427261352539,True,2,None
KCpbPisrKuMW,2.384185791015625e-07,0.014850854873657227,True,2,None
KCpbPiswiyRW,2.384185791015625e-07,0.03387856483459473,True,2,None
KCpbPis[[{XW,2.384185791015625e-07,0.0380702018737793,True,2,None
KCdbCrwfbMKw,2.384185791015625e-07,0.005974292755126953,True,1,None
KCdbCrs{a]Dw,0.0,0.07671165466308594,True,4,None
KCdbCrsyamDw,0.0,0.017244338989257812,True,4,None
KCdbCrsrbUEw,2.384185791015625e-07,0.03748965263366699,True,3,None
KCdbFaM}?}Ks,2.384185791015625e-07,0.10946154594421387,True,9,None
KCdbFaM{R[Bs,2.384185791015625e-07,0.011691093444824219,True,1,None
KCdbFaMyRkBs,2.384185791015625e-07,0.08538460731506348,True,7,None
KCdbEqwfbMKs,4.76837158203125e-07,0.24430179595947266,True,43,None
KCdbEqswr[Bs,4.76837158203125e-07,0.07668185234069824,True,7,None
KCdbEqsqp{Ks,2.384185791015625e-07,0.054668426513671875,True,6,None
KCdbEqser[Ks,4.76837158203125e-07,0.051601409912109375,True,3,None
KCdbEq[mbMKs,2.384185791015625e-07,0.2833418846130371,True,43,None
KCdbEqeLj[ZG,0.0,0.15220165252685547,True,9,None
KCdbEqU{P\\Lo,2.384185791015625e-07,0.2607135772705078,True,29,None
KCdbEqUyP{Ks,2.384185791015625e-07,0.13646841049194336,True,8,None
KCdbEqUyPlLo,0.0,0.14122223854064941,True,10,None
KCdbEqUyP\\Mo,2.384185791015625e-07,0.15125036239624023,True,17,None
KCdbEqUmR[Ks,2.384185791015625e-07,0.07940149307250977,True,8,None
KCdbFH[ptsFS,0.0,0.19492864608764648,True,11,None
KCdbFHqRtpRo,2.384185791015625e-07,0.01977992057800293,True,1,None
KCdbFHYxP{RS,2.384185791015625e-07,0.157667875289917,True,11,None
KCdbFHYhrwRS,2.384185791015625e-07,0.11168456077575684,True,13,None
KCdbFHYVLkTW,4.76837158203125e-07,0.02259063720703125,True,2,None
KCdbFHYUlMV_,2.384185791015625e-07,0.010605096817016602,True,1,None
KCdbFHYhjsRg,2.384185791015625e-07,0.02048635482788086,True,4,None
KCdbFHU^CtTW,4.76837158203125e-07,0.0775911808013916,True,7,None
KCdbFHUuT[FS,2.384185791015625e-07,0.01312708854675293,True,1,None
KCdbFHUjStNO,0.0,0.05393218994140625,True,4,None
KCdbFHUjQtVO,2.384185791015625e-07,0.19173669815063477,True,19,None
KCdbFHUbtsNC,2.384185791015625e-07,0.019321680068969727,True,2,None
KCdbFG]UvKVC,2.384185791015625e-07,0.1482398509979248,True,10,None
KCdbEiiv@uKs,2.384185791015625e-07,0.013602256774902344,True,3,None
KCdbEiitR[FS,2.384185791015625e-07,0.17046594619750977,True,4,None
KCdbEiirRkFS,2.384185791015625e-07,0.018497467041015625,True,3,None
KCdbEiiVTsKs,2.384185791015625e-07,0.24879193305969238,True,27,None
KCdbBNWuTLFo,2.384185791015625e-07,0.14890813827514648,True,7,None
KCdbBNWhp{ZC,2.384185791015625e-07,0.07306814193725586,True,9,None
KCdbBNcuStFo,2.384185791015625e-07,0.024445056915283203,True,3,None
KCdbBNcUtsRc,4.76837158203125e-07,0.0849924087524414,True,6,None
KCdebQs|@]H[,2.384185791015625e-07,0.03219485282897949,True,3,None
KCdebQs{bY@{,2.384185791015625e-07,0.011893987655639648,True,1,None
KCdebQs{`]Hk,4.76837158203125e-07,0.011851310729980469,True,1,None
KCdebQsuR[C{,2.384185791015625e-07,0.14497017860412598,True,8,None
KCdebQsyJMBw,2.384185791015625e-07,0.07952666282653809,True,8,None
KCdebQsxG}LW,2.384185791015625e-07,0.04231905937194824,True,3,None
KCdebQsrHmLW,0.0,0.05048060417175293,True,3,None
KCdebQsrH]MW,2.384185791015625e-07,0.0405120849609375,True,5,None
KCdebQsjJMJW,2.384185791015625e-07,0.012778282165527344,True,2,None
KCdebQsjImLW,0.0,0.01805424690246582,True,4,None
KCdebQswhyHw,2.384185791015625e-07,0.011305570602416992,True,2,None
KCdebQswh]Jg,2.384185791015625e-07,0.013255119323730469,True,3,None
KCdebQsijYIw,2.384185791015625e-07,0.02223062515258789,True,2,None
KCdebQsijMJg,0.0,0.03573441505432129,True,3,None
KCdebQspjYFW,2.384185791015625e-07,0.04560518264770508,True,5,None
KCdebQswY{Dw,2.384185791015625e-07,0.0685265064239502,True,10,None
KCdebQswX{Hw,2.384185791015625e-07,0.029699087142944336,True,2,None
KCdebQsqZMFo,2.384185791015625e-07,0.16474366188049316,True,14,None
KCdebQkkq{Kk,2.384185791015625e-07,0.017942190170288086,True,2,None
KCdebQkiriIs,0.0,0.10387611389160156,True,7,None
KCdebQkiqjMo,2.384185791015625e-07,0.17991065979003906,True,8,None
KCdebQkdrsKk,2.384185791015625e-07,0.016591310501098633,True,2,None
KCdebQk{JMBw,0.0,0.07213926315307617,True,5,None
KCdebQktHmLW,2.384185791015625e-07,0.011922359466552734,True,1,None
KCdebQkZJeQw,2.384185791015625e-07,0.08469629287719727,True,8,None
KCdebQkZImUW,4.76837158203125e-07,0.024867773056030273,True,3,None
KCdebQkpjiFW,2.384185791015625e-07,0.04843330383300781,True,2,None
KCdebQkhjqIw,4.76837158203125e-07,0.13526344299316406,True,13,None
KCdebQkhiyMW,2.384185791015625e-07,0.1561112403869629,True,12,None
KCdebQkFji[W,0.0,0.04902529716491699,True,3,None
KCdebQksZMFo,4.76837158203125e-07,0.03146076202392578,True,4,None
KCdebQkI}kMg,2.384185791015625e-07,0.054810523986816406,True,7,None
KCdebQ[}BMC{,2.384185791015625e-07,0.09505581855773926,True,11,None
KCdebQ[zBME[,2.384185791015625e-07,0.13494014739990234,True,6,None
KCdebQ[ybMEk,4.76837158203125e-07,0.1979353427886963,True,17,None
KCdebQ[mbMKk,2.384185791015625e-07,0.15299272537231445,True,12,None
KCdebQ[jbiK[,2.384185791015625e-07,0.02751636505126953,True,3,None
KCdebQ[yPNMo,0.0,0.014088153839111328,True,1,None
KCdebQ[ijMMg,2.384185791015625e-07,0.1725938320159912,True,12,None
KCdebIwv@VKw,2.384185791015625e-07,0.16277050971984863,True,18,None
KCdebIwnAVKw,2.384185791015625e-07,0.1480109691619873,True,11,None
KCdebIw{a]Dk,4.76837158203125e-07,0.14631414413452148,True,6,None
KCdebIwu`ZKw,2.384185791015625e-07,0.144423246383667,True,9,None
KCdebIwmaZKw,2.384185791015625e-07,0.043190717697143555,True,1,None
KCdebIwtbUDk,2.384185791015625e-07,0.0794835090637207,True,7,None
KCdebIwfbRKw,0.0,0.23998236656188965,True,30,None
KCdebIwtP]LS,2.384185791015625e-07,0.07372593879699707,True,5,None
KCdebIwfRLLW,2.384185791015625e-07,0.0365753173828125,True,3,None
KCdebIwdrYLS,2.384185791015625e-07,0.1529378890991211,True,5,None
KCdebIwuH]Kw,4.76837158203125e-07,0.42053747177124023,True,66,None
KCdebIwmI]Kw,2.384185791015625e-07,0.22410321235656738,True,15,None
KCdebIwfJUKw,2.384185791015625e-07,0.21808576583862305,True,21,None
KCdebHkmcuKk,4.76837158203125e-07,0.1355891227722168,True,5,None
KCdebHkYtiRS,2.384185791015625e-07,0.0180056095123291,True,2,None
KCdebHkyKmFW,4.76837158203125e-07,0.17565202713012695,True,10,None
KCdebHkwkyFW,2.384185791015625e-07,0.07083296775817871,True,4,None
KCdcrJoZRMRS,2.384185791015625e-07,1.3015000820159912,True,158,None
KCdcrJofRTKw,2.384185791015625e-07,0.0852975845336914,True,7,None
KCdcrJWmbMKk,4.76837158203125e-07,1.36460280418396,True,174,None
KCdcrHdpZsVO,2.384185791015625e-07,0.5985085964202881,True,84,None
KCdcrHdX]sVO,9.5367431640625e-07,6.85685658454895,True,450,None
