G6,emparelhamento,canonical_time,solve_time,qtde_moves,resultado,max_depth
~?@OO?CA?C??????C???C????AW@??@?A????@?A?C?@????G???@??????????AS?@C@@????D??W???D???Q??C?@???_???c?_?????EC????GA?O?C?@??????A??Q??A@g??GA@???@??@??@?@G??_??????????C?c???Gg?????AG??A??????CA@?_???@OG_???a????@???????????_?????`?A?_???AG?_@??A_A????G@???A?CG????C??_???AAG???_????__@????I@???????U??C?AO????KO??_???AG??GA???????G????C??G????WC???_??A?_?A??????OC_?G@???_?A?O???C?a??????B?C???c???_???GA?_???????_B?_??????Q?A???C?@_??????G?@?@??a?_??A???A????A???C??_?G?_???G??_?C@?????G??AA????C?@??O?_O?OGO????????@????????@??_Cc,[(78-79)-(63-75)-(62-77)-(56-74)-(51-59)-(50-72)-(46-61)-(45-47)-(44-76)-(43-70)-(38-69)-(36-55)-(31-39)-(30-73)-(29-42)-(28-40)-(27-71)-(26-58)-(25-60)-(24-68)-(23-52)-(22-53)-(20-35)-(19-41)-(15-37)-(14-57)-(13-64)-(12-33)-(11-32)-(10-16)-(9-54)-(8-18)-(7-17)-(6-66)-(5-48)-(4-21)-(3-34)-(2-49)-(1-67)-(0-65)],0.0004749298095703125,0.20992684364318848,16,False,0
~?@OO?CA?C??????C???C????AW@??@?A????@?A?C?@????G???@??????????AS?@C@@????D??W???D???Q??C?@???_???c?_?????EC????GA?O?C?@??????A??Q??A@g??GA@???@??@??@?@G??_??????????C?c???Gg?????AG??A??????CA@?_???@OG_???a????@???????????_?????`?A?_???AG?_@??A_A????G@???A?CG????C??_???AAG???_????__@????I@???????U??C?AO????KO??_???AG??GA???????G????C??G????WC???_??A?_?A??????OC_?G@???_?A?O???C?a??????B?C???c???_???GA?_???????_B?_??????Q?A???C?@_??????G?@?@??a?_??A???A????A???C??_?G?_???G??_?C@?????G??AA????C?@??O?_O?OGO????????@????????@??_Cc,[(78-79)-(63-75)-(62-77)-(56-74)-(51-59)-(50-72)-(46-61)-(45-47)-(44-76)-(43-70)-(38-69)-(36-55)-(31-39)-(30-73)-(29-42)-(28-40)-(27-71)-(26-58)-(25-60)-(24-68)-(23-52)-(22-53)-(20-35)-(19-41)-(15-37)-(14-57)-(13-64)-(12-33)-(11-32)-(10-16)-(9-54)-(8-18)-(7-17)-(6-66)-(5-48)-(4-21)-(3-34)-(2-49)-(1-67)-(0-65)],0.00046563148498535156,0.04920077323913574,2,True,0
~?@OO?CA?C??????C???C????AW@??@?A????@?A?C?@????G???@??????????AS?@C@@????D??W???D???Q??C?@???_???c?_?????EC????GA?O?C?@??????A??Q??A@g??GA@???@??@??@?@G??_??????????C?c???Gg?????AG??A??????CA@?_???@OG_???a????@???????????_?????`?A?_???AG?_@??A_A????G@???A?CG????C??_???AAG???_????__@????I@???????U??C?AO????KO??_???AG??GA???????G????C??G????WC???_??A?_?A??????OC_?G@???_?A?O???C?a??????B?C???c???_???GA?_???????_B?_??????Q?A???C?@_??????G?@?@??a?_??A???A????A???C??_?G?_???G??_?C@?????G??AA????C?@??O?_O?OGO????????@????????@??_Cc,[(78-79)-(70-76)-(69-77)-(63-75)-(61-62)-(56-74)-(51-59)-(50-72)-(45-47)-(43-46)-(38-44)-(36-55)-(31-39)-(30-73)-(29-42)-(28-40)-(27-71)-(26-58)-(25-60)-(24-68)-(23-52)-(22-53)-(20-35)-(19-41)-(15-37)-(14-57)-(13-64)-(12-33)-(11-32)-(10-16)-(9-54)-(8-18)-(7-17)-(6-66)-(5-48)-(4-21)-(3-34)-(2-49)-(1-67)-(0-65)],0.00047469139099121094,0.0320737361907959,1,True,0
~?@OO?CA?C??????C???C????AW@??@?A????@?A?C?@????G???@??????????AS?@C@@????D??W???D???Q??C?@???_???c?_?????EC????GA?O?C?@??????A??Q??A@g??GA@???@??@??@?@G??_??????????C?c???Gg?????AG??A??????CA@?_???@OG_???a????@???????????_?????`?A?_???AG?_@??A_A????G@???A?CG????C??_???AAG???_????__@????I@???????U??C?AO????KO??_???AG??GA???????G????C??G????WC???_??A?_?A??????OC_?G@???_?A?O???C?a??????B?C???c???_???GA?_???????_B?_??????Q?A???C?@_??????G?@?@??a?_??A???A????A???C??_?G?_???G??_?C@?????G??AA????C?@??O?_O?OGO????????@????????@??_Cc,[(78-79)-(70-76)-(69-77)-(63-75)-(61-62)-(56-74)-(51-59)-(50-72)-(45-47)-(43-46)-(38-44)-(36-55)-(31-39)-(30-73)-(29-42)-(28-40)-(27-71)-(26-58)-(25-60)-(24-68)-(23-52)-(22-53)-(20-35)-(19-41)-(15-37)-(14-57)-(13-64)-(12-33)-(11-32)-(10-16)-(9-54)-(8-18)-(7-17)-(6-66)-(5-48)-(4-21)-(3-34)-(2-49)-(1-67)-(0-65)],0.0004937648773193359,0.07095170021057129,3,True,0
~?@OO?CA?C??????C???C????AW@??@?A????@?A?C?@????G???@??????????AS?@C@@????D??W???D???Q??C?@???_???c?_?????EC????GA?O?C?@??????A??Q??A@g??GA@???@??@??@?@G??_??????????C?c???Gg?????AG??A??????CA@?_???@OG_???a????@???????????_?????`?A?_???AG?_@??A_A????G@???A?CG????C??_???AAG???_????__@????I@???????U??C?AO????KO??_???AG??GA???????G????C??G????WC???_??A?_?A??????OC_?G@???_?A?O???C?a??????B?C???c???_???GA?_???????_B?_??????Q?A???C?@_??????G?@?@??a?_??A???A????A???C??_?G?_???G??_?C@?????G??AA????C?@??O?_O?OGO????????@????????@??_Cc,[(74-78)-(72-79)-(63-75)-(61-62)-(56-60)-(51-77)-(50-59)-(46-69)-(45-47)-(44-76)-(43-70)-(38-39)-(36-55)-(30-73)-(29-42)-(28-40)-(27-71)-(26-58)-(25-31)-(24-68)-(23-52)-(22-53)-(20-35)-(19-41)-(15-37)-(14-57)-(13-64)-(12-33)-(11-32)-(10-16)-(9-54)-(8-18)-(7-17)-(6-66)-(5-48)-(4-21)-(3-34)-(2-49)-(1-67)-(0-65)],0.0004968643188476562,0.04941844940185547,2,True,0
~?@OO?CA?C??????C???C????AW@??@?A????@?A?C?@????G???@??????????AS?@C@@????D??W???D???Q??C?@???_???c?_?????EC????GA?O?C?@??????A??Q??A@g??GA@???@??@??@?@G??_??????????C?c???Gg?????AG??A??????CA@?_???@OG_???a????@???????????_?????`?A?_???AG?_@??A_A????G@???A?CG????C??_???AAG???_????__@????I@???????U??C?AO????KO??_???AG??GA???????G????C??G????WC???_??A?_?A??????OC_?G@???_?A?O???C?a??????B?C???c???_???GA?_???????_B?_??????Q?A???C?@_??????G?@?@??a?_??A???A????A???C??_?G?_???G??_?C@?????G??AA????C?@??O?_O?OGO????????@????????@??_Cc,[(74-78)-(72-79)-(63-75)-(61-62)-(56-60)-(51-77)-(50-59)-(46-69)-(45-47)-(44-76)-(43-70)-(38-39)-(36-55)-(30-73)-(29-42)-(28-40)-(27-71)-(26-58)-(25-31)-(24-68)-(23-52)-(22-53)-(20-35)-(19-41)-(15-37)-(14-57)-(13-64)-(12-33)-(11-32)-(10-16)-(9-54)-(8-18)-(7-17)-(6-66)-(5-48)-(4-21)-(3-34)-(2-49)-(1-67)-(0-65)],0.0004475116729736328,0.08980965614318848,4,True,0
~?@OO?CA?C??????C???C????AW@??@?A????@?A?C?@????G???@??????????AS?@C@@????D??W???D???Q??C?@???_???c?_?????EC????GA?O?C?@??????A??Q??A@g??GA@???@??@??@?@G??_??????????C?c???Gg?????AG??A??????CA@?_???@OG_???a????@???????????_?????`?A?_???AG?_@??A_A????G@???A?CG????C??_???AAG???_????__@????I@???????U??C?AO????KO??_???AG??GA???????G????C??G????WC???_??A?_?A??????OC_?G@???_?A?O???C?a??????B?C???c???_???GA?_???????_B?_??????Q?A???C?@_??????G?@?@??a?_??A???A????A???C??_?G?_???G??_?C@?????G??AA????C?@??O?_O?OGO????????@????????@??_Cc,[(74-78)-(72-79)-(63-75)-(62-77)-(56-60)-(51-59)-(50-61)-(46-69)-(45-47)-(44-76)-(43-70)-(38-39)-(36-55)-(30-73)-(29-42)-(28-40)-(27-71)-(26-58)-(25-31)-(24-68)-(23-52)-(22-53)-(20-35)-(19-41)-(15-37)-(14-57)-(13-64)-(12-33)-(11-32)-(10-16)-(9-54)-(8-18)-(7-17)-(6-66)-(5-48)-(4-21)-(3-34)-(2-49)-(1-67)-(0-65)],0.0005972385406494141,0.02057170867919922,1,True,0
~?@OO?CA?C??????C???C????AW@??@?A????@?A?C?@????G???@??????????AS?@C@@????D??W???D???Q??C?@???_???c?_?????EC????GA?O?C?@??????A??Q??A@g??GA@???@??@??@?@G??_??????????C?c???Gg?????AG??A??????CA@?_???@OG_???a????@???????????_?????`?A?_???AG?_@??A_A????G@???A?CG????C??_???AAG???_????__@????I@???????U??C?AO????KO??_???AG??GA???????G????C??G????WC???_??A?_?A??????OC_?G@???_?A?O???C?a??????B?C???c???_???GA?_???????_B?_??????Q?A???C?@_??????G?@?@??a?_??A???A????A???C??_?G?_???G??_?C@?????G??AA????C?@??O?_O?OGO????????@????????@??_Cc,[(74-78)-(72-79)-(63-75)-(62-77)-(56-60)-(51-59)-(50-61)-(46-69)-(45-47)-(44-76)-(43-70)-(38-39)-(36-55)-(30-73)-(29-42)-(28-40)-(27-71)-(26-58)-(25-31)-(24-68)-(23-52)-(22-53)-(20-35)-(19-41)-(15-37)-(14-57)-(13-64)-(12-33)-(11-32)-(10-16)-(9-54)-(8-18)-(7-17)-(6-66)-(5-48)-(4-21)-(3-34)-(2-49)-(1-67)-(0-65)],0.0004470348358154297,0.04893064498901367,2,True,0
~?@OO?CA?C??????C???C????AW@??@?A????@?A?C?@????G???@??????????AS?@C@@????D??W???D???Q??C?@???_???c?_?????EC????GA?O?C?@??????A??Q??A@g??GA@???@??@??@?@G??_??????????C?c???Gg?????AG??A??????CA@?_???@OG_???a????@???????????_?????`?A?_???AG?_@??A_A????G@???A?CG????C??_???AAG???_????__@????I@???????U??C?AO????KO??_???AG??GA???????G????C??G????WC???_??A?_?A??????OC_?G@???_?A?O???C?a??????B?C???c???_???GA?_???????_B?_??????Q?A???C?@_??????G?@?@??a?_??A???A????A???C??_?G?_???G??_?C@?????G??AA????C?@??O?_O?OGO????????@????????@??_Cc,[(74-78)-(72-79)-(69-77)-(63-75)-(61-62)-(56-60)-(51-70)-(50-59)-(45-47)-(44-76)-(43-46)-(38-39)-(36-55)-(30-73)-(29-42)-(28-40)-(27-71)-(26-58)-(25-31)-(24-68)-(23-52)-(22-53)-(20-35)-(19-41)-(15-37)-(14-57)-(13-64)-(12-33)-(11-32)-(10-16)-(9-54)-(8-18)-(7-17)-(6-66)-(5-48)-(4-21)-(3-34)-(2-49)-(1-67)-(0-65)],0.00044608116149902344,0.07047104835510254,3,True,0
~?@OO?CA?C??????C???C????AW@??@?A????@?A?C?@????G???@??????????AS?@C@@????D??W???D???Q??C?@???_???c?_?????EC????GA?O?C?@??????A??Q??A@g??GA@???@??@??@?@G??_??????????C?c???Gg?????AG??A??????CA@?_???@OG_???a????@???????????_?????`?A?_???AG?_@??A_A????G@???A?CG????C??_???AAG???_????__@????I@???????U??C?AO????KO??_???AG??GA???????G????C??G????WC???_??A?_?A??????OC_?G@???_?A?O???C?a??????B?C???c???_???GA?_???????_B?_??????Q?A???C?@_??????G?@?@??a?_??A???A????A???C??_?G?_???G??_?C@?????G??AA????C?@??O?_O?OGO????????@????????@??_Cc,[(74-78)-(72-79)-(69-77)-(63-75)-(61-62)-(56-60)-(51-70)-(50-59)-(45-47)-(44-76)-(43-46)-(38-39)-(36-55)-(30-73)-(29-42)-(28-40)-(27-71)-(26-58)-(25-31)-(24-68)-(23-52)-(22-53)-(20-35)-(19-41)-(15-37)-(14-57)-(13-64)-(12-33)-(11-32)-(10-16)-(9-54)-(8-18)-(7-17)-(6-66)-(5-48)-(4-21)-(3-34)-(2-49)-(1-67)-(0-65)],0.0004622936248779297,0.030532121658325195,1,True,0
~?@OO?CA?C??????C???C????AW@??@?A????@?A?C?@????G???@??????????AS?@C@@????D??W???D???Q??C?@???_???c?_?????EC????GA?O?C?@??????A??Q??A@g??GA@???@??@??@?@G??_??????????C?c???Gg?????AG??A??????CA@?_???@OG_???a????@???????????_?????`?A?_???AG?_@??A_A????G@???A?CG????C??_???AAG???_????__@????I@???????U??C?AO????KO??_???AG??GA???????G????C??G????WC???_??A?_?A??????OC_?G@???_?A?O???C?a??????B?C???c???_???GA?_???????_B?_??????Q?A???C?@_??????G?@?@??a?_??A???A????A???C??_?G?_???G??_?C@?????G??AA????C?@??O?_O?OGO????????@????????@??_Cc,[(74-78)-(63-79)-(62-77)-(56-60)-(51-59)-(50-72)-(47-75)-(46-61)-(44-76)-(43-70)-(38-69)-(36-55)-(31-39)-(30-73)-(29-42)-(28-40)-(27-71)-(26-58)-(25-68)-(24-45)-(23-52)-(22-53)-(20-35)-(19-41)-(15-37)-(14-57)-(13-64)-(12-33)-(11-32)-(10-16)-(9-54)-(8-18)-(7-17)-(6-66)-(5-48)-(4-21)-(3-34)-(2-49)-(1-67)-(0-65)],0.00044465065002441406,0.0489959716796875,2,True,0
~?@OO?CA?C??????C???C????AW@??@?A????@?A?C?@????G???@??????????AS?@C@@????D??W???D???Q??C?@???_???c?_?????EC????GA?O?C?@??????A??Q??A@g??GA@???@??@??@?@G??_??????????C?c???Gg?????AG??A??????CA@?_???@OG_???a????@???????????_?????`?A?_???AG?_@??A_A????G@???A?CG????C??_???AAG???_????__@????I@???????U??C?AO????KO??_???AG??GA???????G????C??G????WC???_??A?_?A??????OC_?G@???_?A?O???C?a??????B?C???c???_???GA?_???????_B?_??????Q?A???C?@_??????G?@?@??a?_??A???A????A???C??_?G?_???G??_?C@?????G??AA????C?@??O?_O?OGO????????@????????@??_Cc,[(74-78)-(63-79)-(62-77)-(56-60)-(51-59)-(50-72)-(47-75)-(46-61)-(44-76)-(43-70)-(38-69)-(36-55)-(31-39)-(30-73)-(29-42)-(28-40)-(27-71)-(26-58)-(25-68)-(24-45)-(23-52)-(22-53)-(20-35)-(19-41)-(15-37)-(14-57)-(13-64)-(12-33)-(11-32)-(10-16)-(9-54)-(8-18)-(7-17)-(6-66)-(5-48)-(4-21)-(3-34)-(2-49)-(1-67)-(0-65)],0.00047469139099121094,0.020253896713256836,1,True,0
~?@OO?CA?C??????C???C????AW@??@?A????@?A?C?@????G???@??????????AS?@C@@????D??W???D???Q??C?@???_???c?_?????EC????GA?O?C?@??????A??Q??A@g??GA@???@??@??@?@G??_??????????C?c???Gg?????AG??A??????CA@?_???@OG_???a????@???????????_?????`?A?_???AG?_@??A_A????G@???A?CG????C??_???AAG???_????__@????I@???????U??C?AO????KO??_???AG??GA???????G????C??G????WC???_??A?_?A??????OC_?G@???_?A?O???C?a??????B?C???c???_???GA?_???????_B?_??????Q?A???C?@_??????G?@?@??a?_??A???A????A???C??_?G?_???G??_?C@?????G??AA????C?@??O?_O?OGO????????@????????@??_Cc,[(75-79)-(74-78)-(62-77)-(56-60)-(51-59)-(50-72)-(47-63)-(46-61)-(44-76)-(43-70)-(38-69)-(36-55)-(31-39)-(30-73)-(29-42)-(28-40)-(27-71)-(26-58)-(25-68)-(24-45)-(23-52)-(22-53)-(20-35)-(19-41)-(15-37)-(14-57)-(13-64)-(12-33)-(11-32)-(10-16)-(9-54)-(8-18)-(7-17)-(6-66)-(5-48)-(4-21)-(3-34)-(2-49)-(1-67)-(0-65)],0.0004448890686035156,0.06849980354309082,3,True,0
~?@OO?CA?C??????C???C????AW@??@?A????@?A?C?@????G???@??????????AS?@C@@????D??W???D???Q??C?@???_???c?_?????EC????GA?O?C?@??????A??Q??A@g??GA@???@??@??@?@G??_??????????C?c???Gg?????AG??A??????CA@?_???@OG_???a????@???????????_?????`?A?_???AG?_@??A_A????G@???A?CG????C??_???AAG???_????__@????I@???????U??C?AO????KO??_???AG??GA???????G????C??G????WC???_??A?_?A??????OC_?G@???_?A?O???C?a??????B?C???c???_???GA?_???????_B?_??????Q?A???C?@_??????G?@?@??a?_??A???A????A???C??_?G?_???G??_?C@?????G??AA????C?@??O?_O?OGO????????@????????@??_Cc,[(75-79)-(74-78)-(62-77)-(56-60)-(51-59)-(50-72)-(47-63)-(46-61)-(44-76)-(43-70)-(38-69)-(36-55)-(31-39)-(30-73)-(29-42)-(28-40)-(27-71)-(26-58)-(25-68)-(24-45)-(23-52)-(22-53)-(20-35)-(19-41)-(15-37)-(14-57)-(13-64)-(12-33)-(11-32)-(10-16)-(9-54)-(8-18)-(7-17)-(6-66)-(5-48)-(4-21)-(3-34)-(2-49)-(1-67)-(0-65)],0.00049591064453125,0.031023025512695312,1,True,0
~?@OO?CA?C??????C???C????AW@??@?A????@?A?C?@????G???@??????????AS?@C@@????D??W???D???Q??C?@???_???c?_?????EC????GA?O?C?@??????A??Q??A@g??GA@???@??@??@?@G??_??????????C?c???Gg?????AG??A??????CA@?_???@OG_???a????@???????????_?????`?A?_???AG?_@??A_A????G@???A?CG????C??_???AAG???_????__@????I@???????U??C?AO????KO??_???AG??GA???????G????C??G????WC???_??A?_?A??????OC_?G@???_?A?O???C?a??????B?C???c???_???GA?_???????_B?_??????Q?A???C?@_??????G?@?@??a?_??A???A????A???C??_?G?_???G??_?C@?????G??AA????C?@??O?_O?OGO????????@????????@??_Cc,[(74-78)-(70-76)-(69-77)-(63-79)-(61-62)-(56-60)-(51-59)-(50-72)-(47-75)-(43-46)-(38-44)-(36-55)-(31-39)-(30-73)-(29-42)-(28-40)-(27-71)-(26-58)-(25-68)-(24-45)-(23-52)-(22-53)-(20-35)-(19-41)-(15-37)-(14-57)-(13-64)-(12-33)-(11-32)-(10-16)-(9-54)-(8-18)-(7-17)-(6-66)-(5-48)-(4-21)-(3-34)-(2-49)-(1-67)-(0-65)],0.0004711151123046875,0.030645132064819336,1,True,0
~?@OO?CA?C??????C???C????AW@??@?A????@?A?C?@????G???@??????????AS?@C@@????D??W???D???Q??C?@???_???c?_?????EC????GA?O?C?@??????A??Q??A@g??GA@???@??@??@?@G??_??????????C?c???Gg?????AG??A??????CA@?_???@OG_???a????@???????????_?????`?A?_???AG?_@??A_A????G@???A?CG????C??_???AAG???_????__@????I@???????U??C?AO????KO??_???AG??GA???????G????C??G????WC???_??A?_?A??????OC_?G@???_?A?O???C?a??????B?C???c???_???GA?_???????_B?_??????Q?A???C?@_??????G?@?@??a?_??A???A????A???C??_?G?_???G??_?C@?????G??AA????C?@??O?_O?OGO????????@????????@??_Cc,[(74-78)-(70-76)-(69-77)-(63-79)-(61-62)-(56-60)-(51-59)-(50-72)-(47-75)-(43-46)-(38-44)-(36-55)-(31-39)-(30-73)-(29-42)-(28-40)-(27-71)-(26-58)-(25-68)-(24-45)-(23-52)-(22-53)-(20-35)-(19-41)-(15-37)-(14-57)-(13-64)-(12-33)-(11-32)-(10-16)-(9-54)-(8-18)-(7-17)-(6-66)-(5-48)-(4-21)-(3-34)-(2-49)-(1-67)-(0-65)],0.0004456043243408203,0.030951738357543945,1,True,0
~?@OO?CA?C??????C???C????AW@??@?A????@?A?C?@????G???@??????????AS?@C@@????D??W???D???Q??C?@???_???c?_?????EC????GA?O?C?@??????A??Q??A@g??GA@???@??@??@?@G??_??????????C?c???Gg?????AG??A??????CA@?_???@OG_???a????@???????????_?????`?A?_???AG?_@??A_A????G@???A?CG????C??_???AAG???_????__@????I@???????U??C?AO????KO??_???AG??GA???????G????C??G????WC???_??A?_?A??????OC_?G@???_?A?O???C?a??????B?C???c???_???GA?_???????_B?_??????Q?A???C?@_??????G?@?@??a?_??A???A????A???C??_?G?_???G??_?C@?????G??AA????C?@??O?_O?OGO????????@????????@??_Cc,[(75-79)-(74-78)-(70-76)-(69-77)-(61-62)-(56-60)-(51-59)-(50-72)-(47-63)-(43-46)-(38-44)-(36-55)-(31-39)-(30-73)-(29-42)-(28-40)-(27-71)-(26-58)-(25-68)-(24-45)-(23-52)-(22-53)-(20-35)-(19-41)-(15-37)-(14-57)-(13-64)-(12-33)-(11-32)-(10-16)-(9-54)-(8-18)-(7-17)-(6-66)-(5-48)-(4-21)-(3-34)-(2-49)-(1-67)-(0-65)],0.0006115436553955078,0.019629955291748047,1,True,0
~?@OO?CA?C??????C???C????AW@??@?A????@?A?C?@????G???@??????????AS?@C@@????D??W???D???Q??C?@???_???c?_?????EC????GA?O?C?@??????A??Q??A@g??GA@???@??@??@?@G??_??????????C?c???Gg?????AG??A??????CA@?_???@OG_???a????@???????????_?????`?A?_???AG?_@??A_A????G@???A?CG????C??_???AAG???_????__@????I@???????U??C?AO????KO??_???AG??GA???????G????C??G????WC???_??A?_?A??????OC_?G@???_?A?O???C?a??????B?C???c???_???GA?_???????_B?_??????Q?A???C?@_??????G?@?@??a?_??A???A????A???C??_?G?_???G??_?C@?????G??AA????C?@??O?_O?OGO????????@????????@??_Cc,[(75-79)-(74-78)-(70-76)-(69-77)-(61-62)-(56-60)-(51-59)-(50-72)-(47-63)-(43-46)-(38-44)-(36-55)-(31-39)-(30-73)-(29-42)-(28-40)-(27-71)-(26-58)-(25-68)-(24-45)-(23-52)-(22-53)-(20-35)-(19-41)-(15-37)-(14-57)-(13-64)-(12-33)-(11-32)-(10-16)-(9-54)-(8-18)-(7-17)-(6-66)-(5-48)-(4-21)-(3-34)-(2-49)-(1-67)-(0-65)],0.00047659873962402344,0.05026555061340332,2,True,0
~?@OO?CA?C??????C???C????AW@??@?A????@?A?C?@????G???@??????????AS?@C@@????D??W???D???Q??C?@???_???c?_?????EC????GA?O?C?@??????A??Q??A@g??GA@???@??@??@?@G??_??????????C?c???Gg?????AG??A??????CA@?_???@OG_???a????@???????????_?????`?A?_???AG?_@??A_A????G@???A?CG????C??_???AAG???_????__@????I@???????U??C?AO????KO??_???AG??GA???????G????C??G????WC???_??A?_?A??????OC_?G@???_?A?O???C?a??????B?C???c???_???GA?_???????_B?_??????Q?A???C?@_??????G?@?@??a?_??A???A????A???C??_?G?_???G??_?C@?????G??AA????C?@??O?_O?OGO????????@????????@??_Cc,[(74-78)-(72-79)-(63-75)-(61-62)-(56-60)-(51-77)-(50-59)-(46-69)-(44-76)-(43-70)-(38-47)-(36-55)-(31-39)-(30-73)-(29-42)-(28-40)-(27-71)-(26-58)-(25-68)-(24-45)-(23-52)-(22-53)-(20-35)-(19-41)-(15-37)-(14-57)-(13-64)-(12-33)-(11-32)-(10-16)-(9-54)-(8-18)-(7-17)-(6-66)-(5-48)-(4-21)-(3-34)-(2-49)-(1-67)-(0-65)],0.00046324729919433594,0.03110980987548828,1,True,0
~?@OO?CA?C??????C???C????AW@??@?A????@?A?C?@????G???@??????????AS?@C@@????D??W???D???Q??C?@???_???c?_?????EC????GA?O?C?@??????A??Q??A@g??GA@???@??@??@?@G??_??????????C?c???Gg?????AG??A??????CA@?_???@OG_???a????@???????????_?????`?A?_???AG?_@??A_A????G@???A?CG????C??_???AAG???_????__@????I@???????U??C?AO????KO??_???AG??GA???????G????C??G????WC???_??A?_?A??????OC_?G@???_?A?O???C?a??????B?C???c???_???GA?_???????_B?_??????Q?A???C?@_??????G?@?@??a?_??A???A????A???C??_?G?_???G??_?C@?????G??AA????C?@??O?_O?OGO????????@????????@??_Cc,[(74-78)-(72-79)-(63-75)-(61-62)-(56-60)-(51-77)-(50-59)-(46-69)-(44-76)-(43-70)-(38-47)-(36-55)-(31-39)-(30-73)-(29-42)-(28-40)-(27-71)-(26-58)-(25-68)-(24-45)-(23-52)-(22-53)-(20-35)-(19-41)-(15-37)-(14-57)-(13-64)-(12-33)-(11-32)-(10-16)-(9-54)-(8-18)-(7-17)-(6-66)-(5-48)-(4-21)-(3-34)-(2-49)-(1-67)-(0-65)],0.00046324729919433594,0.07008647918701172,3,True,0
~?@O?_???A???G@???G????????G???????????A?C@?G??W???G?_CA?GO????C_??S??????O?_A_GC?G?A?GC????A?@????@??_OI?C?????_??G????????@@??C??A_???_O??o??A?@?__C_???C?AC@???A??OA??C?_?G?G????G?C?G@C?????????O????G???G@????G???@???O??A?_O?C????H?_?H????????_?OG?GA?????O?C??Q??????_??A???C?C@?????OOD????IC????_??g???????????????A@?B????Y????@????_?@?E?O??????oO??C?E?_???_???POG??????GB??OC?????_?_??G???Q??A?_@??????__???A???A_?_??@Q???I???_?@@???A?_??@????K??_?A????C?A?P??O??AGG?????????A?O??????GO?C???_?@__C????G?????K??A??_?AO_@?A??????,[(75-76)-(61-63)-(51-57)-(50-58)-(48-73)-(47-54)-(44-77)-(43-79)-(42-74)-(41-78)-(37-62)-(34-55)-(29-31)-(28-38)-(27-71)-(26-45)-(24-30)-(23-46)-(22-66)-(20-25)-(19-59)-(18-36)-(17-72)-(16-53)-(15-21)-(14-60)-(13-67)-(12-40)-(11-65)-(10-69)-(9-56)-(8-49)-(7-64)-(6-39)-(5-32)-(4-33)-(3-70)-(2-68)-(1-52)-(0-35)],0.00046253204345703125,0.1151437759399414,5,True,0
~?@O?_???A???G@???G????????G???????????A?C@?G??W???G?_CA?GO????C_??S??????O?_A_GC?G?A?GC????A?@????@??_OI?C?????_??G????????@@??C??A_???_O??o??A?@?__C_???C?AC@???A??OA??C?_?G?G????G?C?G@C?????????O????G???G@????G???@???O??A?_O?C????H?_?H????????_?OG?GA?????O?C??Q??????_??A???C?C@?????OOD????IC????_??g???????????????A@?B????Y????@????_?@?E?O??????oO??C?E?_???_???POG??????GB??OC?????_?_??G???Q??A?_@??????__???A???A_?_??@Q???I???_?@@???A?_??@????K??_?A????C?A?P??O??AGG?????????A?O??????GO?C???_?@__C????G?????K??A??_?AO_@?A??????,[(75-76)-(61-63)-(51-57)-(50-58)-(48-73)-(47-54)-(44-77)-(43-79)-(42-74)-(41-78)-(37-62)-(34-55)-(29-31)-(28-38)-(27-71)-(26-45)-(24-30)-(23-46)-(22-66)-(20-25)-(19-59)-(18-36)-(17-72)-(16-53)-(15-21)-(14-60)-(13-67)-(12-40)-(11-65)-(10-69)-(9-56)-(8-49)-(7-64)-(6-39)-(5-32)-(4-33)-(3-70)-(2-68)-(1-52)-(0-35)],0.00044465065002441406,0.07049775123596191,3,True,0
~?@O?_???A???G@???G????????G???????????A?C@?G??W???G?_CA?GO????C_??S??????O?_A_GC?G?A?GC????A?@????@??_OI?C?????_??G????????@@??C??A_???_O??o??A?@?__C_???C?AC@???A??OA??C?_?G?G????G?C?G@C?????????O????G???G@????G???@???O??A?_O?C????H?_?H????????_?OG?GA?????O?C??Q??????_??A???C?C@?????OOD????IC????_??g???????????????A@?B????Y????@????_?@?E?O??????oO??C?E?_???_???POG??????GB??OC?????_?_??G???Q??A?_@??????__???A???A_?_??@Q???I???_?@@???A?_??@????K??_?A????C?A?P??O??AGG?????????A?O??????GO?C???_?@__C????G?????K??A??_?AO_@?A??????,[(75-76)-(61-63)-(51-57)-(50-58)-(48-73)-(47-54)-(43-79)-(42-74)-(41-78)-(37-77)-(36-62)-(34-55)-(30-44)-(29-31)-(28-38)-(27-71)-(26-45)-(23-46)-(22-66)-(20-25)-(19-59)-(18-24)-(17-72)-(16-53)-(15-21)-(14-60)-(13-67)-(12-40)-(11-65)-(10-69)-(9-56)-(8-49)-(7-64)-(6-39)-(5-32)-(4-33)-(3-70)-(2-68)-(1-52)-(0-35)],0.0004382133483886719,0.07271981239318848,3,True,0
~?@O?_???A???G@???G????????G???????????A?C@?G??W???G?_CA?GO????C_??S??????O?_A_GC?G?A?GC????A?@????@??_OI?C?????_??G????????@@??C??A_???_O??o??A?@?__C_???C?AC@???A??OA??C?_?G?G????G?C?G@C?????????O????G???G@????G???@???O??A?_O?C????H?_?H????????_?OG?GA?????O?C??Q??????_??A???C?C@?????OOD????IC????_??g???????????????A@?B????Y????@????_?@?E?O??????oO??C?E?_???_???POG??????GB??OC?????_?_??G???Q??A?_@??????__???A???A_?_??@Q???I???_?@@???A?_??@????K??_?A????C?A?P??O??AGG?????????A?O??????GO?C???_?@__C????G?????K??A??_?AO_@?A??????,[(75-76)-(61-63)-(51-57)-(50-58)-(48-73)-(47-54)-(43-79)-(42-74)-(41-78)-(37-77)-(36-62)-(34-55)-(30-44)-(29-31)-(28-38)-(27-71)-(26-45)-(23-46)-(22-66)-(20-25)-(19-59)-(18-24)-(17-72)-(16-53)-(15-21)-(14-60)-(13-67)-(12-40)-(11-65)-(10-69)-(9-56)-(8-49)-(7-64)-(6-39)-(5-32)-(4-33)-(3-70)-(2-68)-(1-52)-(0-35)],0.00044536590576171875,0.07041168212890625,3,True,0
~?@O?_???A???G@???G????????G???????????A?C@?G??W???G?_CA?GO????C_??S??????O?_A_GC?G?A?GC????A?@????@??_OI?C?????_??G????????@@??C??A_???_O??o??A?@?__C_???C?AC@???A??OA??C?_?G?G????G?C?G@C?????????O????G???G@????G???@???O??A?_O?C????H?_?H????????_?OG?GA?????O?C??Q??????_??A???C?C@?????OOD????IC????_??g???????????????A@?B????Y????@????_?@?E?O??????oO??C?E?_???_???POG??????GB??OC?????_?_??G???Q??A?_@??????__???A???A_?_??@Q???I???_?@@???A?_??@????K??_?A????C?A?P??O??AGG?????????A?O??????GO?C???_?@__C????G?????K??A??_?AO_@?A??????,[(75-76)-(61-63)-(51-57)-(50-58)-(48-73)-(47-54)-(44-77)-(43-79)-(42-74)-(41-78)-(37-62)-(36-46)-(34-55)-(29-31)-(28-38)-(27-71)-(26-45)-(23-72)-(22-66)-(20-25)-(19-59)-(18-24)-(17-30)-(16-53)-(15-21)-(14-60)-(13-67)-(12-40)-(11-65)-(10-69)-(9-56)-(8-49)-(7-64)-(6-39)-(5-32)-(4-33)-(3-70)-(2-68)-(1-52)-(0-35)],0.00043964385986328125,0.11918497085571289,5,False,0
~?@O?_???A???G@???G????????G???????????A?C@?G??W???G?_CA?GO????C_??S??????O?_A_GC?G?A?GC????A?@????@??_OI?C?????_??G????????@@??C??A_???_O??o??A?@?__C_???C?AC@???A??OA??C?_?G?G????G?C?G@C?????????O????G???G@????G???@???O??A?_O?C????H?_?H????????_?OG?GA?????O?C??Q??????_??A???C?C@?????OOD????IC????_??g???????????????A@?B????Y????@????_?@?E?O??????oO??C?E?_???_???POG??????GB??OC?????_?_??G???Q??A?_@??????__???A???A_?_??@Q???I???_?@@???A?_??@????K??_?A????C?A?P??O??AGG?????????A?O??????GO?C???_?@__C????G?????K??A??_?AO_@?A??????,[(75-76)-(61-63)-(51-57)-(50-58)-(48-73)-(47-54)-(44-77)-(43-79)-(42-74)-(41-78)-(37-62)-(36-46)-(34-55)-(29-31)-(28-38)-(27-71)-(26-45)-(23-72)-(22-66)-(20-25)-(19-59)-(18-24)-(17-30)-(16-53)-(15-21)-(14-60)-(13-67)-(12-40)-(11-65)-(10-69)-(9-56)-(8-49)-(7-64)-(6-39)-(5-32)-(4-33)-(3-70)-(2-68)-(1-52)-(0-35)],0.00048351287841796875,0.03125429153442383,1,True,0
~?@O?_???A???G@???G????????G???????????A?C@?G??W???G?_CA?GO????C_??S??????O?_A_GC?G?A?GC????A?@????@??_OI?C?????_??G????????@@??C??A_???_O??o??A?@?__C_???C?AC@???A??OA??C?_?G?G????G?C?G@C?????????O????G???G@????G???@???O??A?_O?C????H?_?H????????_?OG?GA?????O?C??Q??????_??A???C?C@?????OOD????IC????_??g???????????????A@?B????Y????@????_?@?E?O??????oO??C?E?_???_???POG??????GB??OC?????_?_??G???Q??A?_@??????__???A???A_?_??@Q???I???_?@@???A?_??@????K??_?A????C?A?P??O??AGG?????????A?O??????GO?C???_?@__C????G?????K??A??_?AO_@?A??????,[(75-76)-(61-63)-(50-58)-(48-73)-(47-54)-(45-51)-(44-77)-(43-79)-(42-74)-(41-78)-(37-62)-(34-55)-(29-31)-(28-38)-(27-71)-(26-59)-(24-30)-(23-46)-(22-66)-(20-25)-(19-53)-(18-36)-(17-72)-(16-57)-(15-21)-(14-60)-(13-67)-(12-40)-(11-65)-(10-69)-(9-56)-(8-49)-(7-64)-(6-39)-(5-32)-(4-33)-(3-70)-(2-68)-(1-52)-(0-35)],0.0004417896270751953,0.09077763557434082,4,True,0
~?@O?_???A???G@???G????????G???????????A?C@?G??W???G?_CA?GO????C_??S??????O?_A_GC?G?A?GC????A?@????@??_OI?C?????_??G????????@@??C??A_???_O??o??A?@?__C_???C?AC@???A??OA??C?_?G?G????G?C?G@C?????????O????G???G@????G???@???O??A?_O?C????H?_?H????????_?OG?GA?????O?C??Q??????_??A???C?C@?????OOD????IC????_??g???????????????A@?B????Y????@????_?@?E?O??????oO??C?E?_???_???POG??????GB??OC?????_?_??G???Q??A?_@??????__???A???A_?_??@Q???I???_?@@???A?_??@????K??_?A????C?A?P??O??AGG?????????A?O??????GO?C???_?@__C????G?????K??A??_?AO_@?A??????,[(75-76)-(61-63)-(50-58)-(48-73)-(47-54)-(45-51)-(44-77)-(43-79)-(42-74)-(41-78)-(37-62)-(34-55)-(29-31)-(28-38)-(27-71)-(26-59)-(24-30)-(23-46)-(22-66)-(20-25)-(19-53)-(18-36)-(17-72)-(16-57)-(15-21)-(14-60)-(13-67)-(12-40)-(11-65)-(10-69)-(9-56)-(8-49)-(7-64)-(6-39)-(5-32)-(4-33)-(3-70)-(2-68)-(1-52)-(0-35)],0.0006487369537353516,0.04987001419067383,2,True,0
~?@O?_???A???G@???G????????G???????????A?C@?G??W???G?_CA?GO????C_??S??????O?_A_GC?G?A?GC????A?@????@??_OI?C?????_??G????????@@??C??A_???_O??o??A?@?__C_???C?AC@???A??OA??C?_?G?G????G?C?G@C?????????O????G???G@????G???@???O??A?_O?C????H?_?H????????_?OG?GA?????O?C??Q??????_??A???C?C@?????OOD????IC????_??g???????????????A@?B????Y????@????_?@?E?O??????oO??C?E?_???_???POG??????GB??OC?????_?_??G???Q??A?_@??????__???A???A_?_??@Q???I???_?@@???A?_??@????K??_?A????C?A?P??O??AGG?????????A?O??????GO?C???_?@__C????G?????K??A??_?AO_@?A??????,[(75-76)-(61-63)-(53-59)-(50-58)-(48-73)-(47-54)-(45-51)-(44-77)-(43-79)-(42-74)-(41-78)-(37-62)-(34-55)-(28-38)-(27-71)-(26-29)-(24-30)-(23-46)-(22-66)-(20-25)-(19-31)-(18-36)-(17-72)-(16-57)-(15-21)-(14-60)-(13-67)-(12-40)-(11-65)-(10-69)-(9-56)-(8-49)-(7-64)-(6-39)-(5-32)-(4-33)-(3-70)-(2-68)-(1-52)-(0-35)],0.0004425048828125,0.07034921646118164,3,True,0
~?@O?_???A???G@???G????????G???????????A?C@?G??W???G?_CA?GO????C_??S??????O?_A_GC?G?A?GC????A?@????@??_OI?C?????_??G????????@@??C??A_???_O??o??A?@?__C_???C?AC@???A??OA??C?_?G?G????G?C?G@C?????????O????G???G@????G???@???O??A?_O?C????H?_?H????????_?OG?GA?????O?C??Q??????_??A???C?C@?????OOD????IC????_??g???????????????A@?B????Y????@????_?@?E?O??????oO??C?E?_???_???POG??????GB??OC?????_?_??G???Q??A?_@??????__???A???A_?_??@Q???I???_?@@???A?_??@????K??_?A????C?A?P??O??AGG?????????A?O??????GO?C???_?@__C????G?????K??A??_?AO_@?A??????,[(75-76)-(61-63)-(53-59)-(50-58)-(48-73)-(47-54)-(45-51)-(44-77)-(43-79)-(42-74)-(41-78)-(37-62)-(34-55)-(28-38)-(27-71)-(26-29)-(24-30)-(23-46)-(22-66)-(20-25)-(19-31)-(18-36)-(17-72)-(16-57)-(15-21)-(14-60)-(13-67)-(12-40)-(11-65)-(10-69)-(9-56)-(8-49)-(7-64)-(6-39)-(5-32)-(4-33)-(3-70)-(2-68)-(1-52)-(0-35)],0.0004825592041015625,0.07040691375732422,3,True,0
~?@O?_???A???G@???G????????G???????????A?C@?G??W???G?_CA?GO????C_??S??????O?_A_GC?G?A?GC????A?@????@??_OI?C?????_??G????????@@??C??A_???_O??o??A?@?__C_???C?AC@???A??OA??C?_?G?G????G?C?G@C?????????O????G???G@????G???@???O??A?_O?C????H?_?H????????_?OG?GA?????O?C??Q??????_??A???C?C@?????OOD????IC????_??g???????????????A@?B????Y????@????_?@?E?O??????oO??C?E?_???_???POG??????GB??OC?????_?_??G???Q??A?_@??????__???A???A_?_??@Q???I???_?@@???A?_??@????K??_?A????C?A?P??O??AGG?????????A?O??????GO?C???_?@__C????G?????K??A??_?AO_@?A??????,[(75-76)-(61-63)-(50-58)-(48-73)-(47-54)-(45-51)-(43-79)-(42-74)-(41-78)-(37-77)-(36-62)-(34-55)-(30-44)-(29-31)-(28-38)-(27-71)-(26-59)-(23-46)-(22-66)-(20-25)-(19-53)-(18-24)-(17-72)-(16-57)-(15-21)-(14-60)-(13-67)-(12-40)-(11-65)-(10-69)-(9-56)-(8-49)-(7-64)-(6-39)-(5-32)-(4-33)-(3-70)-(2-68)-(1-52)-(0-35)],0.00044918060302734375,0.11540555953979492,5,True,0
~?@O?_???A???G@???G????????G???????????A?C@?G??W???G?_CA?GO????C_??S??????O?_A_GC?G?A?GC????A?@????@??_OI?C?????_??G????????@@??C??A_???_O??o??A?@?__C_???C?AC@???A??OA??C?_?G?G????G?C?G@C?????????O????G???G@????G???@???O??A?_O?C????H?_?H????????_?OG?GA?????O?C??Q??????_??A???C?C@?????OOD????IC????_??g???????????????A@?B????Y????@????_?@?E?O??????oO??C?E?_???_???POG??????GB??OC?????_?_??G???Q??A?_@??????__???A???A_?_??@Q???I???_?@@???A?_??@????K??_?A????C?A?P??O??AGG?????????A?O??????GO?C???_?@__C????G?????K??A??_?AO_@?A??????,[(75-76)-(61-63)-(50-58)-(48-73)-(47-54)-(45-51)-(43-79)-(42-74)-(41-78)-(37-77)-(36-62)-(34-55)-(30-44)-(29-31)-(28-38)-(27-71)-(26-59)-(23-46)-(22-66)-(20-25)-(19-53)-(18-24)-(17-72)-(16-57)-(15-21)-(14-60)-(13-67)-(12-40)-(11-65)-(10-69)-(9-56)-(8-49)-(7-64)-(6-39)-(5-32)-(4-33)-(3-70)-(2-68)-(1-52)-(0-35)],0.0004298686981201172,0.07021784782409668,3,True,0
~?@O?_???A???G@???G????????G???????????A?C@?G??W???G?_CA?GO????C_??S??????O?_A_GC?G?A?GC????A?@????@??_OI?C?????_??G????????@@??C??A_???_O??o??A?@?__C_???C?AC@???A??OA??C?_?G?G????G?C?G@C?????????O????G???G@????G???@???O??A?_O?C????H?_?H????????_?OG?GA?????O?C??Q??????_??A???C?C@?????OOD????IC????_??g???????????????A@?B????Y????@????_?@?E?O??????oO??C?E?_???_???POG??????GB??OC?????_?_??G???Q??A?_@??????__???A???A_?_??@Q???I???_?@@???A?_??@????K??_?A????C?A?P??O??AGG?????????A?O??????GO?C???_?@__C????G?????K??A??_?AO_@?A??????,[(75-76)-(61-63)-(53-77)-(50-58)-(48-73)-(47-54)-(43-79)-(42-74)-(41-78)-(37-51)-(36-62)-(34-55)-(30-44)-(29-31)-(28-38)-(27-71)-(26-45)-(23-46)-(22-66)-(20-25)-(19-59)-(18-24)-(17-72)-(16-57)-(15-21)-(14-60)-(13-67)-(12-40)-(11-65)-(10-69)-(9-56)-(8-49)-(7-64)-(6-39)-(5-32)-(4-33)-(3-70)-(2-68)-(1-52)-(0-35)],0.0004570484161376953,0.04981732368469238,2,True,0
~?@O?_???A???G@???G????????G???????????A?C@?G??W???G?_CA?GO????C_??S??????O?_A_GC?G?A?GC????A?@????@??_OI?C?????_??G????????@@??C??A_???_O??o??A?@?__C_???C?AC@???A??OA??C?_?G?G????G?C?G@C?????????O????G???G@????G???@???O??A?_O?C????H?_?H????????_?OG?GA?????O?C??Q??????_??A???C?C@?????OOD????IC????_??g???????????????A@?B????Y????@????_?@?E?O??????oO??C?E?_???_???POG??????GB??OC?????_?_??G???Q??A?_@??????__???A???A_?_??@Q???I???_?@@???A?_??@????K??_?A????C?A?P??O??AGG?????????A?O??????GO?C???_?@__C????G?????K??A??_?AO_@?A??????,[(75-76)-(61-63)-(53-77)-(50-58)-(48-73)-(47-54)-(43-79)-(42-74)-(41-78)-(37-51)-(36-62)-(34-55)-(30-44)-(29-31)-(28-38)-(27-71)-(26-45)-(23-46)-(22-66)-(20-25)-(19-59)-(18-24)-(17-72)-(16-57)-(15-21)-(14-60)-(13-67)-(12-40)-(11-65)-(10-69)-(9-56)-(8-49)-(7-64)-(6-39)-(5-32)-(4-33)-(3-70)-(2-68)-(1-52)-(0-35)],0.0004611015319824219,0.0307924747467041,1,True,0
~?@O?_???A???G@???G????????G???????????A?C@?G??W???G?_CA?GO????C_??S??????O?_A_GC?G?A?GC????A?@????@??_OI?C?????_??G????????@@??C??A_???_O??o??A?@?__C_???C?AC@???A??OA??C?_?G?G????G?C?G@C?????????O????G???G@????G???@???O??A?_O?C????H?_?H????????_?OG?GA?????O?C??Q??????_??A???C?C@?????OOD????IC????_??g???????????????A@?B????Y????@????_?@?E?O??????oO??C?E?_???_???POG??????GB??OC?????_?_??G???Q??A?_@??????__???A???A_?_??@Q???I???_?@@???A?_??@????K??_?A????C?A?P??O??AGG?????????A?O??????GO?C???_?@__C????G?????K??A??_?AO_@?A??????,[(75-76)-(61-63)-(53-59)-(50-58)-(48-73)-(47-54)-(45-51)-(43-79)-(42-74)-(41-78)-(37-77)-(36-62)-(34-55)-(30-44)-(28-38)-(27-71)-(26-29)-(23-46)-(22-66)-(20-25)-(19-31)-(18-24)-(17-72)-(16-57)-(15-21)-(14-60)-(13-67)-(12-40)-(11-65)-(10-69)-(9-56)-(8-49)-(7-64)-(6-39)-(5-32)-(4-33)-(3-70)-(2-68)-(1-52)-(0-35)],0.0004696846008300781,0.11858415603637695,5,True,0
~?@O?_???A???G@???G????????G???????????A?C@?G??W???G?_CA?GO????C_??S??????O?_A_GC?G?A?GC????A?@????@??_OI?C?????_??G????????@@??C??A_???_O??o??A?@?__C_???C?AC@???A??OA??C?_?G?G????G?C?G@C?????????O????G???G@????G???@???O??A?_O?C????H?_?H????????_?OG?GA?????O?C??Q??????_??A???C?C@?????OOD????IC????_??g???????????????A@?B????Y????@????_?@?E?O??????oO??C?E?_???_???POG??????GB??OC?????_?_??G???Q??A?_@??????__???A???A_?_??@Q???I???_?@@???A?_??@????K??_?A????C?A?P??O??AGG?????????A?O??????GO?C???_?@__C????G?????K??A??_?AO_@?A??????,[(75-76)-(61-63)-(53-59)-(50-58)-(48-73)-(47-54)-(45-51)-(43-79)-(42-74)-(41-78)-(37-77)-(36-62)-(34-55)-(30-44)-(28-38)-(27-71)-(26-29)-(23-46)-(22-66)-(20-25)-(19-31)-(18-24)-(17-72)-(16-57)-(15-21)-(14-60)-(13-67)-(12-40)-(11-65)-(10-69)-(9-56)-(8-49)-(7-64)-(6-39)-(5-32)-(4-33)-(3-70)-(2-68)-(1-52)-(0-35)],0.0004487037658691406,0.0698385238647461,3,True,0
~?@O?_???A???G@???G????????G???????????A?C@?G??W???G?_CA?GO????C_??S??????O?_A_GC?G?A?GC????A?@????@??_OI?C?????_??G????????@@??C??A_???_O??o??A?@?__C_???C?AC@???A??OA??C?_?G?G????G?C?G@C?????????O????G???G@????G???@???O??A?_O?C????H?_?H????????_?OG?GA?????O?C??Q??????_??A???C?C@?????OOD????IC????_??g???????????????A@?B????Y????@????_?@?E?O??????oO??C?E?_???_???POG??????GB??OC?????_?_??G???Q??A?_@??????__???A???A_?_??@Q???I???_?@@???A?_??@????K??_?A????C?A?P??O??AGG?????????A?O??????GO?C???_?@__C????G?????K??A??_?AO_@?A??????,[(75-76)-(61-63)-(50-58)-(48-73)-(47-54)-(45-51)-(44-77)-(43-79)-(42-74)-(41-78)-(37-62)-(36-46)-(34-55)-(29-31)-(28-38)-(27-71)-(26-59)-(23-72)-(22-66)-(20-25)-(19-53)-(18-24)-(17-30)-(16-57)-(15-21)-(14-60)-(13-67)-(12-40)-(11-65)-(10-69)-(9-56)-(8-49)-(7-64)-(6-39)-(5-32)-(4-33)-(3-70)-(2-68)-(1-52)-(0-35)],0.00043392181396484375,0.04873299598693848,2,True,0
~?@O?_???A???G@???G????????G???????????A?C@?G??W???G?_CA?GO????C_??S??????O?_A_GC?G?A?GC????A?@????@??_OI?C?????_??G????????@@??C??A_???_O??o??A?@?__C_???C?AC@???A??OA??C?_?G?G????G?C?G@C?????????O????G???G@????G???@???O??A?_O?C????H?_?H????????_?OG?GA?????O?C??Q??????_??A???C?C@?????OOD????IC????_??g???????????????A@?B????Y????@????_?@?E?O??????oO??C?E?_???_???POG??????GB??OC?????_?_??G???Q??A?_@??????__???A???A_?_??@Q???I???_?@@???A?_??@????K??_?A????C?A?P??O??AGG?????????A?O??????GO?C???_?@__C????G?????K??A??_?AO_@?A??????,[(75-76)-(61-63)-(50-58)-(48-73)-(47-54)-(45-51)-(44-77)-(43-79)-(42-74)-(41-78)-(37-62)-(36-46)-(34-55)-(29-31)-(28-38)-(27-71)-(26-59)-(23-72)-(22-66)-(20-25)-(19-53)-(18-24)-(17-30)-(16-57)-(15-21)-(14-60)-(13-67)-(12-40)-(11-65)-(10-69)-(9-56)-(8-49)-(7-64)-(6-39)-(5-32)-(4-33)-(3-70)-(2-68)-(1-52)-(0-35)],0.0004410743713378906,0.06940054893493652,3,True,0
~?@O?_???A???G@???G????????G???????????A?C@?G??W???G?_CA?GO????C_??S??????O?_A_GC?G?A?GC????A?@????@??_OI?C?????_??G????????@@??C??A_???_O??o??A?@?__C_???C?AC@???A??OA??C?_?G?G????G?C?G@C?????????O????G???G@????G???@???O??A?_O?C????H?_?H????????_?OG?GA?????O?C??Q??????_??A???C?C@?????OOD????IC????_??g???????????????A@?B????Y????@????_?@?E?O??????oO??C?E?_???_???POG??????GB??OC?????_?_??G???Q??A?_@??????__???A???A_?_??@Q???I???_?@@???A?_??@????K??_?A????C?A?P??O??AGG?????????A?O??????GO?C???_?@__C????G?????K??A??_?AO_@?A??????,[(75-76)-(61-63)-(53-59)-(50-58)-(48-73)-(47-54)-(45-51)-(44-77)-(43-79)-(42-74)-(41-78)-(37-62)-(36-46)-(34-55)-(28-38)-(27-71)-(26-29)-(23-72)-(22-66)-(20-25)-(19-31)-(18-24)-(17-30)-(16-57)-(15-21)-(14-60)-(13-67)-(12-40)-(11-65)-(10-69)-(9-56)-(8-49)-(7-64)-(6-39)-(5-32)-(4-33)-(3-70)-(2-68)-(1-52)-(0-35)],0.0004425048828125,0.09049057960510254,4,True,0
~?@O?_???A???G@???G????????G???????????A?C@?G??W???G?_CA?GO????C_??S??????O?_A_GC?G?A?GC????A?@????@??_OI?C?????_??G????????@@??C??A_???_O??o??A?@?__C_???C?AC@???A??OA??C?_?G?G????G?C?G@C?????????O????G???G@????G???@???O??A?_O?C????H?_?H????????_?OG?GA?????O?C??Q??????_??A???C?C@?????OOD????IC????_??g???????????????A@?B????Y????@????_?@?E?O??????oO??C?E?_???_???POG??????GB??OC?????_?_??G???Q??A?_@??????__???A???A_?_??@Q???I???_?@@???A?_??@????K??_?A????C?A?P??O??AGG?????????A?O??????GO?C???_?@__C????G?????K??A??_?AO_@?A??????,[(75-76)-(61-63)-(53-59)-(50-58)-(48-73)-(47-54)-(45-51)-(44-77)-(43-79)-(42-74)-(41-78)-(37-62)-(36-46)-(34-55)-(28-38)-(27-71)-(26-29)-(23-72)-(22-66)-(20-25)-(19-31)-(18-24)-(17-30)-(16-57)-(15-21)-(14-60)-(13-67)-(12-40)-(11-65)-(10-69)-(9-56)-(8-49)-(7-64)-(6-39)-(5-32)-(4-33)-(3-70)-(2-68)-(1-52)-(0-35)],0.00046896934509277344,0.09238314628601074,4,True,0
~?@O?_A?O????C???????O??_A?CO???OCG??CO??G?_??C????????G????????PA??????H??G???O??O????????A??O??__G_?????Q_??_????AA_G???e???????_?B_O????O?C?A??G????@??G???O???_?_?G?GCO?A?_??C???A????G?@C?a????B???_??G??AA???CC???G_?C_??A?G???O??A??b??????CG??C??????C?_??_???GC??O???????A??GA_???P?d?????C?A??????B???G_?????C??G?O@@G??A??_???a@???C?C?_?_O??_???@??AO????g?????C?C??A@??A_?_?????A?G?_C?_??A?????@@??O_??????OCAC?C???????e???@???G??O???a??????O?Q???G??G????G???OG_O????KG?A?C??????_?B???G_???P?@?????__??I????C????OC??_A??????_?g?,[(60-76)-(59-62)-(57-79)-(56-77)-(55-74)-(54-75)-(53-61)-(46-72)-(43-51)-(42-63)-(41-47)-(40-49)-(36-78)-(31-39)-(30-32)-(29-48)-(28-44)-(27-71)-(26-50)-(25-73)-(24-70)-(23-69)-(22-58)-(18-35)-(15-20)-(14-21)-(13-33)-(12-66)-(11-19)-(10-16)-(9-38)-(8-68)-(7-45)-(6-65)-(5-17)-(4-37)-(3-34)-(2-52)-(1-67)-(0-64)],0.0004425048828125,0.031003475189208984,1,True,0
~?@O?_A?O????C???????O??_A?CO???OCG??CO??G?_??C????????G????????PA??????H??G???O??O????????A??O??__G_?????Q_??_????AA_G???e???????_?B_O????O?C?A??G????@??G???O???_?_?G?GCO?A?_??C???A????G?@C?a????B???_??G??AA???CC???G_?C_??A?G???O??A??b??????CG??C??????C?_??_???GC??O???????A??GA_???P?d?????C?A??????B???G_?????C??G?O@@G??A??_???a@???C?C?_?_O??_???@??AO????g?????C?C??A@??A_?_?????A?G?_C?_??A?????@@??O_??????OCAC?C???????e???@???G??O???a??????O?Q???G??G????G???OG_O????KG?A?C??????_?B???G_???P?@?????__??I????C????OC??_A??????_?g?,[(60-76)-(59-62)-(57-79)-(56-77)-(55-74)-(54-75)-(53-61)-(46-72)-(43-51)-(42-63)-(41-47)-(40-49)-(36-78)-(31-39)-(30-32)-(29-48)-(28-44)-(27-71)-(26-50)-(25-73)-(24-70)-(23-69)-(22-58)-(18-35)-(15-20)-(14-21)-(13-33)-(12-66)-(11-19)-(10-16)-(9-38)-(8-68)-(7-45)-(6-65)-(5-17)-(4-37)-(3-34)-(2-52)-(1-67)-(0-64)],0.0004334449768066406,0.030698537826538086,1,True,0
~?@O?_A?O????C???????O??_A?CO???OCG??CO??G?_??C????????G????????PA??????H??G???O??O????????A??O??__G_?????Q_??_????AA_G???e???????_?B_O????O?C?A??G????@??G???O???_?_?G?GCO?A?_??C???A????G?@C?a????B???_??G??AA???CC???G_?C_??A?G???O??A??b??????CG??C??????C?_??_???GC??O???????A??GA_???P?d?????C?A??????B???G_?????C??G?O@@G??A??_???a@???C?C?_?_O??_???@??AO????g?????C?C??A@??A_?_?????A?G?_C?_??A?????@@??O_??????OCAC?C???????e???@???G??O???a??????O?Q???G??G????G???OG_O????KG?A?C??????_?B???G_???P?@?????__??I????C????OC??_A??????_?g?,[(72-78)-(62-77)-(59-74)-(57-79)-(56-76)-(54-75)-(53-61)-(46-49)-(43-51)-(42-63)-(41-47)-(39-55)-(36-60)-(31-40)-(30-32)-(29-48)-(28-44)-(27-71)-(26-50)-(25-73)-(24-70)-(23-69)-(22-58)-(18-35)-(15-20)-(14-21)-(13-33)-(12-66)-(11-19)-(10-16)-(9-38)-(8-68)-(7-45)-(6-65)-(5-17)-(4-37)-(3-34)-(2-52)-(1-67)-(0-64)],0.0004551410675048828,0.030924320220947266,1,True,0
~?@O?_A?O????C???????O??_A?CO???OCG??CO??G?_??C????????G????????PA??????H??G???O??O????????A??O??__G_?????Q_??_????AA_G???e???????_?B_O????O?C?A??G????@??G???O???_?_?G?GCO?A?_??C???A????G?@C?a????B???_??G??AA???CC???G_?C_??A?G???O??A??b??????CG??C??????C?_??_???GC??O???????A??GA_???P?d?????C?A??????B???G_?????C??G?O@@G??A??_???a@???C?C?_?_O??_???@??AO????g?????C?C??A@??A_?_?????A?G?_C?_??A?????@@??O_??????OCAC?C???????e???@???G??O???a??????O?Q???G??G????G???OG_O????KG?A?C??????_?B???G_???P?@?????__??I????C????OC??_A??????_?g?,[(72-78)-(62-77)-(59-74)-(57-79)-(56-76)-(54-75)-(53-61)-(46-49)-(43-51)-(42-63)-(41-47)-(39-55)-(36-60)-(31-40)-(30-32)-(29-48)-(28-44)-(27-71)-(26-50)-(25-73)-(24-70)-(23-69)-(22-58)-(18-35)-(15-20)-(14-21)-(13-33)-(12-66)-(11-19)-(10-16)-(9-38)-(8-68)-(7-45)-(6-65)-(5-17)-(4-37)-(3-34)-(2-52)-(1-67)-(0-64)],0.00047326087951660156,0.07168102264404297,3,True,0
~?@O?_A?O????C???????O??_A?CO???OCG??CO??G?_??C????????G????????PA??????H??G???O??O????????A??O??__G_?????Q_??_????AA_G???e???????_?B_O????O?C?A??G????@??G???O???_?_?G?GCO?A?_??C???A????G?@C?a????B???_??G??AA???CC???G_?C_??A?G???O??A??b??????CG??C??????C?_??_???GC??O???????A??GA_???P?d?????C?A??????B???G_?????C??G?O@@G??A??_???a@???C?C?_?_O??_???@??AO????g?????C?C??A@??A_?_?????A?G?_C?_??A?????@@??O_??????OCAC?C???????e???@???G??O???a??????O?Q???G??G????G???OG_O????KG?A?C??????_?B???G_???P?@?????__??I????C????OC??_A??????_?g?,[(72-78)-(62-77)-(59-74)-(57-79)-(56-76)-(54-75)-(53-61)-(43-51)-(42-63)-(41-47)-(40-49)-(39-55)-(36-60)-(31-46)-(30-32)-(29-48)-(28-44)-(27-71)-(26-50)-(25-73)-(24-70)-(23-69)-(22-58)-(18-35)-(15-20)-(14-21)-(13-33)-(12-66)-(11-19)-(10-16)-(9-38)-(8-68)-(7-45)-(6-65)-(5-17)-(4-37)-(3-34)-(2-52)-(1-67)-(0-64)],0.0004532337188720703,0.07057476043701172,3,True,0
~?@O?_A?O????C???????O??_A?CO???OCG??CO??G?_??C????????G????????PA??????H??G???O??O????????A??O??__G_?????Q_??_????AA_G???e???????_?B_O????O?C?A??G????@??G???O???_?_?G?GCO?A?_??C???A????G?@C?a????B???_??G??AA???CC???G_?C_??A?G???O??A??b??????CG??C??????C?_??_???GC??O???????A??GA_???P?d?????C?A??????B???G_?????C??G?O@@G??A??_???a@???C?C?_?_O??_???@??AO????g?????C?C??A@??A_?_?????A?G?_C?_??A?????@@??O_??????OCAC?C???????e???@???G??O???a??????O?Q???G??G????G???OG_O????KG?A?C??????_?B???G_???P?@?????__??I????C????OC??_A??????_?g?,[(72-78)-(62-77)-(59-74)-(57-79)-(56-76)-(54-75)-(53-61)-(43-51)-(42-63)-(41-47)-(40-49)-(39-55)-(36-60)-(31-46)-(30-32)-(29-48)-(28-44)-(27-71)-(26-50)-(25-73)-(24-70)-(23-69)-(22-58)-(18-35)-(15-20)-(14-21)-(13-33)-(12-66)-(11-19)-(10-16)-(9-38)-(8-68)-(7-45)-(6-65)-(5-17)-(4-37)-(3-34)-(2-52)-(1-67)-(0-64)],0.0004489421844482422,0.06977319717407227,3,True,0
~?@O?_A?O????C???????O??_A?CO???OCG??CO??G?_??C????????G????????PA??????H??G???O??O????????A??O??__G_?????Q_??_????AA_G???e???????_?B_O????O?C?A??G????@??G???O???_?_?G?GCO?A?_??C???A????G?@C?a????B???_??G??AA???CC???G_?C_??A?G???O??A??b??????CG??C??????C?_??_???GC??O???????A??GA_???P?d?????C?A??????B???G_?????C??G?O@@G??A??_???a@???C?C?_?_O??_???@??AO????g?????C?C??A@??A_?_?????A?G?_C?_??A?????@@??O_??????OCAC?C???????e???@???G??O???a??????O?Q???G??G????G???OG_O????KG?A?C??????_?B???G_???P?@?????__??I????C????OC??_A??????_?g?,[(60-76)-(59-62)-(57-79)-(56-77)-(55-74)-(54-75)-(53-61)-(46-72)-(43-51)-(41-42)-(40-49)-(36-78)-(32-47)-(31-39)-(30-63)-(29-48)-(28-44)-(27-71)-(26-50)-(25-73)-(24-70)-(23-69)-(22-58)-(18-35)-(15-20)-(14-21)-(13-33)-(12-66)-(11-19)-(10-16)-(9-38)-(8-68)-(7-45)-(6-65)-(5-17)-(4-37)-(3-34)-(2-52)-(1-67)-(0-64)],0.00047588348388671875,0.03211045265197754,1,True,0
~?@O?_A?O????C???????O??_A?CO???OCG??CO??G?_??C????????G????????PA??????H??G???O??O????????A??O??__G_?????Q_??_????AA_G???e???????_?B_O????O?C?A??G????@??G???O???_?_?G?GCO?A?_??C???A????G?@C?a????B???_??G??AA???CC???G_?C_??A?G???O??A??b??????CG??C??????C?_??_???GC??O???????A??GA_???P?d?????C?A??????B???G_?????C??G?O@@G??A??_???a@???C?C?_?_O??_???@??AO????g?????C?C??A@??A_?_?????A?G?_C?_??A?????@@??O_??????OCAC?C???????e???@???G??O???a??????O?Q???G??G????G???OG_O????KG?A?C??????_?B???G_???P?@?????__??I????C????OC??_A??????_?g?,[(60-76)-(59-62)-(57-79)-(56-77)-(55-74)-(54-75)-(53-61)-(46-72)-(43-51)-(41-42)-(40-49)-(36-78)-(32-47)-(31-39)-(30-63)-(29-48)-(28-44)-(27-71)-(26-50)-(25-73)-(24-70)-(23-69)-(22-58)-(18-35)-(15-20)-(14-21)-(13-33)-(12-66)-(11-19)-(10-16)-(9-38)-(8-68)-(7-45)-(6-65)-(5-17)-(4-37)-(3-34)-(2-52)-(1-67)-(0-64)],0.0004811286926269531,0.049294233322143555,2,True,0
~?@O?_A?O????C???????O??_A?CO???OCG??CO??G?_??C????????G????????PA??????H??G???O??O????????A??O??__G_?????Q_??_????AA_G???e???????_?B_O????O?C?A??G????@??G???O???_?_?G?GCO?A?_??C???A????G?@C?a????B???_??G??AA???CC???G_?C_??A?G???O??A??b??????CG??C??????C?_??_???GC??O???????A??GA_???P?d?????C?A??????B???G_?????C??G?O@@G??A??_???a@???C?C?_?_O??_???@??AO????g?????C?C??A@??A_?_?????A?G?_C?_??A?????@@??O_??????OCAC?C???????e???@???G??O???a??????O?Q???G??G????G???OG_O????KG?A?C??????_?B???G_???P?@?????__??I????C????OC??_A??????_?g?,[(60-76)-(59-62)-(57-79)-(56-77)-(55-74)-(54-75)-(53-61)-(46-49)-(43-51)-(42-72)-(41-47)-(36-78)-(32-39)-(31-40)-(30-63)-(29-48)-(28-44)-(27-71)-(26-50)-(25-73)-(24-70)-(23-69)-(22-58)-(18-35)-(15-20)-(14-21)-(13-33)-(12-66)-(11-19)-(10-16)-(9-38)-(8-68)-(7-45)-(6-65)-(5-17)-(4-37)-(3-34)-(2-52)-(1-67)-(0-64)],0.00043392181396484375,0.03163433074951172,1,True,0
~?@O?_A?O????C???????O??_A?CO???OCG??CO??G?_??C????????G????????PA??????H??G???O??O????????A??O??__G_?????Q_??_????AA_G???e???????_?B_O????O?C?A??G????@??G???O???_?_?G?GCO?A?_??C???A????G?@C?a????B???_??G??AA???CC???G_?C_??A?G???O??A??b??????CG??C??????C?_??_???GC??O???????A??GA_???P?d?????C?A??????B???G_?????C??G?O@@G??A??_???a@???C?C?_?_O??_???@??AO????g?????C?C??A@??A_?_?????A?G?_C?_??A?????@@??O_??????OCAC?C???????e???@???G??O???a??????O?Q???G??G????G???OG_O????KG?A?C??????_?B???G_???P?@?????__??I????C????OC??_A??????_?g?,[(60-76)-(59-62)-(57-79)-(56-77)-(55-74)-(54-75)-(53-61)-(46-49)-(43-51)-(42-72)-(41-47)-(36-78)-(32-39)-(31-40)-(30-63)-(29-48)-(28-44)-(27-71)-(26-50)-(25-73)-(24-70)-(23-69)-(22-58)-(18-35)-(15-20)-(14-21)-(13-33)-(12-66)-(11-19)-(10-16)-(9-38)-(8-68)-(7-45)-(6-65)-(5-17)-(4-37)-(3-34)-(2-52)-(1-67)-(0-64)],0.0004506111145019531,0.04935598373413086,2,True,0
~?@O?_A?O????C???????O??_A?CO???OCG??CO??G?_??C????????G????????PA??????H??G???O??O????????A??O??__G_?????Q_??_????AA_G???e???????_?B_O????O?C?A??G????@??G???O???_?_?G?GCO?A?_??C???A????G?@C?a????B???_??G??AA???CC???G_?C_??A?G???O??A??b??????CG??C??????C?_??_???GC??O???????A??GA_???P?d?????C?A??????B???G_?????C??G?O@@G??A??_???a@???C?C?_?_O??_???@??AO????g?????C?C??A@??A_?_?????A?G?_C?_??A?????@@??O_??????OCAC?C???????e???@???G??O???a??????O?Q???G??G????G???OG_O????KG?A?C??????_?B???G_???P?@?????__??I????C????OC??_A??????_?g?,[(62-77)-(59-74)-(57-79)-(56-76)-(54-75)-(53-61)-(46-49)-(43-51)-(42-72)-(41-47)-(39-55)-(36-78)-(32-60)-(31-40)-(30-63)-(29-48)-(28-44)-(27-71)-(26-50)-(25-73)-(24-70)-(23-69)-(22-58)-(18-35)-(15-20)-(14-21)-(13-33)-(12-66)-(11-19)-(10-16)-(9-38)-(8-68)-(7-45)-(6-65)-(5-17)-(4-37)-(3-34)-(2-52)-(1-67)-(0-64)],0.0004401206970214844,0.031096696853637695,1,True,0
~?@O?_A?O????C???????O??_A?CO???OCG??CO??G?_??C????????G????????PA??????H??G???O??O????????A??O??__G_?????Q_??_????AA_G???e???????_?B_O????O?C?A??G????@??G???O???_?_?G?GCO?A?_??C???A????G?@C?a????B???_??G??AA???CC???G_?C_??A?G???O??A??b??????CG??C??????C?_??_???GC??O???????A??GA_???P?d?????C?A??????B???G_?????C??G?O@@G??A??_???a@???C?C?_?_O??_???@??AO????g?????C?C??A@??A_?_?????A?G?_C?_??A?????@@??O_??????OCAC?C???????e???@???G??O???a??????O?Q???G??G????G???OG_O????KG?A?C??????_?B???G_???P?@?????__??I????C????OC??_A??????_?g?,[(62-77)-(59-74)-(57-79)-(56-76)-(54-75)-(53-61)-(46-49)-(43-51)-(42-72)-(41-47)-(39-55)-(36-78)-(32-60)-(31-40)-(30-63)-(29-48)-(28-44)-(27-71)-(26-50)-(25-73)-(24-70)-(23-69)-(22-58)-(18-35)-(15-20)-(14-21)-(13-33)-(12-66)-(11-19)-(10-16)-(9-38)-(8-68)-(7-45)-(6-65)-(5-17)-(4-37)-(3-34)-(2-52)-(1-67)-(0-64)],0.00047707557678222656,0.031041860580444336,1,True,0
~?@O?_A?O????C???????O??_A?CO???OCG??CO??G?_??C????????G????????PA??????H??G???O??O????????A??O??__G_?????Q_??_????AA_G???e???????_?B_O????O?C?A??G????@??G???O???_?_?G?GCO?A?_??C???A????G?@C?a????B???_??G??AA???CC???G_?C_??A?G???O??A??b??????CG??C??????C?_??_???GC??O???????A??GA_???P?d?????C?A??????B???G_?????C??G?O@@G??A??_???a@???C?C?_?_O??_???@??AO????g?????C?C??A@??A_?_?????A?G?_C?_??A?????@@??O_??????OCAC?C???????e???@???G??O???a??????O?Q???G??G????G???OG_O????KG?A?C??????_?B???G_???P?@?????__??I????C????OC??_A??????_?g?,[(72-78)-(62-77)-(59-74)-(57-79)-(56-76)-(54-75)-(53-61)-(46-49)-(43-51)-(41-42)-(39-55)-(36-60)-(32-47)-(31-40)-(30-63)-(29-48)-(28-44)-(27-71)-(26-50)-(25-73)-(24-70)-(23-69)-(22-58)-(18-35)-(15-20)-(14-21)-(13-33)-(12-66)-(11-19)-(10-16)-(9-38)-(8-68)-(7-45)-(6-65)-(5-17)-(4-37)-(3-34)-(2-52)-(1-67)-(0-64)],0.00043773651123046875,0.07047033309936523,3,True,0
~?@O?_A?O????C???????O??_A?CO???OCG??CO??G?_??C????????G????????PA??????H??G???O??O????????A??O??__G_?????Q_??_????AA_G???e???????_?B_O????O?C?A??G????@??G???O???_?_?G?GCO?A?_??C???A????G?@C?a????B???_??G??AA???CC???G_?C_??A?G???O??A??b??????CG??C??????C?_??_???GC??O???????A??GA_???P?d?????C?A??????B???G_?????C??G?O@@G??A??_???a@???C?C?_?_O??_???@??AO????g?????C?C??A@??A_?_?????A?G?_C?_??A?????@@??O_??????OCAC?C???????e???@???G??O???a??????O?Q???G??G????G???OG_O????KG?A?C??????_?B???G_???P?@?????__??I????C????OC??_A??????_?g?,[(72-78)-(62-77)-(59-74)-(57-79)-(56-76)-(54-75)-(53-61)-(46-49)-(43-51)-(41-42)-(39-55)-(36-60)-(32-47)-(31-40)-(30-63)-(29-48)-(28-44)-(27-71)-(26-50)-(25-73)-(24-70)-(23-69)-(22-58)-(18-35)-(15-20)-(14-21)-(13-33)-(12-66)-(11-19)-(10-16)-(9-38)-(8-68)-(7-45)-(6-65)-(5-17)-(4-37)-(3-34)-(2-52)-(1-67)-(0-64)],0.0004343986511230469,0.0316472053527832,1,True,0
~?@O?_A?O????C???????O??_A?CO???OCG??CO??G?_??C????????G????????PA??????H??G???O??O????????A??O??__G_?????Q_??_????AA_G???e???????_?B_O????O?C?A??G????@??G???O???_?_?G?GCO?A?_??C???A????G?@C?a????B???_??G??AA???CC???G_?C_??A?G???O??A??b??????CG??C??????C?_??_???GC??O???????A??GA_???P?d?????C?A??????B???G_?????C??G?O@@G??A??_???a@???C?C?_?_O??_???@??AO????g?????C?C??A@??A_?_?????A?G?_C?_??A?????@@??O_??????OCAC?C???????e???@???G??O???a??????O?Q???G??G????G???OG_O????KG?A?C??????_?B???G_???P?@?????__??I????C????OC??_A??????_?g?,[(60-76)-(59-62)-(57-79)-(56-77)-(55-74)-(54-75)-(53-61)-(43-51)-(42-72)-(41-47)-(40-49)-(36-78)-(32-39)-(31-46)-(30-63)-(29-48)-(28-44)-(27-71)-(26-50)-(25-73)-(24-70)-(23-69)-(22-58)-(18-35)-(15-20)-(14-21)-(13-33)-(12-66)-(11-19)-(10-16)-(9-38)-(8-68)-(7-45)-(6-65)-(5-17)-(4-37)-(3-34)-(2-52)-(1-67)-(0-64)],0.0004394054412841797,0.0703279972076416,3,True,0
~?@O?_A?O????C???????O??_A?CO???OCG??CO??G?_??C????????G????????PA??????H??G???O??O????????A??O??__G_?????Q_??_????AA_G???e???????_?B_O????O?C?A??G????@??G???O???_?_?G?GCO?A?_??C???A????G?@C?a????B???_??G??AA???CC???G_?C_??A?G???O??A??b??????CG??C??????C?_??_???GC??O???????A??GA_???P?d?????C?A??????B???G_?????C??G?O@@G??A??_???a@???C?C?_?_O??_???@??AO????g?????C?C??A@??A_?_?????A?G?_C?_??A?????@@??O_??????OCAC?C???????e???@???G??O???a??????O?Q???G??G????G???OG_O????KG?A?C??????_?B???G_???P?@?????__??I????C????OC??_A??????_?g?,[(60-76)-(59-62)-(57-79)-(56-77)-(55-74)-(54-75)-(53-61)-(43-51)-(42-72)-(41-47)-(40-49)-(36-78)-(32-39)-(31-46)-(30-63)-(29-48)-(28-44)-(27-71)-(26-50)-(25-73)-(24-70)-(23-69)-(22-58)-(18-35)-(15-20)-(14-21)-(13-33)-(12-66)-(11-19)-(10-16)-(9-38)-(8-68)-(7-45)-(6-65)-(5-17)-(4-37)-(3-34)-(2-52)-(1-67)-(0-64)],0.0004508495330810547,0.05061912536621094,2,True,0
~?@O?_A?O????C???????O??_A?CO???OCG??CO??G?_??C????????G????????PA??????H??G???O??O????????A??O??__G_?????Q_??_????AA_G???e???????_?B_O????O?C?A??G????@??G???O???_?_?G?GCO?A?_??C???A????G?@C?a????B???_??G??AA???CC???G_?C_??A?G???O??A??b??????CG??C??????C?_??_???GC??O???????A??GA_???P?d?????C?A??????B???G_?????C??G?O@@G??A??_???a@???C?C?_?_O??_???@??AO????g?????C?C??A@??A_?_?????A?G?_C?_??A?????@@??O_??????OCAC?C???????e???@???G??O???a??????O?Q???G??G????G???OG_O????KG?A?C??????_?B???G_???P?@?????__??I????C????OC??_A??????_?g?,[(62-77)-(59-74)-(57-79)-(56-76)-(54-75)-(53-61)-(43-51)-(42-72)-(41-47)-(40-49)-(39-55)-(36-78)-(32-60)-(31-46)-(30-63)-(29-48)-(28-44)-(27-71)-(26-50)-(25-73)-(24-70)-(23-69)-(22-58)-(18-35)-(15-20)-(14-21)-(13-33)-(12-66)-(11-19)-(10-16)-(9-38)-(8-68)-(7-45)-(6-65)-(5-17)-(4-37)-(3-34)-(2-52)-(1-67)-(0-64)],0.00047397613525390625,0.020938396453857422,1,True,0
~?@O?_A?O????C???????O??_A?CO???OCG??CO??G?_??C????????G????????PA??????H??G???O??O????????A??O??__G_?????Q_??_????AA_G???e???????_?B_O????O?C?A??G????@??G???O???_?_?G?GCO?A?_??C???A????G?@C?a????B???_??G??AA???CC???G_?C_??A?G???O??A??b??????CG??C??????C?_??_???GC??O???????A??GA_???P?d?????C?A??????B???G_?????C??G?O@@G??A??_???a@???C?C?_?_O??_???@??AO????g?????C?C??A@??A_?_?????A?G?_C?_??A?????@@??O_??????OCAC?C???????e???@???G??O???a??????O?Q???G??G????G???OG_O????KG?A?C??????_?B???G_???P?@?????__??I????C????OC??_A??????_?g?,[(62-77)-(59-74)-(57-79)-(56-76)-(54-75)-(53-61)-(43-51)-(42-72)-(41-47)-(40-49)-(39-55)-(36-78)-(32-60)-(31-46)-(30-63)-(29-48)-(28-44)-(27-71)-(26-50)-(25-73)-(24-70)-(23-69)-(22-58)-(18-35)-(15-20)-(14-21)-(13-33)-(12-66)-(11-19)-(10-16)-(9-38)-(8-68)-(7-45)-(6-65)-(5-17)-(4-37)-(3-34)-(2-52)-(1-67)-(0-64)],0.0004439353942871094,0.1436619758605957,6,True,0
~?@O?_A?O????C???????O??_A?CO???OCG??CO??G?_??C????????G????????PA??????H??G???O??O????????A??O??__G_?????Q_??_????AA_G???e???????_?B_O????O?C?A??G????@??G???O???_?_?G?GCO?A?_??C???A????G?@C?a????B???_??G??AA???CC???G_?C_??A?G???O??A??b??????CG??C??????C?_??_???GC??O???????A??GA_???P?d?????C?A??????B???G_?????C??G?O@@G??A??_???a@???C?C?_?_O??_???@??AO????g?????C?C??A@??A_?_?????A?G?_C?_??A?????@@??O_??????OCAC?C???????e???@???G??O???a??????O?Q???G??G????G???OG_O????KG?A?C??????_?B???G_???P?@?????__??I????C????OC??_A??????_?g?,[(72-78)-(62-77)-(59-74)-(57-79)-(56-76)-(54-75)-(53-61)-(43-51)-(41-42)-(40-49)-(39-55)-(36-60)-(32-47)-(31-46)-(30-63)-(29-48)-(28-44)-(27-71)-(26-50)-(25-73)-(24-70)-(23-69)-(22-58)-(18-35)-(15-20)-(14-21)-(13-33)-(12-66)-(11-19)-(10-16)-(9-38)-(8-68)-(7-45)-(6-65)-(5-17)-(4-37)-(3-34)-(2-52)-(1-67)-(0-64)],0.0006766319274902344,0.049726009368896484,2,True,0
~?@O?_A?O????C???????O??_A?CO???OCG??CO??G?_??C????????G????????PA??????H??G???O??O????????A??O??__G_?????Q_??_????AA_G???e???????_?B_O????O?C?A??G????@??G???O???_?_?G?GCO?A?_??C???A????G?@C?a????B???_??G??AA???CC???G_?C_??A?G???O??A??b??????CG??C??????C?_??_???GC??O???????A??GA_???P?d?????C?A??????B???G_?????C??G?O@@G??A??_???a@???C?C?_?_O??_???@??AO????g?????C?C??A@??A_?_?????A?G?_C?_??A?????@@??O_??????OCAC?C???????e???@???G??O???a??????O?Q???G??G????G???OG_O????KG?A?C??????_?B???G_???P?@?????__??I????C????OC??_A??????_?g?,[(72-78)-(62-77)-(59-74)-(57-79)-(56-76)-(54-75)-(53-61)-(43-51)-(41-42)-(40-49)-(39-55)-(36-60)-(32-47)-(31-46)-(30-63)-(29-48)-(28-44)-(27-71)-(26-50)-(25-73)-(24-70)-(23-69)-(22-58)-(18-35)-(15-20)-(14-21)-(13-33)-(12-66)-(11-19)-(10-16)-(9-38)-(8-68)-(7-45)-(6-65)-(5-17)-(4-37)-(3-34)-(2-52)-(1-67)-(0-64)],0.0004448890686035156,0.07098984718322754,3,True,0
~?@O_?A???W?CAG@GA?O@??c_@??????_??C??????O????????@O????G?CO?_H?G?G??I?CG???OG??????C_??c???A???????_?O@?????C?G?A???CO_??????C??GO????G??????????G??C??O??@?O?A??????Ao?O???@???C??AG??W???gC????O?CC???@???B_C??O????????_H?????C?@??O@?`G?????????W?O??__??????O?g?@?????_???@???G?`_??????E?A?????@?????A?AK@?????O????C?O???C???g?@?C??_?OG???@?????G?h??H????O?G?_????G@?@_O???__???C?_?@??????_?@@_????O`???C??K?G??C????????C??????gGC????_??G??A?G??Q??C????@?H?_???????G??EP???????G????s????D????????OA???OQ????C?BO?O????A??@A???AG???,[(73-74)-(71-75)-(59-79)-(58-62)-(45-61)-(44-57)-(43-52)-(42-77)-(41-63)-(40-78)-(39-48)-(38-47)-(35-69)-(31-46)-(30-72)-(29-51)-(28-60)-(27-76)-(25-37)-(23-66)-(22-54)-(21-34)-(20-36)-(19-56)-(17-49)-(15-18)-(14-32)-(13-24)-(12-26)-(10-33)-(9-67)-(8-53)-(7-11)-(6-70)-(5-64)-(4-65)-(3-55)-(2-50)-(1-68)-(0-16)],0.0004634857177734375,0.04870104789733887,2,True,0
~?@O_?A???W?CAG@GA?O@??c_@??????_??C??????O????????@O????G?CO?_H?G?G??I?CG???OG??????C_??c???A???????_?O@?????C?G?A???CO_??????C??GO????G??????????G??C??O??@?O?A??????Ao?O???@???C??AG??W???gC????O?CC???@???B_C??O????????_H?????C?@??O@?`G?????????W?O??__??????O?g?@?????_???@???G?`_??????E?A?????@?????A?AK@?????O????C?O???C???g?@?C??_?OG???@?????G?h??H????O?G?_????G@?@_O???__???C?_?@??????_?@@_????O`???C??K?G??C????????C??????gGC????_??G??A?G??Q??C????@?H?_???????G??EP???????G????s????D????????OA???OQ????C?BO?O????A??@A???AG???,[(73-74)-(71-75)-(59-79)-(58-62)-(45-61)-(44-57)-(43-52)-(42-77)-(41-63)-(40-78)-(39-48)-(38-47)-(35-69)-(31-46)-(30-72)-(29-51)-(28-60)-(27-76)-(25-37)-(23-66)-(22-54)-(21-34)-(20-36)-(19-56)-(17-49)-(15-18)-(14-32)-(13-24)-(12-26)-(10-33)-(9-67)-(8-53)-(7-11)-(6-70)-(5-64)-(4-65)-(3-55)-(2-50)-(1-68)-(0-16)],0.00043272972106933594,0.06947445869445801,3,True,0
~?@O_?A???W?CAG@GA?O@??c_@??????_??C??????O????????@O????G?CO?_H?G?G??I?CG???OG??????C_??c???A???????_?O@?????C?G?A???CO_??????C??GO????G??????????G??C??O??@?O?A??????Ao?O???@???C??AG??W???gC????O?CC???@???B_C??O????????_H?????C?@??O@?`G?????????W?O??__??????O?g?@?????_???@???G?`_??????E?A?????@?????A?AK@?????O????C?O???C???g?@?C??_?OG???@?????G?h??H????O?G?_????G@?@_O???__???C?_?@??????_?@@_????O`???C??K?G??C????????C??????gGC????_??G??A?G??Q??C????@?H?_???????G??EP???????G????s????D????????OA???OQ????C?BO?O????A??@A???AG???,[(73-74)-(71-75)-(59-79)-(58-62)-(57-69)-(45-61)-(43-52)-(42-77)-(41-63)-(40-78)-(39-48)-(38-44)-(35-46)-(31-47)-(30-72)-(29-51)-(28-60)-(27-76)-(25-37)-(23-66)-(22-54)-(21-34)-(20-36)-(19-56)-(17-49)-(15-18)-(14-32)-(13-24)-(12-26)-(10-33)-(9-67)-(8-53)-(7-11)-(6-70)-(5-64)-(4-65)-(3-55)-(2-50)-(1-68)-(0-16)],0.0004477500915527344,0.03085947036743164,1,True,0
~?@O_?A???W?CAG@GA?O@??c_@??????_??C??????O????????@O????G?CO?_H?G?G??I?CG???OG??????C_??c???A???????_?O@?????C?G?A???CO_??????C??GO????G??????????G??C??O??@?O?A??????Ao?O???@???C??AG??W???gC????O?CC???@???B_C??O????????_H?????C?@??O@?`G?????????W?O??__??????O?g?@?????_???@???G?`_??????E?A?????@?????A?AK@?????O????C?O???C???g?@?C??_?OG???@?????G?h??H????O?G?_????G@?@_O???__???C?_?@??????_?@@_????O`???C??K?G??C????????C??????gGC????_??G??A?G??Q??C????@?H?_???????G??EP???????G????s????D????????OA???OQ????C?BO?O????A??@A???AG???,[(73-74)-(71-75)-(59-79)-(58-62)-(57-69)-(45-61)-(43-52)-(42-77)-(41-63)-(40-78)-(39-48)-(38-44)-(35-46)-(31-47)-(30-72)-(29-51)-(28-60)-(27-76)-(25-37)-(23-66)-(22-54)-(21-34)-(20-36)-(19-56)-(17-49)-(15-18)-(14-32)-(13-24)-(12-26)-(10-33)-(9-67)-(8-53)-(7-11)-(6-70)-(5-64)-(4-65)-(3-55)-(2-50)-(1-68)-(0-16)],0.0004374980926513672,0.04951620101928711,2,True,0
~?@O_?A???W?CAG@GA?O@??c_@??????_??C??????O????????@O????G?CO?_H?G?G??I?CG???OG??????C_??c???A???????_?O@?????C?G?A???CO_??????C??GO????G??????????G??C??O??@?O?A??????Ao?O???@???C??AG??W???gC????O?CC???@???B_C??O????????_H?????C?@??O@?`G?????????W?O??__??????O?g?@?????_???@???G?`_??????E?A?????@?????A?AK@?????O????C?O???C???g?@?C??_?OG???@?????G?h??H????O?G?_????G@?@_O???__???C?_?@??????_?@@_????O`???C??K?G??C????????C??????gGC????_??G??A?G??Q??C????@?H?_???????G??EP???????G????s????D????????OA???OQ????C?BO?O????A??@A???AG???,[(73-74)-(71-75)-(57-69)-(52-78)-(48-58)-(45-61)-(43-62)-(42-77)-(41-63)-(40-59)-(39-44)-(38-47)-(35-46)-(31-79)-(30-72)-(29-51)-(28-60)-(27-76)-(25-37)-(23-66)-(22-54)-(21-34)-(20-36)-(19-56)-(17-49)-(15-18)-(14-32)-(13-24)-(12-26)-(10-33)-(9-67)-(8-53)-(7-11)-(6-70)-(5-64)-(4-65)-(3-55)-(2-50)-(1-68)-(0-16)],0.0004420280456542969,0.04974532127380371,2,True,0
~?@O_?A???W?CAG@GA?O@??c_@??????_??C??????O????????@O????G?CO?_H?G?G??I?CG???OG??????C_??c???A???????_?O@?????C?G?A???CO_??????C??GO????G??????????G??C??O??@?O?A??????Ao?O???@???C??AG??W???gC????O?CC???@???B_C??O????????_H?????C?@??O@?`G?????????W?O??__??????O?g?@?????_???@???G?`_??????E?A?????@?????A?AK@?????O????C?O???C???g?@?C??_?OG???@?????G?h??H????O?G?_????G@?@_O???__???C?_?@??????_?@@_????O`???C??K?G??C????????C??????gGC????_??G??A?G??Q??C????@?H?_???????G??EP???????G????s????D????????OA???OQ????C?BO?O????A??@A???AG???,[(73-74)-(71-75)-(57-69)-(52-78)-(48-58)-(45-61)-(43-62)-(42-77)-(41-63)-(40-59)-(39-44)-(38-47)-(35-46)-(31-79)-(30-72)-(29-51)-(28-60)-(27-76)-(25-37)-(23-66)-(22-54)-(21-34)-(20-36)-(19-56)-(17-49)-(15-18)-(14-32)-(13-24)-(12-26)-(10-33)-(9-67)-(8-53)-(7-11)-(6-70)-(5-64)-(4-65)-(3-55)-(2-50)-(1-68)-(0-16)],0.0004436969757080078,0.030655384063720703,1,True,0
~?@O_?A???W?CAG@GA?O@??c_@??????_??C??????O????????@O????G?CO?_H?G?G??I?CG???OG??????C_??c???A???????_?O@?????C?G?A???CO_??????C??GO????G??????????G??C??O??@?O?A??????Ao?O???@???C??AG??W???gC????O?CC???@???B_C??O????????_H?????C?@??O@?`G?????????W?O??__??????O?g?@?????_???@???G?`_??????E?A?????@?????A?AK@?????O????C?O???C???g?@?C??_?OG???@?????G?h??H????O?G?_????G@?@_O???__???C?_?@??????_?@@_????O`???C??K?G??C????????C??????gGC????_??G??A?G??Q??C????@?H?_???????G??EP???????G????s????D????????OA???OQ????C?BO?O????A??@A???AG???,[(73-74)-(71-75)-(58-62)-(52-78)-(45-61)-(44-57)-(42-77)-(41-63)-(40-59)-(39-48)-(38-47)-(37-43)-(35-46)-(31-79)-(30-72)-(29-51)-(28-60)-(27-76)-(25-69)-(23-66)-(22-54)-(21-34)-(20-36)-(19-56)-(17-49)-(15-18)-(14-32)-(13-24)-(12-26)-(10-33)-(9-67)-(8-53)-(7-11)-(6-70)-(5-64)-(4-65)-(3-55)-(2-50)-(1-68)-(0-16)],0.0004267692565917969,0.02948164939880371,1,True,0
~?@O_?A???W?CAG@GA?O@??c_@??????_??C??????O????????@O????G?CO?_H?G?G??I?CG???OG??????C_??c???A???????_?O@?????C?G?A???CO_??????C??GO????G??????????G??C??O??@?O?A??????Ao?O???@???C??AG??W???gC????O?CC???@???B_C??O????????_H?????C?@??O@?`G?????????W?O??__??????O?g?@?????_???@???G?`_??????E?A?????@?????A?AK@?????O????C?O???C???g?@?C??_?OG???@?????G?h??H????O?G?_????G@?@_O???__???C?_?@??????_?@@_????O`???C??K?G??C????????C??????gGC????_??G??A?G??Q??C????@?H?_???????G??EP???????G????s????D????????OA???OQ????C?BO?O????A??@A???AG???,[(73-74)-(71-75)-(58-62)-(52-78)-(45-61)-(44-57)-(42-77)-(41-63)-(40-59)-(39-48)-(38-47)-(37-43)-(35-46)-(31-79)-(30-72)-(29-51)-(28-60)-(27-76)-(25-69)-(23-66)-(22-54)-(21-34)-(20-36)-(19-56)-(17-49)-(15-18)-(14-32)-(13-24)-(12-26)-(10-33)-(9-67)-(8-53)-(7-11)-(6-70)-(5-64)-(4-65)-(3-55)-(2-50)-(1-68)-(0-16)],0.00047516822814941406,0.030098915100097656,1,True,0
~?@O_?A???W?CAG@GA?O@??c_@??????_??C??????O????????@O????G?CO?_H?G?G??I?CG???OG??????C_??c???A???????_?O@?????C?G?A???CO_??????C??GO????G??????????G??C??O??@?O?A??????Ao?O???@???C??AG??W???gC????O?CC???@???B_C??O????????_H?????C?@??O@?`G?????????W?O??__??????O?g?@?????_???@???G?`_??????E?A?????@?????A?AK@?????O????C?O???C???g?@?C??_?OG???@?????G?h??H????O?G?_????G@?@_O???__???C?_?@??????_?@@_????O`???C??K?G??C????????C??????gGC????_??G??A?G??Q??C????@?H?_???????G??EP???????G????s????D????????OA???OQ????C?BO?O????A??@A???AG???,[(73-74)-(71-75)-(58-62)-(45-61)-(44-57)-(43-52)-(42-77)-(41-63)-(40-59)-(39-48)-(38-47)-(37-78)-(35-46)-(31-79)-(30-72)-(29-51)-(28-60)-(27-76)-(25-69)-(23-66)-(22-54)-(21-34)-(20-36)-(19-56)-(17-49)-(15-18)-(14-32)-(13-24)-(12-26)-(10-33)-(9-67)-(8-53)-(7-11)-(6-70)-(5-64)-(4-65)-(3-55)-(2-50)-(1-68)-(0-16)],0.00043511390686035156,0.030797481536865234,1,True,0
~?@O_?A???W?CAG@GA?O@??c_@??????_??C??????O????????@O????G?CO?_H?G?G??I?CG???OG??????C_??c???A???????_?O@?????C?G?A???CO_??????C??GO????G??????????G??C??O??@?O?A??????Ao?O???@???C??AG??W???gC????O?CC???@???B_C??O????????_H?????C?@??O@?`G?????????W?O??__??????O?g?@?????_???@???G?`_??????E?A?????@?????A?AK@?????O????C?O???C???g?@?C??_?OG???@?????G?h??H????O?G?_????G@?@_O???__???C?_?@??????_?@@_????O`???C??K?G??C????????C??????gGC????_??G??A?G??Q??C????@?H?_???????G??EP???????G????s????D????????OA???OQ????C?BO?O????A??@A???AG???,[(73-74)-(71-75)-(58-62)-(45-61)-(44-57)-(43-52)-(42-77)-(41-63)-(40-59)-(39-48)-(38-47)-(37-78)-(35-46)-(31-79)-(30-72)-(29-51)-(28-60)-(27-76)-(25-69)-(23-66)-(22-54)-(21-34)-(20-36)-(19-56)-(17-49)-(15-18)-(14-32)-(13-24)-(12-26)-(10-33)-(9-67)-(8-53)-(7-11)-(6-70)-(5-64)-(4-65)-(3-55)-(2-50)-(1-68)-(0-16)],0.0004286766052246094,0.02056288719177246,1,True,0
~?@O_?A???W?CAG@GA?O@??c_@??????_??C??????O????????@O????G?CO?_H?G?G??I?CG???OG??????C_??c???A???????_?O@?????C?G?A???CO_??????C??GO????G??????????G??C??O??@?O?A??????Ao?O???@???C??AG??W???gC????O?CC???@???B_C??O????????_H?????C?@??O@?`G?????????W?O??__??????O?g?@?????_???@???G?`_??????E?A?????@?????A?AK@?????O????C?O???C???g?@?C??_?OG???@?????G?h??H????O?G?_????G@?@_O???__???C?_?@??????_?@@_????O`???C??K?G??C????????C??????gGC????_??G??A?G??Q??C????@?H?_???????G??EP???????G????s????D????????OA???OQ????C?BO?O????A??@A???AG???,[(73-74)-(71-75)-(59-79)-(58-62)-(45-61)-(44-66)-(43-52)-(42-77)-(41-63)-(40-78)-(39-48)-(38-47)-(35-69)-(31-46)-(30-72)-(29-51)-(28-60)-(27-76)-(25-37)-(23-57)-(22-54)-(21-34)-(20-36)-(19-56)-(17-49)-(15-18)-(14-32)-(13-24)-(12-26)-(10-33)-(9-67)-(8-53)-(7-11)-(6-70)-(5-64)-(4-65)-(3-55)-(2-50)-(1-68)-(0-16)],0.0004456043243408203,0.04827761650085449,2,True,0
~?@O_?A???W?CAG@GA?O@??c_@??????_??C??????O????????@O????G?CO?_H?G?G??I?CG???OG??????C_??c???A???????_?O@?????C?G?A???CO_??????C??GO????G??????????G??C??O??@?O?A??????Ao?O???@???C??AG??W???gC????O?CC???@???B_C??O????????_H?????C?@??O@?`G?????????W?O??__??????O?g?@?????_???@???G?`_??????E?A?????@?????A?AK@?????O????C?O???C???g?@?C??_?OG???@?????G?h??H????O?G?_????G@?@_O???__???C?_?@??????_?@@_????O`???C??K?G??C????????C??????gGC????_??G??A?G??Q??C????@?H?_???????G??EP???????G????s????D????????OA???OQ????C?BO?O????A??@A???AG???,[(73-74)-(71-75)-(59-79)-(58-62)-(45-61)-(44-66)-(43-52)-(42-77)-(41-63)-(40-78)-(39-48)-(38-47)-(35-69)-(31-46)-(30-72)-(29-51)-(28-60)-(27-76)-(25-37)-(23-57)-(22-54)-(21-34)-(20-36)-(19-56)-(17-49)-(15-18)-(14-32)-(13-24)-(12-26)-(10-33)-(9-67)-(8-53)-(7-11)-(6-70)-(5-64)-(4-65)-(3-55)-(2-50)-(1-68)-(0-16)],0.0004608631134033203,0.020811080932617188,1,True,0
~?@O_?A???W?CAG@GA?O@??c_@??????_??C??????O????????@O????G?CO?_H?G?G??I?CG???OG??????C_??c???A???????_?O@?????C?G?A???CO_??????C??GO????G??????????G??C??O??@?O?A??????Ao?O???@???C??AG??W???gC????O?CC???@???B_C??O????????_H?????C?@??O@?`G?????????W?O??__??????O?g?@?????_???@???G?`_??????E?A?????@?????A?AK@?????O????C?O???C???g?@?C??_?OG???@?????G?h??H????O?G?_????G@?@_O???__???C?_?@??????_?@@_????O`???C??K?G??C????????C??????gGC????_??G??A?G??Q??C????@?H?_???????G??EP???????G????s????D????????OA???OQ????C?BO?O????A??@A???AG???,[(73-74)-(71-75)-(59-79)-(52-66)-(48-58)-(45-61)-(43-62)-(42-77)-(41-63)-(40-78)-(39-44)-(38-47)-(35-69)-(31-46)-(30-72)-(29-51)-(28-60)-(27-76)-(25-37)-(23-57)-(22-54)-(21-34)-(20-36)-(19-56)-(17-49)-(15-18)-(14-32)-(13-24)-(12-26)-(10-33)-(9-67)-(8-53)-(7-11)-(6-70)-(5-64)-(4-65)-(3-55)-(2-50)-(1-68)-(0-16)],0.00045609474182128906,0.0698397159576416,3,True,0
~?@O_?A???W?CAG@GA?O@??c_@??????_??C??????O????????@O????G?CO?_H?G?G??I?CG???OG??????C_??c???A???????_?O@?????C?G?A???CO_??????C??GO????G??????????G??C??O??@?O?A??????Ao?O???@???C??AG??W???gC????O?CC???@???B_C??O????????_H?????C?@??O@?`G?????????W?O??__??????O?g?@?????_???@???G?`_??????E?A?????@?????A?AK@?????O????C?O???C???g?@?C??_?OG???@?????G?h??H????O?G?_????G@?@_O???__???C?_?@??????_?@@_????O`???C??K?G??C????????C??????gGC????_??G??A?G??Q??C????@?H?_???????G??EP???????G????s????D????????OA???OQ????C?BO?O????A??@A???AG???,[(73-74)-(71-75)-(59-79)-(52-66)-(48-58)-(45-61)-(43-62)-(42-77)-(41-63)-(40-78)-(39-44)-(38-47)-(35-69)-(31-46)-(30-72)-(29-51)-(28-60)-(27-76)-(25-37)-(23-57)-(22-54)-(21-34)-(20-36)-(19-56)-(17-49)-(15-18)-(14-32)-(13-24)-(12-26)-(10-33)-(9-67)-(8-53)-(7-11)-(6-70)-(5-64)-(4-65)-(3-55)-(2-50)-(1-68)-(0-16)],0.00043487548828125,0.0319521427154541,1,True,0
~?@O_?A???W?CAG@GA?O@??c_@??????_??C??????O????????@O????G?CO?_H?G?G??I?CG???OG??????C_??c???A???????_?O@?????C?G?A???CO_??????C??GO????G??????????G??C??O??@?O?A??????Ao?O???@???C??AG??W???gC????O?CC???@???B_C??O????????_H?????C?@??O@?`G?????????W?O??__??????O?g?@?????_???@???G?`_??????E?A?????@?????A?AK@?????O????C?O???C???g?@?C??_?OG???@?????G?h??H????O?G?_????G@?@_O???__???C?_?@??????_?@@_????O`???C??K?G??C????????C??????gGC????_??G??A?G??Q??C????@?H?_???????G??EP???????G????s????D????????OA???OQ????C?BO?O????A??@A???AG???,[(73-74)-(71-75)-(59-79)-(58-62)-(52-66)-(45-61)-(42-77)-(41-63)-(40-78)-(39-48)-(38-44)-(37-43)-(35-46)-(31-47)-(30-72)-(29-51)-(28-60)-(27-76)-(25-69)-(23-57)-(22-54)-(21-34)-(20-36)-(19-56)-(17-49)-(15-18)-(14-32)-(13-24)-(12-26)-(10-33)-(9-67)-(8-53)-(7-11)-(6-70)-(5-64)-(4-65)-(3-55)-(2-50)-(1-68)-(0-16)],0.0004379749298095703,0.01901388168334961,1,True,0
~?@O_?A???W?CAG@GA?O@??c_@??????_??C??????O????????@O????G?CO?_H?G?G??I?CG???OG??????C_??c???A???????_?O@?????C?G?A???CO_??????C??GO????G??????????G??C??O??@?O?A??????Ao?O???@???C??AG??W???gC????O?CC???@???B_C??O????????_H?????C?@??O@?`G?????????W?O??__??????O?g?@?????_???@???G?`_??????E?A?????@?????A?AK@?????O????C?O???C???g?@?C??_?OG???@?????G?h??H????O?G?_????G@?@_O???__???C?_?@??????_?@@_????O`???C??K?G??C????????C??????gGC????_??G??A?G??Q??C????@?H?_???????G??EP???????G????s????D????????OA???OQ????C?BO?O????A??@A???AG???,[(73-74)-(71-75)-(59-79)-(58-62)-(52-66)-(45-61)-(42-77)-(41-63)-(40-78)-(39-48)-(38-44)-(37-43)-(35-46)-(31-47)-(30-72)-(29-51)-(28-60)-(27-76)-(25-69)-(23-57)-(22-54)-(21-34)-(20-36)-(19-56)-(17-49)-(15-18)-(14-32)-(13-24)-(12-26)-(10-33)-(9-67)-(8-53)-(7-11)-(6-70)-(5-64)-(4-65)-(3-55)-(2-50)-(1-68)-(0-16)],0.0004088878631591797,0.03008246421813965,1,True,0
~?@O_?A???W?CAG@GA?O@??c_@??????_??C??????O????????@O????G?CO?_H?G?G??I?CG???OG??????C_??c???A???????_?O@?????C?G?A???CO_??????C??GO????G??????????G??C??O??@?O?A??????Ao?O???@???C??AG??W???gC????O?CC???@???B_C??O????????_H?????C?@??O@?`G?????????W?O??__??????O?g?@?????_???@???G?`_??????E?A?????@?????A?AK@?????O????C?O???C???g?@?C??_?OG???@?????G?h??H????O?G?_????G@?@_O???__???C?_?@??????_?@@_????O`???C??K?G??C????????C??????gGC????_??G??A?G??Q??C????@?H?_???????G??EP???????G????s????D????????OA???OQ????C?BO?O????A??@A???AG???,[(73-74)-(71-75)-(58-62)-(52-78)-(45-61)-(44-66)-(42-77)-(41-63)-(40-59)-(39-48)-(38-47)-(37-43)-(35-46)-(31-79)-(30-72)-(29-51)-(28-60)-(27-76)-(25-69)-(23-57)-(22-54)-(21-34)-(20-36)-(19-56)-(17-49)-(15-18)-(14-32)-(13-24)-(12-26)-(10-33)-(9-67)-(8-53)-(7-11)-(6-70)-(5-64)-(4-65)-(3-55)-(2-50)-(1-68)-(0-16)],0.0005054473876953125,0.0307159423828125,1,True,0
~?@O_?A???W?CAG@GA?O@??c_@??????_??C??????O????????@O????G?CO?_H?G?G??I?CG???OG??????C_??c???A???????_?O@?????C?G?A???CO_??????C??GO????G??????????G??C??O??@?O?A??????Ao?O???@???C??AG??W???gC????O?CC???@???B_C??O????????_H?????C?@??O@?`G?????????W?O??__??????O?g?@?????_???@???G?`_??????E?A?????@?????A?AK@?????O????C?O???C???g?@?C??_?OG???@?????G?h??H????O?G?_????G@?@_O???__???C?_?@??????_?@@_????O`???C??K?G??C????????C??????gGC????_??G??A?G??Q??C????@?H?_???????G??EP???????G????s????D????????OA???OQ????C?BO?O????A??@A???AG???,[(73-74)-(71-75)-(58-62)-(52-78)-(45-61)-(44-66)-(42-77)-(41-63)-(40-59)-(39-48)-(38-47)-(37-43)-(35-46)-(31-79)-(30-72)-(29-51)-(28-60)-(27-76)-(25-69)-(23-57)-(22-54)-(21-34)-(20-36)-(19-56)-(17-49)-(15-18)-(14-32)-(13-24)-(12-26)-(10-33)-(9-67)-(8-53)-(7-11)-(6-70)-(5-64)-(4-65)-(3-55)-(2-50)-(1-68)-(0-16)],0.00045752525329589844,0.05033302307128906,2,True,0
~?@O_?A???W?CAG@GA?O@??c_@??????_??C??????O????????@O????G?CO?_H?G?G??I?CG???OG??????C_??c???A???????_?O@?????C?G?A???CO_??????C??GO????G??????????G??C??O??@?O?A??????Ao?O???@???C??AG??W???gC????O?CC???@???B_C??O????????_H?????C?@??O@?`G?????????W?O??__??????O?g?@?????_???@???G?`_??????E?A?????@?????A?AK@?????O????C?O???C???g?@?C??_?OG???@?????G?h??H????O?G?_????G@?@_O???__???C?_?@??????_?@@_????O`???C??K?G??C????????C??????gGC????_??G??A?G??Q??C????@?H?_???????G??EP???????G????s????D????????OA???OQ????C?BO?O????A??@A???AG???,[(73-74)-(71-75)-(58-62)-(45-61)-(44-66)-(43-52)-(42-77)-(41-63)-(40-59)-(39-48)-(38-47)-(37-78)-(35-46)-(31-79)-(30-72)-(29-51)-(28-60)-(27-76)-(25-69)-(23-57)-(22-54)-(21-34)-(20-36)-(19-56)-(17-49)-(15-18)-(14-32)-(13-24)-(12-26)-(10-33)-(9-67)-(8-53)-(7-11)-(6-70)-(5-64)-(4-65)-(3-55)-(2-50)-(1-68)-(0-16)],0.0004398822784423828,0.030836105346679688,1,True,0
~?@O_?A???W?CAG@GA?O@??c_@??????_??C??????O????????@O????G?CO?_H?G?G??I?CG???OG??????C_??c???A???????_?O@?????C?G?A???CO_??????C??GO????G??????????G??C??O??@?O?A??????Ao?O???@???C??AG??W???gC????O?CC???@???B_C??O????????_H?????C?@??O@?`G?????????W?O??__??????O?g?@?????_???@???G?`_??????E?A?????@?????A?AK@?????O????C?O???C???g?@?C??_?OG???@?????G?h??H????O?G?_????G@?@_O???__???C?_?@??????_?@@_????O`???C??K?G??C????????C??????gGC????_??G??A?G??Q??C????@?H?_???????G??EP???????G????s????D????????OA???OQ????C?BO?O????A??@A???AG???,[(73-74)-(71-75)-(58-62)-(45-61)-(44-66)-(43-52)-(42-77)-(41-63)-(40-59)-(39-48)-(38-47)-(37-78)-(35-46)-(31-79)-(30-72)-(29-51)-(28-60)-(27-76)-(25-69)-(23-57)-(22-54)-(21-34)-(20-36)-(19-56)-(17-49)-(15-18)-(14-32)-(13-24)-(12-26)-(10-33)-(9-67)-(8-53)-(7-11)-(6-70)-(5-64)-(4-65)-(3-55)-(2-50)-(1-68)-(0-16)],0.00042819976806640625,0.04970550537109375,2,True,0
~?@O??G??????G???O?@????A????G_??A??A????????????_?????DC????`?P?G?????_@?O@C???O???GG????A????CC?A?C?O??AP??@????OG?OO??????OQ???@??A??cO???_????????A???@??O@??A?G?G??A??A?????@??@??@??c??_???c????_?@oG?????A??C?@????CO?C????G_????????O?A_C??_O?_?@A?C?c?G??O????????AWO???G????C?AA???????@CC?????O?D??C??O?@???OOAO?????@G???_@??C????_?o???O????G???CH?????_O??o?C??c???C?G????_?@G??OA???K????g???A??_G??AC???C??O?Ga??????O?_OG?@??@C???C????E??_GG?A?C???????O?G?OD???B???G??C???A?CE??G??C??????_??G?OC?G????G?A?k??????@?G????GG?A???,[(63-72)-(59-66)-(57-65)-(53-60)-(47-79)-(46-62)-(45-56)-(43-54)-(42-75)-(41-70)-(39-77)-(36-78)-(31-74)-(30-38)-(29-71)-(28-61)-(27-33)-(26-76)-(24-32)-(22-44)-(21-67)-(20-50)-(19-40)-(17-23)-(15-35)-(14-73)-(13-58)-(12-51)-(11-25)-(10-69)-(9-55)-(8-52)-(7-34)-(6-48)-(5-49)-(4-16)-(3-18)-(2-37)-(1-64)-(0-68)],0.00044798851013183594,0.0294036865234375,1,True,0
~?@O??G??????G???O?@????A????G_??A??A????????????_?????DC????`?P?G?????_@?O@C???O???GG????A????CC?A?C?O??AP??@????OG?OO??????OQ???@??A??cO???_????????A???@??O@??A?G?G??A??A?????@??@??@??c??_???c????_?@oG?????A??C?@????CO?C????G_????????O?A_C??_O?_?@A?C?c?G??O????????AWO???G????C?AA???????@CC?????O?D??C??O?@???OOAO?????@G???_@??C????_?o???O????G???CH?????_O??o?C??c???C?G????_?@G??OA???K????g???A??_G??AC???C??O?Ga??????O?_OG?@??@C???C????E??_GG?A?C???????O?G?OD???B???G??C???A?CE??G??C??????_??G?OC?G????G?A?k??????@?G????GG?A???,[(63-72)-(59-66)-(57-65)-(53-60)-(47-79)-(46-62)-(45-56)-(43-54)-(42-75)-(41-70)-(39-77)-(36-78)-(31-74)-(30-38)-(29-71)-(28-61)-(27-33)-(26-76)-(24-32)-(22-44)-(21-67)-(20-50)-(19-40)-(17-23)-(15-35)-(14-73)-(13-58)-(12-51)-(11-25)-(10-69)-(9-55)-(8-52)-(7-34)-(6-48)-(5-49)-(4-16)-(3-18)-(2-37)-(1-64)-(0-68)],0.0006017684936523438,0.1398472785949707,6,True,0
~?@O??G??????G???O?@????A????G_??A??A????????????_?????DC????`?P?G?????_@?O@C???O???GG????A????CC?A?C?O??AP??@????OG?OO??????OQ???@??A??cO???_????????A???@??O@??A?G?G??A??A?????@??@??@??c??_???c????_?@oG?????A??C?@????CO?C????G_????????O?A_C??_O?_?@A?C?c?G??O????????AWO???G????C?AA???????@CC?????O?D??C??O?@???OOAO?????@G???_@??C????_?o???O????G???CH?????_O??o?C??c???C?G????_?@G??OA???K????g???A??_G??AC???C??O?Ga??????O?_OG?@??@C???C????E??_GG?A?C???????O?G?OD???B???G??C???A?CE??G??C??????_??G?OC?G????G?A?k??????@?G????GG?A???,[(59-66)-(57-65)-(53-60)-(47-79)-(46-62)-(45-56)-(43-54)-(42-75)-(41-70)-(39-77)-(36-78)-(33-72)-(31-74)-(30-38)-(29-71)-(28-61)-(27-63)-(26-76)-(24-32)-(22-44)-(21-67)-(20-50)-(19-40)-(17-23)-(15-35)-(14-73)-(13-58)-(12-51)-(11-25)-(10-69)-(9-55)-(8-52)-(7-34)-(6-48)-(5-49)-(4-16)-(3-18)-(2-37)-(1-64)-(0-68)],0.0004627704620361328,0.06821250915527344,3,True,0
~?@O??G??????G???O?@????A????G_??A??A????????????_?????DC????`?P?G?????_@?O@C???O???GG????A????CC?A?C?O??AP??@????OG?OO??????OQ???@??A??cO???_????????A???@??O@??A?G?G??A??A?????@??@??@??c??_???c????_?@oG?????A??C?@????CO?C????G_????????O?A_C??_O?_?@A?C?c?G??O????????AWO???G????C?AA???????@CC?????O?D??C??O?@???OOAO?????@G???_@??C????_?o???O????G???CH?????_O??o?C??c???C?G????_?@G??OA???K????g???A??_G??AC???C??O?Ga??????O?_OG?@??@C???C????E??_GG?A?C???????O?G?OD???B???G??C???A?CE??G??C??????_??G?OC?G????G?A?k??????@?G????GG?A???,[(59-66)-(57-65)-(53-60)-(47-79)-(46-62)-(45-56)-(43-54)-(42-75)-(41-70)-(39-77)-(36-78)-(33-72)-(31-74)-(30-38)-(29-71)-(28-61)-(27-63)-(26-76)-(24-32)-(22-44)-(21-67)-(20-50)-(19-40)-(17-23)-(15-35)-(14-73)-(13-58)-(12-51)-(11-25)-(10-69)-(9-55)-(8-52)-(7-34)-(6-48)-(5-49)-(4-16)-(3-18)-(2-37)-(1-64)-(0-68)],0.00045490264892578125,0.0489804744720459,2,True,0
~?@O??G??????G???O?@????A????G_??A??A????????????_?????DC????`?P?G?????_@?O@C???O???GG????A????CC?A?C?O??AP??@????OG?OO??????OQ???@??A??cO???_????????A???@??O@??A?G?G??A??A?????@??@??@??c??_???c????_?@oG?????A??C?@????CO?C????G_????????O?A_C??_O?_?@A?C?c?G??O????????AWO???G????C?AA???????@CC?????O?D??C??O?@???OOAO?????@G???_@??C????_?o???O????G???CH?????_O??o?C??c???C?G????_?@G??OA???K????g???A??_G??AC???C??O?Ga??????O?_OG?@??@C???C????E??_GG?A?C???????O?G?OD???B???G??C???A?CE??G??C??????_??G?OC?G????G?A?k??????@?G????GG?A???,[(67-75)-(63-72)-(59-66)-(57-65)-(53-60)-(47-79)-(46-62)-(45-76)-(42-56)-(41-70)-(39-77)-(36-78)-(31-74)-(30-38)-(29-71)-(28-61)-(27-33)-(26-43)-(24-32)-(22-44)-(21-54)-(20-50)-(19-40)-(17-23)-(15-35)-(14-73)-(13-58)-(12-51)-(11-25)-(10-69)-(9-55)-(8-52)-(7-34)-(6-48)-(5-49)-(4-16)-(3-18)-(2-37)-(1-64)-(0-68)],0.00047969818115234375,0.04783916473388672,2,True,0
~?@O??G??????G???O?@????A????G_??A??A????????????_?????DC????`?P?G?????_@?O@C???O???GG????A????CC?A?C?O??AP??@????OG?OO??????OQ???@??A??cO???_????????A???@??O@??A?G?G??A??A?????@??@??@??c??_???c????_?@oG?????A??C?@????CO?C????G_????????O?A_C??_O?_?@A?C?c?G??O????????AWO???G????C?AA???????@CC?????O?D??C??O?@???OOAO?????@G???_@??C????_?o???O????G???CH?????_O??o?C??c???C?G????_?@G??OA???K????g???A??_G??AC???C??O?Ga??????O?_OG?@??@C???C????E??_GG?A?C???????O?G?OD???B???G??C???A?CE??G??C??????_??G?OC?G????G?A?k??????@?G????GG?A???,[(67-75)-(63-72)-(59-66)-(57-65)-(53-60)-(47-79)-(46-62)-(45-76)-(42-56)-(41-70)-(39-77)-(36-78)-(31-74)-(30-38)-(29-71)-(28-61)-(27-33)-(26-43)-(24-32)-(22-44)-(21-54)-(20-50)-(19-40)-(17-23)-(15-35)-(14-73)-(13-58)-(12-51)-(11-25)-(10-69)-(9-55)-(8-52)-(7-34)-(6-48)-(5-49)-(4-16)-(3-18)-(2-37)-(1-64)-(0-68)],0.0004715919494628906,0.0323481559753418,1,True,0
~?@O??G??????G???O?@????A????G_??A??A????????????_?????DC????`?P?G?????_@?O@C???O???GG????A????CC?A?C?O??AP??@????OG?OO??????OQ???@??A??cO???_????????A???@??O@??A?G?G??A??A?????@??@??@??c??_???c????_?@oG?????A??C?@????CO?C????G_????????O?A_C??_O?_?@A?C?c?G??O????????AWO???G????C?AA???????@CC?????O?D??C??O?@???OOAO?????@G???_@??C????_?o???O????G???CH?????_O??o?C??c???C?G????_?@G??OA???K????g???A??_G??AC???C??O?Ga??????O?_OG?@??@C???C????E??_GG?A?C???????O?G?OD???B???G??C???A?CE??G??C??????_??G?OC?G????G?A?k??????@?G????GG?A???,[(67-75)-(59-66)-(57-65)-(53-60)-(47-79)-(46-62)-(45-76)-(42-56)-(41-70)-(39-77)-(36-78)-(33-72)-(31-74)-(30-38)-(29-71)-(28-61)-(27-63)-(26-43)-(24-32)-(22-44)-(21-54)-(20-50)-(19-40)-(17-23)-(15-35)-(14-73)-(13-58)-(12-51)-(11-25)-(10-69)-(9-55)-(8-52)-(7-34)-(6-48)-(5-49)-(4-16)-(3-18)-(2-37)-(1-64)-(0-68)],0.0004379749298095703,0.06855010986328125,3,True,0
~?@O??G??????G???O?@????A????G_??A??A????????????_?????DC????`?P?G?????_@?O@C???O???GG????A????CC?A?C?O??AP??@????OG?OO??????OQ???@??A??cO???_????????A???@??O@??A?G?G??A??A?????@??@??@??c??_???c????_?@oG?????A??C?@????CO?C????G_????????O?A_C??_O?_?@A?C?c?G??O????????AWO???G????C?AA???????@CC?????O?D??C??O?@???OOAO?????@G???_@??C????_?o???O????G???CH?????_O??o?C??c???C?G????_?@G??OA???K????g???A??_G??AC???C??O?Ga??????O?_OG?@??@C???C????E??_GG?A?C???????O?G?OD???B???G??C???A?CE??G??C??????_??G?OC?G????G?A?k??????@?G????GG?A???,[(67-75)-(59-66)-(57-65)-(53-60)-(47-79)-(46-62)-(45-76)-(42-56)-(41-70)-(39-77)-(36-78)-(33-72)-(31-74)-(30-38)-(29-71)-(28-61)-(27-63)-(26-43)-(24-32)-(22-44)-(21-54)-(20-50)-(19-40)-(17-23)-(15-35)-(14-73)-(13-58)-(12-51)-(11-25)-(10-69)-(9-55)-(8-52)-(7-34)-(6-48)-(5-49)-(4-16)-(3-18)-(2-37)-(1-64)-(0-68)],0.00043702125549316406,0.049607038497924805,2,True,0
~?@O??G??????G???O?@????A????G_??A??A????????????_?????DC????`?P?G?????_@?O@C???O???GG????A????CC?A?C?O??AP??@????OG?OO??????OQ???@??A??cO???_????????A???@??O@??A?G?G??A??A?????@??@??@??c??_???c????_?@oG?????A??C?@????CO?C????G_????????O?A_C??_O?_?@A?C?c?G??O????????AWO???G????C?AA???????@CC?????O?D??C??O?@???OOAO?????@G???_@??C????_?o???O????G???CH?????_O??o?C??c???C?G????_?@G??OA???K????g???A??_G??AC???C??O?Ga??????O?_OG?@??@C???C????E??_GG?A?C???????O?G?OD???B???G??C???A?CE??G??C??????_??G?OC?G????G?A?k??????@?G????GG?A???,[(63-72)-(61-79)-(59-66)-(57-65)-(53-60)-(46-62)-(45-56)-(43-71)-(42-75)-(41-67)-(39-77)-(36-78)-(31-74)-(30-38)-(29-47)-(28-70)-(27-33)-(26-76)-(24-32)-(22-44)-(21-54)-(20-50)-(19-40)-(17-23)-(15-35)-(14-73)-(13-58)-(12-51)-(11-25)-(10-69)-(9-55)-(8-52)-(7-34)-(6-48)-(5-49)-(4-16)-(3-18)-(2-37)-(1-64)-(0-68)],0.00044846534729003906,0.06847000122070312,3,True,0
~?@O??G??????G???O?@????A????G_??A??A????????????_?????DC????`?P?G?????_@?O@C???O???GG????A????CC?A?C?O??AP??@????OG?OO??????OQ???@??A??cO???_????????A???@??O@??A?G?G??A??A?????@??@??@??c??_???c????_?@oG?????A??C?@????CO?C????G_????????O?A_C??_O?_?@A?C?c?G??O????????AWO???G????C?AA???????@CC?????O?D??C??O?@???OOAO?????@G???_@??C????_?o???O????G???CH?????_O??o?C??c???C?G????_?@G??OA???K????g???A??_G??AC???C??O?Ga??????O?_OG?@??@C???C????E??_GG?A?C???????O?G?OD???B???G??C???A?CE??G??C??????_??G?OC?G????G?A?k??????@?G????GG?A???,[(63-72)-(61-79)-(59-66)-(57-65)-(53-60)-(46-62)-(45-56)-(43-71)-(42-75)-(41-67)-(39-77)-(36-78)-(31-74)-(30-38)-(29-47)-(28-70)-(27-33)-(26-76)-(24-32)-(22-44)-(21-54)-(20-50)-(19-40)-(17-23)-(15-35)-(14-73)-(13-58)-(12-51)-(11-25)-(10-69)-(9-55)-(8-52)-(7-34)-(6-48)-(5-49)-(4-16)-(3-18)-(2-37)-(1-64)-(0-68)],0.0004417896270751953,0.03074359893798828,1,True,0
~?@O??G??????G???O?@????A????G_??A??A????????????_?????DC????`?P?G?????_@?O@C???O???GG????A????CC?A?C?O??AP??@????OG?OO??????OQ???@??A??cO???_????????A???@??O@??A?G?G??A??A?????@??@??@??c??_???c????_?@oG?????A??C?@????CO?C????G_????????O?A_C??_O?_?@A?C?c?G??O????????AWO???G????C?AA???????@CC?????O?D??C??O?@???OOAO?????@G???_@??C????_?o???O????G???CH?????_O??o?C??c???C?G????_?@G??OA???K????g???A??_G??AC???C??O?Ga??????O?_OG?@??@C???C????E??_GG?A?C???????O?G?OD???B???G??C???A?CE??G??C??????_??G?OC?G????G?A?k??????@?G????GG?A???,[(67-75)-(63-72)-(59-66)-(57-65)-(53-60)-(46-62)-(45-56)-(43-71)-(42-74)-(41-79)-(39-77)-(36-78)-(31-61)-(30-38)-(29-47)-(28-70)-(27-33)-(26-76)-(24-32)-(22-44)-(21-54)-(20-50)-(19-40)-(17-23)-(15-35)-(14-73)-(13-58)-(12-51)-(11-25)-(10-69)-(9-55)-(8-52)-(7-34)-(6-48)-(5-49)-(4-16)-(3-18)-(2-37)-(1-64)-(0-68)],0.0004551410675048828,0.04932212829589844,2,True,0
~?@O??G??????G???O?@????A????G_??A??A????????????_?????DC????`?P?G?????_@?O@C???O???GG????A????CC?A?C?O??AP??@????OG?OO??????OQ???@??A??cO???_????????A???@??O@??A?G?G??A??A?????@??@??@??c??_???c????_?@oG?????A??C?@????CO?C????G_????????O?A_C??_O?_?@A?C?c?G??O????????AWO???G????C?AA???????@CC?????O?D??C??O?@???OOAO?????@G???_@??C????_?o???O????G???CH?????_O??o?C??c???C?G????_?@G??OA???K????g???A??_G??AC???C??O?Ga??????O?_OG?@??@C???C????E??_GG?A?C???????O?G?OD???B???G??C???A?CE??G??C??????_??G?OC?G????G?A?k??????@?G????GG?A???,[(67-75)-(63-72)-(59-66)-(57-65)-(53-60)-(46-62)-(45-56)-(43-71)-(42-74)-(41-79)-(39-77)-(36-78)-(31-61)-(30-38)-(29-47)-(28-70)-(27-33)-(26-76)-(24-32)-(22-44)-(21-54)-(20-50)-(19-40)-(17-23)-(15-35)-(14-73)-(13-58)-(12-51)-(11-25)-(10-69)-(9-55)-(8-52)-(7-34)-(6-48)-(5-49)-(4-16)-(3-18)-(2-37)-(1-64)-(0-68)],0.00043201446533203125,0.06926178932189941,3,True,0
~?@O??G??????G???O?@????A????G_??A??A????????????_?????DC????`?P?G?????_@?O@C???O???GG????A????CC?A?C?O??AP??@????OG?OO??????OQ???@??A??cO???_????????A???@??O@??A?G?G??A??A?????@??@??@??c??_???c????_?@oG?????A??C?@????CO?C????G_????????O?A_C??_O?_?@A?C?c?G??O????????AWO???G????C?AA???????@CC?????O?D??C??O?@???OOAO?????@G???_@??C????_?o???O????G???CH?????_O??o?C??c???C?G????_?@G??OA???K????g???A??_G??AC???C??O?Ga??????O?_OG?@??@C???C????E??_GG?A?C???????O?G?OD???B???G??C???A?CE??G??C??????_??G?OC?G????G?A?k??????@?G????GG?A???,[(67-75)-(63-72)-(59-66)-(57-65)-(53-60)-(46-62)-(45-70)-(43-71)-(42-56)-(41-79)-(39-77)-(36-78)-(31-74)-(30-38)-(29-47)-(28-61)-(27-33)-(26-76)-(24-32)-(22-44)-(21-54)-(20-50)-(19-40)-(17-23)-(15-35)-(14-73)-(13-58)-(12-51)-(11-25)-(10-69)-(9-55)-(8-52)-(7-34)-(6-48)-(5-49)-(4-16)-(3-18)-(2-37)-(1-64)-(0-68)],0.0004601478576660156,0.09294486045837402,4,True,0
~?@O??G??????G???O?@????A????G_??A??A????????????_?????DC????`?P?G?????_@?O@C???O???GG????A????CC?A?C?O??AP??@????OG?OO??????OQ???@??A??cO???_????????A???@??O@??A?G?G??A??A?????@??@??@??c??_???c????_?@oG?????A??C?@????CO?C????G_????????O?A_C??_O?_?@A?C?c?G??O????????AWO???G????C?AA???????@CC?????O?D??C??O?@???OOAO?????@G???_@??C????_?o???O????G???CH?????_O??o?C??c???C?G????_?@G??OA???K????g???A??_G??AC???C??O?Ga??????O?_OG?@??@C???C????E??_GG?A?C???????O?G?OD???B???G??C???A?CE??G??C??????_??G?OC?G????G?A?k??????@?G????GG?A???,[(67-75)-(63-72)-(59-66)-(57-65)-(53-60)-(46-62)-(45-70)-(43-71)-(42-56)-(41-79)-(39-77)-(36-78)-(31-74)-(30-38)-(29-47)-(28-61)-(27-33)-(26-76)-(24-32)-(22-44)-(21-54)-(20-50)-(19-40)-(17-23)-(15-35)-(14-73)-(13-58)-(12-51)-(11-25)-(10-69)-(9-55)-(8-52)-(7-34)-(6-48)-(5-49)-(4-16)-(3-18)-(2-37)-(1-64)-(0-68)],0.0004456043243408203,0.020670175552368164,1,True,0
~?@O??G??????G???O?@????A????G_??A??A????????????_?????DC????`?P?G?????_@?O@C???O???GG????A????CC?A?C?O??AP??@????OG?OO??????OQ???@??A??cO???_????????A???@??O@??A?G?G??A??A?????@??@??@??c??_???c????_?@oG?????A??C?@????CO?C????G_????????O?A_C??_O?_?@A?C?c?G??O????????AWO???G????C?AA???????@CC?????O?D??C??O?@???OOAO?????@G???_@??C????_?o???O????G???CH?????_O??o?C??c???C?G????_?@G??OA???K????g???A??_G??AC???C??O?Ga??????O?_OG?@??@C???C????E??_GG?A?C???????O?G?OD???B???G??C???A?CE??G??C??????_??G?OC?G????G?A?k??????@?G????GG?A???,[(61-79)-(59-66)-(57-65)-(53-60)-(46-62)-(45-56)-(43-71)-(42-75)-(41-67)-(39-77)-(36-78)-(33-72)-(31-74)-(30-38)-(29-47)-(28-70)-(27-63)-(26-76)-(24-32)-(22-44)-(21-54)-(20-50)-(19-40)-(17-23)-(15-35)-(14-73)-(13-58)-(12-51)-(11-25)-(10-69)-(9-55)-(8-52)-(7-34)-(6-48)-(5-49)-(4-16)-(3-18)-(2-37)-(1-64)-(0-68)],0.0004715919494628906,0.1145329475402832,5,True,0
~?@O??G??????G???O?@????A????G_??A??A????????????_?????DC????`?P?G?????_@?O@C???O???GG????A????CC?A?C?O??AP??@????OG?OO??????OQ???@??A??cO???_????????A???@??O@??A?G?G??A??A?????@??@??@??c??_???c????_?@oG?????A??C?@????CO?C????G_????????O?A_C??_O?_?@A?C?c?G??O????????AWO???G????C?AA???????@CC?????O?D??C??O?@???OOAO?????@G???_@??C????_?o???O????G???CH?????_O??o?C??c???C?G????_?@G??OA???K????g???A??_G??AC???C??O?Ga??????O?_OG?@??@C???C????E??_GG?A?C???????O?G?OD???B???G??C???A?CE??G??C??????_??G?OC?G????G?A?k??????@?G????GG?A???,[(61-79)-(59-66)-(57-65)-(53-60)-(46-62)-(45-56)-(43-71)-(42-75)-(41-67)-(39-77)-(36-78)-(33-72)-(31-74)-(30-38)-(29-47)-(28-70)-(27-63)-(26-76)-(24-32)-(22-44)-(21-54)-(20-50)-(19-40)-(17-23)-(15-35)-(14-73)-(13-58)-(12-51)-(11-25)-(10-69)-(9-55)-(8-52)-(7-34)-(6-48)-(5-49)-(4-16)-(3-18)-(2-37)-(1-64)-(0-68)],0.0004324913024902344,0.0693826675415039,3,True,0
~?@O??G??????G???O?@????A????G_??A??A????????????_?????DC????`?P?G?????_@?O@C???O???GG????A????CC?A?C?O??AP??@????OG?OO??????OQ???@??A??cO???_????????A???@??O@??A?G?G??A??A?????@??@??@??c??_???c????_?@oG?????A??C?@????CO?C????G_????????O?A_C??_O?_?@A?C?c?G??O????????AWO???G????C?AA???????@CC?????O?D??C??O?@???OOAO?????@G???_@??C????_?o???O????G???CH?????_O??o?C??c???C?G????_?@G??OA???K????g???A??_G??AC???C??O?Ga??????O?_OG?@??@C???C????E??_GG?A?C???????O?G?OD???B???G??C???A?CE??G??C??????_??G?OC?G????G?A?k??????@?G????GG?A???,[(67-75)-(59-66)-(57-65)-(53-60)-(46-62)-(45-56)-(43-71)-(42-74)-(41-79)-(39-77)-(36-78)-(33-72)-(31-61)-(30-38)-(29-47)-(28-70)-(27-63)-(26-76)-(24-32)-(22-44)-(21-54)-(20-50)-(19-40)-(17-23)-(15-35)-(14-73)-(13-58)-(12-51)-(11-25)-(10-69)-(9-55)-(8-52)-(7-34)-(6-48)-(5-49)-(4-16)-(3-18)-(2-37)-(1-64)-(0-68)],0.0004627704620361328,0.04885435104370117,2,True,0
~?@O??G??????G???O?@????A????G_??A??A????????????_?????DC????`?P?G?????_@?O@C???O???GG????A????CC?A?C?O??AP??@????OG?OO??????OQ???@??A??cO???_????????A???@??O@??A?G?G??A??A?????@??@??@??c??_???c????_?@oG?????A??C?@????CO?C????G_????????O?A_C??_O?_?@A?C?c?G??O????????AWO???G????C?AA???????@CC?????O?D??C??O?@???OOAO?????@G???_@??C????_?o???O????G???CH?????_O??o?C??c???C?G????_?@G??OA???K????g???A??_G??AC???C??O?Ga??????O?_OG?@??@C???C????E??_GG?A?C???????O?G?OD???B???G??C???A?CE??G??C??????_??G?OC?G????G?A?k??????@?G????GG?A???,[(67-75)-(59-66)-(57-65)-(53-60)-(46-62)-(45-56)-(43-71)-(42-74)-(41-79)-(39-77)-(36-78)-(33-72)-(31-61)-(30-38)-(29-47)-(28-70)-(27-63)-(26-76)-(24-32)-(22-44)-(21-54)-(20-50)-(19-40)-(17-23)-(15-35)-(14-73)-(13-58)-(12-51)-(11-25)-(10-69)-(9-55)-(8-52)-(7-34)-(6-48)-(5-49)-(4-16)-(3-18)-(2-37)-(1-64)-(0-68)],0.00047588348388671875,0.04946637153625488,2,True,0
~?@O??G??????G???O?@????A????G_??A??A????????????_?????DC????`?P?G?????_@?O@C???O???GG????A????CC?A?C?O??AP??@????OG?OO??????OQ???@??A??cO???_????????A???@??O@??A?G?G??A??A?????@??@??@??c??_???c????_?@oG?????A??C?@????CO?C????G_????????O?A_C??_O?_?@A?C?c?G??O????????AWO???G????C?AA???????@CC?????O?D??C??O?@???OOAO?????@G???_@??C????_?o???O????G???CH?????_O??o?C??c???C?G????_?@G??OA???K????g???A??_G??AC???C??O?Ga??????O?_OG?@??@C???C????E??_GG?A?C???????O?G?OD???B???G??C???A?CE??G??C??????_??G?OC?G????G?A?k??????@?G????GG?A???,[(67-75)-(59-66)-(57-65)-(53-60)-(46-62)-(45-70)-(43-71)-(42-56)-(41-79)-(39-77)-(36-78)-(33-72)-(31-74)-(30-38)-(29-47)-(28-61)-(27-63)-(26-76)-(24-32)-(22-44)-(21-54)-(20-50)-(19-40)-(17-23)-(15-35)-(14-73)-(13-58)-(12-51)-(11-25)-(10-69)-(9-55)-(8-52)-(7-34)-(6-48)-(5-49)-(4-16)-(3-18)-(2-37)-(1-64)-(0-68)],0.00043892860412597656,0.06930255889892578,3,True,0
~?@O??G??????G???O?@????A????G_??A??A????????????_?????DC????`?P?G?????_@?O@C???O???GG????A????CC?A?C?O??AP??@????OG?OO??????OQ???@??A??cO???_????????A???@??O@??A?G?G??A??A?????@??@??@??c??_???c????_?@oG?????A??C?@????CO?C????G_????????O?A_C??_O?_?@A?C?c?G??O????????AWO???G????C?AA???????@CC?????O?D??C??O?@???OOAO?????@G???_@??C????_?o???O????G???CH?????_O??o?C??c???C?G????_?@G??OA???K????g???A??_G??AC???C??O?Ga??????O?_OG?@??@C???C????E??_GG?A?C???????O?G?OD???B???G??C???A?CE??G??C??????_??G?OC?G????G?A?k??????@?G????GG?A???,[(67-75)-(59-66)-(57-65)-(53-60)-(46-62)-(45-70)-(43-71)-(42-56)-(41-79)-(39-77)-(36-78)-(33-72)-(31-74)-(30-38)-(29-47)-(28-61)-(27-63)-(26-76)-(24-32)-(22-44)-(21-54)-(20-50)-(19-40)-(17-23)-(15-35)-(14-73)-(13-58)-(12-51)-(11-25)-(10-69)-(9-55)-(8-52)-(7-34)-(6-48)-(5-49)-(4-16)-(3-18)-(2-37)-(1-64)-(0-68)],0.00043845176696777344,0.09305810928344727,4,True,0
~?@O???C?O?O?@?C??A?O???G?G????S????_???????A???????_????O_????C???_@O?A??G??GA??C?@C_????_A??@??E??@??_A??O?O_?C??H????C??P_?O?G??A?G?C?C??P?????C?_???_@?K???@???C?_O???D??C???????G?@???@?_?GC??@G?@???C??A??H?????A????????G@?GD?_??C?@??_??H????_G???O????Q?A???G???_??G??E?????????IA????A@?O??@??OA?@??_G????????O??_?C???AA?O?O??Q?@?O???I??????P?_????@???_?G?A??O@C???_@??@@??G??G?_????@C?????O??O_?A@??O???????@??C?_??C??U??C???????????@?H`?G?E??C????O????h_????A??????_?_?O?AO??A@??G???_?A?????????D?Gg?_O??A??_?????P???????A?@?C,[(78-79)-(70-76)-(61-73)-(60-72)-(57-74)-(55-77)-(47-63)-(46-75)-(44-71)-(43-53)-(42-62)-(41-51)-(30-38)-(29-64)-(28-59)-(27-45)-(26-56)-(25-39)-(24-52)-(23-54)-(21-40)-(20-32)-(19-68)-(17-33)-(15-49)-(14-31)-(13-22)-(12-69)-(11-58)-(10-18)-(9-35)-(8-67)-(7-65)-(6-36)-(5-37)-(4-66)-(3-48)-(2-16)-(1-50)-(0-34)],0.00044846534729003906,0.04909086227416992,2,True,0
~?@O???C?O?O?@?C??A?O???G?G????S????_???????A???????_????O_????C???_@O?A??G??GA??C?@C_????_A??@??E??@??_A??O?O_?C??H????C??P_?O?G??A?G?C?C??P?????C?_???_@?K???@???C?_O???D??C???????G?@???@?_?GC??@G?@???C??A??H?????A????????G@?GD?_??C?@??_??H????_G???O????Q?A???G???_??G??E?????????IA????A@?O??@??OA?@??_G????????O??_?C???AA?O?O??Q?@?O???I??????P?_????@???_?G?A??O@C???_@??@@??G??G?_????@C?????O??O_?A@??O???????@??C?_??C??U??C???????????@?H`?G?E??C????O????h_????A??????_?_?O?AO??A@??G???_?A?????????D?Gg?_O??A??_?????P???????A?@?C,[(78-79)-(70-76)-(61-73)-(60-72)-(57-74)-(55-77)-(47-63)-(46-75)-(44-71)-(43-53)-(42-62)-(41-51)-(30-38)-(29-64)-(28-59)-(27-45)-(26-56)-(25-39)-(24-52)-(23-54)-(21-40)-(20-32)-(19-68)-(17-33)-(15-49)-(14-31)-(13-22)-(12-69)-(11-58)-(10-18)-(9-35)-(8-67)-(7-65)-(6-36)-(5-37)-(4-66)-(3-48)-(2-16)-(1-50)-(0-34)],0.0004425048828125,0.019818782806396484,1,True,0
~?@O???C?O?O?@?C??A?O???G?G????S????_???????A???????_????O_????C???_@O?A??G??GA??C?@C_????_A??@??E??@??_A??O?O_?C??H????C??P_?O?G??A?G?C?C??P?????C?_???_@?K???@???C?_O???D??C???????G?@???@?_?GC??@G?@???C??A??H?????A????????G@?GD?_??C?@??_??H????_G???O????Q?A???G???_??G??E?????????IA????A@?O??@??OA?@??_G????????O??_?C???AA?O?O??Q?@?O???I??????P?_????@???_?G?A??O@C???_@??@@??G??G?_????@C?????O??O_?A@??O???????@??C?_??C??U??C???????????@?H`?G?E??C????O????h_????A??????_?_?O?AO??A@??G???_?A?????????D?Gg?_O??A??_?????P???????A?@?C,[(78-79)-(70-76)-(61-73)-(60-72)-(57-74)-(55-77)-(47-63)-(46-75)-(44-71)-(43-53)-(41-51)-(38-42)-(30-62)-(29-64)-(28-59)-(27-45)-(26-56)-(25-39)-(24-52)-(23-54)-(21-40)-(20-32)-(19-68)-(17-33)-(15-49)-(14-31)-(13-22)-(12-69)-(11-58)-(10-18)-(9-35)-(8-67)-(7-65)-(6-36)-(5-37)-(4-66)-(3-48)-(2-16)-(1-50)-(0-34)],0.0004208087921142578,0.09238290786743164,4,True,0
~?@O???C?O?O?@?C??A?O???G?G????S????_???????A???????_????O_????C???_@O?A??G??GA??C?@C_????_A??@??E??@??_A??O?O_?C??H????C??P_?O?G??A?G?C?C??P?????C?_???_@?K???@???C?_O???D??C???????G?@???@?_?GC??@G?@???C??A??H?????A????????G@?GD?_??C?@??_??H????_G???O????Q?A???G???_??G??E?????????IA????A@?O??@??OA?@??_G????????O??_?C???AA?O?O??Q?@?O???I??????P?_????@???_?G?A??O@C???_@??@@??G??G?_????@C?????O??O_?A@??O???????@??C?_??C??U??C???????????@?H`?G?E??C????O????h_????A??????_?_?O?AO??A@??G???_?A?????????D?Gg?_O??A??_?????P???????A?@?C,[(78-79)-(70-76)-(61-73)-(60-72)-(57-74)-(55-77)-(47-63)-(46-75)-(44-71)-(43-53)-(41-51)-(38-42)-(30-62)-(29-64)-(28-59)-(27-45)-(26-56)-(25-39)-(24-52)-(23-54)-(21-40)-(20-32)-(19-68)-(17-33)-(15-49)-(14-31)-(13-22)-(12-69)-(11-58)-(10-18)-(9-35)-(8-67)-(7-65)-(6-36)-(5-37)-(4-66)-(3-48)-(2-16)-(1-50)-(0-34)],0.0005025863647460938,0.020585298538208008,1,True,0
~?@O???C?O?O?@?C??A?O???G?G????S????_???????A???????_????O_????C???_@O?A??G??GA??C?@C_????_A??@??E??@??_A??O?O_?C??H????C??P_?O?G??A?G?C?C??P?????C?_???_@?K???@???C?_O???D??C???????G?@???@?_?GC??@G?@???C??A??H?????A????????G@?GD?_??C?@??_??H????_G???O????Q?A???G???_??G??E?????????IA????A@?O??@??OA?@??_G????????O??_?C???AA?O?O??Q?@?O???I??????P?_????@???_?G?A??O@C???_@??@@??G??G?_????@C?????O??O_?A@??O???????@??C?_??C??U??C???????????@?H`?G?E??C????O????h_????A??????_?_?O?AO??A@??G???_?A?????????D?Gg?_O??A??_?????P???????A?@?C,[(78-79)-(70-76)-(64-75)-(61-73)-(60-72)-(57-74)-(55-77)-(47-63)-(44-71)-(43-53)-(42-62)-(41-51)-(30-38)-(29-46)-(28-59)-(27-45)-(26-56)-(25-39)-(24-52)-(23-54)-(21-40)-(20-32)-(19-68)-(17-33)-(15-49)-(14-31)-(13-22)-(12-69)-(11-58)-(10-18)-(9-35)-(8-67)-(7-65)-(6-36)-(5-37)-(4-66)-(3-48)-(2-16)-(1-50)-(0-34)],0.00044345855712890625,0.07024478912353516,3,True,0
~?@O???C?O?O?@?C??A?O???G?G????S????_???????A???????_????O_????C???_@O?A??G??GA??C?@C_????_A??@??E??@??_A??O?O_?C??H????C??P_?O?G??A?G?C?C??P?????C?_???_@?K???@???C?_O???D??C???????G?@???@?_?GC??@G?@???C??A??H?????A????????G@?GD?_??C?@??_??H????_G???O????Q?A???G???_??G??E?????????IA????A@?O??@??OA?@??_G????????O??_?C???AA?O?O??Q?@?O???I??????P?_????@???_?G?A??O@C???_@??@@??G??G?_????@C?????O??O_?A@??O???????@??C?_??C??U??C???????????@?H`?G?E??C????O????h_????A??????_?_?O?AO??A@??G???_?A?????????D?Gg?_O??A??_?????P???????A?@?C,[(78-79)-(70-76)-(64-75)-(61-73)-(60-72)-(57-74)-(55-77)-(47-63)-(44-71)-(43-53)-(42-62)-(41-51)-(30-38)-(29-46)-(28-59)-(27-45)-(26-56)-(25-39)-(24-52)-(23-54)-(21-40)-(20-32)-(19-68)-(17-33)-(15-49)-(14-31)-(13-22)-(12-69)-(11-58)-(10-18)-(9-35)-(8-67)-(7-65)-(6-36)-(5-37)-(4-66)-(3-48)-(2-16)-(1-50)-(0-34)],0.00048279762268066406,0.09247756004333496,4,True,0
~?@O???C?O?O?@?C??A?O???G?G????S????_???????A???????_????O_????C???_@O?A??G??GA??C?@C_????_A??@??E??@??_A??O?O_?C??H????C??P_?O?G??A?G?C?C??P?????C?_???_@?K???@???C?_O???D??C???????G?@???@?_?GC??@G?@???C??A??H?????A????????G@?GD?_??C?@??_??H????_G???O????Q?A???G???_??G??E?????????IA????A@?O??@??OA?@??_G????????O??_?C???AA?O?O??Q?@?O???I??????P?_????@???_?G?A??O@C???_@??@@??G??G?_????@C?????O??O_?A@??O???????@??C?_??C??U??C???????????@?H`?G?E??C????O????h_????A??????_?_?O?AO??A@??G???_?A?????????D?Gg?_O??A??_?????P???????A?@?C,[(78-79)-(70-76)-(64-75)-(61-73)-(60-72)-(57-74)-(55-77)-(47-63)-(44-71)-(43-53)-(41-51)-(38-42)-(30-62)-(29-46)-(28-59)-(27-45)-(26-56)-(25-39)-(24-52)-(23-54)-(21-40)-(20-32)-(19-68)-(17-33)-(15-49)-(14-31)-(13-22)-(12-69)-(11-58)-(10-18)-(9-35)-(8-67)-(7-65)-(6-36)-(5-37)-(4-66)-(3-48)-(2-16)-(1-50)-(0-34)],0.00047969818115234375,0.01957392692565918,1,True,0
~?@O???C?O?O?@?C??A?O???G?G????S????_???????A???????_????O_????C???_@O?A??G??GA??C?@C_????_A??@??E??@??_A??O?O_?C??H????C??P_?O?G??A?G?C?C??P?????C?_???_@?K???@???C?_O???D??C???????G?@???@?_?GC??@G?@???C??A??H?????A????????G@?GD?_??C?@??_??H????_G???O????Q?A???G???_??G??E?????????IA????A@?O??@??OA?@??_G????????O??_?C???AA?O?O??Q?@?O???I??????P?_????@???_?G?A??O@C???_@??@@??G??G?_????@C?????O??O_?A@??O???????@??C?_??C??U??C???????????@?H`?G?E??C????O????h_????A??????_?_?O?AO??A@??G???_?A?????????D?Gg?_O??A??_?????P???????A?@?C,[(78-79)-(70-76)-(64-75)-(61-73)-(60-72)-(57-74)-(55-77)-(47-63)-(44-71)-(43-53)-(41-51)-(38-42)-(30-62)-(29-46)-(28-59)-(27-45)-(26-56)-(25-39)-(24-52)-(23-54)-(21-40)-(20-32)-(19-68)-(17-33)-(15-49)-(14-31)-(13-22)-(12-69)-(11-58)-(10-18)-(9-35)-(8-67)-(7-65)-(6-36)-(5-37)-(4-66)-(3-48)-(2-16)-(1-50)-(0-34)],0.0005056858062744141,0.09244346618652344,4,True,0
~?@O???C?O?O?@?C??A?O???G?G????S????_???????A???????_????O_????C???_@O?A??G??GA??C?@C_????_A??@??E??@??_A??O?O_?C??H????C??P_?O?G??A?G?C?C??P?????C?_???_@?K???@???C?_O???D??C???????G?@???@?_?GC??@G?@???C??A??H?????A????????G@?GD?_??C?@??_??H????_G???O????Q?A???G???_??G??E?????????IA????A@?O??@??OA?@??_G????????O??_?C???AA?O?O??Q?@?O???I??????P?_????@???_?G?A??O@C???_@??@@??G??G?_????@C?????O??O_?A@??O???????@??C?_??C??U??C???????????@?H`?G?E??C????O????h_????A??????_?_?O?AO??A@??G???_?A?????????D?Gg?_O??A??_?????P???????A?@?C,[(78-79)-(70-76)-(61-73)-(57-74)-(56-72)-(55-77)-(47-63)-(46-75)-(44-71)-(43-53)-(42-62)-(41-51)-(30-38)-(29-64)-(28-59)-(27-45)-(26-60)-(25-39)-(24-52)-(23-54)-(21-40)-(20-32)-(19-68)-(17-33)-(15-49)-(14-31)-(13-22)-(12-69)-(11-58)-(10-18)-(9-35)-(8-67)-(7-65)-(6-36)-(5-37)-(4-66)-(3-48)-(2-16)-(1-50)-(0-34)],0.00043201446533203125,0.05003976821899414,2,True,0
~?@O???C?O?O?@?C??A?O???G?G????S????_???????A???????_????O_????C???_@O?A??G??GA??C?@C_????_A??@??E??@??_A??O?O_?C??H????C??P_?O?G??A?G?C?C??P?????C?_???_@?K???@???C?_O???D??C???????G?@???@?_?GC??@G?@???C??A??H?????A????????G@?GD?_??C?@??_??H????_G???O????Q?A???G???_??G??E?????????IA????A@?O??@??OA?@??_G????????O??_?C???AA?O?O??Q?@?O???I??????P?_????@???_?G?A??O@C???_@??@@??G??G?_????@C?????O??O_?A@??O???????@??C?_??C??U??C???????????@?H`?G?E??C????O????h_????A??????_?_?O?AO??A@??G???_?A?????????D?Gg?_O??A??_?????P???????A?@?C,[(78-79)-(70-76)-(61-73)-(57-74)-(56-72)-(55-77)-(47-63)-(46-75)-(44-71)-(43-53)-(42-62)-(41-51)-(30-38)-(29-64)-(28-59)-(27-45)-(26-60)-(25-39)-(24-52)-(23-54)-(21-40)-(20-32)-(19-68)-(17-33)-(15-49)-(14-31)-(13-22)-(12-69)-(11-58)-(10-18)-(9-35)-(8-67)-(7-65)-(6-36)-(5-37)-(4-66)-(3-48)-(2-16)-(1-50)-(0-34)],0.0004298686981201172,0.03093433380126953,1,True,0
~?@O???C?O?O?@?C??A?O???G?G????S????_???????A???????_????O_????C???_@O?A??G??GA??C?@C_????_A??@??E??@??_A??O?O_?C??H????C??P_?O?G??A?G?C?C??P?????C?_???_@?K???@???C?_O???D??C???????G?@???@?_?GC??@G?@???C??A??H?????A????????G@?GD?_??C?@??_??H????_G???O????Q?A???G???_??G??E?????????IA????A@?O??@??OA?@??_G????????O??_?C???AA?O?O??Q?@?O???I??????P?_????@???_?G?A??O@C???_@??@@??G??G?_????@C?????O??O_?A@??O???????@??C?_??C??U??C???????????@?H`?G?E??C????O????h_????A??????_?_?O?AO??A@??G???_?A?????????D?Gg?_O??A??_?????P???????A?@?C,[(78-79)-(70-76)-(61-73)-(57-74)-(56-72)-(55-77)-(47-63)-(46-75)-(44-71)-(43-53)-(41-51)-(38-42)-(30-62)-(29-64)-(28-59)-(27-45)-(26-60)-(25-39)-(24-52)-(23-54)-(21-40)-(20-32)-(19-68)-(17-33)-(15-49)-(14-31)-(13-22)-(12-69)-(11-58)-(10-18)-(9-35)-(8-67)-(7-65)-(6-36)-(5-37)-(4-66)-(3-48)-(2-16)-(1-50)-(0-34)],0.0007224082946777344,0.05050349235534668,2,True,0
~?@O???C?O?O?@?C??A?O???G?G????S????_???????A???????_????O_????C???_@O?A??G??GA??C?@C_????_A??@??E??@??_A??O?O_?C??H????C??P_?O?G??A?G?C?C??P?????C?_???_@?K???@???C?_O???D??C???????G?@???@?_?GC??@G?@???C??A??H?????A????????G@?GD?_??C?@??_??H????_G???O????Q?A???G???_??G??E?????????IA????A@?O??@??OA?@??_G????????O??_?C???AA?O?O??Q?@?O???I??????P?_????@???_?G?A??O@C???_@??@@??G??G?_????@C?????O??O_?A@??O???????@??C?_??C??U??C???????????@?H`?G?E??C????O????h_????A??????_?_?O?AO??A@??G???_?A?????????D?Gg?_O??A??_?????P???????A?@?C,[(78-79)-(70-76)-(61-73)-(57-74)-(56-72)-(55-77)-(47-63)-(46-75)-(44-71)-(43-53)-(41-51)-(38-42)-(30-62)-(29-64)-(28-59)-(27-45)-(26-60)-(25-39)-(24-52)-(23-54)-(21-40)-(20-32)-(19-68)-(17-33)-(15-49)-(14-31)-(13-22)-(12-69)-(11-58)-(10-18)-(9-35)-(8-67)-(7-65)-(6-36)-(5-37)-(4-66)-(3-48)-(2-16)-(1-50)-(0-34)],0.00044846534729003906,0.049813270568847656,2,True,0
~?@O???C?O?O?@?C??A?O???G?G????S????_???????A???????_????O_????C???_@O?A??G??GA??C?@C_????_A??@??E??@??_A??O?O_?C??H????C??P_?O?G??A?G?C?C??P?????C?_???_@?K???@???C?_O???D??C???????G?@???@?_?GC??@G?@???C??A??H?????A????????G@?GD?_??C?@??_??H????_G???O????Q?A???G???_??G??E?????????IA????A@?O??@??OA?@??_G????????O??_?C???AA?O?O??Q?@?O???I??????P?_????@???_?G?A??O@C???_@??@@??G??G?_????@C?????O??O_?A@??O???????@??C?_??C??U??C???????????@?H`?G?E??C????O????h_????A??????_?_?O?AO??A@??G???_?A?????????D?Gg?_O??A??_?????P???????A?@?C,[(78-79)-(70-76)-(64-75)-(61-73)-(57-74)-(56-72)-(55-77)-(47-63)-(44-71)-(43-53)-(42-62)-(41-51)-(30-38)-(29-46)-(28-59)-(27-45)-(26-60)-(25-39)-(24-52)-(23-54)-(21-40)-(20-32)-(19-68)-(17-33)-(15-49)-(14-31)-(13-22)-(12-69)-(11-58)-(10-18)-(9-35)-(8-67)-(7-65)-(6-36)-(5-37)-(4-66)-(3-48)-(2-16)-(1-50)-(0-34)],0.00044989585876464844,0.0698080062866211,3,True,0
~?@O???C?O?O?@?C??A?O???G?G????S????_???????A???????_????O_????C???_@O?A??G??GA??C?@C_????_A??@??E??@??_A??O?O_?C??H????C??P_?O?G??A?G?C?C??P?????C?_???_@?K???@???C?_O???D??C???????G?@???@?_?GC??@G?@???C??A??H?????A????????G@?GD?_??C?@??_??H????_G???O????Q?A???G???_??G??E?????????IA????A@?O??@??OA?@??_G????????O??_?C???AA?O?O??Q?@?O???I??????P?_????@???_?G?A??O@C???_@??@@??G??G?_????@C?????O??O_?A@??O???????@??C?_??C??U??C???????????@?H`?G?E??C????O????h_????A??????_?_?O?AO??A@??G???_?A?????????D?Gg?_O??A??_?????P???????A?@?C,[(78-79)-(70-76)-(64-75)-(61-73)-(57-74)-(56-72)-(55-77)-(47-63)-(44-71)-(43-53)-(42-62)-(41-51)-(30-38)-(29-46)-(28-59)-(27-45)-(26-60)-(25-39)-(24-52)-(23-54)-(21-40)-(20-32)-(19-68)-(17-33)-(15-49)-(14-31)-(13-22)-(12-69)-(11-58)-(10-18)-(9-35)-(8-67)-(7-65)-(6-36)-(5-37)-(4-66)-(3-48)-(2-16)-(1-50)-(0-34)],0.0004417896270751953,0.03118729591369629,1,True,0
~?@O???C?O?O?@?C??A?O???G?G????S????_???????A???????_????O_????C???_@O?A??G??GA??C?@C_????_A??@??E??@??_A??O?O_?C??H????C??P_?O?G??A?G?C?C??P?????C?_???_@?K???@???C?_O???D??C???????G?@???@?_?GC??@G?@???C??A??H?????A????????G@?GD?_??C?@??_??H????_G???O????Q?A???G???_??G??E?????????IA????A@?O??@??OA?@??_G????????O??_?C???AA?O?O??Q?@?O???I??????P?_????@???_?G?A??O@C???_@??@@??G??G?_????@C?????O??O_?A@??O???????@??C?_??C??U??C???????????@?H`?G?E??C????O????h_????A??????_?_?O?AO??A@??G???_?A?????????D?Gg?_O??A??_?????P???????A?@?C,[(78-79)-(70-76)-(64-75)-(61-73)-(57-74)-(56-72)-(55-77)-(47-63)-(44-71)-(43-53)-(41-51)-(38-42)-(30-62)-(29-46)-(28-59)-(27-45)-(26-60)-(25-39)-(24-52)-(23-54)-(21-40)-(20-32)-(19-68)-(17-33)-(15-49)-(14-31)-(13-22)-(12-69)-(11-58)-(10-18)-(9-35)-(8-67)-(7-65)-(6-36)-(5-37)-(4-66)-(3-48)-(2-16)-(1-50)-(0-34)],0.00045871734619140625,0.09302949905395508,4,True,0
~?@O???C?O?O?@?C??A?O???G?G????S????_???????A???????_????O_????C???_@O?A??G??GA??C?@C_????_A??@??E??@??_A??O?O_?C??H????C??P_?O?G??A?G?C?C??P?????C?_???_@?K???@???C?_O???D??C???????G?@???@?_?GC??@G?@???C??A??H?????A????????G@?GD?_??C?@??_??H????_G???O????Q?A???G???_??G??E?????????IA????A@?O??@??OA?@??_G????????O??_?C???AA?O?O??Q?@?O???I??????P?_????@???_?G?A??O@C???_@??@@??G??G?_????@C?????O??O_?A@??O???????@??C?_??C??U??C???????????@?H`?G?E??C????O????h_????A??????_?_?O?AO??A@??G???_?A?????????D?Gg?_O??A??_?????P???????A?@?C,[(78-79)-(70-76)-(64-75)-(61-73)-(57-74)-(56-72)-(55-77)-(47-63)-(44-71)-(43-53)-(41-51)-(38-42)-(30-62)-(29-46)-(28-59)-(27-45)-(26-60)-(25-39)-(24-52)-(23-54)-(21-40)-(20-32)-(19-68)-(17-33)-(15-49)-(14-31)-(13-22)-(12-69)-(11-58)-(10-18)-(9-35)-(8-67)-(7-65)-(6-36)-(5-37)-(4-66)-(3-48)-(2-16)-(1-50)-(0-34)],0.000431060791015625,0.08982205390930176,4,True,0
~?@O???C?O?O?@?C??A?O???G?G????S????_???????A???????_????O_????C???_@O?A??G??GA??C?@C_????_A??@??E??@??_A??O?O_?C??H????C??P_?O?G??A?G?C?C??P?????C?_???_@?K???@???C?_O???D??C???????G?@???@?_?GC??@G?@???C??A??H?????A????????G@?GD?_??C?@??_??H????_G???O????Q?A???G???_??G??E?????????IA????A@?O??@??OA?@??_G????????O??_?C???AA?O?O??Q?@?O???I??????P?_????@???_?G?A??O@C???_@??@@??G??G?_????@C?????O??O_?A@??O???????@??C?_??C??U??C???????????@?H`?G?E??C????O????h_????A??????_?_?O?AO??A@??G???_?A?????????D?Gg?_O??A??_?????P???????A?@?C,[(78-79)-(70-76)-(61-73)-(60-72)-(57-74)-(55-77)-(47-63)-(46-75)-(45-52)-(43-53)-(42-62)-(41-51)-(30-38)-(29-64)-(28-59)-(27-44)-(26-56)-(25-39)-(24-71)-(23-54)-(21-40)-(20-32)-(19-68)-(17-33)-(15-49)-(14-31)-(13-22)-(12-69)-(11-58)-(10-18)-(9-35)-(8-67)-(7-65)-(6-36)-(5-37)-(4-66)-(3-48)-(2-16)-(1-50)-(0-34)],0.0004734992980957031,0.020352602005004883,1,True,0
~?@O???C?O?O?@?C??A?O???G?G????S????_???????A???????_????O_????C???_@O?A??G??GA??C?@C_????_A??@??E??@??_A??O?O_?C??H????C??P_?O?G??A?G?C?C??P?????C?_???_@?K???@???C?_O???D??C???????G?@???@?_?GC??@G?@???C??A??H?????A????????G@?GD?_??C?@??_??H????_G???O????Q?A???G???_??G??E?????????IA????A@?O??@??OA?@??_G????????O??_?C???AA?O?O??Q?@?O???I??????P?_????@???_?G?A??O@C???_@??@@??G??G?_????@C?????O??O_?A@??O???????@??C?_??C??U??C???????????@?H`?G?E??C????O????h_????A??????_?_?O?AO??A@??G???_?A?????????D?Gg?_O??A??_?????P???????A?@?C,[(78-79)-(70-76)-(61-73)-(60-72)-(57-74)-(55-77)-(47-63)-(46-75)-(45-52)-(43-53)-(42-62)-(41-51)-(30-38)-(29-64)-(28-59)-(27-44)-(26-56)-(25-39)-(24-71)-(23-54)-(21-40)-(20-32)-(19-68)-(17-33)-(15-49)-(14-31)-(13-22)-(12-69)-(11-58)-(10-18)-(9-35)-(8-67)-(7-65)-(6-36)-(5-37)-(4-66)-(3-48)-(2-16)-(1-50)-(0-34)],0.0004956722259521484,0.04960012435913086,2,True,0
~?@O???C?O?O?@?C??A?O???G?G????S????_???????A???????_????O_????C???_@O?A??G??GA??C?@C_????_A??@??E??@??_A??O?O_?C??H????C??P_?O?G??A?G?C?C??P?????C?_???_@?K???@???C?_O???D??C???????G?@???@?_?GC??@G?@???C??A??H?????A????????G@?GD?_??C?@??_??H????_G???O????Q?A???G???_??G??E?????????IA????A@?O??@??OA?@??_G????????O??_?C???AA?O?O??Q?@?O???I??????P?_????@???_?G?A??O@C???_@??@@??G??G?_????@C?????O??O_?A@??O???????@??C?_??C??U??C???????????@?H`?G?E??C????O????h_????A??????_?_?O?AO??A@??G???_?A?????????D?Gg?_O??A??_?????P???????A?@?C,[(78-79)-(70-76)-(61-73)-(60-72)-(57-74)-(55-77)-(47-63)-(46-75)-(45-52)-(43-53)-(41-51)-(38-42)-(30-62)-(29-64)-(28-59)-(27-44)-(26-56)-(25-39)-(24-71)-(23-54)-(21-40)-(20-32)-(19-68)-(17-33)-(15-49)-(14-31)-(13-22)-(12-69)-(11-58)-(10-18)-(9-35)-(8-67)-(7-65)-(6-36)-(5-37)-(4-66)-(3-48)-(2-16)-(1-50)-(0-34)],0.0006499290466308594,0.07079434394836426,3,True,0
~?@O???C?O?O?@?C??A?O???G?G????S????_???????A???????_????O_????C???_@O?A??G??GA??C?@C_????_A??@??E??@??_A??O?O_?C??H????C??P_?O?G??A?G?C?C??P?????C?_???_@?K???@???C?_O???D??C???????G?@???@?_?GC??@G?@???C??A??H?????A????????G@?GD?_??C?@??_??H????_G???O????Q?A???G???_??G??E?????????IA????A@?O??@??OA?@??_G????????O??_?C???AA?O?O??Q?@?O???I??????P?_????@???_?G?A??O@C???_@??@@??G??G?_????@C?????O??O_?A@??O???????@??C?_??C??U??C???????????@?H`?G?E??C????O????h_????A??????_?_?O?AO??A@??G???_?A?????????D?Gg?_O??A??_?????P???????A?@?C,[(78-79)-(70-76)-(61-73)-(60-72)-(57-74)-(55-77)-(47-63)-(46-75)-(45-52)-(43-53)-(41-51)-(38-42)-(30-62)-(29-64)-(28-59)-(27-44)-(26-56)-(25-39)-(24-71)-(23-54)-(21-40)-(20-32)-(19-68)-(17-33)-(15-49)-(14-31)-(13-22)-(12-69)-(11-58)-(10-18)-(9-35)-(8-67)-(7-65)-(6-36)-(5-37)-(4-66)-(3-48)-(2-16)-(1-50)-(0-34)],0.0004367828369140625,0.11615133285522461,5,True,0
~?@O?_g?@???CG?_????O??@COA???I_???G??@????_?G?????@??GDG?@???O_??c@????????G@????CG???????C?G_?_??C?????B??????@???OG@??????@C??????@???LC_??@I????@?????_?????_?G@???A???????C_?_@???G?_A?_??_O??????KC????G?@??A?OA???A?P_?O??GO??@?????_?G@?????O??OG????_???A_?C????@??GKG??S??C??@?AA?????????C??OO@???P_???O???c?A???O???@?_@??P???????G??C?AO?????????????C@?????G?C???C?_C??C??@???A?CG????EI???O???G???O?@G?_O????@???GOG?G?C?????@_??C??G?GG?C????Q??G??A????_A?@?GO?????C???G?B??O?C???Gg???A??A????OG????OG??O?A??A_A???C?O??CG?????A?,[(70-77)-(66-69)-(61-63)-(58-73)-(49-75)-(48-74)-(46-62)-(44-72)-(43-60)-(42-45)-(41-47)-(39-57)-(36-59)-(35-79)-(31-56)-(30-68)-(29-32)-(28-38)-(27-40)-(26-76)-(25-78)-(23-65)-(22-53)-(21-51)-(19-20)-(15-50)-(14-37)-(13-71)-(12-34)-(11-24)-(10-54)-(9-55)-(8-33)-(7-18)-(6-67)-(4-5)-(3-16)-(2-52)-(1-64)-(0-17)],0.0005764961242675781,0.030709266662597656,1,True,0
~?@O?_g?@???CG?_????O??@COA???I_???G??@????_?G?????@??GDG?@???O_??c@????????G@????CG???????C?G_?_??C?????B??????@???OG@??????@C??????@???LC_??@I????@?????_?????_?G@???A???????C_?_@???G?_A?_??_O??????KC????G?@??A?OA???A?P_?O??GO??@?????_?G@?????O??OG????_???A_?C????@??GKG??S??C??@?AA?????????C??OO@???P_???O???c?A???O???@?_@??P???????G??C?AO?????????????C@?????G?C???C?_C??C??@???A?CG????EI???O???G???O?@G?_O????@???GOG?G?C?????@_??C??G?GG?C????Q??G??A????_A?@?GO?????C???G?B??O?C???Gg???A??A????OG????OG??O?A??A_A???C?O??CG?????A?,[(70-77)-(66-69)-(61-63)-(58-73)-(49-75)-(48-74)-(46-62)-(44-72)-(43-60)-(42-45)-(41-47)-(39-57)-(36-59)-(35-79)-(31-56)-(30-68)-(29-32)-(28-38)-(27-40)-(26-76)-(25-78)-(23-65)-(22-53)-(21-51)-(19-20)-(15-50)-(14-37)-(13-71)-(12-34)-(11-24)-(10-54)-(9-55)-(8-33)-(7-18)-(6-67)-(4-5)-(3-16)-(2-52)-(1-64)-(0-17)],0.0004401206970214844,0.07073283195495605,3,True,0
~?@O?_g?@???CG?_????O??@COA???I_???G??@????_?G?????@??GDG?@???O_??c@????????G@????CG???????C?G_?_??C?????B??????@???OG@??????@C??????@???LC_??@I????@?????_?????_?G@???A???????C_?_@???G?_A?_??_O??????KC????G?@??A?OA???A?P_?O??GO??@?????_?G@?????O??OG????_???A_?C????@??GKG??S??C??@?AA?????????C??OO@???P_???O???c?A???O???@?_@??P???????G??C?AO?????????????C@?????G?C???C?_C??C??@???A?CG????EI???O???G???O?@G?_O????@???GOG?G?C?????@_??C??G?GG?C????Q??G??A????_A?@?GO?????C???G?B??O?C???Gg???A??A????OG????OG??O?A??A_A???C?O??CG?????A?,[(70-77)-(66-69)-(61-63)-(58-73)-(57-68)-(48-74)-(47-49)-(44-72)-(43-60)-(42-62)-(41-46)-(39-45)-(36-59)-(35-75)-(31-56)-(30-79)-(29-32)-(28-38)-(27-40)-(26-76)-(25-78)-(23-65)-(22-53)-(21-51)-(19-20)-(15-50)-(14-37)-(13-71)-(12-34)-(11-24)-(10-54)-(9-55)-(8-33)-(7-18)-(6-67)-(4-5)-(3-16)-(2-52)-(1-64)-(0-17)],0.0004909038543701172,0.049697160720825195,2,True,0
~?@O?_g?@???CG?_????O??@COA???I_???G??@????_?G?????@??GDG?@???O_??c@????????G@????CG???????C?G_?_??C?????B??????@???OG@??????@C??????@???LC_??@I????@?????_?????_?G@???A???????C_?_@???G?_A?_??_O??????KC????G?@??A?OA???A?P_?O??GO??@?????_?G@?????O??OG????_???A_?C????@??GKG??S??C??@?AA?????????C??OO@???P_???O???c?A???O???@?_@??P???????G??C?AO?????????????C@?????G?C???C?_C??C??@???A?CG????EI???O???G???O?@G?_O????@???GOG?G?C?????@_??C??G?GG?C????Q??G??A????_A?@?GO?????C???G?B??O?C???Gg???A??A????OG????OG??O?A??A_A???C?O??CG?????A?,[(70-77)-(66-69)-(61-63)-(58-73)-(57-68)-(48-74)-(47-49)-(44-72)-(43-60)-(42-62)-(41-46)-(39-45)-(36-59)-(35-75)-(31-56)-(30-79)-(29-32)-(28-38)-(27-40)-(26-76)-(25-78)-(23-65)-(22-53)-(21-51)-(19-20)-(15-50)-(14-37)-(13-71)-(12-34)-(11-24)-(10-54)-(9-55)-(8-33)-(7-18)-(6-67)-(4-5)-(3-16)-(2-52)-(1-64)-(0-17)],0.00044727325439453125,0.030169963836669922,1,True,0
~?@O?_g?@???CG?_????O??@COA???I_???G??@????_?G?????@??GDG?@???O_??c@????????G@????CG???????C?G_?_??C?????B??????@???OG@??????@C??????@???LC_??@I????@?????_?????_?G@???A???????C_?_@???G?_A?_??_O??????KC????G?@??A?OA???A?P_?O??GO??@?????_?G@?????O??OG????_???A_?C????@??GKG??S??C??@?AA?????????C??OO@???P_???O???c?A???O???@?_@??P???????G??C?AO?????????????C@?????G?C???C?_C??C??@???A?CG????EI???O???G???O?@G?_O????@???GOG?G?C?????@_??C??G?GG?C????Q??G??A????_A?@?GO?????C???G?B??O?C???Gg???A??A????OG????OG??O?A??A_A???C?O??CG?????A?,[(70-77)-(66-69)-(61-63)-(58-73)-(48-74)-(46-62)-(44-72)-(43-60)-(42-45)-(41-47)-(39-57)-(36-59)-(35-75)-(32-49)-(31-56)-(30-79)-(29-68)-(28-38)-(27-40)-(26-76)-(25-78)-(23-65)-(22-53)-(21-51)-(19-20)-(15-50)-(14-37)-(13-71)-(12-34)-(11-24)-(10-54)-(9-55)-(8-33)-(7-18)-(6-67)-(4-5)-(3-16)-(2-52)-(1-64)-(0-17)],0.0004863739013671875,0.03191208839416504,1,True,0
~?@O?_g?@???CG?_????O??@COA???I_???G??@????_?G?????@??GDG?@???O_??c@????????G@????CG???????C?G_?_??C?????B??????@???OG@??????@C??????@???LC_??@I????@?????_?????_?G@???A???????C_?_@???G?_A?_??_O??????KC????G?@??A?OA???A?P_?O??GO??@?????_?G@?????O??OG????_???A_?C????@??GKG??S??C??@?AA?????????C??OO@???P_???O???c?A???O???@?_@??P???????G??C?AO?????????????C@?????G?C???C?_C??C??@???A?CG????EI???O???G???O?@G?_O????@???GOG?G?C?????@_??C??G?GG?C????Q??G??A????_A?@?GO?????C???G?B??O?C???Gg???A??A????OG????OG??O?A??A_A???C?O??CG?????A?,[(70-77)-(66-69)-(61-63)-(58-73)-(48-74)-(46-62)-(44-72)-(43-60)-(42-45)-(41-47)-(39-57)-(36-59)-(35-75)-(32-49)-(31-56)-(30-79)-(29-68)-(28-38)-(27-40)-(26-76)-(25-78)-(23-65)-(22-53)-(21-51)-(19-20)-(15-50)-(14-37)-(13-71)-(12-34)-(11-24)-(10-54)-(9-55)-(8-33)-(7-18)-(6-67)-(4-5)-(3-16)-(2-52)-(1-64)-(0-17)],0.0004684925079345703,0.03192257881164551,1,True,0
~?@O?_g?@???CG?_????O??@COA???I_???G??@????_?G?????@??GDG?@???O_??c@????????G@????CG???????C?G_?_??C?????B??????@???OG@??????@C??????@???LC_??@I????@?????_?????_?G@???A???????C_?_@???G?_A?_??_O??????KC????G?@??A?OA???A?P_?O??GO??@?????_?G@?????O??OG????_???A_?C????@??GKG??S??C??@?AA?????????C??OO@???P_???O???c?A???O???@?_@??P???????G??C?AO?????????????C@?????G?C???C?_C??C??@???A?CG????EI???O???G???O?@G?_O????@???GOG?G?C?????@_??C??G?GG?C????Q??G??A????_A?@?GO?????C???G?B??O?C???Gg???A??A????OG????OG??O?A??A_A???C?O??CG?????A?,[(70-77)-(66-69)-(61-63)-(58-73)-(49-75)-(48-74)-(46-62)-(44-72)-(43-60)-(42-45)-(41-47)-(39-57)-(36-59)-(35-79)-(32-38)-(31-56)-(30-68)-(28-29)-(27-40)-(26-76)-(25-78)-(23-65)-(22-53)-(21-51)-(19-20)-(15-50)-(14-37)-(13-71)-(12-34)-(11-24)-(10-54)-(9-55)-(8-33)-(7-18)-(6-67)-(4-5)-(3-16)-(2-52)-(1-64)-(0-17)],0.0004444122314453125,0.04849982261657715,2,True,0
~?@O?_g?@???CG?_????O??@COA???I_???G??@????_?G?????@??GDG?@???O_??c@????????G@????CG???????C?G_?_??C?????B??????@???OG@??????@C??????@???LC_??@I????@?????_?????_?G@???A???????C_?_@???G?_A?_??_O??????KC????G?@??A?OA???A?P_?O??GO??@?????_?G@?????O??OG????_???A_?C????@??GKG??S??C??@?AA?????????C??OO@???P_???O???c?A???O???@?_@??P???????G??C?AO?????????????C@?????G?C???C?_C??C??@???A?CG????EI???O???G???O?@G?_O????@???GOG?G?C?????@_??C??G?GG?C????Q??G??A????_A?@?GO?????C???G?B??O?C???Gg???A??A????OG????OG??O?A??A_A???C?O??CG?????A?,[(70-77)-(66-69)-(61-63)-(58-73)-(49-75)-(48-74)-(46-62)-(44-72)-(43-60)-(42-45)-(41-47)-(39-57)-(36-59)-(35-79)-(32-38)-(31-56)-(30-68)-(28-29)-(27-40)-(26-76)-(25-78)-(23-65)-(22-53)-(21-51)-(19-20)-(15-50)-(14-37)-(13-71)-(12-34)-(11-24)-(10-54)-(9-55)-(8-33)-(7-18)-(6-67)-(4-5)-(3-16)-(2-52)-(1-64)-(0-17)],0.0004334449768066406,0.03097820281982422,1,True,0
~?@O?_g?@???CG?_????O??@COA???I_???G??@????_?G?????@??GDG?@???O_??c@????????G@????CG???????C?G_?_??C?????B??????@???OG@??????@C??????@???LC_??@I????@?????_?????_?G@???A???????C_?_@???G?_A?_??_O??????KC????G?@??A?OA???A?P_?O??GO??@?????_?G@?????O??OG????_???A_?C????@??GKG??S??C??@?AA?????????C??OO@???P_???O???c?A???O???@?_@??P???????G??C?AO?????????????C@?????G?C???C?_C??C??@???A?CG????EI???O???G???O?@G?_O????@???GOG?G?C?????@_??C??G?GG?C????Q??G??A????_A?@?GO?????C???G?B??O?C???Gg???A??A????OG????OG??O?A??A_A???C?O??CG?????A?,[(70-77)-(66-69)-(61-63)-(58-73)-(57-68)-(48-74)-(46-62)-(44-72)-(43-60)-(42-45)-(41-47)-(38-39)-(36-59)-(35-75)-(32-49)-(31-56)-(30-79)-(28-29)-(27-40)-(26-76)-(25-78)-(23-65)-(22-53)-(21-51)-(19-20)-(15-50)-(14-37)-(13-71)-(12-34)-(11-24)-(10-54)-(9-55)-(8-33)-(7-18)-(6-67)-(4-5)-(3-16)-(2-52)-(1-64)-(0-17)],0.00045490264892578125,0.06936192512512207,3,True,0
~?@O?_g?@???CG?_????O??@COA???I_???G??@????_?G?????@??GDG?@???O_??c@????????G@????CG???????C?G_?_??C?????B??????@???OG@??????@C??????@???LC_??@I????@?????_?????_?G@???A???????C_?_@???G?_A?_??_O??????KC????G?@??A?OA???A?P_?O??GO??@?????_?G@?????O??OG????_???A_?C????@??GKG??S??C??@?AA?????????C??OO@???P_???O???c?A???O???@?_@??P???????G??C?AO?????????????C@?????G?C???C?_C??C??@???A?CG????EI???O???G???O?@G?_O????@???GOG?G?C?????@_??C??G?GG?C????Q??G??A????_A?@?GO?????C???G?B??O?C???Gg???A??A????OG????OG??O?A??A_A???C?O??CG?????A?,[(70-77)-(66-69)-(61-63)-(58-73)-(57-68)-(48-74)-(46-62)-(44-72)-(43-60)-(42-45)-(41-47)-(38-39)-(36-59)-(35-75)-(32-49)-(31-56)-(30-79)-(28-29)-(27-40)-(26-76)-(25-78)-(23-65)-(22-53)-(21-51)-(19-20)-(15-50)-(14-37)-(13-71)-(12-34)-(11-24)-(10-54)-(9-55)-(8-33)-(7-18)-(6-67)-(4-5)-(3-16)-(2-52)-(1-64)-(0-17)],0.0004763603210449219,0.03072953224182129,1,True,0
~?@O?_g?@???CG?_????O??@COA???I_???G??@????_?G?????@??GDG?@???O_??c@????????G@????CG???????C?G_?_??C?????B??????@???OG@??????@C??????@???LC_??@I????@?????_?????_?G@???A???????C_?_@???G?_A?_??_O??????KC????G?@??A?OA???A?P_?O??GO??@?????_?G@?????O??OG????_???A_?C????@??GKG??S??C??@?AA?????????C??OO@???P_???O???c?A???O???@?_@??P???????G??C?AO?????????????C@?????G?C???C?_C??C??@???A?CG????EI???O???G???O?@G?_O????@???GOG?G?C?????@_??C??G?GG?C????Q??G??A????_A?@?GO?????C???G?B??O?C???Gg???A??A????OG????OG??O?A??A_A???C?O??CG?????A?,[(70-77)-(66-69)-(61-63)-(58-73)-(57-68)-(48-74)-(47-49)-(44-72)-(43-60)-(42-62)-(41-46)-(39-45)-(36-59)-(35-75)-(32-38)-(31-56)-(30-79)-(28-29)-(27-40)-(26-76)-(25-78)-(23-65)-(22-53)-(21-51)-(19-20)-(15-50)-(14-37)-(13-71)-(12-34)-(11-24)-(10-54)-(9-55)-(8-33)-(7-18)-(6-67)-(4-5)-(3-16)-(2-52)-(1-64)-(0-17)],0.0004868507385253906,0.019760608673095703,1,True,0
~?@O?_g?@???CG?_????O??@COA???I_???G??@????_?G?????@??GDG?@???O_??c@????????G@????CG???????C?G_?_??C?????B??????@???OG@??????@C??????@???LC_??@I????@?????_?????_?G@???A???????C_?_@???G?_A?_??_O??????KC????G?@??A?OA???A?P_?O??GO??@?????_?G@?????O??OG????_???A_?C????@??GKG??S??C??@?AA?????????C??OO@???P_???O???c?A???O???@?_@??P???????G??C?AO?????????????C@?????G?C???C?_C??C??@???A?CG????EI???O???G???O?@G?_O????@???GOG?G?C?????@_??C??G?GG?C????Q??G??A????_A?@?GO?????C???G?B??O?C???Gg???A??A????OG????OG??O?A??A_A???C?O??CG?????A?,[(70-77)-(66-69)-(61-63)-(58-73)-(57-68)-(48-74)-(47-49)-(44-72)-(43-60)-(42-62)-(41-46)-(39-45)-(36-59)-(35-75)-(32-38)-(31-56)-(30-79)-(28-29)-(27-40)-(26-76)-(25-78)-(23-65)-(22-53)-(21-51)-(19-20)-(15-50)-(14-37)-(13-71)-(12-34)-(11-24)-(10-54)-(9-55)-(8-33)-(7-18)-(6-67)-(4-5)-(3-16)-(2-52)-(1-64)-(0-17)],0.0006554126739501953,0.06987929344177246,3,True,0
~?@O?_g?@???CG?_????O??@COA???I_???G??@????_?G?????@??GDG?@???O_??c@????????G@????CG???????C?G_?_??C?????B??????@???OG@??????@C??????@???LC_??@I????@?????_?????_?G@???A???????C_?_@???G?_A?_??_O??????KC????G?@??A?OA???A?P_?O??GO??@?????_?G@?????O??OG????_???A_?C????@??GKG??S??C??@?AA?????????C??OO@???P_???O???c?A???O???@?_@??P???????G??C?AO?????????????C@?????G?C???C?_C??C??@???A?CG????EI???O???G???O?@G?_O????@???GOG?G?C?????@_??C??G?GG?C????Q??G??A????_A?@?GO?????C???G?B??O?C???Gg???A??A????OG????OG??O?A??A_A???C?O??CG?????A?,[(70-77)-(66-69)-(61-63)-(58-73)-(57-68)-(48-74)-(47-49)-(44-72)-(43-60)-(42-45)-(41-46)-(38-39)-(36-59)-(35-75)-(31-56)-(30-79)-(29-32)-(28-62)-(27-40)-(26-76)-(25-78)-(23-65)-(22-53)-(21-51)-(19-20)-(15-50)-(14-37)-(13-71)-(12-34)-(11-24)-(10-54)-(9-55)-(8-33)-(7-18)-(6-67)-(4-5)-(3-16)-(2-52)-(1-64)-(0-17)],0.00047326087951660156,0.020023107528686523,1,True,0
~?@O?_g?@???CG?_????O??@COA???I_???G??@????_?G?????@??GDG?@???O_??c@????????G@????CG???????C?G_?_??C?????B??????@???OG@??????@C??????@???LC_??@I????@?????_?????_?G@???A???????C_?_@???G?_A?_??_O??????KC????G?@??A?OA???A?P_?O??GO??@?????_?G@?????O??OG????_???A_?C????@??GKG??S??C??@?AA?????????C??OO@???P_???O???c?A???O???@?_@??P???????G??C?AO?????????????C@?????G?C???C?_C??C??@???A?CG????EI???O???G???O?@G?_O????@???GOG?G?C?????@_??C??G?GG?C????Q??G??A????_A?@?GO?????C???G?B??O?C???Gg???A??A????OG????OG??O?A??A_A???C?O??CG?????A?,[(70-77)-(66-69)-(61-63)-(58-73)-(57-68)-(48-74)-(47-49)-(44-72)-(43-60)-(42-45)-(41-46)-(38-39)-(36-59)-(35-75)-(31-56)-(30-79)-(29-32)-(28-62)-(27-40)-(26-76)-(25-78)-(23-65)-(22-53)-(21-51)-(19-20)-(15-50)-(14-37)-(13-71)-(12-34)-(11-24)-(10-54)-(9-55)-(8-33)-(7-18)-(6-67)-(4-5)-(3-16)-(2-52)-(1-64)-(0-17)],0.0004336833953857422,0.04865598678588867,2,True,0
~?@O?_g?@???CG?_????O??@COA???I_???G??@????_?G?????@??GDG?@???O_??c@????????G@????CG???????C?G_?_??C?????B??????@???OG@??????@C??????@???LC_??@I????@?????_?????_?G@???A???????C_?_@???G?_A?_??_O??????KC????G?@??A?OA???A?P_?O??GO??@?????_?G@?????O??OG????_???A_?C????@??GKG??S??C??@?AA?????????C??OO@???P_???O???c?A???O???@?_@??P???????G??C?AO?????????????C@?????G?C???C?_C??C??@???A?CG????EI???O???G???O?@G?_O????@???GOG?G?C?????@_??C??G?GG?C????Q??G??A????_A?@?GO?????C???G?B??O?C???Gg???A??A????OG????OG??O?A??A_A???C?O??CG?????A?,[(70-77)-(66-69)-(61-63)-(58-73)-(48-74)-(47-49)-(44-72)-(43-60)-(42-45)-(41-46)-(39-57)-(36-59)-(35-75)-(32-38)-(31-56)-(30-79)-(29-68)-(28-62)-(27-40)-(26-76)-(25-78)-(23-65)-(22-53)-(21-51)-(19-20)-(15-50)-(14-37)-(13-71)-(12-34)-(11-24)-(10-54)-(9-55)-(8-33)-(7-18)-(6-67)-(4-5)-(3-16)-(2-52)-(1-64)-(0-17)],0.00044465065002441406,0.03076958656311035,1,True,0
~?@O?_g?@???CG?_????O??@COA???I_???G??@????_?G?????@??GDG?@???O_??c@????????G@????CG???????C?G_?_??C?????B??????@???OG@??????@C??????@???LC_??@I????@?????_?????_?G@???A???????C_?_@???G?_A?_??_O??????KC????G?@??A?OA???A?P_?O??GO??@?????_?G@?????O??OG????_???A_?C????@??GKG??S??C??@?AA?????????C??OO@???P_???O???c?A???O???@?_@??P???????G??C?AO?????????????C@?????G?C???C?_C??C??@???A?CG????EI???O???G???O?@G?_O????@???GOG?G?C?????@_??C??G?GG?C????Q??G??A????_A?@?GO?????C???G?B??O?C???Gg???A??A????OG????OG??O?A??A_A???C?O??CG?????A?,[(70-77)-(66-69)-(61-63)-(58-73)-(48-74)-(47-49)-(44-72)-(43-60)-(42-45)-(41-46)-(39-57)-(36-59)-(35-75)-(32-38)-(31-56)-(30-79)-(29-68)-(28-62)-(27-40)-(26-76)-(25-78)-(23-65)-(22-53)-(21-51)-(19-20)-(15-50)-(14-37)-(13-71)-(12-34)-(11-24)-(10-54)-(9-55)-(8-33)-(7-18)-(6-67)-(4-5)-(3-16)-(2-52)-(1-64)-(0-17)],0.00044083595275878906,0.049221038818359375,2,True,0
~?@O?_g?@???CG?_????O??@COA???I_???G??@????_?G?????@??GDG?@???O_??c@????????G@????CG???????C?G_?_??C?????B??????@???OG@??????@C??????@???LC_??@I????@?????_?????_?G@???A???????C_?_@???G?_A?_??_O??????KC????G?@??A?OA???A?P_?O??GO??@?????_?G@?????O??OG????_???A_?C????@??GKG??S??C??@?AA?????????C??OO@???P_???O???c?A???O???@?_@??P???????G??C?AO?????????????C@?????G?C???C?_C??C??@???A?CG????EI???O???G???O?@G?_O????@???GOG?G?C?????@_??C??G?GG?C????Q??G??A????_A?@?GO?????C???G?B??O?C???Gg???A??A????OG????OG??O?A??A_A???C?O??CG?????A?,[(66-69)-(61-63)-(59-70)-(58-73)-(49-75)-(48-74)-(46-62)-(44-72)-(43-60)-(42-45)-(41-47)-(39-57)-(36-68)-(35-79)-(31-56)-(30-40)-(29-32)-(28-38)-(27-77)-(26-76)-(25-78)-(23-65)-(22-53)-(21-51)-(19-20)-(15-50)-(14-37)-(13-71)-(12-34)-(11-24)-(10-54)-(9-55)-(8-33)-(7-18)-(6-67)-(4-5)-(3-16)-(2-52)-(1-64)-(0-17)],0.00043320655822753906,0.029896020889282227,1,True,0
~?@O?_g?@???CG?_????O??@COA???I_???G??@????_?G?????@??GDG?@???O_??c@????????G@????CG???????C?G_?_??C?????B??????@???OG@??????@C??????@???LC_??@I????@?????_?????_?G@???A???????C_?_@???G?_A?_??_O??????KC????G?@??A?OA???A?P_?O??GO??@?????_?G@?????O??OG????_???A_?C????@??GKG??S??C??@?AA?????????C??OO@???P_???O???c?A???O???@?_@??P???????G??C?AO?????????????C@?????G?C???C?_C??C??@???A?CG????EI???O???G???O?@G?_O????@???GOG?G?C?????@_??C??G?GG?C????Q??G??A????_A?@?GO?????C???G?B??O?C???Gg???A??A????OG????OG??O?A??A_A???C?O??CG?????A?,[(66-69)-(61-63)-(59-70)-(58-73)-(49-75)-(48-74)-(46-62)-(44-72)-(43-60)-(42-45)-(41-47)-(39-57)-(36-68)-(35-79)-(31-56)-(30-40)-(29-32)-(28-38)-(27-77)-(26-76)-(25-78)-(23-65)-(22-53)-(21-51)-(19-20)-(15-50)-(14-37)-(13-71)-(12-34)-(11-24)-(10-54)-(9-55)-(8-33)-(7-18)-(6-67)-(4-5)-(3-16)-(2-52)-(1-64)-(0-17)],0.0005381107330322266,0.04952549934387207,2,True,0
~?@O?_g?@???CG?_????O??@COA???I_???G??@????_?G?????@??GDG?@???O_??c@????????G@????CG???????C?G_?_??C?????B??????@???OG@??????@C??????@???LC_??@I????@?????_?????_?G@???A???????C_?_@???G?_A?_??_O??????KC????G?@??A?OA???A?P_?O??GO??@?????_?G@?????O??OG????_???A_?C????@??GKG??S??C??@?AA?????????C??OO@???P_???O???c?A???O???@?_@??P???????G??C?AO?????????????C@?????G?C???C?_C??C??@???A?CG????EI???O???G???O?@G?_O????@???GOG?G?C?????@_??C??G?GG?C????Q??G??A????_A?@?GO?????C???G?B??O?C???Gg???A??A????OG????OG??O?A??A_A???C?O??CG?????A?,[(66-69)-(61-63)-(59-70)-(58-73)-(49-75)-(48-74)-(46-62)-(43-60)-(42-45)-(41-47)-(39-57)-(36-44)-(35-79)-(32-72)-(31-56)-(30-40)-(29-68)-(28-38)-(27-77)-(26-76)-(25-78)-(23-65)-(22-53)-(21-51)-(19-20)-(15-50)-(14-37)-(13-71)-(12-34)-(11-24)-(10-54)-(9-55)-(8-33)-(7-18)-(6-67)-(4-5)-(3-16)-(2-52)-(1-64)-(0-17)],0.0004837512969970703,0.051453590393066406,2,True,0
~?@O?_g?@???CG?_????O??@COA???I_???G??@????_?G?????@??GDG?@???O_??c@????????G@????CG???????C?G_?_??C?????B??????@???OG@??????@C??????@???LC_??@I????@?????_?????_?G@???A???????C_?_@???G?_A?_??_O??????KC????G?@??A?OA???A?P_?O??GO??@?????_?G@?????O??OG????_???A_?C????@??GKG??S??C??@?AA?????????C??OO@???P_???O???c?A???O???@?_@??P???????G??C?AO?????????????C@?????G?C???C?_C??C??@???A?CG????EI???O???G???O?@G?_O????@???GOG?G?C?????@_??C??G?GG?C????Q??G??A????_A?@?GO?????C???G?B??O?C???Gg???A??A????OG????OG??O?A??A_A???C?O??CG?????A?,[(66-69)-(61-63)-(59-70)-(58-73)-(49-75)-(48-74)-(46-62)-(43-60)-(42-45)-(41-47)-(39-57)-(36-44)-(35-79)-(32-72)-(31-56)-(30-40)-(29-68)-(28-38)-(27-77)-(26-76)-(25-78)-(23-65)-(22-53)-(21-51)-(19-20)-(15-50)-(14-37)-(13-71)-(12-34)-(11-24)-(10-54)-(9-55)-(8-33)-(7-18)-(6-67)-(4-5)-(3-16)-(2-52)-(1-64)-(0-17)],0.0004398822784423828,0.031232595443725586,1,True,0
~?@O?G??A????_???????????G?????A??C????Oo??????A??C??OB??A?C???GAO?_???@?C??@??_???@???C?_?G?????@??GW???_C???C?G_?G?C@?C??S??????AO??A??G????G??@??????C_?_???C???GO??C?A???A?????c???_?A@O??O?C???_@???G?@C?W???????AG???D@??AC?O@?O?A??A?K???????O??A_??AG?CG???C??A??_?Q??O?_??_??G???AP???G?A?G????_??GOD?????????G?@?@c??@O`??A???????????W@O?C??C@?A????????H??_???CC?A????G?CG????????_G@@??C???A_?????C?g???????@?OG?O?O??G_@???A???G?C???G?o??@??A?C?K????C??O???@???_@O???GDA???????_@?O???C???C??`????_?AC??C?@?????P?C??A??????@??G?__,[(75-79)-(69-76)-(63-73)-(60-78)-(59-77)-(53-74)-(47-58)-(45-71)-(44-65)-(43-50)-(42-72)-(39-46)-(33-62)-(31-41)-(30-57)-(29-61)-(28-70)-(27-49)-(26-56)-(24-48)-(23-55)-(22-25)-(20-51)-(17-52)-(15-37)-(14-38)-(13-18)-(12-19)-(11-35)-(10-54)-(9-36)-(8-16)-(7-68)-(6-66)-(5-32)-(4-40)-(3-64)-(2-34)-(1-21)-(0-67)],0.0004875659942626953,0.11506080627441406,5,True,0
~?@O?G??A????_???????????G?????A??C????Oo??????A??C??OB??A?C???GAO?_???@?C??@??_???@???C?_?G?????@??GW???_C???C?G_?G?C@?C??S??????AO??A??G????G??@??????C_?_???C???GO??C?A???A?????c???_?A@O??O?C???_@???G?@C?W???????AG???D@??AC?O@?O?A??A?K???????O??A_??AG?CG???C??A??_?Q??O?_??_??G???AP???G?A?G????_??GOD?????????G?@?@c??@O`??A???????????W@O?C??C@?A????????H??_???CC?A????G?CG????????_G@@??C???A_?????C?g???????@?OG?O?O??G_@???A???G?C???G?o??@??A?C?K????C??O???@???_@O???GDA???????_@?O???C???C??`????_?AC??C?@?????P?C??A??????@??G?__,[(75-79)-(69-76)-(63-73)-(60-78)-(59-77)-(53-74)-(47-58)-(45-71)-(44-65)-(43-50)-(42-72)-(39-46)-(33-62)-(31-41)-(30-57)-(29-61)-(28-70)-(27-49)-(26-56)-(24-48)-(23-55)-(22-25)-(20-51)-(17-52)-(15-37)-(14-38)-(13-18)-(12-19)-(11-35)-(10-54)-(9-36)-(8-16)-(7-68)-(6-66)-(5-32)-(4-40)-(3-64)-(2-34)-(1-21)-(0-67)],0.0004394054412841797,0.030614852905273438,1,True,0
~?@O?G??A????_???????????G?????A??C????Oo??????A??C??OB??A?C???GAO?_???@?C??@??_???@???C?_?G?????@??GW???_C???C?G_?G?C@?C??S??????AO??A??G????G??@??????C_?_???C???GO??C?A???A?????c???_?A@O??O?C???_@???G?@C?W???????AG???D@??AC?O@?O?A??A?K???????O??A_??AG?CG???C??A??_?Q??O?_??_??G???AP???G?A?G????_??GOD?????????G?@?@c??@O`??A???????????W@O?C??C@?A????????H??_???CC?A????G?CG????????_G@@??C???A_?????C?g???????@?OG?O?O??G_@???A???G?C???G?o??@??A?C?K????C??O???@???_@O???GDA???????_@?O???C???C??`????_?AC??C?@?????P?C??A??????@??G?__,[(75-79)-(69-76)-(63-73)-(60-78)-(59-77)-(53-74)-(50-57)-(47-58)-(45-71)-(44-65)-(43-72)-(39-46)-(33-62)-(31-41)-(30-42)-(29-61)-(28-70)-(27-49)-(26-56)-(24-48)-(23-55)-(22-25)-(20-51)-(17-52)-(15-37)-(14-38)-(13-18)-(12-19)-(11-35)-(10-54)-(9-36)-(8-16)-(7-68)-(6-66)-(5-32)-(4-40)-(3-64)-(2-34)-(1-21)-(0-67)],0.0004239082336425781,0.030838727951049805,1,True,0
~?@O?G??A????_???????????G?????A??C????Oo??????A??C??OB??A?C???GAO?_???@?C??@??_???@???C?_?G?????@??GW???_C???C?G_?G?C@?C??S??????AO??A??G????G??@??????C_?_???C???GO??C?A???A?????c???_?A@O??O?C???_@???G?@C?W???????AG???D@??AC?O@?O?A??A?K???????O??A_??AG?CG???C??A??_?Q??O?_??_??G???AP???G?A?G????_??GOD?????????G?@?@c??@O`??A???????????W@O?C??C@?A????????H??_???CC?A????G?CG????????_G@@??C???A_?????C?g???????@?OG?O?O??G_@???A???G?C???G?o??@??A?C?K????C??O???@???_@O???GDA???????_@?O???C???C??`????_?AC??C?@?????P?C??A??????@??G?__,[(75-79)-(69-76)-(63-73)-(60-78)-(59-77)-(53-74)-(50-57)-(47-58)-(45-71)-(44-65)-(43-72)-(39-46)-(33-62)-(31-41)-(30-42)-(29-61)-(28-70)-(27-49)-(26-56)-(24-48)-(23-55)-(22-25)-(20-51)-(17-52)-(15-37)-(14-38)-(13-18)-(12-19)-(11-35)-(10-54)-(9-36)-(8-16)-(7-68)-(6-66)-(5-32)-(4-40)-(3-64)-(2-34)-(1-21)-(0-67)],0.0004413127899169922,0.04960894584655762,2,True,0
~?@O?G??A????_???????????G?????A??C????Oo??????A??C??OB??A?C???GAO?_???@?C??@??_???@???C?_?G?????@??GW???_C???C?G_?G?C@?C??S??????AO??A??G????G??@??????C_?_???C???GO??C?A???A?????c???_?A@O??O?C???_@???G?@C?W???????AG???D@??AC?O@?O?A??A?K???????O??A_??AG?CG???C??A??_?Q??O?_??_??G???AP???G?A?G????_??GOD?????????G?@?@c??@O`??A???????????W@O?C??C@?A????????H??_???CC?A????G?CG????????_G@@??C???A_?????C?g???????@?OG?O?O??G_@???A???G?C???G?o??@??A?C?K????C??O???@???_@O???GDA???????_@?O???C???C??`????_?AC??C?@?????P?C??A??????@??G?__,[(75-79)-(69-76)-(63-73)-(60-78)-(59-77)-(53-74)-(50-57)-(47-58)-(45-71)-(44-65)-(42-72)-(39-46)-(33-62)-(31-41)-(30-43)-(29-61)-(28-70)-(27-49)-(26-56)-(24-48)-(23-55)-(22-25)-(20-51)-(17-52)-(15-37)-(14-38)-(13-18)-(12-19)-(11-35)-(10-54)-(9-36)-(8-16)-(7-68)-(6-66)-(5-32)-(4-40)-(3-64)-(2-34)-(1-21)-(0-67)],0.0006244182586669922,0.030849695205688477,1,True,0
~?@O?G??A????_???????????G?????A??C????Oo??????A??C??OB??A?C???GAO?_???@?C??@??_???@???C?_?G?????@??GW???_C???C?G_?G?C@?C??S??????AO??A??G????G??@??????C_?_???C???GO??C?A???A?????c???_?A@O??O?C???_@???G?@C?W???????AG???D@??AC?O@?O?A??A?K???????O??A_??AG?CG???C??A??_?Q??O?_??_??G???AP???G?A?G????_??GOD?????????G?@?@c??@O`??A???????????W@O?C??C@?A????????H??_???CC?A????G?CG????????_G@@??C???A_?????C?g???????@?OG?O?O??G_@???A???G?C???G?o??@??A?C?K????C??O???@???_@O???GDA???????_@?O???C???C??`????_?AC??C?@?????P?C??A??????@??G?__,[(75-79)-(69-76)-(63-73)-(60-78)-(59-77)-(53-74)-(50-57)-(47-58)-(45-71)-(44-65)-(42-72)-(39-46)-(33-62)-(31-41)-(30-43)-(29-61)-(28-70)-(27-49)-(26-56)-(24-48)-(23-55)-(22-25)-(20-51)-(17-52)-(15-37)-(14-38)-(13-18)-(12-19)-(11-35)-(10-54)-(9-36)-(8-16)-(7-68)-(6-66)-(5-32)-(4-40)-(3-64)-(2-34)-(1-21)-(0-67)],0.00043654441833496094,0.030714750289916992,1,True,0
~?@O?G??A????_???????????G?????A??C????Oo??????A??C??OB??A?C???GAO?_???@?C??@??_???@???C?_?G?????@??GW???_C???C?G_?G?C@?C??S??????AO??A??G????G??@??????C_?_???C???GO??C?A???A?????c???_?A@O??O?C???_@???G?@C?W???????AG???D@??AC?O@?O?A??A?K???????O??A_??AG?CG???C??A??_?Q??O?_??_??G???AP???G?A?G????_??GOD?????????G?@?@c??@O`??A???????????W@O?C??C@?A????????H??_???CC?A????G?CG????????_G@@??C???A_?????C?g???????@?OG?O?O??G_@???A???G?C???G?o??@??A?C?K????C??O???@???_@O???GDA???????_@?O???C???C??`????_?AC??C?@?????P?C??A??????@??G?__,[(69-76)-(63-73)-(60-78)-(59-77)-(53-74)-(47-58)-(46-70)-(45-71)-(44-79)-(43-72)-(42-56)-(39-50)-(33-62)-(31-41)-(30-57)-(29-61)-(28-65)-(27-49)-(26-75)-(24-48)-(23-55)-(22-25)-(20-51)-(17-52)-(15-37)-(14-38)-(13-18)-(12-19)-(11-35)-(10-54)-(9-36)-(8-16)-(7-68)-(6-66)-(5-32)-(4-40)-(3-64)-(2-34)-(1-21)-(0-67)],0.0004737377166748047,0.04827761650085449,2,True,0
~?@O?G??A????_???????????G?????A??C????Oo??????A??C??OB??A?C???GAO?_???@?C??@??_???@???C?_?G?????@??GW???_C???C?G_?G?C@?C??S??????AO??A??G????G??@??????C_?_???C???GO??C?A???A?????c???_?A@O??O?C???_@???G?@C?W???????AG???D@??AC?O@?O?A??A?K???????O??A_??AG?CG???C??A??_?Q??O?_??_??G???AP???G?A?G????_??GOD?????????G?@?@c??@O`??A???????????W@O?C??C@?A????????H??_???CC?A????G?CG????????_G@@??C???A_?????C?g???????@?OG?O?O??G_@???A???G?C???G?o??@??A?C?K????C??O???@???_@O???GDA???????_@?O???C???C??`????_?AC??C?@?????P?C??A??????@??G?__,[(69-76)-(63-73)-(60-78)-(59-77)-(53-74)-(47-58)-(46-70)-(45-71)-(44-79)-(43-72)-(42-56)-(39-50)-(33-62)-(31-41)-(30-57)-(29-61)-(28-65)-(27-49)-(26-75)-(24-48)-(23-55)-(22-25)-(20-51)-(17-52)-(15-37)-(14-38)-(13-18)-(12-19)-(11-35)-(10-54)-(9-36)-(8-16)-(7-68)-(6-66)-(5-32)-(4-40)-(3-64)-(2-34)-(1-21)-(0-67)],0.0004444122314453125,0.03086113929748535,1,True,0
~?@O?G??A????_???????????G?????A??C????Oo??????A??C??OB??A?C???GAO?_???@?C??@??_???@???C?_?G?????@??GW???_C???C?G_?G?C@?C??S??????AO??A??G????G??@??????C_?_???C???GO??C?A???A?????c???_?A@O??O?C???_@???G?@C?W???????AG???D@??AC?O@?O?A??A?K???????O??A_??AG?CG???C??A??_?Q??O?_??_??G???AP???G?A?G????_??GOD?????????G?@?@c??@O`??A???????????W@O?C??C@?A????????H??_???CC?A????G?CG????????_G@@??C???A_?????C?g???????@?OG?O?O??G_@???A???G?C???G?o??@??A?C?K????C??O???@???_@O???GDA???????_@?O???C???C??`????_?AC??C?@?????P?C??A??????@??G?__,[(69-76)-(63-73)-(60-78)-(59-77)-(53-74)-(47-58)-(46-70)-(45-71)-(44-79)-(43-50)-(42-72)-(39-56)-(33-62)-(31-41)-(30-57)-(29-61)-(28-65)-(27-49)-(26-75)-(24-48)-(23-55)-(22-25)-(20-51)-(17-52)-(15-37)-(14-38)-(13-18)-(12-19)-(11-35)-(10-54)-(9-36)-(8-16)-(7-68)-(6-66)-(5-32)-(4-40)-(3-64)-(2-34)-(1-21)-(0-67)],0.00046133995056152344,0.09172320365905762,4,True,0
~?@O?G??A????_???????????G?????A??C????Oo??????A??C??OB??A?C???GAO?_???@?C??@??_???@???C?_?G?????@??GW???_C???C?G_?G?C@?C??S??????AO??A??G????G??@??????C_?_???C???GO??C?A???A?????c???_?A@O??O?C???_@???G?@C?W???????AG???D@??AC?O@?O?A??A?K???????O??A_??AG?CG???C??A??_?Q??O?_??_??G???AP???G?A?G????_??GOD?????????G?@?@c??@O`??A???????????W@O?C??C@?A????????H??_???CC?A????G?CG????????_G@@??C???A_?????C?g???????@?OG?O?O??G_@???A???G?C???G?o??@??A?C?K????C??O???@???_@O???GDA???????_@?O???C???C??`????_?AC??C?@?????P?C??A??????@??G?__,[(69-76)-(63-73)-(60-78)-(59-77)-(53-74)-(47-58)-(46-70)-(45-71)-(44-79)-(43-50)-(42-72)-(39-56)-(33-62)-(31-41)-(30-57)-(29-61)-(28-65)-(27-49)-(26-75)-(24-48)-(23-55)-(22-25)-(20-51)-(17-52)-(15-37)-(14-38)-(13-18)-(12-19)-(11-35)-(10-54)-(9-36)-(8-16)-(7-68)-(6-66)-(5-32)-(4-40)-(3-64)-(2-34)-(1-21)-(0-67)],0.00043201446533203125,0.04921102523803711,2,True,0
~?@O?G??A????_???????????G?????A??C????Oo??????A??C??OB??A?C???GAO?_???@?C??@??_???@???C?_?G?????@??GW???_C???C?G_?G?C@?C??S??????AO??A??G????G??@??????C_?_???C???GO??C?A???A?????c???_?A@O??O?C???_@???G?@C?W???????AG???D@??AC?O@?O?A??A?K???????O??A_??AG?CG???C??A??_?Q??O?_??_??G???AP???G?A?G????_??GOD?????????G?@?@c??@O`??A???????????W@O?C??C@?A????????H??_???CC?A????G?CG????????_G@@??C???A_?????C?g???????@?OG?O?O??G_@???A???G?C???G?o??@??A?C?K????C??O???@???_@O???GDA???????_@?O???C???C??`????_?AC??C?@?????P?C??A??????@??G?__,[(69-76)-(63-73)-(60-78)-(59-77)-(53-74)-(50-57)-(47-58)-(46-70)-(45-71)-(44-79)-(43-72)-(39-56)-(33-62)-(31-41)-(30-42)-(29-61)-(28-65)-(27-49)-(26-75)-(24-48)-(23-55)-(22-25)-(20-51)-(17-52)-(15-37)-(14-38)-(13-18)-(12-19)-(11-35)-(10-54)-(9-36)-(8-16)-(7-68)-(6-66)-(5-32)-(4-40)-(3-64)-(2-34)-(1-21)-(0-67)],0.00048232078552246094,0.020312070846557617,1,True,0
~?@O?G??A????_???????????G?????A??C????Oo??????A??C??OB??A?C???GAO?_???@?C??@??_???@???C?_?G?????@??GW???_C???C?G_?G?C@?C??S??????AO??A??G????G??@??????C_?_???C???GO??C?A???A?????c???_?A@O??O?C???_@???G?@C?W???????AG???D@??AC?O@?O?A??A?K???????O??A_??AG?CG???C??A??_?Q??O?_??_??G???AP???G?A?G????_??GOD?????????G?@?@c??@O`??A???????????W@O?C??C@?A????????H??_???CC?A????G?CG????????_G@@??C???A_?????C?g???????@?OG?O?O??G_@???A???G?C???G?o??@??A?C?K????C??O???@???_@O???GDA???????_@?O???C???C??`????_?AC??C?@?????P?C??A??????@??G?__,[(69-76)-(63-73)-(60-78)-(59-77)-(53-74)-(50-57)-(47-58)-(46-70)-(45-71)-(44-79)-(43-72)-(39-56)-(33-62)-(31-41)-(30-42)-(29-61)-(28-65)-(27-49)-(26-75)-(24-48)-(23-55)-(22-25)-(20-51)-(17-52)-(15-37)-(14-38)-(13-18)-(12-19)-(11-35)-(10-54)-(9-36)-(8-16)-(7-68)-(6-66)-(5-32)-(4-40)-(3-64)-(2-34)-(1-21)-(0-67)],0.00047516822814941406,0.0196230411529541,1,True,0
~?@O?G??A????_???????????G?????A??C????Oo??????A??C??OB??A?C???GAO?_???@?C??@??_???@???C?_?G?????@??GW???_C???C?G_?G?C@?C??S??????AO??A??G????G??@??????C_?_???C???GO??C?A???A?????c???_?A@O??O?C???_@???G?@C?W???????AG???D@??AC?O@?O?A??A?K???????O??A_??AG?CG???C??A??_?Q??O?_??_??G???AP???G?A?G????_??GOD?????????G?@?@c??@O`??A???????????W@O?C??C@?A????????H??_???CC?A????G?CG????????_G@@??C???A_?????C?g???????@?OG?O?O??G_@???A???G?C???G?o??@??A?C?K????C??O???@???_@O???GDA???????_@?O???C???C??`????_?AC??C?@?????P?C??A??????@??G?__,[(69-76)-(63-73)-(60-78)-(59-77)-(53-74)-(50-57)-(47-58)-(46-70)-(45-71)-(44-79)-(42-72)-(39-56)-(33-62)-(31-41)-(30-43)-(29-61)-(28-65)-(27-49)-(26-75)-(24-48)-(23-55)-(22-25)-(20-51)-(17-52)-(15-37)-(14-38)-(13-18)-(12-19)-(11-35)-(10-54)-(9-36)-(8-16)-(7-68)-(6-66)-(5-32)-(4-40)-(3-64)-(2-34)-(1-21)-(0-67)],0.0004878044128417969,0.03130960464477539,1,True,0
~?@O?G??A????_???????????G?????A??C????Oo??????A??C??OB??A?C???GAO?_???@?C??@??_???@???C?_?G?????@??GW???_C???C?G_?G?C@?C??S??????AO??A??G????G??@??????C_?_???C???GO??C?A???A?????c???_?A@O??O?C???_@???G?@C?W???????AG???D@??AC?O@?O?A??A?K???????O??A_??AG?CG???C??A??_?Q??O?_??_??G???AP???G?A?G????_??GOD?????????G?@?@c??@O`??A???????????W@O?C??C@?A????????H??_???CC?A????G?CG????????_G@@??C???A_?????C?g???????@?OG?O?O??G_@???A???G?C???G?o??@??A?C?K????C??O???@???_@O???GDA???????_@?O???C???C??`????_?AC??C?@?????P?C??A??????@??G?__,[(69-76)-(63-73)-(60-78)-(59-77)-(53-74)-(50-57)-(47-58)-(46-70)-(45-71)-(44-79)-(42-72)-(39-56)-(33-62)-(31-41)-(30-43)-(29-61)-(28-65)-(27-49)-(26-75)-(24-48)-(23-55)-(22-25)-(20-51)-(17-52)-(15-37)-(14-38)-(13-18)-(12-19)-(11-35)-(10-54)-(9-36)-(8-16)-(7-68)-(6-66)-(5-32)-(4-40)-(3-64)-(2-34)-(1-21)-(0-67)],0.00043964385986328125,0.049822330474853516,2,True,0
~?@O?G??A????_???????????G?????A??C????Oo??????A??C??OB??A?C???GAO?_???@?C??@??_???@???C?_?G?????@??GW???_C???C?G_?G?C@?C??S??????AO??A??G????G??@??????C_?_???C???GO??C?A???A?????c???_?A@O??O?C???_@???G?@C?W???????AG???D@??AC?O@?O?A??A?K???????O??A_??AG?CG???C??A??_?Q??O?_??_??G???AP???G?A?G????_??GOD?????????G?@?@c??@O`??A???????????W@O?C??C@?A????????H??_???CC?A????G?CG????????_G@@??C???A_?????C?g???????@?OG?O?O??G_@???A???G?C???G?o??@??A?C?K????C??O???@???_@O???GDA???????_@?O???C???C??`????_?AC??C?@?????P?C??A??????@??G?__,[(69-76)-(65-72)-(63-73)-(60-78)-(59-77)-(53-74)-(47-58)-(45-71)-(44-79)-(43-50)-(42-56)-(39-46)-(33-62)-(31-41)-(30-57)-(29-61)-(28-70)-(27-49)-(26-75)-(24-48)-(23-55)-(22-25)-(20-51)-(17-52)-(15-37)-(14-38)-(13-18)-(12-19)-(11-35)-(10-54)-(9-36)-(8-16)-(7-68)-(6-66)-(5-32)-(4-40)-(3-64)-(2-34)-(1-21)-(0-67)],0.0004878044128417969,0.093017578125,4,True,0
~?@O?G??A????_???????????G?????A??C????Oo??????A??C??OB??A?C???GAO?_???@?C??@??_???@???C?_?G?????@??GW???_C???C?G_?G?C@?C??S??????AO??A??G????G??@??????C_?_???C???GO??C?A???A?????c???_?A@O??O?C???_@???G?@C?W???????AG???D@??AC?O@?O?A??A?K???????O??A_??AG?CG???C??A??_?Q??O?_??_??G???AP???G?A?G????_??GOD?????????G?@?@c??@O`??A???????????W@O?C??C@?A????????H??_???CC?A????G?CG????????_G@@??C???A_?????C?g???????@?OG?O?O??G_@???A???G?C???G?o??@??A?C?K????C??O???@???_@O???GDA???????_@?O???C???C??`????_?AC??C?@?????P?C??A??????@??G?__,[(69-76)-(65-72)-(63-73)-(60-78)-(59-77)-(53-74)-(47-58)-(45-71)-(44-79)-(43-50)-(42-56)-(39-46)-(33-62)-(31-41)-(30-57)-(29-61)-(28-70)-(27-49)-(26-75)-(24-48)-(23-55)-(22-25)-(20-51)-(17-52)-(15-37)-(14-38)-(13-18)-(12-19)-(11-35)-(10-54)-(9-36)-(8-16)-(7-68)-(6-66)-(5-32)-(4-40)-(3-64)-(2-34)-(1-21)-(0-67)],0.0004642009735107422,0.019602537155151367,1,True,0
~?@O?G??A????_???????????G?????A??C????Oo??????A??C??OB??A?C???GAO?_???@?C??@??_???@???C?_?G?????@??GW???_C???C?G_?G?C@?C??S??????AO??A??G????G??@??????C_?_???C???GO??C?A???A?????c???_?A@O??O?C???_@???G?@C?W???????AG???D@??AC?O@?O?A??A?K???????O??A_??AG?CG???C??A??_?Q??O?_??_??G???AP???G?A?G????_??GOD?????????G?@?@c??@O`??A???????????W@O?C??C@?A????????H??_???CC?A????G?CG????????_G@@??C???A_?????C?g???????@?OG?O?O??G_@???A???G?C???G?o??@??A?C?K????C??O???@???_@O???GDA???????_@?O???C???C??`????_?AC??C?@?????P?C??A??????@??G?__,[(69-76)-(65-72)-(63-73)-(60-78)-(59-77)-(53-74)-(50-57)-(47-58)-(45-71)-(44-79)-(42-56)-(39-46)-(33-62)-(31-41)-(30-43)-(29-61)-(28-70)-(27-49)-(26-75)-(24-48)-(23-55)-(22-25)-(20-51)-(17-52)-(15-37)-(14-38)-(13-18)-(12-19)-(11-35)-(10-54)-(9-36)-(8-16)-(7-68)-(6-66)-(5-32)-(4-40)-(3-64)-(2-34)-(1-21)-(0-67)],0.0005006790161132812,0.05010104179382324,2,True,0
~?@O?G??A????_???????????G?????A??C????Oo??????A??C??OB??A?C???GAO?_???@?C??@??_???@???C?_?G?????@??GW???_C???C?G_?G?C@?C??S??????AO??A??G????G??@??????C_?_???C???GO??C?A???A?????c???_?A@O??O?C???_@???G?@C?W???????AG???D@??AC?O@?O?A??A?K???????O??A_??AG?CG???C??A??_?Q??O?_??_??G???AP???G?A?G????_??GOD?????????G?@?@c??@O`??A???????????W@O?C??C@?A????????H??_???CC?A????G?CG????????_G@@??C???A_?????C?g???????@?OG?O?O??G_@???A???G?C???G?o??@??A?C?K????C??O???@???_@O???GDA???????_@?O???C???C??`????_?AC??C?@?????P?C??A??????@??G?__,[(69-76)-(65-72)-(63-73)-(60-78)-(59-77)-(53-74)-(50-57)-(47-58)-(45-71)-(44-79)-(42-56)-(39-46)-(33-62)-(31-41)-(30-43)-(29-61)-(28-70)-(27-49)-(26-75)-(24-48)-(23-55)-(22-25)-(20-51)-(17-52)-(15-37)-(14-38)-(13-18)-(12-19)-(11-35)-(10-54)-(9-36)-(8-16)-(7-68)-(6-66)-(5-32)-(4-40)-(3-64)-(2-34)-(1-21)-(0-67)],0.0004494190216064453,0.07136058807373047,3,True,0
~?@O?G??A????_???????????G?????A??C????Oo??????A??C??OB??A?C???GAO?_???@?C??@??_???@???C?_?G?????@??GW???_C???C?G_?G?C@?C??S??????AO??A??G????G??@??????C_?_???C???GO??C?A???A?????c???_?A@O??O?C???_@???G?@C?W???????AG???D@??AC?O@?O?A??A?K???????O??A_??AG?CG???C??A??_?Q??O?_??_??G???AP???G?A?G????_??GOD?????????G?@?@c??@O`??A???????????W@O?C??C@?A????????H??_???CC?A????G?CG????????_G@@??C???A_?????C?g???????@?OG?O?O??G_@???A???G?C???G?o??@??A?C?K????C??O???@???_@O???GDA???????_@?O???C???C??`????_?AC??C?@?????P?C??A??????@??G?__,[(69-76)-(63-73)-(60-78)-(59-77)-(53-74)-(48-51)-(47-58)-(45-71)-(44-79)-(43-50)-(42-72)-(39-46)-(33-62)-(31-41)-(30-57)-(29-61)-(28-65)-(27-49)-(26-56)-(24-75)-(23-55)-(22-25)-(20-70)-(17-52)-(15-37)-(14-38)-(13-18)-(12-19)-(11-35)-(10-54)-(9-36)-(8-16)-(7-68)-(6-66)-(5-32)-(4-40)-(3-64)-(2-34)-(1-21)-(0-67)],0.0004336833953857422,0.03035449981689453,1,True,0
~?@O?G??A????_???????????G?????A??C????Oo??????A??C??OB??A?C???GAO?_???@?C??@??_???@???C?_?G?????@??GW???_C???C?G_?G?C@?C??S??????AO??A??G????G??@??????C_?_???C???GO??C?A???A?????c???_?A@O??O?C???_@???G?@C?W???????AG???D@??AC?O@?O?A??A?K???????O??A_??AG?CG???C??A??_?Q??O?_??_??G???AP???G?A?G????_??GOD?????????G?@?@c??@O`??A???????????W@O?C??C@?A????????H??_???CC?A????G?CG????????_G@@??C???A_?????C?g???????@?OG?O?O??G_@???A???G?C???G?o??@??A?C?K????C??O???@???_@O???GDA???????_@?O???C???C??`????_?AC??C?@?????P?C??A??????@??G?__,[(69-76)-(63-73)-(60-78)-(59-77)-(53-74)-(48-51)-(47-58)-(45-71)-(44-79)-(43-50)-(42-72)-(39-46)-(33-62)-(31-41)-(30-57)-(29-61)-(28-65)-(27-49)-(26-56)-(24-75)-(23-55)-(22-25)-(20-70)-(17-52)-(15-37)-(14-38)-(13-18)-(12-19)-(11-35)-(10-54)-(9-36)-(8-16)-(7-68)-(6-66)-(5-32)-(4-40)-(3-64)-(2-34)-(1-21)-(0-67)],0.0008087158203125,0.049616336822509766,2,True,0
~?@OQ?@???A?GO?????C??????O????????@??@?Ac@?????A??A????_????C???????G??@G?c??A??O???C_G?O??C??@???_?????_??D??O????aCO???C?OC?A??C???O?@A_???????A??`G?O??G?O????GC_??OGcG?OC???@C??C?G????GAS???O???@?Go??O????C?A?????????A???C???????C???????IGG?_??OA?GC?O@???????????O?S??@AcO????O_???C?????W????G??????_A???G?W?O?_??????@????OO?G_?CA???@???@@???_?C@??A?GW??C???A???G?_A?@????o????O?????_O@???G?`@??G?????C????G@?_?Q???_C?_?????_C_??_A_??_???O????B??K???????K?_??@?????G?@@A????????_??@??G_O?AO????C?_?@??A?O??????C?@_O?A?A_??A????,[(75-78)-(61-62)-(60-76)-(58-68)-(53-54)-(52-70)-(51-73)-(48-72)-(43-59)-(41-77)-(39-56)-(36-47)-(35-74)-(33-44)-(31-79)-(30-46)-(28-42)-(27-45)-(26-55)-(25-63)-(24-57)-(23-29)-(22-67)-(19-20)-(18-38)-(17-40)-(15-21)-(14-71)-(13-16)-(12-65)-(11-64)-(10-37)-(9-34)-(8-50)-(7-66)-(6-49)-(5-69)-(4-32)-(1-3)-(0-2)],0.0004448890686035156,0.09088873863220215,4,True,0
~?@OQ?@???A?GO?????C??????O????????@??@?Ac@?????A??A????_????C???????G??@G?c??A??O???C_G?O??C??@???_?????_??D??O????aCO???C?OC?A??C???O?@A_???????A??`G?O??G?O????GC_??OGcG?OC???@C??C?G????GAS???O???@?Go??O????C?A?????????A???C???????C???????IGG?_??OA?GC?O@???????????O?S??@AcO????O_???C?????W????G??????_A???G?W?O?_??????@????OO?G_?CA???@???@@???_?C@??A?GW??C???A???G?_A?@????o????O?????_O@???G?`@??G?????C????G@?_?Q???_C?_?????_C_??_A_??_???O????B??K???????K?_??@?????G?@@A????????_??@??G_O?AO????C?_?@??A?O??????C?@_O?A?A_??A????,[(75-78)-(61-62)-(60-76)-(58-68)-(53-54)-(52-70)-(51-73)-(48-72)-(43-59)-(41-77)-(39-56)-(36-47)-(35-74)-(33-44)-(31-79)-(30-46)-(28-42)-(27-45)-(26-55)-(25-63)-(24-57)-(23-29)-(22-67)-(19-20)-(18-38)-(17-40)-(15-21)-(14-71)-(13-16)-(12-65)-(11-64)-(10-37)-(9-34)-(8-50)-(7-66)-(6-49)-(5-69)-(4-32)-(1-3)-(0-2)],0.0004591941833496094,0.04936051368713379,2,True,0
~?@OQ?@???A?GO?????C??????O????????@??@?Ac@?????A??A????_????C???????G??@G?c??A??O???C_G?O??C??@???_?????_??D??O????aCO???C?OC?A??C???O?@A_???????A??`G?O??G?O????GC_??OGcG?OC???@C??C?G????GAS???O???@?Go??O????C?A?????????A???C???????C???????IGG?_??OA?GC?O@???????????O?S??@AcO????O_???C?????W????G??????_A???G?W?O?_??????@????OO?G_?CA???@???@@???_?C@??A?GW??C???A???G?_A?@????o????O?????_O@???G?`@??G?????C????G@?_?Q???_C?_?????_C_??_A_??_???O????B??K???????K?_??@?????G?@@A????????_??@??G_O?AO????C?_?@??A?O??????C?@_O?A?A_??A????,[(75-78)-(61-62)-(60-76)-(58-68)-(55-79)-(53-54)-(52-70)-(48-72)-(43-59)-(41-77)-(39-56)-(36-47)-(35-73)-(33-44)-(31-51)-(30-46)-(28-42)-(27-45)-(26-74)-(25-63)-(24-57)-(23-29)-(22-67)-(19-20)-(18-38)-(17-40)-(15-21)-(14-71)-(13-16)-(12-65)-(11-64)-(10-37)-(9-34)-(8-50)-(7-66)-(6-49)-(5-69)-(4-32)-(1-3)-(0-2)],0.0004367828369140625,0.0694127082824707,3,True,0
~?@OQ?@???A?GO?????C??????O????????@??@?Ac@?????A??A????_????C???????G??@G?c??A??O???C_G?O??C??@???_?????_??D??O????aCO???C?OC?A??C???O?@A_???????A??`G?O??G?O????GC_??OGcG?OC???@C??C?G????GAS???O???@?Go??O????C?A?????????A???C???????C???????IGG?_??OA?GC?O@???????????O?S??@AcO????O_???C?????W????G??????_A???G?W?O?_??????@????OO?G_?CA???@???@@???_?C@??A?GW??C???A???G?_A?@????o????O?????_O@???G?`@??G?????C????G@?_?Q???_C?_?????_C_??_A_??_???O????B??K???????K?_??@?????G?@@A????????_??@??G_O?AO????C?_?@??A?O??????C?@_O?A?A_??A????,[(75-78)-(61-62)-(60-76)-(58-68)-(55-79)-(53-54)-(52-70)-(48-72)-(43-59)-(41-77)-(39-56)-(36-47)-(35-73)-(33-44)-(31-51)-(30-46)-(28-42)-(27-45)-(26-74)-(25-63)-(24-57)-(23-29)-(22-67)-(19-20)-(18-38)-(17-40)-(15-21)-(14-71)-(13-16)-(12-65)-(11-64)-(10-37)-(9-34)-(8-50)-(7-66)-(6-49)-(5-69)-(4-32)-(1-3)-(0-2)],0.0004620552062988281,0.04945492744445801,2,True,0
~?@OQ?@???A?GO?????C??????O????????@??@?Ac@?????A??A????_????C???????G??@G?c??A??O???C_G?O??C??@???_?????_??D??O????aCO???C?OC?A??C???O?@A_???????A??`G?O??G?O????GC_??OGcG?OC???@C??C?G????GAS???O???@?Go??O????C?A?????????A???C???????C???????IGG?_??OA?GC?O@???????????O?S??@AcO????O_???C?????W????G??????_A???G?W?O?_??????@????OO?G_?CA???@???@@???_?C@??A?GW??C???A???G?_A?@????o????O?????_O@???G?`@??G?????C????G@?_?Q???_C?_?????_C_??_A_??_???O????B??K???????K?_??@?????G?@@A????????_??@??G_O?AO????C?_?@??A?O??????C?@_O?A?A_??A????,[(75-78)-(61-62)-(60-76)-(58-68)-(55-70)-(53-54)-(51-52)-(48-72)-(43-59)-(41-77)-(39-56)-(36-47)-(35-73)-(33-44)-(31-79)-(30-46)-(28-42)-(27-45)-(26-74)-(25-63)-(24-57)-(23-29)-(22-67)-(19-20)-(18-38)-(17-40)-(15-21)-(14-71)-(13-16)-(12-65)-(11-64)-(10-37)-(9-34)-(8-50)-(7-66)-(6-49)-(5-69)-(4-32)-(1-3)-(0-2)],0.0004546642303466797,0.020960569381713867,1,True,0
~?@OQ?@???A?GO?????C??????O????????@??@?Ac@?????A??A????_????C???????G??@G?c??A??O???C_G?O??C??@???_?????_??D??O????aCO???C?OC?A??C???O?@A_???????A??`G?O??G?O????GC_??OGcG?OC???@C??C?G????GAS???O???@?Go??O????C?A?????????A???C???????C???????IGG?_??OA?GC?O@???????????O?S??@AcO????O_???C?????W????G??????_A???G?W?O?_??????@????OO?G_?CA???@???@@???_?C@??A?GW??C???A???G?_A?@????o????O?????_O@???G?`@??G?????C????G@?_?Q???_C?_?????_C_??_A_??_???O????B??K???????K?_??@?????G?@@A????????_??@??G_O?AO????C?_?@??A?O??????C?@_O?A?A_??A????,[(75-78)-(61-62)-(60-76)-(58-68)-(55-70)-(53-54)-(51-52)-(48-72)-(43-59)-(41-77)-(39-56)-(36-47)-(35-73)-(33-44)-(31-79)-(30-46)-(28-42)-(27-45)-(26-74)-(25-63)-(24-57)-(23-29)-(22-67)-(19-20)-(18-38)-(17-40)-(15-21)-(14-71)-(13-16)-(12-65)-(11-64)-(10-37)-(9-34)-(8-50)-(7-66)-(6-49)-(5-69)-(4-32)-(1-3)-(0-2)],0.00044465065002441406,0.04872441291809082,2,True,0
~?@OQ?@???A?GO?????C??????O????????@??@?Ac@?????A??A????_????C???????G??@G?c??A??O???C_G?O??C??@???_?????_??D??O????aCO???C?OC?A??C???O?@A_???????A??`G?O??G?O????GC_??OGcG?OC???@C??C?G????GAS???O???@?Go??O????C?A?????????A???C???????C???????IGG?_??OA?GC?O@???????????O?S??@AcO????O_???C?????W????G??????_A???G?W?O?_??????@????OO?G_?CA???@???@@???_?C@??A?GW??C???A???G?_A?@????o????O?????_O@???G?`@??G?????C????G@?_?Q???_C?_?????_C_??_A_??_???O????B??K???????K?_??@?????G?@@A????????_??@??G_O?AO????C?_?@??A?O??????C?@_O?A?A_??A????,[(75-78)-(61-62)-(58-68)-(56-76)-(55-79)-(53-54)-(51-52)-(48-72)-(43-59)-(41-77)-(39-70)-(36-47)-(35-73)-(33-44)-(31-57)-(30-46)-(28-42)-(27-45)-(26-74)-(25-63)-(24-60)-(23-29)-(22-67)-(19-20)-(18-38)-(17-40)-(15-21)-(14-71)-(13-16)-(12-65)-(11-64)-(10-37)-(9-34)-(8-50)-(7-66)-(6-49)-(5-69)-(4-32)-(1-3)-(0-2)],0.0005068778991699219,0.029984235763549805,1,True,0
~?@OQ?@???A?GO?????C??????O????????@??@?Ac@?????A??A????_????C???????G??@G?c??A??O???C_G?O??C??@???_?????_??D??O????aCO???C?OC?A??C???O?@A_???????A??`G?O??G?O????GC_??OGcG?OC???@C??C?G????GAS???O???@?Go??O????C?A?????????A???C???????C???????IGG?_??OA?GC?O@???????????O?S??@AcO????O_???C?????W????G??????_A???G?W?O?_??????@????OO?G_?CA???@???@@???_?C@??A?GW??C???A???G?_A?@????o????O?????_O@???G?`@??G?????C????G@?_?Q???_C?_?????_C_??_A_??_???O????B??K???????K?_??@?????G?@@A????????_??@??G_O?AO????C?_?@??A?O??????C?@_O?A?A_??A????,[(75-78)-(61-62)-(58-68)-(56-76)-(55-79)-(53-54)-(51-52)-(48-72)-(43-59)-(41-77)-(39-70)-(36-47)-(35-73)-(33-44)-(31-57)-(30-46)-(28-42)-(27-45)-(26-74)-(25-63)-(24-60)-(23-29)-(22-67)-(19-20)-(18-38)-(17-40)-(15-21)-(14-71)-(13-16)-(12-65)-(11-64)-(10-37)-(9-34)-(8-50)-(7-66)-(6-49)-(5-69)-(4-32)-(1-3)-(0-2)],0.0004398822784423828,0.020276784896850586,1,True,0
~?@OQ?@???A?GO?????C??????O????????@??@?Ac@?????A??A????_????C???????G??@G?c??A??O???C_G?O??C??@???_?????_??D??O????aCO???C?OC?A??C???O?@A_???????A??`G?O??G?O????GC_??OGcG?OC???@C??C?G????GAS???O???@?Go??O????C?A?????????A???C???????C???????IGG?_??OA?GC?O@???????????O?S??@AcO????O_???C?????W????G??????_A???G?W?O?_??????@????OO?G_?CA???@???@@???_?C@??A?GW??C???A???G?_A?@????o????O?????_O@???G?`@??G?????C????G@?_?Q???_C?_?????_C_??_A_??_???O????B??K???????K?_??@?????G?@@A????????_??@??G_O?AO????C?_?@??A?O??????C?@_O?A?A_??A????,[(75-78)-(61-62)-(58-68)-(56-76)-(53-54)-(52-67)-(51-73)-(48-72)-(43-59)-(41-77)-(39-70)-(36-47)-(35-74)-(33-44)-(31-79)-(30-46)-(28-42)-(27-45)-(26-55)-(25-63)-(24-60)-(23-29)-(22-57)-(19-20)-(18-38)-(17-40)-(15-21)-(14-71)-(13-16)-(12-65)-(11-64)-(10-37)-(9-34)-(8-50)-(7-66)-(6-49)-(5-69)-(4-32)-(1-3)-(0-2)],0.0005044937133789062,0.019307613372802734,1,True,0
~?@OQ?@???A?GO?????C??????O????????@??@?Ac@?????A??A????_????C???????G??@G?c??A??O???C_G?O??C??@???_?????_??D??O????aCO???C?OC?A??C???O?@A_???????A??`G?O??G?O????GC_??OGcG?OC???@C??C?G????GAS???O???@?Go??O????C?A?????????A???C???????C???????IGG?_??OA?GC?O@???????????O?S??@AcO????O_???C?????W????G??????_A???G?W?O?_??????@????OO?G_?CA???@???@@???_?C@??A?GW??C???A???G?_A?@????o????O?????_O@???G?`@??G?????C????G@?_?Q???_C?_?????_C_??_A_??_???O????B??K???????K?_??@?????G?@@A????????_??@??G_O?AO????C?_?@??A?O??????C?@_O?A?A_??A????,[(75-78)-(61-62)-(58-68)-(56-76)-(53-54)-(52-67)-(51-73)-(48-72)-(43-59)-(41-77)-(39-70)-(36-47)-(35-74)-(33-44)-(31-79)-(30-46)-(28-42)-(27-45)-(26-55)-(25-63)-(24-60)-(23-29)-(22-57)-(19-20)-(18-38)-(17-40)-(15-21)-(14-71)-(13-16)-(12-65)-(11-64)-(10-37)-(9-34)-(8-50)-(7-66)-(6-49)-(5-69)-(4-32)-(1-3)-(0-2)],0.0004336833953857422,0.06977462768554688,3,True,0
~?@OQ?@???A?GO?????C??????O????????@??@?Ac@?????A??A????_????C???????G??@G?c??A??O???C_G?O??C??@???_?????_??D??O????aCO???C?OC?A??C???O?@A_???????A??`G?O??G?O????GC_??OGcG?OC???@C??C?G????GAS???O???@?Go??O????C?A?????????A???C???????C???????IGG?_??OA?GC?O@???????????O?S??@AcO????O_???C?????W????G??????_A???G?W?O?_??????@????OO?G_?CA???@???@@???_?C@??A?GW??C???A???G?_A?@????o????O?????_O@???G?`@??G?????C????G@?_?Q???_C?_?????_C_??_A_??_???O????B??K???????K?_??@?????G?@@A????????_??@??G_O?AO????C?_?@??A?O??????C?@_O?A?A_??A????,[(75-78)-(67-77)-(61-62)-(58-68)-(53-54)-(52-70)-(51-73)-(48-72)-(43-59)-(41-76)-(39-56)-(36-47)-(35-74)-(33-44)-(31-79)-(30-46)-(28-42)-(27-45)-(26-55)-(25-63)-(24-60)-(23-29)-(22-57)-(19-20)-(18-38)-(17-40)-(15-21)-(14-71)-(13-16)-(12-65)-(11-64)-(10-37)-(9-34)-(8-50)-(7-66)-(6-49)-(5-69)-(4-32)-(1-3)-(0-2)],0.0004303455352783203,0.04998421669006348,2,True,0
~?@OQ?@???A?GO?????C??????O????????@??@?Ac@?????A??A????_????C???????G??@G?c??A??O???C_G?O??C??@???_?????_??D??O????aCO???C?OC?A??C???O?@A_???????A??`G?O??G?O????GC_??OGcG?OC???@C??C?G????GAS???O???@?Go??O????C?A?????????A???C???????C???????IGG?_??OA?GC?O@???????????O?S??@AcO????O_???C?????W????G??????_A???G?W?O?_??????@????OO?G_?CA???@???@@???_?C@??A?GW??C???A???G?_A?@????o????O?????_O@???G?`@??G?????C????G@?_?Q???_C?_?????_C_??_A_??_???O????B??K???????K?_??@?????G?@@A????????_??@??G_O?AO????C?_?@??A?O??????C?@_O?A?A_??A????,[(75-78)-(67-77)-(61-62)-(58-68)-(53-54)-(52-70)-(51-73)-(48-72)-(43-59)-(41-76)-(39-56)-(36-47)-(35-74)-(33-44)-(31-79)-(30-46)-(28-42)-(27-45)-(26-55)-(25-63)-(24-60)-(23-29)-(22-57)-(19-20)-(18-38)-(17-40)-(15-21)-(14-71)-(13-16)-(12-65)-(11-64)-(10-37)-(9-34)-(8-50)-(7-66)-(6-49)-(5-69)-(4-32)-(1-3)-(0-2)],0.00045108795166015625,0.06840395927429199,3,True,0
~?@OQ?@???A?GO?????C??????O????????@??@?Ac@?????A??A????_????C???????G??@G?c??A??O???C_G?O??C??@???_?????_??D??O????aCO???C?OC?A??C???O?@A_???????A??`G?O??G?O????GC_??OGcG?OC???@C??C?G????GAS???O???@?Go??O????C?A?????????A???C???????C???????IGG?_??OA?GC?O@???????????O?S??@AcO????O_???C?????W????G??????_A???G?W?O?_??????@????OO?G_?CA???@???@@???_?C@??A?GW??C???A???G?_A?@????o????O?????_O@???G?`@??G?????C????G@?_?Q???_C?_?????_C_??_A_??_???O????B??K???????K?_??@?????G?@@A????????_??@??G_O?AO????C?_?@??A?O??????C?@_O?A?A_??A????,[(75-78)-(67-76)-(61-62)-(58-68)-(53-54)-(52-70)-(51-73)-(48-72)-(43-59)-(41-77)-(39-56)-(36-47)-(35-74)-(33-44)-(31-79)-(30-46)-(28-42)-(27-45)-(26-55)-(25-63)-(24-60)-(23-29)-(22-57)-(19-20)-(18-38)-(17-40)-(15-21)-(14-71)-(13-16)-(12-65)-(11-64)-(10-37)-(9-34)-(8-50)-(7-66)-(6-49)-(5-69)-(4-32)-(1-3)-(0-2)],0.00046372413635253906,0.031931400299072266,1,True,0
~?@OQ?@???A?GO?????C??????O????????@??@?Ac@?????A??A????_????C???????G??@G?c??A??O???C_G?O??C??@???_?????_??D??O????aCO???C?OC?A??C???O?@A_???????A??`G?O??G?O????GC_??OGcG?OC???@C??C?G????GAS???O???@?Go??O????C?A?????????A???C???????C???????IGG?_??OA?GC?O@???????????O?S??@AcO????O_???C?????W????G??????_A???G?W?O?_??????@????OO?G_?CA???@???@@???_?C@??A?GW??C???A???G?_A?@????o????O?????_O@???G?`@??G?????C????G@?_?Q???_C?_?????_C_??_A_??_???O????B??K???????K?_??@?????G?@@A????????_??@??G_O?AO????C?_?@??A?O??????C?@_O?A?A_??A????,[(75-78)-(67-76)-(61-62)-(58-68)-(53-54)-(52-70)-(51-73)-(48-72)-(43-59)-(41-77)-(39-56)-(36-47)-(35-74)-(33-44)-(31-79)-(30-46)-(28-42)-(27-45)-(26-55)-(25-63)-(24-60)-(23-29)-(22-57)-(19-20)-(18-38)-(17-40)-(15-21)-(14-71)-(13-16)-(12-65)-(11-64)-(10-37)-(9-34)-(8-50)-(7-66)-(6-49)-(5-69)-(4-32)-(1-3)-(0-2)],0.000476837158203125,0.06867480278015137,3,True,0
~?@OQ?@???A?GO?????C??????O????????@??@?Ac@?????A??A????_????C???????G??@G?c??A??O???C_G?O??C??@???_?????_??D??O????aCO???C?OC?A??C???O?@A_???????A??`G?O??G?O????GC_??OGcG?OC???@C??C?G????GAS???O???@?Go??O????C?A?????????A???C???????C???????IGG?_??OA?GC?O@???????????O?S??@AcO????O_???C?????W????G??????_A???G?W?O?_??????@????OO?G_?CA???@???@@???_?C@??A?GW??C???A???G?_A?@????o????O?????_O@???G?`@??G?????C????G@?_?Q???_C?_?????_C_??_A_??_???O????B??K???????K?_??@?????G?@@A????????_??@??G_O?AO????C?_?@??A?O??????C?@_O?A?A_??A????,[(75-78)-(61-62)-(58-68)-(56-76)-(55-79)-(53-54)-(52-67)-(48-72)-(43-59)-(41-77)-(39-70)-(36-47)-(35-73)-(33-44)-(31-51)-(30-46)-(28-42)-(27-45)-(26-74)-(25-63)-(24-60)-(23-29)-(22-57)-(19-20)-(18-38)-(17-40)-(15-21)-(14-71)-(13-16)-(12-65)-(11-64)-(10-37)-(9-34)-(8-50)-(7-66)-(6-49)-(5-69)-(4-32)-(1-3)-(0-2)],0.0004949569702148438,0.02991032600402832,1,True,0
~?@OQ?@???A?GO?????C??????O????????@??@?Ac@?????A??A????_????C???????G??@G?c??A??O???C_G?O??C??@???_?????_??D??O????aCO???C?OC?A??C???O?@A_???????A??`G?O??G?O????GC_??OGcG?OC???@C??C?G????GAS???O???@?Go??O????C?A?????????A???C???????C???????IGG?_??OA?GC?O@???????????O?S??@AcO????O_???C?????W????G??????_A???G?W?O?_??????@????OO?G_?CA???@???@@???_?C@??A?GW??C???A???G?_A?@????o????O?????_O@???G?`@??G?????C????G@?_?Q???_C?_?????_C_??_A_??_???O????B??K???????K?_??@?????G?@@A????????_??@??G_O?AO????C?_?@??A?O??????C?@_O?A?A_??A????,[(75-78)-(61-62)-(58-68)-(56-76)-(55-79)-(53-54)-(52-67)-(48-72)-(43-59)-(41-77)-(39-70)-(36-47)-(35-73)-(33-44)-(31-51)-(30-46)-(28-42)-(27-45)-(26-74)-(25-63)-(24-60)-(23-29)-(22-57)-(19-20)-(18-38)-(17-40)-(15-21)-(14-71)-(13-16)-(12-65)-(11-64)-(10-37)-(9-34)-(8-50)-(7-66)-(6-49)-(5-69)-(4-32)-(1-3)-(0-2)],0.0005936622619628906,0.04944634437561035,2,True,0
~?@OQ?@???A?GO?????C??????O????????@??@?Ac@?????A??A????_????C???????G??@G?c??A??O???C_G?O??C??@???_?????_??D??O????aCO???C?OC?A??C???O?@A_???????A??`G?O??G?O????GC_??OGcG?OC???@C??C?G????GAS???O???@?Go??O????C?A?????????A???C???????C???????IGG?_??OA?GC?O@???????????O?S??@AcO????O_???C?????W????G??????_A???G?W?O?_??????@????OO?G_?CA???@???@@???_?C@??A?GW??C???A???G?_A?@????o????O?????_O@???G?`@??G?????C????G@?_?Q???_C?_?????_C_??_A_??_???O????B??K???????K?_??@?????G?@@A????????_??@??G_O?AO????C?_?@??A?O??????C?@_O?A?A_??A????,[(75-78)-(67-77)-(61-62)-(58-68)-(55-79)-(53-54)-(52-70)-(48-72)-(43-59)-(41-76)-(39-56)-(36-47)-(35-73)-(33-44)-(31-51)-(30-46)-(28-42)-(27-45)-(26-74)-(25-63)-(24-60)-(23-29)-(22-57)-(19-20)-(18-38)-(17-40)-(15-21)-(14-71)-(13-16)-(12-65)-(11-64)-(10-37)-(9-34)-(8-50)-(7-66)-(6-49)-(5-69)-(4-32)-(1-3)-(0-2)],0.0004298686981201172,0.050177574157714844,2,True,0
~?@OQ?@???A?GO?????C??????O????????@??@?Ac@?????A??A????_????C???????G??@G?c??A??O???C_G?O??C??@???_?????_??D??O????aCO???C?OC?A??C???O?@A_???????A??`G?O??G?O????GC_??OGcG?OC???@C??C?G????GAS???O???@?Go??O????C?A?????????A???C???????C???????IGG?_??OA?GC?O@???????????O?S??@AcO????O_???C?????W????G??????_A???G?W?O?_??????@????OO?G_?CA???@???@@???_?C@??A?GW??C???A???G?_A?@????o????O?????_O@???G?`@??G?????C????G@?_?Q???_C?_?????_C_??_A_??_???O????B??K???????K?_??@?????G?@@A????????_??@??G_O?AO????C?_?@??A?O??????C?@_O?A?A_??A????,[(75-78)-(67-77)-(61-62)-(58-68)-(55-79)-(53-54)-(52-70)-(48-72)-(43-59)-(41-76)-(39-56)-(36-47)-(35-73)-(33-44)-(31-51)-(30-46)-(28-42)-(27-45)-(26-74)-(25-63)-(24-60)-(23-29)-(22-57)-(19-20)-(18-38)-(17-40)-(15-21)-(14-71)-(13-16)-(12-65)-(11-64)-(10-37)-(9-34)-(8-50)-(7-66)-(6-49)-(5-69)-(4-32)-(1-3)-(0-2)],0.0005178451538085938,0.04965472221374512,2,True,0
~?@OQ?@???A?GO?????C??????O????????@??@?Ac@?????A??A????_????C???????G??@G?c??A??O???C_G?O??C??@???_?????_??D??O????aCO???C?OC?A??C???O?@A_???????A??`G?O??G?O????GC_??OGcG?OC???@C??C?G????GAS???O???@?Go??O????C?A?????????A???C???????C???????IGG?_??OA?GC?O@???????????O?S??@AcO????O_???C?????W????G??????_A???G?W?O?_??????@????OO?G_?CA???@???@@???_?C@??A?GW??C???A???G?_A?@????o????O?????_O@???G?`@??G?????C????G@?_?Q???_C?_?????_C_??_A_??_???O????B??K???????K?_??@?????G?@@A????????_??@??G_O?AO????C?_?@??A?O??????C?@_O?A?A_??A????,[(75-78)-(67-76)-(61-62)-(58-68)-(55-79)-(53-54)-(52-70)-(48-72)-(43-59)-(41-77)-(39-56)-(36-47)-(35-73)-(33-44)-(31-51)-(30-46)-(28-42)-(27-45)-(26-74)-(25-63)-(24-60)-(23-29)-(22-57)-(19-20)-(18-38)-(17-40)-(15-21)-(14-71)-(13-16)-(12-65)-(11-64)-(10-37)-(9-34)-(8-50)-(7-66)-(6-49)-(5-69)-(4-32)-(1-3)-(0-2)],0.0004477500915527344,0.030789613723754883,1,True,0
~?@OQ?@???A?GO?????C??????O????????@??@?Ac@?????A??A????_????C???????G??@G?c??A??O???C_G?O??C??@???_?????_??D??O????aCO???C?OC?A??C???O?@A_???????A??`G?O??G?O????GC_??OGcG?OC???@C??C?G????GAS???O???@?Go??O????C?A?????????A???C???????C???????IGG?_??OA?GC?O@???????????O?S??@AcO????O_???C?????W????G??????_A???G?W?O?_??????@????OO?G_?CA???@???@@???_?C@??A?GW??C???A???G?_A?@????o????O?????_O@???G?`@??G?????C????G@?_?Q???_C?_?????_C_??_A_??_???O????B??K???????K?_??@?????G?@@A????????_??@??G_O?AO????C?_?@??A?O??????C?@_O?A?A_??A????,[(75-78)-(67-76)-(61-62)-(58-68)-(55-79)-(53-54)-(52-70)-(48-72)-(43-59)-(41-77)-(39-56)-(36-47)-(35-73)-(33-44)-(31-51)-(30-46)-(28-42)-(27-45)-(26-74)-(25-63)-(24-60)-(23-29)-(22-57)-(19-20)-(18-38)-(17-40)-(15-21)-(14-71)-(13-16)-(12-65)-(11-64)-(10-37)-(9-34)-(8-50)-(7-66)-(6-49)-(5-69)-(4-32)-(1-3)-(0-2)],0.0004482269287109375,0.048853158950805664,2,True,0
~?@O????G??C??C?GQ@??G??_G__?OO????Q??????_C??A??????C??G??O??G???C????????c??G?O?OO??G??@?O???CC?K?G?C?AA?????@G_?G?G@??_ACA?__?@A??C??CA??A????H????C@G?C_?????@?O????O???O?@?A??_????????@??_G@???????A???CAACG@????????????A?A??@?????OA??_????CO??????A???D??_????????@A_?@?QO???A?@A??C???????_???E?HG_???_A??GCO????????????_???C?GO???A?A?o?@C?????@?A???AB?@?@???G??A????S??G???????_@??????S?C?@??O???G?C??GQ@?????K?G???G??@A??Q????C???I?C?_???A_?A??G???????AAC???O????C@????O??D????i?????GA??O??????I?@?@???_?o?O???A????????CGg??@?,[(67-78)-(62-69)-(61-77)-(56-76)-(54-72)-(51-79)-(47-68)-(46-75)-(45-59)-(43-63)-(39-44)-(37-65)-(31-41)-(30-60)-(29-38)-(28-71)-(27-74)-(26-42)-(25-66)-(24-55)-(23-52)-(22-40)-(21-33)-(20-36)-(19-32)-(15-17)-(13-14)-(12-73)-(11-57)-(10-49)-(9-35)-(8-58)-(7-50)-(6-34)-(5-64)-(4-18)-(3-53)-(2-48)-(1-70)-(0-16)],0.00045299530029296875,0.05074810981750488,2,True,0
~?@O????G??C??C?GQ@??G??_G__?OO????Q??????_C??A??????C??G??O??G???C????????c??G?O?OO??G??@?O???CC?K?G?C?AA?????@G_?G?G@??_ACA?__?@A??C??CA??A????H????C@G?C_?????@?O????O???O?@?A??_????????@??_G@???????A???CAACG@????????????A?A??@?????OA??_????CO??????A???D??_????????@A_?@?QO???A?@A??C???????_???E?HG_???_A??GCO????????????_???C?GO???A?A?o?@C?????@?A???AB?@?@???G??A????S??G???????_@??????S?C?@??O???G?C??GQ@?????K?G???G??@A??Q????C???I?C?_???A_?A??G???????AAC???O????C@????O??D????i?????GA??O??????I?@?@???_?o?O???A????????CGg??@?,[(67-78)-(62-69)-(61-77)-(56-76)-(54-72)-(51-79)-(47-68)-(46-75)-(45-59)-(43-63)-(39-44)-(37-65)-(31-41)-(30-60)-(29-38)-(28-71)-(27-74)-(26-42)-(25-66)-(24-55)-(23-52)-(22-40)-(21-33)-(20-36)-(19-32)-(15-17)-(13-14)-(12-73)-(11-57)-(10-49)-(9-35)-(8-58)-(7-50)-(6-34)-(5-64)-(4-18)-(3-53)-(2-48)-(1-70)-(0-16)],0.00044536590576171875,0.04931330680847168,2,True,0
~?@O????G??C??C?GQ@??G??_G__?OO????Q??????_C??A??????C??G??O??G???C????????c??G?O?OO??G??@?O???CC?K?G?C?AA?????@G_?G?G@??_ACA?__?@A??C??CA??A????H????C@G?C_?????@?O????O???O?@?A??_????????@??_G@???????A???CAACG@????????????A?A??@?????OA??_????CO??????A???D??_????????@A_?@?QO???A?@A??C???????_???E?HG_???_A??GCO????????????_???C?GO???A?A?o?@C?????@?A???AB?@?@???G??A????S??G???????_@??????S?C?@??O???G?C??GQ@?????K?G???G??@A??Q????C???I?C?_???A_?A??G???????AAC???O????C@????O??D????i?????GA??O??????I?@?@???_?o?O???A????????CGg??@?,[(68-75)-(67-69)-(61-62)-(56-76)-(54-72)-(51-71)-(47-79)-(46-77)-(45-59)-(43-63)-(39-44)-(37-65)-(31-41)-(30-60)-(29-38)-(28-78)-(27-74)-(26-42)-(25-66)-(24-55)-(23-52)-(22-40)-(21-33)-(20-36)-(19-32)-(15-17)-(13-14)-(12-73)-(11-57)-(10-49)-(9-35)-(8-58)-(7-50)-(6-34)-(5-64)-(4-18)-(3-53)-(2-48)-(1-70)-(0-16)],0.0004298686981201172,0.093414306640625,4,True,0
~?@O????G??C??C?GQ@??G??_G__?OO????Q??????_C??A??????C??G??O??G???C????????c??G?O?OO??G??@?O???CC?K?G?C?AA?????@G_?G?G@??_ACA?__?@A??C??CA??A????H????C@G?C_?????@?O????O???O?@?A??_????????@??_G@???????A???CAACG@????????????A?A??@?????OA??_????CO??????A???D??_????????@A_?@?QO???A?@A??C???????_???E?HG_???_A??GCO????????????_???C?GO???A?A?o?@C?????@?A???AB?@?@???G??A????S??G???????_@??????S?C?@??O???G?C??GQ@?????K?G???G??@A??Q????C???I?C?_???A_?A??G???????AAC???O????C@????O??D????i?????GA??O??????I?@?@???_?o?O???A????????CGg??@?,[(68-75)-(67-69)-(61-62)-(56-76)-(54-72)-(51-71)-(47-79)-(46-77)-(45-59)-(43-63)-(39-44)-(37-65)-(31-41)-(30-60)-(29-38)-(28-78)-(27-74)-(26-42)-(25-66)-(24-55)-(23-52)-(22-40)-(21-33)-(20-36)-(19-32)-(15-17)-(13-14)-(12-73)-(11-57)-(10-49)-(9-35)-(8-58)-(7-50)-(6-34)-(5-64)-(4-18)-(3-53)-(2-48)-(1-70)-(0-16)],0.0004475116729736328,0.03140997886657715,1,True,0
~?@O????G??C??C?GQ@??G??_G__?OO????Q??????_C??A??????C??G??O??G???C????????c??G?O?OO??G??@?O???CC?K?G?C?AA?????@G_?G?G@??_ACA?__?@A??C??CA??A????H????C@G?C_?????@?O????O???O?@?A??_????????@??_G@???????A???CAACG@????????????A?A??@?????OA??_????CO??????A???D??_????????@A_?@?QO???A?@A??C???????_???E?HG_???_A??GCO????????????_???C?GO???A?A?o?@C?????@?A???AB?@?@???G??A????S??G???????_@??????S?C?@??O???G?C??GQ@?????K?G???G??@A??Q????C???I?C?_???A_?A??G???????AAC???O????C@????O??D????i?????GA??O??????I?@?@???_?o?O???A????????CGg??@?,[(74-79)-(62-69)-(61-77)-(56-76)-(54-72)-(51-67)-(47-68)-(46-75)-(45-59)-(43-63)-(39-44)-(37-65)-(31-41)-(30-60)-(29-38)-(28-71)-(27-78)-(26-42)-(25-66)-(24-55)-(23-52)-(22-40)-(21-33)-(20-36)-(19-32)-(15-17)-(13-14)-(12-73)-(11-57)-(10-49)-(9-35)-(8-58)-(7-50)-(6-34)-(5-64)-(4-18)-(3-53)-(2-48)-(1-70)-(0-16)],0.0004436969757080078,0.03098583221435547,1,True,0
~?@O????G??C??C?GQ@??G??_G__?OO????Q??????_C??A??????C??G??O??G???C????????c??G?O?OO??G??@?O???CC?K?G?C?AA?????@G_?G?G@??_ACA?__?@A??C??CA??A????H????C@G?C_?????@?O????O???O?@?A??_????????@??_G@???????A???CAACG@????????????A?A??@?????OA??_????CO??????A???D??_????????@A_?@?QO???A?@A??C???????_???E?HG_???_A??GCO????????????_???C?GO???A?A?o?@C?????@?A???AB?@?@???G??A????S??G???????_@??????S?C?@??O???G?C??GQ@?????K?G???G??@A??Q????C???I?C?_???A_?A??G???????AAC???O????C@????O??D????i?????GA??O??????I?@?@???_?o?O???A????????CGg??@?,[(74-79)-(62-69)-(61-77)-(56-76)-(54-72)-(51-67)-(47-68)-(46-75)-(45-59)-(43-63)-(39-44)-(37-65)-(31-41)-(30-60)-(29-38)-(28-71)-(27-78)-(26-42)-(25-66)-(24-55)-(23-52)-(22-40)-(21-33)-(20-36)-(19-32)-(15-17)-(13-14)-(12-73)-(11-57)-(10-49)-(9-35)-(8-58)-(7-50)-(6-34)-(5-64)-(4-18)-(3-53)-(2-48)-(1-70)-(0-16)],0.00044608116149902344,0.06986570358276367,3,True,0
~?@O????G??C??C?GQ@??G??_G__?OO????Q??????_C??A??????C??G??O??G???C????????c??G?O?OO??G??@?O???CC?K?G?C?AA?????@G_?G?G@??_ACA?__?@A??C??CA??A????H????C@G?C_?????@?O????O???O?@?A??_????????@??_G@???????A???CAACG@????????????A?A??@?????OA??_????CO??????A???D??_????????@A_?@?QO???A?@A??C???????_???E?HG_???_A??GCO????????????_???C?GO???A?A?o?@C?????@?A???AB?@?@???G??A????S??G???????_@??????S?C?@??O???G?C??GQ@?????K?G???G??@A??Q????C???I?C?_???A_?A??G???????AAC???O????C@????O??D????i?????GA??O??????I?@?@???_?o?O???A????????CGg??@?,[(74-79)-(68-75)-(67-69)-(61-62)-(56-76)-(54-72)-(46-77)-(45-59)-(43-51)-(41-47)-(39-44)-(37-65)-(31-63)-(30-60)-(29-38)-(28-71)-(27-78)-(26-42)-(25-66)-(24-55)-(23-52)-(22-40)-(21-33)-(20-36)-(19-32)-(15-17)-(13-14)-(12-73)-(11-57)-(10-49)-(9-35)-(8-58)-(7-50)-(6-34)-(5-64)-(4-18)-(3-53)-(2-48)-(1-70)-(0-16)],0.0004401206970214844,0.031234025955200195,1,True,0
~?@O????G??C??C?GQ@??G??_G__?OO????Q??????_C??A??????C??G??O??G???C????????c??G?O?OO??G??@?O???CC?K?G?C?AA?????@G_?G?G@??_ACA?__?@A??C??CA??A????H????C@G?C_?????@?O????O???O?@?A??_????????@??_G@???????A???CAACG@????????????A?A??@?????OA??_????CO??????A???D??_????????@A_?@?QO???A?@A??C???????_???E?HG_???_A??GCO????????????_???C?GO???A?A?o?@C?????@?A???AB?@?@???G??A????S??G???????_@??????S?C?@??O???G?C??GQ@?????K?G???G??@A??Q????C???I?C?_???A_?A??G???????AAC???O????C@????O??D????i?????GA??O??????I?@?@???_?o?O???A????????CGg??@?,[(74-79)-(68-75)-(67-69)-(61-62)-(56-76)-(54-72)-(46-77)-(45-59)-(43-51)-(41-47)-(39-44)-(37-65)-(31-63)-(30-60)-(29-38)-(28-71)-(27-78)-(26-42)-(25-66)-(24-55)-(23-52)-(22-40)-(21-33)-(20-36)-(19-32)-(15-17)-(13-14)-(12-73)-(11-57)-(10-49)-(9-35)-(8-58)-(7-50)-(6-34)-(5-64)-(4-18)-(3-53)-(2-48)-(1-70)-(0-16)],0.0004343986511230469,0.11662077903747559,5,True,0
~?@O????G??C??C?GQ@??G??_G__?OO????Q??????_C??A??????C??G??O??G???C????????c??G?O?OO??G??@?O???CC?K?G?C?AA?????@G_?G?G@??_ACA?__?@A??C??CA??A????H????C@G?C_?????@?O????O???O?@?A??_????????@??_G@???????A???CAACG@????????????A?A??@?????OA??_????CO??????A???D??_????????@A_?@?QO???A?@A??C???????_???E?HG_???_A??GCO????????????_???C?GO???A?A?o?@C?????@?A???AB?@?@???G??A????S??G???????_@??????S?C?@??O???G?C??GQ@?????K?G???G??@A??Q????C???I?C?_???A_?A??G???????AAC???O????C@????O??D????i?????GA??O??????I?@?@???_?o?O???A????????CGg??@?,[(74-79)-(68-75)-(67-69)-(61-62)-(56-76)-(54-72)-(51-71)-(46-77)-(45-59)-(43-63)-(39-44)-(37-65)-(31-41)-(30-60)-(29-38)-(28-47)-(27-78)-(26-42)-(25-66)-(24-55)-(23-52)-(22-40)-(21-33)-(20-36)-(19-32)-(15-17)-(13-14)-(12-73)-(11-57)-(10-49)-(9-35)-(8-58)-(7-50)-(6-34)-(5-64)-(4-18)-(3-53)-(2-48)-(1-70)-(0-16)],0.00044345855712890625,0.11640739440917969,5,True,0
~?@O????G??C??C?GQ@??G??_G__?OO????Q??????_C??A??????C??G??O??G???C????????c??G?O?OO??G??@?O???CC?K?G?C?AA?????@G_?G?G@??_ACA?__?@A??C??CA??A????H????C@G?C_?????@?O????O???O?@?A??_????????@??_G@???????A???CAACG@????????????A?A??@?????OA??_????CO??????A???D??_????????@A_?@?QO???A?@A??C???????_???E?HG_???_A??GCO????????????_???C?GO???A?A?o?@C?????@?A???AB?@?@???G??A????S??G???????_@??????S?C?@??O???G?C??GQ@?????K?G???G??@A??Q????C???I?C?_???A_?A??G???????AAC???O????C@????O??D????i?????GA??O??????I?@?@???_?o?O???A????????CGg??@?,[(74-79)-(68-75)-(67-69)-(61-62)-(56-76)-(54-72)-(51-71)-(46-77)-(45-59)-(43-63)-(39-44)-(37-65)-(31-41)-(30-60)-(29-38)-(28-47)-(27-78)-(26-42)-(25-66)-(24-55)-(23-52)-(22-40)-(21-33)-(20-36)-(19-32)-(15-17)-(13-14)-(12-73)-(11-57)-(10-49)-(9-35)-(8-58)-(7-50)-(6-34)-(5-64)-(4-18)-(3-53)-(2-48)-(1-70)-(0-16)],0.00043463706970214844,0.04901885986328125,2,True,0
~?@O????G??C??C?GQ@??G??_G__?OO????Q??????_C??A??????C??G??O??G???C????????c??G?O?OO??G??@?O???CC?K?G?C?AA?????@G_?G?G@??_ACA?__?@A??C??CA??A????H????C@G?C_?????@?O????O???O?@?A??_????????@??_G@???????A???CAACG@????????????A?A??@?????OA??_????CO??????A???D??_????????@A_?@?QO???A?@A??C???????_???E?HG_???_A??GCO????????????_???C?GO???A?A?o?@C?????@?A???AB?@?@???G??A????S??G???????_@??????S?C?@??O???G?C??GQ@?????K?G???G??@A??Q????C???I?C?_???A_?A??G???????AAC???O????C@????O??D????i?????GA??O??????I?@?@???_?o?O???A????????CGg??@?,[(67-78)-(66-75)-(62-69)-(61-68)-(56-76)-(54-72)-(46-77)-(45-59)-(43-51)-(42-79)-(41-47)-(39-44)-(37-65)-(31-63)-(30-60)-(29-38)-(28-71)-(27-74)-(25-26)-(24-55)-(23-52)-(22-40)-(21-33)-(20-36)-(19-32)-(15-17)-(13-14)-(12-73)-(11-57)-(10-49)-(9-35)-(8-58)-(7-50)-(6-34)-(5-64)-(4-18)-(3-53)-(2-48)-(1-70)-(0-16)],0.0005023479461669922,0.031085729598999023,1,True,0
~?@O????G??C??C?GQ@??G??_G__?OO????Q??????_C??A??????C??G??O??G???C????????c??G?O?OO??G??@?O???CC?K?G?C?AA?????@G_?G?G@??_ACA?__?@A??C??CA??A????H????C@G?C_?????@?O????O???O?@?A??_????????@??_G@???????A???CAACG@????????????A?A??@?????OA??_????CO??????A???D??_????????@A_?@?QO???A?@A??C???????_???E?HG_???_A??GCO????????????_???C?GO???A?A?o?@C?????@?A???AB?@?@???G??A????S??G???????_@??????S?C?@??O???G?C??GQ@?????K?G???G??@A??Q????C???I?C?_???A_?A??G???????AAC???O????C@????O??D????i?????GA??O??????I?@?@???_?o?O???A????????CGg??@?,[(67-78)-(66-75)-(62-69)-(61-68)-(56-76)-(54-72)-(46-77)-(45-59)-(43-51)-(42-79)-(41-47)-(39-44)-(37-65)-(31-63)-(30-60)-(29-38)-(28-71)-(27-74)-(25-26)-(24-55)-(23-52)-(22-40)-(21-33)-(20-36)-(19-32)-(15-17)-(13-14)-(12-73)-(11-57)-(10-49)-(9-35)-(8-58)-(7-50)-(6-34)-(5-64)-(4-18)-(3-53)-(2-48)-(1-70)-(0-16)],0.0004458427429199219,0.07048273086547852,3,True,0
~?@O????G??C??C?GQ@??G??_G__?OO????Q??????_C??A??????C??G??O??G???C????????c??G?O?OO??G??@?O???CC?K?G?C?AA?????@G_?G?G@??_ACA?__?@A??C??CA??A????H????C@G?C_?????@?O????O???O?@?A??_????????@??_G@???????A???CAACG@????????????A?A??@?????OA??_????CO??????A???D??_????????@A_?@?QO???A?@A??C???????_???E?HG_???_A??GCO????????????_???C?GO???A?A?o?@C?????@?A???AB?@?@???G??A????S??G???????_@??????S?C?@??O???G?C??GQ@?????K?G???G??@A??Q????C???I?C?_???A_?A??G???????AAC???O????C@????O??D????i?????GA??O??????I?@?@???_?o?O???A????????CGg??@?,[(67-69)-(66-75)-(61-62)-(56-76)-(54-72)-(51-71)-(47-68)-(46-77)-(45-59)-(43-63)-(42-79)-(39-44)-(37-65)-(31-41)-(30-60)-(29-38)-(28-78)-(27-74)-(25-26)-(24-55)-(23-52)-(22-40)-(21-33)-(20-36)-(19-32)-(15-17)-(13-14)-(12-73)-(11-57)-(10-49)-(9-35)-(8-58)-(7-50)-(6-34)-(5-64)-(4-18)-(3-53)-(2-48)-(1-70)-(0-16)],0.0004544258117675781,0.03200984001159668,1,True,0
~?@O????G??C??C?GQ@??G??_G__?OO????Q??????_C??A??????C??G??O??G???C????????c??G?O?OO??G??@?O???CC?K?G?C?AA?????@G_?G?G@??_ACA?__?@A??C??CA??A????H????C@G?C_?????@?O????O???O?@?A??_????????@??_G@???????A???CAACG@????????????A?A??@?????OA??_????CO??????A???D??_????????@A_?@?QO???A?@A??C???????_???E?HG_???_A??GCO????????????_???C?GO???A?A?o?@C?????@?A???AB?@?@???G??A????S??G???????_@??????S?C?@??O???G?C??GQ@?????K?G???G??@A??Q????C???I?C?_???A_?A??G???????AAC???O????C@????O??D????i?????GA??O??????I?@?@???_?o?O???A????????CGg??@?,[(67-69)-(66-75)-(61-62)-(56-76)-(54-72)-(51-71)-(47-68)-(46-77)-(45-59)-(43-63)-(42-79)-(39-44)-(37-65)-(31-41)-(30-60)-(29-38)-(28-78)-(27-74)-(25-26)-(24-55)-(23-52)-(22-40)-(21-33)-(20-36)-(19-32)-(15-17)-(13-14)-(12-73)-(11-57)-(10-49)-(9-35)-(8-58)-(7-50)-(6-34)-(5-64)-(4-18)-(3-53)-(2-48)-(1-70)-(0-16)],0.0004329681396484375,0.049935102462768555,2,True,0
~?@O????G??C??C?GQ@??G??_G__?OO????Q??????_C??A??????C??G??O??G???C????????c??G?O?OO??G??@?O???CC?K?G?C?AA?????@G_?G?G@??_ACA?__?@A??C??CA??A????H????C@G?C_?????@?O????O???O?@?A??_????????@??_G@???????A???CAACG@????????????A?A??@?????OA??_????CO??????A???D??_????????@A_?@?QO???A?@A??C???????_???E?HG_???_A??GCO????????????_???C?GO???A?A?o?@C?????@?A???AB?@?@???G??A????S??G???????_@??????S?C?@??O???G?C??GQ@?????K?G???G??@A??Q????C???I?C?_???A_?A??G???????AAC???O????C@????O??D????i?????GA??O??????I?@?@???_?o?O???A????????CGg??@?,[(67-78)-(66-75)-(62-69)-(61-68)-(56-76)-(54-72)-(51-71)-(46-77)-(45-59)-(43-63)-(42-79)-(39-44)-(37-65)-(31-41)-(30-60)-(29-38)-(28-47)-(27-74)-(25-26)-(24-55)-(23-52)-(22-40)-(21-33)-(20-36)-(19-32)-(15-17)-(13-14)-(12-73)-(11-57)-(10-49)-(9-35)-(8-58)-(7-50)-(6-34)-(5-64)-(4-18)-(3-53)-(2-48)-(1-70)-(0-16)],0.0005261898040771484,0.11744427680969238,5,True,0
~?@O????G??C??C?GQ@??G??_G__?OO????Q??????_C??A??????C??G??O??G???C????????c??G?O?OO??G??@?O???CC?K?G?C?AA?????@G_?G?G@??_ACA?__?@A??C??CA??A????H????C@G?C_?????@?O????O???O?@?A??_????????@??_G@???????A???CAACG@????????????A?A??@?????OA??_????CO??????A???D??_????????@A_?@?QO???A?@A??C???????_???E?HG_???_A??GCO????????????_???C?GO???A?A?o?@C?????@?A???AB?@?@???G??A????S??G???????_@??????S?C?@??O???G?C??GQ@?????K?G???G??@A??Q????C???I?C?_???A_?A??G???????AAC???O????C@????O??D????i?????GA??O??????I?@?@???_?o?O???A????????CGg??@?,[(67-78)-(66-75)-(62-69)-(61-68)-(56-76)-(54-72)-(51-71)-(46-77)-(45-59)-(43-63)-(42-79)-(39-44)-(37-65)-(31-41)-(30-60)-(29-38)-(28-47)-(27-74)-(25-26)-(24-55)-(23-52)-(22-40)-(21-33)-(20-36)-(19-32)-(15-17)-(13-14)-(12-73)-(11-57)-(10-49)-(9-35)-(8-58)-(7-50)-(6-34)-(5-64)-(4-18)-(3-53)-(2-48)-(1-70)-(0-16)],0.0004513263702392578,0.030528783798217773,1,True,0
~?@O????G??C??C?GQ@??G??_G__?OO????Q??????_C??A??????C??G??O??G???C????????c??G?O?OO??G??@?O???CC?K?G?C?AA?????@G_?G?G@??_ACA?__?@A??C??CA??A????H????C@G?C_?????@?O????O???O?@?A??_????????@??_G@???????A???CAACG@????????????A?A??@?????OA??_????CO??????A???D??_????????@A_?@?QO???A?@A??C???????_???E?HG_???_A??GCO????????????_???C?GO???A?A?o?@C?????@?A???AB?@?@???G??A????S??G???????_@??????S?C?@??O???G?C??GQ@?????K?G???G??@A??Q????C???I?C?_???A_?A??G???????AAC???O????C@????O??D????i?????GA??O??????I?@?@???_?o?O???A????????CGg??@?,[(67-78)-(62-69)-(61-77)-(56-76)-(54-74)-(51-79)-(47-68)-(46-75)-(45-72)-(44-59)-(43-63)-(39-55)-(37-65)-(31-41)-(30-60)-(29-38)-(28-71)-(26-42)-(25-66)-(24-27)-(23-52)-(22-40)-(21-33)-(20-36)-(19-32)-(15-17)-(13-14)-(12-73)-(11-57)-(10-49)-(9-35)-(8-58)-(7-50)-(6-34)-(5-64)-(4-18)-(3-53)-(2-48)-(1-70)-(0-16)],0.0004799365997314453,0.019930601119995117,1,True,0
~?@O????G??C??C?GQ@??G??_G__?OO????Q??????_C??A??????C??G??O??G???C????????c??G?O?OO??G??@?O???CC?K?G?C?AA?????@G_?G?G@??_ACA?__?@A??C??CA??A????H????C@G?C_?????@?O????O???O?@?A??_????????@??_G@???????A???CAACG@????????????A?A??@?????OA??_????CO??????A???D??_????????@A_?@?QO???A?@A??C???????_???E?HG_???_A??GCO????????????_???C?GO???A?A?o?@C?????@?A???AB?@?@???G??A????S??G???????_@??????S?C?@??O???G?C??GQ@?????K?G???G??@A??Q????C???I?C?_???A_?A??G???????AAC???O????C@????O??D????i?????GA??O??????I?@?@???_?o?O???A????????CGg??@?,[(67-78)-(62-69)-(61-77)-(56-76)-(54-74)-(51-79)-(47-68)-(46-75)-(45-72)-(44-59)-(43-63)-(39-55)-(37-65)-(31-41)-(30-60)-(29-38)-(28-71)-(26-42)-(25-66)-(24-27)-(23-52)-(22-40)-(21-33)-(20-36)-(19-32)-(15-17)-(13-14)-(12-73)-(11-57)-(10-49)-(9-35)-(8-58)-(7-50)-(6-34)-(5-64)-(4-18)-(3-53)-(2-48)-(1-70)-(0-16)],0.00048542022705078125,0.04959583282470703,2,True,0
~?@O????G??C??C?GQ@??G??_G__?OO????Q??????_C??A??????C??G??O??G???C????????c??G?O?OO??G??@?O???CC?K?G?C?AA?????@G_?G?G@??_ACA?__?@A??C??CA??A????H????C@G?C_?????@?O????O???O?@?A??_????????@??_G@???????A???CAACG@????????????A?A??@?????OA??_????CO??????A???D??_????????@A_?@?QO???A?@A??C???????_???E?HG_???_A??GCO????????????_???C?GO???A?A?o?@C?????@?A???AB?@?@???G??A????S??G???????_@??????S?C?@??O???G?C??GQ@?????K?G???G??@A??Q????C???I?C?_???A_?A??G???????AAC???O????C@????O??D????i?????GA??O??????I?@?@???_?o?O???A????????CGg??@?,[(67-78)-(62-69)-(61-77)-(56-76)-(55-59)-(54-74)-(51-79)-(47-68)-(46-75)-(45-72)-(43-63)-(39-44)-(37-65)-(31-41)-(30-60)-(29-38)-(28-71)-(26-42)-(25-66)-(24-27)-(23-52)-(22-40)-(21-33)-(20-36)-(19-32)-(15-17)-(13-14)-(12-73)-(11-57)-(10-49)-(9-35)-(8-58)-(7-50)-(6-34)-(5-64)-(4-18)-(3-53)-(2-48)-(1-70)-(0-16)],0.0004978179931640625,0.049930572509765625,2,True,0
~?@O????G??C??C?GQ@??G??_G__?OO????Q??????_C??A??????C??G??O??G???C????????c??G?O?OO??G??@?O???CC?K?G?C?AA?????@G_?G?G@??_ACA?__?@A??C??CA??A????H????C@G?C_?????@?O????O???O?@?A??_????????@??_G@???????A???CAACG@????????????A?A??@?????OA??_????CO??????A???D??_????????@A_?@?QO???A?@A??C???????_???E?HG_???_A??GCO????????????_???C?GO???A?A?o?@C?????@?A???AB?@?@???G??A????S??G???????_@??????S?C?@??O???G?C??GQ@?????K?G???G??@A??Q????C???I?C?_???A_?A??G???????AAC???O????C@????O??D????i?????GA??O??????I?@?@???_?o?O???A????????CGg??@?,[(67-78)-(62-69)-(61-77)-(56-76)-(55-59)-(54-74)-(51-79)-(47-68)-(46-75)-(45-72)-(43-63)-(39-44)-(37-65)-(31-41)-(30-60)-(29-38)-(28-71)-(26-42)-(25-66)-(24-27)-(23-52)-(22-40)-(21-33)-(20-36)-(19-32)-(15-17)-(13-14)-(12-73)-(11-57)-(10-49)-(9-35)-(8-58)-(7-50)-(6-34)-(5-64)-(4-18)-(3-53)-(2-48)-(1-70)-(0-16)],0.00045609474182128906,0.07016515731811523,3,True,0
