G6,emparelhamento,canonical_time,solve_time,qtde_moves,resultado,max_depth
{?H???E??@??C_??A??G???G?G??G?????????_??_?O??@???G?U?CS???_?@W?@???????kC?GH????@`??_O??G??_?Gg@??OA??A???@?Og@GOA??@??H?@???_???_?CO???C??@??_?OA??O?G??EOG???C?@@?A?O@_??EA?C??O@?A?I????`???GcC?O?cE?C???O@?O??I?AR???????G__A??A??@?@??K??AO???D???C???K????cG@??D??_??_@C????@A?GAC?@????@E????_?A,[(53-57)-(46-47)-(41-59)-(39-45)-(38-58)-(31-56)-(29-43)-(28-42)-(27-48)-(25-44)-(24-55)-(23-26)-(21-35)-(20-30)-(19-36)-(15-32)-(14-16)-(13-40)-(12-52)-(11-18)-(10-17)-(9-22)-(7-37)-(6-49)-(5-8)-(4-54)-(3-34)-(2-33)-(1-51)-(0-50)],0.00032329559326171875,0.05509233474731445,3,True,0
{?H???E??@??C_??A??G???G?G??G?????????_??_?O??@???G?U?CS???_?@W?@???????kC?GH????@`??_O??G??_?Gg@??OA??A???@?Og@GOA??@??H?@???_???_?CO???C??@??_?OA??O?G??EOG???C?@@?A?O@_??EA?C??O@?A?I????`???GcC?O?cE?C???O@?O??I?AR???????G__A??A??@?@??K??AO???D???C???K????cG@??D??_??_@C????@A?GAC?@????@E????_?A,[(53-57)-(46-47)-(41-59)-(39-45)-(38-58)-(31-56)-(29-43)-(28-42)-(27-48)-(25-44)-(24-55)-(23-26)-(21-35)-(20-30)-(19-36)-(15-32)-(14-16)-(13-40)-(12-52)-(11-18)-(10-17)-(9-22)-(7-37)-(6-49)-(5-8)-(4-54)-(3-34)-(2-33)-(1-51)-(0-50)],0.0003066062927246094,0.055724143981933594,3,True,0
{?H???E??@??C_??A??G???G?G??G?????????_??_?O??@???G?U?CS???_?@W?@???????kC?GH????@`??_O??G??_?Gg@??OA??A???@?Og@GOA??@??H?@???_???_?CO???C??@??_?OA??O?G??EOG???C?@@?A?O@_??EA?C??O@?A?I????`???GcC?O?cE?C???O@?O??I?AR???????G__A??A??@?@??K??AO???D???C???K????cG@??D??_??_@C????@A?GAC?@????@E????_?A,[(57-59)-(46-47)-(44-56)-(41-42)-(39-45)-(35-53)-(29-43)-(28-38)-(27-48)-(26-31)-(24-58)-(23-55)-(21-25)-(20-30)-(19-36)-(15-32)-(14-16)-(13-40)-(12-52)-(11-18)-(10-17)-(9-22)-(7-37)-(6-49)-(5-8)-(4-54)-(3-34)-(2-33)-(1-51)-(0-50)],0.0002906322479248047,0.016794204711914062,1,True,0
{?H???E??@??C_??A??G???G?G??G?????????_??_?O??@???G?U?CS???_?@W?@???????kC?GH????@`??_O??G??_?Gg@??OA??A???@?Og@GOA??@??H?@???_???_?CO???C??@??_?OA??O?G??EOG???C?@@?A?O@_??EA?C??O@?A?I????`???GcC?O?cE?C???O@?O??I?AR???????G__A??A??@?@??K??AO???D???C???K????cG@??D??_??_@C????@A?GAC?@????@E????_?A,[(57-59)-(46-47)-(44-56)-(41-42)-(39-45)-(35-53)-(29-43)-(28-38)-(27-48)-(26-31)-(24-58)-(23-55)-(21-25)-(20-30)-(19-36)-(15-32)-(14-16)-(13-40)-(12-52)-(11-18)-(10-17)-(9-22)-(7-37)-(6-49)-(5-8)-(4-54)-(3-34)-(2-33)-(1-51)-(0-50)],0.0002875328063964844,0.025266408920288086,1,True,0
{?H???E??@??C_??A??G???G?G??G?????????_??_?O??@???G?U?CS???_?@W?@???????kC?GH????@`??_O??G??_?Gg@??OA??A???@?Og@GOA??@??H?@???_???_?CO???C??@??_?OA??O?G??EOG???C?@@?A?O@_??EA?C??O@?A?I????`???GcC?O?cE?C???O@?O??I?AR???????G__A??A??@?@??K??AO???D???C???K????cG@??D??_??_@C????@A?GAC?@????@E????_?A,[(57-59)-(44-56)-(41-47)-(39-45)-(38-46)-(35-53)-(29-43)-(28-42)-(27-48)-(26-31)-(24-58)-(23-55)-(21-25)-(20-30)-(19-36)-(15-32)-(14-16)-(13-40)-(12-52)-(11-18)-(10-17)-(9-22)-(7-37)-(6-49)-(5-8)-(4-54)-(3-34)-(2-33)-(1-51)-(0-50)],0.00029921531677246094,0.09771728515625,5,True,0
{?H???E??@??C_??A??G???G?G??G?????????_??_?O??@???G?U?CS???_?@W?@???????kC?GH????@`??_O??G??_?Gg@??OA??A???@?Og@GOA??@??H?@???_???_?CO???C??@??_?OA??O?G??EOG???C?@@?A?O@_??EA?C??O@?A?I????`???GcC?O?cE?C???O@?O??I?AR???????G__A??A??@?@??K??AO???D???C???K????cG@??D??_??_@C????@A?GAC?@????@E????_?A,[(57-59)-(44-56)-(41-47)-(39-45)-(38-46)-(35-53)-(29-43)-(28-42)-(27-48)-(26-31)-(24-58)-(23-55)-(21-25)-(20-30)-(19-36)-(15-32)-(14-16)-(13-40)-(12-52)-(11-18)-(10-17)-(9-22)-(7-37)-(6-49)-(5-8)-(4-54)-(3-34)-(2-33)-(1-51)-(0-50)],0.00029730796813964844,0.016603708267211914,1,True,0
{?H???E??@??C_??A??G???G?G??G?????????_??_?O??@???G?U?CS???_?@W?@???????kC?GH????@`??_O??G??_?Gg@??OA??A???@?Og@GOA??@??H?@???_???_?CO???C??@??_?OA??O?G??EOG???C?@@?A?O@_??EA?C??O@?A?I????`???GcC?O?cE?C???O@?O??I?AR???????G__A??A??@?@??K??AO???D???C???K????cG@??D??_??_@C????@A?GAC?@????@E????_?A,[(57-59)-(42-44)-(41-47)-(39-45)-(38-58)-(35-53)-(31-56)-(29-43)-(28-46)-(27-48)-(24-55)-(23-26)-(21-25)-(20-30)-(19-36)-(15-32)-(14-16)-(13-40)-(12-52)-(11-18)-(10-17)-(9-22)-(7-37)-(6-49)-(5-8)-(4-54)-(3-34)-(2-33)-(1-51)-(0-50)],0.0002961158752441406,0.07258081436157227,4,True,0
{?H???E??@??C_??A??G???G?G??G?????????_??_?O??@???G?U?CS???_?@W?@???????kC?GH????@`??_O??G??_?Gg@??OA??A???@?Og@GOA??@??H?@???_???_?CO???C??@??_?OA??O?G??EOG???C?@@?A?O@_??EA?C??O@?A?I????`???GcC?O?cE?C???O@?O??I?AR???????G__A??A??@?@??K??AO???D???C???K????cG@??D??_??_@C????@A?GAC?@????@E????_?A,[(57-59)-(42-44)-(41-47)-(39-45)-(38-58)-(35-53)-(31-56)-(29-43)-(28-46)-(27-48)-(24-55)-(23-26)-(21-25)-(20-30)-(19-36)-(15-32)-(14-16)-(13-40)-(12-52)-(11-18)-(10-17)-(9-22)-(7-37)-(6-49)-(5-8)-(4-54)-(3-34)-(2-33)-(1-51)-(0-50)],0.00030684471130371094,0.039551496505737305,2,True,0
{?H???E??@??C_??A??G???G?G??G?????????_??_?O??@???G?U?CS???_?@W?@???????kC?GH????@`??_O??G??_?Gg@??OA??A???@?Og@GOA??@??H?@???_???_?CO???C??@??_?OA??O?G??EOG???C?@@?A?O@_??EA?C??O@?A?I????`???GcC?O?cE?C???O@?O??I?AR???????G__A??A??@?@??K??AO???D???C???K????cG@??D??_??_@C????@A?GAC?@????@E????_?A,[(46-47)-(41-59)-(39-45)-(38-58)-(35-53)-(31-56)-(29-43)-(28-42)-(27-48)-(25-44)-(24-55)-(23-26)-(21-57)-(20-30)-(19-36)-(15-32)-(14-16)-(13-40)-(12-52)-(11-18)-(10-17)-(9-22)-(7-37)-(6-49)-(5-8)-(4-54)-(3-34)-(2-33)-(1-51)-(0-50)],0.00029015541076660156,0.07265448570251465,4,True,0
{?H???E??@??C_??A??G???G?G??G?????????_??_?O??@???G?U?CS???_?@W?@???????kC?GH????@`??_O??G??_?Gg@??OA??A???@?Og@GOA??@??H?@???_???_?CO???C??@??_?OA??O?G??EOG???C?@@?A?O@_??EA?C??O@?A?I????`???GcC?O?cE?C???O@?O??I?AR???????G__A??A??@?@??K??AO???D???C???K????cG@??D??_??_@C????@A?GAC?@????@E????_?A,[(46-47)-(41-59)-(39-45)-(38-58)-(35-53)-(31-56)-(29-43)-(28-42)-(27-48)-(25-44)-(24-55)-(23-26)-(21-57)-(20-30)-(19-36)-(15-32)-(14-16)-(13-40)-(12-52)-(11-18)-(10-17)-(9-22)-(7-37)-(6-49)-(5-8)-(4-54)-(3-34)-(2-33)-(1-51)-(0-50)],0.0003058910369873047,0.025402307510375977,1,True,0
{?H???E??@??C_??A??G???G?G??G?????????_??_?O??@???G?U?CS???_?@W?@???????kC?GH????@`??_O??G??_?Gg@??OA??A???@?Og@GOA??@??H?@???_???_?CO???C??@??_?OA??O?G??EOG???C?@@?A?O@_??EA?C??O@?A?I????`???GcC?O?cE?C???O@?O??I?AR???????G__A??A??@?@??K??AO???D???C???K????cG@??D??_??_@C????@A?GAC?@????@E????_?A,[(57-59)-(46-47)-(41-42)-(39-45)-(31-56)-(29-43)-(28-38)-(27-48)-(26-36)-(25-44)-(24-58)-(23-55)-(21-35)-(20-30)-(19-53)-(15-32)-(14-16)-(13-40)-(12-52)-(11-18)-(10-17)-(9-22)-(7-37)-(6-49)-(5-8)-(4-54)-(3-34)-(2-33)-(1-51)-(0-50)],0.0003380775451660156,0.04004955291748047,2,True,0
{?H???E??@??C_??A??G???G?G??G?????????_??_?O??@???G?U?CS???_?@W?@???????kC?GH????@`??_O??G??_?Gg@??OA??A???@?Og@GOA??@??H?@???_???_?CO???C??@??_?OA??O?G??EOG???C?@@?A?O@_??EA?C??O@?A?I????`???GcC?O?cE?C???O@?O??I?AR???????G__A??A??@?@??K??AO???D???C???K????cG@??D??_??_@C????@A?GAC?@????@E????_?A,[(57-59)-(46-47)-(41-42)-(39-45)-(31-56)-(29-43)-(28-38)-(27-48)-(26-36)-(25-44)-(24-58)-(23-55)-(21-35)-(20-30)-(19-53)-(15-32)-(14-16)-(13-40)-(12-52)-(11-18)-(10-17)-(9-22)-(7-37)-(6-49)-(5-8)-(4-54)-(3-34)-(2-33)-(1-51)-(0-50)],0.0003025531768798828,0.0733339786529541,4,True,0
{?H???E??@??C_??A??G???G?G??G?????????_??_?O??@???G?U?CS???_?@W?@???????kC?GH????@`??_O??G??_?Gg@??OA??A???@?Og@GOA??@??H?@???_???_?CO???C??@??_?OA??O?G??EOG???C?@@?A?O@_??EA?C??O@?A?I????`???GcC?O?cE?C???O@?O??I?AR???????G__A??A??@?@??K??AO???D???C???K????cG@??D??_??_@C????@A?GAC?@????@E????_?A,[(57-59)-(41-47)-(39-45)-(38-46)-(31-56)-(29-43)-(28-42)-(27-48)-(26-36)-(25-44)-(24-58)-(23-55)-(21-35)-(20-30)-(19-53)-(15-32)-(14-16)-(13-40)-(12-52)-(11-18)-(10-17)-(9-22)-(7-37)-(6-49)-(5-8)-(4-54)-(3-34)-(2-33)-(1-51)-(0-50)],0.0002956390380859375,0.02509474754333496,1,True,0
{?H???E??@??C_??A??G???G?G??G?????????_??_?O??@???G?U?CS???_?@W?@???????kC?GH????@`??_O??G??_?Gg@??OA??A???@?Og@GOA??@??H?@???_???_?CO???C??@??_?OA??O?G??EOG???C?@@?A?O@_??EA?C??O@?A?I????`???GcC?O?cE?C???O@?O??I?AR???????G__A??A??@?@??K??AO???D???C???K????cG@??D??_??_@C????@A?GAC?@????@E????_?A,[(57-59)-(41-47)-(39-45)-(38-46)-(31-56)-(29-43)-(28-42)-(27-48)-(26-36)-(25-44)-(24-58)-(23-55)-(21-35)-(20-30)-(19-53)-(15-32)-(14-16)-(13-40)-(12-52)-(11-18)-(10-17)-(9-22)-(7-37)-(6-49)-(5-8)-(4-54)-(3-34)-(2-33)-(1-51)-(0-50)],0.0003097057342529297,0.01651906967163086,1,True,0
{?H???E??@??C_??A??G???G?G??G?????????_??_?O??@???G?U?CS???_?@W?@???????kC?GH????@`??_O??G??_?Gg@??OA??A???@?Og@GOA??@??H?@???_???_?CO???C??@??_?OA??O?G??EOG???C?@@?A?O@_??EA?C??O@?A?I????`???GcC?O?cE?C???O@?O??I?AR???????G__A??A??@?@??K??AO???D???C???K????cG@??D??_??_@C????@A?GAC?@????@E????_?A,[(57-59)-(46-47)-(44-56)-(41-42)-(39-45)-(35-36)-(29-43)-(28-38)-(27-48)-(26-31)-(24-58)-(23-55)-(21-25)-(20-30)-(19-53)-(15-32)-(14-16)-(13-40)-(12-52)-(11-18)-(10-17)-(9-22)-(7-37)-(6-49)-(5-8)-(4-54)-(3-34)-(2-33)-(1-51)-(0-50)],0.00030112266540527344,0.05521750450134277,3,True,0
{?H???E??@??C_??A??G???G?G??G?????????_??_?O??@???G?U?CS???_?@W?@???????kC?GH????@`??_O??G??_?Gg@??OA??A???@?Og@GOA??@??H?@???_???_?CO???C??@??_?OA??O?G??EOG???C?@@?A?O@_??EA?C??O@?A?I????`???GcC?O?cE?C???O@?O??I?AR???????G__A??A??@?@??K??AO???D???C???K????cG@??D??_??_@C????@A?GAC?@????@E????_?A,[(57-59)-(46-47)-(44-56)-(41-42)-(39-45)-(35-36)-(29-43)-(28-38)-(27-48)-(26-31)-(24-58)-(23-55)-(21-25)-(20-30)-(19-53)-(15-32)-(14-16)-(13-40)-(12-52)-(11-18)-(10-17)-(9-22)-(7-37)-(6-49)-(5-8)-(4-54)-(3-34)-(2-33)-(1-51)-(0-50)],0.00030159950256347656,0.0923624038696289,5,True,0
{?H???E??@??C_??A??G???G?G??G?????????_??_?O??@???G?U?CS???_?@W?@???????kC?GH????@`??_O??G??_?Gg@??OA??A???@?Og@GOA??@??H?@???_???_?CO???C??@??_?OA??O?G??EOG???C?@@?A?O@_??EA?C??O@?A?I????`???GcC?O?cE?C???O@?O??I?AR???????G__A??A??@?@??K??AO???D???C???K????cG@??D??_??_@C????@A?GAC?@????@E????_?A,[(57-59)-(44-56)-(41-47)-(39-45)-(38-46)-(35-36)-(29-43)-(28-42)-(27-48)-(26-31)-(24-58)-(23-55)-(21-25)-(20-30)-(19-53)-(15-32)-(14-16)-(13-40)-(12-52)-(11-18)-(10-17)-(9-22)-(7-37)-(6-49)-(5-8)-(4-54)-(3-34)-(2-33)-(1-51)-(0-50)],0.0002894401550292969,0.0561976432800293,3,True,0
{?H???E??@??C_??A??G???G?G??G?????????_??_?O??@???G?U?CS???_?@W?@???????kC?GH????@`??_O??G??_?Gg@??OA??A???@?Og@GOA??@??H?@???_???_?CO???C??@??_?OA??O?G??EOG???C?@@?A?O@_??EA?C??O@?A?I????`???GcC?O?cE?C???O@?O??I?AR???????G__A??A??@?@??K??AO???D???C???K????cG@??D??_??_@C????@A?GAC?@????@E????_?A,[(57-59)-(44-56)-(41-47)-(39-45)-(38-46)-(35-36)-(29-43)-(28-42)-(27-48)-(26-31)-(24-58)-(23-55)-(21-25)-(20-30)-(19-53)-(15-32)-(14-16)-(13-40)-(12-52)-(11-18)-(10-17)-(9-22)-(7-37)-(6-49)-(5-8)-(4-54)-(3-34)-(2-33)-(1-51)-(0-50)],0.00030303001403808594,0.03976631164550781,2,True,0
{?H???E??@??C_??A??G???G?G??G?????????_??_?O??@???G?U?CS???_?@W?@???????kC?GH????@`??_O??G??_?Gg@??OA??A???@?Og@GOA??@??H?@???_???_?CO???C??@??_?OA??O?G??EOG???C?@@?A?O@_??EA?C??O@?A?I????`???GcC?O?cE?C???O@?O??I?AR???????G__A??A??@?@??K??AO???D???C???K????cG@??D??_??_@C????@A?GAC?@????@E????_?A,[(57-59)-(42-44)-(41-47)-(39-45)-(38-58)-(35-36)-(31-56)-(29-43)-(28-46)-(27-48)-(24-55)-(23-26)-(21-25)-(20-30)-(19-53)-(15-32)-(14-16)-(13-40)-(12-52)-(11-18)-(10-17)-(9-22)-(7-37)-(6-49)-(5-8)-(4-54)-(3-34)-(2-33)-(1-51)-(0-50)],0.00033402442932128906,0.09276223182678223,5,True,0
{?H???E??@??C_??A??G???G?G??G?????????_??_?O??@???G?U?CS???_?@W?@???????kC?GH????@`??_O??G??_?Gg@??OA??A???@?Og@GOA??@??H?@???_???_?CO???C??@??_?OA??O?G??EOG???C?@@?A?O@_??EA?C??O@?A?I????`???GcC?O?cE?C???O@?O??I?AR???????G__A??A??@?@??K??AO???D???C???K????cG@??D??_??_@C????@A?GAC?@????@E????_?A,[(57-59)-(42-44)-(41-47)-(39-45)-(38-58)-(35-36)-(31-56)-(29-43)-(28-46)-(27-48)-(24-55)-(23-26)-(21-25)-(20-30)-(19-53)-(15-32)-(14-16)-(13-40)-(12-52)-(11-18)-(10-17)-(9-22)-(7-37)-(6-49)-(5-8)-(4-54)-(3-34)-(2-33)-(1-51)-(0-50)],0.0003113746643066406,0.025294780731201172,1,True,0
{????G?E?G?SA?C??_L?C?A?@G??_?O???_?@_???o???AG?O@?W?????S????_OW???????_o?AQ??@?G_I??AOA?G??E?@G????_?o??????A??O?A?@C????AC?@OC?C??O?OA_AG??_g?O@??_@?O?P??_B????@??OO?AG???????WGO??O??@?C????_??IC@?`??????P???GA_?_DC?C??C?????_O?A??O????G???G?@??[?AAGC???@?C@????@?????O?O`_@c????@??C???CG???Oc,[(54-58)-(52-53)-(44-47)-(37-57)-(36-51)-(30-55)-(29-31)-(28-46)-(27-42)-(26-41)-(25-59)-(24-48)-(22-45)-(20-43)-(15-23)-(14-39)-(13-40)-(12-50)-(11-34)-(10-16)-(9-18)-(8-33)-(7-17)-(6-21)-(5-35)-(4-19)-(3-49)-(2-38)-(1-56)-(0-32)],0.00030303001403808594,0.025179386138916016,1,True,0
{????G?E?G?SA?C??_L?C?A?@G??_?O???_?@_???o???AG?O@?W?????S????_OW???????_o?AQ??@?G_I??AOA?G??E?@G????_?o??????A??O?A?@C????AC?@OC?C??O?OA_AG??_g?O@??_@?O?P??_B????@??OO?AG???????WGO??O??@?C????_??IC@?`??????P???GA_?_DC?C??C?????_O?A??O????G???G?@??[?AAGC???@?C@????@?????O?O`_@c????@??C???CG???Oc,[(54-58)-(52-53)-(44-47)-(37-57)-(36-51)-(30-55)-(29-31)-(28-46)-(27-42)-(26-41)-(25-59)-(24-48)-(22-45)-(20-43)-(15-23)-(14-39)-(13-40)-(12-50)-(11-34)-(10-16)-(9-18)-(8-33)-(7-17)-(6-21)-(5-35)-(4-19)-(3-49)-(2-38)-(1-56)-(0-32)],0.0002944469451904297,0.0393984317779541,2,True,0
{????G?E?G?SA?C??_L?C?A?@G??_?O???_?@_???o???AG?O@?W?????S????_OW???????_o?AQ??@?G_I??AOA?G??E?@G????_?o??????A??O?A?@C????AC?@OC?C??O?OA_AG??_g?O@??_@?O?P??_B????@??OO?AG???????WGO??O??@?C????_??IC@?`??????P???GA_?_DC?C??C?????_O?A??O????G???G?@??[?AAGC???@?C@????@?????O?O`_@c????@??C???CG???Oc,[(54-58)-(52-53)-(46-48)-(44-47)-(37-57)-(30-55)-(29-31)-(28-36)-(27-42)-(26-41)-(25-59)-(24-51)-(22-45)-(20-43)-(15-23)-(14-39)-(13-40)-(12-50)-(11-34)-(10-16)-(9-18)-(8-33)-(7-17)-(6-21)-(5-35)-(4-19)-(3-49)-(2-38)-(1-56)-(0-32)],0.0002930164337158203,0.05562639236450195,3,True,0
{????G?E?G?SA?C??_L?C?A?@G??_?O???_?@_???o???AG?O@?W?????S????_OW???????_o?AQ??@?G_I??AOA?G??E?@G????_?o??????A??O?A?@C????AC?@OC?C??O?OA_AG??_g?O@??_@?O?P??_B????@??OO?AG???????WGO??O??@?C????_??IC@?`??????P???GA_?_DC?C??C?????_O?A??O????G???G?@??[?AAGC???@?C@????@?????O?O`_@c????@??C???CG???Oc,[(54-58)-(52-53)-(46-48)-(44-47)-(37-57)-(30-55)-(29-31)-(28-36)-(27-42)-(26-41)-(25-59)-(24-51)-(22-45)-(20-43)-(15-23)-(14-39)-(13-40)-(12-50)-(11-34)-(10-16)-(9-18)-(8-33)-(7-17)-(6-21)-(5-35)-(4-19)-(3-49)-(2-38)-(1-56)-(0-32)],0.0003025531768798828,0.06199359893798828,4,True,0
{????G?E?G?SA?C??_L?C?A?@G??_?O???_?@_???o???AG?O@?W?????S????_OW???????_o?AQ??@?G_I??AOA?G??E?@G????_?o??????A??O?A?@C????AC?@OC?C??O?OA_AG??_g?O@??_@?O?P??_B????@??OO?AG???????WGO??O??@?C????_??IC@?`??????P???GA_?_DC?C??C?????_O?A??O????G???G?@??[?AAGC???@?C@????@?????O?O`_@c????@??C???CG???Oc,[(54-58)-(53-59)-(44-47)-(43-52)-(37-57)-(36-39)-(29-31)-(28-46)-(26-41)-(25-40)-(24-48)-(23-55)-(22-45)-(20-51)-(15-27)-(14-42)-(13-30)-(12-50)-(11-34)-(10-16)-(9-18)-(8-33)-(7-17)-(6-21)-(5-35)-(4-19)-(3-49)-(2-38)-(1-56)-(0-32)],0.00030040740966796875,0.024607181549072266,1,True,0
{????G?E?G?SA?C??_L?C?A?@G??_?O???_?@_???o???AG?O@?W?????S????_OW???????_o?AQ??@?G_I??AOA?G??E?@G????_?o??????A??O?A?@C????AC?@OC?C??O?OA_AG??_g?O@??_@?O?P??_B????@??OO?AG???????WGO??O??@?C????_??IC@?`??????P???GA_?_DC?C??C?????_O?A??O????G???G?@??[?AAGC???@?C@????@?????O?O`_@c????@??C???CG???Oc,[(54-58)-(53-59)-(44-47)-(43-52)-(37-57)-(36-39)-(29-31)-(28-46)-(26-41)-(25-40)-(24-48)-(23-55)-(22-45)-(20-51)-(15-27)-(14-42)-(13-30)-(12-50)-(11-34)-(10-16)-(9-18)-(8-33)-(7-17)-(6-21)-(5-35)-(4-19)-(3-49)-(2-38)-(1-56)-(0-32)],0.00029158592224121094,0.056108951568603516,3,True,0
{????G?E?G?SA?C??_L?C?A?@G??_?O???_?@_???o???AG?O@?W?????S????_OW???????_o?AQ??@?G_I??AOA?G??E?@G????_?o??????A??O?A?@C????AC?@OC?C??O?OA_AG??_g?O@??_@?O?P??_B????@??OO?AG???????WGO??O??@?C????_??IC@?`??????P???GA_?_DC?C??C?????_O?A??O????G???G?@??[?AAGC???@?C@????@?????O?O`_@c????@??C???CG???Oc,[(54-58)-(53-59)-(46-48)-(44-47)-(43-52)-(37-57)-(29-31)-(28-36)-(26-41)-(25-40)-(24-39)-(23-55)-(22-45)-(20-51)-(15-27)-(14-42)-(13-30)-(12-50)-(11-34)-(10-16)-(9-18)-(8-33)-(7-17)-(6-21)-(5-35)-(4-19)-(3-49)-(2-38)-(1-56)-(0-32)],0.00030493736267089844,0.05494499206542969,3,True,0
{????G?E?G?SA?C??_L?C?A?@G??_?O???_?@_???o???AG?O@?W?????S????_OW???????_o?AQ??@?G_I??AOA?G??E?@G????_?o??????A??O?A?@C????AC?@OC?C??O?OA_AG??_g?O@??_@?O?P??_B????@??OO?AG???????WGO??O??@?C????_??IC@?`??????P???GA_?_DC?C??C?????_O?A??O????G???G?@??[?AAGC???@?C@????@?????O?O`_@c????@??C???CG???Oc,[(54-58)-(53-59)-(46-48)-(44-47)-(43-52)-(37-57)-(29-31)-(28-36)-(26-41)-(25-40)-(24-39)-(23-55)-(22-45)-(20-51)-(15-27)-(14-42)-(13-30)-(12-50)-(11-34)-(10-16)-(9-18)-(8-33)-(7-17)-(6-21)-(5-35)-(4-19)-(3-49)-(2-38)-(1-56)-(0-32)],0.0003044605255126953,0.01714777946472168,1,True,0
{????G?E?G?SA?C??_L?C?A?@G??_?O???_?@_???o???AG?O@?W?????S????_OW???????_o?AQ??@?G_I??AOA?G??E?@G????_?o??????A??O?A?@C????AC?@OC?C??O?OA_AG??_g?O@??_@?O?P??_B????@??OO?AG???????WGO??O??@?C????_??IC@?`??????P???GA_?_DC?C??C?????_O?A??O????G???G?@??[?AAGC???@?C@????@?????O?O`_@c????@??C???CG???Oc,[(54-58)-(52-53)-(48-59)-(44-47)-(37-57)-(36-39)-(29-31)-(28-46)-(26-41)-(25-40)-(24-51)-(23-55)-(22-45)-(20-43)-(15-27)-(14-42)-(13-30)-(12-50)-(11-34)-(10-16)-(9-18)-(8-33)-(7-17)-(6-21)-(5-35)-(4-19)-(3-49)-(2-38)-(1-56)-(0-32)],0.0003159046173095703,0.0166776180267334,1,True,0
{????G?E?G?SA?C??_L?C?A?@G??_?O???_?@_???o???AG?O@?W?????S????_OW???????_o?AQ??@?G_I??AOA?G??E?@G????_?o??????A??O?A?@C????AC?@OC?C??O?OA_AG??_g?O@??_@?O?P??_B????@??OO?AG???????WGO??O??@?C????_??IC@?`??????P???GA_?_DC?C??C?????_O?A??O????G???G?@??[?AAGC???@?C@????@?????O?O`_@c????@??C???CG???Oc,[(54-58)-(52-53)-(48-59)-(44-47)-(37-57)-(36-39)-(29-31)-(28-46)-(26-41)-(25-40)-(24-51)-(23-55)-(22-45)-(20-43)-(15-27)-(14-42)-(13-30)-(12-50)-(11-34)-(10-16)-(9-18)-(8-33)-(7-17)-(6-21)-(5-35)-(4-19)-(3-49)-(2-38)-(1-56)-(0-32)],0.0002987384796142578,0.05957627296447754,3,True,0
{????G?E?G?SA?C??_L?C?A?@G??_?O???_?@_???o???AG?O@?W?????S????_OW???????_o?AQ??@?G_I??AOA?G??E?@G????_?o??????A??O?A?@C????AC?@OC?C??O?OA_AG??_g?O@??_@?O?P??_B????@??OO?AG???????WGO??O??@?C????_??IC@?`??????P???GA_?_DC?C??C?????_O?A??O????G???G?@??[?AAGC???@?C@????@?????O?O`_@c????@??C???CG???Oc,[(54-58)-(52-53)-(48-59)-(44-47)-(37-57)-(36-51)-(29-31)-(28-46)-(26-41)-(25-40)-(24-39)-(23-55)-(22-45)-(20-43)-(15-27)-(14-42)-(13-30)-(12-50)-(11-34)-(10-16)-(9-18)-(8-33)-(7-17)-(6-21)-(5-35)-(4-19)-(3-49)-(2-38)-(1-56)-(0-32)],0.0003056526184082031,0.039795875549316406,2,True,0
{????G?E?G?SA?C??_L?C?A?@G??_?O???_?@_???o???AG?O@?W?????S????_OW???????_o?AQ??@?G_I??AOA?G??E?@G????_?o??????A??O?A?@C????AC?@OC?C??O?OA_AG??_g?O@??_@?O?P??_B????@??OO?AG???????WGO??O??@?C????_??IC@?`??????P???GA_?_DC?C??C?????_O?A??O????G???G?@??[?AAGC???@?C@????@?????O?O`_@c????@??C???CG???Oc,[(54-58)-(52-53)-(48-59)-(44-47)-(37-57)-(36-51)-(29-31)-(28-46)-(26-41)-(25-40)-(24-39)-(23-55)-(22-45)-(20-43)-(15-27)-(14-42)-(13-30)-(12-50)-(11-34)-(10-16)-(9-18)-(8-33)-(7-17)-(6-21)-(5-35)-(4-19)-(3-49)-(2-38)-(1-56)-(0-32)],0.00029087066650390625,0.0541384220123291,3,True,0
{????G?E?G?SA?C??_L?C?A?@G??_?O???_?@_???o???AG?O@?W?????S????_OW???????_o?AQ??@?G_I??AOA?G??E?@G????_?o??????A??O?A?@C????AC?@OC?C??O?OA_AG??_g?O@??_@?O?P??_B????@??OO?AG???????WGO??O??@?C????_??IC@?`??????P???GA_?_DC?C??C?????_O?A??O????G???G?@??[?AAGC???@?C@????@?????O?O`_@c????@??C???CG???Oc,[(54-58)-(53-59)-(44-47)-(43-52)-(37-57)-(36-39)-(30-55)-(29-31)-(28-46)-(27-42)-(26-41)-(25-40)-(24-48)-(22-45)-(20-51)-(15-23)-(13-14)-(12-50)-(11-34)-(10-16)-(9-18)-(8-33)-(7-17)-(6-21)-(5-35)-(4-19)-(3-49)-(2-38)-(1-56)-(0-32)],0.00031876564025878906,0.04014849662780762,2,True,0
{????G?E?G?SA?C??_L?C?A?@G??_?O???_?@_???o???AG?O@?W?????S????_OW???????_o?AQ??@?G_I??AOA?G??E?@G????_?o??????A??O?A?@C????AC?@OC?C??O?OA_AG??_g?O@??_@?O?P??_B????@??OO?AG???????WGO??O??@?C????_??IC@?`??????P???GA_?_DC?C??C?????_O?A??O????G???G?@??[?AAGC???@?C@????@?????O?O`_@c????@??C???CG???Oc,[(54-58)-(53-59)-(44-47)-(43-52)-(37-57)-(36-39)-(30-55)-(29-31)-(28-46)-(27-42)-(26-41)-(25-40)-(24-48)-(22-45)-(20-51)-(15-23)-(13-14)-(12-50)-(11-34)-(10-16)-(9-18)-(8-33)-(7-17)-(6-21)-(5-35)-(4-19)-(3-49)-(2-38)-(1-56)-(0-32)],0.0002899169921875,0.039406538009643555,2,True,0
{????G?E?G?SA?C??_L?C?A?@G??_?O???_?@_???o???AG?O@?W?????S????_OW???????_o?AQ??@?G_I??AOA?G??E?@G????_?o??????A??O?A?@C????AC?@OC?C??O?OA_AG??_g?O@??_@?O?P??_B????@??OO?AG???????WGO??O??@?C????_??IC@?`??????P???GA_?_DC?C??C?????_O?A??O????G???G?@??[?AAGC???@?C@????@?????O?O`_@c????@??C???CG???Oc,[(54-58)-(53-59)-(46-48)-(44-47)-(43-52)-(37-57)-(30-55)-(29-31)-(28-36)-(27-42)-(26-41)-(25-40)-(24-39)-(22-45)-(20-51)-(15-23)-(13-14)-(12-50)-(11-34)-(10-16)-(9-18)-(8-33)-(7-17)-(6-21)-(5-35)-(4-19)-(3-49)-(2-38)-(1-56)-(0-32)],0.0002932548522949219,0.055330514907836914,3,True,0
{????G?E?G?SA?C??_L?C?A?@G??_?O???_?@_???o???AG?O@?W?????S????_OW???????_o?AQ??@?G_I??AOA?G??E?@G????_?o??????A??O?A?@C????AC?@OC?C??O?OA_AG??_g?O@??_@?O?P??_B????@??OO?AG???????WGO??O??@?C????_??IC@?`??????P???GA_?_DC?C??C?????_O?A??O????G???G?@??[?AAGC???@?C@????@?????O?O`_@c????@??C???CG???Oc,[(54-58)-(53-59)-(46-48)-(44-47)-(43-52)-(37-57)-(30-55)-(29-31)-(28-36)-(27-42)-(26-41)-(25-40)-(24-39)-(22-45)-(20-51)-(15-23)-(13-14)-(12-50)-(11-34)-(10-16)-(9-18)-(8-33)-(7-17)-(6-21)-(5-35)-(4-19)-(3-49)-(2-38)-(1-56)-(0-32)],0.0003097057342529297,0.055304765701293945,3,True,0
{????G?E?G?SA?C??_L?C?A?@G??_?O???_?@_???o???AG?O@?W?????S????_OW???????_o?AQ??@?G_I??AOA?G??E?@G????_?o??????A??O?A?@C????AC?@OC?C??O?OA_AG??_g?O@??_@?O?P??_B????@??OO?AG???????WGO??O??@?C????_??IC@?`??????P???GA_?_DC?C??C?????_O?A??O????G???G?@??[?AAGC???@?C@????@?????O?O`_@c????@??C???CG???Oc,[(54-58)-(52-53)-(48-59)-(44-47)-(37-57)-(36-39)-(30-55)-(29-31)-(28-46)-(27-42)-(26-41)-(25-40)-(24-51)-(22-45)-(20-43)-(15-23)-(13-14)-(12-50)-(11-34)-(10-16)-(9-18)-(8-33)-(7-17)-(6-21)-(5-35)-(4-19)-(3-49)-(2-38)-(1-56)-(0-32)],0.00029349327087402344,0.05566549301147461,3,True,0
{????G?E?G?SA?C??_L?C?A?@G??_?O???_?@_???o???AG?O@?W?????S????_OW???????_o?AQ??@?G_I??AOA?G??E?@G????_?o??????A??O?A?@C????AC?@OC?C??O?OA_AG??_g?O@??_@?O?P??_B????@??OO?AG???????WGO??O??@?C????_??IC@?`??????P???GA_?_DC?C??C?????_O?A??O????G???G?@??[?AAGC???@?C@????@?????O?O`_@c????@??C???CG???Oc,[(54-58)-(52-53)-(48-59)-(44-47)-(37-57)-(36-39)-(30-55)-(29-31)-(28-46)-(27-42)-(26-41)-(25-40)-(24-51)-(22-45)-(20-43)-(15-23)-(13-14)-(12-50)-(11-34)-(10-16)-(9-18)-(8-33)-(7-17)-(6-21)-(5-35)-(4-19)-(3-49)-(2-38)-(1-56)-(0-32)],0.0003001689910888672,0.016611814498901367,1,True,0
{????G?E?G?SA?C??_L?C?A?@G??_?O???_?@_???o???AG?O@?W?????S????_OW???????_o?AQ??@?G_I??AOA?G??E?@G????_?o??????A??O?A?@C????AC?@OC?C??O?OA_AG??_g?O@??_@?O?P??_B????@??OO?AG???????WGO??O??@?C????_??IC@?`??????P???GA_?_DC?C??C?????_O?A??O????G???G?@??[?AAGC???@?C@????@?????O?O`_@c????@??C???CG???Oc,[(54-58)-(52-53)-(48-59)-(44-47)-(37-57)-(36-51)-(30-55)-(29-31)-(28-46)-(27-42)-(26-41)-(25-40)-(24-39)-(22-45)-(20-43)-(15-23)-(13-14)-(12-50)-(11-34)-(10-16)-(9-18)-(8-33)-(7-17)-(6-21)-(5-35)-(4-19)-(3-49)-(2-38)-(1-56)-(0-32)],0.0003514289855957031,0.09100890159606934,5,True,0
{????G?E?G?SA?C??_L?C?A?@G??_?O???_?@_???o???AG?O@?W?????S????_OW???????_o?AQ??@?G_I??AOA?G??E?@G????_?o??????A??O?A?@C????AC?@OC?C??O?OA_AG??_g?O@??_@?O?P??_B????@??OO?AG???????WGO??O??@?C????_??IC@?`??????P???GA_?_DC?C??C?????_O?A??O????G???G?@??[?AAGC???@?C@????@?????O?O`_@c????@??C???CG???Oc,[(54-58)-(52-53)-(48-59)-(44-47)-(37-57)-(36-51)-(30-55)-(29-31)-(28-46)-(27-42)-(26-41)-(25-40)-(24-39)-(22-45)-(20-43)-(15-23)-(13-14)-(12-50)-(11-34)-(10-16)-(9-18)-(8-33)-(7-17)-(6-21)-(5-35)-(4-19)-(3-49)-(2-38)-(1-56)-(0-32)],0.0003001689910888672,0.05488729476928711,3,True,0
{O?O?C?A??G?C?GggA?C?I??@??O?GC?A???O??GG??_??C?GC??O??G`G?????K???G??G????gG???G?C?gA??G???_???P??O?a?G?????@?C?GCAOO?@?G?G???S??_????@?_POA???@?COA?????OOC?CGC@?A???_K?????????W@A?@?_`?_?O???CCI????OD@?C????_AA_?????G??__?GC?GC??O??_?A?GC???C_CO????GAAO??aD??O????OCG????AGG??G_??O??g?CO@K?????,[(51-56)-(46-53)-(45-49)-(44-57)-(41-50)-(31-38)-(30-43)-(29-40)-(28-47)-(27-54)-(25-55)-(23-36)-(22-59)-(20-21)-(18-33)-(16-39)-(15-24)-(14-52)-(13-26)-(12-42)-(11-58)-(10-34)-(9-35)-(8-37)-(7-17)-(6-19)-(4-32)-(3-5)-(1-48)-(0-2)],0.0003337860107421875,0.057711124420166016,3,True,0
{O?O?C?A??G?C?GggA?C?I??@??O?GC?A???O??GG??_??C?GC??O??G`G?????K???G??G????gG???G?C?gA??G???_???P??O?a?G?????@?C?GCAOO?@?G?G???S??_????@?_POA???@?COA?????OOC?CGC@?A???_K?????????W@A?@?_`?_?O???CCI????OD@?C????_AA_?????G??__?GC?GC??O??_?A?GC???C_CO????GAAO??aD??O????OCG????AGG??G_??O??g?CO@K?????,[(51-56)-(46-53)-(45-49)-(44-57)-(41-50)-(31-38)-(30-43)-(29-40)-(28-47)-(27-54)-(25-55)-(23-36)-(22-59)-(20-21)-(18-33)-(16-39)-(15-24)-(14-52)-(13-26)-(12-42)-(11-58)-(10-34)-(9-35)-(8-37)-(7-17)-(6-19)-(4-32)-(3-5)-(1-48)-(0-2)],0.0003077983856201172,0.01667499542236328,1,True,0
{O?O?C?A??G?C?GggA?C?I??@??O?GC?A???O??GG??_??C?GC??O??G`G?????K???G??G????gG???G?C?gA??G???_???P??O?a?G?????@?C?GCAOO?@?G?G???S??_????@?_POA???@?COA?????OOC?CGC@?A???_K?????????W@A?@?_`?_?O???CCI????OD@?C????_AA_?????G??__?GC?GC??O??_?A?GC???C_CO????GAAO??aD??O????OCG????AGG??G_??O??g?CO@K?????,[(51-56)-(46-53)-(45-49)-(44-57)-(41-50)-(36-54)-(31-38)-(30-43)-(29-40)-(28-47)-(25-55)-(23-27)-(22-59)-(20-21)-(18-33)-(16-39)-(15-24)-(14-52)-(13-26)-(12-42)-(11-58)-(10-34)-(9-35)-(8-37)-(7-17)-(6-19)-(4-32)-(3-5)-(1-48)-(0-2)],0.0003185272216796875,0.04078555107116699,2,True,0
{O?O?C?A??G?C?GggA?C?I??@??O?GC?A???O??GG??_??C?GC??O??G`G?????K???G??G????gG???G?C?gA??G???_???P??O?a?G?????@?C?GCAOO?@?G?G???S??_????@?_POA???@?COA?????OOC?CGC@?A???_K?????????W@A?@?_`?_?O???CCI????OD@?C????_AA_?????G??__?GC?GC??O??_?A?GC???C_CO????GAAO??aD??O????OCG????AGG??G_??O??g?CO@K?????,[(51-56)-(46-53)-(45-49)-(44-57)-(41-50)-(36-54)-(31-38)-(30-43)-(29-40)-(28-47)-(25-55)-(23-27)-(22-59)-(20-21)-(18-33)-(16-39)-(15-24)-(14-52)-(13-26)-(12-42)-(11-58)-(10-34)-(9-35)-(8-37)-(7-17)-(6-19)-(4-32)-(3-5)-(1-48)-(0-2)],0.00030040740966796875,0.0399775505065918,2,True,0
{O?O?C?A??G?C?GggA?C?I??@??O?GC?A???O??GG??_??C?GC??O??G`G?????K???G??G????gG???G?C?gA??G???_???P??O?a?G?????@?C?GCAOO?@?G?G???S??_????@?_POA???@?COA?????OOC?CGC@?A???_K?????????W@A?@?_`?_?O???CCI????OD@?C????_AA_?????G??__?GC?GC??O??_?A?GC???C_CO????GAAO??aD??O????OCG????AGG??G_??O??g?CO@K?????,[(51-56)-(45-49)-(44-57)-(41-50)-(40-54)-(36-53)-(31-38)-(30-43)-(29-46)-(28-47)-(25-55)-(23-27)-(22-59)-(20-21)-(18-33)-(16-39)-(15-24)-(14-52)-(13-26)-(12-42)-(11-58)-(10-34)-(9-35)-(8-37)-(7-17)-(6-19)-(4-32)-(3-5)-(1-48)-(0-2)],0.00029969215393066406,0.055672407150268555,3,True,0
{O?O?C?A??G?C?GggA?C?I??@??O?GC?A???O??GG??_??C?GC??O??G`G?????K???G??G????gG???G?C?gA??G???_???P??O?a?G?????@?C?GCAOO?@?G?G???S??_????@?_POA???@?COA?????OOC?CGC@?A???_K?????????W@A?@?_`?_?O???CCI????OD@?C????_AA_?????G??__?GC?GC??O??_?A?GC???C_CO????GAAO??aD??O????OCG????AGG??G_??O??g?CO@K?????,[(51-56)-(45-49)-(44-57)-(41-50)-(40-54)-(36-53)-(31-38)-(30-43)-(29-46)-(28-47)-(25-55)-(23-27)-(22-59)-(20-21)-(18-33)-(16-39)-(15-24)-(14-52)-(13-26)-(12-42)-(11-58)-(10-34)-(9-35)-(8-37)-(7-17)-(6-19)-(4-32)-(3-5)-(1-48)-(0-2)],0.0003437995910644531,0.039843082427978516,2,True,0
{O?O?C?A??G?C?GggA?C?I??@??O?GC?A???O??GG??_??C?GC??O??G`G?????K???G??G????gG???G?C?gA??G???_???P??O?a?G?????@?C?GCAOO?@?G?G???S??_????@?_POA???@?COA?????OOC?CGC@?A???_K?????????W@A?@?_`?_?O???CCI????OD@?C????_AA_?????G??__?GC?GC??O??_?A?GC???C_CO????GAAO??aD??O????OCG????AGG??G_??O??g?CO@K?????,[(51-56)-(45-49)-(44-57)-(41-50)-(36-53)-(31-38)-(30-43)-(29-40)-(28-46)-(27-54)-(25-55)-(23-47)-(22-59)-(20-21)-(18-33)-(16-39)-(15-24)-(14-52)-(13-26)-(12-42)-(11-58)-(10-34)-(9-35)-(8-37)-(7-17)-(6-19)-(4-32)-(3-5)-(1-48)-(0-2)],0.00031566619873046875,0.05571794509887695,3,True,0
{O?O?C?A??G?C?GggA?C?I??@??O?GC?A???O??GG??_??C?GC??O??G`G?????K???G??G????gG???G?C?gA??G???_???P??O?a?G?????@?C?GCAOO?@?G?G???S??_????@?_POA???@?COA?????OOC?CGC@?A???_K?????????W@A?@?_`?_?O???CCI????OD@?C????_AA_?????G??__?GC?GC??O??_?A?GC???C_CO????GAAO??aD??O????OCG????AGG??G_??O??g?CO@K?????,[(51-56)-(45-49)-(44-57)-(41-50)-(36-53)-(31-38)-(30-43)-(29-40)-(28-46)-(27-54)-(25-55)-(23-47)-(22-59)-(20-21)-(18-33)-(16-39)-(15-24)-(14-52)-(13-26)-(12-42)-(11-58)-(10-34)-(9-35)-(8-37)-(7-17)-(6-19)-(4-32)-(3-5)-(1-48)-(0-2)],0.0003044605255126953,0.03996634483337402,2,True,0
{O?O?C?A??G?C?GggA?C?I??@??O?GC?A???O??GG??_??C?GC??O??G`G?????K???G??G????gG???G?C?gA??G???_???P??O?a?G?????@?C?GCAOO?@?G?G???S??_????@?_POA???@?COA?????OOC?CGC@?A???_K?????????W@A?@?_`?_?O???CCI????OD@?C????_AA_?????G??__?GC?GC??O??_?A?GC???C_CO????GAAO??aD??O????OCG????AGG??G_??O??g?CO@K?????,[(51-56)-(45-49)-(44-57)-(41-50)-(38-46)-(31-55)-(30-43)-(29-40)-(28-47)-(27-54)-(25-59)-(23-36)-(21-22)-(20-53)-(18-33)-(16-39)-(15-24)-(14-52)-(13-26)-(12-42)-(11-58)-(10-34)-(9-35)-(8-37)-(7-17)-(6-19)-(4-32)-(3-5)-(1-48)-(0-2)],0.0002949237823486328,0.039917707443237305,2,True,0
{O?O?C?A??G?C?GggA?C?I??@??O?GC?A???O??GG??_??C?GC??O??G`G?????K???G??G????gG???G?C?gA??G???_???P??O?a?G?????@?C?GCAOO?@?G?G???S??_????@?_POA???@?COA?????OOC?CGC@?A???_K?????????W@A?@?_`?_?O???CCI????OD@?C????_AA_?????G??__?GC?GC??O??_?A?GC???C_CO????GAAO??aD??O????OCG????AGG??G_??O??g?CO@K?????,[(51-56)-(45-49)-(44-57)-(41-50)-(38-46)-(31-55)-(30-43)-(29-40)-(28-47)-(27-54)-(25-59)-(23-36)-(21-22)-(20-53)-(18-33)-(16-39)-(15-24)-(14-52)-(13-26)-(12-42)-(11-58)-(10-34)-(9-35)-(8-37)-(7-17)-(6-19)-(4-32)-(3-5)-(1-48)-(0-2)],0.00029206275939941406,0.039875030517578125,2,True,0
{O?O?C?A??G?C?GggA?C?I??@??O?GC?A???O??GG??_??C?GC??O??G`G?????K???G??G????gG???G?C?gA??G???_???P??O?a?G?????@?C?GCAOO?@?G?G???S??_????@?_POA???@?COA?????OOC?CGC@?A???_K?????????W@A?@?_`?_?O???CCI????OD@?C????_AA_?????G??__?GC?GC??O??_?A?GC???C_CO????GAAO??aD??O????OCG????AGG??G_??O??g?CO@K?????,[(51-56)-(45-49)-(44-57)-(41-50)-(38-46)-(36-54)-(31-55)-(30-43)-(29-40)-(28-47)-(25-59)-(23-27)-(21-22)-(20-53)-(18-33)-(16-39)-(15-24)-(14-52)-(13-26)-(12-42)-(11-58)-(10-34)-(9-35)-(8-37)-(7-17)-(6-19)-(4-32)-(3-5)-(1-48)-(0-2)],0.00028824806213378906,0.040334224700927734,2,True,0
{O?O?C?A??G?C?GggA?C?I??@??O?GC?A???O??GG??_??C?GC??O??G`G?????K???G??G????gG???G?C?gA??G???_???P??O?a?G?????@?C?GCAOO?@?G?G???S??_????@?_POA???@?COA?????OOC?CGC@?A???_K?????????W@A?@?_`?_?O???CCI????OD@?C????_AA_?????G??__?GC?GC??O??_?A?GC???C_CO????GAAO??aD??O????OCG????AGG??G_??O??g?CO@K?????,[(51-56)-(45-49)-(44-57)-(41-50)-(38-46)-(36-54)-(31-55)-(30-43)-(29-40)-(28-47)-(25-59)-(23-27)-(21-22)-(20-53)-(18-33)-(16-39)-(15-24)-(14-52)-(13-26)-(12-42)-(11-58)-(10-34)-(9-35)-(8-37)-(7-17)-(6-19)-(4-32)-(3-5)-(1-48)-(0-2)],0.00034618377685546875,0.07535481452941895,4,True,0
{O?O?C?A??G?C?GggA?C?I??@??O?GC?A???O??GG??_??C?GC??O??G`G?????K???G??G????gG???G?C?gA??G???_???P??O?a?G?????@?C?GCAOO?@?G?G???S??_????@?_POA???@?COA?????OOC?CGC@?A???_K?????????W@A?@?_`?_?O???CCI????OD@?C????_AA_?????G??__?GC?GC??O??_?A?GC???C_CO????GAAO??aD??O????OCG????AGG??G_??O??g?CO@K?????,[(45-51)-(41-50)-(40-57)-(38-46)-(31-55)-(30-44)-(29-49)-(28-47)-(27-54)-(25-59)-(23-36)-(22-43)-(21-56)-(20-53)-(18-33)-(16-39)-(15-24)-(14-52)-(13-26)-(12-42)-(11-58)-(10-34)-(9-35)-(8-37)-(7-17)-(6-19)-(4-32)-(3-5)-(1-48)-(0-2)],0.0003058910369873047,0.05767488479614258,3,True,0
{O?O?C?A??G?C?GggA?C?I??@??O?GC?A???O??GG??_??C?GC??O??G`G?????K???G??G????gG???G?C?gA??G???_???P??O?a?G?????@?C?GCAOO?@?G?G???S??_????@?_POA???@?COA?????OOC?CGC@?A???_K?????????W@A?@?_`?_?O???CCI????OD@?C????_AA_?????G??__?GC?GC??O??_?A?GC???C_CO????GAAO??aD??O????OCG????AGG??G_??O??g?CO@K?????,[(45-51)-(41-50)-(40-57)-(38-46)-(31-55)-(30-44)-(29-49)-(28-47)-(27-54)-(25-59)-(23-36)-(22-43)-(21-56)-(20-53)-(18-33)-(16-39)-(15-24)-(14-52)-(13-26)-(12-42)-(11-58)-(10-34)-(9-35)-(8-37)-(7-17)-(6-19)-(4-32)-(3-5)-(1-48)-(0-2)],0.0003032684326171875,0.02513718605041504,1,True,0
{O?O?C?A??G?C?GggA?C?I??@??O?GC?A???O??GG??_??C?GC??O??G`G?????K???G??G????gG???G?C?gA??G???_???P??O?a?G?????@?C?GCAOO?@?G?G???S??_????@?_POA???@?COA?????OOC?CGC@?A???_K?????????W@A?@?_`?_?O???CCI????OD@?C????_AA_?????G??__?GC?GC??O??_?A?GC???C_CO????GAAO??aD??O????OCG????AGG??G_??O??g?CO@K?????,[(45-49)-(41-50)-(40-57)-(38-46)-(31-55)-(30-44)-(29-51)-(28-47)-(27-54)-(25-59)-(23-36)-(22-43)-(21-56)-(20-53)-(18-33)-(16-39)-(15-24)-(14-52)-(13-26)-(12-42)-(11-58)-(10-34)-(9-35)-(8-37)-(7-17)-(6-19)-(4-32)-(3-5)-(1-48)-(0-2)],0.000286102294921875,0.0254976749420166,1,True,0
{O?O?C?A??G?C?GggA?C?I??@??O?GC?A???O??GG??_??C?GC??O??G`G?????K???G??G????gG???G?C?gA??G???_???P??O?a?G?????@?C?GCAOO?@?G?G???S??_????@?_POA???@?COA?????OOC?CGC@?A???_K?????????W@A?@?_`?_?O???CCI????OD@?C????_AA_?????G??__?GC?GC??O??_?A?GC???C_CO????GAAO??aD??O????OCG????AGG??G_??O??g?CO@K?????,[(45-49)-(41-50)-(40-57)-(38-46)-(31-55)-(30-44)-(29-51)-(28-47)-(27-54)-(25-59)-(23-36)-(22-43)-(21-56)-(20-53)-(18-33)-(16-39)-(15-24)-(14-52)-(13-26)-(12-42)-(11-58)-(10-34)-(9-35)-(8-37)-(7-17)-(6-19)-(4-32)-(3-5)-(1-48)-(0-2)],0.00030684471130371094,0.05670285224914551,3,True,0
{O?O?C?A??G?C?GggA?C?I??@??O?GC?A???O??GG??_??C?GC??O??G`G?????K???G??G????gG???G?C?gA??G???_???P??O?a?G?????@?C?GCAOO?@?G?G???S??_????@?_POA???@?COA?????OOC?CGC@?A???_K?????????W@A?@?_`?_?O???CCI????OD@?C????_AA_?????G??__?GC?GC??O??_?A?GC???C_CO????GAAO??aD??O????OCG????AGG??G_??O??g?CO@K?????,[(51-55)-(45-49)-(41-50)-(40-57)-(31-38)-(30-44)-(29-46)-(28-47)-(27-54)-(25-59)-(23-36)-(22-43)-(21-56)-(20-53)-(18-33)-(16-39)-(15-24)-(14-52)-(13-26)-(12-42)-(11-58)-(10-34)-(9-35)-(8-37)-(7-17)-(6-19)-(4-32)-(3-5)-(1-48)-(0-2)],0.00029349327087402344,0.03983497619628906,2,True,0
{O?O?C?A??G?C?GggA?C?I??@??O?GC?A???O??GG??_??C?GC??O??G`G?????K???G??G????gG???G?C?gA??G???_???P??O?a?G?????@?C?GCAOO?@?G?G???S??_????@?_POA???@?COA?????OOC?CGC@?A???_K?????????W@A?@?_`?_?O???CCI????OD@?C????_AA_?????G??__?GC?GC??O??_?A?GC???C_CO????GAAO??aD??O????OCG????AGG??G_??O??g?CO@K?????,[(51-55)-(45-49)-(41-50)-(40-57)-(31-38)-(30-44)-(29-46)-(28-47)-(27-54)-(25-59)-(23-36)-(22-43)-(21-56)-(20-53)-(18-33)-(16-39)-(15-24)-(14-52)-(13-26)-(12-42)-(11-58)-(10-34)-(9-35)-(8-37)-(7-17)-(6-19)-(4-32)-(3-5)-(1-48)-(0-2)],0.0002944469451904297,0.05670785903930664,3,True,0
{O?O?C?A??G?C?GggA?C?I??@??O?GC?A???O??GG??_??C?GC??O??G`G?????K???G??G????gG???G?C?gA??G???_???P??O?a?G?????@?C?GCAOO?@?G?G???S??_????@?_POA???@?COA?????OOC?CGC@?A???_K?????????W@A?@?_`?_?O???CCI????OD@?C????_AA_?????G??__?GC?GC??O??_?A?GC???C_CO????GAAO??aD??O????OCG????AGG??G_??O??g?CO@K?????,[(45-51)-(41-50)-(40-57)-(38-46)-(36-54)-(31-55)-(30-44)-(29-49)-(28-47)-(25-59)-(23-27)-(22-43)-(21-56)-(20-53)-(18-33)-(16-39)-(15-24)-(14-52)-(13-26)-(12-42)-(11-58)-(10-34)-(9-35)-(8-37)-(7-17)-(6-19)-(4-32)-(3-5)-(1-48)-(0-2)],0.0003077983856201172,0.0407564640045166,2,True,0
{O?O?C?A??G?C?GggA?C?I??@??O?GC?A???O??GG??_??C?GC??O??G`G?????K???G??G????gG???G?C?gA??G???_???P??O?a?G?????@?C?GCAOO?@?G?G???S??_????@?_POA???@?COA?????OOC?CGC@?A???_K?????????W@A?@?_`?_?O???CCI????OD@?C????_AA_?????G??__?GC?GC??O??_?A?GC???C_CO????GAAO??aD??O????OCG????AGG??G_??O??g?CO@K?????,[(45-51)-(41-50)-(40-57)-(38-46)-(36-54)-(31-55)-(30-44)-(29-49)-(28-47)-(25-59)-(23-27)-(22-43)-(21-56)-(20-53)-(18-33)-(16-39)-(15-24)-(14-52)-(13-26)-(12-42)-(11-58)-(10-34)-(9-35)-(8-37)-(7-17)-(6-19)-(4-32)-(3-5)-(1-48)-(0-2)],0.0002932548522949219,0.07407379150390625,4,True,0
{O?H??G@?GA??C??_???g??_P????@_?A???????O?O?D?????G?G@?AA??????_A???H?GG?Q??__??B??AA???G???O?GG??@??Q??A??@?o?AO???__?_QA_?CA??OA?C??W??_Gg???G@D?CG????CGCC??_@?@?@?OO@??O???IO?_G?O??AA?A???G_???????AQ????G?O?B???????H?A@?O?_OC?????_E???B??GP?OA?????_d??G?????????RWOA?A?@??_?C@@??_@????K??G@?_?,[(52-56)-(39-47)-(34-36)-(33-58)-(31-45)-(30-43)-(29-51)-(28-49)-(27-46)-(25-44)-(24-53)-(22-57)-(21-55)-(20-40)-(18-42)-(15-38)-(14-48)-(13-59)-(12-16)-(11-54)-(10-41)-(9-26)-(8-23)-(7-50)-(6-35)-(4-5)-(3-17)-(2-19)-(1-37)-(0-32)],0.00032258033752441406,0.05519223213195801,3,True,0
{O?H??G@?GA??C??_???g??_P????@_?A???????O?O?D?????G?G@?AA??????_A???H?GG?Q??__??B??AA???G???O?GG??@??Q??A??@?o?AO???__?_QA_?CA??OA?C??W??_Gg???G@D?CG????CGCC??_@?@?@?OO@??O???IO?_G?O??AA?A???G_???????AQ????G?O?B???????H?A@?O?_OC?????_E???B??GP?OA?????_d??G?????????RWOA?A?@??_?C@@??_@????K??G@?_?,[(52-56)-(39-47)-(34-36)-(33-58)-(31-45)-(30-43)-(29-51)-(28-49)-(27-46)-(25-44)-(24-53)-(22-57)-(21-55)-(20-40)-(18-42)-(15-38)-(14-48)-(13-59)-(12-16)-(11-54)-(10-41)-(9-26)-(8-23)-(7-50)-(6-35)-(4-5)-(3-17)-(2-19)-(1-37)-(0-32)],0.00030040740966796875,0.0393068790435791,2,True,0
{O?H??G@?GA??C??_???g??_P????@_?A???????O?O?D?????G?G@?AA??????_A???H?GG?Q??__??B??AA???G???O?GG??@??Q??A??@?o?AO???__?_QA_?CA??OA?C??W??_Gg???G@D?CG????CGCC??_@?@?@?OO@??O???IO?_G?O??AA?A???G_???????AQ????G?O?B???????H?A@?O?_OC?????_E???B??GP?OA?????_d??G?????????RWOA?A?@??_?C@@??_@????K??G@?_?,[(52-56)-(39-47)-(34-36)-(33-58)-(31-45)-(30-43)-(29-51)-(28-49)-(27-46)-(25-44)-(24-53)-(22-57)-(21-38)-(20-40)-(18-42)-(15-55)-(14-48)-(13-59)-(12-16)-(11-54)-(10-41)-(9-26)-(8-23)-(7-50)-(6-35)-(4-5)-(3-17)-(2-19)-(1-37)-(0-32)],0.0003101825714111328,0.03905010223388672,2,True,0
{O?H??G@?GA??C??_???g??_P????@_?A???????O?O?D?????G?G@?AA??????_A???H?GG?Q??__??B??AA???G???O?GG??@??Q??A??@?o?AO???__?_QA_?CA??OA?C??W??_Gg???G@D?CG????CGCC??_@?@?@?OO@??O???IO?_G?O??AA?A???G_???????AQ????G?O?B???????H?A@?O?_OC?????_E???B??GP?OA?????_d??G?????????RWOA?A?@??_?C@@??_@????K??G@?_?,[(52-56)-(39-47)-(34-36)-(33-58)-(31-45)-(30-43)-(29-51)-(28-49)-(27-46)-(25-44)-(24-53)-(22-57)-(21-38)-(20-40)-(18-42)-(15-55)-(14-48)-(13-59)-(12-16)-(11-54)-(10-41)-(9-26)-(8-23)-(7-50)-(6-35)-(4-5)-(3-17)-(2-19)-(1-37)-(0-32)],0.00028634071350097656,0.03973817825317383,2,True,0
{O?H??G@?GA??C??_???g??_P????@_?A???????O?O?D?????G?G@?AA??????_A???H?GG?Q??__??B??AA???G???O?GG??@??Q??A??@?o?AO???__?_QA_?CA??OA?C??W??_Gg???G@D?CG????CGCC??_@?@?@?OO@??O???IO?_G?O??AA?A???G_???????AQ????G?O?B???????H?A@?O?_OC?????_E???B??GP?OA?????_d??G?????????RWOA?A?@??_?C@@??_@????K??G@?_?,[(52-56)-(48-57)-(34-36)-(33-58)-(31-45)-(30-43)-(29-51)-(28-49)-(27-46)-(25-44)-(24-55)-(22-39)-(21-47)-(20-40)-(18-42)-(15-38)-(14-53)-(13-59)-(12-16)-(11-54)-(10-41)-(9-26)-(8-23)-(7-50)-(6-35)-(4-5)-(3-17)-(2-19)-(1-37)-(0-32)],0.0002961158752441406,0.039750099182128906,2,True,0
{O?H??G@?GA??C??_???g??_P????@_?A???????O?O?D?????G?G@?AA??????_A???H?GG?Q??__??B??AA???G???O?GG??@??Q??A??@?o?AO???__?_QA_?CA??OA?C??W??_Gg???G@D?CG????CGCC??_@?@?@?OO@??O???IO?_G?O??AA?A???G_???????AQ????G?O?B???????H?A@?O?_OC?????_E???B??GP?OA?????_d??G?????????RWOA?A?@??_?C@@??_@????K??G@?_?,[(52-56)-(48-57)-(34-36)-(33-58)-(31-45)-(30-43)-(29-51)-(28-49)-(27-46)-(25-44)-(24-55)-(22-39)-(21-47)-(20-40)-(18-42)-(15-38)-(14-53)-(13-59)-(12-16)-(11-54)-(10-41)-(9-26)-(8-23)-(7-50)-(6-35)-(4-5)-(3-17)-(2-19)-(1-37)-(0-32)],0.0002834796905517578,0.025464773178100586,1,True,0
{O?H??G@?GA??C??_???g??_P????@_?A???????O?O?D?????G?G@?AA??????_A???H?GG?Q??__??B??AA???G???O?GG??@??Q??A??@?o?AO???__?_QA_?CA??OA?C??W??_Gg???G@D?CG????CGCC??_@?@?@?OO@??O???IO?_G?O??AA?A???G_???????AQ????G?O?B???????H?A@?O?_OC?????_E???B??GP?OA?????_d??G?????????RWOA?A?@??_?C@@??_@????K??G@?_?,[(48-56)-(39-47)-(34-36)-(33-52)-(31-45)-(30-43)-(29-51)-(28-49)-(27-46)-(25-44)-(24-53)-(22-57)-(21-55)-(20-40)-(18-42)-(15-38)-(14-58)-(13-59)-(12-16)-(11-54)-(10-41)-(9-26)-(8-23)-(7-50)-(6-35)-(4-5)-(3-17)-(2-19)-(1-37)-(0-32)],0.0002989768981933594,0.0736846923828125,4,True,0
{O?H??G@?GA??C??_???g??_P????@_?A???????O?O?D?????G?G@?AA??????_A???H?GG?Q??__??B??AA???G???O?GG??@??Q??A??@?o?AO???__?_QA_?CA??OA?C??W??_Gg???G@D?CG????CGCC??_@?@?@?OO@??O???IO?_G?O??AA?A???G_???????AQ????G?O?B???????H?A@?O?_OC?????_E???B??GP?OA?????_d??G?????????RWOA?A?@??_?C@@??_@????K??G@?_?,[(48-56)-(39-47)-(34-36)-(33-52)-(31-45)-(30-43)-(29-51)-(28-49)-(27-46)-(25-44)-(24-53)-(22-57)-(21-55)-(20-40)-(18-42)-(15-38)-(14-58)-(13-59)-(12-16)-(11-54)-(10-41)-(9-26)-(8-23)-(7-50)-(6-35)-(4-5)-(3-17)-(2-19)-(1-37)-(0-32)],0.0002949237823486328,0.025992631912231445,1,True,0
{O?H??G@?GA??C??_???g??_P????@_?A???????O?O?D?????G?G@?AA??????_A???H?GG?Q??__??B??AA???G???O?GG??@??Q??A??@?o?AO???__?_QA_?CA??OA?C??W??_Gg???G@D?CG????CGCC??_@?@?@?OO@??O???IO?_G?O??AA?A???G_???????AQ????G?O?B???????H?A@?O?_OC?????_E???B??GP?OA?????_d??G?????????RWOA?A?@??_?C@@??_@????K??G@?_?,[(48-53)-(45-56)-(34-36)-(33-52)-(31-39)-(30-43)-(29-51)-(28-49)-(27-46)-(25-44)-(24-55)-(22-57)-(21-47)-(20-40)-(18-42)-(15-38)-(14-58)-(13-59)-(12-16)-(11-54)-(10-41)-(9-26)-(8-23)-(7-50)-(6-35)-(4-5)-(3-17)-(2-19)-(1-37)-(0-32)],0.00028514862060546875,0.040395498275756836,2,True,0
{O?H??G@?GA??C??_???g??_P????@_?A???????O?O?D?????G?G@?AA??????_A???H?GG?Q??__??B??AA???G???O?GG??@??Q??A??@?o?AO???__?_QA_?CA??OA?C??W??_Gg???G@D?CG????CGCC??_@?@?@?OO@??O???IO?_G?O??AA?A???G_???????AQ????G?O?B???????H?A@?O?_OC?????_E???B??GP?OA?????_d??G?????????RWOA?A?@??_?C@@??_@????K??G@?_?,[(48-53)-(45-56)-(34-36)-(33-52)-(31-39)-(30-43)-(29-51)-(28-49)-(27-46)-(25-44)-(24-55)-(22-57)-(21-47)-(20-40)-(18-42)-(15-38)-(14-58)-(13-59)-(12-16)-(11-54)-(10-41)-(9-26)-(8-23)-(7-50)-(6-35)-(4-5)-(3-17)-(2-19)-(1-37)-(0-32)],0.0002849102020263672,0.02530074119567871,1,True,0
{O?H??G@?GA??C??_???g??_P????@_?A???????O?O?D?????G?G@?AA??????_A???H?GG?Q??__??B??AA???G???O?GG??@??Q??A??@?o?AO???__?_QA_?CA??OA?C??W??_Gg???G@D?CG????CGCC??_@?@?@?OO@??O???IO?_G?O??AA?A???G_???????AQ????G?O?B???????H?A@?O?_OC?????_E???B??GP?OA?????_d??G?????????RWOA?A?@??_?C@@??_@????K??G@?_?,[(48-56)-(39-47)-(34-36)-(33-52)-(31-45)-(30-43)-(29-51)-(28-49)-(27-46)-(25-44)-(24-53)-(22-57)-(21-38)-(20-40)-(18-42)-(15-55)-(14-58)-(13-59)-(12-16)-(11-54)-(10-41)-(9-26)-(8-23)-(7-50)-(6-35)-(4-5)-(3-17)-(2-19)-(1-37)-(0-32)],0.0003275871276855469,0.07339310646057129,4,True,0
{O?H??G@?GA??C??_???g??_P????@_?A???????O?O?D?????G?G@?AA??????_A???H?GG?Q??__??B??AA???G???O?GG??@??Q??A??@?o?AO???__?_QA_?CA??OA?C??W??_Gg???G@D?CG????CGCC??_@?@?@?OO@??O???IO?_G?O??AA?A???G_???????AQ????G?O?B???????H?A@?O?_OC?????_E???B??GP?OA?????_d??G?????????RWOA?A?@??_?C@@??_@????K??G@?_?,[(48-56)-(39-47)-(34-36)-(33-52)-(31-45)-(30-43)-(29-51)-(28-49)-(27-46)-(25-44)-(24-53)-(22-57)-(21-38)-(20-40)-(18-42)-(15-55)-(14-58)-(13-59)-(12-16)-(11-54)-(10-41)-(9-26)-(8-23)-(7-50)-(6-35)-(4-5)-(3-17)-(2-19)-(1-37)-(0-32)],0.0003199577331542969,0.025488615036010742,1,True,0
{O?H??G@?GA??C??_???g??_P????@_?A???????O?O?D?????G?G@?AA??????_A???H?GG?Q??__??B??AA???G???O?GG??@??Q??A??@?o?AO???__?_QA_?CA??OA?C??W??_Gg???G@D?CG????CGCC??_@?@?@?OO@??O???IO?_G?O??AA?A???G_???????AQ????G?O?B???????H?A@?O?_OC?????_E???B??GP?OA?????_d??G?????????RWOA?A?@??_?C@@??_@????K??G@?_?,[(47-59)-(45-56)-(34-36)-(33-58)-(31-39)-(30-43)-(29-51)-(28-49)-(27-46)-(25-52)-(24-53)-(22-57)-(21-55)-(20-40)-(18-42)-(15-38)-(14-48)-(13-44)-(12-16)-(11-54)-(10-41)-(9-26)-(8-23)-(7-50)-(6-35)-(4-5)-(3-17)-(2-19)-(1-37)-(0-32)],0.00029659271240234375,0.04023385047912598,2,True,0
{O?H??G@?GA??C??_???g??_P????@_?A???????O?O?D?????G?G@?AA??????_A???H?GG?Q??__??B??AA???G???O?GG??@??Q??A??@?o?AO???__?_QA_?CA??OA?C??W??_Gg???G@D?CG????CGCC??_@?@?@?OO@??O???IO?_G?O??AA?A???G_???????AQ????G?O?B???????H?A@?O?_OC?????_E???B??GP?OA?????_d??G?????????RWOA?A?@??_?C@@??_@????K??G@?_?,[(47-59)-(45-56)-(34-36)-(33-58)-(31-39)-(30-43)-(29-51)-(28-49)-(27-46)-(25-52)-(24-53)-(22-57)-(21-55)-(20-40)-(18-42)-(15-38)-(14-48)-(13-44)-(12-16)-(11-54)-(10-41)-(9-26)-(8-23)-(7-50)-(6-35)-(4-5)-(3-17)-(2-19)-(1-37)-(0-32)],0.00032711029052734375,0.016571521759033203,1,True,0
{O?H??G@?GA??C??_???g??_P????@_?A???????O?O?D?????G?G@?AA??????_A???H?GG?Q??__??B??AA???G???O?GG??@??Q??A??@?o?AO???__?_QA_?CA??OA?C??W??_Gg???G@D?CG????CGCC??_@?@?@?OO@??O???IO?_G?O??AA?A???G_???????AQ????G?O?B???????H?A@?O?_OC?????_E???B??GP?OA?????_d??G?????????RWOA?A?@??_?C@@??_@????K??G@?_?,[(45-56)-(39-47)-(34-36)-(33-58)-(31-59)-(30-43)-(29-51)-(28-49)-(27-46)-(25-52)-(24-53)-(22-57)-(21-55)-(20-40)-(18-42)-(15-38)-(14-48)-(13-44)-(12-16)-(11-54)-(10-41)-(9-26)-(8-23)-(7-50)-(6-35)-(4-5)-(3-17)-(2-19)-(1-37)-(0-32)],0.0002923011779785156,0.03945446014404297,2,True,0
{O?H??G@?GA??C??_???g??_P????@_?A???????O?O?D?????G?G@?AA??????_A???H?GG?Q??__??B??AA???G???O?GG??@??Q??A??@?o?AO???__?_QA_?CA??OA?C??W??_Gg???G@D?CG????CGCC??_@?@?@?OO@??O???IO?_G?O??AA?A???G_???????AQ????G?O?B???????H?A@?O?_OC?????_E???B??GP?OA?????_d??G?????????RWOA?A?@??_?C@@??_@????K??G@?_?,[(45-56)-(39-47)-(34-36)-(33-58)-(31-59)-(30-43)-(29-51)-(28-49)-(27-46)-(25-52)-(24-53)-(22-57)-(21-55)-(20-40)-(18-42)-(15-38)-(14-48)-(13-44)-(12-16)-(11-54)-(10-41)-(9-26)-(8-23)-(7-50)-(6-35)-(4-5)-(3-17)-(2-19)-(1-37)-(0-32)],0.0002818107604980469,0.038907527923583984,2,True,0
{O?H??G@?GA??C??_???g??_P????@_?A???????O?O?D?????G?G@?AA??????_A???H?GG?Q??__??B??AA???G???O?GG??@??Q??A??@?o?AO???__?_QA_?CA??OA?C??W??_Gg???G@D?CG????CGCC??_@?@?@?OO@??O???IO?_G?O??AA?A???G_???????AQ????G?O?B???????H?A@?O?_OC?????_E???B??GP?OA?????_d??G?????????RWOA?A?@??_?C@@??_@????K??G@?_?,[(47-59)-(45-56)-(34-36)-(33-58)-(31-39)-(30-43)-(29-51)-(28-49)-(27-46)-(25-52)-(24-53)-(22-57)-(21-38)-(20-40)-(18-42)-(15-55)-(14-48)-(13-44)-(12-16)-(11-54)-(10-41)-(9-26)-(8-23)-(7-50)-(6-35)-(4-5)-(3-17)-(2-19)-(1-37)-(0-32)],0.0002923011779785156,0.016979694366455078,1,True,0
{O?H??G@?GA??C??_???g??_P????@_?A???????O?O?D?????G?G@?AA??????_A???H?GG?Q??__??B??AA???G???O?GG??@??Q??A??@?o?AO???__?_QA_?CA??OA?C??W??_Gg???G@D?CG????CGCC??_@?@?@?OO@??O???IO?_G?O??AA?A???G_???????AQ????G?O?B???????H?A@?O?_OC?????_E???B??GP?OA?????_d??G?????????RWOA?A?@??_?C@@??_@????K??G@?_?,[(47-59)-(45-56)-(34-36)-(33-58)-(31-39)-(30-43)-(29-51)-(28-49)-(27-46)-(25-52)-(24-53)-(22-57)-(21-38)-(20-40)-(18-42)-(15-55)-(14-48)-(13-44)-(12-16)-(11-54)-(10-41)-(9-26)-(8-23)-(7-50)-(6-35)-(4-5)-(3-17)-(2-19)-(1-37)-(0-32)],0.00026607513427734375,0.025457382202148438,1,True,0
{O?H??G@?GA??C??_???g??_P????@_?A???????O?O?D?????G?G@?AA??????_A???H?GG?Q??__??B??AA???G???O?GG??@??Q??A??@?o?AO???__?_QA_?CA??OA?C??W??_Gg???G@D?CG????CGCC??_@?@?@?OO@??O???IO?_G?O??AA?A???G_???????AQ????G?O?B???????H?A@?O?_OC?????_E???B??GP?OA?????_d??G?????????RWOA?A?@??_?C@@??_@????K??G@?_?,[(45-56)-(39-47)-(34-36)-(33-58)-(31-59)-(30-43)-(29-51)-(28-49)-(27-46)-(25-52)-(24-53)-(22-57)-(21-38)-(20-40)-(18-42)-(15-55)-(14-48)-(13-44)-(12-16)-(11-54)-(10-41)-(9-26)-(8-23)-(7-50)-(6-35)-(4-5)-(3-17)-(2-19)-(1-37)-(0-32)],0.00028705596923828125,0.05475974082946777,3,True,0
{O?H??G@?GA??C??_???g??_P????@_?A???????O?O?D?????G?G@?AA??????_A???H?GG?Q??__??B??AA???G???O?GG??@??Q??A??@?o?AO???__?_QA_?CA??OA?C??W??_Gg???G@D?CG????CGCC??_@?@?@?OO@??O???IO?_G?O??AA?A???G_???????AQ????G?O?B???????H?A@?O?_OC?????_E???B??GP?OA?????_d??G?????????RWOA?A?@??_?C@@??_@????K??G@?_?,[(45-56)-(39-47)-(34-36)-(33-58)-(31-59)-(30-43)-(29-51)-(28-49)-(27-46)-(25-52)-(24-53)-(22-57)-(21-38)-(20-40)-(18-42)-(15-55)-(14-48)-(13-44)-(12-16)-(11-54)-(10-41)-(9-26)-(8-23)-(7-50)-(6-35)-(4-5)-(3-17)-(2-19)-(1-37)-(0-32)],0.0002923011779785156,0.05601811408996582,3,True,0
{O@??G?GA??W@??G??GC??GC???O_?G????AK?O?WG_@Gg??A?????_??C?A?O??Q????OGC???@????_`@A?O?BO_??O??_C?????A?G?G_G?@??_??P??G?_@?????ACA?G??_?C?A?a??_?IO?????C?S?@DG?@O??A??A?GE?????@O??AAC???_?????CA?C??AW?O?AC???COA?CC????_?G???P?@@???AC?OD???`??_?o?????G?O?OCO???_A??I??O???_aA?C??K????@??D??????AD,[(56-59)-(46-49)-(42-43)-(40-57)-(33-54)-(30-39)-(29-36)-(28-55)-(27-48)-(26-45)-(25-37)-(23-52)-(20-41)-(19-44)-(17-58)-(15-35)-(14-47)-(13-21)-(12-53)-(11-22)-(10-24)-(9-31)-(8-16)-(7-38)-(6-51)-(4-18)-(3-34)-(2-50)-(1-5)-(0-32)],0.0003135204315185547,0.04085063934326172,2,True,0
{O@??G?GA??W@??G??GC??GC???O_?G????AK?O?WG_@Gg??A?????_??C?A?O??Q????OGC???@????_`@A?O?BO_??O??_C?????A?G?G_G?@??_??P??G?_@?????ACA?G??_?C?A?a??_?IO?????C?S?@DG?@O??A??A?GE?????@O??AAC???_?????CA?C??AW?O?AC???COA?CC????_?G???P?@@???AC?OD???`??_?o?????G?O?OCO???_A??I??O???_aA?C??K????@??D??????AD,[(56-59)-(46-49)-(42-43)-(40-57)-(33-54)-(30-39)-(29-36)-(28-55)-(27-48)-(26-45)-(25-37)-(23-52)-(20-41)-(19-44)-(17-58)-(15-35)-(14-47)-(13-21)-(12-53)-(11-22)-(10-24)-(9-31)-(8-16)-(7-38)-(6-51)-(4-18)-(3-34)-(2-50)-(1-5)-(0-32)],0.0002849102020263672,0.016266584396362305,1,True,0
{O@??G?GA??W@??G??GC??GC???O_?G????AK?O?WG_@Gg??A?????_??C?A?O??Q????OGC???@????_`@A?O?BO_??O??_C?????A?G?G_G?@??_??P??G?_@?????ACA?G??_?C?A?a??_?IO?????C?S?@DG?@O??A??A?GE?????@O??AAC???_?????CA?C??AW?O?AC???COA?CC????_?G???P?@@???AC?OD???`??_?o?????G?O?OCO???_A??I??O???_aA?C??K????@??D??????AD,[(56-59)-(46-49)-(42-43)-(39-40)-(33-54)-(30-57)-(29-36)-(28-55)-(27-48)-(26-45)-(25-37)-(23-52)-(20-41)-(19-44)-(17-58)-(15-35)-(14-47)-(13-21)-(12-53)-(11-22)-(10-24)-(9-31)-(8-16)-(7-38)-(6-51)-(4-18)-(3-34)-(2-50)-(1-5)-(0-32)],0.0003077983856201172,0.025568246841430664,1,True,0
{O@??G?GA??W@??G??GC??GC???O_?G????AK?O?WG_@Gg??A?????_??C?A?O??Q????OGC???@????_`@A?O?BO_??O??_C?????A?G?G_G?@??_??P??G?_@?????ACA?G??_?C?A?a??_?IO?????C?S?@DG?@O??A??A?GE?????@O??AAC???_?????CA?C??AW?O?AC???COA?CC????_?G???P?@@???AC?OD???`??_?o?????G?O?OCO???_A??I??O???_aA?C??K????@??D??????AD,[(56-59)-(46-49)-(42-43)-(39-40)-(33-54)-(30-57)-(29-36)-(28-55)-(27-48)-(26-45)-(25-37)-(23-52)-(20-41)-(19-44)-(17-58)-(15-35)-(14-47)-(13-21)-(12-53)-(11-22)-(10-24)-(9-31)-(8-16)-(7-38)-(6-51)-(4-18)-(3-34)-(2-50)-(1-5)-(0-32)],0.0002856254577636719,0.03985309600830078,2,True,0
{O@??G?GA??W@??G??GC??GC???O_?G????AK?O?WG_@Gg??A?????_??C?A?O??Q????OGC???@????_`@A?O?BO_??O??_C?????A?G?G_G?@??_??P??G?_@?????ACA?G??_?C?A?a??_?IO?????C?S?@DG?@O??A??A?GE?????@O??AAC???_?????CA?C??AW?O?AC???COA?CC????_?G???P?@@???AC?OD???`??_?o?????G?O?OCO???_A??I??O???_aA?C??K????@??D??????AD,[(58-59)-(46-49)-(42-43)-(39-40)-(36-57)-(33-54)-(30-56)-(28-55)-(27-48)-(26-45)-(25-37)-(23-52)-(20-41)-(19-44)-(17-29)-(15-35)-(14-47)-(13-21)-(12-53)-(11-22)-(10-24)-(9-31)-(8-16)-(7-38)-(6-51)-(4-18)-(3-34)-(2-50)-(1-5)-(0-32)],0.000286102294921875,0.05655860900878906,3,True,0
{O@??G?GA??W@??G??GC??GC???O_?G????AK?O?WG_@Gg??A?????_??C?A?O??Q????OGC???@????_`@A?O?BO_??O??_C?????A?G?G_G?@??_??P??G?_@?????ACA?G??_?C?A?a??_?IO?????C?S?@DG?@O??A??A?GE?????@O??AAC???_?????CA?C??AW?O?AC???COA?CC????_?G???P?@@???AC?OD???`??_?o?????G?O?OCO???_A??I??O???_aA?C??K????@??D??????AD,[(58-59)-(46-49)-(42-43)-(39-40)-(36-57)-(33-54)-(30-56)-(28-55)-(27-48)-(26-45)-(25-37)-(23-52)-(20-41)-(19-44)-(17-29)-(15-35)-(14-47)-(13-21)-(12-53)-(11-22)-(10-24)-(9-31)-(8-16)-(7-38)-(6-51)-(4-18)-(3-34)-(2-50)-(1-5)-(0-32)],0.00034999847412109375,0.040763139724731445,2,True,0
{O@??G?GA??W@??G??GC??GC???O_?G????AK?O?WG_@Gg??A?????_??C?A?O??Q????OGC???@????_`@A?O?BO_??O??_C?????A?G?G_G?@??_??P??G?_@?????ACA?G??_?C?A?a??_?IO?????C?S?@DG?@O??A??A?GE?????@O??AAC???_?????CA?C??AW?O?AC???COA?CC????_?G???P?@@???AC?OD???`??_?o?????G?O?OCO???_A??I??O???_aA?C??K????@??D??????AD,[(58-59)-(42-43)-(41-52)-(40-57)-(33-54)-(30-39)-(29-36)-(28-46)-(27-48)-(26-45)-(25-37)-(21-44)-(20-56)-(19-49)-(17-55)-(15-35)-(14-47)-(13-23)-(12-53)-(11-22)-(10-24)-(9-31)-(8-16)-(7-38)-(6-51)-(4-18)-(3-34)-(2-50)-(1-5)-(0-32)],0.0003032684326171875,0.039714813232421875,2,True,0
{O@??G?GA??W@??G??GC??GC???O_?G????AK?O?WG_@Gg??A?????_??C?A?O??Q????OGC???@????_`@A?O?BO_??O??_C?????A?G?G_G?@??_??P??G?_@?????ACA?G??_?C?A?a??_?IO?????C?S?@DG?@O??A??A?GE?????@O??AAC???_?????CA?C??AW?O?AC???COA?CC????_?G???P?@@???AC?OD???`??_?o?????G?O?OCO???_A??I??O???_aA?C??K????@??D??????AD,[(58-59)-(42-43)-(41-52)-(40-57)-(33-54)-(30-39)-(29-36)-(28-46)-(27-48)-(26-45)-(25-37)-(21-44)-(20-56)-(19-49)-(17-55)-(15-35)-(14-47)-(13-23)-(12-53)-(11-22)-(10-24)-(9-31)-(8-16)-(7-38)-(6-51)-(4-18)-(3-34)-(2-50)-(1-5)-(0-32)],0.00029158592224121094,0.026355981826782227,1,True,0
{O@??G?GA??W@??G??GC??GC???O_?G????AK?O?WG_@Gg??A?????_??C?A?O??Q????OGC???@????_`@A?O?BO_??O??_C?????A?G?G_G?@??_??P??G?_@?????ACA?G??_?C?A?a??_?IO?????C?S?@DG?@O??A??A?GE?????@O??AAC???_?????CA?C??AW?O?AC???COA?CC????_?G???P?@@???AC?OD???`??_?o?????G?O?OCO???_A??I??O???_aA?C??K????@??D??????AD,[(58-59)-(42-43)-(41-52)-(39-40)-(33-54)-(30-57)-(29-36)-(28-46)-(27-48)-(26-45)-(25-37)-(21-44)-(20-56)-(19-49)-(17-55)-(15-35)-(14-47)-(13-23)-(12-53)-(11-22)-(10-24)-(9-31)-(8-16)-(7-38)-(6-51)-(4-18)-(3-34)-(2-50)-(1-5)-(0-32)],0.00028133392333984375,0.03986859321594238,2,True,0
{O@??G?GA??W@??G??GC??GC???O_?G????AK?O?WG_@Gg??A?????_??C?A?O??Q????OGC???@????_`@A?O?BO_??O??_C?????A?G?G_G?@??_??P??G?_@?????ACA?G??_?C?A?a??_?IO?????C?S?@DG?@O??A??A?GE?????@O??AAC???_?????CA?C??AW?O?AC???COA?CC????_?G???P?@@???AC?OD???`??_?o?????G?O?OCO???_A??I??O???_aA?C??K????@??D??????AD,[(58-59)-(42-43)-(41-52)-(39-40)-(33-54)-(30-57)-(29-36)-(28-46)-(27-48)-(26-45)-(25-37)-(21-44)-(20-56)-(19-49)-(17-55)-(15-35)-(14-47)-(13-23)-(12-53)-(11-22)-(10-24)-(9-31)-(8-16)-(7-38)-(6-51)-(4-18)-(3-34)-(2-50)-(1-5)-(0-32)],0.00033855438232421875,0.05663609504699707,3,True,0
{O@??G?GA??W@??G??GC??GC???O_?G????AK?O?WG_@Gg??A?????_??C?A?O??Q????OGC???@????_`@A?O?BO_??O??_C?????A?G?G_G?@??_??P??G?_@?????ACA?G??_?C?A?a??_?IO?????C?S?@DG?@O??A??A?GE?????@O??AAC???_?????CA?C??AW?O?AC???COA?CC????_?G???P?@@???AC?OD???`??_?o?????G?O?OCO???_A??I??O???_aA?C??K????@??D??????AD,[(56-59)-(52-55)-(42-43)-(40-57)-(33-54)-(30-39)-(29-36)-(28-46)-(27-48)-(26-45)-(25-37)-(21-44)-(20-41)-(19-49)-(17-58)-(15-35)-(14-47)-(13-23)-(12-53)-(11-22)-(10-24)-(9-31)-(8-16)-(7-38)-(6-51)-(4-18)-(3-34)-(2-50)-(1-5)-(0-32)],0.000293731689453125,0.05642342567443848,3,True,0
{O@??G?GA??W@??G??GC??GC???O_?G????AK?O?WG_@Gg??A?????_??C?A?O??Q????OGC???@????_`@A?O?BO_??O??_C?????A?G?G_G?@??_??P??G?_@?????ACA?G??_?C?A?a??_?IO?????C?S?@DG?@O??A??A?GE?????@O??AAC???_?????CA?C??AW?O?AC???COA?CC????_?G???P?@@???AC?OD???`??_?o?????G?O?OCO???_A??I??O???_aA?C??K????@??D??????AD,[(56-59)-(52-55)-(42-43)-(40-57)-(33-54)-(30-39)-(29-36)-(28-46)-(27-48)-(26-45)-(25-37)-(21-44)-(20-41)-(19-49)-(17-58)-(15-35)-(14-47)-(13-23)-(12-53)-(11-22)-(10-24)-(9-31)-(8-16)-(7-38)-(6-51)-(4-18)-(3-34)-(2-50)-(1-5)-(0-32)],0.00028824806213378906,0.025384187698364258,1,True,0
{O@??G?GA??W@??G??GC??GC???O_?G????AK?O?WG_@Gg??A?????_??C?A?O??Q????OGC???@????_`@A?O?BO_??O??_C?????A?G?G_G?@??_??P??G?_@?????ACA?G??_?C?A?a??_?IO?????C?S?@DG?@O??A??A?GE?????@O??AAC???_?????CA?C??AW?O?AC???COA?CC????_?G???P?@@???AC?OD???`??_?o?????G?O?OCO???_A??I??O???_aA?C??K????@??D??????AD,[(56-59)-(52-55)-(42-43)-(39-40)-(33-54)-(30-57)-(29-36)-(28-46)-(27-48)-(26-45)-(25-37)-(21-44)-(20-41)-(19-49)-(17-58)-(15-35)-(14-47)-(13-23)-(12-53)-(11-22)-(10-24)-(9-31)-(8-16)-(7-38)-(6-51)-(4-18)-(3-34)-(2-50)-(1-5)-(0-32)],0.0003063678741455078,0.017528533935546875,1,True,0
{O@??G?GA??W@??G??GC??GC???O_?G????AK?O?WG_@Gg??A?????_??C?A?O??Q????OGC???@????_`@A?O?BO_??O??_C?????A?G?G_G?@??_??P??G?_@?????ACA?G??_?C?A?a??_?IO?????C?S?@DG?@O??A??A?GE?????@O??AAC???_?????CA?C??AW?O?AC???COA?CC????_?G???P?@@???AC?OD???`??_?o?????G?O?OCO???_A??I??O???_aA?C??K????@??D??????AD,[(56-59)-(52-55)-(42-43)-(39-40)-(33-54)-(30-57)-(29-36)-(28-46)-(27-48)-(26-45)-(25-37)-(21-44)-(20-41)-(19-49)-(17-58)-(15-35)-(14-47)-(13-23)-(12-53)-(11-22)-(10-24)-(9-31)-(8-16)-(7-38)-(6-51)-(4-18)-(3-34)-(2-50)-(1-5)-(0-32)],0.0002872943878173828,0.07466626167297363,4,True,0
{O@??G?GA??W@??G??GC??GC???O_?G????AK?O?WG_@Gg??A?????_??C?A?O??Q????OGC???@????_`@A?O?BO_??O??_C?????A?G?G_G?@??_??P??G?_@?????ACA?G??_?C?A?a??_?IO?????C?S?@DG?@O??A??A?GE?????@O??AAC???_?????CA?C??AW?O?AC???COA?CC????_?G???P?@@???AC?OD???`??_?o?????G?O?OCO???_A??I??O???_aA?C??K????@??D??????AD,[(56-59)-(46-49)-(42-43)-(40-57)-(33-54)-(30-39)-(29-36)-(28-55)-(27-48)-(26-45)-(25-37)-(21-44)-(20-41)-(19-52)-(17-58)-(15-35)-(14-47)-(13-23)-(12-53)-(11-22)-(10-24)-(9-31)-(8-16)-(7-38)-(6-51)-(4-18)-(3-34)-(2-50)-(1-5)-(0-32)],0.00035858154296875,0.03972935676574707,2,True,0
{O@??G?GA??W@??G??GC??GC???O_?G????AK?O?WG_@Gg??A?????_??C?A?O??Q????OGC???@????_`@A?O?BO_??O??_C?????A?G?G_G?@??_??P??G?_@?????ACA?G??_?C?A?a??_?IO?????C?S?@DG?@O??A??A?GE?????@O??AAC???_?????CA?C??AW?O?AC???COA?CC????_?G???P?@@???AC?OD???`??_?o?????G?O?OCO???_A??I??O???_aA?C??K????@??D??????AD,[(56-59)-(46-49)-(42-43)-(40-57)-(33-54)-(30-39)-(29-36)-(28-55)-(27-48)-(26-45)-(25-37)-(21-44)-(20-41)-(19-52)-(17-58)-(15-35)-(14-47)-(13-23)-(12-53)-(11-22)-(10-24)-(9-31)-(8-16)-(7-38)-(6-51)-(4-18)-(3-34)-(2-50)-(1-5)-(0-32)],0.0003037452697753906,0.07104730606079102,4,True,0
{O@??G?GA??W@??G??GC??GC???O_?G????AK?O?WG_@Gg??A?????_??C?A?O??Q????OGC???@????_`@A?O?BO_??O??_C?????A?G?G_G?@??_??P??G?_@?????ACA?G??_?C?A?a??_?IO?????C?S?@DG?@O??A??A?GE?????@O??AAC???_?????CA?C??AW?O?AC???COA?CC????_?G???P?@@???AC?OD???`??_?o?????G?O?OCO???_A??I??O???_aA?C??K????@??D??????AD,[(56-59)-(46-49)-(42-43)-(39-40)-(33-54)-(30-57)-(29-36)-(28-55)-(27-48)-(26-45)-(25-37)-(21-44)-(20-41)-(19-52)-(17-58)-(15-35)-(14-47)-(13-23)-(12-53)-(11-22)-(10-24)-(9-31)-(8-16)-(7-38)-(6-51)-(4-18)-(3-34)-(2-50)-(1-5)-(0-32)],0.0002918243408203125,0.016893386840820312,1,True,0
{O@??G?GA??W@??G??GC??GC???O_?G????AK?O?WG_@Gg??A?????_??C?A?O??Q????OGC???@????_`@A?O?BO_??O??_C?????A?G?G_G?@??_??P??G?_@?????ACA?G??_?C?A?a??_?IO?????C?S?@DG?@O??A??A?GE?????@O??AAC???_?????CA?C??AW?O?AC???COA?CC????_?G???P?@@???AC?OD???`??_?o?????G?O?OCO???_A??I??O???_aA?C??K????@??D??????AD,[(56-59)-(46-49)-(42-43)-(39-40)-(33-54)-(30-57)-(29-36)-(28-55)-(27-48)-(26-45)-(25-37)-(21-44)-(20-41)-(19-52)-(17-58)-(15-35)-(14-47)-(13-23)-(12-53)-(11-22)-(10-24)-(9-31)-(8-16)-(7-38)-(6-51)-(4-18)-(3-34)-(2-50)-(1-5)-(0-32)],0.0002951622009277344,0.055684566497802734,3,True,0
{O@??G?GA??W@??G??GC??GC???O_?G????AK?O?WG_@Gg??A?????_??C?A?O??Q????OGC???@????_`@A?O?BO_??O??_C?????A?G?G_G?@??_??P??G?_@?????ACA?G??_?C?A?a??_?IO?????C?S?@DG?@O??A??A?GE?????@O??AAC???_?????CA?C??AW?O?AC???COA?CC????_?G???P?@@???AC?OD???`??_?o?????G?O?OCO???_A??I??O???_aA?C??K????@??D??????AD,[(56-59)-(42-43)-(41-52)-(40-57)-(33-45)-(30-39)-(29-36)-(28-55)-(27-48)-(26-46)-(25-37)-(21-54)-(20-49)-(19-44)-(17-58)-(15-35)-(14-47)-(13-23)-(12-53)-(11-22)-(10-24)-(9-31)-(8-16)-(7-38)-(6-51)-(4-18)-(3-34)-(2-50)-(1-5)-(0-32)],0.0004324913024902344,0.026427268981933594,1,True,0
{O@??G?GA??W@??G??GC??GC???O_?G????AK?O?WG_@Gg??A?????_??C?A?O??Q????OGC???@????_`@A?O?BO_??O??_C?????A?G?G_G?@??_??P??G?_@?????ACA?G??_?C?A?a??_?IO?????C?S?@DG?@O??A??A?GE?????@O??AAC???_?????CA?C??AW?O?AC???COA?CC????_?G???P?@@???AC?OD???`??_?o?????G?O?OCO???_A??I??O???_aA?C??K????@??D??????AD,[(56-59)-(42-43)-(41-52)-(40-57)-(33-45)-(30-39)-(29-36)-(28-55)-(27-48)-(26-46)-(25-37)-(21-54)-(20-49)-(19-44)-(17-58)-(15-35)-(14-47)-(13-23)-(12-53)-(11-22)-(10-24)-(9-31)-(8-16)-(7-38)-(6-51)-(4-18)-(3-34)-(2-50)-(1-5)-(0-32)],0.00030112266540527344,0.05518388748168945,3,True,0
{?h?@OA_??A???????pG?_??A_G???D???O?W??C_GoH@???_C?@????@??????@?@??_OO???_?B?A_?????@_?O?O_O??BOS?????A?G??_?I?????K@????`??O@?????_??@GG??_?A_??_C__@??OO??_G?@A????_O?C??S????AGA@??__O?o???OG?O?G????O?CG????g?C?@G?K?G???????_C@?G?@?_O??G??_?A??OAO@O?@?C??@C??_G???C??_o?`?????A??A?A@A??Q???A?W?,[(53-56)-(52-54)-(48-59)-(44-46)-(41-43)-(38-50)-(37-45)-(36-47)-(31-58)-(29-40)-(27-42)-(26-55)-(25-49)-(21-35)-(19-30)-(18-57)-(15-24)-(14-39)-(13-32)-(12-33)-(11-28)-(10-23)-(9-20)-(8-34)-(6-17)-(4-7)-(3-22)-(2-51)-(1-5)-(0-16)],0.00029015541076660156,0.07276153564453125,4,True,0
{?h?@OA_??A???????pG?_??A_G???D???O?W??C_GoH@???_C?@????@??????@?@??_OO???_?B?A_?????@_?O?O_O??BOS?????A?G??_?I?????K@????`??O@?????_??@GG??_?A_??_C__@??OO??_G?@A????_O?C??S????AGA@??__O?o???OG?O?G????O?CG????g?C?@G?K?G???????_C@?G?@?_O??G??_?A??OAO@O?@?C??@C??_G???C??_o?`?????A??A?A@A??Q???A?W?,[(53-56)-(52-54)-(48-59)-(44-46)-(41-43)-(38-50)-(37-45)-(36-47)-(31-58)-(29-40)-(27-42)-(26-55)-(25-49)-(21-35)-(19-30)-(18-57)-(15-24)-(14-39)-(13-32)-(12-33)-(11-28)-(10-23)-(9-20)-(8-34)-(6-17)-(4-7)-(3-22)-(2-51)-(1-5)-(0-16)],0.0002918243408203125,0.017087221145629883,1,True,0
{?h?@OA_??A???????pG?_??A_G???D???O?W??C_GoH@???_C?@????@??????@?@??_OO???_?B?A_?????@_?O?O_O??BOS?????A?G??_?I?????K@????`??O@?????_??@GG??_?A_??_C__@??OO??_G?@A????_O?C??S????AGA@??__O?o???OG?O?G????O?CG????g?C?@G?K?G???????_C@?G?@?_O??G??_?A??OAO@O?@?C??@C??_G???C??_o?`?????A??A?A@A??Q???A?W?,[(53-56)-(52-54)-(49-59)-(44-48)-(41-43)-(38-40)-(37-45)-(36-47)-(31-58)-(29-46)-(27-42)-(26-55)-(25-50)-(21-35)-(19-30)-(18-57)-(15-24)-(14-39)-(13-32)-(12-33)-(11-28)-(10-23)-(9-20)-(8-34)-(6-17)-(4-7)-(3-22)-(2-51)-(1-5)-(0-16)],0.00032138824462890625,0.08906912803649902,5,True,0
{?h?@OA_??A???????pG?_??A_G???D???O?W??C_GoH@???_C?@????@??????@?@??_OO???_?B?A_?????@_?O?O_O??BOS?????A?G??_?I?????K@????`??O@?????_??@GG??_?A_??_C__@??OO??_G?@A????_O?C??S????AGA@??__O?o???OG?O?G????O?CG????g?C?@G?K?G???????_C@?G?@?_O??G??_?A??OAO@O?@?C??@C??_G???C??_o?`?????A??A?A@A??Q???A?W?,[(53-56)-(52-54)-(49-59)-(44-48)-(41-43)-(38-40)-(37-45)-(36-47)-(31-58)-(29-46)-(27-42)-(26-55)-(25-50)-(21-35)-(19-30)-(18-57)-(15-24)-(14-39)-(13-32)-(12-33)-(11-28)-(10-23)-(9-20)-(8-34)-(6-17)-(4-7)-(3-22)-(2-51)-(1-5)-(0-16)],0.0003025531768798828,0.05522751808166504,3,True,0
{?h?@OA_??A???????pG?_??A_G???D???O?W??C_GoH@???_C?@????@??????@?@??_OO???_?B?A_?????@_?O?O_O??BOS?????A?G??_?I?????K@????`??O@?????_??@GG??_?A_??_C__@??OO??_G?@A????_O?C??S????AGA@??__O?o???OG?O?G????O?CG????g?C?@G?K?G???????_C@?G?@?_O??G??_?A??OAO@O?@?C??@C??_G???C??_o?`?????A??A?A@A??Q???A?W?,[(53-56)-(52-54)-(48-59)-(44-49)-(41-43)-(38-40)-(37-45)-(36-47)-(31-58)-(29-46)-(27-42)-(26-55)-(25-50)-(21-35)-(19-30)-(18-57)-(15-24)-(14-39)-(13-32)-(12-33)-(11-28)-(10-23)-(9-20)-(8-34)-(6-17)-(4-7)-(3-22)-(2-51)-(1-5)-(0-16)],0.00030422210693359375,0.0730743408203125,4,True,0
{?h?@OA_??A???????pG?_??A_G???D???O?W??C_GoH@???_C?@????@??????@?@??_OO???_?B?A_?????@_?O?O_O??BOS?????A?G??_?I?????K@????`??O@?????_??@GG??_?A_??_C__@??OO??_G?@A????_O?C??S????AGA@??__O?o???OG?O?G????O?CG????g?C?@G?K?G???????_C@?G?@?_O??G??_?A??OAO@O?@?C??@C??_G???C??_o?`?????A??A?A@A??Q???A?W?,[(53-56)-(52-54)-(48-59)-(44-49)-(41-43)-(38-40)-(37-45)-(36-47)-(31-58)-(29-46)-(27-42)-(26-55)-(25-50)-(21-35)-(19-30)-(18-57)-(15-24)-(14-39)-(13-32)-(12-33)-(11-28)-(10-23)-(9-20)-(8-34)-(6-17)-(4-7)-(3-22)-(2-51)-(1-5)-(0-16)],0.00029540061950683594,0.017700910568237305,1,True,0
{?h?@OA_??A???????pG?_??A_G???D???O?W??C_GoH@???_C?@????@??????@?@??_OO???_?B?A_?????@_?O?O_O??BOS?????A?G??_?I?????K@????`??O@?????_??@GG??_?A_??_C__@??OO??_G?@A????_O?C??S????AGA@??__O?o???OG?O?G????O?CG????g?C?@G?K?G???????_C@?G?@?_O??G??_?A??OAO@O?@?C??@C??_G???C??_o?`?????A??A?A@A??Q???A?W?,[(55-58)-(53-56)-(52-54)-(49-59)-(44-46)-(41-43)-(38-42)-(37-45)-(36-47)-(31-48)-(29-40)-(26-27)-(25-50)-(21-35)-(19-30)-(18-57)-(15-24)-(14-39)-(13-32)-(12-33)-(11-28)-(10-23)-(9-20)-(8-34)-(6-17)-(4-7)-(3-22)-(2-51)-(1-5)-(0-16)],0.0002925395965576172,0.05610537528991699,3,True,0
{?h?@OA_??A???????pG?_??A_G???D???O?W??C_GoH@???_C?@????@??????@?@??_OO???_?B?A_?????@_?O?O_O??BOS?????A?G??_?I?????K@????`??O@?????_??@GG??_?A_??_C__@??OO??_G?@A????_O?C??S????AGA@??__O?o???OG?O?G????O?CG????g?C?@G?K?G???????_C@?G?@?_O??G??_?A??OAO@O?@?C??@C??_G???C??_o?`?????A??A?A@A??Q???A?W?,[(55-58)-(53-56)-(52-54)-(49-59)-(44-46)-(41-43)-(38-42)-(37-45)-(36-47)-(31-48)-(29-40)-(26-27)-(25-50)-(21-35)-(19-30)-(18-57)-(15-24)-(14-39)-(13-32)-(12-33)-(11-28)-(10-23)-(9-20)-(8-34)-(6-17)-(4-7)-(3-22)-(2-51)-(1-5)-(0-16)],0.00028204917907714844,0.05602765083312988,3,True,0
{?h?@OA_??A???????pG?_??A_G???D???O?W??C_GoH@???_C?@????@??????@?@??_OO???_?B?A_?????@_?O?O_O??BOS?????A?G??_?I?????K@????`??O@?????_??@GG??_?A_??_C__@??OO??_G?@A????_O?C??S????AGA@??__O?o???OG?O?G????O?CG????g?C?@G?K?G???????_C@?G?@?_O??G??_?A??OAO@O?@?C??@C??_G???C??_o?`?????A??A?A@A??Q???A?W?,[(53-56)-(49-59)-(44-46)-(43-58)-(41-52)-(38-50)-(37-45)-(36-47)-(31-48)-(29-40)-(27-42)-(26-55)-(25-54)-(21-35)-(19-30)-(18-57)-(15-24)-(14-39)-(13-32)-(12-33)-(11-28)-(10-23)-(9-20)-(8-34)-(6-17)-(4-7)-(3-22)-(2-51)-(1-5)-(0-16)],0.0003535747528076172,0.13355016708374023,7,True,0
{?h?@OA_??A???????pG?_??A_G???D???O?W??C_GoH@???_C?@????@??????@?@??_OO???_?B?A_?????@_?O?O_O??BOS?????A?G??_?I?????K@????`??O@?????_??@GG??_?A_??_C__@??OO??_G?@A????_O?C??S????AGA@??__O?o???OG?O?G????O?CG????g?C?@G?K?G???????_C@?G?@?_O??G??_?A??OAO@O?@?C??@C??_G???C??_o?`?????A??A?A@A??Q???A?W?,[(53-56)-(49-59)-(44-46)-(43-58)-(41-52)-(38-50)-(37-45)-(36-47)-(31-48)-(29-40)-(27-42)-(26-55)-(25-54)-(21-35)-(19-30)-(18-57)-(15-24)-(14-39)-(13-32)-(12-33)-(11-28)-(10-23)-(9-20)-(8-34)-(6-17)-(4-7)-(3-22)-(2-51)-(1-5)-(0-16)],0.0002880096435546875,0.0722811222076416,4,True,0
{?h?@OA_??A???????pG?_??A_G???D???O?W??C_GoH@???_C?@????@??????@?@??_OO???_?B?A_?????@_?O?O_O??BOS?????A?G??_?I?????K@????`??O@?????_??@GG??_?A_??_C__@??OO??_G?@A????_O?C??S????AGA@??__O?o???OG?O?G????O?CG????g?C?@G?K?G???????_C@?G?@?_O??G??_?A??OAO@O?@?C??@C??_G???C??_o?`?????A??A?A@A??Q???A?W?,[(53-56)-(50-52)-(49-59)-(44-48)-(41-43)-(38-40)-(37-45)-(36-47)-(31-58)-(29-46)-(27-42)-(26-55)-(25-54)-(21-35)-(19-30)-(18-57)-(15-24)-(14-39)-(13-32)-(12-33)-(11-28)-(10-23)-(9-20)-(8-34)-(6-17)-(4-7)-(3-22)-(2-51)-(1-5)-(0-16)],0.0003085136413574219,0.0887451171875,5,True,0
{?h?@OA_??A???????pG?_??A_G???D???O?W??C_GoH@???_C?@????@??????@?@??_OO???_?B?A_?????@_?O?O_O??BOS?????A?G??_?I?????K@????`??O@?????_??@GG??_?A_??_C__@??OO??_G?@A????_O?C??S????AGA@??__O?o???OG?O?G????O?CG????g?C?@G?K?G???????_C@?G?@?_O??G??_?A??OAO@O?@?C??@C??_G???C??_o?`?????A??A?A@A??Q???A?W?,[(53-56)-(50-52)-(49-59)-(44-48)-(41-43)-(38-40)-(37-45)-(36-47)-(31-58)-(29-46)-(27-42)-(26-55)-(25-54)-(21-35)-(19-30)-(18-57)-(15-24)-(14-39)-(13-32)-(12-33)-(11-28)-(10-23)-(9-20)-(8-34)-(6-17)-(4-7)-(3-22)-(2-51)-(1-5)-(0-16)],0.00028967857360839844,0.03961586952209473,2,True,0
{?h?@OA_??A???????pG?_??A_G???D???O?W??C_GoH@???_C?@????@??????@?@??_OO???_?B?A_?????@_?O?O_O??BOS?????A?G??_?I?????K@????`??O@?????_??@GG??_?A_??_C__@??OO??_G?@A????_O?C??S????AGA@??__O?o???OG?O?G????O?CG????g?C?@G?K?G???????_C@?G?@?_O??G??_?A??OAO@O?@?C??@C??_G???C??_o?`?????A??A?A@A??Q???A?W?,[(53-56)-(50-52)-(48-59)-(44-49)-(41-43)-(38-40)-(37-45)-(36-47)-(31-58)-(29-46)-(27-42)-(26-55)-(25-54)-(21-35)-(19-30)-(18-57)-(15-24)-(14-39)-(13-32)-(12-33)-(11-28)-(10-23)-(9-20)-(8-34)-(6-17)-(4-7)-(3-22)-(2-51)-(1-5)-(0-16)],0.0003707408905029297,0.0729970932006836,4,True,0
{?h?@OA_??A???????pG?_??A_G???D???O?W??C_GoH@???_C?@????@??????@?@??_OO???_?B?A_?????@_?O?O_O??BOS?????A?G??_?I?????K@????`??O@?????_??@GG??_?A_??_C__@??OO??_G?@A????_O?C??S????AGA@??__O?o???OG?O?G????O?CG????g?C?@G?K?G???????_C@?G?@?_O??G??_?A??OAO@O?@?C??@C??_G???C??_o?`?????A??A?A@A??Q???A?W?,[(53-56)-(50-52)-(48-59)-(44-49)-(41-43)-(38-40)-(37-45)-(36-47)-(31-58)-(29-46)-(27-42)-(26-55)-(25-54)-(21-35)-(19-30)-(18-57)-(15-24)-(14-39)-(13-32)-(12-33)-(11-28)-(10-23)-(9-20)-(8-34)-(6-17)-(4-7)-(3-22)-(2-51)-(1-5)-(0-16)],0.0002903938293457031,0.09129881858825684,5,True,0
{?h?@OA_??A???????pG?_??A_G???D???O?W??C_GoH@???_C?@????@??????@?@??_OO???_?B?A_?????@_?O?O_O??BOS?????A?G??_?I?????K@????`??O@?????_??@GG??_?A_??_C__@??OO??_G?@A????_O?C??S????AGA@??__O?o???OG?O?G????O?CG????g?C?@G?K?G???????_C@?G?@?_O??G??_?A??OAO@O?@?C??@C??_G???C??_o?`?????A??A?A@A??Q???A?W?,[(55-58)-(53-56)-(50-52)-(49-59)-(44-46)-(41-43)-(38-42)-(37-45)-(36-47)-(31-48)-(29-40)-(26-27)-(25-54)-(21-35)-(19-30)-(18-57)-(15-24)-(14-39)-(13-32)-(12-33)-(11-28)-(10-23)-(9-20)-(8-34)-(6-17)-(4-7)-(3-22)-(2-51)-(1-5)-(0-16)],0.0002892017364501953,0.04077935218811035,2,True,0
{?h?@OA_??A???????pG?_??A_G???D???O?W??C_GoH@???_C?@????@??????@?@??_OO???_?B?A_?????@_?O?O_O??BOS?????A?G??_?I?????K@????`??O@?????_??@GG??_?A_??_C__@??OO??_G?@A????_O?C??S????AGA@??__O?o???OG?O?G????O?CG????g?C?@G?K?G???????_C@?G?@?_O??G??_?A??OAO@O?@?C??@C??_G???C??_o?`?????A??A?A@A??Q???A?W?,[(55-58)-(53-56)-(50-52)-(49-59)-(44-46)-(41-43)-(38-42)-(37-45)-(36-47)-(31-48)-(29-40)-(26-27)-(25-54)-(21-35)-(19-30)-(18-57)-(15-24)-(14-39)-(13-32)-(12-33)-(11-28)-(10-23)-(9-20)-(8-34)-(6-17)-(4-7)-(3-22)-(2-51)-(1-5)-(0-16)],0.0002868175506591797,0.07275080680847168,4,True,0
{?h?@OA_??A???????pG?_??A_G???D???O?W??C_GoH@???_C?@????@??????@?@??_OO???_?B?A_?????@_?O?O_O??BOS?????A?G??_?I?????K@????`??O@?????_??@GG??_?A_??_C__@??OO??_G?@A????_O?C??S????AGA@??__O?o???OG?O?G????O?CG????g?C?@G?K?G???????_C@?G?@?_O??G??_?A??OAO@O?@?C??@C??_G???C??_o?`?????A??A?A@A??Q???A?W?,[(53-56)-(52-54)-(49-59)-(44-48)-(41-43)-(38-50)-(37-45)-(36-47)-(31-58)-(29-40)-(27-42)-(26-55)-(25-46)-(21-35)-(19-30)-(18-57)-(15-24)-(14-39)-(13-32)-(12-33)-(11-28)-(10-23)-(9-20)-(8-34)-(6-17)-(4-7)-(3-22)-(2-51)-(1-5)-(0-16)],0.0004138946533203125,0.04046487808227539,2,True,0
{?h?@OA_??A???????pG?_??A_G???D???O?W??C_GoH@???_C?@????@??????@?@??_OO???_?B?A_?????@_?O?O_O??BOS?????A?G??_?I?????K@????`??O@?????_??@GG??_?A_??_C__@??OO??_G?@A????_O?C??S????AGA@??__O?o???OG?O?G????O?CG????g?C?@G?K?G???????_C@?G?@?_O??G??_?A??OAO@O?@?C??@C??_G???C??_o?`?????A??A?A@A??Q???A?W?,[(53-56)-(52-54)-(49-59)-(44-48)-(41-43)-(38-50)-(37-45)-(36-47)-(31-58)-(29-40)-(27-42)-(26-55)-(25-46)-(21-35)-(19-30)-(18-57)-(15-24)-(14-39)-(13-32)-(12-33)-(11-28)-(10-23)-(9-20)-(8-34)-(6-17)-(4-7)-(3-22)-(2-51)-(1-5)-(0-16)],0.0002892017364501953,0.055471181869506836,3,True,0
{?h?@OA_??A???????pG?_??A_G???D???O?W??C_GoH@???_C?@????@??????@?@??_OO???_?B?A_?????@_?O?O_O??BOS?????A?G??_?I?????K@????`??O@?????_??@GG??_?A_??_C__@??OO??_G?@A????_O?C??S????AGA@??__O?o???OG?O?G????O?CG????g?C?@G?K?G???????_C@?G?@?_O??G??_?A??OAO@O?@?C??@C??_G???C??_o?`?????A??A?A@A??Q???A?W?,[(53-56)-(52-54)-(48-59)-(44-49)-(41-43)-(38-50)-(37-45)-(36-47)-(31-58)-(29-40)-(27-42)-(26-55)-(25-46)-(21-35)-(19-30)-(18-57)-(15-24)-(14-39)-(13-32)-(12-33)-(11-28)-(10-23)-(9-20)-(8-34)-(6-17)-(4-7)-(3-22)-(2-51)-(1-5)-(0-16)],0.00029659271240234375,0.02593398094177246,1,True,0
{?h?@OA_??A???????pG?_??A_G???D???O?W??C_GoH@???_C?@????@??????@?@??_OO???_?B?A_?????@_?O?O_O??BOS?????A?G??_?I?????K@????`??O@?????_??@GG??_?A_??_C__@??OO??_G?@A????_O?C??S????AGA@??__O?o???OG?O?G????O?CG????g?C?@G?K?G???????_C@?G?@?_O??G??_?A??OAO@O?@?C??@C??_G???C??_o?`?????A??A?A@A??Q???A?W?,[(53-56)-(52-54)-(48-59)-(44-49)-(41-43)-(38-50)-(37-45)-(36-47)-(31-58)-(29-40)-(27-42)-(26-55)-(25-46)-(21-35)-(19-30)-(18-57)-(15-24)-(14-39)-(13-32)-(12-33)-(11-28)-(10-23)-(9-20)-(8-34)-(6-17)-(4-7)-(3-22)-(2-51)-(1-5)-(0-16)],0.0002899169921875,0.025403499603271484,1,True,0
{??_??GDA???????O???????_?A??C?B@@?C???O?????_ABO????Oa?H??@G?G_???@G_O???C?_?cS?A??AGO?G@G?AG__????@?C????G_?a??C??@?O?CA?OA?C_??O?@A??A?@CA???O?K???AG??GO?S?A_???@Ga??G?@????G?A??a?A?G??O?O?AA?OA??O?G????@OO??`??_OO??????@OH???@??__?C??HB??O???@??C?OC@@?????AP?C??O??A?@A?OO?_A_O???A??AO?_???AO,[(51-56)-(41-42)-(40-44)-(31-46)-(29-57)-(27-30)-(26-28)-(25-47)-(24-55)-(23-59)-(22-43)-(21-38)-(20-45)-(16-54)-(15-58)-(14-53)-(13-49)-(12-39)-(11-52)-(10-50)-(9-37)-(8-36)-(7-48)-(6-32)-(5-33)-(4-35)-(3-34)-(2-17)-(1-18)-(0-19)],0.0003323554992675781,0.039853811264038086,2,True,0
{??_??GDA???????O???????_?A??C?B@@?C???O?????_ABO????Oa?H??@G?G_???@G_O???C?_?cS?A??AGO?G@G?AG__????@?C????G_?a??C??@?O?CA?OA?C_??O?@A??A?@CA???O?K???AG??GO?S?A_???@Ga??G?@????G?A??a?A?G??O?O?AA?OA??O?G????@OO??`??_OO??????@OH???@??__?C??HB??O???@??C?OC@@?????AP?C??O??A?@A?OO?_A_O???A??AO?_???AO,[(51-56)-(41-42)-(40-44)-(31-46)-(29-57)-(27-30)-(26-28)-(25-47)-(24-55)-(23-59)-(22-43)-(21-38)-(20-45)-(16-54)-(15-58)-(14-53)-(13-49)-(12-39)-(11-52)-(10-50)-(9-37)-(8-36)-(7-48)-(6-32)-(5-33)-(4-35)-(3-34)-(2-17)-(1-18)-(0-19)],0.00029850006103515625,0.025604248046875,1,True,0
{??_??GDA???????O???????_?A??C?B@@?C???O?????_ABO????Oa?H??@G?G_???@G_O???C?_?cS?A??AGO?G@G?AG__????@?C????G_?a??C??@?O?CA?OA?C_??O?@A??A?@CA???O?K???AG??GO?S?A_???@Ga??G?@????G?A??a?A?G??O?O?AA?OA??O?G????@OO??`??_OO??????@OH???@??__?C??HB??O???@??C?OC@@?????AP?C??O??A?@A?OO?_A_O???A??AO?_???AO,[(51-56)-(41-42)-(40-44)-(31-46)-(30-38)-(29-57)-(26-28)-(25-47)-(24-55)-(23-59)-(22-43)-(21-27)-(20-45)-(16-54)-(15-58)-(14-53)-(13-49)-(12-39)-(11-52)-(10-50)-(9-37)-(8-36)-(7-48)-(6-32)-(5-33)-(4-35)-(3-34)-(2-17)-(1-18)-(0-19)],0.0002949237823486328,0.07369112968444824,4,True,0
{??_??GDA???????O???????_?A??C?B@@?C???O?????_ABO????Oa?H??@G?G_???@G_O???C?_?cS?A??AGO?G@G?AG__????@?C????G_?a??C??@?O?CA?OA?C_??O?@A??A?@CA???O?K???AG??GO?S?A_???@Ga??G?@????G?A??a?A?G??O?O?AA?OA??O?G????@OO??`??_OO??????@OH???@??__?C??HB??O???@??C?OC@@?????AP?C??O??A?@A?OO?_A_O???A??AO?_???AO,[(51-56)-(41-42)-(40-44)-(31-46)-(30-38)-(29-57)-(26-28)-(25-47)-(24-55)-(23-59)-(22-43)-(21-27)-(20-45)-(16-54)-(15-58)-(14-53)-(13-49)-(12-39)-(11-52)-(10-50)-(9-37)-(8-36)-(7-48)-(6-32)-(5-33)-(4-35)-(3-34)-(2-17)-(1-18)-(0-19)],0.00028824806213378906,0.02474832534790039,1,True,0
{??_??GDA???????O???????_?A??C?B@@?C???O?????_ABO????Oa?H??@G?G_???@G_O???C?_?cS?A??AGO?G@G?AG__????@?C????G_?a??C??@?O?CA?OA?C_??O?@A??A?@CA???O?K???AG??GO?S?A_???@Ga??G?@????G?A??a?A?G??O?O?AA?OA??O?G????@OO??`??_OO??????@OH???@??__?C??HB??O???@??C?OC@@?????AP?C??O??A?@A?OO?_A_O???A??AO?_???AO,[(51-56)-(44-54)-(41-42)-(31-46)-(29-57)-(27-30)-(26-28)-(25-47)-(24-55)-(23-59)-(22-43)-(21-38)-(20-45)-(16-40)-(15-58)-(14-53)-(13-49)-(12-39)-(11-52)-(10-50)-(9-37)-(8-36)-(7-48)-(6-32)-(5-33)-(4-35)-(3-34)-(2-17)-(1-18)-(0-19)],0.00029778480529785156,0.03957319259643555,2,True,0
{??_??GDA???????O???????_?A??C?B@@?C???O?????_ABO????Oa?H??@G?G_???@G_O???C?_?cS?A??AGO?G@G?AG__????@?C????G_?a??C??@?O?CA?OA?C_??O?@A??A?@CA???O?K???AG??GO?S?A_???@Ga??G?@????G?A??a?A?G??O?O?AA?OA??O?G????@OO??`??_OO??????@OH???@??__?C??HB??O???@??C?OC@@?????AP?C??O??A?@A?OO?_A_O???A??AO?_???AO,[(51-56)-(44-54)-(41-42)-(31-46)-(29-57)-(27-30)-(26-28)-(25-47)-(24-55)-(23-59)-(22-43)-(21-38)-(20-45)-(16-40)-(15-58)-(14-53)-(13-49)-(12-39)-(11-52)-(10-50)-(9-37)-(8-36)-(7-48)-(6-32)-(5-33)-(4-35)-(3-34)-(2-17)-(1-18)-(0-19)],0.00029659271240234375,0.056485652923583984,3,True,0
{??_??GDA???????O???????_?A??C?B@@?C???O?????_ABO????Oa?H??@G?G_???@G_O???C?_?cS?A??AGO?G@G?AG__????@?C????G_?a??C??@?O?CA?OA?C_??O?@A??A?@CA???O?K???AG??GO?S?A_???@Ga??G?@????G?A??a?A?G??O?O?AA?OA??O?G????@OO??`??_OO??????@OH???@??__?C??HB??O???@??C?OC@@?????AP?C??O??A?@A?OO?_A_O???A??AO?_???AO,[(51-56)-(44-54)-(41-42)-(31-46)-(30-38)-(29-57)-(26-28)-(25-47)-(24-55)-(23-59)-(22-43)-(21-27)-(20-45)-(16-40)-(15-58)-(14-53)-(13-49)-(12-39)-(11-52)-(10-50)-(9-37)-(8-36)-(7-48)-(6-32)-(5-33)-(4-35)-(3-34)-(2-17)-(1-18)-(0-19)],0.00028443336486816406,0.02476215362548828,1,True,0
{??_??GDA???????O???????_?A??C?B@@?C???O?????_ABO????Oa?H??@G?G_???@G_O???C?_?cS?A??AGO?G@G?AG__????@?C????G_?a??C??@?O?CA?OA?C_??O?@A??A?@CA???O?K???AG??GO?S?A_???@Ga??G?@????G?A??a?A?G??O?O?AA?OA??O?G????@OO??`??_OO??????@OH???@??__?C??HB??O???@??C?OC@@?????AP?C??O??A?@A?OO?_A_O???A??AO?_???AO,[(51-56)-(44-54)-(41-42)-(31-46)-(30-38)-(29-57)-(26-28)-(25-47)-(24-55)-(23-59)-(22-43)-(21-27)-(20-45)-(16-40)-(15-58)-(14-53)-(13-49)-(12-39)-(11-52)-(10-50)-(9-37)-(8-36)-(7-48)-(6-32)-(5-33)-(4-35)-(3-34)-(2-17)-(1-18)-(0-19)],0.0002932548522949219,0.017043590545654297,1,True,0
{??_??GDA???????O???????_?A??C?B@@?C???O?????_ABO????Oa?H??@G?G_???@G_O???C?_?cS?A??AGO?G@G?AG__????@?C????G_?a??C??@?O?CA?OA?C_??O?@A??A?@CA???O?K???AG??GO?S?A_???@Ga??G?@????G?A??a?A?G??O?O?AA?OA??O?G????@OO??`??_OO??????@OH???@??__?C??HB??O???@??C?OC@@?????AP?C??O??A?@A?OO?_A_O???A??AO?_???AO,[(54-59)-(51-56)-(41-42)-(40-44)-(31-46)-(29-53)-(27-30)-(26-28)-(25-47)-(24-55)-(22-43)-(21-23)-(20-45)-(16-57)-(15-58)-(14-38)-(13-49)-(12-39)-(11-52)-(10-50)-(9-37)-(8-36)-(7-48)-(6-32)-(5-33)-(4-35)-(3-34)-(2-17)-(1-18)-(0-19)],0.0003147125244140625,0.02507758140563965,1,True,0
{??_??GDA???????O???????_?A??C?B@@?C???O?????_ABO????Oa?H??@G?G_???@G_O???C?_?cS?A??AGO?G@G?AG__????@?C????G_?a??C??@?O?CA?OA?C_??O?@A??A?@CA???O?K???AG??GO?S?A_???@Ga??G?@????G?A??a?A?G??O?O?AA?OA??O?G????@OO??`??_OO??????@OH???@??__?C??HB??O???@??C?OC@@?????AP?C??O??A?@A?OO?_A_O???A??AO?_???AO,[(54-59)-(51-56)-(41-42)-(40-44)-(31-46)-(29-53)-(27-30)-(26-28)-(25-47)-(24-55)-(22-43)-(21-23)-(20-45)-(16-57)-(15-58)-(14-38)-(13-49)-(12-39)-(11-52)-(10-50)-(9-37)-(8-36)-(7-48)-(6-32)-(5-33)-(4-35)-(3-34)-(2-17)-(1-18)-(0-19)],0.00029158592224121094,0.05487465858459473,3,True,0
{??_??GDA???????O???????_?A??C?B@@?C???O?????_ABO????Oa?H??@G?G_???@G_O???C?_?cS?A??AGO?G@G?AG__????@?C????G_?a??C??@?O?CA?OA?C_??O?@A??A?@CA???O?K???AG??GO?S?A_???@Ga??G?@????G?A??a?A?G??O?O?AA?OA??O?G????@OO??`??_OO??????@OH???@??__?C??HB??O???@??C?OC@@?????AP?C??O??A?@A?OO?_A_O???A??AO?_???AO,[(51-56)-(43-57)-(41-42)-(40-44)-(31-46)-(29-53)-(26-28)-(25-47)-(24-55)-(23-59)-(22-58)-(21-27)-(20-45)-(16-54)-(15-30)-(14-38)-(13-49)-(12-39)-(11-52)-(10-50)-(9-37)-(8-36)-(7-48)-(6-32)-(5-33)-(4-35)-(3-34)-(2-17)-(1-18)-(0-19)],0.0003249645233154297,0.09185314178466797,5,True,0
{??_??GDA???????O???????_?A??C?B@@?C???O?????_ABO????Oa?H??@G?G_???@G_O???C?_?cS?A??AGO?G@G?AG__????@?C????G_?a??C??@?O?CA?OA?C_??O?@A??A?@CA???O?K???AG??GO?S?A_???@Ga??G?@????G?A??a?A?G??O?O?AA?OA??O?G????@OO??`??_OO??????@OH???@??__?C??HB??O???@??C?OC@@?????AP?C??O??A?@A?OO?_A_O???A??AO?_???AO,[(51-56)-(43-57)-(41-42)-(40-44)-(31-46)-(29-53)-(26-28)-(25-47)-(24-55)-(23-59)-(22-58)-(21-27)-(20-45)-(16-54)-(15-30)-(14-38)-(13-49)-(12-39)-(11-52)-(10-50)-(9-37)-(8-36)-(7-48)-(6-32)-(5-33)-(4-35)-(3-34)-(2-17)-(1-18)-(0-19)],0.00028824806213378906,0.025171995162963867,1,True,0
{??_??GDA???????O???????_?A??C?B@@?C???O?????_ABO????Oa?H??@G?G_???@G_O???C?_?cS?A??AGO?G@G?AG__????@?C????G_?a??C??@?O?CA?OA?C_??O?@A??A?@CA???O?K???AG??GO?S?A_???@Ga??G?@????G?A??a?A?G??O?O?AA?OA??O?G????@OO??`??_OO??????@OH???@??__?C??HB??O???@??C?OC@@?????AP?C??O??A?@A?OO?_A_O???A??AO?_???AO,[(51-56)-(44-54)-(43-57)-(41-42)-(31-46)-(29-53)-(26-28)-(25-47)-(24-55)-(23-59)-(22-58)-(21-27)-(20-45)-(16-40)-(15-30)-(14-38)-(13-49)-(12-39)-(11-52)-(10-50)-(9-37)-(8-36)-(7-48)-(6-32)-(5-33)-(4-35)-(3-34)-(2-17)-(1-18)-(0-19)],0.0003094673156738281,0.025388479232788086,1,True,0
{??_??GDA???????O???????_?A??C?B@@?C???O?????_ABO????Oa?H??@G?G_???@G_O???C?_?cS?A??AGO?G@G?AG__????@?C????G_?a??C??@?O?CA?OA?C_??O?@A??A?@CA???O?K???AG??GO?S?A_???@Ga??G?@????G?A??a?A?G??O?O?AA?OA??O?G????@OO??`??_OO??????@OH???@??__?C??HB??O???@??C?OC@@?????AP?C??O??A?@A?OO?_A_O???A??AO?_???AO,[(51-56)-(44-54)-(43-57)-(41-42)-(31-46)-(29-53)-(26-28)-(25-47)-(24-55)-(23-59)-(22-58)-(21-27)-(20-45)-(16-40)-(15-30)-(14-38)-(13-49)-(12-39)-(11-52)-(10-50)-(9-37)-(8-36)-(7-48)-(6-32)-(5-33)-(4-35)-(3-34)-(2-17)-(1-18)-(0-19)],0.00029349327087402344,0.07340288162231445,4,True,0
{??_??GDA???????O???????_?A??C?B@@?C???O?????_ABO????Oa?H??@G?G_???@G_O???C?_?cS?A??AGO?G@G?AG__????@?C????G_?a??C??@?O?CA?OA?C_??O?@A??A?@CA???O?K???AG??GO?S?A_???@Ga??G?@????G?A??a?A?G??O?O?AA?OA??O?G????@OO??`??_OO??????@OH???@??__?C??HB??O???@??C?OC@@?????AP?C??O??A?@A?OO?_A_O???A??AO?_???AO,[(54-59)-(43-57)-(41-42)-(40-44)-(31-46)-(29-53)-(27-30)-(26-28)-(25-56)-(24-55)-(22-58)-(21-23)-(20-45)-(16-51)-(15-47)-(14-38)-(13-49)-(12-39)-(11-52)-(10-50)-(9-37)-(8-36)-(7-48)-(6-32)-(5-33)-(4-35)-(3-34)-(2-17)-(1-18)-(0-19)],0.0003094673156738281,0.039649248123168945,2,True,0
{??_??GDA???????O???????_?A??C?B@@?C???O?????_ABO????Oa?H??@G?G_???@G_O???C?_?cS?A??AGO?G@G?AG__????@?C????G_?a??C??@?O?CA?OA?C_??O?@A??A?@CA???O?K???AG??GO?S?A_???@Ga??G?@????G?A??a?A?G??O?O?AA?OA??O?G????@OO??`??_OO??????@OH???@??__?C??HB??O???@??C?OC@@?????AP?C??O??A?@A?OO?_A_O???A??AO?_???AO,[(54-59)-(43-57)-(41-42)-(40-44)-(31-46)-(29-53)-(27-30)-(26-28)-(25-56)-(24-55)-(22-58)-(21-23)-(20-45)-(16-51)-(15-47)-(14-38)-(13-49)-(12-39)-(11-52)-(10-50)-(9-37)-(8-36)-(7-48)-(6-32)-(5-33)-(4-35)-(3-34)-(2-17)-(1-18)-(0-19)],0.0002906322479248047,0.11486005783081055,6,True,0
{??_??GDA???????O???????_?A??C?B@@?C???O?????_ABO????Oa?H??@G?G_???@G_O???C?_?cS?A??AGO?G@G?AG__????@?C????G_?a??C??@?O?CA?OA?C_??O?@A??A?@CA???O?K???AG??GO?S?A_???@Ga??G?@????G?A??a?A?G??O?O?AA?OA??O?G????@OO??`??_OO??????@OH???@??__?C??HB??O???@??C?OC@@?????AP?C??O??A?@A?OO?_A_O???A??AO?_???AO,[(51-59)-(43-57)-(41-42)-(40-44)-(31-46)-(29-53)-(27-30)-(26-28)-(25-56)-(24-55)-(22-58)-(21-23)-(20-45)-(16-54)-(15-47)-(14-38)-(13-49)-(12-39)-(11-52)-(10-50)-(9-37)-(8-36)-(7-48)-(6-32)-(5-33)-(4-35)-(3-34)-(2-17)-(1-18)-(0-19)],0.0002868175506591797,0.026003360748291016,1,True,0
{??_??GDA???????O???????_?A??C?B@@?C???O?????_ABO????Oa?H??@G?G_???@G_O???C?_?cS?A??AGO?G@G?AG__????@?C????G_?a??C??@?O?CA?OA?C_??O?@A??A?@CA???O?K???AG??GO?S?A_???@Ga??G?@????G?A??a?A?G??O?O?AA?OA??O?G????@OO??`??_OO??????@OH???@??__?C??HB??O???@??C?OC@@?????AP?C??O??A?@A?OO?_A_O???A??AO?_???AO,[(51-59)-(43-57)-(41-42)-(40-44)-(31-46)-(29-53)-(27-30)-(26-28)-(25-56)-(24-55)-(22-58)-(21-23)-(20-45)-(16-54)-(15-47)-(14-38)-(13-49)-(12-39)-(11-52)-(10-50)-(9-37)-(8-36)-(7-48)-(6-32)-(5-33)-(4-35)-(3-34)-(2-17)-(1-18)-(0-19)],0.0002903938293457031,0.07350039482116699,4,True,0
{??_??GDA???????O???????_?A??C?B@@?C???O?????_ABO????Oa?H??@G?G_???@G_O???C?_?cS?A??AGO?G@G?AG__????@?C????G_?a??C??@?O?CA?OA?C_??O?@A??A?@CA???O?K???AG??GO?S?A_???@Ga??G?@????G?A??a?A?G??O?O?AA?OA??O?G????@OO??`??_OO??????@OH???@??__?C??HB??O???@??C?OC@@?????AP?C??O??A?@A?OO?_A_O???A??AO?_???AO,[(51-59)-(44-54)-(43-57)-(41-42)-(31-46)-(29-53)-(27-30)-(26-28)-(25-56)-(24-55)-(22-58)-(21-23)-(20-45)-(16-40)-(15-47)-(14-38)-(13-49)-(12-39)-(11-52)-(10-50)-(9-37)-(8-36)-(7-48)-(6-32)-(5-33)-(4-35)-(3-34)-(2-17)-(1-18)-(0-19)],0.00029754638671875,0.0741584300994873,4,True,0
{??_??GDA???????O???????_?A??C?B@@?C???O?????_ABO????Oa?H??@G?G_???@G_O???C?_?cS?A??AGO?G@G?AG__????@?C????G_?a??C??@?O?CA?OA?C_??O?@A??A?@CA???O?K???AG??GO?S?A_???@Ga??G?@????G?A??a?A?G??O?O?AA?OA??O?G????@OO??`??_OO??????@OH???@??__?C??HB??O???@??C?OC@@?????AP?C??O??A?@A?OO?_A_O???A??AO?_???AO,[(51-59)-(44-54)-(43-57)-(41-42)-(31-46)-(29-53)-(27-30)-(26-28)-(25-56)-(24-55)-(22-58)-(21-23)-(20-45)-(16-40)-(15-47)-(14-38)-(13-49)-(12-39)-(11-52)-(10-50)-(9-37)-(8-36)-(7-48)-(6-32)-(5-33)-(4-35)-(3-34)-(2-17)-(1-18)-(0-19)],0.0002884864807128906,0.039746999740600586,2,True,0
{P_???D??OGo??C?@???AA????O??CC??????H?_?@??__?O???@oI????_??O?CA??GC_??????CD__??CO??@?_???G?A???OK???@?C??a@???G?C?A?G?Q?AP??@??A?co??????CK??CA?c?O??AO?O??_?????S?H?DO???A?c?@???Q?????gC?a?G??_???AO_?C??AK???@??????@?J????G?S@?C?Q?CC??AA??K????@??C?@?G@????o??O?@??GQ?@????G?O??b??O?AA???_???W,[(56-57)-(44-47)-(39-43)-(35-55)-(32-51)-(31-52)-(29-53)-(28-42)-(27-30)-(26-46)-(24-49)-(22-41)-(20-33)-(19-45)-(18-54)-(15-17)-(14-25)-(13-40)-(12-36)-(11-21)-(10-58)-(9-50)-(8-37)-(7-38)-(6-48)-(5-23)-(4-16)-(3-59)-(1-34)-(0-2)],0.000301361083984375,0.03876352310180664,2,True,0
{P_???D??OGo??C?@???AA????O??CC??????H?_?@??__?O???@oI????_??O?CA??GC_??????CD__??CO??@?_???G?A???OK???@?C??a@???G?C?A?G?Q?AP??@??A?co??????CK??CA?c?O??AO?O??_?????S?H?DO???A?c?@???Q?????gC?a?G??_???AO_?C??AK???@??????@?J????G?S@?C?Q?CC??AA??K????@??C?@?G@????o??O?@??GQ?@????G?O??b??O?AA???_???W,[(56-57)-(44-47)-(39-43)-(35-55)-(32-51)-(31-52)-(29-53)-(28-42)-(27-30)-(26-46)-(24-49)-(22-41)-(20-33)-(19-45)-(18-54)-(15-17)-(14-25)-(13-40)-(12-36)-(11-21)-(10-58)-(9-50)-(8-37)-(7-38)-(6-48)-(5-23)-(4-16)-(3-59)-(1-34)-(0-2)],0.00029397010803222656,0.05496382713317871,3,True,0
{P_???D??OGo??C?@???AA????O??CC??????H?_?@??__?O???@oI????_??O?CA??GC_??????CD__??CO??@?_???G?A???OK???@?C??a@???G?C?A?G?Q?AP??@??A?co??????CK??CA?c?O??AO?O??_?????S?H?DO???A?c?@???Q?????gC?a?G??_???AO_?C??AK???@??????@?J????G?S@?C?Q?CC??AA??K????@??C?@?G@????o??O?@??GQ?@????G?O??b??O?AA???_???W,[(56-57)-(44-55)-(39-43)-(35-47)-(32-51)-(31-52)-(29-53)-(28-42)-(27-30)-(26-46)-(24-49)-(22-41)-(20-33)-(19-45)-(18-54)-(15-17)-(14-25)-(13-40)-(12-36)-(11-21)-(10-58)-(9-50)-(8-37)-(7-38)-(6-48)-(5-23)-(4-16)-(3-59)-(1-34)-(0-2)],0.00029754638671875,0.055440664291381836,3,True,0
{P_???D??OGo??C?@???AA????O??CC??????H?_?@??__?O???@oI????_??O?CA??GC_??????CD__??CO??@?_???G?A???OK???@?C??a@???G?C?A?G?Q?AP??@??A?co??????CK??CA?c?O??AO?O??_?????S?H?DO???A?c?@???Q?????gC?a?G??_???AO_?C??AK???@??????@?J????G?S@?C?Q?CC??AA??K????@??C?@?G@????o??O?@??GQ?@????G?O??b??O?AA???_???W,[(56-57)-(44-55)-(39-43)-(35-47)-(32-51)-(31-52)-(29-53)-(28-42)-(27-30)-(26-46)-(24-49)-(22-41)-(20-33)-(19-45)-(18-54)-(15-17)-(14-25)-(13-40)-(12-36)-(11-21)-(10-58)-(9-50)-(8-37)-(7-38)-(6-48)-(5-23)-(4-16)-(3-59)-(1-34)-(0-2)],0.0002925395965576172,0.03885197639465332,2,True,0
{P_???D??OGo??C?@???AA????O??CC??????H?_?@??__?O???@oI????_??O?CA??GC_??????CD__??CO??@?_???G?A???OK???@?C??a@???G?C?A?G?Q?AP??@??A?co??????CK??CA?c?O??AO?O??_?????S?H?DO???A?c?@???Q?????gC?a?G??_???AO_?C??AK???@??????@?J????G?S@?C?Q?CC??AA??K????@??C?@?G@????o??O?@??GQ?@????G?O??b??O?AA???_???W,[(56-57)-(44-47)-(41-52)-(39-49)-(35-55)-(32-51)-(29-53)-(28-42)-(27-30)-(26-46)-(24-31)-(22-43)-(20-33)-(19-45)-(18-54)-(15-17)-(14-25)-(13-40)-(12-36)-(11-21)-(10-58)-(9-50)-(8-37)-(7-38)-(6-48)-(5-23)-(4-16)-(3-59)-(1-34)-(0-2)],0.0003943443298339844,0.07276368141174316,4,True,0
{P_???D??OGo??C?@???AA????O??CC??????H?_?@??__?O???@oI????_??O?CA??GC_??????CD__??CO??@?_???G?A???OK???@?C??a@???G?C?A?G?Q?AP??@??A?co??????CK??CA?c?O??AO?O??_?????S?H?DO???A?c?@???Q?????gC?a?G??_???AO_?C??AK???@??????@?J????G?S@?C?Q?CC??AA??K????@??C?@?G@????o??O?@??GQ?@????G?O??b??O?AA???_???W,[(56-57)-(44-47)-(41-52)-(39-49)-(35-55)-(32-51)-(29-53)-(28-42)-(27-30)-(26-46)-(24-31)-(22-43)-(20-33)-(19-45)-(18-54)-(15-17)-(14-25)-(13-40)-(12-36)-(11-21)-(10-58)-(9-50)-(8-37)-(7-38)-(6-48)-(5-23)-(4-16)-(3-59)-(1-34)-(0-2)],0.0002911090850830078,0.025516748428344727,1,True,0
{P_???D??OGo??C?@???AA????O??CC??????H?_?@??__?O???@oI????_??O?CA??GC_??????CD__??CO??@?_???G?A???OK???@?C??a@???G?C?A?G?Q?AP??@??A?co??????CK??CA?c?O??AO?O??_?????S?H?DO???A?c?@???Q?????gC?a?G??_???AO_?C??AK???@??????@?J????G?S@?C?Q?CC??AA??K????@??C?@?G@????o??O?@??GQ?@????G?O??b??O?AA???_???W,[(56-57)-(44-55)-(41-52)-(39-49)-(35-47)-(32-51)-(29-53)-(28-42)-(27-30)-(26-46)-(24-31)-(22-43)-(20-33)-(19-45)-(18-54)-(15-17)-(14-25)-(13-40)-(12-36)-(11-21)-(10-58)-(9-50)-(8-37)-(7-38)-(6-48)-(5-23)-(4-16)-(3-59)-(1-34)-(0-2)],0.0002956390380859375,0.09262657165527344,5,True,0
{P_???D??OGo??C?@???AA????O??CC??????H?_?@??__?O???@oI????_??O?CA??GC_??????CD__??CO??@?_???G?A???OK???@?C??a@???G?C?A?G?Q?AP??@??A?co??????CK??CA?c?O??AO?O??_?????S?H?DO???A?c?@???Q?????gC?a?G??_???AO_?C??AK???@??????@?J????G?S@?C?Q?CC??AA??K????@??C?@?G@????o??O?@??GQ?@????G?O??b??O?AA???_???W,[(56-57)-(44-55)-(41-52)-(39-49)-(35-47)-(32-51)-(29-53)-(28-42)-(27-30)-(26-46)-(24-31)-(22-43)-(20-33)-(19-45)-(18-54)-(15-17)-(14-25)-(13-40)-(12-36)-(11-21)-(10-58)-(9-50)-(8-37)-(7-38)-(6-48)-(5-23)-(4-16)-(3-59)-(1-34)-(0-2)],0.0003039836883544922,0.07413339614868164,4,True,0
{P_???D??OGo??C?@???AA????O??CC??????H?_?@??__?O???@oI????_??O?CA??GC_??????CD__??CO??@?_???G?A???OK???@?C??a@???G?C?A?G?Q?AP??@??A?co??????CK??CA?c?O??AO?O??_?????S?H?DO???A?c?@???Q?????gC?a?G??_???AO_?C??AK???@??????@?J????G?S@?C?Q?CC??AA??K????@??C?@?G@????o??O?@??GQ?@????G?O??b??O?AA???_???W,[(56-57)-(44-47)-(39-43)-(35-55)-(32-51)-(31-52)-(29-53)-(27-28)-(26-46)-(24-49)-(22-41)-(20-33)-(19-45)-(18-30)-(17-54)-(15-42)-(14-25)-(13-40)-(12-36)-(11-21)-(10-58)-(9-50)-(8-37)-(7-38)-(6-48)-(5-23)-(4-16)-(3-59)-(1-34)-(0-2)],0.0003094673156738281,0.024414539337158203,1,True,0
{P_???D??OGo??C?@???AA????O??CC??????H?_?@??__?O???@oI????_??O?CA??GC_??????CD__??CO??@?_???G?A???OK???@?C??a@???G?C?A?G?Q?AP??@??A?co??????CK??CA?c?O??AO?O??_?????S?H?DO???A?c?@???Q?????gC?a?G??_???AO_?C??AK???@??????@?J????G?S@?C?Q?CC??AA??K????@??C?@?G@????o??O?@??GQ?@????G?O??b??O?AA???_???W,[(56-57)-(44-47)-(39-43)-(35-55)-(32-51)-(31-52)-(29-53)-(27-28)-(26-46)-(24-49)-(22-41)-(20-33)-(19-45)-(18-30)-(17-54)-(15-42)-(14-25)-(13-40)-(12-36)-(11-21)-(10-58)-(9-50)-(8-37)-(7-38)-(6-48)-(5-23)-(4-16)-(3-59)-(1-34)-(0-2)],0.00027942657470703125,0.04064011573791504,2,True,0
{P_???D??OGo??C?@???AA????O??CC??????H?_?@??__?O???@oI????_??O?CA??GC_??????CD__??CO??@?_???G?A???OK???@?C??a@???G?C?A?G?Q?AP??@??A?co??????CK??CA?c?O??AO?O??_?????S?H?DO???A?c?@???Q?????gC?a?G??_???AO_?C??AK???@??????@?J????G?S@?C?Q?CC??AA??K????@??C?@?G@????o??O?@??GQ?@????G?O??b??O?AA???_???W,[(56-57)-(44-55)-(39-43)-(35-47)-(32-51)-(31-52)-(29-53)-(27-28)-(26-46)-(24-49)-(22-41)-(20-33)-(19-45)-(18-30)-(17-54)-(15-42)-(14-25)-(13-40)-(12-36)-(11-21)-(10-58)-(9-50)-(8-37)-(7-38)-(6-48)-(5-23)-(4-16)-(3-59)-(1-34)-(0-2)],0.0002923011779785156,0.0735633373260498,4,True,0
{P_???D??OGo??C?@???AA????O??CC??????H?_?@??__?O???@oI????_??O?CA??GC_??????CD__??CO??@?_???G?A???OK???@?C??a@???G?C?A?G?Q?AP??@??A?co??????CK??CA?c?O??AO?O??_?????S?H?DO???A?c?@???Q?????gC?a?G??_???AO_?C??AK???@??????@?J????G?S@?C?Q?CC??AA??K????@??C?@?G@????o??O?@??GQ?@????G?O??b??O?AA???_???W,[(56-57)-(44-55)-(39-43)-(35-47)-(32-51)-(31-52)-(29-53)-(27-28)-(26-46)-(24-49)-(22-41)-(20-33)-(19-45)-(18-30)-(17-54)-(15-42)-(14-25)-(13-40)-(12-36)-(11-21)-(10-58)-(9-50)-(8-37)-(7-38)-(6-48)-(5-23)-(4-16)-(3-59)-(1-34)-(0-2)],0.0002968311309814453,0.0392606258392334,2,True,0
{P_???D??OGo??C?@???AA????O??CC??????H?_?@??__?O???@oI????_??O?CA??GC_??????CD__??CO??@?_???G?A???OK???@?C??a@???G?C?A?G?Q?AP??@??A?co??????CK??CA?c?O??AO?O??_?????S?H?DO???A?c?@???Q?????gC?a?G??_???AO_?C??AK???@??????@?J????G?S@?C?Q?CC??AA??K????@??C?@?G@????o??O?@??GQ?@????G?O??b??O?AA???_???W,[(56-57)-(44-47)-(41-52)-(39-49)-(35-55)-(32-51)-(29-53)-(28-31)-(26-46)-(24-27)-(22-43)-(20-33)-(19-45)-(18-30)-(17-54)-(15-42)-(14-25)-(13-40)-(12-36)-(11-21)-(10-58)-(9-50)-(8-37)-(7-38)-(6-48)-(5-23)-(4-16)-(3-59)-(1-34)-(0-2)],0.00029015541076660156,0.017816543579101562,1,True,0
{P_???D??OGo??C?@???AA????O??CC??????H?_?@??__?O???@oI????_??O?CA??GC_??????CD__??CO??@?_???G?A???OK???@?C??a@???G?C?A?G?Q?AP??@??A?co??????CK??CA?c?O??AO?O??_?????S?H?DO???A?c?@???Q?????gC?a?G??_???AO_?C??AK???@??????@?J????G?S@?C?Q?CC??AA??K????@??C?@?G@????o??O?@??GQ?@????G?O??b??O?AA???_???W,[(56-57)-(44-47)-(41-52)-(39-49)-(35-55)-(32-51)-(29-53)-(28-31)-(26-46)-(24-27)-(22-43)-(20-33)-(19-45)-(18-30)-(17-54)-(15-42)-(14-25)-(13-40)-(12-36)-(11-21)-(10-58)-(9-50)-(8-37)-(7-38)-(6-48)-(5-23)-(4-16)-(3-59)-(1-34)-(0-2)],0.0002987384796142578,0.09115767478942871,5,True,0
{P_???D??OGo??C?@???AA????O??CC??????H?_?@??__?O???@oI????_??O?CA??GC_??????CD__??CO??@?_???G?A???OK???@?C??a@???G?C?A?G?Q?AP??@??A?co??????CK??CA?c?O??AO?O??_?????S?H?DO???A?c?@???Q?????gC?a?G??_???AO_?C??AK???@??????@?J????G?S@?C?Q?CC??AA??K????@??C?@?G@????o??O?@??GQ?@????G?O??b??O?AA???_???W,[(56-57)-(44-55)-(41-52)-(39-49)-(35-47)-(32-51)-(29-53)-(28-31)-(26-46)-(24-27)-(22-43)-(20-33)-(19-45)-(18-30)-(17-54)-(15-42)-(14-25)-(13-40)-(12-36)-(11-21)-(10-58)-(9-50)-(8-37)-(7-38)-(6-48)-(5-23)-(4-16)-(3-59)-(1-34)-(0-2)],0.00028061866760253906,0.03975844383239746,2,True,0
{P_???D??OGo??C?@???AA????O??CC??????H?_?@??__?O???@oI????_??O?CA??GC_??????CD__??CO??@?_???G?A???OK???@?C??a@???G?C?A?G?Q?AP??@??A?co??????CK??CA?c?O??AO?O??_?????S?H?DO???A?c?@???Q?????gC?a?G??_???AO_?C??AK???@??????@?J????G?S@?C?Q?CC??AA??K????@??C?@?G@????o??O?@??GQ?@????G?O??b??O?AA???_???W,[(56-57)-(44-55)-(41-52)-(39-49)-(35-47)-(32-51)-(29-53)-(28-31)-(26-46)-(24-27)-(22-43)-(20-33)-(19-45)-(18-30)-(17-54)-(15-42)-(14-25)-(13-40)-(12-36)-(11-21)-(10-58)-(9-50)-(8-37)-(7-38)-(6-48)-(5-23)-(4-16)-(3-59)-(1-34)-(0-2)],0.00030303001403808594,0.09216141700744629,5,True,0
{P_???D??OGo??C?@???AA????O??CC??????H?_?@??__?O???@oI????_??O?CA??GC_??????CD__??CO??@?_???G?A???OK???@?C??a@???G?C?A?G?Q?AP??@??A?co??????CK??CA?c?O??AO?O??_?????S?H?DO???A?c?@???Q?????gC?a?G??_???AO_?C??AK???@??????@?J????G?S@?C?Q?CC??AA??K????@??C?@?G@????o??O?@??GQ?@????G?O??b??O?AA???_???W,[(56-57)-(44-47)-(41-52)-(39-49)-(35-55)-(32-51)-(29-53)-(27-28)-(26-46)-(24-31)-(22-43)-(20-33)-(19-45)-(18-30)-(17-54)-(15-42)-(14-25)-(13-40)-(12-36)-(11-21)-(10-58)-(9-50)-(8-37)-(7-38)-(6-48)-(5-23)-(4-16)-(3-59)-(1-34)-(0-2)],0.00029277801513671875,0.09120512008666992,5,True,0
{P_???D??OGo??C?@???AA????O??CC??????H?_?@??__?O???@oI????_??O?CA??GC_??????CD__??CO??@?_???G?A???OK???@?C??a@???G?C?A?G?Q?AP??@??A?co??????CK??CA?c?O??AO?O??_?????S?H?DO???A?c?@???Q?????gC?a?G??_???AO_?C??AK???@??????@?J????G?S@?C?Q?CC??AA??K????@??C?@?G@????o??O?@??GQ?@????G?O??b??O?AA???_???W,[(56-57)-(44-47)-(41-52)-(39-49)-(35-55)-(32-51)-(29-53)-(27-28)-(26-46)-(24-31)-(22-43)-(20-33)-(19-45)-(18-30)-(17-54)-(15-42)-(14-25)-(13-40)-(12-36)-(11-21)-(10-58)-(9-50)-(8-37)-(7-38)-(6-48)-(5-23)-(4-16)-(3-59)-(1-34)-(0-2)],0.0003001689910888672,0.025234699249267578,1,True,0
{P_???D??OGo??C?@???AA????O??CC??????H?_?@??__?O???@oI????_??O?CA??GC_??????CD__??CO??@?_???G?A???OK???@?C??a@???G?C?A?G?Q?AP??@??A?co??????CK??CA?c?O??AO?O??_?????S?H?DO???A?c?@???Q?????gC?a?G??_???AO_?C??AK???@??????@?J????G?S@?C?Q?CC??AA??K????@??C?@?G@????o??O?@??GQ?@????G?O??b??O?AA???_???W,[(56-57)-(44-55)-(41-52)-(39-49)-(35-47)-(32-51)-(29-53)-(27-28)-(26-46)-(24-31)-(22-43)-(20-33)-(19-45)-(18-30)-(17-54)-(15-42)-(14-25)-(13-40)-(12-36)-(11-21)-(10-58)-(9-50)-(8-37)-(7-38)-(6-48)-(5-23)-(4-16)-(3-59)-(1-34)-(0-2)],0.00038909912109375,0.09076428413391113,5,True,0
{P_???D??OGo??C?@???AA????O??CC??????H?_?@??__?O???@oI????_??O?CA??GC_??????CD__??CO??@?_???G?A???OK???@?C??a@???G?C?A?G?Q?AP??@??A?co??????CK??CA?c?O??AO?O??_?????S?H?DO???A?c?@???Q?????gC?a?G??_???AO_?C??AK???@??????@?J????G?S@?C?Q?CC??AA??K????@??C?@?G@????o??O?@??GQ?@????G?O??b??O?AA???_???W,[(56-57)-(44-55)-(41-52)-(39-49)-(35-47)-(32-51)-(29-53)-(27-28)-(26-46)-(24-31)-(22-43)-(20-33)-(19-45)-(18-30)-(17-54)-(15-42)-(14-25)-(13-40)-(12-36)-(11-21)-(10-58)-(9-50)-(8-37)-(7-38)-(6-48)-(5-23)-(4-16)-(3-59)-(1-34)-(0-2)],0.00032591819763183594,0.02494978904724121,1,True,0
{?O??AC????????@????????A?@??`A????_Ec?Ah_???D?G???C????J@???OM??O????C?B??@@????_?GGA???C?KO?a??WGOOCO???G??G?_?C???O_@G?G?__@???Cq????@???G@???CC?C??GA??DS???@AO?_O?@_?A?@?I?G?@???@@??C????O???AC?@@?O?G@?c??A?????G?????HA?O?B???AE???@???Q??a???C?d?O???A???AA??@?C?G???H??C?_O?__??A?S????So???C?,[(55-57)-(47-51)-(46-58)-(41-42)-(40-48)-(36-39)-(31-53)-(30-43)-(28-45)-(25-38)-(24-29)-(23-59)-(21-44)-(16-26)-(15-54)-(14-20)-(13-52)-(12-56)-(11-49)-(10-27)-(9-37)-(8-22)-(7-19)-(6-17)-(5-50)-(4-32)-(3-33)-(2-18)-(1-34)-(0-35)],0.0003135204315185547,0.054952144622802734,3,True,0
{?O??AC????????@????????A?@??`A????_Ec?Ah_???D?G???C????J@???OM??O????C?B??@@????_?GGA???C?KO?a??WGOOCO???G??G?_?C???O_@G?G?__@???Cq????@???G@???CC?C??GA??DS???@AO?_O?@_?A?@?I?G?@???@@??C????O???AC?@@?O?G@?c??A?????G?????HA?O?B???AE???@???Q??a???C?d?O???A???AA??@?C?G???H??C?_O?__??A?S????So???C?,[(55-57)-(47-51)-(46-58)-(41-42)-(40-48)-(36-39)-(31-53)-(30-43)-(28-45)-(25-38)-(24-29)-(23-59)-(21-44)-(16-26)-(15-54)-(14-20)-(13-52)-(12-56)-(11-49)-(10-27)-(9-37)-(8-22)-(7-19)-(6-17)-(5-50)-(4-32)-(3-33)-(2-18)-(1-34)-(0-35)],0.00034356117248535156,0.05458950996398926,3,True,0
{?O??AC????????@????????A?@??`A????_Ec?Ah_???D?G???C????J@???OM??O????C?B??@@????_?GGA???C?KO?a??WGOOCO???G??G?_?C???O_@G?G?__@???Cq????@???G@???CC?C??GA??DS???@AO?_O?@_?A?@?I?G?@???@@??C????O???AC?@@?O?G@?c??A?????G?????HA?O?B???AE???@???Q??a???C?d?O???A???AA??@?C?G???H??C?_O?__??A?S????So???C?,[(55-57)-(47-51)-(46-58)-(41-42)-(40-48)-(31-53)-(30-36)-(28-45)-(26-43)-(25-38)-(24-29)-(21-44)-(20-59)-(16-23)-(15-54)-(14-39)-(13-52)-(12-56)-(11-49)-(10-27)-(9-37)-(8-22)-(7-19)-(6-17)-(5-50)-(4-32)-(3-33)-(2-18)-(1-34)-(0-35)],0.0003020763397216797,0.02550959587097168,1,True,0
{?O??AC????????@????????A?@??`A????_Ec?Ah_???D?G???C????J@???OM??O????C?B??@@????_?GGA???C?KO?a??WGOOCO???G??G?_?C???O_@G?G?__@???Cq????@???G@???CC?C??GA??DS???@AO?_O?@_?A?@?I?G?@???@@??C????O???AC?@@?O?G@?c??A?????G?????HA?O?B???AE???@???Q??a???C?d?O???A???AA??@?C?G???H??C?_O?__??A?S????So???C?,[(55-57)-(47-51)-(46-58)-(41-42)-(40-48)-(31-53)-(30-36)-(28-45)-(26-43)-(25-38)-(24-29)-(21-44)-(20-59)-(16-23)-(15-54)-(14-39)-(13-52)-(12-56)-(11-49)-(10-27)-(9-37)-(8-22)-(7-19)-(6-17)-(5-50)-(4-32)-(3-33)-(2-18)-(1-34)-(0-35)],0.00028443336486816406,0.09085726737976074,5,True,0
{?O??AC????????@????????A?@??`A????_Ec?Ah_???D?G???C????J@???OM??O????C?B??@@????_?GGA???C?KO?a??WGOOCO???G??G?_?C???O_@G?G?__@???Cq????@???G@???CC?C??GA??DS???@AO?_O?@_?A?@?I?G?@???@@??C????O???AC?@@?O?G@?c??A?????G?????HA?O?B???AE???@???Q??a???C?d?O???A???AA??@?C?G???H??C?_O?__??A?S????So???C?,[(55-57)-(47-51)-(46-58)-(41-42)-(40-48)-(31-53)-(30-43)-(28-45)-(25-38)-(24-29)-(23-59)-(21-44)-(20-36)-(16-26)-(15-54)-(14-39)-(13-52)-(12-56)-(11-49)-(10-27)-(9-37)-(8-22)-(7-19)-(6-17)-(5-50)-(4-32)-(3-33)-(2-18)-(1-34)-(0-35)],0.0002837181091308594,0.04078078269958496,2,False,0
{?O??AC????????@????????A?@??`A????_Ec?Ah_???D?G???C????J@???OM??O????C?B??@@????_?GGA???C?KO?a??WGOOCO???G??G?_?C???O_@G?G?__@???Cq????@???G@???CC?C??GA??DS???@AO?_O?@_?A?@?I?G?@???@@??C????O???AC?@@?O?G@?c??A?????G?????HA?O?B???AE???@???Q??a???C?d?O???A???AA??@?C?G???H??C?_O?__??A?S????So???C?,[(55-57)-(47-51)-(46-58)-(41-42)-(40-48)-(31-53)-(30-43)-(28-45)-(25-38)-(24-29)-(23-59)-(21-44)-(20-36)-(16-26)-(15-54)-(14-39)-(13-52)-(12-56)-(11-49)-(10-27)-(9-37)-(8-22)-(7-19)-(6-17)-(5-50)-(4-32)-(3-33)-(2-18)-(1-34)-(0-35)],0.0002982616424560547,0.0726165771484375,4,True,0
{?O??AC????????@????????A?@??`A????_Ec?Ah_???D?G???C????J@???OM??O????C?B??@@????_?GGA???C?KO?a??WGOOCO???G??G?_?C???O_@G?G?__@???Cq????@???G@???CC?C??GA??DS???@AO?_O?@_?A?@?I?G?@???@@??C????O???AC?@@?O?G@?c??A?????G?????HA?O?B???AE???@???Q??a???C?d?O???A???AA??@?C?G???H??C?_O?__??A?S????So???C?,[(55-57)-(47-51)-(46-58)-(41-42)-(40-48)-(36-39)-(31-53)-(30-43)-(28-45)-(25-38)-(24-29)-(21-44)-(20-59)-(16-26)-(15-54)-(14-23)-(13-52)-(12-56)-(11-49)-(10-27)-(9-37)-(8-22)-(7-19)-(6-17)-(5-50)-(4-32)-(3-33)-(2-18)-(1-34)-(0-35)],0.0003292560577392578,0.03960895538330078,2,True,0
{?O??AC????????@????????A?@??`A????_Ec?Ah_???D?G???C????J@???OM??O????C?B??@@????_?GGA???C?KO?a??WGOOCO???G??G?_?C???O_@G?G?__@???Cq????@???G@???CC?C??GA??DS???@AO?_O?@_?A?@?I?G?@???@@??C????O???AC?@@?O?G@?c??A?????G?????HA?O?B???AE???@???Q??a???C?d?O???A???AA??@?C?G???H??C?_O?__??A?S????So???C?,[(55-57)-(47-51)-(46-58)-(41-42)-(40-48)-(36-39)-(31-53)-(30-43)-(28-45)-(25-38)-(24-29)-(21-44)-(20-59)-(16-26)-(15-54)-(14-23)-(13-52)-(12-56)-(11-49)-(10-27)-(9-37)-(8-22)-(7-19)-(6-17)-(5-50)-(4-32)-(3-33)-(2-18)-(1-34)-(0-35)],0.0002930164337158203,0.03956294059753418,2,True,0
{?O??AC????????@????????A?@??`A????_Ec?Ah_???D?G???C????J@???OM??O????C?B??@@????_?GGA???C?KO?a??WGOOCO???G??G?_?C???O_@G?G?__@???Cq????@???G@???CC?C??GA??DS???@AO?_O?@_?A?@?I?G?@???@@??C????O???AC?@@?O?G@?c??A?????G?????HA?O?B???AE???@???Q??a???C?d?O???A???AA??@?C?G???H??C?_O?__??A?S????So???C?,[(55-57)-(51-53)-(46-58)-(41-42)-(40-48)-(36-39)-(29-31)-(28-45)-(26-43)-(25-38)-(24-59)-(21-44)-(20-30)-(16-47)-(15-54)-(14-23)-(13-52)-(12-56)-(11-49)-(10-27)-(9-37)-(8-22)-(7-19)-(6-17)-(5-50)-(4-32)-(3-33)-(2-18)-(1-34)-(0-35)],0.0002841949462890625,0.025211572647094727,1,True,0
{?O??AC????????@????????A?@??`A????_Ec?Ah_???D?G???C????J@???OM??O????C?B??@@????_?GGA???C?KO?a??WGOOCO???G??G?_?C???O_@G?G?__@???Cq????@???G@???CC?C??GA??DS???@AO?_O?@_?A?@?I?G?@???@@??C????O???AC?@@?O?G@?c??A?????G?????HA?O?B???AE???@???Q??a???C?d?O???A???AA??@?C?G???H??C?_O?__??A?S????So???C?,[(55-57)-(51-53)-(46-58)-(41-42)-(40-48)-(36-39)-(29-31)-(28-45)-(26-43)-(25-38)-(24-59)-(21-44)-(20-30)-(16-47)-(15-54)-(14-23)-(13-52)-(12-56)-(11-49)-(10-27)-(9-37)-(8-22)-(7-19)-(6-17)-(5-50)-(4-32)-(3-33)-(2-18)-(1-34)-(0-35)],0.00029850006103515625,0.07245063781738281,4,True,0
{?O??AC????????@????????A?@??`A????_Ec?Ah_???D?G???C????J@???OM??O????C?B??@@????_?GGA???C?KO?a??WGOOCO???G??G?_?C???O_@G?G?__@???Cq????@???G@???CC?C??GA??DS???@AO?_O?@_?A?@?I?G?@???@@??C????O???AC?@@?O?G@?c??A?????G?????HA?O?B???AE???@???Q??a???C?d?O???A???AA??@?C?G???H??C?_O?__??A?S????So???C?,[(55-57)-(47-51)-(46-58)-(41-42)-(40-48)-(36-39)-(31-53)-(28-45)-(26-43)-(25-38)-(24-29)-(21-44)-(20-59)-(16-23)-(15-54)-(14-30)-(13-52)-(12-56)-(11-49)-(10-27)-(9-37)-(8-22)-(7-19)-(6-17)-(5-50)-(4-32)-(3-33)-(2-18)-(1-34)-(0-35)],0.0003063678741455078,0.0746314525604248,4,True,0
{?O??AC????????@????????A?@??`A????_Ec?Ah_???D?G???C????J@???OM??O????C?B??@@????_?GGA???C?KO?a??WGOOCO???G??G?_?C???O_@G?G?__@???Cq????@???G@???CC?C??GA??DS???@AO?_O?@_?A?@?I?G?@???@@??C????O???AC?@@?O?G@?c??A?????G?????HA?O?B???AE???@???Q??a???C?d?O???A???AA??@?C?G???H??C?_O?__??A?S????So???C?,[(55-57)-(47-51)-(46-58)-(41-42)-(40-48)-(36-39)-(31-53)-(28-45)-(26-43)-(25-38)-(24-29)-(21-44)-(20-59)-(16-23)-(15-54)-(14-30)-(13-52)-(12-56)-(11-49)-(10-27)-(9-37)-(8-22)-(7-19)-(6-17)-(5-50)-(4-32)-(3-33)-(2-18)-(1-34)-(0-35)],0.0002887248992919922,0.09184527397155762,5,True,0
{?O??AC????????@????????A?@??`A????_Ec?Ah_???D?G???C????J@???OM??O????C?B??@@????_?GGA???C?KO?a??WGOOCO???G??G?_?C???O_@G?G?__@???Cq????@???G@???CC?C??GA??DS???@AO?_O?@_?A?@?I?G?@???@@??C????O???AC?@@?O?G@?c??A?????G?????HA?O?B???AE???@???Q??a???C?d?O???A???AA??@?C?G???H??C?_O?__??A?S????So???C?,[(55-57)-(47-51)-(46-58)-(40-48)-(36-39)-(31-53)-(30-43)-(29-52)-(28-45)-(25-41)-(24-42)-(23-59)-(21-44)-(16-26)-(15-54)-(14-20)-(13-38)-(12-56)-(11-49)-(10-27)-(9-37)-(8-22)-(7-19)-(6-17)-(5-50)-(4-32)-(3-33)-(2-18)-(1-34)-(0-35)],0.00029754638671875,0.02545619010925293,1,True,0
{?O??AC????????@????????A?@??`A????_Ec?Ah_???D?G???C????J@???OM??O????C?B??@@????_?GGA???C?KO?a??WGOOCO???G??G?_?C???O_@G?G?__@???Cq????@???G@???CC?C??GA??DS???@AO?_O?@_?A?@?I?G?@???@@??C????O???AC?@@?O?G@?c??A?????G?????HA?O?B???AE???@???Q??a???C?d?O???A???AA??@?C?G???H??C?_O?__??A?S????So???C?,[(55-57)-(47-51)-(46-58)-(40-48)-(36-39)-(31-53)-(30-43)-(29-52)-(28-45)-(25-41)-(24-42)-(23-59)-(21-44)-(16-26)-(15-54)-(14-20)-(13-38)-(12-56)-(11-49)-(10-27)-(9-37)-(8-22)-(7-19)-(6-17)-(5-50)-(4-32)-(3-33)-(2-18)-(1-34)-(0-35)],0.00029206275939941406,0.039731740951538086,2,True,0
{?O??AC????????@????????A?@??`A????_Ec?Ah_???D?G???C????J@???OM??O????C?B??@@????_?GGA???C?KO?a??WGOOCO???G??G?_?C???O_@G?G?__@???Cq????@???G@???CC?C??GA??DS???@AO?_O?@_?A?@?I?G?@???@@??C????O???AC?@@?O?G@?c??A?????G?????HA?O?B???AE???@???Q??a???C?d?O???A???AA??@?C?G???H??C?_O?__??A?S????So???C?,[(55-57)-(47-51)-(46-58)-(41-45)-(40-48)-(36-39)-(31-53)-(30-43)-(28-52)-(25-29)-(24-42)-(23-59)-(21-44)-(16-26)-(15-54)-(14-20)-(13-38)-(12-56)-(11-49)-(10-27)-(9-37)-(8-22)-(7-19)-(6-17)-(5-50)-(4-32)-(3-33)-(2-18)-(1-34)-(0-35)],0.00028896331787109375,0.05814480781555176,3,False,0
{?O??AC????????@????????A?@??`A????_Ec?Ah_???D?G???C????J@???OM??O????C?B??@@????_?GGA???C?KO?a??WGOOCO???G??G?_?C???O_@G?G?__@???Cq????@???G@???CC?C??GA??DS???@AO?_O?@_?A?@?I?G?@???@@??C????O???AC?@@?O?G@?c??A?????G?????HA?O?B???AE???@???Q??a???C?d?O???A???AA??@?C?G???H??C?_O?__??A?S????So???C?,[(55-57)-(47-51)-(46-58)-(41-45)-(40-48)-(36-39)-(31-53)-(30-43)-(28-52)-(25-29)-(24-42)-(23-59)-(21-44)-(16-26)-(15-54)-(14-20)-(13-38)-(12-56)-(11-49)-(10-27)-(9-37)-(8-22)-(7-19)-(6-17)-(5-50)-(4-32)-(3-33)-(2-18)-(1-34)-(0-35)],0.0002899169921875,0.07219743728637695,4,True,0
{?O??AC????????@????????A?@??`A????_Ec?Ah_???D?G???C????J@???OM??O????C?B??@@????_?GGA???C?KO?a??WGOOCO???G??G?_?C???O_@G?G?__@???Cq????@???G@???CC?C??GA??DS???@AO?_O?@_?A?@?I?G?@???@@??C????O???AC?@@?O?G@?c??A?????G?????HA?O?B???AE???@???Q??a???C?d?O???A???AA??@?C?G???H??C?_O?__??A?S????So???C?,[(55-57)-(47-51)-(46-58)-(40-48)-(31-53)-(30-36)-(29-52)-(28-45)-(26-43)-(25-41)-(24-42)-(21-44)-(20-59)-(16-23)-(15-54)-(14-39)-(13-38)-(12-56)-(11-49)-(10-27)-(9-37)-(8-22)-(7-19)-(6-17)-(5-50)-(4-32)-(3-33)-(2-18)-(1-34)-(0-35)],0.0002911090850830078,0.017102718353271484,1,True,0
{?O??AC????????@????????A?@??`A????_Ec?Ah_???D?G???C????J@???OM??O????C?B??@@????_?GGA???C?KO?a??WGOOCO???G??G?_?C???O_@G?G?__@???Cq????@???G@???CC?C??GA??DS???@AO?_O?@_?A?@?I?G?@???@@??C????O???AC?@@?O?G@?c??A?????G?????HA?O?B???AE???@???Q??a???C?d?O???A???AA??@?C?G???H??C?_O?__??A?S????So???C?,[(55-57)-(47-51)-(46-58)-(40-48)-(31-53)-(30-36)-(29-52)-(28-45)-(26-43)-(25-41)-(24-42)-(21-44)-(20-59)-(16-23)-(15-54)-(14-39)-(13-38)-(12-56)-(11-49)-(10-27)-(9-37)-(8-22)-(7-19)-(6-17)-(5-50)-(4-32)-(3-33)-(2-18)-(1-34)-(0-35)],0.0002827644348144531,0.04036116600036621,2,True,0
{?O??AC????????@????????A?@??`A????_Ec?Ah_???D?G???C????J@???OM??O????C?B??@@????_?GGA???C?KO?a??WGOOCO???G??G?_?C???O_@G?G?__@???Cq????@???G@???CC?C??GA??DS???@AO?_O?@_?A?@?I?G?@???@@??C????O???AC?@@?O?G@?c??A?????G?????HA?O?B???AE???@???Q??a???C?d?O???A???AA??@?C?G???H??C?_O?__??A?S????So???C?,[(55-57)-(47-51)-(46-58)-(41-45)-(40-48)-(31-53)-(30-36)-(28-52)-(26-43)-(25-29)-(24-42)-(21-44)-(20-59)-(16-23)-(15-54)-(14-39)-(13-38)-(12-56)-(11-49)-(10-27)-(9-37)-(8-22)-(7-19)-(6-17)-(5-50)-(4-32)-(3-33)-(2-18)-(1-34)-(0-35)],0.0002887248992919922,0.05690741539001465,3,True,0
{?O??AC????????@????????A?@??`A????_Ec?Ah_???D?G???C????J@???OM??O????C?B??@@????_?GGA???C?KO?a??WGOOCO???G??G?_?C???O_@G?G?__@???Cq????@???G@???CC?C??GA??DS???@AO?_O?@_?A?@?I?G?@???@@??C????O???AC?@@?O?G@?c??A?????G?????HA?O?B???AE???@???Q??a???C?d?O???A???AA??@?C?G???H??C?_O?__??A?S????So???C?,[(55-57)-(47-51)-(46-58)-(41-45)-(40-48)-(31-53)-(30-36)-(28-52)-(26-43)-(25-29)-(24-42)-(21-44)-(20-59)-(16-23)-(15-54)-(14-39)-(13-38)-(12-56)-(11-49)-(10-27)-(9-37)-(8-22)-(7-19)-(6-17)-(5-50)-(4-32)-(3-33)-(2-18)-(1-34)-(0-35)],0.0002868175506591797,0.07483935356140137,4,True,0
{_???CAO??@?@?C?_O@?????GI?C?@??GOG??C??W@?O?c?[I??G@??O?_C????AH?A?@C????_c?_?@??@?O??????????????_G??H_????_GG?C?????G???@?O?g?E??OO??S???Q??H???A?Ga?O?A??B????oO_???Oe????A?@?@??????GCGO?A?C@?_?`A???C????A?A?C`??GS??_?G?_G??A?C??oG??C@??AC??o?@???A??O@?A???gCC??G?_?A??A??A????A?CO?A_CA??I??O?,[(57-58)-(46-56)-(37-43)-(36-48)-(34-41)-(33-59)-(31-40)-(30-39)-(29-42)-(27-44)-(25-47)-(23-35)-(22-45)-(20-26)-(16-28)-(15-50)-(14-52)-(13-55)-(12-54)-(11-51)-(10-24)-(9-21)-(8-53)-(7-38)-(6-18)-(5-49)-(4-17)-(3-32)-(2-19)-(0-1)],0.0002906322479248047,0.03816080093383789,2,True,0
{_???CAO??@?@?C?_O@?????GI?C?@??GOG??C??W@?O?c?[I??G@??O?_C????AH?A?@C????_c?_?@??@?O??????????????_G??H_????_GG?C?????G???@?O?g?E??OO??S???Q??H???A?Ga?O?A??B????oO_???Oe????A?@?@??????GCGO?A?C@?_?`A???C????A?A?C`??GS??_?G?_G??A?C??oG??C@??AC??o?@???A??O@?A???gCC??G?_?A??A??A????A?CO?A_CA??I??O?,[(57-58)-(46-56)-(37-43)-(36-48)-(34-41)-(33-59)-(31-40)-(30-39)-(29-42)-(27-44)-(25-47)-(23-35)-(22-45)-(20-26)-(16-28)-(15-50)-(14-52)-(13-55)-(12-54)-(11-51)-(10-24)-(9-21)-(8-53)-(7-38)-(6-18)-(5-49)-(4-17)-(3-32)-(2-19)-(0-1)],0.0002808570861816406,0.015941858291625977,1,True,0
{_???CAO??@?@?C?_O@?????GI?C?@??GOG??C??W@?O?c?[I??G@??O?_C????AH?A?@C????_c?_?@??@?O??????????????_G??H_????_GG?C?????G???@?O?g?E??OO??S???Q??H???A?Ga?O?A??B????oO_???Oe????A?@?@??????GCGO?A?C@?_?`A???C????A?A?C`??GS??_?G?_G??A?C??oG??C@??AC??o?@???A??O@?A???gCC??G?_?A??A??A????A?CO?A_CA??I??O?,[(57-58)-(46-56)-(37-43)-(36-48)-(34-41)-(33-40)-(31-59)-(30-39)-(29-42)-(27-44)-(25-47)-(23-35)-(22-45)-(20-26)-(16-28)-(15-50)-(14-52)-(13-55)-(12-54)-(11-51)-(10-24)-(9-21)-(8-53)-(7-38)-(6-18)-(5-49)-(4-17)-(3-32)-(2-19)-(0-1)],0.00028586387634277344,0.07227492332458496,4,True,0
{_???CAO??@?@?C?_O@?????GI?C?@??GOG??C??W@?O?c?[I??G@??O?_C????AH?A?@C????_c?_?@??@?O??????????????_G??H_????_GG?C?????G???@?O?g?E??OO??S???Q??H???A?Ga?O?A??B????oO_???Oe????A?@?@??????GCGO?A?C@?_?`A???C????A?A?C`??GS??_?G?_G??A?C??oG??C@??AC??o?@???A??O@?A???gCC??G?_?A??A??A????A?CO?A_CA??I??O?,[(57-58)-(46-56)-(37-43)-(36-48)-(34-41)-(33-40)-(31-59)-(30-39)-(29-42)-(27-44)-(25-47)-(23-35)-(22-45)-(20-26)-(16-28)-(15-50)-(14-52)-(13-55)-(12-54)-(11-51)-(10-24)-(9-21)-(8-53)-(7-38)-(6-18)-(5-49)-(4-17)-(3-32)-(2-19)-(0-1)],0.0002880096435546875,0.02528834342956543,1,True,0
{_???CAO??@?@?C?_O@?????GI?C?@??GOG??C??W@?O?c?[I??G@??O?_C????AH?A?@C????_c?_?@??@?O??????????????_G??H_????_GG?C?????G???@?O?g?E??OO??S???Q??H???A?Ga?O?A??B????oO_???Oe????A?@?@??????GCGO?A?C@?_?`A???C????A?A?C`??GS??_?G?_G??A?C??oG??C@??AC??o?@???A??O@?A???gCC??G?_?A??A??A????A?CO?A_CA??I??O?,[(57-58)-(46-56)-(42-47)-(37-43)-(34-41)-(33-59)-(31-40)-(30-39)-(29-48)-(26-36)-(25-27)-(23-35)-(22-45)-(20-44)-(16-28)-(15-50)-(14-52)-(13-55)-(12-54)-(11-51)-(10-24)-(9-21)-(8-53)-(7-38)-(6-18)-(5-49)-(4-17)-(3-32)-(2-19)-(0-1)],0.0002925395965576172,0.08773112297058105,5,True,0
{_???CAO??@?@?C?_O@?????GI?C?@??GOG??C??W@?O?c?[I??G@??O?_C????AH?A?@C????_c?_?@??@?O??????????????_G??H_????_GG?C?????G???@?O?g?E??OO??S???Q??H???A?Ga?O?A??B????oO_???Oe????A?@?@??????GCGO?A?C@?_?`A???C????A?A?C`??GS??_?G?_G??A?C??oG??C@??AC??o?@???A??O@?A???gCC??G?_?A??A??A????A?CO?A_CA??I??O?,[(57-58)-(46-56)-(42-47)-(37-43)-(34-41)-(33-59)-(31-40)-(30-39)-(29-48)-(26-36)-(25-27)-(23-35)-(22-45)-(20-44)-(16-28)-(15-50)-(14-52)-(13-55)-(12-54)-(11-51)-(10-24)-(9-21)-(8-53)-(7-38)-(6-18)-(5-49)-(4-17)-(3-32)-(2-19)-(0-1)],0.0003809928894042969,0.025008678436279297,1,True,0
{_???CAO??@?@?C?_O@?????GI?C?@??GOG??C??W@?O?c?[I??G@??O?_C????AH?A?@C????_c?_?@??@?O??????????????_G??H_????_GG?C?????G???@?O?g?E??OO??S???Q??H???A?Ga?O?A??B????oO_???Oe????A?@?@??????GCGO?A?C@?_?`A???C????A?A?C`??GS??_?G?_G??A?C??oG??C@??AC??o?@???A??O@?A???gCC??G?_?A??A??A????A?CO?A_CA??I??O?,[(57-58)-(46-56)-(42-47)-(37-43)-(34-41)-(33-40)-(31-59)-(30-39)-(29-48)-(26-36)-(25-27)-(23-35)-(22-45)-(20-44)-(16-28)-(15-50)-(14-52)-(13-55)-(12-54)-(11-51)-(10-24)-(9-21)-(8-53)-(7-38)-(6-18)-(5-49)-(4-17)-(3-32)-(2-19)-(0-1)],0.0002942085266113281,0.03963065147399902,2,True,0
{_???CAO??@?@?C?_O@?????GI?C?@??GOG??C??W@?O?c?[I??G@??O?_C????AH?A?@C????_c?_?@??@?O??????????????_G??H_????_GG?C?????G???@?O?g?E??OO??S???Q??H???A?Ga?O?A??B????oO_???Oe????A?@?@??????GCGO?A?C@?_?`A???C????A?A?C`??GS??_?G?_G??A?C??oG??C@??AC??o?@???A??O@?A???gCC??G?_?A??A??A????A?CO?A_CA??I??O?,[(57-58)-(46-56)-(42-47)-(37-43)-(34-41)-(33-40)-(31-59)-(30-39)-(29-48)-(26-36)-(25-27)-(23-35)-(22-45)-(20-44)-(16-28)-(15-50)-(14-52)-(13-55)-(12-54)-(11-51)-(10-24)-(9-21)-(8-53)-(7-38)-(6-18)-(5-49)-(4-17)-(3-32)-(2-19)-(0-1)],0.0002830028533935547,0.025274276733398438,1,True,0
{_???CAO??@?@?C?_O@?????GI?C?@??GOG??C??W@?O?c?[I??G@??O?_C????AH?A?@C????_c?_?@??@?O??????????????_G??H_????_GG?C?????G???@?O?g?E??OO??S???Q??H???A?Ga?O?A??B????oO_???Oe????A?@?@??????GCGO?A?C@?_?`A???C????A?A?C`??GS??_?G?_G??A?C??oG??C@??AC??o?@???A??O@?A???gCC??G?_?A??A??A????A?CO?A_CA??I??O?,[(57-58)-(48-59)-(37-43)-(34-41)-(33-42)-(31-40)-(30-39)-(29-56)-(27-44)-(26-36)-(25-47)-(23-35)-(22-45)-(20-46)-(16-28)-(15-50)-(14-52)-(13-55)-(12-54)-(11-51)-(10-24)-(9-21)-(8-53)-(7-38)-(6-18)-(5-49)-(4-17)-(3-32)-(2-19)-(0-1)],0.0002894401550292969,0.016401290893554688,1,True,0
{_???CAO??@?@?C?_O@?????GI?C?@??GOG??C??W@?O?c?[I??G@??O?_C????AH?A?@C????_c?_?@??@?O??????????????_G??H_????_GG?C?????G???@?O?g?E??OO??S???Q??H???A?Ga?O?A??B????oO_???Oe????A?@?@??????GCGO?A?C@?_?`A???C????A?A?C`??GS??_?G?_G??A?C??oG??C@??AC??o?@???A??O@?A???gCC??G?_?A??A??A????A?CO?A_CA??I??O?,[(57-58)-(48-59)-(37-43)-(34-41)-(33-42)-(31-40)-(30-39)-(29-56)-(27-44)-(26-36)-(25-47)-(23-35)-(22-45)-(20-46)-(16-28)-(15-50)-(14-52)-(13-55)-(12-54)-(11-51)-(10-24)-(9-21)-(8-53)-(7-38)-(6-18)-(5-49)-(4-17)-(3-32)-(2-19)-(0-1)],0.000263214111328125,0.040660858154296875,2,True,0
{_???CAO??@?@?C?_O@?????GI?C?@??GOG??C??W@?O?c?[I??G@??O?_C????AH?A?@C????_c?_?@??@?O??????????????_G??H_????_GG?C?????G???@?O?g?E??OO??S???Q??H???A?Ga?O?A??B????oO_???Oe????A?@?@??????GCGO?A?C@?_?`A???C????A?A?C`??GS??_?G?_G??A?C??oG??C@??AC??o?@???A??O@?A???gCC??G?_?A??A??A????A?CO?A_CA??I??O?,[(46-50)-(42-47)-(37-43)-(36-48)-(34-57)-(33-59)-(31-40)-(30-39)-(29-56)-(27-44)-(25-58)-(23-35)-(22-45)-(20-26)-(16-28)-(15-41)-(14-52)-(13-55)-(12-54)-(11-51)-(10-24)-(9-21)-(8-53)-(7-38)-(6-18)-(5-49)-(4-17)-(3-32)-(2-19)-(0-1)],0.00029754638671875,0.05612754821777344,3,True,0
{_???CAO??@?@?C?_O@?????GI?C?@??GOG??C??W@?O?c?[I??G@??O?_C????AH?A?@C????_c?_?@??@?O??????????????_G??H_????_GG?C?????G???@?O?g?E??OO??S???Q??H???A?Ga?O?A??B????oO_???Oe????A?@?@??????GCGO?A?C@?_?`A???C????A?A?C`??GS??_?G?_G??A?C??oG??C@??AC??o?@???A??O@?A???gCC??G?_?A??A??A????A?CO?A_CA??I??O?,[(46-50)-(42-47)-(37-43)-(36-48)-(34-57)-(33-59)-(31-40)-(30-39)-(29-56)-(27-44)-(25-58)-(23-35)-(22-45)-(20-26)-(16-28)-(15-41)-(14-52)-(13-55)-(12-54)-(11-51)-(10-24)-(9-21)-(8-53)-(7-38)-(6-18)-(5-49)-(4-17)-(3-32)-(2-19)-(0-1)],0.00028014183044433594,0.04113268852233887,2,True,0
{_???CAO??@?@?C?_O@?????GI?C?@??GOG??C??W@?O?c?[I??G@??O?_C????AH?A?@C????_c?_?@??@?O??????????????_G??H_????_GG?C?????G???@?O?g?E??OO??S???Q??H???A?Ga?O?A??B????oO_???Oe????A?@?@??????GCGO?A?C@?_?`A???C????A?A?C`??GS??_?G?_G??A?C??oG??C@??AC??o?@???A??O@?A???gCC??G?_?A??A??A????A?CO?A_CA??I??O?,[(46-50)-(42-47)-(37-43)-(36-48)-(34-57)-(33-40)-(31-59)-(30-39)-(29-56)-(27-44)-(25-58)-(23-35)-(22-45)-(20-26)-(16-28)-(15-41)-(14-52)-(13-55)-(12-54)-(11-51)-(10-24)-(9-21)-(8-53)-(7-38)-(6-18)-(5-49)-(4-17)-(3-32)-(2-19)-(0-1)],0.00027632713317871094,0.019011497497558594,1,True,0
{_???CAO??@?@?C?_O@?????GI?C?@??GOG??C??W@?O?c?[I??G@??O?_C????AH?A?@C????_c?_?@??@?O??????????????_G??H_????_GG?C?????G???@?O?g?E??OO??S???Q??H???A?Ga?O?A??B????oO_???Oe????A?@?@??????GCGO?A?C@?_?`A???C????A?A?C`??GS??_?G?_G??A?C??oG??C@??AC??o?@???A??O@?A???gCC??G?_?A??A??A????A?CO?A_CA??I??O?,[(46-50)-(42-47)-(37-43)-(36-48)-(34-57)-(33-40)-(31-59)-(30-39)-(29-56)-(27-44)-(25-58)-(23-35)-(22-45)-(20-26)-(16-28)-(15-41)-(14-52)-(13-55)-(12-54)-(11-51)-(10-24)-(9-21)-(8-53)-(7-38)-(6-18)-(5-49)-(4-17)-(3-32)-(2-19)-(0-1)],0.0002865791320800781,0.055673837661743164,3,True,0
{_???CAO??@?@?C?_O@?????GI?C?@??GOG??C??W@?O?c?[I??G@??O?_C????AH?A?@C????_c?_?@??@?O??????????????_G??H_????_GG?C?????G???@?O?g?E??OO??S???Q??H???A?Ga?O?A??B????oO_???Oe????A?@?@??????GCGO?A?C@?_?`A???C????A?A?C`??GS??_?G?_G??A?C??oG??C@??AC??o?@???A??O@?A???gCC??G?_?A??A??A????A?CO?A_CA??I??O?,[(48-59)-(46-50)-(37-43)-(36-58)-(34-57)-(33-42)-(31-40)-(30-39)-(29-56)-(27-44)-(25-47)-(23-35)-(22-45)-(20-26)-(16-28)-(15-41)-(14-52)-(13-55)-(12-54)-(11-51)-(10-24)-(9-21)-(8-53)-(7-38)-(6-18)-(5-49)-(4-17)-(3-32)-(2-19)-(0-1)],0.000278472900390625,0.03899979591369629,2,True,0
{_???CAO??@?@?C?_O@?????GI?C?@??GOG??C??W@?O?c?[I??G@??O?_C????AH?A?@C????_c?_?@??@?O??????????????_G??H_????_GG?C?????G???@?O?g?E??OO??S???Q??H???A?Ga?O?A??B????oO_???Oe????A?@?@??????GCGO?A?C@?_?`A???C????A?A?C`??GS??_?G?_G??A?C??oG??C@??AC??o?@???A??O@?A???gCC??G?_?A??A??A????A?CO?A_CA??I??O?,[(48-59)-(46-50)-(37-43)-(36-58)-(34-57)-(33-42)-(31-40)-(30-39)-(29-56)-(27-44)-(25-47)-(23-35)-(22-45)-(20-26)-(16-28)-(15-41)-(14-52)-(13-55)-(12-54)-(11-51)-(10-24)-(9-21)-(8-53)-(7-38)-(6-18)-(5-49)-(4-17)-(3-32)-(2-19)-(0-1)],0.00028324127197265625,0.025542497634887695,1,True,0
{_???CAO??@?@?C?_O@?????GI?C?@??GOG??C??W@?O?c?[I??G@??O?_C????AH?A?@C????_c?_?@??@?O??????????????_G??H_????_GG?C?????G???@?O?g?E??OO??S???Q??H???A?Ga?O?A??B????oO_???Oe????A?@?@??????GCGO?A?C@?_?`A???C????A?A?C`??GS??_?G?_G??A?C??oG??C@??AC??o?@???A??O@?A???gCC??G?_?A??A??A????A?CO?A_CA??I??O?,[(46-50)-(40-58)-(37-43)-(36-48)-(34-57)-(33-42)-(31-59)-(30-39)-(29-56)-(27-44)-(25-47)-(23-35)-(22-45)-(20-26)-(16-28)-(15-41)-(14-52)-(13-55)-(12-54)-(11-51)-(10-24)-(9-21)-(8-53)-(7-38)-(6-18)-(5-49)-(4-17)-(3-32)-(2-19)-(0-1)],0.0002899169921875,0.024711132049560547,1,True,0
{_???CAO??@?@?C?_O@?????GI?C?@??GOG??C??W@?O?c?[I??G@??O?_C????AH?A?@C????_c?_?@??@?O??????????????_G??H_????_GG?C?????G???@?O?g?E??OO??S???Q??H???A?Ga?O?A??B????oO_???Oe????A?@?@??????GCGO?A?C@?_?`A???C????A?A?C`??GS??_?G?_G??A?C??oG??C@??AC??o?@???A??O@?A???gCC??G?_?A??A??A????A?CO?A_CA??I??O?,[(46-50)-(40-58)-(37-43)-(36-48)-(34-57)-(33-42)-(31-59)-(30-39)-(29-56)-(27-44)-(25-47)-(23-35)-(22-45)-(20-26)-(16-28)-(15-41)-(14-52)-(13-55)-(12-54)-(11-51)-(10-24)-(9-21)-(8-53)-(7-38)-(6-18)-(5-49)-(4-17)-(3-32)-(2-19)-(0-1)],0.00036263465881347656,0.05524444580078125,3,True,0
{_???CAO??@?@?C?_O@?????GI?C?@??GOG??C??W@?O?c?[I??G@??O?_C????AH?A?@C????_c?_?@??@?O??????????????_G??H_????_GG?C?????G???@?O?g?E??OO??S???Q??H???A?Ga?O?A??B????oO_???Oe????A?@?@??????GCGO?A?C@?_?`A???C????A?A?C`??GS??_?G?_G??A?C??oG??C@??AC??o?@???A??O@?A???gCC??G?_?A??A??A????A?CO?A_CA??I??O?,[(46-56)-(42-47)-(37-43)-(34-57)-(33-59)-(31-40)-(30-39)-(29-48)-(27-50)-(26-36)-(25-58)-(23-35)-(22-45)-(20-44)-(16-28)-(15-41)-(14-52)-(13-55)-(12-54)-(11-51)-(10-24)-(9-21)-(8-53)-(7-38)-(6-18)-(5-49)-(4-17)-(3-32)-(2-19)-(0-1)],0.0003132820129394531,0.016926288604736328,1,True,0
{_???CAO??@?@?C?_O@?????GI?C?@??GOG??C??W@?O?c?[I??G@??O?_C????AH?A?@C????_c?_?@??@?O??????????????_G??H_????_GG?C?????G???@?O?g?E??OO??S???Q??H???A?Ga?O?A??B????oO_???Oe????A?@?@??????GCGO?A?C@?_?`A???C????A?A?C`??GS??_?G?_G??A?C??oG??C@??AC??o?@???A??O@?A???gCC??G?_?A??A??A????A?CO?A_CA??I??O?,[(46-56)-(42-47)-(37-43)-(34-57)-(33-59)-(31-40)-(30-39)-(29-48)-(27-50)-(26-36)-(25-58)-(23-35)-(22-45)-(20-44)-(16-28)-(15-41)-(14-52)-(13-55)-(12-54)-(11-51)-(10-24)-(9-21)-(8-53)-(7-38)-(6-18)-(5-49)-(4-17)-(3-32)-(2-19)-(0-1)],0.00027441978454589844,0.025044679641723633,1,True,0
