G6,emparelhamento,canonical_time,solve_time,qtde_moves,resultado,max_depth
~?@E???_?_?@@??O????C?C???A??O??O??????G?G_?Gp??_?_P??@O???@OS?C??AG?????O?@CA???OO???P?P??Pa?????G@??????GAA?@?C?AO?@??CA??_??A?C??_A?CG??O????aC????_C?A?_?O????C????????GG??@???@G??B??G???_A????@??G?o????_G??OO?@_A???O??CAC?????_CB??D??G?C?Co???C?@????A??OO???o@????@???O@????_?O?G?A?A??C_????C?A??_????A__O???@G???@AGCA?_??O????_?A????@GA?_??????C?C???GO_???GAO???@??O?O_OQ??????_??@B?C???@?????E???@??S?,[(63-69)-(55-60)-(53-61)-(46-52)-(45-47)-(44-54)-(43-51)-(42-62)-(38-59)-(37-39)-(31-58)-(29-48)-(28-30)-(25-27)-(24-41)-(23-57)-(20-22)-(19-35)-(16-18)-(15-17)-(14-34)-(13-68)-(12-50)-(11-36)-(10-26)-(9-40)-(8-56)-(7-66)-(6-49)-(5-65)-(4-64)-(3-67)-(2-21)-(1-32)-(0-33)],0.00046062469482421875,0.1035315990447998,5,True,0
~?@E???_?_?@@??O????C?C???A??O??O??????G?G_?Gp??_?_P??@O???@OS?C??AG?????O?@CA???OO???P?P??Pa?????G@??????GAA?@?C?AO?@??CA??_??A?C??_A?CG??O????aC????_C?A?_?O????C????????GG??@???@G??B??G???_A????@??G?o????_G??OO?@_A???O??CAC?????_CB??D??G?C?Co???C?@????A??OO???o@????@???O@????_?O?G?A?A??C_????C?A??_????A__O???@G???@AGCA?_??O????_?A????@GA?_??????C?C???GO_???GAO???@??O?O_OQ??????_??@B?C???@?????E???@??S?,[(63-69)-(55-60)-(53-61)-(46-52)-(45-47)-(44-54)-(43-51)-(42-62)-(38-59)-(37-39)-(31-58)-(29-48)-(28-30)-(25-27)-(24-41)-(23-57)-(20-22)-(19-35)-(16-18)-(15-17)-(14-34)-(13-68)-(12-50)-(11-36)-(10-26)-(9-40)-(8-56)-(7-66)-(6-49)-(5-65)-(4-64)-(3-67)-(2-21)-(1-32)-(0-33)],0.0003573894500732422,0.04401874542236328,2,True,0
~?@E???_?_?@@??O????C?C???A??O??O??????G?G_?Gp??_?_P??@O???@OS?C??AG?????O?@CA???OO???P?P??Pa?????G@??????GAA?@?C?AO?@??CA??_??A?C??_A?CG??O????aC????_C?A?_?O????C????????GG??@???@G??B??G???_A????@??G?o????_G??OO?@_A???O??CAC?????_CB??D??G?C?Co???C?@????A??OO???o@????@???O@????_?O?G?A?A??C_????C?A??_????A__O???@G???@AGCA?_??O????_?A????@GA?_??????C?C???GO_???GAO???@??O?O_OQ??????_??@B?C???@?????E???@??S?,[(63-69)-(55-60)-(53-61)-(48-57)-(46-52)-(45-47)-(44-54)-(43-51)-(38-59)-(37-42)-(31-58)-(28-30)-(27-39)-(25-29)-(24-41)-(23-62)-(20-22)-(19-35)-(16-18)-(15-17)-(14-34)-(13-68)-(12-50)-(11-36)-(10-26)-(9-40)-(8-56)-(7-66)-(6-49)-(5-65)-(4-64)-(3-67)-(2-21)-(1-32)-(0-33)],0.0004966259002685547,0.08232617378234863,4,True,0
~?@E???_?_?@@??O????C?C???A??O??O??????G?G_?Gp??_?_P??@O???@OS?C??AG?????O?@CA???OO???P?P??Pa?????G@??????GAA?@?C?AO?@??CA??_??A?C??_A?CG??O????aC????_C?A?_?O????C????????GG??@???@G??B??G???_A????@??G?o????_G??OO?@_A???O??CAC?????_CB??D??G?C?Co???C?@????A??OO???o@????@???O@????_?O?G?A?A??C_????C?A??_????A__O???@G???@AGCA?_??O????_?A????@GA?_??????C?C???GO_???GAO???@??O?O_OQ??????_??@B?C???@?????E???@??S?,[(63-69)-(55-60)-(53-61)-(48-57)-(46-52)-(45-47)-(44-54)-(43-51)-(38-59)-(37-42)-(31-58)-(28-30)-(27-39)-(25-29)-(24-41)-(23-62)-(20-22)-(19-35)-(16-18)-(15-17)-(14-34)-(13-68)-(12-50)-(11-36)-(10-26)-(9-40)-(8-56)-(7-66)-(6-49)-(5-65)-(4-64)-(3-67)-(2-21)-(1-32)-(0-33)],0.00036025047302246094,0.04436063766479492,2,True,0
~?@E???_?_?@@??O????C?C???A??O??O??????G?G_?Gp??_?_P??@O???@OS?C??AG?????O?@CA???OO???P?P??Pa?????G@??????GAA?@?C?AO?@??CA??_??A?C??_A?CG??O????aC????_C?A?_?O????C????????GG??@???@G??B??G???_A????@??G?o????_G??OO?@_A???O??CAC?????_CB??D??G?C?Co???C?@????A??OO???o@????@???O@????_?O?G?A?A??C_????C?A??_????A__O???@G???@AGCA?_??O????_?A????@GA?_??????C?C???GO_???GAO???@??O?O_OQ??????_??@B?C???@?????E???@??S?,[(63-69)-(55-60)-(53-61)-(48-57)-(46-52)-(45-47)-(44-54)-(43-51)-(38-59)-(37-39)-(31-58)-(29-41)-(28-30)-(25-27)-(24-42)-(23-62)-(20-22)-(19-35)-(16-18)-(15-17)-(14-34)-(13-68)-(12-50)-(11-36)-(10-26)-(9-40)-(8-56)-(7-66)-(6-49)-(5-65)-(4-64)-(3-67)-(2-21)-(1-32)-(0-33)],0.0003523826599121094,0.02818894386291504,1,True,0
~?@E???_?_?@@??O????C?C???A??O??O??????G?G_?Gp??_?_P??@O???@OS?C??AG?????O?@CA???OO???P?P??Pa?????G@??????GAA?@?C?AO?@??CA??_??A?C??_A?CG??O????aC????_C?A?_?O????C????????GG??@???@G??B??G???_A????@??G?o????_G??OO?@_A???O??CAC?????_CB??D??G?C?Co???C?@????A??OO???o@????@???O@????_?O?G?A?A??C_????C?A??_????A__O???@G???@AGCA?_??O????_?A????@GA?_??????C?C???GO_???GAO???@??O?O_OQ??????_??@B?C???@?????E???@??S?,[(63-69)-(55-60)-(53-61)-(48-57)-(46-52)-(45-47)-(44-54)-(43-51)-(38-59)-(37-39)-(31-58)-(29-41)-(28-30)-(25-27)-(24-42)-(23-62)-(20-22)-(19-35)-(16-18)-(15-17)-(14-34)-(13-68)-(12-50)-(11-36)-(10-26)-(9-40)-(8-56)-(7-66)-(6-49)-(5-65)-(4-64)-(3-67)-(2-21)-(1-32)-(0-33)],0.00035309791564941406,0.044792890548706055,2,True,0
~?@E???_?_?@@??O????C?C???A??O??O??????G?G_?Gp??_?_P??@O???@OS?C??AG?????O?@CA???OO???P?P??Pa?????G@??????GAA?@?C?AO?@??CA??_??A?C??_A?CG??O????aC????_C?A?_?O????C????????GG??@???@G??B??G???_A????@??G?o????_G??OO?@_A???O??CAC?????_CB??D??G?C?Co???C?@????A??OO???o@????@???O@????_?O?G?A?A??C_????C?A??_????A__O???@G???@AGCA?_??O????_?A????@GA?_??????C?C???GO_???GAO???@??O?O_OQ??????_??@B?C???@?????E???@??S?,[(63-69)-(53-61)-(48-60)-(46-52)-(45-47)-(44-54)-(43-51)-(42-62)-(38-59)-(37-39)-(31-58)-(28-30)-(27-35)-(25-29)-(24-41)-(23-57)-(20-22)-(19-55)-(16-18)-(15-17)-(14-34)-(13-68)-(12-50)-(11-36)-(10-26)-(9-40)-(8-56)-(7-66)-(6-49)-(5-65)-(4-64)-(3-67)-(2-21)-(1-32)-(0-33)],0.00037980079650878906,0.04387307167053223,2,True,0
~?@E???_?_?@@??O????C?C???A??O??O??????G?G_?Gp??_?_P??@O???@OS?C??AG?????O?@CA???OO???P?P??Pa?????G@??????GAA?@?C?AO?@??CA??_??A?C??_A?CG??O????aC????_C?A?_?O????C????????GG??@???@G??B??G???_A????@??G?o????_G??OO?@_A???O??CAC?????_CB??D??G?C?Co???C?@????A??OO???o@????@???O@????_?O?G?A?A??C_????C?A??_????A__O???@G???@AGCA?_??O????_?A????@GA?_??????C?C???GO_???GAO???@??O?O_OQ??????_??@B?C???@?????E???@??S?,[(63-69)-(53-61)-(48-60)-(46-52)-(45-47)-(44-54)-(43-51)-(42-62)-(38-59)-(37-39)-(31-58)-(28-30)-(27-35)-(25-29)-(24-41)-(23-57)-(20-22)-(19-55)-(16-18)-(15-17)-(14-34)-(13-68)-(12-50)-(11-36)-(10-26)-(9-40)-(8-56)-(7-66)-(6-49)-(5-65)-(4-64)-(3-67)-(2-21)-(1-32)-(0-33)],0.0003604888916015625,0.028326034545898438,1,True,0
~?@E???_?_?@@??O????C?C???A??O??O??????G?G_?Gp??_?_P??@O???@OS?C??AG?????O?@CA???OO???P?P??Pa?????G@??????GAA?@?C?AO?@??CA??_??A?C??_A?CG??O????aC????_C?A?_?O????C????????GG??@???@G??B??G???_A????@??G?o????_G??OO?@_A???O??CAC?????_CB??D??G?C?Co???C?@????A??OO???o@????@???O@????_?O?G?A?A??C_????C?A??_????A__O???@G???@AGCA?_??O????_?A????@GA?_??????C?C???GO_???GAO???@??O?O_OQ??????_??@B?C???@?????E???@??S?,[(63-69)-(53-61)-(48-57)-(46-52)-(45-47)-(44-54)-(43-51)-(42-60)-(38-59)-(37-39)-(31-58)-(28-30)-(27-35)-(25-29)-(24-41)-(23-62)-(20-22)-(19-55)-(16-18)-(15-17)-(14-34)-(13-68)-(12-50)-(11-36)-(10-26)-(9-40)-(8-56)-(7-66)-(6-49)-(5-65)-(4-64)-(3-67)-(2-21)-(1-32)-(0-33)],0.00040340423583984375,0.04497122764587402,2,True,0
~?@E???_?_?@@??O????C?C???A??O??O??????G?G_?Gp??_?_P??@O???@OS?C??AG?????O?@CA???OO???P?P??Pa?????G@??????GAA?@?C?AO?@??CA??_??A?C??_A?CG??O????aC????_C?A?_?O????C????????GG??@???@G??B??G???_A????@??G?o????_G??OO?@_A???O??CAC?????_CB??D??G?C?Co???C?@????A??OO???o@????@???O@????_?O?G?A?A??C_????C?A??_????A__O???@G???@AGCA?_??O????_?A????@GA?_??????C?C???GO_???GAO???@??O?O_OQ??????_??@B?C???@?????E???@??S?,[(63-69)-(53-61)-(48-57)-(46-52)-(45-47)-(44-54)-(43-51)-(42-60)-(38-59)-(37-39)-(31-58)-(28-30)-(27-35)-(25-29)-(24-41)-(23-62)-(20-22)-(19-55)-(16-18)-(15-17)-(14-34)-(13-68)-(12-50)-(11-36)-(10-26)-(9-40)-(8-56)-(7-66)-(6-49)-(5-65)-(4-64)-(3-67)-(2-21)-(1-32)-(0-33)],0.0003871917724609375,0.04435896873474121,2,True,0
~?@E???_?_?@@??O????C?C???A??O??O??????G?G_?Gp??_?_P??@O???@OS?C??AG?????O?@CA???OO???P?P??Pa?????G@??????GAA?@?C?AO?@??CA??_??A?C??_A?CG??O????aC????_C?A?_?O????C????????GG??@???@G??B??G???_A????@??G?o????_G??OO?@_A???O??CAC?????_CB??D??G?C?Co???C?@????A??OO???o@????@???O@????_?O?G?A?A??C_????C?A??_????A__O???@G???@AGCA?_??O????_?A????@GA?_??????C?C???GO_???GAO???@??O?O_OQ??????_??@B?C???@?????E???@??S?,[(63-69)-(55-60)-(53-61)-(48-57)-(46-52)-(45-47)-(44-54)-(43-51)-(38-59)-(31-58)-(28-30)-(27-39)-(25-29)-(24-42)-(23-62)-(20-41)-(19-35)-(17-37)-(16-18)-(15-22)-(14-34)-(13-68)-(12-50)-(11-36)-(10-26)-(9-40)-(8-56)-(7-66)-(6-49)-(5-65)-(4-64)-(3-67)-(2-21)-(1-32)-(0-33)],0.0003612041473388672,0.026829004287719727,1,True,0
~?@E???_?_?@@??O????C?C???A??O??O??????G?G_?Gp??_?_P??@O???@OS?C??AG?????O?@CA???OO???P?P??Pa?????G@??????GAA?@?C?AO?@??CA??_??A?C??_A?CG??O????aC????_C?A?_?O????C????????GG??@???@G??B??G???_A????@??G?o????_G??OO?@_A???O??CAC?????_CB??D??G?C?Co???C?@????A??OO???o@????@???O@????_?O?G?A?A??C_????C?A??_????A__O???@G???@AGCA?_??O????_?A????@GA?_??????C?C???GO_???GAO???@??O?O_OQ??????_??@B?C???@?????E???@??S?,[(63-69)-(55-60)-(53-61)-(48-57)-(46-52)-(45-47)-(44-54)-(43-51)-(38-59)-(31-58)-(28-30)-(27-39)-(25-29)-(24-42)-(23-62)-(20-41)-(19-35)-(17-37)-(16-18)-(15-22)-(14-34)-(13-68)-(12-50)-(11-36)-(10-26)-(9-40)-(8-56)-(7-66)-(6-49)-(5-65)-(4-64)-(3-67)-(2-21)-(1-32)-(0-33)],0.000396728515625,0.0445859432220459,2,True,0
~?@E???_?_?@@??O????C?C???A??O??O??????G?G_?Gp??_?_P??@O???@OS?C??AG?????O?@CA???OO???P?P??Pa?????G@??????GAA?@?C?AO?@??CA??_??A?C??_A?CG??O????aC????_C?A?_?O????C????????GG??@???@G??B??G???_A????@??G?o????_G??OO?@_A???O??CAC?????_CB??D??G?C?Co???C?@????A??OO???o@????@???O@????_?O?G?A?A??C_????C?A??_????A__O???@G???@AGCA?_??O????_?A????@GA?_??????C?C???GO_???GAO???@??O?O_OQ??????_??@B?C???@?????E???@??S?,[(63-69)-(55-60)-(53-61)-(48-51)-(47-52)-(44-54)-(43-46)-(42-62)-(38-59)-(31-58)-(28-30)-(27-39)-(25-29)-(24-41)-(23-57)-(20-45)-(19-35)-(17-37)-(16-18)-(15-22)-(14-34)-(13-68)-(12-50)-(11-36)-(10-26)-(9-40)-(8-56)-(7-66)-(6-49)-(5-65)-(4-64)-(3-67)-(2-21)-(1-32)-(0-33)],0.00042366981506347656,0.019001007080078125,1,True,0
~?@E???_?_?@@??O????C?C???A??O??O??????G?G_?Gp??_?_P??@O???@OS?C??AG?????O?@CA???OO???P?P??Pa?????G@??????GAA?@?C?AO?@??CA??_??A?C??_A?CG??O????aC????_C?A?_?O????C????????GG??@???@G??B??G???_A????@??G?o????_G??OO?@_A???O??CAC?????_CB??D??G?C?Co???C?@????A??OO???o@????@???O@????_?O?G?A?A??C_????C?A??_????A__O???@G???@AGCA?_??O????_?A????@GA?_??????C?C???GO_???GAO???@??O?O_OQ??????_??@B?C???@?????E???@??S?,[(63-69)-(55-60)-(53-61)-(48-51)-(47-52)-(44-54)-(43-46)-(42-62)-(38-59)-(31-58)-(28-30)-(27-39)-(25-29)-(24-41)-(23-57)-(20-45)-(19-35)-(17-37)-(16-18)-(15-22)-(14-34)-(13-68)-(12-50)-(11-36)-(10-26)-(9-40)-(8-56)-(7-66)-(6-49)-(5-65)-(4-64)-(3-67)-(2-21)-(1-32)-(0-33)],0.0003457069396972656,0.02798175811767578,1,True,0
~?@E???_?_?@@??O????C?C???A??O??O??????G?G_?Gp??_?_P??@O???@OS?C??AG?????O?@CA???OO???P?P??Pa?????G@??????GAA?@?C?AO?@??CA??_??A?C??_A?CG??O????aC????_C?A?_?O????C????????GG??@???@G??B??G???_A????@??G?o????_G??OO?@_A???O??CAC?????_CB??D??G?C?Co???C?@????A??OO???o@????@???O@????_?O?G?A?A??C_????C?A??_????A__O???@G???@AGCA?_??O????_?A????@GA?_??????C?C???GO_???GAO???@??O?O_OQ??????_??@B?C???@?????E???@??S?,[(63-69)-(55-60)-(53-61)-(48-51)-(47-52)-(44-46)-(43-58)-(42-62)-(38-59)-(30-54)-(28-31)-(27-39)-(25-29)-(24-41)-(23-57)-(20-45)-(19-35)-(17-37)-(16-18)-(15-22)-(14-34)-(13-68)-(12-50)-(11-36)-(10-26)-(9-40)-(8-56)-(7-66)-(6-49)-(5-65)-(4-64)-(3-67)-(2-21)-(1-32)-(0-33)],0.0003657341003417969,0.02870345115661621,1,True,0
~?@E???_?_?@@??O????C?C???A??O??O??????G?G_?Gp??_?_P??@O???@OS?C??AG?????O?@CA???OO???P?P??Pa?????G@??????GAA?@?C?AO?@??CA??_??A?C??_A?CG??O????aC????_C?A?_?O????C????????GG??@???@G??B??G???_A????@??G?o????_G??OO?@_A???O??CAC?????_CB??D??G?C?Co???C?@????A??OO???o@????@???O@????_?O?G?A?A??C_????C?A??_????A__O???@G???@AGCA?_??O????_?A????@GA?_??????C?C???GO_???GAO???@??O?O_OQ??????_??@B?C???@?????E???@??S?,[(63-69)-(55-60)-(53-61)-(48-51)-(47-52)-(44-46)-(43-58)-(42-62)-(38-59)-(30-54)-(28-31)-(27-39)-(25-29)-(24-41)-(23-57)-(20-45)-(19-35)-(17-37)-(16-18)-(15-22)-(14-34)-(13-68)-(12-50)-(11-36)-(10-26)-(9-40)-(8-56)-(7-66)-(6-49)-(5-65)-(4-64)-(3-67)-(2-21)-(1-32)-(0-33)],0.00035309791564941406,0.0441744327545166,2,True,0
~?@E???_?_?@@??O????C?C???A??O??O??????G?G_?Gp??_?_P??@O???@OS?C??AG?????O?@CA???OO???P?P??Pa?????G@??????GAA?@?C?AO?@??CA??_??A?C??_A?CG??O????aC????_C?A?_?O????C????????GG??@???@G??B??G???_A????@??G?o????_G??OO?@_A???O??CAC?????_CB??D??G?C?Co???C?@????A??OO???o@????@???O@????_?O?G?A?A??C_????C?A??_????A__O???@G???@AGCA?_??O????_?A????@GA?_??????C?C???GO_???GAO???@??O?O_OQ??????_??@B?C???@?????E???@??S?,[(61-69)-(55-60)-(47-52)-(44-46)-(43-51)-(42-62)-(38-59)-(31-58)-(30-54)-(29-48)-(28-53)-(27-39)-(25-63)-(24-41)-(23-57)-(20-45)-(19-35)-(17-37)-(16-18)-(15-22)-(14-34)-(13-68)-(12-50)-(11-36)-(10-26)-(9-40)-(8-56)-(7-66)-(6-49)-(5-65)-(4-64)-(3-67)-(2-21)-(1-32)-(0-33)],0.0003998279571533203,0.018413543701171875,1,True,0
~?@E???_?_?@@??O????C?C???A??O??O??????G?G_?Gp??_?_P??@O???@OS?C??AG?????O?@CA???OO???P?P??Pa?????G@??????GAA?@?C?AO?@??CA??_??A?C??_A?CG??O????aC????_C?A?_?O????C????????GG??@???@G??B??G???_A????@??G?o????_G??OO?@_A???O??CAC?????_CB??D??G?C?Co???C?@????A??OO???o@????@???O@????_?O?G?A?A??C_????C?A??_????A__O???@G???@AGCA?_??O????_?A????@GA?_??????C?C???GO_???GAO???@??O?O_OQ??????_??@B?C???@?????E???@??S?,[(61-69)-(55-60)-(47-52)-(44-46)-(43-51)-(42-62)-(38-59)-(31-58)-(30-54)-(29-48)-(28-53)-(27-39)-(25-63)-(24-41)-(23-57)-(20-45)-(19-35)-(17-37)-(16-18)-(15-22)-(14-34)-(13-68)-(12-50)-(11-36)-(10-26)-(9-40)-(8-56)-(7-66)-(6-49)-(5-65)-(4-64)-(3-67)-(2-21)-(1-32)-(0-33)],0.0003502368927001953,0.04408383369445801,2,True,0
~?@E???_?_?@@??O????C?C???A??O??O??????G?G_?Gp??_?_P??@O???@OS?C??AG?????O?@CA???OO???P?P??Pa?????G@??????GAA?@?C?AO?@??CA??_??A?C??_A?CG??O????aC????_C?A?_?O????C????????GG??@???@G??B??G???_A????@??G?o????_G??OO?@_A???O??CAC?????_CB??D??G?C?Co???C?@????A??OO???o@????@???O@????_?O?G?A?A??C_????C?A??_????A__O???@G???@AGCA?_??O????_?A????@GA?_??????C?C???GO_???GAO???@??O?O_OQ??????_??@B?C???@?????E???@??S?,[(55-60)-(53-61)-(47-69)-(46-52)-(44-54)-(43-51)-(42-62)-(38-59)-(31-58)-(29-48)-(28-30)-(27-39)-(25-63)-(24-41)-(23-57)-(20-45)-(19-35)-(17-37)-(16-18)-(15-22)-(14-34)-(13-68)-(12-50)-(11-36)-(10-26)-(9-40)-(8-56)-(7-66)-(6-49)-(5-65)-(4-64)-(3-67)-(2-21)-(1-32)-(0-33)],0.0003600120544433594,0.0446162223815918,2,True,0
~?@E???_?_?@@??O????C?C???A??O??O??????G?G_?Gp??_?_P??@O???@OS?C??AG?????O?@CA???OO???P?P??Pa?????G@??????GAA?@?C?AO?@??CA??_??A?C??_A?CG??O????aC????_C?A?_?O????C????????GG??@???@G??B??G???_A????@??G?o????_G??OO?@_A???O??CAC?????_CB??D??G?C?Co???C?@????A??OO???o@????@???O@????_?O?G?A?A??C_????C?A??_????A__O???@G???@AGCA?_??O????_?A????@GA?_??????C?C???GO_???GAO???@??O?O_OQ??????_??@B?C???@?????E???@??S?,[(55-60)-(53-61)-(47-69)-(46-52)-(44-54)-(43-51)-(42-62)-(38-59)-(31-58)-(29-48)-(28-30)-(27-39)-(25-63)-(24-41)-(23-57)-(20-45)-(19-35)-(17-37)-(16-18)-(15-22)-(14-34)-(13-68)-(12-50)-(11-36)-(10-26)-(9-40)-(8-56)-(7-66)-(6-49)-(5-65)-(4-64)-(3-67)-(2-21)-(1-32)-(0-33)],0.0003979206085205078,0.028168201446533203,1,True,0
~?@E@?@B?O??_@A_??C??_@???A??O?_?A?_AO?A??C??g?P?CD_???GP???_?????_?A???????_???G?_??????__???_?C?????O?????A?O?????A???HG?C@??????@@?G??GG?O?AG@A??O???AC?@@??@@?CD?O????O???C??GC??????A??G???A?O_???G??A?A__????GOGCG@???_GO???G?OA@???????AI?@???O@??CK?C?O?g???AC?O????OCO??ACC??????C??O?O?g??G?G__??o???A??A???A????OD??????A?A?@????GC?G__????Q_?????OG?AA?CG????????G???W?P?O??_A?O?_????_?C?A??AC@????_c???O?,[(65-68)-(57-58)-(47-61)-(46-60)-(45-56)-(43-50)-(40-67)-(39-62)-(36-53)-(35-59)-(31-42)-(30-49)-(29-51)-(28-34)-(27-55)-(25-41)-(24-63)-(23-66)-(21-44)-(16-54)-(15-22)-(14-32)-(13-64)-(12-33)-(11-26)-(10-37)-(9-18)-(8-52)-(7-19)-(6-20)-(5-69)-(4-48)-(2-3)-(1-38)-(0-17)],0.0003523826599121094,0.02679586410522461,1,True,0
~?@E@?@B?O??_@A_??C??_@???A??O?_?A?_AO?A??C??g?P?CD_???GP???_?????_?A???????_???G?_??????__???_?C?????O?????A?O?????A???HG?C@??????@@?G??GG?O?AG@A??O???AC?@@??@@?CD?O????O???C??GC??????A??G???A?O_???G??A?A__????GOGCG@???_GO???G?OA@???????AI?@???O@??CK?C?O?g???AC?O????OCO??ACC??????C??O?O?g??G?G__??o???A??A???A????OD??????A?A?@????GC?G__????Q_?????OG?AA?CG????????G???W?P?O??_A?O?_????_?C?A??AC@????_c???O?,[(65-68)-(57-58)-(47-61)-(46-60)-(45-56)-(43-50)-(40-67)-(39-62)-(36-53)-(35-59)-(31-42)-(30-49)-(29-51)-(28-34)-(27-55)-(25-41)-(24-63)-(23-66)-(21-44)-(16-54)-(15-22)-(14-32)-(13-64)-(12-33)-(11-26)-(10-37)-(9-18)-(8-52)-(7-19)-(6-20)-(5-69)-(4-48)-(2-3)-(1-38)-(0-17)],0.00036454200744628906,0.028402328491210938,1,True,0
~?@E@?@B?O??_@A_??C??_@???A??O?_?A?_AO?A??C??g?P?CD_???GP???_?????_?A???????_???G?_??????__???_?C?????O?????A?O?????A???HG?C@??????@@?G??GG?O?AG@A??O???AC?@@??@@?CD?O????O???C??GC??????A??G???A?O_???G??A?A__????GOGCG@???_GO???G?OA@???????AI?@???O@??CK?C?O?g???AC?O????OCO??ACC??????C??O?O?g??G?G__??o???A??A???A????OD??????A?A?@????GC?G__????Q_?????OG?AA?CG????????G???W?P?O??_A?O?_????_?C?A??AC@????_c???O?,[(65-68)-(57-58)-(47-61)-(46-60)-(45-56)-(43-50)-(40-67)-(39-62)-(36-49)-(35-59)-(31-42)-(30-53)-(29-51)-(28-34)-(27-55)-(25-41)-(24-63)-(23-66)-(21-44)-(16-54)-(15-22)-(14-32)-(13-64)-(12-33)-(11-26)-(10-37)-(9-18)-(8-52)-(7-19)-(6-20)-(5-69)-(4-48)-(2-3)-(1-38)-(0-17)],0.00037217140197753906,0.027729511260986328,1,True,0
~?@E@?@B?O??_@A_??C??_@???A??O?_?A?_AO?A??C??g?P?CD_???GP???_?????_?A???????_???G?_??????__???_?C?????O?????A?O?????A???HG?C@??????@@?G??GG?O?AG@A??O???AC?@@??@@?CD?O????O???C??GC??????A??G???A?O_???G??A?A__????GOGCG@???_GO???G?OA@???????AI?@???O@??CK?C?O?g???AC?O????OCO??ACC??????C??O?O?g??G?G__??o???A??A???A????OD??????A?A?@????GC?G__????Q_?????OG?AA?CG????????G???W?P?O??_A?O?_????_?C?A??AC@????_c???O?,[(65-68)-(57-58)-(47-61)-(46-60)-(45-56)-(43-50)-(40-67)-(39-62)-(36-49)-(35-59)-(31-42)-(30-53)-(29-51)-(28-34)-(27-55)-(25-41)-(24-63)-(23-66)-(21-44)-(16-54)-(15-22)-(14-32)-(13-64)-(12-33)-(11-26)-(10-37)-(9-18)-(8-52)-(7-19)-(6-20)-(5-69)-(4-48)-(2-3)-(1-38)-(0-17)],0.00034880638122558594,0.06912708282470703,4,True,0
~?@E@?@B?O??_@A_??C??_@???A??O?_?A?_AO?A??C??g?P?CD_???GP???_?????_?A???????_???G?_??????__???_?C?????O?????A?O?????A???HG?C@??????@@?G??GG?O?AG@A??O???AC?@@??@@?CD?O????O???C??GC??????A??G???A?O_???G??A?A__????GOGCG@???_GO???G?OA@???????AI?@???O@??CK?C?O?g???AC?O????OCO??ACC??????C??O?O?g??G?G__??o???A??A???A????OD??????A?A?@????GC?G__????Q_?????OG?AA?CG????????G???W?P?O??_A?O?_????_?C?A??AC@????_c???O?,[(65-68)-(47-61)-(46-58)-(45-56)-(43-50)-(40-67)-(39-62)-(36-53)-(35-59)-(34-51)-(31-42)-(30-49)-(29-55)-(28-60)-(27-57)-(25-41)-(24-63)-(23-66)-(21-44)-(16-54)-(15-22)-(14-32)-(13-64)-(12-33)-(11-26)-(10-37)-(9-18)-(8-52)-(7-19)-(6-20)-(5-69)-(4-48)-(2-3)-(1-38)-(0-17)],0.0003685951232910156,0.027689218521118164,1,True,0
~?@E@?@B?O??_@A_??C??_@???A??O?_?A?_AO?A??C??g?P?CD_???GP???_?????_?A???????_???G?_??????__???_?C?????O?????A?O?????A???HG?C@??????@@?G??GG?O?AG@A??O???AC?@@??@@?CD?O????O???C??GC??????A??G???A?O_???G??A?A__????GOGCG@???_GO???G?OA@???????AI?@???O@??CK?C?O?g???AC?O????OCO??ACC??????C??O?O?g??G?G__??o???A??A???A????OD??????A?A?@????GC?G__????Q_?????OG?AA?CG????????G???W?P?O??_A?O?_????_?C?A??AC@????_c???O?,[(65-68)-(47-61)-(46-58)-(45-56)-(43-50)-(40-67)-(39-62)-(36-53)-(35-59)-(34-51)-(31-42)-(30-49)-(29-55)-(28-60)-(27-57)-(25-41)-(24-63)-(23-66)-(21-44)-(16-54)-(15-22)-(14-32)-(13-64)-(12-33)-(11-26)-(10-37)-(9-18)-(8-52)-(7-19)-(6-20)-(5-69)-(4-48)-(2-3)-(1-38)-(0-17)],0.0003521442413330078,0.06182265281677246,3,True,0
~?@E@?@B?O??_@A_??C??_@???A??O?_?A?_AO?A??C??g?P?CD_???GP???_?????_?A???????_???G?_??????__???_?C?????O?????A?O?????A???HG?C@??????@@?G??GG?O?AG@A??O???AC?@@??@@?CD?O????O???C??GC??????A??G???A?O_???G??A?A__????GOGCG@???_GO???G?OA@???????AI?@???O@??CK?C?O?g???AC?O????OCO??ACC??????C??O?O?g??G?G__??o???A??A???A????OD??????A?A?@????GC?G__????Q_?????OG?AA?CG????????G???W?P?O??_A?O?_????_?C?A??AC@????_c???O?,[(65-68)-(47-61)-(46-58)-(45-56)-(43-50)-(40-67)-(39-62)-(36-49)-(35-59)-(34-51)-(31-42)-(30-53)-(29-55)-(28-60)-(27-57)-(25-41)-(24-63)-(23-66)-(21-44)-(16-54)-(15-22)-(14-32)-(13-64)-(12-33)-(11-26)-(10-37)-(9-18)-(8-52)-(7-19)-(6-20)-(5-69)-(4-48)-(2-3)-(1-38)-(0-17)],0.0003669261932373047,0.045165300369262695,2,True,0
~?@E@?@B?O??_@A_??C??_@???A??O?_?A?_AO?A??C??g?P?CD_???GP???_?????_?A???????_???G?_??????__???_?C?????O?????A?O?????A???HG?C@??????@@?G??GG?O?AG@A??O???AC?@@??@@?CD?O????O???C??GC??????A??G???A?O_???G??A?A__????GOGCG@???_GO???G?OA@???????AI?@???O@??CK?C?O?g???AC?O????OCO??ACC??????C??O?O?g??G?G__??o???A??A???A????OD??????A?A?@????GC?G__????Q_?????OG?AA?CG????????G???W?P?O??_A?O?_????_?C?A??AC@????_c???O?,[(65-68)-(47-61)-(46-58)-(45-56)-(43-50)-(40-67)-(39-62)-(36-49)-(35-59)-(34-51)-(31-42)-(30-53)-(29-55)-(28-60)-(27-57)-(25-41)-(24-63)-(23-66)-(21-44)-(16-54)-(15-22)-(14-32)-(13-64)-(12-33)-(11-26)-(10-37)-(9-18)-(8-52)-(7-19)-(6-20)-(5-69)-(4-48)-(2-3)-(1-38)-(0-17)],0.00035309791564941406,0.09819722175598145,5,True,0
~?@E@?@B?O??_@A_??C??_@???A??O?_?A?_AO?A??C??g?P?CD_???GP???_?????_?A???????_???G?_??????__???_?C?????O?????A?O?????A???HG?C@??????@@?G??GG?O?AG@A??O???AC?@@??@@?CD?O????O???C??GC??????A??G???A?O_???G??A?A__????GOGCG@???_GO???G?OA@???????AI?@???O@??CK?C?O?g???AC?O????OCO??ACC??????C??O?O?g??G?G__??o???A??A???A????OD??????A?A?@????GC?G__????Q_?????OG?AA?CG????????G???W?P?O??_A?O?_????_?C?A??AC@????_c???O?,[(65-68)-(57-58)-(53-56)-(46-60)-(45-61)-(43-50)-(40-67)-(39-62)-(36-49)-(35-59)-(31-42)-(30-41)-(29-51)-(28-34)-(27-55)-(25-47)-(24-63)-(23-66)-(21-44)-(16-54)-(15-22)-(14-32)-(13-64)-(12-33)-(11-26)-(10-37)-(9-18)-(8-52)-(7-19)-(6-20)-(5-69)-(4-48)-(2-3)-(1-38)-(0-17)],0.0003600120544433594,0.11874079704284668,6,True,0
~?@E@?@B?O??_@A_??C??_@???A??O?_?A?_AO?A??C??g?P?CD_???GP???_?????_?A???????_???G?_??????__???_?C?????O?????A?O?????A???HG?C@??????@@?G??GG?O?AG@A??O???AC?@@??@@?CD?O????O???C??GC??????A??G???A?O_???G??A?A__????GOGCG@???_GO???G?OA@???????AI?@???O@??CK?C?O?g???AC?O????OCO??ACC??????C??O?O?g??G?G__??o???A??A???A????OD??????A?A?@????GC?G__????Q_?????OG?AA?CG????????G???W?P?O??_A?O?_????_?C?A??AC@????_c???O?,[(65-68)-(57-58)-(53-56)-(46-60)-(45-61)-(43-50)-(40-67)-(39-62)-(36-49)-(35-59)-(31-42)-(30-41)-(29-51)-(28-34)-(27-55)-(25-47)-(24-63)-(23-66)-(21-44)-(16-54)-(15-22)-(14-32)-(13-64)-(12-33)-(11-26)-(10-37)-(9-18)-(8-52)-(7-19)-(6-20)-(5-69)-(4-48)-(2-3)-(1-38)-(0-17)],0.00038313865661621094,0.04399752616882324,2,True,0
~?@E@?@B?O??_@A_??C??_@???A??O?_?A?_AO?A??C??g?P?CD_???GP???_?????_?A???????_???G?_??????__???_?C?????O?????A?O?????A???HG?C@??????@@?G??GG?O?AG@A??O???AC?@@??@@?CD?O????O???C??GC??????A??G???A?O_???G??A?A__????GOGCG@???_GO???G?OA@???????AI?@???O@??CK?C?O?g???AC?O????OCO??ACC??????C??O?O?g??G?G__??o???A??A???A????OD??????A?A?@????GC?G__????Q_?????OG?AA?CG????????G???W?P?O??_A?O?_????_?C?A??AC@????_c???O?,[(65-68)-(53-56)-(46-58)-(45-61)-(43-50)-(40-67)-(39-62)-(36-49)-(35-59)-(34-51)-(31-42)-(30-41)-(29-55)-(28-60)-(27-57)-(25-47)-(24-63)-(23-66)-(21-44)-(16-54)-(15-22)-(14-32)-(13-64)-(12-33)-(11-26)-(10-37)-(9-18)-(8-52)-(7-19)-(6-20)-(5-69)-(4-48)-(2-3)-(1-38)-(0-17)],0.0003674030303955078,0.1362438201904297,7,True,0
~?@E@?@B?O??_@A_??C??_@???A??O?_?A?_AO?A??C??g?P?CD_???GP???_?????_?A???????_???G?_??????__???_?C?????O?????A?O?????A???HG?C@??????@@?G??GG?O?AG@A??O???AC?@@??@@?CD?O????O???C??GC??????A??G???A?O_???G??A?A__????GOGCG@???_GO???G?OA@???????AI?@???O@??CK?C?O?g???AC?O????OCO??ACC??????C??O?O?g??G?G__??o???A??A???A????OD??????A?A?@????GC?G__????Q_?????OG?AA?CG????????G???W?P?O??_A?O?_????_?C?A??AC@????_c???O?,[(65-68)-(53-56)-(46-58)-(45-61)-(43-50)-(40-67)-(39-62)-(36-49)-(35-59)-(34-51)-(31-42)-(30-41)-(29-55)-(28-60)-(27-57)-(25-47)-(24-63)-(23-66)-(21-44)-(16-54)-(15-22)-(14-32)-(13-64)-(12-33)-(11-26)-(10-37)-(9-18)-(8-52)-(7-19)-(6-20)-(5-69)-(4-48)-(2-3)-(1-38)-(0-17)],0.0003566741943359375,0.06257987022399902,3,True,0
~?@E@?@B?O??_@A_??C??_@???A??O?_?A?_AO?A??C??g?P?CD_???GP???_?????_?A???????_???G?_??????__???_?C?????O?????A?O?????A???HG?C@??????@@?G??GG?O?AG@A??O???AC?@@??@@?CD?O????O???C??GC??????A??G???A?O_???G??A?A__????GOGCG@???_GO???G?OA@???????AI?@???O@??CK?C?O?g???AC?O????OCO??ACC??????C??O?O?g??G?G__??o???A??A???A????OD??????A?A?@????GC?G__????Q_?????OG?AA?CG????????G???W?P?O??_A?O?_????_?C?A??AC@????_c???O?,[(60-68)-(57-58)-(47-61)-(46-66)-(45-56)-(43-50)-(40-67)-(39-62)-(36-53)-(35-59)-(34-51)-(31-42)-(29-65)-(28-49)-(27-55)-(25-41)-(24-63)-(23-30)-(21-44)-(16-54)-(15-22)-(14-32)-(13-64)-(12-33)-(11-26)-(10-37)-(9-18)-(8-52)-(7-19)-(6-20)-(5-69)-(4-48)-(2-3)-(1-38)-(0-17)],0.00039005279541015625,0.045546531677246094,2,True,0
~?@E@?@B?O??_@A_??C??_@???A??O?_?A?_AO?A??C??g?P?CD_???GP???_?????_?A???????_???G?_??????__???_?C?????O?????A?O?????A???HG?C@??????@@?G??GG?O?AG@A??O???AC?@@??@@?CD?O????O???C??GC??????A??G???A?O_???G??A?A__????GOGCG@???_GO???G?OA@???????AI?@???O@??CK?C?O?g???AC?O????OCO??ACC??????C??O?O?g??G?G__??o???A??A???A????OD??????A?A?@????GC?G__????Q_?????OG?AA?CG????????G???W?P?O??_A?O?_????_?C?A??AC@????_c???O?,[(60-68)-(57-58)-(47-61)-(46-66)-(45-56)-(43-50)-(40-67)-(39-62)-(36-53)-(35-59)-(34-51)-(31-42)-(29-65)-(28-49)-(27-55)-(25-41)-(24-63)-(23-30)-(21-44)-(16-54)-(15-22)-(14-32)-(13-64)-(12-33)-(11-26)-(10-37)-(9-18)-(8-52)-(7-19)-(6-20)-(5-69)-(4-48)-(2-3)-(1-38)-(0-17)],0.00035572052001953125,0.028319597244262695,1,True,0
~?@E@?@B?O??_@A_??C??_@???A??O?_?A?_AO?A??C??g?P?CD_???GP???_?????_?A???????_???G?_??????__???_?C?????O?????A?O?????A???HG?C@??????@@?G??GG?O?AG@A??O???AC?@@??@@?CD?O????O???C??GC??????A??G???A?O_???G??A?A__????GOGCG@???_GO???G?OA@???????AI?@???O@??CK?C?O?g???AC?O????OCO??ACC??????C??O?O?g??G?G__??o???A??A???A????OD??????A?A?@????GC?G__????Q_?????OG?AA?CG????????G???W?P?O??_A?O?_????_?C?A??AC@????_c???O?,[(60-68)-(57-58)-(47-61)-(46-66)-(45-56)-(43-50)-(40-67)-(39-62)-(36-53)-(35-59)-(34-65)-(31-42)-(29-51)-(28-49)-(27-55)-(25-41)-(24-63)-(23-30)-(21-44)-(16-54)-(15-22)-(14-32)-(13-64)-(12-33)-(11-26)-(10-37)-(9-18)-(8-52)-(7-19)-(6-20)-(5-69)-(4-48)-(2-3)-(1-38)-(0-17)],0.000377655029296875,0.08780050277709961,5,True,0
~?@E@?@B?O??_@A_??C??_@???A??O?_?A?_AO?A??C??g?P?CD_???GP???_?????_?A???????_???G?_??????__???_?C?????O?????A?O?????A???HG?C@??????@@?G??GG?O?AG@A??O???AC?@@??@@?CD?O????O???C??GC??????A??G???A?O_???G??A?A__????GOGCG@???_GO???G?OA@???????AI?@???O@??CK?C?O?g???AC?O????OCO??ACC??????C??O?O?g??G?G__??o???A??A???A????OD??????A?A?@????GC?G__????Q_?????OG?AA?CG????????G???W?P?O??_A?O?_????_?C?A??AC@????_c???O?,[(60-68)-(57-58)-(47-61)-(46-66)-(45-56)-(43-50)-(40-67)-(39-62)-(36-53)-(35-59)-(34-65)-(31-42)-(29-51)-(28-49)-(27-55)-(25-41)-(24-63)-(23-30)-(21-44)-(16-54)-(15-22)-(14-32)-(13-64)-(12-33)-(11-26)-(10-37)-(9-18)-(8-52)-(7-19)-(6-20)-(5-69)-(4-48)-(2-3)-(1-38)-(0-17)],0.00035953521728515625,0.028217315673828125,1,True,0
~?@E@?@B?O??_@A_??C??_@???A??O?_?A?_AO?A??C??g?P?CD_???GP???_?????_?A???????_???G?_??????__???_?C?????O?????A?O?????A???HG?C@??????@@?G??GG?O?AG@A??O???AC?@@??@@?CD?O????O???C??GC??????A??G???A?O_???G??A?A__????GOGCG@???_GO???G?OA@???????AI?@???O@??CK?C?O?g???AC?O????OCO??ACC??????C??O?O?g??G?G__??o???A??A???A????OD??????A?A?@????GC?G__????Q_?????OG?AA?CG????????G???W?P?O??_A?O?_????_?C?A??AC@????_c???O?,[(65-68)-(57-58)-(53-56)-(47-66)-(46-60)-(45-61)-(43-50)-(40-67)-(39-62)-(36-49)-(35-59)-(31-42)-(29-51)-(28-34)-(27-55)-(25-41)-(24-63)-(23-30)-(21-44)-(16-54)-(15-22)-(14-32)-(13-64)-(12-33)-(11-26)-(10-37)-(9-18)-(8-52)-(7-19)-(6-20)-(5-69)-(4-48)-(2-3)-(1-38)-(0-17)],0.00035691261291503906,0.11826395988464355,6,True,0
~?@E@?@B?O??_@A_??C??_@???A??O?_?A?_AO?A??C??g?P?CD_???GP???_?????_?A???????_???G?_??????__???_?C?????O?????A?O?????A???HG?C@??????@@?G??GG?O?AG@A??O???AC?@@??@@?CD?O????O???C??GC??????A??G???A?O_???G??A?A__????GOGCG@???_GO???G?OA@???????AI?@???O@??CK?C?O?g???AC?O????OCO??ACC??????C??O?O?g??G?G__??o???A??A???A????OD??????A?A?@????GC?G__????Q_?????OG?AA?CG????????G???W?P?O??_A?O?_????_?C?A??AC@????_c???O?,[(65-68)-(57-58)-(53-56)-(47-66)-(46-60)-(45-61)-(43-50)-(40-67)-(39-62)-(36-49)-(35-59)-(31-42)-(29-51)-(28-34)-(27-55)-(25-41)-(24-63)-(23-30)-(21-44)-(16-54)-(15-22)-(14-32)-(13-64)-(12-33)-(11-26)-(10-37)-(9-18)-(8-52)-(7-19)-(6-20)-(5-69)-(4-48)-(2-3)-(1-38)-(0-17)],0.00042319297790527344,0.02799820899963379,1,True,0
~?@E@?@B?O??_@A_??C??_@???A??O?_?A?_AO?A??C??g?P?CD_???GP???_?????_?A???????_???G?_??????__???_?C?????O?????A?O?????A???HG?C@??????@@?G??GG?O?AG@A??O???AC?@@??@@?CD?O????O???C??GC??????A??G???A?O_???G??A?A__????GOGCG@???_GO???G?OA@???????AI?@???O@??CK?C?O?g???AC?O????OCO??ACC??????C??O?O?g??G?G__??o???A??A???A????OD??????A?A?@????GC?G__????Q_?????OG?AA?CG????????G???W?P?O??_A?O?_????_?C?A??AC@????_c???O?,[(65-68)-(57-58)-(47-61)-(46-66)-(45-56)-(43-50)-(40-67)-(39-62)-(36-49)-(35-59)-(34-53)-(31-42)-(29-51)-(28-60)-(27-55)-(25-41)-(24-63)-(23-30)-(21-44)-(16-54)-(15-22)-(14-32)-(13-64)-(12-33)-(11-26)-(10-37)-(9-18)-(8-52)-(7-19)-(6-20)-(5-69)-(4-48)-(2-3)-(1-38)-(0-17)],0.0003604888916015625,0.09918475151062012,5,True,0
~?@E@?@B?O??_@A_??C??_@???A??O?_?A?_AO?A??C??g?P?CD_???GP???_?????_?A???????_???G?_??????__???_?C?????O?????A?O?????A???HG?C@??????@@?G??GG?O?AG@A??O???AC?@@??@@?CD?O????O???C??GC??????A??G???A?O_???G??A?A__????GOGCG@???_GO???G?OA@???????AI?@???O@??CK?C?O?g???AC?O????OCO??ACC??????C??O?O?g??G?G__??o???A??A???A????OD??????A?A?@????GC?G__????Q_?????OG?AA?CG????????G???W?P?O??_A?O?_????_?C?A??AC@????_c???O?,[(65-68)-(57-58)-(47-61)-(46-66)-(45-56)-(43-50)-(40-67)-(39-62)-(36-49)-(35-59)-(34-53)-(31-42)-(29-51)-(28-60)-(27-55)-(25-41)-(24-63)-(23-30)-(21-44)-(16-54)-(15-22)-(14-32)-(13-64)-(12-33)-(11-26)-(10-37)-(9-18)-(8-52)-(7-19)-(6-20)-(5-69)-(4-48)-(2-3)-(1-38)-(0-17)],0.00035572052001953125,0.06173825263977051,3,True,0
~?@EO??YO??@A?????C??a?h???OC?W?C?@??@??A??`?C__@?O??C????G_OG??@G???O??HG??O??_@?_?A?B???G???A@_?O?O??????@??????AG@???????AO?_`A??????B????A???CQ??????K?_?@??G??O??G??G???C?CO???AO?C??O???A???_G?@?G????C?a??G????G?G???????K??A_?O?A?????GO?C@??????P@???CAA??O_C?Cc????_?????_?GA??CA??C??????AGOG?A??AO?_GO????h??????O?OE???????oC???I?@???O??_??AAC????O???G?C?P?C???A???G?O????@@K???C?_??A?A?OG???GGO??O?C??,[(58-63)-(53-62)-(51-59)-(50-54)-(44-57)-(43-45)-(42-67)-(40-49)-(39-47)-(36-41)-(35-48)-(31-52)-(28-46)-(27-29)-(25-55)-(24-38)-(23-56)-(21-22)-(19-26)-(16-33)-(15-30)-(14-69)-(13-20)-(12-64)-(11-61)-(10-60)-(9-65)-(8-68)-(6-66)-(5-18)-(4-34)-(3-17)-(2-37)-(1-7)-(0-32)],0.0003764629364013672,0.04387235641479492,2,True,0
~?@EO??YO??@A?????C??a?h???OC?W?C?@??@??A??`?C__@?O??C????G_OG??@G???O??HG??O??_@?_?A?B???G???A@_?O?O??????@??????AG@???????AO?_`A??????B????A???CQ??????K?_?@??G??O??G??G???C?CO???AO?C??O???A???_G?@?G????C?a??G????G?G???????K??A_?O?A?????GO?C@??????P@???CAA??O_C?Cc????_?????_?GA??CA??C??????AGOG?A??AO?_GO????h??????O?OE???????oC???I?@???O??_??AAC????O???G?C?P?C???A???G?O????@@K???C?_??A?A?OG???GGO??O?C??,[(58-63)-(53-62)-(51-59)-(50-54)-(44-57)-(43-45)-(42-67)-(40-49)-(39-47)-(36-41)-(35-48)-(31-52)-(28-46)-(27-29)-(25-55)-(24-38)-(23-56)-(21-22)-(19-26)-(16-33)-(15-30)-(14-69)-(13-20)-(12-64)-(11-61)-(10-60)-(9-65)-(8-68)-(6-66)-(5-18)-(4-34)-(3-17)-(2-37)-(1-7)-(0-32)],0.0004017353057861328,0.027343034744262695,1,True,0
~?@EO??YO??@A?????C??a?h???OC?W?C?@??@??A??`?C__@?O??C????G_OG??@G???O??HG??O??_@?_?A?B???G???A@_?O?O??????@??????AG@???????AO?_`A??????B????A???CQ??????K?_?@??G??O??G??G???C?CO???AO?C??O???A???_G?@?G????C?a??G????G?G???????K??A_?O?A?????GO?C@??????P@???CAA??O_C?Cc????_?????_?GA??CA??C??????AGOG?A??AO?_GO????h??????O?OE???????oC???I?@???O??_??AAC????O???G?C?P?C???A???G?O????@@K???C?_??A?A?OG???GGO??O?C??,[(58-63)-(53-62)-(51-59)-(49-50)-(44-57)-(43-45)-(42-67)-(40-54)-(39-47)-(36-41)-(35-48)-(31-52)-(28-46)-(27-29)-(25-55)-(24-38)-(23-56)-(21-22)-(19-26)-(16-33)-(15-30)-(14-69)-(13-20)-(12-64)-(11-61)-(10-60)-(9-65)-(8-68)-(6-66)-(5-18)-(4-34)-(3-17)-(2-37)-(1-7)-(0-32)],0.0003533363342285156,0.04491400718688965,2,True,0
~?@EO??YO??@A?????C??a?h???OC?W?C?@??@??A??`?C__@?O??C????G_OG??@G???O??HG??O??_@?_?A?B???G???A@_?O?O??????@??????AG@???????AO?_`A??????B????A???CQ??????K?_?@??G??O??G??G???C?CO???AO?C??O???A???_G?@?G????C?a??G????G?G???????K??A_?O?A?????GO?C@??????P@???CAA??O_C?Cc????_?????_?GA??CA??C??????AGOG?A??AO?_GO????h??????O?OE???????oC???I?@???O??_??AAC????O???G?C?P?C???A???G?O????@@K???C?_??A?A?OG???GGO??O?C??,[(58-63)-(53-62)-(51-59)-(49-50)-(44-57)-(43-45)-(42-67)-(40-54)-(39-47)-(36-41)-(35-48)-(31-52)-(28-46)-(27-29)-(25-55)-(24-38)-(23-56)-(21-22)-(19-26)-(16-33)-(15-30)-(14-69)-(13-20)-(12-64)-(11-61)-(10-60)-(9-65)-(8-68)-(6-66)-(5-18)-(4-34)-(3-17)-(2-37)-(1-7)-(0-32)],0.0003600120544433594,0.028011322021484375,1,True,0
~?@EO??YO??@A?????C??a?h???OC?W?C?@??@??A??`?C__@?O??C????G_OG??@G???O??HG??O??_@?_?A?B???G???A@_?O?O??????@??????AG@???????AO?_`A??????B????A???CQ??????K?_?@??G??O??G??G???C?CO???AO?C??O???A???_G?@?G????C?a??G????G?G???????K??A_?O?A?????GO?C@??????P@???CAA??O_C?Cc????_?????_?GA??CA??C??????AGOG?A??AO?_GO????h??????O?OE???????oC???I?@???O??_??AAC????O???G?C?P?C???A???G?O????@@K???C?_??A?A?OG???GGO??O?C??,[(58-63)-(53-62)-(51-59)-(50-54)-(44-57)-(43-45)-(41-67)-(40-49)-(39-47)-(36-42)-(35-48)-(31-52)-(28-46)-(27-29)-(25-55)-(24-38)-(23-56)-(21-22)-(19-26)-(16-33)-(15-30)-(14-69)-(13-20)-(12-64)-(11-61)-(10-60)-(9-65)-(8-68)-(6-66)-(5-18)-(4-34)-(3-17)-(2-37)-(1-7)-(0-32)],0.0003826618194580078,0.01875472068786621,1,True,0
~?@EO??YO??@A?????C??a?h???OC?W?C?@??@??A??`?C__@?O??C????G_OG??@G???O??HG??O??_@?_?A?B???G???A@_?O?O??????@??????AG@???????AO?_`A??????B????A???CQ??????K?_?@??G??O??G??G???C?CO???AO?C??O???A???_G?@?G????C?a??G????G?G???????K??A_?O?A?????GO?C@??????P@???CAA??O_C?Cc????_?????_?GA??CA??C??????AGOG?A??AO?_GO????h??????O?OE???????oC???I?@???O??_??AAC????O???G?C?P?C???A???G?O????@@K???C?_??A?A?OG???GGO??O?C??,[(58-63)-(53-62)-(51-59)-(50-54)-(44-57)-(43-45)-(41-67)-(40-49)-(39-47)-(36-42)-(35-48)-(31-52)-(28-46)-(27-29)-(25-55)-(24-38)-(23-56)-(21-22)-(19-26)-(16-33)-(15-30)-(14-69)-(13-20)-(12-64)-(11-61)-(10-60)-(9-65)-(8-68)-(6-66)-(5-18)-(4-34)-(3-17)-(2-37)-(1-7)-(0-32)],0.0003972053527832031,0.027879714965820312,1,True,0
~?@EO??YO??@A?????C??a?h???OC?W?C?@??@??A??`?C__@?O??C????G_OG??@G???O??HG??O??_@?_?A?B???G???A@_?O?O??????@??????AG@???????AO?_`A??????B????A???CQ??????K?_?@??G??O??G??G???C?CO???AO?C??O???A???_G?@?G????C?a??G????G?G???????K??A_?O?A?????GO?C@??????P@???CAA??O_C?Cc????_?????_?GA??CA??C??????AGOG?A??AO?_GO????h??????O?OE???????oC???I?@???O??_??AAC????O???G?C?P?C???A???G?O????@@K???C?_??A?A?OG???GGO??O?C??,[(58-63)-(53-62)-(51-59)-(49-50)-(44-57)-(43-45)-(41-67)-(40-54)-(39-47)-(36-42)-(35-48)-(31-52)-(28-46)-(27-29)-(25-55)-(24-38)-(23-56)-(21-22)-(19-26)-(16-33)-(15-30)-(14-69)-(13-20)-(12-64)-(11-61)-(10-60)-(9-65)-(8-68)-(6-66)-(5-18)-(4-34)-(3-17)-(2-37)-(1-7)-(0-32)],0.0004055500030517578,0.04577922821044922,2,True,0
~?@EO??YO??@A?????C??a?h???OC?W?C?@??@??A??`?C__@?O??C????G_OG??@G???O??HG??O??_@?_?A?B???G???A@_?O?O??????@??????AG@???????AO?_`A??????B????A???CQ??????K?_?@??G??O??G??G???C?CO???AO?C??O???A???_G?@?G????C?a??G????G?G???????K??A_?O?A?????GO?C@??????P@???CAA??O_C?Cc????_?????_?GA??CA??C??????AGOG?A??AO?_GO????h??????O?OE???????oC???I?@???O??_??AAC????O???G?C?P?C???A???G?O????@@K???C?_??A?A?OG???GGO??O?C??,[(58-63)-(53-62)-(51-59)-(49-50)-(44-57)-(43-45)-(41-67)-(40-54)-(39-47)-(36-42)-(35-48)-(31-52)-(28-46)-(27-29)-(25-55)-(24-38)-(23-56)-(21-22)-(19-26)-(16-33)-(15-30)-(14-69)-(13-20)-(12-64)-(11-61)-(10-60)-(9-65)-(8-68)-(6-66)-(5-18)-(4-34)-(3-17)-(2-37)-(1-7)-(0-32)],0.00035953521728515625,0.0638737678527832,3,True,0
~?@EO??YO??@A?????C??a?h???OC?W?C?@??@??A??`?C__@?O??C????G_OG??@G???O??HG??O??_@?_?A?B???G???A@_?O?O??????@??????AG@???????AO?_`A??????B????A???CQ??????K?_?@??G??O??G??G???C?CO???AO?C??O???A???_G?@?G????C?a??G????G?G???????K??A_?O?A?????GO?C@??????P@???CAA??O_C?Cc????_?????_?GA??CA??C??????AGOG?A??AO?_GO????h??????O?OE???????oC???I?@???O??_??AAC????O???G?C?P?C???A???G?O????@@K???C?_??A?A?OG???GGO??O?C??,[(58-63)-(53-62)-(50-54)-(48-51)-(46-55)-(44-57)-(43-45)-(42-67)-(40-49)-(39-47)-(36-41)-(31-52)-(28-35)-(27-29)-(25-59)-(24-38)-(23-56)-(21-22)-(19-26)-(16-33)-(15-30)-(14-69)-(13-20)-(12-64)-(11-61)-(10-60)-(9-65)-(8-68)-(6-66)-(5-18)-(4-34)-(3-17)-(2-37)-(1-7)-(0-32)],0.0003707408905029297,0.028233766555786133,1,True,0
~?@EO??YO??@A?????C??a?h???OC?W?C?@??@??A??`?C__@?O??C????G_OG??@G???O??HG??O??_@?_?A?B???G???A@_?O?O??????@??????AG@???????AO?_`A??????B????A???CQ??????K?_?@??G??O??G??G???C?CO???AO?C??O???A???_G?@?G????C?a??G????G?G???????K??A_?O?A?????GO?C@??????P@???CAA??O_C?Cc????_?????_?GA??CA??C??????AGOG?A??AO?_GO????h??????O?OE???????oC???I?@???O??_??AAC????O???G?C?P?C???A???G?O????@@K???C?_??A?A?OG???GGO??O?C??,[(58-63)-(53-62)-(50-54)-(48-51)-(46-55)-(44-57)-(43-45)-(42-67)-(40-49)-(39-47)-(36-41)-(31-52)-(28-35)-(27-29)-(25-59)-(24-38)-(23-56)-(21-22)-(19-26)-(16-33)-(15-30)-(14-69)-(13-20)-(12-64)-(11-61)-(10-60)-(9-65)-(8-68)-(6-66)-(5-18)-(4-34)-(3-17)-(2-37)-(1-7)-(0-32)],0.000354766845703125,0.044007301330566406,2,True,0
~?@EO??YO??@A?????C??a?h???OC?W?C?@??@??A??`?C__@?O??C????G_OG??@G???O??HG??O??_@?_?A?B???G???A@_?O?O??????@??????AG@???????AO?_`A??????B????A???CQ??????K?_?@??G??O??G??G???C?CO???AO?C??O???A???_G?@?G????C?a??G????G?G???????K??A_?O?A?????GO?C@??????P@???CAA??O_C?Cc????_?????_?GA??CA??C??????AGOG?A??AO?_GO????h??????O?OE???????oC???I?@???O??_??AAC????O???G?C?P?C???A???G?O????@@K???C?_??A?A?OG???GGO??O?C??,[(58-63)-(53-62)-(49-50)-(48-51)-(46-55)-(44-57)-(43-45)-(42-67)-(40-54)-(39-47)-(36-41)-(31-52)-(28-35)-(27-29)-(25-59)-(24-38)-(23-56)-(21-22)-(19-26)-(16-33)-(15-30)-(14-69)-(13-20)-(12-64)-(11-61)-(10-60)-(9-65)-(8-68)-(6-66)-(5-18)-(4-34)-(3-17)-(2-37)-(1-7)-(0-32)],0.0005543231964111328,0.04422354698181152,2,True,0
~?@EO??YO??@A?????C??a?h???OC?W?C?@??@??A??`?C__@?O??C????G_OG??@G???O??HG??O??_@?_?A?B???G???A@_?O?O??????@??????AG@???????AO?_`A??????B????A???CQ??????K?_?@??G??O??G??G???C?CO???AO?C??O???A???_G?@?G????C?a??G????G?G???????K??A_?O?A?????GO?C@??????P@???CAA??O_C?Cc????_?????_?GA??CA??C??????AGOG?A??AO?_GO????h??????O?OE???????oC???I?@???O??_??AAC????O???G?C?P?C???A???G?O????@@K???C?_??A?A?OG???GGO??O?C??,[(58-63)-(53-62)-(49-50)-(48-51)-(46-55)-(44-57)-(43-45)-(42-67)-(40-54)-(39-47)-(36-41)-(31-52)-(28-35)-(27-29)-(25-59)-(24-38)-(23-56)-(21-22)-(19-26)-(16-33)-(15-30)-(14-69)-(13-20)-(12-64)-(11-61)-(10-60)-(9-65)-(8-68)-(6-66)-(5-18)-(4-34)-(3-17)-(2-37)-(1-7)-(0-32)],0.00035262107849121094,0.04501652717590332,2,True,0
~?@EO??YO??@A?????C??a?h???OC?W?C?@??@??A??`?C__@?O??C????G_OG??@G???O??HG??O??_@?_?A?B???G???A@_?O?O??????@??????AG@???????AO?_`A??????B????A???CQ??????K?_?@??G??O??G??G???C?CO???AO?C??O???A???_G?@?G????C?a??G????G?G???????K??A_?O?A?????GO?C@??????P@???CAA??O_C?Cc????_?????_?GA??CA??C??????AGOG?A??AO?_GO????h??????O?OE???????oC???I?@???O??_??AAC????O???G?C?P?C???A???G?O????@@K???C?_??A?A?OG???GGO??O?C??,[(58-63)-(53-62)-(50-54)-(48-51)-(46-55)-(44-57)-(43-45)-(41-67)-(40-49)-(39-47)-(36-42)-(31-52)-(28-35)-(27-29)-(25-59)-(24-38)-(23-56)-(21-22)-(19-26)-(16-33)-(15-30)-(14-69)-(13-20)-(12-64)-(11-61)-(10-60)-(9-65)-(8-68)-(6-66)-(5-18)-(4-34)-(3-17)-(2-37)-(1-7)-(0-32)],0.0003654956817626953,0.028287649154663086,1,True,0
~?@EO??YO??@A?????C??a?h???OC?W?C?@??@??A??`?C__@?O??C????G_OG??@G???O??HG??O??_@?_?A?B???G???A@_?O?O??????@??????AG@???????AO?_`A??????B????A???CQ??????K?_?@??G??O??G??G???C?CO???AO?C??O???A???_G?@?G????C?a??G????G?G???????K??A_?O?A?????GO?C@??????P@???CAA??O_C?Cc????_?????_?GA??CA??C??????AGOG?A??AO?_GO????h??????O?OE???????oC???I?@???O??_??AAC????O???G?C?P?C???A???G?O????@@K???C?_??A?A?OG???GGO??O?C??,[(58-63)-(53-62)-(50-54)-(48-51)-(46-55)-(44-57)-(43-45)-(41-67)-(40-49)-(39-47)-(36-42)-(31-52)-(28-35)-(27-29)-(25-59)-(24-38)-(23-56)-(21-22)-(19-26)-(16-33)-(15-30)-(14-69)-(13-20)-(12-64)-(11-61)-(10-60)-(9-65)-(8-68)-(6-66)-(5-18)-(4-34)-(3-17)-(2-37)-(1-7)-(0-32)],0.0003523826599121094,0.04411053657531738,2,True,0
~?@EO??YO??@A?????C??a?h???OC?W?C?@??@??A??`?C__@?O??C????G_OG??@G???O??HG??O??_@?_?A?B???G???A@_?O?O??????@??????AG@???????AO?_`A??????B????A???CQ??????K?_?@??G??O??G??G???C?CO???AO?C??O???A???_G?@?G????C?a??G????G?G???????K??A_?O?A?????GO?C@??????P@???CAA??O_C?Cc????_?????_?GA??CA??C??????AGOG?A??AO?_GO????h??????O?OE???????oC???I?@???O??_??AAC????O???G?C?P?C???A???G?O????@@K???C?_??A?A?OG???GGO??O?C??,[(58-63)-(53-62)-(49-50)-(48-51)-(46-55)-(44-57)-(43-45)-(41-67)-(40-54)-(39-47)-(36-42)-(31-52)-(28-35)-(27-29)-(25-59)-(24-38)-(23-56)-(21-22)-(19-26)-(16-33)-(15-30)-(14-69)-(13-20)-(12-64)-(11-61)-(10-60)-(9-65)-(8-68)-(6-66)-(5-18)-(4-34)-(3-17)-(2-37)-(1-7)-(0-32)],0.0003554821014404297,0.027940034866333008,1,True,0
~?@EO??YO??@A?????C??a?h???OC?W?C?@??@??A??`?C__@?O??C????G_OG??@G???O??HG??O??_@?_?A?B???G???A@_?O?O??????@??????AG@???????AO?_`A??????B????A???CQ??????K?_?@??G??O??G??G???C?CO???AO?C??O???A???_G?@?G????C?a??G????G?G???????K??A_?O?A?????GO?C@??????P@???CAA??O_C?Cc????_?????_?GA??CA??C??????AGOG?A??AO?_GO????h??????O?OE???????oC???I?@???O??_??AAC????O???G?C?P?C???A???G?O????@@K???C?_??A?A?OG???GGO??O?C??,[(58-63)-(53-62)-(49-50)-(48-51)-(46-55)-(44-57)-(43-45)-(41-67)-(40-54)-(39-47)-(36-42)-(31-52)-(28-35)-(27-29)-(25-59)-(24-38)-(23-56)-(21-22)-(19-26)-(16-33)-(15-30)-(14-69)-(13-20)-(12-64)-(11-61)-(10-60)-(9-65)-(8-68)-(6-66)-(5-18)-(4-34)-(3-17)-(2-37)-(1-7)-(0-32)],0.00034999847412109375,0.02778911590576172,1,True,0
~?@EO??YO??@A?????C??a?h???OC?W?C?@??@??A??`?C__@?O??C????G_OG??@G???O??HG??O??_@?_?A?B???G???A@_?O?O??????@??????AG@???????AO?_`A??????B????A???CQ??????K?_?@??G??O??G??G???C?CO???AO?C??O???A???_G?@?G????C?a??G????G?G???????K??A_?O?A?????GO?C@??????P@???CAA??O_C?Cc????_?????_?GA??CA??C??????AGOG?A??AO?_GO????h??????O?OE???????oC???I?@???O??_??AAC????O???G?C?P?C???A???G?O????@@K???C?_??A?A?OG???GGO??O?C??,[(58-63)-(53-62)-(50-54)-(48-51)-(46-52)-(44-57)-(43-45)-(42-67)-(40-49)-(39-47)-(36-41)-(31-55)-(28-35)-(27-29)-(25-59)-(24-38)-(23-56)-(21-22)-(19-26)-(16-33)-(15-30)-(14-69)-(13-20)-(12-64)-(11-61)-(10-60)-(9-65)-(8-68)-(6-66)-(5-18)-(4-34)-(3-17)-(2-37)-(1-7)-(0-32)],0.00037169456481933594,0.02768540382385254,1,True,0
~?@EO??YO??@A?????C??a?h???OC?W?C?@??@??A??`?C__@?O??C????G_OG??@G???O??HG??O??_@?_?A?B???G???A@_?O?O??????@??????AG@???????AO?_`A??????B????A???CQ??????K?_?@??G??O??G??G???C?CO???AO?C??O???A???_G?@?G????C?a??G????G?G???????K??A_?O?A?????GO?C@??????P@???CAA??O_C?Cc????_?????_?GA??CA??C??????AGOG?A??AO?_GO????h??????O?OE???????oC???I?@???O??_??AAC????O???G?C?P?C???A???G?O????@@K???C?_??A?A?OG???GGO??O?C??,[(58-63)-(53-62)-(50-54)-(48-51)-(46-52)-(44-57)-(43-45)-(42-67)-(40-49)-(39-47)-(36-41)-(31-55)-(28-35)-(27-29)-(25-59)-(24-38)-(23-56)-(21-22)-(19-26)-(16-33)-(15-30)-(14-69)-(13-20)-(12-64)-(11-61)-(10-60)-(9-65)-(8-68)-(6-66)-(5-18)-(4-34)-(3-17)-(2-37)-(1-7)-(0-32)],0.0003998279571533203,0.01824784278869629,1,True,0
~?@EO??YO??@A?????C??a?h???OC?W?C?@??@??A??`?C__@?O??C????G_OG??@G???O??HG??O??_@?_?A?B???G???A@_?O?O??????@??????AG@???????AO?_`A??????B????A???CQ??????K?_?@??G??O??G??G???C?CO???AO?C??O???A???_G?@?G????C?a??G????G?G???????K??A_?O?A?????GO?C@??????P@???CAA??O_C?Cc????_?????_?GA??CA??C??????AGOG?A??AO?_GO????h??????O?OE???????oC???I?@???O??_??AAC????O???G?C?P?C???A???G?O????@@K???C?_??A?A?OG???GGO??O?C??,[(58-63)-(53-62)-(49-50)-(48-51)-(46-52)-(44-57)-(43-45)-(42-67)-(40-54)-(39-47)-(36-41)-(31-55)-(28-35)-(27-29)-(25-59)-(24-38)-(23-56)-(21-22)-(19-26)-(16-33)-(15-30)-(14-69)-(13-20)-(12-64)-(11-61)-(10-60)-(9-65)-(8-68)-(6-66)-(5-18)-(4-34)-(3-17)-(2-37)-(1-7)-(0-32)],0.00036334991455078125,0.04436016082763672,2,True,0
~?@EO??YO??@A?????C??a?h???OC?W?C?@??@??A??`?C__@?O??C????G_OG??@G???O??HG??O??_@?_?A?B???G???A@_?O?O??????@??????AG@???????AO?_`A??????B????A???CQ??????K?_?@??G??O??G??G???C?CO???AO?C??O???A???_G?@?G????C?a??G????G?G???????K??A_?O?A?????GO?C@??????P@???CAA??O_C?Cc????_?????_?GA??CA??C??????AGOG?A??AO?_GO????h??????O?OE???????oC???I?@???O??_??AAC????O???G?C?P?C???A???G?O????@@K???C?_??A?A?OG???GGO??O?C??,[(58-63)-(53-62)-(49-50)-(48-51)-(46-52)-(44-57)-(43-45)-(42-67)-(40-54)-(39-47)-(36-41)-(31-55)-(28-35)-(27-29)-(25-59)-(24-38)-(23-56)-(21-22)-(19-26)-(16-33)-(15-30)-(14-69)-(13-20)-(12-64)-(11-61)-(10-60)-(9-65)-(8-68)-(6-66)-(5-18)-(4-34)-(3-17)-(2-37)-(1-7)-(0-32)],0.0003657341003417969,0.04419517517089844,2,True,0
~?@EEO?G????????O??cAGGGA?A?@???O????O?a???C?G?_O?G?P?@G??@?CO?CO?K????S???????A??@???G?????G?CC??_?O?A???O?C??C@?G??_O??????H??_I???_?@?c?@??????_C?W??GC???O?K?G?????A???????GA@??G???GAO??A???O????@??K???OGC???G@_G??CO??G?@O?????AC??G????_?A??W?O???_?G?Q?@O???_??_?@CC?C?GI??????A???C?G?C?G?B??@????W????GGA??A?G????@?G??_G???O_?C?@?O??O?A????_@?CG????A?@?@A?C??_?@??@_?AD????CI?????????_??_GW???CO?_??A?A?,[(53-62)-(52-69)-(47-56)-(46-63)-(44-60)-(41-43)-(38-45)-(35-67)-(32-55)-(31-34)-(30-58)-(29-42)-(26-68)-(25-28)-(24-64)-(23-27)-(22-59)-(21-40)-(20-61)-(19-50)-(18-65)-(15-36)-(14-57)-(13-39)-(12-37)-(11-54)-(10-51)-(9-66)-(8-49)-(7-48)-(5-6)-(4-16)-(2-33)-(1-3)-(0-17)],0.0003643035888671875,0.06210017204284668,3,True,0
~?@EEO?G????????O??cAGGGA?A?@???O????O?a???C?G?_O?G?P?@G??@?CO?CO?K????S???????A??@???G?????G?CC??_?O?A???O?C??C@?G??_O??????H??_I???_?@?c?@??????_C?W??GC???O?K?G?????A???????GA@??G???GAO??A???O????@??K???OGC???G@_G??CO??G?@O?????AC??G????_?A??W?O???_?G?Q?@O???_??_?@CC?C?GI??????A???C?G?C?G?B??@????W????GGA??A?G????@?G??_G???O_?C?@?O??O?A????_@?CG????A?@?@A?C??_?@??@_?AD????CI?????????_??_GW???CO?_??A?A?,[(53-62)-(52-69)-(47-56)-(46-63)-(44-60)-(41-43)-(38-45)-(35-67)-(32-55)-(31-34)-(30-58)-(29-42)-(26-68)-(25-28)-(24-64)-(23-27)-(22-59)-(21-40)-(20-61)-(19-50)-(18-65)-(15-36)-(14-57)-(13-39)-(12-37)-(11-54)-(10-51)-(9-66)-(8-49)-(7-48)-(5-6)-(4-16)-(2-33)-(1-3)-(0-17)],0.00037217140197753906,0.027857065200805664,1,True,0
~?@EEO?G????????O??cAGGGA?A?@???O????O?a???C?G?_O?G?P?@G??@?CO?CO?K????S???????A??@???G?????G?CC??_?O?A???O?C??C@?G??_O??????H??_I???_?@?c?@??????_C?W??GC???O?K?G?????A???????GA@??G???GAO??A???O????@??K???OGC???G@_G??CO??G?@O?????AC??G????_?A??W?O???_?G?Q?@O???_??_?@CC?C?GI??????A???C?G?C?G?B??@????W????GGA??A?G????@?G??_G???O_?C?@?O??O?A????_@?CG????A?@?@A?C??_?@??@_?AD????CI?????????_??_GW???CO?_??A?A?,[(53-62)-(52-69)-(47-56)-(46-63)-(44-60)-(41-58)-(38-45)-(35-67)-(32-55)-(31-34)-(30-43)-(29-42)-(26-68)-(25-28)-(24-64)-(23-27)-(22-59)-(21-40)-(20-61)-(19-50)-(18-65)-(15-36)-(14-57)-(13-39)-(12-37)-(11-54)-(10-51)-(9-66)-(8-49)-(7-48)-(5-6)-(4-16)-(2-33)-(1-3)-(0-17)],0.0003478527069091797,0.04481625556945801,2,True,0
~?@EEO?G????????O??cAGGGA?A?@???O????O?a???C?G?_O?G?P?@G??@?CO?CO?K????S???????A??@???G?????G?CC??_?O?A???O?C??C@?G??_O??????H??_I???_?@?c?@??????_C?W??GC???O?K?G?????A???????GA@??G???GAO??A???O????@??K???OGC???G@_G??CO??G?@O?????AC??G????_?A??W?O???_?G?Q?@O???_??_?@CC?C?GI??????A???C?G?C?G?B??@????W????GGA??A?G????@?G??_G???O_?C?@?O??O?A????_@?CG????A?@?@A?C??_?@??@_?AD????CI?????????_??_GW???CO?_??A?A?,[(53-62)-(52-69)-(47-56)-(46-63)-(44-60)-(41-58)-(38-45)-(35-67)-(32-55)-(31-34)-(30-43)-(29-42)-(26-68)-(25-28)-(24-64)-(23-27)-(22-59)-(21-40)-(20-61)-(19-50)-(18-65)-(15-36)-(14-57)-(13-39)-(12-37)-(11-54)-(10-51)-(9-66)-(8-49)-(7-48)-(5-6)-(4-16)-(2-33)-(1-3)-(0-17)],0.0003561973571777344,0.027753114700317383,1,True,0
~?@EEO?G????????O??cAGGGA?A?@???O????O?a???C?G?_O?G?P?@G??@?CO?CO?K????S???????A??@???G?????G?CC??_?O?A???O?C??C@?G??_O??????H??_I???_?@?c?@??????_C?W??GC???O?K?G?????A???????GA@??G???GAO??A???O????@??K???OGC???G@_G??CO??G?@O?????AC??G????_?A??W?O???_?G?Q?@O???_??_?@CC?C?GI??????A???C?G?C?G?B??@????W????GGA??A?G????@?G??_G???O_?C?@?O??O?A????_@?CG????A?@?@A?C??_?@??@_?AD????CI?????????_??_GW???CO?_??A?A?,[(53-62)-(52-69)-(47-56)-(45-64)-(44-60)-(41-43)-(35-67)-(32-55)-(31-34)-(30-58)-(29-42)-(28-63)-(26-68)-(25-38)-(24-27)-(23-46)-(22-59)-(21-40)-(20-61)-(19-50)-(18-65)-(15-36)-(14-57)-(13-39)-(12-37)-(11-54)-(10-51)-(9-66)-(8-49)-(7-48)-(5-6)-(4-16)-(2-33)-(1-3)-(0-17)],0.0003631114959716797,0.06210136413574219,3,True,0
~?@EEO?G????????O??cAGGGA?A?@???O????O?a???C?G?_O?G?P?@G??@?CO?CO?K????S???????A??@???G?????G?CC??_?O?A???O?C??C@?G??_O??????H??_I???_?@?c?@??????_C?W??GC???O?K?G?????A???????GA@??G???GAO??A???O????@??K???OGC???G@_G??CO??G?@O?????AC??G????_?A??W?O???_?G?Q?@O???_??_?@CC?C?GI??????A???C?G?C?G?B??@????W????GGA??A?G????@?G??_G???O_?C?@?O??O?A????_@?CG????A?@?@A?C??_?@??@_?AD????CI?????????_??_GW???CO?_??A?A?,[(53-62)-(52-69)-(47-56)-(45-64)-(44-60)-(41-43)-(35-67)-(32-55)-(31-34)-(30-58)-(29-42)-(28-63)-(26-68)-(25-38)-(24-27)-(23-46)-(22-59)-(21-40)-(20-61)-(19-50)-(18-65)-(15-36)-(14-57)-(13-39)-(12-37)-(11-54)-(10-51)-(9-66)-(8-49)-(7-48)-(5-6)-(4-16)-(2-33)-(1-3)-(0-17)],0.0003647804260253906,0.028116226196289062,1,True,0
~?@EEO?G????????O??cAGGGA?A?@???O????O?a???C?G?_O?G?P?@G??@?CO?CO?K????S???????A??@???G?????G?CC??_?O?A???O?C??C@?G??_O??????H??_I???_?@?c?@??????_C?W??GC???O?K?G?????A???????GA@??G???GAO??A???O????@??K???OGC???G@_G??CO??G?@O?????AC??G????_?A??W?O???_?G?Q?@O???_??_?@CC?C?GI??????A???C?G?C?G?B??@????W????GGA??A?G????@?G??_G???O_?C?@?O??O?A????_@?CG????A?@?@A?C??_?@??@_?AD????CI?????????_??_GW???CO?_??A?A?,[(53-62)-(52-69)-(47-56)-(45-64)-(44-60)-(41-58)-(35-67)-(32-55)-(31-34)-(30-43)-(29-42)-(28-63)-(26-68)-(25-38)-(24-27)-(23-46)-(22-59)-(21-40)-(20-61)-(19-50)-(18-65)-(15-36)-(14-57)-(13-39)-(12-37)-(11-54)-(10-51)-(9-66)-(8-49)-(7-48)-(5-6)-(4-16)-(2-33)-(1-3)-(0-17)],0.0003559589385986328,0.0272676944732666,1,True,0
~?@EEO?G????????O??cAGGGA?A?@???O????O?a???C?G?_O?G?P?@G??@?CO?CO?K????S???????A??@???G?????G?CC??_?O?A???O?C??C@?G??_O??????H??_I???_?@?c?@??????_C?W??GC???O?K?G?????A???????GA@??G???GAO??A???O????@??K???OGC???G@_G??CO??G?@O?????AC??G????_?A??W?O???_?G?Q?@O???_??_?@CC?C?GI??????A???C?G?C?G?B??@????W????GGA??A?G????@?G??_G???O_?C?@?O??O?A????_@?CG????A?@?@A?C??_?@??@_?AD????CI?????????_??_GW???CO?_??A?A?,[(53-62)-(52-69)-(47-56)-(45-64)-(44-60)-(41-58)-(35-67)-(32-55)-(31-34)-(30-43)-(29-42)-(28-63)-(26-68)-(25-38)-(24-27)-(23-46)-(22-59)-(21-40)-(20-61)-(19-50)-(18-65)-(15-36)-(14-57)-(13-39)-(12-37)-(11-54)-(10-51)-(9-66)-(8-49)-(7-48)-(5-6)-(4-16)-(2-33)-(1-3)-(0-17)],0.000400543212890625,0.02834606170654297,1,True,0
~?@EEO?G????????O??cAGGGA?A?@???O????O?a???C?G?_O?G?P?@G??@?CO?CO?K????S???????A??@???G?????G?CC??_?O?A???O?C??C@?G??_O??????H??_I???_?@?c?@??????_C?W??GC???O?K?G?????A???????GA@??G???GAO??A???O????@??K???OGC???G@_G??CO??G?@O?????AC??G????_?A??W?O???_?G?Q?@O???_??_?@CC?C?GI??????A???C?G?C?G?B??@????W????GGA??A?G????@?G??_G???O_?C?@?O??O?A????_@?CG????A?@?@A?C??_?@??@_?AD????CI?????????_??_GW???CO?_??A?A?,[(53-61)-(52-69)-(47-56)-(44-60)-(41-43)-(38-45)-(35-67)-(32-55)-(31-34)-(30-58)-(29-42)-(27-28)-(26-68)-(25-62)-(24-64)-(23-46)-(22-59)-(21-40)-(20-63)-(19-50)-(18-65)-(15-36)-(14-57)-(13-39)-(12-37)-(11-54)-(10-51)-(9-66)-(8-49)-(7-48)-(5-6)-(4-16)-(2-33)-(1-3)-(0-17)],0.000385284423828125,0.018051624298095703,1,True,0
~?@EEO?G????????O??cAGGGA?A?@???O????O?a???C?G?_O?G?P?@G??@?CO?CO?K????S???????A??@???G?????G?CC??_?O?A???O?C??C@?G??_O??????H??_I???_?@?c?@??????_C?W??GC???O?K?G?????A???????GA@??G???GAO??A???O????@??K???OGC???G@_G??CO??G?@O?????AC??G????_?A??W?O???_?G?Q?@O???_??_?@CC?C?GI??????A???C?G?C?G?B??@????W????GGA??A?G????@?G??_G???O_?C?@?O??O?A????_@?CG????A?@?@A?C??_?@??@_?AD????CI?????????_??_GW???CO?_??A?A?,[(53-61)-(52-69)-(47-56)-(44-60)-(41-43)-(38-45)-(35-67)-(32-55)-(31-34)-(30-58)-(29-42)-(27-28)-(26-68)-(25-62)-(24-64)-(23-46)-(22-59)-(21-40)-(20-63)-(19-50)-(18-65)-(15-36)-(14-57)-(13-39)-(12-37)-(11-54)-(10-51)-(9-66)-(8-49)-(7-48)-(5-6)-(4-16)-(2-33)-(1-3)-(0-17)],0.00039696693420410156,0.06159162521362305,3,True,0
~?@EEO?G????????O??cAGGGA?A?@???O????O?a???C?G?_O?G?P?@G??@?CO?CO?K????S???????A??@???G?????G?CC??_?O?A???O?C??C@?G??_O??????H??_I???_?@?c?@??????_C?W??GC???O?K?G?????A???????GA@??G???GAO??A???O????@??K???OGC???G@_G??CO??G?@O?????AC??G????_?A??W?O???_?G?Q?@O???_??_?@CC?C?GI??????A???C?G?C?G?B??@????W????GGA??A?G????@?G??_G???O_?C?@?O??O?A????_@?CG????A?@?@A?C??_?@??@_?AD????CI?????????_??_GW???CO?_??A?A?,[(53-61)-(52-69)-(47-56)-(44-60)-(41-58)-(38-45)-(35-67)-(32-55)-(31-34)-(30-43)-(29-42)-(27-28)-(26-68)-(25-62)-(24-64)-(23-46)-(22-59)-(21-40)-(20-63)-(19-50)-(18-65)-(15-36)-(14-57)-(13-39)-(12-37)-(11-54)-(10-51)-(9-66)-(8-49)-(7-48)-(5-6)-(4-16)-(2-33)-(1-3)-(0-17)],0.0003886222839355469,0.045183420181274414,2,True,0
~?@EEO?G????????O??cAGGGA?A?@???O????O?a???C?G?_O?G?P?@G??@?CO?CO?K????S???????A??@???G?????G?CC??_?O?A???O?C??C@?G??_O??????H??_I???_?@?c?@??????_C?W??GC???O?K?G?????A???????GA@??G???GAO??A???O????@??K???OGC???G@_G??CO??G?@O?????AC??G????_?A??W?O???_?G?Q?@O???_??_?@CC?C?GI??????A???C?G?C?G?B??@????W????GGA??A?G????@?G??_G???O_?C?@?O??O?A????_@?CG????A?@?@A?C??_?@??@_?AD????CI?????????_??_GW???CO?_??A?A?,[(53-61)-(52-69)-(47-56)-(44-60)-(41-58)-(38-45)-(35-67)-(32-55)-(31-34)-(30-43)-(29-42)-(27-28)-(26-68)-(25-62)-(24-64)-(23-46)-(22-59)-(21-40)-(20-63)-(19-50)-(18-65)-(15-36)-(14-57)-(13-39)-(12-37)-(11-54)-(10-51)-(9-66)-(8-49)-(7-48)-(5-6)-(4-16)-(2-33)-(1-3)-(0-17)],0.0003840923309326172,0.028235912322998047,1,True,0
~?@EEO?G????????O??cAGGGA?A?@???O????O?a???C?G?_O?G?P?@G??@?CO?CO?K????S???????A??@???G?????G?CC??_?O?A???O?C??C@?G??_O??????H??_I???_?@?c?@??????_C?W??GC???O?K?G?????A???????GA@??G???GAO??A???O????@??K???OGC???G@_G??CO??G?@O?????AC??G????_?A??W?O???_?G?Q?@O???_??_?@CC?C?GI??????A???C?G?C?G?B??@????W????GGA??A?G????@?G??_G???O_?C?@?O??O?A????_@?CG????A?@?@A?C??_?@??@_?AD????CI?????????_??_GW???CO?_??A?A?,[(53-61)-(52-69)-(47-56)-(45-64)-(44-60)-(41-43)-(35-67)-(32-55)-(31-34)-(30-58)-(29-42)-(28-38)-(26-68)-(25-62)-(24-27)-(23-46)-(22-59)-(21-40)-(20-63)-(19-50)-(18-65)-(15-36)-(14-57)-(13-39)-(12-37)-(11-54)-(10-51)-(9-66)-(8-49)-(7-48)-(5-6)-(4-16)-(2-33)-(1-3)-(0-17)],0.0003898143768310547,0.0443267822265625,2,True,0
~?@EEO?G????????O??cAGGGA?A?@???O????O?a???C?G?_O?G?P?@G??@?CO?CO?K????S???????A??@???G?????G?CC??_?O?A???O?C??C@?G??_O??????H??_I???_?@?c?@??????_C?W??GC???O?K?G?????A???????GA@??G???GAO??A???O????@??K???OGC???G@_G??CO??G?@O?????AC??G????_?A??W?O???_?G?Q?@O???_??_?@CC?C?GI??????A???C?G?C?G?B??@????W????GGA??A?G????@?G??_G???O_?C?@?O??O?A????_@?CG????A?@?@A?C??_?@??@_?AD????CI?????????_??_GW???CO?_??A?A?,[(53-61)-(52-69)-(47-56)-(45-64)-(44-60)-(41-43)-(35-67)-(32-55)-(31-34)-(30-58)-(29-42)-(28-38)-(26-68)-(25-62)-(24-27)-(23-46)-(22-59)-(21-40)-(20-63)-(19-50)-(18-65)-(15-36)-(14-57)-(13-39)-(12-37)-(11-54)-(10-51)-(9-66)-(8-49)-(7-48)-(5-6)-(4-16)-(2-33)-(1-3)-(0-17)],0.00036454200744628906,0.06312727928161621,3,True,0
~?@EEO?G????????O??cAGGGA?A?@???O????O?a???C?G?_O?G?P?@G??@?CO?CO?K????S???????A??@???G?????G?CC??_?O?A???O?C??C@?G??_O??????H??_I???_?@?c?@??????_C?W??GC???O?K?G?????A???????GA@??G???GAO??A???O????@??K???OGC???G@_G??CO??G?@O?????AC??G????_?A??W?O???_?G?Q?@O???_??_?@CC?C?GI??????A???C?G?C?G?B??@????W????GGA??A?G????@?G??_G???O_?C?@?O??O?A????_@?CG????A?@?@A?C??_?@??@_?AD????CI?????????_??_GW???CO?_??A?A?,[(53-61)-(52-69)-(47-56)-(45-64)-(44-60)-(41-58)-(35-67)-(32-55)-(31-34)-(30-43)-(29-42)-(28-38)-(26-68)-(25-62)-(24-27)-(23-46)-(22-59)-(21-40)-(20-63)-(19-50)-(18-65)-(15-36)-(14-57)-(13-39)-(12-37)-(11-54)-(10-51)-(9-66)-(8-49)-(7-48)-(5-6)-(4-16)-(2-33)-(1-3)-(0-17)],0.0003657341003417969,0.028288841247558594,1,True,0
~?@EEO?G????????O??cAGGGA?A?@???O????O?a???C?G?_O?G?P?@G??@?CO?CO?K????S???????A??@???G?????G?CC??_?O?A???O?C??C@?G??_O??????H??_I???_?@?c?@??????_C?W??GC???O?K?G?????A???????GA@??G???GAO??A???O????@??K???OGC???G@_G??CO??G?@O?????AC??G????_?A??W?O???_?G?Q?@O???_??_?@CC?C?GI??????A???C?G?C?G?B??@????W????GGA??A?G????@?G??_G???O_?C?@?O??O?A????_@?CG????A?@?@A?C??_?@??@_?AD????CI?????????_??_GW???CO?_??A?A?,[(53-61)-(52-69)-(47-56)-(45-64)-(44-60)-(41-58)-(35-67)-(32-55)-(31-34)-(30-43)-(29-42)-(28-38)-(26-68)-(25-62)-(24-27)-(23-46)-(22-59)-(21-40)-(20-63)-(19-50)-(18-65)-(15-36)-(14-57)-(13-39)-(12-37)-(11-54)-(10-51)-(9-66)-(8-49)-(7-48)-(5-6)-(4-16)-(2-33)-(1-3)-(0-17)],0.0003514289855957031,0.04415726661682129,2,True,0
~?@EEO?G????????O??cAGGGA?A?@???O????O?a???C?G?_O?G?P?@G??@?CO?CO?K????S???????A??@???G?????G?CC??_?O?A???O?C??C@?G??_O??????H??_I???_?@?c?@??????_C?W??GC???O?K?G?????A???????GA@??G???GAO??A???O????@??K???OGC???G@_G??CO??G?@O?????AC??G????_?A??W?O???_?G?Q?@O???_??_?@CC?C?GI??????A???C?G?C?G?B??@????W????GGA??A?G????@?G??_G???O_?C?@?O??O?A????_@?CG????A?@?@A?C??_?@??@_?AD????CI?????????_??_GW???CO?_??A?A?,[(52-69)-(47-56)-(46-63)-(44-60)-(41-43)-(38-45)-(35-67)-(32-53)-(31-34)-(30-58)-(29-42)-(28-50)-(26-68)-(25-62)-(24-64)-(23-27)-(22-59)-(21-40)-(20-61)-(19-55)-(18-65)-(15-36)-(14-57)-(13-39)-(12-37)-(11-54)-(10-51)-(9-66)-(8-49)-(7-48)-(5-6)-(4-16)-(2-33)-(1-3)-(0-17)],0.0003631114959716797,0.026905059814453125,1,True,0
~?@EEO?G????????O??cAGGGA?A?@???O????O?a???C?G?_O?G?P?@G??@?CO?CO?K????S???????A??@???G?????G?CC??_?O?A???O?C??C@?G??_O??????H??_I???_?@?c?@??????_C?W??GC???O?K?G?????A???????GA@??G???GAO??A???O????@??K???OGC???G@_G??CO??G?@O?????AC??G????_?A??W?O???_?G?Q?@O???_??_?@CC?C?GI??????A???C?G?C?G?B??@????W????GGA??A?G????@?G??_G???O_?C?@?O??O?A????_@?CG????A?@?@A?C??_?@??@_?AD????CI?????????_??_GW???CO?_??A?A?,[(52-69)-(47-56)-(46-63)-(44-60)-(41-43)-(38-45)-(35-67)-(32-53)-(31-34)-(30-58)-(29-42)-(28-50)-(26-68)-(25-62)-(24-64)-(23-27)-(22-59)-(21-40)-(20-61)-(19-55)-(18-65)-(15-36)-(14-57)-(13-39)-(12-37)-(11-54)-(10-51)-(9-66)-(8-49)-(7-48)-(5-6)-(4-16)-(2-33)-(1-3)-(0-17)],0.0003910064697265625,0.018938064575195312,1,True,0
~?@EEO?G????????O??cAGGGA?A?@???O????O?a???C?G?_O?G?P?@G??@?CO?CO?K????S???????A??@???G?????G?CC??_?O?A???O?C??C@?G??_O??????H??_I???_?@?c?@??????_C?W??GC???O?K?G?????A???????GA@??G???GAO??A???O????@??K???OGC???G@_G??CO??G?@O?????AC??G????_?A??W?O???_?G?Q?@O???_??_?@CC?C?GI??????A???C?G?C?G?B??@????W????GGA??A?G????@?G??_G???O_?C?@?O??O?A????_@?CG????A?@?@A?C??_?@??@_?AD????CI?????????_??_GW???CO?_??A?A?,[(52-69)-(47-56)-(46-63)-(44-60)-(41-58)-(38-45)-(35-67)-(32-53)-(31-34)-(30-43)-(29-42)-(28-50)-(26-68)-(25-62)-(24-64)-(23-27)-(22-59)-(21-40)-(20-61)-(19-55)-(18-65)-(15-36)-(14-57)-(13-39)-(12-37)-(11-54)-(10-51)-(9-66)-(8-49)-(7-48)-(5-6)-(4-16)-(2-33)-(1-3)-(0-17)],0.00040149688720703125,0.02774190902709961,1,True,0
~?@EEO?G????????O??cAGGGA?A?@???O????O?a???C?G?_O?G?P?@G??@?CO?CO?K????S???????A??@???G?????G?CC??_?O?A???O?C??C@?G??_O??????H??_I???_?@?c?@??????_C?W??GC???O?K?G?????A???????GA@??G???GAO??A???O????@??K???OGC???G@_G??CO??G?@O?????AC??G????_?A??W?O???_?G?Q?@O???_??_?@CC?C?GI??????A???C?G?C?G?B??@????W????GGA??A?G????@?G??_G???O_?C?@?O??O?A????_@?CG????A?@?@A?C??_?@??@_?AD????CI?????????_??_GW???CO?_??A?A?,[(52-69)-(47-56)-(46-63)-(44-60)-(41-58)-(38-45)-(35-67)-(32-53)-(31-34)-(30-43)-(29-42)-(28-50)-(26-68)-(25-62)-(24-64)-(23-27)-(22-59)-(21-40)-(20-61)-(19-55)-(18-65)-(15-36)-(14-57)-(13-39)-(12-37)-(11-54)-(10-51)-(9-66)-(8-49)-(7-48)-(5-6)-(4-16)-(2-33)-(1-3)-(0-17)],0.0003619194030761719,0.027536630630493164,1,True,0
~?@EG???GO??C?O???@???????O?_??????CE@???????GD?_???G?G??_?@????@_??C??C??O?FO?A?E????O???@_?C?S??@P??@O???C??Ka???????G?@G?_O??AA??A??@???D??ACG@@?_A???????A?_C?G??A?OA@???X???_???GG?????????_?C?C????C?@O?OC?GO@?_?????c???O?G?G?????CA???G??K??H?_G???C@_O??????Q??O??OA????G?I?????S`?????G?G?O???G_?O?A???A@C????A??GO?C?_?@O??C?GA?????ACO??E??c????A?????C?`??a??G??_???G?G_??I???_G?_??AG????AG@??A??a@?_????,[(61-68)-(57-67)-(55-62)-(53-58)-(47-60)-(46-63)-(43-59)-(42-44)-(37-49)-(35-40)-(31-39)-(29-45)-(27-28)-(26-32)-(24-69)-(23-65)-(22-41)-(21-56)-(19-30)-(18-25)-(15-51)-(14-52)-(13-16)-(12-36)-(11-54)-(10-34)-(9-33)-(8-17)-(7-50)-(6-20)-(5-66)-(4-38)-(3-64)-(1-2)-(0-48)],0.00039315223693847656,0.029995203018188477,1,True,0
~?@EG???GO??C?O???@???????O?_??????CE@???????GD?_???G?G??_?@????@_??C??C??O?FO?A?E????O???@_?C?S??@P??@O???C??Ka???????G?@G?_O??AA??A??@???D??ACG@@?_A???????A?_C?G??A?OA@???X???_???GG?????????_?C?C????C?@O?OC?GO@?_?????c???O?G?G?????CA???G??K??H?_G???C@_O??????Q??O??OA????G?I?????S`?????G?G?O???G_?O?A???A@C????A??GO?C?_?@O??C?GA?????ACO??E??c????A?????C?`??a??G??_???G?G_??I???_G?_??AG????AG@??A??a@?_????,[(61-68)-(57-67)-(55-62)-(53-58)-(47-60)-(46-63)-(43-59)-(42-44)-(37-49)-(35-40)-(31-39)-(29-45)-(27-28)-(26-32)-(24-69)-(23-65)-(22-41)-(21-56)-(19-30)-(18-25)-(15-51)-(14-52)-(13-16)-(12-36)-(11-54)-(10-34)-(9-33)-(8-17)-(7-50)-(6-20)-(5-66)-(4-38)-(3-64)-(1-2)-(0-48)],0.00041031837463378906,0.027383804321289062,1,True,0
~?@EG???GO??C?O???@???????O?_??????CE@???????GD?_???G?G??_?@????@_??C??C??O?FO?A?E????O???@_?C?S??@P??@O???C??Ka???????G?@G?_O??AA??A??@???D??ACG@@?_A???????A?_C?G??A?OA@???X???_???GG?????????_?C?C????C?@O?OC?GO@?_?????c???O?G?G?????CA???G??K??H?_G???C@_O??????Q??O??OA????G?I?????S`?????G?G?O???G_?O?A???A@C????A??GO?C?_?@O??C?GA?????ACO??E??c????A?????C?`??a??G??_???G?G_??I???_G?_??AG????AG@??A??a@?_????,[(61-68)-(57-67)-(55-62)-(53-58)-(47-60)-(45-49)-(43-59)-(42-44)-(37-63)-(35-40)-(31-39)-(29-46)-(27-28)-(26-32)-(24-69)-(23-65)-(22-41)-(21-56)-(19-30)-(18-25)-(15-51)-(14-52)-(13-16)-(12-36)-(11-54)-(10-34)-(9-33)-(8-17)-(7-50)-(6-20)-(5-66)-(4-38)-(3-64)-(1-2)-(0-48)],0.0004317760467529297,0.019226789474487305,1,True,0
~?@EG???GO??C?O???@???????O?_??????CE@???????GD?_???G?G??_?@????@_??C??C??O?FO?A?E????O???@_?C?S??@P??@O???C??Ka???????G?@G?_O??AA??A??@???D??ACG@@?_A???????A?_C?G??A?OA@???X???_???GG?????????_?C?C????C?@O?OC?GO@?_?????c???O?G?G?????CA???G??K??H?_G???C@_O??????Q??O??OA????G?I?????S`?????G?G?O???G_?O?A???A@C????A??GO?C?_?@O??C?GA?????ACO??E??c????A?????C?`??a??G??_???G?G_??I???_G?_??AG????AG@??A??a@?_????,[(61-68)-(57-67)-(55-62)-(53-58)-(47-60)-(45-49)-(43-59)-(42-44)-(37-63)-(35-40)-(31-39)-(29-46)-(27-28)-(26-32)-(24-69)-(23-65)-(22-41)-(21-56)-(19-30)-(18-25)-(15-51)-(14-52)-(13-16)-(12-36)-(11-54)-(10-34)-(9-33)-(8-17)-(7-50)-(6-20)-(5-66)-(4-38)-(3-64)-(1-2)-(0-48)],0.00039315223693847656,0.01872563362121582,1,True,0
~?@EG???GO??C?O???@???????O?_??????CE@???????GD?_???G?G??_?@????@_??C??C??O?FO?A?E????O???@_?C?S??@P??@O???C??Ka???????G?@G?_O??AA??A??@???D??ACG@@?_A???????A?_C?G??A?OA@???X???_???GG?????????_?C?C????C?@O?OC?GO@?_?????c???O?G?G?????CA???G??K??H?_G???C@_O??????Q??O??OA????G?I?????S`?????G?G?O???G_?O?A???A@C????A??GO?C?_?@O??C?GA?????ACO??E??c????A?????C?`??a??G??_???G?G_??I???_G?_??AG????AG@??A??a@?_????,[(61-68)-(55-62)-(53-58)-(47-59)-(46-63)-(42-44)-(40-60)-(39-67)-(37-49)-(32-57)-(29-45)-(28-31)-(27-43)-(26-35)-(24-69)-(23-65)-(22-41)-(21-56)-(19-30)-(18-25)-(15-51)-(14-52)-(13-16)-(12-36)-(11-54)-(10-34)-(9-33)-(8-17)-(7-50)-(6-20)-(5-66)-(4-38)-(3-64)-(1-2)-(0-48)],0.0003540515899658203,0.018841028213500977,1,True,0
~?@EG???GO??C?O???@???????O?_??????CE@???????GD?_???G?G??_?@????@_??C??C??O?FO?A?E????O???@_?C?S??@P??@O???C??Ka???????G?@G?_O??AA??A??@???D??ACG@@?_A???????A?_C?G??A?OA@???X???_???GG?????????_?C?C????C?@O?OC?GO@?_?????c???O?G?G?????CA???G??K??H?_G???C@_O??????Q??O??OA????G?I?????S`?????G?G?O???G_?O?A???A@C????A??GO?C?_?@O??C?GA?????ACO??E??c????A?????C?`??a??G??_???G?G_??I???_G?_??AG????AG@??A??a@?_????,[(61-68)-(55-62)-(53-58)-(47-59)-(46-63)-(42-44)-(40-60)-(39-67)-(37-49)-(32-57)-(29-45)-(28-31)-(27-43)-(26-35)-(24-69)-(23-65)-(22-41)-(21-56)-(19-30)-(18-25)-(15-51)-(14-52)-(13-16)-(12-36)-(11-54)-(10-34)-(9-33)-(8-17)-(7-50)-(6-20)-(5-66)-(4-38)-(3-64)-(1-2)-(0-48)],0.0003662109375,0.027714014053344727,1,True,0
~?@EG???GO??C?O???@???????O?_??????CE@???????GD?_???G?G??_?@????@_??C??C??O?FO?A?E????O???@_?C?S??@P??@O???C??Ka???????G?@G?_O??AA??A??@???D??ACG@@?_A???????A?_C?G??A?OA@???X???_???GG?????????_?C?C????C?@O?OC?GO@?_?????c???O?G?G?????CA???G??K??H?_G???C@_O??????Q??O??OA????G?I?????S`?????G?G?O???G_?O?A???A@C????A??GO?C?_?@O??C?GA?????ACO??E??c????A?????C?`??a??G??_???G?G_??I???_G?_??AG????AG@??A??a@?_????,[(61-68)-(55-62)-(53-58)-(47-59)-(45-49)-(42-44)-(40-60)-(39-67)-(37-63)-(32-57)-(29-46)-(28-31)-(27-43)-(26-35)-(24-69)-(23-65)-(22-41)-(21-56)-(19-30)-(18-25)-(15-51)-(14-52)-(13-16)-(12-36)-(11-54)-(10-34)-(9-33)-(8-17)-(7-50)-(6-20)-(5-66)-(4-38)-(3-64)-(1-2)-(0-48)],0.0003521442413330078,0.04417300224304199,2,True,0
~?@EG???GO??C?O???@???????O?_??????CE@???????GD?_???G?G??_?@????@_??C??C??O?FO?A?E????O???@_?C?S??@P??@O???C??Ka???????G?@G?_O??AA??A??@???D??ACG@@?_A???????A?_C?G??A?OA@???X???_???GG?????????_?C?C????C?@O?OC?GO@?_?????c???O?G?G?????CA???G??K??H?_G???C@_O??????Q??O??OA????G?I?????S`?????G?G?O???G_?O?A???A@C????A??GO?C?_?@O??C?GA?????ACO??E??c????A?????C?`??a??G??_???G?G_??I???_G?_??AG????AG@??A??a@?_????,[(61-68)-(55-62)-(53-58)-(47-59)-(45-49)-(42-44)-(40-60)-(39-67)-(37-63)-(32-57)-(29-46)-(28-31)-(27-43)-(26-35)-(24-69)-(23-65)-(22-41)-(21-56)-(19-30)-(18-25)-(15-51)-(14-52)-(13-16)-(12-36)-(11-54)-(10-34)-(9-33)-(8-17)-(7-50)-(6-20)-(5-66)-(4-38)-(3-64)-(1-2)-(0-48)],0.0003650188446044922,0.028085708618164062,1,True,0
~?@EG???GO??C?O???@???????O?_??????CE@???????GD?_???G?G??_?@????@_??C??C??O?FO?A?E????O???@_?C?S??@P??@O???C??Ka???????G?@G?_O??AA??A??@???D??ACG@@?_A???????A?_C?G??A?OA@???X???_???GG?????????_?C?C????C?@O?OC?GO@?_?????c???O?G?G?????CA???G??K??H?_G???C@_O??????Q??O??OA????G?I?????S`?????G?G?O???G_?O?A???A@C????A??GO?C?_?@O??C?GA?????ACO??E??c????A?????C?`??a??G??_???G?G_??I???_G?_??AG????AG@??A??a@?_????,[(61-68)-(55-62)-(53-58)-(47-67)-(46-63)-(43-59)-(42-44)-(40-60)-(37-49)-(32-57)-(31-39)-(29-45)-(27-28)-(26-35)-(24-69)-(23-65)-(22-41)-(21-56)-(19-30)-(18-25)-(15-51)-(14-52)-(13-16)-(12-36)-(11-54)-(10-34)-(9-33)-(8-17)-(7-50)-(6-20)-(5-66)-(4-38)-(3-64)-(1-2)-(0-48)],0.0003752708435058594,0.02815556526184082,1,True,0
~?@EG???GO??C?O???@???????O?_??????CE@???????GD?_???G?G??_?@????@_??C??C??O?FO?A?E????O???@_?C?S??@P??@O???C??Ka???????G?@G?_O??AA??A??@???D??ACG@@?_A???????A?_C?G??A?OA@???X???_???GG?????????_?C?C????C?@O?OC?GO@?_?????c???O?G?G?????CA???G??K??H?_G???C@_O??????Q??O??OA????G?I?????S`?????G?G?O???G_?O?A???A@C????A??GO?C?_?@O??C?GA?????ACO??E??c????A?????C?`??a??G??_???G?G_??I???_G?_??AG????AG@??A??a@?_????,[(61-68)-(55-62)-(53-58)-(47-67)-(46-63)-(43-59)-(42-44)-(40-60)-(37-49)-(32-57)-(31-39)-(29-45)-(27-28)-(26-35)-(24-69)-(23-65)-(22-41)-(21-56)-(19-30)-(18-25)-(15-51)-(14-52)-(13-16)-(12-36)-(11-54)-(10-34)-(9-33)-(8-17)-(7-50)-(6-20)-(5-66)-(4-38)-(3-64)-(1-2)-(0-48)],0.00038552284240722656,0.01875162124633789,1,True,0
~?@EG???GO??C?O???@???????O?_??????CE@???????GD?_???G?G??_?@????@_??C??C??O?FO?A?E????O???@_?C?S??@P??@O???C??Ka???????G?@G?_O??AA??A??@???D??ACG@@?_A???????A?_C?G??A?OA@???X???_???GG?????????_?C?C????C?@O?OC?GO@?_?????c???O?G?G?????CA???G??K??H?_G???C@_O??????Q??O??OA????G?I?????S`?????G?G?O???G_?O?A???A@C????A??GO?C?_?@O??C?GA?????ACO??E??c????A?????C?`??a??G??_???G?G_??I???_G?_??AG????AG@??A??a@?_????,[(61-68)-(55-62)-(53-58)-(47-67)-(45-49)-(43-59)-(42-44)-(40-60)-(37-63)-(32-57)-(31-39)-(29-46)-(27-28)-(26-35)-(24-69)-(23-65)-(22-41)-(21-56)-(19-30)-(18-25)-(15-51)-(14-52)-(13-16)-(12-36)-(11-54)-(10-34)-(9-33)-(8-17)-(7-50)-(6-20)-(5-66)-(4-38)-(3-64)-(1-2)-(0-48)],0.0003669261932373047,0.02817511558532715,1,True,0
~?@EG???GO??C?O???@???????O?_??????CE@???????GD?_???G?G??_?@????@_??C??C??O?FO?A?E????O???@_?C?S??@P??@O???C??Ka???????G?@G?_O??AA??A??@???D??ACG@@?_A???????A?_C?G??A?OA@???X???_???GG?????????_?C?C????C?@O?OC?GO@?_?????c???O?G?G?????CA???G??K??H?_G???C@_O??????Q??O??OA????G?I?????S`?????G?G?O???G_?O?A???A@C????A??GO?C?_?@O??C?GA?????ACO??E??c????A?????C?`??a??G??_???G?G_??I???_G?_??AG????AG@??A??a@?_????,[(61-68)-(55-62)-(53-58)-(47-67)-(45-49)-(43-59)-(42-44)-(40-60)-(37-63)-(32-57)-(31-39)-(29-46)-(27-28)-(26-35)-(24-69)-(23-65)-(22-41)-(21-56)-(19-30)-(18-25)-(15-51)-(14-52)-(13-16)-(12-36)-(11-54)-(10-34)-(9-33)-(8-17)-(7-50)-(6-20)-(5-66)-(4-38)-(3-64)-(1-2)-(0-48)],0.0003731250762939453,0.02793717384338379,1,True,0
~?@EG???GO??C?O???@???????O?_??????CE@???????GD?_???G?G??_?@????@_??C??C??O?FO?A?E????O???@_?C?S??@P??@O???C??Ka???????G?@G?_O??AA??A??@???D??ACG@@?_A???????A?_C?G??A?OA@???X???_???GG?????????_?C?C????C?@O?OC?GO@?_?????c???O?G?G?????CA???G??K??H?_G???C@_O??????Q??O??OA????G?I?????S`?????G?G?O???G_?O?A???A@C????A??GO?C?_?@O??C?GA?????ACO??E??c????A?????C?`??a??G??_???G?G_??I???_G?_??AG????AG@??A??a@?_????,[(61-68)-(57-67)-(55-62)-(53-58)-(47-59)-(42-63)-(40-60)-(37-49)-(35-46)-(31-39)-(29-45)-(28-69)-(27-43)-(26-32)-(24-44)-(23-65)-(22-41)-(21-56)-(19-30)-(18-25)-(15-51)-(14-52)-(13-16)-(12-36)-(11-54)-(10-34)-(9-33)-(8-17)-(7-50)-(6-20)-(5-66)-(4-38)-(3-64)-(1-2)-(0-48)],0.0003743171691894531,0.02782297134399414,1,True,0
~?@EG???GO??C?O???@???????O?_??????CE@???????GD?_???G?G??_?@????@_??C??C??O?FO?A?E????O???@_?C?S??@P??@O???C??Ka???????G?@G?_O??AA??A??@???D??ACG@@?_A???????A?_C?G??A?OA@???X???_???GG?????????_?C?C????C?@O?OC?GO@?_?????c???O?G?G?????CA???G??K??H?_G???C@_O??????Q??O??OA????G?I?????S`?????G?G?O???G_?O?A???A@C????A??GO?C?_?@O??C?GA?????ACO??E??c????A?????C?`??a??G??_???G?G_??I???_G?_??AG????AG@??A??a@?_????,[(61-68)-(57-67)-(55-62)-(53-58)-(47-59)-(42-63)-(40-60)-(37-49)-(35-46)-(31-39)-(29-45)-(28-69)-(27-43)-(26-32)-(24-44)-(23-65)-(22-41)-(21-56)-(19-30)-(18-25)-(15-51)-(14-52)-(13-16)-(12-36)-(11-54)-(10-34)-(9-33)-(8-17)-(7-50)-(6-20)-(5-66)-(4-38)-(3-64)-(1-2)-(0-48)],0.00035691261291503906,0.06322526931762695,3,True,0
~?@EG???GO??C?O???@???????O?_??????CE@???????GD?_???G?G??_?@????@_??C??C??O?FO?A?E????O???@_?C?S??@P??@O???C??Ka???????G?@G?_O??AA??A??@???D??ACG@@?_A???????A?_C?G??A?OA@???X???_???GG?????????_?C?C????C?@O?OC?GO@?_?????c???O?G?G?????CA???G??K??H?_G???C@_O??????Q??O??OA????G?I?????S`?????G?G?O???G_?O?A???A@C????A??GO?C?_?@O??C?GA?????ACO??E??c????A?????C?`??a??G??_???G?G_??I???_G?_??AG????AG@??A??a@?_????,[(61-68)-(57-67)-(55-62)-(53-58)-(47-60)-(46-63)-(43-59)-(42-69)-(37-49)-(35-40)-(31-39)-(29-45)-(27-28)-(26-32)-(24-44)-(23-65)-(22-41)-(21-56)-(19-30)-(18-25)-(15-51)-(14-52)-(13-16)-(12-36)-(11-54)-(10-34)-(9-33)-(8-17)-(7-50)-(6-20)-(5-66)-(4-38)-(3-64)-(1-2)-(0-48)],0.0003781318664550781,0.06136155128479004,3,True,0
~?@EG???GO??C?O???@???????O?_??????CE@???????GD?_???G?G??_?@????@_??C??C??O?FO?A?E????O???@_?C?S??@P??@O???C??Ka???????G?@G?_O??AA??A??@???D??ACG@@?_A???????A?_C?G??A?OA@???X???_???GG?????????_?C?C????C?@O?OC?GO@?_?????c???O?G?G?????CA???G??K??H?_G???C@_O??????Q??O??OA????G?I?????S`?????G?G?O???G_?O?A???A@C????A??GO?C?_?@O??C?GA?????ACO??E??c????A?????C?`??a??G??_???G?G_??I???_G?_??AG????AG@??A??a@?_????,[(61-68)-(57-67)-(55-62)-(53-58)-(47-60)-(46-63)-(43-59)-(42-69)-(37-49)-(35-40)-(31-39)-(29-45)-(27-28)-(26-32)-(24-44)-(23-65)-(22-41)-(21-56)-(19-30)-(18-25)-(15-51)-(14-52)-(13-16)-(12-36)-(11-54)-(10-34)-(9-33)-(8-17)-(7-50)-(6-20)-(5-66)-(4-38)-(3-64)-(1-2)-(0-48)],0.0003662109375,0.028269052505493164,1,True,0
~?@EG???GO??C?O???@???????O?_??????CE@???????GD?_???G?G??_?@????@_??C??C??O?FO?A?E????O???@_?C?S??@P??@O???C??Ka???????G?@G?_O??AA??A??@???D??ACG@@?_A???????A?_C?G??A?OA@???X???_???GG?????????_?C?C????C?@O?OC?GO@?_?????c???O?G?G?????CA???G??K??H?_G???C@_O??????Q??O??OA????G?I?????S`?????G?G?O???G_?O?A???A@C????A??GO?C?_?@O??C?GA?????ACO??E??c????A?????C?`??a??G??_???G?G_??I???_G?_??AG????AG@??A??a@?_????,[(61-68)-(57-67)-(55-62)-(53-58)-(47-60)-(45-49)-(43-59)-(42-69)-(37-63)-(35-40)-(31-39)-(29-46)-(27-28)-(26-32)-(24-44)-(23-65)-(22-41)-(21-56)-(19-30)-(18-25)-(15-51)-(14-52)-(13-16)-(12-36)-(11-54)-(10-34)-(9-33)-(8-17)-(7-50)-(6-20)-(5-66)-(4-38)-(3-64)-(1-2)-(0-48)],0.00041174888610839844,0.028204679489135742,1,True,0
~?@EG???GO??C?O???@???????O?_??????CE@???????GD?_???G?G??_?@????@_??C??C??O?FO?A?E????O???@_?C?S??@P??@O???C??Ka???????G?@G?_O??AA??A??@???D??ACG@@?_A???????A?_C?G??A?OA@???X???_???GG?????????_?C?C????C?@O?OC?GO@?_?????c???O?G?G?????CA???G??K??H?_G???C@_O??????Q??O??OA????G?I?????S`?????G?G?O???G_?O?A???A@C????A??GO?C?_?@O??C?GA?????ACO??E??c????A?????C?`??a??G??_???G?G_??I???_G?_??AG????AG@??A??a@?_????,[(61-68)-(57-67)-(55-62)-(53-58)-(47-60)-(45-49)-(43-59)-(42-69)-(37-63)-(35-40)-(31-39)-(29-46)-(27-28)-(26-32)-(24-44)-(23-65)-(22-41)-(21-56)-(19-30)-(18-25)-(15-51)-(14-52)-(13-16)-(12-36)-(11-54)-(10-34)-(9-33)-(8-17)-(7-50)-(6-20)-(5-66)-(4-38)-(3-64)-(1-2)-(0-48)],0.00039958953857421875,0.028228759765625,1,True,0
~?@EG???GO??C?O???@???????O?_??????CE@???????GD?_???G?G??_?@????@_??C??C??O?FO?A?E????O???@_?C?S??@P??@O???C??Ka???????G?@G?_O??AA??A??@???D??ACG@@?_A???????A?_C?G??A?OA@???X???_???GG?????????_?C?C????C?@O?OC?GO@?_?????c???O?G?G?????CA???G??K??H?_G???C@_O??????Q??O??OA????G?I?????S`?????G?G?O???G_?O?A???A@C????A??GO?C?_?@O??C?GA?????ACO??E??c????A?????C?`??a??G??_???G?G_??I???_G?_??AG????AG@??A??a@?_????,[(61-68)-(55-62)-(53-58)-(47-59)-(46-63)-(42-69)-(40-60)-(39-67)-(37-49)-(32-57)-(29-45)-(28-31)-(27-43)-(26-35)-(24-44)-(23-65)-(22-41)-(21-56)-(19-30)-(18-25)-(15-51)-(14-52)-(13-16)-(12-36)-(11-54)-(10-34)-(9-33)-(8-17)-(7-50)-(6-20)-(5-66)-(4-38)-(3-64)-(1-2)-(0-48)],0.00037360191345214844,0.04469490051269531,2,True,0
~?@EG???GO??C?O???@???????O?_??????CE@???????GD?_???G?G??_?@????@_??C??C??O?FO?A?E????O???@_?C?S??@P??@O???C??Ka???????G?@G?_O??AA??A??@???D??ACG@@?_A???????A?_C?G??A?OA@???X???_???GG?????????_?C?C????C?@O?OC?GO@?_?????c???O?G?G?????CA???G??K??H?_G???C@_O??????Q??O??OA????G?I?????S`?????G?G?O???G_?O?A???A@C????A??GO?C?_?@O??C?GA?????ACO??E??c????A?????C?`??a??G??_???G?G_??I???_G?_??AG????AG@??A??a@?_????,[(61-68)-(55-62)-(53-58)-(47-59)-(46-63)-(42-69)-(40-60)-(39-67)-(37-49)-(32-57)-(29-45)-(28-31)-(27-43)-(26-35)-(24-44)-(23-65)-(22-41)-(21-56)-(19-30)-(18-25)-(15-51)-(14-52)-(13-16)-(12-36)-(11-54)-(10-34)-(9-33)-(8-17)-(7-50)-(6-20)-(5-66)-(4-38)-(3-64)-(1-2)-(0-48)],0.0003600120544433594,0.04431772232055664,2,True,0
~?@E??CO??????OC???OO?????A??A?A????CG???PA@O?_?HCG?O???_?O?_OA????G??_?????__?Q??___????a?COoO???@?@O??A_?O?K?????????????ACA?????CGAAG????O_A????OGGI????G????G??a???C???E??????????@`_G?G??O??E??_???D??????????_CC???????EO????@CQ?????AG?OA_??O?O??A?@???AG`A???G???W??O??@?DA??O??O?_???CA?C?A???@?O??W???O??O???????B@O??G???O?GCO??O?A??@__????OO?OA?G??G???W???DC???AG?G?_?A?@??G?A??C?CO_??A?C????S??????aA??,[(47-61)-(45-63)-(44-46)-(43-62)-(42-58)-(41-66)-(40-59)-(37-55)-(31-60)-(30-51)-(29-67)-(28-57)-(27-56)-(26-50)-(25-52)-(24-39)-(21-22)-(20-23)-(19-64)-(16-54)-(15-38)-(14-32)-(13-18)-(12-53)-(11-35)-(10-65)-(9-48)-(8-34)-(7-69)-(5-68)-(4-6)-(3-49)-(2-36)-(1-33)-(0-17)],0.0003681182861328125,0.01910853385925293,1,True,0
~?@E??CO??????OC???OO?????A??A?A????CG???PA@O?_?HCG?O???_?O?_OA????G??_?????__?Q??___????a?COoO???@?@O??A_?O?K?????????????ACA?????CGAAG????O_A????OGGI????G????G??a???C???E??????????@`_G?G??O??E??_???D??????????_CC???????EO????@CQ?????AG?OA_??O?O??A?@???AG`A???G???W??O??@?DA??O??O?_???CA?C?A???@?O??W???O??O???????B@O??G???O?GCO??O?A??@__????OO?OA?G??G???W???DC???AG?G?_?A?@??G?A??C?CO_??A?C????S??????aA??,[(47-61)-(45-63)-(44-46)-(43-62)-(42-58)-(41-66)-(40-59)-(37-55)-(31-60)-(30-51)-(29-67)-(28-57)-(27-56)-(26-50)-(25-52)-(24-39)-(21-22)-(20-23)-(19-64)-(16-54)-(15-38)-(14-32)-(13-18)-(12-53)-(11-35)-(10-65)-(9-48)-(8-34)-(7-69)-(5-68)-(4-6)-(3-49)-(2-36)-(1-33)-(0-17)],0.00034689903259277344,0.027382850646972656,1,True,0
~?@E??CO??????OC???OO?????A??A?A????CG???PA@O?_?HCG?O???_?O?_OA????G??_?????__?Q??___????a?COoO???@?@O??A_?O?K?????????????ACA?????CGAAG????O_A????OGGI????G????G??a???C???E??????????@`_G?G??O??E??_???D??????????_CC???????EO????@CQ?????AG?OA_??O?O??A?@???AG`A???G???W??O??@?DA??O??O?_???CA?C?A???@?O??W???O??O???????B@O??G???O?GCO??O?A??@__????OO?OA?G??G???W???DC???AG?G?_?A?@??G?A??C?CO_??A?C????S??????aA??,[(47-61)-(45-46)-(44-63)-(43-62)-(42-58)-(41-66)-(40-59)-(37-55)-(31-60)-(30-51)-(29-67)-(28-57)-(27-56)-(26-50)-(25-52)-(24-39)-(21-22)-(20-23)-(19-64)-(16-54)-(15-38)-(14-32)-(13-18)-(12-53)-(11-35)-(10-65)-(9-48)-(8-34)-(7-69)-(5-68)-(4-6)-(3-49)-(2-36)-(1-33)-(0-17)],0.000396728515625,0.019197463989257812,1,True,0
~?@E??CO??????OC???OO?????A??A?A????CG???PA@O?_?HCG?O???_?O?_OA????G??_?????__?Q??___????a?COoO???@?@O??A_?O?K?????????????ACA?????CGAAG????O_A????OGGI????G????G??a???C???E??????????@`_G?G??O??E??_???D??????????_CC???????EO????@CQ?????AG?OA_??O?O??A?@???AG`A???G???W??O??@?DA??O??O?_???CA?C?A???@?O??W???O??O???????B@O??G???O?GCO??O?A??@__????OO?OA?G??G???W???DC???AG?G?_?A?@??G?A??C?CO_??A?C????S??????aA??,[(47-61)-(45-46)-(44-63)-(43-62)-(42-58)-(41-66)-(40-59)-(37-55)-(31-60)-(30-51)-(29-67)-(28-57)-(27-56)-(26-50)-(25-52)-(24-39)-(21-22)-(20-23)-(19-64)-(16-54)-(15-38)-(14-32)-(13-18)-(12-53)-(11-35)-(10-65)-(9-48)-(8-34)-(7-69)-(5-68)-(4-6)-(3-49)-(2-36)-(1-33)-(0-17)],0.00039124488830566406,0.027788162231445312,1,True,0
~?@E??CO??????OC???OO?????A??A?A????CG???PA@O?_?HCG?O???_?O?_OA????G??_?????__?Q??___????a?COoO???@?@O??A_?O?K?????????????ACA?????CGAAG????O_A????OGGI????G????G??a???C???E??????????@`_G?G??O??E??_???D??????????_CC???????EO????@CQ?????AG?OA_??O?O??A?@???AG`A???G???W??O??@?DA??O??O?_???CA?C?A???@?O??W???O??O???????B@O??G???O?GCO??O?A??@__????OO?OA?G??G???W???DC???AG?G?_?A?@??G?A??C?CO_??A?C????S??????aA??,[(50-62)-(47-61)-(45-63)-(44-46)-(43-67)-(42-58)-(41-66)-(40-59)-(37-55)-(31-60)-(30-51)-(28-57)-(27-56)-(26-29)-(25-52)-(24-39)-(21-22)-(20-23)-(19-64)-(16-54)-(15-38)-(14-32)-(13-18)-(12-53)-(11-35)-(10-65)-(9-48)-(8-34)-(7-69)-(5-68)-(4-6)-(3-49)-(2-36)-(1-33)-(0-17)],0.00042057037353515625,0.02737736701965332,1,True,0
~?@E??CO??????OC???OO?????A??A?A????CG???PA@O?_?HCG?O???_?O?_OA????G??_?????__?Q??___????a?COoO???@?@O??A_?O?K?????????????ACA?????CGAAG????O_A????OGGI????G????G??a???C???E??????????@`_G?G??O??E??_???D??????????_CC???????EO????@CQ?????AG?OA_??O?O??A?@???AG`A???G???W??O??@?DA??O??O?_???CA?C?A???@?O??W???O??O???????B@O??G???O?GCO??O?A??@__????OO?OA?G??G???W???DC???AG?G?_?A?@??G?A??C?CO_??A?C????S??????aA??,[(50-62)-(47-61)-(45-63)-(44-46)-(43-67)-(42-58)-(41-66)-(40-59)-(37-55)-(31-60)-(30-51)-(28-57)-(27-56)-(26-29)-(25-52)-(24-39)-(21-22)-(20-23)-(19-64)-(16-54)-(15-38)-(14-32)-(13-18)-(12-53)-(11-35)-(10-65)-(9-48)-(8-34)-(7-69)-(5-68)-(4-6)-(3-49)-(2-36)-(1-33)-(0-17)],0.00036406517028808594,0.02828240394592285,1,True,0
~?@E??CO??????OC???OO?????A??A?A????CG???PA@O?_?HCG?O???_?O?_OA????G??_?????__?Q??___????a?COoO???@?@O??A_?O?K?????????????ACA?????CGAAG????O_A????OGGI????G????G??a???C???E??????????@`_G?G??O??E??_???D??????????_CC???????EO????@CQ?????AG?OA_??O?O??A?@???AG`A???G???W??O??@?DA??O??O?_???CA?C?A???@?O??W???O??O???????B@O??G???O?GCO??O?A??@__????OO?OA?G??G???W???DC???AG?G?_?A?@??G?A??C?CO_??A?C????S??????aA??,[(50-62)-(47-61)-(45-46)-(44-63)-(43-67)-(42-58)-(41-66)-(40-59)-(37-55)-(31-60)-(30-51)-(28-57)-(27-56)-(26-29)-(25-52)-(24-39)-(21-22)-(20-23)-(19-64)-(16-54)-(15-38)-(14-32)-(13-18)-(12-53)-(11-35)-(10-65)-(9-48)-(8-34)-(7-69)-(5-68)-(4-6)-(3-49)-(2-36)-(1-33)-(0-17)],0.0003769397735595703,0.04440712928771973,2,True,0
~?@E??CO??????OC???OO?????A??A?A????CG???PA@O?_?HCG?O???_?O?_OA????G??_?????__?Q??___????a?COoO???@?@O??A_?O?K?????????????ACA?????CGAAG????O_A????OGGI????G????G??a???C???E??????????@`_G?G??O??E??_???D??????????_CC???????EO????@CQ?????AG?OA_??O?O??A?@???AG`A???G???W??O??@?DA??O??O?_???CA?C?A???@?O??W???O??O???????B@O??G???O?GCO??O?A??@__????OO?OA?G??G???W???DC???AG?G?_?A?@??G?A??C?CO_??A?C????S??????aA??,[(50-62)-(47-61)-(45-46)-(44-63)-(43-67)-(42-58)-(41-66)-(40-59)-(37-55)-(31-60)-(30-51)-(28-57)-(27-56)-(26-29)-(25-52)-(24-39)-(21-22)-(20-23)-(19-64)-(16-54)-(15-38)-(14-32)-(13-18)-(12-53)-(11-35)-(10-65)-(9-48)-(8-34)-(7-69)-(5-68)-(4-6)-(3-49)-(2-36)-(1-33)-(0-17)],0.0003657341003417969,0.028052091598510742,1,True,0
~?@E??CO??????OC???OO?????A??A?A????CG???PA@O?_?HCG?O???_?O?_OA????G??_?????__?Q??___????a?COoO???@?@O??A_?O?K?????????????ACA?????CGAAG????O_A????OGGI????G????G??a???C???E??????????@`_G?G??O??E??_???D??????????_CC???????EO????@CQ?????AG?OA_??O?O??A?@???AG`A???G???W??O??@?DA??O??O?_???CA?C?A???@?O??W???O??O???????B@O??G???O?GCO??O?A??@__????OO?OA?G??G???W???DC???AG?G?_?A?@??G?A??C?CO_??A?C????S??????aA??,[(47-61)-(45-63)-(44-46)-(43-62)-(42-58)-(41-66)-(40-59)-(37-64)-(31-60)-(30-51)-(29-67)-(28-57)-(27-56)-(26-50)-(25-52)-(24-39)-(21-22)-(20-23)-(19-55)-(16-54)-(15-38)-(14-32)-(13-18)-(12-53)-(11-35)-(10-65)-(9-48)-(8-34)-(7-69)-(5-68)-(4-6)-(3-49)-(2-36)-(1-33)-(0-17)],0.000385284423828125,0.01817774772644043,1,True,0
~?@E??CO??????OC???OO?????A??A?A????CG???PA@O?_?HCG?O???_?O?_OA????G??_?????__?Q??___????a?COoO???@?@O??A_?O?K?????????????ACA?????CGAAG????O_A????OGGI????G????G??a???C???E??????????@`_G?G??O??E??_???D??????????_CC???????EO????@CQ?????AG?OA_??O?O??A?@???AG`A???G???W??O??@?DA??O??O?_???CA?C?A???@?O??W???O??O???????B@O??G???O?GCO??O?A??@__????OO?OA?G??G???W???DC???AG?G?_?A?@??G?A??C?CO_??A?C????S??????aA??,[(47-61)-(45-63)-(44-46)-(43-62)-(42-58)-(41-66)-(40-59)-(37-64)-(31-60)-(30-51)-(29-67)-(28-57)-(27-56)-(26-50)-(25-52)-(24-39)-(21-22)-(20-23)-(19-55)-(16-54)-(15-38)-(14-32)-(13-18)-(12-53)-(11-35)-(10-65)-(9-48)-(8-34)-(7-69)-(5-68)-(4-6)-(3-49)-(2-36)-(1-33)-(0-17)],0.0003516674041748047,0.017914295196533203,1,True,0
~?@E??CO??????OC???OO?????A??A?A????CG???PA@O?_?HCG?O???_?O?_OA????G??_?????__?Q??___????a?COoO???@?@O??A_?O?K?????????????ACA?????CGAAG????O_A????OGGI????G????G??a???C???E??????????@`_G?G??O??E??_???D??????????_CC???????EO????@CQ?????AG?OA_??O?O??A?@???AG`A???G???W??O??@?DA??O??O?_???CA?C?A???@?O??W???O??O???????B@O??G???O?GCO??O?A??@__????OO?OA?G??G???W???DC???AG?G?_?A?@??G?A??C?CO_??A?C????S??????aA??,[(47-61)-(45-46)-(44-63)-(43-62)-(42-58)-(41-66)-(40-59)-(37-64)-(31-60)-(30-51)-(29-67)-(28-57)-(27-56)-(26-50)-(25-52)-(24-39)-(21-22)-(20-23)-(19-55)-(16-54)-(15-38)-(14-32)-(13-18)-(12-53)-(11-35)-(10-65)-(9-48)-(8-34)-(7-69)-(5-68)-(4-6)-(3-49)-(2-36)-(1-33)-(0-17)],0.0003523826599121094,0.019138813018798828,1,True,0
~?@E??CO??????OC???OO?????A??A?A????CG???PA@O?_?HCG?O???_?O?_OA????G??_?????__?Q??___????a?COoO???@?@O??A_?O?K?????????????ACA?????CGAAG????O_A????OGGI????G????G??a???C???E??????????@`_G?G??O??E??_???D??????????_CC???????EO????@CQ?????AG?OA_??O?O??A?@???AG`A???G???W??O??@?DA??O??O?_???CA?C?A???@?O??W???O??O???????B@O??G???O?GCO??O?A??@__????OO?OA?G??G???W???DC???AG?G?_?A?@??G?A??C?CO_??A?C????S??????aA??,[(47-61)-(45-46)-(44-63)-(43-62)-(42-58)-(41-66)-(40-59)-(37-64)-(31-60)-(30-51)-(29-67)-(28-57)-(27-56)-(26-50)-(25-52)-(24-39)-(21-22)-(20-23)-(19-55)-(16-54)-(15-38)-(14-32)-(13-18)-(12-53)-(11-35)-(10-65)-(9-48)-(8-34)-(7-69)-(5-68)-(4-6)-(3-49)-(2-36)-(1-33)-(0-17)],0.00036144256591796875,0.019323348999023438,1,True,0
~?@E??CO??????OC???OO?????A??A?A????CG???PA@O?_?HCG?O???_?O?_OA????G??_?????__?Q??___????a?COoO???@?@O??A_?O?K?????????????ACA?????CGAAG????O_A????OGGI????G????G??a???C???E??????????@`_G?G??O??E??_???D??????????_CC???????EO????@CQ?????AG?OA_??O?O??A?@???AG`A???G???W??O??@?DA??O??O?_???CA?C?A???@?O??W???O??O???????B@O??G???O?GCO??O?A??@__????OO?OA?G??G???W???DC???AG?G?_?A?@??G?A??C?CO_??A?C????S??????aA??,[(50-62)-(47-61)-(45-63)-(44-46)-(43-67)-(42-58)-(41-66)-(40-59)-(37-64)-(31-60)-(30-51)-(28-57)-(27-56)-(26-29)-(25-52)-(24-39)-(21-22)-(20-23)-(19-55)-(16-54)-(15-38)-(14-32)-(13-18)-(12-53)-(11-35)-(10-65)-(9-48)-(8-34)-(7-69)-(5-68)-(4-6)-(3-49)-(2-36)-(1-33)-(0-17)],0.00035858154296875,0.028242111206054688,1,True,0
~?@E??CO??????OC???OO?????A??A?A????CG???PA@O?_?HCG?O???_?O?_OA????G??_?????__?Q??___????a?COoO???@?@O??A_?O?K?????????????ACA?????CGAAG????O_A????OGGI????G????G??a???C???E??????????@`_G?G??O??E??_???D??????????_CC???????EO????@CQ?????AG?OA_??O?O??A?@???AG`A???G???W??O??@?DA??O??O?_???CA?C?A???@?O??W???O??O???????B@O??G???O?GCO??O?A??@__????OO?OA?G??G???W???DC???AG?G?_?A?@??G?A??C?CO_??A?C????S??????aA??,[(50-62)-(47-61)-(45-63)-(44-46)-(43-67)-(42-58)-(41-66)-(40-59)-(37-64)-(31-60)-(30-51)-(28-57)-(27-56)-(26-29)-(25-52)-(24-39)-(21-22)-(20-23)-(19-55)-(16-54)-(15-38)-(14-32)-(13-18)-(12-53)-(11-35)-(10-65)-(9-48)-(8-34)-(7-69)-(5-68)-(4-6)-(3-49)-(2-36)-(1-33)-(0-17)],0.0003693103790283203,0.028562545776367188,1,True,0
~?@E??CO??????OC???OO?????A??A?A????CG???PA@O?_?HCG?O???_?O?_OA????G??_?????__?Q??___????a?COoO???@?@O??A_?O?K?????????????ACA?????CGAAG????O_A????OGGI????G????G??a???C???E??????????@`_G?G??O??E??_???D??????????_CC???????EO????@CQ?????AG?OA_??O?O??A?@???AG`A???G???W??O??@?DA??O??O?_???CA?C?A???@?O??W???O??O???????B@O??G???O?GCO??O?A??@__????OO?OA?G??G???W???DC???AG?G?_?A?@??G?A??C?CO_??A?C????S??????aA??,[(50-62)-(47-61)-(45-46)-(44-63)-(43-67)-(42-58)-(41-66)-(40-59)-(37-64)-(31-60)-(30-51)-(28-57)-(27-56)-(26-29)-(25-52)-(24-39)-(21-22)-(20-23)-(19-55)-(16-54)-(15-38)-(14-32)-(13-18)-(12-53)-(11-35)-(10-65)-(9-48)-(8-34)-(7-69)-(5-68)-(4-6)-(3-49)-(2-36)-(1-33)-(0-17)],0.0003674030303955078,0.018969297409057617,1,True,0
~?@E??CO??????OC???OO?????A??A?A????CG???PA@O?_?HCG?O???_?O?_OA????G??_?????__?Q??___????a?COoO???@?@O??A_?O?K?????????????ACA?????CGAAG????O_A????OGGI????G????G??a???C???E??????????@`_G?G??O??E??_???D??????????_CC???????EO????@CQ?????AG?OA_??O?O??A?@???AG`A???G???W??O??@?DA??O??O?_???CA?C?A???@?O??W???O??O???????B@O??G???O?GCO??O?A??@__????OO?OA?G??G???W???DC???AG?G?_?A?@??G?A??C?CO_??A?C????S??????aA??,[(50-62)-(47-61)-(45-46)-(44-63)-(43-67)-(42-58)-(41-66)-(40-59)-(37-64)-(31-60)-(30-51)-(28-57)-(27-56)-(26-29)-(25-52)-(24-39)-(21-22)-(20-23)-(19-55)-(16-54)-(15-38)-(14-32)-(13-18)-(12-53)-(11-35)-(10-65)-(9-48)-(8-34)-(7-69)-(5-68)-(4-6)-(3-49)-(2-36)-(1-33)-(0-17)],0.0003619194030761719,0.06363058090209961,3,True,0
~?@E??CO??????OC???OO?????A??A?A????CG???PA@O?_?HCG?O???_?O?_OA????G??_?????__?Q??___????a?COoO???@?@O??A_?O?K?????????????ACA?????CGAAG????O_A????OGGI????G????G??a???C???E??????????@`_G?G??O??E??_???D??????????_CC???????EO????@CQ?????AG?OA_??O?O??A?@???AG`A???G???W??O??@?DA??O??O?_???CA?C?A???@?O??W???O??O???????B@O??G???O?GCO??O?A??@__????OO?OA?G??G???W???DC???AG?G?_?A?@??G?A??C?CO_??A?C????S??????aA??,[(60-67)-(50-62)-(47-61)-(45-63)-(44-46)-(43-57)-(42-58)-(41-66)-(40-59)-(37-55)-(31-51)-(28-52)-(27-56)-(26-29)-(25-64)-(24-39)-(21-22)-(20-23)-(19-30)-(16-54)-(15-38)-(14-32)-(13-18)-(12-53)-(11-35)-(10-65)-(9-48)-(8-34)-(7-69)-(5-68)-(4-6)-(3-49)-(2-36)-(1-33)-(0-17)],0.0003800392150878906,0.06278777122497559,3,True,0
~?@E??CO??????OC???OO?????A??A?A????CG???PA@O?_?HCG?O???_?O?_OA????G??_?????__?Q??___????a?COoO???@?@O??A_?O?K?????????????ACA?????CGAAG????O_A????OGGI????G????G??a???C???E??????????@`_G?G??O??E??_???D??????????_CC???????EO????@CQ?????AG?OA_??O?O??A?@???AG`A???G???W??O??@?DA??O??O?_???CA?C?A???@?O??W???O??O???????B@O??G???O?GCO??O?A??@__????OO?OA?G??G???W???DC???AG?G?_?A?@??G?A??C?CO_??A?C????S??????aA??,[(60-67)-(50-62)-(47-61)-(45-63)-(44-46)-(43-57)-(42-58)-(41-66)-(40-59)-(37-55)-(31-51)-(28-52)-(27-56)-(26-29)-(25-64)-(24-39)-(21-22)-(20-23)-(19-30)-(16-54)-(15-38)-(14-32)-(13-18)-(12-53)-(11-35)-(10-65)-(9-48)-(8-34)-(7-69)-(5-68)-(4-6)-(3-49)-(2-36)-(1-33)-(0-17)],0.00036978721618652344,0.02812647819519043,1,True,0
~?@E??CO??????OC???OO?????A??A?A????CG???PA@O?_?HCG?O???_?O?_OA????G??_?????__?Q??___????a?COoO???@?@O??A_?O?K?????????????ACA?????CGAAG????O_A????OGGI????G????G??a???C???E??????????@`_G?G??O??E??_???D??????????_CC???????EO????@CQ?????AG?OA_??O?O??A?@???AG`A???G???W??O??@?DA??O??O?_???CA?C?A???@?O??W???O??O???????B@O??G???O?GCO??O?A??@__????OO?OA?G??G???W???DC???AG?G?_?A?@??G?A??C?CO_??A?C????S??????aA??,[(60-67)-(50-62)-(47-61)-(45-46)-(44-63)-(43-57)-(42-58)-(41-66)-(40-59)-(37-55)-(31-51)-(28-52)-(27-56)-(26-29)-(25-64)-(24-39)-(21-22)-(20-23)-(19-30)-(16-54)-(15-38)-(14-32)-(13-18)-(12-53)-(11-35)-(10-65)-(9-48)-(8-34)-(7-69)-(5-68)-(4-6)-(3-49)-(2-36)-(1-33)-(0-17)],0.00037598609924316406,0.062325477600097656,3,True,0
~?@E??CO??????OC???OO?????A??A?A????CG???PA@O?_?HCG?O???_?O?_OA????G??_?????__?Q??___????a?COoO???@?@O??A_?O?K?????????????ACA?????CGAAG????O_A????OGGI????G????G??a???C???E??????????@`_G?G??O??E??_???D??????????_CC???????EO????@CQ?????AG?OA_??O?O??A?@???AG`A???G???W??O??@?DA??O??O?_???CA?C?A???@?O??W???O??O???????B@O??G???O?GCO??O?A??@__????OO?OA?G??G???W???DC???AG?G?_?A?@??G?A??C?CO_??A?C????S??????aA??,[(60-67)-(50-62)-(47-61)-(45-46)-(44-63)-(43-57)-(42-58)-(41-66)-(40-59)-(37-55)-(31-51)-(28-52)-(27-56)-(26-29)-(25-64)-(24-39)-(21-22)-(20-23)-(19-30)-(16-54)-(15-38)-(14-32)-(13-18)-(12-53)-(11-35)-(10-65)-(9-48)-(8-34)-(7-69)-(5-68)-(4-6)-(3-49)-(2-36)-(1-33)-(0-17)],0.00034880638122558594,0.02822709083557129,1,True,0
~?@E??????C?_C???@???O_A_???G?G?@G?@A????G?C????_?????A?C?I?H??`?C????g????C?B??CCOAO??DG?A???CO?GA_?????@G???C???????OAAC??C?_??@@A?C?G@@?????Q?O@?CP?????O?G?GQ???????E?O????GGO??_OW???p?G????O?@__?????A?`?@???????UBC???????o?O???_???__A??????O?@????????QG???O???OG???????A???C?k???__???_?a???g??????_???A?@a??`@??????G??O??????gOG???_?@?@G?_?_???P??A??G??O?o???G???C@?A_C@????_O?@???OC??A?AA?????C?@G??GO?,[(61-62)-(56-57)-(50-63)-(47-49)-(42-44)-(38-45)-(36-68)-(34-46)-(31-59)-(29-43)-(28-37)-(27-58)-(26-54)-(24-30)-(23-40)-(22-55)-(21-69)-(20-39)-(19-35)-(18-41)-(15-33)-(14-53)-(13-52)-(12-60)-(11-66)-(10-17)-(8-67)-(7-48)-(6-65)-(5-32)-(4-25)-(3-9)-(2-64)-(1-51)-(0-16)],0.00038623809814453125,0.027615785598754883,1,True,0
~?@E??????C?_C???@???O_A_???G?G?@G?@A????G?C????_?????A?C?I?H??`?C????g????C?B??CCOAO??DG?A???CO?GA_?????@G???C???????OAAC??C?_??@@A?C?G@@?????Q?O@?CP?????O?G?GQ???????E?O????GGO??_OW???p?G????O?@__?????A?`?@???????UBC???????o?O???_???__A??????O?@????????QG???O???OG???????A???C?k???__???_?a???g??????_???A?@a??`@??????G??O??????gOG???_?@?@G?_?_???P??A??G??O?o???G???C@?A_C@????_O?@???OC??A?AA?????C?@G??GO?,[(61-62)-(56-57)-(50-63)-(47-49)-(42-44)-(38-45)-(36-68)-(34-46)-(31-59)-(29-43)-(28-37)-(27-58)-(26-54)-(24-30)-(23-40)-(22-55)-(21-69)-(20-39)-(19-35)-(18-41)-(15-33)-(14-53)-(13-52)-(12-60)-(11-66)-(10-17)-(8-67)-(7-48)-(6-65)-(5-32)-(4-25)-(3-9)-(2-64)-(1-51)-(0-16)],0.0003638267517089844,0.06314849853515625,3,True,0
~?@E??????C?_C???@???O_A_???G?G?@G?@A????G?C????_?????A?C?I?H??`?C????g????C?B??CCOAO??DG?A???CO?GA_?????@G???C???????OAAC??C?_??@@A?C?G@@?????Q?O@?CP?????O?G?GQ???????E?O????GGO??_OW???p?G????O?@__?????A?`?@???????UBC???????o?O???_???__A??????O?@????????QG???O???OG???????A???C?k???__???_?a???g??????_???A?@a??`@??????G??O??????gOG???_?@?@G?_?_???P??A??G??O?o???G???C@?A_C@????_O?@???OC??A?AA?????C?@G??GO?,[(61-62)-(50-63)-(47-49)-(45-57)-(42-44)-(37-43)-(36-68)-(34-46)-(31-59)-(29-38)-(28-56)-(27-58)-(26-54)-(24-30)-(23-40)-(22-55)-(21-69)-(20-39)-(19-35)-(18-41)-(15-33)-(14-53)-(13-52)-(12-60)-(11-66)-(10-17)-(8-67)-(7-48)-(6-65)-(5-32)-(4-25)-(3-9)-(2-64)-(1-51)-(0-16)],0.00036787986755371094,0.08667802810668945,4,False,0
~?@E??????C?_C???@???O_A_???G?G?@G?@A????G?C????_?????A?C?I?H??`?C????g????C?B??CCOAO??DG?A???CO?GA_?????@G???C???????OAAC??C?_??@@A?C?G@@?????Q?O@?CP?????O?G?GQ???????E?O????GGO??_OW???p?G????O?@__?????A?`?@???????UBC???????o?O???_???__A??????O?@????????QG???O???OG???????A???C?k???__???_?a???g??????_???A?@a??`@??????G??O??????gOG???_?@?@G?_?_???P??A??G??O?o???G???C@?A_C@????_O?@???OC??A?AA?????C?@G??GO?,[(61-62)-(50-63)-(47-49)-(45-57)-(42-44)-(37-43)-(36-68)-(34-46)-(31-59)-(29-38)-(28-56)-(27-58)-(26-54)-(24-30)-(23-40)-(22-55)-(21-69)-(20-39)-(19-35)-(18-41)-(15-33)-(14-53)-(13-52)-(12-60)-(11-66)-(10-17)-(8-67)-(7-48)-(6-65)-(5-32)-(4-25)-(3-9)-(2-64)-(1-51)-(0-16)],0.00038051605224609375,0.08364224433898926,4,True,0
~?@E??????C?_C???@???O_A_???G?G?@G?@A????G?C????_?????A?C?I?H??`?C????g????C?B??CCOAO??DG?A???CO?GA_?????@G???C???????OAAC??C?_??@@A?C?G@@?????Q?O@?CP?????O?G?GQ???????E?O????GGO??_OW???p?G????O?@__?????A?`?@???????UBC???????o?O???_???__A??????O?@????????QG???O???OG???????A???C?k???__???_?a???g??????_???A?@a??`@??????G??O??????gOG???_?@?@G?_?_???P??A??G??O?o???G???C@?A_C@????_O?@???OC??A?AA?????C?@G??GO?,[(61-62)-(56-57)-(50-63)-(47-49)-(42-44)-(38-45)-(36-68)-(34-37)-(31-59)-(29-43)-(28-46)-(27-58)-(26-54)-(24-30)-(23-40)-(22-55)-(21-69)-(20-39)-(19-35)-(18-41)-(15-33)-(14-53)-(13-52)-(12-60)-(11-66)-(10-17)-(8-67)-(7-48)-(6-65)-(5-32)-(4-25)-(3-9)-(2-64)-(1-51)-(0-16)],0.0004010200500488281,0.044249534606933594,2,True,0
~?@E??????C?_C???@???O_A_???G?G?@G?@A????G?C????_?????A?C?I?H??`?C????g????C?B??CCOAO??DG?A???CO?GA_?????@G???C???????OAAC??C?_??@@A?C?G@@?????Q?O@?CP?????O?G?GQ???????E?O????GGO??_OW???p?G????O?@__?????A?`?@???????UBC???????o?O???_???__A??????O?@????????QG???O???OG???????A???C?k???__???_?a???g??????_???A?@a??`@??????G??O??????gOG???_?@?@G?_?_???P??A??G??O?o???G???C@?A_C@????_O?@???OC??A?AA?????C?@G??GO?,[(61-62)-(56-57)-(50-63)-(47-49)-(42-44)-(38-45)-(36-68)-(34-37)-(31-59)-(29-43)-(28-46)-(27-58)-(26-54)-(24-30)-(23-40)-(22-55)-(21-69)-(20-39)-(19-35)-(18-41)-(15-33)-(14-53)-(13-52)-(12-60)-(11-66)-(10-17)-(8-67)-(7-48)-(6-65)-(5-32)-(4-25)-(3-9)-(2-64)-(1-51)-(0-16)],0.00039649009704589844,0.10778474807739258,6,True,0
~?@E??????C?_C???@???O_A_???G?G?@G?@A????G?C????_?????A?C?I?H??`?C????g????C?B??CCOAO??DG?A???CO?GA_?????@G???C???????OAAC??C?_??@@A?C?G@@?????Q?O@?CP?????O?G?GQ???????E?O????GGO??_OW???p?G????O?@__?????A?`?@???????UBC???????o?O???_???__A??????O?@????????QG???O???OG???????A???C?k???__???_?a???g??????_???A?@a??`@??????G??O??????gOG???_?@?@G?_?_???P??A??G??O?o???G???C@?A_C@????_O?@???OC??A?AA?????C?@G??GO?,[(61-62)-(50-63)-(47-49)-(42-44)-(38-45)-(37-43)-(36-68)-(34-46)-(31-59)-(29-55)-(28-56)-(27-58)-(26-54)-(24-30)-(23-40)-(22-57)-(21-69)-(20-39)-(19-35)-(18-41)-(15-33)-(14-53)-(13-52)-(12-60)-(11-66)-(10-17)-(8-67)-(7-48)-(6-65)-(5-32)-(4-25)-(3-9)-(2-64)-(1-51)-(0-16)],0.00037479400634765625,0.104217529296875,5,True,0
~?@E??????C?_C???@???O_A_???G?G?@G?@A????G?C????_?????A?C?I?H??`?C????g????C?B??CCOAO??DG?A???CO?GA_?????@G???C???????OAAC??C?_??@@A?C?G@@?????Q?O@?CP?????O?G?GQ???????E?O????GGO??_OW???p?G????O?@__?????A?`?@???????UBC???????o?O???_???__A??????O?@????????QG???O???OG???????A???C?k???__???_?a???g??????_???A?@a??`@??????G??O??????gOG???_?@?@G?_?_???P??A??G??O?o???G???C@?A_C@????_O?@???OC??A?AA?????C?@G??GO?,[(61-62)-(50-63)-(47-49)-(42-44)-(38-45)-(37-43)-(36-68)-(34-46)-(31-59)-(29-55)-(28-56)-(27-58)-(26-54)-(24-30)-(23-40)-(22-57)-(21-69)-(20-39)-(19-35)-(18-41)-(15-33)-(14-53)-(13-52)-(12-60)-(11-66)-(10-17)-(8-67)-(7-48)-(6-65)-(5-32)-(4-25)-(3-9)-(2-64)-(1-51)-(0-16)],0.00037741661071777344,0.06338334083557129,3,True,0
~?@E??????C?_C???@???O_A_???G?G?@G?@A????G?C????_?????A?C?I?H??`?C????g????C?B??CCOAO??DG?A???CO?GA_?????@G???C???????OAAC??C?_??@@A?C?G@@?????Q?O@?CP?????O?G?GQ???????E?O????GGO??_OW???p?G????O?@__?????A?`?@???????UBC???????o?O???_???__A??????O?@????????QG???O???OG???????A???C?k???__???_?a???g??????_???A?@a??`@??????G??O??????gOG???_?@?@G?_?_???P??A??G??O?o???G???C@?A_C@????_O?@???OC??A?AA?????C?@G??GO?,[(61-62)-(50-63)-(47-49)-(45-57)-(42-44)-(38-69)-(36-68)-(34-46)-(31-59)-(29-43)-(28-37)-(27-58)-(26-54)-(24-30)-(23-40)-(22-55)-(21-56)-(20-39)-(19-35)-(18-41)-(15-33)-(14-53)-(13-52)-(12-60)-(11-66)-(10-17)-(8-67)-(7-48)-(6-65)-(5-32)-(4-25)-(3-9)-(2-64)-(1-51)-(0-16)],0.00045680999755859375,0.06318449974060059,3,True,0
~?@E??????C?_C???@???O_A_???G?G?@G?@A????G?C????_?????A?C?I?H??`?C????g????C?B??CCOAO??DG?A???CO?GA_?????@G???C???????OAAC??C?_??@@A?C?G@@?????Q?O@?CP?????O?G?GQ???????E?O????GGO??_OW???p?G????O?@__?????A?`?@???????UBC???????o?O???_???__A??????O?@????????QG???O???OG???????A???C?k???__???_?a???g??????_???A?@a??`@??????G??O??????gOG???_?@?@G?_?_???P??A??G??O?o???G???C@?A_C@????_O?@???OC??A?AA?????C?@G??GO?,[(61-62)-(50-63)-(47-49)-(45-57)-(42-44)-(38-69)-(36-68)-(34-46)-(31-59)-(29-43)-(28-37)-(27-58)-(26-54)-(24-30)-(23-40)-(22-55)-(21-56)-(20-39)-(19-35)-(18-41)-(15-33)-(14-53)-(13-52)-(12-60)-(11-66)-(10-17)-(8-67)-(7-48)-(6-65)-(5-32)-(4-25)-(3-9)-(2-64)-(1-51)-(0-16)],0.00044536590576171875,0.15689682960510254,7,False,0
~?@E??????C?_C???@???O_A_???G?G?@G?@A????G?C????_?????A?C?I?H??`?C????g????C?B??CCOAO??DG?A???CO?GA_?????@G???C???????OAAC??C?_??@@A?C?G@@?????Q?O@?CP?????O?G?GQ???????E?O????GGO??_OW???p?G????O?@__?????A?`?@???????UBC???????o?O???_???__A??????O?@????????QG???O???OG???????A???C?k???__???_?a???g??????_???A?@a??`@??????G??O??????gOG???_?@?@G?_?_???P??A??G??O?o???G???C@?A_C@????_O?@???OC??A?AA?????C?@G??GO?,[(61-62)-(50-63)-(47-49)-(45-57)-(42-44)-(38-69)-(36-68)-(34-37)-(31-59)-(29-43)-(28-46)-(27-58)-(26-54)-(24-30)-(23-40)-(22-55)-(21-56)-(20-39)-(19-35)-(18-41)-(15-33)-(14-53)-(13-52)-(12-60)-(11-66)-(10-17)-(8-67)-(7-48)-(6-65)-(5-32)-(4-25)-(3-9)-(2-64)-(1-51)-(0-16)],0.0003635883331298828,0.08240628242492676,4,True,0
~?@E??????C?_C???@???O_A_???G?G?@G?@A????G?C????_?????A?C?I?H??`?C????g????C?B??CCOAO??DG?A???CO?GA_?????@G???C???????OAAC??C?_??@@A?C?G@@?????Q?O@?CP?????O?G?GQ???????E?O????GGO??_OW???p?G????O?@__?????A?`?@???????UBC???????o?O???_???__A??????O?@????????QG???O???OG???????A???C?k???__???_?a???g??????_???A?@a??`@??????G??O??????gOG???_?@?@G?_?_???P??A??G??O?o???G???C@?A_C@????_O?@???OC??A?AA?????C?@G??GO?,[(61-62)-(50-63)-(47-49)-(45-57)-(42-44)-(38-69)-(36-68)-(34-37)-(31-59)-(29-43)-(28-46)-(27-58)-(26-54)-(24-30)-(23-40)-(22-55)-(21-56)-(20-39)-(19-35)-(18-41)-(15-33)-(14-53)-(13-52)-(12-60)-(11-66)-(10-17)-(8-67)-(7-48)-(6-65)-(5-32)-(4-25)-(3-9)-(2-64)-(1-51)-(0-16)],0.0003752708435058594,0.06331491470336914,3,True,0
~?@E??????C?_C???@???O_A_???G?G?@G?@A????G?C????_?????A?C?I?H??`?C????g????C?B??CCOAO??DG?A???CO?GA_?????@G???C???????OAAC??C?_??@@A?C?G@@?????Q?O@?CP?????O?G?GQ???????E?O????GGO??_OW???p?G????O?@__?????A?`?@???????UBC???????o?O???_???__A??????O?@????????QG???O???OG???????A???C?k???__???_?a???g??????_???A?@a??`@??????G??O??????gOG???_?@?@G?_?_???P??A??G??O?o???G???C@?A_C@????_O?@???OC??A?AA?????C?@G??GO?,[(62-63)-(61-69)-(56-57)-(47-49)-(44-45)-(42-50)-(36-68)-(34-43)-(31-59)-(29-38)-(28-37)-(27-58)-(26-54)-(24-30)-(23-40)-(22-55)-(21-46)-(20-39)-(19-35)-(18-41)-(15-33)-(14-53)-(13-52)-(12-60)-(11-66)-(10-17)-(8-67)-(7-48)-(6-65)-(5-32)-(4-25)-(3-9)-(2-64)-(1-51)-(0-16)],0.00036072731018066406,0.06309390068054199,3,True,0
~?@E??????C?_C???@???O_A_???G?G?@G?@A????G?C????_?????A?C?I?H??`?C????g????C?B??CCOAO??DG?A???CO?GA_?????@G???C???????OAAC??C?_??@@A?C?G@@?????Q?O@?CP?????O?G?GQ???????E?O????GGO??_OW???p?G????O?@__?????A?`?@???????UBC???????o?O???_???__A??????O?@????????QG???O???OG???????A???C?k???__???_?a???g??????_???A?@a??`@??????G??O??????gOG???_?@?@G?_?_???P??A??G??O?o???G???C@?A_C@????_O?@???OC??A?AA?????C?@G??GO?,[(62-63)-(61-69)-(56-57)-(47-49)-(44-45)-(42-50)-(36-68)-(34-43)-(31-59)-(29-38)-(28-37)-(27-58)-(26-54)-(24-30)-(23-40)-(22-55)-(21-46)-(20-39)-(19-35)-(18-41)-(15-33)-(14-53)-(13-52)-(12-60)-(11-66)-(10-17)-(8-67)-(7-48)-(6-65)-(5-32)-(4-25)-(3-9)-(2-64)-(1-51)-(0-16)],0.0004544258117675781,0.04419279098510742,2,True,0
~?@E??????C?_C???@???O_A_???G?G?@G?@A????G?C????_?????A?C?I?H??`?C????g????C?B??CCOAO??DG?A???CO?GA_?????@G???C???????OAAC??C?_??@@A?C?G@@?????Q?O@?CP?????O?G?GQ???????E?O????GGO??_OW???p?G????O?@__?????A?`?@???????UBC???????o?O???_???__A??????O?@????????QG???O???OG???????A???C?k???__???_?a???g??????_???A?@a??`@??????G??O??????gOG???_?@?@G?_?_???P??A??G??O?o???G???C@?A_C@????_O?@???OC??A?AA?????C?@G??GO?,[(62-63)-(61-69)-(56-57)-(47-49)-(45-50)-(42-44)-(36-68)-(34-43)-(31-59)-(29-38)-(28-37)-(27-58)-(26-54)-(24-30)-(23-40)-(22-55)-(21-46)-(20-39)-(19-35)-(18-41)-(15-33)-(14-53)-(13-52)-(12-60)-(11-66)-(10-17)-(8-67)-(7-48)-(6-65)-(5-32)-(4-25)-(3-9)-(2-64)-(1-51)-(0-16)],0.0003705024719238281,0.1772935390472412,8,True,0
~?@E??????C?_C???@???O_A_???G?G?@G?@A????G?C????_?????A?C?I?H??`?C????g????C?B??CCOAO??DG?A???CO?GA_?????@G???C???????OAAC??C?_??@@A?C?G@@?????Q?O@?CP?????O?G?GQ???????E?O????GGO??_OW???p?G????O?@__?????A?`?@???????UBC???????o?O???_???__A??????O?@????????QG???O???OG???????A???C?k???__???_?a???g??????_???A?@a??`@??????G??O??????gOG???_?@?@G?_?_???P??A??G??O?o???G???C@?A_C@????_O?@???OC??A?AA?????C?@G??GO?,[(62-63)-(61-69)-(56-57)-(47-49)-(45-50)-(42-44)-(36-68)-(34-43)-(31-59)-(29-38)-(28-37)-(27-58)-(26-54)-(24-30)-(23-40)-(22-55)-(21-46)-(20-39)-(19-35)-(18-41)-(15-33)-(14-53)-(13-52)-(12-60)-(11-66)-(10-17)-(8-67)-(7-48)-(6-65)-(5-32)-(4-25)-(3-9)-(2-64)-(1-51)-(0-16)],0.000392913818359375,0.08407282829284668,4,True,0
~?@E??????C?_C???@???O_A_???G?G?@G?@A????G?C????_?????A?C?I?H??`?C????g????C?B??CCOAO??DG?A???CO?GA_?????@G???C???????OAAC??C?_??@@A?C?G@@?????Q?O@?CP?????O?G?GQ???????E?O????GGO??_OW???p?G????O?@__?????A?`?@???????UBC???????o?O???_???__A??????O?@????????QG???O???OG???????A???C?k???__???_?a???g??????_???A?@a??`@??????G??O??????gOG???_?@?@G?_?_???P??A??G??O?o???G???C@?A_C@????_O?@???OC??A?AA?????C?@G??GO?,[(61-62)-(56-69)-(50-63)-(47-49)-(45-57)-(42-44)-(36-68)-(34-43)-(31-59)-(29-38)-(28-37)-(27-58)-(26-54)-(24-30)-(23-40)-(22-55)-(21-46)-(20-39)-(19-35)-(18-41)-(15-33)-(14-53)-(13-52)-(12-60)-(11-66)-(10-17)-(8-67)-(7-48)-(6-65)-(5-32)-(4-25)-(3-9)-(2-64)-(1-51)-(0-16)],0.0003509521484375,0.06356000900268555,3,True,0
~?@E??????C?_C???@???O_A_???G?G?@G?@A????G?C????_?????A?C?I?H??`?C????g????C?B??CCOAO??DG?A???CO?GA_?????@G???C???????OAAC??C?_??@@A?C?G@@?????Q?O@?CP?????O?G?GQ???????E?O????GGO??_OW???p?G????O?@__?????A?`?@???????UBC???????o?O???_???__A??????O?@????????QG???O???OG???????A???C?k???__???_?a???g??????_???A?@a??`@??????G??O??????gOG???_?@?@G?_?_???P??A??G??O?o???G???C@?A_C@????_O?@???OC??A?AA?????C?@G??GO?,[(61-62)-(56-69)-(50-63)-(47-49)-(45-57)-(42-44)-(36-68)-(34-43)-(31-59)-(29-38)-(28-37)-(27-58)-(26-54)-(24-30)-(23-40)-(22-55)-(21-46)-(20-39)-(19-35)-(18-41)-(15-33)-(14-53)-(13-52)-(12-60)-(11-66)-(10-17)-(8-67)-(7-48)-(6-65)-(5-32)-(4-25)-(3-9)-(2-64)-(1-51)-(0-16)],0.00039458274841308594,0.06371450424194336,3,True,0
~?@E??????C?_C???@???O_A_???G?G?@G?@A????G?C????_?????A?C?I?H??`?C????g????C?B??CCOAO??DG?A???CO?GA_?????@G???C???????OAAC??C?_??@@A?C?G@@?????Q?O@?CP?????O?G?GQ???????E?O????GGO??_OW???p?G????O?@__?????A?`?@???????UBC???????o?O???_???__A??????O?@????????QG???O???OG???????A???C?k???__???_?a???g??????_???A?@a??`@??????G??O??????gOG???_?@?@G?_?_???P??A??G??O?o???G???C@?A_C@????_O?@???OC??A?AA?????C?@G??GO?,[(61-62)-(50-63)-(47-49)-(45-57)-(42-44)-(38-69)-(36-68)-(34-37)-(31-59)-(29-43)-(28-56)-(27-58)-(26-54)-(24-30)-(23-40)-(22-55)-(21-46)-(20-39)-(19-35)-(18-41)-(15-33)-(14-53)-(13-52)-(12-60)-(11-66)-(10-17)-(8-67)-(7-48)-(6-65)-(5-32)-(4-25)-(3-9)-(2-64)-(1-51)-(0-16)],0.0004010200500488281,0.10502266883850098,5,True,0
~?@E??????C?_C???@???O_A_???G?G?@G?@A????G?C????_?????A?C?I?H??`?C????g????C?B??CCOAO??DG?A???CO?GA_?????@G???C???????OAAC??C?_??@@A?C?G@@?????Q?O@?CP?????O?G?GQ???????E?O????GGO??_OW???p?G????O?@__?????A?`?@???????UBC???????o?O???_???__A??????O?@????????QG???O???OG???????A???C?k???__???_?a???g??????_???A?@a??`@??????G??O??????gOG???_?@?@G?_?_???P??A??G??O?o???G???C@?A_C@????_O?@???OC??A?AA?????C?@G??GO?,[(61-62)-(50-63)-(47-49)-(45-57)-(42-44)-(38-69)-(36-68)-(34-37)-(31-59)-(29-43)-(28-56)-(27-58)-(26-54)-(24-30)-(23-40)-(22-55)-(21-46)-(20-39)-(19-35)-(18-41)-(15-33)-(14-53)-(13-52)-(12-60)-(11-66)-(10-17)-(8-67)-(7-48)-(6-65)-(5-32)-(4-25)-(3-9)-(2-64)-(1-51)-(0-16)],0.00037026405334472656,0.06201958656311035,3,True,0
~?@E?a???A???????G_???`?@H?CCq??@?A?GO??B?C?C???C?@C??O??O??????????CG??W?????W??A???@??E??????_?X?A?C?????C??????O??O_?@????A?_A??O????AC??G?A????W?_@O???@?A?_AE???C?C?????D?a?C??G????@?OC??C??C?IG??@CG???G?GG??????@A?OC?O??_??A????@?A?@C??A???cG??_??A??????O?????@??Ch??_??@@?G????AS??@O????_oC@??A???OC???O?_?????_OS????@?W?@?@o???@??O???Q?C??D????Q?C??????A_??B@__?????@@?_?O@????OG??OA??A?????G___C????,[(55-56)-(50-57)-(46-63)-(44-47)-(42-61)-(40-45)-(39-41)-(37-43)-(33-60)-(31-36)-(30-69)-(29-59)-(28-62)-(27-38)-(26-35)-(25-58)-(24-51)-(23-54)-(22-52)-(21-67)-(20-66)-(15-48)-(14-17)-(13-19)-(12-53)-(11-32)-(10-68)-(9-49)-(7-64)-(6-8)-(5-16)-(3-65)-(2-34)-(1-18)-(0-4)],0.0003669261932373047,0.04504084587097168,2,True,0
~?@E?a???A???????G_???`?@H?CCq??@?A?GO??B?C?C???C?@C??O??O??????????CG??W?????W??A???@??E??????_?X?A?C?????C??????O??O_?@????A?_A??O????AC??G?A????W?_@O???@?A?_AE???C?C?????D?a?C??G????@?OC??C??C?IG??@CG???G?GG??????@A?OC?O??_??A????@?A?@C??A???cG??_??A??????O?????@??Ch??_??@@?G????AS??@O????_oC@??A???OC???O?_?????_OS????@?W?@?@o???@??O???Q?C??D????Q?C??????A_??B@__?????@@?_?O@????OG??OA??A?????G___C????,[(55-56)-(50-57)-(46-63)-(44-47)-(42-61)-(40-45)-(39-41)-(37-43)-(33-60)-(31-36)-(30-69)-(29-59)-(28-62)-(27-38)-(26-35)-(25-58)-(24-51)-(23-54)-(22-52)-(21-67)-(20-66)-(15-48)-(14-17)-(13-19)-(12-53)-(11-32)-(10-68)-(9-49)-(7-64)-(6-8)-(5-16)-(3-65)-(2-34)-(1-18)-(0-4)],0.00036835670471191406,0.04489850997924805,2,True,0
~?@E?a???A???????G_???`?@H?CCq??@?A?GO??B?C?C???C?@C??O??O??????????CG??W?????W??A???@??E??????_?X?A?C?????C??????O??O_?@????A?_A??O????AC??G?A????W?_@O???@?A?_AE???C?C?????D?a?C??G????@?OC??C??C?IG??@CG???G?GG??????@A?OC?O??_??A????@?A?@C??A???cG??_??A??????O?????@??Ch??_??@@?G????AS??@O????_oC@??A???OC???O?_?????_OS????@?W?@?@o???@??O???Q?C??D????Q?C??????A_??B@__?????@@?_?O@????OG??OA??A?????G___C????,[(55-56)-(50-57)-(46-63)-(44-47)-(42-61)-(39-41)-(38-40)-(37-43)-(33-60)-(31-36)-(30-69)-(29-59)-(28-62)-(27-45)-(26-35)-(25-58)-(24-51)-(23-54)-(22-52)-(21-67)-(20-66)-(15-48)-(14-17)-(13-19)-(12-53)-(11-32)-(10-68)-(9-49)-(7-64)-(6-8)-(5-16)-(3-65)-(2-34)-(1-18)-(0-4)],0.00038433074951171875,0.01821160316467285,1,True,0
~?@E?a???A???????G_???`?@H?CCq??@?A?GO??B?C?C???C?@C??O??O??????????CG??W?????W??A???@??E??????_?X?A?C?????C??????O??O_?@????A?_A??O????AC??G?A????W?_@O???@?A?_AE???C?C?????D?a?C??G????@?OC??C??C?IG??@CG???G?GG??????@A?OC?O??_??A????@?A?@C??A???cG??_??A??????O?????@??Ch??_??@@?G????AS??@O????_oC@??A???OC???O?_?????_OS????@?W?@?@o???@??O???Q?C??D????Q?C??????A_??B@__?????@@?_?O@????OG??OA??A?????G___C????,[(55-56)-(50-57)-(46-63)-(44-47)-(42-61)-(39-41)-(38-40)-(37-43)-(33-60)-(31-36)-(30-69)-(29-59)-(28-62)-(27-45)-(26-35)-(25-58)-(24-51)-(23-54)-(22-52)-(21-67)-(20-66)-(15-48)-(14-17)-(13-19)-(12-53)-(11-32)-(10-68)-(9-49)-(7-64)-(6-8)-(5-16)-(3-65)-(2-34)-(1-18)-(0-4)],0.00036787986755371094,0.07338881492614746,4,True,0
~?@E?a???A???????G_???`?@H?CCq??@?A?GO??B?C?C???C?@C??O??O??????????CG??W?????W??A???@??E??????_?X?A?C?????C??????O??O_?@????A?_A??O????AC??G?A????W?_@O???@?A?_AE???C?C?????D?a?C??G????@?OC??C??C?IG??@CG???G?GG??????@A?OC?O??_??A????@?A?@C??A???cG??_??A??????O?????@??Ch??_??@@?G????AS??@O????_oC@??A???OC???O?_?????_OS????@?W?@?@o???@??O???Q?C??D????Q?C??????A_??B@__?????@@?_?O@????OG??OA??A?????G___C????,[(55-56)-(50-57)-(46-63)-(44-47)-(42-61)-(39-41)-(38-40)-(36-45)-(35-37)-(33-60)-(30-69)-(29-59)-(28-62)-(27-43)-(26-31)-(25-58)-(24-51)-(23-54)-(22-52)-(21-67)-(20-66)-(15-48)-(14-17)-(13-19)-(12-53)-(11-32)-(10-68)-(9-49)-(7-64)-(6-8)-(5-16)-(3-65)-(2-34)-(1-18)-(0-4)],0.00038123130798339844,0.04560518264770508,2,True,0
~?@E?a???A???????G_???`?@H?CCq??@?A?GO??B?C?C???C?@C??O??O??????????CG??W?????W??A???@??E??????_?X?A?C?????C??????O??O_?@????A?_A??O????AC??G?A????W?_@O???@?A?_AE???C?C?????D?a?C??G????@?OC??C??C?IG??@CG???G?GG??????@A?OC?O??_??A????@?A?@C??A???cG??_??A??????O?????@??Ch??_??@@?G????AS??@O????_oC@??A???OC???O?_?????_OS????@?W?@?@o???@??O???Q?C??D????Q?C??????A_??B@__?????@@?_?O@????OG??OA??A?????G___C????,[(55-56)-(50-57)-(46-63)-(44-47)-(42-61)-(39-41)-(38-40)-(36-45)-(35-37)-(33-60)-(30-69)-(29-59)-(28-62)-(27-43)-(26-31)-(25-58)-(24-51)-(23-54)-(22-52)-(21-67)-(20-66)-(15-48)-(14-17)-(13-19)-(12-53)-(11-32)-(10-68)-(9-49)-(7-64)-(6-8)-(5-16)-(3-65)-(2-34)-(1-18)-(0-4)],0.0003666877746582031,0.14310884475708008,14,False,0
~?@E?a???A???????G_???`?@H?CCq??@?A?GO??B?C?C???C?@C??O??O??????????CG??W?????W??A???@??E??????_?X?A?C?????C??????O??O_?@????A?_A??O????AC??G?A????W?_@O???@?A?_AE???C?C?????D?a?C??G????@?OC??C??C?IG??@CG???G?GG??????@A?OC?O??_??A????@?A?@C??A???cG??_??A??????O?????@??Ch??_??@@?G????AS??@O????_oC@??A???OC???O?_?????_OS????@?W?@?@o???@??O???Q?C??D????Q?C??????A_??B@__?????@@?_?O@????OG??OA??A?????G___C????,[(55-56)-(50-57)-(46-63)-(44-47)-(42-61)-(39-41)-(38-40)-(36-69)-(35-37)-(33-60)-(30-59)-(29-45)-(28-62)-(27-43)-(26-31)-(25-58)-(24-51)-(23-54)-(22-52)-(21-67)-(20-66)-(15-48)-(14-17)-(13-19)-(12-53)-(11-32)-(10-68)-(9-49)-(7-64)-(6-8)-(5-16)-(3-65)-(2-34)-(1-18)-(0-4)],0.00037407875061035156,0.04472756385803223,2,True,0
~?@E?a???A???????G_???`?@H?CCq??@?A?GO??B?C?C???C?@C??O??O??????????CG??W?????W??A???@??E??????_?X?A?C?????C??????O??O_?@????A?_A??O????AC??G?A????W?_@O???@?A?_AE???C?C?????D?a?C??G????@?OC??C??C?IG??@CG???G?GG??????@A?OC?O??_??A????@?A?@C??A???cG??_??A??????O?????@??Ch??_??@@?G????AS??@O????_oC@??A???OC???O?_?????_OS????@?W?@?@o???@??O???Q?C??D????Q?C??????A_??B@__?????@@?_?O@????OG??OA??A?????G___C????,[(55-56)-(50-57)-(46-63)-(44-47)-(42-61)-(39-41)-(38-40)-(36-69)-(35-37)-(33-60)-(30-59)-(29-45)-(28-62)-(27-43)-(26-31)-(25-58)-(24-51)-(23-54)-(22-52)-(21-67)-(20-66)-(15-48)-(14-17)-(13-19)-(12-53)-(11-32)-(10-68)-(9-49)-(7-64)-(6-8)-(5-16)-(3-65)-(2-34)-(1-18)-(0-4)],0.0003705024719238281,0.028383255004882812,1,True,0
~?@E?a???A???????G_???`?@H?CCq??@?A?GO??B?C?C???C?@C??O??O??????????CG??W?????W??A???@??E??????_?X?A?C?????C??????O??O_?@????A?_A??O????AC??G?A????W?_@O???@?A?_AE???C?C?????D?a?C??G????@?OC??C??C?IG??@CG???G?GG??????@A?OC?O??_??A????@?A?@C??A???cG??_??A??????O?????@??Ch??_??@@?G????AS??@O????_oC@??A???OC???O?_?????_OS????@?W?@?@o???@??O???Q?C??D????Q?C??????A_??B@__?????@@?_?O@????OG??OA??A?????G___C????,[(55-56)-(50-57)-(46-63)-(42-61)-(40-45)-(39-41)-(37-43)-(35-44)-(33-60)-(31-36)-(30-69)-(29-59)-(28-62)-(27-38)-(26-47)-(25-58)-(24-51)-(23-54)-(22-52)-(21-67)-(20-66)-(15-48)-(14-17)-(13-19)-(12-53)-(11-32)-(10-68)-(9-49)-(7-64)-(6-8)-(5-16)-(3-65)-(2-34)-(1-18)-(0-4)],0.00039696693420410156,0.02753758430480957,1,True,0
~?@E?a???A???????G_???`?@H?CCq??@?A?GO??B?C?C???C?@C??O??O??????????CG??W?????W??A???@??E??????_?X?A?C?????C??????O??O_?@????A?_A??O????AC??G?A????W?_@O???@?A?_AE???C?C?????D?a?C??G????@?OC??C??C?IG??@CG???G?GG??????@A?OC?O??_??A????@?A?@C??A???cG??_??A??????O?????@??Ch??_??@@?G????AS??@O????_oC@??A???OC???O?_?????_OS????@?W?@?@o???@??O???Q?C??D????Q?C??????A_??B@__?????@@?_?O@????OG??OA??A?????G___C????,[(55-56)-(50-57)-(46-63)-(42-61)-(40-45)-(39-41)-(37-43)-(35-44)-(33-60)-(31-36)-(30-69)-(29-59)-(28-62)-(27-38)-(26-47)-(25-58)-(24-51)-(23-54)-(22-52)-(21-67)-(20-66)-(15-48)-(14-17)-(13-19)-(12-53)-(11-32)-(10-68)-(9-49)-(7-64)-(6-8)-(5-16)-(3-65)-(2-34)-(1-18)-(0-4)],0.00038909912109375,0.04538393020629883,2,True,0
~?@E?a???A???????G_???`?@H?CCq??@?A?GO??B?C?C???C?@C??O??O??????????CG??W?????W??A???@??E??????_?X?A?C?????C??????O??O_?@????A?_A??O????AC??G?A????W?_@O???@?A?_AE???C?C?????D?a?C??G????@?OC??C??C?IG??@CG???G?GG??????@A?OC?O??_??A????@?A?@C??A???cG??_??A??????O?????@??Ch??_??@@?G????AS??@O????_oC@??A???OC???O?_?????_OS????@?W?@?@o???@??O???Q?C??D????Q?C??????A_??B@__?????@@?_?O@????OG??OA??A?????G___C????,[(55-56)-(50-57)-(46-63)-(42-61)-(39-41)-(38-40)-(37-43)-(35-44)-(33-60)-(31-36)-(30-69)-(29-59)-(28-62)-(27-45)-(26-47)-(25-58)-(24-51)-(23-54)-(22-52)-(21-67)-(20-66)-(15-48)-(14-17)-(13-19)-(12-53)-(11-32)-(10-68)-(9-49)-(7-64)-(6-8)-(5-16)-(3-65)-(2-34)-(1-18)-(0-4)],0.0003707408905029297,0.019121170043945312,1,True,0
~?@E?a???A???????G_???`?@H?CCq??@?A?GO??B?C?C???C?@C??O??O??????????CG??W?????W??A???@??E??????_?X?A?C?????C??????O??O_?@????A?_A??O????AC??G?A????W?_@O???@?A?_AE???C?C?????D?a?C??G????@?OC??C??C?IG??@CG???G?GG??????@A?OC?O??_??A????@?A?@C??A???cG??_??A??????O?????@??Ch??_??@@?G????AS??@O????_oC@??A???OC???O?_?????_OS????@?W?@?@o???@??O???Q?C??D????Q?C??????A_??B@__?????@@?_?O@????OG??OA??A?????G___C????,[(55-56)-(50-57)-(46-63)-(42-61)-(39-41)-(38-40)-(37-43)-(35-44)-(33-60)-(31-36)-(30-69)-(29-59)-(28-62)-(27-45)-(26-47)-(25-58)-(24-51)-(23-54)-(22-52)-(21-67)-(20-66)-(15-48)-(14-17)-(13-19)-(12-53)-(11-32)-(10-68)-(9-49)-(7-64)-(6-8)-(5-16)-(3-65)-(2-34)-(1-18)-(0-4)],0.0003833770751953125,0.028308391571044922,1,True,0
~?@E?a???A???????G_???`?@H?CCq??@?A?GO??B?C?C???C?@C??O??O??????????CG??W?????W??A???@??E??????_?X?A?C?????C??????O??O_?@????A?_A??O????AC??G?A????W?_@O???@?A?_AE???C?C?????D?a?C??G????@?OC??C??C?IG??@CG???G?GG??????@A?OC?O??_??A????@?A?@C??A???cG??_??A??????O?????@??Ch??_??@@?G????AS??@O????_oC@??A???OC???O?_?????_OS????@?W?@?@o???@??O???Q?C??D????Q?C??????A_??B@__?????@@?_?O@????OG??OA??A?????G___C????,[(55-56)-(50-57)-(46-63)-(44-47)-(42-61)-(40-45)-(39-41)-(37-43)-(36-62)-(31-33)-(30-69)-(29-59)-(28-58)-(27-38)-(26-35)-(25-60)-(24-51)-(23-54)-(22-52)-(21-67)-(20-66)-(15-48)-(14-17)-(13-19)-(12-53)-(11-32)-(10-68)-(9-49)-(7-64)-(6-8)-(5-16)-(3-65)-(2-34)-(1-18)-(0-4)],0.00039958953857421875,0.028554916381835938,1,True,0
~?@E?a???A???????G_???`?@H?CCq??@?A?GO??B?C?C???C?@C??O??O??????????CG??W?????W??A???@??E??????_?X?A?C?????C??????O??O_?@????A?_A??O????AC??G?A????W?_@O???@?A?_AE???C?C?????D?a?C??G????@?OC??C??C?IG??@CG???G?GG??????@A?OC?O??_??A????@?A?@C??A???cG??_??A??????O?????@??Ch??_??@@?G????AS??@O????_oC@??A???OC???O?_?????_OS????@?W?@?@o???@??O???Q?C??D????Q?C??????A_??B@__?????@@?_?O@????OG??OA??A?????G___C????,[(55-56)-(50-57)-(46-63)-(44-47)-(42-61)-(40-45)-(39-41)-(37-43)-(36-62)-(31-33)-(30-69)-(29-59)-(28-58)-(27-38)-(26-35)-(25-60)-(24-51)-(23-54)-(22-52)-(21-67)-(20-66)-(15-48)-(14-17)-(13-19)-(12-53)-(11-32)-(10-68)-(9-49)-(7-64)-(6-8)-(5-16)-(3-65)-(2-34)-(1-18)-(0-4)],0.0003635883331298828,0.053481101989746094,3,True,0
~?@E?a???A???????G_???`?@H?CCq??@?A?GO??B?C?C???C?@C??O??O??????????CG??W?????W??A???@??E??????_?X?A?C?????C??????O??O_?@????A?_A??O????AC??G?A????W?_@O???@?A?_AE???C?C?????D?a?C??G????@?OC??C??C?IG??@CG???G?GG??????@A?OC?O??_??A????@?A?@C??A???cG??_??A??????O?????@??Ch??_??@@?G????AS??@O????_oC@??A???OC???O?_?????_OS????@?W?@?@o???@??O???Q?C??D????Q?C??????A_??B@__?????@@?_?O@????OG??OA??A?????G___C????,[(55-56)-(50-57)-(46-63)-(44-47)-(42-61)-(40-45)-(39-41)-(37-43)-(36-69)-(31-33)-(30-58)-(29-59)-(28-62)-(27-38)-(26-35)-(25-60)-(24-51)-(23-54)-(22-52)-(21-67)-(20-66)-(15-48)-(14-17)-(13-19)-(12-53)-(11-32)-(10-68)-(9-49)-(7-64)-(6-8)-(5-16)-(3-65)-(2-34)-(1-18)-(0-4)],0.0004208087921142578,0.02811408042907715,1,True,0
~?@E?a???A???????G_???`?@H?CCq??@?A?GO??B?C?C???C?@C??O??O??????????CG??W?????W??A???@??E??????_?X?A?C?????C??????O??O_?@????A?_A??O????AC??G?A????W?_@O???@?A?_AE???C?C?????D?a?C??G????@?OC??C??C?IG??@CG???G?GG??????@A?OC?O??_??A????@?A?@C??A???cG??_??A??????O?????@??Ch??_??@@?G????AS??@O????_oC@??A???OC???O?_?????_OS????@?W?@?@o???@??O???Q?C??D????Q?C??????A_??B@__?????@@?_?O@????OG??OA??A?????G___C????,[(55-56)-(50-57)-(46-63)-(44-47)-(42-61)-(40-45)-(39-41)-(37-43)-(36-69)-(31-33)-(30-58)-(29-59)-(28-62)-(27-38)-(26-35)-(25-60)-(24-51)-(23-54)-(22-52)-(21-67)-(20-66)-(15-48)-(14-17)-(13-19)-(12-53)-(11-32)-(10-68)-(9-49)-(7-64)-(6-8)-(5-16)-(3-65)-(2-34)-(1-18)-(0-4)],0.0003650188446044922,0.04498457908630371,2,True,0
~?@E?a???A???????G_???`?@H?CCq??@?A?GO??B?C?C???C?@C??O??O??????????CG??W?????W??A???@??E??????_?X?A?C?????C??????O??O_?@????A?_A??O????AC??G?A????W?_@O???@?A?_AE???C?C?????D?a?C??G????@?OC??C??C?IG??@CG???G?GG??????@A?OC?O??_??A????@?A?@C??A???cG??_??A??????O?????@??Ch??_??@@?G????AS??@O????_oC@??A???OC???O?_?????_OS????@?W?@?@o???@??O???Q?C??D????Q?C??????A_??B@__?????@@?_?O@????OG??OA??A?????G___C????,[(55-56)-(50-57)-(46-63)-(44-47)-(42-61)-(39-41)-(38-40)-(37-62)-(36-45)-(31-33)-(30-69)-(29-59)-(28-58)-(27-43)-(26-35)-(25-60)-(24-51)-(23-54)-(22-52)-(21-67)-(20-66)-(15-48)-(14-17)-(13-19)-(12-53)-(11-32)-(10-68)-(9-49)-(7-64)-(6-8)-(5-16)-(3-65)-(2-34)-(1-18)-(0-4)],0.00038909912109375,0.019283056259155273,1,True,0
~?@E?a???A???????G_???`?@H?CCq??@?A?GO??B?C?C???C?@C??O??O??????????CG??W?????W??A???@??E??????_?X?A?C?????C??????O??O_?@????A?_A??O????AC??G?A????W?_@O???@?A?_AE???C?C?????D?a?C??G????@?OC??C??C?IG??@CG???G?GG??????@A?OC?O??_??A????@?A?@C??A???cG??_??A??????O?????@??Ch??_??@@?G????AS??@O????_oC@??A???OC???O?_?????_OS????@?W?@?@o???@??O???Q?C??D????Q?C??????A_??B@__?????@@?_?O@????OG??OA??A?????G___C????,[(55-56)-(50-57)-(46-63)-(44-47)-(42-61)-(39-41)-(38-40)-(37-62)-(36-45)-(31-33)-(30-69)-(29-59)-(28-58)-(27-43)-(26-35)-(25-60)-(24-51)-(23-54)-(22-52)-(21-67)-(20-66)-(15-48)-(14-17)-(13-19)-(12-53)-(11-32)-(10-68)-(9-49)-(7-64)-(6-8)-(5-16)-(3-65)-(2-34)-(1-18)-(0-4)],0.00036644935607910156,0.06385517120361328,3,True,0
~?@E?a???A???????G_???`?@H?CCq??@?A?GO??B?C?C???C?@C??O??O??????????CG??W?????W??A???@??E??????_?X?A?C?????C??????O??O_?@????A?_A??O????AC??G?A????W?_@O???@?A?_AE???C?C?????D?a?C??G????@?OC??C??C?IG??@CG???G?GG??????@A?OC?O??_??A????@?A?@C??A???cG??_??A??????O?????@??Ch??_??@@?G????AS??@O????_oC@??A???OC???O?_?????_OS????@?W?@?@o???@??O???Q?C??D????Q?C??????A_??B@__?????@@?_?O@????OG??OA??A?????G___C????,[(55-56)-(50-57)-(46-63)-(44-47)-(42-61)-(39-41)-(38-40)-(37-62)-(36-69)-(31-33)-(30-59)-(29-45)-(28-58)-(27-43)-(26-35)-(25-60)-(24-51)-(23-54)-(22-52)-(21-67)-(20-66)-(15-48)-(14-17)-(13-19)-(12-53)-(11-32)-(10-68)-(9-49)-(7-64)-(6-8)-(5-16)-(3-65)-(2-34)-(1-18)-(0-4)],0.00039458274841308594,0.06424975395202637,3,True,0
~?@E?a???A???????G_???`?@H?CCq??@?A?GO??B?C?C???C?@C??O??O??????????CG??W?????W??A???@??E??????_?X?A?C?????C??????O??O_?@????A?_A??O????AC??G?A????W?_@O???@?A?_AE???C?C?????D?a?C??G????@?OC??C??C?IG??@CG???G?GG??????@A?OC?O??_??A????@?A?@C??A???cG??_??A??????O?????@??Ch??_??@@?G????AS??@O????_oC@??A???OC???O?_?????_OS????@?W?@?@o???@??O???Q?C??D????Q?C??????A_??B@__?????@@?_?O@????OG??OA??A?????G___C????,[(55-56)-(50-57)-(46-63)-(44-47)-(42-61)-(39-41)-(38-40)-(37-62)-(36-69)-(31-33)-(30-59)-(29-45)-(28-58)-(27-43)-(26-35)-(25-60)-(24-51)-(23-54)-(22-52)-(21-67)-(20-66)-(15-48)-(14-17)-(13-19)-(12-53)-(11-32)-(10-68)-(9-49)-(7-64)-(6-8)-(5-16)-(3-65)-(2-34)-(1-18)-(0-4)],0.0003886222839355469,0.06144857406616211,3,True,0
~?@EO???C?@?O?A@???IOC?o?O?CAO@?A??G???C?O_A???O????A????@O?G????CC?O?????@????O?C??_O?C??A?O`?G????C?GCC???O??O????A@?C?C???@A?_?@???A???WG????OC??????QD_?E???@_?CAG?A?`????O???K?A????CO?O??????G?_C?????Pg@??A??C???A?O@C?????G?S?A???Q?????G?_?@?O??G??_O??@????G???C???GO?G@??_C?@?G??O???GC???I???????O@???@?H?????A?PG_????????CK_@?O??G??c??O?G??@C??G????GC?I??????W?C?O?O?O???cA????GGO@????A@????A?GAOG????,[(56-60)-(55-62)-(46-65)-(45-57)-(43-61)-(39-42)-(35-63)-(34-52)-(30-49)-(29-41)-(28-38)-(27-37)-(26-40)-(25-59)-(24-47)-(23-66)-(22-44)-(20-48)-(19-68)-(16-69)-(15-31)-(14-54)-(13-36)-(12-17)-(11-58)-(10-51)-(9-50)-(8-18)-(7-64)-(6-53)-(5-32)-(4-67)-(3-21)-(1-33)-(0-2)],0.00038886070251464844,0.062480926513671875,3,True,0
~?@EO???C?@?O?A@???IOC?o?O?CAO@?A??G???C?O_A???O????A????@O?G????CC?O?????@????O?C??_O?C??A?O`?G????C?GCC???O??O????A@?C?C???@A?_?@???A???WG????OC??????QD_?E???@_?CAG?A?`????O???K?A????CO?O??????G?_C?????Pg@??A??C???A?O@C?????G?S?A???Q?????G?_?@?O??G??_O??@????G???C???GO?G@??_C?@?G??O???GC???I???????O@???@?H?????A?PG_????????CK_@?O??G??c??O?G??@C??G????GC?I??????W?C?O?O?O???cA????GGO@????A@????A?GAOG????,[(56-60)-(55-62)-(46-65)-(45-57)-(43-61)-(39-42)-(35-63)-(34-52)-(30-49)-(29-41)-(28-38)-(27-37)-(26-40)-(25-59)-(24-47)-(23-66)-(22-44)-(20-48)-(19-68)-(16-69)-(15-31)-(14-54)-(13-36)-(12-17)-(11-58)-(10-51)-(9-50)-(8-18)-(7-64)-(6-53)-(5-32)-(4-67)-(3-21)-(1-33)-(0-2)],0.00048470497131347656,0.04383492469787598,2,True,0
~?@EO???C?@?O?A@???IOC?o?O?CAO@?A??G???C?O_A???O????A????@O?G????CC?O?????@????O?C??_O?C??A?O`?G????C?GCC???O??O????A@?C?C???@A?_?@???A???WG????OC??????QD_?E???@_?CAG?A?`????O???K?A????CO?O??????G?_C?????Pg@??A??C???A?O@C?????G?S?A???Q?????G?_?@?O??G??_O??@????G???C???GO?G@??_C?@?G??O???GC???I???????O@???@?H?????A?PG_????????CK_@?O??G??c??O?G??@C??G????GC?I??????W?C?O?O?O???cA????GGO@????A@????A?GAOG????,[(59-60)-(55-62)-(52-56)-(45-57)-(39-43)-(38-42)-(35-63)-(34-61)-(30-49)-(29-41)-(28-65)-(27-37)-(26-40)-(25-46)-(24-47)-(23-66)-(22-44)-(20-48)-(19-68)-(16-69)-(15-31)-(14-54)-(13-36)-(12-17)-(11-58)-(10-51)-(9-50)-(8-18)-(7-64)-(6-53)-(5-32)-(4-67)-(3-21)-(1-33)-(0-2)],0.0003921985626220703,0.044091224670410156,2,True,0
~?@EO???C?@?O?A@???IOC?o?O?CAO@?A??G???C?O_A???O????A????@O?G????CC?O?????@????O?C??_O?C??A?O`?G????C?GCC???O??O????A@?C?C???@A?_?@???A???WG????OC??????QD_?E???@_?CAG?A?`????O???K?A????CO?O??????G?_C?????Pg@??A??C???A?O@C?????G?S?A???Q?????G?_?@?O??G??_O??@????G???C???GO?G@??_C?@?G??O???GC???I???????O@???@?H?????A?PG_????????CK_@?O??G??c??O?G??@C??G????GC?I??????W?C?O?O?O???cA????GGO@????A@????A?GAOG????,[(59-60)-(55-62)-(52-56)-(45-57)-(39-43)-(38-42)-(35-63)-(34-61)-(30-49)-(29-41)-(28-65)-(27-37)-(26-40)-(25-46)-(24-47)-(23-66)-(22-44)-(20-48)-(19-68)-(16-69)-(15-31)-(14-54)-(13-36)-(12-17)-(11-58)-(10-51)-(9-50)-(8-18)-(7-64)-(6-53)-(5-32)-(4-67)-(3-21)-(1-33)-(0-2)],0.0003769397735595703,0.028202533721923828,1,True,0
~?@EO???C?@?O?A@???IOC?o?O?CAO@?A??G???C?O_A???O????A????@O?G????CC?O?????@????O?C??_O?C??A?O`?G????C?GCC???O??O????A@?C?C???@A?_?@???A???WG????OC??????QD_?E???@_?CAG?A?`????O???K?A????CO?O??????G?_C?????Pg@??A??C???A?O@C?????G?S?A???Q?????G?_?@?O??G??_O??@????G???C???GO?G@??_C?@?G??O???GC???I???????O@???@?H?????A?PG_????????CK_@?O??G??c??O?G??@C??G????GC?I??????W?C?O?O?O???cA????GGO@????A@????A?GAOG????,[(59-60)-(55-62)-(52-56)-(45-57)-(39-42)-(38-43)-(35-63)-(34-61)-(30-49)-(29-41)-(28-65)-(27-37)-(26-40)-(25-46)-(24-47)-(23-66)-(22-44)-(20-48)-(19-68)-(16-69)-(15-31)-(14-54)-(13-36)-(12-17)-(11-58)-(10-51)-(9-50)-(8-18)-(7-64)-(6-53)-(5-32)-(4-67)-(3-21)-(1-33)-(0-2)],0.0003783702850341797,0.06262063980102539,3,True,0
~?@EO???C?@?O?A@???IOC?o?O?CAO@?A??G???C?O_A???O????A????@O?G????CC?O?????@????O?C??_O?C??A?O`?G????C?GCC???O??O????A@?C?C???@A?_?@???A???WG????OC??????QD_?E???@_?CAG?A?`????O???K?A????CO?O??????G?_C?????Pg@??A??C???A?O@C?????G?S?A???Q?????G?_?@?O??G??_O??@????G???C???GO?G@??_C?@?G??O???GC???I???????O@???@?H?????A?PG_????????CK_@?O??G??c??O?G??@C??G????GC?I??????W?C?O?O?O???cA????GGO@????A@????A?GAOG????,[(59-60)-(55-62)-(52-56)-(45-57)-(39-42)-(38-43)-(35-63)-(34-61)-(30-49)-(29-41)-(28-65)-(27-37)-(26-40)-(25-46)-(24-47)-(23-66)-(22-44)-(20-48)-(19-68)-(16-69)-(15-31)-(14-54)-(13-36)-(12-17)-(11-58)-(10-51)-(9-50)-(8-18)-(7-64)-(6-53)-(5-32)-(4-67)-(3-21)-(1-33)-(0-2)],0.0004229545593261719,0.01893925666809082,1,True,0
~?@EO???C?@?O?A@???IOC?o?O?CAO@?A??G???C?O_A???O????A????@O?G????CC?O?????@????O?C??_O?C??A?O`?G????C?GCC???O??O????A@?C?C???@A?_?@???A???WG????OC??????QD_?E???@_?CAG?A?`????O???K?A????CO?O??????G?_C?????Pg@??A??C???A?O@C?????G?S?A???Q?????G?_?@?O??G??_O??@????G???C???GO?G@??_C?@?G??O???GC???I???????O@???@?H?????A?PG_????????CK_@?O??G??c??O?G??@C??G????GC?I??????W?C?O?O?O???cA????GGO@????A@????A?GAOG????,[(59-60)-(55-62)-(52-56)-(46-66)-(45-57)-(39-43)-(38-42)-(35-63)-(34-61)-(30-49)-(29-41)-(28-65)-(27-37)-(26-40)-(24-47)-(23-25)-(22-44)-(20-48)-(19-68)-(16-69)-(15-31)-(14-54)-(13-36)-(12-17)-(11-58)-(10-51)-(9-50)-(8-18)-(7-64)-(6-53)-(5-32)-(4-67)-(3-21)-(1-33)-(0-2)],0.00040602684020996094,0.01852869987487793,1,True,0
~?@EO???C?@?O?A@???IOC?o?O?CAO@?A??G???C?O_A???O????A????@O?G????CC?O?????@????O?C??_O?C??A?O`?G????C?GCC???O??O????A@?C?C???@A?_?@???A???WG????OC??????QD_?E???@_?CAG?A?`????O???K?A????CO?O??????G?_C?????Pg@??A??C???A?O@C?????G?S?A???Q?????G?_?@?O??G??_O??@????G???C???GO?G@??_C?@?G??O???GC???I???????O@???@?H?????A?PG_????????CK_@?O??G??c??O?G??@C??G????GC?I??????W?C?O?O?O???cA????GGO@????A@????A?GAOG????,[(59-60)-(55-62)-(52-56)-(46-66)-(45-57)-(39-43)-(38-42)-(35-63)-(34-61)-(30-49)-(29-41)-(28-65)-(27-37)-(26-40)-(24-47)-(23-25)-(22-44)-(20-48)-(19-68)-(16-69)-(15-31)-(14-54)-(13-36)-(12-17)-(11-58)-(10-51)-(9-50)-(8-18)-(7-64)-(6-53)-(5-32)-(4-67)-(3-21)-(1-33)-(0-2)],0.0003552436828613281,0.018084287643432617,1,True,0
~?@EO???C?@?O?A@???IOC?o?O?CAO@?A??G???C?O_A???O????A????@O?G????CC?O?????@????O?C??_O?C??A?O`?G????C?GCC???O??O????A@?C?C???@A?_?@???A???WG????OC??????QD_?E???@_?CAG?A?`????O???K?A????CO?O??????G?_C?????Pg@??A??C???A?O@C?????G?S?A???Q?????G?_?@?O??G??_O??@????G???C???GO?G@??_C?@?G??O???GC???I???????O@???@?H?????A?PG_????????CK_@?O??G??c??O?G??@C??G????GC?I??????W?C?O?O?O???cA????GGO@????A@????A?GAOG????,[(59-60)-(55-62)-(52-56)-(46-66)-(45-57)-(39-42)-(38-43)-(35-63)-(34-61)-(30-49)-(29-41)-(28-65)-(27-37)-(26-40)-(24-47)-(23-25)-(22-44)-(20-48)-(19-68)-(16-69)-(15-31)-(14-54)-(13-36)-(12-17)-(11-58)-(10-51)-(9-50)-(8-18)-(7-64)-(6-53)-(5-32)-(4-67)-(3-21)-(1-33)-(0-2)],0.00037932395935058594,0.044075965881347656,2,True,0
~?@EO???C?@?O?A@???IOC?o?O?CAO@?A??G???C?O_A???O????A????@O?G????CC?O?????@????O?C??_O?C??A?O`?G????C?GCC???O??O????A@?C?C???@A?_?@???A???WG????OC??????QD_?E???@_?CAG?A?`????O???K?A????CO?O??????G?_C?????Pg@??A??C???A?O@C?????G?S?A???Q?????G?_?@?O??G??_O??@????G???C???GO?G@??_C?@?G??O???GC???I???????O@???@?H?????A?PG_????????CK_@?O??G??c??O?G??@C??G????GC?I??????W?C?O?O?O???cA????GGO@????A@????A?GAOG????,[(59-60)-(55-62)-(52-56)-(46-66)-(45-57)-(39-42)-(38-43)-(35-63)-(34-61)-(30-49)-(29-41)-(28-65)-(27-37)-(26-40)-(24-47)-(23-25)-(22-44)-(20-48)-(19-68)-(16-69)-(15-31)-(14-54)-(13-36)-(12-17)-(11-58)-(10-51)-(9-50)-(8-18)-(7-64)-(6-53)-(5-32)-(4-67)-(3-21)-(1-33)-(0-2)],0.00038814544677734375,0.01913762092590332,1,True,0
~?@EO???C?@?O?A@???IOC?o?O?CAO@?A??G???C?O_A???O????A????@O?G????CC?O?????@????O?C??_O?C??A?O`?G????C?GCC???O??O????A@?C?C???@A?_?@???A???WG????OC??????QD_?E???@_?CAG?A?`????O???K?A????CO?O??????G?_C?????Pg@??A??C???A?O@C?????G?S?A???Q?????G?_?@?O??G??_O??@????G???C???GO?G@??_C?@?G??O???GC???I???????O@???@?H?????A?PG_????????CK_@?O??G??c??O?G??@C??G????GC?I??????W?C?O?O?O???cA????GGO@????A@????A?GAOG????,[(55-62)-(52-56)-(46-66)-(45-57)-(39-43)-(38-42)-(35-63)-(34-61)-(30-49)-(29-41)-(28-65)-(27-37)-(26-40)-(25-59)-(24-47)-(23-60)-(22-44)-(20-48)-(19-68)-(16-69)-(15-31)-(14-54)-(13-36)-(12-17)-(11-58)-(10-51)-(9-50)-(8-18)-(7-64)-(6-53)-(5-32)-(4-67)-(3-21)-(1-33)-(0-2)],0.0003840923309326172,0.028664827346801758,1,True,0
~?@EO???C?@?O?A@???IOC?o?O?CAO@?A??G???C?O_A???O????A????@O?G????CC?O?????@????O?C??_O?C??A?O`?G????C?GCC???O??O????A@?C?C???@A?_?@???A???WG????OC??????QD_?E???@_?CAG?A?`????O???K?A????CO?O??????G?_C?????Pg@??A??C???A?O@C?????G?S?A???Q?????G?_?@?O??G??_O??@????G???C???GO?G@??_C?@?G??O???GC???I???????O@???@?H?????A?PG_????????CK_@?O??G??c??O?G??@C??G????GC?I??????W?C?O?O?O???cA????GGO@????A@????A?GAOG????,[(55-62)-(52-56)-(46-66)-(45-57)-(39-43)-(38-42)-(35-63)-(34-61)-(30-49)-(29-41)-(28-65)-(27-37)-(26-40)-(25-59)-(24-47)-(23-60)-(22-44)-(20-48)-(19-68)-(16-69)-(15-31)-(14-54)-(13-36)-(12-17)-(11-58)-(10-51)-(9-50)-(8-18)-(7-64)-(6-53)-(5-32)-(4-67)-(3-21)-(1-33)-(0-2)],0.00037407875061035156,0.028096675872802734,1,True,0
~?@EO???C?@?O?A@???IOC?o?O?CAO@?A??G???C?O_A???O????A????@O?G????CC?O?????@????O?C??_O?C??A?O`?G????C?GCC???O??O????A@?C?C???@A?_?@???A???WG????OC??????QD_?E???@_?CAG?A?`????O???K?A????CO?O??????G?_C?????Pg@??A??C???A?O@C?????G?S?A???Q?????G?_?@?O??G??_O??@????G???C???GO?G@??_C?@?G??O???GC???I???????O@???@?H?????A?PG_????????CK_@?O??G??c??O?G??@C??G????GC?I??????W?C?O?O?O???cA????GGO@????A@????A?GAOG????,[(55-62)-(52-56)-(46-66)-(45-57)-(39-42)-(38-43)-(35-63)-(34-61)-(30-49)-(29-41)-(28-65)-(27-37)-(26-40)-(25-59)-(24-47)-(23-60)-(22-44)-(20-48)-(19-68)-(16-69)-(15-31)-(14-54)-(13-36)-(12-17)-(11-58)-(10-51)-(9-50)-(8-18)-(7-64)-(6-53)-(5-32)-(4-67)-(3-21)-(1-33)-(0-2)],0.00039386749267578125,0.028072118759155273,1,True,0
~?@EO???C?@?O?A@???IOC?o?O?CAO@?A??G???C?O_A???O????A????@O?G????CC?O?????@????O?C??_O?C??A?O`?G????C?GCC???O??O????A@?C?C???@A?_?@???A???WG????OC??????QD_?E???@_?CAG?A?`????O???K?A????CO?O??????G?_C?????Pg@??A??C???A?O@C?????G?S?A???Q?????G?_?@?O??G??_O??@????G???C???GO?G@??_C?@?G??O???GC???I???????O@???@?H?????A?PG_????????CK_@?O??G??c??O?G??@C??G????GC?I??????W?C?O?O?O???cA????GGO@????A@????A?GAOG????,[(55-62)-(52-56)-(46-66)-(45-57)-(39-42)-(38-43)-(35-63)-(34-61)-(30-49)-(29-41)-(28-65)-(27-37)-(26-40)-(25-59)-(24-47)-(23-60)-(22-44)-(20-48)-(19-68)-(16-69)-(15-31)-(14-54)-(13-36)-(12-17)-(11-58)-(10-51)-(9-50)-(8-18)-(7-64)-(6-53)-(5-32)-(4-67)-(3-21)-(1-33)-(0-2)],0.0003662109375,0.045140981674194336,2,True,0
~?@EO???C?@?O?A@???IOC?o?O?CAO@?A??G???C?O_A???O????A????@O?G????CC?O?????@????O?C??_O?C??A?O`?G????C?GCC???O??O????A@?C?C???@A?_?@???A???WG????OC??????QD_?E???@_?CAG?A?`????O???K?A????CO?O??????G?_C?????Pg@??A??C???A?O@C?????G?S?A???Q?????G?_?@?O??G??_O??@????G???C???GO?G@??_C?@?G??O???GC???I???????O@???@?H?????A?PG_????????CK_@?O??G??c??O?G??@C??G????GC?I??????W?C?O?O?O???cA????GGO@????A@????A?GAOG????,[(59-60)-(55-62)-(52-56)-(46-65)-(45-57)-(38-43)-(35-63)-(34-61)-(30-48)-(29-41)-(28-42)-(27-37)-(26-40)-(25-49)-(24-47)-(23-66)-(22-44)-(20-39)-(19-68)-(16-69)-(15-31)-(14-54)-(13-36)-(12-17)-(11-58)-(10-51)-(9-50)-(8-18)-(7-64)-(6-53)-(5-32)-(4-67)-(3-21)-(1-33)-(0-2)],0.0003998279571533203,0.06369924545288086,3,True,0
~?@EO???C?@?O?A@???IOC?o?O?CAO@?A??G???C?O_A???O????A????@O?G????CC?O?????@????O?C??_O?C??A?O`?G????C?GCC???O??O????A@?C?C???@A?_?@???A???WG????OC??????QD_?E???@_?CAG?A?`????O???K?A????CO?O??????G?_C?????Pg@??A??C???A?O@C?????G?S?A???Q?????G?_?@?O??G??_O??@????G???C???GO?G@??_C?@?G??O???GC???I???????O@???@?H?????A?PG_????????CK_@?O??G??c??O?G??@C??G????GC?I??????W?C?O?O?O???cA????GGO@????A@????A?GAOG????,[(59-60)-(55-62)-(52-56)-(46-65)-(45-57)-(38-43)-(35-63)-(34-61)-(30-48)-(29-41)-(28-42)-(27-37)-(26-40)-(25-49)-(24-47)-(23-66)-(22-44)-(20-39)-(19-68)-(16-69)-(15-31)-(14-54)-(13-36)-(12-17)-(11-58)-(10-51)-(9-50)-(8-18)-(7-64)-(6-53)-(5-32)-(4-67)-(3-21)-(1-33)-(0-2)],0.00038123130798339844,0.09982991218566895,5,True,0
~?@EO???C?@?O?A@???IOC?o?O?CAO@?A??G???C?O_A???O????A????@O?G????CC?O?????@????O?C??_O?C??A?O`?G????C?GCC???O??O????A@?C?C???@A?_?@???A???WG????OC??????QD_?E???@_?CAG?A?`????O???K?A????CO?O??????G?_C?????Pg@??A??C???A?O@C?????G?S?A???Q?????G?_?@?O??G??_O??@????G???C???GO?G@??_C?@?G??O???GC???I???????O@???@?H?????A?PG_????????CK_@?O??G??c??O?G??@C??G????GC?I??????W?C?O?O?O???cA????GGO@????A@????A?GAOG????,[(59-60)-(55-62)-(52-56)-(45-57)-(43-61)-(41-49)-(38-42)-(35-63)-(30-48)-(29-34)-(28-65)-(27-37)-(26-40)-(25-46)-(24-47)-(23-66)-(22-44)-(20-39)-(19-68)-(16-69)-(15-31)-(14-54)-(13-36)-(12-17)-(11-58)-(10-51)-(9-50)-(8-18)-(7-64)-(6-53)-(5-32)-(4-67)-(3-21)-(1-33)-(0-2)],0.00041985511779785156,0.08238363265991211,4,True,0
~?@EO???C?@?O?A@???IOC?o?O?CAO@?A??G???C?O_A???O????A????@O?G????CC?O?????@????O?C??_O?C??A?O`?G????C?GCC???O??O????A@?C?C???@A?_?@???A???WG????OC??????QD_?E???@_?CAG?A?`????O???K?A????CO?O??????G?_C?????Pg@??A??C???A?O@C?????G?S?A???Q?????G?_?@?O??G??_O??@????G???C???GO?G@??_C?@?G??O???GC???I???????O@???@?H?????A?PG_????????CK_@?O??G??c??O?G??@C??G????GC?I??????W?C?O?O?O???cA????GGO@????A@????A?GAOG????,[(59-60)-(55-62)-(52-56)-(45-57)-(43-61)-(41-49)-(38-42)-(35-63)-(30-48)-(29-34)-(28-65)-(27-37)-(26-40)-(25-46)-(24-47)-(23-66)-(22-44)-(20-39)-(19-68)-(16-69)-(15-31)-(14-54)-(13-36)-(12-17)-(11-58)-(10-51)-(9-50)-(8-18)-(7-64)-(6-53)-(5-32)-(4-67)-(3-21)-(1-33)-(0-2)],0.0003676414489746094,0.09995269775390625,5,True,0
~?@EO???C?@?O?A@???IOC?o?O?CAO@?A??G???C?O_A???O????A????@O?G????CC?O?????@????O?C??_O?C??A?O`?G????C?GCC???O??O????A@?C?C???@A?_?@???A???WG????OC??????QD_?E???@_?CAG?A?`????O???K?A????CO?O??????G?_C?????Pg@??A??C???A?O@C?????G?S?A???Q?????G?_?@?O??G??_O??@????G???C???GO?G@??_C?@?G??O???GC???I???????O@???@?H?????A?PG_????????CK_@?O??G??c??O?G??@C??G????GC?I??????W?C?O?O?O???cA????GGO@????A@????A?GAOG????,[(59-60)-(55-62)-(45-57)-(43-61)-(41-49)-(38-42)-(35-63)-(34-52)-(30-48)-(29-56)-(28-65)-(27-37)-(26-40)-(25-46)-(24-47)-(23-66)-(22-44)-(20-39)-(19-68)-(16-69)-(15-31)-(14-54)-(13-36)-(12-17)-(11-58)-(10-51)-(9-50)-(8-18)-(7-64)-(6-53)-(5-32)-(4-67)-(3-21)-(1-33)-(0-2)],0.0004088878631591797,0.028423309326171875,1,True,0
~?@EO???C?@?O?A@???IOC?o?O?CAO@?A??G???C?O_A???O????A????@O?G????CC?O?????@????O?C??_O?C??A?O`?G????C?GCC???O??O????A@?C?C???@A?_?@???A???WG????OC??????QD_?E???@_?CAG?A?`????O???K?A????CO?O??????G?_C?????Pg@??A??C???A?O@C?????G?S?A???Q?????G?_?@?O??G??_O??@????G???C???GO?G@??_C?@?G??O???GC???I???????O@???@?H?????A?PG_????????CK_@?O??G??c??O?G??@C??G????GC?I??????W?C?O?O?O???cA????GGO@????A@????A?GAOG????,[(59-60)-(55-62)-(45-57)-(43-61)-(41-49)-(38-42)-(35-63)-(34-52)-(30-48)-(29-56)-(28-65)-(27-37)-(26-40)-(25-46)-(24-47)-(23-66)-(22-44)-(20-39)-(19-68)-(16-69)-(15-31)-(14-54)-(13-36)-(12-17)-(11-58)-(10-51)-(9-50)-(8-18)-(7-64)-(6-53)-(5-32)-(4-67)-(3-21)-(1-33)-(0-2)],0.00035881996154785156,0.028271198272705078,1,True,0
~?@E??A??O??OO@QGG?@?C?????O?@?GOG??A??_@O??@?G?????????@??_??GO???O???_??Gc_???P_e????@?W?A??@???@??GO?A??A???c?_?@????G_AC????A?G???O??o????S?A??_?O?C?O_??aO??????H?C@?AG????@?O?C??C?AAA@??????G?C?CI?????S??O??C?G?G??AO??A_??@C?c_??O????C??_A?P?G?????A??O?????_?C?CC??????????@T?????O????_??G?D?O????OS????Q?_A`??A?????O??G??A???A??_???L??C???CK???G????@??I???a?@????G?@??A???_?_?_I??_????_@O?@G???????E@?,[(62-66)-(58-60)-(57-69)-(53-63)-(45-51)-(41-56)-(40-61)-(39-42)-(37-50)-(33-52)-(31-65)-(28-55)-(27-35)-(26-30)-(25-59)-(24-46)-(23-29)-(22-44)-(21-47)-(20-48)-(16-54)-(15-43)-(14-38)-(13-67)-(12-36)-(11-18)-(9-64)-(8-34)-(7-32)-(5-19)-(4-10)-(3-17)-(2-49)-(1-6)-(0-68)],0.000377655029296875,0.06353068351745605,3,True,0
~?@E??A??O??OO@QGG?@?C?????O?@?GOG??A??_@O??@?G?????????@??_??GO???O???_??Gc_???P_e????@?W?A??@???@??GO?A??A???c?_?@????G_AC????A?G???O??o????S?A??_?O?C?O_??aO??????H?C@?AG????@?O?C??C?AAA@??????G?C?CI?????S??O??C?G?G??AO??A_??@C?c_??O????C??_A?P?G?????A??O?????_?C?CC??????????@T?????O????_??G?D?O????OS????Q?_A`??A?????O??G??A???A??_???L??C???CK???G????@??I???a?@????G?@??A???_?_?_I??_????_@O?@G???????E@?,[(62-66)-(58-60)-(57-69)-(53-63)-(45-51)-(41-56)-(40-61)-(39-42)-(37-50)-(33-52)-(31-65)-(28-55)-(27-35)-(26-30)-(25-59)-(24-46)-(23-29)-(22-44)-(21-47)-(20-48)-(16-54)-(15-43)-(14-38)-(13-67)-(12-36)-(11-18)-(9-64)-(8-34)-(7-32)-(5-19)-(4-10)-(3-17)-(2-49)-(1-6)-(0-68)],0.00037026405334472656,0.08185648918151855,4,True,0
~?@E??A??O??OO@QGG?@?C?????O?@?GOG??A??_@O??@?G?????????@??_??GO???O???_??Gc_???P_e????@?W?A??@???@??GO?A??A???c?_?@????G_AC????A?G???O??o????S?A??_?O?C?O_??aO??????H?C@?AG????@?O?C??C?AAA@??????G?C?CI?????S??O??C?G?G??AO??A_??@C?c_??O????C??_A?P?G?????A??O?????_?C?CC??????????@T?????O????_??G?D?O????OS????Q?_A`??A?????O??G??A???A??_???L??C???CK???G????@??I???a?@????G?@??A???_?_?_I??_????_@O?@G???????E@?,[(62-66)-(58-60)-(57-69)-(45-51)-(41-56)-(40-61)-(39-42)-(37-50)-(35-53)-(33-52)-(31-65)-(28-55)-(27-63)-(26-30)-(25-59)-(24-46)-(23-29)-(22-44)-(21-47)-(20-48)-(16-54)-(15-43)-(14-38)-(13-67)-(12-36)-(11-18)-(9-64)-(8-34)-(7-32)-(5-19)-(4-10)-(3-17)-(2-49)-(1-6)-(0-68)],0.0004200935363769531,0.06311488151550293,3,True,0
~?@E??A??O??OO@QGG?@?C?????O?@?GOG??A??_@O??@?G?????????@??_??GO???O???_??Gc_???P_e????@?W?A??@???@??GO?A??A???c?_?@????G_AC????A?G???O??o????S?A??_?O?C?O_??aO??????H?C@?AG????@?O?C??C?AAA@??????G?C?CI?????S??O??C?G?G??AO??A_??@C?c_??O????C??_A?P?G?????A??O?????_?C?CC??????????@T?????O????_??G?D?O????OS????Q?_A`??A?????O??G??A???A??_???L??C???CK???G????@??I???a?@????G?@??A???_?_?_I??_????_@O?@G???????E@?,[(62-66)-(58-60)-(57-69)-(45-51)-(41-56)-(40-61)-(39-42)-(37-50)-(35-53)-(33-52)-(31-65)-(28-55)-(27-63)-(26-30)-(25-59)-(24-46)-(23-29)-(22-44)-(21-47)-(20-48)-(16-54)-(15-43)-(14-38)-(13-67)-(12-36)-(11-18)-(9-64)-(8-34)-(7-32)-(5-19)-(4-10)-(3-17)-(2-49)-(1-6)-(0-68)],0.00037860870361328125,0.06295537948608398,3,True,0
~?@E??A??O??OO@QGG?@?C?????O?@?GOG??A??_@O??@?G?????????@??_??GO???O???_??Gc_???P_e????@?W?A??@???@??GO?A??A???c?_?@????G_AC????A?G???O??o????S?A??_?O?C?O_??aO??????H?C@?AG????@?O?C??C?AAA@??????G?C?CI?????S??O??C?G?G??AO??A_??@C?c_??O????C??_A?P?G?????A??O?????_?C?CC??????????@T?????O????_??G?D?O????OS????Q?_A`??A?????O??G??A???A??_???L??C???CK???G????@??I???a?@????G?@??A???_?_?_I??_????_@O?@G???????E@?,[(62-66)-(58-69)-(53-57)-(45-51)-(41-56)-(40-59)-(39-42)-(37-50)-(35-44)-(33-52)-(31-65)-(28-55)-(27-63)-(26-29)-(25-60)-(24-46)-(23-61)-(22-30)-(21-47)-(20-48)-(16-54)-(15-43)-(14-38)-(13-67)-(12-36)-(11-18)-(9-64)-(8-34)-(7-32)-(5-19)-(4-10)-(3-17)-(2-49)-(1-6)-(0-68)],0.0003845691680908203,0.04396677017211914,2,True,0
~?@E??A??O??OO@QGG?@?C?????O?@?GOG??A??_@O??@?G?????????@??_??GO???O???_??Gc_???P_e????@?W?A??@???@??GO?A??A???c?_?@????G_AC????A?G???O??o????S?A??_?O?C?O_??aO??????H?C@?AG????@?O?C??C?AAA@??????G?C?CI?????S??O??C?G?G??AO??A_??@C?c_??O????C??_A?P?G?????A??O?????_?C?CC??????????@T?????O????_??G?D?O????OS????Q?_A`??A?????O??G??A???A??_???L??C???CK???G????@??I???a?@????G?@??A???_?_?_I??_????_@O?@G???????E@?,[(62-66)-(58-69)-(53-57)-(45-51)-(41-56)-(40-59)-(39-42)-(37-50)-(35-44)-(33-52)-(31-65)-(28-55)-(27-63)-(26-29)-(25-60)-(24-46)-(23-61)-(22-30)-(21-47)-(20-48)-(16-54)-(15-43)-(14-38)-(13-67)-(12-36)-(11-18)-(9-64)-(8-34)-(7-32)-(5-19)-(4-10)-(3-17)-(2-49)-(1-6)-(0-68)],0.0003609657287597656,0.06471562385559082,3,True,0
~?@E??A??O??OO@QGG?@?C?????O?@?GOG??A??_@O??@?G?????????@??_??GO???O???_??Gc_???P_e????@?W?A??@???@??GO?A??A???c?_?@????G_AC????A?G???O??o????S?A??_?O?C?O_??aO??????H?C@?AG????@?O?C??C?AAA@??????G?C?CI?????S??O??C?G?G??AO??A_??@C?c_??O????C??_A?P?G?????A??O?????_?C?CC??????????@T?????O????_??G?D?O????OS????Q?_A`??A?????O??G??A???A??_???L??C???CK???G????@??I???a?@????G?@??A???_?_?_I??_????_@O?@G???????E@?,[(62-66)-(58-60)-(57-69)-(53-63)-(45-51)-(41-56)-(40-59)-(39-42)-(37-50)-(33-52)-(31-65)-(28-55)-(27-35)-(26-29)-(25-44)-(24-46)-(23-61)-(22-30)-(21-47)-(20-48)-(16-54)-(15-43)-(14-38)-(13-67)-(12-36)-(11-18)-(9-64)-(8-34)-(7-32)-(5-19)-(4-10)-(3-17)-(2-49)-(1-6)-(0-68)],0.00038123130798339844,0.028408288955688477,1,True,0
~?@E??A??O??OO@QGG?@?C?????O?@?GOG??A??_@O??@?G?????????@??_??GO???O???_??Gc_???P_e????@?W?A??@???@??GO?A??A???c?_?@????G_AC????A?G???O??o????S?A??_?O?C?O_??aO??????H?C@?AG????@?O?C??C?AAA@??????G?C?CI?????S??O??C?G?G??AO??A_??@C?c_??O????C??_A?P?G?????A??O?????_?C?CC??????????@T?????O????_??G?D?O????OS????Q?_A`??A?????O??G??A???A??_???L??C???CK???G????@??I???a?@????G?@??A???_?_?_I??_????_@O?@G???????E@?,[(62-66)-(58-60)-(57-69)-(53-63)-(45-51)-(41-56)-(40-59)-(39-42)-(37-50)-(33-52)-(31-65)-(28-55)-(27-35)-(26-29)-(25-44)-(24-46)-(23-61)-(22-30)-(21-47)-(20-48)-(16-54)-(15-43)-(14-38)-(13-67)-(12-36)-(11-18)-(9-64)-(8-34)-(7-32)-(5-19)-(4-10)-(3-17)-(2-49)-(1-6)-(0-68)],0.0003604888916015625,0.06410384178161621,3,True,0
~?@E??A??O??OO@QGG?@?C?????O?@?GOG??A??_@O??@?G?????????@??_??GO???O???_??Gc_???P_e????@?W?A??@???@??GO?A??A???c?_?@????G_AC????A?G???O??o????S?A??_?O?C?O_??aO??????H?C@?AG????@?O?C??C?AAA@??????G?C?CI?????S??O??C?G?G??AO??A_??@C?c_??O????C??_A?P?G?????A??O?????_?C?CC??????????@T?????O????_??G?D?O????OS????Q?_A`??A?????O??G??A???A??_???L??C???CK???G????@??I???a?@????G?@??A???_?_?_I??_????_@O?@G???????E@?,[(62-66)-(58-60)-(57-69)-(45-51)-(41-56)-(40-59)-(39-42)-(37-50)-(35-53)-(33-52)-(31-65)-(28-55)-(27-63)-(26-29)-(25-44)-(24-46)-(23-61)-(22-30)-(21-47)-(20-48)-(16-54)-(15-43)-(14-38)-(13-67)-(12-36)-(11-18)-(9-64)-(8-34)-(7-32)-(5-19)-(4-10)-(3-17)-(2-49)-(1-6)-(0-68)],0.0004127025604248047,0.018352508544921875,1,True,0
~?@E??A??O??OO@QGG?@?C?????O?@?GOG??A??_@O??@?G?????????@??_??GO???O???_??Gc_???P_e????@?W?A??@???@??GO?A??A???c?_?@????G_AC????A?G???O??o????S?A??_?O?C?O_??aO??????H?C@?AG????@?O?C??C?AAA@??????G?C?CI?????S??O??C?G?G??AO??A_??@C?c_??O????C??_A?P?G?????A??O?????_?C?CC??????????@T?????O????_??G?D?O????OS????Q?_A`??A?????O??G??A???A??_???L??C???CK???G????@??I???a?@????G?@??A???_?_?_I??_????_@O?@G???????E@?,[(62-66)-(58-60)-(57-69)-(45-51)-(41-56)-(40-59)-(39-42)-(37-50)-(35-53)-(33-52)-(31-65)-(28-55)-(27-63)-(26-29)-(25-44)-(24-46)-(23-61)-(22-30)-(21-47)-(20-48)-(16-54)-(15-43)-(14-38)-(13-67)-(12-36)-(11-18)-(9-64)-(8-34)-(7-32)-(5-19)-(4-10)-(3-17)-(2-49)-(1-6)-(0-68)],0.0003666877746582031,0.08477592468261719,4,True,0
~?@E??A??O??OO@QGG?@?C?????O?@?GOG??A??_@O??@?G?????????@??_??GO???O???_??Gc_???P_e????@?W?A??@???@??GO?A??A???c?_?@????G_AC????A?G???O??o????S?A??_?O?C?O_??aO??????H?C@?AG????@?O?C??C?AAA@??????G?C?CI?????S??O??C?G?G??AO??A_??@C?c_??O????C??_A?P?G?????A??O?????_?C?CC??????????@T?????O????_??G?D?O????OS????Q?_A`??A?????O??G??A???A??_???L??C???CK???G????@??I???a?@????G?@??A???_?_?_I??_????_@O?@G???????E@?,[(58-69)-(56-63)-(55-57)-(46-65)-(45-51)-(40-59)-(39-42)-(37-50)-(35-53)-(33-48)-(31-62)-(28-47)-(27-30)-(26-29)-(25-60)-(24-41)-(23-61)-(22-44)-(21-52)-(20-66)-(16-54)-(15-43)-(14-38)-(13-67)-(12-36)-(11-18)-(9-64)-(8-34)-(7-32)-(5-19)-(4-10)-(3-17)-(2-49)-(1-6)-(0-68)],0.00038909912109375,0.0624234676361084,3,True,0
~?@E??A??O??OO@QGG?@?C?????O?@?GOG??A??_@O??@?G?????????@??_??GO???O???_??Gc_???P_e????@?W?A??@???@??GO?A??A???c?_?@????G_AC????A?G???O??o????S?A??_?O?C?O_??aO??????H?C@?AG????@?O?C??C?AAA@??????G?C?CI?????S??O??C?G?G??AO??A_??@C?c_??O????C??_A?P?G?????A??O?????_?C?CC??????????@T?????O????_??G?D?O????OS????Q?_A`??A?????O??G??A???A??_???L??C???CK???G????@??I???a?@????G?@??A???_?_?_I??_????_@O?@G???????E@?,[(58-69)-(56-63)-(55-57)-(46-65)-(45-51)-(40-59)-(39-42)-(37-50)-(35-53)-(33-48)-(31-62)-(28-47)-(27-30)-(26-29)-(25-60)-(24-41)-(23-61)-(22-44)-(21-52)-(20-66)-(16-54)-(15-43)-(14-38)-(13-67)-(12-36)-(11-18)-(9-64)-(8-34)-(7-32)-(5-19)-(4-10)-(3-17)-(2-49)-(1-6)-(0-68)],0.0003814697265625,0.04413175582885742,2,True,0
~?@E??A??O??OO@QGG?@?C?????O?@?GOG??A??_@O??@?G?????????@??_??GO???O???_??Gc_???P_e????@?W?A??@???@??GO?A??A???c?_?@????G_AC????A?G???O??o????S?A??_?O?C?O_??aO??????H?C@?AG????@?O?C??C?AAA@??????G?C?CI?????S??O??C?G?G??AO??A_??@C?c_??O????C??_A?P?G?????A??O?????_?C?CC??????????@T?????O????_??G?D?O????OS????Q?_A`??A?????O??G??A???A??_???L??C???CK???G????@??I???a?@????G?@??A???_?_?_I??_????_@O?@G???????E@?,[(58-69)-(55-57)-(53-63)-(46-65)-(45-51)-(40-59)-(39-42)-(37-50)-(35-56)-(33-48)-(31-62)-(28-47)-(27-30)-(26-29)-(25-60)-(24-41)-(23-61)-(22-44)-(21-52)-(20-66)-(16-54)-(15-43)-(14-38)-(13-67)-(12-36)-(11-18)-(9-64)-(8-34)-(7-32)-(5-19)-(4-10)-(3-17)-(2-49)-(1-6)-(0-68)],0.0004191398620605469,0.04419898986816406,2,True,0
~?@E??A??O??OO@QGG?@?C?????O?@?GOG??A??_@O??@?G?????????@??_??GO???O???_??Gc_???P_e????@?W?A??@???@??GO?A??A???c?_?@????G_AC????A?G???O??o????S?A??_?O?C?O_??aO??????H?C@?AG????@?O?C??C?AAA@??????G?C?CI?????S??O??C?G?G??AO??A_??@C?c_??O????C??_A?P?G?????A??O?????_?C?CC??????????@T?????O????_??G?D?O????OS????Q?_A`??A?????O??G??A???A??_???L??C???CK???G????@??I???a?@????G?@??A???_?_?_I??_????_@O?@G???????E@?,[(58-69)-(55-57)-(53-63)-(46-65)-(45-51)-(40-59)-(39-42)-(37-50)-(35-56)-(33-48)-(31-62)-(28-47)-(27-30)-(26-29)-(25-60)-(24-41)-(23-61)-(22-44)-(21-52)-(20-66)-(16-54)-(15-43)-(14-38)-(13-67)-(12-36)-(11-18)-(9-64)-(8-34)-(7-32)-(5-19)-(4-10)-(3-17)-(2-49)-(1-6)-(0-68)],0.000370025634765625,0.030034780502319336,1,True,0
~?@E??A??O??OO@QGG?@?C?????O?@?GOG??A??_@O??@?G?????????@??_??GO???O???_??Gc_???P_e????@?W?A??@???@??GO?A??A???c?_?@????G_AC????A?G???O??o????S?A??_?O?C?O_??aO??????H?C@?AG????@?O?C??C?AAA@??????G?C?CI?????S??O??C?G?G??AO??A_??@C?c_??O????C??_A?P?G?????A??O?????_?C?CC??????????@T?????O????_??G?D?O????OS????Q?_A`??A?????O??G??A???A??_???L??C???CK???G????@??I???a?@????G?@??A???_?_?_I??_????_@O?@G???????E@?,[(58-69)-(56-63)-(55-60)-(53-57)-(46-65)-(45-51)-(40-61)-(39-42)-(37-50)-(33-48)-(31-62)-(28-47)-(27-35)-(26-30)-(25-59)-(24-41)-(23-29)-(22-44)-(21-52)-(20-66)-(16-54)-(15-43)-(14-38)-(13-67)-(12-36)-(11-18)-(9-64)-(8-34)-(7-32)-(5-19)-(4-10)-(3-17)-(2-49)-(1-6)-(0-68)],0.0003609657287597656,0.028568029403686523,1,True,0
~?@E??A??O??OO@QGG?@?C?????O?@?GOG??A??_@O??@?G?????????@??_??GO???O???_??Gc_???P_e????@?W?A??@???@??GO?A??A???c?_?@????G_AC????A?G???O??o????S?A??_?O?C?O_??aO??????H?C@?AG????@?O?C??C?AAA@??????G?C?CI?????S??O??C?G?G??AO??A_??@C?c_??O????C??_A?P?G?????A??O?????_?C?CC??????????@T?????O????_??G?D?O????OS????Q?_A`??A?????O??G??A???A??_???L??C???CK???G????@??I???a?@????G?@??A???_?_?_I??_????_@O?@G???????E@?,[(58-69)-(56-63)-(55-60)-(53-57)-(46-65)-(45-51)-(40-61)-(39-42)-(37-50)-(33-48)-(31-62)-(28-47)-(27-35)-(26-30)-(25-59)-(24-41)-(23-29)-(22-44)-(21-52)-(20-66)-(16-54)-(15-43)-(14-38)-(13-67)-(12-36)-(11-18)-(9-64)-(8-34)-(7-32)-(5-19)-(4-10)-(3-17)-(2-49)-(1-6)-(0-68)],0.0003829002380371094,0.06311750411987305,3,True,0
~?@E??A??O??OO@QGG?@?C?????O?@?GOG??A??_@O??@?G?????????@??_??GO???O???_??Gc_???P_e????@?W?A??@???@??GO?A??A???c?_?@????G_AC????A?G???O??o????S?A??_?O?C?O_??aO??????H?C@?AG????@?O?C??C?AAA@??????G?C?CI?????S??O??C?G?G??AO??A_??@C?c_??O????C??_A?P?G?????A??O?????_?C?CC??????????@T?????O????_??G?D?O????OS????Q?_A`??A?????O??G??A???A??_???L??C???CK???G????@??I???a?@????G?@??A???_?_?_I??_????_@O?@G???????E@?,[(58-69)-(56-63)-(55-57)-(46-65)-(45-51)-(40-61)-(39-42)-(37-50)-(35-53)-(33-48)-(31-62)-(28-47)-(27-60)-(26-30)-(25-59)-(24-41)-(23-29)-(22-44)-(21-52)-(20-66)-(16-54)-(15-43)-(14-38)-(13-67)-(12-36)-(11-18)-(9-64)-(8-34)-(7-32)-(5-19)-(4-10)-(3-17)-(2-49)-(1-6)-(0-68)],0.00036787986755371094,0.018224000930786133,1,True,0
~?@E??A??O??OO@QGG?@?C?????O?@?GOG??A??_@O??@?G?????????@??_??GO???O???_??Gc_???P_e????@?W?A??@???@??GO?A??A???c?_?@????G_AC????A?G???O??o????S?A??_?O?C?O_??aO??????H?C@?AG????@?O?C??C?AAA@??????G?C?CI?????S??O??C?G?G??AO??A_??@C?c_??O????C??_A?P?G?????A??O?????_?C?CC??????????@T?????O????_??G?D?O????OS????Q?_A`??A?????O??G??A???A??_???L??C???CK???G????@??I???a?@????G?@??A???_?_?_I??_????_@O?@G???????E@?,[(58-69)-(56-63)-(55-57)-(46-65)-(45-51)-(40-61)-(39-42)-(37-50)-(35-53)-(33-48)-(31-62)-(28-47)-(27-60)-(26-30)-(25-59)-(24-41)-(23-29)-(22-44)-(21-52)-(20-66)-(16-54)-(15-43)-(14-38)-(13-67)-(12-36)-(11-18)-(9-64)-(8-34)-(7-32)-(5-19)-(4-10)-(3-17)-(2-49)-(1-6)-(0-68)],0.00036454200744628906,0.08028602600097656,4,True,0
~?@E??A??O??OO@QGG?@?C?????O?@?GOG??A??_@O??@?G?????????@??_??GO???O???_??Gc_???P_e????@?W?A??@???@??GO?A??A???c?_?@????G_AC????A?G???O??o????S?A??_?O?C?O_??aO??????H?C@?AG????@?O?C??C?AAA@??????G?C?CI?????S??O??C?G?G??AO??A_??@C?c_??O????C??_A?P?G?????A??O?????_?C?CC??????????@T?????O????_??G?D?O????OS????Q?_A`??A?????O??G??A???A??_???L??C???CK???G????@??I???a?@????G?@??A???_?_?_I??_????_@O?@G???????E@?,[(58-69)-(55-57)-(53-63)-(46-65)-(45-51)-(40-61)-(39-42)-(37-50)-(35-56)-(33-48)-(31-62)-(28-47)-(27-60)-(26-30)-(25-59)-(24-41)-(23-29)-(22-44)-(21-52)-(20-66)-(16-54)-(15-43)-(14-38)-(13-67)-(12-36)-(11-18)-(9-64)-(8-34)-(7-32)-(5-19)-(4-10)-(3-17)-(2-49)-(1-6)-(0-68)],0.0003483295440673828,0.08311080932617188,4,True,0
~?@E??A??O??OO@QGG?@?C?????O?@?GOG??A??_@O??@?G?????????@??_??GO???O???_??Gc_???P_e????@?W?A??@???@??GO?A??A???c?_?@????G_AC????A?G???O??o????S?A??_?O?C?O_??aO??????H?C@?AG????@?O?C??C?AAA@??????G?C?CI?????S??O??C?G?G??AO??A_??@C?c_??O????C??_A?P?G?????A??O?????_?C?CC??????????@T?????O????_??G?D?O????OS????Q?_A`??A?????O??G??A???A??_???L??C???CK???G????@??I???a?@????G?@??A???_?_?_I??_????_@O?@G???????E@?,[(58-69)-(55-57)-(53-63)-(46-65)-(45-51)-(40-61)-(39-42)-(37-50)-(35-56)-(33-48)-(31-62)-(28-47)-(27-60)-(26-30)-(25-59)-(24-41)-(23-29)-(22-44)-(21-52)-(20-66)-(16-54)-(15-43)-(14-38)-(13-67)-(12-36)-(11-18)-(9-64)-(8-34)-(7-32)-(5-19)-(4-10)-(3-17)-(2-49)-(1-6)-(0-68)],0.0003790855407714844,0.044628143310546875,2,True,0
