G6,emparelhamento,canonical_time,solve_time,qtde_moves,resultado,max_depth
{????????????????????????????????????????????????????????????????????????B?cG?A@COA?O??aKW?@AG?O?bA?C??GJ?a??gC?_A?cA??BG?g??IGB????COCg?@@_??g?CU???_??g?c?G??U?_O????W?AK???D??oG???A[_?????@`P????A`?C_???O__OA?????GPGG???W_C?G????_GL??????`AO?O???C?Q?Q??????YOC?????A?I?`?????G@CS?????AGE?_?????,[(29-46)-(28-37)-(27-42)-(26-40)-(25-31)-(24-57)-(23-59)-(22-45)-(21-44)-(20-36)-(19-34)-(18-58)-(17-30)-(16-51)-(15-43)-(14-47)-(13-55)-(12-56)-(11-48)-(10-53)-(9-38)-(8-54)-(7-41)-(6-52)-(5-39)-(4-49)-(3-32)-(2-35)-(1-33)-(0-50)],0.00032019615173339844,0.041940927505493164,2,True,0
{????????????????????????????????????????????????????????????????????????B?cG?A@COA?O??aKW?@AG?O?bA?C??GJ?a??gC?_A?cA??BG?g??IGB????COCg?@@_??g?CU???_??g?c?G??U?_O????W?AK???D??oG???A[_?????@`P????A`?C_???O__OA?????GPGG???W_C?G????_GL??????`AO?O???C?Q?Q??????YOC?????A?I?`?????G@CS?????AGE?_?????,[(29-46)-(28-37)-(27-42)-(26-40)-(25-31)-(24-57)-(23-59)-(22-45)-(21-44)-(20-36)-(19-34)-(18-58)-(17-30)-(16-51)-(15-43)-(14-47)-(13-55)-(12-56)-(11-48)-(10-53)-(9-38)-(8-54)-(7-41)-(6-52)-(5-39)-(4-49)-(3-32)-(2-35)-(1-33)-(0-50)],0.0003178119659423828,0.041971445083618164,2,True,0
{????????????????????????????????????????????????????????????????????????B?cG?A@COA?O??aKW?@AG?O?bA?C??GJ?a??gC?_A?cA??BG?g??IGB????COCg?@@_??g?CU???_??g?c?G??U?_O????W?AK???D??oG???A[_?????@`P????A`?C_???O__OA?????GPGG???W_C?G????_GL??????`AO?O???C?Q?Q??????YOC?????A?I?`?????G@CS?????AGE?_?????,[(29-57)-(28-37)-(27-42)-(26-45)-(25-31)-(24-40)-(23-59)-(22-46)-(21-44)-(20-36)-(19-34)-(18-58)-(17-30)-(16-51)-(15-43)-(14-47)-(13-55)-(12-56)-(11-48)-(10-53)-(9-38)-(8-54)-(7-41)-(6-52)-(5-39)-(4-49)-(3-32)-(2-35)-(1-33)-(0-50)],0.0003299713134765625,0.10061812400817871,5,True,0
{????????????????????????????????????????????????????????????????????????B?cG?A@COA?O??aKW?@AG?O?bA?C??GJ?a??gC?_A?cA??BG?g??IGB????COCg?@@_??g?CU???_??g?c?G??U?_O????W?AK???D??oG???A[_?????@`P????A`?C_???O__OA?????GPGG???W_C?G????_GL??????`AO?O???C?Q?Q??????YOC?????A?I?`?????G@CS?????AGE?_?????,[(29-57)-(28-37)-(27-42)-(26-45)-(25-31)-(24-40)-(23-59)-(22-46)-(21-44)-(20-36)-(19-34)-(18-58)-(17-30)-(16-51)-(15-43)-(14-47)-(13-55)-(12-56)-(11-48)-(10-53)-(9-38)-(8-54)-(7-41)-(6-52)-(5-39)-(4-49)-(3-32)-(2-35)-(1-33)-(0-50)],0.0003247261047363281,0.02776956558227539,1,True,0
{????????????????????????????????????????????????????????????????????????B?cG?A@COA?O??aKW?@AG?O?bA?C??GJ?a??gC?_A?cA??BG?g??IGB????COCg?@@_??g?CU???_??g?c?G??U?_O????W?AK???D??oG???A[_?????@`P????A`?C_???O__OA?????GPGG???W_C?G????_GL??????`AO?O???C?Q?Q??????YOC?????A?I?`?????G@CS?????AGE?_?????,[(29-46)-(28-37)-(27-42)-(26-45)-(25-31)-(24-40)-(23-59)-(22-58)-(21-44)-(20-51)-(19-34)-(18-36)-(17-30)-(16-57)-(15-43)-(14-47)-(13-55)-(12-56)-(11-48)-(10-53)-(9-38)-(8-54)-(7-41)-(6-52)-(5-39)-(4-49)-(3-32)-(2-35)-(1-33)-(0-50)],0.0003364086151123047,0.02789759635925293,1,True,0
{????????????????????????????????????????????????????????????????????????B?cG?A@COA?O??aKW?@AG?O?bA?C??GJ?a??gC?_A?cA??BG?g??IGB????COCg?@@_??g?CU???_??g?c?G??U?_O????W?AK???D??oG???A[_?????@`P????A`?C_???O__OA?????GPGG???W_C?G????_GL??????`AO?O???C?Q?Q??????YOC?????A?I?`?????G@CS?????AGE?_?????,[(29-46)-(28-37)-(27-42)-(26-45)-(25-31)-(24-40)-(23-59)-(22-58)-(21-44)-(20-51)-(19-34)-(18-36)-(17-30)-(16-57)-(15-43)-(14-47)-(13-55)-(12-56)-(11-48)-(10-53)-(9-38)-(8-54)-(7-41)-(6-52)-(5-39)-(4-49)-(3-32)-(2-35)-(1-33)-(0-50)],0.0004763603210449219,0.04413914680480957,2,True,0
{????????????????????????????????????????????????????????????????????????B?cG?A@COA?O??aKW?@AG?O?bA?C??GJ?a??gC?_A?cA??BG?g??IGB????COCg?@@_??g?CU???_??g?c?G??U?_O????W?AK???D??oG???A[_?????@`P????A`?C_???O__OA?????GPGG???W_C?G????_GL??????`AO?O???C?Q?Q??????YOC?????A?I?`?????G@CS?????AGE?_?????,[(29-46)-(28-37)-(27-42)-(26-40)-(25-31)-(24-58)-(23-59)-(22-45)-(21-44)-(20-51)-(19-34)-(18-36)-(17-30)-(16-57)-(15-43)-(14-47)-(13-55)-(12-56)-(11-48)-(10-53)-(9-38)-(8-54)-(7-41)-(6-52)-(5-39)-(4-49)-(3-32)-(2-35)-(1-33)-(0-50)],0.0003256797790527344,0.07952332496643066,4,True,0
{????????????????????????????????????????????????????????????????????????B?cG?A@COA?O??aKW?@AG?O?bA?C??GJ?a??gC?_A?cA??BG?g??IGB????COCg?@@_??g?CU???_??g?c?G??U?_O????W?AK???D??oG???A[_?????@`P????A`?C_???O__OA?????GPGG???W_C?G????_GL??????`AO?O???C?Q?Q??????YOC?????A?I?`?????G@CS?????AGE?_?????,[(29-46)-(28-37)-(27-42)-(26-40)-(25-31)-(24-58)-(23-59)-(22-45)-(21-44)-(20-51)-(19-34)-(18-36)-(17-30)-(16-57)-(15-43)-(14-47)-(13-55)-(12-56)-(11-48)-(10-53)-(9-38)-(8-54)-(7-41)-(6-52)-(5-39)-(4-49)-(3-32)-(2-35)-(1-33)-(0-50)],0.0003256797790527344,0.04357600212097168,2,True,0
{????????????????????????????????????????????????????????????????????????B?cG?A@COA?O??aKW?@AG?O?bA?C??GJ?a??gC?_A?cA??BG?g??IGB????COCg?@@_??g?CU???_??g?c?G??U?_O????W?AK???D??oG???A[_?????@`P????A`?C_???O__OA?????GPGG???W_C?G????_GL??????`AO?O???C?Q?Q??????YOC?????A?I?`?????G@CS?????AGE?_?????,[(29-51)-(28-37)-(27-42)-(26-45)-(25-31)-(24-40)-(23-59)-(22-46)-(21-44)-(20-36)-(19-34)-(18-58)-(17-30)-(16-57)-(15-43)-(14-47)-(13-55)-(12-56)-(11-48)-(10-53)-(9-38)-(8-54)-(7-41)-(6-52)-(5-39)-(4-49)-(3-32)-(2-35)-(1-33)-(0-50)],0.00033593177795410156,0.06256937980651855,3,True,0
{????????????????????????????????????????????????????????????????????????B?cG?A@COA?O??aKW?@AG?O?bA?C??GJ?a??gC?_A?cA??BG?g??IGB????COCg?@@_??g?CU???_??g?c?G??U?_O????W?AK???D??oG???A[_?????@`P????A`?C_???O__OA?????GPGG???W_C?G????_GL??????`AO?O???C?Q?Q??????YOC?????A?I?`?????G@CS?????AGE?_?????,[(29-51)-(28-37)-(27-42)-(26-45)-(25-31)-(24-40)-(23-59)-(22-46)-(21-44)-(20-36)-(19-34)-(18-58)-(17-30)-(16-57)-(15-43)-(14-47)-(13-55)-(12-56)-(11-48)-(10-53)-(9-38)-(8-54)-(7-41)-(6-52)-(5-39)-(4-49)-(3-32)-(2-35)-(1-33)-(0-50)],0.00033736228942871094,0.061809539794921875,3,True,0
{????????????????????????????????????????????????????????????????????????B?cG?A@COA?O??aKW?@AG?O?bA?C??GJ?a??gC?_A?cA??BG?g??IGB????COCg?@@_??g?CU???_??g?c?G??U?_O????W?AK???D??oG???A[_?????@`P????A`?C_???O__OA?????GPGG???W_C?G????_GL??????`AO?O???C?Q?Q??????YOC?????A?I?`?????G@CS?????AGE?_?????,[(29-43)-(28-37)-(27-42)-(26-45)-(25-31)-(24-40)-(23-51)-(22-46)-(21-44)-(20-36)-(19-34)-(18-58)-(17-30)-(16-57)-(15-59)-(14-47)-(13-55)-(12-56)-(11-48)-(10-53)-(9-38)-(8-54)-(7-41)-(6-52)-(5-39)-(4-49)-(3-32)-(2-35)-(1-33)-(0-50)],0.0003571510314941406,0.07934975624084473,4,True,0
{????????????????????????????????????????????????????????????????????????B?cG?A@COA?O??aKW?@AG?O?bA?C??GJ?a??gC?_A?cA??BG?g??IGB????COCg?@@_??g?CU???_??g?c?G??U?_O????W?AK???D??oG???A[_?????@`P????A`?C_???O__OA?????GPGG???W_C?G????_GL??????`AO?O???C?Q?Q??????YOC?????A?I?`?????G@CS?????AGE?_?????,[(29-43)-(28-37)-(27-42)-(26-45)-(25-31)-(24-40)-(23-51)-(22-46)-(21-44)-(20-36)-(19-34)-(18-58)-(17-30)-(16-57)-(15-59)-(14-47)-(13-55)-(12-56)-(11-48)-(10-53)-(9-38)-(8-54)-(7-41)-(6-52)-(5-39)-(4-49)-(3-32)-(2-35)-(1-33)-(0-50)],0.0003325939178466797,0.02817511558532715,1,True,0
{????????????????????????????????????????????????????????????????????????B?cG?A@COA?O??aKW?@AG?O?bA?C??GJ?a??gC?_A?cA??BG?g??IGB????COCg?@@_??g?CU???_??g?c?G??U?_O????W?AK???D??oG???A[_?????@`P????A`?C_???O__OA?????GPGG???W_C?G????_GL??????`AO?O???C?Q?Q??????YOC?????A?I?`?????G@CS?????AGE?_?????,[(29-46)-(28-37)-(27-42)-(26-45)-(25-31)-(24-40)-(23-51)-(22-58)-(21-44)-(20-36)-(19-34)-(18-43)-(17-30)-(16-57)-(15-59)-(14-47)-(13-55)-(12-56)-(11-48)-(10-53)-(9-38)-(8-54)-(7-41)-(6-52)-(5-39)-(4-49)-(3-32)-(2-35)-(1-33)-(0-50)],0.0003681182861328125,0.044356584548950195,2,True,0
{????????????????????????????????????????????????????????????????????????B?cG?A@COA?O??aKW?@AG?O?bA?C??GJ?a??gC?_A?cA??BG?g??IGB????COCg?@@_??g?CU???_??g?c?G??U?_O????W?AK???D??oG???A[_?????@`P????A`?C_???O__OA?????GPGG???W_C?G????_GL??????`AO?O???C?Q?Q??????YOC?????A?I?`?????G@CS?????AGE?_?????,[(29-46)-(28-37)-(27-42)-(26-45)-(25-31)-(24-40)-(23-51)-(22-58)-(21-44)-(20-36)-(19-34)-(18-43)-(17-30)-(16-57)-(15-59)-(14-47)-(13-55)-(12-56)-(11-48)-(10-53)-(9-38)-(8-54)-(7-41)-(6-52)-(5-39)-(4-49)-(3-32)-(2-35)-(1-33)-(0-50)],0.0003323554992675781,0.01917862892150879,1,True,0
{????????????????????????????????????????????????????????????????????????B?cG?A@COA?O??aKW?@AG?O?bA?C??GJ?a??gC?_A?cA??BG?g??IGB????COCg?@@_??g?CU???_??g?c?G??U?_O????W?AK???D??oG???A[_?????@`P????A`?C_???O__OA?????GPGG???W_C?G????_GL??????`AO?O???C?Q?Q??????YOC?????A?I?`?????G@CS?????AGE?_?????,[(29-46)-(28-37)-(27-42)-(26-40)-(25-31)-(24-58)-(23-51)-(22-45)-(21-44)-(20-36)-(19-34)-(18-43)-(17-30)-(16-57)-(15-59)-(14-47)-(13-55)-(12-56)-(11-48)-(10-53)-(9-38)-(8-54)-(7-41)-(6-52)-(5-39)-(4-49)-(3-32)-(2-35)-(1-33)-(0-50)],0.0003275871276855469,0.10470461845397949,5,True,0
{????????????????????????????????????????????????????????????????????????B?cG?A@COA?O??aKW?@AG?O?bA?C??GJ?a??gC?_A?cA??BG?g??IGB????COCg?@@_??g?CU???_??g?c?G??U?_O????W?AK???D??oG???A[_?????@`P????A`?C_???O__OA?????GPGG???W_C?G????_GL??????`AO?O???C?Q?Q??????YOC?????A?I?`?????G@CS?????AGE?_?????,[(29-46)-(28-37)-(27-42)-(26-40)-(25-31)-(24-58)-(23-51)-(22-45)-(21-44)-(20-36)-(19-34)-(18-43)-(17-30)-(16-57)-(15-59)-(14-47)-(13-55)-(12-56)-(11-48)-(10-53)-(9-38)-(8-54)-(7-41)-(6-52)-(5-39)-(4-49)-(3-32)-(2-35)-(1-33)-(0-50)],0.00032830238342285156,0.061208486557006836,3,True,0
{????????????????????????????????????????????????????????????????????????B?cG?A@COA?O??aKW?@AG?O?bA?C??GJ?a??gC?_A?cA??BG?g??IGB????COCg?@@_??g?CU???_??g?c?G??U?_O????W?AK???D??oG???A[_?????@`P????A`?C_???O__OA?????GPGG???W_C?G????_GL??????`AO?O???C?Q?Q??????YOC?????A?I?`?????G@CS?????AGE?_?????,[(29-46)-(28-37)-(27-42)-(26-45)-(25-31)-(24-57)-(23-59)-(22-55)-(21-44)-(20-36)-(19-34)-(18-58)-(17-30)-(16-51)-(15-43)-(14-47)-(13-40)-(12-56)-(11-48)-(10-53)-(9-38)-(8-54)-(7-41)-(6-52)-(5-39)-(4-49)-(3-32)-(2-35)-(1-33)-(0-50)],0.0003256797790527344,0.06070876121520996,3,True,0
{????????????????????????????????????????????????????????????????????????B?cG?A@COA?O??aKW?@AG?O?bA?C??GJ?a??gC?_A?cA??BG?g??IGB????COCg?@@_??g?CU???_??g?c?G??U?_O????W?AK???D??oG???A[_?????@`P????A`?C_???O__OA?????GPGG???W_C?G????_GL??????`AO?O???C?Q?Q??????YOC?????A?I?`?????G@CS?????AGE?_?????,[(29-46)-(28-37)-(27-42)-(26-45)-(25-31)-(24-57)-(23-59)-(22-55)-(21-44)-(20-36)-(19-34)-(18-58)-(17-30)-(16-51)-(15-43)-(14-47)-(13-40)-(12-56)-(11-48)-(10-53)-(9-38)-(8-54)-(7-41)-(6-52)-(5-39)-(4-49)-(3-32)-(2-35)-(1-33)-(0-50)],0.00040340423583984375,0.01878952980041504,1,True,0
{????????????????????????????????????????????????????????????????????????B?cG?A@COA?O??aKW?@AG?O?bA?C??GJ?a??gC?_A?cA??BG?g??IGB????COCg?@@_??g?CU???_??g?c?G??U?_O????W?AK???D??oG???A[_?????@`P????A`?C_???O__OA?????GPGG???W_C?G????_GL??????`AO?O???C?Q?Q??????YOC?????A?I?`?????G@CS?????AGE?_?????,[(29-46)-(28-37)-(27-42)-(26-45)-(25-31)-(24-58)-(23-59)-(22-55)-(21-44)-(20-51)-(19-34)-(18-36)-(17-30)-(16-57)-(15-43)-(14-47)-(13-40)-(12-56)-(11-48)-(10-53)-(9-38)-(8-54)-(7-41)-(6-52)-(5-39)-(4-49)-(3-32)-(2-35)-(1-33)-(0-50)],0.0003287792205810547,0.08178329467773438,4,True,0
{????????????????????????????????????????????????????????????????????????B?cG?A@COA?O??aKW?@AG?O?bA?C??GJ?a??gC?_A?cA??BG?g??IGB????COCg?@@_??g?CU???_??g?c?G??U?_O????W?AK???D??oG???A[_?????@`P????A`?C_???O__OA?????GPGG???W_C?G????_GL??????`AO?O???C?Q?Q??????YOC?????A?I?`?????G@CS?????AGE?_?????,[(29-46)-(28-37)-(27-42)-(26-45)-(25-31)-(24-58)-(23-59)-(22-55)-(21-44)-(20-51)-(19-34)-(18-36)-(17-30)-(16-57)-(15-43)-(14-47)-(13-40)-(12-56)-(11-48)-(10-53)-(9-38)-(8-54)-(7-41)-(6-52)-(5-39)-(4-49)-(3-32)-(2-35)-(1-33)-(0-50)],0.0003352165222167969,0.0193023681640625,1,True,0
{?????????????????????????????????????????????????????????????????????????I?a_DS?O??@Q?AC?E@G@??K?L?G@@CG??gH?G?D?W_??@C?_G_AA?CGO????d`?@O??WO?@PG?_???OEA@??@E??GG??AA??[??@?_B_???ODA?_???_?MG????CC?Ag????O`GA???DGA?A????HG_O??????Gq@??????gSG????Ca?G?_????@@C?K?????`_AC?????_@_OO????G?GCP?????,[(29-56)-(28-39)-(27-41)-(26-43)-(25-45)-(24-40)-(23-47)-(22-44)-(21-42)-(20-59)-(19-46)-(18-54)-(17-55)-(16-31)-(15-30)-(14-58)-(13-37)-(12-57)-(11-34)-(10-53)-(9-33)-(8-36)-(7-32)-(6-50)-(5-52)-(4-38)-(3-49)-(2-51)-(1-35)-(0-48)],0.00034618377685546875,0.06347799301147461,3,True,0
{?????????????????????????????????????????????????????????????????????????I?a_DS?O??@Q?AC?E@G@??K?L?G@@CG??gH?G?D?W_??@C?_G_AA?CGO????d`?@O??WO?@PG?_???OEA@??@E??GG??AA??[??@?_B_???ODA?_???_?MG????CC?Ag????O`GA???DGA?A????HG_O??????Gq@??????gSG????Ca?G?_????@@C?K?????`_AC?????_@_OO????G?GCP?????,[(29-56)-(28-39)-(27-41)-(26-43)-(25-45)-(24-40)-(23-47)-(22-44)-(21-42)-(20-59)-(19-46)-(18-54)-(17-55)-(16-31)-(15-30)-(14-58)-(13-37)-(12-57)-(11-34)-(10-53)-(9-33)-(8-36)-(7-32)-(6-50)-(5-52)-(4-38)-(3-49)-(2-51)-(1-35)-(0-48)],0.00033473968505859375,0.0632181167602539,3,True,0
{?????????????????????????????????????????????????????????????????????????I?a_DS?O??@Q?AC?E@G@??K?L?G@@CG??gH?G?D?W_??@C?_G_AA?CGO????d`?@O??WO?@PG?_???OEA@??@E??GG??AA??[??@?_B_???ODA?_???_?MG????CC?Ag????O`GA???DGA?A????HG_O??????Gq@??????gSG????Ca?G?_????@@C?K?????`_AC?????_@_OO????G?GCP?????,[(29-56)-(28-59)-(27-41)-(26-43)-(25-45)-(24-40)-(23-39)-(22-44)-(21-42)-(20-46)-(19-30)-(18-54)-(17-55)-(16-31)-(15-47)-(14-58)-(13-37)-(12-57)-(11-34)-(10-53)-(9-33)-(8-36)-(7-32)-(6-50)-(5-52)-(4-38)-(3-49)-(2-51)-(1-35)-(0-48)],0.0003936290740966797,0.028941631317138672,1,True,0
{?????????????????????????????????????????????????????????????????????????I?a_DS?O??@Q?AC?E@G@??K?L?G@@CG??gH?G?D?W_??@C?_G_AA?CGO????d`?@O??WO?@PG?_???OEA@??@E??GG??AA??[??@?_B_???ODA?_???_?MG????CC?Ag????O`GA???DGA?A????HG_O??????Gq@??????gSG????Ca?G?_????@@C?K?????`_AC?????_@_OO????G?GCP?????,[(29-56)-(28-59)-(27-41)-(26-43)-(25-45)-(24-40)-(23-39)-(22-44)-(21-42)-(20-46)-(19-30)-(18-54)-(17-55)-(16-31)-(15-47)-(14-58)-(13-37)-(12-57)-(11-34)-(10-53)-(9-33)-(8-36)-(7-32)-(6-50)-(5-52)-(4-38)-(3-49)-(2-51)-(1-35)-(0-48)],0.0003235340118408203,0.06338262557983398,3,True,0
{?????????????????????????????????????????????????????????????????????????I?a_DS?O??@Q?AC?E@G@??K?L?G@@CG??gH?G?D?W_??@C?_G_AA?CGO????d`?@O??WO?@PG?_???OEA@??@E??GG??AA??[??@?_B_???ODA?_???_?MG????CC?Ag????O`GA???DGA?A????HG_O??????Gq@??????gSG????Ca?G?_????@@C?K?????`_AC?????_@_OO????G?GCP?????,[(29-40)-(28-56)-(27-41)-(26-43)-(25-45)-(24-59)-(23-39)-(22-44)-(21-42)-(20-46)-(19-30)-(18-54)-(17-55)-(16-31)-(15-47)-(14-58)-(13-37)-(12-57)-(11-34)-(10-53)-(9-33)-(8-36)-(7-32)-(6-50)-(5-52)-(4-38)-(3-49)-(2-51)-(1-35)-(0-48)],0.00032520294189453125,0.04496479034423828,2,True,0
{?????????????????????????????????????????????????????????????????????????I?a_DS?O??@Q?AC?E@G@??K?L?G@@CG??gH?G?D?W_??@C?_G_AA?CGO????d`?@O??WO?@PG?_???OEA@??@E??GG??AA??[??@?_B_???ODA?_???_?MG????CC?Ag????O`GA???DGA?A????HG_O??????Gq@??????gSG????Ca?G?_????@@C?K?????`_AC?????_@_OO????G?GCP?????,[(29-40)-(28-56)-(27-41)-(26-43)-(25-45)-(24-59)-(23-39)-(22-44)-(21-42)-(20-46)-(19-30)-(18-54)-(17-55)-(16-31)-(15-47)-(14-58)-(13-37)-(12-57)-(11-34)-(10-53)-(9-33)-(8-36)-(7-32)-(6-50)-(5-52)-(4-38)-(3-49)-(2-51)-(1-35)-(0-48)],0.0003330707550048828,0.028513193130493164,1,True,0
{?????????????????????????????????????????????????????????????????????????I?a_DS?O??@Q?AC?E@G@??K?L?G@@CG??gH?G?D?W_??@C?_G_AA?CGO????d`?@O??WO?@PG?_???OEA@??@E??GG??AA??[??@?_B_???ODA?_???_?MG????CC?Ag????O`GA???DGA?A????HG_O??????Gq@??????gSG????Ca?G?_????@@C?K?????`_AC?????_@_OO????G?GCP?????,[(29-56)-(28-39)-(27-41)-(26-43)-(25-45)-(24-59)-(23-40)-(22-44)-(21-42)-(20-46)-(19-30)-(18-54)-(17-55)-(16-31)-(15-47)-(14-58)-(13-37)-(12-57)-(11-34)-(10-53)-(9-33)-(8-36)-(7-32)-(6-50)-(5-52)-(4-38)-(3-49)-(2-51)-(1-35)-(0-48)],0.00032639503479003906,0.028754472732543945,1,True,0
{?????????????????????????????????????????????????????????????????????????I?a_DS?O??@Q?AC?E@G@??K?L?G@@CG??gH?G?D?W_??@C?_G_AA?CGO????d`?@O??WO?@PG?_???OEA@??@E??GG??AA??[??@?_B_???ODA?_???_?MG????CC?Ag????O`GA???DGA?A????HG_O??????Gq@??????gSG????Ca?G?_????@@C?K?????`_AC?????_@_OO????G?GCP?????,[(29-56)-(28-39)-(27-41)-(26-43)-(25-45)-(24-59)-(23-40)-(22-44)-(21-42)-(20-46)-(19-30)-(18-54)-(17-55)-(16-31)-(15-47)-(14-58)-(13-37)-(12-57)-(11-34)-(10-53)-(9-33)-(8-36)-(7-32)-(6-50)-(5-52)-(4-38)-(3-49)-(2-51)-(1-35)-(0-48)],0.0003266334533691406,0.028515338897705078,1,True,0
{?????????????????????????????????????????????????????????????????????????I?a_DS?O??@Q?AC?E@G@??K?L?G@@CG??gH?G?D?W_??@C?_G_AA?CGO????d`?@O??WO?@PG?_???OEA@??@E??GG??AA??[??@?_B_???ODA?_???_?MG????CC?Ag????O`GA???DGA?A????HG_O??????Gq@??????gSG????Ca?G?_????@@C?K?????`_AC?????_@_OO????G?GCP?????,[(29-56)-(28-59)-(27-41)-(26-43)-(25-45)-(24-40)-(23-54)-(22-44)-(21-42)-(20-46)-(19-30)-(18-39)-(17-55)-(16-31)-(15-47)-(14-58)-(13-37)-(12-57)-(11-34)-(10-53)-(9-33)-(8-36)-(7-32)-(6-50)-(5-52)-(4-38)-(3-49)-(2-51)-(1-35)-(0-48)],0.00033855438232421875,0.01875138282775879,1,True,0
{?????????????????????????????????????????????????????????????????????????I?a_DS?O??@Q?AC?E@G@??K?L?G@@CG??gH?G?D?W_??@C?_G_AA?CGO????d`?@O??WO?@PG?_???OEA@??@E??GG??AA??[??@?_B_???ODA?_???_?MG????CC?Ag????O`GA???DGA?A????HG_O??????Gq@??????gSG????Ca?G?_????@@C?K?????`_AC?????_@_OO????G?GCP?????,[(29-56)-(28-59)-(27-41)-(26-43)-(25-45)-(24-40)-(23-54)-(22-44)-(21-42)-(20-46)-(19-30)-(18-39)-(17-55)-(16-31)-(15-47)-(14-58)-(13-37)-(12-57)-(11-34)-(10-53)-(9-33)-(8-36)-(7-32)-(6-50)-(5-52)-(4-38)-(3-49)-(2-51)-(1-35)-(0-48)],0.0003287792205810547,0.06264257431030273,3,True,0
{?????????????????????????????????????????????????????????????????????????I?a_DS?O??@Q?AC?E@G@??K?L?G@@CG??gH?G?D?W_??@C?_G_AA?CGO????d`?@O??WO?@PG?_???OEA@??@E??GG??AA??[??@?_B_???ODA?_???_?MG????CC?Ag????O`GA???DGA?A????HG_O??????Gq@??????gSG????Ca?G?_????@@C?K?????`_AC?????_@_OO????G?GCP?????,[(29-40)-(28-56)-(27-41)-(26-43)-(25-45)-(24-59)-(23-54)-(22-44)-(21-42)-(20-46)-(19-30)-(18-39)-(17-55)-(16-31)-(15-47)-(14-58)-(13-37)-(12-57)-(11-34)-(10-53)-(9-33)-(8-36)-(7-32)-(6-50)-(5-52)-(4-38)-(3-49)-(2-51)-(1-35)-(0-48)],0.0003390312194824219,0.028629064559936523,1,True,0
{?????????????????????????????????????????????????????????????????????????I?a_DS?O??@Q?AC?E@G@??K?L?G@@CG??gH?G?D?W_??@C?_G_AA?CGO????d`?@O??WO?@PG?_???OEA@??@E??GG??AA??[??@?_B_???ODA?_???_?MG????CC?Ag????O`GA???DGA?A????HG_O??????Gq@??????gSG????Ca?G?_????@@C?K?????`_AC?????_@_OO????G?GCP?????,[(29-40)-(28-56)-(27-41)-(26-43)-(25-45)-(24-59)-(23-54)-(22-44)-(21-42)-(20-46)-(19-30)-(18-39)-(17-55)-(16-31)-(15-47)-(14-58)-(13-37)-(12-57)-(11-34)-(10-53)-(9-33)-(8-36)-(7-32)-(6-50)-(5-52)-(4-38)-(3-49)-(2-51)-(1-35)-(0-48)],0.0003426074981689453,0.018949270248413086,1,True,0
{?????????????????????????????????????????????????????????????????????????I?a_DS?O??@Q?AC?E@G@??K?L?G@@CG??gH?G?D?W_??@C?_G_AA?CGO????d`?@O??WO?@PG?_???OEA@??@E??GG??AA??[??@?_B_???ODA?_???_?MG????CC?Ag????O`GA???DGA?A????HG_O??????Gq@??????gSG????Ca?G?_????@@C?K?????`_AC?????_@_OO????G?GCP?????,[(29-56)-(28-39)-(27-41)-(26-43)-(25-45)-(24-59)-(23-54)-(22-44)-(21-42)-(20-46)-(19-30)-(18-40)-(17-55)-(16-31)-(15-47)-(14-58)-(13-37)-(12-57)-(11-34)-(10-53)-(9-33)-(8-36)-(7-32)-(6-50)-(5-52)-(4-38)-(3-49)-(2-51)-(1-35)-(0-48)],0.0003304481506347656,0.08372187614440918,4,True,0
{?????????????????????????????????????????????????????????????????????????I?a_DS?O??@Q?AC?E@G@??K?L?G@@CG??gH?G?D?W_??@C?_G_AA?CGO????d`?@O??WO?@PG?_???OEA@??@E??GG??AA??[??@?_B_???ODA?_???_?MG????CC?Ag????O`GA???DGA?A????HG_O??????Gq@??????gSG????Ca?G?_????@@C?K?????`_AC?????_@_OO????G?GCP?????,[(29-56)-(28-39)-(27-41)-(26-43)-(25-45)-(24-59)-(23-54)-(22-44)-(21-42)-(20-46)-(19-30)-(18-40)-(17-55)-(16-31)-(15-47)-(14-58)-(13-37)-(12-57)-(11-34)-(10-53)-(9-33)-(8-36)-(7-32)-(6-50)-(5-52)-(4-38)-(3-49)-(2-51)-(1-35)-(0-48)],0.0003275871276855469,0.044799089431762695,2,True,0
{?????????????????????????????????????????????????????????????????????????I?a_DS?O??@Q?AC?E@G@??K?L?G@@CG??gH?G?D?W_??@C?_G_AA?CGO????d`?@O??WO?@PG?_???OEA@??@E??GG??AA??[??@?_B_???ODA?_???_?MG????CC?Ag????O`GA???DGA?A????HG_O??????Gq@??????gSG????Ca?G?_????@@C?K?????`_AC?????_@_OO????G?GCP?????,[(29-40)-(28-44)-(27-55)-(26-43)-(25-45)-(24-59)-(23-39)-(22-41)-(21-42)-(20-46)-(19-30)-(18-54)-(17-56)-(16-31)-(15-47)-(14-58)-(13-37)-(12-57)-(11-34)-(10-53)-(9-33)-(8-36)-(7-32)-(6-50)-(5-52)-(4-38)-(3-49)-(2-51)-(1-35)-(0-48)],0.0003476142883300781,0.04501008987426758,2,True,0
{?????????????????????????????????????????????????????????????????????????I?a_DS?O??@Q?AC?E@G@??K?L?G@@CG??gH?G?D?W_??@C?_G_AA?CGO????d`?@O??WO?@PG?_???OEA@??@E??GG??AA??[??@?_B_???ODA?_???_?MG????CC?Ag????O`GA???DGA?A????HG_O??????Gq@??????gSG????Ca?G?_????@@C?K?????`_AC?????_@_OO????G?GCP?????,[(29-40)-(28-44)-(27-55)-(26-43)-(25-45)-(24-59)-(23-39)-(22-41)-(21-42)-(20-46)-(19-30)-(18-54)-(17-56)-(16-31)-(15-47)-(14-58)-(13-37)-(12-57)-(11-34)-(10-53)-(9-33)-(8-36)-(7-32)-(6-50)-(5-52)-(4-38)-(3-49)-(2-51)-(1-35)-(0-48)],0.0003349781036376953,0.02870464324951172,1,True,0
{?????????????????????????????????????????????????????????????????????????I?a_DS?O??@Q?AC?E@G@??K?L?G@@CG??gH?G?D?W_??@C?_G_AA?CGO????d`?@O??WO?@PG?_???OEA@??@E??GG??AA??[??@?_B_???ODA?_???_?MG????CC?Ag????O`GA???DGA?A????HG_O??????Gq@??????gSG????Ca?G?_????@@C?K?????`_AC?????_@_OO????G?GCP?????,[(29-40)-(28-44)-(27-55)-(26-43)-(25-45)-(24-59)-(23-54)-(22-41)-(21-42)-(20-46)-(19-30)-(18-39)-(17-56)-(16-31)-(15-47)-(14-58)-(13-37)-(12-57)-(11-34)-(10-53)-(9-33)-(8-36)-(7-32)-(6-50)-(5-52)-(4-38)-(3-49)-(2-51)-(1-35)-(0-48)],0.00036072731018066406,0.06263089179992676,3,True,0
{?????????????????????????????????????????????????????????????????????????I?a_DS?O??@Q?AC?E@G@??K?L?G@@CG??gH?G?D?W_??@C?_G_AA?CGO????d`?@O??WO?@PG?_???OEA@??@E??GG??AA??[??@?_B_???ODA?_???_?MG????CC?Ag????O`GA???DGA?A????HG_O??????Gq@??????gSG????Ca?G?_????@@C?K?????`_AC?????_@_OO????G?GCP?????,[(29-40)-(28-44)-(27-55)-(26-43)-(25-45)-(24-59)-(23-54)-(22-41)-(21-42)-(20-46)-(19-30)-(18-39)-(17-56)-(16-31)-(15-47)-(14-58)-(13-37)-(12-57)-(11-34)-(10-53)-(9-33)-(8-36)-(7-32)-(6-50)-(5-52)-(4-38)-(3-49)-(2-51)-(1-35)-(0-48)],0.00032639503479003906,0.028480052947998047,1,True,0
{?????????????????????????????????????????????????????????????????????????I?a_DS?O??@Q?AC?E@G@??K?L?G@@CG??gH?G?D?W_??@C?_G_AA?CGO????d`?@O??WO?@PG?_???OEA@??@E??GG??AA??[??@?_B_???ODA?_???_?MG????CC?Ag????O`GA???DGA?A????HG_O??????Gq@??????gSG????Ca?G?_????@@C?K?????`_AC?????_@_OO????G?GCP?????,[(29-40)-(28-39)-(27-41)-(26-43)-(25-45)-(24-59)-(23-47)-(22-44)-(21-42)-(20-46)-(19-30)-(18-54)-(17-55)-(16-31)-(15-58)-(14-37)-(13-56)-(12-57)-(11-34)-(10-53)-(9-33)-(8-36)-(7-32)-(6-50)-(5-52)-(4-38)-(3-49)-(2-51)-(1-35)-(0-48)],0.00033354759216308594,0.04504132270812988,2,True,0
{?????????????????????????????????????????????????????????????????????????I?a_DS?O??@Q?AC?E@G@??K?L?G@@CG??gH?G?D?W_??@C?_G_AA?CGO????d`?@O??WO?@PG?_???OEA@??@E??GG??AA??[??@?_B_???ODA?_???_?MG????CC?Ag????O`GA???DGA?A????HG_O??????Gq@??????gSG????Ca?G?_????@@C?K?????`_AC?????_@_OO????G?GCP?????,[(29-40)-(28-39)-(27-41)-(26-43)-(25-45)-(24-59)-(23-47)-(22-44)-(21-42)-(20-46)-(19-30)-(18-54)-(17-55)-(16-31)-(15-58)-(14-37)-(13-56)-(12-57)-(11-34)-(10-53)-(9-33)-(8-36)-(7-32)-(6-50)-(5-52)-(4-38)-(3-49)-(2-51)-(1-35)-(0-48)],0.0003345012664794922,0.04631304740905762,2,True,0
{?????????????????????????????????????????????????????????????????????????H??EGGg?@G?_GOWS?AQ??GCT??O??oB??_`?E??DW?@???AEa?@D@?O??G@@_G?A??Ho??@C??KG?@FC????@??_d???@EC?G???OQC?_??Q_AA????AB??W???OCCGG????GDO?_??AAO_C????AE?OA???@_@c??????a?IA?????d??S?????HC?D?????a?oO?????C?E?S?????A??B`?????,[(29-42)-(28-59)-(27-38)-(26-31)-(25-30)-(24-58)-(23-56)-(22-55)-(21-47)-(20-44)-(19-52)-(18-46)-(17-40)-(16-41)-(15-45)-(14-39)-(13-57)-(12-43)-(11-37)-(10-51)-(9-49)-(8-32)-(7-50)-(6-36)-(5-34)-(4-48)-(3-54)-(2-53)-(1-33)-(0-35)],0.0003383159637451172,0.044863224029541016,2,True,0
{?????????????????????????????????????????????????????????????????????????H??EGGg?@G?_GOWS?AQ??GCT??O??oB??_`?E??DW?@???AEa?@D@?O??G@@_G?A??Ho??@C??KG?@FC????@??_d???@EC?G???OQC?_??Q_AA????AB??W???OCCGG????GDO?_??AAO_C????AE?OA???@_@c??????a?IA?????d??S?????HC?D?????a?oO?????C?E?S?????A??B`?????,[(29-42)-(28-59)-(27-38)-(26-31)-(25-30)-(24-58)-(23-56)-(22-55)-(21-47)-(20-44)-(19-52)-(18-46)-(17-40)-(16-41)-(15-45)-(14-39)-(13-57)-(12-43)-(11-37)-(10-51)-(9-49)-(8-32)-(7-50)-(6-36)-(5-34)-(4-48)-(3-54)-(2-53)-(1-33)-(0-35)],0.00034046173095703125,0.08217859268188477,4,True,0
{?????????????????????????????????????????????????????????????????????????H??EGGg?@G?_GOWS?AQ??GCT??O??oB??_`?E??DW?@???AEa?@D@?O??G@@_G?A??Ho??@C??KG?@FC????@??_d???@EC?G???OQC?_??Q_AA????AB??W???OCCGG????GDO?_??AAO_C????AE?OA???@_@c??????a?IA?????d??S?????HC?D?????a?oO?????C?E?S?????A??B`?????,[(29-30)-(28-59)-(27-38)-(26-31)-(25-56)-(24-58)-(23-42)-(22-55)-(21-47)-(20-44)-(19-52)-(18-46)-(17-40)-(16-41)-(15-45)-(14-39)-(13-57)-(12-43)-(11-37)-(10-51)-(9-49)-(8-32)-(7-50)-(6-36)-(5-34)-(4-48)-(3-54)-(2-53)-(1-33)-(0-35)],0.0003619194030761719,0.04489016532897949,2,True,0
{?????????????????????????????????????????????????????????????????????????H??EGGg?@G?_GOWS?AQ??GCT??O??oB??_`?E??DW?@???AEa?@D@?O??G@@_G?A??Ho??@C??KG?@FC????@??_d???@EC?G???OQC?_??Q_AA????AB??W???OCCGG????GDO?_??AAO_C????AE?OA???@_@c??????a?IA?????d??S?????HC?D?????a?oO?????C?E?S?????A??B`?????,[(29-30)-(28-59)-(27-38)-(26-31)-(25-56)-(24-58)-(23-42)-(22-55)-(21-47)-(20-44)-(19-52)-(18-46)-(17-40)-(16-41)-(15-45)-(14-39)-(13-57)-(12-43)-(11-37)-(10-51)-(9-49)-(8-32)-(7-50)-(6-36)-(5-34)-(4-48)-(3-54)-(2-53)-(1-33)-(0-35)],0.0003466606140136719,0.08209633827209473,4,True,0
{?????????????????????????????????????????????????????????????????????????H??EGGg?@G?_GOWS?AQ??GCT??O??oB??_`?E??DW?@???AEa?@D@?O??G@@_G?A??Ho??@C??KG?@FC????@??_d???@EC?G???OQC?_??Q_AA????AB??W???OCCGG????GDO?_??AAO_C????AE?OA???@_@c??????a?IA?????d??S?????HC?D?????a?oO?????C?E?S?????A??B`?????,[(29-42)-(28-59)-(27-38)-(26-31)-(25-30)-(24-55)-(23-56)-(22-58)-(21-47)-(20-44)-(19-52)-(18-46)-(17-40)-(16-41)-(15-45)-(14-39)-(13-57)-(12-43)-(11-37)-(10-51)-(9-49)-(8-32)-(7-50)-(6-36)-(5-34)-(4-48)-(3-54)-(2-53)-(1-33)-(0-35)],0.00032711029052734375,0.0446009635925293,2,True,0
{?????????????????????????????????????????????????????????????????????????H??EGGg?@G?_GOWS?AQ??GCT??O??oB??_`?E??DW?@???AEa?@D@?O??G@@_G?A??Ho??@C??KG?@FC????@??_d???@EC?G???OQC?_??Q_AA????AB??W???OCCGG????GDO?_??AAO_C????AE?OA???@_@c??????a?IA?????d??S?????HC?D?????a?oO?????C?E?S?????A??B`?????,[(29-42)-(28-59)-(27-38)-(26-31)-(25-30)-(24-55)-(23-56)-(22-58)-(21-47)-(20-44)-(19-52)-(18-46)-(17-40)-(16-41)-(15-45)-(14-39)-(13-57)-(12-43)-(11-37)-(10-51)-(9-49)-(8-32)-(7-50)-(6-36)-(5-34)-(4-48)-(3-54)-(2-53)-(1-33)-(0-35)],0.0003311634063720703,0.028031349182128906,1,True,0
{?????????????????????????????????????????????????????????????????????????H??EGGg?@G?_GOWS?AQ??GCT??O??oB??_`?E??DW?@???AEa?@D@?O??G@@_G?A??Ho??@C??KG?@FC????@??_d???@EC?G???OQC?_??Q_AA????AB??W???OCCGG????GDO?_??AAO_C????AE?OA???@_@c??????a?IA?????d??S?????HC?D?????a?oO?????C?E?S?????A??B`?????,[(29-30)-(28-59)-(27-38)-(26-31)-(25-56)-(24-55)-(23-42)-(22-58)-(21-47)-(20-44)-(19-52)-(18-46)-(17-40)-(16-41)-(15-45)-(14-39)-(13-57)-(12-43)-(11-37)-(10-51)-(9-49)-(8-32)-(7-50)-(6-36)-(5-34)-(4-48)-(3-54)-(2-53)-(1-33)-(0-35)],0.00033283233642578125,0.019142627716064453,1,True,0
{?????????????????????????????????????????????????????????????????????????H??EGGg?@G?_GOWS?AQ??GCT??O??oB??_`?E??DW?@???AEa?@D@?O??G@@_G?A??Ho??@C??KG?@FC????@??_d???@EC?G???OQC?_??Q_AA????AB??W???OCCGG????GDO?_??AAO_C????AE?OA???@_@c??????a?IA?????d??S?????HC?D?????a?oO?????C?E?S?????A??B`?????,[(29-30)-(28-59)-(27-38)-(26-31)-(25-56)-(24-55)-(23-42)-(22-58)-(21-47)-(20-44)-(19-52)-(18-46)-(17-40)-(16-41)-(15-45)-(14-39)-(13-57)-(12-43)-(11-37)-(10-51)-(9-49)-(8-32)-(7-50)-(6-36)-(5-34)-(4-48)-(3-54)-(2-53)-(1-33)-(0-35)],0.0003333091735839844,0.06248617172241211,3,True,0
{?????????????????????????????????????????????????????????????????????????H??EGGg?@G?_GOWS?AQ??GCT??O??oB??_`?E??DW?@???AEa?@D@?O??G@@_G?A??Ho??@C??KG?@FC????@??_d???@EC?G???OQC?_??Q_AA????AB??W???OCCGG????GDO?_??AAO_C????AE?OA???@_@c??????a?IA?????d??S?????HC?D?????a?oO?????C?E?S?????A??B`?????,[(29-30)-(28-52)-(27-38)-(26-31)-(25-56)-(24-42)-(23-59)-(22-55)-(21-47)-(20-44)-(19-57)-(18-46)-(17-40)-(16-41)-(15-45)-(14-39)-(13-58)-(12-43)-(11-37)-(10-51)-(9-49)-(8-32)-(7-50)-(6-36)-(5-34)-(4-48)-(3-54)-(2-53)-(1-33)-(0-35)],0.00033164024353027344,0.04517793655395508,2,True,0
{?????????????????????????????????????????????????????????????????????????H??EGGg?@G?_GOWS?AQ??GCT??O??oB??_`?E??DW?@???AEa?@D@?O??G@@_G?A??Ho??@C??KG?@FC????@??_d???@EC?G???OQC?_??Q_AA????AB??W???OCCGG????GDO?_??AAO_C????AE?OA???@_@c??????a?IA?????d??S?????HC?D?????a?oO?????C?E?S?????A??B`?????,[(29-30)-(28-52)-(27-38)-(26-31)-(25-56)-(24-42)-(23-59)-(22-55)-(21-47)-(20-44)-(19-57)-(18-46)-(17-40)-(16-41)-(15-45)-(14-39)-(13-58)-(12-43)-(11-37)-(10-51)-(9-49)-(8-32)-(7-50)-(6-36)-(5-34)-(4-48)-(3-54)-(2-53)-(1-33)-(0-35)],0.00032901763916015625,0.0627281665802002,3,True,0
{?????????????????????????????????????????????????????????????????????????H??EGGg?@G?_GOWS?AQ??GCT??O??oB??_`?E??DW?@???AEa?@D@?O??G@@_G?A??Ho??@C??KG?@FC????@??_d???@EC?G???OQC?_??Q_AA????AB??W???OCCGG????GDO?_??AAO_C????AE?OA???@_@c??????a?IA?????d??S?????HC?D?????a?oO?????C?E?S?????A??B`?????,[(29-42)-(28-52)-(27-38)-(26-31)-(25-56)-(24-30)-(23-59)-(22-55)-(21-47)-(20-44)-(19-57)-(18-46)-(17-40)-(16-41)-(15-45)-(14-39)-(13-58)-(12-43)-(11-37)-(10-51)-(9-49)-(8-32)-(7-50)-(6-36)-(5-34)-(4-48)-(3-54)-(2-53)-(1-33)-(0-35)],0.0003399848937988281,0.10394740104675293,5,True,0
{?????????????????????????????????????????????????????????????????????????H??EGGg?@G?_GOWS?AQ??GCT??O??oB??_`?E??DW?@???AEa?@D@?O??G@@_G?A??Ho??@C??KG?@FC????@??_d???@EC?G???OQC?_??Q_AA????AB??W???OCCGG????GDO?_??AAO_C????AE?OA???@_@c??????a?IA?????d??S?????HC?D?????a?oO?????C?E?S?????A??B`?????,[(29-42)-(28-52)-(27-38)-(26-31)-(25-56)-(24-30)-(23-59)-(22-55)-(21-47)-(20-44)-(19-57)-(18-46)-(17-40)-(16-41)-(15-45)-(14-39)-(13-58)-(12-43)-(11-37)-(10-51)-(9-49)-(8-32)-(7-50)-(6-36)-(5-34)-(4-48)-(3-54)-(2-53)-(1-33)-(0-35)],0.00032973289489746094,0.04523611068725586,2,True,0
{?????????????????????????????????????????????????????????????????????????H??EGGg?@G?_GOWS?AQ??GCT??O??oB??_`?E??DW?@???AEa?@D@?O??G@@_G?A??Ho??@C??KG?@FC????@??_d???@EC?G???OQC?_??Q_AA????AB??W???OCCGG????GDO?_??AAO_C????AE?OA???@_@c??????a?IA?????d??S?????HC?D?????a?oO?????C?E?S?????A??B`?????,[(29-42)-(28-52)-(27-38)-(26-31)-(25-30)-(24-55)-(23-56)-(22-59)-(21-47)-(20-44)-(19-57)-(18-46)-(17-40)-(16-41)-(15-45)-(14-39)-(13-58)-(12-43)-(11-37)-(10-51)-(9-49)-(8-32)-(7-50)-(6-36)-(5-34)-(4-48)-(3-54)-(2-53)-(1-33)-(0-35)],0.00032639503479003906,0.02872180938720703,1,True,0
{?????????????????????????????????????????????????????????????????????????H??EGGg?@G?_GOWS?AQ??GCT??O??oB??_`?E??DW?@???AEa?@D@?O??G@@_G?A??Ho??@C??KG?@FC????@??_d???@EC?G???OQC?_??Q_AA????AB??W???OCCGG????GDO?_??AAO_C????AE?OA???@_@c??????a?IA?????d??S?????HC?D?????a?oO?????C?E?S?????A??B`?????,[(29-42)-(28-52)-(27-38)-(26-31)-(25-30)-(24-55)-(23-56)-(22-59)-(21-47)-(20-44)-(19-57)-(18-46)-(17-40)-(16-41)-(15-45)-(14-39)-(13-58)-(12-43)-(11-37)-(10-51)-(9-49)-(8-32)-(7-50)-(6-36)-(5-34)-(4-48)-(3-54)-(2-53)-(1-33)-(0-35)],0.00033211708068847656,0.045118093490600586,2,True,0
{?????????????????????????????????????????????????????????????????????????H??EGGg?@G?_GOWS?AQ??GCT??O??oB??_`?E??DW?@???AEa?@D@?O??G@@_G?A??Ho??@C??KG?@FC????@??_d???@EC?G???OQC?_??Q_AA????AB??W???OCCGG????GDO?_??AAO_C????AE?OA???@_@c??????a?IA?????d??S?????HC?D?????a?oO?????C?E?S?????A??B`?????,[(29-30)-(28-52)-(27-38)-(26-31)-(25-56)-(24-55)-(23-42)-(22-59)-(21-47)-(20-44)-(19-57)-(18-46)-(17-40)-(16-41)-(15-45)-(14-39)-(13-58)-(12-43)-(11-37)-(10-51)-(9-49)-(8-32)-(7-50)-(6-36)-(5-34)-(4-48)-(3-54)-(2-53)-(1-33)-(0-35)],0.0003247261047363281,0.0456085205078125,2,True,0
{?????????????????????????????????????????????????????????????????????????H??EGGg?@G?_GOWS?AQ??GCT??O??oB??_`?E??DW?@???AEa?@D@?O??G@@_G?A??Ho??@C??KG?@FC????@??_d???@EC?G???OQC?_??Q_AA????AB??W???OCCGG????GDO?_??AAO_C????AE?OA???@_@c??????a?IA?????d??S?????HC?D?????a?oO?????C?E?S?????A??B`?????,[(29-30)-(28-52)-(27-38)-(26-31)-(25-56)-(24-55)-(23-42)-(22-59)-(21-47)-(20-44)-(19-57)-(18-46)-(17-40)-(16-41)-(15-45)-(14-39)-(13-58)-(12-43)-(11-37)-(10-51)-(9-49)-(8-32)-(7-50)-(6-36)-(5-34)-(4-48)-(3-54)-(2-53)-(1-33)-(0-35)],0.0003821849822998047,0.028479337692260742,1,True,0
{?????????????????????????????????????????????????????????????????????????H??EGGg?@G?_GOWS?AQ??GCT??O??oB??_`?E??DW?@???AEa?@D@?O??G@@_G?A??Ho??@C??KG?@FC????@??_d???@EC?G???OQC?_??Q_AA????AB??W???OCCGG????GDO?_??AAO_C????AE?OA???@_@c??????a?IA?????d??S?????HC?D?????a?oO?????C?E?S?????A??B`?????,[(29-31)-(28-52)-(27-38)-(26-45)-(25-30)-(24-42)-(23-56)-(22-55)-(21-59)-(20-44)-(19-57)-(18-46)-(17-40)-(16-41)-(15-47)-(14-39)-(13-58)-(12-43)-(11-37)-(10-51)-(9-49)-(8-32)-(7-50)-(6-36)-(5-34)-(4-48)-(3-54)-(2-53)-(1-33)-(0-35)],0.00032591819763183594,0.14918828010559082,7,True,0
{?????????????????????????????????????????????????????????????????????????H??EGGg?@G?_GOWS?AQ??GCT??O??oB??_`?E??DW?@???AEa?@D@?O??G@@_G?A??Ho??@C??KG?@FC????@??_d???@EC?G???OQC?_??Q_AA????AB??W???OCCGG????GDO?_??AAO_C????AE?OA???@_@c??????a?IA?????d??S?????HC?D?????a?oO?????C?E?S?????A??B`?????,[(29-31)-(28-52)-(27-38)-(26-45)-(25-30)-(24-42)-(23-56)-(22-55)-(21-59)-(20-44)-(19-57)-(18-46)-(17-40)-(16-41)-(15-47)-(14-39)-(13-58)-(12-43)-(11-37)-(10-51)-(9-49)-(8-32)-(7-50)-(6-36)-(5-34)-(4-48)-(3-54)-(2-53)-(1-33)-(0-35)],0.0003199577331542969,0.060976505279541016,3,True,0
{?????????????????????????????????????????????????????????????????????????H??EGGg?@G?_GOWS?AQ??GCT??O??oB??_`?E??DW?@???AEa?@D@?O??G@@_G?A??Ho??@C??KG?@FC????@??_d???@EC?G???OQC?_??Q_AA????AB??W???OCCGG????GDO?_??AAO_C????AE?OA???@_@c??????a?IA?????d??S?????HC?D?????a?oO?????C?E?S?????A??B`?????,[(29-31)-(28-52)-(27-38)-(26-45)-(25-56)-(24-30)-(23-42)-(22-55)-(21-59)-(20-44)-(19-57)-(18-46)-(17-40)-(16-41)-(15-47)-(14-39)-(13-58)-(12-43)-(11-37)-(10-51)-(9-49)-(8-32)-(7-50)-(6-36)-(5-34)-(4-48)-(3-54)-(2-53)-(1-33)-(0-35)],0.0003261566162109375,0.04410433769226074,2,True,0
{?????????????????????????????????????????????????????????????????????????H??EGGg?@G?_GOWS?AQ??GCT??O??oB??_`?E??DW?@???AEa?@D@?O??G@@_G?A??Ho??@C??KG?@FC????@??_d???@EC?G???OQC?_??Q_AA????AB??W???OCCGG????GDO?_??AAO_C????AE?OA???@_@c??????a?IA?????d??S?????HC?D?????a?oO?????C?E?S?????A??B`?????,[(29-31)-(28-52)-(27-38)-(26-45)-(25-56)-(24-30)-(23-42)-(22-55)-(21-59)-(20-44)-(19-57)-(18-46)-(17-40)-(16-41)-(15-47)-(14-39)-(13-58)-(12-43)-(11-37)-(10-51)-(9-49)-(8-32)-(7-50)-(6-36)-(5-34)-(4-48)-(3-54)-(2-53)-(1-33)-(0-35)],0.00032258033752441406,0.045903921127319336,2,True,0
{?????????????????????????????????????????????????????????????????????????O_CDAc?_G?OKE??ICO?A?@?SCO?APAA?w?_?_?@AA?D??@OBG?@AH_???_??P`???_CD_?A?GAGO????IJ???A@_?c??a?KA????A_Ao???G__CG???@A_GC???IG_?_???EOG_?????i_??O???o@?CC????K?P?C????F?`???????OT_????A?@?HO?????_HGG?????BA?OG????A?DO@?????,[(29-44)-(28-42)-(27-56)-(26-43)-(25-47)-(24-30)-(23-31)-(22-45)-(21-46)-(20-54)-(19-40)-(18-59)-(17-41)-(16-55)-(15-53)-(14-57)-(13-58)-(12-38)-(11-39)-(10-37)-(9-35)-(8-34)-(7-51)-(6-50)-(5-48)-(4-49)-(3-32)-(2-33)-(1-52)-(0-36)],0.0003256797790527344,0.09892821311950684,5,True,0
{?????????????????????????????????????????????????????????????????????????O_CDAc?_G?OKE??ICO?A?@?SCO?APAA?w?_?_?@AA?D??@OBG?@AH_???_??P`???_CD_?A?GAGO????IJ???A@_?c??a?KA????A_Ao???G__CG???@A_GC???IG_?_???EOG_?????i_??O???o@?CC????K?P?C????F?`???????OT_????A?@?HO?????_HGG?????BA?OG????A?DO@?????,[(29-44)-(28-42)-(27-56)-(26-43)-(25-47)-(24-30)-(23-31)-(22-45)-(21-46)-(20-54)-(19-40)-(18-59)-(17-41)-(16-55)-(15-53)-(14-57)-(13-58)-(12-38)-(11-39)-(10-37)-(9-35)-(8-34)-(7-51)-(6-50)-(5-48)-(4-49)-(3-32)-(2-33)-(1-52)-(0-36)],0.0003616809844970703,0.04421281814575195,2,True,0
{?????????????????????????????????????????????????????????????????????????O_CDAc?_G?OKE??ICO?A?@?SCO?APAA?w?_?_?@AA?D??@OBG?@AH_???_??P`???_CD_?A?GAGO????IJ???A@_?c??a?KA????A_Ao???G__CG???@A_GC???IG_?_???EOG_?????i_??O???o@?CC????K?P?C????F?`???????OT_????A?@?HO?????_HGG?????BA?OG????A?DO@?????,[(29-44)-(28-42)-(27-56)-(26-30)-(25-47)-(24-40)-(23-31)-(22-45)-(21-46)-(20-54)-(19-43)-(18-59)-(17-41)-(16-55)-(15-53)-(14-57)-(13-58)-(12-38)-(11-39)-(10-37)-(9-35)-(8-34)-(7-51)-(6-50)-(5-48)-(4-49)-(3-32)-(2-33)-(1-52)-(0-36)],0.0003418922424316406,0.027948856353759766,1,True,0
{?????????????????????????????????????????????????????????????????????????O_CDAc?_G?OKE??ICO?A?@?SCO?APAA?w?_?_?@AA?D??@OBG?@AH_???_??P`???_CD_?A?GAGO????IJ???A@_?c??a?KA????A_Ao???G__CG???@A_GC???IG_?_???EOG_?????i_??O???o@?CC????K?P?C????F?`???????OT_????A?@?HO?????_HGG?????BA?OG????A?DO@?????,[(29-44)-(28-42)-(27-56)-(26-30)-(25-47)-(24-40)-(23-31)-(22-45)-(21-46)-(20-54)-(19-43)-(18-59)-(17-41)-(16-55)-(15-53)-(14-57)-(13-58)-(12-38)-(11-39)-(10-37)-(9-35)-(8-34)-(7-51)-(6-50)-(5-48)-(4-49)-(3-32)-(2-33)-(1-52)-(0-36)],0.0003223419189453125,0.043733835220336914,2,True,0
{?????????????????????????????????????????????????????????????????????????O_CDAc?_G?OKE??ICO?A?@?SCO?APAA?w?_?_?@AA?D??@OBG?@AH_???_??P`???_CD_?A?GAGO????IJ???A@_?c??a?KA????A_Ao???G__CG???@A_GC???IG_?_???EOG_?????i_??O???o@?CC????K?P?C????F?`???????OT_????A?@?HO?????_HGG?????BA?OG????A?DO@?????,[(29-40)-(28-42)-(27-56)-(26-44)-(25-47)-(24-30)-(23-31)-(22-45)-(21-46)-(20-54)-(19-43)-(18-59)-(17-41)-(16-55)-(15-53)-(14-57)-(13-58)-(12-38)-(11-39)-(10-37)-(9-35)-(8-34)-(7-51)-(6-50)-(5-48)-(4-49)-(3-32)-(2-33)-(1-52)-(0-36)],0.00033736228942871094,0.01832413673400879,1,True,0
{?????????????????????????????????????????????????????????????????????????O_CDAc?_G?OKE??ICO?A?@?SCO?APAA?w?_?_?@AA?D??@OBG?@AH_???_??P`???_CD_?A?GAGO????IJ???A@_?c??a?KA????A_Ao???G__CG???@A_GC???IG_?_???EOG_?????i_??O???o@?CC????K?P?C????F?`???????OT_????A?@?HO?????_HGG?????BA?OG????A?DO@?????,[(29-40)-(28-42)-(27-56)-(26-44)-(25-47)-(24-30)-(23-31)-(22-45)-(21-46)-(20-54)-(19-43)-(18-59)-(17-41)-(16-55)-(15-53)-(14-57)-(13-58)-(12-38)-(11-39)-(10-37)-(9-35)-(8-34)-(7-51)-(6-50)-(5-48)-(4-49)-(3-32)-(2-33)-(1-52)-(0-36)],0.00032067298889160156,0.06314206123352051,3,True,0
{?????????????????????????????????????????????????????????????????????????O_CDAc?_G?OKE??ICO?A?@?SCO?APAA?w?_?_?@AA?D??@OBG?@AH_???_??P`???_CD_?A?GAGO????IJ???A@_?c??a?KA????A_Ao???G__CG???@A_GC???IG_?_???EOG_?????i_??O???o@?CC????K?P?C????F?`???????OT_????A?@?HO?????_HGG?????BA?OG????A?DO@?????,[(29-44)-(28-59)-(27-56)-(26-43)-(25-47)-(24-40)-(23-31)-(22-45)-(21-46)-(20-54)-(19-42)-(18-30)-(17-41)-(16-55)-(15-53)-(14-57)-(13-58)-(12-38)-(11-39)-(10-37)-(9-35)-(8-34)-(7-51)-(6-50)-(5-48)-(4-49)-(3-32)-(2-33)-(1-52)-(0-36)],0.0003387928009033203,0.04493522644042969,2,True,0
{?????????????????????????????????????????????????????????????????????????O_CDAc?_G?OKE??ICO?A?@?SCO?APAA?w?_?_?@AA?D??@OBG?@AH_???_??P`???_CD_?A?GAGO????IJ???A@_?c??a?KA????A_Ao???G__CG???@A_GC???IG_?_???EOG_?????i_??O???o@?CC????K?P?C????F?`???????OT_????A?@?HO?????_HGG?????BA?OG????A?DO@?????,[(29-44)-(28-59)-(27-56)-(26-43)-(25-47)-(24-40)-(23-31)-(22-45)-(21-46)-(20-54)-(19-42)-(18-30)-(17-41)-(16-55)-(15-53)-(14-57)-(13-58)-(12-38)-(11-39)-(10-37)-(9-35)-(8-34)-(7-51)-(6-50)-(5-48)-(4-49)-(3-32)-(2-33)-(1-52)-(0-36)],0.0003314018249511719,0.08400344848632812,4,True,0
{?????????????????????????????????????????????????????????????????????????O_CDAc?_G?OKE??ICO?A?@?SCO?APAA?w?_?_?@AA?D??@OBG?@AH_???_??P`???_CD_?A?GAGO????IJ???A@_?c??a?KA????A_Ao???G__CG???@A_GC???IG_?_???EOG_?????i_??O???o@?CC????K?P?C????F?`???????OT_????A?@?HO?????_HGG?????BA?OG????A?DO@?????,[(29-44)-(28-42)-(27-56)-(26-41)-(25-47)-(24-30)-(23-31)-(22-45)-(21-46)-(20-54)-(19-40)-(18-59)-(17-43)-(16-55)-(15-53)-(14-57)-(13-58)-(12-38)-(11-39)-(10-37)-(9-35)-(8-34)-(7-51)-(6-50)-(5-48)-(4-49)-(3-32)-(2-33)-(1-52)-(0-36)],0.00032639503479003906,0.04423236846923828,2,True,0
{?????????????????????????????????????????????????????????????????????????O_CDAc?_G?OKE??ICO?A?@?SCO?APAA?w?_?_?@AA?D??@OBG?@AH_???_??P`???_CD_?A?GAGO????IJ???A@_?c??a?KA????A_Ao???G__CG???@A_GC???IG_?_???EOG_?????i_??O???o@?CC????K?P?C????F?`???????OT_????A?@?HO?????_HGG?????BA?OG????A?DO@?????,[(29-44)-(28-42)-(27-56)-(26-41)-(25-47)-(24-30)-(23-31)-(22-45)-(21-46)-(20-54)-(19-40)-(18-59)-(17-43)-(16-55)-(15-53)-(14-57)-(13-58)-(12-38)-(11-39)-(10-37)-(9-35)-(8-34)-(7-51)-(6-50)-(5-48)-(4-49)-(3-32)-(2-33)-(1-52)-(0-36)],0.00032258033752441406,0.01903367042541504,1,True,0
{?????????????????????????????????????????????????????????????????????????O_CDAc?_G?OKE??ICO?A?@?SCO?APAA?w?_?_?@AA?D??@OBG?@AH_???_??P`???_CD_?A?GAGO????IJ???A@_?c??a?KA????A_Ao???G__CG???@A_GC???IG_?_???EOG_?????i_??O???o@?CC????K?P?C????F?`???????OT_????A?@?HO?????_HGG?????BA?OG????A?DO@?????,[(29-44)-(28-59)-(27-56)-(26-41)-(25-47)-(24-40)-(23-31)-(22-45)-(21-46)-(20-54)-(19-42)-(18-30)-(17-43)-(16-55)-(15-53)-(14-57)-(13-58)-(12-38)-(11-39)-(10-37)-(9-35)-(8-34)-(7-51)-(6-50)-(5-48)-(4-49)-(3-32)-(2-33)-(1-52)-(0-36)],0.00032806396484375,0.019473552703857422,1,True,0
{?????????????????????????????????????????????????????????????????????????O_CDAc?_G?OKE??ICO?A?@?SCO?APAA?w?_?_?@AA?D??@OBG?@AH_???_??P`???_CD_?A?GAGO????IJ???A@_?c??a?KA????A_Ao???G__CG???@A_GC???IG_?_???EOG_?????i_??O???o@?CC????K?P?C????F?`???????OT_????A?@?HO?????_HGG?????BA?OG????A?DO@?????,[(29-44)-(28-59)-(27-56)-(26-41)-(25-47)-(24-40)-(23-31)-(22-45)-(21-46)-(20-54)-(19-42)-(18-30)-(17-43)-(16-55)-(15-53)-(14-57)-(13-58)-(12-38)-(11-39)-(10-37)-(9-35)-(8-34)-(7-51)-(6-50)-(5-48)-(4-49)-(3-32)-(2-33)-(1-52)-(0-36)],0.0003275871276855469,0.04487895965576172,2,True,0
{?????????????????????????????????????????????????????????????????????????O_CDAc?_G?OKE??ICO?A?@?SCO?APAA?w?_?_?@AA?D??@OBG?@AH_???_??P`???_CD_?A?GAGO????IJ???A@_?c??a?KA????A_Ao???G__CG???@A_GC???IG_?_???EOG_?????i_??O???o@?CC????K?P?C????F?`???????OT_????A?@?HO?????_HGG?????BA?OG????A?DO@?????,[(29-44)-(28-42)-(27-56)-(26-43)-(25-47)-(24-30)-(23-31)-(22-45)-(21-46)-(20-54)-(19-40)-(18-55)-(17-41)-(16-59)-(15-53)-(14-57)-(13-58)-(12-38)-(11-39)-(10-37)-(9-35)-(8-34)-(7-51)-(6-50)-(5-48)-(4-49)-(3-32)-(2-33)-(1-52)-(0-36)],0.000339508056640625,0.08459639549255371,4,True,0
{?????????????????????????????????????????????????????????????????????????O_CDAc?_G?OKE??ICO?A?@?SCO?APAA?w?_?_?@AA?D??@OBG?@AH_???_??P`???_CD_?A?GAGO????IJ???A@_?c??a?KA????A_Ao???G__CG???@A_GC???IG_?_???EOG_?????i_??O???o@?CC????K?P?C????F?`???????OT_????A?@?HO?????_HGG?????BA?OG????A?DO@?????,[(29-44)-(28-42)-(27-56)-(26-43)-(25-47)-(24-30)-(23-31)-(22-45)-(21-46)-(20-54)-(19-40)-(18-55)-(17-41)-(16-59)-(15-53)-(14-57)-(13-58)-(12-38)-(11-39)-(10-37)-(9-35)-(8-34)-(7-51)-(6-50)-(5-48)-(4-49)-(3-32)-(2-33)-(1-52)-(0-36)],0.00033402442932128906,0.029555082321166992,1,True,0
{?????????????????????????????????????????????????????????????????????????O_CDAc?_G?OKE??ICO?A?@?SCO?APAA?w?_?_?@AA?D??@OBG?@AH_???_??P`???_CD_?A?GAGO????IJ???A@_?c??a?KA????A_Ao???G__CG???@A_GC???IG_?_???EOG_?????i_??O???o@?CC????K?P?C????F?`???????OT_????A?@?HO?????_HGG?????BA?OG????A?DO@?????,[(29-44)-(28-42)-(27-56)-(26-30)-(25-47)-(24-40)-(23-31)-(22-45)-(21-46)-(20-54)-(19-43)-(18-55)-(17-41)-(16-59)-(15-53)-(14-57)-(13-58)-(12-38)-(11-39)-(10-37)-(9-35)-(8-34)-(7-51)-(6-50)-(5-48)-(4-49)-(3-32)-(2-33)-(1-52)-(0-36)],0.0003275871276855469,0.028553009033203125,1,True,0
{?????????????????????????????????????????????????????????????????????????O_CDAc?_G?OKE??ICO?A?@?SCO?APAA?w?_?_?@AA?D??@OBG?@AH_???_??P`???_CD_?A?GAGO????IJ???A@_?c??a?KA????A_Ao???G__CG???@A_GC???IG_?_???EOG_?????i_??O???o@?CC????K?P?C????F?`???????OT_????A?@?HO?????_HGG?????BA?OG????A?DO@?????,[(29-44)-(28-42)-(27-56)-(26-30)-(25-47)-(24-40)-(23-31)-(22-45)-(21-46)-(20-54)-(19-43)-(18-55)-(17-41)-(16-59)-(15-53)-(14-57)-(13-58)-(12-38)-(11-39)-(10-37)-(9-35)-(8-34)-(7-51)-(6-50)-(5-48)-(4-49)-(3-32)-(2-33)-(1-52)-(0-36)],0.0003647804260253906,0.06301045417785645,3,True,0
{?????????????????????????????????????????????????????????????????????????O_CDAc?_G?OKE??ICO?A?@?SCO?APAA?w?_?_?@AA?D??@OBG?@AH_???_??P`???_CD_?A?GAGO????IJ???A@_?c??a?KA????A_Ao???G__CG???@A_GC???IG_?_???EOG_?????i_??O???o@?CC????K?P?C????F?`???????OT_????A?@?HO?????_HGG?????BA?OG????A?DO@?????,[(29-40)-(28-42)-(27-56)-(26-44)-(25-47)-(24-30)-(23-31)-(22-45)-(21-46)-(20-54)-(19-43)-(18-55)-(17-41)-(16-59)-(15-53)-(14-57)-(13-58)-(12-38)-(11-39)-(10-37)-(9-35)-(8-34)-(7-51)-(6-50)-(5-48)-(4-49)-(3-32)-(2-33)-(1-52)-(0-36)],0.0003447532653808594,0.08334875106811523,4,True,0
{?????????????????????????????????????????????????????????????????????????O_CDAc?_G?OKE??ICO?A?@?SCO?APAA?w?_?_?@AA?D??@OBG?@AH_???_??P`???_CD_?A?GAGO????IJ???A@_?c??a?KA????A_Ao???G__CG???@A_GC???IG_?_???EOG_?????i_??O???o@?CC????K?P?C????F?`???????OT_????A?@?HO?????_HGG?????BA?OG????A?DO@?????,[(29-40)-(28-42)-(27-56)-(26-44)-(25-47)-(24-30)-(23-31)-(22-45)-(21-46)-(20-54)-(19-43)-(18-55)-(17-41)-(16-59)-(15-53)-(14-57)-(13-58)-(12-38)-(11-39)-(10-37)-(9-35)-(8-34)-(7-51)-(6-50)-(5-48)-(4-49)-(3-32)-(2-33)-(1-52)-(0-36)],0.0003323554992675781,0.06280636787414551,3,True,0
{?????????????????????????????????????????????????????????????????????????O_CDAc?_G?OKE??ICO?A?@?SCO?APAA?w?_?_?@AA?D??@OBG?@AH_???_??P`???_CD_?A?GAGO????IJ???A@_?c??a?KA????A_Ao???G__CG???@A_GC???IG_?_???EOG_?????i_??O???o@?CC????K?P?C????F?`???????OT_????A?@?HO?????_HGG?????BA?OG????A?DO@?????,[(29-44)-(28-42)-(27-56)-(26-43)-(25-47)-(24-40)-(23-31)-(22-45)-(21-55)-(20-54)-(19-46)-(18-30)-(17-41)-(16-59)-(15-53)-(14-57)-(13-58)-(12-38)-(11-39)-(10-37)-(9-35)-(8-34)-(7-51)-(6-50)-(5-48)-(4-49)-(3-32)-(2-33)-(1-52)-(0-36)],0.00032401084899902344,0.028167009353637695,1,True,0
{?????????????????????????????????????????????????????????????????????????O_CDAc?_G?OKE??ICO?A?@?SCO?APAA?w?_?_?@AA?D??@OBG?@AH_???_??P`???_CD_?A?GAGO????IJ???A@_?c??a?KA????A_Ao???G__CG???@A_GC???IG_?_???EOG_?????i_??O???o@?CC????K?P?C????F?`???????OT_????A?@?HO?????_HGG?????BA?OG????A?DO@?????,[(29-44)-(28-42)-(27-56)-(26-43)-(25-47)-(24-40)-(23-31)-(22-45)-(21-55)-(20-54)-(19-46)-(18-30)-(17-41)-(16-59)-(15-53)-(14-57)-(13-58)-(12-38)-(11-39)-(10-37)-(9-35)-(8-34)-(7-51)-(6-50)-(5-48)-(4-49)-(3-32)-(2-33)-(1-52)-(0-36)],0.00031447410583496094,0.0636909008026123,3,True,0
{?????????????????????????????????????????????????????????????????????????@?TO@?i?@?I?oA?c?A_A?OPD??G?BH??@AG?a??GBOO?@SO??_C??I__?@@?`@??O@?IC?C?A___???G?RO???ICCO??GOG?a??@S??AO??A?Q?S?????_DH???Qg?C?????@APG????IAA?_????VO?????B___?????A?_@I?????IKG??????OO@C_????c?@C@????AA?P?_????Cq?C??????,[(29-40)-(28-45)-(27-58)-(26-31)-(25-46)-(24-47)-(23-44)-(22-43)-(21-42)-(20-59)-(19-39)-(18-30)-(17-57)-(16-35)-(15-50)-(14-36)-(13-41)-(12-48)-(11-55)-(10-34)-(9-54)-(8-37)-(7-52)-(6-38)-(5-51)-(4-32)-(3-56)-(2-53)-(1-49)-(0-33)],0.0003414154052734375,0.0812525749206543,4,True,0
{?????????????????????????????????????????????????????????????????????????@?TO@?i?@?I?oA?c?A_A?OPD??G?BH??@AG?a??GBOO?@SO??_C??I__?@@?`@??O@?IC?C?A___???G?RO???ICCO??GOG?a??@S??AO??A?Q?S?????_DH???Qg?C?????@APG????IAA?_????VO?????B___?????A?_@I?????IKG??????OO@C_????c?@C@????AA?P?_????Cq?C??????,[(29-40)-(28-45)-(27-58)-(26-31)-(25-46)-(24-47)-(23-44)-(22-43)-(21-42)-(20-59)-(19-39)-(18-30)-(17-57)-(16-35)-(15-50)-(14-36)-(13-41)-(12-48)-(11-55)-(10-34)-(9-54)-(8-37)-(7-52)-(6-38)-(5-51)-(4-32)-(3-56)-(2-53)-(1-49)-(0-33)],0.0003898143768310547,0.04403972625732422,2,True,0
{?????????????????????????????????????????????????????????????????????????@?TO@?i?@?I?oA?c?A_A?OPD??G?BH??@AG?a??GBOO?@SO??_C??I__?@@?`@??O@?IC?C?A___???G?RO???ICCO??GOG?a??@S??AO??A?Q?S?????_DH???Qg?C?????@APG????IAA?_????VO?????B___?????A?_@I?????IKG??????OO@C_????c?@C@????AA?P?_????Cq?C??????,[(29-57)-(28-45)-(27-58)-(26-31)-(25-46)-(24-47)-(23-40)-(22-43)-(21-42)-(20-59)-(19-39)-(18-30)-(17-44)-(16-35)-(15-50)-(14-36)-(13-41)-(12-48)-(11-55)-(10-34)-(9-54)-(8-37)-(7-52)-(6-38)-(5-51)-(4-32)-(3-56)-(2-53)-(1-49)-(0-33)],0.0003268718719482422,0.06418418884277344,3,True,0
{?????????????????????????????????????????????????????????????????????????@?TO@?i?@?I?oA?c?A_A?OPD??G?BH??@AG?a??GBOO?@SO??_C??I__?@@?`@??O@?IC?C?A___???G?RO???ICCO??GOG?a??@S??AO??A?Q?S?????_DH???Qg?C?????@APG????IAA?_????VO?????B___?????A?_@I?????IKG??????OO@C_????c?@C@????AA?P?_????Cq?C??????,[(29-57)-(28-45)-(27-58)-(26-31)-(25-46)-(24-47)-(23-40)-(22-43)-(21-42)-(20-59)-(19-39)-(18-30)-(17-44)-(16-35)-(15-50)-(14-36)-(13-41)-(12-48)-(11-55)-(10-34)-(9-54)-(8-37)-(7-52)-(6-38)-(5-51)-(4-32)-(3-56)-(2-53)-(1-49)-(0-33)],0.00033211708068847656,0.028142690658569336,1,True,0
{?????????????????????????????????????????????????????????????????????????@?TO@?i?@?I?oA?c?A_A?OPD??G?BH??@AG?a??GBOO?@SO??_C??I__?@@?`@??O@?IC?C?A___???G?RO???ICCO??GOG?a??@S??AO??A?Q?S?????_DH???Qg?C?????@APG????IAA?_????VO?????B___?????A?_@I?????IKG??????OO@C_????c?@C@????AA?P?_????Cq?C??????,[(29-40)-(28-45)-(27-42)-(26-31)-(25-46)-(24-47)-(23-44)-(22-43)-(21-57)-(20-59)-(19-35)-(18-30)-(17-39)-(16-58)-(15-50)-(14-36)-(13-41)-(12-48)-(11-55)-(10-34)-(9-54)-(8-37)-(7-52)-(6-38)-(5-51)-(4-32)-(3-56)-(2-53)-(1-49)-(0-33)],0.0003268718719482422,0.14965343475341797,7,True,0
{?????????????????????????????????????????????????????????????????????????@?TO@?i?@?I?oA?c?A_A?OPD??G?BH??@AG?a??GBOO?@SO??_C??I__?@@?`@??O@?IC?C?A___???G?RO???ICCO??GOG?a??@S??AO??A?Q?S?????_DH???Qg?C?????@APG????IAA?_????VO?????B___?????A?_@I?????IKG??????OO@C_????c?@C@????AA?P?_????Cq?C??????,[(29-40)-(28-45)-(27-42)-(26-31)-(25-46)-(24-47)-(23-44)-(22-43)-(21-57)-(20-59)-(19-35)-(18-30)-(17-39)-(16-58)-(15-50)-(14-36)-(13-41)-(12-48)-(11-55)-(10-34)-(9-54)-(8-37)-(7-52)-(6-38)-(5-51)-(4-32)-(3-56)-(2-53)-(1-49)-(0-33)],0.0003170967102050781,0.08065390586853027,4,True,0
{?????????????????????????????????????????????????????????????????????????@?TO@?i?@?I?oA?c?A_A?OPD??G?BH??@AG?a??GBOO?@SO??_C??I__?@@?`@??O@?IC?C?A___???G?RO???ICCO??GOG?a??@S??AO??A?Q?S?????_DH???Qg?C?????@APG????IAA?_????VO?????B___?????A?_@I?????IKG??????OO@C_????c?@C@????AA?P?_????Cq?C??????,[(29-57)-(28-45)-(27-44)-(26-31)-(25-46)-(24-47)-(23-40)-(22-43)-(21-42)-(20-59)-(19-35)-(18-30)-(17-39)-(16-58)-(15-50)-(14-36)-(13-41)-(12-48)-(11-55)-(10-34)-(9-54)-(8-37)-(7-52)-(6-38)-(5-51)-(4-32)-(3-56)-(2-53)-(1-49)-(0-33)],0.0003180503845214844,0.02850174903869629,1,True,0
{?????????????????????????????????????????????????????????????????????????@?TO@?i?@?I?oA?c?A_A?OPD??G?BH??@AG?a??GBOO?@SO??_C??I__?@@?`@??O@?IC?C?A___???G?RO???ICCO??GOG?a??@S??AO??A?Q?S?????_DH???Qg?C?????@APG????IAA?_????VO?????B___?????A?_@I?????IKG??????OO@C_????c?@C@????AA?P?_????Cq?C??????,[(29-57)-(28-45)-(27-44)-(26-31)-(25-46)-(24-47)-(23-40)-(22-43)-(21-42)-(20-59)-(19-35)-(18-30)-(17-39)-(16-58)-(15-50)-(14-36)-(13-41)-(12-48)-(11-55)-(10-34)-(9-54)-(8-37)-(7-52)-(6-38)-(5-51)-(4-32)-(3-56)-(2-53)-(1-49)-(0-33)],0.0003223419189453125,0.12449193000793457,6,True,0
{?????????????????????????????????????????????????????????????????????????@?TO@?i?@?I?oA?c?A_A?OPD??G?BH??@AG?a??GBOO?@SO??_C??I__?@@?`@??O@?IC?C?A___???G?RO???ICCO??GOG?a??@S??AO??A?Q?S?????_DH???Qg?C?????@APG????IAA?_????VO?????B___?????A?_@I?????IKG??????OO@C_????c?@C@????AA?P?_????Cq?C??????,[(29-40)-(28-45)-(27-42)-(26-31)-(25-46)-(24-47)-(23-44)-(22-43)-(21-39)-(20-59)-(19-35)-(18-30)-(17-57)-(16-58)-(15-50)-(14-36)-(13-41)-(12-48)-(11-55)-(10-34)-(9-54)-(8-37)-(7-52)-(6-38)-(5-51)-(4-32)-(3-56)-(2-53)-(1-49)-(0-33)],0.00032782554626464844,0.06207585334777832,3,True,0
{?????????????????????????????????????????????????????????????????????????@?TO@?i?@?I?oA?c?A_A?OPD??G?BH??@AG?a??GBOO?@SO??_C??I__?@@?`@??O@?IC?C?A___???G?RO???ICCO??GOG?a??@S??AO??A?Q?S?????_DH???Qg?C?????@APG????IAA?_????VO?????B___?????A?_@I?????IKG??????OO@C_????c?@C@????AA?P?_????Cq?C??????,[(29-40)-(28-45)-(27-42)-(26-31)-(25-46)-(24-47)-(23-44)-(22-43)-(21-39)-(20-59)-(19-35)-(18-30)-(17-57)-(16-58)-(15-50)-(14-36)-(13-41)-(12-48)-(11-55)-(10-34)-(9-54)-(8-37)-(7-52)-(6-38)-(5-51)-(4-32)-(3-56)-(2-53)-(1-49)-(0-33)],0.0003275871276855469,0.08100509643554688,4,True,0
{?????????????????????????????????????????????????????????????????????????@?TO@?i?@?I?oA?c?A_A?OPD??G?BH??@AG?a??GBOO?@SO??_C??I__?@@?`@??O@?IC?C?A___???G?RO???ICCO??GOG?a??@S??AO??A?Q?S?????_DH???Qg?C?????@APG????IAA?_????VO?????B___?????A?_@I?????IKG??????OO@C_????c?@C@????AA?P?_????Cq?C??????,[(29-40)-(28-45)-(27-39)-(26-31)-(25-46)-(24-47)-(23-44)-(22-43)-(21-42)-(20-59)-(19-35)-(18-30)-(17-57)-(16-58)-(15-50)-(14-36)-(13-41)-(12-48)-(11-55)-(10-34)-(9-54)-(8-37)-(7-52)-(6-38)-(5-51)-(4-32)-(3-56)-(2-53)-(1-49)-(0-33)],0.0003192424774169922,0.044592857360839844,2,True,0
{?????????????????????????????????????????????????????????????????????????@?TO@?i?@?I?oA?c?A_A?OPD??G?BH??@AG?a??GBOO?@SO??_C??I__?@@?`@??O@?IC?C?A___???G?RO???ICCO??GOG?a??@S??AO??A?Q?S?????_DH???Qg?C?????@APG????IAA?_????VO?????B___?????A?_@I?????IKG??????OO@C_????c?@C@????AA?P?_????Cq?C??????,[(29-40)-(28-45)-(27-39)-(26-31)-(25-46)-(24-47)-(23-44)-(22-43)-(21-42)-(20-59)-(19-35)-(18-30)-(17-57)-(16-58)-(15-50)-(14-36)-(13-41)-(12-48)-(11-55)-(10-34)-(9-54)-(8-37)-(7-52)-(6-38)-(5-51)-(4-32)-(3-56)-(2-53)-(1-49)-(0-33)],0.0003273487091064453,0.06190919876098633,3,True,0
{?????????????????????????????????????????????????????????????????????????@?TO@?i?@?I?oA?c?A_A?OPD??G?BH??@AG?a??GBOO?@SO??_C??I__?@@?`@??O@?IC?C?A___???G?RO???ICCO??GOG?a??@S??AO??A?Q?S?????_DH???Qg?C?????@APG????IAA?_????VO?????B___?????A?_@I?????IKG??????OO@C_????c?@C@????AA?P?_????Cq?C??????,[(29-57)-(28-45)-(27-42)-(26-31)-(25-46)-(24-47)-(23-40)-(22-43)-(21-39)-(20-59)-(19-35)-(18-30)-(17-44)-(16-58)-(15-50)-(14-36)-(13-41)-(12-48)-(11-55)-(10-34)-(9-54)-(8-37)-(7-52)-(6-38)-(5-51)-(4-32)-(3-56)-(2-53)-(1-49)-(0-33)],0.0003216266632080078,0.018795013427734375,1,True,0
{?????????????????????????????????????????????????????????????????????????@?TO@?i?@?I?oA?c?A_A?OPD??G?BH??@AG?a??GBOO?@SO??_C??I__?@@?`@??O@?IC?C?A___???G?RO???ICCO??GOG?a??@S??AO??A?Q?S?????_DH???Qg?C?????@APG????IAA?_????VO?????B___?????A?_@I?????IKG??????OO@C_????c?@C@????AA?P?_????Cq?C??????,[(29-57)-(28-45)-(27-42)-(26-31)-(25-46)-(24-47)-(23-40)-(22-43)-(21-39)-(20-59)-(19-35)-(18-30)-(17-44)-(16-58)-(15-50)-(14-36)-(13-41)-(12-48)-(11-55)-(10-34)-(9-54)-(8-37)-(7-52)-(6-38)-(5-51)-(4-32)-(3-56)-(2-53)-(1-49)-(0-33)],0.00033402442932128906,0.06406474113464355,3,True,0
{?????????????????????????????????????????????????????????????????????????@?TO@?i?@?I?oA?c?A_A?OPD??G?BH??@AG?a??GBOO?@SO??_C??I__?@@?`@??O@?IC?C?A___???G?RO???ICCO??GOG?a??@S??AO??A?Q?S?????_DH???Qg?C?????@APG????IAA?_????VO?????B___?????A?_@I?????IKG??????OO@C_????c?@C@????AA?P?_????Cq?C??????,[(29-57)-(28-45)-(27-39)-(26-31)-(25-46)-(24-47)-(23-40)-(22-43)-(21-42)-(20-59)-(19-35)-(18-30)-(17-44)-(16-58)-(15-50)-(14-36)-(13-41)-(12-48)-(11-55)-(10-34)-(9-54)-(8-37)-(7-52)-(6-38)-(5-51)-(4-32)-(3-56)-(2-53)-(1-49)-(0-33)],0.0003249645233154297,0.10375785827636719,5,True,0
{?????????????????????????????????????????????????????????????????????????@?TO@?i?@?I?oA?c?A_A?OPD??G?BH??@AG?a??GBOO?@SO??_C??I__?@@?`@??O@?IC?C?A___???G?RO???ICCO??GOG?a??@S??AO??A?Q?S?????_DH???Qg?C?????@APG????IAA?_????VO?????B___?????A?_@I?????IKG??????OO@C_????c?@C@????AA?P?_????Cq?C??????,[(29-57)-(28-45)-(27-39)-(26-31)-(25-46)-(24-47)-(23-40)-(22-43)-(21-42)-(20-59)-(19-35)-(18-30)-(17-44)-(16-58)-(15-50)-(14-36)-(13-41)-(12-48)-(11-55)-(10-34)-(9-54)-(8-37)-(7-52)-(6-38)-(5-51)-(4-32)-(3-56)-(2-53)-(1-49)-(0-33)],0.0003540515899658203,0.12247896194458008,6,True,0
{?????????????????????????????????????????????????????????????????????????@?TO@?i?@?I?oA?c?A_A?OPD??G?BH??@AG?a??GBOO?@SO??_C??I__?@@?`@??O@?IC?C?A___???G?RO???ICCO??GOG?a??@S??AO??A?Q?S?????_DH???Qg?C?????@APG????IAA?_????VO?????B___?????A?_@I?????IKG??????OO@C_????c?@C@????AA?P?_????Cq?C??????,[(29-57)-(28-45)-(27-58)-(26-31)-(25-46)-(24-47)-(23-44)-(22-43)-(21-42)-(20-59)-(19-35)-(18-40)-(17-39)-(16-30)-(15-50)-(14-36)-(13-41)-(12-48)-(11-55)-(10-34)-(9-54)-(8-37)-(7-52)-(6-38)-(5-51)-(4-32)-(3-56)-(2-53)-(1-49)-(0-33)],0.0003192424774169922,0.06272768974304199,3,True,0
{?????????????????????????????????????????????????????????????????????????@?TO@?i?@?I?oA?c?A_A?OPD??G?BH??@AG?a??GBOO?@SO??_C??I__?@@?`@??O@?IC?C?A___???G?RO???ICCO??GOG?a??@S??AO??A?Q?S?????_DH???Qg?C?????@APG????IAA?_????VO?????B___?????A?_@I?????IKG??????OO@C_????c?@C@????AA?P?_????Cq?C??????,[(29-57)-(28-45)-(27-58)-(26-31)-(25-46)-(24-47)-(23-44)-(22-43)-(21-42)-(20-59)-(19-35)-(18-40)-(17-39)-(16-30)-(15-50)-(14-36)-(13-41)-(12-48)-(11-55)-(10-34)-(9-54)-(8-37)-(7-52)-(6-38)-(5-51)-(4-32)-(3-56)-(2-53)-(1-49)-(0-33)],0.00040459632873535156,0.04408740997314453,2,True,0
{?????????????????????????????????????????????????????????????????????????@?TO@?i?@?I?oA?c?A_A?OPD??G?BH??@AG?a??GBOO?@SO??_C??I__?@@?`@??O@?IC?C?A___???G?RO???ICCO??GOG?a??@S??AO??A?Q?S?????_DH???Qg?C?????@APG????IAA?_????VO?????B___?????A?_@I?????IKG??????OO@C_????c?@C@????AA?P?_????Cq?C??????,[(29-40)-(28-45)-(27-58)-(26-31)-(25-46)-(24-47)-(23-44)-(22-43)-(21-42)-(20-59)-(19-39)-(18-50)-(17-57)-(16-30)-(15-35)-(14-36)-(13-41)-(12-48)-(11-55)-(10-34)-(9-54)-(8-37)-(7-52)-(6-38)-(5-51)-(4-32)-(3-56)-(2-53)-(1-49)-(0-33)],0.00036334991455078125,0.06177401542663574,3,True,0
{?????????????????????????????????????????????????????????????????????????@?TO@?i?@?I?oA?c?A_A?OPD??G?BH??@AG?a??GBOO?@SO??_C??I__?@@?`@??O@?IC?C?A___???G?RO???ICCO??GOG?a??@S??AO??A?Q?S?????_DH???Qg?C?????@APG????IAA?_????VO?????B___?????A?_@I?????IKG??????OO@C_????c?@C@????AA?P?_????Cq?C??????,[(29-40)-(28-45)-(27-58)-(26-31)-(25-46)-(24-47)-(23-44)-(22-43)-(21-42)-(20-59)-(19-39)-(18-50)-(17-57)-(16-30)-(15-35)-(14-36)-(13-41)-(12-48)-(11-55)-(10-34)-(9-54)-(8-37)-(7-52)-(6-38)-(5-51)-(4-32)-(3-56)-(2-53)-(1-49)-(0-33)],0.0003249645233154297,0.04413342475891113,2,True,0
{????????????????????????????????????????????????????????????????????????A??P`?AOG@_q??`??o_D?@G?__GOW?CA??HI?C???_Ha??@@_B??@GE?G?A?__W??w@?O??C`GA???@_O_C??BIG?????G?O?F????@AX????A?BS???QoO?????@C?Oo????I`_????C??`AO???_D??P??????[GC???AGEC??????@C?[?????Ko_??????SAO?A?????G@EG???????Ep??????,[(29-45)-(28-57)-(27-31)-(26-46)-(25-51)-(24-43)-(23-55)-(22-59)-(21-47)-(20-30)-(19-42)-(18-58)-(17-38)-(16-53)-(15-34)-(14-56)-(13-54)-(12-37)-(11-39)-(10-44)-(9-52)-(8-36)-(7-50)-(6-33)-(5-49)-(4-40)-(3-41)-(2-32)-(1-48)-(0-35)],0.00032711029052734375,0.05881047248840332,3,True,0
{????????????????????????????????????????????????????????????????????????A??P`?AOG@_q??`??o_D?@G?__GOW?CA??HI?C???_Ha??@@_B??@GE?G?A?__W??w@?O??C`GA???@_O_C??BIG?????G?O?F????@AX????A?BS???QoO?????@C?Oo????I`_????C??`AO???_D??P??????[GC???AGEC??????@C?[?????Ko_??????SAO?A?????G@EG???????Ep??????,[(29-45)-(28-57)-(27-31)-(26-46)-(25-51)-(24-43)-(23-55)-(22-59)-(21-47)-(20-30)-(19-42)-(18-58)-(17-38)-(16-53)-(15-34)-(14-56)-(13-54)-(12-37)-(11-39)-(10-44)-(9-52)-(8-36)-(7-50)-(6-33)-(5-49)-(4-40)-(3-41)-(2-32)-(1-48)-(0-35)],0.0003161430358886719,0.04243206977844238,2,True,0
{????????????????????????????????????????????????????????????????????????A??P`?AOG@_q??`??o_D?@G?__GOW?CA??HI?C???_Ha??@@_B??@GE?G?A?__W??w@?O??C`GA???@_O_C??BIG?????G?O?F????@AX????A?BS???QoO?????@C?Oo????I`_????C??`AO???_D??P??????[GC???AGEC??????@C?[?????Ko_??????SAO?A?????G@EG???????Ep??????,[(29-45)-(28-57)-(27-31)-(26-46)-(25-51)-(24-43)-(23-58)-(22-55)-(21-47)-(20-30)-(19-42)-(18-59)-(17-38)-(16-53)-(15-34)-(14-56)-(13-54)-(12-37)-(11-39)-(10-44)-(9-52)-(8-36)-(7-50)-(6-33)-(5-49)-(4-40)-(3-41)-(2-32)-(1-48)-(0-35)],0.00031113624572753906,0.08035802841186523,4,True,0
{????????????????????????????????????????????????????????????????????????A??P`?AOG@_q??`??o_D?@G?__GOW?CA??HI?C???_Ha??@@_B??@GE?G?A?__W??w@?O??C`GA???@_O_C??BIG?????G?O?F????@AX????A?BS???QoO?????@C?Oo????I`_????C??`AO???_D??P??????[GC???AGEC??????@C?[?????Ko_??????SAO?A?????G@EG???????Ep??????,[(29-45)-(28-57)-(27-31)-(26-46)-(25-51)-(24-43)-(23-58)-(22-55)-(21-47)-(20-30)-(19-42)-(18-59)-(17-38)-(16-53)-(15-34)-(14-56)-(13-54)-(12-37)-(11-39)-(10-44)-(9-52)-(8-36)-(7-50)-(6-33)-(5-49)-(4-40)-(3-41)-(2-32)-(1-48)-(0-35)],0.0003342628479003906,0.027915239334106445,1,True,0
{????????????????????????????????????????????????????????????????????????A??P`?AOG@_q??`??o_D?@G?__GOW?CA??HI?C???_Ha??@@_B??@GE?G?A?__W??w@?O??C`GA???@_O_C??BIG?????G?O?F????@AX????A?BS???QoO?????@C?Oo????I`_????C??`AO???_D??P??????[GC???AGEC??????@C?[?????Ko_??????SAO?A?????G@EG???????Ep??????,[(29-45)-(28-57)-(27-38)-(26-31)-(25-51)-(24-43)-(23-46)-(22-55)-(21-47)-(20-30)-(19-42)-(18-58)-(17-59)-(16-53)-(15-34)-(14-56)-(13-54)-(12-37)-(11-39)-(10-44)-(9-52)-(8-36)-(7-50)-(6-33)-(5-49)-(4-40)-(3-41)-(2-32)-(1-48)-(0-35)],0.00034999847412109375,0.02775430679321289,1,True,0
{????????????????????????????????????????????????????????????????????????A??P`?AOG@_q??`??o_D?@G?__GOW?CA??HI?C???_Ha??@@_B??@GE?G?A?__W??w@?O??C`GA???@_O_C??BIG?????G?O?F????@AX????A?BS???QoO?????@C?Oo????I`_????C??`AO???_D??P??????[GC???AGEC??????@C?[?????Ko_??????SAO?A?????G@EG???????Ep??????,[(29-45)-(28-57)-(27-38)-(26-31)-(25-51)-(24-43)-(23-46)-(22-55)-(21-47)-(20-30)-(19-42)-(18-58)-(17-59)-(16-53)-(15-34)-(14-56)-(13-54)-(12-37)-(11-39)-(10-44)-(9-52)-(8-36)-(7-50)-(6-33)-(5-49)-(4-40)-(3-41)-(2-32)-(1-48)-(0-35)],0.00032639503479003906,0.12360739707946777,6,True,0
{????????????????????????????????????????????????????????????????????????A??P`?AOG@_q??`??o_D?@G?__GOW?CA??HI?C???_Ha??@@_B??@GE?G?A?__W??w@?O??C`GA???@_O_C??BIG?????G?O?F????@AX????A?BS???QoO?????@C?Oo????I`_????C??`AO???_D??P??????[GC???AGEC??????@C?[?????Ko_??????SAO?A?????G@EG???????Ep??????,[(29-45)-(28-57)-(27-38)-(26-31)-(25-51)-(24-43)-(23-55)-(22-46)-(21-47)-(20-30)-(19-42)-(18-58)-(17-59)-(16-53)-(15-34)-(14-56)-(13-54)-(12-37)-(11-39)-(10-44)-(9-52)-(8-36)-(7-50)-(6-33)-(5-49)-(4-40)-(3-41)-(2-32)-(1-48)-(0-35)],0.0003421306610107422,0.10223388671875,5,True,0
{????????????????????????????????????????????????????????????????????????A??P`?AOG@_q??`??o_D?@G?__GOW?CA??HI?C???_Ha??@@_B??@GE?G?A?__W??w@?O??C`GA???@_O_C??BIG?????G?O?F????@AX????A?BS???QoO?????@C?Oo????I`_????C??`AO???_D??P??????[GC???AGEC??????@C?[?????Ko_??????SAO?A?????G@EG???????Ep??????,[(29-45)-(28-57)-(27-38)-(26-31)-(25-51)-(24-43)-(23-55)-(22-46)-(21-47)-(20-30)-(19-42)-(18-58)-(17-59)-(16-53)-(15-34)-(14-56)-(13-54)-(12-37)-(11-39)-(10-44)-(9-52)-(8-36)-(7-50)-(6-33)-(5-49)-(4-40)-(3-41)-(2-32)-(1-48)-(0-35)],0.0003190040588378906,0.04416298866271973,2,True,0
{????????????????????????????????????????????????????????????????????????A??P`?AOG@_q??`??o_D?@G?__GOW?CA??HI?C???_Ha??@@_B??@GE?G?A?__W??w@?O??C`GA???@_O_C??BIG?????G?O?F????@AX????A?BS???QoO?????@C?Oo????I`_????C??`AO???_D??P??????[GC???AGEC??????@C?[?????Ko_??????SAO?A?????G@EG???????Ep??????,[(29-45)-(28-57)-(27-38)-(26-46)-(25-51)-(24-43)-(23-55)-(22-59)-(21-47)-(20-30)-(19-42)-(18-58)-(17-31)-(16-53)-(15-34)-(14-56)-(13-54)-(12-37)-(11-39)-(10-44)-(9-52)-(8-36)-(7-50)-(6-33)-(5-49)-(4-40)-(3-41)-(2-32)-(1-48)-(0-35)],0.0003218650817871094,0.04432964324951172,2,True,0
{????????????????????????????????????????????????????????????????????????A??P`?AOG@_q??`??o_D?@G?__GOW?CA??HI?C???_Ha??@@_B??@GE?G?A?__W??w@?O??C`GA???@_O_C??BIG?????G?O?F????@AX????A?BS???QoO?????@C?Oo????I`_????C??`AO???_D??P??????[GC???AGEC??????@C?[?????Ko_??????SAO?A?????G@EG???????Ep??????,[(29-45)-(28-57)-(27-38)-(26-46)-(25-51)-(24-43)-(23-55)-(22-59)-(21-47)-(20-30)-(19-42)-(18-58)-(17-31)-(16-53)-(15-34)-(14-56)-(13-54)-(12-37)-(11-39)-(10-44)-(9-52)-(8-36)-(7-50)-(6-33)-(5-49)-(4-40)-(3-41)-(2-32)-(1-48)-(0-35)],0.0003228187561035156,0.062030792236328125,3,True,0
{????????????????????????????????????????????????????????????????????????A??P`?AOG@_q??`??o_D?@G?__GOW?CA??HI?C???_Ha??@@_B??@GE?G?A?__W??w@?O??C`GA???@_O_C??BIG?????G?O?F????@AX????A?BS???QoO?????@C?Oo????I`_????C??`AO???_D??P??????[GC???AGEC??????@C?[?????Ko_??????SAO?A?????G@EG???????Ep??????,[(29-45)-(28-57)-(27-38)-(26-46)-(25-51)-(24-43)-(23-58)-(22-55)-(21-47)-(20-30)-(19-42)-(18-59)-(17-31)-(16-53)-(15-34)-(14-56)-(13-54)-(12-37)-(11-39)-(10-44)-(9-52)-(8-36)-(7-50)-(6-33)-(5-49)-(4-40)-(3-41)-(2-32)-(1-48)-(0-35)],0.0003204345703125,0.08036470413208008,4,True,0
{????????????????????????????????????????????????????????????????????????A??P`?AOG@_q??`??o_D?@G?__GOW?CA??HI?C???_Ha??@@_B??@GE?G?A?__W??w@?O??C`GA???@_O_C??BIG?????G?O?F????@AX????A?BS???QoO?????@C?Oo????I`_????C??`AO???_D??P??????[GC???AGEC??????@C?[?????Ko_??????SAO?A?????G@EG???????Ep??????,[(29-45)-(28-57)-(27-38)-(26-46)-(25-51)-(24-43)-(23-58)-(22-55)-(21-47)-(20-30)-(19-42)-(18-59)-(17-31)-(16-53)-(15-34)-(14-56)-(13-54)-(12-37)-(11-39)-(10-44)-(9-52)-(8-36)-(7-50)-(6-33)-(5-49)-(4-40)-(3-41)-(2-32)-(1-48)-(0-35)],0.0003421306610107422,0.06047964096069336,3,True,0
{????????????????????????????????????????????????????????????????????????A??P`?AOG@_q??`??o_D?@G?__GOW?CA??HI?C???_Ha??@@_B??@GE?G?A?__W??w@?O??C`GA???@_O_C??BIG?????G?O?F????@AX????A?BS???QoO?????@C?Oo????I`_????C??`AO???_D??P??????[GC???AGEC??????@C?[?????Ko_??????SAO?A?????G@EG???????Ep??????,[(29-45)-(28-57)-(27-31)-(26-46)-(25-51)-(24-43)-(23-55)-(22-59)-(21-47)-(20-30)-(19-42)-(18-58)-(17-53)-(16-38)-(15-34)-(14-56)-(13-54)-(12-37)-(11-39)-(10-44)-(9-52)-(8-36)-(7-50)-(6-33)-(5-49)-(4-40)-(3-41)-(2-32)-(1-48)-(0-35)],0.00032138824462890625,0.06241965293884277,3,True,0
{????????????????????????????????????????????????????????????????????????A??P`?AOG@_q??`??o_D?@G?__GOW?CA??HI?C???_Ha??@@_B??@GE?G?A?__W??w@?O??C`GA???@_O_C??BIG?????G?O?F????@AX????A?BS???QoO?????@C?Oo????I`_????C??`AO???_D??P??????[GC???AGEC??????@C?[?????Ko_??????SAO?A?????G@EG???????Ep??????,[(29-45)-(28-57)-(27-31)-(26-46)-(25-51)-(24-43)-(23-55)-(22-59)-(21-47)-(20-30)-(19-42)-(18-58)-(17-53)-(16-38)-(15-34)-(14-56)-(13-54)-(12-37)-(11-39)-(10-44)-(9-52)-(8-36)-(7-50)-(6-33)-(5-49)-(4-40)-(3-41)-(2-32)-(1-48)-(0-35)],0.00032973289489746094,0.06281065940856934,3,True,0
{????????????????????????????????????????????????????????????????????????A??P`?AOG@_q??`??o_D?@G?__GOW?CA??HI?C???_Ha??@@_B??@GE?G?A?__W??w@?O??C`GA???@_O_C??BIG?????G?O?F????@AX????A?BS???QoO?????@C?Oo????I`_????C??`AO???_D??P??????[GC???AGEC??????@C?[?????Ko_??????SAO?A?????G@EG???????Ep??????,[(29-45)-(28-57)-(27-31)-(26-46)-(25-51)-(24-43)-(23-58)-(22-55)-(21-47)-(20-30)-(19-42)-(18-59)-(17-53)-(16-38)-(15-34)-(14-56)-(13-54)-(12-37)-(11-39)-(10-44)-(9-52)-(8-36)-(7-50)-(6-33)-(5-49)-(4-40)-(3-41)-(2-32)-(1-48)-(0-35)],0.0003266334533691406,0.08092212677001953,4,True,0
{????????????????????????????????????????????????????????????????????????A??P`?AOG@_q??`??o_D?@G?__GOW?CA??HI?C???_Ha??@@_B??@GE?G?A?__W??w@?O??C`GA???@_O_C??BIG?????G?O?F????@AX????A?BS???QoO?????@C?Oo????I`_????C??`AO???_D??P??????[GC???AGEC??????@C?[?????Ko_??????SAO?A?????G@EG???????Ep??????,[(29-45)-(28-57)-(27-31)-(26-46)-(25-51)-(24-43)-(23-58)-(22-55)-(21-47)-(20-30)-(19-42)-(18-59)-(17-53)-(16-38)-(15-34)-(14-56)-(13-54)-(12-37)-(11-39)-(10-44)-(9-52)-(8-36)-(7-50)-(6-33)-(5-49)-(4-40)-(3-41)-(2-32)-(1-48)-(0-35)],0.00032401084899902344,0.04437613487243652,2,True,0
{????????????????????????????????????????????????????????????????????????A??P`?AOG@_q??`??o_D?@G?__GOW?CA??HI?C???_Ha??@@_B??@GE?G?A?__W??w@?O??C`GA???@_O_C??BIG?????G?O?F????@AX????A?BS???QoO?????@C?Oo????I`_????C??`AO???_D??P??????[GC???AGEC??????@C?[?????Ko_??????SAO?A?????G@EG???????Ep??????,[(29-45)-(28-57)-(27-31)-(26-46)-(25-51)-(24-43)-(23-55)-(22-53)-(21-47)-(20-30)-(19-42)-(18-58)-(17-59)-(16-38)-(15-34)-(14-56)-(13-54)-(12-37)-(11-39)-(10-44)-(9-52)-(8-36)-(7-50)-(6-33)-(5-49)-(4-40)-(3-41)-(2-32)-(1-48)-(0-35)],0.00034356117248535156,0.028421401977539062,1,True,0
{????????????????????????????????????????????????????????????????????????A??P`?AOG@_q??`??o_D?@G?__GOW?CA??HI?C???_Ha??@@_B??@GE?G?A?__W??w@?O??C`GA???@_O_C??BIG?????G?O?F????@AX????A?BS???QoO?????@C?Oo????I`_????C??`AO???_D??P??????[GC???AGEC??????@C?[?????Ko_??????SAO?A?????G@EG???????Ep??????,[(29-45)-(28-57)-(27-31)-(26-46)-(25-51)-(24-43)-(23-55)-(22-53)-(21-47)-(20-30)-(19-42)-(18-58)-(17-59)-(16-38)-(15-34)-(14-56)-(13-54)-(12-37)-(11-39)-(10-44)-(9-52)-(8-36)-(7-50)-(6-33)-(5-49)-(4-40)-(3-41)-(2-32)-(1-48)-(0-35)],0.000469207763671875,0.06362509727478027,3,True,0
{????????????????????????????????????????????????????????????????????????A??P`?AOG@_q??`??o_D?@G?__GOW?CA??HI?C???_Ha??@@_B??@GE?G?A?__W??w@?O??C`GA???@_O_C??BIG?????G?O?F????@AX????A?BS???QoO?????@C?Oo????I`_????C??`AO???_D??P??????[GC???AGEC??????@C?[?????Ko_??????SAO?A?????G@EG???????Ep??????,[(29-53)-(28-57)-(27-45)-(26-31)-(25-51)-(24-43)-(23-46)-(22-55)-(21-47)-(20-30)-(19-42)-(18-58)-(17-59)-(16-38)-(15-34)-(14-56)-(13-54)-(12-37)-(11-39)-(10-44)-(9-52)-(8-36)-(7-50)-(6-33)-(5-49)-(4-40)-(3-41)-(2-32)-(1-48)-(0-35)],0.0003268718719482422,0.04655599594116211,2,True,0
{????????????????????????????????????????????????????????????????????????A??P`?AOG@_q??`??o_D?@G?__GOW?CA??HI?C???_Ha??@@_B??@GE?G?A?__W??w@?O??C`GA???@_O_C??BIG?????G?O?F????@AX????A?BS???QoO?????@C?Oo????I`_????C??`AO???_D??P??????[GC???AGEC??????@C?[?????Ko_??????SAO?A?????G@EG???????Ep??????,[(29-53)-(28-57)-(27-45)-(26-31)-(25-51)-(24-43)-(23-46)-(22-55)-(21-47)-(20-30)-(19-42)-(18-58)-(17-59)-(16-38)-(15-34)-(14-56)-(13-54)-(12-37)-(11-39)-(10-44)-(9-52)-(8-36)-(7-50)-(6-33)-(5-49)-(4-40)-(3-41)-(2-32)-(1-48)-(0-35)],0.000335693359375,0.04459047317504883,2,True,0
{????????????????????????????????????????????????????????????????????????D?CS?C?Ge?@F??A?Ia??O?WOCA?G@A?D?A?o?P??C_S@???IIA??@?@H_???_KE??O@HA????OKD??C?IGA???@OGc???[?C_???@@??WG???QC@?_??O_?Aa????LGC????OUO?????CO@_?O???F?I??????O@?Gc????iG??_????A?Hc??????C@c_????H?I?C?????@OGQ?????GG?_`?????,[(29-47)-(28-59)-(27-57)-(26-39)-(25-43)-(24-41)-(23-46)-(22-58)-(21-40)-(20-44)-(19-31)-(18-45)-(17-42)-(16-30)-(15-38)-(14-51)-(13-53)-(12-36)-(11-56)-(10-35)-(9-37)-(8-49)-(7-55)-(6-48)-(5-54)-(4-34)-(3-52)-(2-33)-(1-32)-(0-50)],0.00035381317138671875,0.045111894607543945,2,True,0
{????????????????????????????????????????????????????????????????????????D?CS?C?Ge?@F??A?Ia??O?WOCA?G@A?D?A?o?P??C_S@???IIA??@?@H_???_KE??O@HA????OKD??C?IGA???@OGc???[?C_???@@??WG???QC@?_??O_?Aa????LGC????OUO?????CO@_?O???F?I??????O@?Gc????iG??_????A?Hc??????C@c_????H?I?C?????@OGQ?????GG?_`?????,[(29-47)-(28-59)-(27-57)-(26-39)-(25-43)-(24-41)-(23-46)-(22-58)-(21-40)-(20-44)-(19-31)-(18-45)-(17-42)-(16-30)-(15-38)-(14-51)-(13-53)-(12-36)-(11-56)-(10-35)-(9-37)-(8-49)-(7-55)-(6-48)-(5-54)-(4-34)-(3-52)-(2-33)-(1-32)-(0-50)],0.00033354759216308594,0.02763652801513672,1,True,0
{????????????????????????????????????????????????????????????????????????D?CS?C?Ge?@F??A?Ia??O?WOCA?G@A?D?A?o?P??C_S@???IIA??@?@H_???_KE??O@HA????OKD??C?IGA???@OGc???[?C_???@@??WG???QC@?_??O_?Aa????LGC????OUO?????CO@_?O???F?I??????O@?Gc????iG??_????A?Hc??????C@c_????H?I?C?????@OGQ?????GG?_`?????,[(29-47)-(28-59)-(27-57)-(26-42)-(25-43)-(24-41)-(23-44)-(22-46)-(21-40)-(20-39)-(19-31)-(18-45)-(17-58)-(16-30)-(15-38)-(14-51)-(13-53)-(12-36)-(11-56)-(10-35)-(9-37)-(8-49)-(7-55)-(6-48)-(5-54)-(4-34)-(3-52)-(2-33)-(1-32)-(0-50)],0.0003902912139892578,0.06269240379333496,3,True,0
{????????????????????????????????????????????????????????????????????????D?CS?C?Ge?@F??A?Ia??O?WOCA?G@A?D?A?o?P??C_S@???IIA??@?@H_???_KE??O@HA????OKD??C?IGA???@OGc???[?C_???@@??WG???QC@?_??O_?Aa????LGC????OUO?????CO@_?O???F?I??????O@?Gc????iG??_????A?Hc??????C@c_????H?I?C?????@OGQ?????GG?_`?????,[(29-47)-(28-59)-(27-57)-(26-42)-(25-43)-(24-41)-(23-44)-(22-46)-(21-40)-(20-39)-(19-31)-(18-45)-(17-58)-(16-30)-(15-38)-(14-51)-(13-53)-(12-36)-(11-56)-(10-35)-(9-37)-(8-49)-(7-55)-(6-48)-(5-54)-(4-34)-(3-52)-(2-33)-(1-32)-(0-50)],0.00033092498779296875,0.06261491775512695,3,True,0
{????????????????????????????????????????????????????????????????????????D?CS?C?Ge?@F??A?Ia??O?WOCA?G@A?D?A?o?P??C_S@???IIA??@?@H_???_KE??O@HA????OKD??C?IGA???@OGc???[?C_???@@??WG???QC@?_??O_?Aa????LGC????OUO?????CO@_?O???F?I??????O@?Gc????iG??_????A?Hc??????C@c_????H?I?C?????@OGQ?????GG?_`?????,[(29-46)-(28-59)-(27-57)-(26-42)-(25-43)-(24-41)-(23-44)-(22-47)-(21-40)-(20-39)-(19-31)-(18-45)-(17-58)-(16-30)-(15-38)-(14-51)-(13-53)-(12-36)-(11-56)-(10-35)-(9-37)-(8-49)-(7-55)-(6-48)-(5-54)-(4-34)-(3-52)-(2-33)-(1-32)-(0-50)],0.0003204345703125,0.06138157844543457,3,True,0
{????????????????????????????????????????????????????????????????????????D?CS?C?Ge?@F??A?Ia??O?WOCA?G@A?D?A?o?P??C_S@???IIA??@?@H_???_KE??O@HA????OKD??C?IGA???@OGc???[?C_???@@??WG???QC@?_??O_?Aa????LGC????OUO?????CO@_?O???F?I??????O@?Gc????iG??_????A?Hc??????C@c_????H?I?C?????@OGQ?????GG?_`?????,[(29-46)-(28-59)-(27-57)-(26-42)-(25-43)-(24-41)-(23-44)-(22-47)-(21-40)-(20-39)-(19-31)-(18-45)-(17-58)-(16-30)-(15-38)-(14-51)-(13-53)-(12-36)-(11-56)-(10-35)-(9-37)-(8-49)-(7-55)-(6-48)-(5-54)-(4-34)-(3-52)-(2-33)-(1-32)-(0-50)],0.00031948089599609375,0.028348922729492188,1,True,0
{????????????????????????????????????????????????????????????????????????D?CS?C?Ge?@F??A?Ia??O?WOCA?G@A?D?A?o?P??C_S@???IIA??@?@H_???_KE??O@HA????OKD??C?IGA???@OGc???[?C_???@@??WG???QC@?_??O_?Aa????LGC????OUO?????CO@_?O???F?I??????O@?Gc????iG??_????A?Hc??????C@c_????H?I?C?????@OGQ?????GG?_`?????,[(29-47)-(28-59)-(27-57)-(26-42)-(25-43)-(24-41)-(23-39)-(22-46)-(21-40)-(20-44)-(19-31)-(18-45)-(17-58)-(16-30)-(15-38)-(14-51)-(13-53)-(12-36)-(11-56)-(10-35)-(9-37)-(8-49)-(7-55)-(6-48)-(5-54)-(4-34)-(3-52)-(2-33)-(1-32)-(0-50)],0.00034308433532714844,0.028107643127441406,1,True,0
{????????????????????????????????????????????????????????????????????????D?CS?C?Ge?@F??A?Ia??O?WOCA?G@A?D?A?o?P??C_S@???IIA??@?@H_???_KE??O@HA????OKD??C?IGA???@OGc???[?C_???@@??WG???QC@?_??O_?Aa????LGC????OUO?????CO@_?O???F?I??????O@?Gc????iG??_????A?Hc??????C@c_????H?I?C?????@OGQ?????GG?_`?????,[(29-47)-(28-59)-(27-57)-(26-42)-(25-43)-(24-41)-(23-39)-(22-46)-(21-40)-(20-44)-(19-31)-(18-45)-(17-58)-(16-30)-(15-38)-(14-51)-(13-53)-(12-36)-(11-56)-(10-35)-(9-37)-(8-49)-(7-55)-(6-48)-(5-54)-(4-34)-(3-52)-(2-33)-(1-32)-(0-50)],0.0003304481506347656,0.04523205757141113,2,True,0
{????????????????????????????????????????????????????????????????????????D?CS?C?Ge?@F??A?Ia??O?WOCA?G@A?D?A?o?P??C_S@???IIA??@?@H_???_KE??O@HA????OKD??C?IGA???@OGc???[?C_???@@??WG???QC@?_??O_?Aa????LGC????OUO?????CO@_?O???F?I??????O@?Gc????iG??_????A?Hc??????C@c_????H?I?C?????@OGQ?????GG?_`?????,[(29-46)-(28-59)-(27-57)-(26-42)-(25-43)-(24-41)-(23-39)-(22-47)-(21-40)-(20-44)-(19-31)-(18-45)-(17-58)-(16-30)-(15-38)-(14-51)-(13-53)-(12-36)-(11-56)-(10-35)-(9-37)-(8-49)-(7-55)-(6-48)-(5-54)-(4-34)-(3-52)-(2-33)-(1-32)-(0-50)],0.0003399848937988281,0.029249906539916992,1,True,0
{????????????????????????????????????????????????????????????????????????D?CS?C?Ge?@F??A?Ia??O?WOCA?G@A?D?A?o?P??C_S@???IIA??@?@H_???_KE??O@HA????OKD??C?IGA???@OGc???[?C_???@@??WG???QC@?_??O_?Aa????LGC????OUO?????CO@_?O???F?I??????O@?Gc????iG??_????A?Hc??????C@c_????H?I?C?????@OGQ?????GG?_`?????,[(29-46)-(28-59)-(27-57)-(26-42)-(25-43)-(24-41)-(23-39)-(22-47)-(21-40)-(20-44)-(19-31)-(18-45)-(17-58)-(16-30)-(15-38)-(14-51)-(13-53)-(12-36)-(11-56)-(10-35)-(9-37)-(8-49)-(7-55)-(6-48)-(5-54)-(4-34)-(3-52)-(2-33)-(1-32)-(0-50)],0.0003387928009033203,0.04474592208862305,2,True,0
{????????????????????????????????????????????????????????????????????????D?CS?C?Ge?@F??A?Ia??O?WOCA?G@A?D?A?o?P??C_S@???IIA??@?@H_???_KE??O@HA????OKD??C?IGA???@OGc???[?C_???@@??WG???QC@?_??O_?Aa????LGC????OUO?????CO@_?O???F?I??????O@?Gc????iG??_????A?Hc??????C@c_????H?I?C?????@OGQ?????GG?_`?????,[(29-47)-(28-59)-(27-57)-(26-42)-(25-58)-(24-41)-(23-44)-(22-46)-(21-40)-(20-39)-(19-31)-(18-45)-(17-43)-(16-30)-(15-38)-(14-51)-(13-53)-(12-36)-(11-56)-(10-35)-(9-37)-(8-49)-(7-55)-(6-48)-(5-54)-(4-34)-(3-52)-(2-33)-(1-32)-(0-50)],0.00035834312438964844,0.04482436180114746,2,True,0
{????????????????????????????????????????????????????????????????????????D?CS?C?Ge?@F??A?Ia??O?WOCA?G@A?D?A?o?P??C_S@???IIA??@?@H_???_KE??O@HA????OKD??C?IGA???@OGc???[?C_???@@??WG???QC@?_??O_?Aa????LGC????OUO?????CO@_?O???F?I??????O@?Gc????iG??_????A?Hc??????C@c_????H?I?C?????@OGQ?????GG?_`?????,[(29-47)-(28-59)-(27-57)-(26-42)-(25-58)-(24-41)-(23-44)-(22-46)-(21-40)-(20-39)-(19-31)-(18-45)-(17-43)-(16-30)-(15-38)-(14-51)-(13-53)-(12-36)-(11-56)-(10-35)-(9-37)-(8-49)-(7-55)-(6-48)-(5-54)-(4-34)-(3-52)-(2-33)-(1-32)-(0-50)],0.0003352165222167969,0.02867913246154785,1,True,0
{????????????????????????????????????????????????????????????????????????D?CS?C?Ge?@F??A?Ia??O?WOCA?G@A?D?A?o?P??C_S@???IIA??@?@H_???_KE??O@HA????OKD??C?IGA???@OGc???[?C_???@@??WG???QC@?_??O_?Aa????LGC????OUO?????CO@_?O???F?I??????O@?Gc????iG??_????A?Hc??????C@c_????H?I?C?????@OGQ?????GG?_`?????,[(29-46)-(28-59)-(27-57)-(26-42)-(25-58)-(24-41)-(23-44)-(22-47)-(21-40)-(20-39)-(19-31)-(18-45)-(17-43)-(16-30)-(15-38)-(14-51)-(13-53)-(12-36)-(11-56)-(10-35)-(9-37)-(8-49)-(7-55)-(6-48)-(5-54)-(4-34)-(3-52)-(2-33)-(1-32)-(0-50)],0.00033283233642578125,0.0457916259765625,2,True,0
{????????????????????????????????????????????????????????????????????????D?CS?C?Ge?@F??A?Ia??O?WOCA?G@A?D?A?o?P??C_S@???IIA??@?@H_???_KE??O@HA????OKD??C?IGA???@OGc???[?C_???@@??WG???QC@?_??O_?Aa????LGC????OUO?????CO@_?O???F?I??????O@?Gc????iG??_????A?Hc??????C@c_????H?I?C?????@OGQ?????GG?_`?????,[(29-46)-(28-59)-(27-57)-(26-42)-(25-58)-(24-41)-(23-44)-(22-47)-(21-40)-(20-39)-(19-31)-(18-45)-(17-43)-(16-30)-(15-38)-(14-51)-(13-53)-(12-36)-(11-56)-(10-35)-(9-37)-(8-49)-(7-55)-(6-48)-(5-54)-(4-34)-(3-52)-(2-33)-(1-32)-(0-50)],0.0003361701965332031,0.0284273624420166,1,True,0
{????????????????????????????????????????????????????????????????????????D?CS?C?Ge?@F??A?Ia??O?WOCA?G@A?D?A?o?P??C_S@???IIA??@?@H_???_KE??O@HA????OKD??C?IGA???@OGc???[?C_???@@??WG???QC@?_??O_?Aa????LGC????OUO?????CO@_?O???F?I??????O@?Gc????iG??_????A?Hc??????C@c_????H?I?C?????@OGQ?????GG?_`?????,[(29-47)-(28-59)-(27-57)-(26-42)-(25-58)-(24-41)-(23-39)-(22-46)-(21-40)-(20-44)-(19-31)-(18-45)-(17-43)-(16-30)-(15-38)-(14-51)-(13-53)-(12-36)-(11-56)-(10-35)-(9-37)-(8-49)-(7-55)-(6-48)-(5-54)-(4-34)-(3-52)-(2-33)-(1-32)-(0-50)],0.00035572052001953125,0.02813720703125,1,True,0
{????????????????????????????????????????????????????????????????????????D?CS?C?Ge?@F??A?Ia??O?WOCA?G@A?D?A?o?P??C_S@???IIA??@?@H_???_KE??O@HA????OKD??C?IGA???@OGc???[?C_???@@??WG???QC@?_??O_?Aa????LGC????OUO?????CO@_?O???F?I??????O@?Gc????iG??_????A?Hc??????C@c_????H?I?C?????@OGQ?????GG?_`?????,[(29-47)-(28-59)-(27-57)-(26-42)-(25-58)-(24-41)-(23-39)-(22-46)-(21-40)-(20-44)-(19-31)-(18-45)-(17-43)-(16-30)-(15-38)-(14-51)-(13-53)-(12-36)-(11-56)-(10-35)-(9-37)-(8-49)-(7-55)-(6-48)-(5-54)-(4-34)-(3-52)-(2-33)-(1-32)-(0-50)],0.0003314018249511719,0.04516100883483887,2,True,0
{????????????????????????????????????????????????????????????????????????D?CS?C?Ge?@F??A?Ia??O?WOCA?G@A?D?A?o?P??C_S@???IIA??@?@H_???_KE??O@HA????OKD??C?IGA???@OGc???[?C_???@@??WG???QC@?_??O_?Aa????LGC????OUO?????CO@_?O???F?I??????O@?Gc????iG??_????A?Hc??????C@c_????H?I?C?????@OGQ?????GG?_`?????,[(29-46)-(28-59)-(27-57)-(26-42)-(25-58)-(24-41)-(23-39)-(22-47)-(21-40)-(20-44)-(19-31)-(18-45)-(17-43)-(16-30)-(15-38)-(14-51)-(13-53)-(12-36)-(11-56)-(10-35)-(9-37)-(8-49)-(7-55)-(6-48)-(5-54)-(4-34)-(3-52)-(2-33)-(1-32)-(0-50)],0.00033283233642578125,0.028603076934814453,1,True,0
{????????????????????????????????????????????????????????????????????????D?CS?C?Ge?@F??A?Ia??O?WOCA?G@A?D?A?o?P??C_S@???IIA??@?@H_???_KE??O@HA????OKD??C?IGA???@OGc???[?C_???@@??WG???QC@?_??O_?Aa????LGC????OUO?????CO@_?O???F?I??????O@?Gc????iG??_????A?Hc??????C@c_????H?I?C?????@OGQ?????GG?_`?????,[(29-46)-(28-59)-(27-57)-(26-42)-(25-58)-(24-41)-(23-39)-(22-47)-(21-40)-(20-44)-(19-31)-(18-45)-(17-43)-(16-30)-(15-38)-(14-51)-(13-53)-(12-36)-(11-56)-(10-35)-(9-37)-(8-49)-(7-55)-(6-48)-(5-54)-(4-34)-(3-52)-(2-33)-(1-32)-(0-50)],0.00034308433532714844,0.04594087600708008,2,True,0
{????????????????????????????????????????????????????????????????????????D?CS?C?Ge?@F??A?Ia??O?WOCA?G@A?D?A?o?P??C_S@???IIA??@?@H_???_KE??O@HA????OKD??C?IGA???@OGc???[?C_???@@??WG???QC@?_??O_?Aa????LGC????OUO?????CO@_?O???F?I??????O@?Gc????iG??_????A?Hc??????C@c_????H?I?C?????@OGQ?????GG?_`?????,[(29-47)-(28-59)-(27-57)-(26-39)-(25-43)-(24-42)-(23-44)-(22-46)-(21-38)-(20-40)-(19-31)-(18-30)-(17-58)-(16-41)-(15-45)-(14-51)-(13-53)-(12-36)-(11-56)-(10-35)-(9-37)-(8-49)-(7-55)-(6-48)-(5-54)-(4-34)-(3-52)-(2-33)-(1-32)-(0-50)],0.0003590583801269531,0.04500174522399902,2,True,0
{????????????????????????????????????????????????????????????????????????D?CS?C?Ge?@F??A?Ia??O?WOCA?G@A?D?A?o?P??C_S@???IIA??@?@H_???_KE??O@HA????OKD??C?IGA???@OGc???[?C_???@@??WG???QC@?_??O_?Aa????LGC????OUO?????CO@_?O???F?I??????O@?Gc????iG??_????A?Hc??????C@c_????H?I?C?????@OGQ?????GG?_`?????,[(29-47)-(28-59)-(27-57)-(26-39)-(25-43)-(24-42)-(23-44)-(22-46)-(21-38)-(20-40)-(19-31)-(18-30)-(17-58)-(16-41)-(15-45)-(14-51)-(13-53)-(12-36)-(11-56)-(10-35)-(9-37)-(8-49)-(7-55)-(6-48)-(5-54)-(4-34)-(3-52)-(2-33)-(1-32)-(0-50)],0.0003528594970703125,0.08502459526062012,4,True,0
{?????????????????????????????????????????????????????????????????????????_@O_H?Bc??YC?@??I?QCB?O?c???_`Q??SB?@???c@P?@?EH???H?IG??A_?[???OW?AO?@?I?AO?CC??DO????QcG??POC?C??C`??`????@?QC_??@AoO????GPH?????GCP?C????G?OOW???w?_G????BA?C@?????P@@@??????GOQO????LO?C?????c_O@???????_DC_?????IWO??????,[(29-47)-(28-44)-(27-45)-(26-46)-(25-42)-(24-43)-(23-37)-(22-55)-(21-30)-(20-58)-(19-40)-(18-59)-(17-39)-(16-51)-(15-31)-(14-54)-(13-57)-(12-50)-(11-35)-(10-41)-(9-56)-(8-33)-(7-36)-(6-53)-(5-48)-(4-38)-(3-32)-(2-49)-(1-34)-(0-52)],0.0003414154052734375,0.019984006881713867,1,True,0
{?????????????????????????????????????????????????????????????????????????_@O_H?Bc??YC?@??I?QCB?O?c???_`Q??SB?@???c@P?@?EH???H?IG??A_?[???OW?AO?@?I?AO?CC??DO????QcG??POC?C??C`??`????@?QC_??@AoO????GPH?????GCP?C????G?OOW???w?_G????BA?C@?????P@@@??????GOQO????LO?C?????c_O@???????_DC_?????IWO??????,[(29-47)-(28-44)-(27-45)-(26-46)-(25-42)-(24-43)-(23-37)-(22-55)-(21-30)-(20-58)-(19-40)-(18-59)-(17-39)-(16-51)-(15-31)-(14-54)-(13-57)-(12-50)-(11-35)-(10-41)-(9-56)-(8-33)-(7-36)-(6-53)-(5-48)-(4-38)-(3-32)-(2-49)-(1-34)-(0-52)],0.0003628730773925781,0.06217217445373535,3,True,0
{?????????????????????????????????????????????????????????????????????????_@O_H?Bc??YC?@??I?QCB?O?c???_`Q??SB?@???c@P?@?EH???H?IG??A_?[???OW?AO?@?I?AO?CC??DO????QcG??POC?C??C`??`????@?QC_??@AoO????GPH?????GCP?C????G?OOW???w?_G????BA?C@?????P@@@??????GOQO????LO?C?????c_O@???????_DC_?????IWO??????,[(29-47)-(28-42)-(27-45)-(26-46)-(25-37)-(24-43)-(23-44)-(22-55)-(21-30)-(20-58)-(19-40)-(18-59)-(17-39)-(16-51)-(15-31)-(14-54)-(13-57)-(12-50)-(11-35)-(10-41)-(9-56)-(8-33)-(7-36)-(6-53)-(5-48)-(4-38)-(3-32)-(2-49)-(1-34)-(0-52)],0.0003299713134765625,0.06317996978759766,3,True,0
{?????????????????????????????????????????????????????????????????????????_@O_H?Bc??YC?@??I?QCB?O?c???_`Q??SB?@???c@P?@?EH???H?IG??A_?[???OW?AO?@?I?AO?CC??DO????QcG??POC?C??C`??`????@?QC_??@AoO????GPH?????GCP?C????G?OOW???w?_G????BA?C@?????P@@@??????GOQO????LO?C?????c_O@???????_DC_?????IWO??????,[(29-47)-(28-42)-(27-45)-(26-46)-(25-37)-(24-43)-(23-44)-(22-55)-(21-30)-(20-58)-(19-40)-(18-59)-(17-39)-(16-51)-(15-31)-(14-54)-(13-57)-(12-50)-(11-35)-(10-41)-(9-56)-(8-33)-(7-36)-(6-53)-(5-48)-(4-38)-(3-32)-(2-49)-(1-34)-(0-52)],0.0003333091735839844,0.028519630432128906,1,True,0
{?????????????????????????????????????????????????????????????????????????_@O_H?Bc??YC?@??I?QCB?O?c???_`Q??SB?@???c@P?@?EH???H?IG??A_?[???OW?AO?@?I?AO?CC??DO????QcG??POC?C??C`??`????@?QC_??@AoO????GPH?????GCP?C????G?OOW???w?_G????BA?C@?????P@@@??????GOQO????LO?C?????c_O@???????_DC_?????IWO??????,[(29-30)-(28-44)-(27-45)-(26-47)-(25-42)-(24-43)-(23-37)-(22-55)-(21-46)-(20-58)-(19-40)-(18-59)-(17-39)-(16-51)-(15-31)-(14-54)-(13-57)-(12-50)-(11-35)-(10-41)-(9-56)-(8-33)-(7-36)-(6-53)-(5-48)-(4-38)-(3-32)-(2-49)-(1-34)-(0-52)],0.0003914833068847656,0.027825593948364258,1,True,0
{?????????????????????????????????????????????????????????????????????????_@O_H?Bc??YC?@??I?QCB?O?c???_`Q??SB?@???c@P?@?EH???H?IG??A_?[???OW?AO?@?I?AO?CC??DO????QcG??POC?C??C`??`????@?QC_??@AoO????GPH?????GCP?C????G?OOW???w?_G????BA?C@?????P@@@??????GOQO????LO?C?????c_O@???????_DC_?????IWO??????,[(29-30)-(28-44)-(27-45)-(26-47)-(25-42)-(24-43)-(23-37)-(22-55)-(21-46)-(20-58)-(19-40)-(18-59)-(17-39)-(16-51)-(15-31)-(14-54)-(13-57)-(12-50)-(11-35)-(10-41)-(9-56)-(8-33)-(7-36)-(6-53)-(5-48)-(4-38)-(3-32)-(2-49)-(1-34)-(0-52)],0.0003352165222167969,0.028170347213745117,1,True,0
{?????????????????????????????????????????????????????????????????????????_@O_H?Bc??YC?@??I?QCB?O?c???_`Q??SB?@???c@P?@?EH???H?IG??A_?[???OW?AO?@?I?AO?CC??DO????QcG??POC?C??C`??`????@?QC_??@AoO????GPH?????GCP?C????G?OOW???w?_G????BA?C@?????P@@@??????GOQO????LO?C?????c_O@???????_DC_?????IWO??????,[(29-30)-(28-42)-(27-45)-(26-47)-(25-37)-(24-43)-(23-44)-(22-55)-(21-46)-(20-58)-(19-40)-(18-59)-(17-39)-(16-51)-(15-31)-(14-54)-(13-57)-(12-50)-(11-35)-(10-41)-(9-56)-(8-33)-(7-36)-(6-53)-(5-48)-(4-38)-(3-32)-(2-49)-(1-34)-(0-52)],0.0003266334533691406,0.06309366226196289,3,True,0
{?????????????????????????????????????????????????????????????????????????_@O_H?Bc??YC?@??I?QCB?O?c???_`Q??SB?@???c@P?@?EH???H?IG??A_?[???OW?AO?@?I?AO?CC??DO????QcG??POC?C??C`??`????@?QC_??@AoO????GPH?????GCP?C????G?OOW???w?_G????BA?C@?????P@@@??????GOQO????LO?C?????c_O@???????_DC_?????IWO??????,[(29-30)-(28-42)-(27-45)-(26-47)-(25-37)-(24-43)-(23-44)-(22-55)-(21-46)-(20-58)-(19-40)-(18-59)-(17-39)-(16-51)-(15-31)-(14-54)-(13-57)-(12-50)-(11-35)-(10-41)-(9-56)-(8-33)-(7-36)-(6-53)-(5-48)-(4-38)-(3-32)-(2-49)-(1-34)-(0-52)],0.0003376007080078125,0.019008159637451172,1,True,0
{?????????????????????????????????????????????????????????????????????????_@O_H?Bc??YC?@??I?QCB?O?c???_`Q??SB?@???c@P?@?EH???H?IG??A_?[???OW?AO?@?I?AO?CC??DO????QcG??POC?C??C`??`????@?QC_??@AoO????GPH?????GCP?C????G?OOW???w?_G????BA?C@?????P@@@??????GOQO????LO?C?????c_O@???????_DC_?????IWO??????,[(29-30)-(28-44)-(27-45)-(26-46)-(25-42)-(24-43)-(23-37)-(22-55)-(21-47)-(20-58)-(19-40)-(18-59)-(17-39)-(16-51)-(15-31)-(14-54)-(13-57)-(12-50)-(11-35)-(10-41)-(9-56)-(8-33)-(7-36)-(6-53)-(5-48)-(4-38)-(3-32)-(2-49)-(1-34)-(0-52)],0.0003173351287841797,0.06173205375671387,3,True,0
{?????????????????????????????????????????????????????????????????????????_@O_H?Bc??YC?@??I?QCB?O?c???_`Q??SB?@???c@P?@?EH???H?IG??A_?[???OW?AO?@?I?AO?CC??DO????QcG??POC?C??C`??`????@?QC_??@AoO????GPH?????GCP?C????G?OOW???w?_G????BA?C@?????P@@@??????GOQO????LO?C?????c_O@???????_DC_?????IWO??????,[(29-30)-(28-44)-(27-45)-(26-46)-(25-42)-(24-43)-(23-37)-(22-55)-(21-47)-(20-58)-(19-40)-(18-59)-(17-39)-(16-51)-(15-31)-(14-54)-(13-57)-(12-50)-(11-35)-(10-41)-(9-56)-(8-33)-(7-36)-(6-53)-(5-48)-(4-38)-(3-32)-(2-49)-(1-34)-(0-52)],0.0003192424774169922,0.018942594528198242,1,True,0
{?????????????????????????????????????????????????????????????????????????_@O_H?Bc??YC?@??I?QCB?O?c???_`Q??SB?@???c@P?@?EH???H?IG??A_?[???OW?AO?@?I?AO?CC??DO????QcG??POC?C??C`??`????@?QC_??@AoO????GPH?????GCP?C????G?OOW???w?_G????BA?C@?????P@@@??????GOQO????LO?C?????c_O@???????_DC_?????IWO??????,[(29-30)-(28-42)-(27-45)-(26-46)-(25-37)-(24-43)-(23-44)-(22-55)-(21-47)-(20-58)-(19-40)-(18-59)-(17-39)-(16-51)-(15-31)-(14-54)-(13-57)-(12-50)-(11-35)-(10-41)-(9-56)-(8-33)-(7-36)-(6-53)-(5-48)-(4-38)-(3-32)-(2-49)-(1-34)-(0-52)],0.0003266334533691406,0.06237435340881348,3,True,0
{?????????????????????????????????????????????????????????????????????????_@O_H?Bc??YC?@??I?QCB?O?c???_`Q??SB?@???c@P?@?EH???H?IG??A_?[???OW?AO?@?I?AO?CC??DO????QcG??POC?C??C`??`????@?QC_??@AoO????GPH?????GCP?C????G?OOW???w?_G????BA?C@?????P@@@??????GOQO????LO?C?????c_O@???????_DC_?????IWO??????,[(29-30)-(28-42)-(27-45)-(26-46)-(25-37)-(24-43)-(23-44)-(22-55)-(21-47)-(20-58)-(19-40)-(18-59)-(17-39)-(16-51)-(15-31)-(14-54)-(13-57)-(12-50)-(11-35)-(10-41)-(9-56)-(8-33)-(7-36)-(6-53)-(5-48)-(4-38)-(3-32)-(2-49)-(1-34)-(0-52)],0.0003294944763183594,0.028427839279174805,1,True,0
{?????????????????????????????????????????????????????????????????????????_@O_H?Bc??YC?@??I?QCB?O?c???_`Q??SB?@???c@P?@?EH???H?IG??A_?[???OW?AO?@?I?AO?CC??DO????QcG??POC?C??C`??`????@?QC_??@AoO????GPH?????GCP?C????G?OOW???w?_G????BA?C@?????P@@@??????GOQO????LO?C?????c_O@???????_DC_?????IWO??????,[(29-47)-(28-43)-(27-45)-(26-46)-(25-42)-(24-58)-(23-37)-(22-55)-(21-30)-(20-44)-(19-40)-(18-59)-(17-39)-(16-51)-(15-31)-(14-54)-(13-57)-(12-50)-(11-35)-(10-41)-(9-56)-(8-33)-(7-36)-(6-53)-(5-48)-(4-38)-(3-32)-(2-49)-(1-34)-(0-52)],0.00033164024353027344,0.043975114822387695,2,True,0
{?????????????????????????????????????????????????????????????????????????_@O_H?Bc??YC?@??I?QCB?O?c???_`Q??SB?@???c@P?@?EH???H?IG??A_?[???OW?AO?@?I?AO?CC??DO????QcG??POC?C??C`??`????@?QC_??@AoO????GPH?????GCP?C????G?OOW???w?_G????BA?C@?????P@@@??????GOQO????LO?C?????c_O@???????_DC_?????IWO??????,[(29-47)-(28-43)-(27-45)-(26-46)-(25-42)-(24-58)-(23-37)-(22-55)-(21-30)-(20-44)-(19-40)-(18-59)-(17-39)-(16-51)-(15-31)-(14-54)-(13-57)-(12-50)-(11-35)-(10-41)-(9-56)-(8-33)-(7-36)-(6-53)-(5-48)-(4-38)-(3-32)-(2-49)-(1-34)-(0-52)],0.00033354759216308594,0.044217586517333984,2,True,0
{?????????????????????????????????????????????????????????????????????????_@O_H?Bc??YC?@??I?QCB?O?c???_`Q??SB?@???c@P?@?EH???H?IG??A_?[???OW?AO?@?I?AO?CC??DO????QcG??POC?C??C`??`????@?QC_??@AoO????GPH?????GCP?C????G?OOW???w?_G????BA?C@?????P@@@??????GOQO????LO?C?????c_O@???????_DC_?????IWO??????,[(29-30)-(28-43)-(27-45)-(26-47)-(25-42)-(24-58)-(23-37)-(22-55)-(21-46)-(20-44)-(19-40)-(18-59)-(17-39)-(16-51)-(15-31)-(14-54)-(13-57)-(12-50)-(11-35)-(10-41)-(9-56)-(8-33)-(7-36)-(6-53)-(5-48)-(4-38)-(3-32)-(2-49)-(1-34)-(0-52)],0.0003781318664550781,0.027921438217163086,1,True,0
{?????????????????????????????????????????????????????????????????????????_@O_H?Bc??YC?@??I?QCB?O?c???_`Q??SB?@???c@P?@?EH???H?IG??A_?[???OW?AO?@?I?AO?CC??DO????QcG??POC?C??C`??`????@?QC_??@AoO????GPH?????GCP?C????G?OOW???w?_G????BA?C@?????P@@@??????GOQO????LO?C?????c_O@???????_DC_?????IWO??????,[(29-30)-(28-43)-(27-45)-(26-47)-(25-42)-(24-58)-(23-37)-(22-55)-(21-46)-(20-44)-(19-40)-(18-59)-(17-39)-(16-51)-(15-31)-(14-54)-(13-57)-(12-50)-(11-35)-(10-41)-(9-56)-(8-33)-(7-36)-(6-53)-(5-48)-(4-38)-(3-32)-(2-49)-(1-34)-(0-52)],0.00034117698669433594,0.04491615295410156,2,True,0
{?????????????????????????????????????????????????????????????????????????_@O_H?Bc??YC?@??I?QCB?O?c???_`Q??SB?@???c@P?@?EH???H?IG??A_?[???OW?AO?@?I?AO?CC??DO????QcG??POC?C??C`??`????@?QC_??@AoO????GPH?????GCP?C????G?OOW???w?_G????BA?C@?????P@@@??????GOQO????LO?C?????c_O@???????_DC_?????IWO??????,[(29-30)-(28-43)-(27-45)-(26-46)-(25-42)-(24-58)-(23-37)-(22-55)-(21-47)-(20-44)-(19-40)-(18-59)-(17-39)-(16-51)-(15-31)-(14-54)-(13-57)-(12-50)-(11-35)-(10-41)-(9-56)-(8-33)-(7-36)-(6-53)-(5-48)-(4-38)-(3-32)-(2-49)-(1-34)-(0-52)],0.00033092498779296875,0.04414534568786621,2,True,0
{?????????????????????????????????????????????????????????????????????????_@O_H?Bc??YC?@??I?QCB?O?c???_`Q??SB?@???c@P?@?EH???H?IG??A_?[???OW?AO?@?I?AO?CC??DO????QcG??POC?C??C`??`????@?QC_??@AoO????GPH?????GCP?C????G?OOW???w?_G????BA?C@?????P@@@??????GOQO????LO?C?????c_O@???????_DC_?????IWO??????,[(29-30)-(28-43)-(27-45)-(26-46)-(25-42)-(24-58)-(23-37)-(22-55)-(21-47)-(20-44)-(19-40)-(18-59)-(17-39)-(16-51)-(15-31)-(14-54)-(13-57)-(12-50)-(11-35)-(10-41)-(9-56)-(8-33)-(7-36)-(6-53)-(5-48)-(4-38)-(3-32)-(2-49)-(1-34)-(0-52)],0.0003256797790527344,0.043427467346191406,2,True,0
{?????????????????????????????????????????????????????????????????????????_@O_H?Bc??YC?@??I?QCB?O?c???_`Q??SB?@???c@P?@?EH???H?IG??A_?[???OW?AO?@?I?AO?CC??DO????QcG??POC?C??C`??`????@?QC_??@AoO????GPH?????GCP?C????G?OOW???w?_G????BA?C@?????P@@@??????GOQO????LO?C?????c_O@???????_DC_?????IWO??????,[(29-47)-(28-44)-(27-45)-(26-46)-(25-42)-(24-43)-(23-37)-(22-51)-(21-30)-(20-58)-(19-40)-(18-59)-(17-39)-(16-55)-(15-31)-(14-54)-(13-57)-(12-50)-(11-35)-(10-41)-(9-56)-(8-33)-(7-36)-(6-53)-(5-48)-(4-38)-(3-32)-(2-49)-(1-34)-(0-52)],0.00033283233642578125,0.02832627296447754,1,True,0
{?????????????????????????????????????????????????????????????????????????_@O_H?Bc??YC?@??I?QCB?O?c???_`Q??SB?@???c@P?@?EH???H?IG??A_?[???OW?AO?@?I?AO?CC??DO????QcG??POC?C??C`??`????@?QC_??@AoO????GPH?????GCP?C????G?OOW???w?_G????BA?C@?????P@@@??????GOQO????LO?C?????c_O@???????_DC_?????IWO??????,[(29-47)-(28-44)-(27-45)-(26-46)-(25-42)-(24-43)-(23-37)-(22-51)-(21-30)-(20-58)-(19-40)-(18-59)-(17-39)-(16-55)-(15-31)-(14-54)-(13-57)-(12-50)-(11-35)-(10-41)-(9-56)-(8-33)-(7-36)-(6-53)-(5-48)-(4-38)-(3-32)-(2-49)-(1-34)-(0-52)],0.0003476142883300781,0.04486393928527832,2,True,0
{?????????????????????????????????????????????????????????????????????????A?sA?_P_A?E_`???H?oCCOAO?O?@gG@?ACc?G?CC@Q??WC?OG?CoG?G??GCGI???@?_KG??A??gg??G_@D???aH??_??@?@Ag??E?S_??????xC?????OAgA???Ga?_@???K_?D?????b?GC????_G?D@???????RW???A?d?C?????S?o?G?????AC@o????S?@D??????KA?__????D?_G?_????,[(29-42)-(28-41)-(27-53)-(26-44)-(25-31)-(24-43)-(23-57)-(22-45)-(21-52)-(20-47)-(19-59)-(18-38)-(17-56)-(16-30)-(15-46)-(14-40)-(13-58)-(12-54)-(11-39)-(10-35)-(9-37)-(8-33)-(7-48)-(6-55)-(5-32)-(4-36)-(3-51)-(2-49)-(1-50)-(0-34)],0.0003867149353027344,0.08117222785949707,4,True,0
{?????????????????????????????????????????????????????????????????????????A?sA?_P_A?E_`???H?oCCOAO?O?@gG@?ACc?G?CC@Q??WC?OG?CoG?G??GCGI???@?_KG??A??gg??G_@D???aH??_??@?@Ag??E?S_??????xC?????OAgA???Ga?_@???K_?D?????b?GC????_G?D@???????RW???A?d?C?????S?o?G?????AC@o????S?@D??????KA?__????D?_G?_????,[(29-42)-(28-41)-(27-53)-(26-44)-(25-31)-(24-43)-(23-57)-(22-45)-(21-52)-(20-47)-(19-59)-(18-38)-(17-56)-(16-30)-(15-46)-(14-40)-(13-58)-(12-54)-(11-39)-(10-35)-(9-37)-(8-33)-(7-48)-(6-55)-(5-32)-(4-36)-(3-51)-(2-49)-(1-50)-(0-34)],0.0003933906555175781,0.0603635311126709,3,True,0
{?????????????????????????????????????????????????????????????????????????A?sA?_P_A?E_`???H?oCCOAO?O?@gG@?ACc?G?CC@Q??WC?OG?CoG?G??GCGI???@?_KG??A??gg??G_@D???aH??_??@?@Ag??E?S_??????xC?????OAgA???Ga?_@???K_?D?????b?GC????_G?D@???????RW???A?d?C?????S?o?G?????AC@o????S?@D??????KA?__????D?_G?_????,[(29-52)-(28-41)-(27-42)-(26-44)-(25-31)-(24-43)-(23-57)-(22-45)-(21-53)-(20-47)-(19-59)-(18-38)-(17-56)-(16-30)-(15-46)-(14-40)-(13-58)-(12-54)-(11-39)-(10-35)-(9-37)-(8-33)-(7-48)-(6-55)-(5-32)-(4-36)-(3-51)-(2-49)-(1-50)-(0-34)],0.0003228187561035156,0.04422450065612793,2,True,0
{?????????????????????????????????????????????????????????????????????????A?sA?_P_A?E_`???H?oCCOAO?O?@gG@?ACc?G?CC@Q??WC?OG?CoG?G??GCGI???@?_KG??A??gg??G_@D???aH??_??@?@Ag??E?S_??????xC?????OAgA???Ga?_@???K_?D?????b?GC????_G?D@???????RW???A?d?C?????S?o?G?????AC@o????S?@D??????KA?__????D?_G?_????,[(29-52)-(28-41)-(27-42)-(26-44)-(25-31)-(24-43)-(23-57)-(22-45)-(21-53)-(20-47)-(19-59)-(18-38)-(17-56)-(16-30)-(15-46)-(14-40)-(13-58)-(12-54)-(11-39)-(10-35)-(9-37)-(8-33)-(7-48)-(6-55)-(5-32)-(4-36)-(3-51)-(2-49)-(1-50)-(0-34)],0.00032329559326171875,0.06118202209472656,3,True,0
{?????????????????????????????????????????????????????????????????????????A?sA?_P_A?E_`???H?oCCOAO?O?@gG@?ACc?G?CC@Q??WC?OG?CoG?G??GCGI???@?_KG??A??gg??G_@D???aH??_??@?@Ag??E?S_??????xC?????OAgA???Ga?_@???K_?D?????b?GC????_G?D@???????RW???A?d?C?????S?o?G?????AC@o????S?@D??????KA?__????D?_G?_????,[(29-42)-(28-41)-(27-53)-(26-44)-(25-31)-(24-43)-(23-52)-(22-45)-(21-57)-(20-47)-(19-59)-(18-38)-(17-56)-(16-30)-(15-46)-(14-40)-(13-58)-(12-54)-(11-39)-(10-35)-(9-37)-(8-33)-(7-48)-(6-55)-(5-32)-(4-36)-(3-51)-(2-49)-(1-50)-(0-34)],0.00032448768615722656,0.06162524223327637,3,True,0
{?????????????????????????????????????????????????????????????????????????A?sA?_P_A?E_`???H?oCCOAO?O?@gG@?ACc?G?CC@Q??WC?OG?CoG?G??GCGI???@?_KG??A??gg??G_@D???aH??_??@?@Ag??E?S_??????xC?????OAgA???Ga?_@???K_?D?????b?GC????_G?D@???????RW???A?d?C?????S?o?G?????AC@o????S?@D??????KA?__????D?_G?_????,[(29-42)-(28-41)-(27-53)-(26-44)-(25-31)-(24-43)-(23-52)-(22-45)-(21-57)-(20-47)-(19-59)-(18-38)-(17-56)-(16-30)-(15-46)-(14-40)-(13-58)-(12-54)-(11-39)-(10-35)-(9-37)-(8-33)-(7-48)-(6-55)-(5-32)-(4-36)-(3-51)-(2-49)-(1-50)-(0-34)],0.00032138824462890625,0.044141530990600586,2,True,0
{?????????????????????????????????????????????????????????????????????????A?sA?_P_A?E_`???H?oCCOAO?O?@gG@?ACc?G?CC@Q??WC?OG?CoG?G??GCGI???@?_KG??A??gg??G_@D???aH??_??@?@Ag??E?S_??????xC?????OAgA???Ga?_@???K_?D?????b?GC????_G?D@???????RW???A?d?C?????S?o?G?????AC@o????S?@D??????KA?__????D?_G?_????,[(29-52)-(28-53)-(27-42)-(26-44)-(25-31)-(24-43)-(23-41)-(22-45)-(21-57)-(20-47)-(19-59)-(18-38)-(17-56)-(16-30)-(15-46)-(14-40)-(13-58)-(12-54)-(11-39)-(10-35)-(9-37)-(8-33)-(7-48)-(6-55)-(5-32)-(4-36)-(3-51)-(2-49)-(1-50)-(0-34)],0.00032901763916015625,0.04382014274597168,2,True,0
{?????????????????????????????????????????????????????????????????????????A?sA?_P_A?E_`???H?oCCOAO?O?@gG@?ACc?G?CC@Q??WC?OG?CoG?G??GCGI???@?_KG??A??gg??G_@D???aH??_??@?@Ag??E?S_??????xC?????OAgA???Ga?_@???K_?D?????b?GC????_G?D@???????RW???A?d?C?????S?o?G?????AC@o????S?@D??????KA?__????D?_G?_????,[(29-52)-(28-53)-(27-42)-(26-44)-(25-31)-(24-43)-(23-41)-(22-45)-(21-57)-(20-47)-(19-59)-(18-38)-(17-56)-(16-30)-(15-46)-(14-40)-(13-58)-(12-54)-(11-39)-(10-35)-(9-37)-(8-33)-(7-48)-(6-55)-(5-32)-(4-36)-(3-51)-(2-49)-(1-50)-(0-34)],0.00032639503479003906,0.06104588508605957,3,True,0
{?????????????????????????????????????????????????????????????????????????A?sA?_P_A?E_`???H?oCCOAO?O?@gG@?ACc?G?CC@Q??WC?OG?CoG?G??GCGI???@?_KG??A??gg??G_@D???aH??_??@?@Ag??E?S_??????xC?????OAgA???Ga?_@???K_?D?????b?GC????_G?D@???????RW???A?d?C?????S?o?G?????AC@o????S?@D??????KA?__????D?_G?_????,[(29-52)-(28-41)-(27-53)-(26-44)-(25-31)-(24-43)-(23-42)-(22-45)-(21-57)-(20-47)-(19-59)-(18-38)-(17-56)-(16-30)-(15-46)-(14-40)-(13-58)-(12-54)-(11-39)-(10-35)-(9-37)-(8-33)-(7-48)-(6-55)-(5-32)-(4-36)-(3-51)-(2-49)-(1-50)-(0-34)],0.0003364086151123047,0.027895212173461914,1,True,0
{?????????????????????????????????????????????????????????????????????????A?sA?_P_A?E_`???H?oCCOAO?O?@gG@?ACc?G?CC@Q??WC?OG?CoG?G??GCGI???@?_KG??A??gg??G_@D???aH??_??@?@Ag??E?S_??????xC?????OAgA???Ga?_@???K_?D?????b?GC????_G?D@???????RW???A?d?C?????S?o?G?????AC@o????S?@D??????KA?__????D?_G?_????,[(29-52)-(28-41)-(27-53)-(26-44)-(25-31)-(24-43)-(23-42)-(22-45)-(21-57)-(20-47)-(19-59)-(18-38)-(17-56)-(16-30)-(15-46)-(14-40)-(13-58)-(12-54)-(11-39)-(10-35)-(9-37)-(8-33)-(7-48)-(6-55)-(5-32)-(4-36)-(3-51)-(2-49)-(1-50)-(0-34)],0.0003190040588378906,0.027947425842285156,1,True,0
{?????????????????????????????????????????????????????????????????????????A?sA?_P_A?E_`???H?oCCOAO?O?@gG@?ACc?G?CC@Q??WC?OG?CoG?G??GCGI???@?_KG??A??gg??G_@D???aH??_??@?@Ag??E?S_??????xC?????OAgA???Ga?_@???K_?D?????b?GC????_G?D@???????RW???A?d?C?????S?o?G?????AC@o????S?@D??????KA?__????D?_G?_????,[(29-52)-(28-41)-(27-53)-(26-44)-(25-31)-(24-43)-(23-57)-(22-45)-(21-42)-(20-47)-(19-59)-(18-38)-(17-56)-(16-30)-(15-46)-(14-40)-(13-58)-(12-54)-(11-39)-(10-35)-(9-37)-(8-33)-(7-48)-(6-55)-(5-32)-(4-36)-(3-51)-(2-49)-(1-50)-(0-34)],0.0003387928009033203,0.043790578842163086,2,True,0
{?????????????????????????????????????????????????????????????????????????A?sA?_P_A?E_`???H?oCCOAO?O?@gG@?ACc?G?CC@Q??WC?OG?CoG?G??GCGI???@?_KG??A??gg??G_@D???aH??_??@?@Ag??E?S_??????xC?????OAgA???Ga?_@???K_?D?????b?GC????_G?D@???????RW???A?d?C?????S?o?G?????AC@o????S?@D??????KA?__????D?_G?_????,[(29-52)-(28-41)-(27-53)-(26-44)-(25-31)-(24-43)-(23-57)-(22-45)-(21-42)-(20-47)-(19-59)-(18-38)-(17-56)-(16-30)-(15-46)-(14-40)-(13-58)-(12-54)-(11-39)-(10-35)-(9-37)-(8-33)-(7-48)-(6-55)-(5-32)-(4-36)-(3-51)-(2-49)-(1-50)-(0-34)],0.00032782554626464844,0.027748584747314453,1,True,0
{?????????????????????????????????????????????????????????????????????????A?sA?_P_A?E_`???H?oCCOAO?O?@gG@?ACc?G?CC@Q??WC?OG?CoG?G??GCGI???@?_KG??A??gg??G_@D???aH??_??@?@Ag??E?S_??????xC?????OAgA???Ga?_@???K_?D?????b?GC????_G?D@???????RW???A?d?C?????S?o?G?????AC@o????S?@D??????KA?__????D?_G?_????,[(29-42)-(28-53)-(27-56)-(26-44)-(25-31)-(24-43)-(23-41)-(22-45)-(21-52)-(20-47)-(19-59)-(18-38)-(17-57)-(16-30)-(15-46)-(14-40)-(13-58)-(12-54)-(11-39)-(10-35)-(9-37)-(8-33)-(7-48)-(6-55)-(5-32)-(4-36)-(3-51)-(2-49)-(1-50)-(0-34)],0.0003216266632080078,0.04428696632385254,2,True,0
{?????????????????????????????????????????????????????????????????????????A?sA?_P_A?E_`???H?oCCOAO?O?@gG@?ACc?G?CC@Q??WC?OG?CoG?G??GCGI???@?_KG??A??gg??G_@D???aH??_??@?@Ag??E?S_??????xC?????OAgA???Ga?_@???K_?D?????b?GC????_G?D@???????RW???A?d?C?????S?o?G?????AC@o????S?@D??????KA?__????D?_G?_????,[(29-42)-(28-53)-(27-56)-(26-44)-(25-31)-(24-43)-(23-41)-(22-45)-(21-52)-(20-47)-(19-59)-(18-38)-(17-57)-(16-30)-(15-46)-(14-40)-(13-58)-(12-54)-(11-39)-(10-35)-(9-37)-(8-33)-(7-48)-(6-55)-(5-32)-(4-36)-(3-51)-(2-49)-(1-50)-(0-34)],0.0003228187561035156,0.06186723709106445,3,True,0
{?????????????????????????????????????????????????????????????????????????A?sA?_P_A?E_`???H?oCCOAO?O?@gG@?ACc?G?CC@Q??WC?OG?CoG?G??GCGI???@?_KG??A??gg??G_@D???aH??_??@?@Ag??E?S_??????xC?????OAgA???Ga?_@???K_?D?????b?GC????_G?D@???????RW???A?d?C?????S?o?G?????AC@o????S?@D??????KA?__????D?_G?_????,[(29-42)-(28-41)-(27-56)-(26-44)-(25-31)-(24-43)-(23-52)-(22-45)-(21-53)-(20-47)-(19-59)-(18-38)-(17-57)-(16-30)-(15-46)-(14-40)-(13-58)-(12-54)-(11-39)-(10-35)-(9-37)-(8-33)-(7-48)-(6-55)-(5-32)-(4-36)-(3-51)-(2-49)-(1-50)-(0-34)],0.0003514289855957031,0.027585983276367188,1,True,0
{?????????????????????????????????????????????????????????????????????????A?sA?_P_A?E_`???H?oCCOAO?O?@gG@?ACc?G?CC@Q??WC?OG?CoG?G??GCGI???@?_KG??A??gg??G_@D???aH??_??@?@Ag??E?S_??????xC?????OAgA???Ga?_@???K_?D?????b?GC????_G?D@???????RW???A?d?C?????S?o?G?????AC@o????S?@D??????KA?__????D?_G?_????,[(29-42)-(28-41)-(27-56)-(26-44)-(25-31)-(24-43)-(23-52)-(22-45)-(21-53)-(20-47)-(19-59)-(18-38)-(17-57)-(16-30)-(15-46)-(14-40)-(13-58)-(12-54)-(11-39)-(10-35)-(9-37)-(8-33)-(7-48)-(6-55)-(5-32)-(4-36)-(3-51)-(2-49)-(1-50)-(0-34)],0.0003147125244140625,0.0188601016998291,1,True,0
{?????????????????????????????????????????????????????????????????????????A?sA?_P_A?E_`???H?oCCOAO?O?@gG@?ACc?G?CC@Q??WC?OG?CoG?G??GCGI???@?_KG??A??gg??G_@D???aH??_??@?@Ag??E?S_??????xC?????OAgA???Ga?_@???K_?D?????b?GC????_G?D@???????RW???A?d?C?????S?o?G?????AC@o????S?@D??????KA?__????D?_G?_????,[(29-52)-(28-41)-(27-56)-(26-44)-(25-31)-(24-43)-(23-42)-(22-45)-(21-53)-(20-47)-(19-59)-(18-38)-(17-57)-(16-30)-(15-46)-(14-40)-(13-58)-(12-54)-(11-39)-(10-35)-(9-37)-(8-33)-(7-48)-(6-55)-(5-32)-(4-36)-(3-51)-(2-49)-(1-50)-(0-34)],0.00033164024353027344,0.028109073638916016,1,True,0
{?????????????????????????????????????????????????????????????????????????A?sA?_P_A?E_`???H?oCCOAO?O?@gG@?ACc?G?CC@Q??WC?OG?CoG?G??GCGI???@?_KG??A??gg??G_@D???aH??_??@?@Ag??E?S_??????xC?????OAgA???Ga?_@???K_?D?????b?GC????_G?D@???????RW???A?d?C?????S?o?G?????AC@o????S?@D??????KA?__????D?_G?_????,[(29-52)-(28-41)-(27-56)-(26-44)-(25-31)-(24-43)-(23-42)-(22-45)-(21-53)-(20-47)-(19-59)-(18-38)-(17-57)-(16-30)-(15-46)-(14-40)-(13-58)-(12-54)-(11-39)-(10-35)-(9-37)-(8-33)-(7-48)-(6-55)-(5-32)-(4-36)-(3-51)-(2-49)-(1-50)-(0-34)],0.00039458274841308594,0.028440475463867188,1,True,0
{?????????????????????????????????????????????????????????????????????????A?sA?_P_A?E_`???H?oCCOAO?O?@gG@?ACc?G?CC@Q??WC?OG?CoG?G??GCGI???@?_KG??A??gg??G_@D???aH??_??@?@Ag??E?S_??????xC?????OAgA???Ga?_@???K_?D?????b?GC????_G?D@???????RW???A?d?C?????S?o?G?????AC@o????S?@D??????KA?__????D?_G?_????,[(29-52)-(28-53)-(27-56)-(26-44)-(25-31)-(24-43)-(23-41)-(22-45)-(21-42)-(20-47)-(19-59)-(18-38)-(17-57)-(16-30)-(15-46)-(14-40)-(13-58)-(12-54)-(11-39)-(10-35)-(9-37)-(8-33)-(7-48)-(6-55)-(5-32)-(4-36)-(3-51)-(2-49)-(1-50)-(0-34)],0.00033593177795410156,0.04482102394104004,2,True,0
{?????????????????????????????????????????????????????????????????????????A?sA?_P_A?E_`???H?oCCOAO?O?@gG@?ACc?G?CC@Q??WC?OG?CoG?G??GCGI???@?_KG??A??gg??G_@D???aH??_??@?@Ag??E?S_??????xC?????OAgA???Ga?_@???K_?D?????b?GC????_G?D@???????RW???A?d?C?????S?o?G?????AC@o????S?@D??????KA?__????D?_G?_????,[(29-52)-(28-53)-(27-56)-(26-44)-(25-31)-(24-43)-(23-41)-(22-45)-(21-42)-(20-47)-(19-59)-(18-38)-(17-57)-(16-30)-(15-46)-(14-40)-(13-58)-(12-54)-(11-39)-(10-35)-(9-37)-(8-33)-(7-48)-(6-55)-(5-32)-(4-36)-(3-51)-(2-49)-(1-50)-(0-34)],0.0003333091735839844,0.06353473663330078,3,True,0
{????????????????????????????????????????????????????????????????????????BG?AC?G?b@??PG@Oc?CAG?_EP???b?@?_A?G`G?O?`c??IO_?_?@???gg?EOC?_??D`??_??GOq????C?Gb????A`GC???W_@O??CR?O????S?G`????G_?_D????SAI????@C_C@????CW?AO???AA??U?????Oa_G???A?SGC????C@H?C?????_?@OK????S@??c?????CbC??????O?Aa_?????,[(29-44)-(28-56)-(27-57)-(26-31)-(25-45)-(24-30)-(23-59)-(22-47)-(21-39)-(20-53)-(19-42)-(18-58)-(17-43)-(16-46)-(15-40)-(14-36)-(13-41)-(12-54)-(11-38)-(10-52)-(9-32)-(8-55)-(7-49)-(6-51)-(5-35)-(4-50)-(3-34)-(2-48)-(1-37)-(0-33)],0.00032830238342285156,0.06157732009887695,3,True,0
{????????????????????????????????????????????????????????????????????????BG?AC?G?b@??PG@Oc?CAG?_EP???b?@?_A?G`G?O?`c??IO_?_?@???gg?EOC?_??D`??_??GOq????C?Gb????A`GC???W_@O??CR?O????S?G`????G_?_D????SAI????@C_C@????CW?AO???AA??U?????Oa_G???A?SGC????C@H?C?????_?@OK????S@??c?????CbC??????O?Aa_?????,[(29-44)-(28-56)-(27-57)-(26-31)-(25-45)-(24-30)-(23-59)-(22-47)-(21-39)-(20-53)-(19-42)-(18-58)-(17-43)-(16-46)-(15-40)-(14-36)-(13-41)-(12-54)-(11-38)-(10-52)-(9-32)-(8-55)-(7-49)-(6-51)-(5-35)-(4-50)-(3-34)-(2-48)-(1-37)-(0-33)],0.0003275871276855469,0.06159377098083496,3,True,0
{????????????????????????????????????????????????????????????????????????BG?AC?G?b@??PG@Oc?CAG?_EP???b?@?_A?G`G?O?`c??IO_?_?@???gg?EOC?_??D`??_??GOq????C?Gb????A`GC???W_@O??CR?O????S?G`????G_?_D????SAI????@C_C@????CW?AO???AA??U?????Oa_G???A?SGC????C@H?C?????_?@OK????S@??c?????CbC??????O?Aa_?????,[(29-44)-(28-56)-(27-57)-(26-31)-(25-45)-(24-30)-(23-39)-(22-47)-(21-59)-(20-53)-(19-42)-(18-58)-(17-43)-(16-46)-(15-40)-(14-36)-(13-41)-(12-54)-(11-38)-(10-52)-(9-32)-(8-55)-(7-49)-(6-51)-(5-35)-(4-50)-(3-34)-(2-48)-(1-37)-(0-33)],0.0003190040588378906,0.02761554718017578,1,True,0
{????????????????????????????????????????????????????????????????????????BG?AC?G?b@??PG@Oc?CAG?_EP???b?@?_A?G`G?O?`c??IO_?_?@???gg?EOC?_??D`??_??GOq????C?Gb????A`GC???W_@O??CR?O????S?G`????G_?_D????SAI????@C_C@????CW?AO???AA??U?????Oa_G???A?SGC????C@H?C?????_?@OK????S@??c?????CbC??????O?Aa_?????,[(29-44)-(28-56)-(27-57)-(26-31)-(25-45)-(24-30)-(23-39)-(22-47)-(21-59)-(20-53)-(19-42)-(18-58)-(17-43)-(16-46)-(15-40)-(14-36)-(13-41)-(12-54)-(11-38)-(10-52)-(9-32)-(8-55)-(7-49)-(6-51)-(5-35)-(4-50)-(3-34)-(2-48)-(1-37)-(0-33)],0.000324249267578125,0.04326748847961426,2,True,0
{????????????????????????????????????????????????????????????????????????BG?AC?G?b@??PG@Oc?CAG?_EP???b?@?_A?G`G?O?`c??IO_?_?@???gg?EOC?_??D`??_??GOq????C?Gb????A`GC???W_@O??CR?O????S?G`????G_?_D????SAI????@C_C@????CW?AO???AA??U?????Oa_G???A?SGC????C@H?C?????_?@OK????S@??c?????CbC??????O?Aa_?????,[(29-44)-(28-56)-(27-57)-(26-31)-(25-43)-(24-30)-(23-45)-(22-47)-(21-39)-(20-53)-(19-42)-(18-58)-(17-59)-(16-46)-(15-40)-(14-36)-(13-41)-(12-54)-(11-38)-(10-52)-(9-32)-(8-55)-(7-49)-(6-51)-(5-35)-(4-50)-(3-34)-(2-48)-(1-37)-(0-33)],0.00033211708068847656,0.027544498443603516,1,True,0
{????????????????????????????????????????????????????????????????????????BG?AC?G?b@??PG@Oc?CAG?_EP???b?@?_A?G`G?O?`c??IO_?_?@???gg?EOC?_??D`??_??GOq????C?Gb????A`GC???W_@O??CR?O????S?G`????G_?_D????SAI????@C_C@????CW?AO???AA??U?????Oa_G???A?SGC????C@H?C?????_?@OK????S@??c?????CbC??????O?Aa_?????,[(29-44)-(28-56)-(27-57)-(26-31)-(25-43)-(24-30)-(23-45)-(22-47)-(21-39)-(20-53)-(19-42)-(18-58)-(17-59)-(16-46)-(15-40)-(14-36)-(13-41)-(12-54)-(11-38)-(10-52)-(9-32)-(8-55)-(7-49)-(6-51)-(5-35)-(4-50)-(3-34)-(2-48)-(1-37)-(0-33)],0.0003223419189453125,0.08097577095031738,4,True,0
{????????????????????????????????????????????????????????????????????????BG?AC?G?b@??PG@Oc?CAG?_EP???b?@?_A?G`G?O?`c??IO_?_?@???gg?EOC?_??D`??_??GOq????C?Gb????A`GC???W_@O??CR?O????S?G`????G_?_D????SAI????@C_C@????CW?AO???AA??U?????Oa_G???A?SGC????C@H?C?????_?@OK????S@??c?????CbC??????O?Aa_?????,[(29-44)-(28-56)-(27-57)-(26-31)-(25-45)-(24-30)-(23-39)-(22-47)-(21-43)-(20-53)-(19-42)-(18-58)-(17-59)-(16-46)-(15-40)-(14-36)-(13-41)-(12-54)-(11-38)-(10-52)-(9-32)-(8-55)-(7-49)-(6-51)-(5-35)-(4-50)-(3-34)-(2-48)-(1-37)-(0-33)],0.00032329559326171875,0.043036460876464844,2,True,0
{????????????????????????????????????????????????????????????????????????BG?AC?G?b@??PG@Oc?CAG?_EP???b?@?_A?G`G?O?`c??IO_?_?@???gg?EOC?_??D`??_??GOq????C?Gb????A`GC???W_@O??CR?O????S?G`????G_?_D????SAI????@C_C@????CW?AO???AA??U?????Oa_G???A?SGC????C@H?C?????_?@OK????S@??c?????CbC??????O?Aa_?????,[(29-44)-(28-56)-(27-57)-(26-31)-(25-45)-(24-30)-(23-39)-(22-47)-(21-43)-(20-53)-(19-42)-(18-58)-(17-59)-(16-46)-(15-40)-(14-36)-(13-41)-(12-54)-(11-38)-(10-52)-(9-32)-(8-55)-(7-49)-(6-51)-(5-35)-(4-50)-(3-34)-(2-48)-(1-37)-(0-33)],0.00032711029052734375,0.027345895767211914,1,True,0
{????????????????????????????????????????????????????????????????????????BG?AC?G?b@??PG@Oc?CAG?_EP???b?@?_A?G`G?O?`c??IO_?_?@???gg?EOC?_??D`??_??GOq????C?Gb????A`GC???W_@O??CR?O????S?G`????G_?_D????SAI????@C_C@????CW?AO???AA??U?????Oa_G???A?SGC????C@H?C?????_?@OK????S@??c?????CbC??????O?Aa_?????,[(29-44)-(28-53)-(27-57)-(26-43)-(25-45)-(24-30)-(23-39)-(22-47)-(21-56)-(20-31)-(19-42)-(18-58)-(17-59)-(16-46)-(15-40)-(14-36)-(13-41)-(12-54)-(11-38)-(10-52)-(9-32)-(8-55)-(7-49)-(6-51)-(5-35)-(4-50)-(3-34)-(2-48)-(1-37)-(0-33)],0.00032591819763183594,0.027695655822753906,1,True,0
{????????????????????????????????????????????????????????????????????????BG?AC?G?b@??PG@Oc?CAG?_EP???b?@?_A?G`G?O?`c??IO_?_?@???gg?EOC?_??D`??_??GOq????C?Gb????A`GC???W_@O??CR?O????S?G`????G_?_D????SAI????@C_C@????CW?AO???AA??U?????Oa_G???A?SGC????C@H?C?????_?@OK????S@??c?????CbC??????O?Aa_?????,[(29-44)-(28-53)-(27-57)-(26-43)-(25-45)-(24-30)-(23-39)-(22-47)-(21-56)-(20-31)-(19-42)-(18-58)-(17-59)-(16-46)-(15-40)-(14-36)-(13-41)-(12-54)-(11-38)-(10-52)-(9-32)-(8-55)-(7-49)-(6-51)-(5-35)-(4-50)-(3-34)-(2-48)-(1-37)-(0-33)],0.0003268718719482422,0.06099247932434082,3,True,0
{????????????????????????????????????????????????????????????????????????BG?AC?G?b@??PG@Oc?CAG?_EP???b?@?_A?G`G?O?`c??IO_?_?@???gg?EOC?_??D`??_??GOq????C?Gb????A`GC???W_@O??CR?O????S?G`????G_?_D????SAI????@C_C@????CW?AO???AA??U?????Oa_G???A?SGC????C@H?C?????_?@OK????S@??c?????CbC??????O?Aa_?????,[(29-39)-(28-56)-(27-57)-(26-31)-(25-45)-(24-30)-(23-59)-(22-44)-(21-43)-(20-53)-(19-42)-(18-58)-(17-47)-(16-46)-(15-40)-(14-36)-(13-41)-(12-54)-(11-38)-(10-52)-(9-32)-(8-55)-(7-49)-(6-51)-(5-35)-(4-50)-(3-34)-(2-48)-(1-37)-(0-33)],0.0003261566162109375,0.027177095413208008,1,True,0
{????????????????????????????????????????????????????????????????????????BG?AC?G?b@??PG@Oc?CAG?_EP???b?@?_A?G`G?O?`c??IO_?_?@???gg?EOC?_??D`??_??GOq????C?Gb????A`GC???W_@O??CR?O????S?G`????G_?_D????SAI????@C_C@????CW?AO???AA??U?????Oa_G???A?SGC????C@H?C?????_?@OK????S@??c?????CbC??????O?Aa_?????,[(29-39)-(28-56)-(27-57)-(26-31)-(25-45)-(24-30)-(23-59)-(22-44)-(21-43)-(20-53)-(19-42)-(18-58)-(17-47)-(16-46)-(15-40)-(14-36)-(13-41)-(12-54)-(11-38)-(10-52)-(9-32)-(8-55)-(7-49)-(6-51)-(5-35)-(4-50)-(3-34)-(2-48)-(1-37)-(0-33)],0.00032591819763183594,0.028087615966796875,1,True,0
{????????????????????????????????????????????????????????????????????????BG?AC?G?b@??PG@Oc?CAG?_EP???b?@?_A?G`G?O?`c??IO_?_?@???gg?EOC?_??D`??_??GOq????C?Gb????A`GC???W_@O??CR?O????S?G`????G_?_D????SAI????@C_C@????CW?AO???AA??U?????Oa_G???A?SGC????C@H?C?????_?@OK????S@??c?????CbC??????O?Aa_?????,[(29-39)-(28-56)-(27-57)-(26-31)-(25-43)-(24-30)-(23-45)-(22-44)-(21-59)-(20-53)-(19-42)-(18-58)-(17-47)-(16-46)-(15-40)-(14-36)-(13-41)-(12-54)-(11-38)-(10-52)-(9-32)-(8-55)-(7-49)-(6-51)-(5-35)-(4-50)-(3-34)-(2-48)-(1-37)-(0-33)],0.00034999847412109375,0.018767833709716797,1,True,0
{????????????????????????????????????????????????????????????????????????BG?AC?G?b@??PG@Oc?CAG?_EP???b?@?_A?G`G?O?`c??IO_?_?@???gg?EOC?_??D`??_??GOq????C?Gb????A`GC???W_@O??CR?O????S?G`????G_?_D????SAI????@C_C@????CW?AO???AA??U?????Oa_G???A?SGC????C@H?C?????_?@OK????S@??c?????CbC??????O?Aa_?????,[(29-39)-(28-56)-(27-57)-(26-31)-(25-43)-(24-30)-(23-45)-(22-44)-(21-59)-(20-53)-(19-42)-(18-58)-(17-47)-(16-46)-(15-40)-(14-36)-(13-41)-(12-54)-(11-38)-(10-52)-(9-32)-(8-55)-(7-49)-(6-51)-(5-35)-(4-50)-(3-34)-(2-48)-(1-37)-(0-33)],0.00033545494079589844,0.06310367584228516,3,True,0
{????????????????????????????????????????????????????????????????????????BG?AC?G?b@??PG@Oc?CAG?_EP???b?@?_A?G`G?O?`c??IO_?_?@???gg?EOC?_??D`??_??GOq????C?Gb????A`GC???W_@O??CR?O????S?G`????G_?_D????SAI????@C_C@????CW?AO???AA??U?????Oa_G???A?SGC????C@H?C?????_?@OK????S@??c?????CbC??????O?Aa_?????,[(29-56)-(28-53)-(27-57)-(26-43)-(25-45)-(24-30)-(23-59)-(22-44)-(21-39)-(20-31)-(19-42)-(18-58)-(17-47)-(16-46)-(15-40)-(14-36)-(13-41)-(12-54)-(11-38)-(10-52)-(9-32)-(8-55)-(7-49)-(6-51)-(5-35)-(4-50)-(3-34)-(2-48)-(1-37)-(0-33)],0.0003485679626464844,0.019386768341064453,1,True,0
{????????????????????????????????????????????????????????????????????????BG?AC?G?b@??PG@Oc?CAG?_EP???b?@?_A?G`G?O?`c??IO_?_?@???gg?EOC?_??D`??_??GOq????C?Gb????A`GC???W_@O??CR?O????S?G`????G_?_D????SAI????@C_C@????CW?AO???AA??U?????Oa_G???A?SGC????C@H?C?????_?@OK????S@??c?????CbC??????O?Aa_?????,[(29-56)-(28-53)-(27-57)-(26-43)-(25-45)-(24-30)-(23-59)-(22-44)-(21-39)-(20-31)-(19-42)-(18-58)-(17-47)-(16-46)-(15-40)-(14-36)-(13-41)-(12-54)-(11-38)-(10-52)-(9-32)-(8-55)-(7-49)-(6-51)-(5-35)-(4-50)-(3-34)-(2-48)-(1-37)-(0-33)],0.00032782554626464844,0.06224799156188965,3,True,0
{????????????????????????????????????????????????????????????????????????BG?AC?G?b@??PG@Oc?CAG?_EP???b?@?_A?G`G?O?`c??IO_?_?@???gg?EOC?_??D`??_??GOq????C?Gb????A`GC???W_@O??CR?O????S?G`????G_?_D????SAI????@C_C@????CW?AO???AA??U?????Oa_G???A?SGC????C@H?C?????_?@OK????S@??c?????CbC??????O?Aa_?????,[(29-39)-(28-53)-(27-57)-(26-43)-(25-45)-(24-30)-(23-59)-(22-44)-(21-56)-(20-31)-(19-42)-(18-58)-(17-47)-(16-46)-(15-40)-(14-36)-(13-41)-(12-54)-(11-38)-(10-52)-(9-32)-(8-55)-(7-49)-(6-51)-(5-35)-(4-50)-(3-34)-(2-48)-(1-37)-(0-33)],0.00031876564025878906,0.027779102325439453,1,True,0
{????????????????????????????????????????????????????????????????????????BG?AC?G?b@??PG@Oc?CAG?_EP???b?@?_A?G`G?O?`c??IO_?_?@???gg?EOC?_??D`??_??GOq????C?Gb????A`GC???W_@O??CR?O????S?G`????G_?_D????SAI????@C_C@????CW?AO???AA??U?????Oa_G???A?SGC????C@H?C?????_?@OK????S@??c?????CbC??????O?Aa_?????,[(29-39)-(28-53)-(27-57)-(26-43)-(25-45)-(24-30)-(23-59)-(22-44)-(21-56)-(20-31)-(19-42)-(18-58)-(17-47)-(16-46)-(15-40)-(14-36)-(13-41)-(12-54)-(11-38)-(10-52)-(9-32)-(8-55)-(7-49)-(6-51)-(5-35)-(4-50)-(3-34)-(2-48)-(1-37)-(0-33)],0.0003228187561035156,0.06247425079345703,3,True,0
{????????????????????????????????????????????????????????????????????????BG?AC?G?b@??PG@Oc?CAG?_EP???b?@?_A?G`G?O?`c??IO_?_?@???gg?EOC?_??D`??_??GOq????C?Gb????A`GC???W_@O??CR?O????S?G`????G_?_D????SAI????@C_C@????CW?AO???AA??U?????Oa_G???A?SGC????C@H?C?????_?@OK????S@??c?????CbC??????O?Aa_?????,[(29-56)-(28-53)-(27-57)-(26-43)-(25-45)-(24-30)-(23-39)-(22-44)-(21-59)-(20-31)-(19-42)-(18-58)-(17-47)-(16-46)-(15-40)-(14-36)-(13-41)-(12-54)-(11-38)-(10-52)-(9-32)-(8-55)-(7-49)-(6-51)-(5-35)-(4-50)-(3-34)-(2-48)-(1-37)-(0-33)],0.0003261566162109375,0.06060194969177246,3,True,0
{????????????????????????????????????????????????????????????????????????BG?AC?G?b@??PG@Oc?CAG?_EP???b?@?_A?G`G?O?`c??IO_?_?@???gg?EOC?_??D`??_??GOq????C?Gb????A`GC???W_@O??CR?O????S?G`????G_?_D????SAI????@C_C@????CW?AO???AA??U?????Oa_G???A?SGC????C@H?C?????_?@OK????S@??c?????CbC??????O?Aa_?????,[(29-56)-(28-53)-(27-57)-(26-43)-(25-45)-(24-30)-(23-39)-(22-44)-(21-59)-(20-31)-(19-42)-(18-58)-(17-47)-(16-46)-(15-40)-(14-36)-(13-41)-(12-54)-(11-38)-(10-52)-(9-32)-(8-55)-(7-49)-(6-51)-(5-35)-(4-50)-(3-34)-(2-48)-(1-37)-(0-33)],0.00032329559326171875,0.07980036735534668,4,True,0
